filename,subtracted_min,subtracted_max,normalized_min,normalized_max,normalized_mean,normalized_std
Defect_L10_B100_el2515_H4_W4.npy,-245.4580797000001,92.45818999999983,0.5002567777833142,0.5934399373830491,0.5679340986308039,0.001891957242568171
Defect_L10_B101_el2803_H4_W4.npy,-180.9637749000001,79.89897000000019,0.5180416068558765,0.5899766303255134,0.567917062014947,0.0014188566464646522
Defect_L10_B102_el2807_H4_W4.npy,-181.6133022900001,53.73419209999997,0.5178624943955605,0.5827614800247839,0.5679152727489712,0.0014164469198297283
Defect_L10_B103_el2811_H4_W4.npy,-171.42078630000003,52.061423600000126,0.5206731635742368,0.5823002005064959,0.5679177623571605,0.0013782427812983533
Defect_L10_B104_el2815_H4_W4.npy,-168.0405172200002,58.728867100000116,0.5216053002643444,0.5841388022770893,0.5679306378229403,0.0013762574002877427
Defect_L10_B105_el2835_H4_W4.npy,-146.97189400000025,98.3104674000001,0.5274151444656872,0.5950537504719255,0.5680051169794196,0.001495541026622483
Defect_L10_B106_el2839_H4_W4.npy,-137.71723260000022,61.243963899999926,0.529967192613719,0.5848323606746509,0.5679425199601634,0.0013154004852898
Defect_L10_B107_el2843_H4_W4.npy,-168.88774719999992,49.1213108999998,0.5213716697069459,0.581489440517909,0.5679238984463357,0.0013903062941019824
Defect_L10_B108_el2847_H4_W4.npy,-189.3927771000001,52.26870900000017,0.5157172409472258,0.5823573611413716,0.567918697114647,0.0014728921373339129
Defect_L10_B109_el2851_H4_W4.npy,-194.3586261999999,75.15637000000038,0.5143478676712829,0.5886688198045521,0.5679195001571068,0.0015079033439952014
Defect_L10_B10_el151_H4_W4.npy,-299.17282380000006,67.71158659999969,0.4854445002425706,0.586615860234527,0.5679420809309368,0.002269676912629667
Defect_L10_B110_el3139_H4_W4.npy,-212.2748759000001,81.49153999999999,0.5094073161059322,0.5904157944551822,0.5679248702964607,0.0016467603515366168
Defect_L10_B111_el3143_H4_W4.npy,-210.580598,57.60432000000014,0.5098745270162034,0.583828699268466,0.5679272485143204,0.0016516582735778417
Defect_L10_B112_el3147_H4_W4.npy,-200.15803059999985,69.20529290000013,0.5127486347421659,0.5870277618948753,0.5679411073732821,0.0016729513596739757
Defect_L10_B113_el3151_H4_W4.npy,-191.32751919999987,92.88050313999997,0.5151837200781398,0.5935563936660231,0.5679759566345596,0.0017918020198695072
Defect_L10_B114_el3171_H4_W4.npy,-320.5581281000002,1533.4799000000003,0.47954732865789085,0.9908133935614832,0.5680986844581872,0.0045943597291026456
Defect_L10_B115_el3175_H4_W4.npy,-248.94157169999994,1501.0354000000007,0.4992961765335178,0.9818665588194994,0.5680072837068829,0.004159329259910522
Defect_L10_B116_el3179_H4_W4.npy,-224.45541527399996,72.48961740000004,0.5060484333107772,0.5879334410867428,0.5679378873172651,0.0018903025592709151
Defect_L10_B117_el3183_H4_W4.npy,-211.39279130000023,61.784313099999736,0.5096505581082638,0.5849813663611422,0.5679228740255907,0.0016928633979344644
Defect_L10_B118_el3187_H4_W4.npy,-195.96641509999995,82.05530000000022,0.5139045068061656,0.5905712558601705,0.5679198340437831,0.0015481407434569893
Defect_L10_B119_el3475_H4_W4.npy,-252.61466489999998,102.62338,0.4982832912108189,0.596243071197744,0.5679361318117844,0.0019458298369796816
Defect_L10_B11_el155_H4_W4.npy,-289.28772679999975,65.64982039999995,0.4881703961345549,0.5860473114367954,0.5679420898496337,0.0021845534107228894
Defect_L10_B120_el3479_H4_W4.npy,-265.8723565,66.30888299999992,0.49462737492900255,0.5862290533088175,0.5679356849950533,0.0020201566112048115
Defect_L10_B121_el3483_H4_W4.npy,-274.10291200000006,60.38827689999971,0.4923577323118185,0.5845963980252076,0.5679404886408148,0.0020808616158364966
Defect_L10_B122_el3487_H4_W4.npy,-283.30320870000014,61.40303627599951,0.4898206756719528,0.5848762261760483,0.567946155662179,0.0021539075641610296
Defect_L10_B123_el3491_H4_W4.npy,-298.11832385,59.94396219999953,0.4857352871798968,0.5844738746331277,0.5679475244449876,0.0022723790035992088
Defect_L10_B124_el3495_H4_W4.npy,-302.58228269999995,58.803761699999995,0.4845043142222008,0.5841594550721475,0.5679523828131231,0.002356962912644368
Defect_L10_B125_el3499_H4_W4.npy,-286.5867301999999,53.85288290000017,0.48891521791386594,0.5827942099781811,0.5679599716055457,0.002321026497475213
Defect_L10_B126_el3503_H4_W4.npy,-309.2990246500001,57.990275699999984,0.48265211800308194,0.5839351296916695,0.5679537588518478,0.002426846905098195
Defect_L10_B127_el3507_H4_W4.npy,-319.8457641,70.37417211000047,0.4797437688244565,0.5873500898433786,0.5679539133127051,0.002462607480945719
Defect_L10_B128_el3511_H4_W4.npy,-310.4063504999999,77.62455210000007,0.48234676389420444,0.5893494410920375,0.5679524653377662,0.002406665920019828
Defect_L10_B129_el3515_H4_W4.npy,-292.2829515000001,73.9344586999996,0.487344438563749,0.588331867825928,0.5679439743475463,0.002260235747372061
Defect_L10_B12_el159_H4_W4.npy,-277.2107960000003,65.12527480000017,0.4915007080227939,0.585902663721533,0.5679424318419773,0.0020784341528968936
Defect_L10_B130_el3519_H4_W4.npy,-271.76688379999973,68.27134819999992,0.49300191108658825,0.5867702190481969,0.5679358545342871,0.002093653624682658
Defect_L10_B131_el3523_H4_W4.npy,-247.3091265999999,96.67840000000001,0.4997463365463108,0.5946036946129792,0.567933540690825,0.0019166770814797165
Defect_L10_B132_el3811_H4_W4.npy,-243.69918660000008,103.55351999999993,0.5007418068604927,0.5964995648674541,0.5679323916336241,0.0018900885578691053
Defect_L10_B133_el3815_H4_W4.npy,-268.6044015,69.66259500000024,0.4938739913008787,0.58715386666813,0.5679351086031317,0.0020594385745369564
Defect_L10_B134_el3819_H4_W4.npy,-289.1265148,69.84114010000008,0.48821485165467143,0.5872031019315396,0.5679429943915633,0.002217555847178576
Defect_L10_B135_el3823_H4_W4.npy,-305.2456797,69.35855450000054,0.4837698608383824,0.5870700250275325,0.5679504702289184,0.002340757319427707
Defect_L10_B136_el3827_H4_W4.npy,-311.1342501900001,64.64288900999964,0.4821460396347715,0.5857696419167582,0.5679529360672554,0.00238704220124349
Defect_L10_B137_el3831_H4_W4.npy,-308.2641957999999,1503.2569999999996,0.48293748047460067,0.9824791830874887,0.567988743180378,0.004251007988672745
Defect_L10_B138_el3835_H4_W4.npy,-291.9040418999996,54.687887200000205,0.4874489259675726,0.5830244692048897,0.567964827289416,0.002367790322258654
Defect_L10_B139_el3839_H4_W4.npy,-318.2609097999998,59.371891700000106,0.4801808052870996,0.5843161215401764,0.5679536374962372,0.002487268386726687
Defect_L10_B13_el163_H4_W4.npy,-257.8070670000002,87.59647000000018,0.49685144410259924,0.5920992785533,0.567943350760672,0.001944409347161169
Defect_L10_B140_el3843_H4_W4.npy,-313.3504662180003,63.829429800000526,0.4815349000408479,0.5855453239238408,0.5679459354367595,0.0024362879408593775
Defect_L10_B141_el3847_H4_W4.npy,-292.82335420000004,66.03613048199986,0.4871954181241977,0.5861538395837176,0.5679449498052704,0.0022250949633798598
Defect_L10_B142_el3851_H4_W4.npy,-278.2306815799998,63.73926799999958,0.4912194662795096,0.5855204610742161,0.5679386782746081,0.0021079476816529053
Defect_L10_B143_el3855_H4_W4.npy,-266.23233849999997,65.38483100000008,0.4945281069648148,0.5859742384546205,0.5679337552402786,0.002019569933295594
Defect_L10_B144_el3859_H4_W4.npy,-250.26561400000014,97.44871999999964,0.4989310611010255,0.5948161166178936,0.5679340126652258,0.0019231242308728196
Defect_L10_B145_el4147_H4_W4.npy,-166.1559843,86.366623,0.5221249755437005,0.5917601382408609,0.5679184679898022,0.0013635355096859485
Defect_L10_B146_el4151_H4_W4.npy,-192.02039649999972,70.08005859999992,0.5149926535275822,0.5872689856510082,0.5679297242048941,0.0016326953505196376
Defect_L10_B147_el4155_H4_W4.npy,-219.60024640000006,83.68802359999995,0.5073872856142524,0.5910214926716033,0.5679582755710311,0.0019913020539202354
Defect_L10_B148_el4159_H4_W4.npy,-261.8507904000003,110.92162576999999,0.4957363544879621,0.5985313799573969,0.5680145885185987,0.0024754418231412913
Defect_L10_B149_el4179_H4_W4.npy,-238.14659740000002,135.66643470000008,0.5022729784908931,0.6053549622662222,0.5680910005947472,0.002431794900474639
Defect_L10_B14_el451_H4_W4.npy,-279.6261350000002,111.09105000000022,0.4908346586498996,0.5985781000667251,0.5679448473987451,0.0021519125821322736
Defect_L10_B150_el4183_H4_W4.npy,-189.72102451,102.93824023999969,0.515626724054324,0.5963298964696422,0.5680023771851552,0.00186752639256038
Defect_L10_B151_el4187_H4_W4.npy,-183.6319714000001,77.54096429999981,0.5173058299708994,0.5893263910763784,0.5679517111390743,0.001630345049363905
Defect_L10_B152_el4191_H4_W4.npy,-189.97163709999995,60.75969779999991,0.5155576155944313,0.5846988203591016,0.5679278098525194,0.001528940281721848
Defect_L10_B153_el4195_H4_W4.npy,-192.146211,74.18444999999997,0.5149579591559738,0.5884008049600503,0.5679201434282048,0.0014965904386661619
Defect_L10_B154_el4483_H4_W4.npy,-90.1848046,41.659670000000006,0.5430746462098988,0.5794318323551594,0.5679149005610759,0.000718612707344856
Defect_L10_B155_el4487_H4_W4.npy,-87.84913319999998,29.54578570000001,0.5437187265941666,0.5760913302387571,0.5679172120278287,0.0007126382770337485
Defect_L10_B156_el4491_H4_W4.npy,-80.61249572999998,29.02582319999999,0.5457142882311695,0.5759479463505933,0.5679227671903873,0.0006898190601386138
Defect_L10_B157_el4495_H4_W4.npy,-67.163264331,32.81852956999995,0.5494230231703289,0.5769938159777185,0.5679326306067051,0.0006402059203738622
Defect_L10_B158_el4515_H4_W4.npy,-55.09033199999993,37.27244659999997,0.5527522324482222,0.5782220198218806,0.5679599030037951,0.0005170645967842163
Defect_L10_B159_el4519_H4_W4.npy,-62.11093940000001,39.681932200000006,0.5508162428599669,0.5788864550721199,0.5679425717559098,0.0006228251262211349
Defect_L10_B15_el455_H4_W4.npy,-294.38751449999995,78.56323210000028,0.4867640882003563,0.5896082897362023,0.5679425885391621,0.0022460544256684167
Defect_L10_B160_el4523_H4_W4.npy,-57.42227409999998,35.639944300000025,0.5521091804487593,0.5777718440357223,0.567928381248568,0.0006709593189749227
Defect_L10_B161_el4527_H4_W4.npy,-84.901342,32.519562099999916,0.5445316039915769,0.5769113732664015,0.5679182416237745,0.0007361066192282953
Defect_L10_B162_el4531_H4_W4.npy,-101.32488860000001,42.08971999999994,0.5400026774460152,0.5795504221402012,0.5679132436385403,0.0008085335384854908
Defect_L10_B163_el4819_H4_W4.npy,-123.4679804000001,56.760080000000016,0.5338965397952213,0.5835958932223696,0.5679158765327399,0.001013916935881538
Defect_L10_B164_el4823_H4_W4.npy,-106.51058790000002,43.52514269999995,0.5385726786894086,0.5799462516238361,0.5679250092925895,0.0009932679633903527
Defect_L10_B165_el4827_H4_W4.npy,-81.27610270000002,57.79423989999998,0.5455312932121611,0.5838810712254853,0.5679440068594069,0.0010161394885367363
Defect_L10_B166_el4831_H4_W4.npy,-97.63474599999984,66.80648730000001,0.5410202642794248,0.5863662717414949,0.5679734598265884,0.001091257857784873
Defect_L10_B167_el4851_H4_W4.npy,-103.00799300000006,63.62533102999993,0.5395385477192416,0.5854890420281039,0.5679673963759464,0.0009994060951627134
Defect_L10_B168_el4855_H4_W4.npy,-110.91375729999982,64.24569530000008,0.537358468916943,0.5856601125209,0.5679523111209281,0.0011518144656807454
Defect_L10_B169_el4859_H4_W4.npy,-116.19465390000005,51.323621040000035,0.5359022187306339,0.5820967454501217,0.5679338002414224,0.001092588115456884
Defect_L10_B16_el459_H4_W4.npy,-298.9135503999996,66.68584339999961,0.4855159969912582,0.5863330032048883,0.567942799353609,0.0022728515475336788
Defect_L10_B170_el4863_H4_W4.npy,-114.95839870000009,43.43724889999987,0.53624312615634,0.579922014193657,0.5679223904441545,0.001008224291111068
Defect_L10_B171_el4867_H4_W4.npy,-110.02814849999993,56.415250000000015,0.5376026827460866,0.5835008035454112,0.567917139441473,0.0009232925319866533
Defect_L10_B172_el5155_H4_W4.npy,-222.28342199999997,85.71000000000004,0.5066473781206272,0.5915790691083799,0.5679275717962908,0.0017143963676843268
Defect_L10_B173_el5159_H4_W4.npy,-230.50890549999986,62.378874800000176,0.5043791341486931,0.5851453215854118,0.5679318831032397,0.0017765023890482707
Defect_L10_B174_el5163_H4_W4.npy,-238.1564900599999,72.31536029999984,0.5022702505094424,0.5878853882742071,0.56794518939779,0.0018664239707049698
Defect_L10_B175_el5167_H4_W4.npy,-259.0461971999998,84.47573859999966,0.4965097438722613,0.591238711489239,0.5679667300520831,0.0020420672427084877
Defect_L10_B176_el5187_H4_W4.npy,-391.50458539999977,121.64739599999984,0.45998326605891965,0.6014890983296418,0.5680307726741455,0.003111568342266092
Defect_L10_B177_el5191_H4_W4.npy,-318.5473242600001,116.7937097999993,0.4801018241703822,0.6001506548855804,0.5679950785572201,0.0026447891902706667
Defect_L10_B178_el5195_H4_W4.npy,-271.7073693,97.15693919000046,0.49301832269398704,0.5947356556865201,0.5679611297722303,0.0022549103463601465
Defect_L10_B179_el5199_H4_W4.npy,-238.3235241,79.87317300000018,0.5022241895144458,0.5899695165929596,0.567938301999953,0.0019415948334240774
Defect_L10_B17_el463_H4_W4.npy,-299.8098964999999,62.89278138000054,0.4852688222643145,0.5852870355043837,0.5679428815824571,0.0022742596003145063
Defect_L10_B180_el5203_H4_W4.npy,-208.23751220000008,101.90263000000004,0.5105206519815716,0.5960443185234762,0.5679272817484287,0.0016803511064531899
Defect_L10_B181_el5491_H4_W4.npy,-264.55554200000006,104.50049999999987,0.49499049723686206,0.5967607023041218,0.5679386505966303,0.0020233673267805513
Defect_L10_B182_el5495_H4_W4.npy,-281.50647919999983,69.85975600000006,0.49031613844414995,0.5872082354173652,0.5679372358103885,0.002122555770954092
Defect_L10_B183_el5499_H4_W4.npy,-292.63259370000014,59.962588000000096,0.48724802188350347,0.5844790108489591,0.5679395359544742,0.00220031817379114
Defect_L10_B184_el5503_H4_W4.npy,-305.11830870000017,59.62209210000037,0.48380498442752445,0.5843851163353244,0.5679426628515263,0.002297627139702017
Defect_L10_B185_el5507_H4_W4.npy,-320.51279150000005,64.49322220000045,0.47955983059405766,0.5857283700766799,0.5679466019994349,0.0024337003227785756
Defect_L10_B186_el5511_H4_W4.npy,-318.03792959999964,62.19133537000016,0.4802422938907192,0.5850936060623549,0.5679509415651707,0.002427156732992062
Defect_L10_B187_el5515_H4_W4.npy,-302.2731600999998,55.71321056350007,0.4845895572932056,0.583307210461199,0.5679539847938357,0.002324049452123974
Defect_L10_B188_el5519_H4_W4.npy,-299.8331860999999,57.22789436500034,0.48526239996770315,0.5837248968381931,0.5679508034662897,0.0022834195253032268
Defect_L10_B189_el5523_H4_W4.npy,-301.66688369999997,58.64316389999976,0.48475674294127424,0.584115168922676,0.5679483966313377,0.0022756486782243798
Defect_L10_B18_el467_H4_W4.npy,-298.9775378500003,61.16890620000004,0.48549835193151875,0.5848116629034413,0.5679428565608575,0.002264449503415276
Defect_L10_B190_el5527_H4_W4.npy,-303.25479589999986,63.47699239999997,0.4843188632378367,0.5854481364444623,0.5679464697313642,0.0022835553676267715
Defect_L10_B191_el5531_H4_W4.npy,-298.7146749000001,64.54032000000029,0.4855708385278122,0.5857413576780701,0.5679436194499725,0.002257723279971926
Defect_L10_B192_el5535_H4_W4.npy,-288.55943780000007,70.27933999999982,0.4883712277493864,0.5873239391177885,0.5679403952052544,0.002192233514462232
Defect_L10_B193_el5539_H4_W4.npy,-270.121091,111.01289999999995,0.49345575183621126,0.598556549568641,0.5679406025386875,0.00208331017777537
Defect_L10_B194_el5827_H4_W4.npy,-271.456015,110.1752899999999,0.49308763568644454,0.5983255717989657,0.5679419391675188,0.0020679259358703968
Defect_L10_B195_el5831_H4_W4.npy,-288.63915080000015,72.84755699999982,0.4883492462413407,0.5880321458425201,0.5679402325596519,0.0021718146587620417
Defect_L10_B196_el5835_H4_W4.npy,-298.1913419,62.50237190000007,0.4857151518587628,0.5851793769151229,0.5679414303037726,0.0022383092183214676
Defect_L10_B197_el5839_H4_W4.npy,-306.0917080889999,60.53609280000023,0.4835365616294746,0.5846371594618005,0.567943063801571,0.0022987432202214325
Defect_L10_B198_el5843_H4_W4.npy,-312.26662629999987,62.49520335000011,0.4818337777129684,0.5851774001291596,0.5679445307141697,0.002346952054380075
Defect_L10_B199_el5847_H4_W4.npy,-309.04312959000004,59.18368009999995,0.48272268314703887,0.5842642206607754,0.5679450729088177,0.0023233905657849933
Defect_L10_B19_el471_H4_W4.npy,-296.9898930899999,60.120602999999846,0.4860464611393504,0.5845225847703249,0.5679427102793704,0.0022471476174638592
Defect_L10_B1_el115_H4_W4.npy,-328.9869429999999,132.10261000000037,0.47722301439873843,0.6043722086210651,0.5679448470834833,0.0025581951125118003
Defect_L10_B200_el5851_H4_W4.npy,-301.78989000000024,56.021350800000164,0.4847228229536546,0.5833921826374793,0.5679454505369992,0.0022706065228206007
Defect_L10_B201_el5855_H4_W4.npy,-298.9232606999999,57.539556400000265,0.4855133192970605,0.5838108401790518,0.5679438475332065,0.002242902565733661
Defect_L10_B202_el5859_H4_W4.npy,-299.35188560000006,58.34658131800006,0.4853951224949338,0.5840333838636212,0.5679443288822027,0.002240196212610655
Defect_L10_B203_el5863_H4_W4.npy,-300.41725457999996,59.604505400000335,0.4851013383341886,0.584380266659769,0.5679440934988887,0.002249574624488738
Defect_L10_B204_el5867_H4_W4.npy,-300.65755220000005,63.08522220000009,0.48503507431116366,0.5853401026255952,0.5679431707611506,0.0022567074894032446
Defect_L10_B205_el5871_H4_W4.npy,-297.38847869999995,74.78160600000024,0.4859365479157469,0.5885654755836441,0.5679424084044061,0.00224305416543808
Defect_L10_B206_el5875_H4_W4.npy,-284.289947,115.2830100000001,0.489548574560711,0.5997340671294016,0.5679447646091264,0.002174695527142325
Defect_L10_B207_el6163_H4_W4.npy,-270.55146700000023,110.59929000000011,0.49333707215401806,0.5984424932473037,0.5679427698167135,0.0020454254656430736
Defect_L10_B208_el6167_H4_W4.npy,-288.0926479,71.86830199999986,0.4884999488606542,0.5877621083121138,0.567941292238578,0.0021551031631228783
Defect_L10_B209_el6171_H4_W4.npy,-297.5371169,61.662892100000136,0.48589555972324133,0.5849478835328907,0.5679419221342014,0.002220191564582207
Defect_L10_B20_el475_H4_W4.npy,-294.33143343999996,59.29118519999952,0.4867795530087514,0.5842938660664256,0.5679426081261633,0.00222515383588105
Defect_L10_B210_el6175_H4_W4.npy,-304.73658679999994,61.15651187900016,0.4839102473459451,0.5848082450686242,0.5679428129538696,0.0022730452704356387
Defect_L10_B211_el6179_H4_W4.npy,-309.93027125000003,61.879044799999974,0.4824780466192838,0.5850074893978581,0.5679435541621324,0.0023109256476549376
Defect_L10_B212_el6183_H4_W4.npy,-310.46430924000015,60.22491480000008,0.48233078130027834,0.5845513495975295,0.5679435821039488,0.0023135681131320586
Defect_L10_B213_el6187_H4_W4.npy,-309.2821135700001,58.459796899999674,0.4826567813709276,0.5840646039811255,0.567943411825044,0.002304255172356125
Defect_L10_B214_el6191_H4_W4.npy,-309.5688172600003,59.94913329999986,0.48257772049668546,0.5844753006060086,0.5679427765658945,0.002304481998683358
Defect_L10_B215_el6195_H4_W4.npy,-310.81019620000006,61.07391499999949,0.4822354001580038,0.5847854683074898,0.5679434822899274,0.0023127873099763664
Defect_L10_B216_el6199_H4_W4.npy,-311.7321655999999,62.54520300000013,0.4819811595976942,0.5851911879392878,0.5679437701069988,0.00232362652395226
Defect_L10_B217_el6203_H4_W4.npy,-311.8756169999999,66.24036869999964,0.48194160170747224,0.5862101599333744,0.5679437211168641,0.0023314956117921758
Defect_L10_B218_el6207_H4_W4.npy,-308.7644190000003,78.21369000000027,0.482799539858949,0.589511900659346,0.5679436859312368,0.0023187786242487587
Defect_L10_B219_el6211_H4_W4.npy,-294.7978549999996,121.39440999999988,0.4866509334702344,0.6014193353826389,0.5679459086028017,0.0022374968204969202
Defect_L10_B21_el479_H4_W4.npy,-291.29068433,58.57057000000009,0.48761806430585897,0.584095150564354,0.5679425600381716,0.0022008528848779965
Defect_L10_B22_el483_H4_W4.npy,-287.7020524499999,57.94534439999984,0.4886076587326547,0.583922739520274,0.5679425009098121,0.002173511173991406
Defect_L10_B23_el487_H4_W4.npy,-283.32798007999986,57.58490810000012,0.48981384476245543,0.5838233462791665,0.5679423183161064,0.002141239201083502
Defect_L10_B24_el491_H4_W4.npy,-277.78901570000016,59.83664910000016,0.4913412592379318,0.5844442821730391,0.5679420632646012,0.002102133473549842
Defect_L10_B25_el495_H4_W4.npy,-269.7728268000001,70.05374349999988,0.49355178852174963,0.5872617290481658,0.5679417905277412,0.0020475144018325987
Defect_L10_B26_el499_H4_W4.npy,-254.042369,97.71499000000017,0.4978895901939083,0.5948895427359338,0.5679436632095589,0.0019483511008223408
Defect_L10_B27_el787_H4_W4.npy,-269.803369,105.85759999999982,0.4935433662617038,0.5971349336662432,0.5679443840202099,0.002092894064630527
Defect_L10_B28_el791_H4_W4.npy,-283.40159579999977,75.10807799999998,0.4897935446289582,0.5886555028927993,0.5679418873787667,0.0021698034777797074
Defect_L10_B29_el795_H4_W4.npy,-287.9062720999998,63.51428440000018,0.4885513435032749,0.5854584200167534,0.5679424987983669,0.002196857632734432
Defect_L10_B2_el119_H4_W4.npy,-345.8495969999999,85.63594379999995,0.4725730004164223,0.5915586475089402,0.5679437389786023,0.0026305409822908847
Defect_L10_B30_el799_H4_W4.npy,-289.3025741600002,59.835123899999644,0.48816630185428306,0.5844438615867347,0.5679428102716336,0.0022023374585518098
Defect_L10_B31_el803_H4_W4.npy,-289.4411759999998,58.258164079999915,0.48812808126967205,0.5840090020911566,0.5679429114776676,0.002200166678088627
Defect_L10_B32_el807_H4_W4.npy,-288.80543650000004,57.412040540000135,0.48830339160718533,0.5837756766435866,0.5679427961552254,0.002193359120786483
Defect_L10_B33_el811_H4_W4.npy,-287.90693109999984,56.87396914000033,0.4885511617786653,0.5836272990789707,0.5679427716042841,0.002184985365457612
Defect_L10_B34_el815_H4_W4.npy,-287.0255944999999,56.53488001000005,0.4887941975139135,0.5835337924936044,0.5679428403119331,0.002177470883903202
Defect_L10_B35_el819_H4_W4.npy,-285.6403869999999,56.52940189999981,0.4891761797477546,0.583532281860219,0.5679428462658205,0.0021678205885924677
Defect_L10_B36_el823_H4_W4.npy,-283.1730907799997,57.81875270000023,0.4898565567466254,0.5838878308294448,0.567942556297944,0.0021514513007035844
Defect_L10_B37_el827_H4_W4.npy,-279.30752399000016,61.099760999999944,0.4909225182271299,0.5847925955521922,0.5679420526860361,0.0021261572728913333
Defect_L10_B38_el831_H4_W4.npy,-272.7020985999998,71.89950199999998,0.49274401799950546,0.5877707119658596,0.5679412706858576,0.002082340010449216
Defect_L10_B39_el835_H4_W4.npy,-258.39580090000004,99.28730999999993,0.49668909594157645,0.5953231227634118,0.5679434500697181,0.0019984771367492385
Defect_L10_B3_el123_H4_W4.npy,-345.9309019999996,79.38491449999992,0.4725505799014292,0.5898348753406405,0.567943505356735,0.002622831928677956
Defect_L10_B40_el1123_H4_W4.npy,-266.8949,104.99008000000026,0.49434540024266155,0.5968957079708137,0.5679440420787581,0.002075815434071583
Defect_L10_B41_el1127_H4_W4.npy,-279.9050175,73.903276,0.4907577545324089,0.5883232689427981,0.5679413302794873,0.0021448557721880776
Defect_L10_B42_el1131_H4_W4.npy,-284.3449290699998,62.44146399999977,0.48953341280774637,0.5851625810663416,0.5679422151452477,0.0021715382665850242
Defect_L10_B43_el1135_H4_W4.npy,-285.7966117000001,58.825446700000384,0.489133099516174,0.584165434887259,0.5679427081478712,0.0021778051477803883
Defect_L10_B44_el1139_H4_W4.npy,-286.24222499999973,57.27939900000001,0.4890102180245829,0.5837390996601749,0.5679429019765492,0.0021781049291764373
Defect_L10_B45_el1143_H4_W4.npy,-286.14420139999993,56.48005940000007,0.4890372488294963,0.5835186752645477,0.56794278563002,0.002175921017599723
Defect_L10_B46_el1147_H4_W4.npy,-286.2199211000002,55.98955509999996,0.48901636850640257,0.5833834147146139,0.5679427934481305,0.0021753575089809418
Defect_L10_B47_el1151_H4_W4.npy,-286.79771830000004,55.946724399999994,0.4888570362293516,0.5833716038007521,0.5679429562392126,0.0021789160401072694
Defect_L10_B48_el1155_H4_W4.npy,-286.7066483000001,56.924235399999816,0.4888821495225123,0.5836411604089745,0.5679430184576344,0.002179623251218331
Defect_L10_B49_el1159_H4_W4.npy,-284.9880523999998,58.36693799999989,0.4893560663190588,0.584038997384241,0.567942617091994,0.0021694007893515647
Defect_L10_B4_el127_H4_W4.npy,-341.5568619999999,77.4969309500002,0.473756757004939,0.5893142485219984,0.5679432996047751,0.002594194887870186
Defect_L10_B50_el1163_H4_W4.npy,-281.5628060900001,61.73927739999999,0.490300605846133,0.5849689474005976,0.5679419023786674,0.0021476530282000176
Defect_L10_B51_el1167_H4_W4.npy,-275.23925369999984,72.65342899999996,0.4920443768463213,0.5879786134677017,0.5679408200582837,0.002105957065359576
Defect_L10_B52_el1171_H4_W4.npy,-261.3178262000001,100.36463000000003,0.49588332370064203,0.5956202025151182,0.5679432224085263,0.00202744569039222
Defect_L10_B53_el1459_H4_W4.npy,-265.3988359,105.00166999999988,0.49475795208553525,0.5968989040075735,0.5679437765873105,0.002069328112281217
Defect_L10_B54_el1463_H4_W4.npy,-277.97963159999995,73.41023000000018,0.49128869535325204,0.588187307498418,0.5679409200257528,0.0021336877780614633
Defect_L10_B55_el1467_H4_W4.npy,-282.27929027999994,62.04812409999977,0.4901030295036659,0.5850541143899334,0.5679419905130665,0.0021594975634462916
Defect_L10_B56_el1471_H4_W4.npy,-283.6195964000001,58.48351350000007,0.489733429190537,0.5840711440264598,0.5679426778358669,0.0021653206152760715
Defect_L10_B57_el1475_H4_W4.npy,-284.02748510000015,56.997246899999936,0.4896209505642052,0.5836612939238928,0.5679429223528231,0.0021657561246600766
Defect_L10_B58_el1479_H4_W4.npy,-284.2350782000001,56.209714500000246,0.48956370507855196,0.5834441254596923,0.5679427048088561,0.0021666440650135433
Defect_L10_B59_el1483_H4_W4.npy,-285.38996450000013,55.589517059999935,0.4892452357887838,0.5832731009716253,0.5679428000938876,0.002174754242082046
Defect_L10_B5_el131_H4_W4.npy,-335.7851287000001,76.09353950000013,0.4753483594031854,0.5889272519160571,0.5679430740773361,0.0025550818914714417
Defect_L10_B60_el1487_H4_W4.npy,-287.78913910000006,56.14502570000013,0.48858364388065256,0.5834262869969864,0.5679430352580186,0.0021914402330982137
Defect_L10_B61_el1491_H4_W4.npy,-288.7981069,57.42683170000009,0.48830541280399603,0.5837797554262513,0.5679432073778663,0.0022012398755434357
Defect_L10_B62_el1495_H4_W4.npy,-287.03516539999987,58.891801100000066,0.48879155826039966,0.5841837326527107,0.5679426789705218,0.002191231341185529
Defect_L10_B63_el1499_H4_W4.npy,-283.3151098000001,62.21276160000002,0.4898173938468377,0.5850995145195342,0.567941702042698,0.002166790868961863
Defect_L10_B64_el1503_H4_W4.npy,-276.67909280000003,73.09564599999976,0.4916473295044683,0.5881005584019462,0.5679403935334478,0.00212233073827791
Defect_L10_B65_el1507_H4_W4.npy,-262.5832733,100.95707000000016,0.4955343663710971,0.5957835726633572,0.5679428792100253,0.002043485598917068
Defect_L10_B66_el1795_H4_W4.npy,-262.6022333999997,107.09835999999996,0.4955291379693221,0.5974770833271861,0.5679433803511293,0.0020386449086258994
Defect_L10_B67_el1799_H4_W4.npy,-275.04067869999994,72.6905569999999,0.49209913551755646,0.587988851815659,0.5679406083986479,0.0021040186746782135
Defect_L10_B68_el1803_H4_W4.npy,-279.3998878,61.663790299999846,0.49089704815533936,0.5849481312188456,0.5679418876361043,0.0021304884006192815
Defect_L10_B69_el1807_H4_W4.npy,-280.559438,58.33498059999988,0.49057729275721534,0.5840301848712854,0.5679428283204265,0.002135754853631116
Defect_L10_B6_el135_H4_W4.npy,-329.4091844999998,74.65266380000003,0.47710657787107713,0.5885299187233236,0.5679428023322274,0.0025090385357157594
Defect_L10_B70_el1811_H4_W4.npy,-280.45080610000014,57.03057639999997,0.4906072488871297,0.5836704848045824,0.5679431295790799,0.0021333390667521435
Defect_L10_B71_el1815_H4_W4.npy,-280.4814444000001,56.33973110000011,0.4905988001267273,0.5834799785945506,0.5679427298986931,0.002134891172284137
Defect_L10_B72_el1819_H4_W4.npy,-283.0234306,55.41989999999987,0.4898978267584275,0.5832263276878564,0.5679430183661198,0.0021548225179127876
Defect_L10_B73_el1823_H4_W4.npy,-288.55009640000003,56.68760440000028,0.4883738037164088,0.5835759074862349,0.5679432192595989,0.002193064518046476
Defect_L10_B74_el1827_H4_W4.npy,-290.55057080000006,58.20382270000027,0.4878221566310054,0.5839940170136702,0.5679435143450052,0.0022117310261581436
Defect_L10_B75_el1831_H4_W4.npy,-287.6811585999999,59.39174219999995,0.48861342038171923,0.5843215954769929,0.5679427239752044,0.002192679621687686
Defect_L10_B76_el1835_H4_W4.npy,-283.0602007,62.43154419999996,0.48988768710430597,0.5851598456008151,0.567941420854237,0.0021600118661839383
Defect_L10_B77_el1839_H4_W4.npy,-275.91328999999996,72.99486500000012,0.49185850585474494,0.5880727672215572,0.5679399443661025,0.002110931263468922
Defect_L10_B78_el1843_H4_W4.npy,-261.4857323000001,102.99900000000002,0.49583702222800813,0.5963466514676136,0.5679424354962334,0.0020267634506941777
Defect_L10_B79_el2131_H4_W4.npy,-258.4857834000002,105.49351999999976,0.49666428253538525,0.5970345356452269,0.5679412510736789,0.0020065575803411223
Defect_L10_B7_el139_H4_W4.npy,-322.6640517999999,73.12673390000054,0.47896660307040684,0.5881091311432053,0.5679425593759515,0.0024578846634451678
Defect_L10_B80_el2135_H4_W4.npy,-273.4249348000001,70.69192700000008,0.49254469003862067,0.5874377133385559,0.567939450152617,0.002091474518991724
Defect_L10_B81_el2139_H4_W4.npy,-280.61360319999994,60.086078300000054,0.49056235626279665,0.5845130643035149,0.5679418623628116,0.0021405153015985135
Defect_L10_B82_el2143_H4_W4.npy,-283.5172114999998,58.338138199999776,0.4897616626593954,0.5840310556051658,0.5679439494584608,0.002160496344399245
Defect_L10_B83_el2147_H4_W4.npy,-282.54208089999975,56.66875651999976,0.4900305628529583,0.5835707100300375,0.5679449236547028,0.0021561488795193767
Defect_L10_B84_el2151_H4_W4.npy,-280.60843809999983,56.601466300000084,0.4905637805811288,0.5835521542046097,0.5679449243303929,0.0021517844855307947
Defect_L10_B85_el2155_H4_W4.npy,-283.91764824999973,54.931190100000094,0.48965123896888185,0.5830915619583161,0.5679459968646867,0.002183652506678257
Defect_L10_B86_el2159_H4_W4.npy,-295.65799330000027,57.65544739999996,0.48641374333861404,0.5838427980648286,0.5679452399312226,0.0022600873503507866
Defect_L10_B87_el2163_H4_W4.npy,-296.7872778999997,59.26868134999995,0.48610233392583646,0.5842876604467673,0.5679446924840148,0.0022710062722628107
Defect_L10_B88_el2167_H4_W4.npy,-289.6571879999999,58.87225570000032,0.4880685142038739,0.5841783428497005,0.5679427690332948,0.00221082036152115
Defect_L10_B89_el2171_H4_W4.npy,-282.84762020000016,61.473228099999915,0.489946307906071,0.5848955821423775,0.5679405520303648,0.002157896766462614
Defect_L10_B8_el143_H4_W4.npy,-315.52145659999996,71.47281470000007,0.48093623178662337,0.587653049472691,0.5679423531976607,0.002402180663562801
Defect_L10_B90_el2175_H4_W4.npy,-274.6907012999998,71.86855300000002,0.4921956446319281,0.5877621775274053,0.5679385580940135,0.0021004028953847433
Defect_L10_B91_el2179_H4_W4.npy,-259.8816662999998,101.97327999999993,0.4962793564731726,0.5960638008355637,0.567940821274431,0.002013924392975343
Defect_L10_B92_el2467_H4_W4.npy,-234.08576599999992,97.73797999999988,0.5033927857756675,0.5948958824154084,0.5679314235127021,0.0018238536259777408
Defect_L10_B93_el2471_H4_W4.npy,-257.8333639,68.9293409999998,0.49684419251855494,0.5869516659141686,0.567934045752096,0.0019902895289013634
Defect_L10_B94_el2475_H4_W4.npy,-280.2604366999999,71.39288930000043,0.4906597447974298,0.587631009393618,0.567943355824392,0.002169630680582323
Defect_L10_B95_el2479_H4_W4.npy,-304.5880751999998,77.81200119999949,0.48395120062747105,0.589401131705862,0.5679551813244746,0.002364116080254055
Defect_L10_B96_el2499_H4_W4.npy,-303.26082337,67.28374499999973,0.4843172011139635,0.586497879433746,0.5679503130111844,0.002341214004070936
Defect_L10_B97_el2503_H4_W4.npy,-279.8762307999998,64.94910532999984,0.49076569269905246,0.5858540835574165,0.5679442327340396,0.002127442755618089
Defect_L10_B98_el2507_H4_W4.npy,-266.7324441999999,59.717368400000396,0.4943901987507439,0.5844113895499194,0.5679375678416527,0.0020254579210208738
Defect_L10_B99_el2511_H4_W4.npy,-257.7724744000002,63.90287799999987,0.4968609832933864,0.5855655778623355,0.567933089976455,0.0019603251026884096
Defect_L10_B9_el147_H4_W4.npy,-307.77314849999993,69.65518829999974,0.48307289076120075,0.5871518242103672,0.5679421943511663,0.0023405093297332105
Defect_L11_B100_el2515_H4_W4.npy,-252.41309239999987,102.00540000000001,0.4983388764670574,0.5960726581867914,0.5679395265829814,0.0019373655734226008
Defect_L11_B101_el2803_H4_W4.npy,-189.67473699999982,83.94323000000009,0.515639488211657,0.5910918679119646,0.5679211465544635,0.001474046623945866
Defect_L11_B102_el2807_H4_W4.npy,-190.4255915000001,55.468176000000085,0.5154324339766778,0.5832396401874791,0.567919088358394,0.0014901491460171913
Defect_L11_B103_el2811_H4_W4.npy,-175.75352027999986,50.55614420000006,0.5194783769416784,0.5818851074697003,0.567919214176542,0.001421805292341089
Defect_L11_B104_el2815_H4_W4.npy,-166.83325680000007,55.66194480000013,0.5219382121436545,0.5832930735099761,0.5679301803633253,0.0013846296100097596
Defect_L11_B105_el2835_H4_W4.npy,-2009.3971000000001,91.2020283999999,0.013836247044320887,0.5930935406056469,0.5679601241356431,0.004910327846544363
Defect_L11_B106_el2839_H4_W4.npy,-2053.3303,63.06865200000016,0.001721309841203834,0.5853355332581818,0.567900518408341,0.004973448697942416
Defect_L11_B107_el2843_H4_W4.npy,-171.67846340000006,49.01326059999997,0.5206021070182567,0.5814596447689245,0.5679254303832815,0.001429756809366268
Defect_L11_B108_el2847_H4_W4.npy,-196.47952999999984,53.947030999999924,0.5137630111993926,0.5828201720824505,0.5679227807100569,0.0015403352991520385
Defect_L11_B109_el2851_H4_W4.npy,-201.33420619999993,84.23243000000002,0.5124242947547797,0.5911716171639914,0.567923755784917,0.0015559475344439253
Defect_L11_B10_el151_H4_W4.npy,-302.41650700000014,66.45969349999996,0.48455002821970844,0.5862706405307152,0.5679426811055976,0.002291142516314422
Defect_L11_B110_el3139_H4_W4.npy,-222.20545599999969,87.51719000000003,0.5066688778792148,0.5920774164485259,0.5679295879553811,0.0017003428828432678
Defect_L11_B111_el3143_H4_W4.npy,-221.53402159999996,59.26700099999971,0.5068540313757052,0.5842871970765886,0.5679317692080326,0.0017182307707104857
Defect_L11_B112_el3147_H4_W4.npy,-208.50617110000007,65.68930039999987,0.5104465671049281,0.5860581983678812,0.5679423488181106,0.0017089810392204546
Defect_L11_B113_el3151_H4_W4.npy,-196.9970254000002,165.29709999999997,0.5136203076341184,0.613525859205122,0.5679769869888179,0.0018406278171554783
Defect_L11_B114_el3171_H4_W4.npy,-321.5908672999999,134.87947229999986,0.4792625424243546,0.6051379509841572,0.5680592552659359,0.0028543292924877346
Defect_L11_B115_el3175_H4_W4.npy,-254.0918786000002,92.07990340000015,0.497875937519053,0.5933356217765425,0.5679758493820506,0.0022315843817725437
Defect_L11_B116_el3179_H4_W4.npy,-231.68376141999988,72.20438529999979,0.5040551580737996,0.5878547860154114,0.5679391403590295,0.0019144566266388041
Defect_L11_B117_el3183_H4_W4.npy,-221.56346210000015,65.95432399999981,0.5068459129183942,0.5861312807809844,0.5679269265173383,0.0017509520707809998
Defect_L11_B118_el3187_H4_W4.npy,-205.3100579999998,93.60374999999999,0.5113279212858337,0.5937558348697427,0.5679241327524128,0.0015995029801393501
Defect_L11_B119_el3475_H4_W4.npy,-260.2927890000001,104.9201800000003,0.496165986045039,0.5968764324773258,0.5679414830862108,0.0019934638415399194
Defect_L11_B11_el155_H4_W4.npy,-293.061377,64.09916689999977,0.4871297814012886,0.585619706122903,0.5679431327633613,0.0022107814135358867
Defect_L11_B120_el3479_H4_W4.npy,-273.52532599999995,67.87748600000009,0.49251700634875184,0.586661608343316,0.5679411404532781,0.0020801302477633584
Defect_L11_B121_el3483_H4_W4.npy,-277.7104349000001,60.988309699999945,0.4913629285326194,0.5847618619497981,0.567942370187631,0.002109773912880136
Defect_L11_B122_el3487_H4_W4.npy,-282.1908333000001,60.97096039999997,0.4901274222353102,0.5847570777392234,0.5679448559928918,0.002149828360573324
Defect_L11_B123_el3491_H4_W4.npy,-292.51672800000006,58.196892599999956,0.4872799727925995,0.5839921059822334,0.5679439545179732,0.0022458842996317856
Defect_L11_B124_el3495_H4_W4.npy,-305.2225461999999,177.22099999999998,0.48377624008914927,0.6168139716056813,0.567952838803057,0.0024040587850785024
Defect_L11_B125_el3499_H4_W4.npy,-297.12259978999987,55.30735219999997,0.4860098661875387,0.5831952917166695,0.5679597917739387,0.002386264835883444
Defect_L11_B126_el3503_H4_W4.npy,-307.29736019999996,57.2553883999999,0.48320409325445135,0.5837324785419498,0.5679529387952883,0.002404391483482599
Defect_L11_B127_el3507_H4_W4.npy,-313.39003089999983,67.48888609999972,0.481523989758012,0.5865544487604575,0.567946681287268,0.0024562275740943737
Defect_L11_B128_el3511_H4_W4.npy,-308.3455928000001,72.34465789999967,0.4829150345898592,0.5878934673256806,0.5679509502085701,0.002389105640481422
Defect_L11_B129_el3515_H4_W4.npy,-295.0480851799998,69.77263839999978,0.4865819304630092,0.5871842120306489,0.5679458348778275,0.0022733467783870214
Defect_L11_B12_el159_H4_W4.npy,-282.2743700000003,63.35367229999997,0.4901043863108918,0.5854141299239405,0.567944555807687,0.002115784152818047
Defect_L11_B130_el3519_H4_W4.npy,-279.03529449999996,71.20846200000005,0.49099758772300517,0.5875801520657192,0.5679412111520256,0.0021407130979114023
Defect_L11_B131_el3523_H4_W4.npy,-254.8219079999999,107.8106499999999,0.497674625974767,0.5976735030876499,0.5679388510802156,0.0019602025814667865
Defect_L11_B132_el3811_H4_W4.npy,-250.1717940000001,102.05919999999992,0.49895693272905156,0.5960874939743399,0.5679373966557251,0.0019347218263623474
Defect_L11_B133_el3815_H4_W4.npy,-274.9961218000001,69.86862909999991,0.492111422445107,0.587210682246854,0.567940370137353,0.0021196597658431657
Defect_L11_B134_el3819_H4_W4.npy,-291.9605837300003,72.11066969999979,0.4874333340981024,0.5878289431765343,0.5679449775444599,0.0022510513943135445
Defect_L11_B135_el3823_H4_W4.npy,-304.56694280000033,70.71326199999976,0.48395702805863805,0.5874435966383207,0.567949062671115,0.002343360166776182
Defect_L11_B136_el3827_H4_W4.npy,-308.2433565000001,63.61686000000009,0.48294322708105897,0.5854867060726876,0.5679484793660569,0.0023649912495244912
Defect_L11_B137_el3831_H4_W4.npy,-309.3852396,56.79401030000008,0.4826283435294443,0.5836052497785454,0.5679583665071108,0.0024155076793529644
Defect_L11_B138_el3835_H4_W4.npy,-304.3350378619998,56.314148899999964,0.484020977731345,0.5834729240948439,0.5679663113520068,0.0024422083456032582
Defect_L11_B139_el3839_H4_W4.npy,-316.26997270000015,1473.3089999999993,0.48072982238446227,0.974220778524221,0.5679830669732702,0.004236462929672818
Defect_L11_B13_el163_H4_W4.npy,-264.801516,97.54519000000005,0.49492266790588685,0.5948427190049719,0.5679494282121896,0.001993215722862514
Defect_L11_B140_el3843_H4_W4.npy,-309.5853867999997,60.06097189999991,0.48257315131127265,0.5845061410095278,0.5679413011896206,0.0023999492679099036
Defect_L11_B141_el3847_H4_W4.npy,-291.4078033999999,62.69822450000038,0.48758576776979196,0.5852333848624173,0.5679439737387876,0.0022085296334663747
Defect_L11_B142_el3851_H4_W4.npy,-280.47033332000024,61.887653000000455,0.49060186409740225,0.5850098631790176,0.5679410355314737,0.002124592798940044
Defect_L11_B143_el3855_H4_W4.npy,-272.3180481999998,66.97405400000002,0.4928499230207384,0.5864124796218186,0.5679392957895494,0.002067110619469717
Defect_L11_B144_el3859_H4_W4.npy,-256.5000949999999,105.56336000000056,0.49721185226103604,0.5970537945932269,0.5679391562707572,0.0019616116712289277
Defect_L11_B145_el4147_H4_W4.npy,-172.80190500000003,85.36065999999983,0.5202923088602494,0.5914827357622421,0.5679216219254279,0.0014092438263011626
Defect_L11_B146_el4151_H4_W4.npy,-198.7591289999998,71.03658810000002,0.5131343932354544,0.5875327564399656,0.5679328309697799,0.0016953789505184946
Defect_L11_B147_el4155_H4_W4.npy,-222.31604760000005,91.51732620000007,0.5066383813460873,0.5931804865382737,0.5679592386296233,0.002031992092847386
Defect_L11_B148_el4159_H4_W4.npy,-256.11939429999984,115.28728900000033,0.4973168335752513,0.5997352470984523,0.5680121413056509,0.002487695269430415
Defect_L11_B149_el4179_H4_W4.npy,-228.09873889000005,141.59825569999998,0.5050437571929784,0.6069907101497164,0.5680899489931803,0.002389187610090091
Defect_L11_B14_el451_H4_W4.npy,-285.5014409999999,116.76655000000028,0.4892144952372847,0.6001431653498435,0.5679493434634104,0.002176316230343065
Defect_L11_B150_el4183_H4_W4.npy,-185.70916890000012,105.59466462,0.5167330258666918,0.5970624270967883,0.5680013218163676,0.0018748839151838009
Defect_L11_B151_el4187_H4_W4.npy,-184.7411300000001,80.22826799999984,0.5169999704663039,0.590067436927152,0.5679536187196497,0.0016625060681562285
Defect_L11_B152_el4191_H4_W4.npy,-196.06948559999978,62.89187130000005,0.5138760842775315,0.585286784542422,0.5679318783312599,0.0015833627561212913
Defect_L11_B153_el4195_H4_W4.npy,-198.14960899999983,77.50865999999996,0.5133024733326029,0.5893174829029267,0.5679238762998804,0.0015337339806170268
Defect_L11_B154_el4483_H4_W4.npy,-97.90006270000003,45.35320999999999,0.5409471010416128,0.5804503560492495,0.5679157260761357,0.0007673720237866138
Defect_L11_B155_el4487_H4_W4.npy,-97.09434300000004,29.935764199999994,0.5411692848017035,0.5761988699817775,0.5679174930118392,0.0007838475446540383
Defect_L11_B156_el4491_H4_W4.npy,-86.59641619999996,28.724704299999985,0.5440641734951044,0.5758649103649567,0.5679225419775082,0.0007433990440283048
Defect_L11_B157_el4495_H4_W4.npy,-70.76391279999996,34.829059400000006,0.548430115071387,0.5775482359297238,0.5679323664140261,0.0006736037513385419
Defect_L11_B158_el4515_H4_W4.npy,-145.0423,39.872265,0.5279472457043294,0.5789389408896723,0.5679590418698047,0.0006381084882631869
Defect_L11_B159_el4519_H4_W4.npy,-63.88736929999993,39.48956169999997,0.5503263778675639,0.5788334073422202,0.5679423939168611,0.0006433709641487667
Defect_L11_B15_el455_H4_W4.npy,-299.6086028999998,79.30313429999978,0.48532433061160973,0.5898123237853825,0.5679461889028632,0.0022791788298734002
Defect_L11_B160_el4523_H4_W4.npy,-62.16146310000005,35.37886490000005,0.5508023105387891,0.5776998492678469,0.5679283306071398,0.0007121222274197882
Defect_L11_B161_el4527_H4_W4.npy,-92.53254270000002,34.189332300000046,0.542427238334969,0.5773718259790799,0.5679189392958811,0.000798744663901711
Defect_L11_B162_el4531_H4_W4.npy,-108.13355420000005,46.888739999999984,0.5381251325328055,0.5808737909350193,0.567914418122273,0.000850792375637471
Defect_L11_B163_el4819_H4_W4.npy,-132.00822630000016,63.913840000000164,0.5315414975315648,0.5855686007229881,0.5679173172369478,0.0010483277227539857
Defect_L11_B164_el4823_H4_W4.npy,-116.6172401,46.31932619999998,0.5357856871491442,0.5807167704486995,0.567925814991937,0.0010430381136194084
Defect_L11_B165_el4827_H4_W4.npy,-91.70337759999995,55.71869090000007,0.5426558873547881,0.5833087217085599,0.5679433970042922,0.00104851125182993
Defect_L11_B166_el4831_H4_W4.npy,-109.52860299999998,70.62972059999993,0.5377404364804514,0.5874205594178392,0.5679720338183453,0.0011138095415374261
Defect_L11_B167_el4851_H4_W4.npy,-112.39297699999997,63.438318200000026,0.5369505620543628,0.58543747171928,0.5679679734920153,0.0009978661882483232
Defect_L11_B168_el4855_H4_W4.npy,-115.46054538999988,68.14293229999998,0.5361046551226775,0.5867348073193819,0.5679510900586263,0.0011687513042648106
Defect_L11_B169_el4859_H4_W4.npy,-123.06460088000006,53.182821770000146,0.5340077749784956,0.5826094351720619,0.5679329514610326,0.0011247295499868843
Defect_L11_B16_el459_H4_W4.npy,-302.10144430000014,66.31366849999995,0.4846369093215982,0.5862303729493624,0.567944315457642,0.002290155282621607
Defect_L11_B170_el4863_H4_W4.npy,-123.76331249999998,46.46232670000006,0.533815099566748,0.5807562039995794,0.5679225846920728,0.0010577115427859891
Defect_L11_B171_el4867_H4_W4.npy,-116.84128700000008,65.24221999999997,0.5357239043943243,0.5859349123115334,0.5679180874208827,0.0009602145488001664
Defect_L11_B172_el5155_H4_W4.npy,-227.85204199999998,92.07996000000026,0.5051117858667503,0.5933356373844528,0.5679314643597192,0.0017503423023488341
Defect_L11_B173_el5159_H4_W4.npy,-236.08530259999998,62.419170599999916,0.5028413972962411,0.5851564334799824,0.567935667280509,0.0018243795113644854
Defect_L11_B174_el5163_H4_W4.npy,-240.31986245000007,71.33204609999984,0.5016736829784679,0.5876142313863879,0.5679466125525907,0.0018933150883058327
Defect_L11_B175_el5167_H4_W4.npy,-257.3449035000001,83.49582009999949,0.4969788894464411,0.5909684909933117,0.5679654483436085,0.0020488001277608296
Defect_L11_B176_el5187_H4_W4.npy,-387.9189200799997,116.03003400000011,0.46097204243266876,0.5999400650728527,0.5680230465380891,0.0030896705131121262
Defect_L11_B177_el5191_H4_W4.npy,-319.36855079999987,109.83331120000003,0.4798753642730465,0.5982312683635957,0.5679921140342925,0.0026523913312673274
Defect_L11_B178_el5195_H4_W4.npy,-275.5726001999999,91.02340969999955,0.49195245383788166,0.5930442850464386,0.567961231616703,0.002284008541317034
Defect_L11_B179_el5199_H4_W4.npy,-244.61038250000024,80.1388559999998,0.5004905371804276,0.5900427808409755,0.5679409561359073,0.0019878742675477
Defect_L11_B17_el463_H4_W4.npy,-301.70905089999997,62.15778756000054,0.48474511499293377,0.5850843549809075,0.5679430612160814,0.002281449518208979
Defect_L11_B180_el5203_H4_W4.npy,-213.39829099999997,113.43880999999965,0.5090975252555153,0.5992255139807579,0.567930404902375,0.0017156488036944673
Defect_L11_B181_el5491_H4_W4.npy,-272.0072690000002,110.32681999999977,0.4929356229126659,0.5983673574288398,0.5679437235420078,0.0020686076570712066
Defect_L11_B182_el5495_H4_W4.npy,-288.12118220000025,71.3949889999999,0.4884920802953633,0.5876315884029696,0.5679418726921727,0.0021730707305427873
Defect_L11_B183_el5499_H4_W4.npy,-295.6141508999997,60.417902399999775,0.48642583323697886,0.584604567497773,0.5679415341926589,0.002222738657928709
Defect_L11_B184_el5503_H4_W4.npy,-304.6848716999998,60.27055539999992,0.4839245082053625,0.5845639353641687,0.5679423255396618,0.002294395327567678
Defect_L11_B185_el5507_H4_W4.npy,-318.4543295000003,64.30842690000009,0.4801274682317667,0.5856774112697881,0.5679436546328103,0.002417742534079465
Defect_L11_B186_el5511_H4_W4.npy,-325.12507759999994,60.24845080000023,0.4782879551908476,0.5845578398409449,0.5679448825620395,0.002485582773470602
Defect_L11_B187_el5515_H4_W4.npy,-2059.5724,56.03208859999995,0.0,0.5833951436731584,0.5679118995483593,0.005359383506186225
Defect_L11_B188_el5519_H4_W4.npy,-302.17499380000004,55.75728040000013,0.4846166274488045,0.5833193630770284,0.5679499155932554,0.0022884885583024277
Defect_L11_B189_el5523_H4_W4.npy,-298.9241688999998,57.346143499999926,0.48551306885352424,0.5837575049988744,0.5679454735165271,0.0022573186668591377
Defect_L11_B18_el467_H4_W4.npy,-300.34051680000016,60.27686420000009,0.4851224994011222,0.5845656750670775,0.5679423565938583,0.0022680066633254834
Defect_L11_B190_el5527_H4_W4.npy,-303.1740439,60.734010700000226,0.48434113125858236,0.5846917369323666,0.5679452273564798,0.0022832195119353014
Defect_L11_B191_el5531_H4_W4.npy,-302.04304419999994,62.06217060000017,0.4846530136241338,0.5850579878265468,0.5679447206801506,0.002281392623922842
Defect_L11_B192_el5535_H4_W4.npy,-295.0996783999999,71.81802100000004,0.4865677032129931,0.5877482429174349,0.5679444985115998,0.002239116996372619
Defect_L11_B193_el5539_H4_W4.npy,-276.89405899999974,120.10382000000027,0.49158805082652574,0.601063444693935,0.5679453874842005,0.0021238053841784563
Defect_L11_B194_el5827_H4_W4.npy,-279.39583200000015,115.64080999999987,0.4908981665751746,0.5998327333893434,0.5679469492476842,0.0021179774966216913
Defect_L11_B195_el5831_H4_W4.npy,-295.54467699999987,74.08021099999996,0.4864449912299262,0.5883720602080379,0.567944466126977,0.0022254088756377267
Defect_L11_B196_el5835_H4_W4.npy,-301.9482025,62.2020550000002,0.4846791669942443,0.5850965620875089,0.5679432928475897,0.002267580563449456
Defect_L11_B197_el5839_H4_W4.npy,-307.2268880899999,59.5443737999999,0.4832235265119246,0.5843636848820263,0.5679429039615541,0.0023081818228465724
Defect_L11_B198_el5843_H4_W4.npy,-312.22150968000005,60.6292239899999,0.4818462189878611,0.5846628411448671,0.5679425511894183,0.002347701490397074
Defect_L11_B199_el5847_H4_W4.npy,-313.55342729799986,57.610625400000345,0.48147893187238144,0.5838304380337972,0.567942999307336,0.0023527266262170807
Defect_L11_B19_el471_H4_W4.npy,-298.60172420000004,59.22365879999984,0.48560198560195084,0.584275245112442,0.5679420598078647,0.002253707484451161
Defect_L11_B1_el115_H4_W4.npy,-332.54030399999965,137.95613999999978,0.4762431462039563,0.6059863671245785,0.5679493021015674,0.0025719525405402894
Defect_L11_B200_el5851_H4_W4.npy,-307.0241366,55.913905500000055,0.4832794368842441,0.5833625537221653,0.5679444184195304,0.002300222415920852
Defect_L11_B201_el5855_H4_W4.npy,-300.1779230000002,56.37656949999973,0.48516733596382683,0.5834901370829525,0.5679431421381665,0.002244726234111888
Defect_L11_B202_el5859_H4_W4.npy,-297.86221151999985,56.96274405000008,0.48580591223782327,0.583651779482398,0.5679422569509432,0.0022271386469944502
Defect_L11_B203_el5863_H4_W4.npy,-300.6923587800004,58.841939999999795,0.4850254761136511,0.5841699830488717,0.5679431597432057,0.002249523214097194
Defect_L11_B204_el5867_H4_W4.npy,-303.57225600000015,63.11568339999985,0.48423132103339905,0.5853485025492321,0.56794427701628,0.002275881135521742
Defect_L11_B205_el5871_H4_W4.npy,-303.23807580000016,76.2008030000004,0.4843234739413941,0.5889568306985425,0.5679462605525769,0.002283619500445519
Defect_L11_B206_el5875_H4_W4.npy,-291.034633,125.39196999999967,0.4876886725425393,0.602521695064285,0.5679496314434973,0.0022118281781211093
Defect_L11_B207_el6163_H4_W4.npy,-278.1182060000001,115.51913000000059,0.49125048233544405,0.5997991791397356,0.567947206837529,0.002097762785003013
Defect_L11_B208_el6167_H4_W4.npy,-294.82788099999993,72.82683999999995,0.4866426535565367,0.5880264329612812,0.5679448509021133,0.0022103154632863416
Defect_L11_B209_el6171_H4_W4.npy,-301.9858775,61.38858440000013,0.4846687778065883,0.5848722409537062,0.5679437465627915,0.002257658946601918
Defect_L11_B20_el475_H4_W4.npy,-296.5987471399999,58.484832900000356,0.4861543228162031,0.5840715078617403,0.5679419994113222,0.002238974884888873
Defect_L11_B210_el6175_H4_W4.npy,-307.31583810000006,60.486167499999965,0.48319899782324793,0.5846233921542895,0.5679432316145482,0.0022965001931871437
Defect_L11_B211_el6179_H4_W4.npy,-311.5164613000002,61.00308289999998,0.4820406418127147,0.5847659357798465,0.5679428610444411,0.002327050607120209
Defect_L11_B212_el6183_H4_W4.npy,-314.0578915000001,59.68051809999997,0.48133982176593676,0.5844012277799956,0.5679429354696603,0.002341332080779231
Defect_L11_B213_el6187_H4_W4.npy,-313.01651979999997,58.671374000000014,0.48162698848155516,0.5841229480871802,0.5679433580383157,0.0023270133253755097
Defect_L11_B214_el6191_H4_W4.npy,-310.72386989999995,59.38329999999996,0.48225920533730965,0.5843192674716836,0.5679427602502823,0.0023051361315186564
Defect_L11_B215_el6195_H4_W4.npy,-310.3665506,60.2954500000003,0.482357739040317,0.5845708002525835,0.5679424544167077,0.0023030304513551206
Defect_L11_B216_el6199_H4_W4.npy,-312.4114292999998,62.11746799999992,0.4817938471080541,0.5850732365343235,0.5679434000833921,0.002322479096919912
Defect_L11_B217_el6203_H4_W4.npy,-314.4131652000001,66.06279450000011,0.4812418521537661,0.5861611924035363,0.5679448273307658,0.0023442582411102937
Defect_L11_B218_el6207_H4_W4.npy,-313.5699749999999,79.10157200000003,0.48147436870897453,0.589756741341877,0.5679469216933546,0.0023487036179841102
Defect_L11_B219_el6211_H4_W4.npy,-300.6900069999999,129.71758999999975,0.48502612463611294,0.6037145199590013,0.5679503647434001,0.0022680686814562615
Defect_L11_B21_el479_H4_W4.npy,-294.10020039999995,57.873485600000095,0.48684331740012027,0.5839029238717556,0.567942123938443,0.002221524545124075
Defect_L11_B22_el483_H4_W4.npy,-291.14011630000005,57.38506039999993,0.487659584664682,0.5837682366505555,0.5679424757814266,0.0022010007910280103
Defect_L11_B23_el487_H4_W4.npy,-287.82023230000004,57.26054520000025,0.4885750696778755,0.5837339005714894,0.5679431495859549,0.002178365328239463
Defect_L11_B24_el491_H4_W4.npy,-283.87851590000014,60.05179629999998,0.4896620300326527,0.5845036107632039,0.5679442676156355,0.0021528572372067293
Defect_L11_B25_el495_H4_W4.npy,-277.86310000000003,71.53382599999986,0.49132082988968867,0.5876698738348631,0.5679458181115631,0.0021150704990440462
Defect_L11_B26_el499_H4_W4.npy,-262.0998830000001,105.76611000000003,0.49566766517767374,0.5971097045546666,0.5679483746363504,0.0020049843738811513
Defect_L11_B27_el787_H4_W4.npy,-276.9966179999999,111.96232000000009,0.4915597693481764,0.598818359855153,0.567949451813829,0.002122957603796882
Defect_L11_B28_el791_H4_W4.npy,-290.03461430000016,76.38301599999977,0.48796443583208887,0.5890070774152074,0.5679462171001132,0.0022144698004355804
Defect_L11_B29_el795_H4_W4.npy,-291.5658000000001,63.276783700000124,0.4875421989223757,0.5853929272671654,0.5679439896517404,0.0022190463338048376
Defect_L11_B2_el119_H4_W4.npy,-348.7673709999997,85.6039783999995,0.47176840050603824,0.5915498327899196,0.5679466602915767,0.0026438047813193296
Defect_L11_B30_el799_H4_W4.npy,-290.8240595699999,59.04082100000028,0.48774673987842865,0.5842248261020957,0.567942389303434,0.0022081932650939366
Defect_L11_B31_el803_H4_W4.npy,-289.90364410000007,57.18297531999997,0.4880005519299028,0.5837125100462134,0.5679415014120367,0.0021981622030224643
Defect_L11_B32_el807_H4_W4.npy,-289.4605735,56.30321294999999,0.4881227322512896,0.5834699084176905,0.5679411505398758,0.00219341504912246
Defect_L11_B33_el811_H4_W4.npy,-289.42010760000016,55.87527739999996,0.4881338910523186,0.5833519017094329,0.567941123232023,0.0021931631348143512
Defect_L11_B34_el815_H4_W4.npy,-289.05386620000013,55.62385419999987,0.4882348850969632,0.58328256971724,0.567941302754158,0.0021919710678939266
Defect_L11_B35_el819_H4_W4.npy,-288.2596929000001,55.87551976999998,0.48845388484334845,0.5833519685449315,0.5679417934276754,0.0021883585293492954
Defect_L11_B36_el823_H4_W4.npy,-287.1908762099997,57.49604199999976,0.488748619738166,0.5837988407293547,0.5679426912698198,0.0021834668653955896
Defect_L11_B37_el827_H4_W4.npy,-285.52734669999995,61.411964400000215,0.489207351529822,0.5848786881788527,0.5679441177953076,0.002176040875450551
Defect_L11_B38_el831_H4_W4.npy,-281.7270525999995,73.87221200000022,0.4902553135352047,0.5883147027921586,0.567945951814923,0.002154577876934852
Defect_L11_B39_el835_H4_W4.npy,-267.391938,108.9648900000002,0.49420833797181485,0.5979917941549369,0.567948758493728,0.0020556778371578926
Defect_L11_B3_el123_H4_W4.npy,-348.40976,78.06774720000021,0.4718670146476929,0.5894716557453118,0.5679453366597302,0.00262962480886344
Defect_L11_B40_el1123_H4_W4.npy,-274.99331400000005,110.91501999999991,0.49211219671879247,0.5985295583625955,0.5679495988073828,0.002111969891959786
Defect_L11_B41_el1127_H4_W4.npy,-287.5452688999999,75.527425,0.48865089307166787,0.588771141238545,0.567946345891895,0.0021979075466808428
Defect_L11_B42_el1131_H4_W4.npy,-288.34735981000017,62.33106690000022,0.4884297099799321,0.5851321381681712,0.5679438310885413,0.0021971142303531207
Defect_L11_B43_el1135_H4_W4.npy,-287.0194694999998,58.01983449999989,0.4887958865324774,0.5839432807711674,0.5679419964560507,0.002181887521073731
Defect_L11_B44_el1139_H4_W4.npy,-285.8860322999999,56.11041829999999,0.48910844105847767,0.5834167437249788,0.5679409369112393,0.0021705489970331956
Defect_L11_B45_el1143_H4_W4.npy,-286.0134502000001,55.27046184999995,0.4890733045362791,0.5831851189026326,0.5679405697648359,0.002170370777890266
Defect_L11_B46_el1147_H4_W4.npy,-287.2603009000002,54.94899763199987,0.4887294753152762,0.5830964725300916,0.5679405514217797,0.0021798887079640407
Defect_L11_B47_el1151_H4_W4.npy,-288.19517240000005,55.12843347000012,0.4884716768959605,0.5831459534217489,0.5679407058986463,0.0021885958087355284
Defect_L11_B48_el1155_H4_W4.npy,-288.4333617,56.126407999999856,0.4884059942593223,0.583421153014796,0.5679412632664635,0.00219287139539686
Defect_L11_B49_el1159_H4_W4.npy,-288.2976862999999,57.93955989999995,0.488443407854303,0.5839211443973543,0.5679423585725534,0.0021949757068885963
Defect_L11_B4_el127_H4_W4.npy,-343.83635600000025,76.02610077999998,0.4731281679956047,0.5889086551405465,0.5679443884611456,0.0025982508507723175
Defect_L11_B50_el1163_H4_W4.npy,-287.56807475999994,62.061330000000225,0.4886446041702957,0.5850577560242605,0.567944010449624,0.0021943276262209903
Defect_L11_B51_el1167_H4_W4.npy,-284.67243050000025,74.8753790000003,0.4894431016248964,0.5885913342510379,0.5679461078018061,0.0021792315342021116
Defect_L11_B52_el1171_H4_W4.npy,-270.78742599999987,110.95096999999987,0.49327200454074366,0.5985394718674723,0.5679490320595554,0.002084523602484833
Defect_L11_B53_el1459_H4_W4.npy,-273.96026300000017,110.49682999999959,0.4923970689337146,0.5984142390690095,0.567949670282178,0.002111751221152331
Defect_L11_B54_el1463_H4_W4.npy,-286.14003,75.22281099999964,0.4890383991269717,0.588687141450658,0.5679464605713161,0.002193300132080239
Defect_L11_B55_el1467_H4_W4.npy,-286.41559794499994,62.031460199999856,0.488962409024979,0.5850495191839831,0.5679437846070696,0.0021885114848063233
Defect_L11_B56_el1471_H4_W4.npy,-284.4248368000001,57.644634100000076,0.4895113776013194,0.5838398162094104,0.5679417941962703,0.002168691930133178
Defect_L11_B57_el1475_H4_W4.npy,-282.78806910000003,55.70333039999991,0.48996272960621756,0.5833044859257597,0.5679405956259457,0.002154187921173675
Defect_L11_B58_el1479_H4_W4.npy,-283.3657979999998,54.92386170000009,0.48980341616344714,0.5830895410924152,0.567940213243697,0.002158280648568203
Defect_L11_B59_el1483_H4_W4.npy,-286.1924918000002,54.63361399999985,0.4890239323589565,0.5830095029285925,0.5679402715736953,0.002180071676414676
Defect_L11_B5_el131_H4_W4.npy,-338.0214050000002,74.65010120000034,0.4747316880261102,0.5885292120655323,0.567943753953751,0.0025591892375841194
Defect_L11_B60_el1487_H4_W4.npy,-288.6525058,55.3313713,0.48834556349147623,0.5832019151788388,0.5679403844824107,0.0022000008651451098
Defect_L11_B61_el1491_H4_W4.npy,-289.4611090000003,56.482464700000264,0.4881225845828094,0.5835193385455849,0.5679409694490797,0.002208410720303937
Defect_L11_B62_el1495_H4_W4.npy,-289.4016961000002,58.33574040000008,0.4881389681731819,0.5840303943923149,0.5679422028765136,0.002210412324900234
Defect_L11_B63_el1499_H4_W4.npy,-288.72100110999986,62.489734,0.48832667535268015,0.5851758919114154,0.5679439259769751,0.0022093661314605125
Defect_L11_B64_el1503_H4_W4.npy,-285.95483330000025,75.41606699999988,0.4890894686231778,0.5887404333643845,0.5679461388875016,0.0021944852371059095
Defect_L11_B65_el1507_H4_W4.npy,-271.99903399999994,111.94849999999997,0.4929378937808902,0.5988145488777566,0.5679489958531679,0.002100201579673255
Defect_L11_B66_el1795_H4_W4.npy,-270.4243100000001,111.73919999999998,0.4933721367309198,0.5987568327005465,0.567949090362417,0.0020824541105769192
Defect_L11_B67_el1799_H4_W4.npy,-282.63421019999987,74.40990999999963,0.4900051574492075,0.5884629773886877,0.5679462001060611,0.002164844061959621
Defect_L11_B68_el1803_H4_W4.npy,-282.8520744900002,61.66956600000026,0.48994507959937733,0.5849497239150938,0.5679437397475208,0.0021594162399955624
Defect_L11_B69_el1807_H4_W4.npy,-280.3806708000002,57.446529200000214,0.49062658926650615,0.5837851871720736,0.5679419486054487,0.0021362087615328425
Defect_L11_B6_el135_H4_W4.npy,-331.747032,73.31715809999969,0.4764618974095363,0.5881616421650508,0.5679433135468835,0.002515786232249588
Defect_L11_B70_el1811_H4_W4.npy,-277.7421007999999,55.58800289999999,0.4913541964031598,0.583272683429691,0.5679407303713498,0.002115693191705988
Defect_L11_B71_el1815_H4_W4.npy,-278.3995674,55.001490700000204,0.4911728946411177,0.5831109479205121,0.5679404523061943,0.0021234836394610035
Defect_L11_B72_el1819_H4_W4.npy,-283.3762463999999,54.73721380000029,0.48980053493217157,0.5830380714160066,0.5679406960609047,0.0021629540007908742
Defect_L11_B73_el1823_H4_W4.npy,-288.36298450000027,56.02455480000003,0.488425401344591,0.583393066166537,0.5679405639494786,0.0022011131398468327
Defect_L11_B74_el1827_H4_W4.npy,-289.3334577999999,57.15622759999974,0.48815778543938043,0.5837051341448874,0.5679409999848268,0.0022094010008597916
Defect_L11_B75_el1831_H4_W4.npy,-288.2693159999999,58.74450100000013,0.48845123119526007,0.5841431134521627,0.5679421838411592,0.0022014179675970483
Defect_L11_B76_el1835_H4_W4.npy,-286.95902345000013,62.63693900000021,0.4888125550223648,0.585216484887365,0.5679436617498818,0.0021940147259455938
Defect_L11_B77_el1839_H4_W4.npy,-283.94324329999995,75.14945899999998,0.489644180925683,0.5886669140400957,0.5679457190918717,0.002176605251469527
Defect_L11_B78_el1843_H4_W4.npy,-269.68068730000005,114.07714999999962,0.49357719673823347,0.5994015414272957,0.5679483667956954,0.0020784405907422927
Defect_L11_B79_el2131_H4_W4.npy,-266.08509930000014,108.84299999999985,0.49456870937169245,0.5979581819961208,0.5679468973648463,0.002052387806131266
Defect_L11_B7_el139_H4_W4.npy,-325.21446500000025,71.89747270000021,0.47826330588832117,0.5877701523698806,0.5679429982954188,0.002468984453188332
Defect_L11_B80_el2135_H4_W4.npy,-281.0458642000001,72.50265100000001,0.490443156776523,0.5879370352079434,0.5679451522407244,0.002155071071620678
Defect_L11_B81_el2139_H4_W4.npy,-284.3073751000002,60.202191000000084,0.48954376862039545,0.5845450833248699,0.5679437978322625,0.0021723437844179782
Defect_L11_B82_el2143_H4_W4.npy,-283.60718750000024,57.678483700000015,0.48973685104563197,0.5838491505119049,0.5679429643878134,0.0021614412250614023
Defect_L11_B83_el2147_H4_W4.npy,-279.72100720000003,55.34421468000028,0.49080849686916617,0.5832054568453275,0.5679421658558318,0.00213441001029275
Defect_L11_B84_el2151_H4_W4.npy,-278.68079550000016,55.23761079999986,0.49109534370535035,0.5831760599584216,0.5679429664131176,0.0021424664000633687
Defect_L11_B85_el2155_H4_W4.npy,-285.5753687000001,54.83215578000022,0.4891941090727651,0.5830642524391426,0.5679438908654604,0.002203053954863801
Defect_L11_B86_el2159_H4_W4.npy,-295.77099939999994,57.21231849999981,0.48638258098747494,0.5837206016667428,0.56794261840504,0.0022744127521283804
Defect_L11_B87_el2163_H4_W4.npy,-294.9100255999999,57.863701900000024,0.4866200015150151,0.5839002259369108,0.5679415860950582,0.0022592109465240807
Defect_L11_B88_el2167_H4_W4.npy,-289.65850950000004,58.21813030000021,0.4880681497895013,0.583997962450732,0.5679421332823277,0.002211268418746651
Defect_L11_B89_el2171_H4_W4.npy,-286.2479635300001,61.7568960000001,0.48900863557826457,0.5849738058728374,0.5679428714202597,0.002186533397248531
Defect_L11_B8_el143_H4_W4.npy,-318.2654050000001,70.3128022999997,0.48017956569914066,0.587333166619158,0.5679427840305686,0.0024174233785519564
Defect_L11_B90_el2175_H4_W4.npy,-282.30836820000013,74.02505499999984,0.4900950110307388,0.5883568504924612,0.567944458666867,0.0021621921889870433
Defect_L11_B91_el2179_H4_W4.npy,-267.71362810000005,112.70854000000008,0.49411962931047526,0.5990241360890651,0.5679466939858344,0.0020627205944007236
Defect_L11_B92_el2467_H4_W4.npy,-240.64622559999998,97.43038999999976,0.5015836856855855,0.5948110619713181,0.5679365049157884,0.0018708159886792217
Defect_L11_B93_el2471_H4_W4.npy,-264.20014889999993,68.2782403000001,0.4950884997745539,0.5867721196008246,0.5679391626264637,0.0020539872860219164
Defect_L11_B94_el2475_H4_W4.npy,-282.46817373,74.7230962000001,0.4900509433561634,0.5885493410304414,0.5679449981908798,0.0022005263688112623
Defect_L11_B95_el2479_H4_W4.npy,-303.3642697,80.03495319999956,0.48428867494715017,0.5900141287988473,0.567953579140896,0.0023607024658386954
Defect_L11_B96_el2499_H4_W4.npy,-302.01083700000027,65.16200049999952,0.4846618950214708,0.5859127911319932,0.5679459307432644,0.0023149677156619015
Defect_L11_B97_el2503_H4_W4.npy,-279.37965639999993,62.886954599999626,0.49090262712842875,0.5852854287224099,0.5679434309950162,0.002125319652067954
Defect_L11_B98_el2507_H4_W4.npy,-269.37688133999995,59.48392880000006,0.4936609737025186,0.5843470166816849,0.5679398661115128,0.0020535478219740853
Defect_L11_B99_el2511_H4_W4.npy,-264.5447042999999,66.13850300000013,0.49499348582077873,0.5861820696381388,0.5679386938519424,0.0020204161282288678
Defect_L11_B9_el147_H4_W4.npy,-310.73206200000004,68.51638040000012,0.4822569462991093,0.5868377886701628,0.5679426547603769,0.0023589550977434334
Defect_L12_B100_el2515_H4_W4.npy,-376.58971399999973,166.8358800000001,0.4640961631482181,0.6139501903048238,0.5679366228298477,0.0028837108785207555
Defect_L12_B101_el2803_H4_W4.npy,-283.2252573999999,131.31861999999978,0.4898421713768959,0.6041560170024742,0.5679122753847898,0.002200381078484767
Defect_L12_B102_el2807_H4_W4.npy,-283.45366490000004,77.24664699999994,0.4897791861511617,0.5892452306872584,0.5679098492215034,0.002195615865250832
Defect_L12_B103_el2811_H4_W4.npy,-262.89611669999977,69.56190379999998,0.4954480972592316,0.5871261002508212,0.567909676739845,0.0020793578092674916
Defect_L12_B104_el2815_H4_W4.npy,-250.37562920000005,72.94473860000016,0.49890072351488585,0.5880589444590856,0.5679211274841653,0.001974203968614207
Defect_L12_B105_el2835_H4_W4.npy,-2006.7815999999998,85.91880899999978,0.01455749244084918,0.5916366498883467,0.5679500398863025,0.004891889008837375
Defect_L12_B106_el2839_H4_W4.npy,-2052.0179,58.9548870000001,0.002083214814785861,0.5842011291027053,0.5678872714999657,0.00505776838437713
Defect_L12_B107_el2843_H4_W4.npy,-2054.3617999999997,57.312636800000064,0.0014368653271458925,0.5837482652538437,0.5678721209178604,0.005185010519342651
Defect_L12_B108_el2847_H4_W4.npy,-291.2698894,73.119009,0.48762379867692895,0.5881070009392045,0.5679120590165383,0.0022108636912200833
Defect_L12_B109_el2851_H4_W4.npy,-299.94731079999997,134.85618,0.4852309291535165,0.6051315279429988,0.567914379449624,0.002294204948420773
Defect_L12_B10_el151_H4_W4.npy,-441.590328,100.32415549999996,0.44617171519600757,0.5956090413425692,0.5679428762552514,0.0033630143233806743
Defect_L12_B110_el3139_H4_W4.npy,-329.9422889999996,139.45706000000018,0.47695956996953126,0.6064002580213698,0.5679221456531875,0.0025052882072771105
Defect_L12_B111_el3143_H4_W4.npy,-327.0523403999998,76.93705900000009,0.4777564967995649,0.5891598592784186,0.5679221725316967,0.002454078905212489
Defect_L12_B112_el3147_H4_W4.npy,-306.56332290000023,75.57874819999984,0.4834065100097581,0.5887852940283499,0.5679302748238204,0.0023215549995070977
Defect_L12_B113_el3151_H4_W4.npy,-288.12147920000007,167.71429999999998,0.48849199839519786,0.6141924217639018,0.5679622929034586,0.0022722814695348642
Defect_L12_B114_el3171_H4_W4.npy,-472.9842381000001,157.7933101000001,0.4375145891632623,0.6114566281128301,0.5680647677612896,0.003831402453850984
Defect_L12_B115_el3175_H4_W4.npy,-377.8147547000001,117.30631349999999,0.4637583482120931,0.6002920095247962,0.5679740198751464,0.003123321837982677
Defect_L12_B116_el3179_H4_W4.npy,-344.85988969999994,99.2020293999999,0.47284592025356065,0.5952996059443856,0.5679342209733859,0.002768023340306799
Defect_L12_B117_el3183_H4_W4.npy,-329.18018120000033,97.64174999999977,0.47716972739350666,0.594869346210282,0.5679205153047152,0.002578981354210381
Defect_L12_B118_el3187_H4_W4.npy,-305.99563309999985,149.14647000000014,0.483563055089057,0.6090721916316065,0.5679167408281505,0.0023937121560203066
Defect_L12_B119_el3475_H4_W4.npy,-388.18008899999995,168.1636500000002,0.46090002297892513,0.6143163336809081,0.5679404838942481,0.002979222828798693
Defect_L12_B11_el155_H4_W4.npy,-427.28763200000003,97.81983639999976,0.4501157999400115,0.5949184549834361,0.5679430361243666,0.0032452537464525435
Defect_L12_B120_el3479_H4_W4.npy,-406.7669126999999,97.70839999999998,0.4557745551793816,0.594887725489838,0.567939233955745,0.0030761848018546344
Defect_L12_B121_el3483_H4_W4.npy,-413.2217188500001,89.51694520000024,0.45399458988740315,0.59262886520868,0.5679398700072034,0.003106660806763819
Defect_L12_B122_el3487_H4_W4.npy,-420.7000320000002,89.1734892999998,0.45193238421612275,0.5925341544509719,0.5679424784200647,0.0031611039515119046
Defect_L12_B123_el3491_H4_W4.npy,-436.51189109999996,85.24140000000034,0.44757213547346275,0.5914498488473159,0.567943541679988,0.003306772542325615
Defect_L12_B124_el3495_H4_W4.npy,-451.41378039999995,82.32393809999985,0.44346281830382106,0.5906453350010449,0.5679514113889644,0.0034360751810526852
Defect_L12_B125_el3499_H4_W4.npy,-443.5877473899998,81.28981349999958,0.4456209105544578,0.5903601667321912,0.5679654704929691,0.003437126818841299
Defect_L12_B126_el3503_H4_W4.npy,-456.1173279400002,94.735952,0.4421657768163132,0.5940680487792972,0.5679577204988245,0.0035070770752366805
Defect_L12_B127_el3507_H4_W4.npy,-468.8313198999999,107.0699830000001,0.43865979013206685,0.5974692581386497,0.5679526371060633,0.0036205839303776344
Defect_L12_B128_el3511_H4_W4.npy,-461.18803460000004,109.50949999999989,0.4407674882154072,0.5981419747916805,0.5679565326479946,0.0035448599023530825
Defect_L12_B129_el3515_H4_W4.npy,-440.05660627,107.72619869999994,0.4465946514366185,0.5976502149548433,0.5679488670171102,0.0033735239986041423
Defect_L12_B12_el159_H4_W4.npy,-410.5826510000004,102.47665869999992,0.4547223343102431,0.5962026116060034,0.5679443223572944,0.0031060117493222432
Defect_L12_B130_el3519_H4_W4.npy,-415.3171878999999,113.87336199999982,0.45341674725468295,0.599345345228914,0.5679419211197143,0.0031830367554353087
Defect_L12_B131_el3523_H4_W4.npy,-379.83980700000006,179.75921000000017,0.4631999235708758,0.6175139036561198,0.567937858983472,0.002940084738069907
Defect_L12_B132_el3811_H4_W4.npy,-373.38246500000014,171.04634999999985,0.4649805881441154,0.6151112616505396,0.5679360233346857,0.0029020864328330146
Defect_L12_B133_el3815_H4_W4.npy,-409.6721821000001,108.58513500000004,0.4549734035141457,0.5978870736251878,0.5679405577518998,0.003150171833330794
Defect_L12_B134_el3819_H4_W4.npy,-435.5919904300001,108.97888429999989,0.4478258055646501,0.5979956531969756,0.567947263885165,0.003340192601507705
Defect_L12_B135_el3823_H4_W4.npy,-455.2941370000001,107.9261406999999,0.4423927784129253,0.597705350587446,0.5679532069671908,0.0034817815826770427
Defect_L12_B136_el3827_H4_W4.npy,-460.01664830000027,94.23190179999983,0.4410905075143676,0.5939290528372712,0.5679521128380254,0.0035015235988809655
Defect_L12_B137_el3831_H4_W4.npy,-458.5428303000001,85.99139070000001,0.44149692481424163,0.5916566648824195,0.5679618223791137,0.0035066398799372045
Defect_L12_B138_el3835_H4_W4.npy,-453.8301868619999,80.05722190000006,0.44279647456959875,0.5900202695739809,0.5679736607592144,0.0035177640809497964
Defect_L12_B139_el3839_H4_W4.npy,-467.13083870000014,1473.1201,0.4391287116527637,0.9741686878129215,0.5679885433373535,0.004971973769911271
Defect_L12_B13_el163_H4_W4.npy,-384.9331739999998,157.62554,0.4617953861969211,0.6114103641433023,0.5679502898364356,0.0029345938595553775
Defect_L12_B140_el3843_H4_W4.npy,-461.7192911999996,95.02068029999987,0.4406209898873151,0.5941465649236812,0.5679446621531828,0.003531422565585892
Defect_L12_B141_el3847_H4_W4.npy,-434.8363448,90.21445660000018,0.44803418099269227,0.5928212096500014,0.5679435325457759,0.0032702103214573837
Defect_L12_B142_el3851_H4_W4.npy,-417.59462089,89.15351140000007,0.45278872658561814,0.5925286453825692,0.5679387969122431,0.003137705583295708
Defect_L12_B143_el3855_H4_W4.npy,-404.98309070000005,99.24918999999977,0.45626645860347853,0.5953126108633866,0.56793663679154,0.003056721296126831
Defect_L12_B144_el3859_H4_W4.npy,-382.2984590000001,171.87215000000015,0.4625219302859724,0.615338982716666,0.5679366024026024,0.0029255681325717486
Defect_L12_B145_el4147_H4_W4.npy,-257.7752776000001,128.71726999999987,0.49686021028818833,0.6034386735835262,0.5679115656365359,0.0020776226333579424
Defect_L12_B146_el4151_H4_W4.npy,-296.3172258999998,96.31904740000004,0.48623195458770946,0.5945046002109605,0.5679241269989144,0.0024263478845302365
Defect_L12_B147_el4155_H4_W4.npy,-333.3906617,117.75704040000005,0.4760086531523304,0.6004163011331755,0.5679527220498385,0.002826507401419143
Defect_L12_B148_el4159_H4_W4.npy,-383.41198239999994,143.61892000000034,0.4622148671522785,0.6075479247642468,0.5680074298016601,0.0033852465549032824
Defect_L12_B149_el4179_H4_W4.npy,-333.44519889000003,128.79381400000057,0.4759936140786439,0.603459781214049,0.5680747886390202,0.002656090970711582
Defect_L12_B14_el451_H4_W4.npy,-424.8010069999998,190.9409599999999,0.4508015070071658,0.6205973621583676,0.5679517749817388,0.003264090621194841
Defect_L12_B150_el4183_H4_W4.npy,-274.8392079,115.07805181999993,0.49215469272919277,0.5996775482443678,0.567984654345669,0.002202540288278042
Defect_L12_B151_el4187_H4_W4.npy,-271.8506006,89.0235768,0.4929788254981301,0.5924928148598777,0.5679389471607951,0.002132090364476389
Defect_L12_B152_el4191_H4_W4.npy,-288.7895030999998,73.0615252,0.4883077853718197,0.5880911493138461,0.5679191269327352,0.0021830827945206275
Defect_L12_B153_el4195_H4_W4.npy,-293.4189299999996,121.73355000000015,0.4870311832536057,0.6015128559958214,0.5679125815524186,0.0022168844561182253
Defect_L12_B154_el4483_H4_W4.npy,-144.09534800000006,68.80285000000003,0.5282083754197693,0.5869167849921835,0.5679044421589933,0.001126800151796499
Defect_L12_B155_el4487_H4_W4.npy,-141.81255130000005,41.06833639999991,0.528837875175489,0.5792687673057185,0.5679069579329352,0.0011214596513631852
Defect_L12_B156_el4491_H4_W4.npy,-127.12849829999999,36.91140829999995,0.5328871222137708,0.5781224605743771,0.5679127483857539,0.001034232063906076
Defect_L12_B157_el4495_H4_W4.npy,-105.57161239999999,39.26925639999996,0.5388316088201017,0.5787726563640302,0.5679238497862025,0.0008886455170199559
Defect_L12_B158_el4515_H4_W4.npy,-145.5775,42.65770099999999,0.5277996599516159,0.5797070475202684,0.5679603966387204,0.0006360054741461722
Defect_L12_B159_el4519_H4_W4.npy,-63.11427219999996,37.97626989999998,0.5505395656803891,0.5784161048209607,0.5679393963401714,0.0006285493943870126
Defect_L12_B15_el455_H4_W4.npy,-444.52116999999976,113.15253299999995,0.44536351167834315,0.5991465707697536,0.5679477613162299,0.003382052424723157
Defect_L12_B160_el4523_H4_W4.npy,-88.77346510000007,35.4483944000001,0.543463834555268,0.5777190225929466,0.5679207524066322,0.0008160595871171977
Defect_L12_B161_el4527_H4_W4.npy,-133.86573270000008,37.74576119999995,0.5310292750349019,0.5783525401722378,0.5679086051730607,0.0010525700226729526
Defect_L12_B162_el4531_H4_W4.npy,-158.77711450000004,72.40101000000004,0.5241597589024583,0.5879090068755601,0.5679024976964223,0.001214638734671577
Defect_L12_B163_el4819_H4_W4.npy,-189.65095500000018,80.00750999999991,0.5156460462915728,0.5900065611132553,0.5679042906889658,0.0014479034704119808
Defect_L12_B164_el4823_H4_W4.npy,-167.1312114000001,47.100254500000005,0.5218560487394778,0.5809321177786149,0.5679136143005877,0.0013123299505116046
Defect_L12_B165_el4827_H4_W4.npy,-123.20743049999999,52.69879400000002,0.5339683885491655,0.5824759605779481,0.567933126249736,0.00113504199551305
Defect_L12_B166_el4831_H4_W4.npy,-105.91735589999996,68.35084859999995,0.5387362672380889,0.5867921419300637,0.5679662943451166,0.0010584343635258297
Defect_L12_B167_el4851_H4_W4.npy,-142.60229164999998,65.19092289999998,0.5286200978511187,0.5859207667190155,0.5679576746106947,0.0012025871709107079
Defect_L12_B168_el4855_H4_W4.npy,-171.05007642000004,75.36557730000015,0.520775389838583,0.5887265104189833,0.5679395376853394,0.0014993169430791637
Defect_L12_B169_el4859_H4_W4.npy,-181.70433827,63.408887750000076,0.5178373904836916,0.5854293560333382,0.5679214071793073,0.0015215772616821073
Defect_L12_B16_el459_H4_W4.npy,-448.0999194000001,97.36110250000002,0.44437664242578023,0.5947919553796868,0.5679453992116426,0.0033908293050159536
Defect_L12_B170_el4863_H4_W4.npy,-181.56189029999996,61.394933700000024,0.5178766716699302,0.5848739918248191,0.5679111338259257,0.0014872763439220343
Defect_L12_B171_el4867_H4_W4.npy,-172.07765949999998,94.62477000000001,0.5204920254470707,0.5940373894385682,0.5679063738412296,0.0013958157517762937
Defect_L12_B172_el5155_H4_W4.npy,-336.4725870000002,136.82265999999981,0.4751587871859496,0.6056738007961301,0.5679219152342473,0.002538839136360042
Defect_L12_B173_el5159_H4_W4.npy,-346.666029,81.4978701,0.47234786265248485,0.5904175400317391,0.567925270873841,0.0025911394987104754
Defect_L12_B174_el5163_H4_W4.npy,-352.1989526,85.17546959999981,0.4708221139712223,0.5914316680033121,0.5679355179857765,0.002632375733299322
Defect_L12_B175_el5167_H4_W4.npy,-376.8175781000002,100.04780402000006,0.4640333277694533,0.5955328351744278,0.5679552053559861,0.002813569118521226
Defect_L12_B176_el5187_H4_W4.npy,-573.09836292,153.6502000000005,0.409907305028728,0.6103141318073687,0.568044594070328,0.004415039745378822
Defect_L12_B177_el5191_H4_W4.npy,-474.51238319999993,144.66491439999982,0.437093190723728,0.6078363662269858,0.5680000892077658,0.0037734226648006167
Defect_L12_B178_el5195_H4_W4.npy,-409.00495780000006,122.48910510000019,0.45515739604132094,0.6017212064594799,0.5679613781819596,0.0032678592505485386
Defect_L12_B179_el5199_H4_W4.npy,-362.21430780000014,113.43543799999998,0.4680602983212147,0.599224584124334,0.5679369873338178,0.0028776744386668886
Defect_L12_B17_el463_H4_W4.npy,-447.5865547000001,92.30634289999989,0.4445182069169349,0.593398064310271,0.567943815705925,0.0033768675630509357
Defect_L12_B180_el5203_H4_W4.npy,-316.64028899999994,168.91042999999968,0.48062770465300203,0.6145222643393745,0.5679241257143393,0.0025288310489378955
Defect_L12_B181_el5491_H4_W4.npy,-402.9390470000001,173.14665999999988,0.4568301202777005,0.6156904392145933,0.5679417026464282,0.003058120161345888
Defect_L12_B182_el5495_H4_W4.npy,-425.79388740000036,101.82451199999991,0.4505277121618959,0.5960227768496524,0.5679402158873725,0.003195203290345482
Defect_L12_B183_el5499_H4_W4.npy,-437.1468433999996,91.19272499999988,0.44739704221275167,0.5930909751174336,0.5679406875185826,0.003269231938355844
Defect_L12_B184_el5503_H4_W4.npy,-451.14971326,94.2497100999999,0.4435356369653004,0.5939339636208288,0.5679433961084212,0.003381497395431537
Defect_L12_B185_el5507_H4_W4.npy,-470.70396930000015,168.084,0.4381433918299979,0.6142943695456247,0.567950819674455,0.0035749231145980123
Defect_L12_B186_el5511_H4_W4.npy,-475.6432834999998,95.58020584999986,0.436781335768535,0.5943008586446437,0.5679489111809346,0.003592392452549442
Defect_L12_B187_el5515_H4_W4.npy,-2059.5596,82.87253929999997,3.529704100760634e-06,0.5907966162436485,0.5679152534872244,0.00589953254557958
Defect_L12_B188_el5519_H4_W4.npy,-443.06002710000007,80.67956290000006,0.4457664337163071,0.5901918851661508,0.5679497932181236,0.003305390047538944
Defect_L12_B189_el5523_H4_W4.npy,-441.83464849999973,82.17991939999979,0.44610434183110514,0.5906056206732341,0.5679448920589415,0.0032982551615488307
Defect_L12_B18_el467_H4_W4.npy,-445.54490039999996,90.22255997000025,0.4450812096946742,0.5928234442201826,0.5679429495328122,0.003356394283727607
Defect_L12_B190_el5527_H4_W4.npy,-449.2872685399998,92.0215790000002,0.4440492212438661,0.5933195383488976,0.5679465696455033,0.0033648275075624304
Defect_L12_B191_el5531_H4_W4.npy,-447.28442940000014,100.42426820000014,0.44460152042555645,0.5956366482337981,0.5679468515324833,0.003367368867703159
Defect_L12_B192_el5535_H4_W4.npy,-436.7047556,115.71530000000007,0.4475189515190453,0.599853274612661,0.5679466792404568,0.0033107985476810388
Defect_L12_B193_el5539_H4_W4.npy,-410.8281810000001,197.51843999999983,0.454654627415879,0.6224111557621742,0.5679476531503631,0.003167741138050547
Defect_L12_B194_el5827_H4_W4.npy,-413.2122370000002,181.13583999999992,0.4539972045846553,0.6178935205745761,0.5679471823927772,0.003141068377517798
Defect_L12_B195_el5831_H4_W4.npy,-436.0327156999999,108.15348599999993,0.4477042719870852,0.5977680429028914,0.5679450251500732,0.003278273005284478
Defect_L12_B196_el5835_H4_W4.npy,-445.4573845,97.21590219999985,0.44510534291585485,0.5947519152160661,0.5679443941909186,0.0033374683377758703
Defect_L12_B197_el5839_H4_W4.npy,-453.08679000000006,95.77798930000017,0.4430014723002471,0.5943553990395288,0.5679448318402436,0.0033951315220201264
Defect_L12_B198_el5843_H4_W4.npy,-459.1282329750002,96.09448660000021,0.441335495265605,0.594442675744036,0.5679450400046665,0.0034419674094516802
Defect_L12_B199_el5847_H4_W4.npy,-458.5012672099999,92.32335670000043,0.4415083861743365,0.5934027560039923,0.5679450007644533,0.003426186273899791
Defect_L12_B19_el471_H4_W4.npy,-442.85383360000014,89.23964349999983,0.4458232932508775,0.5925523970096457,0.5679425875222275,0.003334175010640724
Defect_L12_B1_el115_H4_W4.npy,-487.71063299999946,218.0654500000005,0.4334536660016944,0.6280771608758884,0.5679508490391056,0.0038425565415383337
Defect_L12_B200_el5851_H4_W4.npy,-448.15428770000017,84.66235644000017,0.44436164992488475,0.5912901728763583,0.5679452037469355,0.0033360085750336363
Defect_L12_B201_el5855_H4_W4.npy,-439.09668449000014,82.6038731000001,0.4468593576743749,0.5907225293539705,0.5679421839089572,0.003257710920167904
Defect_L12_B202_el5859_H4_W4.npy,-437.6278030999997,84.05374289999963,0.4472644136638927,0.5911223427429267,0.5679408832148489,0.0032473341391826135
Defect_L12_B203_el5863_H4_W4.npy,-443.0455274000003,87.71407169999975,0.4457704321265062,0.5921317081785145,0.567942728117219,0.00329628998013779
Defect_L12_B204_el5867_H4_W4.npy,-447.6711874,96.60553079999977,0.444494868761603,0.5945836003384433,0.5679451271565098,0.003345543893306462
Defect_L12_B205_el5871_H4_W4.npy,-447.45689800000014,114.69449099999974,0.44455396080644133,0.5995717782288015,0.5679484119459091,0.003368770988498924
Defect_L12_B206_el5875_H4_W4.npy,-430.771663,201.05628000000024,0.44915505005658135,0.6233867439149763,0.5679531733410822,0.0032961221686021334
Defect_L12_B207_el6163_H4_W4.npy,-409.853926,180.95377000000008,0.4549232861556208,0.617843313291324,0.5679478698816246,0.00311337415660056
Defect_L12_B208_el6167_H4_W4.npy,-433.31918199999996,108.69752400000016,0.44845255097368397,0.5979180658059832,0.5679456966767087,0.003254092519848473
Defect_L12_B209_el6171_H4_W4.npy,-443.67181959999994,98.10153790000004,0.4455977269588017,0.5949961364631035,0.5679449310628305,0.0033184647308380994
Defect_L12_B20_el475_H4_W4.npy,-439.7003226999998,88.74356539999985,0.4466928995286549,0.5924155994390307,0.567942574789278,0.003310779043798332
Defect_L12_B210_el6175_H4_W4.npy,-451.2255754999999,96.280258,0.4435147173356425,0.5944939037184411,0.5679447914639094,0.003371650515476587
Defect_L12_B211_el6179_H4_W4.npy,-456.5040451,96.49432450000018,0.4420591364143219,0.5945529342967918,0.5679445411660006,0.0034088715366529364
Defect_L12_B212_el6183_H4_W4.npy,-458.79851470000017,94.77392209999971,0.441426417761493,0.5940785193431781,0.567944242529981,0.0034181401097374744
Defect_L12_B213_el6187_H4_W4.npy,-456.73735139999985,91.87603560000002,0.44199480030464655,0.5932794035726617,0.5679439158344273,0.003392653378565182
Defect_L12_B214_el6191_H4_W4.npy,-454.16504180000015,90.07392869999967,0.44270413559711264,0.5927824579386808,0.5679425109021843,0.003366255246946454
Defect_L12_B215_el6195_H4_W4.npy,-454.82309919999966,90.81097269999987,0.4425226709171658,0.5929857038159658,0.5679420559990378,0.003371969834251897
Defect_L12_B216_el6199_H4_W4.npy,-458.6832820999998,94.55725886000027,0.44145819408811515,0.5940187726926538,0.5679435488122411,0.003408286451977955
Defect_L12_B217_el6203_H4_W4.npy,-462.03787150000016,101.67651429999978,0.44053313877861694,0.595981965280231,0.5679458571085874,0.003446619497871499
Defect_L12_B218_el6207_H4_W4.npy,-461.0940619999999,118.52282200000036,0.4407934019241244,0.6006274716373798,0.5679490045975131,0.0034628699044334005
Defect_L12_B219_el6211_H4_W4.npy,-443.4133499999998,204.97812000000022,0.445669002053102,0.6244682231908012,0.5679536953761077,0.0033783319665705597
Defect_L12_B21_el479_H4_W4.npy,-435.91634999999997,88.37162749999993,0.4477363607752476,0.5923130345381821,0.5679427543061427,0.00328404926214559
Defect_L12_B22_el483_H4_W4.npy,-431.53371200000015,88.23393220000003,0.4489449088471839,0.5922750639393487,0.5679431656516174,0.0032534823764600544
Defect_L12_B23_el487_H4_W4.npy,-426.55831969999986,88.75701650000019,0.45031691373814053,0.5924193086892517,0.5679439004020223,0.0032196679356824545
Defect_L12_B24_el491_H4_W4.npy,-420.63676780000014,91.61898399999995,0.45194982983379245,0.5932085195033936,0.5679450886167475,0.003182296097319142
Defect_L12_B25_el495_H4_W4.npy,-411.9055152000001,103.2964470999998,0.45435754374840726,0.5964286749245379,0.5679468070769079,0.0031323522245872907
Defect_L12_B26_el499_H4_W4.npy,-389.839436,172.0002800000002,0.46044244454841743,0.6153743156062309,0.5679497427458748,0.002998759872356849
Defect_L12_B27_el787_H4_W4.npy,-413.1944510000001,182.00680999999986,0.4540021092188066,0.6181336976355641,0.5679522342287407,0.003177163986636343
Defect_L12_B28_el791_H4_W4.npy,-431.23613950000026,109.35000899999977,0.4490269668841781,0.5980979938513105,0.5679480566977637,0.0032801988580809537
Defect_L12_B29_el795_H4_W4.npy,-433.3430916,91.12994719999983,0.4484459577070303,0.5930736636285198,0.567945114441127,0.00327782500973718
Defect_L12_B2_el119_H4_W4.npy,-510.5080979999998,132.08295850000013,0.4271670796190666,0.6043667895601169,0.5679477684688163,0.003909465218307552
Defect_L12_B30_el799_H4_W4.npy,-432.2957772999998,85.20835169999987,0.44873476314292904,0.5914407355098131,0.5679430349098109,0.003259527555837762
Defect_L12_B31_el803_H4_W4.npy,-430.87656719000006,83.15621957000008,0.4491261218730164,0.5908748433852364,0.5679418679321478,0.003243485209648734
Defect_L12_B32_el807_H4_W4.npy,-430.0616043299999,82.69979781999973,0.44935085450965057,0.590748981375654,0.5679414410170418,0.0032352825436238334
Defect_L12_B33_el811_H4_W4.npy,-429.77213556000015,83.01112420000004,0.4494306778771906,0.5908348321569169,0.5679415095347349,0.003233902882300041
Defect_L12_B34_el815_H4_W4.npy,-429.2789953900001,83.7594663299999,0.4495666652897143,0.5910411935854355,0.5679418415694115,0.0032330414239100636
Defect_L12_B35_el819_H4_W4.npy,-428.3119015100001,84.86412197000004,0.44983334929237556,0.5913458113621892,0.5679424745019379,0.003229663092995801
Defect_L12_B36_el823_H4_W4.npy,-426.835996,86.75562420000006,0.45024034224010956,0.5918674084854583,0.5679435065726248,0.003223675601246082
Defect_L12_B37_el827_H4_W4.npy,-424.4019937999999,91.20604950000006,0.4509115381421893,0.593094649456675,0.5679450543226805,0.003214093690074128
Defect_L12_B38_el831_H4_W4.npy,-419.0214841999998,105.54127999999992,0.45239525742338826,0.5970477058536529,0.5679471374223573,0.003189712360905245
Defect_L12_B39_el835_H4_W4.npy,-399.203176,177.02874999999995,0.4578603170893133,0.6167609571046365,0.5679504375778055,0.0030736576024561254
Defect_L12_B3_el123_H4_W4.npy,-509.89685699999995,118.94589680000036,0.4273356342959617,0.6007441379542933,0.5679463574784637,0.003875486895983744
Defect_L12_B40_el1123_H4_W4.npy,-410.4581889999997,180.0694800000001,0.4547566557189769,0.6175994631320062,0.567952550132406,0.003157397862068476
Defect_L12_B41_el1127_H4_W4.npy,-427.78701509999996,108.20911900000033,0.4499780909887674,0.5977833841550976,0.567948272851542,0.0032531967955046937
Defect_L12_B42_el1131_H4_W4.npy,-428.82630489999997,88.83030929999995,0.4496914983740059,0.5924395197749327,0.5679448992504716,0.0032421002365474023
Defect_L12_B43_el1135_H4_W4.npy,-426.86173605,82.3584945,0.4502332442119815,0.5906548642093877,0.5679424176482376,0.003216106001954166
Defect_L12_B44_el1139_H4_W4.npy,-425.030436,80.44487580999998,0.4507382400944989,0.5901271682924032,0.5679409982725546,0.0031965978804223984
Defect_L12_B45_el1143_H4_W4.npy,-424.90517120000004,80.15367336999998,0.45077278288186157,0.590046866851261,0.5679405711273423,0.003193815031660767
Defect_L12_B46_el1147_H4_W4.npy,-426.38865069999997,81.24806834000015,0.45036370134478687,0.5903486551648132,0.5679407837522396,0.0032068124244908533
Defect_L12_B47_el1151_H4_W4.npy,-427.9364875000001,83.00475680000022,0.4499368727588274,0.5908330762945816,0.5679412579062056,0.0032226908955709952
Defect_L12_B48_el1155_H4_W4.npy,-428.73517949999996,84.93487349999987,0.44971662694416714,0.5913653216719997,0.5679420754687454,0.0032337040646418774
Defect_L12_B49_el1159_H4_W4.npy,-428.7981782559998,87.37788,0.44969925452483933,0.5920390005830354,0.5679433168995607,0.003239524415356621
Defect_L12_B4_el127_H4_W4.npy,-503.2892360000003,114.69712523999942,0.42915773952565117,0.5995725046419054,0.5679453230116462,0.003824202450979338
Defect_L12_B50_el1163_H4_W4.npy,-427.7891637,92.2619244,0.4499774984948431,0.593385815547646,0.5679451110506195,0.003240431858924898
Defect_L12_B51_el1167_H4_W4.npy,-423.72605880000015,106.81499000000008,0.45109793271573245,0.597398941745074,0.5679475058516911,0.003225496607195172
Defect_L12_B52_el1171_H4_W4.npy,-404.5920629999998,179.92775999999958,0.45637428767193206,0.6175603826894154,0.5679509530543715,0.0031155411760594443
Defect_L12_B53_el1459_H4_W4.npy,-409.16460400000005,179.18838000000005,0.45511337230328874,0.6173564926411321,0.5679527251591602,0.003155675975124772
Defect_L12_B54_el1463_H4_W4.npy,-425.9826528000001,107.82799000000023,0.450475658567641,0.597678284733674,0.5679484001643126,0.0032461410082263603
Defect_L12_B55_el1467_H4_W4.npy,-426.24771039999996,87.67445259999977,0.4504025667787614,0.5921207828894725,0.5679447355956623,0.003228705325602651
Defect_L12_B56_el1471_H4_W4.npy,-423.27974356999994,80.97986979999996,0.4512210077702299,0.5902746972361836,0.5679419365639764,0.0031945670369149656
Defect_L12_B57_el1475_H4_W4.npy,-420.55175440000016,78.22386319999987,0.4519732729702456,0.5895147060019832,0.5679402442166082,0.003168013621929259
Defect_L12_B58_el1479_H4_W4.npy,-420.84427259999984,78.04300199999989,0.45189260869758247,0.5894648320551621,0.5679398686405556,0.003169004552152064
Defect_L12_B59_el1483_H4_W4.npy,-424.43847860000005,80.42053840000017,0.450901477161863,0.5901204570536628,0.5679404295563758,0.0031997987568443517
Defect_L12_B5_el131_H4_W4.npy,-494.79930000000013,112.0201963000004,0.4314989084252188,0.5988343197155787,0.5679446091177586,0.003763834939746837
Defect_L12_B60_el1487_H4_W4.npy,-428.37720379999996,83.75478319999979,0.4498153416548129,0.5910399021742507,0.5679411526381813,0.0032359534590686912
Defect_L12_B61_el1491_H4_W4.npy,-430.3877222000003,86.46152649999976,0.44926092485472285,0.591786308652824,0.5679421141161846,0.0032572555520126475
Defect_L12_B62_el1495_H4_W4.npy,-430.7492851899999,88.88613130000022,0.44916122091968474,0.592454913145426,0.5679434827024101,0.003264485872143886
Defect_L12_B63_el1499_H4_W4.npy,-429.8230871999999,93.56452450000029,0.4494166275480775,0.5937450181191019,0.567945263282651,0.003264714119852817
Defect_L12_B64_el1503_H4_W4.npy,-425.8970382000002,107.80969100000016,0.4504992674898836,0.5976732386356006,0.5679477134366154,0.0032496329053208
Defect_L12_B65_el1507_H4_W4.npy,-406.622756,181.26170000000002,0.4558143075618146,0.6179282274931795,0.5679510272769597,0.003140174584946325
Defect_L12_B66_el1795_H4_W4.npy,-404.46808699999997,181.20726000000013,0.45640847506221305,0.617913215220426,0.5679520715281942,0.003124243080108044
Defect_L12_B67_el1799_H4_W4.npy,-421.4165981999997,106.78465899999969,0.45173478525873134,0.5973905777251458,0.5679480434614878,0.0032138190362626454
Defect_L12_B68_el1803_H4_W4.npy,-421.6414360000001,88.31766299999981,0.45167278440680403,0.5922981533884206,0.5679445423651237,0.0031952241324197583
Defect_L12_B69_el1807_H4_W4.npy,-417.97985629999994,81.76963870000009,0.4526824947882402,0.5904924824334485,0.5679418183985545,0.0031547549081139617
Defect_L12_B6_el135_H4_W4.npy,-485.55622900000003,109.67188239999996,0.4340477604261874,0.5981867530591158,0.567944086639743,0.0036975985467119794
Defect_L12_B70_el1811_H4_W4.npy,-413.63192709999976,77.89480150000009,0.45388147162629433,0.5894239645619914,0.567939908076834,0.00311524127413962
Defect_L12_B71_el1815_H4_W4.npy,-413.7188427000001,77.2150153,0.45385750394272073,0.5892365079887268,0.5679396377583646,0.0031163225709205803
Defect_L12_B72_el1819_H4_W4.npy,-420.2277200000001,81.76177210000014,0.4520626280913761,0.5904903131545205,0.567940888845668,0.0031728953768513763
Defect_L12_B73_el1823_H4_W4.npy,-428.0213704,87.90278139999987,0.44991346560881057,0.5921837464130415,0.5679417683132361,0.003241707480880298
Defect_L12_B74_el1827_H4_W4.npy,-430.7833578999998,91.18021450000015,0.4491518250927933,0.5930875252453123,0.5679425856163631,0.0032691465477186154
Defect_L12_B75_el1831_H4_W4.npy,-429.8001715999999,92.56404240000029,0.44942294671114713,0.5934691270432333,0.5679436751143991,0.0032628798254804403
Defect_L12_B76_el1835_H4_W4.npy,-427.87941822000016,96.27604000000042,0.44995261007692455,0.5944927405706368,0.5679450512342092,0.003252808242799546
Defect_L12_B77_el1839_H4_W4.npy,-423.4810806999999,109.73979799999984,0.45116548741918316,0.5982054813381646,0.5679472497151044,0.0032326990252158484
Defect_L12_B78_el1843_H4_W4.npy,-403.6496910000001,184.92428999999993,0.4566341544151234,0.6189382164730572,0.5679503285587246,0.0031167563095401635
Defect_L12_B79_el2131_H4_W4.npy,-397.98635600000034,176.76211999999987,0.45819586510055516,0.6166874317136687,0.5679492739474126,0.0030816900952384974
Defect_L12_B7_el139_H4_W4.npy,-475.81162800000016,107.40924210000026,0.43673491340353554,0.5975628115946258,0.5679436837059807,0.0036265527189028065
Defect_L12_B80_el2135_H4_W4.npy,-419.1681831000001,105.63196700000003,0.4523548040086297,0.5970727135314488,0.5679469359553689,0.003203984465245458
Defect_L12_B81_el2139_H4_W4.npy,-424.15158083000006,90.9083834999999,0.4509805915552435,0.5930125656362955,0.5679450066770846,0.0032217759676690014
Defect_L12_B82_el2143_H4_W4.npy,-423.37933169999997,85.53839099999982,0.4511935455334448,0.5915317465309557,0.5679434100563234,0.0032010218866291035
Defect_L12_B83_el2147_H4_W4.npy,-417.2796321000003,78.84107670000003,0.45287558730622424,0.589684907644327,0.567941464734791,0.0031454371499531953
Defect_L12_B84_el2151_H4_W4.npy,-414.5044697999999,76.44710659999964,0.4536408608804907,0.5890247509193981,0.567941987952035,0.003130363967815952
Defect_L12_B85_el2155_H4_W4.npy,-423.9214485,80.90529489999994,0.45104405241687795,0.5902541326010005,0.5679449640238257,0.0032170060716467555
Defect_L12_B86_el2159_H4_W4.npy,-438.81840334000003,92.46205000000009,0.44693609596471257,0.593441001809442,0.5679450878487644,0.00334179773468244
Defect_L12_B87_el2163_H4_W4.npy,-439.5733566000001,94.5303535000005,0.4467279114633289,0.5940113533208159,0.5679439454676227,0.003346571302515414
Defect_L12_B88_el2167_H4_W4.npy,-432.21353610000006,92.53898570000047,0.4487574418226862,0.5934622174544254,0.5679434931229357,0.003280123689730785
Defect_L12_B89_el2171_H4_W4.npy,-426.91485377000004,94.97341799999981,0.45021859656869184,0.5941335319600779,0.5679436406742067,0.0032411806042330705
Defect_L12_B8_el143_H4_W4.npy,-465.4335410000001,105.14281830000004,0.43959675529744463,0.5969378267992397,0.5679433562936718,0.003549186399670129
Defect_L12_B90_el2175_H4_W4.npy,-421.01681069999995,107.97216100000037,0.451845029913277,0.5977180410594485,0.5679451822719397,0.0032091599662240236
Defect_L12_B91_el2179_H4_W4.npy,-400.579919,183.00701000000026,0.4574806690101879,0.6184095109200634,0.5679477277528671,0.0030894736336266374
Defect_L12_B92_el2467_H4_W4.npy,-359.345967,163.26829999999973,0.468851266624665,0.6129664011051502,0.5679347274071836,0.0028059086157539645
Defect_L12_B93_el2471_H4_W4.npy,-393.4234675,105.47660499999984,0.45945411871382097,0.5970298711964094,0.5679387793828675,0.003046521789040491
Defect_L12_B94_el2475_H4_W4.npy,-420.86641106,109.96861630000035,0.45188650383718815,0.59826857984534,0.5679469835662333,0.0032524055616608835
Defect_L12_B95_el2479_H4_W4.npy,-452.6261721000001,116.6628955999995,0.4431284914323188,0.6001145818060352,0.5679591853012389,0.0034893977149317123
Defect_L12_B96_el2499_H4_W4.npy,-451.0009888000004,90.9892519999994,0.4435766489447024,0.5930348657828635,0.5679479517976451,0.003421407420060281
Defect_L12_B97_el2503_H4_W4.npy,-415.49793520000003,89.43176799999992,0.4533669047167132,0.5926053769030447,0.5679407723472305,0.0031118734896058964
Defect_L12_B98_el2507_H4_W4.npy,-400.23138184000004,85.10973549999972,0.4575767809666662,0.5914135412906301,0.567936075535208,0.0030055179469068044
Defect_L12_B99_el2511_H4_W4.npy,-393.1755037999999,94.75229600000011,0.4595224967207532,0.594072555770221,0.5679351080004023,0.0029712029333328407
Defect_L12_B9_el147_H4_W4.npy,-454.15955800000006,102.79776360000005,0.4427056477995617,0.5962911588936837,0.5679430590900046,0.00346267689337521
Defect_L13_B100_el2515_H4_W4.npy,-440.3117689999999,196.02148000000034,0.446524288238615,0.6219983568675894,0.567937295781127,0.003318687933159231
Defect_L13_B101_el2803_H4_W4.npy,-327.81845420000013,154.3393799999999,0.4775452346885089,0.6105041787973817,0.5679083585300956,0.0024951516309649926
Defect_L13_B102_el2807_H4_W4.npy,-325.7755055,89.13115800000014,0.47810859440757536,0.5925224812507219,0.5679048676499291,0.002462675290581204
Defect_L13_B103_el2811_H4_W4.npy,-298.4629032199998,78.59267380000006,0.48564026661619925,0.5896164085244228,0.5679038925171375,0.002293598437577498
Defect_L13_B104_el2815_H4_W4.npy,-271.0346352,77.98410960000001,0.4932038345933227,0.5894485919968977,0.5679152712459017,0.002094090220581493
Defect_L13_B105_el2835_H4_W4.npy,-1983.5675999999999,104.78505900000027,0.020958941737352937,0.596839171762654,0.5679495482303837,0.004946492732914158
Defect_L13_B106_el2839_H4_W4.npy,-2051.6457,77.16844300000002,0.0021858519918409734,0.5892236652982352,0.5678850219071843,0.00520832377384404
Defect_L13_B107_el2843_H4_W4.npy,-2054.6592,72.88298680000025,0.0013548548584294863,0.5880419158980161,0.5678694590962229,0.005352489741369922
Defect_L13_B108_el2847_H4_W4.npy,-2055.406,88.57428500000015,0.0011489186848002823,0.5923689189919947,0.5678683868820379,0.005456997566536867
Defect_L13_B109_el2851_H4_W4.npy,-352.82972330000007,161.1451999999997,0.47064817382071955,0.6123809390132485,0.5679120658495465,0.002666030056285676
Defect_L13_B10_el151_H4_W4.npy,-494.67499799999996,103.76919799999996,0.4315331857126512,0.5965590398300358,0.5679428863355466,0.0036914363521479902
Defect_L13_B110_el3139_H4_W4.npy,-387.30345899999975,169.94257000000016,0.46114176083094527,0.6148068853386377,0.5679212060311238,0.002906408658538386
Defect_L13_B111_el3143_H4_W4.npy,-389.8534940000002,92.97705800000017,0.46043856794058546,0.5935830194539365,0.5679216482694408,0.0028936768011122277
Defect_L13_B112_el3147_H4_W4.npy,-375.5229866000002,97.26580189999981,0.464390321904326,0.5947656754641691,0.5679314177190489,0.002816865934851
Defect_L13_B113_el3151_H4_W4.npy,-362.14332463000005,118.92897908999998,0.4680798725076393,0.6007394727581712,0.5679635329688608,0.002803923684325431
Defect_L13_B114_el3171_H4_W4.npy,-491.17865889999985,154.62147249999998,0.43249732965475657,0.6105819680984791,0.5680587213652183,0.003842203178697296
Defect_L13_B115_el3175_H4_W4.npy,-402.40010024000003,117.24283820000028,0.4569787392299558,0.6002745056945846,0.567966701061016,0.00321088262461279
Defect_L13_B116_el3179_H4_W4.npy,-377.28215552999995,100.0974842999999,0.4639052167647818,0.5955465349156812,0.5679276084609811,0.002933249499363065
Defect_L13_B117_el3183_H4_W4.npy,-369.4452255000001,99.2399039999998,0.4660663139573075,0.5953100501733649,0.5679150750410383,0.002809795879697828
Defect_L13_B118_el3187_H4_W4.npy,-350.3427069999998,166.62411999999995,0.47133398879203126,0.6138917957626067,0.5679127487199614,0.0026730991614755287
Defect_L13_B119_el3475_H4_W4.npy,-449.3892430000001,197.60229000000004,0.4440211009571757,0.6224342780816156,0.5679407532664219,0.0033856871837149288
Defect_L13_B11_el155_H4_W4.npy,-480.52892199999997,101.47969219999959,0.4354340812178846,0.5959276899854268,0.5679433848777939,0.003579607921217213
Defect_L13_B120_el3479_H4_W4.npy,-471.4337492999998,112.32431300000007,0.43794214905979023,0.5989181823689459,0.5679390996297806,0.0034974504845441358
Defect_L13_B121_el3483_H4_W4.npy,-480.59613631,104.97589820000007,0.4354155463252567,0.5968917972241249,0.5679403245430262,0.0035484416630825527
Defect_L13_B122_el3487_H4_W4.npy,-490.7285105000001,105.06741800000009,0.43262146173705607,0.5969170345532937,0.5679436973520083,0.0036234601147544666
Defect_L13_B123_el3491_H4_W4.npy,-507.4221420000001,101.57674000000043,0.4280180570837534,0.5959544517055544,0.5679451706667323,0.003772426026502755
Defect_L13_B124_el3495_H4_W4.npy,-528.3382555999999,100.34153620000006,0.42225026865046694,0.5956138342119492,0.567952006629207,0.00391897699883107
Defect_L13_B125_el3499_H4_W4.npy,-522.9633937899998,96.21128739999995,0.42373243050764064,0.594474884514562,0.5679631537370305,0.003927834286406174
Defect_L13_B126_el3503_H4_W4.npy,-530.1421232,101.25411650000024,0.4217528374891416,0.5958654856515736,0.5679570957905633,0.003964851648677035
Defect_L13_B127_el3507_H4_W4.npy,-530.3658719,110.28297670000006,0.42169113696539695,0.598355267282293,0.5679506174494051,0.0039927997062235805
Defect_L13_B128_el3511_H4_W4.npy,-517.6180563000003,113.8219780999998,0.42520645079345665,0.5993311757005902,0.5679521798851884,0.003875764266405867
Defect_L13_B129_el3515_H4_W4.npy,-495.2322965999997,110.68747320000011,0.4313795060912628,0.5984668104818864,0.5679447683125795,0.0036991037482595342
Defect_L13_B12_el159_H4_W4.npy,-464.52718000000027,105.02845200000002,0.43984669171451307,0.5969062893618882,0.567945291307736,0.003455645364491102
Defect_L13_B130_el3519_H4_W4.npy,-470.9191942,115.55468599999995,0.43808404181342625,0.5998089839959079,0.5679387543038441,0.0035198111891734346
Defect_L13_B131_el3523_H4_W4.npy,-435.45823100000007,196.59424000000035,0.44786269081532104,0.6221563000957736,0.5679363529687388,0.0032951635149652578
Defect_L13_B132_el3811_H4_W4.npy,-425.26149199999986,184.69209999999975,0.45067452452335,0.6188741881921855,0.5679337131640116,0.0032236615039935566
Defect_L13_B133_el3815_H4_W4.npy,-462.8368426000002,111.2162593999999,0.4403128159998618,0.5986126275770872,0.5679370498267788,0.003466715809124528
Defect_L13_B134_el3819_H4_W4.npy,-490.3640065000002,113.21640849999972,0.43272197667952067,0.5991641849583698,0.5679434138169198,0.003662737594765274
Defect_L13_B135_el3823_H4_W4.npy,-514.2105326000003,115.37146199999961,0.42614610316668766,0.5997584584877703,0.5679501787719097,0.0038342470104415728
Defect_L13_B136_el3827_H4_W4.npy,-527.1570200000001,109.17721440000014,0.4225760039740055,0.5980503443350441,0.5679527371765862,0.00392611669394579
Defect_L13_B137_el3831_H4_W4.npy,-536.29467729,100.30321523800012,0.4200562206608857,0.5956032668950182,0.5679631406974406,0.003999191131189141
Defect_L13_B138_el3835_H4_W4.npy,-534.5934612619999,98.3923149999996,0.42052534481637993,0.5950763206132814,0.5679713805298778,0.004017834747125221
Defect_L13_B139_el3839_H4_W4.npy,-543.1447362000001,105.08343710000054,0.418167261205797,0.5969214519504001,0.5679588245533149,0.004055568708203568
Defect_L13_B13_el163_H4_W4.npy,-438.8389709999999,178.41086000000018,0.44693042426519347,0.6171420851776611,0.5679525497740836,0.00331277121314181
Defect_L13_B140_el3843_H4_W4.npy,-528.2368966999995,102.39293700000007,0.42227821919148106,0.5961795246663305,0.5679445222152621,0.00394916353904173
Defect_L13_B141_el3847_H4_W4.npy,-501.3896158,107.09266710000065,0.4296815752451703,0.5974755134637116,0.5679432222112619,0.0036997074361940353
Defect_L13_B142_el3851_H4_W4.npy,-482.85066727000003,105.7549333999998,0.4347938410772237,0.5971066225163186,0.5679384703161009,0.003562249879842226
Defect_L13_B143_el3855_H4_W4.npy,-468.5292693000001,112.29521899999986,0.43874308304155585,0.598910159461828,0.5679362016345771,0.003472262079000336
Defect_L13_B144_el3859_H4_W4.npy,-443.34684000000016,197.20634000000018,0.4456873427265193,0.6223250916489048,0.5679369031532309,0.0033367489291861617
Defect_L13_B145_el4147_H4_W4.npy,-287.26206360000015,129.77826000000005,0.4887289892364154,0.6037312502049227,0.567906921762527,0.0022423194576859868
Defect_L13_B146_el4151_H4_W4.npy,-320.87187489999985,99.46686470000009,0.47946081042612815,0.5953726364322324,0.5679189470660834,0.002545125634950388
Defect_L13_B147_el4155_H4_W4.npy,-350.68537819999995,120.67333469999994,0.4712394944217301,0.6012204930042504,0.5679471182664714,0.002894648678615595
Defect_L13_B148_el4159_H4_W4.npy,-401.1122813999998,147.25940300000002,0.4573338657487524,0.608551817559081,0.5680013064933231,0.0034053493876205253
Defect_L13_B149_el4179_H4_W4.npy,-423.5580256800001,152.43242200000032,0.4511442692151644,0.6099783196198354,0.5680891690854231,0.0032654516142794007
Defect_L13_B14_el451_H4_W4.npy,-492.1704139999997,220.01958000000013,0.4322238451201138,0.6286160281160785,0.5679515475653207,0.0037135023106824924
Defect_L13_B150_el4183_H4_W4.npy,-348.8068283,139.12148191999995,0.47175751983466196,0.6063077196365959,0.567990844195631,0.0027759047859178083
Defect_L13_B151_el4187_H4_W4.npy,-340.60201410000013,111.27792679999993,0.47402006407902025,0.5986296328641703,0.5679404686612484,0.002635776756186789
Defect_L13_B152_el4191_H4_W4.npy,-349.37600699999984,94.0669233000001,0.4716005641790792,0.593883558674147,0.5679181808286962,0.002621866176893641
Defect_L13_B153_el4195_H4_W4.npy,-347.2597059999996,147.7858000000001,0.4721841513914356,0.6086969758129508,0.5679107560302844,0.0026079502836054546
Defect_L13_B154_el4483_H4_W4.npy,-165.3889666,81.47392000000002,0.5223364869125328,0.590410935596881,0.5678999063550864,0.0012687007419465884
Defect_L13_B155_el4487_H4_W4.npy,-159.70745830000004,46.71982800000001,0.5239032090332407,0.5808272120772796,0.5679028912111965,0.0012302884040956534
Defect_L13_B156_el4491_H4_W4.npy,-137.11165440000002,40.147812199999976,0.5301341857274593,0.5790149252710626,0.5679099333739136,0.0010974352662963059
Defect_L13_B157_el4495_H4_W4.npy,-107.18584659999999,41.61917340000002,0.5383864706110907,0.5794206650883557,0.5679232518443135,0.0009012582831539455
Defect_L13_B158_el4515_H4_W4.npy,-146.83419999999995,38.65392,0.527453114706035,0.5786029723472778,0.5679545494405466,0.0006426835169865495
Defect_L13_B159_el4519_H4_W4.npy,-142.4045,44.553012199999955,0.5286746405072206,0.5802296949979928,0.5679306560223503,0.0008422200586086166
Defect_L13_B15_el455_H4_W4.npy,-513.506723,126.03745800000024,0.42634018438788157,0.6026996936299568,0.5679471363295516,0.0038247783515290615
Defect_L13_B160_el4523_H4_W4.npy,-119.71122050000002,44.30435929999999,0.5349324968908958,0.5801611269385555,0.5679147512814581,0.0010381808962319676
Defect_L13_B161_el4527_H4_W4.npy,-165.6704896000001,47.67002419999994,0.522258854655692,0.5810892364072541,0.5679029065189585,0.0012876344915088423
Defect_L13_B162_el4531_H4_W4.npy,-189.05426870000008,89.80719999999997,0.5158105873915714,0.5927089053303853,0.5678971428386012,0.0014403994030447098
Defect_L13_B163_el4819_H4_W4.npy,-230.78123540000024,104.1549500000001,0.5043040369639437,0.5966654140813077,0.5678996324672201,0.0017506826097404816
Defect_L13_B164_el4823_H4_W4.npy,-210.62973620000014,63.29779139999994,0.5098609767579187,0.5853987203112933,0.5679087568490685,0.0016354187930095305
Defect_L13_B165_el4827_H4_W4.npy,-169.33016099999998,65.23164900000006,0.5212496705035009,0.5859319972723108,0.567927998147392,0.0014550253308890466
Defect_L13_B166_el4831_H4_W4.npy,-127.73457080000003,80.92653559999997,0.5327199927927854,0.5902599898967734,0.5679605526578577,0.0012882702306971532
Defect_L13_B167_el4851_H4_W4.npy,-138.5285085999999,68.03115400000002,0.5297434766587148,0.5867039835440783,0.5679609590711449,0.0011501815633603821
Defect_L13_B168_el4855_H4_W4.npy,-168.88012593000002,80.16080430000011,0.5213737713341312,0.5900488332632033,0.5679400756164781,0.0014821128786367407
Defect_L13_B169_el4859_H4_W4.npy,-189.63919318000012,66.61443599999996,0.5156492897090952,0.5863133120335912,0.5679192567309024,0.001552164048223304
Defect_L13_B16_el459_H4_W4.npy,-516.6194124000001,108.01186999999982,0.4254818349707253,0.5977289911391465,0.5679446697004096,0.0038268864729438267
Defect_L13_B170_el4863_H4_W4.npy,-196.5308124999999,62.26992439999992,0.5137488696329435,0.585115277626532,0.5679074926798755,0.0015640222287293135
Defect_L13_B171_el4867_H4_W4.npy,-190.82465790000003,98.53838000000007,0.5153223881713217,0.5951165992249596,0.5679021348176915,0.0015083364635805078
Defect_L13_B172_el5155_H4_W4.npy,-396.150218,168.9285299999999,0.4587021950871316,0.6145272555615796,0.5679221387609483,0.0029662551773977845
Defect_L13_B173_el5159_H4_W4.npy,-411.9591792000001,97.41569699999991,0.45434274546396475,0.5948070102570718,0.5679260824937966,0.003047192257417637
Defect_L13_B174_el5163_H4_W4.npy,-423.7152278850001,106.12313089999975,0.4511009194286302,0.597208155971447,0.5679383546933519,0.003132912575208638
Defect_L13_B175_el5167_H4_W4.npy,-456.3996072,120.23044989999971,0.44208793601462704,0.6010983639187247,0.5679612179953285,0.003366118142632454
Defect_L13_B176_el5187_H4_W4.npy,-614.4856839799997,161.2189970000004,0.398494414648625,0.6124012891361802,0.5680369157851246,0.004615378324401218
Defect_L13_B177_el5191_H4_W4.npy,-505.2071727000002,150.2189073999998,0.4286288528822914,0.6093679249666532,0.5679910988939771,0.003913805334549003
Defect_L13_B178_el5195_H4_W4.npy,-439.4632315199999,127.3256359999998,0.4467582793497722,0.6030549191900441,0.5679539372921557,0.0034141342065102456
Defect_L13_B179_el5199_H4_W4.npy,-395.29888010000013,112.05779099999995,0.45893695843687926,0.5988446867598565,0.5679307109991426,0.003048715364273336
Defect_L13_B17_el463_H4_W4.npy,-515.3096284000003,101.93352000000004,0.42584301856103157,0.5960528366922005,0.567943073641569,0.0038063777099675866
Defect_L13_B180_el5203_H4_W4.npy,-351.9865,165.76774999999998,0.47088069950352224,0.6136556447703586,0.567918900337151,0.0027275927509074946
Defect_L13_B181_el5491_H4_W4.npy,-467.0713400000002,203.74818000000005,0.43914511890318403,0.6241290572328558,0.5679434083708215,0.0034965656328634367
Defect_L13_B182_el5495_H4_W4.npy,-491.18362160000015,118.17405000000008,0.4324959611498705,0.6005312949218615,0.5679406807652135,0.0036230038612236034
Defect_L13_B183_el5499_H4_W4.npy,-502.0866171299997,104.28209509999965,0.4294893714597999,0.5967004753766875,0.5679404584782374,0.003687689048215685
Defect_L13_B184_el5503_H4_W4.npy,-514.7156147000001,103.73548200000005,0.4260068226698444,0.596549742368828,0.5679422138706457,0.0037839374297463767
Defect_L13_B185_el5507_H4_W4.npy,-532.2872426000004,105.56184329999996,0.4211613033686088,0.5970533763508666,0.567945602270873,0.0039346393530613815
Defect_L13_B186_el5511_H4_W4.npy,-542.2137809000001,101.2636636000002,0.41842397970111284,0.5958681183420439,0.5679469979825854,0.003998781100823711
Defect_L13_B187_el5515_H4_W4.npy,-2059.5715,97.4681635999998,2.4818231958571173e-07,0.5948214783487259,0.5679133101970334,0.006176446564046882
Defect_L13_B188_el5519_H4_W4.npy,-517.4855743999999,98.32073019999984,0.42524298375484015,0.5950565805224916,0.5679507904609185,0.0037934002683697753
Defect_L13_B189_el5523_H4_W4.npy,-511.87387629999967,99.21404460000008,0.42679045514514075,0.5953029192335038,0.5679467809833106,0.003760399638979241
Defect_L13_B18_el467_H4_W4.npy,-512.3651772000001,99.09301399999958,0.4266549749262781,0.5952695440612271,0.5679421851296192,0.0037792253167251454
Defect_L13_B190_el5527_H4_W4.npy,-513.3786532999998,104.16149999999993,0.42637550064923113,0.5966672202970781,0.5679458737405082,0.0037734535669583413
Defect_L13_B191_el5531_H4_W4.npy,-507.46879294199994,105.22575850000044,0.4280051927070908,0.5969606982339319,0.5679447350108157,0.003742558557253939
Defect_L13_B192_el5535_H4_W4.npy,-494.5045683999999,118.43982699999992,0.43158018306093343,0.600604585091142,0.567944101569313,0.0036686649183649174
Defect_L13_B193_el5539_H4_W4.npy,-465.84602100000006,208.9190600000004,0.4394830105827974,0.625554969446964,0.5679454634568691,0.003514860648767004
Defect_L13_B194_el5827_H4_W4.npy,-476.26924800000006,210.44777000000022,0.43660872096677045,0.6259765236622676,0.5679486774007256,0.0035687908434700877
Defect_L13_B195_el5831_H4_W4.npy,-499.9182501,122.38477299999977,0.43008731630337504,0.601692436034385,0.5679451790956428,0.0036921925127134957
Defect_L13_B196_el5835_H4_W4.npy,-508.26909679999994,105.78973899999983,0.427784502409478,0.5971162204435883,0.5679436268648035,0.0037378907790051696
Defect_L13_B197_el5839_H4_W4.npy,-514.5957967899999,100.76244199999974,0.4260398634329907,0.5957299024094723,0.5679432699821172,0.003782402566000118
Defect_L13_B198_el5843_H4_W4.npy,-520.1130394000002,100.90027848,0.4245184389122521,0.595767911939839,0.567943122419519,0.0038233080927662874
Defect_L13_B199_el5847_H4_W4.npy,-521.4093163,97.62561800000003,0.42416098001462227,0.5948648976800825,0.5679429794780275,0.003820838907274829
Defect_L13_B19_el471_H4_W4.npy,-508.74549,97.44246299999986,0.4276531331101328,0.5948143911992563,0.5679418036627003,0.0037503225412906945
Defect_L13_B1_el115_H4_W4.npy,-553.0438529999997,240.72405999999955,0.41543749923994167,0.6343254568629758,0.5679506846033876,0.004262918803721057
Defect_L13_B200_el5851_H4_W4.npy,-514.3014894,97.74464239999975,0.4261210210893477,0.5948977196263928,0.5679434227855812,0.0037594030302130037
Defect_L13_B201_el5855_H4_W4.npy,-507.6471426000003,98.65381360000015,0.42795601133840216,0.5951484309789663,0.5679419259043303,0.0037070200317505
Defect_L13_B202_el5859_H4_W4.npy,-506.1641402999999,99.78064889999996,0.428364961283696,0.5954591649773493,0.5679415290636071,0.0036997820745989177
Defect_L13_B203_el5863_H4_W4.npy,-509.9234650000001,102.45592699999997,0.4273282969235622,0.5961968946711201,0.567942883845223,0.0037331664140584004
Defect_L13_B204_el5867_H4_W4.npy,-512.9113397000001,108.6099779999995,0.426504366175033,0.5978939242844825,0.5679447092002223,0.0037670403700964072
Defect_L13_B205_el5871_H4_W4.npy,-511.2238993000003,126.65201100000036,0.4269696915890707,0.6028691616177879,0.5679476172812408,0.0037786198007220577
Defect_L13_B206_el5875_H4_W4.npy,-491.6088699999998,222.7568699999997,0.43237869544507956,0.6293708580956092,0.5679526394374874,0.0036954381852900694
Defect_L13_B207_el6163_H4_W4.npy,-469.8198259999999,207.9343100000001,0.43838720153559774,0.6252834166256177,0.5679489079766481,0.003522240763295488
Defect_L13_B208_el6167_H4_W4.npy,-494.4271150000002,120.76852299999973,0.431601541465902,0.6012467419521297,0.5679457518170704,0.0036512573648636464
Defect_L13_B209_el6171_H4_W4.npy,-504.0853108000001,104.83874800000012,0.42893821542517635,0.5968539769410497,0.5679443455340586,0.0037052395612731954
Defect_L13_B20_el475_H4_W4.npy,-504.77029739999966,96.29728600000021,0.4287493247993177,0.5944985993279277,0.5679417685149586,0.003721158186311263
Defect_L13_B210_el6175_H4_W4.npy,-510.97138140000015,100.56021299999975,0.42703932545369166,0.5956741361180197,0.5679437098293056,0.0037505222145609862
Defect_L13_B211_el6179_H4_W4.npy,-516.2751285000002,100.5408789999999,0.42557677405616734,0.5956688046102788,0.5679432373232931,0.003786335871708946
Defect_L13_B212_el6183_H4_W4.npy,-519.5667746000001,100.31594600000017,0.42466907587355407,0.5956067775061774,0.5679428133067238,0.003803120994854901
Defect_L13_B213_el6187_H4_W4.npy,-519.3614920999999,101.12983800000006,0.4247256841924656,0.5958312148444572,0.5679426228290364,0.0037936181735859728
Defect_L13_B214_el6191_H4_W4.npy,-518.6724902000001,102.24049100000002,0.42491568206995517,0.5961374864420066,0.5679419018808953,0.003784575475928019
Defect_L13_B215_el6195_H4_W4.npy,-520.2658684999997,103.9813370000004,0.42447629504498763,0.5966175388845854,0.5679419850251792,0.0037984596207970606
Defect_L13_B216_el6199_H4_W4.npy,-524.0923023999999,107.03291300000001,0.42342112477716326,0.597459035784664,0.5679434171237888,0.003833479760134229
Defect_L13_B217_el6203_H4_W4.npy,-527.1505102000001,113.30199200000015,0.4225777991042989,0.5991877853045346,0.56794552706477,0.0038684791122846874
Defect_L13_B218_el6207_H4_W4.npy,-525.695923,131.33827100000053,0.42297891335467125,0.6041614359255435,0.5679485173586168,0.0038819715829328553
Defect_L13_B219_el6211_H4_W4.npy,-505.6385329999998,229.41019000000006,0.4285099017713682,0.631205565196213,0.5679534486850027,0.003794937159598027
Defect_L13_B21_el479_H4_W4.npy,-500.3685965999998,95.32766300000026,0.4299631295933894,0.5942312178998574,0.5679420193449596,0.0036904788843672353
Defect_L13_B22_el483_H4_W4.npy,-495.6071929999998,94.60633900000016,0.4312761253599781,0.5940323069404212,0.5679425695379313,0.0036580506878485133
Defect_L13_B23_el487_H4_W4.npy,-490.50281799999993,94.52800000000002,0.43268369827945946,0.5940107043240502,0.5679434889475892,0.0036247632415933023
Defect_L13_B24_el491_H4_W4.npy,-484.6368507000002,98.63312599999995,0.4343012864695989,0.5951427262050167,0.5679449072137011,0.0035902000037697415
Defect_L13_B25_el495_H4_W4.npy,-475.94991000000005,114.68616799999995,0.43669678101740567,0.5995694830938617,0.5679469248342479,0.0035452134118791694
Defect_L13_B26_el499_H4_W4.npy,-452.1878200000001,200.16249000000016,0.4432493705889556,0.623140274053396,0.5679505422377046,0.0034176491262785827
Defect_L13_B27_el787_H4_W4.npy,-480.30410600000005,213.82527000000027,0.4354960760582845,0.6269078967560447,0.5679522426311884,0.003621081512890895
Defect_L13_B28_el791_H4_W4.npy,-500.14940980000006,122.07890599999973,0.43002357213610765,0.6016080907215576,0.5679473223343757,0.0037220695243908187
Defect_L13_B29_el795_H4_W4.npy,-502.3045025000001,103.85122399999977,0.4294292877969883,0.5965816591666429,0.5679441979190226,0.003718085012803211
Defect_L13_B2_el119_H4_W4.npy,-574.4085539999996,139.3065190000002,0.40954600918280104,0.606358745116289,0.5679475122739197,0.0043022263038293715
Defect_L13_B30_el799_H4_W4.npy,-501.07766765999986,97.61565299999961,0.4297675974818098,0.5948621497502885,0.5679420354244351,0.003698657170236845
Defect_L13_B31_el803_H4_W4.npy,-499.29592674000014,94.81103589999998,0.4302589270311716,0.5940887537753701,0.5679407982162061,0.0036802494602666443
Defect_L13_B32_el807_H4_W4.npy,-497.9408192000001,93.41674920000014,0.4306326089562435,0.593704267878289,0.5679402874045306,0.0036678724745305177
Defect_L13_B33_el811_H4_W4.npy,-497.08649379999997,92.72855709999999,0.43086819613341315,0.5935144933097354,0.5679402785551305,0.003661738494052772
Defect_L13_B34_el815_H4_W4.npy,-496.2123084,92.36897060000001,0.43110925986710164,0.5934153344078892,0.5679406679613118,0.0036574288864322734
Defect_L13_B35_el819_H4_W4.npy,-495.06414982,92.9287462000002,0.431425873933364,0.5935696970821728,0.5679414486034221,0.003652542445886989
Defect_L13_B36_el823_H4_W4.npy,-493.6442383699998,95.3743280000001,0.43181742606366047,0.5942440861531278,0.5679426855847732,0.0036472336776555425
Defect_L13_B37_el827_H4_W4.npy,-491.4087016999997,101.12924500000031,0.4324338934817478,0.5958310513198846,0.5679445715364321,0.003640247768488352
Defect_L13_B38_el831_H4_W4.npy,-486.15856249999956,118.50989800000025,0.43388166206486095,0.6006239077392705,0.5679471215279029,0.003620456961278166
Defect_L13_B39_el835_H4_W4.npy,-464.66173000000003,207.10982999999987,0.43980958845773516,0.6250560595602269,0.5679513518217246,0.0035082666843410945
Defect_L13_B3_el123_H4_W4.npy,-571.2709950000001,122.69069130000025,0.4104112165944184,0.6017767954936047,0.5679460100952034,0.004254998260566833
Defect_L13_B40_el1123_H4_W4.npy,-477.39356199999975,211.96048999999994,0.436298682237368,0.6263936685050265,0.567952836331766,0.003598931372481619
Defect_L13_B41_el1127_H4_W4.npy,-496.4626847999998,121.0642220000002,0.4310402165385223,0.6013282833562621,0.5679475887509303,0.003693354137588869
Defect_L13_B42_el1131_H4_W4.npy,-497.68996170000014,102.70149700000002,0.4307017849520606,0.5962646125958097,0.567943948058721,0.003682372986591656
Defect_L13_B43_el1135_H4_W4.npy,-495.7776584699998,96.3473392999997,0.43122911812025166,0.5945124019324797,0.5679413634518354,0.00365767908555979
Defect_L13_B44_el1139_H4_W4.npy,-493.80874430000017,93.47165089999999,0.4317720622155571,0.5937194074685725,0.56793983218079,0.0036379262040187967
Defect_L13_B45_el1143_H4_W4.npy,-493.2030003,92.1026738999999,0.4319391010499959,0.593341900927107,0.5679392093648528,0.0036313506794622046
Defect_L13_B46_el1147_H4_W4.npy,-494.04845650000016,91.53893369999992,0.4317059596268583,0.5931864449821297,0.567939218835988,0.0036380382382687217
Defect_L13_B47_el1151_H4_W4.npy,-495.12694220000003,92.12034599999993,0.4314085584238966,0.5933467741524069,0.5679396820518646,0.003648922119179482
Defect_L13_B48_el1155_H4_W4.npy,-495.75382079999986,93.73612180000032,0.4312356915516229,0.5937923374701558,0.5679406529100791,0.003657849259109203
Defect_L13_B49_el1159_H4_W4.npy,-496.00442440000006,96.4690794999999,0.4311665855707957,0.5945459727827273,0.5679421731520318,0.003664879075370828
Defect_L13_B4_el127_H4_W4.npy,-562.5181520000001,118.42069562999995,0.41282488423742514,0.6005993094602715,0.5679449073495252,0.004190428216844752
Defect_L13_B50_el1163_H4_W4.npy,-495.4017799999999,102.52481599999987,0.4313327696653258,0.5962158913731356,0.567944402430995,0.003669549915830646
Defect_L13_B51_el1167_H4_W4.npy,-491.6804313,120.36677499999996,0.43235896183460554,0.6011359566737645,0.567947396263149,0.0036606901756552268
Defect_L13_B52_el1171_H4_W4.npy,-471.0626639999998,210.48920999999973,0.4380444788492547,0.6259879510792937,0.5679520222901172,0.0035554614215545866
Defect_L13_B53_el1459_H4_W4.npy,-476.06246899999996,210.96627999999964,0.4366657419577277,0.6261195070117432,0.5679532349013023,0.003596982417145235
Defect_L13_B54_el1463_H4_W4.npy,-494.6220400999998,120.5127849999999,0.4315477892842761,0.6011762201187452,0.5679478196559374,0.0036861272805024216
Defect_L13_B55_el1467_H4_W4.npy,-495.1993627900001,102.1404349999998,0.4313885878572166,0.5961098951862639,0.5679438772382972,0.003670208141184341
Defect_L13_B56_el1471_H4_W4.npy,-492.4918213000001,95.72868199999994,0.43213521444317404,0.5943418021505438,0.5679410040419358,0.0036396590098960926
Defect_L13_B57_el1475_H4_W4.npy,-489.87999620000005,92.84841849999975,0.43285544645613977,0.5935475460656028,0.5679392249038588,0.0036153395362248106
Defect_L13_B58_el1479_H4_W4.npy,-489.68075309999995,91.51273450000008,0.43291038936138354,0.5931792203396551,0.567938528136659,0.0036121962426501615
Defect_L13_B59_el1483_H4_W4.npy,-492.2932796,90.94711890000008,0.4321899639316634,0.5930232472378755,0.5679386526825464,0.0036325011802051527
Defect_L13_B5_el131_H4_W4.npy,-552.2535620000001,115.56370630000038,0.41565542841052755,0.599811471416994,0.5679441635315998,0.004117837446073845
Defect_L13_B60_el1487_H4_W4.npy,-495.3231158000001,92.50001099999963,0.4313544619582417,0.5934514698639239,0.5679392374437635,0.003659120234973577
Defect_L13_B61_el1491_H4_W4.npy,-496.9520743000003,94.35733319999986,0.43090526340375473,0.5939636415659387,0.5679403117234243,0.0036763634479686927
Defect_L13_B62_el1495_H4_W4.npy,-497.62916070000006,97.1142348000003,0.4307185513222974,0.5947238796036682,0.5679420038918366,0.0036857928337340256
Defect_L13_B63_el1499_H4_W4.npy,-497.37377444000003,103.18094899999983,0.4307889761605163,0.5963968253841315,0.5679443553733604,0.003691891484877396
Defect_L13_B64_el1503_H4_W4.npy,-494.04516490000015,121.13623600000028,0.4317068673123285,0.6013481418024428,0.567947533843367,0.00368491864875804
Defect_L13_B65_el1507_H4_W4.npy,-473.5341840000001,211.93849999999975,0.4373629371086974,0.6263876045836846,0.5679522260636519,0.0035814103796018544
Defect_L13_B66_el1795_H4_W4.npy,-469.91113100000007,212.49980000000005,0.43836202343927577,0.6265423876236661,0.5679525981528198,0.003556147472627906
Defect_L13_B67_el1799_H4_W4.npy,-488.682826,121.17281299999968,0.4331855758752225,0.6013582282076687,0.5679474810429695,0.003646639625188314
Defect_L13_B68_el1803_H4_W4.npy,-489.4276659106001,103.44672600000013,0.4329801802121864,0.5964701155534122,0.5679437360471595,0.003631780042477295
Defect_L13_B69_el1807_H4_W4.npy,-486.4175837,97.36169929999983,0.4338102348623744,0.5947921199521403,0.5679410406368113,0.003598704806838374
Defect_L13_B6_el135_H4_W4.npy,-541.5555319999999,113.09955899999977,0.41860549718874235,0.5991319627584227,0.5679436502978348,0.004041404106086651
Defect_L13_B70_el1811_H4_W4.npy,-482.77613229999974,94.71894670000006,0.43481439470138467,0.5940633594295203,0.5679392277920787,0.003567382138417462
Defect_L13_B71_el1815_H4_W4.npy,-482.71264759999985,93.65059500000007,0.43483190112372266,0.593768752759477,0.5679386173180548,0.0035662833716754968
Defect_L13_B72_el1819_H4_W4.npy,-487.8188927000001,93.29834119999987,0.4334238125089569,0.5936716159092917,0.5679389898052642,0.003605821557823567
Defect_L13_B73_el1823_H4_W4.npy,-493.7671196000001,95.79692910000017,0.4317835405651105,0.5943606218434138,0.5679394805664306,0.0036560080165893554
Defect_L13_B74_el1827_H4_W4.npy,-495.5309821000001,97.5908665999998,0.4312971411354666,0.5948553146989037,0.567940418152279,0.003675692504899559
Defect_L13_B75_el1831_H4_W4.npy,-495.1467253999999,99.8471939000001,0.43140310304560237,0.5954775153023013,0.5679418830499817,0.0036744001660616644
Defect_L13_B76_el1835_H4_W4.npy,-494.20379961000003,105.48903900000005,0.4316631225008901,0.5970332999730336,0.5679439178784663,0.0036733090338201373
Defect_L13_B77_el1839_H4_W4.npy,-490.6380760999998,122.8924820000002,0.4326463997583476,0.6018324409202678,0.5679469160922732,0.0036636592099760002
Defect_L13_B78_el1843_H4_W4.npy,-469.82430699999986,215.27631999999994,0.43838596586340434,0.6273080355947493,0.5679514821888686,0.003557343479868931
Defect_L13_B79_el2131_H4_W4.npy,-460.49120300000004,206.1976899999995,0.4409596451963498,0.6248045295369083,0.5679491241652098,0.0034880614282565333
Defect_L13_B7_el139_H4_W4.npy,-530.652748,110.82741750000037,0.4216120285476952,0.5985054012607607,0.5679432788708083,0.003962512624498441
Defect_L13_B80_el2135_H4_W4.npy,-483.55165639999996,117.70676099999969,0.434600537623571,0.6004024361797095,0.5679457448671701,0.0036117851653831587
Defect_L13_B81_el2139_H4_W4.npy,-489.5123975800002,101.50305959999969,0.43295681476523745,0.5959341337360209,0.5679437076543469,0.0036362495408091074
Defect_L13_B82_el2143_H4_W4.npy,-490.3961641000001,98.92366460000017,0.43271310895978704,0.5952228445868801,0.5679424676345599,0.0036309683811019916
Defect_L13_B83_el2147_H4_W4.npy,-486.8735262,95.04556780000007,0.43368450500987715,0.5941534278542131,0.5679414248048195,0.0036011716711917222
Defect_L13_B84_el2151_H4_W4.npy,-486.0096288,94.43995100000006,0.4339227317438947,0.5939864240962089,0.5679419201381171,0.0035986572105365395
Defect_L13_B85_el2155_H4_W4.npy,-494.0644060000002,93.78329589999998,0.4317015614225181,0.5938053461118915,0.5679431069353733,0.0036624044009722404
Defect_L13_B86_el2159_H4_W4.npy,-505.14835719999996,98.36844689999998,0.42864507173475547,0.5950697387905903,0.5679425688971832,0.003751246372597364
Defect_L13_B87_el2163_H4_W4.npy,-503.52294140000004,99.27229370000009,0.429093293360905,0.5953189818965612,0.567941654702307,0.0037439067925403367
Defect_L13_B88_el2167_H4_W4.npy,-497.46135000000027,99.23681320000037,0.4307648264876054,0.5953091978601278,0.5679417639828074,0.003690611483307344
Defect_L13_B89_el2171_H4_W4.npy,-493.19429536000007,104.29454499999974,0.43194150150799704,0.5967039085378659,0.5679426293496229,0.003662636587407742
Defect_L13_B8_el143_H4_W4.npy,-519.401601,108.53185189999954,0.42471462383708997,0.5978723803770178,0.5679430164517967,0.0038797827405234347
Defect_L13_B90_el2175_H4_W4.npy,-487.9226417000002,121.41921499999967,0.4333952028784295,0.6014261755631248,0.5679449064348298,0.0036399891356599773
Defect_L13_B91_el2179_H4_W4.npy,-466.4185140000002,212.70446000000038,0.43932514098203473,0.6265988242831398,0.567948882119876,0.003529540947864321
Defect_L13_B92_el2467_H4_W4.npy,-411.78568029999997,182.57658000000015,0.45439058919668424,0.618290816346931,0.5679320413780453,0.003133310136735506
Defect_L13_B93_el2471_H4_W4.npy,-445.6266820000001,108.72704210000006,0.44505865775335485,0.5979262056621252,0.56793465311865,0.0033554344827468286
Defect_L13_B94_el2475_H4_W4.npy,-472.7092926600001,115.01580380000019,0.43759040760443857,0.5996603828465976,0.5679420238903455,0.0035501304761838127
Defect_L13_B95_el2479_H4_W4.npy,-506.7765062000001,121.73694489999934,0.4281960964064771,0.6015137921671065,0.567953917030227,0.003796859085689617
Defect_L13_B96_el2499_H4_W4.npy,-522.6632189000004,109.42243899999994,0.42381520617484214,0.5981179670128745,0.5679489842553125,0.0038852058859016343
Defect_L13_B97_el2503_H4_W4.npy,-487.04169090000005,107.2923579999997,0.4336381322261901,0.597530579853447,0.5679419163269246,0.0035861066459870745
Defect_L13_B98_el2507_H4_W4.npy,-469.2492519199998,102.38222810000025,0.4385445419785641,0.5961765716000614,0.5679366244169586,0.00346431121166981
Defect_L13_B99_el2511_H4_W4.npy,-459.9053972999998,109.80921900000021,0.44112118588240795,0.598224624743507,0.5679352547718519,0.0034149941700123932
Defect_L13_B9_el147_H4_W4.npy,-507.52316599999995,106.12625979999984,0.42799019889413814,0.597209018791069,0.5679428665035764,0.003790502273746029
Defect_L14_B100_el2515_H4_W4.npy,-458.93426799999975,212.79296999999997,0.4413889826849538,0.6266232316354803,0.5679378828381619,0.003477901778988621
Defect_L14_B101_el2803_H4_W4.npy,-339.7053999,166.3807899999997,0.47426731273671935,0.6138246955361347,0.5679084694411182,0.0025996888219212613
Defect_L14_B102_el2807_H4_W4.npy,-336.76949360000003,95.35396700000001,0.4750769127762961,0.5942384714417844,0.5679044176780388,0.0025533155637465113
Defect_L14_B103_el2811_H4_W4.npy,-307.4417240999999,84.19004290000021,0.4831642837349332,0.5911599285764375,0.5679032991690155,0.0023670914999730426
Defect_L14_B104_el2815_H4_W4.npy,-274.6639592,82.17235470000014,0.4922030189834931,0.5906035346456865,0.5679144235168667,0.002136441127715399
Defect_L14_B105_el2835_H4_W4.npy,-1967.4344,105.06294599999956,0.025407802846612572,0.5969158013629233,0.5679491753586956,0.004936002530201176
Defect_L14_B106_el2839_H4_W4.npy,-2052.332,81.9789310000001,0.001996599185250573,0.5905501964873211,0.5678843666485058,0.0052558617278278185
Defect_L14_B107_el2843_H4_W4.npy,-2055.2228999999998,80.66740679999998,0.0011994099989293032,0.590188533022712,0.5678691880470531,0.005409087028887301
Defect_L14_B108_el2847_H4_W4.npy,-2055.5566,96.32625000000007,0.0011073895099896903,0.5945065863864882,0.5678682290445782,0.005517070843906787
Defect_L14_B109_el2851_H4_W4.npy,-367.73250529999996,174.30612999999994,0.4665386104817927,0.616010172496915,0.5679123879727405,0.00279400050859777
Defect_L14_B10_el151_H4_W4.npy,-503.2857529999999,107.1005948999998,0.4291586999912281,0.5974776996190373,0.5679430229362384,0.003774079003814965
Defect_L14_B110_el3139_H4_W4.npy,-403.0861239999997,185.73303000000033,0.4567895625987921,0.6191612331054367,0.5679216893136941,0.003044011494480135
Defect_L14_B111_el3143_H4_W4.npy,-407.8658038000001,102.12028700000019,0.45547152702141525,0.5961043392114028,0.5679217495879363,0.0030343778860230045
Defect_L14_B112_el3147_H4_W4.npy,-396.4395129000002,105.25307799999973,0.45862241966565803,0.5969682318082427,0.5679315491882981,0.00296720255386838
Defect_L14_B113_el3151_H4_W4.npy,-385.18203640000024,126.51863408999975,0.46172676036615484,0.602832381850118,0.5679633808434447,0.002963789152191195
Defect_L14_B114_el3171_H4_W4.npy,-488.52826789999995,163.2275894999998,0.4332281965282988,0.6129551748536819,0.5680550492816864,0.0038238209754097173
Defect_L14_B115_el3175_H4_W4.npy,-404.27298131,120.84587210000018,0.45646227704300024,0.6012680715955252,0.567964255767076,0.0032338635951146243
Defect_L14_B116_el3179_H4_W4.npy,-383.38495639999974,102.36554720000004,0.4622223197915776,0.5961719717062227,0.5679264204232495,0.002989467073864692
Defect_L14_B117_el3183_H4_W4.npy,-378.62564780000025,103.34487000000013,0.4635347378448778,0.5964420279330302,0.56791440094503,0.002890097325975237
Defect_L14_B118_el3187_H4_W4.npy,-361.452268,177.16963999999984,0.46827043699363735,0.616799808667977,0.567912774551032,0.002773680817749464
Defect_L14_B119_el3475_H4_W4.npy,-465.876127,215.23109,0.4394747086084491,0.6272955630543996,0.567941535681364,0.0035322499090252382
Defect_L14_B11_el155_H4_W4.npy,-489.351099,104.89872249999962,0.4330012941604933,0.5968705153971895,0.5679434833609219,0.003664423318038856
Defect_L14_B120_el3479_H4_W4.npy,-489.42999769999983,122.73375600000008,0.4329795372022953,0.6017886709348693,0.5679399073366831,0.003644674047350095
Defect_L14_B121_el3483_H4_W4.npy,-500.0130903500003,115.42480349999983,0.4300611633331138,0.5997731678402151,0.5679418023666296,0.0037031323199024006
Defect_L14_B122_el3487_H4_W4.npy,-511.4537897,116.02135820000012,0.42690629744160147,0.5999376726504434,0.5679457355421808,0.0037866226076206833
Defect_L14_B123_el3491_H4_W4.npy,-527.7897200999998,112.57643300000018,0.4224015317757613,0.5989877065094058,0.5679472381619058,0.003934685020782512
Defect_L14_B124_el3495_H4_W4.npy,-549.8078211,109.18194130000029,0.41632986135460165,0.5980516478161624,0.5679520014310402,0.004082059609006483
Defect_L14_B125_el3499_H4_W4.npy,-547.07242159,108.19751009999982,0.4170841700161398,0.5977801829065088,0.5679600426280218,0.004098035626770584
Defect_L14_B126_el3503_H4_W4.npy,-551.5066481000001,110.28361169999971,0.4158613959930081,0.5983554423887072,0.5679572937924122,0.0041253155775927116
Defect_L14_B127_el3507_H4_W4.npy,-546.803101,116.33867770000006,0.41715843735918234,0.6000251760832875,0.5679522812508918,0.004128387079085059
Defect_L14_B128_el3511_H4_W4.npy,-532.5401453000002,120.89519729999938,0.4210915633922584,0.6012816734205806,0.5679534672574357,0.004000906052078167
Defect_L14_B129_el3515_H4_W4.npy,-509.4836471999997,117.52305399999977,0.42744958025889446,0.6003517774803939,0.5679455285586993,0.0038197805571190545
Defect_L14_B12_el159_H4_W4.npy,-473.7895430000001,111.958126,0.43729251978764516,0.5988172033255437,0.56794543287191,0.003545516277988582
Defect_L14_B130_el3519_H4_W4.npy,-485.1343173999999,121.83689800000025,0.4341641059812407,0.6015413550473376,0.5679389905705342,0.003641525997706565
Defect_L14_B131_el3523_H4_W4.npy,-449.72759099999985,210.52095999999983,0.4439277987444346,0.6259967064000125,0.5679367744663695,0.0034248396364863908
Defect_L14_B132_el3811_H4_W4.npy,-438.15258500000004,199.64350999999988,0.4471197007869833,0.6229971610975977,0.5679340959623775,0.0033420757352412224
Defect_L14_B133_el3815_H4_W4.npy,-476.1245033,117.11529599999972,0.4366486354949856,0.6002393348956501,0.5679373507843447,0.003581034578028823
Defect_L14_B134_el3819_H4_W4.npy,-504.41982959999996,121.32739609999953,0.4288459691454776,0.6014008557546984,0.5679443741097261,0.0037816800151325106
Defect_L14_B135_el3823_H4_W4.npy,-530.0573435000001,125.62863519999974,0.4217762161809191,0.6025869574179529,0.5679518958688706,0.003966232367999265
Defect_L14_B136_el3827_H4_W4.npy,-545.4962086000003,120.1215728000002,0.4175188235672716,0.6010683401729163,0.5679548279488528,0.004077759810349737
Defect_L14_B137_el3831_H4_W4.npy,-558.46781455,112.31887333799978,0.413941797730141,0.5989166823379093,0.5679634492130832,0.004166326825932828
Defect_L14_B138_el3835_H4_W4.npy,-558.3191424619997,109.05000999999993,0.41398279526753823,0.5980152666872068,0.5679677573968174,0.004188423350066177
Defect_L14_B139_el3839_H4_W4.npy,-563.6881732000002,112.74114880000025,0.4125022413758918,0.5990331282308684,0.5679590939061603,0.00421271061320973
Defect_L14_B13_el163_H4_W4.npy,-448.16845999999987,190.21284000000014,0.44435774179789833,0.6203965771466605,0.5679530932848631,0.003412567682331526
Defect_L14_B140_el3843_H4_W4.npy,-545.9822459999998,113.82431999999972,0.4173847948013415,0.5993318214985617,0.5679470911921704,0.004097271434908875
Defect_L14_B141_el3847_H4_W4.npy,-520.3269839,118.52795910000032,0.4244594419763938,0.6006288882344842,0.5679456716949486,0.0038544496909051276
Defect_L14_B142_el3851_H4_W4.npy,-501.1139350000003,116.65545840000027,0.429757596467847,0.6001125309376497,0.5679401733119717,0.0037116294693287245
Defect_L14_B143_el3855_H4_W4.npy,-485.83738229999994,121.9536119999998,0.4339702301171285,0.6015735398820575,0.567937097742315,0.0036164888738621196
Defect_L14_B144_el3859_H4_W4.npy,-459.56792500000006,212.76704000000018,0.4412142466137521,0.626616081227095,0.5679377827739703,0.003482702504803
Defect_L14_B145_el4147_H4_W4.npy,-292.9852727000001,137.5682200000001,0.4871507677809601,0.6058793950296747,0.5679068428020804,0.002299671654490596
Defect_L14_B146_el4151_H4_W4.npy,-324.0684528999999,101.74776400000019,0.4785793280452666,0.5960016129644707,0.5679181215652597,0.002581941104051458
Defect_L14_B147_el4155_H4_W4.npy,-351.07845910000003,122.42792370000029,0.4711310991666781,0.6017043351908492,0.5679455287760559,0.0029107431066927123
Defect_L14_B148_el4159_H4_W4.npy,-400.29148639999994,149.0354010000001,0.4575602066454235,0.6090415634515465,0.5679983543918244,0.003400087696376282
Defect_L14_B149_el4179_H4_W4.npy,-451.67533148000007,162.3343460000001,0.4433906934663494,0.6127088556939214,0.5680862991727247,0.0034210963034770384
Defect_L14_B14_el451_H4_W4.npy,-511.8192859999997,237.14532000000008,0.4268055088643417,0.6333385902025396,0.5679512063514496,0.0038794968625280343
Defect_L14_B150_el4183_H4_W4.npy,-372.18834111,146.55343231999996,0.46530987751844033,0.6083571404025014,0.567990797828754,0.002931098337303406
Defect_L14_B151_el4187_H4_W4.npy,-361.87489140000025,118.70633210000005,0.468153895153945,0.600678076039919,0.5679404393121301,0.002777998399873874
Defect_L14_B152_el4191_H4_W4.npy,-366.71986549999997,101.74560199999996,0.46681785414231314,0.5960010167753874,0.5679181786018351,0.00275251596400571
Defect_L14_B153_el4195_H4_W4.npy,-361.89964499999974,160.91548000000012,0.46814706914742726,0.612317591854965,0.5679111964625373,0.0027342569891181234
Defect_L14_B154_el4483_H4_W4.npy,-169.2169904,85.84876999999994,0.521280878216853,0.5916173360644785,0.5679003700823408,0.001309557371388575
Defect_L14_B155_el4487_H4_W4.npy,-161.66610520000006,48.42032160000008,0.5233630962211401,0.5812961370173774,0.5679032889662008,0.0012572085344482041
Defect_L14_B156_el4491_H4_W4.npy,-137.30791180000006,41.53814149999994,0.530080066153273,0.5793983198829087,0.5679102960889525,0.0011113413769888866
Defect_L14_B157_el4495_H4_W4.npy,-105.01035969999992,43.38851639999996,0.5389863788167234,0.5799085758104469,0.5679235275495977,0.0009015698808967821
Defect_L14_B158_el4515_H4_W4.npy,-146.35649999999993,42.114307,0.5275848443661083,0.5795572022054142,0.5679547077704139,0.0006470706335717356
Defect_L14_B159_el4519_H4_W4.npy,-142.40309999999997,47.648537499999975,0.5286750265686067,0.5810833112749807,0.5679298119849605,0.0008657639484779005
Defect_L14_B15_el455_H4_W4.npy,-533.9512339999999,136.16740700000037,0.4207024442070289,0.6054931094522912,0.567946827222281,0.003983702131320945
Defect_L14_B160_el4523_H4_W4.npy,-128.40066899999994,45.933058200000005,0.5325363107968436,0.5806102539062311,0.5679143279145733,0.0010850481663089077
Defect_L14_B161_el4527_H4_W4.npy,-173.33854930000012,51.002194200000076,0.5201443248300647,0.5820081093848682,0.567902792086168,0.0013443831080151042
Defect_L14_B162_el4531_H4_W4.npy,-196.34173540000006,96.17351000000008,0.5138010091810085,0.5944644670892733,0.5678974174592422,0.0015045345549492837
Defect_L14_B163_el4819_H4_W4.npy,-240.23235580000016,113.40562999999997,0.5016978136488858,0.5992163643259093,0.5678997148845863,0.0018330443692385762
Defect_L14_B164_el4823_H4_W4.npy,-221.4864374000001,66.84996439999998,0.5068671531058513,0.5863782609054137,0.5679082411562211,0.0017110615542361984
Defect_L14_B165_el4827_H4_W4.npy,-182.00640970000006,67.17765169999996,0.5177540918301606,0.5864686233434276,0.567926885739042,0.0015188727406725891
Defect_L14_B166_el4831_H4_W4.npy,-136.38227247999998,85.78360459999999,0.5303353187238696,0.5915993661754467,0.5679585461888554,0.0013209357742270994
Defect_L14_B167_el4851_H4_W4.npy,-138.15834897999991,69.34992549999998,0.5298455511843907,0.5870676455106038,0.5679619102700909,0.0011240846908857518
Defect_L14_B168_el4855_H4_W4.npy,-163.15762850000004,81.99495430000002,0.5229517965407962,0.5905546150426116,0.5679396624625385,0.0014614640569056672
Defect_L14_B169_el4859_H4_W4.npy,-186.98145810000005,69.70716201000005,0.5163821817724259,0.5871661563835953,0.5679190970215072,0.001549529298162105
Defect_L14_B16_el459_H4_W4.npy,-537.0034266,118.40595600000006,0.4198607772744854,0.6005952448874234,0.5679446273922757,0.00398365576710127
Defect_L14_B170_el4863_H4_W4.npy,-196.46420899999998,62.32368139999994,0.5137672360897463,0.5851301015564809,0.5679075845447983,0.001578321581905598
Defect_L14_B171_el4867_H4_W4.npy,-193.22541950000004,101.78404000000012,0.5146603586350336,0.5960116163664988,0.5679024963070882,0.001539023671629113
Defect_L14_B172_el5155_H4_W4.npy,-411.363601,184.5072799999998,0.4545069809963764,0.618823222574068,0.5679227133588031,0.0030998381435341123
Defect_L14_B173_el5159_H4_W4.npy,-429.20017289999987,105.99587059999999,0.44958840123238514,0.5971730629087303,0.5679265501126585,0.003183315727915
Defect_L14_B174_el5163_H4_W4.npy,-443.6423564700001,115.15722810000011,0.445605851656519,0.5996993817475084,0.5679394105820713,0.00328114511081758
Defect_L14_B175_el5167_H4_W4.npy,-479.72176530000024,130.29247589999977,0.43565666124241215,0.6038730494214,0.5679636902776969,0.0035329997467303293
Defect_L14_B176_el5187_H4_W4.npy,-621.5003707799999,168.74985200000083,0.3965600577139711,0.6144779836499143,0.568038273647501,0.004693339906436232
Defect_L14_B177_el5191_H4_W4.npy,-508.1129281000001,155.19768149999982,0.4278275671986031,0.6107408624164634,0.5679897316747342,0.003961050415251981
Defect_L14_B178_el5195_H4_W4.npy,-442.3807930999999,131.35900659999993,0.4459537380159307,0.6041671539358833,0.5679524560881507,0.003459216192537922
Defect_L14_B179_el5199_H4_W4.npy,-399.49863940000023,114.09193500000015,0.45777884065379704,0.5994056185112905,0.567929577655817,0.0031010690670714423
Defect_L14_B17_el463_H4_W4.npy,-535.5352449000002,112.28679599999987,0.42026564031879504,0.598907836751075,0.567943257744617,0.003961409342645649
Defect_L14_B180_el5203_H4_W4.npy,-357.7811763999998,172.17133000000013,0.46928277035885757,0.6154214840348587,0.5679183812994145,0.0027917883042088715
Defect_L14_B181_el5491_H4_W4.npy,-482.2614820000001,220.28265999999985,0.4349563137071949,0.6286885745656746,0.5679441039713102,0.0036384199552587627
Defect_L14_B182_el5495_H4_W4.npy,-506.8096109000003,127.97367900000017,0.42818696751621577,0.6032336223177454,0.5679414628266217,0.0037598382844277307
Defect_L14_B183_el5499_H4_W4.npy,-517.6359648699997,113.86172810000039,0.4252015123596312,0.5993421370863722,0.5679416874859179,0.003823220424989775
Defect_L14_B184_el5503_H4_W4.npy,-529.6028621999999,113.3175228,0.42190154309563266,0.5991920680489446,0.5679436557013686,0.003916085696585222
Defect_L14_B185_el5507_H4_W4.npy,-545.2285239000003,111.8642891999998,0.41759263980034217,0.5987913270647809,0.567946746672187,0.004056786334352246
Defect_L14_B186_el5511_H4_W4.npy,-555.0559862,108.39984447000006,0.4148826371456187,0.597835978254596,0.5679494776160975,0.0041054387209006876
Defect_L14_B187_el5515_H4_W4.npy,-543.1588754300001,106.95626909999987,0.418163362198132,0.597437900605904,0.5679519798806316,0.0040127256120712175
Defect_L14_B188_el5519_H4_W4.npy,-535.5925542,107.12201250000021,0.42024983681323086,0.5974836056964239,0.5679506175491967,0.003942672659835718
Defect_L14_B189_el5523_H4_W4.npy,-529.3197085999998,109.68742829999997,0.4219796250036848,0.5981910399674736,0.5679478548631633,0.0039083055387345135
Defect_L14_B18_el467_H4_W4.npy,-532.2893887000002,109.34197500000028,0.42116071156407986,0.5980957784104711,0.5679424703241851,0.003931925344229238
Defect_L14_B190_el5527_H4_W4.npy,-528.8057566,114.41918689999989,0.4221213514475909,0.5994958608842132,0.5679467871946888,0.003908804467332334
Defect_L14_B191_el5531_H4_W4.npy,-521.10821376224,115.11569190000023,0.4242440114882382,0.59968792780255,0.5679452509544067,0.0038665414331804193
Defect_L14_B192_el5535_H4_W4.npy,-507.05304439999986,126.75669500000004,0.42811983874877724,0.6028980290821696,0.5679440979667464,0.003785970116820508
Defect_L14_B193_el5539_H4_W4.npy,-477.3798459999998,222.15850999999998,0.4363024645359185,0.6292058554592237,0.5679453508270138,0.0036307350954583664
Defect_L14_B194_el5827_H4_W4.npy,-490.07954800000016,226.1860899999997,0.4328004184243604,0.6303164934000185,0.5679491394288351,0.003704751702131711
Defect_L14_B195_el5831_H4_W4.npy,-513.9842048999999,131.70112299999982,0.42620851487065714,0.6042614953155724,0.5679457037931571,0.003822224740412771
Defect_L14_B196_el5835_H4_W4.npy,-521.9026938,115.20548099999996,0.424024927156421,0.5997126878771181,0.5679443732684333,0.0038644262944186494
Defect_L14_B197_el5839_H4_W4.npy,-527.46707993,109.92792799999961,0.42249050242663017,0.598257359715702,0.5679439549026838,0.003904466098125859
Defect_L14_B198_el5843_H4_W4.npy,-531.9833001,107.79380300000003,0.42124511798490955,0.5976688573903854,0.5679435080719645,0.00393970688559845
Defect_L14_B199_el5847_H4_W4.npy,-532.7292786,105.70851489999995,0.42103940834658643,0.597093822237428,0.5679426707826809,0.0039326235427047575
Defect_L14_B19_el471_H4_W4.npy,-528.2900377000001,107.49253299999964,0.42226356512854196,0.5975857797376948,0.5679421021962738,0.003900186724990113
Defect_L14_B1_el115_H4_W4.npy,-564.7214219999994,251.42623000000003,0.4122173146160112,0.6372766672798608,0.5679503246250884,0.004371412261981352
Defect_L14_B200_el5851_H4_W4.npy,-527.1487677,105.67214619999982,0.42257827961284544,0.597083793272621,0.5679422672566076,0.003878502085130405
Defect_L14_B201_el5855_H4_W4.npy,-522.3414542000003,106.95097129999999,0.42390393540773846,0.5974364396944676,0.5679414946005193,0.0038385110318143708
Defect_L14_B202_el5859_H4_W4.npy,-521.8577495,108.74005789999956,0.4240373209126722,0.5979297948748308,0.5679419439792027,0.0038383137973745404
Defect_L14_B203_el5863_H4_W4.npy,-525.2977809400004,111.66433499999994,0.4230887042657548,0.5987361880679289,0.5679434319912099,0.003870212672345951
Defect_L14_B204_el5867_H4_W4.npy,-527.5232510999999,117.80942199999981,0.4224750127696697,0.6004307457853884,0.5679451487403292,0.003900036789957656
Defect_L14_B205_el5871_H4_W4.npy,-525.0415977000002,135.5088330000001,0.42315934887769047,0.6053115023156925,0.5679477367901286,0.003908042657814856
Defect_L14_B206_el5875_H4_W4.npy,-504.17722000000003,237.01085999999987,0.42891287071579054,0.6333015117639935,0.5679525656189681,0.0038241629946091033
Defect_L14_B207_el6163_H4_W4.npy,-481.4031970000001,222.16616999999997,0.43519299277626744,0.6292079677665214,0.567949183232843,0.0036449516045190975
Defect_L14_B208_el6167_H4_W4.npy,-506.25452999999993,129.227668,0.4283400355887931,0.6035794199830281,0.5679460558375532,0.003768634590495061
Defect_L14_B209_el6171_H4_W4.npy,-515.4713165000001,113.39281699999992,0.42579843175246795,0.5992128310369528,0.5679447647869076,0.003819612999771196
Defect_L14_B20_el475_H4_W4.npy,-523.9256932999999,106.130942,0.42346706859149885,0.5972103099457987,0.5679420828802861,0.0038681625442923894
Defect_L14_B210_el6175_H4_W4.npy,-521.7945573,108.42237799999975,0.4240547466757563,0.5978421920587558,0.5679440778810572,0.0038616510156050995
Defect_L14_B211_el6179_H4_W4.npy,-526.5170279000001,107.53215999999998,0.4227524870005547,0.5975967072052262,0.5679434178157757,0.0038942218143684136
Defect_L14_B212_el6183_H4_W4.npy,-529.3989690000003,107.54270399999996,0.4219577683037699,0.5975996147989793,0.5679426329987404,0.003907759701940012
Defect_L14_B213_el6187_H4_W4.npy,-529.8639920999999,108.35961899999961,0.4218295344019714,0.5978248857540948,0.5679420126645446,0.0039019954413587357
Defect_L14_B214_el6191_H4_W4.npy,-530.4860675,109.95844400000033,0.42165799205116145,0.5982657747508849,0.5679415965452697,0.00390216298927212
Defect_L14_B215_el6195_H4_W4.npy,-533.0989434999997,112.21276100000046,0.420937470243974,0.5988874209977079,0.567942155938896,0.003922987783867147
Defect_L14_B216_el6199_H4_W4.npy,-537.1747501999998,115.53495999999996,0.41981353339843247,0.5998035443909788,0.567943703136193,0.003959836186432157
Defect_L14_B217_el6203_H4_W4.npy,-540.0713456000001,121.90195500000027,0.4190147736592411,0.6015592950441879,0.5679457404544029,0.003994370024778386
Defect_L14_B218_el6207_H4_W4.npy,-538.2759729999998,139.65167900000006,0.4195098622552278,0.6064539257934312,0.567948471664866,0.004006784119227186
Defect_L14_B219_el6211_H4_W4.npy,-517.2797979999998,242.82067000000006,0.42529972827069346,0.6349036141219379,0.567953237347042,0.003921313354639822
Defect_L14_B21_el479_H4_W4.npy,-519.3099391000001,105.09991000000014,0.4247399003514895,0.5969259944865469,0.567942370527711,0.0038358936221466185
Defect_L14_B22_el483_H4_W4.npy,-514.4766933999999,104.40646700000002,0.4260727071614359,0.5967347719396133,0.567942899131547,0.0038030644317613247
Defect_L14_B23_el487_H4_W4.npy,-509.3463976999999,104.29269199999976,0.4274874279247521,0.5967033975580458,0.5679437217383762,0.003769875704965712
Defect_L14_B24_el491_H4_W4.npy,-503.4892675000003,108.76655400000004,0.4291025792126955,0.5979371013898953,0.5679450129465653,0.0037358359213582114
Defect_L14_B25_el495_H4_W4.npy,-494.8209333,124.66009199999985,0.431492942866803,0.6023198737535146,0.5679469196237291,0.003692638022992884
Defect_L14_B26_el499_H4_W4.npy,-470.31981999999994,216.85184000000027,0.43824932412371026,0.6277424980482529,0.567950627362682,0.0035712291139432624
Defect_L14_B27_el787_H4_W4.npy,-500.6438969999999,232.3113900000003,0.4298872132691063,0.6320055946913029,0.5679520720990392,0.0037900203958718764
Defect_L14_B28_el791_H4_W4.npy,-521.3325208000001,132.82815600000004,0.4241821569983153,0.6045722838313382,0.5679470212996319,0.003884908488314631
Defect_L14_B29_el795_H4_W4.npy,-523.6621791,114.82636799999977,0.42353973477527623,0.5996081443840904,0.5679441569825753,0.003879850372545399
Defect_L14_B2_el119_H4_W4.npy,-585.6247769999998,146.04440100000056,0.4064530444704386,0.6082167708761247,0.5679472568357725,0.00440557799791242
Defect_L14_B30_el799_H4_W4.npy,-522.5223325,108.57343800000012,0.4238540567454534,0.5978838480823077,0.5679422635668527,0.0038602350484874645
Defect_L14_B31_el803_H4_W4.npy,-520.64033128,105.69747060000032,0.42437303388794445,0.5970907766818812,0.5679411270221402,0.0038407251116600242
Defect_L14_B32_el807_H4_W4.npy,-518.96933848,104.13665740000033,0.42483382374251594,0.5966603697480864,0.5679406054974853,0.0038260260623660574
Defect_L14_B33_el811_H4_W4.npy,-517.74328476,103.25412800000026,0.4251719180271446,0.5964170050885373,0.5679406010764756,0.003817116953295232
Defect_L14_B34_el815_H4_W4.npy,-516.7347155099999,102.8876422999997,0.42545003920039737,0.5963159436761806,0.5679410210783109,0.003811904867350311
Defect_L14_B35_el819_H4_W4.npy,-515.656813414,103.57641070000045,0.4257472794698097,0.5965058771641464,0.567941836135453,0.003807630867970327
Defect_L14_B36_el823_H4_W4.npy,-514.2851087999998,106.04793300000006,0.42612553817301907,0.5971874195389472,0.5679430217771881,0.0038030361728099795
Defect_L14_B37_el827_H4_W4.npy,-512.087448,111.85102400000028,0.4267315610119143,0.598787669077997,0.567944712502662,0.0037968826872961017
Defect_L14_B38_el831_H4_W4.npy,-506.8323436999997,129.0980810000001,0.4281806987617329,0.6035436853138636,0.5679471114650744,0.003779287705158597
Defect_L14_B39_el835_H4_W4.npy,-484.58138099999996,224.96696999999995,0.434316582690502,0.6299803111450709,0.5679514644838877,0.0036734845554497854
Defect_L14_B3_el123_H4_W4.npy,-581.7735540000001,128.5667010000002,0.4075150505341944,0.6033971529572177,0.5679459429978839,0.004354781669784223
Defect_L14_B40_el1123_H4_W4.npy,-497.67477499999995,230.76118999999971,0.43070597280809714,0.6315781144337237,0.5679528263725302,0.003767137042201971
Defect_L14_B41_el1127_H4_W4.npy,-517.5372132999998,131.92660100000035,0.4252287439081926,0.6043236727078563,0.5679473404575751,0.0038556116251301687
Defect_L14_B42_el1131_H4_W4.npy,-519.0383027,113.78376100000014,0.42481480629797375,0.5993206370244506,0.5679439808888678,0.0038439777039127303
Defect_L14_B43_el1135_H4_W4.npy,-517.3103999999998,107.41197830000033,0.42529128952031126,0.5975635661240289,0.5679416564378802,0.0038197534329755447
Defect_L14_B44_el1139_H4_W4.npy,-515.2911145999999,104.45079720000012,0.4258481238919521,0.5967469963527953,0.5679401838970694,0.0037992093738000365
Defect_L14_B45_el1143_H4_W4.npy,-514.3030233,102.87785630000008,0.4261205981039477,0.5963132451070924,0.5679394697325352,0.0037896881913099265
Defect_L14_B46_el1147_H4_W4.npy,-514.6349436000003,102.08344120000015,0.4260290683817571,0.5960941786823907,0.5679394179045196,0.0037926950802432877
Defect_L14_B47_el1151_H4_W4.npy,-515.5301987999999,102.7580945000002,0.4257821944793608,0.596280219816735,0.5679399823879646,0.0038025347639034602
Defect_L14_B48_el1155_H4_W4.npy,-516.3448261000001,104.35557540000013,0.4255575543761257,0.5967207381670184,0.5679410594621789,0.003812918618854933
Defect_L14_B49_el1159_H4_W4.npy,-516.76111126,107.19236350000006,0.42544276035766154,0.5975030055568297,0.5679425635596614,0.003821484735138488
Defect_L14_B4_el127_H4_W4.npy,-572.4539440000003,122.18682466999962,0.41008500878689486,0.6016378501724989,0.5679450123453361,0.004285752282317242
Defect_L14_B50_el1163_H4_W4.npy,-516.2475913999999,113.32683599999996,0.42558436763544816,0.5991946362395878,0.5679445811817109,0.0038275615453094215
Defect_L14_B51_el1167_H4_W4.npy,-512.5752766000003,131.0554729999999,0.4265970383080163,0.6040834520770832,0.5679474050148456,0.0038214539369266164
Defect_L14_B52_el1171_H4_W4.npy,-491.311193,228.51845000000003,0.4324607822987986,0.6309596606388052,0.5679522311871555,0.0037231352268363967
Defect_L14_B53_el1459_H4_W4.npy,-496.5736220000001,230.01443999999992,0.4310096247033841,0.6313721920480012,0.567953360637412,0.003766789848074285
Defect_L14_B54_el1463_H4_W4.npy,-515.9416274,131.54506700000002,0.42566873969681435,0.6042184616043889,0.5679476902421661,0.0038501568032388665
Defect_L14_B55_el1467_H4_W4.npy,-516.8791076999998,113.38638100000026,0.4254102218796816,0.5992110562576097,0.5679440531994258,0.003833984062824643
Defect_L14_B56_el1471_H4_W4.npy,-514.4673783000001,106.95633390000012,0.4260752758760194,0.597437918475031,0.5679414350996875,0.0038045781663897287
Defect_L14_B57_el1475_H4_W4.npy,-511.8469888000002,103.95244769999954,0.4267978695919382,0.5966095724251571,0.5679396659638953,0.003779740910385948
Defect_L14_B58_el1479_H4_W4.npy,-511.1165630999999,102.3243994999998,0.42699929041917245,0.5961606248932987,0.5679387001905222,0.0037724608415653192
Defect_L14_B59_el1483_H4_W4.npy,-512.9006273,101.54138520000015,0.42650732020645565,0.5959447023319183,0.5679386327167104,0.0037869436337575257
Defect_L14_B5_el131_H4_W4.npy,-561.7321880000002,119.17528420000008,0.4130416202025702,0.6008073933954217,0.5679443266910372,0.004208917701511296
Defect_L14_B60_el1487_H4_W4.npy,-515.5598593999998,103.02219209999976,0.4257740153276849,0.596353046877807,0.5679393823948705,0.003811609967344861
Defect_L14_B61_el1491_H4_W4.npy,-517.4712341000002,104.97221029999969,0.4252469382091929,0.5968907802557064,0.5679407479226544,0.003831156870389868
Defect_L14_B62_el1495_H4_W4.npy,-518.4661003000001,107.8964648000001,0.42497259576342294,0.5976971672166708,0.5679424812134559,0.0038431460246902394
Defect_L14_B63_el1499_H4_W4.npy,-518.40861836,114.09362299999998,0.42498844687587123,0.5994060839910186,0.5679446222239147,0.0038514275029071323
Defect_L14_B64_el1503_H4_W4.npy,-515.2029574000001,131.94975399999976,0.4258724339568233,0.6043300573359066,0.5679475856943413,0.0038477817671069506
Defect_L14_B65_el1507_H4_W4.npy,-494.15415699999994,230.08177000000023,0.4316768118543347,0.6313907588430876,0.567952541340654,0.0037516766319661632
Defect_L14_B66_el1795_H4_W4.npy,-489.1951200000001,231.31718,0.4330443066383006,0.6317314331980196,0.5679528878570173,0.003720838399367746
Defect_L14_B67_el1799_H4_W4.npy,-508.8257650999999,131.91490299999987,0.42763099659844067,0.6043204468892178,0.5679475155585949,0.0038057612009903424
Defect_L14_B68_el1803_H4_W4.npy,-510.05840619000014,114.44612599999982,0.4272910857929602,0.5995032895601307,0.5679441022527026,0.0037917376879713985
Defect_L14_B69_el1807_H4_W4.npy,-507.5298601000002,108.3941311000001,0.4279883529416208,0.5978344027463524,0.5679416772565056,0.0037611729947888265
Defect_L14_B6_el135_H4_W4.npy,-550.6418140000001,116.53398619999962,0.41609988102966866,0.6000790339905815,0.5679438233476136,0.004128837703488229
Defect_L14_B70_el1811_H4_W4.npy,-504.1046438999999,105.63314749999995,0.42893288416561776,0.5970730390639245,0.5679398298802665,0.0037307750513923647
Defect_L14_B71_el1815_H4_W4.npy,-503.4330209,104.16347270000006,0.429118089670092,0.5966677642851468,0.5679386609455302,0.0037245898512149826
Defect_L14_B72_el1819_H4_W4.npy,-507.2831246999999,103.36357199999998,0.42805639223483843,0.5964471851616313,0.5679385683591232,0.0037550720083441686
Defect_L14_B73_el1823_H4_W4.npy,-512.3756555000002,105.68509300000028,0.42665208544983435,0.5970873634580157,0.5679394196212162,0.0038007287270307977
Defect_L14_B74_el1827_H4_W4.npy,-514.5581176000001,107.78115400000002,0.42605025377607325,0.5976653693257628,0.5679409101597577,0.003823848890368158
Defect_L14_B75_el1831_H4_W4.npy,-514.7139289000002,110.3191655999999,0.42600728754290473,0.5983652466657876,0.5679425131912392,0.0038266608265896903
Defect_L14_B76_el1835_H4_W4.npy,-514.0873620499999,116.1122790000004,0.42618006844758066,0.5999627448004908,0.5679443466663672,0.0038285108859634136
Defect_L14_B77_el1839_H4_W4.npy,-510.68912709999995,133.41165400000045,0.427117159372455,0.6047331881503532,0.567947106126518,0.00382248530129344
Defect_L14_B78_el1843_H4_W4.npy,-489.4304749999999,233.11963000000014,0.43297940558293846,0.6322284734446159,0.5679519043158231,0.003724904067496392
Defect_L14_B79_el2131_H4_W4.npy,-478.63229200000023,224.22926000000007,0.4359570923654347,0.6297768816128695,0.5679494142043932,0.0036434118739347115
Defect_L14_B7_el139_H4_W4.npy,-539.436858,114.07955450000031,0.4191897387751479,0.5994022044877264,0.5679434644502549,0.00404703836799913
Defect_L14_B80_el2135_H4_W4.npy,-502.5129142999999,128.09839499999975,0.42937181654815176,0.6032680137690447,0.5679457845050794,0.0037624327154542185
Defect_L14_B81_el2139_H4_W4.npy,-509.1488885980002,112.04488889999993,0.42754189266594483,0.5988411289008503,0.5679441498261925,0.0037895236220528263
Defect_L14_B82_el2143_H4_W4.npy,-510.9865894000002,109.69452230000002,0.4270351317240069,0.5981929961956683,0.5679433169937759,0.003790336145431498
Defect_L14_B83_el2147_H4_W4.npy,-508.4637230000001,105.96097410000016,0.4277308326519579,0.5971634399150466,0.5679424197692268,0.0037670917682870167
Defect_L14_B84_el2151_H4_W4.npy,-507.8536051000001,105.10574089999977,0.427899077624894,0.5969276024046438,0.5679419186235148,0.0037629036427482133
Defect_L14_B85_el2155_H4_W4.npy,-514.5291157000001,104.16020890000004,0.42605825128586694,0.5966668642657526,0.5679419394148134,0.0038159321507472603
Defect_L14_B86_el2159_H4_W4.npy,-523.4754903999999,107.64771810000002,0.42359121570261665,0.5976285732911205,0.5679422240418537,0.003893162205468998
Defect_L14_B87_el2163_H4_W4.npy,-522.0788553,108.69522149999966,0.4239763491900969,0.5979174308728821,0.5679425204414368,0.0038900424310157095
Defect_L14_B88_el2167_H4_W4.npy,-516.9708813000002,109.74173509999969,0.42538491456309846,0.5982060155092438,0.5679426937046391,0.003843167331656595
Defect_L14_B89_el2171_H4_W4.npy,-513.0065086999998,114.87771599999996,0.42647812254928574,0.5996223040126971,0.5679432876163343,0.0038177895172578184
Defect_L14_B8_el143_H4_W4.npy,-528.0064920000002,111.74376579999966,0.42234175516135797,0.5987580917570295,0.5679432057544404,0.003962551092106877
Defect_L14_B90_el2175_H4_W4.npy,-507.7761769000001,131.86976400000026,0.42792042908075767,0.6043079994428582,0.5679452011619315,0.003797827238651145
Defect_L14_B91_el2179_H4_W4.npy,-485.80933099999993,230.27625000000035,0.4339779654912411,0.6314443882847687,0.5679494309783097,0.0036956049800246564
Defect_L14_B92_el2467_H4_W4.npy,-426.1318955999998,197.26702999999975,0.4504345036517684,0.6223418274099888,0.5679320416339364,0.003257418473106236
Defect_L14_B93_el2471_H4_W4.npy,-459.7006748000001,114.33706239999992,0.4411776397767649,0.5994732143854303,0.5679341164608507,0.0034697355878036016
Defect_L14_B94_el2475_H4_W4.npy,-486.79380946000015,120.79784950000044,0.4337064875492582,0.6012548289730136,0.5679416650534226,0.003662922422122941
Defect_L14_B95_el2479_H4_W4.npy,-522.0167426,128.03910599999972,0.4239934772722766,0.6032516643451047,0.5679542504501403,0.0039175036753000035
Defect_L14_B96_el2499_H4_W4.npy,-544.3607819000003,121.9900419999999,0.41783192671407726,0.6015835857508381,0.5679522219086472,0.004055269042043183
Defect_L14_B97_el2503_H4_W4.npy,-509.08938120000016,118.94423609999967,0.42755830231490943,0.6007436800027618,0.5679437022677972,0.003755248337223586
Defect_L14_B98_el2507_H4_W4.npy,-490.1480405099999,113.3118929000002,0.43278153105768713,0.5991905155582324,0.5679375471984196,0.0036255201403496105
Defect_L14_B99_el2511_H4_W4.npy,-479.67546960000004,119.8880630000001,0.4356694276582042,0.601003947946461,0.5679356373075788,0.0035710620926212144
Defect_L14_B9_el147_H4_W4.npy,-516.0738330000001,109.43323620000001,0.425632282927403,0.5981209444285868,0.5679430307299703,0.003872638181394095
Defect_L15_B100_el2515_H4_W4.npy,-311.9275749999997,147.11340999999993,0.4819272738664045,0.6085115588019885,0.5679391476943638,0.0024458348395383204
Defect_L15_B101_el2803_H4_W4.npy,-232.4723809999998,121.09249999999997,0.5038376898108721,0.6013360812447434,0.5679201126573166,0.0018642337594717041
Defect_L15_B102_el2807_H4_W4.npy,-231.31698800000004,71.05409600000007,0.5041562988272861,0.5875375843857802,0.5679169175681562,0.0018413142657184092
Defect_L15_B103_el2811_H4_W4.npy,-212.3712258999999,66.35877229999983,0.5093807468098299,0.5862428106890359,0.5679170410424991,0.0017399920476642923
Defect_L15_B104_el2815_H4_W4.npy,-199.35579039999993,79.94374869999979,0.5129698590018332,0.5899889784162177,0.5679287012662022,0.0016624892622141472
Defect_L15_B105_el2835_H4_W4.npy,-174.45425409999984,110.1575464,0.5198366601575798,0.5983206788569592,0.5680058331129707,0.0016036947570165982
Defect_L15_B106_el2839_H4_W4.npy,-2053.4723999999997,77.83457739999994,0.00168212461052276,0.5894073572766214,0.5678995698163698,0.005043186062510422
Defect_L15_B107_el2843_H4_W4.npy,-215.20915639999976,61.582223600000134,0.5085981643939279,0.5849256385379491,0.5679234765693534,0.0017438524155277777
Defect_L15_B108_el2847_H4_W4.npy,-242.85142799999994,67.65683899999999,0.5009755831891555,0.586600763138572,0.5679206950448978,0.0019025851257360382
Defect_L15_B109_el2851_H4_W4.npy,-248.84485900000004,122.18141999999989,0.49932284584709485,0.601636359790791,0.5679227158314942,0.001966110741184944
Defect_L15_B10_el151_H4_W4.npy,-346.665299,82.88727129999984,0.4723480639559219,0.590800678712462,0.5679419730917985,0.0027112650321564156
Defect_L15_B110_el3139_H4_W4.npy,-272.7514639999997,128.34550000000013,0.492730405088973,0.6033361549824683,0.5679288370130839,0.002131380435422499
Defect_L15_B111_el3143_H4_W4.npy,-272.77118399999995,72.28896200000008,0.49272496713859265,0.587878108728288,0.5679297455189705,0.0021063795380041003
Defect_L15_B112_el3147_H4_W4.npy,-260.0817499000002,82.20679739999969,0.49622418179321803,0.5906130325003294,0.5679407166856505,0.0020613263817557425
Defect_L15_B113_el3151_H4_W4.npy,-249.57263365000017,103.86000708999995,0.49912215606845883,0.5965840811751422,0.5679735225222823,0.0021141249281738748
Defect_L15_B114_el3171_H4_W4.npy,-366.9639508999999,175.72916609999993,0.4667505456081477,0.6164025862748613,0.5680678233945765,0.0032276339797050113
Defect_L15_B115_el3175_H4_W4.npy,-296.76909909999995,131.62460220000003,0.48610734687778223,0.6042403940826385,0.5679761510203429,0.002615013840277742
Defect_L15_B116_el3179_H4_W4.npy,-273.1484658999998,90.95345309999993,0.4926209285862821,0.5930249939450407,0.5679377570959837,0.002290052767519496
Defect_L15_B117_el3183_H4_W4.npy,-264.64812710000024,81.9328079999998,0.4949649661425542,0.5905374776949586,0.5679250292090879,0.0021320644821157084
Defect_L15_B118_el3187_H4_W4.npy,-248.99502599999983,128.78829999999994,0.4992814360755558,0.6034582606837042,0.5679230635972884,0.0020031596376794427
Defect_L15_B119_el3475_H4_W4.npy,-316.08669499999996,148.40094000000022,0.4807803627008115,0.6088666056708061,0.56794125260389,0.0024823262954394992
Defect_L15_B11_el155_H4_W4.npy,-336.48862499999996,80.33586269999978,0.47515436457701465,0.5900971070407309,0.5679423714934995,0.0026238278235921715
Defect_L15_B120_el3479_H4_W4.npy,-331.1277906,83.75301699999977,0.4766326582617977,0.5910394151302365,0.567939422660634,0.0025465428518842677
Defect_L15_B121_el3483_H4_W4.npy,-336.5411785000001,82.50040160000003,0.4751398725219787,0.5906939962463251,0.5679406692822535,0.002572810017321537
Defect_L15_B122_el3487_H4_W4.npy,-342.8114716,83.12146010000015,0.473410788204159,0.5908652581786897,0.5679434278987682,0.0026231706926415593
Defect_L15_B123_el3491_H4_W4.npy,-355.20492425,80.07684199999994,0.46999319284155044,0.5900256799761237,0.567944467901227,0.002750448288490735
Defect_L15_B124_el3495_H4_W4.npy,-383.040882,78.47994796000012,0.46231720110569074,0.589585323457258,0.5679483839250485,0.002936954231783471
Defect_L15_B125_el3499_H4_W4.npy,-379.1156768899998,77.6972665999997,0.4633996083379663,0.5893694927067901,0.5679530867946133,0.002955432355386746
Defect_L15_B126_el3503_H4_W4.npy,-383.3173042000003,79.52840491000006,0.4622409754359342,0.5898744439881872,0.5679533705300545,0.002973486291857896
Defect_L15_B127_el3507_H4_W4.npy,-375.37161059000005,88.44825109999988,0.4644320650702053,0.592334164119052,0.567951110019132,0.00295654000113326
Defect_L15_B128_el3511_H4_W4.npy,-367.53277820000017,94.06492319999961,0.4665936868539727,0.5938830071303054,0.5679502772957797,0.002890373431620667
Defect_L15_B129_el3515_H4_W4.npy,-351.7681,90.5609099999997,0.4709409250797416,0.5929167469927126,0.5679445962297421,0.0027523321817265836
Defect_L15_B12_el159_H4_W4.npy,-324.910351,77.87861062000002,0.47834716779714165,0.589419499795153,0.5679438617791008,0.002524335869122112
Defect_L15_B130_el3519_H4_W4.npy,-334.0309684000001,90.76098999999999,0.47583208337227256,0.5929719206799378,0.567939661033972,0.002607965876353104
Defect_L15_B131_el3523_H4_W4.npy,-307.80861500000015,147.3464100000001,0.4830631105853812,0.6085758104469479,0.5679384029110734,0.0024362005977352653
Defect_L15_B132_el3811_H4_W4.npy,-300.4381599999999,138.6657799999998,0.4850955734946025,0.6061820561259902,0.5679370145413274,0.002391185590453462
Defect_L15_B133_el3815_H4_W4.npy,-327.7788359000001,89.30673009999987,0.4775561597569445,0.5925708966852025,0.5679388943982759,0.0025716804906290697
Defect_L15_B134_el3819_H4_W4.npy,-347.2854162000001,92.4223257000001,0.4721770615946877,0.5934300475106444,0.5679437122173372,0.0027187948596767344
Defect_L15_B135_el3823_H4_W4.npy,-363.3462132000002,92.76674999999977,0.4677481662015223,0.5935250253125283,0.5679482285655036,0.002835889387492067
Defect_L15_B136_el3827_H4_W4.npy,-371.0467346500002,87.15090979999968,0.46562468478432517,0.5919764117044656,0.5679500183454886,0.0028859715999133327
Defect_L15_B137_el3831_H4_W4.npy,-387.49578640000004,82.45237512100039,0.461088724986221,0.5906807525541476,0.5679579039730929,0.002989838148341713
Defect_L15_B138_el3835_H4_W4.npy,-386.9319921619999,78.36167819999991,0.4612441958326162,0.589552709609065,0.5679584948132779,0.0030217234133723524
Defect_L15_B139_el3839_H4_W4.npy,-395.09907420000013,81.43092973700004,0.45899205653880015,0.5903990806822245,0.5679544725391976,0.003056349451217155
Defect_L15_B13_el163_H4_W4.npy,-304.8479639999998,133.52555000000007,0.48387953417722857,0.6047645958986548,0.5679495846022857,0.0024085357096253215
Defect_L15_B140_el3843_H4_W4.npy,-371.8321646299996,81.50153,0.46540809607953837,0.5904185492789297,0.5679462271790279,0.0028934845224292895
Defect_L15_B141_el3847_H4_W4.npy,-350.75700959999995,85.82506448000004,0.47121974148061097,0.5916107990745446,0.5679428569254587,0.002685242192214431
Defect_L15_B142_el3851_H4_W4.npy,-337.6625650000003,84.13328590000015,0.4748306410745102,0.5911442773720901,0.567939409059037,0.0025812018399058584
Defect_L15_B143_el3855_H4_W4.npy,-328.153235,83.21597439999982,0.4774529161601793,0.5908913212655874,0.5679375402096143,0.002521583253943186
Defect_L15_B144_el3859_H4_W4.npy,-310.6213579999999,145.65092000000004,0.48228747382745085,0.6081082652902438,0.5679387317541048,0.0024345646961896456
Defect_L15_B145_el4147_H4_W4.npy,-205.5704699999999,108.81845999999996,0.511256110558936,0.5979514148915402,0.5679204296242373,0.0017228359044448513
Defect_L15_B146_el4151_H4_W4.npy,-231.22688399999993,83.48228240000003,0.5041811457380905,0.5909647578624365,0.5679315609180235,0.0020088017921959618
Defect_L15_B147_el4155_H4_W4.npy,-255.4202600000001,114.61295533999987,0.4975096255444464,0.5995492941074373,0.5679592143157868,0.0023658181608959853
Defect_L15_B148_el4159_H4_W4.npy,-295.16084639999985,151.1901668999999,0.48655083563952156,0.6096357576729079,0.5680147540262895,0.002858868958478915
Defect_L15_B149_el4179_H4_W4.npy,-287.4461833900002,171.56026941000016,0.4886782167069001,0.6152529791074883,0.5680949114346009,0.002642461188732416
Defect_L15_B14_el451_H4_W4.npy,-351.2967229999997,169.35233000000017,0.47107091112114075,0.614644121858291,0.5679486077626392,0.002766342252410882
Defect_L15_B150_el4183_H4_W4.npy,-235.38694720000012,124.51477681999995,0.5030339744774265,0.6022798019107997,0.5680029031105874,0.0021504196735401145
Defect_L15_B151_el4187_H4_W4.npy,-230.8280989,97.11388409999995,0.5042911139726838,0.594723782895291,0.567952833482078,0.0019555717460019283
Defect_L15_B152_el4191_H4_W4.npy,-240.50321699999995,78.92207239999993,0.5016231214701062,0.5897072428673296,0.56793012469055,0.0019052874494537553
Defect_L15_B153_el4195_H4_W4.npy,-241.67805799999974,107.05481000000009,0.5012991495095241,0.5974650740604995,0.5679227701775634,0.0018950699844181849
Defect_L15_B154_el4483_H4_W4.npy,-117.51004650000004,64.94484999999997,0.5355394885232635,0.585852910115561,0.5679143290625833,0.0009629283837371442
Defect_L15_B155_el4487_H4_W4.npy,-114.33211130000007,37.92629499999998,0.5364158300004055,0.5784023238358463,0.5679160794366355,0.0009515515578438097
Defect_L15_B156_el4491_H4_W4.npy,-102.8774929,42.17172121999988,0.5395745341831573,0.5795730346435217,0.5679213217964852,0.0008883114241634956
Defect_L15_B157_el4495_H4_W4.npy,-87.15688730000011,47.85987039999998,0.5439096190310393,0.5811415880408992,0.5679315305168078,0.000787585366801787
Defect_L15_B158_el4515_H4_W4.npy,-146.57259999999997,49.787317,0.5275252530335944,0.5816730971165267,0.5679589045071372,0.000681042578585656
Defect_L15_B159_el4519_H4_W4.npy,-75.17164579999996,52.69430319999998,0.5472146468491061,0.582474722203325,0.567942362586666,0.0007160835526368075
Defect_L15_B15_el455_H4_W4.npy,-367.56454899999994,96.79689300000018,0.4665849257974849,0.5946363700214178,0.5679449371563298,0.0028402559142675136
Defect_L15_B160_el4523_H4_W4.npy,-85.09047438000005,46.05520942999999,0.5444794491996022,0.580643938101344,0.5679275416657055,0.0008293380842028648
Defect_L15_B161_el4527_H4_W4.npy,-114.82176330000016,40.927393499999994,0.5362808044791282,0.579229901154773,0.5679175638020704,0.0009632810969941137
Defect_L15_B162_el4531_H4_W4.npy,-132.6219377000001,68.8297,0.5313722616217781,0.5869241890980511,0.56791302915176,0.0010645739783912828
Defect_L15_B163_el4819_H4_W4.npy,-161.8714858000002,84.78988000000004,0.5233064608503557,0.5913253385351612,0.5679159403586339,0.0012849166836575532
Defect_L15_B164_el4823_H4_W4.npy,-145.03041500000006,55.9362443,0.5279505230897384,0.5833687138279439,0.5679244631760183,0.0012280158771404964
Defect_L15_B165_el4827_H4_W4.npy,-118.45154200000002,71.78797471999997,0.5352798634820756,0.5877399574113623,0.5679429109516064,0.001183417436682819
Defect_L15_B166_el4831_H4_W4.npy,-125.26505189999989,91.87838359999989,0.5334009827137429,0.5932800510527575,0.5679729235282045,0.0012067262018629744
Defect_L15_B167_el4851_H4_W4.npy,-132.58222290000003,76.23100019999998,0.5313832133008736,0.5889651578220324,0.5679684341918347,0.0010954969349391407
Defect_L15_B168_el4855_H4_W4.npy,-140.48097018999988,88.4387193,0.529205069496151,0.5923315356476813,0.5679505961328052,0.0013217870820904584
Defect_L15_B169_el4859_H4_W4.npy,-140.80894220000005,75.27259071000003,0.5291146285470388,0.5887008686105427,0.5679318210001004,0.0013013349999298539
Defect_L15_B16_el459_H4_W4.npy,-369.78218800000013,84.92575899999974,0.46597339380745945,0.5913628082744976,0.5679430340209155,0.002840246733153608
Defect_L15_B170_el4863_H4_W4.npy,-144.15404009999997,57.525116860000026,0.528192190595859,0.5838068583584619,0.5679211484044893,0.0012499592736592816
Defect_L15_B171_el4867_H4_W4.npy,-138.67370010000002,82.50115000000005,0.5297034389217657,0.5906942026237118,0.5679167407044127,0.001174155512346007
Defect_L15_B172_el5155_H4_W4.npy,-274.81184200000007,123.63844999999992,0.4921622390986811,0.6020381476631304,0.5679301974324487,0.0021414448532169434
Defect_L15_B173_el5159_H4_W4.npy,-284.7658053,78.8164632999999,0.4894173527643911,0.5896781202990993,0.5679338697520041,0.002190677317609145
Defect_L15_B174_el5163_H4_W4.npy,-291.33577220000006,88.75288499999965,0.4876056309590125,0.5924181693945257,0.5679454556896004,0.002253983845490937
Defect_L15_B175_el5167_H4_W4.npy,-313.1674598000002,102.89694069999996,0.4815853655489793,0.5963185077856034,0.5679657750895132,0.002428849493300646
Defect_L15_B176_el5187_H4_W4.npy,-446.7394569799999,165.13947200000007,0.4447518010025628,0.6134823920021536,0.568031053197959,0.0036078716590005294
Defect_L15_B177_el5191_H4_W4.npy,-366.58929139999987,136.6625487999995,0.4668538610123307,0.605629648830566,0.5679938856459473,0.0030943165841444023
Defect_L15_B178_el5195_H4_W4.npy,-317.1337936,112.54534710000007,0.480491616745942,0.5989791343196631,0.5679609872861111,0.002676155618400402
Defect_L15_B179_el5199_H4_W4.npy,-283.3578193000001,94.41599399999996,0.4898056163548618,0.5939798177586196,0.5679396985948495,0.002351426552282404
Defect_L15_B17_el463_H4_W4.npy,-368.969061,80.93029200000001,0.46619762019076777,0.5902610257546238,0.567941896761261,0.002826186385109255
Defect_L15_B180_el5203_H4_W4.npy,-249.974064,139.3883599999997,0.4990114583846645,0.6063813134376413,0.5679292935893843,0.0020744907105080335
Defect_L15_B181_el5491_H4_W4.npy,-324.4291870000002,150.58473999999978,0.4784798526833871,0.609468806281373,0.5679429330909866,0.0025320138704749144
Defect_L15_B182_el5495_H4_W4.npy,-341.9462870000002,87.59811300000001,0.47364936989404505,0.5920997316239123,0.5679404403679038,0.002619365459900237
Defect_L15_B183_el5499_H4_W4.npy,-349.8099888999998,80.57012039999995,0.4714808901406347,0.590161705506694,0.5679401900531019,0.0026685070524388502
Defect_L15_B184_el5503_H4_W4.npy,-359.5313280999999,80.53389789999983,0.4688001517938218,0.590151716857726,0.5679413625388728,0.0027527746988451392
Defect_L15_B185_el5507_H4_W4.npy,-374.60589240000013,84.94644169999992,0.4646432180885863,0.5913685116972325,0.5679446537083106,0.0029030240120789066
Defect_L15_B186_el5511_H4_W4.npy,-387.0283673000001,81.78405969999972,0.4612176196045059,0.5904964591414825,0.5679471561205215,0.002968111002759811
Defect_L15_B187_el5515_H4_W4.npy,-374.3718964299999,75.85733749999986,0.4647077443803732,0.5888621172935562,0.5679480649120544,0.0028649401095964216
Defect_L15_B188_el5519_H4_W4.npy,-365.13594813300006,74.74325049000026,0.46725463223806146,0.5885548987398211,0.5679483641193265,0.002777634451025264
Defect_L15_B189_el5523_H4_W4.npy,-356.1895969699999,77.60690270000009,0.4697216613307927,0.5893445741264471,0.5679457507443266,0.0027239643164733733
Defect_L15_B18_el467_H4_W4.npy,-366.9988760000001,79.01107100000036,0.4667409147277813,0.589731784955094,0.5679412352476231,0.002807652970386459
Defect_L15_B190_el5527_H4_W4.npy,-358.4996914999999,81.85155140000029,0.4690846339764408,0.5905150705266591,0.5679439726517278,0.0027433115419569043
Defect_L15_B191_el5531_H4_W4.npy,-355.6180822000001,82.41348810000022,0.46987926117667694,0.5906700291418436,0.5679433351478327,0.002735806027053315
Defect_L15_B192_el5535_H4_W4.npy,-347.151615,91.28820300000007,0.47221395836377583,0.593117303952444,0.5679431096193128,0.0026915004126036074
Defect_L15_B193_el5539_H4_W4.npy,-326.44949899999983,155.7919400000003,0.47792273521844714,0.6109047340308671,0.567944801720581,0.0025890840142376486
Defect_L15_B194_el5827_H4_W4.npy,-330.64295200000015,155.54643999999962,0.4767663564488782,0.6108370354092468,0.5679462730321599,0.002589730716748591
Defect_L15_B195_el5831_H4_W4.npy,-348.2310849999999,90.90728899999976,0.4719162857320839,0.593012263819019,0.5679433793450617,0.0026788326214529905
Defect_L15_B196_el5835_H4_W4.npy,-354.7070702000001,80.082629,0.47013048014482145,0.5900272757884386,0.5679422641199131,0.00271865857740254
Defect_L15_B197_el5839_H4_W4.npy,-360.2348933999999,78.26744268000016,0.46860613794033984,0.5895267233980197,0.5679421483618633,0.0027653109104231904
Defect_L15_B198_el5843_H4_W4.npy,-365.72881630000006,79.31971900000008,0.46709114401928997,0.5898168971512888,0.567942550443537,0.002813062102948566
Defect_L15_B199_el5847_H4_W4.npy,-367.13602879999985,75.8078439100002,0.4667030937277351,0.5888484690335887,0.5679420865624648,0.002808795123893038
Defect_L15_B19_el471_H4_W4.npy,-364.4890210000003,77.75726899999972,0.4674330276563621,0.5893860388565819,0.5679409161450997,0.0027876856501102784
Defect_L15_B1_el115_H4_W4.npy,-382.2952269999994,180.05686000000014,0.462522821536258,0.6175959830643694,0.5679487245158426,0.0030859392267561236
Defect_L15_B200_el5851_H4_W4.npy,-361.19657170000005,74.44186069999978,0.46834094732790776,0.5884717880540637,0.5679412990160102,0.002747751166207097
Defect_L15_B201_el5855_H4_W4.npy,-355.0483128000001,75.02553050000029,0.4700363797225889,0.588632739748326,0.5679411276498105,0.002695400361480749
Defect_L15_B202_el5859_H4_W4.npy,-352.6157226,76.20046509999975,0.470707186254185,0.5889567375198692,0.5679414682570939,0.002679814239044312
Defect_L15_B203_el5863_H4_W4.npy,-354.9626569000004,78.01657599999999,0.4700600000336423,0.5894575448707429,0.5679419184988745,0.0027019387181503383
Defect_L15_B204_el5867_H4_W4.npy,-357.37545420000015,82.13046299999951,0.4693946515551944,0.5905919826687114,0.5679430125161058,0.002731258002487614
Defect_L15_B205_el5871_H4_W4.npy,-356.65763200000015,94.16445799999997,0.46959259686480087,0.5939104546609094,0.5679450681000079,0.00274807025790206
Defect_L15_B206_el5875_H4_W4.npy,-342.4328479999999,165.5667199999998,0.4735151967411565,0.6136002091129071,0.5679491511068583,0.0027003359223147106
Defect_L15_B207_el6163_H4_W4.npy,-325.14577600000007,152.58123000000023,0.4782822474387101,0.6100193546360719,0.5679465906350945,0.0025530416418578137
Defect_L15_B208_el6167_H4_W4.npy,-343.6399899999999,88.97146699999985,0.4731823175171245,0.5924784451587253,0.5679439767340833,0.0026488774248015078
Defect_L15_B209_el6171_H4_W4.npy,-351.07750699999997,78.53537099999994,0.47113136171599646,0.5896006068112865,0.5679429342005453,0.002695783183149554
Defect_L15_B20_el475_H4_W4.npy,-361.7239262999997,76.78991400000018,0.46819552500805006,0.5891192828479571,0.5679409083834397,0.002767489505967619
Defect_L15_B210_el6175_H4_W4.npy,-356.80472299999997,78.38684219999982,0.46955203532527856,0.5895596487867205,0.5679425989204065,0.002739785116239664
Defect_L15_B211_el6179_H4_W4.npy,-361.35178310000015,78.83400730000017,0.46829814652204316,0.5896829581997824,0.5679425224787502,0.0027747798426458383
Defect_L15_B212_el6183_H4_W4.npy,-363.4394400000001,77.15631879999978,0.46772245815322067,0.5892203219514807,0.567942024827874,0.0027816544760127034
Defect_L15_B213_el6187_H4_W4.npy,-362.539812,76.46989099999996,0.4679705378907806,0.5890310339030007,0.5679413028797398,0.0027634843823648833
Defect_L15_B214_el6191_H4_W4.npy,-361.4676900000002,77.54211300000043,0.4682661842517121,0.5893267078397458,0.5679410600068628,0.002749226538707686
Defect_L15_B215_el6195_H4_W4.npy,-362.04666559999987,79.12254300000018,0.4681065270212774,0.5897625242656817,0.567941516257694,0.002753783844947868
Defect_L15_B216_el6199_H4_W4.npy,-364.2308039999998,81.23777599999994,0.4675042330941582,0.590345816968352,0.5679423787449406,0.002775529347352219
Defect_L15_B217_el6203_H4_W4.npy,-366.2190969999999,85.37453700000015,0.46695594512887456,0.591486562457852,0.5679437860790248,0.002801101314208484
Defect_L15_B218_el6207_H4_W4.npy,-365.2980789999999,97.20484400000032,0.46720992333289657,0.5947488658274813,0.5679459366555885,0.00281473722418627
Defect_L15_B219_el6211_H4_W4.npy,-350.4395599999998,169.1021099999998,0.47130728078958817,0.6145751216582835,0.5679498615026304,0.0027596421130521177
Defect_L15_B21_el479_H4_W4.npy,-358.75636800000007,76.01112620000026,0.4690138533440485,0.5889045257783252,0.567941143047363,0.002746768436783273
Defect_L15_B22_el483_H4_W4.npy,-355.50296000000003,75.53296999999998,0.46991100705960115,0.5887726703173918,0.5679415515794105,0.0027242458350059283
Defect_L15_B23_el487_H4_W4.npy,-351.8201829999998,75.26666399999999,0.47092656276890726,0.588699234272059,0.5679422087348893,0.0026989145087292117
Defect_L15_B24_el491_H4_W4.npy,-347.4485510000002,76.76357699999994,0.4721320758468331,0.5891120202060116,0.5679432034384159,0.00267110121368398
Defect_L15_B25_el495_H4_W4.npy,-341.04221000000007,87.46602700000017,0.4738986764795381,0.5920633078351738,0.5679447891815604,0.002636568252161722
Defect_L15_B26_el499_H4_W4.npy,-322.924317,153.26534000000038,0.4788948328248031,0.6102080035323514,0.5679478062859898,0.002546427662092393
Defect_L15_B27_el787_H4_W4.npy,-344.064249,165.9692,0.47306532464743006,0.6137111962462257,0.567948922535468,0.002705330287806854
Defect_L15_B28_el791_H4_W4.npy,-358.925062,94.21907300000021,0.4689673346015817,0.5939255151913363,0.5679447691352554,0.0027690131064773238
Defect_L15_B29_el795_H4_W4.npy,-360.2200210000001,82.06570100000022,0.46861023912559513,0.5905741240205106,0.5679424172478943,0.0027609365104762887
Defect_L15_B2_el119_H4_W4.npy,-399.9824579999997,104.48062100000061,0.45764542374001216,0.5967552205081986,0.5679456250734336,0.0031318856903869764
Defect_L15_B30_el799_H4_W4.npy,-359.2265267,77.87867200000005,0.46888420325878266,0.5894195167211871,0.5679409592227851,0.002744700700512906
Defect_L15_B31_el803_H4_W4.npy,-357.8914248000001,75.94724370000017,0.4692523684659213,0.588886909659402,0.5679400948564991,0.0027302236847421306
Defect_L15_B32_el807_H4_W4.npy,-356.82036100000005,74.83945799999992,0.4695477230195967,0.588581428743147,0.5679396475062176,0.002720660630174498
Defect_L15_B33_el811_H4_W4.npy,-356.20987719999994,74.17828460000032,0.46971606889243367,0.5883991048008581,0.5679396241241834,0.002716775973037459
Defect_L15_B34_el815_H4_W4.npy,-355.8240561,73.88186699999983,0.46982246219859247,0.5883173652369315,0.5679399942983597,0.0027163941860017284
Defect_L15_B35_el819_H4_W4.npy,-355.29477799999995,74.0219517999999,0.46996841493921887,0.5883559947598233,0.567940623829073,0.002715926361372435
Defect_L15_B36_el823_H4_W4.npy,-354.3371878999999,75.40238599999998,0.4702324781972521,0.5887366607173686,0.5679414873963152,0.0027127748884856746
Defect_L15_B37_el827_H4_W4.npy,-352.6633572999999,79.3033780000003,0.4706940505982531,0.5898123909876397,0.5679427275811562,0.0027071800379451292
Defect_L15_B38_el831_H4_W4.npy,-348.9032639999996,90.90593500000023,0.4717309269060878,0.5930118904425071,0.5679446787456971,0.0026945198001236243
Defect_L15_B39_el835_H4_W4.npy,-332.7970210000001,159.54597999999987,0.47617235440335953,0.611939941091996,0.5679482478756848,0.0026197849306738444
Defect_L15_B3_el123_H4_W4.npy,-398.91506700000014,96.83725689999983,0.457939765489217,0.5946475006951172,0.5679443148627262,0.0031069269599662023
Defect_L15_B40_el1123_H4_W4.npy,-341.8171399999999,164.57252999999992,0.4736849832296312,0.6133260531347866,0.5679493414074854,0.0026869182134810605
Defect_L15_B41_el1127_H4_W4.npy,-355.847172,93.38535900000011,0.46981608780116885,0.5936956117753465,0.5679447785178032,0.0027442031184816613
Defect_L15_B42_el1131_H4_W4.npy,-356.36363959999994,81.1030139999998,0.46967366766010366,0.5903086552508497,0.5679420962602961,0.0027293894014638023
Defect_L15_B43_el1135_H4_W4.npy,-354.79432259999976,76.7981828999998,0.4701064195859089,0.589121563064382,0.5679403876227794,0.0027081963258491935
Defect_L15_B44_el1139_H4_W4.npy,-353.26564469999994,74.79026909999993,0.47052796494937643,0.588567864503925,0.5679393185541374,0.002692059808763997
Defect_L15_B45_el1143_H4_W4.npy,-352.6913012,73.63760160000015,0.4706863448405639,0.5882500070663021,0.5679387378316145,0.0026863861210328715
Defect_L15_B46_el1147_H4_W4.npy,-353.30527500000017,73.00210540000012,0.4705170365718432,0.5880747638207424,0.5679386950950313,0.0026922963600393146
Defect_L15_B47_el1151_H4_W4.npy,-354.4873782000002,73.21078820000002,0.47019106200054844,0.5881323098000331,0.5679391779097029,0.0027049020334183127
Defect_L15_B48_el1155_H4_W4.npy,-355.3587699999998,74.38843840000004,0.4699507686247801,0.5884570564203622,0.5679399952388983,0.0027161760265447675
Defect_L15_B49_el1159_H4_W4.npy,-355.5951537000001,76.34344769999984,0.4698855838970265,0.5889961661346786,0.567941028847945,0.002722213248178828
Defect_L15_B4_el127_H4_W4.npy,-393.4051840000004,94.3214484199998,0.45945916053764324,0.5939537460460074,0.5679434730022185,0.003066131257631796
Defect_L15_B50_el1163_H4_W4.npy,-355.0655457999999,80.45259800000008,0.47003162758268513,0.5901292977490993,0.5679424774127237,0.002725183987642391
Defect_L15_B51_el1167_H4_W4.npy,-352.46142800000007,92.3527280000003,0.4707497342449933,0.5934108553788402,0.5679447056088827,0.002721374536340463
Defect_L15_B52_el1171_H4_W4.npy,-337.2256839999998,162.08262000000013,0.4749511145633578,0.612639440202166,0.5679487236476375,0.0026529708400253003
Defect_L15_B53_el1459_H4_W4.npy,-340.914045,163.6901600000001,0.47393401902063775,0.6130827324310839,0.5679496885228685,0.0026849626837830804
Defect_L15_B54_el1463_H4_W4.npy,-354.35732199999984,92.94740199999978,0.47022692605542904,0.5935748415707479,0.5679448783423966,0.002736929336452832
Defect_L15_B55_el1467_H4_W4.npy,-354.3208753000001,80.64971999999989,0.47023697652937035,0.5901836557437674,0.5679420228447634,0.0027173151304620367
Defect_L15_B56_el1471_H4_W4.npy,-352.13064880000024,76.31649670000024,0.4708409492995783,0.5889887341772396,0.5679401691203787,0.002691041190261925
Defect_L15_B57_el1475_H4_W4.npy,-350.1183052000001,74.29299169999967,0.47139586941341244,0.5884307362165812,0.567938946529758,0.0026714159975886275
Defect_L15_B58_el1479_H4_W4.npy,-349.94383859999994,73.09922059999985,0.4714439799972771,0.588101544126968,0.5679381847696453,0.0026690946426093896
Defect_L15_B59_el1483_H4_W4.npy,-352.0193972000002,72.39000080000005,0.47087162783307346,0.5879059709991238,0.567938096445136,0.0026871985546608234
Defect_L15_B5_el131_H4_W4.npy,-386.5944299999999,92.52058680000027,0.46133728134413776,0.5934571438081144,0.5679429121437701,0.003017971011269084
Defect_L15_B60_el1487_H4_W4.npy,-354.8325007000001,73.56038009999975,0.4700958916643362,0.5882287126096444,0.5679387536440037,0.002714489715129854
Defect_L15_B61_el1491_H4_W4.npy,-356.47214880000024,74.99574460000008,0.4696437453657121,0.5886245260441559,0.5679397699501666,0.0027330380244584116
Defect_L15_B62_el1495_H4_W4.npy,-356.86006739999993,76.97048809999978,0.46953677365686963,0.5891690776246182,0.5679409237066917,0.0027391559620723034
Defect_L15_B63_el1499_H4_W4.npy,-356.46713069999987,81.06141599999978,0.46964512914759876,0.5902971842640384,0.5679424099840644,0.002741665939161516
Defect_L15_B64_el1503_H4_W4.npy,-354.102946,93.01775399999997,0.47029707230623663,0.5935942417069119,0.5679447239872032,0.0027387374387402292
Defect_L15_B65_el1507_H4_W4.npy,-339.03590800000006,163.10512999999992,0.47445193057303664,0.6129214056506094,0.5679489121203487,0.0026716628391447086
Defect_L15_B66_el1795_H4_W4.npy,-334.65228000000025,163.45990999999958,0.47566075164552446,0.6130192391209899,0.5679492264211169,0.0026449418972607094
Defect_L15_B67_el1799_H4_W4.npy,-348.03684999999973,92.57092199999988,0.47196984761302246,0.5934710241488841,0.5679446266791167,0.002696193376814772
Defect_L15_B68_el1803_H4_W4.npy,-348.04907690000005,80.73701100000017,0.4719664759459075,0.590207726946944,0.5679419839843829,0.0026768929066141134
Defect_L15_B69_el1807_H4_W4.npy,-345.51913579999996,76.66116709999983,0.4726641277799211,0.5890837798432,0.5679402916851722,0.0026477205906705807
Defect_L15_B6_el135_H4_W4.npy,-379.337616,90.7742860999997,0.46333840682338123,0.5929755871876482,0.5679425017544311,0.002965726452622817
Defect_L15_B70_el1811_H4_W4.npy,-342.70494110000004,74.85467429999994,0.473440164855933,0.5885856247616241,0.5679391747650248,0.0026226123778124457
Defect_L15_B71_el1815_H4_W4.npy,-343.0005663000002,73.83250139999996,0.47335864380275083,0.5883037522712473,0.5679382858803544,0.0026242696874306834
Defect_L15_B72_el1819_H4_W4.npy,-347.45861160000004,73.2395333999998,0.47212930155456156,0.5881402365227141,0.5679380231876194,0.0026615726406277384
Defect_L15_B73_el1823_H4_W4.npy,-352.57287480000014,75.17340360000003,0.4707190018835107,0.588673516958284,0.5679388807849046,0.0027104020303429645
Defect_L15_B74_el1827_H4_W4.npy,-353.98896809999997,76.77492990000019,0.47032850263912934,0.5891151508605184,0.5679400081678623,0.002729487438324002
Defect_L15_B75_el1831_H4_W4.npy,-353.2051087,78.24775750000026,0.47054465824370795,0.5895212950495375,0.5679409108740685,0.0027225933836893595
Defect_L15_B76_el1835_H4_W4.npy,-352.15065789999994,81.99497199999996,0.47083543162752195,0.5905546199235305,0.5679421326013633,0.002717085264411804
Defect_L15_B77_el1839_H4_W4.npy,-349.5646899999999,93.52972599999976,0.47154853330729435,0.5937354221497149,0.567944255836582,0.0027109215986094583
Defect_L15_B78_el1843_H4_W4.npy,-334.3828639999999,164.11216000000013,0.47573504529865057,0.6131991023631561,0.5679483498913822,0.002642023482019739
Defect_L15_B79_el2131_H4_W4.npy,-328.0034740000003,158.05917999999974,0.4774942139739164,0.611529943900041,0.5679470053825963,0.0025957703249365445
Defect_L15_B7_el139_H4_W4.npy,-371.8571790000001,89.00022280000007,0.46540119816357206,0.5924863748044427,0.5679422344871209,0.0029105991810508447
Defect_L15_B80_el2135_H4_W4.npy,-344.488378,89.43391300000008,0.47294836762629294,0.5926059684042396,0.5679435483237117,0.0026737207019297366
Defect_L15_B81_el2139_H4_W4.npy,-348.1762365000002,79.85229049999998,0.47193141065203464,0.5899637580737499,0.5679420496741593,0.002683387078884285
Defect_L15_B82_el2143_H4_W4.npy,-348.09463189999997,78.06597959999976,0.47195391378416457,0.589471168315236,0.5679413555251965,0.0026710829128980553
Defect_L15_B83_el2147_H4_W4.npy,-344.7029394000001,74.80436200000008,0.4728892005752424,0.5885717507357157,0.5679411287873596,0.0026418947441722456
Defect_L15_B84_el2151_H4_W4.npy,-345.65777030000004,74.19186930000001,0.4726258981890494,0.5884028508923655,0.5679409067553269,0.002649328045602377
Defect_L15_B85_el2155_H4_W4.npy,-353.86491896000007,74.22087169999986,0.4703627101983602,0.5884108485400384,0.5679403613117789,0.002717639578707287
Defect_L15_B86_el2159_H4_W4.npy,-362.7703703999998,77.8935421000001,0.46790695953687855,0.5894236172721988,0.567941088590778,0.00279959872998102
Defect_L15_B87_el2163_H4_W4.npy,-359.4927395999998,79.54023810000012,0.46881079288653216,0.5898777070865676,0.5679412025547448,0.002784249587613406
Defect_L15_B88_el2167_H4_W4.npy,-354.01343480000014,77.33075209999993,0.47032175574761975,0.5892684233525993,0.5679408743992992,0.00272742600930613
Defect_L15_B89_el2171_H4_W4.npy,-350.5674336999998,80.6187289999998,0.47127201857683265,0.5901751097234715,0.5679412950555969,0.002700515965940697
Defect_L15_B8_el143_H4_W4.npy,-364.0890650000001,87.1520794999999,0.4675433187761533,0.5919767342587535,0.5679420657077707,0.0028517169952571295
Defect_L15_B90_el2175_H4_W4.npy,-346.84512600000016,91.9958650000001,0.47229847519816176,0.5933124475042688,0.5679429068630201,0.002685360440447345
Defect_L15_B91_el2179_H4_W4.npy,-331.30937700000004,161.35959000000003,0.47658258433517864,0.612440058799355,0.5679466527957383,0.002613849180591287
Defect_L15_B92_el2467_H4_W4.npy,-294.29018799999994,140.25761999999986,0.4867909267742753,0.6066210189522221,0.5679361473729146,0.002350950086665861
Defect_L15_B93_el2471_H4_W4.npy,-319.7690166,88.10282460000008,0.4797649325717592,0.5922389099523674,0.5679375354309055,0.0025236055341932915
Defect_L15_B94_el2475_H4_W4.npy,-340.1640956000001,95.38564079999992,0.4741408236669306,0.5942472057497336,0.5679436111588574,0.002682771210407649
Defect_L15_B95_el2479_H4_W4.npy,-364.8737413000001,102.1552459999998,0.46732693790475593,0.5961139794399698,0.5679528782092212,0.002871333888496952
Defect_L15_B96_el2499_H4_W4.npy,-368.43820596000046,90.03999799999974,0.466344007785424,0.5927731012722017,0.5679476087001936,0.0028468271294307132
Defect_L15_B97_el2503_H4_W4.npy,-343.30866430000015,87.70681528799969,0.4732736832735291,0.59212970716389,0.5679423048851514,0.002612705500965553
Defect_L15_B98_el2507_H4_W4.npy,-331.1675545999999,82.29799809999986,0.4766216930154022,0.5906381818350781,0.5679382134172173,0.002527933840049056
Defect_L15_B99_el2511_H4_W4.npy,-325.31486169999994,81.72212800000034,0.4782356206817827,0.5904793809715251,0.5679369426625057,0.0025010201121731263
Defect_L15_B9_el147_H4_W4.npy,-355.794852,85.1569712999999,0.4698305154666807,0.5914265669466429,0.5679419639370676,0.0027863959716542034
Defect_L16_B100_el2515_H4_W4.npy,-319.6160609999997,151.52724000000035,0.47980711132242765,0.6097287083216055,0.5679389406610565,0.0026000742239643323
Defect_L16_B101_el2803_H4_W4.npy,-237.82233499999984,125.05935999999974,0.5023623964848779,0.6024299751517103,0.5679199858519454,0.00198055445752208
Defect_L16_B102_el2807_H4_W4.npy,-236.3846532,72.83232959999987,0.5027588489337108,0.5880279467631274,0.5679167591745475,0.0019419715184093534
Defect_L16_B103_el2811_H4_W4.npy,-217.30144729999984,74.22969430000012,0.5080211981619176,0.5884132814437416,0.5679169557446777,0.0018294128792030377
Defect_L16_B104_el2815_H4_W4.npy,-203.3762107,90.03536019999979,0.5118611954065423,0.592771822361133,0.5679287529289065,0.0017376361014519678
Defect_L16_B105_el2835_H4_W4.npy,-186.9742154999999,119.6212289099999,0.5163841789782792,0.6009303662760156,0.568006554690914,0.0016516918508479056
Defect_L16_B106_el2839_H4_W4.npy,-2050.749,89.92088690000014,0.0024331243095878697,0.5927402554176615,0.5678997762587719,0.005061555867628358
Defect_L16_B107_el2843_H4_W4.npy,-221.53555970000002,63.41156870000009,0.5068536072321209,0.5854300953271047,0.5679234328295243,0.0018398462121126627
Defect_L16_B108_el2847_H4_W4.npy,-249.2132611999998,69.51385900000014,0.49922125594427674,0.5871128515064791,0.567920539842778,0.00201106700348601
Defect_L16_B109_el2851_H4_W4.npy,-255.11058000000003,126.16951999999992,0.49759502232303443,0.6027361108005,0.5679225714846787,0.002091316524715174
Defect_L16_B10_el151_H4_W4.npy,-350.542324,92.33317540000007,0.4712789427808216,0.5934054635903714,0.5679418932227892,0.002817216079789912
Defect_L16_B110_el3139_H4_W4.npy,-279.2430979999997,132.47789000000012,0.49094028421784086,0.6044756951331695,0.5679286730975742,0.0022627661724059257
Defect_L16_B111_el3143_H4_W4.npy,-279.6921090000001,74.49664000000007,0.49081646578284155,0.588486893891552,0.5679295340746633,0.002223145150666865
Defect_L16_B112_el3147_H4_W4.npy,-267.42928010000014,88.55387619999988,0.49419804058404126,0.5923632910994124,0.5679405510302798,0.002169564272330953
Defect_L16_B113_el3151_H4_W4.npy,-258.1206536000002,117.89122374000021,0.49676497004728937,0.6004533032804765,0.5679734944500946,0.0022130767604592694
Defect_L16_B114_el3171_H4_W4.npy,-372.37192970000024,189.5283129999998,0.4652592514716452,0.6202078132592396,0.5680682301529322,0.0033272198036072937
Defect_L16_B115_el3175_H4_W4.npy,-301.1850869,146.32112286380016,0.4848896023272662,0.6082930791806112,0.5679762016867327,0.002715475578766506
Defect_L16_B116_el3179_H4_W4.npy,-277.6059941999997,104.08179309999991,0.49139172890504745,0.596645240471157,0.5679376577241836,0.002392289037407133
Defect_L16_B117_el3183_H4_W4.npy,-269.6001018000002,88.23593000000028,0.49359941884525,0.5922756148489468,0.567924862793725,0.002239035217711167
Defect_L16_B118_el3187_H4_W4.npy,-254.1514629999997,131.62360000000012,0.49785950663616085,0.6042401177178377,0.5679228871338573,0.002121971404808114
Defect_L16_B119_el3475_H4_W4.npy,-323.0391339999999,152.5149600000002,0.4788631711032611,0.6100010801446065,0.5679410934843656,0.002629627095499086
Defect_L16_B11_el155_H4_W4.npy,-340.33733900000016,89.56562390000022,0.4740930503904141,0.5926422887561027,0.567942250395844,0.0027281970395585217
Defect_L16_B120_el3479_H4_W4.npy,-338.5597859999998,86.05167600000004,0.47458322508677625,0.5916732890441873,0.5679391715428127,0.0026837680506640953
Defect_L16_B121_el3483_H4_W4.npy,-344.2822963000003,84.53426270000023,0.47300519633110405,0.5912548499857831,0.5679404437373728,0.002709499324861995
Defect_L16_B122_el3487_H4_W4.npy,-350.92346240000006,85.28784928999994,0.47117384076727153,0.5914626576167994,0.5679432651424082,0.0027635171358854037
Defect_L16_B123_el3491_H4_W4.npy,-363.4281175000001,82.3642319999999,0.4677255804246801,0.590656446371675,0.5679447908820796,0.0028983948642332925
Defect_L16_B124_el3495_H4_W4.npy,-393.9643669999998,82.42775720999998,0.4593049612776293,0.590673963964975,0.5679478074464382,0.003111390828746632
Defect_L16_B125_el3499_H4_W4.npy,-390.40693749,81.09411970000019,0.46028595139713263,0.5903062025752887,0.5679512974790518,0.0031478482102871284
Defect_L16_B126_el3503_H4_W4.npy,-393.8403301000001,83.68760981000014,0.45933916546158055,0.5910213785656456,0.5679531133403758,0.003147655994242629
Defect_L16_B127_el3507_H4_W4.npy,-383.1159276000001,98.6344684820001,0.46229650667115446,0.5951430964053466,0.5679516492038734,0.003106032430545432
Defect_L16_B128_el3511_H4_W4.npy,-374.79065990000026,107.52369090000002,0.46459226694777067,0.5975943717820231,0.5679502009241811,0.0030326788914619525
Defect_L16_B129_el3515_H4_W4.npy,-358.64125369999965,102.99368040100035,0.46904559704848353,0.5963451845449259,0.5679444081596862,0.0028883473174887465
Defect_L16_B12_el159_H4_W4.npy,-328.7658230000002,86.92103740000016,0.47728399003707916,0.5919130225206428,0.5679437267614813,0.002628046380797368
Defect_L16_B130_el3519_H4_W4.npy,-340.6973270000001,96.3791189000001,0.4739937807716776,0.5945211654156394,0.5679394444042397,0.002741721501312309
Defect_L16_B131_el3523_H4_W4.npy,-314.12036699999976,150.2436499999999,0.4813225936387066,0.6093747479398316,0.5679381802170035,0.0025772141510785394
Defect_L16_B132_el3811_H4_W4.npy,-306.419531,142.1496599999998,0.4834461617956244,0.6071427643699424,0.5679368618071678,0.0025262404324178736
Defect_L16_B133_el3815_H4_W4.npy,-334.14732000000004,98.27185809999992,0.47579999847229987,0.5950431036434459,0.5679386951695266,0.0027009136645370093
Defect_L16_B134_el3819_H4_W4.npy,-354.0145064000001,101.89293665000014,0.4703214602452046,0.5960416455033789,0.5679435185656593,0.002852040078146132
Defect_L16_B135_el3823_H4_W4.npy,-370.7000522000001,100.69716010000047,0.4657202852894369,0.5957119003946182,0.5679481044552832,0.002977078569632077
Defect_L16_B136_el3827_H4_W4.npy,-379.1630899000004,89.4532994000001,0.4633865338148547,0.5926113143617069,0.5679505234720226,0.003036771515112047
Defect_L16_B137_el3831_H4_W4.npy,-398.5442089999999,86.31883113799995,0.45804203259885795,0.5917469592462293,0.5679571632286563,0.0031664322529309473
Defect_L16_B138_el3835_H4_W4.npy,-398.13830846199994,82.01012919999994,0.45815396297334876,0.590558799644702,0.5679563491439639,0.0032168130419265796
Defect_L16_B139_el3839_H4_W4.npy,-406.1104280000002,88.33830009999974,0.45595558617451293,0.5923038442365846,0.5679513346956155,0.00325128310688904
Defect_L16_B13_el163_H4_W4.npy,-308.210861,136.20069000000012,0.48295218797946576,0.6055022875102275,0.5679494330185098,0.002513940241763172
Defect_L16_B140_el3843_H4_W4.npy,-379.73676079999973,91.04560393000065,0.4632283393985875,0.5930504052858644,0.5679469644107106,0.0030439168034032816
Defect_L16_B141_el3847_H4_W4.npy,-358.4636823000001,88.10720810000021,0.46909456380619896,0.5922401187381429,0.567942784504912,0.002824951165119712
Defect_L16_B142_el3851_H4_W4.npy,-345.05005410000035,86.27845329999968,0.47279348087367773,0.591735824729013,0.5679392346731746,0.0027152189136277404
Defect_L16_B143_el3855_H4_W4.npy,-335.26033600000005,85.27691459999983,0.47549307525828255,0.5914596422871015,0.5679373198704093,0.002655057790097056
Defect_L16_B144_el3859_H4_W4.npy,-317.2776230000002,148.84253000000035,0.48045195461914575,0.6089883777047013,0.5679385297985013,0.0025771299907781224
Defect_L16_B145_el4147_H4_W4.npy,-209.89735999999994,110.57592,0.510062935451391,0.5984360487797385,0.5679203259870427,0.0018130961024296715
Defect_L16_B146_el4151_H4_W4.npy,-234.4089462999999,96.2754010000001,0.5033036661795582,0.5944925643611898,0.5679315100106652,0.0020934171528923066
Defect_L16_B147_el4155_H4_W4.npy,-259.963978,127.59594290000018,0.49625665835246696,0.6031294585160909,0.5679592573546497,0.0024529076528566015
Defect_L16_B148_el4159_H4_W4.npy,-306.9041657,166.33336120000013,0.4833125198356271,0.6138116166588025,0.5680150062519245,0.0029534086233747904
Defect_L16_B149_el4179_H4_W4.npy,-297.49689098,184.0121487,0.48590665234783365,0.6186866860912533,0.5680965588267284,0.002725984780532145
Defect_L16_B14_el451_H4_W4.npy,-359.4742119999996,174.70984999999973,0.4688159020229148,0.6161215015703183,0.5679481403282235,0.0029359566000900896
Defect_L16_B150_el4183_H4_W4.npy,-244.27421772000002,131.05787080000005,0.5005832373524979,0.6040841132899343,0.5680030989312916,0.002238003781833187
Defect_L16_B151_el4187_H4_W4.npy,-238.3966857999999,99.2469908999999,0.5022040145806561,0.5953120044436768,0.5679527819750045,0.0020470578974517454
Defect_L16_B152_el4191_H4_W4.npy,-246.61456299999986,80.82268690000001,0.49993786810780805,0.5902313527731602,0.5679299843123539,0.0020035932784949802
Defect_L16_B153_el4195_H4_W4.npy,-247.28899599999977,110.30754000000002,0.4997518877229804,0.598362040812038,0.5679226419352933,0.00200656252883537
Defect_L16_B154_el4483_H4_W4.npy,-119.7058601,66.98330999999996,0.5349339750647913,0.5864150320390965,0.5679142949506331,0.0010191590398117634
Defect_L16_B155_el4487_H4_W4.npy,-116.1874939999999,41.507114200000046,0.5359041931312896,0.5793897638525926,0.5679161345049608,0.0009967954398990015
Defect_L16_B156_el4491_H4_W4.npy,-105.30414040000016,47.09956139999986,0.5389053663994174,0.5809319266506529,0.5679214189654074,0.000925844535455467
Defect_L16_B157_el4495_H4_W4.npy,-92.47690150000011,51.86723239999998,0.5424425818483918,0.5822466507037636,0.5679316232505669,0.0008163195230583835
Defect_L16_B158_el4515_H4_W4.npy,-146.9196,52.610051999999996,0.5274295649614877,0.5824514892497208,0.5679586011701976,0.0006916688269346485
Defect_L16_B159_el4519_H4_W4.npy,-78.61574269999994,56.52443729999999,0.54626490911853,0.5835309128313926,0.5679424362009794,0.0007379066518494701
Defect_L16_B15_el455_H4_W4.npy,-376.296296,99.63169500000049,0.4641770755480492,0.5954180897280014,0.5679446855223526,0.002998049115785179
Defect_L16_B160_el4523_H4_W4.npy,-92.29567643999997,51.61226572999999,0.5424925561325671,0.5821763415708997,0.5679276174019409,0.000865034113450093
Defect_L16_B161_el4527_H4_W4.npy,-118.68812170000012,41.82765699999993,0.5352146247057281,0.5794781561366262,0.5679176031527988,0.0010123364935390228
Defect_L16_B162_el4531_H4_W4.npy,-136.6426775000001,71.25920999999994,0.5302635099217637,0.5875941462394463,0.5679129904003686,0.0011291803280985202
Defect_L16_B163_el4819_H4_W4.npy,-166.2526700000002,87.22144000000003,0.5220983136755929,0.5919958609807288,0.5679158210251787,0.0013576241913796502
Defect_L16_B164_el4823_H4_W4.npy,-149.48357410000006,57.22041950000005,0.526722528250938,0.5837228355833771,0.5679244184544461,0.0012843200191517475
Defect_L16_B165_el4827_H4_W4.npy,-127.16471650000005,79.47219109000002,0.5328771347505628,0.5898589425701423,0.5679428813080623,0.0012248550006607095
Defect_L16_B166_el4831_H4_W4.npy,-129.94380779999995,98.26684360000002,0.5321107777225924,0.5950417208542886,0.5679728956360071,0.001233268058361028
Defect_L16_B167_el4851_H4_W4.npy,-139.1918829,80.61691759999997,0.5295605458003511,0.5901746102151897,0.5679679111937225,0.00111963599530365
Defect_L16_B168_el4855_H4_W4.npy,-147.34122038999988,94.80631030000006,0.5273132997099603,0.5940874506527373,0.5679505921189557,0.0013584355540881515
Defect_L16_B169_el4859_H4_W4.npy,-146.75170819999994,82.06573591000006,0.5274758624907803,0.5905741336472269,0.5679318389753919,0.0013453762227256098
Defect_L16_B16_el459_H4_W4.npy,-378.474864,87.57589199999984,0.4635763177040333,0.5920936040024416,0.567942794860297,0.0029942124787357425
Defect_L16_B170_el4863_H4_W4.npy,-146.21998509999992,64.30716151000001,0.5276224894600415,0.5856770623282043,0.5679211411404612,0.0013000295505392141
Defect_L16_B171_el4867_H4_W4.npy,-141.11937079999996,83.51371000000006,0.5290290253359126,0.5909734242787332,0.5679166397975105,0.0012334540228802053
Defect_L16_B172_el5155_H4_W4.npy,-280.66195800000014,126.75748999999996,0.4905490220334332,0.6028982483098851,0.567929936823901,0.0022601511952700494
Defect_L16_B173_el5159_H4_W4.npy,-291.18490899999983,80.45370660000003,0.48764723271336374,0.5901296034545656,0.5679336990056485,0.0022996296496515527
Defect_L16_B174_el5163_H4_W4.npy,-298.2880378,90.55779289999987,0.48568848717792235,0.5929158874270367,0.5679453688778883,0.0023620220073229063
Defect_L16_B175_el5167_H4_W4.npy,-320.9466060000002,105.2726103,0.4794402027175246,0.5969736179988214,0.5679659034981995,0.002543285695922322
Defect_L16_B176_el5187_H4_W4.npy,-453.2573679799998,182.18179600000008,0.44295443403497325,0.618181951448203,0.5680321663036563,0.0037459052687431175
Defect_L16_B177_el5191_H4_W4.npy,-371.25839240000005,156.6278978599994,0.4655663184383772,0.6111352562095007,0.5679939214172777,0.0032104678489960053
Defect_L16_B178_el5195_H4_W4.npy,-321.1603511999999,130.02467120000006,0.47938126074026216,0.6037992000973536,0.5679608734044505,0.002779816411502268
Defect_L16_B179_el5199_H4_W4.npy,-287.18840160000036,107.62559639999995,0.488749302131999,0.5976224730524327,0.5679395073563179,0.0024492951717653474
Defect_L16_B17_el463_H4_W4.npy,-377.6059550000002,83.71876590000034,0.4638159264275094,0.5910299701108517,0.5679417214989283,0.0029784137446211673
Defect_L16_B180_el5203_H4_W4.npy,-253.60264800000004,140.09205999999995,0.4980108468358532,0.6065753644357438,0.5679290260142763,0.002175409098289221
Defect_L16_B181_el5491_H4_W4.npy,-330.6927370000001,153.80232999999998,0.47675262783023314,0.6103560828921225,0.5679425924816784,0.0026707068740265574
Defect_L16_B182_el5495_H4_W4.npy,-348.5954590000001,89.57382499999994,0.4718158066381765,0.5926445502761262,0.5679402357684318,0.002749001103618083
Defect_L16_B183_el5499_H4_W4.npy,-356.46205139999984,82.22647510000002,0.46964652980588306,0.5906184587861408,0.5679400246255577,0.002796970926975752
Defect_L16_B184_el5503_H4_W4.npy,-366.1693154999998,82.50605210000003,0.4669696727823662,0.5906955544176549,0.5679413175388386,0.0028837839085818205
Defect_L16_B185_el5507_H4_W4.npy,-381.20780330000025,92.96120139999994,0.46282268746541116,0.5935786468675267,0.5679450652445008,0.0030393005884692356
Defect_L16_B186_el5511_H4_W4.npy,-2059.5643,90.7385546999999,2.2336408762714056e-06,0.5929657339634994,0.5679061357663248,0.005728989793883348
Defect_L16_B187_el5515_H4_W4.npy,-382.4796275299998,78.12697689999982,0.46247197159040443,0.5894879888167943,0.5679468480180325,0.003016737915917905
Defect_L16_B188_el5519_H4_W4.npy,-373.4337578000002,77.40482167000027,0.46496644373735757,0.5892888486389254,0.5679477075881814,0.0029223405983796456
Defect_L16_B189_el5523_H4_W4.npy,-363.5118058999999,79.75766369999951,0.4677025026677531,0.589937663964062,0.5679459051784707,0.0028590245018863297
Defect_L16_B18_el467_H4_W4.npy,-375.54419000000007,82.9150125999995,0.46438447489433143,0.5908083286015533,0.567941090758365,0.002958302663017598
Defect_L16_B190_el5527_H4_W4.npy,-365.35009489999993,83.76802530000009,0.4671955795254329,0.591043553791022,0.567943772350826,0.0028750592975493668
Defect_L16_B191_el5531_H4_W4.npy,-362.01413330000014,87.83409030000007,0.4681154980675834,0.5921648042835606,0.5679430993337788,0.0028647717562474964
Defect_L16_B192_el5535_H4_W4.npy,-353.21747200000004,95.30278999999996,0.4705412489631838,0.5942243589678184,0.567942865102765,0.0028198556667506933
Defect_L16_B193_el5539_H4_W4.npy,-331.8717359999998,157.66900999999984,0.4764275092673346,0.6114223513493381,0.567944429285377,0.0027241215230601732
Defect_L16_B194_el5827_H4_W4.npy,-336.4943430000001,158.45379999999977,0.47515278779201087,0.6116387635744353,0.5679458904894243,0.0027271987882113214
Defect_L16_B195_el5831_H4_W4.npy,-354.51445899999976,92.7126189999999,0.4701835942497039,0.5935100982490378,0.5679432022432428,0.0028075303200818928
Defect_L16_B196_el5835_H4_W4.npy,-360.9270119999999,82.10172200000011,0.4684152806074775,0.5905840571042148,0.5679421348115532,0.002845417553139014
Defect_L16_B197_el5839_H4_W4.npy,-366.4050729999999,84.64364930000033,0.46690466073435544,0.5912850142303605,0.5679421031417888,0.002892769636091396
Defect_L16_B198_el5843_H4_W4.npy,-371.85563890000003,86.83917850000012,0.46540162285867254,0.5918904492632198,0.5679426811149332,0.002941660639214812
Defect_L16_B199_el5847_H4_W4.npy,-372.986809,82.50710779999986,0.46508969350393525,0.5906958455355158,0.5679418949704335,0.0029360023385095564
Defect_L16_B19_el471_H4_W4.npy,-372.887612,82.76498559999982,0.4651170478834418,0.5907669574361529,0.5679407715595279,0.0029364730313734557
Defect_L16_B1_el115_H4_W4.npy,-386.38590199999953,182.75426000000016,0.4613947846360695,0.6183398130519798,0.5679482634756042,0.0032191738737270973
Defect_L16_B200_el5851_H4_W4.npy,-367.26720810000006,75.95732579999981,0.4666669199688955,0.5888896898804734,0.5679405720675018,0.0028758226267348074
Defect_L16_B201_el5855_H4_W4.npy,-361.64119370000003,76.5177040000001,0.46821833919535366,0.5890442187266078,0.5679406724505045,0.0028236800467449997
Defect_L16_B202_el5859_H4_W4.npy,-359.3536630999997,77.79300550000016,0.46884914436249864,0.5893958934870975,0.5679413986029705,0.0028079780896048782
Defect_L16_B203_el5863_H4_W4.npy,-361.58197010000026,79.60352999999986,0.46823467058471163,0.5898951603427375,0.5679417286277509,0.0028299340325256043
Defect_L16_B204_el5867_H4_W4.npy,-363.8095010000002,83.67066399999976,0.4676204108228117,0.59101670562072,0.5679428034725399,0.0028597304886467225
Defect_L16_B205_el5871_H4_W4.npy,-362.9161840000004,95.76534400000014,0.46786675025079494,0.5943519119952113,0.5679448530832305,0.0028792337082722726
Defect_L16_B206_el5875_H4_W4.npy,-348.0249849999998,167.73426999999947,0.471973119483269,0.6141979286538151,0.5679487509666784,0.002840682284143173
Defect_L16_B207_el6163_H4_W4.npy,-330.1569649999999,154.82983000000013,0.4769003713165986,0.6106394243736492,0.5679462197539288,0.0026805555155061675
Defect_L16_B208_el6167_H4_W4.npy,-349.1487460000001,90.431779,0.4716632332481139,0.5928811380692567,0.567943856445377,0.002769438712256935
Defect_L16_B209_el6171_H4_W4.npy,-356.55864699999984,83.7562081000001,0.46961989278358335,0.5910402951020143,0.5679428549503807,0.0028150474406456686
Defect_L16_B20_el475_H4_W4.npy,-369.9699849999997,82.95137339999997,0.46592160725738047,0.5908183553878713,0.5679407516021246,0.0029146235476800327
Defect_L16_B210_el6175_H4_W4.npy,-362.24949600000014,85.62280059999989,0.46805059488888356,0.5915550231646483,0.5679425564670576,0.0028597127471926566
Defect_L16_B211_el6179_H4_W4.npy,-366.75819200000024,86.46340719999989,0.4668072852982335,0.5917868272711445,0.5679425492613023,0.002895296487575884
Defect_L16_B212_el6183_H4_W4.npy,-368.5613720000001,83.71575370000005,0.4663100437482004,0.5910291394722039,0.567941867211305,0.0029003810727908307
Defect_L16_B213_el6187_H4_W4.npy,-367.6738029999999,78.67190970000001,0.46655479811843603,0.5896382584682633,0.5679408447417621,0.0028822414208380096
Defect_L16_B214_el6191_H4_W4.npy,-367.070099,78.70823500000006,0.4667212744062837,0.5896482754651674,0.5679407108780427,0.002870180515250425
Defect_L16_B215_el6195_H4_W4.npy,-367.95305800000006,80.35805000000005,0.46647779128104067,0.5901032253691525,0.5679413693141121,0.002876827966933426
Defect_L16_B216_el6199_H4_W4.npy,-370.1512499999999,82.50043700000015,0.4658716219594253,0.590694006008163,0.567942215133448,0.0028993990243626725
Defect_L16_B217_el6203_H4_W4.npy,-372.08248800000024,86.65308400000004,0.46533906737441266,0.5918391321913619,0.5679436138193913,0.002926121249977968
Defect_L16_B218_el6207_H4_W4.npy,-371.07274800000005,98.60052799999994,0.46561751139149943,0.5951337370414014,0.5679457511576197,0.0029428364741933537
Defect_L16_B219_el6211_H4_W4.npy,-355.5292479999998,170.9714399999998,0.46990375792980427,0.6150906046088062,0.5679494337139841,0.0028962063069534545
Defect_L16_B21_el479_H4_W4.npy,-366.9630010000001,83.19393689999993,0.46675080755079806,0.5908852442457343,0.5679410289644757,0.0028930055991496883
Defect_L16_B22_el483_H4_W4.npy,-363.69427099999984,83.1736347000001,0.4676521864324627,0.5908796457489691,0.5679414559718412,0.0028698233647327263
Defect_L16_B23_el487_H4_W4.npy,-359.985676,82.83860370000002,0.4686748616652432,0.5907872582259547,0.5679420719020403,0.002843857948924303
Defect_L16_B24_el491_H4_W4.npy,-355.59203300000036,82.78760140000009,0.4698864444554317,0.5907731939269345,0.5679430226223435,0.002815742848300212
Defect_L16_B25_el495_H4_W4.npy,-349.168136,90.05828100000008,0.4716578862979175,0.5927781429581451,0.5679445776657327,0.0027829602699713995
Defect_L16_B26_el499_H4_W4.npy,-330.52829999999994,158.0002300000001,0.47679797267032836,0.6115136879581083,0.5679474147140371,0.002702108799024394
Defect_L16_B27_el787_H4_W4.npy,-352.7001220000002,171.76423999999997,0.4706839124332254,0.6153092256565476,0.5679485074635464,0.0028789530261909366
Defect_L16_B28_el791_H4_W4.npy,-368.014987,97.24490400000013,0.46646071385563,0.5947599126982842,0.5679444727620575,0.0029293685305110256
Defect_L16_B29_el795_H4_W4.npy,-369.297779,84.92057200000022,0.46610697352884617,0.5913613779170626,0.5679421185625045,0.0029171625716635187
Defect_L16_B2_el119_H4_W4.npy,-404.55826299999967,107.16014499999983,0.45638360829682323,0.5974941210434256,0.5679453736311195,0.003256877856014012
Defect_L16_B30_el799_H4_W4.npy,-368.30737610000006,80.6985444999998,0.46638008518334173,0.5901971194967259,0.5679407333462959,0.0028993288156735288
Defect_L16_B31_el803_H4_W4.npy,-366.91053310000007,78.74106400000005,0.4667652760009378,0.5896573283289114,0.5679398831082049,0.0028835084887471963
Defect_L16_B32_el807_H4_W4.npy,-365.6820373999999,77.61980919999996,0.46710404368141184,0.589348133198789,0.5679394345299841,0.002872298050020688
Defect_L16_B33_el811_H4_W4.npy,-364.9000784,76.92703529999994,0.4673196752352347,0.5891570951616222,0.5679394205447698,0.0028671433993641467
Defect_L16_B34_el815_H4_W4.npy,-364.5501968000001,76.6094165999998,0.46741615793197716,0.5890695092219447,0.5679398316820063,0.002866991963078837
Defect_L16_B35_el819_H4_W4.npy,-364.1115408000003,77.71021070000006,0.46753712089151045,0.589373062147638,0.5679404924937694,0.002867351749008163
Defect_L16_B36_el823_H4_W4.npy,-363.19341239999994,78.83650699999998,0.4677903022648318,0.5896836475123871,0.5679413073752543,0.0028647940019343736
Defect_L16_B37_el827_H4_W4.npy,-361.5328989999998,82.0050190000004,0.4682482023396257,0.5905573904654915,0.5679425009744914,0.0028600184958969548
Defect_L16_B38_el831_H4_W4.npy,-357.7916889999997,93.7693119999999,0.46927987142391,0.5938014899377373,0.5679444242300612,0.002850650990651547
Defect_L16_B39_el835_H4_W4.npy,-341.2639459999998,164.83437999999978,0.47383753097418757,0.6133982604018793,0.5679478629418734,0.002788157873245869
Defect_L16_B3_el123_H4_W4.npy,-403.386792,102.4385900000002,0.45670665095249746,0.5961921138523706,0.567944119652576,0.0032280871903935518
Defect_L16_B40_el1123_H4_W4.npy,-350.4882319999997,170.38419999999996,0.471293859089745,0.6149286684028582,0.5679490151834006,0.0028607490828194307
Defect_L16_B41_el1127_H4_W4.npy,-364.89509099999987,96.3960870000003,0.46732105055134665,0.5945258445072137,0.5679444363359499,0.002903981876998632
Defect_L16_B42_el1131_H4_W4.npy,-365.40780070000005,83.95569200000045,0.4671796666817689,0.5910953044098165,0.567941795209613,0.002884827328460799
Defect_L16_B43_el1135_H4_W4.npy,-363.8611341999997,79.62622729999998,0.4676061725479856,0.5899014193078068,0.5679401406348531,0.0028619746928288583
Defect_L16_B44_el1139_H4_W4.npy,-362.27076160000024,77.59071250000034,0.46804473072673314,0.5893401095471243,0.5679390822410503,0.0028444137592859996
Defect_L16_B45_el1143_H4_W4.npy,-361.4780802999999,76.41174039999987,0.4682633190419842,0.5890149984021193,0.5679384698049992,0.0028367794528353202
Defect_L16_B46_el1147_H4_W4.npy,-361.8699263000001,75.72243959999992,0.4681552643206506,0.5888249181005238,0.5679384181726744,0.0028414378891850967
Defect_L16_B47_el1151_H4_W4.npy,-363.1207502,75.72506180000005,0.4678103394574342,0.5888256411934998,0.5679389695652632,0.0028548909491974478
Defect_L16_B48_el1155_H4_W4.npy,-364.1661723999998,76.97843519999992,0.46752205578349876,0.589171269102076,0.5679398391413663,0.002868014520264423
Defect_L16_B49_el1159_H4_W4.npy,-364.50386879999974,78.97312840000018,0.467428933254757,0.5897213219745616,0.5679408641918791,0.0028753922264658695
Defect_L16_B4_el127_H4_W4.npy,-397.7563970000001,101.32214989999966,0.4582592781650325,0.5958842464149303,0.5679433185906964,0.0031845582549852127
Defect_L16_B50_el1163_H4_W4.npy,-364.0193274999999,83.13967699999989,0.46756254945894454,0.5908702816370205,0.5679422243286004,0.002879736237726679
Defect_L16_B51_el1167_H4_W4.npy,-361.4568630000001,95.20874999999978,0.46826916988501677,0.594198426673003,0.567944420342943,0.00287994775813622
Defect_L16_B52_el1171_H4_W4.npy,-345.8751339999999,167.4070899999997,0.47256595838098314,0.6141077061079018,0.5679483651656473,0.002824931444282105
Defect_L16_B53_el1459_H4_W4.npy,-349.6676570000002,169.5075399999996,0.4715201393196268,0.614686922278094,0.567949422840134,0.0028594040016272086
Defect_L16_B54_el1463_H4_W4.npy,-363.4438069999999,95.98180299999967,0.46772125391745445,0.5944116023248945,0.5679445721832765,0.0028970129460475754
Defect_L16_B55_el1467_H4_W4.npy,-363.41293799999994,83.52852200000007,0.4677297662952581,0.5909775088081972,0.567941729276072,0.002872894556889924
Defect_L16_B56_el1471_H4_W4.npy,-361.2554112,79.17075260000001,0.4683247218572486,0.5897758184549641,0.5679399259143542,0.0028448948295742888
Defect_L16_B57_el1475_H4_W4.npy,-359.20279740000024,77.12648459999991,0.468890746806245,0.5892120949281929,0.567938717476588,0.002823813207200915
Defect_L16_B58_el1479_H4_W4.npy,-358.7307375999999,75.86950849999994,0.4690209211352973,0.5888654735457914,0.5679378674761663,0.0028192947020864016
Defect_L16_B59_el1483_H4_W4.npy,-360.50298910000015,75.09183610000014,0.4685322083706766,0.588651024056781,0.5679377379789511,0.002836127424145013
Defect_L16_B5_el131_H4_W4.npy,-390.84519000000023,100.26894600000014,0.46016509970324826,0.5955938168739324,0.5679427710976553,0.0031339265470443573
Defect_L16_B60_el1487_H4_W4.npy,-363.4069207,76.01605039999981,0.467731425614671,0.588905883666523,0.5679385275686358,0.0028646453616970693
Defect_L16_B61_el1491_H4_W4.npy,-365.2823163000003,78.31811640000046,0.4672142700256175,0.5895406970884327,0.5679396702110167,0.002885766295259111
Defect_L16_B62_el1495_H4_W4.npy,-365.79978200000005,79.83529049999993,0.46707157465036,0.5899590701854911,0.5679407651370921,0.002893467186574586
Defect_L16_B63_el1499_H4_W4.npy,-365.4617063999999,83.75175409999997,0.4671648017465858,0.5910390668752904,0.5679421663621335,0.0028974641821289428
Defect_L16_B64_el1503_H4_W4.npy,-363.1698970000002,95.88525899999968,0.4677967868276295,0.5943849795317145,0.5679444590450379,0.0028988048053681646
Defect_L16_B65_el1507_H4_W4.npy,-347.8094719999999,168.3829700000001,0.4720325489457587,0.6143768129546097,0.5679486294125322,0.0028455968948608097
Defect_L16_B66_el1795_H4_W4.npy,-342.8971560000002,168.9772899999998,0.4733871600339986,0.6145407015281383,0.5679490200583626,0.0028135661431774174
Defect_L16_B67_el1799_H4_W4.npy,-356.608203,95.3177499999997,0.4696062273135507,0.5942284843094862,0.5679443271945404,0.002850823913665914
Defect_L16_B68_el1803_H4_W4.npy,-356.6605543999999,83.34752600000002,0.4695917909892334,0.5909275976891798,0.5679416899350203,0.002827479577945299
Defect_L16_B69_el1807_H4_W4.npy,-354.21858770000017,79.2695941999998,0.47026518316696236,0.5898030748300301,0.5679400581488221,0.002796949088120062
Defect_L16_B6_el135_H4_W4.npy,-383.4713059999999,99.02395039999965,0.4621985081871072,0.5952504992118417,0.5679423843484702,0.003079246032980223
Defect_L16_B70_el1811_H4_W4.npy,-351.4078291999997,77.45780290000016,0.4710402726828782,0.5893034586439875,0.5679389695064059,0.0027706577150792087
Defect_L16_B71_el1815_H4_W4.npy,-351.4333397999999,76.34335570000007,0.47103323792745366,0.5889961407649303,0.5679379081842373,0.002770668411211836
Defect_L16_B72_el1819_H4_W4.npy,-355.5382095,75.6066793,0.46990128672329645,0.5887929962563351,0.5679375513067378,0.002807651748337018
Defect_L16_B73_el1823_H4_W4.npy,-360.6906521000001,79.31786213000032,0.46848045877218736,0.5898163851042847,0.5679386525227668,0.002857244060031418
Defect_L16_B74_el1827_H4_W4.npy,-362.30844049999996,82.50872663000018,0.4680343404636205,0.590696291941054,0.5679399503563266,0.0028785182484683974
Defect_L16_B75_el1831_H4_W4.npy,-361.64324579999993,82.62893069999996,0.46821777331208925,0.5907294391909608,0.5679407875325299,0.0028726973366482098
Defect_L16_B76_el1835_H4_W4.npy,-360.6555568000001,84.37561920000007,0.46849013658658795,0.5912111027504309,0.5679419084062552,0.0028683397320950128
Defect_L16_B77_el1839_H4_W4.npy,-358.13735099999985,96.08834999999999,0.4691845523161849,0.5944409835266778,0.5679439901920079,0.0028661822686718162
Defect_L16_B78_el1843_H4_W4.npy,-342.69863199999986,169.08744000000024,0.47344190464156916,0.6145710762864744,0.5679481047384746,0.0028111002022117994
Defect_L16_B79_el2131_H4_W4.npy,-335.889729,163.21326999999974,0.4753195150197595,0.6129512261350982,0.5679468129415939,0.0027585924956628175
Defect_L16_B7_el139_H4_W4.npy,-375.87488400000007,97.76075709999964,0.4642932833343393,0.5949021633859767,0.5679421455624017,0.003021937240556679
Defect_L16_B80_el2135_H4_W4.npy,-352.7311350000002,92.04269999999974,0.4706753603462506,0.5933253626364219,0.5679432609886212,0.0028244888739128557
Defect_L16_B81_el2139_H4_W4.npy,-356.5513427000001,82.13036409999995,0.46962190700371326,0.5905919553962322,0.5679417613010072,0.002831938117574075
Defect_L16_B82_el2143_H4_W4.npy,-356.6850674,80.4359735999999,0.4695850313301223,0.5901247134355951,0.5679411410619909,0.0028199697425033104
Defect_L16_B83_el2147_H4_W4.npy,-353.4658962000001,77.26747969999997,0.47047274396963146,0.5892509754737131,0.5679410423540441,0.0027910545982854328
Defect_L16_B84_el2151_H4_W4.npy,-354.67332639999995,76.6773069999997,0.47013978527210554,0.5890882305518887,0.5679404494460871,0.0028009284368876648
Defect_L16_B85_el2155_H4_W4.npy,-362.74896650000005,76.94157130000008,0.46791286183637865,0.5891611035818416,0.5679396058662735,0.0028740091509349094
Defect_L16_B86_el2159_H4_W4.npy,-371.32529999999997,84.05951254000024,0.4655478681235262,0.5911239337680808,0.5679408204759371,0.002952511056844625
Defect_L16_B87_el2163_H4_W4.npy,-367.74928120000004,86.98035070000014,0.4665339843909314,0.5919293786455052,0.5679413285713754,0.0029346792535803142
Defect_L16_B88_el2167_H4_W4.npy,-362.3880475000001,82.71374942000034,0.4680123881859369,0.5907528286428209,0.5679407377730994,0.002876834181861418
Defect_L16_B89_el2171_H4_W4.npy,-358.9720509000001,82.94703619999973,0.4689543770302519,0.5908171593696973,0.5679410695514955,0.0028499256736333072
Defect_L16_B8_el143_H4_W4.npy,-368.05955700000004,96.37465369999973,0.4664484233156479,0.5945199341004243,0.5679419865989498,0.0029612061462371236
Defect_L16_B90_el2175_H4_W4.npy,-355.278943,94.49798900000019,0.4699727815692529,0.5940024285467246,0.5679426479645132,0.00283814007094116
Defect_L16_B91_el2179_H4_W4.npy,-339.48966100000007,166.08060999999998,0.47432680449297127,0.6137419184598091,0.5679464123219293,0.0027799221543832924
Defect_L16_B92_el2467_H4_W4.npy,-300.93081899999993,144.6486699999998,0.48495971876861965,0.6078318867015721,0.5679360015865685,0.0024932527264021243
Defect_L16_B93_el2471_H4_W4.npy,-326.62903029999984,97.12477839999997,0.477873228002367,0.5947267870871179,0.5679372988568498,0.0026572669631345545
Defect_L16_B94_el2475_H4_W4.npy,-347.25312340000005,105.72712405700008,0.4721859665969209,0.5970989538638166,0.5679433803839298,0.0028188454320037387
Defect_L16_B95_el2479_H4_W4.npy,-372.5626686999999,113.16914570000017,0.4652066536411393,0.5991511518568876,0.5679527279630181,0.0030155742380869877
Defect_L16_B96_el2499_H4_W4.npy,-377.07071940000037,92.90144499999997,0.4639635219972123,0.5935621685542356,0.5679482756879595,0.0030026242070781426
Defect_L16_B97_el2503_H4_W4.npy,-351.9637351000001,90.33262469999954,0.47088697710984123,0.5928537954646224,0.5679422416083894,0.002757056379936005
Defect_L16_B98_el2507_H4_W4.npy,-339.4821526999999,84.79525980000017,0.4743288749677604,0.5913268220587644,0.5679380110708298,0.0026681812220825576
Defect_L16_B99_el2511_H4_W4.npy,-333.378917,84.03857600000015,0.47601189184887355,0.5911181603469015,0.5679367152943632,0.002642908200179636
Defect_L16_B9_el147_H4_W4.npy,-359.7101170000001,94.61212090000004,0.46875084930057936,0.5940339013463698,0.5679418735739675,0.00289410933205802
Defect_L17_B100_el2515_H4_W4.npy,-503.62915299999986,227.1598200000003,0.42906400464839967,0.6305850073667406,0.5679368553887707,0.004176311430918778
Defect_L17_B101_el2803_H4_W4.npy,-370.93751799999995,178.94901000000004,0.46565480216380783,0.6172904844168665,0.567907768329409,0.0031164528944378103
Defect_L17_B102_el2807_H4_W4.npy,-367.2596532,126.01666599999999,0.46666900329401356,0.602693960066858,0.5679036755333663,0.0030046666495383506
Defect_L17_B103_el2811_H4_W4.npy,-334.64349249999987,118.82532900000024,0.47566317487011717,0.6007108904028807,0.5679028498557015,0.002768426576865833
Defect_L17_B104_el2815_H4_W4.npy,-298.63252669999997,121.88420229999997,0.48559349156206305,0.6015543995927823,0.5679146188036506,0.0024733558663758174
Defect_L17_B105_el2835_H4_W4.npy,-260.93896760000007,146.23369999999977,0.49598779704080076,0.6082689716149191,0.5679932641309406,0.0020697130422939816
Defect_L17_B106_el2839_H4_W4.npy,-2041.0029,118.25555700000018,0.005120690648377154,0.6005537711399976,0.5678851284222142,0.005393785161121797
Defect_L17_B107_el2843_H4_W4.npy,-2053.7771,110.5433794999999,0.0015981011074364506,0.5984270754722157,0.5678689435443325,0.005623352910805713
Defect_L17_B108_el2847_H4_W4.npy,-2056.4665999999997,124.9035058500001,0.0008564496090756942,0.6023869971023059,0.5678675257383655,0.005777442417548309
Defect_L17_B109_el2851_H4_W4.npy,-2056.9447,186.4025999999999,0.000724609645749246,0.6193458724784641,0.5678705658632786,0.005858834102121785
Defect_L17_B10_el151_H4_W4.npy,-532.2585039999999,153.82208349000007,0.4211692282712863,0.6103615300776427,0.5679427471351708,0.004256615446635364
Defect_L17_B110_el3139_H4_W4.npy,-440.38785499999994,198.98986000000014,0.44650330690531725,0.6228169117940456,0.5679208409583406,0.0036386531153707108
Defect_L17_B111_el3143_H4_W4.npy,-447.46538499999997,135.9627289949999,0.4445516204471677,0.6054366678277922,0.5679207871277986,0.0035733663895888127
Defect_L17_B112_el3147_H4_W4.npy,-437.31959860000006,149.9313239999999,0.44734940356135555,0.609288621505224,0.5679308270291114,0.0034790097111664893
Defect_L17_B113_el3151_H4_W4.npy,-429.2456474000003,181.4826757000003,0.4495758612691717,0.6179891633396217,0.5679664231701114,0.0034746741221770854
Defect_L17_B114_el3171_H4_W4.npy,-516.7237488999997,233.89889429999994,0.42545306333229493,0.632443361912998,0.5680600454252364,0.004261483994976636
Defect_L17_B115_el3175_H4_W4.npy,-433.36842990000014,186.73639139999977,0.448438970464732,0.6194379181716969,0.5679643424742081,0.003688285193657414
Defect_L17_B116_el3179_H4_W4.npy,-413.08736669999985,152.29969880000021,0.45403163858543466,0.6099417201180146,0.5679259871907638,0.0034532561880821
Defect_L17_B117_el3183_H4_W4.npy,-410.1306628000002,138.9134921000002,0.4548469737323556,0.6062503647521763,0.5679137091315056,0.0033740274866650836
Defect_L17_B118_el3187_H4_W4.npy,-393.10466099999985,187.0665899999999,0.45954203219900863,0.6195289731211101,0.5679119497583115,0.0033056742140146612
Defect_L17_B119_el3475_H4_W4.npy,-507.1918210000001,228.55244000000016,0.42808156997267477,0.6309690336577416,0.5679406240521032,0.004203739493640416
Defect_L17_B11_el155_H4_W4.npy,-517.829031,150.82344850000027,0.4251482728041014,0.6095346320916339,0.5679431108685887,0.0041394326371081945
Defect_L17_B120_el3479_H4_W4.npy,-534.0534439999999,156.80681590000017,0.420674258968268,0.6111845943141486,0.5679388071848179,0.004278854631434455
Defect_L17_B121_el3483_H4_W4.npy,-546.2781023,156.0800472000003,0.41730321002045484,0.6109841819344063,0.5679407889299057,0.004338756733242539
Defect_L17_B122_el3487_H4_W4.npy,-559.8214810000002,157.83962710000014,0.4135685131973567,0.6114694004022704,0.5679449839540387,0.004440910504559569
Defect_L17_B123_el3491_H4_W4.npy,-577.5865068999999,153.6616979999999,0.40866966282474,0.6103173024743803,0.5679486327669268,0.004618229578062554
Defect_L17_B124_el3495_H4_W4.npy,-608.2273349999998,1498.6513000000004,0.4002202052782147,0.9812091238549178,0.5679794480037401,0.0059884352604957615
Defect_L17_B125_el3499_H4_W4.npy,-608.88420879,158.86060429999998,0.40003906698835134,0.6117509431686478,0.5679521415755604,0.004943501959830844
Defect_L17_B126_el3503_H4_W4.npy,-610.3257221000001,158.61930280000047,0.39964155796947476,0.6116844023175486,0.5679540146907667,0.004916329850911243
Defect_L17_B127_el3507_H4_W4.npy,-595.1381507000001,170.72912468199956,0.40382965430160755,0.615023784189148,0.5679574006448083,0.004804319500142362
Defect_L17_B128_el3511_H4_W4.npy,-578.4082366000002,178.70514559999992,0.40844306417694193,0.6172232368252484,0.5679530718849045,0.004661127428966587
Defect_L17_B129_el3515_H4_W4.npy,-552.8555296999998,172.76023600000008,0.415489430921526,0.6155838796538562,0.5679447215976678,0.004449797367770339
Defect_L17_B12_el159_H4_W4.npy,-501.73985300000027,149.11317480000002,0.4295849944888357,0.6090630102094208,0.5679449187755924,0.004017757795474666
Defect_L17_B130_el3519_H4_W4.npy,-526.8004580000002,166.25628129999973,0.4226743288453788,0.6137903612494963,0.5679379866535769,0.004258031466967341
Defect_L17_B131_el3523_H4_W4.npy,-488.6175199999998,220.82022000000006,0.4332035845358479,0.6288368111075816,0.5679357409778983,0.004067531101287212
Defect_L17_B132_el3811_H4_W4.npy,-474.7113320000001,210.93481999999995,0.4370383289741027,0.6261108316608831,0.5679332625848897,0.003957134907687664
Defect_L17_B133_el3815_H4_W4.npy,-515.986384,166.9761845999999,0.4256563977003646,0.6139888804393533,0.5679364182072126,0.004176474705771165
Defect_L17_B134_el3819_H4_W4.npy,-546.7762414000001,171.23852690000012,0.417165844112328,0.615164255993665,0.5679435460873146,0.0043985100386105995
Defect_L17_B135_el3823_H4_W4.npy,-576.0686887000002,172.08074530000022,0.40908821353761193,0.6153965045671199,0.5679513782313854,0.0046216432363415695
Defect_L17_B136_el3827_H4_W4.npy,-595.4025568000004,164.7166747000001,0.40375674216915136,0.6133658022081222,0.5679570596540998,0.0047740993775338735
Defect_L17_B137_el3831_H4_W4.npy,-618.8361390000002,162.88229980000006,0.39729474129516357,0.6128599584107098,0.5679611521231953,0.004954552409197337
Defect_L17_B138_el3835_H4_W4.npy,-620.2433267619999,160.56013200000007,0.3969066978253134,0.6122196017539651,0.5679583067046458,0.00504381565367519
Defect_L17_B139_el3839_H4_W4.npy,-622.7701680000002,168.14022999999952,0.396209900803457,0.614309875425436,0.5679559670289873,0.005010598800368766
Defect_L17_B13_el163_H4_W4.npy,-472.83404500000006,195.47061000000008,0.43755600613208867,0.621846449984934,0.56795207132087,0.0038947996800293896
Defect_L17_B140_el3843_H4_W4.npy,-595.0356335999995,166.0842818300007,0.4038579242256912,0.6137429309967943,0.5679531346773453,0.004775526280734358
Defect_L17_B141_el3847_H4_W4.npy,-567.3732404,162.02442789999986,0.4114860541253099,0.612623393257322,0.5679453448419468,0.0045064839289596535
Defect_L17_B142_el3851_H4_W4.npy,-545.8807939999999,157.8023761000004,0.41741277101543767,0.6114591281360628,0.5679393454951631,0.004336285677907526
Defect_L17_B143_el3855_H4_W4.npy,-528.929873,156.4937344,0.422087125340868,0.6110982595442715,0.5679360539629991,0.004235144343607964
Defect_L17_B144_el3859_H4_W4.npy,-499.71892,223.3171000000002,0.4301422831995763,0.6295253460743885,0.5679367708381379,0.0041353720482540345
Defect_L17_B145_el4147_H4_W4.npy,-315.07936400000017,146.27737606000005,0.4810581424165561,0.6082810156436761,0.5679062780719887,0.0027029730151051164
Defect_L17_B146_el4151_H4_W4.npy,-346.28676399999983,142.53445276999992,0.4724524480607488,0.6072488741057404,0.5679178036534323,0.002963331618512573
Defect_L17_B147_el4155_H4_W4.npy,-375.84722169999986,170.9604238999998,0.4643009114385383,0.6150875668296387,0.5679454597798996,0.0033037958177110967
Defect_L17_B148_el4159_H4_W4.npy,-426.61739539999985,211.97573019999982,0.4503006231334104,0.6263978711141232,0.5680017055576283,0.0038104160669595495
Defect_L17_B149_el4179_H4_W4.npy,-502.4497366800001,234.13579899999968,0.4293892382906822,0.6325086903107386,0.5680985948672753,0.0038904649447078278
Defect_L17_B14_el451_H4_W4.npy,-560.4844369999996,253.9746,0.4133856976886202,0.6379794010329292,0.567949035572428,0.004643366034764772
Defect_L17_B150_el4183_H4_W4.npy,-415.7291803999999,194.3478889999999,0.4533031369721255,0.6215368505382369,0.5679915282331305,0.00338148487968596
Defect_L17_B151_el4187_H4_W4.npy,-398.84098200000017,157.09062569999992,0.45796019503049085,0.6112628571746873,0.5679401623315568,0.003224787437988662
Defect_L17_B152_el4191_H4_W4.npy,-401.1028909999998,137.04231011000002,0.4573364552279233,0.605734371100349,0.5679175146777247,0.0032144596303481047
Defect_L17_B153_el4195_H4_W4.npy,-394.01170899999966,170.26907000000006,0.4592919063361029,0.6148969203690207,0.5679104503092789,0.00324424167277724
Defect_L17_B154_el4483_H4_W4.npy,-182.21943220000003,91.91622999999993,0.5176953491433007,0.5932904875053575,0.5679000857546006,0.0015528289241734895
Defect_L17_B155_el4487_H4_W4.npy,-172.51188150000002,65.01331617000005,0.5203722851990985,0.5858717902187652,0.5679035305062793,0.0014519979834421287
Defect_L17_B156_el4491_H4_W4.npy,-150.59874020000018,60.78445330000011,0.5264150121293593,0.58470564688956,0.5679106775743421,0.0012710495860644982
Defect_L17_B157_el4495_H4_W4.npy,-125.5648165,59.05111039999997,0.5333183201873456,0.5842276634878278,0.5679238450735439,0.0010206708539064247
Defect_L17_B158_el4515_H4_W4.npy,-146.55460000000005,49.770270999999994,0.5275302166799862,0.5816683965433938,0.5679539973910238,0.0006846314383659552
Defect_L17_B159_el4519_H4_W4.npy,-101.93849877000002,62.202849699999945,0.5398334694512245,0.5850967812324971,0.567932927350195,0.0009013127763111661
Defect_L17_B15_el455_H4_W4.npy,-586.2861449999998,176.01048170000013,0.40627066686561697,0.6164801613394653,0.5679457532771847,0.004701901272859743
Defect_L17_B160_el4523_H4_W4.npy,-149.21049826999996,62.76008512999999,0.5267978311319514,0.5852504434342443,0.5679146377172538,0.0012500079800576165
Defect_L17_B161_el4527_H4_W4.npy,-190.0001793,67.27346332999991,0.5155497448506511,0.586495044179624,0.5679028918820331,0.0015645573950139418
Defect_L17_B162_el4531_H4_W4.npy,-213.5241155000001,102.70551,0.5090628281263256,0.5962657192131968,0.5678970774402355,0.001789707443622135
Defect_L17_B163_el4819_H4_W4.npy,-262.2997770000002,120.91467000000011,0.49561254278146133,0.6012870431759747,0.5678991147531403,0.002162299154252696
Defect_L17_B164_el4823_H4_W4.npy,-243.4154049000001,84.65765899999997,0.5008200619722282,0.5912888775190746,0.5679081165075125,0.0019752925098881634
Defect_L17_B165_el4827_H4_W4.npy,-205.14589640000008,97.35220151999988,0.511373190182139,0.5947895008620611,0.5679269576369961,0.0017246858309778621
Defect_L17_B166_el4831_H4_W4.npy,-164.91282028,110.36976359999994,0.5224677881327101,0.5983791994757947,0.5679587813999115,0.0014538388830300307
Defect_L17_B167_el4851_H4_W4.npy,-162.10829949999993,86.40988479999999,0.5232411575466052,0.5917720680340537,0.5679606866651525,0.001218853252792411
Defect_L17_B168_el4855_H4_W4.npy,-188.79158296000003,106.34315030000005,0.5158830251207661,0.597268828110387,0.5679396246197806,0.001614382711328233
Defect_L17_B169_el4859_H4_W4.npy,-202.53583860000003,96.99614321000013,0.5120929348477564,0.5946913148873018,0.5679191790881669,0.0017395433971182052
Defect_L17_B16_el459_H4_W4.npy,-589.260741,160.98997430000009,0.4054503978266067,0.6123381342640427,0.5679436877073726,0.004686268378881796
Defect_L17_B170_el4863_H4_W4.npy,-209.2254089999999,83.35344999999995,0.5102482314045329,0.590929231280359,0.5679075870895788,0.0017969894981696554
Defect_L17_B171_el4867_H4_W4.npy,-206.54000310000004,105.89721000000009,0.5109887539215219,0.5971458564458862,0.5679021244948043,0.001798903914826927
Defect_L17_B172_el5155_H4_W4.npy,-445.4780810000002,193.98799999999983,0.4450996356876578,0.6214376082195556,0.5679213677801409,0.003648367307958494
Defect_L17_B173_el5159_H4_W4.npy,-466.5042699999999,143.77223830000003,0.43930149306759214,0.6075902035323899,0.5679256898314248,0.003696069930693987
Defect_L17_B174_el5163_H4_W4.npy,-483.425927,155.91500098999995,0.4346352085281621,0.610938669099699,0.5679388342867547,0.003796899965394275
Defect_L17_B175_el5167_H4_W4.npy,-523.7167140000001,178.30208019999964,0.42352469633307577,0.6171120882631187,0.5679638280464339,0.004085068487409252
Defect_L17_B176_el5187_H4_W4.npy,-664.20485398,242.17597289999958,0.38478394916145114,0.6347258336533734,0.5680425310688554,0.005332716264197689
Defect_L17_B177_el5191_H4_W4.npy,-541.0968923999999,223.1440304999992,0.4187319707884997,0.629477620752211,0.5679894584236903,0.0044977975072383325
Defect_L17_B178_el5195_H4_W4.npy,-471.06523119999974,189.23775060000003,0.438043770922976,0.6201276883143327,0.5679517402279608,0.003936314011477941
Defect_L17_B179_el5199_H4_W4.npy,-426.29579760000047,163.79467529999988,0.45038930634227414,0.6131115533750684,0.5679287460098292,0.003550186193425718
Defect_L17_B17_el463_H4_W4.npy,-587.4718460000001,156.3573346999999,0.4059437001717117,0.6110606462176752,0.5679425841002073,0.004656435713089546
Defect_L17_B180_el5203_H4_W4.npy,-382.551465,177.97405140000023,0.4624521618238069,0.6170216316537025,0.5679172428600394,0.0032513843658099313
Defect_L17_B181_el5491_H4_W4.npy,-519.9400800000001,230.01564999999982,0.4245661338734589,0.631372525715342,0.567942425364269,0.004273319312951566
Defect_L17_B182_el5495_H4_W4.npy,-547.5121300000003,156.54032179999967,0.41696291684598974,0.6111111063987108,0.5679405718855903,0.004360358128302147
Defect_L17_B183_el5499_H4_W4.npy,-558.7906603999998,148.79291599999988,0.4138527703613394,0.6089746962406968,0.5679410032738174,0.004419907608157017
Defect_L17_B184_el5503_H4_W4.npy,-571.2103953000001,151.72034520000034,0.41042792745454304,0.6097819586510056,0.5679434107229524,0.004523520735869845
Defect_L17_B185_el5507_H4_W4.npy,-587.1839951000002,162.59604960000024,0.4060230773984414,0.6127810225900235,0.5679457792510946,0.0046943587848490235
Defect_L17_B186_el5511_H4_W4.npy,-2059.5449,161.72666855999978,7.583348654035726e-06,0.6125412836976781,0.5679081293746916,0.006762316291525694
Defect_L17_B187_el5515_H4_W4.npy,-590.2825397299998,147.1576282000001,0.40516862851665036,0.6085237523302596,0.5679468334622035,0.004691909307759724
Defect_L17_B188_el5519_H4_W4.npy,-583.3143519,142.7026527999999,0.4070901629821565,0.6072952566319623,0.5679483127054628,0.004599932107057955
Defect_L17_B189_el5523_H4_W4.npy,-573.7802107999998,144.44201929999963,0.4097192799304361,0.6077749010903833,0.5679486544761836,0.0045334563947793975
Defect_L17_B18_el467_H4_W4.npy,-583.6801590000002,154.31353446000003,0.40698928869926887,0.6104970516795283,0.5679418849333807,0.0046196227808977764
Defect_L17_B190_el5527_H4_W4.npy,-571.3020566999999,151.41068210000003,0.4104026510780226,0.60969656653273,0.5679459246022557,0.004520423524750881
Defect_L17_B191_el5531_H4_W4.npy,-561.4948082999999,156.92396441000005,0.4131070795854241,0.6112168989685348,0.5679442238665204,0.0044639054685605825
Defect_L17_B192_el5535_H4_W4.npy,-545.7157639999998,164.53865399999972,0.41745827938010566,0.6133167115522774,0.567942992379367,0.004378234287111021
Defect_L17_B193_el5539_H4_W4.npy,-512.2676019999999,229.05570000000012,0.42668188208124475,0.631107811695691,0.5679436928435331,0.00424759442767944
Defect_L17_B194_el5827_H4_W4.npy,-526.471462,234.84956999999986,0.4227650521680614,0.6327055184689974,0.5679473380355206,0.004335134967073685
Defect_L17_B195_el5831_H4_W4.npy,-553.5184539999998,161.65883742000005,0.4153066241543222,0.6125225787091612,0.5679450061996323,0.004419018512094986
Defect_L17_B196_el5835_H4_W4.npy,-561.4764339999999,151.65964970000027,0.4131121464480849,0.6097652213732517,0.5679438712801622,0.004453054181886009
Defect_L17_B197_el5839_H4_W4.npy,-566.9964759999998,152.07773053000005,0.4115899499727868,0.6098805105623223,0.5679437586291866,0.0044946901105797
Defect_L17_B198_el5843_H4_W4.npy,-571.2413802000001,153.3906644719998,0.4104193831163718,0.6102425627747533,0.5679441358286177,0.00453151267905883
Defect_L17_B199_el5847_H4_W4.npy,-569.8278419999999,148.6721454000001,0.4108091777711479,0.6089413927655349,0.5679420978608584,0.004512649750415383
Defect_L17_B19_el471_H4_W4.npy,-578.8362650000001,153.21250199999986,0.40832503186454155,0.6101934330241265,0.567941538677325,0.004579133524804762
Defect_L17_B1_el115_H4_W4.npy,-595.4708319999995,256.41399,0.4037379147274781,0.6386520826646772,0.5679483923189159,0.004976013857780987
Defect_L17_B200_el5851_H4_W4.npy,-565.2886189000001,139.41539899999998,0.41206090545789587,0.6063887696617961,0.5679391921597601,0.004461874398635743
Defect_L17_B201_el5855_H4_W4.npy,-562.7785019,138.6652927,0.41275309063510757,0.6061819217490522,0.5679396534562221,0.004427663357930519
Defect_L17_B202_el5859_H4_W4.npy,-563.4763891999999,140.8820223199998,0.41256064253630415,0.6067932029701466,0.5679416558246966,0.0044323815196390505
Defect_L17_B203_el5863_H4_W4.npy,-566.6712801000003,143.68085229999997,0.4116796253869885,0.6075650030996592,0.5679426231017015,0.004465772209864355
Defect_L17_B204_el5867_H4_W4.npy,-568.2573930000001,149.99108550000005,0.41124224185515945,0.6093051012248817,0.5679442485815575,0.0044976692980025
Defect_L17_B205_el5871_H4_W4.npy,-565.0636080000002,166.61563999999998,0.4121229540435558,0.6138894573336399,0.5679467369825786,0.0045162166748527535
Defect_L17_B206_el5875_H4_W4.npy,-540.430498,244.12815,0.41891573446400043,0.6352641623655061,0.5679507026242822,0.004467566967404349
Defect_L17_B207_el6163_H4_W4.npy,-513.6200840000001,228.1541000000002,0.42630892417018096,0.6308591881630932,0.5679474260721384,0.004229202276725971
Defect_L17_B208_el6167_H4_W4.npy,-541.8176739999999,159.20705500000008,0.41853320940027483,0.6118464797668122,0.5679455235958519,0.004326325101576578
Defect_L17_B209_el6171_H4_W4.npy,-551.166418,150.70716700000003,0.4159552172101312,0.6095025665223063,0.5679444153877808,0.004371485287137398
Defect_L17_B20_el475_H4_W4.npy,-573.6777929999998,152.62713129999997,0.40974752247173707,0.6100320122928562,0.567941551372678,0.00453881475098297
Defect_L17_B210_el6175_H4_W4.npy,-557.504254,151.49207300000012,0.4142075073883187,0.6097190107353468,0.5679439329013493,0.0044151734806251175
Defect_L17_B211_el6179_H4_W4.npy,-562.0046180000002,151.7918772999999,0.4129664954144317,0.609801684209342,0.5679435830181373,0.00444830795152431
Defect_L17_B212_el6183_H4_W4.npy,-563.2741080000001,148.8673597000004,0.41261642322233133,0.6089952246964131,0.5679420700488845,0.004451741666141754
Defect_L17_B213_el6187_H4_W4.npy,-564.0010580000001,144.23404770000025,0.4124159608476396,0.6077175512302769,0.5679401573921067,0.004446521014527583
Defect_L17_B214_el6191_H4_W4.npy,-566.6834970000002,141.9843225000002,0.411676256477455,0.6070971712096487,0.5679401792719491,0.004459136002705225
Defect_L17_B215_el6195_H4_W4.npy,-571.0063049999999,144.6763232999997,0.4104842070146085,0.607839512323948,0.5679416094918636,0.004492223736122945
Defect_L17_B216_el6199_H4_W4.npy,-575.441527,148.0271015999997,0.40926115847701316,0.6087635166916258,0.5679430475974151,0.00453482976397291
Defect_L17_B217_el6203_H4_W4.npy,-578.2764139999999,154.21484599999985,0.40847941533098847,0.6104698375340626,0.5679450243617139,0.004575048222085535
Defect_L17_B218_el6207_H4_W4.npy,-576.172654,170.33649479999985,0.4090595442606004,0.6149155133059778,0.5679476424395785,0.004600273147120938
Defect_L17_B219_el6211_H4_W4.npy,-551.2330489999997,247.9307100000001,0.41593684316997986,0.636312749211242,0.5679513022329091,0.004547514108299615
Defect_L17_B21_el479_H4_W4.npy,-568.6680740000002,152.3504931,0.41112899322939317,0.609955727059343,0.567941915515716,0.004501502596047807
Defect_L17_B22_el483_H4_W4.npy,-563.6935039999998,152.05913389999978,0.41250077136443714,0.6098753823903558,0.5679425125238994,0.004465713845936531
Defect_L17_B23_el487_H4_W4.npy,-558.335264,151.7690779999998,0.4139783496223202,0.6097953971169431,0.5679432521745839,0.004429423768941661
Defect_L17_B24_el491_H4_W4.npy,-552.1964520000001,152.8865932000001,0.4156711769574959,0.6101035610219518,0.5679442955635657,0.0043936341225403975
Defect_L17_B25_el495_H4_W4.npy,-543.209857,162.90487910000024,0.41814930361557784,0.6128661848363195,0.5679460886632529,0.004357371992771787
Defect_L17_B26_el499_H4_W4.npy,-515.2651800000001,231.97269000000006,0.4258552755688248,0.631912195411699,0.5679487505790647,0.004272021575770983
Defect_L17_B27_el787_H4_W4.npy,-551.028411,251.29786999999988,0.4159932737627745,0.6372412709659252,0.5679501204407723,0.004570439652174872
Defect_L17_B28_el791_H4_W4.npy,-574.9086890000001,171.9608558,0.40940809288901664,0.6153634440624488,0.5679457219763187,0.004613776265614767
Defect_L17_B29_el795_H4_W4.npy,-577.283715,155.32542760000024,0.40875316015373286,0.6107760894424813,0.5679429478453488,0.0045923762724857636
Defect_L17_B2_el119_H4_W4.npy,-619.8963719999995,183.68960500000003,0.3970023734226739,0.6185977420427715,0.5679464354636782,0.004981895100409302
Defect_L17_B30_el799_H4_W4.npy,-576.0417300999998,149.2909934999998,0.40909564759081285,0.6091120451621226,0.5679413519606239,0.00456620578584224
Defect_L17_B31_el803_H4_W4.npy,-573.7757500999999,146.37059355000042,0.4097205100047394,0.6083067211246695,0.567940321487741,0.004540692983951623
Defect_L17_B32_el807_H4_W4.npy,-571.2717193999999,144.80561590000002,0.410411016835227,0.6078751658099182,0.5679397355703171,0.004518257323716431
Defect_L17_B33_el811_H4_W4.npy,-569.2878074,145.14096510000013,0.41095809670413047,0.6079676410791707,0.5679397335592618,0.004503160549802829
Defect_L17_B34_el815_H4_W4.npy,-568.2750258000001,146.35458979999976,0.4112373794671541,0.6083023079604505,0.5679403432431741,0.004497922210235811
Defect_L17_B35_el819_H4_W4.npy,-567.6316738,147.8372727999997,0.41141478901345396,0.6087111698561724,0.5679412845131363,0.004497433189819339
Defect_L17_B36_el823_H4_W4.npy,-566.4950414,149.85969453000007,0.41172822464184045,0.6092688690963182,0.567942363980011,0.004495697441482424
Defect_L17_B37_el827_H4_W4.npy,-564.3172949999998,154.2310324,0.41232875592297447,0.6104743010655045,0.5679437359894215,0.004493044230704527
Defect_L17_B38_el831_H4_W4.npy,-559.0172049999996,166.67621159999976,0.41379029884543106,0.613906160444961,0.5679460284873911,0.004488777643694263
Defect_L17_B39_el835_H4_W4.npy,-533.8042379999999,242.58996999999954,0.42074297954952866,0.634839996720684,0.5679496339540325,0.004430623476193901
Defect_L17_B3_el123_H4_W4.npy,-615.5343869999999,174.65806939999993,0.3982052262618919,0.6161072226487433,0.5679453041385685,0.004913796071448793
Defect_L17_B40_el1123_H4_W4.npy,-548.0551039999998,249.99469,0.41681318734955153,0.6368819084823283,0.5679511689236761,0.004547972703216606
Defect_L17_B41_el1127_H4_W4.npy,-570.7505369999999,170.44918710000024,0.41055473712073703,0.614946589124215,0.567945909532821,0.004581876157241795
Defect_L17_B42_el1131_H4_W4.npy,-572.3029337,153.52370210000004,0.41012665110526747,0.6102792489826524,0.5679426277031788,0.004552991584789379
Defect_L17_B43_el1135_H4_W4.npy,-570.5513701999998,147.23665319999986,0.4106096589856353,0.6085455441167097,0.56794063150974,0.004522021924830456
Defect_L17_B44_el1139_H4_W4.npy,-568.1273375999999,144.14146930000038,0.41127810568943346,0.6076920219835488,0.5679392233283067,0.004495067924878412
Defect_L17_B45_el1143_H4_W4.npy,-566.0319648000002,142.26433045000022,0.4118559217804334,0.6071743856791301,0.5679382930141937,0.0044763280295505165
Defect_L17_B46_el1147_H4_W4.npy,-565.3425938,141.99441019999995,0.41204602144024993,0.6070999529749654,0.5679382076990821,0.004472429695886622
Defect_L17_B47_el1151_H4_W4.npy,-566.4954671,144.63270880000005,0.41172810725160325,0.6078274852708617,0.5679391096005141,0.004485361019210305
Defect_L17_B48_el1155_H4_W4.npy,-568.2612389999999,147.25165619999984,0.4112411812893805,0.6085496813159773,0.5679404541823929,0.004504630355651704
Defect_L17_B49_el1159_H4_W4.npy,-569.2223077999997,149.99215860000004,0.41097615875153043,0.6093053971409341,0.5679418261751553,0.0045196407930464125
Defect_L17_B4_el127_H4_W4.npy,-605.4400290000003,170.9995761,0.4009888275765191,0.6150983633672086,0.5679445318450472,0.0048309565293568075
Defect_L17_B50_el1163_H4_W4.npy,-568.9273745,154.9178318000006,0.4110574890076603,0.6106636915857067,0.5679434866105737,0.004531826951468759
Defect_L17_B51_el1167_H4_W4.npy,-565.3694690000002,168.6267257999998,0.4120386103852773,0.6144440305988944,0.5679461847895855,0.004542032815261993
Defect_L17_B52_el1171_H4_W4.npy,-541.5480239999997,246.4087800000002,0.418607567580804,0.6358930646360793,0.567950592611336,0.004496305329122318
Defect_L17_B53_el1459_H4_W4.npy,-547.2705760000001,249.31934,0.41702952732601767,0.6366956752272929,0.5679520069542848,0.0045509908757407885
Defect_L17_B54_el1463_H4_W4.npy,-569.294373,170.11141350000025,0.4109562861865333,0.6148534453069454,0.5679462536093003,0.004578553899573616
Defect_L17_B55_el1467_H4_W4.npy,-570.3221020000001,153.02294220000022,0.41067288155639425,0.6101411603676109,0.5679426767020136,0.0045447262104866375
Defect_L17_B56_el1471_H4_W4.npy,-567.9565462,146.5761645,0.41132520280700813,0.6083634089860144,0.5679403867218502,0.004508495966361502
Defect_L17_B57_el1475_H4_W4.npy,-564.9320486000001,143.3390220000001,0.4121592326180617,0.607470740614372,0.5679386623604162,0.0044767169453977075
Defect_L17_B58_el1479_H4_W4.npy,-562.7418802999998,141.25198770000043,0.41276318933914646,0.606895223932563,0.5679372980807326,0.004458252534809998
Defect_L17_B59_el1483_H4_W4.npy,-563.0382120000002,140.5376124000004,0.4126814734628434,0.6066982291336648,0.5679370622443763,0.00446471928692931
Defect_L17_B5_el131_H4_W4.npy,-593.9172680000001,167.94112210999992,0.40416632263541596,0.6142549698054495,0.5679439415628309,0.004741607521278455
Defect_L17_B60_el1487_H4_W4.npy,-566.0847294999999,145.0570849999997,0.4118413714852799,0.6079445104594092,0.5679384125203181,0.004494182717578284
Defect_L17_B61_el1491_H4_W4.npy,-569.4485576000002,148.66612720000035,0.41091376852911954,0.6089397331979397,0.567940251286994,0.004526854706189384
Defect_L17_B62_el1495_H4_W4.npy,-571.2088000000001,151.34745009999983,0.4104283673714924,0.6096791297944721,0.5679418000073946,0.00454707883182462
Defect_L17_B63_el1499_H4_W4.npy,-571.4607713999999,156.0092014999998,0.4103588842086912,0.6109646456564523,0.5679435521305186,0.00456224136768259
Defect_L17_B64_el1503_H4_W4.npy,-568.4511480000001,169.75684929999989,0.4111888123381247,0.6147556713451698,0.5679463674577641,0.004575998480598123
Defect_L17_B65_el1507_H4_W4.npy,-545.1002210000001,247.90004000000044,0.41762802036848834,0.6363042917093069,0.5679511300005567,0.004534582870284421
Defect_L17_B66_el1795_H4_W4.npy,-537.1987310000002,249.33250999999973,0.41980692049779955,0.6366993069619027,0.5679517627294924,0.00448036533102058
Defect_L17_B67_el1799_H4_W4.npy,-559.4440829999996,170.54082959999982,0.4136725837651867,0.6149718602889066,0.5679461501642661,0.004510913204213856
Defect_L17_B68_el1803_H4_W4.npy,-560.9252254,154.08717539999998,0.4132641467024442,0.6104346313277839,0.5679427980708761,0.004481339701878152
Defect_L17_B69_el1807_H4_W4.npy,-558.6913062000001,148.0056738000003,0.41388016809002437,0.6087576078015065,0.5679406553807487,0.0044458628444921594
Defect_L17_B6_el135_H4_W4.npy,-581.9937580000001,164.96573956999964,0.40745432749030336,0.6134344838716373,0.5679434804744535,0.0046495101640988655
Defect_L17_B70_el1811_H4_W4.npy,-555.0774801,145.0002281000002,0.4148767100278865,0.6079288317068245,0.5679389654102835,0.004409677959293139
Defect_L17_B71_el1815_H4_W4.npy,-552.9232737,142.8439823000001,0.41547074996257266,0.6073342293910021,0.5679370785665477,0.004393061959214744
Defect_L17_B72_el1819_H4_W4.npy,-554.9382079000002,141.51928700000008,0.41491511546971954,0.6069689338884491,0.5679364411352664,0.00441726127517881
Defect_L17_B73_el1823_H4_W4.npy,-560.1410837000001,148.67492810000022,0.4134803801535437,0.6089421601176913,0.5679384243240309,0.0044660678020442615
Defect_L17_B74_el1827_H4_W4.npy,-564.0770915999999,152.94635229999994,0.4123949939640681,0.6101200400797899,0.5679407104702722,0.004503368936254491
Defect_L17_B75_el1831_H4_W4.npy,-565.0037393,154.28141600000004,0.41213946332448537,0.6104881947529679,0.5679419134137492,0.004513250996699007
Defect_L17_B76_el1835_H4_W4.npy,-564.6392478,157.8171757,0.4122399748199733,0.611463209246126,0.5679433584214847,0.004520455701923157
Defect_L17_B77_el1839_H4_W4.npy,-561.4180119999999,171.36202189999995,0.4131282567897236,0.6151983107442841,0.5679459576557324,0.0045306911089422405
Defect_L17_B78_el1843_H4_W4.npy,-538.029113,249.5646899999997,0.4195779359079086,0.636763332485193,0.5679506560089842,0.004487595735912216
Defect_L17_B79_el2131_H4_W4.npy,-524.8971670000001,241.1325999999999,0.42319917681785196,0.6344381150905797,0.5679484196749092,0.004378490367148551
Defect_L17_B7_el139_H4_W4.npy,-570.0381990000001,162.18490395999993,0.41075117011759116,0.6126676458359984,0.5679431688993167,0.004556553472851656
Defect_L17_B80_el2135_H4_W4.npy,-551.5717450000002,166.6325412000001,0.4158434449934083,0.6138941179769952,0.5679444388860391,0.004451191389459536
Defect_L17_B81_el2139_H4_W4.npy,-559.0448127,153.48915869999973,0.41378268579762606,0.6102697233591652,0.5679428614766905,0.004471326213545541
Defect_L17_B82_el2143_H4_W4.npy,-561.9520587,150.64231219999965,0.4129809890688648,0.6094846822837503,0.5679423191458323,0.004475754384987718
Defect_L17_B83_el2147_H4_W4.npy,-560.1623857000002,146.24887897999997,0.4134745059537972,0.608273157342103,0.5679420878812219,0.004454110165227239
Defect_L17_B84_el2151_H4_W4.npy,-559.8983542999999,143.16458479999983,0.41354731475968104,0.6074226381377964,0.5679400794539144,0.0044541243522654315
Defect_L17_B85_el2155_H4_W4.npy,-565.5641902000002,143.29162269999983,0.4119849144307346,0.6074576698719043,0.5679386139051835,0.004518167036256425
Defect_L17_B86_el2159_H4_W4.npy,-572.7248630000001,153.75405419999993,0.4100103006692952,0.6103427704476515,0.5679412077266228,0.004581389569864636
Defect_L17_B87_el2163_H4_W4.npy,-571.9164108,157.78530610000007,0.410233237938484,0.6114544209447346,0.5679430198073605,0.004578146496308513
Defect_L17_B88_el2167_H4_W4.npy,-567.1847536,154.08753170000023,0.411538030893349,0.6104347295804066,0.5679421618824976,0.0045295746906395765
Defect_L17_B89_el2171_H4_W4.npy,-563.1415488999999,155.37182570000004,0.41265297747224267,0.610788884095906,0.56794229113663,0.004504005995292178
Defect_L17_B8_el143_H4_W4.npy,-558.0135340000002,159.55657243999985,0.41406706928640924,0.6119428620434729,0.5679429627032059,0.0044624550321817925
Defect_L17_B90_el2175_H4_W4.npy,-557.846925,168.85149390000015,0.41411301307316906,0.6145060122304798,0.5679440524575239,0.004497035327620539
Defect_L17_B91_el2179_H4_W4.npy,-533.736899,245.97373000000016,0.4207615488264381,0.6357730960603731,0.5679482897894274,0.0044472171238091746
Defect_L17_B92_el2467_H4_W4.npy,-465.4342690000001,211.5542600000001,0.4395965545455239,0.6262816472787097,0.5679312400853065,0.003896696172860569
Defect_L17_B93_el2471_H4_W4.npy,-501.44319029999997,164.6129952000001,0.42966680164108073,0.613337211742785,0.5679330095295166,0.004076942243483778
Defect_L17_B94_el2475_H4_W4.npy,-530.3838474000001,173.90982129999998,0.42168618007507946,0.6159008871497619,0.5679406045959086,0.0042842161156044865
Defect_L17_B95_el2479_H4_W4.npy,-569.2559716000001,184.36920659999987,0.4109668756848969,0.6187851477110846,0.5679535057087891,0.00457937845974919
Defect_L17_B96_el2499_H4_W4.npy,-596.8394866000006,172.35132169999997,0.40336049709043437,0.6154711182099832,0.5679549803624373,0.0047732904169473156
Defect_L17_B97_el2503_H4_W4.npy,-559.5150305000002,164.93382063000035,0.41365301941505456,0.6134256819643399,0.5679433186544002,0.004423858155821036
Defect_L17_B98_el2507_H4_W4.npy,-538.4941917000001,155.47878440000045,0.4194496866739578,0.6108183788273126,0.5679366559233315,0.004272571044075734
Defect_L17_B99_el2511_H4_W4.npy,-526.7626619999999,153.9652421000003,0.4226847513997689,0.6104010072286409,0.567934547120956,0.004221402451384732
Defect_L17_B9_el147_H4_W4.npy,-545.5694110000002,156.82018550999965,0.41749863741012583,0.6111882810928392,0.5679428049924948,0.004363819398229762
Defect_L18_B100_el2515_H4_W4.npy,-517.7208799999999,278.05879400000026,0.4251780963219297,0.64462081340211,0.5679354384781349,0.004568683001553091
Defect_L18_B101_el2803_H4_W4.npy,-381.968884,219.442951,0.46261281327261394,0.6284570179796783,0.5679071936804446,0.003418991540927018
Defect_L18_B102_el2807_H4_W4.npy,-379.5313051999999,162.0492757999998,0.4632849954512317,0.6126302452678318,0.5679037316825619,0.0032742046773114397
Defect_L18_B103_el2811_H4_W4.npy,-351.6784801,152.67046900000014,0.47096563849603384,0.6100439630160913,0.5679033761740505,0.0030175477579387497
Defect_L18_B104_el2815_H4_W4.npy,-331.58242600000005,152.90108910000004,0.47650728885275595,0.6101075583842701,0.5679157268107474,0.002705247942107128
Defect_L18_B105_el2835_H4_W4.npy,-278.6400082,167.83269999999993,0.4911065911350433,0.6142250715268338,0.567995322488546,0.0021701977479525636
Defect_L18_B106_el2839_H4_W4.npy,-2033.0643,141.34799280000016,0.0073098241619993015,0.6069216981196852,0.5678860490892844,0.00545745009527833
Defect_L18_B107_el2843_H4_W4.npy,-2049.5319,145.11374269999988,0.002768749533107029,0.6079601342809742,0.5678690130101507,0.005734053531160786
Defect_L18_B108_el2847_H4_W4.npy,-2054.5229,162.6023123,0.0013924406919400502,0.6127827495804822,0.5678671929173265,0.005924138032299324
Defect_L18_B109_el2851_H4_W4.npy,-2055.9840999999997,228.032381,0.000989502908186728,0.630825623158918,0.5678696897746137,0.006040265417207339
Defect_L18_B10_el151_H4_W4.npy,-549.224586,206.15518440000028,0.4164906931768034,0.624792808272016,0.5679423740835626,0.0045876405755275835
Defect_L18_B110_el3139_H4_W4.npy,-451.7335009999997,239.89270999999985,0.4433746527481242,0.6340962053392123,0.5679197307825067,0.003969774175113356
Defect_L18_B111_el3143_H4_W4.npy,-458.280401,177.12262980000014,0.44156929182802074,0.6167868452229991,0.5679199569731757,0.003859493809909778
Defect_L18_B112_el3147_H4_W4.npy,-445.51431860000025,192.5524942999998,0.445089642874742,0.6210417558479957,0.5679300862613349,0.0037324529848707876
Defect_L18_B113_el3151_H4_W4.npy,-444.31543220000003,228.20538460000012,0.44542024554993237,0.6308733303086341,0.5679660063226516,0.0036961057561703658
Defect_L18_B114_el3171_H4_W4.npy,-554.7579917,286.94045809999943,0.41496481155254494,0.6470700045111271,0.568061855157102,0.004682206258711261
Defect_L18_B115_el3175_H4_W4.npy,-470.7685784999999,236.48754729999973,0.43812557531763957,0.6331572040309329,0.5679666778426733,0.004044130653462913
Defect_L18_B116_el3179_H4_W4.npy,-433.4722468,196.9840634000002,0.44841034211022746,0.6222637970687076,0.5679268016380988,0.0037768907071833264
Defect_L18_B117_el3183_H4_W4.npy,-426.1110738000003,179.8705041000003,0.45044024543245936,0.6175445939093356,0.5679138045989821,0.0036849103325236536
Defect_L18_B118_el3187_H4_W4.npy,-407.1992195,229.49444299999982,0.45565534306338545,0.6312287986461818,0.5679113424858083,0.003628603753868384
Defect_L18_B119_el3475_H4_W4.npy,-521.029235,277.83257100000014,0.42426579052425006,0.644558430570017,0.5679390113137925,0.00459361525645303
Defect_L18_B11_el155_H4_W4.npy,-533.8108949999998,201.95115590000023,0.4207411438276381,0.6236335132223129,0.5679426748230257,0.004461192604246055
Defect_L18_B120_el3479_H4_W4.npy,-549.6813569999999,205.45687640000028,0.4163647348586931,0.6246002441617661,0.5679370227976224,0.00464187705062683
Defect_L18_B121_el3483_H4_W4.npy,-562.0248403,205.39163520000034,0.41296091895074133,0.6245822533702677,0.5679384786826255,0.004696308008477963
Defect_L18_B122_el3487_H4_W4.npy,-575.6849120000002,208.22417110000015,0.4091940430838439,0.6253633481813461,0.5679423061290908,0.004804021872144289
Defect_L18_B123_el3491_H4_W4.npy,-594.9289789,205.65291099999968,0.40388733512662517,0.6246543022970402,0.5679503593257595,0.005019809278624746
Defect_L18_B124_el3495_H4_W4.npy,-630.3834459999998,1510.3361000000004,0.39411047747713734,0.9844313024859072,0.5679794032715015,0.0063639122524699115
Defect_L18_B125_el3499_H4_W4.npy,-629.4683067899998,216.15703949999988,0.39436283455700544,0.6275509011596538,0.5679496689725977,0.005401833616717249
Defect_L18_B126_el3503_H4_W4.npy,-633.3293961000002,215.31094780000035,0.39329810777802554,0.6273175844922231,0.5679545516477218,0.005359851910443889
Defect_L18_B127_el3507_H4_W4.npy,-617.7526307,226.80581278199998,0.39759352752092353,0.6304873869972815,0.5679569920550569,0.005225890487486412
Defect_L18_B128_el3511_H4_W4.npy,-601.2945166,234.14465440000004,0.40213198633574326,0.6325111322593087,0.5679513330329444,0.005073228000034156
Defect_L18_B129_el3515_H4_W4.npy,-574.0924846999997,226.05132070000036,0.40963316786282733,0.6302793296694821,0.5679432390477851,0.004841717357917988
Defect_L18_B12_el159_H4_W4.npy,-516.054202,199.03198620000012,0.42563769633530946,0.6228285284363027,0.5679443544402243,0.0043311807454233615
Defect_L18_B130_el3519_H4_W4.npy,-545.619713,217.41067520000001,0.4174847662245261,0.6278966013995881,0.5679368525100222,0.004635438159722341
Defect_L18_B131_el3523_H4_W4.npy,-503.6633790000001,269.8592279999998,0.4290545665505439,0.6423597163915844,0.5679345093079697,0.004453156661740039
Defect_L18_B132_el3811_H4_W4.npy,-489.6797569999999,259.8086440000002,0.4329106640440597,0.6395881861134657,0.56793209059561,0.00433283981695092
Defect_L18_B133_el3815_H4_W4.npy,-534.5593870000002,218.07035269999983,0.42053474107124794,0.6280785128352862,0.5679352110076588,0.004545550158247129
Defect_L18_B134_el3819_H4_W4.npy,-567.3431304000001,224.4327688000003,0.4114943572026907,0.6298330008195807,0.5679418424444038,0.004782360216094515
Defect_L18_B135_el3823_H4_W4.npy,-597.4072207000002,227.15303110000013,0.40320393979505037,0.6305831352723523,0.5679491475418587,0.0050230542544737805
Defect_L18_B136_el3827_H4_W4.npy,-615.6488348,218.05075269999998,0.39817366635025253,0.628073107975882,0.5679560729465628,0.005183647114721533
Defect_L18_B137_el3831_H4_W4.npy,-641.128735,1501.9310999999998,0.3911473766453212,0.982113555379113,0.56799037209577,0.006436546356829634
Defect_L18_B138_el3835_H4_W4.npy,-641.0511337619998,219.08329980000008,0.3911687758178207,0.628357841236281,0.5679552993423331,0.0055094396341982535
Defect_L18_B139_el3839_H4_W4.npy,-647.1791200000002,227.2919109999998,0.38947893377456094,0.6306214325342697,0.5679571094575324,0.0054635173534360445
Defect_L18_B13_el163_H4_W4.npy,-484.2790534999999,239.2022730000001,0.43439995195741804,0.6339058117212262,0.567950569118373,0.004206227227214977
Defect_L18_B140_el3843_H4_W4.npy,-615.2328405999997,222.8150248300003,0.3982883801341304,0.6293868947629477,0.5679522662718708,0.0051842229950531445
Defect_L18_B141_el3847_H4_W4.npy,-584.5223613999999,212.58148889999984,0.4067570445379442,0.6265649140022064,0.5679424569517095,0.0048790233612511945
Defect_L18_B142_el3851_H4_W4.npy,-561.7375810000001,206.5132821000002,0.4130401330389596,0.6248915566251539,0.5679369300384949,0.004692308078009139
Defect_L18_B143_el3855_H4_W4.npy,-543.9732779999999,204.00516100000004,0.4179387840660222,0.6241999218335996,0.5679342342212113,0.004590215039826289
Defect_L18_B144_el3859_H4_W4.npy,-512.718408,272.131932,0.426557568660397,0.6429864330031966,0.567935111245298,0.004512852195599008
Defect_L18_B145_el4147_H4_W4.npy,-336.66163860000006,184.54330969999978,0.4751066546697171,0.6188331580568679,0.5679058653892347,0.002971766271816128
Defect_L18_B146_el4151_H4_W4.npy,-369.2563627999998,181.0954273000002,0.46611839438282887,0.6178823764438799,0.5679183029455747,0.0032419766478254215
Defect_L18_B147_el4155_H4_W4.npy,-409.279,214.15257029999998,0.4550818266759207,0.6269981524756613,0.5679469799125183,0.0036178919229004325
Defect_L18_B148_el4159_H4_W4.npy,-469.50807870000017,262.4692073000001,0.4384731683889737,0.6403218580814629,0.5680020478756008,0.0041908769023754665
Defect_L18_B149_el4179_H4_W4.npy,-505.6726266800001,296.0290259999997,0.42850050016182856,0.6495762510257167,0.5681001565928003,0.004105530826644325
Defect_L18_B14_el451_H4_W4.npy,-577.6538359999997,311.9635440000002,0.408651096277836,0.6539703239576211,0.5679476052773346,0.0050805293321227254
Defect_L18_B150_el4183_H4_W4.npy,-426.74846190000017,241.0541714999997,0.45026448048008816,0.6344164877938557,0.5679915831865304,0.003580828183330017
Defect_L18_B151_el4187_H4_W4.npy,-407.4713475000001,198.04866170000014,0.4555803015542031,0.6225573687081748,0.567939841033318,0.00343745205551402
Defect_L18_B152_el4191_H4_W4.npy,-408.0655149999998,175.47689149999974,0.4554164550337896,0.616333019502194,0.5679169657735986,0.0034529759539881936
Defect_L18_B153_el4195_H4_W4.npy,-402.3584779999999,206.91306910000003,0.4569902169011442,0.6250018011418206,0.5679094650891784,0.0035248776954181203
Defect_L18_B154_el4483_H4_W4.npy,-189.3498252999999,113.89103890000001,0.5157290852553974,0.5993502197778531,0.5678994308377475,0.0017029781701909258
Defect_L18_B155_el4487_H4_W4.npy,-184.95080430000002,83.31862010000009,0.5169421510728245,0.5909196266521668,0.5679033352716222,0.0015815640611520517
Defect_L18_B156_el4491_H4_W4.npy,-169.9642860000002,77.03652850000003,0.5210748053774931,0.5891872888020163,0.5679106331489,0.001386998457092521
Defect_L18_B157_el4495_H4_W4.npy,-143.34587159999995,70.69062159999999,0.5284150496324653,0.5874373533638892,0.5679237309040849,0.0011183386980038444
Defect_L18_B158_el4515_H4_W4.npy,-146.75069999999997,52.67017837459997,0.5274761405101298,0.5824680695865168,0.5679534836635407,0.0007043789959703123
Defect_L18_B159_el4519_H4_W4.npy,-109.97955436999996,71.21692049999996,0.537616082972644,0.5875824845658861,0.5679339321926823,0.00094863348207596
Defect_L18_B15_el455_H4_W4.npy,-606.626041,231.69558918999974,0.4006617751218347,0.6318357826097157,0.5679449944824921,0.005114677886102281
Defect_L18_B160_el4523_H4_W4.npy,-166.13219370000002,75.12527499999999,0.5221315359951364,0.5886602451054103,0.5679151920912946,0.0013288814674343806
Defect_L18_B161_el4527_H4_W4.npy,-207.32436400000006,86.86580920000006,0.5107724600242396,0.5918977928953287,0.5679030088279303,0.0016804814805663603
Defect_L18_B162_el4531_H4_W4.npy,-229.38597959999993,125.72128689999988,0.5046887900982313,0.6026125068777525,0.5678966013868129,0.0019496863096446079
Defect_L18_B163_el4819_H4_W4.npy,-279.62377049999986,142.77981450000016,0.4908353106800049,0.6073165345982836,0.5678986693962794,0.0023411318291846903
Defect_L18_B164_el4823_H4_W4.npy,-261.52876430000003,109.24686732999999,0.49582515580403436,0.59806955169697,0.5679085352184051,0.0021091012705637823
Defect_L18_B165_el4827_H4_W4.npy,-226.84762850000004,115.32200652000006,0.5053887610581423,0.5997448207369453,0.5679281599333293,0.00181963773079303
Defect_L18_B166_el4831_H4_W4.npy,-175.87065328000006,126.29659360000005,0.5194460765643006,0.6027711523791736,0.567958275399953,0.0015518686086458842
Defect_L18_B167_el4851_H4_W4.npy,-180.5214587999999,96.32993480000005,0.518163579117752,0.5945076025000563,0.5679590777609563,0.0013263259960275163
Defect_L18_B168_el4855_H4_W4.npy,-214.58592829999998,122.61973030000001,0.5087700246111375,0.6017572274207378,0.5679399210970328,0.001765779705992337
Defect_L18_B169_el4859_H4_W4.npy,-228.36324330999992,113.99621911000008,0.5049708179479827,0.5993792240761778,0.5679193964325447,0.0019012767641476028
Defect_L18_B16_el459_H4_W4.npy,-610.3173830000001,217.73299640000005,0.39964385754412063,0.6279854840918855,0.5679428924800393,0.005090799277468211
Defect_L18_B170_el4863_H4_W4.npy,-231.03238999999996,104.21419017000005,0.5042347790403854,0.596681750039978,0.567907516477659,0.0019627684748719375
Defect_L18_B171_el4867_H4_W4.npy,-224.40033660000017,130.47786080000003,0.5060636217030805,0.6039241708152868,0.5679015553100546,0.0019775584400721275
Defect_L18_B172_el5155_H4_W4.npy,-453.70401400000014,229.99849299999983,0.44283126776244297,0.6313677945330564,0.567919705741757,0.003956012956902924
Defect_L18_B173_el5159_H4_W4.npy,-475.0872029999998,185.3284392999999,0.4369346794889418,0.619049663929427,0.567924360489129,0.003974948827747405
Defect_L18_B174_el5163_H4_W4.npy,-490.8663200000001,199.5074598000001,0.43258345964664396,0.6229596441484688,0.5679370554178147,0.00406654982693873
Defect_L18_B175_el5167_H4_W4.npy,-530.6800500000002,227.88329619999968,0.42160449979915143,0.6307845118128302,0.567960803539686,0.0043657532590541245
Defect_L18_B176_el5187_H4_W4.npy,-697.40795798,304.3830638999998,0.3756279231968375,0.6518799449189674,0.5680431750487206,0.005791825407534006
Defect_L18_B177_el5191_H4_W4.npy,-570.3053643999999,279.92113529999915,0.41067749708571905,0.6451343691617691,0.5679903194031506,0.004900987402832035
Defect_L18_B178_el5195_H4_W4.npy,-495.22734119999996,239.47116710000023,0.43138087258311436,0.6339799614561827,0.5679525217326418,0.00428960552179134
Defect_L18_B179_el5199_H4_W4.npy,-445.7777706000004,209.08109360000003,0.44501699384312043,0.6255996515299626,0.567929118803389,0.0038695693700542895
Defect_L18_B17_el463_H4_W4.npy,-608.6959800000002,212.6234938,0.40009097260803456,0.6265764971950019,0.5679417576773317,0.005057278152315345
Defect_L18_B180_el5203_H4_W4.npy,-403.287374,223.15987810000024,0.4567340662745514,0.6294819908567979,0.5679169146036479,0.003562898889464383
Defect_L18_B181_el5491_H4_W4.npy,-531.9262550000001,276.245081,0.42126084863517504,0.6441206672916632,0.5679403600567293,0.0046463222337798996
Defect_L18_B182_el5495_H4_W4.npy,-562.4040360000004,204.1129029000001,0.4128563526525159,0.6242296325387758,0.5679389077760602,0.004714687333532891
Defect_L18_B183_el5499_H4_W4.npy,-574.9508003999997,197.4190580000004,0.40939648032798015,0.6223837503674132,0.5679391117149795,0.004774362077729823
Defect_L18_B184_el5503_H4_W4.npy,-589.0460853,204.13772730000028,0.4055095908816492,0.6242364780689694,0.5679415435211771,0.0048905604609888065
Defect_L18_B185_el5507_H4_W4.npy,-607.8547111000003,217.5372585,0.4003229593491423,0.627931507774049,0.5679455657203338,0.005085256514840479
Defect_L18_B186_el5511_H4_W4.npy,-2059.5208000000002,216.82273039999973,1.4229119656163874e-05,0.627734470839308,0.5679121239204634,0.0070630873948286516
Defect_L18_B187_el5515_H4_W4.npy,-609.0117327299997,200.89139680000017,0.4000039012247605,0.6233412760316022,0.5679452735985491,0.005090395342691351
Defect_L18_B188_el5519_H4_W4.npy,-600.2885079000002,194.69227879999994,0.4024094014165087,0.6216318188264655,0.5679477357118693,0.004976358212209496
Defect_L18_B189_el5523_H4_W4.npy,-589.9384587999998,193.82504729999982,0.40526351163146423,0.6213926726872571,0.5679478458102909,0.004895961093490698
Defect_L18_B18_el467_H4_W4.npy,-604.860083,210.15033639999956,0.4011487524026461,0.6258945039280779,0.5679410891668619,0.005017225468793582
Defect_L18_B190_el5527_H4_W4.npy,-589.1005017,200.92549110000027,0.4054945851167875,0.6233506778121118,0.5679442606122593,0.004888294455023635
Defect_L18_B191_el5531_H4_W4.npy,-579.9775633000002,208.68074130000036,0.4080103095762829,0.6254892511272235,0.5679428311823255,0.0048329174374217914
Defect_L18_B192_el5535_H4_W4.npy,-563.6696089999998,215.96907109999984,0.41250736060502213,0.6274990673446308,0.5679419580453307,0.004748913452186479
Defect_L18_B193_el5539_H4_W4.npy,-527.571884,277.9891769999999,0.4224616018519695,0.6446016159481737,0.567942528232336,0.004637169873087114
Defect_L18_B194_el5827_H4_W4.npy,-539.0056870000001,283.02159900000015,0.4193086376850567,0.6459893472427206,0.5679454550479088,0.00471255567135264
Defect_L18_B195_el5831_H4_W4.npy,-569.2646219999999,212.27950700000042,0.41096449026674436,0.6264816400373012,0.567943713617191,0.004779142901829917
Defect_L18_B196_el5835_H4_W4.npy,-578.5956040000001,203.10181009999974,0.4083913960925568,0.6239508154760868,0.5679425965837351,0.004811956923380631
Defect_L18_B197_el5839_H4_W4.npy,-585.3318509999999,204.23553389999984,0.40653382119726844,0.6242634490343679,0.5679427793577059,0.0048596812743486395
Defect_L18_B198_el5843_H4_W4.npy,-590.5902532,205.9240401999998,0.4050837740247034,0.6247290683789994,0.5679440359181254,0.0049031229952192995
Defect_L18_B199_el5847_H4_W4.npy,-587.6387929999999,200.6300920000001,0.4058976631787031,0.6232692191078436,0.5679421341813534,0.004877625946338658
Defect_L18_B19_el471_H4_W4.npy,-599.9045680000002,208.63916919999974,0.402515275966468,0.6254777872825477,0.5679407423897094,0.004972997012633574
Defect_L18_B1_el115_H4_W4.npy,-611.8298055999994,316.9453487999999,0.3992267947118305,0.6553440971476047,0.5679469731553818,0.005378214412037258
Defect_L18_B200_el5851_H4_W4.npy,-581.5891279,190.32907999999998,0.40756590753118344,0.6204286312720255,0.5679383108502287,0.004817948714285038
Defect_L18_B201_el5855_H4_W4.npy,-578.4186819000001,187.73111770000014,0.40844018380051667,0.6197122220389043,0.567938941260612,0.0047767553002856615
Defect_L18_B202_el5859_H4_W4.npy,-579.0435191999998,189.88396731999978,0.40826787983331964,0.6203058878304709,0.5679408737570656,0.004780895810370484
Defect_L18_B203_el5863_H4_W4.npy,-582.7392191000001,192.64118429999962,0.4072487605292382,0.6210662128368001,0.56794138556332,0.004818766294767229
Defect_L18_B204_el5867_H4_W4.npy,-584.86653,202.0382735999999,0.4066621372474148,0.6236575366366051,0.5679430055566193,0.004857434999720717
Defect_L18_B205_el5871_H4_W4.npy,-581.6735880000003,219.8746345999998,0.40754261697170513,0.628576058243206,0.5679456688080438,0.00488741774661552
Defect_L18_B206_el5875_H4_W4.npy,-554.8571870000001,295.46754399999963,0.4149374576418272,0.6494214177977551,0.5679493095876065,0.004865878559527413
Defect_L18_B207_el6163_H4_W4.npy,-525.6609490000001,275.5503729999996,0.4229885577196103,0.6439290959106915,0.5679457787018851,0.0045887410750696245
Defect_L18_B208_el6167_H4_W4.npy,-557.161229,209.60162600000035,0.41430209932184725,0.6257431925726864,0.5679446008275857,0.004672768198876317
Defect_L18_B209_el6171_H4_W4.npy,-567.886966,201.56872357999964,0.411344390113045,0.6235280543997994,0.56794358452566,0.004717901527360156
Defect_L18_B20_el475_H4_W4.npy,-594.4856659999998,207.84366589999968,0.4040095822642076,0.6252584207778458,0.5679407772939115,0.004929273654217126
Defect_L18_B210_el6175_H4_W4.npy,-575.188036,203.02484619999973,0.40933106068187314,0.6239295920547242,0.5679433266190866,0.0047665421988329956
Defect_L18_B211_el6179_H4_W4.npy,-580.2193340000001,203.5478910999998,0.40794363933946765,0.6240738259397567,0.5679433969924423,0.004803327076750045
Defect_L18_B212_el6183_H4_W4.npy,-580.4092090000001,200.63679190000016,0.4078912797639884,0.6232710666597581,0.5679418916161242,0.004801928079184681
Defect_L18_B213_el6187_H4_W4.npy,-580.3071719999998,195.68665539999984,0.4079194172965924,0.6219060262610535,0.5679395256618079,0.0047921878275596075
Defect_L18_B214_el6191_H4_W4.npy,-583.0170840000001,193.00750010000024,0.4071721370232234,0.62116722739785,0.5679395029049731,0.004805117172970602
Defect_L18_B215_el6195_H4_W4.npy,-587.4082469999998,194.8120666000002,0.4059612381132044,0.6216648512865344,0.5679409351441205,0.004841479081307629
Defect_L18_B216_el6199_H4_W4.npy,-591.9443570000001,199.47334550000005,0.4047103688890997,0.6229502368527966,0.5679421515084282,0.00488772169438649
Defect_L18_B217_el6203_H4_W4.npy,-594.9118920000001,207.3490638000003,0.40389204697826575,0.625122030226235,0.5679440753859876,0.0049335654336712335
Defect_L18_B218_el6207_H4_W4.npy,-592.4850989999998,223.92351999999983,0.40456125488481404,0.6296925713213251,0.5679467832166302,0.004969307199852629
Defect_L18_B219_el6211_H4_W4.npy,-564.8003049999998,300.71598300000005,0.4121955619872157,0.6508687175368908,0.5679499192358529,0.004939720021200196
Defect_L18_B21_el479_H4_W4.npy,-589.382713,207.19924240000023,0.40541676305562396,0.6250807157567065,0.567941207681167,0.004889479420560057
Defect_L18_B22_el483_H4_W4.npy,-584.4295979999999,206.35562679999975,0.4067826247999271,0.6248480818939883,0.5679418267743661,0.004851578240663624
Defect_L18_B23_el487_H4_W4.npy,-578.836243,205.7269526,0.4083250379312205,0.6246747198704112,0.5679425780568296,0.004812524972753963
Defect_L18_B24_el491_H4_W4.npy,-572.2025530000001,205.9449424999998,0.41015433189967593,0.6247348323582202,0.5679435803751441,0.004774330242360292
Defect_L18_B25_el495_H4_W4.npy,-562.211963,216.04906822000044,0.4129093183443713,0.6275211272010773,0.5679453434232928,0.004740091221273448
Defect_L18_B26_el499_H4_W4.npy,-531.2580620000001,284.0965879999999,0.4214451082892535,0.646285784202219,0.567947343752053,0.00467272004647266
Defect_L18_B27_el787_H4_W4.npy,-568.5159249999999,307.4839420000003,0.41117094955355166,0.6527350372740889,0.5679487172097586,0.005011402529993292
Defect_L18_B28_el791_H4_W4.npy,-595.0781489999999,225.45412880000026,0.40384620025836876,0.6301146491461714,0.5679448317385124,0.005025254961091271
Defect_L18_B29_el795_H4_W4.npy,-597.9046799999999,209.83909530000005,0.40306676134730235,0.6258086766634687,0.5679419755425198,0.004993744611214067
Defect_L18_B2_el119_H4_W4.npy,-637.4872529999996,244.19853180000018,0.39215154492253035,0.6352835707192623,0.5679458244809455,0.005370401164040613
Defect_L18_B30_el799_H4_W4.npy,-596.6277270999999,203.32558280000012,0.40341889149477256,0.6240125226180266,0.5679403764675084,0.004962912422865691
Defect_L18_B31_el803_H4_W4.npy,-594.1883261,200.04236740000033,0.40409157615986,0.6231071492695043,0.5679393422827512,0.004933920520172763
Defect_L18_B32_el807_H4_W4.npy,-591.4990164000001,198.55561220000004,0.40483317518144807,0.6226971644315136,0.5679387210973078,0.0049081358515764
Defect_L18_B33_el811_H4_W4.npy,-589.2684084,198.85758740000006,0.4054482834786987,0.6227804365488394,0.567938744522003,0.004891134017872711
Defect_L18_B34_el815_H4_W4.npy,-588.4430958,200.18562139999995,0.4056758701403109,0.6231466527250707,0.5679394453962101,0.004887074841654272
Defect_L18_B35_el819_H4_W4.npy,-588.1956768000002,201.83040659999983,0.40574409794178806,0.6236002156207991,0.5679404394721549,0.004888935146623739
Defect_L18_B36_el823_H4_W4.npy,-587.1232034,203.8972706999998,0.4060398412041276,0.6241701702059165,0.5679414618810943,0.004888535895278456
Defect_L18_B37_el827_H4_W4.npy,-584.7303459999998,208.37969320000002,0.406699691092982,0.6254062346652625,0.5679427826841708,0.0048873912348279605
Defect_L18_B38_el831_H4_W4.npy,-578.7224539999997,221.55431599999997,0.408356416173402,0.6290392440498908,0.5679451071123339,0.004889786840496177
Defect_L18_B39_el835_H4_W4.npy,-550.858798,296.93751999999995,0.4160400459269655,0.6498267756348827,0.5679481521854157,0.004857862524800779
Defect_L18_B3_el123_H4_W4.npy,-634.4538670000002,233.9801367099999,0.39298802578217196,0.6324657651682897,0.5679447033473323,0.005293812636155962
Defect_L18_B40_el1123_H4_W4.npy,-565.4347959999998,305.64969999999994,0.41202059593373125,0.6522292301249324,0.56794984961073,0.00498857395770778
Defect_L18_B41_el1127_H4_W4.npy,-590.5658129999999,223.15054900000018,0.40509051360862247,0.6294794182816004,0.5679448842647336,0.004990474898251665
Defect_L18_B42_el1131_H4_W4.npy,-592.4313076999999,206.39700279999965,0.4045760882732668,0.624859491662494,0.5679414972614537,0.00495024112050586
Defect_L18_B43_el1135_H4_W4.npy,-590.5177302,198.9021498999998,0.40510377283177373,0.6227927250206355,0.5679394841850601,0.004913650688878895
Defect_L18_B44_el1139_H4_W4.npy,-587.8172836000001,194.9421802999998,0.40584844294411176,0.6217007311975074,0.5679381016172326,0.0048824120576073365
Defect_L18_B45_el1143_H4_W4.npy,-585.4349918000003,193.55702150000002,0.40650537928283736,0.6213187623930874,0.5679371517319292,0.004859681632327754
Defect_L18_B46_el1147_H4_W4.npy,-584.5031747999999,194.9996170999998,0.40676233539893636,0.6217165698622336,0.5679371228193236,0.004854533080501485
Defect_L18_B47_el1151_H4_W4.npy,-586.1075691000001,198.03831230000037,0.40631991062237693,0.6225545147769544,0.5679381499279196,0.004871294959494634
Defect_L18_B48_el1155_H4_W4.npy,-588.5974719999997,201.16735350000022,0.40563329964763906,0.6234173733359478,0.5679395392024337,0.004896182832360356
Defect_L18_B49_el1159_H4_W4.npy,-589.7764397999999,204.19146759999967,0.4053081896883941,0.6242512973937573,0.5679408193178935,0.004914606526755753
Defect_L18_B4_el127_H4_W4.npy,-624.6318810000002,229.50048819999984,0.39569651830263247,0.6312304656592467,0.5679439742116233,0.00520444113876106
Defect_L18_B50_el1163_H4_W4.npy,-589.3394925,209.40941350000026,0.40542868146000577,0.6256901884125716,0.5679423930567425,0.004929760671347811
Defect_L18_B51_el1167_H4_W4.npy,-585.150022,223.4327208000002,0.4065839620228105,0.6295572294503178,0.5679451342935442,0.004948233199202779
Defect_L18_B52_el1171_H4_W4.npy,-558.8107149999996,301.62250799999947,0.4138472401422879,0.6511186991782929,0.5679491270125971,0.004931934948620736
Defect_L18_B53_el1459_H4_W4.npy,-564.6475389999998,304.99073400000043,0.4122376884541421,0.652047514891146,0.5679507286529958,0.004991753071721582
Defect_L18_B54_el1463_H4_W4.npy,-588.931288,222.51327200000014,0.40554124717075596,0.6293036839659578,0.5679451649341312,0.004986035446338784
Defect_L18_B55_el1467_H4_W4.npy,-590.168666,205.11464739999997,0.4052000301238184,0.624505871731711,0.5679414299296995,0.004939991551866195
Defect_L18_B56_el1471_H4_W4.npy,-587.5306672000002,197.3674125,0.4059274797474264,0.6223695087007618,0.5679391340301078,0.004897238405564032
Defect_L18_B57_el1475_H4_W4.npy,-584.1023786000001,193.76308500000005,0.40687285821071073,0.6213755860791006,0.5679374692028675,0.004860134886687671
Defect_L18_B58_el1479_H4_W4.npy,-581.5275563,191.3816026999998,0.4075828864006374,0.6207188729665835,0.5679361283343675,0.004837014735017977
Defect_L18_B59_el1483_H4_W4.npy,-581.6898560000002,193.14055719999988,0.4075381309383996,0.6212039189753114,0.5679359697482161,0.004843367365273869
Defect_L18_B5_el131_H4_W4.npy,-613.0048260000001,225.52443510000012,0.39890277328023915,0.6301340366801886,0.5679434348448082,0.0051086323038547835
Defect_L18_B60_el1487_H4_W4.npy,-585.5398565,198.38277889999995,0.40647646198896115,0.6226495042434074,0.5679375502551718,0.004879662634814542
Defect_L18_B61_el1491_H4_W4.npy,-590.0061066000003,202.76371530000029,0.4052448572004432,0.623857583085305,0.5679393999215264,0.004920779424124153
Defect_L18_B62_el1495_H4_W4.npy,-591.9648460000001,205.77584809999985,0.4047047188807153,0.6246882032021971,0.5679407628772268,0.004944852429842623
Defect_L18_B63_el1499_H4_W4.npy,-591.9984333999998,210.7456768999998,0.4046954568820033,0.6260586739127815,0.5679423939618363,0.004962719422192137
Defect_L18_B64_el1503_H4_W4.npy,-588.3016399999999,224.6556635000004,0.40571487772760295,0.62989446584588,0.5679452726712981,0.004984845875543682
Defect_L18_B65_el1507_H4_W4.npy,-562.4661950000002,303.62284299999965,0.41283921180273475,0.6516703078230126,0.5679497162736717,0.0049739217484726225
Defect_L18_B66_el1795_H4_W4.npy,-553.7301300000001,304.8156869999998,0.41524825277578814,0.6519992442572609,0.5679504506168834,0.004913713257577095
Defect_L18_B67_el1799_H4_W4.npy,-578.170134,222.0371459999999,0.4085087229053501,0.6291723883491857,0.5679449404774287,0.004911604999144461
Defect_L18_B68_el1803_H4_W4.npy,-579.8493294000002,204.87103319999983,0.40804567111711787,0.6244386931347778,0.5679414047072067,0.0048702102729801305
Defect_L18_B69_el1807_H4_W4.npy,-577.2543932000001,197.9715688000001,0.40876124587855334,0.6225361097140131,0.5679392249990728,0.0048279656485226054
Defect_L18_B6_el135_H4_W4.npy,-600.8603280000002,221.58469539999942,0.4022517173733937,0.6290476214165125,0.5679430379856462,0.00500979174490706
Defect_L18_B70_el1811_H4_W4.npy,-573.0360180999999,194.64404110000032,0.40992449711988554,0.6216185168883794,0.5679376778207651,0.004785288991854098
Defect_L18_B71_el1815_H4_W4.npy,-570.4327187000001,192.2230232999998,0.4106423781017377,0.6209509015402,0.5679359202653976,0.004764130855018873
Defect_L18_B72_el1819_H4_W4.npy,-572.5880379,193.2280163000005,0.41004803130340134,0.6212280365334302,0.5679353926805303,0.004791784464774593
Defect_L18_B73_el1823_H4_W4.npy,-579.1058987000001,201.9511467000002,0.40825067817887,0.623633510685338,0.5679377772832814,0.004850774094539672
Defect_L18_B74_el1827_H4_W4.npy,-584.3802765999999,207.12844710000036,0.40679622557710177,0.6250611933769625,0.5679399312339073,0.004897409235226382
Defect_L18_B75_el1831_H4_W4.npy,-585.2319603000001,208.57883890000016,0.40656136687019173,0.6254611507116641,0.5679407784730588,0.004908769947368407
Defect_L18_B76_el1835_H4_W4.npy,-584.4386258000002,212.26833220000026,0.4067801353106551,0.626478558495318,0.5679420633900472,0.004916747046905424
Defect_L18_B77_el1839_H4_W4.npy,-580.4015339999999,225.28555070000016,0.4078933962076583,0.6300681623640723,0.5679447239574377,0.004934158863974183
Defect_L18_B78_el1843_H4_W4.npy,-554.4928179999999,305.3166799999999,0.4150379353569439,0.6521373971515232,0.5679492213874343,0.0049204713170802866
Defect_L18_B79_el2131_H4_W4.npy,-541.2233330000001,295.5851050000001,0.4186971037647244,0.6494538361996138,0.5679472382601717,0.004801757440203733
Defect_L18_B7_el139_H4_W4.npy,-588.4659430000002,217.96332419999976,0.4056695698390975,0.6280489988559621,0.5679427499783278,0.004910067441954031
Defect_L18_B80_el2135_H4_W4.npy,-570.374196,220.04018720000022,0.41065851621222044,0.6286217107190744,0.5679432871788436,0.004847286029246933
Defect_L18_B81_el2139_H4_W4.npy,-578.3197257000002,206.9948715999999,0.40846747177746484,0.6250243588464849,0.5679414242936183,0.004860766557131839
Defect_L18_B82_el2143_H4_W4.npy,-580.8813597000001,201.28927019999992,0.407761080368522,0.6234509928575057,0.5679406817287559,0.0048615448913049844
Defect_L18_B83_el2147_H4_W4.npy,-578.0541567000002,196.31254098000045,0.40854070458905367,0.6220786192999863,0.5679407055868423,0.004832480664233572
Defect_L18_B84_el2151_H4_W4.npy,-577.1871413000001,193.74253304000013,0.40877979113692947,0.6213699187089842,0.5679389975504736,0.004830893573342828
Defect_L18_B85_el2155_H4_W4.npy,-583.8473602000001,195.54472259999966,0.40694318160854287,0.6218668871371321,0.567937514554668,0.0049090485795680325
Defect_L18_B86_el2159_H4_W4.npy,-592.8914769999999,208.25916960000018,0.4044491928462935,0.6253729993023593,0.5679410318082536,0.0049826559184845045
Defect_L18_B87_el2163_H4_W4.npy,-592.7872738000001,212.24736779999967,0.4044779277261648,0.6264727773915171,0.5679423191026186,0.00498011964135788
Defect_L18_B88_el2167_H4_W4.npy,-587.0845016000003,207.66941459999975,0.40605051354023436,0.6252103695647071,0.567940709977792,0.004923600973223122
Defect_L18_B89_el2171_H4_W4.npy,-582.2914019,209.36632080000027,0.40737224976417846,0.6256783052500791,0.5679408159193803,0.00489460170406884
Defect_L18_B8_el143_H4_W4.npy,-576.028546,214.30591419999973,0.40909928321361244,0.6270404383032127,0.5679425849326648,0.004809202439252431
Defect_L18_B90_el2175_H4_W4.npy,-576.1191100000001,221.8235833000001,0.4090743094540669,0.6291134966977825,0.5679427179455873,0.004893197747723987
Defect_L18_B91_el2179_H4_W4.npy,-549.5834910000001,300.9076789999999,0.41639172220412474,0.6509215792679298,0.5679468271293311,0.004871890129569228
Defect_L18_B92_el2467_H4_W4.npy,-482.2515340000002,261.6620029999997,0.4349590569491007,0.640099264930848,0.5679305125851833,0.004278935911750374
Defect_L18_B93_el2471_H4_W4.npy,-521.1005482999999,215.78086410000014,0.4242461253017931,0.6274471677337173,0.5679325891843452,0.0044498820478584816
Defect_L18_B94_el2475_H4_W4.npy,-552.7807024000001,227.49509749999993,0.4155100651580618,0.6306774628641347,0.5679400692384422,0.0046735046580949294
Defect_L18_B95_el2479_H4_W4.npy,-593.9028166,240.75937410000006,0.40417030772649737,0.634335195013256,0.5679524966967566,0.004995224209002526
Defect_L18_B96_el2499_H4_W4.npy,-615.6529066000003,227.25024770000027,0.398172543518287,0.6306099435404526,0.5679532474853144,0.0051762217935073995
Defect_L18_B97_el2503_H4_W4.npy,-575.8197955,216.42019163000032,0.4091568478617286,0.6276234674996842,0.5679411328029779,0.004788179959399811
Defect_L18_B98_el2507_H4_W4.npy,-554.2703036999999,204.71034339999983,0.41509929548484936,0.6243943816155582,0.5679349822855557,0.004627303312222533
Defect_L18_B99_el2511_H4_W4.npy,-542.356792,202.25523420000013,0.4183845432271968,0.6237173652865678,0.5679332287529842,0.004582570805529856
Defect_L18_B9_el147_H4_W4.npy,-563.1911620000001,210.28711239999984,0.41263929625642054,0.6259322210224597,0.5679424432182456,0.004703192190607909
Defect_L19_B100_el2515_H4_W4.npy,-516.33058,309.1488939999997,0.4255614828540624,0.6531941613289313,0.5679342732900299,0.0045028739488246015
Defect_L19_B101_el2803_H4_W4.npy,-389.76700860000017,244.83824720000007,0.46046241699301016,0.6354599774435362,0.5679111810604881,0.003410272950389147
Defect_L19_B102_el2807_H4_W4.npy,-379.3078413999998,186.0761326999998,0.46334661741148436,0.6192558464653721,0.5679085961145074,0.003261025806284872
Defect_L19_B103_el2811_H4_W4.npy,-365.7441058999999,177.63828220000028,0.4670869277877417,0.6169290405660344,0.567908945410678,0.0030375376587547043
Defect_L19_B104_el2815_H4_W4.npy,-351.22380350000003,180.63046700000018,0.47109101926631064,0.617754159859692,0.5679210592216694,0.002803521411581961
Defect_L19_B105_el2835_H4_W4.npy,-1998.5258,162.24879999999985,0.016834096434218494,0.6126852656886866,0.5679538997511618,0.005019100205763739
Defect_L19_B106_el2839_H4_W4.npy,-2042.6535999999999,139.75613909999993,0.00466549669844443,0.6064827315155669,0.5678877858467418,0.005343413586620934
Defect_L19_B107_el2843_H4_W4.npy,-371.41517049999993,157.78608129999975,0.4655230856022459,0.6114546347124391,0.5679123850786234,0.0029611039704419617
Defect_L19_B108_el2847_H4_W4.npy,-402.30391680000025,180.2774707000001,0.4570052625957834,0.617656818259093,0.5679106667174344,0.0033404094116102415
Defect_L19_B109_el2851_H4_W4.npy,-414.19963199999984,249.83819589999985,0.45372492238304774,0.6368387539615067,0.5679128402673052,0.0035902332118650953
Defect_L19_B10_el151_H4_W4.npy,-550.718001,251.2556336,0.4160788718447995,0.637229623935122,0.5679422425984434,0.004583022013282298
Defect_L19_B110_el3139_H4_W4.npy,-449.2897061000001,264.34258969999996,0.44404854906687163,0.6408384585142431,0.5679204507688863,0.0038845954338095246
Defect_L19_B111_el3143_H4_W4.npy,-446.62682404,189.9549618000001,0.4447828604517971,0.62032546513572,0.5679201256477621,0.003691743351829487
Defect_L19_B112_el3147_H4_W4.npy,-428.6255449999999,203.2816860999999,0.4497468595491856,0.6240004177459955,0.5679285913807156,0.003471509540164886
Defect_L19_B113_el3151_H4_W4.npy,-426.93667960000016,237.6602558000002,0.4502125779185626,0.6334805879372969,0.5679612229386919,0.003319855005919352
Defect_L19_B114_el3171_H4_W4.npy,-608.6160950000001,345.45982899999944,0.4001130015464791,0.6632071969673883,0.56807153980835,0.005058130864800266
Defect_L19_B115_el3175_H4_W4.npy,-507.8439374999998,283.76387829999976,0.42790174354421945,0.6461940367965584,0.5679736325052462,0.0043045702202055116
Defect_L19_B116_el3179_H4_W4.npy,-461.01960699999995,237.85254450000002,0.4408139334959074,0.6335336131101813,0.5679330027639677,0.003922434831190932
Defect_L19_B117_el3183_H4_W4.npy,-440.09363069999984,215.01354059999994,0.4465844416489311,0.627235572038048,0.5679188069158704,0.0037487450029495195
Defect_L19_B118_el3187_H4_W4.npy,-420.9496674999998,259.63704470000016,0.45186354519674415,0.6395408662108953,0.5679149439828443,0.0036526347146244313
Defect_L19_B119_el3475_H4_W4.npy,-525.8407332999998,315.7504630000001,0.4229389807367226,0.6550145976704008,0.5679382634118477,0.004555730609894058
Defect_L19_B11_el155_H4_W4.npy,-534.940388,245.64526260000048,0.42042967694686545,0.6356825185034397,0.5679422014086933,0.004444799948397622
Defect_L19_B120_el3479_H4_W4.npy,-539.9452704,247.03616740000007,0.4190495399209947,0.636066071814091,0.5679365218876302,0.004566852293452055
Defect_L19_B121_el3483_H4_W4.npy,-547.7034083299998,236.62055520000035,0.4169101702908501,0.6331938820410944,0.5679374601828278,0.00459669589739367
Defect_L19_B122_el3487_H4_W4.npy,-559.6850102000001,240.0680851000002,0.41360614613035634,0.6341445664493407,0.5679405949600663,0.004689541705522827
Defect_L19_B123_el3491_H4_W4.npy,-591.6932407000002,248.65930897000044,0.4047796162511216,0.6365136663028222,0.567948886322404,0.00492264908639638
Defect_L19_B124_el3495_H4_W4.npy,-613.5483643,1516.640300000001,0.3987528881734864,0.9861697369071625,0.5679777208898572,0.006302604010564646
Defect_L19_B125_el3499_H4_W4.npy,-616.8740531999997,258.8719275000003,0.3978358024119075,0.6393298789203947,0.5679477092727734,0.005311697837034107
Defect_L19_B126_el3503_H4_W4.npy,-624.6424716000001,260.4934694999997,0.39569359785855046,0.6397770323146891,0.5679549064928214,0.005314847497052512
Defect_L19_B127_el3507_H4_W4.npy,-624.6974968,276.5286997819999,0.3956784242121376,0.6441988774774351,0.567959756537154,0.0052585373267687715
Defect_L19_B128_el3511_H4_W4.npy,-604.2228986,284.0336153999997,0.4013244611830856,0.6462684189956208,0.5679553213290638,0.00513981902890454
Defect_L19_B129_el3515_H4_W4.npy,-578.1487612000001,273.4062537,0.40851461662877236,0.6433378375758675,0.5679467450396296,0.00489253255426238
Defect_L19_B12_el159_H4_W4.npy,-517.6248613,240.92581430000018,0.42520457425936253,0.634381092252043,0.5679432909678165,0.004295711594628369
Defect_L19_B130_el3519_H4_W4.npy,-549.2712088000001,261.5073307,0.41647783656052606,0.6400566127861931,0.5679393177967308,0.004658237547421737
Defect_L19_B131_el3523_H4_W4.npy,-517.0700583999999,312.53978959999995,0.4253575656711789,0.6541292283683531,0.5679354274617066,0.004460285834900178
Defect_L19_B132_el3811_H4_W4.npy,-508.36934399999996,308.0577250000001,0.4277568584287803,0.6528932626028429,0.5679339261557286,0.004367317220656669
Defect_L19_B133_el3815_H4_W4.npy,-542.5566846000002,261.3673219,0.41832942121704575,0.6400180042209194,0.5679380714850178,0.0045835333855555795
Defect_L19_B134_el3819_H4_W4.npy,-572.7617060999999,270.5131488000002,0.41000014088483006,0.6425400403704391,0.5679451185437427,0.0048315168475950784
Defect_L19_B135_el3823_H4_W4.npy,-596.4681153000001,274.96770110000034,0.40346290574672494,0.6437684193954704,0.5679517978989166,0.005060613317665088
Defect_L19_B136_el3827_H4_W4.npy,-612.9540517000003,262.1453364170002,0.398916774706405,0.640232548051475,0.5679559061462299,0.005155730234158877
Defect_L19_B137_el3831_H4_W4.npy,-626.3866548999997,1506.4095000000007,0.3952126251283551,0.9833485106013697,0.5679882791150306,0.006371623777798926
Defect_L19_B138_el3835_H4_W4.npy,-626.3497681999997,261.3318258000004,0.3952227969358749,0.6400082158826592,0.5679499575157729,0.0054268223563094745
Defect_L19_B139_el3839_H4_W4.npy,-642.8444829,271.3805669999997,0.39067424520793714,0.6427792379936906,0.5679573868453824,0.00541648528480732
Defect_L19_B13_el163_H4_W4.npy,-494.84898529999987,273.4459896000001,0.43148520729965967,0.6433487950734594,0.5679482520935794,0.004145639835224031
Defect_L19_B140_el3843_H4_W4.npy,-619.3604123500002,272.4295588300006,0.39715016865505276,0.6430685060221303,0.5679534357866085,0.005157629463097644
Defect_L19_B141_el3847_H4_W4.npy,-575.5030347,249.3785768000007,0.40924419722850386,0.6367120102566584,0.5679424469329196,0.00480793823509202
Defect_L19_B142_el3851_H4_W4.npy,-549.2485879000001,239.17773410000018,0.416484074457674,0.6338990449199795,0.567936703010353,0.004608718282585143
Defect_L19_B143_el3855_H4_W4.npy,-534.9736561999998,244.4439453,0.4204205029701495,0.6353512454878041,0.5679340344742567,0.004513157112108845
Defect_L19_B144_el3859_H4_W4.npy,-514.8205435,306.33748790000027,0.4259778876998718,0.6524188932320488,0.5679342501830069,0.00445784264645868
Defect_L19_B145_el4147_H4_W4.npy,-356.7143930000001,220.20319999999992,0.4695769445574209,0.6286666628244366,0.5679102452678073,0.0030610710026860283
Defect_L19_B146_el4151_H4_W4.npy,-398.6290941999998,215.98567300000013,0.45801862481459743,0.627503645453577,0.5679231835438466,0.003390533111716834
Defect_L19_B147_el4155_H4_W4.npy,-448.50757154099995,255.4837473,0.4442642290325166,0.6383955606746068,0.5679523923759358,0.003857041958340522
Defect_L19_B148_el4159_H4_W4.npy,-519.3200459000001,312.5345363000001,0.4247371133191922,0.6541277797281537,0.5680083323798769,0.004535867698497335
Defect_L19_B149_el4179_H4_W4.npy,-477.2896833,320.5955479999998,0.43632732763372517,0.6563506692636095,0.5680833695972015,0.0036060313519596355
Defect_L19_B14_el451_H4_W4.npy,-586.8924697,352.4199453000001,0.4061034678984304,0.6651265056428524,0.567946522524447,0.005049504424975989
Defect_L19_B150_el4183_H4_W4.npy,-406.3225289000002,251.5066516999998,0.45589709762634834,0.637298844217695,0.5679849724437925,0.003157558936377096
Defect_L19_B151_el4187_H4_W4.npy,-396.71230920000016,207.7374539,0.4585471938673155,0.6252291319550372,0.56793803607848,0.003120004426940105
Defect_L19_B152_el4191_H4_W4.npy,-399.9406639000001,186.49478981999982,0.4576569488029931,0.6193712945710971,0.567917616546073,0.003236397011399356
Defect_L19_B153_el4195_H4_W4.npy,-399.5328027999999,225.37573900000007,0.4577694198184005,0.6300930325212871,0.5679110107349434,0.003400014138466528
Defect_L19_B154_el4483_H4_W4.npy,-195.4724576000001,126.65843050000001,0.514040719604084,0.6028709318471219,0.56790400648019,0.0017052436711867056
Defect_L19_B155_el4487_H4_W4.npy,-193.22888139999998,95.36165360000007,0.5146594039879534,0.5942405910842486,0.5679074943439014,0.0015960868918160219
Defect_L19_B156_el4491_H4_W4.npy,-181.12836700000014,89.59732310000004,0.5179962192456949,0.5926510300683082,0.5679135150113291,0.0014364270869489828
Defect_L19_B157_el4495_H4_W4.npy,-158.52984219999996,83.34365609999998,0.5242279462502174,0.5909265305327814,0.567924216562739,0.00120435906272965
Defect_L19_B158_el4515_H4_W4.npy,-149.879,58.397937999999996,0.5266134863430646,0.5840475458863601,0.5679584408527203,0.000713034722076291
Defect_L19_B159_el4519_H4_W4.npy,-96.30762966999998,67.96027779999997,0.5413862274006902,0.586684438855501,0.5679399700741351,0.0008165549261879148
Defect_L19_B15_el455_H4_W4.npy,-599.4853694249998,280.29651006999984,0.40263087338281295,0.645237881807472,0.5679447807723511,0.005068159975926526
Defect_L19_B160_el4523_H4_W4.npy,-155.8192436,76.37949479999997,0.5249754158591204,0.5890061064156701,0.5679213586686845,0.001163621450383256
Defect_L19_B161_el4527_H4_W4.npy,-203.46757160000004,91.84866459999989,0.5118360018953407,0.5932718557968067,0.5679088563592297,0.0015480959168397135
Defect_L19_B162_el4531_H4_W4.npy,-229.1759732999999,134.34860879999985,0.5047467010434108,0.604991561056587,0.5679019331599559,0.0018756679343560447
Defect_L19_B163_el4819_H4_W4.npy,-275.0016806,150.42097560000002,0.49210988956079804,0.6094236469161981,0.5679033736165779,0.0022048599481271627
Defect_L19_B164_el4823_H4_W4.npy,-253.00899750000008,110.32039559999998,0.49817455078931205,0.598365585848291,0.5679135500686171,0.0018991581922311446
Defect_L19_B165_el4827_H4_W4.npy,-209.99332690000006,110.88822041999993,0.5100364717982294,0.598522168160453,0.567933407298629,0.001555238887233916
Defect_L19_B166_el4831_H4_W4.npy,-153.00826228000005,119.94021359999988,0.5257505668194632,0.601018328898545,0.5679639492415859,0.0013288576214369923
Defect_L19_B167_el4851_H4_W4.npy,-207.2876437,109.42905260000003,0.5107825859456061,0.5981197907668621,0.5679553411662512,0.001489853910800948
Defect_L19_B168_el4855_H4_W4.npy,-240.97354129999997,139.97692030000007,0.5014934257192937,0.6065436137270522,0.5679389424644607,0.0019341774926949253
Defect_L19_B169_el4859_H4_W4.npy,-248.28062109999996,132.96801601000004,0.4994784390368948,0.6046108513665593,0.5679213924354383,0.002027063966288273
Defect_L19_B16_el459_H4_W4.npy,-601.0578039,265.1895206000004,0.4021972617879225,0.6410720065978994,0.5679428994039027,0.005044706819866564
Defect_L19_B170_el4863_H4_W4.npy,-245.96794740000007,122.34767560000012,0.5001161776183503,0.6016822061246266,0.5679110821469783,0.002042734732097075
Defect_L19_B171_el4867_H4_W4.npy,-236.91944220000005,153.44836650000002,0.50261137651759,0.6102584745782574,0.5679056477160254,0.0020337763989128786
Defect_L19_B172_el5155_H4_W4.npy,-445.1335260000001,250.2611305999999,0.44519464953112975,0.6369553816447058,0.5679187997613476,0.0038197593014959665
Defect_L19_B173_el5159_H4_W4.npy,-458.4212132,205.46900800000003,0.44153046171866306,0.6246035895491306,0.5679230020217829,0.0037820239106392583
Defect_L19_B174_el5163_H4_W4.npy,-465.62168269999984,217.6861782999997,0.43954487369353723,0.6279725736200447,0.5679338749981084,0.0038172696828915297
Defect_L19_B175_el5167_H4_W4.npy,-495.05664060000004,254.96263819999967,0.4314279446618505,0.6382518606021679,0.5679548408981535,0.004072119902005299
Defect_L19_B176_el5187_H4_W4.npy,-742.6013600000001,360.3900609000002,0.36316547503764296,0.667324329839487,0.5680534150636125,0.0060557383534783635
Defect_L19_B177_el5191_H4_W4.npy,-615.0669234999998,332.32458829999905,0.39833413312383803,0.6595850475171244,0.5679990790847352,0.005163899333039613
Defect_L19_B178_el5195_H4_W4.npy,-532.4470338000001,285.08099370000014,0.4211172396456474,0.6465572420800403,0.5679593119792496,0.004491272404457859
Defect_L19_B179_el5199_H4_W4.npy,-473.9032192000002,248.71592739999983,0.43726117265098113,0.636529279295365,0.5679346129184445,0.004007539193714774
Defect_L19_B17_el463_H4_W4.npy,-599.3289694,259.70132850000005,0.4026740019616881,0.6395585929915574,0.5679419399258843,0.005014995011369135
Defect_L19_B180_el5203_H4_W4.npy,-425.7121774000001,267.8150241000001,0.4505502443589329,0.6417960105409097,0.5679213518397581,0.0036601427556831015
Defect_L19_B181_el5491_H4_W4.npy,-533.9893631000002,307.5140803000004,0.4206919297976047,0.6527433481554249,0.5679379176503222,0.004564267151616461
Defect_L19_B182_el5495_H4_W4.npy,-550.7461349,247.57499029999985,0.4160711136930651,0.6362146566109439,0.5679378779779114,0.004628514076502279
Defect_L19_B183_el5499_H4_W4.npy,-564.2084376,238.42293970000014,0.41235877423634776,0.6336909042255328,0.5679388862231918,0.0046990254528998
Defect_L19_B184_el5503_H4_W4.npy,-585.1525243999997,249.19931420000012,0.40658327196565885,0.6366625771367883,0.5679424674458844,0.004844366475197883
Defect_L19_B185_el5507_H4_W4.npy,-612.0584968000003,265.1260004999999,0.3991637312535139,0.6410544904137234,0.5679481047022723,0.005083000457511732
Defect_L19_B186_el5511_H4_W4.npy,-2059.5053,260.75065459999996,1.8503370715807043e-05,0.6398479531976677,0.5679135872298073,0.007043125420371248
Defect_L19_B187_el5515_H4_W4.npy,-594.5985565000001,241.1412647999996,0.4039784517907084,0.6344405044796493,0.5679444238048285,0.004999706992818393
Defect_L19_B188_el5519_H4_W4.npy,-581.4138655999998,226.65898940000034,0.40761423753579445,0.6304468992555992,0.567945730971681,0.0048436272913710485
Defect_L19_B189_el5523_H4_W4.npy,-578.5687439000001,232.58369950000042,0.40839880298358155,0.6320806862505864,0.5679459549490848,0.0047872786824516445
Defect_L19_B18_el467_H4_W4.npy,-595.7658335000003,256.9294179000003,0.40365656566464325,0.6387942161000117,0.5679413878559529,0.004978998255791414
Defect_L19_B190_el5527_H4_W4.npy,-583.4036158000001,244.15053120000016,0.40706554773575954,0.6352703341634295,0.5679444839539624,0.004838817423731029
Defect_L19_B191_el5531_H4_W4.npy,-575.5260563000002,252.6705340000001,0.4092378488350721,0.6376197942276266,0.5679443167111856,0.004816769931365376
Defect_L19_B192_el5535_H4_W4.npy,-561.0096529999998,262.00927791000004,0.4132408651051053,0.6401950288116233,0.5679437945843413,0.004748791129636947
Defect_L19_B193_el5539_H4_W4.npy,-540.7919750599997,331.78874197000005,0.4188160542248587,0.6594372835336573,0.567943794061109,0.0046600960415758485
Defect_L19_B194_el5827_H4_W4.npy,-544.9789857999999,316.27278849999993,0.41766145196087884,0.6551586331750324,0.5679431704823763,0.004649682120836875
Defect_L19_B195_el5831_H4_W4.npy,-561.8623715000001,256.82235979999973,0.4130057210436794,0.6387646939582466,0.5679430993882408,0.004716045424479248
Defect_L19_B196_el5835_H4_W4.npy,-571.6333361,247.1522795100002,0.41031129808921946,0.6360980906727486,0.5679430000986674,0.004762564400781972
Defect_L19_B197_el5839_H4_W4.npy,-581.1756406400002,248.96324839999966,0.4076799300059676,0.6365974800725451,0.5679441328517288,0.004829586206284554
Defect_L19_B198_el5843_H4_W4.npy,-586.0549017999999,250.79922740000006,0.4063344340586884,0.6371037662135784,0.5679433234385247,0.004894932904374651
Defect_L19_B199_el5847_H4_W4.npy,-582.9384874,243.79794349999997,0.4071938106748896,0.6351731052376036,0.5679436841408133,0.004832595410802191
Defect_L19_B19_el471_H4_W4.npy,-591.1238415999999,255.0382139999997,0.404936632683797,0.6382727012436662,0.5679411010439782,0.004938265526463382
Defect_L19_B1_el115_H4_W4.npy,-628.2804697999995,364.3692995999995,0.3946903902675249,0.668421637273653,0.5679454884448916,0.005332903047989424
Defect_L19_B200_el5851_H4_W4.npy,-570.2931513000001,231.6454604999999,0.4106808649473716,0.6318219592157581,0.5679385585643226,0.004730637502786667
Defect_L19_B201_el5855_H4_W4.npy,-561.5961513999998,223.7811479999998,0.4130791334013886,0.6296533110844317,0.5679382493141799,0.004660868892114376
Defect_L19_B202_el5859_H4_W4.npy,-563.2441543999998,227.2597195999997,0.4126246831711402,0.6306125554939112,0.5679398298680816,0.004667400877599485
Defect_L19_B203_el5863_H4_W4.npy,-570.4065534599999,235.5657884999996,0.4106495933794663,0.632903021545286,0.5679407048367092,0.004726219972207226
Defect_L19_B204_el5867_H4_W4.npy,-575.0539428,246.39577652999992,0.40936803797233606,0.6358894788234712,0.5679428242035176,0.004786288299449147
Defect_L19_B205_el5871_H4_W4.npy,-575.2648038000002,266.06447789999993,0.40930989133668033,0.6413132831892905,0.5679457208195003,0.004836708563539559
Defect_L19_B206_el5875_H4_W4.npy,-563.26288499,342.60646410000027,0.41261951805861413,0.6624203583901603,0.5679488011933069,0.004847255038967443
Defect_L19_B207_el6163_H4_W4.npy,-534.0883589999999,310.1022237000002,0.4206646308730588,0.6534570497470154,0.5679440165463636,0.004534874976532987
Defect_L19_B208_el6167_H4_W4.npy,-552.3615674000002,253.44132379999996,0.41562564504308336,0.6378323457837117,0.5679441885642218,0.0046187476475647304
Defect_L19_B209_el6171_H4_W4.npy,-562.7398788999999,244.71173950000002,0.4127637412414736,0.6354250919163902,0.5679439005335366,0.0046751807180155465
Defect_L19_B20_el475_H4_W4.npy,-586.2471582999999,253.64614959999994,0.4062814177652158,0.637888828163884,0.5679411864794737,0.004897494099815658
Defect_L19_B210_el6175_H4_W4.npy,-570.9936371999997,246.98119010000005,0.41048770026348413,0.6360509113764927,0.5679442527427264,0.0047362245063592885
Defect_L19_B211_el6179_H4_W4.npy,-574.8721559999999,247.5915682999996,0.40941816716088497,0.6362192281292707,0.5679446572125869,0.004776692709934311
Defect_L19_B212_el6183_H4_W4.npy,-575.4162061999998,243.29013280000004,0.409268140893544,0.6350330723071189,0.5679428967257919,0.004759245342455351
Defect_L19_B213_el6187_H4_W4.npy,-571.6963544,237.45914270000003,0.4102939202804746,0.6334251293643446,0.5679398125705347,0.0047261914672805565
Defect_L19_B214_el6191_H4_W4.npy,-570.9725636000001,235.38217370000007,0.41049351148007296,0.6328523882708703,0.5679392710091629,0.004723791768390356
Defect_L19_B215_el6195_H4_W4.npy,-575.0897600999999,238.0715834,0.40935816106056355,0.6335940148682718,0.5679404778451221,0.004758107396199522
Defect_L19_B216_el6199_H4_W4.npy,-580.7147886999999,243.73516401000006,0.40780701367647276,0.6351557932826587,0.5679417274008132,0.004809940912677049
Defect_L19_B217_el6203_H4_W4.npy,-584.9969818999998,252.68906650000008,0.40662616407504115,0.637624904715224,0.5679437838113361,0.00486414002653264
Defect_L19_B218_el6207_H4_W4.npy,-585.0177218999997,271.0334093999995,0.4066204448513654,0.642683506462102,0.5679465119354609,0.0049107492239038614
Defect_L19_B219_el6211_H4_W4.npy,-574.0827307000002,344.31080290000045,0.40963585760765525,0.6628903436754308,0.5679489812622395,0.0049032675894178585
Defect_L19_B21_el479_H4_W4.npy,-581.5715671,252.72116200000005,0.40757075006460314,0.6376337553103776,0.5679416470999873,0.004860715621390857
Defect_L19_B22_el483_H4_W4.npy,-576.3777365999999,251.81979150000006,0.4090029910657398,0.6373851950642713,0.5679421994609205,0.004823782564972258
Defect_L19_B23_el487_H4_W4.npy,-570.7136818000001,250.75348940000003,0.41056490024187564,0.6370911535880972,0.5679427345325081,0.004782372504217608
Defect_L19_B24_el491_H4_W4.npy,-564.3140198999997,250.31785649999983,0.41232965905843544,0.6369710242729753,0.5679434564641204,0.004739517737107517
Defect_L19_B25_el495_H4_W4.npy,-556.0843470000002,260.49921540000037,0.4145990582914913,0.6397786167933448,0.5679448917945917,0.0047021142625331535
Defect_L19_B26_el499_H4_W4.npy,-539.5519489000001,321.530794,0.4191580015234533,0.6566085709543462,0.5679459745335038,0.004644811284578283
Defect_L19_B27_el787_H4_W4.npy,-575.4949740999998,346.58116089999976,0.4092464200045097,0.6635164133584628,0.5679476111546464,0.004984253428992539
Defect_L19_B28_el791_H4_W4.npy,-585.3313467,272.6138476000003,0.4065339602620948,0.6431193251492549,0.567944672562762,0.0049748641282753555
Defect_L19_B29_el795_H4_W4.npy,-585.7168457999999,255.65744160000008,0.4064276557500548,0.6384434582904656,0.5679421062505394,0.004936466188045836
Defect_L19_B2_el119_H4_W4.npy,-642.689097,297.01542069000016,0.3907170941335959,0.6498482573837066,0.5679452297743103,0.005341984442437828
Defect_L19_B30_el799_H4_W4.npy,-583.64438384,248.65869760000032,0.4069991539905938,0.6365134977125725,0.5679407300766908,0.004902796778740124
Defect_L19_B31_el803_H4_W4.npy,-581.153603,245.01681300000018,0.4076860070644269,0.6355092184151391,0.5679398365164957,0.004872851911961147
Defect_L19_B32_el807_H4_W4.npy,-578.7858079,243.11836259999995,0.40833894582022773,0.6349857052774839,0.5679393184628617,0.00484784948594574
Defect_L19_B33_el811_H4_W4.npy,-577.5921731999999,243.03955680000013,0.4086681002964317,0.6349639739372165,0.5679394550814333,0.004834194864848308
Defect_L19_B34_el815_H4_W4.npy,-577.8468329,244.44125200000008,0.4085978758130418,0.6353505027884248,0.5679402125903968,0.00483595746521429
Defect_L19_B35_el819_H4_W4.npy,-577.81558232,246.19053729999973,0.4086064934146338,0.6358328824366142,0.5679411371485201,0.004842866370474842
Defect_L19_B36_el823_H4_W4.npy,-576.6076613299999,248.31054940000013,0.4089395874514938,0.6364174930149775,0.5679419247521815,0.004843771855901665
Defect_L19_B37_el827_H4_W4.npy,-574.3030352000003,252.91872289999992,0.4095751068500718,0.6376882343352903,0.5679428138765796,0.004841583646366515
Defect_L19_B38_el831_H4_W4.npy,-569.8981726,267.06404640000005,0.4107897835362081,0.6415889223325287,0.5679446361069934,0.004845171092193149
Defect_L19_B39_el835_H4_W4.npy,-556.7705719,334.54263699999956,0.41440982619433664,0.660196692485257,0.5679465607925687,0.004831030789976516
Defect_L19_B3_el123_H4_W4.npy,-637.93354,285.2679939999998,0.39202847765268495,0.6466088089336147,0.5679444299774004,0.005276947237348242
Defect_L19_B40_el1123_H4_W4.npy,-571.6192058999998,344.20155499999964,0.4103151946067886,0.6628602176785062,0.5679486476495292,0.004962392175270008
Defect_L19_B41_el1127_H4_W4.npy,-580.5769034,269.69983140000045,0.4078450366693513,0.6423157614827824,0.5679446798661038,0.004938049069473503
Defect_L19_B42_el1131_H4_W4.npy,-579.8177799800001,251.6382544999999,0.4080543711262703,0.6373351347601038,0.5679416308757768,0.004887665633886509
Defect_L19_B43_el1135_H4_W4.npy,-576.6754889700001,243.49405739999997,0.40892088342813016,0.6350893061740619,0.5679398727706967,0.004844538364569896
Defect_L19_B44_el1139_H4_W4.npy,-573.18132145,238.90873120000015,0.40988442853938933,0.6338248651825382,0.5679386504380443,0.004809049518468397
Defect_L19_B45_el1143_H4_W4.npy,-571.11758536,236.7712554999996,0.4104535205503095,0.6332354388744456,0.5679378258120548,0.004785580123262254
Defect_L19_B46_el1147_H4_W4.npy,-571.9008961519999,238.32418609999968,0.4102375162288487,0.6336636721171822,0.567938005878509,0.004785517054179193
Defect_L19_B47_el1151_H4_W4.npy,-575.3887001199998,241.82746530000009,0.40927572591880745,0.6346297298483056,0.5679392250266964,0.004812699355864379
Defect_L19_B48_el1155_H4_W4.npy,-578.3069779299997,245.41256420000013,0.4084709870787185,0.6356183500271331,0.5679405943243616,0.004846773441247776
Defect_L19_B49_el1159_H4_W4.npy,-579.3280348000001,248.74479710000014,0.40818942234269046,0.6365372403499338,0.5679415618192221,0.004867867759355586
Defect_L19_B4_el127_H4_W4.npy,-628.126456,280.1406874999998,0.3947328608254494,0.6451949124665094,0.567943890342586,0.005196836388680902
Defect_L19_B50_el1163_H4_W4.npy,-578.9907963,254.25508010000044,0.4082824186017832,0.6380567457016133,0.5679425741967793,0.004881995360724868
Defect_L19_B51_el1167_H4_W4.npy,-576.5218758999999,269.3758710999998,0.4089632434814982,0.6422264267953295,0.5679446509542523,0.004901496730774028
Defect_L19_B52_el1171_H4_W4.npy,-563.6293159000002,339.22850199999993,0.4125184717550457,0.66148885786855,0.5679473901985552,0.004904173698599645
Defect_L19_B53_el1459_H4_W4.npy,-570.5195774000001,343.93892719999985,0.410618426108802,0.6627877959267379,0.5679494948749836,0.004967396480172504
Defect_L19_B54_el1463_H4_W4.npy,-578.929445,269.24988069999995,0.40829933672172053,0.6421916839178656,0.567944886807349,0.004933774610153746
Defect_L19_B55_el1467_H4_W4.npy,-577.3098599,250.4079922000003,0.40874595048492474,0.6369958799253125,0.5679414772831239,0.004875128374630513
Defect_L19_B56_el1471_H4_W4.npy,-573.1582673100002,241.25844720000032,0.4098907859059907,0.634472818479479,0.5679393980516304,0.004822392619768379
Defect_L19_B57_el1475_H4_W4.npy,-568.4782838899998,235.4718926999999,0.41118132939576457,0.6328771290147935,0.5679378443504375,0.0047771406295193395
Defect_L19_B58_el1479_H4_W4.npy,-566.1147649000002,232.5065436,0.4118330889794557,0.6320594098836623,0.5679366711458528,0.004752060685572795
Defect_L19_B59_el1483_H4_W4.npy,-569.1653062299999,235.79312720000007,0.4109918773980444,0.6329657120407278,0.5679369105428008,0.004768299253331629
Defect_L19_B5_el131_H4_W4.npy,-616.692546,275.4905514000002,0.39788585449848235,0.6439125996179701,0.567943476843651,0.0051076333271126186
Defect_L19_B60_el1487_H4_W4.npy,-576.0812696,241.99169489999963,0.4090847442521181,0.634675017496164,0.5679389413614538,0.0048234204193303475
Defect_L19_B61_el1491_H4_W4.npy,-580.8012426,247.17380630000002,0.4077831733104292,0.6361040268601658,0.5679408757547619,0.004879087440919522
Defect_L19_B62_el1495_H4_W4.npy,-582.1942136999999,250.60862639999982,0.40739905020074774,0.6370512064376948,0.567941828639873,0.0049051746721343005
Defect_L19_B63_el1499_H4_W4.npy,-582.0621174099999,255.8555947999996,0.4074354768270375,0.63849810064692,0.567942733659373,0.004919365813248518
Defect_L19_B64_el1503_H4_W4.npy,-579.9077701000001,270.8187783999999,0.4080295556188021,0.6426243202182856,0.567944790116912,0.004940117275864259
Defect_L19_B65_el1507_H4_W4.npy,-566.7271096,341.0513600000004,0.41166422994830937,0.661991525787122,0.5679479112513884,0.00494691849021037
Defect_L19_B66_el1795_H4_W4.npy,-561.7226711000001,343.8060760000003,0.41304424456514494,0.6627511611278761,0.5679493230354391,0.0048920050800602115
Defect_L19_B67_el1799_H4_W4.npy,-570.2250944999996,268.6637553999999,0.410699632163469,0.6420300550995082,0.5679447046183775,0.0048604260234868515
Defect_L19_B68_el1803_H4_W4.npy,-568.9758240999997,250.13534909999976,0.411044128636426,0.6369206963731159,0.5679414623995255,0.004804734761903345
Defect_L19_B69_el1807_H4_W4.npy,-564.74340772,240.5180542999999,0.4122112518749139,0.6342686491157827,0.5679393741381134,0.004748431181442174
Defect_L19_B6_el135_H4_W4.npy,-604.645444,270.7160039999999,0.4012079408525277,0.6425959793416345,0.567943127384782,0.005012829015838292
Defect_L19_B70_el1811_H4_W4.npy,-558.6544735699999,233.06230219999998,0.413890324987302,0.6322126648375261,0.5679377428454168,0.004690184423219685
Defect_L19_B71_el1815_H4_W4.npy,-555.5700624999997,229.10777630000007,0.4147408764249767,0.631122172158946,0.5679360889938042,0.004663445839040578
Defect_L19_B72_el1819_H4_W4.npy,-562.4206880300001,235.34969230000024,0.41285176071981466,0.6328434312606533,0.5679362310433653,0.0047097358247831095
Defect_L19_B73_el1823_H4_W4.npy,-573.857133,245.73121270000001,0.40969806800818764,0.6357062199425357,0.567939452789056,0.0048016982186335645
Defect_L19_B74_el1827_H4_W4.npy,-578.2236871,252.08777210000017,0.4084939552024846,0.6374590928941734,0.5679418655078458,0.004868489854751877
Defect_L19_B75_el1831_H4_W4.npy,-577.7589123,253.84343150000018,0.4086221206335388,0.6379432302522776,0.5679421621768875,0.004876471456171397
Defect_L19_B76_el1835_H4_W4.npy,-576.50445859,257.6043979000001,0.40896804644638346,0.638980347324538,0.5679426216003582,0.004875433965661761
Defect_L19_B77_el1839_H4_W4.npy,-573.8056122999999,271.4661229000001,0.40971227526022397,0.6428028307289311,0.5679443917656429,0.004887901428808813
Defect_L19_B78_el1843_H4_W4.npy,-560.2806077999999,341.4675210999999,0.41344190524823704,0.662106285595032,0.5679474664698988,0.004888446374797969
Defect_L19_B79_el2131_H4_W4.npy,-551.8719065999999,337.5513090999998,0.41576067299103237,0.6610263582859789,0.5679468319482167,0.004796938353166276
Defect_L19_B7_el139_H4_W4.npy,-592.2821290000004,266.00546439999994,0.404617225513043,0.6412970097367163,0.5679428809506045,0.00491496865256496
Defect_L19_B80_el2135_H4_W4.npy,-564.9994044,266.8260544,0.4121406587084156,0.6415232941029702,0.567943683380335,0.004818453337070151
Defect_L19_B81_el2139_H4_W4.npy,-569.2527526300003,252.1732495000001,0.41096776334205387,0.6374826639824002,0.5679420147682801,0.004820172156086185
Defect_L19_B82_el2143_H4_W4.npy,-570.80859156,244.85036279999986,0.4105387281036667,0.6354633184187707,0.5679410374941961,0.004802003176676607
Defect_L19_B83_el2147_H4_W4.npy,-565.5509115200002,235.7940487000003,0.4119885761347384,0.6329659661518474,0.5679403275691122,0.004738610384565075
Defect_L19_B84_el2151_H4_W4.npy,-561.0006220999999,227.94195090000017,0.41324335544922747,0.6308006863233865,0.5679381190730589,0.004714963432969062
Defect_L19_B85_el2155_H4_W4.npy,-573.5648475,237.93445760000031,0.40977866811193336,0.6335562013136952,0.5679377122460079,0.004825264120540395
Defect_L19_B86_el2159_H4_W4.npy,-590.8661926999998,253.14629760000003,0.40500768146339766,0.6377509899096514,0.5679429088902209,0.004953079764379111
Defect_L19_B87_el2163_H4_W4.npy,-587.98530987,259.4268097999998,0.405802108333623,0.6394828922274066,0.5679446370162792,0.004968860857751819
Defect_L19_B88_el2167_H4_W4.npy,-579.1959149000002,254.09054760000004,0.40822585547962975,0.6380113745266162,0.5679420478667466,0.0048911453813776104
Defect_L19_B89_el2171_H4_W4.npy,-573.40927766,254.51426089999995,0.409821567760543,0.6381282169150975,0.5679412289710611,0.004846950727686779
Defect_L19_B8_el143_H4_W4.npy,-579.5267040000001,261.40112279999994,0.40813463769503916,0.6400273250939927,0.5679427077875803,0.004813981937223256
Defect_L19_B90_el2175_H4_W4.npy,-568.8675083999999,267.5998879000001,0.4110739975716187,0.6417366849840843,0.5679423085500667,0.004840231050859694
Defect_L19_B91_el2179_H4_W4.npy,-554.2779509,335.94016369999963,0.41509718670725565,0.6605820718386886,0.5679450809548532,0.004833058773265022
Defect_L19_B92_el2467_H4_W4.npy,-500.5028708000002,304.37522939999985,0.42992610239070433,0.6518777844918753,0.5679326619098122,0.004313426089592108
Defect_L19_B93_el2471_H4_W4.npy,-532.2826643999999,258.5758823000001,0.42116256584449285,0.6392482420487968,0.5679359054360518,0.004498043745494664
Defect_L19_B94_el2475_H4_W4.npy,-565.8993063,273.5325355000002,0.4118925034407031,0.6433726608092514,0.5679442582602767,0.004751839326769522
Defect_L19_B95_el2479_H4_W4.npy,-603.8609573999997,289.60385110000016,0.40142426941260734,0.6478044567919131,0.5679571257515087,0.005091581435743609
Defect_L19_B96_el2499_H4_W4.npy,-617.6803309899994,270.8773210000004,0.39761346475396053,0.6426404638163552,0.5679531232910446,0.005096705518539829
Defect_L19_B97_el2503_H4_W4.npy,-557.6417521000001,248.53548963000048,0.4141695911689891,0.6364795221128103,0.5679396181162922,0.004657914971739673
Defect_L19_B98_el2507_H4_W4.npy,-539.33482828,235.16261039999995,0.41921787430023266,0.632791841905215,0.567933893197423,0.004503419918775318
Defect_L19_B99_el2511_H4_W4.npy,-532.7591849,240.97618050000028,0.4210311614411373,0.6343949811413149,0.5679324610201538,0.0044801503532660054
Defect_L19_B9_el147_H4_W4.npy,-565.659402,256.5735937999998,0.4119586590025392,0.6386960947105645,0.5679424927731965,0.004705233867485455
Defect_L2_B100_el2515_H4_W4.npy,-508.8897970999999,292.0091272999998,0.42761333925367656,0.6484677312658679,0.567923981689938,0.004314488159795354
Defect_L2_B101_el2803_H4_W4.npy,-377.58202030000007,230.6927023999997,0.46382252661569234,0.6315592284210229,0.5679033632915401,0.003228117135786285
Defect_L2_B102_el2807_H4_W4.npy,-373.3381316399999,185.41261799999984,0.464992813428693,0.6190728768905666,0.5679079141945317,0.0031915389464502084
Defect_L2_B103_el2811_H4_W4.npy,-363.8592003000001,178.65618300000006,0.4676067058366386,0.6172097349900918,0.5679102695845002,0.0030057941601048877
Defect_L2_B104_el2815_H4_W4.npy,-352.69562870000004,181.44103969999992,0.4706851514972439,0.6179776818740015,0.5679237156999603,0.0027944770079495833
Defect_L2_B105_el2835_H4_W4.npy,-256.5159309000003,168.67389999999978,0.49720748538281956,0.6144570392682062,0.5679988668730315,0.0018933751236837558
Defect_L2_B106_el2839_H4_W4.npy,-331.5591482000002,145.67260650000003,0.47651370789542125,0.6081142455189924,0.5679301703210192,0.002408454659696662
Defect_L2_B107_el2843_H4_W4.npy,-369.797094,158.27502200000026,0.4659692833567309,0.6115894640869567,0.5679131437926461,0.002943687718002366
Defect_L2_B108_el2847_H4_W4.npy,-394.8328040000001,179.12327260000006,0.45906548271199177,0.6173385387460719,0.5679099968134168,0.003284650792630652
Defect_L2_B109_el2851_H4_W4.npy,-398.2061193000002,234.20803049999995,0.45813526358327333,0.6325286087343134,0.5679053768680723,0.0034064226774144168
Defect_L2_B10_el151_H4_W4.npy,-548.4557489999997,251.4503172000002,0.4167027062324068,0.637283309521159,0.567942902328298,0.004559265632619802
Defect_L2_B110_el3139_H4_W4.npy,-430.3470815999999,250.58240960000012,0.4492721318306978,0.637043976941877,0.5679112911761014,0.0036979669179010863
Defect_L2_B111_el3143_H4_W4.npy,-437.6342526000001,189.3014541,0.44726263516181464,0.6201452550725501,0.5679196742364758,0.0036121751229499788
Defect_L2_B112_el3147_H4_W4.npy,-425.05415879999987,202.38552750000008,0.45073169833946447,0.6237532947237017,0.56793079518655,0.0034259810175137854
Defect_L2_B113_el3151_H4_W4.npy,-423.88443230000007,236.0973403999999,0.451054259935076,0.633049601304755,0.5679622615335899,0.003270522770536619
Defect_L2_B114_el3171_H4_W4.npy,-630.9931222,1566.7939000000006,0.3939423543065685,1.0,0.5681099901992891,0.006303514617944831
Defect_L2_B115_el3175_H4_W4.npy,-508.02912614000024,1518.1458000000002,0.42785067627062373,0.9865848907762019,0.5680064264249622,0.0055817756809992645
Defect_L2_B116_el3179_H4_W4.npy,-463.8654429999998,1499.5692000000008,0.44002917107408596,0.9814622422450816,0.5679636805370948,0.005246033646185194
Defect_L2_B117_el3183_H4_W4.npy,-439.2325384700001,216.03300260000015,0.4468218948345068,0.6275166969757026,0.5679179740290582,0.003694235587411457
Defect_L2_B118_el3187_H4_W4.npy,-413.1541537999998,244.92791850000003,0.45401322149943873,0.6354847050337964,0.5679072857600733,0.0034769423889233703
Defect_L2_B119_el3475_H4_W4.npy,-513.1178097999998,302.58867710000004,0.4264474303657631,0.6513851281653482,0.5679273409344358,0.004380256197016907
Defect_L2_B11_el155_H4_W4.npy,-532.4488971999999,244.72902320000003,0.4211167257979426,0.6354298580372313,0.567942764284662,0.004416852367857996
Defect_L2_B120_el3479_H4_W4.npy,-532.8920979170002,245.77434640000047,0.42099450959573487,0.6357181144111118,0.5679358718656753,0.004492518735603582
Defect_L2_B121_el3483_H4_W4.npy,-545.0962572000001,236.70812829999977,0.4176291134185754,0.6332180310356401,0.5679400648392068,0.004557081710053099
Defect_L2_B122_el3487_H4_W4.npy,-559.6202840999997,241.1975711,0.4136239948788406,0.6344560313998063,0.5679453078145786,0.004676517765106639
Defect_L2_B123_el3491_H4_W4.npy,-598.8132727500001,255.32034720000047,0.40281620950702074,0.6383505017681198,0.5679537334368215,0.004939736117004711
Defect_L2_B124_el3495_H4_W4.npy,-637.9164650000005,273.90270699999974,0.3920331862228036,0.6434747386109338,0.567965654719299,0.005347438330808664
Defect_L2_B125_el3499_H4_W4.npy,-657.4488935999998,280.3098347,0.38664696018160105,0.6452415561825621,0.5679660474564536,0.005642586674507117
Defect_L2_B126_el3503_H4_W4.npy,-650.9721696999998,1466.2468000000008,0.3884329694713962,0.9722733194382488,0.567998286856356,0.0064341060167509324
Defect_L2_B127_el3507_H4_W4.npy,-626.4018148,283.65970659999994,0.3952084446626365,0.6461653106030683,0.5679655413534838,0.005313590394730618
Defect_L2_B128_el3511_H4_W4.npy,-611.645657,287.2137805999996,0.39927757518593743,0.6471453754133991,0.5679588340963111,0.005159441166032594
Defect_L2_B129_el3515_H4_W4.npy,-582.5040286000001,276.2343397999998,0.4073136162223876,0.6441177053184063,0.5679487559486374,0.004889743823006183
Defect_L2_B12_el159_H4_W4.npy,-514.0386847,238.4373919000002,0.42619349162272985,0.6336948895372206,0.567942977770905,0.004252715310898462
Defect_L2_B130_el3519_H4_W4.npy,-550.0129827999997,263.73217910000017,0.4162732863472728,0.6406701328269017,0.5679385510831066,0.004616943320821323
Defect_L2_B131_el3523_H4_W4.npy,-511.0480606000001,299.68625900000006,0.4270181805406695,0.6505847627692767,0.5679254727910613,0.004302504751755214
Defect_L2_B132_el3811_H4_W4.npy,-495.68386999999984,295.9203053000001,0.4312549810536238,0.6495462704084801,0.5679237587232135,0.004203314513394076
Defect_L2_B133_el3815_H4_W4.npy,-534.8697329000001,260.05009989999985,0.42044916066531934,0.6396547695416206,0.567936983747365,0.004512033219653568
Defect_L2_B134_el3819_H4_W4.npy,-566.5197121000001,270.02830599999993,0.41172142149567176,0.6424063410251744,0.5679469342129743,0.004783099477061388
Defect_L2_B135_el3823_H4_W4.npy,-595.7207814000001,274.7334584000005,0.40366898914762134,0.6437038250658793,0.5679555417728869,0.005019833193234365
Defect_L2_B136_el3827_H4_W4.npy,-612.7937867,264.5427730999995,0.39896096908356987,0.6408936607148592,0.5679631431191878,0.005136522200545249
Defect_L2_B137_el3831_H4_W4.npy,-655.2921671000001,272.08431160000055,0.38724169505435774,0.642973301290606,0.5679767196573615,0.005434401238888191
Defect_L2_B138_el3835_H4_W4.npy,-669.1639993999997,289.05804530000023,0.3834164244797885,0.6476539464035941,0.5679713367023214,0.00575868853029781
Defect_L2_B139_el3839_H4_W4.npy,-658.0911824999998,1478.3799,0.3864698437937723,0.9756191204402047,0.5679965185192756,0.006560010923245623
Defect_L2_B13_el163_H4_W4.npy,-487.8387931,261.7582821509998,0.4334183248118095,0.6401258146897624,0.567941106277029,0.004038466319441783
Defect_L2_B140_el3843_H4_W4.npy,-630.1547418,280.60160614999995,0.39417354452030945,0.6453220145328395,0.5679581567121842,0.0051892643563404735
Defect_L2_B141_el3847_H4_W4.npy,-579.7110291000001,254.5722867000004,0.4080838085496216,0.6381442180013641,0.5679450077373714,0.0048167430884945295
Defect_L2_B142_el3851_H4_W4.npy,-550.2507876,241.89789870000027,0.41620770973963656,0.6346491524311815,0.5679383073056161,0.004602984638841174
Defect_L2_B143_el3855_H4_W4.npy,-531.3119771000001,245.14395889999992,0.4214302407619439,0.6355442799311255,0.567933324333232,0.0044732059230963685
Defect_L2_B144_el3859_H4_W4.npy,-508.7710214000001,293.76943949999986,0.42764609261893916,0.6489531516714127,0.5679244342073699,0.004306156883366579
Defect_L2_B145_el4147_H4_W4.npy,-345.35517590000006,208.9844005,0.472709341055811,0.6255729876212449,0.5679044688039477,0.0029132780968439127
Defect_L2_B146_el4151_H4_W4.npy,-390.78588966999985,214.85768409999991,0.46018145225152784,0.627192593340612,0.5679217273863576,0.0033247268862707288
Defect_L2_B147_el4155_H4_W4.npy,-439.75562690000004,254.72679679999987,0.44667764894572276,0.6381868254180498,0.5679520972288422,0.0037974575815090308
Defect_L2_B148_el4159_H4_W4.npy,-513.5268602000001,311.7725290000003,0.42633463139120825,0.6539176500178705,0.5680118776052328,0.004448017487326814
Defect_L2_B149_el4179_H4_W4.npy,-467.27168970000025,325.34056340000006,0.4390898708439904,0.6576591458507652,0.5680872361219367,0.0035638068690438374
Defect_L2_B14_el451_H4_W4.npy,-585.1605439000002,353.63777330000016,0.40658106052331217,0.6654623316182923,0.5679434480513151,0.004993037931044637
Defect_L2_B150_el4183_H4_W4.npy,-406.72022940000033,254.74997090999977,0.4557874284790258,0.6381932158673544,0.5679849795381237,0.0031170820441260108
Defect_L2_B151_el4187_H4_W4.npy,-395.44405889999985,209.9089373999998,0.45889692420205863,0.6258279361905605,0.5679381884820485,0.0030938082304784328
Defect_L2_B152_el4191_H4_W4.npy,-393.9738579,187.71440060000032,0.459302344084766,0.6197076121626213,0.5679169508186639,0.0031935188482747597
Defect_L2_B153_el4195_H4_W4.npy,-379.38987629999997,212.7964053999999,0.46332399562062987,0.6266241789749699,0.567904430290455,0.003254173871446591
Defect_L2_B154_el4483_H4_W4.npy,-187.59304749999995,116.1807581999999,0.5162135310213973,0.5999816284968233,0.5679023850663376,0.0015800012627137361
Defect_L2_B155_el4487_H4_W4.npy,-187.6400230000001,95.0399983000001,0.5162005771452265,0.5941518920192921,0.5679068289665032,0.0015530065668713426
Defect_L2_B156_el4491_H4_W4.npy,-177.04014739999997,89.22184170000014,0.519123579049364,0.592547488018516,0.5679129883308739,0.0013931725714796206
Defect_L2_B157_el4495_H4_W4.npy,-151.26579981999998,80.82308901000005,0.5262310650140334,0.590231463658263,0.5679244241721354,0.001127475931763787
Defect_L2_B158_el4515_H4_W4.npy,-156.13190000000003,62.769636,0.5248891983140257,0.5852530771643227,0.5679612376143943,0.0007157688131029415
Defect_L2_B159_el4519_H4_W4.npy,-90.91664864999996,65.04050646999997,0.542872834261117,0.5858792881651254,0.5679394255191546,0.0007673430376866432
Defect_L2_B15_el455_H4_W4.npy,-600.4182306299997,291.0859587,0.40237362931869297,0.6482131600164053,0.567947382411703,0.005076173422009862
Defect_L2_B160_el4523_H4_W4.npy,-153.7478701,76.89997399999993,0.5255466139479621,0.5891496327880611,0.5679206249951033,0.001136803987675565
Defect_L2_B161_el4527_H4_W4.npy,-198.30070079999996,91.92773729999988,0.5132608085399425,0.5932936607369199,0.5679083559904731,0.001516790385212753
Defect_L2_B162_el4531_H4_W4.npy,-207.75890739999988,123.62838780000004,0.5106526311476036,0.6020353729296457,0.5678998979492782,0.0017497791456632852
Defect_L2_B163_el4819_H4_W4.npy,-260.45215959999996,142.07466319999992,0.49612203830594825,0.6071220833924029,0.567900836185783,0.002109991924172584
Defect_L2_B164_el4823_H4_W4.npy,-253.5288144,112.32204160000003,0.4980312070515324,0.5989175560119229,0.5679134333825396,0.0018945000370718867
Defect_L2_B165_el4827_H4_W4.npy,-213.53506600000003,109.56951433000006,0.5090598084368917,0.5981585242312669,0.5679336782528223,0.0015559562250441721
Defect_L2_B166_el4831_H4_W4.npy,-151.56357397,117.74405659999991,0.5261489513704116,0.60041272074473,0.5679677627432407,0.0012674633205194985
Defect_L2_B167_el4851_H4_W4.npy,-203.07298859999992,110.98294329999999,0.511944811366684,0.5985482887649821,0.5679589844066256,0.001475683764068591
Defect_L2_B168_el4855_H4_W4.npy,-242.4949895700001,137.3609391,0.5010738739850962,0.6058222356357105,0.567941593949145,0.001931859580880002
Defect_L2_B169_el4859_H4_W4.npy,-251.7013316,133.73328154000012,0.4985351502963172,0.6048218795602639,0.5679229327209318,0.0020462860626618952
Defect_L2_B16_el459_H4_W4.npy,-603.0848248999998,275.9982550999998,0.401638294261669,0.6440526030423346,0.5679467447270972,0.005068800138973088
Defect_L2_B170_el4863_H4_W4.npy,-247.3741535999999,124.91506389999995,0.49972840482220454,0.6023901843285935,0.5679115233417334,0.002054536496403406
Defect_L2_B171_el4867_H4_W4.npy,-230.7609508,145.29138949999992,0.5043096306073658,0.6080091218308531,0.5679036232825012,0.0019560027303987047
Defect_L2_B172_el5155_H4_W4.npy,-438.0577788999999,243.08121920000008,0.4471458443401043,0.6349754626828514,0.567913481531628,0.0037115604091577117
Defect_L2_B173_el5159_H4_W4.npy,-457.6026214000001,207.56603140000016,0.4417561950650158,0.6251818608065048,0.5679232941221843,0.0037754347744073337
Defect_L2_B174_el5163_H4_W4.npy,-469.85996869999985,220.89343759999974,0.4383761318595973,0.628857001456251,0.5679348247314305,0.0038442285617935807
Defect_L2_B175_el5167_H4_W4.npy,-501.51199539999993,258.2577229000003,0.4296478280751726,0.639160507006697,0.5679552813080069,0.004114866279474125
Defect_L2_B176_el5187_H4_W4.npy,-746.2598310000001,359.6886867000003,0.36215662190551456,0.6671309201996499,0.5680598109609669,0.006039324757002364
Defect_L2_B177_el5191_H4_W4.npy,-616.6313424999998,331.53603939999994,0.39790273186136765,0.6593675987447819,0.5680032180434965,0.0051509247090217505
Defect_L2_B178_el5195_H4_W4.npy,-535.6961354000002,286.5313265000002,0.4202212734549181,0.6469571831450122,0.5679626133830721,0.004491600252479613
Defect_L2_B179_el5199_H4_W4.npy,-477.4071553000001,251.60249129999988,0.43629493377434037,0.6373252727668465,0.5679361540341028,0.004004678625319705
Defect_L2_B17_el463_H4_W4.npy,-602.0593086000001,270.2035713999999,0.40192108872178733,0.6424546718846355,0.567946284094399,0.005046616919914979
Defect_L2_B180_el5203_H4_W4.npy,-426.04163359999984,260.0205089000001,0.45045939413235775,0.6396466095827109,0.5679166780454685,0.00358198560673407
Defect_L2_B181_el5491_H4_W4.npy,-524.9108732,299.0648064999996,0.4231953972217312,0.6504133921882076,0.5679306795709642,0.004420240374004624
Defect_L2_B182_el5495_H4_W4.npy,-547.5227641000001,249.34472059999985,0.416959984406429,0.63670267413416,0.567937243121631,0.004581300229744451
Defect_L2_B183_el5499_H4_W4.npy,-564.8230474,243.01579650000008,0.4121892905854546,0.6349574218412518,0.5679397651428905,0.004694020783603704
Defect_L2_B184_el5503_H4_W4.npy,-588.8882778999998,254.83856659999992,0.4055531075556267,0.6382176468494094,0.5679439205904477,0.004869672341685825
Defect_L2_B185_el5507_H4_W4.npy,-619.8746415999999,272.37568230000034,0.3970083657572044,0.6430536491308118,0.567950036612312,0.005135890225889216
Defect_L2_B186_el5511_H4_W4.npy,-629.6278602000004,273.4656372999998,0.39431883640657023,0.6433542130865267,0.5679578687236321,0.0052901834114447484
Defect_L2_B187_el5515_H4_W4.npy,-621.5883730999999,256.80050610000035,0.39653579035851944,0.6387586676227385,0.5679594756834714,0.0051864216077844565
Defect_L2_B188_el5519_H4_W4.npy,-601.8481898999999,241.27413680000018,0.4019793064203139,0.6344771450142805,0.5679608586197894,0.004924340276206656
Defect_L2_B189_el5523_H4_W4.npy,-577.3385723249999,236.37743200000023,0.40873803280021653,0.6331268388414044,0.5679536461600944,0.004789908581518574
Defect_L2_B18_el467_H4_W4.npy,-599.3051629000001,267.1089554,0.40268056679767833,0.641601306354518,0.5679459355462095,0.005016691216851403
Defect_L2_B190_el5527_H4_W4.npy,-580.7610840000002,248.0220109000004,0.4077942473709839,0.6363379261769556,0.5679500882933921,0.004827203954159275
Defect_L2_B191_el5531_H4_W4.npy,-571.8153104,255.90048130000037,0.41026111719602065,0.6385104784643514,0.5679483666522369,0.004796602250487512
Defect_L2_B192_el5535_H4_W4.npy,-559.9743526,263.9372357999998,0.41352635761037154,0.6407266788796266,0.5679453164831729,0.004711400379696817
Defect_L2_B193_el5539_H4_W4.npy,-536.4106766,323.5623242999998,0.42002423290774565,0.6571687819567482,0.5679370591685082,0.004545464240977978
Defect_L2_B194_el5827_H4_W4.npy,-534.8921505000001,307.7550233999998,0.42044297882979986,0.6528097901748093,0.5679363824106684,0.0045029759066751865
Defect_L2_B195_el5831_H4_W4.npy,-556.8535605,256.4719563000001,0.41438694141295096,0.6386680673433347,0.5679418761238831,0.0046521049732703825
Defect_L2_B196_el5835_H4_W4.npy,-570.4949672,249.40109819999998,0.4106252125716036,0.6367182207158719,0.5679432005553403,0.004737727295722886
Defect_L2_B197_el5839_H4_W4.npy,-583.889901689,252.2960587,0.40693145044696666,0.6375165296180917,0.5679451699375381,0.004836879851636405
Defect_L2_B198_el5843_H4_W4.npy,-594.6241444000002,256.5575580000004,0.4039713957191803,0.6386916727082976,0.5679482997182956,0.004929420309093648
Defect_L2_B199_el5847_H4_W4.npy,-597.3141926000003,254.8270199000001,0.40322959305021105,0.6382144627529766,0.5679509326667468,0.004974536266234964
Defect_L2_B19_el471_H4_W4.npy,-595.6195098000001,264.77277960000015,0.40369691561495036,0.6409570868778478,0.5679456709043132,0.004981259541223044
Defect_L2_B1_el115_H4_W4.npy,-629.6006209999998,370.2447523999999,0.3943263478375033,0.670041841167562,0.5679433936632463,0.005323257135473534
Defect_L2_B200_el5851_H4_W4.npy,-595.0313354000002,247.5032514999998,0.40385910948929776,0.6361948740534015,0.5679500520205523,0.004910182579488383
Defect_L2_B201_el5855_H4_W4.npy,-581.6932386999997,237.59753880000017,0.40753719813136363,0.6334632932144775,0.5679501951149764,0.004769494298961484
Defect_L2_B202_el5859_H4_W4.npy,-568.6223312,234.2143252000003,0.4111416071785136,0.6325303445490325,0.5679470848758956,0.0047010081955342325
Defect_L2_B203_el5863_H4_W4.npy,-569.7487562900001,241.0387082000002,0.4108309862988744,0.6344122236631197,0.567946097924427,0.004733477079127865
Defect_L2_B204_el5867_H4_W4.npy,-572.3725974999998,251.10012059999985,0.41010744074585076,0.6371867399606046,0.5679466143579208,0.004776574310553178
Defect_L2_B205_el5871_H4_W4.npy,-571.1270122000003,269.6001063000001,0.4104509210225121,0.6422882614754059,0.5679471997513554,0.004804790613118785
Defect_L2_B206_el5875_H4_W4.npy,-559.0585354999998,336.3885171000002,0.41377890162392034,0.6607057089351398,0.5679428890273257,0.004744424356357969
Defect_L2_B207_el6163_H4_W4.npy,-524.5930639000001,301.57630049999943,0.42328303572090875,0.6511059570843681,0.5679385152365658,0.0044019781344177425
Defect_L2_B208_el6167_H4_W4.npy,-546.5586887000002,251.28995769999983,0.41722583603868135,0.6372390890848504,0.56794269642622,0.00454652227645142
Defect_L2_B209_el6171_H4_W4.npy,-560.0283614299999,244.53063700000007,0.4135114642362521,0.6353751514291316,0.5679434057796722,0.0046331512961825
Defect_L2_B20_el475_H4_W4.npy,-591.2438037,262.2938354999999,0.40490355215908547,0.6402734978813363,0.5679453283863863,0.004937816141273069
Defect_L2_B210_el6175_H4_W4.npy,-571.6806082,247.87038940000002,0.41029826242318646,0.6362961153152122,0.5679445118415957,0.004721765596221414
Defect_L2_B211_el6179_H4_W4.npy,-580.7476823,251.08467059999975,0.40779794299875327,0.6371824794974515,0.5679459566076487,0.0047984220148638915
Defect_L2_B212_el6183_H4_W4.npy,-586.3981369999999,252.36432149999973,0.40623978416080025,0.6375353536403643,0.5679474018165738,0.0048552639692561825
Defect_L2_B213_el6187_H4_W4.npy,-589.2854413999999,250.13584730000002,0.40544358649042156,0.6369208337558177,0.5679473497617757,0.004859050046285954
Defect_L2_B214_el6191_H4_W4.npy,-586.2809444999998,246.80513170000017,0.406272100945787,0.6360023618408321,0.5679475263199187,0.004817882002394425
Defect_L2_B215_el6195_H4_W4.npy,-582.1646619999999,247.00051449999955,0.40740719932236297,0.6360562402369554,0.5679462030396142,0.004800874660164244
Defect_L2_B216_el6199_H4_W4.npy,-583.0037946999998,251.37531169999988,0.40717580165577866,0.6372626261445236,0.5679461631221286,0.0048286970757112965
Defect_L2_B217_el6203_H4_W4.npy,-584.9984597999994,259.5429299999996,0.4066257565320967,0.6395149133169474,0.567947044442198,0.00486670259117925
Defect_L2_B218_el6207_H4_W4.npy,-584.1991537999997,277.0285306999999,0.40684617166225046,0.6443367099181347,0.5679480612948687,0.004894652513463561
Defect_L2_B219_el6211_H4_W4.npy,-571.6807991000001,342.2995727999996,0.4102982097809589,0.6623357306182773,0.5679448604089284,0.004832873059701735
Defect_L2_B21_el479_H4_W4.npy,-585.4793698000001,259.2507981000001,0.40649314168841677,0.639434355569651,0.567944897342062,0.004883307054563941
Defect_L2_B22_el483_H4_W4.npy,-578.4134609999999,255.86183489999985,0.40844162350615265,0.6384998214052451,0.5679444848029205,0.0048212686634527425
Defect_L2_B23_el487_H4_W4.npy,-570.5370133999998,252.6201930000002,0.41061361798999735,0.6376059122874597,0.5679441768387858,0.004756290733592271
Defect_L2_B24_el491_H4_W4.npy,-561.7796873300001,250.14438149999978,0.4130285218760167,0.6369231871308751,0.5679439877395998,0.004690023509954204
Defect_L2_B25_el495_H4_W4.npy,-550.9553167000001,256.87863879999986,0.4160134301104661,0.6387802133502066,0.5679439932810829,0.00462245177593417
Defect_L2_B26_el499_H4_W4.npy,-530.5874086399999,308.30357500000014,0.42163004640761187,0.6529610577398095,0.5679401017708046,0.004492462952742376
Defect_L2_B27_el787_H4_W4.npy,-571.2347371999999,343.161237,0.4104212149776485,0.6625733415292326,0.5679420927447034,0.004884724742220187
Defect_L2_B28_el791_H4_W4.npy,-585.98736289,281.7554417000001,0.4063530584624062,0.6456401940697496,0.5679474244252287,0.004972059670641468
Defect_L2_B29_el795_H4_W4.npy,-589.318191952,266.2182419999999,0.4054345552593514,0.6413556848904093,0.5679470498643281,0.004965652030911697
Defect_L2_B2_el119_H4_W4.npy,-643.3344030000001,308.3093560999996,0.39053914575590437,0.6529626519251515,0.5679464347826271,0.005353891871389356
Defect_L2_B30_el799_H4_W4.npy,-589.8344823299997,259.8580389000001,0.40529218398869415,0.639601807158863,0.5679467568858177,0.00495209589312699
Defect_L2_B31_el803_H4_W4.npy,-589.32637224,256.7655128000001,0.4054322994784062,0.6387490179356674,0.5679465981213436,0.00494064567064191
Defect_L2_B32_el807_H4_W4.npy,-588.9897650999999,255.27255700000023,0.4055251216348442,0.6383373232317981,0.5679465727737828,0.0049340808813110384
Defect_L2_B33_el811_H4_W4.npy,-588.6672611000001,254.4059615000001,0.40561405473572804,0.6380983524747623,0.5679463758376907,0.004925514331055046
Defect_L2_B34_el815_H4_W4.npy,-586.9171498000001,253.26191859999994,0.40609666216013524,0.6377828733407322,0.5679459469992442,0.004904508211712793
Defect_L2_B35_el819_H4_W4.npy,-583.3864847300001,251.89213659999973,0.4070702717676368,0.6374051448139696,0.5679454324660231,0.004873890353001835
Defect_L2_B36_el823_H4_W4.npy,-578.8479984899998,250.88148429999978,0.4083217962592472,0.6371264492227384,0.5679449829753718,0.0048399931522217715
Defect_L2_B37_el827_H4_W4.npy,-573.2682092899997,253.23682029999964,0.4098604685108617,0.6377759522803859,0.5679446037035648,0.0048043236208351
Defect_L2_B38_el831_H4_W4.npy,-565.3572559999998,264.1533952000002,0.4120419782193542,0.6407862865921734,0.5679443113788832,0.0047655833190018565
Defect_L2_B39_el835_H4_W4.npy,-547.1601097,319.3231969999995,0.41705998930665106,0.6559998081274909,0.5679389424294048,0.0046494094328043325
Defect_L2_B3_el123_H4_W4.npy,-637.5000129999996,294.7783890999999,0.3921480262487549,0.6492313777292712,0.5679460572584049,0.005285394362379956
Defect_L2_B40_el1123_H4_W4.npy,-564.1819153000001,336.8562689999999,0.4123660879762752,0.6608346953257312,0.5679407438464673,0.0048229064239220885
Defect_L2_B41_el1127_H4_W4.npy,-578.980826,276.6172677999998,0.4082851679930954,0.6442233008287109,0.5679469883618634,0.004915796233361753
Defect_L2_B42_el1131_H4_W4.npy,-582.8506921999999,261.0395715999998,0.4072180209153168,0.6399276244101428,0.5679469086569616,0.004909289710128991
Defect_L2_B43_el1135_H4_W4.npy,-583.4860700199999,254.4137768000005,0.4070428103140049,0.6381005076072983,0.5679468267152085,0.004897219534006252
Defect_L2_B44_el1139_H4_W4.npy,-583.56567421,251.32264380000015,0.40702085881120165,0.6372481025427574,0.5679469064694974,0.004893179603971589
Defect_L2_B45_el1143_H4_W4.npy,-585.8922886090002,250.59659360000023,0.40637927596861895,0.6370478882952337,0.5679472470719286,0.004905068668384326
Defect_L2_B46_el1147_H4_W4.npy,-587.6663411319998,251.27172610000002,0.4058900665572587,0.6372340615728751,0.5679472569492555,0.004922319686477123
Defect_L2_B47_el1151_H4_W4.npy,-588.66533504,251.7129230999999,0.40561458586243754,0.6373557252338241,0.567946844835215,0.004921698890923435
Defect_L2_B48_el1155_H4_W4.npy,-586.80375742,251.62264359999995,0.40612793103112604,0.6373308299274675,0.5679461514815323,0.004904505160875493
Defect_L2_B49_el1159_H4_W4.npy,-583.3514663000001,252.41642990000014,0.4070799283845098,0.6375497229554554,0.5679455122801165,0.004880732411114977
Defect_L2_B4_el127_H4_W4.npy,-627.032586,288.2805948,0.3950345043742547,0.6474395581053132,0.5679456228090239,0.005200971161034274
Defect_L2_B50_el1163_H4_W4.npy,-578.5854333999998,255.5302413999998,0.4083942007182231,0.6384083818008124,0.5679448801176212,0.004853362974158299
Defect_L2_B51_el1167_H4_W4.npy,-571.3713501000002,267.1418868999999,0.41038354285941814,0.6416103874834705,0.5679443020621393,0.0048211986164808434
Defect_L2_B52_el1171_H4_W4.npy,-553.3739378000002,322.37723299999993,0.4153464756718039,0.6568419833925767,0.5679380223281411,0.004700977494175464
Defect_L2_B53_el1459_H4_W4.npy,-559.8833186000002,333.3169800000005,0.4135514609762394,0.659858707599395,0.5679396164499376,0.004791951658438101
Defect_L2_B54_el1463_H4_W4.npy,-574.5643775000001,273.5369203,0.4095030395853832,0.6433738699535123,0.5679464312489801,0.0048854422153092325
Defect_L2_B55_el1467_H4_W4.npy,-578.6783370999999,257.82505560000004,0.4083685817673741,0.639041195479894,0.567946563204672,0.004877214831705242
Defect_L2_B56_el1471_H4_W4.npy,-578.9668102999999,250.83336759999997,0.4082890329363583,0.6371131806513864,0.5679466183682911,0.004862767815447399
Defect_L2_B57_el1475_H4_W4.npy,-579.39021546,247.46779629999992,0.4081722755199881,0.6361850969936489,0.567946972728041,0.00486032644154913
Defect_L2_B58_el1479_H4_W4.npy,-584.6307440600001,247.50923509999984,0.4067271571379868,0.6361965240797653,0.5679478197202016,0.004890774592178765
Defect_L2_B59_el1483_H4_W4.npy,-589.7147037300001,250.53209670000024,0.40532521391178816,0.6370301027505136,0.5679480670361728,0.004941547667999177
Defect_L2_B5_el131_H4_W4.npy,-615.3564140000001,282.63549100000046,0.3982543037640736,0.6458828748215535,0.5679451678866295,0.005109112887181794
Defect_L2_B60_el1487_H4_W4.npy,-592.4136958239999,253.29950429999985,0.4045809448913089,0.6377932379031869,0.5679478217245799,0.0049626823490452
Defect_L2_B61_el1491_H4_W4.npy,-591.5908436139998,254.4783594999999,0.4048078530803686,0.638118316812066,0.5679469266078879,0.0049506627122770765
Defect_L2_B62_el1495_H4_W4.npy,-587.77344311,255.22525470000005,0.4058605323157784,0.6383242792378695,0.5679459620872487,0.004924090567565802
Defect_L2_B63_el1499_H4_W4.npy,-582.3621790999998,258.00172039999984,0.40735273237565656,0.6390899122352861,0.5679450456674848,0.004892116978401472
Defect_L2_B64_el1503_H4_W4.npy,-574.6460052,269.26622320000024,0.4094805300832406,0.6421961904951521,0.5679441649798005,0.004855582996557776
Defect_L2_B65_el1507_H4_W4.npy,-555.9471020999999,323.263956,0.41463690468886166,0.6570865044714318,0.5679372042256694,0.004726285482260365
Defect_L2_B66_el1795_H4_W4.npy,-551.0821701000002,330.9887829999998,0.41597844925373356,0.6592166883417153,0.5679386250318893,0.0047174639882351516
Defect_L2_B67_el1799_H4_W4.npy,-565.9872009000001,270.64965819999975,0.4118682657899175,0.6425776839477025,0.5679455889358057,0.004811981241403855
Defect_L2_B68_el1803_H4_W4.npy,-570.793404,255.2302487999998,0.4105429161968552,0.6383256564015608,0.5679459727657398,0.0048062060203766105
Defect_L2_B69_el1807_H4_W4.npy,-570.9026563,247.8896509000001,0.41051278898659516,0.6363014268304886,0.5679461779627226,0.004788784672400045
Defect_L2_B6_el135_H4_W4.npy,-603.2254810000002,276.9498549,0.4015995071981558,0.6443150144264245,0.5679447041492347,0.005012796643016999
Defect_L2_B70_el1811_H4_W4.npy,-570.0713948100001,243.52806569999984,0.41074201610300637,0.6350986842393719,0.567946770626132,0.004779382364195253
Defect_L2_B71_el1815_H4_W4.npy,-579.3476509700001,244.12927370000034,0.40818401302427715,0.6352644722349201,0.5679482287652522,0.0048305670561675455
Defect_L2_B72_el1819_H4_W4.npy,-590.0205305100001,251.26307740000016,0.4052408796899529,0.6372316766235114,0.5679486273122795,0.0049352333813977994
Defect_L2_B73_el1823_H4_W4.npy,-594.4781228000002,257.6129464999999,0.4040116623629553,0.6389827046705127,0.5679488836673765,0.004986225951314728
Defect_L2_B74_el1827_H4_W4.npy,-593.9713064,259.5258260999999,0.4041514211071286,0.6395101967774186,0.5679477085190241,0.004966821099826018
Defect_L2_B75_el1831_H4_W4.npy,-587.5732478,258.69015939999963,0.40591573780067386,0.6392797548885227,0.5679460478172266,0.004919474085492127
Defect_L2_B76_el1835_H4_W4.npy,-580.18306532,260.0654298999998,0.4079536407229462,0.6396589969137976,0.5679447533007096,0.004872126023816465
Defect_L2_B77_el1839_H4_W4.npy,-571.3727120000001,270.2233655,0.410383167304417,0.6424601302686934,0.5679435936210998,0.004825727521947291
Defect_L2_B78_el1843_H4_W4.npy,-551.8089733000002,323.4302769999997,0.41577802736033576,0.6571323688398492,0.5679364351174426,0.004685817880601346
Defect_L2_B79_el2131_H4_W4.npy,-539.9071437999999,323.9415386999997,0.4190600536410235,0.6572733534116505,0.5679355970067383,0.004615250534225777
Defect_L2_B7_el139_H4_W4.npy,-590.4370919999999,270.9383137,0.40512600947124394,0.6426572830494259,0.5679441986021072,0.004911256953605932
Defect_L2_B80_el2135_H4_W4.npy,-560.0274020999998,267.0961660999999,0.41351172877930176,0.6415977796010292,0.5679440322803456,0.004757414421866588
Defect_L2_B81_el2139_H4_W4.npy,-569.7558312000001,255.02972240000008,0.4108290353349025,0.6382703596159053,0.5679461063196913,0.004803105083765453
Defect_L2_B82_el2143_H4_W4.npy,-574.6938127999999,249.46297879999997,0.4094673467487275,0.636735284794589,0.5679475101136313,0.004816546479604171
Defect_L2_B83_el2147_H4_W4.npy,-572.9860937999999,243.36466689999997,0.4099382641516385,0.6350536256913704,0.5679491405264054,0.004797073758386791
Defect_L2_B84_el2151_H4_W4.npy,-586.4343794800002,243.00633479999988,0.40622979000218473,0.634954812700526,0.5679519021664428,0.004874399382430233
Defect_L2_B85_el2155_H4_W4.npy,-605.1869434700002,255.3786541999998,0.40105861796972897,0.638366580397573,0.567951896857014,0.00507336120916852
Defect_L2_B86_el2159_H4_W4.npy,-612.0903107000001,268.99568339999996,0.39915495831185055,0.6421215869450363,0.567952994985433,0.005154290534651813
Defect_L2_B87_el2163_H4_W4.npy,-607.3276986999999,268.36847169999965,0.40046828730456707,0.6419486282177284,0.5679500952939495,0.005062517476344464
Defect_L2_B88_el2167_H4_W4.npy,-590.4550063999998,260.26155510000035,0.40512106942974846,0.639713080032759,0.5679456658853695,0.004935787304206658
Defect_L2_B89_el2171_H4_W4.npy,-577.81536893,257.8038282,0.4086065522586617,0.6390353418517041,0.5679432547414074,0.004848976548105312
Defect_L2_B8_el143_H4_W4.npy,-576.8176150000002,264.5791554000002,0.40888169101946475,0.640903693429977,0.5679436858861411,0.004802506363627892
Defect_L2_B90_el2175_H4_W4.npy,-566.6764911,267.0865504000003,0.41167818841135817,0.641595127993551,0.567941455611664,0.0047837582439368125
Defect_L2_B91_el2179_H4_W4.npy,-546.1436882,318.3169475000002,0.4173402758017026,0.6557223266441672,0.567933860056508,0.004633585285245111
Defect_L2_B92_el2467_H4_W4.npy,-488.67313050000007,291.2352470999999,0.43318824948819973,0.6482543275068489,0.5679225651024495,0.004140391015392597
Defect_L2_B93_el2471_H4_W4.npy,-526.6599972000001,259.6668633999998,0.4227130620533286,0.639549088959932,0.5679358962443959,0.004440626232344588
Defect_L2_B94_el2475_H4_W4.npy,-562.8652886999998,276.7505838999998,0.4127291584691817,0.6442600638275288,0.5679478335824837,0.004733166687511851
Defect_L2_B95_el2479_H4_W4.npy,-602.254514,293.8929377000004,0.4018672592451567,0.6489872073044579,0.5679632556528547,0.005093095517668158
Defect_L2_B96_el2499_H4_W4.npy,-630.8326241000002,278.10544990000017,0.393986612962954,0.6446336791459815,0.5679587493742105,0.005164017339790563
Defect_L2_B97_el2503_H4_W4.npy,-566.6693251379997,254.72795616999974,0.41168016448365957,0.6381871451237564,0.5679427782637954,0.004699682344257137
Defect_L2_B98_el2507_H4_W4.npy,-538.8716743999998,240.11272959999997,0.4193455927494142,0.6341568775333036,0.5679356241727802,0.004510111387494738
Defect_L2_B99_el2511_H4_W4.npy,-525.2995076000002,240.67228490000025,0.4230882281252171,0.6343111794580707,0.5679316584172198,0.004432567625485719
Defect_L2_B9_el147_H4_W4.npy,-562.94229,258.0586872000001,0.4127079247344649,0.6391056212936901,0.567943246917405,0.004685966283320653
Defect_L3_B100_el2515_H4_W4.npy,-499.20324099999993,264.0013379999998,0.43028448587777796,0.6407443555826117,0.5679243877294138,0.004377678317829181
Defect_L3_B101_el2803_H4_W4.npy,-368.18481020000013,207.53471799999988,0.46641388372707954,0.6251732258817868,0.5678989555941081,0.0032380261852169175
Defect_L3_B102_el2807_H4_W4.npy,-371.0898571,161.6526269000001,0.4656127934180283,0.6125208661077618,0.567902388297959,0.00319084995174922
Defect_L3_B103_el2811_H4_W4.npy,-348.0207743000002,153.7105773000003,0.471974280618039,0.6103307813388846,0.5679042901113898,0.002974689988328582
Defect_L3_B104_el2815_H4_W4.npy,-332.02753430000007,153.77629980000006,0.4763845466190218,0.6103489048527722,0.5679180622165252,0.002690368183831956
Defect_L3_B105_el2835_H4_W4.npy,-283.40094520000025,175.67479999999978,0.4897937240371993,0.6163875943806337,0.5679999760167275,0.0022103993811819073
Defect_L3_B106_el2839_H4_W4.npy,-345.0321269300001,145.36799709999968,0.47279842443660464,0.6080302469995927,0.5679295595610007,0.002694787684961442
Defect_L3_B107_el2843_H4_W4.npy,-373.7190032000001,147.2412065999997,0.46488778499844313,0.6085467997537919,0.5679104651427127,0.0031296921048192834
Defect_L3_B108_el2847_H4_W4.npy,-401.71627820000003,161.2234595,0.4571673087189233,0.612402519706848,0.567906587914849,0.003402510821625033
Defect_L3_B109_el2851_H4_W4.npy,-396.1666089999999,214.75335100000007,0.45869767513557574,0.6271638226397592,0.5679022848954417,0.0034821315891588813
Defect_L3_B10_el151_H4_W4.npy,-544.1029700000001,206.00952570000004,0.41790302044225364,0.6247526417008673,0.5679425128030077,0.004557378530325848
Defect_L3_B110_el3139_H4_W4.npy,-432.3336310000002,228.06176600000003,0.4487243246772946,0.6308337263116524,0.5679098825633128,0.0037836240213159336
Defect_L3_B111_el3143_H4_W4.npy,-447.0067429999999,176.38051810000002,0.44467809470874464,0.616582201886224,0.5679187318082143,0.0037668848106071095
Defect_L3_B112_el3147_H4_W4.npy,-437.58397879999984,191.36483060000023,0.44727649857103513,0.6207142479236033,0.5679321587698943,0.003677066789226339
Defect_L3_B113_el3151_H4_W4.npy,-438.4003273000001,225.98753509999983,0.4470513838329017,0.6302617402715218,0.5679677383776874,0.003644277855675097
Defect_L3_B114_el3171_H4_W4.npy,-562.3919352,1562.5187999999998,0.4128596895465303,0.9988211064061563,0.5681030847410496,0.005974278868542829
Defect_L3_B115_el3175_H4_W4.npy,-466.19747559999973,1515.2240000000002,0.439386094118512,0.9857791806635748,0.5679993021173069,0.005368871157060457
Defect_L3_B116_el3179_H4_W4.npy,-431.85233659999983,1498.2115000000003,0.4488570455224007,0.9810878454280804,0.5679570416835409,0.005122986876770028
Defect_L3_B117_el3183_H4_W4.npy,-416.7055679,180.0264165000001,0.4530338901781653,0.6175875880216511,0.5679122134118485,0.003607941180249948
Defect_L3_B118_el3187_H4_W4.npy,-396.66859199999976,216.40924500000006,0.458559249240762,0.627620448877434,0.5679031272766624,0.0034467392777987453
Defect_L3_B119_el3475_H4_W4.npy,-502.9355189999999,266.77591099999995,0.42925527986513656,0.6415094666526102,0.5679275206497693,0.004415651832460594
Defect_L3_B11_el155_H4_W4.npy,-528.1595649999999,200.7546099000001,0.42229954403668485,0.6233035559314567,0.5679426591479502,0.004425961027791611
Defect_L3_B120_el3479_H4_W4.npy,-539.7153708999999,204.5698519,0.419112936577863,0.6243556399418336,0.5679355504659455,0.004552037114444993
Defect_L3_B121_el3483_H4_W4.npy,-556.1038176,205.47410229999969,0.41459368911518946,0.6246049943437869,0.5679409014433301,0.0046442301304733345
Defect_L3_B122_el3487_H4_W4.npy,-573.4930992000002,209.43043209999996,0.4097984532891781,0.625695984462463,0.5679474472734323,0.0047826407759854325
Defect_L3_B123_el3491_H4_W4.npy,-599.37928805,210.2981566999997,0.40266012618471547,0.6259352665780066,0.5679559344125393,0.005029502392321616
Defect_L3_B124_el3495_H4_W4.npy,-644.723516,227.83825699999989,0.3901560865486754,0.6307720918871321,0.5679665856596797,0.005406796451705635
Defect_L3_B125_el3499_H4_W4.npy,-663.2747162000001,232.3117516999996,0.3850404422189782,0.6320056944330195,0.5679701005713214,0.005651381931793751
Defect_L3_B126_el3503_H4_W4.npy,-649.6851417,1470.1489000000001,0.3887878779096309,0.9733493552485306,0.5679987077321715,0.006456090740478563
Defect_L3_B127_el3507_H4_W4.npy,-624.7397447000001,233.9373725999999,0.3956667740101158,0.6324539726171621,0.5679633995695432,0.005270653610291897
Defect_L3_B128_el3511_H4_W4.npy,-601.4037177999999,237.8069185999998,0.40210187321672386,0.6335210313971866,0.5679549316858361,0.00507663610828039
Defect_L3_B129_el3515_H4_W4.npy,-570.2849809000002,229.1340408000001,0.41068311800162044,0.6311294148084268,0.5679446888113506,0.004815607265820302
Defect_L3_B12_el159_H4_W4.npy,-508.4692270000003,196.36492070000008,0.4277293148791945,0.6220930634337738,0.5679431555426501,0.0042791332471458126
Defect_L3_B130_el3519_H4_W4.npy,-537.2787626999998,219.72077960000001,0.41978485110563707,0.628533631475673,0.5679350068830664,0.004566805523145965
Defect_L3_B131_el3523_H4_W4.npy,-492.362024,257.41459800000007,0.432171007104274,0.6389280084584946,0.567923817008409,0.004283739428641475
Defect_L3_B132_el3811_H4_W4.npy,-477.51189,249.52304200000003,0.43626605232902144,0.6367518477104752,0.5679215561289143,0.004167481286828943
Defect_L3_B133_el3815_H4_W4.npy,-525.9792009999999,216.7860358999999,0.4229007971423074,0.6277243520325013,0.567933346121665,0.004460035313700451
Defect_L3_B134_el3819_H4_W4.npy,-561.6119413000001,223.97084900000004,0.41307477920804625,0.6297056226779959,0.567943405959162,0.004724206400408587
Defect_L3_B135_el3823_H4_W4.npy,-592.7559202,227.0696764000004,0.40448657373635966,0.6305601495359142,0.5679533097167822,0.004979629497341455
Defect_L3_B136_el3827_H4_W4.npy,-613.09266419,221.39734650000037,0.39887855118496984,0.628995958433653,0.5679641984049075,0.005167000511647061
Defect_L3_B137_el3831_H4_W4.npy,-654.0223858999998,232.52556960000038,0.38759184754722653,0.6320646564578983,0.5679777749218229,0.005496772036553979
Defect_L3_B138_el3835_H4_W4.npy,-674.5904788999999,240.10618729999987,0.3819200286247972,0.634155073440871,0.5679732668251336,0.0057771586116906835
Defect_L3_B139_el3839_H4_W4.npy,-665.978764,1477.7678999999998,0.38429477904645204,0.9754503564628866,0.5679971398733972,0.0065782266518713385
Defect_L3_B13_el163_H4_W4.npy,-475.83002090000014,229.61327990000018,0.43672984141177346,0.6312615688878424,0.567942047208501,0.004096026051807393
Defect_L3_B140_el3843_H4_W4.npy,-616.7416850180002,231.08381414999985,0.3978723040146274,0.6316670806669473,0.5679576720205415,0.005207910951523165
Defect_L3_B141_el3847_H4_W4.npy,-582.9815291,216.07385060000024,0.4071819415760619,0.6275279611439142,0.5679451251954276,0.004872054383972157
Defect_L3_B142_el3851_H4_W4.npy,-558.5335417999997,209.58926270000006,0.4139236729064022,0.6257397832921622,0.5679379653683686,0.004664240911458468
Defect_L3_B143_el3855_H4_W4.npy,-537.175154,205.99754510000002,0.4198134220472983,0.6247493379529806,0.5679324151029784,0.004525300425821662
Defect_L3_B144_el3859_H4_W4.npy,-496.88349400000016,260.364967,0.43092417497923463,0.6397415967052197,0.5679244390547178,0.004353145829808029
Defect_L3_B145_el4147_H4_W4.npy,-325.10681810000017,175.3792241000001,0.47829299039647477,0.6163060869223277,0.5679000778556009,0.0028247949940503887
Defect_L3_B146_el4151_H4_W4.npy,-361.52129477000005,180.07852490000005,0.46825140230042384,0.6176019573367422,0.5679165006441547,0.0031651275385681456
Defect_L3_B147_el4155_H4_W4.npy,-406.0541228999999,213.70250079999983,0.4559711127637602,0.6268740421506784,0.5679465512728954,0.003551893563330319
Defect_L3_B148_el4159_H4_W4.npy,-467.91902920000007,262.46193300000004,0.43891136171213585,0.6403198521340769,0.568005852770576,0.004102822835614996
Defect_L3_B149_el4179_H4_W4.npy,-502.6711307999999,302.5283113999999,0.42932818706152215,0.6513684818326266,0.5681010701041933,0.00404688401839239
Defect_L3_B14_el451_H4_W4.npy,-569.0246810000001,307.8601457,0.4110306559489039,0.6528387785039805,0.5679429071085812,0.004998695303188696
Defect_L3_B150_el4183_H4_W4.npy,-427.5805058000003,244.98559471000044,0.45003503760775615,0.6355006097177773,0.5679919021852231,0.00353463232957856
Defect_L3_B151_el4187_H4_W4.npy,-405.6671643999998,200.16315059999988,0.4560778197172194,0.6231404562192185,0.5679397194710195,0.003394908734248014
Defect_L3_B152_el4191_H4_W4.npy,-403.24304700000016,176.3559515000004,0.4567462898053072,0.6165754274464773,0.5679154929846018,0.0033895890432277453
Defect_L3_B153_el4195_H4_W4.npy,-388.2302759999998,196.01560599999993,0.46088618350551075,0.6219967370643169,0.5679020545050644,0.0033755430590702885
Defect_L3_B154_el4483_H4_W4.npy,-182.04267029999994,105.4798434999999,0.5177440926748078,0.5970307642391226,0.5678978437539767,0.0015817257591143091
Defect_L3_B155_el4487_H4_W4.npy,-178.56085860000007,82.88063350000004,0.5187042305682136,0.5907988482851276,0.5679026693897112,0.0015315637830740792
Defect_L3_B156_el4491_H4_W4.npy,-165.42156979999993,76.59652440000013,0.5223274963149751,0.5890659540929442,0.5679101436015098,0.0013430773326177181
Defect_L3_B157_el4495_H4_W4.npy,-136.74380953999997,68.64286541000001,0.5302356219392398,0.5868726679403566,0.5679238881543105,0.0010502267412683837
Defect_L3_B158_el4515_H4_W4.npy,-156.19490000000002,51.394929999999995,0.5248718255516548,0.5821164094757884,0.5679556605418634,0.0006944158037378122
Defect_L3_B159_el4519_H4_W4.npy,-104.99319285000001,67.25724530000005,0.5389911127152267,0.5864905719259524,0.567933822031413,0.0008952208617994147
Defect_L3_B15_el455_H4_W4.npy,-601.754124,241.44284099000015,0.4020052458572648,0.6345236665667227,0.5679460360636311,0.005090777705784675
Defect_L3_B160_el4523_H4_W4.npy,-162.81267638999998,74.70479049999994,0.5230469198905802,0.5885442930847884,0.5679147810370867,0.001290374019272785
Defect_L3_B161_el4527_H4_W4.npy,-201.0318413,86.13978339999994,0.5125076743350498,0.5916975853763035,0.5679024784856012,0.0016325200121574527
Defect_L3_B162_el4531_H4_W4.npy,-210.34050879999984,116.6886712999999,0.5099407335657183,0.6001216896649408,0.5678942772088853,0.0018232898913156238
Defect_L3_B163_el4819_H4_W4.npy,-266.09717780000005,135.61416700000007,0.49456537862708455,0.6053405490228606,0.5678958853921586,0.00224465592423729
Defect_L3_B164_el4823_H4_W4.npy,-259.65249399999993,110.57699779999996,0.49634255259872667,0.598436345991854,0.5679083971647635,0.0020904453537895417
Defect_L3_B165_el4827_H4_W4.npy,-228.0104933,112.5105659300001,0.5050680916321111,0.5989695431291648,0.5679286759939864,0.0018119437332773938
Defect_L3_B166_el4831_H4_W4.npy,-172.08849296999995,122.69776659999991,0.520489038029611,0.6017787465651221,0.5679623550711648,0.0014949743320915201
Defect_L3_B167_el4851_H4_W4.npy,-175.31290590000003,97.52001869999992,0.519599879940424,0.594835777814282,0.567962433482558,0.001307768605507852
Defect_L3_B168_el4855_H4_W4.npy,-215.4574095700001,119.38720010000009,0.5085297065632889,0.6008658309283317,0.5679424644578172,0.0017542022480082817
Defect_L3_B169_el4859_H4_W4.npy,-230.16312119999998,113.38403784000002,0.5044744869816378,0.599210410112183,0.5679207969987148,0.0019045656200758372
Defect_L3_B16_el459_H4_W4.npy,-607.5754949999998,227.53710189999947,0.4003999554595464,0.6306890459190511,0.5679456535487225,0.005086298504998479
Defect_L3_B170_el4863_H4_W4.npy,-230.57689800000003,105.75530909999998,0.5043603846638437,0.5971067261186493,0.5679077674570819,0.001954988719915896
Defect_L3_B171_el4867_H4_W4.npy,-216.96530729999995,123.98547259999998,0.5081138915007013,0.6021338419673709,0.567899477400336,0.001893381212349329
Defect_L3_B172_el5155_H4_W4.npy,-442.7053249999999,223.1199200000001,0.44586424570512906,0.6294709720857486,0.5679137787263482,0.003841866590104828
Defect_L3_B173_el5159_H4_W4.npy,-472.22387179999987,185.50635350000016,0.4377242663544496,0.6190987252170305,0.5679241040793828,0.003947159666901976
Defect_L3_B174_el5163_H4_W4.npy,-491.88692749999996,199.3231234000002,0.4323020188280483,0.6229088118869845,0.5679380010036724,0.004070814079011976
Defect_L3_B175_el5167_H4_W4.npy,-534.0765390999998,231.20914090000042,0.42066789030661356,0.6317016405375265,0.567961853085953,0.004386155240690227
Defect_L3_B176_el5187_H4_W4.npy,-695.4964628999996,305.72721360000014,0.37615503351109353,0.6522506051305407,0.5680506988709836,0.005776263374602519
Defect_L3_B177_el5191_H4_W4.npy,-568.3355443,279.8934744000003,0.4112206909985899,0.6451267414436319,0.5679946804632644,0.004881203440020706
Defect_L3_B178_el5195_H4_W4.npy,-494.9328694000001,240.9305999999999,0.43146207557686594,0.6343824119477394,0.5679554805312126,0.004276158920525444
Defect_L3_B179_el5199_H4_W4.npy,-445.21212919999994,211.45524339999997,0.44517297405946,0.6262543426459702,0.567929942241582,0.0038476002326213936
Defect_L3_B17_el463_H4_W4.npy,-607.2665340000001,222.18690379999998,0.40048515396803674,0.6292136852804968,0.5679453782724415,0.005063448195943837
Defect_L3_B180_el5203_H4_W4.npy,-401.33197819999987,216.58160820000012,0.4572732825693863,0.627667979431642,0.5679118424442854,0.0034748020068352896
Defect_L3_B181_el5491_H4_W4.npy,-516.559105,268.847573,0.4254984652267477,0.6420807442976733,0.567932646726292,0.00449979710952097
Defect_L3_B182_el5495_H4_W4.npy,-554.8177999999998,206.8501497000002,0.41494831892740675,0.6249844506055552,0.56793780293204,0.004653213628135366
Defect_L3_B183_el5499_H4_W4.npy,-572.0402257000003,200.17159650000008,0.4101990949728381,0.6231427852448331,0.5679400631261643,0.004755552302216067
Defect_L3_B184_el5503_H4_W4.npy,-590.0238994000001,209.4478795,0.40523995069113666,0.6257007957249106,0.5679435483809097,0.004904572899167698
Defect_L3_B185_el5507_H4_W4.npy,-612.6227160000001,224.10767750000014,0.3990081432203911,0.6297433542496795,0.5679515571141995,0.00511913844278317
Defect_L3_B186_el5511_H4_W4.npy,-633.1824467999998,227.54491089999965,0.39333863024262056,0.6306911993143106,0.5679563815422306,0.005290844574382764
Defect_L3_B187_el5515_H4_W4.npy,-626.8703591999997,214.10281179999993,0.39507923973372466,0.6269844311646067,0.5679598463112655,0.005239793275934868
Defect_L3_B188_el5519_H4_W4.npy,-607.5471537999999,204.1553756999997,0.4004077707759417,0.6242413447588014,0.567962638487929,0.005040413710886053
Defect_L3_B189_el5523_H4_W4.npy,-589.7310828,199.62449824999976,0.4053206972500268,0.6229919184529151,0.567956024173531,0.00489645786841208
Defect_L3_B18_el467_H4_W4.npy,-604.5523704000002,219.39609289999999,0.4012336066546834,0.6284440964775124,0.5679451927842532,0.005031744754234508
Defect_L3_B190_el5527_H4_W4.npy,-586.5027545,204.88080007500002,0.4062109350343344,0.6244413864299918,0.5679500824405065,0.004869535181763527
Defect_L3_B191_el5531_H4_W4.npy,-575.5021085999999,211.70799220000004,0.4092444526081107,0.6263240401831441,0.5679464837881094,0.004799240953772285
Defect_L3_B192_el5535_H4_W4.npy,-556.7010649999997,217.68392119999976,0.4144289932873025,0.6279719512063631,0.567942437402156,0.0046924284361362315
Defect_L3_B193_el5539_H4_W4.npy,-517.025335,269.84341500000005,0.42536989851245854,0.6423553558282294,0.567934836341715,0.004511528390789064
Defect_L3_B194_el5827_H4_W4.npy,-524.2922430000001,275.799401,0.42336598953062177,0.6439977674070047,0.567938375212048,0.00456876014065721
Defect_L3_B195_el5831_H4_W4.npy,-560.8446860000001,212.32694469999979,0.41328635609701087,0.6264947213688808,0.5679422820446549,0.004709210223221064
Defect_L3_B196_el5835_H4_W4.npy,-574.6177518,205.4021201999999,0.4094883211880719,0.6245851446942907,0.5679430181512836,0.004781972810096821
Defect_L3_B197_el5839_H4_W4.npy,-585.3595041999997,207.48177910000027,0.4065261956024685,0.6251586275495666,0.5679444191660933,0.004863378619722872
Defect_L3_B198_el5843_H4_W4.npy,-595.1998668000001,211.4328886000003,0.4038126355851034,0.6262481781280617,0.5679471415147316,0.0049445680016631174
Defect_L3_B199_el5847_H4_W4.npy,-601.9294216999999,210.51858840000023,0.40195690609081597,0.6259960524120246,0.5679497126236737,0.004997078655142698
Defect_L3_B19_el471_H4_W4.npy,-600.6960091000001,217.41199029999984,0.4022970296464535,0.6278969640491088,0.5679450573618399,0.00499452055936954
Defect_L3_B1_el115_H4_W4.npy,-611.2913739999997,316.72129319999976,0.399375271604526,0.6552823119936889,0.5679433438464727,0.005343737102554481
Defect_L3_B200_el5851_H4_W4.npy,-598.8165001000002,202.8874411000004,0.4028153195390106,0.6238917014809012,0.5679497138828244,0.004964951344256001
Defect_L3_B201_el5855_H4_W4.npy,-588.2517253999999,195.79072280000014,0.405728642084502,0.6219347236929705,0.5679507998504633,0.004864476575388713
Defect_L3_B202_el5859_H4_W4.npy,-580.9680824,195.47566149000045,0.40773716587869235,0.6218478429743847,0.5679483469372123,0.004805019499693515
Defect_L3_B203_el5863_H4_W4.npy,-581.3387012999999,197.8273339999996,0.40763496470282107,0.6224963357948697,0.5679467215078184,0.0048149451346622945
Defect_L3_B204_el5867_H4_W4.npy,-580.9679330000001,206.58318361000033,0.4077372070769574,0.6249108325350365,0.5679462475440423,0.004832543098495125
Defect_L3_B205_el5871_H4_W4.npy,-574.91075,223.30528590000017,0.40940752455150486,0.6295220882402309,0.5679459807156604,0.004836129088182596
Defect_L3_B206_el5875_H4_W4.npy,-542.957823,288.521164,0.4182188040408383,0.6475058970187317,0.5679421411365928,0.004750479191893188
Defect_L3_B207_el6163_H4_W4.npy,-513.5541034,269.5486609999998,0.4263271188572428,0.6422740750155326,0.567940208727101,0.004463322332569138
Defect_L3_B208_el6167_H4_W4.npy,-548.7793790000001,207.99909879999996,0.4166134626278652,0.6253012826641368,0.5679431002355155,0.004601916645546762
Defect_L3_B209_el6171_H4_W4.npy,-562.8998800000002,201.47233859999983,0.4127196196368799,0.6235014754576776,0.5679433962137642,0.004677499786496568
Defect_L3_B20_el475_H4_W4.npy,-595.6094166999999,215.54716769999982,0.4036996988693613,0.6273827240507941,0.5679448469293653,0.004950895503850028
Defect_L3_B210_el6175_H4_W4.npy,-573.4961351,203.80401540000003,0.40979761611506255,0.6241444542985081,0.5679441070929592,0.004753777230327285
Defect_L3_B211_el6179_H4_W4.npy,-582.5288906000001,206.43307710000045,0.4073067603236881,0.6248694394441069,0.5679453518338711,0.004824272225556287
Defect_L3_B212_el6183_H4_W4.npy,-589.7482435,208.13342809999995,0.405315965047436,0.6253383250610948,0.5679467408664131,0.0048826852350166245
Defect_L3_B213_el6187_H4_W4.npy,-592.2864873000001,206.51429080000025,0.4046160236763726,0.6248918347823825,0.5679470175177158,0.004899798849194279
Defect_L3_B214_el6191_H4_W4.npy,-590.4216681,203.25318390000007,0.4051302627371095,0.6239925580325407,0.5679475818415818,0.004878230398338015
Defect_L3_B215_el6195_H4_W4.npy,-589.0562346999998,203.1186563999995,0.4055067921020554,0.6239554609803205,0.5679465260341714,0.004869576409923896
Defect_L3_B216_el6199_H4_W4.npy,-590.6749390000002,206.62743711999997,0.4050604212266145,0.624923035800327,0.5679462343452691,0.004891333415406876
Defect_L3_B217_el6203_H4_W4.npy,-591.451157,213.72752189999983,0.4048463728002325,0.6268809419224968,0.5679465652172311,0.00491864171750126
Defect_L3_B218_el6207_H4_W4.npy,-586.717971,229.49791129999994,0.4061515873341311,0.6312297550581141,0.5679470520839929,0.004933005076977195
Defect_L3_B219_el6211_H4_W4.npy,-556.2537767000001,296.375503,0.4145523366737662,0.6496717948763201,0.5679444048855066,0.0048537383210729
Defect_L3_B21_el479_H4_W4.npy,-589.3848149999999,213.03240600000004,0.4054161834120287,0.6266892580597828,0.567944586147999,0.004898861787621782
Defect_L3_B22_el483_H4_W4.npy,-582.4163194,209.95609609999974,0.4073378027476154,0.6258409405856213,0.5679443696709485,0.004841230322550646
Defect_L3_B23_el487_H4_W4.npy,-574.6661692999999,207.4453337,0.4094749696686735,0.6251485774341108,0.567944253377998,0.004782023331638837
Defect_L3_B24_el491_H4_W4.npy,-565.6885070000001,205.84363480000002,0.4119506330620819,0.6247068959360227,0.5679442344798137,0.004722146217459288
Defect_L3_B25_el495_H4_W4.npy,-552.7520860000002,212.44342789999973,0.41551795636309535,0.6265268425586239,0.5679444140186055,0.004659094394134224
Defect_L3_B26_el499_H4_W4.npy,-517.7307529,275.58301700000015,0.42517537378945963,0.643938097759181,0.5679415547387137,0.004529752855726531
Defect_L3_B27_el787_H4_W4.npy,-555.8036314000001,300.233616,0.41467646790121554,0.6507357009136114,0.5679416458932312,0.00488905391921654
Defect_L3_B28_el791_H4_W4.npy,-589.3646289999997,233.86138759999994,0.4054217498656989,0.6324330191354358,0.5679460092352178,0.004988294707868488
Defect_L3_B29_el795_H4_W4.npy,-596.0422420999998,219.56820119999975,0.40358034374519747,0.6284915567409722,0.5679459615789895,0.004991769737247091
Defect_L3_B2_el119_H4_W4.npy,-632.7426,254.55379485999947,0.3934599215749385,0.6381391187260921,0.5679454998750728,0.005357064898356988
Defect_L3_B30_el799_H4_W4.npy,-597.5124640000001,213.69184299999984,0.403174918099145,0.6268711031756498,0.5679459494423678,0.0049839158348430525
Defect_L3_B31_el803_H4_W4.npy,-597.5529363999999,210.83946510000033,0.4031637575056882,0.626084536771699,0.5679460017216885,0.004974956201977428
Defect_L3_B32_el807_H4_W4.npy,-597.3529290000001,209.48709899999994,0.4032189111728729,0.6257116108210027,0.567946110161229,0.00496785958418232
Defect_L3_B33_el811_H4_W4.npy,-596.2998143,208.93131949999997,0.4035093161162456,0.6255583501037939,0.5679460091922249,0.004957971174638436
Defect_L3_B34_el815_H4_W4.npy,-593.7822057999999,207.9636535999996,0.4042035671355097,0.6252915083619653,0.5679457227931882,0.004937595722448854
Defect_L3_B35_el819_H4_W4.npy,-590.1604938,206.5475256000002,0.40520228367443184,0.6249009995487769,0.5679453577523972,0.004909030831233429
Defect_L3_B36_el823_H4_W4.npy,-585.5177237,205.92124239999998,0.4064825652885644,0.6247282968628953,0.5679450795981874,0.004877560598326242
Defect_L3_B37_el827_H4_W4.npy,-579.438271,208.10436990000017,0.4081590238140035,0.6253303120261182,0.5679448534982656,0.004843846473621593
Defect_L3_B38_el831_H4_W4.npy,-568.930114,219.73625079999988,0.4110567335682553,0.6285378977848981,0.5679446772133259,0.004803982049094214
Defect_L3_B39_el835_H4_W4.npy,-533.9378511999998,286.15464599999973,0.4207061346229695,0.6468533104336425,0.5679405080644275,0.004684077107188807
Defect_L3_B3_el123_H4_W4.npy,-629.5504729999996,242.6650770000001,0.3943401765563507,0.6348607080867699,0.5679449951508138,0.0052806134328283036
Defect_L3_B40_el1123_H4_W4.npy,-549.6282448000002,296.1506630000001,0.41637938097979776,0.6496097934177251,0.5679405083228846,0.004833372479377882
Defect_L3_B41_el1127_H4_W4.npy,-583.4412129999998,229.67675570000029,0.40705518000208635,0.6312790728559329,0.5679456582603881,0.0049379210704040815
Defect_L3_B42_el1131_H4_W4.npy,-590.3908959999999,215.35343449999982,0.40513874839395014,0.6273293005452868,0.5679459296487301,0.004943881365886554
Defect_L3_B43_el1135_H4_W4.npy,-592.3935580999998,209.2773868000004,0.4045864980324795,0.6256537809762902,0.5679461715626986,0.004940548628383126
Defect_L3_B44_el1139_H4_W4.npy,-593.5477262999998,206.4540148000001,0.4042682267646266,0.6248752131851655,0.5679464906901805,0.004940968878456054
Defect_L3_B45_el1143_H4_W4.npy,-595.4002341,205.73058560000027,0.40375738267256667,0.624675721699708,0.5679468744923295,0.004951292732600675
Defect_L3_B46_el1147_H4_W4.npy,-596.8875255,206.4478391,0.40334724997306526,0.6248735101856643,0.5679468706065003,0.004963403734558926
Defect_L3_B47_el1151_H4_W4.npy,-596.2648451,206.74480409999978,0.4035189591575456,0.6249554006995927,0.567946513595567,0.004959946484407356
Defect_L3_B48_el1155_H4_W4.npy,-593.8502848,206.24881440000013,0.4041847937975818,0.6248186275059967,0.5679459323052297,0.004942512226296409
Defect_L3_B49_el1159_H4_W4.npy,-590.1569009,206.87361290000013,0.40520327444582743,0.6249909207737783,0.5679454116462594,0.004919710181506698
Defect_L3_B4_el127_H4_W4.npy,-619.5948229999997,236.8898839999997,0.39708552801188346,0.633268151648111,0.5679444869907517,0.005189573463028568
Defect_L3_B50_el1163_H4_W4.npy,-584.9035887000002,210.00779770000008,0.40665191800949607,0.6258551977223039,0.5679449229087647,0.00489333454580963
Defect_L3_B51_el1167_H4_W4.npy,-575.036018,222.31289700000002,0.40937298088171614,0.6292484289300834,0.5679444621726218,0.004859296738106866
Defect_L3_B52_el1171_H4_W4.npy,-540.0064359999999,289.28154900000004,0.41903267300934266,0.6477155793665962,0.5679395173509927,0.004736695256227411
Defect_L3_B53_el1459_H4_W4.npy,-545.9310030000001,293.85039499999993,0.4173989254753442,0.6489754758089384,0.5679395895588171,0.004806944787282523
Defect_L3_B54_el1463_H4_W4.npy,-579.9117210000002,227.06470899999977,0.4080284661259949,0.6305587797349649,0.5679452729524388,0.00491227782817326
Defect_L3_B55_el1467_H4_W4.npy,-586.8762305999999,212.64009620000002,0.40610794596232597,0.6265810754418271,0.5679457801539776,0.0049184874282776425
Defect_L3_B56_el1471_H4_W4.npy,-588.9217503,206.28837620000036,0.40554387726909985,0.6248295369940978,0.5679462241587043,0.004915699764512577
Defect_L3_B57_el1475_H4_W4.npy,-590.5194669000002,203.31736329999967,0.4051032939226243,0.6240102560240535,0.5679468224122707,0.004920175857454079
Defect_L3_B58_el1479_H4_W4.npy,-594.2836366000004,203.29552609999973,0.4040652935143368,0.6240042342385542,0.5679475836273334,0.004946834362486538
Defect_L3_B59_el1483_H4_W4.npy,-598.6456574000001,205.98527970000032,0.4028624308029775,0.6247459556691777,0.5679476265205206,0.004984415278453015
Defect_L3_B5_el131_H4_W4.npy,-608.075427,231.93692660000033,0.4002620951446631,0.6319023333632898,0.567944006615655,0.005093027568401519
Defect_L3_B60_el1487_H4_W4.npy,-599.6131591000001,208.13685329999976,0.4025956343406345,0.6253392695878514,0.5679472581018689,0.004995857232653044
Defect_L3_B61_el1491_H4_W4.npy,-597.3007181,208.45437930000048,0.4032333087531725,0.6254268299647501,0.5679463459615836,0.004980716064193408
Defect_L3_B62_el1495_H4_W4.npy,-593.2651249999999,209.2662757000005,0.40434615637146193,0.6256507170001002,0.5679455393763863,0.004955336757089501
Defect_L3_B63_el1499_H4_W4.npy,-587.7340132000002,212.0694691000001,0.4058714054341393,0.6264237203781646,0.5679448024287165,0.004925876610489043
Defect_L3_B64_el1503_H4_W4.npy,-577.6128282,223.3882920000001,0.4086624045121972,0.629544977847384,0.5679440674174191,0.004889118311932803
Defect_L3_B65_el1507_H4_W4.npy,-542.2581999999998,290.18792099999996,0.41841173077303306,0.647965518817004,0.567938547076076,0.004760407968007965
Defect_L3_B66_el1795_H4_W4.npy,-537.1566030000001,292.294934,0.41981853763642124,0.6485465447878224,0.5679387287402394,0.004731322808026957
Defect_L3_B67_el1799_H4_W4.npy,-570.3508664000001,224.51460780000002,0.41066494953915705,0.6298555685894167,0.5679445646824058,0.004839279624314596
Defect_L3_B68_el1803_H4_W4.npy,-577.7293152,210.34328870000013,0.40863028227457326,0.6259477120940594,0.5679453773450492,0.004849856694951783
Defect_L3_B69_el1807_H4_W4.npy,-579.8415124,203.7341290999998,0.4080478267184426,0.6241251825829066,0.5679460917601665,0.0048483655110101
Defect_L3_B6_el135_H4_W4.npy,-596.2950159999998,227.12356739999996,0.40351063928649455,0.6305750104174528,0.567943567532716,0.004994392110326509
Defect_L3_B70_el1811_H4_W4.npy,-581.2425235000001,202.16909190000024,0.4076614865133728,0.6236936108467586,0.5679470819030877,0.004852443925665247
Defect_L3_B71_el1815_H4_W4.npy,-587.3544857000002,202.6130980999999,0.4059760632289131,0.6238160491674543,0.5679483066244687,0.004898957708326648
Defect_L3_B72_el1819_H4_W4.npy,-596.2340716000001,206.55176499999993,0.40352744520044753,0.6249021685978055,0.5679481655028931,0.004976804835721898
Defect_L3_B73_el1823_H4_W4.npy,-599.1009846000002,212.02910249999968,0.4027368706244594,0.6264125889599181,0.5679479737885057,0.005006160914306103
Defect_L3_B74_el1827_H4_W4.npy,-595.3352052999999,212.93064409999988,0.4037753148930377,0.6266611963882411,0.5679466607648231,0.004981055351318364
Defect_L3_B75_el1831_H4_W4.npy,-589.5086757999998,212.30193689999987,0.4053820277890846,0.6264878252646456,0.5679452115782582,0.0049388546471058675
Defect_L3_B76_el1835_H4_W4.npy,-582.9472235000001,213.8415258,0.407191401624265,0.626912379425101,0.5679441687475116,0.004898023447309199
Defect_L3_B77_el1839_H4_W4.npy,-572.2395713999999,223.71599200000014,0.41014412377481,0.6296353437875264,0.5679432311538817,0.0048543943155287175
Defect_L3_B78_el1843_H4_W4.npy,-537.6737029999999,290.8216829999999,0.4196759431059129,0.6481402838428098,0.5679376213528414,0.004719093159066323
Defect_L3_B79_el2131_H4_W4.npy,-524.9294209999998,283.05210599999987,0.4231902825150344,0.6459977597960801,0.5679351588021321,0.0046155333721719085
Defect_L3_B7_el139_H4_W4.npy,-584.1393330000001,222.28490770000008,0.4068626677343653,0.629240710652975,0.5679431721186492,0.004893390545972288
Defect_L3_B80_el2135_H4_W4.npy,-561.8254714,221.05372239999974,0.41301589654635823,0.6289012012934269,0.5679424759271421,0.004766342369279092
Defect_L3_B81_el2139_H4_W4.npy,-574.7388174999999,209.60370650000004,0.409454936336685,0.6257437662874816,0.5679450500603809,0.004826578465927966
Defect_L3_B82_el2143_H4_W4.npy,-581.0649179999998,204.52644110000028,0.4077104626744408,0.6243436690606793,0.5679472805525879,0.004862138890336867
Defect_L3_B83_el2147_H4_W4.npy,-583.1099859999997,201.48837649999996,0.4071465185411634,0.6235058980390369,0.567950044957212,0.004875829448121497
Defect_L3_B84_el2151_H4_W4.npy,-593.7272172999999,203.6185185000004,0.40421873066159913,0.6240933020197105,0.5679527225016902,0.00495956515295409
Defect_L3_B85_el2155_H4_W4.npy,-610.3775388499998,211.30692799999997,0.3996272690792433,0.6262134434681901,0.5679518784376796,0.005111365109185964
Defect_L3_B86_el2159_H4_W4.npy,-615.2799689000001,222.1921814000002,0.3982753841221169,0.6292151406216189,0.5679518692214898,0.005152530120805352
Defect_L3_B87_el2163_H4_W4.npy,-602.7298309999999,220.45007769999984,0.4017361867167142,0.6287347413580364,0.5679486709152217,0.005059785534729284
Defect_L3_B88_el2167_H4_W4.npy,-590.7871232,213.86467410000023,0.40502948552108475,0.6269187627570882,0.5679447798497137,0.004953029256861165
Defect_L3_B89_el2171_H4_W4.npy,-580.8004257000002,211.72660229999997,0.4077833985772478,0.6263291720695727,0.5679426392769154,0.004877912494400173
Defect_L3_B8_el143_H4_W4.npy,-571.521444,216.9941332000003,0.41034215324579865,0.6277817365554054,0.5679428403306372,0.004787803769291618
Defect_L3_B90_el2175_H4_W4.npy,-568.1304896999998,220.73729170000024,0.4112772364722229,0.6288139429544114,0.5679409799109287,0.004815949212820712
Defect_L3_B91_el2179_H4_W4.npy,-532.4159480000001,286.43357600000013,0.4211258118078143,0.6469302276496448,0.5679348947171193,0.004671372606953978
Defect_L3_B92_el2467_H4_W4.npy,-470.4402560000001,249.56643799999983,0.43821611291721957,0.6367638145104093,0.567919792384648,0.004102525951239783
Defect_L3_B93_el2471_H4_W4.npy,-513.9878184000002,216.47752260000016,0.4262075184186439,0.6276392769809271,0.5679315092857121,0.004373773459682983
Defect_L3_B94_el2475_H4_W4.npy,-550.1265122,230.13746390000028,0.4162419796919026,0.6314061168889641,0.5679430447850159,0.004638843216394269
Defect_L3_B95_el2479_H4_W4.npy,-593.2892186999998,244.3681717000004,0.40433951233773596,0.6353303503013471,0.5679586128760477,0.0049850551230925955
Defect_L3_B96_el2499_H4_W4.npy,-620.3223271700001,234.14109659999986,0.39688491282030713,0.6325101511670235,0.5679602226892888,0.005229647700568132
Defect_L3_B97_el2503_H4_W4.npy,-578.8488378,222.75021216999994,0.4083215648126886,0.6293690221448395,0.5679447627581613,0.004811384779805549
Defect_L3_B98_el2507_H4_W4.npy,-553.5398167999999,209.72589460000063,0.4153007331884812,0.6257774606497971,0.5679365082202157,0.004612423158958141
Defect_L3_B99_el2511_H4_W4.npy,-535.6374694000003,204.9246479999997,0.42023745108154115,0.6244534778519201,0.567931518572603,0.00451193332604676
Defect_L3_B9_el147_H4_W4.npy,-558.3346379999998,211.3388677999999,0.41397852224691145,0.6262222511278024,0.5679425925785112,0.004676463580154951
Defect_L4_B100_el2515_H4_W4.npy,-486.2572670000002,215.12872999999968,0.43385444349623464,0.6272673364519186,0.5679261879568306,0.004008265742339429
Defect_L4_B101_el2803_H4_W4.npy,-353.0948338999999,166.82043629999998,0.4705750674166589,0.6139459315789472,0.5678998259524971,0.0029513631729685143
Defect_L4_B102_el2807_H4_W4.npy,-357.8244560999999,125.0991249000001,0.46927083562959426,0.6024409406462882,0.56790174538495,0.0029133163130402014
Defect_L4_B103_el2811_H4_W4.npy,-330.3125489,119.15158570000017,0.4768574677908296,0.6008008583413099,0.5679033802347746,0.00271729418553435
Defect_L4_B104_el2815_H4_W4.npy,-298.8800625000001,122.17296590000024,0.48552523155203586,0.60163402850396,0.567916725491001,0.002453256720229984
Defect_L4_B105_el2835_H4_W4.npy,-264.87296560000027,153.0610999999999,0.4949029650975963,0.6101516826912934,0.5679981043665977,0.0021082958474451688
Defect_L4_B106_el2839_H4_W4.npy,-317.047319,121.31986449999977,0.4805154628201789,0.6013987788547449,0.5679276378680929,0.002517034011348916
Defect_L4_B107_el2843_H4_W4.npy,-361.2498730999997,113.10420469999985,0.4683262490333644,0.5991332438479807,0.567909823661743,0.002897141873416635
Defect_L4_B108_el2847_H4_W4.npy,-391.03259619999994,123.65471430000002,0.4601134209194476,0.6020426326761308,0.5679061258327415,0.003129877952340602
Defect_L4_B109_el2851_H4_W4.npy,-386.4718019999998,174.95740000000023,0.46137109701245566,0.616189765496111,0.5679034010480635,0.0031895996074329303
Defect_L4_B10_el151_H4_W4.npy,-527.844096,153.2990871000004,0.42238653717910396,0.6102173095696372,0.5679431847899661,0.004229801671476504
Defect_L4_B110_el3139_H4_W4.npy,-421.60328200000004,184.44943000000012,0.4516833056826057,0.6188072699660814,0.5679112932647975,0.003472852361927624
Defect_L4_B111_el3143_H4_W4.npy,-435.72894099999985,1497.4970999999996,0.44778804033117114,0.980890843817956,0.56794798459102,0.004933718962211495
Defect_L4_B112_el3147_H4_W4.npy,-429.27282279999986,1500.2299000000003,0.4495683674316078,0.9816444356434704,0.5679614831853986,0.004898557486459425
Defect_L4_B113_el3151_H4_W4.npy,-425.0603015999998,179.3160249,0.4507300044124059,0.617391691760427,0.5679674911339474,0.003424721434769082
Defect_L4_B114_el3171_H4_W4.npy,-520.0892201000001,1554.4231,0.4245250072779464,0.9965886512898599,0.5680981555194119,0.005644858244029324
Defect_L4_B115_el3175_H4_W4.npy,-429.24976949999996,1511.3663000000006,0.44957472456657227,0.9847153885143926,0.5679966029745926,0.005101469758659043
Defect_L4_B116_el3179_H4_W4.npy,-405.60580030000006,152.19218360000013,0.45609474136686073,0.6099120719272071,0.5679262859275314,0.0034150321002026766
Defect_L4_B117_el3183_H4_W4.npy,-398.9690785,139.32094575999986,0.45792487137882343,0.6063627234126898,0.5679113793924246,0.0032918727530159724
Defect_L4_B118_el3187_H4_W4.npy,-374.36688460000005,173.6602624000002,0.46470912643325624,0.6158320692534562,0.5679040264551118,0.0031416933313703687
Defect_L4_B119_el3475_H4_W4.npy,-490.15486699999997,216.91634999999997,0.43277964859755064,0.6277602872054043,0.5679295173542505,0.0040493632230688085
Defect_L4_B11_el155_H4_W4.npy,-512.6600469999998,149.43812813,0.4265736621807896,0.6091526187329724,0.5679431553129352,0.0041061893879432276
Defect_L4_B120_el3479_H4_W4.npy,-524.3678368999999,156.29186430000004,0.4233451438979013,0.6110425922224129,0.5679362507106249,0.004194307458693713
Defect_L4_B121_el3483_H4_W4.npy,-541.1445926000001,156.3562152999998,0.41871881707041003,0.6110603375340211,0.5679423201178095,0.004293717350460354
Defect_L4_B122_el3487_H4_W4.npy,-559.0026642,159.0323030999998,0.41379430858928945,0.6117982905091522,0.5679494927638238,0.004429303003086462
Defect_L4_B123_el3491_H4_W4.npy,-583.1731590499999,157.63698269999986,0.40712909805884745,0.6114135195608892,0.5679566530675543,0.00464706032511558
Defect_L4_B124_el3495_H4_W4.npy,-619.7109449999998,166.44870149999997,0.397053506425978,0.6138434226845754,0.5679647581480277,0.004928489850697482
Defect_L4_B125_el3499_H4_W4.npy,-632.7593611999998,168.42861279999988,0.3934552995377218,0.6143893993279166,0.5679698946169298,0.0050940680228648725
Defect_L4_B126_el3503_H4_W4.npy,-624.5031067,168.50148290000016,0.3957320288631625,0.6144094938506349,0.5679682082712879,0.004986328310067282
Defect_L4_B127_el3507_H4_W4.npy,-602.9507837000001,175.75969590000022,0.40167525721270897,0.6164110051155064,0.567963632268291,0.004848459626704023
Defect_L4_B128_el3511_H4_W4.npy,-579.5425577999999,180.93421679999983,0.40813026588075224,0.6178379213374003,0.5679562323876338,0.004670606260426656
Defect_L4_B129_el3515_H4_W4.npy,-549.3777979000001,174.54992070000026,0.4164484437493255,0.6160773997651589,0.5679453949995508,0.004426284762686679
Defect_L4_B12_el159_H4_W4.npy,-494.36485300000027,146.5853578000001,0.4316187107187709,0.6083659441132573,0.5679434554613111,0.003966968429145094
Defect_L4_B130_el3519_H4_W4.npy,-518.2877406999999,167.38615110000023,0.4250217798736989,0.6141019320359337,0.5679351463801351,0.004190121944424784
Defect_L4_B131_el3523_H4_W4.npy,-472.13430399999993,208.13401999999996,0.4377489654037431,0.6253384882823336,0.5679254797906871,0.003919410817391625
Defect_L4_B132_el3811_H4_W4.npy,-458.97146900000007,202.90827999999965,0.44137872420665275,0.623897447977056,0.5679231218967964,0.0038126116426410064
Defect_L4_B133_el3815_H4_W4.npy,-507.4789159999998,166.24264770000013,0.4280024011915178,0.613786601673416,0.5679336165741611,0.004094766929398357
Defect_L4_B134_el3819_H4_W4.npy,-541.7683282999999,171.29801820000034,0.41854681687837214,0.6151806612034751,0.5679443821517562,0.004348241393795556
Defect_L4_B135_el3823_H4_W4.npy,-573.0530502000001,172.65212920000022,0.40991980037979053,0.6155540683245374,0.5679551094714029,0.0045932387505802485
Defect_L4_B136_el3827_H4_W4.npy,-594.8857451900003,167.9079095000002,0.40389925717377184,0.6142458111581282,0.5679646938460492,0.004771009839400381
Defect_L4_B137_el3831_H4_W4.npy,-629.6566068999998,170.50133360000018,0.39431090927025214,0.6149609689456909,0.5679757216988663,0.0050156879713468255
Defect_L4_B138_el3835_H4_W4.npy,-643.5649418999997,174.91294929999958,0.390475572779286,0.616177507854074,0.567976103304607,0.005196663467181698
Defect_L4_B139_el3839_H4_W4.npy,-638.7738379999998,1477.3288000000002,0.39179675864514846,0.9753292710667424,0.5679982517477514,0.0061463743521817694
Defect_L4_B13_el163_H4_W4.npy,-459.68986900000004,183.19925990000024,0.44118061956399707,0.6184625253935324,0.5679430679142472,0.0037961836383412803
Defect_L4_B140_el3843_H4_W4.npy,-597.8318600180003,172.51396904999956,0.4030868420495744,0.6155159695395358,0.5679586492684013,0.004802821140637848
Defect_L4_B141_el3847_H4_W4.npy,-566.9459381000001,164.38660460000028,0.41160388620973,0.6132747826936291,0.5679477015229358,0.004507208314083122
Defect_L4_B142_el3851_H4_W4.npy,-542.9316677999998,159.6815356999998,0.4182260165499552,0.6119773216787282,0.5679396490398089,0.004310438436201142
Defect_L4_B143_el3855_H4_W4.npy,-521.8704030000001,157.3414361,0.42403383160713787,0.6113320201822965,0.5679332304496038,0.004170478985912144
Defect_L4_B144_el3859_H4_W4.npy,-484.8992760000001,213.59245999999985,0.4342289205588524,0.6268436975051306,0.5679265404270843,0.003996623203523771
Defect_L4_B145_el4147_H4_W4.npy,-300.65929529999994,139.48188000000016,0.4850345936371623,0.6064071023382277,0.5679006751406366,0.0025699294249875593
Defect_L4_B146_el4151_H4_W4.npy,-338.9630294999997,141.2678136999998,0.47447202741212324,0.6068995880807737,0.567915626454969,0.0028830798707382044
Defect_L4_B147_el4155_H4_W4.npy,-372.1898326999999,170.14267040000004,0.46530946620036695,0.6148620646513288,0.567944864301497,0.0032411103149016266
Defect_L4_B148_el4159_H4_W4.npy,-425.1108627000003,211.80122359999996,0.45071606177787377,0.6263497494999332,0.5680029288396052,0.0037518332648844993
Defect_L4_B149_el4179_H4_W4.npy,-504.6056108,239.90938289999985,0.42879473846864274,0.6341008030269859,0.5681010750247453,0.0038597613519644127
Defect_L4_B14_el451_H4_W4.npy,-550.0755810000003,245.44896970000036,0.4162560243845194,0.6356283891398395,0.567943832881478,0.004562000662571171
Defect_L4_B150_el4183_H4_W4.npy,-416.18577030000006,197.88260291000006,0.45317722859381293,0.6225115766462973,0.5679920966661071,0.0033470659707551835
Defect_L4_B151_el4187_H4_W4.npy,-396.87154020000025,158.66413979999993,0.45850328462406004,0.6116967664849521,0.5679396634518022,0.00318217309401854
Defect_L4_B152_el4191_H4_W4.npy,-395.41919099999996,137.3929894700002,0.4589037817277311,0.6058310737858997,0.5679153342749195,0.003147091497863704
Defect_L4_B153_el4195_H4_W4.npy,-380.444694,163.16746999999987,0.4630331210611569,0.6129385964126127,0.5679033000270042,0.0031127476880362217
Defect_L4_B154_el4483_H4_W4.npy,-169.97888470000004,84.24216629999978,0.5210707796672387,0.5911743020279002,0.5678985690448003,0.0014368266786093712
Defect_L4_B155_el4487_H4_W4.npy,-166.42607029999994,64.25344670000004,0.5220504971326255,0.5856622500324912,0.5679029358119273,0.0013871693964606707
Defect_L4_B156_el4491_H4_W4.npy,-144.61985539999995,60.250343900000075,0.5280637382384674,0.5845583618786662,0.5679103352611939,0.0012176156272464924
Defect_L4_B157_el4495_H4_W4.npy,-118.57207262000003,56.30108061000004,0.5352466261833505,0.5834693204075936,0.5679240387504937,0.0009571531280643121
Defect_L4_B158_el4515_H4_W4.npy,-67.38099540000005,48.35458,0.5493629820572731,0.5812780082365093,0.5679589549987895,0.0005648857820911057
Defect_L4_B159_el4519_H4_W4.npy,-96.90130764999998,58.7235814,0.5412225158693978,0.5841373447023264,0.567932902059748,0.0008507240644429581
Defect_L4_B15_el455_H4_W4.npy,-580.6279450000002,181.81388800000013,0.40783096153303644,0.6180804978250541,0.5679456464762886,0.0046666494104245495
Defect_L4_B160_el4523_H4_W4.npy,-144.25617391199995,59.95204555000009,0.5281640263665587,0.5844761036826313,0.5679142868049308,0.0012010097866133446
Defect_L4_B161_el4527_H4_W4.npy,-184.3427675999999,66.46308989999989,0.5171098221379345,0.5862715771156376,0.5679022785101459,0.001501115318669614
Defect_L4_B162_el4531_H4_W4.npy,-201.45599349999998,95.28786999999988,0.512390710916324,0.594220244656476,0.5678948404720978,0.0016702505935759279
Defect_L4_B163_el4819_H4_W4.npy,-252.8021834000001,109.00521000000003,0.4982315814593798,0.5980029127228542,0.5678963495144339,0.002069704620882967
Defect_L4_B164_el4823_H4_W4.npy,-239.6506101,85.95657974000005,0.5018582347569245,0.5916470654770865,0.5679077811758642,0.0019403262461006783
Defect_L4_B165_el4827_H4_W4.npy,-204.3672365,94.59872992999988,0.5115879119823057,0.5940302086774851,0.5679274788572765,0.0017039285477225858
Defect_L4_B166_el4831_H4_W4.npy,-159.15900797000006,107.13509659999988,0.5240544486722148,0.5974872137434102,0.5679601936373995,0.0014279598706372926
Defect_L4_B167_el4851_H4_W4.npy,-157.6151949,87.81251789999993,0.5244801676819023,0.592158855518815,0.5679634956149029,0.0012082286403342969
Defect_L4_B168_el4855_H4_W4.npy,-188.80198566000007,103.5091271,0.5158801564916372,0.5964873231642374,0.5679418957791988,0.0015996149683314622
Defect_L4_B169_el4859_H4_W4.npy,-202.53889000000004,96.37698244000012,0.5120920933993898,0.5945205762694187,0.5679203935979324,0.0017286339786744213
Defect_L4_B16_el459_H4_W4.npy,-585.9964679999998,168.8915793999995,0.4063505476542731,0.6145170661331149,0.5679456086830764,0.004672031934131213
Defect_L4_B170_el4863_H4_W4.npy,-205.8756783,83.96325839999997,0.5111719468879908,0.591097390906153,0.5679076876696825,0.0017704754932704192
Defect_L4_B171_el4867_H4_W4.npy,-198.31677200000001,98.91700072999993,0.5132563767758375,0.5952210069705313,0.5679002023877613,0.0017153380090217623
Defect_L4_B172_el5155_H4_W4.npy,-434.68813099999966,182.17368999999985,0.4480750521534463,0.6181797161527779,0.567915314343682,0.0035450701751499857
Defect_L4_B173_el5159_H4_W4.npy,-462.8063427999998,143.32949650000023,0.44032122656776285,0.6074681138802773,0.5679244940239244,0.003660062351877276
Defect_L4_B174_el5163_H4_W4.npy,-483.8011104999998,155.0228386299998,0.43453174862671756,0.6106926480730861,0.5679391028300316,0.003793207804024855
Defect_L4_B175_el5167_H4_W4.npy,-526.9739615999999,181.1171889000002,0.4226264838165962,0.6178883773820643,0.5679646030745109,0.004101518946861993
Defect_L4_B176_el5187_H4_W4.npy,-665.0057918999998,242.00044960000014,0.3845630840160852,0.63467743167589,0.5680499529939892,0.005332742211427088
Defect_L4_B177_el5191_H4_W4.npy,-540.2553133000001,222.95087719999992,0.41896404306978025,0.629424357158845,0.5679934648265083,0.004485279332759974
Defect_L4_B178_el5195_H4_W4.npy,-469.5214404999999,190.39974800000005,0.43846948376395395,0.6204481185477594,0.5679540471514665,0.003919645273836527
Defect_L4_B179_el5199_H4_W4.npy,-422.97603500000014,165.62003149999987,0.45130475787843044,0.6136149101926077,0.5679287694276222,0.0035191662386081955
Defect_L4_B17_el463_H4_W4.npy,-585.7205329999999,164.01746079999975,0.40642663897466724,0.6131729882885795,0.5679456012829291,0.004654464664170098
Defect_L4_B180_el5203_H4_W4.npy,-374.12935000000016,172.74238709999986,0.46477462853104484,0.6155789576745183,0.5679123008808452,0.0031691931554728506
Defect_L4_B181_el5491_H4_W4.npy,-505.3618660000002,219.34103000000005,0.42858619494671557,0.6284289124350179,0.5679346058007841,0.004144630783918532
Defect_L4_B182_el5495_H4_W4.npy,-540.0507749999999,158.42521197999986,0.41902044616948925,0.6116308801954176,0.5679384368498578,0.004299930002045809
Defect_L4_B183_el5499_H4_W4.npy,-556.1409077000003,150.82621950000043,0.4145834612184653,0.6095353962174203,0.5679411459144887,0.004400967567175294
Defect_L4_B184_el5503_H4_W4.npy,-572.6192963999999,156.1647564,0.410039411517805,0.6110075411852354,0.567944893122301,0.0045367764984051515
Defect_L4_B185_el5507_H4_W4.npy,-592.019022,167.53759739999987,0.40468977940810885,0.614143694584852,0.5679516642318394,0.004720886552073287
Defect_L4_B186_el5511_H4_W4.npy,-607.6658457999997,168.35508409999966,0.40037504049163486,0.614369123190892,0.5679575887458352,0.004831844603057848
Defect_L4_B187_el5515_H4_W4.npy,-602.7462111999998,156.07524499700003,0.4017316697433461,0.6109828576878733,0.567959653884859,0.004786012813219054
Defect_L4_B188_el5519_H4_W4.npy,-588.7581837999999,149.1516016999999,0.4055889820617404,0.6090736067396169,0.5679611796514098,0.004641400355043663
Defect_L4_B189_el5523_H4_W4.npy,-574.7269977999999,148.95639725,0.40945819571508807,0.6090197775249565,0.5679560819087783,0.004538920015523202
Defect_L4_B18_el467_H4_W4.npy,-583.1090554000002,161.62265605999983,0.4071467751616817,0.6125126014048827,0.5679455723800167,0.004626275464392321
Defect_L4_B190_el5527_H4_W4.npy,-569.6628045,154.48200507499996,0.41085468820400184,0.6105435088217646,0.567950835221288,0.004508002508717856
Defect_L4_B191_el5531_H4_W4.npy,-557.4014066,159.0016695500001,0.41423586839531346,0.611789843058601,0.5679468016839265,0.004432950812631054
Defect_L4_B192_el5535_H4_W4.npy,-538.666367,165.99825099999998,0.41940220793470306,0.6137192072957438,0.5679422631930188,0.004321816660104932
Defect_L4_B193_el5539_H4_W4.npy,-499.76388999999995,218.19373999999993,0.4301298823563411,0.6281125378867544,0.5679360006513999,0.004136629674594531
Defect_L4_B194_el5827_H4_W4.npy,-511.85222999999996,224.78629,0.4267964242884123,0.6299304871656235,0.5679401564739367,0.004206415040551934
Defect_L4_B195_el5831_H4_W4.npy,-545.1704390000002,163.05123959999992,0.41760865718391427,0.6129065449345257,0.5679427771279968,0.004349920451733348
Defect_L4_B196_el5835_H4_W4.npy,-557.6153818,153.1160531999999,0.4141768629936804,0.6101668364831208,0.567943703038016,0.004421948850856366
Defect_L4_B197_el5839_H4_W4.npy,-567.0365041999999,154.36337610000032,0.4115789118710925,0.610510795917114,0.5679450415992525,0.004494568948799479
Defect_L4_B198_el5843_H4_W4.npy,-575.2502337999999,157.29500000000053,0.4093139091326764,0.6113192150500627,0.5679470906847265,0.004561532468497269
Defect_L4_B199_el5847_H4_W4.npy,-580.3538936999998,154.97273051000025,0.4079065334078358,0.6106788303514733,0.5679489112897517,0.0045928644500453164
Defect_L4_B19_el471_H4_W4.npy,-579.1966020999998,159.95333030000006,0.4082256659786409,0.612052271250149,0.5679455009042239,0.004591690247478167
Defect_L4_B1_el115_H4_W4.npy,-589.3541789999999,251.12336719999985,0.40542463153818736,0.6371931503996161,0.5679443623552424,0.004940838426690755
Defect_L4_B200_el5851_H4_W4.npy,-577.8165861,148.11609480000016,0.40860621661413515,0.6087880572902963,0.5679491274044804,0.004560612604186751
Defect_L4_B201_el5855_H4_W4.npy,-570.2593293999998,144.48163279999994,0.4106901916113659,0.6077858248351798,0.5679498104149304,0.0044888065077860325
Defect_L4_B202_el5859_H4_W4.npy,-565.3690004,145.28265649000036,0.4120387396055384,0.6080067136323212,0.5679482954220048,0.004450621032943299
Defect_L4_B203_el5863_H4_W4.npy,-565.4254043000001,147.21955999999977,0.41202318577138763,0.6085408305277928,0.5679471158921174,0.004460095601501177
Defect_L4_B204_el5867_H4_W4.npy,-564.282232,153.859056,0.4123384248303873,0.6103717255479679,0.5679464965528197,0.004470573789574338
Defect_L4_B205_el5871_H4_W4.npy,-557.9603159999999,169.6156679999997,0.41408174458272456,0.6147167394534852,0.5679459017214221,0.004462038141441062
Defect_L4_B206_el5875_H4_W4.npy,-528.1863290000001,234.2551699999999,0.42229216364601657,0.6325416078348178,0.5679433886018643,0.004362244300746113
Defect_L4_B207_el6163_H4_W4.npy,-500.84768600000007,219.60959000000003,0.42983101679496627,0.6285029700391821,0.5679417692308407,0.004116544477732485
Defect_L4_B208_el6167_H4_W4.npy,-533.728634,158.99406840000006,0.4207638279674063,0.6117877469796694,0.5679435095768394,0.004257708105721158
Defect_L4_B209_el6171_H4_W4.npy,-546.4810520000001,150.60507500000017,0.4172472449901158,0.6094744138230052,0.5679439108050353,0.004331626403084073
Defect_L4_B20_el475_H4_W4.npy,-574.3083606999999,158.2369701,0.40957363830013527,0.6115789709660603,0.5679453571242935,0.004550863698784688
Defect_L4_B210_el6175_H4_W4.npy,-555.9562191,151.56613629999993,0.4146343906019642,0.6097394342926691,0.5679445475217434,0.004400285420585203
Defect_L4_B211_el6179_H4_W4.npy,-563.9168166,153.31946860000016,0.4124391910988142,0.6102229299340224,0.567945452468623,0.004460764462578746
Defect_L4_B212_el6183_H4_W4.npy,-570.3056234999999,153.4739862399997,0.41067742563678683,0.6102655394299245,0.5679464093174784,0.004506139152388871
Defect_L4_B213_el6187_H4_W4.npy,-572.8747063000001,151.87189769999986,0.4099689801606638,0.6098237504854376,0.5679466183851369,0.00452091244800434
Defect_L4_B214_el6191_H4_W4.npy,-572.3020461000001,149.89307810000014,0.4101268958681862,0.6092780748872499,0.5679470181919577,0.004511558212933479
Defect_L4_B215_el6195_H4_W4.npy,-572.4065757000001,150.05647520000002,0.41009807098086026,0.6093231329664628,0.5679465300097907,0.0045127208650573
Defect_L4_B216_el6199_H4_W4.npy,-574.1579700000002,153.2659160999999,0.4096151097587686,0.6102081623966117,0.5679464661927492,0.004534443645099762
Defect_L4_B217_el6203_H4_W4.npy,-574.71975,159.80398100000002,0.4094601943548835,0.6120110869660353,0.5679467233784609,0.00455656924654438
Defect_L4_B218_el6207_H4_W4.npy,-570.1311200000002,174.5098350000003,0.41072554639612646,0.616066345807372,0.5679469524326877,0.0045599320264199505
Defect_L4_B219_el6211_H4_W4.npy,-541.1863059999996,239.84284000000025,0.4187073142611104,0.634082453281126,0.5679454808563636,0.004466460346573776
Defect_L4_B21_el479_H4_W4.npy,-568.40329,156.27543820000005,0.4112020095708478,0.6110380625917464,0.5679451372581654,0.004503274025275844
Defect_L4_B22_el483_H4_W4.npy,-561.6867173999999,154.23710570000003,0.41305415909032683,0.6104759758273729,0.5679449041430779,0.004451130342207523
Defect_L4_B23_el487_H4_W4.npy,-554.3249273000001,152.40031339999996,0.4150842325829025,0.6099694654122502,0.5679447269870946,0.004396769924729271
Defect_L4_B24_el491_H4_W4.npy,-545.8226710000001,151.7004363000001,0.4174287989053945,0.609776468609914,0.5679445841349753,0.004340293407332258
Defect_L4_B25_el495_H4_W4.npy,-533.8407230000003,161.45921109999995,0.4207329185140507,0.6124675301278858,0.5679445608467555,0.00427645402558153
Defect_L4_B26_el499_H4_W4.npy,-501.119418,221.41787999999997,0.42975608448600455,0.6290016207132743,0.5679429490292621,0.004143632403029181
Defect_L4_B27_el787_H4_W4.npy,-537.310135,240.68452000000002,0.4197761999387651,0.6343145533864021,0.5679427165893619,0.004456096979746088
Defect_L4_B28_el791_H4_W4.npy,-568.3168169999997,176.05815839999968,0.4112258552038717,0.6164933085772387,0.5679454861525343,0.004565803627674524
Defect_L4_B29_el795_H4_W4.npy,-574.7384740999998,162.61988440000005,0.40945503103202785,0.6127875952299688,0.5679457759917188,0.004579399403512937
Defect_L4_B2_el119_H4_W4.npy,-615.403873,192.5726539999996,0.39824121655884565,0.621047315049227,0.5679456142255676,0.004965074115582206
Defect_L4_B30_el799_H4_W4.npy,-576.4124520000003,157.13348087000008,0.4089934180118538,0.6112746748363507,0.5679459993125866,0.004576697783180312
Defect_L4_B31_el803_H4_W4.npy,-576.5572144,154.49085569999988,0.4089534986027197,0.6105459494535893,0.5679461548513874,0.004569869798422392
Defect_L4_B32_el807_H4_W4.npy,-576.1488429999999,153.15714590000016,0.4090661103375023,0.6101781681293476,0.5679462805708646,0.004562543885442705
Defect_L4_B33_el811_H4_W4.npy,-575.0592783,152.31427930000018,0.40936656666481813,0.6099457408094708,0.5679462328009646,0.004551998782210227
Defect_L4_B34_el815_H4_W4.npy,-572.7454827999998,151.54221889999985,0.41000461459174714,0.609732838875102,0.5679460195871139,0.0045337216705716886
Defect_L4_B35_el819_H4_W4.npy,-569.2883127999999,150.89722609999967,0.4109579573359701,0.6095549768648577,0.5679457278465797,0.00450891745101853
Defect_L4_B36_el823_H4_W4.npy,-564.9159376999999,150.85527129999969,0.41216367532976467,0.6095434074875447,0.5679454294360408,0.004480180924718064
Defect_L4_B37_el827_H4_W4.npy,-559.1289690000001,153.62086610000006,0.41375947901346855,0.6103060427458747,0.5679450801709534,0.004447117113928257
Defect_L4_B38_el831_H4_W4.npy,-549.3428519999998,167.67309039999986,0.41645808036546117,0.6141810578815492,0.5679446818552648,0.004403035231056438
Defect_L4_B39_el835_H4_W4.npy,-517.167095,230.39489000000003,0.4253308070395425,0.6314771042296526,0.5679420580825918,0.004277495085730972
Defect_L4_B3_el123_H4_W4.npy,-611.1544079999996,182.05947419999984,0.39941304109295306,0.6181482202170254,0.5679454441143249,0.004899985183498942
Defect_L4_B40_el1123_H4_W4.npy,-531.4738299999999,238.00432999999975,0.4213856085084399,0.6335754691962584,0.5679417304122045,0.0044065890506246
Defect_L4_B41_el1127_H4_W4.npy,-562.7643869999997,172.7457961,0.4127569829335774,0.6155798977339932,0.5679451614597338,0.004519728440575031
Defect_L4_B42_el1131_H4_W4.npy,-569.5410529999999,159.23752890000014,0.41088826217031627,0.6118548831925776,0.5679457392654643,0.00453582284426432
Defect_L4_B43_el1135_H4_W4.npy,-571.7956851000001,153.5149609,0.4102665290321057,0.6102768385256613,0.5679462096088874,0.004537479077301462
Defect_L4_B44_el1139_H4_W4.npy,-573.0191982999997,150.81789789999993,0.40992913531652886,0.6095331014685416,0.5679465570880119,0.004538935858951414
Defect_L4_B45_el1143_H4_W4.npy,-574.4011300999998,149.91353460000028,0.4095480563836036,0.6092837159334952,0.5679468547469549,0.004546036668575493
Defect_L4_B46_el1147_H4_W4.npy,-575.5134204999999,149.9929123999998,0.4092413332596875,0.6093056050074146,0.5679468634075955,0.004553795674147566
Defect_L4_B47_el1151_H4_W4.npy,-574.9912340999999,150.25098230000003,0.40938533040636294,0.6093767698811893,0.5679465993529057,0.004551094314708147
Defect_L4_B48_el1155_H4_W4.npy,-572.7925788,150.67440740000006,0.4099916274867213,0.6094935327961766,0.5679461407361194,0.0045376271983571526
Defect_L4_B49_el1159_H4_W4.npy,-569.3928119,151.85747339999966,0.41092914085926724,0.6098197728674015,0.5679456874064944,0.004517516961799331
Defect_L4_B4_el127_H4_W4.npy,-601.1176439999997,177.25459479999972,0.4021807603936756,0.6168232356450035,0.56794519247999,0.004817667373571228
Defect_L4_B50_el1163_H4_W4.npy,-564.4249747000001,155.47508019999987,0.4122990623699541,0.6108173573640368,0.5679451041798976,0.004491274426908737
Defect_L4_B51_el1167_H4_W4.npy,-555.2244949999999,169.74026049999998,0.4148361694735581,0.6147510968486551,0.5679444142134462,0.0044521146368360675
Defect_L4_B52_el1171_H4_W4.npy,-522.826264,233.19108000000006,0.4237702451624922,0.6322481763632095,0.567941161157533,0.00432480822391218
Defect_L4_B53_el1459_H4_W4.npy,-528.2550020000001,236.38842999999997,0.42227322650775784,0.6331298716293496,0.5679409770856471,0.004384829943944609
Defect_L4_B54_el1463_H4_W4.npy,-559.5702530000001,171.3076868999999,0.41363779136156203,0.6151833274261344,0.5679448524823597,0.004498213625810487
Defect_L4_B55_el1467_H4_W4.npy,-566.4517786000001,157.05662193000012,0.41174015471079123,0.6112534803585615,0.5679457003749181,0.004514854930405466
Defect_L4_B56_el1471_H4_W4.npy,-568.8497683,151.29041580000035,0.4110788895484716,0.6096634021223944,0.5679463419752956,0.004517329372637101
Defect_L4_B57_el1475_H4_W4.npy,-570.4995159,149.22465819999957,0.4106239582305846,0.6090937526636511,0.5679468765828145,0.004522071169925761
Defect_L4_B58_el1479_H4_W4.npy,-573.3873296000002,148.35748710000007,0.4098276201165888,0.6088546231802341,0.5679473653254737,0.004541293874878245
Defect_L4_B59_el1483_H4_W4.npy,-576.7752544,149.4333300999997,0.4088933722994282,0.609151295637178,0.5679473798396201,0.004568659361721537
Defect_L4_B5_el131_H4_W4.npy,-589.793032,173.30919812000002,0.40530361425430184,0.6157352604230851,0.5679448799889106,0.004728697525265878
Defect_L4_B60_el1487_H4_W4.npy,-577.6996141,151.28566669999987,0.4086384725944535,0.6096620925194455,0.5679470997973792,0.004579731705705161
Defect_L4_B61_el1491_H4_W4.npy,-575.7401401,152.81621659999973,0.40917881348610585,0.6100841541021378,0.5679464775153661,0.004570516823469292
Defect_L4_B62_el1495_H4_W4.npy,-572.1763279999998,153.96598689999996,0.4101615636567106,0.6104012126132982,0.5679457835291617,0.004549329768032119
Defect_L4_B63_el1499_H4_W4.npy,-567.0141582000001,156.9426305659997,0.41158507396232963,0.6112220463128614,0.5679449821602274,0.004520704758630854
Defect_L4_B64_el1503_H4_W4.npy,-557.6215522,170.67184589999988,0.4141751614556973,0.6150079890991705,0.5679440113329791,0.004479084198680619
Defect_L4_B65_el1507_H4_W4.npy,-524.6976379999999,234.05901000000017,0.423254198562346,0.6324875151194737,0.5679402758708657,0.004346907454028119
Defect_L4_B66_el1795_H4_W4.npy,-519.5680199999999,235.89805,0.4246687324443755,0.6329946453561516,0.5679402662499686,0.004318199567695628
Defect_L4_B67_el1799_H4_W4.npy,-551.0805934000002,170.6875353999999,0.4159788840415817,0.6150123156063962,0.5679443323075651,0.004434033254883137
Defect_L4_B68_el1803_H4_W4.npy,-558.4450572000001,156.34910339999988,0.41394807325448607,0.611058376369756,0.5679455095771915,0.004455002185585815
Defect_L4_B69_el1807_H4_W4.npy,-561.0651124000001,151.68943050000007,0.413225571724511,0.6097734336710552,0.5679464174494514,0.004459472148286003
Defect_L4_B6_el135_H4_W4.npy,-578.209136,169.47207909999997,0.4084979677866518,0.6146771436465202,0.5679445245233553,0.004637050505975552
Defect_L4_B70_el1811_H4_W4.npy,-562.7174285000001,150.10306589999982,0.41276993212185975,0.609335980730904,0.5679472415335279,0.004464190811879625
Defect_L4_B71_el1815_H4_W4.npy,-567.4279557,149.7428550999996,0.41147096593634236,0.6092366496732553,0.5679479142511679,0.004496812040374756
Defect_L4_B72_el1819_H4_W4.npy,-574.2218616,150.21977290000018,0.4095974911304464,0.6093681636353172,0.5679476980372128,0.004553578631051676
Defect_L4_B73_el1823_H4_W4.npy,-576.8694255999999,154.96190959999967,0.4088674038251458,0.6106758463975356,0.5679475515662423,0.004582096997775861
Defect_L4_B74_el1827_H4_W4.npy,-573.9015243000001,157.19260559999975,0.4096858267461838,0.6112909789615019,0.567946737330041,0.004568724029594957
Defect_L4_B75_el1831_H4_W4.npy,-568.8891147999998,157.1117574,0.41106803943109665,0.6112686844128238,0.5679455988639588,0.004534307993967263
Defect_L4_B76_el1835_H4_W4.npy,-562.8551995,158.98910939999996,0.4127319406481358,0.6117863794950884,0.5679444649629815,0.004495931895159728
Defect_L4_B77_el1839_H4_W4.npy,-552.9559353999998,171.60420020000015,0.41546174323316426,0.6152650933801144,0.5679432541809719,0.004448383438076464
Defect_L4_B78_el1843_H4_W4.npy,-519.614278,235.31403999999952,0.424655976424665,0.6328335998489725,0.5679394230256377,0.004311102650395856
Defect_L4_B79_el2131_H4_W4.npy,-506.97192600000017,228.67806999999993,0.4281422078073028,0.6310036771519743,0.5679366933820837,0.004213145774732785
Defect_L4_B7_el139_H4_W4.npy,-566.4824840000001,165.4942401000003,0.41173168744701816,0.6135802221910125,0.5679441440085747,0.004542832909580971
Defect_L4_B80_el2135_H4_W4.npy,-542.5659754000001,166.6984728,0.41832685920338486,0.6139122991519085,0.5679423006111766,0.004367408904812441
Defect_L4_B81_el2139_H4_W4.npy,-555.3150845,155.30435782199993,0.4148111886821802,0.6107702792798398,0.5679453047917388,0.004434374986037337
Defect_L4_B82_el2143_H4_W4.npy,-562.3416869999999,153.2205371,0.41287354589634256,0.6101956487683,0.5679479081413621,0.004475161106060954
Defect_L4_B83_el2147_H4_W4.npy,-565.3648319999998,150.19061049999982,0.4120398890757395,0.609360121866343,0.5679504005322042,0.004492345421328672
Defect_L4_B84_el2151_H4_W4.npy,-573.9737533,150.38447180000003,0.4096659090120046,0.6094135806964673,0.5679520524115145,0.0045505492692080205
Defect_L4_B85_el2155_H4_W4.npy,-586.53050585,153.96552639999982,0.40620328237387376,0.610401085626678,0.5679513326105957,0.004659575721706472
Defect_L4_B86_el2159_H4_W4.npy,-591.0238379,163.53998219999994,0.4049642095173893,0.613041319681357,0.567950951021446,0.004703784941951867
Defect_L4_B87_el2163_H4_W4.npy,-581.0134089999999,163.07964019999963,0.4077246667001069,0.612914376630954,0.5679488527821644,0.004641928190732573
Defect_L4_B88_el2167_H4_W4.npy,-570.5966902,158.03397210000048,0.41059716162705345,0.6115229926166036,0.5679455062724259,0.004551414995810463
Defect_L4_B89_el2171_H4_W4.npy,-561.2772897,157.3391071409999,0.41316706210842513,0.6113313779529109,0.567943156565179,0.004481245439418733
Defect_L4_B8_el143_H4_W4.npy,-554.3198759999998,161.3937237,0.4150856255199592,0.612449471444735,0.5679437414756433,0.00444461781506634
Defect_L4_B90_el2175_H4_W4.npy,-549.4090096999998,168.85354770000004,0.416439836841634,0.6145065785825331,0.567941110350275,0.004416391928204162
Defect_L4_B91_el2179_H4_W4.npy,-515.1931799999998,232.35356000000002,0.42587513015439177,0.6320172234117661,0.5679367936938523,0.004270885607192101
Defect_L4_B92_el2467_H4_W4.npy,-448.9146539999999,201.1419800000001,0.4441519727336976,0.6234103763869634,0.5679208536341795,0.0037388050244063498
Defect_L4_B93_el2471_H4_W4.npy,-493.8154294000001,165.3709617999998,0.43177021874486304,0.6135462271971807,0.5679307848741364,0.003996730907289856
Defect_L4_B94_el2475_H4_W4.npy,-527.6896552000001,176.37116640000045,0.4224291254857513,0.616579623078893,0.56794255241017,0.004247718087134484
Defect_L4_B95_el2479_H4_W4.npy,-569.3579816999998,187.8329220000005,0.4109387455701869,0.6197402954025908,0.5679586805629617,0.004573952817020188
Defect_L4_B96_el2499_H4_W4.npy,-601.97212317,176.73674560000018,0.40194513081317784,0.616680434516502,0.567961264871439,0.004822437243733996
Defect_L4_B97_el2503_H4_W4.npy,-562.6445177999999,169.2202091700001,0.4127900378403582,0.6146076884648966,0.5679464614674268,0.004442834125574623
Defect_L4_B98_el2507_H4_W4.npy,-537.4308818,158.67389860000003,0.41974290302664674,0.6116994575534191,0.5679373143592571,0.004251514197522183
Defect_L4_B99_el2511_H4_W4.npy,-519.5158104000002,155.20352319999984,0.42468312966618943,0.6107424733127482,0.5679317607656366,0.004146129071888167
Defect_L4_B9_el147_H4_W4.npy,-541.5218969999999,157.3155463999999,0.4186147723135415,0.6113248808869638,0.5679434133470374,0.004341120753039232
Defect_L5_B100_el2515_H4_W4.npy,-307.9423630000001,141.0335299999997,0.48302622848662574,0.6068349824450993,0.5679319736305278,0.002484574530570905
Defect_L5_B101_el2803_H4_W4.npy,-225.3224219000001,115.6570700000002,0.5058093491824033,0.599837217216584,0.5679146962903704,0.0018648908630485542
Defect_L5_B102_el2807_H4_W4.npy,-228.72740840000006,72.04276089999985,0.5048703964627069,0.5878102167726409,0.5679150181366299,0.0018635702486833098
Defect_L5_B103_el2811_H4_W4.npy,-213.73145249999993,74.19849760000011,0.5090056532623304,0.5884046786999978,0.5679171337848853,0.0017835026860535273
Defect_L5_B104_el2815_H4_W4.npy,-204.30103800000018,92.26515849999987,0.5116061667570647,0.5933867073770235,0.5679303914454668,0.0017235626613164238
Defect_L5_B105_el2835_H4_W4.npy,-190.37001547000023,126.69450000000006,0.5154477595189431,0.6028808783050956,0.5680100520664303,0.0016846867572399213
Defect_L5_B106_el2839_H4_W4.npy,-191.96183357000018,92.28249589999996,0.5150088027318144,0.5933914883060765,0.5679420535916992,0.0016271155289063399
Defect_L5_B107_el2843_H4_W4.npy,-220.11711879999984,66.16439770000034,0.5072447538462951,0.5861892103122621,0.5679231309957388,0.0017984561563863125
Defect_L5_B108_el2847_H4_W4.npy,-243.57075150000014,68.98590979999994,0.500777223883864,0.5869672652208353,0.5679185015340109,0.0019389722226931534
Defect_L5_B109_el2851_H4_W4.npy,-244.10443899999996,116.14710000000036,0.5006300552153267,0.5999723469744355,0.5679172116714687,0.0019785640709284124
Defect_L5_B10_el151_H4_W4.npy,-345.56828599999994,91.04110670000023,0.4726505742125388,0.5930491651381163,0.5679413653777334,0.002778984606765355
Defect_L5_B110_el3139_H4_W4.npy,-265.337571,120.71493999999984,0.4947748463799699,0.601231966004096,0.5679225473120956,0.0021448597747684775
Defect_L5_B111_el3143_H4_W4.npy,-269.30164899999977,75.42466069999978,0.4936817196321287,0.5887428031470509,0.5679277313328971,0.002143554340348539
Defect_L5_B112_el3147_H4_W4.npy,-259.4059028999998,89.4162044000002,0.4964105521000457,0.5926010851137681,0.5679413921740047,0.0021190073120281048
Defect_L5_B113_el3151_H4_W4.npy,-252.8568823999999,115.93210399999998,0.49821649776526983,0.5999130600789003,0.5679768764245756,0.002184165546084896
Defect_L5_B114_el3171_H4_W4.npy,-371.08440610000025,1537.1418999999996,0.46561429657561054,0.9918232198440624,0.5681057475520278,0.004926630367123795
Defect_L5_B115_el3175_H4_W4.npy,-296.0745385,1502.5595999999996,0.4862988776120051,0.9822868693656234,0.5680081821222145,0.004435864792283064
Defect_L5_B116_el3179_H4_W4.npy,-270.6261936000001,105.37289062000013,0.4933164656863262,0.5970012711126287,0.5679378979984611,0.002364008337965849
Defect_L5_B117_el3183_H4_W4.npy,-260.2649424000001,89.14846469999998,0.4961736649714618,0.592527253714,0.5679229304192976,0.002176437509912257
Defect_L5_B118_el3187_H4_W4.npy,-241.02780860000007,119.36695000000009,0.5014784610699696,0.6008602467985652,0.5679176067182108,0.002012817464411778
Defect_L5_B119_el3475_H4_W4.npy,-310.828133,143.72717999999986,0.4822304539395261,0.6075777783397115,0.5679338933530644,0.0025196439765051972
Defect_L5_B11_el155_H4_W4.npy,-335.11888,87.5744095,0.4755320829007262,0.5920931951910097,0.5679415907441536,0.002687569721356526
Defect_L5_B120_el3479_H4_W4.npy,-330.4841048999999,84.82842200000005,0.4768101598285865,0.5913359668051184,0.5679368364346098,0.0026100678712718856
Defect_L5_B121_el3483_H4_W4.npy,-339.6447605000003,85.12489089999963,0.47428403454444173,0.591417720515437,0.567941041335894,0.002665886493130755
Defect_L5_B122_el3487_H4_W4.npy,-349.9067203000002,86.67275274999974,0.4714542156703804,0.5918445560091377,0.5679460643383178,0.002746755167163675
Defect_L5_B123_el3491_H4_W4.npy,-367.3196010500001,84.25461300000006,0.4666524721868278,0.5911777343066529,0.5679500057215263,0.002908027878245533
Defect_L5_B124_el3495_H4_W4.npy,-397.9351869999998,85.18911290000005,0.45820997536845626,0.5914354302542464,0.5679570700602066,0.0031188560228849736
Defect_L5_B125_el3499_H4_W4.npy,-399.1750431999999,84.03604910000013,0.45786807493771375,0.5911174635336756,0.5679620981794337,0.0031804249108692523
Defect_L5_B126_el3503_H4_W4.npy,-401.4049726999999,89.9714872769996,0.4572531537423563,0.5927542088831455,0.5679604196533068,0.0031680729074886754
Defect_L5_B127_el3507_H4_W4.npy,-388.60241210000004,101.94903260000001,0.4607835639494002,0.5960571144178126,0.5679561114042063,0.0031264701581305513
Defect_L5_B128_el3511_H4_W4.npy,-375.27473510000004,108.73650579999958,0.46445877927444884,0.597928815354367,0.5679523646420219,0.0030362899537365287
Defect_L5_B129_el3515_H4_W4.npy,-355.3911949000001,104.19042425000043,0.46994182719489747,0.5966751963942528,0.5679445903699488,0.0028678575588415465
Defect_L5_B12_el159_H4_W4.npy,-322.4477720000002,84.13063659999989,0.47902624398423277,0.5911435468060685,0.5679422411311237,0.0025786735597174842
Defect_L5_B130_el3519_H4_W4.npy,-333.65288069999974,97.46422619999998,0.47593634413048674,0.5948203925786536,0.5679369894404639,0.002687789428781412
Defect_L5_B131_el3523_H4_W4.npy,-302.68994699999985,138.7748099999999,0.4844746249158558,0.6062121220352173,0.5679314700960945,0.0024774607863140134
Defect_L5_B132_el3811_H4_W4.npy,-295.6710760000003,137.13535999999976,0.4864101356776891,0.6057600303642794,0.5679301137435183,0.0024260663948572447
Defect_L5_B133_el3815_H4_W4.npy,-327.51145399999996,97.45712569999978,0.47762989249045246,0.5948184345580311,0.5679361119398746,0.002630043917905945
Defect_L5_B134_el3819_H4_W4.npy,-349.9091982,101.46973748000005,0.47145353236930304,0.5959249448904264,0.5679435970859359,0.0028038060531971444
Defect_L5_B135_el3823_H4_W4.npy,-368.0910719000001,100.46970660000034,0.4664397328256662,0.5956491782421428,0.5679504597628579,0.0029467514153102854
Defect_L5_B136_el3827_H4_W4.npy,-377.8278360900001,91.12343980000014,0.4637547409124113,0.593071869160046,0.5679558435975149,0.0030231994553221384
Defect_L5_B137_el3831_H4_W4.npy,-402.7181691999999,88.25200160000031,0.4568910291274215,0.592280046723355,0.5679659601720934,0.0031671993419163887
Defect_L5_B138_el3835_H4_W4.npy,-405.7232065699998,88.3284176000002,0.4560623656330581,0.5923011190568366,0.5679667128687282,0.003248709355908478
Defect_L5_B139_el3839_H4_W4.npy,-415.13365699999986,1476.9187000000002,0.45346735739299143,0.9752161826564514,0.5679895989144692,0.00474306763830422
Defect_L5_B13_el163_H4_W4.npy,-299.3497420000001,123.38170000000036,0.48539571361006734,0.6019673467625154,0.5679429894504965,0.0024386702949179
Defect_L5_B140_el3843_H4_W4.npy,-380.97576051800024,96.02131874999986,0.46288667514972204,0.5944224991143336,0.5679511273170387,0.0030575624041068263
Defect_L5_B141_el3847_H4_W4.npy,-357.81312490000005,89.56205268199983,0.4692739603001494,0.5926413039636949,0.5679441928806914,0.0028224603030187353
Defect_L5_B142_el3851_H4_W4.npy,-342.4500655999998,86.71183769999993,0.47351044884792803,0.5918553340019731,0.5679389087877023,0.002690179065483953
Defect_L5_B143_el3855_H4_W4.npy,-329.6095009999999,85.03608250000025,0.47705133896705354,0.5913932308768698,0.567934720300606,0.0026004539325214697
Defect_L5_B144_el3859_H4_W4.npy,-307.3011140000001,140.19854999999984,0.48320305811357217,0.6066047299193134,0.5679318257238196,0.0024825161948897017
Defect_L5_B145_el4147_H4_W4.npy,-200.57037990000003,108.104871,0.5126349260691067,0.5977546369212619,0.5679163322012386,0.0017237725417178838
Defect_L5_B146_el4151_H4_W4.npy,-229.08398269999975,95.20100580999997,0.5047720681995087,0.5941962911496281,0.5679295044233644,0.0020257724112991453
Defect_L5_B147_el4155_H4_W4.npy,-257.56591920000005,127.46085279999988,0.4969179425696736,0.6030922063223452,0.5679585739924732,0.00239787026105858
Defect_L5_B148_el4159_H4_W4.npy,-307.75753620000023,167.40991652000002,0.4830771959798985,0.6141084855437796,0.5680161767225971,0.002905687012273312
Defect_L5_B149_el4179_H4_W4.npy,-300.27667180000003,178.40518090000012,0.48514010517911543,0.6171405191196487,0.5681022060922116,0.002720760371071639
Defect_L5_B14_el451_H4_W4.npy,-351.8510980000003,166.5118399999999,0.47091803770622936,0.6138608336394478,0.5679444869370575,0.002877703965897499
Defect_L5_B150_el4183_H4_W4.npy,-246.50178395000012,133.48131177999994,0.4999689678480631,0.6047523968497059,0.5680032649574063,0.0022013454156775323
Defect_L5_B151_el4187_H4_W4.npy,-236.85435229999985,99.38018009999996,0.5026293255868829,0.5953487324487875,0.567951900046527,0.0020026533870614606
Defect_L5_B152_el4191_H4_W4.npy,-242.40451499999995,78.81505340000012,0.5010988230835919,0.5896777315077079,0.5679278988723911,0.0019433420944215056
Defect_L5_B153_el4195_H4_W4.npy,-238.5105470000001,104.45542999999998,0.5021726164287373,0.5967482738850732,0.5679178972994805,0.0019169775807072078
Defect_L5_B154_el4483_H4_W4.npy,-110.68235130000005,60.32374600000003,0.5374222810034386,0.5845786031047111,0.5679131171520808,0.000935481213613329
Defect_L5_B155_el4487_H4_W4.npy,-110.09407379999999,40.76653843999998,0.5375845033084495,0.5791855440637642,0.5679156550270491,0.000934027734401086
Defect_L5_B156_el4491_H4_W4.npy,-99.48548360000001,44.52850775000013,0.5405099083344117,0.5802229376966138,0.5679211862157892,0.0008721680741157281
Defect_L5_B157_el4495_H4_W4.npy,-86.66872463999994,48.21754426999996,0.544044233854699,0.5812402195194676,0.5679317184833239,0.0007607056404506856
Defect_L5_B158_el4515_H4_W4.npy,-63.34565400000005,49.96857,0.5504757602672404,0.5817230791053842,0.5679624799812333,0.0005752329235116407
Defect_L5_B159_el4519_H4_W4.npy,-76.25484439999997,54.10556909999991,0.54691594602564,0.5828638902528958,0.5679421982805191,0.0006952276056491829
Defect_L5_B15_el455_H4_W4.npy,-371.437183,101.82410900000013,0.46551701547634605,0.5960226657191249,0.5679441212954888,0.0029643944357238424
Defect_L5_B160_el4523_H4_W4.npy,-87.10492973999999,48.700140149999925,0.5439239467507736,0.5813732992582685,0.567927212337711,0.0008159051878696023
Defect_L5_B161_el4527_H4_W4.npy,-113.54094599999985,41.7562625999999,0.5366340002663271,0.5794584685501847,0.5679169882623621,0.0009527347710099997
Defect_L5_B162_el4531_H4_W4.npy,-128.00250560000006,65.1220699999999,0.5326461075926058,0.5859017799718687,0.5679113979658554,0.0010466034384147532
Defect_L5_B163_el4819_H4_W4.npy,-158.45776450000005,77.59082000000001,0.5242478222621911,0.5893401391911235,0.5679141365752501,0.001287382771983136
Defect_L5_B164_el4823_H4_W4.npy,-144.2697045,55.14871457999993,0.5281602951968751,0.5831515461027751,0.567924311333019,0.0012406536353082745
Defect_L5_B165_el4827_H4_W4.npy,-124.40919589999999,76.55265113000007,0.5336369919663106,0.5890538556819259,0.5679436181362181,0.001191145420088232
Defect_L5_B166_el4831_H4_W4.npy,-115.43254159999992,94.52119659999983,0.5361123773955212,0.5940088282311689,0.5679745372174715,0.0012028009534525849
Defect_L5_B167_el4851_H4_W4.npy,-134.13749389999998,82.03506609999994,0.5309543346738027,0.5905656761976856,0.5679701309566155,0.0011117473468603787
Defect_L5_B168_el4855_H4_W4.npy,-142.16184447000012,91.60246310000002,0.5287415547431046,0.5932039637308564,0.5679526734797194,0.0013404564379294157
Defect_L5_B169_el4859_H4_W4.npy,-145.5531092,81.05333314000006,0.5278063859130832,0.5902949553496567,0.567933062052237,0.0013265744290632256
Defect_L5_B16_el459_H4_W4.npy,-375.2486389999999,93.13023799999974,0.4644659754862601,0.5936252600847298,0.5679436506751423,0.002975432552106023
Defect_L5_B170_el4863_H4_W4.npy,-141.77468710000005,64.72775409999997,0.5288483165365837,0.5857930441555227,0.5679213677173588,0.0012694966661637613
Defect_L5_B171_el4867_H4_W4.npy,-134.7245498000001,74.24703,0.5307924492349269,0.5884180619040056,0.5679153720370764,0.0011745505405039761
Defect_L5_B172_el5155_H4_W4.npy,-272.39076899999986,115.77524999999991,0.4928298696687094,0.5998698063127267,0.5679259660626785,0.002182659667398732
Defect_L5_B173_el5159_H4_W4.npy,-286.9089328,81.80450810000002,0.48882636792648326,0.5905020979540869,0.5679324376722202,0.0022571006798006625
Defect_L5_B174_el5163_H4_W4.npy,-297.1200078999998,92.62722770000005,0.4860105809222857,0.5934865509035862,0.5679451925294635,0.002340925789723878
Defect_L5_B175_el5167_H4_W4.npy,-322.5436514999999,107.03730440000072,0.47899980443233214,0.597460246748929,0.5679663445532038,0.002536814351418966
Defect_L5_B176_el5187_H4_W4.npy,-453.8056048999997,182.03311799999983,0.44280325324554226,0.6181409522805238,0.5680382766116262,0.0037373084251290946
Defect_L5_B177_el5191_H4_W4.npy,-369.2398582999999,155.65270207999993,0.46612294563293283,0.6108663380420228,0.5679968915301019,0.0031884893858191705
Defect_L5_B178_el5195_H4_W4.npy,-318.06665050000015,130.39221639999982,0.4802343738689607,0.6039005536754517,0.5679623441386322,0.002752531202282462
Defect_L5_B179_el5199_H4_W4.npy,-282.80621999999994,108.82842299999993,0.4899577243479237,0.597954162269818,0.5679392671693549,0.002412836243757937
Defect_L5_B17_el463_H4_W4.npy,-375.3472499999998,90.08410920000006,0.46443878270101946,0.5927852652943526,0.5679433723060506,0.002967500221544513
Defect_L5_B180_el5203_H4_W4.npy,-247.0360300000002,128.5497499999999,0.4998216451548205,0.6033924785811074,0.5679257529164893,0.0021145347882261787
Defect_L5_B181_el5491_H4_W4.npy,-320.06609500000013,144.28084999999987,0.4796830107868583,0.6077304573451391,0.5679373360603356,0.0025760839238570302
Defect_L5_B182_el5495_H4_W4.npy,-342.3459439999997,88.90640800000006,0.47353916122593576,0.5924605046103587,0.5679382625459283,0.0026932724394721705
Defect_L5_B183_el5499_H4_W4.npy,-353.84279270000025,82.18925060000015,0.4703688116945052,0.5906081938275237,0.5679397459404147,0.0027725091267457773
Defect_L5_B184_el5503_H4_W4.npy,-366.7305430000001,85.28069880000021,0.46681490973484935,0.591460685811028,0.5679421619237093,0.0028841514416328953
Defect_L5_B185_el5507_H4_W4.npy,-383.87081179999996,95.49780420000025,0.46208834121362746,0.5942781357194942,0.5679473578131664,0.003053872471883701
Defect_L5_B186_el5511_H4_W4.npy,-396.33100679999984,92.94883219999929,0.4586523411051994,0.5935752359600295,0.5679529647091964,0.003127402848670732
Defect_L5_B187_el5515_H4_W4.npy,-386.24253839999983,80.26786809999976,0.4614343183147273,0.5900783569767896,0.5679551709784233,0.0030400224121189547
Defect_L5_B188_el5519_H4_W4.npy,-374.75069599999983,78.87064690000034,0.4646032873182171,0.5896930618674677,0.5679558344672158,0.0029269397267464637
Defect_L5_B189_el5523_H4_W4.npy,-364.2457971000001,80.92862110000033,0.4675000986248961,0.5902605649903596,0.5679508895878583,0.002855789284784786
Defect_L5_B18_el467_H4_W4.npy,-373.8794144000003,88.72110280000015,0.4648435503054392,0.5924094051943952,0.5679431418325848,0.0029512825530633694
Defect_L5_B190_el5527_H4_W4.npy,-364.0738172000001,85.05871390000016,0.46754752348101175,0.5913994716694779,0.5679469457592299,0.002859371626571742
Defect_L5_B191_el5531_H4_W4.npy,-358.5121505999998,89.05437099999995,0.46908119827828754,0.592501306610973,0.5679445972611993,0.0028335143700936962
Defect_L5_B192_el5535_H4_W4.npy,-347.3606219999999,95.95648899999992,0.47215632298369853,0.5944046217835192,0.567941985997053,0.0027694960945254645
Defect_L5_B193_el5539_H4_W4.npy,-323.026024,146.5815799999998,0.478866786292383,0.608364902354183,0.5679394408751819,0.002644372231150826
Defect_L5_B194_el5827_H4_W4.npy,-325.79971899999964,149.51807000000008,0.47810191733802515,0.6091746633537819,0.56794095034446,0.0026311376769036204
Defect_L5_B195_el5831_H4_W4.npy,-347.7256480000001,92.15778300000011,0.47205566409548855,0.5933570977096273,0.5679412141642529,0.002745431287586078
Defect_L5_B196_el5835_H4_W4.npy,-357.3852417999999,82.63110000000006,0.4693919525448932,0.5907300373930785,0.5679416811707991,0.0028109738292274936
Defect_L5_B197_el5839_H4_W4.npy,-365.6302919999998,85.15948450000019,0.4671183128963006,0.5914272599819824,0.5679427985634663,0.002879933534190418
Defect_L5_B198_el5843_H4_W4.npy,-373.43178549999993,88.4086069,0.4649669876151231,0.5923232319084809,0.5679447019328393,0.002945775172942467
Defect_L5_B199_el5847_H4_W4.npy,-376.7474869,85.82434059999991,0.46405265598789613,0.5916105994587474,0.5679464248818398,0.0029592154485778665
Defect_L5_B19_el471_H4_W4.npy,-371.4759290999998,87.7728725999998,0.465506330924154,0.5921479230049097,0.5679429544160758,0.002929747533738504
Defect_L5_B1_el115_H4_W4.npy,-381.82076499999994,175.3041500000004,0.46265365829149685,0.6162853846286847,0.5679448233970508,0.003193655310404561
Defect_L5_B200_el5851_H4_W4.npy,-372.2170795000002,78.31764550000025,0.46530195267367214,0.5895405672339278,0.5679468643780505,0.0029114913500734273
Defect_L5_B201_el5855_H4_W4.npy,-364.98952599999984,78.78105740000001,0.4672950093320688,0.5896683568342227,0.5679469581092296,0.002847232421876414
Defect_L5_B202_el5859_H4_W4.npy,-360.5067346000001,79.3942126999998,0.46853117551858997,0.5898374393949115,0.567945731073843,0.0028138275717157876
Defect_L5_B203_el5863_H4_W4.npy,-360.67210449999993,80.43923269999982,0.4684855734237327,0.5901256121589259,0.5679446009555777,0.0028207963210648
Defect_L5_B204_el5867_H4_W4.npy,-360.81325100000004,83.74301199999991,0.46844665112843115,0.591036656170117,0.5679440842794716,0.0028347478404549533
Defect_L5_B205_el5871_H4_W4.npy,-357.55622700000004,94.69808699999999,0.4693448019853923,0.5940576071975959,0.5679439317236751,0.002834315350909415
Defect_L5_B206_el5875_H4_W4.npy,-339.62997700000005,157.8652900000002,0.47428811121479914,0.6114764771556584,0.5679439473028289,0.002766708095411116
Defect_L5_B207_el6163_H4_W4.npy,-320.3376450000003,146.95552999999995,0.47960812866587677,0.6084680221079707,0.5679421212416809,0.0025909009788381036
Defect_L5_B208_el6167_H4_W4.npy,-342.17481900000007,89.899809,0.47358635033642343,0.5927344430153125,0.5679419916737783,0.002704023980031952
Defect_L5_B209_el6171_H4_W4.npy,-351.954929,82.29329900000016,0.47088940546353514,0.590636886020036,0.5679420798229844,0.0027696399847198724
Defect_L5_B20_el475_H4_W4.npy,-368.3412436999997,86.64543860000026,0.4663707459172009,0.5918370239101329,0.5679427811907367,0.002903074497079856
Defect_L5_B210_el6175_H4_W4.npy,-359.7688980999999,84.11544460000005,0.46873463993419523,0.591139357488514,0.5679426209488523,0.002830803080019969
Defect_L5_B211_el6179_H4_W4.npy,-366.37564059999977,85.87005790000012,0.46691277695802547,0.5916232063760354,0.5679435381876183,0.0028826590122705037
Defect_L5_B212_el6183_H4_W4.npy,-370.5248517,85.40621049999982,0.46576859825219524,0.5914952966830734,0.5679443631437506,0.0029096315716307776
Defect_L5_B213_el6187_H4_W4.npy,-370.9288122999999,83.44915579999997,0.4656572028313852,0.590955622933072,0.5679445511293016,0.0029080083543507594
Defect_L5_B214_el6191_H4_W4.npy,-369.3389351000003,81.2961287999999,0.46609562439955377,0.5903619082275278,0.5679446258041753,0.0028918131527918725
Defect_L5_B215_el6195_H4_W4.npy,-368.4047046999999,81.62552179999966,0.4663532460303306,0.590452741026189,0.5679443536423929,0.0028846859697431774
Defect_L5_B216_el6199_H4_W4.npy,-368.9395400000001,83.3502269999999,0.46620576084660825,0.5909283425118967,0.567944266167444,0.0028944600162270247
Defect_L5_B217_el6203_H4_W4.npy,-369.24528699999973,87.9316389999999,0.46612144862475696,0.5921917041309367,0.567944497306221,0.0029083870286264967
Defect_L5_B218_el6207_H4_W4.npy,-366.4101210000001,98.43335499999966,0.46690326870730064,0.5950876377270545,0.5679449649842847,0.0029090439693773974
Defect_L5_B219_el6211_H4_W4.npy,-348.40997699999957,162.6565300000002,0.47186695480817814,0.6127977005522028,0.5679455015284643,0.0028380897730415386
Defect_L5_B21_el479_H4_W4.npy,-364.5420109999998,85.22209929999985,0.4674184152329013,0.5914445265223206,0.5679426301197827,0.002871424047058708
Defect_L5_B22_el483_H4_W4.npy,-360.10316739999985,83.66029909999997,0.46864246245615065,0.5910138474152486,0.5679425294900826,0.002835913549721741
Defect_L5_B23_el487_H4_W4.npy,-355.0612543,82.04799219999995,0.47003281099871236,0.590569240674887,0.5679424847418443,0.0027970154601873088
Defect_L5_B24_el491_H4_W4.npy,-349.07540700000004,80.81024179999986,0.4716834570738206,0.5902279209356207,0.567942554130144,0.0027541458674630705
Defect_L5_B25_el495_H4_W4.npy,-340.65331500000025,88.87544600000001,0.4740059174386215,0.5924519665870488,0.5679428441008253,0.0027020324144485766
Defect_L5_B26_el499_H4_W4.npy,-319.519362,147.72576000000004,0.4798337768581182,0.6086804192946531,0.5679431037508775,0.0025972711718007155
Defect_L5_B27_el787_H4_W4.npy,-342.8597910000001,162.17911999999956,0.47339746373663344,0.6126660508619881,0.5679436010420662,0.0027988851744859488
Defect_L5_B28_el791_H4_W4.npy,-362.33817599999975,97.23343399999976,0.4680261406576605,0.5947567497525,0.5679438094041236,0.002883918822294601
Defect_L5_B29_el795_H4_W4.npy,-366.5054320999998,87.44476599999962,0.4668769858963227,0.5920574449415106,0.5679436931131243,0.0028967481096561264
Defect_L5_B2_el119_H4_W4.npy,-400.88376199999993,115.71026699999948,0.45739688183182153,0.5998518867219782,0.5679441599930065,0.0032424410205307576
Defect_L5_B30_el799_H4_W4.npy,-367.5238800000002,83.5645605999996,0.4665961406049906,0.5909874467452445,0.567943613303695,0.0028951070812622383
Defect_L5_B31_el803_H4_W4.npy,-367.5784793999999,81.69018790000018,0.46658108437639073,0.5904705732291853,0.5679435597334452,0.002890225567175145
Defect_L5_B32_el807_H4_W4.npy,-367.2715433000001,80.73331980000012,0.46666572450223787,0.590206709068524,0.5679435107432088,0.002884859000696442
Defect_L5_B33_el811_H4_W4.npy,-366.5321672,80.0724774600003,0.4668696134750645,0.5900244764187225,0.5679434422242786,0.0028774328836490967
Defect_L5_B34_el815_H4_W4.npy,-365.13973680000004,79.4804938599998,0.4672535874823235,0.5898612321264952,0.5679433103181869,0.002865792345495458
Defect_L5_B35_el819_H4_W4.npy,-362.9202257999998,79.00352430999988,0.4678656356915737,0.5897297038939502,0.5679431741082319,0.002849636914029838
Defect_L5_B36_el823_H4_W4.npy,-359.86479970000005,78.92298879999976,0.4687081942880397,0.5897074955720826,0.5679430207430529,0.0028287295635499228
Defect_L5_B37_el827_H4_W4.npy,-355.720638,82.18472740000016,0.4698509805807537,0.590606946518337,0.5679428894450786,0.0028025635825444433
Defect_L5_B38_el831_H4_W4.npy,-348.90280499999994,92.47721200000001,0.47173105347907074,0.5934451828542526,0.5679428334544688,0.0027651839266447254
Defect_L5_B39_el835_H4_W4.npy,-328.58116999999993,153.14067999999997,0.47733490960358854,0.6101736275235073,0.5679425694982656,0.002667908348638103
Defect_L5_B3_el123_H4_W4.npy,-399.44930499999964,109.34516800000029,0.45779244501582755,0.5980966589061893,0.567943474173372,0.0032139006903295323
Defect_L5_B40_el1123_H4_W4.npy,-338.7589740000001,160.0309900000002,0.47452829737580554,0.6120736865440206,0.5679428439475503,0.0027625710345281014
Defect_L5_B41_el1127_H4_W4.npy,-358.17570599999976,95.97500000000014,0.4691739756129986,0.5944097263423168,0.5679434032466854,0.002847046652863535
Defect_L5_B42_el1131_H4_W4.npy,-362.430783,84.93917559999977,0.46800060352424955,0.591366508011063,0.567943543140241,0.0028602183892976114
Defect_L5_B43_el1135_H4_W4.npy,-363.71129010000004,81.25545320000015,0.46764749327722344,0.5903506916000185,0.5679436658252681,0.0028603503380003653
Defect_L5_B44_el1139_H4_W4.npy,-364.4343763999998,79.68078220000007,0.4674480963492298,0.5899164632651698,0.567943804218238,0.002860419761852023
Defect_L5_B45_el1143_H4_W4.npy,-365.34496909999984,78.8605141000005,0.4671969930064704,0.5896902676654591,0.5679438884895798,0.0028648251786691347
Defect_L5_B46_el1147_H4_W4.npy,-366.1863853,78.36025210000003,0.4669649656461896,0.5895523163503918,0.5679438670168022,0.002870609841685526
Defect_L5_B47_el1151_H4_W4.npy,-366.2238305999999,78.04024949999985,0.46695463980017676,0.5894640730309013,0.5679437301235416,0.002871535848031994
Defect_L5_B48_el1155_H4_W4.npy,-364.91998300000023,78.69404540000005,0.4673141863799031,0.5896443625675651,0.567943482209929,0.0028644194122114004
Defect_L5_B49_el1159_H4_W4.npy,-362.4617733,80.0927366999997,0.4679920576969844,0.5900300630689181,0.5679431682312789,0.0028491820718159837
Defect_L5_B4_el127_H4_W4.npy,-393.5331259999998,106.97877189999963,0.4594238794906074,0.5974441059360163,0.5679429771938704,0.0031683223642899926
Defect_L5_B50_el1163_H4_W4.npy,-358.78311370000006,83.44820149999987,0.4690064779997541,0.5909553597770858,0.5679428491606853,0.0028271737754644506
Defect_L5_B51_el1167_H4_W4.npy,-352.349099,93.85129499999994,0.47078070988030074,0.5938240974167446,0.567942555574868,0.002792987369980614
Defect_L5_B52_el1171_H4_W4.npy,-332.0167510000001,154.99571000000014,0.476387520201696,0.61068516713273,0.5679419945840095,0.002695477758860941
Defect_L5_B53_el1459_H4_W4.npy,-336.4253920000001,158.74275999999986,0.47517180159103056,0.6117184466445101,0.567942264447587,0.002745394206496775
Defect_L5_B54_el1463_H4_W4.npy,-355.60989500000005,95.24667899999986,0.4698815188636624,0.5942088859032248,0.5679430189673026,0.002827653920134542
Defect_L5_B55_el1467_H4_W4.npy,-359.8024625999999,84.32702109999968,0.46872538425034443,0.5911977014291137,0.5679433542648283,0.002839972125444118
Defect_L5_B56_el1471_H4_W4.npy,-361.04884690000017,80.69081280000023,0.4683816836429347,0.59019498741757,0.5679436717257258,0.0028397158751645645
Defect_L5_B57_el1475_H4_W4.npy,-362.0513158000001,79.17808790000026,0.4681052446908079,0.5897778412235962,0.5679439934692395,0.002841827305795672
Defect_L5_B58_el1479_H4_W4.npy,-364.16923150000025,78.44780439999977,0.4675212122117943,0.5895764596091684,0.5679442270408784,0.00285566064084753
Defect_L5_B59_el1483_H4_W4.npy,-366.9428536999999,78.02145779999955,0.46675636333262854,0.5894588910667957,0.5679442297014655,0.0028777075407526932
Defect_L5_B5_el131_H4_W4.npy,-386.47480100000007,104.96670630000017,0.46137027001381514,0.5968892624829433,0.5679425553909484,0.003115221587666827
Defect_L5_B60_el1487_H4_W4.npy,-368.49165659999994,78.60004359999971,0.46632926833673694,0.5896184408067103,0.5679440811359366,0.002892860671362269
Defect_L5_B61_el1491_H4_W4.npy,-367.425346,80.20557537000013,0.46662331215685515,0.5900611792498733,0.5679437066781224,0.0028907475119596374
Defect_L5_B62_el1495_H4_W4.npy,-364.6204931999998,80.85670910000022,0.46739677312796557,0.5902407346715085,0.5679431994443205,0.0028732730023824393
Defect_L5_B63_el1499_H4_W4.npy,-360.6287881999999,84.07802119999997,0.46849751824574365,0.5911290376816042,0.5679426589627071,0.0028478511581811754
Defect_L5_B64_el1503_H4_W4.npy,-353.94536919999996,94.47271400000022,0.4703405253903887,0.5939954587599162,0.5679421787418562,0.0028108744438521695
Defect_L5_B65_el1507_H4_W4.npy,-333.252884,155.6831900000002,0.47604664647363387,0.6108747453339173,0.5679413970329461,0.0027098909228452438
Defect_L5_B66_el1795_H4_W4.npy,-330.607763,158.38481000000002,0.4767760601018159,0.6116197390208484,0.5679416259267976,0.0027007949976424746
Defect_L5_B67_el1799_H4_W4.npy,-349.65457440000023,94.39085000000023,0.4715237469529759,0.5939728840961267,0.567942495833882,0.002782175973207502
Defect_L5_B68_el1803_H4_W4.npy,-353.95005719999995,83.83902849999981,0.47033923263626176,0.5910631335008819,0.5679430666408101,0.0027955586572841955
Defect_L5_B69_el1807_H4_W4.npy,-355.0501866999998,80.43815390000009,0.47003586297942374,0.5901253146710523,0.5679436559608588,0.0027943281258407475
Defect_L5_B6_el135_H4_W4.npy,-379.0730179999998,102.77947979999999,0.4634113718738231,0.5962861169871339,0.5679421637002909,0.003057609342866908
Defect_L5_B70_el1811_H4_W4.npy,-355.7905346,79.1746383000002,0.4698317060248436,0.589776889968341,0.5679442392902595,0.0027945674478501957
Defect_L5_B71_el1815_H4_W4.npy,-359.41979649999985,78.66953604000014,0.46883090753959406,0.5896376039122136,0.5679446463486207,0.0028181866810787068
Defect_L5_B72_el1819_H4_W4.npy,-365.3089858999999,78.45146047000003,0.4672069156665171,0.5895774678002053,0.567944568865375,0.0028651942668209674
Defect_L5_B73_el1823_H4_W4.npy,-369.0118858999999,82.14945539999985,0.46618581087630334,0.5905972199774744,0.5679444517698488,0.0029019929962863116
Defect_L5_B74_el1827_H4_W4.npy,-367.05825349999986,84.57642768000005,0.4667245408992467,0.5912664773219406,0.5679439036965916,0.0028990072122258253
Defect_L5_B75_el1831_H4_W4.npy,-362.7404738,84.02535829999988,0.4679152037674737,0.5911145154586285,0.5679430077203701,0.0028678656701740008
Defect_L5_B76_el1835_H4_W4.npy,-357.9158795000001,84.54314870000007,0.46924562488350935,0.591257300372552,0.5679422154622613,0.0028329646908318773
Defect_L5_B77_el1839_H4_W4.npy,-350.7924433999997,94.56294400000024,0.4712099703220825,0.5940203404162453,0.5679415494308379,0.002790646794722125
Defect_L5_B78_el1843_H4_W4.npy,-329.78469900000005,156.50924999999984,0.4770030266936905,0.611102538097158,0.5679407285183999,0.002685394100766798
Defect_L5_B79_el2131_H4_W4.npy,-323.45022600000016,153.68405999999982,0.47874980914090215,0.6103234689777476,0.567939242206551,0.0026438248717174867
Defect_L5_B7_el139_H4_W4.npy,-371.41619200000014,100.2084906,0.46552280391531314,0.5955771458057063,0.5679418339942344,0.0029959499292732845
Defect_L5_B80_el2135_H4_W4.npy,-345.3173084,91.28850299999976,0.4727197833269076,0.5931173866798838,0.5679411618106716,0.0027507136647485384
Defect_L5_B81_el2139_H4_W4.npy,-352.9197405,82.46789480000007,0.47062335084572116,0.5906850322318514,0.5679429444268201,0.00279248327839941
Defect_L5_B82_el2143_H4_W4.npy,-356.11436339999955,81.33469303000015,0.46974240759958535,0.5903725426275884,0.5679445808099776,0.0028083888258734827
Defect_L5_B83_el2147_H4_W4.npy,-356.2488519999997,79.5697712000001,0.46970532127435666,0.5898858510790815,0.5679463475048971,0.0028059887000663843
Defect_L5_B84_el2151_H4_W4.npy,-362.25709759999995,78.81201719000023,0.4680484986858608,0.5896768942481072,0.5679477574840713,0.002841196620798089
Defect_L5_B85_el2155_H4_W4.npy,-373.0010700499997,79.55163278999999,0.4650857609034145,0.5898808492650066,0.5679474551578899,0.00292791597783258
Defect_L5_B86_el2159_H4_W4.npy,-380.5188777999999,88.27881045000004,0.46301266427497956,0.5922874394817754,0.5679469451740563,0.0029974748712744336
Defect_L5_B87_el2163_H4_W4.npy,-372.2413781999999,89.51794679999966,0.465295252109529,0.5926291414080258,0.567945245865823,0.0029582648814368874
Defect_L5_B88_el2167_H4_W4.npy,-363.4224111000001,84.8290300499998,0.46772715401088955,0.5913361344798509,0.5679427798125593,0.00287720022059904
Defect_L5_B89_el2171_H4_W4.npy,-356.4321447000002,83.15245040000013,0.46965477682163537,0.5908738040059548,0.5679411783174696,0.0028193721601778425
Defect_L5_B8_el143_H4_W4.npy,-363.395256,97.30276099999992,0.46773464225056355,0.5947758672365777,0.567941576137347,0.002929695896155134
Defect_L5_B90_el2175_H4_W4.npy,-348.18706369999995,93.00581299999999,0.4719284249635785,0.5935909488790472,0.5679400153787582,0.002766804436805794
Defect_L5_B91_el2179_H4_W4.npy,-326.70420899999976,154.12496999999985,0.4778524968644232,0.6104450534961124,0.5679389210752659,0.0026572324920550124
Defect_L5_B92_el2467_H4_W4.npy,-289.81928300000004,137.0576000000001,0.4880238151893259,0.6057385874118673,0.5679292131704905,0.002384717316266805
Defect_L5_B93_el2471_H4_W4.npy,-320.6438284000003,97.92332450000004,0.4795236961031762,0.5949469926686666,0.5679352452668135,0.0025871542177330316
Defect_L5_B94_el2475_H4_W4.npy,-344.91925419999984,107.72085370000036,0.47282955000988175,0.5976487410276232,0.5679443833066947,0.002781355758725672
Defect_L5_B95_el2479_H4_W4.npy,-372.28944709999973,115.81492350000053,0.4652819967194158,0.5998807466030115,0.5679562065739865,0.003003276009322662
Defect_L5_B96_el2499_H4_W4.npy,-378.5751893700001,96.1024639999996,0.46354865216732233,0.5944448755769651,0.5679525666223592,0.003022051151374006
Defect_L5_B97_el2503_H4_W4.npy,-353.01942510000003,91.10762212999998,0.470595862006549,0.5930675073089002,0.5679440783973144,0.0027564836427607224
Defect_L5_B98_el2507_H4_W4.npy,-337.7912489999999,84.69078150000041,0.4747951554149397,0.5912980113178308,0.5679379502311528,0.002638926882513204
Defect_L5_B99_el2511_H4_W4.npy,-327.4108654000004,83.10988199999997,0.47765763061497657,0.5908620654234514,0.5679341497554332,0.002575847589407711
Defect_L5_B9_el147_H4_W4.npy,-354.847397,94.2466922000001,0.4700917838884615,0.5939331314103597,0.5679414147297268,0.002858198262284283
Defect_L6_B100_el2515_H4_W4.npy,-300.81000500000005,136.5401499999998,0.4849930342116845,0.6055958963660123,0.5679324303763764,0.002342334450955574
Defect_L6_B101_el2803_H4_W4.npy,-220.49509039999998,112.82825000000025,0.5071405251036002,0.5990571470951515,0.5679150403658677,0.0017595755894337175
Defect_L6_B102_el2807_H4_W4.npy,-223.18068089999997,70.25547549999987,0.5063999516816599,0.5873173582878265,0.5679147349219973,0.001760800002401897
Defect_L6_B103_el2811_H4_W4.npy,-208.5651242,67.27286129999993,0.510430310308145,0.5864948781649553,0.5679168686378308,0.0016921357135925444
Defect_L6_B104_el2815_H4_W4.npy,-200.34196906800014,81.98439089999988,0.5126979122136668,0.5905517020991509,0.5679301186173626,0.0016484499876010439
Defect_L6_B105_el2835_H4_W4.npy,-177.90046350000011,115.2306000000001,0.5188863398879477,0.5997196146456577,0.5680094995919421,0.001639599277929361
Defect_L6_B106_el2839_H4_W4.npy,-180.13824620000014,80.10152129999983,0.5182692531088212,0.5900324854938123,0.5679419011756237,0.0015497489959908968
Defect_L6_B107_el2843_H4_W4.npy,-213.3322232999999,64.14502890000017,0.5091157439611106,0.585632352942393,0.5679229483687172,0.0016999537173781566
Defect_L6_B108_el2847_H4_W4.npy,-236.63723119999986,66.81804499999998,0.5026891984960261,0.5863694588712672,0.5679181931242289,0.001828104827485818
Defect_L6_B109_el2851_H4_W4.npy,-238.3571669999999,112.25624000000039,0.5022149122111574,0.5988994106855671,0.5679175446710925,0.0018649077800153915
Defect_L6_B10_el151_H4_W4.npy,-341.9128209999999,83.57380569999964,0.47365859841571983,0.5909899961567587,0.5679413755356674,0.0026757555484692996
Defect_L6_B110_el3139_H4_W4.npy,-259.303858,117.46715000000017,0.4964386918111388,0.600336361497734,0.5679229354884553,0.0020247345684499094
Defect_L6_B111_el3143_H4_W4.npy,-261.8774954999999,73.21087709999983,0.495728990339448,0.5881323343149311,0.5679273461575675,0.002026011921106897
Defect_L6_B112_el3147_H4_W4.npy,-251.65282779999984,87.14243620000025,0.4985485256136425,0.5919740750403509,0.5679411137348017,0.002010648523034673
Defect_L6_B113_el3151_H4_W4.npy,-243.8996471999999,111.79510211000047,0.5006865282197223,0.5987722481620239,0.5679766703989808,0.002086847246160151
Defect_L6_B114_el3171_H4_W4.npy,-366.91468810000015,1535.7740999999996,0.4667641302258957,0.9914460378699192,0.5681046249995249,0.0048552075826531265
Defect_L6_B115_el3175_H4_W4.npy,-291.5545635000001,1502.258100000001,0.48754529747863573,0.9822037282885627,0.5680080349521451,0.004375092284197848
Defect_L6_B116_el3179_H4_W4.npy,-265.9175872999999,91.86284488000001,0.4946149021680462,0.5932757661243432,0.5679376718946463,0.002260705397329146
Defect_L6_B117_el3183_H4_W4.npy,-254.79002330000026,78.08177890000002,0.49768341844010616,0.5894755251007048,0.5679226169590211,0.0020676488503242
Defect_L6_B118_el3187_H4_W4.npy,-236.20990270000016,116.12233000000015,0.5028070378053093,0.5999655164454842,0.5679179193702666,0.0019039737298709753
Defect_L6_B119_el3475_H4_W4.npy,-304.58988899999986,140.97138999999993,0.48395070045736965,0.6068178468347225,0.5679344023299341,0.0023840749496209335
Defect_L6_B11_el155_H4_W4.npy,-331.4177649999999,81.20256219999987,0.47655269546267287,0.5903361064766126,0.5679415680850513,0.002585249197158252
Defect_L6_B120_el3479_H4_W4.npy,-322.9015858,82.771029,0.47890110113807305,0.5907686239528532,0.5679364123279876,0.0024731128187959017
Defect_L6_B121_el3483_H4_W4.npy,-331.97087000000033,82.89740709999978,0.4764001722605903,0.5908034737417451,0.5679407495807802,0.0025300702659831354
Defect_L6_B122_el3487_H4_W4.npy,-342.22416980000025,84.41517177000014,0.47357274145195966,0.5912220096932844,0.567945941907829,0.0026089738706861466
Defect_L6_B123_el3491_H4_W4.npy,-359.53018714999985,81.85386000000017,0.4688004664200635,0.5905157071418846,0.5679494068411601,0.0027612357883777267
Defect_L6_B124_el3495_H4_W4.npy,-385.4125296999998,80.62274470000011,0.4616631999641073,0.5901762170854058,0.5679563821380808,0.002932277030465412
Defect_L6_B125_el3499_H4_W4.npy,-382.9999320999998,78.33755980000024,0.46232849337365617,0.5895460587641133,0.5679618086914086,0.0029526083645778343
Defect_L6_B126_el3503_H4_W4.npy,-389.7362246,83.16054880000002,0.46047090593137263,0.5908760372056181,0.5679600057102079,0.0029825645587837164
Defect_L6_B127_el3507_H4_W4.npy,-381.1794182599999,92.49734340000032,0.46283051487104315,0.5934507342515288,0.56795562469219,0.0029767100096357215
Defect_L6_B128_el3511_H4_W4.npy,-368.37903129999995,98.8322917999999,0.4663603256791791,0.5951976477941568,0.5679523524867477,0.0028951807486697163
Defect_L6_B129_el3515_H4_W4.npy,-348.5174030999999,94.44783699999925,0.4718373311874203,0.5939885987248444,0.5679443555077646,0.002731254109618672
Defect_L6_B12_el159_H4_W4.npy,-318.6794950000001,79.08574429999999,0.48006537701389945,0.5897523767248773,0.5679421831649163,0.00247616023522586
Defect_L6_B130_el3519_H4_W4.npy,-326.69332269999995,88.28817149999963,0.477855498850185,0.592290020867445,0.5679365967767285,0.0025528203348438444
Defect_L6_B131_el3523_H4_W4.npy,-296.83994199999984,135.42306000000008,0.486087811371951,0.6052878497133618,0.5679318964653335,0.0023461496141154756
Defect_L6_B132_el3811_H4_W4.npy,-290.38158,135.2819099999997,0.4878687572184861,0.6052489264529067,0.5679305997229938,0.0023019690865131253
Defect_L6_B133_el3815_H4_W4.npy,-320.9687987,88.06232,0.4794340829000092,0.5922277404794987,0.567935727063492,0.0025009045052313975
Defect_L6_B134_el3819_H4_W4.npy,-343.3000548,90.17681809999999,0.4732760574131741,0.5928108305275172,0.5679433437973821,0.00267191761278963
Defect_L6_B135_el3823_H4_W4.npy,-361.3503257,91.19625006000024,0.46829854841194607,0.5930919471813975,0.5679503850729664,0.0028099960109138947
Defect_L6_B136_el3827_H4_W4.npy,-370.58663459000013,88.7721459999998,0.46575156111780536,0.592423480771923,0.5679552027886612,0.0028779514138645213
Defect_L6_B137_el3831_H4_W4.npy,-390.4864382999999,83.73815710000008,0.4602640284022052,0.5910353173919578,0.5679651029615854,0.002978875391643643
Defect_L6_B138_el3835_H4_W4.npy,-389.27479509999966,79.56500079999978,0.460598148868745,0.5898845356024843,0.5679665290439627,0.003016256810245306
Defect_L6_B139_el3839_H4_W4.npy,-402.7214429999997,1476.3967000000002,0.4568901263504462,0.9750722369110919,0.5679891708647382,0.004613061068777731
Defect_L6_B13_el163_H4_W4.npy,-296.14767300000017,121.16310000000021,0.48627871017883645,0.6013555497689242,0.5679431647695713,0.0023366501098611376
Defect_L6_B140_el3843_H4_W4.npy,-373.6539652180004,86.81548310000062,0.46490571975092515,0.5918839150639582,0.567950575395168,0.0029097741271379633
Defect_L6_B141_el3847_H4_W4.npy,-350.5023542000001,87.7387363519997,0.47128996477824087,0.592138509656898,0.5679441725294079,0.0026848816783474638
Defect_L6_B142_el3851_H4_W4.npy,-335.0071316999997,84.85430400000018,0.47556289840328597,0.5913431039771134,0.5679386478525869,0.002555625115764531
Defect_L6_B143_el3855_H4_W4.npy,-322.15196600000013,83.15421600000013,0.47910781489448534,0.5908742908845143,0.5679342775610365,0.0024657118313432744
Defect_L6_B144_el3859_H4_W4.npy,-301.09063400000014,136.7981299999999,0.4849156484826146,0.6056670364491309,0.5679322767189343,0.0023498004036667927
Defect_L6_B145_el4147_H4_W4.npy,-197.0154261,107.43352000000004,0.5136152334914429,0.5975695064229997,0.5679165923838446,0.0016430527571837294
Defect_L6_B146_el4151_H4_W4.npy,-225.49735569999973,82.49494269999991,0.505761109764339,0.5906924909102536,0.5679293227311457,0.0019411335023205166
Defect_L6_B147_el4155_H4_W4.npy,-253.54216850000012,114.86245399999984,0.4980275245498502,0.5996180953920732,0.5679584986301427,0.002313383940574522
Defect_L6_B148_el4159_H4_W4.npy,-297.03963490000024,152.74323319999985,0.486032744430699,0.6100640283360231,0.5680162312003602,0.0028194035100029924
Defect_L6_B149_el4179_H4_W4.npy,-292.14819779999993,165.8392812000002,0.48738159799245867,0.6136753700805128,0.5680991513098247,0.0026607862766744824
Defect_L6_B14_el451_H4_W4.npy,-343.8681140000001,161.5397599999999,0.473119410468821,0.6124897421421546,0.5679447299385,0.0027134782440424027
Defect_L6_B150_el4183_H4_W4.npy,-236.96858999999995,119.96398850000014,0.5025978236120272,0.6010248850205783,0.5680033058928655,0.0021198729776234085
Defect_L6_B151_el4187_H4_W4.npy,-229.5068060000001,92.94791880000002,0.5046554712357656,0.593574984082551,0.5679517399918985,0.0019123512741292834
Defect_L6_B152_el4191_H4_W4.npy,-235.7791722999998,75.52961609999988,0.5029258152161848,0.5887717454521898,0.5679276087392962,0.0018443184442994579
Defect_L6_B153_el4195_H4_W4.npy,-233.30961000000002,101.61994000000004,0.5036068171050453,0.5959663644568944,0.5679181998390997,0.0018158406412399058
Defect_L6_B154_el4483_H4_W4.npy,-108.55069960000003,58.90193499999998,0.5380101012961652,0.5841865271580534,0.567913240584439,0.0008852454283286807
Defect_L6_B155_el4487_H4_W4.npy,-107.48589449999997,37.38460539999994,0.5383037299624144,0.5782529485231538,0.5679156371359829,0.0008844843081458555
Defect_L6_B156_el4491_H4_W4.npy,-97.25049363,39.80314958819997,0.5411262249955279,0.5789198817527617,0.567921197219036,0.0008327889045422088
Defect_L6_B157_el4495_H4_W4.npy,-81.73107359999995,44.55963866999997,0.5454058312862657,0.5802315223009875,0.5679316783419164,0.000736181938429905
Defect_L6_B158_el4515_H4_W4.npy,-59.63387720000003,46.58296,0.5514993129072482,0.5807894696131496,0.5679622043093825,0.0005628644610840784
Defect_L6_B159_el4519_H4_W4.npy,-73.00565639999996,50.402539099999956,0.547811936041872,0.5818427496141246,0.5679422307808341,0.0006781426452625146
Defect_L6_B15_el455_H4_W4.npy,-362.504584,97.2732089999995,0.4679802522982854,0.5947677180322349,0.5679437058637723,0.002804416361181454
Defect_L6_B160_el4523_H4_W4.npy,-79.38062580000008,43.482864550000045,0.5460539863830082,0.5799345930801308,0.567927247608145,0.0007803103161745179
Defect_L6_B161_el4527_H4_W4.npy,-109.11653719999993,40.677780499999926,0.5378540669760801,0.5791610683399523,0.5679169374472224,0.0009006201316466934
Defect_L6_B162_el4531_H4_W4.npy,-124.34366439999997,63.06106999999986,0.533655062810395,0.5853334424600183,0.567911527349552,0.0009892577705316308
Defect_L6_B163_el4819_H4_W4.npy,-153.62549920000004,75.41404,0.5255803587188641,0.5887398744026492,0.5679142854750346,0.0012198739398314473
Defect_L6_B164_el4823_H4_W4.npy,-138.48429209999995,52.98566230000006,0.5297556697181969,0.5825550668447365,0.5679241881721928,0.001179868065267591
Defect_L6_B165_el4827_H4_W4.npy,-114.71290150000004,68.480343114,0.5363108240058374,0.5868278510954614,0.5679436128454627,0.0011475682804323272
Defect_L6_B166_el4831_H4_W4.npy,-110.60447959999988,87.69794659999991,0.5374437547580342,0.5921272615510461,0.5679745209802396,0.0011769689696494333
Defect_L6_B167_el4851_H4_W4.npy,-127.29554489999998,77.5373386999999,0.532841057755252,0.5893253912876919,0.5679701083331361,0.001090306540929166
Defect_L6_B168_el4855_H4_W4.npy,-134.08391097000003,85.13004410000008,0.5309691106025334,0.5914191415522475,0.5679525248782663,0.001303999466134463
Defect_L6_B169_el4859_H4_W4.npy,-136.66074049999997,74.03420944000004,0.5302585289026097,0.5883593749037431,0.5679329860296598,0.0012785356009414888
Defect_L6_B16_el459_H4_W4.npy,-366.48767299999986,86.1920110000001,0.46688188311258016,0.5917119875617639,0.567943379089742,0.0028197898670082214
Defect_L6_B170_el4863_H4_W4.npy,-138.54075810000006,57.66258220399993,0.5297400987594661,0.583844765545058,0.5679212842516674,0.0012133867573433604
Defect_L6_B171_el4867_H4_W4.npy,-131.804621,73.11106000000007,0.5315976433489358,0.5881048089378064,0.5679155148107443,0.0011183034243269117
Defect_L6_B172_el5155_H4_W4.npy,-266.85167799999977,113.42129,0.49435731906068064,0.5992206826982701,0.5679262443936134,0.002070509235385074
Defect_L6_B173_el5159_H4_W4.npy,-280.0198909999999,79.8840004000001,0.49072607723053235,0.5899725023365676,0.5679320772460102,0.002144042870826676
Defect_L6_B174_el5163_H4_W4.npy,-289.8192217999999,90.63833809999983,0.4880238320657237,0.5929380984210004,0.5679450469566139,0.0022289986540744784
Defect_L6_B175_el5167_H4_W4.npy,-314.73344971000006,104.71500860000015,0.48115353109530046,0.596819854795143,0.5679664679216483,0.002420066987225905
Defect_L6_B176_el5187_H4_W4.npy,-447.87375659999975,165.57944989999987,0.44443900865723357,0.6136037194863628,0.5680376276873074,0.0036039809535431656
Defect_L6_B177_el5191_H4_W4.npy,-364.66950940000015,136.3091498000001,0.46738325651217294,0.6055321961821672,0.5679968950381289,0.0030734354155314524
Defect_L6_B178_el5195_H4_W4.npy,-313.6715007,113.42600130000005,0.48144637217150393,0.5992219818775616,0.567962148789725,0.0026460741277020802
Defect_L6_B179_el5199_H4_W4.npy,-278.2731701,95.04828659999998,0.4912077497245658,0.5941541775854248,0.5679389450170476,0.0023100893596044066
Defect_L6_B17_el463_H4_W4.npy,-366.74186699999996,82.49862600000006,0.46681178704975274,0.5906935066101844,0.5679431546365085,0.0028142398673259186
Defect_L6_B180_el5203_H4_W4.npy,-243.29912400000012,127.32071999999994,0.5008521273761009,0.6030535635630629,0.5679260131687169,0.002016552588537118
Defect_L6_B181_el5491_H4_W4.npy,-314.25228000000016,141.77819999999997,0.4812862175561249,0.6070403312539054,0.5679376658381055,0.0024463514676939563
Defect_L6_B182_el5495_H4_W4.npy,-335.4435868999999,87.0119259999999,0.47544254233225136,0.5919380857912782,0.5679378768003468,0.002562472704273201
Defect_L6_B183_el5499_H4_W4.npy,-347.00307640000005,80.40994399999977,0.4722549190907713,0.5901175355616998,0.5679395421621638,0.0026424406617578788
Defect_L6_B184_el5503_H4_W4.npy,-360.0266315000001,80.35985420000043,0.46866356785303226,0.590103722891976,0.567942120471707,0.0027518471223147534
Defect_L6_B185_el5507_H4_W4.npy,-377.1289456699999,85.33345580000059,0.4639474656297131,0.591475233982844,0.5679471062082889,0.002915482453665362
Defect_L6_B186_el5511_H4_W4.npy,-386.7115236999998,82.7130160100005,0.46130499180405465,0.5907526263990486,0.5679527069893888,0.0029659747296021527
Defect_L6_B187_el5515_H4_W4.npy,-375.3731168999998,77.31807430000026,0.46443164969297224,0.5892649273461426,0.5679550053816942,0.002867512094861668
Defect_L6_B188_el5519_H4_W4.npy,-365.58118539999987,76.75716679999982,0.4671318544406283,0.5891102525412283,0.567955079757642,0.0027756561609140282
Defect_L6_B189_el5523_H4_W4.npy,-357.3801076300001,79.09844810000004,0.4693933683340262,0.5897558799010457,0.5679503480323166,0.0027233667255629705
Defect_L6_B18_el467_H4_W4.npy,-365.35521380000023,80.74619030000031,0.4671941679471264,0.5902102582135732,0.5679429593639558,0.0027995136126657545
Defect_L6_B190_el5527_H4_W4.npy,-357.453438,83.48427340000012,0.46937314688811216,0.5909653068968791,0.5679467872344328,0.002729187110246011
Defect_L6_B191_el5531_H4_W4.npy,-352.0025804999998,84.20725400000015,0.47087626517486664,0.5911646746772381,0.5679443035204004,0.0027040599143478418
Defect_L6_B192_el5535_H4_W4.npy,-340.91239299999984,89.7573809999999,0.4739344745730733,0.5926951673359637,0.5679415638424739,0.002639504406135142
Defect_L6_B193_el5539_H4_W4.npy,-317.690343,145.00332000000003,0.4803381437225467,0.6079296843233954,0.5679398066237059,0.0025156090470350276
Defect_L6_B194_el5827_H4_W4.npy,-320.2765589999999,147.2756599999998,0.47962497362718154,0.6085563005590471,0.5679412710820004,0.0025015651525000563
Defect_L6_B195_el5831_H4_W4.npy,-341.21632,90.44491900000025,0.4738506642310237,0.5928847615311228,0.5679408716311057,0.002615999317575451
Defect_L6_B196_el5835_H4_W4.npy,-350.9700416999999,81.08548500000006,0.47116099614647305,0.5903038214865387,0.5679414960663468,0.002682871433943627
Defect_L6_B197_el5839_H4_W4.npy,-359.28277819999994,79.10419430000047,0.4688686914501714,0.589757464462429,0.5679427328084795,0.0027507034805700674
Defect_L6_B198_el5843_H4_W4.npy,-366.894407,81.14661670000055,0.46676972290416435,0.5903206790499902,0.5679445723169632,0.0028131514271913113
Defect_L6_B199_el5847_H4_W4.npy,-368.8311163999999,78.53026169999976,0.46623565953610363,0.589599197880258,0.5679461399943482,0.002815949556312173
Defect_L6_B19_el471_H4_W4.npy,-362.98266880000006,79.70349469999996,0.4678484165264826,0.5899227264217627,0.567942780053806,0.002778954325255472
Defect_L6_B1_el115_H4_W4.npy,-377.9025969999998,172.7446100000002,0.46373412498345795,0.615579570657272,0.5679450230208017,0.003062247496450144
Defect_L6_B200_el5851_H4_W4.npy,-363.7090548000001,76.1223778000001,0.46764810967937787,0.5889352043118203,0.5679465488059359,0.0027640927504103204
Defect_L6_B201_el5855_H4_W4.npy,-357.3153590999998,77.10492209999984,0.4694112232677653,0.5892061488934528,0.5679463167871481,0.0027096768206474977
Defect_L6_B202_el5859_H4_W4.npy,-353.78506390000007,77.76907659999983,0.4703847308806062,0.5893892948983116,0.56794538768425,0.002684704912921941
Defect_L6_B203_el5863_H4_W4.npy,-354.0838802999999,78.78814499999976,0.4703023298280705,0.5896703112975651,0.5679444162897762,0.0026924553757489704
Defect_L6_B204_el5867_H4_W4.npy,-354.23439630000007,82.05686400000013,0.47026082381694306,0.5905716871458903,0.5679438042225171,0.002705147553833216
Defect_L6_B205_el5871_H4_W4.npy,-350.94548800000007,92.80045299999983,0.47116776702894014,0.5935343191888804,0.5679435331855666,0.0027014864780898163
Defect_L6_B206_el5875_H4_W4.npy,-334.03271599999994,155.26756000000023,0.47583160145735964,0.6107601319811514,0.5679443001342567,0.0026317917147383003
Defect_L6_B207_el6163_H4_W4.npy,-315.6420800000001,145.28783999999996,0.4809029689030586,0.6080081430273604,0.56794238693203,0.0024700127027510546
Defect_L6_B208_el6167_H4_W4.npy,-336.60021299999994,88.55908299999987,0.4751235932784837,0.5923647269168588,0.5679417255202825,0.002583763074308064
Defect_L6_B209_el6171_H4_W4.npy,-346.41960700000004,79.315155,0.4724158155231036,0.5898156385911705,0.5679419186940158,0.002650221407336843
Defect_L6_B20_el475_H4_W4.npy,-359.8688654,78.95667019999973,0.4687070731381989,0.5897167834920591,0.5679426128023057,0.002753231867629009
Defect_L6_B210_el6175_H4_W4.npy,-354.23238979999996,78.14737631000003,0.4702613771256367,0.5894936141200077,0.567942551644481,0.002710113992863467
Defect_L6_B211_el6179_H4_W4.npy,-360.6653952999998,79.04532789999985,0.4684874235401978,0.5897412315738759,0.567943425620265,0.0027591598609393183
Defect_L6_B212_el6183_H4_W4.npy,-364.0724640000001,78.04687250000006,0.46754789663691715,0.5894658993770154,0.5679441285099367,0.0027799148035248865
Defect_L6_B213_el6187_H4_W4.npy,-364.1765826000001,77.7777858999998,0.46751918508618384,0.5893916965586183,0.5679442537958265,0.0027756749192175125
Defect_L6_B214_el6191_H4_W4.npy,-362.9900974000002,79.07098729999984,0.46784636802961677,0.5897483073621105,0.5679441817637044,0.0027636657859125124
Defect_L6_B215_el6195_H4_W4.npy,-362.4964233999999,80.37600799999973,0.46798250265010455,0.5901081774337026,0.5679440922745064,0.0027603348848678085
Defect_L6_B216_el6199_H4_W4.npy,-363.09435110000004,82.05612100000008,0.4678176192239597,0.5905714822575976,0.5679440897496053,0.0027703053163079124
Defect_L6_B217_el6203_H4_W4.npy,-363.36902499999997,85.64351799999986,0.4677418756621469,0.5915607361561902,0.5679442495873591,0.00278282054102782
Defect_L6_B218_el6207_H4_W4.npy,-360.47490300000004,96.58231000000023,0.4685399533411723,0.5945771970139916,0.567944621121574,0.0027800045077574272
Defect_L6_B219_el6211_H4_W4.npy,-343.3645779999997,160.50639999999976,0.4732582646160152,0.6122047847179695,0.5679457778630519,0.002705619103803849
Defect_L6_B21_el479_H4_W4.npy,-356.14399030000004,78.09153279999987,0.4697342377409584,0.5894782148179569,0.5679424866028111,0.0027231394129406724
Defect_L6_B22_el483_H4_W4.npy,-351.8320445999998,77.06887940000024,0.4709232918362384,0.5891962098257972,0.5679423980988904,0.0026894116783017933
Defect_L6_B23_el487_H4_W4.npy,-346.84869989999993,76.15715529999989,0.47229748966617074,0.5889447944902862,0.5679423249678603,0.0026518294514760914
Defect_L6_B24_el491_H4_W4.npy,-340.84868800000004,76.68498899999963,0.4739520417449279,0.5890903489258653,0.5679423306521293,0.0026093987447263337
Defect_L6_B25_el495_H4_W4.npy,-332.395444,86.25475499999993,0.4762830925270841,0.5917292897300528,0.5679425178870463,0.0025559162144600253
Defect_L6_B26_el499_H4_W4.npy,-312.267605,143.1792300000002,0.4818335078284838,0.607426676670804,0.5679433539976556,0.0024500434276542794
Defect_L6_B27_el787_H4_W4.npy,-334.5063170000001,157.0150199999996,0.475701002129873,0.6112420082880209,0.5679439367079773,0.002633633380798464
Defect_L6_B28_el791_H4_W4.npy,-352.82944299999986,94.23664599999984,0.4706482511157243,0.5939303610890051,0.567943326531178,0.0027204901187059447
Defect_L6_B29_el795_H4_W4.npy,-357.09358229999975,83.25416600000017,0.4694723800240478,0.5909018529098949,0.5679433429695631,0.0027371902051387467
Defect_L6_B2_el119_H4_W4.npy,-396.4289309999999,105.67814090000002,0.45862533771064434,0.5970854463599001,0.5679439791686027,0.0031172564538249625
Defect_L6_B30_el799_H4_W4.npy,-358.2024984000002,79.60241820000033,0.4691665873907993,0.5898948537548454,0.5679433418360863,0.0027373499495487097
Defect_L6_B31_el803_H4_W4.npy,-358.26263979999976,77.97879709999984,0.4691500029106271,0.5894471270318168,0.5679433289873911,0.002733073372202381
Defect_L6_B32_el807_H4_W4.npy,-357.8696890000001,77.07358520000002,0.46925836228954576,0.5891975074884188,0.567943260394189,0.0027273639989672223
Defect_L6_B33_el811_H4_W4.npy,-357.05660680000005,76.44777110000018,0.46948257631888973,0.5890249341606775,0.5679431773779579,0.002719583111313711
Defect_L6_B34_el815_H4_W4.npy,-355.72986530000003,75.98902420000013,0.46984843607773424,0.5888984309720725,0.5679431034474841,0.0027088954283379647
Defect_L6_B35_el819_H4_W4.npy,-353.6814606999999,75.77329989999998,0.47041330030559786,0.5888389432418891,0.5679429767918618,0.0026942684523178404
Defect_L6_B36_el823_H4_W4.npy,-350.70820089999984,76.13678899999991,0.47123320087659093,0.5889391783174247,0.5679428007411479,0.002674280207392401
Defect_L6_B37_el827_H4_W4.npy,-346.5616648,79.362754,0.4723766419294156,0.5898287644025368,0.5679425993730487,0.002647966771584276
Defect_L6_B38_el831_H4_W4.npy,-339.69173,89.4782929999999,0.4742710823228199,0.5926182065501766,0.5679424018796867,0.002608316930771962
Defect_L6_B39_el835_H4_W4.npy,-320.53894800000035,147.93925999999988,0.4795526177264551,0.6087392936560214,0.56794288874825,0.002510399337786146
Defect_L6_B3_el123_H4_W4.npy,-395.2389499999997,98.39545869999984,0.45895348464935826,0.5950771875141239,0.5679433563334135,0.003093936741456646
Defect_L6_B40_el1123_H4_W4.npy,-330.536206,155.09607000000005,0.47679579252652987,0.6107128422189451,0.5679432647464412,0.0025998612160335233
Defect_L6_B41_el1127_H4_W4.npy,-348.6783579999999,93.02542100000005,0.4717929465647196,0.5935963559445167,0.5679428902869418,0.00268463687528518
Defect_L6_B42_el1131_H4_W4.npy,-353.0189898000001,82.18691000000013,0.4705959820440642,0.5906075483880379,0.5679431588296212,0.002701437848164143
Defect_L6_B43_el1135_H4_W4.npy,-354.3565219000002,78.54777310000031,0.4702271466895111,0.5896040267912261,0.5679433745979462,0.002703079744904427
Defect_L6_B44_el1139_H4_W4.npy,-355.01919799999996,76.98582400000032,0.4700444083654759,0.5891733066237682,0.5679435102295737,0.002703127874017402
Defect_L6_B45_el1143_H4_W4.npy,-355.72393569999986,76.13428270000009,0.46985007121315897,0.5889384871848162,0.5679435573496177,0.0027059564600523454
Defect_L6_B46_el1147_H4_W4.npy,-356.37435129999994,75.6005775000001,0.46967071382171177,0.58879131363536,0.5679435428853881,0.0027100844574851975
Defect_L6_B47_el1151_H4_W4.npy,-356.4993244,75.30980849999969,0.4696362514729965,0.5887111317188226,0.5679434525683665,0.0027118413252127083
Defect_L6_B48_el1155_H4_W4.npy,-355.4929714,75.88463700000011,0.4699137614972872,0.5888696453527047,0.567943263027294,0.0027067782842909757
Defect_L6_B49_el1159_H4_W4.npy,-353.1620376000001,77.27703719999977,0.47055653544982473,0.5892536110320679,0.5679429396709497,0.002692615683116118
Defect_L6_B4_el127_H4_W4.npy,-389.53378099999964,95.86408385999994,0.4605267314005207,0.5943791403146449,0.5679428989719991,0.003052150585768488
Defect_L6_B50_el1163_H4_W4.npy,-349.48311820000004,80.57438989999991,0.47157102739455736,0.5901628828560423,0.5679425401460894,0.0026702973533559754
Defect_L6_B51_el1167_H4_W4.npy,-342.9864063,90.800025,0.4733625485379124,0.5929826848986545,0.5679420852364472,0.002633565540539885
Defect_L6_B52_el1171_H4_W4.npy,-323.91475300000025,149.71418999999992,0.47862171204271325,0.6092287450388008,0.5679423766413548,0.002536285935689313
Defect_L6_B53_el1459_H4_W4.npy,-328.2803040000001,154.00833999999986,0.4774178758499933,0.6104128918250755,0.5679427481838336,0.0025841143978550386
Defect_L6_B54_el1463_H4_W4.npy,-346.1238012000001,92.32402199999979,0.47249738637820443,0.5934029394658779,0.5679424949095296,0.0026660404722255887
Defect_L6_B55_el1467_H4_W4.npy,-350.3729507999999,81.58018950000019,0.47132564881821226,0.5904402402757825,0.5679429633563529,0.0026819736907869353
Defect_L6_B56_el1471_H4_W4.npy,-351.67427569999995,78.01066190000006,0.4709667978935277,0.5894559140095692,0.5679433629658426,0.002683124355902514
Defect_L6_B57_el1475_H4_W4.npy,-352.5597045000002,76.49626919999992,0.47072263370084805,0.5890383079061814,0.5679436712688588,0.0026846888237941
Defect_L6_B58_el1479_H4_W4.npy,-354.30686500000024,75.71307529999967,0.4702408399835393,0.5888223358186401,0.5679438045015051,0.0026952765437632874
Defect_L6_B59_el1483_H4_W4.npy,-356.7479969000001,75.2097192999995,0.4695676780086997,0.5886835313079098,0.5679438414543405,0.002713816513275368
Defect_L6_B5_el131_H4_W4.npy,-382.611995,93.95328269999982,0.4624354701840241,0.5938522213544725,0.5679425171283881,0.003002000502373463
Defect_L6_B60_el1487_H4_W4.npy,-358.4559953999999,75.64176609999981,0.4690966835313906,0.5888026717267915,0.5679437536445577,0.002730096106809506
Defect_L6_B61_el1491_H4_W4.npy,-357.89001459999986,76.59669280000026,0.46925275734004035,0.5890660005306138,0.5679435032840136,0.00273137531876691
Defect_L6_B62_el1495_H4_W4.npy,-355.27043630000003,77.96716790000005,0.46997512736096175,0.5894439201853381,0.5679429811819338,0.002715511590699043
Defect_L6_B63_el1499_H4_W4.npy,-351.2611743,81.20247340000014,0.4710807139642787,0.5903360819892904,0.5679423485325694,0.0026898912854581977
Defect_L6_B64_el1503_H4_W4.npy,-344.5044255999999,91.38996799999973,0.4729439423700799,0.5931453664788356,0.5679416973216075,0.0026502348293407636
Defect_L6_B65_el1507_H4_W4.npy,-325.10241599999995,150.38497000000007,0.4782942043113515,0.6094137180791691,0.567941834525666,0.0025500094065536274
Defect_L6_B66_el1795_H4_W4.npy,-322.9138579999999,154.07207999999991,0.4788977169791148,0.6104304686484648,0.5679421351133415,0.0025440320907243533
Defect_L6_B67_el1799_H4_W4.npy,-340.60681069999987,91.74370799999997,0.47401874137756017,0.5932429131607581,0.5679419968969449,0.002624972733238096
Defect_L6_B68_el1803_H4_W4.npy,-344.94163389999994,81.36822569999981,0.4728233786255955,0.5903817895340577,0.5679427040184875,0.0026417273534767322
Defect_L6_B69_el1807_H4_W4.npy,-346.08631739999987,78.01409899999999,0.4725077228409055,0.5894568618178477,0.5679433669237519,0.002641907139665242
Defect_L6_B6_el135_H4_W4.npy,-375.28621599999997,92.05148239999971,0.46445561332290114,0.593327784454648,0.5679421437070571,0.0029467742583809933
Defect_L6_B70_el1811_H4_W4.npy,-346.6791745999999,76.74711140000022,0.4723442376463734,0.589107479682899,0.5679439063908213,0.0026412531073579707
Defect_L6_B71_el1815_H4_W4.npy,-349.62228000000005,76.17975210000009,0.47153265239642217,0.5889510257416631,0.5679441534554156,0.0026588220936258947
Defect_L6_B72_el1819_H4_W4.npy,-354.81624670999986,75.73965180000027,0.4701003738342704,0.5888296645046586,0.5679441666001924,0.00269845516337023
Defect_L6_B73_el1823_H4_W4.npy,-358.9468892,76.82301660000007,0.46896131557366383,0.5891284111591264,0.5679441058032526,0.002737930112368875
Defect_L6_B74_el1827_H4_W4.npy,-357.8810672999998,77.85591560000034,0.46925522463078256,0.5894132414588124,0.567943712937052,0.0027413775405637076
Defect_L6_B75_el1831_H4_W4.npy,-353.7976567999999,78.87241500000005,0.4703812582860148,0.5896935494354223,0.5679428246022132,0.0027126944272040055
Defect_L6_B76_el1835_H4_W4.npy,-348.92929879999997,81.82127710000032,0.47172374759825003,0.5905067221422171,0.5679419108686564,0.00267774412348931
Defect_L6_B77_el1839_H4_W4.npy,-341.7113112999998,91.6974839999998,0.4737141663543476,0.5932301665168241,0.5679410804485668,0.002632938688995116
Defect_L6_B78_el1843_H4_W4.npy,-322.00065500000005,151.4367299999999,0.47914954013332844,0.6097037494529991,0.567941197516133,0.0025285215504649945
Defect_L6_B79_el2131_H4_W4.npy,-316.24791700000014,149.8733699999998,0.4807359044231135,0.6092726402183914,0.5679397846150721,0.002493436230863634
Defect_L6_B7_el139_H4_W4.npy,-367.68244500000014,90.08653030000005,0.4665524150166517,0.592785932932368,0.5679418295760319,0.0028871718459976595
Defect_L6_B80_el2135_H4_W4.npy,-336.7285567000001,88.83365299999991,0.47508820145940567,0.5924404418274015,0.5679407040963995,0.0025984082427340065
Defect_L6_B81_el2139_H4_W4.npy,-344.3433872999999,79.5284942000003,0.47298834999100886,0.589874468610631,0.5679425926949854,0.0026422171594691593
Defect_L6_B82_el2143_H4_W4.npy,-347.52676419999966,78.80562410000016,0.47211050792083525,0.5896751313015456,0.5679443353557384,0.002658712319816241
Defect_L6_B83_el2147_H4_W4.npy,-347.4910084999997,76.92353009999988,0.47212036784590683,0.5891561285742147,0.5679459682672406,0.0026550639960718023
Defect_L6_B84_el2151_H4_W4.npy,-351.96176620000006,76.37641820000022,0.47088752005002904,0.5890052580181986,0.5679471615335837,0.0026775981117012934
Defect_L6_B85_el2155_H4_W4.npy,-361.2491457499998,76.43735809999998,0.46832644960604225,0.5890220626912399,0.5679471144304937,0.0027481687155692983
Defect_L6_B86_el2159_H4_W4.npy,-369.7674941,79.08564869999964,0.4659774457698881,0.5897523503623998,0.567946559210223,0.0028255702376279003
Defect_L6_B87_el2163_H4_W4.npy,-363.4030336999999,81.96172230000002,0.4677324974865335,0.59054545104834,0.5679450138370903,0.002801174394959877
Defect_L6_B88_el2167_H4_W4.npy,-354.74722870000005,78.96461480000016,0.4701194061118425,0.5897189742801217,0.5679426404351635,0.002724026052744745
Defect_L6_B89_el2171_H4_W4.npy,-347.66076279999993,80.41471999999999,0.47207355671709167,0.5901188525825423,0.567940889255082,0.0026666315103543344
Defect_L6_B8_el143_H4_W4.npy,-359.703391,88.01516140000012,0.4687527040497811,0.5922147361120138,0.5679415862177214,0.0028229940162543244
Defect_L6_B90_el2175_H4_W4.npy,-339.31748449999986,90.20459600000004,0.4743742835631359,0.5928184905093563,0.5679395591254727,0.002611986449469762
Defect_L6_B91_el2179_H4_W4.npy,-319.1452529999999,149.29171999999994,0.47993694045744906,0.6091122455004062,0.5679394105976296,0.0025037677271662656
Defect_L6_B92_el2467_H4_W4.npy,-283.8271749999999,134.05784000000017,0.48967618770337673,0.6049113791952015,0.5679296697485031,0.002253772757048737
Defect_L6_B93_el2471_H4_W4.npy,-313.4102342000001,88.34797999999978,0.48151841853372607,0.5923065135477349,0.5679348328751533,0.002451653276314605
Defect_L6_B94_el2475_H4_W4.npy,-337.66337099999987,92.4114417000003,0.47483041881345517,0.5934270461591262,0.5679440854796687,0.0026440128207548923
Defect_L6_B95_el2479_H4_W4.npy,-364.8160376999999,100.2726405999997,0.46734285014175203,0.59559483568993,0.5679560139254358,0.0028603170478052604
Defect_L6_B96_el2499_H4_W4.npy,-369.82128747,93.54330399999981,0.465962611810616,0.593739166393643,0.5679520018834727,0.0028639330391535362
Defect_L6_B97_el2503_H4_W4.npy,-344.1422068999998,88.77080422999961,0.47304382712248344,0.592423110767933,0.5679439529511159,0.002609195333231239
Defect_L6_B98_el2507_H4_W4.npy,-329.07614179999973,82.3904077000002,0.477198417104196,0.5906636645338338,0.5679376689460748,0.0024951903456300216
Defect_L6_B99_el2511_H4_W4.npy,-318.84458410000025,80.42645900000002,0.4800198523519258,0.5901220897072642,0.5679337327079402,0.0024314527391841507
Defect_L6_B9_el147_H4_W4.npy,-351.197686,85.85436019999952,0.471098221379346,0.5916188776075928,0.5679414251182481,0.002753436542866248
Defect_L7_B100_el2515_H4_W4.npy,-444.8885451000001,200.9254599999997,0.44526220500670316,0.6233506692360337,0.567928302296341,0.0033571077191265875
Defect_L7_B101_el2803_H4_W4.npy,-323.9402638,157.45513000000005,0.4786146772321372,0.6113633721998795,0.5679013507650935,0.002475186595740306
Defect_L7_B102_el2807_H4_W4.npy,-324.9938723,94.13518010000007,0.47832413611939856,0.593902381041871,0.5679004260484316,0.002449318286585364
Defect_L7_B103_el2811_H4_W4.npy,-301.6018082999999,85.1151946,0.4847746880120742,0.5914150466818533,0.5679023362769406,0.0023055192474444887
Defect_L7_B104_el2815_H4_W4.npy,-275.2270100000002,85.00302499999998,0.4920477531461727,0.5913841150023923,0.5679156133571236,0.00211633047327627
Defect_L7_B105_el2835_H4_W4.npy,-215.14444490000005,108.62330910000003,0.5086160091163432,0.5978976004437279,0.5679941563366644,0.0018547512761111261
Defect_L7_B106_el2839_H4_W4.npy,-280.57045236,82.78216180000004,0.4905742554578669,0.5907716939129948,0.5679267171611135,0.002141687434327628
Defect_L7_B107_el2843_H4_W4.npy,-324.7015637899998,81.58650149999994,0.4784047425683389,0.590441980861117,0.5679089189194897,0.0024405389117638544
Defect_L7_B108_el2847_H4_W4.npy,-352.73434599999996,94.41831200000001,0.470674474886886,0.5939804569659716,0.5679048196131665,0.0026228858623872455
Defect_L7_B109_el2851_H4_W4.npy,-353.6561941,162.79154000000017,0.4704202677760379,0.612834930657722,0.5679050469066302,0.002672016651013805
Defect_L7_B10_el151_H4_W4.npy,-499.248914,108.28580169999987,0.4302718911765752,0.5978045300332732,0.5679430969946591,0.0037498446688145563
Defect_L7_B110_el3139_H4_W4.npy,-386.4874689999999,174.62096999999994,0.46136677670978793,0.6160969921874686,0.5679131518385038,0.0029203902386766493
Defect_L7_B111_el3143_H4_W4.npy,-394.2533653999999,99.07034799999997,0.4592252676184421,0.5952632937273876,0.567916949214371,0.002933984539635296
Defect_L7_B112_el3147_H4_W4.npy,-387.22774019999974,1500.2420000000002,0.4611626409058566,0.981647772316878,0.5679602232091808,0.0045528209837192276
Defect_L7_B113_el3151_H4_W4.npy,-379.7180874349999,1507.4531000000006,0.4632334887308543,0.9836362917888356,0.5679958206912642,0.004585280961148746
Defect_L7_B114_el3171_H4_W4.npy,-490.0761911000002,1549.7366000000002,0.43280134411683663,0.9952963108001527,0.5680950646888538,0.005292192986494048
Defect_L7_B115_el3175_H4_W4.npy,-399.15121190000013,1510.7801,0.45787464661250565,0.9845537390969025,0.567996030505945,0.0047829485672416265
Defect_L7_B116_el3179_H4_W4.npy,-374.78980058000025,106.41096040000002,0.46459250391224943,0.5972875272969528,0.5679253644239033,0.002944135067009497
Defect_L7_B117_el3183_H4_W4.npy,-365.4709877,98.59768839999992,0.4671622423526271,0.5951329539986073,0.567910033952159,0.002798131516066055
Defect_L7_B118_el3187_H4_W4.npy,-345.16222530000005,163.02183000000014,0.4727625487530037,0.6128984349981412,0.5679055306809547,0.0026502102181009384
Defect_L7_B119_el3475_H4_W4.npy,-451.54982429999995,207.78930000000014,0.44342530309196837,0.6252434289387699,0.5679318183873497,0.003420159583934347
Defect_L7_B11_el155_H4_W4.npy,-484.3301819999997,106.14228917000014,0.4343858528577215,0.5972134390202115,0.5679429488231915,0.0036318523419795754
Defect_L7_B120_el3479_H4_W4.npy,-478.8297592000001,121.76864100000012,0.43590263917905914,0.6015225326244621,0.5679342921576805,0.003556314807231987
Defect_L7_B121_el3483_H4_W4.npy,-495.0077660000002,115.44421719999991,0.4314414222302914,0.5997785213258792,0.567941015031366,0.0036582234185906595
Defect_L7_B122_el3487_H4_W4.npy,-512.4187471,117.3781403500002,0.42664020259067587,0.6003118163628423,0.5679489755731862,0.0037839755077541623
Defect_L7_B123_el3491_H4_W4.npy,-535.32029515,114.78406100000029,0.4203249144605165,0.599596477884763,0.567953953396067,0.003968492526570357
Defect_L7_B124_el3495_H4_W4.npy,-554.1293982,113.15230384999995,0.4151381513224408,0.5991465075797775,0.5679611843358301,0.004094785257588457
Defect_L7_B125_el3499_H4_W4.npy,-548.0709811999998,108.05285709999998,0.41680880908252427,0.5977402936653144,0.5679690283681268,0.004080960998662371
Defect_L7_B126_el3503_H4_W4.npy,-560.3074554899999,113.39857075000009,0.4134345017793707,0.5992144176803098,0.5679658628397215,0.004152617479740441
Defect_L7_B127_el3507_H4_W4.npy,-555.5802259,122.66060900000002,0.414738073784769,0.6017685000547242,0.5679614962844135,0.0041563298821896575
Defect_L7_B128_el3511_H4_W4.npy,-534.9347422999999,126.16234850000001,0.4204312337945562,0.6027341332010502,0.5679560896063383,0.0040144436315777115
Defect_L7_B129_el3515_H4_W4.npy,-505.76666009999985,121.48164339999948,0.4284745696815018,0.601443390702147,0.5679442759216058,0.003791920771616778
Defect_L7_B12_el159_H4_W4.npy,-466.3525940000002,109.50770599999987,0.43934331895815365,0.5981414800815901,0.5679430695459045,0.00349392537125175
Defect_L7_B130_el3519_H4_W4.npy,-475.2876954999997,117.67825400000015,0.4368793920514869,0.600394575142616,0.5679333269475162,0.0035656265944454743
Defect_L7_B131_el3523_H4_W4.npy,-435.92429379999976,197.49484000000007,0.44773417020779177,0.6224046478702385,0.5679275109400357,0.0033146955338611297
Defect_L7_B132_el3811_H4_W4.npy,-425.0966774000001,196.01880999999958,0.45071997348971604,0.6219976205933745,0.567925227564009,0.0032381609448160348
Defect_L7_B133_el3815_H4_W4.npy,-466.63166709999996,116.1457710000002,0.4392663622811628,0.5999719804918769,0.5679318567712769,0.0034950817720344725
Defect_L7_B134_el3819_H4_W4.npy,-499.74259359999996,118.06234270000004,0.430135755011842,0.6005004907253852,0.5679432438623501,0.0037333682522366464
Defect_L7_B135_el3823_H4_W4.npy,-529.7257096000001,124.16601390999995,0.4218676669259803,0.6021836277019229,0.5679548446550076,0.0039545739922019945
Defect_L7_B136_el3827_H4_W4.npy,-549.14073289,122.33702539999967,0.41651381635385254,0.6016792692453599,0.5679619646845345,0.004098482061479597
Defect_L7_B137_el3831_H4_W4.npy,-564.0970146,114.0349998000006,0.41238950003478686,0.5993899181668438,0.5679714324504959,0.004172762717792517
Defect_L7_B138_el3835_H4_W4.npy,-557.9426918999995,110.41306329999998,0.4140866045716342,0.5983911397202206,0.5679757581976974,0.004164913571134439
Defect_L7_B139_el3839_H4_W4.npy,-573.5134461999999,113.96412180000016,0.4097928424384486,0.599370372981902,0.5679663504799468,0.004234985345820917
Defect_L7_B13_el163_H4_W4.npy,-435.7750500000002,178.56889,0.44777532539942244,0.6171856632353989,0.5679438613105287,0.0033287919644835254
Defect_L7_B140_el3843_H4_W4.npy,-551.6013093180002,1474.4965000000002,0.41583529239227696,0.9745482413070075,0.5679854870467643,0.00537099122636128
Defect_L7_B141_el3847_H4_W4.npy,-521.8863275000001,121.69012258199973,0.42402944029675094,0.6015008805321181,0.5679476532835046,0.0038651908676477355
Defect_L7_B142_el3851_H4_W4.npy,-498.0432139999998,118.08303319999982,0.4306043727573797,0.6005061962990333,0.5679385163359931,0.003682543023464606
Defect_L7_B143_el3855_H4_W4.npy,-477.44532519999984,119.65099699999996,0.4362844081139845,0.6009385750689331,0.5679313539450139,0.0035439908840097715
Defect_L7_B144_el3859_H4_W4.npy,-447.42622800000026,202.97473999999988,0.4445624183083765,0.6239157748625668,0.5679286636556381,0.0033819088487717433
Defect_L7_B145_el4147_H4_W4.npy,-280.0555599999999,135.1704410000001,0.49071624121369095,0.6052181879695937,0.5679017923008985,0.002199422846339284
Defect_L7_B146_el4151_H4_W4.npy,-314.2099162999997,95.36835740000004,0.48129789969093856,0.5942424397116198,0.5679147273809227,0.002492089937056451
Defect_L7_B147_el4155_H4_W4.npy,-347.9749969289999,114.4116320999999,0.4719869041003938,0.5994937775866712,0.5679443846638893,0.0028492060921174126
Defect_L7_B148_el4159_H4_W4.npy,-403.08999569000025,142.25568399999975,0.4567884949487865,0.607172001350222,0.5680030480674213,0.0033523160085391366
Defect_L7_B149_el4179_H4_W4.npy,-462.38270549999993,153.54334700000027,0.440438047998626,0.6102846662235969,0.5680928274446698,0.003466856372392709
Defect_L7_B14_el451_H4_W4.npy,-502.0309030000001,229.4519200000002,0.4295047350842632,0.6312170725830979,0.567945124473756,0.0038144091545980487
Defect_L7_B150_el4183_H4_W4.npy,-376.46175270000003,143.54152900000008,0.46413144951738594,0.6075265835665856,0.5679919529937671,0.002915700695037167
Defect_L7_B151_el4187_H4_W4.npy,-358.35753210000007,115.58174339999982,0.46912383558715504,0.5998164452940122,0.5679388518071797,0.002731548270594504
Defect_L7_B152_el4191_H4_W4.npy,-358.33331709999993,98.92615399999977,0.4691305130703426,0.595223531059176,0.5679140164395932,0.002673278483100781
Defect_L7_B153_el4195_H4_W4.npy,-350.015664,154.1238699999999,0.4714241735590803,0.6104447501621664,0.5679047791465014,0.002637259313093358
Defect_L7_B154_el4483_H4_W4.npy,-157.02284380000003,79.01858099999993,0.5246435133152434,0.5897338558986718,0.567899083680494,0.0012145012548451404
Defect_L7_B155_el4487_H4_W4.npy,-151.31275793999998,47.34719110000003,0.526218115930539,0.5810002125543687,0.5679028625661132,0.0011688996503778303
Defect_L7_B156_el4491_H4_W4.npy,-130.17680889999997,42.119433500000014,0.5320465257742991,0.5795586158794823,0.5679104139360166,0.0010440713163026884
Defect_L7_B157_el4495_H4_W4.npy,-99.24107241000002,40.66089656999998,0.5405773067078192,0.5791564124589398,0.5679239106259942,0.0008496921743933735
Defect_L7_B158_el4515_H4_W4.npy,-57.699592900000056,39.94064199999997,0.5520327075342609,0.5789577964035237,0.567957421901402,0.000525112026986359
Defect_L7_B159_el4519_H4_W4.npy,-76.42295504999998,45.599682099999995,0.54686958814668,0.5805183227353506,0.5679328348253263,0.0007605530666360916
Defect_L7_B15_el455_H4_W4.npy,-527.0640664000002,136.6378139999997,0.42260163668518524,0.6056228280083011,0.5679439503449998,0.003935516343299096
Defect_L7_B160_el4523_H4_W4.npy,-122.88506390000003,46.2796697,0.534057283760882,0.5807058348463032,0.5679143003897882,0.0010252004950489686
Defect_L7_B161_el4527_H4_W4.npy,-163.9882722999999,50.354506600000036,0.522722739757426,0.5818295042616075,0.5679020297317587,0.0012602739827353901
Defect_L7_B162_el4531_H4_W4.npy,-184.4266222,88.86028999999996,0.5170866985500057,0.5924477871967869,0.5678954856094176,0.0014102471976391248
Defect_L7_B163_el4819_H4_W4.npy,-228.54627830000015,101.90901000000008,0.5049203445608899,0.596046077860364,0.5678970834969304,0.0017536236602604203
Defect_L7_B164_el4823_H4_W4.npy,-211.66681589999996,65.18624290000002,0.5095749935962066,0.5859194761709539,0.5679072537985325,0.001645615615695864
Defect_L7_B165_el4827_H4_W4.npy,-175.64008220000005,69.60851129999992,0.5195096584148159,0.5871389526479991,0.5679272962862493,0.0014747178705062142
Defect_L7_B166_el4831_H4_W4.npy,-126.46998266999992,80.85189459999992,0.533068713254367,0.5902394070339777,0.5679599345587585,0.001288090855879545
Defect_L7_B167_el4851_H4_W4.npy,-132.93900659999997,70.68850059999994,0.5312848272939222,0.5874367684808893,0.5679628265521702,0.00112457068890305
Defect_L7_B168_el4855_H4_W4.npy,-160.05997719999988,78.40999609999994,0.5238059990795745,0.5895660336629535,0.5679413811966761,0.001441289672668708
Defect_L7_B169_el4859_H4_W4.npy,-180.85813770000004,67.78505350000012,0.5180707371729104,0.5866361193296993,0.5679201472030194,0.0015141439824241417
Defect_L7_B16_el459_H4_W4.npy,-533.0059890999999,120.02930099999958,0.42096310317576024,0.6010428954736313,0.5679444261418155,0.003958693652225412
Defect_L7_B170_el4863_H4_W4.npy,-187.60983038000006,59.58851419999996,0.5162089030057443,0.5843758569563144,0.5679073968819928,0.001519308379263023
Defect_L7_B171_el4867_H4_W4.npy,-183.8793298999999,90.25016000000005,0.5172376188527893,0.5928310551529226,0.5679008573298666,0.001463747042304118
Defect_L7_B172_el5155_H4_W4.npy,-401.7273319999997,173.99099999999999,0.45716426054367426,0.6159232728365029,0.5679165876494319,0.0030184535548544327
Defect_L7_B173_el5159_H4_W4.npy,-423.2148926,106.89852599999995,0.45123889095263203,0.5974219774764616,0.567922862554417,0.0031258987035074964
Defect_L7_B174_el5163_H4_W4.npy,-442.3959508999999,116.08615320000013,0.4459495581293042,0.5999555403986628,0.5679382287461103,0.003257024206303132
Defect_L7_B175_el5167_H4_W4.npy,-482.82342089999975,134.08535314000028,0.4348013544853425,0.6049189661673174,0.5679647719487044,0.0035362630993719603
Defect_L7_B176_el5187_H4_W4.npy,-625.3780030999999,172.83821199999966,0.3954907690654416,0.6156053821700249,0.5680464991248411,0.004709747108917168
Defect_L7_B177_el5191_H4_W4.npy,-508.0134290799999,160.9529652999995,0.427855004862581,0.612327928731303,0.5679932628796881,0.003949080035342301
Defect_L7_B178_el5195_H4_W4.npy,-439.31903020999994,136.5862854899999,0.4467980440337756,0.6056086186025939,0.5679530742868127,0.0034262682699993524
Defect_L7_B179_el5199_H4_W4.npy,-393.32751400000006,117.70275850000007,0.45948057867182357,0.6004013324577828,0.5679272831809414,0.0030452281053576264
Defect_L7_B17_el463_H4_W4.npy,-533.4124018,114.43578400000024,0.4208510315684325,0.5995004376695205,0.567944715368155,0.003951037757152069
Defect_L7_B180_el5203_H4_W4.npy,-349.65824510000016,158.03655999999978,0.4715227347275976,0.6115237062510754,0.5679134215030847,0.0027191736656907504
Defect_L7_B181_el5491_H4_W4.npy,-469.263504,211.45807999999988,0.43854061185159365,0.62625512486149,0.5679362379973415,0.003541144482605994
Defect_L7_B182_el5495_H4_W4.npy,-498.0558839999999,127.46796599999993,0.43060087890183624,0.6030941678450961,0.5679367477431607,0.0036918604696088023
Defect_L7_B183_el5499_H4_W4.npy,-514.1350435600002,113.68140449999987,0.42616691988341043,0.5992924113871232,0.5679401967967161,0.0037964156567296026
Defect_L7_B184_el5503_H4_W4.npy,-530.7999947000001,113.43195689999993,0.42157142407263154,0.5992236241826976,0.5679447332435573,0.003924117033647637
Defect_L7_B185_el5507_H4_W4.npy,-549.5890322,113.41240840000046,0.41639019417315887,0.5992182335248373,0.5679506550560837,0.004086479027478505
Defect_L7_B186_el5511_H4_W4.npy,-554.2243656499998,112.60418740000023,0.4151119632757452,0.5989953600109288,0.5679560922473834,0.004106471862441013
Defect_L7_B187_el5515_H4_W4.npy,-543.0391090999997,108.28289559999985,0.4181963887376739,0.5978037286525631,0.5679592575016434,0.004013159098193422
Defect_L7_B188_el5519_H4_W4.npy,-537.0963299,109.91411059999996,0.4198351584339397,0.5982535494552769,0.5679574845218579,0.003954388633598053
Defect_L7_B189_el5523_H4_W4.npy,-532.3595296000001,112.55318429999988,0.4211413696404579,0.598981295491302,0.5679538191147199,0.003926405158933436
Defect_L7_B18_el467_H4_W4.npy,-531.2691356000003,111.78226399999994,0.4214420546539933,0.5987687079487805,0.5679448231031058,0.003929393026440935
Defect_L7_B190_el5527_H4_W4.npy,-528.2603156,117.1097858999999,0.422271761239343,0.6002378154407623,0.5679501191141504,0.0039032902897691932
Defect_L7_B191_el5531_H4_W4.npy,-516.5995510599998,117.63557160000005,0.4254873118967601,0.6003828051236852,0.5679455140553907,0.0038322307828683455
Defect_L7_B192_el5535_H4_W4.npy,-498.45477430000005,123.72669099999985,0.43049088165748717,0.6020624808365331,0.5679403605786021,0.0037199434097939235
Defect_L7_B193_el5539_H4_W4.npy,-465.8125429999998,209.90192000000002,0.43949224241356977,0.6258260010854392,0.5679376498681323,0.003541831943018647
Defect_L7_B194_el5827_H4_W4.npy,-476.9781999999998,217.85510999999997,0.43641322168695423,0.6280191579102198,0.5679416969850435,0.0036064416195012174
Defect_L7_B195_el5831_H4_W4.npy,-504.9019530000003,131.3248950000002,0.42871301969687936,0.6041577473847581,0.5679412970916954,0.003750838633739374
Defect_L7_B196_el5835_H4_W4.npy,-517.5398840799999,116.73950699999978,0.4252280074188865,0.600135708022656,0.5679428949345056,0.0038297168134062936
Defect_L7_B197_el5839_H4_W4.npy,-527.1415005999997,112.77946820000011,0.4225802835747729,0.5990436951170652,0.5679448187262736,0.003899592387498216
Defect_L7_B198_el5843_H4_W4.npy,-534.6271741,111.68232070000022,0.4205160482271192,0.5987411477709794,0.5679466358417316,0.003955408455703335
Defect_L7_B199_el5847_H4_W4.npy,-534.3707909999998,109.62400679999996,0.4205867479520753,0.5981735509730496,0.5679476149486511,0.003944086105941595
Defect_L7_B19_el471_H4_W4.npy,-527.5836975,110.0409380999995,0.42245834418326683,0.5982885231698737,0.567944771523814,0.003899101299397827
Defect_L7_B1_el115_H4_W4.npy,-559.241734,244.66455000000042,0.41372838314761523,0.635412079027979,0.5679453169013936,0.004340784799946637
Defect_L7_B200_el5851_H4_W4.npy,-529.1687782000001,107.4848513999998,0.42202124528898244,0.5975836614740213,0.5679479391503008,0.0038943228952942606
Defect_L7_B201_el5855_H4_W4.npy,-525.5313461999999,109.4669143000001,0.4230242967457534,0.5981302314385615,0.5679469828455868,0.0038622518511061315
Defect_L7_B202_el5859_H4_W4.npy,-524.5393629,110.84211320000009,0.42329784420840216,0.5985094537195539,0.5679468847796243,0.0038572480489643844
Defect_L7_B203_el5863_H4_W4.npy,-524.8808882999997,112.72150099999976,0.4232036658017697,0.5990277101902253,0.567946349910427,0.003867365200591916
Defect_L7_B204_el5867_H4_W4.npy,-523.5663538000001,117.70079999999962,0.42356615938108616,0.6004007923854795,0.5679453124202489,0.0038713288191538184
Defect_L7_B205_el5871_H4_W4.npy,-517.138007,133.70974400000023,0.4253388282921115,0.6048153888921811,0.5679441712680066,0.0038488719675222553
Defect_L7_B206_el5875_H4_W4.npy,-492.9540179999999,226.14786000000004,0.43200775994416224,0.6303059511665988,0.5679449997318077,0.0037411106783449134
Defect_L7_B207_el6163_H4_W4.npy,-469.662147,214.92968999999994,0.4384306828022309,0.6272124495531518,0.5679430509765286,0.003555322522943415
Defect_L7_B208_el6167_H4_W4.npy,-497.6193065,128.92240100000004,0.43072126869809035,0.6034952401250804,0.5679423988684426,0.0036994637749546574
Defect_L7_B209_el6171_H4_W4.npy,-510.3940560000001,114.64905199999998,0.4271985276280556,0.5995592480550019,0.5679432585075647,0.003778041756114139
Defect_L7_B20_el475_H4_W4.npy,-522.86414464,108.61811520000015,0.4237597992679338,0.5978961681835615,0.5679446698351066,0.0038626028821559053
Defect_L7_B210_el6175_H4_W4.npy,-519.7728593999998,110.64289300000019,0.42461224631389277,0.5984545171291714,0.5679442740093179,0.003842738212386116
Defect_L7_B211_el6179_H4_W4.npy,-526.9882207999999,109.27724990000002,0.4226225517262279,0.5980779299377451,0.5679451241610797,0.0038931672029804583
Defect_L7_B212_el6183_H4_W4.npy,-530.3423235999999,108.58540570000014,0.4216976306006373,0.5978871482729143,0.567945483325599,0.003913013616916508
Defect_L7_B213_el6187_H4_W4.npy,-531.5519538399999,109.98266289999992,0.42136406522418873,0.598272453309529,0.5679454277732697,0.003916543252597238
Defect_L7_B214_el6191_H4_W4.npy,-532.8669953900003,111.96209430000022,0.42100143182171074,0.5988182976165424,0.5679451155855092,0.003924008977528195
Defect_L7_B215_el6195_H4_W4.npy,-534.7537050399999,113.98903500000006,0.4204811562913542,0.5993772429994179,0.567945501430335,0.003939700939272404
Defect_L7_B216_el6199_H4_W4.npy,-536.5329421000001,116.71339699999999,0.41999051720175085,0.6001285079778068,0.567945733479712,0.0039599097644783
Defect_L7_B217_el6203_H4_W4.npy,-536.7728379999999,122.28435799999988,0.41992436395628313,0.6016647457814727,0.5679457019841633,0.003974559576695708
Defect_L7_B218_el6207_H4_W4.npy,-531.8951570000002,138.78677200000038,0.4212694241615911,0.6062154206540029,0.5679455157200856,0.003962591839818178
Defect_L7_B219_el6211_H4_W4.npy,-507.99004499999955,233.84501,0.4278614532128208,0.6324285028790388,0.5679468162191437,0.0038553768580153937
Defect_L7_B21_el479_H4_W4.npy,-517.4678431499999,107.36924950000025,0.42524787329123365,0.5975517833099211,0.5679445399414547,0.003822179115390357
Defect_L7_B22_el483_H4_W4.npy,-511.41648269999996,106.34148600000026,0.42691658515026454,0.5972683691661265,0.5679443252829889,0.003778194092780527
Defect_L7_B23_el487_H4_W4.npy,-504.4849867999999,105.75695919999998,0.4288280015176624,0.5971071811471443,0.5679440333932018,0.003729941821517191
Defect_L7_B24_el491_H4_W4.npy,-496.16214950000017,108.88776799999982,0.4311230915917125,0.5979705271362132,0.5679436466442349,0.003675877862528424
Defect_L7_B25_el495_H4_W4.npy,-484.3223998000001,123.30752400000006,0.43438799886266305,0.6019468921272513,0.5679431613967201,0.0036063604906334023
Defect_L7_B26_el499_H4_W4.npy,-457.378103,206.89366999999993,0.44181810783979536,0.6249964516822252,0.567944177092764,0.003468964039470847
Defect_L7_B27_el787_H4_W4.npy,-488.0146900000002,223.36028999999985,0.43336981981108735,0.6295372560681471,0.567944329778144,0.0037038082360548318
Defect_L7_B28_el791_H4_W4.npy,-512.7109429,132.7463700000003,0.4265596272224347,0.6045497306766832,0.5679434018674925,0.0038206180024676272
Defect_L7_B29_el795_H4_W4.npy,-519.5235171999998,116.3792699999999,0.4246810044534111,0.6000363697401444,0.5679442997219512,0.0038504819683124873
Defect_L7_B2_el119_H4_W4.npy,-581.414501,146.2983750000003,0.40761406231907676,0.6082868062721628,0.567944841844462,0.0043844600230035415
Defect_L7_B30_el799_H4_W4.npy,-521.5948924900001,110.94295790000047,0.42410980587096225,0.5985372624657361,0.5679448342092518,0.003855276581231884
Defect_L7_B31_el803_H4_W4.npy,-521.8204626999998,108.55516019999982,0.42404760305102107,0.5978788078303064,0.5679451072072716,0.003851090268851038
Defect_L7_B32_el807_H4_W4.npy,-521.0383910999999,107.23103940000033,0.4242632656552097,0.597513670750801,0.567945185347913,0.003842101538862202
Defect_L7_B33_el811_H4_W4.npy,-519.5706555000002,106.35342909999986,0.42466800568381624,0.597271662573083,0.5679451696327814,0.0038298491862541143
Defect_L7_B34_el815_H4_W4.npy,-517.6327961,105.8120687999999,0.42520238617372985,0.5971223780675436,0.567945135302231,0.003815655154352423
Defect_L7_B35_el819_H4_W4.npy,-514.9271546999998,105.61131959999966,0.4259484887944166,0.5970670198429759,0.5679449517282018,0.0037975652631383992
Defect_L7_B36_el823_H4_W4.npy,-510.96013700000003,107.21711489999984,0.42704242618844096,0.5975098309566795,0.5679445264290907,0.0037726849911238047
Defect_L7_B37_el827_H4_W4.npy,-505.21249350000016,112.06421600000021,0.42862738562841807,0.5988464585058603,0.5679438470514478,0.00373881629704611
Defect_L7_B38_el831_H4_W4.npy,-495.43247199999996,127.40473499999985,0.4313243060967117,0.6030767313825963,0.5679428338640544,0.003684925466860572
Defect_L7_B39_el835_H4_W4.npy,-469.7626427,213.22622,0.4384029702956372,0.6267427038465473,0.5679436267827649,0.0035571979570998783
Defect_L7_B3_el123_H4_W4.npy,-578.1298549999997,129.28686000000016,0.4085198301671842,0.6035957426584291,0.567944925160538,0.004341213907008236
Defect_L7_B40_el1123_H4_W4.npy,-482.9884059999997,221.3465100000003,0.43475585850221476,0.6289819398553312,0.5679436954973622,0.003665064660200327
Defect_L7_B41_el1127_H4_W4.npy,-507.5104340999999,131.4598840000001,0.42799370981911006,0.6041949716993563,0.5679428920236917,0.003779096324767226
Defect_L7_B42_el1131_H4_W4.npy,-514.5851071,115.27032200000008,0.4260428112019461,0.5997305683102118,0.5679441384356153,0.0038106013630292705
Defect_L7_B43_el1135_H4_W4.npy,-517.1383851999999,109.89998100000025,0.4253387240003857,0.5982496531031628,0.5679449040768153,0.003818708771803107
Defect_L7_B44_el1139_H4_W4.npy,-518.1872260999999,107.59888730000011,0.4250494975921213,0.5976151078008859,0.5679453042842776,0.003820444067235095
Defect_L7_B45_el1143_H4_W4.npy,-518.6512839999998,106.36345160000042,0.4249215298520726,0.5972744263589698,0.5679454153198961,0.003820713480244721
Defect_L7_B46_el1147_H4_W4.npy,-518.8333067000001,105.60123580000004,0.42487133561218005,0.5970642391531158,0.5679454387229356,0.0038211758763034044
Defect_L7_B47_el1151_H4_W4.npy,-518.8068724,105.29806129999952,0.42487862508539187,0.5969806363190611,0.5679454615463481,0.0038221404679591483
Defect_L7_B48_el1155_H4_W4.npy,-517.7342529,106.4490181000001,0.4251744086359946,0.5972980220172462,0.5679452773569492,0.003817286878710575
Defect_L7_B49_el1159_H4_W4.npy,-514.8706837,108.55914469999993,0.42596406113193797,0.5978799065885869,0.5679446829842603,0.0038012787750563324
Defect_L7_B4_el127_H4_W4.npy,-569.1480459999998,124.09644972999968,0.4109966370468422,0.6021644448135312,0.5679448650421323,0.0042759202280984255
Defect_L7_B50_el1163_H4_W4.npy,-509.9159446599999,113.57748599999968,0.42733037071847924,0.5992637550155921,0.5679437325582112,0.003773367572493761
Defect_L7_B51_el1167_H4_W4.npy,-500.6498401000001,129.11737600000015,0.42988557441094677,0.6035490060670373,0.567942377175395,0.003723154216880039
Defect_L7_B52_el1171_H4_W4.npy,-475.1942884,215.73027000000002,0.4369051498189799,0.6274332159991669,0.5679430333672297,0.0035975591542644846
Defect_L7_B53_el1459_H4_W4.npy,-480.37582780000025,220.45668999999953,0.43547629818863015,0.6287365647535383,0.5679431889942432,0.0036501980076565385
Defect_L7_B54_el1463_H4_W4.npy,-504.6808576000001,130.8463810000003,0.4287739885515701,0.6040257932575648,0.5679425133551412,0.003761388963585317
Defect_L7_B55_el1467_H4_W4.npy,-511.8128133,114.77326000000016,0.4268072937640083,0.5995934994211698,0.5679440153101618,0.0037931745070431204
Defect_L7_B56_el1471_H4_W4.npy,-514.4748383000001,109.49528420000001,0.42607321872034815,0.5981380546692153,0.5679449970445766,0.0038018820051204834
Defect_L7_B57_el1475_H4_W4.npy,-515.7942647,107.24740109999993,0.4257093761598214,0.5975181826226433,0.5679454832253669,0.003805229339607064
Defect_L7_B58_el1479_H4_W4.npy,-517.0402551000002,106.0371753999998,0.4253657841735402,0.597184453043257,0.5679455619143537,0.0038110413674693807
Defect_L7_B59_el1483_H4_W4.npy,-518.7230656000002,105.2302222999997,0.4249017354920819,0.5969619291630852,0.5679456518922718,0.0038231451934722803
Defect_L7_B5_el131_H4_W4.npy,-558.6745289999999,121.04436980999981,0.4138847945393712,0.6013228089534142,0.5679446627455994,0.00420061255792589
Defect_L7_B60_el1487_H4_W4.npy,-520.5458390000001,105.73243100000013,0.4243990909026481,0.5971004172965098,0.5679457244614275,0.0038396370477492866
Defect_L7_B61_el1491_H4_W4.npy,-520.4615792,107.21681530000023,0.4244223262277724,0.5975097483395431,0.5679455728049342,0.003844443925401558
Defect_L7_B62_el1495_H4_W4.npy,-517.6427652,109.36072519999993,0.4251996371133274,0.598100948930614,0.5679448033178569,0.0038291162757158118
Defect_L7_B63_el1499_H4_W4.npy,-512.4801902300001,114.34564279999995,0.42662325914786925,0.5994755805005136,0.5679435736706956,0.003798966359624598
Defect_L7_B64_el1503_H4_W4.npy,-502.95153559999994,129.86673799999994,0.4292508631574256,0.6037556487330029,0.5679418916780994,0.0037459890489497712
Defect_L7_B65_el1507_H4_W4.npy,-477.2040072,216.6987099999999,0.436350953515093,0.6277002712053659,0.5679423736974432,0.0036181787186315103
Defect_L7_B66_el1795_H4_W4.npy,-474.0582571,221.68844999999988,0.4372184196891527,0.6290762325912854,0.5679426546787901,0.00360273854647968
Defect_L7_B67_el1799_H4_W4.npy,-498.4928708,130.86813900000016,0.43048037623777824,0.6040317932030197,0.5679421106530532,0.003715221406280564
Defect_L7_B68_el1803_H4_W4.npy,-506.0443514899998,115.36762760000033,0.4283979940222806,0.5997574011207859,0.5679438954680626,0.0037502526910029067
Defect_L7_B69_el1807_H4_W4.npy,-508.91768749999983,110.45737550000013,0.4276056482490475,0.5984033591697562,0.5679451759394212,0.0037607662930645956
Defect_L7_B6_el135_H4_W4.npy,-547.7275469999997,118.28608780000013,0.4169035138562809,0.6005621902564007,0.56794436139281,0.004120033146100117
Defect_L7_B70_el1811_H4_W4.npy,-510.1341113000001,108.52598459999967,0.4272702094931777,0.5978707624213251,0.5679458058933545,0.0037630339792575464
Defect_L7_B71_el1815_H4_W4.npy,-511.92506589999994,107.45890359999999,0.4267763391966222,0.5975765061571412,0.5679457356037289,0.003771254459414764
Defect_L7_B72_el1819_H4_W4.npy,-515.6009199999999,106.46907239999996,0.42576269253329424,0.5973035521535703,0.5679459176184792,0.003797938108819495
Defect_L7_B73_el1823_H4_W4.npy,-520.1889901,107.6478383000001,0.42449749488902977,0.5976286064372482,0.5679459930214716,0.003838203677021247
Defect_L7_B74_el1827_H4_W4.npy,-520.4814140000001,109.3768150000003,0.42441685662035844,0.5981053858238204,0.5679458694386619,0.003850580454802927
Defect_L7_B75_el1831_H4_W4.npy,-516.4310676999999,111.1665402000001,0.4255337725535338,0.5985989171033272,0.5679447600612652,0.0038251243071779325
Defect_L7_B76_el1835_H4_W4.npy,-510.3088093000001,115.76246660000015,0.4272220350988811,0.5998662811862111,0.5679431429521096,0.0037858298624991087
Defect_L7_B77_el1839_H4_W4.npy,-500.22272009999983,130.82840299999998,0.43000335622465935,0.6040208356778518,0.5679412158186492,0.003727483818090823
Defect_L7_B78_el1843_H4_W4.npy,-474.07710380000003,219.0825199999997,0.4372132225583499,0.628357626200089,0.5679416696490021,0.003595546153787402
Defect_L7_B79_el2131_H4_W4.npy,-463.6776097000002,215.91453999999976,0.4400809676341851,0.6274840299503113,0.5679391152560144,0.0035247729917624038
Defect_L7_B7_el139_H4_W4.npy,-536.4828140000002,115.6704491000005,0.4200043404330113,0.5998409066122196,0.567944029941582,0.004035687251616883
Defect_L7_B80_el2135_H4_W4.npy,-491.97858529999985,127.3440579999999,0.4322767434442571,0.6030599992063679,0.5679401471286631,0.0036689279474710385
Defect_L7_B81_el2139_H4_W4.npy,-504.544445,112.77770060000012,0.42881160543544644,0.5990432076869895,0.5679437523885935,0.00374344136692359
Defect_L7_B82_el2143_H4_W4.npy,-511.5368817999997,110.59227870000018,0.4268833841192491,0.5984405598243067,0.56794681426117,0.003785781067921512
Defect_L7_B83_el2147_H4_W4.npy,-513.9304739999998,108.51991550000002,0.4262233316033187,0.5978690888176409,0.5679486980070131,0.003798380526603495
Defect_L7_B84_el2151_H4_W4.npy,-516.2739021999998,108.3618111000003,0.4255771122183658,0.5978254902434981,0.5679493172559786,0.0038057344345978675
Defect_L7_B85_el2155_H4_W4.npy,-522.4094265499998,107.0398597000003,0.4238851914794156,0.5974609513936857,0.5679498687820187,0.0038499705282785757
Defect_L7_B86_el2159_H4_W4.npy,-531.7253864000002,109.07648730000028,0.4213162397852637,0.5980225680180185,0.5679490999008459,0.003928117755605062
Defect_L7_B87_el2163_H4_W4.npy,-528.5275537999999,110.13860620000014,0.42219806813227884,0.5983154559427711,0.5679478129427827,0.003924474047339249
Defect_L7_B88_el2167_H4_W4.npy,-519.1164609000002,111.08890380000003,0.42479325353867303,0.5985775082346203,0.5679448788821038,0.003848864963740687
Defect_L7_B89_el2171_H4_W4.npy,-509.6502789000001,114.48318929999982,0.42740363021242495,0.5995135100665367,0.5679418769378898,0.0037802212920827393
Defect_L7_B8_el143_H4_W4.npy,-524.829385,113.14275260000022,0.42321786825561436,0.599143873744911,0.5679436989137151,0.003947292183893339
Defect_L7_B90_el2175_H4_W4.npy,-497.6903603999999,129.29428799999982,0.43070167500729306,0.6035977909898401,0.567939097046473,0.0037067591616299004
Defect_L7_B91_el2179_H4_W4.npy,-470.745101,216.88698999999997,0.43813204942920403,0.6277521909466233,0.5679390967792051,0.003568983041233361
Defect_L7_B92_el2467_H4_W4.npy,-412.35137359999976,190.76161000000025,0.45423459466849775,0.6205479049372371,0.5679228930894665,0.0031421317669458053
Defect_L7_B93_el2471_H4_W4.npy,-450.3784807000002,114.01591399999961,0.4437483106160565,0.5993846551022712,0.5679288759325869,0.0033777430848885934
Defect_L7_B94_el2475_H4_W4.npy,-483.33879639999986,117.5904436000003,0.43465923549973423,0.6003703607106651,0.5679411258078888,0.0036174240341486506
Defect_L7_B95_el2479_H4_W4.npy,-523.0818400999999,126.30241769999975,0.4236997679743494,0.6027727584221151,0.5679577844095368,0.003914035710261143
Defect_L7_B96_el2499_H4_W4.npy,-549.3273647700003,126.66416299999992,0.41646235109508917,0.6028725126306186,0.567958899724962,0.004095921424694586
Defect_L7_B97_el2503_H4_W4.npy,-511.48272380000003,121.10157329999993,0.4268983186282091,0.6013385832810104,0.567945886957058,0.00376218017570937
Defect_L7_B98_el2507_H4_W4.npy,-487.5503527999999,114.02528849999999,0.4334978645703827,0.5993872401968879,0.5679360579648064,0.003589021110243087
Defect_L7_B99_el2511_H4_W4.npy,-470.55709760000013,117.74592499999994,0.4381838928957617,0.6004132359712254,0.5679298136973083,0.0034832500917437973
Defect_L7_B9_el147_H4_W4.npy,-512.5502109999998,110.67828520000012,0.4266039503510718,0.5984642768161617,0.5679433756690796,0.003853247904798894
Defect_L8_B100_el2515_H4_W4.npy,-427.0355397000001,182.9385299999999,0.450185316441971,0.6183906270031242,0.5679280737869428,0.0032104690453256617
Defect_L8_B101_el2803_H4_W4.npy,-312.9064551,147.49045000000024,0.4816573397177223,0.6086155306484069,0.567901496852042,0.002383402059698464
Defect_L8_B102_el2807_H4_W4.npy,-313.39817971,88.24663310000005,0.48152174265738124,0.5922785663158185,0.5679002266016067,0.0023568615364429673
Defect_L8_B103_el2811_H4_W4.npy,-292.34238429999994,79.91112720000001,0.48732804948578956,0.5899799827722864,0.5679024687953635,0.002231865359578562
Defect_L8_B104_el2815_H4_W4.npy,-272.13181940000015,81.30181010000001,0.49290127712691345,0.5903634748922081,0.5679162053914568,0.0020778668136664856
Defect_L8_B105_el2835_H4_W4.npy,-199.07732080000005,106.24311509999995,0.513046649258791,0.5972412425904133,0.5679947995809449,0.001787695089674932
Defect_L8_B106_el2839_H4_W4.npy,-262.3258908999999,77.61950000000002,0.4956053416611554,0.5893480479343742,0.5679272512167832,0.002027573069385127
Defect_L8_B107_el2843_H4_W4.npy,-307.30927418999977,73.56609120000007,0.48320080787481395,0.5882302874919172,0.5679087749770693,0.0023158041512543856
Defect_L8_B108_el2847_H4_W4.npy,-336.34067460000006,86.36064899999997,0.4751951631030764,0.5917584908617752,0.5679043544206818,0.002497159079168686
Defect_L8_B109_el2851_H4_W4.npy,-339.84624689999987,149.03871000000026,0.47422847303097865,0.6090424759352082,0.5679050195104878,0.002558086982979211
Defect_L8_B10_el151_H4_W4.npy,-490.340547,105.00796729999979,0.4327284458274388,0.5969006405392637,0.5679424700604484,0.003665173885874946
Defect_L8_B110_el3139_H4_W4.npy,-371.0819700000002,160.64409999999998,0.46561496834999805,0.6122427566128661,0.5679130433453334,0.0027931373915146365
Defect_L8_B111_el3143_H4_W4.npy,-375.0570631999999,90.20014200000014,0.4645188040711717,0.5928172622826325,0.5679160798100352,0.0027879531828324733
Defect_L8_B112_el3147_H4_W4.npy,-365.2026592999998,1499.4454000000005,0.46723623609120785,0.9814281033882319,0.5679595278980958,0.004454017929345658
Defect_L8_B113_el3151_H4_W4.npy,-356.00198309999996,1505.1716999999999,0.4697733973812849,0.9830071771844999,0.5679957384755032,0.004478847911787706
Defect_L8_B114_el3171_H4_W4.npy,-490.92603209999993,1551.4485000000004,0.4325669935494381,0.9957683811478173,0.5680990412385201,0.005303245296608101
Defect_L8_B115_el3175_H4_W4.npy,-396.1994514999999,1511.3393999999998,0.45868861854909687,0.984707970620618,0.5679984491637323,0.004767277662755844
Defect_L8_B116_el3179_H4_W4.npy,-367.90113141000006,103.35094320000007,0.4664921104605455,0.5964437026673228,0.567926145126395,0.002885616363687077
Defect_L8_B117_el3183_H4_W4.npy,-355.49572980000016,94.27704699999981,0.4699130008460534,0.5939415019933313,0.5679100360984222,0.0027156267709079677
Defect_L8_B118_el3187_H4_W4.npy,-334.79458520000003,151.76863000000003,0.4756215098292745,0.6097952735772996,0.5679057101041132,0.0025622138633480443
Defect_L8_B119_el3475_H4_W4.npy,-435.5902517000002,192.03309000000013,0.44782628503358846,0.6208985258880217,0.5679314645781983,0.003282656976432893
Defect_L8_B11_el155_H4_W4.npy,-475.3348159999998,102.83050300000014,0.43686639819038686,0.596300187049499,0.5679424548022023,0.0035457825281840502
Defect_L8_B120_el3479_H4_W4.npy,-459.8639360999998,111.83689300000015,0.4411326191455066,0.5987837723398212,0.5679325361566604,0.0034013684936837485
Defect_L8_B121_el3483_H4_W4.npy,-474.8256687000003,104.38475819999985,0.4370067996991919,0.5967287855614585,0.5679388654942381,0.003496315131431027
Defect_L8_B122_el3487_H4_W4.npy,-491.3666081000001,105.8772433500003,0.4324455011342896,0.5971403504797627,0.5679465934782307,0.003616302437015074
Defect_L8_B123_el3491_H4_W4.npy,-514.9940172500001,103.24762899999996,0.42593005090246944,0.5964152129364316,0.5679515461465112,0.003804113938133131
Defect_L8_B124_el3495_H4_W4.npy,-530.5707802999998,104.65519414999972,0.4216346318076031,0.596803360474092,0.5679595702788452,0.0039257619237034885
Defect_L8_B125_el3499_H4_W4.npy,-518.4433771999998,96.11198100000047,0.4249788618430521,0.5944474999671159,0.5679691129465999,0.0038821558865754155
Defect_L8_B126_el3503_H4_W4.npy,-537.6910522599999,101.31069998000021,0.4196711589063686,0.5958810890063698,0.5679645234720502,0.003985334204374354
Defect_L8_B127_el3507_H4_W4.npy,-539.0330893999999,113.2674949000002,0.41930108125039656,0.5991782724486492,0.5679599427688579,0.004016672331921844
Defect_L8_B128_el3511_H4_W4.npy,-519.5823425999997,119.95845269999973,0.42466478287094167,0.6010233584787061,0.5679547023333382,0.0038855706554064015
Defect_L8_B129_el3515_H4_W4.npy,-490.6958717,115.36814739999954,0.43263046215160333,0.5997575444598631,0.5679429548047189,0.0036657401634585265
Defect_L8_B12_el159_H4_W4.npy,-457.1808660000004,103.2826722000002,0.44187249754664865,0.5964248763838335,0.5679427208389757,0.003404230162979743
Defect_L8_B130_el3519_H4_W4.npy,-460.10512189999986,111.23288100000013,0.4410661101996232,0.5986172111184686,0.567932183630014,0.003438410275192604
Defect_L8_B131_el3523_H4_W4.npy,-422.15514929999995,181.82703000000015,0.4515311237863643,0.6180841218384364,0.5679274313536903,0.0031951458861775427
Defect_L8_B132_el3811_H4_W4.npy,-412.7631126000001,183.01658999999972,0.4541210542906269,0.6184121526829762,0.5679251574531323,0.0031281126192355072
Defect_L8_B133_el3815_H4_W4.npy,-452.45229760000007,111.66780799999992,0.44317643873979295,0.5987371457759244,0.5679306581509538,0.0033725448112697934
Defect_L8_B134_el3819_H4_W4.npy,-484.9649955,110.46570769999994,0.43421079787223915,0.5984056568416709,0.5679416543875174,0.0036062192750884224
Defect_L8_B135_el3823_H4_W4.npy,-513.5976697000001,113.12725060999946,0.4263151050956986,0.5991395989450925,0.5679529149791687,0.003817402290572478
Defect_L8_B136_el3827_H4_W4.npy,-530.8514906900002,110.83046719999993,0.42155722363457865,0.5985062422403383,0.5679598473482205,0.003946097423035957
Defect_L8_B137_el3831_H4_W4.npy,-540.2505583,103.05673660999992,0.4189653542997021,0.5963625728073856,0.5679692050919455,0.0039977888524274745
Defect_L8_B138_el3835_H4_W4.npy,-528.1551018999999,1452.0160000000005,0.4223007747728077,0.9683490606009657,0.5680049403742288,0.005215118597180519
Defect_L8_B139_el3839_H4_W4.npy,-551.7440732999999,104.28966648199957,0.4157959240631593,0.596702563246851,0.567962130966148,0.004086735135405058
Defect_L8_B13_el163_H4_W4.npy,-427.16641200000004,166.02504000000022,0.4501492273408783,0.6137265945803655,0.5679435893880246,0.0032347136925647193
Defect_L8_B140_el3843_H4_W4.npy,-533.7955266180004,1474.4237000000003,0.4207453817839636,0.9745281661149343,0.567983205034143,0.005257921110718462
Defect_L8_B141_el3847_H4_W4.npy,-502.4406791000001,110.92975868199983,0.4293917359920314,0.5985336226740248,0.5679450336588063,0.0037072948815923008
Defect_L8_B142_el3851_H4_W4.npy,-478.8424346999998,107.75909969999998,0.43589914380684597,0.5976592876731729,0.5679361712242692,0.003526646021573573
Defect_L8_B143_el3855_H4_W4.npy,-459.05999199999997,109.24711899999988,0.44135431326945646,0.5980696210970191,0.5679295159847056,0.003392808272631299
Defect_L8_B144_el3859_H4_W4.npy,-431.5947500000002,185.44138999999973,0.4489280771222696,0.6190808110035656,0.5679281663461557,0.003244965340198248
Defect_L8_B145_el4147_H4_W4.npy,-275.0296824999999,129.39492100000018,0.4921021678091371,0.6036255413580255,0.567901970406971,0.0021518831042394216
Defect_L8_B146_el4151_H4_W4.npy,-310.4436672999997,94.79108029999986,0.48233647348311176,0.5940832508563737,0.567915095570679,0.0024524757654739394
Defect_L8_B147_el4155_H4_W4.npy,-346.74998129999994,112.15839549999964,0.47232471212298655,0.5988724292689349,0.5679458081010395,0.0028318876341902463
Defect_L8_B148_el4159_H4_W4.npy,-405.2704798000002,137.63181500000064,0.4561872087218546,0.6058969318681349,0.5680063168404867,0.003361215374979579
Defect_L8_B149_el4179_H4_W4.npy,-434.5410488,143.9760299999998,0.448115611266297,0.6076464007510768,0.5680907620098852,0.0033188493907347814
Defect_L8_B14_el451_H4_W4.npy,-482.6673800000001,212.53411999999958,0.4348443840325782,0.626551851642786,0.5679451841418099,0.0036557162054975103
Defect_L8_B150_el4183_H4_W4.npy,-352.82305232,136.30583069999966,0.47065001339770884,0.6055312809133483,0.5679919131050708,0.002760434177199805
Defect_L8_B151_el4187_H4_W4.npy,-336.3331068,108.4467416,0.47519724998547436,0.5978489105196018,0.5679384342502218,0.002585860711899637
Defect_L8_B152_el4191_H4_W4.npy,-340.11756820000005,91.64085479999994,0.47415365397588205,0.5932145505543661,0.5679133671467097,0.0025383652228384013
Defect_L8_B153_el4195_H4_W4.npy,-335.977398,139.91778,0.4752953395800087,0.6065273053083466,0.5679045853787424,0.0025212156245865928
Defect_L8_B154_el4483_H4_W4.npy,-153.5203009,76.23949199999993,0.5256093680056534,0.5889674995049451,0.5678986780518298,0.0011822654751276625
Defect_L8_B155_el4487_H4_W4.npy,-148.35371156000002,45.76444609999999,0.5270340970353711,0.5805637577483553,0.5679025232281458,0.0011402762216158383
Defect_L8_B156_el4491_H4_W4.npy,-130.07451806,40.893137000000024,0.5320747333053475,0.5792204546462942,0.5679102027461889,0.0010307650610389182
Defect_L8_B157_el4495_H4_W4.npy,-102.04488319600006,39.35081476999994,0.539804133080544,0.5787951467478615,0.567923692608275,0.0008546950446788634
Defect_L8_B158_el4515_H4_W4.npy,-57.273229000000015,38.80061099999995,0.5521502808472492,0.5786434235835469,0.567956422915153,0.0005219412919777562
Defect_L8_B159_el4519_H4_W4.npy,-74.28838139999993,44.86590189999998,0.5474582141908829,0.58031597687746,0.567933716120614,0.0007395532715088364
Defect_L8_B15_el455_H4_W4.npy,-506.12124310000013,126.5056469999995,0.4283767905354734,0.602828800554428,0.5679433656700533,0.0037737018219436056
Defect_L8_B160_el4523_H4_W4.npy,-114.00996379999998,44.52396220000003,0.5365046647935151,0.5802216842242328,0.5679147713428833,0.0009796997884831099
Defect_L8_B161_el4527_H4_W4.npy,-155.8958328999999,46.989271099999996,0.5249542957367543,0.5809015132034511,0.567902051997392,0.001203066868062939
Defect_L8_B162_el4531_H4_W4.npy,-177.92928449999988,82.83138999999983,0.5188783922628003,0.5907852689895114,0.5678953096432867,0.0013569717013288676
Defect_L8_B163_el4819_H4_W4.npy,-218.55239060000008,93.65236000000004,0.50767624037318,0.5937692394725816,0.5678971078266642,0.0016768146781449013
Defect_L8_B164_el4823_H4_W4.npy,-199.0807906,61.6653164999999,0.5130456924332216,0.5849485520809079,0.5679076384675111,0.001564279685090183
Defect_L8_B165_el4827_H4_W4.npy,-161.5557288000001,67.20946279999998,0.5233935334111173,0.5864773955129684,0.5679284915777671,0.001407507209429107
Defect_L8_B166_el4831_H4_W4.npy,-115.25157746999992,75.23679259999994,0.5361622797261268,0.5886909969905686,0.5679620585177697,0.0012554834316847235
Defect_L8_B167_el4851_H4_W4.npy,-131.69749183499994,68.82374839999994,0.5316271850874523,0.5869225478959474,0.5679614576785192,0.0011506317620290241
Defect_L8_B168_el4855_H4_W4.npy,-165.07787719999988,76.06147299999998,0.5224222723446332,0.5889184093178892,0.5679416290199375,0.0014605583599268618
Defect_L8_B169_el4859_H4_W4.npy,-182.10092440000005,64.12052897800004,0.5177280286329595,0.5856255968896468,0.5679201936551423,0.0015126952615955945
Defect_L8_B16_el459_H4_W4.npy,-512.1449139999997,109.64640899999995,0.4267157142950507,0.5981797285618939,0.5679437417144463,0.0037988778580387655
Defect_L8_B170_el4863_H4_W4.npy,-186.72544612000002,59.36256289999994,0.5164527791580238,0.5843135490477064,0.5679071654197884,0.0015001624914174653
Defect_L8_B171_el4867_H4_W4.npy,-181.92834129999994,86.92730000000006,0.517775619826381,0.5919147494835257,0.5679005601101523,0.0014390049677916671
Defect_L8_B172_el5155_H4_W4.npy,-386.5358739999999,159.42577000000006,0.4613534286373662,0.6119067922068434,0.567915978173925,0.0028892564029957234
Defect_L8_B173_el5159_H4_W4.npy,-404.70939869999984,97.79474340000002,0.45634193139838075,0.5949115353846078,0.567921650864104,0.002979793683657548
Defect_L8_B174_el5163_H4_W4.npy,-421.29792568999983,106.79609509999977,0.4517675101685122,0.5973937313227291,0.5679367583784585,0.0030982836742113203
Defect_L8_B175_el5167_H4_W4.npy,-458.6660670000001,122.71517559999984,0.44146294129194824,0.6017835472384573,0.5679623917653851,0.00335902514811471
Defect_L8_B176_el5187_H4_W4.npy,-617.9346368999998,166.79127000000017,0.3975433378310404,0.6139378887345164,0.5680456324403692,0.0046278312627876265
Defect_L8_B177_el5191_H4_W4.npy,-504.1495785000002,156.85007469999937,0.4289204930842203,0.6111965232800666,0.5679946496404968,0.003894935162379134
Defect_L8_B178_el5195_H4_W4.npy,-435.18836824699997,133.11616569000057,0.4479371076642202,0.6046517048457019,0.5679541097649595,0.003372485250030234
Defect_L8_B179_el5199_H4_W4.npy,-387.86348769999995,114.24018420000016,0.4609873283622782,0.5994464994338822,0.5679277061283441,0.0029841041772246933
Defect_L8_B17_el463_H4_W4.npy,-512.719513,104.05838800000038,0.42655726394766014,0.5966387863244813,0.5679439097452113,0.0037929540099650993
Defect_L8_B180_el5203_H4_W4.npy,-343.9273920000003,153.69408999999996,0.4731030640782205,0.6103262348318204,0.5679139217278282,0.002658243198553366
Defect_L8_B181_el5491_H4_W4.npy,-454.290518,196.0181399999999,0.4426695345144807,0.6219974358354257,0.5679354543954485,0.0034058961151852475
Defect_L8_B182_el5495_H4_W4.npy,-481.5703678,118.05327699999998,0.43514689406858864,0.6004979907848801,0.5679351569891666,0.003548229077316135
Defect_L8_B183_el5499_H4_W4.npy,-497.8835308900002,103.81691000000001,0.4306484066736445,0.5965721968020714,0.5679385447275888,0.0036544421928428076
Defect_L8_B184_el5503_H4_W4.npy,-515.4982548999999,103.2588536000003,0.4257910032695814,0.5964183082111699,0.5679432516442449,0.003787357117428108
Defect_L8_B185_el5507_H4_W4.npy,-536.4688417,106.80194870000014,0.4200081934083713,0.5973953455005359,0.5679498920525824,0.0039625028082659625
Defect_L8_B186_el5511_H4_W4.npy,-538.7192685029997,104.97160500000018,0.4193876199150097,0.5968906133393088,0.567955818511113,0.003972678953923406
Defect_L8_B187_el5515_H4_W4.npy,-523.4993903999998,98.18485220000002,0.423584625083241,0.595019111058913,0.5679593934979619,0.0038594851554115957
Defect_L8_B188_el5519_H4_W4.npy,-518.0890166999998,100.33645839999986,0.42507657963289586,0.5956124339673021,0.5679555779484151,0.0038027255277432643
Defect_L8_B189_el5523_H4_W4.npy,-515.3643463000001,102.8081814000002,0.425827929655093,0.5962940316867603,0.5679523573592424,0.0037807224406090647
Defect_L8_B18_el467_H4_W4.npy,-510.7652190000001,101.46096699999998,0.42709617641218417,0.5959225263592373,0.5679439122984526,0.0037728313333358536
Defect_L8_B190_el5527_H4_W4.npy,-512.7490700000001,107.59170130000007,0.42654911336452683,0.597613126202943,0.567948881601339,0.0037660491437141387
Defect_L8_B191_el5531_H4_W4.npy,-502.40732121999986,108.44132739999964,0.42940093469873686,0.5978474175099188,0.5679444334660746,0.0037035439889655654
Defect_L8_B192_el5535_H4_W4.npy,-485.1395356999999,115.89851999999996,0.434162666992576,0.5999037990177659,0.5679394969083152,0.003597013643246732
Defect_L8_B193_el5539_H4_W4.npy,-454.53199299999983,194.80485999999996,0.44260294581934534,0.621662864007974,0.5679378352670522,0.0034320979988399667
Defect_L8_B194_el5827_H4_W4.npy,-463.2008619999999,202.95281999999997,0.4402124346897885,0.6239097302442943,0.5679410771664057,0.0034759089049802142
Defect_L8_B195_el5831_H4_W4.npy,-490.01731600000016,122.29905300000019,0.4328175794044853,0.6016687980472353,0.567940058600547,0.0036150915721802172
Defect_L8_B196_el5835_H4_W4.npy,-503.20216620999986,107.71468400000003,0.4291817497283713,0.5976470396826707,0.5679417665030233,0.0036978380939747175
Defect_L8_B197_el5839_H4_W4.npy,-513.7375565999998,104.04680119999989,0.42627653014534134,0.5966355911701473,0.5679440577577898,0.0037734532374429537
Defect_L8_B198_el5843_H4_W4.npy,-522.1703112,103.49100762000057,0.42395112948187275,0.596482326570264,0.5679463676747701,0.0038351158525614577
Defect_L8_B199_el5847_H4_W4.npy,-520.6245782999997,101.5151027000004,0.4243773779002965,0.595937454718791,0.5679473977673837,0.0038168546955335155
Defect_L8_B19_el471_H4_W4.npy,-507.2110494599999,99.81010949999973,0.4280762675684472,0.5954672889773985,0.5679437808596814,0.0037434914020289607
Defect_L8_B1_el115_H4_W4.npy,-547.725774,233.59807,0.41690400277545037,0.6323604071657073,0.5679451523867828,0.00423497172060848
Defect_L8_B200_el5851_H4_W4.npy,-513.4712062000003,98.38123019999989,0.4263499784343351,0.5950732638895302,0.5679476915618373,0.0037579235641682926
Defect_L8_B201_el5855_H4_W4.npy,-509.6348159999998,100.48702649999996,0.42740789423285785,0.5956539543454282,0.5679458761162626,0.003724407585112064
Defect_L8_B202_el5859_H4_W4.npy,-508.96251989999996,101.54513669999983,0.4275932853501313,0.5959457368385536,0.5679459733355061,0.0037195827426970353
Defect_L8_B203_el5863_H4_W4.npy,-509.46514619999994,103.15195599999993,0.42745468206011067,0.5963888303285853,0.5679454345783862,0.0037296680327899736
Defect_L8_B204_el5867_H4_W4.npy,-508.62302509999995,108.09108699999979,0.42768690380229923,0.5977508358711583,0.5679443362668672,0.003735634948964469
Defect_L8_B205_el5871_H4_W4.npy,-502.7901328999999,124.36353000000008,0.4292953712646182,0.6022380943701137,0.5679432964754786,0.0037159216972652066
Defect_L8_B206_el5875_H4_W4.npy,-480.60385699999983,210.42248000000018,0.43541341728219785,0.6259695497390872,0.567945056218564,0.0036188793604390677
Defect_L8_B207_el6163_H4_W4.npy,-457.8121269999999,201.09452999999985,0.4416984221919335,0.6233972916635585,0.5679425207740378,0.0034342926864382286
Defect_L8_B208_el6167_H4_W4.npy,-484.90590810000003,120.56843400000002,0.43422709170333945,0.6011915657830814,0.567941490622408,0.003575696236853568
Defect_L8_B209_el6171_H4_W4.npy,-498.1739986,106.25304600000004,0.4305683078402752,0.5972439811168551,0.5679424204550442,0.00365751891339029
Defect_L8_B20_el475_H4_W4.npy,-502.653483157,98.5055563999997,0.42933305354260537,0.5951075478503093,0.5679436743844309,0.003707989907938124
Defect_L8_B210_el6175_H4_W4.npy,-508.19206551,102.45552399999997,0.4278057444141811,0.5961967835405926,0.5679436782858497,0.0037259826442773377
Defect_L8_B211_el6179_H4_W4.npy,-515.8318038,101.94839969999975,0.4256990244476957,0.5960569398904902,0.5679448089501308,0.0037787606021040675
Defect_L8_B212_el6183_H4_W4.npy,-518.4585706,100.47106429999985,0.424974672139436,0.5956495526389597,0.5679451394956531,0.003793871187448079
Defect_L8_B213_el6187_H4_W4.npy,-518.6934332999999,101.7638638999997,0.4249099068398027,0.596006052642834,0.5679450016292621,0.0037923462198296907
Defect_L8_B214_el6191_H4_W4.npy,-519.8240753300001,103.6180652999999,0.42459812310466255,0.5965173637588679,0.5679443097693939,0.0037987746470846797
Defect_L8_B215_el6195_H4_W4.npy,-521.6639117299999,105.40387599999985,0.42409077325420763,0.5970098155831637,0.5679447927004796,0.003813641934992667
Defect_L8_B216_el6199_H4_W4.npy,-523.2361619000003,107.87668099999973,0.42365721248291976,0.5976917116729216,0.5679449884440844,0.0038320099158285206
Defect_L8_B217_el6203_H4_W4.npy,-523.4816541,113.35482600000023,0.42358951601221306,0.5992023547097269,0.5679449325707215,0.003846060827892175
Defect_L8_B218_el6207_H4_W4.npy,-518.8084290000002,130.11110800000006,0.4248781958402822,0.6038230357479331,0.567944864399346,0.0038345568302527826
Defect_L8_B219_el6211_H4_W4.npy,-496.3372539999998,219.28036999999995,0.431074805101735,0.6284121849466778,0.5679468202002991,0.003732890513129607
Defect_L8_B21_el479_H4_W4.npy,-497.4701850926499,97.3138535999999,0.43076239013895257,0.5947789261112424,0.5679435616608879,0.0036688981147218846
Defect_L8_B22_el483_H4_W4.npy,-491.61310507999997,96.3405017,0.4323775275873261,0.5945105164086705,0.5679434410311535,0.0036262061245616022
Defect_L8_B23_el487_H4_W4.npy,-484.77995020000003,95.83434799999986,0.434261825618664,0.5943709404094119,0.5679431812759241,0.0035784111739483424
Defect_L8_B24_el491_H4_W4.npy,-476.4719104000003,98.46548499999972,0.43655283516174287,0.5950964978358638,0.5679428114660654,0.003523871930510961
Defect_L8_B25_el495_H4_W4.npy,-464.64869150000004,113.05869299999995,0.4398131839301506,0.5991206936265648,0.5679423416875695,0.0034529983299914444
Defect_L8_B26_el499_H4_W4.npy,-439.35476000000017,189.54996000000006,0.4467881912535972,0.6202137825955419,0.5679438310134544,0.0033194266197675974
Defect_L8_B27_el787_H4_W4.npy,-468.18019400000003,205.49072,0.4388393433945158,0.6246095768097115,0.5679444916871279,0.003545822289670642
Defect_L8_B28_el791_H4_W4.npy,-490.8445423999997,122.03556999999955,0.43258946499695855,0.6015961404671114,0.5679426802834111,0.0036542112584893208
Defect_L8_B29_el795_H4_W4.npy,-497.5004981999996,105.46865400000024,0.43075403105306825,0.5970276786434949,0.5679435838255259,0.003684670347534593
Defect_L8_B2_el119_H4_W4.npy,-570.064995,139.4901030000001,0.4107437809026628,0.6064093698973542,0.5679443586657948,0.004279883512704728
Defect_L8_B30_el799_H4_W4.npy,-499.49219934500024,100.03436690000058,0.4302048032640827,0.5955291297793055,0.5679440449395388,0.003689656521228876
Defect_L8_B31_el803_H4_W4.npy,-499.6640488999999,97.64691870000001,0.430157414351661,0.5948707715213435,0.5679442412988022,0.003685385591430948
Defect_L8_B32_el807_H4_W4.npy,-498.77881100000013,96.36522730000002,0.430401525902113,0.5945173346939606,0.5679442207174955,0.0036757654849948885
Defect_L8_B33_el811_H4_W4.npy,-497.2881246000002,95.55527529999995,0.4308125948004755,0.5942939838427242,0.5679442102595977,0.0036632373220064833
Defect_L8_B34_el815_H4_W4.npy,-495.52519499999994,95.01572969999961,0.43129873697535737,0.5941451997554685,0.567944205271186,0.0036500298756003205
Defect_L8_B35_el819_H4_W4.npy,-493.02981449999993,94.7985418000003,0.43198685844284396,0.5940853084256822,0.5679440792942079,0.003633349866940694
Defect_L8_B36_el823_H4_W4.npy,-489.1544635999999,96.18221440000002,0.433055517971254,0.594466867398365,0.5679436337172287,0.003608866307434802
Defect_L8_B37_el827_H4_W4.npy,-483.4305118000002,101.03359499999988,0.43463394423227447,0.5958046750544752,0.5679429132793322,0.003574478192080796
Defect_L8_B38_el831_H4_W4.npy,-473.7107215000001,116.5089959999998,0.4373142554573154,0.6000721427396893,0.567941840945829,0.003519291148822384
Defect_L8_B39_el835_H4_W4.npy,-450.0193270000002,194.6899599999997,0.4438473501697828,0.6216311793985068,0.5679433613231879,0.003399226796567795
Defect_L8_B3_el123_H4_W4.npy,-567.5061229999997,124.43947170000047,0.41144941066764273,0.6022590359115129,0.5679442444855959,0.004240618673093671
Defect_L8_B40_el1123_H4_W4.npy,-463.3550439999999,203.4665399999999,0.4401699177493459,0.6240513927123136,0.5679438939160707,0.0035095715376956965
Defect_L8_B41_el1127_H4_W4.npy,-485.5830165,120.66421500000001,0.43404037355520314,0.6012179781728061,0.5679420792322545,0.003612417401938137
Defect_L8_B42_el1131_H4_W4.npy,-492.40273492999995,104.2876490000001,0.43215978073422967,0.5967020069097817,0.5679433191391459,0.0036439922897674244
Defect_L8_B43_el1135_H4_W4.npy,-494.78186230000006,98.92579210000008,0.4315037170128124,0.5952234312623078,0.5679440224254282,0.0036517234766020533
Defect_L8_B44_el1139_H4_W4.npy,-495.68424719999985,96.63381159999972,0.4312548770376561,0.5945913989990474,0.567944398581125,0.0036527954649863865
Defect_L8_B45_el1143_H4_W4.npy,-495.9232803,95.4309681000002,0.43118896171630533,0.5942597051213497,0.5679444383771381,0.003651747883061919
Defect_L8_B46_el1147_H4_W4.npy,-496.0242948,94.71431050000024,0.43116110614639225,0.5940620809596648,0.5679444865488674,0.003651529200833118
Defect_L8_B47_el1151_H4_W4.npy,-496.2974618999999,94.41243619999977,0.43108577809693405,0.5939788366663344,0.5679445722143583,0.003654097973493698
Defect_L8_B48_el1155_H4_W4.npy,-495.54629479999994,95.35521019999987,0.4312929185339054,0.5942388142642953,0.5679444510928364,0.003651417935669599
Defect_L8_B49_el1159_H4_W4.npy,-492.7790838000001,97.44561469999985,0.43205599947252976,0.5948152603061637,0.5679437875683067,0.003635781227570491
Defect_L8_B4_el127_H4_W4.npy,-559.0723699999996,120.31530828999985,0.41377508664803114,0.6011217643099097,0.5679440183743057,0.004179919086943161
Defect_L8_B50_el1163_H4_W4.npy,-487.7935006800001,102.42313699999977,0.43343081456498195,0.5961878525619432,0.567942773816403,0.0036070494014148464
Defect_L8_B51_el1167_H4_W4.npy,-478.5751156000001,118.09085699999969,0.43597285922274304,0.6005083537755134,0.5679412964045192,0.0035553959358400173
Defect_L8_B52_el1171_H4_W4.npy,-455.2493627000001,196.91649999999981,0.4424051252902939,0.6222451659116729,0.5679428465601528,0.0034394865919216296
Defect_L8_B53_el1459_H4_W4.npy,-460.8900679000001,202.64195999999993,0.4408496549562574,0.6238240080711095,0.5679434156308942,0.0034959539729904053
Defect_L8_B54_el1463_H4_W4.npy,-482.73776710000016,119.98288299999967,0.4348249742173039,0.6010300953326196,0.5679415742130343,0.003594436052098675
Defect_L8_B55_el1467_H4_W4.npy,-489.52655978999996,103.74111599999992,0.43295290942065057,0.5965512959901486,0.5679430724900333,0.003625834262288157
Defect_L8_B56_el1471_H4_W4.npy,-491.94719310000005,98.46569049999994,0.4322854000987158,0.5950965545041602,0.5679439946160934,0.0036338348997097146
Defect_L8_B57_el1475_H4_W4.npy,-493.05284959999994,96.26816739999958,0.43198050632667745,0.5944905696371597,0.5679444769416415,0.003636257282794819
Defect_L8_B58_el1479_H4_W4.npy,-493.9976769000002,95.10964009999998,0.4317199625145423,0.5941710963120299,0.567944507459114,0.0036404676369576803
Defect_L8_B59_el1483_H4_W4.npy,-495.6226214999999,94.3563592999999,0.43127187082562507,0.5939633730050932,0.5679447258139245,0.0036521884558289083
Defect_L8_B5_el131_H4_W4.npy,-548.9989830000002,117.4278933999999,0.4165529050388538,0.6003255361710149,0.5679437112417062,0.0041084911131088414
Defect_L8_B60_el1487_H4_W4.npy,-498.0730103000001,94.63143710000008,0.43059615618532515,0.5940392279456158,0.5679449259479146,0.0036719899645728084
Defect_L8_B61_el1491_H4_W4.npy,-498.5155085000001,96.1707164000004,0.43047413370789367,0.5944636967313534,0.5679448066586654,0.003680231386469314
Defect_L8_B62_el1495_H4_W4.npy,-495.7208248999998,98.25049420000028,0.43124479043939934,0.5950372123742712,0.5679439167773966,0.003664927304848275
Defect_L8_B63_el1499_H4_W4.npy,-490.44261929000004,103.15005680000013,0.43270029856333037,0.5963883066087394,0.5679425477012107,0.003633325927803604
Defect_L8_B64_el1503_H4_W4.npy,-480.9030189,118.80156199999988,0.4353309209552272,0.6007043364593365,0.5679407573713883,0.0035785560583173393
Defect_L8_B65_el1507_H4_W4.npy,-457.3165876999999,197.78510000000028,0.4418350711840665,0.6224846894258861,0.5679422399635092,0.0034612578108424723
Defect_L8_B66_el1795_H4_W4.npy,-455.6976331000001,204.4288100000001,0.4422815110817679,0.624316746490833,0.5679428255819734,0.0034519381954479164
Defect_L8_B67_el1799_H4_W4.npy,-477.57609560000014,120.34438899999986,0.43624834711264543,0.6011297835522019,0.5679410705416261,0.0035512401241323058
Defect_L8_B68_el1803_H4_W4.npy,-484.6872323,104.64774759999978,0.43428739333365185,0.5968013070273678,0.567942788277618,0.003585125120332595
Defect_L8_B69_el1807_H4_W4.npy,-487.2033832999998,99.71974469999986,0.43359354423186647,0.5954423701488731,0.5679440317384662,0.0035941145809188987
Defect_L8_B6_el135_H4_W4.npy,-538.3262289999998,114.81099140000015,0.41949600375450213,0.5996039041615845,0.5679433747291077,0.004030713900431228
Defect_L8_B70_el1811_H4_W4.npy,-488.0557788000001,97.84735669999986,0.4333584892403174,0.5949260439299802,0.5679446413696514,0.003594615230410652
Defect_L8_B71_el1815_H4_W4.npy,-489.37830929999996,96.89178739999966,0.4329937906989704,0.5946625379239818,0.5679446210455871,0.003600786571403374
Defect_L8_B72_el1819_H4_W4.npy,-493.0198257000002,95.88862159999985,0.43198961293568156,0.5943859067960122,0.5679451554584551,0.003627853621161295
Defect_L8_B73_el1823_H4_W4.npy,-498.8789448,97.05540670000005,0.4303739131923876,0.5947076572766519,0.5679453211669868,0.0036748300592703248
Defect_L8_B74_el1827_H4_W4.npy,-499.99520529999995,98.7113154000001,0.4300660952811082,0.5951642875679711,0.5679451932991365,0.0036922416455435502
Defect_L8_B75_el1831_H4_W4.npy,-495.76360959999965,100.3299915,0.4312329922104119,0.5956106506670326,0.5679438421974878,0.0036654155611889833
Defect_L8_B76_el1835_H4_W4.npy,-489.37651230000006,104.8284106000001,0.4329942862363352,0.596851126318927,0.5679420644376285,0.00362368988613942
Defect_L8_B77_el1839_H4_W4.npy,-479.2099398999999,120.01109399999996,0.43579780125907297,0.6010378747453062,0.567940052588014,0.0035631707786163147
Defect_L8_B78_el1843_H4_W4.npy,-455.17452000000003,200.40611999999987,0.4424257637735051,0.6232074570073076,0.5679415499022702,0.0034409374605446643
Defect_L8_B79_el2131_H4_W4.npy,-446.4151055000002,199.57160999999996,0.44484124356108196,0.6229773340878443,0.567939330541101,0.0033822802524138777
Defect_L8_B7_el139_H4_W4.npy,-527.2896390000001,112.33544970000003,0.4225394332061821,0.5989212534045443,0.5679430474605638,0.003948397819773536
Defect_L8_B80_el2135_H4_W4.npy,-472.18793660000006,117.22512800000004,0.43773417577810597,0.6002696219628998,0.5679390887839234,0.0035124509222922624
Defect_L8_B81_el2139_H4_W4.npy,-484.1365398999999,102.2979776000002,0.434439251241663,0.5961533388394878,0.5679425578501425,0.003584141720164026
Defect_L8_B82_el2143_H4_W4.npy,-490.3582228999999,99.43550750000009,0.432723571554258,0.5953639894293083,0.5679454961051761,0.0036220369248012754
Defect_L8_B83_el2147_H4_W4.npy,-491.75779850000004,97.41845379999995,0.432337627199988,0.5948077704670925,0.5679472417152261,0.0036287136848346083
Defect_L8_B84_el2151_H4_W4.npy,-492.5797894,97.68334019999998,0.43211095652416576,0.59488081504618,0.5679479686026814,0.003629841534516479
Defect_L8_B85_el2155_H4_W4.npy,-498.3428401499998,95.73650139999972,0.4305217484096959,0.5943439584136879,0.5679494946442731,0.003673832018598156
Defect_L8_B86_el2159_H4_W4.npy,-510.4783723000003,98.89076860000023,0.4271752767225968,0.5952137732473413,0.5679485273903433,0.003766558015199367
Defect_L8_B87_el2163_H4_W4.npy,-508.6585285999997,101.54325505999986,0.42767711342342885,0.5959452179610205,0.5679469571455094,0.003769797289032655
Defect_L8_B88_el2167_H4_W4.npy,-498.5533897999999,100.40012609999985,0.43046368763133497,0.5956299908533783,0.5679437292912107,0.0036893950109282455
Defect_L8_B89_el2171_H4_W4.npy,-488.7910015000002,103.45597630000043,0.43315574560131986,0.5964726663988689,0.5679405883360389,0.003618172211538467
Defect_L8_B8_el143_H4_W4.npy,-515.8142229999999,109.85233419999986,0.4257038724962781,0.5982365141105573,0.567942804389181,0.0038616176862067892
Defect_L8_B90_el2175_H4_W4.npy,-476.8430001999998,118.4232840000002,0.436450504131367,0.60060002322435,0.5679378311564769,0.0035433228332475432
Defect_L8_B91_el2179_H4_W4.npy,-452.0888702,198.16255,0.4432766568010517,0.6225887743331389,0.5679389349089825,0.003415978508736387
Defect_L8_B92_el2467_H4_W4.npy,-398.9496062999999,177.96911000000023,0.45793024099633833,0.6170202690224647,0.5679233151647004,0.003029868912700836
Defect_L8_B93_el2471_H4_W4.npy,-435.6261543000003,109.78466299999991,0.4478163845996472,0.5982178532267961,0.567928513391462,0.003257744500753114
Defect_L8_B94_el2475_H4_W4.npy,-468.67477010000016,111.14948079999999,0.4387029600126164,0.5985942128350353,0.5679408310166387,0.0034985061152870162
Defect_L8_B95_el2479_H4_W4.npy,-507.46824149999975,119.25085869999975,0.42800534477170715,0.6008282336784344,0.5679571811080887,0.0037885305408895567
Defect_L8_B96_el2499_H4_W4.npy,-526.32312727,114.4721199999999,0.4228059566762464,0.5995104576170365,0.5679557748233701,0.003919394302866387
Defect_L8_B97_el2503_H4_W4.npy,-488.3079516999999,109.80614282999977,0.4332889505122524,0.5982237764646112,0.5679438597903079,0.003585495223021714
Defect_L8_B98_el2507_H4_W4.npy,-465.58773329999985,103.47148920000018,0.43955423551669337,0.5964769442072081,0.5679345033635178,0.0034204168105716757
Defect_L8_B99_el2511_H4_W4.npy,-449.81565090000026,107.14963699999998,0.4439035155108295,0.5974912233769655,0.5679284905712709,0.003321253584054226
Defect_L8_B9_el147_H4_W4.npy,-503.6187829999999,107.37588479999977,0.42906686426023755,0.5975536130478599,0.5679426188459419,0.003768553658465282
Defect_L9_B100_el2515_H4_W4.npy,-365.8753984,152.93421999999987,0.46705072281308146,0.6101166944993945,0.5679286463027021,0.002799968775983048
Defect_L9_B101_el2803_H4_W4.npy,-270.5266088999999,128.25638000000026,0.4933439269772609,0.6033115794176667,0.5679063381437192,0.0021098946611982374
Defect_L9_B102_el2807_H4_W4.npy,-271.5992579,77.3999351,0.4930481352917933,0.589287501127506,0.5679050724945525,0.0020968811198843525
Defect_L9_B103_el2811_H4_W4.npy,-256.6470205799999,71.65636539999991,0.497171336337424,0.5877036650710106,0.5679079964088858,0.0020216232364940936
Defect_L9_B104_el2815_H4_W4.npy,-251.17012108000006,76.78364540000007,0.4986816359174746,0.5891175542305254,0.5679218265837144,0.0019599886062834715
Defect_L9_B105_el2835_H4_W4.npy,-150.61194090000026,90.66518810000002,0.5264113719289746,0.5929455025268682,0.5679948615641639,0.0014481489381065942
Defect_L9_B106_el2839_H4_W4.npy,-200.50931579999997,59.00488560000008,0.5126517649913082,0.5842149166232876,0.5679292235233333,0.0015993615744822381
Defect_L9_B107_el2843_H4_W4.npy,-250.8612245999998,56.76605819999986,0.4987668166340504,0.5835975417596395,0.5679112757640787,0.001912589581180765
Defect_L9_B108_el2847_H4_W4.npy,-281.678275,70.17873400000008,0.4902687643551066,0.5872961961950727,0.5679070706448315,0.0021195408295800818
Defect_L9_B109_el2851_H4_W4.npy,-289.19578839999986,121.41541000000029,0.4881957488960781,0.6014251263034295,0.5679083023003922,0.0022079279432783887
Defect_L9_B10_el151_H4_W4.npy,-438.7628430000002,102.0962821999999,0.4469514171803327,0.5960977196925749,0.5679431087935967,0.003351498826860585
Defect_L9_B110_el3139_H4_W4.npy,-316.36224200000015,135.3979499999998,0.4807043783745728,0.6052809254266452,0.5679151728867226,0.002414526856651772
Defect_L9_B111_el3143_H4_W4.npy,-313.5244531999999,74.31664599999999,0.4814869217155475,0.5884372590821837,0.5679165954462877,0.002357888042533612
Defect_L9_B112_el3147_H4_W4.npy,-297.08028319999994,78.0642776000002,0.48602153533138664,0.589470698974894,0.5679287463840592,0.002264415941568118
Defect_L9_B113_el3151_H4_W4.npy,-283.0273262999999,1500.9404999999997,0.4898967524874693,0.9818403893726895,0.5679905106096936,0.004147114372724736
Defect_L9_B114_el3171_H4_W4.npy,-472.74169340000003,1553.5856000000003,0.4375814728368725,0.9963577038535792,0.5681049021079609,0.005307978773181878
Defect_L9_B115_el3175_H4_W4.npy,-372.49699310000005,1512.0508,0.46522476422197057,0.9849041449563436,0.5680055493919669,0.004719723490896753
Defect_L9_B116_el3179_H4_W4.npy,-337.12454791999994,100.05878470000016,0.4749790036599446,0.5955358631862423,0.5679323700241444,0.002734293988859112
Defect_L9_B117_el3183_H4_W4.npy,-316.8659792000003,91.80488799999989,0.4805654687448423,0.5932597840433271,0.5679151719394576,0.0025001484303994303
Defect_L9_B118_el3187_H4_W4.npy,-293.1459784000001,132.17064000000005,0.48710645187718615,0.6043909684468444,0.5679104474336673,0.002307486943940473
Defect_L9_B119_el3475_H4_W4.npy,-377.26316399999996,169.06855999999993,0.463910453833635,0.6145658699729256,0.56793240568152,0.0029004699207170696
Defect_L9_B11_el155_H4_W4.npy,-423.72534700000006,99.72289899999987,0.45109812900037144,0.5954432399727516,0.5679428088584088,0.0032275633365521283
Defect_L9_B120_el3479_H4_W4.npy,-397.00167469999997,97.70768399999997,0.4584673989773178,0.594887528047015,0.5679323496652013,0.0029946245101802617
Defect_L9_B121_el3483_H4_W4.npy,-408.98305581,87.26920569999993,0.45516343569318957,0.592009032760976,0.5679377627648682,0.0030677535230395248
Defect_L9_B122_el3487_H4_W4.npy,-422.61130560000015,88.15931374999991,0.45140533497677815,0.5922544872948989,0.5679444800968931,0.003166564805320656
Defect_L9_B123_el3491_H4_W4.npy,-444.23660585000016,84.62839399999984,0.4454419825570295,0.591280807457316,0.5679486253377787,0.003346232128154644
Defect_L9_B124_el3495_H4_W4.npy,-450.56683999999973,87.02022220000026,0.44369636900717946,0.5919403735359001,0.5679572446983945,0.003435966561585196
Defect_L9_B125_el3499_H4_W4.npy,-434.2369868999999,77.47142570000005,0.4481994588081187,0.5893072152418799,0.5679682735611367,0.0033699693032396383
Defect_L9_B126_el3503_H4_W4.npy,-462.1480222,93.03723330000003,0.44050276382725034,0.5935996132823096,0.5679604371625331,0.0035378678737730505
Defect_L9_B127_el3507_H4_W4.npy,-477.8146336,109.11216260000037,0.4361825683191463,0.5980324057721361,0.5679617489421843,0.0036531567817785922
Defect_L9_B128_el3511_H4_W4.npy,-464.4434864,116.0898774999996,0.43986977090538254,0.5999565674046771,0.5679589174807373,0.003572029429687807
Defect_L9_B129_el3515_H4_W4.npy,-437.0858900590001,111.19753499999979,0.447413850592258,0.598607464171504,0.5679467975880792,0.0033588376190537917
Defect_L9_B12_el159_H4_W4.npy,-405.3067550000003,103.62095780000027,0.456177205540433,0.5965181613892673,0.5679427674271696,0.0030731346872599776
Defect_L9_B130_el3519_H4_W4.npy,-406.30924349999987,108.5559609999998,0.45590076118344686,0.5978790286574194,0.5679351700803674,0.003121809797927597
Defect_L9_B131_el3523_H4_W4.npy,-369.3581959999999,161.7344800000003,0.4660903130497324,0.6125434377657877,0.5679300987591075,0.0028666446219255994
Defect_L9_B132_el3811_H4_W4.npy,-363.6680120000001,174.7236499999999,0.46765942756527373,0.616125307032552,0.5679284577365459,0.002829952334080513
Defect_L9_B133_el3815_H4_W4.npy,-401.1895488,110.92169100000001,0.4573125586347964,0.5985313979450999,0.5679337781132417,0.0030716300433765104
Defect_L9_B134_el3819_H4_W4.npy,-432.18470718000003,105.34961070000031,0.4487653916318381,0.5969948514853559,0.5679449990841573,0.003299855235323604
Defect_L9_B135_el3823_H4_W4.npy,-456.92165709999995,106.09845489999998,0.44194397650893674,0.5972013513637604,0.567955427439876,0.0034828137069253177
Defect_L9_B136_el3827_H4_W4.npy,-465.3458434900001,98.83326230000034,0.4396209385990598,0.595197915417425,0.56795822306393,0.0035359510747187185
Defect_L9_B137_el3831_H4_W4.npy,-459.8316017999998,1505.2165000000005,0.4411415355917023,0.9830195311488528,0.5679954997772642,0.004956627656081251
Defect_L9_B138_el3835_H4_W4.npy,-442.64839489999963,1448.5497999999998,0.4458799446432094,0.9673932277608026,0.5680038459586292,0.004824443825083572
Defect_L9_B139_el3839_H4_W4.npy,-473.1901022999998,91.95398420000038,0.4374578204358451,0.5933008985330578,0.5679608087869442,0.0036171680303195156
Defect_L9_B13_el163_H4_W4.npy,-376.3393839999999,152.70164000000022,0.46416519368162007,0.6100525586728511,0.5679434094580644,0.002877047091439147
Defect_L9_B140_el3843_H4_W4.npy,-468.2895759180001,1472.8050000000003,0.4388091804410381,0.9740817964252535,0.5679801645380529,0.004969507766517461
Defect_L9_B141_el3847_H4_W4.npy,-437.3078218999999,95.83607998199977,0.447352651082159,0.5943714180175343,0.5679451825058446,0.003296522045894923
Defect_L9_B142_el3851_H4_W4.npy,-414.9923223999999,92.92801309999982,0.4535063315583977,0.5935694949238854,0.5679362748321707,0.0031201502667313505
Defect_L9_B143_el3855_H4_W4.npy,-397.13632430000007,95.58499299999994,0.45843026825502975,0.5943021787401895,0.5679299103482767,0.002996249138699168
Defect_L9_B144_el3859_H4_W4.npy,-373.2803960000001,158.07476999999972,0.46500873450097957,0.6115342429693326,0.5679291556547215,0.002859074741340087
Defect_L9_B145_el4147_H4_W4.npy,-247.3636143,129.94553299999995,0.4997313111198943,0.6037773770950827,0.5679069378342114,0.0020040976811905036
Defect_L9_B146_el4151_H4_W4.npy,-286.6463758999997,95.72595480000007,0.4888987701270001,0.5943410501029639,0.5679198941584186,0.002342720165557263
Defect_L9_B147_el4155_H4_W4.npy,-328.8006520000001,108.73245679999991,0.4772743856570693,0.5979276988096871,0.5679511802671223,0.0027760871377179807
Defect_L9_B148_el4159_H4_W4.npy,-391.0895659,133.93381337000028,0.4600977110613453,0.6048771778432862,0.5680129126462854,0.0033617555975976334
Defect_L9_B149_el4179_H4_W4.npy,-343.3860679899999,122.11081399999966,0.4732523385764973,0.6016168896120614,0.5680754242106392,0.0027108980329482585
Defect_L9_B14_el451_H4_W4.npy,-417.3573520000002,184.37242000000037,0.45285415541171326,0.618786033832269,0.5679461859153189,0.0032283636438169695
Defect_L9_B150_el4183_H4_W4.npy,-278.3306410800001,113.48075389999985,0.4911919016344266,0.5992370803523074,0.5679855562316573,0.0021949675721274022
Defect_L9_B151_el4187_H4_W4.npy,-270.6102389,87.47615270000006,0.4933208653246087,0.5920661000792997,0.5679369389994982,0.0020910769321774375
Defect_L9_B152_el4191_H4_W4.npy,-280.1587159999999,72.07374279999999,0.4906877951077363,0.5878187602835377,0.5679144831910066,0.0021103121443586496
Defect_L9_B153_el4195_H4_W4.npy,-284.2729770000001,111.85417999999981,0.48955325417622586,0.5987885393706641,0.5679074175141152,0.0021505170951571216
Defect_L9_B154_el4483_H4_W4.npy,-132.96163070000006,65.25074100000006,0.5312785885143483,0.5859372620465835,0.567903349536924,0.0010500142015923489
Defect_L9_B155_el4487_H4_W4.npy,-129.67042409999993,40.57220399999994,0.5321861655012622,0.579131954761437,0.5679065747347606,0.0010285019386791308
Defect_L9_B156_el4491_H4_W4.npy,-119.56770172,37.62316850000002,0.5349720733617008,0.5783187342381821,0.567913050310381,0.0009646463918246223
Defect_L9_B157_el4495_H4_W4.npy,-100.64753286000007,37.287732269999935,0.5401894638001682,0.5782262349696995,0.5679243062810507,0.0008444871329999526
Defect_L9_B158_el4515_H4_W4.npy,-52.725055999999995,37.42383849999999,0.5534044765417105,0.5782637673695565,0.5679614733961366,0.0005079953245089625
Defect_L9_B159_el4519_H4_W4.npy,-60.539651400000025,39.22375910000005,0.5512495383050521,0.5787601101135316,0.5679397044876227,0.0006037540453623245
Defect_L9_B15_el455_H4_W4.npy,-438.62520270000005,114.73037729999987,0.4469893726124688,0.5995816741678852,0.5679440567855395,0.0033480454611147094
Defect_L9_B160_el4523_H4_W4.npy,-83.00622120000003,35.85069030000011,0.5450541989649528,0.5778299589591929,0.5679209849961071,0.0007620492605137542
Defect_L9_B161_el4527_H4_W4.npy,-124.2792177,36.44769259999998,0.5336728345120567,0.5779945871987613,0.5679079856227224,0.0009708890030106311
Defect_L9_B162_el4531_H4_W4.npy,-149.17552569999998,64.09847999999988,0.5268074751025564,0.5856195167046416,0.5679009980170258,0.0011461341317831107
Defect_L9_B163_el4819_H4_W4.npy,-179.9024796,72.31427999999994,0.518334267666231,0.5878850903726961,0.5679022137683251,0.001383971657642794
Defect_L9_B164_el4823_H4_W4.npy,-155.43343390000007,47.35314619999997,0.5250818060216365,0.5810018547216258,0.5679127496504507,0.0012400997120308745
Defect_L9_B165_el4827_H4_W4.npy,-115.03600640000002,54.75126059999991,0.5362217252018914,0.5830419449353474,0.5679338975557786,0.0010886440536181437
Defect_L9_B166_el4831_H4_W4.npy,-92.7039906,63.89561839999993,0.54237996018218,0.5855635759685941,0.567967956855455,0.0010323002528121051
Defect_L9_B167_el4851_H4_W4.npy,-135.31233439999994,65.25821709999997,0.5306303628510997,0.5859393236419607,0.5679572847312641,0.0012150852570910258
Defect_L9_B168_el4855_H4_W4.npy,-167.4527533999999,71.28056200000003,0.5217673809179177,0.5876000342270994,0.5679406994326467,0.0014828871755183373
Defect_L9_B169_el4859_H4_W4.npy,-173.96005030000003,60.95573027000012,0.5199729408747262,0.5847528779070111,0.5679220613057624,0.0014828146986456698
Defect_L9_B16_el459_H4_W4.npy,-445.0619595999999,100.81182320000016,0.4452143845479702,0.5957435196769835,0.5679444791100245,0.0033796018244294443
Defect_L9_B170_el4863_H4_W4.npy,-171.60440200000005,57.738471499999946,0.5206225300516387,0.5838656926356279,0.5679105378408599,0.001423816822377584
Defect_L9_B171_el4867_H4_W4.npy,-163.65939709999986,83.95508000000007,0.5228134297685262,0.5910951356458392,0.5679048580982574,0.001337734594148755
Defect_L9_B172_el5155_H4_W4.npy,-328.54711499999985,133.32439999999974,0.47734430054680355,0.6047091271502273,0.5679163537160601,0.002476192319497925
Defect_L9_B173_el5159_H4_W4.npy,-340.3450370999999,81.85020920000011,0.4740909275767315,0.590514700404093,0.5679206146732931,0.0025298619316733964
Defect_L9_B174_el5163_H4_W4.npy,-350.74790760999986,88.03187049999997,0.4712222514283788,0.5922193437822317,0.5679336390283581,0.0026032378944613357
Defect_L9_B175_el5167_H4_W4.npy,-380.4251505,104.64965359999997,0.46303851034022675,0.596801832622369,0.5679561217131134,0.002812630338779818
Defect_L9_B176_el5187_H4_W4.npy,-577.0266128999997,160.82758700000022,0.4088240581487866,0.6122933546453925,0.568053583370619,0.004449086506099198
Defect_L9_B177_el5191_H4_W4.npy,-474.28734670000017,152.70674639999925,0.4371552463687961,0.6100539668041806,0.5680035442688559,0.003770986868415922
Defect_L9_B178_el5195_H4_W4.npy,-405.3256655,129.51692289000016,0.45617199081626136,0.6036591843714189,0.5679610596635075,0.003236799593665933
Defect_L9_B179_el5199_H4_W4.npy,-355.32470839999996,110.36609339999995,0.46996016138799873,0.5983781873882954,0.5679334341687399,0.002821588466714533
Defect_L9_B17_el463_H4_W4.npy,-446.36490989999993,96.25598308999997,0.4448550854060164,0.5944872097145839,0.5679446461470292,0.003379717121555414
Defect_L9_B180_el5203_H4_W4.npy,-310.1898150000002,155.5256599999998,0.482406475319385,0.6108313051552458,0.5679195119083777,0.0024751950435438763
Defect_L9_B181_el5491_H4_W4.npy,-392.192002,171.23214999999982,0.45979370534079794,0.6151624975116274,0.567934330689789,0.0029849447139977093
Defect_L9_B182_el5495_H4_W4.npy,-417.3630437999998,101.78826299999992,0.4528525858515727,0.5960127808930938,0.567934246774093,0.0031306909894819063
Defect_L9_B183_el5499_H4_W4.npy,-433.7168200000001,92.17970289999994,0.44834289906124475,0.593363142300324,0.5679381734875059,0.0032446064222953442
Defect_L9_B184_el5503_H4_W4.npy,-452.31123596,94.34113700000012,0.44321533763425935,0.5939591753320672,0.5679438616472589,0.003392067377154553
Defect_L9_B185_el5507_H4_W4.npy,-474.48470199999997,102.41150829999992,0.43710082403975564,0.5961846458533434,0.5679513932222128,0.0035844912295740013
Defect_L9_B186_el5511_H4_W4.npy,-469.6517895999998,99.32126139900038,0.43843353893951637,0.5953324851378087,0.5679566514219487,0.0035519079713297163
Defect_L9_B187_el5515_H4_W4.npy,-448.19272439999963,83.04736779999985,0.4443510506922591,0.5908448266243814,0.5679592585628952,0.0033845470462594285
Defect_L9_B188_el5519_H4_W4.npy,-442.5785994999999,80.63664539999968,0.4458991912923964,0.5901800503164834,0.5679523193367559,0.0033109986612985163
Defect_L9_B189_el5523_H4_W4.npy,-445.9326787,87.07100150000042,0.4449742766746977,0.5919543763408567,0.5679495289671873,0.0033282685468997266
Defect_L9_B18_el467_H4_W4.npy,-445.1600598000002,94.32482100000016,0.44518733261998367,0.5939546760623713,0.5679446152557615,0.003364883857723623
Defect_L9_B190_el5527_H4_W4.npy,-449.6669936200001,93.81021606799982,0.4439445089648003,0.5938127695671559,0.5679489394900004,0.0033705868875563362
Defect_L9_B191_el5531_H4_W4.npy,-443.3474037000001,100.28269699999987,0.4456871872816598,0.5955976088240174,0.5679460986030672,0.003342197073292532
Defect_L9_B192_el5535_H4_W4.npy,-428.61194120000005,112.88481899999965,0.44975061090767354,0.5990727464569697,0.5679418398734891,0.0032541777046333244
Defect_L9_B193_el5539_H4_W4.npy,-401.75241400000004,185.41561000000002,0.45715734397818547,0.6190737019589002,0.5679409464396488,0.0031066307624083808
Defect_L9_B194_el5827_H4_W4.npy,-401.9811099999997,178.45359999999982,0.45709427919623014,0.61715387108026,0.5679399563386736,0.0030636822020739508
Defect_L9_B195_el5831_H4_W4.npy,-427.1477986000002,107.18956200000025,0.4501543601373087,0.5975022330204205,0.5679394364615447,0.003209700094630845
Defect_L9_B196_el5835_H4_W4.npy,-440.9896861,98.08542340000008,0.4463373470848766,0.5949916927586713,0.5679419603140844,0.0033038681217673425
Defect_L9_B197_el5839_H4_W4.npy,-452.35512348999987,97.95059880000008,0.4432032352909302,0.59495451377871,0.5679450649333101,0.003390212363722064
Defect_L9_B198_el5843_H4_W4.npy,-460.6068593,99.2588361200003,0.4409277520310068,0.5953152708594276,0.5679477700628501,0.003453257825559223
Defect_L9_B199_el5847_H4_W4.npy,-455.55108816000006,95.34461079999983,0.4423219220408042,0.5942358913935416,0.5679483081399181,0.0034096189250546996
Defect_L9_B19_el471_H4_W4.npy,-442.29617159999975,93.1803883,0.44597707308277157,0.593639089437821,0.5679444138093117,0.003339806148809175
Defect_L9_B1_el115_H4_W4.npy,-483.5360969999999,209.42473000000018,0.43460482825466357,0.6256944120620137,0.5679456003135427,0.0038273422468141586
Defect_L9_B200_el5851_H4_W4.npy,-444.6791718000002,86.50596160000009,0.4453199413969845,0.591798561993034,0.5679477813399246,0.003319353688034394
Defect_L9_B201_el5855_H4_W4.npy,-439.8139453000001,82.8551650999998,0.4466615671726267,0.5907918251666964,0.5679444046792633,0.0032706771138750618
Defect_L9_B202_el5859_H4_W4.npy,-440.68324888000006,84.40396560000022,0.44642184964050646,0.5912189195007687,0.5679444470478148,0.0032738662222474516
Defect_L9_B203_el5863_H4_W4.npy,-443.4221181999999,88.90408129999992,0.4456665841506413,0.5924598630039111,0.56794473016645,0.0033035310238256612
Defect_L9_B204_el5867_H4_W4.npy,-444.4960490000001,96.7027436999997,0.44537043899839895,0.5946104075862384,0.5679444744226028,0.0033268364413548968
Defect_L9_B205_el5871_H4_W4.npy,-440.32491500000015,113.29308200000014,0.4465206631222002,0.5991853282995708,0.5679440160894654,0.003320672219721437
Defect_L9_B206_el5875_H4_W4.npy,-421.87921200000005,189.47919000000024,0.45160721574100215,0.6201942671924785,0.5679465767198405,0.003240241575587398
Defect_L9_B207_el6163_H4_W4.npy,-399.3964160000003,177.69743999999992,0.4578070295877169,0.6169453538105071,0.567941687286923,0.003037929297493422
Defect_L9_B208_el6167_H4_W4.npy,-424.71077460000015,107.929846,0.4508263893253143,0.5977063723540558,0.5679410521923759,0.0031849499481825957
Defect_L9_B209_el6171_H4_W4.npy,-438.3740229000002,98.77334530000007,0.447058637485132,0.5951813928173775,0.5679426154260215,0.0032755860818435754
Defect_L9_B20_el475_H4_W4.npy,-438.3228010099999,92.24734099999978,0.44707276233788074,0.593381794056491,0.5679442084593471,0.0033074902067734336
Defect_L9_B210_el6175_H4_W4.npy,-448.71340129999976,97.84649680000007,0.4442074698024852,0.5949258068055616,0.5679443810386222,0.0033501715323699774
Defect_L9_B211_el6179_H4_W4.npy,-455.83487219999984,98.1002312999999,0.44224366628379486,0.5949957761575271,0.5679457056080618,0.003401279338181796
Defect_L9_B212_el6183_H4_W4.npy,-456.47546799999986,96.26125729999967,0.44206701678206084,0.5944886641208857,0.5679457684185698,0.0034019035368897297
Defect_L9_B213_el6187_H4_W4.npy,-454.5769155400001,92.62787999999955,0.442590558063591,0.5934867307806162,0.5679451310940277,0.003383629111857367
Defect_L9_B214_el6191_H4_W4.npy,-454.7594918000002,91.65705000000025,0.4425402111750265,0.5932190165124797,0.5679437838735512,0.0033810229601046542
Defect_L9_B215_el6195_H4_W4.npy,-456.74334139999996,92.72466380000014,0.4419931485134306,0.5935134197005967,0.5679443199503184,0.003395924804415998
Defect_L9_B216_el6199_H4_W4.npy,-458.8158602000001,96.02052173000016,0.44142163459879924,0.5944222793295867,0.5679448792422316,0.0034189709883170835
Defect_L9_B217_el6203_H4_W4.npy,-459.57593380000003,102.3724116000003,0.44121203812201754,0.5961738646203502,0.5679452323660091,0.0034378948858770943
Defect_L9_B218_el6207_H4_W4.npy,-455.4957480000003,118.01029500000027,0.44233718253999865,0.6004861381488129,0.5679454611171034,0.003430063546773425
Defect_L9_B219_el6211_H4_W4.npy,-435.8769879999995,193.57244000000037,0.4477472151668739,0.6213230141698592,0.5679479094077239,0.0033341776400377474
Defect_L9_B21_el479_H4_W4.npy,-433.6923933999999,91.32648899999981,0.44834963489485324,0.5931278616283192,0.5679440300140396,0.003270930787420076
Defect_L9_B22_el483_H4_W4.npy,-428.2601109999998,90.30587679999962,0.44984763094671376,0.5928464195136601,0.5679437444534237,0.003229572932141798
Defect_L9_B23_el487_H4_W4.npy,-421.6394299000001,89.26289130000032,0.4516733376051944,0.5925588077795672,0.567943231312178,0.0031809792395458667
Defect_L9_B24_el491_H4_W4.npy,-413.36101959999996,90.31792859999996,0.45395617657267545,0.5928497428955259,0.5679425704212595,0.0031236182862148555
Defect_L9_B25_el495_H4_W4.npy,-401.6909748000003,100.69282509999971,0.4571742863372626,0.5957107049831121,0.5679417891470393,0.0030486726082228867
Defect_L9_B26_el499_H4_W4.npy,-378.73394800000005,162.81207999999992,0.46350487318393613,0.612840594729771,0.5679432479986759,0.0029147640251247125
Defect_L9_B27_el787_H4_W4.npy,-403.72475699999995,178.3863899999999,0.4566134543551212,0.6171353373761496,0.5679456058950759,0.0031293701487829276
Defect_L9_B28_el791_H4_W4.npy,-423.41547219999984,109.49190999999996,0.4511835794966438,0.5981371242061232,0.5679433545397299,0.003229528242436266
Defect_L9_B29_el795_H4_W4.npy,-429.6831923999998,95.04324769999994,0.44945520467692407,0.5941527880677689,0.5679442134937189,0.003259469841232839
Defect_L9_B2_el119_H4_W4.npy,-507.466821,133.279403,0.4280057364861348,0.6046967188615225,0.567944858437821,0.003900340492475888
Defect_L9_B30_el799_H4_W4.npy,-431.6017809000002,89.7957785000001,0.4489261382944132,0.5927057557588706,0.5679445801892927,0.003263946237233241
Defect_L9_B31_el803_H4_W4.npy,-431.780325638,87.39558018000025,0.4488769031308282,0.5920438815516237,0.567944679049264,0.0032594960779064475
Defect_L9_B32_el807_H4_W4.npy,-430.97621403000016,86.21722711000052,0.4490986434464714,0.591718941109176,0.5679445422928634,0.0032501573258468825
Defect_L9_B33_el811_H4_W4.npy,-429.6772791000001,85.70780488999958,0.44945683531749114,0.5915784637889446,0.5679444639294395,0.003238640521686403
Defect_L9_B34_el815_H4_W4.npy,-428.2921005200001,85.63946449000014,0.44983880957640704,0.5915596183678411,0.5679444189683543,0.0032277050808391075
Defect_L9_B35_el819_H4_W4.npy,-426.20678010000006,85.67939560400032,0.45041385364186726,0.5915706296972812,0.5679441823846547,0.0032133434815639016
Defect_L9_B36_el823_H4_W4.npy,-422.5515749599999,85.75271370999985,0.45142180618653993,0.5915908477612973,0.5679435508188916,0.00318939791712263
Defect_L9_B37_el827_H4_W4.npy,-416.91448749999995,88.77929849999987,0.4529762788993489,0.5924254531319683,0.5679425546316405,0.0031539379835875
Defect_L9_B38_el831_H4_W4.npy,-407.4593100999998,103.32556399999976,0.4555836209651518,0.596436704146517,0.5679411175589624,0.0030967308225226223
Defect_L9_B39_el835_H4_W4.npy,-386.4540430000002,165.7796699999999,0.46137599420113723,0.6136589318073024,0.567942720076119,0.0029807508890109724
Defect_L9_B3_el123_H4_W4.npy,-507.6631669999997,120.90703840000015,0.42795159247977793,0.6012849387002079,0.5679450613470804,0.003876027823860265
Defect_L9_B40_el1123_H4_W4.npy,-399.461411,177.10667000000012,0.45778910668787093,0.61678244417835,0.5679449823443726,0.003097771640013338
Defect_L9_B41_el1127_H4_W4.npy,-418.43127619999996,107.7240039999997,0.45255801207947466,0.5976496097484689,0.5679426187682276,0.0031887925312510243
Defect_L9_B42_el1131_H4_W4.npy,-424.5318813000001,93.07157389999998,0.45087572060770575,0.5936090829820472,0.5679437982191187,0.0032170680487700978
Defect_L9_B43_el1135_H4_W4.npy,-426.4501533099999,87.44581009999956,0.4503467414998865,0.5920577328605771,0.5679443560404305,0.0032211315015254686
Defect_L9_B44_el1139_H4_W4.npy,-426.97230049999985,84.75634620000005,0.4502027551656875,0.591316091317085,0.5679445563686446,0.003218968778436133
Defect_L9_B45_el1143_H4_W4.npy,-426.97219909999967,83.6104340400002,0.4502027831275622,0.5910000967194075,0.5679445002078489,0.0032162572749664955
Defect_L9_B46_el1147_H4_W4.npy,-427.1762641,83.63132130400027,0.4501465105441774,0.591005856552329,0.5679446115795539,0.0032172734929495775
Defect_L9_B47_el1151_H4_W4.npy,-427.99734509999985,84.45411917000024,0.44992009078068035,0.5912327497555886,0.5679447818304301,0.0032242691997912605
Defect_L9_B48_el1155_H4_W4.npy,-427.8847284000001,85.3142994100001,0.44995114575160255,0.5914699514525048,0.5679446667586553,0.0032264578635669656
Defect_L9_B49_el1159_H4_W4.npy,-425.41632075000007,85.89136487999986,0.45063182923633494,0.5916290819490573,0.567943836839683,0.003212519723805974
Defect_L9_B4_el127_H4_W4.npy,-501.5142639999999,116.88715292000006,0.4296472024902724,0.6001764225858816,0.5679450763766473,0.003829619329326788
Defect_L9_B50_el1163_H4_W4.npy,-420.50237820000007,89.14836430000014,0.451986888858966,0.5925272260278835,0.5679425172654193,0.0031829269601981363
Defect_L9_B51_el1167_H4_W4.npy,-411.49486909999996,104.41227000000003,0.4544707827502147,0.5967363721640584,0.5679406558287863,0.0031290626907345223
Defect_L9_B52_el1171_H4_W4.npy,-390.85426200000006,167.27980000000002,0.4601625980254669,0.6140726048551687,0.5679423317697037,0.003017654583093934
Defect_L9_B53_el1459_H4_W4.npy,-397.4194500000001,177.03920999999968,0.4583521940406295,0.6167638415347064,0.567944428635796,0.003086048758991819
Defect_L9_B54_el1463_H4_W4.npy,-415.82759820000024,106.71845899999994,0.45327599746335595,0.5973723225367497,0.5679419654247633,0.00317134734729407
Defect_L9_B55_el1467_H4_W4.npy,-421.7021963399998,91.85677100000021,0.45165602924889303,0.5932740912025352,0.5679433304961933,0.0031976998634356095
Defect_L9_B56_el1471_H4_W4.npy,-423.36104360000013,85.85946270000022,0.45119858862575457,0.591620284663466,0.5679440423671362,0.003199397942258877
Defect_L9_B57_el1475_H4_W4.npy,-423.6944482000001,82.76643999999987,0.4511066495957674,0.5907673584987814,0.5679442772366959,0.00319542342360058
Defect_L9_B58_el1479_H4_W4.npy,-424.0936300000003,81.65605900000014,0.45099657196792264,0.5904611619074442,0.5679442551050117,0.0031964515774594937
Defect_L9_B59_el1483_H4_W4.npy,-425.9209724,82.54494624999984,0.4504926674395799,0.5907062797958386,0.5679447372628825,0.0032118049699404873
Defect_L9_B5_el131_H4_W4.npy,-493.23408799999993,114.23255019999988,0.4319305283638886,0.5994443942962958,0.5679449024709754,0.0037705864110902125
Defect_L9_B60_el1487_H4_W4.npy,-429.4964427,84.87546152999994,0.44950670242551055,0.5913489383380823,0.5679452797794758,0.0032414768540274183
Defect_L9_B61_el1491_H4_W4.npy,-431.1118651999998,86.78570599,0.4490612365331103,0.591875703783702,0.5679453613422829,0.0032591476480291976
Defect_L9_B62_el1495_H4_W4.npy,-428.7053478999999,87.45153909999999,0.4497248532504838,0.5920593126789204,0.5679442839223424,0.0032462956105781295
Defect_L9_B63_el1499_H4_W4.npy,-423.37508183,90.12196279999989,0.45119471746966094,0.592795703732411,0.5679425306565566,0.0032127605469800913
Defect_L9_B64_el1503_H4_W4.npy,-413.86978709999994,105.09645399999977,0.4538158797968092,0.5969250414664397,0.5679402849950471,0.0031544197420280275
Defect_L9_B65_el1507_H4_W4.npy,-392.8156939999999,167.96134000000006,0.45962171719939043,0.6142605450530465,0.567941903367165,0.0030408628982913685
Defect_L9_B66_el1795_H4_W4.npy,-393.5516909999999,179.6943000000001,0.4594187600408706,0.617496004195715,0.5679438243818414,0.003050469945849721
Defect_L9_B67_el1799_H4_W4.npy,-411.88482480000016,107.1368060000002,0.4543632492944796,0.5974876851243627,0.5679413857719859,0.0031347733831072807
Defect_L9_B68_el1803_H4_W4.npy,-417.8895699300001,92.42030940000018,0.4527073919890552,0.5934294914995212,0.5679429503642006,0.0031616029452593416
Defect_L9_B69_el1807_H4_W4.npy,-419.2793489999999,86.10751010000013,0.45232414910760665,0.5916886857513538,0.5679438606004074,0.0031608389638361736
Defect_L9_B6_el135_H4_W4.npy,-483.96484599999985,111.78370440000026,0.4344865972309526,0.5987691051507952,0.5679445932097444,0.003702491164910789
Defect_L9_B70_el1811_H4_W4.npy,-418.68210280000017,82.18675110000004,0.45248884460458383,0.5906075045700705,0.5679440160477837,0.0031488216731294576
Defect_L9_B71_el1815_H4_W4.npy,-418.6974995999999,80.65246919999981,0.45248459881176367,0.5901844138580262,0.5679439300451871,0.003147516074728687
Defect_L9_B72_el1819_H4_W4.npy,-422.66355529999987,82.66400500000032,0.4513909266970631,0.5907391112144408,0.5679451432108129,0.00318262997451205
Defect_L9_B73_el1823_H4_W4.npy,-430.8416172,87.67559489999962,0.44913575961700275,0.5921210978879876,0.5679459660511433,0.003249882971155514
Defect_L9_B74_el1827_H4_W4.npy,-434.1248447999999,91.28313719999983,0.4482303829042311,0.5931159070168945,0.5679462547235841,0.003283709939158556
Defect_L9_B75_el1831_H4_W4.npy,-430.19224829999985,91.227173,0.4493148283724123,0.5931004744335948,0.5679446779316731,0.0032579263328995607
Defect_L9_B76_el1835_H4_W4.npy,-423.48623556179996,92.17821069999991,0.45116406592411795,0.5933627308140381,0.5679423812063407,0.0032115929969338567
Defect_L9_B77_el1839_H4_W4.npy,-413.1312805,104.96105000000011,0.4540195289979393,0.5968877027122163,0.5679398518826982,0.0031453755322260364
Defect_L9_B78_el1843_H4_W4.npy,-391.4295219999999,170.6028799999997,0.46000396540195065,0.6149889711913545,0.5679414177339096,0.0030237907907619908
Defect_L9_B79_el2131_H4_W4.npy,-387.0777618000002,179.35243999999966,0.46120399866941175,0.6174017335204112,0.5679409324123383,0.003004278517982735
Defect_L9_B7_el139_H4_W4.npy,-474.0087128,109.37044690000039,0.43723208193281515,0.5981036297684544,0.5679442364028334,0.003627248758839337
Defect_L9_B80_el2135_H4_W4.npy,-409.37007790000007,107.85031099999992,0.4550567112042707,0.5976844399309579,0.567939974823339,0.0031198891419894213
Defect_L9_B81_el2139_H4_W4.npy,-419.87667784999985,94.55522440000004,0.4521594308192198,0.5940182116737627,0.5679432093642306,0.0031824810211177118
Defect_L9_B82_el2143_H4_W4.npy,-424.16930939999975,88.61069370000041,0.4509757027578819,0.5923789589871271,0.5679455133779747,0.0032037987319076203
Defect_L9_B83_el2147_H4_W4.npy,-422.34492409999984,82.8452585,0.45147879184185,0.5907890933411772,0.5679459576333363,0.003181332602803821
Defect_L9_B84_el2151_H4_W4.npy,-419.1396487999998,79.76564269999994,0.4523626725739206,0.5899398642382044,0.5679462785882444,0.003156435818325903
Defect_L9_B85_el2155_H4_W4.npy,-424.80099934999976,80.8932676999998,0.4508015091167155,0.5902508160027848,0.5679492447757938,0.003212168523313016
Defect_L9_B86_el2159_H4_W4.npy,-441.47501360000024,90.0555602999998,0.4462035140796448,0.5927773927029929,0.5679492764431789,0.003344076380586196
Defect_L9_B87_el2163_H4_W4.npy,-443.8066442999998,96.28325593999989,0.4455605479512646,0.594494730424778,0.5679483845802338,0.003372589292337459
Defect_L9_B88_el2167_H4_W4.npy,-433.3099047999999,92.87726980000025,0.4484551092370343,0.5935555020462219,0.5679446678005493,0.003285097549688614
Defect_L9_B89_el2171_H4_W4.npy,-423.0824766100002,91.17254630000002,0.4512754057387969,0.5930854106767979,0.5679409432709281,0.0032066089499822744
Defect_L9_B8_el143_H4_W4.npy,-463.35595450000005,106.96839760000012,0.4401696666715659,0.5974412451384186,0.5679438882541886,0.003545402827429659
Defect_L9_B90_el2175_H4_W4.npy,-411.13291749999985,103.38685799999985,0.45457059384762094,0.5964536064655133,0.5679377267135409,0.00312683877613749
Defect_L9_B91_el2179_H4_W4.npy,-388.830645,168.31148999999982,0.4607206268710361,0.6143571017632719,0.5679389675695263,0.003000474497319801
Defect_L9_B92_el2467_H4_W4.npy,-349.3415454000001,166.51808000000005,0.47161006724555093,0.6138625543701968,0.5679271511991008,0.0027278044576673033
Defect_L9_B93_el2471_H4_W4.npy,-384.8462379,107.99734299999977,0.4618193595335363,0.5977249852007503,0.5679322821800924,0.002962655598201815
Defect_L9_B94_el2475_H4_W4.npy,-418.1451080699999,105.5378232999999,0.4526369252686911,0.5970467526405151,0.5679452511479413,0.003214626276490337
Defect_L9_B95_el2479_H4_W4.npy,-454.98480819999986,113.74233239999967,0.44247807834525704,0.5993092127510669,0.567961859223165,0.0034980614149573864
Defect_L9_B96_el2499_H4_W4.npy,-454.56783537,96.52964999999949,0.44259306199431636,0.5945626755907144,0.5679538036702978,0.003463094791408931
Defect_L9_B97_el2503_H4_W4.npy,-416.80500630000006,92.78986348999979,0.45300646923064547,0.5935313990453748,0.5679419419516921,0.0031185361185473094
Defect_L9_B98_el2507_H4_W4.npy,-396.9813132500001,87.12357599999996,0.45847301381275235,0.5919688741868133,0.5679334031819153,0.0029709585831684472
Defect_L9_B99_el2511_H4_W4.npy,-384.1347861000004,92.12203399999999,0.462015548153533,0.5933472396321352,0.5679281604706274,0.0028909562360065854
Defect_L9_B9_el147_H4_W4.npy,-451.7546414999997,104.55172539999967,0.4433688230833162,0.5967748281247813,0.5679434964787599,0.0034550619984310593
