filename,original_min,original_max,normalized_min,normalized_max,normalized_mean,normalized_std
Defect_L10_B100_el1165_H2_W2.npy,-272.156,4775.44727,1.129215772562923e-05,0.9999820335827343,0.40906466817619874,0.10678207434397409
Defect_L10_B101_el1167_H2_W2.npy,-272.1559,4775.44727,1.1311968528662932e-05,0.9999820335827343,0.4090645596060203,0.10678233034498372
Defect_L10_B102_el1169_H2_W2.npy,-272.1559,4775.44725,1.1311968528662932e-05,0.9999820296205738,0.40906448259095923,0.10678278712465863
Defect_L10_B103_el1171_H2_W2.npy,-272.156,4775.44712,1.129215772562923e-05,0.9999820038665298,0.409065105459564,0.10678421593779606
Defect_L10_B104_el1173_H2_W2.npy,-272.1551,4775.4466999999995,1.1470454952876245e-05,0.999981920661157,0.40906463471331006,0.10678575741762168
Defect_L10_B105_el1459_H2_W2.npy,-272.1574,4775.44722,1.1014806483247489e-05,0.9999820236773328,0.40906477248974765,0.10678396149305769
Defect_L10_B106_el1461_H2_W2.npy,-272.1558,4775.45705,1.1331779331685374e-05,0.9999839710792704,0.40906515444027824,0.10678252636926962
Defect_L10_B107_el1463_H2_W2.npy,-272.15569999999997,4775.45706,1.1351590134719077e-05,0.9999839730603507,0.4090644929019931,0.10678112988669158
Defect_L10_B108_el1465_H2_W2.npy,-272.15569999999997,4775.4571,1.1351590134719077e-05,0.9999839809846719,0.40906457621161607,0.10678084138128671
Defect_L10_B109_el1467_H2_W2.npy,-272.15549999999996,4775.45724,1.1391211740775219e-05,0.9999840087197961,0.4090646945033179,0.10678079968807237
Defect_L10_B10_el133_H2_W2.npy,-272.1559,4775.45722,1.1311968528662932e-05,0.9999840047576356,0.40906493084335,0.10677865228013639
Defect_L10_B110_el1469_H2_W2.npy,-272.1538,4775.4573,1.1727995392235547e-05,0.999984020606278,0.40906475579056795,0.106780790011328
Defect_L10_B111_el1471_H2_W2.npy,-272.15200000000004,4775.45746,1.2084589846718315e-05,0.9999840523035628,0.40906481316421195,0.106780801816793
Defect_L10_B112_el1473_H2_W2.npy,-272.15180000000004,4775.45747,1.2124211452774457e-05,0.9999840542846432,0.4090648628613637,0.10678078357426561
Defect_L10_B113_el1475_H2_W2.npy,-272.156,4775.467250000001,1.129215772562923e-05,0.9999859917811793,0.40906487660016705,0.10678078857783085
Defect_L10_B114_el1477_H2_W2.npy,-272.1637,4775.45678,9.766725892518389e-06,0.9999839175901023,0.4090648882528453,0.10678069510704434
Defect_L10_B115_el1479_H2_W2.npy,-272.1636,4775.43661,9.786536695552091e-06,0.9999799217511316,0.40906487665328145,0.10678060410389571
Defect_L10_B116_el1481_H2_W2.npy,-272.1572,4775.42648,1.1054428089303633e-05,0.9999779149167849,0.40906480122322425,0.1067807690651338
Defect_L10_B117_el1483_H2_W2.npy,-272.1554,4775.43686,1.1411022543797661e-05,0.9999799712781391,0.40906483835343155,0.10678056173628284
Defect_L10_B118_el1485_H2_W2.npy,-272.1563,4775.437059999999,1.1232725316550646e-05,0.9999800108997451,0.40906486049721913,0.1067804646671809
Defect_L10_B119_el1487_H2_W2.npy,-272.156,4775.4371599999995,1.129215772562923e-05,0.9999800307105482,0.40906485071364185,0.10678042493835427
Defect_L10_B11_el135_H2_W2.npy,-272.15680000000003,4775.45741,1.1133671301404657e-05,0.9999840423981613,0.4090649025845411,0.10677942679910708
Defect_L10_B120_el1489_H2_W2.npy,-272.1561,4775.44729,1.127234692260679e-05,0.9999820375448949,0.40906493452841897,0.10678001605629384
Defect_L10_B121_el1491_H2_W2.npy,-272.1574,4775.44743,1.1014806483247489e-05,0.9999820652800192,0.40906493834120844,0.10678016513617712
Defect_L10_B122_el1493_H2_W2.npy,-272.1575,4775.44744,1.0994995680213786e-05,0.9999820672610995,0.40906490545900764,0.10678038951139221
Defect_L10_B123_el1495_H2_W2.npy,-272.1574,4775.44741,1.1014806483247489e-05,0.9999820613178585,0.4090648671118242,0.10678060301826137
Defect_L10_B124_el1497_H2_W2.npy,-272.1563,4775.44727,1.1232725316550646e-05,0.9999820335827343,0.40906480135297857,0.10678086124890668
Defect_L10_B125_el1499_H2_W2.npy,-272.15619999999996,4775.44715,1.1252536119584348e-05,0.9999820098097707,0.4090647202973846,0.10678108567106803
Defect_L10_B126_el1501_H2_W2.npy,-272.1562,4775.44713,1.1252536119573088e-05,0.99998200584761,0.40906463627398454,0.10678131324723877
Defect_L10_B127_el1503_H2_W2.npy,-272.1561,4775.44712,1.127234692260679e-05,0.9999820038665298,0.409064502228005,0.10678155677493831
Defect_L10_B128_el1505_H2_W2.npy,-272.156,4775.44711,1.129215772562923e-05,0.9999820018854495,0.40906440005568256,0.10678202748202112
Defect_L10_B129_el1507_H2_W2.npy,-272.15500000000003,4775.44697,1.1490265755898687e-05,0.9999819741503252,0.40906504882574013,0.10678356666236546
Defect_L10_B12_el137_H2_W2.npy,-272.1559,4775.44715,1.1311968528662932e-05,0.9999820098097707,0.4090648802610357,0.10678015389707954
Defect_L10_B130_el1509_H2_W2.npy,-272.15420000000006,4775.43632,1.1648752180111998e-05,0.9999798642998028,0.4090646038195828,0.10678519525148648
Defect_L10_B13_el139_H2_W2.npy,-272.1559,4775.45724,1.1311968528662932e-05,0.9999840087197961,0.4090648612734728,0.10678083756536544
Defect_L10_B14_el141_H2_W2.npy,-272.1559,4775.45727,1.1311968528662932e-05,0.999984014663037,0.4090648386795167,0.10678148083350868
Defect_L10_B15_el143_H2_W2.npy,-272.1569,4775.45736,1.1113860498382217e-05,0.9999840324927599,0.40906481927036026,0.10678210236905566
Defect_L10_B16_el145_H2_W2.npy,-272.1558,4775.45738,1.1331779331685374e-05,0.9999840364549204,0.40906479847043214,0.1067826979965774
Defect_L10_B17_el147_H2_W2.npy,-272.15680000000003,4775.45738,1.1133671301404657e-05,0.9999840364549204,0.4090647783231932,0.10678329401932103
Defect_L10_B18_el149_H2_W2.npy,-272.15680000000003,4775.45738,1.1133671301404657e-05,0.9999840364549204,0.40906476909466694,0.10678391086016358
Defect_L10_B19_el151_H2_W2.npy,-272.15680000000003,4775.44739,1.1133671301404657e-05,0.999982057355698,0.40906475360563516,0.10678454717503759
Defect_L10_B1_el115_H2_W2.npy,-272.1558,4775.45737,1.1331779331685374e-05,0.9999840344738401,0.40906497242132056,0.10676840683309449
Defect_L10_B20_el153_H2_W2.npy,-272.15680000000003,4775.44738,1.1133671301404657e-05,0.9999820553746176,0.4090647389628289,0.10678520666398657
Defect_L10_B21_el155_H2_W2.npy,-272.15680000000003,4775.44738,1.1133671301404657e-05,0.9999820553746176,0.40906473844491076,0.10678592416086999
Defect_L10_B22_el157_H2_W2.npy,-272.1558,4775.44738,1.1331779331685374e-05,0.9999820553746176,0.40906474868263865,0.10678670927625197
Defect_L10_B23_el159_H2_W2.npy,-272.1558,4775.44737,1.1331779331685374e-05,0.9999820533935373,0.40906476430691013,0.10678758408883368
Defect_L10_B24_el161_H2_W2.npy,-272.1558,4775.44727,1.1331779331685374e-05,0.9999820335827343,0.4090648256168342,0.1067886158479843
Defect_L10_B25_el163_H2_W2.npy,-272.1558,4775.44726,1.1331779331685374e-05,0.999982031601654,0.4090650217098912,0.10678995816391798
Defect_L10_B26_el165_H2_W2.npy,-272.1558,4775.44725,1.1331779331685374e-05,0.9999820296205738,0.40906474108632185,0.10679152198679752
Defect_L10_B27_el451_H2_W2.npy,-272.15700000000004,4775.44738,1.1094049695348515e-05,0.9999820553746176,0.40906490383347605,0.10677756140934697
Defect_L10_B28_el453_H2_W2.npy,-272.1558,4775.45725,1.1331779331685374e-05,0.9999840107008765,0.4090653890677185,0.10677710283669824
Defect_L10_B29_el455_H2_W2.npy,-272.1559,4775.45725,1.1311968528662932e-05,0.9999840107008765,0.40906483573329944,0.10677622531938412
Defect_L10_B2_el117_H2_W2.npy,-272.1558,4775.45726,1.1331779331685374e-05,0.9999840126819568,0.40906528661049385,0.10676938075860738
Defect_L10_B30_el457_H2_W2.npy,-272.15569999999997,4775.45725,1.1351590134719077e-05,0.9999840107008765,0.40906481383193866,0.10677623347049836
Defect_L10_B31_el459_H2_W2.npy,-272.1556,4775.45726,1.1371400937741518e-05,0.9999840126819568,0.40906484633981244,0.10677646040225532
Defect_L10_B32_el461_H2_W2.npy,-272.15549999999996,4775.45727,1.1391211740775219e-05,0.999984014663037,0.40906486241399587,0.10677676286881532
Defect_L10_B33_el463_H2_W2.npy,-272.15529999999995,4775.45728,1.1430833346831363e-05,0.9999840166441173,0.409064867356945,0.1067771348361815
Defect_L10_B34_el465_H2_W2.npy,-272.15529999999995,4775.45728,1.1430833346831363e-05,0.9999840166441173,0.40906487373872513,0.10677755796660254
Defect_L10_B35_el467_H2_W2.npy,-272.1558,4775.45727,1.1331779331685374e-05,0.999984014663037,0.4090648735235353,0.10677802639290376
Defect_L10_B36_el469_H2_W2.npy,-272.15720000000005,4775.4572,1.105442808929237e-05,0.9999840007954749,0.40906486081815335,0.10677852333489378
Defect_L10_B37_el471_H2_W2.npy,-272.15720000000005,4775.45734,1.105442808929237e-05,0.9999840285305992,0.40906485049621494,0.10677905908098646
Defect_L10_B38_el473_H2_W2.npy,-272.1561,4775.44714,1.127234692260679e-05,0.9999820078286904,0.4090648360753522,0.10677961768693923
Defect_L10_B39_el475_H2_W2.npy,-272.1559,4775.4472399999995,1.1311968528662932e-05,0.9999820276394933,0.4090648290261885,0.10678018241842012
Defect_L10_B3_el119_H2_W2.npy,-272.15569999999997,4775.45726,1.1351590134719077e-05,0.9999840126819568,0.40906507123346736,0.1067704555801096
Defect_L10_B40_el477_H2_W2.npy,-272.1559,4775.447279999999,1.1311968528662932e-05,0.9999820355638145,0.40906482076928385,0.10678073857745404
Defect_L10_B41_el479_H2_W2.npy,-272.1559,4775.44727,1.1311968528662932e-05,0.9999820335827343,0.40906481513881326,0.10678129265273104
Defect_L10_B42_el481_H2_W2.npy,-272.1569,4775.44738,1.1113860498382217e-05,0.9999820553746176,0.4090648007669891,0.10678183042769435
Defect_L10_B43_el483_H2_W2.npy,-272.1569,4775.44739,1.1113860498382217e-05,0.999982057355698,0.40906479607781915,0.10678240722454596
Defect_L10_B44_el485_H2_W2.npy,-272.1569,4775.44739,1.1113860498382217e-05,0.999982057355698,0.409064783550147,0.10678301068153111
Defect_L10_B45_el487_H2_W2.npy,-272.1569,4775.4474,1.1113860498382217e-05,0.9999820593367783,0.4090647655220906,0.10678362734641712
Defect_L10_B46_el489_H2_W2.npy,-272.1569,4775.4474,1.1113860498382217e-05,0.9999820593367783,0.40906474693037975,0.10678424466690228
Defect_L10_B47_el491_H2_W2.npy,-272.1569,4775.44739,1.1113860498382217e-05,0.999982057355698,0.40906472170058605,0.10678486442380412
Defect_L10_B48_el493_H2_W2.npy,-272.1569,4775.44738,1.1113860498382217e-05,0.9999820553746176,0.4090647030859329,0.10678547889863899
Defect_L10_B49_el495_H2_W2.npy,-272.1558,4775.44738,1.1331779331685374e-05,0.9999820553746176,0.4090646693711778,0.10678607664411997
Defect_L10_B4_el121_H2_W2.npy,-272.15569999999997,4775.45726,1.1351590134719077e-05,0.9999840126819568,0.4090650463215843,0.10677193039038475
Defect_L10_B50_el497_H2_W2.npy,-272.1558,4775.44727,1.1331779331685374e-05,0.9999820335827343,0.4090646751265974,0.1067867429011435
Defect_L10_B51_el499_H2_W2.npy,-272.1558,4775.44726,1.1331779331685374e-05,0.999982031601654,0.4090651771224754,0.10678789949622856
Defect_L10_B52_el501_H2_W2.npy,-272.156,4775.44712,1.129215772562923e-05,0.9999820038665298,0.40906470836957437,0.1067892066436632
Defect_L10_B53_el787_H2_W2.npy,-272.1571,4775.44737,1.1074238892326073e-05,0.9999820533935373,0.4090648256899787,0.10678102510496679
Defect_L10_B54_el789_H2_W2.npy,-272.1559,4775.45722,1.1311968528662932e-05,0.9999840047576356,0.40906530953532394,0.10678004702260072
Defect_L10_B55_el791_H2_W2.npy,-272.1558,4775.45722,1.1331779331685374e-05,0.9999840047576356,0.4090646783525534,0.10677890738972391
Defect_L10_B56_el793_H2_W2.npy,-272.15569999999997,4775.45723,1.1351590134719077e-05,0.9999840067387159,0.40906471546684087,0.10677879195572751
Defect_L10_B57_el795_H2_W2.npy,-272.1556,4775.45725,1.1371400937741518e-05,0.9999840107008765,0.409064782054672,0.10677888537827836
Defect_L10_B58_el797_H2_W2.npy,-272.15529999999995,4775.45727,1.1430833346831363e-05,0.999984014663037,0.4090648132994709,0.10677900893964547
Defect_L10_B59_el799_H2_W2.npy,-272.1541,4775.45729,1.16685629831457e-05,0.9999840186251977,0.40906484744737,0.10677917061000643
Defect_L10_B5_el123_H2_W2.npy,-272.15569999999997,4775.45726,1.1351590134719077e-05,0.9999840126819568,0.40906503868306043,0.10677337268872095
Defect_L10_B60_el801_H2_W2.npy,-272.1541,4775.45729,1.16685629831457e-05,0.9999840186251977,0.4090648654712965,0.10677934571788045
Defect_L10_B61_el803_H2_W2.npy,-272.1559,4775.45726,1.1311968528662932e-05,0.9999840126819568,0.4090648726558328,0.10677954314482577
Defect_L10_B62_el805_H2_W2.npy,-272.15770000000003,4775.45716,1.0955374074157644e-05,0.9999839928711537,0.4090648776068409,0.10677974603874321
Defect_L10_B63_el807_H2_W2.npy,-272.1578,4775.44719,1.0935563271135202e-05,0.9999820177340919,0.409064864178703,0.10677998850359294
Defect_L10_B64_el809_H2_W2.npy,-272.15639999999996,4775.44702,1.1212914513528206e-05,0.9999819840557267,0.4090648513463563,0.1067802749791776
Defect_L10_B65_el811_H2_W2.npy,-272.1561,4775.44713,1.127234692260679e-05,0.99998200584761,0.40906485126793446,0.10678054372133805
Defect_L10_B66_el813_H2_W2.npy,-272.156,4775.447279999999,1.129215772562923e-05,0.9999820355638145,0.4090648559149384,0.10678080820683755
Defect_L10_B67_el815_H2_W2.npy,-272.1559,4775.447279999999,1.1311968528662932e-05,0.9999820355638145,0.40906485571693907,0.1067810628983372
Defect_L10_B68_el817_H2_W2.npy,-272.15700000000004,4775.4474,1.1094049695348515e-05,0.9999820593367783,0.4090648549867048,0.10678128489309752
Defect_L10_B69_el819_H2_W2.npy,-272.15700000000004,4775.44741,1.1094049695348515e-05,0.9999820613178585,0.4090648541466637,0.10678159680322184
Defect_L10_B6_el125_H2_W2.npy,-272.1556,4775.45726,1.1371400937741518e-05,0.9999840126819568,0.4090650230767331,0.1067746819719076
Defect_L10_B70_el821_H2_W2.npy,-272.1571,4775.44741,1.1074238892326073e-05,0.9999820613178585,0.4090648411822246,0.10678196187199845
Defect_L10_B71_el823_H2_W2.npy,-272.1571,4775.44741,1.1074238892326073e-05,0.9999820613178585,0.4090648169397375,0.10678234108293676
Defect_L10_B72_el825_H2_W2.npy,-272.15700000000004,4775.4474,1.1094049695348515e-05,0.9999820593367783,0.40906478520450607,0.10678272592603198
Defect_L10_B73_el827_H2_W2.npy,-272.15700000000004,4775.4474,1.1094049695348515e-05,0.9999820593367783,0.40906475050912716,0.10678310541556374
Defect_L10_B74_el829_H2_W2.npy,-272.1569,4775.44739,1.1113860498382217e-05,0.999982057355698,0.4090646931223531,0.10678347372335747
Defect_L10_B75_el831_H2_W2.npy,-272.1559,4775.44738,1.1311968528662932e-05,0.9999820553746176,0.4090646177572491,0.10678383892609213
Defect_L10_B76_el833_H2_W2.npy,-272.1558,4775.44727,1.1331779331685374e-05,0.9999820335827343,0.40906457290557346,0.1067843432038675
Defect_L10_B77_el835_H2_W2.npy,-272.1558,4775.44725,1.1331779331685374e-05,0.9999820296205738,0.40906516303614615,0.10678563515976669
Defect_L10_B78_el837_H2_W2.npy,-272.15500000000003,4775.44687,1.1490265755898687e-05,0.9999819543395222,0.4090646579562409,0.10678706967305225
Defect_L10_B79_el1123_H2_W2.npy,-272.1573,4775.44725,1.103461728626993e-05,0.9999820296205738,0.40906478597659274,0.10678286674014245
Defect_L10_B7_el127_H2_W2.npy,-272.15549999999996,4775.45727,1.1391211740775219e-05,0.999984014663037,0.40906500186050315,0.10677584797216083
Defect_L10_B80_el1125_H2_W2.npy,-272.1558,4775.45709,1.1331779331685374e-05,0.9999839790035916,0.40906522193618045,0.1067815789539684
Defect_L10_B81_el1127_H2_W2.npy,-272.15569999999997,4775.45709,1.1351590134719077e-05,0.9999839790035916,0.4090645704452149,0.106780279762127
Defect_L10_B82_el1129_H2_W2.npy,-272.15569999999997,4775.45711,1.1351590134719077e-05,0.9999839829657523,0.40906463146301214,0.1067800783831472
Defect_L10_B83_el1131_H2_W2.npy,-272.15549999999996,4775.45724,1.1391211740775219e-05,0.9999840087197961,0.40906473275784266,0.10678011030225239
Defect_L10_B84_el1133_H2_W2.npy,-272.1551,4775.45728,1.1470454952876245e-05,0.9999840166441173,0.4090647843212045,0.10678016488481187
Defect_L10_B85_el1135_H2_W2.npy,-272.1536,4775.45731,1.176761699829169e-05,0.9999840225873582,0.40906482341576134,0.1067802399804116
Defect_L10_B86_el1137_H2_W2.npy,-272.1537,4775.45732,1.1747806195257987e-05,0.9999840245684387,0.4090648538340765,0.10678030824782792
Defect_L10_B87_el1139_H2_W2.npy,-272.1559,4775.45725,1.1311968528662932e-05,0.9999840107008765,0.4090648617538714,0.10678038040100411
Defect_L10_B88_el1141_H2_W2.npy,-272.1598,4775.457,1.053934721058503e-05,0.999983961173869,0.4090648831342151,0.10678042280935739
Defect_L10_B89_el1143_H2_W2.npy,-272.1597,4775.44702,1.0559158013618732e-05,0.9999819840557267,0.40906486420217314,0.10678049126378954
Defect_L10_B8_el129_H2_W2.npy,-272.15549999999996,4775.45727,1.1391211740775219e-05,0.999984014663037,0.4090649818465007,0.10677688528886864
Defect_L10_B90_el1145_H2_W2.npy,-272.1568,4775.43676,1.113367130141592e-05,0.9999799514673361,0.4090648422509761,0.1067806457714742
Defect_L10_B91_el1147_H2_W2.npy,-272.1562,4775.436989999999,1.1252536119573088e-05,0.999979997032183,0.409064846077753,0.10678069384337256
Defect_L10_B92_el1149_H2_W2.npy,-272.1561,4775.4471699999995,1.127234692260679e-05,0.9999820137719312,0.40906486321319485,0.10678074750767631
Defect_L10_B93_el1151_H2_W2.npy,-272.156,4775.44727,1.129215772562923e-05,0.9999820335827343,0.40906486305908085,0.10678079218846977
Defect_L10_B94_el1153_H2_W2.npy,-272.156,4775.4473,1.129215772562923e-05,0.9999820395259752,0.4090648860027719,0.10678072318156599
Defect_L10_B95_el1155_H2_W2.npy,-272.1572,4775.4474199999995,1.1054428089303633e-05,0.9999820632989388,0.40906489468423907,0.1067808699959815
Defect_L10_B96_el1157_H2_W2.npy,-272.1572,4775.44743,1.1054428089303633e-05,0.9999820652800192,0.4090648726658507,0.10678108947091008
Defect_L10_B97_el1159_H2_W2.npy,-272.1572,4775.4474199999995,1.1054428089303633e-05,0.9999820632989388,0.4090648436135854,0.10678133241832818
Defect_L10_B98_el1161_H2_W2.npy,-272.1571,4775.4474,1.1074238892326073e-05,0.9999820593367783,0.4090647937888534,0.10678158675045771
Defect_L10_B99_el1163_H2_W2.npy,-272.1571,4775.447279999999,1.1074238892326073e-05,0.9999820355638145,0.40906474112198576,0.10678182888713589
Defect_L10_B9_el131_H2_W2.npy,-272.15569999999997,4775.45727,1.1351590134719077e-05,0.999984014663037,0.4090649579768887,0.10677781421708475
Defect_L11_B100_el1165_H2_W2.npy,-272.1563,4775.43748,1.1232725316550646e-05,0.9999800941051179,0.4090651424990862,0.10678285187358569
Defect_L11_B101_el1167_H2_W2.npy,-272.15639999999996,4775.43725,1.1212914513528206e-05,0.999980048540271,0.40906530974941563,0.10678281096716277
Defect_L11_B102_el1169_H2_W2.npy,-272.1565,4775.43711,1.1193103710494503e-05,0.9999800208051467,0.409065507784021,0.10678255041807135
Defect_L11_B103_el1171_H2_W2.npy,-272.15659999999997,4775.43711,1.1173292907472062e-05,0.9999800208051467,0.40906630009827677,0.10678224045748638
Defect_L11_B104_el1173_H2_W2.npy,-272.15659999999997,4775.437389999999,1.1173292907472062e-05,0.9999800762753951,0.409065369927525,0.10677999883824778
Defect_L11_B105_el1459_H2_W2.npy,-272.1545,4775.44691,1.1589319771044676e-05,0.9999819622638434,0.4090654590007376,0.10677778210778495
Defect_L11_B106_el1461_H2_W2.npy,-272.1558,4775.4472399999995,1.1331779331685374e-05,0.9999820276394933,0.4090664560221717,0.10678040182536079
Defect_L11_B107_el1463_H2_W2.npy,-272.1556,4775.44737,1.1371400937741518e-05,0.9999820533935373,0.4090656065416626,0.10678096970342146
Defect_L11_B108_el1465_H2_W2.npy,-272.15529999999995,4775.44737,1.1430833346831363e-05,0.9999820533935373,0.40906535056225674,0.10678150136350913
Defect_L11_B109_el1467_H2_W2.npy,-272.15529999999995,4775.45746,1.1430833346831363e-05,0.9999840523035628,0.40906514129340454,0.10678181420861561
Defect_L11_B10_el133_H2_W2.npy,-272.15680000000003,4775.44749,1.1133671301404657e-05,0.9999820771665009,0.40906504357394,0.10677888490417962
Defect_L11_B110_el1469_H2_W2.npy,-272.15569999999997,4775.45743,1.1351590134719077e-05,0.999984046360322,0.40906493315581854,0.10678199617656262
Defect_L11_B111_el1471_H2_W2.npy,-272.1587,4775.45738,1.0757266043888187e-05,0.9999840364549204,0.40906476396209274,0.10678216816996407
Defect_L11_B112_el1473_H2_W2.npy,-272.1592,4775.44738,1.065821202875346e-05,0.9999820553746176,0.4090646417929119,0.10678236476131299
Defect_L11_B113_el1475_H2_W2.npy,-272.1564,4775.44749,1.1212914513516944e-05,0.9999820771665009,0.4090645354360969,0.10678264987187008
Defect_L11_B114_el1477_H2_W2.npy,-272.15040000000005,4775.4478,1.24015626951562e-05,0.9999821385799904,0.4090644774189301,0.10678286129320373
Defect_L11_B115_el1479_H2_W2.npy,-272.152,4775.4683700000005,1.2084589846729575e-05,0.9999862136621732,0.40906445931909696,0.10678294897214197
Defect_L11_B116_el1481_H2_W2.npy,-272.1576,4775.478179999999,1.0975184877191346e-05,0.9999881571019499,0.4090644134292355,0.1067831643968701
Defect_L11_B117_el1483_H2_W2.npy,-272.1589,4775.46799,1.0717644437832045e-05,0.9999861383811216,0.4090644403645329,0.1067830260646289
Defect_L11_B118_el1485_H2_W2.npy,-272.15880000000004,4775.45808,1.0737455240854486e-05,0.9999841751305416,0.4090644481774171,0.10678295622181173
Defect_L11_B119_el1487_H2_W2.npy,-272.159,4775.45821,1.0697833634809603e-05,0.9999842008845855,0.40906442621781375,0.10678300538176946
Defect_L11_B11_el135_H2_W2.npy,-272.1578,4775.4478,1.0935563271135202e-05,0.9999821385799904,0.4090650002850354,0.10677963791229027
Defect_L11_B120_el1489_H2_W2.npy,-272.1589,4775.45824,1.0717644437832045e-05,0.9999842068278264,0.4090644885331876,0.10678276645986168
Defect_L11_B121_el1491_H2_W2.npy,-272.1577,4775.447999999999,1.0955374074168904e-05,0.9999821782015963,0.40906453113660224,0.10678264856910807
Defect_L11_B122_el1493_H2_W2.npy,-272.1566,4775.44787,1.1173292907460801e-05,0.9999821524475525,0.40906460986057547,0.10678240757825891
Defect_L11_B123_el1495_H2_W2.npy,-272.1567,4775.44776,1.115348210443836e-05,0.9999821306556692,0.4090647163993538,0.10678221084929007
Defect_L11_B124_el1497_H2_W2.npy,-272.1569,4775.44775,1.1113860498382217e-05,0.9999821286745889,0.4090648301008986,0.1067821564843353
Defect_L11_B125_el1499_H2_W2.npy,-272.1571,4775.437639999999,1.1074238892326073e-05,0.9999801258024026,0.40906497287803345,0.10678213071753066
Defect_L11_B126_el1501_H2_W2.npy,-272.15619999999996,4775.4375,1.1252536119584348e-05,0.9999800980672785,0.40906515636924384,0.1067821135457065
Defect_L11_B127_el1503_H2_W2.npy,-272.1565,4775.43726,1.1193103710494503e-05,0.9999800505213512,0.40906531859117534,0.10678197266643565
Defect_L11_B128_el1505_H2_W2.npy,-272.1557,4775.4271100000005,1.1351590134707816e-05,0.9999780397248441,0.4090655245908231,0.10678158386532546
Defect_L11_B129_el1507_H2_W2.npy,-272.1558,4775.42699,1.1331779331685374e-05,0.9999780159518804,0.4090663352664522,0.10678111000669456
Defect_L11_B12_el137_H2_W2.npy,-272.156,4775.44748,1.129215772562923e-05,0.9999820751854206,0.40906496973763395,0.10678033078773992
Defect_L11_B130_el1509_H2_W2.npy,-272.15659999999997,4775.4374,1.1173292907472062e-05,0.9999800782564755,0.4090653555629463,0.10677857919919458
Defect_L11_B13_el139_H2_W2.npy,-272.15700000000004,4775.44751,1.1094049695348515e-05,0.9999820811286616,0.40906493470988375,0.10678097226418255
Defect_L11_B14_el141_H2_W2.npy,-272.1571,4775.44757,1.1074238892326073e-05,0.9999820930151435,0.4090649047346418,0.10678157594920985
Defect_L11_B15_el143_H2_W2.npy,-272.1571,4775.44757,1.1074238892326073e-05,0.9999820930151435,0.40906486624557675,0.10678215620957533
Defect_L11_B16_el145_H2_W2.npy,-272.1571,4775.44757,1.1074238892326073e-05,0.9999820930151435,0.4090648371247131,0.10678272310408603
Defect_L11_B17_el147_H2_W2.npy,-272.1571,4775.44747,1.1074238892326073e-05,0.9999820732043404,0.4090648186747369,0.10678329230768739
Defect_L11_B18_el149_H2_W2.npy,-272.1571,4775.44747,1.1074238892326073e-05,0.9999820732043404,0.40906479594676126,0.10678387244890454
Defect_L11_B19_el151_H2_W2.npy,-272.1561,4775.447459999999,1.127234692260679e-05,0.99998207122326,0.4090647748598941,0.10678449111543326
Defect_L11_B1_el115_H2_W2.npy,-272.1561,4775.44732,1.127234692260679e-05,0.9999820434881359,0.40906583245424816,0.10676764234104172
Defect_L11_B20_el153_H2_W2.npy,-272.1561,4775.44734,1.127234692260679e-05,0.9999820474502964,0.40906475634106815,0.1067851780619279
Defect_L11_B21_el155_H2_W2.npy,-272.15619999999996,4775.44732,1.1252536119584348e-05,0.9999820434881359,0.40906475352092997,0.1067859654704459
Defect_L11_B22_el157_H2_W2.npy,-272.15619999999996,4775.44731,1.1252536119584348e-05,0.9999820415070555,0.40906478108967087,0.1067868843297875
Defect_L11_B23_el159_H2_W2.npy,-272.15619999999996,4775.4472,1.1252536119584348e-05,0.9999820197151721,0.40906485767033046,0.10678796387806211
Defect_L11_B24_el161_H2_W2.npy,-272.15619999999996,4775.44718,1.1252536119584348e-05,0.9999820157530116,0.4090650733834392,0.1067892200234308
Defect_L11_B25_el163_H2_W2.npy,-272.15619999999996,4775.44718,1.1252536119584348e-05,0.9999820157530116,0.4090657284630511,0.10679061346681396
Defect_L11_B26_el165_H2_W2.npy,-272.15619999999996,4775.44719,1.1252536119584348e-05,0.9999820177340919,0.4090663946890975,0.10679131318566634
Defect_L11_B27_el451_H2_W2.npy,-272.156,4775.4471699999995,1.129215772562923e-05,0.9999820137719312,0.4090655495823152,0.1067749160114213
Defect_L11_B28_el453_H2_W2.npy,-272.1561,4775.44733,1.127234692260679e-05,0.9999820454692161,0.40906621527478476,0.10677674201102615
Defect_L11_B29_el455_H2_W2.npy,-272.1561,4775.44734,1.127234692260679e-05,0.9999820474502964,0.4090655117313886,0.10677673641158865
Defect_L11_B2_el117_H2_W2.npy,-272.1561,4775.4473499999995,1.127234692260679e-05,0.9999820494313767,0.40906593581680495,0.10676932204667702
Defect_L11_B30_el457_H2_W2.npy,-272.156,4775.44744,1.129215772562923e-05,0.9999820672610995,0.409065325556622,0.10677703625625898
Defect_L11_B31_el459_H2_W2.npy,-272.1559,4775.44743,1.1311968528662932e-05,0.9999820652800192,0.4090651833704559,0.10677732075005657
Defect_L11_B32_el461_H2_W2.npy,-272.1559,4775.44744,1.1311968528662932e-05,0.9999820672610995,0.4090650489435207,0.10677760839304229
Defect_L11_B33_el463_H2_W2.npy,-272.1569,4775.44744,1.1113860498382217e-05,0.9999820672610995,0.4090649528373015,0.1067779671015403
Defect_L11_B34_el465_H2_W2.npy,-272.15680000000003,4775.44745,1.1133671301404657e-05,0.9999820692421797,0.409064880684718,0.10677839262154581
Defect_L11_B35_el467_H2_W2.npy,-272.1566,4775.44758,1.1173292907460801e-05,0.9999820949962237,0.40906482377515074,0.10677887186908805
Defect_L11_B36_el469_H2_W2.npy,-272.1554,4775.44752,1.1411022543797661e-05,0.9999820831097418,0.4090647855608977,0.10677938308617822
Defect_L11_B37_el471_H2_W2.npy,-272.15729999999996,4775.45789,1.103461728628119e-05,0.9999841374900158,0.409064763312478,0.1067799024660715
Defect_L11_B38_el473_H2_W2.npy,-272.1558,4775.4576,1.1331779331685374e-05,0.999984080038687,0.4090647492331287,0.10678042425703758
Defect_L11_B39_el475_H2_W2.npy,-272.1578,4775.45765,1.0935563271135202e-05,0.9999840899440886,0.4090647455785239,0.10678094759910058
Defect_L11_B3_el119_H2_W2.npy,-272.1561,4775.44745,1.127234692260679e-05,0.9999820692421797,0.40906557635176694,0.10677064566346439
Defect_L11_B40_el477_H2_W2.npy,-272.1569,4775.44772,1.1113860498382217e-05,0.999982122731348,0.40906474321471564,0.10678147222161163
Defect_L11_B41_el479_H2_W2.npy,-272.15700000000004,4775.4477099999995,1.1094049695348515e-05,0.9999821207502675,0.40906475747684623,0.10678201358891085
Defect_L11_B42_el481_H2_W2.npy,-272.15700000000004,4775.4477099999995,1.1094049695348515e-05,0.9999821207502675,0.40906477176426387,0.1067825532568622
Defect_L11_B43_el483_H2_W2.npy,-272.15700000000004,4775.4475999999995,1.1094049695348515e-05,0.9999820989583842,0.4090647989112045,0.10678308609697809
Defect_L11_B44_el485_H2_W2.npy,-272.15700000000004,4775.44758,1.1094049695348515e-05,0.9999820949962237,0.40906484248500463,0.10678362123957783
Defect_L11_B45_el487_H2_W2.npy,-272.15700000000004,4775.44747,1.1094049695348515e-05,0.9999820732043404,0.40906488944576735,0.10678417022567013
Defect_L11_B46_el489_H2_W2.npy,-272.1571,4775.447459999999,1.1074238892326073e-05,0.99998207122326,0.4090649645684705,0.10678475272720411
Defect_L11_B47_el491_H2_W2.npy,-272.1561,4775.44744,1.127234692260679e-05,0.9999820672610995,0.409065043757713,0.10678534287774133
Defect_L11_B48_el493_H2_W2.npy,-272.15619999999996,4775.44733,1.1252536119584348e-05,0.9999820454692161,0.4090651561727966,0.10678592787161105
Defect_L11_B49_el495_H2_W2.npy,-272.1563,4775.437209999999,1.1232725316550646e-05,0.9999800406159496,0.40906526504598406,0.10678643370885167
Defect_L11_B4_el121_H2_W2.npy,-272.1569,4775.447459999999,1.1113860498382217e-05,0.99998207122326,0.4090654665265896,0.10677221472877249
Defect_L11_B50_el497_H2_W2.npy,-272.1563,4775.43719,1.1232725316550646e-05,0.9999800366537891,0.4090654271863279,0.10678679047906012
Defect_L11_B51_el499_H2_W2.npy,-272.1563,4775.43719,1.1232725316550646e-05,0.9999800366537891,0.4090660367137348,0.10678711176146355
Defect_L11_B52_el501_H2_W2.npy,-272.1563,4775.44732,1.1232725316550646e-05,0.9999820434881359,0.4090654021089589,0.10678636657735215
Defect_L11_B53_el787_H2_W2.npy,-272.1549,4775.44703,1.151007655893239e-05,0.9999819860368071,0.4090654781489207,0.10677676778879507
Defect_L11_B54_el789_H2_W2.npy,-272.1561,4775.447209999999,1.127234692260679e-05,0.9999820216962524,0.40906632949453003,0.10677909847161066
Defect_L11_B55_el791_H2_W2.npy,-272.156,4775.44733,1.129215772562923e-05,0.9999820454692161,0.40906553188708017,0.10677933887016947
Defect_L11_B56_el793_H2_W2.npy,-272.1558,4775.44733,1.1331779331685374e-05,0.9999820454692161,0.4090653211737732,0.10677972584876616
Defect_L11_B57_el795_H2_W2.npy,-272.1558,4775.44733,1.1331779331685374e-05,0.9999820454692161,0.40906513850055737,0.10677996352490954
Defect_L11_B58_el797_H2_W2.npy,-272.1559,4775.4474199999995,1.1311968528662932e-05,0.9999820632989388,0.40906497787632523,0.10678013714516395
Defect_L11_B59_el799_H2_W2.npy,-272.15700000000004,4775.4474,1.1094049695348515e-05,0.9999820593367783,0.4090648509957292,0.10678033645721376
Defect_L11_B5_el123_H2_W2.npy,-272.1569,4775.44747,1.1113860498382217e-05,0.9999820732043404,0.4090653769472055,0.10677366581054891
Defect_L11_B60_el801_H2_W2.npy,-272.15700000000004,4775.4474199999995,1.1094049695348515e-05,0.9999820632989388,0.40906474773642354,0.10678057086769253
Defect_L11_B61_el803_H2_W2.npy,-272.1564,4775.447459999999,1.1212914513516944e-05,0.99998207122326,0.4090646697447492,0.10678084652939497
Defect_L11_B62_el805_H2_W2.npy,-272.15479999999997,4775.45753,1.1529887361966092e-05,0.9999840661711249,0.4090646227823523,0.1067811352915674
Defect_L11_B63_el807_H2_W2.npy,-272.1558,4775.45789,1.1331779331685374e-05,0.9999841374900158,0.4090646053517797,0.10678140473988766
Defect_L11_B64_el809_H2_W2.npy,-272.1566,4775.45772,1.1173292907460801e-05,0.9999841038116507,0.4090645893197754,0.10678166753949846
Defect_L11_B65_el811_H2_W2.npy,-272.1577,4775.45774,1.0955374074168904e-05,0.9999841077738113,0.4090645921421533,0.10678190467765748
Defect_L11_B66_el813_H2_W2.npy,-272.1578,4775.45782,1.0935563271135202e-05,0.9999841236224536,0.4090645955960571,0.10678214969706774
Defect_L11_B67_el815_H2_W2.npy,-272.1579,4775.45782,1.0915752468112762e-05,0.9999841236224536,0.40906461874392536,0.10678241392682891
Defect_L11_B68_el817_H2_W2.npy,-272.1569,4775.45783,1.1113860498382217e-05,0.9999841256035341,0.4090646344973954,0.1067826532067834
Defect_L11_B69_el819_H2_W2.npy,-272.15680000000003,4775.44772,1.1133671301404657e-05,0.999982122731348,0.40906467659757584,0.10678287875107256
Defect_L11_B6_el125_H2_W2.npy,-272.1569,4775.44747,1.1113860498382217e-05,0.9999820732043404,0.4090652875904996,0.10677495572411451
Defect_L11_B70_el821_H2_W2.npy,-272.15680000000003,4775.4477099999995,1.1133671301404657e-05,0.9999821207502675,0.40906472820040807,0.10678308010999717
Defect_L11_B71_el823_H2_W2.npy,-272.1569,4775.4475999999995,1.1113860498382217e-05,0.9999820989583842,0.4090648007673573,0.10678330009911188
Defect_L11_B72_el825_H2_W2.npy,-272.15700000000004,4775.44759,1.1094049695348515e-05,0.999982096977304,0.40906488899207044,0.10678356143967156
Defect_L11_B73_el827_H2_W2.npy,-272.1571,4775.44748,1.1074238892326073e-05,0.9999820751854206,0.4090650111424365,0.10678385314493355
Defect_L11_B74_el829_H2_W2.npy,-272.15619999999996,4775.44736,1.1252536119584348e-05,0.9999820514124571,0.40906515115115827,0.10678412758479688
Defect_L11_B75_el831_H2_W2.npy,-272.1563,4775.43733,1.1232725316550646e-05,0.9999800643889134,0.40906528119977403,0.10678429824054755
Defect_L11_B76_el833_H2_W2.npy,-272.1565,4775.437209999999,1.1193103710494503e-05,0.9999800406159496,0.40906546511902575,0.10678428252087573
Defect_L11_B77_el835_H2_W2.npy,-272.1565,4775.437099999999,1.1193103710494503e-05,0.9999800188240663,0.4090662057203791,0.10678422421224441
Defect_L11_B78_el837_H2_W2.npy,-272.15639999999996,4775.437349999999,1.1212914513528206e-05,0.9999800683510739,0.40906536900389695,0.10678254698263848
Defect_L11_B79_el1123_H2_W2.npy,-272.1548,4775.44691,1.152988736195483e-05,0.9999819622638434,0.40906545681395085,0.10677743328785341
Defect_L11_B7_el127_H2_W2.npy,-272.1569,4775.44749,1.1113860498382217e-05,0.9999820771665009,0.40906520869589175,0.10677610328438682
Defect_L11_B80_el1125_H2_W2.npy,-272.156,4775.447209999999,1.129215772562923e-05,0.9999820216962524,0.40906639830770103,0.1067800033112285
Defect_L11_B81_el1127_H2_W2.npy,-272.1558,4775.44733,1.1331779331685374e-05,0.9999820454692161,0.4090655642665564,0.10678044985323674
Defect_L11_B82_el1129_H2_W2.npy,-272.1556,4775.44734,1.1371400937741518e-05,0.9999820474502964,0.40906532889028846,0.10678094098087242
Defect_L11_B83_el1131_H2_W2.npy,-272.1556,4775.44733,1.1371400937741518e-05,0.9999820454692161,0.40906512997160865,0.10678122666089092
Defect_L11_B84_el1133_H2_W2.npy,-272.1558,4775.45731,1.1331779331685374e-05,0.9999840225873582,0.4090649401468439,0.10678140564102813
Defect_L11_B85_el1135_H2_W2.npy,-272.1572,4775.44739,1.1054428089303633e-05,0.999982057355698,0.4090647791834714,0.10678157525045087
Defect_L11_B86_el1137_H2_W2.npy,-272.1573,4775.4474,1.103461728626993e-05,0.9999820593367783,0.40906466814102194,0.1067817818541409
Defect_L11_B87_el1139_H2_W2.npy,-272.1562,4775.44747,1.1252536119573088e-05,0.9999820732043404,0.409064577945958,0.10678202822316904
Defect_L11_B88_el1141_H2_W2.npy,-272.1529,4775.44768,1.1906292619482562e-05,0.9999821148070268,0.4090645191756064,0.10678224280259538
Defect_L11_B89_el1143_H2_W2.npy,-272.15409999999997,4775.46805,1.1668562983156962e-05,0.9999861502676035,0.40906450120513876,0.10678241283336856
Defect_L11_B8_el129_H2_W2.npy,-272.1569,4775.44759,1.1113860498382217e-05,0.999982096977304,0.4090651425749511,0.10677713200011228
Defect_L11_B90_el1145_H2_W2.npy,-272.1564,4775.467930000001,1.1212914513516944e-05,0.9999861264946399,0.40906447733211193,0.10678257333294514
Defect_L11_B91_el1147_H2_W2.npy,-272.1577,4775.45786,1.0955374074168904e-05,0.999984131546775,0.40906448271476786,0.10678262429445133
Defect_L11_B92_el1149_H2_W2.npy,-272.1578,4775.45794,1.0935563271135202e-05,0.9999841473954174,0.4090644837634093,0.10678267584680624
Defect_L11_B93_el1151_H2_W2.npy,-272.1579,4775.45796,1.0915752468112762e-05,0.9999841513575779,0.4090645014846346,0.10678277004257491
Defect_L11_B94_el1153_H2_W2.npy,-272.1578,4775.45797,1.0935563271135202e-05,0.9999841533386583,0.40906453462634784,0.10678277523310745
Defect_L11_B95_el1155_H2_W2.npy,-272.1567,4775.44786,1.115348210443836e-05,0.9999821504664722,0.4090645750296085,0.1067827623000707
Defect_L11_B96_el1157_H2_W2.npy,-272.1567,4775.44774,1.115348210443836e-05,0.9999821266935085,0.409064641385935,0.10678270296547498
Defect_L11_B97_el1159_H2_W2.npy,-272.1567,4775.44773,1.115348210443836e-05,0.9999821247124282,0.4090647361136847,0.10678267624359553
Defect_L11_B98_el1161_H2_W2.npy,-272.1569,4775.44763,1.1113860498382217e-05,0.9999821049016252,0.4090648531765021,0.10678270841089511
Defect_L11_B99_el1163_H2_W2.npy,-272.1571,4775.44761,1.1074238892326073e-05,0.9999821009394646,0.40906497794748353,0.10678278101394766
Defect_L11_B9_el131_H2_W2.npy,-272.15680000000003,4775.44759,1.1133671301404657e-05,0.999982096977304,0.4090650874753461,0.10677804973504351
Defect_L12_B100_el1165_H2_W2.npy,-272.15770000000003,4775.43768,1.0955374074157644e-05,0.999980133726724,0.40906532371445764,0.10678466965640279
Defect_L12_B101_el1167_H2_W2.npy,-272.1568,4775.42731,1.113367130141592e-05,0.9999780793464501,0.40906550814506176,0.1067846888762584
Defect_L12_B102_el1169_H2_W2.npy,-272.1561,4775.427030000001,1.127234692260679e-05,0.9999780238762017,0.40906575211265706,0.10678444690628806
Defect_L12_B103_el1171_H2_W2.npy,-272.1562,4775.41679,1.1252536119573088e-05,0.9999759952499716,0.4090666359219337,0.10678407995604577
Defect_L12_B104_el1173_H2_W2.npy,-272.1562,4775.41704,1.1252536119573088e-05,0.9999760447769792,0.4090656162845838,0.10678142395753697
Defect_L12_B105_el1459_H2_W2.npy,-272.1517,4775.44586,1.214402225580816e-05,0.9999817542504116,0.4090658960317818,0.10677867722808172
Defect_L12_B106_el1461_H2_W2.npy,-272.1528,4775.44629,1.1926103422505002e-05,0.9999818394368646,0.40906696144211346,0.10678194081607052
Defect_L12_B107_el1463_H2_W2.npy,-272.1524,4775.44641,1.2005346634617288e-05,0.9999818632098282,0.40906596997891753,0.1067827510269092
Defect_L12_B108_el1465_H2_W2.npy,-272.152,4775.45652,1.2084589846729575e-05,0.9999838660820143,0.40906562600704144,0.10678345044399512
Defect_L12_B109_el1467_H2_W2.npy,-272.1528,4775.45662,1.1926103422505002e-05,0.9999838858928174,0.4090653261909153,0.10678385829107867
Defect_L12_B10_el133_H2_W2.npy,-272.1566,4775.44758,1.1173292907460801e-05,0.9999820949962237,0.4090651834618454,0.1067798110043535
Defect_L12_B110_el1469_H2_W2.npy,-272.1531,4775.46673,1.1866671013426418e-05,0.9999858887650035,0.40906504064285126,0.10678413126647986
Defect_L12_B111_el1471_H2_W2.npy,-272.1559,4775.466850000001,1.1311968528662932e-05,0.9999859125379672,0.4090648117403751,0.10678440245274914
Defect_L12_B112_el1473_H2_W2.npy,-272.1571,4775.45712,1.1074238892326073e-05,0.9999839849468325,0.4090646297096379,0.10678468650371718
Defect_L12_B113_el1475_H2_W2.npy,-272.1553,4775.45755,1.1430833346820103e-05,0.9999840701332856,0.4090644767742628,0.10678507214456902
Defect_L12_B114_el1477_H2_W2.npy,-272.1492,4775.468290000001,1.263929233149306e-05,0.9999861978135308,0.40906439834653624,0.10678536585855498
Defect_L12_B115_el1479_H2_W2.npy,-272.1526,4775.47877,1.1965725028561146e-05,0.9999882739856879,0.40906439291586355,0.10678553039649391
Defect_L12_B116_el1481_H2_W2.npy,-272.1614,4775.4890399999995,1.0222374362147144e-05,0.9999903085551588,0.40906436301924803,0.10678576306478559
Defect_L12_B117_el1483_H2_W2.npy,-272.16200000000003,4775.469120000001,1.0103509543978715e-05,0.9999863622431959,0.4090644259092095,0.10678554743811021
Defect_L12_B118_el1485_H2_W2.npy,-272.1621,4775.46922,1.0083698740956273e-05,0.9999863820539988,0.4090644709179014,0.10678533991139637
Defect_L12_B119_el1487_H2_W2.npy,-272.1622,4775.45939,1.0063887937933833e-05,0.9999844346520612,0.40906451577408737,0.10678516613346609
Defect_L12_B11_el135_H2_W2.npy,-272.1558,4775.4475299999995,1.1331779331685374e-05,0.9999820850908221,0.4090651373032033,0.10678088019556468
Defect_L12_B120_el1489_H2_W2.npy,-272.1621,4775.4594,1.0083698740956273e-05,0.9999844366331415,0.40906462578232144,0.10678467158381207
Defect_L12_B121_el1491_H2_W2.npy,-272.1599,4775.4490399999995,1.051953640756259e-05,0.9999823842339478,0.40906468325178325,0.10678434243374714
Defect_L12_B122_el1493_H2_W2.npy,-272.15880000000004,4775.44878,1.0737455240854486e-05,0.99998233272586,0.4090647824968835,0.10678395938228448
Defect_L12_B123_el1495_H2_W2.npy,-272.15900000000005,4775.44863,1.0697833634798342e-05,0.9999823030096555,0.40906490800851864,0.10678370430655282
Defect_L12_B124_el1497_H2_W2.npy,-272.1583,4775.43837,1.0836509256000475e-05,0.9999802704212648,0.4090650221460122,0.10678364403618297
Defect_L12_B125_el1499_H2_W2.npy,-272.1575,4775.437999999999,1.0994995680213786e-05,0.9999801971212935,0.409065170249828,0.10678363996949257
Defect_L12_B126_el1501_H2_W2.npy,-272.1568,4775.42762,1.113367130141592e-05,0.9999781407599395,0.40906535789019327,0.10678366224549263
Defect_L12_B127_el1503_H2_W2.npy,-272.1561,4775.41722,1.127234692260679e-05,0.9999760804364246,0.40906556127813776,0.10678354833465455
Defect_L12_B128_el1505_H2_W2.npy,-272.1553,4775.41681,1.1430833346820103e-05,0.9999759992121321,0.4090658020831042,0.10678313018011802
Defect_L12_B129_el1507_H2_W2.npy,-272.15560000000005,4775.40654,1.1371400937730256e-05,0.9999739646426612,0.4090667023926959,0.10678254774611438
Defect_L12_B12_el137_H2_W2.npy,-272.1569,4775.44765,1.1113860498382217e-05,0.9999821088637858,0.40906509844565503,0.10678185761045646
Defect_L12_B130_el1509_H2_W2.npy,-272.1555,4775.4067,1.1391211740763959e-05,0.999973996339946,0.40906562777397687,0.10677949850397667
Defect_L12_B13_el139_H2_W2.npy,-272.15700000000004,4775.44766,1.1094049695348515e-05,0.9999821108448661,0.40906505479953476,0.10678275244134387
Defect_L12_B14_el141_H2_W2.npy,-272.1571,4775.44766,1.1074238892326073e-05,0.9999821108448661,0.4090649988749124,0.10678357684103587
Defect_L12_B15_el143_H2_W2.npy,-272.1571,4775.44758,1.1074238892326073e-05,0.9999820949962237,0.40906496207849496,0.10678435865944404
Defect_L12_B16_el145_H2_W2.npy,-272.1571,4775.4475999999995,1.1074238892326073e-05,0.9999820989583842,0.4090649182798989,0.1067851043452952
Defect_L12_B17_el147_H2_W2.npy,-272.1571,4775.44761,1.1074238892326073e-05,0.9999821009394646,0.4090648754499711,0.10678584182762332
Defect_L12_B18_el149_H2_W2.npy,-272.1571,4775.4475999999995,1.1074238892326073e-05,0.9999820989583842,0.40906482411235506,0.10678659348066785
Defect_L12_B19_el151_H2_W2.npy,-272.1572,4775.44749,1.1054428089303633e-05,0.9999820771665009,0.4090647783555007,0.10678738256496402
Defect_L12_B1_el115_H2_W2.npy,-272.15619999999996,4775.44719,1.1252536119584348e-05,0.9999820177340919,0.4090660469001885,0.1067638124638192
Defect_L12_B20_el153_H2_W2.npy,-272.1572,4775.44748,1.1054428089303633e-05,0.9999820751854206,0.4090647235937381,0.10678825096801223
Defect_L12_B21_el155_H2_W2.npy,-272.15619999999996,4775.447459999999,1.1252536119584348e-05,0.99998207122326,0.409064684213011,0.10678924308205158
Defect_L12_B22_el157_H2_W2.npy,-272.15619999999996,4775.437349999999,1.1252536119584348e-05,0.9999800683510739,0.4090646570215079,0.10679039066237102
Defect_L12_B23_el159_H2_W2.npy,-272.1563,4775.43733,1.1232725316550646e-05,0.9999800643889134,0.40906469389868155,0.10679175892502084
Defect_L12_B24_el161_H2_W2.npy,-272.1563,4775.437209999999,1.1232725316550646e-05,0.9999800406159496,0.40906489008195734,0.10679338849780409
Defect_L12_B25_el163_H2_W2.npy,-272.1563,4775.437199999999,1.1232725316550646e-05,0.9999800386348694,0.40906562600649793,0.10679527077163248
Defect_L12_B26_el165_H2_W2.npy,-272.1563,4775.437209999999,1.1232725316550646e-05,0.9999800406159496,0.40906661238884023,0.10679650967012831
Defect_L12_B27_el451_H2_W2.npy,-272.1551,4775.447,1.1470454952876245e-05,0.9999819800935662,0.4090659092261284,0.10677439147462754
Defect_L12_B28_el453_H2_W2.npy,-272.1561,4775.44714,1.127234692260679e-05,0.9999820078286904,0.40906660363787467,0.10677648347700709
Defect_L12_B29_el455_H2_W2.npy,-272.156,4775.44716,1.129215772562923e-05,0.9999820117908509,0.4090657996084023,0.10677647801964339
Defect_L12_B2_el117_H2_W2.npy,-272.15619999999996,4775.44731,1.1252536119584348e-05,0.9999820415070555,0.4090661457638005,0.10676583903711574
Defect_L12_B30_el457_H2_W2.npy,-272.1559,4775.44716,1.1311968528662932e-05,0.9999820117908509,0.40906554759917985,0.10677678910952486
Defect_L12_B31_el459_H2_W2.npy,-272.15569999999997,4775.44726,1.1351590134719077e-05,0.999982031601654,0.4090653640017932,0.10677709943792582
Defect_L12_B32_el461_H2_W2.npy,-272.15569999999997,4775.44726,1.1351590134719077e-05,0.999982031601654,0.4090652116616305,0.10677744967664475
Defect_L12_B33_el463_H2_W2.npy,-272.15569999999997,4775.45727,1.1351590134719077e-05,0.999984014663037,0.40906508345482295,0.10677790721250797
Defect_L12_B34_el465_H2_W2.npy,-272.1556,4775.4574,1.1371400937741518e-05,0.999984040417081,0.409064993276362,0.10677846764567117
Defect_L12_B35_el467_H2_W2.npy,-272.15529999999995,4775.45756,1.1430833346831363e-05,0.9999840721143658,0.4090649310403424,0.10677911628086409
Defect_L12_B36_el469_H2_W2.npy,-272.156,4775.45774,1.129215772562923e-05,0.9999841077738113,0.40906487644505557,0.10677981839428315
Defect_L12_B37_el471_H2_W2.npy,-272.15529999999995,4775.45774,1.1430833346831363e-05,0.9999841077738113,0.40906485657554165,0.10678053877262622
Defect_L12_B38_el473_H2_W2.npy,-272.1576,4775.45785,1.0975184877191346e-05,0.9999841295656946,0.4090648398296263,0.1067812728868647
Defect_L12_B39_el475_H2_W2.npy,-272.1579,4775.45789,1.0915752468112762e-05,0.9999841374900158,0.4090648387802231,0.10678200384480316
Defect_L12_B3_el119_H2_W2.npy,-272.1561,4775.44731,1.127234692260679e-05,0.9999820415070555,0.4090657675042519,0.10676778042676972
Defect_L12_B40_el477_H2_W2.npy,-272.158,4775.45786,1.089594166507906e-05,0.999984131546775,0.409064842411023,0.10678273833492807
Defect_L12_B41_el479_H2_W2.npy,-272.1579,4775.45798,1.0915752468112762e-05,0.9999841553197386,0.40906486285833243,0.10678346924340183
Defect_L12_B42_el481_H2_W2.npy,-272.1579,4775.44788,1.0915752468112762e-05,0.9999821544286327,0.40906488121709483,0.10678419017293345
Defect_L12_B43_el483_H2_W2.npy,-272.1579,4775.44787,1.0915752468112762e-05,0.9999821524475525,0.40906490369213033,0.10678489661871551
Defect_L12_B44_el485_H2_W2.npy,-272.157,4775.44776,1.1094049695359775e-05,0.9999821306556692,0.40906494675372096,0.10678562910706506
Defect_L12_B45_el487_H2_W2.npy,-272.1571,4775.44775,1.1074238892326073e-05,0.9999821286745889,0.40906499180647565,0.10678638256039068
Defect_L12_B46_el489_H2_W2.npy,-272.1572,4775.44763,1.1054428089303633e-05,0.9999821049016252,0.40906507105548745,0.10678717828877811
Defect_L12_B47_el491_H2_W2.npy,-272.1573,4775.44761,1.103461728626993e-05,0.9999821009394646,0.4090651581783222,0.1067880030446243
Defect_L12_B48_el493_H2_W2.npy,-272.1574,4775.43748,1.1014806483247489e-05,0.9999800941051179,0.40906528314148777,0.10678883452313212
Defect_L12_B49_el495_H2_W2.npy,-272.15639999999996,4775.437349999999,1.1212914513528206e-05,0.9999800683510739,0.4090654080580888,0.10678957257038002
Defect_L12_B4_el121_H2_W2.npy,-272.156,4775.44731,1.129215772562923e-05,0.9999820415070555,0.4090656578317141,0.10677008404748206
Defect_L12_B50_el497_H2_W2.npy,-272.1565,4775.43722,1.1193103710494503e-05,0.99998004259703,0.4090655863699612,0.10679015749416337
Defect_L12_B51_el499_H2_W2.npy,-272.15659999999997,4775.43711,1.1173292907472062e-05,0.9999800208051467,0.40906625847719186,0.10679068804453123
Defect_L12_B52_el501_H2_W2.npy,-272.1565,4775.43722,1.1193103710494503e-05,0.99998004259703,0.4090655518489941,0.10678999643095112
Defect_L12_B53_el787_H2_W2.npy,-272.1551,4775.44659,1.1470454952876245e-05,0.9999818988692737,0.40906587886552703,0.10677710414482286
Defect_L12_B54_el789_H2_W2.npy,-272.15520000000004,4775.44687,1.1450644149842543e-05,0.9999819543395222,0.40906680015354435,0.10677992361796129
Defect_L12_B55_el791_H2_W2.npy,-272.15500000000003,4775.4468799999995,1.1490265755898687e-05,0.9999819563206024,0.4090658751167146,0.1067802812898873
Defect_L12_B56_el793_H2_W2.npy,-272.1547,4775.44698,1.1549698164988532e-05,0.9999819761314055,0.40906557463662935,0.10678073516638448
Defect_L12_B57_el795_H2_W2.npy,-272.1546,4775.4469899999995,1.1569508968010974e-05,0.9999819781124858,0.40906535056555965,0.10678101982111561
Defect_L12_B58_el797_H2_W2.npy,-272.1556,4775.4571,1.1371400937741518e-05,0.9999839809846719,0.40906513323515425,0.10678122165299352
Defect_L12_B59_el799_H2_W2.npy,-272.1556,4775.4572100000005,1.1371400937741518e-05,0.9999840027765553,0.4090649661492433,0.10678146566298069
Defect_L12_B5_el123_H2_W2.npy,-272.1559,4775.44732,1.1311968528662932e-05,0.9999820434881359,0.4090655697972154,0.10677222893708012
Defect_L12_B60_el801_H2_W2.npy,-272.1565,4775.45736,1.1193103710494503e-05,0.9999840324927599,0.4090648380646584,0.10678175245960837
Defect_L12_B61_el803_H2_W2.npy,-272.1549,4775.45754,1.151007655893239e-05,0.9999840681522053,0.40906474124486525,0.10678209591735587
Defect_L12_B62_el805_H2_W2.npy,-272.1543,4775.45776,1.1628941377100818e-05,0.9999841117359719,0.40906467834507854,0.10678245797458999
Defect_L12_B63_el807_H2_W2.npy,-272.15459999999996,4775.46791,1.1569508968022234e-05,0.9999861225324792,0.40906465778613005,0.1067828208070172
Defect_L12_B64_el809_H2_W2.npy,-272.15729999999996,4775.46809,1.103461728628119e-05,0.9999861581919247,0.40906463556934575,0.10678317136683234
Defect_L12_B65_el811_H2_W2.npy,-272.1587,4775.468150000001,1.0757266043888187e-05,0.9999861700784066,0.40906463611078464,0.10678347768272282
Defect_L12_B66_el813_H2_W2.npy,-272.15880000000004,4775.45824,1.0737455240854486e-05,0.9999842068278264,0.40906465449784835,0.10678377765938692
Defect_L12_B67_el815_H2_W2.npy,-272.1589,4775.45826,1.0717644437832045e-05,0.9999842107899871,0.4090646804905845,0.10678407482730909
Defect_L12_B68_el817_H2_W2.npy,-272.1589,4775.45827,1.0717644437832045e-05,0.9999842127710673,0.4090647174581261,0.10678434634705901
Defect_L12_B69_el819_H2_W2.npy,-272.1579,4775.44816,1.0915752468112762e-05,0.9999822098988812,0.4090647775736788,0.10678460675021341
Defect_L12_B6_el125_H2_W2.npy,-272.1559,4775.44733,1.1311968528662932e-05,0.9999820454692161,0.40906546390244625,0.10677413220845361
Defect_L12_B70_el821_H2_W2.npy,-272.1579,4775.44815,1.0915752468112762e-05,0.999982207917801,0.4090648398036334,0.10678486066565897
Defect_L12_B71_el823_H2_W2.npy,-272.15799999999996,4775.44803,1.089594166509032e-05,0.9999821841448372,0.4090649193154952,0.10678516749002756
Defect_L12_B72_el825_H2_W2.npy,-272.15819999999997,4775.4479,1.0856320059034178e-05,0.9999821583907934,0.409065014937275,0.10678553094180335
Defect_L12_B73_el827_H2_W2.npy,-272.1573,4775.43777,1.103461728626993e-05,0.9999801515564466,0.4090651416279165,0.10678593931495957
Defect_L12_B74_el829_H2_W2.npy,-272.1574,4775.437529999999,1.1014806483247489e-05,0.9999801040105193,0.40906529968864597,0.10678636431806142
Defect_L12_B75_el831_H2_W2.npy,-272.1567,4775.437379999999,1.115348210443836e-05,0.9999800742943148,0.40906544990403587,0.10678667066435554
Defect_L12_B76_el833_H2_W2.npy,-272.1568,4775.42713,1.113367130141592e-05,0.9999780436870046,0.40906565909207465,0.10678676064031101
Defect_L12_B77_el835_H2_W2.npy,-272.1559,4775.42701,1.1311968528662932e-05,0.999978019914041,0.40906649367687536,0.10678676057508375
Defect_L12_B78_el837_H2_W2.npy,-272.15689999999995,4775.427140000001,1.1113860498393477e-05,0.999978045668085,0.4090655803265038,0.10678486240160232
Defect_L12_B79_el1123_H2_W2.npy,-272.15299999999996,4775.4462699999995,1.188648181646012e-05,0.999981835474704,0.4090658957866983,0.10677813470961171
Defect_L12_B7_el127_H2_W2.npy,-272.1559,4775.44744,1.1311968528662932e-05,0.9999820672610995,0.40906537692103473,0.10677581648865023
Defect_L12_B80_el1125_H2_W2.npy,-272.1541,4775.44658,1.16685629831457e-05,0.9999818968881934,0.40906690775013815,0.10678130289904493
Defect_L12_B81_el1127_H2_W2.npy,-272.1537,4775.44669,1.1747806195257987e-05,0.9999819186800767,0.40906593238814093,0.1067819548175809
Defect_L12_B82_el1129_H2_W2.npy,-272.15340000000003,4775.4466999999995,1.1807238604336573e-05,0.999981920661157,0.40906560949940013,0.10678256958223213
Defect_L12_B83_el1131_H2_W2.npy,-272.1542,4775.45681,1.164875218012326e-05,0.9999839235333431,0.4090653428133378,0.10678293512330217
Defect_L12_B84_el1133_H2_W2.npy,-272.15430000000003,4775.45692,1.1628941377089558e-05,0.9999839453252264,0.40906507277813975,0.10678317658206572
Defect_L12_B85_el1135_H2_W2.npy,-272.1556,4775.45704,1.1371400937741518e-05,0.9999839690981901,0.40906487347224724,0.10678341811126282
Defect_L12_B86_el1137_H2_W2.npy,-272.1565,4775.4572,1.1193103710494503e-05,0.9999840007954749,0.40906472246505715,0.10678369450055339
Defect_L12_B87_el1139_H2_W2.npy,-272.1545,4775.45754,1.1589319771044676e-05,0.9999840681522053,0.40906459655141203,0.1067839988904869
Defect_L12_B88_el1141_H2_W2.npy,-272.15319999999997,4775.46805,1.1846860210403976e-05,0.9999861502676035,0.40906452749450195,0.10678428760252975
Defect_L12_B89_el1143_H2_W2.npy,-272.1538,4775.46831,1.1727995392235547e-05,0.9999862017756913,0.40906448709578136,0.10678450381696634
Defect_L12_B8_el129_H2_W2.npy,-272.15680000000003,4775.44745,1.1133671301404657e-05,0.9999820692421797,0.40906530258430457,0.10677730864254915
Defect_L12_B90_el1145_H2_W2.npy,-272.1592,4775.4784899999995,1.065821202875346e-05,0.9999882185154394,0.40906447652285594,0.10678470876080608
Defect_L12_B91_el1147_H2_W2.npy,-272.1597,4775.4685500000005,1.0559158013618732e-05,0.9999862493216186,0.4090644955371426,0.10678475123469136
Defect_L12_B92_el1149_H2_W2.npy,-272.1598,4775.468650000001,1.053934721058503e-05,0.9999862691324217,0.40906453243190266,0.1067847711892746
Defect_L12_B93_el1151_H2_W2.npy,-272.1599,4775.45869,1.051953640756259e-05,0.9999842959764401,0.4090645603776277,0.10678475822930726
Defect_L12_B94_el1153_H2_W2.npy,-272.1599,4775.4587,1.051953640756259e-05,0.9999842979575204,0.4090646217520904,0.10678465703398853
Defect_L12_B95_el1155_H2_W2.npy,-272.1589,4775.45858,1.0717644437832045e-05,0.9999842741845568,0.4090646856297416,0.10678454555328849
Defect_L12_B96_el1157_H2_W2.npy,-272.1589,4775.44845,1.0717644437832045e-05,0.99998226735021,0.40906476726646435,0.106784414568543
Defect_L12_B97_el1159_H2_W2.npy,-272.158,4775.44833,1.089594166507906e-05,0.9999822435772464,0.4090648773803693,0.10678435979992468
Defect_L12_B98_el1161_H2_W2.npy,-272.1582,4775.44809,1.0856320059022915e-05,0.9999821960313191,0.4090649969656037,0.10678441050250072
Defect_L12_B99_el1163_H2_W2.npy,-272.1574,4775.43794,1.1014806483247489e-05,0.9999801852348118,0.4090651314321124,0.10678452948205366
Defect_L12_B9_el131_H2_W2.npy,-272.1566,4775.44757,1.1173292907460801e-05,0.9999820930151435,0.4090652376583805,0.10677862754992008
Defect_L13_B100_el1165_H2_W2.npy,-272.1584,4775.437959999999,1.0816698452978033e-05,0.9999801891969723,0.40906521722151573,0.10678628131832113
Defect_L13_B101_el1167_H2_W2.npy,-272.15770000000003,4775.4376999999995,1.0955374074157644e-05,0.9999801376888845,0.409065451815364,0.10678629202307209
Defect_L13_B102_el1169_H2_W2.npy,-272.15689999999995,4775.42733,1.1113860498393477e-05,0.9999780833086107,0.4090657515245093,0.10678604007843946
Defect_L13_B103_el1171_H2_W2.npy,-272.1572,4775.42717,1.1054428089303633e-05,0.9999780516113258,0.40906661487908735,0.10678562222093775
Defect_L13_B104_el1173_H2_W2.npy,-272.1572,4775.42719,1.1054428089303633e-05,0.9999780555734865,0.4090660325765516,0.10678319368372666
Defect_L13_B105_el1459_H2_W2.npy,-272.1553,4775.43686,1.1430833346820103e-05,0.9999799712781391,0.4090662405642284,0.10677977824686899
Defect_L13_B106_el1461_H2_W2.npy,-272.1551,4775.43703,1.1470454952876245e-05,0.9999800049565043,0.40906683869074595,0.10678279700385053
Defect_L13_B107_el1463_H2_W2.npy,-272.1546,4775.437,1.1569508968010974e-05,0.9999799990132634,0.40906588046009995,0.10678363146991916
Defect_L13_B108_el1465_H2_W2.npy,-272.15310000000005,4775.44697,1.1866671013415157e-05,0.9999819741503252,0.4090654914613426,0.10678429457586854
Defect_L13_B109_el1467_H2_W2.npy,-272.15270000000004,4775.4570300000005,1.1945914225527444e-05,0.9999839671171099,0.4090651714226394,0.10678468630149926
Defect_L13_B10_el133_H2_W2.npy,-272.1561,4775.44723,1.127234692260679e-05,0.9999820256584131,0.4090651147675398,0.10678139511811377
Defect_L13_B110_el1469_H2_W2.npy,-272.1528,4775.45698,1.1926103422505002e-05,0.9999839572117083,0.4090648681855788,0.10678496964058933
Defect_L13_B111_el1471_H2_W2.npy,-272.1545,4775.45693,1.1589319771044676e-05,0.9999839473063068,0.40906463573688495,0.1067852600627223
Defect_L13_B112_el1473_H2_W2.npy,-272.1558,4775.4569,1.1331779331685374e-05,0.9999839413630659,0.4090644455498337,0.10678559242584697
Defect_L13_B113_el1475_H2_W2.npy,-272.1536,4775.45699,1.176761699829169e-05,0.9999839591927885,0.4090642850777766,0.10678604248935865
Defect_L13_B114_el1477_H2_W2.npy,-272.1485,4775.45709,1.2777967952683931e-05,0.9999839790035916,0.40906419132852134,0.10678646536486178
Defect_L13_B115_el1479_H2_W2.npy,-272.1555,4775.47844,1.1391211740763959e-05,0.9999882086100379,0.40906414695827203,0.10678681733245092
Defect_L13_B116_el1481_H2_W2.npy,-272.1552,4775.47827,1.1450644149853805e-05,0.9999881749316728,0.40906407593554106,0.10678724755234635
Defect_L13_B117_el1483_H2_W2.npy,-272.1585,4775.46763,1.0796887649944331e-05,0.9999860670622307,0.409064114143373,0.10678728316126943
Defect_L13_B118_el1485_H2_W2.npy,-272.1594,4775.45825,1.0618590422697316e-05,0.9999842088089067,0.4090641395136799,0.1067871981408067
Defect_L13_B119_el1487_H2_W2.npy,-272.1604,4775.45876,1.0420482392427861e-05,0.9999843098440022,0.40906417637764464,0.10678703619279158
Defect_L13_B11_el135_H2_W2.npy,-272.1601,4775.44786,1.0479914801506445e-05,0.9999821504664722,0.4090650627895429,0.10678249203664081
Defect_L13_B120_el1489_H2_W2.npy,-272.1595,4775.45896,1.0598779619674876e-05,0.9999843494656082,0.4090642743143731,0.10678647768654992
Defect_L13_B121_el1491_H2_W2.npy,-272.1594,4775.45887,1.0618590422697316e-05,0.9999843316358856,0.409064356986452,0.10678606248105994
Defect_L13_B122_el1493_H2_W2.npy,-272.1583,4775.45887,1.0836509256000475e-05,0.9999843316358856,0.409064467822234,0.10678560719759948
Defect_L13_B123_el1495_H2_W2.npy,-272.15860000000004,4775.44877,1.0777076846910629e-05,0.9999823307447797,0.4090646240941137,0.1067852949945742
Defect_L13_B124_el1497_H2_W2.npy,-272.1589,4775.44864,1.0717644437832045e-05,0.9999823049907357,0.4090647807990359,0.10678516975171505
Defect_L13_B125_el1499_H2_W2.npy,-272.15819999999997,4775.43851,1.0856320059034178e-05,0.9999802981563891,0.4090649769875081,0.10678511082264079
Defect_L13_B126_el1501_H2_W2.npy,-272.1585,4775.438139999999,1.0796887649944331e-05,0.9999802248564178,0.4090652151815106,0.10678508788243661
Defect_L13_B127_el1503_H2_W2.npy,-272.15790000000004,4775.427750000001,1.09157524681015e-05,0.9999781665139835,0.409065478841851,0.10678494910702122
Defect_L13_B128_el1505_H2_W2.npy,-272.1572,4775.42735,1.1054428089303633e-05,0.9999780872707712,0.4090658076627791,0.10678453164987114
Defect_L13_B129_el1507_H2_W2.npy,-272.1564,4775.41697,1.1212914513516944e-05,0.9999760309094171,0.40906668279090497,0.10678388574967033
Defect_L13_B12_el137_H2_W2.npy,-272.15470000000005,4775.44799,1.1549698164977271e-05,0.9999821762205161,0.40906501202025164,0.10678349432364931
Defect_L13_B130_el1509_H2_W2.npy,-272.1565,4775.4171,1.1193103710494503e-05,0.9999760566634609,0.4090660610098264,0.10678106638795767
Defect_L13_B13_el139_H2_W2.npy,-272.15700000000004,4775.44719,1.1094049695348515e-05,0.9999820177340919,0.4090649687829847,0.10678442861287872
Defect_L13_B14_el141_H2_W2.npy,-272.15700000000004,4775.4475299999995,1.1094049695348515e-05,0.9999820850908221,0.4090649246636299,0.10678529223830549
Defect_L13_B15_el143_H2_W2.npy,-272.1581,4775.44762,1.0876130862056618e-05,0.9999821029205449,0.40906489064527557,0.10678612279944756
Defect_L13_B16_el145_H2_W2.npy,-272.1573,4775.44766,1.103461728626993e-05,0.9999821108448661,0.4090648604885447,0.10678691598391939
Defect_L13_B17_el147_H2_W2.npy,-272.1572,4775.44765,1.1054428089303633e-05,0.9999821088637858,0.4090648214301404,0.10678771535907342
Defect_L13_B18_el149_H2_W2.npy,-272.1572,4775.44763,1.1054428089303633e-05,0.9999821049016252,0.4090647872610093,0.10678853727271212
Defect_L13_B19_el151_H2_W2.npy,-272.1572,4775.44751,1.1054428089303633e-05,0.9999820811286616,0.40906475490820443,0.1067894187769951
Defect_L13_B1_el115_H2_W2.npy,-272.1563,4775.44732,1.1232725316550646e-05,0.9999820434881359,0.4090661384229136,0.10676409577252284
Defect_L13_B20_el153_H2_W2.npy,-272.1572,4775.44749,1.1054428089303633e-05,0.9999820771665009,0.40906472851910824,0.10679040151300598
Defect_L13_B21_el155_H2_W2.npy,-272.1563,4775.43737,1.1232725316550646e-05,0.9999800723132345,0.4090647131655418,0.10679151721038513
Defect_L13_B22_el157_H2_W2.npy,-272.1563,4775.437349999999,1.1232725316550646e-05,0.9999800683510739,0.4090647451959399,0.10679282364497579
Defect_L13_B23_el159_H2_W2.npy,-272.15639999999996,4775.43733,1.1212914513528206e-05,0.9999800643889134,0.40906485280801275,0.10679436950346034
Defect_L13_B24_el161_H2_W2.npy,-272.15639999999996,4775.43722,1.1212914513528206e-05,0.99998004259703,0.4090651583645969,0.10679618217300975
Defect_L13_B25_el163_H2_W2.npy,-272.15639999999996,4775.437209999999,1.1212914513528206e-05,0.9999800406159496,0.409066032328974,0.10679820393144462
Defect_L13_B26_el165_H2_W2.npy,-272.15639999999996,4775.437209999999,1.1212914513528206e-05,0.9999800406159496,0.40906730382123524,0.1067994413412419
Defect_L13_B27_el451_H2_W2.npy,-272.1563,4775.43718,1.1232725316550646e-05,0.9999800346727088,0.4090660536374311,0.10677512783231795
Defect_L13_B28_el453_H2_W2.npy,-272.1563,4775.437209999999,1.1232725316550646e-05,0.9999800406159496,0.4090664325887252,0.10677698217016482
Defect_L13_B29_el455_H2_W2.npy,-272.15619999999996,4775.447209999999,1.1252536119584348e-05,0.9999820216962524,0.40906570454728786,0.10677714314485334
Defect_L13_B2_el117_H2_W2.npy,-272.1563,4775.44734,1.1232725316550646e-05,0.9999820474502964,0.40906610135176313,0.10676649611106775
Defect_L13_B30_el457_H2_W2.npy,-272.156,4775.4472,1.129215772562923e-05,0.9999820197151721,0.409065441989117,0.10677756728369625
Defect_L13_B31_el459_H2_W2.npy,-272.1558,4775.44729,1.1331779331685374e-05,0.9999820375448949,0.40906526426829465,0.10677800013572428
Defect_L13_B32_el461_H2_W2.npy,-272.15569999999997,4775.44729,1.1351590134719077e-05,0.9999820375448949,0.40906509037807587,0.10677848073821573
Defect_L13_B33_el463_H2_W2.npy,-272.15569999999997,4775.44729,1.1351590134719077e-05,0.9999820375448949,0.4090649584928951,0.10677907353509507
Defect_L13_B34_el465_H2_W2.npy,-272.1556,4775.44739,1.1371400937741518e-05,0.999982057355698,0.4090648765660326,0.10677977724908319
Defect_L13_B35_el467_H2_W2.npy,-272.1554,4775.44732,1.1411022543797661e-05,0.9999820434881359,0.40906480277617213,0.10678055658279835
Defect_L13_B36_el469_H2_W2.npy,-272.1545,4775.44718,1.1589319771044676e-05,0.9999820157530116,0.40906473877063615,0.10678139331400205
Defect_L13_B37_el471_H2_W2.npy,-272.15959999999995,4775.45796,1.0578968816652434e-05,0.9999841513575779,0.40906471273822237,0.10678225310948727
Defect_L13_B38_el473_H2_W2.npy,-272.1544,4775.45811,1.1609130574067116e-05,0.9999841810737824,0.40906469450338556,0.10678311996723185
Defect_L13_B39_el475_H2_W2.npy,-272.1566,4775.45733,1.1173292907460801e-05,0.9999840265495189,0.4090646874305779,0.10678396532402652
Defect_L13_B3_el119_H2_W2.npy,-272.15619999999996,4775.44734,1.1252536119584348e-05,0.9999820474502964,0.40906575673097584,0.10676885613159925
Defect_L13_B40_el477_H2_W2.npy,-272.1577,4775.45778,1.0955374074168904e-05,0.9999841156981325,0.40906470553241014,0.10678478658782188
Defect_L13_B41_el479_H2_W2.npy,-272.1578,4775.45787,1.0935563271135202e-05,0.9999841335278553,0.40906471824142354,0.1067855910646161
Defect_L13_B42_el481_H2_W2.npy,-272.1569,4775.44791,1.1113860498382217e-05,0.9999821603718737,0.40906475644644585,0.10678634892588294
Defect_L13_B43_el483_H2_W2.npy,-272.1579,4775.4479,1.0915752468112762e-05,0.9999821583907934,0.4090647942085976,0.10678711023707554
Defect_L13_B44_el485_H2_W2.npy,-272.1579,4775.44788,1.0915752468112762e-05,0.9999821544286327,0.4090648405539833,0.10678787272509878
Defect_L13_B45_el487_H2_W2.npy,-272.157,4775.44777,1.1094049695359775e-05,0.9999821326367494,0.40906491564727715,0.10678867303704818
Defect_L13_B46_el489_H2_W2.npy,-272.1571,4775.44775,1.1074238892326073e-05,0.9999821286745889,0.4090649998558605,0.10678950609838814
Defect_L13_B47_el491_H2_W2.npy,-272.1573,4775.44763,1.103461728626993e-05,0.9999821049016252,0.40906511327948714,0.1067903579271394
Defect_L13_B48_el493_H2_W2.npy,-272.1573,4775.4375,1.103461728626993e-05,0.9999800980672785,0.4090652497469528,0.10679120250127716
Defect_L13_B49_el495_H2_W2.npy,-272.15639999999996,4775.43737,1.1212914513528206e-05,0.9999800723132345,0.4090654144729019,0.10679196790180798
Defect_L13_B4_el121_H2_W2.npy,-272.1561,4775.4473499999995,1.127234692260679e-05,0.9999820494313767,0.40906562955038406,0.10677136663777734
Defect_L13_B50_el497_H2_W2.npy,-272.1565,4775.437239999999,1.1193103710494503e-05,0.9999800465591905,0.40906562176934724,0.10679255904147493
Defect_L13_B51_el499_H2_W2.npy,-272.1565,4775.43722,1.1193103710494503e-05,0.99998004259703,0.40906625713677075,0.10679305378621354
Defect_L13_B52_el501_H2_W2.npy,-272.1565,4775.437239999999,1.1193103710494503e-05,0.9999800465591905,0.4090658662931946,0.1067924965581271
Defect_L13_B53_el787_H2_W2.npy,-272.1554,4775.43694,1.1411022543797661e-05,0.9999799871267815,0.40906610178626396,0.10677812605644428
Defect_L13_B54_el789_H2_W2.npy,-272.15639999999996,4775.437089999999,1.1212914513528206e-05,0.999980016842986,0.40906662171277636,0.1067806593572374
Defect_L13_B55_el791_H2_W2.npy,-272.1561,4775.43708,1.127234692260679e-05,0.9999800148619058,0.40906575760586067,0.10678109789107221
Defect_L13_B56_el793_H2_W2.npy,-272.1548,4775.44716,1.152988736195483e-05,0.9999820117908509,0.4090654406938409,0.10678158038262964
Defect_L13_B57_el795_H2_W2.npy,-272.1545,4775.44715,1.1589319771044676e-05,0.9999820098097707,0.4090651965972161,0.10678189995737039
Defect_L13_B58_el797_H2_W2.npy,-272.1545,4775.44714,1.1589319771044676e-05,0.9999820078286904,0.409064975512113,0.10678217041797593
Defect_L13_B59_el799_H2_W2.npy,-272.15549999999996,4775.45712,1.1391211740775219e-05,0.9999839849468325,0.40906479135785856,0.10678249347539599
Defect_L13_B5_el123_H2_W2.npy,-272.1559,4775.4473499999995,1.1311968528662932e-05,0.9999820494313767,0.4090655167497421,0.10677362761161356
Defect_L13_B60_el801_H2_W2.npy,-272.1554,4775.45723,1.1411022543797661e-05,0.9999840067387159,0.40906465243769347,0.10678287444239837
Defect_L13_B61_el803_H2_W2.npy,-272.155,4775.45717,1.1490265755909947e-05,0.999983994852234,0.40906455974624273,0.10678332458913273
Defect_L13_B62_el805_H2_W2.npy,-272.1528,4775.45705,1.1926103422505002e-05,0.9999839710792704,0.409064483361336,0.10678380310848375
Defect_L13_B63_el807_H2_W2.npy,-272.159,4775.4681,1.0697833634809603e-05,0.9999861601730049,0.40906444566630606,0.1067843061317786
Defect_L13_B64_el809_H2_W2.npy,-272.1541,4775.45809,1.16685629831457e-05,0.9999841771116219,0.40906442347054706,0.10678479660663573
Defect_L13_B65_el811_H2_W2.npy,-272.1564,4775.45741,1.1212914513516944e-05,0.9999840423981613,0.40906442969753154,0.10678524300224795
Defect_L13_B66_el813_H2_W2.npy,-272.15749999999997,4775.45789,1.0994995680225048e-05,0.9999841374900158,0.40906443967875417,0.10678562986156583
Defect_L13_B67_el815_H2_W2.npy,-272.1585,4775.4581100000005,1.0796887649944331e-05,0.9999841810737826,0.40906445689486326,0.10678598202327573
Defect_L13_B68_el817_H2_W2.npy,-272.1577,4775.45817,1.0955374074168904e-05,0.9999841929602643,0.40906451990199044,0.10678626941611635
Defect_L13_B69_el819_H2_W2.npy,-272.1577,4775.45817,1.0955374074168904e-05,0.9999841929602643,0.4090645807639247,0.10678653972589082
Defect_L13_B6_el125_H2_W2.npy,-272.1559,4775.447459999999,1.1311968528662932e-05,0.99998207122326,0.40906540670883523,0.10677559229459822
Defect_L13_B70_el821_H2_W2.npy,-272.1577,4775.45816,1.0955374074168904e-05,0.999984190979184,0.40906466702741046,0.10678680660634755
Defect_L13_B71_el823_H2_W2.npy,-272.1579,4775.44815,1.0915752468112762e-05,0.999982207917801,0.40906476521776264,0.10678711893525503
Defect_L13_B72_el825_H2_W2.npy,-272.15799999999996,4775.44804,1.089594166509032e-05,0.9999821861259177,0.4090648830436701,0.10678749253162703
Defect_L13_B73_el827_H2_W2.npy,-272.15819999999997,4775.44791,1.0856320059034178e-05,0.9999821603718737,0.4090650356744989,0.10678790257838516
Defect_L13_B74_el829_H2_W2.npy,-272.1574,4775.437779999999,1.1014806483247489e-05,0.9999801535375269,0.40906522259518374,0.1067883075736143
Defect_L13_B75_el831_H2_W2.npy,-272.1575,4775.437529999999,1.0994995680213786e-05,0.9999801040105193,0.4090654206194291,0.10678861882348006
Defect_L13_B76_el833_H2_W2.npy,-272.1567,4775.43729,1.115348210443836e-05,0.9999800564645922,0.4090656777166826,0.10678870295397755
Defect_L13_B77_el835_H2_W2.npy,-272.15689999999995,4775.42715,1.1113860498393477e-05,0.9999780476491653,0.40906645843790884,0.10678865469190438
Defect_L13_B78_el837_H2_W2.npy,-272.15689999999995,4775.42727,1.1113860498393477e-05,0.9999780714221289,0.40906592910274314,0.10678695288590406
Defect_L13_B79_el1123_H2_W2.npy,-272.1554,4775.43683,1.1411022543797661e-05,0.9999799653348982,0.4090661699987004,0.10677923023895748
Defect_L13_B7_el127_H2_W2.npy,-272.15680000000003,4775.44748,1.1133671301404657e-05,0.9999820751854206,0.40906531373293537,0.10677731411908097
Defect_L13_B80_el1125_H2_W2.npy,-272.1553,4775.4369799999995,1.1430833346820103e-05,0.9999799950511027,0.40906674733513926,0.10678213901294682
Defect_L13_B81_el1127_H2_W2.npy,-272.1549,4775.43707,1.151007655893239e-05,0.9999800128808255,0.40906582491008825,0.10678282988312152
Defect_L13_B82_el1129_H2_W2.npy,-272.1545,4775.44704,1.1589319771044676e-05,0.9999819880178874,0.4090654648311308,0.10678343406301721
Defect_L13_B83_el1131_H2_W2.npy,-272.1542,4775.44702,1.164875218012326e-05,0.9999819840557267,0.40906517042431206,0.10678380307291954
Defect_L13_B84_el1133_H2_W2.npy,-272.1541,4775.457,1.16685629831457e-05,0.999983961173869,0.40906489537682134,0.1067840772694267
Defect_L13_B85_el1135_H2_W2.npy,-272.1545,4775.45697,1.1589319771044676e-05,0.999983955230628,0.4090646803901669,0.10678436586298289
Defect_L13_B86_el1137_H2_W2.npy,-272.15549999999996,4775.45706,1.1391211740775219e-05,0.9999839730603507,0.4090645097974207,0.1067846996070451
Defect_L13_B87_el1139_H2_W2.npy,-272.1537,4775.45712,1.1747806195257987e-05,0.9999839849468325,0.4090643857417594,0.10678510120882163
Defect_L13_B88_el1141_H2_W2.npy,-272.1519,4775.45704,1.2104400649752017e-05,0.9999839690981901,0.409064305373195,0.10678550374378487
Defect_L13_B89_el1143_H2_W2.npy,-272.1573,4775.46818,1.103461728626993e-05,0.9999861760216473,0.4090642530101695,0.10678587540817004
Defect_L13_B8_el129_H2_W2.npy,-272.15680000000003,4775.44747,1.1133671301404657e-05,0.9999820732043404,0.40906523958978547,0.10677883195053364
Defect_L13_B90_el1145_H2_W2.npy,-272.1549,4775.46818,1.151007655893239e-05,0.9999861760216473,0.409064214186304,0.10678623156250039
Defect_L13_B91_el1147_H2_W2.npy,-272.15729999999996,4775.46751,1.103461728628119e-05,0.9999860432892671,0.40906422477931814,0.10678644297474038
Defect_L13_B92_el1149_H2_W2.npy,-272.15840000000003,4775.45801,1.0816698452966773e-05,0.9999841612629795,0.4090642484082614,0.10678654169449818
Defect_L13_B93_el1151_H2_W2.npy,-272.1594,4775.45836,1.0618590422697316e-05,0.99998423060079,0.40906427258634015,0.1067865679549638
Defect_L13_B94_el1153_H2_W2.npy,-272.1585,4775.45855,1.0796887649944331e-05,0.9999842682413159,0.4090643476158193,0.10678643369179451
Defect_L13_B95_el1155_H2_W2.npy,-272.1585,4775.45855,1.0796887649944331e-05,0.9999842682413159,0.40906441604605914,0.1067862865235327
Defect_L13_B96_el1157_H2_W2.npy,-272.15860000000004,4775.45845,1.0777076846910629e-05,0.9999842484305128,0.40906451736461086,0.10678612867298856
Defect_L13_B97_el1159_H2_W2.npy,-272.1587,4775.45845,1.0757266043888187e-05,0.9999842484305128,0.40906465769888634,0.10678605647514601
Defect_L13_B98_el1161_H2_W2.npy,-272.15900000000005,4775.44834,1.0697833634798342e-05,0.9999822455583267,0.4090647960705162,0.10678608370439897
Defect_L13_B99_el1163_H2_W2.npy,-272.1582,4775.44821,1.0856320059022915e-05,0.9999822198042827,0.4090649884964362,0.10678617256008364
Defect_L13_B9_el131_H2_W2.npy,-272.1558,4775.44748,1.1331779331685374e-05,0.9999820751854206,0.40906517614186055,0.1067801794119385
Defect_L14_B100_el1165_H2_W2.npy,-272.1584,4775.44822,1.0816698452978033e-05,0.9999822217853631,0.40906522789225563,0.10678709895130825
Defect_L14_B101_el1167_H2_W2.npy,-272.1586,4775.437849999999,1.077707684692189e-05,0.999980167405089,0.4090654618726085,0.10678714029176453
Defect_L14_B102_el1169_H2_W2.npy,-272.1579,4775.427570000001,1.0915752468112762e-05,0.9999781308545381,0.40906574893492775,0.10678695740257113
Defect_L14_B103_el1171_H2_W2.npy,-272.15709999999996,4775.4272,1.1074238892337335e-05,0.9999780575545667,0.40906643118958663,0.106786570487572
Defect_L14_B104_el1173_H2_W2.npy,-272.1564,4775.41707,1.1212914513516944e-05,0.9999760507202201,0.4090663933418141,0.10678472305683692
Defect_L14_B105_el1459_H2_W2.npy,-272.1557,4775.427070000001,1.1351590134707816e-05,0.9999780318005229,0.4090666177877803,0.10678126928824745
Defect_L14_B106_el1461_H2_W2.npy,-272.1553,4775.437059999999,1.1430833346820103e-05,0.9999800108997451,0.40906661701632796,0.10678367117434687
Defect_L14_B107_el1463_H2_W2.npy,-272.1547,4775.437,1.1549698164988532e-05,0.9999799990132634,0.4090658499398596,0.10678446591218121
Defect_L14_B108_el1465_H2_W2.npy,-272.15310000000005,4775.44683,1.1866671013415157e-05,0.999981946415201,0.409065471016043,0.10678505048415085
Defect_L14_B109_el1467_H2_W2.npy,-272.1517,4775.45676,1.214402225580816e-05,0.9999839136279416,0.40906517242796836,0.10678540920786597
Defect_L14_B10_el133_H2_W2.npy,-272.1567,4775.44762,1.115348210443836e-05,0.9999821029205449,0.4090651334694155,0.10678229175527909
Defect_L14_B110_el1469_H2_W2.npy,-272.1516,4775.4566,1.2163833058841862e-05,0.9999838819306569,0.4090649013221029,0.10678569581390038
Defect_L14_B111_el1471_H2_W2.npy,-272.15290000000005,4775.45654,1.19062926194713e-05,0.999983870044175,0.409064674122884,0.10678600456098912
Defect_L14_B112_el1473_H2_W2.npy,-272.1532,4775.45651,1.1846860210392715e-05,0.9999838641009341,0.4090645045120254,0.10678637512816451
Defect_L14_B113_el1475_H2_W2.npy,-272.1526,4775.45668,1.1965725028561146e-05,0.9999838977792993,0.40906434124403784,0.10678683999146944
Defect_L14_B114_el1477_H2_W2.npy,-272.1514,4775.46694,1.2203454664886744e-05,0.9999859303676899,0.40906422485569555,0.10678733543105914
Defect_L14_B115_el1479_H2_W2.npy,-272.15220000000005,4775.46709,1.204496824066217e-05,0.9999859600838944,0.40906415190082285,0.10678780464781179
Defect_L14_B116_el1481_H2_W2.npy,-272.1571,4775.467180000001,1.1074238892326073e-05,0.9999859779136172,0.40906409641420194,0.10678832933356101
Defect_L14_B117_el1483_H2_W2.npy,-272.15729999999996,4775.46784,1.103461728628119e-05,0.9999861086649171,0.40906410774890384,0.1067884868868268
Defect_L14_B118_el1485_H2_W2.npy,-272.15810000000005,4775.4682,1.0876130862045357e-05,0.999986179983808,0.40906412991958013,0.10678841596078668
Defect_L14_B119_el1487_H2_W2.npy,-272.1591,4775.46874,1.06780228317759e-05,0.9999862869621443,0.4090641849007826,0.10678811302656482
Defect_L14_B11_el135_H2_W2.npy,-272.156,4775.4475,1.129215772562923e-05,0.9999820791475813,0.4090650812664526,0.1067833864430464
Defect_L14_B120_el1489_H2_W2.npy,-272.1591,4775.46904,1.06780228317759e-05,0.9999863463945534,0.40906430645628944,0.10678748108703097
Defect_L14_B121_el1491_H2_W2.npy,-272.1591,4775.4592,1.06780228317759e-05,0.9999843970115355,0.40906441720263703,0.1067869272861851
Defect_L14_B122_el1493_H2_W2.npy,-272.16029999999995,4775.45925,1.0440293195461563e-05,0.999984406916937,0.40906453663003534,0.10678642532665683
Defect_L14_B123_el1495_H2_W2.npy,-272.1596,4775.45926,1.0578968816641174e-05,0.9999844088980172,0.4090646912137865,0.10678610061708721
Defect_L14_B124_el1497_H2_W2.npy,-272.1599,4775.45905,1.051953640756259e-05,0.999984367295331,0.40906484768902235,0.1067859400919076
Defect_L14_B125_el1499_H2_W2.npy,-272.1602,4775.448899999999,1.0460103998484005e-05,0.9999823564988236,0.4090650322954459,0.1067858736209053
Defect_L14_B126_el1501_H2_W2.npy,-272.1594,4775.438529999999,1.0618590422697316e-05,0.9999803021185496,0.40906525333604415,0.10678584760651495
Defect_L14_B127_el1503_H2_W2.npy,-272.1588,4775.438139999999,1.0737455240865747e-05,0.9999802248564178,0.4090654861155161,0.10678574562484763
Defect_L14_B128_el1505_H2_W2.npy,-272.1581,4775.42762,1.0876130862056618e-05,0.9999781407599395,0.40906580655385233,0.10678541572080696
Defect_L14_B129_el1507_H2_W2.npy,-272.1564,4775.41711,1.1212914513516944e-05,0.9999760586445413,0.40906650323995086,0.10678483209388373
Defect_L14_B12_el137_H2_W2.npy,-272.15680000000003,4775.44732,1.1133671301404657e-05,0.9999820434881359,0.409065037854561,0.10678438511096205
Defect_L14_B130_el1509_H2_W2.npy,-272.1566,4775.41698,1.1173292907460801e-05,0.9999760328904973,0.4090664591825786,0.10678264161481242
Defect_L14_B13_el139_H2_W2.npy,-272.15700000000004,4775.44763,1.1094049695348515e-05,0.9999821049016252,0.4090649920584969,0.10678530646506418
Defect_L14_B14_el141_H2_W2.npy,-272.1571,4775.44761,1.1074238892326073e-05,0.9999821009394646,0.4090649503464789,0.10678616032950386
Defect_L14_B15_el143_H2_W2.npy,-272.1571,4775.44762,1.1074238892326073e-05,0.9999821029205449,0.4090649103958875,0.10678696526457705
Defect_L14_B16_el145_H2_W2.npy,-272.1571,4775.44763,1.1074238892326073e-05,0.9999821049016252,0.40906487284200627,0.10678774711610169
Defect_L14_B17_el147_H2_W2.npy,-272.1571,4775.44762,1.1074238892326073e-05,0.9999821029205449,0.4090648400456207,0.10678853360517693
Defect_L14_B18_el149_H2_W2.npy,-272.1572,4775.44762,1.1054428089303633e-05,0.9999821029205449,0.409064804359406,0.10678935328265497
Defect_L14_B19_el151_H2_W2.npy,-272.1572,4775.44761,1.1054428089303633e-05,0.9999821009394646,0.4090647665088045,0.10679024035866351
Defect_L14_B1_el115_H2_W2.npy,-272.1563,4775.44732,1.1232725316550646e-05,0.9999820434881359,0.40906620439748437,0.10676524984429545
Defect_L14_B20_el153_H2_W2.npy,-272.1572,4775.44749,1.1054428089303633e-05,0.9999820771665009,0.40906473393855797,0.10679121830641126
Defect_L14_B21_el155_H2_W2.npy,-272.1573,4775.43748,1.103461728626993e-05,0.9999800941051179,0.40906472358862883,0.10679234428548216
Defect_L14_B22_el157_H2_W2.npy,-272.1563,4775.43736,1.1232725316550646e-05,0.9999800703321543,0.4090647512570115,0.10679366349776324
Defect_L14_B23_el159_H2_W2.npy,-272.1563,4775.4373399999995,1.1232725316550646e-05,0.9999800663699936,0.40906487666191377,0.10679523281376022
Defect_L14_B24_el161_H2_W2.npy,-272.15639999999996,4775.43722,1.1212914513528206e-05,0.99998004259703,0.4090651979675506,0.1067970725543039
Defect_L14_B25_el163_H2_W2.npy,-272.15639999999996,4775.437209999999,1.1212914513528206e-05,0.9999800406159496,0.4090660729834922,0.10679908563809777
Defect_L14_B26_el165_H2_W2.npy,-272.15639999999996,4775.437209999999,1.1212914513528206e-05,0.9999800406159496,0.4090676401323548,0.10680032043737771
Defect_L14_B27_el451_H2_W2.npy,-272.15639999999996,4775.437209999999,1.1212914513528206e-05,0.9999800406159496,0.4090662629075873,0.10677647406954982
Defect_L14_B28_el453_H2_W2.npy,-272.15639999999996,4775.437209999999,1.1212914513528206e-05,0.9999800406159496,0.4090662037316492,0.10677771671884329
Defect_L14_B29_el455_H2_W2.npy,-272.15619999999996,4775.4472,1.1252536119584348e-05,0.9999820197151721,0.40906563132643464,0.10677794249777571
Defect_L14_B2_el117_H2_W2.npy,-272.15619999999996,4775.44732,1.1252536119584348e-05,0.9999820434881359,0.4090659675573773,0.10676737698029296
Defect_L14_B30_el457_H2_W2.npy,-272.1559,4775.4471699999995,1.1311968528662932e-05,0.9999820137719312,0.40906540089437937,0.10677835296531003
Defect_L14_B31_el459_H2_W2.npy,-272.1558,4775.44716,1.1331779331685374e-05,0.9999820117908509,0.4090652340473403,0.10677878454280595
Defect_L14_B32_el461_H2_W2.npy,-272.1556,4775.44714,1.1371400937741518e-05,0.9999820078286904,0.4090651011917807,0.10677930128858584
Defect_L14_B33_el463_H2_W2.npy,-272.1556,4775.44714,1.1371400937741518e-05,0.9999820078286904,0.4090649823351779,0.10677993189636403
Defect_L14_B34_el465_H2_W2.npy,-272.15549999999996,4775.45726,1.1391211740775219e-05,0.9999840126819568,0.40906489994956174,0.10678066141697168
Defect_L14_B35_el467_H2_W2.npy,-272.1554,4775.45731,1.1411022543797661e-05,0.9999840225873582,0.40906483254178694,0.10678147292975465
Defect_L14_B36_el469_H2_W2.npy,-272.1552,4775.45749,1.1450644149853805e-05,0.9999840582468037,0.4090647928005965,0.10678235040611088
Defect_L14_B37_el471_H2_W2.npy,-272.15549999999996,4775.45742,1.1391211740775219e-05,0.9999840443792416,0.40906475600430914,0.10678324923670852
Defect_L14_B38_el473_H2_W2.npy,-272.1564,4775.45735,1.1212914513516944e-05,0.9999840305116794,0.40906473761047474,0.10678414833758439
Defect_L14_B39_el475_H2_W2.npy,-272.1566,4775.45779,1.1173292907460801e-05,0.9999841176792129,0.4090647386388939,0.10678502438389328
Defect_L14_B3_el119_H2_W2.npy,-272.15619999999996,4775.44732,1.1252536119584348e-05,0.9999820434881359,0.40906570152521504,0.10676980296849423
Defect_L14_B40_el477_H2_W2.npy,-272.1567,4775.45785,1.115348210443836e-05,0.9999841295656946,0.409064747899671,0.10678584976737025
Defect_L14_B41_el479_H2_W2.npy,-272.1578,4775.45786,1.0935563271135202e-05,0.999984131546775,0.40906476917808043,0.10678662860331592
Defect_L14_B42_el481_H2_W2.npy,-272.1577,4775.45797,1.0955374074168904e-05,0.9999841533386583,0.40906480007627866,0.10678738182567651
Defect_L14_B43_el483_H2_W2.npy,-272.1578,4775.45798,1.0935563271135202e-05,0.9999841553197386,0.40906484675485233,0.10678812145468192
Defect_L14_B44_el485_H2_W2.npy,-272.1579,4775.44788,1.0915752468112762e-05,0.9999821544286327,0.4090648927874016,0.10678887139409811
Defect_L14_B45_el487_H2_W2.npy,-272.15799999999996,4775.44788,1.089594166509032e-05,0.9999821544286327,0.40906495564941975,0.10678965876329426
Defect_L14_B46_el489_H2_W2.npy,-272.157,4775.44787,1.1094049695359775e-05,0.9999821524475525,0.4090650365943583,0.1067904844748046
Defect_L14_B47_el491_H2_W2.npy,-272.1572,4775.44775,1.1054428089303633e-05,0.9999821286745889,0.40906513823195906,0.10679132759595054
Defect_L14_B48_el493_H2_W2.npy,-272.1573,4775.44763,1.103461728626993e-05,0.9999821049016252,0.4090652686656721,0.1067921646421643
Defect_L14_B49_el495_H2_W2.npy,-272.1574,4775.437489999999,1.1014806483247489e-05,0.9999800960861981,0.40906542197331913,0.10679293272187737
Defect_L14_B4_el121_H2_W2.npy,-272.1561,4775.44732,1.127234692260679e-05,0.9999820434881359,0.40906559869823683,0.10677231477644876
Defect_L14_B50_el497_H2_W2.npy,-272.1565,4775.43736,1.1193103710494503e-05,0.9999800703321543,0.4090656226182077,0.10679354108007112
Defect_L14_B51_el499_H2_W2.npy,-272.1565,4775.4372299999995,1.1193103710494503e-05,0.9999800445781103,0.40906611425255035,0.10679402047230958
Defect_L14_B52_el501_H2_W2.npy,-272.15659999999997,4775.4372299999995,1.1173292907472062e-05,0.9999800445781103,0.4090661413870667,0.10679375376128816
Defect_L14_B53_el787_H2_W2.npy,-272.15659999999997,4775.437089999999,1.1173292907472062e-05,0.999980016842986,0.4090663729358801,0.10677958032981931
Defect_L14_B54_el789_H2_W2.npy,-272.1565,4775.437089999999,1.1193103710494503e-05,0.999980016842986,0.40906636687664205,0.10678146290024328
Defect_L14_B55_el791_H2_W2.npy,-272.1551,4775.437059999999,1.1470454952876245e-05,0.9999800108997451,0.409065688955633,0.10678191916518681
Defect_L14_B56_el793_H2_W2.npy,-272.1548,4775.44703,1.152988736195483e-05,0.9999819860368071,0.40906540417977233,0.10678235686079231
Defect_L14_B57_el795_H2_W2.npy,-272.1545,4775.447,1.1589319771044676e-05,0.9999819800935662,0.40906516427070994,0.10678265713511641
Defect_L14_B58_el797_H2_W2.npy,-272.1544,4775.44697,1.1609130574067116e-05,0.9999819741503252,0.4090649721710839,0.10678294411238125
Defect_L14_B59_el799_H2_W2.npy,-272.1544,4775.45696,1.1609130574067116e-05,0.9999839532495478,0.40906480842519405,0.10678328564402335
Defect_L14_B5_el123_H2_W2.npy,-272.156,4775.44732,1.129215772562923e-05,0.9999820434881359,0.40906549304404854,0.10677456583255547
Defect_L14_B60_el801_H2_W2.npy,-272.15430000000003,4775.45697,1.1628941377089558e-05,0.999983955230628,0.40906468797751827,0.10678369194017155
Defect_L14_B61_el803_H2_W2.npy,-272.154,4775.45713,1.1688373786179403e-05,0.9999839869279128,0.4090645938322225,0.10678417679324095
Defect_L14_B62_el805_H2_W2.npy,-272.15479999999997,4775.45733,1.1529887361966092e-05,0.9999840265495189,0.4090645312107698,0.10678470918157773
Defect_L14_B63_el807_H2_W2.npy,-272.1541,4775.45736,1.16685629831457e-05,0.9999840324927599,0.40906448474912216,0.10678525612648929
Defect_L14_B64_el809_H2_W2.npy,-272.156,4775.45732,1.129215772562923e-05,0.9999840245684387,0.40906446531267526,0.10678580994949731
Defect_L14_B65_el811_H2_W2.npy,-272.15729999999996,4775.45777,1.103461728628119e-05,0.9999841137170522,0.4090644667630688,0.10678629422337166
Defect_L14_B66_el813_H2_W2.npy,-272.1574,4775.45795,1.1014806483247489e-05,0.9999841493764976,0.4090644907182878,0.10678670106795764
Defect_L14_B67_el815_H2_W2.npy,-272.1574,4775.45809,1.1014806483247489e-05,0.9999841771116219,0.40906452135381033,0.10678701625417764
Defect_L14_B68_el817_H2_W2.npy,-272.15840000000003,4775.45823,1.0816698452966773e-05,0.9999842048467462,0.4090645707804046,0.1067872651834379
Defect_L14_B69_el819_H2_W2.npy,-272.1585,4775.45825,1.0796887649944331e-05,0.9999842088089067,0.40906463834728896,0.10678749607864965
Defect_L14_B6_el125_H2_W2.npy,-272.1559,4775.44733,1.1311968528662932e-05,0.9999820454692161,0.4090654071673055,0.10677652904672465
Defect_L14_B70_el821_H2_W2.npy,-272.1587,4775.45828,1.0757266043888187e-05,0.9999842147521476,0.4090647148207552,0.1067877410134249
Defect_L14_B71_el823_H2_W2.npy,-272.1587,4775.45828,1.0757266043888187e-05,0.9999842147521476,0.4090648190982106,0.1067880494685678
Defect_L14_B72_el825_H2_W2.npy,-272.1579,4775.44817,1.0915752468112762e-05,0.9999822118799615,0.4090649292612918,0.10678840822315751
Defect_L14_B73_el827_H2_W2.npy,-272.15819999999997,4775.44805,1.0856320059034178e-05,0.9999821881069979,0.40906506774913454,0.10678880601478735
Defect_L14_B74_el829_H2_W2.npy,-272.1583,4775.44791,1.0836509256000475e-05,0.9999821603718737,0.40906524593485877,0.10678922034232145
Defect_L14_B75_el831_H2_W2.npy,-272.1575,4775.437669999999,1.0994995680213786e-05,0.9999801317456436,0.4090654315458084,0.1067895352433349
Defect_L14_B76_el833_H2_W2.npy,-272.1567,4775.4374099999995,1.115348210443836e-05,0.9999800802375557,0.40906568047081954,0.10678966449706177
Defect_L14_B77_el835_H2_W2.npy,-272.15689999999995,4775.42726,1.1113860498393477e-05,0.9999780694410486,0.40906628824178315,0.10678962506624981
Defect_L14_B78_el837_H2_W2.npy,-272.157,4775.427140000001,1.1094049695359775e-05,0.999978045668085,0.40906625547578773,0.10678840814238236
Defect_L14_B79_el1123_H2_W2.npy,-272.1556,4775.42699,1.1371400937741518e-05,0.9999780159518804,0.4090665164235574,0.10678072881445329
Defect_L14_B7_el127_H2_W2.npy,-272.1559,4775.44743,1.1311968528662932e-05,0.9999820652800192,0.4090653299401176,0.10677824981033615
Defect_L14_B80_el1125_H2_W2.npy,-272.1554,4775.437,1.1411022543797661e-05,0.9999799990132634,0.40906651501887287,0.10678299377076851
Defect_L14_B81_el1127_H2_W2.npy,-272.15500000000003,4775.43696,1.1490265755898687e-05,0.9999799910889422,0.40906578087959455,0.10678366805649156
Defect_L14_B82_el1129_H2_W2.npy,-272.1535,4775.44691,1.1787427801314131e-05,0.9999819622638434,0.4090654313590996,0.10678420714877
Defect_L14_B83_el1131_H2_W2.npy,-272.1532,4775.44676,1.1846860210392715e-05,0.9999819325476389,0.40906515043978287,0.10678454152099627
Defect_L14_B84_el1133_H2_W2.npy,-272.153,4775.45672,1.188648181644886e-05,0.9999839057036204,0.40906490972847864,0.10678482580280053
Defect_L14_B85_el1135_H2_W2.npy,-272.15310000000005,4775.45669,1.1866671013415157e-05,0.9999838997603795,0.40906470807403855,0.10678513776661307
Defect_L14_B86_el1137_H2_W2.npy,-272.1541,4775.45679,1.16685629831457e-05,0.9999839195711826,0.4090645578990529,0.10678550246361895
Defect_L14_B87_el1139_H2_W2.npy,-272.1537,4775.4568500000005,1.1747806195257987e-05,0.9999839314576644,0.4090644286173767,0.10678592438304363
Defect_L14_B88_el1141_H2_W2.npy,-272.1531,4775.45717,1.1866671013426418e-05,0.999983994852234,0.40906433766269884,0.1067863788581039
Defect_L14_B89_el1143_H2_W2.npy,-272.1536,4775.46723,1.176761699829169e-05,0.9999859878190186,0.4090642768128896,0.10678683002004531
Defect_L14_B8_el129_H2_W2.npy,-272.1558,4775.44745,1.1331779331685374e-05,0.9999820692421797,0.409065247685006,0.10677975139715454
Defect_L14_B90_el1145_H2_W2.npy,-272.15590000000003,4775.46726,1.1311968528651672e-05,0.9999859937622596,0.40906424593524315,0.10678726452334941
Defect_L14_B91_el1147_H2_W2.npy,-272.1571,4775.46785,1.1074238892326073e-05,0.9999861106459974,0.409064237716918,0.10678753997693333
Defect_L14_B92_el1149_H2_W2.npy,-272.1572,4775.46807,1.1054428089303633e-05,0.999986154229764,0.40906427079325347,0.1067876572572844
Defect_L14_B93_el1151_H2_W2.npy,-272.1582,4775.46836,1.0856320059022915e-05,0.9999862116810928,0.4090643210803985,0.10678761109013127
Defect_L14_B94_el1153_H2_W2.npy,-272.1582,4775.46852,1.0856320059022915e-05,0.9999862433783777,0.40906440663465476,0.10678741631322636
Defect_L14_B95_el1155_H2_W2.npy,-272.15830000000005,4775.45867,1.0836509255989213e-05,0.9999842920142794,0.409064482139378,0.1067871921167988
Defect_L14_B96_el1157_H2_W2.npy,-272.1594,4775.4587,1.0618590422697316e-05,0.9999842979575204,0.409064586492871,0.10678700608789847
Defect_L14_B97_el1159_H2_W2.npy,-272.1596,4775.45871,1.0578968816641174e-05,0.9999842999386006,0.4090647210954971,0.10678691490735524
Defect_L14_B98_el1161_H2_W2.npy,-272.1589,4775.45861,1.0717644437832045e-05,0.9999842801277976,0.4090648568766619,0.10678691516956378
Defect_L14_B99_el1163_H2_W2.npy,-272.1591,4775.448469999999,1.06780228317759e-05,0.9999822713123705,0.40906502977195475,0.10678699810014915
Defect_L14_B9_el131_H2_W2.npy,-272.1567,4775.44747,1.115348210443836e-05,0.9999820732043404,0.4090651834513344,0.1067810877185281
Defect_L15_B100_el1165_H2_W2.npy,-272.1583,4775.447929999999,1.0836509256000475e-05,0.9999821643340342,0.40906482678513445,0.10678412710184967
Defect_L15_B101_el1167_H2_W2.npy,-272.1575,4775.437669999999,1.0994995680213786e-05,0.9999801317456436,0.4090650201386828,0.10678422330295176
Defect_L15_B102_el1169_H2_W2.npy,-272.1567,4775.4374,1.115348210443836e-05,0.9999800782564755,0.40906525099145596,0.10678420294928376
Defect_L15_B103_el1171_H2_W2.npy,-272.1558,4775.42702,1.1331779331685374e-05,0.9999780218951213,0.409065648939354,0.10678399996339744
Defect_L15_B104_el1173_H2_W2.npy,-272.1561,4775.4268600000005,1.127234692260679e-05,0.9999779901978365,0.40906602176853996,0.10678312895736225
Defect_L15_B105_el1459_H2_W2.npy,-272.1565,4775.437279999999,1.1193103710494503e-05,0.9999800544835117,0.4090662331414794,0.10678087986738825
Defect_L15_B106_el1461_H2_W2.npy,-272.1559,4775.437279999999,1.1311968528662932e-05,0.9999800544835117,0.4090657983567604,0.10678211756380829
Defect_L15_B107_el1463_H2_W2.npy,-272.1544,4775.44726,1.1609130574067116e-05,0.999982031601654,0.4090653277202662,0.10678260554844293
Defect_L15_B108_el1465_H2_W2.npy,-272.1539,4775.44725,1.1708184589201844e-05,0.9999820296205738,0.40906501638071746,0.10678289245177149
Defect_L15_B109_el1467_H2_W2.npy,-272.1535,4775.45723,1.1787427801314131e-05,0.9999840067387159,0.40906477198195734,0.1067830709639367
Defect_L15_B10_el133_H2_W2.npy,-272.15659999999997,4775.44743,1.1173292907472062e-05,0.9999820652800192,0.40906486925499114,0.1067800442761738
Defect_L15_B110_el1469_H2_W2.npy,-272.15220000000005,4775.45721,1.204496824066217e-05,0.9999840027765552,0.40906457041938293,0.10678322238981393
Defect_L15_B111_el1471_H2_W2.npy,-272.15220000000005,4775.45717,1.204496824066217e-05,0.999983994852234,0.4090644117714426,0.10678340216969474
Defect_L15_B112_el1473_H2_W2.npy,-272.1526,4775.45709,1.1965725028561146e-05,0.9999839790035916,0.40906427249433114,0.1067836184505486
Defect_L15_B113_el1475_H2_W2.npy,-272.15310000000005,4775.45702,1.1866671013415157e-05,0.9999839651360295,0.4090641710428886,0.1067838890419469
Defect_L15_B114_el1477_H2_W2.npy,-272.1537,4775.45696,1.1747806195257987e-05,0.9999839532495478,0.4090640900437924,0.1067842131271632
Defect_L15_B115_el1479_H2_W2.npy,-272.1606,4775.45737,1.0380860786371719e-05,0.9999840344738401,0.4090640176584295,0.10678458270468447
Defect_L15_B116_el1481_H2_W2.npy,-272.1548,4775.46889,1.152988736195483e-05,0.9999863166783489,0.4090639751112355,0.10678495012130479
Defect_L15_B117_el1483_H2_W2.npy,-272.1552,4775.45731,1.1450644149853805e-05,0.9999840225873582,0.40906396275099444,0.10678511755122996
Defect_L15_B118_el1485_H2_W2.npy,-272.1569,4775.45787,1.1113860498382217e-05,0.9999841335278553,0.40906399531102217,0.1067850695834124
Defect_L15_B119_el1487_H2_W2.npy,-272.1587,4775.45838,1.0757266043888187e-05,0.9999842345629507,0.40906404834848104,0.10678476597110133
Defect_L15_B11_el135_H2_W2.npy,-272.1611,4775.44768,1.028180677123699e-05,0.9999821148070268,0.4090648315303577,0.10678084993432212
Defect_L15_B120_el1489_H2_W2.npy,-272.15810000000005,4775.4588,1.0876130862045357e-05,0.9999843177683234,0.40906413709115735,0.10678426975084324
Defect_L15_B121_el1491_H2_W2.npy,-272.1592,4775.45888,1.065821202875346e-05,0.9999843336169658,0.40906422490775934,0.10678383757446029
Defect_L15_B122_el1493_H2_W2.npy,-272.1593,4775.459,1.0638401225731018e-05,0.9999843573899294,0.40906432703992807,0.10678352464270496
Defect_L15_B123_el1495_H2_W2.npy,-272.1595,4775.45889,1.0598779619674876e-05,0.9999843355980461,0.40906441868281607,0.10678334623131529
Defect_L15_B124_el1497_H2_W2.npy,-272.15880000000004,4775.44874,1.0737455240854486e-05,0.9999823248015388,0.40906453302535817,0.10678328386078109
Defect_L15_B125_el1499_H2_W2.npy,-272.1591,4775.44848,1.06780228317759e-05,0.9999822732934509,0.4090646693857728,0.10678328499941082
Defect_L15_B126_el1501_H2_W2.npy,-272.1584,4775.43811,1.0816698452978033e-05,0.999980218913177,0.40906481797380057,0.10678331385689219
Defect_L15_B127_el1503_H2_W2.npy,-272.1575,4775.437819999999,1.0994995680213786e-05,0.9999801614618481,0.40906501342206114,0.10678331810811674
Defect_L15_B128_el1505_H2_W2.npy,-272.1568,4775.427430000001,1.113367130141592e-05,0.9999781031194138,0.40906527686317157,0.10678319854042868
Defect_L15_B129_el1507_H2_W2.npy,-272.1561,4775.427030000001,1.127234692260679e-05,0.9999780238762017,0.4090656901428953,0.10678285976271902
Defect_L15_B12_el137_H2_W2.npy,-272.1557,4775.4491499999995,1.1351590134707816e-05,0.9999824060258311,0.4090647999357016,0.10678158918838279
Defect_L15_B130_el1509_H2_W2.npy,-272.15520000000004,4775.41665,1.1450644149842543e-05,0.9999759675148474,0.40906608837232,0.10678177642019274
Defect_L15_B13_el139_H2_W2.npy,-272.1552,4775.4472,1.1450644149853805e-05,0.9999820197151721,0.4090647696705275,0.1067822662174887
Defect_L15_B14_el141_H2_W2.npy,-272.15700000000004,4775.44745,1.1094049695348515e-05,0.9999820692421797,0.4090647470132713,0.10678290270648107
Defect_L15_B15_el143_H2_W2.npy,-272.158,4775.44754,1.089594166507906e-05,0.9999820870719025,0.4090647119544027,0.10678348717478917
Defect_L15_B16_el145_H2_W2.npy,-272.1572,4775.447639999999,1.1054428089303633e-05,0.9999821068827054,0.40906468762270254,0.10678406025150775
Defect_L15_B17_el147_H2_W2.npy,-272.1572,4775.44765,1.1054428089303633e-05,0.9999821088637858,0.4090646710580842,0.1067846363838414
Defect_L15_B18_el149_H2_W2.npy,-272.1572,4775.4475299999995,1.1054428089303633e-05,0.9999820850908221,0.40906463939032867,0.10678523887775795
Defect_L15_B19_el151_H2_W2.npy,-272.1572,4775.437489999999,1.1054428089303633e-05,0.9999800960861981,0.4090646224386498,0.10678589542624004
Defect_L15_B1_el115_H2_W2.npy,-272.15619999999996,4775.44734,1.1252536119584348e-05,0.9999820474502964,0.4090660458977318,0.10676902300540402
Defect_L15_B20_el153_H2_W2.npy,-272.15619999999996,4775.43737,1.1252536119584348e-05,0.9999800723132345,0.40906460835763414,0.10678662357765946
Defect_L15_B21_el155_H2_W2.npy,-272.15619999999996,4775.4373399999995,1.1252536119584348e-05,0.9999800663699936,0.40906459393552863,0.1067874493947605
Defect_L15_B22_el157_H2_W2.npy,-272.1563,4775.43722,1.1232725316550646e-05,0.99998004259703,0.4090646103291333,0.10678841436576987
Defect_L15_B23_el159_H2_W2.npy,-272.1563,4775.437199999999,1.1232725316550646e-05,0.9999800386348694,0.4090647004974659,0.10678956965980715
Defect_L15_B24_el161_H2_W2.npy,-272.1563,4775.43718,1.1232725316550646e-05,0.9999800346727088,0.40906494518050596,0.10679092876397421
Defect_L15_B25_el163_H2_W2.npy,-272.1563,4775.437169999999,1.1232725316550646e-05,0.9999800326916284,0.4090655384691452,0.10679239217758972
Defect_L15_B26_el165_H2_W2.npy,-272.1563,4775.43718,1.1232725316550646e-05,0.9999800346727088,0.40906677379758277,0.10679327787911527
Defect_L15_B27_el451_H2_W2.npy,-272.15639999999996,4775.44733,1.1212914513528206e-05,0.9999820454692161,0.40906599677358085,0.10677734205175543
Defect_L15_B28_el453_H2_W2.npy,-272.15619999999996,4775.44734,1.1252536119584348e-05,0.9999820474502964,0.40906564847424015,0.10677778038430173
Defect_L15_B29_el455_H2_W2.npy,-272.156,4775.44734,1.129215772562923e-05,0.9999820474502964,0.40906529535117636,0.10677792181337276
Defect_L15_B2_el117_H2_W2.npy,-272.1571,4775.447459999999,1.1074238892326073e-05,0.99998207122326,0.4090656313357619,0.10676996684937659
Defect_L15_B30_el457_H2_W2.npy,-272.1558,4775.44733,1.1331779331685374e-05,0.9999820454692161,0.40906509008060976,0.10677812497917658
Defect_L15_B31_el459_H2_W2.npy,-272.15569999999997,4775.44733,1.1351590134719077e-05,0.9999820454692161,0.4090649396094932,0.10677834366307405
Defect_L15_B32_el461_H2_W2.npy,-272.15549999999996,4775.44732,1.1391211740775219e-05,0.9999820434881359,0.40906481206878265,0.10677864466777348
Defect_L15_B33_el463_H2_W2.npy,-272.15549999999996,4775.44741,1.1391211740775219e-05,0.9999820613178585,0.4090647206800068,0.10677902725470322
Defect_L15_B34_el465_H2_W2.npy,-272.1556,4775.44736,1.1371400937741518e-05,0.9999820514124571,0.4090646464618512,0.10677948526842464
Defect_L15_B35_el467_H2_W2.npy,-272.1548,4775.4472399999995,1.152988736195483e-05,0.9999820276394933,0.4090645984368285,0.10678001499502347
Defect_L15_B36_el469_H2_W2.npy,-272.1552,4775.44726,1.1450644149853805e-05,0.999982031601654,0.40906455130039904,0.10678058751117188
Defect_L15_B37_el471_H2_W2.npy,-272.1615,4775.45743,1.0202563559124704e-05,0.999984046360322,0.40906452581681557,0.10678119570370549
Defect_L15_B38_el473_H2_W2.npy,-272.1542,4775.4589,1.164875218012326e-05,0.9999843375791263,0.4090645091657525,0.10678180973161526
Defect_L15_B39_el475_H2_W2.npy,-272.1559,4775.4572,1.1311968528662932e-05,0.9999840007954749,0.4090645011692445,0.106782401202003
Defect_L15_B3_el119_H2_W2.npy,-272.15700000000004,4775.447459999999,1.1094049695348515e-05,0.99998207122326,0.409065413104739,0.10677144331172683
Defect_L15_B40_el477_H2_W2.npy,-272.1566,4775.4575700000005,1.1173292907460801e-05,0.9999840740954462,0.40906451848642583,0.10678296440483892
Defect_L15_B41_el479_H2_W2.npy,-272.1576,4775.45777,1.0975184877191346e-05,0.9999841137170522,0.40906453417494426,0.10678348063104318
Defect_L15_B42_el481_H2_W2.npy,-272.1579,4775.4478899999995,1.0915752468112762e-05,0.999982156409713,0.4090645595600016,0.10678397736163872
Defect_L15_B43_el483_H2_W2.npy,-272.1578,4775.44791,1.0935563271135202e-05,0.9999821603718737,0.40906459371274884,0.10678447812562601
Defect_L15_B44_el485_H2_W2.npy,-272.1579,4775.4479,1.0915752468112762e-05,0.9999821583907934,0.4090646427149303,0.10678502191512068
Defect_L15_B45_el487_H2_W2.npy,-272.1571,4775.44777,1.1074238892326073e-05,0.9999821326367494,0.4090646900482152,0.10678560215431969
Defect_L15_B46_el489_H2_W2.npy,-272.1571,4775.447639999999,1.1074238892326073e-05,0.9999821068827054,0.4090647590816046,0.10678621447929251
Defect_L15_B47_el491_H2_W2.npy,-272.1572,4775.44761,1.1054428089303633e-05,0.9999821009394646,0.40906484023461037,0.106786851306838
Defect_L15_B48_el493_H2_W2.npy,-272.1572,4775.44748,1.1054428089303633e-05,0.9999820751854206,0.4090649431010826,0.10678748549771729
Defect_L15_B49_el495_H2_W2.npy,-272.1563,4775.437349999999,1.1232725316550646e-05,0.9999800683510739,0.4090650701064994,0.10678809063084685
Defect_L15_B4_el121_H2_W2.npy,-272.15700000000004,4775.44748,1.1094049695348515e-05,0.9999820751854206,0.4090652848196179,0.10677305040038626
Defect_L15_B50_el497_H2_W2.npy,-272.15639999999996,4775.43722,1.1212914513528206e-05,0.99998004259703,0.4090652423909299,0.1067885903828927
Defect_L15_B51_el499_H2_W2.npy,-272.1565,4775.437089999999,1.1193103710494503e-05,0.999980016842986,0.40906552702751253,0.10678898880329073
Defect_L15_B52_el501_H2_W2.npy,-272.1565,4775.43708,1.1193103710494503e-05,0.9999800148619058,0.4090658196662704,0.10678906197223015
Defect_L15_B53_el787_H2_W2.npy,-272.15639999999996,4775.43722,1.1212914513528206e-05,0.99998004259703,0.40906606821583014,0.10677961818645709
Defect_L15_B54_el789_H2_W2.npy,-272.15619999999996,4775.4372299999995,1.1252536119584348e-05,0.9999800445781103,0.4090656877107525,0.10678046991031855
Defect_L15_B55_el791_H2_W2.npy,-272.1559,4775.44722,1.1311968528662932e-05,0.9999820236773328,0.4090652836177627,0.1067807622688228
Defect_L15_B56_el793_H2_W2.npy,-272.1556,4775.44731,1.1371400937741518e-05,0.9999820415070555,0.4090650249578365,0.10678097475283291
Defect_L15_B57_el795_H2_W2.npy,-272.1554,4775.4473,1.1411022543797661e-05,0.9999820395259752,0.40906483801994453,0.10678112433136765
Defect_L15_B58_el797_H2_W2.npy,-272.1543,4775.45729,1.1628941377100818e-05,0.9999840186251977,0.4090646747780203,0.10678128600989703
Defect_L15_B59_el799_H2_W2.npy,-272.1542,4775.45726,1.164875218012326e-05,0.9999840126819568,0.40906455853071316,0.10678149314640412
Defect_L15_B5_el123_H2_W2.npy,-272.1569,4775.44749,1.1113860498382217e-05,0.9999820771665009,0.4090651901729102,0.1067745528694862
Defect_L15_B60_el801_H2_W2.npy,-272.1543,4775.4572100000005,1.1628941377100818e-05,0.9999840027765553,0.40906445375367795,0.10678175370407571
Defect_L15_B61_el803_H2_W2.npy,-272.1546,4775.45718,1.1569508968010974e-05,0.9999839968333144,0.409064377620595,0.10678206051054269
Defect_L15_B62_el805_H2_W2.npy,-272.1549,4775.45718,1.151007655893239e-05,0.9999839968333144,0.40906432200532566,0.10678241349101475
Defect_L15_B63_el807_H2_W2.npy,-272.16130000000004,4775.45742,1.0242185165169586e-05,0.9999840443792416,0.40906428154449,0.10678279999785804
Defect_L15_B64_el809_H2_W2.npy,-272.1539,4775.45882,1.1708184589201844e-05,0.9999843217304839,0.40906426431395265,0.10678318886440466
Defect_L15_B65_el811_H2_W2.npy,-272.1556,4775.45726,1.1371400937741518e-05,0.9999840126819568,0.40906427118305105,0.10678353509837667
Defect_L15_B66_el813_H2_W2.npy,-272.15729999999996,4775.45766,1.103461728628119e-05,0.9999840919251689,0.40906428501678915,0.10678379174098797
Defect_L15_B67_el815_H2_W2.npy,-272.1583,4775.458,1.0836509256000475e-05,0.9999841592818991,0.4090643072461021,0.1067839644346788
Defect_L15_B68_el817_H2_W2.npy,-272.15749999999997,4775.45814,1.0994995680225048e-05,0.9999841870170234,0.4090643549040315,0.10678408499652407
Defect_L15_B69_el819_H2_W2.npy,-272.1576,4775.45818,1.0975184877191346e-05,0.9999841949413445,0.40906441300339996,0.10678421570732241
Defect_L15_B6_el125_H2_W2.npy,-272.1569,4775.44749,1.1113860498382217e-05,0.9999820771665009,0.40906509803257046,0.10677590357769534
Defect_L15_B70_el821_H2_W2.npy,-272.1577,4775.45818,1.0955374074168904e-05,0.9999841949413445,0.40906447967219817,0.10678438826917287
Defect_L15_B71_el823_H2_W2.npy,-272.1578,4775.44816,1.0935563271135202e-05,0.9999822098988812,0.4090645495901681,0.10678461046116686
Defect_L15_B72_el825_H2_W2.npy,-272.15799999999996,4775.44803,1.089594166509032e-05,0.9999821841448372,0.40906462486764716,0.10678488683491154
Defect_L15_B73_el827_H2_W2.npy,-272.1581,4775.4478899999995,1.0876130862056618e-05,0.999982156409713,0.4090647385971428,0.10678520309099615
Defect_L15_B74_el829_H2_W2.npy,-272.1572,4775.44765,1.1054428089303633e-05,0.9999821088637858,0.40906486939947445,0.10678552144121893
Defect_L15_B75_el831_H2_W2.npy,-272.1574,4775.4375,1.1014806483247489e-05,0.9999800980672785,0.4090650331095319,0.10678581080516591
Defect_L15_B76_el833_H2_W2.npy,-272.1565,4775.437349999999,1.1193103710494503e-05,0.9999800683510739,0.4090652350282483,0.10678599064618469
Defect_L15_B77_el835_H2_W2.npy,-272.1567,4775.43711,1.115348210443836e-05,0.9999800208051467,0.40906559617027244,0.10678603070250502
Defect_L15_B78_el837_H2_W2.npy,-272.1558,4775.43697,1.1331779331685374e-05,0.9999799930700225,0.40906591619660054,0.10678554778851483
Defect_L15_B79_el1123_H2_W2.npy,-272.1565,4775.4372299999995,1.1193103710494503e-05,0.9999800445781103,0.4090661540658753,0.10678047310830428
Defect_L15_B7_el127_H2_W2.npy,-272.1559,4775.44749,1.1311968528662932e-05,0.9999820771665009,0.409065034572963,0.10677711323998992
Defect_L15_B80_el1125_H2_W2.npy,-272.1561,4775.437239999999,1.127234692260679e-05,0.9999800465591905,0.4090657402016266,0.10678158911539687
Defect_L15_B81_el1127_H2_W2.npy,-272.15569999999997,4775.44722,1.1351590134719077e-05,0.9999820236773328,0.40906530520063117,0.10678201687225788
Defect_L15_B82_el1129_H2_W2.npy,-272.1543,4775.447209999999,1.1628941377100818e-05,0.9999820216962524,0.4090650126346982,0.10678228310598359
Defect_L15_B83_el1131_H2_W2.npy,-272.154,4775.44719,1.1688373786179403e-05,0.9999820177340919,0.40906478487181325,0.10678244972375792
Defect_L15_B84_el1133_H2_W2.npy,-272.1538,4775.45718,1.1727995392235547e-05,0.9999839968333144,0.409064598389076,0.10678260757944073
Defect_L15_B85_el1135_H2_W2.npy,-272.1538,4775.45715,1.1727995392235547e-05,0.9999839908900735,0.40906445235819383,0.1067827943838686
Defect_L15_B86_el1137_H2_W2.npy,-272.1539,4775.45718,1.1708184589201844e-05,0.9999839968333144,0.40906433183495466,0.1067830214425337
Defect_L15_B87_el1139_H2_W2.npy,-272.1533,4775.4570300000005,1.1827049407370273e-05,0.9999839671171099,0.40906424380460676,0.10678328509386964
Defect_L15_B88_el1141_H2_W2.npy,-272.1548,4775.45701,1.152988736195483e-05,0.9999839631549492,0.4090641623487803,0.10678359192899643
Defect_L15_B89_el1143_H2_W2.npy,-272.16130000000004,4775.45738,1.0242185165169586e-05,0.9999840364549204,0.40906411595495606,0.10678393525493818
Defect_L15_B8_el129_H2_W2.npy,-272.156,4775.44755,1.129215772562923e-05,0.9999820890529828,0.4090649766316788,0.1067781974776945
Defect_L15_B90_el1145_H2_W2.npy,-272.15470000000005,4775.46885,1.1549698164977271e-05,0.9999863087540277,0.4090641006259126,0.1067842529943284
Defect_L15_B91_el1147_H2_W2.npy,-272.15529999999995,4775.45723,1.1430833346831363e-05,0.9999840067387159,0.40906408957549445,0.10678446539281278
Defect_L15_B92_el1149_H2_W2.npy,-272.157,4775.45776,1.1094049695359775e-05,0.9999841117359719,0.4090641070959971,0.1067845327115689
Defect_L15_B93_el1151_H2_W2.npy,-272.15790000000004,4775.45813,1.09157524681015e-05,0.9999841850359431,0.4090641478470344,0.10678444079358376
Defect_L15_B94_el1153_H2_W2.npy,-272.1572,4775.45841,1.1054428089303633e-05,0.9999842405061916,0.40906421048442465,0.10678423427882354
Defect_L15_B95_el1155_H2_W2.npy,-272.15830000000005,4775.45847,1.0836509255989213e-05,0.9999842523926733,0.409064283497453,0.106784048128363
Defect_L15_B96_el1157_H2_W2.npy,-272.1585,4775.45859,1.0796887649944331e-05,0.9999842761656371,0.40906436064476365,0.1067839241844675
Defect_L15_B97_el1159_H2_W2.npy,-272.1587,4775.45847,1.0757266043888187e-05,0.9999842523926733,0.4090644449293496,0.1067838802934004
Defect_L15_B98_el1161_H2_W2.npy,-272.1589,4775.44833,1.0717644437832045e-05,0.9999822435772464,0.40906455397419955,0.10678392072763351
Defect_L15_B99_el1163_H2_W2.npy,-272.1581,4775.44819,1.0876130862056618e-05,0.9999822158421222,0.4090646824618011,0.10678401539708084
Defect_L15_B9_el131_H2_W2.npy,-272.15619999999996,4775.44744,1.1252536119584348e-05,0.9999820672610995,0.40906491771015235,0.10677916591559006
Defect_L16_B100_el1165_H2_W2.npy,-272.1582,4775.4480699999995,1.0856320059022915e-05,0.9999821920691584,0.40906478296604737,0.10678465168580749
Defect_L16_B101_el1167_H2_W2.npy,-272.1575,4775.4378,1.0994995680213786e-05,0.9999801574996876,0.4090649730986654,0.1067847827881391
Defect_L16_B102_el1169_H2_W2.npy,-272.15659999999997,4775.437419999999,1.1173292907472062e-05,0.999980082218636,0.40906520218060755,0.10678482354239868
Defect_L16_B103_el1171_H2_W2.npy,-272.15689999999995,4775.42713,1.1113860498393477e-05,0.9999780436870046,0.4090654700602951,0.10678465709896268
Defect_L16_B104_el1173_H2_W2.npy,-272.1561,4775.42674,1.127234692260679e-05,0.9999779664248728,0.4090661022145898,0.10678414090463718
Defect_L16_B105_el1459_H2_W2.npy,-272.15770000000003,4775.437309999999,1.0955374074157644e-05,0.9999800604267527,0.4090663291799186,0.10678193954216218
Defect_L16_B106_el1461_H2_W2.npy,-272.15599999999995,4775.437269999999,1.1292157725640492e-05,0.9999800525024315,0.4090656110301242,0.10678280621144905
Defect_L16_B107_el1463_H2_W2.npy,-272.1543,4775.44725,1.1628941377100818e-05,0.9999820296205738,0.40906527477157906,0.10678326246265082
Defect_L16_B108_el1465_H2_W2.npy,-272.1538,4775.44723,1.1727995392235547e-05,0.9999820256584131,0.40906496093858863,0.10678347603647108
Defect_L16_B109_el1467_H2_W2.npy,-272.1533,4775.45722,1.1827049407370273e-05,0.9999840047576356,0.40906470306887555,0.1067836036876887
Defect_L16_B10_el133_H2_W2.npy,-272.1562,4775.44713,1.1252536119573088e-05,0.99998200584761,0.40906484563972273,0.10678053839166476
Defect_L16_B110_el1469_H2_W2.npy,-272.15180000000004,4775.45722,1.2124211452774457e-05,0.9999840047576356,0.40906451679153466,0.10678375145141084
Defect_L16_B111_el1471_H2_W2.npy,-272.1514,4775.46723,1.2203454664886744e-05,0.9999859878190186,0.4090643585631329,0.10678391662778035
Defect_L16_B112_el1473_H2_W2.npy,-272.1526,4775.46724,1.1965725028561146e-05,0.9999859898000989,0.40906423331494346,0.10678413662558077
Defect_L16_B113_el1475_H2_W2.npy,-272.1533,4775.46716,1.1827049407370273e-05,0.9999859739514565,0.40906413347502807,0.10678440856116748
Defect_L16_B114_el1477_H2_W2.npy,-272.15229999999997,4775.45653,1.202515743765099e-05,0.9999838680630947,0.40906404468463015,0.10678475813456592
Defect_L16_B115_el1479_H2_W2.npy,-272.1478,4775.45919,1.2916643573874802e-05,0.9999843950304551,0.4090639570538722,0.10678519888321555
Defect_L16_B116_el1481_H2_W2.npy,-272.1597,4775.45504,1.0559158013618732e-05,0.9999835728821295,0.4090639178004668,0.10678559763710746
Defect_L16_B117_el1483_H2_W2.npy,-272.161,4775.45814,1.0301617574259432e-05,0.9999841870170234,0.4090638986271639,0.1067858553706837
Defect_L16_B118_el1485_H2_W2.npy,-272.1585,4775.45841,1.0796887649944331e-05,0.9999842405061916,0.4090639280678046,0.10678580610942544
Defect_L16_B119_el1487_H2_W2.npy,-272.1576,4775.45866,1.0975184877191346e-05,0.9999842900331992,0.40906400199625464,0.10678541689568
Defect_L16_B11_el135_H2_W2.npy,-272.155,4775.44882,1.1490265755909947e-05,0.9999823406501812,0.4090648125562452,0.10678133958246036
Defect_L16_B120_el1489_H2_W2.npy,-272.1587,4775.45892,1.0757266043888187e-05,0.999984341541287,0.4090640977701956,0.10678486260472297
Defect_L16_B121_el1491_H2_W2.npy,-272.159,4775.45909,1.0697833634809603e-05,0.9999843752196522,0.4090641945305489,0.1067843433080269
Defect_L16_B122_el1493_H2_W2.npy,-272.1593,4775.45922,1.0638401225731018e-05,0.999984400973696,0.40906430132821564,0.10678402025110205
Defect_L16_B123_el1495_H2_W2.npy,-272.1596,4775.45912,1.0578968816641174e-05,0.9999843811628931,0.4090643959749314,0.10678384731655302
Defect_L16_B124_el1497_H2_W2.npy,-272.1598,4775.45889,1.053934721058503e-05,0.9999843355980461,0.40906449190598976,0.10678377688024464
Defect_L16_B125_el1499_H2_W2.npy,-272.1591,4775.44863,1.06780228317759e-05,0.9999823030096555,0.4090646204325012,0.10678378543206836
Defect_L16_B126_el1501_H2_W2.npy,-272.1583,4775.448359999999,1.0836509256000475e-05,0.9999822495204872,0.40906476446627543,0.10678382837914298
Defect_L16_B127_el1503_H2_W2.npy,-272.1576,4775.43797,1.0975184877191346e-05,0.9999801911780528,0.4090649576769145,0.10678387688462808
Defect_L16_B128_el1505_H2_W2.npy,-272.1568,4775.42746,1.113367130141592e-05,0.9999781090626546,0.4090652229488309,0.10678382987329556
Defect_L16_B129_el1507_H2_W2.npy,-272.1561,4775.4270400000005,1.127234692260679e-05,0.999978025857282,0.40906550014060344,0.10678354002381334
Defect_L16_B12_el137_H2_W2.npy,-272.1578,4775.44444,1.0935563271135202e-05,0.9999814729370087,0.4090647885906266,0.10678208130432416
Defect_L16_B130_el1509_H2_W2.npy,-272.15540000000004,4775.41651,1.14110225437864e-05,0.9999759397797231,0.40906617568930753,0.1067828360698918
Defect_L16_B13_el139_H2_W2.npy,-272.1595,4775.44774,1.0598779619674876e-05,0.9999821266935085,0.4090647518896291,0.10678274803919571
Defect_L16_B14_el141_H2_W2.npy,-272.158,4775.44774,1.089594166507906e-05,0.9999821266935085,0.4090647251671061,0.1067833692876923
Defect_L16_B15_el143_H2_W2.npy,-272.1572,4775.447639999999,1.1054428089303633e-05,0.9999821068827054,0.40906470156516256,0.10678394576591747
Defect_L16_B16_el145_H2_W2.npy,-272.1572,4775.4475999999995,1.1054428089303633e-05,0.9999820989583842,0.4090646748018965,0.1067844977938175
Defect_L16_B17_el147_H2_W2.npy,-272.1573,4775.44761,1.103461728626993e-05,0.9999821009394646,0.409064655674071,0.10678506086183222
Defect_L16_B18_el149_H2_W2.npy,-272.1573,4775.4475,1.103461728626993e-05,0.9999820791475813,0.4090646210928589,0.10678564868440356
Defect_L16_B19_el151_H2_W2.npy,-272.1573,4775.43748,1.103461728626993e-05,0.9999800941051179,0.4090645936032047,0.10678628859530381
Defect_L16_B1_el115_H2_W2.npy,-272.1563,4775.4473499999995,1.1232725316550646e-05,0.9999820494313767,0.4090659783697207,0.10676971728571258
Defect_L16_B20_el153_H2_W2.npy,-272.1563,4775.43737,1.1232725316550646e-05,0.9999800723132345,0.4090645833689174,0.10678701027596
Defect_L16_B21_el155_H2_W2.npy,-272.1563,4775.437349999999,1.1232725316550646e-05,0.9999800683510739,0.40906456915498296,0.10678782416971194
Defect_L16_B22_el157_H2_W2.npy,-272.1563,4775.43722,1.1232725316550646e-05,0.99998004259703,0.4090645869243325,0.10678877996536164
Defect_L16_B23_el159_H2_W2.npy,-272.1563,4775.437199999999,1.1232725316550646e-05,0.9999800386348694,0.4090646847075889,0.10678992979374269
Defect_L16_B24_el161_H2_W2.npy,-272.1563,4775.43719,1.1232725316550646e-05,0.9999800366537891,0.40906491657161426,0.10679127929891079
Defect_L16_B25_el163_H2_W2.npy,-272.1563,4775.437169999999,1.1232725316550646e-05,0.9999800326916284,0.40906547404181476,0.10679272659478381
Defect_L16_B26_el165_H2_W2.npy,-272.1563,4775.43718,1.1232725316550646e-05,0.9999800346727088,0.40906679296015647,0.10679359996907588
Defect_L16_B27_el451_H2_W2.npy,-272.15639999999996,4775.4373399999995,1.1212914513528206e-05,0.9999800663699936,0.40906600867223525,0.10677827868935028
Defect_L16_B28_el453_H2_W2.npy,-272.15619999999996,4775.44733,1.1252536119584348e-05,0.9999820454692161,0.4090654744755929,0.10677838451918176
Defect_L16_B29_el455_H2_W2.npy,-272.156,4775.44733,1.129215772562923e-05,0.9999820454692161,0.4090652519340507,0.10677857186608275
Defect_L16_B2_el117_H2_W2.npy,-272.1561,4775.44745,1.127234692260679e-05,0.9999820692421797,0.40906552088305825,0.10677052364472203
Defect_L16_B30_el457_H2_W2.npy,-272.1558,4775.44732,1.1331779331685374e-05,0.9999820434881359,0.4090650560986051,0.10677873661025927
Defect_L16_B31_el459_H2_W2.npy,-272.1556,4775.44732,1.1371400937741518e-05,0.9999820434881359,0.4090648938008176,0.10677893980095814
Defect_L16_B32_el461_H2_W2.npy,-272.15549999999996,4775.44732,1.1391211740775219e-05,0.9999820434881359,0.40906477428826604,0.1067792279640308
Defect_L16_B33_el463_H2_W2.npy,-272.1554,4775.44734,1.1411022543797661e-05,0.9999820474502964,0.40906469131531126,0.1067796085710952
Defect_L16_B34_el465_H2_W2.npy,-272.15529999999995,4775.45745,1.1430833346831363e-05,0.9999840503224825,0.40906462255642717,0.106780069453249
Defect_L16_B35_el467_H2_W2.npy,-272.1562,4775.4574,1.1252536119573088e-05,0.999984040417081,0.4090645727147709,0.10678059560555447
Defect_L16_B36_el469_H2_W2.npy,-272.1547,4775.45679,1.1549698164988532e-05,0.9999839195711826,0.40906452068827964,0.10678117068248708
Defect_L16_B37_el471_H2_W2.npy,-272.15229999999997,4775.46063,1.202515743765099e-05,0.9999846803060187,0.4090644919145339,0.10678177866840065
Defect_L16_B38_el473_H2_W2.npy,-272.1585,4775.45489,1.0796887649944331e-05,0.999983543165925,0.40906447904454224,0.10678240854853968
Defect_L16_B39_el475_H2_W2.npy,-272.159,4775.4579300000005,1.0697833634809603e-05,0.9999841454143371,0.4090644799763088,0.10678301240561193
Defect_L16_B3_el119_H2_W2.npy,-272.156,4775.447459999999,1.129215772562923e-05,0.99998207122326,0.40906536535415583,0.10677201822092611
Defect_L16_B40_el477_H2_W2.npy,-272.1585,4775.45789,1.0796887649944331e-05,0.9999841374900158,0.40906449272932455,0.10678356408076141
Defect_L16_B41_el479_H2_W2.npy,-272.15680000000003,4775.45789,1.1133671301404657e-05,0.9999841374900158,0.40906450851880566,0.10678406619653634
Defect_L16_B42_el481_H2_W2.npy,-272.1577,4775.44785,1.0955374074168904e-05,0.9999821484853918,0.4090645443208764,0.1067845331357472
Defect_L16_B43_el483_H2_W2.npy,-272.1578,4775.44787,1.0935563271135202e-05,0.9999821524475525,0.40906457167572985,0.10678501714985256
Defect_L16_B44_el485_H2_W2.npy,-272.1569,4775.44788,1.1113860498382217e-05,0.9999821544286327,0.4090646255746127,0.10678554350806281
Defect_L16_B45_el487_H2_W2.npy,-272.157,4775.44786,1.1094049695359775e-05,0.9999821504664722,0.40906467364552584,0.10678611591787818
Defect_L16_B46_el489_H2_W2.npy,-272.1571,4775.44774,1.1074238892326073e-05,0.9999821266935085,0.40906473130144383,0.1067867224008581
Defect_L16_B47_el491_H2_W2.npy,-272.1572,4775.44762,1.1054428089303633e-05,0.9999821029205449,0.40906480581647264,0.10678735361761711
Defect_L16_B48_el493_H2_W2.npy,-272.1572,4775.4475,1.1054428089303633e-05,0.9999820791475813,0.4090649085815937,0.10678798609456745
Defect_L16_B49_el495_H2_W2.npy,-272.1563,4775.43736,1.1232725316550646e-05,0.9999800703321543,0.40906503185464205,0.10678860117014591
Defect_L16_B4_el121_H2_W2.npy,-272.156,4775.44747,1.129215772562923e-05,0.9999820732043404,0.4090652479977978,0.10677360717530311
Defect_L16_B50_el497_H2_W2.npy,-272.15639999999996,4775.4372299999995,1.1212914513528206e-05,0.9999800445781103,0.4090652081270468,0.10678913373572489
Defect_L16_B51_el499_H2_W2.npy,-272.1565,4775.437099999999,1.1193103710494503e-05,0.9999800188240663,0.40906537863724785,0.10678953907404125
Defect_L16_B52_el501_H2_W2.npy,-272.1565,4775.437059999999,1.1193103710494503e-05,0.9999800108997451,0.4090658322457668,0.10678981641476268
Defect_L16_B53_el787_H2_W2.npy,-272.15659999999997,4775.437239999999,1.1173292907472062e-05,0.9999800465591905,0.4090661149299375,0.10678063207040084
Defect_L16_B54_el789_H2_W2.npy,-272.15619999999996,4775.43722,1.1252536119584348e-05,0.99998004259703,0.40906550968924105,0.10678111273538586
Defect_L16_B55_el791_H2_W2.npy,-272.1559,4775.4472,1.1311968528662932e-05,0.9999820197151721,0.40906523187184385,0.10678141194580028
Defect_L16_B56_el793_H2_W2.npy,-272.1556,4775.44719,1.1371400937741518e-05,0.9999820177340919,0.4090649776904909,0.10678156989404994
Defect_L16_B57_el795_H2_W2.npy,-272.1544,4775.44718,1.1609130574067116e-05,0.9999820157530116,0.40906477690041154,0.10678168692970379
Defect_L16_B58_el797_H2_W2.npy,-272.1541,4775.45718,1.16685629831457e-05,0.9999839968333144,0.409064629573579,0.10678183844235492
Defect_L16_B59_el799_H2_W2.npy,-272.1539,4775.4573,1.1708184589201844e-05,0.999984020606278,0.4090645155000579,0.10678204351637273
Defect_L16_B5_el123_H2_W2.npy,-272.1569,4775.44748,1.1113860498382217e-05,0.9999820751854206,0.4090651469393288,0.1067750868228549
Defect_L16_B60_el801_H2_W2.npy,-272.1549,4775.45731,1.151007655893239e-05,0.9999840225873582,0.4090644078087087,0.10678230186570123
Defect_L16_B61_el803_H2_W2.npy,-272.1549,4775.45725,1.151007655893239e-05,0.9999840107008765,0.409064340938811,0.10678261771685087
Defect_L16_B62_el805_H2_W2.npy,-272.1536,4775.45661,1.176761699829169e-05,0.9999838839117371,0.4090642862746231,0.10678297920674104
Defect_L16_B63_el807_H2_W2.npy,-272.1504,4775.46063,1.240156269516746e-05,0.9999846803060187,0.409064251131966,0.10678339040596826
Defect_L16_B64_el809_H2_W2.npy,-272.1581,4775.45495,1.0876130862056618e-05,0.9999835550524069,0.4090642274564677,0.10678380445614165
Defect_L16_B65_el811_H2_W2.npy,-272.1597,4775.45796,1.0559158013618732e-05,0.9999841513575779,0.40906422954707305,0.1067841675075902
Defect_L16_B66_el813_H2_W2.npy,-272.15810000000005,4775.45803,1.0876130862045357e-05,0.99998416522514,0.4090642453343756,0.10678442251305337
Defect_L16_B67_el815_H2_W2.npy,-272.1574,4775.45804,1.1014806483247489e-05,0.9999841672062205,0.4090642775928464,0.10678457410080203
Defect_L16_B68_el817_H2_W2.npy,-272.1574,4775.4581100000005,1.1014806483247489e-05,0.9999841810737826,0.4090643342551451,0.10678466058651949
Defect_L16_B69_el819_H2_W2.npy,-272.1576,4775.45825,1.0975184877191346e-05,0.9999842088089067,0.4090643925458513,0.1067847601860004
Defect_L16_B6_el125_H2_W2.npy,-272.1569,4775.4475,1.1113860498382217e-05,0.9999820791475813,0.4090650700770171,0.10677643011782172
Defect_L16_B70_el821_H2_W2.npy,-272.1576,4775.45827,1.0975184877191346e-05,0.9999842127710673,0.4090644491001952,0.10678491748443918
Defect_L16_B71_el823_H2_W2.npy,-272.1579,4775.45816,1.0915752468112762e-05,0.999984190979184,0.4090645302574894,0.10678513863256033
Defect_L16_B72_el825_H2_W2.npy,-272.15799999999996,4775.44815,1.089594166509032e-05,0.999982207917801,0.4090645988018602,0.10678540417992458
Defect_L16_B73_el827_H2_W2.npy,-272.1581,4775.44791,1.0876130862056618e-05,0.9999821603718737,0.4090647002905585,0.1067857169517809
Defect_L16_B74_el829_H2_W2.npy,-272.1572,4775.44777,1.1054428089303633e-05,0.9999821326367494,0.40906482198346916,0.10678604444319813
Defect_L16_B75_el831_H2_W2.npy,-272.1574,4775.437629999999,1.1014806483247489e-05,0.9999801238213224,0.4090649921024307,0.10678636893648703
Defect_L16_B76_el833_H2_W2.npy,-272.1565,4775.43737,1.1193103710494503e-05,0.9999800723132345,0.4090651910286242,0.106786590305556
Defect_L16_B77_el835_H2_W2.npy,-272.15659999999997,4775.43711,1.1173292907472062e-05,0.9999800208051467,0.4090654087472948,0.10678665081787689
Defect_L16_B78_el837_H2_W2.npy,-272.1558,4775.4268600000005,1.1331779331685374e-05,0.9999779901978365,0.4090659666531736,0.10678647336909709
Defect_L16_B79_el1123_H2_W2.npy,-272.1567,4775.43726,1.115348210443836e-05,0.9999800505213512,0.409066237447965,0.10678152991173309
Defect_L16_B7_el127_H2_W2.npy,-272.15680000000003,4775.44752,1.1133671301404657e-05,0.9999820831097418,0.40906500224380077,0.10677763116104497
Defect_L16_B80_el1125_H2_W2.npy,-272.15619999999996,4775.4372299999995,1.1252536119584348e-05,0.9999800445781103,0.4090655539325289,0.10678226250445323
Defect_L16_B81_el1127_H2_W2.npy,-272.15569999999997,4775.4472,1.1351590134719077e-05,0.9999820197151721,0.4090652444184796,0.1067826676141676
Defect_L16_B82_el1129_H2_W2.npy,-272.1543,4775.44718,1.1628941377100818e-05,0.9999820157530116,0.40906494818181555,0.10678286659320564
Defect_L16_B83_el1131_H2_W2.npy,-272.1538,4775.45717,1.1727995392235547e-05,0.999983994852234,0.4090647220462833,0.106782995759273
Defect_L16_B84_el1133_H2_W2.npy,-272.1536,4775.45718,1.176761699829169e-05,0.9999839968333144,0.4090645461305899,0.10678314896938232
Defect_L16_B85_el1135_H2_W2.npy,-272.1533,4775.45719,1.1827049407370273e-05,0.9999839988143947,0.4090644054831278,0.10678333357598564
Defect_L16_B86_el1137_H2_W2.npy,-272.1533,4775.4572,1.1827049407370273e-05,0.9999840007954749,0.40906429577056697,0.10678355774181998
Defect_L16_B87_el1139_H2_W2.npy,-272.1545,4775.45714,1.1589319771044676e-05,0.9999839889089932,0.40906420038612157,0.10678383252546293
Defect_L16_B88_el1141_H2_W2.npy,-272.15270000000004,4775.45659,1.1945914225527444e-05,0.9999838799495764,0.4090641240648018,0.10678415198793748
Defect_L16_B89_el1143_H2_W2.npy,-272.14889999999997,4775.46002,1.2698724740582905e-05,0.9999845594601204,0.4090640677256758,0.10678452789144766
Defect_L16_B8_el129_H2_W2.npy,-272.15680000000003,4775.447639999999,1.1133671301404657e-05,0.9999821068827054,0.4090649482130251,0.10677870589825475
Defect_L16_B90_el1145_H2_W2.npy,-272.1588,4775.45502,1.0737455240865747e-05,0.999983568919969,0.4090640428149982,0.10678488590057328
Defect_L16_B91_el1147_H2_W2.npy,-272.1603,4775.45804,1.0440293195450303e-05,0.9999841672062205,0.40906402800773395,0.1067851374289529
Defect_L16_B92_el1149_H2_W2.npy,-272.1587,4775.4582,1.0757266043888187e-05,0.9999841989035052,0.4090640546895471,0.10678520584369815
Defect_L16_B93_el1151_H2_W2.npy,-272.157,4775.45832,1.1094049695359775e-05,0.9999842226764688,0.409064109587414,0.10678507527774246
Defect_L16_B94_el1153_H2_W2.npy,-272.158,4775.4585,1.089594166507906e-05,0.9999842583359142,0.4090641702020037,0.1067848180946378
Defect_L16_B95_el1155_H2_W2.npy,-272.15830000000005,4775.4586500000005,1.0836509255989213e-05,0.9999842880521189,0.40906425429240745,0.10678458287425618
Defect_L16_B96_el1157_H2_W2.npy,-272.15840000000003,4775.45868,1.0816698452966773e-05,0.9999842939953597,0.4090643294837338,0.10678443899528012
Defect_L16_B97_el1159_H2_W2.npy,-272.15860000000004,4775.45858,1.0777076846910629e-05,0.9999842741845568,0.4090644251858696,0.10678439649893351
Defect_L16_B98_el1161_H2_W2.npy,-272.1589,4775.45847,1.0717644437832045e-05,0.9999842523926733,0.40906452925061165,0.10678443529610619
Defect_L16_B99_el1163_H2_W2.npy,-272.1591,4775.4483199999995,1.06780228317759e-05,0.999982241596166,0.4090646257506502,0.10678452216847506
Defect_L16_B9_el131_H2_W2.npy,-272.1567,4775.44761,1.115348210443836e-05,0.9999821009394646,0.4090648963641914,0.10677966883110408
Defect_L17_B100_el1165_H2_W2.npy,-272.1604,4775.44878,1.0420482392427861e-05,0.99998233272586,0.4090650285323358,0.10679072564994173
Defect_L17_B101_el1167_H2_W2.npy,-272.1596,4775.438279999999,1.0578968816641174e-05,0.999980252591542,0.40906525098847835,0.10679092481620854
Defect_L17_B102_el1169_H2_W2.npy,-272.15790000000004,4775.43786,1.09157524681015e-05,0.9999801693861694,0.40906554894189023,0.10679105653601605
Defect_L17_B103_el1171_H2_W2.npy,-272.15729999999996,4775.42723,1.103461728628119e-05,0.9999780634978077,0.40906564323019495,0.10679083331744667
Defect_L17_B104_el1173_H2_W2.npy,-272.15580000000006,4775.41654,1.1331779331674114e-05,0.999975945722964,0.409066729897602,0.10679058694764641
Defect_L17_B105_el1459_H2_W2.npy,-272.15880000000004,4775.41754,1.0737455240854486e-05,0.9999761438309943,0.4090670546731185,0.10678734145054107
Defect_L17_B106_el1461_H2_W2.npy,-272.1555,4775.42708,1.1391211740763959e-05,0.9999780337816032,0.40906578969634877,0.10678809871118981
Defect_L17_B107_el1463_H2_W2.npy,-272.15360000000004,4775.436839999999,1.1767616998280429e-05,0.9999799673159785,0.4090655870232422,0.10678872448585815
Defect_L17_B108_el1465_H2_W2.npy,-272.1518,4775.44654,1.2124211452785719e-05,0.9999818889638722,0.4090651940698504,0.10678896234520795
Defect_L17_B109_el1467_H2_W2.npy,-272.149,4775.45634,1.2678913937549203e-05,0.9999838304225689,0.40906488806235825,0.10678912452550823
Defect_L17_B10_el133_H2_W2.npy,-272.15639999999996,4775.44788,1.1212914513528206e-05,0.9999821544286327,0.40906506176882507,0.10678566259822177
Defect_L17_B110_el1469_H2_W2.npy,-272.1472,4775.45617,1.3035508392043232e-05,0.9999837967442038,0.4090646579274965,0.10678934911842657
Defect_L17_B111_el1471_H2_W2.npy,-272.14549999999997,4775.46612,1.3372292043514819e-05,0.999985767919105,0.4090644618582701,0.10678964392573237
Defect_L17_B112_el1473_H2_W2.npy,-272.14549999999997,4775.47618,1.3372292043514819e-05,0.9999877608858895,0.4090642918269131,0.1067900081843739
Defect_L17_B113_el1475_H2_W2.npy,-272.14939999999996,4775.47617,1.2599670725448178e-05,0.9999877589048092,0.40906415262184737,0.10679044206895257
Defect_L17_B114_el1477_H2_W2.npy,-272.1581,4775.4764399999995,1.0876130862056618e-05,0.9999878123939773,0.4090640208664287,0.10679103460892293
Defect_L17_B115_el1479_H2_W2.npy,-272.1588,4775.45437,1.0737455240865747e-05,0.9999834401497494,0.4090638947754973,0.10679181417119889
Defect_L17_B116_el1481_H2_W2.npy,-272.1548,4775.45769,1.152988736195483e-05,0.9999840978684098,0.4090638354339568,0.10679245373340666
Defect_L17_B117_el1483_H2_W2.npy,-272.1538,4775.45743,1.1727995392235547e-05,0.999984046360322,0.40906380855392754,0.1067929660930953
Defect_L17_B118_el1485_H2_W2.npy,-272.1554,4775.46813,1.1411022543797661e-05,0.9999861661162459,0.40906385762680275,0.10679291467164627
Defect_L17_B119_el1487_H2_W2.npy,-272.1571,4775.46888,1.1074238892326073e-05,0.9999863146972686,0.40906398822857004,0.1067922189172989
Defect_L17_B11_el135_H2_W2.npy,-272.1551,4775.4463399999995,1.1470454952876245e-05,0.9999818493422661,0.4090650232267641,0.10678670060269907
Defect_L17_B120_el1489_H2_W2.npy,-272.1592,4775.47956,1.065821202875346e-05,0.9999884304910318,0.4090641179405307,0.10679134238991243
Defect_L17_B121_el1491_H2_W2.npy,-272.16159999999996,4775.480049999999,1.0182752756102262e-05,0.9999885275639665,0.40906429245723774,0.1067904598579425
Defect_L17_B122_el1493_H2_W2.npy,-272.163,4775.48036,9.90540151370926e-06,0.999988588977456,0.40906443099219675,0.10678991192129639
Defect_L17_B123_el1495_H2_W2.npy,-272.1634,4775.47039,9.826158301596973e-06,0.9999866138403943,0.40906456104814104,0.10678961255417478
Defect_L17_B124_el1497_H2_W2.npy,-272.1627,4775.46015,9.964833922799104e-06,0.9999845852141642,0.40906470598321865,0.10678945766133742
Defect_L17_B125_el1499_H2_W2.npy,-272.1621,4775.45977,1.0083698740956273e-05,0.9999845099331128,0.40906485508536283,0.10678941854756852
Defect_L17_B126_el1501_H2_W2.npy,-272.1615,4775.44927,1.0202563559124704e-05,0.9999824297987949,0.40906501862714767,0.10678945456905073
Defect_L17_B127_el1503_H2_W2.npy,-272.1598,4775.43873,1.053934721058503e-05,0.9999803417401557,0.4090652641729071,0.1067895561855868
Defect_L17_B128_el1505_H2_W2.npy,-272.1592,4775.42806,1.065821202875346e-05,0.9999782279274728,0.4090655848944584,0.10678958027140369
Defect_L17_B129_el1507_H2_W2.npy,-272.15749999999997,4775.41727,1.0994995680225048e-05,0.9999760903418261,0.4090657005614252,0.10678921398294176
Defect_L17_B12_el137_H2_W2.npy,-272.15900000000005,4775.44884,1.0697833634798342e-05,0.9999823446123418,0.4090649784626809,0.10678764180922161
Defect_L17_B130_el1509_H2_W2.npy,-272.1551,4775.40622,1.1470454952876245e-05,0.9999739012480915,0.40906687056614355,0.10678872645714345
Defect_L17_B13_el139_H2_W2.npy,-272.1572,4775.44774,1.1054428089303633e-05,0.9999821266935085,0.4090649433633855,0.10678850238555701
Defect_L17_B14_el141_H2_W2.npy,-272.1571,4775.44772,1.1074238892326073e-05,0.999982122731348,0.4090649091458562,0.10678928358431353
Defect_L17_B15_el143_H2_W2.npy,-272.1571,4775.44775,1.1074238892326073e-05,0.9999821286745889,0.4090648745007588,0.10678999927022462
Defect_L17_B16_el145_H2_W2.npy,-272.1571,4775.44773,1.1074238892326073e-05,0.9999821247124282,0.40906484445522673,0.10679069352794218
Defect_L17_B17_el147_H2_W2.npy,-272.1572,4775.44774,1.1054428089303633e-05,0.9999821266935085,0.40906480078818497,0.10679138650680722
Defect_L17_B18_el149_H2_W2.npy,-272.1572,4775.447639999999,1.1054428089303633e-05,0.9999821068827054,0.4090647670757713,0.10679212423068678
Defect_L17_B19_el151_H2_W2.npy,-272.1573,4775.44763,1.103461728626993e-05,0.9999821049016252,0.40906472381110603,0.10679292847876216
Defect_L17_B1_el115_H2_W2.npy,-272.1565,4775.43733,1.1193103710494503e-05,0.9999800643889134,0.40906596131331774,0.10676981479099613
Defect_L17_B20_el153_H2_W2.npy,-272.1573,4775.44761,1.103461728626993e-05,0.9999821009394646,0.40906469201793605,0.10679384042707339
Defect_L17_B21_el155_H2_W2.npy,-272.1573,4775.4475,1.103461728626993e-05,0.9999820791475813,0.4090646693173507,0.10679488938511439
Defect_L17_B22_el157_H2_W2.npy,-272.1573,4775.43737,1.103461728626993e-05,0.9999800723132345,0.4090646912688779,0.10679613528500775
Defect_L17_B23_el159_H2_W2.npy,-272.1563,4775.437349999999,1.1232725316550646e-05,0.9999800683510739,0.4090648009633774,0.10679765732438218
Defect_L17_B24_el161_H2_W2.npy,-272.15639999999996,4775.4372299999995,1.1212914513528206e-05,0.9999800445781103,0.4090651049570798,0.10679948188603416
Defect_L17_B25_el163_H2_W2.npy,-272.15639999999996,4775.437209999999,1.1212914513528206e-05,0.9999800406159496,0.40906579015405004,0.10680146192330042
Defect_L17_B26_el165_H2_W2.npy,-272.15639999999996,4775.437199999999,1.1212914513528206e-05,0.9999800386348694,0.409067661362553,0.10680278424782397
Defect_L17_B27_el451_H2_W2.npy,-272.1568,4775.43736,1.113367130141592e-05,0.9999800703321543,0.40906632224594747,0.10678209075616057
Defect_L17_B28_el453_H2_W2.npy,-272.1565,4775.437209999999,1.1193103710494503e-05,0.9999800406159496,0.4090654708544361,0.1067818512099822
Defect_L17_B29_el455_H2_W2.npy,-272.15619999999996,4775.437059999999,1.1252536119584348e-05,0.9999800108997451,0.4090654363492143,0.10678224673637089
Defect_L17_B2_el117_H2_W2.npy,-272.1563,4775.447209999999,1.1232725316550646e-05,0.9999820216962524,0.4090655453146043,0.1067713272231807
Defect_L17_B30_el457_H2_W2.npy,-272.1549,4775.44703,1.151007655893239e-05,0.9999819860368071,0.40906523242685744,0.10678249884624925
Defect_L17_B31_el459_H2_W2.npy,-272.1545,4775.447,1.1589319771044676e-05,0.9999819800935662,0.40906505886631017,0.10678281798943023
Defect_L17_B32_el461_H2_W2.npy,-272.1542,4775.4469899999995,1.164875218012326e-05,0.9999819781124858,0.4090649425959673,0.10678329478764705
Defect_L17_B33_el463_H2_W2.npy,-272.1541,4775.45699,1.16685629831457e-05,0.9999839591927885,0.40906485422400113,0.10678390140627787
Defect_L17_B34_el465_H2_W2.npy,-272.154,4775.45712,1.1688373786179403e-05,0.9999839849468325,0.40906478291011233,0.10678461146287366
Defect_L17_B35_el467_H2_W2.npy,-272.1554,4775.45722,1.1411022543797661e-05,0.9999840047576356,0.40906472869889793,0.10678541344071563
Defect_L17_B36_el469_H2_W2.npy,-272.1551,4775.45762,1.1470454952876245e-05,0.9999840840008477,0.4090646870321384,0.10678629247295077
Defect_L17_B37_el471_H2_W2.npy,-272.1537,4775.45555,1.1747806195257987e-05,0.999983673917225,0.40906466389945856,0.10678721078513334
Defect_L17_B38_el473_H2_W2.npy,-272.1577,4775.45866,1.0955374074168904e-05,0.9999842900331992,0.40906464443486096,0.10678812931506733
Defect_L17_B39_el475_H2_W2.npy,-272.1565,4775.45779,1.1193103710494503e-05,0.9999841176792129,0.4090646390026017,0.1067890065296249
Defect_L17_B3_el119_H2_W2.npy,-272.15619999999996,4775.4472,1.1252536119584348e-05,0.9999820197151721,0.4090655493484854,0.10677381056484624
Defect_L17_B40_el477_H2_W2.npy,-272.1565,4775.45786,1.1193103710494503e-05,0.999984131546775,0.4090646624143166,0.1067897896851315
Defect_L17_B41_el479_H2_W2.npy,-272.1574,4775.458,1.1014806483247489e-05,0.9999841592818991,0.4090646852165715,0.10679047160753481
Defect_L17_B42_el481_H2_W2.npy,-272.15749999999997,4775.4581,1.0994995680225048e-05,0.9999841790927022,0.40906473266224974,0.10679110030685465
Defect_L17_B43_el483_H2_W2.npy,-272.1577,4775.45813,1.0955374074168904e-05,0.9999841850359431,0.4090647798274563,0.10679173786742718
Defect_L17_B44_el485_H2_W2.npy,-272.1578,4775.45815,1.0935563271135202e-05,0.9999841889981038,0.4090648252205609,0.10679242525464339
Defect_L17_B45_el487_H2_W2.npy,-272.15799999999996,4775.45815,1.089594166509032e-05,0.9999841889981038,0.409064883883693,0.10679316510640881
Defect_L17_B46_el489_H2_W2.npy,-272.1581,4775.44803,1.0876130862056618e-05,0.9999821841448372,0.40906494813108674,0.1067939435109127
Defect_L17_B47_el491_H2_W2.npy,-272.15819999999997,4775.44791,1.0856320059034178e-05,0.9999821603718737,0.4090650320711564,0.10679475501778411
Defect_L17_B48_el493_H2_W2.npy,-272.1583,4775.4477799999995,1.0836509256000475e-05,0.9999821346178297,0.409065145037848,0.10679557649543114
Defect_L17_B49_el495_H2_W2.npy,-272.1574,4775.437639999999,1.1014806483247489e-05,0.9999801258024026,0.40906529669761466,0.10679639107290186
Defect_L17_B4_el121_H2_W2.npy,-272.156,4775.44719,1.129215772562923e-05,0.9999820177340919,0.4090654655885762,0.10677619349435905
Defect_L17_B50_el497_H2_W2.npy,-272.1575,4775.437389999999,1.0994995680213786e-05,0.9999800762753951,0.40906547379121405,0.10679712217055094
Defect_L17_B51_el499_H2_W2.npy,-272.15659999999997,4775.437239999999,1.1173292907472062e-05,0.9999800465591905,0.4090654798469797,0.1067976524971099
Defect_L17_B52_el501_H2_W2.npy,-272.1558,4775.42698,1.1331779331685374e-05,0.9999780139708001,0.40906621517553815,0.10679831805078568
Defect_L17_B53_el787_H2_W2.npy,-272.1572,4775.42728,1.1054428089303633e-05,0.9999780734032091,0.409066602436789,0.10678549965559889
Defect_L17_B54_el789_H2_W2.npy,-272.15659999999997,4775.437089999999,1.1173292907472062e-05,0.999980016842986,0.40906555900170477,0.10678569750378436
Defect_L17_B55_el791_H2_W2.npy,-272.1551,4775.436919999999,1.1470454952876245e-05,0.9999799831646208,0.4090654624446325,0.10678617345041788
Defect_L17_B56_el793_H2_W2.npy,-272.1546,4775.44676,1.1569508968010974e-05,0.9999819325476389,0.4090651722457656,0.10678636445421079
Defect_L17_B57_el795_H2_W2.npy,-272.1532,4775.44672,1.1846860210392715e-05,0.9999819246233177,0.40906494010299743,0.10678652489132838
Defect_L17_B58_el797_H2_W2.npy,-272.15270000000004,4775.4567,1.1945914225527444e-05,0.9999839017414598,0.4090647768005003,0.10678676744075709
Defect_L17_B59_el799_H2_W2.npy,-272.15240000000006,4775.45669,1.2005346634606028e-05,0.9999838997603795,0.40906464421917943,0.10678709783493907
Defect_L17_B5_el123_H2_W2.npy,-272.1559,4775.44729,1.1311968528662932e-05,0.9999820375448949,0.40906537773084223,0.10677831921502084
Defect_L17_B60_el801_H2_W2.npy,-272.15240000000006,4775.45681,1.2005346634606028e-05,0.9999839235333431,0.40906453416229555,0.10678750716275034
Defect_L17_B61_el803_H2_W2.npy,-272.153,4775.466890000001,1.188648181644886e-05,0.9999859204622884,0.4090644566769415,0.10678798957473366
Defect_L17_B62_el805_H2_W2.npy,-272.1549,4775.46735,1.151007655893239e-05,0.9999860115919822,0.4090643893083298,0.10678856031229644
Defect_L17_B63_el807_H2_W2.npy,-272.1545,4775.45515,1.1589319771044676e-05,0.9999835946740129,0.4090643337108049,0.10678920417268518
Defect_L17_B64_el809_H2_W2.npy,-272.15749999999997,4775.4584700000005,1.0994995680225048e-05,0.9999842523926735,0.4090643110439308,0.10678984557693343
Defect_L17_B65_el811_H2_W2.npy,-272.1552,4775.4577,1.1450644149853805e-05,0.9999840998494901,0.4090643147180379,0.1067904082520427
Defect_L17_B66_el813_H2_W2.npy,-272.156,4775.46795,1.129215772562923e-05,0.9999861304568004,0.4090643435606654,0.1067907978728156
Defect_L17_B67_el815_H2_W2.npy,-272.1569,4775.46825,1.1113860498382217e-05,0.9999861898892095,0.4090643995356536,0.10679099135770095
Defect_L17_B68_el817_H2_W2.npy,-272.1581,4775.46849,1.0876130862056618e-05,0.9999862374351368,0.40906445490514837,0.1067910865007353
Defect_L17_B69_el819_H2_W2.npy,-272.15830000000005,4775.46866,1.0836509255989213e-05,0.999986271113502,0.4090645465062126,0.10679118835208284
Defect_L17_B6_el125_H2_W2.npy,-272.1558,4775.4473,1.1331779331685374e-05,0.9999820395259752,0.4090653011894091,0.10678019086630246
Defect_L17_B70_el821_H2_W2.npy,-272.1595,4775.468800000001,1.0598779619674876e-05,0.9999862988486262,0.40906462139909405,0.1067913708418576
Defect_L17_B71_el823_H2_W2.npy,-272.1597,4775.45871,1.0559158013618732e-05,0.9999842999386006,0.40906470105713677,0.10679164582049705
Defect_L17_B72_el825_H2_W2.npy,-272.16,4775.4586,1.0499725604528887e-05,0.9999842781467173,0.4090648148801894,0.10679199554938389
Defect_L17_B73_el827_H2_W2.npy,-272.1591,4775.448469999999,1.06780228317759e-05,0.9999822713123705,0.40906492390540744,0.10679238993751734
Defect_L17_B74_el829_H2_W2.npy,-272.15930000000003,4775.44822,1.0638401225719758e-05,0.9999822217853631,0.409065054926319,0.10679281305780883
Defect_L17_B75_el831_H2_W2.npy,-272.1586,4775.43795,1.077707684692189e-05,0.9999801872158921,0.4090652508595307,0.10679325564083861
Defect_L17_B76_el833_H2_W2.npy,-272.15770000000003,4775.437669999999,1.0955374074157644e-05,0.9999801317456436,0.40906549941959425,0.10679361358340567
Defect_L17_B77_el835_H2_W2.npy,-272.157,4775.42728,1.1094049695359775e-05,0.9999780734032091,0.4090655294564034,0.10679367888617276
Defect_L17_B78_el837_H2_W2.npy,-272.1563,4775.41676,1.1232725316550646e-05,0.9999759893067307,0.4090664922680357,0.10679382640693771
Defect_L17_B79_el1123_H2_W2.npy,-272.1585,4775.42733,1.0796887649944331e-05,0.9999780833086107,0.4090668736900967,0.10678678132470772
Defect_L17_B7_el127_H2_W2.npy,-272.15569999999997,4775.44732,1.1351590134719077e-05,0.9999820434881359,0.4090652256493013,0.1067818188326448
Defect_L17_B80_el1125_H2_W2.npy,-272.1557,4775.427000000001,1.1351590134707816e-05,0.9999780179329608,0.40906568026350837,0.10678732808456473
Defect_L17_B81_el1127_H2_W2.npy,-272.15400000000005,4775.436809999999,1.1688373786168142e-05,0.9999799613727375,0.40906552477686575,0.10678791357594748
Defect_L17_B82_el1129_H2_W2.npy,-272.1533,4775.44662,1.1827049407370273e-05,0.9999819048125146,0.4090651732070238,0.10678813818559887
Defect_L17_B83_el1131_H2_W2.npy,-272.1517,4775.44646,1.214402225580816e-05,0.9999818731152298,0.40906489465100343,0.10678831176426248
Defect_L17_B84_el1133_H2_W2.npy,-272.1501,4775.45642,1.2460995104246045e-05,0.9999838462712114,0.4090646852885609,0.10678854832760482
Defect_L17_B85_el1135_H2_W2.npy,-272.1496,4775.4664,1.2560049119380774e-05,0.9999858233893535,0.40906452229050244,0.10678884561195322
Defect_L17_B86_el1137_H2_W2.npy,-272.1496,4775.4665,1.2560049119380774e-05,0.9999858432001566,0.40906436954132663,0.10678920118841909
Defect_L17_B87_el1139_H2_W2.npy,-272.1516,4775.47654,1.2163833058841862e-05,0.9999878322047804,0.409064267198456,0.10678963305510321
Defect_L17_B88_el1141_H2_W2.npy,-272.1561,4775.46687,1.127234692260679e-05,0.9999859165001277,0.4090641683291202,0.10679015799000918
Defect_L17_B89_el1143_H2_W2.npy,-272.1554,4775.45486,1.1411022543797661e-05,0.9999835372226841,0.409064083110039,0.10679077881532509
Defect_L17_B8_el129_H2_W2.npy,-272.15569999999997,4775.44745,1.1351590134719077e-05,0.9999820692421797,0.4090651666513142,0.10678325444261652
Defect_L17_B90_el1145_H2_W2.npy,-272.15549999999996,4775.45814,1.1391211740775219e-05,0.9999841870170234,0.40906403582362566,0.10679134461234555
Defect_L17_B91_el1147_H2_W2.npy,-272.15479999999997,4775.45763,1.1529887361966092e-05,0.9999840859819279,0.4090640301548738,0.10679178790490691
Defect_L17_B92_el1149_H2_W2.npy,-272.1556,4775.468040000001,1.1371400937741518e-05,0.9999861482865232,0.40906406909908133,0.10679190184584014
Defect_L17_B93_el1151_H2_W2.npy,-272.1575,4775.4685,1.0994995680213786e-05,0.999986239416217,0.40906414966648486,0.10679165778369902
Defect_L17_B94_el1153_H2_W2.npy,-272.1586,4775.4689,1.077707684692189e-05,0.9999863186594291,0.409064245450719,0.10679123603848092
Defect_L17_B95_el1155_H2_W2.npy,-272.1599,4775.46933,1.051953640756259e-05,0.9999864038458821,0.40906436736787477,0.10679082506639383
Defect_L17_B96_el1157_H2_W2.npy,-272.1613,4775.46951,1.0242185165180846e-05,0.9999864395053276,0.4090644833896142,0.10679058381708138
Defect_L17_B97_el1159_H2_W2.npy,-272.1616,4775.46953,1.0182752756091001e-05,0.9999864434674883,0.4090645972552274,0.10679047959329634
Defect_L17_B98_el1161_H2_W2.npy,-272.16089999999997,4775.45931,1.0321428377293134e-05,0.9999844188034188,0.40906472069611965,0.10679048717692004
Defect_L17_B99_el1163_H2_W2.npy,-272.1611,4775.45906,1.028180677123699e-05,0.9999843692764113,0.4090648625170632,0.10679057808485277
Defect_L17_B9_el131_H2_W2.npy,-272.1559,4775.44754,1.1311968528662932e-05,0.9999820870719025,0.40906511761465436,0.10678452523721817
Defect_L18_B100_el1165_H2_W2.npy,-272.15950000000004,4775.44881,1.0598779619663614e-05,0.9999823386691009,0.40906484152416367,0.10679327053499005
Defect_L18_B101_el1167_H2_W2.npy,-272.1588,4775.43838,1.0737455240865747e-05,0.9999802724023451,0.4090650703761785,0.10679355126338787
Defect_L18_B102_el1169_H2_W2.npy,-272.1581,4775.42785,1.0876130862056618e-05,0.9999781863247864,0.4090653797683899,0.10679381267891494
Defect_L18_B103_el1171_H2_W2.npy,-272.1564,4775.41709,1.1212914513516944e-05,0.9999760546823806,0.40906526013023464,0.10679367791328374
Defect_L18_B104_el1173_H2_W2.npy,-272.155,4775.4061599999995,1.1490265755909947e-05,0.9999738893616097,0.40906662827345375,0.10679399158215398
Defect_L18_B105_el1459_H2_W2.npy,-272.1624,4775.41767,1.0024266331877689e-05,0.9999761695850382,0.40906701036529974,0.10679095949048104
Defect_L18_B106_el1461_H2_W2.npy,-272.1572,4775.42712,1.1054428089303633e-05,0.9999780417059244,0.409065395583037,0.10679114234508094
Defect_L18_B107_el1463_H2_W2.npy,-272.1535,4775.43675,1.1787427801314131e-05,0.9999799494862558,0.4090654028339193,0.10679168205061489
Defect_L18_B108_el1465_H2_W2.npy,-272.149,4775.4465,1.2678913937549203e-05,0.999981881039551,0.40906499774910027,0.10679177203382008
Defect_L18_B109_el1467_H2_W2.npy,-272.1445,4775.45627,1.3570400073784276e-05,0.9999838165550067,0.40906468143981267,0.10679184408943702
Defect_L18_B10_el133_H2_W2.npy,-272.17179999999996,4775.45229,8.16205084730652e-06,0.9999830280850464,0.40906499059681034,0.10678819386889576
Defect_L18_B110_el1469_H2_W2.npy,-272.1389,4775.4561300000005,1.4679805043322505e-05,0.9999837888198827,0.4090644540851577,0.1067920146060779
Defect_L18_B111_el1471_H2_W2.npy,-272.1343,4775.465920000001,1.5591101982580018e-05,0.9999857282974991,0.40906426488434133,0.10679226344219488
Defect_L18_B112_el1473_H2_W2.npy,-272.133,4775.47538,1.584864242193932e-05,0.9999876023994653,0.40906408620146545,0.1067925859855555
Defect_L18_B113_el1475_H2_W2.npy,-272.14349999999996,4775.48391,1.3768508104064991e-05,0.9999892922609636,0.40906395470707263,0.10679296412817009
Defect_L18_B114_el1477_H2_W2.npy,-272.1695,4775.4793199999995,8.617699316924016e-06,0.9999883829451045,0.40906382709156375,0.10679353443466347
Defect_L18_B115_el1479_H2_W2.npy,-272.213,4775.537960000001,0.0,1.0,0.4090637083878754,0.10679436544178758
Defect_L18_B116_el1481_H2_W2.npy,-272.1216,4775.40053,1.810707396706066e-05,0.9999727740133993,0.4090636375957805,0.1067950282750002
Defect_L18_B117_el1483_H2_W2.npy,-272.15279999999996,4775.44407,1.1926103422516262e-05,0.9999813996370374,0.4090636186995852,0.10679562387143139
Defect_L18_B118_el1485_H2_W2.npy,-272.1587,4775.46773,1.0757266043888187e-05,0.9999860868730338,0.40906368355150785,0.10679555874071697
Defect_L18_B119_el1487_H2_W2.npy,-272.1564,4775.46881,1.1212914513516944e-05,0.9999863008297065,0.40906383790500145,0.10679477090988004
Defect_L18_B11_el135_H2_W2.npy,-272.2026,4775.51379,2.0603235148518864e-06,0.9999952117289082,0.409064956456469,0.10678918027196409
Defect_L18_B120_el1489_H2_W2.npy,-272.1625,4775.48,1.0004455528843986e-05,0.9999885176585651,0.4090639832682626,0.10679382832305805
Defect_L18_B121_el1491_H2_W2.npy,-272.16420000000005,4775.48071,9.6676718773724e-06,0.9999886583152666,0.40906416072243496,0.10679288272587029
Defect_L18_B122_el1493_H2_W2.npy,-272.1639,4775.480909999999,9.727104286462245e-06,0.9999886979368726,0.4090642826209944,0.10679235925289822
Defect_L18_B123_el1495_H2_W2.npy,-272.1634,4775.4708200000005,9.826158301596973e-06,0.9999866990268473,0.40906439824724306,0.1067921077250606
Defect_L18_B124_el1497_H2_W2.npy,-272.1628,4775.4604,9.945023119765402e-06,0.9999846347411718,0.4090645239866889,0.10679198674622259
Defect_L18_B125_el1499_H2_W2.npy,-272.1622,4775.45996,1.0063887937933833e-05,0.9999845475736385,0.4090646594368153,0.10679198345089459
Defect_L18_B126_el1501_H2_W2.npy,-272.16159999999996,4775.44941,1.0182752756102262e-05,0.9999824575339191,0.409064819981505,0.10679207035166424
Defect_L18_B127_el1503_H2_W2.npy,-272.1599,4775.438749999999,1.051953640756259e-05,0.9999803457023163,0.4090650748245992,0.1067922624978638
Defect_L18_B128_el1505_H2_W2.npy,-272.1583,4775.42806,1.0836509256000475e-05,0.9999782279274728,0.4090653970897246,0.10679242245432108
Defect_L18_B129_el1507_H2_W2.npy,-272.1568,4775.4171400000005,1.113367130141592e-05,0.9999760645877822,0.4090653088885746,0.10679216493576159
Defect_L18_B12_el137_H2_W2.npy,-272.1126,4775.40319,1.9890046239530804e-05,0.9999733009807599,0.4090649105820815,0.10679005965177774
Defect_L18_B130_el1509_H2_W2.npy,-272.1544,4775.39581,1.1609130574067116e-05,0.9999718389434964,0.409066796566746,0.10679226876505502
Defect_L18_B13_el139_H2_W2.npy,-272.1505,4775.43474,1.2381751892133759e-05,0.999979551289115,0.40906488415844194,0.10679086594704516
Defect_L18_B14_el141_H2_W2.npy,-272.15860000000004,4775.44744,1.0777076846910629e-05,0.9999820672610995,0.40906485888371025,0.1067915878694863
Defect_L18_B15_el143_H2_W2.npy,-272.1569,4775.44779,1.1113860498382217e-05,0.9999821365989101,0.4090648121782757,0.10679223982280724
Defect_L18_B16_el145_H2_W2.npy,-272.1616,4775.44812,1.0182752756091001e-05,0.9999822019745601,0.40906480166938036,0.10679285190546503
Defect_L18_B17_el147_H2_W2.npy,-272.1598,4775.447999999999,1.053934721058503e-05,0.9999821782015963,0.40906476363139777,0.1067934839524732
Defect_L18_B18_el149_H2_W2.npy,-272.15799999999996,4775.44784,1.089594166509032e-05,0.9999821465043115,0.40906471594381716,0.10679414527162046
Defect_L18_B19_el151_H2_W2.npy,-272.1573,4775.44773,1.103461728626993e-05,0.9999821247124282,0.40906467641330696,0.10679487788547616
Defect_L18_B1_el115_H2_W2.npy,-272.1581,4775.437419999999,1.0876130862056618e-05,0.999980082218636,0.4090656262688357,0.10677303144814684
Defect_L18_B20_el153_H2_W2.npy,-272.1574,4775.44755,1.1014806483247489e-05,0.9999820890529828,0.40906464668888326,0.10679571079082795
Defect_L18_B21_el155_H2_W2.npy,-272.15639999999996,4775.4375,1.1212914513528206e-05,0.9999800980672785,0.40906461385783016,0.10679666602606086
Defect_L18_B22_el157_H2_W2.npy,-272.15639999999996,4775.43736,1.1212914513528206e-05,0.9999800703321543,0.4090646302725314,0.1067978217866371
Defect_L18_B23_el159_H2_W2.npy,-272.15639999999996,4775.4373399999995,1.1212914513528206e-05,0.9999800663699936,0.4090647270022563,0.1067992542690968
Defect_L18_B24_el161_H2_W2.npy,-272.1565,4775.437209999999,1.1193103710494503e-05,0.9999800406159496,0.40906500718277444,0.10680100949792205
Defect_L18_B25_el163_H2_W2.npy,-272.15639999999996,4775.43719,1.1212914513528206e-05,0.9999800366537891,0.40906554871260514,0.1068029628541197
Defect_L18_B26_el165_H2_W2.npy,-272.15639999999996,4775.43708,1.1212914513528206e-05,0.9999800148619058,0.40906729497788974,0.10680449245525014
Defect_L18_B27_el451_H2_W2.npy,-272.1586,4775.43744,1.077707684692189e-05,0.9999800861807967,0.4090661558718055,0.10678565764390384
Defect_L18_B28_el453_H2_W2.npy,-272.1572,4775.43726,1.1054428089303633e-05,0.9999800505213512,0.40906513514009873,0.10678493357811843
Defect_L18_B29_el455_H2_W2.npy,-272.1561,4775.44711,1.127234692260679e-05,0.9999820018854495,0.409065298583947,0.10678535779565014
Defect_L18_B2_el117_H2_W2.npy,-272.1581,4775.447389999999,1.0876130862056618e-05,0.9999820573556978,0.40906529540408104,0.10677436930922013
Defect_L18_B30_el457_H2_W2.npy,-272.1541,4775.44708,1.16685629831457e-05,0.9999819959422086,0.40906509363666693,0.10678551979000436
Defect_L18_B31_el459_H2_W2.npy,-272.1521,4775.4470599999995,1.2064779043695873e-05,0.9999819919800479,0.4090649200947349,0.1067857675876853
Defect_L18_B32_el461_H2_W2.npy,-272.1501,4775.44704,1.2460995104246045e-05,0.9999819880178874,0.40906480984049,0.10678619108081312
Defect_L18_B33_el463_H2_W2.npy,-272.1472,4775.44697,1.3035508392043232e-05,0.9999819741503252,0.40906472668503363,0.10678674327407932
Defect_L18_B34_el465_H2_W2.npy,-272.1479,4775.45676,1.289683277085236e-05,0.9999839136279416,0.40906465782835705,0.10678740459438887
Defect_L18_B35_el467_H2_W2.npy,-272.15439999999995,4775.45567,1.1609130574078378e-05,0.9999836976901887,0.4090646012899542,0.10678815929743579
Defect_L18_B36_el469_H2_W2.npy,-272.172,4775.45171,8.122429241239115e-06,0.9999829131823887,0.40906455800350666,0.10678898560329517
Defect_L18_B37_el471_H2_W2.npy,-272.20399999999995,4775.52517,1.7829722724814052e-06,0.9999974661982927,0.4090645438391595,0.10678987319329672
Defect_L18_B38_el473_H2_W2.npy,-272.10920000000004,4775.40141,2.056361354245146e-05,0.9999729483484661,0.4090645112233766,0.1067907493376379
Defect_L18_B39_el475_H2_W2.npy,-272.1506,4775.44456,1.2361941089111317e-05,0.9999814967099723,0.40906453137108645,0.10679159891391306
Defect_L18_B3_el119_H2_W2.npy,-272.1571,4775.44727,1.1074238892326073e-05,0.9999820335827343,0.409065409325271,0.10677683751653597
Defect_L18_B40_el477_H2_W2.npy,-272.1597,4775.45756,1.0559158013618732e-05,0.9999840721143658,0.4090645375811261,0.10679232981271886
Defect_L18_B41_el479_H2_W2.npy,-272.1581,4775.45805,1.0876130862056618e-05,0.9999841691873007,0.4090645785276149,0.10679295447884456
Defect_L18_B42_el481_H2_W2.npy,-272.1619,4775.45857,1.0123320347012417e-05,0.9999842722034764,0.4090646308269595,0.10679351235333025
Defect_L18_B43_el483_H2_W2.npy,-272.16130000000004,4775.45856,1.0242185165169586e-05,0.9999842702223961,0.4090646762772924,0.1067940973978418
Defect_L18_B44_el485_H2_W2.npy,-272.1596,4775.4584,1.0578968816641174e-05,0.9999842385251113,0.40906472603234434,0.1067947435461136
Defect_L18_B45_el487_H2_W2.npy,-272.1589,4775.45828,1.0717644437832045e-05,0.9999842147521476,0.40906478523120793,0.10679545530897282
Defect_L18_B46_el489_H2_W2.npy,-272.15819999999997,4775.44819,1.0856320059034178e-05,0.9999822158421222,0.409064851083151,0.10679620263591456
Defect_L18_B47_el491_H2_W2.npy,-272.1583,4775.447929999999,1.0836509256000475e-05,0.9999821643340342,0.4090649290537875,0.10679699045233189
Defect_L18_B48_el493_H2_W2.npy,-272.1574,4775.44777,1.1014806483247489e-05,0.9999821326367494,0.4090650323952304,0.10679780273819471
Defect_L18_B49_el495_H2_W2.npy,-272.1575,4775.437629999999,1.0994995680213786e-05,0.9999801238213224,0.4090651779033187,0.10679862856732229
Defect_L18_B4_el121_H2_W2.npy,-272.1552,4775.44727,1.1450644149853805e-05,0.9999820335827343,0.4090653501862857,0.10677913437713821
Defect_L18_B50_el497_H2_W2.npy,-272.15659999999997,4775.43737,1.1173292907472062e-05,0.9999800723132345,0.40906534018635965,0.1067994032007783
Defect_L18_B51_el499_H2_W2.npy,-272.1567,4775.43712,1.115348210443836e-05,0.999980022786227,0.4090651811820723,0.1067999745050695
Defect_L18_B52_el501_H2_W2.npy,-272.15590000000003,4775.42684,1.1311968528651672e-05,0.9999779862356758,0.40906606214313634,0.106800962106532
Defect_L18_B53_el787_H2_W2.npy,-272.16,4775.42737,1.0499725604528887e-05,0.9999780912329319,0.4090664849427416,0.10678908426854025
Defect_L18_B54_el789_H2_W2.npy,-272.1574,4775.43714,1.1014806483247489e-05,0.9999800267483876,0.409065189642108,0.10678871280805388
Defect_L18_B55_el791_H2_W2.npy,-272.1551,4775.436949999999,1.1470454952876245e-05,0.9999799891078618,0.409065310244226,0.10678917843487219
Defect_L18_B56_el793_H2_W2.npy,-272.1528,4775.44679,1.1926103422505002e-05,0.9999819384908798,0.4090650136484221,0.10678924905247525
Defect_L18_B57_el795_H2_W2.npy,-272.1496,4775.44675,1.2560049119380774e-05,0.9999819305665586,0.4090647721028676,0.10678932314003604
Defect_L18_B58_el797_H2_W2.npy,-272.14660000000003,4775.4567,1.3154373210200401e-05,0.9999839017414598,0.4090646114962971,0.10678952742351257
Defect_L18_B59_el799_H2_W2.npy,-272.1444,4775.45662,1.3590210876806716e-05,0.9999838858928174,0.4090644887318994,0.10678982559292445
Defect_L18_B5_el123_H2_W2.npy,-272.1533,4775.447279999999,1.1827049407370273e-05,0.9999820355638145,0.40906526629157536,0.10678117517478837
Defect_L18_B60_el801_H2_W2.npy,-272.1451,4775.45636,1.3451535255615845e-05,0.9999838343847296,0.40906437531660356,0.1067901998036993
Defect_L18_B61_el803_H2_W2.npy,-272.1519,4775.46521,1.2104400649752017e-05,0.9999855876407975,0.40906429760321805,0.10679064676050086
Defect_L18_B62_el805_H2_W2.npy,-272.172,4775.46115,8.122429241239115e-06,0.9999847833221945,0.40906423342984877,0.10679119365165633
Defect_L18_B63_el807_H2_W2.npy,-272.20550000000003,4775.53541,1.4858102270546997e-06,0.9999994948245228,0.40906419991084775,0.10679184534354075
Defect_L18_B64_el809_H2_W2.npy,-272.11019999999996,4775.41088,2.0365505512193265e-05,0.9999748244315128,0.409064143850153,0.1067924686986531
Defect_L18_B65_el811_H2_W2.npy,-272.14979999999997,4775.45444,1.2520427513335892e-05,0.9999834540173115,0.4090641629068602,0.10679303705092566
Defect_L18_B66_el813_H2_W2.npy,-272.159,4775.46766,1.0697833634809603e-05,0.9999860730054717,0.409064183634464,0.10679338794356798
Defect_L18_B67_el815_H2_W2.npy,-272.1575,4775.45834,1.0994995680213786e-05,0.9999842266386295,0.40906424212289094,0.10679353058264522
Defect_L18_B68_el817_H2_W2.npy,-272.16240000000005,4775.46896,1.0024266331866428e-05,0.999986330545911,0.40906432388164643,0.10679356735771003
Defect_L18_B69_el819_H2_W2.npy,-272.1619,4775.46922,1.0123320347012417e-05,0.9999863820539988,0.4090644003825305,0.1067936237091814
Defect_L18_B6_el125_H2_W2.npy,-272.1517,4775.44738,1.214402225580816e-05,0.9999820553746176,0.4090651927949033,0.10678297063342994
Defect_L18_B70_el821_H2_W2.npy,-272.1614,4775.4691,1.0222374362147144e-05,0.9999863582810352,0.4090644861513487,0.10679378763687128
Defect_L18_B71_el823_H2_W2.npy,-272.16069999999996,4775.45898,1.0361049983349277e-05,0.9999843534277689,0.4090645714154815,0.10679405889685886
Defect_L18_B72_el825_H2_W2.npy,-272.16,4775.45879,1.0499725604528887e-05,0.999984315787243,0.4090646705921,0.10679440755167256
Defect_L18_B73_el827_H2_W2.npy,-272.15930000000003,4775.4484999999995,1.0638401225719758e-05,0.9999822772556115,0.4090647710514014,0.10679481078677504
Defect_L18_B74_el829_H2_W2.npy,-272.1584,4775.44822,1.0816698452978033e-05,0.9999822217853631,0.4090648941458076,0.106795247151802
Defect_L18_B75_el831_H2_W2.npy,-272.15770000000003,4775.43794,1.0955374074157644e-05,0.9999801852348118,0.4090650978382492,0.10679574902223846
Defect_L18_B76_el833_H2_W2.npy,-272.1578,4775.437559999999,1.0935563271135202e-05,0.9999801099537603,0.4090653395101024,0.10679620149226488
Defect_L18_B77_el835_H2_W2.npy,-272.1561,4775.427140000001,1.127234692260679e-05,0.999978045668085,0.4090651662972264,0.10679634035895162
Defect_L18_B78_el837_H2_W2.npy,-272.1555,4775.4165,1.1391211740763959e-05,0.9999759377986428,0.4090663642344541,0.10679698250618926
Defect_L18_B79_el1123_H2_W2.npy,-272.16040000000004,4775.41744,1.04204823924166e-05,0.9999761240201913,0.4090667821944434,0.10679038604794779
Defect_L18_B7_el127_H2_W2.npy,-272.14989999999995,4775.44733,1.250061671031345e-05,0.9999820454692161,0.40906513805670747,0.10678453450708769
Defect_L18_B80_el1125_H2_W2.npy,-136.34949999999998,4598.07568,0.026915650371150648,0.964843297261242,0.4082858193738054,0.10826982192113978
Defect_L2_B100_el1165_H2_W2.npy,-272.1533,4775.436019999999,1.1827049407370273e-05,0.9999798048673936,0.4090651548621435,0.10679361692260336
Defect_L2_B101_el1167_H2_W2.npy,-272.1542,4775.4362599999995,1.164875218012326e-05,0.9999798524133209,0.40906513569418623,0.10679384122134157
Defect_L2_B102_el1169_H2_W2.npy,-272.154,4775.43642,1.1688373786179403e-05,0.9999798841106059,0.4090650526367576,0.10679387796251084
Defect_L2_B103_el1171_H2_W2.npy,-272.1548,4775.44682,1.152988736195483e-05,0.9999819444341207,0.4090641388899259,0.10679343657163039
Defect_L2_B104_el1173_H2_W2.npy,-272.1564,4775.4576,1.1212914513516944e-05,0.999984080038687,0.40906403973280925,0.10679514517683952
Defect_L2_B105_el1459_H2_W2.npy,-272.1499,4775.4757,1.250061671030219e-05,0.999987665794035,0.40906423637872885,0.10679310399729089
Defect_L2_B106_el1461_H2_W2.npy,-272.1539,4775.46647,1.1708184589201844e-05,0.9999858372569157,0.4090644701354132,0.10679123156071955
Defect_L2_B107_el1463_H2_W2.npy,-272.15549999999996,4775.45696,1.1391211740775219e-05,0.9999839532495478,0.4090654353153583,0.1067919340098564
Defect_L2_B108_el1465_H2_W2.npy,-272.15680000000003,4775.45741,1.1133671301404657e-05,0.9999840423981613,0.40906549009812776,0.10679216835529484
Defect_L2_B109_el1467_H2_W2.npy,-272.15930000000003,4775.45775,1.0638401225719758e-05,0.9999841097548915,0.40906548104115575,0.10679222721892723
Defect_L2_B10_el133_H2_W2.npy,-272.15549999999996,4775.45741,1.1391211740775219e-05,0.9999840423981613,0.4090652479330257,0.10678883601391502
Defect_L2_B110_el1469_H2_W2.npy,-272.1611,4775.4480699999995,1.028180677123699e-05,0.9999821920691584,0.4090654977219101,0.10679228329094415
Defect_L2_B111_el1471_H2_W2.npy,-272.1642,4775.448359999999,9.66767187738366e-06,0.9999822495204872,0.40906550212157766,0.10679229373011824
Defect_L2_B112_el1473_H2_W2.npy,-272.1653,4775.43858,9.449753044080503e-06,0.9999803120239512,0.409065501038891,0.10679226547882724
Defect_L2_B113_el1475_H2_W2.npy,-272.1598,4775.43892,1.053934721058503e-05,0.9999803793806814,0.40906552624998327,0.10679209319503515
Defect_L2_B114_el1477_H2_W2.npy,-272.15259999999995,4775.439369999999,1.1965725028572406e-05,0.999980468529295,0.4090655586611849,0.10679181198955988
Defect_L2_B115_el1479_H2_W2.npy,-272.1551,4775.4696300000005,1.1470454952876245e-05,0.9999864632782913,0.4090656215611067,0.10679128298922246
Defect_L2_B116_el1481_H2_W2.npy,-272.1626,4775.46921,9.984644725821546e-06,0.9999863800729186,0.4090657289241476,0.10679037430627167
Defect_L2_B117_el1483_H2_W2.npy,-272.1649,4775.44841,9.52899625619279e-06,0.9999822594258888,0.40906571238899025,0.10678995785931628
Defect_L2_B118_el1485_H2_W2.npy,-272.1631,4775.4378,9.885590710686818e-06,0.9999801574996876,0.4090657066383738,0.10678970604897385
Defect_L2_B119_el1487_H2_W2.npy,-272.1613,4775.42723,1.0242185165180846e-05,0.9999780634978077,0.4090657141551402,0.10678987752255534
Defect_L2_B11_el135_H2_W2.npy,-272.1556,4775.4574,1.1371400937741518e-05,0.999984040417081,0.40906520500911925,0.10678966762998614
Defect_L2_B120_el1489_H2_W2.npy,-272.159,4775.41654,1.0697833634809603e-05,0.999975945722964,0.409065593069819,0.10679075368113289
Defect_L2_B121_el1491_H2_W2.npy,-272.1552,4775.41572,1.1450644149853805e-05,0.9999757832743792,0.4090655502489477,0.10679124294984838
Defect_L2_B122_el1493_H2_W2.npy,-272.1537,4775.41526,1.1747806195257987e-05,0.9999756921446852,0.40906548966000456,0.10679169308350926
Defect_L2_B123_el1495_H2_W2.npy,-272.1522,4775.41497,1.2044968240673433e-05,0.9999756346933565,0.4090654029801012,0.10679207759091307
Defect_L2_B124_el1497_H2_W2.npy,-272.1519,4775.41494,1.2104400649752017e-05,0.9999756287501155,0.40906533229185577,0.10679235529544154
Defect_L2_B125_el1499_H2_W2.npy,-272.1517,4775.4150500000005,1.214402225580816e-05,0.999975650541999,0.40906525827812185,0.10679259031579295
Defect_L2_B126_el1501_H2_W2.npy,-272.1516,4775.42519,1.2163833058841862e-05,0.9999776593574259,0.40906517175249707,0.10679277188477898
Defect_L2_B127_el1503_H2_W2.npy,-272.1523,4775.42544,1.202515743763973e-05,0.9999777088844335,0.4090651211229768,0.10679292746464768
Defect_L2_B128_el1505_H2_W2.npy,-272.1522,4775.4357199999995,1.2044968240673433e-05,0.9999797454349846,0.4090650108579695,0.10679287408514666
Defect_L2_B129_el1507_H2_W2.npy,-272.154,4775.43625,1.1688373786179403e-05,0.9999798504322407,0.40906403110920386,0.10679231448327767
Defect_L2_B12_el137_H2_W2.npy,-272.1558,4775.45727,1.1331779331685374e-05,0.999984014663037,0.40906515199039956,0.10679042735072128
Defect_L2_B130_el1509_H2_W2.npy,-272.15549999999996,4775.45731,1.1391211740775219e-05,0.9999840225873582,0.4090638637801771,0.10679411291744231
Defect_L2_B13_el139_H2_W2.npy,-272.156,4775.45724,1.129215772562923e-05,0.9999840087197961,0.4090651021971246,0.10679115326184392
Defect_L2_B14_el141_H2_W2.npy,-272.156,4775.45723,1.129215772562923e-05,0.9999840067387159,0.4090650443559451,0.10679185673510722
Defect_L2_B15_el143_H2_W2.npy,-272.1559,4775.44722,1.1311968528662932e-05,0.9999820236773328,0.4090650034974088,0.10679254662797572
Defect_L2_B16_el145_H2_W2.npy,-272.1559,4775.44722,1.1311968528662932e-05,0.9999820236773328,0.4090649726187725,0.10679320739365757
Defect_L2_B17_el147_H2_W2.npy,-272.1559,4775.44722,1.1311968528662932e-05,0.9999820236773328,0.4090649336211385,0.10679385463661502
Defect_L2_B18_el149_H2_W2.npy,-272.1558,4775.44723,1.1331779331685374e-05,0.9999820256584131,0.4090648822003245,0.10679448293461892
Defect_L2_B19_el151_H2_W2.npy,-272.1558,4775.4472399999995,1.1331779331685374e-05,0.9999820276394933,0.4090648498782629,0.10679510878961679
Defect_L2_B1_el115_H2_W2.npy,-272.15569999999997,4775.45722,1.1351590134719077e-05,0.9999840047576356,0.40906462713369146,0.10677503659010772
Defect_L2_B20_el153_H2_W2.npy,-272.1558,4775.44725,1.1331779331685374e-05,0.9999820296205738,0.4090648161440375,0.10679575605818763
Defect_L2_B21_el155_H2_W2.npy,-272.15569999999997,4775.45726,1.1351590134719077e-05,0.9999840126819568,0.40906479923211175,0.10679644903666395
Defect_L2_B22_el157_H2_W2.npy,-272.15569999999997,4775.45736,1.1351590134719077e-05,0.9999840324927599,0.4090648025323085,0.10679721647339112
Defect_L2_B23_el159_H2_W2.npy,-272.15569999999997,4775.44737,1.1351590134719077e-05,0.9999820533935373,0.4090648135449133,0.10679808836175377
Defect_L2_B24_el161_H2_W2.npy,-272.15569999999997,4775.44737,1.1351590134719077e-05,0.9999820533935373,0.4090648360127458,0.10679910100158084
Defect_L2_B25_el163_H2_W2.npy,-272.15569999999997,4775.44737,1.1351590134719077e-05,0.9999820533935373,0.40906460268139755,0.10680026330923797
Defect_L2_B26_el165_H2_W2.npy,-272.1567,4775.4573900000005,1.115348210443836e-05,0.9999840384360008,0.4090644720745004,0.10680217247659463
Defect_L2_B27_el451_H2_W2.npy,-272.1554,4775.45702,1.1411022543797661e-05,0.9999839651360295,0.4090650223574083,0.10678681190762378
Defect_L2_B28_el453_H2_W2.npy,-272.15569999999997,4775.45722,1.1351590134719077e-05,0.9999840047576356,0.4090649678292318,0.10678540526953025
Defect_L2_B29_el455_H2_W2.npy,-272.15680000000003,4775.45737,1.1133671301404657e-05,0.9999840344738401,0.40906561808584163,0.1067861138718199
Defect_L2_B2_el117_H2_W2.npy,-272.1559,4775.45726,1.1311968528662932e-05,0.9999840126819568,0.4090650007928494,0.10677591297011488
Defect_L2_B30_el457_H2_W2.npy,-272.1569,4775.45752,1.1113860498382217e-05,0.9999840641900446,0.40906559380325813,0.10678635945479498
Defect_L2_B31_el459_H2_W2.npy,-272.15700000000004,4775.44755,1.1094049695348515e-05,0.9999820890529828,0.40906552518299977,0.10678657616094388
Defect_L2_B32_el461_H2_W2.npy,-272.1571,4775.44757,1.1074238892326073e-05,0.9999820930151435,0.4090654840047811,0.10678689456889842
Defect_L2_B33_el463_H2_W2.npy,-272.1571,4775.44769,1.1074238892326073e-05,0.999982116788107,0.4090654381944075,0.10678729228466084
Defect_L2_B34_el465_H2_W2.npy,-272.15700000000004,4775.4477099999995,1.1094049695348515e-05,0.9999821207502675,0.40906541297719784,0.10678774858743428
Defect_L2_B35_el467_H2_W2.npy,-272.1567,4775.44774,1.115348210443836e-05,0.9999821266935085,0.4090653801648406,0.10678824564205365
Defect_L2_B36_el469_H2_W2.npy,-272.1554,4775.44775,1.1411022543797661e-05,0.9999821286745889,0.4090653592069408,0.10678875273140288
Defect_L2_B37_el471_H2_W2.npy,-272.1567,4775.45773,1.115348210443836e-05,0.999984105792731,0.4090653364654709,0.10678926215889446
Defect_L2_B38_el473_H2_W2.npy,-272.1572,4775.4575700000005,1.1054428089303633e-05,0.9999840740954462,0.40906529665821,0.10678977595442413
Defect_L2_B39_el475_H2_W2.npy,-272.1574,4775.4474199999995,1.1014806483247489e-05,0.9999820632989388,0.4090652666743677,0.10679037434852412
Defect_L2_B3_el119_H2_W2.npy,-272.15680000000003,4775.45737,1.1133671301404657e-05,0.9999840344738401,0.4090654199635858,0.10677834034020464
Defect_L2_B40_el477_H2_W2.npy,-272.1576,4775.44726,1.0975184877191346e-05,0.999982031601654,0.4090652313496217,0.10679106739333609
Defect_L2_B41_el479_H2_W2.npy,-272.15659999999997,4775.44713,1.1173292907472062e-05,0.99998200584761,0.40906519617136317,0.10679185375072041
Defect_L2_B42_el481_H2_W2.npy,-272.15639999999996,4775.4469899999995,1.1212914513528206e-05,0.9999819781124858,0.40906515932271104,0.10679267799910973
Defect_L2_B43_el483_H2_W2.npy,-272.1563,4775.44686,1.1232725316550646e-05,0.9999819523584419,0.4090651182797373,0.1067935002802281
Defect_L2_B44_el485_H2_W2.npy,-272.1551,4775.44685,1.1470454952876245e-05,0.9999819503773617,0.40906508939248026,0.10679428935926213
Defect_L2_B45_el487_H2_W2.npy,-272.15500000000003,4775.44685,1.1490265755898687e-05,0.9999819503773617,0.4090650571944554,0.10679504772708955
Defect_L2_B46_el489_H2_W2.npy,-272.15500000000003,4775.44686,1.1490265755898687e-05,0.9999819523584419,0.40906504299604624,0.10679579574973683
Defect_L2_B47_el491_H2_W2.npy,-272.1549,4775.44697,1.151007655893239e-05,0.9999819741503252,0.40906502336023814,0.10679652881694784
Defect_L2_B48_el493_H2_W2.npy,-272.1559,4775.4469899999995,1.1311968528662932e-05,0.9999819781124858,0.40906501236790394,0.1067972453962816
Defect_L2_B49_el495_H2_W2.npy,-272.1559,4775.447099999999,1.1311968528662932e-05,0.9999819999043691,0.40906502858243093,0.10679794594429982
Defect_L2_B4_el121_H2_W2.npy,-272.15680000000003,4775.45738,1.1133671301404657e-05,0.9999840364549204,0.4090654499149426,0.10678051783167476
Defect_L2_B50_el497_H2_W2.npy,-272.1558,4775.44712,1.1331779331685374e-05,0.9999820038665298,0.40906501007425594,0.1067985390240797
Defect_L2_B51_el499_H2_W2.npy,-272.15569999999997,4775.44726,1.1351590134719077e-05,0.999982031601654,0.40906439888972645,0.10679884258139934
Defect_L2_B52_el501_H2_W2.npy,-272.1566,4775.45752,1.1173292907460801e-05,0.9999840641900446,0.40906448369344756,0.10680029922416912
Defect_L2_B53_el787_H2_W2.npy,-272.1539,4775.46668,1.1708184589201844e-05,0.999985878859602,0.4090647544941363,0.10679012202993493
Defect_L2_B54_el789_H2_W2.npy,-272.15549999999996,4775.45704,1.1391211740775219e-05,0.9999839690981901,0.40906480854414706,0.10678856369026282
Defect_L2_B55_el791_H2_W2.npy,-272.1567,4775.45734,1.115348210443836e-05,0.9999840285305992,0.40906563459412276,0.1067893691299335
Defect_L2_B56_el793_H2_W2.npy,-272.1569,4775.45752,1.1113860498382217e-05,0.9999840641900446,0.4090656315021346,0.1067896083020197
Defect_L2_B57_el795_H2_W2.npy,-272.1581,4775.45768,1.0876130862056618e-05,0.9999840958873296,0.4090655770393271,0.10678971361710281
Defect_L2_B58_el797_H2_W2.npy,-272.1583,4775.447819999999,1.0836509256000475e-05,0.9999821425421509,0.40906555017243784,0.10678984393040337
Defect_L2_B59_el799_H2_W2.npy,-272.1596,4775.44786,1.0578968816641174e-05,0.9999821504664722,0.40906552002805663,0.10678997067127792
Defect_L2_B5_el123_H2_W2.npy,-272.15680000000003,4775.4573900000005,1.1133671301404657e-05,0.9999840384360008,0.4090654206386657,0.10678244345738482
Defect_L2_B60_el801_H2_W2.npy,-272.15950000000004,4775.44791,1.0598779619663614e-05,0.9999821603718737,0.4090655047345982,0.10679010942676198
Defect_L2_B61_el803_H2_W2.npy,-272.1578,4775.4480699999995,1.0935563271135202e-05,0.9999821920691584,0.4090654839994419,0.10679022763006041
Defect_L2_B62_el805_H2_W2.npy,-272.1561,4775.44812,1.127234692260679e-05,0.9999822019745601,0.40906547587500675,0.10679031391653979
Defect_L2_B63_el807_H2_W2.npy,-272.1565,4775.45809,1.1193103710494503e-05,0.9999841771116219,0.40906547234422574,0.10679034873325084
Defect_L2_B64_el809_H2_W2.npy,-272.1585,4775.4579,1.0796887649944331e-05,0.9999841394710962,0.4090654677371603,0.1067903764869042
Defect_L2_B65_el811_H2_W2.npy,-272.15909999999997,4775.4475999999995,1.0678022831787163e-05,0.9999820989583842,0.40906543944176077,0.10679053930627265
Defect_L2_B66_el813_H2_W2.npy,-272.1582,4775.44731,1.0856320059022915e-05,0.9999820415070555,0.40906541124544815,0.1067908585108787
Defect_L2_B67_el815_H2_W2.npy,-272.1582,4775.43704,1.0856320059022915e-05,0.9999800069375846,0.40906538172917717,0.10679137744883352
Defect_L2_B68_el817_H2_W2.npy,-272.1571,4775.4368699999995,1.1074238892326073e-05,0.9999799732592194,0.40906534025961483,0.1067920300884885
Defect_L2_B69_el819_H2_W2.npy,-272.1558,4775.4366,1.1331779331685374e-05,0.9999799197700513,0.4090652788378313,0.10679265230107501
Defect_L2_B6_el125_H2_W2.npy,-272.1569,4775.4474,1.1113860498382217e-05,0.9999820593367783,0.40906538734860176,0.10678412879177081
Defect_L2_B70_el821_H2_W2.npy,-272.1546,4775.43646,1.1569508968010974e-05,0.999979892034927,0.4090652501684914,0.1067932290256953
Defect_L2_B71_el823_H2_W2.npy,-272.1544,4775.4364399999995,1.1609130574067116e-05,0.9999798880727664,0.40906520527853046,0.10679376271032476
Defect_L2_B72_el825_H2_W2.npy,-272.15420000000006,4775.4364399999995,1.1648752180111998e-05,0.9999798880727664,0.4090651801422016,0.10679426281457588
Defect_L2_B73_el827_H2_W2.npy,-272.1541,4775.436549999999,1.16685629831457e-05,0.9999799098646497,0.40906515109722763,0.10679473699176475
Defect_L2_B74_el829_H2_W2.npy,-272.1551,4775.43658,1.1470454952876245e-05,0.9999799158078906,0.40906511641053056,0.10679516476723427
Defect_L2_B75_el831_H2_W2.npy,-272.1549,4775.44671,1.151007655893239e-05,0.9999819226422374,0.4090651207724664,0.106795581016147
Defect_L2_B76_el833_H2_W2.npy,-272.1549,4775.44685,1.151007655893239e-05,0.9999819503773617,0.4090650624125702,0.10679583402592355
Defect_L2_B77_el835_H2_W2.npy,-272.1558,4775.44711,1.1331779331685374e-05,0.9999820018854495,0.40906425508981353,0.10679566630829648
Defect_L2_B78_el837_H2_W2.npy,-272.1565,4775.45762,1.1193103710494503e-05,0.9999840840008477,0.4090642484625356,0.10679725704976747
Defect_L2_B79_el1123_H2_W2.npy,-272.1524,4775.46631,1.2005346634617288e-05,0.9999858055596307,0.409064472879477,0.10679189307093823
Defect_L2_B7_el127_H2_W2.npy,-272.15680000000003,4775.4574,1.1133671301404657e-05,0.999984040417081,0.409065357218063,0.10678557503417423
Defect_L2_B80_el1125_H2_W2.npy,-272.1542,4775.466820000001,1.164875218012326e-05,0.9999859065947263,0.4090646400061584,0.10679017829254558
Defect_L2_B81_el1127_H2_W2.npy,-272.1556,4775.45716,1.1371400937741518e-05,0.9999839928711537,0.4090655531054899,0.10679096586011372
Defect_L2_B82_el1129_H2_W2.npy,-272.1569,4775.45748,1.1113860498382217e-05,0.9999840562657234,0.4090655789925169,0.10679122034552681
Defect_L2_B83_el1131_H2_W2.npy,-272.15819999999997,4775.45778,1.0856320059034178e-05,0.9999841156981325,0.409065551668953,0.10679132610023845
Defect_L2_B84_el1133_H2_W2.npy,-272.15970000000004,4775.44795,1.0559158013607471e-05,0.9999821682961949,0.40906555537036277,0.10679141236341863
Defect_L2_B85_el1135_H2_W2.npy,-272.1612,4775.44812,1.0261995968203288e-05,0.9999822019745601,0.40906554462751943,0.1067914740494495
Defect_L2_B86_el1137_H2_W2.npy,-272.1612,4775.44831,1.0261995968203288e-05,0.9999822396150858,0.40906552810131647,0.10679149360562104
Defect_L2_B87_el1139_H2_W2.npy,-272.15880000000004,4775.43844,1.0737455240854486e-05,0.999980284288827,0.40906554144841506,0.10679144482582908
Defect_L2_B88_el1141_H2_W2.npy,-272.1553,4775.44864,1.1430833346820103e-05,0.9999823049907357,0.40906554554060853,0.10679130863235385
Defect_L2_B89_el1143_H2_W2.npy,-272.15610000000004,4775.45871,1.127234692259553e-05,0.9999842999386006,0.4090655725185913,0.10679102773186089
Defect_L2_B8_el129_H2_W2.npy,-272.15569999999997,4775.45741,1.1351590134719077e-05,0.9999840423981613,0.40906531937596363,0.106786819554589
Defect_L2_B90_el1145_H2_W2.npy,-272.15990000000005,4775.45837,1.0519536407551327e-05,0.9999842325818704,0.4090656064178423,0.10679063876617978
Defect_L2_B91_el1147_H2_W2.npy,-272.1608,4775.447929999999,1.0341239180315574e-05,0.9999821643340342,0.40906559497079387,0.10679045508898913
Defect_L2_B92_el1149_H2_W2.npy,-272.15999999999997,4775.43748,1.0499725604540148e-05,0.9999800941051179,0.40906556559837076,0.10679048227069335
Defect_L2_B93_el1151_H2_W2.npy,-272.1591,4775.437059999999,1.06780228317759e-05,0.9999800108997451,0.4090655429708813,0.10679081405588997
Defect_L2_B94_el1153_H2_W2.npy,-272.1579,4775.426640000001,1.0915752468112762e-05,0.9999779466140699,0.4090654705645566,0.1067914223695582
Defect_L2_B95_el1155_H2_W2.npy,-272.15540000000004,4775.42622,1.14110225437864e-05,0.9999778634086971,0.409065413565548,0.10679193189163019
Defect_L2_B96_el1157_H2_W2.npy,-272.154,4775.42593,1.1688373786179403e-05,0.9999778059573683,0.4090653747361441,0.10679237544280304
Defect_L2_B97_el1159_H2_W2.npy,-272.1538,4775.4257800000005,1.1727995392235547e-05,0.9999777762411638,0.40906531619300573,0.10679274766019717
Defect_L2_B98_el1161_H2_W2.npy,-272.1535,4775.4257800000005,1.1787427801314131e-05,0.9999777762411638,0.40906527255204345,0.10679307460579227
Defect_L2_B99_el1163_H2_W2.npy,-272.1534,4775.42589,1.1807238604347833e-05,0.9999777980330472,0.4090652124142002,0.10679336449923084
Defect_L2_B9_el131_H2_W2.npy,-272.1556,4775.45741,1.1371400937741518e-05,0.9999840423981613,0.4090652799255118,0.10678789025730091
Defect_L3_B100_el1165_H2_W2.npy,-272.1542,4775.436159999999,1.164875218012326e-05,0.9999798326025179,0.40906518152348526,0.10679297112508664
Defect_L3_B101_el1167_H2_W2.npy,-272.154,4775.4364,1.1688373786179403e-05,0.9999798801484452,0.40906515077492345,0.10679320795812526
Defect_L3_B102_el1169_H2_W2.npy,-272.1549,4775.44667,1.151007655893239e-05,0.9999819147179162,0.40906508574364764,0.1067933057494026
Defect_L3_B103_el1171_H2_W2.npy,-272.15569999999997,4775.4470599999995,1.1351590134719077e-05,0.9999819919800479,0.4090643600318854,0.10679314354690553
Defect_L3_B104_el1173_H2_W2.npy,-272.1563,4775.45773,1.1232725316550646e-05,0.999984105792731,0.4090643210194746,0.10679516124410335
Defect_L3_B105_el1459_H2_W2.npy,-272.1514,4775.47618,1.2203454664886744e-05,0.9999877608858895,0.40906426769672727,0.1067925576849412
Defect_L3_B106_el1461_H2_W2.npy,-272.1544,4775.466710000001,1.1609130574067116e-05,0.999985884802843,0.40906442853783037,0.106790353998275
Defect_L3_B107_el1463_H2_W2.npy,-272.15680000000003,4775.45717,1.1133671301404657e-05,0.999983994852234,0.40906522247929794,0.10679073737822856
Defect_L3_B108_el1465_H2_W2.npy,-272.1583,4775.4575,1.0836509256000475e-05,0.9999840602278841,0.4090653041746719,0.10679089326133849
Defect_L3_B109_el1467_H2_W2.npy,-272.1598,4775.4478,1.053934721058503e-05,0.9999821385799904,0.4090653231827182,0.10679093603120673
Defect_L3_B10_el133_H2_W2.npy,-272.1556,4775.4573900000005,1.1371400937741518e-05,0.9999840384360008,0.4090649820237749,0.10678792945365666
Defect_L3_B110_el1469_H2_W2.npy,-272.1617,4775.44797,1.016294195306856e-05,0.9999821722583555,0.4090653704896057,0.10679098584060377
Defect_L3_B111_el1471_H2_W2.npy,-272.16369999999995,4775.43812,9.76672589252965e-06,0.9999802208942573,0.40906541022615994,0.10679100755023331
Defect_L3_B112_el1473_H2_W2.npy,-272.1649,4775.43819,9.52899625619279e-06,0.9999802347618194,0.40906543660487316,0.10679100074125741
Defect_L3_B113_el1475_H2_W2.npy,-272.1609,4775.42845,1.0321428377281872e-05,0.9999783051896046,0.4090654883015736,0.10679085480142496
Defect_L3_B114_el1477_H2_W2.npy,-272.15409999999997,4775.43873,1.1668562983156962e-05,0.9999803417401557,0.4090655348931012,0.10679060915343572
Defect_L3_B115_el1479_H2_W2.npy,-272.155,4775.44876,1.1490265755909947e-05,0.9999823287636995,0.4090656049883074,0.10679013069365832
Defect_L3_B116_el1481_H2_W2.npy,-272.16060000000004,4775.45842,1.0380860786360456e-05,0.9999842424872719,0.4090656580210845,0.1067893448408383
Defect_L3_B117_el1483_H2_W2.npy,-272.1614,4775.4478,1.0222374362147144e-05,0.9999821385799904,0.4090656378361754,0.10678897249275195
Defect_L3_B118_el1485_H2_W2.npy,-272.1605,4775.4372299999995,1.0400671589394159e-05,0.9999800445781103,0.40906562396975843,0.10678877493215318
Defect_L3_B119_el1487_H2_W2.npy,-272.15970000000004,4775.42679,1.0559158013607471e-05,0.9999779763302744,0.40906561635366906,0.1067889965195646
Defect_L3_B11_el135_H2_W2.npy,-272.15569999999997,4775.45736,1.1351590134719077e-05,0.9999840324927599,0.4090649470988505,0.10678882919377439
Defect_L3_B120_el1489_H2_W2.npy,-272.1573,4775.42623,1.103461728626993e-05,0.9999778653897774,0.40906551279366676,0.10678980088447387
Defect_L3_B121_el1491_H2_W2.npy,-272.1547,4775.41557,1.1549698164988532e-05,0.9999757535581747,0.4090654606359598,0.10679031032008732
Defect_L3_B122_el1493_H2_W2.npy,-272.15229999999997,4775.41524,1.202515743765099e-05,0.9999756881825247,0.40906539848194984,0.10679078698972096
Defect_L3_B123_el1495_H2_W2.npy,-272.1519,4775.41509,1.2104400649752017e-05,0.9999756584663202,0.40906532116439653,0.10679118436062508
Defect_L3_B124_el1497_H2_W2.npy,-272.1517,4775.41508,1.214402225580816e-05,0.9999756564852398,0.4090652682727977,0.10679147301222415
Defect_L3_B125_el1499_H2_W2.npy,-272.1515,4775.4253100000005,1.2183643861864303e-05,0.9999776831303896,0.4090652063098144,0.10679172959817822
Defect_L3_B126_el1501_H2_W2.npy,-272.1523,4775.425450000001,1.202515743763973e-05,0.9999777108655139,0.40906513520527016,0.10679192215138215
Defect_L3_B127_el1503_H2_W2.npy,-272.1521,4775.4357199999995,1.2064779043695873e-05,0.9999797454349846,0.40906509857365764,0.10679209118621595
Defect_L3_B128_el1505_H2_W2.npy,-272.1529,4775.43611,1.1906292619482562e-05,0.9999798226971164,0.4090650072530326,0.10679211419792523
Defect_L3_B129_el1507_H2_W2.npy,-272.1547,4775.44664,1.1549698164988532e-05,0.9999819087746753,0.4090642188026251,0.10679187266244554
Defect_L3_B12_el137_H2_W2.npy,-272.1559,4775.45729,1.1311968528662932e-05,0.9999840186251977,0.409064891777105,0.10678965768551107
Defect_L3_B130_el1509_H2_W2.npy,-272.1562,4775.45758,1.1252536119573088e-05,0.9999840760765265,0.40906412476624504,0.1067940210639507
Defect_L3_B13_el139_H2_W2.npy,-272.1559,4775.45723,1.1311968528662932e-05,0.9999840067387159,0.4090648653781014,0.10679045579875045
Defect_L3_B14_el141_H2_W2.npy,-272.1559,4775.45724,1.1311968528662932e-05,0.9999840087197961,0.4090648213704968,0.10679122051252828
Defect_L3_B15_el143_H2_W2.npy,-272.1559,4775.44723,1.1311968528662932e-05,0.9999820256584131,0.40906479778256927,0.10679199412550221
Defect_L3_B16_el145_H2_W2.npy,-272.1559,4775.44723,1.1311968528662932e-05,0.9999820256584131,0.40906476200124453,0.10679276036153638
Defect_L3_B17_el147_H2_W2.npy,-272.1558,4775.4472399999995,1.1331779331685374e-05,0.9999820276394933,0.4090647400004568,0.10679349685820358
Defect_L3_B18_el149_H2_W2.npy,-272.1558,4775.4472399999995,1.1331779331685374e-05,0.9999820276394933,0.4090647150529567,0.10679423138855028
Defect_L3_B19_el151_H2_W2.npy,-272.1558,4775.4472399999995,1.1331779331685374e-05,0.9999820276394933,0.40906471131040123,0.10679499085250137
Defect_L3_B1_el115_H2_W2.npy,-272.1556,4775.45722,1.1371400937741518e-05,0.9999840047576356,0.4090647324781175,0.1067728846544328
Defect_L3_B20_el153_H2_W2.npy,-272.15569999999997,4775.44725,1.1351590134719077e-05,0.9999820296205738,0.4090647130175504,0.10679578219762224
Defect_L3_B21_el155_H2_W2.npy,-272.15569999999997,4775.44726,1.1351590134719077e-05,0.999982031601654,0.4090647223242189,0.10679663968375
Defect_L3_B22_el157_H2_W2.npy,-272.15569999999997,4775.44737,1.1351590134719077e-05,0.9999820533935373,0.40906474258623615,0.10679758206243237
Defect_L3_B23_el159_H2_W2.npy,-272.15569999999997,4775.44737,1.1351590134719077e-05,0.9999820533935373,0.40906479098580234,0.10679866734367922
Defect_L3_B24_el161_H2_W2.npy,-272.1558,4775.44727,1.1331779331685374e-05,0.9999820335827343,0.40906483468998855,0.10679992049651514
Defect_L3_B25_el163_H2_W2.npy,-272.1558,4775.44727,1.1331779331685374e-05,0.9999820335827343,0.4090646823929864,0.1068013822328393
Defect_L3_B26_el165_H2_W2.npy,-272.1567,4775.4573900000005,1.115348210443836e-05,0.9999840384360008,0.40906462879558614,0.10680355926737359
Defect_L3_B27_el451_H2_W2.npy,-272.1553,4775.45705,1.1430833346820103e-05,0.9999839710792704,0.40906496815097093,0.10678533613877951
Defect_L3_B28_el453_H2_W2.npy,-272.1556,4775.45723,1.1371400937741518e-05,0.9999840067387159,0.4090648811998963,0.10678385585411071
Defect_L3_B29_el455_H2_W2.npy,-272.1567,4775.45738,1.115348210443836e-05,0.9999840364549204,0.40906539456976065,0.10678443405733161
Defect_L3_B2_el117_H2_W2.npy,-272.1558,4775.45726,1.1331779331685374e-05,0.9999840126819568,0.40906499364970844,0.10677415469015732
Defect_L3_B30_el457_H2_W2.npy,-272.15680000000003,4775.45742,1.1133671301404657e-05,0.9999840443792416,0.4090653764928381,0.10678476702392134
Defect_L3_B31_el459_H2_W2.npy,-272.15700000000004,4775.45754,1.1094049695348515e-05,0.9999840681522053,0.40906533258756,0.1067851161777016
Defect_L3_B32_el461_H2_W2.npy,-272.1571,4775.44756,1.1074238892326073e-05,0.999982091034063,0.40906530456859214,0.10678557326605291
Defect_L3_B33_el463_H2_W2.npy,-272.1572,4775.44757,1.1054428089303633e-05,0.9999820930151435,0.40906528072650233,0.10678611053159129
Defect_L3_B34_el465_H2_W2.npy,-272.1572,4775.44758,1.1054428089303633e-05,0.9999820949962237,0.4090652580951638,0.10678670042919011
Defect_L3_B35_el467_H2_W2.npy,-272.1569,4775.4475999999995,1.1113860498382217e-05,0.9999820989583842,0.4090652318199166,0.10678732237693371
Defect_L3_B36_el469_H2_W2.npy,-272.1567,4775.44761,1.115348210443836e-05,0.9999821009394646,0.4090652179967039,0.10678795007690568
Defect_L3_B37_el471_H2_W2.npy,-272.1569,4775.44758,1.1113860498382217e-05,0.9999820949962237,0.40906520884083836,0.1067885694833121
Defect_L3_B38_el473_H2_W2.npy,-272.1572,4775.44748,1.1054428089303633e-05,0.9999820751854206,0.40906517253134866,0.10678919961103651
Defect_L3_B39_el475_H2_W2.npy,-272.1574,4775.44729,1.1014806483247489e-05,0.9999820375448949,0.4090651612222054,0.10678989651589717
Defect_L3_B3_el119_H2_W2.npy,-272.15569999999997,4775.45737,1.1351590134719077e-05,0.9999840344738401,0.40906529272251674,0.1067767766583371
Defect_L3_B40_el477_H2_W2.npy,-272.1575,4775.44725,1.0994995680213786e-05,0.9999820296205738,0.4090651434064496,0.10679065523065198
Defect_L3_B41_el479_H2_W2.npy,-272.1565,4775.44712,1.1193103710494503e-05,0.9999820038665298,0.4090651191839754,0.10679152321154206
Defect_L3_B42_el481_H2_W2.npy,-272.15639999999996,4775.447,1.1212914513528206e-05,0.9999819800935662,0.4090650943880583,0.10679244626025634
Defect_L3_B43_el483_H2_W2.npy,-272.1562,4775.44698,1.1252536119573088e-05,0.9999819761314055,0.40906506980068624,0.10679334171052231
Defect_L3_B44_el485_H2_W2.npy,-272.1551,4775.44687,1.1470454952876245e-05,0.9999819543395222,0.40906505408460014,0.10679420845255892
Defect_L3_B45_el487_H2_W2.npy,-272.15500000000003,4775.44687,1.1490265755898687e-05,0.9999819543395222,0.40906504640262287,0.10679504931203909
Defect_L3_B46_el489_H2_W2.npy,-272.15500000000003,4775.44696,1.1490265755898687e-05,0.999981972169245,0.40906504099141694,0.10679587760552912
Defect_L3_B47_el491_H2_W2.npy,-272.1559,4775.44698,1.1311968528662932e-05,0.9999819761314055,0.40906504267906285,0.10679668827017942
Defect_L3_B48_el493_H2_W2.npy,-272.1559,4775.4469899999995,1.1311968528662932e-05,0.9999819781124858,0.4090650454816766,0.10679747366999992
Defect_L3_B49_el495_H2_W2.npy,-272.1559,4775.447099999999,1.1311968528662932e-05,0.9999819999043691,0.4090650783367944,0.10679823273272972
Defect_L3_B4_el121_H2_W2.npy,-272.15569999999997,4775.45738,1.1351590134719077e-05,0.9999840364549204,0.40906528195106123,0.10677912560577021
Defect_L3_B50_el497_H2_W2.npy,-272.1559,4775.44713,1.1311968528662932e-05,0.99998200584761,0.40906507539241416,0.1067988919037075
Defect_L3_B51_el499_H2_W2.npy,-272.15569999999997,4775.44726,1.1351590134719077e-05,0.999982031601654,0.40906460588394883,0.10679936401586133
Defect_L3_B52_el501_H2_W2.npy,-272.1566,4775.45751,1.1173292907460801e-05,0.9999840622089644,0.40906472947168465,0.10680101280031667
Defect_L3_B53_el787_H2_W2.npy,-272.1539,4775.46684,1.1708184589201844e-05,0.9999859105568868,0.40906471061327787,0.106789197917462
Defect_L3_B54_el789_H2_W2.npy,-272.1554,4775.45718,1.1411022543797661e-05,0.9999839968333144,0.4090647177128991,0.1067874100144689
Defect_L3_B55_el791_H2_W2.npy,-272.1567,4775.45736,1.115348210443836e-05,0.9999840324927599,0.40906537978729146,0.10678796378221653
Defect_L3_B56_el793_H2_W2.npy,-272.1569,4775.45752,1.1113860498382217e-05,0.9999840641900446,0.4090653982738749,0.106788211604344
Defect_L3_B57_el795_H2_W2.npy,-272.1572,4775.45767,1.1054428089303633e-05,0.9999840939062491,0.40906537329462245,0.10678836485453864
Defect_L3_B58_el797_H2_W2.npy,-272.1585,4775.4477,1.0796887649944331e-05,0.9999821187691873,0.40906536674346894,0.10678856338486456
Defect_L3_B59_el799_H2_W2.npy,-272.1587,4775.44773,1.0757266043888187e-05,0.9999821247124282,0.4090653688142008,0.10678877520797246
Defect_L3_B5_el123_H2_W2.npy,-272.1567,4775.4573900000005,1.115348210443836e-05,0.9999840384360008,0.40906522785555033,0.1067811790935869
Defect_L3_B60_el801_H2_W2.npy,-272.1587,4775.44776,1.0757266043888187e-05,0.9999821306556692,0.40906535575917585,0.10678898364504565
Defect_L3_B61_el803_H2_W2.npy,-272.15819999999997,4775.44781,1.0856320059034178e-05,0.9999821405610706,0.40906536157932405,0.10678918559653391
Defect_L3_B62_el805_H2_W2.npy,-272.1566,4775.447929999999,1.1173292907460801e-05,0.9999821643340342,0.40906536343947775,0.10678936365119385
Defect_L3_B63_el807_H2_W2.npy,-272.1569,4775.4478899999995,1.1113860498382217e-05,0.999982156409713,0.40906538096817063,0.10678948602114048
Defect_L3_B64_el809_H2_W2.npy,-272.1575,4775.44766,1.0994995680213786e-05,0.9999821108448661,0.40906536655853365,0.10678960196909251
Defect_L3_B65_el811_H2_W2.npy,-272.158,4775.44745,1.089594166507906e-05,0.9999820692421797,0.40906536251961134,0.10678983706756856
Defect_L3_B66_el813_H2_W2.npy,-272.1581,4775.43718,1.0876130862056618e-05,0.9999800346727088,0.40906535353346296,0.10679021514405812
Defect_L3_B67_el815_H2_W2.npy,-272.157,4775.437019999999,1.1094049695359775e-05,0.9999800029754239,0.40906532922269234,0.10679079042980612
Defect_L3_B68_el817_H2_W2.npy,-272.15689999999995,4775.43676,1.1113860498393477e-05,0.9999799514673361,0.40906528910790474,0.1067914923541793
Defect_L3_B69_el819_H2_W2.npy,-272.1557,4775.4366,1.1351590134707816e-05,0.9999799197700513,0.4090652615208945,0.10679215961450853
Defect_L3_B6_el125_H2_W2.npy,-272.1567,4775.4573900000005,1.115348210443836e-05,0.9999840384360008,0.4090651815448599,0.10678295914708427
Defect_L3_B70_el821_H2_W2.npy,-272.1555,4775.43647,1.1391211740763959e-05,0.9999798940160073,0.40906523968761954,0.10679279026443074
Defect_L3_B71_el823_H2_W2.npy,-272.15430000000003,4775.436449999999,1.1628941377089558e-05,0.9999798900538466,0.4090652185206276,0.10679338357301506
Defect_L3_B72_el825_H2_W2.npy,-272.15420000000006,4775.436559999999,1.1648752180111998e-05,0.9999799118457299,0.4090651997624372,0.10679392389558867
Defect_L3_B73_el827_H2_W2.npy,-272.1551,4775.43657,1.1470454952876245e-05,0.9999799138268104,0.40906518068062353,0.10679443601467908
Defect_L3_B74_el829_H2_W2.npy,-272.155,4775.4466999999995,1.1490265755909947e-05,0.999981920661157,0.40906515921624664,0.10679489862028324
Defect_L3_B75_el831_H2_W2.npy,-272.1549,4775.44682,1.151007655893239e-05,0.9999819444341207,0.40906515964813983,0.10679533034998297
Defect_L3_B76_el833_H2_W2.npy,-272.1548,4775.44696,1.152988736195483e-05,0.999981972169245,0.40906512844732745,0.10679562760138087
Defect_L3_B77_el835_H2_W2.npy,-272.15569999999997,4775.44723,1.1351590134719077e-05,0.9999820256584131,0.4090644780113426,0.10679566822949738
Defect_L3_B78_el837_H2_W2.npy,-272.1565,4775.45764,1.1193103710494503e-05,0.9999840879630082,0.4090645263087827,0.10679752787662027
Defect_L3_B79_el1123_H2_W2.npy,-272.15270000000004,4775.46651,1.1945914225527444e-05,0.9999858451812368,0.40906446220607473,0.10679123544061117
Defect_L3_B7_el127_H2_W2.npy,-272.15569999999997,4775.4573900000005,1.1351590134719077e-05,0.9999840384360008,0.4090651355398506,0.1067844766739912
Defect_L3_B80_el1125_H2_W2.npy,-272.1553,4775.457,1.1430833346820103e-05,0.999983961173869,0.4090645639302972,0.10678921454257004
Defect_L3_B81_el1127_H2_W2.npy,-272.1567,4775.45732,1.115348210443836e-05,0.9999840245684387,0.4090653052391442,0.10678970028065277
Defect_L3_B82_el1129_H2_W2.npy,-272.1571,4775.45752,1.1074238892326073e-05,0.9999840641900446,0.4090653647876093,0.10678991963301687
Defect_L3_B83_el1131_H2_W2.npy,-272.1584,4775.44769,1.0816698452978033e-05,0.999982116788107,0.40906535465031757,0.10679001801659689
Defect_L3_B84_el1133_H2_W2.npy,-272.1599,4775.44784,1.051953640756259e-05,0.9999821465043115,0.40906539671681436,0.10679014358691134
Defect_L3_B85_el1135_H2_W2.npy,-272.1615,4775.44798,1.0202563559124704e-05,0.9999821742394358,0.4090654064240194,0.10679024120597749
Defect_L3_B86_el1137_H2_W2.npy,-272.1616,4775.438029999999,1.0182752756091001e-05,0.9999802030645345,0.4090654262922077,0.10679031197359995
Defect_L3_B87_el1139_H2_W2.npy,-272.1594,4775.43812,1.0618590422697316e-05,0.9999802208942573,0.40906544930363037,0.10679030364480534
Defect_L3_B88_el1141_H2_W2.npy,-272.15610000000004,4775.43829,1.127234692259553e-05,0.9999802545726225,0.4090654736336998,0.10679022041991905
Defect_L3_B89_el1143_H2_W2.npy,-272.1567,4775.44824,1.115348210443836e-05,0.9999822257475236,0.40906550441813877,0.1067900081029875
Defect_L3_B8_el129_H2_W2.npy,-272.15569999999997,4775.4573900000005,1.1351590134719077e-05,0.9999840384360008,0.40906507647538626,0.10678578234625093
Defect_L3_B90_el1145_H2_W2.npy,-272.15889999999996,4775.44798,1.0717644437843305e-05,0.9999821742394358,0.40906551629108573,0.10678969834654403
Defect_L3_B91_el1147_H2_W2.npy,-272.1596,4775.44761,1.0578968816641174e-05,0.9999821009394646,0.40906552413485275,0.10678957979422932
Defect_L3_B92_el1149_H2_W2.npy,-272.15860000000004,4775.437199999999,1.0777076846910629e-05,0.9999800386348694,0.409065505058509,0.10678964087785017
Defect_L3_B93_el1151_H2_W2.npy,-272.1577,4775.4369,1.0955374074168904e-05,0.9999799792024603,0.40906548205413157,0.10679000460375833
Defect_L3_B94_el1153_H2_W2.npy,-272.1565,4775.4265000000005,1.1193103710494503e-05,0.9999779188789456,0.40906542289434344,0.10679062349283616
Defect_L3_B95_el1155_H2_W2.npy,-272.15520000000004,4775.4262,1.1450644149842543e-05,0.9999778594465364,0.40906537159592105,0.10679115657597767
Defect_L3_B96_el1157_H2_W2.npy,-272.1538,4775.42593,1.1727995392235547e-05,0.9999778059573683,0.409065338990887,0.10679163440985424
Defect_L3_B97_el1159_H2_W2.npy,-272.1536,4775.42591,1.176761699829169e-05,0.9999778019952077,0.40906529144241827,0.10679204301670321
Defect_L3_B98_el1161_H2_W2.npy,-272.1534,4775.4259,1.1807238604347833e-05,0.9999778000141274,0.4090652506538307,0.10679239063701616
Defect_L3_B99_el1163_H2_W2.npy,-272.1533,4775.436019999999,1.1827049407370273e-05,0.9999798048673936,0.40906520885786746,0.10679269910851044
Defect_L3_B9_el131_H2_W2.npy,-272.1556,4775.4573900000005,1.1371400937741518e-05,0.9999840384360008,0.4090650111650212,0.10678691680666057
Defect_L4_B100_el1165_H2_W2.npy,-272.1541,4775.43642,1.16685629831457e-05,0.9999798841106059,0.40906519775934685,0.10679022620740782
Defect_L4_B101_el1167_H2_W2.npy,-272.155,4775.446559999999,1.1490265755909947e-05,0.9999818929260327,0.40906515123299725,0.10679047951824196
Defect_L4_B102_el1169_H2_W2.npy,-272.1549,4775.4468099999995,1.151007655893239e-05,0.9999819424530403,0.4090650701349728,0.10679065425519493
Defect_L4_B103_el1171_H2_W2.npy,-272.15569999999997,4775.44709,1.1351590134719077e-05,0.9999819979232888,0.40906460203135026,0.10679083089591865
Defect_L4_B104_el1173_H2_W2.npy,-272.1564,4775.4576,1.1212914513516944e-05,0.999984080038687,0.40906459544563345,0.10679298124829832
Defect_L4_B105_el1459_H2_W2.npy,-272.1528,4775.466350000001,1.1926103422505002e-05,0.9999858134839521,0.40906450971816544,0.10679024314841037
Defect_L4_B106_el1461_H2_W2.npy,-272.1554,4775.45682,1.1411022543797661e-05,0.9999839255144235,0.4090646134826286,0.10678795405374233
Defect_L4_B107_el1463_H2_W2.npy,-272.1569,4775.45715,1.1113860498382217e-05,0.9999839908900735,0.40906513847291276,0.1067879659578842
Defect_L4_B108_el1465_H2_W2.npy,-272.15720000000005,4775.45736,1.105442808929237e-05,0.9999840324927599,0.4090652313298016,0.10678804393803294
Defect_L4_B109_el1467_H2_W2.npy,-272.1588,4775.44765,1.0737455240865747e-05,0.9999821088637858,0.40906529453987905,0.10678810051785104
Defect_L4_B10_el133_H2_W2.npy,-272.1556,4775.4573900000005,1.1371400937741518e-05,0.9999840384360008,0.40906516081985766,0.1067853713064414
Defect_L4_B110_el1469_H2_W2.npy,-272.1603,4775.447819999999,1.0440293195450303e-05,0.9999821425421509,0.40906536352794376,0.10678816662092237
Defect_L4_B111_el1471_H2_W2.npy,-272.1619,4775.43797,1.0123320347012417e-05,0.9999801911780528,0.40906541359737564,0.10678821050141674
Defect_L4_B112_el1473_H2_W2.npy,-272.16299999999995,4775.438029999999,9.90540151372052e-06,0.9999802030645345,0.40906545770783126,0.10678821764847418
Defect_L4_B113_el1475_H2_W2.npy,-272.15970000000004,4775.43816,1.0559158013607471e-05,0.9999802288185785,0.409065509540101,0.1067881167520538
Defect_L4_B114_el1477_H2_W2.npy,-272.15590000000003,4775.43837,1.1311968528651672e-05,0.9999802704212648,0.40906554690837094,0.10678789308482355
Defect_L4_B115_el1479_H2_W2.npy,-272.1565,4775.44844,1.1193103710494503e-05,0.9999822653691298,0.4090655730761588,0.10678746797350702
Defect_L4_B116_el1481_H2_W2.npy,-272.1603,4775.44809,1.0440293195450303e-05,0.9999821960313191,0.40906562770037697,0.10678680401791017
Defect_L4_B117_el1483_H2_W2.npy,-272.1609,4775.43766,1.0321428377281872e-05,0.9999801297645633,0.40906560620335874,0.10678640895302376
Defect_L4_B118_el1485_H2_W2.npy,-272.159,4775.4372299999995,1.0697833634809603e-05,0.9999800445781103,0.40906559754979455,0.10678620628067237
Defect_L4_B119_el1487_H2_W2.npy,-272.1581,4775.42692,1.0876130862056618e-05,0.9999780020843182,0.40906559687108873,0.10678636219536317
Defect_L4_B11_el135_H2_W2.npy,-272.15569999999997,4775.45738,1.1351590134719077e-05,0.9999840364549204,0.40906512559639463,0.10678634535055694
Defect_L4_B120_el1489_H2_W2.npy,-272.1569,4775.4265000000005,1.1113860498382217e-05,0.9999779188789456,0.40906551037797745,0.10678702851178938
Defect_L4_B121_el1491_H2_W2.npy,-272.1555,4775.4259600000005,1.1391211740763959e-05,0.9999778119006093,0.4090654771509636,0.10678751836395008
Defect_L4_B122_el1493_H2_W2.npy,-272.15409999999997,4775.42566,1.1668562983156962e-05,0.9999777524682001,0.40906543213774166,0.10678796288485277
Defect_L4_B123_el1495_H2_W2.npy,-272.1528,4775.42551,1.1926103422505002e-05,0.9999777227519956,0.4090653655650554,0.10678834207358011
Defect_L4_B124_el1497_H2_W2.npy,-272.1526,4775.4255,1.1965725028561146e-05,0.9999777207709153,0.4090653055565668,0.10678863943944515
Defect_L4_B125_el1499_H2_W2.npy,-272.1524,4775.42561,1.2005346634617288e-05,0.9999777425627986,0.4090652358095623,0.10678889317683209
Defect_L4_B126_el1501_H2_W2.npy,-272.1533,4775.43585,1.1827049407370273e-05,0.9999797711890286,0.4090651629520198,0.10678910268221084
Defect_L4_B127_el1503_H2_W2.npy,-272.15299999999996,4775.4361,1.188648181646012e-05,0.9999798207160362,0.4090650867086496,0.1067892865745931
Defect_L4_B128_el1505_H2_W2.npy,-272.1539,4775.446379999999,1.1708184589201844e-05,0.9999818572665873,0.409064986533918,0.10678941020633392
Defect_L4_B129_el1507_H2_W2.npy,-272.1547,4775.44678,1.1549698164988532e-05,0.9999819365097995,0.4090644679764647,0.10678954519929891
Defect_L4_B12_el137_H2_W2.npy,-272.1558,4775.45736,1.1331779331685374e-05,0.9999840324927599,0.4090650917288729,0.10678723250626326
Defect_L4_B130_el1509_H2_W2.npy,-272.1563,4775.45745,1.1232725316550646e-05,0.9999840503224825,0.4090644160930045,0.10679184193390856
Defect_L4_B13_el139_H2_W2.npy,-272.1559,4775.45726,1.1311968528662932e-05,0.9999840126819568,0.40906505368395446,0.10678808612590812
Defect_L4_B14_el141_H2_W2.npy,-272.1559,4775.45725,1.1311968528662932e-05,0.9999840107008765,0.40906501154121894,0.1067889170157055
Defect_L4_B15_el143_H2_W2.npy,-272.1559,4775.45724,1.1311968528662932e-05,0.9999840087197961,0.40906497673979636,0.10678973139193342
Defect_L4_B16_el145_H2_W2.npy,-272.1559,4775.44725,1.1311968528662932e-05,0.9999820296205738,0.40906493798046395,0.10679054615163891
Defect_L4_B17_el147_H2_W2.npy,-272.1559,4775.44725,1.1311968528662932e-05,0.9999820296205738,0.40906491109958243,0.10679135103939441
Defect_L4_B18_el149_H2_W2.npy,-272.1559,4775.44725,1.1311968528662932e-05,0.9999820296205738,0.4090648781537425,0.10679215473279217
Defect_L4_B19_el151_H2_W2.npy,-272.1559,4775.44725,1.1311968528662932e-05,0.9999820296205738,0.40906484458435294,0.10679297408146779
Defect_L4_B1_el115_H2_W2.npy,-272.1556,4775.45723,1.1371400937741518e-05,0.9999840067387159,0.40906501480604646,0.10676996345746251
Defect_L4_B20_el153_H2_W2.npy,-272.15569999999997,4775.44726,1.1351590134719077e-05,0.999982031601654,0.4090648328480255,0.10679384275771035
Defect_L4_B21_el155_H2_W2.npy,-272.15569999999997,4775.44726,1.1351590134719077e-05,0.999982031601654,0.40906481983382625,0.10679477817973851
Defect_L4_B22_el157_H2_W2.npy,-272.1558,4775.44736,1.1331779331685374e-05,0.9999820514124571,0.40906482184348636,0.10679580343150344
Defect_L4_B23_el159_H2_W2.npy,-272.1558,4775.44737,1.1331779331685374e-05,0.9999820533935373,0.4090648522345382,0.10679697137202351
Defect_L4_B24_el161_H2_W2.npy,-272.1558,4775.44727,1.1331779331685374e-05,0.9999820335827343,0.4090648848184264,0.10679831746415065
Defect_L4_B25_el163_H2_W2.npy,-272.1558,4775.44727,1.1331779331685374e-05,0.9999820335827343,0.40906482073221184,0.10679991770416596
Defect_L4_B26_el165_H2_W2.npy,-272.1558,4775.44738,1.1331779331685374e-05,0.9999820553746176,0.40906483209298816,0.10680214599424251
Defect_L4_B27_el451_H2_W2.npy,-272.1554,4775.45706,1.1411022543797661e-05,0.9999839730603507,0.4090651194040527,0.10678248332593661
Defect_L4_B28_el453_H2_W2.npy,-272.1556,4775.45722,1.1371400937741518e-05,0.9999840047576356,0.40906501146630553,0.10678101591028898
Defect_L4_B29_el455_H2_W2.npy,-272.1558,4775.45736,1.1331779331685374e-05,0.9999840324927599,0.4090653269143176,0.10678131593962412
Defect_L4_B2_el117_H2_W2.npy,-272.1558,4775.45725,1.1331779331685374e-05,0.9999840107008765,0.4090651283964882,0.10677119377930414
Defect_L4_B30_el457_H2_W2.npy,-272.15680000000003,4775.4573900000005,1.1133671301404657e-05,0.9999840384360008,0.40906532401733414,0.10678163565435134
Defect_L4_B31_el459_H2_W2.npy,-272.1569,4775.45742,1.1113860498382217e-05,0.9999840443792416,0.40906531493658305,0.10678203409598581
Defect_L4_B32_el461_H2_W2.npy,-272.15700000000004,4775.4475299999995,1.1094049695348515e-05,0.9999820850908221,0.4090653091369305,0.10678253202909781
Defect_L4_B33_el463_H2_W2.npy,-272.1571,4775.44755,1.1074238892326073e-05,0.9999820890529828,0.40906532161738846,0.10678312025706274
Defect_L4_B34_el465_H2_W2.npy,-272.15700000000004,4775.44756,1.1094049695348515e-05,0.999982091034063,0.40906530282683573,0.10678376430234184
Defect_L4_B35_el467_H2_W2.npy,-272.1569,4775.44757,1.1113860498382217e-05,0.9999820930151435,0.4090652945470031,0.10678444411607646
Defect_L4_B36_el469_H2_W2.npy,-272.15680000000003,4775.44758,1.1133671301404657e-05,0.9999820949962237,0.40906528629115874,0.10678512811725696
Defect_L4_B37_el471_H2_W2.npy,-272.1569,4775.44757,1.1113860498382217e-05,0.9999820930151435,0.40906528703156936,0.10678581660009577
Defect_L4_B38_el473_H2_W2.npy,-272.1571,4775.44743,1.1074238892326073e-05,0.9999820652800192,0.4090652714067339,0.10678651333544047
Defect_L4_B39_el475_H2_W2.npy,-272.1573,4775.4474,1.103461728626993e-05,0.9999820593367783,0.4090652562665899,0.10678725756338543
Defect_L4_B3_el119_H2_W2.npy,-272.1558,4775.45726,1.1331779331685374e-05,0.9999840126819568,0.4090653288144224,0.1067737192310756
Defect_L4_B40_el477_H2_W2.npy,-272.1574,4775.447279999999,1.1014806483247489e-05,0.9999820355638145,0.4090652375334883,0.10678807436716845
Defect_L4_B41_el479_H2_W2.npy,-272.15639999999996,4775.44715,1.1212914513528206e-05,0.9999820098097707,0.40906521417182956,0.10678895843568585
Defect_L4_B42_el481_H2_W2.npy,-272.1563,4775.44712,1.1232725316550646e-05,0.9999820038665298,0.4090651937151753,0.10678989526671004
Defect_L4_B43_el483_H2_W2.npy,-272.1562,4775.44701,1.1252536119573088e-05,0.9999819820746464,0.40906516489000305,0.1067908247819748
Defect_L4_B44_el485_H2_W2.npy,-272.1561,4775.4469899999995,1.127234692260679e-05,0.9999819781124858,0.4090651567976237,0.10679173365833046
Defect_L4_B45_el487_H2_W2.npy,-272.1561,4775.4469899999995,1.127234692260679e-05,0.9999819781124858,0.40906513713888887,0.10679261689083881
Defect_L4_B46_el489_H2_W2.npy,-272.156,4775.4469899999995,1.129215772562923e-05,0.9999819781124858,0.40906511676602864,0.106793475983224
Defect_L4_B47_el491_H2_W2.npy,-272.156,4775.447,1.129215772562923e-05,0.9999819800935662,0.4090651107657794,0.10679431953394006
Defect_L4_B48_el493_H2_W2.npy,-272.1559,4775.44711,1.1311968528662932e-05,0.9999820018854495,0.4090650933334894,0.10679513400645273
Defect_L4_B49_el495_H2_W2.npy,-272.1559,4775.44712,1.1311968528662932e-05,0.9999820038665298,0.4090651047402099,0.1067959202702137
Defect_L4_B4_el121_H2_W2.npy,-272.15569999999997,4775.45737,1.1351590134719077e-05,0.9999840344738401,0.40906533164021863,0.10677612216149475
Defect_L4_B50_el497_H2_W2.npy,-272.1559,4775.4472399999995,1.1311968528662932e-05,0.9999820276394933,0.409065109643921,0.1067966325664255
Defect_L4_B51_el499_H2_W2.npy,-272.15569999999997,4775.44726,1.1351590134719077e-05,0.999982031601654,0.4090648236805791,0.10679729597947557
Defect_L4_B52_el501_H2_W2.npy,-272.1567,4775.4575,1.115348210443836e-05,0.9999840602278841,0.40906494518407893,0.10679901750491158
Defect_L4_B53_el787_H2_W2.npy,-272.15409999999997,4775.45687,1.1668562983156962e-05,0.999983935419825,0.409064885170661,0.10678664571886637
Defect_L4_B54_el789_H2_W2.npy,-272.15549999999996,4775.45717,1.1391211740775219e-05,0.999983994852234,0.409064868123283,0.10678480930320784
Defect_L4_B55_el791_H2_W2.npy,-272.15569999999997,4775.45734,1.1351590134719077e-05,0.9999840285305992,0.4090652850747463,0.10678502468636035
Defect_L4_B56_el793_H2_W2.npy,-272.15680000000003,4775.4574,1.1133671301404657e-05,0.999984040417081,0.40906531797437945,0.10678522410851399
Defect_L4_B57_el795_H2_W2.npy,-272.1571,4775.45753,1.1074238892326073e-05,0.9999840661711249,0.40906533065894823,0.10678540129220143
Defect_L4_B58_el797_H2_W2.npy,-272.1583,4775.44757,1.0836509256000475e-05,0.9999820930151435,0.4090653588408296,0.10678562948924111
Defect_L4_B59_el799_H2_W2.npy,-272.1585,4775.4477,1.0796887649944331e-05,0.9999821187691873,0.40906537570254486,0.1067858661202331
Defect_L4_B5_el123_H2_W2.npy,-272.15569999999997,4775.45737,1.1351590134719077e-05,0.9999840344738401,0.4090653170626956,0.10677825810192089
Defect_L4_B60_el801_H2_W2.npy,-272.1584,4775.44773,1.0816698452978033e-05,0.9999821247124282,0.4090653861533767,0.10678611846405336
Defect_L4_B61_el803_H2_W2.npy,-272.1571,4775.44776,1.1074238892326073e-05,0.9999821306556692,0.4090653963525145,0.10678635673097521
Defect_L4_B62_el805_H2_W2.npy,-272.1567,4775.4477799999995,1.115348210443836e-05,0.9999821346178297,0.40906540189016005,0.10678656874362141
Defect_L4_B63_el807_H2_W2.npy,-272.1569,4775.44777,1.1113860498382217e-05,0.9999821326367494,0.4090654148365534,0.10678674429532495
Defect_L4_B64_el809_H2_W2.npy,-272.1574,4775.4475999999995,1.1014806483247489e-05,0.9999820989583842,0.4090654254392952,0.10678692157439824
Defect_L4_B65_el811_H2_W2.npy,-272.15770000000003,4775.44745,1.0955374074157644e-05,0.9999820692421797,0.4090654098329357,0.10678718974927345
Defect_L4_B66_el813_H2_W2.npy,-272.1578,4775.44729,1.0935563271135202e-05,0.9999820375448949,0.409065402542751,0.10678759060579818
Defect_L4_B67_el815_H2_W2.npy,-272.1568,4775.43704,1.113367130141592e-05,0.9999800069375846,0.409065387874929,0.10678814458030844
Defect_L4_B68_el817_H2_W2.npy,-272.1567,4775.43689,1.115348210443836e-05,0.9999799772213801,0.4090653573314349,0.10678882795032792
Defect_L4_B69_el819_H2_W2.npy,-272.1555,4775.43675,1.1391211740763959e-05,0.9999799494862558,0.4090653257430855,0.10678950283536975
Defect_L4_B6_el125_H2_W2.npy,-272.15569999999997,4775.45738,1.1351590134719077e-05,0.9999840364549204,0.40906529148259885,0.10678011166940496
Defect_L4_B70_el821_H2_W2.npy,-272.1555,4775.43672,1.1391211740763959e-05,0.9999799435430149,0.40906530271647373,0.10679013291192083
Defect_L4_B71_el823_H2_W2.npy,-272.1553,4775.436699999999,1.1430833346820103e-05,0.9999799395808542,0.4090652742536021,0.1067907354957562
Defect_L4_B72_el825_H2_W2.npy,-272.15520000000004,4775.436699999999,1.1450644149842543e-05,0.9999799395808542,0.40906525236622365,0.10679129336745777
Defect_L4_B73_el827_H2_W2.npy,-272.15500000000003,4775.44671,1.1490265755898687e-05,0.9999819226422374,0.40906522500691417,0.10679181260808322
Defect_L4_B74_el829_H2_W2.npy,-272.15500000000003,4775.44683,1.1490265755898687e-05,0.999981946415201,0.40906520014948394,0.10679229480877726
Defect_L4_B75_el831_H2_W2.npy,-272.1549,4775.44695,1.151007655893239e-05,0.9999819701881646,0.40906516513166336,0.10679273453905909
Defect_L4_B76_el833_H2_W2.npy,-272.1558,4775.44709,1.1331779331685374e-05,0.9999819979232888,0.40906512093912395,0.10679308331770751
Defect_L4_B77_el835_H2_W2.npy,-272.1558,4775.44723,1.1331779331685374e-05,0.9999820256584131,0.40906472139324673,0.10679340778707279
Defect_L4_B78_el837_H2_W2.npy,-272.1565,4775.45751,1.1193103710494503e-05,0.9999840622089644,0.40906477185641277,0.10679537682745255
Defect_L4_B79_el1123_H2_W2.npy,-272.1539,4775.46666,1.1708184589201844e-05,0.9999858748974414,0.4090646721125338,0.10678884838914822
Defect_L4_B7_el127_H2_W2.npy,-272.15569999999997,4775.4573900000005,1.1351590134719077e-05,0.9999840384360008,0.40906525840395536,0.10678170680014978
Defect_L4_B80_el1125_H2_W2.npy,-272.1554,4775.457,1.1411022543797661e-05,0.999983961173869,0.40906473078947236,0.10678674452337614
Defect_L4_B81_el1127_H2_W2.npy,-272.15569999999997,4775.4572,1.1351590134719077e-05,0.9999840007954749,0.40906521347072405,0.10678686845084326
Defect_L4_B82_el1129_H2_W2.npy,-272.15700000000004,4775.45738,1.1094049695348515e-05,0.9999840364549204,0.40906528410171167,0.10678702613822613
Defect_L4_B83_el1131_H2_W2.npy,-272.1583,4775.44755,1.0836509256000475e-05,0.9999820890529828,0.4090653217376241,0.10678714402010124
Defect_L4_B84_el1133_H2_W2.npy,-272.1587,4775.4477,1.0757266043888187e-05,0.9999821187691873,0.4090653589513874,0.10678727916911687
Defect_L4_B85_el1135_H2_W2.npy,-272.16,4775.44783,1.0499725604528887e-05,0.9999821445232313,0.40906540336554037,0.10678739982327257
Defect_L4_B86_el1137_H2_W2.npy,-272.1601,4775.44788,1.0479914801506445e-05,0.9999821544286327,0.4090654253936117,0.10678749248896699
Defect_L4_B87_el1139_H2_W2.npy,-272.1583,4775.43795,1.0836509256000475e-05,0.9999801872158921,0.40906546072207645,0.10678752380965763
Defect_L4_B88_el1141_H2_W2.npy,-272.1565,4775.447999999999,1.1193103710494503e-05,0.9999821782015963,0.40906548416177396,0.10678747214419286
Defect_L4_B89_el1143_H2_W2.npy,-272.1569,4775.44798,1.1113860498382217e-05,0.9999821742394358,0.4090655071314586,0.10678731032036323
Defect_L4_B8_el129_H2_W2.npy,-272.15569999999997,4775.4573900000005,1.1351590134719077e-05,0.9999840384360008,0.4090652385926541,0.10678309362133351
Defect_L4_B90_el1145_H2_W2.npy,-272.1588,4775.4477799999995,1.0737455240865747e-05,0.9999821346178297,0.4090655247746652,0.1067870740471631
Defect_L4_B91_el1147_H2_W2.npy,-272.1593,4775.44749,1.0638401225731018e-05,0.9999820771665009,0.409065523570378,0.10678697213526404
Defect_L4_B92_el1149_H2_W2.npy,-272.1583,4775.437199999999,1.0836509256000475e-05,0.9999800386348694,0.4090655238141663,0.1067870467271482
Defect_L4_B93_el1151_H2_W2.npy,-272.1574,4775.43693,1.1014806483247489e-05,0.9999799851457013,0.4090654993790437,0.10678735180291363
Defect_L4_B94_el1153_H2_W2.npy,-272.1563,4775.43675,1.1232725316550646e-05,0.9999799494862558,0.4090654470826111,0.1067879093090243
Defect_L4_B95_el1155_H2_W2.npy,-272.1559,4775.43647,1.1311968528662932e-05,0.9999798940160073,0.4090654145873803,0.10678842375564457
Defect_L4_B96_el1157_H2_W2.npy,-272.1548,4775.43631,1.152988736195483e-05,0.9999798623187225,0.409065377031442,0.10678887370096828
Defect_L4_B97_el1159_H2_W2.npy,-272.1546,4775.436189999999,1.1569508968010974e-05,0.9999798385457588,0.40906534001565203,0.10678928256774488
Defect_L4_B98_el1161_H2_W2.npy,-272.1544,4775.43618,1.1609130574067116e-05,0.9999798365646785,0.4090652997840542,0.1067896366448489
Defect_L4_B99_el1163_H2_W2.npy,-272.15420000000006,4775.43629,1.1648752180111998e-05,0.9999798583565619,0.4090652530433314,0.10678995201016206
Defect_L4_B9_el131_H2_W2.npy,-272.1556,4775.4573900000005,1.1371400937741518e-05,0.9999840384360008,0.40906519882232845,0.10678430114580882
Defect_L5_B100_el1165_H2_W2.npy,-272.1551,4775.4366899999995,1.1470454952876245e-05,0.9999799375997739,0.40906480927215216,0.10678424409559989
Defect_L5_B101_el1167_H2_W2.npy,-272.1549,4775.44671,1.151007655893239e-05,0.9999819226422374,0.40906478138045405,0.10678447873934635
Defect_L5_B102_el1169_H2_W2.npy,-272.1549,4775.44684,1.151007655893239e-05,0.9999819483962812,0.4090647663888808,0.10678469316956085
Defect_L5_B103_el1171_H2_W2.npy,-272.1558,4775.44698,1.1331779331685374e-05,0.9999819761314055,0.40906467278121245,0.10678509569112694
Defect_L5_B104_el1173_H2_W2.npy,-272.15569999999997,4775.44723,1.1351590134719077e-05,0.9999820256584131,0.4090647222448239,0.10678665296831319
Defect_L5_B105_el1459_H2_W2.npy,-272.1543,4775.45672,1.1628941377100818e-05,0.9999839057036204,0.40906474262630504,0.10678475126058266
Defect_L5_B106_el1461_H2_W2.npy,-272.15549999999996,4775.45702,1.1391211740775219e-05,0.9999839651360295,0.409064743164052,0.10678311157622587
Defect_L5_B107_el1463_H2_W2.npy,-272.1567,4775.45722,1.115348210443836e-05,0.9999840047576356,0.4090648481330083,0.10678282339175407
Defect_L5_B108_el1465_H2_W2.npy,-272.15700000000004,4775.4575,1.1094049695348515e-05,0.9999840602278841,0.40906487188285384,0.10678278682894457
Defect_L5_B109_el1467_H2_W2.npy,-272.15819999999997,4775.45768,1.0856320059034178e-05,0.9999840958873296,0.4090649026705092,0.10678277746096554
Defect_L5_B10_el133_H2_W2.npy,-272.1558,4775.45726,1.1331779331685374e-05,0.9999840126819568,0.40906473887866585,0.10678039874472062
Defect_L5_B110_el1469_H2_W2.npy,-272.1585,4775.44773,1.0796887649944331e-05,0.9999821247124282,0.40906492637769504,0.10678277605515493
Defect_L5_B111_el1471_H2_W2.npy,-272.1588,4775.44787,1.0737455240865747e-05,0.9999821524475525,0.409064948812461,0.106782764700489
Defect_L5_B112_el1473_H2_W2.npy,-272.16,4775.4478899999995,1.0499725604528887e-05,0.999982156409713,0.4090649751907454,0.10678272473890114
Defect_L5_B113_el1475_H2_W2.npy,-272.15889999999996,4775.447819999999,1.0717644437843305e-05,0.9999821425421509,0.4090649988828598,0.1067826153133828
Defect_L5_B114_el1477_H2_W2.npy,-272.1588,4775.437809999999,1.0737455240865747e-05,0.9999801594807678,0.40906501948456614,0.10678241575704239
Defect_L5_B115_el1479_H2_W2.npy,-272.1593,4775.43761,1.0638401225731018e-05,0.9999801198591619,0.40906503800214367,0.10678210489422368
Defect_L5_B116_el1481_H2_W2.npy,-272.1598,4775.43751,1.053934721058503e-05,0.9999801000483588,0.40906506111562857,0.10678172398645551
Defect_L5_B117_el1483_H2_W2.npy,-272.1589,4775.43719,1.0717644437832045e-05,0.9999800366537891,0.4090650554314531,0.10678143249921226
Defect_L5_B118_el1485_H2_W2.npy,-272.1587,4775.43693,1.0757266043888187e-05,0.9999799851457013,0.4090650472880855,0.10678130050377646
Defect_L5_B119_el1487_H2_W2.npy,-272.1576,4775.42676,1.0975184877191346e-05,0.9999779703870335,0.40906502898065966,0.10678141521439162
Defect_L5_B11_el135_H2_W2.npy,-272.1558,4775.45726,1.1331779331685374e-05,0.9999840126819568,0.40906470176407317,0.1067811755969563
Defect_L5_B120_el1489_H2_W2.npy,-272.1563,4775.426490000001,1.1232725316550646e-05,0.9999779168978654,0.4090650112429416,0.10678173769925835
Defect_L5_B121_el1491_H2_W2.npy,-272.1551,4775.42622,1.1470454952876245e-05,0.9999778634086971,0.40906498327141766,0.10678209958884594
Defect_L5_B122_el1493_H2_W2.npy,-272.1549,4775.426060000001,1.151007655893239e-05,0.9999778317114123,0.4090649430237761,0.10678245817216576
Defect_L5_B123_el1495_H2_W2.npy,-272.1537,4775.4260300000005,1.1747806195257987e-05,0.9999778257681714,0.4090648898469792,0.10678276671878692
Defect_L5_B124_el1497_H2_W2.npy,-272.1535,4775.42601,1.1787427801314131e-05,0.9999778218060107,0.40906485408378424,0.10678304256107499
Defect_L5_B125_el1499_H2_W2.npy,-272.1533,4775.436019999999,1.1827049407370273e-05,0.9999798048673936,0.4090648084576265,0.10678327268419352
Defect_L5_B126_el1501_H2_W2.npy,-272.15319999999997,4775.4361499999995,1.1846860210403976e-05,0.9999798306214376,0.4090647652408206,0.10678347477106875
Defect_L5_B127_el1503_H2_W2.npy,-272.154,4775.43629,1.1688373786179403e-05,0.9999798583565619,0.4090647280618643,0.10678367163081198
Defect_L5_B128_el1505_H2_W2.npy,-272.154,4775.44653,1.1688373786179403e-05,0.999981886982792,0.4090646981203995,0.1067838617199837
Defect_L5_B129_el1507_H2_W2.npy,-272.1549,4775.44669,1.151007655893239e-05,0.9999819186800767,0.4090645809049111,0.1067842594430875
Defect_L5_B12_el137_H2_W2.npy,-272.1559,4775.45727,1.1311968528662932e-05,0.999984014663037,0.40906467076802,0.10678190305231827
Defect_L5_B130_el1509_H2_W2.npy,-272.15569999999997,4775.44707,1.1351590134719077e-05,0.9999819939611283,0.4090646108358454,0.10678591347688245
Defect_L5_B13_el139_H2_W2.npy,-272.1559,4775.45723,1.1311968528662932e-05,0.9999840067387159,0.4090646394300585,0.10678259231116581
Defect_L5_B14_el141_H2_W2.npy,-272.1559,4775.45724,1.1311968528662932e-05,0.9999840087197961,0.40906460918366633,0.10678325908032389
Defect_L5_B15_el143_H2_W2.npy,-272.1559,4775.45724,1.1311968528662932e-05,0.9999840087197961,0.40906458212642316,0.10678391472495524
Defect_L5_B16_el145_H2_W2.npy,-272.1559,4775.45725,1.1311968528662932e-05,0.9999840107008765,0.4090645594354498,0.10678454441719792
Defect_L5_B17_el147_H2_W2.npy,-272.1559,4775.44725,1.1311968528662932e-05,0.9999820296205738,0.4090645450413121,0.10678517702218308
Defect_L5_B18_el149_H2_W2.npy,-272.15569999999997,4775.44726,1.1351590134719077e-05,0.999982031601654,0.4090645320156503,0.106785816762228
Defect_L5_B19_el151_H2_W2.npy,-272.15569999999997,4775.44736,1.1351590134719077e-05,0.9999820514124571,0.40906452647311514,0.10678646574399807
Defect_L5_B1_el115_H2_W2.npy,-272.1558,4775.45726,1.1331779331685374e-05,0.9999840126819568,0.40906515498700186,0.10676976843565639
Defect_L5_B20_el153_H2_W2.npy,-272.15569999999997,4775.44737,1.1351590134719077e-05,0.9999820533935373,0.4090645232929515,0.10678715040386427
Defect_L5_B21_el155_H2_W2.npy,-272.15569999999997,4775.44737,1.1351590134719077e-05,0.9999820533935373,0.4090645424042529,0.10678788957593394
Defect_L5_B22_el157_H2_W2.npy,-272.1558,4775.44737,1.1331779331685374e-05,0.9999820533935373,0.4090645719729221,0.10678870096345662
Defect_L5_B23_el159_H2_W2.npy,-272.1558,4775.44737,1.1331779331685374e-05,0.9999820533935373,0.4090646247631052,0.10678961504176661
Defect_L5_B24_el161_H2_W2.npy,-272.1558,4775.44727,1.1331779331685374e-05,0.9999820335827343,0.40906470904844,0.10679066141677718
Defect_L5_B25_el163_H2_W2.npy,-272.1558,4775.44726,1.1331779331685374e-05,0.999982031601654,0.4090647751894974,0.1067918784715408
Defect_L5_B26_el165_H2_W2.npy,-272.1558,4775.44726,1.1331779331685374e-05,0.999982031601654,0.40906482892922613,0.10679344240662543
Defect_L5_B27_el451_H2_W2.npy,-272.15569999999997,4775.45722,1.1351590134719077e-05,0.9999840047576356,0.40906518605443914,0.10677890871503302
Defect_L5_B28_el453_H2_W2.npy,-272.1558,4775.45736,1.1331779331685374e-05,0.9999840324927599,0.4090650704422081,0.10677791306888945
Defect_L5_B29_el455_H2_W2.npy,-272.15569999999997,4775.45738,1.1351590134719077e-05,0.9999840364549204,0.4090650739061247,0.10677790447378151
Defect_L5_B2_el117_H2_W2.npy,-272.15569999999997,4775.45737,1.1351590134719077e-05,0.9999840344738401,0.409065097384727,0.10677035356973619
Defect_L5_B30_el457_H2_W2.npy,-272.15680000000003,4775.4574,1.1133671301404657e-05,0.999984040417081,0.40906501662729144,0.1067780599421972
Defect_L5_B31_el459_H2_W2.npy,-272.15680000000003,4775.45742,1.1133671301404657e-05,0.9999840443792416,0.4090649743917576,0.10677829591100321
Defect_L5_B32_el461_H2_W2.npy,-272.15680000000003,4775.45743,1.1133671301404657e-05,0.999984046360322,0.409064945225257,0.1067786096041989
Defect_L5_B33_el463_H2_W2.npy,-272.15680000000003,4775.45744,1.1133671301404657e-05,0.9999840483414022,0.40906491270152184,0.10677898791376542
Defect_L5_B34_el465_H2_W2.npy,-272.15680000000003,4775.45744,1.1133671301404657e-05,0.9999840483414022,0.4090648968228105,0.10677941019384364
Defect_L5_B35_el467_H2_W2.npy,-272.15680000000003,4775.44743,1.1133671301404657e-05,0.9999820652800192,0.4090648723281744,0.10677986799157128
Defect_L5_B36_el469_H2_W2.npy,-272.1559,4775.44743,1.1311968528662932e-05,0.9999820652800192,0.40906485205283877,0.10678034548345607
Defect_L5_B37_el471_H2_W2.npy,-272.15700000000004,4775.44738,1.1094049695348515e-05,0.9999820553746176,0.4090648299287792,0.10678083725052616
Defect_L5_B38_el473_H2_W2.npy,-272.15720000000005,4775.44732,1.105442808929237e-05,0.9999820434881359,0.4090648102534736,0.10678134570138613
Defect_L5_B39_el475_H2_W2.npy,-272.1573,4775.44726,1.103461728626993e-05,0.999982031601654,0.4090647933247495,0.10678189361421526
Defect_L5_B3_el119_H2_W2.npy,-272.15569999999997,4775.45738,1.1351590134719077e-05,0.9999840364549204,0.4090650861814852,0.1067718785348588
Defect_L5_B40_el477_H2_W2.npy,-272.1563,4775.44725,1.1232725316550646e-05,0.9999820296205738,0.4090647817045902,0.10678248678807657
Defect_L5_B41_el479_H2_W2.npy,-272.1563,4775.44714,1.1232725316550646e-05,0.9999820078286904,0.409064767253137,0.1067831312265389
Defect_L5_B42_el481_H2_W2.npy,-272.1562,4775.44713,1.1252536119573088e-05,0.99998200584761,0.4090647513365066,0.10678378090409678
Defect_L5_B43_el483_H2_W2.npy,-272.1561,4775.44712,1.127234692260679e-05,0.9999820038665298,0.409064740451112,0.10678445680363995
Defect_L5_B44_el485_H2_W2.npy,-272.1561,4775.44712,1.127234692260679e-05,0.9999820038665298,0.40906473663323734,0.10678513115646436
Defect_L5_B45_el487_H2_W2.npy,-272.156,4775.44712,1.129215772562923e-05,0.9999820038665298,0.4090647277088736,0.10678579877192067
Defect_L5_B46_el489_H2_W2.npy,-272.156,4775.44712,1.129215772562923e-05,0.9999820038665298,0.4090647339475431,0.10678645871378563
Defect_L5_B47_el491_H2_W2.npy,-272.156,4775.44712,1.129215772562923e-05,0.9999820038665298,0.4090647364688814,0.10678710794986573
Defect_L5_B48_el493_H2_W2.npy,-272.1559,4775.44713,1.1311968528662932e-05,0.99998200584761,0.40906475242379364,0.10678774427746543
Defect_L5_B49_el495_H2_W2.npy,-272.1558,4775.4472399999995,1.1331779331685374e-05,0.9999820276394933,0.4090647799908101,0.10678836410671196
Defect_L5_B4_el121_H2_W2.npy,-272.15569999999997,4775.45738,1.1351590134719077e-05,0.9999840364549204,0.4090650160362729,0.10677348396419775
Defect_L5_B50_el497_H2_W2.npy,-272.1558,4775.4472399999995,1.1331779331685374e-05,0.9999820276394933,0.4090648259824235,0.10678894867985719
Defect_L5_B51_el499_H2_W2.npy,-272.1558,4775.44725,1.1331779331685374e-05,0.9999820296205738,0.4090648204657818,0.10678957737980908
Defect_L5_B52_el501_H2_W2.npy,-272.1558,4775.44727,1.1331779331685374e-05,0.9999820335827343,0.4090649326074761,0.10679083618915601
Defect_L5_B53_el787_H2_W2.npy,-272.15549999999996,4775.45706,1.1391211740775219e-05,0.9999839730603507,0.40906502501093944,0.10678202873342463
Defect_L5_B54_el789_H2_W2.npy,-272.15569999999997,4775.45722,1.1351590134719077e-05,0.9999840047576356,0.40906495681218097,0.10678073371184375
Defect_L5_B55_el791_H2_W2.npy,-272.1558,4775.45737,1.1331779331685374e-05,0.9999840344738401,0.40906501021076086,0.10678062613827324
Defect_L5_B56_el793_H2_W2.npy,-272.15680000000003,4775.45741,1.1133671301404657e-05,0.9999840423981613,0.4090649987565343,0.10678070447641293
Defect_L5_B57_el795_H2_W2.npy,-272.1569,4775.45754,1.1113860498382217e-05,0.9999840681522053,0.4090649886032927,0.10678080918623456
Defect_L5_B58_el797_H2_W2.npy,-272.15700000000004,4775.45756,1.1094049695348515e-05,0.9999840721143658,0.40906497060864055,0.10678093726548565
Defect_L5_B59_el799_H2_W2.npy,-272.1571,4775.44758,1.1074238892326073e-05,0.9999820949962237,0.4090649617564597,0.10678108396909722
Defect_L5_B5_el123_H2_W2.npy,-272.15569999999997,4775.4573900000005,1.1351590134719077e-05,0.9999840384360008,0.4090649570592554,0.10677499458547501
Defect_L5_B60_el801_H2_W2.npy,-272.1571,4775.44759,1.1074238892326073e-05,0.999982096977304,0.4090649506622823,0.10678123818496793
Defect_L5_B61_el803_H2_W2.npy,-272.1571,4775.44759,1.1074238892326073e-05,0.999982096977304,0.40906494135296306,0.10678138706598961
Defect_L5_B62_el805_H2_W2.npy,-272.1572,4775.44757,1.1054428089303633e-05,0.9999820930151435,0.40906493308771874,0.10678153091317202
Defect_L5_B63_el807_H2_W2.npy,-272.1574,4775.44741,1.1014806483247489e-05,0.9999820613178585,0.4090649279333596,0.10678166834404718
Defect_L5_B64_el809_H2_W2.npy,-272.1575,4775.44745,1.0994995680213786e-05,0.9999820692421797,0.4090649221009733,0.10678181649622259
Defect_L5_B65_el811_H2_W2.npy,-272.15770000000003,4775.447279999999,1.0955374074157644e-05,0.9999820355638145,0.4090649132864761,0.10678201767172811
Defect_L5_B66_el813_H2_W2.npy,-272.15770000000003,4775.44715,1.0955374074157644e-05,0.9999820098097707,0.4090649015703268,0.10678230045363649
Defect_L5_B67_el815_H2_W2.npy,-272.15659999999997,4775.437129999999,1.1173292907472062e-05,0.9999800247673072,0.40906488866709495,0.10678268271113586
Defect_L5_B68_el817_H2_W2.npy,-272.1565,4775.437,1.1193103710494503e-05,0.9999799990132634,0.4090648787201378,0.10678310852392858
Defect_L5_B69_el819_H2_W2.npy,-272.15639999999996,4775.4369799999995,1.1212914513528206e-05,0.9999799950511027,0.40906486939680653,0.10678356841038386
Defect_L5_B6_el125_H2_W2.npy,-272.15569999999997,4775.45738,1.1351590134719077e-05,0.9999840364549204,0.40906490515172333,0.10677634971093279
Defect_L5_B70_el821_H2_W2.npy,-272.1553,4775.4368699999995,1.1430833346820103e-05,0.9999799732592194,0.4090648510486569,0.10678402273727794
Defect_L5_B71_el823_H2_W2.npy,-272.15520000000004,4775.43686,1.1450644149842543e-05,0.9999799712781391,0.40906484003610927,0.1067844685879634
Defect_L5_B72_el825_H2_W2.npy,-272.1551,4775.44686,1.1470454952876245e-05,0.9999819523584419,0.4090648293604313,0.1067848941215083
Defect_L5_B73_el827_H2_W2.npy,-272.15500000000003,4775.44686,1.1490265755898687e-05,0.9999819523584419,0.40906482457953774,0.10678530311159923
Defect_L5_B74_el829_H2_W2.npy,-272.15500000000003,4775.44697,1.1490265755898687e-05,0.9999819741503252,0.4090648129228409,0.10678568607849172
Defect_L5_B75_el831_H2_W2.npy,-272.1559,4775.44698,1.1311968528662932e-05,0.9999819761314055,0.40906481362492525,0.10678604761445495
Defect_L5_B76_el833_H2_W2.npy,-272.1559,4775.447099999999,1.1311968528662932e-05,0.9999819999043691,0.40906482357705526,0.10678638229964113
Defect_L5_B77_el835_H2_W2.npy,-272.1559,4775.44713,1.1311968528662932e-05,0.99998200584761,0.40906476195355956,0.10678684506703445
Defect_L5_B78_el837_H2_W2.npy,-272.15569999999997,4775.45725,1.1351590134719077e-05,0.9999840107008765,0.4090648320237729,0.10678827425948847
Defect_L5_B79_el1123_H2_W2.npy,-272.1554,4775.4569,1.1411022543797661e-05,0.9999839413630659,0.40906486215114407,0.10678369328444508
Defect_L5_B7_el127_H2_W2.npy,-272.1556,4775.45738,1.1371400937741518e-05,0.9999840364549204,0.4090648554887752,0.10677754751731139
Defect_L5_B80_el1125_H2_W2.npy,-272.15549999999996,4775.45718,1.1391211740775219e-05,0.9999839968333144,0.40906483742044875,0.10678218440162392
Defect_L5_B81_el1127_H2_W2.npy,-272.15569999999997,4775.45735,1.1351590134719077e-05,0.9999840305116794,0.40906492677392875,0.10678199453097413
Defect_L5_B82_el1129_H2_W2.npy,-272.15680000000003,4775.45741,1.1133671301404657e-05,0.9999840423981613,0.40906493224950696,0.10678201691777049
Defect_L5_B83_el1131_H2_W2.npy,-272.15700000000004,4775.45756,1.1094049695348515e-05,0.9999840721143658,0.40906494313271163,0.10678206708958728
Defect_L5_B84_el1133_H2_W2.npy,-272.1572,4775.44769,1.1054428089303633e-05,0.999982116788107,0.40906495232775103,0.10678212540568843
Defect_L5_B85_el1135_H2_W2.npy,-272.1584,4775.44772,1.0816698452978033e-05,0.999982122731348,0.40906496049982044,0.10678218948450605
Defect_L5_B86_el1137_H2_W2.npy,-272.1585,4775.44774,1.0796887649944331e-05,0.9999821266935085,0.4090649696799372,0.10678221962422157
Defect_L5_B87_el1139_H2_W2.npy,-272.1575,4775.44774,1.0994995680213786e-05,0.9999821266935085,0.4090649785450193,0.10678222316401427
Defect_L5_B88_el1141_H2_W2.npy,-272.1575,4775.44763,1.0994995680213786e-05,0.9999821049016252,0.40906497375645967,0.1067821714907208
Defect_L5_B89_el1143_H2_W2.npy,-272.1578,4775.44755,1.0935563271135202e-05,0.9999820890529828,0.40906499421761283,0.10678207511875201
Defect_L5_B8_el129_H2_W2.npy,-272.1556,4775.45738,1.1371400937741518e-05,0.9999840364549204,0.4090648193621055,0.10677860826990254
Defect_L5_B90_el1145_H2_W2.npy,-272.1581,4775.44748,1.0876130862056618e-05,0.9999820751854206,0.4090649926963561,0.10678195172193296
Defect_L5_B91_el1147_H2_W2.npy,-272.1582,4775.43718,1.0856320059022915e-05,0.9999800346727088,0.40906498797928864,0.10678188399835616
Defect_L5_B92_el1149_H2_W2.npy,-272.1581,4775.43704,1.0876130862056618e-05,0.9999800069375846,0.4090649873133542,0.10678194210004333
Defect_L5_B93_el1151_H2_W2.npy,-272.157,4775.4369,1.1094049695359775e-05,0.9999799792024603,0.40906496159803707,0.10678214365862156
Defect_L5_B94_el1153_H2_W2.npy,-272.1568,4775.43676,1.113367130141592e-05,0.9999799514673361,0.409064956708815,0.10678245264154422
Defect_L5_B95_el1155_H2_W2.npy,-272.1557,4775.43661,1.1351590134707816e-05,0.9999799217511316,0.40906493132745186,0.10678279296901451
Defect_L5_B96_el1157_H2_W2.npy,-272.1556,4775.43658,1.1371400937741518e-05,0.9999799158078906,0.40906491001606166,0.10678313514325867
Defect_L5_B97_el1159_H2_W2.npy,-272.1554,4775.43657,1.1411022543797661e-05,0.9999799138268104,0.4090648845719508,0.1067834485048678
Defect_L5_B98_el1161_H2_W2.npy,-272.15430000000003,4775.43657,1.1628941377089558e-05,0.9999799138268104,0.40906486235054357,0.10678373813589188
Defect_L5_B99_el1163_H2_W2.npy,-272.15520000000004,4775.43657,1.1450644149842543e-05,0.9999799138268104,0.40906482879365647,0.10678400152954652
Defect_L5_B9_el131_H2_W2.npy,-272.1556,4775.45737,1.1371400937741518e-05,0.9999840344738401,0.40906477306671457,0.10677954855389013
Defect_L6_B100_el1165_H2_W2.npy,-272.15500000000003,4775.44682,1.1490265755898687e-05,0.9999819444341207,0.4090647539183104,0.10678363527545984
Defect_L6_B101_el1167_H2_W2.npy,-272.15500000000003,4775.44684,1.1490265755898687e-05,0.9999819483962812,0.40906470186039895,0.10678387391943156
Defect_L6_B102_el1169_H2_W2.npy,-272.1549,4775.44696,1.151007655893239e-05,0.999981972169245,0.40906468600259793,0.10678415229387285
Defect_L6_B103_el1171_H2_W2.npy,-272.1559,4775.44698,1.1311968528662932e-05,0.9999819761314055,0.40906474968452555,0.1067847846862494
Defect_L6_B104_el1173_H2_W2.npy,-272.1558,4775.447099999999,1.1331779331685374e-05,0.9999819999043691,0.40906477438993843,0.10678640151880203
Defect_L6_B105_el1459_H2_W2.npy,-272.1556,4775.45686,1.1371400937741518e-05,0.9999839334387447,0.40906482402358657,0.10678447184737827
Defect_L6_B106_el1461_H2_W2.npy,-272.1556,4775.45703,1.1371400937741518e-05,0.9999839671171097,0.4090648191037547,0.10678281937022392
Defect_L6_B107_el1463_H2_W2.npy,-272.15569999999997,4775.45722,1.1351590134719077e-05,0.9999840047576356,0.4090647514779449,0.10678228374560428
Defect_L6_B108_el1465_H2_W2.npy,-272.1569,4775.4573900000005,1.1113860498382217e-05,0.9999840384360008,0.4090647808300686,0.10678218777833362
Defect_L6_B109_el1467_H2_W2.npy,-272.15700000000004,4775.45755,1.1094049695348515e-05,0.9999840701332856,0.40906483077646105,0.10678217384719783
Defect_L6_B10_el133_H2_W2.npy,-272.1558,4775.45727,1.1331779331685374e-05,0.999984014663037,0.40906474138797766,0.10677989132473073
Defect_L6_B110_el1469_H2_W2.npy,-272.1571,4775.4477099999995,1.1074238892326073e-05,0.9999821207502675,0.4090648643346934,0.10678217312871037
Defect_L6_B111_el1471_H2_W2.npy,-272.15819999999997,4775.44775,1.0856320059034178e-05,0.9999821286745889,0.40906489490271275,0.10678216767285062
Defect_L6_B112_el1473_H2_W2.npy,-272.1584,4775.4477799999995,1.0816698452978033e-05,0.9999821346178297,0.40906492476956224,0.10678212509642875
Defect_L6_B113_el1475_H2_W2.npy,-272.1588,4775.44776,1.0737455240865747e-05,0.9999821306556692,0.40906494789653514,0.10678202966570512
Defect_L6_B114_el1477_H2_W2.npy,-272.1595,4775.44761,1.0598779619674876e-05,0.9999821009394646,0.40906496406067244,0.10678184662161098
Defect_L6_B115_el1479_H2_W2.npy,-272.1599,4775.437489999999,1.051953640756259e-05,0.9999800960861981,0.40906498295902055,0.10678157617274009
Defect_L6_B116_el1481_H2_W2.npy,-272.1598,4775.437169999999,1.053934721058503e-05,0.9999800326916284,0.40906497714112944,0.10678130721282003
Defect_L6_B117_el1483_H2_W2.npy,-272.15860000000004,4775.43708,1.0777076846910629e-05,0.9999800148619058,0.4090649832218338,0.10678101927141462
Defect_L6_B118_el1485_H2_W2.npy,-272.15749999999997,4775.43693,1.0994995680225048e-05,0.9999799851457013,0.4090649867260024,0.1067808988957608
Defect_L6_B119_el1487_H2_W2.npy,-272.15729999999996,4775.436769999999,1.103461728628119e-05,0.9999799534484163,0.4090649634013327,0.10678097529172781
Defect_L6_B11_el135_H2_W2.npy,-272.1558,4775.45724,1.1331779331685374e-05,0.9999840087197961,0.4090647026373052,0.10678068508103213
Defect_L6_B120_el1489_H2_W2.npy,-272.15610000000004,4775.42662,1.127234692259553e-05,0.9999779426519092,0.4090649712752717,0.10678115345310318
Defect_L6_B121_el1491_H2_W2.npy,-272.156,4775.42647,1.129215772562923e-05,0.9999779129357047,0.40906494905856927,0.10678147964916762
Defect_L6_B122_el1493_H2_W2.npy,-272.1548,4775.4263200000005,1.152988736195483e-05,0.9999778832195002,0.4090649114095166,0.10678181921400817
Defect_L6_B123_el1495_H2_W2.npy,-272.1546,4775.436299999999,1.1569508968010974e-05,0.9999798603376421,0.4090648653191761,0.10678212170937192
Defect_L6_B124_el1497_H2_W2.npy,-272.1544,4775.43618,1.1609130574067116e-05,0.9999798365646785,0.409064815701038,0.10678239920270102
Defect_L6_B125_el1499_H2_W2.npy,-272.15430000000003,4775.43628,1.1628941377089558e-05,0.9999798563754816,0.40906476028737143,0.10678263679353985
Defect_L6_B126_el1501_H2_W2.npy,-272.15420000000006,4775.43629,1.1648752180111998e-05,0.9999798583565619,0.4090647086086736,0.1067828515226302
Defect_L6_B127_el1503_H2_W2.npy,-272.1541,4775.43642,1.16685629831457e-05,0.9999798841106059,0.4090646462706828,0.10678305715972615
Defect_L6_B128_el1505_H2_W2.npy,-272.155,4775.446559999999,1.1490265755909947e-05,0.9999818929260327,0.4090646048025714,0.10678331637207954
Defect_L6_B129_el1507_H2_W2.npy,-272.1549,4775.4468,1.151007655893239e-05,0.99998194047196,0.4090646648285803,0.10678397260505167
Defect_L6_B12_el137_H2_W2.npy,-272.1559,4775.45722,1.1311968528662932e-05,0.9999840047576356,0.40906467210829767,0.10678142371995411
Defect_L6_B130_el1509_H2_W2.npy,-272.1548,4775.44682,1.152988736195483e-05,0.9999819444341207,0.40906466374387995,0.10678567541497766
Defect_L6_B13_el139_H2_W2.npy,-272.1559,4775.45725,1.1311968528662932e-05,0.9999840107008765,0.40906464580824115,0.10678212734882207
Defect_L6_B14_el141_H2_W2.npy,-272.1559,4775.45724,1.1311968528662932e-05,0.9999840087197961,0.409064618790266,0.10678280515778743
Defect_L6_B15_el143_H2_W2.npy,-272.1559,4775.45724,1.1311968528662932e-05,0.9999840087197961,0.40906459107162896,0.10678346269424935
Defect_L6_B16_el145_H2_W2.npy,-272.1559,4775.44725,1.1311968528662932e-05,0.9999820296205738,0.4090645652647062,0.10678410236841973
Defect_L6_B17_el147_H2_W2.npy,-272.1559,4775.44726,1.1311968528662932e-05,0.999982031601654,0.40906455435203953,0.10678474200528142
Defect_L6_B18_el149_H2_W2.npy,-272.1558,4775.44736,1.1331779331685374e-05,0.9999820514124571,0.4090645395643371,0.10678538827213997
Defect_L6_B19_el151_H2_W2.npy,-272.15569999999997,4775.44737,1.1351590134719077e-05,0.9999820533935373,0.4090645370321264,0.10678605245871105
Defect_L6_B1_el115_H2_W2.npy,-272.15569999999997,4775.45726,1.1351590134719077e-05,0.9999840126819568,0.409065191282943,0.10676921943799485
Defect_L6_B20_el153_H2_W2.npy,-272.15569999999997,4775.44738,1.1351590134719077e-05,0.9999820553746176,0.40906453158817146,0.10678674191706418
Defect_L6_B21_el155_H2_W2.npy,-272.1558,4775.44738,1.1331779331685374e-05,0.9999820553746176,0.4090645455516898,0.10678749454580086
Defect_L6_B22_el157_H2_W2.npy,-272.1558,4775.44737,1.1331779331685374e-05,0.9999820533935373,0.4090645788894107,0.10678831875442665
Defect_L6_B23_el159_H2_W2.npy,-272.1558,4775.44737,1.1331779331685374e-05,0.9999820533935373,0.4090646279203249,0.10678924636204484
Defect_L6_B24_el161_H2_W2.npy,-272.1558,4775.44727,1.1331779331685374e-05,0.9999820335827343,0.4090647071926683,0.10679030760200227
Defect_L6_B25_el163_H2_W2.npy,-272.1558,4775.44726,1.1331779331685374e-05,0.999982031601654,0.40906481456031735,0.10679157438896593
Defect_L6_B26_el165_H2_W2.npy,-272.1558,4775.44726,1.1331779331685374e-05,0.999982031601654,0.4090648450019938,0.10679315718529295
Defect_L6_B27_el451_H2_W2.npy,-272.1558,4775.45724,1.1331779331685374e-05,0.9999840087197961,0.4090652007229001,0.10677840708486169
Defect_L6_B28_el453_H2_W2.npy,-272.1558,4775.45736,1.1331779331685374e-05,0.9999840324927599,0.4090651440493639,0.10677747181794014
Defect_L6_B29_el455_H2_W2.npy,-272.15569999999997,4775.45738,1.1351590134719077e-05,0.9999840364549204,0.40906500713851335,0.10677727137767988
Defect_L6_B2_el117_H2_W2.npy,-272.15569999999997,4775.45737,1.1351590134719077e-05,0.9999840344738401,0.4090651383395432,0.10676983780942344
Defect_L6_B30_el457_H2_W2.npy,-272.1567,4775.4573900000005,1.115348210443836e-05,0.9999840384360008,0.40906495100490453,0.10677740133403617
Defect_L6_B31_el459_H2_W2.npy,-272.15680000000003,4775.4574,1.1133671301404657e-05,0.999984040417081,0.4090649213921899,0.1067776399015355
Defect_L6_B32_el461_H2_W2.npy,-272.1567,4775.45741,1.115348210443836e-05,0.9999840423981613,0.40906489673058694,0.10677795666553115
Defect_L6_B33_el463_H2_W2.npy,-272.15569999999997,4775.45742,1.1351590134719077e-05,0.9999840443792416,0.40906487737888825,0.1067783430077293
Defect_L6_B34_el465_H2_W2.npy,-272.15569999999997,4775.45742,1.1351590134719077e-05,0.9999840443792416,0.4090648541285624,0.10677877692986606
Defect_L6_B35_el467_H2_W2.npy,-272.1558,4775.45742,1.1331779331685374e-05,0.9999840443792416,0.40906483921080394,0.10677924572263135
Defect_L6_B36_el469_H2_W2.npy,-272.15700000000004,4775.45741,1.1094049695348515e-05,0.9999840423981613,0.4090648201598412,0.10677973779207603
Defect_L6_B37_el471_H2_W2.npy,-272.1571,4775.4474199999995,1.1074238892326073e-05,0.9999820632989388,0.4090647952848217,0.10678024725585082
Defect_L6_B38_el473_H2_W2.npy,-272.1563,4775.44723,1.1232725316550646e-05,0.9999820256584131,0.4090647759397456,0.10678078210551994
Defect_L6_B39_el475_H2_W2.npy,-272.15720000000005,4775.44727,1.105442808929237e-05,0.9999820335827343,0.40906476495524274,0.10678134157679826
Defect_L6_B3_el119_H2_W2.npy,-272.15569999999997,4775.45737,1.1351590134719077e-05,0.9999840344738401,0.4090650591350143,0.10677128039399472
Defect_L6_B40_el477_H2_W2.npy,-272.1562,4775.44726,1.1252536119573088e-05,0.999982031601654,0.4090647506328064,0.1067819416919633
Defect_L6_B41_el479_H2_W2.npy,-272.1562,4775.44725,1.1252536119573088e-05,0.9999820296205738,0.40906473956666123,0.10678257279404918
Defect_L6_B42_el481_H2_W2.npy,-272.1562,4775.44714,1.1252536119573088e-05,0.9999820078286904,0.40906472439962527,0.10678322038865032
Defect_L6_B43_el483_H2_W2.npy,-272.1561,4775.44714,1.127234692260679e-05,0.9999820078286904,0.40906471689754337,0.10678388633689874
Defect_L6_B44_el485_H2_W2.npy,-272.1561,4775.44713,1.127234692260679e-05,0.99998200584761,0.40906471118998633,0.10678456279406738
Defect_L6_B45_el487_H2_W2.npy,-272.156,4775.44714,1.129215772562923e-05,0.9999820078286904,0.40906470444370213,0.10678522883453848
Defect_L6_B46_el489_H2_W2.npy,-272.156,4775.44723,1.129215772562923e-05,0.9999820256584131,0.4090647009149263,0.10678589320615095
Defect_L6_B47_el491_H2_W2.npy,-272.1559,4775.4472399999995,1.1311968528662932e-05,0.9999820276394933,0.4090646990137739,0.10678655317758551
Defect_L6_B48_el493_H2_W2.npy,-272.1558,4775.44725,1.1331779331685374e-05,0.9999820296205738,0.40906471310934084,0.10678720316609454
Defect_L6_B49_el495_H2_W2.npy,-272.1558,4775.44725,1.1331779331685374e-05,0.9999820296205738,0.4090647294377304,0.10678783154978572
Defect_L6_B4_el121_H2_W2.npy,-272.15569999999997,4775.45738,1.1351590134719077e-05,0.9999840364549204,0.40906499664653184,0.10677289122242631
Defect_L6_B50_el497_H2_W2.npy,-272.1558,4775.44725,1.1331779331685374e-05,0.9999820296205738,0.40906476854107987,0.10678844070997533
Defect_L6_B51_el499_H2_W2.npy,-272.1558,4775.44725,1.1331779331685374e-05,0.9999820296205738,0.4090648943077228,0.10678920348761373
Defect_L6_B52_el501_H2_W2.npy,-272.1558,4775.44726,1.1331779331685374e-05,0.999982031601654,0.4090649335579731,0.10679050333071301
Defect_L6_B53_el787_H2_W2.npy,-272.1556,4775.45718,1.1371400937741518e-05,0.9999839968333144,0.40906504726996784,0.10678164727469196
Defect_L6_B54_el789_H2_W2.npy,-272.15569999999997,4775.45722,1.1351590134719077e-05,0.9999840047576356,0.4090650308426427,0.10678036760513833
Defect_L6_B55_el791_H2_W2.npy,-272.1558,4775.45736,1.1331779331685374e-05,0.9999840324927599,0.40906492111706094,0.10678002931927205
Defect_L6_B56_el793_H2_W2.npy,-272.15680000000003,4775.4574,1.1133671301404657e-05,0.999984040417081,0.4090649189859258,0.10678007334891759
Defect_L6_B57_el795_H2_W2.npy,-272.15680000000003,4775.45743,1.1133671301404657e-05,0.999984046360322,0.409064917897844,0.10678017657014782
Defect_L6_B58_el797_H2_W2.npy,-272.15680000000003,4775.45754,1.1133671301404657e-05,0.9999840681522053,0.4090649165327113,0.10678031053924703
Defect_L6_B59_el799_H2_W2.npy,-272.1569,4775.44756,1.1113860498382217e-05,0.999982091034063,0.4090649107804299,0.10678045932458262
Defect_L6_B5_el123_H2_W2.npy,-272.15569999999997,4775.45738,1.1351590134719077e-05,0.9999840364549204,0.4090649470080943,0.1067744135461507
Defect_L6_B60_el801_H2_W2.npy,-272.1569,4775.44757,1.1113860498382217e-05,0.9999820930151435,0.4090649009050227,0.1067806163993961
Defect_L6_B61_el803_H2_W2.npy,-272.1571,4775.44756,1.1074238892326073e-05,0.999982091034063,0.40906489738068635,0.10678078042054068
Defect_L6_B62_el805_H2_W2.npy,-272.1573,4775.44743,1.103461728626993e-05,0.9999820652800192,0.40906489970307686,0.10678094045765281
Defect_L6_B63_el807_H2_W2.npy,-272.1576,4775.44745,1.0975184877191346e-05,0.9999820692421797,0.4090648809341453,0.10678110498036968
Defect_L6_B64_el809_H2_W2.npy,-272.1576,4775.44725,1.0975184877191346e-05,0.9999820296205738,0.40906488695999615,0.10678128937193498
Defect_L6_B65_el811_H2_W2.npy,-272.1576,4775.447279999999,1.0975184877191346e-05,0.9999820355638145,0.4090648735379849,0.1067815029923044
Defect_L6_B66_el813_H2_W2.npy,-272.15659999999997,4775.44715,1.1173292907472062e-05,0.9999820098097707,0.40906485533940057,0.10678178432848955
Defect_L6_B67_el815_H2_W2.npy,-272.1565,4775.44713,1.1193103710494503e-05,0.99998200584761,0.409064848783591,0.10678214350846256
Defect_L6_B68_el817_H2_W2.npy,-272.15639999999996,4775.44702,1.1212914513528206e-05,0.9999819840557267,0.4090648436130026,0.10678253871177637
Defect_L6_B69_el819_H2_W2.npy,-272.1563,4775.447,1.1232725316550646e-05,0.9999819800935662,0.4090648310511857,0.1067829794236124
Defect_L6_B6_el125_H2_W2.npy,-272.1556,4775.45738,1.1371400937741518e-05,0.9999840364549204,0.409064895697844,0.10677578302946841
Defect_L6_B70_el821_H2_W2.npy,-272.1563,4775.4469899999995,1.1232725316550646e-05,0.9999819781124858,0.4090648164400994,0.10678342770439885
Defect_L6_B71_el823_H2_W2.npy,-272.1562,4775.44698,1.1252536119573088e-05,0.9999819761314055,0.40906480601128725,0.10678386545912347
Defect_L6_B72_el825_H2_W2.npy,-272.1561,4775.44698,1.127234692260679e-05,0.9999819761314055,0.40906479083558805,0.10678429337144078
Defect_L6_B73_el827_H2_W2.npy,-272.1561,4775.4469899999995,1.127234692260679e-05,0.9999819781124858,0.4090647782370615,0.10678470334297636
Defect_L6_B74_el829_H2_W2.npy,-272.156,4775.4469899999995,1.129215772562923e-05,0.9999819781124858,0.4090647577804992,0.10678509462781409
Defect_L6_B75_el831_H2_W2.npy,-272.156,4775.44711,1.129215772562923e-05,0.9999820018854495,0.40906474187614533,0.1067854640956338
Defect_L6_B76_el833_H2_W2.npy,-272.1559,4775.44712,1.1311968528662932e-05,0.9999820038665298,0.4090647404596491,0.10678584623091547
Defect_L6_B77_el835_H2_W2.npy,-272.1559,4775.44713,1.1311968528662932e-05,0.99998200584761,0.40906483764252444,0.10678650086726171
Defect_L6_B78_el837_H2_W2.npy,-272.15569999999997,4775.4472399999995,1.1351590134719077e-05,0.9999820276394933,0.4090648543186238,0.10678797204328745
Defect_L6_B79_el1123_H2_W2.npy,-272.1556,4775.45703,1.1371400937741518e-05,0.9999839671171097,0.40906491783981336,0.1067833838890113
Defect_L6_B7_el127_H2_W2.npy,-272.1556,4775.45738,1.1371400937741518e-05,0.9999840364549204,0.40906485495941486,0.1067769976511262
Defect_L6_B80_el1125_H2_W2.npy,-272.1556,4775.45718,1.1371400937741518e-05,0.9999839968333144,0.40906491731050726,0.10678186987126378
Defect_L6_B81_el1127_H2_W2.npy,-272.15569999999997,4775.45724,1.1351590134719077e-05,0.9999840087197961,0.40906483060629223,0.10678142949213366
Defect_L6_B82_el1129_H2_W2.npy,-272.1569,4775.4573900000005,1.1113860498382217e-05,0.9999840384360008,0.40906484634262774,0.10678140855077485
Defect_L6_B83_el1131_H2_W2.npy,-272.1569,4775.45754,1.1113860498382217e-05,0.9999840681522053,0.4090648733894751,0.10678145748111278
Defect_L6_B84_el1133_H2_W2.npy,-272.1569,4775.45758,1.1113860498382217e-05,0.9999840760765265,0.40906489359257064,0.10678151756029503
Defect_L6_B85_el1135_H2_W2.npy,-272.15700000000004,4775.4475999999995,1.1094049695348515e-05,0.9999820989583842,0.409064911375614,0.10678157460340874
Defect_L6_B86_el1137_H2_W2.npy,-272.1571,4775.44762,1.1074238892326073e-05,0.9999821029205449,0.4090649133684716,0.10678161933927574
Defect_L6_B87_el1139_H2_W2.npy,-272.1574,4775.44761,1.1014806483247489e-05,0.9999821009394646,0.40906492441152814,0.10678162892414385
Defect_L6_B88_el1141_H2_W2.npy,-272.1578,4775.44757,1.0935563271135202e-05,0.9999820930151435,0.40906492996274263,0.10678159788680347
Defect_L6_B89_el1143_H2_W2.npy,-272.1581,4775.44747,1.0876130862056618e-05,0.9999820732043404,0.40906493162678786,0.10678153089025727
Defect_L6_B8_el129_H2_W2.npy,-272.1556,4775.45738,1.1371400937741518e-05,0.9999840364549204,0.40906481436297354,0.10677807328215265
Defect_L6_B90_el1145_H2_W2.npy,-272.1581,4775.43726,1.0876130862056618e-05,0.9999800505213512,0.40906493382122294,0.10678146757785609
Defect_L6_B91_el1147_H2_W2.npy,-272.158,4775.43719,1.089594166507906e-05,0.9999800366537891,0.40906493102991637,0.10678142668472075
Defect_L6_B92_el1149_H2_W2.npy,-272.1569,4775.4370499999995,1.1113860498382217e-05,0.9999800089186648,0.40906492724982924,0.10678148376074488
Defect_L6_B93_el1151_H2_W2.npy,-272.1568,4775.43701,1.113367130141592e-05,0.9999800009943437,0.4090649226038789,0.10678165200408371
Defect_L6_B94_el1153_H2_W2.npy,-272.1567,4775.436879999999,1.115348210443836e-05,0.9999799752402997,0.409064906540703,0.1067818862686206
Defect_L6_B95_el1155_H2_W2.npy,-272.1556,4775.43686,1.1371400937741518e-05,0.9999799712781391,0.40906489603008134,0.10678219953138736
Defect_L6_B96_el1157_H2_W2.npy,-272.1555,4775.436729999999,1.1391211740763959e-05,0.9999799455240951,0.40906487115094425,0.10678252030848438
Defect_L6_B97_el1159_H2_W2.npy,-272.1553,4775.43671,1.1430833346820103e-05,0.9999799415619346,0.409064846061963,0.10678282667590361
Defect_L6_B98_el1161_H2_W2.npy,-272.15520000000004,4775.43671,1.1450644149842543e-05,0.9999799415619346,0.409064819752229,0.10678311651326888
Defect_L6_B99_el1163_H2_W2.npy,-272.1551,4775.43671,1.1470454952876245e-05,0.9999799415619346,0.40906477581048606,0.10678337899572526
Defect_L6_B9_el131_H2_W2.npy,-272.1556,4775.45738,1.1371400937741518e-05,0.9999840364549204,0.40906477310572187,0.1067790328848985
Defect_L7_B100_el1165_H2_W2.npy,-272.1551,4775.44697,1.1470454952876245e-05,0.9999819741503252,0.4090649436691536,0.10678617891444626
Defect_L7_B101_el1167_H2_W2.npy,-272.156,4775.44698,1.129215772562923e-05,0.9999819761314055,0.40906481327776717,0.10678648646884874
Defect_L7_B102_el1169_H2_W2.npy,-272.1559,4775.447099999999,1.1311968528662932e-05,0.9999819999043691,0.4090647055587365,0.10678690257707844
Defect_L7_B103_el1171_H2_W2.npy,-272.1558,4775.44711,1.1331779331685374e-05,0.9999820018854495,0.40906497087716237,0.10678811170288323
Defect_L7_B104_el1173_H2_W2.npy,-272.1558,4775.44698,1.1331779331685374e-05,0.9999819761314055,0.40906477372402156,0.10679049814178414
Defect_L7_B105_el1459_H2_W2.npy,-272.1558,4775.45672,1.1331779331685374e-05,0.9999839057036204,0.4090648017352215,0.10678769689957875
Defect_L7_B106_el1461_H2_W2.npy,-272.15569999999997,4775.45675,1.1351590134719077e-05,0.9999839116468614,0.40906497444565826,0.10678531939501468
Defect_L7_B107_el1463_H2_W2.npy,-272.1558,4775.4569,1.1331779331685374e-05,0.9999839413630659,0.40906471874864764,0.10678422971245763
Defect_L7_B108_el1465_H2_W2.npy,-272.15700000000004,4775.45708,1.1094049695348515e-05,0.9999839770225113,0.4090648475719936,0.10678406731961135
Defect_L7_B109_el1467_H2_W2.npy,-272.15700000000004,4775.45725,1.1094049695348515e-05,0.9999840107008765,0.4090649884513239,0.1067840891724592
Defect_L7_B10_el133_H2_W2.npy,-272.15569999999997,4775.45737,1.1351590134719077e-05,0.9999840344738401,0.4090651518623995,0.10678196634600176
Defect_L7_B110_el1469_H2_W2.npy,-272.15680000000003,4775.44743,1.1133671301404657e-05,0.9999820652800192,0.4090650862627869,0.10678414375206156
Defect_L7_B111_el1471_H2_W2.npy,-272.1554,4775.4475999999995,1.1411022543797661e-05,0.9999820989583842,0.4090651663369554,0.10678419663599012
Defect_L7_B112_el1473_H2_W2.npy,-272.1552,4775.44776,1.1450644149853805e-05,0.9999821306556692,0.40906523075406404,0.10678420413915754
Defect_L7_B113_el1475_H2_W2.npy,-272.1573,4775.45771,1.103461728626993e-05,0.9999841018305703,0.4090652613720783,0.10678418068633347
Defect_L7_B114_el1477_H2_W2.npy,-272.16110000000003,4775.44751,1.028180677122573e-05,0.9999820811286616,0.40906531266669593,0.10678402465869372
Defect_L7_B115_el1479_H2_W2.npy,-272.16130000000004,4775.437279999999,1.0242185165169586e-05,0.9999800544835117,0.4090653184006004,0.1067837427330269
Defect_L7_B116_el1481_H2_W2.npy,-272.1582,4775.4372299999995,1.0856320059022915e-05,0.9999800445781103,0.40906528251487156,0.10678355680900266
Defect_L7_B117_el1483_H2_W2.npy,-272.157,4775.43722,1.1094049695359775e-05,0.99998004259703,0.40906530666857743,0.10678317858713204
Defect_L7_B118_el1485_H2_W2.npy,-272.1581,4775.43722,1.0876130862056618e-05,0.99998004259703,0.40906532463608514,0.10678300285113175
Defect_L7_B119_el1487_H2_W2.npy,-272.1569,4775.43707,1.1113860498382217e-05,0.9999800128808255,0.4090653074800293,0.10678304028938898
Defect_L7_B11_el135_H2_W2.npy,-272.1558,4775.45736,1.1331779331685374e-05,0.9999840324927599,0.4090651158475265,0.1067830294383901
Defect_L7_B120_el1489_H2_W2.npy,-272.1569,4775.43694,1.1113860498382217e-05,0.9999799871267815,0.40906534968345093,0.10678304447245453
Defect_L7_B121_el1491_H2_W2.npy,-272.1569,4775.4369,1.1113860498382217e-05,0.9999799792024603,0.40906531788953054,0.10678340131338342
Defect_L7_B122_el1493_H2_W2.npy,-272.1558,4775.43676,1.1331779331685374e-05,0.9999799514673361,0.4090652794055253,0.10678378198332579
Defect_L7_B123_el1495_H2_W2.npy,-272.1558,4775.4366199999995,1.1331779331685374e-05,0.9999799237322118,0.4090652119764321,0.10678410984663947
Defect_L7_B124_el1497_H2_W2.npy,-272.1556,4775.43658,1.1371400937741518e-05,0.9999799158078906,0.4090651210810151,0.10678444353811861
Defect_L7_B125_el1499_H2_W2.npy,-272.1554,4775.436559999999,1.1411022543797661e-05,0.9999799118457299,0.409065020122804,0.1067847289211673
Defect_L7_B126_el1501_H2_W2.npy,-272.15520000000004,4775.43657,1.1450644149842543e-05,0.9999799138268104,0.40906490035103327,0.1067849944033991
Defect_L7_B127_el1503_H2_W2.npy,-272.1551,4775.44668,1.1470454952876245e-05,0.9999819166989965,0.40906474221619915,0.10678525260427552
Defect_L7_B128_el1505_H2_W2.npy,-272.1549,4775.4468099999995,1.151007655893239e-05,0.9999819424530403,0.4090646082259303,0.10678566204636052
Defect_L7_B129_el1507_H2_W2.npy,-272.1548,4775.44683,1.152988736195483e-05,0.999981946415201,0.40906485875743803,0.10678693591452718
Defect_L7_B12_el137_H2_W2.npy,-272.1559,4775.45727,1.1311968528662932e-05,0.999984014663037,0.4090650883322182,0.10678401933209325
Defect_L7_B130_el1509_H2_W2.npy,-272.1549,4775.44668,1.151007655893239e-05,0.9999819166989965,0.40906466635044475,0.10678947794847175
Defect_L7_B13_el139_H2_W2.npy,-272.1559,4775.45726,1.1311968528662932e-05,0.9999840126819568,0.4090650500515297,0.10678495485067416
Defect_L7_B14_el141_H2_W2.npy,-272.1559,4775.45726,1.1311968528662932e-05,0.9999840126819568,0.4090650175484237,0.1067858520370564
Defect_L7_B15_el143_H2_W2.npy,-272.1559,4775.45726,1.1311968528662932e-05,0.9999840126819568,0.4090649803588981,0.10678672143504692
Defect_L7_B16_el145_H2_W2.npy,-272.1559,4775.45727,1.1311968528662932e-05,0.999984014663037,0.4090649531448207,0.10678758163910389
Defect_L7_B17_el147_H2_W2.npy,-272.1558,4775.45737,1.1331779331685374e-05,0.9999840344738401,0.40906492822851526,0.10678843885344588
Defect_L7_B18_el149_H2_W2.npy,-272.1558,4775.44737,1.1331779331685374e-05,0.9999820533935373,0.40906488339894875,0.10678930265693792
Defect_L7_B19_el151_H2_W2.npy,-272.15680000000003,4775.44738,1.1133671301404657e-05,0.9999820553746176,0.40906485433175527,0.10679019448195591
Defect_L7_B1_el115_H2_W2.npy,-272.1558,4775.45724,1.1331779331685374e-05,0.9999840087197961,0.40906516410770394,0.10676608311100583
Defect_L7_B20_el153_H2_W2.npy,-272.15680000000003,4775.44738,1.1133671301404657e-05,0.9999820553746176,0.40906483816261335,0.10679113148510859
Defect_L7_B21_el155_H2_W2.npy,-272.1558,4775.44738,1.1331779331685374e-05,0.9999820553746176,0.4090648198996611,0.10679214151124869
Defect_L7_B22_el157_H2_W2.npy,-272.1558,4775.44738,1.1331779331685374e-05,0.9999820553746176,0.40906481005249895,0.10679324168328957
Defect_L7_B23_el159_H2_W2.npy,-272.1558,4775.44738,1.1331779331685374e-05,0.9999820553746176,0.4090648263874278,0.10679449322387469
Defect_L7_B24_el161_H2_W2.npy,-272.1558,4775.447279999999,1.1331779331685374e-05,0.9999820355638145,0.40906485773087825,0.1067959433417404
Defect_L7_B25_el163_H2_W2.npy,-272.1558,4775.44727,1.1331779331685374e-05,0.9999820335827343,0.4090649817349863,0.10679777149421497
Defect_L7_B26_el165_H2_W2.npy,-272.1558,4775.44727,1.1331779331685374e-05,0.9999820335827343,0.40906491591123917,0.10680012947517187
Defect_L7_B27_el451_H2_W2.npy,-272.1558,4775.45722,1.1331779331685374e-05,0.9999840047576356,0.40906516219733896,0.10677883321037489
Defect_L7_B28_el453_H2_W2.npy,-272.15569999999997,4775.45722,1.1351590134719077e-05,0.9999840047576356,0.40906530514383266,0.10677761282717452
Defect_L7_B29_el455_H2_W2.npy,-272.1558,4775.45723,1.1331779331685374e-05,0.9999840067387159,0.4090650235062326,0.106777083715926
Defect_L7_B2_el117_H2_W2.npy,-272.1558,4775.45724,1.1331779331685374e-05,0.9999840087197961,0.40906527906811485,0.10676744267498356
Defect_L7_B30_el457_H2_W2.npy,-272.1558,4775.45725,1.1331779331685374e-05,0.9999840107008765,0.4090650344755649,0.10677729463368477
Defect_L7_B31_el459_H2_W2.npy,-272.15569999999997,4775.45727,1.1351590134719077e-05,0.999984014663037,0.4090650949219618,0.10677771377054482
Defect_L7_B32_el461_H2_W2.npy,-272.15569999999997,4775.4573900000005,1.1351590134719077e-05,0.9999840384360008,0.4090651239102539,0.1067782447565799
Defect_L7_B33_el463_H2_W2.npy,-272.1556,4775.4574,1.1371400937741518e-05,0.999984040417081,0.40906514421580376,0.10677887251028488
Defect_L7_B34_el465_H2_W2.npy,-272.1556,4775.45741,1.1371400937741518e-05,0.9999840423981613,0.40906516424413214,0.10677957061960115
Defect_L7_B35_el467_H2_W2.npy,-272.1558,4775.45741,1.1331779331685374e-05,0.9999840423981613,0.40906517094608114,0.10678030818187141
Defect_L7_B36_el469_H2_W2.npy,-272.15700000000004,4775.4573900000005,1.1094049695348515e-05,0.9999840384360008,0.4090651708958494,0.10678107175134889
Defect_L7_B37_el471_H2_W2.npy,-272.1571,4775.44738,1.1074238892326073e-05,0.9999820553746176,0.4090651667883085,0.1067818548581534
Defect_L7_B38_el473_H2_W2.npy,-272.15700000000004,4775.4473,1.1094049695348515e-05,0.9999820395259752,0.40906514702406427,0.1067826568556751
Defect_L7_B39_el475_H2_W2.npy,-272.156,4775.447279999999,1.129215772562923e-05,0.9999820355638145,0.4090651426486113,0.10678348537635637
Defect_L7_B3_el119_H2_W2.npy,-272.1558,4775.45724,1.1331779331685374e-05,0.9999840087197961,0.40906520791920187,0.10676966159196029
Defect_L7_B40_el477_H2_W2.npy,-272.1561,4775.447279999999,1.127234692260679e-05,0.9999820355638145,0.4090651264534641,0.10678433694086473
Defect_L7_B41_el479_H2_W2.npy,-272.1561,4775.44727,1.127234692260679e-05,0.9999820335827343,0.40906511535053425,0.10678521383341623
Defect_L7_B42_el481_H2_W2.npy,-272.1561,4775.44727,1.127234692260679e-05,0.9999820335827343,0.4090651009278282,0.10678610833348855
Defect_L7_B43_el483_H2_W2.npy,-272.1561,4775.44726,1.127234692260679e-05,0.999982031601654,0.4090650798650168,0.10678702479350109
Defect_L7_B44_el485_H2_W2.npy,-272.156,4775.44726,1.129215772562923e-05,0.999982031601654,0.40906506037463236,0.10678794752641582
Defect_L7_B45_el487_H2_W2.npy,-272.156,4775.44725,1.129215772562923e-05,0.9999820296205738,0.4090650293381598,0.10678886584267401
Defect_L7_B46_el489_H2_W2.npy,-272.1559,4775.44726,1.1311968528662932e-05,0.999982031601654,0.4090650022871345,0.10678976799850026
Defect_L7_B47_el491_H2_W2.npy,-272.1559,4775.44726,1.1311968528662932e-05,0.999982031601654,0.40906497347536747,0.10679065335588744
Defect_L7_B48_el493_H2_W2.npy,-272.1559,4775.44726,1.1311968528662932e-05,0.999982031601654,0.4090649343994172,0.10679152321457355
Defect_L7_B49_el495_H2_W2.npy,-272.1558,4775.44726,1.1331779331685374e-05,0.999982031601654,0.40906489153437076,0.10679236152994265
Defect_L7_B4_el121_H2_W2.npy,-272.1558,4775.45725,1.1331779331685374e-05,0.9999840107008765,0.40906523544305745,0.10677210293610039
Defect_L7_B50_el497_H2_W2.npy,-272.1558,4775.44727,1.1331779331685374e-05,0.9999820335827343,0.4090648738680097,0.10679320875320832
Defect_L7_B51_el499_H2_W2.npy,-272.1558,4775.44727,1.1331779331685374e-05,0.9999820335827343,0.4090651340341468,0.10679443477374888
Defect_L7_B52_el501_H2_W2.npy,-272.1558,4775.44725,1.1331779331685374e-05,0.9999820296205738,0.4090649753096382,0.10679637486969763
Defect_L7_B53_el787_H2_W2.npy,-272.15569999999997,4775.45706,1.1351590134719077e-05,0.9999839730603507,0.4090650025908587,0.10678360019680123
Defect_L7_B54_el789_H2_W2.npy,-272.1556,4775.45707,1.1371400937741518e-05,0.9999839750414311,0.40906519000834984,0.10678179683920956
Defect_L7_B55_el791_H2_W2.npy,-272.15569999999997,4775.4572,1.1351590134719077e-05,0.9999840007954749,0.4090649002636323,0.10678100560384181
Defect_L7_B56_el793_H2_W2.npy,-272.1558,4775.45724,1.1331779331685374e-05,0.9999840087197961,0.409064967937096,0.10678104089212535
Defect_L7_B57_el795_H2_W2.npy,-272.1558,4775.45737,1.1331779331685374e-05,0.9999840344738401,0.40906505438204627,0.10678123033531785
Defect_L7_B58_el797_H2_W2.npy,-272.15569999999997,4775.4574,1.1351590134719077e-05,0.999984040417081,0.40906511761853276,0.10678146086442579
Defect_L7_B59_el799_H2_W2.npy,-272.1556,4775.45743,1.1371400937741518e-05,0.999984046360322,0.40906515746762506,0.10678172485369036
Defect_L7_B5_el123_H2_W2.npy,-272.15569999999997,4775.45725,1.1351590134719077e-05,0.9999840107008765,0.4090652455142505,0.10677434522950333
Defect_L7_B60_el801_H2_W2.npy,-272.1556,4775.45745,1.1371400937741518e-05,0.9999840503224825,0.4090651898989505,0.10678200781037082
Defect_L7_B61_el803_H2_W2.npy,-272.1569,4775.45744,1.1113860498382217e-05,0.9999840483414022,0.40906520744661096,0.10678229378703837
Defect_L7_B62_el805_H2_W2.npy,-272.1574,4775.44741,1.1014806483247489e-05,0.9999820613178585,0.4090652263954415,0.10678257326553937
Defect_L7_B63_el807_H2_W2.npy,-272.1575,4775.44729,1.0994995680213786e-05,0.9999820375448949,0.40906523660580946,0.10678286401230372
Defect_L7_B64_el809_H2_W2.npy,-272.1573,4775.44731,1.103461728626993e-05,0.9999820415070555,0.40906522810406826,0.10678318382042606
Defect_L7_B65_el811_H2_W2.npy,-272.1563,4775.4473,1.1232725316550646e-05,0.9999820395259752,0.4090652232130728,0.10678353105003018
Defect_L7_B66_el813_H2_W2.npy,-272.1563,4775.44729,1.1232725316550646e-05,0.9999820375448949,0.4090652269082389,0.1067839545345537
Defect_L7_B67_el815_H2_W2.npy,-272.15639999999996,4775.44727,1.1212914513528206e-05,0.9999820335827343,0.40906521864572337,0.1067844258050152
Defect_L7_B68_el817_H2_W2.npy,-272.15639999999996,4775.44716,1.1212914513528206e-05,0.9999820117908509,0.4090652166775626,0.10678495424163785
Defect_L7_B69_el819_H2_W2.npy,-272.15639999999996,4775.44715,1.1212914513528206e-05,0.9999820098097707,0.40906519411623943,0.10678554327557513
Defect_L7_B6_el125_H2_W2.npy,-272.1556,4775.45726,1.1371400937741518e-05,0.9999840126819568,0.4090652383406339,0.1067763044431258
Defect_L7_B70_el821_H2_W2.npy,-272.1563,4775.44714,1.1232725316550646e-05,0.9999820078286904,0.4090651730581702,0.1067861482461884
Defect_L7_B71_el823_H2_W2.npy,-272.1563,4775.44713,1.1232725316550646e-05,0.99998200584761,0.40906513531012517,0.10678674123638376
Defect_L7_B72_el825_H2_W2.npy,-272.1562,4775.44713,1.1252536119573088e-05,0.99998200584761,0.40906509224338106,0.10678731580899158
Defect_L7_B73_el827_H2_W2.npy,-272.1561,4775.44712,1.127234692260679e-05,0.9999820038665298,0.40906502877881357,0.10678785129594241
Defect_L7_B74_el829_H2_W2.npy,-272.156,4775.44713,1.129215772562923e-05,0.99998200584761,0.4090649620425197,0.10678836320606912
Defect_L7_B75_el831_H2_W2.npy,-272.156,4775.44713,1.129215772562923e-05,0.99998200584761,0.4090648664657632,0.10678885191985722
Defect_L7_B76_el833_H2_W2.npy,-272.1558,4775.4472399999995,1.1331779331685374e-05,0.9999820276394933,0.40906479395979883,0.10678940420774616
Defect_L7_B77_el835_H2_W2.npy,-272.1558,4775.4472399999995,1.1331779331685374e-05,0.9999820276394933,0.4090650655407961,0.10679057290639571
Defect_L7_B78_el837_H2_W2.npy,-272.1559,4775.44713,1.1311968528662932e-05,0.99998200584761,0.4090648824577291,0.10679276912160116
Defect_L7_B79_el1123_H2_W2.npy,-272.15569999999997,4775.4569,1.1351590134719077e-05,0.9999839413630659,0.4090648813291341,0.10678614394854344
Defect_L7_B7_el127_H2_W2.npy,-272.1556,4775.45737,1.1371400937741518e-05,0.9999840344738401,0.40906522564653114,0.10677800364491033
Defect_L7_B80_el1125_H2_W2.npy,-272.1556,4775.45691,1.1371400937741518e-05,0.9999839433441462,0.4090650719535305,0.10678397489616485
Defect_L7_B81_el1127_H2_W2.npy,-272.1558,4775.45705,1.1331779331685374e-05,0.9999839710792704,0.4090647906248957,0.10678301276084952
Defect_L7_B82_el1129_H2_W2.npy,-272.1558,4775.4572,1.1331779331685374e-05,0.9999840007954749,0.409064902472243,0.10678295171951922
Defect_L7_B83_el1131_H2_W2.npy,-272.1569,4775.45726,1.1113860498382217e-05,0.9999840126819568,0.4090650192798706,0.10678306208233491
Defect_L7_B84_el1133_H2_W2.npy,-272.1567,4775.44741,1.115348210443836e-05,0.9999820613178585,0.4090651021866212,0.10678319559959068
Defect_L7_B85_el1135_H2_W2.npy,-272.15549999999996,4775.44756,1.1391211740775219e-05,0.999982091034063,0.4090651629083178,0.10678333468193699
Defect_L7_B86_el1137_H2_W2.npy,-272.15549999999996,4775.45759,1.1391211740775219e-05,0.9999840780576068,0.40906521739146334,0.1067834514447619
Defect_L7_B87_el1139_H2_W2.npy,-272.1571,4775.4575700000005,1.1074238892326073e-05,0.9999840740954462,0.4090652428956363,0.10678353600842383
Defect_L7_B88_el1141_H2_W2.npy,-272.159,4775.44743,1.0697833634809603e-05,0.9999820652800192,0.4090652623999297,0.10678355582100538
Defect_L7_B89_el1143_H2_W2.npy,-272.1593,4775.4473,1.0638401225731018e-05,0.9999820395259752,0.40906527916487007,0.10678353068276385
Defect_L7_B8_el129_H2_W2.npy,-272.1556,4775.45737,1.1371400937741518e-05,0.9999840344738401,0.40906520536695207,0.10677949140241917
Defect_L7_B90_el1145_H2_W2.npy,-272.1578,4775.43732,1.0935563271135202e-05,0.9999800624078331,0.40906527677541654,0.10678354072860877
Defect_L7_B91_el1147_H2_W2.npy,-272.15659999999997,4775.437309999999,1.1173292907472062e-05,0.9999800604267527,0.4090652827142918,0.1067835217151426
Defect_L7_B92_el1149_H2_W2.npy,-272.1567,4775.437199999999,1.115348210443836e-05,0.9999800386348694,0.40906527774499424,0.10678360261731329
Defect_L7_B93_el1151_H2_W2.npy,-272.15659999999997,4775.43718,1.1173292907472062e-05,0.9999800346727088,0.40906528145181786,0.10678379140599133
Defect_L7_B94_el1153_H2_W2.npy,-272.15659999999997,4775.4370499999995,1.1173292907472062e-05,0.9999800089186648,0.40906528340703363,0.10678402314543659
Defect_L7_B95_el1155_H2_W2.npy,-272.15659999999997,4775.43704,1.1173292907472062e-05,0.9999800069375846,0.4090652648986839,0.10678439561985965
Defect_L7_B96_el1157_H2_W2.npy,-272.15659999999997,4775.437019999999,1.1173292907472062e-05,0.9999800029754239,0.40906523101215986,0.10678479390549801
Defect_L7_B97_el1159_H2_W2.npy,-272.15639999999996,4775.436879999999,1.1212914513528206e-05,0.9999799752402997,0.4090651782766742,0.10678516916627506
Defect_L7_B98_el1161_H2_W2.npy,-272.1553,4775.4368699999995,1.1430833346820103e-05,0.9999799732592194,0.40906511688305375,0.10678553335747792
Defect_L7_B99_el1163_H2_W2.npy,-272.15520000000004,4775.44687,1.1450644149842543e-05,0.9999819543395222,0.409065036081962,0.10678586562753453
Defect_L7_B9_el131_H2_W2.npy,-272.1556,4775.45737,1.1371400937741518e-05,0.9999840344738401,0.40906517908423284,0.10678079930253226
Defect_L8_B100_el1165_H2_W2.npy,-272.1561,4775.447,1.127234692260679e-05,0.9999819800935662,0.40906477707272887,0.10678526001562848
Defect_L8_B101_el1167_H2_W2.npy,-272.156,4775.44711,1.129215772562923e-05,0.9999820018854495,0.40906464116594726,0.10678559106934268
Defect_L8_B102_el1169_H2_W2.npy,-272.156,4775.44711,1.129215772562923e-05,0.9999820018854495,0.40906453102363105,0.10678610753212482
Defect_L8_B103_el1171_H2_W2.npy,-272.1559,4775.447099999999,1.1311968528662932e-05,0.9999819999043691,0.4090650339310521,0.10678764681427992
Defect_L8_B104_el1173_H2_W2.npy,-272.15500000000003,4775.44671,1.1490265755898687e-05,0.9999819226422374,0.409064588318379,0.10679003610182249
Defect_L8_B105_el1459_H2_W2.npy,-272.1561,4775.45686,1.127234692260679e-05,0.9999839334387447,0.40906469969487774,0.1067872963371233
Defect_L8_B106_el1461_H2_W2.npy,-272.15569999999997,4775.45673,1.1351590134719077e-05,0.9999839076847007,0.40906508284886317,0.10678497516266128
Defect_L8_B107_el1463_H2_W2.npy,-272.15569999999997,4775.45689,1.1351590134719077e-05,0.9999839393819856,0.40906457039613425,0.10678353902227576
Defect_L8_B108_el1465_H2_W2.npy,-272.1558,4775.45705,1.1331779331685374e-05,0.9999839710792704,0.40906467976194183,0.10678327502709642
Defect_L8_B109_el1467_H2_W2.npy,-272.15569999999997,4775.45724,1.1351590134719077e-05,0.9999840087197961,0.40906482847552755,0.10678327195953673
Defect_L8_B10_el133_H2_W2.npy,-272.1558,4775.45725,1.1331779331685374e-05,0.9999840107008765,0.4090649871797591,0.10678106350166618
Defect_L8_B110_el1469_H2_W2.npy,-272.1552,4775.45742,1.1450644149853805e-05,0.9999840443792416,0.4090649289901319,0.10678330579010979
Defect_L8_B111_el1471_H2_W2.npy,-272.1535,4775.45761,1.1787427801314131e-05,0.9999840820197674,0.4090650033899416,0.10678334850066683
Defect_L8_B112_el1473_H2_W2.npy,-272.1533,4775.45765,1.1827049407370273e-05,0.9999840899440886,0.4090650646007951,0.10678334378596627
Defect_L8_B113_el1475_H2_W2.npy,-272.15619999999996,4775.4575700000005,1.1252536119584348e-05,0.9999840740954462,0.409065101842279,0.10678332794690727
Defect_L8_B114_el1477_H2_W2.npy,-272.1634,4775.45728,9.826158301596973e-06,0.9999840166441173,0.40906513008731366,0.1067831781760841
Defect_L8_B115_el1479_H2_W2.npy,-272.1632,4775.43708,9.865779907653115e-06,0.9999800148619058,0.409065152802201,0.10678293945319335
Defect_L8_B116_el1481_H2_W2.npy,-272.1585,4775.426820000001,1.0796887649944331e-05,0.9999779822735153,0.40906509396618485,0.10678289732344749
Defect_L8_B117_el1483_H2_W2.npy,-272.1569,4775.437199999999,1.1113860498382217e-05,0.9999800386348694,0.40906514165911473,0.10678253490548457
Defect_L8_B118_el1485_H2_W2.npy,-272.157,4775.437239999999,1.1094049695359775e-05,0.9999800465591905,0.40906515615859973,0.10678235381253762
Defect_L8_B119_el1487_H2_W2.npy,-272.1567,4775.437099999999,1.115348210443836e-05,0.9999800188240663,0.4090651541829672,0.10678235917754579
Defect_L8_B11_el135_H2_W2.npy,-272.15680000000003,4775.45736,1.1133671301404657e-05,0.9999840324927599,0.4090649618604466,0.10678214954609964
Defect_L8_B120_el1489_H2_W2.npy,-272.1567,4775.43708,1.115348210443836e-05,0.9999800148619058,0.4090652276917184,0.10678213325695575
Defect_L8_B121_el1491_H2_W2.npy,-272.1568,4775.437169999999,1.113367130141592e-05,0.9999800326916284,0.4090651934567277,0.10678244889032831
Defect_L8_B122_el1493_H2_W2.npy,-272.1569,4775.43704,1.1113860498382217e-05,0.9999800069375846,0.4090651382441886,0.10678281566564175
Defect_L8_B123_el1495_H2_W2.npy,-272.1568,4775.43689,1.113367130141592e-05,0.9999799772213801,0.40906507464711067,0.10678314777791834
Defect_L8_B124_el1497_H2_W2.npy,-272.1556,4775.436739999999,1.1371400937741518e-05,0.9999799475051754,0.40906497182358764,0.10678350237396
Defect_L8_B125_el1499_H2_W2.npy,-272.1554,4775.43672,1.1411022543797661e-05,0.9999799435430149,0.40906485427142164,0.1067838038409932
Defect_L8_B126_el1501_H2_W2.npy,-272.15520000000004,4775.436699999999,1.1450644149842543e-05,0.9999799395808542,0.40906473067719773,0.10678409374957341
Defect_L8_B127_el1503_H2_W2.npy,-272.1551,4775.43671,1.1470454952876245e-05,0.9999799415619346,0.40906456642532674,0.10678439130590495
Defect_L8_B128_el1505_H2_W2.npy,-272.15500000000003,4775.44682,1.1490265755898687e-05,0.9999819444341207,0.4090644288190477,0.10678490444110905
Defect_L8_B129_el1507_H2_W2.npy,-272.1549,4775.4468099999995,1.151007655893239e-05,0.9999819424530403,0.40906493404763195,0.10678654216462977
Defect_L8_B12_el137_H2_W2.npy,-272.156,4775.45716,1.129215772562923e-05,0.9999839928711537,0.40906492443591413,0.10678316383033848
Defect_L8_B130_el1509_H2_W2.npy,-272.1541,4775.436299999999,1.16685629831457e-05,0.9999798603376421,0.40906450610302664,0.10678907131490749
Defect_L8_B13_el139_H2_W2.npy,-272.1559,4775.45726,1.1311968528662932e-05,0.9999840126819568,0.4090648944273051,0.1067841190010469
Defect_L8_B14_el141_H2_W2.npy,-272.1559,4775.45727,1.1311968528662932e-05,0.999984014663037,0.40906486829181354,0.10678503035992438
Defect_L8_B15_el143_H2_W2.npy,-272.1569,4775.45736,1.1113860498382217e-05,0.9999840324927599,0.40906484606174714,0.10678591577518438
Defect_L8_B16_el145_H2_W2.npy,-272.1558,4775.45737,1.1331779331685374e-05,0.9999840344738401,0.40906482052606535,0.10678676026772323
Defect_L8_B17_el147_H2_W2.npy,-272.15680000000003,4775.45738,1.1133671301404657e-05,0.9999840364549204,0.40906479540858265,0.10678762223461792
Defect_L8_B18_el149_H2_W2.npy,-272.15680000000003,4775.44738,1.1133671301404657e-05,0.9999820553746176,0.4090647813687514,0.10678849890263535
Defect_L8_B19_el151_H2_W2.npy,-272.15680000000003,4775.44738,1.1133671301404657e-05,0.9999820553746176,0.4090647689306261,0.10678939990161834
Defect_L8_B1_el115_H2_W2.npy,-272.1558,4775.45724,1.1331779331685374e-05,0.9999840087197961,0.40906501659700717,0.10676509559291752
Defect_L8_B20_el153_H2_W2.npy,-272.15680000000003,4775.44738,1.1133671301404657e-05,0.9999820553746176,0.40906476554933435,0.10679034223210142
Defect_L8_B21_el155_H2_W2.npy,-272.15680000000003,4775.44738,1.1133671301404657e-05,0.9999820553746176,0.409064761422718,0.1067913493352271
Defect_L8_B22_el157_H2_W2.npy,-272.1558,4775.44738,1.1331779331685374e-05,0.9999820553746176,0.40906477306255407,0.10679246281020714
Defect_L8_B23_el159_H2_W2.npy,-272.1558,4775.44738,1.1331779331685374e-05,0.9999820553746176,0.4090647943398406,0.10679370713098872
Defect_L8_B24_el161_H2_W2.npy,-272.1558,4775.44727,1.1331779331685374e-05,0.9999820335827343,0.4090648481994967,0.10679517230378717
Defect_L8_B25_el163_H2_W2.npy,-272.1558,4775.44727,1.1331779331685374e-05,0.9999820335827343,0.4090650199553129,0.10679705276880772
Defect_L8_B26_el165_H2_W2.npy,-272.1558,4775.44726,1.1331779331685374e-05,0.999982031601654,0.4090648021549973,0.10679944877681363
Defect_L8_B27_el451_H2_W2.npy,-272.1559,4775.45723,1.1311968528662932e-05,0.9999840067387159,0.4090649808477389,0.10677811089431324
Defect_L8_B28_el453_H2_W2.npy,-272.1558,4775.45722,1.1331779331685374e-05,0.9999840047576356,0.4090653917791788,0.10677709674850115
Defect_L8_B29_el455_H2_W2.npy,-272.1558,4775.45723,1.1331779331685374e-05,0.9999840067387159,0.40906493125398324,0.10677629884065401
Defect_L8_B2_el117_H2_W2.npy,-272.1558,4775.45724,1.1331779331685374e-05,0.9999840087197961,0.40906528933616054,0.10676657943343838
Defect_L8_B30_el457_H2_W2.npy,-272.1558,4775.45724,1.1331779331685374e-05,0.9999840087197961,0.4090649314985135,0.10677644539756885
Defect_L8_B31_el459_H2_W2.npy,-272.1556,4775.45726,1.1371400937741518e-05,0.9999840126819568,0.4090649816473037,0.10677684178480346
Defect_L8_B32_el461_H2_W2.npy,-272.15549999999996,4775.45738,1.1391211740775219e-05,0.9999840364549204,0.40906499112491074,0.10677734620234317
Defect_L8_B33_el463_H2_W2.npy,-272.1554,4775.4573900000005,1.1411022543797661e-05,0.9999840384360008,0.4090650133520514,0.10677795903567214
Defect_L8_B34_el465_H2_W2.npy,-272.1554,4775.4574,1.1411022543797661e-05,0.999984040417081,0.4090650162780406,0.10677863352160366
Defect_L8_B35_el467_H2_W2.npy,-272.15569999999997,4775.4574,1.1351590134719077e-05,0.999984040417081,0.40906501437549536,0.10677936150591848
Defect_L8_B36_el469_H2_W2.npy,-272.15720000000005,4775.45726,1.105442808929237e-05,0.9999840126819568,0.4090650020541679,0.10678011478044452
Defect_L8_B37_el471_H2_W2.npy,-272.15720000000005,4775.44737,1.105442808929237e-05,0.9999820533935373,0.4090649956354972,0.10678090636918174
Defect_L8_B38_el473_H2_W2.npy,-272.1563,4775.44715,1.1232725316550646e-05,0.9999820098097707,0.40906498218495924,0.10678172369713708
Defect_L8_B39_el475_H2_W2.npy,-272.1561,4775.447279999999,1.127234692260679e-05,0.9999820355638145,0.4090649681816326,0.10678255344003029
Defect_L8_B3_el119_H2_W2.npy,-272.1558,4775.45725,1.1331779331685374e-05,0.9999840107008765,0.4090651330623417,0.1067686676646555
Defect_L8_B40_el477_H2_W2.npy,-272.1561,4775.44729,1.127234692260679e-05,0.9999820375448949,0.4090649567262673,0.1067833972362417
Defect_L8_B41_el479_H2_W2.npy,-272.1561,4775.44727,1.127234692260679e-05,0.9999820335827343,0.4090649417290147,0.10678425980346241
Defect_L8_B42_el481_H2_W2.npy,-272.156,4775.447279999999,1.129215772562923e-05,0.9999820355638145,0.4090649466447986,0.1067851149057849
Defect_L8_B43_el483_H2_W2.npy,-272.15700000000004,4775.447279999999,1.1094049695348515e-05,0.9999820355638145,0.4090649267148008,0.10678601322696285
Defect_L8_B44_el485_H2_W2.npy,-272.15700000000004,4775.447279999999,1.1094049695348515e-05,0.9999820355638145,0.40906490897457,0.1067869305532928
Defect_L8_B45_el487_H2_W2.npy,-272.156,4775.447279999999,1.129215772562923e-05,0.9999820355638145,0.40906488622043896,0.10678784030057027
Defect_L8_B46_el489_H2_W2.npy,-272.156,4775.447279999999,1.129215772562923e-05,0.9999820355638145,0.40906486875959325,0.10678875235798399
Defect_L8_B47_el491_H2_W2.npy,-272.1559,4775.44727,1.1311968528662932e-05,0.9999820335827343,0.4090648358860067,0.10678964967912692
Defect_L8_B48_el493_H2_W2.npy,-272.1559,4775.44727,1.1311968528662932e-05,0.9999820335827343,0.409064810072633,0.10679053233589002
Defect_L8_B49_el495_H2_W2.npy,-272.1558,4775.44727,1.1331779331685374e-05,0.9999820335827343,0.4090647572968756,0.10679138780308696
Defect_L8_B4_el121_H2_W2.npy,-272.1558,4775.45725,1.1331779331685374e-05,0.9999840107008765,0.4090651304403126,0.10677108732507296
Defect_L8_B50_el497_H2_W2.npy,-272.1558,4775.44727,1.1331779331685374e-05,0.9999820335827343,0.4090647575996049,0.10679229407738582
Defect_L8_B51_el499_H2_W2.npy,-272.1558,4775.44726,1.1331779331685374e-05,0.999982031601654,0.4090651885855937,0.10679371887805537
Defect_L8_B52_el501_H2_W2.npy,-272.156,4775.44713,1.129215772562923e-05,0.99998200584761,0.40906476745862225,0.10679570668684558
Defect_L8_B53_el787_H2_W2.npy,-272.1559,4775.45719,1.1311968528662932e-05,0.9999839988143947,0.40906486084835053,0.10678305801972143
Defect_L8_B54_el789_H2_W2.npy,-272.15569999999997,4775.45707,1.1351590134719077e-05,0.9999839750414311,0.40906529889872295,0.1067813675549181
Defect_L8_B55_el791_H2_W2.npy,-272.15569999999997,4775.45709,1.1351590134719077e-05,0.9999839790035916,0.4090647884726439,0.10678025680833836
Defect_L8_B56_el793_H2_W2.npy,-272.15569999999997,4775.45722,1.1351590134719077e-05,0.9999840047576356,0.40906485078914195,0.10678022372422356
Defect_L8_B57_el795_H2_W2.npy,-272.15569999999997,4775.45725,1.1351590134719077e-05,0.9999840107008765,0.4090649331491644,0.10678039028998877
Defect_L8_B58_el797_H2_W2.npy,-272.1554,4775.4573900000005,1.1411022543797661e-05,0.9999840384360008,0.40906498825136733,0.10678060578264369
Defect_L8_B59_el799_H2_W2.npy,-272.15529999999995,4775.45742,1.1430833346831363e-05,0.9999840443792416,0.4090650196343519,0.10678085500168262
Defect_L8_B5_el123_H2_W2.npy,-272.15569999999997,4775.45725,1.1351590134719077e-05,0.9999840107008765,0.4090651289562658,0.10677333790457062
Defect_L8_B60_el801_H2_W2.npy,-272.15529999999995,4775.45744,1.1430833346831363e-05,0.9999840483414022,0.40906504721020415,0.10678112850784297
Defect_L8_B61_el803_H2_W2.npy,-272.1559,4775.45742,1.1311968528662932e-05,0.9999840443792416,0.4090650603671367,0.10678140701879407
Defect_L8_B62_el805_H2_W2.npy,-272.15770000000003,4775.45725,1.0955374074157644e-05,0.9999840107008765,0.4090650686954797,0.10678169553711848
Defect_L8_B63_el807_H2_W2.npy,-272.1578,4775.44736,1.0935563271135202e-05,0.9999820514124571,0.4090650754945954,0.10678200477049345
Defect_L8_B64_el809_H2_W2.npy,-272.15659999999997,4775.44705,1.1173292907472062e-05,0.9999819899989676,0.40906505726230813,0.10678235210225238
Defect_L8_B65_el811_H2_W2.npy,-272.1563,4775.447279999999,1.1232725316550646e-05,0.9999820355638145,0.4090650582963594,0.10678271974559354
Defect_L8_B66_el813_H2_W2.npy,-272.1563,4775.4473,1.1232725316550646e-05,0.9999820395259752,0.40906505730562215,0.10678312069045365
Defect_L8_B67_el815_H2_W2.npy,-272.1563,4775.447279999999,1.1232725316550646e-05,0.9999820355638145,0.40906505730840803,0.10678357143819792
Defect_L8_B68_el817_H2_W2.npy,-272.15619999999996,4775.447279999999,1.1252536119584348e-05,0.9999820355638145,0.4090650587392532,0.10678402313430661
Defect_L8_B69_el819_H2_W2.npy,-272.1573,4775.447279999999,1.103461728626993e-05,0.9999820355638145,0.40906504862015863,0.10678457556191569
Defect_L8_B6_el125_H2_W2.npy,-272.1556,4775.45726,1.1371400937741518e-05,0.9999840126819568,0.40906510989828493,0.1067753141668571
Defect_L8_B70_el821_H2_W2.npy,-272.15619999999996,4775.447279999999,1.1252536119584348e-05,0.9999820355638145,0.409065016561978,0.1067851587156225
Defect_L8_B71_el823_H2_W2.npy,-272.15619999999996,4775.44726,1.1252536119584348e-05,0.999982031601654,0.409064982435418,0.106785747736865
Defect_L8_B72_el825_H2_W2.npy,-272.1561,4775.44726,1.127234692260679e-05,0.999982031601654,0.40906493806367195,0.10678632013792093
Defect_L8_B73_el827_H2_W2.npy,-272.156,4775.44725,1.129215772562923e-05,0.9999820296205738,0.40906488154075543,0.10678687507331788
Defect_L8_B74_el829_H2_W2.npy,-272.156,4775.44725,1.129215772562923e-05,0.9999820296205738,0.4090648191618983,0.10678740805063673
Defect_L8_B75_el831_H2_W2.npy,-272.1559,4775.44725,1.1311968528662932e-05,0.9999820296205738,0.4090647082495854,0.10678791642731858
Defect_L8_B76_el833_H2_W2.npy,-272.1558,4775.44725,1.1331779331685374e-05,0.9999820296205738,0.409064648518937,0.1067885488041399
Defect_L8_B77_el835_H2_W2.npy,-272.1558,4775.4472399999995,1.1331779331685374e-05,0.9999820276394933,0.4090651227869713,0.10679000566616781
Defect_L8_B78_el837_H2_W2.npy,-272.156,4775.4469899999995,1.129215772562923e-05,0.9999819781124858,0.409064669805682,0.10679220918927441
Defect_L8_B79_el1123_H2_W2.npy,-272.15599999999995,4775.45703,1.1292157725640492e-05,0.9999839671171097,0.4090647700332241,0.1067856974531428
Defect_L8_B7_el127_H2_W2.npy,-272.15549999999996,4775.45727,1.1391211740775219e-05,0.999984014663037,0.4090650813559899,0.1067770354996567
Defect_L8_B80_el1125_H2_W2.npy,-272.15569999999997,4775.4569,1.1351590134719077e-05,0.9999839413630659,0.40906518011435145,0.10678359606202721
Defect_L8_B81_el1127_H2_W2.npy,-272.15569999999997,4775.45704,1.1351590134719077e-05,0.9999839690981901,0.40906466488140275,0.10678229231684065
Defect_L8_B82_el1129_H2_W2.npy,-272.15569999999997,4775.45709,1.1351590134719077e-05,0.9999839790035916,0.40906475936708314,0.106782147256848
Defect_L8_B83_el1131_H2_W2.npy,-272.1556,4775.45724,1.1371400937741518e-05,0.9999840087197961,0.4090648808638881,0.10678223307439745
Defect_L8_B84_el1133_H2_W2.npy,-272.15529999999995,4775.4574,1.1430833346831363e-05,0.999984040417081,0.4090649601111708,0.10678234860277923
Defect_L8_B85_el1135_H2_W2.npy,-272.155,4775.45746,1.1490265755909947e-05,0.9999840523035628,0.4090650132317165,0.10678247500406524
Defect_L8_B86_el1137_H2_W2.npy,-272.154,4775.45758,1.1688373786179403e-05,0.9999840760765265,0.409065060693793,0.10678258413741665
Defect_L8_B87_el1139_H2_W2.npy,-272.156,4775.45754,1.129215772562923e-05,0.9999840681522053,0.4090650897363636,0.10678267300586641
Defect_L8_B88_el1141_H2_W2.npy,-272.1597,4775.45723,1.0559158013618732e-05,0.9999840067387159,0.4090651124302664,0.10678270656802018
Defect_L8_B89_el1143_H2_W2.npy,-272.1598,4775.4472399999995,1.053934721058503e-05,0.9999820276394933,0.4090651143443303,0.10678271821810596
Defect_L8_B8_el129_H2_W2.npy,-272.15549999999996,4775.45737,1.1391211740775219e-05,0.9999840344738401,0.4090650578475469,0.10677854706764216
Defect_L8_B90_el1145_H2_W2.npy,-272.157,4775.43704,1.1094049695359775e-05,0.9999800069375846,0.40906509027516114,0.10678279448203354
Defect_L8_B91_el1147_H2_W2.npy,-272.15659999999997,4775.43719,1.1173292907472062e-05,0.9999800366537891,0.40906510778276334,0.10678279727733264
Defect_L8_B92_el1149_H2_W2.npy,-272.15659999999997,4775.437209999999,1.1173292907472062e-05,0.9999800406159496,0.40906511149091035,0.10678287383428793
Defect_L8_B93_el1151_H2_W2.npy,-272.1565,4775.43719,1.1193103710494503e-05,0.9999800366537891,0.4090651128074493,0.10678302332236993
Defect_L8_B94_el1153_H2_W2.npy,-272.15639999999996,4775.43718,1.1212914513528206e-05,0.9999800346727088,0.40906513308304365,0.10678313077878632
Defect_L8_B95_el1155_H2_W2.npy,-272.1565,4775.44718,1.1193103710494503e-05,0.9999820157530116,0.4090651123827957,0.10678344983555775
Defect_L8_B96_el1157_H2_W2.npy,-272.1565,4775.4471699999995,1.1193103710494503e-05,0.9999820137719312,0.40906508440513667,0.10678383517702525
Defect_L8_B97_el1159_H2_W2.npy,-272.1565,4775.43714,1.1193103710494503e-05,0.9999800267483876,0.4090650263959197,0.10678420590166023
Defect_L8_B98_el1161_H2_W2.npy,-272.15639999999996,4775.437019999999,1.1212914513528206e-05,0.9999800029754239,0.409064962971525,0.10678457677128897
Defect_L8_B99_el1163_H2_W2.npy,-272.1563,4775.44701,1.1232725316550646e-05,0.9999819820746464,0.40906486756578103,0.10678491725641143
Defect_L8_B9_el131_H2_W2.npy,-272.1556,4775.45737,1.1371400937741518e-05,0.9999840344738401,0.4090650230150384,0.10677987550550845
Defect_L9_B100_el1165_H2_W2.npy,-272.1563,4775.437019999999,1.1232725316550646e-05,0.9999800029754239,0.4090647216170023,0.1067837264555553
Defect_L9_B101_el1167_H2_W2.npy,-272.1562,4775.43701,1.1252536119573088e-05,0.9999800009943437,0.40906455406915343,0.10678408930906517
Defect_L9_B102_el1169_H2_W2.npy,-272.1561,4775.4469899999995,1.127234692260679e-05,0.9999819781124858,0.4090644138746021,0.10678465467154677
Defect_L9_B103_el1171_H2_W2.npy,-272.1551,4775.43685,1.1470454952876245e-05,0.9999799692970589,0.4090650230828592,0.10678635666408912
Defect_L9_B104_el1173_H2_W2.npy,-272.15430000000003,4775.4363299999995,1.1628941377089558e-05,0.9999798662808831,0.40906440195200194,0.10678853590663422
Defect_L9_B105_el1459_H2_W2.npy,-272.15599999999995,4775.45653,1.1292157725640492e-05,0.9999838680630947,0.40906479037488014,0.10678629189140076
Defect_L9_B106_el1461_H2_W2.npy,-272.1543,4775.45639,1.1628941377100818e-05,0.9999838403279705,0.40906532074763224,0.10678424335819914
Defect_L9_B107_el1463_H2_W2.npy,-272.1543,4775.45654,1.1628941377100818e-05,0.999983870044175,0.40906465458783825,0.10678266884559538
Defect_L9_B108_el1465_H2_W2.npy,-272.15409999999997,4775.45683,1.1668562983156962e-05,0.9999839274955038,0.40906475321756747,0.10678237999609477
Defect_L9_B109_el1467_H2_W2.npy,-272.1538,4775.45704,1.1727995392235547e-05,0.9999839690981901,0.40906489910819716,0.10678239540548443
Defect_L9_B10_el133_H2_W2.npy,-272.15569999999997,4775.45738,1.1351590134719077e-05,0.9999840364549204,0.4090652347638544,0.10677947215265259
Defect_L9_B110_el1469_H2_W2.npy,-272.1531,4775.45737,1.1866671013426418e-05,0.9999840344738401,0.409064992442222,0.10678245570826661
Defect_L9_B111_el1471_H2_W2.npy,-272.15110000000004,4775.467610000001,1.2262887073965328e-05,0.9999860631000702,0.40906503681433154,0.10678250477969874
Defect_L9_B112_el1473_H2_W2.npy,-272.1506,4775.467900000001,1.2361941089111317e-05,0.999986120551399,0.40906508794246116,0.10678252341847945
Defect_L9_B113_el1475_H2_W2.npy,-272.1551,4775.47793,1.1470454952876245e-05,0.9999881075749425,0.40906510010935304,0.10678251437806177
Defect_L9_B114_el1477_H2_W2.npy,-272.1642,4775.46755,9.66767187738366e-06,0.9999860512135883,0.40906511832653203,0.10678235523267675
Defect_L9_B115_el1479_H2_W2.npy,-272.1645,4775.44723,9.608239468305076e-06,0.9999820256584131,0.40906512931484756,0.10678212231144464
Defect_L9_B116_el1481_H2_W2.npy,-272.1594,4775.427390000001,1.0618590422697316e-05,0.9999780951950926,0.4090650798829352,0.10678211541488543
Defect_L9_B117_el1483_H2_W2.npy,-272.158,4775.43765,1.089594166507906e-05,0.9999801277834831,0.4090651385014234,0.10678169262274165
Defect_L9_B118_el1485_H2_W2.npy,-272.15909999999997,4775.4378,1.0678022831787163e-05,0.9999801574996876,0.40906518841804906,0.10678142896749701
Defect_L9_B119_el1487_H2_W2.npy,-272.1589,4775.43768,1.0717644437832045e-05,0.999980133726724,0.40906519744502395,0.10678129616462359
Defect_L9_B11_el135_H2_W2.npy,-272.1558,4775.45732,1.1331779331685374e-05,0.9999840245684387,0.4090652080385425,0.10678055845784966
Defect_L9_B120_el1489_H2_W2.npy,-272.15889999999996,4775.43765,1.0717644437843305e-05,0.9999801277834831,0.40906530413266384,0.10678088117386207
Defect_L9_B121_el1491_H2_W2.npy,-272.15909999999997,4775.437739999999,1.0678022831787163e-05,0.9999801456132057,0.4090652903575966,0.10678109254881717
Defect_L9_B122_el1493_H2_W2.npy,-272.1592,4775.437489999999,1.065821202875346e-05,0.9999800960861981,0.40906523416089435,0.10678141895407292
Defect_L9_B123_el1495_H2_W2.npy,-272.158,4775.4373,1.089594166507906e-05,0.9999800584456724,0.4090651529881232,0.10678173063136243
Defect_L9_B124_el1497_H2_W2.npy,-272.1569,4775.43703,1.1113860498382217e-05,0.9999800049565043,0.4090650185327879,0.10678209700574724
Defect_L9_B125_el1499_H2_W2.npy,-272.1557,4775.436769999999,1.1351590134707816e-05,0.9999799534484163,0.40906487124040436,0.10678240995278475
Defect_L9_B126_el1501_H2_W2.npy,-272.1555,4775.43672,1.1391211740763959e-05,0.9999799435430149,0.4090647218520337,0.10678272648113339
Defect_L9_B127_el1503_H2_W2.npy,-272.1554,4775.4366,1.1411022543797661e-05,0.9999799197700513,0.40906450195047683,0.10678304775878915
Defect_L9_B128_el1505_H2_W2.npy,-272.15430000000003,4775.43658,1.1628941377089558e-05,0.9999799158078906,0.4090643370785076,0.10678361393718692
Defect_L9_B129_el1507_H2_W2.npy,-272.15430000000003,4775.43643,1.1628941377089558e-05,0.9999798860916861,0.40906494997999304,0.10678542204144727
Defect_L9_B12_el137_H2_W2.npy,-272.1559,4775.4573900000005,1.1311968528662932e-05,0.9999840384360008,0.40906517795499575,0.10678156082792739
Defect_L9_B130_el1509_H2_W2.npy,-272.15250000000003,4775.42575,1.1985535831583586e-05,0.9999777702979229,0.4090643515084465,0.10678773207886574
Defect_L9_B13_el139_H2_W2.npy,-272.1558,4775.45737,1.1331779331685374e-05,0.9999840344738401,0.40906514258929544,0.10678249741449382
Defect_L9_B14_el141_H2_W2.npy,-272.1558,4775.45737,1.1331779331685374e-05,0.9999840344738401,0.4090651113893322,0.10678338688989801
Defect_L9_B15_el143_H2_W2.npy,-272.15680000000003,4775.45738,1.1133671301404657e-05,0.9999840364549204,0.40906506600597276,0.10678422740825917
Defect_L9_B16_el145_H2_W2.npy,-272.15680000000003,4775.45738,1.1133671301404657e-05,0.9999840364549204,0.4090650443476914,0.10678504978809794
Defect_L9_B17_el147_H2_W2.npy,-272.15680000000003,4775.45738,1.1133671301404657e-05,0.9999840364549204,0.4090649993915068,0.1067858578250326
Defect_L9_B18_el149_H2_W2.npy,-272.15680000000003,4775.4573900000005,1.1133671301404657e-05,0.9999840384360008,0.409064969066846,0.10678668099838518
Defect_L9_B19_el151_H2_W2.npy,-272.15680000000003,4775.44739,1.1133671301404657e-05,0.999982057355698,0.40906493671337524,0.10678751735575615
Defect_L9_B1_el115_H2_W2.npy,-272.1559,4775.45724,1.1311968528662932e-05,0.9999840087197961,0.4090650136912671,0.10676472106036933
Defect_L9_B20_el153_H2_W2.npy,-272.15680000000003,4775.44739,1.1133671301404657e-05,0.999982057355698,0.40906489417661,0.10678838355655952
Defect_L9_B21_el155_H2_W2.npy,-272.15680000000003,4775.44738,1.1133671301404657e-05,0.9999820553746176,0.4090648650602091,0.10678930624932348
Defect_L9_B22_el157_H2_W2.npy,-272.1558,4775.44738,1.1331779331685374e-05,0.9999820553746176,0.40906484795066506,0.10679031451375777
Defect_L9_B23_el159_H2_W2.npy,-272.1558,4775.44738,1.1331779331685374e-05,0.9999820553746176,0.4090648470046205,0.10679143972825679
Defect_L9_B24_el161_H2_W2.npy,-272.1558,4775.447279999999,1.1331779331685374e-05,0.9999820355638145,0.4090648732482134,0.10679276097633134
Defect_L9_B25_el163_H2_W2.npy,-272.1558,4775.44726,1.1331779331685374e-05,0.999982031601654,0.40906507055536634,0.10679450422752994
Defect_L9_B26_el165_H2_W2.npy,-272.1558,4775.44725,1.1331779331685374e-05,0.9999820296205738,0.4090647334957855,0.10679668735970618
Defect_L9_B27_el451_H2_W2.npy,-272.156,4775.44723,1.129215772562923e-05,0.9999820256584131,0.40906505064854226,0.10677746821251197
Defect_L9_B28_el453_H2_W2.npy,-272.1558,4775.4572,1.1331779331685374e-05,0.9999840007954749,0.4090656376989528,0.10677660627729263
Defect_L9_B29_el455_H2_W2.npy,-272.1558,4775.4572100000005,1.1331779331685374e-05,0.9999840027765553,0.40906505272266896,0.10677555875551709
Defect_L9_B2_el117_H2_W2.npy,-272.1558,4775.45724,1.1331779331685374e-05,0.9999840087197961,0.4090653792702952,0.10676578545510189
Defect_L9_B30_el457_H2_W2.npy,-272.15569999999997,4775.45722,1.1351590134719077e-05,0.9999840047576356,0.40906506322511704,0.10677556417478212
Defect_L9_B31_el459_H2_W2.npy,-272.1556,4775.45724,1.1371400937741518e-05,0.9999840087197961,0.4090651152680308,0.106775834229631
Defect_L9_B32_el461_H2_W2.npy,-272.1554,4775.45727,1.1411022543797661e-05,0.999984014663037,0.40906513499191427,0.10677621254824934
Defect_L9_B33_el463_H2_W2.npy,-272.1552,4775.4573900000005,1.1450644149853805e-05,0.9999840384360008,0.4090651539859867,0.10677670140263068
Defect_L9_B34_el465_H2_W2.npy,-272.1552,4775.45741,1.1450644149853805e-05,0.9999840423981613,0.4090651630842561,0.10677727077959359
Defect_L9_B35_el467_H2_W2.npy,-272.1556,4775.4574,1.1371400937741518e-05,0.999984040417081,0.4090651587696702,0.10677789547427774
Defect_L9_B36_el469_H2_W2.npy,-272.15700000000004,4775.45738,1.1094049695348515e-05,0.9999840364549204,0.4090651486399255,0.10677856534960105
Defect_L9_B37_el471_H2_W2.npy,-272.15720000000005,4775.45724,1.105442808929237e-05,0.9999840087197961,0.4090651286141404,0.10677927809782761
Defect_L9_B38_el473_H2_W2.npy,-272.1571,4775.4473,1.1074238892326073e-05,0.9999820395259752,0.40906510766226417,0.10678003651797603
Defect_L9_B39_el475_H2_W2.npy,-272.156,4775.44729,1.129215772562923e-05,0.9999820375448949,0.4090650937621142,0.106780805779662
Defect_L9_B3_el119_H2_W2.npy,-272.1558,4775.45723,1.1331779331685374e-05,0.9999840067387159,0.40906520895112597,0.1067674402324507
Defect_L9_B40_el477_H2_W2.npy,-272.1571,4775.44739,1.1074238892326073e-05,0.999982057355698,0.40906507590378416,0.10678158520499037
Defect_L9_B41_el479_H2_W2.npy,-272.15700000000004,4775.44739,1.1094049695348515e-05,0.999982057355698,0.40906504937586635,0.10678236451427346
Defect_L9_B42_el481_H2_W2.npy,-272.15700000000004,4775.44739,1.1094049695348515e-05,0.999982057355698,0.4090650351929235,0.10678315211338472
Defect_L9_B43_el483_H2_W2.npy,-272.15700000000004,4775.44739,1.1094049695348515e-05,0.999982057355698,0.4090650083734835,0.10678397924577017
Defect_L9_B44_el485_H2_W2.npy,-272.15700000000004,4775.4474,1.1094049695348515e-05,0.9999820593367783,0.40906497000733,0.1067848309873069
Defect_L9_B45_el487_H2_W2.npy,-272.15700000000004,4775.44739,1.1094049695348515e-05,0.999982057355698,0.40906493125303284,0.10678569575791093
Defect_L9_B46_el489_H2_W2.npy,-272.15700000000004,4775.44739,1.1094049695348515e-05,0.999982057355698,0.4090648817248362,0.1067865574748207
Defect_L9_B47_el491_H2_W2.npy,-272.1569,4775.44739,1.1113860498382217e-05,0.999982057355698,0.409064826634012,0.10678742684094
Defect_L9_B48_el493_H2_W2.npy,-272.1559,4775.44738,1.1311968528662932e-05,0.9999820553746176,0.40906477016132814,0.10678828706401901
Defect_L9_B49_el495_H2_W2.npy,-272.1559,4775.44737,1.1311968528662932e-05,0.9999820533935373,0.4090646878228502,0.10678912399273928
Defect_L9_B4_el121_H2_W2.npy,-272.1558,4775.45724,1.1331779331685374e-05,0.9999840087197961,0.40906524162142643,0.10676965789919647
Defect_L9_B50_el497_H2_W2.npy,-272.1558,4775.44727,1.1331779331685374e-05,0.9999820335827343,0.40906466121078755,0.10679005352465003
Defect_L9_B51_el499_H2_W2.npy,-272.1558,4775.44726,1.1331779331685374e-05,0.999982031601654,0.4090651759245513,0.10679156839675452
Defect_L9_B52_el501_H2_W2.npy,-272.156,4775.44711,1.129215772562923e-05,0.9999820018854495,0.40906457423141923,0.10679347270408547
Defect_L9_B53_el787_H2_W2.npy,-272.156,4775.45706,1.129215772562923e-05,0.9999839730603507,0.4090649416851362,0.10678218184904519
Defect_L9_B54_el789_H2_W2.npy,-272.15569999999997,4775.45702,1.1351590134719077e-05,0.9999839651360295,0.409065556858036,0.10678071604010694
Defect_L9_B55_el791_H2_W2.npy,-272.1556,4775.45704,1.1371400937741518e-05,0.9999839690981901,0.40906491381362603,0.10677941630094369
Defect_L9_B56_el793_H2_W2.npy,-272.1556,4775.45708,1.1371400937741518e-05,0.9999839770225113,0.409064970542024,0.10677931429520451
Defect_L9_B57_el795_H2_W2.npy,-272.15549999999996,4775.45722,1.1391211740775219e-05,0.9999840047576356,0.40906506544844773,0.1067794381136015
Defect_L9_B58_el797_H2_W2.npy,-272.1551,4775.45737,1.1470454952876245e-05,0.9999840344738401,0.40906511345883156,0.10677960499157478
Defect_L9_B59_el799_H2_W2.npy,-272.1538,4775.45742,1.1727995392235547e-05,0.9999840443792416,0.40906514784272957,0.10677980247277469
Defect_L9_B5_el123_H2_W2.npy,-272.1556,4775.45725,1.1371400937741518e-05,0.9999840107008765,0.409065270984023,0.10677181406327664
Defect_L9_B60_el801_H2_W2.npy,-272.1538,4775.45755,1.1727995392235547e-05,0.9999840701332856,0.4090651552716745,0.10678001263264185
Defect_L9_B61_el803_H2_W2.npy,-272.15549999999996,4775.45753,1.1391211740775219e-05,0.9999840661711249,0.4090651640124505,0.10678023691191127
Defect_L9_B62_el805_H2_W2.npy,-272.1575,4775.4573900000005,1.0994995680213786e-05,0.9999840384360008,0.40906515307587715,0.10678046294204342
Defect_L9_B63_el807_H2_W2.npy,-272.1588,4775.44736,1.0737455240865747e-05,0.9999820514124571,0.40906514452750387,0.10678073024270715
Defect_L9_B64_el809_H2_W2.npy,-272.1574,4775.44732,1.1014806483247489e-05,0.9999820434881359,0.40906512429350117,0.10678104676254117
Defect_L9_B65_el811_H2_W2.npy,-272.1573,4775.4474199999995,1.103461728626993e-05,0.9999820632989388,0.40906512874002904,0.10678136550637299
Defect_L9_B66_el813_H2_W2.npy,-272.1572,4775.44743,1.1054428089303633e-05,0.9999820652800192,0.40906511053271954,0.10678170696081471
Defect_L9_B67_el815_H2_W2.npy,-272.1572,4775.44743,1.1054428089303633e-05,0.9999820652800192,0.4090651124886722,0.10678206181928913
Defect_L9_B68_el817_H2_W2.npy,-272.1573,4775.4474199999995,1.103461728626993e-05,0.9999820632989388,0.40906510173016014,0.10678242302661088
Defect_L9_B69_el819_H2_W2.npy,-272.1573,4775.44743,1.103461728626993e-05,0.9999820652800192,0.40906508088159127,0.10678288694724988
Defect_L9_B6_el125_H2_W2.npy,-272.1556,4775.45726,1.1371400937741518e-05,0.9999840126819568,0.40906528284756627,0.1067737450704156
Defect_L9_B70_el821_H2_W2.npy,-272.1573,4775.4474199999995,1.103461728626993e-05,0.9999820632989388,0.40906504089254575,0.10678341554834767
Defect_L9_B71_el823_H2_W2.npy,-272.1573,4775.4474,1.103461728626993e-05,0.9999820593367783,0.4090649918338976,0.10678396371873311
Defect_L9_B72_el825_H2_W2.npy,-272.1572,4775.447279999999,1.1054428089303633e-05,0.9999820355638145,0.409064924377248,0.10678450339611918
Defect_L9_B73_el827_H2_W2.npy,-272.1561,4775.447279999999,1.127234692260679e-05,0.9999820355638145,0.4090648425333047,0.10678503665317211
Defect_L9_B74_el829_H2_W2.npy,-272.156,4775.44726,1.129215772562923e-05,0.999982031601654,0.4090647516697206,0.10678556880964798
Defect_L9_B75_el831_H2_W2.npy,-272.156,4775.44726,1.129215772562923e-05,0.999982031601654,0.4090646024857306,0.10678608864459423
Defect_L9_B76_el833_H2_W2.npy,-272.1559,4775.44725,1.1311968528662932e-05,0.9999820296205738,0.40906452069625593,0.10678677049670336
Defect_L9_B77_el835_H2_W2.npy,-272.156,4775.44712,1.129215772562923e-05,0.9999820038665298,0.409065107342713,0.10678836665295974
Defect_L9_B78_el837_H2_W2.npy,-272.1551,4775.436739999999,1.1470454952876245e-05,0.9999799475051754,0.40906446591708817,0.10679042316118378
Defect_L9_B79_el1123_H2_W2.npy,-272.15599999999995,4775.45686,1.1292157725640492e-05,0.9999839334387447,0.4090648672405603,0.10678473110396901
Defect_L9_B7_el127_H2_W2.npy,-272.15549999999996,4775.45736,1.1391211740775219e-05,0.9999840324927599,0.40906528679357523,0.1067754507737186
Defect_L9_B80_el1125_H2_W2.npy,-272.15549999999996,4775.45672,1.1391211740775219e-05,0.9999839057036204,0.40906542509369415,0.10678288094555667
Defect_L9_B81_el1127_H2_W2.npy,-272.15549999999996,4775.45686,1.1391211740775219e-05,0.9999839334387447,0.4090647699151104,0.10678142415677715
Defect_L9_B82_el1129_H2_W2.npy,-272.1553,4775.45701,1.1430833346820103e-05,0.9999839631549492,0.4090648672646109,0.10678124258584464
Defect_L9_B83_el1131_H2_W2.npy,-272.1552,4775.45718,1.1450644149853805e-05,0.9999839968333144,0.4090649951957888,0.10678131910397907
Defect_L9_B84_el1133_H2_W2.npy,-272.1537,4775.45738,1.1747806195257987e-05,0.9999840364549204,0.4090650545823562,0.10678142776940257
Defect_L9_B85_el1135_H2_W2.npy,-272.1531,4775.45756,1.1866671013426418e-05,0.9999840721143658,0.4090651014435443,0.10678153965129394
Defect_L9_B86_el1137_H2_W2.npy,-272.153,4775.46771,1.188648181644886e-05,0.9999860829108731,0.4090651265839831,0.1067816264080586
Defect_L9_B87_el1139_H2_W2.npy,-272.1554,4775.46767,1.1411022543797661e-05,0.9999860749865519,0.4090651404053896,0.1067816870934668
Defect_L9_B88_el1141_H2_W2.npy,-272.1605,4775.45749,1.0400671589394159e-05,0.9999840582468037,0.40906515274944794,0.1067816985435838
Defect_L9_B89_el1143_H2_W2.npy,-272.1607,4775.44736,1.0361049983338016e-05,0.9999820514124571,0.4090651481715384,0.1067817039171832
Defect_L9_B8_el129_H2_W2.npy,-272.15549999999996,4775.45738,1.1391211740775219e-05,0.9999840364549204,0.4090652768114516,0.10677695045306727
Defect_L9_B90_el1145_H2_W2.npy,-272.1588,4775.4373399999995,1.0737455240865747e-05,0.9999800663699936,0.40906512476778006,0.10678177806590063
Defect_L9_B91_el1147_H2_W2.npy,-272.1575,4775.44747,1.0994995680213786e-05,0.9999820732043404,0.40906513167955166,0.10678174777513563
Defect_L9_B92_el1149_H2_W2.npy,-272.1576,4775.4475999999995,1.0975184877191346e-05,0.9999820989583842,0.4090651413056698,0.10678176738168348
Defect_L9_B93_el1151_H2_W2.npy,-272.1575,4775.44749,1.0994995680213786e-05,0.9999820771665009,0.4090651499934156,0.10678180774203776
Defect_L9_B94_el1153_H2_W2.npy,-272.1576,4775.44747,1.0975184877191346e-05,0.9999820732043404,0.4090651796807625,0.106781803119921
Defect_L9_B95_el1155_H2_W2.npy,-272.15770000000003,4775.44757,1.0955374074157644e-05,0.9999820930151435,0.40906516951656985,0.10678203526150239
Defect_L9_B96_el1157_H2_W2.npy,-272.15770000000003,4775.44745,1.0955374074157644e-05,0.9999820692421797,0.4090651203842259,0.10678234593149835
Defect_L9_B97_el1159_H2_W2.npy,-272.1576,4775.44731,1.0975184877191346e-05,0.9999820415070555,0.40906505819180816,0.10678269044306812
Defect_L9_B98_el1161_H2_W2.npy,-272.1565,4775.437279999999,1.1193103710494503e-05,0.9999800544835117,0.40906496492571065,0.10678304760373816
Defect_L9_B99_el1163_H2_W2.npy,-272.1563,4775.43714,1.1232725316550646e-05,0.9999800267483876,0.4090648497444132,0.1067833883308264
Defect_L9_B9_el131_H2_W2.npy,-272.1556,4775.45737,1.1371400937741518e-05,0.9999840344738401,0.4090652557520636,0.10677827855635177
