Filename,Accuracy,Class Distribution
Defect_L7_B440_el6189_H2_W2.npy,0.009969875197245731,"132,0,1,6,0,2820,10,461,662,2879,3652,2450,0,207,34,515,0,0,113"
NoiseDefectFree_000553.npy,0.0023669487878353176,"33,0,0,0,0,2685,0,143,1204,2906,3653,2441,0,241,21,469,0,0,146"
NoiseDefectFree_003145.npy,0.0035145603213312293,"49,0,0,0,0,2650,0,124,1271,2877,3640,2456,0,207,38,471,0,0,159"
Defect_L7_B70_el1811_H4_W4.npy,0.056663319466360634,"771,0,8,2,1,2647,20,123,1249,2150,3654,2179,0,171,35,561,0,0,371"
NoiseDefectFree_002057.npy,0.0027973031128962845,"39,0,0,0,0,2633,0,156,1259,2884,3633,2425,0,220,48,485,0,0,160"
NoiseDefectFree_001926.npy,0.0023669487878353176,"33,0,0,0,0,2664,0,146,1231,2897,3640,2442,0,213,26,498,0,0,152"
NoiseDefectFree_000635.npy,0.001936594462774351,"27,0,0,0,0,2650,0,135,1246,2913,3652,2452,0,207,35,460,0,0,165"
Defect_L6_B346_el4851_H2_W2.npy,0.006598766317601492,"83,0,0,1,0,2657,0,141,1221,2868,3628,2455,0,217,42,515,0,0,114"
Defect_L12_B252_el3485_H2_W2.npy,0.00946779515134127,"132,0,0,0,0,2700,0,142,1197,2885,3418,2437,0,147,57,419,2,0,406"
Defect_L8_B414_el5853_H2_W2.npy,0.009109166547123798,"127,0,1,10,1,2884,9,330,696,2913,3647,2441,0,220,34,490,0,0,139"
NoiseDefectFree_000106.npy,0.002869028833739779,"40,0,0,0,0,2676,0,137,1222,2896,3632,2441,0,215,44,499,0,0,140"
NoiseDefectFree_003042.npy,0.0053794290632620855,"75,0,0,0,0,2641,0,122,1275,2858,3642,2456,0,201,34,482,0,0,156"
NoiseDefectFree_001710.npy,0.003012480275426768,"42,0,0,0,0,2656,0,160,1200,2913,3651,2450,0,205,32,482,0,0,151"
NoiseDefectFree_000090.npy,0.0034428346004877347,"48,0,0,0,0,2666,0,114,1263,2880,3633,2440,0,207,47,460,0,0,184"
Defect_L17_B8_el143_H4_W4.npy,0.04231817529766174,"590,0,0,0,0,2647,0,154,1245,2767,3649,1922,2,217,50,495,0,17,187"
NoiseDefectFree_003175.npy,0.0030842059962702625,"43,0,0,0,0,2673,0,122,1241,2892,3647,2457,0,222,29,493,0,0,123"
NoiseDefectFree_000918.npy,0.002869028833739779,"40,0,0,0,0,2634,0,151,1254,2892,3635,2445,0,239,41,475,0,0,136"
Defect_L16_B55_el2502_H8_W8.npy,0.07086501219337255,"979,0,0,0,0,2467,0,155,1254,2873,3736,1920,37,14,46,233,2,3,223"
Defect_L7_B185_el5507_H4_W4.npy,0.04576100989814948,"618,1,3,9,0,2492,23,295,631,2901,3582,2453,0,204,92,478,0,0,160"
NoiseDefectFree_001950.npy,0.0026538516712092956,"37,0,0,0,0,2649,0,153,1246,2886,3628,2452,0,225,34,470,0,0,162"
Defect_L5_B94_el1153_H2_W2.npy,0.02194807057810931,"301,0,2,0,5,2672,5,130,1242,2614,3636,2441,0,224,36,446,0,0,188"
NoiseDefectFree_000002.npy,0.003012480275426768,"42,0,0,0,0,2665,0,155,1220,2889,3628,2454,0,220,43,457,0,0,169"
Defect_L15_B57_el2803_H8_W8.npy,0.07430784679386028,"1028,0,0,0,0,2372,0,132,1228,3019,3350,2099,6,23,57,110,0,4,514"
Defect_L14_B30_el799_H4_W4.npy,0.0610385884378138,"851,0,0,0,0,2648,0,169,1231,2538,3651,1653,2,214,66,511,2,16,390"
NoiseDefectFree_002721.npy,0.0024386745086788122,"34,0,0,0,0,2689,0,164,1180,2904,3627,2449,0,217,41,506,0,0,131"
Defect_L13_B5_el143_H8_W8.npy,0.0857122364079759,"1182,0,0,0,0,2645,0,134,1269,2480,3680,1494,19,205,66,459,2,30,277"
NoiseDefectFree_003118.npy,0.0035145603213312293,"49,0,0,0,0,2640,0,107,1296,2879,3631,2425,0,205,46,525,0,0,139"
Defect_L17_B63_el3139_H8_W8.npy,0.11834743939176588,"1650,0,0,0,0,1969,0,156,1181,3013,2924,2258,44,38,67,96,0,11,535"
NoiseDefectFree_003763.npy,0.0037297374838617127,"52,0,0,0,0,2672,0,163,1196,2888,3637,2433,0,209,32,509,0,0,151"
NoiseDefectFree_000214.npy,0.0027973031128962845,"39,0,0,0,0,2696,0,165,1185,2886,3644,2430,0,204,31,493,0,0,169"
NoiseDefectFree_000779.npy,0.004662171854827141,"65,0,0,0,0,2681,0,139,1241,2845,3625,2450,0,234,49,474,0,0,139"
NoiseDefectFree_003497.npy,0.0022952230669918234,"32,0,0,0,0,2704,0,118,1218,2899,3637,2428,0,233,38,474,0,0,161"
Defect_L2_B189_el2479_H2_W2.npy,0.016496915794003728,"225,6,4,3,0,2601,1,152,1210,2776,3650,2324,0,118,34,534,0,0,304"
NoiseDefectFree_002044.npy,0.003012480275426768,"42,0,0,0,0,2692,0,157,1200,2880,3637,2453,0,223,39,484,0,0,135"
Defect_L8_B316_el4195_H2_W2.npy,0.007746377851097404,"108,0,2,4,0,2546,6,153,1240,2912,3623,2432,0,226,53,475,0,0,162"
Defect_L10_B361_el5165_H2_W2.npy,0.00817673217615837,"109,0,0,5,0,2631,0,321,1018,2887,3630,2466,0,201,42,506,0,0,126"
Defect_L17_B373_el5203_H2_W2.npy,0.006813943480131975,"95,0,0,0,0,2679,0,139,1226,2890,3569,2459,2,198,38,476,0,2,169"
Defect_L11_B106_el1461_H2_W2.npy,0.0074594749677234255,"100,0,0,0,0,2669,0,123,1241,2879,3662,2181,0,194,57,565,0,0,271"
Defect_L6_B312_el4187_H2_W2.npy,0.009324343709654282,"123,0,2,3,0,2550,2,165,1232,2894,3658,2446,0,227,17,490,0,0,133"
NoiseDefectFree_004168.npy,0.0027255773920527903,"38,0,0,0,0,2669,0,131,1247,2886,3632,2457,0,210,42,476,0,0,154"
NoiseDefectFree_003789.npy,0.002510400229522307,"35,0,0,0,0,2654,0,142,1238,2902,3645,2444,0,203,36,522,0,0,121"
NoiseDefectFree_000584.npy,0.003299383158800746,"46,0,0,0,0,2681,0,122,1223,2899,3638,2456,0,218,32,500,0,0,127"
Defect_L2_B124_el6170_H8_W8.npy,0.10565198680246736,"1457,18,15,17,0,2906,37,30,48,2901,3050,2447,0,220,161,457,0,0,178"
Defect_L8_B61_el1491_H4_W4.npy,0.04906039305695022,"684,0,9,1,1,2655,18,160,1229,2224,3639,2275,0,215,41,533,0,0,258"
NoiseDefectFree_000117.npy,0.0030842059962702625,"43,0,0,0,0,2691,0,135,1212,2890,3631,2449,0,209,43,484,0,0,155"
Defect_L3_B27_el787_H4_W4.npy,0.08262803041170563,"1137,5,18,3,0,2651,9,122,1269,1789,3658,2158,0,214,60,519,0,0,330"
Defect_L12_B105_el2835_H4_W4.npy,0.02704059675799742,"382,0,0,0,0,2549,0,172,1221,2965,3722,2239,1,38,18,276,0,2,357"
Defect_L7_B240_el3177_H2_W2.npy,0.014703772772916368,"200,0,3,1,0,2512,5,120,1231,2899,3639,2458,0,197,35,494,0,0,148"
Defect_L15_B26_el499_H4_W4.npy,0.017285898723282168,"233,0,0,0,0,2633,0,121,1284,2901,3651,2154,7,221,44,493,0,1,199"
NoiseDefectFree_001764.npy,0.003155931717113757,"44,0,0,0,0,2642,0,145,1256,2884,3631,2453,0,203,36,511,0,0,137"
NoiseDefectFree_001876.npy,0.003586286042174724,"50,0,0,0,0,2676,0,105,1250,2890,3639,2455,0,212,41,512,0,0,112"
NoiseDefectFree_003225.npy,0.003944914646392197,"55,0,0,0,0,2672,0,186,1177,2881,3645,2445,0,219,38,471,0,0,153"
NoiseDefectFree_000527.npy,0.002151771625304834,"30,0,0,0,0,2676,0,125,1246,2894,3648,2429,0,222,33,491,0,0,148"
Defect_L17_B40_el1123_H4_W4.npy,0.07516855544398221,"1047,0,0,0,0,2660,0,137,1236,2393,3656,1418,1,186,99,533,1,15,560"
NoiseDefectFree_002947.npy,0.0030842059962702625,"43,0,0,0,0,2662,0,117,1257,2892,3637,2443,0,205,41,493,0,0,152"
NoiseDefectFree_004474.npy,0.0027973031128962845,"39,0,0,0,0,2697,0,140,1223,2872,3640,2464,0,207,24,486,0,0,150"
Defect_L16_B108_H4_W8.npy,0.031415865729450584,"437,0,0,0,0,2559,0,165,1270,2928,3099,2403,0,179,44,318,1,1,538"
Defect_L15_B242_el3181_H2_W2.npy,0.0074594749677234255,"102,0,0,0,0,2671,0,171,1215,2882,3639,2452,1,234,53,339,0,0,183"
NoiseDefectFree_000960.npy,0.0026538516712092956,"37,0,0,0,0,2669,0,144,1235,2886,3637,2423,0,209,43,504,0,0,155"
Defect_L12_B83_el3853_H8_W8.npy,0.08815091091665471,"1229,0,0,0,0,1967,0,189,1161,3212,2726,2455,46,249,86,341,3,1,277"
NoiseDefectFree_003634.npy,0.003012480275426768,"42,0,0,0,0,2676,0,122,1244,2887,3627,2438,0,224,34,468,0,0,180"
NoiseDefectFree_001051.npy,0.0026538516712092956,"37,0,0,0,0,2643,0,149,1257,2885,3635,2455,0,231,38,476,0,0,136"
NoiseDefectFree_003381.npy,0.0034428346004877347,"48,0,0,0,0,2656,0,138,1251,2878,3657,2456,0,209,25,445,0,0,179"
NoiseDefectFree_003677.npy,0.002223497346148329,"31,0,0,0,0,2641,0,155,1238,2906,3630,2443,0,225,40,499,0,0,134"
Defect_L16_B126_el6184_H8_W8.npy,0.064840051642519,"903,0,0,0,0,2599,0,445,996,2876,2696,2438,57,209,68,468,1,5,181"
Defect_L11_B26_el1151_H8_W8.npy,0.08126524171567924,"1109,0,0,0,0,2679,0,124,1249,2578,3738,1198,35,203,79,510,0,1,439"
Defect_L3_B425_el5875_H2_W2.npy,0.008463635059532348,"117,5,3,15,0,2921,2,280,735,2900,3603,2446,0,230,70,485,0,0,130"
Defect_L8_B82_el1129_H2_W2.npy,0.031415865729450584,"438,0,3,0,2,2669,8,148,1227,2476,3656,2405,0,217,24,493,0,0,176"
NoiseDefectFree_001608.npy,0.00416009180892268,"58,0,0,0,0,2651,0,117,1270,2875,3636,2444,0,200,42,505,0,0,144"
NoiseDefectFree_003611.npy,0.0038014632047052074,"53,0,0,0,0,2630,0,142,1261,2885,3644,2434,0,201,38,517,0,0,137"
Defect_L16_B143_el1819_H2_W2.npy,0.007172572084349448,"92,0,0,0,0,2673,0,140,1242,2874,3632,2107,0,227,49,534,1,0,371"
Defect_L9_B70_el1811_H4_W4.npy,0.06347726294649261,"884,0,5,2,0,2654,16,172,1205,2057,3712,2117,0,158,38,479,0,0,443"
Defect_L5_B1_el115_H2_W2.npy,0.03715392339693014,"513,0,3,1,5,2646,5,138,1247,2413,3650,2442,0,228,33,468,0,0,150"
NoiseDefectFree_000792.npy,0.0023669487878353176,"33,0,0,0,0,2672,0,123,1238,2905,3665,2435,0,199,25,494,0,0,153"
NoiseDefectFree_003057.npy,0.0030842059962702625,"43,0,0,0,0,2693,0,116,1230,2889,3635,2456,0,214,44,503,0,0,119"
NoiseDefectFree_001981.npy,0.002869028833739779,"40,0,0,0,0,2660,0,150,1233,2888,3630,2444,0,239,40,470,0,0,148"
NoiseDefectFree_003599.npy,0.002869028833739779,"40,0,0,0,0,2649,0,131,1271,2880,3629,2433,0,215,38,504,0,0,152"
NoiseDefectFree_000934.npy,0.002223497346148329,"31,0,0,0,0,2679,0,168,1196,2897,3637,2472,0,220,34,486,0,0,122"
Defect_L7_B6_el125_H2_W2.npy,0.03564768325921675,"491,0,4,0,2,2693,7,131,1224,2419,3615,2441,0,234,53,461,0,0,167"
Defect_L10_B259_el3499_H2_W2.npy,0.010974035289054655,"148,0,3,1,0,2420,3,145,1236,3019,3600,2442,0,236,31,456,0,0,202"
NoiseDefectFree_001683.npy,0.002151771625304834,"30,0,0,0,0,2646,0,111,1282,2902,3642,2429,0,205,34,480,0,0,181"
NoiseDefectFree_004180.npy,0.0043752689714531634,"61,0,0,0,0,2677,0,164,1201,2868,3642,2452,0,197,42,499,0,0,139"
Defect_L14_B178_el5195_H4_W4.npy,0.026825419595466936,"374,0,0,0,0,2851,0,83,1100,2894,3134,2471,14,216,184,505,1,5,110"
NoiseDefectFree_004117.npy,0.0032276574379572513,"45,0,0,0,0,2667,0,142,1234,2883,3651,2452,0,234,33,454,0,0,147"
NoiseDefectFree_000989.npy,0.0038014632047052074,"53,0,0,0,0,2668,0,123,1251,2876,3649,2452,0,210,29,465,0,0,166"
NoiseDefectFree_002897.npy,0.0030842059962702625,"43,0,0,0,0,2671,0,108,1249,2900,3636,2449,0,214,40,484,0,0,148"
NoiseDefectFree_003779.npy,0.003155931717113757,"44,0,0,0,0,2633,0,129,1277,2888,3621,2443,0,232,51,492,0,0,132"
Defect_L2_B43_el1135_H4_W4.npy,0.07380576674795582,"1024,6,18,2,1,2630,7,176,1224,1956,3630,2083,0,171,57,625,0,0,332"
NoiseDefectFree_003094.npy,0.0032276574379572513,"45,0,0,0,0,2694,0,114,1221,2897,3632,2438,0,226,37,501,0,0,137"
NoiseDefectFree_003156.npy,0.0032276574379572513,"45,0,0,0,0,2680,0,123,1245,2878,3640,2445,0,238,39,483,0,0,126"
NoiseDefectFree_001824.npy,0.002869028833739779,"40,0,0,0,0,2683,0,130,1235,2883,3656,2442,0,217,21,486,0,0,149"
Defect_L3_B361_el5165_H2_W2.npy,0.010113326638932722,"140,1,3,9,1,2565,4,312,1057,2879,3653,2458,0,186,28,507,0,0,139"
NoiseDefectFree_001099.npy,0.0035145603213312293,"49,0,0,0,0,2644,0,152,1241,2885,3614,2436,0,222,61,504,0,0,134"
NoiseDefectFree_002845.npy,0.0034428346004877347,"48,0,0,0,0,2708,0,163,1180,2872,3638,2459,0,230,31,472,0,0,141"
NoiseDefectFree_003343.npy,0.0027973031128962845,"39,0,0,0,0,2648,0,156,1234,2894,3639,2450,0,189,38,484,0,0,171"
NoiseDefectFree_000039.npy,0.0043752689714531634,"61,0,0,0,0,2687,0,122,1241,2860,3641,2435,0,224,34,484,0,0,153"
Defect_L12_B215_el2815_H2_W2.npy,0.007316023526036436,"102,0,0,0,0,2660,0,115,1253,2905,3651,2355,0,39,45,341,0,0,476"
Defect_L11_B129_el6205_H8_W8.npy,0.0752402811648257,"1003,0,0,6,0,3205,0,401,357,2887,2715,2425,33,224,23,444,0,1,218"
NoiseDefectFree_003357.npy,0.002223497346148329,"31,0,0,0,0,2658,0,129,1247,2906,3627,2444,0,211,48,493,0,0,148"
Defect_L3_B118_el5841_H8_W8.npy,0.1142590733036867,"1577,18,16,16,0,2561,39,130,175,2904,2993,2445,0,217,204,411,0,0,236"
Defect_L12_B388_el5517_H2_W2.npy,0.010902309568211161,"152,0,0,0,0,2739,0,197,1103,2892,3495,2456,0,221,59,482,0,0,146"
Defect_L2_B330_el4521_H2_W2.npy,0.006813943480131975,"96,0,2,3,0,2608,1,116,1262,2883,3640,2436,0,205,36,478,0,0,176"
NoiseDefectFree_002429.npy,0.003586286042174724,"50,0,0,0,0,2671,0,120,1249,2881,3642,2443,0,222,29,506,0,0,129"
Defect_L6_B89_el4189_H8_W8.npy,0.03930569502223497,"504,0,5,14,0,1903,14,199,1261,3111,3615,2328,0,198,29,511,0,0,250"
Defect_L10_B80_el1125_H2_W2.npy,0.01664036723569072,"223,0,0,0,0,2669,0,132,1242,2705,3628,2406,0,211,45,506,0,0,175"
NoiseDefectFree_004812.npy,0.002582125950365801,"36,0,0,0,0,2645,0,105,1296,2889,3653,2444,0,206,30,500,0,0,138"
Defect_L12_B101_el4861_H8_W8.npy,0.040596757997417875,"567,0,0,0,0,2990,0,279,765,2854,2771,2483,18,215,396,518,0,2,84"
NoiseDefectFree_000687.npy,0.001936594462774351,"27,0,0,0,0,2676,0,107,1259,2902,3650,2457,0,216,26,493,0,0,129"
NoiseDefectFree_004800.npy,0.003658011763018218,"51,0,0,0,0,2651,0,127,1264,2878,3647,2473,0,195,30,482,0,0,144"
Defect_L2_B70_el821_H2_W2.npy,0.02510400229522307,"348,2,9,5,1,2649,0,132,1266,2573,3604,2404,0,216,63,487,0,0,183"
NoiseDefectFree_002354.npy,0.004016640367235691,"56,0,0,0,0,2685,0,139,1227,2864,3627,2455,0,221,47,484,0,0,137"
Defect_L16_B367_el5191_H2_W2.npy,0.01714244728159518,"238,0,0,0,0,2699,0,114,1227,2881,3430,2449,2,206,50,511,2,3,130"
NoiseDefectFree_004570.npy,0.002869028833739779,"40,0,0,0,0,2692,0,141,1209,2889,3651,2455,0,212,31,458,0,0,164"
Defect_L5_B19_el151_H2_W2.npy,0.017214173002438674,"236,0,3,0,4,2689,5,172,1184,2678,3624,2420,0,211,41,504,0,0,171"
NoiseDefectFree_002753.npy,0.0023669487878353176,"33,0,0,0,0,2650,0,92,1284,2912,3639,2431,0,212,42,482,0,0,165"
Defect_L18_B47_el491_H2_W2.npy,0.012121646822550567,"161,0,0,0,0,2702,0,122,1236,2846,3647,2294,1,238,36,484,1,8,166"
NoiseDefectFree_001041.npy,0.0032276574379572513,"45,0,0,0,0,2685,0,127,1229,2885,3612,2436,0,217,64,511,0,0,131"
Defect_L5_B164_el4823_H4_W4.npy,0.00946779515134127,"132,0,2,11,0,2525,3,284,1115,2899,3612,2471,0,210,62,508,0,0,108"
NoiseDefectFree_001266.npy,0.003012480275426768,"42,0,0,0,0,2619,0,158,1245,2907,3651,2463,0,225,23,469,0,0,140"
Defect_L6_B118_el1485_H2_W2.npy,0.021087361927987377,"293,0,0,0,3,2694,5,91,1257,2628,3641,2458,0,214,37,498,0,0,123"
Defect_L10_B338_el4821_H2_W2.npy,0.003944914646392197,"50,0,0,0,0,2650,0,124,1247,2900,3661,2439,0,216,21,506,0,0,128"
NoiseDefectFree_000278.npy,0.0035145603213312293,"49,0,0,0,0,2658,0,147,1227,2890,3643,2458,0,193,41,496,0,0,140"
Defect_L2_B117_el3183_H4_W4.npy,0.032993831588007456,"457,3,6,7,1,2207,13,106,1284,2977,3625,2427,0,253,48,406,0,0,122"
NoiseDefectFree_002383.npy,0.0027255773920527903,"38,0,0,0,0,2621,0,136,1272,2904,3639,2431,0,217,33,477,0,0,174"
NoiseDefectFree_000572.npy,0.0035145603213312293,"49,0,0,0,0,2640,0,125,1258,2899,3645,2457,0,214,25,495,0,0,135"
NoiseDefectFree_001436.npy,0.0029407545545832737,"41,0,0,0,0,2694,0,143,1190,2903,3649,2442,0,226,29,460,0,0,165"
Defect_L3_B60_el801_H2_W2.npy,0.03959259790560895,"547,3,10,1,1,2647,0,127,1268,2368,3623,2432,0,208,50,490,0,0,167"
Defect_L4_B192_el2485_H2_W2.npy,0.02051355616123942,"285,3,5,4,2,2591,3,135,1225,2718,3638,2357,0,183,31,487,0,0,275"
NoiseDefectFree_001008.npy,0.0024386745086788122,"34,0,0,0,0,2669,0,128,1249,2891,3628,2449,0,208,45,507,0,0,134"
NoiseDefectFree_004544.npy,0.003944914646392197,"55,0,0,0,0,2657,0,128,1261,2870,3625,2440,0,232,39,462,0,0,173"
Defect_L17_B301_el4151_H2_W2.npy,0.006670492038444986,"93,0,0,0,0,2666,0,115,1248,2908,3542,2444,1,213,55,455,0,5,197"
NoiseDefectFree_002065.npy,0.0033711088796442405,"47,0,0,0,0,2639,0,150,1231,2904,3634,2452,0,201,34,496,0,0,154"
NoiseDefectFree_001137.npy,0.002869028833739779,"40,0,0,0,0,2687,0,131,1229,2884,3648,2444,0,212,30,482,0,0,155"
Defect_L9_B268_el3517_H2_W2.npy,0.013197532635202984,"184,0,2,2,0,2471,8,128,1239,2937,3635,2457,0,212,40,443,0,0,184"
NoiseDefectFree_000295.npy,0.0033711088796442405,"47,0,0,0,0,2669,0,148,1209,2898,3640,2449,0,199,36,488,0,0,159"
NoiseDefectFree_002404.npy,0.0038014632047052074,"53,0,0,0,0,2662,0,163,1210,2883,3644,2461,0,220,29,470,0,0,147"
NoiseDefectFree_003999.npy,0.003155931717113757,"44,0,0,0,0,2675,0,147,1217,2888,3643,2459,0,217,34,483,0,0,135"
NoiseDefectFree_003742.npy,0.0033711088796442405,"47,0,0,0,0,2676,0,132,1239,2877,3645,2437,0,221,27,515,0,0,126"
Defect_L9_B443_el6195_H2_W2.npy,0.011404389614115622,"159,0,0,7,0,2881,8,378,648,2890,3604,2459,0,217,79,478,0,0,134"
NoiseDefectFree_002720.npy,0.003299383158800746,"46,0,0,0,0,2654,0,122,1267,2882,3636,2449,0,201,42,484,0,0,159"
Defect_L15_B2_el117_H2_W2.npy,0.014129967006168411,"196,0,0,0,0,2652,0,131,1254,2792,3639,2375,0,221,53,466,1,3,159"
Defect_L14_B209_el6171_H4_W4.npy,0.04317888394778367,"602,0,0,0,0,2696,0,597,741,2896,2940,2444,13,221,144,490,1,7,150"
NoiseDefectFree_002809.npy,0.0035145603213312293,"49,0,0,0,0,2643,0,130,1268,2881,3628,2449,0,229,45,479,0,0,141"
NoiseDefectFree_000557.npy,0.0033711088796442405,"47,0,0,0,0,2671,0,109,1274,2870,3634,2449,0,202,41,493,0,0,152"
Defect_L16_B205_el2511_H2_W2.npy,0.008248457897001864,"107,0,0,0,0,2675,0,184,1190,2884,3642,2438,0,163,43,426,1,0,189"
NoiseDefectFree_004796.npy,0.0030842059962702625,"43,0,0,0,0,2651,0,119,1272,2886,3631,2447,0,215,47,488,0,0,143"
NoiseDefectFree_002470.npy,0.0035145603213312293,"49,0,0,0,0,2666,0,113,1267,2876,3638,2433,0,235,40,484,0,0,141"
NoiseDefectFree_003739.npy,0.0027255773920527903,"38,0,0,0,0,2655,0,146,1237,2895,3637,2451,0,219,42,485,0,0,137"
NoiseDefectFree_004287.npy,0.003873188925548702,"54,0,0,0,0,2636,0,137,1270,2874,3625,2456,0,215,50,479,0,0,146"
NoiseDefectFree_002605.npy,0.003586286042174724,"50,0,0,0,0,2654,0,146,1241,2880,3627,2433,0,227,44,467,0,0,173"
NoiseDefectFree_000363.npy,0.00208004590446134,"29,0,0,0,0,2641,0,125,1269,2907,3633,2444,0,211,49,467,0,0,167"
Defect_L7_B23_el1130_H8_W8.npy,0.13211877779371684,"1802,0,9,7,0,2638,44,105,1331,1437,3651,1536,0,147,127,679,0,0,429"
NoiseDefectFree_001705.npy,0.003586286042174724,"50,0,0,0,0,2675,0,125,1249,2872,3649,2447,0,214,35,474,0,0,152"
NoiseDefectFree_002140.npy,0.0029407545545832737,"41,0,0,0,0,2694,0,135,1212,2889,3650,2463,0,208,26,471,0,0,153"
NoiseDefectFree_003240.npy,0.003586286042174724,"50,0,0,0,0,2652,0,153,1250,2866,3642,2449,0,198,35,496,0,0,151"
NoiseDefectFree_002384.npy,0.003012480275426768,"42,0,0,0,0,2688,0,141,1211,2889,3664,2449,0,215,17,496,0,0,130"
Defect_L18_B210_el2805_H2_W2.npy,0.006024960550853536,"77,0,0,0,0,2605,0,158,1244,2926,3641,2426,1,87,42,316,0,8,411"
NoiseDefectFree_004312.npy,0.003155931717113757,"44,0,0,0,0,2673,0,142,1224,2888,3639,2442,0,219,39,502,0,0,130"
NoiseDefectFree_001313.npy,0.0029407545545832737,"41,0,0,0,0,2681,0,145,1209,2895,3626,2443,0,213,43,475,0,0,171"
NoiseDefectFree_003931.npy,0.0032276574379572513,"45,0,0,0,0,2674,0,123,1246,2883,3646,2466,0,212,30,469,0,0,148"
Defect_L5_B8_el129_H2_W2.npy,0.029550996987519725,"408,0,3,0,4,2660,6,134,1255,2501,3627,2435,0,229,44,489,0,0,147"
NoiseDefectFree_001592.npy,0.003012480275426768,"42,0,0,0,0,2665,0,123,1242,2899,3636,2459,0,208,45,477,0,0,146"
Defect_L17_B192_el5535_H4_W4.npy,0.03342418591306843,"466,0,0,0,0,2972,0,107,916,2875,2970,2447,7,205,304,502,0,15,156"
NoiseDefectFree_002163.npy,0.003873188925548702,"54,0,0,0,0,2655,0,156,1230,2876,3640,2461,0,208,34,507,0,0,121"
NoiseDefectFree_002397.npy,0.003155931717113757,"44,0,0,0,0,2656,0,142,1241,2888,3651,2426,0,213,24,514,0,0,143"
NoiseDefectFree_000318.npy,0.001936594462774351,"27,0,0,0,0,2670,0,122,1241,2911,3656,2447,0,210,25,474,0,0,159"
Defect_L3_B165_el4827_H4_W4.npy,0.013197532635202984,"183,0,3,12,0,2503,8,329,1027,2908,3618,2466,0,191,55,543,0,0,96"
Defect_L18_B315_el4193_H2_W2.npy,0.011260938172428634,"151,0,0,0,0,2609,0,146,1268,2876,3538,2442,0,218,42,466,1,6,179"
NoiseDefectFree_004037.npy,0.0037297374838617127,"52,0,0,0,0,2661,0,156,1219,2883,3630,2443,0,235,37,489,0,0,137"
NoiseDefectFree_003021.npy,0.003873188925548702,"54,0,0,0,0,2660,0,128,1248,2881,3652,2453,0,217,28,473,0,0,148"
Defect_L13_B65_el3153_H8_W8.npy,0.11060106154066848,"1508,0,0,0,0,2147,0,130,1254,2945,2958,2345,37,35,63,262,0,8,250"
Defect_L10_B78_H8_W4.npy,0.03557595753837326,"463,0,10,7,0,2261,2,126,1233,2951,3653,2414,0,239,35,271,0,0,277"
NoiseDefectFree_003973.npy,0.0033711088796442405,"47,0,0,0,0,2687,0,152,1209,2876,3636,2433,0,214,44,476,0,0,168"
Defect_L4_B98_el1161_H2_W2.npy,0.018074881652560607,"251,0,8,2,2,2675,4,121,1231,2678,3634,2414,0,212,24,535,0,0,151"
NoiseDefectFree_004134.npy,0.002582125950365801,"36,0,0,0,0,2680,0,120,1236,2899,3635,2458,0,217,33,509,0,0,119"
NoiseDefectFree_000975.npy,0.002510400229522307,"35,0,0,0,0,2701,0,130,1211,2894,3650,2447,0,211,28,504,0,0,131"
Defect_L17_B55_el2502_H8_W8.npy,0.1051499067565629,"1466,0,0,0,0,2365,0,165,1219,2594,3721,1864,26,17,31,195,0,21,258"
NoiseDefectFree_000955.npy,0.00416009180892268,"58,0,0,0,0,2665,0,132,1236,2880,3638,2452,0,194,39,491,0,0,157"
Defect_L10_B236_el3155_H2_W2.npy,0.015349304260507818,"212,0,7,2,0,2264,0,115,1268,3103,3636,2469,0,227,23,460,0,0,156"
Defect_L14_B32_el1480_H8_W8.npy,0.08564051068713241,"1194,0,0,0,0,2705,0,160,1215,2592,3765,1216,28,150,82,414,1,16,404"
Defect_L9_B3_el129_H8_W8.npy,0.0792569215320614,"1081,0,6,6,0,2659,41,96,1345,2002,3652,1985,0,188,71,523,0,0,287"
Defect_L14_B107_el1463_H2_W2.npy,0.011189212451585138,"156,0,0,0,0,2672,0,121,1251,2837,3644,2052,0,199,63,588,1,3,355"
NoiseDefectFree_001641.npy,0.002869028833739779,"40,0,0,0,0,2667,0,110,1254,2900,3655,2447,0,218,14,483,0,0,154"
NoiseDefectFree_001291.npy,0.0038014632047052074,"53,0,0,0,0,2668,0,119,1251,2880,3649,2449,0,231,33,479,0,0,130"
NoiseDefectFree_001381.npy,0.0022952230669918234,"32,0,0,0,0,2683,0,128,1219,2909,3630,2461,0,209,41,492,0,0,138"
NoiseDefectFree_001934.npy,0.002510400229522307,"35,0,0,0,0,2651,0,142,1227,2916,3660,2458,0,198,21,494,0,0,140"
NoiseDefectFree_004676.npy,0.0043752689714531634,"61,0,0,0,0,2663,0,153,1214,2880,3637,2422,0,216,42,487,0,0,167"
NoiseDefectFree_000893.npy,0.0034428346004877347,"48,0,0,0,0,2691,0,130,1220,2882,3615,2431,0,236,54,489,0,0,146"
Defect_L11_B224_el2847_H2_W2.npy,0.007674652130253909,"98,0,0,0,0,2643,0,103,1279,2911,3677,2477,0,201,28,339,0,0,186"
NoiseDefectFree_004877.npy,0.0029407545545832737,"41,0,0,0,0,2663,0,150,1238,2879,3637,2450,0,223,43,475,0,0,143"
Defect_L8_B122_el3487_H4_W4.npy,0.050996987519724576,"711,0,4,5,0,1821,20,135,1226,3068,3570,2436,0,155,42,338,0,0,411"
Defect_L9_B61_el803_H2_W2.npy,0.03722564911777363,"519,0,3,1,1,2636,5,154,1245,2407,3643,2433,0,217,42,498,0,0,138"
Defect_L8_B145_el4147_H4_W4.npy,0.01793143021087362,"250,1,1,3,0,2378,10,128,1263,2940,3626,2432,0,192,41,401,0,0,276"
NoiseDefectFree_002467.npy,0.002869028833739779,"40,0,0,0,0,2665,0,121,1256,2889,3632,2425,0,224,44,478,0,0,168"
Defect_L3_B183_el2467_H2_W2.npy,0.009682972313871755,"133,3,6,4,1,2598,2,122,1267,2835,3667,2354,0,126,37,507,0,0,280"
NoiseDefectFree_001914.npy,0.0035145603213312293,"49,0,0,0,0,2673,0,168,1202,2879,3625,2467,0,190,59,498,0,0,132"
NoiseDefectFree_002737.npy,0.0029407545545832737,"41,0,0,0,0,2640,0,126,1260,2904,3650,2447,0,214,31,479,0,0,150"
NoiseDefectFree_000727.npy,0.0035145603213312293,"49,0,0,0,0,2684,0,139,1206,2893,3636,2471,0,210,45,500,0,0,109"
Defect_L14_B243_el3183_H2_W2.npy,0.007818103571940897,"109,0,0,0,0,2679,0,174,1198,2875,3642,2455,0,238,42,315,0,0,215"
Defect_L3_B314_el4191_H2_W2.npy,0.009324343709654282,"129,0,3,6,2,2594,5,144,1199,2904,3603,2446,0,214,46,484,0,0,163"
NoiseDefectFree_001797.npy,0.002869028833739779,"40,0,0,0,0,2663,0,120,1265,2883,3632,2444,0,206,48,516,0,0,125"
NoiseDefectFree_003846.npy,0.0035145603213312293,"49,0,0,0,0,2678,0,147,1216,2881,3643,2425,0,228,30,486,0,0,159"
Defect_L12_B425_el5875_H2_W2.npy,0.00961124659302826,"134,0,0,0,0,2795,0,147,1095,2901,3444,2431,0,211,125,493,0,0,166"
NoiseDefectFree_000937.npy,0.0032276574379572513,"45,0,0,0,0,2661,0,119,1261,2885,3646,2463,0,209,33,488,0,0,132"
NoiseDefectFree_002266.npy,0.002869028833739779,"40,0,0,0,0,2661,0,134,1240,2896,3641,2431,0,212,35,490,0,0,162"
NoiseDefectFree_000825.npy,0.0026538516712092956,"37,0,0,0,0,2639,0,137,1257,2901,3635,2435,0,214,46,500,0,0,141"
Defect_L13_B121_el1491_H2_W2.npy,0.012049921101707071,"168,0,0,0,0,2663,0,162,1220,2880,3658,2101,0,228,39,531,0,1,291"
NoiseDefectFree_001390.npy,0.003586286042174724,"50,0,0,0,0,2672,0,149,1208,2892,3632,2449,0,207,36,496,0,0,151"
NoiseDefectFree_003565.npy,0.0026538516712092956,"37,0,0,0,0,2637,0,153,1239,2905,3626,2461,0,211,48,484,0,0,141"
Defect_L2_B98_el4833_H8_W8.npy,0.07645961841916511,"1085,4,4,19,0,2135,20,392,676,2916,3216,2453,0,169,181,532,0,0,140"
Defect_L9_B60_el2831_H8_W8.npy,0.04181609525175728,"588,2,8,4,0,2053,16,150,1216,3003,3627,2445,0,211,44,295,0,0,280"
Defect_L10_B15_el143_H2_W2.npy,0.020585281882082914,"280,0,1,0,0,2654,2,121,1262,2651,3639,2456,0,182,43,488,0,0,163"
Defect_L15_B40_el1123_H4_W4.npy,0.04188782097260078,"578,0,0,0,0,2655,0,123,1270,2612,3667,1586,8,191,83,563,1,5,600"
NoiseDefectFree_001869.npy,0.002510400229522307,"35,0,0,0,0,2671,0,133,1229,2903,3642,2464,0,200,34,505,0,0,126"
Defect_L3_B161_el4527_H4_W4.npy,0.01025677808061971,"141,0,4,4,0,2566,10,130,1240,2896,3645,2429,0,217,15,454,0,0,191"
Defect_L8_B82_el2143_H4_W4.npy,0.06154066848371826,"858,0,9,1,0,2546,19,140,1275,2123,3722,2147,0,129,28,398,0,0,547"
NoiseDefectFree_000807.npy,0.0030842059962702625,"43,0,0,0,0,2637,0,126,1279,2886,3661,2453,0,218,22,480,0,0,137"
NoiseDefectFree_004806.npy,0.0029407545545832737,"41,0,0,0,0,2661,0,156,1231,2882,3648,2463,0,213,38,462,0,0,147"
Defect_L12_B74_el829_H2_W2.npy,0.013197532635202984,"183,0,0,0,0,2677,0,143,1227,2827,3654,2280,0,230,37,473,0,1,210"
Defect_L17_B37_el471_H2_W2.npy,0.013484435518576962,"188,0,0,0,0,2691,0,134,1228,2806,3627,2302,1,204,55,495,1,8,202"
Defect_L17_B78_el3818_H8_W8.npy,0.12028403385454024,"1677,0,0,0,0,1831,0,161,1224,3149,2708,2340,28,140,32,229,1,24,398"
NoiseDefectFree_004495.npy,0.0043752689714531634,"61,0,0,0,0,2644,0,143,1255,2868,3645,2478,0,200,35,472,0,0,141"
NoiseDefectFree_002633.npy,0.0026538516712092956,"37,0,0,0,0,2649,0,148,1240,2897,3620,2457,0,223,51,463,0,0,157"
Defect_L8_B259_el3499_H2_W2.npy,0.016568641514847226,"231,0,2,3,0,2258,10,125,1236,3107,3616,2465,0,230,37,458,0,0,164"
Defect_L16_B183_el5499_H4_W4.npy,0.029909625591737196,"414,0,0,0,0,2668,0,395,974,2902,3168,2443,9,208,108,488,0,2,163"
Defect_L15_B42_el1131_H4_W4.npy,0.0402381293932004,"551,0,0,0,0,2682,0,136,1217,2667,3670,1656,7,208,61,575,1,0,511"
NoiseDefectFree_004389.npy,0.003155931717113757,"44,0,0,0,0,2654,0,152,1236,2885,3654,2455,0,217,23,499,0,0,123"
NoiseDefectFree_000146.npy,0.0012193372543394061,"17,0,0,0,0,2656,0,147,1239,2912,3652,2449,0,219,24,473,0,0,154"
Defect_L15_B55_el2502_H8_W8.npy,0.06003442834600488,"829,0,0,0,0,2510,0,180,1206,2990,3734,1915,37,11,41,258,3,7,221"
NoiseDefectFree_002034.npy,0.002869028833739779,"40,0,0,0,0,2672,0,141,1229,2889,3623,2454,0,218,49,467,0,0,160"
Defect_L4_B86_el2159_H4_W4.npy,0.054224644957681825,"752,3,9,8,1,2508,13,129,1265,2341,3643,2280,0,189,30,592,0,0,179"
NoiseDefectFree_001166.npy,0.004733897575670635,"66,0,0,0,0,2660,0,130,1251,2864,3614,2441,0,231,56,482,0,0,147"
NoiseDefectFree_002051.npy,0.0023669487878353176,"33,0,0,0,0,2636,0,144,1266,2892,3630,2469,0,218,50,463,0,0,141"
NoiseDefectFree_003761.npy,0.0026538516712092956,"37,0,0,0,0,2659,0,136,1238,2901,3640,2439,0,212,40,479,0,0,161"
NoiseDefectFree_004436.npy,0.0030842059962702625,"43,0,0,0,0,2689,0,155,1201,2883,3643,2454,0,224,34,473,0,0,143"
NoiseDefectFree_003431.npy,0.003299383158800746,"46,0,0,0,0,2684,0,151,1202,2888,3654,2436,0,202,26,505,0,0,148"
Defect_L11_B78_el837_H2_W2.npy,0.0104002295223067,"142,0,0,0,0,2648,0,132,1250,2847,3643,2324,0,219,52,495,0,1,189"
Defect_L9_B172_el2161_H2_W2.npy,0.02245015062401377,"313,0,3,1,2,2653,7,117,1253,2622,3645,2376,0,198,26,494,0,0,232"
Defect_L7_B373_el5203_H2_W2.npy,0.006813943480131975,"89,0,1,4,0,2743,7,103,1144,2880,3621,2462,0,198,62,491,0,0,137"
NoiseDefectFree_004362.npy,0.003299383158800746,"46,0,0,0,0,2652,0,125,1269,2879,3632,2467,0,215,44,483,0,0,130"
NoiseDefectFree_001772.npy,0.004231817529766174,"59,0,0,0,0,2632,0,144,1265,2871,3621,2436,0,203,55,491,0,0,165"
NoiseDefectFree_003512.npy,0.003586286042174724,"50,0,0,0,0,2686,0,143,1222,2870,3648,2452,0,219,29,477,0,0,146"
NoiseDefectFree_000272.npy,0.003586286042174724,"50,0,0,0,0,2683,0,138,1219,2881,3615,2436,0,230,48,485,0,0,157"
Defect_L12_B421_el5867_H2_W2.npy,0.012623726868455028,"176,0,0,0,0,2769,0,149,1135,2869,3386,2446,0,223,152,526,0,0,111"
NoiseDefectFree_002033.npy,0.0032276574379572513,"45,0,0,0,0,2636,0,111,1279,2900,3661,2446,0,199,22,500,0,0,143"
Defect_L10_B135_el1803_H2_W2.npy,0.014129967006168411,"188,0,1,0,0,2643,0,163,1227,2749,3629,2383,0,199,46,534,0,0,180"
NoiseDefectFree_003811.npy,0.002510400229522307,"35,0,0,0,0,2665,0,119,1260,2892,3645,2442,0,214,30,490,0,0,150"
NoiseDefectFree_004347.npy,0.003299383158800746,"46,0,0,0,0,2660,0,123,1263,2879,3658,2457,0,203,28,459,0,0,166"
NoiseDefectFree_000546.npy,0.0024386745086788122,"34,0,0,0,0,2658,0,143,1247,2889,3634,2461,0,203,34,486,0,0,153"
NoiseDefectFree_003242.npy,0.002582125950365801,"36,0,0,0,0,2665,0,129,1242,2899,3638,2456,0,209,40,482,0,0,146"
Defect_L9_B386_el5513_H2_W2.npy,0.009180892267967294,"128,0,1,16,0,2805,9,260,862,2890,3601,2459,0,219,77,475,0,0,140"
Defect_L10_B67_el815_H2_W2.npy,0.023310859274135703,"316,0,1,0,0,2641,0,127,1263,2623,3658,2440,0,224,26,485,0,0,138"
Defect_L9_B74_el3503_H8_W8.npy,0.10952517572801607,"1509,0,10,6,0,1384,57,180,1177,3001,3228,2362,0,162,65,362,0,0,439"
NoiseDefectFree_000921.npy,0.0033711088796442405,"47,0,0,0,0,2704,0,117,1227,2876,3635,2424,0,226,41,501,0,0,144"
Defect_L14_B157_el4495_H4_W4.npy,0.008893989384593315,"123,0,0,0,0,2630,0,147,1244,2905,3543,2449,0,216,45,470,0,0,170"
Defect_L5_B104_el2815_H4_W4.npy,0.020585281882082914,"287,0,4,1,0,2401,7,120,1286,2865,3633,2337,0,123,50,519,0,0,309"
Defect_L12_B357_el5157_H2_W2.npy,0.005307703342418591,"74,0,0,0,0,2715,0,208,1124,2889,3557,2441,0,195,85,488,0,0,166"
Defect_L9_B337_el4819_H2_W2.npy,0.0035145603213312293,"49,0,0,2,0,2659,0,169,1208,2884,3644,2468,0,183,36,516,0,0,124"
Defect_L11_B21_el479_H4_W4.npy,0.0362932147468082,"502,0,0,0,0,2659,0,126,1248,2739,3649,2015,3,234,68,465,0,0,234"
NoiseDefectFree_004279.npy,0.0035145603213312293,"49,0,0,0,0,2657,0,146,1231,2888,3634,2463,0,197,50,495,0,0,132"
NoiseDefectFree_002984.npy,0.0033711088796442405,"47,0,0,0,0,2679,0,118,1239,2888,3634,2457,0,208,44,476,0,0,152"
NoiseDefectFree_000131.npy,0.0038014632047052074,"53,0,0,0,0,2642,0,181,1222,2873,3646,2428,0,233,31,479,0,0,154"
Defect_L9_B33_el811_H4_W4.npy,0.05903026825419595,"822,0,5,2,0,2643,17,150,1246,2109,3641,2242,0,200,58,553,0,0,254"
NoiseDefectFree_002668.npy,0.0037297374838617127,"52,0,0,0,0,2653,0,128,1262,2876,3630,2458,0,228,38,470,0,0,147"
Defect_L5_B157_el2131_H2_W2.npy,0.008678812222062831,"118,0,4,2,3,2628,5,119,1280,2812,3653,2369,0,175,36,512,0,0,226"
NoiseDefectFree_003224.npy,0.0029407545545832737,"41,0,0,0,0,2614,0,142,1288,2886,3638,2436,0,205,43,520,0,0,129"
Defect_L6_B30_el457_H2_W2.npy,0.030698608521015636,"427,0,1,0,5,2665,4,112,1264,2493,3657,2448,0,210,25,487,0,0,144"
Defect_L8_B131_el1795_H2_W2.npy,0.015707932864725292,"219,0,3,1,2,2658,9,112,1269,2698,3640,2316,0,191,46,527,0,0,251"
NoiseDefectFree_000615.npy,0.0027255773920527903,"38,0,0,0,0,2702,0,148,1202,2881,3626,2451,0,221,36,488,0,0,149"
Defect_L2_B172_el5155_H4_W4.npy,0.02582125950365801,"355,6,7,9,0,2566,8,415,726,2915,3562,2446,0,222,78,492,0,0,135"
NoiseDefectFree_001467.npy,0.0029407545545832737,"41,0,0,0,0,2636,0,132,1267,2895,3634,2442,0,206,42,486,0,0,161"
NoiseDefectFree_004498.npy,0.003944914646392197,"55,0,0,0,0,2664,0,160,1221,2871,3628,2450,0,220,50,478,0,0,145"
NoiseDefectFree_003043.npy,0.001793143021087362,"25,0,0,0,0,2667,0,139,1236,2904,3646,2446,0,213,28,466,0,0,172"
NoiseDefectFree_002420.npy,0.0033711088796442405,"47,0,0,0,0,2647,0,129,1273,2875,3653,2429,0,213,27,471,0,0,178"
Defect_L8_B149_el1831_H2_W2.npy,0.01714244728159518,"239,0,3,1,2,2631,8,154,1242,2691,3646,2416,0,202,28,509,0,0,170"
NoiseDefectFree_003295.npy,0.0034428346004877347,"48,0,0,0,0,2670,0,117,1262,2874,3655,2434,0,195,31,483,0,0,173"
Defect_L4_B445_el6199_H2_W2.npy,0.01154784105580261,"161,1,2,5,0,2907,8,320,683,2884,3589,2441,0,217,88,486,0,0,150"
NoiseDefectFree_001501.npy,0.002510400229522307,"35,0,0,0,0,2662,0,140,1240,2894,3636,2429,0,210,47,510,0,0,139"
NoiseDefectFree_001522.npy,0.003873188925548702,"54,0,0,0,0,2654,0,155,1234,2874,3630,2437,0,218,43,520,0,0,123"
Defect_L3_B189_el2479_H2_W2.npy,0.018074881652560607,"250,4,5,5,1,2618,1,160,1197,2732,3647,2341,0,134,35,535,0,0,277"
NoiseDefectFree_004233.npy,0.0029407545545832737,"41,0,0,0,0,2686,0,141,1226,2877,3650,2449,0,208,27,479,0,0,158"
Defect_L2_B355_el4869_H2_W2.npy,0.004016640367235691,"56,0,1,2,2,2673,3,131,1209,2894,3627,2446,0,212,56,494,0,0,136"
NoiseDefectFree_004431.npy,0.002510400229522307,"35,0,0,0,0,2673,0,163,1196,2904,3636,2463,0,229,38,479,0,0,126"
NoiseDefectFree_000391.npy,0.003155931717113757,"44,0,0,0,0,2649,0,123,1268,2887,3644,2452,0,234,23,483,0,0,135"
Defect_L2_B74_el829_H2_W2.npy,0.020298378998708937,"281,2,12,3,1,2686,0,135,1226,2642,3633,2377,0,217,39,492,0,0,196"
Defect_L9_B149_el1831_H2_W2.npy,0.019652847511117486,"274,0,4,2,1,2677,7,133,1220,2653,3635,2373,0,219,38,513,0,0,193"
Defect_L14_B272_el3525_H2_W2.npy,0.008391909338688854,"117,0,0,0,0,2665,0,124,1260,2887,3500,2455,0,254,30,436,1,2,211"
Defect_L6_B45_el2145_H8_W8.npy,0.09589728876775211,"1292,0,4,1,1,2477,31,111,1272,1937,3673,2053,0,62,37,572,0,0,419"
NoiseDefectFree_004807.npy,0.002582125950365801,"36,0,0,0,0,2661,0,136,1249,2889,3641,2449,0,202,38,507,0,0,134"
Defect_L10_B239_el3175_H2_W2.npy,0.0181466073734041,"245,0,0,0,1,2477,0,142,1245,2861,3653,2444,0,216,31,442,0,0,185"
Defect_L6_B25_el495_H4_W4.npy,0.04461339836465356,"615,0,4,0,4,2702,11,150,1210,2275,3623,2452,0,208,47,522,0,0,119"
Defect_L3_B313_el4189_H2_W2.npy,0.010185052359776216,"141,0,3,8,1,2549,5,137,1241,2898,3614,2440,0,211,39,482,0,0,173"
Defect_L3_B101_el1167_H2_W2.npy,0.01843351025677808,"253,2,8,2,1,2667,1,136,1242,2675,3640,2400,0,221,42,468,0,0,184"
NoiseDefectFree_003994.npy,0.0026538516712092956,"37,0,0,0,0,2701,0,147,1203,2883,3640,2440,0,230,39,458,0,0,164"
Defect_L5_B25_el495_H4_W4.npy,0.045904461339836465,"635,0,3,1,5,2648,12,141,1261,2265,3621,2464,0,208,49,482,0,0,147"
Defect_L5_B346_el4851_H2_W2.npy,0.0037297374838617127,"52,0,0,1,0,2632,0,89,1294,2903,3634,2423,0,209,37,501,0,0,167"
Defect_L16_B72_el3489_H8_W8.npy,0.09195237412135993,"1275,0,0,0,0,2284,0,102,1276,3011,2777,2393,61,124,37,241,2,7,352"
Defect_L5_B216_el2817_H2_W2.npy,0.009180892267967294,"127,0,2,1,1,2514,5,131,1215,2975,3618,2400,0,186,47,506,0,0,214"
NoiseDefectFree_002422.npy,0.0023669487878353176,"33,0,0,0,0,2654,0,150,1232,2902,3640,2452,0,215,40,503,0,0,121"
Defect_L18_B176_el2169_H2_W2.npy,0.017572801606656148,"237,0,0,0,0,2648,0,144,1251,2814,3640,2230,2,192,52,473,1,8,250"
NoiseDefectFree_001751.npy,0.0024386745086788122,"34,0,0,0,0,2704,0,123,1219,2891,3634,2453,0,211,41,499,0,0,133"
Defect_L11_B82_el3846_H8_W8.npy,0.08521015636207144,"1142,0,0,0,0,2270,0,198,1195,3020,2659,2395,22,217,37,357,4,1,425"
Defect_L8_B135_el3823_H4_W4.npy,0.05415291923683833,"755,0,6,3,0,1718,20,149,1223,3123,3559,2432,0,215,44,375,0,0,320"
NoiseDefectFree_000339.npy,0.0037297374838617127,"52,0,0,0,0,2709,0,139,1189,2882,3651,2444,0,205,28,489,0,0,154"
Defect_L2_B60_el801_H2_W2.npy,0.03966432362645245,"550,3,8,5,1,2647,0,131,1273,2362,3646,2413,0,200,31,501,0,0,171"
NoiseDefectFree_001342.npy,0.003658011763018218,"51,0,0,0,0,2669,0,176,1187,2888,3631,2453,0,214,41,487,0,0,145"
Defect_L2_B163_el2143_H2_W2.npy,0.01699899583990819,"234,3,8,5,1,2646,0,201,1169,2714,3672,2315,0,159,12,550,0,0,253"
Defect_L13_B156_el1845_H2_W2.npy,0.010185052359776216,"142,0,0,0,0,2625,0,137,1268,2879,3666,2193,0,182,40,562,1,2,245"
NoiseDefectFree_003641.npy,0.003299383158800746,"46,0,0,0,0,2651,0,140,1250,2884,3652,2457,0,204,35,469,0,0,154"
NoiseDefectFree_000330.npy,0.003155931717113757,"44,0,0,0,0,2668,0,121,1254,2884,3638,2450,0,216,32,473,0,0,162"
Defect_L2_B192_el2485_H2_W2.npy,0.021517716253048342,"296,6,6,4,1,2497,2,131,1298,2750,3649,2330,0,151,33,498,0,0,290"
NoiseDefectFree_003005.npy,0.0027255773920527903,"38,0,0,0,0,2682,0,136,1227,2888,3641,2435,0,235,30,506,0,0,124"
Defect_L4_B208_el6167_H4_W4.npy,0.036723569071869175,"509,3,2,18,0,2885,18,446,201,2895,3378,2478,0,185,294,494,0,0,136"
NoiseDefectFree_004091.npy,0.003299383158800746,"46,0,0,0,0,2689,0,143,1215,2878,3635,2458,0,215,35,484,0,0,144"
NoiseDefectFree_002323.npy,0.0026538516712092956,"37,0,0,0,0,2667,0,119,1239,2909,3634,2446,0,212,42,487,0,0,150"
Defect_L8_B443_el6195_H2_W2.npy,0.010902309568211161,"152,0,2,6,0,2890,9,371,634,2907,3626,2455,0,219,47,477,0,0,147"
Defect_L5_B130_el3519_H4_W4.npy,0.022019796298952805,"307,0,3,6,0,2265,15,109,1241,3025,3650,2472,0,229,34,483,0,0,103"
NoiseDefectFree_004198.npy,0.0027973031128962845,"39,0,0,0,0,2654,0,159,1218,2901,3643,2434,0,210,30,486,0,0,168"
NoiseDefectFree_003550.npy,0.003012480275426768,"42,0,0,0,0,2693,0,193,1162,2881,3649,2437,0,216,37,473,0,0,159"
Defect_L12_B159_el4519_H4_W4.npy,0.012049921101707071,"169,0,0,0,0,2606,0,126,1290,2902,3508,2416,0,215,31,508,1,0,170"
NoiseDefectFree_004204.npy,0.003012480275426768,"42,0,0,0,0,2671,0,146,1215,2897,3644,2454,0,205,40,472,0,0,156"
Defect_L2_B138_el3835_H4_W4.npy,0.06161239420456176,"849,10,14,11,0,1639,9,117,1253,3136,3561,2415,0,167,56,469,2,0,234"
Defect_L5_B8_el143_H4_W4.npy,0.037369100559460626,"519,0,4,3,2,2657,13,99,1296,2378,3643,2426,0,211,25,521,0,0,145"
Defect_L17_B121_el5862_H8_W8.npy,0.08607086501219337,"1199,0,0,1,0,3090,0,378,343,2902,2486,2456,46,207,162,490,1,25,156"
NoiseDefectFree_001640.npy,0.0027973031128962845,"39,0,0,0,0,2686,0,148,1211,2887,3647,2450,0,197,38,498,0,0,141"
NoiseDefectFree_000061.npy,0.0027973031128962845,"39,0,0,0,0,2663,0,139,1239,2891,3620,2424,0,242,47,479,0,0,159"
NoiseDefectFree_001241.npy,0.0029407545545832737,"41,0,0,0,0,2663,0,118,1256,2893,3619,2440,0,218,55,497,0,0,142"
Defect_L17_B409_el5843_H2_W2.npy,0.009324343709654282,"130,0,0,0,0,2655,0,259,1123,2896,3414,2468,0,219,151,483,1,8,135"
Defect_L10_B129_el6205_H8_W8.npy,0.07954382441543538,"1109,1,5,7,0,2947,40,36,109,2885,3038,2445,0,213,468,486,0,0,153"
NoiseDefectFree_002344.npy,0.003586286042174724,"50,0,0,0,0,2680,0,132,1227,2882,3637,2436,0,216,33,499,0,0,150"
NoiseDefectFree_002121.npy,0.003155931717113757,"44,0,0,0,0,2667,0,102,1274,2884,3654,2434,0,211,26,483,0,0,163"
NoiseDefectFree_001525.npy,0.003155931717113757,"44,0,0,0,0,2653,0,139,1264,2871,3641,2442,0,211,37,488,0,0,152"
Defect_L5_B97_el2503_H4_W4.npy,0.02840338545402381,"396,0,4,1,0,2557,16,128,1264,2605,3616,2468,0,196,46,543,0,0,102"
NoiseDefectFree_000154.npy,0.004303543250609668,"60,0,0,0,0,2689,0,136,1220,2866,3636,2444,0,208,42,514,0,0,127"
NoiseDefectFree_000482.npy,0.002223497346148329,"31,0,0,0,0,2679,0,101,1261,2899,3638,2426,0,220,42,491,0,0,154"
Defect_L16_B43_el2131_H8_W8.npy,0.12494620570936738,"1735,0,0,0,0,2536,0,140,1239,2284,3803,1568,47,34,92,125,0,4,335"
Defect_L8_B392_el5525_H2_W2.npy,0.013771338401950939,"192,0,2,9,0,2853,9,118,911,2877,3646,2450,0,223,28,483,0,0,141"
Defect_L7_B58_el2810_H8_W8.npy,0.0818390474824272,"1117,1,10,6,0,1893,24,122,1252,2653,3597,2233,0,58,28,257,0,0,691"
NoiseDefectFree_001763.npy,0.0037297374838617127,"52,0,0,0,0,2666,0,156,1222,2875,3642,2435,0,198,31,483,0,0,182"
Defect_L17_B108_el2847_H4_W4.npy,0.024099842203414143,"336,0,0,0,0,2621,0,142,1222,2840,3666,2327,13,102,51,249,0,10,363"
Defect_L5_B4_el127_H4_W4.npy,0.044398221202123084,"616,0,3,3,3,2679,14,123,1253,2277,3646,2418,0,208,26,529,0,0,144"
Defect_L6_B57_el795_H2_W2.npy,0.025964710945345002,"361,0,0,0,4,2672,4,133,1243,2554,3647,2459,0,225,33,473,0,0,134"
Defect_L3_B429_el6167_H2_W2.npy,0.007029120642662459,"96,3,3,9,0,2821,2,670,472,2895,3575,2463,0,188,108,501,0,0,136"
NoiseDefectFree_004854.npy,0.004016640367235691,"56,0,0,0,0,2684,0,120,1243,2868,3646,2466,0,205,42,488,0,0,124"
NoiseDefectFree_002712.npy,0.0022952230669918234,"32,0,0,0,0,2677,0,126,1233,2903,3648,2440,0,213,29,495,0,0,146"
Defect_L18_B181_el2179_H2_W2.npy,0.016066561468942763,"216,0,0,0,0,2685,0,168,1187,2806,3644,2259,2,185,44,452,1,8,285"
NoiseDefectFree_004151.npy,0.0024386745086788122,"34,0,0,0,0,2659,0,133,1248,2897,3639,2455,0,208,37,457,0,0,175"
NoiseDefectFree_001334.npy,0.0029407545545832737,"41,0,0,0,0,2651,0,142,1242,2895,3632,2468,0,234,41,469,0,0,127"
Defect_L16_B116_el3179_H4_W4.npy,0.02001147611533496,"273,0,0,0,0,2633,0,169,1239,2882,3495,2433,5,250,29,264,0,3,267"
Defect_L15_B35_el1501_H8_W8.npy,0.08578396212881939,"1187,0,0,0,0,2615,0,122,1261,2669,3747,1190,51,117,79,464,1,4,435"
Defect_L9_B267_el3515_H2_W2.npy,0.013484435518576962,"188,0,2,1,0,2401,8,148,1246,2977,3635,2442,0,231,34,448,0,0,181"
Defect_L19_B50_el1163_H4_W4.npy,0.03794290632620858,"518,0,0,0,0,2670,0,111,1266,2742,3679,1765,4,215,41,531,1,13,386"
NoiseDefectFree_003851.npy,0.002510400229522307,"35,0,0,0,0,2636,0,170,1228,2902,3629,2440,0,224,43,475,0,0,160"
Defect_L6_B131_el3523_H4_W4.npy,0.02130253909051786,"287,0,3,3,0,2298,13,117,1247,3003,3649,2462,0,235,35,506,0,0,84"
NoiseDefectFree_004125.npy,0.002869028833739779,"40,0,0,0,0,2652,0,143,1241,2895,3654,2462,0,208,24,485,0,0,138"
Defect_L16_B129_el3515_H4_W4.npy,0.02481709941184909,"342,0,0,0,0,2652,0,143,1234,2887,3251,2456,12,269,54,343,1,5,293"
NoiseDefectFree_004789.npy,0.004016640367235691,"56,0,0,0,0,2672,0,121,1258,2864,3641,2447,0,215,34,485,0,0,149"
NoiseDefectFree_002867.npy,0.0032276574379572513,"45,0,0,0,0,2621,0,104,1300,2901,3627,2454,0,220,47,499,0,0,124"
NoiseDefectFree_001387.npy,0.0033711088796442405,"47,0,0,0,0,2671,0,151,1221,2881,3647,2458,0,213,35,484,0,0,134"
Defect_L2_B201_el5855_H4_W4.npy,0.040453306555730886,"557,10,6,16,0,2805,16,327,401,2910,3453,2456,0,219,137,452,0,0,177"
NoiseDefectFree_003068.npy,0.003012480275426768,"42,0,0,0,0,2656,0,144,1240,2889,3638,2466,0,201,33,499,0,0,134"
Defect_L16_B121_el1491_H2_W2.npy,0.009252617988810788,"121,0,0,0,0,2681,0,110,1257,2875,3620,2209,0,225,66,494,1,1,282"
NoiseDefectFree_003630.npy,0.003012480275426768,"42,0,0,0,0,2675,0,125,1243,2886,3644,2458,0,195,37,495,0,0,142"
Defect_L13_B32_el461_H2_W2.npy,0.014703772772916368,"205,0,0,0,0,2660,0,131,1249,2807,3639,2298,0,224,51,492,0,3,183"
Defect_L5_B89_el4189_H8_W8.npy,0.035289054654999284,"492,0,6,12,0,1969,17,128,1293,3090,3648,2380,0,188,9,458,0,0,252"
NoiseDefectFree_003029.npy,0.0012193372543394061,"17,0,0,0,0,2669,0,123,1261,2901,3628,2440,0,224,50,485,0,0,144"
NoiseDefectFree_002970.npy,0.0023669487878353176,"33,0,0,0,0,2651,0,160,1220,2907,3634,2433,0,206,34,509,0,0,155"
Defect_L18_B193_el5539_H4_W4.npy,0.03866016353464352,"527,0,0,0,0,2966,0,124,867,2891,2887,2435,8,212,348,464,1,12,200"
Defect_L17_B72_el825_H2_W2.npy,0.012552001147611534,"175,0,0,0,0,2683,0,141,1215,2863,3626,2270,0,240,49,492,2,7,179"
Defect_L3_B108_el5197_H8_W8.npy,0.09231100272557739,"1269,10,18,12,0,2272,35,486,270,2942,2919,2468,0,202,400,502,0,0,137"
NoiseDefectFree_004264.npy,0.0017214173002438674,"24,0,0,0,0,2668,0,131,1223,2925,3643,2438,0,197,37,498,0,0,158"
NoiseDefectFree_000646.npy,0.004446994692296658,"62,0,0,0,0,2681,0,125,1231,2872,3638,2457,0,200,41,500,0,0,135"
Defect_L7_B343_el4831_H2_W2.npy,0.005235977621575097,"73,0,1,2,0,2642,0,179,1191,2883,3648,2434,0,200,29,498,0,0,162"
NoiseDefectFree_002075.npy,0.003299383158800746,"46,0,0,0,0,2664,0,156,1215,2890,3619,2468,0,226,50,463,0,0,145"
NoiseDefectFree_000342.npy,0.0030842059962702625,"43,0,0,0,0,2659,0,165,1217,2887,3646,2454,0,226,28,468,0,0,149"
Defect_L3_B247_el3475_H2_W2.npy,0.008463635059532348,"116,2,5,5,1,2469,2,180,1197,2994,3646,2418,0,203,29,460,0,0,215"
NoiseDefectFree_001623.npy,0.001936594462774351,"27,0,0,0,0,2662,0,145,1231,2906,3651,2441,0,212,24,510,0,0,133"
Defect_L10_B164_el4823_H4_W4.npy,0.010974035289054655,"137,0,3,6,0,2587,0,263,1072,2903,3603,2456,0,217,72,507,0,0,116"
Defect_L9_B57_el1475_H4_W4.npy,0.06512695452589298,"907,0,4,2,0,2647,16,129,1252,2047,3672,2128,0,166,45,544,0,0,383"
Defect_L6_B96_el2499_H4_W4.npy,0.03708219767608664,"509,1,6,0,0,2499,15,136,1255,2550,3627,2480,0,211,33,513,0,0,107"
Defect_L8_B83_el1131_H2_W2.npy,0.031415865729450584,"438,0,3,0,2,2653,8,133,1257,2477,3638,2392,0,204,42,504,0,0,191"
Defect_L2_B436_el6181_H2_W2.npy,0.010113326638932722,"137,5,2,14,0,2863,2,551,526,2871,3584,2447,0,221,85,478,0,0,156"
Defect_L14_B77_el835_H2_W2.npy,0.006024960550853536,"84,0,0,0,0,2667,0,152,1230,2907,3649,2306,0,223,34,507,1,3,179"
NoiseDefectFree_000075.npy,0.0035145603213312293,"49,0,0,0,0,2683,0,140,1208,2891,3622,2452,0,223,53,491,0,0,130"
Defect_L17_B163_el2143_H2_W2.npy,0.010902309568211161,"152,0,0,0,0,2658,0,151,1226,2893,3654,2049,0,146,46,444,1,7,515"
Defect_L14_B40_el1823_H8_W8.npy,0.08112179027399226,"1131,0,0,0,0,2650,0,131,1276,2717,3788,1414,33,36,66,295,2,18,385"
NoiseDefectFree_002052.npy,0.00208004590446134,"29,0,0,0,0,2634,0,124,1276,2908,3645,2453,0,209,37,508,0,0,119"
NoiseDefectFree_002542.npy,0.0033711088796442405,"47,0,0,0,0,2656,0,120,1256,2892,3649,2456,0,217,24,477,0,0,148"
NoiseDefectFree_001302.npy,0.0026538516712092956,"37,0,0,0,0,2675,0,137,1242,2880,3624,2446,0,220,50,476,0,0,155"
Defect_L12_B379_el5499_H2_W2.npy,0.009682972313871755,"135,0,0,0,0,2722,0,230,1073,2893,3525,2456,0,217,66,465,0,0,160"
Defect_L10_B20_el475_H4_W4.npy,0.049705924544541674,"685,0,5,0,1,2696,9,122,1239,2222,3636,2408,0,194,39,505,0,0,181"
NoiseDefectFree_001305.npy,0.002869028833739779,"40,0,0,0,0,2694,0,125,1216,2896,3635,2430,0,229,33,479,0,0,165"
Defect_L13_B174_el5163_H4_W4.npy,0.039018792138860996,"532,0,0,0,0,2732,0,366,926,2911,3018,2429,12,215,127,494,2,1,177"
Defect_L16_B101_el1167_H2_W2.npy,0.008463635059532348,"110,0,0,0,0,2652,0,186,1206,2880,3635,2349,0,207,52,508,1,0,156"
NoiseDefectFree_002600.npy,0.002223497346148329,"31,0,0,0,0,2661,0,157,1226,2896,3640,2431,0,206,31,516,0,0,147"
NoiseDefectFree_002574.npy,0.0032276574379572513,"45,0,0,0,0,2652,0,161,1218,2895,3646,2458,0,216,33,467,0,0,151"
NoiseDefectFree_003187.npy,0.003299383158800746,"46,0,0,0,0,2659,0,120,1257,2889,3642,2455,0,220,37,465,0,0,152"
NoiseDefectFree_002769.npy,0.003658011763018218,"51,0,0,0,0,2650,0,120,1258,2892,3649,2434,0,228,35,506,0,0,119"
NoiseDefectFree_004832.npy,0.003299383158800746,"46,0,0,0,0,2644,0,168,1234,2879,3652,2472,0,215,30,471,0,0,131"
NoiseDefectFree_004224.npy,0.003586286042174724,"50,0,0,0,0,2682,0,119,1252,2868,3638,2455,0,210,43,481,0,0,144"
Defect_L4_B168_el2153_H2_W2.npy,0.023167407832448715,"322,0,6,2,2,2643,5,127,1242,2622,3646,2345,0,181,32,539,0,0,228"
NoiseDefectFree_002107.npy,0.004016640367235691,"56,0,0,0,0,2666,0,127,1234,2888,3639,2453,0,207,43,476,0,0,153"
NoiseDefectFree_002680.npy,0.003155931717113757,"44,0,0,0,0,2713,0,112,1218,2884,3601,2441,0,225,62,494,0,0,148"
NoiseDefectFree_001388.npy,0.0027973031128962845,"39,0,0,0,0,2682,0,141,1219,2890,3645,2435,0,219,31,501,0,0,140"
Defect_L3_B98_el4833_H8_W8.npy,0.08334528762014058,"1168,4,5,25,0,2121,25,404,642,2915,3141,2446,0,168,197,542,0,0,139"
Defect_L17_B451_el6211_H2_W2.npy,0.0104002295223067,"145,0,0,0,0,2745,0,112,1195,2865,3191,2452,0,211,378,472,1,8,167"
Defect_L11_B117_el5834_H8_W8.npy,0.09195237412135993,"1234,0,0,1,0,2998,0,454,385,2899,2520,2433,31,216,115,462,0,0,194"
NoiseDefectFree_001280.npy,0.004518720413140152,"63,0,0,0,0,2663,0,154,1223,2868,3624,2459,0,220,55,461,0,0,152"
NoiseDefectFree_000805.npy,0.0029407545545832737,"41,0,0,0,0,2654,0,152,1213,2911,3657,2454,0,211,24,507,0,0,118"
NoiseDefectFree_001556.npy,0.003299383158800746,"46,0,0,0,0,2669,0,127,1223,2906,3633,2452,0,202,52,491,0,0,141"
Defect_L5_B11_el472_H8_W8.npy,0.06957394921818964,"965,0,2,7,5,2706,25,155,1219,1897,3653,2298,0,158,28,540,0,0,284"
NoiseDefectFree_004567.npy,0.003873188925548702,"54,0,0,0,0,2658,0,131,1246,2882,3630,2432,0,232,45,482,0,0,150"
Defect_L6_B179_el2175_H2_W2.npy,0.00961124659302826,"133,0,1,1,4,2659,7,125,1258,2783,3637,2478,0,242,29,519,0,0,66"
NoiseDefectFree_004842.npy,0.0034428346004877347,"48,0,0,0,0,2666,0,103,1260,2894,3638,2459,0,194,38,484,0,0,158"
NoiseDefectFree_003595.npy,0.003155931717113757,"44,0,0,0,0,2672,0,143,1237,2875,3623,2429,0,247,49,482,0,0,141"
Defect_L10_B81_el2139_H4_W4.npy,0.051785970449003016,"714,0,3,0,0,2612,9,151,1211,2275,3718,2178,0,118,45,400,0,0,508"
Defect_L18_B419_el5863_H2_W2.npy,0.014345144168698896,"193,0,0,0,0,2700,0,114,1236,2860,3341,2433,2,237,189,488,2,7,140"
Defect_L18_B1_el115_H4_W4.npy,0.08040453306555731,"1114,0,0,0,0,2664,0,122,1254,2385,3643,1708,1,219,70,473,1,8,280"
NoiseDefectFree_004178.npy,0.003155931717113757,"44,0,0,0,0,2672,0,135,1233,2887,3631,2453,0,224,47,501,0,0,115"
NoiseDefectFree_001309.npy,0.0029407545545832737,"41,0,0,0,0,2639,0,122,1281,2888,3631,2454,0,214,39,482,0,0,151"
NoiseDefectFree_003453.npy,0.00480562329651413,"67,0,0,0,0,2652,0,137,1265,2850,3632,2454,0,205,43,480,0,0,157"
NoiseDefectFree_003696.npy,0.0038014632047052074,"53,0,0,0,0,2690,0,140,1208,2880,3657,2432,0,208,19,505,0,0,150"
NoiseDefectFree_004243.npy,0.0023669487878353176,"33,0,0,0,0,2702,0,134,1207,2895,3638,2440,0,205,47,485,0,0,156"
NoiseDefectFree_002199.npy,0.003658011763018218,"51,0,0,0,0,2690,0,147,1197,2886,3661,2440,0,221,20,485,0,0,144"
NoiseDefectFree_004426.npy,0.003299383158800746,"46,0,0,0,0,2656,0,133,1259,2877,3658,2460,0,193,24,502,0,0,134"
Defect_L3_B371_el5199_H2_W2.npy,0.008822263663749821,"122,0,2,10,1,2732,7,124,1086,2887,3627,2442,0,200,55,504,0,0,143"
NoiseDefectFree_000944.npy,0.0035145603213312293,"49,0,0,0,0,2703,0,120,1230,2869,3646,2436,0,211,32,495,0,0,151"
NoiseDefectFree_000823.npy,0.003586286042174724,"50,0,0,0,0,2667,0,138,1237,2879,3633,2461,0,220,44,452,0,0,161"
Defect_L14_B36_el823_H4_W4.npy,0.030555157079328647,"426,0,0,0,0,2636,0,134,1274,2852,3652,1897,3,209,59,530,1,16,253"
Defect_L16_B348_el4855_H2_W2.npy,0.006598766317601492,"92,0,0,0,0,2647,0,124,1274,2870,3594,2428,0,212,51,491,0,0,159"
Defect_L17_B1_el115_H4_W4.npy,0.07861139004446994,"1095,0,0,0,0,2700,0,136,1212,2400,3650,1702,1,218,60,485,1,16,266"
Defect_L7_B347_el4853_H2_W2.npy,0.004662171854827141,"65,0,0,0,0,2651,0,101,1255,2899,3631,2432,0,220,51,493,0,0,144"
NoiseDefectFree_004548.npy,0.0026538516712092956,"37,0,0,0,0,2657,0,119,1266,2892,3633,2431,0,242,31,464,0,0,170"
NoiseDefectFree_002539.npy,0.0034428346004877347,"48,0,0,0,0,2644,0,143,1261,2875,3661,2444,0,211,22,463,0,0,170"
Defect_L2_B278_el3821_H2_W2.npy,0.011404389614115622,"156,4,4,5,0,2463,2,184,1213,2946,3621,2451,0,178,35,474,0,0,206"
Defect_L9_B66_el3160_H8_W8.npy,0.1037871180605365,"1428,3,4,4,0,1635,33,132,1257,2842,3260,2354,0,168,67,213,0,0,542"
Defect_L6_B41_el1127_H4_W4.npy,0.0635489886673361,"879,0,6,1,3,2711,12,122,1225,2012,3640,2296,0,215,38,499,0,0,283"
NoiseDefectFree_003055.npy,0.0029407545545832737,"41,0,0,0,0,2675,0,127,1238,2890,3649,2470,0,197,37,463,0,0,155"
NoiseDefectFree_003676.npy,0.0033711088796442405,"47,0,0,0,0,2653,0,148,1241,2882,3654,2435,0,213,22,492,0,0,155"
Defect_L2_B187_el2475_H2_W2.npy,0.014345144168698896,"196,5,4,3,1,2595,1,161,1225,2783,3661,2327,0,123,26,548,0,0,283"
Defect_L10_B101_el2803_H4_W4.npy,0.01599483574809927,"210,0,2,1,0,2439,4,124,1208,3008,3670,2373,0,144,25,388,0,0,346"
Defect_L11_B380_el5501_H2_W2.npy,0.007602926409410415,"97,0,0,0,0,2725,0,213,1106,2889,3549,2448,0,199,68,487,0,0,161"
NoiseDefectFree_003301.npy,0.003586286042174724,"50,0,0,0,0,2676,0,122,1254,2869,3637,2450,0,224,35,493,0,0,132"
NoiseDefectFree_003311.npy,0.0024386745086788122,"34,0,0,0,0,2662,0,134,1243,2898,3628,2465,0,226,48,477,0,0,127"
Defect_L18_B66_el813_H2_W2.npy,0.014345144168698896,"192,0,0,0,0,2688,0,148,1215,2815,3646,2228,1,222,43,478,1,8,257"
Defect_L2_B105_el2835_H4_W4.npy,0.031487591450294075,"441,0,7,1,0,2342,6,139,1259,2824,3632,2417,0,183,30,450,0,0,211"
Defect_L4_B125_el6177_H8_W8.npy,0.09288480849232535,"1288,7,10,20,0,2959,40,33,75,2891,3223,2434,0,210,93,451,0,0,208"
NoiseDefectFree_000833.npy,0.003155931717113757,"44,0,0,0,0,2663,0,150,1235,2879,3620,2443,0,242,49,495,0,0,122"
NoiseDefectFree_003463.npy,0.0038014632047052074,"53,0,0,0,0,2647,0,181,1206,2884,3634,2429,0,235,36,507,0,0,130"
Defect_L16_B399_el5539_H2_W2.npy,0.007172572084349448,"96,0,0,0,0,2710,0,115,1221,2883,3549,2443,1,210,58,498,2,1,155"
NoiseDefectFree_000055.npy,0.002223497346148329,"31,0,0,0,0,2660,0,163,1220,2897,3642,2444,0,202,36,494,0,0,153"
NoiseDefectFree_003452.npy,0.0027973031128962845,"39,0,0,0,0,2634,0,121,1291,2886,3641,2443,0,215,35,514,0,0,123"
Defect_L6_B29_el795_H4_W4.npy,0.06455314875914503,"894,0,5,0,4,2686,12,136,1232,2002,3646,2395,0,214,33,468,0,0,215"
NoiseDefectFree_001482.npy,0.0029407545545832737,"41,0,0,0,0,2670,0,131,1243,2886,3637,2432,0,222,37,480,0,0,163"
NoiseDefectFree_004874.npy,0.0020083201836178454,"28,0,0,0,0,2698,0,147,1201,2897,3659,2437,0,217,23,482,0,0,153"
Defect_L2_B297_el3859_H2_W2.npy,0.012623726868455028,"174,2,6,11,0,2568,4,145,1190,2908,3610,2470,0,206,34,457,0,0,157"
NoiseDefectFree_003336.npy,0.0023669487878353176,"33,0,0,0,0,2690,0,131,1220,2897,3641,2451,0,210,30,518,0,0,121"
Defect_L4_B213_el2811_H2_W2.npy,0.008248457897001864,"115,0,3,1,2,2518,6,115,1279,2932,3654,2400,0,145,37,524,0,0,211"
NoiseDefectFree_004927.npy,0.003155931717113757,"44,0,0,0,0,2655,0,151,1225,2896,3664,2462,0,208,23,494,0,0,120"
Defect_L7_B190_el2481_H2_W2.npy,0.020083201836178455,"274,0,5,1,2,2563,7,148,1248,2723,3652,2387,0,182,28,470,0,0,252"
Defect_L9_B188_el5519_H4_W4.npy,0.039807775068139435,"554,0,2,11,0,2690,21,170,690,2894,3494,2438,0,198,133,466,0,0,181"
Defect_L9_B85_H4_W8.npy,0.04755415291923684,"663,2,1,2,0,1992,9,139,1232,2946,3586,2408,0,226,43,266,0,0,427"
Defect_L4_B129_el1507_H2_W2.npy,0.013771338401950939,"191,0,9,4,2,2675,4,131,1244,2712,3623,2438,0,222,49,502,0,0,136"
Defect_L10_B372_el5201_H2_W2.npy,0.008678812222062831,"117,0,0,3,0,2747,0,108,1114,2882,3630,2455,0,223,45,501,0,0,117"
NoiseDefectFree_000769.npy,0.002869028833739779,"40,0,0,0,0,2661,0,102,1276,2892,3639,2453,0,214,35,474,0,0,156"
NoiseDefectFree_002066.npy,0.0027973031128962845,"39,0,0,0,0,2647,0,115,1267,2903,3626,2418,0,230,40,519,0,0,138"
Defect_L11_B89_el1143_H2_W2.npy,0.008678812222062831,"118,0,0,0,0,2648,0,135,1265,2855,3629,2258,0,198,67,510,0,0,259"
Defect_L9_B447_el6203_H2_W2.npy,0.010758858126524171,"150,0,0,18,0,2891,8,329,682,2893,3593,2453,0,214,80,481,0,0,150"
Defect_L10_B46_el1147_H4_W4.npy,0.055013627886960265,"759,0,3,1,0,2688,10,129,1247,2165,3638,2223,0,184,48,532,0,0,315"
NoiseDefectFree_004525.npy,0.0027255773920527903,"38,0,0,0,0,2659,0,152,1226,2896,3636,2464,0,217,44,458,0,0,152"
NoiseDefectFree_002718.npy,0.004016640367235691,"56,0,0,0,0,2620,0,157,1254,2884,3649,2446,0,212,33,478,0,0,153"
NoiseDefectFree_002080.npy,0.0023669487878353176,"33,0,0,0,0,2684,0,130,1235,2889,3639,2447,0,204,32,502,0,0,147"
Defect_L4_B131_el1795_H2_W2.npy,0.01635346435231674,"226,1,7,4,2,2656,3,143,1238,2691,3641,2319,0,171,37,560,0,0,243"
NoiseDefectFree_000952.npy,0.0027973031128962845,"39,0,0,0,0,2684,0,123,1232,2893,3654,2445,0,196,25,493,0,0,158"
Defect_L18_B114_el5526_H8_W8.npy,0.10098981494764023,"1400,0,0,0,0,2885,0,288,473,2903,2206,2444,35,231,381,504,1,8,183"
NoiseDefectFree_002483.npy,0.0023669487878353176,"33,0,0,0,0,2683,0,167,1193,2895,3636,2453,0,218,34,510,0,0,120"
NoiseDefectFree_001760.npy,0.003012480275426768,"42,0,0,0,0,2683,0,105,1265,2876,3627,2455,0,217,51,497,0,0,124"
NoiseDefectFree_004423.npy,0.003012480275426768,"42,0,0,0,0,2647,0,137,1272,2873,3624,2426,0,208,39,506,0,0,168"
Defect_L5_B219_el6211_H4_W4.npy,0.019509396069430498,"272,0,2,7,0,3020,15,482,299,2874,3287,2473,0,208,392,495,0,0,116"
Defect_L13_B163_el4819_H4_W4.npy,0.011117486730741644,"155,0,0,0,0,2651,0,284,1095,2903,3483,2434,0,231,67,491,0,3,145"
Defect_L2_B366_el5189_H2_W2.npy,0.02115908764883087,"291,6,3,12,0,2618,3,109,1039,2911,3588,2447,0,234,63,473,0,0,145"
NoiseDefectFree_003702.npy,0.003155931717113757,"44,0,0,0,0,2692,0,152,1201,2882,3648,2454,0,230,31,482,0,0,126"
NoiseDefectFree_004244.npy,0.005020800459044614,"70,0,0,0,0,2657,0,157,1223,2864,3641,2439,0,207,39,498,0,0,147"
NoiseDefectFree_000689.npy,0.0037297374838617127,"52,0,0,0,0,2679,0,184,1176,2880,3634,2458,0,206,41,489,0,0,143"
NoiseDefectFree_003433.npy,0.004016640367235691,"56,0,0,0,0,2652,0,128,1264,2871,3627,2440,0,216,53,488,0,0,147"
NoiseDefectFree_004945.npy,0.003155931717113757,"44,0,0,0,0,2688,0,128,1224,2887,3653,2451,0,214,34,472,0,0,147"
NoiseDefectFree_000967.npy,0.001649691579400373,"23,0,0,0,0,2678,0,132,1231,2907,3646,2420,0,214,25,506,0,0,160"
Defect_L17_B42_el481_H2_W2.npy,0.013484435518576962,"188,0,0,0,0,2681,0,119,1244,2840,3646,2292,1,210,36,507,1,8,169"
NoiseDefectFree_002714.npy,0.003658011763018218,"51,0,0,0,0,2666,0,155,1220,2879,3624,2439,0,207,43,516,0,0,142"
NoiseDefectFree_004758.npy,0.0037297374838617127,"52,0,0,0,0,2667,0,109,1263,2880,3633,2456,0,222,30,511,0,0,119"
Defect_L11_B423_el5871_H2_W2.npy,0.010758858126524171,"141,0,0,0,0,2717,0,180,1140,2895,3498,2442,0,229,73,497,0,0,130"
Defect_L14_B323_el4493_H2_W2.npy,0.00416009180892268,"58,0,0,0,0,2625,0,166,1247,2893,3623,2441,0,205,39,490,0,0,155"
Defect_L18_B161_el4527_H4_W4.npy,0.012049921101707071,"168,0,0,0,0,2552,0,146,1281,2909,3544,2438,0,234,28,456,0,1,185"
NoiseDefectFree_003573.npy,0.0027255773920527903,"38,0,0,0,0,2664,0,111,1269,2889,3632,2414,0,206,45,506,0,0,168"
Defect_L3_B80_el3832_H8_W8.npy,0.12781523454310717,"1764,12,20,8,0,1051,30,163,1090,3135,3371,2348,0,101,83,461,0,0,305"
NoiseDefectFree_001991.npy,0.0037297374838617127,"52,0,0,0,0,2657,0,123,1262,2877,3618,2449,0,224,56,469,0,0,155"
NoiseDefectFree_001206.npy,0.003658011763018218,"51,0,0,0,0,2664,0,153,1214,2889,3653,2447,0,210,22,488,0,0,151"
NoiseDefectFree_004972.npy,0.0034428346004877347,"48,0,0,0,0,2652,0,128,1260,2883,3626,2458,0,228,50,472,0,0,137"
Defect_L5_B383_el5507_H2_W2.npy,0.006096686271697031,"85,0,1,4,0,2721,8,327,932,2893,3623,2448,0,214,43,499,0,0,144"
NoiseDefectFree_003601.npy,0.0037297374838617127,"52,0,0,0,0,2661,0,127,1252,2879,3651,2444,0,210,27,494,0,0,145"
Defect_L14_B423_el5871_H2_W2.npy,0.010615406684837183,"148,0,0,0,0,2771,0,64,1211,2871,3457,2433,3,239,112,463,1,0,169"
Defect_L16_B112_el1473_H2_W2.npy,0.008248457897001864,"107,0,0,0,0,2641,0,107,1294,2877,3639,2177,0,185,46,539,1,1,328"
Defect_L18_B164_el2145_H2_W2.npy,0.013269258356046478,"177,0,0,0,0,2638,0,123,1264,2871,3668,2048,2,159,46,401,1,8,536"
Defect_L8_B410_el5845_H2_W2.npy,0.009969875197245731,"139,0,1,7,0,2851,9,452,633,2879,3636,2444,0,196,62,502,0,0,131"
Defect_L18_B89_el4189_H8_W8.npy,0.06914359489312867,"953,0,0,1,0,2249,0,203,1243,2932,2868,2395,39,239,26,404,2,11,377"
Defect_L13_B186_el5511_H4_W4.npy,0.04863003873188926,"668,0,0,0,0,2711,0,307,1004,2893,2845,2460,13,203,187,490,1,9,151"
NoiseDefectFree_001626.npy,0.0032276574379572513,"45,0,0,0,0,2618,0,130,1285,2893,3640,2444,0,218,33,482,0,0,154"
NoiseDefectFree_000537.npy,0.003944914646392197,"55,0,0,0,0,2681,0,126,1247,2862,3628,2453,0,218,46,481,0,0,145"
Defect_L14_B145_el4147_H4_W4.npy,0.018003155931717113,"251,0,0,0,0,2619,0,161,1240,2908,3394,2425,5,204,40,388,2,4,301"
Defect_L13_B224_el2847_H2_W2.npy,0.00961124659302826,"134,0,0,0,0,2668,0,111,1265,2871,3660,2488,1,183,37,326,1,1,196"
NoiseDefectFree_004213.npy,0.003155931717113757,"44,0,0,0,0,2655,0,134,1245,2893,3657,2429,0,215,34,494,0,0,142"
Defect_L9_B69_el3181_H8_W8.npy,0.09539520872184766,"1316,0,9,6,0,1587,33,130,1227,3039,3185,2374,0,187,78,294,0,0,477"
NoiseDefectFree_003508.npy,0.0026538516712092956,"37,0,0,0,0,2644,0,143,1235,2912,3634,2443,0,221,33,500,0,0,140"
Defect_L19_B52_el1171_H4_W4.npy,0.036078037584277724,"487,0,0,0,0,2660,0,111,1262,2794,3662,1770,4,213,53,502,1,9,414"
Defect_L17_B115_el5533_H8_W8.npy,0.1013484435518577,"1413,0,0,1,0,2771,0,454,433,2897,2221,2448,55,205,363,457,1,16,207"
NoiseDefectFree_002709.npy,0.003299383158800746,"46,0,0,0,0,2677,0,149,1216,2883,3646,2455,0,218,32,484,0,0,136"
Defect_L11_B437_el6183_H2_W2.npy,0.008248457897001864,"106,0,0,0,0,2665,0,235,1128,2893,3352,2442,0,211,267,495,0,0,148"
Defect_L3_B74_el3503_H8_W8.npy,0.12960837756419452,"1787,16,22,11,0,1364,36,177,1166,2805,3223,2334,0,195,61,449,0,0,296"
NoiseDefectFree_004663.npy,0.0033711088796442405,"47,0,0,0,0,2652,0,130,1256,2886,3639,2473,0,195,36,501,0,0,127"
NoiseDefectFree_004022.npy,0.0022952230669918234,"32,0,0,0,0,2682,0,131,1236,2890,3638,2452,0,189,44,486,0,0,162"
NoiseDefectFree_001855.npy,0.0029407545545832737,"41,0,0,0,0,2660,0,163,1217,2890,3636,2475,0,210,43,462,0,0,145"
Defect_L7_B48_el493_H2_W2.npy,0.018218333094247596,"248,0,4,0,3,2684,7,140,1234,2651,3628,2451,0,210,53,498,0,0,131"
NoiseDefectFree_002873.npy,0.0035145603213312293,"49,0,0,0,0,2703,0,158,1193,2868,3628,2447,0,214,45,470,0,0,167"
NoiseDefectFree_003031.npy,0.0034428346004877347,"48,0,0,0,0,2677,0,128,1244,2874,3634,2439,0,227,47,488,0,0,136"
NoiseDefectFree_001646.npy,0.0032276574379572513,"45,0,0,0,0,2667,0,131,1239,2889,3620,2457,0,209,53,493,0,0,139"
NoiseDefectFree_003418.npy,0.001936594462774351,"27,0,0,0,0,2703,0,150,1193,2898,3653,2464,0,222,25,455,0,0,152"
NoiseDefectFree_003477.npy,0.0027255773920527903,"38,0,0,0,0,2664,0,144,1231,2894,3638,2454,0,223,38,484,0,0,134"
Defect_L15_B146_el1825_H2_W2.npy,0.008248457897001864,"112,0,0,0,0,2653,0,133,1250,2888,3616,2136,0,221,68,589,0,0,276"
NoiseDefectFree_001793.npy,0.0022952230669918234,"32,0,0,0,0,2653,0,124,1268,2894,3629,2447,0,208,48,495,0,0,144"
NoiseDefectFree_003798.npy,0.0037297374838617127,"52,0,0,0,0,2656,0,143,1236,2884,3644,2405,0,227,31,501,0,0,163"
NoiseDefectFree_003369.npy,0.003299383158800746,"46,0,0,0,0,2698,0,139,1203,2885,3625,2422,0,234,45,487,0,0,158"
Defect_L6_B95_el1155_H2_W2.npy,0.017572801606656148,"244,0,0,0,4,2650,4,159,1235,2675,3656,2458,0,200,26,486,0,0,145"
Defect_L3_B172_el2161_H2_W2.npy,0.02245015062401377,"311,3,7,5,1,2609,1,110,1289,2654,3633,2362,0,208,33,550,0,0,166"
Defect_L4_B120_el1489_H2_W2.npy,0.02288050494907474,"318,0,8,2,2,2686,4,116,1234,2602,3633,2427,0,201,37,507,0,0,165"
Defect_L16_B307_el4163_H2_W2.npy,0.017357624444125662,"240,0,0,0,0,2649,0,134,1248,2912,3354,2426,2,229,56,420,0,7,265"
Defect_L10_B228_el3139_H2_W2.npy,0.005738057667479558,"72,0,2,0,0,2503,0,99,1269,3026,3643,2438,0,187,36,480,0,0,187"
Defect_L14_B106_el5183_H8_W8.npy,0.090948214029551,"1268,0,0,1,0,2820,0,127,987,2858,2135,2474,40,227,343,513,1,23,125"
NoiseDefectFree_000127.npy,0.003944914646392197,"55,0,0,0,0,2690,0,135,1223,2868,3650,2463,0,207,28,474,0,0,149"
Defect_L7_B299_el4147_H2_W2.npy,0.005522880504949075,"72,0,2,2,0,2604,5,167,1205,2914,3647,2420,0,215,33,495,0,0,161"
NoiseDefectFree_003877.npy,0.003586286042174724,"50,0,0,0,0,2687,0,121,1237,2876,3632,2441,0,229,38,472,0,0,159"
NoiseDefectFree_004452.npy,0.0026538516712092956,"37,0,0,0,0,2670,0,142,1228,2894,3660,2452,0,209,18,489,0,0,143"
Defect_L7_B67_el3167_H8_W8.npy,0.12415722278008894,"1688,7,10,8,0,1570,50,84,1262,2686,3217,2274,0,157,100,433,0,0,396"
NoiseDefectFree_003532.npy,0.002510400229522307,"35,0,0,0,0,2692,0,144,1204,2896,3642,2441,0,204,39,503,0,0,142"
NoiseDefectFree_000828.npy,0.0030842059962702625,"43,0,0,0,0,2674,0,131,1228,2895,3633,2458,0,216,37,467,0,0,160"
Defect_L16_B101_el2803_H4_W4.npy,0.01441686988954239,"197,0,0,0,0,2637,0,118,1235,2924,3609,2323,2,45,44,190,1,9,608"
NoiseDefectFree_000985.npy,0.003155931717113757,"44,0,0,0,0,2659,0,162,1218,2888,3634,2445,0,196,39,483,0,0,174"
Defect_L17_B77_el835_H2_W2.npy,0.009969875197245731,"139,0,0,0,0,2680,0,108,1249,2865,3646,2336,1,235,31,487,1,7,157"
NoiseDefectFree_002444.npy,0.001936594462774351,"27,0,0,0,0,2685,0,140,1216,2903,3637,2468,0,214,37,482,0,0,133"
Defect_L10_B146_el4151_H4_W4.npy,0.01621001291062975,"221,0,1,4,0,2405,6,154,1235,2945,3647,2441,0,201,27,401,0,0,254"
NoiseDefectFree_000346.npy,0.0026538516712092956,"37,0,0,0,0,2651,0,159,1231,2893,3644,2444,0,214,35,480,0,0,154"
NoiseDefectFree_000815.npy,0.0024386745086788122,"34,0,0,0,0,2684,0,118,1236,2899,3640,2441,0,221,41,467,0,0,161"
Defect_L12_B192_el2485_H2_W2.npy,0.010113326638932722,"141,0,0,0,0,2663,0,130,1233,2905,3680,2194,0,60,46,320,1,1,568"
Defect_L12_B34_el1494_H8_W8.npy,0.10737340410271123,"1497,0,0,0,0,2634,0,126,1233,2386,3782,1168,48,85,91,428,1,8,455"
NoiseDefectFree_002117.npy,0.0034428346004877347,"48,0,0,0,0,2668,0,135,1233,2887,3643,2465,0,201,29,481,0,0,152"
NoiseDefectFree_000794.npy,0.0033711088796442405,"47,0,0,0,0,2705,0,140,1201,2878,3640,2451,0,213,29,502,0,0,136"
Defect_L6_B262_el3505_H2_W2.npy,0.012767178310142017,"176,0,0,2,1,2386,9,125,1267,3005,3631,2434,0,210,48,500,0,0,148"
NoiseDefectFree_002675.npy,0.0037297374838617127,"52,0,0,0,0,2661,0,151,1221,2886,3638,2442,0,204,30,495,0,0,162"
NoiseDefectFree_000095.npy,0.002223497346148329,"31,0,0,0,0,2667,0,153,1220,2900,3663,2439,0,194,24,501,0,0,150"
NoiseDefectFree_004226.npy,0.003658011763018218,"51,0,0,0,0,2648,0,110,1294,2868,3642,2443,0,223,37,483,0,0,143"
NoiseDefectFree_003757.npy,0.002869028833739779,"40,0,0,0,0,2651,0,132,1250,2898,3639,2448,0,199,34,516,0,0,135"
NoiseDefectFree_002892.npy,0.0037297374838617127,"52,0,0,0,0,2691,0,149,1204,2875,3634,2435,0,214,39,508,0,0,141"
NoiseDefectFree_002372.npy,0.003155931717113757,"44,0,0,0,0,2667,0,158,1220,2882,3642,2452,0,209,34,486,0,0,148"
Defect_L4_B361_el5165_H2_W2.npy,0.009754698034715249,"136,0,3,4,2,2560,7,334,1044,2881,3643,2443,0,219,40,494,0,0,132"
NoiseDefectFree_003229.npy,0.0037297374838617127,"52,0,0,0,0,2647,0,145,1241,2886,3641,2463,0,211,41,488,0,0,127"
Defect_L8_B208_el2517_H2_W2.npy,0.01312580691435949,"183,0,5,2,1,2644,8,137,1229,2766,3639,2475,0,226,26,481,0,0,120"
Defect_L17_B45_el487_H2_W2.npy,0.01104576100989815,"154,0,0,0,0,2639,0,137,1263,2884,3642,2303,1,218,39,493,1,7,161"
Defect_L15_B8_el129_H2_W2.npy,0.014703772772916368,"203,0,0,0,0,2660,0,142,1232,2800,3655,2351,0,202,34,523,1,2,137"
Defect_L15_B411_el5847_H2_W2.npy,0.006527040596757998,"88,0,0,0,0,2651,0,159,1234,2888,3490,2433,0,205,138,476,0,0,180"
Defect_L6_B230_el3143_H2_W2.npy,0.005809783388323052,"77,0,0,1,0,2530,3,130,1251,2979,3662,2462,0,187,36,481,0,0,143"
NoiseDefectFree_001866.npy,0.0032276574379572513,"45,0,0,0,0,2681,0,168,1196,2881,3630,2443,0,195,54,481,0,0,168"
NoiseDefectFree_004613.npy,0.002582125950365801,"36,0,0,0,0,2667,0,137,1229,2902,3636,2462,0,207,42,490,0,0,134"
NoiseDefectFree_002646.npy,0.0030842059962702625,"43,0,0,0,0,2664,0,154,1212,2898,3630,2448,0,217,48,490,0,0,138"
NoiseDefectFree_002244.npy,0.003299383158800746,"46,0,0,0,0,2619,0,148,1256,2902,3641,2442,0,227,32,503,0,0,126"
Defect_L11_B272_el3525_H2_W2.npy,0.008893989384593315,"115,0,0,0,0,2664,0,143,1230,2885,3549,2425,0,267,39,429,1,0,195"
NoiseDefectFree_002337.npy,0.0012910629751829005,"18,0,0,0,0,2672,0,137,1224,2920,3656,2422,0,203,34,513,0,0,143"
NoiseDefectFree_000951.npy,0.0034428346004877347,"48,0,0,0,0,2669,0,131,1248,2875,3634,2442,0,212,41,499,0,0,143"
NoiseDefectFree_001121.npy,0.002510400229522307,"35,0,0,0,0,2686,0,111,1255,2884,3647,2440,0,209,35,480,0,0,160"
NoiseDefectFree_002205.npy,0.004231817529766174,"59,0,0,0,0,2659,0,127,1252,2874,3624,2472,0,232,49,468,0,0,126"
NoiseDefectFree_000420.npy,0.003658011763018218,"51,0,0,0,0,2664,0,134,1232,2890,3637,2442,0,201,44,480,0,0,167"
NoiseDefectFree_000923.npy,0.0034428346004877347,"48,0,0,0,0,2623,0,143,1261,2896,3648,2462,0,207,29,481,0,0,144"
Defect_L16_B189_el5523_H4_W4.npy,0.02646679099124946,"366,0,0,0,0,2681,0,97,1261,2885,3205,2432,10,202,141,524,1,2,135"
Defect_L7_B95_el2479_H4_W4.npy,0.05773920527901306,"787,1,5,4,0,2404,20,131,1285,2336,3690,2225,0,150,39,371,0,0,494"
Defect_L16_B261_el3503_H2_W2.npy,0.00946779515134127,"127,0,0,0,0,2660,0,157,1231,2889,3453,2446,1,246,34,301,1,2,394"
Defect_L11_B122_el3487_H4_W4.npy,0.04188782097260078,"565,0,0,0,0,2500,0,119,1270,3016,3161,2418,0,140,38,343,0,0,372"
Defect_L12_B35_el819_H4_W4.npy,0.04102711232247884,"569,0,0,0,0,2684,0,153,1211,2733,3671,1794,7,225,63,529,0,6,297"
Defect_L4_B144_el3859_H4_W4.npy,0.03493042605078181,"482,3,5,11,0,2024,13,129,1272,3073,3617,2458,0,228,33,452,0,0,142"
Defect_L18_B80_el2135_H4_W4.npy,0.06584421173432793,"902,0,0,0,0,2582,0,142,1227,2685,3716,1777,2,73,73,302,1,16,444"
NoiseDefectFree_001203.npy,0.0037297374838617127,"52,0,0,0,0,2637,0,151,1249,2882,3648,2451,0,207,24,513,0,0,128"
Defect_L5_B140_el1813_H2_W2.npy,0.014058241285324917,"191,0,2,0,5,2676,4,159,1197,2737,3640,2403,0,232,30,484,0,0,182"
Defect_L5_B49_el1159_H4_W4.npy,0.032993831588007456,"455,0,3,2,5,2683,12,109,1262,2440,3628,2477,0,225,36,478,0,0,127"
NoiseDefectFree_001971.npy,0.0023669487878353176,"33,0,0,0,0,2678,0,146,1216,2898,3637,2451,0,223,45,469,0,0,146"
NoiseDefectFree_004019.npy,0.0027973031128962845,"39,0,0,0,0,2678,0,159,1207,2888,3636,2431,0,230,37,500,0,0,137"
NoiseDefectFree_003688.npy,0.0032276574379572513,"45,0,0,0,0,2659,0,121,1260,2886,3653,2434,0,215,23,491,0,0,155"
NoiseDefectFree_001998.npy,0.0030842059962702625,"43,0,0,0,0,2690,0,135,1211,2892,3626,2445,0,205,47,482,0,0,166"
NoiseDefectFree_004034.npy,0.0034428346004877347,"48,0,0,0,0,2682,0,166,1190,2885,3638,2444,0,226,35,498,0,0,130"
NoiseDefectFree_001249.npy,0.001936594462774351,"27,0,0,0,0,2653,0,137,1247,2907,3637,2445,0,215,38,487,0,0,149"
NoiseDefectFree_002193.npy,0.0027255773920527903,"38,0,0,0,0,2697,0,140,1202,2894,3646,2437,0,210,23,494,0,0,161"
NoiseDefectFree_002713.npy,0.003012480275426768,"42,0,0,0,0,2676,0,167,1195,2891,3634,2455,0,228,35,468,0,0,151"
NoiseDefectFree_002191.npy,0.004016640367235691,"56,0,0,0,0,2694,0,118,1242,2861,3620,2458,0,215,55,486,0,0,137"
NoiseDefectFree_004671.npy,0.0027255773920527903,"38,0,0,0,0,2675,0,111,1258,2889,3646,2458,0,217,34,466,0,0,150"
Defect_L19_B210_el6175_H4_W4.npy,0.046549992827427916,"641,0,0,1,0,2717,0,495,780,2870,2885,2460,7,201,231,492,1,14,147"
Defect_L18_B142_el3851_H4_W4.npy,0.04246162673934873,"577,0,0,3,0,2489,0,156,1293,2852,3053,2430,5,278,43,395,0,15,353"
Defect_L2_B82_el3846_H8_W8.npy,0.1090948214029551,"1506,19,17,21,0,1295,27,277,1142,3172,3126,2351,0,202,76,421,0,0,290"
Defect_L14_B252_el3485_H2_W2.npy,0.00961124659302826,"134,0,0,0,0,2643,0,116,1255,2914,3392,2455,0,200,51,394,0,1,387"
Defect_L8_B78_el1843_H4_W4.npy,0.0454741070147755,"634,1,7,2,0,2648,17,158,1228,2308,3652,2347,0,212,51,503,0,0,174"
NoiseDefectFree_002137.npy,0.0030842059962702625,"43,0,0,0,0,2645,0,166,1218,2899,3632,2465,0,232,42,485,0,0,115"
NoiseDefectFree_001066.npy,0.0037297374838617127,"52,0,0,0,0,2665,0,152,1221,2881,3640,2454,0,208,47,482,0,0,140"
NoiseDefectFree_000601.npy,0.003012480275426768,"42,0,0,0,0,2680,0,143,1218,2888,3647,2461,0,215,35,479,0,0,134"
NoiseDefectFree_004228.npy,0.0022952230669918234,"32,0,0,0,0,2648,0,162,1222,2907,3638,2449,0,203,42,481,0,0,158"
Defect_L14_B309_el4181_H2_W2.npy,0.01793143021087362,"250,0,0,0,0,2643,0,131,1268,2880,3400,2450,1,222,34,504,0,4,155"
NoiseDefectFree_000078.npy,0.002510400229522307,"35,0,0,0,0,2677,0,136,1237,2886,3622,2442,0,219,59,472,0,0,157"
Defect_L3_B448_el6205_H2_W2.npy,0.010687132405680677,"148,6,2,13,0,2908,2,359,643,2890,3597,2439,0,231,84,494,0,0,126"
NoiseDefectFree_002899.npy,0.0024386745086788122,"34,0,0,0,0,2636,0,164,1241,2896,3628,2426,0,217,36,513,0,0,151"
NoiseDefectFree_004821.npy,0.003658011763018218,"51,0,0,0,0,2657,0,118,1265,2880,3644,2436,0,239,31,481,0,0,140"
Defect_L14_B165_el2147_H2_W2.npy,0.008535360780375843,"119,0,0,0,0,2652,0,134,1250,2897,3663,2042,0,137,54,470,1,3,520"
Defect_L13_B439_el6187_H2_W2.npy,0.010185052359776216,"141,0,0,0,0,2675,0,172,1187,2896,3209,2439,1,223,359,499,0,0,141"
Defect_L13_B14_el451_H4_W4.npy,0.07832448716109597,"1092,0,0,0,0,2647,0,123,1263,2356,3655,1604,0,226,78,469,0,18,411"
Defect_L9_B171_el4867_H4_W4.npy,0.01025677808061971,"143,0,0,1,0,2702,4,164,1049,2936,3579,2464,0,226,59,481,0,0,134"
Defect_L2_B127_el3507_H4_W4.npy,0.058671639649978485,"809,10,9,8,0,1808,9,132,1226,3089,3559,2392,0,212,44,455,0,0,180"
Defect_L12_B428_el6165_H2_W2.npy,0.006311863434227514,"88,0,0,0,0,2679,0,300,1053,2903,3272,2444,0,231,352,463,0,0,157"
NoiseDefectFree_003392.npy,0.002582125950365801,"36,0,0,0,0,2677,0,146,1213,2899,3651,2455,0,208,30,500,0,0,127"
Defect_L9_B12_el137_H2_W2.npy,0.027614402524745375,"385,0,3,1,2,2657,8,119,1264,2532,3605,2451,0,229,64,469,0,0,153"
NoiseDefectFree_002561.npy,0.0037297374838617127,"52,0,0,0,0,2663,0,121,1266,2869,3634,2434,0,242,42,466,0,0,153"
Defect_L11_B265_el3511_H2_W2.npy,0.013340984076889972,"177,0,0,0,0,2657,0,133,1224,2916,3543,2440,1,235,39,327,1,0,249"
NoiseDefectFree_002636.npy,0.001649691579400373,"23,0,0,0,0,2654,0,135,1250,2909,3637,2451,0,224,33,488,0,0,138"
Defect_L14_B150_el1833_H2_W2.npy,0.010687132405680677,"149,0,0,0,0,2655,0,161,1228,2890,3629,2169,0,221,65,569,1,2,203"
NoiseDefectFree_003531.npy,0.0034428346004877347,"48,0,0,0,0,2678,0,165,1198,2882,3638,2471,0,198,43,483,0,0,138"
Defect_L15_B200_el2501_H2_W2.npy,0.00946779515134127,"130,0,0,0,0,2694,0,153,1200,2894,3630,2381,0,160,54,370,0,0,276"
NoiseDefectFree_001909.npy,0.0032276574379572513,"45,0,0,0,0,2677,0,140,1231,2878,3653,2448,0,212,20,490,0,0,148"
NoiseDefectFree_000236.npy,0.003299383158800746,"46,0,0,0,0,2651,0,170,1206,2898,3644,2438,0,206,39,507,0,0,137"
NoiseDefectFree_001605.npy,0.003299383158800746,"46,0,0,0,0,2671,0,154,1222,2878,3643,2454,0,218,28,475,0,0,153"
Defect_L3_B17_el463_H4_W4.npy,0.06376416582986659,"875,4,17,5,1,2626,8,136,1269,2069,3627,2318,0,221,42,473,0,0,251"
NoiseDefectFree_003491.npy,0.004016640367235691,"56,0,0,0,0,2645,0,130,1264,2876,3644,2446,0,201,35,493,0,0,152"
NoiseDefectFree_001995.npy,0.0035145603213312293,"49,0,0,0,0,2703,0,127,1210,2882,3648,2428,0,210,32,501,0,0,152"
NoiseDefectFree_002825.npy,0.003299383158800746,"46,0,0,0,0,2626,0,135,1276,2888,3660,2463,0,222,16,480,0,0,130"
Defect_L15_B115_el3175_H4_W4.npy,0.029694448429206714,"409,0,0,0,0,2637,0,157,1204,2914,3337,2394,10,187,50,320,1,4,318"
NoiseDefectFree_001343.npy,0.003658011763018218,"51,0,0,0,0,2664,0,138,1238,2880,3652,2445,0,202,26,509,0,0,137"
Defect_L12_B52_el2481_H8_W8.npy,0.1246593028259934,"1736,0,0,0,0,2336,0,167,1245,2504,3631,1713,31,20,70,217,3,8,261"
NoiseDefectFree_001620.npy,0.0018648687419308564,"26,0,0,0,0,2667,0,132,1242,2904,3635,2467,0,204,46,471,0,0,148"
Defect_L5_B390_el5521_H2_W2.npy,0.008535360780375843,"119,0,1,5,0,2777,7,246,943,2873,3649,2437,0,205,38,477,0,0,165"
NoiseDefectFree_002061.npy,0.0035145603213312293,"49,0,0,0,0,2663,0,140,1240,2879,3629,2406,0,227,54,498,0,0,157"
Defect_L10_B251_el3483_H2_W2.npy,0.008750537942906327,"114,0,3,0,0,2504,1,140,1250,2959,3631,2452,0,210,44,462,0,0,172"
NoiseDefectFree_002220.npy,0.0032276574379572513,"45,0,0,0,0,2700,0,144,1197,2885,3648,2460,0,210,40,462,0,0,151"
Defect_L5_B445_el6199_H2_W2.npy,0.007818103571940897,"109,0,1,7,0,2861,7,304,776,2906,3641,2420,0,212,33,505,0,0,160"
NoiseDefectFree_000261.npy,0.0027255773920527903,"38,0,0,0,0,2674,0,160,1211,2888,3663,2458,0,205,20,486,0,0,139"
Defect_L8_B23_el159_H2_W2.npy,0.020083201836178455,"280,0,4,0,2,2663,6,137,1232,2647,3643,2438,0,207,34,493,0,0,156"
Defect_L12_B3_el129_H8_W8.npy,0.08678812222062832,"1200,0,0,0,0,2679,0,135,1241,2415,3674,1423,16,216,90,509,1,29,314"
NoiseDefectFree_003745.npy,0.004016640367235691,"56,0,0,0,0,2665,0,134,1251,2865,3643,2453,0,213,39,477,0,0,146"
NoiseDefectFree_002027.npy,0.00416009180892268,"58,0,0,0,0,2648,0,129,1256,2880,3641,2444,0,200,34,501,0,0,151"
Defect_L10_B81_el3839_H8_W8.npy,0.0920958255630469,"1278,1,9,3,1,1404,27,186,1219,3088,3386,2397,0,168,52,392,0,0,331"
NoiseDefectFree_004235.npy,0.002223497346148329,"31,0,0,0,0,2662,0,150,1227,2901,3647,2443,0,205,28,500,0,0,148"
NoiseDefectFree_001918.npy,0.0033711088796442405,"47,0,0,0,0,2640,0,108,1286,2890,3634,2441,0,213,36,508,0,0,139"
NoiseDefectFree_001829.npy,0.0029407545545832737,"41,0,0,0,0,2672,0,110,1269,2879,3647,2452,0,209,33,503,0,0,127"
Defect_L15_B256_el3493_H2_W2.npy,0.00753120068856692,"103,0,0,0,0,2651,0,140,1234,2902,3428,2465,0,230,45,363,0,0,381"
Defect_L15_B48_el1155_H4_W4.npy,0.02245015062401377,"303,0,0,0,0,2665,0,121,1266,2908,3657,1930,8,207,62,541,0,1,273"
Defect_L7_B77_el1839_H4_W4.npy,0.04102711232247884,"553,1,6,2,0,2659,20,113,1284,2333,3616,2419,0,202,52,566,0,0,116"
NoiseDefectFree_004209.npy,0.0034428346004877347,"48,0,0,0,0,2632,0,182,1230,2879,3631,2444,0,209,42,499,0,0,146"
NoiseDefectFree_000225.npy,0.003658011763018218,"51,0,0,0,0,2674,0,147,1221,2878,3629,2455,0,197,55,485,0,0,150"
Defect_L12_B34_el465_H2_W2.npy,0.015636207143881795,"217,0,0,0,0,2634,0,126,1272,2796,3667,2284,0,209,42,491,0,1,203"
Defect_L10_B256_el3493_H2_W2.npy,0.009252617988810788,"124,0,1,0,0,2481,3,134,1222,3006,3637,2436,0,212,31,467,0,0,188"
Defect_L16_B16_el794_H8_W8.npy,0.11827571367092239,"1638,0,0,0,0,2670,0,135,1232,2210,3704,992,56,149,95,623,1,9,428"
NoiseDefectFree_000847.npy,0.0032276574379572513,"45,0,0,0,0,2681,0,116,1253,2876,3638,2466,0,224,38,458,0,0,147"
NoiseDefectFree_004290.npy,0.0027973031128962845,"39,0,0,0,0,2664,0,144,1232,2892,3636,2436,0,228,38,487,0,0,146"
Defect_L13_B33_H4_W8.npy,0.058097833883230525,"783,0,0,0,0,2671,0,127,1257,2732,3701,1454,27,205,75,603,1,9,297"
NoiseDefectFree_002552.npy,0.00416009180892268,"58,0,0,0,0,2664,0,138,1236,2875,3635,2463,0,212,36,485,0,0,140"
NoiseDefectFree_000118.npy,0.003658011763018218,"51,0,0,0,0,2703,0,132,1206,2879,3649,2461,0,206,35,478,0,0,142"
Defect_L6_B428_el6165_H2_W2.npy,0.005164251900731602,"69,0,0,7,0,2798,6,629,563,2899,3611,2455,0,210,71,484,0,0,140"
Defect_L2_B142_H8_W4.npy,0.07861139004446994,"1080,17,11,17,0,2422,12,326,369,2920,3294,2449,0,218,177,461,0,0,169"
Defect_L11_B94_el4518_H8_W8.npy,0.018003155931717113,"191,0,0,0,0,2624,0,128,1269,2909,3449,2425,0,223,50,460,0,1,213"
Defect_L2_B56_el2509_H8_W8.npy,0.09955530053077033,"1381,8,28,5,0,2206,16,106,1277,2272,3753,1999,0,57,35,311,0,0,488"
Defect_L16_B30_el457_H2_W2.npy,0.012193372543394062,"164,0,0,0,0,2662,0,123,1247,2830,3649,2364,0,220,36,488,0,3,156"
NoiseDefectFree_000006.npy,0.002869028833739779,"40,0,0,0,0,2696,0,122,1230,2883,3637,2456,0,211,44,477,0,0,146"
Defect_L14_B445_el6199_H2_W2.npy,0.012049921101707071,"168,0,0,0,0,2705,0,83,1245,2894,3188,2464,3,211,364,470,0,0,147"
Defect_L13_B217_el6203_H4_W4.npy,0.029694448429206714,"402,0,0,0,0,2855,0,474,711,2885,2866,2452,14,213,423,518,1,7,121"
NoiseDefectFree_004325.npy,0.0037297374838617127,"52,0,0,0,0,2668,0,150,1236,2865,3646,2460,0,202,28,480,0,0,155"
NoiseDefectFree_001064.npy,0.0027973031128962845,"39,0,0,0,0,2645,0,116,1288,2883,3635,2450,0,217,40,464,0,0,165"
NoiseDefectFree_002591.npy,0.003944914646392197,"55,0,0,0,0,2645,0,164,1232,2875,3636,2446,0,216,41,460,0,0,172"
Defect_L16_B78_el837_H2_W2.npy,0.005594606225792569,"70,0,0,0,0,2653,0,120,1270,2909,3653,2374,0,178,38,505,0,0,172"
NoiseDefectFree_003736.npy,0.0023669487878353176,"33,0,0,0,0,2681,0,130,1236,2891,3638,2442,0,205,33,483,0,0,170"
NoiseDefectFree_003518.npy,0.0026538516712092956,"37,0,0,0,0,2655,0,155,1235,2889,3641,2432,0,223,41,480,0,0,154"
Defect_L7_B46_el1147_H4_W4.npy,0.05616123942045618,"763,0,7,1,1,2674,21,138,1235,2131,3640,2366,0,209,34,526,0,0,196"
Defect_L7_B263_el3507_H2_W2.npy,0.016496915794003728,"222,0,4,2,1,2378,10,151,1190,3013,3643,2447,0,211,21,503,0,0,146"
Defect_L14_B177_el5191_H4_W4.npy,0.03880361497633051,"541,0,0,0,0,2836,0,93,1115,2886,2944,2481,15,204,203,520,0,13,91"
NoiseDefectFree_001606.npy,0.002869028833739779,"40,0,0,0,0,2679,0,148,1214,2890,3628,2460,0,219,46,514,0,0,104"
NoiseDefectFree_001734.npy,0.0033711088796442405,"47,0,0,0,0,2649,0,140,1236,2899,3662,2436,0,204,23,489,0,0,157"
Defect_L19_B207_el6163_H4_W4.npy,0.04576100989814948,"627,0,0,0,0,2806,0,653,556,2877,2923,2459,6,205,180,483,0,12,155"
NoiseDefectFree_003813.npy,0.003012480275426768,"42,0,0,0,0,2659,0,169,1214,2887,3651,2441,0,219,19,501,0,0,140"
Defect_L18_B103_el1171_H2_W2.npy,0.014488595610385884,"194,0,0,0,0,2668,0,110,1268,2815,3643,2233,1,219,50,503,1,8,229"
NoiseDefectFree_001762.npy,0.002869028833739779,"40,0,0,0,0,2670,0,140,1234,2887,3627,2436,0,221,50,497,0,0,140"
Defect_L16_B47_el1151_H4_W4.npy,0.03127241428776359,"427,0,0,0,0,2635,0,136,1276,2828,3675,1821,9,213,47,518,0,2,355"
NoiseDefectFree_002740.npy,0.003155931717113757,"44,0,0,0,0,2661,0,163,1210,2893,3643,2437,0,217,29,490,0,0,155"
NoiseDefectFree_002473.npy,0.003658011763018218,"51,0,0,0,0,2664,0,114,1266,2876,3643,2456,0,209,25,483,0,0,155"
Defect_L10_B302_el4153_H2_W2.npy,0.008248457897001864,"108,0,0,0,0,2570,0,170,1230,2893,3643,2434,0,230,32,472,0,0,160"
Defect_L4_B42_el1131_H4_W4.npy,0.07445129823554726,"1034,3,9,6,2,2644,11,158,1234,1897,3639,2168,0,189,43,525,0,0,380"
Defect_L15_B383_el5507_H2_W2.npy,0.0074594749677234255,"101,0,0,0,0,2631,0,178,1229,2887,3551,2443,0,209,59,498,0,0,156"
NoiseDefectFree_004207.npy,0.0035145603213312293,"49,0,0,0,0,2682,0,168,1203,2869,3637,2471,0,211,43,472,0,0,137"
Defect_L12_B94_el4518_H8_W8.npy,0.014273418447855402,"204,0,0,0,0,2659,0,120,1253,2895,3437,2413,0,222,52,472,2,1,212"
NoiseDefectFree_000233.npy,0.0026538516712092956,"37,0,0,0,0,2681,0,129,1245,2879,3628,2451,0,202,46,493,0,0,151"
Defect_L11_B96_el4819_H8_W8.npy,0.04999282742791565,"626,0,0,0,0,2734,0,450,837,2891,2863,2470,0,198,230,537,0,0,106"
Defect_L12_B33_el811_H4_W4.npy,0.05400946779515134,"749,0,0,0,0,2669,0,139,1232,2645,3649,1708,7,206,88,552,0,6,292"
Defect_L4_B350_el4859_H2_W2.npy,0.0059532348300100416,"83,0,0,1,0,2629,2,99,1268,2889,3637,2450,0,206,41,478,0,0,159"
NoiseDefectFree_003597.npy,0.0033711088796442405,"47,0,0,0,0,2685,0,129,1220,2890,3637,2445,0,217,37,495,0,0,140"
Defect_L11_B449_el6207_H2_W2.npy,0.009826423755558743,"128,0,0,0,0,2688,0,171,1183,2885,3347,2475,0,193,236,520,0,0,116"
NoiseDefectFree_004633.npy,0.0026538516712092956,"37,0,0,0,0,2681,0,144,1222,2887,3642,2445,0,208,40,480,0,0,156"
NoiseDefectFree_000126.npy,0.0035145603213312293,"49,0,0,0,0,2654,0,149,1232,2887,3627,2476,0,205,49,491,0,0,123"
Defect_L7_B203_el2507_H2_W2.npy,0.013269258356046478,"177,0,6,1,1,2696,10,134,1214,2732,3655,2468,0,235,20,491,0,0,102"
Defect_L14_B51_el499_H2_W2.npy,0.004590446133983647,"64,0,0,0,0,2639,0,157,1247,2921,3634,2340,0,224,33,514,1,3,165"
NoiseDefectFree_001297.npy,0.0034428346004877347,"48,0,0,0,0,2690,0,141,1218,2874,3628,2453,0,232,37,481,0,0,140"
NoiseDefectFree_001977.npy,0.002510400229522307,"35,0,0,0,0,2670,0,137,1227,2902,3629,2445,0,203,47,498,0,0,149"
Defect_L17_B17_el463_H4_W4.npy,0.06821116052216325,"951,0,0,0,0,2663,0,107,1274,2480,3657,1710,1,223,53,506,0,17,300"
Defect_L5_B102_el2807_H4_W4.npy,0.014129967006168411,"197,0,1,0,0,2456,10,122,1255,2930,3675,2333,0,141,34,460,0,0,328"
Defect_L7_B279_el3823_H2_W2.npy,0.013054081193515995,"175,0,2,2,0,2528,9,164,1185,2906,3647,2449,0,204,45,468,0,0,158"
Defect_L13_B49_el495_H2_W2.npy,0.007316023526036436,"102,0,0,0,0,2695,0,140,1212,2895,3647,2337,0,226,39,491,0,1,157"
NoiseDefectFree_003087.npy,0.0030842059962702625,"43,0,0,0,0,2687,0,128,1222,2891,3647,2455,0,211,34,478,0,0,146"
Defect_L11_B351_el4861_H2_W2.npy,0.005738057667479558,"71,0,0,0,0,2679,0,130,1237,2890,3606,2467,0,225,28,477,0,0,132"
Defect_L15_B346_el4851_H2_W2.npy,0.005307703342418591,"74,0,0,0,0,2659,0,158,1217,2889,3597,2454,0,230,41,493,0,0,130"
Defect_L14_B9_el458_H8_W8.npy,0.12322478840912351,"1718,0,0,0,0,2651,0,116,1262,2215,3670,935,14,203,148,570,1,32,407"
Defect_L14_B74_el3503_H8_W8.npy,0.09037440826280305,"1260,0,0,0,0,2379,0,143,1283,3004,2674,2394,41,92,32,278,1,13,348"
NoiseDefectFree_003346.npy,0.0023669487878353176,"33,0,0,0,0,2664,0,159,1221,2894,3644,2437,0,207,33,480,0,0,170"
Defect_L9_B54_el1463_H4_W4.npy,0.07000430354325061,"975,1,5,1,0,2691,15,138,1220,1927,3666,2082,0,187,72,526,0,0,436"
Defect_L8_B18_el467_H4_W4.npy,0.055802610816238704,"778,0,8,3,1,2680,19,121,1244,2117,3640,2406,0,198,36,515,0,0,176"
Defect_L8_B200_el2501_H2_W2.npy,0.02001147611533496,"279,0,4,2,1,2629,9,126,1236,2685,3639,2451,0,221,35,426,0,0,199"
Defect_L19_B173_el5159_H4_W4.npy,0.03349591163391192,"466,0,0,3,0,2654,0,364,950,2900,3162,2460,7,212,112,474,1,14,163"
NoiseDefectFree_002798.npy,0.002223497346148329,"31,0,0,0,0,2666,0,103,1255,2916,3646,2439,0,227,34,473,0,0,152"
NoiseDefectFree_000919.npy,0.003012480275426768,"42,0,0,0,0,2678,0,130,1227,2894,3639,2454,0,211,31,502,0,0,134"
NoiseDefectFree_001647.npy,0.0020083201836178454,"28,0,0,0,0,2668,0,118,1258,2899,3622,2440,0,219,54,481,0,0,155"
Defect_L2_B105_el1459_H2_W2.npy,0.019509396069430498,"269,3,10,4,1,2671,0,123,1244,2647,3641,2309,0,198,46,543,0,0,233"
Defect_L15_B15_H4_W8.npy,0.038301534930426054,"527,0,0,0,0,2642,0,119,1300,2886,3668,1781,13,229,54,500,0,3,220"
NoiseDefectFree_004622.npy,0.003155931717113757,"44,0,0,0,0,2676,0,127,1233,2891,3623,2457,0,233,47,478,0,0,133"
Defect_L14_B191_el2483_H2_W2.npy,0.011404389614115622,"159,0,0,0,0,2617,0,143,1261,2897,3684,2211,1,73,46,275,1,4,570"
NoiseDefectFree_000365.npy,0.004231817529766174,"59,0,0,0,0,2656,0,132,1249,2875,3634,2467,0,210,45,473,0,0,142"
NoiseDefectFree_002126.npy,0.0029407545545832737,"41,0,0,0,0,2675,0,152,1221,2882,3648,2441,0,211,31,485,0,0,155"
Defect_L13_B106_el5183_H8_W8.npy,0.09919667192655286,"1347,0,0,9,0,2804,0,118,914,2872,2119,2480,44,230,356,429,0,13,207"
Defect_L7_B162_el4531_H4_W4.npy,0.008607086501219337,"114,0,0,4,0,2576,7,145,1221,2905,3637,2458,0,212,36,478,0,0,149"
NoiseDefectFree_000056.npy,0.0033711088796442405,"47,0,0,0,0,2646,0,111,1280,2887,3641,2445,0,232,32,471,0,0,150"
NoiseDefectFree_000639.npy,0.002510400229522307,"35,0,0,0,0,2647,0,159,1241,2889,3636,2441,0,205,43,499,0,0,147"
NoiseDefectFree_000303.npy,0.0024386745086788122,"34,0,0,0,0,2654,0,125,1261,2897,3614,2437,0,196,59,512,0,0,153"
Defect_L14_B201_el2503_H2_W2.npy,0.012623726868455028,"176,0,0,0,0,2636,0,115,1276,2899,3657,2362,1,151,34,352,1,3,279"
NoiseDefectFree_001277.npy,0.003944914646392197,"55,0,0,0,0,2642,0,94,1304,2876,3635,2447,0,209,41,478,0,0,161"
NoiseDefectFree_004433.npy,0.0024386745086788122,"34,0,0,0,0,2686,0,149,1211,2891,3645,2434,0,219,33,496,0,0,144"
NoiseDefectFree_003645.npy,0.003012480275426768,"42,0,0,0,0,2684,0,119,1233,2893,3639,2451,0,220,40,471,0,0,150"
NoiseDefectFree_004144.npy,0.004231817529766174,"59,0,0,0,0,2664,0,118,1261,2869,3621,2455,0,216,51,477,0,0,151"
NoiseDefectFree_002879.npy,0.0030842059962702625,"43,0,0,0,0,2650,0,139,1258,2881,3634,2447,0,220,33,490,0,0,147"
Defect_L18_B83_el2147_H4_W4.npy,0.060321331229378855,"823,0,0,0,0,2589,0,152,1236,2735,3705,1846,4,123,53,258,0,19,399"
Defect_L4_B82_el1129_H2_W2.npy,0.032276574379572515,"449,0,7,2,2,2652,4,123,1261,2471,3641,2410,0,216,37,494,0,0,173"
Defect_L9_B336_el4533_H2_W2.npy,0.004590446133983647,"64,0,0,4,0,2621,0,138,1237,2908,3641,2443,0,213,34,507,0,0,132"
Defect_L3_B332_el4525_H2_W2.npy,0.006096686271697031,"84,0,2,2,0,2615,3,149,1224,2892,3642,2433,0,192,48,494,0,0,162"
Defect_L18_B235_el3153_H2_W2.npy,0.0104002295223067,"143,0,0,0,0,2655,0,124,1235,2919,3450,2475,1,127,35,355,2,2,419"
NoiseDefectFree_002594.npy,0.0026538516712092956,"37,0,0,0,0,2647,0,117,1275,2895,3623,2469,0,230,43,460,0,0,146"
NoiseDefectFree_002394.npy,0.0024386745086788122,"34,0,0,0,0,2655,0,88,1291,2903,3645,2454,0,220,31,478,0,0,143"
NoiseDefectFree_000524.npy,0.0027973031128962845,"39,0,0,0,0,2655,0,145,1236,2896,3628,2453,0,210,48,516,0,0,116"
Defect_L10_B265_el3511_H2_W2.npy,0.01520585281882083,"208,0,2,1,0,2402,3,153,1233,2969,3650,2455,0,209,37,435,0,0,185"
Defect_L10_B132_el1797_H2_W2.npy,0.009109166547123798,"118,0,1,0,0,2654,0,165,1222,2811,3640,2366,0,176,42,546,0,0,201"
Defect_L8_B26_el165_H2_W2.npy,0.019796298952804475,"276,0,6,1,3,2648,4,150,1222,2661,3652,2455,0,207,30,474,0,0,153"
NoiseDefectFree_003901.npy,0.002223497346148329,"31,0,0,0,0,2729,0,134,1187,2890,3642,2453,0,219,29,485,0,0,143"
Defect_L16_B61_el2838_H8_W8.npy,0.04088366088079185,"567,0,0,0,0,2551,0,127,1282,2904,3499,2176,0,17,54,226,1,2,536"
Defect_L2_B290_el3845_H2_W2.npy,0.017214173002438674,"235,7,4,6,0,2428,1,148,1236,2940,3601,2457,0,192,28,466,0,0,193"
Defect_L9_B88_el1141_H2_W2.npy,0.032276574379572515,"450,0,2,0,1,2651,6,111,1278,2472,3630,2430,0,204,46,507,0,0,154"
Defect_L18_B70_el1811_H4_W4.npy,0.0597475254626309,"815,0,0,0,0,2641,0,165,1221,2661,3725,1649,3,206,43,387,0,19,407"
Defect_L11_B24_el161_H2_W2.npy,0.0035145603213312293,"46,0,0,0,0,2671,0,152,1212,2926,3652,2376,0,220,35,485,0,0,167"
Defect_L8_B106_el2839_H4_W4.npy,0.02646679099124946,"369,0,7,4,0,2406,9,123,1242,2814,3636,2439,0,226,48,389,0,0,230"
NoiseDefectFree_000672.npy,0.00208004590446134,"29,0,0,0,0,2690,0,151,1196,2905,3635,2458,0,217,47,469,0,0,145"
NoiseDefectFree_004189.npy,0.003299383158800746,"46,0,0,0,0,2690,0,143,1218,2874,3643,2460,0,194,40,494,0,0,140"
NoiseDefectFree_000667.npy,0.0026538516712092956,"37,0,0,0,0,2655,0,130,1254,2895,3658,2449,0,198,23,480,0,0,163"
NoiseDefectFree_003267.npy,0.002510400229522307,"35,0,0,0,0,2665,0,150,1242,2879,3643,2439,0,216,39,510,0,0,124"
NoiseDefectFree_001888.npy,0.003299383158800746,"46,0,0,0,0,2643,0,141,1252,2889,3639,2436,0,224,38,493,0,0,141"
Defect_L2_B59_el2817_H8_W8.npy,0.07767895567350452,"1084,5,7,7,2,1968,20,114,1256,2611,3547,2213,0,78,60,343,0,0,627"
Defect_L16_B50_el1163_H4_W4.npy,0.024099842203414143,"327,0,0,0,0,2667,0,155,1215,2844,3649,1986,10,210,49,560,0,3,267"
Defect_L6_B72_el3489_H8_W8.npy,0.09231100272557739,"1240,0,1,4,1,1538,30,137,1206,3064,3407,2357,0,163,62,360,0,0,372"
Defect_L19_B107_el2843_H4_W4.npy,0.027757853966432364,"385,0,0,0,0,2578,0,127,1278,2779,3672,2388,10,116,36,228,1,6,338"
Defect_L13_B28_el1165_H8_W8.npy,0.13183187491034284,"1797,0,0,0,0,2620,0,111,1286,2181,3758,881,43,149,76,589,2,12,437"
Defect_L18_B286_el3837_H2_W2.npy,0.020226653277865443,"274,0,0,0,0,2630,0,115,1249,2883,3350,2456,1,239,43,408,1,8,285"
Defect_L3_B23_el159_H2_W2.npy,0.019652847511117486,"271,1,10,4,1,2658,1,127,1256,2642,3643,2442,0,216,35,466,0,0,169"
Defect_L14_B207_el2515_H2_W2.npy,0.009252617988810788,"129,0,0,0,0,2676,0,139,1223,2887,3645,2386,0,168,46,397,1,1,244"
NoiseDefectFree_000761.npy,0.003944914646392197,"55,0,0,0,0,2677,0,144,1219,2876,3646,2461,0,225,27,480,0,0,132"
Defect_L12_B59_el1483_H4_W4.npy,0.05221632477406398,"728,0,0,0,0,2682,0,160,1221,2685,3687,1556,9,201,55,586,0,5,367"
NoiseDefectFree_001907.npy,0.0027973031128962845,"39,0,0,0,0,2649,0,85,1312,2886,3625,2451,0,214,58,483,0,0,140"
NoiseDefectFree_003819.npy,0.005738057667479558,"80,0,0,0,0,2691,0,160,1187,2853,3645,2459,0,213,33,496,0,0,125"
Defect_L16_B83_el1131_H2_W2.npy,0.009754698034715249,"128,0,0,0,0,2670,0,145,1217,2868,3651,2283,0,203,37,505,1,1,233"
NoiseDefectFree_004301.npy,0.0026538516712092956,"37,0,0,0,0,2693,0,122,1221,2898,3638,2424,0,220,39,471,0,0,179"
Defect_L3_B51_el1167_H4_W4.npy,0.05257495337828145,"721,4,15,5,0,2678,9,130,1240,2243,3627,2260,0,233,37,594,0,0,146"
Defect_L17_B78_el837_H2_W2.npy,0.0104002295223067,"145,0,0,0,0,2653,0,136,1235,2876,3665,2323,1,216,28,475,1,7,181"
NoiseDefectFree_004165.npy,0.0035145603213312293,"49,0,0,0,0,2685,0,161,1193,2883,3634,2458,0,218,42,493,0,0,126"
Defect_L5_B2_el117_H2_W2.npy,0.03708219767608664,"512,0,2,0,5,2678,5,151,1206,2412,3637,2440,0,205,34,508,0,0,147"
NoiseDefectFree_003580.npy,0.003012480275426768,"42,0,0,0,0,2669,0,152,1215,2893,3626,2451,0,211,49,494,0,0,140"
NoiseDefectFree_002833.npy,0.0023669487878353176,"33,0,0,0,0,2677,0,160,1209,2892,3631,2441,0,210,40,500,0,0,149"
Defect_L2_B130_el1509_H2_W2.npy,0.017859704490030125,"246,4,8,3,1,2683,0,127,1232,2690,3637,2387,0,221,39,535,0,0,129"
NoiseDefectFree_003473.npy,0.0038014632047052074,"53,0,0,0,0,2653,0,135,1236,2894,3640,2471,0,202,34,482,0,0,142"
Defect_L6_B175_el2167_H2_W2.npy,0.013269258356046478,"184,0,0,0,4,2668,7,138,1241,2729,3633,2478,0,226,36,496,0,0,102"
NoiseDefectFree_000138.npy,0.0037297374838617127,"52,0,0,0,0,2644,0,110,1288,2877,3628,2442,0,212,39,497,0,0,153"
Defect_L8_B118_el5841_H8_W8.npy,0.10335676373547555,"1441,2,3,11,0,2635,61,113,196,2904,3049,2452,0,207,222,439,0,0,207"
NoiseDefectFree_004893.npy,0.0023669487878353176,"33,0,0,0,0,2671,0,172,1193,2902,3671,2450,0,224,20,464,0,0,142"
NoiseDefectFree_002181.npy,0.0037297374838617127,"52,0,0,0,0,2640,0,146,1252,2881,3651,2451,0,218,20,502,0,0,129"
Defect_L15_B44_el2138_H8_W8.npy,0.10665614689427629,"1471,0,0,0,0,2573,0,161,1226,2465,3782,1597,48,32,91,151,0,2,343"
NoiseDefectFree_003178.npy,0.002869028833739779,"40,0,0,0,0,2637,0,127,1276,2891,3652,2441,0,203,27,520,0,0,128"
NoiseDefectFree_004855.npy,0.002582125950365801,"36,0,0,0,0,2646,0,110,1275,2904,3631,2436,0,215,31,496,0,0,162"
NoiseDefectFree_004638.npy,0.0030842059962702625,"43,0,0,0,0,2677,0,131,1239,2881,3624,2421,0,217,51,494,0,0,164"
Defect_L7_B32_el1480_H8_W8.npy,0.09317171137569932,"1255,1,8,2,0,2628,48,130,1305,1686,3669,1930,0,166,52,569,0,0,493"
Defect_L10_B20_el822_H8_W8.npy,0.08908334528762014,"1219,0,10,4,0,2675,17,115,1272,1787,3669,1995,0,184,79,528,0,0,388"
NoiseDefectFree_004262.npy,0.0037297374838617127,"52,0,0,0,0,2678,0,144,1221,2876,3637,2451,0,198,41,507,0,0,137"
NoiseDefectFree_001332.npy,0.0029407545545832737,"41,0,0,0,0,2642,0,104,1299,2885,3619,2458,0,230,51,499,0,0,114"
Defect_L6_B54_el789_H2_W2.npy,0.022019796298952805,"306,0,0,0,5,2643,4,117,1269,2627,3623,2440,0,220,43,475,0,0,170"
Defect_L17_B264_el3509_H2_W2.npy,0.01520585281882083,"212,0,0,0,0,2641,0,133,1235,2911,3463,2436,2,246,34,312,1,9,307"
Defect_L2_B420_el5865_H2_W2.npy,0.013412709797733468,"185,4,3,13,0,2941,2,252,714,2873,3603,2456,0,201,61,497,0,0,137"
Defect_L5_B364_el5171_H2_W2.npy,0.009324343709654282,"130,0,4,1,0,2494,5,281,1162,2894,3609,2463,0,213,57,482,0,0,147"
Defect_L8_B154_el1841_H2_W2.npy,0.014847224214603357,"207,0,4,1,3,2662,8,117,1265,2704,3634,2418,0,228,32,505,0,0,154"
Defect_L5_B73_el1823_H4_W4.npy,0.0416009180892268,"578,0,1,1,3,2665,14,110,1259,2340,3646,2366,0,242,26,528,0,0,163"
NoiseDefectFree_004531.npy,0.0038014632047052074,"53,0,0,0,0,2686,0,136,1230,2866,3621,2452,0,219,53,473,0,0,153"
NoiseDefectFree_004674.npy,0.0027255773920527903,"38,0,0,0,0,2631,0,154,1257,2891,3629,2457,0,209,36,480,0,0,160"
Defect_L17_B150_el1833_H2_W2.npy,0.014990675656290345,"209,0,0,0,0,2665,0,142,1232,2843,3649,2195,0,226,40,543,2,7,189"
NoiseDefectFree_001253.npy,0.003012480275426768,"42,0,0,0,0,2641,0,106,1280,2902,3639,2433,0,217,36,500,0,0,146"
NoiseDefectFree_003375.npy,0.0026538516712092956,"37,0,0,0,0,2642,0,120,1274,2898,3641,2450,0,209,39,495,0,0,137"
NoiseDefectFree_002815.npy,0.0024386745086788122,"34,0,0,0,0,2670,0,137,1224,2906,3654,2449,0,203,24,492,0,0,149"
NoiseDefectFree_004720.npy,0.0023669487878353176,"33,0,0,0,0,2637,0,137,1269,2895,3643,2451,0,235,30,484,0,0,128"
Defect_L18_B442_el6193_H2_W2.npy,0.013986515564481423,"188,0,0,0,0,2666,0,163,1205,2894,3155,2447,2,223,358,501,2,7,131"
NoiseDefectFree_004859.npy,0.0030842059962702625,"43,0,0,0,0,2637,0,128,1274,2889,3650,2468,0,215,28,486,0,0,124"
Defect_L17_B60_el801_H2_W2.npy,0.015636207143881795,"218,0,0,0,0,2677,0,124,1240,2805,3642,2244,0,231,42,495,2,7,215"
Defect_L12_B335_el4531_H2_W2.npy,0.005092526179888108,"71,0,0,0,0,2654,0,90,1283,2906,3597,2440,0,214,47,475,0,0,165"
Defect_L13_B125_el1499_H2_W2.npy,0.01154784105580261,"161,0,0,0,0,2657,0,150,1233,2874,3655,2189,0,210,37,566,0,1,209"
NoiseDefectFree_001078.npy,0.0032276574379572513,"45,0,0,0,0,2682,0,135,1232,2877,3630,2443,0,228,39,500,0,0,131"
NoiseDefectFree_004364.npy,0.0035145603213312293,"49,0,0,0,0,2660,0,130,1251,2881,3643,2422,0,230,30,504,0,0,142"
NoiseDefectFree_000771.npy,0.003155931717113757,"44,0,0,0,0,2672,0,125,1251,2879,3614,2460,0,215,55,494,0,0,133"
Defect_L15_B387_el5515_H2_W2.npy,0.007316023526036436,"99,0,0,0,0,2663,0,113,1264,2894,3572,2457,0,219,37,481,0,0,143"
NoiseDefectFree_000250.npy,0.0032276574379572513,"45,0,0,0,0,2672,0,136,1235,2883,3645,2429,0,227,41,472,0,0,157"
Defect_L9_B132_el3811_H4_W4.npy,0.04325060966862717,"602,1,3,3,0,1789,14,136,1244,3215,3549,2395,0,166,39,398,0,0,388"
NoiseDefectFree_003420.npy,0.0030842059962702625,"43,0,0,0,0,2662,0,112,1263,2891,3638,2429,0,227,39,474,0,0,164"
NoiseDefectFree_004977.npy,0.003873188925548702,"54,0,0,0,0,2663,0,146,1235,2873,3639,2456,0,208,38,479,0,0,151"
NoiseDefectFree_004545.npy,0.0017214173002438674,"24,0,0,0,0,2668,0,132,1237,2910,3633,2454,0,208,34,485,0,0,157"
Defect_L13_B316_el4195_H2_W2.npy,0.009898149476402237,"138,0,0,0,0,2642,0,109,1281,2882,3535,2452,0,233,34,467,2,0,167"
Defect_L13_B196_el2493_H2_W2.npy,0.013054081193515995,"181,0,0,0,0,2657,0,160,1210,2902,3677,2227,1,108,42,279,0,2,496"
NoiseDefectFree_000717.npy,0.003586286042174724,"50,0,0,0,0,2676,0,138,1225,2882,3648,2445,0,217,34,490,0,0,137"
Defect_L8_B124_el3495_H4_W4.npy,0.05673504518720413,"791,0,7,3,0,1778,22,113,1269,3051,3492,2410,0,190,59,377,0,0,380"
NoiseDefectFree_002049.npy,0.002510400229522307,"35,0,0,0,0,2648,0,140,1238,2910,3623,2442,0,214,50,507,0,0,135"
Defect_L6_B292_el3849_H2_W2.npy,0.011404389614115622,"156,0,0,3,0,2559,9,142,1218,2884,3630,2458,0,230,36,501,0,0,116"
Defect_L17_B133_el3815_H4_W4.npy,0.04647826710658442,"648,0,0,0,0,2489,0,142,1280,2980,2958,2410,4,207,41,293,1,17,472"
Defect_L12_B323_el4493_H2_W2.npy,0.004949074738201119,"69,0,0,0,0,2685,0,172,1197,2865,3622,2432,0,218,38,494,0,0,150"
NoiseDefectFree_004179.npy,0.003873188925548702,"54,0,0,0,0,2683,0,128,1227,2879,3628,2443,0,213,47,493,0,0,147"
NoiseDefectFree_004810.npy,0.0022952230669918234,"32,0,0,0,0,2653,0,111,1278,2897,3645,2454,0,219,36,486,0,0,131"
Defect_L10_B226_el2851_H2_W2.npy,0.010471955243150194,"137,0,2,0,0,2617,1,138,1209,2868,3636,2452,0,223,39,451,0,0,169"
Defect_L10_B370_el5197_H2_W2.npy,0.009754698034715249,"134,0,0,3,1,2747,1,126,1075,2884,3646,2466,0,205,34,496,0,0,124"
Defect_L3_B426_el5877_H2_W2.npy,0.00961124659302826,"132,4,3,12,0,2933,2,279,726,2885,3603,2444,0,208,59,502,0,0,150"
NoiseDefectFree_001461.npy,0.003586286042174724,"50,0,0,0,0,2642,0,149,1248,2882,3655,2437,0,211,31,488,0,0,149"
Defect_L4_B132_el1797_H2_W2.npy,0.01520585281882083,"210,0,7,4,2,2633,4,96,1304,2711,3641,2308,0,185,44,557,0,0,236"
NoiseDefectFree_002001.npy,0.0027973031128962845,"39,0,0,0,0,2684,0,117,1241,2890,3641,2451,0,209,37,478,0,0,155"
Defect_L3_B62_el1495_H4_W4.npy,0.05379429063262086,"740,4,14,5,1,2661,9,109,1265,2250,3635,2241,0,224,39,603,0,0,142"
NoiseDefectFree_000405.npy,0.0027973031128962845,"39,0,0,0,0,2715,0,146,1193,2878,3649,2436,0,224,24,495,0,0,143"
NoiseDefectFree_000385.npy,0.0027973031128962845,"39,0,0,0,0,2654,0,160,1223,2895,3648,2448,0,199,36,489,0,0,151"
Defect_L19_B132_el3811_H4_W4.npy,0.046693444269114905,"640,0,0,0,0,2423,0,105,1276,3043,2963,2411,6,189,28,293,0,10,555"
Defect_L5_B269_el3519_H2_W2.npy,0.010041600918089227,"138,0,3,1,2,2535,6,136,1244,2906,3631,2470,0,225,34,506,0,0,105"
NoiseDefectFree_001634.npy,0.0013627886960263951,"19,0,0,0,0,2650,0,134,1249,2919,3630,2452,0,202,49,508,0,0,130"
Defect_L16_B31_el1473_H8_W8.npy,0.10034428346004877,"1386,0,0,0,0,2668,0,131,1248,2418,3762,1262,56,146,78,420,0,7,360"
NoiseDefectFree_004785.npy,0.0030842059962702625,"43,0,0,0,0,2638,0,114,1294,2882,3645,2452,0,220,30,494,0,0,130"
Defect_L10_B336_el4533_H2_W2.npy,0.005235977621575097,"67,0,0,0,0,2609,0,141,1264,2891,3656,2468,0,207,19,473,0,0,147"
Defect_L10_B359_el5161_H2_W2.npy,0.007746377851097404,"103,0,0,6,0,2669,0,196,1113,2884,3627,2462,0,235,39,467,0,0,141"
NoiseDefectFree_003926.npy,0.0026538516712092956,"37,0,0,0,0,2688,0,121,1224,2901,3633,2464,0,204,48,511,0,0,111"
NoiseDefectFree_004159.npy,0.002582125950365801,"36,0,0,0,0,2652,0,126,1266,2891,3659,2460,0,206,24,474,0,0,148"
Defect_L2_B301_el4151_H2_W2.npy,0.007387749246879931,"103,0,4,5,0,2564,5,115,1262,2913,3644,2416,0,199,36,471,0,0,205"
Defect_L12_B135_el1803_H2_W2.npy,0.009826423755558743,"137,0,0,0,0,2690,0,96,1255,2872,3653,1976,0,179,58,566,0,1,459"
NoiseDefectFree_002194.npy,0.0030842059962702625,"43,0,0,0,0,2649,0,151,1248,2880,3644,2460,0,219,34,471,0,0,143"
NoiseDefectFree_001016.npy,0.003155931717113757,"44,0,0,0,0,2682,0,142,1218,2885,3630,2430,0,223,33,517,0,0,138"
Defect_L8_B171_el4867_H4_W4.npy,0.00961124659302826,"134,0,2,1,0,2677,6,175,1070,2913,3621,2436,0,213,53,511,0,0,130"
Defect_L11_B205_el5871_H4_W4.npy,0.023023956390761727,"302,0,0,0,0,2977,0,233,824,2890,2941,2443,3,207,465,491,1,0,165"
Defect_L6_B7_el127_H2_W2.npy,0.031487591450294075,"438,0,3,0,3,2662,5,131,1238,2491,3639,2439,0,200,43,481,0,0,169"
Defect_L19_B60_el1487_H4_W4.npy,0.051785970449003016,"713,0,0,0,0,2698,0,135,1240,2663,3661,1613,3,220,77,432,1,15,471"
NoiseDefectFree_002872.npy,0.0034428346004877347,"48,0,0,0,0,2638,0,130,1269,2886,3634,2440,0,208,42,499,0,0,148"
NoiseDefectFree_000010.npy,0.002582125950365801,"36,0,0,0,0,2709,0,154,1186,2886,3658,2444,0,219,23,479,0,0,148"
NoiseDefectFree_001839.npy,0.004303543250609668,"60,0,0,0,0,2658,0,147,1232,2874,3639,2458,0,229,36,482,0,0,127"
NoiseDefectFree_004805.npy,0.0024386745086788122,"34,0,0,0,0,2640,0,143,1258,2896,3639,2471,0,202,41,493,0,0,125"
NoiseDefectFree_000256.npy,0.004303543250609668,"60,0,0,0,0,2679,0,128,1236,2868,3641,2438,0,212,36,500,0,0,144"
Defect_L10_B33_el463_H2_W2.npy,0.03285038014632047,"449,0,0,0,0,2708,0,117,1229,2468,3643,2439,0,197,38,493,0,0,161"
Defect_L3_B257_el3495_H2_W2.npy,0.017285898723282168,"240,8,3,6,0,2216,1,121,1265,3136,3610,2446,0,198,31,432,0,0,229"
NoiseDefectFree_003325.npy,0.003155931717113757,"44,0,0,0,0,2659,0,111,1267,2890,3655,2456,0,204,27,467,0,0,162"
Defect_L4_B29_el455_H2_W2.npy,0.043680963993688135,"607,1,8,3,2,2655,1,130,1262,2302,3654,2419,0,222,29,506,0,0,141"
NoiseDefectFree_001582.npy,0.0023669487878353176,"33,0,0,0,0,2679,0,152,1205,2902,3643,2438,0,202,43,490,0,0,155"
NoiseDefectFree_000925.npy,0.002582125950365801,"36,0,0,0,0,2662,0,121,1256,2896,3654,2447,0,212,37,472,0,0,149"
NoiseDefectFree_002780.npy,0.0026538516712092956,"37,0,0,0,0,2676,0,129,1231,2898,3667,2463,0,197,19,498,0,0,127"
Defect_L18_B163_el2143_H2_W2.npy,0.012623726868455028,"168,0,0,0,0,2625,0,138,1259,2885,3677,2046,2,141,37,424,1,8,531"
Defect_L12_B129_el6205_H8_W8.npy,0.09955530053077033,"1388,0,0,2,0,3049,0,184,375,2891,2665,2439,67,221,21,496,1,2,141"
Defect_L5_B199_el2499_H2_W2.npy,0.015923110027255775,"219,0,2,1,3,2622,6,169,1237,2712,3640,2464,0,219,32,479,0,0,137"
Defect_L3_B155_el1843_H2_W2.npy,0.014990675656290345,"206,2,7,6,1,2704,1,161,1172,2723,3620,2391,0,226,45,551,0,0,126"
Defect_L12_B122_el3487_H4_W4.npy,0.04870176445273275,"679,0,0,0,0,2455,0,163,1208,3074,3133,2394,11,115,47,299,0,1,363"
Defect_L4_B373_el5203_H2_W2.npy,0.007818103571940897,"109,0,1,4,1,2752,7,123,1090,2884,3651,2464,0,209,29,494,0,0,124"
NoiseDefectFree_003776.npy,0.0030842059962702625,"43,0,0,0,0,2683,0,120,1245,2880,3646,2440,0,212,37,509,0,0,127"
NoiseDefectFree_004836.npy,0.003299383158800746,"46,0,0,0,0,2660,0,164,1211,2890,3649,2456,0,212,25,490,0,0,139"
NoiseDefectFree_004965.npy,0.0026538516712092956,"37,0,0,0,0,2651,0,166,1217,2900,3641,2457,0,207,37,489,0,0,140"
NoiseDefectFree_000540.npy,0.0027973031128962845,"39,0,0,0,0,2714,0,138,1205,2875,3657,2453,0,218,26,491,0,0,126"
Defect_L2_B96_el1157_H2_W2.npy,0.025175728016066563,"349,2,9,5,1,2711,0,142,1191,2576,3629,2381,0,230,41,487,0,0,188"
NoiseDefectFree_002746.npy,0.0018648687419308564,"26,0,0,0,0,2657,0,148,1237,2903,3630,2450,0,213,46,489,0,0,143"
NoiseDefectFree_003720.npy,0.003299383158800746,"46,0,0,0,0,2672,0,125,1224,2904,3642,2430,0,219,40,486,0,0,154"
Defect_L2_B6_el135_H4_W4.npy,0.044326495481279586,"614,4,21,1,1,2645,5,172,1213,2317,3662,2386,0,206,25,483,0,0,187"
Defect_L8_B47_el2159_H8_W8.npy,0.10385884378138001,"1448,1,9,7,0,2413,55,126,1243,1921,3759,1963,0,45,39,311,0,0,602"
NoiseDefectFree_004469.npy,0.003658011763018218,"51,0,0,0,0,2655,0,132,1261,2872,3631,2440,0,211,46,501,0,0,142"
NoiseDefectFree_000668.npy,0.0033711088796442405,"47,0,0,0,0,2676,0,122,1244,2882,3626,2443,0,204,47,512,0,0,139"
Defect_L14_B36_el1795_H8_W8.npy,0.15930282599340123,"2221,0,0,0,0,2604,0,103,1235,1985,3917,1257,40,33,115,137,1,18,276"
Defect_L7_B136_el1805_H2_W2.npy,0.020083201836178455,"274,0,5,0,2,2660,8,118,1276,2628,3644,2354,0,201,41,471,0,0,260"
Defect_L19_B128_el3511_H4_W4.npy,0.04963419882369818,"677,0,0,1,0,2543,0,149,1259,2835,3099,2427,6,253,44,201,0,9,439"
NoiseDefectFree_001354.npy,0.0027255773920527903,"38,0,0,0,0,2668,0,157,1218,2890,3651,2450,0,204,26,498,0,0,142"
Defect_L15_B299_el4147_H2_W2.npy,0.004303543250609668,"58,0,0,0,0,2662,0,134,1238,2903,3613,2448,0,219,33,469,0,0,165"
Defect_L10_B186_el5511_H4_W4.npy,0.0389470664180175,"542,0,2,7,0,2656,12,219,675,2900,3487,2428,0,234,145,469,0,0,166"
Defect_L7_B128_el6198_H8_W8.npy,0.09145029407545546,"1224,0,5,13,0,2893,61,13,203,2874,3162,2460,0,203,196,480,0,0,155"
NoiseDefectFree_002704.npy,0.0030842059962702625,"43,0,0,0,0,2690,0,146,1215,2877,3641,2461,0,207,27,506,0,0,129"
NoiseDefectFree_003331.npy,0.0032276574379572513,"45,0,0,0,0,2682,0,142,1206,2896,3652,2421,0,215,28,534,0,0,121"
Defect_L17_B231_el3145_H2_W2.npy,0.007889829292784393,"110,0,0,0,0,2667,0,132,1230,2890,3496,2448,0,178,44,413,0,5,329"
NoiseDefectFree_003585.npy,0.0033711088796442405,"47,0,0,0,0,2641,0,146,1233,2904,3655,2453,0,223,32,458,0,0,150"
Defect_L3_B331_el4523_H2_W2.npy,0.006240137713384019,"86,0,3,2,0,2569,1,155,1251,2904,3662,2438,0,213,18,466,0,0,174"
Defect_L11_B4_el136_H8_W8.npy,0.07416439535217328,"1030,0,0,0,0,2696,0,122,1229,2545,3663,1507,42,205,113,530,0,0,260"
NoiseDefectFree_003377.npy,0.0038014632047052074,"53,0,0,0,0,2661,0,160,1223,2874,3632,2447,0,219,46,469,0,0,158"
NoiseDefectFree_001257.npy,0.003012480275426768,"42,0,0,0,0,2661,0,174,1196,2898,3634,2439,0,213,40,504,0,0,141"
Defect_L13_B101_el2803_H4_W4.npy,0.018863864581839047,"256,0,0,0,0,2533,0,148,1245,2977,3579,2241,7,39,46,150,2,4,715"
Defect_L4_B279_el3823_H2_W2.npy,0.0116912924974896,"162,1,3,3,1,2497,6,176,1191,2931,3656,2441,0,204,32,465,0,0,173"
NoiseDefectFree_004176.npy,0.0033711088796442405,"47,0,0,0,0,2665,0,115,1267,2877,3647,2464,0,212,35,480,0,0,133"
NoiseDefectFree_004911.npy,0.0029407545545832737,"41,0,0,0,0,2675,0,106,1265,2884,3629,2443,0,223,37,477,0,0,162"
NoiseDefectFree_001853.npy,0.0022952230669918234,"32,0,0,0,0,2661,0,135,1258,2885,3649,2433,0,234,24,472,0,0,159"
Defect_L12_B389_el5519_H2_W2.npy,0.012982355472672501,"181,0,0,0,0,2718,0,198,1119,2891,3466,2448,0,207,67,497,0,0,150"
Defect_L3_B298_el3861_H2_W2.npy,0.011906469660020083,"164,2,5,7,0,2534,3,124,1264,2885,3606,2435,0,233,44,481,0,0,155"
NoiseDefectFree_002106.npy,0.0026538516712092956,"37,0,0,0,0,2677,0,161,1202,2894,3642,2460,0,226,25,469,0,0,149"
NoiseDefectFree_000134.npy,0.0017214173002438674,"24,0,0,0,0,2649,0,110,1287,2901,3655,2433,0,204,34,490,0,0,155"
Defect_L3_B123_el3491_H4_W4.npy,0.05702194807057811,"788,5,10,12,0,1815,13,118,1242,3065,3503,2391,0,151,44,408,0,0,377"
NoiseDefectFree_000929.npy,0.0029407545545832737,"41,0,0,0,0,2657,0,147,1234,2892,3635,2427,0,220,37,514,0,0,138"
NoiseDefectFree_000824.npy,0.0014345144168698895,"20,0,0,0,0,2637,0,119,1276,2919,3628,2471,0,223,43,492,0,0,114"
Defect_L8_B57_el1475_H4_W4.npy,0.0623296514129967,"869,0,7,1,1,2668,18,122,1250,2036,3651,2131,0,170,51,537,0,0,430"
NoiseDefectFree_001532.npy,0.003944914646392197,"55,0,0,0,0,2681,0,126,1237,2872,3635,2436,0,233,46,462,0,0,159"
NoiseDefectFree_001215.npy,0.0033711088796442405,"47,0,0,0,0,2682,0,127,1234,2881,3657,2455,0,215,24,481,0,0,139"
NoiseDefectFree_000505.npy,0.0029407545545832737,"41,0,0,0,0,2707,0,142,1191,2890,3645,2447,0,222,29,499,0,0,129"
Defect_L18_B100_el1165_H2_W2.npy,0.01585138430641228,"213,0,0,0,0,2652,0,140,1247,2818,3663,2242,1,224,33,522,1,8,178"
NoiseDefectFree_003073.npy,0.0030842059962702625,"43,0,0,0,0,2635,0,157,1240,2896,3661,2448,0,220,17,489,0,0,136"
Defect_L3_B352_el4863_H2_W2.npy,0.005307703342418591,"74,0,0,5,0,2646,4,110,1219,2913,3639,2439,0,223,37,494,0,0,139"
Defect_L2_B401_el5827_H2_W2.npy,0.006742217759288481,"90,5,4,9,0,2831,1,582,551,2898,3596,2462,0,209,82,478,0,0,144"
Defect_L5_B316_el4195_H2_W2.npy,0.0074594749677234255,"104,0,4,4,0,2580,4,149,1239,2887,3639,2435,0,216,28,478,0,0,175"
Defect_L3_B436_el6181_H2_W2.npy,0.008391909338688854,"116,5,2,9,1,2845,2,538,541,2912,3612,2449,0,233,61,474,0,0,142"
NoiseDefectFree_003710.npy,0.003155931717113757,"44,0,0,0,0,2657,0,131,1240,2899,3627,2434,0,210,56,499,0,0,145"
NoiseDefectFree_004850.npy,0.002869028833739779,"40,0,0,0,0,2656,0,145,1234,2896,3650,2455,0,206,30,504,0,0,126"
NoiseDefectFree_004749.npy,0.004446994692296658,"62,0,0,0,0,2686,0,148,1223,2852,3640,2454,0,233,33,483,0,0,128"
NoiseDefectFree_004269.npy,0.002510400229522307,"35,0,0,0,0,2660,0,175,1193,2908,3632,2454,0,202,39,492,0,0,152"
Defect_L9_B39_el835_H4_W4.npy,0.055085353607803755,"767,1,6,1,0,2685,15,140,1234,2161,3627,2320,0,219,60,549,0,0,157"
Defect_L4_B321_el4489_H2_W2.npy,0.005235977621575097,"73,0,0,0,0,2625,3,151,1242,2877,3633,2446,0,224,47,474,0,0,147"
NoiseDefectFree_004187.npy,0.003155931717113757,"44,0,0,0,0,2682,0,135,1222,2888,3632,2445,0,211,39,488,0,0,156"
Defect_L5_B59_el1483_H4_W4.npy,0.04611963850236695,"639,0,3,1,4,2644,13,152,1250,2265,3627,2397,0,219,41,479,0,0,208"
NoiseDefectFree_002924.npy,0.0018648687419308564,"26,0,0,0,0,2676,0,125,1242,2902,3650,2456,0,212,32,494,0,0,127"
Defect_L5_B19_el815_H8_W8.npy,0.07430784679386028,"1031,0,4,7,5,2722,28,148,1222,1804,3622,2382,0,186,40,513,0,0,228"
NoiseDefectFree_001811.npy,0.0022952230669918234,"32,0,0,0,0,2673,0,123,1244,2899,3637,2453,0,222,35,488,0,0,136"
NoiseDefectFree_003487.npy,0.0029407545545832737,"41,0,0,0,0,2667,0,128,1241,2894,3647,2459,0,224,32,494,0,0,115"
Defect_L13_B102_el2807_H4_W4.npy,0.016066561468942763,"218,0,0,0,0,2602,0,112,1250,2964,3613,2238,6,48,47,178,0,0,666"
NoiseDefectFree_003142.npy,0.003658011763018218,"51,0,0,0,0,2678,0,156,1209,2877,3633,2460,0,200,38,504,0,0,136"
Defect_L16_B76_el3517_H8_W8.npy,0.06907186917228518,"958,0,0,0,0,2206,0,193,1164,3279,2831,2467,49,175,66,272,1,7,274"
NoiseDefectFree_001325.npy,0.002869028833739779,"40,0,0,0,0,2642,0,128,1273,2888,3638,2449,0,214,30,482,0,0,158"
NoiseDefectFree_004313.npy,0.002869028833739779,"40,0,0,0,0,2680,0,162,1192,2897,3638,2433,0,209,44,468,0,0,179"
Defect_L18_B147_el4155_H4_W4.npy,0.0389470664180175,"532,0,0,0,0,2530,0,177,1223,2965,3061,2430,8,194,21,344,0,11,446"
Defect_L15_B194_el2489_H2_W2.npy,0.008033280734471382,"110,0,0,0,0,2679,0,144,1217,2886,3669,2305,0,120,34,304,1,0,473"
Defect_L5_B21_el829_H8_W8.npy,0.08363219050351456,"1164,0,11,11,2,2698,21,122,1266,1682,3629,2242,0,203,37,583,0,0,271"
Defect_L11_B240_el3177_H2_W2.npy,0.010902309568211161,"143,0,0,0,0,2648,0,163,1212,2908,3648,2440,0,214,31,308,1,0,226"
Defect_L12_B198_el5843_H4_W4.npy,0.04253335246019223,"593,0,0,0,0,2753,0,448,855,2879,2836,2447,18,222,254,470,1,0,166"
Defect_L2_B56_el793_H2_W2.npy,0.03701047195524315,"513,3,8,5,1,2677,0,149,1217,2402,3628,2401,0,225,44,490,0,0,179"
NoiseDefectFree_001541.npy,0.002869028833739779,"40,0,0,0,0,2658,0,131,1246,2896,3645,2458,0,216,35,461,0,0,156"
Defect_L2_B174_el5163_H4_W4.npy,0.035289054654999284,"488,5,5,22,0,2461,12,374,771,2896,3513,2449,0,211,104,486,0,0,145"
NoiseDefectFree_002682.npy,0.0027255773920527903,"38,0,0,0,0,2687,0,119,1249,2878,3639,2454,0,211,43,465,0,0,159"
Defect_L11_B200_el2501_H2_W2.npy,0.011260938172428634,"148,0,0,0,0,2624,0,122,1276,2905,3680,2362,0,158,15,364,1,0,287"
Defect_L6_B141_el1815_H2_W2.npy,0.015277578539664324,"212,0,0,0,4,2661,5,145,1238,2706,3636,2436,0,213,41,503,0,0,142"
NoiseDefectFree_001192.npy,0.0032276574379572513,"45,0,0,0,0,2695,0,141,1208,2882,3631,2460,0,201,48,476,0,0,155"
Defect_L5_B149_H8_W4.npy,0.040596757997417875,"566,0,3,10,0,2719,31,399,356,2887,3355,2452,0,220,312,506,0,0,126"
NoiseDefectFree_001543.npy,0.003586286042174724,"50,0,0,0,0,2688,0,150,1207,2876,3626,2459,0,209,48,458,0,0,171"
Defect_L11_B273_el3811_H2_W2.npy,0.005020800459044614,"63,0,0,0,0,2667,0,161,1205,2906,3579,2455,0,192,36,487,1,0,190"
NoiseDefectFree_002540.npy,0.0032276574379572513,"45,0,0,0,0,2659,0,131,1259,2877,3643,2438,0,232,29,471,0,0,158"
NoiseDefectFree_000954.npy,0.0026538516712092956,"37,0,0,0,0,2619,0,150,1266,2899,3636,2469,0,214,43,472,0,0,137"
Defect_L10_B266_el3513_H2_W2.npy,0.012623726868455028,"172,0,2,0,0,2434,3,122,1251,2987,3655,2445,0,225,19,455,0,0,172"
Defect_L17_B202_el2505_H2_W2.npy,0.014345144168698896,"200,0,0,0,0,2695,0,139,1208,2854,3660,2390,0,146,30,368,1,6,245"
NoiseDefectFree_004847.npy,0.0034428346004877347,"48,0,0,0,0,2666,0,141,1230,2886,3649,2443,0,215,35,482,0,0,147"
Defect_L6_B263_el3507_H2_W2.npy,0.013412709797733468,"185,0,2,1,1,2410,8,139,1234,2991,3646,2450,0,210,31,493,0,0,141"
Defect_L5_B310_el4183_H2_W2.npy,0.010974035289054655,"153,0,5,2,0,2533,5,166,1199,2908,3624,2415,0,224,41,480,0,0,187"
NoiseDefectFree_004331.npy,0.001793143021087362,"25,0,0,0,0,2676,0,128,1231,2911,3641,2454,0,234,30,493,0,0,119"
Defect_L17_B234_el3151_H2_W2.npy,0.00961124659302826,"134,0,0,0,0,2662,0,130,1235,2895,3472,2487,1,162,39,368,1,2,354"
Defect_L16_B99_el4847_H8_W8.npy,0.05601778797876918,"779,0,0,0,0,2819,0,90,1076,2868,2749,2470,9,201,235,523,0,7,116"
Defect_L8_B95_el4525_H8_W8.npy,0.016568641514847226,"231,0,1,13,0,2547,1,162,1048,2970,3608,2430,0,220,52,471,0,0,188"
Defect_L3_B57_el1475_H4_W4.npy,0.06928704633481567,"956,6,12,6,1,2666,9,141,1237,2008,3638,2035,0,172,37,631,0,0,387"
NoiseDefectFree_004730.npy,0.0026538516712092956,"37,0,0,0,0,2651,0,130,1258,2895,3624,2446,0,204,52,492,0,0,153"
Defect_L17_B110_el3139_H4_W4.npy,0.03206139721704203,"446,0,0,0,0,2479,0,126,1234,3052,3289,2410,6,86,38,181,1,14,580"
Defect_L10_B77_el3811_H8_W8.npy,0.09812078611390045,"1361,0,6,4,0,1432,14,183,1241,3177,3221,2258,0,129,28,365,0,0,523"
Defect_L8_B90_el2175_H4_W4.npy,0.04325060966862717,"603,0,8,2,0,2542,19,146,1290,2367,3658,2377,0,187,41,424,0,0,278"
Defect_L4_B278_el3821_H2_W2.npy,0.011189212451585138,"155,0,3,2,1,2482,6,154,1241,2927,3655,2433,0,199,29,482,0,0,173"
NoiseDefectFree_002157.npy,0.003658011763018218,"51,0,0,0,0,2608,0,135,1290,2887,3636,2437,0,212,40,501,0,0,145"
NoiseDefectFree_001063.npy,0.0032276574379572513,"45,0,0,0,0,2648,0,141,1248,2889,3635,2426,0,221,43,504,0,0,142"
NoiseDefectFree_001168.npy,0.0032276574379572513,"45,0,0,0,0,2662,0,106,1283,2875,3625,2443,0,223,44,490,0,0,146"
NoiseDefectFree_003637.npy,0.002869028833739779,"40,0,0,0,0,2662,0,141,1232,2896,3630,2440,0,226,57,470,0,0,148"
Defect_L13_B98_el2507_H4_W4.npy,0.03493042605078181,"481,0,0,0,0,2582,0,158,1209,2902,3754,2081,8,52,26,293,0,7,389"
Defect_L6_B7_el139_H4_W4.npy,0.03808635776789557,"526,0,4,1,3,2659,14,119,1275,2370,3633,2435,0,215,42,477,0,0,169"
Defect_L10_B80_el2135_H4_W4.npy,0.05027973031128963,"694,0,3,0,0,2584,11,120,1255,2308,3715,2179,0,117,44,390,0,0,522"
NoiseDefectFree_004492.npy,0.0033711088796442405,"47,0,0,0,0,2671,0,164,1203,2886,3625,2448,0,221,47,469,0,0,161"
Defect_L10_B123_el6163_H8_W8.npy,0.09460622579256922,"1318,1,0,7,0,3023,26,62,43,2881,3102,2442,0,195,193,481,0,0,168"
NoiseDefectFree_004981.npy,0.0034428346004877347,"48,0,0,0,0,2670,0,141,1227,2885,3639,2441,0,218,31,485,0,0,157"
Defect_L17_B418_el5861_H2_W2.npy,0.012838904030985511,"179,0,0,0,0,2681,0,114,1248,2889,3390,2458,0,205,133,481,0,7,157"
Defect_L8_B125_el6177_H8_W8.npy,0.09431932290919524,"1315,2,2,10,0,2985,62,27,51,2897,3176,2420,0,228,118,429,0,0,220"
NoiseDefectFree_004947.npy,0.003155931717113757,"44,0,0,0,0,2663,0,125,1241,2898,3649,2432,0,225,36,467,0,0,162"
NoiseDefectFree_002783.npy,0.00208004590446134,"29,0,0,0,0,2654,0,136,1251,2901,3666,2467,0,200,16,502,0,0,120"
NoiseDefectFree_000718.npy,0.003586286042174724,"50,0,0,0,0,2700,0,158,1195,2868,3624,2473,0,213,47,482,0,0,132"
NoiseDefectFree_002503.npy,0.004446994692296658,"62,0,0,0,0,2650,0,109,1289,2861,3638,2439,0,214,38,491,0,0,151"
NoiseDefectFree_004361.npy,0.002151771625304834,"30,0,0,0,0,2655,0,139,1244,2903,3633,2444,0,200,45,511,0,0,138"
NoiseDefectFree_004172.npy,0.0026538516712092956,"37,0,0,0,0,2667,0,184,1185,2898,3635,2462,0,198,43,476,0,0,157"
Defect_L13_B2_el122_H8_W8.npy,0.10163534643523167,"1411,0,0,0,0,2675,0,134,1230,2314,3681,1300,12,204,90,474,1,34,382"
Defect_L19_B24_H4_W8.npy,0.064840051642519,"893,0,0,0,0,2710,0,131,1199,2664,3674,1389,21,207,89,557,0,15,393"
NoiseDefectFree_000396.npy,0.0017214173002438674,"24,0,0,0,0,2673,0,138,1228,2908,3625,2437,0,233,43,486,0,0,147"
Defect_L15_B450_el6209_H2_W2.npy,0.007244297805192942,"98,0,0,0,0,2710,0,51,1269,2902,3335,2441,0,216,281,505,0,0,134"
Defect_L11_B209_el6171_H4_W4.npy,0.029264094104145745,"387,0,0,0,0,2797,0,583,651,2901,3083,2459,2,215,238,474,0,0,152"
NoiseDefectFree_004493.npy,0.0027255773920527903,"38,0,0,0,0,2719,0,154,1186,2874,3653,2438,0,222,29,469,0,0,160"
NoiseDefectFree_001366.npy,0.002223497346148329,"31,0,0,0,0,2661,0,149,1227,2903,3633,2433,0,214,42,479,0,0,170"
Defect_L5_B158_el2133_H2_W2.npy,0.007674652130253909,"104,0,2,0,3,2661,5,142,1246,2808,3637,2372,0,196,39,503,0,0,224"
Defect_L16_B71_el3482_H8_W8.npy,0.0920958255630469,"1279,0,0,0,0,2181,0,150,1222,3063,2867,2348,53,112,40,238,0,7,382"
Defect_L10_B187_el5515_H4_W4.npy,0.03550423181752976,"493,0,1,12,0,2727,13,191,692,2913,3483,2436,0,229,127,464,0,0,161"
NoiseDefectFree_004969.npy,0.002510400229522307,"35,0,0,0,0,2662,0,124,1243,2907,3640,2452,0,207,42,476,0,0,154"
NoiseDefectFree_002915.npy,0.003299383158800746,"46,0,0,0,0,2671,0,125,1251,2878,3650,2447,0,209,25,489,0,0,151"
Defect_L16_B314_el4191_H2_W2.npy,0.007244297805192942,"98,0,0,0,0,2656,0,155,1226,2898,3549,2436,0,223,52,518,0,0,131"
NoiseDefectFree_003767.npy,0.0020083201836178454,"28,0,0,0,0,2665,0,137,1235,2906,3632,2446,0,221,34,501,0,0,137"
NoiseDefectFree_003441.npy,0.003155931717113757,"44,0,0,0,0,2698,0,139,1200,2890,3631,2455,0,204,46,478,0,0,157"
Defect_L3_B173_el5159_H4_W4.npy,0.03406971740065988,"471,5,5,16,0,2466,12,379,785,2879,3515,2440,0,223,111,494,0,0,141"
Defect_L4_B5_el143_H8_W8.npy,0.07351886386458184,"1021,7,22,7,1,2675,22,120,1295,1942,3647,2197,0,224,23,510,0,0,229"
NoiseDefectFree_002144.npy,0.0037297374838617127,"52,0,0,0,0,2637,0,133,1264,2885,3635,2461,0,198,48,482,0,0,147"
Defect_L13_B249_el3479_H2_W2.npy,0.007674652130253909,"107,0,0,0,0,2666,0,117,1241,2899,3428,2410,0,222,62,396,0,0,394"
Defect_L7_B260_el3501_H2_W2.npy,0.017357624444125662,"234,0,5,3,1,2217,11,135,1243,3122,3616,2436,0,241,43,469,0,0,166"
NoiseDefectFree_001572.npy,0.0027973031128962845,"39,0,0,0,0,2678,0,153,1212,2889,3643,2462,0,209,41,460,0,0,156"
NoiseDefectFree_004080.npy,0.003944914646392197,"55,0,0,0,0,2659,0,130,1245,2882,3606,2446,0,207,59,499,0,0,154"
NoiseDefectFree_001123.npy,0.0032276574379572513,"45,0,0,0,0,2677,0,122,1247,2880,3642,2451,0,206,38,485,0,0,149"
NoiseDefectFree_002787.npy,0.0033711088796442405,"47,0,0,0,0,2677,0,165,1202,2880,3635,2439,0,220,34,503,0,0,140"
NoiseDefectFree_002968.npy,0.0037297374838617127,"52,0,0,0,0,2698,0,156,1194,2871,3631,2470,0,207,43,516,0,0,104"
NoiseDefectFree_002505.npy,0.004303543250609668,"60,0,0,0,0,2679,0,131,1242,2859,3636,2434,0,189,45,506,0,0,161"
Defect_L3_B120_el1489_H2_W2.npy,0.025390905178597045,"351,3,8,3,1,2667,1,136,1246,2567,3642,2366,0,197,36,498,0,0,220"
Defect_L9_B64_el3146_H8_W8.npy,0.09926839764739635,"1370,1,12,4,0,1630,27,117,1278,2980,3359,2356,0,68,46,234,0,0,460"
Defect_L11_B64_el1503_H4_W4.npy,0.03543250609668627,"479,0,0,0,0,2684,0,115,1232,2715,3698,1870,2,222,44,559,0,1,321"
NoiseDefectFree_000729.npy,0.0032276574379572513,"45,0,0,0,0,2628,0,139,1270,2889,3641,2447,0,217,24,495,0,0,147"
Defect_L9_B4_el127_H4_W4.npy,0.04640654138574093,"646,0,8,0,0,2678,19,132,1241,2250,3626,2420,0,208,39,499,0,0,176"
Defect_L4_B130_el3519_H4_W4.npy,0.03428489456319036,"474,2,5,11,0,2005,15,114,1254,3144,3623,2457,0,257,35,433,0,0,113"
NoiseDefectFree_000413.npy,0.003012480275426768,"42,0,0,0,0,2665,0,131,1253,2880,3634,2444,0,240,31,469,0,0,153"
Defect_L13_B58_el797_H2_W2.npy,0.013914789843637929,"194,0,0,0,0,2665,0,142,1236,2815,3636,2261,0,211,67,476,0,1,238"
Defect_L11_B301_el4151_H2_W2.npy,0.006024960550853536,"75,0,0,0,0,2673,0,156,1193,2910,3622,2439,0,193,20,476,0,0,185"
NoiseDefectFree_000826.npy,0.0026538516712092956,"37,0,0,0,0,2665,0,147,1225,2897,3656,2452,0,217,22,487,0,0,137"
NoiseDefectFree_003268.npy,0.003658011763018218,"51,0,0,0,0,2687,0,135,1226,2872,3648,2428,0,213,27,500,0,0,155"
NoiseDefectFree_003975.npy,0.0029407545545832737,"41,0,0,0,0,2632,0,103,1291,2904,3662,2465,0,196,17,486,0,0,145"
Defect_L2_B362_el5167_H2_W2.npy,0.00817673217615837,"111,4,3,9,1,2579,2,329,1035,2898,3642,2450,0,223,37,471,0,0,148"
Defect_L17_B134_el1801_H2_W2.npy,0.010113326638932722,"141,0,0,0,0,2691,0,172,1182,2863,3653,1981,0,195,41,552,2,7,462"
NoiseDefectFree_000418.npy,0.0034428346004877347,"48,0,0,0,0,2676,0,165,1207,2875,3642,2438,0,233,30,496,0,0,132"
Defect_L10_B4_el136_H8_W8.npy,0.06283173145890117,"869,1,8,1,0,2717,22,139,1249,2056,3630,2163,0,195,51,532,0,0,309"
Defect_L6_B47_el1151_H4_W4.npy,0.042676803901879216,"586,0,5,0,2,2673,11,110,1263,2321,3635,2446,0,211,41,497,0,0,141"
NoiseDefectFree_002083.npy,0.0032276574379572513,"45,0,0,0,0,2655,0,127,1248,2896,3635,2431,0,205,43,494,0,0,163"
Defect_L2_B85_el4154_H8_W8.npy,0.10794720986945919,"1502,5,10,9,0,1345,21,248,1077,3215,3190,2267,0,113,89,350,0,0,501"
NoiseDefectFree_003374.npy,0.0026538516712092956,"37,0,0,0,0,2681,0,139,1219,2895,3640,2458,0,221,34,469,0,0,149"
Defect_L18_B409_el5843_H2_W2.npy,0.011332663893272128,"151,0,0,0,0,2608,0,250,1189,2874,3407,2429,1,224,153,478,1,9,168"
NoiseDefectFree_004108.npy,0.0037297374838617127,"52,0,0,0,0,2666,0,96,1281,2876,3616,2446,0,209,63,489,0,0,148"
NoiseDefectFree_004381.npy,0.0038014632047052074,"53,0,0,0,0,2657,0,146,1229,2886,3657,2399,0,209,34,502,0,0,170"
Defect_L7_B430_el6169_H2_W2.npy,0.008463635059532348,"111,0,1,5,0,2786,9,664,496,2899,3622,2437,0,202,65,469,0,0,176"
NoiseDefectFree_001067.npy,0.004088366088079185,"57,0,0,0,0,2689,0,172,1176,2877,3661,2431,0,215,27,477,0,0,160"
NoiseDefectFree_003914.npy,0.003299383158800746,"46,0,0,0,0,2677,0,137,1223,2888,3633,2445,0,212,50,465,0,0,166"
Defect_L2_B103_el5162_H8_W8.npy,0.10794720986945919,"1493,13,20,21,0,2198,33,384,449,2929,2926,2414,0,208,176,476,0,0,202"
Defect_L2_B24_el1137_H8_W8.npy,0.1326925835604648,"1839,12,24,4,0,2608,21,119,1290,1429,3670,1531,0,106,133,632,0,0,524"
Defect_L15_B15_el455_H4_W4.npy,0.04640654138574093,"637,0,0,0,0,2665,0,122,1252,2533,3654,1923,3,205,60,488,0,5,395"
Defect_L3_B99_el4847_H8_W8.npy,0.07029120642662459,"977,10,5,19,1,2224,16,256,732,2926,3290,2457,0,204,187,500,0,0,138"
NoiseDefectFree_002739.npy,0.002510400229522307,"35,0,0,0,0,2679,0,157,1208,2892,3648,2459,0,223,27,485,0,0,129"
Defect_L15_B54_el1463_H4_W4.npy,0.03643666618849519,"498,0,0,0,0,2660,0,161,1213,2717,3666,1529,7,163,80,612,0,1,635"
NoiseDefectFree_004001.npy,0.00208004590446134,"29,0,0,0,0,2622,0,142,1262,2916,3639,2452,0,217,43,465,0,0,155"
NoiseDefectFree_002428.npy,0.003012480275426768,"42,0,0,0,0,2684,0,127,1227,2891,3630,2451,0,222,37,495,0,0,136"
Defect_L2_B86_el1137_H2_W2.npy,0.034571797446564335,"479,3,8,5,1,2652,0,127,1267,2437,3649,2394,0,215,32,489,0,0,184"
NoiseDefectFree_001688.npy,0.00208004590446134,"29,0,0,0,0,2673,0,151,1210,2908,3629,2443,0,227,38,484,0,0,150"
NoiseDefectFree_000852.npy,0.0022952230669918234,"32,0,0,0,0,2680,0,118,1250,2891,3639,2451,0,217,45,482,0,0,137"
Defect_L4_B27_el1158_H8_W8.npy,0.10414574666475399,"1450,8,23,7,2,2634,28,130,1291,1639,3619,1670,0,181,58,729,0,0,473"
Defect_L4_B204_el2509_H2_W2.npy,0.012623726868455028,"175,0,4,3,3,2663,6,118,1259,2741,3625,2457,0,237,41,508,0,0,102"
Defect_L3_B138_el3835_H4_W4.npy,0.05766747955816956,"796,7,13,12,0,1648,12,144,1225,3177,3568,2434,0,188,55,459,1,0,203"
Defect_L7_B175_el5167_H4_W4.npy,0.04260507818103572,"574,0,3,12,0,2317,21,343,797,2910,3612,2442,0,200,58,514,0,0,139"
NoiseDefectFree_002840.npy,0.002869028833739779,"40,0,0,0,0,2683,0,126,1226,2896,3636,2456,0,215,38,483,0,0,143"
NoiseDefectFree_004612.npy,0.0027255773920527903,"38,0,0,0,0,2643,0,143,1253,2894,3634,2449,0,212,33,483,0,0,160"
Defect_L3_B19_el815_H8_W8.npy,0.10873619279873763,"1494,12,26,5,0,2687,31,170,1210,1544,3611,1825,0,189,87,651,0,0,400"
Defect_L4_B286_el3837_H2_W2.npy,0.017859704490030125,"248,4,4,5,1,2367,3,115,1293,2958,3602,2452,0,202,41,479,0,0,168"
NoiseDefectFree_002490.npy,0.003299383158800746,"46,0,0,0,0,2642,0,145,1249,2889,3642,2452,0,212,39,496,0,0,130"
Defect_L11_B252_el3485_H2_W2.npy,0.007746377851097404,"99,0,0,0,0,2656,0,151,1227,2894,3514,2458,0,187,34,427,0,0,295"
Defect_L4_B307_el4163_H2_W2.npy,0.021661167694735334,"300,3,4,6,0,2340,3,187,1207,2921,3631,2426,0,230,38,451,0,0,195"
NoiseDefectFree_002850.npy,0.004446994692296658,"62,0,0,0,0,2647,0,108,1293,2861,3639,2453,0,231,38,461,0,0,149"
Defect_L14_B20_el822_H8_W8.npy,0.10271123224788409,"1432,0,0,0,0,2675,0,149,1218,2412,3722,965,24,209,66,693,2,26,349"
Defect_L14_B84_el4147_H8_W8.npy,0.060966862716970306,"850,0,0,0,0,2285,0,198,1226,3063,2920,2319,10,160,43,306,2,3,557"
NoiseDefectFree_004453.npy,0.0027973031128962845,"39,0,0,0,0,2666,0,148,1225,2893,3636,2441,0,218,40,496,0,0,140"
Defect_L13_B418_el5861_H2_W2.npy,0.01312580691435949,"182,0,0,0,0,2726,0,123,1201,2878,3388,2436,1,212,140,503,1,0,151"
Defect_L18_B308_el4179_H2_W2.npy,0.02259360206570076,"308,0,0,0,0,2589,0,119,1270,2920,3356,2445,2,249,40,484,4,8,148"
NoiseDefectFree_002480.npy,0.002510400229522307,"35,0,0,0,0,2688,0,145,1212,2891,3653,2441,0,211,26,492,0,0,148"
Defect_L17_B23_el487_H4_W4.npy,0.036149763305121214,"504,0,0,0,0,2682,0,133,1228,2792,3646,1923,2,227,47,497,0,18,243"
NoiseDefectFree_002142.npy,0.0027255773920527903,"38,0,0,0,0,2699,0,141,1208,2885,3634,2451,0,213,46,473,0,0,154"
Defect_L18_B213_el6187_H4_W4.npy,0.04647826710658442,"634,0,0,8,0,2697,0,228,1032,2883,2861,2448,5,219,270,479,0,16,162"
Defect_L5_B121_el3483_H4_W4.npy,0.039162243580547984,"546,0,3,3,0,1976,12,137,1229,3068,3631,2459,0,181,26,374,0,0,297"
NoiseDefectFree_002745.npy,0.0027973031128962845,"39,0,0,0,0,2643,0,135,1258,2896,3637,2469,0,199,27,517,0,0,122"
Defect_L6_B436_el6181_H2_W2.npy,0.006598766317601492,"90,0,1,4,0,2819,8,491,678,2880,3646,2436,0,218,36,510,0,0,125"
NoiseDefectFree_003507.npy,0.0029407545545832737,"41,0,0,0,0,2652,0,135,1236,2907,3640,2445,0,213,41,483,0,0,149"
NoiseDefectFree_001680.npy,0.003299383158800746,"46,0,0,0,0,2661,0,143,1245,2876,3630,2444,0,218,43,499,0,0,137"
NoiseDefectFree_004250.npy,0.0037297374838617127,"52,0,0,0,0,2686,0,148,1218,2867,3633,2461,0,202,43,483,0,0,149"
NoiseDefectFree_003148.npy,0.0035145603213312293,"49,0,0,0,0,2675,0,139,1219,2889,3635,2460,0,190,42,485,0,0,159"
Defect_L5_B403_el5831_H2_W2.npy,0.006240137713384019,"87,0,1,9,0,2780,6,507,698,2883,3624,2446,0,221,51,482,0,0,147"
Defect_L8_B150_el4183_H4_W4.npy,0.03715392339693014,"517,1,4,11,0,2015,15,175,1247,3004,3608,2397,0,219,33,428,0,0,268"
NoiseDefectFree_000581.npy,0.002223497346148329,"31,0,0,0,0,2654,0,145,1229,2912,3639,2463,0,212,40,483,0,0,134"
NoiseDefectFree_004071.npy,0.002151771625304834,"30,0,0,0,0,2656,0,164,1209,2912,3634,2463,0,208,42,491,0,0,133"
NoiseDefectFree_003344.npy,0.003012480275426768,"42,0,0,0,0,2663,0,118,1260,2888,3638,2442,0,219,32,491,0,0,149"
Defect_L4_B255_el3491_H2_W2.npy,0.013556161239420456,"188,1,3,3,1,2301,7,142,1252,3073,3637,2438,0,217,33,474,0,0,172"
NoiseDefectFree_003673.npy,0.0037297374838617127,"52,0,0,0,0,2657,0,111,1266,2885,3642,2465,0,222,32,474,0,0,136"
NoiseDefectFree_000560.npy,0.0027973031128962845,"39,0,0,0,0,2656,0,120,1258,2898,3641,2445,0,206,37,498,0,0,144"
Defect_L10_B373_el5203_H2_W2.npy,0.007029120642662459,"94,0,0,3,1,2740,0,106,1136,2891,3649,2458,0,219,29,484,0,0,132"
Defect_L15_B286_el3837_H2_W2.npy,0.009109166547123798,"125,0,0,0,0,2653,0,166,1217,2892,3507,2434,0,228,40,458,0,0,222"
NoiseDefectFree_000513.npy,0.004303543250609668,"60,0,0,0,0,2674,0,139,1221,2877,3629,2429,0,216,43,500,0,0,154"
NoiseDefectFree_001082.npy,0.0032276574379572513,"45,0,0,0,0,2700,0,146,1209,2871,3635,2445,0,217,39,477,0,0,158"
NoiseDefectFree_001665.npy,0.004662171854827141,"65,0,0,0,0,2656,0,127,1257,2866,3630,2448,0,212,41,522,0,0,118"
Defect_L2_B245_el3187_H2_W2.npy,0.00832018361784536,"116,0,6,6,1,2518,7,130,1240,2966,3626,2435,0,221,46,475,0,0,149"
NoiseDefectFree_001932.npy,0.004016640367235691,"56,0,0,0,0,2683,0,166,1196,2870,3621,2462,0,228,54,486,0,0,120"
Defect_L4_B342_el4829_H2_W2.npy,0.0048773490173576245,"67,0,1,2,0,2637,2,156,1209,2897,3636,2447,0,210,42,518,0,0,118"
NoiseDefectFree_001151.npy,0.003299383158800746,"46,0,0,0,0,2679,0,132,1235,2879,3637,2433,0,214,44,497,0,0,146"
NoiseDefectFree_002839.npy,0.002510400229522307,"35,0,0,0,0,2664,0,128,1248,2896,3642,2447,0,201,36,492,0,0,153"
Defect_L12_B128_el6198_H8_W8.npy,0.08858126524171568,"1235,0,0,10,0,3104,0,222,378,2888,2698,2466,69,225,30,475,1,1,140"
Defect_L13_B177_el2171_H2_W2.npy,0.012265098264237556,"171,0,0,0,0,2644,0,130,1249,2887,3652,2225,0,204,39,488,0,1,252"
Defect_L16_B429_el6167_H2_W2.npy,0.006168411992540525,"83,0,0,0,0,2638,0,296,1115,2884,3339,2413,1,216,297,507,1,1,151"
Defect_L15_B254_el3489_H2_W2.npy,0.007029120642662459,"95,0,0,0,0,2666,0,130,1237,2895,3465,2444,0,219,39,429,0,1,322"
Defect_L5_B123_el1495_H2_W2.npy,0.015779658585568786,"215,0,2,0,5,2702,5,127,1221,2694,3641,2451,0,239,36,494,0,0,110"
NoiseDefectFree_000831.npy,0.004231817529766174,"59,0,0,0,0,2692,0,138,1206,2876,3647,2447,0,214,33,473,0,0,157"
Defect_L16_B147_el1827_H2_W2.npy,0.009109166547123798,"119,0,0,0,0,2666,0,138,1252,2873,3653,2189,0,222,32,538,1,1,258"
NoiseDefectFree_004753.npy,0.004303543250609668,"60,0,0,0,0,2685,0,168,1184,2874,3641,2436,0,219,36,477,0,0,162"
Defect_L12_B21_el155_H2_W2.npy,0.006670492038444986,"92,0,0,0,0,2655,0,103,1281,2916,3625,2332,0,221,50,495,0,1,171"
NoiseDefectFree_000636.npy,0.002869028833739779,"40,0,0,0,0,2677,0,146,1208,2900,3645,2433,0,221,37,483,0,0,152"
NoiseDefectFree_004466.npy,0.0030842059962702625,"43,0,0,0,0,2660,0,151,1229,2888,3648,2440,0,209,39,506,0,0,129"
Defect_L10_B385_el5511_H2_W2.npy,0.007100846363505953,"98,0,0,12,1,2758,7,290,907,2898,3613,2435,0,227,54,481,0,0,161"
Defect_L12_B283_el3831_H2_W2.npy,0.011834743939176589,"165,0,0,0,0,2610,0,114,1304,2899,3437,2440,0,211,38,432,2,1,289"
Defect_L11_B22_el483_H4_W4.npy,0.03177449433366805,"438,0,0,0,0,2661,0,116,1277,2754,3649,2033,3,222,76,496,0,0,217"
Defect_L8_B97_el1159_H2_W2.npy,0.0208004590446134,"290,0,3,1,2,2690,8,138,1227,2612,3644,2444,0,233,23,487,0,0,140"
NoiseDefectFree_004143.npy,0.003155931717113757,"44,0,0,0,0,2633,0,160,1239,2895,3648,2464,0,206,30,461,0,0,162"
Defect_L18_B422_el5869_H2_W2.npy,0.011117486730741644,"148,0,0,0,0,2687,0,81,1262,2896,3414,2434,2,222,145,514,1,8,128"
Defect_L13_B144_el1821_H2_W2.npy,0.010543680963993688,"147,0,0,0,0,2667,0,123,1241,2890,3650,2012,0,206,49,566,0,1,390"
NoiseDefectFree_000877.npy,0.003299383158800746,"46,0,0,0,0,2676,0,128,1251,2870,3636,2434,0,206,30,510,0,0,155"
NoiseDefectFree_004870.npy,0.0038014632047052074,"53,0,0,0,0,2661,0,152,1206,2899,3661,2460,0,190,27,494,0,0,139"
Defect_L10_B64_el809_H2_W2.npy,0.025749533782814516,"350,0,1,0,0,2668,0,158,1212,2582,3634,2452,0,220,42,475,0,0,148"
Defect_L8_B404_el5833_H2_W2.npy,0.006885669200975469,"96,0,2,4,0,2819,9,551,592,2898,3641,2470,0,191,33,503,0,0,133"
NoiseDefectFree_000005.npy,0.0027973031128962845,"39,0,0,0,0,2663,0,163,1212,2894,3634,2447,0,219,50,504,0,0,117"
NoiseDefectFree_003052.npy,0.0030842059962702625,"43,0,0,0,0,2679,0,133,1227,2889,3624,2450,0,202,48,497,0,0,150"
Defect_L7_B330_el4521_H2_W2.npy,0.0074594749677234255,"105,0,1,3,0,2552,1,127,1273,2909,3642,2440,0,225,36,472,0,0,156"
NoiseDefectFree_003125.npy,0.0032276574379572513,"45,0,0,0,0,2679,0,137,1228,2882,3637,2446,0,221,38,501,0,0,128"
NoiseDefectFree_002492.npy,0.003012480275426768,"42,0,0,0,0,2700,0,139,1211,2879,3636,2439,0,224,33,485,0,0,154"
NoiseDefectFree_003855.npy,0.0034428346004877347,"48,0,0,0,0,2680,0,139,1217,2887,3650,2447,0,211,27,483,0,0,153"
NoiseDefectFree_004778.npy,0.0048773490173576245,"68,0,0,0,0,2654,0,111,1272,2866,3617,2456,0,206,56,507,0,0,129"
Defect_L10_B170_el4863_H4_W4.npy,0.012265098264237556,"156,0,1,3,0,2682,0,148,1083,2898,3625,2469,0,204,55,492,0,0,126"
Defect_L15_B189_el2479_H2_W2.npy,0.008248457897001864,"111,0,0,0,0,2642,0,141,1246,2897,3685,2261,0,60,34,347,1,0,517"
Defect_L7_B218_el2835_H2_W2.npy,0.021445990532204848,"297,1,6,5,1,2399,2,110,1276,2874,3628,2472,0,233,47,414,0,0,177"
NoiseDefectFree_001149.npy,0.0034428346004877347,"48,0,0,0,0,2637,0,162,1223,2901,3633,2455,0,217,46,482,0,0,138"
NoiseDefectFree_000575.npy,0.0037297374838617127,"52,0,0,0,0,2656,0,120,1264,2879,3635,2439,0,214,44,509,0,0,130"
NoiseDefectFree_003770.npy,0.0037297374838617127,"52,0,0,0,0,2677,0,156,1217,2869,3645,2449,0,208,31,501,0,0,137"
NoiseDefectFree_004147.npy,0.004088366088079185,"57,0,0,0,0,2669,0,161,1206,2878,3660,2439,0,219,22,488,0,0,143"
NoiseDefectFree_000854.npy,0.0022952230669918234,"32,0,0,0,0,2705,0,182,1157,2895,3649,2441,0,233,22,501,0,0,125"
Defect_L10_B39_el1816_H8_W8.npy,0.09561038588437813,"1320,1,8,1,0,2665,24,112,1244,1813,3758,1902,0,161,47,322,0,0,564"
Defect_L2_B243_el3183_H2_W2.npy,0.011906469660020083,"166,0,4,3,1,2501,8,156,1208,2933,3636,2457,0,217,35,457,0,0,160"
Defect_L8_B136_el3827_H4_W4.npy,0.055085353607803755,"768,0,7,6,0,1693,22,141,1244,3122,3560,2440,0,202,32,392,0,0,313"
Defect_L2_B88_el1141_H2_W2.npy,0.03234830010041601,"449,2,9,5,1,2644,0,120,1282,2470,3660,2383,0,207,24,487,0,0,199"
Defect_L14_B62_el1495_H4_W4.npy,0.03234830010041601,"451,0,0,0,0,2661,0,128,1250,2857,3660,1694,3,243,58,618,1,16,302"
NoiseDefectFree_004496.npy,0.0034428346004877347,"48,0,0,0,0,2685,0,134,1233,2871,3647,2421,0,209,37,480,0,0,177"
Defect_L6_B433_el6175_H2_W2.npy,0.006742217759288481,"92,0,1,3,0,2777,8,537,671,2882,3629,2437,0,214,53,478,0,0,160"
Defect_L12_B72_el825_H2_W2.npy,0.014488595610385884,"201,0,0,0,0,2686,0,134,1229,2831,3630,2251,0,219,64,501,0,1,195"
NoiseDefectFree_002369.npy,0.0029407545545832737,"41,0,0,0,0,2696,0,113,1235,2886,3642,2455,0,231,24,475,0,0,144"
NoiseDefectFree_004781.npy,0.002582125950365801,"36,0,0,0,0,2636,0,159,1236,2904,3638,2447,0,217,40,489,0,0,140"
Defect_L19_B34_el815_H4_W4.npy,0.04626308994405394,"635,0,0,0,0,2674,0,151,1231,2726,3674,1710,2,198,53,517,1,14,356"
NoiseDefectFree_002951.npy,0.004446994692296658,"62,0,0,0,0,2701,0,144,1193,2871,3638,2428,0,212,36,509,0,0,148"
Defect_L19_B11_el472_H8_W8.npy,0.10830583847367665,"1453,0,0,0,0,2711,0,152,1209,2343,3694,1044,15,178,97,546,0,16,484"
Defect_L5_B126_el3503_H4_W4.npy,0.038373260651269545,"535,0,1,3,0,1934,18,114,1232,3134,3625,2409,0,223,38,451,0,0,225"
Defect_L6_B80_el3832_H8_W8.npy,0.0882226366374982,"1201,0,2,1,0,1421,31,137,1208,3082,3505,2396,0,205,34,400,0,0,319"
NoiseDefectFree_001842.npy,0.0027255773920527903,"38,0,0,0,0,2679,0,117,1232,2905,3646,2455,0,191,32,494,0,0,153"
Defect_L18_B137_el1807_H2_W2.npy,0.013054081193515995,"174,0,0,0,0,2642,0,127,1271,2857,3664,1987,1,201,32,502,1,8,475"
NoiseDefectFree_000538.npy,0.003012480275426768,"42,0,0,0,0,2666,0,145,1217,2901,3630,2450,0,218,45,488,0,0,140"
NoiseDefectFree_002807.npy,0.0023669487878353176,"33,0,0,0,0,2688,0,124,1232,2894,3611,2459,0,215,57,497,0,0,132"
Defect_L2_B163_el4819_H4_W4.npy,0.010974035289054655,"152,2,3,5,0,2586,12,291,1047,2875,3591,2458,0,239,71,473,0,0,137"
Defect_L14_B44_el1139_H4_W4.npy,0.05228805049490747,"729,0,0,0,0,2649,0,146,1243,2690,3660,1541,2,192,80,624,1,16,369"
Defect_L11_B84_el4147_H8_W8.npy,0.04870176445273275,"608,0,0,0,0,2508,0,188,1187,3010,3025,2363,1,170,28,281,0,1,572"
Defect_L6_B114_el1477_H2_W2.npy,0.020872184765456894,"290,0,0,0,3,2645,5,102,1295,2631,3653,2424,0,220,27,479,0,0,168"
Defect_L4_B111_el5505_H8_W8.npy,0.09898149476402238,"1373,8,11,24,0,2322,41,271,350,2928,3088,2428,0,209,223,421,0,0,245"
Defect_L9_B166_el2149_H2_W2.npy,0.01893559030268254,"264,0,1,1,1,2676,8,152,1205,2663,3637,2405,0,158,46,528,0,0,197"
NoiseDefectFree_000785.npy,0.00208004590446134,"29,0,0,0,0,2651,0,125,1254,2912,3639,2434,0,225,32,491,0,0,150"
NoiseDefectFree_001410.npy,0.0027973031128962845,"39,0,0,0,0,2650,0,151,1234,2897,3634,2442,0,235,39,477,0,0,144"
NoiseDefectFree_000155.npy,0.003873188925548702,"54,0,0,0,0,2650,0,129,1257,2881,3622,2463,0,201,53,494,0,0,138"
Defect_L13_B100_el2515_H4_W4.npy,0.032922105867163966,"448,0,0,0,0,2646,0,128,1207,2879,3723,2067,11,77,55,252,1,2,446"
NoiseDefectFree_003010.npy,0.003012480275426768,"42,0,0,0,0,2662,0,126,1249,2892,3648,2449,0,219,30,499,0,0,126"
NoiseDefectFree_001687.npy,0.004016640367235691,"56,0,0,0,0,2667,0,169,1216,2863,3637,2467,0,216,45,478,0,0,128"
NoiseDefectFree_004015.npy,0.0033711088796442405,"47,0,0,0,0,2671,0,115,1251,2887,3636,2448,0,216,41,503,0,0,127"
Defect_L17_B125_el6177_H8_W8.npy,0.08944197389183761,"1247,0,0,1,0,2923,0,320,529,2887,2616,2438,49,224,40,455,2,24,187"
NoiseDefectFree_003864.npy,0.0022952230669918234,"32,0,0,0,0,2637,0,148,1265,2889,3639,2458,0,218,32,497,0,0,127"
NoiseDefectFree_002734.npy,0.003586286042174724,"50,0,0,0,0,2674,0,155,1210,2882,3641,2433,0,226,32,509,0,0,130"
NoiseDefectFree_001896.npy,0.003012480275426768,"42,0,0,0,0,2651,0,147,1252,2879,3638,2446,0,204,37,497,0,0,149"
Defect_L11_B302_el4153_H2_W2.npy,0.00753120068856692,"96,0,0,0,0,2650,0,133,1239,2906,3579,2424,0,231,35,474,0,0,175"
NoiseDefectFree_000570.npy,0.0038014632047052074,"53,0,0,0,0,2674,0,173,1215,2856,3634,2446,0,209,42,505,0,0,135"
Defect_L10_B63_el807_H2_W2.npy,0.02804475684980634,"382,0,1,0,0,2666,0,146,1221,2555,3668,2474,0,196,16,480,0,0,137"
Defect_L4_B227_el2853_H2_W2.npy,0.009826423755558743,"137,0,2,2,3,2611,6,140,1208,2862,3620,2476,0,234,46,489,0,0,106"
NoiseDefectFree_001817.npy,0.003155931717113757,"44,0,0,0,0,2671,0,118,1246,2892,3650,2460,0,218,34,493,0,0,116"
Defect_L6_B59_el2817_H8_W8.npy,0.06871324056806771,"948,4,6,6,1,1962,13,122,1239,2689,3528,2345,0,119,51,376,0,0,533"
NoiseDefectFree_003395.npy,0.003586286042174724,"50,0,0,0,0,2686,0,155,1202,2878,3649,2451,0,221,28,492,0,0,130"
NoiseDefectFree_003328.npy,0.002223497346148329,"31,0,0,0,0,2661,0,116,1271,2892,3639,2448,0,216,34,491,0,0,143"
Defect_L17_B92_el2467_H4_W4.npy,0.043035432506096684,"600,0,0,0,0,2550,0,105,1282,2837,3719,2014,3,25,66,186,0,16,539"
Defect_L18_B219_el2837_H2_W2.npy,0.014488595610385884,"200,0,0,0,0,2602,0,172,1230,2925,3683,2465,1,111,22,259,1,3,268"
NoiseDefectFree_002976.npy,0.003012480275426768,"42,0,0,0,0,2625,0,105,1310,2889,3626,2450,0,229,37,481,0,0,148"
NoiseDefectFree_000981.npy,0.0027973031128962845,"39,0,0,0,0,2692,0,138,1209,2893,3628,2459,0,212,42,468,0,0,162"
NoiseDefectFree_000191.npy,0.0032276574379572513,"45,0,0,0,0,2667,0,141,1232,2886,3629,2461,0,207,45,480,0,0,149"
Defect_L16_B77_el1839_H4_W4.npy,0.02531917945775355,"346,0,0,0,0,2646,0,153,1246,2822,3675,1905,12,161,31,544,0,3,398"
Defect_L6_B190_el5527_H4_W4.npy,0.021804619136422322,"296,0,3,7,0,2800,16,160,784,2905,3610,2446,0,216,74,484,0,0,141"
NoiseDefectFree_000700.npy,0.003155931717113757,"44,0,0,0,0,2670,0,119,1253,2885,3646,2433,0,220,36,493,0,0,143"
Defect_L8_B30_el457_H2_W2.npy,0.04195954669344427,"585,0,3,0,2,2687,8,127,1228,2331,3641,2446,0,233,38,480,0,0,133"
NoiseDefectFree_000607.npy,0.0030842059962702625,"43,0,0,0,0,2686,0,167,1194,2881,3645,2455,0,217,27,482,0,0,145"
NoiseDefectFree_000302.npy,0.003944914646392197,"55,0,0,0,0,2669,0,109,1262,2876,3636,2454,0,217,41,479,0,0,144"
NoiseDefectFree_003421.npy,0.0022952230669918234,"32,0,0,0,0,2666,0,117,1264,2892,3646,2425,0,226,30,485,0,0,159"
Defect_L6_B12_el479_H8_W8.npy,0.07072156075168555,"947,0,4,2,7,2709,28,132,1248,1894,3644,2388,0,195,19,512,0,0,213"
NoiseDefectFree_001061.npy,0.0027255773920527903,"38,0,0,0,0,2660,0,177,1198,2898,3672,2450,0,206,8,518,0,0,117"
NoiseDefectFree_003445.npy,0.004518720413140152,"63,0,0,0,0,2670,0,141,1227,2870,3625,2453,0,208,46,492,0,0,147"
NoiseDefectFree_001070.npy,0.004733897575670635,"66,0,0,0,0,2654,0,143,1229,2879,3643,2453,0,229,27,475,0,0,144"
NoiseDefectFree_002206.npy,0.002869028833739779,"40,0,0,0,0,2675,0,95,1275,2886,3644,2420,0,219,33,465,0,0,190"
Defect_L6_B91_el4490_H8_W8.npy,0.013412709797733468,"176,0,2,17,0,2409,0,295,1068,3004,3619,2454,0,195,60,485,0,0,158"
Defect_L4_B8_el451_H8_W8.npy,0.1326925835604648,"1849,10,24,4,1,2655,22,165,1273,1541,3662,1474,0,185,113,570,0,0,394"
Defect_L11_B185_el5507_H4_W4.npy,0.04052503227657438,"547,0,0,0,0,2732,0,358,945,2894,3043,2433,5,225,116,467,0,0,177"
Defect_L10_B248_el3477_H2_W2.npy,0.006455314875914503,"82,0,1,0,0,2546,1,157,1213,2971,3644,2458,0,187,37,501,0,0,144"
NoiseDefectFree_004643.npy,0.0026538516712092956,"37,0,0,0,0,2675,0,111,1258,2890,3648,2463,0,221,24,460,0,0,155"
Defect_L17_B330_el4521_H2_W2.npy,0.006024960550853536,"84,0,0,0,0,2658,0,162,1219,2904,3588,2426,0,227,30,504,1,0,139"
Defect_L13_B109_el1467_H2_W2.npy,0.010830583847367667,"151,0,0,0,0,2664,0,119,1260,2855,3617,2009,0,207,79,570,0,1,410"
Defect_L7_B401_el5827_H2_W2.npy,0.007674652130253909,"101,0,1,4,0,2836,8,582,560,2879,3611,2432,0,214,58,501,0,0,155"
Defect_L2_B181_el2179_H2_W2.npy,0.016066561468942763,"221,3,8,6,1,2634,1,142,1245,2738,3622,2412,0,232,47,506,0,0,124"
Defect_L7_B79_el2131_H4_W4.npy,0.0662745660593889,"907,1,5,4,0,2600,17,120,1249,2072,3718,2151,0,75,48,414,0,0,561"
Defect_L18_B331_el4523_H2_W2.npy,0.007746377851097404,"107,0,0,0,0,2635,0,166,1241,2883,3557,2448,0,200,49,516,0,1,139"
NoiseDefectFree_004894.npy,0.0029407545545832737,"41,0,0,0,0,2663,0,117,1264,2886,3648,2448,0,201,33,486,0,0,155"
NoiseDefectFree_000226.npy,0.002510400229522307,"35,0,0,0,0,2652,0,138,1259,2887,3646,2432,0,209,33,517,0,0,134"
NoiseDefectFree_003355.npy,0.0029407545545832737,"41,0,0,0,0,2654,0,145,1243,2888,3622,2430,0,215,61,493,0,0,150"
Defect_L4_B399_el5539_H2_W2.npy,0.00946779515134127,"132,0,3,7,1,2890,7,155,896,2880,3621,2434,0,220,50,471,0,0,175"
Defect_L9_B225_el2849_H2_W2.npy,0.010902309568211161,"152,0,4,2,0,2545,4,111,1303,2850,3611,2456,0,236,58,448,0,0,162"
NoiseDefectFree_003437.npy,0.0029407545545832737,"41,0,0,0,0,2696,0,137,1218,2879,3662,2443,0,215,20,471,0,0,160"
NoiseDefectFree_001694.npy,0.002510400229522307,"35,0,0,0,0,2653,0,126,1256,2901,3628,2439,0,232,40,482,0,0,150"
Defect_L3_B46_el1147_H4_W4.npy,0.06548558313011046,"902,4,15,5,1,2645,9,124,1269,2075,3648,2197,0,189,29,580,0,0,250"
NoiseDefectFree_001046.npy,0.002151771625304834,"30,0,0,0,0,2672,0,136,1239,2894,3628,2458,0,199,54,504,0,0,128"
NoiseDefectFree_003447.npy,0.0022952230669918234,"32,0,0,0,0,2651,0,106,1285,2897,3663,2433,0,222,14,472,0,0,167"
Defect_L12_B180_el5203_H4_W4.npy,0.021732893415578828,"303,0,0,0,0,2873,0,149,999,2878,3284,2456,8,218,136,485,0,2,151"
Defect_L9_B85_el4154_H8_W8.npy,0.10012910629751828,"1398,2,2,8,0,1411,20,251,1133,3161,3272,2285,0,108,53,410,0,0,428"
Defect_L6_B391_el5523_H2_W2.npy,0.00896571510543681,"122,0,1,5,0,2781,8,163,998,2893,3665,2450,0,213,18,487,0,0,138"
NoiseDefectFree_004736.npy,0.003155931717113757,"44,0,0,0,0,2701,0,170,1179,2877,3652,2473,0,208,27,490,0,0,121"
NoiseDefectFree_004497.npy,0.002510400229522307,"35,0,0,0,0,2669,0,149,1222,2896,3635,2444,0,237,37,446,0,0,172"
NoiseDefectFree_001219.npy,0.002510400229522307,"35,0,0,0,0,2644,0,120,1276,2896,3646,2426,0,196,34,507,0,0,162"
Defect_L16_B168_el4855_H4_W4.npy,0.019007316023526035,"265,0,0,0,0,2704,0,89,1254,2871,3388,2484,1,197,64,483,1,0,141"
Defect_L13_B118_el1485_H2_W2.npy,0.0104002295223067,"145,0,0,0,0,2642,0,95,1316,2872,3666,2026,0,226,38,522,0,1,393"
NoiseDefectFree_003988.npy,0.0027973031128962845,"39,0,0,0,0,2673,0,159,1194,2906,3632,2442,0,207,41,507,0,0,142"
NoiseDefectFree_004912.npy,0.003586286042174724,"50,0,0,0,0,2685,0,157,1190,2889,3633,2428,0,212,41,482,0,0,175"
Defect_L5_B86_el4161_H8_W8.npy,0.1012767178310142,"1415,5,6,9,1,1398,16,237,1126,3093,3296,2345,0,191,81,362,0,0,361"
NoiseDefectFree_004494.npy,0.0035145603213312293,"49,0,0,0,0,2687,0,155,1210,2870,3620,2459,0,221,51,486,0,0,134"
Defect_L8_B201_el2503_H2_W2.npy,0.017716253048343136,"247,0,3,2,1,2622,9,97,1290,2700,3639,2436,0,238,34,463,0,0,161"
Defect_L16_B180_el5203_H4_W4.npy,0.015636207143881795,"214,0,0,0,0,2754,0,77,1203,2904,3399,2441,0,218,81,502,1,3,145"
Defect_L14_B35_el819_H4_W4.npy,0.03428489456319036,"478,0,0,0,0,2683,0,115,1243,2851,3684,1861,3,215,31,516,1,16,245"
NoiseDefectFree_000957.npy,0.0037297374838617127,"52,0,0,0,0,2686,0,145,1218,2870,3635,2448,0,217,39,479,0,0,153"
NoiseDefectFree_002870.npy,0.003944914646392197,"55,0,0,0,0,2689,0,160,1189,2878,3629,2458,0,220,45,491,0,0,128"
NoiseDefectFree_004434.npy,0.0033711088796442405,"47,0,0,0,0,2680,0,151,1218,2875,3650,2440,0,202,31,504,0,0,144"
NoiseDefectFree_004974.npy,0.0035145603213312293,"49,0,0,0,0,2638,0,148,1253,2883,3654,2455,0,200,29,492,0,0,141"
NoiseDefectFree_002962.npy,0.0026538516712092956,"37,0,0,0,0,2678,0,160,1203,2893,3625,2452,0,208,50,482,0,0,154"
NoiseDefectFree_002201.npy,0.0027973031128962845,"39,0,0,0,0,2707,0,154,1176,2895,3647,2451,0,207,27,487,0,0,152"
NoiseDefectFree_000099.npy,0.002869028833739779,"40,0,0,0,0,2646,0,174,1208,2903,3638,2447,0,237,38,485,0,0,126"
Defect_L16_B178_el5195_H4_W4.npy,0.024960550853536077,"347,0,0,0,0,2849,0,114,1096,2853,3232,2466,11,216,137,527,0,3,91"
NoiseDefectFree_002558.npy,0.002869028833739779,"40,0,0,0,0,2669,0,125,1254,2883,3640,2446,0,232,39,471,0,0,143"
Defect_L4_B175_el2167_H2_W2.npy,0.016281738631473246,"226,0,9,3,2,2663,4,110,1288,2667,3637,2436,0,220,33,505,0,0,139"
NoiseDefectFree_004200.npy,0.0043752689714531634,"61,0,0,0,0,2650,0,134,1258,2868,3656,2457,0,191,32,497,0,0,138"
Defect_L17_B24_el1137_H8_W8.npy,0.12473102854683689,"1739,0,0,0,0,2670,0,150,1232,2132,3771,1066,16,148,87,415,0,32,484"
Defect_L13_B10_el133_H2_W2.npy,0.016066561468942763,"223,0,0,0,0,2661,0,137,1242,2813,3651,2275,1,223,41,479,1,3,192"
NoiseDefectFree_001649.npy,0.0030842059962702625,"43,0,0,0,0,2678,0,135,1229,2886,3640,2447,0,209,32,489,0,0,154"
Defect_L13_B66_el813_H2_W2.npy,0.00961124659302826,"134,0,0,0,0,2669,0,140,1240,2868,3643,2224,0,210,50,478,0,1,285"
Defect_L4_B14_el493_H8_W8.npy,0.10679959833596328,"1489,9,29,5,2,2660,20,111,1310,1712,3665,1883,0,215,37,511,0,0,284"
NoiseDefectFree_004500.npy,0.0029407545545832737,"41,0,0,0,0,2665,0,156,1211,2898,3639,2457,0,219,31,504,0,0,121"
NoiseDefectFree_001155.npy,0.0030842059962702625,"43,0,0,0,0,2655,0,145,1247,2881,3632,2464,0,210,37,495,0,0,133"
NoiseDefectFree_002256.npy,0.0027973031128962845,"39,0,0,0,0,2669,0,117,1242,2904,3655,2434,0,206,23,496,0,0,157"
NoiseDefectFree_003171.npy,0.0034428346004877347,"48,0,0,0,0,2642,0,131,1260,2890,3658,2444,0,206,24,495,0,0,144"
Defect_L9_B125_el1499_H2_W2.npy,0.01714244728159518,"239,0,4,2,1,2620,8,112,1302,2683,3629,2397,0,227,50,484,0,0,184"
Defect_L8_B191_el2483_H2_W2.npy,0.02001147611533496,"279,0,4,2,2,2572,8,147,1221,2736,3643,2374,0,206,21,453,0,0,274"
NoiseDefectFree_003109.npy,0.003299383158800746,"46,0,0,0,0,2704,0,164,1163,2894,3633,2448,0,206,37,489,0,0,158"
NoiseDefectFree_004549.npy,0.0027255773920527903,"38,0,0,0,0,2649,0,151,1232,2901,3648,2439,0,215,25,514,0,0,130"
Defect_L8_B175_el5167_H4_W4.npy,0.04389614115621862,"612,1,5,14,0,2317,21,326,802,2895,3555,2447,0,204,96,491,0,0,156"
NoiseDefectFree_002050.npy,0.0027255773920527903,"38,0,0,0,0,2683,0,130,1235,2885,3630,2449,0,207,42,484,0,0,159"
Defect_L6_B368_el5193_H2_W2.npy,0.012838904030985511,"177,0,0,7,0,2680,7,102,1104,2894,3626,2452,0,215,41,514,0,0,123"
Defect_L13_B8_el143_H4_W4.npy,0.039018792138860996,"541,0,0,0,0,2681,0,117,1236,2824,3647,1903,4,225,58,512,1,16,177"
Defect_L4_B53_el787_H2_W2.npy,0.035934586142590735,"498,1,8,5,2,2677,2,141,1225,2412,3648,2441,0,224,27,481,0,0,150"
NoiseDefectFree_000263.npy,0.0032276574379572513,"45,0,0,0,0,2658,0,119,1247,2902,3641,2464,0,212,38,475,0,0,141"
NoiseDefectFree_004062.npy,0.002223497346148329,"31,0,0,0,0,2666,0,136,1233,2905,3641,2445,0,204,41,510,0,0,130"
Defect_L17_B398_el5537_H2_W2.npy,0.010041600918089227,"140,0,0,0,0,2734,0,141,1170,2880,3504,2434,1,212,65,493,1,6,161"
Defect_L13_B216_el2817_H2_W2.npy,0.007746377851097404,"108,0,0,0,0,2643,0,153,1237,2900,3633,2338,0,62,36,352,1,1,478"
Defect_L10_B192_el2485_H2_W2.npy,0.011834743939176589,"159,0,1,0,0,2644,2,130,1188,2847,3627,2391,0,185,59,482,0,0,227"
Defect_L12_B2_el117_H2_W2.npy,0.02194807057810931,"305,0,0,0,0,2629,0,117,1289,2720,3642,2313,1,229,64,459,0,3,171"
NoiseDefectFree_001803.npy,0.0030842059962702625,"43,0,0,0,0,2635,0,125,1273,2895,3640,2428,0,220,37,487,0,0,159"
NoiseDefectFree_004737.npy,0.0023669487878353176,"33,0,0,0,0,2658,0,155,1233,2892,3632,2439,0,225,42,481,0,0,152"
NoiseDefectFree_002386.npy,0.0027973031128962845,"39,0,0,0,0,2674,0,149,1220,2889,3634,2447,0,233,33,472,0,0,152"
Defect_L19_B85_el2155_H4_W4.npy,0.050566633194663604,"698,0,0,0,0,2670,0,158,1254,2720,3696,1821,3,109,38,310,1,17,447"
Defect_L9_B352_el4863_H2_W2.npy,0.005164251900731602,"72,0,0,3,0,2606,0,123,1263,2904,3657,2441,0,213,21,485,0,0,154"
NoiseDefectFree_001960.npy,0.003299383158800746,"46,0,0,0,0,2645,0,151,1253,2876,3661,2479,0,207,28,454,0,0,142"
NoiseDefectFree_002977.npy,0.0023669487878353176,"33,0,0,0,0,2691,0,133,1217,2897,3642,2437,0,213,32,487,0,0,160"
Defect_L5_B149_el4179_H4_W4.npy,0.045258929852245014,"632,1,6,4,1,1894,12,186,1241,3026,3591,2396,0,186,32,429,0,0,305"
NoiseDefectFree_001844.npy,0.004016640367235691,"56,0,0,0,0,2669,0,135,1230,2881,3635,2461,0,208,43,471,0,0,153"
NoiseDefectFree_001735.npy,0.003299383158800746,"46,0,0,0,0,2720,0,134,1207,2864,3622,2450,0,215,54,498,0,0,132"
NoiseDefectFree_002912.npy,0.0033711088796442405,"47,0,0,0,0,2680,0,137,1215,2892,3638,2436,0,208,34,504,0,0,151"
Defect_L10_B2_el122_H8_W8.npy,0.0858556878496629,"1191,0,7,2,1,2721,22,133,1244,1961,3628,1895,0,182,103,512,0,0,340"
NoiseDefectFree_001987.npy,0.0030842059962702625,"43,0,0,0,0,2657,0,134,1253,2884,3650,2447,0,205,29,491,0,0,149"
Defect_L3_B75_el3510_H8_W8.npy,0.12638072012623727,"1745,15,19,14,0,1253,32,207,1219,2986,3083,2361,0,219,76,372,1,0,340"
Defect_L12_B344_el4833_H2_W2.npy,0.005666331946636064,"80,0,0,0,0,2652,0,161,1225,2873,3616,2440,0,207,36,489,0,0,163"
Defect_L16_B170_el2157_H2_W2.npy,0.007244297805192942,"93,0,0,0,0,2674,0,135,1255,2873,3653,2195,0,197,36,472,1,1,357"
NoiseDefectFree_002812.npy,0.002510400229522307,"35,0,0,0,0,2666,0,153,1225,2892,3648,2457,0,215,26,484,0,0,141"
NoiseDefectFree_000660.npy,0.0027973031128962845,"39,0,0,0,0,2643,0,112,1279,2898,3626,2449,0,198,48,490,0,0,160"
NoiseDefectFree_002512.npy,0.0035145603213312293,"49,0,0,0,0,2668,0,117,1249,2888,3632,2442,0,237,45,481,0,0,134"
NoiseDefectFree_004283.npy,0.0032276574379572513,"45,0,0,0,0,2667,0,141,1226,2892,3654,2441,0,205,26,476,0,0,169"
Defect_L4_B261_el3503_H2_W2.npy,0.019939750394491463,"277,4,5,4,0,2188,2,134,1279,3093,3603,2425,0,223,40,481,0,0,184"
Defect_L15_B53_el787_H2_W2.npy,0.011117486730741644,"152,0,0,0,0,2695,0,122,1217,2823,3639,2322,0,197,48,516,1,0,210"
Defect_L16_B33_el811_H4_W4.npy,0.03571940898006025,"491,0,0,0,0,2666,0,129,1248,2795,3657,1867,7,218,61,489,0,5,309"
NoiseDefectFree_001931.npy,0.001793143021087362,"25,0,0,0,0,2672,0,125,1247,2902,3641,2438,0,217,35,487,0,0,153"
Defect_L2_B14_el141_H2_W2.npy,0.026179888107875485,"361,4,7,5,1,2654,0,109,1289,2541,3624,2456,0,226,49,493,0,0,123"
NoiseDefectFree_000198.npy,0.003873188925548702,"54,0,0,0,0,2656,0,145,1241,2875,3651,2436,0,209,36,492,0,0,147"
Defect_L11_B53_el787_H2_W2.npy,0.009898149476402237,"136,0,0,0,0,2679,0,138,1233,2815,3647,2326,0,216,64,492,0,0,196"
NoiseDefectFree_002932.npy,0.0024386745086788122,"34,0,0,0,0,2660,0,149,1235,2893,3632,2446,0,207,45,515,0,0,126"
Defect_L6_B445_el6199_H2_W2.npy,0.008607086501219337,"117,0,0,6,0,2864,7,291,790,2896,3623,2470,0,214,47,513,0,0,104"
NoiseDefectFree_002328.npy,0.004446994692296658,"62,0,0,0,0,2655,0,161,1226,2867,3650,2465,0,195,19,507,0,0,135"
NoiseDefectFree_004390.npy,0.0034428346004877347,"48,0,0,0,0,2668,0,139,1237,2879,3643,2459,0,222,36,476,0,0,135"
Defect_L18_B412_el5849_H2_W2.npy,0.011978195380863577,"160,0,0,0,0,2643,0,215,1182,2872,3413,2465,1,202,147,462,1,9,170"
NoiseDefectFree_004219.npy,0.00416009180892268,"58,0,0,0,0,2657,0,161,1217,2878,3638,2463,0,190,35,497,0,0,148"
NoiseDefectFree_000203.npy,0.0033711088796442405,"47,0,0,0,0,2687,0,177,1175,2885,3640,2413,0,218,40,508,0,0,152"
NoiseDefectFree_003511.npy,0.003658011763018218,"51,0,0,0,0,2655,0,119,1266,2880,3637,2450,0,223,39,477,0,0,145"
NoiseDefectFree_004932.npy,0.0035145603213312293,"49,0,0,0,0,2663,0,115,1260,2884,3641,2466,0,196,43,472,0,0,153"
Defect_L3_B390_el5521_H2_W2.npy,0.013484435518576962,"186,4,5,10,0,2770,2,214,892,2898,3605,2449,0,233,64,467,0,0,143"
Defect_L6_B53_el787_H2_W2.npy,0.022665327786544256,"315,0,4,1,5,2672,4,131,1235,2604,3643,2427,0,229,36,475,0,0,161"
NoiseDefectFree_001708.npy,0.002869028833739779,"40,0,0,0,0,2621,0,126,1279,2905,3622,2463,0,209,45,499,0,0,133"
Defect_L11_B62_el2845_H8_W8.npy,0.04762587864008033,"584,0,0,0,0,2457,0,113,1252,2993,3530,2179,0,28,61,167,1,2,575"
Defect_L13_B128_el6198_H8_W8.npy,0.09231100272557739,"1223,0,0,9,0,3132,0,200,434,2872,2662,2454,68,215,26,475,0,1,171"
Defect_L18_B386_el5513_H2_W2.npy,0.015421029981351312,"207,0,0,0,0,2641,0,202,1183,2864,3447,2458,1,183,96,502,1,10,147"
Defect_L14_B34_el1494_H8_W8.npy,0.09317171137569932,"1299,0,0,0,0,2653,0,128,1242,2574,3760,1151,33,92,67,535,2,20,386"
Defect_L12_B275_el3815_H2_W2.npy,0.00753120068856692,"105,0,0,0,0,2675,0,149,1208,2897,3516,2434,0,223,54,439,0,1,241"
Defect_L10_B53_el787_H2_W2.npy,0.025606082341127528,"349,0,2,0,1,2637,0,136,1275,2577,3629,2438,0,203,60,488,0,0,147"
NoiseDefectFree_000855.npy,0.0026538516712092956,"37,0,0,0,0,2657,0,101,1278,2898,3624,2448,0,217,48,490,0,0,144"
NoiseDefectFree_004738.npy,0.0027973031128962845,"39,0,0,0,0,2653,0,123,1254,2902,3642,2452,0,208,47,478,0,0,144"
NoiseDefectFree_000699.npy,0.004088366088079185,"57,0,0,0,0,2684,0,157,1206,2867,3629,2454,0,217,41,513,0,0,117"
NoiseDefectFree_003697.npy,0.003012480275426768,"42,0,0,0,0,2666,0,138,1213,2912,3629,2454,0,212,41,496,0,0,139"
NoiseDefectFree_001637.npy,0.0027973031128962845,"39,0,0,0,0,2658,0,169,1220,2885,3651,2437,0,219,25,472,0,0,167"
Defect_L6_B182_el5495_H4_W4.npy,0.02094391048630039,"278,0,1,7,0,2700,11,470,614,2890,3620,2447,0,201,55,495,0,0,153"
Defect_L7_B53_el2488_H8_W8.npy,0.06778080619710228,"925,0,5,5,0,2335,25,129,1277,2291,3647,2298,0,147,43,351,0,0,464"
NoiseDefectFree_003582.npy,0.0027255773920527903,"38,0,0,0,0,2663,0,108,1265,2897,3636,2449,0,232,37,490,0,0,127"
NoiseDefectFree_001292.npy,0.003012480275426768,"42,0,0,0,0,2635,0,172,1225,2897,3639,2450,0,211,45,524,0,0,102"
Defect_L15_B7_el139_H4_W4.npy,0.03643666618849519,"501,0,0,0,0,2655,0,111,1276,2806,3656,1974,7,222,57,490,0,5,182"
NoiseDefectFree_001854.npy,0.002582125950365801,"36,0,0,0,0,2687,0,153,1206,2889,3648,2444,0,207,29,503,0,0,140"
Defect_L10_B130_el1509_H2_W2.npy,0.015564481423038302,"208,0,5,0,0,2645,0,103,1297,2725,3626,2376,0,237,45,511,0,0,164"
NoiseDefectFree_003764.npy,0.0027255773920527903,"38,0,0,0,0,2674,0,133,1230,2896,3647,2444,0,216,28,500,0,0,136"
NoiseDefectFree_003305.npy,0.0032276574379572513,"45,0,0,0,0,2653,0,148,1243,2882,3663,2444,0,215,24,460,0,0,165"
NoiseDefectFree_001496.npy,0.0022952230669918234,"32,0,0,0,0,2672,0,145,1219,2903,3654,2429,0,196,27,468,0,0,197"
Defect_L3_B157_el4495_H4_W4.npy,0.008033280734471382,"111,0,2,2,0,2533,2,168,1222,2931,3641,2440,0,218,33,441,0,0,198"
NoiseDefectFree_001999.npy,0.0038014632047052074,"53,0,0,0,0,2683,0,144,1208,2883,3639,2455,0,195,32,501,0,0,149"
NoiseDefectFree_000664.npy,0.0027255773920527903,"38,0,0,0,0,2687,0,120,1232,2894,3642,2459,0,205,33,514,0,0,118"
NoiseDefectFree_003749.npy,0.0032276574379572513,"45,0,0,0,0,2668,0,149,1217,2892,3644,2463,0,209,39,480,0,0,136"
NoiseDefectFree_004414.npy,0.0029407545545832737,"41,0,0,0,0,2669,0,142,1222,2897,3619,2457,0,231,56,480,0,0,128"
Defect_L9_B340_el4825_H2_W2.npy,0.003658011763018218,"51,0,0,1,0,2635,0,183,1204,2897,3636,2451,0,215,33,489,0,0,147"
Defect_L6_B10_el465_H8_W8.npy,0.07968727585712236,"1070,0,5,4,5,2715,28,156,1213,1860,3650,2107,0,145,32,546,0,0,406"
Defect_L13_B101_el4861_H8_W8.npy,0.03937742074307847,"529,0,0,0,0,2958,0,248,830,2878,2806,2451,21,223,366,514,1,2,115"
Defect_L11_B188_el5519_H4_W4.npy,0.036938746234399654,"496,0,0,1,0,2722,0,199,1042,2893,3137,2470,3,214,144,466,1,0,154"
Defect_L3_B324_el4495_H2_W2.npy,0.003658011763018218,"51,0,0,1,0,2612,3,158,1225,2921,3631,2433,0,207,44,491,0,0,165"
Defect_L8_B155_el1843_H2_W2.npy,0.015421029981351312,"215,0,5,1,2,2627,8,139,1285,2689,3628,2405,0,224,38,530,0,0,146"
Defect_L15_B24_el1137_H8_W8.npy,0.09152201979629895,"1257,0,0,0,0,2652,0,131,1274,2501,3731,1097,51,131,87,596,0,1,433"
NoiseDefectFree_001307.npy,0.0030842059962702625,"43,0,0,0,0,2656,0,140,1242,2890,3650,2461,0,199,36,482,0,0,143"
Defect_L11_B292_el3849_H2_W2.npy,0.013412709797733468,"178,0,0,0,0,2660,0,147,1235,2873,3487,2450,0,238,32,442,1,0,199"
Defect_L15_B99_el1163_H2_W2.npy,0.007316023526036436,"98,0,0,0,0,2684,0,126,1233,2913,3632,2306,0,230,54,499,0,0,167"
Defect_L6_B400_el5541_H2_W2.npy,0.007387749246879931,"98,0,1,5,0,2859,4,153,963,2888,3634,2460,0,228,41,472,0,0,136"
NoiseDefectFree_001664.npy,0.0027255773920527903,"38,0,0,0,0,2645,0,123,1272,2893,3634,2452,0,219,48,495,0,0,123"
Defect_L17_B166_el2149_H2_W2.npy,0.008822263663749821,"123,0,0,0,0,2664,0,147,1227,2897,3663,2061,0,157,37,459,0,6,501"
Defect_L12_B267_el3515_H2_W2.npy,0.013340984076889972,"186,0,0,0,0,2669,0,125,1221,2911,3519,2456,2,248,33,342,0,1,229"
NoiseDefectFree_003628.npy,0.003873188925548702,"54,0,0,0,0,2669,0,141,1244,2863,3628,2463,0,232,33,472,0,0,143"
NoiseDefectFree_002694.npy,0.004662171854827141,"65,0,0,0,0,2650,0,140,1249,2867,3638,2446,0,224,37,487,0,0,139"
Defect_L5_B66_el3160_H8_W8.npy,0.07473820111892125,"1041,1,4,7,1,1706,20,137,1237,2888,3563,2429,0,173,41,330,0,0,364"
Defect_L7_B123_el1495_H2_W2.npy,0.01972457323196098,"268,0,4,0,3,2667,9,111,1258,2651,3626,2433,0,210,55,508,0,0,139"
NoiseDefectFree_003158.npy,0.002869028833739779,"40,0,0,0,0,2650,0,124,1246,2911,3630,2442,0,216,47,505,0,0,131"
Defect_L6_B211_el2807_H2_W2.npy,0.007746377851097404,"105,0,0,0,0,2551,2,119,1262,2932,3662,2418,0,172,42,467,0,0,210"
NoiseDefectFree_001060.npy,0.0030842059962702625,"43,0,0,0,0,2648,0,133,1267,2880,3637,2433,0,216,32,498,0,0,155"
NoiseDefectFree_004637.npy,0.0027255773920527903,"38,0,0,0,0,2659,0,127,1254,2893,3633,2458,0,210,46,502,0,0,122"
NoiseDefectFree_003243.npy,0.002510400229522307,"35,0,0,0,0,2647,0,139,1248,2902,3640,2443,0,206,34,501,0,0,147"
NoiseDefectFree_001679.npy,0.0018648687419308564,"26,0,0,0,0,2667,0,160,1202,2916,3647,2470,0,224,33,475,0,0,122"
Defect_L2_B127_el1503_H2_W2.npy,0.01972457323196098,"272,3,9,5,1,2672,0,142,1217,2675,3636,2395,0,228,34,513,0,0,140"
Defect_L15_B298_el3861_H2_W2.npy,0.007387749246879931,"100,0,0,0,0,2702,0,128,1214,2894,3557,2447,0,224,32,507,1,0,136"
Defect_L10_B171_el4867_H4_W4.npy,0.012767178310142017,"162,0,2,2,0,2702,0,150,1106,2875,3597,2457,0,212,53,476,0,0,148"
NoiseDefectFree_001758.npy,0.0022952230669918234,"32,0,0,0,0,2644,0,128,1249,2918,3641,2438,0,201,44,509,0,0,138"
Defect_L9_B158_el2133_H2_W2.npy,0.011260938172428634,"157,0,1,3,1,2659,5,135,1234,2776,3649,2362,0,174,38,515,0,0,233"
Defect_L15_B78_el3818_H8_W8.npy,0.10034428346004877,"1389,0,0,0,0,2044,0,195,1261,3079,2759,2339,51,116,40,292,1,4,372"
Defect_L2_B111_el3143_H4_W4.npy,0.03198967149619854,"442,4,11,6,1,2024,8,91,1272,3166,3605,2350,0,129,33,397,0,0,403"
Defect_L4_B57_el1475_H4_W4.npy,0.06276000573805766,"871,3,8,6,2,2676,12,113,1257,2065,3637,2098,0,186,39,609,0,0,360"
NoiseDefectFree_002791.npy,0.003155931717113757,"44,0,0,0,0,2654,0,141,1236,2896,3664,2437,0,206,24,471,0,0,169"
NoiseDefectFree_000864.npy,0.002510400229522307,"35,0,0,0,0,2671,0,146,1241,2878,3641,2452,0,223,32,484,0,0,139"
Defect_L19_B63_el3139_H8_W8.npy,0.12846076603069861,"1763,0,0,0,0,1821,0,116,1261,3022,2951,2171,39,22,51,91,0,10,624"
NoiseDefectFree_001485.npy,0.0023669487878353176,"33,0,0,0,0,2671,0,142,1229,2896,3629,2446,0,218,48,469,0,0,161"
Defect_L5_B84_el2151_H4_W4.npy,0.045258929852245014,"629,0,3,0,2,2589,14,100,1294,2340,3656,2307,0,154,22,527,0,0,305"
Defect_L7_B8_el143_H4_W4.npy,0.04016640367235691,"544,0,7,2,2,2705,17,96,1245,2353,3638,2440,0,208,41,485,0,0,159"
Defect_L2_B173_el5159_H4_W4.npy,0.028546836895710803,"393,6,6,13,0,2519,10,389,772,2914,3525,2436,0,240,96,460,0,0,163"
Defect_L6_B136_el3827_H4_W4.npy,0.041314015205852817,"568,0,3,1,0,1936,15,158,1227,3066,3634,2425,0,212,31,409,0,0,257"
NoiseDefectFree_000207.npy,0.0027973031128962845,"39,0,0,0,0,2684,0,126,1226,2896,3631,2477,0,217,42,480,0,0,124"
NoiseDefectFree_004489.npy,0.004016640367235691,"56,0,0,0,0,2667,0,146,1229,2873,3634,2449,0,206,40,483,0,0,159"
Defect_L13_B110_el5498_H8_W8.npy,0.11174867307416439,"1495,0,0,1,0,2790,0,343,512,2885,2357,2408,64,225,185,448,1,3,225"
Defect_L5_B64_el3146_H8_W8.npy,0.08564051068713241,"1194,1,2,3,1,1709,24,86,1249,2985,3376,2450,0,123,66,357,0,0,316"
Defect_L16_B270_el3521_H2_W2.npy,0.007889829292784393,"107,0,0,0,0,2685,0,141,1223,2881,3546,2438,2,251,39,460,1,0,168"
NoiseDefectFree_000503.npy,0.0030842059962702625,"43,0,0,0,0,2701,0,163,1186,2878,3647,2453,0,202,31,480,0,0,158"
Defect_L7_B198_el2497_H2_W2.npy,0.02259360206570076,"308,1,5,1,2,2564,9,145,1238,2698,3626,2416,0,225,43,459,0,0,202"
NoiseDefectFree_001029.npy,0.0027973031128962845,"39,0,0,0,0,2680,0,121,1234,2897,3628,2451,0,215,47,490,0,0,140"
NoiseDefectFree_003841.npy,0.003658011763018218,"51,0,0,0,0,2718,0,147,1198,2857,3650,2459,0,214,29,484,0,0,135"
Defect_L13_B12_el159_H4_W4.npy,0.040596757997417875,"564,0,0,0,0,2699,0,149,1200,2722,3658,2022,3,202,49,498,1,12,163"
Defect_L5_B381_el5503_H2_W2.npy,0.006311863434227514,"88,0,1,6,0,2680,7,347,945,2897,3656,2462,0,203,24,471,0,0,155"
Defect_L3_B292_el3849_H2_W2.npy,0.01599483574809927,"221,4,5,8,0,2475,2,133,1252,2894,3621,2443,0,205,29,486,0,0,164"
Defect_L14_B302_el4153_H2_W2.npy,0.007172572084349448,"100,0,0,0,0,2672,0,164,1220,2886,3562,2450,0,191,44,473,2,1,177"
NoiseDefectFree_002732.npy,0.0026538516712092956,"37,0,0,0,0,2659,0,141,1243,2891,3623,2430,0,218,60,485,0,0,155"
Defect_L7_B252_el3485_H2_W2.npy,0.010902309568211161,"145,0,3,0,1,2410,9,144,1242,3017,3660,2442,0,208,24,485,0,0,152"
NoiseDefectFree_002455.npy,0.003944914646392197,"55,0,0,0,0,2683,0,149,1223,2861,3636,2452,0,221,41,475,0,0,146"
Defect_L18_B75_el3510_H8_W8.npy,0.11920814804188783,"1654,0,0,0,0,1787,0,183,1255,3104,2733,2389,25,108,65,158,1,10,470"
NoiseDefectFree_003105.npy,0.003012480275426768,"42,0,0,0,0,2667,0,144,1224,2894,3646,2450,0,216,29,496,0,0,134"
Defect_L2_B347_el4853_H2_W2.npy,0.0043752689714531634,"61,0,0,3,1,2619,0,132,1258,2897,3625,2448,0,211,48,507,0,0,132"
Defect_L12_B33_el1487_H8_W8.npy,0.0948931286759432,"1323,0,0,0,0,2692,0,124,1243,2465,3792,1175,47,78,85,446,0,7,465"
NoiseDefectFree_003100.npy,0.003944914646392197,"55,0,0,0,0,2665,0,147,1225,2879,3665,2442,0,214,21,499,0,0,130"
Defect_L15_B65_el811_H2_W2.npy,0.00753120068856692,"102,0,0,0,0,2654,0,113,1275,2874,3646,2324,0,207,45,475,0,0,227"
NoiseDefectFree_003562.npy,0.003012480275426768,"42,0,0,0,0,2652,0,95,1303,2879,3645,2442,0,217,31,502,0,0,134"
Defect_L14_B364_el5171_H2_W2.npy,0.01599483574809927,"223,0,0,0,0,2642,0,192,1206,2871,3432,2449,0,208,66,508,0,3,142"
NoiseDefectFree_000392.npy,0.003586286042174724,"50,0,0,0,0,2630,0,172,1230,2889,3634,2440,0,234,34,472,0,0,157"
Defect_L9_B13_el486_H8_W8.npy,0.09145029407545546,"1252,0,12,2,1,2676,37,157,1250,1792,3681,1814,0,209,58,575,0,0,426"
Defect_L17_B287_el3839_H2_W2.npy,0.01893559030268254,"264,0,0,0,0,2592,0,172,1247,2885,3382,2459,0,224,42,407,3,7,258"
Defect_L15_B295_el3855_H2_W2.npy,0.00753120068856692,"102,0,0,0,0,2661,0,138,1247,2897,3529,2450,0,231,48,501,0,0,138"
Defect_L10_B224_el2847_H2_W2.npy,0.010830583847367667,"142,0,1,2,0,2563,2,130,1266,2865,3650,2440,0,230,25,444,0,0,182"
NoiseDefectFree_002696.npy,0.0023669487878353176,"33,0,0,0,0,2639,0,104,1291,2904,3645,2463,0,224,33,478,0,0,128"
NoiseDefectFree_002028.npy,0.002510400229522307,"35,0,0,0,0,2665,0,128,1255,2888,3619,2479,0,210,52,487,0,0,124"
Defect_L12_B216_el2817_H2_W2.npy,0.008893989384593315,"124,0,0,0,0,2599,0,143,1284,2892,3657,2322,0,56,22,342,0,0,501"
NoiseDefectFree_002569.npy,0.0033711088796442405,"47,0,0,0,0,2642,0,156,1232,2894,3635,2439,0,229,40,488,0,0,140"
Defect_L15_B37_el827_H4_W4.npy,0.01678381867737771,"224,0,0,0,0,2667,0,98,1291,2910,3647,2111,8,228,59,490,0,0,209"
NoiseDefectFree_000065.npy,0.0027973031128962845,"39,0,0,0,0,2642,0,134,1256,2900,3633,2437,0,205,46,476,0,0,174"
NoiseDefectFree_002063.npy,0.0033711088796442405,"47,0,0,0,0,2661,0,152,1225,2886,3602,2445,0,195,71,484,0,0,174"
Defect_L2_B226_el2851_H2_W2.npy,0.010615406684837183,"147,1,6,4,1,2573,5,129,1250,2873,3622,2445,0,230,47,480,0,0,129"
Defect_L5_B297_el3859_H2_W2.npy,0.008033280734471382,"110,0,3,3,2,2591,6,124,1248,2884,3618,2458,0,214,58,511,0,0,112"
Defect_L18_B29_el1459_H8_W8.npy,0.17881222206283173,"2481,0,0,0,0,2554,0,148,1215,1807,3819,966,18,87,110,305,1,12,419"
Defect_L11_B1_el115_H4_W4.npy,0.06448142303830154,"899,0,0,0,0,2659,0,111,1269,2453,3628,1841,2,240,98,485,0,2,255"
Defect_L9_B362_el5167_H2_W2.npy,0.009180892267967294,"128,0,1,10,0,2565,3,299,1074,2891,3638,2431,0,210,39,501,0,0,152"
NoiseDefectFree_004860.npy,0.004518720413140152,"63,0,0,0,0,2634,0,134,1274,2866,3657,2440,0,203,18,510,0,0,143"
NoiseDefectFree_004888.npy,0.002869028833739779,"40,0,0,0,0,2676,0,152,1211,2892,3635,2441,0,224,39,512,0,0,120"
Defect_L12_B30_el457_H2_W2.npy,0.015564481423038302,"216,0,0,0,0,2646,0,132,1261,2780,3656,2334,0,203,51,497,0,1,165"
NoiseDefectFree_000879.npy,0.0030842059962702625,"43,0,0,0,0,2672,0,169,1199,2888,3635,2446,0,218,41,483,0,0,148"
Defect_L4_B174_el2165_H2_W2.npy,0.017716253048343136,"246,0,8,4,2,2674,4,154,1208,2672,3622,2399,0,225,54,526,0,0,144"
Defect_L2_B205_el5871_H4_W4.npy,0.032491751542103,"447,9,7,17,0,2940,13,411,314,2911,3245,2467,0,224,332,463,0,0,142"
Defect_L6_B169_el4859_H4_W4.npy,0.016568641514847226,"219,1,1,6,0,2639,2,93,1129,2881,3625,2467,0,216,51,503,0,0,109"
Defect_L18_B31_H8_W4.npy,0.09159374551714244,"1258,0,0,0,0,2673,0,155,1235,2438,3711,1280,3,169,59,454,0,19,488"
Defect_L7_B331_el4523_H2_W2.npy,0.005881509109166547,"82,0,2,2,0,2599,1,144,1242,2899,3632,2442,0,210,37,501,0,0,149"
Defect_L18_B185_el2471_H2_W2.npy,0.009539520872184765,"126,0,0,0,0,2619,0,122,1270,2907,3696,2249,1,62,29,331,1,8,521"
NoiseDefectFree_001017.npy,0.004303543250609668,"60,0,0,0,0,2650,0,159,1234,2868,3642,2422,0,238,32,478,0,0,159"
Defect_L19_B43_el2131_H8_W8.npy,0.1701334098407689,"2330,0,0,0,0,2403,0,131,1220,2016,3758,1428,30,29,93,85,1,13,405"
Defect_L4_B93_el2471_H4_W4.npy,0.05257495337828145,"729,2,6,5,1,2501,12,137,1252,2335,3713,2179,0,77,47,388,0,0,558"
NoiseDefectFree_000996.npy,0.003012480275426768,"42,0,0,0,0,2640,0,109,1291,2889,3630,2466,0,187,44,494,0,0,150"
NoiseDefectFree_004298.npy,0.003586286042174724,"50,0,0,0,0,2699,0,118,1238,2866,3630,2449,0,221,41,494,0,0,136"
NoiseDefectFree_000162.npy,0.003155931717113757,"44,0,0,0,0,2675,0,131,1237,2884,3639,2439,0,227,36,473,0,0,157"
Defect_L16_B349_el4857_H2_W2.npy,0.006455314875914503,"90,0,0,0,0,2678,0,100,1270,2880,3597,2447,0,227,25,487,0,0,141"
Defect_L9_B245_el3187_H2_W2.npy,0.008750537942906327,"122,0,1,2,0,2518,3,114,1266,2947,3631,2453,0,227,33,462,0,0,163"
Defect_L11_B145_H4_W8.npy,0.05300530770334242,"699,0,0,2,0,2771,0,227,982,2890,2826,2456,2,208,249,454,2,2,172"
Defect_L18_B127_el3507_H4_W4.npy,0.05494190216611677,"752,0,0,0,0,2537,0,129,1284,2822,3082,2425,5,244,25,182,1,16,438"
NoiseDefectFree_003844.npy,0.0027973031128962845,"39,0,0,0,0,2645,0,132,1260,2895,3647,2449,0,212,32,478,0,0,153"
NoiseDefectFree_001022.npy,0.0024386745086788122,"34,0,0,0,0,2697,0,133,1216,2891,3637,2468,0,227,31,470,0,0,138"
NoiseDefectFree_003074.npy,0.0023669487878353176,"33,0,0,0,0,2680,0,141,1224,2893,3647,2433,0,218,23,502,0,0,148"
Defect_L5_B278_el3821_H2_W2.npy,0.007602926409410415,"104,0,3,1,2,2568,6,126,1243,2918,3656,2442,0,202,26,472,0,0,173"
NoiseDefectFree_003944.npy,0.0027973031128962845,"39,0,0,0,0,2682,0,166,1202,2882,3646,2458,0,209,35,489,0,0,134"
NoiseDefectFree_001586.npy,0.0029407545545832737,"41,0,0,0,0,2651,0,140,1248,2891,3631,2410,0,224,41,493,0,0,172"
NoiseDefectFree_003153.npy,0.0027255773920527903,"38,0,0,0,0,2676,0,129,1237,2891,3650,2461,0,198,30,478,0,0,154"
Defect_L15_B41_el1127_H4_W4.npy,0.04109883804332234,"563,0,0,0,0,2638,0,142,1253,2633,3642,1606,6,204,85,584,0,2,584"
NoiseDefectFree_000776.npy,0.003299383158800746,"46,0,0,0,0,2668,0,170,1204,2883,3625,2442,0,219,50,481,0,0,154"
Defect_L13_B204_el5867_H4_W4.npy,0.03041170563764166,"411,0,0,0,0,2942,0,278,814,2900,2797,2450,15,213,487,473,1,4,157"
Defect_L11_B434_el6177_H2_W2.npy,0.006813943480131975,"86,0,0,0,0,2716,0,228,1097,2894,3394,2450,0,211,246,486,0,0,134"
Defect_L13_B289_el3843_H2_W2.npy,0.015277578539664324,"211,0,0,0,0,2672,0,162,1212,2887,3404,2447,2,228,33,436,2,0,246"
Defect_L3_B103_el1171_H2_W2.npy,0.017859704490030125,"246,2,8,5,1,2690,1,160,1200,2671,3647,2399,0,195,41,516,0,0,160"
Defect_L15_B50_el2467_H8_W8.npy,0.10055946062257926,"1391,0,0,0,0,2508,0,121,1230,2506,3670,1786,21,20,82,108,0,8,491"
Defect_L4_B217_el6203_H4_W4.npy,0.02804475684980634,"387,2,5,20,0,3030,19,311,332,2884,3194,2411,0,214,471,502,0,0,160"
NoiseDefectFree_002613.npy,0.0027255773920527903,"38,0,0,0,0,2694,0,132,1213,2894,3653,2454,0,197,26,495,0,0,146"
Defect_L17_B21_el829_H8_W8.npy,0.14273418447855402,"1990,0,0,0,0,2631,0,142,1245,2027,3758,858,19,208,53,550,1,25,435"
Defect_L3_B378_el5497_H2_W2.npy,0.009252617988810788,"127,2,5,10,0,2700,2,425,821,2879,3643,2444,0,212,38,480,0,0,154"
Defect_L8_B14_el493_H8_W8.npy,0.1065844211734328,"1486,1,11,1,0,2687,36,128,1266,1756,3656,1704,0,226,79,614,0,0,291"
Defect_L17_B401_el5827_H2_W2.npy,0.007674652130253909,"107,0,0,0,0,2701,0,304,1033,2888,3469,2434,0,213,129,487,1,9,167"
Defect_L11_B429_el6167_H2_W2.npy,0.007316023526036436,"93,0,0,0,0,2691,0,267,1087,2878,3364,2439,0,214,261,488,0,0,160"
NoiseDefectFree_003891.npy,0.002869028833739779,"40,0,0,0,0,2671,0,147,1224,2889,3636,2463,0,202,34,474,0,0,162"
NoiseDefectFree_003557.npy,0.003012480275426768,"42,0,0,0,0,2675,0,111,1249,2894,3634,2445,0,213,32,502,0,0,145"
NoiseDefectFree_001529.npy,0.003155931717113757,"44,0,0,0,0,2663,0,130,1246,2888,3664,2452,0,200,26,495,0,0,134"
NoiseDefectFree_001268.npy,0.0030842059962702625,"43,0,0,0,0,2661,0,148,1236,2883,3658,2438,0,211,27,467,0,0,170"
Defect_L4_B10_el465_H8_W8.npy,0.0936020657007603,"1302,8,26,5,2,2647,26,142,1286,1785,3639,1909,0,173,47,554,0,0,391"
NoiseDefectFree_001900.npy,0.0038014632047052074,"53,0,0,0,0,2666,0,104,1267,2881,3635,2471,0,224,32,480,0,0,129"
NoiseDefectFree_004659.npy,0.0024386745086788122,"34,0,0,0,0,2693,0,140,1212,2892,3634,2452,0,213,49,476,0,0,147"
NoiseDefectFree_003006.npy,0.004231817529766174,"59,0,0,0,0,2676,0,122,1240,2874,3637,2441,0,215,39,482,0,0,157"
NoiseDefectFree_002735.npy,0.002582125950365801,"36,0,0,0,0,2652,0,145,1238,2900,3641,2456,0,224,38,483,0,0,129"
NoiseDefectFree_000190.npy,0.003299383158800746,"46,0,0,0,0,2651,0,116,1249,2909,3648,2444,0,214,29,519,0,0,117"
Defect_L2_B139_el1811_H2_W2.npy,0.024960550853536077,"345,3,7,6,1,2644,0,170,1215,2600,3639,2300,0,171,47,569,0,0,225"
NoiseDefectFree_002748.npy,0.003658011763018218,"51,0,0,0,0,2710,0,136,1197,2877,3650,2432,0,200,29,492,0,0,168"
NoiseDefectFree_002048.npy,0.003586286042174724,"50,0,0,0,0,2679,0,130,1230,2882,3640,2438,0,244,33,468,0,0,148"
Defect_L6_B212_el6183_H4_W4.npy,0.030985511404389616,"422,0,3,5,0,2785,15,441,415,2885,3588,2432,0,227,85,480,0,0,159"
NoiseDefectFree_002559.npy,0.0024386745086788122,"34,0,0,0,0,2663,0,141,1220,2913,3635,2443,0,212,35,497,0,0,149"
Defect_L13_B152_el4191_H4_W4.npy,0.021015636207143883,"286,0,0,0,0,2635,0,156,1243,2893,3342,2419,7,241,29,453,1,1,236"
Defect_L5_B155_el4487_H4_W4.npy,0.006813943480131975,"95,0,0,2,0,2568,1,196,1191,2918,3644,2421,0,226,37,452,0,0,191"
Defect_L8_B18_el149_H2_W2.npy,0.023812939320040166,"332,0,3,0,2,2663,8,133,1242,2588,3622,2446,0,208,57,507,0,0,131"
NoiseDefectFree_003386.npy,0.004016640367235691,"56,0,0,0,0,2661,0,140,1245,2869,3649,2430,0,231,25,483,0,0,153"
NoiseDefectFree_004556.npy,0.002869028833739779,"40,0,0,0,0,2658,0,159,1224,2890,3637,2457,0,225,40,451,0,0,161"
NoiseDefectFree_001185.npy,0.00208004590446134,"29,0,0,0,0,2629,0,123,1280,2910,3645,2423,0,205,44,491,0,0,163"
Defect_L10_B451_el6211_H2_W2.npy,0.0069573949218189645,"97,0,0,6,0,2936,5,272,768,2887,3586,2446,0,204,83,506,0,0,146"
Defect_L12_B53_el2488_H8_W8.npy,0.06806770908047625,"949,0,0,0,0,2513,0,138,1244,2828,3682,1979,25,18,40,183,1,2,340"
Defect_L10_B185_el5507_H4_W4.npy,0.036149763305121214,"503,0,3,14,0,2579,13,260,682,2924,3540,2434,0,217,130,479,0,0,164"
NoiseDefectFree_002434.npy,0.0037297374838617127,"52,0,0,0,0,2645,0,123,1264,2887,3631,2425,0,214,41,517,0,0,143"
Defect_L8_B80_el3832_H8_W8.npy,0.10859274135705063,"1514,3,2,3,0,1383,50,136,1201,3057,3205,2390,0,176,49,366,0,0,407"
NoiseDefectFree_000770.npy,0.002510400229522307,"35,0,0,0,0,2647,0,141,1250,2898,3605,2433,0,224,66,471,0,0,172"
NoiseDefectFree_001686.npy,0.002510400229522307,"35,0,0,0,0,2651,0,155,1239,2891,3633,2457,0,221,49,487,0,0,124"
Defect_L18_B285_el3835_H2_W2.npy,0.018648687419308564,"252,0,0,0,0,2595,0,131,1258,2905,3361,2441,2,239,34,434,2,8,280"
Defect_L9_B56_el1471_H4_W4.npy,0.0662028403385454,"922,0,4,2,0,2662,16,155,1221,2002,3655,2114,0,161,67,534,0,0,427"
NoiseDefectFree_004427.npy,0.0027973031128962845,"39,0,0,0,0,2675,0,157,1218,2882,3648,2437,0,226,28,486,0,0,146"
NoiseDefectFree_000467.npy,0.0026538516712092956,"37,0,0,0,0,2665,0,148,1223,2898,3627,2448,0,222,44,497,0,0,133"
Defect_L15_B153_el4195_H4_W4.npy,0.015707932864725292,"215,0,0,0,0,2660,0,152,1224,2900,3446,2448,0,221,30,494,2,0,150"
Defect_L14_B369_el5195_H2_W2.npy,0.012552001147611534,"175,0,0,0,0,2688,0,90,1265,2881,3470,2439,2,222,66,493,1,1,149"
Defect_L9_B18_el808_H8_W8.npy,0.09819251183474394,"1348,1,9,0,0,2693,40,104,1299,1706,3679,1762,0,153,94,556,0,0,498"
Defect_L3_B205_el2511_H2_W2.npy,0.013914789843637929,"192,2,5,7,1,2644,2,146,1231,2757,3635,2421,0,227,42,509,0,0,121"
NoiseDefectFree_000861.npy,0.0032276574379572513,"45,0,0,0,0,2683,0,148,1214,2881,3636,2454,0,215,38,505,0,0,123"
Defect_L4_B134_el1801_H2_W2.npy,0.01843351025677808,"256,0,8,2,2,2618,4,121,1297,2663,3649,2338,0,196,32,502,0,0,254"
