Filename,Accuracy,Class Distribution
Defect_L7_B440_el6189_H2_W2.npy,0.1182039879500789,"1646,6,1,1687,11,2324,2,0,4,1952,1765,1454,0,3032,0,54,0,0,4"
NoiseDefectFree_000553.npy,0.1155501362788696,"1611,0,0,1793,0,2249,0,0,0,1972,1719,1455,0,3075,0,62,0,0,6"
NoiseDefectFree_003145.npy,0.1182039879500789,"1648,0,0,1799,0,2245,0,0,0,1929,1710,1481,0,3056,0,66,0,0,8"
Defect_L7_B70_el1811_H4_W4.npy,0.13219050351456033,"1830,29,2,1807,6,2227,13,0,8,1765,1720,1335,0,3055,0,87,0,0,58"
NoiseDefectFree_002057.npy,0.11497633051212165,"1603,0,0,1801,0,2241,0,0,0,1952,1729,1497,0,3060,0,54,0,0,5"
NoiseDefectFree_001926.npy,0.11325491321187778,"1579,0,0,1809,0,2225,0,0,0,1992,1735,1481,0,3054,0,62,0,0,5"
NoiseDefectFree_000635.npy,0.11626739348730454,"1621,0,0,1813,0,2224,0,0,0,1992,1706,1465,0,3045,0,70,0,0,6"
Defect_L6_B346_el4851_H2_W2.npy,0.11504805623296514,"1597,1,0,1787,3,2250,0,0,0,1975,1775,1465,0,3044,0,40,0,0,5"
Defect_L12_B252_el3485_H2_W2.npy,0.11598049060393056,"1617,0,0,1799,0,2214,0,0,0,1987,1636,1481,0,3109,6,78,0,0,15"
Defect_L8_B414_el5853_H2_W2.npy,0.11461770190790417,"1598,5,1,1664,10,2342,1,0,4,1990,1772,1468,0,3023,0,56,0,0,8"
NoiseDefectFree_000106.npy,0.11547841055802611,"1610,0,0,1814,0,2233,0,0,0,1963,1778,1451,0,3043,0,44,0,0,6"
NoiseDefectFree_003042.npy,0.11447425046621719,"1596,0,0,1786,0,2257,0,0,0,1934,1709,1510,0,3064,0,78,0,0,8"
NoiseDefectFree_001710.npy,0.116769473533209,"1628,0,0,1815,0,2228,0,0,0,1964,1764,1412,0,3074,0,52,0,0,5"
NoiseDefectFree_000090.npy,0.11253765600344283,"1569,0,0,1794,0,2248,0,0,0,2006,1678,1508,0,3060,0,75,0,0,4"
Defect_L17_B8_el143_H4_W4.npy,0.07251470377277291,"1000,0,0,1818,0,2222,0,0,0,2213,2031,1378,0,3073,7,73,11,9,107"
NoiseDefectFree_003175.npy,0.11641084492899154,"1623,0,0,1788,0,2256,0,0,0,1937,1755,1478,0,3048,0,55,0,0,2"
NoiseDefectFree_000918.npy,0.11540668483718261,"1609,0,0,1798,0,2237,0,0,0,2005,1761,1429,0,3043,0,58,0,0,2"
Defect_L16_B55_el2502_H8_W8.npy,0.12229235403815808,"1646,0,0,1807,0,2107,0,0,0,2116,1726,1158,0,3021,20,68,10,0,263"
Defect_L7_B185_el5507_H4_W4.npy,0.11318318749103429,"1566,30,1,1661,9,2255,13,0,8,2067,1838,1463,0,2952,0,64,0,0,15"
NoiseDefectFree_001950.npy,0.11347009037440826,"1582,0,0,1783,0,2262,0,0,0,1973,1755,1471,0,3048,0,60,0,0,8"
Defect_L5_B94_el1153_H2_W2.npy,0.12021230813369674,"1669,6,0,1806,7,2231,0,0,1,1872,1705,1492,0,3071,0,71,0,0,11"
NoiseDefectFree_000002.npy,0.11655429637067853,"1625,0,0,1830,0,2209,0,0,0,1955,1712,1472,0,3047,0,80,0,0,12"
Defect_L15_B57_el2803_H8_W8.npy,0.13046908621431647,"1766,0,0,1815,0,1991,0,0,0,2147,1429,1341,0,3211,58,43,10,0,131"
Defect_L14_B30_el799_H4_W4.npy,0.11454597618706068,"1596,0,0,1809,0,2229,0,0,0,1973,2089,981,0,3074,10,82,12,0,87"
NoiseDefectFree_002721.npy,0.11289628460766031,"1574,0,0,1804,0,2236,0,0,0,2013,1745,1460,0,3050,0,55,0,0,5"
Defect_L13_B5_el143_H8_W8.npy,0.056591593745517144,"789,0,0,1794,0,2244,0,0,0,2334,2213,993,0,3059,34,105,41,0,336"
NoiseDefectFree_003118.npy,0.11755845646248744,"1639,0,0,1768,0,2272,0,0,0,1959,1729,1465,0,3047,0,52,0,0,11"
Defect_L17_B63_el3139_H8_W8.npy,0.12387031989671496,"1725,2,0,1816,0,1630,0,0,0,2497,1324,1499,0,3135,20,90,6,25,173"
NoiseDefectFree_003763.npy,0.11404389614115622,"1590,0,0,1814,0,2233,0,0,0,1952,1729,1515,0,3047,0,54,0,0,8"
NoiseDefectFree_000214.npy,0.11497633051212165,"1603,0,0,1808,0,2234,0,0,0,1967,1704,1509,0,3047,0,65,0,0,5"
NoiseDefectFree_000779.npy,0.11583703916224358,"1615,0,0,1804,0,2240,0,0,0,1975,1748,1440,0,3057,0,55,0,0,8"
NoiseDefectFree_003497.npy,0.11526323339549563,"1607,0,0,1805,0,2238,0,0,0,1956,1718,1495,0,3049,0,67,0,0,7"
Defect_L2_B189_el2479_H2_W2.npy,0.11698465069573949,"1622,25,0,1800,0,2214,1,0,1,1977,1742,1419,0,3040,0,73,0,0,28"
NoiseDefectFree_002044.npy,0.11318318749103429,"1578,0,0,1804,0,2233,0,0,0,1972,1757,1495,0,3045,0,56,0,0,2"
Defect_L8_B316_el4195_H2_W2.npy,0.1131114617701908,"1577,21,1,1798,11,2178,0,0,1,2014,1781,1486,0,3019,0,49,0,0,6"
Defect_L10_B361_el5165_H2_W2.npy,0.1155501362788696,"1607,2,1,1747,5,2257,0,0,0,1963,1768,1520,0,3023,0,47,0,0,2"
Defect_L17_B373_el5203_H2_W2.npy,0.11540668483718261,"1608,0,0,1765,0,2276,0,0,0,1935,1767,1509,0,2991,2,76,1,4,8"
Defect_L11_B106_el1461_H2_W2.npy,0.12487447998852388,"1737,0,0,1818,0,2225,0,0,0,1907,1841,1273,0,3040,4,74,1,0,22"
Defect_L6_B312_el4187_H2_W2.npy,0.11533495911633912,"1604,14,1,1813,6,2172,0,0,0,1998,1765,1456,0,3044,0,62,0,0,7"
NoiseDefectFree_004168.npy,0.11347009037440826,"1582,0,0,1809,0,2229,0,0,0,1964,1718,1507,0,3075,0,53,0,0,5"
NoiseDefectFree_003789.npy,0.11511978195380863,"1605,0,0,1793,0,2244,0,0,0,1947,1733,1494,0,3066,0,50,0,0,10"
NoiseDefectFree_000584.npy,0.11669774781236551,"1627,0,0,1804,0,2233,0,0,0,1966,1715,1460,0,3079,0,56,0,0,2"
Defect_L2_B124_el6170_H8_W8.npy,0.12014058241285325,"1635,136,0,1344,3,2294,15,0,45,2121,2214,1485,0,2534,41,70,0,0,5"
Defect_L8_B61_el1491_H4_W4.npy,0.12014058241285325,"1675,27,0,1799,6,2241,11,0,12,1871,1821,1356,0,3057,0,64,0,0,2"
NoiseDefectFree_000117.npy,0.11612394204561756,"1619,0,0,1823,0,2214,0,0,0,1983,1747,1444,0,3055,0,50,0,0,7"
Defect_L3_B27_el787_H4_W4.npy,0.123296514129967,"1719,47,0,1807,2,2230,1,0,4,2008,2042,952,0,3041,0,66,0,0,23"
Defect_L12_B105_el2835_H4_W4.npy,0.11770190790417444,"1643,0,0,1798,0,2213,0,0,0,1993,1751,1355,0,3064,2,26,2,0,95"
Defect_L7_B240_el3177_H2_W2.npy,0.11490460479127815,"1602,11,0,1796,8,2035,0,0,0,2149,1779,1493,0,3004,0,58,0,0,7"
Defect_L15_B26_el499_H4_W4.npy,0.10945345000717258,"1523,0,0,1815,0,2233,0,0,0,2128,1836,1237,0,3050,5,70,0,0,45"
NoiseDefectFree_001764.npy,0.11268110744512982,"1571,0,0,1792,0,2248,0,0,0,1986,1768,1468,0,3042,0,60,0,0,7"
NoiseDefectFree_001876.npy,0.11468942762874768,"1599,0,0,1819,0,2226,0,0,0,1966,1768,1468,0,3053,0,42,0,0,1"
NoiseDefectFree_003225.npy,0.11784535934586142,"1643,0,0,1800,0,2239,0,0,0,1960,1740,1444,0,3055,0,60,0,0,1"
NoiseDefectFree_000527.npy,0.116912924974896,"1630,0,0,1818,0,2218,0,0,0,1967,1703,1470,0,3066,0,58,0,0,12"
Defect_L17_B40_el1123_H4_W4.npy,0.142590733036867,"1978,0,0,1788,0,2252,0,0,0,1836,2047,746,0,3070,7,86,11,11,110"
NoiseDefectFree_002947.npy,0.11648257064983503,"1624,0,0,1810,0,2233,0,0,0,1965,1707,1464,0,3069,0,59,0,0,11"
NoiseDefectFree_004474.npy,0.11483287907043466,"1601,0,0,1805,0,2237,0,0,0,1945,1743,1485,0,3061,0,57,0,0,8"
Defect_L16_B108_H4_W8.npy,0.11870606799598336,"1640,0,0,1800,0,2157,0,0,0,2058,1705,1440,0,2966,31,90,1,3,51"
Defect_L15_B242_el3181_H2_W2.npy,0.11533495911633912,"1606,0,0,1808,0,2228,0,0,0,1961,1746,1516,0,2997,5,47,1,0,27"
NoiseDefectFree_000960.npy,0.11268110744512982,"1571,0,0,1791,0,2244,0,0,0,1972,1720,1522,0,3062,0,53,0,0,7"
Defect_L12_B83_el3853_H8_W8.npy,0.11899297087935734,"1659,0,0,1733,0,1983,0,0,0,2302,1712,1430,0,2911,27,95,3,1,86"
NoiseDefectFree_003634.npy,0.1142590733036867,"1593,0,0,1806,0,2233,0,0,0,1959,1734,1502,0,3035,0,68,0,0,12"
NoiseDefectFree_001051.npy,0.11612394204561756,"1619,0,0,1788,0,2249,0,0,0,1964,1729,1465,0,3062,0,62,0,0,4"
NoiseDefectFree_003381.npy,0.11763018218333095,"1640,0,0,1808,0,2225,0,0,0,1954,1733,1470,0,3046,0,58,0,0,8"
NoiseDefectFree_003677.npy,0.11856261655429637,"1653,0,0,1815,0,2228,0,0,0,1959,1751,1430,0,3047,0,52,0,0,7"
Defect_L16_B126_el6184_H8_W8.npy,0.12107301678381868,"1621,0,0,1484,0,2553,0,0,0,1976,1950,1473,0,2689,24,145,3,11,13"
Defect_L11_B26_el1151_H8_W8.npy,0.10608234112752833,"1475,0,0,1810,0,2212,0,0,0,2200,2396,313,0,3039,31,136,3,0,327"
Defect_L3_B425_el5875_H2_W2.npy,0.11877779371682685,"1655,18,3,1704,6,2300,0,0,2,1963,1764,1427,0,3049,0,49,0,0,2"
Defect_L8_B82_el1129_H2_W2.npy,0.13462917802323912,"1877,4,0,1805,6,2239,0,0,2,1767,1820,1301,0,3046,0,67,0,0,8"
NoiseDefectFree_001608.npy,0.11777363362501793,"1642,0,0,1811,0,2224,0,0,0,1944,1758,1466,0,3041,0,50,0,0,6"
NoiseDefectFree_003611.npy,0.11619566776646105,"1620,0,0,1797,0,2236,0,0,0,1981,1743,1457,0,3044,0,60,0,0,4"
Defect_L16_B143_el1819_H2_W2.npy,0.11641084492899154,"1615,0,0,1807,0,2229,0,0,0,1990,1783,1344,0,3050,3,78,0,0,43"
Defect_L9_B70_el1811_H4_W4.npy,0.13484435518576962,"1863,23,0,1792,5,2231,1,0,19,1796,1800,1230,0,3048,0,78,0,0,56"
Defect_L5_B1_el115_H2_W2.npy,0.10801893559030268,"1500,5,1,1802,6,2243,1,0,1,2031,1721,1500,0,3054,0,72,0,0,5"
NoiseDefectFree_000792.npy,0.1156218619997131,"1612,0,0,1812,0,2221,0,0,0,1980,1769,1456,0,3032,0,55,0,0,5"
NoiseDefectFree_003057.npy,0.11476115334959117,"1600,0,0,1817,0,2222,0,0,0,1963,1765,1471,0,3053,0,50,0,0,1"
NoiseDefectFree_001981.npy,0.11397217042031273,"1589,0,0,1802,0,2230,0,0,0,1951,1698,1534,0,3069,0,65,0,0,4"
NoiseDefectFree_003599.npy,0.1129680103285038,"1575,0,0,1807,0,2237,0,0,0,1961,1727,1520,0,3055,0,55,0,0,5"
NoiseDefectFree_000934.npy,0.11662602209152202,"1626,0,0,1820,0,2213,0,0,0,1963,1734,1485,0,3044,0,53,0,0,4"
Defect_L7_B6_el125_H2_W2.npy,0.09790560895136996,"1364,8,1,1806,5,2237,1,0,3,2137,1706,1538,0,3065,0,63,0,0,8"
Defect_L10_B259_el3499_H2_W2.npy,0.11590876488308707,"1610,14,1,1818,8,2102,0,0,0,2057,1713,1480,0,3077,0,61,0,0,1"
NoiseDefectFree_001683.npy,0.1116769473533209,"1557,0,0,1804,0,2231,0,0,0,2000,1712,1524,0,3043,0,64,0,0,7"
NoiseDefectFree_004180.npy,0.11763018218333095,"1640,0,0,1812,0,2232,0,0,0,1937,1725,1452,0,3076,0,64,0,0,4"
Defect_L14_B178_el5195_H4_W4.npy,0.1143307990245302,"1590,0,0,1689,0,2350,0,0,0,1977,1942,1487,0,2814,8,63,4,7,11"
NoiseDefectFree_004117.npy,0.11734327929995697,"1636,0,0,1799,0,2241,0,0,0,1951,1726,1460,0,3064,0,61,0,0,4"
NoiseDefectFree_000989.npy,0.11260938172428633,"1570,0,0,1804,0,2234,0,0,0,1995,1719,1481,0,3058,0,73,0,0,8"
NoiseDefectFree_002897.npy,0.11504805623296514,"1604,0,0,1773,0,2262,0,0,0,1968,1746,1480,0,3041,0,63,0,0,5"
NoiseDefectFree_003779.npy,0.1195667766461053,"1667,0,0,1811,0,2228,0,0,0,1935,1753,1449,0,3042,0,50,0,0,7"
Defect_L2_B43_el1135_H4_W4.npy,0.11927987376273132,"1639,47,0,1793,0,2249,2,0,6,2009,2029,1007,0,3069,0,73,0,0,19"
NoiseDefectFree_003094.npy,0.11246593028259934,"1568,0,0,1811,0,2230,0,0,0,2003,1753,1463,0,3053,0,55,0,0,6"
NoiseDefectFree_003156.npy,0.11712810213742648,"1633,0,0,1805,0,2231,0,0,0,1968,1753,1439,0,3052,0,55,0,0,6"
NoiseDefectFree_001824.npy,0.11440252474537368,"1595,0,0,1816,0,2234,0,0,0,1951,1743,1498,0,3041,0,58,0,0,6"
Defect_L3_B361_el5165_H2_W2.npy,0.11569358772055659,"1612,18,1,1755,4,2240,1,0,2,1972,1764,1508,0,3017,0,42,0,0,6"
NoiseDefectFree_001099.npy,0.11225075312006885,"1565,0,0,1799,0,2242,0,0,0,1991,1747,1487,0,3054,0,54,0,0,3"
NoiseDefectFree_002845.npy,0.11468942762874768,"1599,0,0,1818,0,2220,0,0,0,1956,1726,1486,0,3065,0,64,0,0,8"
NoiseDefectFree_003343.npy,0.11698465069573949,"1631,0,0,1796,0,2252,0,0,0,1932,1705,1502,0,3051,0,70,0,0,3"
NoiseDefectFree_000039.npy,0.11849089083345288,"1652,0,0,1808,0,2232,0,0,0,1943,1724,1459,0,3047,0,70,0,0,7"
Defect_L12_B215_el2815_H2_W2.npy,0.11892124515851385,"1658,0,0,1797,0,2223,0,0,0,1969,1663,1438,0,3044,4,112,4,0,30"
Defect_L11_B129_el6205_H8_W8.npy,0.11770190790417444,"1638,0,0,1454,0,2524,0,0,0,2037,1924,1425,0,2732,28,148,0,12,20"
NoiseDefectFree_003357.npy,0.11712810213742648,"1633,0,0,1806,0,2229,0,0,0,1949,1719,1482,0,3062,0,58,0,0,4"
Defect_L3_B118_el5841_H8_W8.npy,0.11712810213742648,"1633,199,0,1338,4,2298,14,0,30,2113,2120,1460,0,2621,9,93,0,0,10"
Defect_L12_B388_el5517_H2_W2.npy,0.11447425046621719,"1596,0,0,1758,0,2287,0,0,0,1944,1808,1500,0,2959,6,78,0,1,5"
Defect_L2_B330_el4521_H2_W2.npy,0.1142590733036867,"1591,9,1,1812,4,2200,0,0,0,1997,1720,1489,0,3036,0,70,0,0,13"
NoiseDefectFree_002429.npy,0.116769473533209,"1628,0,0,1815,0,2219,0,0,0,1953,1731,1477,0,3053,0,61,0,0,5"
Defect_L6_B89_el4189_H8_W8.npy,0.11189212451585138,"1549,96,3,1764,8,1796,0,0,33,2336,2006,1429,0,2846,0,28,0,0,48"
Defect_L10_B80_el1125_H2_W2.npy,0.13957825276144026,"1938,1,0,1806,1,2234,0,0,0,1746,1798,1309,0,3044,0,55,0,0,10"
NoiseDefectFree_004812.npy,0.11468942762874768,"1599,0,0,1795,0,2246,0,0,0,1940,1740,1498,0,3058,0,59,0,0,7"
Defect_L12_B101_el4861_H8_W8.npy,0.1180605365083919,"1646,0,0,1596,0,2372,0,0,0,2022,2138,1463,0,2563,48,66,0,6,22"
NoiseDefectFree_000687.npy,0.11641084492899154,"1623,0,0,1804,0,2238,0,0,0,1947,1753,1464,0,3050,0,57,0,0,6"
NoiseDefectFree_004800.npy,0.11504805623296514,"1604,0,0,1824,0,2217,0,0,0,1955,1738,1493,0,3051,0,55,0,0,5"
Defect_L2_B70_el821_H2_W2.npy,0.11798881078754841,"1636,21,0,1800,0,2235,1,0,1,1885,1694,1526,0,3070,0,65,0,0,8"
NoiseDefectFree_002354.npy,0.11641084492899154,"1623,0,0,1806,0,2228,0,0,0,1955,1755,1487,0,3023,0,62,0,0,3"
Defect_L16_B367_el5191_H2_W2.npy,0.11669774781236551,"1621,0,0,1825,0,2212,0,0,0,1985,1815,1460,0,2951,0,58,4,8,3"
NoiseDefectFree_004570.npy,0.11540668483718261,"1609,0,0,1812,0,2229,0,0,0,1965,1700,1474,0,3072,0,73,0,0,8"
Defect_L5_B19_el151_H2_W2.npy,0.10543680963993689,"1464,1,0,1803,6,2238,0,0,2,2047,1768,1508,0,3034,0,66,0,0,5"
NoiseDefectFree_002753.npy,0.11483287907043466,"1601,0,0,1798,0,2246,0,0,0,1991,1726,1460,0,3044,0,66,0,0,10"
Defect_L18_B47_el491_H2_W2.npy,0.11411562186199971,"1583,0,0,1804,0,2233,0,0,0,2093,1810,1276,0,3053,2,58,2,8,20"
NoiseDefectFree_001041.npy,0.11483287907043466,"1601,0,0,1803,0,2234,0,0,0,1983,1730,1484,0,3053,0,49,0,0,5"
Defect_L5_B164_el4823_H4_W4.npy,0.11354181609525175,"1582,10,0,1772,1,2177,0,0,0,2030,1759,1511,0,3047,0,51,0,0,2"
NoiseDefectFree_001266.npy,0.11669774781236551,"1627,0,0,1809,0,2232,0,0,0,1964,1762,1437,0,3040,0,69,0,0,2"
Defect_L6_B118_el1485_H2_W2.npy,0.12150337110887964,"1692,7,0,1804,6,2235,0,0,1,1866,1741,1469,0,3065,0,47,0,0,9"
Defect_L10_B338_el4821_H2_W2.npy,0.11727155357911347,"1630,0,0,1804,1,2214,0,0,0,1962,1783,1477,0,3020,0,46,0,0,5"
NoiseDefectFree_000278.npy,0.1180605365083919,"1646,0,0,1833,0,2206,0,0,0,1935,1733,1470,0,3056,0,59,0,0,4"
Defect_L2_B117_el3183_H4_W4.npy,0.11684119925405251,"1617,74,0,1790,5,1886,5,0,8,2262,1916,1381,0,2957,0,23,0,0,18"
NoiseDefectFree_002383.npy,0.11268110744512982,"1571,0,0,1805,0,2235,0,0,0,2015,1729,1468,0,3049,0,66,0,0,4"
NoiseDefectFree_000572.npy,0.11540668483718261,"1609,0,0,1798,0,2242,0,0,0,1947,1732,1495,0,3061,0,54,0,0,4"
NoiseDefectFree_001436.npy,0.11368526753693875,"1585,0,0,1821,0,2214,0,0,0,1966,1727,1512,0,3043,0,66,0,0,8"
Defect_L3_B60_el801_H2_W2.npy,0.12028403385454024,"1677,19,0,1814,0,2227,0,0,1,1924,1755,1407,0,3058,0,54,0,0,6"
Defect_L4_B192_el2485_H2_W2.npy,0.11540668483718261,"1609,17,0,1794,4,2225,2,0,1,1972,1705,1455,0,3054,0,83,0,0,21"
NoiseDefectFree_001008.npy,0.11519150767465212,"1606,0,0,1820,0,2220,0,0,0,1949,1757,1504,0,3041,0,42,0,0,3"
NoiseDefectFree_004544.npy,0.11770190790417444,"1641,0,0,1803,0,2236,0,0,0,1945,1730,1460,0,3059,0,58,0,0,10"
Defect_L17_B301_el4151_H2_W2.npy,0.11777363362501793,"1641,0,0,1812,0,2225,0,0,0,1987,1680,1440,0,3064,0,77,1,2,13"
NoiseDefectFree_002065.npy,0.11325491321187778,"1579,0,0,1805,0,2238,0,0,0,1995,1706,1473,0,3064,0,77,0,0,5"
NoiseDefectFree_001137.npy,0.110385884378138,"1539,0,0,1798,0,2240,0,0,0,2014,1744,1484,0,3048,0,66,0,0,9"
Defect_L9_B268_el3517_H2_W2.npy,0.11490460479127815,"1602,20,0,1797,10,2088,0,0,0,2093,1760,1471,0,3033,0,64,0,0,4"
NoiseDefectFree_000295.npy,0.11583703916224358,"1615,0,0,1809,0,2235,0,0,0,1943,1722,1490,0,3056,0,68,0,0,4"
NoiseDefectFree_002404.npy,0.11856261655429637,"1653,0,0,1809,0,2232,0,0,0,1944,1775,1438,0,3022,0,62,0,0,7"
NoiseDefectFree_003999.npy,0.12114474250466217,"1689,0,0,1807,0,2232,0,0,0,1929,1758,1417,0,3046,0,57,0,0,7"
NoiseDefectFree_003742.npy,0.1155501362788696,"1611,0,0,1797,0,2242,0,0,0,1969,1735,1483,0,3047,0,56,0,0,2"
Defect_L9_B443_el6195_H2_W2.npy,0.11734327929995697,"1636,2,3,1654,12,2352,0,0,1,1967,1726,1454,0,3068,0,60,0,0,7"
NoiseDefectFree_002720.npy,0.11777363362501793,"1642,0,0,1807,0,2230,0,0,0,1939,1723,1474,0,3046,0,73,0,0,8"
Defect_L15_B2_el117_H2_W2.npy,0.11217902739922536,"1563,0,0,1811,0,2226,0,0,0,2073,1794,1308,0,3063,5,76,0,0,23"
Defect_L14_B209_el6171_H4_W4.npy,0.11454597618706068,"1593,0,0,1586,0,2458,0,0,0,1980,1877,1475,0,2845,17,80,9,8,14"
NoiseDefectFree_002809.npy,0.11174867307416439,"1558,0,0,1816,0,2220,0,0,0,1983,1717,1526,0,3056,0,64,0,0,2"
NoiseDefectFree_000557.npy,0.1182039879500789,"1648,0,0,1811,0,2231,0,0,0,1936,1724,1455,0,3078,0,55,0,0,4"
Defect_L16_B205_el2511_H2_W2.npy,0.11325491321187778,"1570,0,0,1819,0,2220,0,0,0,1979,1777,1487,0,3034,2,27,0,0,27"
NoiseDefectFree_004796.npy,0.11727155357911347,"1635,0,0,1816,0,2222,0,0,0,1957,1720,1465,0,3058,0,61,0,0,8"
NoiseDefectFree_002470.npy,0.11719982785826998,"1634,0,0,1810,0,2229,0,0,0,1955,1739,1444,0,3063,0,64,0,0,4"
NoiseDefectFree_003739.npy,0.11354181609525175,"1583,0,0,1797,0,2241,0,0,0,1966,1733,1501,0,3054,0,64,0,0,3"
NoiseDefectFree_004287.npy,0.11547841055802611,"1610,0,0,1799,0,2239,0,0,0,1981,1745,1460,0,3046,0,58,0,0,4"
NoiseDefectFree_002605.npy,0.11863434227513986,"1654,0,0,1817,0,2225,0,0,0,1952,1734,1431,0,3049,0,69,0,0,11"
NoiseDefectFree_000363.npy,0.11275283316597332,"1572,0,0,1785,0,2247,0,0,0,1981,1721,1515,0,3045,0,68,0,0,8"
Defect_L7_B23_el1130_H8_W8.npy,0.10342848945631904,"1408,92,0,1799,12,2221,34,0,38,2089,2210,783,0,3066,0,77,0,0,113"
NoiseDefectFree_001705.npy,0.11519150767465212,"1606,0,0,1817,0,2225,0,0,0,1938,1734,1494,0,3049,0,66,0,0,13"
NoiseDefectFree_002140.npy,0.11641084492899154,"1623,0,0,1799,0,2240,0,0,0,1980,1748,1425,0,3065,0,53,0,0,9"
NoiseDefectFree_003240.npy,0.11397217042031273,"1589,0,0,1798,0,2237,0,0,0,1971,1718,1503,0,3059,0,59,0,0,8"
NoiseDefectFree_002384.npy,0.11741500502080046,"1637,0,0,1811,0,2235,0,0,0,1941,1749,1453,0,3071,0,42,0,0,3"
Defect_L18_B210_el2805_H2_W2.npy,0.11454597618706068,"1595,0,0,1800,0,2205,0,0,0,2005,1581,1535,0,3078,0,102,6,2,33"
NoiseDefectFree_004312.npy,0.11856261655429637,"1653,0,0,1801,0,2231,0,0,0,1946,1731,1462,0,3071,0,47,0,0,0"
NoiseDefectFree_001313.npy,0.11519150767465212,"1606,0,0,1821,0,2224,0,0,0,1961,1738,1465,0,3049,0,71,0,0,7"
NoiseDefectFree_003931.npy,0.11748673074164395,"1638,0,0,1806,0,2236,0,0,0,1956,1750,1450,0,3035,0,67,0,0,4"
Defect_L5_B8_el129_H2_W2.npy,0.10149189499354469,"1409,1,1,1799,6,2242,0,0,2,2108,1747,1537,0,3035,0,54,0,0,1"
NoiseDefectFree_001592.npy,0.11404389614115622,"1590,0,0,1816,0,2226,0,0,0,2000,1730,1458,0,3051,0,64,0,0,7"
Defect_L17_B192_el5535_H4_W4.npy,0.11583703916224358,"1602,0,0,1589,0,2449,0,0,0,1977,1933,1459,0,2809,10,65,13,10,26"
NoiseDefectFree_002163.npy,0.11741500502080046,"1637,0,0,1821,0,2215,0,0,0,1947,1742,1460,0,3055,0,55,0,0,10"
NoiseDefectFree_002397.npy,0.11684119925405251,"1629,0,0,1808,0,2227,0,0,0,1976,1749,1442,0,3048,0,57,0,0,6"
NoiseDefectFree_000318.npy,0.11877779371682685,"1656,0,0,1801,0,2233,0,0,0,1944,1727,1445,0,3066,0,61,0,0,9"
Defect_L3_B165_el4827_H4_W4.npy,0.11239420456175585,"1567,21,1,1763,7,2127,0,0,4,2104,1852,1495,0,2975,0,26,0,0,0"
Defect_L18_B315_el4193_H2_W2.npy,0.11755845646248744,"1636,0,0,1799,0,2236,0,0,0,1920,1778,1489,0,2982,2,70,5,3,22"
NoiseDefectFree_004037.npy,0.11633911920814805,"1622,0,0,1805,0,2234,0,0,0,1952,1758,1465,0,3040,0,52,0,0,14"
NoiseDefectFree_003021.npy,0.1155501362788696,"1611,0,0,1806,0,2234,0,0,0,1969,1736,1481,0,3046,0,58,0,0,1"
Defect_L13_B65_el3153_H8_W8.npy,0.11153349591163392,"1556,1,0,1770,0,1773,0,0,0,2534,1308,1441,0,3032,21,71,17,1,417"
Defect_L10_B78_H8_W4.npy,0.12035575957538373,"1647,83,0,1793,6,1920,0,0,3,2161,1856,1447,0,2981,0,41,0,0,4"
NoiseDefectFree_003973.npy,0.11827571367092239,"1649,0,0,1821,0,2221,0,0,0,1961,1757,1426,0,3053,0,49,0,0,5"
Defect_L4_B98_el1161_H2_W2.npy,0.12150337110887964,"1694,16,0,1807,2,2228,2,0,1,1845,1737,1488,0,3054,0,61,0,0,7"
NoiseDefectFree_004134.npy,0.11849089083345288,"1652,0,0,1800,0,2241,0,0,0,1915,1749,1469,0,3053,0,60,0,0,3"
NoiseDefectFree_000975.npy,0.11497633051212165,"1603,0,0,1822,0,2217,0,0,0,1970,1753,1490,0,3030,0,47,0,0,10"
Defect_L17_B55_el2502_H8_W8.npy,0.11992540525032276,"1644,0,0,1805,0,2000,0,0,0,2301,1680,1122,0,3022,16,28,30,17,277"
NoiseDefectFree_000955.npy,0.11088796442404246,"1546,0,0,1804,0,2240,0,0,0,1979,1728,1522,0,3054,0,54,0,0,15"
Defect_L10_B236_el3155_H2_W2.npy,0.11813226222923541,"1644,17,1,1796,0,2019,0,0,0,2152,1753,1457,0,3054,0,48,0,0,1"
Defect_L14_B32_el1480_H8_W8.npy,0.12523310859274137,"1726,0,0,1814,0,2200,0,0,0,2079,2013,394,0,3070,22,104,34,0,486"
Defect_L9_B3_el129_H8_W8.npy,0.07215607516855545,"968,44,0,1797,8,2238,25,0,52,2467,2042,1161,0,3061,0,65,0,0,14"
Defect_L14_B107_el1463_H2_W2.npy,0.13369674365227371,"1864,0,0,1808,0,2235,0,0,0,1885,1865,1128,0,3045,4,73,0,0,35"
NoiseDefectFree_001641.npy,0.11533495911633912,"1608,0,0,1818,0,2223,0,0,0,1978,1765,1445,0,3045,0,51,0,0,9"
NoiseDefectFree_001291.npy,0.11626739348730454,"1621,0,0,1809,0,2231,0,0,0,1954,1743,1476,0,3056,0,47,0,0,5"
NoiseDefectFree_001381.npy,0.11504805623296514,"1604,0,0,1799,0,2242,0,0,0,1962,1752,1465,0,3054,0,60,0,0,4"
NoiseDefectFree_001934.npy,0.11598049060393056,"1617,0,0,1791,0,2253,0,0,0,1959,1696,1494,0,3069,0,60,0,0,3"
NoiseDefectFree_004676.npy,0.11626739348730454,"1621,0,0,1815,0,2226,0,0,0,1947,1749,1469,0,3044,0,66,0,0,5"
NoiseDefectFree_000893.npy,0.11648257064983503,"1624,0,0,1826,0,2215,0,0,0,1957,1723,1475,0,3060,0,59,0,0,3"
Defect_L11_B224_el2847_H2_W2.npy,0.11526323339549563,"1602,0,0,1816,0,2211,0,0,0,1970,1794,1456,0,3031,0,36,3,0,23"
NoiseDefectFree_004877.npy,0.11454597618706068,"1597,0,0,1796,0,2250,0,0,0,1962,1737,1471,0,3062,0,59,0,0,8"
Defect_L8_B122_el3487_H4_W4.npy,0.11397217042031273,"1589,42,0,1804,8,1679,11,0,12,2453,1753,1480,0,3022,0,79,0,0,10"
Defect_L9_B61_el803_H2_W2.npy,0.1195667766461053,"1664,3,0,1797,4,2243,0,0,3,1988,1787,1341,0,3047,0,59,0,0,6"
Defect_L8_B145_el4147_H4_W4.npy,0.11784535934586142,"1643,21,0,1806,5,1958,0,0,14,2186,1784,1438,0,2999,0,75,0,0,13"
NoiseDefectFree_002467.npy,0.11397217042031273,"1589,0,0,1817,0,2220,0,0,0,1985,1703,1495,0,3060,0,65,0,0,8"
Defect_L3_B183_el2467_H2_W2.npy,0.1142590733036867,"1593,22,0,1792,1,2223,1,0,1,1934,1690,1523,0,3062,0,77,0,0,23"
NoiseDefectFree_001914.npy,0.11727155357911347,"1635,0,0,1808,0,2233,0,0,0,1967,1744,1449,0,3041,0,61,0,0,4"
NoiseDefectFree_002737.npy,0.11454597618706068,"1597,0,0,1801,0,2240,0,0,0,1961,1708,1500,0,3058,0,74,0,0,3"
NoiseDefectFree_000727.npy,0.11253765600344283,"1569,0,0,1815,0,2227,0,0,0,1986,1765,1469,0,3050,0,53,0,0,8"
Defect_L14_B243_el3183_H2_W2.npy,0.11992540525032276,"1672,0,0,1791,0,2251,0,0,0,1974,1732,1422,0,3012,5,54,1,0,28"
Defect_L3_B314_el4191_H2_W2.npy,0.11770190790417444,"1641,32,0,1803,6,2155,2,0,1,1981,1770,1479,0,3007,0,58,0,0,7"
NoiseDefectFree_001797.npy,0.11827571367092239,"1649,0,0,1807,0,2231,0,0,0,1978,1757,1403,0,3068,0,45,0,0,4"
NoiseDefectFree_003846.npy,0.11798881078754841,"1645,0,0,1801,0,2237,0,0,0,1966,1711,1444,0,3060,0,70,0,0,8"
Defect_L12_B425_el5875_H2_W2.npy,0.1142590733036867,"1593,0,0,1738,0,2303,0,0,0,1990,1783,1476,0,2974,5,70,0,5,5"
NoiseDefectFree_000937.npy,0.11583703916224358,"1615,0,0,1805,0,2235,0,0,0,1957,1739,1478,0,3058,0,51,0,0,4"
NoiseDefectFree_002266.npy,0.11727155357911347,"1635,0,0,1803,0,2239,0,0,0,1933,1727,1470,0,3066,0,62,0,0,7"
NoiseDefectFree_000825.npy,0.11884951943767035,"1657,0,0,1795,0,2244,0,0,0,1941,1736,1444,0,3056,0,66,0,0,3"
Defect_L13_B121_el1491_H2_W2.npy,0.11963850236694878,"1668,0,0,1807,0,2230,0,0,0,1959,1873,1237,0,3044,6,84,2,0,32"
NoiseDefectFree_001390.npy,0.11598049060393056,"1617,0,0,1788,0,2259,0,0,0,1938,1745,1495,0,3038,0,58,0,0,4"
NoiseDefectFree_003565.npy,0.116769473533209,"1628,0,0,1814,0,2231,0,0,0,1945,1729,1477,0,3057,0,54,0,0,7"
Defect_L2_B98_el4833_H8_W8.npy,0.11411562186199971,"1574,140,0,1548,19,2074,7,0,13,2222,2035,1497,0,2786,0,26,0,0,1"
Defect_L9_B60_el2831_H8_W8.npy,0.11763018218333095,"1630,115,0,1799,10,1781,3,0,13,2257,1843,1470,0,2989,0,26,0,0,6"
Defect_L10_B15_el143_H2_W2.npy,0.10758858126524172,"1493,0,0,1795,0,2240,0,0,1,2066,1715,1491,0,3067,0,69,0,0,5"
Defect_L15_B40_el1123_H4_W4.npy,0.1439535217328934,"2003,0,0,1790,0,2251,0,0,0,1853,2010,808,0,3053,7,94,3,0,70"
NoiseDefectFree_001869.npy,0.11390044469946924,"1588,0,0,1797,0,2245,0,0,0,1979,1751,1474,0,3043,0,62,0,0,3"
Defect_L3_B161_el4527_H4_W4.npy,0.11684119925405251,"1629,33,1,1778,7,2173,0,0,4,1989,1820,1461,0,2964,0,65,0,0,18"
Defect_L8_B82_el2143_H4_W4.npy,0.12946492612250754,"1805,30,0,1804,6,2158,11,0,12,1842,1742,1320,0,3050,0,81,0,0,81"
NoiseDefectFree_000807.npy,0.11748673074164395,"1638,0,0,1803,0,2236,0,0,0,1964,1714,1468,0,3053,0,65,0,0,1"
NoiseDefectFree_004806.npy,0.11497633051212165,"1603,0,0,1817,0,2218,0,0,0,1968,1737,1472,0,3063,0,59,0,0,5"
Defect_L12_B74_el829_H2_W2.npy,0.12760005738057667,"1779,0,0,1787,0,2262,0,0,0,1906,1823,1218,0,3050,4,82,0,0,31"
Defect_L17_B37_el471_H2_W2.npy,0.10966862716970306,"1525,0,0,1794,0,2248,0,0,0,2085,1820,1319,0,3051,2,73,5,4,16"
Defect_L17_B78_el3818_H8_W8.npy,0.1248027542676804,"1708,2,0,1744,0,1822,0,0,0,2419,1594,1440,0,2895,17,60,36,20,185"
NoiseDefectFree_004495.npy,0.1155501362788696,"1611,0,0,1794,0,2248,0,0,0,1957,1748,1472,0,3048,0,60,0,0,4"
NoiseDefectFree_002633.npy,0.11519150767465212,"1606,0,0,1796,0,2247,0,0,0,1957,1718,1493,0,3057,0,63,0,0,5"
Defect_L8_B259_el3499_H2_W2.npy,0.11418734758284321,"1592,16,1,1825,12,2074,1,0,3,2075,1745,1474,0,3067,0,51,0,0,6"
Defect_L16_B183_el5499_H4_W4.npy,0.11755845646248744,"1616,0,0,1660,0,2383,0,0,0,1956,1925,1453,0,2853,7,77,0,5,7"
Defect_L15_B42_el1131_H4_W4.npy,0.136207143881796,"1897,0,0,1822,0,2216,0,0,0,1890,2004,866,0,3061,7,106,1,0,72"
NoiseDefectFree_004389.npy,0.11483287907043466,"1601,0,0,1806,0,2237,0,0,0,1981,1748,1456,0,3052,0,57,0,0,4"
NoiseDefectFree_000146.npy,0.11927987376273132,"1663,0,0,1809,0,2231,0,0,0,1994,1731,1398,0,3051,0,57,0,0,8"
Defect_L15_B55_el2502_H8_W8.npy,0.12315306268828002,"1702,0,0,1803,0,2170,0,0,0,2025,1749,1116,0,3017,22,65,10,0,263"
NoiseDefectFree_002034.npy,0.12057093673791422,"1681,0,0,1804,0,2238,0,0,0,1930,1735,1430,0,3065,0,56,0,0,3"
Defect_L4_B86_el2159_H4_W4.npy,0.12257925692153206,"1709,58,0,1804,4,2209,5,0,7,1804,1844,1392,0,3051,0,32,0,0,23"
NoiseDefectFree_001166.npy,0.11526323339549563,"1607,0,0,1819,0,2221,0,0,0,1975,1720,1474,0,3055,0,66,0,0,5"
NoiseDefectFree_002051.npy,0.11827571367092239,"1649,0,0,1786,0,2251,0,0,0,1973,1729,1421,0,3066,0,63,0,0,4"
NoiseDefectFree_003761.npy,0.11719982785826998,"1634,0,0,1817,0,2232,0,0,0,1977,1703,1430,0,3068,0,77,0,0,4"
NoiseDefectFree_004436.npy,0.1129680103285038,"1575,0,0,1806,0,2234,0,0,0,2003,1714,1488,0,3050,0,66,0,0,6"
NoiseDefectFree_003431.npy,0.11483287907043466,"1601,0,0,1802,0,2246,0,0,0,1957,1745,1475,0,3065,0,45,0,0,6"
Defect_L11_B78_el837_H2_W2.npy,0.12924974895997704,"1798,0,0,1792,0,2240,0,0,0,1933,1842,1217,0,3044,1,61,1,0,13"
Defect_L9_B172_el2161_H2_W2.npy,0.11827571367092239,"1648,9,0,1777,5,2269,0,0,1,1896,1757,1465,0,3046,0,66,0,0,3"
Defect_L7_B373_el5203_H2_W2.npy,0.11411562186199971,"1591,8,1,1738,12,2269,0,0,1,1977,1747,1472,0,3058,0,61,0,0,7"
NoiseDefectFree_004362.npy,0.11863434227513986,"1654,0,0,1810,0,2227,0,0,0,1960,1765,1418,0,3046,0,57,0,0,5"
NoiseDefectFree_001772.npy,0.11849089083345288,"1652,0,0,1796,0,2239,0,0,0,1924,1735,1478,0,3048,0,60,0,0,10"
NoiseDefectFree_003512.npy,0.11511978195380863,"1605,0,0,1806,0,2232,0,0,0,1940,1727,1509,0,3058,0,58,0,0,7"
NoiseDefectFree_000272.npy,0.11605221632477407,"1618,0,0,1811,0,2231,0,0,0,1973,1708,1480,0,3055,0,59,0,0,7"
Defect_L12_B421_el5867_H2_W2.npy,0.11590876488308707,"1616,0,0,1774,0,2269,0,0,0,1943,1807,1488,0,2976,4,60,0,3,2"
NoiseDefectFree_002033.npy,0.116769473533209,"1628,0,0,1804,0,2239,0,0,0,1940,1732,1481,0,3056,0,59,0,0,3"
Defect_L10_B135_el1803_H2_W2.npy,0.12250753120068857,"1700,2,0,1807,1,2230,0,0,0,1884,1734,1441,0,3063,0,70,0,0,10"
NoiseDefectFree_003811.npy,0.1155501362788696,"1611,0,0,1811,0,2226,0,0,0,1967,1720,1473,0,3062,0,65,0,0,7"
NoiseDefectFree_004347.npy,0.1180605365083919,"1646,0,0,1806,0,2234,0,0,0,1949,1689,1465,0,3069,0,75,0,0,9"
NoiseDefectFree_000546.npy,0.1143307990245302,"1594,0,0,1798,0,2244,0,0,0,1957,1754,1488,0,3041,0,59,0,0,7"
NoiseDefectFree_003242.npy,0.11332663893272127,"1580,0,0,1790,0,2247,0,0,0,1991,1730,1464,0,3068,0,63,0,0,9"
Defect_L9_B386_el5513_H2_W2.npy,0.11390044469946924,"1588,8,1,1733,16,2254,0,0,3,2015,1780,1465,0,3021,0,55,0,0,3"
Defect_L10_B67_el815_H2_W2.npy,0.12006885669200976,"1665,0,0,1789,0,2256,0,0,0,1932,1770,1407,0,3061,0,56,0,0,6"
Defect_L9_B74_el3503_H8_W8.npy,0.12229235403815808,"1660,293,0,1744,14,1018,25,0,71,2777,1755,1411,0,3082,2,56,0,1,33"
NoiseDefectFree_000921.npy,0.11770190790417444,"1641,0,0,1819,0,2219,0,0,0,1938,1722,1462,0,3071,0,56,0,0,14"
Defect_L14_B157_el4495_H4_W4.npy,0.11813226222923541,"1645,0,0,1803,0,2239,0,0,0,1958,1831,1438,0,2927,9,79,0,1,12"
Defect_L5_B104_el2815_H4_W4.npy,0.1195667766461053,"1663,17,0,1803,5,2063,0,0,9,2073,1734,1405,0,3043,0,87,0,0,40"
Defect_L12_B357_el5157_H2_W2.npy,0.11705637641658298,"1632,0,0,1783,0,2255,0,0,0,1970,1859,1452,0,2905,1,72,0,1,12"
Defect_L9_B337_el4819_H2_W2.npy,0.11583703916224358,"1615,2,0,1790,3,2219,0,0,0,1994,1760,1477,0,3029,0,49,0,0,4"
Defect_L11_B21_el479_H4_W4.npy,0.10852101563620714,"1511,0,0,1818,0,2218,0,0,0,1970,1979,1257,0,3054,8,88,1,0,38"
NoiseDefectFree_004279.npy,0.11354181609525175,"1583,0,0,1801,0,2241,0,0,0,1946,1714,1538,0,3055,0,62,0,0,2"
NoiseDefectFree_002984.npy,0.11935159948357481,"1664,0,0,1822,0,2215,0,0,0,1959,1732,1421,0,3053,0,68,0,0,8"
NoiseDefectFree_000131.npy,0.11440252474537368,"1595,0,0,1820,0,2218,0,0,0,1983,1709,1491,0,3059,0,61,0,0,6"
Defect_L9_B33_el811_H4_W4.npy,0.0986945918806484,"1359,15,0,1785,6,2256,1,0,19,2245,1819,1320,0,3051,0,60,0,0,6"
NoiseDefectFree_002668.npy,0.116769473533209,"1628,0,0,1806,0,2235,0,0,0,1956,1756,1445,0,3053,0,61,0,0,2"
Defect_L5_B157_el2131_H2_W2.npy,0.12107301678381868,"1680,9,2,1804,8,2234,0,0,0,1914,1713,1441,0,3051,0,73,0,0,13"
NoiseDefectFree_003224.npy,0.11834743939176588,"1650,0,0,1787,0,2255,0,0,0,1963,1762,1419,0,3048,0,54,0,0,4"
Defect_L6_B30_el457_H2_W2.npy,0.11146177019079041,"1552,0,0,1807,6,2232,0,0,1,2019,1732,1473,0,3049,0,60,0,0,11"
Defect_L8_B131_el1795_H2_W2.npy,0.12666762300961124,"1766,9,0,1802,8,2241,0,0,0,1803,1685,1459,0,3059,0,86,0,0,24"
NoiseDefectFree_000615.npy,0.11461770190790417,"1598,0,0,1811,0,2234,0,0,0,1947,1707,1512,0,3059,0,71,0,0,3"
Defect_L2_B172_el5155_H4_W4.npy,0.11289628460766031,"1561,39,0,1767,6,2137,7,0,7,2068,1973,1493,0,2822,0,53,0,0,9"
NoiseDefectFree_001467.npy,0.11260938172428633,"1570,0,0,1800,0,2236,0,0,0,1961,1751,1508,0,3056,0,58,0,0,2"
NoiseDefectFree_004498.npy,0.11361354181609525,"1584,0,0,1808,0,2229,0,0,0,1977,1728,1492,0,3064,0,59,0,0,1"
NoiseDefectFree_003043.npy,0.11533495911633912,"1608,0,0,1794,0,2242,0,0,0,1955,1710,1484,0,3078,0,67,0,0,4"
NoiseDefectFree_002420.npy,0.11361354181609525,"1584,0,0,1789,0,2257,0,0,0,1991,1714,1487,0,3048,0,63,0,0,9"
Defect_L8_B149_el1831_H2_W2.npy,0.11483287907043466,"1601,9,0,1807,8,2242,0,0,0,1938,1758,1472,0,3033,0,65,0,0,9"
NoiseDefectFree_003295.npy,0.11569358772055659,"1613,0,0,1798,0,2246,0,0,0,1942,1742,1499,0,3034,0,64,0,0,4"
Defect_L4_B445_el6199_H2_W2.npy,0.11583703916224358,"1615,12,1,1720,2,2293,3,0,2,1959,1720,1486,0,3053,0,67,0,0,9"
NoiseDefectFree_001501.npy,0.11569358772055659,"1613,0,0,1798,0,2241,0,0,0,1946,1725,1490,0,3064,0,56,0,0,9"
NoiseDefectFree_001522.npy,0.11189212451585138,"1560,0,0,1804,0,2235,0,0,0,1980,1747,1514,0,3048,0,51,0,0,3"
Defect_L3_B189_el2479_H2_W2.npy,0.11454597618706068,"1597,23,0,1792,0,2227,0,0,2,1953,1703,1472,0,3049,0,92,0,0,32"
NoiseDefectFree_004233.npy,0.11540668483718261,"1609,0,0,1784,0,2254,0,0,0,1952,1733,1500,0,3043,0,64,0,0,3"
Defect_L2_B355_el4869_H2_W2.npy,0.11870606799598336,"1655,10,0,1784,11,2232,0,0,0,1965,1749,1436,0,3046,0,52,0,0,2"
NoiseDefectFree_004431.npy,0.11476115334959117,"1600,0,0,1806,0,2223,0,0,0,1966,1748,1486,0,3043,0,63,0,0,7"
NoiseDefectFree_000391.npy,0.11834743939176588,"1650,0,0,1785,0,2253,0,0,0,1945,1768,1454,0,3031,0,51,0,0,5"
Defect_L2_B74_el829_H2_W2.npy,0.11892124515851385,"1649,22,0,1807,0,2236,0,0,1,1839,1741,1506,0,3059,0,69,0,0,13"
Defect_L9_B149_el1831_H2_W2.npy,0.12035575957538373,"1677,9,0,1809,5,2230,0,0,1,1925,1723,1427,0,3069,0,64,0,0,3"
Defect_L14_B272_el3525_H2_W2.npy,0.11260938172428633,"1570,0,0,1807,0,2230,0,0,0,1968,1727,1527,0,3045,3,46,1,0,18"
Defect_L6_B45_el2145_H8_W8.npy,0.13326638932721274,"1856,112,1,1817,16,2071,2,0,66,1720,1987,1196,0,3035,0,3,0,0,60"
NoiseDefectFree_004807.npy,0.11382871897862573,"1587,0,0,1803,0,2237,0,0,0,1993,1755,1454,0,3051,0,56,0,0,6"
Defect_L10_B239_el3175_H2_W2.npy,0.11655429637067853,"1619,13,0,1827,5,2004,0,0,0,2149,1732,1477,0,3038,0,60,0,0,18"
Defect_L6_B25_el495_H4_W4.npy,0.10292640941041457,"1434,18,0,1812,7,2232,0,0,14,2050,1731,1526,0,3051,0,58,0,0,9"
Defect_L3_B313_el4189_H2_W2.npy,0.11447425046621719,"1596,30,0,1799,6,2163,2,0,1,2012,1780,1478,0,3001,0,65,0,0,9"
Defect_L3_B101_el1167_H2_W2.npy,0.12057093673791422,"1681,22,0,1802,1,2237,0,0,1,1828,1747,1506,0,3038,0,72,0,0,7"
NoiseDefectFree_003994.npy,0.11476115334959117,"1600,0,0,1815,0,2223,0,0,0,1983,1727,1469,0,3058,0,60,0,0,7"
Defect_L5_B25_el495_H4_W4.npy,0.10350021517716253,"1433,21,0,1795,10,2246,0,0,12,2060,1709,1510,0,3078,0,61,0,0,7"
Defect_L5_B346_el4851_H2_W2.npy,0.11447425046621719,"1595,2,0,1787,1,2248,0,0,0,1965,1748,1488,0,3042,0,57,0,0,9"
Defect_L16_B72_el3489_H8_W8.npy,0.11698465069573949,"1561,0,0,1774,0,2032,0,0,0,2260,1317,1488,0,3209,15,135,6,0,145"
Defect_L5_B216_el2817_H2_W2.npy,0.11626739348730454,"1616,9,0,1796,5,2152,0,0,1,2052,1721,1454,0,3035,0,82,0,0,19"
NoiseDefectFree_002422.npy,0.11777363362501793,"1642,0,0,1809,0,2228,0,0,0,1986,1743,1425,0,3050,0,51,0,0,8"
Defect_L18_B176_el2169_H2_W2.npy,0.1182039879500789,"1640,0,0,1801,0,2229,0,0,0,1974,1782,1332,0,3080,2,38,3,8,53"
NoiseDefectFree_001751.npy,0.12222062831731459,"1704,0,0,1818,0,2219,0,0,0,1944,1722,1395,0,3078,0,56,0,0,6"
Defect_L11_B82_el3846_H8_W8.npy,0.11712810213742648,"1629,0,0,1726,0,2038,0,0,0,2213,1641,1468,0,2967,29,123,2,2,104"
Defect_L8_B135_el3823_H4_W4.npy,0.11583703916224358,"1615,54,0,1813,9,1726,12,0,10,2383,1808,1437,0,3002,0,51,0,0,22"
NoiseDefectFree_000339.npy,0.1142590733036867,"1593,0,0,1829,0,2214,0,0,0,1936,1735,1517,0,3051,0,63,0,0,4"
Defect_L2_B60_el801_H2_W2.npy,0.11533495911633912,"1599,19,0,1791,0,2246,1,0,1,1942,1807,1438,0,3038,0,55,0,0,5"
NoiseDefectFree_001342.npy,0.11260938172428633,"1570,0,0,1809,0,2224,0,0,0,1989,1725,1512,0,3044,0,65,0,0,4"
Defect_L2_B163_el2143_H2_W2.npy,0.12049921101707071,"1671,23,0,1812,0,2220,0,0,2,1894,1744,1415,0,3062,0,85,0,0,14"
Defect_L13_B156_el1845_H2_W2.npy,0.1129680103285038,"1575,0,0,1794,0,2248,0,0,0,1982,1814,1396,0,3051,5,40,1,0,36"
NoiseDefectFree_003641.npy,0.11841916511260939,"1651,0,0,1820,0,2212,0,0,0,1931,1712,1482,0,3060,0,65,0,0,9"
NoiseDefectFree_000330.npy,0.11483287907043466,"1601,0,0,1811,0,2230,0,0,0,1952,1705,1516,0,3053,0,68,0,0,6"
Defect_L2_B192_el2485_H2_W2.npy,0.12365514273418447,"1715,24,0,1772,0,2242,1,0,1,1909,1720,1418,0,3050,0,75,0,0,15"
NoiseDefectFree_003005.npy,0.11447425046621719,"1596,0,0,1801,0,2241,0,0,0,1966,1770,1491,0,3031,0,43,0,0,3"
Defect_L4_B208_el6167_H4_W4.npy,0.11648257064983503,"1623,36,1,1495,4,2444,13,0,6,1968,1812,1498,0,2948,22,67,0,0,5"
NoiseDefectFree_004091.npy,0.11139004446994692,"1553,0,0,1819,0,2214,0,0,0,1998,1761,1486,0,3048,0,55,0,0,8"
NoiseDefectFree_002323.npy,0.11454597618706068,"1597,0,0,1805,0,2238,0,0,0,1951,1732,1498,0,3054,0,61,0,0,6"
Defect_L8_B443_el6195_H2_W2.npy,0.11390044469946924,"1588,5,1,1693,10,2318,1,0,4,1970,1738,1492,0,3048,0,65,0,0,9"
Defect_L5_B130_el3519_H4_W4.npy,0.11368526753693875,"1574,56,0,1794,14,1933,0,0,16,2193,1853,1498,0,2983,0,27,0,0,1"
NoiseDefectFree_004198.npy,0.11583703916224358,"1615,0,0,1810,0,2230,0,0,0,1959,1736,1479,0,3043,0,57,0,0,13"
NoiseDefectFree_003550.npy,0.1142590733036867,"1593,0,0,1803,0,2243,0,0,0,1955,1746,1487,0,3052,0,60,0,0,3"
Defect_L12_B159_el4519_H4_W4.npy,0.11590876488308707,"1616,0,0,1796,0,2243,0,0,0,1951,1923,1483,0,2853,0,66,0,1,10"
NoiseDefectFree_004204.npy,0.1194233252044183,"1665,0,0,1802,0,2246,0,0,0,1917,1739,1445,0,3057,0,60,0,0,11"
Defect_L2_B138_el3835_H4_W4.npy,0.12049921101707071,"1655,98,1,1828,2,1603,2,0,8,2445,1807,1432,0,2942,0,85,0,2,32"
Defect_L5_B8_el143_H4_W4.npy,0.08434944771194951,"1168,8,0,1806,8,2234,1,0,17,2265,1733,1582,0,3059,0,55,0,0,6"
Defect_L17_B121_el5862_H8_W8.npy,0.12358341701334098,"1705,0,0,1216,0,2808,0,0,0,1984,2077,1448,0,2454,56,84,18,45,47"
NoiseDefectFree_001640.npy,0.11641084492899154,"1623,0,0,1807,0,2233,0,0,0,1959,1738,1456,0,3054,0,61,0,0,11"
NoiseDefectFree_000061.npy,0.11784535934586142,"1643,0,0,1811,0,2230,0,0,0,1942,1728,1458,0,3059,0,61,0,0,10"
NoiseDefectFree_001241.npy,0.11368526753693875,"1585,0,0,1825,0,2213,0,0,0,1991,1741,1471,0,3053,0,55,0,0,8"
Defect_L17_B409_el5843_H2_W2.npy,0.11468942762874768,"1593,0,0,1769,0,2270,0,0,0,1985,1800,1465,0,2972,5,61,7,6,9"
Defect_L10_B129_el6205_H8_W8.npy,0.11519150767465212,"1604,39,3,1316,21,2472,0,0,72,2055,2027,1495,0,2752,17,63,0,0,6"
NoiseDefectFree_002344.npy,0.11655429637067853,"1625,0,0,1808,0,2232,0,0,0,1959,1738,1446,0,3060,0,70,0,0,4"
NoiseDefectFree_002121.npy,0.11877779371682685,"1656,0,0,1804,0,2235,0,0,0,1944,1745,1445,0,3044,0,64,0,0,5"
NoiseDefectFree_001525.npy,0.11569358772055659,"1613,0,0,1799,0,2241,0,0,0,1968,1709,1475,0,3065,0,65,0,0,7"
Defect_L5_B97_el2503_H4_W4.npy,0.11583703916224358,"1607,26,3,1802,8,2165,2,0,15,1974,1853,1435,0,3037,0,15,0,0,0"
NoiseDefectFree_000154.npy,0.11813226222923541,"1647,0,0,1795,0,2238,0,0,0,1929,1742,1468,0,3067,0,50,0,0,6"
NoiseDefectFree_000482.npy,0.11504805623296514,"1604,0,0,1800,0,2239,0,0,0,1993,1765,1440,0,3038,0,58,0,0,5"
Defect_L16_B43_el2131_H8_W8.npy,0.15492755702194808,"2094,0,0,1789,0,2088,0,0,0,1931,1801,774,0,3065,18,72,10,0,300"
Defect_L8_B392_el5525_H2_W2.npy,0.12114474250466217,"1689,8,1,1691,14,2307,1,0,4,1948,1761,1409,0,3049,0,56,0,0,4"
Defect_L7_B58_el2810_H8_W8.npy,0.12272270836321905,"1711,78,0,1796,9,1502,0,0,64,2436,1791,1454,0,2994,0,54,0,0,53"
NoiseDefectFree_001763.npy,0.11612394204561756,"1619,0,0,1807,0,2232,0,0,0,1961,1735,1452,0,3066,0,61,0,0,9"
Defect_L17_B108_el2847_H4_W4.npy,0.11763018218333095,"1635,0,0,1794,0,2171,0,0,0,2057,1730,1427,0,3023,4,31,7,1,62"
Defect_L5_B4_el127_H4_W4.npy,0.08843781380002869,"1226,9,0,1814,7,2231,4,0,15,2212,1758,1546,0,3058,0,57,0,0,5"
Defect_L6_B57_el795_H2_W2.npy,0.12322478840912351,"1716,3,0,1799,6,2234,0,0,1,1905,1772,1401,0,3049,0,49,0,0,7"
Defect_L3_B429_el6167_H2_W2.npy,0.11454597618706068,"1596,16,2,1669,2,2339,0,0,2,1977,1735,1479,0,3064,0,57,0,0,4"
NoiseDefectFree_004854.npy,0.11519150767465212,"1606,0,0,1810,0,2231,0,0,0,1968,1749,1461,0,3061,0,50,0,0,6"
NoiseDefectFree_002712.npy,0.11447425046621719,"1596,0,0,1813,0,2226,0,0,0,1970,1739,1473,0,3057,0,60,0,0,8"
Defect_L18_B181_el2179_H2_W2.npy,0.11440252474537368,"1587,0,0,1830,0,2203,0,0,0,2008,1789,1367,0,3069,3,40,3,8,35"
NoiseDefectFree_004151.npy,0.11605221632477407,"1618,0,0,1798,0,2235,0,0,0,1956,1714,1498,0,3056,0,60,0,0,7"
NoiseDefectFree_001334.npy,0.11748673074164395,"1638,0,0,1804,0,2235,0,0,0,1923,1748,1480,0,3053,0,56,0,0,5"
Defect_L16_B116_el3179_H4_W4.npy,0.116769473533209,"1610,0,0,1794,0,2237,0,0,0,1972,1629,1462,0,3087,10,38,3,2,98"
Defect_L15_B35_el1501_H8_W8.npy,0.1246593028259934,"1729,0,0,1796,0,2249,0,0,0,2017,2458,373,0,3019,19,90,4,0,188"
Defect_L9_B267_el3515_H2_W2.npy,0.11461770190790417,"1598,18,0,1800,11,2068,0,0,0,2102,1755,1497,0,3033,0,55,0,0,5"
Defect_L19_B50_el1163_H4_W4.npy,0.11784535934586142,"1643,0,0,1813,0,2223,0,0,0,2114,1998,875,0,3054,5,79,10,19,109"
NoiseDefectFree_003851.npy,0.11569358772055659,"1613,0,0,1801,0,2234,0,0,0,1957,1744,1474,0,3062,0,54,0,0,3"
Defect_L6_B131_el3523_H4_W4.npy,0.11375699325778224,"1582,37,0,1785,9,1914,0,0,13,2263,1860,1484,0,2965,0,29,0,0,1"
NoiseDefectFree_004125.npy,0.11770190790417444,"1641,0,0,1800,0,2243,0,0,0,1955,1744,1439,0,3051,0,63,0,0,6"
Defect_L16_B129_el3515_H4_W4.npy,0.11641084492899154,"1601,0,0,1810,0,2225,0,0,0,1974,1630,1500,0,3071,6,64,1,0,60"
NoiseDefectFree_004789.npy,0.11461770190790417,"1598,0,0,1813,0,2228,0,0,0,1966,1738,1475,0,3048,0,70,0,0,6"
NoiseDefectFree_002867.npy,0.11834743939176588,"1650,0,0,1808,0,2231,0,0,0,1978,1750,1402,0,3056,0,64,0,0,3"
NoiseDefectFree_001387.npy,0.1131114617701908,"1577,0,0,1807,0,2228,0,0,0,2003,1735,1482,0,3046,0,55,0,0,9"
Defect_L2_B201_el5855_H4_W4.npy,0.11612394204561756,"1596,47,0,1643,5,2286,4,0,7,2008,1864,1501,0,2902,2,64,0,0,13"
NoiseDefectFree_003068.npy,0.11540668483718261,"1609,0,0,1799,0,2238,0,0,0,1969,1741,1459,0,3061,0,57,0,0,9"
Defect_L16_B121_el1491_H2_W2.npy,0.11841916511260939,"1642,0,0,1810,0,2227,0,0,0,2021,1828,1257,0,3055,2,79,0,0,21"
NoiseDefectFree_003630.npy,0.11468942762874768,"1599,0,0,1808,0,2235,0,0,0,1972,1751,1466,0,3051,0,55,0,0,5"
Defect_L13_B32_el461_H2_W2.npy,0.1194233252044183,"1665,0,0,1798,0,2244,0,0,0,2019,1850,1216,0,3061,5,63,0,0,21"
Defect_L5_B89_el4189_H8_W8.npy,0.11777363362501793,"1638,95,2,1768,8,1799,0,0,34,2291,2009,1369,0,2853,0,31,0,0,45"
NoiseDefectFree_003029.npy,0.1129680103285038,"1575,0,0,1798,0,2241,0,0,0,1971,1739,1509,0,3049,0,56,0,0,4"
NoiseDefectFree_002970.npy,0.1142590733036867,"1593,0,0,1810,0,2234,0,0,0,1972,1739,1469,0,3068,0,52,0,0,5"
Defect_L18_B193_el5539_H4_W4.npy,0.11978195380863578,"1653,0,0,1593,0,2439,0,0,0,1959,1899,1459,0,2820,8,63,8,22,19"
Defect_L17_B72_el825_H2_W2.npy,0.123296514129967,"1713,0,0,1807,0,2230,0,0,0,2033,1817,1173,0,3062,2,67,7,2,29"
Defect_L3_B108_el5197_H8_W8.npy,0.12107301678381868,"1688,134,0,1498,11,2089,15,0,51,2140,2203,1454,0,2618,5,32,0,0,4"
NoiseDefectFree_004264.npy,0.11490460479127815,"1602,0,0,1804,0,2247,0,0,0,1979,1726,1454,0,3061,0,58,0,0,11"
NoiseDefectFree_000646.npy,0.11576531344140009,"1614,0,0,1810,0,2227,0,0,0,1948,1710,1491,0,3075,0,61,0,0,6"
Defect_L7_B343_el4831_H2_W2.npy,0.11770190790417444,"1641,2,0,1792,4,2227,0,0,0,1941,1722,1494,0,3047,0,66,0,0,6"
NoiseDefectFree_002075.npy,0.11275283316597332,"1572,0,0,1817,0,2224,0,0,0,1985,1754,1482,0,3042,0,60,0,0,6"
NoiseDefectFree_000342.npy,0.11576531344140009,"1614,0,0,1809,0,2229,0,0,0,1949,1722,1498,0,3043,0,71,0,0,7"
Defect_L3_B247_el3475_H2_W2.npy,0.11476115334959117,"1600,23,0,1795,1,2122,1,0,1,2064,1703,1494,0,3053,0,68,0,0,17"
NoiseDefectFree_001623.npy,0.11583703916224358,"1615,0,0,1803,0,2239,0,0,0,1969,1723,1464,0,3070,0,52,0,0,7"
Defect_L10_B164_el4823_H4_W4.npy,0.11748673074164395,"1619,7,1,1794,2,2148,0,0,0,2046,1835,1484,0,2954,0,49,0,0,3"
Defect_L9_B57_el1475_H4_W4.npy,0.1311146177019079,"1812,18,0,1795,5,2240,1,0,18,1936,1847,1150,0,3053,0,51,0,0,16"
Defect_L6_B96_el2499_H4_W4.npy,0.11404389614115622,"1589,23,0,1810,8,2130,2,0,16,2027,1794,1442,0,3044,0,54,0,0,3"
Defect_L8_B83_el1131_H2_W2.npy,0.13663749820685697,"1905,3,0,1813,6,2231,0,0,2,1782,1784,1290,0,3058,0,56,0,0,12"
Defect_L2_B436_el6181_H2_W2.npy,0.11504805623296514,"1596,20,1,1663,3,2338,1,0,1,1974,1713,1501,0,3057,0,69,0,0,5"
Defect_L14_B77_el835_H2_W2.npy,0.12881939463491607,"1796,0,0,1816,0,2220,0,0,0,1983,1777,1192,0,3055,4,72,0,0,27"
NoiseDefectFree_000075.npy,0.11590876488308707,"1616,0,0,1795,0,2244,0,0,0,1941,1736,1508,0,3043,0,52,0,0,7"
Defect_L17_B163_el2143_H2_W2.npy,0.11971022808779229,"1663,0,0,1830,0,2204,0,0,0,1945,1671,1384,0,3047,3,106,7,2,80"
Defect_L14_B40_el1823_H8_W8.npy,0.12308133696743652,"1695,0,0,1803,0,2207,0,0,0,2152,1826,625,0,3067,22,76,43,0,426"
NoiseDefectFree_002052.npy,0.11332663893272127,"1580,0,0,1804,0,2233,0,0,0,1973,1720,1509,0,3066,0,51,0,0,6"
NoiseDefectFree_002542.npy,0.11526323339549563,"1607,0,0,1814,0,2221,0,0,0,1948,1737,1499,0,3056,0,52,0,0,8"
NoiseDefectFree_001302.npy,0.11368526753693875,"1585,0,0,1799,0,2241,0,0,0,1985,1730,1479,0,3059,0,60,0,0,4"
Defect_L12_B379_el5499_H2_W2.npy,0.11655429637067853,"1625,0,0,1768,0,2272,0,0,0,1928,1841,1488,0,2924,7,79,0,1,9"
Defect_L10_B20_el475_H4_W4.npy,0.09991392913498781,"1384,3,0,1796,1,2241,0,0,14,2261,1849,1275,0,3052,0,57,0,0,9"
NoiseDefectFree_001305.npy,0.1131114617701908,"1577,0,0,1804,0,2230,0,0,0,2010,1731,1471,0,3065,0,48,0,0,6"
Defect_L13_B174_el5163_H4_W4.npy,0.11590876488308707,"1616,0,0,1692,0,2345,0,0,0,1962,1954,1494,0,2779,7,82,0,2,9"
Defect_L16_B101_el1167_H2_W2.npy,0.12128819394634915,"1683,0,0,1812,0,2230,0,0,0,1997,1792,1283,0,3051,3,61,0,0,30"
NoiseDefectFree_002600.npy,0.11741500502080046,"1637,0,0,1783,0,2251,0,0,0,1955,1759,1456,0,3054,0,43,0,0,4"
NoiseDefectFree_002574.npy,0.11813226222923541,"1647,0,0,1792,0,2249,0,0,0,1947,1717,1450,0,3066,0,60,0,0,14"
NoiseDefectFree_003187.npy,0.11540668483718261,"1609,0,0,1821,0,2217,0,0,0,1947,1736,1486,0,3059,0,61,0,0,6"
NoiseDefectFree_002769.npy,0.11655429637067853,"1625,0,0,1802,0,2237,0,0,0,1978,1751,1443,0,3063,0,42,0,0,1"
NoiseDefectFree_004832.npy,0.1156218619997131,"1612,0,0,1791,0,2252,0,0,0,1967,1752,1457,0,3049,0,57,0,0,5"
NoiseDefectFree_004224.npy,0.116769473533209,"1628,0,0,1805,0,2225,0,0,0,1974,1739,1433,0,3066,0,68,0,0,4"
Defect_L4_B168_el2153_H2_W2.npy,0.11698465069573949,"1631,18,0,1820,2,2224,2,0,1,1927,1738,1440,0,3057,0,75,0,0,7"
NoiseDefectFree_002107.npy,0.11519150767465212,"1606,0,0,1816,0,2220,0,0,0,1977,1728,1468,0,3062,0,60,0,0,5"
NoiseDefectFree_002680.npy,0.11777363362501793,"1642,0,0,1794,0,2243,0,0,0,1959,1731,1474,0,3037,0,56,0,0,6"
NoiseDefectFree_001388.npy,0.11590876488308707,"1616,0,0,1810,0,2224,0,0,0,1947,1737,1498,0,3057,0,44,0,0,9"
Defect_L3_B98_el4833_H8_W8.npy,0.11727155357911347,"1635,151,0,1517,13,2071,14,0,14,2196,2067,1463,0,2781,0,18,0,0,2"
Defect_L17_B451_el6211_H2_W2.npy,0.11619566776646105,"1615,0,0,1804,0,2230,0,0,0,1962,1733,1492,0,3005,6,67,6,7,15"
Defect_L11_B117_el5834_H8_W8.npy,0.11662602209152202,"1625,0,0,1497,0,2461,0,0,0,2044,2053,1478,0,2591,44,129,0,4,16"
NoiseDefectFree_001280.npy,0.11662602209152202,"1626,0,0,1802,0,2232,0,0,0,1975,1728,1447,0,3065,0,63,0,0,4"
NoiseDefectFree_000805.npy,0.11390044469946924,"1588,0,0,1814,0,2225,0,0,0,2005,1753,1452,0,3045,0,59,0,0,1"
NoiseDefectFree_001556.npy,0.11454597618706068,"1597,0,0,1815,0,2223,0,0,0,1950,1756,1494,0,3051,0,52,0,0,4"
Defect_L5_B11_el472_H8_W8.npy,0.06527040596757998,"893,44,0,1797,17,2244,6,0,60,2456,1902,1367,0,3056,0,57,0,0,43"
NoiseDefectFree_004567.npy,0.11461770190790417,"1598,0,0,1802,0,2233,0,0,0,1976,1754,1455,0,3056,0,62,0,0,6"
Defect_L6_B179_el2175_H2_W2.npy,0.11354181609525175,"1581,8,0,1808,7,2230,0,0,1,1986,1802,1441,0,3052,0,24,0,0,2"
NoiseDefectFree_004842.npy,0.11669774781236551,"1627,0,0,1822,0,2216,0,0,0,1965,1709,1463,0,3068,0,63,0,0,9"
NoiseDefectFree_003595.npy,0.11354181609525175,"1583,0,0,1814,0,2223,0,0,0,1989,1745,1470,0,3058,0,54,0,0,6"
Defect_L10_B81_el2139_H4_W4.npy,0.12803041170563764,"1779,14,0,1796,2,2173,0,0,12,1877,1704,1392,0,3050,0,83,0,0,60"
Defect_L18_B419_el5863_H2_W2.npy,0.11354181609525175,"1575,0,0,1781,0,2257,0,0,0,1992,1802,1490,0,2960,1,62,1,13,8"
Defect_L18_B1_el115_H4_W4.npy,0.10737340410271123,"1478,0,0,1803,0,2236,0,0,0,2068,2065,1055,0,3059,10,71,7,19,71"
NoiseDefectFree_004178.npy,0.1155501362788696,"1611,0,0,1816,0,2224,0,0,0,1972,1749,1465,0,3060,0,41,0,0,4"
NoiseDefectFree_001309.npy,0.11734327929995697,"1636,0,0,1800,0,2239,0,0,0,1937,1726,1486,0,3053,0,58,0,0,7"
NoiseDefectFree_003453.npy,0.11684119925405251,"1629,0,0,1825,0,2210,0,0,0,1925,1745,1502,0,3049,0,54,0,0,3"
NoiseDefectFree_003696.npy,0.11906469660020083,"1660,0,0,1818,0,2220,0,0,0,1945,1729,1451,0,3062,0,46,0,0,11"
NoiseDefectFree_004243.npy,0.116769473533209,"1628,0,0,1815,0,2226,0,0,0,1972,1749,1454,0,3026,0,61,0,0,11"
NoiseDefectFree_002199.npy,0.11763018218333095,"1640,0,0,1820,0,2218,0,0,0,1934,1725,1478,0,3063,0,58,0,0,6"
NoiseDefectFree_004426.npy,0.11468942762874768,"1599,0,0,1808,0,2240,0,0,0,1972,1743,1451,0,3054,0,66,0,0,9"
Defect_L3_B371_el5199_H2_W2.npy,0.11598049060393056,"1617,17,1,1737,10,2257,2,0,2,1971,1736,1467,0,3061,0,60,0,0,4"
NoiseDefectFree_000944.npy,0.12021230813369674,"1676,0,0,1829,0,2208,0,0,0,1952,1742,1425,0,3053,0,49,0,0,8"
NoiseDefectFree_000823.npy,0.11813226222923541,"1647,0,0,1812,0,2222,0,0,0,1958,1709,1463,0,3059,0,66,0,0,6"
Defect_L14_B36_el823_H4_W4.npy,0.10816238703198967,"1507,0,0,1807,0,2226,0,0,0,1997,2042,1098,0,3053,10,70,12,0,120"
Defect_L16_B348_el4855_H2_W2.npy,0.11519150767465212,"1606,0,0,1800,0,2240,0,0,0,1969,1767,1486,0,2997,3,72,0,0,2"
Defect_L17_B1_el115_H4_W4.npy,0.10809066131114618,"1497,0,0,1814,0,2224,0,0,0,2077,2102,1020,0,3061,11,51,12,14,59"
Defect_L7_B347_el4853_H2_W2.npy,0.11569358772055659,"1613,4,0,1751,6,2269,0,0,0,1975,1744,1470,0,3041,0,64,0,0,5"
NoiseDefectFree_004548.npy,0.11605221632477407,"1618,0,0,1820,0,2216,0,0,0,1997,1730,1444,0,3046,0,65,0,0,6"
NoiseDefectFree_002539.npy,0.11755845646248744,"1639,0,0,1797,0,2246,0,0,0,1942,1706,1467,0,3067,0,71,0,0,7"
Defect_L2_B278_el3821_H2_W2.npy,0.11590876488308707,"1607,25,0,1799,3,2091,0,0,2,2088,1769,1454,0,3027,0,68,0,0,9"
Defect_L9_B66_el3160_H8_W8.npy,0.11920814804188783,"1636,261,0,1782,11,1227,19,0,42,2640,1703,1425,0,3118,0,31,2,0,45"
Defect_L6_B41_el1127_H4_W4.npy,0.1312580691435949,"1828,19,1,1813,8,2226,0,0,13,1876,1944,1095,0,3039,0,71,0,0,9"
NoiseDefectFree_003055.npy,0.11511978195380863,"1605,0,0,1797,0,2243,0,0,0,1962,1711,1497,0,3053,0,67,0,0,7"
NoiseDefectFree_003676.npy,0.11705637641658298,"1632,0,0,1805,0,2236,0,0,0,1972,1736,1449,0,3033,0,72,0,0,7"
Defect_L2_B187_el2475_H2_W2.npy,0.11490460479127815,"1593,24,0,1790,0,2228,0,0,2,1956,1733,1444,0,3071,0,81,0,0,20"
Defect_L10_B101_el2803_H4_W4.npy,0.11719982785826998,"1619,11,0,1815,0,2053,0,0,2,2119,1680,1473,0,3059,0,88,0,0,23"
Defect_L11_B380_el5501_H2_W2.npy,0.11217902739922536,"1564,0,0,1770,0,2270,0,0,0,1989,1844,1492,0,2938,2,64,0,0,9"
NoiseDefectFree_003301.npy,0.11440252474537368,"1595,0,0,1811,0,2230,0,0,0,1974,1763,1457,0,3054,0,54,0,0,4"
NoiseDefectFree_003311.npy,0.11139004446994692,"1553,0,0,1788,0,2249,0,0,0,1997,1729,1503,0,3058,0,57,0,0,8"
Defect_L18_B66_el813_H2_W2.npy,0.1207861139004447,"1676,0,0,1814,0,2222,0,0,0,2076,1819,1175,0,3050,2,76,2,8,22"
Defect_L2_B105_el2835_H4_W4.npy,0.12365514273418447,"1719,50,0,1811,5,1970,0,0,1,2120,1914,1333,0,3007,0,11,0,0,1"
Defect_L4_B125_el6177_H8_W8.npy,0.11834743939176588,"1649,142,0,1271,9,2424,23,0,33,2044,1964,1494,0,2780,27,73,0,0,9"
NoiseDefectFree_000833.npy,0.11906469660020083,"1660,0,0,1784,0,2259,0,0,0,1962,1725,1437,0,3062,0,52,0,0,1"
NoiseDefectFree_003463.npy,0.11590876488308707,"1616,0,0,1791,0,2247,0,0,0,1937,1742,1506,0,3043,0,52,0,0,8"
Defect_L16_B399_el5539_H2_W2.npy,0.11619566776646105,"1611,0,0,1785,0,2254,0,0,0,1968,1774,1474,0,2986,0,77,0,4,9"
NoiseDefectFree_000055.npy,0.11476115334959117,"1600,0,0,1812,0,2230,0,0,0,1978,1753,1454,0,3041,0,70,0,0,4"
NoiseDefectFree_003452.npy,0.11404389614115622,"1590,0,0,1816,0,2225,0,0,0,1969,1750,1478,0,3059,0,49,0,0,6"
Defect_L6_B29_el795_H4_W4.npy,0.11913642232104432,"1660,8,1,1812,7,2227,0,0,15,1974,1838,1262,0,3072,0,56,0,0,10"
NoiseDefectFree_001482.npy,0.11583703916224358,"1615,0,0,1818,0,2221,0,0,0,1993,1751,1423,0,3056,0,54,0,0,11"
NoiseDefectFree_004874.npy,0.11669774781236551,"1627,0,0,1810,0,2231,0,0,0,1971,1742,1450,0,3049,0,54,0,0,8"
Defect_L2_B297_el3859_H2_W2.npy,0.11755845646248744,"1630,37,1,1805,8,2130,0,0,2,1999,1823,1466,0,2980,0,51,0,0,10"
NoiseDefectFree_003336.npy,0.1131114617701908,"1577,0,0,1811,0,2229,0,0,0,1988,1707,1496,0,3070,0,57,0,0,7"
Defect_L4_B213_el2811_H2_W2.npy,0.11619566776646105,"1620,8,1,1790,7,2180,1,0,0,2026,1694,1462,0,3063,0,75,0,0,15"
NoiseDefectFree_004927.npy,0.11777363362501793,"1642,0,0,1802,0,2238,0,0,0,1984,1745,1413,0,3059,0,54,0,0,5"
Defect_L7_B190_el2481_H2_W2.npy,0.11906469660020083,"1659,9,0,1815,7,2211,2,0,2,1943,1683,1448,0,3050,0,88,0,0,25"
Defect_L9_B188_el5519_H4_W4.npy,0.1143307990245302,"1586,24,3,1607,19,2307,6,0,16,2035,1835,1482,0,2944,1,67,0,0,10"
Defect_L9_B85_H4_W8.npy,0.11827571367092239,"1636,39,0,1789,8,1579,0,0,23,2532,1732,1479,0,3047,0,46,0,0,32"
Defect_L4_B129_el1507_H2_W2.npy,0.12135991966719266,"1692,20,1,1820,3,2223,3,0,1,1825,1791,1448,0,3048,0,54,0,0,13"
Defect_L10_B372_el5201_H2_W2.npy,0.11390044469946924,"1584,4,1,1732,8,2281,0,0,0,1990,1769,1488,0,3034,0,48,0,0,3"
NoiseDefectFree_000769.npy,0.1155501362788696,"1611,0,0,1818,0,2221,0,0,0,1970,1746,1467,0,3036,0,67,0,0,6"
NoiseDefectFree_002066.npy,0.1143307990245302,"1594,0,0,1815,0,2227,0,0,0,1978,1730,1488,0,3053,0,50,0,0,7"
Defect_L11_B89_el1143_H2_W2.npy,0.13197532635202983,"1836,0,0,1814,0,2219,0,0,0,1945,1886,1098,0,3059,3,73,1,0,8"
Defect_L9_B447_el6203_H2_W2.npy,0.11719982785826998,"1634,4,1,1691,13,2315,0,0,3,1928,1715,1500,0,3058,0,71,0,0,9"
Defect_L10_B46_el1147_H4_W4.npy,0.11734327929995697,"1627,5,0,1789,1,2251,0,0,13,2055,1793,1271,0,3051,0,77,0,0,9"
NoiseDefectFree_004525.npy,0.11619566776646105,"1620,0,0,1807,0,2233,0,0,0,1964,1735,1454,0,3058,0,67,0,0,4"
NoiseDefectFree_002718.npy,0.11985367952947927,"1671,0,0,1804,0,2232,0,0,0,1931,1748,1431,0,3057,0,66,0,0,2"
NoiseDefectFree_002080.npy,0.11468942762874768,"1599,0,0,1817,0,2217,0,0,0,1991,1731,1465,0,3058,0,59,0,0,5"
Defect_L4_B131_el1795_H2_W2.npy,0.12838904030985512,"1790,16,1,1802,3,2229,2,0,1,1787,1727,1427,0,3060,0,70,0,0,27"
NoiseDefectFree_000952.npy,0.11569358772055659,"1613,0,0,1824,0,2214,0,0,0,1983,1728,1448,0,3050,0,73,0,0,9"
Defect_L18_B114_el5526_H8_W8.npy,0.12817386314732462,"1735,0,0,1321,0,2635,0,0,0,2028,2082,1448,0,2475,27,58,17,59,57"
NoiseDefectFree_002483.npy,0.11440252474537368,"1595,0,0,1818,0,2228,0,0,0,1974,1780,1446,0,3040,0,50,0,0,11"
NoiseDefectFree_001760.npy,0.11576531344140009,"1614,0,0,1819,0,2219,0,0,0,1930,1729,1531,0,3050,0,48,0,0,2"
NoiseDefectFree_004423.npy,0.11763018218333095,"1640,0,0,1812,0,2225,0,0,0,1947,1725,1456,0,3071,0,63,0,0,3"
Defect_L5_B219_el6211_H4_W4.npy,0.1208578396212882,"1671,15,0,1587,17,2373,3,0,12,1952,1735,1460,0,3061,0,52,0,0,4"
Defect_L13_B163_el4819_H4_W4.npy,0.11777363362501793,"1642,0,0,1783,0,2262,0,0,0,1939,1915,1470,0,2841,9,69,1,3,8"
Defect_L2_B366_el5189_H2_W2.npy,0.11770190790417444,"1632,31,0,1721,11,2242,2,0,1,1998,1752,1452,0,3040,0,57,0,0,3"
NoiseDefectFree_003702.npy,0.11598049060393056,"1617,0,0,1810,0,2231,0,0,0,1950,1739,1465,0,3069,0,56,0,0,5"
NoiseDefectFree_004244.npy,0.11698465069573949,"1631,0,0,1796,0,2243,0,0,0,1939,1708,1482,0,3065,0,74,0,0,4"
NoiseDefectFree_000689.npy,0.11698465069573949,"1631,0,0,1805,0,2233,0,0,0,1944,1712,1477,0,3067,0,70,0,0,3"
NoiseDefectFree_003433.npy,0.116769473533209,"1628,0,0,1803,0,2240,0,0,0,1964,1752,1445,0,3043,0,56,0,0,11"
NoiseDefectFree_004945.npy,0.11920814804188783,"1662,0,0,1815,0,2226,0,0,0,1906,1750,1458,0,3061,0,53,0,0,11"
NoiseDefectFree_000967.npy,0.1194950509252618,"1666,0,0,1812,0,2232,0,0,0,1926,1737,1462,0,3054,0,51,0,0,2"
Defect_L17_B42_el481_H2_W2.npy,0.12143164538803615,"1688,0,0,1800,0,2244,0,0,0,1986,1822,1274,0,3042,3,60,5,3,15"
NoiseDefectFree_002714.npy,0.11784535934586142,"1643,0,0,1799,0,2239,0,0,0,1949,1740,1462,0,3047,0,57,0,0,6"
NoiseDefectFree_004758.npy,0.11827571367092239,"1649,0,0,1817,0,2228,0,0,0,1966,1763,1418,0,3053,0,45,0,0,3"
Defect_L11_B423_el5871_H2_W2.npy,0.11354181609525175,"1583,0,0,1759,0,2279,0,0,0,1986,1792,1477,0,3002,3,56,0,1,4"
Defect_L14_B323_el4493_H2_W2.npy,0.11303973604934729,"1576,0,0,1782,0,2262,0,0,0,1993,1832,1468,0,2959,2,58,0,0,10"
Defect_L18_B161_el4527_H4_W4.npy,0.11504805623296514,"1602,0,0,1747,0,2294,0,0,0,1984,1865,1465,0,2883,6,73,0,5,18"
NoiseDefectFree_003573.npy,0.11461770190790417,"1598,0,0,1794,0,2243,0,0,0,1984,1727,1479,0,3049,0,60,0,0,8"
Defect_L3_B80_el3832_H8_W8.npy,0.12035575957538373,"1678,438,0,1813,4,927,7,0,18,2764,1916,1374,0,2897,2,64,0,1,39"
NoiseDefectFree_001991.npy,0.11899297087935734,"1659,0,0,1799,0,2245,0,0,0,1930,1750,1454,0,3043,0,57,0,0,5"
NoiseDefectFree_001206.npy,0.11669774781236551,"1627,0,0,1798,0,2236,0,0,0,1948,1731,1486,0,3052,0,59,0,0,5"
NoiseDefectFree_004972.npy,0.11870606799598336,"1655,0,0,1807,0,2225,0,0,0,1946,1711,1471,0,3062,0,56,0,0,9"
Defect_L5_B383_el5507_H2_W2.npy,0.11483287907043466,"1594,6,0,1756,10,2262,1,0,2,1969,1711,1493,0,3072,0,60,0,0,6"
NoiseDefectFree_003601.npy,0.11763018218333095,"1640,0,0,1804,0,2234,0,0,0,1961,1753,1443,0,3046,0,57,0,0,4"
Defect_L14_B423_el5871_H2_W2.npy,0.1194233252044183,"1665,0,0,1783,0,2262,0,0,0,1912,1757,1471,0,3014,2,63,1,5,7"
Defect_L16_B112_el1473_H2_W2.npy,0.12458757710514991,"1729,0,0,1793,0,2249,0,0,0,1962,1850,1199,0,3066,3,73,0,0,18"
Defect_L18_B164_el2145_H2_W2.npy,0.11999713097116627,"1665,0,0,1799,0,2241,0,0,0,1937,1662,1372,0,3063,3,107,4,8,81"
Defect_L8_B410_el5845_H2_W2.npy,0.11303973604934729,"1576,5,0,1667,11,2341,1,0,4,1975,1747,1495,0,3058,0,58,0,0,4"
Defect_L18_B89_el4189_H8_W8.npy,0.1207143881796012,"1673,0,0,1654,0,2188,0,0,0,2149,1873,1414,0,2796,19,64,5,10,97"
Defect_L13_B186_el5511_H4_W4.npy,0.11239420456175585,"1567,0,0,1711,0,2306,0,0,0,1998,1930,1523,0,2787,9,83,11,9,8"
NoiseDefectFree_001626.npy,0.11526323339549563,"1607,0,0,1794,0,2247,0,0,0,1982,1713,1471,0,3065,0,58,0,0,5"
NoiseDefectFree_000537.npy,0.11605221632477407,"1618,0,0,1803,0,2242,0,0,0,1973,1737,1446,0,3058,0,54,0,0,11"
Defect_L14_B145_el4147_H4_W4.npy,0.1195667766461053,"1667,0,0,1823,0,2195,0,0,0,1966,1740,1436,0,2972,9,104,3,2,25"
Defect_L13_B224_el2847_H2_W2.npy,0.11361354181609525,"1584,0,0,1792,0,2238,0,0,0,1959,1790,1488,0,3024,1,29,1,0,36"
NoiseDefectFree_004213.npy,0.11476115334959117,"1600,0,0,1797,0,2246,0,0,0,1956,1737,1500,0,3046,0,54,0,0,6"
Defect_L9_B69_el3181_H8_W8.npy,0.11999713097116627,"1608,136,0,1738,10,1232,1,0,73,2827,1948,1357,0,2976,0,28,0,0,8"
NoiseDefectFree_003508.npy,0.11504805623296514,"1604,0,0,1816,0,2218,0,0,0,1984,1768,1444,0,3038,0,54,0,0,16"
Defect_L19_B52_el1171_H4_W4.npy,0.12552001147611533,"1749,0,0,1822,0,2220,0,0,0,1964,1971,991,0,3050,6,46,9,19,95"
Defect_L17_B115_el5533_H8_W8.npy,0.12164682255056664,"1685,0,0,1427,0,2500,0,0,0,2073,2144,1464,0,2445,29,83,13,37,42"
NoiseDefectFree_002709.npy,0.11232247884091236,"1566,0,0,1808,0,2227,0,0,0,1974,1757,1492,0,3053,0,56,0,0,9"
Defect_L11_B437_el6183_H2_W2.npy,0.11576531344140009,"1614,0,0,1745,0,2287,0,0,0,1960,1775,1502,0,2984,4,64,0,0,7"
Defect_L3_B74_el3503_H8_W8.npy,0.11985367952947927,"1671,386,0,1766,5,936,9,0,28,2799,1915,1400,0,2936,0,34,4,0,53"
NoiseDefectFree_004663.npy,0.11834743939176588,"1650,0,0,1803,0,2247,0,0,0,1940,1785,1418,0,3042,0,55,0,0,2"
NoiseDefectFree_004022.npy,0.1180605365083919,"1646,0,0,1809,0,2228,0,0,0,1951,1713,1446,0,3070,0,74,0,0,5"
NoiseDefectFree_001855.npy,0.11196385023669488,"1561,0,0,1802,0,2242,0,0,0,1984,1744,1492,0,3054,0,57,0,0,6"
Defect_L7_B48_el493_H2_W2.npy,0.1078754841486157,"1503,5,0,1795,6,2246,1,0,1,2057,1740,1477,0,3050,0,59,0,0,2"
NoiseDefectFree_002873.npy,0.11382871897862573,"1587,0,0,1811,0,2226,0,0,0,1990,1748,1464,0,3043,0,68,0,0,5"
NoiseDefectFree_003031.npy,0.11347009037440826,"1582,0,0,1812,0,2238,0,0,0,1940,1748,1513,0,3058,0,46,0,0,5"
NoiseDefectFree_001646.npy,0.11468942762874768,"1599,0,0,1803,0,2237,0,0,0,1958,1733,1486,0,3056,0,65,0,0,5"
NoiseDefectFree_003418.npy,0.11260938172428633,"1570,0,0,1804,0,2236,0,0,0,2002,1710,1472,0,3071,0,69,0,0,8"
NoiseDefectFree_003477.npy,0.11684119925405251,"1629,0,0,1806,0,2244,0,0,0,1979,1740,1426,0,3047,0,60,0,0,11"
Defect_L15_B146_el1825_H2_W2.npy,0.11669774781236551,"1626,0,0,1815,0,2231,0,0,0,1955,1813,1342,0,3043,4,75,0,0,38"
NoiseDefectFree_001793.npy,0.11253765600344283,"1569,0,0,1812,0,2225,0,0,0,2003,1758,1460,0,3056,0,50,0,0,9"
NoiseDefectFree_003798.npy,0.11511978195380863,"1605,0,0,1806,0,2239,0,0,0,1984,1712,1465,0,3067,0,54,0,0,10"
NoiseDefectFree_003369.npy,0.11303973604934729,"1576,0,0,1816,0,2227,0,0,0,1961,1727,1513,0,3058,0,60,0,0,4"
Defect_L6_B95_el1155_H2_W2.npy,0.12157509682972314,"1693,7,0,1798,6,2243,0,0,1,1846,1778,1473,0,3038,0,58,0,0,1"
Defect_L3_B172_el2161_H2_W2.npy,0.11899297087935734,"1659,24,0,1809,0,2228,0,0,2,1903,1802,1390,0,3069,0,53,0,0,3"
Defect_L4_B120_el1489_H2_W2.npy,0.11719982785826998,"1634,17,0,1820,2,2225,2,0,1,1879,1769,1473,0,3052,0,63,0,0,5"
Defect_L16_B307_el4163_H2_W2.npy,0.11841916511260939,"1646,0,0,1813,0,2224,0,0,0,1943,1661,1467,0,3085,1,72,5,5,20"
Defect_L10_B228_el3139_H2_W2.npy,0.1156218619997131,"1606,4,0,1807,1,2118,0,0,0,2086,1720,1470,0,3065,0,59,0,0,6"
Defect_L14_B106_el5183_H8_W8.npy,0.11540668483718261,"1596,0,0,1534,0,2463,0,0,0,2042,2019,1512,0,2563,18,63,37,24,71"
NoiseDefectFree_000127.npy,0.1131114617701908,"1577,0,0,1809,0,2226,0,0,0,1980,1730,1495,0,3052,0,67,0,0,6"
Defect_L7_B299_el4147_H2_W2.npy,0.11397217042031273,"1589,9,0,1803,8,2167,0,0,0,2009,1743,1504,0,3046,0,57,0,0,7"
NoiseDefectFree_003877.npy,0.11461770190790417,"1598,0,0,1776,0,2261,0,0,0,1995,1728,1451,0,3062,0,62,0,0,9"
NoiseDefectFree_004452.npy,0.11748673074164395,"1638,0,0,1792,0,2247,0,0,0,1978,1739,1415,0,3057,0,70,0,0,6"
Defect_L7_B67_el3167_H8_W8.npy,0.12150337110887964,"1669,330,0,1753,10,1185,25,0,27,2608,1998,1335,0,2944,0,15,0,0,43"
NoiseDefectFree_003532.npy,0.11583703916224358,"1615,0,0,1808,0,2225,0,0,0,1984,1774,1436,0,3039,0,56,0,0,5"
NoiseDefectFree_000828.npy,0.11339836465356477,"1581,0,0,1815,0,2221,0,0,0,1986,1759,1474,0,3035,0,59,0,0,12"
Defect_L16_B101_el2803_H4_W4.npy,0.11633911920814805,"1608,0,0,1810,0,2164,0,0,0,2049,1579,1486,0,3074,10,106,4,0,52"
NoiseDefectFree_000985.npy,0.11935159948357481,"1664,0,0,1799,0,2237,0,0,0,1943,1753,1432,0,3039,0,66,0,0,9"
Defect_L17_B77_el835_H2_W2.npy,0.12817386314732462,"1781,0,0,1812,0,2228,0,0,0,1971,1799,1196,0,3057,2,59,6,2,29"
NoiseDefectFree_002444.npy,0.11483287907043466,"1601,0,0,1808,0,2228,0,0,0,1969,1727,1500,0,3053,0,50,0,0,6"
Defect_L10_B146_el4151_H4_W4.npy,0.11418734758284321,"1582,28,0,1798,4,2003,0,0,9,2192,1763,1464,0,3008,0,79,0,0,12"
NoiseDefectFree_000346.npy,0.1131114617701908,"1577,0,0,1776,0,2269,0,0,0,1990,1722,1469,0,3069,0,64,0,0,6"
NoiseDefectFree_000815.npy,0.11770190790417444,"1641,0,0,1792,0,2249,0,0,0,1933,1703,1503,0,3056,0,58,0,0,7"
Defect_L12_B192_el2485_H2_W2.npy,0.1143307990245302,"1594,0,0,1803,0,2222,0,0,0,1994,1681,1431,0,3049,5,86,1,0,76"
Defect_L12_B34_el1494_H8_W8.npy,0.12494620570936738,"1742,0,0,1797,0,2197,0,0,0,2122,2255,381,0,3080,35,73,8,0,252"
NoiseDefectFree_002117.npy,0.11590876488308707,"1616,0,0,1813,0,2227,0,0,0,1945,1744,1474,0,3061,0,58,0,0,4"
NoiseDefectFree_000794.npy,0.11289628460766031,"1574,0,0,1814,0,2223,0,0,0,1992,1743,1484,0,3063,0,47,0,0,2"
Defect_L6_B262_el3505_H2_W2.npy,0.11454597618706068,"1596,9,0,1799,9,2143,0,0,1,2017,1756,1508,0,3041,0,56,0,0,7"
NoiseDefectFree_002675.npy,0.11576531344140009,"1614,0,0,1808,0,2231,0,0,0,1954,1716,1493,0,3050,0,64,0,0,12"
NoiseDefectFree_000095.npy,0.11318318749103429,"1578,0,0,1810,0,2231,0,0,0,2011,1758,1444,0,3043,0,61,0,0,6"
NoiseDefectFree_004226.npy,0.11648257064983503,"1624,0,0,1797,0,2242,0,0,0,1975,1718,1447,0,3069,0,68,0,0,2"
NoiseDefectFree_003757.npy,0.11719982785826998,"1634,0,0,1797,0,2243,0,0,0,1951,1739,1480,0,3039,0,57,0,0,2"
NoiseDefectFree_002892.npy,0.11870606799598336,"1655,0,0,1804,0,2238,0,0,0,1944,1754,1436,0,3056,0,49,0,0,6"
NoiseDefectFree_002372.npy,0.11763018218333095,"1640,0,0,1793,0,2247,0,0,0,1932,1719,1481,0,3063,0,59,0,0,8"
Defect_L4_B361_el5165_H2_W2.npy,0.11569358772055659,"1613,11,1,1754,9,2248,1,0,1,1967,1751,1489,0,3028,0,65,0,0,4"
NoiseDefectFree_003229.npy,0.116769473533209,"1628,0,0,1797,0,2245,0,0,0,1940,1766,1454,0,3055,0,55,0,0,2"
Defect_L8_B208_el2517_H2_W2.npy,0.11490460479127815,"1602,10,1,1784,10,2253,0,0,0,1939,1784,1462,0,3071,0,16,0,0,10"
Defect_L17_B45_el487_H2_W2.npy,0.11813226222923541,"1642,0,0,1791,0,2253,0,0,0,2004,1805,1323,0,3043,2,55,6,2,16"
Defect_L15_B8_el129_H2_W2.npy,0.11067278726151197,"1542,0,0,1812,0,2233,0,0,0,2028,1821,1398,0,3040,4,53,1,0,10"
Defect_L15_B411_el5847_H2_W2.npy,0.11440252474537368,"1595,0,0,1789,0,2253,0,0,0,1965,1748,1487,0,3018,2,77,0,2,6"
Defect_L6_B230_el3143_H2_W2.npy,0.1156218619997131,"1607,3,0,1801,3,2141,0,0,0,2051,1716,1488,0,3069,0,61,0,0,2"
NoiseDefectFree_001866.npy,0.11461770190790417,"1598,0,0,1803,0,2241,0,0,0,1968,1712,1494,0,3053,0,65,0,0,8"
NoiseDefectFree_004613.npy,0.11741500502080046,"1637,0,0,1802,0,2238,0,0,0,1984,1760,1430,0,3031,0,55,0,0,5"
NoiseDefectFree_002646.npy,0.1195667766461053,"1667,0,0,1811,0,2231,0,0,0,1948,1747,1409,0,3063,0,61,0,0,5"
NoiseDefectFree_002244.npy,0.11526323339549563,"1607,0,0,1787,0,2249,0,0,0,1974,1749,1465,0,3053,0,54,0,0,4"
Defect_L11_B272_el3525_H2_W2.npy,0.116912924974896,"1627,0,0,1788,0,2247,0,0,0,1950,1776,1449,0,3037,4,43,3,0,18"
NoiseDefectFree_002337.npy,0.11476115334959117,"1600,0,0,1813,0,2230,0,0,0,1988,1740,1442,0,3068,0,55,0,0,6"
NoiseDefectFree_000951.npy,0.11856261655429637,"1653,0,0,1812,0,2227,0,0,0,1935,1722,1477,0,3051,0,62,0,0,3"
NoiseDefectFree_001121.npy,0.11325491321187778,"1579,0,0,1812,0,2229,0,0,0,1975,1735,1495,0,3044,0,69,0,0,4"
NoiseDefectFree_002205.npy,0.11784535934586142,"1643,0,0,1806,0,2230,0,0,0,1934,1730,1480,0,3046,0,67,0,0,6"
NoiseDefectFree_000420.npy,0.11540668483718261,"1609,0,0,1798,0,2239,0,0,0,1949,1726,1511,0,3051,0,55,0,0,4"
NoiseDefectFree_000923.npy,0.1155501362788696,"1611,0,0,1794,0,2252,0,0,0,1960,1740,1471,0,3047,0,60,0,0,7"
Defect_L16_B189_el5523_H4_W4.npy,0.11777363362501793,"1618,0,0,1698,0,2337,0,0,0,1984,1863,1462,0,2886,7,76,0,4,7"
Defect_L7_B95_el2479_H4_W4.npy,0.12508965715105436,"1734,45,0,1795,6,2097,10,0,9,1934,1751,1383,0,3040,0,61,0,0,77"
Defect_L16_B261_el3503_H2_W2.npy,0.11884951943767035,"1648,0,0,1802,0,2243,0,0,0,1928,1655,1473,0,3083,1,83,0,1,25"
Defect_L11_B122_el3487_H4_W4.npy,0.11476115334959117,"1597,0,0,1811,0,2105,0,0,0,2082,1614,1484,0,3130,11,91,0,0,17"
Defect_L12_B35_el819_H4_W4.npy,0.1143307990245302,"1594,0,0,1833,0,2207,0,0,0,1926,2079,1021,0,3068,11,91,3,0,109"
Defect_L4_B144_el3859_H4_W4.npy,0.11598049060393056,"1617,66,0,1755,8,1925,8,0,6,2230,1850,1450,0,2966,0,41,0,0,20"
Defect_L18_B80_el2135_H4_W4.npy,0.13513125806914358,"1867,0,0,1800,0,2165,0,0,0,1942,1830,1061,0,3069,6,31,10,17,144"
NoiseDefectFree_001203.npy,0.11547841055802611,"1610,0,0,1800,0,2246,0,0,0,1977,1757,1460,0,3032,0,53,0,0,7"
Defect_L5_B140_el1813_H2_W2.npy,0.1208578396212882,"1677,6,1,1802,8,2240,0,0,0,1864,1772,1463,0,3037,0,62,0,0,10"
Defect_L5_B49_el1159_H4_W4.npy,0.1129680103285038,"1567,18,0,1797,8,2244,2,0,15,1931,1752,1486,0,3062,0,51,0,0,9"
NoiseDefectFree_001971.npy,0.1156218619997131,"1612,0,0,1806,0,2234,0,0,0,1950,1742,1492,0,3039,0,64,0,0,3"
NoiseDefectFree_004019.npy,0.11813226222923541,"1647,0,0,1812,0,2231,0,0,0,1956,1783,1423,0,3030,0,55,0,0,5"
NoiseDefectFree_003688.npy,0.11375699325778224,"1586,0,0,1806,0,2239,0,0,0,1961,1724,1501,0,3060,0,59,0,0,6"
NoiseDefectFree_001998.npy,0.11590876488308707,"1616,0,0,1822,0,2224,0,0,0,1956,1736,1464,0,3049,0,72,0,0,3"
NoiseDefectFree_004034.npy,0.11598049060393056,"1617,0,0,1798,0,2241,0,0,0,1947,1748,1477,0,3058,0,51,0,0,5"
NoiseDefectFree_001249.npy,0.11684119925405251,"1629,0,0,1789,0,2250,0,0,0,1967,1748,1433,0,3061,0,56,0,0,9"
NoiseDefectFree_002193.npy,0.11798881078754841,"1645,0,0,1807,0,2234,0,0,0,1933,1724,1482,0,3053,0,54,0,0,10"
NoiseDefectFree_002713.npy,0.11210730167838187,"1563,0,0,1816,0,2223,0,0,0,1997,1720,1487,0,3065,0,68,0,0,3"
NoiseDefectFree_002191.npy,0.11576531344140009,"1614,0,0,1807,0,2230,0,0,0,1964,1718,1480,0,3059,0,64,0,0,6"
NoiseDefectFree_004671.npy,0.11547841055802611,"1610,0,0,1808,0,2231,0,0,0,1962,1727,1484,0,3059,0,54,0,0,7"
Defect_L19_B210_el6175_H4_W4.npy,0.11533495911633912,"1608,0,0,1494,0,2543,0,0,0,1993,1924,1446,0,2814,11,65,4,25,15"
Defect_L18_B142_el3851_H4_W4.npy,0.11684119925405251,"1614,1,0,1761,0,2158,0,0,0,2084,1631,1488,0,3042,6,77,8,15,57"
Defect_L2_B82_el3846_H8_W8.npy,0.12150337110887964,"1659,291,0,1671,12,1258,17,0,42,2669,2020,1405,0,2836,0,47,0,0,15"
Defect_L14_B252_el3485_H2_W2.npy,0.11849089083345288,"1652,0,0,1809,0,2230,0,0,0,1929,1631,1457,0,3131,5,84,2,0,12"
Defect_L8_B78_el1843_H4_W4.npy,0.11576531344140009,"1614,32,1,1807,9,2230,9,0,9,1885,1821,1434,0,3048,0,20,0,0,23"
NoiseDefectFree_002137.npy,0.11354181609525175,"1583,0,0,1793,0,2250,0,0,0,1974,1756,1480,0,3051,0,47,0,0,8"
NoiseDefectFree_001066.npy,0.1180605365083919,"1646,0,0,1819,0,2220,0,0,0,1928,1720,1472,0,3072,0,61,0,0,4"
NoiseDefectFree_000601.npy,0.11963850236694878,"1668,0,0,1804,0,2231,0,0,0,1959,1767,1403,0,3040,0,66,0,0,4"
NoiseDefectFree_004228.npy,0.11913642232104432,"1661,0,0,1800,0,2246,0,0,0,1962,1731,1423,0,3053,0,59,0,0,7"
Defect_L14_B309_el4181_H2_W2.npy,0.11519150767465212,"1606,0,0,1807,0,2234,0,0,0,1968,1775,1473,0,2991,4,67,2,3,12"
NoiseDefectFree_000078.npy,0.11763018218333095,"1640,0,0,1799,0,2238,0,0,0,1919,1732,1497,0,3052,0,59,0,0,6"
Defect_L3_B448_el6205_H2_W2.npy,0.11533495911633912,"1607,17,4,1715,3,2295,0,0,2,1975,1725,1471,0,3059,0,61,0,0,8"
NoiseDefectFree_002899.npy,0.11275283316597332,"1572,0,0,1816,0,2222,0,0,0,1987,1744,1496,0,3054,0,49,0,0,2"
NoiseDefectFree_004821.npy,0.11526323339549563,"1607,0,0,1807,0,2232,0,0,0,1958,1747,1474,0,3056,0,53,0,0,8"
Defect_L14_B165_el2147_H2_W2.npy,0.11870606799598336,"1655,0,0,1810,0,2225,0,0,0,1956,1688,1347,0,3061,4,111,0,0,85"
Defect_L13_B439_el6187_H2_W2.npy,0.10895136996126811,"1519,0,0,1765,0,2274,0,0,0,2026,1775,1502,0,2999,3,71,0,2,6"
Defect_L13_B14_el451_H4_W4.npy,0.12222062831731459,"1704,0,0,1813,0,2230,0,0,0,1990,2122,858,0,3054,11,81,12,0,67"
Defect_L9_B171_el4867_H4_W4.npy,0.11476115334959117,"1595,13,0,1747,9,2232,0,0,5,2007,1859,1466,0,2946,0,58,0,0,5"
Defect_L2_B127_el3507_H4_W4.npy,0.11884951943767035,"1633,110,0,1801,9,1547,3,0,7,2534,1858,1397,0,2983,0,41,0,0,19"
Defect_L12_B428_el6165_H2_W2.npy,0.11698465069573949,"1631,0,0,1746,0,2300,0,0,0,1946,1818,1463,0,2953,7,71,0,1,6"
NoiseDefectFree_003392.npy,0.11347009037440826,"1582,0,0,1804,0,2240,0,0,0,1979,1742,1483,0,3055,0,55,0,0,2"
Defect_L9_B12_el137_H2_W2.npy,0.1051499067565629,"1462,2,0,1801,5,2238,0,0,4,2077,1696,1526,0,3060,0,56,0,0,15"
NoiseDefectFree_002561.npy,0.11741500502080046,"1637,0,0,1799,0,2237,0,0,0,1948,1729,1467,0,3048,0,71,0,0,6"
Defect_L11_B265_el3511_H2_W2.npy,0.1131114617701908,"1577,0,0,1814,0,2220,0,0,0,1985,1720,1474,0,3051,5,74,3,0,19"
NoiseDefectFree_002636.npy,0.1156218619997131,"1612,0,0,1810,0,2229,0,0,0,1954,1731,1493,0,3046,0,63,0,0,4"
Defect_L14_B150_el1833_H2_W2.npy,0.11504805623296514,"1604,0,0,1791,0,2241,0,0,0,1968,1883,1297,0,3048,4,59,0,0,47"
NoiseDefectFree_003531.npy,0.11619566776646105,"1620,0,0,1781,0,2262,0,0,0,1957,1756,1458,0,3048,0,60,0,0,0"
Defect_L15_B200_el2501_H2_W2.npy,0.11303973604934729,"1575,0,0,1810,0,2232,0,0,0,1985,1743,1449,0,3046,4,53,0,0,45"
NoiseDefectFree_001909.npy,0.11770190790417444,"1641,0,0,1788,0,2247,0,0,0,1932,1725,1486,0,3052,0,64,0,0,7"
NoiseDefectFree_000236.npy,0.11289628460766031,"1574,0,0,1822,0,2215,0,0,0,1986,1735,1483,0,3059,0,61,0,0,7"
NoiseDefectFree_001605.npy,0.11476115334959117,"1600,0,0,1810,0,2229,0,0,0,1991,1750,1451,0,3042,0,57,0,0,12"
Defect_L3_B17_el463_H4_W4.npy,0.09812078611390045,"1368,41,0,1799,0,2243,3,0,6,2149,1904,1286,0,3052,0,73,0,0,18"
NoiseDefectFree_003491.npy,0.11239420456175585,"1567,0,0,1801,0,2235,0,0,0,1959,1717,1534,0,3069,0,56,0,0,4"
NoiseDefectFree_001995.npy,0.11418734758284321,"1592,0,0,1792,0,2249,0,0,0,2000,1708,1464,0,3064,0,67,0,0,6"
NoiseDefectFree_002825.npy,0.11526323339549563,"1607,0,0,1820,0,2221,0,0,0,1961,1716,1494,0,3053,0,65,0,0,5"
Defect_L15_B115_el3175_H4_W4.npy,0.11569358772055659,"1611,0,0,1804,0,2230,0,0,0,1945,1594,1483,0,3083,9,37,3,2,141"
NoiseDefectFree_001343.npy,0.11476115334959117,"1600,0,0,1810,0,2220,0,0,0,1978,1764,1471,0,3042,0,52,0,0,5"
Defect_L12_B52_el2481_H8_W8.npy,0.14058241285324918,"1960,0,0,1781,0,2032,0,0,0,2085,1557,852,0,3036,16,50,23,2,548"
NoiseDefectFree_001620.npy,0.11540668483718261,"1609,0,0,1807,0,2231,0,0,0,1981,1732,1459,0,3049,0,70,0,0,4"
Defect_L5_B390_el5521_H2_W2.npy,0.12064266245875771,"1675,6,0,1746,7,2268,1,0,1,1956,1745,1419,0,3051,0,61,0,0,6"
NoiseDefectFree_002061.npy,0.11153349591163392,"1555,0,0,1813,0,2223,0,0,0,1991,1748,1495,0,3052,0,59,0,0,6"
Defect_L10_B251_el3483_H2_W2.npy,0.11877779371682685,"1650,3,0,1802,3,2087,0,0,0,2105,1748,1424,0,3051,0,65,0,0,4"
NoiseDefectFree_002220.npy,0.11648257064983503,"1624,0,0,1811,0,2225,0,0,0,1947,1725,1493,0,3054,0,60,0,0,3"
Defect_L5_B445_el6199_H2_W2.npy,0.1195667766461053,"1660,5,0,1755,8,2271,1,0,1,1931,1744,1462,0,3052,0,49,0,0,3"
NoiseDefectFree_000261.npy,0.11712810213742648,"1633,0,0,1802,0,2245,0,0,0,1938,1748,1464,0,3044,0,60,0,0,8"
Defect_L8_B23_el159_H2_W2.npy,0.10407402094391048,"1451,2,0,1808,4,2231,0,0,4,2087,1764,1485,0,3033,0,61,0,0,12"
Defect_L12_B3_el129_H8_W8.npy,0.07108018935590303,"991,0,0,1807,0,2229,0,0,0,2259,2111,907,0,3084,33,104,36,0,381"
NoiseDefectFree_003745.npy,0.11569358772055659,"1613,0,0,1806,0,2233,0,0,0,1974,1723,1470,0,3050,0,69,0,0,4"
NoiseDefectFree_002027.npy,0.116912924974896,"1630,0,0,1816,0,2230,0,0,0,1953,1788,1446,0,3022,0,49,0,0,8"
Defect_L10_B81_el3839_H8_W8.npy,0.11590876488308707,"1608,281,2,1814,13,1214,3,0,67,2605,1708,1467,0,3061,2,78,0,1,18"
NoiseDefectFree_004235.npy,0.11576531344140009,"1614,0,0,1804,0,2233,0,0,0,1972,1742,1473,0,3046,0,54,0,0,4"
NoiseDefectFree_001918.npy,0.11354181609525175,"1583,0,0,1827,0,2215,0,0,0,1945,1723,1519,0,3068,0,60,0,0,2"
NoiseDefectFree_001829.npy,0.11598049060393056,"1617,0,0,1810,0,2226,0,0,0,1984,1761,1455,0,3040,0,48,0,0,1"
Defect_L15_B256_el3493_H2_W2.npy,0.1142590733036867,"1593,0,0,1801,0,2241,0,0,0,1955,1686,1492,0,3088,3,74,0,0,9"
Defect_L15_B48_el1155_H4_W4.npy,0.11547841055802611,"1608,0,0,1808,0,2232,0,0,0,2068,2059,918,0,3055,7,92,1,0,94"
Defect_L7_B77_el1839_H4_W4.npy,0.1142590733036867,"1579,40,1,1807,7,2228,14,0,7,1884,1830,1460,0,3055,0,29,0,0,1"
NoiseDefectFree_004209.npy,0.1128245588868168,"1573,0,0,1793,0,2250,0,0,0,1960,1726,1524,0,3054,0,55,0,0,7"
NoiseDefectFree_000225.npy,0.11633911920814805,"1622,0,0,1800,0,2240,0,0,0,1963,1756,1462,0,3038,0,55,0,0,6"
Defect_L12_B34_el465_H2_W2.npy,0.11612394204561756,"1619,0,0,1806,0,2235,0,0,0,2002,1848,1305,0,3039,4,78,0,0,6"
Defect_L10_B256_el3493_H2_W2.npy,0.11440252474537368,"1590,5,0,1805,3,2108,0,0,0,2081,1732,1492,0,3054,0,64,0,0,8"
Defect_L16_B16_el794_H8_W8.npy,0.10981207861139004,"1463,0,0,1803,0,2234,0,0,0,2007,2336,523,0,3064,14,156,8,0,334"
NoiseDefectFree_000847.npy,0.116912924974896,"1630,0,0,1810,0,2235,0,0,0,1957,1711,1453,0,3068,0,72,0,0,6"
NoiseDefectFree_004290.npy,0.11404389614115622,"1590,0,0,1795,0,2248,0,0,0,1956,1721,1514,0,3047,0,62,0,0,9"
Defect_L13_B33_H4_W8.npy,0.10995553005307704,"1533,0,0,1791,0,2247,0,0,0,2072,2447,450,0,3070,18,116,4,0,194"
NoiseDefectFree_002552.npy,0.11468942762874768,"1599,0,0,1812,0,2229,0,0,0,1964,1754,1475,0,3038,0,64,0,0,7"
NoiseDefectFree_000118.npy,0.1142590733036867,"1593,0,0,1808,0,2235,0,0,0,1960,1741,1490,0,3057,0,49,0,0,9"
Defect_L6_B428_el6165_H2_W2.npy,0.11375699325778224,"1584,2,0,1685,9,2345,0,0,2,1970,1729,1488,0,3060,0,58,0,0,10"
Defect_L2_B142_H8_W4.npy,0.11971022808779229,"1626,109,1,1645,4,2159,4,0,9,2064,2169,1456,0,2624,1,61,0,0,10"
Defect_L11_B94_el4518_H8_W8.npy,0.11763018218333095,"1577,0,0,1755,0,2274,0,0,0,2008,2037,1472,0,2709,0,81,0,6,23"
Defect_L2_B56_el2509_H8_W8.npy,0.12552001147611533,"1717,154,0,1769,1,1902,7,0,50,2029,2154,1189,0,2935,0,20,0,0,15"
Defect_L16_B30_el457_H2_W2.npy,0.1221489025964711,"1695,0,0,1806,0,2241,0,0,0,2011,1817,1234,0,3062,3,63,0,0,10"
NoiseDefectFree_000006.npy,0.11411562186199971,"1591,0,0,1795,0,2237,0,0,0,1978,1733,1489,0,3051,0,60,0,0,8"
Defect_L14_B445_el6199_H2_W2.npy,0.11347009037440826,"1582,0,0,1811,0,2237,0,0,0,1999,1764,1445,0,3015,4,78,1,3,3"
Defect_L13_B217_el6203_H4_W4.npy,0.116912924974896,"1630,0,0,1677,0,2369,0,0,0,1954,1881,1437,0,2885,16,67,9,8,9"
NoiseDefectFree_004325.npy,0.11698465069573949,"1631,0,0,1789,0,2252,0,0,0,1953,1722,1470,0,3058,0,63,0,0,4"
NoiseDefectFree_001064.npy,0.11719982785826998,"1634,0,0,1789,0,2248,0,0,0,1957,1715,1473,0,3061,0,55,0,0,10"
NoiseDefectFree_002591.npy,0.11712810213742648,"1633,0,0,1817,0,2219,0,0,0,1954,1729,1468,0,3047,0,69,0,0,6"
Defect_L16_B78_el837_H2_W2.npy,0.12788696026395066,"1775,0,0,1804,0,2231,0,0,0,1991,1775,1242,0,3046,3,51,1,0,23"
NoiseDefectFree_003736.npy,0.11712810213742648,"1633,0,0,1799,0,2242,0,0,0,1955,1729,1454,0,3046,0,72,0,0,12"
NoiseDefectFree_003518.npy,0.11655429637067853,"1625,0,0,1827,0,2215,0,0,0,1989,1739,1426,0,3068,0,48,0,0,5"
Defect_L7_B46_el1147_H4_W4.npy,0.11476115334959117,"1590,27,2,1801,4,2242,10,0,9,2024,1814,1300,0,3048,0,59,0,0,12"
Defect_L7_B263_el3507_H2_W2.npy,0.11662602209152202,"1625,15,1,1803,7,2085,1,0,3,2064,1758,1483,0,3039,0,51,0,0,7"
Defect_L14_B177_el5191_H4_W4.npy,0.11877779371682685,"1654,0,0,1719,0,2320,0,0,0,1946,1964,1447,0,2790,5,59,11,15,12"
NoiseDefectFree_001606.npy,0.11397217042031273,"1589,0,0,1816,0,2226,0,0,0,1977,1770,1468,0,3045,0,50,0,0,1"
NoiseDefectFree_001734.npy,0.11447425046621719,"1596,0,0,1805,0,2242,0,0,0,1975,1728,1495,0,3042,0,55,0,0,4"
Defect_L19_B207_el6163_H4_W4.npy,0.11798881078754841,"1645,0,0,1554,0,2442,0,0,0,2008,1893,1450,0,2825,12,63,5,25,20"
NoiseDefectFree_003813.npy,0.11540668483718261,"1609,0,0,1795,0,2239,0,0,0,1956,1745,1485,0,3054,0,52,0,0,7"
Defect_L18_B103_el1171_H2_W2.npy,0.12544828575527184,"1741,0,0,1782,0,2261,0,0,0,1996,1791,1194,0,3066,2,62,2,8,37"
NoiseDefectFree_001762.npy,0.11755845646248744,"1639,0,0,1829,0,2213,0,0,0,1953,1790,1411,0,3046,0,57,0,0,4"
Defect_L16_B47_el1151_H4_W4.npy,0.11920814804188783,"1639,0,0,1814,0,2219,0,0,0,2058,2045,916,0,3060,6,103,0,0,82"
NoiseDefectFree_002740.npy,0.11189212451585138,"1560,0,0,1811,0,2233,0,0,0,1977,1753,1480,0,3056,0,66,0,0,6"
NoiseDefectFree_002473.npy,0.11605221632477407,"1618,0,0,1815,0,2225,0,0,0,1968,1749,1451,0,3051,0,65,0,0,0"
Defect_L10_B302_el4153_H2_W2.npy,0.11476115334959117,"1595,5,0,1810,5,2166,0,0,0,2034,1743,1475,0,3038,0,60,0,0,11"
Defect_L4_B42_el1131_H4_W4.npy,0.12609381724286328,"1758,44,0,1786,6,2249,2,0,3,1958,1988,978,0,3065,0,80,0,0,25"
Defect_L15_B383_el5507_H2_W2.npy,0.11605221632477407,"1618,0,0,1787,0,2252,0,0,0,1961,1767,1476,0,2993,3,75,0,1,9"
NoiseDefectFree_004207.npy,0.11884951943767035,"1657,0,0,1813,0,2220,0,0,0,1969,1734,1433,0,3055,0,52,0,0,9"
Defect_L12_B94_el4518_H8_W8.npy,0.11633911920814805,"1622,0,0,1739,0,2295,0,0,0,1979,2047,1457,0,2684,18,74,0,9,18"
NoiseDefectFree_000233.npy,0.11576531344140009,"1614,0,0,1802,0,2235,0,0,0,1983,1750,1440,0,3047,0,66,0,0,5"
Defect_L11_B96_el4819_H8_W8.npy,0.11347009037440826,"1559,0,0,1720,0,2240,0,0,0,2052,2101,1512,0,2655,33,61,0,2,7"
Defect_L12_B33_el811_H4_W4.npy,0.10407402094391048,"1451,0,0,1801,0,2235,0,0,0,2072,2171,965,0,3067,11,92,2,0,75"
Defect_L4_B350_el4859_H2_W2.npy,0.11569358772055659,"1613,6,0,1770,8,2246,0,0,0,1983,1737,1461,0,3051,0,56,0,0,11"
NoiseDefectFree_003597.npy,0.1143307990245302,"1594,0,0,1812,0,2230,0,0,0,1967,1727,1479,0,3060,0,61,0,0,12"
Defect_L11_B449_el6207_H2_W2.npy,0.1142590733036867,"1593,0,0,1791,0,2248,0,0,0,1941,1804,1492,0,3005,2,61,0,1,4"
NoiseDefectFree_004633.npy,0.11913642232104432,"1661,0,0,1804,0,2234,0,0,0,1922,1743,1464,0,3061,0,47,0,0,6"
NoiseDefectFree_000126.npy,0.11540668483718261,"1609,0,0,1796,0,2244,0,0,0,1967,1763,1447,0,3048,0,64,0,0,4"
Defect_L7_B203_el2507_H2_W2.npy,0.1182039879500789,"1647,11,0,1810,9,2227,1,0,0,1926,1782,1436,0,3052,0,40,0,0,1"
Defect_L14_B51_el499_H2_W2.npy,0.12021230813369674,"1676,0,0,1798,0,2240,0,0,0,1994,1769,1304,0,3074,5,61,0,0,21"
NoiseDefectFree_001297.npy,0.11684119925405251,"1629,0,0,1794,0,2240,0,0,0,1989,1725,1444,0,3066,0,52,0,0,3"
NoiseDefectFree_001977.npy,0.11727155357911347,"1635,0,0,1795,0,2249,0,0,0,1933,1752,1463,0,3057,0,50,0,0,8"
Defect_L17_B17_el463_H4_W4.npy,0.09955530053077033,"1375,0,0,1804,0,2243,0,0,0,2186,2029,1066,0,3065,5,62,15,10,82"
Defect_L5_B102_el2807_H4_W4.npy,0.11619566776646105,"1616,14,0,1800,4,2116,0,0,7,2046,1672,1475,0,3067,0,101,0,0,24"
Defect_L7_B279_el3823_H2_W2.npy,0.116769473533209,"1627,11,0,1825,9,2089,2,0,3,2076,1760,1444,0,3031,0,56,0,0,9"
Defect_L13_B49_el495_H2_W2.npy,0.11669774781236551,"1627,0,0,1798,0,2247,0,0,0,2009,1798,1323,0,3036,6,71,1,0,26"
NoiseDefectFree_003087.npy,0.11547841055802611,"1610,0,0,1802,0,2248,0,0,0,1959,1734,1465,0,3051,0,63,0,0,10"
Defect_L11_B351_el4861_H2_W2.npy,0.11368526753693875,"1577,0,0,1800,0,2239,0,0,0,1975,1777,1506,0,3006,0,60,0,0,2"
Defect_L15_B346_el4851_H2_W2.npy,0.11504805623296514,"1604,0,0,1805,0,2231,0,0,0,1991,1776,1454,0,3020,0,56,0,0,5"
Defect_L14_B9_el458_H8_W8.npy,0.08148041887820973,"1123,0,0,1785,0,2253,0,0,0,2110,2397,581,0,3055,18,111,46,0,463"
Defect_L14_B74_el3503_H8_W8.npy,0.11963850236694878,"1654,0,0,1728,0,2117,0,0,0,2197,1279,1443,0,3075,30,56,48,2,313"
NoiseDefectFree_003346.npy,0.11669774781236551,"1627,0,0,1819,0,2222,0,0,0,1970,1736,1457,0,3034,0,69,0,0,8"
Defect_L9_B54_el1463_H4_W4.npy,0.1455314875914503,"2014,24,0,1814,7,2213,1,0,17,1797,1823,1059,0,3050,0,76,0,0,47"
Defect_L8_B18_el467_H4_W4.npy,0.09596901448859561,"1338,16,0,1809,4,2231,11,0,13,2238,1870,1287,0,3047,0,69,0,0,9"
Defect_L8_B200_el2501_H2_W2.npy,0.11382871897862573,"1587,13,0,1812,9,2203,0,0,1,1971,1756,1480,0,3047,0,55,0,0,8"
Defect_L19_B173_el5159_H4_W4.npy,0.11476115334959117,"1600,0,0,1679,0,2366,0,0,0,1963,1885,1467,0,2855,7,81,4,17,18"
NoiseDefectFree_002798.npy,0.11275283316597332,"1572,0,0,1806,0,2236,0,0,0,1997,1766,1453,0,3038,0,67,0,0,7"
NoiseDefectFree_000919.npy,0.11476115334959117,"1600,0,0,1807,0,2230,0,0,0,1972,1734,1479,0,3062,0,53,0,0,5"
NoiseDefectFree_001647.npy,0.11497633051212165,"1603,0,0,1800,0,2235,0,0,0,1985,1715,1472,0,3069,0,61,0,0,2"
Defect_L2_B105_el1459_H2_W2.npy,0.13678094964854398,"1898,24,0,1804,0,2240,0,0,1,1695,1816,1319,0,3062,0,75,0,0,8"
Defect_L15_B15_H4_W8.npy,0.07430784679386028,"1029,0,0,1791,0,2249,0,0,0,2209,2151,1211,0,3047,14,101,1,0,139"
NoiseDefectFree_004622.npy,0.11497633051212165,"1603,0,0,1807,0,2231,0,0,0,1978,1737,1472,0,3055,0,49,0,0,10"
Defect_L14_B191_el2483_H2_W2.npy,0.11526323339549563,"1607,0,0,1797,0,2247,0,0,0,1986,1647,1433,0,3066,5,85,2,0,67"
NoiseDefectFree_000365.npy,0.11382871897862573,"1587,0,0,1811,0,2231,0,0,0,1968,1744,1479,0,3055,0,61,0,0,6"
NoiseDefectFree_002126.npy,0.1128245588868168,"1573,0,0,1828,0,2210,0,0,0,1965,1757,1494,0,3050,0,57,0,0,8"
Defect_L13_B106_el5183_H8_W8.npy,0.11511978195380863,"1605,0,0,1520,0,2441,0,0,0,2033,2016,1521,0,2563,22,94,31,21,75"
Defect_L7_B162_el4531_H4_W4.npy,0.11540668483718261,"1609,19,1,1758,7,2197,0,0,4,2027,1838,1472,0,2953,0,51,0,0,6"
NoiseDefectFree_000056.npy,0.11404389614115622,"1590,0,0,1792,0,2245,0,0,0,1966,1732,1482,0,3055,0,69,0,0,11"
NoiseDefectFree_000639.npy,0.11447425046621719,"1596,0,0,1801,0,2238,0,0,0,1972,1708,1506,0,3056,0,58,0,0,7"
NoiseDefectFree_000303.npy,0.11748673074164395,"1638,0,0,1791,0,2249,0,0,0,1952,1729,1457,0,3060,0,64,0,0,2"
Defect_L14_B201_el2503_H2_W2.npy,0.11397217042031273,"1589,0,0,1802,0,2237,0,0,0,2012,1751,1390,0,3050,4,51,3,0,53"
NoiseDefectFree_001277.npy,0.11490460479127815,"1602,0,0,1785,0,2255,0,0,0,1987,1745,1451,0,3046,0,62,0,0,9"
NoiseDefectFree_004433.npy,0.11784535934586142,"1643,0,0,1812,0,2224,0,0,0,1934,1734,1490,0,3056,0,48,0,0,1"
NoiseDefectFree_003645.npy,0.11605221632477407,"1618,0,0,1801,0,2233,0,0,0,1983,1731,1460,0,3058,0,57,0,0,1"
NoiseDefectFree_004144.npy,0.11540668483718261,"1609,0,0,1811,0,2229,0,0,0,1961,1713,1493,0,3050,0,69,0,0,7"
NoiseDefectFree_002879.npy,0.11748673074164395,"1638,0,0,1798,0,2247,0,0,0,1918,1712,1495,0,3067,0,56,0,0,11"
Defect_L18_B83_el2147_H4_W4.npy,0.12308133696743652,"1700,0,0,1813,0,2165,0,0,0,2062,1858,1102,0,3056,5,27,13,16,125"
Defect_L4_B82_el1129_H2_W2.npy,0.136350595323483,"1901,16,0,1804,2,2237,2,0,1,1743,1811,1293,0,3065,0,58,0,0,9"
Defect_L9_B336_el4533_H2_W2.npy,0.11511978195380863,"1605,3,0,1790,9,2226,0,0,0,1956,1748,1516,0,3027,0,57,0,0,5"
Defect_L3_B332_el4525_H2_W2.npy,0.11727155357911347,"1635,8,0,1828,6,2187,0,0,0,1958,1723,1472,0,3040,0,74,0,0,11"
Defect_L18_B235_el3153_H2_W2.npy,0.11260938172428633,"1570,0,0,1812,0,2213,0,0,0,2010,1720,1467,0,3063,2,65,4,1,15"
NoiseDefectFree_002594.npy,0.11246593028259934,"1568,0,0,1793,0,2250,0,0,0,1947,1736,1530,0,3066,0,45,0,0,7"
NoiseDefectFree_002394.npy,0.11533495911633912,"1608,0,0,1792,0,2247,0,0,0,1970,1758,1452,0,3044,0,62,0,0,9"
NoiseDefectFree_000524.npy,0.1180605365083919,"1646,0,0,1808,0,2227,0,0,0,1925,1736,1470,0,3064,0,60,0,0,6"
Defect_L10_B265_el3511_H2_W2.npy,0.11483287907043466,"1599,10,0,1794,5,2108,0,0,0,2077,1754,1479,0,3052,0,59,0,0,5"
Defect_L10_B132_el1797_H2_W2.npy,0.1207143881796012,"1675,1,0,1813,1,2218,0,0,0,1894,1725,1491,0,3050,0,66,0,0,8"
Defect_L8_B26_el165_H2_W2.npy,0.10930999856548558,"1524,4,0,1821,5,2223,0,0,3,1987,1737,1529,0,3034,0,74,0,0,1"
NoiseDefectFree_003901.npy,0.11260938172428633,"1570,0,0,1817,0,2221,0,0,0,1990,1732,1493,0,3054,0,58,0,0,7"
Defect_L16_B61_el2838_H8_W8.npy,0.11971022808779229,"1641,0,0,1801,0,2172,0,0,0,2052,1617,1366,0,3069,58,44,4,1,117"
Defect_L2_B290_el3845_H2_W2.npy,0.11834743939176588,"1641,31,0,1787,7,2118,1,0,1,2027,1784,1473,0,3013,0,51,0,0,8"
Defect_L9_B88_el1141_H2_W2.npy,0.13097116626022093,"1824,3,0,1810,4,2232,0,0,2,1857,1779,1311,0,3050,0,67,0,0,3"
Defect_L18_B70_el1811_H4_W4.npy,0.1338401950939607,"1850,0,0,1808,0,2201,0,0,0,2004,2043,754,0,3038,5,93,11,16,119"
Defect_L11_B24_el161_H2_W2.npy,0.11698465069573949,"1628,0,0,1821,0,2217,0,0,0,2004,1778,1379,0,3042,0,64,0,0,9"
Defect_L8_B106_el2839_H4_W4.npy,0.11569358772055659,"1613,34,1,1802,5,2034,0,0,5,2156,1870,1369,0,3016,0,34,0,0,3"
NoiseDefectFree_000672.npy,0.1155501362788696,"1611,0,0,1821,0,2214,0,0,0,1982,1729,1444,0,3069,0,68,0,0,4"
NoiseDefectFree_004189.npy,0.11411562186199971,"1591,0,0,1810,0,2230,0,0,0,1948,1727,1514,0,3054,0,64,0,0,4"
NoiseDefectFree_000667.npy,0.11468942762874768,"1599,0,0,1803,0,2237,0,0,0,1963,1724,1496,0,3056,0,62,0,0,2"
NoiseDefectFree_003267.npy,0.116769473533209,"1628,0,0,1806,0,2231,0,0,0,1951,1771,1465,0,3040,0,48,0,0,2"
NoiseDefectFree_001888.npy,0.11490460479127815,"1602,0,0,1804,0,2242,0,0,0,1956,1732,1468,0,3076,0,59,0,0,3"
Defect_L2_B59_el2817_H8_W8.npy,0.1273131544972027,"1763,93,0,1785,17,1588,5,0,19,2407,1736,1383,0,3022,0,91,0,0,33"
Defect_L16_B50_el1163_H4_W4.npy,0.12552001147611533,"1727,0,0,1794,0,2247,0,0,0,1962,1944,1010,0,3072,5,91,0,0,90"
Defect_L6_B72_el3489_H8_W8.npy,0.1220771768756276,"1698,195,2,1803,18,1107,0,0,66,2766,1911,1370,0,2919,0,53,0,0,34"
Defect_L19_B107_el2843_H4_W4.npy,0.11612394204561756,"1618,0,0,1796,0,2147,0,0,0,2066,1695,1454,0,3027,4,43,7,3,82"
Defect_L13_B28_el1165_H8_W8.npy,0.08815091091665471,"1229,0,0,1809,0,2234,0,0,0,2222,2721,338,0,3053,19,48,28,0,241"
Defect_L18_B286_el3837_H2_W2.npy,0.11468942762874768,"1591,0,0,1781,0,2222,0,0,0,2025,1587,1459,0,3174,3,73,2,10,15"
Defect_L3_B23_el159_H2_W2.npy,0.10751685554439822,"1499,17,0,1807,1,2233,1,0,1,2030,1751,1485,0,3034,0,78,0,0,5"
Defect_L14_B207_el2515_H2_W2.npy,0.11397217042031273,"1589,0,0,1804,0,2234,0,0,0,1982,1749,1485,0,3038,3,30,1,0,27"
NoiseDefectFree_000761.npy,0.11669774781236551,"1627,0,0,1806,0,2236,0,0,0,1952,1748,1455,0,3040,0,68,0,0,10"
Defect_L12_B59_el1483_H4_W4.npy,0.1273131544972027,"1775,0,0,1817,0,2221,0,0,0,1939,2242,627,0,3057,12,116,4,0,132"
NoiseDefectFree_001907.npy,0.11404389614115622,"1590,0,0,1808,0,2226,0,0,0,1990,1730,1472,0,3069,0,51,0,0,6"
NoiseDefectFree_003819.npy,0.11827571367092239,"1649,0,0,1816,0,2224,0,0,0,1930,1764,1459,0,3042,0,55,0,0,3"
Defect_L16_B83_el1131_H2_W2.npy,0.13713957825276143,"1904,0,0,1814,0,2226,0,0,0,1909,1889,1053,0,3053,3,76,0,0,15"
NoiseDefectFree_004301.npy,0.11748673074164395,"1638,0,0,1824,0,2216,0,0,0,1929,1691,1500,0,3062,0,71,0,0,11"
Defect_L3_B51_el1167_H4_W4.npy,0.1103141586572945,"1538,55,0,1803,0,2225,4,0,4,2013,1959,1184,0,3062,0,56,0,0,39"
Defect_L17_B78_el837_H2_W2.npy,0.12960837756419452,"1801,0,0,1820,0,2220,0,0,0,1968,1804,1179,0,3053,2,59,7,2,27"
NoiseDefectFree_004165.npy,0.11375699325778224,"1586,0,0,1809,0,2228,0,0,0,1968,1720,1510,0,3062,0,54,0,0,5"
Defect_L5_B2_el117_H2_W2.npy,0.10601061540668484,"1472,5,1,1822,6,2217,1,0,1,2071,1739,1499,0,3042,0,64,0,0,2"
NoiseDefectFree_003580.npy,0.11547841055802611,"1610,0,0,1799,0,2240,0,0,0,1962,1742,1461,0,3055,0,68,0,0,5"
NoiseDefectFree_002833.npy,0.11461770190790417,"1598,0,0,1803,0,2240,0,0,0,1973,1714,1486,0,3062,0,57,0,0,9"
Defect_L2_B130_el1509_H2_W2.npy,0.123439965571654,"1712,24,0,1812,0,2221,1,0,1,1831,1818,1405,0,3033,0,48,0,0,36"
NoiseDefectFree_003473.npy,0.11927987376273132,"1663,0,0,1806,0,2231,0,0,0,1944,1724,1450,0,3053,0,60,0,0,11"
Defect_L6_B175_el2167_H2_W2.npy,0.11354181609525175,"1581,7,0,1807,6,2234,0,0,1,1945,1774,1499,0,3046,0,39,0,0,3"
NoiseDefectFree_000138.npy,0.11856261655429637,"1653,0,0,1801,0,2238,0,0,0,1963,1705,1439,0,3079,0,60,0,0,4"
Defect_L8_B118_el5841_H8_W8.npy,0.11347009037440826,"1582,142,1,1314,18,2346,44,0,38,2089,2111,1486,0,2679,10,66,0,0,16"
NoiseDefectFree_004893.npy,0.11698465069573949,"1631,0,0,1798,0,2249,0,0,0,1940,1738,1444,0,3071,0,65,0,0,6"
NoiseDefectFree_002181.npy,0.11784535934586142,"1643,0,0,1806,0,2235,0,0,0,1928,1729,1489,0,3058,0,49,0,0,5"
Defect_L15_B44_el2138_H8_W8.npy,0.1454597618706068,"2022,0,0,1800,0,2123,0,0,0,1953,1734,757,0,3054,16,86,5,0,392"
NoiseDefectFree_003178.npy,0.11755845646248744,"1639,0,0,1804,0,2241,0,0,0,1942,1733,1465,0,3059,0,55,0,0,4"
NoiseDefectFree_004855.npy,0.11590876488308707,"1616,0,0,1778,0,2267,0,0,0,1946,1771,1475,0,3041,0,44,0,0,4"
NoiseDefectFree_004638.npy,0.11483287907043466,"1601,0,0,1790,0,2250,0,0,0,1993,1734,1471,0,3048,0,50,0,0,5"
Defect_L7_B32_el1480_H8_W8.npy,0.13140152058528187,"1800,161,0,1800,11,2245,32,0,39,1668,1973,1043,0,3025,0,37,0,0,108"
Defect_L10_B20_el822_H8_W8.npy,0.08026108162387031,"1094,75,0,1804,4,2227,0,0,56,2347,1993,1199,0,3035,0,83,0,0,25"
NoiseDefectFree_004262.npy,0.11827571367092239,"1649,0,0,1800,0,2238,0,0,0,1928,1764,1465,0,3046,0,50,0,0,2"
NoiseDefectFree_001332.npy,0.1194950509252618,"1666,0,0,1801,0,2242,0,0,0,1922,1736,1473,0,3054,0,48,0,0,0"
Defect_L6_B54_el789_H2_W2.npy,0.1286042174723856,"1791,2,0,1833,6,2202,0,0,1,1836,1748,1395,0,3060,0,57,0,0,11"
Defect_L17_B264_el3509_H2_W2.npy,0.11476115334959117,"1597,0,0,1791,0,2249,0,0,0,1993,1659,1450,0,3092,4,67,4,6,30"
Defect_L2_B420_el5865_H2_W2.npy,0.11318318749103429,"1570,20,1,1712,3,2293,1,0,1,1984,1740,1495,0,3055,0,56,0,0,11"
Defect_L5_B364_el5171_H2_W2.npy,0.11734327929995697,"1632,10,0,1728,6,2284,1,0,0,1947,1691,1494,0,3074,0,70,0,0,5"
Defect_L8_B154_el1841_H2_W2.npy,0.10923827284464209,"1523,13,0,1806,8,2236,0,0,0,1982,1743,1528,0,3037,0,55,0,0,11"
Defect_L5_B73_el1823_H4_W4.npy,0.11920814804188783,"1654,19,1,1790,8,2261,2,0,15,1822,1798,1476,0,3043,0,48,0,0,5"
NoiseDefectFree_004531.npy,0.11892124515851385,"1658,0,0,1799,0,2244,0,0,0,1924,1740,1464,0,3052,0,57,0,0,4"
NoiseDefectFree_004674.npy,0.11856261655429637,"1653,0,0,1800,0,2238,0,0,0,1917,1755,1461,0,3051,0,63,0,0,4"
Defect_L17_B150_el1833_H2_W2.npy,0.11454597618706068,"1591,0,0,1804,0,2238,0,0,0,1984,1847,1304,0,3063,2,51,8,2,48"
NoiseDefectFree_001253.npy,0.11526323339549563,"1607,0,0,1817,0,2226,0,0,0,1970,1743,1469,0,3045,0,60,0,0,5"
NoiseDefectFree_003375.npy,0.11777363362501793,"1642,0,0,1819,0,2222,0,0,0,1960,1778,1420,0,3045,0,52,0,0,4"
NoiseDefectFree_002815.npy,0.11583703916224358,"1615,0,0,1819,0,2219,0,0,0,1946,1741,1490,0,3057,0,51,0,0,4"
NoiseDefectFree_004720.npy,0.11361354181609525,"1584,0,0,1795,0,2247,0,0,0,1954,1760,1502,0,3048,0,51,0,0,1"
Defect_L18_B442_el6193_H2_W2.npy,0.11648257064983503,"1616,0,0,1785,0,2261,0,0,0,1954,1788,1478,0,2978,4,56,1,13,8"
NoiseDefectFree_004859.npy,0.1182039879500789,"1648,0,0,1800,0,2235,0,0,0,1931,1766,1453,0,3046,0,60,0,0,3"
Defect_L17_B60_el801_H2_W2.npy,0.12688280017214174,"1764,0,0,1799,0,2237,0,0,0,2012,1871,1108,0,3058,2,63,7,3,18"
Defect_L12_B335_el4531_H2_W2.npy,0.11935159948357481,"1664,0,0,1814,0,2225,0,0,0,1891,1820,1476,0,2974,0,69,0,0,9"
Defect_L13_B125_el1499_H2_W2.npy,0.11303973604934729,"1576,0,0,1802,0,2236,0,0,0,1995,1861,1299,0,3063,6,56,2,0,46"
NoiseDefectFree_001078.npy,0.11547841055802611,"1610,0,0,1803,0,2234,0,0,0,1968,1757,1467,0,3042,0,57,0,0,4"
NoiseDefectFree_004364.npy,0.11483287907043466,"1601,0,0,1816,0,2226,0,0,0,1948,1722,1511,0,3048,0,63,0,0,7"
NoiseDefectFree_000771.npy,0.11834743939176588,"1650,0,0,1804,0,2237,0,0,0,1940,1716,1454,0,3062,0,69,0,0,10"
Defect_L15_B387_el5515_H2_W2.npy,0.11791708506670492,"1644,0,0,1802,0,2238,0,0,0,1944,1807,1448,0,2972,2,74,0,2,9"
NoiseDefectFree_000250.npy,0.11590876488308707,"1616,0,0,1811,0,2230,0,0,0,1960,1702,1486,0,3069,0,63,0,0,5"
Defect_L9_B132_el3811_H4_W4.npy,0.12035575957538373,"1665,27,1,1813,11,1836,0,0,14,2278,1733,1446,0,3033,0,62,0,0,23"
NoiseDefectFree_003420.npy,0.11347009037440826,"1582,0,0,1796,0,2244,0,0,0,1954,1716,1515,0,3063,0,65,0,0,7"
NoiseDefectFree_004977.npy,0.11705637641658298,"1632,0,0,1829,0,2217,0,0,0,1948,1725,1465,0,3063,0,61,0,0,2"
NoiseDefectFree_004545.npy,0.11770190790417444,"1641,0,0,1799,0,2241,0,0,0,1961,1732,1448,0,3048,0,59,0,0,13"
Defect_L13_B316_el4195_H2_W2.npy,0.11669774781236551,"1627,0,0,1797,0,2240,0,0,0,1954,1839,1469,0,2940,2,62,0,2,10"
Defect_L13_B196_el2493_H2_W2.npy,0.11719982785826998,"1634,0,0,1802,0,2243,0,0,0,1922,1730,1419,0,3065,5,52,1,0,69"
NoiseDefectFree_000717.npy,0.11655429637067853,"1625,0,0,1804,0,2233,0,0,0,1950,1740,1487,0,3035,0,64,0,0,4"
Defect_L8_B124_el3495_H4_W4.npy,0.11347009037440826,"1582,54,0,1789,8,1482,12,0,10,2656,1718,1501,0,3054,0,63,0,0,13"
NoiseDefectFree_002049.npy,0.11705637641658298,"1632,0,0,1793,0,2246,0,0,0,1953,1763,1455,0,3039,0,58,0,0,3"
Defect_L6_B292_el3849_H2_W2.npy,0.11877779371682685,"1654,12,0,1798,9,2181,0,0,0,1992,1762,1421,0,3056,0,52,0,0,5"
Defect_L17_B133_el3815_H4_W4.npy,0.11655429637067853,"1611,0,0,1791,0,2107,0,0,0,2098,1617,1512,0,3036,9,84,16,4,57"
Defect_L12_B323_el4493_H2_W2.npy,0.11411562186199971,"1591,0,0,1814,0,2225,0,0,0,1955,1815,1517,0,2960,0,58,0,0,7"
NoiseDefectFree_004179.npy,0.116769473533209,"1628,0,0,1815,0,2218,0,0,0,1978,1736,1456,0,3042,0,62,0,0,7"
NoiseDefectFree_004810.npy,0.11705637641658298,"1632,0,0,1802,0,2238,0,0,0,1930,1728,1470,0,3078,0,62,0,0,2"
Defect_L10_B226_el2851_H2_W2.npy,0.1194950509252618,"1658,11,0,1797,4,2172,0,0,0,2024,1785,1413,0,3024,0,30,0,0,24"
Defect_L10_B370_el5197_H2_W2.npy,0.11404389614115622,"1588,7,1,1726,9,2285,0,0,0,1974,1765,1495,0,3041,0,42,0,0,9"
Defect_L3_B426_el5877_H2_W2.npy,0.11461770190790417,"1598,19,1,1701,7,2296,0,0,2,1965,1753,1487,0,3035,0,73,0,0,5"
NoiseDefectFree_001461.npy,0.11497633051212165,"1603,0,0,1797,0,2242,0,0,0,1976,1738,1464,0,3053,0,62,0,0,7"
Defect_L4_B132_el1797_H2_W2.npy,0.12387031989671496,"1727,21,0,1792,2,2243,3,0,1,1850,1743,1416,0,3063,0,61,0,0,20"
NoiseDefectFree_002001.npy,0.11662602209152202,"1626,0,0,1822,0,2216,0,0,0,1950,1745,1457,0,3057,0,63,0,0,6"
Defect_L3_B62_el1495_H4_W4.npy,0.11884951943767035,"1657,66,0,1805,0,2230,3,0,6,1769,2024,1280,0,3049,0,39,0,0,14"
NoiseDefectFree_000405.npy,0.11088796442404246,"1546,0,0,1818,0,2217,0,0,0,2013,1741,1492,0,3049,0,61,0,0,5"
NoiseDefectFree_000385.npy,0.11418734758284321,"1592,0,0,1798,0,2247,0,0,0,1984,1737,1474,0,3050,0,55,0,0,5"
Defect_L19_B132_el3811_H4_W4.npy,0.11870606799598336,"1654,0,0,1794,0,1996,0,0,0,2190,1596,1473,0,3083,6,80,7,18,45"
Defect_L5_B269_el3519_H2_W2.npy,0.11569358772055659,"1605,13,1,1797,10,2159,0,0,1,2048,1775,1465,0,3030,0,35,0,0,3"
NoiseDefectFree_001634.npy,0.11418734758284321,"1592,0,0,1804,0,2234,0,0,0,1985,1773,1456,0,3046,0,48,0,0,4"
Defect_L16_B31_el1473_H8_W8.npy,0.13312293788552576,"1781,0,0,1794,0,2205,0,0,0,2009,2063,437,0,3059,17,139,4,0,434"
NoiseDefectFree_004785.npy,0.11763018218333095,"1640,0,0,1796,0,2245,0,0,0,1963,1732,1445,0,3065,0,51,0,0,5"
Defect_L10_B336_el4533_H2_W2.npy,0.11440252474537368,"1589,1,2,1770,7,2247,0,0,0,1995,1756,1468,0,3038,0,64,0,0,5"
Defect_L10_B359_el5161_H2_W2.npy,0.116769473533209,"1623,2,2,1772,6,2229,0,0,0,1972,1806,1462,0,3008,0,55,0,0,5"
NoiseDefectFree_003926.npy,0.11684119925405251,"1629,0,0,1814,0,2224,0,0,0,1986,1773,1420,0,3037,0,50,0,0,9"
NoiseDefectFree_004159.npy,0.11418734758284321,"1592,0,0,1807,0,2234,0,0,0,1992,1747,1443,0,3063,0,57,0,0,7"
Defect_L2_B301_el4151_H2_W2.npy,0.11210730167838187,"1557,17,0,1811,8,2118,2,0,2,2097,1748,1482,0,3016,0,77,0,0,7"
Defect_L12_B135_el1803_H2_W2.npy,0.12171854827141013,"1697,0,0,1818,0,2218,0,0,0,1943,1803,1300,0,3045,4,83,0,0,31"
NoiseDefectFree_002194.npy,0.11547841055802611,"1610,0,0,1802,0,2234,0,0,0,1975,1734,1470,0,3052,0,59,0,0,6"
NoiseDefectFree_001016.npy,0.11490460479127815,"1602,0,0,1808,0,2243,0,0,0,1939,1735,1517,0,3051,0,47,0,0,0"
Defect_L8_B171_el4867_H4_W4.npy,0.11662602209152202,"1626,14,0,1765,6,2212,0,0,5,1990,1838,1469,0,2966,0,50,0,0,1"
Defect_L11_B205_el5871_H4_W4.npy,0.1156218619997131,"1611,0,0,1668,0,2377,0,0,0,1970,1839,1467,0,2910,12,77,0,4,7"
Defect_L6_B7_el127_H2_W2.npy,0.10185052359776216,"1419,2,0,1797,6,2241,0,0,2,2056,1727,1581,0,3050,0,55,0,0,6"
Defect_L19_B60_el1487_H4_W4.npy,0.11605221632477407,"1618,0,0,1795,0,2240,0,0,0,2133,2193,624,0,3064,5,86,9,19,156"
NoiseDefectFree_002872.npy,0.1155501362788696,"1611,0,0,1809,0,2233,0,0,0,1983,1715,1471,0,3062,0,52,0,0,6"
NoiseDefectFree_000010.npy,0.11798881078754841,"1645,0,0,1812,0,2223,0,0,0,1981,1743,1432,0,3041,0,58,0,0,7"
NoiseDefectFree_001839.npy,0.11540668483718261,"1609,0,0,1810,0,2233,0,0,0,1950,1765,1458,0,3060,0,50,0,0,7"
NoiseDefectFree_004805.npy,0.1182039879500789,"1648,0,0,1796,0,2240,0,0,0,1922,1749,1489,0,3042,0,55,0,0,1"
NoiseDefectFree_000256.npy,0.11504805623296514,"1604,0,0,1805,0,2231,0,0,0,1987,1753,1437,0,3053,0,63,0,0,9"
Defect_L10_B33_el463_H2_W2.npy,0.11225075312006885,"1556,0,0,1808,0,2236,0,0,0,2057,1757,1410,0,3048,0,60,0,0,10"
Defect_L3_B257_el3495_H2_W2.npy,0.11892124515851385,"1658,25,0,1808,3,2076,0,0,2,2039,1715,1489,0,3048,0,72,0,0,7"
NoiseDefectFree_003325.npy,0.11447425046621719,"1596,0,0,1801,0,2243,0,0,0,1978,1706,1478,0,3061,0,67,0,0,12"
Defect_L4_B29_el455_H2_W2.npy,0.11598049060393056,"1617,16,0,1816,1,2225,2,0,1,1994,1764,1409,0,3028,0,60,0,0,9"
NoiseDefectFree_001582.npy,0.11354181609525175,"1583,0,0,1810,0,2229,0,0,0,1957,1736,1504,0,3044,0,67,0,0,12"
NoiseDefectFree_000925.npy,0.11655429637067853,"1625,0,0,1814,0,2231,0,0,0,1938,1718,1492,0,3059,0,62,0,0,3"
NoiseDefectFree_002780.npy,0.11605221632477407,"1618,0,0,1813,0,2229,0,0,0,1949,1752,1466,0,3044,0,69,0,0,2"
Defect_L18_B163_el2143_H2_W2.npy,0.11791708506670492,"1636,0,0,1788,0,2250,0,0,0,1967,1658,1385,0,3071,2,97,2,8,78"
Defect_L12_B129_el6205_H8_W8.npy,0.12365514273418447,"1724,0,0,1401,0,2529,0,0,0,2032,1955,1446,0,2679,35,104,2,15,20"
Defect_L5_B199_el2499_H2_W2.npy,0.11669774781236551,"1620,8,2,1805,7,2242,1,0,0,1948,1741,1458,0,3051,0,50,0,0,9"
Defect_L3_B155_el1843_H2_W2.npy,0.11598049060393056,"1617,27,0,1818,1,2228,0,0,1,1910,1802,1418,0,3046,0,39,0,0,35"
Defect_L12_B122_el3487_H4_W4.npy,0.11619566776646105,"1620,0,0,1797,0,2106,0,0,0,2125,1534,1446,0,3156,13,93,0,1,51"
Defect_L4_B373_el5203_H2_W2.npy,0.11971022808779229,"1669,11,1,1736,12,2273,1,0,2,1948,1758,1425,0,3045,0,59,0,0,2"
NoiseDefectFree_003776.npy,0.11834743939176588,"1650,0,0,1803,0,2234,0,0,0,1934,1754,1462,0,3060,0,45,0,0,0"
NoiseDefectFree_004836.npy,0.11648257064983503,"1624,0,0,1819,0,2220,0,0,0,1937,1715,1491,0,3065,0,66,0,0,5"
NoiseDefectFree_004965.npy,0.11899297087935734,"1659,0,0,1804,0,2240,0,0,0,1937,1740,1444,0,3054,0,56,0,0,8"
NoiseDefectFree_000540.npy,0.11490460479127815,"1602,0,0,1804,0,2232,0,0,0,1967,1740,1484,0,3058,0,47,0,0,8"
Defect_L2_B96_el1157_H2_W2.npy,0.12042748529622722,"1670,23,0,1811,0,2227,1,0,1,1844,1767,1476,0,3058,0,58,0,0,6"
NoiseDefectFree_002746.npy,0.11576531344140009,"1614,0,0,1808,0,2230,0,0,0,1939,1734,1494,0,3064,0,56,0,0,3"
NoiseDefectFree_003720.npy,0.11404389614115622,"1590,0,0,1818,0,2224,0,0,0,1960,1709,1515,0,3060,0,62,0,0,4"
Defect_L2_B6_el135_H4_W4.npy,0.07853966432362645,"1071,42,0,1813,0,2229,1,0,6,2352,1765,1531,0,3056,0,63,0,0,13"
Defect_L8_B47_el2159_H8_W8.npy,0.12781523454310717,"1782,223,1,1791,11,2027,32,0,43,1721,1977,1220,0,3009,0,48,0,0,57"
NoiseDefectFree_004469.npy,0.11734327929995697,"1636,0,0,1787,0,2248,0,0,0,1952,1756,1457,0,3049,0,52,0,0,5"
NoiseDefectFree_000668.npy,0.11791708506670492,"1644,0,0,1815,0,2225,0,0,0,1953,1761,1450,0,3044,0,46,0,0,4"
Defect_L14_B36_el1795_H8_W8.npy,0.1504805623296514,"2062,0,0,1808,0,2104,0,0,0,1988,1839,414,0,3117,21,32,22,0,535"
Defect_L7_B136_el1805_H2_W2.npy,0.1274566059388897,"1776,7,0,1816,9,2229,1,0,0,1802,1705,1424,0,3067,0,82,0,0,24"
Defect_L19_B128_el3511_H4_W4.npy,0.11583703916224358,"1615,0,0,1762,0,2077,0,0,0,2188,1552,1447,0,3088,5,83,9,20,96"
NoiseDefectFree_001354.npy,0.11712810213742648,"1633,0,0,1796,0,2252,0,0,0,1944,1739,1456,0,3055,0,62,0,0,5"
Defect_L15_B299_el4147_H2_W2.npy,0.11354181609525175,"1581,0,0,1804,0,2240,0,0,0,1963,1720,1485,0,3059,5,76,0,3,6"
Defect_L10_B186_el5511_H4_W4.npy,0.11590876488308707,"1615,8,1,1662,17,2273,0,0,19,2007,1832,1494,0,2939,4,67,0,0,4"
Defect_L7_B128_el6198_H8_W8.npy,0.11834743939176588,"1607,123,1,1208,16,2479,43,0,36,2084,1965,1485,0,2765,64,58,0,0,8"
NoiseDefectFree_002704.npy,0.11626739348730454,"1621,0,0,1793,0,2253,0,0,0,1936,1733,1502,0,3054,0,46,0,0,4"
NoiseDefectFree_003331.npy,0.1207861139004447,"1684,0,0,1814,0,2226,0,0,0,1939,1767,1414,0,3050,0,46,0,0,2"
Defect_L17_B231_el3145_H2_W2.npy,0.11497633051212165,"1600,0,0,1819,0,2205,0,0,0,1990,1673,1484,0,3065,0,84,3,0,19"
NoiseDefectFree_003585.npy,0.11920814804188783,"1662,0,0,1792,0,2245,0,0,0,1926,1718,1468,0,3058,0,65,0,0,8"
Defect_L3_B331_el4523_H2_W2.npy,0.11648257064983503,"1624,8,0,1815,6,2206,0,0,0,1949,1695,1483,0,3070,0,80,0,0,6"
Defect_L11_B4_el136_H8_W8.npy,0.06390761727155359,"887,0,0,1807,0,2236,0,0,0,2205,2210,1022,0,3058,28,131,2,0,356"
NoiseDefectFree_003377.npy,0.11511978195380863,"1605,0,0,1815,0,2223,0,0,0,1974,1712,1466,0,3072,0,71,0,0,4"
NoiseDefectFree_001257.npy,0.11834743939176588,"1650,0,0,1814,0,2229,0,0,0,1937,1706,1475,0,3067,0,63,0,0,1"
Defect_L13_B101_el2803_H4_W4.npy,0.12222062831731459,"1704,0,0,1807,0,2155,0,0,0,2002,1591,1433,0,3066,11,100,1,0,72"
Defect_L4_B279_el3823_H2_W2.npy,0.11655429637067853,"1625,18,1,1798,3,2104,3,0,2,2112,1739,1421,0,3044,0,67,0,0,5"
NoiseDefectFree_004176.npy,0.11397217042031273,"1589,0,0,1814,0,2226,0,0,0,1980,1724,1485,0,3060,0,59,0,0,5"
NoiseDefectFree_004911.npy,0.11633911920814805,"1622,0,0,1794,0,2242,0,0,0,1954,1717,1476,0,3069,0,60,0,0,8"
NoiseDefectFree_001853.npy,0.11375699325778224,"1586,0,0,1808,0,2228,0,0,0,1974,1746,1470,0,3059,0,64,0,0,7"
Defect_L12_B389_el5519_H2_W2.npy,0.11856261655429637,"1653,0,0,1769,0,2272,0,0,0,1943,1819,1460,0,2937,7,73,0,1,8"
Defect_L3_B298_el3861_H2_W2.npy,0.11727155357911347,"1635,30,0,1777,5,2163,1,0,2,2034,1787,1448,0,3005,0,51,0,0,4"
NoiseDefectFree_002106.npy,0.12028403385454024,"1677,0,0,1796,0,2246,0,0,0,1961,1721,1411,0,3063,0,65,0,0,2"
NoiseDefectFree_000134.npy,0.11390044469946924,"1588,0,0,1798,0,2241,0,0,0,1961,1730,1506,0,3051,0,56,0,0,11"
Defect_L3_B123_el3491_H4_W4.npy,0.11375699325778224,"1586,71,0,1796,1,1619,4,0,7,2485,1816,1493,0,2989,0,62,0,0,13"
NoiseDefectFree_000929.npy,0.12121646822550566,"1690,0,0,1807,0,2232,0,0,0,1928,1748,1419,0,3061,0,54,0,0,3"
NoiseDefectFree_000824.npy,0.11511978195380863,"1605,0,0,1812,0,2224,0,0,0,1967,1764,1459,0,3055,0,48,0,0,8"
Defect_L8_B57_el1475_H4_W4.npy,0.12702625161382872,"1771,25,0,1820,6,2220,11,0,11,1911,1820,1194,0,3049,0,73,0,0,31"
NoiseDefectFree_001532.npy,0.12157509682972314,"1695,0,0,1813,0,2224,0,0,0,1925,1722,1447,0,3047,0,65,0,0,4"
NoiseDefectFree_001215.npy,0.11813226222923541,"1647,0,0,1815,0,2219,0,0,0,1948,1739,1468,0,3054,0,49,0,0,3"
NoiseDefectFree_000505.npy,0.11827571367092239,"1649,0,0,1830,0,2208,0,0,0,1950,1731,1462,0,3047,0,59,0,0,6"
Defect_L18_B100_el1165_H2_W2.npy,0.12186199971309712,"1691,0,0,1799,0,2239,0,0,0,2050,1795,1181,0,3061,2,68,2,8,46"
NoiseDefectFree_003073.npy,0.11519150767465212,"1606,0,0,1790,0,2254,0,0,0,1985,1754,1454,0,3039,0,59,0,0,1"
Defect_L3_B352_el4863_H2_W2.npy,0.11648257064983503,"1624,7,1,1783,9,2235,0,0,0,1944,1740,1476,0,3066,0,48,0,0,9"
Defect_L2_B401_el5827_H2_W2.npy,0.11325491321187778,"1571,22,2,1738,5,2256,0,0,1,1996,1795,1488,0,3010,0,50,0,0,8"
Defect_L5_B316_el4195_H2_W2.npy,0.116769473533209,"1622,14,1,1794,7,2202,0,0,0,1980,1719,1468,0,3056,0,72,0,0,7"
Defect_L3_B436_el6181_H2_W2.npy,0.1182039879500789,"1647,16,4,1669,3,2333,0,0,2,1935,1741,1460,0,3061,0,66,0,0,5"
NoiseDefectFree_003710.npy,0.11741500502080046,"1637,0,0,1813,0,2223,0,0,0,1951,1766,1443,0,3053,0,47,0,0,9"
NoiseDefectFree_004850.npy,0.11519150767465212,"1606,0,0,1781,0,2255,0,0,0,1926,1763,1510,0,3042,0,55,0,0,4"
NoiseDefectFree_004749.npy,0.11605221632477407,"1618,0,0,1792,0,2249,0,0,0,1954,1725,1481,0,3048,0,68,0,0,7"
NoiseDefectFree_004269.npy,0.11626739348730454,"1621,0,0,1797,0,2240,0,0,0,1949,1724,1487,0,3055,0,64,0,0,5"
Defect_L9_B39_el835_H4_W4.npy,0.10830583847367665,"1495,22,0,1797,8,2241,0,0,16,2196,1860,1194,0,3051,0,34,0,0,28"
Defect_L4_B321_el4489_H2_W2.npy,0.11834743939176588,"1650,3,0,1806,6,2211,0,0,0,1952,1763,1458,0,3031,0,57,0,0,5"
NoiseDefectFree_004187.npy,0.1155501362788696,"1611,0,0,1800,0,2240,0,0,0,1954,1759,1470,0,3039,0,63,0,0,6"
Defect_L5_B59_el1483_H4_W4.npy,0.12092956534213169,"1678,19,0,1811,8,2236,2,0,16,1863,1807,1374,0,3046,0,64,0,0,18"
NoiseDefectFree_002924.npy,0.11641084492899154,"1623,0,0,1807,0,2236,0,0,0,1980,1739,1435,0,3058,0,58,0,0,6"
Defect_L5_B19_el815_H8_W8.npy,0.08033280734471382,"1102,68,0,1820,18,2222,6,0,60,2250,2007,1268,0,3042,0,51,0,0,28"
NoiseDefectFree_001811.npy,0.11583703916224358,"1615,0,0,1805,0,2237,0,0,0,1948,1746,1472,0,3059,0,57,0,0,3"
NoiseDefectFree_003487.npy,0.11906469660020083,"1660,0,0,1815,0,2223,0,0,0,1942,1759,1437,0,3048,0,56,0,0,2"
Defect_L13_B102_el2807_H4_W4.npy,0.1194233252044183,"1665,0,0,1800,0,2163,0,0,0,1997,1555,1493,0,3093,6,85,2,0,83"
NoiseDefectFree_003142.npy,0.1180605365083919,"1646,0,0,1812,0,2229,0,0,0,1916,1740,1483,0,3052,0,57,0,0,7"
Defect_L16_B76_el3517_H8_W8.npy,0.11920814804188783,"1597,0,0,1770,0,2057,0,0,0,2217,1540,1477,0,3077,18,78,10,0,101"
NoiseDefectFree_001325.npy,0.11275283316597332,"1572,0,0,1817,0,2224,0,0,0,1981,1734,1479,0,3064,0,64,0,0,7"
NoiseDefectFree_004313.npy,0.11368526753693875,"1585,0,0,1802,0,2238,0,0,0,1978,1712,1489,0,3067,0,63,0,0,8"
Defect_L18_B147_el4155_H4_W4.npy,0.11655429637067853,"1617,0,0,1766,0,2259,0,0,0,1988,1704,1451,0,3013,7,83,6,9,39"
Defect_L15_B194_el2489_H2_W2.npy,0.1131114617701908,"1576,0,0,1806,0,2229,0,0,0,1983,1679,1494,0,3051,4,67,0,0,53"
Defect_L5_B21_el829_H8_W8.npy,0.06684837182613686,"913,44,0,1813,20,2229,5,0,56,2405,2192,1168,0,3055,0,23,0,0,19"
Defect_L11_B240_el3177_H2_W2.npy,0.11454597618706068,"1594,0,0,1805,0,2229,0,0,0,1983,1779,1482,0,2981,6,52,2,0,29"
Defect_L12_B198_el5843_H4_W4.npy,0.11339836465356477,"1581,0,0,1656,0,2375,0,0,0,1997,1943,1481,0,2801,14,81,0,4,9"
Defect_L2_B56_el793_H2_W2.npy,0.12774350882226365,"1772,19,0,1795,0,2245,1,0,1,1859,1813,1330,0,3049,0,51,0,0,7"
NoiseDefectFree_001541.npy,0.11569358772055659,"1613,0,0,1803,0,2230,0,0,0,1959,1743,1479,0,3039,0,67,0,0,9"
Defect_L2_B174_el5163_H4_W4.npy,0.11440252474537368,"1580,43,0,1720,7,2196,6,0,6,2042,1999,1457,0,2825,0,57,0,0,4"
NoiseDefectFree_002682.npy,0.116769473533209,"1628,0,0,1806,0,2230,0,0,0,1981,1731,1444,0,3051,0,68,0,0,3"
Defect_L11_B200_el2501_H2_W2.npy,0.11232247884091236,"1565,0,0,1793,0,2231,0,0,0,2003,1738,1448,0,3058,4,52,3,0,47"
Defect_L6_B141_el1815_H2_W2.npy,0.11763018218333095,"1638,4,0,1809,6,2230,0,0,1,1907,1746,1466,0,3073,0,57,0,0,5"
NoiseDefectFree_001192.npy,0.11655429637067853,"1625,0,0,1809,0,2229,0,0,0,1962,1749,1454,0,3049,0,59,0,0,6"
Defect_L5_B149_H8_W4.npy,0.11590876488308707,"1596,38,0,1503,23,2386,7,0,22,2035,1837,1468,0,2967,0,59,0,0,1"
NoiseDefectFree_001543.npy,0.11777363362501793,"1642,0,0,1789,0,2242,0,0,0,1953,1701,1452,0,3082,0,75,0,0,6"
Defect_L11_B273_el3811_H2_W2.npy,0.11124659302825994,"1550,0,0,1812,0,2219,0,0,0,2020,1631,1490,0,3119,4,88,1,1,7"
NoiseDefectFree_002540.npy,0.11899297087935734,"1659,0,0,1802,0,2233,0,0,0,1947,1735,1451,0,3055,0,56,0,0,4"
NoiseDefectFree_000954.npy,0.11626739348730454,"1621,0,0,1807,0,2236,0,0,0,1947,1753,1473,0,3040,0,59,0,0,6"
Defect_L10_B266_el3513_H2_W2.npy,0.11203557595753837,"1560,10,0,1784,6,2125,0,0,0,2116,1788,1482,0,3020,0,48,0,0,3"
Defect_L17_B202_el2505_H2_W2.npy,0.11411562186199971,"1585,0,0,1804,0,2230,0,0,0,1998,1715,1466,0,3049,3,34,8,2,48"
NoiseDefectFree_004847.npy,0.11411562186199971,"1591,0,0,1800,0,2236,0,0,0,1977,1743,1489,0,3041,0,62,0,0,3"
Defect_L6_B263_el3507_H2_W2.npy,0.11511978195380863,"1604,10,1,1796,10,2144,0,0,1,2086,1764,1419,0,3047,0,55,0,0,5"
Defect_L5_B310_el4183_H2_W2.npy,0.11849089083345288,"1647,15,1,1824,8,2152,0,0,0,1989,1706,1446,0,3057,0,79,0,0,18"
NoiseDefectFree_004331.npy,0.11390044469946924,"1588,0,0,1790,0,2251,0,0,0,1949,1778,1489,0,3049,0,43,0,0,5"
Defect_L17_B234_el3151_H2_W2.npy,0.11375699325778224,"1585,0,0,1804,0,2230,0,0,0,2009,1687,1457,0,3081,3,70,3,1,12"
Defect_L16_B99_el4847_H8_W8.npy,0.11332663893272127,"1562,0,0,1666,0,2377,0,0,0,2002,2112,1490,0,2615,5,53,5,11,44"
Defect_L8_B95_el4525_H8_W8.npy,0.11318318749103429,"1578,42,1,1706,9,2058,0,0,14,2173,1990,1490,0,2815,0,49,0,0,17"
Defect_L3_B57_el1475_H4_W4.npy,0.1286042174723856,"1793,52,0,1798,0,2237,3,0,6,1834,1984,1080,0,3052,0,65,0,0,38"
NoiseDefectFree_004730.npy,0.11784535934586142,"1643,0,0,1807,0,2233,0,0,0,1963,1751,1440,0,3043,0,56,0,0,6"
Defect_L17_B110_el3139_H4_W4.npy,0.12100129106297518,"1678,0,0,1807,0,2074,0,0,0,2081,1451,1476,0,3196,7,110,11,3,48"
Defect_L10_B77_el3811_H8_W8.npy,0.11849089083345288,"1634,81,0,1765,8,1325,0,0,49,2776,1819,1386,0,2984,0,57,0,0,58"
Defect_L8_B90_el2175_H4_W4.npy,0.11404389614115622,"1590,41,2,1790,8,2188,9,0,10,1996,1814,1410,0,3030,0,34,0,0,20"
Defect_L4_B278_el3821_H2_W2.npy,0.11196385023669488,"1561,18,1,1814,3,2095,3,0,2,2101,1751,1483,0,3043,0,60,0,0,7"
NoiseDefectFree_002157.npy,0.11841916511260939,"1651,0,0,1831,0,2202,0,0,0,1959,1742,1456,0,3047,0,50,0,0,4"
NoiseDefectFree_001063.npy,0.11698465069573949,"1631,0,0,1803,0,2235,0,0,0,1944,1731,1480,0,3061,0,51,0,0,6"
NoiseDefectFree_001168.npy,0.11834743939176588,"1650,0,0,1795,0,2242,0,0,0,1978,1737,1420,0,3066,0,50,0,0,4"
NoiseDefectFree_003637.npy,0.11511978195380863,"1605,0,0,1813,0,2225,0,0,0,1972,1741,1478,0,3054,0,49,0,0,5"
Defect_L13_B98_el2507_H4_W4.npy,0.11777363362501793,"1642,0,0,1799,0,2189,0,0,0,2004,1788,1319,0,3022,9,47,6,0,117"
Defect_L6_B7_el139_H4_W4.npy,0.07868311576531344,"1096,10,0,1791,8,2246,0,0,17,2330,1730,1588,0,3046,0,69,0,0,11"
Defect_L10_B80_el2135_H4_W4.npy,0.1273131544972027,"1768,22,0,1799,1,2167,0,0,11,1911,1644,1397,0,3080,0,82,0,0,60"
NoiseDefectFree_004492.npy,0.11390044469946924,"1588,0,0,1787,0,2257,0,0,0,1993,1708,1473,0,3055,0,71,0,0,10"
Defect_L10_B123_el6163_H8_W8.npy,0.116769473533209,"1623,34,1,1442,10,2311,0,0,64,2151,2115,1417,0,2678,24,63,0,0,9"
NoiseDefectFree_004981.npy,0.11662602209152202,"1626,0,0,1806,0,2233,0,0,0,1949,1740,1474,0,3057,0,55,0,0,2"
Defect_L17_B418_el5861_H2_W2.npy,0.1129680103285038,"1569,0,0,1789,0,2251,0,0,0,1975,1778,1509,0,2977,4,69,7,7,7"
Defect_L8_B125_el6177_H8_W8.npy,0.1129680103285038,"1575,107,1,1265,17,2440,43,0,40,2097,2018,1500,0,2734,17,79,0,0,9"
NoiseDefectFree_004947.npy,0.11497633051212165,"1603,0,0,1814,0,2223,0,0,0,1959,1708,1500,0,3064,0,66,0,0,5"
NoiseDefectFree_002783.npy,0.1155501362788696,"1611,0,0,1791,0,2248,0,0,0,1943,1697,1505,0,3089,0,54,0,0,4"
NoiseDefectFree_000718.npy,0.11476115334959117,"1600,0,0,1804,0,2240,0,0,0,1958,1746,1474,0,3051,0,66,0,0,3"
NoiseDefectFree_002503.npy,0.11619566776646105,"1620,0,0,1794,0,2247,0,0,0,1953,1736,1477,0,3045,0,67,0,0,3"
NoiseDefectFree_004361.npy,0.11397217042031273,"1589,0,0,1817,0,2218,0,0,0,1998,1756,1456,0,3056,0,50,0,0,2"
NoiseDefectFree_004172.npy,0.11598049060393056,"1617,0,0,1791,0,2251,0,0,0,1956,1717,1485,0,3054,0,64,0,0,7"
Defect_L13_B2_el122_H8_W8.npy,0.06742217759288481,"940,0,0,1810,0,2229,0,0,0,2248,2209,795,0,3057,32,85,59,0,478"
Defect_L19_B24_H4_W8.npy,0.08944197389183761,"1246,0,0,1794,0,2242,0,0,0,2216,2265,805,0,3044,13,103,8,17,189"
NoiseDefectFree_000396.npy,0.11124659302825994,"1551,0,0,1821,0,2215,0,0,0,2003,1746,1497,0,3046,0,57,0,0,6"
Defect_L15_B450_el6209_H2_W2.npy,0.11418734758284321,"1592,0,0,1809,0,2242,0,0,0,1939,1780,1468,0,3032,2,71,0,1,6"
Defect_L11_B209_el6171_H4_W4.npy,0.11734327929995697,"1634,0,0,1646,0,2393,0,0,0,1967,1902,1432,0,2871,11,79,0,1,6"
NoiseDefectFree_004493.npy,0.11590876488308707,"1616,0,0,1807,0,2235,0,0,0,1974,1724,1452,0,3062,0,67,0,0,5"
NoiseDefectFree_001366.npy,0.11770190790417444,"1641,0,0,1802,0,2234,0,0,0,1943,1706,1482,0,3066,0,63,0,0,5"
Defect_L5_B158_el2133_H2_W2.npy,0.12049921101707071,"1672,6,2,1820,8,2206,0,0,0,1928,1725,1440,0,3045,0,76,0,0,14"
Defect_L16_B71_el3482_H8_W8.npy,0.12415722278008894,"1658,0,0,1795,0,1968,0,0,0,2224,1427,1483,0,3071,16,137,5,0,158"
Defect_L10_B187_el5515_H4_W4.npy,0.11583703916224358,"1612,8,4,1660,13,2266,0,0,17,2031,1817,1472,0,2968,1,63,0,0,10"
NoiseDefectFree_004969.npy,0.11734327929995697,"1636,0,0,1820,0,2220,0,0,0,1955,1729,1458,0,3046,0,72,0,0,6"
NoiseDefectFree_002915.npy,0.11920814804188783,"1662,0,0,1799,0,2245,0,0,0,1939,1723,1445,0,3054,0,71,0,0,4"
Defect_L16_B314_el4191_H2_W2.npy,0.11763018218333095,"1632,0,0,1801,0,2233,0,0,0,1950,1809,1482,0,2958,2,66,0,1,8"
NoiseDefectFree_003767.npy,0.1155501362788696,"1611,0,0,1800,0,2240,0,0,0,1960,1753,1478,0,3050,0,49,0,0,1"
NoiseDefectFree_003441.npy,0.1143307990245302,"1594,0,0,1802,0,2241,0,0,0,1983,1718,1478,0,3064,0,57,0,0,5"
Defect_L3_B173_el5159_H4_W4.npy,0.11669774781236551,"1627,50,0,1718,7,2190,9,0,5,2008,2012,1465,0,2784,0,63,0,0,4"
Defect_L4_B5_el143_H8_W8.npy,0.04611963850236695,"643,102,0,1801,2,2240,13,0,30,2560,2037,1347,0,3076,0,56,0,0,35"
NoiseDefectFree_002144.npy,0.11813226222923541,"1647,0,0,1787,0,2262,0,0,0,1928,1730,1466,0,3059,0,58,0,0,5"
Defect_L13_B249_el3479_H2_W2.npy,0.11590876488308707,"1616,0,0,1814,0,2202,0,0,0,2003,1606,1475,0,3129,5,76,2,0,14"
Defect_L7_B260_el3501_H2_W2.npy,0.11397217042031273,"1588,13,0,1824,8,2076,1,0,2,2092,1727,1485,0,3066,0,58,0,0,2"
NoiseDefectFree_001572.npy,0.11633911920814805,"1622,0,0,1814,0,2236,0,0,0,1953,1728,1471,0,3058,0,54,0,0,6"
NoiseDefectFree_004080.npy,0.11648257064983503,"1624,0,0,1797,0,2237,0,0,0,1961,1727,1463,0,3064,0,60,0,0,9"
NoiseDefectFree_001123.npy,0.11382871897862573,"1587,0,0,1808,0,2232,0,0,0,1979,1725,1474,0,3066,0,69,0,0,2"
NoiseDefectFree_002787.npy,0.11504805623296514,"1604,0,0,1813,0,2222,0,0,0,1996,1735,1462,0,3041,0,61,0,0,8"
NoiseDefectFree_002968.npy,0.116912924974896,"1630,0,0,1809,0,2227,0,0,0,1957,1776,1452,0,3045,0,39,0,0,7"
NoiseDefectFree_002505.npy,0.11612394204561756,"1619,0,0,1807,0,2233,0,0,0,1988,1737,1452,0,3042,0,60,0,0,4"
Defect_L3_B120_el1489_H2_W2.npy,0.12049921101707071,"1680,23,0,1796,0,2243,0,0,1,1858,1786,1428,0,3056,0,63,0,0,8"
Defect_L9_B64_el3146_H8_W8.npy,0.11870606799598336,"1596,179,2,1798,7,1188,0,0,64,2766,1773,1502,0,2992,0,53,0,0,22"
Defect_L11_B64_el1503_H4_W4.npy,0.12049921101707071,"1677,0,0,1807,0,2230,0,0,0,1964,2088,990,0,3053,8,59,1,0,65"
NoiseDefectFree_000729.npy,0.11511978195380863,"1605,0,0,1803,0,2233,0,0,0,1964,1753,1475,0,3041,0,60,0,0,8"
Defect_L9_B4_el127_H4_W4.npy,0.0870750251040023,"1205,16,0,1801,3,2238,8,0,15,2283,1828,1415,0,3058,0,58,0,0,14"
Defect_L4_B130_el3519_H4_W4.npy,0.1116769473533209,"1557,75,0,1779,8,1823,10,0,4,2317,1868,1506,0,2952,0,33,0,0,10"
NoiseDefectFree_000413.npy,0.11698465069573949,"1631,0,0,1809,0,2234,0,0,0,1945,1742,1464,0,3049,0,61,0,0,7"
Defect_L13_B58_el797_H2_W2.npy,0.13219050351456033,"1843,0,0,1811,0,2228,0,0,0,1945,1886,1066,0,3055,5,90,0,0,13"
Defect_L11_B301_el4151_H2_W2.npy,0.11533495911633912,"1606,0,0,1805,0,2232,0,0,0,1981,1732,1434,0,3066,3,72,0,0,11"
NoiseDefectFree_000826.npy,0.11719982785826998,"1634,0,0,1807,0,2235,0,0,0,1988,1720,1435,0,3052,0,67,0,0,4"
NoiseDefectFree_003268.npy,0.11605221632477407,"1618,0,0,1809,0,2234,0,0,0,1966,1728,1481,0,3047,0,55,0,0,4"
NoiseDefectFree_003975.npy,0.11576531344140009,"1614,0,0,1808,0,2227,0,0,0,1955,1727,1483,0,3061,0,61,0,0,6"
Defect_L2_B362_el5167_H2_W2.npy,0.11892124515851385,"1652,16,1,1751,4,2250,1,0,2,1970,1761,1429,0,3048,0,55,0,0,2"
Defect_L17_B134_el1801_H2_W2.npy,0.12681107445129824,"1762,0,0,1797,0,2237,0,0,0,1933,1765,1250,0,3052,2,87,8,2,47"
NoiseDefectFree_000418.npy,0.11361354181609525,"1584,0,0,1819,0,2214,0,0,0,1963,1747,1513,0,3054,0,47,0,0,1"
Defect_L10_B4_el136_H8_W8.npy,0.0636207143881796,"872,24,0,1817,1,2222,1,0,64,2658,1953,1180,0,3051,0,75,0,0,24"
Defect_L6_B47_el1151_H4_W4.npy,0.11225075312006885,"1564,13,1,1803,7,2244,0,0,15,1963,1742,1464,0,3071,0,49,0,0,6"
NoiseDefectFree_002083.npy,0.11576531344140009,"1614,0,0,1790,0,2253,0,0,0,1952,1731,1467,0,3058,0,63,0,0,14"
Defect_L2_B85_el4154_H8_W8.npy,0.11999713097116627,"1656,173,0,1726,9,1181,7,0,49,2832,1998,1364,0,2852,0,37,0,0,58"
NoiseDefectFree_003374.npy,0.11533495911633912,"1608,0,0,1801,0,2240,0,0,0,1984,1736,1469,0,3037,0,60,0,0,7"
Defect_L18_B409_el5843_H2_W2.npy,0.11468942762874768,"1592,0,0,1722,0,2320,0,0,0,1971,1795,1469,0,2962,3,83,2,12,11"
NoiseDefectFree_004108.npy,0.11583703916224358,"1615,0,0,1817,0,2224,0,0,0,1948,1717,1484,0,3072,0,56,0,0,9"
NoiseDefectFree_004381.npy,0.11569358772055659,"1613,0,0,1811,0,2233,0,0,0,1975,1705,1470,0,3057,0,71,0,0,7"
Defect_L7_B430_el6169_H2_W2.npy,0.1208578396212882,"1684,6,0,1639,10,2383,1,0,4,1944,1734,1398,0,3068,0,65,0,0,6"
NoiseDefectFree_001067.npy,0.11382871897862573,"1587,0,0,1799,0,2246,0,0,0,1964,1706,1507,0,3066,0,58,0,0,9"
NoiseDefectFree_003914.npy,0.1180605365083919,"1646,0,0,1807,0,2233,0,0,0,1942,1723,1463,0,3051,0,71,0,0,6"
Defect_L2_B103_el5162_H8_W8.npy,0.12042748529622722,"1642,198,0,1478,10,2109,13,0,44,2136,2214,1450,0,2572,3,66,0,0,7"
Defect_L2_B24_el1137_H8_W8.npy,0.09926839764739635,"1327,166,0,1792,0,2205,10,0,27,2116,2309,768,0,3063,0,72,0,0,87"
Defect_L15_B15_el455_H4_W4.npy,0.11813226222923541,"1645,0,0,1806,0,2239,0,0,0,2084,2025,937,0,3055,7,95,1,0,48"
Defect_L3_B99_el4847_H8_W8.npy,0.1116769473533209,"1557,172,0,1606,14,2085,4,0,11,2146,1944,1480,0,2868,0,44,0,0,11"
NoiseDefectFree_002739.npy,0.11368526753693875,"1585,0,0,1811,0,2225,0,0,0,1998,1716,1488,0,3048,0,62,0,0,9"
Defect_L15_B54_el1463_H4_W4.npy,0.14797016210012912,"2061,0,0,1802,0,2230,0,0,0,1829,1961,767,0,3037,7,110,2,0,136"
NoiseDefectFree_004001.npy,0.11289628460766031,"1574,0,0,1787,0,2255,0,0,0,1979,1740,1495,0,3047,0,60,0,0,5"
NoiseDefectFree_002428.npy,0.11354181609525175,"1583,0,0,1805,0,2233,0,0,0,1977,1760,1487,0,3035,0,60,0,0,2"
Defect_L2_B86_el1137_H2_W2.npy,0.12946492612250754,"1796,19,0,1812,0,2229,1,0,1,1801,1822,1340,0,3054,0,61,0,0,6"
NoiseDefectFree_001688.npy,0.1116769473533209,"1557,0,0,1801,0,2245,0,0,0,1995,1732,1498,0,3053,0,57,0,0,4"
NoiseDefectFree_000852.npy,0.11268110744512982,"1571,0,0,1817,0,2226,0,0,0,1986,1735,1495,0,3042,0,62,0,0,8"
Defect_L4_B27_el1158_H8_W8.npy,0.09496485439678669,"1324,138,0,1791,4,2226,15,0,27,2060,2479,798,0,3044,0,27,0,0,9"
Defect_L4_B204_el2509_H2_W2.npy,0.11339836465356477,"1581,20,0,1790,3,2253,3,0,1,1968,1846,1411,0,3035,0,27,0,0,4"
Defect_L3_B138_el3835_H4_W4.npy,0.1155501362788696,"1611,106,0,1801,2,1652,1,0,7,2408,1797,1479,0,2959,0,98,0,3,18"
Defect_L7_B175_el5167_H4_W4.npy,0.11927987376273132,"1650,29,0,1673,10,2234,13,0,7,2017,1856,1461,0,2940,0,49,0,0,3"
NoiseDefectFree_002840.npy,0.11504805623296514,"1604,0,0,1806,0,2235,0,0,0,1966,1730,1476,0,3057,0,62,0,0,6"
NoiseDefectFree_004612.npy,0.11705637641658298,"1632,0,0,1785,0,2256,0,0,0,1956,1736,1454,0,3050,0,70,0,0,3"
Defect_L3_B19_el815_H8_W8.npy,0.07983072729880936,"1113,173,0,1799,0,2229,9,0,25,2162,2389,928,0,3062,0,26,0,0,27"
Defect_L4_B286_el3837_H2_W2.npy,0.11633911920814805,"1622,24,1,1798,5,2129,2,0,2,2066,1767,1445,0,3018,0,57,0,0,6"
NoiseDefectFree_002490.npy,0.11612394204561756,"1619,0,0,1809,0,2220,0,0,0,1989,1750,1440,0,3044,0,64,0,0,7"
Defect_L11_B252_el3485_H2_W2.npy,0.11303973604934729,"1574,0,0,1810,0,2216,0,0,0,1988,1650,1500,0,3126,2,66,1,0,9"
Defect_L4_B307_el4163_H2_W2.npy,0.11633911920814805,"1622,24,0,1814,4,2055,3,0,1,2100,1739,1452,0,3045,0,62,0,0,21"
NoiseDefectFree_002850.npy,0.11834743939176588,"1650,0,0,1810,0,2224,0,0,0,1968,1756,1424,0,3039,0,62,0,0,9"
Defect_L14_B20_el822_H8_W8.npy,0.06971740065987664,"952,0,0,1807,0,2239,0,0,0,2384,2731,386,0,3067,19,87,37,0,233"
Defect_L14_B84_el4147_H8_W8.npy,0.12250753120068857,"1704,0,0,1804,0,2011,0,0,0,2177,1817,1359,0,2841,32,114,3,1,79"
NoiseDefectFree_004453.npy,0.11777363362501793,"1642,0,0,1798,0,2238,0,0,0,1951,1730,1475,0,3064,0,38,0,0,6"
Defect_L13_B418_el5861_H2_W2.npy,0.1131114617701908,"1577,0,0,1780,0,2255,0,0,0,1988,1782,1490,0,2982,3,70,0,4,11"
Defect_L18_B308_el4179_H2_W2.npy,0.11705637641658298,"1624,0,0,1786,0,2258,0,0,0,1985,1759,1428,0,3016,1,56,1,10,18"
NoiseDefectFree_002480.npy,0.11633911920814805,"1622,0,0,1819,0,2217,0,0,0,1957,1729,1474,0,3064,0,53,0,0,7"
Defect_L17_B23_el487_H4_W4.npy,0.08033280734471382,"1108,0,0,1824,0,2213,0,0,0,2236,1933,1367,0,3040,5,78,13,8,117"
NoiseDefectFree_002142.npy,0.11605221632477407,"1618,0,0,1819,0,2224,0,0,0,1967,1699,1484,0,3052,0,69,0,0,10"
Defect_L18_B213_el6187_H4_W4.npy,0.11798881078754841,"1627,0,0,1564,0,2472,0,0,0,1945,1871,1485,0,2857,8,70,7,22,14"
Defect_L5_B121_el3483_H4_W4.npy,0.11454597618706068,"1587,22,1,1801,11,1893,1,0,14,2269,1762,1465,0,3031,0,76,0,0,9"
NoiseDefectFree_002745.npy,0.11734327929995697,"1636,0,0,1804,0,2240,0,0,0,1956,1749,1447,0,3044,0,63,0,0,3"
Defect_L6_B436_el6181_H2_W2.npy,0.11734327929995697,"1635,2,0,1704,10,2322,0,0,1,1936,1750,1473,0,3055,0,50,0,0,4"
NoiseDefectFree_003507.npy,0.11684119925405251,"1629,0,0,1804,0,2237,0,0,0,1932,1735,1474,0,3063,0,58,0,0,10"
NoiseDefectFree_001680.npy,0.1142590733036867,"1593,0,0,1793,0,2243,0,0,0,1958,1751,1511,0,3045,0,44,0,0,4"
NoiseDefectFree_004250.npy,0.11633911920814805,"1622,0,0,1802,0,2241,0,0,0,1977,1746,1439,0,3051,0,57,0,0,7"
NoiseDefectFree_003148.npy,0.11490460479127815,"1602,0,0,1809,0,2227,0,0,0,1957,1716,1499,0,3064,0,63,0,0,5"
Defect_L5_B403_el5831_H2_W2.npy,0.11698465069573949,"1624,4,1,1726,8,2298,1,0,1,1968,1746,1441,0,3051,0,68,0,0,5"
Defect_L8_B150_el4183_H4_W4.npy,0.11447425046621719,"1596,98,2,1850,19,1802,2,0,9,2191,1786,1518,0,2974,0,86,0,0,9"
NoiseDefectFree_000581.npy,0.11727155357911347,"1635,0,0,1810,0,2230,0,0,0,1965,1755,1441,0,3053,0,50,0,0,3"
NoiseDefectFree_004071.npy,0.11935159948357481,"1664,0,0,1800,0,2243,0,0,0,1943,1736,1439,0,3059,0,54,0,0,4"
NoiseDefectFree_003344.npy,0.1182039879500789,"1648,0,0,1806,0,2229,0,0,0,1958,1751,1447,0,3041,0,59,0,0,3"
Defect_L4_B255_el3491_H2_W2.npy,0.11583703916224358,"1615,19,0,1782,3,2114,2,0,1,2083,1729,1464,0,3066,0,59,0,0,5"
NoiseDefectFree_003673.npy,0.11232247884091236,"1566,0,0,1810,0,2230,0,0,0,1978,1752,1506,0,3051,0,43,0,0,6"
NoiseDefectFree_000560.npy,0.11777363362501793,"1642,0,0,1794,0,2246,0,0,0,1969,1726,1426,0,3074,0,58,0,0,7"
Defect_L10_B373_el5203_H2_W2.npy,0.11648257064983503,"1620,4,0,1733,7,2286,0,0,0,1980,1756,1457,0,3034,0,62,0,0,3"
Defect_L15_B286_el3837_H2_W2.npy,0.11232247884091236,"1566,0,0,1813,0,2225,0,0,0,1988,1633,1490,0,3123,3,89,0,0,12"
NoiseDefectFree_000513.npy,0.11519150767465212,"1606,0,0,1804,0,2236,0,0,0,1980,1737,1461,0,3051,0,62,0,0,5"
NoiseDefectFree_001082.npy,0.11468942762874768,"1599,0,0,1805,0,2231,0,0,0,2004,1722,1459,0,3054,0,57,0,0,11"
NoiseDefectFree_001665.npy,0.11476115334959117,"1600,0,0,1808,0,2230,0,0,0,1945,1744,1513,0,3052,0,48,0,0,2"
Defect_L2_B245_el3187_H2_W2.npy,0.11547841055802611,"1604,25,0,1805,4,2121,1,0,1,2043,1829,1455,0,3008,0,31,0,0,15"
NoiseDefectFree_001932.npy,0.11798881078754841,"1645,0,0,1826,0,2218,0,0,0,1900,1744,1478,0,3063,0,66,0,0,2"
Defect_L4_B342_el4829_H2_W2.npy,0.11641084492899154,"1623,5,1,1800,3,2212,0,0,0,1973,1778,1452,0,3045,0,45,0,0,5"
NoiseDefectFree_001151.npy,0.11791708506670492,"1644,0,0,1809,0,2231,0,0,0,1935,1746,1459,0,3053,0,58,0,0,7"
NoiseDefectFree_002839.npy,0.11490460479127815,"1602,0,0,1809,0,2228,0,0,0,1974,1744,1478,0,3045,0,54,0,0,8"
Defect_L12_B128_el6198_H8_W8.npy,0.12042748529622722,"1679,0,0,1329,0,2659,0,0,0,1985,2035,1457,0,2628,23,97,0,9,41"
Defect_L13_B177_el2171_H2_W2.npy,0.11533495911633912,"1608,0,0,1791,0,2252,0,0,0,1997,1795,1333,0,3056,6,50,1,0,53"
Defect_L16_B429_el6167_H2_W2.npy,0.11748673074164395,"1629,0,0,1757,0,2289,0,0,0,1930,1736,1510,0,3021,0,57,0,4,9"
Defect_L15_B254_el3489_H2_W2.npy,0.11490460479127815,"1601,0,0,1796,0,2242,0,0,0,1952,1660,1502,0,3097,3,78,1,0,10"
Defect_L5_B123_el1495_H2_W2.npy,0.11662602209152202,"1619,7,1,1800,7,2244,0,0,1,1898,1777,1493,0,3044,0,48,0,0,3"
NoiseDefectFree_000831.npy,0.11504805623296514,"1604,0,0,1800,0,2240,0,0,0,1961,1742,1483,0,3041,0,68,0,0,3"
Defect_L16_B147_el1827_H2_W2.npy,0.11827571367092239,"1640,0,0,1802,0,2234,0,0,0,1964,1814,1320,0,3052,3,64,0,0,49"
NoiseDefectFree_004753.npy,0.11626739348730454,"1621,0,0,1795,0,2244,0,0,0,1974,1736,1457,0,3036,0,72,0,0,7"
Defect_L12_B21_el155_H2_W2.npy,0.11734327929995697,"1636,0,0,1798,0,2246,0,0,0,1972,1759,1388,0,3052,5,72,0,0,14"
NoiseDefectFree_000636.npy,0.11619566776646105,"1620,0,0,1803,0,2238,0,0,0,1955,1743,1482,0,3042,0,52,0,0,7"
NoiseDefectFree_004466.npy,0.11834743939176588,"1650,0,0,1804,0,2235,0,0,0,1919,1761,1454,0,3063,0,54,0,0,2"
Defect_L10_B385_el5511_H2_W2.npy,0.11454597618706068,"1597,3,3,1750,14,2251,0,0,0,1990,1761,1482,0,3021,0,62,0,0,8"
Defect_L12_B283_el3831_H2_W2.npy,0.11533495911633912,"1608,0,0,1780,0,2256,0,0,0,2012,1586,1441,0,3165,8,76,0,1,9"
Defect_L11_B22_el483_H4_W4.npy,0.11024243293645102,"1534,0,0,1813,0,2224,0,0,0,1967,1950,1261,0,3055,8,84,1,0,45"
Defect_L8_B97_el1159_H2_W2.npy,0.1233682398508105,"1720,7,0,1808,6,2229,0,0,2,1863,1779,1404,0,3059,0,63,0,0,2"
NoiseDefectFree_004143.npy,0.11418734758284321,"1592,0,0,1815,0,2231,0,0,0,1956,1736,1490,0,3042,0,72,0,0,8"
Defect_L18_B422_el5869_H2_W2.npy,0.11325491321187778,"1571,0,0,1774,0,2255,0,0,0,1995,1821,1478,0,2973,3,52,1,13,6"
Defect_L13_B144_el1821_H2_W2.npy,0.12286615980490603,"1713,0,0,1808,0,2234,0,0,0,1925,1866,1186,0,3062,6,70,2,0,70"
NoiseDefectFree_000877.npy,0.10988380433223353,"1532,0,0,1791,0,2246,0,0,0,2010,1732,1513,0,3057,0,57,0,0,4"
NoiseDefectFree_004870.npy,0.11576531344140009,"1614,0,0,1808,0,2239,0,0,0,1958,1745,1458,0,3061,0,58,0,0,1"
Defect_L10_B64_el809_H2_W2.npy,0.12286615980490603,"1704,0,0,1796,0,2244,0,0,0,1932,1809,1348,0,3040,0,59,0,0,10"
Defect_L8_B404_el5833_H2_W2.npy,0.11727155357911347,"1635,6,0,1687,11,2314,1,0,4,1981,1728,1465,0,3049,0,59,0,0,2"
NoiseDefectFree_000005.npy,0.11712810213742648,"1633,0,0,1805,0,2229,0,0,0,1949,1734,1485,0,3051,0,55,0,0,1"
NoiseDefectFree_003052.npy,0.1156218619997131,"1612,0,0,1814,0,2226,0,0,0,1963,1711,1486,0,3067,0,61,0,0,2"
Defect_L7_B330_el4521_H2_W2.npy,0.11490460479127815,"1602,5,1,1811,4,2196,0,0,0,1979,1748,1474,0,3055,0,60,0,0,7"
NoiseDefectFree_003125.npy,0.11368526753693875,"1585,0,0,1823,0,2217,0,0,0,1995,1743,1465,0,3049,0,60,0,0,5"
NoiseDefectFree_002492.npy,0.11662602209152202,"1626,0,0,1807,0,2240,0,0,0,1944,1742,1470,0,3056,0,53,0,0,4"
NoiseDefectFree_003855.npy,0.116769473533209,"1628,0,0,1813,0,2227,0,0,0,1953,1752,1439,0,3062,0,58,0,0,10"
NoiseDefectFree_004778.npy,0.11576531344140009,"1614,0,0,1785,0,2264,0,0,0,1950,1759,1473,0,3048,0,48,0,0,1"
Defect_L10_B170_el4863_H4_W4.npy,0.116769473533209,"1606,16,0,1742,7,2217,0,0,0,2031,1839,1482,0,2948,0,50,0,0,4"
Defect_L15_B189_el2479_H2_W2.npy,0.11547841055802611,"1609,0,0,1810,0,2232,0,0,0,1963,1612,1490,0,3056,4,109,4,0,53"
Defect_L7_B218_el2835_H2_W2.npy,0.11511978195380863,"1605,23,1,1801,4,2057,0,0,0,2114,1797,1455,0,3047,0,38,0,0,0"
NoiseDefectFree_001149.npy,0.11612394204561756,"1619,0,0,1801,0,2237,0,0,0,1985,1745,1448,0,3047,0,53,0,0,7"
NoiseDefectFree_000575.npy,0.11619566776646105,"1620,0,0,1778,0,2257,0,0,0,1959,1756,1483,0,3032,0,53,0,0,4"
NoiseDefectFree_003770.npy,0.11641084492899154,"1623,0,0,1801,0,2238,0,0,0,1980,1763,1438,0,3041,0,48,0,0,10"
NoiseDefectFree_004147.npy,0.11476115334959117,"1600,0,0,1810,0,2230,0,0,0,1980,1729,1479,0,3048,0,57,0,0,9"
NoiseDefectFree_000854.npy,0.11605221632477407,"1618,0,0,1798,0,2244,0,0,0,1979,1723,1458,0,3065,0,52,0,0,5"
Defect_L10_B39_el1816_H8_W8.npy,0.12810213742648113,"1762,79,0,1814,7,2184,0,0,57,1841,1908,1060,0,3035,0,87,0,0,108"
Defect_L2_B243_el3183_H2_W2.npy,0.11598049060393056,"1611,23,0,1810,4,2092,1,0,2,2069,1792,1479,0,3008,0,42,0,0,9"
Defect_L8_B136_el3827_H4_W4.npy,0.11734327929995697,"1636,54,0,1802,7,1708,13,0,10,2392,1807,1441,0,3005,0,57,0,0,10"
Defect_L2_B88_el1141_H2_W2.npy,0.1260220915220198,"1748,19,0,1791,0,2246,1,0,1,1841,1832,1345,0,3037,0,72,0,0,9"
Defect_L14_B62_el1495_H4_W4.npy,0.1182039879500789,"1647,0,0,1814,0,2219,0,0,0,2035,2295,668,0,3056,12,46,14,0,136"
NoiseDefectFree_004496.npy,0.1155501362788696,"1611,0,0,1801,0,2235,0,0,0,1985,1709,1467,0,3057,0,70,0,0,7"
Defect_L6_B433_el6175_H2_W2.npy,0.11382871897862573,"1585,2,0,1696,11,2327,0,0,1,1982,1728,1485,0,3056,0,62,0,0,7"
Defect_L12_B72_el825_H2_W2.npy,0.12638072012623727,"1762,0,0,1807,0,2234,0,0,0,1944,1823,1228,0,3051,4,72,0,0,17"
NoiseDefectFree_002369.npy,0.11397217042031273,"1589,0,0,1804,0,2240,0,0,0,1949,1733,1506,0,3046,0,69,0,0,6"
NoiseDefectFree_004781.npy,0.11648257064983503,"1624,0,0,1805,0,2239,0,0,0,1953,1729,1462,0,3066,0,59,0,0,5"
Defect_L19_B34_el815_H4_W4.npy,0.09697317458040454,"1352,0,0,1813,0,2229,0,0,0,2199,2048,1028,0,3049,6,91,7,19,101"
NoiseDefectFree_002951.npy,0.11605221632477407,"1618,0,0,1801,0,2238,0,0,0,1937,1712,1501,0,3073,0,55,0,0,7"
Defect_L19_B11_el472_H8_W8.npy,0.061827571367092236,"861,0,0,1810,0,2203,0,0,0,2419,2201,794,0,3053,15,91,36,33,426"
Defect_L5_B126_el3503_H4_W4.npy,0.12021230813369674,"1666,40,1,1822,11,1717,4,0,12,2394,1744,1402,0,3021,0,77,0,0,31"
Defect_L6_B80_el3832_H8_W8.npy,0.12035575957538373,"1677,229,0,1831,17,1274,6,0,59,2543,1793,1400,0,3010,0,60,0,0,43"
NoiseDefectFree_001842.npy,0.11268110744512982,"1571,0,0,1802,0,2241,0,0,0,1991,1756,1456,0,3048,0,69,0,0,8"
Defect_L18_B137_el1807_H2_W2.npy,0.12272270836321905,"1703,0,0,1801,0,2235,0,0,0,1954,1754,1274,0,3075,2,81,2,8,53"
NoiseDefectFree_000538.npy,0.11813226222923541,"1647,0,0,1781,0,2257,0,0,0,1961,1731,1444,0,3059,0,62,0,0,0"
NoiseDefectFree_002807.npy,0.11468942762874768,"1599,0,0,1794,0,2246,0,0,0,1924,1737,1552,0,3030,0,52,0,0,8"
Defect_L2_B163_el4819_H4_W4.npy,0.1155501362788696,"1607,22,0,1783,13,2151,1,0,6,2026,1887,1483,0,2914,0,46,0,0,3"
Defect_L14_B44_el1139_H4_W4.npy,0.12365514273418447,"1723,0,0,1795,0,2244,0,0,0,1933,2172,779,0,3072,10,81,13,0,120"
Defect_L11_B84_el4147_H8_W8.npy,0.123439965571654,"1703,0,0,1781,0,2058,0,0,0,2115,1778,1401,0,2896,54,92,0,2,62"
Defect_L6_B114_el1477_H2_W2.npy,0.12473102854683689,"1737,4,0,1789,6,2258,0,0,1,1800,1735,1482,0,3058,0,65,0,0,7"
Defect_L4_B111_el5505_H8_W8.npy,0.11913642232104432,"1660,219,1,1398,7,2201,21,0,30,2121,2102,1443,0,2641,5,79,0,0,14"
Defect_L9_B166_el2149_H2_W2.npy,0.1182039879500789,"1648,6,0,1807,5,2232,0,0,0,1895,1774,1460,0,3037,0,69,0,0,9"
NoiseDefectFree_000785.npy,0.1195667766461053,"1667,0,0,1801,0,2238,0,0,0,1932,1756,1445,0,3039,0,58,0,0,6"
NoiseDefectFree_001410.npy,0.11289628460766031,"1574,0,0,1822,0,2213,0,0,0,1978,1762,1479,0,3048,0,63,0,0,3"
NoiseDefectFree_000155.npy,0.11633911920814805,"1622,0,0,1805,0,2231,0,0,0,1971,1728,1463,0,3059,0,57,0,0,6"
Defect_L13_B100_el2515_H4_W4.npy,0.11526323339549563,"1607,1,0,1816,0,2170,0,0,0,2022,1819,1353,0,3027,9,32,3,0,83"
NoiseDefectFree_003010.npy,0.1155501362788696,"1611,0,0,1793,0,2254,0,0,0,1949,1766,1475,0,3035,0,57,0,0,2"
NoiseDefectFree_001687.npy,0.11856261655429637,"1653,0,0,1815,0,2217,0,0,0,1961,1745,1416,0,3065,0,63,0,0,7"
NoiseDefectFree_004015.npy,0.11648257064983503,"1624,0,0,1802,0,2233,0,0,0,1966,1761,1442,0,3053,0,53,0,0,8"
Defect_L17_B125_el6177_H8_W8.npy,0.116769473533209,"1614,0,0,1247,0,2797,0,0,0,1970,2074,1503,0,2528,17,87,14,48,43"
NoiseDefectFree_003864.npy,0.11719982785826998,"1634,0,0,1793,0,2245,0,0,0,1947,1761,1443,0,3049,0,69,0,0,1"
NoiseDefectFree_002734.npy,0.11590876488308707,"1616,0,0,1805,0,2231,0,0,0,1958,1737,1476,0,3066,0,45,0,0,8"
NoiseDefectFree_001896.npy,0.11533495911633912,"1608,0,0,1805,0,2237,0,0,0,1981,1709,1476,0,3060,0,61,0,0,5"
Defect_L11_B302_el4153_H2_W2.npy,0.11727155357911347,"1634,0,0,1809,0,2225,0,0,0,1936,1722,1479,0,3058,6,63,0,1,9"
NoiseDefectFree_000570.npy,0.11332663893272127,"1580,0,0,1814,0,2225,0,0,0,1960,1741,1499,0,3064,0,54,0,0,5"
Defect_L10_B63_el807_H2_W2.npy,0.12358341701334098,"1714,0,0,1830,0,2211,0,0,0,1915,1775,1368,0,3058,0,65,0,0,6"
Defect_L4_B227_el2853_H2_W2.npy,0.11461770190790417,"1598,17,0,1793,7,2176,1,0,0,1991,1795,1487,0,3041,0,21,0,0,15"
NoiseDefectFree_001817.npy,0.11476115334959117,"1600,0,0,1813,0,2226,0,0,0,1960,1750,1471,0,3045,0,71,0,0,6"
Defect_L6_B59_el2817_H8_W8.npy,0.12193372543394061,"1691,86,0,1815,10,1538,2,0,11,2456,1722,1476,0,3022,0,90,0,0,23"
NoiseDefectFree_003395.npy,0.1182039879500789,"1648,0,0,1804,0,2240,0,0,0,1922,1734,1462,0,3067,0,62,0,0,3"
NoiseDefectFree_003328.npy,0.11870606799598336,"1655,0,0,1806,0,2229,0,0,0,1941,1732,1455,0,3072,0,47,0,0,5"
Defect_L17_B92_el2467_H4_W4.npy,0.12552001147611533,"1743,0,0,1783,0,2148,0,0,0,2024,1680,1323,0,3067,6,42,8,5,113"
Defect_L18_B219_el2837_H2_W2.npy,0.11454597618706068,"1595,0,0,1801,0,2224,0,0,0,1992,1791,1443,0,3037,4,21,2,2,30"
NoiseDefectFree_002976.npy,0.11813226222923541,"1647,0,0,1806,0,2230,0,0,0,1949,1732,1455,0,3052,0,66,0,0,5"
NoiseDefectFree_000981.npy,0.11540668483718261,"1609,0,0,1805,0,2230,0,0,0,1976,1744,1464,0,3049,0,60,0,0,5"
NoiseDefectFree_000191.npy,0.11397217042031273,"1589,0,0,1801,0,2236,0,0,0,1972,1745,1479,0,3055,0,60,0,0,5"
Defect_L16_B77_el1839_H4_W4.npy,0.11203557595753837,"1539,0,0,1791,0,2246,0,0,0,2039,2077,1062,0,3061,5,48,1,0,73"
Defect_L6_B190_el5527_H4_W4.npy,0.11648257064983503,"1623,13,1,1632,15,2335,2,0,14,1967,1742,1468,0,3060,0,64,0,0,6"
NoiseDefectFree_000700.npy,0.11382871897862573,"1587,0,0,1800,0,2241,0,0,0,1954,1732,1502,0,3059,0,64,0,0,3"
Defect_L8_B30_el457_H2_W2.npy,0.11468942762874768,"1599,2,0,1801,5,2240,0,0,3,2026,1790,1375,0,3045,0,54,0,0,2"
NoiseDefectFree_000607.npy,0.11648257064983503,"1624,0,0,1800,0,2245,0,0,0,1949,1714,1469,0,3072,0,60,0,0,9"
NoiseDefectFree_000302.npy,0.11798881078754841,"1645,0,0,1792,0,2248,0,0,0,1938,1763,1453,0,3041,0,58,0,0,4"
NoiseDefectFree_003421.npy,0.11727155357911347,"1635,0,0,1803,0,2230,0,0,0,1962,1728,1458,0,3071,0,50,0,0,5"
Defect_L6_B12_el479_H8_W8.npy,0.05630469086214317,"782,47,1,1804,14,2236,0,0,60,2546,1926,1382,0,3063,0,46,0,0,35"
NoiseDefectFree_001061.npy,0.11361354181609525,"1584,0,0,1805,0,2238,0,0,0,1977,1753,1491,0,3047,0,43,0,0,4"
NoiseDefectFree_003445.npy,0.1155501362788696,"1611,0,0,1810,0,2233,0,0,0,1951,1717,1480,0,3065,0,70,0,0,5"
NoiseDefectFree_001070.npy,0.11490460479127815,"1602,0,0,1796,0,2247,0,0,0,1947,1719,1492,0,3052,0,78,0,0,9"
NoiseDefectFree_002206.npy,0.11920814804188783,"1662,0,0,1802,0,2232,0,0,0,1950,1738,1443,0,3052,0,57,0,0,6"
Defect_L6_B91_el4490_H8_W8.npy,0.11877779371682685,"1648,49,0,1756,7,1995,0,0,0,2193,1879,1424,0,2928,0,54,0,0,9"
Defect_L4_B8_el451_H8_W8.npy,0.06455314875914503,"900,88,0,1770,3,2268,14,0,38,2561,2324,763,0,3067,0,69,0,0,77"
Defect_L11_B185_el5507_H4_W4.npy,0.11540668483718261,"1608,0,0,1706,0,2325,0,0,0,1971,1927,1465,0,2823,9,92,0,2,14"
Defect_L10_B248_el3477_H2_W2.npy,0.12064266245875771,"1677,2,0,1797,3,2101,0,0,0,2063,1720,1454,0,3054,0,65,0,0,6"
NoiseDefectFree_004643.npy,0.11411562186199971,"1591,0,0,1805,0,2234,0,0,0,1977,1719,1495,0,3055,0,61,0,0,5"
Defect_L17_B330_el4521_H2_W2.npy,0.11239420456175585,"1567,0,0,1813,0,2229,0,0,0,1960,1826,1515,0,2962,0,62,0,4,4"
Defect_L13_B109_el1467_H2_W2.npy,0.13685267536938747,"1908,0,0,1800,0,2239,0,0,0,1857,1867,1101,0,3061,6,79,1,0,23"
Defect_L7_B401_el5827_H2_W2.npy,0.11390044469946924,"1587,11,0,1674,9,2324,1,0,2,2002,1748,1476,0,3042,0,61,0,0,5"
Defect_L2_B181_el2179_H2_W2.npy,0.11332663893272127,"1571,32,0,1797,0,2243,1,0,1,1977,1822,1388,0,3060,0,26,0,0,24"
Defect_L7_B79_el2131_H4_W4.npy,0.13226222923540382,"1836,28,0,1779,9,2145,8,0,10,1858,1724,1338,0,3052,0,70,0,0,85"
Defect_L18_B331_el4523_H2_W2.npy,0.11368526753693875,"1584,0,0,1806,0,2236,0,0,0,1938,1830,1517,0,2964,0,56,1,4,6"
NoiseDefectFree_004894.npy,0.11612394204561756,"1619,0,0,1807,0,2231,0,0,0,1954,1710,1482,0,3077,0,58,0,0,4"
NoiseDefectFree_000226.npy,0.11899297087935734,"1659,0,0,1785,0,2252,0,0,0,1943,1731,1463,0,3057,0,48,0,0,4"
NoiseDefectFree_003355.npy,0.11483287907043466,"1601,0,0,1806,0,2230,0,0,0,1952,1718,1489,0,3080,0,60,0,0,6"
Defect_L4_B399_el5539_H2_W2.npy,0.1128245588868168,"1573,16,2,1692,5,2316,4,0,1,2015,1740,1460,0,3038,0,68,0,0,12"
Defect_L9_B225_el2849_H2_W2.npy,0.11153349591163392,"1555,11,0,1811,4,2151,0,0,0,2024,1754,1540,0,3030,0,49,0,0,13"
NoiseDefectFree_003437.npy,0.11526323339549563,"1607,0,0,1813,0,2232,0,0,0,1981,1716,1462,0,3053,0,68,0,0,10"
NoiseDefectFree_001694.npy,0.1142590733036867,"1593,0,0,1788,0,2254,0,0,0,1983,1731,1466,0,3054,0,56,0,0,17"
Defect_L3_B46_el1147_H4_W4.npy,0.10758858126524172,"1500,47,0,1806,0,2236,3,0,6,1988,2019,1214,0,3038,0,69,0,0,16"
NoiseDefectFree_001046.npy,0.11712810213742648,"1633,0,0,1810,0,2234,0,0,0,1939,1771,1454,0,3047,0,52,0,0,2"
NoiseDefectFree_003447.npy,0.11784535934586142,"1643,0,0,1800,0,2236,0,0,0,1965,1720,1457,0,3039,0,68,0,0,14"
Defect_L12_B180_el5203_H4_W4.npy,0.11332663893272127,"1580,0,0,1730,4,2297,0,0,0,1975,1949,1504,0,2790,10,86,0,6,11"
Defect_L9_B85_el4154_H8_W8.npy,0.123439965571654,"1670,156,0,1754,10,1217,0,0,59,2792,1994,1310,0,2891,0,29,0,0,60"
Defect_L6_B391_el5523_H2_W2.npy,0.11576531344140009,"1612,5,0,1737,9,2278,0,0,2,1972,1736,1463,0,3062,0,57,0,0,9"
NoiseDefectFree_004736.npy,0.11641084492899154,"1623,0,0,1807,0,2233,0,0,0,1960,1771,1436,0,3050,0,58,0,0,4"
NoiseDefectFree_004497.npy,0.11490460479127815,"1602,0,0,1816,0,2221,0,0,0,1952,1739,1474,0,3056,0,75,0,0,7"
NoiseDefectFree_001219.npy,0.11583703916224358,"1615,0,0,1801,0,2243,0,0,0,1946,1735,1492,0,3052,0,56,0,0,2"
Defect_L16_B168_el4855_H4_W4.npy,0.11727155357911347,"1629,0,0,1774,0,2262,0,0,0,1966,1901,1459,0,2863,14,59,0,5,10"
Defect_L13_B118_el1485_H2_W2.npy,0.1262372686845503,"1760,0,0,1803,0,2233,0,0,0,1958,1894,1121,0,3062,5,80,1,0,25"
NoiseDefectFree_003988.npy,0.11411562186199971,"1591,0,0,1818,0,2226,0,0,0,1951,1734,1505,0,3049,0,64,0,0,4"
NoiseDefectFree_004912.npy,0.11684119925405251,"1629,0,0,1802,0,2235,0,0,0,1961,1717,1469,0,3058,0,63,0,0,8"
Defect_L5_B86_el4161_H8_W8.npy,0.11834743939176588,"1643,191,2,1780,13,1122,3,0,29,2824,1925,1408,0,2913,0,34,0,0,55"
NoiseDefectFree_004494.npy,0.1182039879500789,"1648,0,0,1820,0,2216,0,0,0,1978,1751,1420,0,3052,0,51,0,0,6"
Defect_L8_B201_el2503_H2_W2.npy,0.11260938172428633,"1570,15,0,1808,10,2206,0,0,0,1987,1758,1483,0,3055,0,46,0,0,4"
Defect_L16_B180_el5203_H4_W4.npy,0.11576531344140009,"1594,0,0,1722,0,2313,0,0,0,1994,1846,1484,0,2890,8,77,2,6,6"
Defect_L14_B35_el819_H4_W4.npy,0.11060106154066848,"1541,0,0,1819,0,2225,0,0,0,1974,2101,1017,0,3046,10,62,12,0,135"
NoiseDefectFree_000957.npy,0.11784535934586142,"1643,0,0,1806,0,2233,0,0,0,1946,1732,1463,0,3053,0,57,0,0,9"
NoiseDefectFree_002870.npy,0.11390044469946924,"1588,0,0,1801,0,2235,0,0,0,1986,1717,1489,0,3066,0,56,0,0,4"
NoiseDefectFree_004434.npy,0.11770190790417444,"1641,0,0,1797,0,2238,0,0,0,1941,1725,1470,0,3070,0,56,0,0,4"
NoiseDefectFree_004974.npy,0.11748673074164395,"1638,0,0,1799,0,2238,0,0,0,1973,1716,1446,0,3073,0,52,0,0,7"
NoiseDefectFree_002962.npy,0.11576531344140009,"1614,0,0,1813,0,2219,0,0,0,1964,1743,1477,0,3048,0,59,0,0,5"
NoiseDefectFree_002201.npy,0.11390044469946924,"1588,0,0,1791,0,2246,0,0,0,1982,1744,1474,0,3047,0,67,0,0,3"
NoiseDefectFree_000099.npy,0.11770190790417444,"1641,0,0,1813,0,2223,0,0,0,1936,1732,1476,0,3060,0,56,0,0,5"
Defect_L16_B178_el5195_H4_W4.npy,0.1195667766461053,"1645,0,0,1712,0,2331,0,0,0,1924,1957,1467,0,2826,8,55,1,8,8"
NoiseDefectFree_002558.npy,0.1143307990245302,"1594,0,0,1784,0,2257,0,0,0,1971,1719,1479,0,3060,0,75,0,0,3"
Defect_L4_B175_el2167_H2_W2.npy,0.11633911920814805,"1622,18,1,1796,3,2241,3,0,1,1937,1802,1425,0,3051,0,42,0,0,0"
NoiseDefectFree_004200.npy,0.11569358772055659,"1613,0,0,1800,0,2241,0,0,0,1959,1705,1493,0,3058,0,67,0,0,6"
Defect_L17_B24_el1137_H8_W8.npy,0.10981207861139004,"1487,0,0,1794,0,2215,0,0,0,2205,2133,342,0,3061,15,121,47,23,499"
Defect_L13_B10_el133_H2_W2.npy,0.11225075312006885,"1565,0,0,1803,0,2235,0,0,0,2022,1799,1368,0,3054,4,74,0,0,18"
NoiseDefectFree_001649.npy,0.1155501362788696,"1611,0,0,1798,0,2244,0,0,0,1977,1713,1475,0,3066,0,52,0,0,6"
Defect_L13_B66_el813_H2_W2.npy,0.12508965715105436,"1744,0,0,1807,0,2227,0,0,0,1955,1859,1191,0,3049,5,83,0,0,22"
Defect_L4_B14_el493_H8_W8.npy,0.038229809209582556,"533,80,0,1783,3,2263,17,0,36,2614,2241,1237,0,3049,0,71,0,0,15"
NoiseDefectFree_004500.npy,0.11612394204561756,"1619,0,0,1811,0,2224,0,0,0,1963,1754,1460,0,3051,0,51,0,0,9"
NoiseDefectFree_001155.npy,0.11612394204561756,"1619,0,0,1823,0,2213,0,0,0,1981,1769,1439,0,3046,0,45,0,0,7"
NoiseDefectFree_002256.npy,0.11892124515851385,"1658,0,0,1806,0,2237,0,0,0,1948,1706,1455,0,3063,0,60,0,0,9"
NoiseDefectFree_003171.npy,0.11347009037440826,"1582,0,0,1812,0,2224,0,0,0,1996,1705,1486,0,3072,0,61,0,0,4"
Defect_L9_B125_el1499_H2_W2.npy,0.11784535934586142,"1642,9,0,1784,5,2267,0,0,1,1919,1753,1431,0,3044,0,80,0,0,7"
Defect_L8_B191_el2483_H2_W2.npy,0.11849089083345288,"1652,8,0,1829,9,2177,0,0,1,1976,1706,1426,0,3044,0,88,0,0,26"
NoiseDefectFree_003109.npy,0.11246593028259934,"1568,0,0,1807,0,2228,0,0,0,2011,1694,1487,0,3072,0,69,0,0,6"
NoiseDefectFree_004549.npy,0.11798881078754841,"1645,0,0,1804,0,2242,0,0,0,1955,1765,1418,0,3049,0,62,0,0,2"
Defect_L8_B175_el5167_H4_W4.npy,0.11827571367092239,"1649,30,0,1665,16,2217,9,0,9,2028,1872,1467,0,2927,0,49,0,0,4"
NoiseDefectFree_002050.npy,0.11347009037440826,"1582,0,0,1805,0,2233,0,0,0,1961,1748,1507,0,3036,0,61,0,0,9"
Defect_L6_B368_el5193_H2_W2.npy,0.1143307990245302,"1593,12,0,1724,11,2285,0,0,0,1975,1747,1485,0,3056,0,48,0,0,6"
Defect_L13_B8_el143_H4_W4.npy,0.07753550423181753,"1081,0,0,1794,0,2240,0,0,0,2109,2057,1431,0,3037,12,70,15,0,96"
Defect_L4_B53_el787_H2_W2.npy,0.13226222923540382,"1844,18,0,1805,2,2236,2,0,1,1787,1805,1323,0,3039,0,69,0,0,11"
NoiseDefectFree_000263.npy,0.11490460479127815,"1602,0,0,1793,0,2249,0,0,0,1961,1743,1479,0,3050,0,58,0,0,7"
NoiseDefectFree_004062.npy,0.11648257064983503,"1624,0,0,1797,0,2243,0,0,0,1943,1768,1454,0,3057,0,50,0,0,6"
Defect_L17_B398_el5537_H2_W2.npy,0.11354181609525175,"1578,0,0,1748,0,2289,0,0,0,1992,1742,1502,0,2996,3,69,6,5,12"
Defect_L13_B216_el2817_H2_W2.npy,0.11641084492899154,"1623,0,0,1811,0,2228,0,0,0,1961,1652,1468,0,3051,4,101,0,0,43"
Defect_L10_B192_el2485_H2_W2.npy,0.11705637641658298,"1626,4,0,1807,1,2221,0,0,0,1986,1696,1453,0,3056,0,79,0,0,13"
Defect_L12_B2_el117_H2_W2.npy,0.11160522163247741,"1556,0,0,1797,0,2241,0,0,0,2086,1833,1280,0,3056,5,73,0,0,15"
NoiseDefectFree_001803.npy,0.11526323339549563,"1607,0,0,1787,0,2248,0,0,0,1959,1747,1475,0,3040,0,67,0,0,12"
NoiseDefectFree_004737.npy,0.11497633051212165,"1603,0,0,1811,0,2231,0,0,0,1970,1740,1462,0,3050,0,71,0,0,4"
NoiseDefectFree_002386.npy,0.11841916511260939,"1651,0,0,1797,0,2243,0,0,0,1970,1744,1417,0,3058,0,53,0,0,9"
Defect_L19_B85_el2155_H4_W4.npy,0.11712810213742648,"1633,0,0,1779,0,2224,0,0,0,2087,1856,1101,0,3056,7,53,8,18,120"
Defect_L9_B352_el4863_H2_W2.npy,0.11390044469946924,"1588,2,0,1788,6,2232,0,0,0,1994,1735,1458,0,3065,0,66,0,0,8"
NoiseDefectFree_001960.npy,0.1156218619997131,"1612,0,0,1798,0,2242,0,0,0,1953,1720,1475,0,3068,0,70,0,0,4"
NoiseDefectFree_002977.npy,0.11490460479127815,"1602,0,0,1797,0,2244,0,0,0,1976,1737,1458,0,3060,0,64,0,0,4"
Defect_L5_B149_el4179_H4_W4.npy,0.11569358772055659,"1605,133,2,1831,14,1749,1,0,6,2278,1803,1473,0,2944,0,90,0,0,13"
NoiseDefectFree_001844.npy,0.11569358772055659,"1613,0,0,1790,0,2252,0,0,0,1951,1762,1464,0,3054,0,54,0,0,2"
NoiseDefectFree_001735.npy,0.11605221632477407,"1618,0,0,1806,0,2229,0,0,0,1969,1744,1448,0,3066,0,57,0,0,5"
NoiseDefectFree_002912.npy,0.11978195380863578,"1670,0,0,1807,0,2236,0,0,0,1943,1753,1430,0,3042,0,55,0,0,6"
Defect_L10_B2_el122_H8_W8.npy,0.07975900157796585,"1101,23,0,1811,0,2237,0,0,64,2467,2014,1059,0,3059,0,80,0,0,27"
NoiseDefectFree_001987.npy,0.11497633051212165,"1603,0,0,1819,0,2220,0,0,0,1989,1688,1488,0,3063,0,64,0,0,8"
Defect_L3_B75_el3510_H8_W8.npy,0.11906469660020083,"1660,273,0,1694,3,993,15,0,27,2933,1974,1420,0,2913,0,13,0,0,24"
Defect_L12_B344_el4833_H2_W2.npy,0.11504805623296514,"1604,0,0,1802,0,2244,0,0,0,1977,1811,1458,0,2975,0,65,0,0,6"
Defect_L16_B170_el2157_H2_W2.npy,0.1131114617701908,"1568,0,0,1806,0,2226,0,0,0,2007,1683,1403,0,3061,2,107,0,0,79"
NoiseDefectFree_002812.npy,0.1155501362788696,"1611,0,0,1814,0,2223,0,0,0,1945,1721,1498,0,3072,0,52,0,0,6"
NoiseDefectFree_000660.npy,0.11411562186199971,"1591,0,0,1801,0,2240,0,0,0,1972,1727,1488,0,3058,0,64,0,0,1"
NoiseDefectFree_002512.npy,0.1180605365083919,"1646,0,0,1811,0,2228,0,0,0,1977,1736,1440,0,3048,0,52,0,0,4"
NoiseDefectFree_004283.npy,0.1180605365083919,"1646,0,0,1780,0,2260,0,0,0,1944,1733,1459,0,3054,0,59,0,0,7"
Defect_L4_B261_el3503_H2_W2.npy,0.11504805623296514,"1604,23,2,1819,1,2062,1,0,2,2107,1758,1460,0,3034,0,61,0,0,8"
Defect_L15_B53_el787_H2_W2.npy,0.13749820685697892,"1916,0,0,1802,0,2242,0,0,0,1931,1882,1033,0,3039,4,78,1,0,14"
Defect_L16_B33_el811_H4_W4.npy,0.11268110744512982,"1548,0,0,1803,0,2233,0,0,0,2070,2006,1058,0,3063,6,105,0,0,50"
NoiseDefectFree_001931.npy,0.11339836465356477,"1581,0,0,1815,0,2229,0,0,0,1983,1741,1474,0,3054,0,58,0,0,7"
Defect_L2_B14_el141_H2_W2.npy,0.1025677808061971,"1421,18,0,1809,0,2230,0,0,1,2055,1735,1546,0,3060,0,63,0,0,4"
NoiseDefectFree_000198.npy,0.11232247884091236,"1566,0,0,1816,0,2221,0,0,0,1996,1717,1503,0,3060,0,57,0,0,6"
Defect_L11_B53_el787_H2_W2.npy,0.13986515564481422,"1948,0,0,1798,0,2248,0,0,0,1909,1903,1013,0,3047,3,66,1,0,6"
NoiseDefectFree_002932.npy,0.11368526753693875,"1585,0,0,1791,0,2255,0,0,0,1955,1750,1487,0,3056,0,55,0,0,8"
Defect_L6_B445_el6199_H2_W2.npy,0.11648257064983503,"1622,2,0,1773,9,2263,0,0,2,1963,1744,1446,0,3063,0,49,0,0,6"
NoiseDefectFree_002328.npy,0.11985367952947927,"1671,0,0,1817,0,2220,0,0,0,1930,1742,1448,0,3052,0,54,0,0,8"
NoiseDefectFree_004390.npy,0.11935159948357481,"1664,0,0,1785,0,2259,0,0,0,1938,1760,1432,0,3052,0,46,0,0,6"
Defect_L18_B412_el5849_H2_W2.npy,0.11935159948357481,"1657,0,0,1724,0,2314,0,0,0,1915,1774,1472,0,2986,2,74,2,12,10"
NoiseDefectFree_004219.npy,0.11719982785826998,"1634,0,0,1807,0,2228,0,0,0,1939,1740,1471,0,3054,0,65,0,0,4"
NoiseDefectFree_000203.npy,0.11268110744512982,"1571,0,0,1821,0,2221,0,0,0,1988,1733,1481,0,3062,0,58,0,0,7"
NoiseDefectFree_003511.npy,0.10974035289054655,"1530,0,0,1803,0,2245,0,0,0,2012,1760,1485,0,3050,0,47,0,0,10"
NoiseDefectFree_004932.npy,0.11576531344140009,"1614,0,0,1814,0,2225,0,0,0,1946,1723,1496,0,3050,0,68,0,0,6"
Defect_L3_B390_el5521_H2_W2.npy,0.11583703916224358,"1614,17,2,1749,5,2250,0,0,2,1973,1758,1476,0,3036,0,52,0,0,8"
Defect_L6_B53_el787_H2_W2.npy,0.1326925835604648,"1848,5,0,1817,6,2231,0,0,1,1787,1752,1373,0,3062,0,57,0,0,3"
NoiseDefectFree_001708.npy,0.11798881078754841,"1645,0,0,1810,0,2227,0,0,0,1962,1724,1452,0,3049,0,71,0,0,2"
Defect_L11_B62_el2845_H8_W8.npy,0.11784535934586142,"1629,0,0,1787,0,2068,0,0,0,2146,1572,1433,0,3120,56,34,3,0,94"
Defect_L13_B128_el6198_H8_W8.npy,0.11827571367092239,"1649,0,0,1262,0,2731,0,0,0,2025,1993,1481,0,2588,24,114,17,19,39"
Defect_L18_B386_el5513_H2_W2.npy,0.11225075312006885,"1557,0,0,1716,0,2322,0,0,0,1995,1786,1481,0,2989,3,67,1,15,10"
Defect_L14_B34_el1494_H8_W8.npy,0.1248027542676804,"1719,0,0,1803,0,2233,0,0,0,2046,2292,401,0,3064,20,57,40,0,267"
Defect_L12_B275_el3815_H2_W2.npy,0.11519150767465212,"1606,0,0,1795,0,2245,0,0,0,1954,1620,1500,0,3135,5,70,1,0,11"
Defect_L10_B53_el787_H2_W2.npy,0.1339119208148042,"1859,4,0,1795,0,2243,0,0,0,1802,1809,1310,0,3058,0,53,0,0,9"
NoiseDefectFree_000855.npy,0.11332663893272127,"1580,0,0,1830,0,2213,0,0,0,1970,1751,1474,0,3057,0,62,0,0,5"
NoiseDefectFree_004738.npy,0.11354181609525175,"1583,0,0,1814,0,2229,0,0,0,1987,1753,1474,0,3043,0,49,0,0,10"
NoiseDefectFree_000699.npy,0.11490460479127815,"1602,0,0,1817,0,2226,0,0,0,1972,1769,1462,0,3042,0,45,0,0,7"
NoiseDefectFree_003697.npy,0.1128245588868168,"1573,0,0,1814,0,2226,0,0,0,1968,1735,1506,0,3050,0,63,0,0,7"
NoiseDefectFree_001637.npy,0.11547841055802611,"1610,0,0,1827,0,2203,0,0,0,1990,1711,1479,0,3046,0,65,0,0,11"
Defect_L6_B182_el5495_H4_W4.npy,0.11454597618706068,"1594,19,0,1669,13,2297,0,0,14,2007,1766,1481,0,3011,0,65,0,0,6"
Defect_L7_B53_el2488_H8_W8.npy,0.12422894850093244,"1728,71,1,1811,8,2001,4,0,37,1971,1815,1381,0,3027,0,29,0,0,58"
NoiseDefectFree_003582.npy,0.11619566776646105,"1620,0,0,1804,0,2234,0,0,0,1965,1758,1464,0,3050,0,44,0,0,3"
NoiseDefectFree_001292.npy,0.11899297087935734,"1659,0,0,1814,0,2226,0,0,0,1942,1779,1423,0,3058,0,37,0,0,4"
Defect_L15_B7_el139_H4_W4.npy,0.08714675082484578,"1213,0,0,1798,0,2243,0,0,0,2151,1930,1432,0,3047,7,80,0,0,41"
NoiseDefectFree_001854.npy,0.11669774781236551,"1627,0,0,1798,0,2243,0,0,0,1971,1711,1459,0,3065,0,62,0,0,6"
Defect_L10_B130_el1509_H2_W2.npy,0.12250753120068857,"1700,7,0,1785,2,2262,0,0,0,1860,1761,1444,0,3059,0,47,0,0,15"
NoiseDefectFree_003764.npy,0.11920814804188783,"1662,0,0,1829,0,2215,0,0,0,1945,1764,1429,0,3039,0,53,0,0,6"
NoiseDefectFree_003305.npy,0.11648257064983503,"1624,0,0,1796,0,2252,0,0,0,1964,1746,1445,0,3045,0,65,0,0,5"
NoiseDefectFree_001496.npy,0.11798881078754841,"1645,0,0,1801,0,2244,0,0,0,1954,1728,1435,0,3060,0,70,0,0,5"
Defect_L3_B157_el4495_H4_W4.npy,0.11461770190790417,"1598,12,0,1804,8,2142,0,0,0,2053,1813,1464,0,2969,0,65,0,0,14"
NoiseDefectFree_001999.npy,0.11504805623296514,"1604,0,0,1809,0,2232,0,0,0,1970,1761,1460,0,3052,0,49,0,0,5"
NoiseDefectFree_000664.npy,0.11798881078754841,"1645,0,0,1823,0,2212,0,0,0,1951,1761,1435,0,3070,0,41,0,0,4"
NoiseDefectFree_003749.npy,0.11318318749103429,"1578,0,0,1806,0,2237,0,0,0,1965,1742,1497,0,3055,0,55,0,0,7"
NoiseDefectFree_004414.npy,0.11927987376273132,"1663,0,0,1824,0,2218,0,0,0,1921,1774,1439,0,3047,0,53,0,0,3"
Defect_L9_B340_el4825_H2_W2.npy,0.11662602209152202,"1626,2,0,1814,1,2204,0,0,0,2010,1761,1440,0,3025,0,50,0,0,9"
Defect_L6_B10_el465_H8_W8.npy,0.07072156075168555,"985,35,2,1804,15,2236,2,0,61,2445,1992,1195,0,3053,0,74,0,0,43"
Defect_L13_B101_el4861_H8_W8.npy,0.11569358772055659,"1613,0,0,1603,0,2393,0,0,0,2033,2189,1459,0,2498,45,78,0,7,24"
Defect_L11_B188_el5519_H4_W4.npy,0.11813226222923541,"1645,0,0,1727,0,2287,0,0,0,1959,1875,1486,0,2850,13,92,0,2,6"
Defect_L3_B324_el4495_H2_W2.npy,0.11447425046621719,"1596,6,0,1795,6,2210,0,0,0,1979,1760,1489,0,3030,0,61,0,0,10"
Defect_L8_B155_el1843_H2_W2.npy,0.11590876488308707,"1616,17,0,1799,10,2239,0,0,0,1965,1771,1418,0,3051,0,33,0,0,23"
Defect_L15_B24_el1137_H8_W8.npy,0.11268110744512982,"1564,0,0,1797,0,2230,0,0,0,2013,2197,418,0,3043,15,183,1,0,481"
NoiseDefectFree_001307.npy,0.11755845646248744,"1639,0,0,1794,0,2240,0,0,0,1962,1738,1449,0,3060,0,58,0,0,2"
Defect_L11_B292_el3849_H2_W2.npy,0.11160522163247741,"1555,0,0,1811,0,2227,0,0,0,2004,1700,1491,0,3064,2,77,0,1,10"
Defect_L15_B99_el1163_H2_W2.npy,0.12049921101707071,"1679,0,0,1803,0,2240,0,0,0,2008,1825,1253,0,3045,4,60,0,0,25"
Defect_L6_B400_el5541_H2_W2.npy,0.11368526753693875,"1583,7,1,1708,9,2312,0,0,0,1993,1743,1454,0,3069,0,57,0,0,6"
NoiseDefectFree_001664.npy,0.11633911920814805,"1622,0,0,1777,0,2263,0,0,0,1956,1749,1472,0,3043,0,54,0,0,6"
Defect_L17_B166_el2149_H2_W2.npy,0.11856261655429637,"1647,0,0,1811,0,2220,0,0,0,1974,1676,1343,0,3071,2,101,8,2,87"
Defect_L12_B267_el3515_H2_W2.npy,0.11468942762874768,"1599,0,0,1794,0,2233,0,0,0,1981,1703,1470,0,3066,6,69,2,0,19"
NoiseDefectFree_003628.npy,0.11777363362501793,"1642,0,0,1806,0,2233,0,0,0,1956,1739,1438,0,3063,0,61,0,0,4"
NoiseDefectFree_002694.npy,0.11447425046621719,"1596,0,0,1794,0,2246,0,0,0,1961,1759,1481,0,3040,0,58,0,0,7"
Defect_L5_B66_el3160_H8_W8.npy,0.11813226222923541,"1637,171,0,1817,12,1260,5,0,49,2688,1827,1419,0,2984,0,48,0,0,25"
Defect_L7_B123_el1495_H2_W2.npy,0.11605221632477407,"1617,9,0,1803,7,2242,1,0,1,1897,1758,1504,0,3049,0,53,0,0,1"
NoiseDefectFree_003158.npy,0.1156218619997131,"1612,0,0,1800,0,2236,0,0,0,1957,1736,1465,0,3075,0,57,0,0,4"
Defect_L6_B211_el2807_H2_W2.npy,0.11755845646248744,"1634,2,0,1804,2,2194,0,0,0,1992,1735,1433,0,3057,0,68,0,0,21"
NoiseDefectFree_001060.npy,0.1143307990245302,"1594,0,0,1804,0,2235,0,0,0,1981,1743,1473,0,3045,0,62,0,0,5"
NoiseDefectFree_004637.npy,0.11734327929995697,"1636,0,0,1811,0,2226,0,0,0,1958,1762,1449,0,3050,0,46,0,0,4"
NoiseDefectFree_003243.npy,0.11770190790417444,"1641,0,0,1801,0,2240,0,0,0,1961,1758,1437,0,3044,0,53,0,0,7"
NoiseDefectFree_001679.npy,0.11088796442404246,"1546,0,0,1815,0,2223,0,0,0,1978,1781,1510,0,3041,0,46,0,0,2"
Defect_L2_B127_el1503_H2_W2.npy,0.12042748529622722,"1670,25,0,1799,0,2250,1,0,1,1850,1809,1408,0,3038,0,65,0,0,26"
Defect_L15_B298_el3861_H2_W2.npy,0.11476115334959117,"1599,0,0,1819,0,2222,0,0,0,1973,1754,1488,0,3022,2,49,0,1,13"
Defect_L10_B171_el4867_H4_W4.npy,0.11784535934586142,"1621,7,0,1755,5,2221,0,0,0,2006,1824,1475,0,2964,0,63,0,0,1"
NoiseDefectFree_001758.npy,0.11504805623296514,"1604,0,0,1801,0,2237,0,0,0,1976,1737,1481,0,3046,0,54,0,0,6"
Defect_L9_B158_el2133_H2_W2.npy,0.12064266245875771,"1682,8,0,1800,5,2222,0,0,0,1919,1705,1466,0,3046,0,74,0,0,15"
Defect_L15_B78_el3818_H8_W8.npy,0.12458757710514991,"1730,0,0,1771,0,2039,0,0,0,2175,1590,1353,0,2988,20,127,1,4,144"
Defect_L2_B111_el3143_H4_W4.npy,0.12157509682972314,"1681,52,0,1795,4,1914,3,0,8,2209,1737,1412,0,3034,0,80,0,0,13"
Defect_L4_B57_el1475_H4_W4.npy,0.13018218333094247,"1815,45,0,1793,6,2247,2,0,4,1819,1968,1093,0,3043,0,63,0,0,44"
NoiseDefectFree_002791.npy,0.11727155357911347,"1635,0,0,1799,0,2239,0,0,0,1981,1714,1438,0,3067,0,60,0,0,9"
NoiseDefectFree_000864.npy,0.11368526753693875,"1585,0,0,1789,0,2251,0,0,0,1962,1730,1496,0,3062,0,59,0,0,8"
Defect_L19_B63_el3139_H8_W8.npy,0.12803041170563764,"1781,0,0,1785,0,1631,0,0,0,2492,1307,1432,0,3187,22,80,8,27,190"
NoiseDefectFree_001485.npy,0.11863434227513986,"1654,0,0,1816,0,2224,0,0,0,1956,1727,1434,0,3053,0,72,0,0,6"
Defect_L5_B84_el2151_H4_W4.npy,0.12114474250466217,"1680,20,1,1809,9,2203,2,0,15,1864,1711,1447,0,3051,0,86,0,0,44"
Defect_L7_B8_el143_H4_W4.npy,0.07208434944771194,"995,16,1,1810,4,2237,10,0,10,2478,1742,1517,0,3051,0,64,0,0,7"
Defect_L2_B173_el5159_H4_W4.npy,0.11576531344140009,"1601,48,0,1752,6,2158,7,0,5,2038,1970,1458,0,2820,0,71,0,0,8"
Defect_L6_B136_el3827_H4_W4.npy,0.11741500502080046,"1635,32,1,1824,10,1879,1,0,16,2226,1784,1448,0,3002,0,70,0,0,14"
NoiseDefectFree_000207.npy,0.11519150767465212,"1606,0,0,1808,0,2231,0,0,0,1971,1726,1470,0,3065,0,64,0,0,1"
NoiseDefectFree_004489.npy,0.11899297087935734,"1659,0,0,1823,0,2221,0,0,0,1934,1752,1427,0,3048,0,71,0,0,7"
Defect_L13_B110_el5498_H8_W8.npy,0.1208578396212882,"1685,0,0,1484,0,2404,0,0,0,2114,2114,1467,0,2444,29,122,8,11,60"
Defect_L5_B64_el3146_H8_W8.npy,0.11698465069573949,"1615,146,0,1809,17,1200,1,0,50,2771,1847,1490,0,2949,0,45,0,0,2"
Defect_L16_B270_el3521_H2_W2.npy,0.1194233252044183,"1656,0,0,1801,0,2240,0,0,0,1950,1741,1444,0,3030,2,63,1,1,13"
NoiseDefectFree_000503.npy,0.11354181609525175,"1583,0,0,1806,0,2236,0,0,0,1982,1699,1509,0,3048,0,75,0,0,4"
Defect_L7_B198_el2497_H2_W2.npy,0.11913642232104432,"1660,12,1,1795,8,2220,1,0,2,1928,1708,1463,0,3056,0,74,0,0,14"
NoiseDefectFree_001029.npy,0.11095969014488595,"1547,0,0,1818,0,2223,0,0,0,2020,1733,1483,0,3063,0,50,0,0,5"
NoiseDefectFree_003841.npy,0.11533495911633912,"1608,0,0,1812,0,2227,0,0,0,1969,1758,1465,0,3045,0,53,0,0,5"
Defect_L13_B12_el159_H4_W4.npy,0.10177879787691867,"1419,0,0,1799,0,2237,0,0,0,2114,1927,1241,0,3070,8,73,4,0,50"
Defect_L5_B381_el5503_H2_W2.npy,0.11368526753693875,"1578,5,1,1763,9,2251,1,0,1,1992,1710,1481,0,3073,0,72,0,0,5"
Defect_L3_B292_el3849_H2_W2.npy,0.11748673074164395,"1638,29,1,1802,7,2109,0,0,2,2029,1793,1483,0,2994,0,48,0,0,7"
Defect_L14_B302_el4153_H2_W2.npy,0.11540668483718261,"1609,0,0,1792,0,2249,0,0,0,1938,1701,1496,0,3059,5,86,0,0,7"
NoiseDefectFree_002732.npy,0.12006885669200976,"1674,0,0,1809,0,2229,0,0,0,1958,1724,1403,0,3072,0,64,0,0,9"
Defect_L7_B252_el3485_H2_W2.npy,0.11669774781236551,"1626,9,0,1773,9,2097,1,0,1,2113,1749,1444,0,3066,0,50,0,0,4"
NoiseDefectFree_002455.npy,0.1194233252044183,"1665,0,0,1796,0,2237,0,0,0,1976,1740,1412,0,3062,0,50,0,0,4"
Defect_L18_B75_el3510_H8_W8.npy,0.12121646822550566,"1645,1,0,1673,0,1640,0,0,0,2716,1473,1462,0,2983,18,66,37,45,183"
NoiseDefectFree_003105.npy,0.11397217042031273,"1589,0,0,1809,0,2231,0,0,0,1974,1731,1480,0,3076,0,48,0,0,4"
Defect_L2_B347_el4853_H2_W2.npy,0.11626739348730454,"1621,7,0,1751,7,2273,0,0,0,1956,1749,1463,0,3062,0,48,0,0,5"
Defect_L12_B33_el1487_H8_W8.npy,0.11318318749103429,"1578,0,0,1804,0,2207,0,0,0,2197,2161,417,0,3066,32,88,13,0,379"
NoiseDefectFree_003100.npy,0.11641084492899154,"1623,0,0,1803,0,2237,0,0,0,1955,1732,1475,0,3065,0,50,0,0,2"
Defect_L15_B65_el811_H2_W2.npy,0.12846076603069861,"1790,0,0,1812,0,2227,0,0,0,1982,1776,1212,0,3041,4,87,0,0,11"
NoiseDefectFree_003562.npy,0.12035575957538373,"1678,0,0,1804,0,2237,0,0,0,1924,1749,1432,0,3048,0,63,0,0,7"
Defect_L14_B364_el5171_H2_W2.npy,0.1142590733036867,"1593,0,0,1758,0,2281,0,0,0,1963,1807,1506,0,2958,3,61,2,4,6"
NoiseDefectFree_000392.npy,0.1131114617701908,"1577,0,0,1802,0,2243,0,0,0,1967,1706,1519,0,3047,0,78,0,0,3"
Defect_L9_B13_el486_H8_W8.npy,0.05917371969588294,"761,53,0,1802,1,2247,6,0,69,2540,2068,1235,0,3039,0,83,0,0,38"
Defect_L17_B287_el3839_H2_W2.npy,0.11791708506670492,"1640,0,0,1783,0,2261,0,0,0,1962,1569,1448,0,3166,3,83,5,4,18"
Defect_L15_B295_el3855_H2_W2.npy,0.11483287907043466,"1600,0,0,1802,0,2239,0,0,0,1932,1763,1499,0,3040,4,56,0,0,7"
Defect_L10_B224_el2847_H2_W2.npy,0.11648257064983503,"1616,7,0,1790,2,2171,0,0,0,2011,1750,1469,0,3046,0,63,0,0,17"
NoiseDefectFree_002696.npy,0.11705637641658298,"1632,0,0,1824,0,2215,0,0,0,1965,1735,1457,0,3049,0,58,0,0,7"
NoiseDefectFree_002028.npy,0.11576531344140009,"1614,0,0,1783,0,2259,0,0,0,1972,1729,1471,0,3048,0,59,0,0,7"
Defect_L12_B216_el2817_H2_W2.npy,0.11390044469946924,"1588,0,0,1800,0,2227,0,0,0,1971,1636,1515,0,3042,5,109,2,0,47"
NoiseDefectFree_002569.npy,0.1155501362788696,"1611,0,0,1809,0,2232,0,0,0,1957,1735,1463,0,3069,0,59,0,0,7"
Defect_L15_B37_el827_H4_W4.npy,0.10974035289054655,"1528,0,0,1816,0,2224,0,0,0,2029,1903,1210,0,3053,7,83,0,0,89"
NoiseDefectFree_000065.npy,0.11985367952947927,"1671,0,0,1806,0,2235,0,0,0,1927,1714,1454,0,3051,0,78,0,0,6"
NoiseDefectFree_002063.npy,0.11483287907043466,"1601,0,0,1796,0,2243,0,0,0,2004,1712,1456,0,3053,0,69,0,0,8"
Defect_L2_B226_el2851_H2_W2.npy,0.11519150767465212,"1599,27,1,1798,1,2163,1,0,1,2049,1823,1412,0,3025,0,21,0,0,21"
Defect_L5_B297_el3859_H2_W2.npy,0.1182039879500789,"1640,17,2,1795,9,2181,0,0,1,1984,1794,1446,0,3019,0,52,0,0,2"
Defect_L18_B29_el1459_H8_W8.npy,0.1387175441113183,"1908,0,0,1801,0,2152,0,0,0,2069,2088,221,0,3064,20,34,36,26,523"
Defect_L11_B1_el115_H4_W4.npy,0.11160522163247741,"1555,0,0,1809,0,2227,0,0,0,2094,2002,1062,0,3067,8,86,1,0,31"
Defect_L9_B362_el5167_H2_W2.npy,0.11497633051212165,"1603,3,3,1749,11,2255,0,0,0,1986,1796,1461,0,3010,0,57,0,0,8"
NoiseDefectFree_004860.npy,0.11382871897862573,"1587,0,0,1791,0,2247,0,0,0,1965,1753,1489,0,3044,0,60,0,0,6"
NoiseDefectFree_004888.npy,0.11347009037440826,"1582,0,0,1813,0,2226,0,0,0,1980,1742,1489,0,3055,0,50,0,0,5"
Defect_L12_B30_el457_H2_W2.npy,0.12179027399225362,"1698,0,0,1793,0,2248,0,0,0,2002,1863,1184,0,3070,4,67,0,0,13"
NoiseDefectFree_000879.npy,0.11519150767465212,"1606,0,0,1789,0,2255,0,0,0,1946,1718,1492,0,3066,0,61,0,0,9"
Defect_L4_B174_el2165_H2_W2.npy,0.11727155357911347,"1635,15,1,1804,3,2232,3,0,1,1916,1787,1456,0,3044,0,40,0,0,5"
Defect_L2_B205_el5871_H4_W4.npy,0.11390044469946924,"1566,63,0,1585,7,2325,4,0,6,2039,1865,1504,0,2928,3,46,0,0,1"
Defect_L6_B169_el4859_H4_W4.npy,0.11526323339549563,"1603,20,0,1729,8,2229,0,0,2,2026,1758,1476,0,3046,0,39,0,0,6"
Defect_L18_B31_H8_W4.npy,0.11605221632477407,"1579,0,0,1807,0,2211,0,0,0,2140,2186,441,0,3060,5,95,9,39,370"
Defect_L7_B331_el4523_H2_W2.npy,0.116912924974896,"1630,5,2,1816,5,2195,0,0,0,1978,1730,1445,0,3062,0,68,0,0,6"
Defect_L18_B185_el2471_H2_W2.npy,0.11906469660020083,"1653,0,0,1800,0,2214,0,0,0,1973,1576,1501,0,3062,3,94,3,7,56"
NoiseDefectFree_001017.npy,0.1180605365083919,"1646,0,0,1801,0,2238,0,0,0,1939,1711,1475,0,3064,0,57,0,0,11"
Defect_L19_B43_el2131_H8_W8.npy,0.1532778654425477,"2131,0,0,1815,0,1948,0,0,0,2045,1635,679,0,3081,19,32,14,27,516"
Defect_L4_B93_el2471_H4_W4.npy,0.1288911203557596,"1797,47,0,1792,6,2095,8,0,6,1945,1770,1323,0,3038,0,53,0,0,62"
NoiseDefectFree_000996.npy,0.1129680103285038,"1575,0,0,1796,0,2248,0,0,0,1998,1735,1464,0,3067,0,54,0,0,5"
NoiseDefectFree_004298.npy,0.11598049060393056,"1617,0,0,1808,0,2226,0,0,0,1972,1722,1466,0,3068,0,56,0,0,7"
NoiseDefectFree_000162.npy,0.11741500502080046,"1637,0,0,1806,0,2230,0,0,0,1950,1751,1470,0,3030,0,65,0,0,3"
Defect_L16_B349_el4857_H2_W2.npy,0.11791708506670492,"1643,0,0,1788,0,2250,0,0,0,1968,1755,1459,0,3005,3,66,0,0,5"
Defect_L9_B245_el3187_H2_W2.npy,0.1142590733036867,"1593,18,0,1797,5,2127,0,0,0,2065,1781,1483,0,3024,0,32,0,0,17"
Defect_L11_B145_H4_W8.npy,0.11813226222923541,"1646,0,0,1704,0,2313,0,0,0,1982,1921,1465,0,2771,20,104,0,5,11"
Defect_L18_B127_el3507_H4_W4.npy,0.11174867307416439,"1538,1,0,1782,0,2100,0,0,0,2139,1489,1542,0,3179,5,60,8,20,79"
NoiseDefectFree_003844.npy,0.11784535934586142,"1643,0,0,1812,0,2221,0,0,0,1961,1721,1451,0,3061,0,65,0,0,7"
NoiseDefectFree_001022.npy,0.11863434227513986,"1654,0,0,1789,0,2255,0,0,0,1934,1757,1444,0,3045,0,61,0,0,3"
NoiseDefectFree_003074.npy,0.11332663893272127,"1580,0,0,1800,0,2244,0,0,0,1962,1737,1502,0,3044,0,63,0,0,10"
Defect_L5_B278_el3821_H2_W2.npy,0.11569358772055659,"1605,7,1,1817,9,2141,0,0,1,2040,1702,1471,0,3066,0,66,0,0,16"
NoiseDefectFree_003944.npy,0.1208578396212882,"1685,0,0,1801,0,2239,0,0,0,1936,1735,1421,0,3076,0,41,0,0,8"
NoiseDefectFree_001586.npy,0.1155501362788696,"1611,0,0,1815,0,2231,0,0,0,1963,1719,1485,0,3045,0,65,0,0,8"
NoiseDefectFree_003153.npy,0.11569358772055659,"1613,0,0,1804,0,2230,0,0,0,1949,1704,1520,0,3067,0,50,0,0,5"
Defect_L15_B41_el1127_H4_W4.npy,0.14187347582843207,"1976,0,0,1795,0,2248,0,0,0,1843,2007,857,0,3051,6,99,2,0,58"
NoiseDefectFree_000776.npy,0.11547841055802611,"1610,0,0,1781,0,2257,0,0,0,1977,1761,1433,0,3055,0,59,0,0,9"
Defect_L13_B204_el5867_H4_W4.npy,0.11927987376273132,"1663,0,0,1648,0,2389,0,0,0,1967,1856,1422,0,2878,11,84,7,5,12"
Defect_L11_B434_el6177_H2_W2.npy,0.11368526753693875,"1585,0,0,1748,0,2288,0,0,0,1969,1779,1505,0,2996,2,66,0,0,4"
Defect_L13_B289_el3843_H2_W2.npy,0.11253765600344283,"1569,0,0,1801,0,2237,0,0,0,1996,1624,1497,0,3108,7,89,1,3,10"
Defect_L3_B103_el1171_H2_W2.npy,0.12372686845502798,"1725,25,0,1818,1,2224,0,0,1,1785,1784,1473,0,3036,0,62,0,0,8"
Defect_L15_B50_el2467_H8_W8.npy,0.14345144168698895,"1981,0,0,1824,0,1992,0,0,0,2019,1700,1039,0,3068,27,59,5,0,228"
Defect_L4_B217_el6203_H4_W4.npy,0.11217902739922536,"1564,40,1,1575,5,2374,8,0,6,2026,1744,1481,0,3049,0,62,0,0,7"
NoiseDefectFree_002613.npy,0.11906469660020083,"1660,0,0,1810,0,2229,0,0,0,1958,1723,1447,0,3047,0,61,0,0,7"
Defect_L17_B21_el829_H8_W8.npy,0.06742217759288481,"900,0,0,1785,0,2249,0,0,0,2372,2770,450,0,3044,17,34,46,24,251"
Defect_L3_B378_el5497_H2_W2.npy,0.11770190790417444,"1640,17,2,1759,3,2248,0,0,2,1966,1739,1462,0,3032,0,67,0,0,5"
Defect_L8_B14_el493_H8_W8.npy,0.03844498637211304,"536,48,0,1806,10,2234,13,0,61,2659,2249,1206,0,3056,0,22,0,0,42"
Defect_L17_B401_el5827_H2_W2.npy,0.11712810213742648,"1627,0,0,1700,0,2343,0,0,0,1972,1805,1447,0,2947,2,77,6,7,9"
Defect_L11_B429_el6167_H2_W2.npy,0.11655429637067853,"1624,0,0,1737,0,2303,0,0,0,1959,1791,1464,0,2983,4,70,0,0,7"
NoiseDefectFree_003891.npy,0.11332663893272127,"1580,0,0,1821,0,2219,0,0,0,2000,1726,1467,0,3059,0,65,0,0,5"
NoiseDefectFree_003557.npy,0.11411562186199971,"1591,0,0,1798,0,2242,0,0,0,1974,1760,1475,0,3046,0,54,0,0,2"
NoiseDefectFree_001529.npy,0.11791708506670492,"1644,0,0,1821,0,2215,0,0,0,1960,1715,1465,0,3060,0,60,0,0,2"
NoiseDefectFree_001268.npy,0.11268110744512982,"1571,0,0,1810,0,2232,0,0,0,1998,1703,1501,0,3061,0,63,0,0,3"
Defect_L4_B10_el465_H8_W8.npy,0.07452302395639077,"1039,113,0,1790,4,2248,14,0,24,2434,2136,989,0,3038,0,63,0,0,50"
NoiseDefectFree_001900.npy,0.11712810213742648,"1633,0,0,1805,0,2228,0,0,0,1965,1755,1452,0,3047,0,53,0,0,4"
NoiseDefectFree_004659.npy,0.11511978195380863,"1605,0,0,1809,0,2229,0,0,0,1990,1720,1452,0,3074,0,59,0,0,4"
NoiseDefectFree_003006.npy,0.11275283316597332,"1572,0,0,1815,0,2219,0,0,0,1991,1711,1491,0,3072,0,59,0,0,12"
NoiseDefectFree_002735.npy,0.11468942762874768,"1599,0,0,1806,0,2235,0,0,0,1976,1755,1468,0,3046,0,48,0,0,9"
NoiseDefectFree_000190.npy,0.11633911920814805,"1622,0,0,1795,0,2244,0,0,0,1944,1712,1499,0,3066,0,55,0,0,5"
Defect_L2_B139_el1811_H2_W2.npy,0.1273131544972027,"1766,22,0,1806,0,2233,0,0,2,1788,1835,1365,0,3050,0,68,0,0,7"
NoiseDefectFree_002748.npy,0.12006885669200976,"1674,0,0,1807,0,2226,0,0,0,1947,1733,1436,0,3047,0,62,0,0,10"
NoiseDefectFree_002048.npy,0.11361354181609525,"1584,0,0,1817,0,2223,0,0,0,1968,1714,1508,0,3072,0,49,0,0,7"
Defect_L6_B212_el6183_H4_W4.npy,0.11734327929995697,"1635,8,0,1564,13,2406,2,0,14,1999,1723,1450,0,3058,0,62,0,0,8"
NoiseDefectFree_002559.npy,0.11497633051212165,"1603,0,0,1781,0,2264,0,0,0,1992,1738,1446,0,3047,0,67,0,0,4"
Defect_L13_B152_el4191_H4_W4.npy,0.11390044469946924,"1588,0,0,1771,0,2256,0,0,0,2006,1776,1471,0,2937,7,87,1,0,42"
Defect_L5_B155_el4487_H4_W4.npy,0.11526323339549563,"1605,4,0,1801,2,2153,0,0,0,2048,1783,1472,0,2982,0,82,0,0,10"
Defect_L8_B18_el149_H2_W2.npy,0.10271123224788409,"1432,3,0,1808,5,2229,0,0,3,2066,1730,1545,0,3055,0,62,0,0,4"
NoiseDefectFree_003386.npy,0.11569358772055659,"1613,0,0,1811,0,2224,0,0,0,1972,1732,1476,0,3050,0,61,0,0,3"
NoiseDefectFree_004556.npy,0.11519150767465212,"1606,0,0,1796,0,2246,0,0,0,1950,1729,1502,0,3055,0,54,0,0,4"
NoiseDefectFree_001185.npy,0.11303973604934729,"1576,0,0,1801,0,2240,0,0,0,1968,1708,1524,0,3062,0,53,0,0,10"
Defect_L10_B451_el6211_H2_W2.npy,0.1143307990245302,"1593,2,3,1710,11,2304,0,0,0,1989,1759,1471,0,3034,0,61,0,0,5"
Defect_L12_B53_el2488_H8_W8.npy,0.12049921101707071,"1680,0,0,1809,0,2178,0,0,0,2001,1666,1228,0,3032,21,46,3,0,278"
Defect_L10_B185_el5507_H4_W4.npy,0.11468942762874768,"1598,9,3,1680,13,2250,0,0,19,2017,1887,1504,0,2898,1,55,0,0,8"
NoiseDefectFree_002434.npy,0.11210730167838187,"1563,0,0,1795,0,2248,0,0,0,1996,1724,1488,0,3054,0,67,0,0,7"
Defect_L8_B80_el3832_H8_W8.npy,0.12100129106297518,"1687,352,2,1816,13,1109,35,0,31,2580,1648,1427,0,3153,0,49,0,0,40"
NoiseDefectFree_000770.npy,0.10995553005307704,"1533,0,0,1807,0,2234,0,0,0,1980,1710,1534,0,3068,0,68,0,0,8"
NoiseDefectFree_001686.npy,0.11920814804188783,"1662,0,0,1805,0,2234,0,0,0,1962,1742,1424,0,3053,0,54,0,0,6"
Defect_L18_B285_el3835_H2_W2.npy,0.12092956534213169,"1678,0,0,1811,0,2197,0,0,0,1972,1575,1431,0,3177,3,73,2,10,13"
Defect_L9_B56_el1471_H4_W4.npy,0.13534643523167408,"1870,22,0,1816,5,2214,1,0,19,1884,1887,1090,0,3047,0,63,0,0,24"
NoiseDefectFree_004427.npy,0.11418734758284321,"1592,0,0,1807,0,2234,0,0,0,1967,1738,1471,0,3072,0,51,0,0,10"
NoiseDefectFree_000467.npy,0.11748673074164395,"1638,0,0,1801,0,2239,0,0,0,1970,1747,1437,0,3050,0,51,0,0,9"
Defect_L15_B153_el4195_H4_W4.npy,0.11648257064983503,"1617,0,0,1783,0,2260,0,0,0,1960,1808,1467,0,2950,7,71,1,0,18"
Defect_L14_B369_el5195_H2_W2.npy,0.11583703916224358,"1615,0,0,1801,0,2239,0,0,0,1975,1818,1448,0,2969,2,65,1,5,4"
Defect_L9_B18_el808_H8_W8.npy,0.08614259073303687,"1142,79,0,1802,3,2241,11,0,68,2338,2052,1054,0,3063,0,79,0,0,10"
Defect_L3_B205_el2511_H2_W2.npy,0.11361354181609525,"1584,24,0,1806,1,2234,1,0,1,1936,1814,1467,0,3048,0,18,0,0,8"
NoiseDefectFree_000861.npy,0.11382871897862573,"1587,0,0,1818,0,2222,0,0,0,1986,1755,1495,0,3027,0,51,0,0,1"
Defect_L4_B134_el1801_H2_W2.npy,0.12695452589298523,"1770,15,0,1803,3,2241,3,0,1,1801,1768,1390,0,3054,0,69,0,0,24"
