Epoch,Training Loss,Validation Loss
1,0.23238584399223328,0.20930204196618155
2,0.21091236174106598,0.19124779277122939
3,0.19307975471019745,0.1725308241752478
4,0.17448945343494415,0.1516631841659546
5,0.15378879010677338,0.12957249524501654
6,0.1318597048521042,0.10727660042735246
7,0.10960821807384491,0.08593190719301884
8,0.08833731710910797,0.06634526585157101
9,0.06870473921298981,0.049443816336301655
10,0.051713623106479645,0.035944219248799175
11,0.03810176998376846,0.02585045463190629
12,0.027884522452950478,0.01873755304572674
13,0.020657919347286224,0.013956214408748426
14,0.015771327540278435,0.010836943446730193
15,0.01255496684461832,0.008831340891237442
16,0.010462448932230473,0.0075421057677326295
17,0.00909738801419735,0.006707690512904754
18,0.008198698051273823,0.006162104966978614
19,0.007599631790071726,0.005801389298330133
20,0.007195457816123962,0.005560228314537268
21,0.00691941287368536,0.005397029418068437
22,0.006728486157953739,0.005285173367995482
23,0.006594759877771139,0.005207503662229731
24,0.006499911192804575,0.005152854387863324
25,0.0064317877404391766,0.005113885129013887
26,0.006382244173437357,0.005085723707452416
27,0.00634575542062521,0.005065103419698202
28,0.006318547762930393,0.005049813234318907
29,0.006298027466982603,0.005038340289432269
30,0.00628238171339035,0.005029637545633774
31,0.006270336452871561,0.00502297284009938
32,0.006260982248932123,0.005017828447027848
33,0.006253670901060104,0.005013833950775174
34,0.006247928366065025,0.0050107210229795715
35,0.006243406794965267,0.005008295250053589
36,0.0062398468144237995,0.005006410862104251
37,0.006237058434635401,0.005004957837697405
38,0.006234888453036547,0.005003856835313714
39,0.0062332297675311565,0.0050030468354144925
40,0.00623199762776494,0.005002481433061453
41,0.006231126841157675,0.00500212527381686
42,0.006230565719306469,0.005001950919484863
43,0.006230275612324476,0.005001937128746739
44,0.00623022485524416,0.00500206769300768
45,0.006230388768017292,0.00500232962748179
46,0.006230747327208519,0.005002712723440849
47,0.006231286562979221,0.005003209888505248
48,0.006231992971152067,0.005003815266088798
49,0.006232858169823885,0.0050045243428590205
50,0.0062338728457689285,0.005005333644266312
51,0.006235032342374325,0.0050062398569515115
52,0.006236329674720764,0.005007240330227292
53,0.006237759720534086,0.005008334258141426
54,0.006239318288862705,0.005009520351170347
55,0.006241003051400185,0.005010798072012572
56,0.0062428126111626625,0.005012167241567602
57,0.006244746036827564,0.005013627931475639
58,0.006246801000088453,0.005015180302927127
59,0.006248977966606617,0.005016823979811027
60,0.0062512741424143314,0.005018557618873624
61,0.006253686733543873,0.0050203800201416016
62,0.006256214343011379,0.005022289732900949
63,0.006258851382881403,0.005024284966146717
64,0.006261596921831369,0.005026364573635734
65,0.00626444723457098,0.005028526334521862
66,0.006267399061471224,0.0050307690667418335
67,0.006270449608564377,0.005033090979290696
68,0.006273597478866577,0.005035490460263995
69,0.006276838947087526,0.005037965629106531
70,0.006280172616243362,0.005040514748543501
71,0.0062835924327373505,0.005043135167887578
72,0.0062870969995856285,0.0050458240752609875
73,0.006290682125836611,0.005048578139394522
74,0.006294342689216137,0.005051393849918475
75,0.006298072636127472,0.005054267248711907
76,0.006301867309957743,0.00505719378662224
77,0.006305720657110214,0.005060168789126552
78,0.006309627089649439,0.005063187563791871
79,0.00631357915699482,0.0050662451495344825
80,0.006317570805549622,0.005069337086752057
81,0.006321595050394535,0.005072458862112119
82,0.006325646303594112,0.005075606517493725
83,0.006329718511551619,0.005078776846998013
84,0.006333807948976755,0.005081965391022654
85,0.006337909027934074,0.005085166006420667
86,0.006342017557471991,0.005088371797822989
87,0.0063461256213486195,0.005091574795257587
88,0.006350224371999502,0.00509476547057812
89,0.0063543012365698814,0.005097933812066913
90,0.006358343642205,0.005101073390016189
91,0.006362341810017824,0.0051041776314377785
92,0.0063662901520729065,0.0051072415573379165
93,0.006370180752128363,0.005110260081262543
94,0.006374008487910032,0.005113229674931902
95,0.006377771031111479,0.005116149192102826
96,0.006381466519087553,0.005119017164151256
97,0.00638509402051568,0.0051218296150461985
98,0.0063886502757668495,0.00512458194190493
99,0.00639212504029274,0.005127269882135666
100,0.0063955155201256275,0.005129888886585832
101,0.00639881519600749,0.0051324349434043355
102,0.006402019411325455,0.005134904954152612
103,0.0064051225781440735,0.005137297199465907
104,0.006408128421753645,0.005139611965905015
105,0.006411031819880009,0.005141845474449487
106,0.006413831375539303,0.00514399167150259
107,0.006416518706828356,0.005146047727276499
108,0.006419093813747168,0.005148014017882256
109,0.0064215580932796,0.00514989011347867
110,0.006423909682780504,0.0051516755663145045
111,0.006426149047911167,0.005153369767448077
112,0.006428275257349014,0.00515496929605993
113,0.006430285982787609,0.005156472182044616
114,0.0064321779645979404,0.005157877332889116
115,0.006433951202780008,0.0051591845874029854
116,0.006435604300349951,0.005160396596273551
117,0.006437140051275492,0.005161515813177595
118,0.0064385621808469296,0.005162544709701951
119,0.006439873017370701,0.005163482981375777
120,0.006441070232540369,0.005164331881902539
121,0.006442157085984945,0.00516508979937778
122,0.00644313171505928,0.005165759259118483
123,0.0064439959824085236,0.005166342052129598
124,0.006444751285016537,0.005166840166426622
125,0.00644540274515748,0.005167255536294901
126,0.006445953156799078,0.0051675910094323065
127,0.006446405313909054,0.005167848663404584
128,0.0064467634074389935,0.005168030611597574
129,0.0064470297656953335,0.005168136961471576
130,0.006447204854339361,0.005168169378661192
131,0.006447283551096916,0.005168129224330187
132,0.006447271443903446,0.005168017985012669
133,0.006447174586355686,0.005167840478511957
134,0.006446999032050371,0.005167603474826767
135,0.006446751765906811,0.005167312275331754
136,0.006446439307183027,0.005166971447089544
137,0.006446066778153181,0.005166583139306078
138,0.006445636507123709,0.005166147978833089
139,0.006445147562772036,0.00516566804323632
140,0.006444603204727173,0.005165143977277554
141,0.006444002967327833,0.005164577751062238
142,0.006443350575864315,0.005163971460066163
143,0.006442646961659193,0.005163328005717351
144,0.006441897712647915,0.00516265003870313
145,0.006441102828830481,0.005161940191800778
146,0.006440265569835901,0.005161200632126286
147,0.006439391523599625,0.0051604336700760405
148,0.006438483949750662,0.005159640863824349
149,0.006437542848289013,0.005158823341704332
150,0.00643656961619854,0.005157982285779256
151,0.006435567978769541,0.005157119093032984
152,0.0064345370046794415,0.005156235321639822
153,0.00643348041921854,0.005155332225303237
154,0.006432399619370699,0.0051544116487583285
155,0.006431295536458492,0.005153475794941187
156,0.006430174224078655,0.00515252616829597
157,0.006429033353924751,0.005151564685197977
158,0.006427876651287079,0.005150592796361217
159,0.0064267064444720745,0.005149612794272029
160,0.006425525061786175,0.0051486257177132825
161,0.006424333434551954,0.005147632695018099
162,0.006423134822398424,0.005146634138117616
163,0.006421927362680435,0.005145631211165052
164,0.006420713849365711,0.005144624791752834
165,0.006419495679438114,0.0051436154171824455
166,0.00641827005892992,0.00514260375012572
167,0.0064170402474701405,0.005141590990555974
168,0.006415806245058775,0.005140577532494297
169,0.006414569914340973,0.005139564969935096
170,0.0064133331179618835,0.0051385533028783705
171,0.006412095855921507,0.005137543641747191
172,0.00641085859388113,0.005136536810403833
173,0.00640962366014719,0.005135533650620625
174,0.006408390123397112,0.005134534878799548
175,0.006407162640243769,0.005133540817321493
176,0.006405938416719437,0.005132552433329133
177,0.00640472024679184,0.005131570407404349
178,0.0064035081304609776,0.005130594954467737
179,0.0064023020677268505,0.005129626432720285
180,0.006401103921234608,0.005128664501871054
181,0.006399911362677813,0.005127710182792866
182,0.006398726254701614,0.005126763618766115
183,0.006397547200322151,0.005125824863520952
184,0.006396375130861998,0.005124893952877476
185,0.006395210046321154,0.005123970815195487
186,0.0063940538093447685,0.005123056363887512
187,0.006392905488610268,0.0051221500079219155
188,0.006391765549778938,0.005121251836848946
189,0.006390634924173355,0.005120362065589199
190,0.0063895112834870815,0.005119481141893909
191,0.006388396490365267,0.0051186082956309505
192,0.006387291010469198,0.005117743634260618
193,0.006386192515492439,0.005116887283153259
194,0.0063851033337414265,0.005116039313949072
195,0.00638402346521616,0.0051151998878385015
196,0.006382951978594065,0.005114369201832092
197,0.006381891667842865,0.005113547076829351
198,0.006380838807672262,0.005112733118809187
199,0.0063797952607274055,0.005111927453141946
200,0.0063787600956857204,0.005111129685806541
201,0.00637773284688592,0.005110340766035593
202,0.006376715376973152,0.005109560228167818
203,0.006375706754624844,0.00510878823339366
204,0.0063747079111635685,0.00510802438769203
205,0.006373716983944178,0.0051072687089729766
206,0.006372735369950533,0.00510652051665462
207,0.006371761206537485,0.005105780383858543
208,0.006370794028043747,0.005105047898653608
209,0.0063698324374854565,0.0051043233655106565
210,0.006368880160152912,0.005103606265038252
211,0.006367937196046114,0.005102896973347435
212,0.006367002613842487,0.0051021951859673625
213,0.0063660768792033195,0.00510150077752769
214,0.006365158595144749,0.005100814285329902
215,0.006364249158650637,0.0051001351362524126
216,0.006363348104059696,0.005099463527305768
217,0.006362455897033215,0.00509879940475982
218,0.006361571606248617,0.005098142213403032
219,0.006360695697367191,0.005097491971145456
220,0.006359826773405075,0.005096848391426297
221,0.00635896623134613,0.005096212154827439
222,0.006358112674206495,0.0050955826703172466
223,0.006357267033308744,0.005094959669244977
224,0.0063564288429915905,0.005094343420261374
225,0.006355595774948597,0.0050937335830754955
226,0.006354768294841051,0.005093130157687343
227,0.006353948265314102,0.005092533287377312
228,0.006353133358061314,0.005091942793044906
229,0.006352325901389122,0.005091358603049929
230,0.006351524032652378,0.005090779929350202
231,0.006350730080157518,0.005090206682395477
232,0.006349942646920681,0.0050896390233761985
233,0.006349161732941866,0.005089077364223508
234,0.0063483878038823605,0.005088522116868542
235,0.006347620859742165,0.005087973567872093
236,0.006346862763166428,0.005087431591863816
237,0.0063461121171712875,0.005086895884372867
238,0.00634536799043417,0.005086365890187712
239,0.006344630848616362,0.0050858414122978085
240,0.00634390115737915,0.005085322038772015
241,0.006343175657093525,0.005084808074081173
242,0.006342456676065922,0.005084299249574542
243,0.006341743748635054,0.005083795010040586
244,0.0063410354778170586,0.005083295498759701
245,0.006340332794934511,0.0050828006082715895
246,0.006339634768664837,0.0050823104639465995
247,0.00633894233033061,0.005081825083694779
248,0.006338255945593119,0.005081345022727664
249,0.006337575614452362,0.005080869994484461
250,0.0063369013369083405,0.0050804003392561125
251,0.006336232181638479,0.0050799352331803395
252,0.006335568148642778,0.005079475106098331
253,0.006334908772259951,0.005079019904279938
254,0.006334255915135145,0.005078569251614122
255,0.006333608645945787,0.0050781236316722175
256,0.00633296649903059,0.005077682453422592
257,0.006332329474389553,0.005077245537764751
258,0.006331697106361389,0.005076812669778099
259,0.006331068929284811,0.005076383437531499
260,0.006330446340143681,0.005075958324596286
261,0.006329827010631561,0.005075536578750381
262,0.006329212337732315,0.00507511836118423
263,0.006328600458800793,0.005074703188326497
264,0.0063279918394982815,0.005074292116870101
265,0.006327387411147356,0.005073885702026578
266,0.00632678996771574,0.005073482475171869
267,0.006326196249574423,0.005073080716941219
268,0.006325604394078255,0.005072680337784382
269,0.006325014401227236,0.005072282824235467
270,0.006324428599327803,0.005071889734468781
271,0.00632384791970253,0.005071500710283334
272,0.006323273293673992,0.0050711155904886816
273,0.006322700995951891,0.005070733981063733
274,0.006322134286165237,0.005070355541717548
275,0.006321569439023733,0.0050699804515506215
276,0.006321009248495102,0.005069607976250923
277,0.0063204532489180565,0.005069238420289297
278,0.006319900508970022,0.005068871335914502
279,0.006319352425634861,0.005068507421618471
280,0.006318807136267424,0.005068146749041402
281,0.006318266503512859,0.005067789515193839
282,0.006317730527371168,0.005067435093224049
283,0.006317197810858488,0.0050670836622325275
284,0.006316668353974819,0.005066736583383038
285,0.006316144019365311,0.0050663902388455775
286,0.0063156201504170895,0.0050660478703391095
287,0.006315101869404316,0.005065707633128533
288,0.006314587313681841,0.005065369527213848
289,0.0063140736892819405,0.005065033301854363
290,0.006313564255833626,0.0050646997092721555
291,0.00631305668503046,0.00506436900020792
292,0.006312554702162743,0.005064040709000368
293,0.006312054581940174,0.005063714584908807
294,0.006311558187007904,0.005063390072721701
295,0.006311063654720783,0.005063067297809399
296,0.006310573313385248,0.005062746564642741
297,0.0063100834377110004,0.0050624276403910835
298,0.006309594493359327,0.005062109719102199
299,0.006309103686362505,0.005061793176887127
300,0.0063086156733334064,0.005061478945068442
301,0.006308130919933319,0.005061167453487332
302,0.00630764989182353,0.0050608593289955305
303,0.006307174917310476,0.005060555108894522
304,0.00630670553073287,0.005060255258845596
305,0.006306242663413286,0.005059959098266868
306,0.006305784452706575,0.005059666036126705
307,0.00630533043295145,0.005059375159012584
308,0.0063048782758414745,0.0050590851236707885
309,0.00630442937836051,0.005058795159969192
310,0.00630398141220212,0.0050585048738867044
311,0.0063035329803824425,0.0050582141758730775
312,0.006303084548562765,0.005057923245028808
313,0.00630263751372695,0.005057632403734785
314,0.006302190013229847,0.00505734199228195
315,0.006301745306700468,0.00505705326437377
316,0.006301301531493664,0.005056766220010244
317,0.006300861015915871,0.005056481772603897
318,0.006300424225628376,0.005056199993794927
319,0.006299990229308605,0.005055920417922048
320,0.0062995608896017075,0.005055642740514416
321,0.006299133412539959,0.005055366728741389
322,0.006298708263784647,0.00505509225723262
323,0.006298286374658346,0.005054819290168011
324,0.006297866813838482,0.005054548024558104
325,0.006297449115663767,0.005054278120111961
326,0.006297034677118063,0.005054009988760719
327,0.006296622566878796,0.0050537435946842795
328,0.006296213250607252,0.005053479331903732
329,0.0062958067283034325,0.0050532173795195725
330,0.006295402999967337,0.0050529578449920965
331,0.006295003462582827,0.005052700620861008
332,0.00629460671916604,0.005052445742946405
333,0.006294212769716978,0.005052192906777446
334,0.006293823476880789,0.005051942273544578
335,0.006293436046689749,0.005051693735787502
336,0.006293053273111582,0.005051446738294684
337,0.006292671896517277,0.005051200833314886
338,0.006292292848229408,0.005050956074578257
339,0.006291916128247976,0.005050712265074253
340,0.006291541270911694,0.005050469010781784
341,0.006291167810559273,0.005050226723631987
342,0.006290796212852001,0.005049984794683182
343,0.006290425546467304,0.005049743761236851
344,0.0062900567427277565,0.005049503265092006
345,0.006289689801633358,0.005049263753999884
346,0.006289323791861534,0.005049024798119297
347,0.006288960576057434,0.005048787060122077
348,0.006288598291575909,0.005048550128077085
349,0.00628823833540082,0.0050483143780953605
350,0.006287881173193455,0.005048079935547251
351,0.006287525407969952,0.005047846800432756
352,0.006287172436714172,0.005047615044392073
353,0.00628682179376483,0.005047384792795548
354,0.006286473013460636,0.005047156135193431
355,0.006286127492785454,0.005046928838755076
356,0.006285784300416708,0.005046703082580979
357,0.006285443436354399,0.005046478795030942
358,0.006285105366259813,0.005046255994015015
359,0.006284769158810377,0.005046034661623148
360,0.006284436210989952,0.005045814923225687
361,0.006284105125814676,0.005045596581812088
362,0.006283776834607124,0.005045379762752698
363,0.006283450406044722,0.005045164125756576
364,0.006283126771450043,0.005044949742463918
365,0.0062828054651618,0.00504473654123453
366,0.00628248555585742,0.005044524307147815
367,0.006282168440520763,0.005044312932743476
368,0.006281853187829256,0.005044102686672256
369,0.006281538866460323,0.0050438930495427204
370,0.006281228270381689,0.0050436843616458085
371,0.006280919536948204,0.005043476802082016
372,0.006280613597482443,0.0050432704962216895
373,0.006280307658016682,0.0050430636530598765
374,0.006279999855905771,0.005042857096458857
375,0.006279693450778723,0.005042651220439718
376,0.006279387511312962,0.00504244751153657
377,0.006279085762798786,0.005042247205542831
378,0.006278788670897484,0.005042050445738893
379,0.00627849530428648,0.005041856408262482
380,0.0062782056629657745,0.005041663033457903
381,0.006277915555983782,0.005041468924341293
382,0.006277622655034065,0.0050412742779231984
383,0.006277328822761774,0.005041079577774956
384,0.006277038250118494,0.00504088570148899
385,0.006276750471442938,0.005040692684885401
386,0.006276465021073818,0.005040501477196813
387,0.006276182364672422,0.00504031188141268
388,0.0062759025022387505,0.005040124345284242
389,0.006275624968111515,0.005039938510610507
390,0.0062753502279520035,0.005039753822179941
391,0.006275077350437641,0.005039570244172445
392,0.006274806801229715,0.005039387687037771
393,0.006274538114666939,0.005039206186596017
394,0.006274273619055748,0.005039026548799414
395,0.006274011451750994,0.005038848451267068
396,0.006273751612752676,0.0050386709984965045
397,0.00627349317073822,0.005038494100937476
398,0.006273236125707626,0.005038318098880923
399,0.006272980477660894,0.005038143189337391
400,0.006272726692259312,0.005037969820058117
401,0.0062724752351641655,0.0050377960388477035
402,0.006272223778069019,0.005037621433775012
403,0.006271972320973873,0.005037445772009401
404,0.006271721795201302,0.005037270074423689
405,0.006271472666412592,0.005037095308160553
406,0.00627122400328517,0.00503692039861702
407,0.006270975340157747,0.005036745435343339
408,0.006270728074014187,0.005036570740720401
409,0.006270481739193201,0.005036397102790384
410,0.006270236801356077,0.00503622514840502
411,0.006269994657486677,0.005036054662643717
412,0.006269754841923714,0.005035885932067266
413,0.006269517820328474,0.005035719117866113
414,0.006269283592700958,0.005035553467818177
415,0.006269050762057304,0.005035390074436481
416,0.006268821191042662,0.005035228257139142
417,0.00626859487965703,0.005035068087566357
418,0.006268370430916548,0.005034910550770851
419,0.006268148776143789,0.005034754428869257
420,0.006267929915338755,0.005034599417390732
421,0.006267711520195007,0.005034444996943841
422,0.006267496384680271,0.005034291740650168
423,0.0062672835774719715,0.005034139200758476
424,0.0062670717015862465,0.005033987448908961
425,0.006266861688345671,0.005033836019440339
426,0.006266652140766382,0.0050336848407124095
427,0.006266443524509668,0.00503353367989453
428,0.006266235839575529,0.005033382429526403
429,0.0062660276889801025,0.0050332313403487206
430,0.006265821401029825,0.00503308055564188
431,0.006265615578740835,0.005032930236596327
432,0.006265411619096994,0.005032780078741221
433,0.006265208125114441,0.005032630529827797
434,0.006265005096793175,0.005032481679406304
435,0.006264802999794483,0.005032333509566693
436,0.006264604162424803,0.005032185841208467
437,0.006264405325055122,0.005032039139992916
438,0.006264207884669304,0.0050318933163697906
439,0.006264012306928635,0.0050317482807888435
440,0.00626381766051054,0.005031604176530471
441,0.006263625342398882,0.0050314608961343765
442,0.006263433489948511,0.005031318367960362
443,0.0062632448971271515,0.005031176287537584
444,0.006263055372983217,0.00503103481605649
445,0.006262869108468294,0.00503089355949599
446,0.006262682843953371,0.005030752535766134
447,0.006262497045099735,0.005030611619496575
448,0.006262312177568674,0.005030470721137065
449,0.0062621282413601875,0.005030329464576566
450,0.006261943373829126,0.0050301869722226495
451,0.006261759903281927,0.005030044909709921
452,0.0062615759670734406,0.005029903133757985
453,0.006261393427848816,0.005029761536906545
454,0.006261211819946766,0.005029621032568125
455,0.006261032074689865,0.005029481531192477
456,0.006260854657739401,0.005029342692488661
457,0.006260677706450224,0.005029205000028014
458,0.0062605030834674835,0.005029068489630635
459,0.006260329391807318,0.0050289329284658795
460,0.006260158494114876,0.0050287981553433034
461,0.006259988062083721,0.005028664474733747
462,0.006259819958359003,0.005028531600076418
463,0.006259653717279434,0.005028399531371319
464,0.006259487941861153,0.0050282679283275055
465,0.00625932402908802,0.005028137095415821
466,0.006259161978960037,0.005028006853535771
467,0.0062590003944933414,0.005027876880306464
468,0.00625883974134922,0.00502774712199775
469,0.006258680485188961,0.005027617686069929
470,0.006258522160351276,0.005027488250142107
471,0.006258363835513592,0.005027359029134879
472,0.006258207373321056,0.005027229915587948
473,0.006258050445467234,0.0050271011781520564
474,0.0062578944489359856,0.005026972440716166
475,0.006257739849388599,0.005026843918200869
476,0.006257586181163788,0.0050267158613468595
477,0.006257432512938976,0.005026588198513939
478,0.006257281173020601,0.005026460571501117
479,0.006257129833102226,0.005026333463879732
480,0.0062569789588451385,0.005026206463718643
481,0.0062568299472332,0.00502607964265805
482,0.006256680935621262,0.005025953520089388
483,0.006256532855331898,0.005025828185562904
484,0.006256386637687683,0.005025703155507262
485,0.006256241351366043,0.00502557846574256
486,0.006256097462028265,0.005025454080448701
487,0.0062559531070292,0.005025330053355832
488,0.006255811080336571,0.00502520609790316
489,0.006255668587982655,0.005025082518561528
490,0.0062555274926126,0.0050249592436907384
491,0.006255386862903833,0.005024836022550097
492,0.006255247630178928,0.005024713052150149
493,0.006255107931792736,0.005024590010110002
494,0.006254969630390406,0.005024466950159807
495,0.0062548317946493626,0.005024343997669907
496,0.0062546939589083195,0.005024221152640306
497,0.006254557520151138,0.005024098647901645
498,0.006254421081393957,0.0050239762148031825
499,0.006254286039620638,0.005023854175725808
500,0.006254151463508606,0.005023732459029326
501,0.006254017818719149,0.005023610616962497
502,0.006253884173929691,0.005023489133096659
503,0.006253751926124096,0.005023367774601166
504,0.006253619212657213,0.005023246541476021
505,0.006253487896174192,0.005023125415811172
506,0.006253357976675034,0.005023004451336769
507,0.006253227591514587,0.0050228838271533065
508,0.006253098137676716,0.005022763220879894
509,0.006252969615161419,0.0050226429011672735
510,0.006252841558307409,0.005022522993385792
511,0.006252714898437262,0.005022403193064607
512,0.006252588704228401,0.005022283643484116
513,0.006252462975680828,0.005022164273004119
514,0.006252338644117117,0.00502204500998442
515,0.006252214312553406,0.005021925854425018
516,0.006252090446650982,0.005021807110796754
517,0.006251967512071133,0.005021688170157946
518,0.006251845043152571,0.005021569605630178
519,0.006251722574234009,0.005021451059012459
520,0.0062516010366380215,0.005021332727315335
521,0.006251480430364609,0.005021214556808655
522,0.006251360755413771,0.0050210966907728175
523,0.006251240614801645,0.0050209788068269305
524,0.006251120939850807,0.005020861119891589
525,0.006251002661883831,0.005020743719517038
526,0.006250884849578142,0.005020626372872637
527,0.006250767037272453,0.005020509026228235
528,0.006250649690628052,0.005020391894504428
529,0.006250533740967512,0.005020275174711759
530,0.00625041825696826,0.005020158186268348
531,0.006250303238630295,0.00502004144856563
532,0.006250187288969755,0.0050199247825031094
533,0.006250073667615652,0.005019808331361184
534,0.006249959580600262,0.005019691754848911
535,0.006249845959246159,0.005019575429077332
536,0.00624973326921463,0.0050194593719564955
537,0.006249620579183102,0.005019343404385906
538,0.006249508820474148,0.00501922732935502
539,0.006249397061765194,0.005019111630435173
540,0.006249286234378815,0.005018996146435921
541,0.006249175872653723,0.005018880734076867
542,0.00624906737357378,0.005018765536638407
543,0.006248957477509975,0.005018650589940639
544,0.006248848512768745,0.005018535804433318
545,0.00624874047935009,0.005018421072656145
546,0.006248632911592722,0.00501830643042922
547,0.006248525809496641,0.005018191949392741
548,0.006248418241739273,0.005018077790737152
549,0.0062483130022883415,0.0050179638111820584
550,0.006248206831514835,0.005017849813716916
551,0.006248101592063904,0.005017736156542714
552,0.006247995886951685,0.0050176225889187595
553,0.006247892044484615,0.005017508967564656
554,0.006247787270694971,0.005017395704411543
555,0.006247683893889189,0.005017282656179025
556,0.006247580982744694,0.0050171698407771494
557,0.006247478071600199,0.0050170568641848285
558,0.006247375160455704,0.005016944317433696
559,0.006247273646295071,0.005016832039333307
560,0.006247171200811863,0.0050167195284022735
561,0.0062470706179738045,0.005016607715963171
562,0.006246969103813171,0.005016495724423573
563,0.0062468694522976875,0.00501638394780457
564,0.006246768869459629,0.00501627208163532
565,0.006246669217944145,0.005016160555757009
566,0.006246570032089949,0.005016049137338996
567,0.006246470846235752,0.005015937987571726
568,0.00624637259170413,0.005015826963174801
569,0.006246274337172508,0.005015716046238175
570,0.006246177479624748,0.00501560543377239
571,0.006246079225093126,0.005015494839216654
572,0.006245982833206654,0.005015384334211166
573,0.006245885975658894,0.005015274026216223
574,0.006245789583772421,0.005015163861501675
575,0.006245693191885948,0.005015053875887623
576,0.006245598662644625,0.00501494394400372
577,0.006245503202080727,0.005014834441961004
578,0.006245408207178116,0.005014724957828338
579,0.006245314609259367,0.005014615455785623
580,0.0062452200800180435,0.0050145064731343435
581,0.006245126016438007,0.005014397436752915
582,0.006245032884180546,0.005014288436191587
583,0.006244939286261797,0.005014179847561396
584,0.006244846154004335,0.005014071294751305
585,0.006244754418730736,0.00501396288522161
586,0.006244662217795849,0.005013854744342657
587,0.0062445709481835365,0.0050137467825641996
588,0.00624447874724865,0.005013638981976188
589,0.006244387943297625,0.005013531503769068
590,0.006244296208024025,0.005013423989741848
591,0.006244205404073,0.005013316654815123
592,0.0062441155314445496,0.005013209588539142
593,0.006244025658816099,0.00501310252226316
594,0.0062439353205263615,0.005012995688817822
595,0.006243846844881773,0.005012888909102633
596,0.006243756972253323,0.005012782433858285
597,0.006243668496608734,0.005012676012344086
598,0.006243579555302858,0.005012569752020331
599,0.00624349107965827,0.005012463796167419
600,0.006243403535336256,0.005012357911954706
601,0.006243315525352955,0.005012252206842487
602,0.006243227981030941,0.005012146716650862
603,0.006243141368031502,0.00501204111899894
604,0.006243054289370775,0.005011935915368108
605,0.006242968142032623,0.005011830747557374
606,0.006242881529033184,0.005011725794667235
607,0.006242794916033745,0.005011620895507244
608,0.00624270923435688,0.005011516282908046
609,0.0062426235526800156,0.005011411992689738
610,0.0062425388023257256,0.00501130772038148
611,0.006242453586310148,0.005011203824184262
612,0.006242368835955858,0.0050111000354473405
613,0.0062422845512628555,0.005010996569091311
614,0.0062421998009085655,0.005010893281835776
615,0.00624211598187685,0.005010790209500835
616,0.00624203123152256,0.00501068729835634
617,0.006241948343813419,0.0050105847275027865
618,0.006241864059120417,0.005010482210379381
619,0.006241781171411276,0.005010379800716272
620,0.006241698749363422,0.005010277785074253
621,0.006241614930331707,0.005010175841072431
622,0.006241532973945141,0.005010074165721352
623,0.006241449620574713,0.005009972651560719
624,0.006241367198526859,0.00500987137023073
625,0.006241285242140293,0.00500977010681079
626,0.006241203751415014,0.005009669165771741
627,0.006241122260689735,0.005009568403833187
628,0.006241041235625744,0.005009467695624783
629,0.006240959744900465,0.005009367166516872
630,0.006240878254175186,0.0050092668344195075
631,0.006240797694772482,0.005009166502322142
632,0.00624071666970849,0.005009066474695618
633,0.006240636110305786,0.005008966679899738
634,0.006240555550903082,0.0050088671716646506
635,0.00624047452583909,0.005008767896260207
636,0.006240395363420248,0.0050086691223371485
637,0.006240315269678831,0.005008570187223645
638,0.0062402356415987015,0.005008471861051826
639,0.0062401555478572845,0.005008373624430253
640,0.006240076385438442,0.005008275566909175
641,0.0062399972230196,0.005008177778038841
642,0.006239918060600758,0.0050080802040891005
643,0.006239839363843203,0.005007982683869509
644,0.00623976020142436,0.00500788539648056
645,0.006239681970328093,0.0050077884314725036
646,0.00623960280790925,0.005007691645564942
647,0.006239524111151695,0.005007594913387528
648,0.0062394458800554276,0.005007498772241748
649,0.00623936764895916,0.005007402541545721
650,0.006239289417862892,0.005007306633230586
651,0.006239210721105337,0.00500721108311644
652,0.006239132955670357,0.005007115497182195
653,0.006239055190235376,0.005007020305269039
654,0.006238978356122971,0.005006925292456379
655,0.006238900125026703,0.005006830333373868
656,0.0062388223595917225,0.005006735607121999
657,0.006238745525479317,0.005006641006240478
658,0.006238668225705624,0.005006546405358956
659,0.0062385909259319305,0.005006452144768376
660,0.006238512694835663,0.0050063580632782895
661,0.00623843539506197,0.0050062641250686
662,0.006238359026610851,0.005006170419689555
663,0.006238281261175871,0.005006076965051202
664,0.006238204427063465,0.0050059836357831955
665,0.006238127127289772,0.00500589064680613
666,0.0062380507588386536,0.005005797908569758
667,0.006237973924726248,0.0050057051703333855
668,0.006237896624952555,0.005005612808208053
669,0.006237820256501436,0.005005520589363117
670,0.0062377434223890305,0.005005428603348823
671,0.006237667053937912,0.005005336850165174
672,0.006237590219825506,0.005005245043251377
673,0.0062375133857131,0.005005153612448619
674,0.006237436085939407,0.005005062307016208
675,0.006237360183149576,0.005004971377694836
676,0.006237283814698458,0.005004880376733267
677,0.006237207446247339,0.005004789841432984
678,0.006237130146473646,0.0050046991986724045
679,0.006237054243683815,0.005004609021573112
680,0.0062369778752326965,0.005004518934024068
681,0.006236901041120291,0.005004429061395617
682,0.006236824207007885,0.005004339403687761
683,0.006236748769879341,0.005004249871350252
684,0.006236671935766935,0.005004160374832841
685,0.006236595567315817,0.005004071218606371
686,0.006236519198864698,0.005003982223570347
687,0.006236442364752293,0.005003893067343877
688,0.006236365996301174,0.005003804394688744
689,0.006236290093511343,0.005003715936954205
690,0.006236213259398937,0.005003627407579468
691,0.006236137356609106,0.00500353891402483
692,0.006236060056835413,0.005003450939861627
693,0.006235984154045582,0.005003362553767287
694,0.006235906854271889,0.005003274794524679
695,0.00623583048582077,0.005003187160652418
696,0.0062357536517083645,0.005003099867071097
697,0.006235675886273384,0.005003012860050568
698,0.006235599983483553,0.005002926247051129
699,0.00623552268370986,0.00500283963405169
700,0.006235446315258741,0.005002753719544182
701,0.006235369481146336,0.005002667661756277
702,0.0062352935783565044,0.005002581890529165
703,0.006235216278582811,0.005002496190942251
704,0.006235139444470406,0.005002410473445287
705,0.006235062610358,0.005002325132059364
706,0.006234984844923019,0.005002239719033241
707,0.006234907545149326,0.005002154735848308
708,0.0062348307110369205,0.005002069824303572
709,0.006234753876924515,0.005001985091859331
710,0.006234677508473396,0.005001900592245734
711,0.006234600208699703,0.00500181639710298
712,0.0062345233745872974,0.005001732255690373
713,0.006234446540474892,0.0050016482038280135
714,0.006234370172023773,0.005001564474346546
715,0.006234293803572655,0.005001480655314831
716,0.006234216503798962,0.005001397069113759
717,0.0062341392040252686,0.005001313805293579
718,0.006234063301235437,0.005001230487743249
719,0.006233986001461744,0.005001147653764257
720,0.006233908701688051,0.005001064748145067
721,0.0062338318675756454,0.005000982003716322
722,0.00623375503346324,0.0050008997965890626
723,0.0062336791306734085,0.0050008176611020016
724,0.006233601830899715,0.005000735955456128
725,0.00623352499678731,0.005000655002032335
726,0.0062334490939974785,0.0050005738515979965
727,0.006233371794223785,0.005000493328015392
728,0.006233295891433954,0.005000412876072984
729,0.006233219522982836,0.005000332495770776
730,0.006233143154531717,0.005000252563219804
731,0.006233067251741886,0.0050001727918592784
732,0.006232989951968193,0.005000093468249991
733,0.006232914049178362,0.005000014413291445
734,0.006232838612049818,0.004999935931454484
735,0.0062327622435987,0.004999857771998415
736,0.006232687272131443,0.004999780096113682
737,0.006232611835002899,0.00499970274260984
738,0.006232535932213068,0.004999625783127088
739,0.006232460495084524,0.004999549199755375
740,0.006232386454939842,0.00499947272384396
741,0.006232311483472586,0.004999396516583287
742,0.006232236046344042,0.004999320560063307
743,0.006232161074876785,0.004999245051294565
744,0.006232087034732103,0.004999169954456962
745,0.006232012528926134,0.004999095305370597
746,0.006231938023120165,0.004999020996575172
747,0.00623186444863677,0.004998947242991283
748,0.006231790874153376,0.004998873668507888
749,0.006231717765331268,0.004998800434315434
750,0.006231645122170448,0.0049987278448847625
751,0.006231571547687054,0.004998655309184239
752,0.006231498438864946,0.004998583167504806
753,0.006231425795704126,0.004998511240745966
754,0.006231353618204594,0.004998439618457968
755,0.006231281440705061,0.004998368640931753
756,0.006231209728866816,0.004998297806685934
757,0.00623113801702857,0.0049982278142124414
758,0.006231066305190325,0.0049981583590404345
759,0.006230995990335941,0.004998089279979467
760,0.006230924744158983,0.004998020702399886
761,0.0062308544293046,0.00499795235765095
762,0.006230784580111504,0.004997884335282903
763,0.0062307147309184074,0.004997817029316838
764,0.006230644881725311,0.004997749974091466
765,0.006230575032532215,0.004997683832278619
766,0.006230506114661694,0.004997617923296415
767,0.006230437662452459,0.004997552587435796
768,0.006230368744581938,0.004997487896336959
769,0.0062303016893565655,0.004997423617169261
770,0.0062302337028086185,0.004997360090223642
771,0.006230167578905821,0.004997297118489559
772,0.006230100058019161,0.004997234666146911
773,0.0062300339341163635,0.004997172572005253
774,0.0062299687415361404,0.004997110979344983
775,0.006229903548955917,0.004997049243404315
776,0.006229836959391832,0.004996988295505826
777,0.006229772232472897,0.004996927365517387
778,0.006229706574231386,0.004996867098200779
779,0.006229642778635025,0.00499680729654546
780,0.006229578051716089,0.0049967480142815756
781,0.006229514256119728,0.0049966893230493255
782,0.0062294513918459415,0.0049966309541979665
783,0.006229388061910868,0.00499657319428829
784,0.0062293256632983685,0.004996515846309753
785,0.006229263264685869,0.004996458820712108
786,0.006229201331734657,0.0049964022428657
787,0.006229139864444733,0.004996346076950431
788,0.006229077931493521,0.0049962899110351615
789,0.006229016929864883,0.004996234354061576
790,0.006228955928236246,0.004996179065738733
791,0.006228894926607609,0.0049961242968073255
792,0.006228834856301546,0.004996070548748741
793,0.006228775251656771,0.004996017266351443
794,0.006228715647011995,0.004995964807816423
795,0.006228657439351082,0.004995913155233631
796,0.006228599231690168,0.0049958615742910365
797,0.0062285419553518295,0.004995810620200176
798,0.006228484679013491,0.004995759594469116
799,0.006228427868336439,0.004995708676198354
800,0.006228370126336813,0.0049956582414989285
801,0.006228312849998474,0.004995607860529652
802,0.006228255573660135,0.004995558267602554
803,0.006228199228644371,0.004995509122426693
804,0.006228142883628607,0.004995460299631724
805,0.006228087469935417,0.004995412640989973
806,0.006228032521903515,0.004995364283856291
807,0.006227977108210325,0.004995316464024095
808,0.006227921228855848,0.004995267318848234
809,0.0062278639525175095,0.004995217242349799
810,0.006227805279195309,0.004995168330004582
811,0.0062277475371956825,0.004995119954960851
812,0.006227690260857344,0.004995076003699348
813,0.006227637175470591,0.0049950354911673525
814,0.006227589212357998,0.004994998077073922
815,0.006227544043213129,0.004994962991286929
816,0.006227501202374697,0.004994926902537162
817,0.0062274569645524025,0.004994889076512594
818,0.006227410864084959,0.004994848886361489
819,0.006227362435311079,0.004994805436581373
820,0.006227310746908188,0.004994760679367643
821,0.006227256264537573,0.004994715134111734
822,0.00622720317915082,0.004994670412718103
823,0.006227148696780205,0.004994627321138978
824,0.006227097008377314,0.004994585322072873
825,0.0062270453199744225,0.004994544397609739
826,0.006226996425539255,0.004994503652247099
827,0.006226946134120226,0.004994462029292033
828,0.006226894911378622,0.004994420871998255
829,0.00622684508562088,0.004994379428143685
830,0.006226793862879276,0.004994339005161936
831,0.006226744968444109,0.0049942995672329115
832,0.006226695608347654,0.004994261203906857
833,0.006226647645235062,0.004994224488305358
834,0.006226601544767618,0.00499418771897371
835,0.006226554978638887,0.004994151110832508
836,0.006226508878171444,0.004994114431051107
837,0.006226461846381426,0.004994076963227529
838,0.006226414814591408,0.004994040175985832
839,0.00622636778280139,0.004994002618612005
840,0.006226320751011372,0.004993965634359763
841,0.006226273253560066,0.004993929276959254
842,0.006226227153092623,0.0049938930270190425
843,0.006226180121302605,0.00499385754721096
844,0.006226134020835161,0.004993822515154114
845,0.006226087920367718,0.004993787787568111
846,0.006226043216884136,0.004993753991304682
847,0.006225999444723129,0.004993720284591501
848,0.00622595427557826,0.0049936873301003985
849,0.006225910969078541,0.004993654805450485
850,0.006225867662578821,0.004993622262890522
851,0.006225824821740389,0.004993590580012936
852,0.006225782446563244,0.004993558055363023
853,0.006225739140063524,0.00499352621129499
854,0.006225696764886379,0.00499349357918478
855,0.006225652992725372,0.004993461215725312
856,0.006225609686225653,0.004993428386604557
857,0.006225564982742071,0.004993395790314445
858,0.0062255216762423515,0.004993362835823343
859,0.006225477904081345,0.004993330006702588
860,0.00622543366625905,0.004993297428322526
861,0.0062253898940980434,0.004993265458884148
862,0.006225345656275749,0.00499323417002765
863,0.0062253037467598915,0.004993203508022886
864,0.006225261837244034,0.0049931736340603
865,0.006225220393389463,0.004993144154118804
866,0.00622517941519618,0.004993114996558199
867,0.006225139368325472,0.004993086143468435
868,0.006225098390132189,0.004993056896357582
869,0.006225057877600193,0.004993027882077373
870,0.00622501689940691,0.004992998097665035
871,0.0062249754555523396,0.00499296892219438
872,0.006224934011697769,0.004992939424342834
873,0.006224892567843199,0.004992911126464605
874,0.00622485252097249,0.004992882434565287
875,0.0062248120084404945,0.004992854512798099
876,0.006224771495908499,0.004992826465660563
877,0.00622473144903779,0.004992798848364215
878,0.0062246923334896564,0.004992771213157819
879,0.006224651820957661,0.0049927436137715215
880,0.006224611774086952,0.00499271576364453
881,0.006224571727216244,0.004992688343358727
882,0.006224532146006823,0.004992661066353321
883,0.006224492099136114,0.004992634057998657
884,0.006224453449249268,0.004992607604855528
885,0.006224413402378559,0.004992581151712399
886,0.006224374286830425,0.0049925558269023895
887,0.006224336102604866,0.00499252940957936
888,0.006224297918379307,0.004992504711621082
889,0.006224260199815035,0.004992478813689489
890,0.006224220618605614,0.004992454276921658
891,0.006224183831363916,0.004992429381952836
892,0.006224145647138357,0.004992404630264411
893,0.006224107928574085,0.004992380111406629
894,0.006224070675671101,0.004992355288078005
895,0.006224032491445541,0.00499233128861166
896,0.006223996169865131,0.00499230669811368
897,0.0062239584513008595,0.004992282895657878
898,0.0062239207327365875,0.004992258126059404
899,0.006223883479833603,0.004992234323603602
900,0.006223846692591906,0.004992209912206118
901,0.006223808508366346,0.004992186647051802
902,0.006223772652447224,0.004992162772955803
903,0.006223734933882952,0.0049921400451029725
904,0.006223699077963829,0.004992116690398409
905,0.006223661825060844,0.00499209426701642
906,0.006223625969141722,0.0049920712884228965
907,0.006223590578883886,0.004992048739670561
908,0.006223554257303476,0.004992025975997631
909,0.006223517470061779,0.004992002997404108
910,0.006223481148481369,0.004991980000900535
911,0.006223444826900959,0.004991957326777852
912,0.006223408039659262,0.004991934867575765
913,0.006223371718078852,0.004991913303876152
914,0.006223337259143591,0.00499189175808659
915,0.0062233018688857555,0.004991870946609057
916,0.006223267409950495,0.004991849741110435
917,0.006223232019692659,0.004991828732622357
918,0.006223197560757399,0.004991807186832795
919,0.006223161704838276,0.004991786214164817
920,0.006223127245903015,0.004991765026576244
921,0.006223092321306467,0.004991744573299701
922,0.006223057396709919,0.004991723600631723
923,0.006223022937774658,0.004991703648836567
924,0.006222989410161972,0.004991683320930371
925,0.006222955882549286,0.004991663494505561
926,0.006222921889275312,0.004991643435250108
927,0.006222887896001339,0.004991623626735348
928,0.0062228539027273655,0.004991603639120093
929,0.006222819909453392,0.004991583615684738
930,0.0062227859161794186,0.004991563825080028
931,0.006222752388566732,0.004991544124025565
932,0.006222718395292759,0.004991524709531894
933,0.006222684867680073,0.004991505384588471
934,0.006222651340067387,0.004991486471576186
935,0.0062226178124547005,0.004991466304860436
936,0.00622258335351944,0.004991446729176319
937,0.006222548894584179,0.004991426347539975
938,0.006222514435648918,0.004991407900188978
939,0.006222481839358807,0.004991388861806347
940,0.006222447846084833,0.004991371954719608
941,0.006222417578101158,0.004991352916336977
942,0.006222384050488472,0.004991335991340188
943,0.006222352851182222,0.004991316558936467
944,0.006222319323569536,0.004991300618992402
945,0.006222288589924574,0.0049912822253715535
946,0.006222255527973175,0.004991268971934915
947,0.006222228053957224,0.00499125115143565
948,0.006222196388989687,0.0049912390800622795
949,0.006222168914973736,0.004991219576018361
950,0.006222135853022337,0.004991207271814346
951,0.00622210931032896,0.004991184794702209
952,0.006222072057425976,0.004991173600921264
953,0.006222046911716461,0.004991148688042393
954,0.00622200733050704,0.0049911413270120435
955,0.006221986375749111,0.004991113530615201
956,0.0062219430692493916,0.0049911110590283685
957,0.006221926771104336,0.004991078552288504
958,0.006221878807991743,0.004991081149245684
959,0.00622186902910471,0.00499104240980859
960,0.006221814081072807,0.004991048911156563
961,0.00622180849313736,0.004991007001640705
962,0.006221749819815159,0.004991012750766599
963,0.0062217433005571365,0.0049909763575459905
964,0.0062216902151703835,0.004990973635218465
965,0.006221674382686615,0.004990951104376178
966,0.006221636664122343,0.004990934609220578
967,0.006221605930477381,0.004990927176550031
968,0.006221584510058165,0.0049908992547828416
969,0.006221540737897158,0.004990899774174278
970,0.006221528630703688,0.004990868646508226
971,0.006221481133252382,0.004990866980873621
972,0.006221465766429901,0.004990842139634948
973,0.00622142618522048,0.004990830319002271
974,0.006221400108188391,0.004990817405856573
975,0.00622137263417244,0.004990796092897654
976,0.006221335846930742,0.004990791794485771
977,0.006221318151801825,0.004990766433855662
978,0.006221277639269829,0.004990762547374918
979,0.006221259944140911,0.004990739980712533
980,0.0062212212942540646,0.004990729915264707
981,0.006221196614205837,0.0049907146559025235
982,0.0062211668118834496,0.004990696960773606
983,0.006221134681254625,0.004990688292309642
984,0.00622111139819026,0.004990666656969831
985,0.00622107507660985,0.0049906604959128
986,0.006221054121851921,0.0049906403471070985
987,0.00622101966291666,0.004990631911473779
988,0.006220996845513582,0.004990616723751793
989,0.006220966577529907,0.00499060289719357
990,0.0062209381721913815,0.004990592312354308
991,0.006220913026481867,0.00499057463513544
992,0.006220879498869181,0.004990566092041822
993,0.006220857612788677,0.004990547250669736
994,0.0062208231538534164,0.004990538098634436
995,0.006220800336450338,0.004990521370648191
996,0.006220769137144089,0.004990510391787841
997,0.0062207430601119995,0.004990497639832588
998,0.006220715586096048,0.004990484099835157
999,0.00622068764641881,0.004990473909016985
1000,0.00622066343203187,0.004990458201903563
1001,0.006220632698386908,0.00499044840510648
1002,0.006220608949661255,0.004990432769633257
1003,0.006220578216016293,0.0049904223638944905
1004,0.006220553535968065,0.004990408071674979
1005,0.006220524664968252,0.004990396465962896
1006,0.006220498587936163,0.004990383964748337
1007,0.006220471579581499,0.0049903710695126885
1008,0.006220444571226835,0.004990360019012139
1009,0.006220418494194746,0.004990346496924758
1010,0.006220391020178795,0.004990336234466388
1011,0.00622036587446928,0.004990322712379007
1012,0.006220337934792042,0.0049903122529100915
1013,0.006220312789082527,0.0049902991248437995
1014,0.006220284849405289,0.004990287751962359
1015,0.006220259703695774,0.00499027596714978
1016,0.006220233626663685,0.004990263913686459
1017,0.006220207083970308,0.004990253131836653
1018,0.006220181472599506,0.004990239950040212
1019,0.006220153998583555,0.004990229812952189
1020,0.006220129318535328,0.004990216362505005
1021,0.006220100913196802,0.004990207156739556
1022,0.006220076698809862,0.004990193974943115
1023,0.006220049690455198,0.004990185163198755
1024,0.00622002687305212,0.004990172357513354
1025,0.006219998933374882,0.004990163402488599
1026,0.006219976115971804,0.004990150740083594
1027,0.0062199486419558525,0.004990141498498046
1028,0.006219925358891487,0.004990128549532249
1029,0.006219897884875536,0.004990119379586899
1030,0.006219874601811171,0.004990107093292933
1031,0.006219848059117794,0.004990098514379217
1032,0.006219824310392141,0.0049900875713389655
1033,0.006219799164682627,0.004990079135705645
1034,0.006219776347279549,0.004990067870284502
1035,0.006219750270247459,0.004990058163037667
1036,0.006219726055860519,0.004990046360315039
1037,0.006219699513167143,0.0049900365276978565
1038,0.006219675298780203,0.004990024850345575
1039,0.006219649221748114,0.004990015358019333
1040,0.006219625938683748,0.004990003931407745
1041,0.006219600327312946,0.004989995012203088
1042,0.006219576112926006,0.00498998396170254
1043,0.006219550967216492,0.004989975275328526
1044,0.006219528149813414,0.004989964547208869
1045,0.006219502538442612,0.004989955950385103
1046,0.006219480186700821,0.004989944846154406
1047,0.006219455040991306,0.004989935819489451
1048,0.006219431292265654,0.004989924607798457
1049,0.006219405680894852,0.00498991606470484
1050,0.006219383329153061,0.00498990505002439
1051,0.006219358183443546,0.004989897438253348
1052,0.006219336297363043,0.0049898860832819575
1053,0.006219310685992241,0.004989879062542548
1054,0.006219289731234312,0.00498986650759784
1055,0.006219262722879648,0.004989859970429769
1056,0.006219242233783007,0.004989845857310753
1057,0.006219213362783194,0.004989840967867237
1058,0.006219194736331701,0.004989825744325152
1059,0.006219164468348026,0.0049898239891403
1060,0.006219149101525545,0.004989807350704303
1061,0.006219118367880583,0.0049898089088786105
1062,0.0062191067263484,0.0049897889033533056
1063,0.006219071336090565,0.004989794079357615
1064,0.006219063885509968,0.004989768754547605
1065,0.006219022907316685,0.004989778551344688
1066,0.006219019647687674,0.0049897475490489835
1067,0.006218974012881517,0.004989762360659929
1068,0.006218975875526667,0.004989727901724668
1069,0.006218925584107637,0.004989745668493784
1070,0.006218930706381798,0.0049897123020715434
1071,0.006218881346285343,0.004989725985349371
1072,0.006218883208930492,0.004989700159057975
1073,0.006218841765075922,0.004989702630644808
1074,0.006218831520527601,0.004989689807049357
1075,0.006218803580850363,0.004989678613268412
1076,0.006218777969479561,0.00498967830879757
1077,0.006218764465302229,0.0049896578913411265
1078,0.006218729540705681,0.0049896646434297925
1079,0.0062187230214476585,0.004989641951397061
1080,0.006218685302883387,0.004989647843803351
1081,0.00621867785230279,0.004989629324812155
1082,0.006218645256012678,0.004989627533807204
1083,0.006218629889190197,0.004989617539999576
1084,0.00621860520914197,0.004989606238758335
1085,0.00621858099475503,0.004989604340293086
1086,0.006218564696609974,0.004989587504846545
1087,0.006218533497303724,0.00498958988688313
1088,0.006218522321432829,0.004989572549955203
1089,0.006218491122126579,0.004989574143949609
1090,0.006218479014933109,0.0049895598875501984
1091,0.0062184506095945835,0.004989556233900098
1092,0.0062184324488043785,0.004989546956494451
1093,0.0062184096314013,0.004989537607448606
1094,0.006218386348336935,0.004989533255306574
1095,0.006218367721885443,0.004989520592901569
1096,0.006218341179192066,0.004989518837716717
1097,0.006218326278030872,0.004989505638010227
1098,0.006218298338353634,0.004989504241026365
1099,0.006218283902853727,0.004989492832324826
1100,0.006218258291482925,0.004989489339865171
1101,0.006218241062015295,0.0049894806176710585
1102,0.006218218244612217,0.004989474080502987
1103,0.006218197289854288,0.0049894685104775885
1104,0.0062181781977415085,0.0049894595196327335
1105,0.00621815538033843,0.004989455901802733
1106,0.0062181381508708,0.0049894451915931245
1107,0.006218113005161285,0.00498944169913347
1108,0.006218095775693655,0.004989430487442475
1109,0.006218071095645428,0.004989426493501434
1110,0.006218053866177797,0.004989416839984747
1111,0.00621802918612957,0.004989411896811082
1112,0.006218011025339365,0.004989404034299346
1113,0.006217989604920149,0.004989397532951374
1114,0.006217969115823507,0.0049893915330847865
1115,0.006217950023710728,0.004989383563112754
1116,0.00621792720630765,0.004989378924409931
1117,0.006217909511178732,0.004989370202215819
1118,0.006217886693775654,0.00498936611872453
1119,0.006217868998646736,0.004989357217429922
1120,0.006217847112566233,0.00498935290110799
1121,0.006217828020453453,0.004989344161003828
1122,0.00621780613437295,0.004989339289470361
1123,0.00621778704226017,0.004989331301588278
1124,0.006217766087502241,0.004989325624102583
1125,0.006217746529728174,0.004989318836193819
1126,0.006217726040631533,0.004989312442306142
1127,0.0062177060171961784,0.004989306997651091
1128,0.006217686925083399,0.0049892999590016324
1129,0.006217666435986757,0.004989295356118908
1130,0.00621764874085784,0.004989287869718213
1131,0.006217626854777336,0.004989283517576181
1132,0.006217609159648418,0.004989275314773505
1133,0.006217587739229202,0.004989271338742513
1134,0.006217570509761572,0.004989262867289094
1135,0.006217547692358494,0.004989259088268647
1136,0.006217529997229576,0.004989250975016218
1137,0.00621750857681036,0.004989246676604335
1138,0.006217490881681442,0.004989239458854382
1139,0.006217469926923513,0.004989234694781212
1140,0.006217452231794596,0.004989228551634229
1141,0.006217431277036667,0.004989223518910317
1142,0.006217413116246462,0.004989217733964324
1143,0.0062173944897949696,0.004989211913198233
1144,0.006217374932020903,0.004989206576003478
1145,0.00621735630556941,0.004989199770184664
1146,0.0062173353508114815,0.004989195041931593
1147,0.006217317655682564,0.004989187842091689
1148,0.006217296700924635,0.004989184098891341
1149,0.0062172794714570045,0.004989176630400694
1150,0.006217258516699076,0.004989173943893268
1151,0.006217242684215307,0.004989165687360442
1152,0.006217221263796091,0.004989163735165046
1153,0.00621720589697361,0.004989154457759399
1154,0.006217183079570532,0.004989153383156428
1155,0.0062171695753932,0.004989142744587018
1156,0.006217144429683685,0.0049891429595076125
1157,0.006217131856828928,0.004989130744853845
1158,0.006217105779796839,0.004989133323900974
1159,0.006217096466571093,0.004989118655570424
1160,0.006217067129909992,0.004989124530066664
1161,0.006217061076313257,0.004989106154355865
1162,0.006217027548700571,0.00498911627353384
1163,0.006217025686055422,0.004989092972559424
1164,0.00621698796749115,0.004989108751313045
1165,0.006216992158442736,0.004989079719122786
1166,0.006216949317604303,0.004989101497742992
1167,0.0062169586308300495,0.004989067164178078
1168,0.006216909270733595,0.004989092345707691
1169,0.006216923240572214,0.004989057850952332
1170,0.006216872949153185,0.004989079647482588
1171,0.00621688412502408,0.004989053104789211
1172,0.006216843146830797,0.0049890628657661956
1173,0.006216840352863073,0.004989050883943072
1174,0.006216815207153559,0.004989044973626733
1175,0.006216795649379492,0.004989048161615546
1176,0.006216786801815033,0.004989029839634895
1177,0.006216754671186209,0.004989041982648464
1178,0.006216754671186209,0.00498901900405494
1179,0.006216716952621937,0.004989031057518262
1180,0.006216716952621937,0.004989012610167265
1181,0.006216684356331825,0.004989016801118851
1182,0.006216676440089941,0.004989008849056868
1183,0.0062166545540094376,0.0049890023297988455
1184,0.006216635461896658,0.004989004174533945
1185,0.006216625217348337,0.004988989559933543
1186,0.006216596812009811,0.0049889967776834965
1187,0.006216591689735651,0.004988979745226411
1188,0.006216560956090689,0.004988985977923641
1189,0.006216555368155241,0.004988972831947299
1190,0.0062165274284780025,0.004988973315518636
1191,0.006216516252607107,0.004988967261921901
1192,0.0062164971604943275,0.004988960796394027
1193,0.006216478534042835,0.004988961369515612
1194,0.006216465961188078,0.004988949548882933
1195,0.006216440815478563,0.004988953041342588
1196,0.0062164319679141045,0.004988939931186346
1197,0.006216405425220728,0.0049889427430641195
1198,0.0062163956463336945,0.0049889326776162935
1199,0.006216372828930616,0.004988931979124363
1200,0.0062163593247532845,0.004988926821030104
1201,0.006216341629624367,0.004988921537565498
1202,0.006216322537511587,0.004988920104761536
1203,0.006216308567672968,0.00498891154375787
1204,0.006216287147253752,0.004988912457170395
1205,0.006216275971382856,0.00498890273201351
1206,0.006216253153979778,0.004988903770796382
1207,0.006216241978108883,0.004988895532173606
1208,0.006216220557689667,0.0049888938665390015
1209,0.006216205656528473,0.004988888923365336
1210,0.006216189358383417,0.004988884302572562
1211,0.006216171197593212,0.004988883120509295
1212,0.00621615769341588,0.00498887631469048
1213,0.006216138135641813,0.004988877281833153
1214,0.006216126028448343,0.004988869562601814
1215,0.006216105539351702,0.004988870279003794
1216,0.006216093432158232,0.004988862577682504
1217,0.0062160734087228775,0.004988861682180028
1218,0.006216060370206833,0.00498885501964161
1219,0.006216039881110191,0.004988852189853787
1220,0.00621602451428771,0.004988846422817845
1221,0.006216006353497505,0.0049888406020517535
1222,0.006215987727046013,0.004988835229036899
1223,0.006215970031917095,0.004988827957556798
1224,0.006215950008481741,0.004988824268086598
1225,0.006215933244675398,0.004988817999569269
1226,0.006215915083885193,0.004988817157796943
1227,0.006215901579707861,0.004988811945972534
1228,0.006215883418917656,0.004988811892242386
1229,0.006215871311724186,0.004988807629650602
1230,0.006215854547917843,0.004988806089386344
1231,0.006215840112417936,0.004988802149175451
1232,0.0062158238142728806,0.0049887987283559945
1233,0.006215807516127825,0.004988795253806389
1234,0.006215792614966631,0.004988790668833714
1235,0.0062157753854990005,0.00498878791068609
1236,0.006215759553015232,0.004988783092882771
1237,0.006215742323547602,0.004988780836216533
1238,0.006215727888047695,0.004988776501984551
1239,0.006215710658580065,0.004988774603519302
1240,0.006215696223080158,0.004988770340927518
1241,0.006215679459273815,0.004988768030531132
1242,0.006215665489435196,0.004988764018680041
1243,0.00621564919129014,0.004988760490400286
1244,0.006215633358806372,0.004988756568099444
1245,0.006215616129338741,0.004988751857756422
1246,0.0062155998311936855,0.004988748168286223
1247,0.00621558353304863,0.004988743332572854
1248,0.006215566303580999,0.004988740484874982
1249,0.006215550936758518,0.004988735881992257
1250,0.006215533707290888,0.00498873358950592
1251,0.006215519271790981,0.004988729129903591
1252,0.006215502507984638,0.004988726819507205
1253,0.006215488538146019,0.004988722879296312
1254,0.006215471308678389,0.004988720443529578
1255,0.006215457338839769,0.004988716933159874
1256,0.006215440575033426,0.004988714551123289
1257,0.006215426605194807,0.004988711094483733
1258,0.006215410772711039,0.0049887089452777915
1259,0.006215396337211132,0.004988705363267889
1260,0.006215380504727364,0.004988703285702146
1261,0.006215366534888744,0.0049886994529515505
1262,0.006215350236743689,0.00498869690972452
1263,0.006215335335582495,0.004988692468032241
1264,0.006215318571776152,0.004988689817344913
1265,0.006215303670614958,0.004988685357742584
1266,0.006215286906808615,0.004988683369727089
1267,0.0062152729369699955,0.004988679053405156
1268,0.006215255707502365,0.004988677745971542
1269,0.006215242203325033,0.004988672892348125
1270,0.00621522543951869,0.0049886717998351045
1271,0.006215211935341358,0.004988666695470993
1272,0.006215195171535015,0.00498866571041827
1273,0.006215182598680258,0.004988660444863713
1274,0.006215164437890053,0.004988659925472278
1275,0.0062151518650352955,0.004988654427087078
1276,0.006215134169906378,0.004988654301716731
1277,0.006215122062712908,0.00498864846304059
1278,0.00621510436758399,0.004988648946611927
1279,0.006215091794729233,0.004988642176613212
1280,0.006215073633939028,0.004988643842247816
1281,0.006215063389390707,0.0049886357289953874
1282,0.0062150429002940655,0.0049886391139947455
1283,0.006215034984052181,0.004988629084367018
1284,0.0062150126323103905,0.004988635191693902
1285,0.006215007044374943,0.004988622117357759
1286,0.006214980501681566,0.004988632111165386
1287,0.006214980036020279,0.0049886145055867154
1288,0.006214948836714029,0.0049886292992876126
1289,0.006214953027665615,0.0049886062311438415
1290,0.006214917171746492,0.004988627024711325
1291,0.006214926950633526,0.004988597867150719
1292,0.0062148841097950935,0.004988625072515928
1293,0.006214901339262724,0.0049885906852208655
1294,0.006214852910488844,0.004988621293495481
1295,0.0062148733995854855,0.004988586619639626
1296,0.0062148249708116055,0.00498861289368226
1297,0.006214841268956661,0.0049885866017295765
1298,0.00621480168774724,0.004988600840218938
1299,0.006214804947376251,0.004988589932998786
1300,0.0062147811986505985,0.004988587998713438
1301,0.006214767694473267,0.004988592816516757
1302,0.006214761175215244,0.00498857766461487
1303,0.0062147327698767185,0.004988592064294677
1304,0.006214736960828304,0.004988571396097541
1305,0.006214703433215618,0.0049885866017295765
1306,0.006214707624167204,0.0049885694618121935
1307,0.006214677356183529,0.004988577521334474
1308,0.006214674096554518,0.004988570106573976
1309,0.006214654538780451,0.004988567706627341
1310,0.006214641034603119,0.004988570285674471
1311,0.006214631721377373,0.004988559736655309
1312,0.006214609369635582,0.004988568602129817
1313,0.006214606575667858,0.004988554811391693
1314,0.006214580498635769,0.004988563963426993
1315,0.006214578170329332,0.004988552483085256
1316,0.006214555352926254,0.00498855674567704
1317,0.006214547902345657,0.004988551766683276
1318,0.006214531138539314,0.00498854904435575
1319,0.00621451623737812,0.004988550871180801
1320,0.006214506458491087,0.00498854279374847
1321,0.006214486435055733,0.004988548256313572
1322,0.006214481312781572,0.004988538692347133
1323,0.006214459426701069,0.004988543993721788
1324,0.006214452907443047,0.004988536399860795
1325,0.00621443334966898,0.00498853840578634
1326,0.006214423570781946,0.00498853512824728
1327,0.00621440913528204,0.004988532782030793
1328,0.006214395631104708,0.00498853365962322
1329,0.006214383989572525,0.004988528000047574
1330,0.006214366294443607,0.004988531044755991
1331,0.006214358378201723,0.0049885242210271265
1332,0.006214339751750231,0.004988527212005395
1333,0.006214331369847059,0.004988521588249848
1334,0.006214314140379429,0.00498852260912267
1335,0.0062143029645085335,0.004988519528594155
1336,0.006214288529008627,0.0049885181674303915
1337,0.006214275490492582,0.00498851748684851
1338,0.0062142638489604,0.004988514119759202
1339,0.0062142484821379185,0.004988515068991826
1340,0.00621423777192831,0.004988510681029696
1341,0.006214222405105829,0.004988512436214548
1342,0.0062142121605575085,0.004988508334813209
1343,0.006214196793735027,0.004988509463146329
1344,0.0062141865491867065,0.004988506078146971
1345,0.006214171648025513,0.004988506006506773
1346,0.006214159540832043,0.004988503964761129
1347,0.006214146036654711,0.004988502496137069
1348,0.0062141334637999535,0.004988501815555187
1349,0.0062141213566064835,0.004988499505158801
1350,0.006214107386767864,0.00498849986335979
1351,0.0062140971422195435,0.00498849694402172
1352,0.006214081775397062,0.004988497606693552
1353,0.006214071065187454,0.004988494705265531
1354,0.006214057095348835,0.004988495081376571
1355,0.00621404591947794,0.004988492878440481
1356,0.006214032415300608,0.004988492376959095
1357,0.006214020308107138,0.004988491176985777
1358,0.006214008200913668,0.004988489833732064
1359,0.006213995162397623,0.004988489511351173
1360,0.00621398352086544,0.004988487308415083
1361,0.006213970482349396,0.004988487988996964
1362,0.0062139593064785,0.004988485302489538
1363,0.006213944870978594,0.004988486126351815
1364,0.00621393509209156,0.004988483583124785
1365,0.006213921122252941,0.004988484209976518
1366,0.006213909946382046,0.004988482401061516
1367,0.0062138973735272884,0.004988482490611764
1368,0.006213886197656393,0.0049884811652681
1369,0.006213873624801636,0.00498848043095607
1370,0.006213861517608166,0.004988479911564634
1371,0.006213849410414696,0.004988478460850624
1372,0.006213836837559938,0.00498847858622097
1373,0.00621382612735033,0.004988477314607455
1374,0.006213813088834286,0.004988477368337603
1375,0.006213802378624678,0.004988476508655227
1376,0.006213790271431208,0.004988476114634138
1377,0.006213779095560312,0.004988475434052257
1378,0.006213766988366842,0.004988474699740226
1379,0.006213755812495947,0.004988474037068395
1380,0.006213743705302477,0.0049884734997669095
1381,0.006213731598109007,0.004988472550534285
1382,0.006213719956576824,0.004988472568444335
1383,0.0062137083150446415,0.004988471852042354
1384,0.0062136962078511715,0.004988472066962948
1385,0.006213685497641563,0.004988470992359977
1386,0.006213674321770668,0.004988472084872997
1387,0.00621366361156106,0.004988470741619284
1388,0.006213650573045015,0.00498847165503181
1389,0.006213640794157982,0.0049884701684977
1390,0.0062136282213032246,0.004988470992359977
1391,0.006213618908077478,0.004988469559556017
1392,0.0062136054039001465,0.004988470132677601
1393,0.006213595159351826,0.0049884691655349275
1394,0.006213583517819643,0.004988469595376115
1395,0.006213572807610035,0.004988469183444977
1396,0.006213562097400427,0.004988469272995224
1397,0.0062135509215295315,0.004988469326725373
1398,0.006213539279997349,0.004988469093894729
1399,0.006213529035449028,0.004988469344635422
1400,0.006213517393916845,0.004988468753603788
1401,0.00621350621804595,0.004988469344635422
1402,0.006213495973497629,0.004988468843154036
1403,0.0062134843319654465,0.004988469667016313
1404,0.006213474087417126,0.004988469326725373
1405,0.006213463377207518,0.004988474807200523
1406,0.006213458254933357,0.0049884706878891355
1407,0.006213443353772163,0.004988479302622951
1408,0.006213442422449589,0.004988471547571512
1409,0.006213424261659384,0.00498848521293929
1410,0.006213427986949682,0.00498847860413102
1411,0.006213409826159477,0.004988522376292027
1412,0.006213442888110876,0.004988529289571138
1413,0.006213434971868992,0.004988540572902331
1414,0.006213434040546417,0.004988522716582968
1415,0.006213404703885317,0.004988464741752698
1416,0.006213334389030933,0.004988451273395465
1417,0.006213311105966568,0.004988406820652576
1418,0.006213253829628229,0.004988447279454424
1419,0.006213285960257053,0.004988438288609569
1420,0.00621326407417655,0.00498849364857261
1421,0.006213309708982706,0.004988494454524838
1422,0.006213299464434385,0.004988515821213906
1423,0.006213309708982706,0.0049885084780936055
1424,0.006213292013853788,0.0049884822936012195
1425,0.0062132542952895164,0.00498847564897285
1426,0.006213237997144461,0.004988443249693284
1427,0.0062131937593221664,0.004988465153683837
1428,0.006213205400854349,0.004988462323896014
1429,0.00621319143101573,0.004988494884366026
1430,0.006213213782757521,0.004988502979708405
1431,0.0062132119201123714,0.004988506830369051
1432,0.0062132044695317745,0.004988507528860982
1433,0.006213195156306028,0.0049884844607172105
1434,0.006213160697370768,0.004988487881536667
1435,0.006213154178112745,0.004988469935667057
1436,0.006213124841451645,0.004988485589050329
1437,0.006213131360709667,0.004988489923282311
1438,0.00621312391012907,0.0049885043408721685
1439,0.006213128566741943,0.004988515337642569
1440,0.006213129032403231,0.004988508800474497
1441,0.006213111337274313,0.004988512203383904
1442,0.006213105283677578,0.004988494508254986
1443,0.006213076412677765,0.0049884987887568195
1444,0.006213070824742317,0.004988493057540976
1445,0.006213054060935974,0.0049885014036240485
1446,0.006213052663952112,0.004988507815421774
1447,0.006213048473000526,0.004988508872114695
1448,0.006213038694113493,0.004988516304785242
1449,0.006213035900145769,0.004988508890024745
1450,0.006213018205016851,0.004988513242166776
1451,0.006213011685758829,0.00498850575576608
1452,0.006212993990629911,0.00498850795870217
1453,0.006212986074388027,0.004988507797511725
1454,0.006212975364178419,0.004988510233278458
1455,0.006212967447936535,0.004988518185340441
1456,0.006212965119630098,0.004988519349493659
1457,0.006212955806404352,0.004988525976211979
1458,0.006212952081114054,0.004988521588249848
1459,0.0062129381112754345,0.004988522143461383
1460,0.006212927866727114,0.0049885181674303915
1461,0.006212913431227207,0.004988517988329897
1462,0.006212902721017599,0.004988521265868957
1463,0.006212896201759577,0.0049885226270327205
1464,0.006212886888533831,0.004988529110470643
1465,0.006212884094566107,0.004988528447798812
1466,0.006212872918695211,0.004988532674570496
1467,0.006212867330759764,0.0049885309731157925
1468,0.006212855223566294,0.004988532602930298
1469,0.006212846376001835,0.004988533014861437
1470,0.006212837062776089,0.00498853399991416
1471,0.00621282821521163,0.0049885379759451514
1472,0.00621282123029232,0.00498853914009837
1473,0.006212812382727861,0.004988543725071045
1474,0.006212807260453701,0.004988543671340897
1475,0.00621279701590538,0.004988546375758373
1476,0.006212790030986071,0.004988545856366937
1477,0.006212778855115175,0.004988547324990997
1478,0.006212770007550716,0.00498854832795377
1479,0.006212761625647545,0.004988549868218028
1480,0.006212753243744373,0.004988552644275702
1481,0.006212746258825064,0.004988554506920851
1482,0.006212737876921892,0.004988557766549862
1483,0.0062127308920025826,0.004988559360544269
1484,0.006212722510099411,0.0049885614918401605
1485,0.006212715059518814,0.004988562118691893
1486,0.006212705280631781,0.004988563318665211
1487,0.006212696898728609,0.004988564697739024
1488,0.0062126885168254375,0.004988567061865559
1489,0.006212681531906128,0.004988569443902144
1490,0.006212673615664244,0.004988571933399026
1491,0.006212666165083647,0.004988574082604968
1492,0.0062126582488417625,0.004988575497498879
1493,0.006212649866938591,0.004988577575064623
1494,0.006212642882019281,0.004988578810858039
1495,0.0062126340344548225,0.004988581157074525
1496,0.006212626118212938,0.004988582571968436
1497,0.006212618201971054,0.004988584971915071
1498,0.00621261028572917,0.0049885870494808145
1499,0.006212602835148573,0.0049885890912264585
1500,0.006212595850229263,0.004988591473263044
1501,0.006212587933987379,0.004988592995617252
1502,0.0062125795520842075,0.004988595467204085
1503,0.006212572567164898,0.004988596828367848
1504,0.006212563719600439,0.004988599443235076
1505,0.0062125567346811295,0.004988601019319434
1506,0.006212548818439245,0.004988603652096712
1507,0.006212541833519936,0.0049886059804031485
1508,0.006212534382939339,0.004988608219159337
1509,0.006212527398020029,0.004988610780296417
1510,0.0062125204131007195,0.004988612428020973
1511,0.006212512031197548,0.004988615114528399
1512,0.006212505046278238,0.004988616511512261
1513,0.006212497130036354,0.004988619645770926
1514,0.0062124901451170444,0.004988621060664837
1515,0.006212483160197735,0.00498862424865365
1516,0.0062124766409397125,0.004988626003838503
1517,0.006212468259036541,0.004988628941086622
1518,0.006212462205439806,0.004988630911192069
1519,0.006212454289197922,0.004988633239498505
1520,0.006212447304278612,0.004988635764815486
1521,0.0062124403193593025,0.004988637699100833
1522,0.006212432868778706,0.004988640510978607
1523,0.006212426815181971,0.004988642427353905
1524,0.006212418898940086,0.004988645454152272
1525,0.006212412379682064,0.004988647334707471
1526,0.006212404929101467,0.004988650271955591
1527,0.006212398409843445,0.004988652474891681
1528,0.006212390959262848,0.004988654964388563
1529,0.006212384440004826,0.004988657435975396
1530,0.006212376989424229,0.004988659835922031
1531,0.006212370470166206,0.004988662468699308
1532,0.006212363950908184,0.0049886650477464385
1533,0.006212357431650162,0.004988667483513172
1534,0.006212350446730852,0.004988670152110549
1535,0.006212342996150255,0.004988672605787332
1536,0.00621233694255352,0.004988675149014363
1537,0.006212329491972923,0.004988677835521789
1538,0.006212323438376188,0.0049886802712885234
1539,0.006212316453456879,0.004988683136896445
1540,0.006212309934198856,0.004988685554753129
1541,0.006212302949279547,0.0049886884920012494
1542,0.006212297361344099,0.004988690802397637
1543,0.006212289910763502,0.004988693918746252
1544,0.006212284788489342,0.004988695978401945
1545,0.0062122768722474575,0.004988699327581204
1546,0.00621227128431201,0.004988701530517294
1547,0.006212263833731413,0.0049887046110458095
1548,0.0062122587114572525,0.004988706957262296
1549,0.006212251260876656,0.004988709876600366
1550,0.006212245672941208,0.004988712563107793
1551,0.006212238688021898,0.004988715321255418
1552,0.006212232634425163,0.004988718097313092
1553,0.006212226115167141,0.004988720819640618
1554,0.006212220061570406,0.004988723721068639
1555,0.006212213542312384,0.004988726586676561
1556,0.006212207488715649,0.004988729344824186
1557,0.006212201435118914,0.004988732282072306
1558,0.006212194915860891,0.0049887350760400295
1559,0.006212189327925444,0.00498873797746805
1560,0.006212182343006134,0.004988740753525725
1561,0.006212177220731974,0.0049887437445039935
1562,0.006212171167135239,0.004988746628021965
1563,0.006212164647877216,0.004988749421989689
1564,0.006212159059941769,0.0049887523413277585
1565,0.006212152540683746,0.0049887554039462255
1566,0.006212146952748299,0.004988758197913949
1567,0.006212140433490276,0.004988761153072119
1568,0.006212134379893541,0.004988764144050388
1569,0.006212128791958094,0.004988767117118606
1570,0.006212122738361359,0.004988770161827023
1571,0.006212116684764624,0.004988773081165094
1572,0.006212110631167889,0.004988776072143362
1573,0.006212105508893728,0.004988779242222126
1574,0.0062120999209582806,0.004988781928729553
1575,0.006212093401700258,0.004988785277908811
1576,0.0062120878137648106,0.00498878791068609
1577,0.006212082225829363,0.004988791600156289
1578,0.0062120771035552025,0.0049887938926426265
1579,0.006212070118635893,0.004988797922403767
1580,0.00621206546202302,0.004988799802958965
1581,0.006212058011442423,0.004988804370021591
1582,0.006212054751813412,0.004988805784915502
1583,0.006212047301232815,0.004988810710179118
1584,0.006212043575942516,0.004988811945972534
1585,0.006212035659700632,0.0049888170861567445
1586,0.006212032400071621,0.004988818071209467
1587,0.006212024483829737,0.004988823515864519
1588,0.006212021689862013,0.004988824375546896
1589,0.006212013307958841,0.0049888300172124915
1590,0.0062120105139911175,0.004988830429143631
1591,0.006212002132087946,0.004988836411100168
1592,0.006212000269442797,0.0049888367155710095
1593,0.006211991421878338,0.004988843181098883
1594,0.006211989559233189,0.0049888427691677445
1595,0.00621198071166873,0.004988849843637302
1596,0.0062119788490235806,0.004988848966044875
1597,0.006211969535797834,0.004988856541995819
1598,0.006211969535797834,0.004988855216652155
1599,0.006211957894265652,0.004988863562735228
1600,0.006211958825588226,0.0049888611806986425
1601,0.006211948115378618,0.004988870458104289
1602,0.006211949046701193,0.004988867305935576
1603,0.006211936939507723,0.004988877711674342
1604,0.006211939267814159,0.004988873431172509
1605,0.00621192529797554,0.004988885001064493
1606,0.006211929488927126,0.004988879126568253
1607,0.006211914587765932,0.004988892738205882
1608,0.00621192017570138,0.004988884857784097
1609,0.006211903411895037,0.00498890052907742
1610,0.006211911328136921,0.004988890320349198
1611,0.006211892236024141,0.00498890857068965
1612,0.006211902480572462,0.004988895496353507
1613,0.006211880594491959,0.004988916898862674
1614,0.0062118940986692905,0.004988900833548262
1615,0.006211868952959776,0.004988925191215598
1616,0.006211885716766119,0.004988906439393759
1617,0.0062118577770888805,0.004988932767166541
1618,0.00621187686920166,0.0049889130482020285
1619,0.0062118470668792725,0.004988939393884861
1620,0.006211867090314627,0.004988921000264012
1621,0.006211838684976101,0.004988944623619318
1622,0.006211855448782444,0.00498893024184956
1623,0.006211832165718079,0.004988948384729715
1624,0.006211842410266399,0.00498894088041897
1625,0.006211826112121344,0.004988951590628578
1626,0.0062118289060890675,0.00498895151898838
1627,0.006211820989847183,0.004988955100998282
1628,0.006211815867573023,0.0049889616739864535
1629,0.006211814936250448,0.004988959238219719
1630,0.006211803760379553,0.0049889709693021495
1631,0.006211807485669851,0.004988964897795365
1632,0.006211793050169945,0.004988978975094282
1633,0.00621179910376668,0.004988971596153883
1634,0.006211782805621624,0.004988986157024136
1635,0.006211789790540934,0.0049889793153852224
1636,0.00621177488937974,0.00498899226435102
1637,0.006211779545992613,0.004988987786838641
1638,0.0062117669731378555,0.004988997834376418
1639,0.006211769767105579,0.004988996938873942
1640,0.006211760453879833,0.0049890031536611226
1641,0.006211758591234684,0.004989005911808748
1642,0.006211753468960524,0.0049890087595066196
1643,0.006211747881025076,0.004989014454902365
1644,0.006211746018379927,0.004989014777283256
1645,0.006211737636476755,0.004989022872625635
1646,0.0062117381021380424,0.004989021529371922
1647,0.006211728323251009,0.0049890304843966775
1648,0.006211729720234871,0.004989028621751528
1649,0.0062117199413478374,0.004989037666326532
1650,0.006211721803992987,0.004989036376802967
1651,0.006211711559444666,0.004989044615425742
1652,0.006211711559444666,0.004989044436325247
1653,0.006211704108864069,0.004989051206323963
1654,0.006211702711880207,0.004989052657037973
1655,0.0062116957269608974,0.0049890577614020845
1656,0.006211693864315748,0.004989060967300947
1657,0.006211688742041588,0.0049890645851309486
1658,0.006211685016751289,0.004989069080553376
1659,0.006211680825799704,0.0049890715879603075
1660,0.0062116761691868305,0.004989076889334963
1661,0.006211672909557819,0.0049890789131705575
1662,0.006211667787283659,0.004989084501106005
1663,0.006211664527654648,0.0049890865249416
1664,0.0062116589397192,0.0049890920412368495
1665,0.006211656611412764,0.004989094029252346
1666,0.006211651023477316,0.004989099599277744
1667,0.006211648695170879,0.004989101712663586
1668,0.006211643107235432,0.004989107318509083
1669,0.00621164171025157,0.004989109413984876
1670,0.0062116351909935474,0.004989114948190176
1671,0.006211632862687111,0.004989117079486067
1672,0.006211627274751663,0.0049891225062310696
1673,0.006211625412106514,0.004989124906177704
1674,0.006211619824171066,0.004989130064271963
1675,0.00621161749586463,0.004989132732869341
1676,0.006211611907929182,0.004989137747683204
1677,0.006211609113961458,0.004989140577471027
1678,0.0062116049230098724,0.0049891454490044946
1679,0.006211601197719574,0.004989148439982763
1680,0.006211597938090563,0.004989153114505685
1681,0.006211594212800264,0.004989156427864845
1682,0.006211590487509966,0.0049891609232872725
1683,0.0062115867622196674,0.00498916432619668
1684,0.006211582105606794,0.0049891686962487605
1685,0.0062115793116390705,0.004989172206618465
1686,0.006211575120687485,0.004989176379660001
1687,0.006211572326719761,0.004989180069130201
1688,0.006211568135768175,0.004989184313811935
1689,0.006211564410477877,0.004989188236112778
1690,0.0062115611508488655,0.004989192337514116
1691,0.006211557891219854,0.004989196206084811
1692,0.006211553700268269,0.004989200146295703
1693,0.006211549509316683,0.00498920396113625
1694,0.006211546715348959,0.0049892082058179835
1695,0.006211543455719948,0.004989212056478629
1696,0.006211539730429649,0.004989216713091502
1697,0.006211536470800638,0.004989220098090859
1698,0.006211533211171627,0.00498922557856601
1699,0.0062115308828651905,0.004989228354623685
1700,0.006211526226252317,0.004989235214172647
1701,0.006211525294929743,0.004989236915627351
1702,0.006211519241333008,0.004989243864726562
1703,0.006211518310010433,0.004989243237874829
1704,0.006211510393768549,0.00498925088546597
1705,0.006211510859429836,0.00498924941684191
1706,0.00621150154620409,0.004989259374829439
1707,0.006211504340171814,0.00498925677787226
1708,0.0062114945612847805,0.004989268777605433
1709,0.006211499217897654,0.004989263816521718
1710,0.006211486179381609,0.004989278341571872
1711,0.006211493629962206,0.004989270496970186
1712,0.006211478263139725,0.00498928905178148
1713,0.006211490370333195,0.004989276980408109
1714,0.006211469881236553,0.004989300263472474
1715,0.006211486179381609,0.004989282550433507
1716,0.006211461033672094,0.004989311475163469
1717,0.006211482919752598,0.0049892877980780145
1718,0.006211451720446348,0.004989322686854463
1719,0.006211480125784874,0.0049892941024154425
1720,0.006211443338543177,0.0049893321433606055
1721,0.006211474537849426,0.004989302573868861
1722,0.006211436819285154,0.004989337910396548
1723,0.006211466155946255,0.004989314931803024
1724,0.006211434956640005,0.0049893402387029846
1725,0.006211453583091497,0.004989330800106892
1726,0.00621143588796258,0.004989341187935609
1727,0.006211439613252878,0.00498934665050071
1728,0.006211437750607729,0.004989342477459174
1729,0.006211426574736834,0.0049893597427469035
1730,0.006211436819285154,0.0049893469907916505
1731,0.0062114158645272255,0.004989369700734432
1732,0.006211432628333569,0.004989355892086258
1733,0.006211410742253065,0.004989376399092949
1734,0.006211425643414259,0.004989368053009877
1735,0.006211408879607916,0.004989380625864634
1736,0.006211414933204651,0.0049893817183776544
1737,0.006211408879607916,0.004989384763086071
1738,0.00621140468865633,0.004989394452422857
1739,0.006211406551301479,0.004989390243561222
1740,0.006211395375430584,0.004989405126812367
1741,0.006211402826011181,0.0049893979090624135
1742,0.006211388856172562,0.0049894130609643
1743,0.006211397238075733,0.004989407956600189
1744,0.006211385130882263,0.004989419096650986
1745,0.006211388856172562,0.0049894193832117776
1746,0.006211382336914539,0.004989424523395987
1747,0.00621138047426939,0.0049894307202731185
1748,0.0062113795429468155,0.004989430612812822
1749,0.006211372092366219,0.004989440964821439
1750,0.006211375817656517,0.004989438332044161
1751,0.006211365573108196,0.004989449848205998
1752,0.006211370695382357,0.0049894473587091155
1753,0.006211360916495323,0.004989457406246891
1754,0.006211364176124334,0.004989457531617238
1755,0.006211357191205025,0.004989464570266696
1756,0.006211357656866312,0.004989467973176103
1757,0.006211353465914726,0.004989471680556352
1758,0.006211350206285715,0.004989478163994276
1759,0.006211350206285715,0.004989479525158038
1760,0.006211344618350267,0.004989487638410468
1761,0.006211345549672842,0.004989487942881309
1762,0.00621133903041482,0.004989496432244778
1763,0.006211340427398682,0.00498949709491661
1764,0.006211334839463234,0.004989504402216811
1765,0.006211334839463234,0.0049895066051529
1766,0.006211330648511648,0.004989512300548645
1767,0.006211328785866499,0.004989516384039934
1768,0.006211325526237488,0.004989520091420183
1769,0.006211323197931051,0.004989525965916423
1770,0.006211322266608477,0.004989528365863057
1771,0.0062113176099956036,0.0049895352254120204
1772,0.006211318075656891,0.00498953705223707
1773,0.006211312487721443,0.00498954403715638
1774,0.006211313419044018,0.004989546150542223
1775,0.00621130783110857,0.004989552526519849
1776,0.00621130783110857,0.00498955578614886
1777,0.006211304571479559,0.004989560997973268
1778,0.006211302243173122,0.004989565188924854
1779,0.006211300380527973,0.004989569433606588
1780,0.006211298052221537,0.004989574520060649
1781,0.006211296189576387,0.004989578084160502
1782,0.006211292929947376,0.004989583546725603
1783,0.006211291998624802,0.004989587164555605
1784,0.0062112887389957905,0.004989592501750359
1785,0.0062112873420119286,0.004989596244950707
1786,0.00621128361672163,0.004989601385134917
1787,0.006211282219737768,0.004989605611906602
1788,0.006211279891431332,0.004989610089418979
1789,0.006211277097463608,0.004989614835582101
1790,0.006211276166141033,0.004989618775792993
1791,0.006211272906512022,0.004989624148807847
1792,0.00621127150952816,0.004989627730817749
1793,0.006211268249899149,0.004989633121742652
1794,0.006211267784237862,0.004989636775392752
1795,0.006211264058947563,0.004989642327508101
1796,0.0062112631276249886,0.004989645927428053
1797,0.006211260333657265,0.004989651282532857
1798,0.0062112584710121155,0.004989655276473898
1799,0.006211256142705679,0.004989660273377712
1800,0.00621125428006053,0.004989664661339843
1801,0.006211252883076668,0.004989669282132616
1802,0.006211250089108944,0.004989673974565589
1803,0.006211249157786369,0.00498967830879757
1804,0.0062112463638186455,0.004989683198241087
1805,0.0062112449668347836,0.004989687371282623
1806,0.006211241707205772,0.004989692654747229
1807,0.006211241241544485,0.004989696415857627
1808,0.006211238447576761,0.004989701967972975
1809,0.006211237516254187,0.004989705532072828
1810,0.0062112342566251755,0.004989711299108772
1811,0.006211233325302601,0.004989714773658376
1812,0.00621123006567359,0.004989720845165161
1813,0.006211229600012302,0.004989723854053479
1814,0.0062112268060445786,0.004989730122570808
1815,0.006211225874722004,0.00498973298817873
1816,0.006211222615092993,0.004989739596987
1817,0.00621122308075428,0.004989742014843684
1818,0.006211218889802694,0.004989748946032845
1819,0.006211219821125269,0.004989751471349826
1820,0.006211215164512396,0.00498975829507869
1821,0.006211215630173683,0.004989760784575572
1822,0.006211211439222097,0.004989767572484338
1823,0.006211212370544672,0.0049897701694415165
1824,0.006211207713931799,0.004989776867800034
1825,0.006211208179593086,0.004989779697587857
1826,0.006211205385625362,0.0049897862884860774
1827,0.006211204454302788,0.004989789172004049
1828,0.006211201194673777,0.004989795422611328
1829,0.006211202125996351,0.004989798825520735
1830,0.0062111979350447655,0.004989804753747124
1831,0.0062111979350447655,0.004989808246206779
1832,0.006211195141077042,0.004989814246073365
1833,0.006211194675415754,0.004989817702712921
1834,0.006211192347109318,0.004989823684669458
1835,0.006211191415786743,0.004989827159219063
1836,0.006211188621819019,0.004989833248635897
1837,0.006211188621819019,0.004989836490354859
1838,0.006211184896528721,0.00498984270514204
1839,0.006211184896528721,0.0049898458752208035
1840,0.00621118163689971,0.004989852466119023
1841,0.006211182102560997,0.004989855277996797
1842,0.006211178842931986,0.004989862155455809
1843,0.006211178842931986,0.004989864770323038
1844,0.006211176048964262,0.004989871952252893
1845,0.006211176514625549,0.004989874047728686
1846,0.0062111723236739635,0.0049898817490499755
1847,0.0062111737206578255,0.004989883199763985
1848,0.006211169064044952,0.0049898919398681475
1849,0.006211171858012676,0.004989892083148544
1850,0.006211165338754654,0.004989902363516963
1851,0.00621116952970624,0.0049899007337024575
1852,0.006211161147803068,0.0049899131632768195
1853,0.006211168132722378,0.0049899088290448375
1854,0.006211156956851482,0.004989924392877863
1855,0.006211166735738516,0.004989916387085731
1856,0.006211151834577322,0.0049899364821612835
1857,0.006211166735738516,0.004989923586925635
1858,0.006211146712303162,0.00498994910874619
1859,0.006211167201399803,0.004989929909173112
1860,0.006211140658706427,0.004989962469643125
1861,0.006211168132722378,0.004989935694119105
1862,0.006211134139448404,0.004989975830540061
1863,0.00621116952970624,0.0049899423387474735
1864,0.006211128085851669,0.004989987275061699
1865,0.006211168598383665,0.004989952440015399
1866,0.006211125757545233,0.004989994134610662
1867,0.006211163010448217,0.004989967663557484
1868,0.006211129482835531,0.004989996015165861
1869,0.006211152300238609,0.00498998686313056
1870,0.0062111373990774155,0.004989995853975415
1871,0.006211139727383852,0.004990006062703637
1872,0.0062111434526741505,0.004989997859900961
1873,0.006211129017174244,0.004990021286245722
1874,0.006211147643625736,0.004990004755270023
1875,0.0062111238949000835,0.004990031190503102
1876,0.0062111453153193,0.004990017131114235
1877,0.006211124360561371,0.00499003638441746
1878,0.006211137864738703,0.004990032981508053
1879,0.006211128085851669,0.004990039679866571
1880,0.006211129017174244,0.0049900488856320195
1881,0.006211132276803255,0.004990044712590484
1882,0.006211121566593647,0.004990062049518411
1883,0.006211134139448404,0.004990052987033358
1884,0.0062111178413033485,0.00499007164930495
1885,0.0062111313454806805,0.004990064771845937
1886,0.0062111178413033485,0.0049900784551237636
1887,0.006211125757545233,0.004990078473033814
1888,0.006211119703948498,0.004990084419170251
1889,0.006211119703948498,0.004990092227951839
1890,0.006211121566593647,0.00499009108170867
1891,0.00621111411601305,0.004990104209774962
1892,0.006211122032254934,0.004990100072553525
1893,0.006211111322045326,0.004990113917021797
1894,0.006211119703948498,0.0049901114633450145
1895,0.006211111322045326,0.004990121851173731
1896,0.006211115512996912,0.004990123875009326
1897,0.006211111322045326,0.004990129265934229
1898,0.006211111322045326,0.0049901360538429935
1899,0.006211112253367901,0.004990137594107252
1900,0.0062111071310937405,0.004990147247623939
1901,0.006211111322045326,0.004990147122253592
1902,0.006211105268448591,0.0049901571518813186
1903,0.006211109459400177,0.004990157922013448
1904,0.006211103871464729,0.004990165838255332
1905,0.006211106199771166,0.004990169330714987
1906,0.006211103871464729,0.00499017472163989
1907,0.006211103871464729,0.004990180434945684
1908,0.006211103405803442,0.004990183873675191
1909,0.006211100611835718,0.004990191145155292
1910,0.006211102474480867,0.0049901935988320755
1911,0.006211098749190569,0.004990201228513167
1912,0.006211100611835718,0.004990203771740198
1913,0.006211097817867994,0.004990211132770548
1914,0.006211099214851856,0.0049902143744895095
1915,0.006211096420884132,0.004990220625096789
1916,0.006211097352206707,0.0049902250130589194
1917,0.006211095489561558,0.004990230206973278
1918,0.006211094558238983,0.004990235812818775
1919,0.006211094558238983,0.004990239967950261
1920,0.0062110936269164085,0.004990246093187194
1921,0.0062110936269164085,0.004990250105038285
1922,0.006211091764271259,0.004990256337735515
1923,0.006211092229932547,0.004990260331676557
1924,0.006211090832948685,0.004990266277812994
1925,0.006211090832948685,0.004990270880695719
1926,0.006211089435964823,0.004990276235800523
1927,0.0062110889703035355,0.0049902812864344856
1928,0.0062110889703035355,0.004990286140057903
1929,0.006211087107658386,0.004990291548892856
1930,0.0062110875733196735,0.004990296223415778
1931,0.006211086641997099,0.004990301882991424
1932,0.006211086176335812,0.004990306557514346
1933,0.006211085245013237,0.0049903120558995465
1934,0.006211085245013237,0.004990316873702865
1935,0.006211083848029375,0.004990322354178016
1936,0.006211083848029375,0.004990327046610988
1937,0.0062110829167068005,0.0049903326345464355
1938,0.0062110829167068005,0.004990337326979408
1939,0.006211081985384226,0.004990343004465103
1940,0.006211081985384226,0.004990347499887531
1941,0.0062110815197229385,0.004990353374383771
1942,0.0062110815197229385,0.004990357798166
1943,0.006211080122739077,0.004990363744302438
1944,0.006211080122739077,0.004990368203904767
1945,0.006211078725755215,0.0049903739351206105
1946,0.006211078725755215,0.004990378502183235
1947,0.006211078260093927,0.004990384233399079
1948,0.006211078260093927,0.004990388890011952
1949,0.00621107779443264,0.0049903946391378455
1950,0.006211077328771353,0.004990399367390917
1951,0.006211075931787491,0.004990404883686166
1952,0.0062110768631100655,0.004990409719399535
1953,0.006211075000464916,0.004990415289424933
1954,0.006211075931787491,0.0049904201609584
1955,0.006211074534803629,0.004990425641433551
1956,0.006211074069142342,0.004990430512967018
1957,0.006211074534803629,0.004990436100902466
1958,0.006211074069142342,0.004990441026166081
1959,0.006211073603481054,0.004990446435001034
1960,0.006211073603481054,0.004990451503545046
1961,0.006211073137819767,0.004990456715369454
1962,0.00621107267215848,0.004990462070474258
1963,0.00621107267215848,0.004990466977827824
1964,0.006211071740835905,0.00499047261949342
1965,0.006211071740835905,0.004990477365656541
1966,0.0062110708095133305,0.004990483383433177
1967,0.006211071740835905,0.0049904876102048615
1968,0.006211070343852043,0.004990493986182488
1969,0.006211071740835905,0.004990498087583826
1970,0.006211069878190756,0.0049905045531117
1971,0.006211071740835905,0.004990508547052741
1972,0.0062110694125294685,0.0049905148872102685
1973,0.006211070343852043,0.004990519310992498
1974,0.0062110694125294685,0.004990525203398787
1975,0.006211069878190756,0.004990530128662403
1976,0.0062110694125294685,0.00499053537630691
1977,0.0062110694125294685,0.004990541125432803
1978,0.006211068946868181,0.0049905456566753294
1979,0.006211068481206894,0.004990551978922808
1980,0.0062110694125294685,0.00499055593704375
1981,0.006211068015545607,0.004990562635402267
1982,0.006211068946868181,0.0049905663069624165
1983,0.006211067549884319,0.004990573363521924
1984,0.0062110694125294685,0.004990576605240886
1985,0.006211066618561745,0.004990584288652127
1986,0.0062110694125294685,0.004990586921429405
1987,0.006211066152900457,0.004990595410792873
1988,0.0062110694125294685,0.004990597201797824
1989,0.00621106568723917,0.004990606318013026
1990,0.0062110694125294685,0.004990607482166245
1991,0.006211065221577883,0.004990617117772882
1992,0.006211069878190756,0.004990617816264813
1993,0.0062110647559165955,0.00499062820409353
1994,0.006211070343852043,0.004990627881712639
1995,0.006211064290255308,0.004990639469514673
1996,0.006211070343852043,0.004990637821790118
1997,0.0062110633589327335,0.0049906509319463605
1998,0.006211071740835905,0.004990647672317349
1999,0.006211062893271446,0.00499066268093884
2000,0.00621107267215848,0.0049906573079239866
2001,0.006211061961948872,0.0049906746985820625
2002,0.006211074534803629,0.004990666424139188
2003,0.006211060099303722,0.004990687128156424
2004,0.006211076397448778,0.00499067516424335
2005,0.0062110587023198605,0.0049906999338418245
2006,0.006211078260093927,0.004990683796887214
2007,0.006211055908352137,0.004990712793257374
2008,0.006211081054061651,0.004990692322070782
2009,0.0062110535800457,0.0049907255452126265
2010,0.0062110829167068005,0.004990701509926181
2011,0.0062110526487231255,0.0049907372046548585
2012,0.006211083848029375,0.004990712023125245
2013,0.0062110526487231255,0.004990747252192635
2014,0.0062110829167068005,0.004990724828810646
2015,0.006211054977029562,0.004990754720683281
2016,0.006211080588400364,0.00499074010608288
2017,0.006211059633642435,0.004990760236978531
2018,0.006211075000464916,0.004990756404227936
2019,0.00621106568723917,0.004990765484623038
2020,0.0062110694125294685,0.004990772290441852
2021,0.006211071740835905,0.004990772039701159
2022,0.00621106568723917,0.004990786779671907
2023,0.006211075931787491,0.0049907802245937865
2024,0.006211064290255308,0.004990799101785972
2025,0.006211077328771353,0.004990790755702899
2026,0.0062110633589327335,0.004990809328424243
2027,0.00621107779443264,0.00499080282707627
2028,0.006211065221577883,0.004990818211808801
2029,0.006211075931787491,0.004990816241703355
2030,0.006211068481206894,0.004990826342971279
2031,0.006211073603481054,0.004990829835430934
2032,0.006211071740835905,0.004990834617414153
2033,0.006211071740835905,0.004990842999317325
2034,0.006211074534803629,0.004990843608259008
2035,0.006211069878190756,0.004990855428891687
2036,0.0062110768631100655,0.004990853512516389
2037,0.0062110694125294685,0.00499086665849273
2038,0.006211078260093927,0.00499086445555664
2039,0.006211070343852043,0.0049908770821415465
2040,0.00621107779443264,0.0049908763836496155
2041,0.006211072206497192,0.004990886753568282
2042,0.006211077328771353,0.004990888562483283
2043,0.006211074069142342,0.00499089638917492
2044,0.0062110768631100655,0.0049909007950471
2045,0.0062110768631100655,0.0049909062038820525
2046,0.0062110768631100655,0.004990912633589827
2047,0.00621107779443264,0.004990916520070571
2048,0.0062110768631100655,0.004990924149751663
2049,0.006211080122739077,0.004990927319830427
2050,0.006211077328771353,0.00499093527189241
2051,0.006211080122739077,0.0049909381912304806
2052,0.006211078260093927,0.004990946035832167
2053,0.006211080588400364,0.004990949635752118
2054,0.006211079191416502,0.004990956656491527
2055,0.006211081985384226,0.004990960829533064
2056,0.006211080588400364,0.004990967384611185
2057,0.006211081985384226,0.004990972059134107
2058,0.0062110815197229385,0.004990978273921288
2059,0.006211082451045513,0.004990983467835646
2060,0.0062110829167068005,0.004990988912490698
2061,0.006211083382368088,0.004990994876537185
2062,0.006211083848029375,0.0049909996764304545
2063,0.006211083848029375,0.004991006213598526
2064,0.006211085245013237,0.004991010368730013
2065,0.006211083848029375,0.0049910175864799665
2066,0.006211087107658386,0.0049910211505798194
2067,0.006211085245013237,0.004991028780260911
2068,0.006211088038980961,0.004991032183170319
2069,0.006211087107658386,0.004991039991951906
2070,0.0062110889703035355,0.004991043090390472
2071,0.0062110875733196735,0.004991051149912751
2072,0.006211090832948685,0.00499105414089102
2073,0.006211088038980961,0.004991062486974092
2074,0.006211092229932547,0.004991065083931272
2075,0.00621108990162611,0.00499107360911484
2076,0.0062110936269164085,0.004991076188161969
2077,0.006211090832948685,0.004991084802895784
2078,0.006211094558238983,0.004991087256572568
2079,0.006211092229932547,0.0049910959608566305
2080,0.006211095955222845,0.004991098181702769
2081,0.006211093161255121,0.004991107262097872
2082,0.006211097817867994,0.004991109071012873
2083,0.006211094558238983,0.004991118814079807
2084,0.006211099214851856,0.004991119942412927
2085,0.006211095489561558,0.004991130258601446
2086,0.006211100611835718,0.004991130742172782
2087,0.006211095955222845,0.0049911419717738265
2088,0.006211102940142155,0.0049911415240225885
2089,0.006211097352206707,0.0049911534342055135
2090,0.006211103871464729,0.004991152341692493
2091,0.006211097817867994,0.004991165022007548
2092,0.006211106199771166,0.004991163195182498
2093,0.006211099214851856,0.004991176806820126
2094,0.006211108062416315,0.0049911737621117095
2095,0.0062110996805131435,0.004991188627452805
2096,0.006211110390722752,0.004991184275310773
2097,0.006211100611835718,0.004991200573455829
2098,0.006211112253367901,0.004991194895970134
2099,0.0062111010774970055,0.0049912125731890016
2100,0.00621111411601305,0.004991205086788306
2101,0.00621110200881958,0.004991224949033215
2102,0.006211116909980774,0.004991215062685884
2103,0.00621110200881958,0.004991237539798021
2104,0.006211120635271072,0.004991225020673413
2105,0.006211102940142155,0.0049912502380231255
2106,0.006211123429238796,0.004991234799560446
2107,0.006211102940142155,0.004991262882518081
2108,0.00621112622320652,0.0049912448829183215
2109,0.006211102940142155,0.004991275168812046
2110,0.006211129482835531,0.004991255360297286
2111,0.006211103871464729,0.004991286649153783
2112,0.006211130879819393,0.004991267127199815
2113,0.006211106199771166,0.004991296857882004
2114,0.006211132276803255,0.0049912803089962555
2115,0.006211109459400177,0.0049913057949967105
2116,0.006211130879819393,0.00499129445793537
2117,0.00621111411601305,0.004991313854518991
2118,0.006211129482835531,0.0049913093053664155
2119,0.006211119703948498,0.004991321717030727
2120,0.006211128085851669,0.00499132417070751
2121,0.006211124826222658,0.004991329919833403
2122,0.006211125757545233,0.004991338194276278
2123,0.0062111299484968185,0.004991339000228506
2124,0.006211125757545233,0.0049913513581626694
2125,0.00621113320812583,0.0049913488686657865
2126,0.006211125757545233,0.004991363698186783
2127,0.006211136933416128,0.004991359740065841
2128,0.006211127620190382,0.004991375088978272
2129,0.00621113833039999,0.004991371417418122
2130,0.0062111299484968185,0.004991385924558227
2131,0.006211139727383852,0.004991383775352285
2132,0.006211132276803255,0.004991396169106548
2133,0.006211140658706427,0.004991396401937191
2134,0.006211135536432266,0.0049914064136548685
2135,0.006211141590029001,0.004991408974791949
2136,0.006211139261722565,0.00499141662238309
2137,0.006211141590029001,0.004991421476006508
2138,0.006211142521351576,0.004991427046031906
2139,0.006211142521351576,0.004991433529469829
2140,0.0062111453153193,0.004991437863701811
2141,0.006211144849658012,0.00499144561875325
2142,0.006211147177964449,0.0049914490395727065
2143,0.006211146246641874,0.004991457314015581
2144,0.006211149971932173,0.004991460161713453
2145,0.006211147643625736,0.0049914689197276645
2146,0.006211151834577322,0.004991471570414992
2147,0.006211149971932173,0.004991480364249303
2148,0.0062111541628837585,0.004991483086576829
2149,0.006211152300238609,0.004991491719220693
2150,0.006211156025528908,0.0049914947997492095
2151,0.006211155094206333,0.004991503127922232
2152,0.006211158353835344,0.004991506351731145
2153,0.006211156956851482,0.004991514339613227
2154,0.006211160682141781,0.0049915179932633275
2155,0.006211159285157919,0.004991525730404716
2156,0.00621116254478693,0.004991529813896005
2157,0.006211161147803068,0.004991536816725364
2158,0.006211164407432079,0.0049915417598990295
2159,0.006211164873093367,0.004991548082146507
2160,0.006211166735738516,0.004991553401431212
2161,0.0062111676670610905,0.004991559401297798
2162,0.006211168598383665,0.004991565007143295
2163,0.00621116952970624,0.0049915708816395355
2164,0.006211170926690102,0.004991576827775974
2165,0.006211172789335251,0.0049915822187008765
2166,0.006211173254996538,0.004991588630498602
2167,0.006211175583302975,0.004991593484122019
2168,0.006211175117641687,0.004991600325760933
2169,0.006211177445948124,0.004991604803273311
2170,0.006211177911609411,0.004991612325494106
2171,0.006211180239915848,0.004991616050784404
2172,0.0062111797742545605,0.0049916240923966355
2173,0.006211183033883572,0.0049916272087452505
2174,0.00621118163689971,0.0049916360025795605
2175,0.0062111858278512955,0.004991638474166393
2176,0.006211183965206146,0.004991648056042882
2177,0.006211189553141594,0.0049916495783970906
2178,0.0062111858278512955,0.0049916602527866
2179,0.006211191415786743,0.004991660682627788
2180,0.006211188156157732,0.004991672485350416
2181,0.006211195606738329,0.004991671536117792
2182,0.006211189553141594,0.0049916851298453715
2183,0.00621119886636734,0.0049916818164862115
2184,0.0062111904844641685,0.0049916982579116635
2185,0.0062112025916576385,0.004991691702833543
2186,0.006211191415786743,0.004991711887459342
2187,0.006211207248270512,0.004991701087699487
2188,0.006211192347109318,0.004991726215498952
2189,0.006211213301867247,0.0049917096666132026
2190,0.006211191415786743,0.004991741098750096
2191,0.006211218889802694,0.0049917178156857304
2192,0.0062111904844641685,0.00499175635811228
2193,0.006211225409060717,0.004991726143858754
2194,0.006211190018802881,0.004991770542871494
2195,0.006211231462657452,0.004991736406317124
2196,0.0062111904844641685,0.004991782130673528
2197,0.006211233325302601,0.004991750286605496
2198,0.006211195606738329,0.004991789276783283
2199,0.006211232393980026,0.004991768429485651
2200,0.00621120585128665,0.004991793002073581
2201,0.006211225874722004,0.004991788757391847
2202,0.006211217027157545,0.004991796243792543
2203,0.0062112207524478436,0.004991808225615666
2204,0.0062112282030284405,0.004991801348156654
2205,0.0062112160958349705,0.004991824864051663
2206,0.006211235653609037,0.00499181030318141
2207,0.006211216561496258,0.004991837204075777
2208,0.0062112389132380486,0.004991823287967306
2209,0.006211220286786556,0.004991845997910087
2210,0.006211239844560623,0.004991839317461619
2211,0.0062112282030284405,0.004991852696268604
2212,0.006211236584931612,0.00499185617081821
2213,0.006211236119270325,0.004991859609547716
2214,0.006211234722286463,0.004991871788381384
2215,0.006211242638528347,0.004991868510842323
2216,0.006211234722286463,0.004991885453749161
2217,0.006211247760802507,0.004991879812083566
2218,0.006211237050592899,0.004991896396789413
2219,0.006211250089108944,0.004991893083430254
2220,0.006211242638528347,0.004991905996575952
2221,0.0062112510204315186,0.0049919073935598135
2222,0.006211247760802507,0.004991915130701203
2223,0.0062112510204315186,0.004991921685779324
2224,0.006211253348737955,0.004991924605117395
2225,0.006211251951754093,0.004991935297416953
2226,0.006211258936673403,0.004991935279506903
2227,0.00621125428006053,0.00499194751207072
2228,0.006211262196302414,0.004991947279240076
2229,0.0062112570740282536,0.004991958544661219
2230,0.006211264058947563,0.004991960210295824
2231,0.006211260799318552,0.004991969147410531
2232,0.006211265921592712,0.004991973499552562
2233,0.006211265921592712,0.0049919795889693955
2234,0.006211267784237862,0.00499198639478821
2235,0.006211270112544298,0.004991990334999103
2236,0.006211270112544298,0.004991998967642968
2237,0.006211274303495884,0.004992001707880543
2238,0.006211272440850735,0.00499201098528619
2239,0.006211277097463608,0.004992013653883567
2240,0.006211276166141033,0.004992022393987729
2241,0.006211280357092619,0.004992026083457928
2242,0.006211279425770044,0.004992033677318921
2243,0.006211282219737768,0.004992038710042834
2244,0.00621128361672163,0.004992044781549619
2245,0.006211285479366779,0.004992051175437295
2246,0.006211287807673216,0.004992056172341108
2247,0.0062112887389957905,0.00499206342591116
2248,0.00621129060164094,0.004992067724323044
2249,0.00621129060164094,0.00499207555101468
2250,0.0062112947925925255,0.004992079168844681
2251,0.006211294326931238,0.0049920877298483485
2252,0.006211298517882824,0.004992091025297458
2253,0.006211297120898962,0.004992099550481026
2254,0.006211302243173122,0.004992103132490928
2255,0.006211300380527973,0.004992111227833307
2256,0.006211304571479559,0.004992115257594448
2257,0.006211304571479559,0.004992122797725292
2258,0.00621130783110857,0.004992127561798463
2259,0.006211308296769857,0.004992134170606732
2260,0.006211311090737581,0.004992139919732626
2261,0.006211312022060156,0.004992145812138915
2262,0.006211313884705305,0.004992152134386392
2263,0.006211315747350454,0.0049921575074012466
2264,0.006211316678673029,0.004992164205759764
2265,0.00621131993830204,0.004992169274303775
2266,0.00621131993830204,0.004992176133852739
2267,0.0062113236635923386,0.004992181184486701
2268,0.006211324129253626,0.00499218818731606
2269,0.006211326457560062,0.004992193148399775
2270,0.006211327854543924,0.004992200061678886
2271,0.0062113297171890736,0.004992205148132948
2272,0.0062113311141729355,0.004992211936041713
2273,0.006211333442479372,0.004992217219506319
2274,0.006211334839463234,0.004992223738764341
2275,0.0062113371677696705,0.004992229165509343
2276,0.006211338099092245,0.004992235720587464
2277,0.006211340893059969,0.004992241183152566
2278,0.0062113418243825436,0.0049922476665904885
2279,0.006211343687027693,0.004992253308256085
2280,0.006211345549672842,0.004992259558863365
2281,0.0062113478779792786,0.0049922652542591095
2282,0.006211348809301853,0.004992271540686488
2283,0.00621135113760829,0.004992277200262134
2284,0.006211352534592152,0.004992283683700057
2285,0.006211354862898588,0.004992289002984762
2286,0.006211356725543737,0.004992295880443775
2287,0.006211358588188887,0.004992300734067192
2288,0.006211359519511461,0.00499230813091764
2289,0.00621136324480176,0.004992312393509424
2290,0.006211362779140472,0.004992320488851804
2291,0.006211366970092058,0.0049923240708617065
2292,0.0062113660387694836,0.004992332810965868
2293,0.006211371161043644,0.004992336070594879
2294,0.006211370229721069,0.004992344774878942
2295,0.00621137535199523,0.004992347998687854
2296,0.006211373955011368,0.004992356864162362
2297,0.006211378611624241,0.004992360213341622
2298,0.006211377214640379,0.004992368792255337
2299,0.006211381405591965,0.004992372230984843
2300,0.006211380939930677,0.004992380827808609
2301,0.006211386527866125,0.004992384302358215
2302,0.006211385130882263,0.0049923928275417825
2303,0.006211389787495136,0.004992396355821536
2304,0.006211389321833849,0.004992404970555351
2305,0.006211393512785435,0.004992408158544164
2306,0.00621139258146286,0.004992417238939267
2307,0.006211398169398308,0.004992419979176843
2308,0.006211396306753159,0.004992429740153826
2309,0.006211401894688606,0.004992431513248728
2310,0.00621139956638217,0.004992442420468881
2311,0.006211406551301479,0.004992442742849772
2312,0.006211402360349894,0.004992455351524628
2313,0.00621141167357564,0.00499245382917042
2314,0.006211405619978905,0.004992468784061762
2315,0.006211417261511087,0.0049924644498297805
2316,0.006211407482624054,0.004992482359879292
2317,0.006211422383785248,0.004992474801838398
2318,0.0062114098109304905,0.004992496508818407
2319,0.0062114279717206955,0.004992484741915877
2320,0.00621141167357564,0.004992511266699204
2321,0.006211434956640005,0.004992493786490881
2322,0.006211412604898214,0.0049925267051618835
2323,0.006211441941559315,0.004992502275854349
2324,0.006211413070559502,0.004992542412275305
2325,0.006211450323462486,0.004992510908498214
2326,0.006211413536220789,0.004992557402986746
2327,0.006211456842720509,0.0049925214216972776
2328,0.0062114158645272255,0.0049925695280902665
2329,0.006211461033672094,0.004992535588546441
2330,0.006211422383785248,0.004992577336871853
2331,0.006211461033672094,0.004992554197087884
2332,0.006211432628333569,0.004992581097982251
2333,0.006211456842720509,0.004992575778697546
2334,0.0062114461325109005,0.004992583820309777
2335,0.006211450323462486,0.004992596411074583
2336,0.00621146010234952,0.004992588888853788
2337,0.006211447529494762,0.004992613568902016
2338,0.006211468949913979,0.004992598273719733
2339,0.006211448926478624,0.004992626374587417
2340,0.006211473606526852,0.00499261193908751
2341,0.006211454514414072,0.004992635240061925
2342,0.006211474537849426,0.004992628864084299
2343,0.006211462896317244,0.004992641813050096
2344,0.006211473140865564,0.004992646541303167
2345,0.006211473606526852,0.004992648905429702
2346,0.00621147220954299,0.004992662821538174
2347,0.006211481988430023,0.004992658308205696
2348,0.00621147220954299,0.004992676683916495
2349,0.006211487576365471,0.004992670164658473
2350,0.006211477797478437,0.0049926879851577375
2351,0.006211491301655769,0.00499268420613729
2352,0.006211482919752598,0.00499269740584378
2353,0.006211492698639631,0.0049926993938592765
2354,0.006211490370333195,0.004992706504148932
2355,0.006211493629962206,0.004992714474120965
2356,0.006211497355252504,0.004992716193485718
2357,0.006211495492607355,0.0049927286409701295
2358,0.006211503874510527,0.004992727261896317
2359,0.006211498752236366,0.004992741267555035
2360,0.006211508065462112,0.004992739691470678
2361,0.006211502477526665,0.004992752532976178
2362,0.006211512256413698,0.004992753338928406
2363,0.006211508996784687,0.004992763153635538
2364,0.006211514584720135,0.004992767272946926
2365,0.006211515050381422,0.004992773666834602
2366,0.006211517844349146,0.00499278106368505
2367,0.006211521103978157,0.004992784663605003
2368,0.00621152063831687,0.004992794317121689
2369,0.006211526691913605,0.004992796143946739
2370,0.0062115248292684555,0.004992806961616645
2371,0.0062115308828651905,0.004992808251140209
2372,0.006211528088897467,0.004992818818069422
2373,0.006211535073816776,0.004992821128465808
2374,0.006211533676832914,0.004992830477511654
2375,0.006211538799107075,0.004992834166981853
2376,0.006211538799107075,0.004992841922033291
2377,0.0062115429900586605,0.004992847169677799
2378,0.006211543455719948,0.004992853527745375
2379,0.006211546715348959,0.0049928601007335465
2380,0.006211549509316683,0.004992865223007707
2381,0.006211550906300545,0.0049928729064189475
2382,0.006211554165929556,0.004992876900359988
2383,0.0062115550972521305,0.004992885425543556
2384,0.006211559288203716,0.004992889061283607
2385,0.006211559288203716,0.004992897658107372
2386,0.006211563479155302,0.004992901544588117
2387,0.006211563479155302,0.004992909711570694
2388,0.006211568601429462,0.004992913992072527
2389,0.006211568601429462,0.004992921729213917
2390,0.006211572792381048,0.004992926511197136
2391,0.006211572792381048,0.004992933925957634
2392,0.006211576983332634,0.004992938940771497
2393,0.006211577914655209,0.004992946051061153
2394,0.00621158117428422,0.004992951388255908
2395,0.006211582105606794,0.00499295826571492
2396,0.006211585830897093,0.004992963692459922
2397,0.006211587693542242,0.004992970444548588
2398,0.006211589556187391,0.0049929760683041354
2399,0.0062115914188325405,0.00499298249801191
2400,0.006211594678461552,0.004992988605338793
2401,0.006211596541106701,0.004992994766395826
2402,0.006211599335074425,0.004993001017003105
2403,0.006211601197719574,0.004993006945229494
2404,0.0062116035260260105,0.004993013339117169
2405,0.006211605854332447,0.004993019338983756
2406,0.006211608182638884,0.004993025607501085
2407,0.006211611442267895,0.004993031911838513
2408,0.006211613304913044,0.004993037857974951
2409,0.0062116156332194805,0.004993044019031983
2410,0.00621161749586463,0.004993050287549312
2411,0.006211620289832354,0.0049930562157757
2412,0.00621162261813879,0.004993062806673921
2413,0.006211625412106514,0.00499306835878927
2414,0.006211626809090376,0.004993075379528678
2415,0.006211630068719387,0.004993080519712889
2416,0.006211631465703249,0.004993087952383435
2417,0.0062116351909935474,0.004993092483625962
