Filename,Accuracy,Class Distribution
Defect_L7_B440_el6189_H2_W2.npy,0.7604360923827285,"10601,0,41,0,0,5,5,1,61,1260,1944,2,0,0,15,7,0,0,0"
NoiseDefectFree_000553.npy,0.7853966432362646,"10950,1,4,0,0,0,0,0,0,1140,1821,3,0,0,16,6,0,0,1"
NoiseDefectFree_003145.npy,0.7776502653851671,"10842,1,7,0,0,0,0,0,0,1133,1924,1,0,0,27,6,0,0,1"
Defect_L7_B70_el1811_H4_W4.npy,0.700186486874193,"9755,0,52,0,0,40,7,9,86,1817,2060,44,0,0,51,20,0,0,1"
NoiseDefectFree_002057.npy,0.7891263807201262,"11002,0,7,0,0,0,0,0,0,1015,1891,0,0,0,17,9,0,0,1"
NoiseDefectFree_001926.npy,0.7853966432362646,"10950,2,9,0,0,0,0,0,0,1107,1855,0,0,0,15,3,0,0,1"
NoiseDefectFree_000635.npy,0.7812365514273418,"10892,4,7,0,0,0,0,0,0,1120,1890,0,0,0,23,4,0,0,2"
Defect_L6_B346_el4851_H2_W2.npy,0.7816669057524028,"10898,0,31,0,0,0,0,0,18,1074,1888,0,0,0,24,8,0,0,1"
Defect_L12_B252_el3485_H2_W2.npy,0.7654568928417731,"10672,1,7,0,0,1,0,0,1,1231,1737,57,0,0,190,29,11,0,5"
Defect_L8_B414_el5853_H2_W2.npy,0.7600057380576675,"10596,0,63,0,0,6,0,0,65,1277,1857,3,0,0,62,13,0,0,0"
NoiseDefectFree_000106.npy,0.7885525749533783,"10994,0,9,0,0,0,0,0,0,1091,1822,2,0,0,16,7,0,0,1"
NoiseDefectFree_003042.npy,0.7825276144025247,"10910,0,8,0,0,0,0,0,0,1088,1910,1,0,0,20,5,0,0,0"
NoiseDefectFree_001710.npy,0.7759288480849232,"10818,0,9,0,0,0,0,0,0,1173,1913,3,0,0,19,4,0,1,2"
NoiseDefectFree_000090.npy,0.77894132836035,"10860,0,7,0,0,0,0,0,0,1106,1939,0,0,0,21,9,0,0,0"
Defect_L17_B8_el143_H4_W4.npy,0.7361927987376273,"10253,3,23,0,0,0,0,0,11,1220,1895,60,2,8,383,52,20,7,5"
NoiseDefectFree_003175.npy,0.7851097403528905,"10946,0,5,0,0,0,0,0,0,1083,1879,3,0,0,19,7,0,0,0"
NoiseDefectFree_000918.npy,0.7825993401233683,"10911,0,12,0,0,0,0,0,0,1102,1882,0,0,0,29,5,0,0,1"
Defect_L16_B55_el2502_H8_W8.npy,0.6237985941758715,"8687,1,14,0,0,0,0,0,42,1921,2240,117,3,1,812,82,17,0,5"
Defect_L7_B185_el5507_H4_W4.npy,0.7148185339262659,"9957,1,69,0,0,48,10,6,126,1740,1818,66,0,0,76,22,0,0,3"
NoiseDefectFree_001950.npy,0.7886243006742217,"10995,0,6,0,0,0,0,0,0,1088,1818,4,0,0,26,5,0,0,0"
Defect_L5_B94_el1153_H2_W2.npy,0.7734901735762444,"10784,3,31,0,0,7,0,0,27,1172,1894,2,0,0,15,7,0,0,0"
NoiseDefectFree_000002.npy,0.7828862430067423,"10915,1,2,0,0,0,0,0,0,1046,1945,0,0,0,24,9,0,0,0"
Defect_L15_B57_el2803_H8_W8.npy,0.7087218476545689,"9813,0,7,0,0,0,0,0,82,1525,1713,121,0,0,608,52,16,3,2"
Defect_L14_B30_el799_H4_W4.npy,0.6964567493903314,"9695,0,18,0,0,0,0,0,6,1503,2212,104,2,16,285,79,10,2,10"
NoiseDefectFree_002721.npy,0.7910629751829006,"11029,0,8,0,0,0,0,0,0,1076,1802,0,0,0,17,10,0,0,0"
Defect_L13_B5_el143_H8_W8.npy,0.6573662315306269,"9161,1,38,0,0,1,0,0,23,1715,1984,120,4,56,711,99,23,3,3"
NoiseDefectFree_003118.npy,0.7833165973318031,"10921,1,5,0,0,0,0,0,0,1125,1866,0,0,0,18,5,0,1,0"
Defect_L17_B63_el3139_H8_W8.npy,0.6489025964710945,"9034,6,44,0,0,0,0,0,216,1874,1478,195,3,31,946,70,26,15,4"
NoiseDefectFree_003763.npy,0.7897001864868742,"11010,1,10,0,0,0,0,0,0,1031,1855,0,0,0,22,12,0,0,1"
NoiseDefectFree_000214.npy,0.7792999569645674,"10865,0,5,0,0,0,0,0,0,1144,1895,0,0,0,25,5,0,0,3"
NoiseDefectFree_000779.npy,0.7920671352747095,"11043,3,3,0,0,0,0,0,0,1071,1789,3,0,0,25,5,0,0,0"
NoiseDefectFree_003497.npy,0.7869746090948214,"10972,2,10,0,0,0,0,0,0,1103,1832,2,0,0,14,4,0,0,3"
Defect_L2_B189_el2479_H2_W2.npy,0.7328934155788266,"10218,0,51,0,0,7,4,0,47,1374,2173,1,0,0,62,5,0,0,0"
NoiseDefectFree_002044.npy,0.7836035002151772,"10925,1,5,0,0,0,0,0,0,1069,1911,0,0,0,21,10,0,0,0"
Defect_L8_B316_el4195_H2_W2.npy,0.76703485870033,"10694,0,30,0,0,7,0,0,47,1204,1910,1,0,0,38,9,0,0,2"
Defect_L10_B361_el5165_H2_W2.npy,0.7632333954956247,"10635,2,51,0,0,3,1,0,40,1270,1859,1,0,0,73,7,0,0,0"
Defect_L17_B373_el5203_H2_W2.npy,0.779084779802037,"10862,1,11,0,0,0,0,0,0,1124,1774,52,2,0,79,25,5,2,5"
Defect_L11_B106_el1461_H2_W2.npy,0.753550423181753,"10506,0,4,0,0,1,0,0,0,1161,2050,41,0,0,114,32,18,4,11"
Defect_L6_B312_el4187_H2_W2.npy,0.7790130540811935,"10859,1,26,0,0,5,0,0,27,1135,1853,0,0,0,26,10,0,0,0"
NoiseDefectFree_004168.npy,0.7818820829149333,"10901,2,7,0,0,0,0,0,0,1095,1905,1,0,0,23,7,0,0,1"
NoiseDefectFree_003789.npy,0.7896284607660307,"11009,2,3,0,0,0,0,0,0,1071,1823,1,0,0,26,6,0,0,1"
NoiseDefectFree_000584.npy,0.7815951800315594,"10897,1,2,0,0,0,0,0,0,1144,1869,2,0,0,21,4,0,0,2"
Defect_L2_B124_el6170_H8_W8.npy,0.630397360493473,"8789,0,132,4,2,130,3,34,251,2002,1899,407,0,0,234,40,11,2,2"
Defect_L8_B61_el1491_H4_W4.npy,0.7044183044039593,"9810,0,92,0,0,48,1,11,81,1804,1921,66,0,0,77,27,2,0,2"
NoiseDefectFree_000117.npy,0.7831731458901162,"10919,1,6,0,0,0,0,0,0,1130,1870,0,0,0,15,1,0,0,0"
Defect_L3_B27_el787_H4_W4.npy,0.6908621431645388,"9611,1,113,1,0,32,2,2,46,1677,2108,132,0,0,155,16,16,3,27"
Defect_L12_B105_el2835_H4_W4.npy,0.688710371539234,"9601,0,7,0,0,0,0,0,0,1528,2286,92,0,0,368,32,21,3,4"
Defect_L7_B240_el3177_H2_W2.npy,0.7699038875340697,"10734,1,26,0,0,3,0,0,44,1229,1872,0,0,0,20,11,0,0,2"
Defect_L15_B26_el499_H4_W4.npy,0.7415005020800459,"10323,0,2,0,0,0,0,0,0,1251,2016,82,0,0,192,65,5,3,3"
NoiseDefectFree_001764.npy,0.7829579687275857,"10916,2,6,0,0,0,0,0,0,1111,1865,1,0,0,31,3,0,0,7"
NoiseDefectFree_001876.npy,0.7805192942189069,"10882,0,6,0,0,0,0,0,0,1096,1928,1,0,0,23,5,0,0,1"
NoiseDefectFree_003225.npy,0.7856835461196385,"10954,1,6,0,0,0,0,0,0,1091,1854,0,0,0,24,12,0,0,0"
NoiseDefectFree_000527.npy,0.7881222206283173,"10988,1,9,0,0,0,0,0,0,1053,1867,0,0,0,17,6,0,0,1"
Defect_L17_B40_el1123_H4_W4.npy,0.6938746234399655,"9661,1,75,0,0,2,0,0,40,1523,2147,98,2,8,285,59,27,10,4"
NoiseDefectFree_002947.npy,0.7871897862573519,"10975,0,5,0,0,0,0,0,0,1096,1830,1,0,0,28,7,0,0,0"
NoiseDefectFree_004474.npy,0.7798737627313155,"10873,0,13,0,0,0,0,0,0,1145,1884,1,0,0,18,8,0,0,0"
Defect_L16_B108_H4_W8.npy,0.746879931143308,"10407,0,8,0,0,0,0,0,43,1485,1417,125,0,0,403,41,7,3,3"
Defect_L15_B242_el3181_H2_W2.npy,0.7788696026395066,"10851,2,4,0,0,0,0,0,0,1108,1853,29,0,0,68,22,2,0,3"
NoiseDefectFree_000960.npy,0.7827427915650552,"10913,0,1,0,0,0,0,0,0,1079,1927,0,0,0,19,3,0,0,0"
Defect_L12_B83_el3853_H8_W8.npy,0.6578683115765314,"9156,1,15,0,0,0,0,0,211,1852,1424,235,0,3,931,81,24,5,4"
NoiseDefectFree_003634.npy,0.7812365514273418,"10892,1,5,0,0,0,0,0,0,1086,1925,2,0,0,22,8,0,0,1"
NoiseDefectFree_001051.npy,0.7838186773777076,"10928,1,6,0,0,0,0,0,0,1167,1809,0,0,0,22,8,0,0,1"
NoiseDefectFree_003381.npy,0.7849662889112036,"10944,0,7,0,0,0,0,0,0,1081,1881,2,0,0,19,7,0,0,1"
NoiseDefectFree_003677.npy,0.779228231243724,"10864,0,6,0,0,0,0,0,0,1122,1910,0,0,0,30,6,0,1,3"
Defect_L16_B126_el6184_H8_W8.npy,0.6794577535504231,"9454,2,3,0,0,0,0,0,11,1745,1590,151,3,4,834,122,18,1,4"
Defect_L11_B26_el1151_H8_W8.npy,0.6301821833309424,"8785,3,85,0,0,0,0,0,48,1755,2081,135,0,0,892,114,19,3,22"
Defect_L3_B425_el5875_H2_W2.npy,0.7648113613541816,"10657,2,55,2,0,9,3,1,55,1146,1958,2,0,0,39,9,0,1,3"
Defect_L8_B82_el1129_H2_W2.npy,0.747023382584995,"10415,0,62,0,0,16,0,0,38,1344,2016,17,0,0,27,6,0,0,1"
NoiseDefectFree_001608.npy,0.7804475684980634,"10881,0,5,0,0,0,0,0,0,1054,1958,1,0,0,29,12,0,0,2"
NoiseDefectFree_003611.npy,0.7790130540811935,"10861,0,7,0,0,0,0,0,0,1157,1893,1,0,0,20,3,0,0,0"
Defect_L16_B143_el1819_H2_W2.npy,0.7617988810787548,"10615,0,6,0,0,0,0,0,0,1199,1985,33,0,0,66,30,2,0,6"
Defect_L9_B70_el1811_H4_W4.npy,0.6854109883804332,"9537,0,81,1,0,37,0,0,98,1877,2083,75,0,0,127,23,2,0,1"
Defect_L5_B1_el115_H2_W2.npy,0.7678238416296084,"10705,2,47,0,0,3,1,0,28,1138,1931,44,0,0,35,5,0,0,3"
NoiseDefectFree_000792.npy,0.7807344713814374,"10885,3,3,0,0,0,0,0,0,1105,1921,0,0,0,23,2,0,0,0"
NoiseDefectFree_003057.npy,0.7824558886816813,"10909,0,4,0,0,0,0,0,0,1056,1942,0,0,0,25,6,0,0,0"
NoiseDefectFree_001981.npy,0.7884091235116913,"10992,0,11,0,0,0,0,0,0,1070,1842,1,0,0,21,3,0,0,2"
NoiseDefectFree_003599.npy,0.7822407115191508,"10906,1,11,0,0,0,0,0,0,1104,1889,0,0,0,25,5,0,0,1"
NoiseDefectFree_000934.npy,0.7845359345861426,"10938,4,11,0,0,0,0,0,0,1086,1874,1,0,0,17,9,0,0,2"
Defect_L7_B6_el125_H2_W2.npy,0.7694018074881652,"10725,0,46,1,0,8,3,0,24,1235,1842,21,0,0,33,1,0,1,2"
Defect_L10_B259_el3499_H2_W2.npy,0.778654425476976,"10849,2,57,0,0,2,0,0,36,1115,1754,54,0,0,59,11,0,0,3"
NoiseDefectFree_001683.npy,0.7833883230526467,"10922,2,5,0,0,0,0,0,0,1085,1893,1,0,0,27,4,0,0,3"
NoiseDefectFree_004180.npy,0.7823841629608378,"10908,0,10,0,0,0,0,0,0,1100,1891,1,0,0,21,9,0,0,2"
Defect_L14_B178_el5195_H4_W4.npy,0.7511117486730742,"10460,1,10,0,0,0,0,0,12,1090,1817,143,2,12,327,50,14,1,3"
NoiseDefectFree_004117.npy,0.7831014201692728,"10918,0,11,0,0,0,0,0,0,1101,1883,0,0,0,20,9,0,0,0"
NoiseDefectFree_000989.npy,0.7805910199397504,"10883,0,9,0,0,0,0,0,0,1135,1896,1,0,0,11,6,0,0,1"
NoiseDefectFree_002897.npy,0.7841055802610816,"10932,1,7,0,0,0,0,0,0,1085,1897,1,0,0,15,4,0,0,0"
NoiseDefectFree_003779.npy,0.7893415578826567,"11005,0,5,0,0,0,0,0,0,1060,1852,1,0,0,17,2,0,0,0"
Defect_L2_B43_el1135_H4_W4.npy,0.6816812508965715,"9504,1,127,2,0,54,3,2,54,1656,2218,93,0,0,154,48,14,2,10"
NoiseDefectFree_003094.npy,0.7839621288193946,"10930,1,4,0,0,0,0,0,0,1114,1867,1,0,0,22,3,0,0,0"
NoiseDefectFree_003156.npy,0.7875484148615693,"10980,2,4,0,0,0,0,0,0,1085,1827,0,0,0,31,12,0,0,1"
NoiseDefectFree_001824.npy,0.7838186773777076,"10928,0,6,0,0,0,0,0,0,1071,1906,0,0,0,24,6,0,0,1"
Defect_L3_B361_el5165_H2_W2.npy,0.7645244584708076,"10656,2,40,2,0,7,3,0,54,1286,1831,0,0,0,51,10,0,0,0"
NoiseDefectFree_001099.npy,0.7827427915650552,"10913,1,7,0,0,0,0,0,0,1151,1835,0,0,0,30,4,0,0,1"
NoiseDefectFree_002845.npy,0.7831014201692728,"10918,2,2,0,0,0,0,1,0,1078,1911,1,0,0,24,5,0,0,0"
NoiseDefectFree_003343.npy,0.7843207574236121,"10935,1,7,0,0,0,0,0,0,1101,1865,0,0,0,25,5,0,0,3"
NoiseDefectFree_000039.npy,0.7851097403528905,"10946,0,3,0,0,0,0,0,0,1083,1869,1,0,0,34,5,0,0,1"
Defect_L12_B215_el2815_H2_W2.npy,0.7542676803901879,"10516,0,5,0,0,0,0,0,0,1223,1961,43,0,0,161,24,6,1,2"
Defect_L11_B129_el6205_H8_W8.npy,0.6536364940467652,"9113,0,27,0,0,0,4,0,222,1594,1789,105,0,0,948,92,37,2,9"
NoiseDefectFree_003357.npy,0.7853966432362646,"10950,1,6,0,0,0,0,0,0,1099,1858,0,0,0,22,6,0,0,0"
Defect_L3_B118_el5841_H8_W8.npy,0.6246593028259934,"8661,0,172,2,0,225,4,26,231,2032,1912,318,0,0,289,50,13,1,6"
Defect_L12_B388_el5517_H2_W2.npy,0.7732032706928704,"10780,1,11,0,0,0,0,0,24,1153,1704,69,0,0,138,26,25,2,9"
Defect_L2_B330_el4521_H2_W2.npy,0.771697030555157,"10759,2,28,0,0,6,2,0,18,1232,1860,0,0,0,29,5,0,0,1"
NoiseDefectFree_002429.npy,0.7879070434657869,"10985,0,7,0,0,0,0,0,0,1015,1897,0,0,0,31,6,0,1,0"
Defect_L6_B89_el4189_H8_W8.npy,0.6799598335963276,"9475,0,42,0,0,50,0,0,128,1831,2173,30,0,0,197,14,0,0,2"
Defect_L10_B80_el1125_H2_W2.npy,0.7485296227227084,"10429,2,58,0,0,8,1,0,23,1358,1995,25,0,0,31,8,0,1,3"
NoiseDefectFree_004812.npy,0.778510974035289,"10854,0,3,0,0,0,0,0,0,1117,1939,0,0,0,20,5,0,1,3"
Defect_L12_B101_el4861_H8_W8.npy,0.702051355616124,"9784,0,6,0,0,0,0,0,205,1233,1849,205,0,0,560,75,18,2,5"
NoiseDefectFree_000687.npy,0.7836752259360207,"10926,2,11,0,0,0,0,0,0,1088,1878,3,0,0,28,5,0,0,1"
NoiseDefectFree_004800.npy,0.7894850093243437,"11007,1,5,0,0,0,0,0,0,1072,1834,0,0,0,19,3,0,0,1"
Defect_L2_B70_el821_H2_W2.npy,0.7649548127958686,"10665,2,67,0,0,7,3,0,19,1230,1912,0,0,0,27,8,0,0,2"
NoiseDefectFree_002354.npy,0.7866159804906039,"10967,1,4,0,0,0,0,0,0,1050,1879,0,0,0,29,8,0,0,4"
Defect_L16_B367_el5191_H2_W2.npy,0.7843924831444556,"10934,1,9,0,0,0,0,0,0,1028,1735,56,3,0,138,22,11,2,3"
NoiseDefectFree_004570.npy,0.7877635920240998,"10983,2,7,0,0,0,0,0,0,1049,1873,0,0,0,19,9,0,0,0"
Defect_L5_B19_el151_H2_W2.npy,0.7719839334385311,"10763,4,48,1,0,3,1,0,24,1128,1931,4,0,0,28,7,0,0,0"
NoiseDefectFree_002753.npy,0.7912064266245876,"11031,0,11,0,0,0,0,0,0,1039,1821,0,0,0,29,8,0,0,3"
Defect_L18_B47_el491_H2_W2.npy,0.7615119781953809,"10614,1,11,0,0,0,0,0,0,1190,1930,27,0,2,83,51,14,9,10"
NoiseDefectFree_001041.npy,0.7845359345861426,"10938,1,5,0,0,0,0,0,0,1117,1838,0,0,0,33,10,0,0,0"
Defect_L5_B164_el4823_H4_W4.npy,0.7604360923827285,"10602,0,31,0,0,21,1,0,72,1282,1891,1,0,0,36,3,0,0,2"
NoiseDefectFree_001266.npy,0.7841055802610816,"10932,1,6,0,0,0,0,0,0,1107,1869,1,0,0,23,3,0,0,0"
Defect_L6_B118_el1485_H2_W2.npy,0.7678238416296084,"10702,0,32,0,0,6,0,0,30,1218,1921,1,0,0,26,6,0,0,0"
Defect_L10_B338_el4821_H2_W2.npy,0.7693300817673218,"10721,3,31,0,0,1,0,0,27,1211,1896,1,0,0,44,7,0,0,0"
NoiseDefectFree_000278.npy,0.7868311576531344,"10970,1,3,0,0,0,0,0,0,1031,1909,5,0,0,16,5,0,0,2"
Defect_L2_B117_el3183_H4_W4.npy,0.7300961124659303,"10179,2,74,1,0,31,4,4,118,1408,1850,63,0,0,185,18,0,0,5"
NoiseDefectFree_002383.npy,0.7858269975613255,"10956,3,4,0,0,0,0,0,0,1107,1841,0,0,0,21,7,1,0,2"
NoiseDefectFree_000572.npy,0.7890546549992827,"11001,0,11,0,0,0,0,0,0,1034,1860,3,0,0,24,8,0,0,1"
NoiseDefectFree_001436.npy,0.7812365514273418,"10892,1,10,0,0,0,0,0,0,1095,1924,3,0,0,10,5,0,1,1"
Defect_L3_B60_el801_H2_W2.npy,0.7614402524745374,"10609,3,75,2,0,9,2,1,18,1204,1975,5,0,0,23,12,0,1,3"
Defect_L4_B192_el2485_H2_W2.npy,0.7469516568641514,"10412,0,44,2,0,8,5,0,42,1347,2047,2,0,0,28,3,0,1,1"
NoiseDefectFree_001008.npy,0.784607660306986,"10939,0,11,0,0,0,0,0,0,1095,1856,1,0,0,29,8,0,0,3"
NoiseDefectFree_004544.npy,0.7889112035575958,"10999,0,8,0,0,0,0,0,0,1086,1811,0,0,0,28,8,0,1,1"
Defect_L17_B301_el4151_H2_W2.npy,0.791851958112179,"11040,1,4,0,0,0,0,0,0,1173,1486,59,4,0,137,27,6,0,5"
NoiseDefectFree_002065.npy,0.7820972600774638,"10904,2,5,0,0,0,0,0,0,1094,1899,1,0,0,29,5,0,0,3"
NoiseDefectFree_001137.npy,0.7815951800315594,"10897,0,6,0,0,0,0,0,0,1102,1901,0,0,0,32,4,0,0,0"
Defect_L9_B268_el3517_H2_W2.npy,0.7629464926122508,"10633,0,44,0,0,8,0,0,52,1219,1930,2,0,0,44,9,0,0,1"
NoiseDefectFree_000295.npy,0.7823124372399942,"10907,0,1,0,0,0,0,0,0,1094,1898,0,0,0,33,7,1,0,1"
NoiseDefectFree_002404.npy,0.7902739922536222,"11018,2,6,0,0,0,0,0,0,1017,1870,0,0,0,23,6,0,0,0"
NoiseDefectFree_003999.npy,0.7823841629608378,"10908,4,10,0,0,0,0,0,0,1090,1890,1,0,0,27,9,0,0,3"
NoiseDefectFree_003742.npy,0.7835317744943336,"10924,2,14,0,0,0,0,0,1,1151,1812,1,0,0,33,4,0,0,0"
Defect_L9_B443_el6195_H2_W2.npy,0.7571367092239277,"10551,1,70,0,0,9,0,0,57,1277,1912,2,0,0,49,14,0,0,0"
NoiseDefectFree_002720.npy,0.7877635920240998,"10983,2,5,0,0,0,0,0,0,1027,1894,1,0,0,23,6,0,0,1"
Defect_L15_B2_el117_H2_W2.npy,0.7594319322909195,"10587,0,17,0,0,0,0,0,7,1247,1912,43,0,0,86,26,7,3,7"
Defect_L14_B209_el6171_H4_W4.npy,0.7098694591880649,"9880,1,9,0,0,0,0,0,29,1459,1967,165,1,19,313,76,17,1,5"
NoiseDefectFree_002809.npy,0.7870463348156649,"10973,1,4,0,0,0,0,0,0,1099,1837,0,0,0,23,5,0,0,0"
NoiseDefectFree_000557.npy,0.7852531917945775,"10948,0,7,0,0,0,0,0,0,1049,1906,1,0,0,26,5,0,0,0"
Defect_L16_B205_el2511_H2_W2.npy,0.7733467221345575,"10776,0,5,0,0,0,0,0,0,1072,1942,27,0,0,86,29,1,1,3"
NoiseDefectFree_004796.npy,0.7864008033280735,"10964,0,6,0,0,0,0,0,0,1092,1844,0,0,0,25,11,0,0,0"
NoiseDefectFree_002470.npy,0.7801606656146894,"10877,0,9,0,0,0,0,0,0,1135,1902,2,0,0,9,6,0,0,2"
NoiseDefectFree_003739.npy,0.7851097403528905,"10946,0,9,0,0,0,0,0,0,1094,1867,2,0,0,15,9,0,0,0"
NoiseDefectFree_004287.npy,0.7883373977908478,"10991,2,8,0,0,0,0,0,0,1077,1839,0,0,0,20,4,0,0,1"
NoiseDefectFree_002605.npy,0.7899153636494046,"11013,0,6,0,0,0,0,0,0,1055,1835,1,0,0,21,7,0,2,2"
NoiseDefectFree_000363.npy,0.7841055802610816,"10932,1,5,0,0,0,0,0,0,1109,1855,8,0,0,21,8,0,0,3"
Defect_L7_B23_el1130_H8_W8.npy,0.57265815521446,"7972,0,116,0,0,97,14,43,158,2510,2493,256,0,0,247,32,0,0,4"
NoiseDefectFree_001705.npy,0.7876201405824128,"10981,1,8,0,0,0,0,0,0,1075,1840,1,0,0,24,11,0,0,1"
NoiseDefectFree_002140.npy,0.7848945631903601,"10943,0,13,0,0,0,0,0,0,1109,1826,2,0,0,38,8,0,0,3"
NoiseDefectFree_003240.npy,0.7822407115191508,"10906,1,5,0,0,0,0,0,0,1106,1890,3,0,0,27,2,0,1,1"
NoiseDefectFree_002384.npy,0.7881222206283173,"10988,1,12,0,0,0,0,0,0,1059,1850,1,0,0,21,8,0,0,2"
Defect_L18_B210_el2805_H2_W2.npy,0.7615119781953809,"10617,0,3,0,0,0,0,1,0,1339,1780,52,0,2,100,35,9,1,3"
NoiseDefectFree_004312.npy,0.7843924831444556,"10936,4,8,0,0,0,0,0,0,1129,1840,1,0,0,16,8,0,0,0"
NoiseDefectFree_001313.npy,0.7851814660737341,"10947,0,7,0,0,0,0,0,0,1074,1892,0,0,0,18,4,0,0,0"
NoiseDefectFree_003931.npy,0.7889829292784393,"11000,1,3,0,0,0,0,0,0,1071,1835,0,0,0,26,5,0,0,1"
Defect_L5_B8_el129_H2_W2.npy,0.7712666762300961,"10753,1,52,0,0,4,0,0,28,1196,1866,6,0,0,25,4,0,0,7"
NoiseDefectFree_001592.npy,0.7864008033280735,"10964,0,9,0,0,0,0,0,0,1073,1849,0,0,0,40,5,0,0,2"
Defect_L17_B192_el5535_H4_W4.npy,0.7257208434944771,"10106,2,7,0,0,0,0,0,61,1317,1899,145,2,10,312,43,27,7,4"
NoiseDefectFree_002163.npy,0.7898436379285612,"11012,2,4,0,0,0,0,0,0,1074,1821,2,0,0,22,5,0,0,0"
NoiseDefectFree_002397.npy,0.77894132836035,"10860,1,11,0,0,0,0,0,0,1138,1899,0,0,0,23,8,0,0,2"
NoiseDefectFree_000318.npy,0.7822407115191508,"10906,0,10,0,0,0,0,0,0,1108,1879,0,0,0,26,12,0,0,1"
Defect_L3_B165_el4827_H4_W4.npy,0.7534786974609095,"10502,1,34,0,0,28,0,0,120,1287,1838,5,0,0,109,14,0,0,4"
Defect_L18_B315_el4193_H2_W2.npy,0.772844642088653,"10775,0,4,0,0,0,0,0,0,1176,1768,54,1,2,118,32,8,1,3"
NoiseDefectFree_004037.npy,0.7874049634198824,"10978,2,9,0,0,0,0,0,0,1058,1860,4,0,0,24,7,0,0,0"
NoiseDefectFree_003021.npy,0.7843924831444556,"10936,4,8,0,0,0,0,0,0,1093,1869,0,0,0,25,6,0,0,1"
Defect_L13_B65_el3153_H8_W8.npy,0.6220771768756276,"8665,0,44,0,0,0,0,0,127,2138,1608,198,10,38,1005,67,25,11,6"
Defect_L10_B78_H8_W4.npy,0.7227800889398939,"10041,3,97,0,0,28,0,0,106,1624,1781,102,0,0,141,14,1,0,4"
NoiseDefectFree_003973.npy,0.7890546549992827,"11001,2,11,0,0,0,0,0,0,1078,1816,3,0,0,25,3,0,0,3"
Defect_L4_B98_el1161_H2_W2.npy,0.7649548127958686,"10665,0,47,0,0,8,5,0,30,1243,1909,2,0,0,27,4,0,0,2"
NoiseDefectFree_004134.npy,0.7970162100129107,"11112,0,6,0,0,0,0,0,0,1047,1747,0,0,0,23,6,0,0,1"
NoiseDefectFree_000975.npy,0.7883373977908478,"10991,0,4,0,0,0,0,0,0,1064,1855,1,0,0,20,6,0,0,1"
Defect_L17_B55_el2502_H8_W8.npy,0.5796872758571223,"8069,0,27,0,0,0,0,0,220,2349,2024,160,2,38,921,73,34,17,8"
NoiseDefectFree_000955.npy,0.7853966432362646,"10950,1,7,0,0,0,0,0,0,1068,1882,0,0,0,28,6,0,0,0"
Defect_L10_B236_el3155_H2_W2.npy,0.7496055085353608,"10446,0,36,0,0,10,0,0,39,1488,1877,1,0,0,36,7,0,1,1"
Defect_L14_B32_el1480_H8_W8.npy,0.62315306268828,"8632,0,13,0,0,0,0,0,42,1900,2088,154,5,56,909,117,18,4,4"
Defect_L9_B3_el129_H8_W8.npy,0.6585855687849663,"9150,1,61,0,0,172,3,38,115,1770,2174,130,0,0,266,24,7,3,28"
Defect_L14_B107_el1463_H2_W2.npy,0.7421460335676373,"10347,1,10,0,0,0,0,0,0,1281,2099,51,1,0,102,39,5,1,5"
NoiseDefectFree_001641.npy,0.7871897862573519,"10975,0,7,0,0,0,0,0,0,1053,1880,1,0,0,20,5,0,0,1"
NoiseDefectFree_001291.npy,0.7833883230526467,"10922,0,3,0,0,0,0,0,0,1095,1899,0,0,0,18,5,0,0,0"
NoiseDefectFree_001381.npy,0.7815234543107158,"10896,0,8,0,0,0,0,0,0,1149,1860,3,0,0,18,4,0,0,4"
NoiseDefectFree_001934.npy,0.7843924831444556,"10936,1,8,0,0,0,0,0,0,1137,1837,0,0,0,20,2,0,0,1"
NoiseDefectFree_004676.npy,0.7883373977908478,"10991,3,12,0,0,0,0,0,0,1034,1859,2,0,0,31,10,0,0,0"
NoiseDefectFree_000893.npy,0.7861139004446994,"10960,0,6,0,0,0,0,0,0,1057,1891,0,0,0,23,5,0,0,0"
Defect_L11_B224_el2847_H2_W2.npy,0.7628747668914072,"10636,1,5,0,0,0,0,0,0,1100,2011,35,0,0,113,25,4,1,11"
NoiseDefectFree_004877.npy,0.7899870893702482,"11014,0,7,0,0,0,0,0,0,1053,1833,1,0,0,26,7,0,0,1"
Defect_L8_B122_el3487_H4_W4.npy,0.7102280877922823,"9892,1,73,1,0,37,3,10,110,1811,1780,98,0,0,106,20,0,0,0"
Defect_L9_B61_el803_H2_W2.npy,0.7576387892698322,"10563,2,83,0,0,12,0,0,15,1303,1912,23,0,0,23,4,0,0,2"
Defect_L8_B145_el4147_H4_W4.npy,0.7617271553579114,"10620,0,38,0,0,13,1,0,119,1275,1651,87,0,0,123,13,0,0,2"
NoiseDefectFree_002467.npy,0.7871897862573519,"10975,0,3,0,0,0,0,0,0,1049,1883,0,0,0,30,2,0,0,0"
Defect_L3_B183_el2467_H2_W2.npy,0.7498206856978913,"10448,1,42,1,0,4,4,0,41,1299,2025,26,0,0,46,5,0,0,0"
NoiseDefectFree_001914.npy,0.7838904030985512,"10929,0,6,0,0,0,0,0,0,1061,1918,0,0,0,18,9,0,1,0"
NoiseDefectFree_002737.npy,0.7864008033280735,"10964,0,5,0,0,0,0,0,0,1066,1881,0,0,0,21,4,0,1,0"
NoiseDefectFree_000727.npy,0.7847511117486731,"10941,0,3,0,0,0,0,0,0,1087,1874,0,0,0,24,12,0,0,1"
Defect_L14_B243_el3183_H2_W2.npy,0.7798737627313155,"10873,0,4,0,0,0,0,0,0,1053,1846,35,0,0,104,22,2,0,3"
Defect_L3_B314_el4191_H2_W2.npy,0.7668914072586429,"10690,1,43,3,0,7,4,0,46,1125,1984,2,0,0,31,4,0,1,1"
NoiseDefectFree_001797.npy,0.7821689857983073,"10905,0,5,0,0,0,0,0,0,1139,1855,2,0,0,27,8,0,0,1"
NoiseDefectFree_003846.npy,0.7841773059819251,"10933,1,12,0,0,0,0,0,0,1096,1876,2,0,0,16,4,0,1,1"
Defect_L12_B425_el5875_H2_W2.npy,0.7694018074881652,"10727,1,6,0,0,0,1,0,2,1129,1804,80,0,0,121,40,17,3,11"
NoiseDefectFree_000937.npy,0.7869746090948214,"10972,1,6,0,0,0,0,0,0,1101,1843,0,0,0,15,4,0,0,0"
NoiseDefectFree_002266.npy,0.7920671352747095,"11043,1,11,0,0,0,0,0,0,1040,1807,2,0,0,28,9,0,1,0"
NoiseDefectFree_000825.npy,0.7929278439248314,"11055,0,8,0,0,0,0,0,0,1057,1794,0,0,0,21,7,0,0,0"
Defect_L13_B121_el1491_H2_W2.npy,0.760651269545259,"10605,0,10,0,0,0,0,0,0,1097,2016,43,0,0,108,42,10,2,9"
NoiseDefectFree_001390.npy,0.7870463348156649,"10973,1,6,0,0,0,0,0,0,1064,1873,0,0,0,20,5,0,0,0"
NoiseDefectFree_003565.npy,0.7856835461196385,"10954,1,6,0,0,0,0,0,0,1076,1872,0,0,0,24,9,0,0,0"
Defect_L2_B98_el4833_H8_W8.npy,0.6589441973891838,"9187,2,79,1,0,107,6,3,223,1894,1877,117,0,0,409,33,3,1,0"
Defect_L9_B60_el2831_H8_W8.npy,0.7044900301248027,"9812,0,81,0,0,61,0,0,127,1887,1766,96,0,0,97,15,0,0,0"
Defect_L10_B15_el143_H2_W2.npy,0.7748529622722709,"10794,4,56,0,0,0,0,0,16,1125,1917,2,0,0,21,5,0,0,2"
Defect_L15_B40_el1123_H4_W4.npy,0.7204848658729021,"10034,0,9,0,0,0,0,0,20,1392,2126,95,2,0,211,33,11,2,7"
NoiseDefectFree_001869.npy,0.7804475684980634,"10881,1,4,0,0,0,0,0,0,1157,1859,0,0,0,28,8,0,0,4"
Defect_L3_B161_el4527_H4_W4.npy,0.7463778510974035,"10404,0,29,0,0,14,0,0,72,1321,1999,1,0,0,91,9,0,0,2"
Defect_L8_B82_el2143_H4_W4.npy,0.688136565772486,"9584,1,73,0,0,47,3,10,93,1914,2022,88,0,0,84,22,0,0,1"
NoiseDefectFree_000807.npy,0.7898436379285612,"11012,1,3,0,0,0,0,0,0,1105,1786,0,0,0,26,9,0,0,0"
NoiseDefectFree_004806.npy,0.7879070434657869,"10985,2,4,0,0,0,0,0,0,1038,1882,2,0,0,23,4,0,0,2"
Defect_L12_B74_el829_H2_W2.npy,0.7646679099124947,"10661,0,15,0,0,0,0,0,0,1084,1948,42,0,0,112,48,12,5,15"
Defect_L17_B37_el471_H2_W2.npy,0.760220915220198,"10596,2,11,0,0,0,0,0,0,1182,1965,36,0,5,72,40,14,8,11"
Defect_L17_B78_el3818_H8_W8.npy,0.6407258642949362,"8918,2,16,0,0,0,0,0,293,1926,1294,258,3,43,1038,62,60,23,6"
NoiseDefectFree_004495.npy,0.7794434084062545,"10867,3,5,0,0,0,0,0,0,1143,1893,0,0,0,20,10,0,0,1"
NoiseDefectFree_002633.npy,0.7830296944484292,"10917,1,10,0,0,0,0,0,0,1111,1880,1,0,0,15,7,0,0,0"
Defect_L8_B259_el3499_H2_W2.npy,0.7754267680390188,"10811,0,56,0,0,8,0,0,54,1175,1720,44,0,0,61,13,0,0,0"
Defect_L16_B183_el5499_H4_W4.npy,0.7395639076172715,"10300,0,13,0,0,0,0,0,0,1365,1828,102,2,0,273,48,7,1,3"
Defect_L15_B42_el1131_H4_W4.npy,0.714101276717831,"9945,0,8,0,0,0,0,0,2,1431,2197,85,1,0,213,50,4,1,5"
NoiseDefectFree_004389.npy,0.7828862430067423,"10915,0,2,0,0,0,0,0,0,1094,1902,0,0,0,24,4,0,0,1"
NoiseDefectFree_000146.npy,0.7803758427772199,"10880,0,7,0,0,0,0,0,0,1136,1894,1,0,0,16,7,0,0,1"
Defect_L15_B55_el2502_H8_W8.npy,0.6496198536795295,"8988,0,4,0,0,0,0,0,27,1753,2133,116,2,0,820,85,8,1,5"
NoiseDefectFree_002034.npy,0.7892698321618132,"11004,2,7,0,0,0,0,0,0,1100,1799,0,0,0,20,10,0,0,0"
Defect_L4_B86_el2159_H4_W4.npy,0.7048486587290202,"9826,0,74,1,0,45,4,3,74,1716,2032,24,0,0,119,20,2,0,2"
NoiseDefectFree_001166.npy,0.7884091235116913,"10992,2,7,0,0,0,0,0,0,1058,1858,0,0,0,16,9,0,0,0"
NoiseDefectFree_002051.npy,0.7853966432362646,"10950,0,4,0,0,0,0,0,0,1084,1877,2,0,0,21,4,0,0,0"
NoiseDefectFree_003761.npy,0.7842490317027686,"10934,0,6,0,0,0,0,0,0,1104,1870,1,0,0,21,2,0,1,3"
NoiseDefectFree_004436.npy,0.786472529048917,"10965,0,4,0,0,0,0,0,0,1045,1904,3,0,0,17,3,0,0,1"
NoiseDefectFree_003431.npy,0.7852531917945775,"10948,1,8,0,0,0,0,0,0,1073,1891,0,0,0,14,5,0,0,2"
Defect_L11_B78_el837_H2_W2.npy,0.7654568928417731,"10672,2,12,0,0,0,0,0,0,1159,1941,17,0,0,91,29,4,3,12"
Defect_L9_B172_el2161_H2_W2.npy,0.7466647539807775,"10406,1,66,0,0,6,0,0,41,1353,1999,9,0,0,50,10,0,0,1"
Defect_L7_B373_el5203_H2_W2.npy,0.766604504375269,"10688,2,33,0,0,6,0,0,44,1237,1892,0,0,0,31,8,0,0,1"
NoiseDefectFree_004362.npy,0.7838186773777076,"10928,0,5,0,0,0,0,0,0,1065,1904,2,0,0,34,3,0,0,1"
NoiseDefectFree_001772.npy,0.7848945631903601,"10943,0,8,0,0,0,0,0,0,1030,1922,0,0,0,31,6,0,0,2"
NoiseDefectFree_003512.npy,0.7870463348156649,"10973,2,6,0,0,0,0,0,0,1048,1886,0,0,0,22,5,0,0,0"
NoiseDefectFree_000272.npy,0.7886243006742217,"10995,0,6,0,0,0,0,0,0,1020,1892,0,0,0,23,4,0,0,2"
Defect_L12_B421_el5867_H2_W2.npy,0.7636637498206857,"10647,0,7,0,0,0,0,0,0,1153,1850,67,0,0,145,45,19,2,7"
NoiseDefectFree_002033.npy,0.784607660306986,"10939,0,5,0,0,0,0,0,0,1150,1811,1,0,0,27,7,0,1,1"
Defect_L10_B135_el1803_H2_W2.npy,0.747310285468369,"10412,1,55,0,0,4,0,0,26,1380,2000,9,0,0,45,10,0,0,0"
NoiseDefectFree_003811.npy,0.7830296944484292,"10917,0,8,0,0,0,0,0,0,1091,1898,0,0,0,20,5,0,0,3"
NoiseDefectFree_004347.npy,0.7838904030985512,"10929,0,5,0,0,0,0,0,0,1136,1848,2,0,0,15,5,0,0,2"
NoiseDefectFree_000546.npy,0.7814517285898723,"10895,2,5,0,0,0,0,0,0,1115,1888,1,0,0,25,8,0,0,3"
NoiseDefectFree_003242.npy,0.7866877062114475,"10968,1,5,0,0,0,0,0,0,1066,1880,0,0,0,18,4,0,0,0"
Defect_L9_B386_el5513_H2_W2.npy,0.7622292354038158,"10620,1,72,0,0,7,1,0,68,1311,1768,38,0,0,39,16,0,0,1"
Defect_L10_B67_el815_H2_W2.npy,0.7564911777363362,"10538,1,68,0,0,5,0,0,15,1273,1984,18,0,0,29,10,0,0,1"
Defect_L9_B74_el3503_H8_W8.npy,0.635489886673361,"8817,1,102,0,0,169,4,33,180,1998,2048,115,0,0,404,57,8,0,6"
NoiseDefectFree_000921.npy,0.7900588150910917,"11015,0,3,0,0,0,0,0,1,1056,1839,0,0,0,20,8,0,0,0"
Defect_L14_B157_el4495_H4_W4.npy,0.7827427915650552,"10913,0,10,0,0,0,0,0,0,1184,1549,58,0,0,189,30,6,1,2"
Defect_L5_B104_el2815_H4_W4.npy,0.7275139865155645,"10143,1,44,0,0,16,0,0,63,1554,2077,1,0,0,34,7,0,0,2"
Defect_L12_B357_el5157_H2_W2.npy,0.779658585568785,"10870,0,8,0,0,0,0,0,0,1154,1643,68,0,0,154,23,11,2,9"
Defect_L9_B337_el4819_H2_W2.npy,0.7798020370104719,"10870,1,26,0,0,0,3,0,38,1128,1805,0,0,0,67,4,0,0,0"
Defect_L11_B21_el479_H4_W4.npy,0.726725003586286,"10132,2,49,0,0,1,0,0,13,1193,2095,69,0,0,254,83,14,11,26"
NoiseDefectFree_004279.npy,0.7862573518863865,"10962,0,11,0,0,0,0,0,0,1041,1896,2,0,0,25,5,0,0,0"
NoiseDefectFree_002984.npy,0.7894132836035002,"11006,0,14,0,0,0,0,0,0,1084,1813,0,0,0,22,3,0,0,0"
NoiseDefectFree_000131.npy,0.7875484148615693,"10980,0,3,0,0,0,0,0,0,1060,1876,2,0,0,14,6,0,0,1"
Defect_L9_B33_el811_H4_W4.npy,0.7077894132836035,"9849,2,111,1,0,43,1,0,69,1743,1925,47,0,0,98,23,6,3,21"
NoiseDefectFree_002668.npy,0.7845359345861426,"10938,1,1,0,0,0,0,0,0,1074,1890,3,0,0,26,8,0,0,1"
Defect_L5_B157_el2131_H2_W2.npy,0.7544111318318749,"10518,2,29,0,0,4,1,0,29,1325,1998,3,0,0,23,10,0,0,0"
NoiseDefectFree_003224.npy,0.7862573518863865,"10962,0,9,0,0,0,0,0,0,1111,1833,2,0,0,19,5,0,0,1"
Defect_L6_B30_el457_H2_W2.npy,0.7748529622722709,"10801,1,54,0,0,10,0,0,28,1122,1885,3,0,0,26,11,0,0,1"
Defect_L8_B131_el1795_H2_W2.npy,0.7460909482140295,"10402,0,42,0,0,3,2,0,54,1330,2028,15,0,0,60,6,0,0,0"
NoiseDefectFree_000615.npy,0.7903457179744656,"11019,0,3,0,0,0,0,0,0,1015,1867,1,0,0,32,5,0,0,0"
Defect_L2_B172_el5155_H4_W4.npy,0.7388466504088366,"10301,0,80,2,0,17,4,6,119,1349,1681,145,0,0,189,14,22,0,13"
NoiseDefectFree_001467.npy,0.7859704490030125,"10958,1,9,0,0,0,0,0,0,1079,1868,0,0,0,22,5,0,0,0"
NoiseDefectFree_004498.npy,0.7863290776072299,"10963,1,7,0,0,0,0,0,0,1067,1880,1,0,0,19,3,0,0,1"
NoiseDefectFree_003043.npy,0.7861139004446994,"10960,0,8,0,0,0,0,0,0,1088,1846,7,0,0,26,6,0,0,1"
NoiseDefectFree_002420.npy,0.7779371682685411,"10846,0,4,0,0,0,0,0,0,1139,1928,0,0,0,19,4,0,0,2"
Defect_L8_B149_el1831_H2_W2.npy,0.753263520298379,"10502,0,55,0,0,10,0,0,46,1374,1920,2,0,0,28,5,0,0,0"
NoiseDefectFree_003295.npy,0.7866877062114475,"10968,0,6,0,0,0,0,0,0,1057,1884,1,0,0,20,5,0,0,1"
Defect_L4_B445_el6199_H2_W2.npy,0.7641658298665902,"10654,1,54,0,0,7,6,1,47,1203,1929,1,0,0,28,10,0,0,1"
NoiseDefectFree_001501.npy,0.7843207574236121,"10935,1,9,0,0,0,0,0,0,1060,1914,0,0,0,18,5,0,0,0"
NoiseDefectFree_001522.npy,0.7836035002151772,"10925,1,8,0,0,0,0,0,0,1107,1868,1,0,0,26,4,0,0,2"
Defect_L3_B189_el2479_H2_W2.npy,0.7394204561755846,"10302,1,47,1,0,7,4,1,43,1356,2131,0,0,0,45,4,0,0,0"
NoiseDefectFree_004233.npy,0.7838904030985512,"10929,0,2,0,0,0,0,0,0,1130,1856,0,0,0,16,7,0,0,2"
Defect_L2_B355_el4869_H2_W2.npy,0.7699038875340697,"10734,1,23,0,0,3,1,0,30,1139,1968,1,0,0,36,6,0,0,0"
NoiseDefectFree_004431.npy,0.7848945631903601,"10943,2,6,0,0,0,0,0,0,1092,1868,0,0,0,26,5,0,0,0"
NoiseDefectFree_000391.npy,0.7909912494620571,"11028,0,6,0,0,0,0,0,0,1047,1821,1,0,0,30,6,0,0,3"
Defect_L2_B74_el829_H2_W2.npy,0.7655286185626166,"10673,3,65,0,0,9,2,0,21,1161,1970,5,0,0,26,5,0,1,1"
Defect_L9_B149_el1831_H2_W2.npy,0.7529048916941615,"10496,1,51,0,0,8,0,0,38,1351,1948,9,0,0,31,6,0,0,3"
Defect_L14_B272_el3525_H2_W2.npy,0.7838904030985512,"10929,2,6,0,0,0,0,0,0,1025,1804,34,0,0,101,32,5,0,4"
Defect_L6_B45_el2145_H8_W8.npy,0.6475398077750681,"9012,0,58,0,0,171,0,0,93,2102,2360,25,0,0,108,12,0,0,1"
NoiseDefectFree_004807.npy,0.785468368957108,"10951,1,8,0,0,0,0,0,0,1062,1888,2,0,0,24,5,0,0,1"
Defect_L10_B239_el3175_H2_W2.npy,0.759216755128389,"10577,1,28,0,0,0,0,0,34,1314,1953,1,0,0,26,8,0,0,0"
Defect_L6_B25_el495_H4_W4.npy,0.7428632907760723,"10346,7,58,0,0,46,0,0,56,1368,2019,19,0,0,18,5,0,0,0"
Defect_L3_B313_el4189_H2_W2.npy,0.7621575096829724,"10623,0,35,2,0,9,5,0,39,1197,1979,0,0,0,44,6,0,1,2"
Defect_L3_B101_el1167_H2_W2.npy,0.7633051212164682,"10636,0,61,2,0,10,1,1,31,1227,1933,2,0,0,27,11,0,0,0"
NoiseDefectFree_003994.npy,0.7837469516568641,"10927,2,4,0,0,0,0,0,0,1115,1855,0,0,0,28,9,0,0,2"
Defect_L5_B25_el495_H4_W4.npy,0.7431501936594462,"10361,4,57,0,0,46,0,0,57,1463,1897,34,0,0,17,4,0,0,2"
Defect_L5_B346_el4851_H2_W2.npy,0.7833883230526467,"10922,0,26,0,0,0,1,0,18,1111,1838,0,0,0,24,1,0,0,1"
Defect_L16_B72_el3489_H8_W8.npy,0.6794577535504231,"9450,0,11,0,0,0,0,0,16,1908,1404,93,6,0,948,86,13,1,6"
Defect_L5_B216_el2817_H2_W2.npy,0.7589298522450151,"10581,0,31,0,0,4,0,0,39,1337,1911,0,0,0,30,7,0,0,2"
NoiseDefectFree_002422.npy,0.7828862430067423,"10915,2,12,0,0,0,0,0,0,1096,1882,0,0,0,26,9,0,0,0"
Defect_L18_B176_el2169_H2_W2.npy,0.759216755128389,"10581,1,6,0,0,0,0,0,0,1198,1946,42,0,2,103,40,12,7,4"
NoiseDefectFree_001751.npy,0.7815234543107158,"10896,0,4,0,0,0,0,0,0,1163,1849,0,0,0,25,5,0,0,0"
Defect_L11_B82_el3846_H8_W8.npy,0.6509109166547123,"9075,1,33,0,0,0,0,0,167,1845,1598,178,0,0,926,71,33,0,15"
Defect_L8_B135_el3823_H4_W4.npy,0.7284464208865299,"10146,0,70,1,0,44,5,10,116,1690,1630,101,0,0,109,19,0,0,1"
NoiseDefectFree_000339.npy,0.7801606656146894,"10877,0,5,0,0,0,0,0,0,1118,1911,0,0,0,23,8,0,0,0"
Defect_L2_B60_el801_H2_W2.npy,0.7499641371395782,"10456,4,80,0,0,8,4,0,17,1288,2035,5,0,0,30,10,0,1,4"
NoiseDefectFree_001342.npy,0.7826710658442118,"10912,0,7,0,0,0,0,0,0,1108,1880,2,0,0,25,7,0,0,1"
Defect_L2_B163_el2143_H2_W2.npy,0.7367666045043753,"10272,2,57,0,0,6,2,0,32,1377,2130,0,0,0,58,4,0,0,2"
Defect_L13_B156_el1845_H2_W2.npy,0.7677521159087649,"10704,1,7,0,0,0,0,0,0,1095,1944,28,0,0,112,42,7,0,2"
NoiseDefectFree_003641.npy,0.7751398651556448,"10807,2,3,0,0,0,0,0,0,1124,1970,3,0,0,23,8,0,0,2"
NoiseDefectFree_000330.npy,0.7947209869459189,"11080,0,2,0,0,0,0,0,0,1040,1797,0,0,0,18,3,0,0,2"
Defect_L2_B192_el2485_H2_W2.npy,0.7376273131544973,"10284,0,54,2,0,7,4,0,41,1317,2148,2,0,0,74,7,0,0,2"
NoiseDefectFree_003005.npy,0.7832448716109597,"10920,0,2,0,0,0,0,0,0,1093,1905,3,0,0,13,5,0,0,1"
Defect_L4_B208_el6167_H4_W4.npy,0.7106584421173433,"9907,1,89,1,0,27,4,9,169,1509,1937,127,0,0,115,43,2,2,0"
NoiseDefectFree_004091.npy,0.779084779802037,"10862,1,6,0,0,0,0,0,0,1117,1920,3,0,0,24,7,0,1,1"
NoiseDefectFree_002323.npy,0.7820972600774638,"10904,1,8,0,0,0,0,0,0,1086,1910,1,0,0,26,6,0,0,0"
Defect_L8_B443_el6195_H2_W2.npy,0.75964710945345,"10591,1,59,0,0,8,1,0,62,1262,1924,3,0,0,22,9,0,0,0"
Defect_L5_B130_el3519_H4_W4.npy,0.7442260794720987,"10376,0,30,0,0,37,0,0,92,1439,1933,1,0,0,31,2,0,0,1"
NoiseDefectFree_004198.npy,0.7871180605365083,"10974,1,6,0,0,0,0,0,0,1045,1888,1,0,0,18,7,0,0,2"
NoiseDefectFree_003550.npy,0.7842490317027686,"10934,1,7,0,0,0,0,0,0,1080,1884,3,0,0,25,6,0,0,2"
Defect_L12_B159_el4519_H4_W4.npy,0.7658155214459905,"10676,0,8,0,0,0,0,0,0,1093,1882,66,0,0,160,35,11,0,11"
NoiseDefectFree_004204.npy,0.7819538086357768,"10902,1,5,0,0,0,0,0,0,1098,1907,2,0,0,23,3,0,0,1"
Defect_L2_B138_el3835_H4_W4.npy,0.7247884091235117,"10105,0,94,0,0,35,2,2,34,1476,1819,122,0,0,191,42,12,0,8"
Defect_L5_B8_el143_H4_W4.npy,0.7462343996557166,"10404,1,54,0,0,33,0,0,45,1373,1968,30,0,0,26,6,0,2,0"
Defect_L17_B121_el5862_H8_W8.npy,0.6144025247453737,"8548,0,31,0,0,0,0,0,361,1844,1744,281,2,45,918,98,51,17,2"
NoiseDefectFree_001640.npy,0.779371682685411,"10866,0,6,0,0,0,0,0,0,1102,1936,0,0,0,28,4,0,0,0"
NoiseDefectFree_000061.npy,0.792999569645675,"11056,0,8,0,0,0,0,0,0,1016,1832,3,0,0,23,3,0,0,1"
NoiseDefectFree_001241.npy,0.7885525749533783,"10994,1,4,0,0,0,0,0,0,1051,1869,0,0,0,18,3,0,0,2"
Defect_L17_B409_el5843_H2_W2.npy,0.7694018074881652,"10722,0,3,0,0,0,0,0,0,1138,1837,60,0,4,113,40,18,3,4"
Defect_L10_B129_el6205_H8_W8.npy,0.6276000573805767,"8682,1,87,0,0,138,0,0,133,2144,2314,197,0,0,209,30,4,2,1"
NoiseDefectFree_002344.npy,0.786042174723856,"10959,2,9,0,0,0,0,0,0,1075,1864,1,0,0,28,4,0,0,0"
NoiseDefectFree_002121.npy,0.7872615119781954,"10976,1,8,0,0,0,0,0,0,1077,1843,1,0,0,29,6,0,0,1"
NoiseDefectFree_001525.npy,0.7843924831444556,"10936,0,10,0,0,0,0,0,0,1059,1902,0,0,0,28,4,0,0,3"
Defect_L5_B97_el2503_H4_W4.npy,0.7391335532922105,"10305,2,32,0,0,35,2,0,65,1516,1951,0,0,0,29,3,0,0,2"
NoiseDefectFree_000154.npy,0.7874049634198824,"10978,1,5,0,0,0,0,0,0,1071,1848,2,0,0,29,8,0,0,0"
NoiseDefectFree_000482.npy,0.7869746090948214,"10972,2,3,0,0,0,0,0,1,1140,1797,3,0,0,17,6,0,0,1"
Defect_L16_B43_el2131_H8_W8.npy,0.6476115334959116,"9016,0,16,0,0,0,0,0,115,1725,1959,149,1,6,858,67,19,10,1"
Defect_L8_B392_el5525_H2_W2.npy,0.7690431788839478,"10722,3,54,0,0,6,0,0,66,1185,1837,0,0,0,56,12,0,0,1"
Defect_L7_B58_el2810_H8_W8.npy,0.6788839477836752,"9465,0,68,0,0,42,0,0,217,1926,1862,113,0,0,234,14,0,0,1"
NoiseDefectFree_001763.npy,0.786902883373978,"10971,1,9,0,0,0,0,0,0,1081,1857,0,0,0,19,3,0,0,1"
Defect_L17_B108_el2847_H4_W4.npy,0.7423612107301678,"10349,2,5,0,0,0,0,0,4,1352,1828,110,3,4,230,38,11,3,3"
Defect_L5_B4_el127_H4_W4.npy,0.7349734614832879,"10247,0,40,0,0,28,3,2,41,1465,1984,102,0,0,18,6,0,1,5"
Defect_L6_B57_el795_H2_W2.npy,0.7679672930712954,"10704,0,44,0,0,8,1,0,22,1212,1922,0,0,0,23,5,0,0,1"
Defect_L3_B429_el6167_H2_W2.npy,0.7508965715105437,"10463,0,65,2,0,10,2,0,56,1257,2010,2,0,0,62,13,0,0,0"
NoiseDefectFree_004854.npy,0.7849662889112036,"10944,0,4,0,0,0,0,0,0,1096,1878,0,0,0,18,2,0,0,0"
NoiseDefectFree_002712.npy,0.780088939893846,"10876,3,13,0,0,0,0,0,0,1126,1888,1,0,0,27,5,0,0,3"
Defect_L18_B181_el2179_H2_W2.npy,0.7690431788839478,"10718,0,8,0,0,0,0,0,0,1176,1846,46,0,2,89,29,14,7,7"
NoiseDefectFree_004151.npy,0.7920671352747095,"11043,0,6,0,0,0,0,0,0,1000,1872,0,0,0,19,2,0,0,0"
NoiseDefectFree_001334.npy,0.7846793860278296,"10940,0,5,0,0,0,0,0,0,1035,1934,0,0,0,23,4,0,0,1"
Defect_L16_B116_el3179_H4_W4.npy,0.75964710945345,"10586,0,3,0,0,0,0,0,0,1115,1813,86,0,0,282,42,11,1,3"
Defect_L15_B35_el1501_H8_W8.npy,0.6405824128532491,"8872,0,5,0,0,1,0,0,61,1640,2304,105,5,0,858,73,10,1,7"
Defect_L9_B267_el3515_H2_W2.npy,0.7630182183330942,"10633,1,47,0,0,9,0,0,64,1273,1852,0,0,0,58,5,0,0,0"
Defect_L19_B50_el1163_H4_W4.npy,0.6878496628891121,"9590,0,60,0,0,3,0,1,65,1536,2172,71,2,4,300,81,19,17,21"
NoiseDefectFree_003851.npy,0.7791565055228805,"10863,1,5,0,0,0,0,0,0,1109,1928,1,0,0,25,9,0,0,1"
Defect_L6_B131_el3523_H4_W4.npy,0.753263520298379,"10492,1,30,0,0,25,0,0,69,1389,1889,0,0,0,41,6,0,0,0"
NoiseDefectFree_004125.npy,0.7848945631903601,"10943,0,0,0,0,0,0,0,0,1088,1876,0,0,0,30,5,0,0,0"
Defect_L16_B129_el3515_H4_W4.npy,0.7539090517859705,"10501,0,6,0,0,0,0,0,0,1132,1864,92,2,0,297,38,7,0,3"
NoiseDefectFree_004789.npy,0.7848945631903601,"10943,0,9,0,0,0,0,0,0,1064,1888,2,0,0,27,8,0,0,1"
NoiseDefectFree_002867.npy,0.7820972600774638,"10904,0,4,0,0,0,0,0,0,1142,1870,1,0,0,16,4,0,0,1"
NoiseDefectFree_001387.npy,0.7801606656146894,"10877,0,4,0,0,0,0,0,0,1099,1927,5,0,0,22,5,0,1,2"
Defect_L2_B201_el5855_H4_W4.npy,0.7022665327786545,"9791,2,114,1,0,46,3,3,88,1639,1890,127,0,0,166,47,18,6,1"
NoiseDefectFree_003068.npy,0.785324917515421,"10949,1,5,0,0,0,0,0,0,1064,1893,1,0,0,22,6,0,0,1"
Defect_L16_B121_el1491_H2_W2.npy,0.7711949505092526,"10745,1,10,0,0,0,0,0,0,1127,1939,32,0,0,56,26,3,0,3"
NoiseDefectFree_003630.npy,0.7879787691866303,"10986,0,10,0,0,0,0,0,0,1096,1822,0,0,0,19,8,0,0,1"
Defect_L13_B32_el461_H2_W2.npy,0.7567780806197102,"10551,1,12,0,0,0,0,0,0,1224,1909,63,0,0,100,44,13,8,17"
Defect_L5_B89_el4189_H8_W8.npy,0.687562760005738,"9586,2,42,0,0,48,0,0,121,1773,2118,27,0,0,212,11,0,0,2"
NoiseDefectFree_003029.npy,0.7874049634198824,"10978,0,4,0,0,0,0,0,0,1094,1822,3,0,0,30,6,0,3,2"
NoiseDefectFree_002970.npy,0.7863290776072299,"10963,1,10,0,0,0,0,0,0,1062,1878,0,0,0,23,4,0,0,1"
Defect_L18_B193_el5539_H4_W4.npy,0.7243580547984507,"10092,0,31,0,0,0,0,0,106,1286,1894,112,1,7,324,46,30,9,4"
Defect_L17_B72_el825_H2_W2.npy,0.7639506527040597,"10647,1,7,0,0,0,0,0,0,1163,1944,33,1,4,80,41,13,2,6"
Defect_L3_B108_el5197_H8_W8.npy,0.629393200401664,"8745,0,112,1,0,106,2,27,246,1876,2213,259,0,0,311,41,0,2,1"
NoiseDefectFree_004264.npy,0.7799454884521589,"10874,2,4,0,0,0,0,0,0,1101,1933,0,0,0,24,3,0,0,1"
NoiseDefectFree_000646.npy,0.7877635920240998,"10983,3,13,0,0,0,0,0,0,1081,1841,1,0,0,16,2,0,1,1"
Defect_L7_B343_el4831_H2_W2.npy,0.7745660593888969,"10799,1,30,0,0,1,0,0,26,1181,1876,2,0,0,24,2,0,0,0"
NoiseDefectFree_002075.npy,0.7957251470377277,"11094,0,8,0,0,0,0,0,0,1056,1754,0,0,0,22,8,0,0,0"
NoiseDefectFree_000342.npy,0.7897001864868742,"11010,0,10,0,0,0,0,0,0,1028,1862,0,0,0,23,6,0,1,2"
Defect_L3_B247_el3475_H2_W2.npy,0.7671065844211734,"10689,2,44,3,0,4,2,0,47,1182,1834,28,0,0,96,8,0,0,3"
NoiseDefectFree_001623.npy,0.7888394778367522,"10998,0,5,0,0,0,0,0,0,1070,1828,3,0,0,26,10,0,0,2"
Defect_L10_B164_el4823_H4_W4.npy,0.7635920240998422,"10624,2,57,0,0,13,0,0,85,1395,1603,51,0,0,89,21,0,0,2"
Defect_L9_B57_el1475_H4_W4.npy,0.6856978912638072,"9541,0,98,1,0,42,0,0,92,1908,2027,65,0,0,129,20,7,0,12"
Defect_L6_B96_el2499_H4_W4.npy,0.7360493472959403,"10256,1,46,0,0,31,1,0,64,1619,1895,0,0,0,23,5,0,0,1"
Defect_L8_B83_el1131_H2_W2.npy,0.7508248457897002,"10468,1,58,0,0,13,0,0,39,1332,1989,8,0,0,26,8,0,0,0"
Defect_L2_B436_el6181_H2_W2.npy,0.7466647539807775,"10410,1,72,0,0,5,7,0,51,1326,2013,1,0,0,42,13,0,0,1"
Defect_L14_B77_el835_H2_W2.npy,0.7717687562760006,"10760,2,8,0,0,0,0,0,0,1084,1901,43,1,0,78,53,7,1,4"
NoiseDefectFree_000075.npy,0.7758571223640798,"10817,1,7,0,0,0,0,0,0,1165,1922,3,0,0,15,11,0,0,1"
Defect_L17_B163_el2143_H2_W2.npy,0.7433653708219767,"10360,1,2,0,0,0,0,0,0,1242,2130,43,1,4,107,38,11,1,2"
Defect_L14_B40_el1823_H8_W8.npy,0.610816238703199,"8456,0,10,0,0,0,0,0,59,1987,2131,165,5,60,940,94,25,3,7"
NoiseDefectFree_002052.npy,0.7841773059819251,"10933,0,11,0,0,0,0,0,0,1060,1899,0,0,0,29,7,0,0,3"
NoiseDefectFree_002542.npy,0.785468368957108,"10951,1,8,0,0,0,0,0,0,1058,1896,0,0,0,23,5,0,0,0"
NoiseDefectFree_001302.npy,0.7871897862573519,"10975,0,6,0,0,0,0,0,0,1110,1814,0,0,0,25,10,0,0,2"
Defect_L12_B379_el5499_H2_W2.npy,0.7734184478554009,"10783,0,3,0,0,0,0,0,3,1197,1638,74,0,0,177,41,16,3,7"
Defect_L10_B20_el475_H4_W4.npy,0.7364797016210013,"10243,3,119,1,0,26,1,0,26,1533,1825,33,0,0,89,20,1,0,22"
NoiseDefectFree_001305.npy,0.7878353177449433,"10984,1,3,0,0,0,0,0,0,1122,1800,1,0,0,25,3,0,1,2"
Defect_L13_B174_el5163_H4_W4.npy,0.733538947066418,"10223,1,5,0,0,0,0,0,62,1367,1644,150,4,3,407,51,17,0,8"
Defect_L16_B101_el1167_H2_W2.npy,0.7717687562760006,"10753,1,5,0,0,0,0,0,0,1076,1950,31,0,0,80,39,2,0,5"
NoiseDefectFree_002600.npy,0.7812365514273418,"10892,0,10,0,0,0,0,0,0,1158,1853,0,0,0,24,5,0,0,0"
NoiseDefectFree_002574.npy,0.7870463348156649,"10973,0,8,0,0,0,0,0,0,1071,1850,1,0,0,32,6,0,0,1"
NoiseDefectFree_003187.npy,0.7833883230526467,"10922,1,1,0,0,0,0,0,0,1086,1897,0,0,0,27,5,0,0,3"
NoiseDefectFree_002769.npy,0.7863290776072299,"10963,0,12,0,0,0,0,0,0,1114,1823,0,0,0,20,9,0,0,1"
NoiseDefectFree_004832.npy,0.7883373977908478,"10991,1,7,0,0,0,0,0,0,1057,1850,1,0,0,31,3,0,0,1"
NoiseDefectFree_004224.npy,0.7814517285898723,"10895,1,3,0,0,0,0,0,0,1114,1894,1,0,0,29,3,0,1,1"
Defect_L4_B168_el2153_H2_W2.npy,0.752976617415005,"10498,1,38,0,0,9,5,0,40,1258,2062,1,0,0,25,4,0,1,0"
NoiseDefectFree_002107.npy,0.7867594319322909,"10969,0,3,0,0,0,0,0,0,1064,1879,1,0,0,17,9,0,0,0"
NoiseDefectFree_002680.npy,0.7826710658442118,"10912,0,11,0,0,0,0,0,0,1106,1883,0,0,0,20,10,0,0,0"
NoiseDefectFree_001388.npy,0.7872615119781954,"10976,1,5,0,0,0,0,0,0,1064,1863,0,0,0,25,3,0,3,2"
Defect_L3_B98_el4833_H8_W8.npy,0.6472529048916942,"9015,1,73,5,0,120,4,9,235,1967,1922,127,0,0,422,41,1,0,0"
Defect_L17_B451_el6211_H2_W2.npy,0.7758571223640798,"10812,2,8,0,0,0,0,0,0,1099,1813,57,1,3,86,38,18,2,3"
Defect_L11_B117_el5834_H8_W8.npy,0.6600200832018361,"9202,0,71,0,0,0,2,3,293,1428,1710,229,0,0,871,72,46,1,14"
NoiseDefectFree_001280.npy,0.7894132836035002,"11006,1,12,0,0,0,0,0,0,1098,1808,0,0,0,14,2,0,0,1"
NoiseDefectFree_000805.npy,0.7820972600774638,"10904,0,3,0,0,0,0,0,0,1096,1913,0,0,0,21,3,0,0,2"
NoiseDefectFree_001556.npy,0.7828145172858987,"10914,1,8,0,0,0,0,0,0,1077,1908,0,0,0,29,4,0,0,1"
Defect_L5_B11_el472_H8_W8.npy,0.65578826567207,"9143,7,92,0,0,187,6,3,68,1935,2358,96,0,0,35,10,0,1,1"
NoiseDefectFree_004567.npy,0.7847511117486731,"10941,2,6,0,0,0,0,0,0,1108,1851,0,0,0,27,5,0,0,2"
Defect_L6_B179_el2175_H2_W2.npy,0.7744943336680533,"10795,1,24,0,0,6,0,0,28,1190,1868,0,0,0,27,3,0,0,0"
NoiseDefectFree_004842.npy,0.7844642088652991,"10937,0,10,0,0,0,0,0,0,1086,1879,1,0,0,27,2,0,0,0"
NoiseDefectFree_003595.npy,0.7849662889112036,"10944,1,11,0,0,0,0,0,1,1069,1891,0,0,0,18,7,0,0,0"
Defect_L10_B81_el2139_H4_W4.npy,0.7054941902166116,"9814,0,74,0,0,30,0,0,72,1758,1953,89,0,0,120,26,1,0,5"
Defect_L18_B419_el5863_H2_W2.npy,0.772414287763592,"10766,1,8,0,0,0,0,0,0,1113,1814,52,0,2,112,42,21,6,5"
Defect_L18_B1_el115_H4_W4.npy,0.7064266245875771,"9829,3,61,0,0,0,0,0,31,1400,2119,86,0,6,329,32,13,26,7"
NoiseDefectFree_004178.npy,0.7828862430067423,"10915,0,11,0,0,0,0,0,0,1130,1865,0,0,0,14,7,0,0,0"
NoiseDefectFree_001309.npy,0.7838186773777076,"10928,0,5,0,0,0,0,0,0,1131,1848,0,0,0,23,7,0,0,0"
NoiseDefectFree_003453.npy,0.7863290776072299,"10963,0,7,0,0,0,0,0,0,1041,1895,2,0,0,28,4,0,0,2"
NoiseDefectFree_003696.npy,0.7919236838330225,"11041,0,6,0,0,0,0,0,0,1009,1863,0,0,0,20,3,0,0,0"
NoiseDefectFree_004243.npy,0.785468368957108,"10951,2,5,0,0,0,0,0,0,1062,1893,0,0,0,22,6,0,0,1"
NoiseDefectFree_002199.npy,0.7891263807201262,"11002,5,6,0,0,0,0,0,0,1052,1838,1,0,0,26,12,0,0,0"
NoiseDefectFree_004426.npy,0.7798737627313155,"10873,0,12,0,0,0,0,0,0,1084,1947,0,0,0,17,7,0,0,2"
Defect_L3_B371_el5199_H2_W2.npy,0.7647396356333381,"10661,2,41,0,0,3,5,0,68,1140,1988,0,0,0,25,7,0,0,2"
NoiseDefectFree_000944.npy,0.784607660306986,"10939,0,8,0,0,0,0,0,0,1109,1859,0,0,0,23,4,0,0,0"
NoiseDefectFree_000823.npy,0.7875484148615693,"10980,1,6,0,0,0,0,0,0,1103,1830,0,0,0,18,4,0,0,0"
Defect_L14_B36_el823_H4_W4.npy,0.714388179601205,"9945,1,15,0,0,0,0,0,6,1317,2143,90,2,15,299,82,13,1,13"
Defect_L16_B348_el4855_H2_W2.npy,0.7829579687275857,"10916,3,8,0,0,0,0,0,0,1096,1795,35,0,0,66,12,4,1,6"
Defect_L17_B1_el115_H4_W4.npy,0.7094391048630039,"9882,2,42,0,0,0,0,0,36,1355,2130,92,0,5,333,26,16,19,4"
Defect_L7_B347_el4853_H2_W2.npy,0.7760005738057667,"10819,1,21,0,0,0,0,0,28,1134,1904,2,0,0,21,7,0,1,4"
NoiseDefectFree_004548.npy,0.785038014632047,"10945,1,9,0,0,0,0,0,0,1081,1877,1,0,0,22,4,0,0,2"
NoiseDefectFree_002539.npy,0.7838904030985512,"10929,0,9,0,0,0,0,0,0,1155,1817,1,0,0,22,6,0,0,3"
Defect_L2_B278_el3821_H2_W2.npy,0.7560608234112752,"10541,0,47,0,0,8,3,0,57,1285,1894,1,0,0,100,5,0,0,1"
Defect_L9_B66_el3160_H8_W8.npy,0.6721417300243867,"9347,0,83,0,0,131,2,28,173,1988,1812,55,0,0,279,16,14,0,14"
Defect_L6_B41_el1127_H4_W4.npy,0.7119495050925262,"9917,1,46,0,0,32,0,0,53,1571,2268,10,0,0,35,8,0,1,0"
NoiseDefectFree_003055.npy,0.7791565055228805,"10863,2,10,0,0,0,0,0,0,1132,1904,2,0,0,19,9,0,0,1"
NoiseDefectFree_003676.npy,0.7869746090948214,"10972,0,5,0,0,0,0,0,0,1083,1853,0,0,0,21,8,0,0,0"
Defect_L2_B187_el2475_H2_W2.npy,0.7370535073877492,"10276,1,53,0,0,10,4,1,42,1368,2123,1,0,0,57,6,0,0,0"
Defect_L10_B101_el2803_H4_W4.npy,0.7449433366805336,"10364,1,48,0,0,5,0,0,87,1417,1786,77,0,0,148,8,0,0,1"
Defect_L11_B380_el5501_H2_W2.npy,0.7711949505092526,"10752,0,11,0,0,0,0,0,1,1194,1705,64,0,0,155,29,17,2,12"
NoiseDefectFree_003301.npy,0.7890546549992827,"11001,1,4,0,0,0,0,0,0,1072,1832,3,0,0,24,5,0,0,0"
NoiseDefectFree_003311.npy,0.7787261511978195,"10857,0,4,0,0,0,0,0,0,1113,1929,1,0,0,30,8,0,0,0"
Defect_L18_B66_el813_H2_W2.npy,0.7589298522450151,"10577,1,15,0,0,0,0,0,0,1213,1927,30,0,2,94,42,16,9,16"
Defect_L2_B105_el2835_H4_W4.npy,0.6867020513556161,"9574,2,52,0,0,35,1,0,98,1922,2186,0,0,0,64,7,0,0,1"
Defect_L4_B125_el6177_H8_W8.npy,0.635920240998422,"8866,2,124,0,0,277,5,37,199,1866,2042,258,0,0,200,60,6,0,0"
NoiseDefectFree_000833.npy,0.7866159804906039,"10967,0,9,0,0,0,0,0,0,1058,1878,1,0,0,24,5,0,0,0"
NoiseDefectFree_003463.npy,0.784607660306986,"10939,2,10,0,0,0,0,0,0,1068,1893,2,0,0,22,3,0,0,3"
Defect_L16_B399_el5539_H2_W2.npy,0.7795868598479415,"10863,1,11,0,0,0,0,0,0,1056,1865,39,0,0,68,30,4,0,5"
NoiseDefectFree_000055.npy,0.7832448716109597,"10920,0,4,0,0,0,0,0,0,1063,1909,1,0,0,35,7,0,0,3"
NoiseDefectFree_003452.npy,0.7765743795725147,"10827,0,10,0,0,0,0,0,0,1153,1917,4,0,0,25,6,0,0,0"
Defect_L6_B29_el795_H4_W4.npy,0.7222780088939894,"10062,1,54,0,0,41,0,0,52,1549,2139,16,0,0,20,7,0,0,1"
NoiseDefectFree_001482.npy,0.780088939893846,"10876,0,2,0,0,0,0,0,0,1135,1910,0,0,0,13,6,0,0,0"
NoiseDefectFree_004874.npy,0.7813082771481853,"10893,1,10,0,0,0,0,0,0,1107,1895,0,0,0,26,8,0,0,2"
Defect_L2_B297_el3859_H2_W2.npy,0.7712666762300961,"10753,0,45,0,0,8,3,0,50,1059,1954,1,0,0,65,3,0,0,1"
NoiseDefectFree_003336.npy,0.7815951800315594,"10897,1,8,0,0,0,0,0,0,1131,1870,0,0,0,27,7,0,0,1"
Defect_L4_B213_el2811_H2_W2.npy,0.7559173719695883,"10539,0,30,0,0,4,1,0,42,1357,1936,0,0,0,26,6,0,0,1"
NoiseDefectFree_004927.npy,0.7858269975613255,"10956,0,11,0,0,0,0,0,0,1096,1851,1,0,0,20,5,0,0,2"
Defect_L7_B190_el2481_H2_W2.npy,0.7475971883517429,"10422,0,31,0,0,8,3,0,50,1384,2013,2,0,0,22,3,0,0,4"
Defect_L9_B188_el5519_H4_W4.npy,0.7186199971309711,"9998,2,88,0,0,40,2,1,125,1702,1760,94,0,0,107,11,7,1,4"
Defect_L9_B85_H4_W8.npy,0.7237842490317028,"10087,2,27,0,0,32,0,0,68,1807,1777,51,0,0,77,12,0,0,2"
Defect_L4_B129_el1507_H2_W2.npy,0.7598622866159805,"10593,1,39,1,0,11,5,0,40,1253,1963,2,0,0,27,6,0,0,1"
Defect_L10_B372_el5201_H2_W2.npy,0.759790560895137,"10584,0,38,0,0,0,0,0,39,1271,1971,1,0,0,29,8,0,0,1"
NoiseDefectFree_000769.npy,0.7825993401233683,"10911,1,8,0,0,0,0,0,0,1068,1917,1,0,0,25,9,0,0,2"
NoiseDefectFree_002066.npy,0.785468368957108,"10951,1,5,0,0,0,0,0,0,1041,1908,1,0,0,27,8,0,0,0"
Defect_L11_B89_el1143_H2_W2.npy,0.7554870176445273,"10533,2,14,0,0,0,0,0,0,1220,1969,40,0,0,107,33,10,5,9"
Defect_L9_B447_el6203_H2_W2.npy,0.759073303686702,"10577,0,73,0,0,9,1,0,53,1244,1926,2,0,0,42,13,0,1,1"
Defect_L10_B46_el1147_H4_W4.npy,0.7059245445416726,"9817,4,100,0,0,23,0,0,47,1755,1964,62,0,0,127,27,3,0,13"
NoiseDefectFree_004525.npy,0.7876201405824128,"10981,0,12,0,0,0,0,0,0,1051,1866,0,0,0,25,6,0,0,1"
NoiseDefectFree_002718.npy,0.7879787691866303,"10986,0,7,0,0,0,0,0,0,1044,1873,0,0,0,28,4,0,0,0"
NoiseDefectFree_002080.npy,0.7827427915650552,"10913,0,5,0,0,0,0,0,0,1086,1906,0,0,0,24,8,0,0,0"
Defect_L4_B131_el1795_H2_W2.npy,0.7473820111892124,"10419,1,45,1,0,2,3,0,37,1291,2075,26,0,0,30,10,0,0,2"
NoiseDefectFree_000952.npy,0.7819538086357768,"10902,2,8,0,0,0,0,0,0,1080,1923,1,0,0,21,4,0,0,1"
Defect_L18_B114_el5526_H8_W8.npy,0.6120355759575383,"8506,0,92,0,0,0,0,0,367,1947,1568,264,1,42,977,79,51,35,13"
NoiseDefectFree_002483.npy,0.7858269975613255,"10956,0,9,0,0,0,0,0,0,1023,1929,1,0,0,19,5,0,0,0"
NoiseDefectFree_001760.npy,0.7851814660737341,"10947,2,6,0,0,0,0,0,0,1140,1824,1,0,0,19,2,0,0,1"
NoiseDefectFree_004423.npy,0.7833165973318031,"10921,3,9,0,0,0,0,0,0,1103,1865,0,0,0,28,11,0,0,2"
Defect_L5_B219_el6211_H4_W4.npy,0.739635633338115,"10312,2,31,0,0,46,3,0,102,1413,1944,18,0,0,52,17,0,0,2"
Defect_L13_B163_el4819_H4_W4.npy,0.7748529622722709,"10803,0,6,0,0,0,1,0,37,1159,1560,122,0,0,209,26,14,1,4"
Defect_L2_B366_el5189_H2_W2.npy,0.7575670635489886,"10562,0,67,1,0,9,2,0,78,1319,1844,0,0,0,53,6,0,0,1"
NoiseDefectFree_003702.npy,0.7872615119781954,"10976,2,6,0,0,0,0,0,0,1068,1863,1,0,0,20,5,1,0,0"
NoiseDefectFree_004244.npy,0.7825276144025247,"10910,1,8,0,0,0,0,0,0,1098,1899,1,0,0,21,4,0,0,0"
NoiseDefectFree_000689.npy,0.7863290776072299,"10963,1,10,0,0,0,0,0,0,1027,1916,2,0,0,16,6,0,0,1"
NoiseDefectFree_003433.npy,0.7899870893702482,"11014,1,15,0,0,0,0,0,0,1089,1794,2,0,0,21,6,0,0,0"
NoiseDefectFree_004945.npy,0.7833883230526467,"10922,0,6,0,0,0,0,0,0,1077,1903,0,0,0,26,5,0,0,3"
NoiseDefectFree_000967.npy,0.7812365514273418,"10892,1,4,0,0,0,0,0,0,1091,1919,0,0,0,26,9,0,0,0"
Defect_L17_B42_el481_H2_W2.npy,0.7682541959546694,"10707,0,11,0,0,0,0,0,0,1137,1896,38,1,4,76,41,16,5,10"
NoiseDefectFree_002714.npy,0.7882656720700043,"10990,0,4,0,0,0,0,0,0,1068,1856,1,0,0,19,3,0,0,1"
NoiseDefectFree_004758.npy,0.785611820398795,"10953,1,8,0,0,0,0,0,0,1085,1867,1,0,0,17,10,0,0,0"
Defect_L11_B423_el5871_H2_W2.npy,0.7691866303256347,"10724,3,3,0,0,0,0,0,0,1140,1831,59,0,0,128,28,14,6,6"
Defect_L14_B323_el4493_H2_W2.npy,0.785468368957108,"10951,0,3,0,0,0,0,0,0,1112,1723,30,0,0,102,10,6,1,4"
Defect_L18_B161_el4527_H4_W4.npy,0.7533352460192225,"10503,1,9,0,0,0,0,0,0,1363,1763,79,0,0,175,36,7,0,6"
NoiseDefectFree_003573.npy,0.7830296944484292,"10917,1,2,0,0,0,0,0,0,1061,1935,0,0,0,21,2,0,0,3"
Defect_L3_B80_el3832_H8_W8.npy,0.6395782527614402,"8864,2,126,2,1,211,3,6,105,2016,1937,210,0,0,401,46,8,0,4"
NoiseDefectFree_001991.npy,0.785611820398795,"10953,0,3,0,0,0,0,0,0,1070,1882,4,0,0,21,7,0,1,1"
NoiseDefectFree_001206.npy,0.7914933295079616,"11035,1,8,0,0,0,0,0,0,1064,1801,1,0,0,22,10,0,0,0"
NoiseDefectFree_004972.npy,0.7875484148615693,"10980,0,8,0,0,0,0,0,0,1061,1852,2,0,0,30,9,0,0,0"
Defect_L5_B383_el5507_H2_W2.npy,0.766747955816956,"10690,0,28,1,0,3,2,0,41,1249,1888,2,0,0,26,8,0,1,3"
NoiseDefectFree_003601.npy,0.7883373977908478,"10991,0,7,0,0,0,0,0,0,1115,1812,0,0,0,14,3,0,0,0"
Defect_L14_B423_el5871_H2_W2.npy,0.7707645961841917,"10746,0,6,0,0,0,0,0,0,1078,1877,53,1,0,127,39,8,0,7"
Defect_L16_B112_el1473_H2_W2.npy,0.7637354755415292,"10641,1,3,0,0,0,0,0,0,1147,2002,34,0,0,69,37,2,1,5"
Defect_L18_B164_el2145_H2_W2.npy,0.7423612107301678,"10347,0,6,0,0,0,0,0,0,1371,1981,41,0,2,120,47,16,5,6"
Defect_L8_B410_el5845_H2_W2.npy,0.747023382584995,"10415,0,65,0,0,5,0,0,63,1347,1987,2,0,0,49,9,0,0,0"
Defect_L18_B89_el4189_H8_W8.npy,0.6587290202266533,"9181,0,11,0,0,0,0,0,182,1864,1741,215,3,3,653,60,18,7,4"
Defect_L13_B186_el5511_H4_W4.npy,0.7223497346148329,"10070,0,38,0,0,0,2,0,64,1320,1733,131,2,17,479,40,36,3,7"
NoiseDefectFree_001626.npy,0.7876918663032564,"10982,0,6,0,0,0,0,0,0,1125,1789,0,0,0,28,10,1,1,0"
NoiseDefectFree_000537.npy,0.7814517285898723,"10895,1,5,0,0,0,0,0,0,1146,1869,0,0,0,17,8,0,1,0"
Defect_L14_B145_el4147_H4_W4.npy,0.7624444125663463,"10630,0,2,0,0,0,0,0,18,1319,1523,121,0,0,285,30,7,2,5"
Defect_L13_B224_el2847_H2_W2.npy,0.7637354755415292,"10648,0,4,0,0,0,0,0,0,1160,1929,44,0,0,118,30,5,0,4"
NoiseDefectFree_004213.npy,0.7781523454310716,"10849,0,10,0,0,0,0,0,0,1098,1948,0,0,0,29,8,0,0,0"
Defect_L9_B69_el3181_H8_W8.npy,0.6149763305121216,"8541,2,76,0,0,104,1,0,256,2129,2262,183,0,0,357,25,3,2,1"
NoiseDefectFree_003508.npy,0.7908477980203701,"11026,2,5,0,0,0,0,0,0,1029,1852,1,0,0,21,6,0,0,0"
Defect_L19_B52_el1171_H4_W4.npy,0.7156075168555444,"9977,3,64,0,0,1,0,0,35,1322,2101,51,2,5,252,70,22,15,22"
Defect_L17_B115_el5533_H8_W8.npy,0.6259503658011764,"8714,2,21,0,0,0,1,1,253,1887,1603,238,5,39,1035,85,32,23,3"
NoiseDefectFree_002709.npy,0.7820972600774638,"10904,1,11,0,0,0,0,0,0,1088,1913,1,0,0,18,4,0,0,2"
Defect_L11_B437_el6183_H2_W2.npy,0.7643810070291206,"10657,0,5,0,0,0,0,0,0,1164,1856,65,0,0,127,34,20,6,8"
Defect_L3_B74_el3503_H8_W8.npy,0.6197819538086358,"8579,1,168,2,0,195,2,16,117,2058,2114,157,0,0,485,22,13,0,13"
NoiseDefectFree_004663.npy,0.7909912494620571,"11028,0,3,0,0,0,0,0,0,1048,1833,0,0,0,28,2,0,0,0"
NoiseDefectFree_004022.npy,0.7757136709223927,"10815,0,11,0,0,0,0,0,0,1130,1939,1,0,0,35,10,0,1,0"
NoiseDefectFree_001855.npy,0.791134700903744,"11030,1,6,0,0,0,0,0,0,1036,1831,0,0,0,25,11,0,0,2"
Defect_L7_B48_el493_H2_W2.npy,0.7719122077176875,"10761,1,60,0,0,11,1,0,23,1159,1893,1,0,0,25,7,0,0,0"
NoiseDefectFree_002873.npy,0.7823841629608378,"10908,0,4,0,0,0,0,0,0,1114,1882,1,0,0,20,11,0,0,2"
NoiseDefectFree_003031.npy,0.7884091235116913,"10992,2,6,0,0,0,0,0,0,1008,1903,0,0,0,22,6,0,0,3"
NoiseDefectFree_001646.npy,0.7895567350451872,"11008,0,3,0,0,0,0,0,0,996,1905,0,0,0,23,7,0,0,0"
NoiseDefectFree_003418.npy,0.7865442547697604,"10966,1,12,0,0,0,0,0,0,1094,1839,0,0,0,23,7,0,0,0"
NoiseDefectFree_003477.npy,0.7816669057524028,"10898,2,1,0,0,0,0,0,0,1177,1841,0,0,0,21,1,0,0,1"
Defect_L15_B146_el1825_H2_W2.npy,0.7697604360923828,"10726,1,8,0,0,0,0,0,0,1094,1971,33,0,0,77,24,2,1,5"
NoiseDefectFree_001793.npy,0.7788696026395066,"10859,3,9,0,0,0,0,0,0,1166,1882,0,0,0,16,5,0,0,2"
NoiseDefectFree_003798.npy,0.7803041170563764,"10879,0,14,0,0,0,0,0,0,1182,1842,2,0,0,17,6,0,0,0"
NoiseDefectFree_003369.npy,0.7903457179744656,"11019,0,3,0,0,0,0,0,0,1051,1834,0,0,0,29,3,0,0,3"
Defect_L6_B95_el1155_H2_W2.npy,0.7726294649261225,"10769,0,37,0,0,6,0,0,25,1213,1860,0,0,0,25,6,0,0,1"
Defect_L3_B172_el2161_H2_W2.npy,0.7527614402524745,"10487,1,50,0,0,8,6,1,42,1305,2006,0,0,0,28,7,0,0,1"
Defect_L4_B120_el1489_H2_W2.npy,0.7663893272127384,"10685,1,47,0,0,7,6,0,36,1203,1923,0,0,0,25,8,0,0,1"
Defect_L16_B307_el4163_H2_W2.npy,0.7768612824558887,"10829,0,9,0,0,0,0,0,0,1126,1672,49,1,4,206,32,6,1,7"
Defect_L10_B228_el3139_H2_W2.npy,0.7709797733467222,"10743,2,35,0,0,1,1,0,42,1209,1816,3,0,0,74,11,0,1,4"
Defect_L14_B106_el5183_H8_W8.npy,0.6598049060393057,"9152,1,8,0,0,0,0,0,97,1782,1567,160,2,47,946,134,32,13,1"
NoiseDefectFree_000127.npy,0.7914933295079616,"11035,1,10,0,0,0,0,0,0,1067,1787,2,0,0,33,5,0,0,2"
Defect_L7_B299_el4147_H2_W2.npy,0.77894132836035,"10860,0,28,0,0,4,0,0,41,1126,1834,1,0,0,42,6,0,0,0"
NoiseDefectFree_003877.npy,0.7815951800315594,"10897,1,2,0,0,0,0,0,0,1194,1825,1,0,0,17,4,0,0,1"
NoiseDefectFree_004452.npy,0.7870463348156649,"10973,0,4,0,0,0,0,0,0,1078,1852,3,0,0,20,11,0,0,1"
Defect_L7_B67_el3167_H8_W8.npy,0.5931717113756994,"8263,0,98,3,0,190,8,34,233,2211,2482,103,0,0,293,24,0,0,0"
NoiseDefectFree_003532.npy,0.7840338545402381,"10931,1,7,0,0,0,0,0,0,1039,1938,2,0,0,19,5,0,0,0"
NoiseDefectFree_000828.npy,0.7843207574236121,"10935,3,8,0,0,0,0,0,0,1131,1828,1,0,0,27,6,0,0,3"
Defect_L16_B101_el2803_H4_W4.npy,0.7516855544398221,"10473,2,7,0,0,0,0,0,30,1325,1798,71,0,0,190,31,8,2,5"
NoiseDefectFree_000985.npy,0.784607660306986,"10939,0,5,0,0,0,0,0,0,1084,1877,0,0,0,30,6,0,0,1"
Defect_L17_B77_el835_H2_W2.npy,0.7668196815377994,"10687,2,7,0,0,0,0,0,0,1186,1889,46,1,4,65,37,12,2,4"
NoiseDefectFree_002444.npy,0.7895567350451872,"11008,0,4,0,0,0,0,0,0,1062,1835,0,0,0,24,8,0,0,1"
Defect_L10_B146_el4151_H4_W4.npy,0.7653134414000861,"10646,0,40,0,0,19,1,0,97,1351,1580,88,0,0,98,20,0,0,2"
NoiseDefectFree_000346.npy,0.7767895567350452,"10830,0,7,0,0,0,0,0,0,1189,1881,0,0,0,32,3,0,0,0"
NoiseDefectFree_000815.npy,0.7885525749533783,"10994,1,9,0,0,0,0,0,0,1065,1844,1,0,0,18,7,0,0,3"
Defect_L12_B192_el2485_H2_W2.npy,0.7447998852388467,"10384,1,10,0,0,0,0,0,0,1313,1976,49,0,0,162,30,9,0,8"
Defect_L12_B34_el1494_H8_W8.npy,0.5928130827714818,"8245,0,69,0,0,1,0,0,129,1933,2173,245,4,34,945,116,35,2,11"
NoiseDefectFree_002117.npy,0.7853966432362646,"10950,1,6,0,0,0,0,0,0,1107,1850,0,0,0,22,5,0,0,1"
NoiseDefectFree_000794.npy,0.786185626165543,"10961,1,5,0,0,0,0,0,0,1067,1877,1,0,0,24,4,0,1,1"
Defect_L6_B262_el3505_H2_W2.npy,0.7787261511978195,"10856,1,23,0,0,3,0,0,46,1069,1904,3,0,0,25,12,0,0,0"
NoiseDefectFree_002675.npy,0.7909912494620571,"11028,0,8,0,0,0,0,0,0,1011,1869,0,0,0,21,5,0,0,0"
NoiseDefectFree_000095.npy,0.7818820829149333,"10901,2,6,0,0,0,0,0,0,1109,1898,2,0,0,22,2,0,0,0"
NoiseDefectFree_004226.npy,0.7830296944484292,"10917,0,8,0,0,0,0,0,0,1116,1867,0,0,0,22,11,0,0,1"
NoiseDefectFree_003757.npy,0.7842490317027686,"10934,0,4,0,0,0,0,0,0,1062,1909,1,0,0,25,5,0,0,2"
NoiseDefectFree_002892.npy,0.785468368957108,"10951,2,11,0,0,0,0,0,0,1051,1885,0,0,0,31,9,0,2,0"
NoiseDefectFree_002372.npy,0.7892698321618132,"11004,2,7,0,0,0,0,0,1,1050,1852,0,0,0,20,6,0,0,0"
Defect_L4_B361_el5165_H2_W2.npy,0.7713384019509396,"10754,0,33,0,0,10,4,0,41,1232,1819,0,0,0,37,12,0,0,0"
NoiseDefectFree_003229.npy,0.786042174723856,"10959,1,6,0,0,0,0,0,0,1095,1860,1,0,0,17,2,0,0,1"
Defect_L8_B208_el2517_H2_W2.npy,0.7628030411705637,"10635,0,37,0,0,9,0,0,45,1234,1932,2,0,0,44,3,0,0,1"
Defect_L17_B45_el487_H2_W2.npy,0.7672500358628604,"10693,1,3,0,0,0,0,0,0,1140,1908,38,2,3,80,50,11,6,7"
Defect_L15_B8_el129_H2_W2.npy,0.7722708363219051,"10763,0,9,0,0,0,0,0,0,1168,1836,37,0,0,68,27,11,13,10"
Defect_L15_B411_el5847_H2_W2.npy,0.7702625161382872,"10736,2,7,0,0,0,0,0,0,1142,1875,45,0,0,96,28,2,0,9"
Defect_L6_B230_el3143_H2_W2.npy,0.7714818533926266,"10752,0,32,0,0,7,0,0,19,1263,1835,1,0,0,24,7,0,0,2"
NoiseDefectFree_001866.npy,0.7822407115191508,"10906,0,7,0,0,0,0,0,0,1094,1904,0,0,0,24,7,0,0,0"
NoiseDefectFree_004613.npy,0.7889829292784393,"11000,0,14,0,0,0,0,0,0,1054,1839,0,0,0,20,13,1,1,0"
NoiseDefectFree_002646.npy,0.7887677521159088,"10997,0,8,0,0,0,0,0,0,1082,1830,0,0,0,18,7,0,0,0"
NoiseDefectFree_002244.npy,0.7846793860278296,"10940,0,7,0,0,0,0,0,0,1097,1869,1,0,0,17,8,0,0,3"
Defect_L11_B272_el3525_H2_W2.npy,0.7747812365514274,"10802,1,7,0,0,0,0,0,0,1110,1826,41,0,0,132,14,3,2,4"
NoiseDefectFree_002337.npy,0.7763592024099842,"10824,1,4,0,0,0,0,0,0,1128,1953,0,0,0,20,10,0,0,2"
NoiseDefectFree_000951.npy,0.7889829292784393,"11000,0,6,0,0,0,0,0,0,1001,1909,0,0,0,18,6,0,0,2"
NoiseDefectFree_001121.npy,0.7827427915650552,"10913,1,9,0,0,0,0,0,0,1092,1887,1,0,0,33,5,0,0,1"
NoiseDefectFree_002205.npy,0.7848945631903601,"10943,0,3,0,0,0,0,0,0,1116,1846,2,0,0,27,5,0,0,0"
NoiseDefectFree_000420.npy,0.7865442547697604,"10966,2,8,0,0,0,0,0,0,1097,1836,3,0,0,23,7,0,0,0"
NoiseDefectFree_000923.npy,0.7823124372399942,"10907,1,5,0,0,0,0,0,0,1101,1895,3,0,0,21,8,0,0,1"
Defect_L16_B189_el5523_H4_W4.npy,0.7579974178740496,"10555,1,4,0,0,0,0,0,0,1141,1787,101,2,0,298,38,11,0,4"
Defect_L7_B95_el2479_H4_W4.npy,0.695954669344427,"9697,1,62,0,0,48,6,9,83,1874,2031,42,0,0,73,14,0,0,2"
Defect_L16_B261_el3503_H2_W2.npy,0.7856835461196385,"10949,0,9,0,0,0,0,0,0,1162,1654,48,1,0,87,26,2,0,4"
Defect_L11_B122_el3487_H4_W4.npy,0.7303112896284608,"10182,0,18,0,0,1,0,0,79,1346,1737,99,0,0,412,37,19,0,12"
Defect_L12_B35_el819_H4_W4.npy,0.708578396212882,"9873,0,54,0,0,2,0,0,21,1296,2113,81,4,4,364,87,16,1,26"
Defect_L4_B144_el3859_H4_W4.npy,0.7204848658729021,"10043,1,31,4,0,25,4,7,106,1669,1856,34,0,0,144,18,0,0,0"
Defect_L18_B80_el2135_H4_W4.npy,0.6900731602352603,"9610,1,52,0,0,0,0,0,110,1617,1989,114,1,4,336,52,34,15,7"
NoiseDefectFree_001203.npy,0.7778654425476976,"10845,1,10,0,0,0,0,0,0,1153,1891,3,0,0,28,6,0,2,3"
Defect_L5_B140_el1813_H2_W2.npy,0.7648113613541816,"10663,1,26,0,0,7,0,0,26,1287,1888,1,0,0,33,10,0,0,0"
Defect_L5_B49_el1159_H4_W4.npy,0.7445847080763162,"10381,0,50,0,0,41,1,0,58,1466,1916,1,0,0,22,4,0,1,1"
NoiseDefectFree_001971.npy,0.7795868598479415,"10869,1,5,0,0,0,0,0,0,1107,1926,1,0,0,26,6,0,0,1"
NoiseDefectFree_004019.npy,0.7851814660737341,"10947,1,7,0,0,0,0,0,0,1048,1906,0,0,0,23,9,0,0,1"
NoiseDefectFree_003688.npy,0.7822407115191508,"10906,0,8,0,0,0,0,0,0,1124,1872,8,0,0,17,5,0,0,2"
NoiseDefectFree_001998.npy,0.7830296944484292,"10917,1,15,0,0,0,0,0,0,1097,1873,0,0,0,33,4,0,0,2"
NoiseDefectFree_004034.npy,0.7877635920240998,"10983,0,8,0,0,0,0,0,0,1103,1823,1,0,0,21,3,0,0,0"
NoiseDefectFree_001249.npy,0.7832448716109597,"10920,0,6,0,0,0,0,0,0,1137,1848,1,0,0,23,5,0,0,2"
NoiseDefectFree_002193.npy,0.7888394778367522,"10998,1,4,0,0,0,0,0,0,1085,1810,3,0,0,30,10,0,0,1"
NoiseDefectFree_002713.npy,0.7851097403528905,"10946,2,7,0,0,0,0,0,0,1115,1833,0,0,0,28,11,0,0,0"
NoiseDefectFree_002191.npy,0.7839621288193946,"10930,2,7,0,0,0,0,0,0,1103,1878,0,0,0,16,6,0,0,0"
NoiseDefectFree_004671.npy,0.7770764596184192,"10834,0,7,0,0,0,0,0,0,1136,1929,0,0,0,27,9,0,0,0"
Defect_L19_B210_el6175_H4_W4.npy,0.702051355616124,"9788,0,46,0,0,0,0,0,75,1612,1807,109,2,4,350,76,36,20,17"
Defect_L18_B142_el3851_H4_W4.npy,0.7187634485726582,"10013,1,23,0,0,0,0,0,52,1485,1789,122,1,7,364,49,22,12,2"
Defect_L2_B82_el3846_H8_W8.npy,0.6028546836895711,"8405,2,142,1,0,148,6,30,196,2060,2083,221,0,0,574,43,20,0,11"
Defect_L14_B252_el3485_H2_W2.npy,0.7720556591593746,"10764,0,5,0,0,0,0,0,0,1222,1691,46,1,0,172,29,7,0,5"
Defect_L8_B78_el1843_H4_W4.npy,0.7181179170850667,"10007,3,54,0,0,42,2,5,87,1654,1880,57,0,0,104,26,8,0,13"
NoiseDefectFree_002137.npy,0.7876201405824128,"10981,0,8,0,0,0,0,0,0,1045,1876,0,0,0,21,11,0,0,0"
NoiseDefectFree_001066.npy,0.7904174436953091,"11020,2,7,0,0,0,0,0,0,1071,1807,2,0,0,24,7,0,0,2"
NoiseDefectFree_000601.npy,0.7866877062114475,"10968,0,5,0,0,0,0,0,0,1087,1862,0,0,0,15,3,0,1,1"
NoiseDefectFree_004228.npy,0.7848945631903601,"10943,1,5,0,0,0,0,0,0,1088,1874,1,0,0,24,5,0,0,1"
Defect_L14_B309_el4181_H2_W2.npy,0.7805910199397504,"10883,2,4,0,0,0,0,0,0,1062,1738,46,0,0,164,28,10,0,5"
NoiseDefectFree_000078.npy,0.785898723282169,"10957,2,8,0,0,0,0,0,0,1068,1873,0,0,0,30,4,0,0,0"
Defect_L3_B448_el6205_H2_W2.npy,0.76560034428346,"10667,1,69,1,0,10,3,1,47,1166,1946,0,0,0,24,6,0,1,0"
NoiseDefectFree_002899.npy,0.7837469516568641,"10927,0,7,0,0,0,0,0,0,1112,1856,0,0,0,30,7,0,0,3"
NoiseDefectFree_004821.npy,0.7832448716109597,"10920,1,8,0,0,0,0,0,0,1086,1903,1,0,0,18,5,0,0,0"
Defect_L14_B165_el2147_H2_W2.npy,0.7521159087648831,"10486,0,4,0,0,0,0,0,0,1138,2104,48,1,0,106,38,9,0,8"
Defect_L13_B439_el6187_H2_W2.npy,0.7564911777363362,"10546,1,10,0,0,0,0,0,0,1241,1872,73,1,0,132,39,15,2,10"
Defect_L13_B14_el451_H4_W4.npy,0.7077894132836035,"9866,1,60,0,0,1,0,0,18,1286,2188,117,2,13,297,59,16,3,15"
Defect_L9_B171_el4867_H4_W4.npy,0.7521876344857266,"10486,0,37,0,0,10,0,0,77,1284,1913,53,0,0,74,8,0,0,0"
Defect_L2_B127_el3507_H4_W4.npy,0.6934442691149046,"9668,1,102,1,1,40,4,2,114,1778,1868,100,0,0,217,42,1,0,3"
Defect_L12_B428_el6165_H2_W2.npy,0.7669631329794865,"10693,2,2,0,0,0,0,0,0,1166,1804,82,0,0,118,40,24,3,8"
NoiseDefectFree_003392.npy,0.7851814660737341,"10947,0,11,0,0,0,0,0,0,1089,1851,4,0,0,29,8,0,0,3"
Defect_L9_B12_el137_H2_W2.npy,0.7732032706928704,"10776,7,62,0,0,5,0,0,23,1197,1835,9,0,0,19,8,0,0,1"
NoiseDefectFree_002561.npy,0.7881222206283173,"10988,0,7,0,0,0,0,0,0,1067,1844,1,0,0,27,7,0,0,1"
Defect_L11_B265_el3511_H2_W2.npy,0.7651699899583991,"10668,1,11,0,0,0,0,0,0,1188,1828,54,0,0,156,23,8,0,5"
NoiseDefectFree_002636.npy,0.7913498780662745,"11033,0,6,0,0,0,0,0,0,1048,1832,1,0,0,15,7,0,0,0"
Defect_L14_B150_el1833_H2_W2.npy,0.7631616697747813,"10640,0,8,0,0,0,0,0,0,1098,1997,45,1,0,108,36,5,1,3"
NoiseDefectFree_003531.npy,0.786042174723856,"10959,0,5,0,0,0,0,0,0,1080,1865,0,0,0,26,6,0,0,1"
Defect_L15_B200_el2501_H2_W2.npy,0.778654425476976,"10852,0,6,0,0,0,0,0,0,1066,1870,32,0,0,85,27,1,0,3"
NoiseDefectFree_001909.npy,0.7841773059819251,"10933,1,3,0,0,0,0,0,1,1172,1798,3,0,0,24,6,0,0,1"
NoiseDefectFree_000236.npy,0.7818820829149333,"10901,2,8,0,0,0,0,0,0,1090,1909,1,0,0,23,7,0,0,1"
NoiseDefectFree_001605.npy,0.7809496485439679,"10888,2,3,0,0,0,0,0,0,1142,1877,1,0,0,22,5,0,1,1"
Defect_L3_B17_el463_H4_W4.npy,0.6919380289771913,"9627,5,138,1,0,61,3,2,35,1690,2115,114,0,0,97,13,12,5,24"
NoiseDefectFree_003491.npy,0.7833165973318031,"10921,1,13,0,0,0,0,0,0,1099,1886,0,0,0,15,7,0,0,0"
NoiseDefectFree_001995.npy,0.7875484148615693,"10980,2,5,0,0,0,0,0,0,1048,1879,1,0,0,25,2,0,0,0"
NoiseDefectFree_002825.npy,0.7863290776072299,"10963,1,9,0,0,0,0,0,0,1100,1841,1,0,0,16,10,0,0,1"
Defect_L15_B115_el3175_H4_W4.npy,0.7441543537512552,"10360,3,6,0,0,0,0,0,0,1036,1999,116,1,1,373,36,6,1,4"
NoiseDefectFree_001343.npy,0.7807344713814374,"10885,0,6,0,0,0,0,0,0,1131,1895,1,0,0,19,4,0,0,1"
Defect_L12_B52_el2481_H8_W8.npy,0.578467938602783,"8053,2,46,0,0,1,1,0,129,2169,1995,254,2,32,1106,104,32,8,8"
NoiseDefectFree_001620.npy,0.7902022665327787,"11017,1,11,0,0,0,0,0,0,1057,1825,1,0,0,22,8,0,0,0"
Defect_L5_B390_el5521_H2_W2.npy,0.7833883230526467,"10922,0,25,0,0,6,1,0,36,1083,1845,0,0,0,20,4,0,0,0"
NoiseDefectFree_002061.npy,0.780088939893846,"10876,0,1,0,0,0,0,0,0,1076,1953,0,0,0,27,7,0,0,2"
Defect_L10_B251_el3483_H2_W2.npy,0.7655286185626166,"10667,3,43,0,0,4,0,0,38,1294,1785,1,0,0,98,9,0,0,0"
NoiseDefectFree_002220.npy,0.7871897862573519,"10975,1,4,0,0,0,0,0,0,1050,1882,1,0,0,25,4,0,0,0"
Defect_L5_B445_el6199_H2_W2.npy,0.7706211447425046,"10744,1,27,0,0,5,1,0,36,1186,1909,0,0,0,24,9,0,0,0"
NoiseDefectFree_000261.npy,0.7887677521159088,"10997,1,7,0,0,0,0,0,0,1078,1837,0,0,0,17,4,0,0,1"
Defect_L8_B23_el159_H2_W2.npy,0.778224071151915,"10850,3,56,0,0,9,0,0,19,1080,1891,4,0,0,24,6,0,0,0"
Defect_L12_B3_el129_H8_W8.npy,0.6511260938172428,"9070,2,94,0,0,0,0,0,25,1771,1965,134,6,53,724,66,24,3,5"
NoiseDefectFree_003745.npy,0.7727729163678095,"10774,1,4,0,0,0,0,0,0,1217,1917,1,0,0,22,4,0,0,2"
NoiseDefectFree_002027.npy,0.7823841629608378,"10908,0,7,0,0,0,0,0,0,1081,1902,1,0,0,34,8,0,0,1"
Defect_L10_B81_el3839_H8_W8.npy,0.6667623009611247,"9240,1,112,1,0,108,0,0,109,2020,1799,120,0,0,357,54,10,0,11"
NoiseDefectFree_004235.npy,0.7811648257064984,"10891,1,9,0,0,0,0,0,0,1093,1927,1,0,0,17,2,0,0,1"
NoiseDefectFree_001918.npy,0.7797303112896284,"10871,3,12,0,0,0,0,0,0,1119,1901,2,0,0,22,12,0,0,0"
NoiseDefectFree_001829.npy,0.7841055802610816,"10932,1,9,0,0,0,0,0,0,1105,1861,1,0,0,26,3,0,1,3"
Defect_L15_B256_el3493_H2_W2.npy,0.7759288480849232,"10814,1,7,0,0,0,0,0,0,1158,1796,37,0,0,107,16,2,0,4"
Defect_L15_B48_el1155_H4_W4.npy,0.7395639076172715,"10300,0,12,0,0,0,0,0,0,1132,2132,69,0,0,228,56,7,1,5"
Defect_L7_B77_el1839_H4_W4.npy,0.7164682255056664,"9983,1,41,0,0,42,6,9,107,1683,1944,64,0,0,45,17,0,0,0"
NoiseDefectFree_004209.npy,0.7801606656146894,"10877,0,8,0,0,0,0,0,0,1126,1895,0,0,0,21,13,0,0,2"
NoiseDefectFree_000225.npy,0.7819538086357768,"10902,2,6,0,0,0,0,0,0,1072,1924,1,0,0,26,5,0,0,4"
Defect_L12_B34_el465_H2_W2.npy,0.7542676803901879,"10516,0,16,0,0,0,0,0,2,1186,1985,46,0,0,120,37,13,7,14"
Defect_L10_B256_el3493_H2_W2.npy,0.7638072012623727,"10643,0,46,0,0,4,0,0,46,1270,1829,3,0,0,81,17,0,0,3"
Defect_L16_B16_el794_H8_W8.npy,0.6259503658011764,"8707,0,37,0,0,0,0,0,83,1772,2164,231,4,2,836,80,17,3,6"
NoiseDefectFree_000847.npy,0.7875484148615693,"10980,0,4,0,0,0,0,0,0,1090,1844,0,0,0,17,7,0,0,0"
NoiseDefectFree_004290.npy,0.779084779802037,"10862,0,8,0,0,0,0,0,0,1104,1943,0,0,0,21,4,0,0,0"
Defect_L13_B33_H4_W8.npy,0.6660450437526897,"9282,2,8,0,0,0,0,0,31,1516,2174,139,4,12,647,104,17,2,4"
NoiseDefectFree_002552.npy,0.7907043465786832,"11024,1,10,0,0,0,0,0,0,1058,1814,0,0,0,29,5,0,1,0"
NoiseDefectFree_000118.npy,0.784607660306986,"10939,1,8,0,0,0,0,0,0,1069,1888,0,0,0,30,5,0,0,2"
Defect_L6_B428_el6165_H2_W2.npy,0.7640223784249032,"10649,1,33,0,0,7,1,0,42,1291,1883,0,0,0,29,5,0,0,1"
Defect_L2_B142_H8_W4.npy,0.6835461196385023,"9530,0,165,0,0,75,4,3,155,1813,1487,295,0,0,299,64,44,8,0"
Defect_L11_B94_el4518_H8_W8.npy,0.7552001147611533,"10529,0,6,0,0,0,0,0,1,1330,1548,131,0,0,325,41,27,0,4"
Defect_L2_B56_el2509_H8_W8.npy,0.5989814947640224,"8351,0,98,1,0,117,7,13,190,2187,2369,151,0,0,394,39,11,1,13"
Defect_L16_B30_el457_H2_W2.npy,0.7675369387462344,"10694,0,12,0,0,0,0,0,0,1161,1912,51,0,0,57,37,6,3,9"
NoiseDefectFree_000006.npy,0.7834600487734902,"10923,1,8,0,0,0,0,0,0,1110,1876,1,0,0,16,5,0,0,2"
Defect_L14_B445_el6199_H2_W2.npy,0.7711232247884091,"10751,2,7,0,0,0,0,0,0,1097,1869,55,1,0,105,34,14,3,4"
Defect_L13_B217_el6203_H4_W4.npy,0.7123081336967436,"9929,0,5,0,0,0,0,0,67,1290,2058,149,3,18,314,71,28,0,10"
NoiseDefectFree_004325.npy,0.7871897862573519,"10975,0,5,0,0,0,0,0,0,1046,1875,1,0,0,31,8,0,0,1"
NoiseDefectFree_001064.npy,0.785038014632047,"10945,0,6,0,0,0,0,0,0,1121,1827,1,0,0,33,9,0,0,0"
NoiseDefectFree_002591.npy,0.7879787691866303,"10986,1,5,0,0,0,0,0,0,1012,1898,3,0,0,23,8,0,2,4"
Defect_L16_B78_el837_H2_W2.npy,0.7819538086357768,"10895,2,3,0,0,0,0,0,0,1071,1847,24,0,0,57,36,4,1,2"
NoiseDefectFree_003736.npy,0.7763592024099842,"10824,0,9,0,0,0,0,0,0,1114,1956,0,0,0,29,9,0,0,1"
NoiseDefectFree_003518.npy,0.7805910199397504,"10883,0,5,0,0,0,0,0,0,1168,1851,2,0,0,24,6,0,0,3"
Defect_L7_B46_el1147_H4_W4.npy,0.7201979629895281,"10034,2,70,0,0,42,7,10,64,1690,1922,42,0,0,50,9,0,0,0"
Defect_L7_B263_el3507_H2_W2.npy,0.7716253048343136,"10756,0,28,1,0,6,3,0,65,1183,1850,2,0,0,39,8,0,0,1"
Defect_L14_B177_el5191_H4_W4.npy,0.7382011189212452,"10279,0,10,0,0,1,0,0,21,1162,1814,143,1,14,429,48,12,5,3"
NoiseDefectFree_001606.npy,0.779658585568785,"10870,1,8,0,0,0,0,0,0,1134,1893,0,0,0,26,10,0,0,0"
NoiseDefectFree_001734.npy,0.7836035002151772,"10925,1,4,0,0,0,0,0,0,1091,1891,1,0,0,25,4,0,0,0"
Defect_L19_B207_el6163_H4_W4.npy,0.7147468082054225,"9965,3,90,0,0,0,0,0,111,1428,1810,127,1,8,305,40,31,17,6"
NoiseDefectFree_003813.npy,0.7839621288193946,"10930,0,9,0,0,0,0,0,0,1059,1907,0,0,0,27,9,0,0,1"
Defect_L18_B103_el1171_H2_W2.npy,0.7634485726581552,"10640,1,4,0,0,0,0,0,0,1231,1864,40,0,2,90,41,16,7,6"
NoiseDefectFree_001762.npy,0.7849662889112036,"10944,1,8,0,0,0,0,0,0,1006,1955,0,0,0,21,6,0,0,1"
Defect_L16_B47_el1151_H4_W4.npy,0.7265815521445991,"10118,0,5,0,0,0,0,0,0,1259,2179,70,2,0,227,67,7,2,6"
NoiseDefectFree_002740.npy,0.7774350882226366,"10839,1,4,0,0,0,0,0,0,1147,1918,1,0,0,22,6,0,0,4"
NoiseDefectFree_002473.npy,0.7818103571940898,"10900,1,9,0,0,0,0,0,0,1102,1903,1,0,0,19,5,1,0,1"
Defect_L10_B302_el4153_H2_W2.npy,0.7758571223640798,"10808,0,44,0,0,1,0,0,42,1241,1733,0,0,0,66,6,0,1,0"
Defect_L4_B42_el1131_H4_W4.npy,0.6787404963419882,"9462,0,84,1,0,46,5,3,54,1808,2284,76,0,0,98,14,1,1,5"
Defect_L15_B383_el5507_H2_W2.npy,0.7798020370104719,"10870,2,6,0,0,0,0,0,0,1148,1728,44,0,0,108,27,3,1,5"
NoiseDefectFree_004207.npy,0.791851958112179,"11040,1,3,0,0,0,0,0,0,1059,1806,0,0,0,25,8,0,0,0"
Defect_L12_B94_el4518_H8_W8.npy,0.7607947209869459,"10605,1,4,0,0,0,0,0,0,1288,1467,158,0,0,355,38,19,0,7"
NoiseDefectFree_000233.npy,0.7805192942189069,"10882,1,11,0,0,0,0,0,0,1095,1923,0,0,0,21,9,0,0,0"
Defect_L11_B96_el4819_H8_W8.npy,0.7232104432649548,"10083,1,12,0,0,0,0,0,163,1319,1554,228,0,0,512,37,20,0,13"
Defect_L12_B33_el811_H4_W4.npy,0.702051355616124,"9783,3,54,0,0,2,0,0,23,1310,2194,78,4,5,357,79,22,3,25"
Defect_L4_B350_el4859_H2_W2.npy,0.7747812365514274,"10802,0,26,0,0,0,0,0,27,1249,1798,2,0,0,29,8,0,0,1"
NoiseDefectFree_003597.npy,0.7822407115191508,"10906,0,6,0,0,0,0,0,0,1089,1904,4,0,0,23,8,0,0,2"
Defect_L11_B449_el6207_H2_W2.npy,0.7630182183330942,"10638,1,7,0,0,0,0,0,1,1184,1882,62,0,0,107,30,19,4,7"
NoiseDefectFree_004633.npy,0.7901305408119351,"11016,1,11,0,0,0,0,0,1,1006,1875,1,0,0,22,9,0,0,0"
NoiseDefectFree_000126.npy,0.785324917515421,"10949,0,6,0,0,0,0,0,0,1120,1841,1,0,0,18,6,0,0,1"
Defect_L7_B203_el2507_H2_W2.npy,0.7703342418591307,"10739,3,34,0,0,7,2,0,44,1211,1877,0,0,0,20,3,0,0,2"
Defect_L14_B51_el499_H2_W2.npy,0.772701190646966,"10773,0,5,0,0,0,0,0,0,1180,1802,47,0,0,72,46,7,2,8"
NoiseDefectFree_001297.npy,0.7848945631903601,"10943,0,10,0,0,0,0,0,0,1100,1858,1,0,0,27,3,0,0,0"
NoiseDefectFree_001977.npy,0.7843207574236121,"10935,2,2,0,0,0,0,0,0,1100,1886,0,0,0,13,2,0,0,2"
Defect_L17_B17_el463_H4_W4.npy,0.6958112179027399,"9689,3,59,0,0,0,0,0,12,1529,2087,137,3,4,283,79,28,17,12"
Defect_L5_B102_el2807_H4_W4.npy,0.7412853249175154,"10335,0,28,0,0,23,0,0,65,1413,2021,0,0,0,50,7,0,0,0"
Defect_L7_B279_el3823_H2_W2.npy,0.7614402524745374,"10615,1,26,0,0,8,3,0,59,1304,1877,1,0,0,43,5,0,0,0"
Defect_L13_B49_el495_H2_W2.npy,0.7696887103715392,"10731,1,9,0,0,0,0,0,0,1097,1909,37,0,0,82,53,6,5,12"
NoiseDefectFree_003087.npy,0.7815234543107158,"10896,4,9,0,0,0,0,0,0,1118,1873,2,0,0,27,9,0,0,4"
Defect_L11_B351_el4861_H2_W2.npy,0.773131544972027,"10779,1,3,0,0,0,0,0,0,1133,1906,28,0,0,74,11,4,1,2"
Defect_L15_B346_el4851_H2_W2.npy,0.7811648257064984,"10889,0,6,0,0,0,0,0,0,1115,1841,18,0,0,46,16,6,0,5"
Defect_L14_B9_el458_H8_W8.npy,0.6016353464352316,"8328,1,51,0,0,0,0,0,82,2026,2089,161,3,60,999,87,34,10,11"
Defect_L14_B74_el3503_H8_W8.npy,0.6481853392626596,"8969,1,18,0,0,0,0,0,86,2047,1514,117,2,68,1038,49,22,5,6"
NoiseDefectFree_003346.npy,0.7777937168268542,"10844,4,5,0,0,0,0,0,0,1117,1937,0,0,0,29,6,0,0,0"
Defect_L9_B54_el1463_H4_W4.npy,0.6917945775355042,"9626,0,100,0,0,21,0,0,89,1848,1992,91,0,0,121,40,3,0,11"
Defect_L8_B18_el467_H4_W4.npy,0.7094391048630039,"9880,3,118,1,0,58,4,11,52,1625,2043,56,0,0,60,17,2,0,12"
Defect_L8_B200_el2501_H2_W2.npy,0.7539807775068139,"10512,1,46,0,0,9,0,0,54,1355,1916,1,0,0,37,9,0,0,2"
Defect_L19_B173_el5159_H4_W4.npy,0.7366948787835318,"10271,0,42,0,0,0,0,0,123,1442,1498,133,2,10,309,62,33,3,14"
NoiseDefectFree_002798.npy,0.7868311576531344,"10970,2,5,0,0,0,0,0,0,1111,1828,0,0,0,20,5,0,0,1"
NoiseDefectFree_000919.npy,0.7877635920240998,"10983,2,5,0,0,0,0,0,0,1061,1860,0,0,0,20,10,0,0,1"
NoiseDefectFree_001647.npy,0.7874766891407259,"10979,1,7,0,0,0,0,0,0,1062,1859,2,0,0,28,3,0,0,1"
Defect_L2_B105_el1459_H2_W2.npy,0.747310285468369,"10419,0,62,0,0,4,3,0,27,1216,2096,45,0,0,49,14,0,0,7"
Defect_L15_B15_H4_W8.npy,0.7057093673791421,"9802,0,7,0,0,0,0,0,1,1364,2058,120,0,0,468,97,12,7,6"
NoiseDefectFree_004622.npy,0.785755271840482,"10955,1,4,0,0,0,0,0,0,1027,1922,1,0,0,26,5,0,1,0"
Defect_L14_B191_el2483_H2_W2.npy,0.7525462630899441,"10492,0,6,0,0,0,0,0,0,1206,2000,49,1,1,138,40,4,0,5"
NoiseDefectFree_000365.npy,0.7821689857983073,"10905,0,2,0,0,0,0,0,0,1086,1915,1,0,0,26,5,0,0,2"
NoiseDefectFree_002126.npy,0.7809496485439679,"10888,0,7,0,0,0,0,0,0,1108,1905,2,0,0,29,2,0,0,1"
Defect_L13_B106_el5183_H8_W8.npy,0.6416582986659016,"8945,0,39,0,0,0,0,0,98,2003,1425,198,2,52,982,141,31,16,10"
Defect_L7_B162_el4531_H4_W4.npy,0.753263520298379,"10502,0,26,0,0,8,0,0,69,1263,1982,2,0,0,78,7,0,0,5"
NoiseDefectFree_000056.npy,0.7827427915650552,"10913,0,5,0,0,0,0,0,0,1107,1884,0,0,0,22,8,0,1,2"
NoiseDefectFree_000639.npy,0.7840338545402381,"10931,0,3,0,0,0,0,1,0,1120,1851,0,0,0,28,8,0,0,0"
NoiseDefectFree_000303.npy,0.7833165973318031,"10921,1,5,0,0,0,0,0,0,1079,1905,1,0,0,23,4,0,0,3"
Defect_L14_B201_el2503_H2_W2.npy,0.7699038875340697,"10734,0,11,0,0,0,0,0,0,1033,1969,44,1,0,110,31,6,0,3"
NoiseDefectFree_001277.npy,0.7843207574236121,"10935,0,4,0,0,0,0,0,0,1090,1876,1,0,0,23,12,0,0,1"
NoiseDefectFree_004433.npy,0.7864008033280735,"10964,0,3,0,0,0,0,0,0,1054,1891,2,0,0,21,7,0,0,0"
NoiseDefectFree_003645.npy,0.785038014632047,"10945,1,6,0,0,0,0,0,0,1088,1871,0,0,0,20,10,0,0,1"
NoiseDefectFree_004144.npy,0.7781523454310716,"10849,2,8,0,0,0,0,0,0,1121,1930,0,0,0,27,5,0,0,0"
NoiseDefectFree_002879.npy,0.7821689857983073,"10905,0,5,0,0,0,0,0,0,1063,1934,0,0,0,29,6,0,0,0"
Defect_L18_B83_el2147_H4_W4.npy,0.6551427341844785,"9125,0,41,0,0,0,0,0,34,2024,2128,97,1,4,393,52,27,11,5"
Defect_L4_B82_el1129_H2_W2.npy,0.7517572801606656,"10481,0,52,0,0,10,6,0,32,1296,2027,1,0,0,30,7,0,0,0"
Defect_L9_B336_el4533_H2_W2.npy,0.772844642088653,"10772,1,23,0,0,0,0,0,32,1148,1931,0,0,0,27,7,0,1,0"
Defect_L3_B332_el4525_H2_W2.npy,0.766747955816956,"10688,3,23,0,0,5,0,0,22,1253,1921,2,0,0,19,6,0,0,0"
Defect_L18_B235_el3153_H2_W2.npy,0.7648830870750251,"10664,1,11,0,0,0,0,0,0,1232,1749,35,0,1,199,33,10,0,7"
NoiseDefectFree_002594.npy,0.7838186773777076,"10928,1,8,0,0,0,0,0,0,1114,1858,2,0,0,25,4,0,1,1"
NoiseDefectFree_002394.npy,0.7842490317027686,"10934,3,7,0,0,0,0,0,0,1116,1858,0,0,0,18,5,0,1,0"
NoiseDefectFree_000524.npy,0.7848228374695165,"10942,1,7,0,0,0,0,0,0,1075,1876,0,0,0,27,13,0,0,1"
Defect_L10_B265_el3511_H2_W2.npy,0.76560034428346,"10668,1,47,0,0,5,0,0,35,1254,1863,3,0,0,54,12,0,0,0"
Defect_L10_B132_el1797_H2_W2.npy,0.7459474967723425,"10394,2,49,0,0,5,0,0,40,1403,1957,14,0,0,58,18,0,0,2"
Defect_L8_B26_el165_H2_W2.npy,0.7837469516568641,"10927,4,37,0,0,10,0,0,9,1054,1864,7,0,0,23,5,0,0,2"
NoiseDefectFree_003901.npy,0.7834600487734902,"10923,2,3,0,0,0,0,0,0,1106,1875,1,0,0,21,9,0,0,2"
Defect_L16_B61_el2838_H8_W8.npy,0.6889255487017645,"9597,0,6,0,0,0,0,0,2,1427,2118,144,0,0,570,53,16,6,3"
Defect_L2_B290_el3845_H2_W2.npy,0.7550566633194664,"10527,1,59,0,0,7,5,0,55,1241,1955,1,0,0,80,8,0,0,3"
Defect_L9_B88_el1141_H2_W2.npy,0.7551283890403099,"10528,1,74,0,0,11,0,0,26,1343,1903,20,0,0,33,3,0,0,0"
Defect_L18_B70_el1811_H4_W4.npy,0.6679816382154641,"9304,0,47,0,0,0,0,0,39,1846,2140,84,1,5,362,65,30,11,8"
Defect_L11_B24_el161_H2_W2.npy,0.7824558886816813,"10909,0,6,0,0,0,0,0,0,1041,1840,28,0,0,72,22,8,3,13"
Defect_L8_B106_el2839_H4_W4.npy,0.7035575957538374,"9809,0,64,0,0,25,1,0,78,1850,1993,34,0,0,75,12,0,0,1"
NoiseDefectFree_000672.npy,0.7808061971022808,"10886,2,5,0,0,0,0,0,0,1123,1903,1,0,0,20,2,0,0,0"
NoiseDefectFree_004189.npy,0.7916367809496485,"11037,1,9,0,0,0,0,0,0,1038,1824,0,0,0,23,9,0,0,1"
NoiseDefectFree_000667.npy,0.7814517285898723,"10895,1,10,0,0,0,0,0,0,1093,1916,0,0,0,20,7,0,0,0"
NoiseDefectFree_003267.npy,0.7822407115191508,"10906,0,12,0,0,0,0,0,0,1076,1923,2,0,0,18,3,0,0,2"
NoiseDefectFree_001888.npy,0.7908477980203701,"11026,0,6,0,0,0,0,0,0,995,1892,1,0,0,18,4,0,0,0"
Defect_L2_B59_el2817_H8_W8.npy,0.6668340266819681,"9297,1,77,1,0,91,3,0,181,1973,1937,58,0,0,282,40,0,1,0"
Defect_L16_B50_el1163_H4_W4.npy,0.7337541242289485,"10220,0,4,0,0,0,0,0,0,1265,2096,71,2,0,206,64,6,2,6"
Defect_L6_B72_el3489_H8_W8.npy,0.6926552861856262,"9636,2,49,0,0,163,0,0,120,1745,1985,25,0,0,208,9,0,0,0"
Defect_L19_B107_el2843_H4_W4.npy,0.7218476545689284,"10063,1,26,0,0,0,0,0,5,1613,1840,73,1,3,245,51,12,2,7"
Defect_L13_B28_el1165_H8_W8.npy,0.5826280304117056,"8115,0,15,0,0,4,0,0,125,2113,2150,161,8,43,1077,94,24,9,4"
Defect_L18_B286_el3837_H2_W2.npy,0.7685410988380433,"10711,1,14,0,0,0,0,0,0,1398,1604,34,0,2,122,22,20,7,7"
Defect_L3_B23_el159_H2_W2.npy,0.7763592024099842,"10818,1,61,0,0,4,3,0,16,1087,1908,2,0,0,27,14,0,0,1"
Defect_L14_B207_el2515_H2_W2.npy,0.7722708363219051,"10767,0,11,0,0,0,0,0,0,1078,1901,43,0,0,99,35,7,0,1"
NoiseDefectFree_000761.npy,0.7872615119781954,"10976,1,4,0,0,0,0,0,0,1089,1835,1,0,0,25,7,0,0,4"
Defect_L12_B59_el1483_H4_W4.npy,0.6900731602352603,"9615,0,43,0,0,2,0,0,44,1400,2247,89,4,4,397,61,18,0,18"
NoiseDefectFree_001907.npy,0.7844642088652991,"10937,1,12,0,0,0,0,0,0,1109,1853,0,0,0,27,3,0,0,0"
NoiseDefectFree_003819.npy,0.7830296944484292,"10917,0,1,0,0,0,0,0,0,1113,1873,1,0,0,28,8,0,0,1"
Defect_L16_B83_el1131_H2_W2.npy,0.7594319322909195,"10581,1,3,0,0,0,0,0,0,1209,1983,41,0,0,74,39,3,2,6"
NoiseDefectFree_004301.npy,0.792138860995553,"11044,0,7,0,0,0,0,0,0,1026,1830,3,0,0,24,6,0,0,2"
Defect_L3_B51_el1167_H4_W4.npy,0.7076459618419165,"9845,1,87,0,0,44,3,2,68,1607,2021,100,0,0,117,37,6,0,4"
Defect_L17_B78_el837_H2_W2.npy,0.7719839334385311,"10759,3,8,0,0,0,0,0,4,1080,1917,31,1,4,79,40,12,1,3"
NoiseDefectFree_004165.npy,0.7827427915650552,"10913,1,6,0,0,0,0,0,0,1052,1936,1,0,0,26,5,0,0,2"
Defect_L5_B2_el117_H2_W2.npy,0.7676803901879213,"10703,3,35,0,0,5,3,0,30,1150,1944,36,0,0,26,7,0,0,0"
NoiseDefectFree_003580.npy,0.7826710658442118,"10912,0,3,0,0,0,0,0,0,1086,1906,0,0,0,28,5,0,0,2"
NoiseDefectFree_002833.npy,0.7820255343566203,"10903,2,12,0,0,0,0,0,0,1075,1920,1,0,0,24,4,0,1,0"
Defect_L2_B130_el1509_H2_W2.npy,0.759216755128389,"10585,1,53,1,0,11,2,0,28,1236,1956,5,0,0,51,11,0,0,2"
NoiseDefectFree_003473.npy,0.7900588150910917,"11015,1,4,0,0,0,0,0,0,1024,1869,2,0,0,22,4,0,0,1"
Defect_L6_B175_el2167_H2_W2.npy,0.7742074307846794,"10792,0,27,0,0,5,0,0,30,1172,1891,1,0,0,18,5,0,0,1"
NoiseDefectFree_000138.npy,0.785038014632047,"10945,1,5,0,0,0,0,0,0,1080,1879,2,0,0,24,6,0,0,0"
Defect_L8_B118_el5841_H8_W8.npy,0.6392913498780662,"8860,0,155,0,0,220,9,53,243,1976,1898,199,0,0,275,39,6,0,9"
NoiseDefectFree_004893.npy,0.7856835461196385,"10954,2,6,0,0,0,0,0,0,1112,1839,0,0,0,24,3,0,0,2"
NoiseDefectFree_002181.npy,0.7847511117486731,"10941,1,12,0,0,0,0,0,0,1071,1890,1,0,0,22,2,0,0,2"
Defect_L15_B44_el2138_H8_W8.npy,0.6468225505666332,"8963,1,6,0,0,0,0,0,75,1654,2110,111,5,0,922,77,14,1,3"
NoiseDefectFree_003178.npy,0.785468368957108,"10951,0,6,0,0,0,0,0,0,1119,1837,1,0,0,23,4,0,1,0"
NoiseDefectFree_004855.npy,0.7801606656146894,"10877,0,8,0,0,0,0,0,0,1101,1931,1,0,0,19,5,0,0,0"
NoiseDefectFree_004638.npy,0.7899153636494046,"11013,0,8,0,0,0,0,0,0,1072,1822,0,0,0,21,5,0,0,1"
Defect_L7_B32_el1480_H8_W8.npy,0.6514847224214604,"9072,1,78,0,0,240,12,44,149,1933,2146,92,0,0,155,18,0,0,2"
Defect_L10_B20_el822_H8_W8.npy,0.6332663893272127,"8748,3,137,0,0,129,2,0,85,2193,2200,76,0,0,293,35,11,4,26"
NoiseDefectFree_004262.npy,0.7839621288193946,"10930,0,9,0,0,0,0,0,0,1043,1933,1,0,0,20,5,0,0,1"
NoiseDefectFree_001332.npy,0.798378998708937,"11131,1,3,0,0,0,0,0,0,1016,1768,1,0,0,16,5,0,0,1"
Defect_L6_B54_el789_H2_W2.npy,0.7616554296370679,"10615,2,38,0,0,10,1,0,22,1235,1990,4,0,0,19,6,0,0,0"
Defect_L17_B264_el3509_H2_W2.npy,0.7744943336680533,"10794,1,7,0,0,0,0,0,0,1137,1753,57,0,4,134,35,11,5,4"
Defect_L2_B420_el5865_H2_W2.npy,0.7584994979199541,"10575,3,67,0,0,5,3,0,61,1216,1964,2,0,0,32,14,0,0,0"
Defect_L5_B364_el5171_H2_W2.npy,0.7749246879931143,"10804,1,26,1,0,13,1,0,35,1240,1778,0,0,0,33,9,0,0,1"
Defect_L8_B154_el1841_H2_W2.npy,0.753263520298379,"10502,0,46,0,0,11,0,0,45,1266,2038,2,0,0,25,3,0,0,4"
Defect_L5_B73_el1823_H4_W4.npy,0.7309568211160522,"10191,1,39,0,0,30,1,0,80,1583,1986,2,0,0,23,5,0,1,0"
NoiseDefectFree_004531.npy,0.7853966432362646,"10950,0,6,0,0,0,0,0,0,1077,1884,2,0,0,18,5,0,0,0"
NoiseDefectFree_004674.npy,0.7807344713814374,"10885,0,6,0,0,0,0,0,0,1172,1855,0,0,0,17,4,0,0,3"
Defect_L17_B150_el1833_H2_W2.npy,0.766461052933582,"10682,1,8,0,0,0,0,0,0,1140,1926,37,1,4,84,43,12,1,3"
NoiseDefectFree_001253.npy,0.7872615119781954,"10976,0,9,0,0,0,0,0,0,1070,1851,1,0,0,28,5,0,0,2"
NoiseDefectFree_003375.npy,0.7853966432362646,"10950,1,11,0,0,0,0,0,1,1087,1849,0,0,0,34,8,0,0,1"
NoiseDefectFree_002815.npy,0.792712666762301,"11052,1,9,0,0,0,0,0,0,1030,1831,0,0,0,14,3,0,0,2"
NoiseDefectFree_004720.npy,0.7837469516568641,"10927,1,9,0,0,0,0,0,0,1085,1891,0,0,0,25,4,0,0,0"
Defect_L18_B442_el6193_H2_W2.npy,0.7645961841916511,"10657,1,9,0,0,0,0,0,0,1212,1817,57,0,2,114,36,23,9,5"
NoiseDefectFree_004859.npy,0.7872615119781954,"10976,1,6,0,0,0,0,0,0,1068,1864,3,0,0,17,7,0,0,0"
Defect_L17_B60_el801_H2_W2.npy,0.7511117486730742,"10468,0,7,0,0,0,0,0,0,1262,1993,38,1,4,90,55,12,3,9"
Defect_L12_B335_el4531_H2_W2.npy,0.7685410988380433,"10715,0,11,0,0,0,0,0,0,1127,1939,31,0,0,97,12,3,0,7"
Defect_L13_B125_el1499_H2_W2.npy,0.7572801606656147,"10558,1,7,0,0,0,0,0,0,1143,2013,47,0,0,112,42,8,2,9"
NoiseDefectFree_001078.npy,0.7818103571940898,"10900,0,7,0,0,0,0,0,0,1114,1884,0,0,0,25,11,0,0,1"
NoiseDefectFree_004364.npy,0.7851814660737341,"10947,0,8,0,0,0,0,0,0,1080,1878,0,0,0,25,4,0,0,0"
NoiseDefectFree_000771.npy,0.7872615119781954,"10976,0,8,0,0,0,0,0,0,1068,1861,0,0,0,23,5,0,0,1"
Defect_L15_B387_el5515_H2_W2.npy,0.7820972600774638,"10902,0,8,0,0,0,0,0,0,1139,1721,51,0,0,87,26,3,1,4"
NoiseDefectFree_000250.npy,0.7853966432362646,"10950,0,7,0,0,0,0,0,0,1067,1887,1,0,0,23,3,0,0,4"
Defect_L9_B132_el3811_H4_W4.npy,0.7425763878926983,"10337,2,70,0,0,16,2,0,139,1482,1591,110,0,0,184,8,0,0,1"
NoiseDefectFree_003420.npy,0.7820255343566203,"10903,0,6,0,0,0,0,0,0,1054,1942,0,0,0,25,12,0,0,0"
NoiseDefectFree_004977.npy,0.7907043465786832,"11024,2,8,0,0,0,0,0,0,1015,1862,0,0,0,20,11,0,0,0"
NoiseDefectFree_004545.npy,0.7820255343566203,"10903,0,5,0,0,0,0,0,0,1088,1914,1,0,0,21,6,0,1,3"
Defect_L13_B316_el4195_H2_W2.npy,0.7770047338975756,"10833,0,6,0,0,0,0,0,0,1110,1780,53,0,0,131,21,6,1,1"
Defect_L13_B196_el2493_H2_W2.npy,0.7600057380576675,"10596,0,8,0,0,0,0,0,8,1169,1935,39,0,0,129,37,13,1,7"
NoiseDefectFree_000717.npy,0.7912064266245876,"11031,0,7,0,0,0,0,0,0,1044,1830,0,0,0,20,10,0,0,0"
Defect_L8_B124_el3495_H4_W4.npy,0.7277291636780949,"10134,0,69,1,0,34,4,12,88,1720,1642,67,0,0,142,16,6,0,7"
NoiseDefectFree_002049.npy,0.7805192942189069,"10882,2,12,0,0,0,0,0,0,1123,1882,1,0,0,29,6,0,0,5"
Defect_L6_B292_el3849_H2_W2.npy,0.7833165973318031,"10919,0,25,0,0,5,0,0,35,1106,1819,1,0,0,22,9,0,0,1"
Defect_L17_B133_el3815_H4_W4.npy,0.7356907186917229,"10247,3,7,0,0,0,0,0,48,1458,1593,156,2,11,347,43,19,3,5"
Defect_L12_B323_el4493_H2_W2.npy,0.7828862430067423,"10915,0,10,0,0,0,0,0,0,1186,1664,34,0,0,104,19,6,1,3"
NoiseDefectFree_004179.npy,0.7876918663032564,"10982,1,9,0,0,0,0,0,0,1031,1896,0,0,0,18,5,0,0,0"
NoiseDefectFree_004810.npy,0.7819538086357768,"10902,1,4,0,0,0,0,0,0,1131,1883,0,0,0,14,6,1,0,0"
Defect_L10_B226_el2851_H2_W2.npy,0.7611533495911634,"10606,0,36,0,0,0,0,0,34,1270,1939,0,0,0,40,15,0,0,2"
Defect_L10_B370_el5197_H2_W2.npy,0.7676803901879213,"10695,1,43,0,0,0,0,0,45,1203,1908,0,0,0,37,8,0,0,2"
Defect_L3_B426_el5877_H2_W2.npy,0.767465213025391,"10694,1,51,2,0,11,2,1,45,1081,1981,14,0,0,45,13,0,0,1"
NoiseDefectFree_001461.npy,0.7844642088652991,"10937,0,14,0,0,0,0,0,0,1110,1856,0,0,0,17,7,0,0,1"
Defect_L4_B132_el1797_H2_W2.npy,0.7442260794720987,"10376,1,45,0,0,9,5,0,40,1375,2052,5,0,0,29,5,0,0,0"
NoiseDefectFree_002001.npy,0.7874766891407259,"10979,0,6,0,0,0,0,0,0,1075,1847,2,0,0,25,8,0,0,0"
Defect_L3_B62_el1495_H4_W4.npy,0.6973174580404533,"9702,2,102,0,0,62,5,1,64,1653,2091,85,0,0,125,44,3,0,3"
NoiseDefectFree_000405.npy,0.7820972600774638,"10904,1,5,0,0,0,0,0,0,1074,1927,4,0,0,19,4,0,3,1"
NoiseDefectFree_000385.npy,0.7843207574236121,"10935,1,9,0,0,0,0,0,0,1072,1894,2,0,0,24,4,0,0,1"
Defect_L19_B132_el3811_H4_W4.npy,0.7368383302252187,"10273,4,73,0,0,0,0,0,91,1423,1515,120,1,6,360,31,25,15,5"
Defect_L5_B269_el3519_H2_W2.npy,0.785038014632047,"10945,0,23,1,0,4,0,0,40,1089,1809,2,0,0,24,4,0,0,1"
NoiseDefectFree_001634.npy,0.7859704490030125,"10958,2,2,0,0,0,0,0,0,1079,1867,1,0,0,23,4,0,0,6"
Defect_L16_B31_el1473_H8_W8.npy,0.6062975182900588,"8434,0,9,0,0,0,0,0,2,2210,2191,126,6,0,846,102,13,0,3"
NoiseDefectFree_004785.npy,0.7819538086357768,"10902,1,5,0,0,0,0,0,0,1113,1884,2,0,0,29,4,0,0,2"
Defect_L10_B336_el4533_H2_W2.npy,0.7738488021804619,"10783,2,20,0,0,1,2,0,21,1182,1896,1,0,0,28,4,0,0,2"
Defect_L10_B359_el5161_H2_W2.npy,0.7721991106010615,"10760,1,43,0,0,2,1,0,40,1220,1801,1,0,0,61,10,0,0,2"
NoiseDefectFree_003926.npy,0.7772916367809497,"10837,1,4,0,0,0,0,0,0,1156,1907,0,0,0,28,6,0,0,3"
NoiseDefectFree_004159.npy,0.7791565055228805,"10863,0,7,0,0,0,0,0,0,1110,1934,0,0,0,19,7,0,0,2"
Defect_L2_B301_el4151_H2_W2.npy,0.7712666762300961,"10753,0,41,1,0,5,4,0,72,1118,1880,1,0,0,57,9,0,0,1"
Defect_L12_B135_el1803_H2_W2.npy,0.7414287763592025,"10337,0,10,0,0,0,0,0,2,1263,2076,48,0,0,144,43,9,4,6"
NoiseDefectFree_002194.npy,0.7828862430067423,"10915,0,3,0,0,0,0,0,0,1066,1923,0,0,0,24,9,0,0,2"
NoiseDefectFree_001016.npy,0.7836752259360207,"10926,0,8,0,0,0,0,0,0,1141,1832,0,0,0,28,7,0,0,0"
Defect_L8_B171_el4867_H4_W4.npy,0.7494620570936738,"10449,0,34,0,0,13,0,0,71,1308,1956,24,0,0,75,12,0,0,0"
Defect_L11_B205_el5871_H4_W4.npy,0.7344713814373834,"10240,3,14,0,0,0,0,0,96,1213,1893,115,0,0,274,53,24,5,12"
Defect_L6_B7_el127_H2_W2.npy,0.7738488021804619,"10786,3,61,0,0,5,1,0,19,1144,1882,8,0,0,24,7,0,0,2"
Defect_L19_B60_el1487_H4_W4.npy,0.6707072156075169,"9351,1,65,0,0,6,0,0,61,1738,2105,94,1,4,384,69,29,19,15"
NoiseDefectFree_002872.npy,0.7811648257064984,"10891,0,8,0,0,0,0,0,0,1145,1866,0,0,0,22,7,0,0,3"
NoiseDefectFree_000010.npy,0.7806627456605939,"10884,0,8,0,0,0,0,0,0,1119,1895,0,0,0,27,7,0,0,2"
NoiseDefectFree_001839.npy,0.7797303112896284,"10871,4,8,0,0,0,0,0,0,1106,1912,1,0,0,28,9,0,0,3"
NoiseDefectFree_004805.npy,0.7810213742648113,"10889,0,6,0,0,0,0,0,0,1131,1887,0,0,0,21,7,0,0,1"
NoiseDefectFree_000256.npy,0.7826710658442118,"10912,1,7,0,0,0,0,0,0,1096,1895,0,0,0,23,6,0,0,2"
Defect_L10_B33_el463_H2_W2.npy,0.7607229952661024,"10597,3,82,0,0,3,0,0,10,1180,2011,21,0,0,25,8,0,0,2"
Defect_L3_B257_el3495_H2_W2.npy,0.7561325491321188,"10533,2,54,0,0,5,3,0,54,1233,1964,1,0,0,85,7,0,1,0"
NoiseDefectFree_003325.npy,0.7837469516568641,"10927,0,3,0,0,0,0,0,0,1105,1873,1,0,0,23,8,0,0,2"
Defect_L4_B29_el455_H2_W2.npy,0.753406971740066,"10503,1,67,2,0,12,5,0,21,1209,2086,9,0,0,20,6,0,0,1"
NoiseDefectFree_001582.npy,0.7902022665327787,"11017,0,6,0,0,0,0,0,0,1028,1863,1,0,0,18,7,0,0,2"
NoiseDefectFree_000925.npy,0.7830296944484292,"10917,1,5,0,0,0,0,0,0,1127,1870,0,0,0,18,2,0,0,2"
NoiseDefectFree_002780.npy,0.7894850093243437,"11007,0,3,0,0,0,0,0,0,1084,1813,4,0,0,27,4,0,0,0"
Defect_L18_B163_el2143_H2_W2.npy,0.7357624444125663,"10255,2,13,0,0,0,0,0,0,1397,2048,44,0,2,117,40,16,5,3"
Defect_L12_B129_el6205_H8_W8.npy,0.6272414287763592,"8733,0,18,0,0,0,2,0,216,1857,1810,133,5,41,968,112,31,8,8"
Defect_L5_B199_el2499_H2_W2.npy,0.7757136709223927,"10815,1,29,1,0,4,1,0,36,1216,1811,1,0,0,19,8,0,0,0"
Defect_L3_B155_el1843_H2_W2.npy,0.7588581265241716,"10574,2,45,2,0,11,3,1,36,1243,1988,1,0,0,34,1,0,0,1"
Defect_L12_B122_el3487_H4_W4.npy,0.7124515851384307,"9927,1,24,0,0,1,0,0,80,1432,1783,113,3,4,496,51,17,0,10"
Defect_L4_B373_el5203_H2_W2.npy,0.7671065844211734,"10695,1,33,0,0,5,1,0,49,1155,1964,2,0,0,25,12,0,0,0"
NoiseDefectFree_003776.npy,0.7804475684980634,"10881,0,5,0,0,0,0,0,0,1105,1919,3,0,0,20,8,0,0,1"
NoiseDefectFree_004836.npy,0.7762157509682972,"10822,0,6,0,0,0,0,0,0,1121,1953,1,0,0,29,10,0,0,0"
NoiseDefectFree_004965.npy,0.7861139004446994,"10960,0,9,0,0,0,0,0,1,1059,1889,1,0,0,18,4,0,0,1"
NoiseDefectFree_000540.npy,0.7864008033280735,"10964,0,4,0,0,0,0,0,0,1070,1866,1,0,0,28,8,0,0,1"
Defect_L2_B96_el1157_H2_W2.npy,0.7627313154497203,"10634,1,72,0,0,11,3,0,18,1206,1947,0,0,0,37,12,0,0,1"
NoiseDefectFree_002746.npy,0.7865442547697604,"10966,2,6,0,0,0,0,0,0,1039,1897,4,0,0,16,8,0,1,3"
NoiseDefectFree_003720.npy,0.7856835461196385,"10954,2,11,0,0,0,0,0,0,1086,1853,1,0,0,21,10,0,1,3"
Defect_L2_B6_el135_H4_W4.npy,0.7282312437239994,"10153,0,74,1,0,43,3,1,34,1524,1932,90,0,0,42,21,4,4,16"
Defect_L8_B47_el2159_H8_W8.npy,0.6141156218619997,"8512,1,96,0,0,203,1,50,165,2143,2289,90,0,0,353,28,5,0,6"
NoiseDefectFree_004469.npy,0.7833165973318031,"10921,0,7,0,0,0,0,0,0,1062,1915,0,0,0,26,10,0,0,1"
NoiseDefectFree_000668.npy,0.7836752259360207,"10926,0,5,0,0,0,0,0,0,1098,1890,1,0,0,14,7,0,0,1"
Defect_L14_B36_el1795_H8_W8.npy,0.5854970592454454,"8117,1,15,0,0,0,0,0,99,2149,2135,191,3,46,1086,60,25,10,5"
Defect_L7_B136_el1805_H2_W2.npy,0.7481709941184909,"10430,0,37,0,0,9,1,0,41,1402,1990,1,0,0,23,5,0,0,3"
Defect_L19_B128_el3511_H4_W4.npy,0.7049203844498637,"9828,1,44,0,0,0,0,0,79,1484,1808,129,1,5,465,38,23,21,16"
NoiseDefectFree_001354.npy,0.7809496485439679,"10888,5,6,0,0,0,0,0,0,1148,1868,0,0,0,21,5,0,0,1"
Defect_L15_B299_el4147_H2_W2.npy,0.7917085066704921,"11031,1,6,0,0,0,0,0,0,1129,1625,34,0,0,91,13,1,0,11"
Defect_L10_B186_el5511_H4_W4.npy,0.7297374838617128,"10165,0,97,0,0,36,0,0,104,1634,1652,96,0,0,109,23,12,1,13"
Defect_L7_B128_el6198_H8_W8.npy,0.6212164682255057,"8647,2,86,3,0,177,14,45,174,1923,2359,274,0,0,205,30,1,0,2"
NoiseDefectFree_002704.npy,0.7887677521159088,"10997,1,4,0,0,0,0,0,0,1086,1825,0,0,0,23,4,0,1,1"
NoiseDefectFree_003331.npy,0.7847511117486731,"10941,0,3,0,0,0,0,0,0,1107,1866,2,0,0,19,3,0,0,1"
Defect_L17_B231_el3145_H2_W2.npy,0.7711232247884091,"10751,2,8,0,0,0,0,0,0,1226,1730,38,2,1,135,41,2,0,6"
NoiseDefectFree_003585.npy,0.79228231243724,"11046,1,8,0,0,0,0,0,0,1019,1838,0,0,0,16,13,0,0,1"
Defect_L3_B331_el4523_H2_W2.npy,0.7650265385167121,"10664,2,24,0,0,3,0,0,24,1250,1937,0,0,0,28,10,0,0,0"
Defect_L11_B4_el136_H8_W8.npy,0.6916511260938173,"9642,3,68,0,0,1,0,0,13,1422,1860,86,0,0,745,73,18,1,10"
NoiseDefectFree_003377.npy,0.7806627456605939,"10884,1,7,0,0,0,0,0,0,1122,1895,1,0,0,28,4,0,0,0"
NoiseDefectFree_001257.npy,0.7881222206283173,"10988,0,10,0,0,0,0,0,0,1116,1799,0,0,0,24,4,0,0,1"
Defect_L13_B101_el2803_H4_W4.npy,0.7483144455601779,"10433,0,5,0,0,1,0,0,66,1225,1771,117,0,0,261,41,12,2,8"
Defect_L4_B279_el3823_H2_W2.npy,0.7643092813082771,"10655,2,37,1,0,10,4,0,54,1267,1860,0,0,0,40,11,0,0,1"
NoiseDefectFree_004176.npy,0.7837469516568641,"10927,0,10,0,0,0,0,0,0,1069,1911,0,0,0,22,2,0,1,0"
NoiseDefectFree_004911.npy,0.7785826997561326,"10855,3,1,0,0,0,0,0,0,1181,1864,4,0,0,21,7,0,1,5"
NoiseDefectFree_001853.npy,0.7813082771481853,"10893,3,8,0,0,0,0,0,0,1101,1904,0,0,0,25,5,0,1,2"
Defect_L12_B389_el5519_H2_W2.npy,0.7709080476258786,"10748,1,6,0,0,0,0,0,17,1156,1733,73,0,0,129,38,25,2,14"
Defect_L3_B298_el3861_H2_W2.npy,0.7754984937598622,"10807,0,32,2,0,9,5,0,43,1076,1887,3,0,0,61,14,0,0,3"
NoiseDefectFree_002106.npy,0.7863290776072299,"10963,0,8,0,0,0,0,0,0,1100,1835,0,0,0,28,4,0,0,4"
NoiseDefectFree_000134.npy,0.7828145172858987,"10914,0,2,0,0,0,0,0,0,1126,1871,1,0,0,20,8,0,0,0"
Defect_L3_B123_el3491_H4_W4.npy,0.707861139004447,"9848,1,90,1,0,34,3,2,103,1647,1887,61,0,0,229,36,0,0,0"
NoiseDefectFree_000929.npy,0.7798020370104719,"10872,0,6,0,0,0,0,0,0,1124,1892,0,0,0,31,15,0,0,2"
NoiseDefectFree_000824.npy,0.7816669057524028,"10898,0,6,0,0,0,0,0,0,1112,1893,0,0,0,23,9,0,0,1"
Defect_L8_B57_el1475_H4_W4.npy,0.6906469660020084,"9619,0,93,0,0,42,4,10,79,1830,2078,68,0,0,92,23,1,0,3"
NoiseDefectFree_001532.npy,0.7917085066704921,"11038,0,7,0,0,0,0,0,0,1014,1847,1,0,0,29,4,0,0,2"
NoiseDefectFree_001215.npy,0.7884808492325348,"10993,2,5,0,0,0,0,0,0,1080,1828,2,0,0,26,5,0,1,0"
NoiseDefectFree_000505.npy,0.79228231243724,"11046,2,7,0,0,0,0,0,0,1008,1836,1,0,0,34,7,0,0,1"
Defect_L18_B100_el1165_H2_W2.npy,0.7579256921532062,"10563,1,10,0,0,0,0,0,0,1219,1927,38,0,2,99,51,15,10,7"
NoiseDefectFree_003073.npy,0.7777937168268542,"10844,2,7,0,0,1,0,0,0,1153,1902,0,0,0,24,9,0,0,0"
Defect_L3_B352_el4863_H2_W2.npy,0.7693300817673218,"10726,2,20,0,0,4,1,0,24,1222,1908,0,0,0,27,7,0,0,1"
Defect_L2_B401_el5827_H2_W2.npy,0.7600774637785109,"10597,3,61,0,0,3,3,0,58,1184,1890,54,0,0,71,12,0,3,3"
Defect_L5_B316_el4195_H2_W2.npy,0.7765743795725147,"10827,3,24,0,0,8,0,0,26,1163,1858,0,0,0,26,5,0,1,1"
Defect_L3_B436_el6181_H2_W2.npy,0.7481709941184909,"10423,0,68,0,0,5,1,1,54,1336,2013,0,0,0,30,9,0,0,2"
NoiseDefectFree_003710.npy,0.7902739922536222,"11018,1,6,0,0,0,0,0,0,1030,1859,0,0,0,22,3,0,0,3"
NoiseDefectFree_004850.npy,0.7807344713814374,"10885,1,9,0,0,0,0,0,0,1099,1917,1,0,0,18,11,0,0,1"
NoiseDefectFree_004749.npy,0.7761440252474537,"10821,1,10,0,0,0,0,0,0,1100,1978,0,0,0,23,8,0,0,1"
NoiseDefectFree_004269.npy,0.7843207574236121,"10935,0,6,0,0,0,0,0,0,1104,1868,1,0,0,19,8,0,0,1"
Defect_L9_B39_el835_H4_W4.npy,0.7240711519150768,"10081,1,82,0,0,51,1,0,53,1580,1904,23,0,0,93,33,15,0,25"
Defect_L4_B321_el4489_H2_W2.npy,0.7769330081767322,"10832,0,21,0,0,3,0,0,22,1189,1832,3,0,0,29,11,0,0,0"
NoiseDefectFree_004187.npy,0.773274996413714,"10781,0,5,0,0,0,0,0,0,1147,1967,6,0,0,22,11,0,0,3"
Defect_L5_B59_el1483_H4_W4.npy,0.7236407975900158,"10089,0,41,0,0,34,1,0,67,1615,2048,3,0,0,34,6,0,0,4"
NoiseDefectFree_002924.npy,0.7830296944484292,"10917,1,7,0,0,0,0,0,0,1119,1875,2,0,0,13,4,0,0,4"
Defect_L5_B19_el815_H8_W8.npy,0.6577248601348443,"9170,5,92,0,0,194,6,2,73,1964,2332,64,0,0,30,10,0,0,0"
NoiseDefectFree_001811.npy,0.7833165973318031,"10921,1,5,0,0,0,0,0,0,1156,1834,1,0,0,17,5,0,0,2"
NoiseDefectFree_003487.npy,0.7858269975613255,"10956,0,9,0,0,0,0,0,0,1105,1851,0,0,0,17,4,0,0,0"
Defect_L13_B102_el2807_H4_W4.npy,0.7382011189212452,"10292,1,12,0,0,0,0,0,35,1390,1748,113,0,0,282,54,7,2,6"
NoiseDefectFree_003142.npy,0.7825276144025247,"10910,3,3,0,0,0,0,0,0,1061,1929,3,0,0,28,4,0,0,1"
Defect_L16_B76_el3517_H8_W8.npy,0.6785970449003013,"9443,0,7,0,0,0,0,0,125,1637,1516,176,3,3,939,67,17,4,5"
NoiseDefectFree_001325.npy,0.7812365514273418,"10892,2,13,0,0,0,0,0,0,1092,1908,0,0,0,23,11,0,0,1"
NoiseDefectFree_004313.npy,0.7874766891407259,"10979,0,8,0,0,0,0,0,0,1092,1837,3,0,0,19,4,0,0,0"
Defect_L18_B147_el4155_H4_W4.npy,0.7415005020800459,"10338,1,6,0,0,0,1,0,10,1501,1470,155,1,11,359,52,22,4,11"
Defect_L15_B194_el2489_H2_W2.npy,0.7691149046047913,"10719,1,6,0,0,0,0,0,0,1150,1916,34,0,0,85,26,2,0,3"
Defect_L5_B21_el829_H8_W8.npy,0.6273848802180462,"8747,0,72,0,0,119,7,0,83,2209,2353,200,0,0,130,16,0,3,3"
Defect_L11_B240_el3177_H2_W2.npy,0.7715535791134701,"10757,0,5,0,0,0,0,0,0,1049,1951,39,0,0,103,24,5,2,7"
Defect_L12_B198_el5843_H4_W4.npy,0.7128102137426481,"9933,0,32,0,0,0,2,0,88,1400,1760,152,3,10,449,60,42,2,9"
Defect_L2_B56_el793_H2_W2.npy,0.7566346291780233,"10549,1,80,1,0,13,4,0,17,1208,2012,16,0,0,34,4,1,1,1"
NoiseDefectFree_001541.npy,0.7787261511978195,"10857,1,12,0,0,0,0,0,0,1116,1922,3,0,0,24,7,0,0,0"
Defect_L2_B174_el5163_H4_W4.npy,0.7237842490317028,"10091,1,87,2,0,40,3,8,104,1450,1760,90,0,0,258,36,10,2,0"
NoiseDefectFree_002682.npy,0.785468368957108,"10951,0,4,0,0,0,0,0,0,1105,1835,2,0,0,30,13,0,0,2"
Defect_L11_B200_el2501_H2_W2.npy,0.7539807775068139,"10512,0,8,0,0,0,0,0,0,1247,1945,49,0,0,136,25,10,1,9"
Defect_L6_B141_el1815_H2_W2.npy,0.7683259216755128,"10709,0,29,0,0,7,0,0,32,1174,1962,0,0,0,22,5,0,0,2"
NoiseDefectFree_001192.npy,0.7904174436953091,"11020,0,2,0,0,0,0,0,0,1049,1849,0,0,0,13,7,0,0,2"
Defect_L5_B149_H8_W4.npy,0.6992540525032277,"9749,0,39,0,0,84,6,4,126,1800,1945,71,0,0,96,22,0,0,0"
NoiseDefectFree_001543.npy,0.7815951800315594,"10897,0,6,0,0,0,0,0,0,1104,1909,0,0,0,23,2,0,0,1"
Defect_L11_B273_el3811_H2_W2.npy,0.7822407115191508,"10906,0,7,0,0,0,0,0,6,1173,1608,71,0,0,131,20,9,1,10"
NoiseDefectFree_002540.npy,0.7879070434657869,"10985,1,6,0,0,0,0,0,0,1103,1820,1,0,0,21,5,0,0,0"
NoiseDefectFree_000954.npy,0.7822407115191508,"10906,0,7,0,0,0,0,0,0,1099,1900,0,0,0,24,4,0,1,1"
Defect_L10_B266_el3513_H2_W2.npy,0.7585712236407975,"10569,0,51,0,0,5,0,0,38,1303,1911,2,0,0,55,8,0,0,0"
Defect_L17_B202_el2505_H2_W2.npy,0.7737053507387749,"10783,3,17,0,0,0,0,0,0,1065,1877,42,1,4,102,32,12,1,3"
NoiseDefectFree_004847.npy,0.7737770764596185,"10788,0,15,0,0,0,0,0,0,1117,1982,2,0,0,24,11,1,0,2"
Defect_L6_B263_el3507_H2_W2.npy,0.7816669057524028,"10898,1,26,0,0,3,1,0,48,1117,1822,2,0,0,17,5,0,1,1"
Defect_L5_B310_el4183_H2_W2.npy,0.7754267680390188,"10811,0,30,0,0,8,1,0,32,1190,1848,0,0,0,15,7,0,0,0"
NoiseDefectFree_004331.npy,0.7848945631903601,"10943,0,8,0,0,0,0,0,0,1029,1930,0,0,0,23,8,0,0,1"
Defect_L17_B234_el3151_H2_W2.npy,0.7665327786544255,"10685,0,5,0,0,0,0,0,0,1222,1802,42,0,0,146,30,8,0,2"
Defect_L16_B99_el4847_H8_W8.npy,0.7174006598766317,"9992,2,4,0,0,0,0,0,11,1259,1738,223,1,8,627,54,16,5,2"
Defect_L8_B95_el4525_H8_W8.npy,0.7407115191507675,"10327,1,43,0,0,15,0,0,153,1354,1777,135,0,0,121,16,0,0,0"
Defect_L3_B57_el1475_H4_W4.npy,0.674939033137283,"9390,0,99,0,0,46,6,1,65,1767,2300,77,0,0,142,42,3,0,4"
NoiseDefectFree_004730.npy,0.7838904030985512,"10929,0,7,0,0,0,0,0,0,1071,1908,0,0,0,23,4,0,0,0"
Defect_L17_B110_el3139_H4_W4.npy,0.7427915650552288,"10349,0,38,0,0,0,0,0,51,1392,1607,117,0,11,310,41,20,3,3"
Defect_L10_B77_el3811_H8_W8.npy,0.6732893415578827,"9313,1,84,0,0,36,3,0,230,1995,1682,182,0,0,402,12,1,0,1"
Defect_L8_B90_el2175_H4_W4.npy,0.7077894132836035,"9860,1,64,0,0,35,3,8,110,1757,1919,92,0,0,69,20,1,0,3"
Defect_L4_B278_el3821_H2_W2.npy,0.7610816238703199,"10610,0,48,1,0,8,4,0,50,1251,1912,0,0,0,56,2,0,0,0"
NoiseDefectFree_002157.npy,0.7810213742648113,"10889,1,6,0,0,0,0,0,0,1146,1880,0,0,0,13,5,0,0,2"
NoiseDefectFree_001063.npy,0.7832448716109597,"10920,0,6,0,0,0,0,0,0,1043,1936,1,0,0,29,5,0,0,2"
NoiseDefectFree_001168.npy,0.7956534213168842,"11093,0,3,0,0,0,0,0,0,1054,1763,0,0,0,23,6,0,0,0"
NoiseDefectFree_003637.npy,0.7876201405824128,"10981,1,7,0,0,0,0,0,0,1111,1813,0,0,0,25,4,0,0,0"
Defect_L13_B98_el2507_H4_W4.npy,0.7060679959833597,"9840,1,11,0,0,0,0,0,56,1301,2214,100,4,8,340,39,17,0,11"
Defect_L6_B7_el139_H4_W4.npy,0.7427915650552288,"10351,0,43,0,0,36,1,0,54,1447,1938,40,0,0,19,11,0,1,1"
Defect_L10_B80_el2135_H4_W4.npy,0.7128102137426481,"9915,2,80,0,0,23,0,0,85,1688,1907,90,0,0,127,24,0,0,1"
NoiseDefectFree_004492.npy,0.7885525749533783,"10994,2,7,0,0,0,0,0,0,1064,1842,3,0,0,23,7,0,0,0"
Defect_L10_B123_el6163_H8_W8.npy,0.6707072156075169,"9280,0,78,0,0,85,4,0,134,1975,1877,178,0,0,299,18,14,0,0"
NoiseDefectFree_004981.npy,0.7803758427772199,"10880,0,8,0,0,0,0,0,0,1123,1902,2,0,0,21,6,0,0,0"
Defect_L17_B418_el5861_H2_W2.npy,0.7681107445129823,"10704,1,7,0,0,0,0,0,0,1186,1823,50,1,3,107,36,18,2,4"
Defect_L8_B125_el6177_H8_W8.npy,0.6430928130827714,"8915,0,112,0,0,253,9,51,219,1889,2008,195,0,0,237,43,7,1,3"
NoiseDefectFree_004947.npy,0.7876918663032564,"10982,2,8,0,0,0,0,0,0,1051,1877,0,0,0,19,3,0,0,0"
NoiseDefectFree_002783.npy,0.7877635920240998,"10983,1,3,0,0,0,0,0,0,1115,1818,0,0,0,19,1,0,0,2"
NoiseDefectFree_000718.npy,0.7939320040166403,"11069,1,4,0,0,0,0,0,0,1041,1791,0,0,0,26,8,0,0,2"
NoiseDefectFree_002503.npy,0.7866877062114475,"10968,1,9,0,0,0,0,0,0,1034,1896,0,0,0,24,9,0,1,0"
NoiseDefectFree_004361.npy,0.7828145172858987,"10914,1,2,0,0,0,0,0,0,1115,1883,0,0,0,21,5,0,1,0"
NoiseDefectFree_004172.npy,0.7841773059819251,"10933,0,9,0,0,0,0,0,0,1090,1883,1,0,0,18,7,0,0,1"
Defect_L13_B2_el122_H8_W8.npy,0.6391478984363793,"8910,4,62,0,0,0,0,0,55,1855,1964,154,1,62,777,65,28,3,2"
Defect_L19_B24_H4_W8.npy,0.6529909625591738,"9104,4,67,0,0,0,0,0,54,1663,2160,101,4,10,615,104,21,19,16"
NoiseDefectFree_000396.npy,0.7820255343566203,"10903,0,16,0,0,0,0,0,0,1123,1877,1,0,0,19,2,0,1,0"
Defect_L15_B450_el6209_H2_W2.npy,0.7836752259360207,"10923,0,8,0,0,0,0,0,0,1016,1844,34,0,0,73,38,5,0,1"
Defect_L11_B209_el6171_H4_W4.npy,0.7279443408406254,"10149,0,26,0,0,0,2,0,75,1337,1828,101,0,0,328,56,24,6,10"
NoiseDefectFree_004493.npy,0.778654425476976,"10856,0,14,0,0,0,0,0,0,1141,1903,0,0,0,18,8,0,1,1"
NoiseDefectFree_001366.npy,0.7810930999856549,"10890,2,6,0,0,0,0,0,0,1090,1924,0,0,0,20,8,0,0,2"
Defect_L5_B158_el2133_H2_W2.npy,0.7584994979199541,"10575,0,28,0,0,6,1,0,32,1309,1959,0,0,0,22,9,0,0,1"
Defect_L16_B71_el3482_H8_W8.npy,0.68842346865586,"9578,0,11,0,0,0,0,0,140,1489,1514,163,6,0,948,68,16,2,7"
Defect_L10_B187_el5515_H4_W4.npy,0.7422894850093243,"10335,3,89,0,0,37,0,0,71,1467,1699,94,0,0,111,13,14,3,6"
NoiseDefectFree_004969.npy,0.7846793860278296,"10940,0,3,0,0,0,0,0,0,1122,1847,1,0,0,20,9,0,0,0"
NoiseDefectFree_002915.npy,0.785038014632047,"10945,0,7,0,0,0,0,0,0,1111,1845,1,0,0,27,5,0,1,0"
Defect_L16_B314_el4191_H2_W2.npy,0.7808061971022808,"10883,0,8,0,0,0,0,0,0,1096,1809,28,0,0,89,23,3,0,3"
NoiseDefectFree_003767.npy,0.7876201405824128,"10981,1,5,0,0,0,0,0,0,1082,1842,1,0,0,22,7,0,0,1"
NoiseDefectFree_003441.npy,0.7831731458901162,"10919,0,6,0,0,0,0,0,0,1110,1867,0,0,0,31,7,0,0,2"
Defect_L3_B173_el5159_H4_W4.npy,0.7288767752115909,"10152,1,85,0,0,26,6,6,134,1419,1739,118,0,0,226,27,1,0,2"
Defect_L4_B5_el143_H8_W8.npy,0.6463204705207287,"9011,0,69,0,0,190,5,36,84,1889,2288,155,0,0,193,9,3,3,7"
NoiseDefectFree_002144.npy,0.7922105867163965,"11045,0,8,0,0,0,0,0,0,1021,1849,0,0,0,12,6,0,0,1"
Defect_L13_B249_el3479_H2_W2.npy,0.7783675225936021,"10852,1,11,0,0,0,0,0,1,1181,1623,58,0,0,170,29,8,2,6"
Defect_L7_B260_el3501_H2_W2.npy,0.7739205279013054,"10788,1,45,0,0,5,4,0,53,1159,1812,2,0,0,63,7,0,0,3"
NoiseDefectFree_001572.npy,0.7897719122077177,"11011,1,7,0,0,0,0,0,0,1051,1835,1,0,0,24,8,0,1,3"
NoiseDefectFree_004080.npy,0.7859704490030125,"10958,0,8,0,0,0,0,0,0,1097,1848,0,0,0,24,7,0,0,0"
NoiseDefectFree_001123.npy,0.7894132836035002,"11006,3,8,0,0,0,0,0,0,1068,1824,3,0,0,24,6,0,0,0"
NoiseDefectFree_002787.npy,0.7843207574236121,"10935,1,6,0,0,0,0,0,0,1033,1936,2,0,0,19,8,0,0,2"
NoiseDefectFree_002968.npy,0.7764309281308277,"10825,3,5,0,0,0,0,0,0,1127,1959,0,0,0,17,5,0,0,1"
NoiseDefectFree_002505.npy,0.7810930999856549,"10890,1,14,0,0,0,0,0,0,1104,1905,0,0,0,19,9,0,0,0"
Defect_L3_B120_el1489_H2_W2.npy,0.7581408693157367,"10563,3,57,2,0,9,3,1,33,1283,1962,0,0,0,19,7,0,0,0"
Defect_L9_B64_el3146_H8_W8.npy,0.6453163104289198,"8964,0,95,0,0,99,1,0,210,2087,1841,185,0,0,434,22,3,0,1"
Defect_L11_B64_el1503_H4_W4.npy,0.727872615119782,"10148,0,32,0,0,1,0,0,46,1234,2057,74,0,0,259,60,14,0,17"
NoiseDefectFree_000729.npy,0.785324917515421,"10949,0,10,0,0,0,0,0,0,1054,1908,2,0,0,14,5,0,0,0"
Defect_L9_B4_el127_H4_W4.npy,0.7179027399225362,"10001,0,52,0,0,50,3,11,47,1602,1975,116,0,0,69,8,2,0,6"
Defect_L4_B130_el3519_H4_W4.npy,0.7205565915937455,"10045,0,54,1,0,29,3,8,126,1605,1864,28,0,0,167,10,0,0,2"
NoiseDefectFree_000413.npy,0.7814517285898723,"10895,2,7,0,0,0,0,0,0,1097,1911,0,0,0,22,5,0,1,2"
Defect_L13_B58_el797_H2_W2.npy,0.7517572801606656,"10481,2,14,0,0,0,0,0,0,1226,1983,47,0,0,119,42,12,3,13"
Defect_L11_B301_el4151_H2_W2.npy,0.7820972600774638,"10904,1,7,0,0,0,0,0,0,1204,1596,49,0,0,146,27,5,0,3"
NoiseDefectFree_000826.npy,0.7779371682685411,"10846,0,4,0,0,0,0,0,0,1158,1898,0,0,0,28,8,0,0,0"
NoiseDefectFree_003268.npy,0.7761440252474537,"10821,1,11,0,0,0,0,0,0,1164,1906,0,0,0,31,7,0,0,1"
NoiseDefectFree_003975.npy,0.7835317744943336,"10924,1,5,0,0,0,0,0,0,1083,1896,1,0,0,26,4,0,0,2"
Defect_L2_B362_el5167_H2_W2.npy,0.7611533495911634,"10612,0,44,1,0,4,3,0,53,1292,1872,1,0,0,52,8,0,0,0"
Defect_L17_B134_el1801_H2_W2.npy,0.7413570506383589,"10332,1,13,0,0,0,0,0,0,1381,2014,44,1,4,99,37,11,1,4"
NoiseDefectFree_000418.npy,0.7892698321618132,"11004,0,11,0,0,0,0,0,0,1049,1842,3,0,0,21,9,0,1,2"
Defect_L10_B4_el136_H8_W8.npy,0.6854827141012767,"9491,0,60,0,0,126,0,0,65,1819,2050,106,0,0,165,25,6,6,23"
Defect_L6_B47_el1151_H4_W4.npy,0.739779084779802,"10306,1,42,0,0,37,0,0,51,1585,1896,2,0,0,13,9,0,0,0"
NoiseDefectFree_002083.npy,0.7822407115191508,"10906,1,13,0,0,0,0,0,0,1086,1911,1,0,0,17,6,0,0,1"
Defect_L2_B85_el4154_H8_W8.npy,0.6356333381150481,"8862,1,103,2,0,58,3,2,267,2181,1745,325,0,0,344,49,0,0,0"
NoiseDefectFree_003374.npy,0.7899870893702482,"11014,0,6,0,0,0,0,0,0,1035,1853,2,0,0,27,3,0,1,1"
Defect_L18_B409_el5843_H2_W2.npy,0.753406971740066,"10500,2,3,0,0,0,0,0,0,1331,1845,65,0,2,119,41,21,10,3"
NoiseDefectFree_004108.npy,0.7838904030985512,"10929,1,10,0,0,0,0,0,0,1053,1921,2,0,0,23,3,0,0,0"
NoiseDefectFree_004381.npy,0.7804475684980634,"10881,1,2,0,0,0,0,0,0,1124,1907,0,0,0,23,4,0,0,0"
Defect_L7_B430_el6169_H2_W2.npy,0.7503944914646392,"10461,3,55,0,0,11,4,0,54,1328,1976,5,0,0,33,10,0,0,2"
NoiseDefectFree_001067.npy,0.7871897862573519,"10975,1,9,0,0,0,0,0,0,1058,1869,4,0,0,18,6,0,0,2"
NoiseDefectFree_003914.npy,0.7853966432362646,"10950,3,9,0,0,0,0,0,0,1088,1865,0,0,0,23,4,0,0,0"
Defect_L2_B103_el5162_H8_W8.npy,0.63054081193516,"8791,0,157,1,3,111,5,27,249,2029,1679,364,0,0,442,46,25,3,10"
Defect_L2_B24_el1137_H8_W8.npy,0.5674939033137283,"7912,0,167,5,1,162,3,28,105,2335,2502,168,0,0,440,70,17,2,25"
Defect_L15_B15_el455_H4_W4.npy,0.7161095969014488,"9975,1,23,0,0,0,0,0,24,1342,2164,114,2,0,225,48,8,5,11"
Defect_L3_B99_el4847_H8_W8.npy,0.669272701190647,"9311,1,97,1,0,86,1,0,232,1824,2075,63,0,0,233,18,0,0,0"
NoiseDefectFree_002739.npy,0.786472529048917,"10965,0,13,0,0,0,0,0,0,1125,1800,1,0,0,31,3,0,0,4"
Defect_L15_B54_el1463_H4_W4.npy,0.7127384880218046,"9926,0,12,0,0,0,0,0,10,1439,2175,91,1,0,215,58,8,0,7"
NoiseDefectFree_004001.npy,0.7900588150910917,"11015,0,4,0,0,0,0,0,0,1066,1825,0,0,0,21,9,0,0,2"
NoiseDefectFree_002428.npy,0.7771481853392627,"10835,0,5,0,0,0,0,0,0,1102,1969,1,0,0,26,2,0,0,2"
Defect_L2_B86_el1137_H2_W2.npy,0.7475971883517429,"10423,2,71,1,0,9,5,0,25,1302,2061,5,0,0,27,7,0,3,1"
NoiseDefectFree_001688.npy,0.7818103571940898,"10900,2,7,0,0,0,0,0,0,1147,1859,0,0,0,17,10,0,0,0"
NoiseDefectFree_000852.npy,0.7875484148615693,"10980,2,7,0,0,0,0,0,0,1054,1860,1,0,0,26,12,0,0,0"
Defect_L4_B27_el1158_H8_W8.npy,0.5790417443695309,"8072,2,122,1,0,133,7,36,136,2338,2592,220,0,0,232,39,2,0,10"
Defect_L4_B204_el2509_H2_W2.npy,0.76560034428346,"10673,0,39,1,0,6,6,0,36,1215,1936,1,0,0,21,8,0,0,0"
Defect_L3_B138_el3835_H4_W4.npy,0.7221345574523024,"10047,1,86,1,0,36,3,1,37,1565,1818,130,0,0,164,28,17,1,7"
Defect_L7_B175_el5167_H4_W4.npy,0.7189069000143451,"10018,1,48,0,0,45,5,7,119,1711,1805,41,0,0,122,19,0,0,1"
NoiseDefectFree_002840.npy,0.7873332376990388,"10977,0,6,0,0,0,0,0,0,1097,1838,0,0,0,17,7,0,0,0"
NoiseDefectFree_004612.npy,0.7811648257064984,"10891,1,10,0,0,0,0,0,0,1120,1884,1,0,0,30,4,0,0,1"
Defect_L3_B19_el815_H8_W8.npy,0.6016353464352316,"8338,1,158,2,1,215,5,25,93,2114,2441,140,0,0,322,49,12,0,26"
Defect_L4_B286_el3837_H2_W2.npy,0.7611533495911634,"10611,0,47,1,0,7,6,0,44,1127,2011,2,0,0,74,11,0,0,1"
NoiseDefectFree_002490.npy,0.7859704490030125,"10958,0,6,0,0,0,0,0,0,1068,1873,0,0,0,28,9,0,0,0"
Defect_L11_B252_el3485_H2_W2.npy,0.7697604360923828,"10732,2,9,0,0,0,0,0,0,1222,1728,45,0,0,150,34,12,1,7"
Defect_L4_B307_el4163_H2_W2.npy,0.7569932577822407,"10554,3,56,0,0,11,4,0,62,1357,1838,2,0,0,49,5,0,0,1"
NoiseDefectFree_002850.npy,0.7822407115191508,"10906,2,6,0,0,0,0,0,0,1122,1873,1,0,0,20,8,0,0,4"
Defect_L14_B20_el822_H8_W8.npy,0.6097403528905465,"8447,0,16,0,0,0,0,0,55,1888,2170,230,5,54,938,100,25,9,5"
Defect_L14_B84_el4147_H8_W8.npy,0.7106584421173433,"9908,0,7,0,0,0,0,0,175,1497,1499,206,0,0,584,40,17,4,5"
NoiseDefectFree_004453.npy,0.7813082771481853,"10893,0,8,0,0,0,0,0,0,1101,1900,2,0,0,28,8,0,0,2"
Defect_L13_B418_el5861_H2_W2.npy,0.7656720700043036,"10675,2,13,0,0,0,0,0,1,1189,1800,78,0,0,120,41,15,1,7"
Defect_L18_B308_el4179_H2_W2.npy,0.7629464926122508,"10633,0,8,0,0,0,0,0,0,1245,1747,56,0,0,191,30,17,5,10"
NoiseDefectFree_002480.npy,0.7865442547697604,"10966,0,5,0,0,0,0,0,0,1083,1859,0,0,0,25,3,0,0,1"
Defect_L17_B23_el487_H4_W4.npy,0.6997561325491322,"9744,2,38,0,0,0,0,0,9,1427,2182,88,2,9,289,101,23,21,7"
NoiseDefectFree_002142.npy,0.7906326208578396,"11023,0,6,0,0,0,0,0,0,1052,1820,1,0,0,34,4,0,1,1"
Defect_L18_B213_el6187_H4_W4.npy,0.7005451154784106,"9758,2,37,0,0,0,0,0,45,1604,1837,132,1,4,402,64,35,15,6"
Defect_L5_B121_el3483_H4_W4.npy,0.73439965571654,"10239,1,29,0,0,39,0,0,62,1601,1871,2,0,0,85,10,1,0,2"
NoiseDefectFree_002745.npy,0.7908477980203701,"11026,0,3,0,0,0,0,0,0,1058,1825,0,0,0,17,10,0,0,3"
Defect_L6_B436_el6181_H2_W2.npy,0.7631616697747813,"10638,1,34,0,0,5,1,0,37,1229,1963,1,0,0,21,10,0,0,2"
NoiseDefectFree_003507.npy,0.7825276144025247,"10910,1,5,0,0,0,0,0,0,1103,1881,3,0,0,30,7,0,0,2"
NoiseDefectFree_001680.npy,0.7757136709223927,"10815,1,9,0,0,0,0,0,0,1140,1947,0,0,0,21,9,0,0,0"
NoiseDefectFree_004250.npy,0.7889112035575958,"10999,1,6,0,0,0,0,0,0,1110,1801,0,0,0,20,5,0,0,0"
NoiseDefectFree_003148.npy,0.7898436379285612,"11012,0,9,0,0,0,0,0,0,1081,1810,2,0,0,18,7,0,0,3"
Defect_L5_B403_el5831_H2_W2.npy,0.7617271553579114,"10620,0,34,0,0,7,1,0,38,1262,1940,4,0,0,24,10,0,0,2"
Defect_L8_B150_el4183_H4_W4.npy,0.7177592884808492,"10007,0,73,0,0,44,0,0,130,1702,1816,60,0,0,97,10,0,1,2"
NoiseDefectFree_000581.npy,0.7879070434657869,"10985,0,14,0,0,0,0,0,0,1074,1835,1,0,0,28,5,0,0,0"
NoiseDefectFree_004071.npy,0.7965858556878497,"11106,0,5,0,0,0,0,0,0,981,1824,0,0,0,22,4,0,0,0"
NoiseDefectFree_003344.npy,0.7828145172858987,"10914,0,8,0,0,0,0,0,0,1047,1947,4,0,0,18,4,0,0,0"
Defect_L4_B255_el3491_H2_W2.npy,0.7562042748529623,"10543,0,33,0,0,9,6,1,43,1325,1927,0,0,0,47,8,0,0,0"
NoiseDefectFree_003673.npy,0.7830296944484292,"10917,1,10,0,0,0,0,0,0,1086,1897,0,0,0,23,8,0,0,0"
NoiseDefectFree_000560.npy,0.7831731458901162,"10919,1,6,0,0,0,0,0,1,1098,1888,0,0,0,26,3,0,0,0"
Defect_L10_B373_el5203_H2_W2.npy,0.7653134414000861,"10663,3,39,0,0,2,1,0,40,1205,1947,2,0,0,30,8,0,1,1"
Defect_L15_B286_el3837_H2_W2.npy,0.7869746090948214,"10969,2,8,0,0,0,0,0,0,1140,1655,42,0,0,92,27,1,0,6"
NoiseDefectFree_000513.npy,0.7843924831444556,"10936,0,5,0,0,0,0,0,0,1037,1932,4,0,0,20,4,0,0,4"
NoiseDefectFree_001082.npy,0.7876201405824128,"10981,2,8,0,0,0,0,0,0,1087,1831,1,0,0,22,9,0,0,1"
NoiseDefectFree_001665.npy,0.7877635920240998,"10983,1,7,0,0,0,0,0,0,1009,1912,0,0,0,25,2,0,0,3"
Defect_L2_B245_el3187_H2_W2.npy,0.7636637498206857,"10647,0,34,2,0,5,5,0,48,1152,1997,0,0,0,38,10,0,1,3"
NoiseDefectFree_001932.npy,0.785611820398795,"10953,0,13,0,0,0,0,0,0,1055,1883,3,0,0,21,9,0,1,4"
Defect_L4_B342_el4829_H2_W2.npy,0.7742791565055229,"10795,1,21,0,0,4,1,0,25,1154,1911,0,0,0,25,5,0,0,0"
NoiseDefectFree_001151.npy,0.7871180605365083,"10974,0,7,0,0,0,0,0,0,1057,1882,0,0,0,12,10,0,0,0"
NoiseDefectFree_002839.npy,0.7803758427772199,"10880,0,7,0,0,0,0,0,0,1107,1911,0,0,0,28,8,0,0,1"
Defect_L12_B128_el6198_H8_W8.npy,0.6331946636063692,"8813,3,42,0,0,0,1,2,249,1831,1686,173,6,41,924,115,44,3,9"
Defect_L13_B177_el2171_H2_W2.npy,0.7678238416296084,"10705,3,7,0,0,0,0,0,0,1106,1894,50,0,0,123,38,7,1,8"
Defect_L16_B429_el6167_H2_W2.npy,0.7704059675799741,"10734,1,12,0,0,0,0,0,0,1175,1842,49,1,0,80,36,7,2,3"
Defect_L15_B254_el3489_H2_W2.npy,0.7805910199397504,"10879,0,3,0,0,0,0,0,0,1134,1752,35,0,0,105,25,2,1,6"
Defect_L5_B123_el1495_H2_W2.npy,0.767465213025391,"10700,1,31,0,0,8,0,0,27,1243,1902,1,0,0,19,9,0,0,1"
NoiseDefectFree_000831.npy,0.7815951800315594,"10897,0,5,0,0,0,0,0,0,1134,1880,0,0,0,25,1,0,0,0"
Defect_L16_B147_el1827_H2_W2.npy,0.7744943336680533,"10791,0,4,0,0,0,0,0,0,1056,1954,35,0,0,68,28,1,1,4"
NoiseDefectFree_004753.npy,0.7833883230526467,"10922,0,14,0,0,0,0,0,0,1117,1857,1,0,0,20,8,0,1,2"
Defect_L12_B21_el155_H2_W2.npy,0.7754267680390188,"10811,1,8,0,0,0,0,0,0,1113,1831,33,0,0,98,20,13,7,7"
NoiseDefectFree_000636.npy,0.7866877062114475,"10968,0,9,0,0,0,0,0,0,1067,1866,2,0,0,22,8,0,0,0"
NoiseDefectFree_004466.npy,0.7823841629608378,"10908,0,3,0,0,0,0,0,0,1114,1886,0,0,0,26,4,0,0,1"
Defect_L10_B385_el5511_H2_W2.npy,0.766030698608521,"10674,1,58,0,0,3,0,0,57,1262,1789,18,0,0,64,15,0,0,1"
Defect_L12_B283_el3831_H2_W2.npy,0.7680390187921389,"10708,1,8,0,0,0,0,0,6,1268,1668,67,0,0,159,36,14,2,5"
Defect_L11_B22_el483_H4_W4.npy,0.7301678381867738,"10180,2,53,0,0,1,0,0,12,1146,2104,63,0,0,259,77,14,6,25"
Defect_L8_B97_el1159_H2_W2.npy,0.7594319322909195,"10588,1,56,0,0,9,1,0,41,1274,1932,4,0,0,30,4,0,0,2"
NoiseDefectFree_004143.npy,0.7792999569645674,"10865,0,14,0,0,0,0,0,0,1122,1912,0,0,0,22,4,0,0,3"
Defect_L18_B422_el5869_H2_W2.npy,0.7662458757710515,"10679,1,17,0,0,0,0,0,0,1191,1800,55,0,2,116,47,21,6,7"
Defect_L13_B144_el1821_H2_W2.npy,0.7549849375986228,"10526,1,13,0,0,0,0,0,0,1196,1990,47,0,0,114,38,8,2,7"
NoiseDefectFree_000877.npy,0.7851097403528905,"10946,0,10,0,0,0,0,0,0,1151,1811,0,0,0,20,4,0,0,0"
NoiseDefectFree_004870.npy,0.786042174723856,"10959,0,8,0,0,0,0,0,0,1092,1846,1,0,0,31,5,0,0,0"
Defect_L10_B64_el809_H2_W2.npy,0.760364366661885,"10592,3,66,0,0,2,0,0,12,1243,1970,23,0,0,26,4,0,0,1"
Defect_L8_B404_el5833_H2_W2.npy,0.7539807775068139,"10512,0,62,0,0,10,2,0,67,1367,1835,6,0,0,66,15,0,0,0"
NoiseDefectFree_000005.npy,0.7831014201692728,"10918,0,8,0,0,0,0,0,0,1128,1864,1,0,0,17,6,0,0,0"
NoiseDefectFree_003052.npy,0.7874766891407259,"10979,2,11,0,0,0,0,0,0,1093,1830,0,0,0,24,2,0,1,0"
Defect_L7_B330_el4521_H2_W2.npy,0.7738488021804619,"10789,1,27,1,0,0,1,0,24,1204,1873,2,0,0,16,3,0,0,1"
NoiseDefectFree_003125.npy,0.7820972600774638,"10904,1,6,0,0,0,0,0,0,1059,1945,1,0,0,21,3,0,1,1"
NoiseDefectFree_002492.npy,0.7896284607660307,"11009,1,7,0,0,0,0,0,0,1079,1824,1,0,0,17,4,0,0,0"
NoiseDefectFree_003855.npy,0.7844642088652991,"10937,0,4,0,0,0,0,0,0,1095,1867,1,0,0,29,6,0,0,3"
NoiseDefectFree_004778.npy,0.7801606656146894,"10877,1,5,0,0,0,0,0,0,1175,1852,2,0,0,24,4,0,0,2"
Defect_L10_B170_el4863_H4_W4.npy,0.7577105149906757,"10541,2,41,0,0,5,0,0,68,1285,1891,17,0,0,79,12,0,1,0"
Defect_L15_B189_el2479_H2_W2.npy,0.7659589728876776,"10674,1,5,0,0,0,0,0,0,1087,2015,36,0,0,95,21,2,1,5"
Defect_L7_B218_el2835_H2_W2.npy,0.7310285468368957,"10192,0,40,0,0,17,0,0,42,1673,1938,1,0,0,32,6,0,0,1"
NoiseDefectFree_001149.npy,0.7839621288193946,"10930,1,6,0,0,0,0,0,0,1085,1893,0,0,0,20,6,0,0,1"
NoiseDefectFree_000575.npy,0.7873332376990388,"10977,1,8,0,0,0,0,0,0,1031,1896,1,0,0,22,5,0,0,1"
NoiseDefectFree_003770.npy,0.7866159804906039,"10967,0,6,0,0,0,0,0,0,1114,1826,0,0,0,21,7,0,0,1"
NoiseDefectFree_004147.npy,0.7852531917945775,"10948,0,7,0,0,0,0,0,0,1062,1905,0,0,0,18,1,0,0,1"
NoiseDefectFree_000854.npy,0.7886243006742217,"10995,0,6,0,0,0,0,0,0,1067,1836,0,0,0,31,7,0,0,0"
Defect_L10_B39_el1816_H8_W8.npy,0.6514847224214604,"9002,2,114,0,0,115,0,0,103,2233,1885,73,0,0,335,38,20,1,21"
Defect_L2_B243_el3183_H2_W2.npy,0.7586429493616411,"10577,2,39,2,0,3,5,0,46,1218,2019,1,0,0,24,6,0,0,0"
Defect_L8_B136_el3827_H4_W4.npy,0.721775928848085,"10054,0,64,0,0,37,6,10,98,1733,1702,105,0,0,118,14,0,0,1"
Defect_L2_B88_el1141_H2_W2.npy,0.7389183761296801,"10302,0,67,0,0,10,6,0,21,1346,2130,2,0,0,41,13,0,0,4"
Defect_L14_B62_el1495_H4_W4.npy,0.7102998135131258,"9888,0,7,0,0,0,0,0,5,1305,2234,89,3,15,309,70,10,0,7"
NoiseDefectFree_004496.npy,0.7913498780662745,"11033,2,8,0,0,0,0,0,0,1060,1809,2,0,0,20,7,0,0,1"
Defect_L6_B433_el6175_H2_W2.npy,0.7536221489025965,"10505,0,41,0,0,5,1,0,35,1401,1921,0,0,0,25,6,0,0,2"
Defect_L12_B72_el825_H2_W2.npy,0.7581408693157367,"10570,0,6,0,0,0,0,0,0,1144,1993,43,0,0,113,41,14,5,13"
NoiseDefectFree_002369.npy,0.7866159804906039,"10967,0,9,0,0,0,0,0,0,1085,1854,0,0,0,21,5,0,0,1"
NoiseDefectFree_004781.npy,0.7829579687275857,"10916,0,7,0,0,0,0,0,0,1147,1851,1,0,0,16,3,0,0,1"
Defect_L19_B34_el815_H4_W4.npy,0.6864151484722422,"9570,2,72,0,0,5,0,0,33,1481,2203,65,1,4,353,84,23,21,25"
NoiseDefectFree_002951.npy,0.7864008033280735,"10964,1,7,0,0,0,0,0,0,1080,1854,1,0,0,25,10,0,0,0"
Defect_L19_B11_el472_H8_W8.npy,0.6113183187491035,"8523,0,120,0,0,7,0,0,68,1917,2013,143,1,35,856,152,41,47,19"
Defect_L5_B126_el3503_H4_W4.npy,0.7517572801606656,"10481,2,32,0,0,25,4,2,92,1406,1847,0,0,0,46,5,0,0,0"
Defect_L6_B80_el3832_H8_W8.npy,0.7175441113183187,"9979,3,52,2,0,115,3,2,112,1770,1745,21,0,0,126,10,0,0,2"
NoiseDefectFree_001842.npy,0.7833165973318031,"10921,0,6,0,0,0,0,0,0,1125,1862,0,0,0,23,5,0,0,0"
Defect_L18_B137_el1807_H2_W2.npy,0.7405680677090805,"10322,1,3,0,0,0,0,0,0,1383,1999,45,0,2,124,35,15,6,7"
NoiseDefectFree_000538.npy,0.785468368957108,"10951,2,5,0,0,0,0,0,0,1098,1848,0,0,0,30,7,0,1,0"
NoiseDefectFree_002807.npy,0.785611820398795,"10953,2,2,0,0,0,0,0,0,1095,1851,0,0,0,31,7,0,0,1"
Defect_L2_B163_el4819_H4_W4.npy,0.7543394061110315,"10517,0,52,0,0,12,2,0,89,1231,1797,79,0,0,145,10,3,0,5"
Defect_L14_B44_el1139_H4_W4.npy,0.6945918806484005,"9669,0,12,0,0,0,0,0,8,1462,2266,89,3,15,340,59,12,0,7"
Defect_L11_B84_el4147_H8_W8.npy,0.7300961124659303,"10179,1,8,0,0,0,0,0,150,1420,1412,208,0,0,512,32,15,1,4"
Defect_L6_B114_el1477_H2_W2.npy,0.7662458757710515,"10680,1,28,0,0,6,1,0,28,1237,1933,1,0,0,24,3,0,0,0"
Defect_L4_B111_el5505_H8_W8.npy,0.6361354181609525,"8868,3,156,1,0,185,7,34,211,1938,1988,270,0,0,229,47,1,0,4"
Defect_L9_B166_el2149_H2_W2.npy,0.7496772342562043,"10452,0,48,0,0,12,0,0,40,1322,1996,11,0,0,52,8,0,0,1"
NoiseDefectFree_000785.npy,0.7858269975613255,"10956,0,8,0,0,0,0,0,0,1089,1851,1,0,0,27,9,0,1,0"
NoiseDefectFree_001410.npy,0.7751398651556448,"10807,0,1,0,0,0,0,0,0,1107,1988,0,0,0,28,10,0,1,0"
NoiseDefectFree_000155.npy,0.7820255343566203,"10903,1,4,0,0,0,0,0,0,1138,1863,3,0,0,19,8,0,0,3"
Defect_L13_B100_el2515_H4_W4.npy,0.7260077463778511,"10118,2,23,0,0,0,0,0,67,1183,2083,84,4,6,314,47,8,1,2"
NoiseDefectFree_003010.npy,0.7870463348156649,"10973,1,9,0,0,0,0,0,0,1069,1860,0,0,0,23,7,0,0,0"
NoiseDefectFree_001687.npy,0.784607660306986,"10939,1,8,0,0,0,0,0,0,1055,1904,0,0,0,29,6,0,0,0"
NoiseDefectFree_004015.npy,0.7765743795725147,"10827,3,6,0,0,0,0,0,0,1137,1930,2,0,0,26,11,0,0,0"
Defect_L17_B125_el6177_H8_W8.npy,0.6323339549562473,"8798,1,22,0,0,0,1,4,241,1913,1681,157,2,44,886,125,46,18,3"
NoiseDefectFree_003864.npy,0.7797303112896284,"10871,0,8,0,0,0,0,0,0,1150,1885,1,0,0,23,2,0,0,2"
NoiseDefectFree_002734.npy,0.7771481853392627,"10835,0,7,0,0,0,0,0,0,1195,1873,0,0,0,22,10,0,0,0"
NoiseDefectFree_001896.npy,0.786185626165543,"10961,0,4,0,0,0,0,0,0,1100,1847,2,0,0,21,6,0,0,1"
Defect_L11_B302_el4153_H2_W2.npy,0.7873332376990388,"10977,0,11,0,0,0,0,0,0,1114,1570,49,0,0,174,33,6,0,8"
NoiseDefectFree_000570.npy,0.7823124372399942,"10907,0,12,0,0,0,0,0,0,1107,1887,1,0,0,20,6,0,1,1"
Defect_L10_B63_el807_H2_W2.npy,0.7632333954956247,"10632,3,67,0,0,5,0,0,16,1283,1883,19,0,0,27,7,0,0,0"
Defect_L4_B227_el2853_H2_W2.npy,0.7687562760005738,"10718,1,18,0,0,7,4,0,43,1187,1926,0,0,0,29,8,0,1,0"
NoiseDefectFree_001817.npy,0.784607660306986,"10939,3,5,0,0,0,0,0,0,1092,1866,1,0,0,25,8,0,0,3"
Defect_L6_B59_el2817_H8_W8.npy,0.6997561325491322,"9750,0,67,0,0,80,0,0,167,1821,1964,2,0,0,80,7,0,0,4"
NoiseDefectFree_003395.npy,0.7801606656146894,"10877,0,10,0,0,0,0,0,0,1152,1863,1,0,0,31,5,0,0,3"
NoiseDefectFree_003328.npy,0.7901305408119351,"11016,0,10,0,0,0,0,0,0,1059,1838,0,0,0,14,5,0,0,0"
Defect_L17_B92_el2467_H4_W4.npy,0.7085066704920384,"9869,0,36,0,0,0,0,0,51,1555,1925,107,1,10,317,44,18,5,4"
Defect_L18_B219_el2837_H2_W2.npy,0.7550566633194664,"10527,1,12,0,0,0,0,0,0,1166,2021,38,1,0,124,33,9,2,8"
NoiseDefectFree_002976.npy,0.785898723282169,"10957,0,10,0,0,0,0,0,0,1139,1809,2,0,0,20,5,0,0,0"
NoiseDefectFree_000981.npy,0.77894132836035,"10860,1,7,0,0,0,0,0,0,1119,1930,0,0,0,20,0,1,0,4"
NoiseDefectFree_000191.npy,0.7880504949074738,"10987,1,9,0,0,0,0,0,0,1056,1866,1,0,0,15,6,0,0,1"
Defect_L16_B77_el1839_H4_W4.npy,0.7361927987376273,"10252,1,5,0,0,0,0,0,0,1234,2117,72,2,0,202,46,6,0,5"
Defect_L6_B190_el5527_H4_W4.npy,0.7480992683976474,"10423,0,46,0,0,41,0,0,81,1465,1848,1,0,0,32,4,0,0,1"
NoiseDefectFree_000700.npy,0.7902739922536222,"11018,1,7,0,0,0,0,0,0,1090,1797,1,0,0,25,1,0,0,2"
Defect_L8_B30_el457_H2_W2.npy,0.7577105149906757,"10564,0,72,0,0,16,2,1,35,1245,1944,32,0,0,25,5,0,1,0"
NoiseDefectFree_000607.npy,0.7829579687275857,"10916,1,7,0,0,0,0,0,0,1108,1886,0,0,0,18,6,0,0,0"
NoiseDefectFree_000302.npy,0.7848945631903601,"10943,0,13,0,0,0,0,0,0,1092,1865,1,0,0,23,5,0,0,0"
NoiseDefectFree_003421.npy,0.7802323913355329,"10878,1,9,0,0,0,0,0,0,1168,1859,0,0,0,20,5,0,1,1"
Defect_L6_B12_el479_H8_W8.npy,0.6591593745517142,"9173,4,84,0,0,190,0,0,83,1918,2314,124,0,0,44,8,0,0,0"
NoiseDefectFree_001061.npy,0.7808061971022808,"10886,0,6,0,0,0,0,0,0,1104,1911,2,0,0,24,9,0,0,0"
NoiseDefectFree_003445.npy,0.7891263807201262,"11002,0,7,0,0,0,0,0,0,1044,1868,1,0,0,13,7,0,0,0"
NoiseDefectFree_001070.npy,0.7825993401233683,"10911,2,3,0,0,0,0,0,0,1073,1922,0,0,0,23,7,0,0,1"
NoiseDefectFree_002206.npy,0.7843924831444556,"10936,0,7,0,0,0,0,1,0,1133,1836,0,0,0,19,9,0,0,1"
Defect_L6_B91_el4490_H8_W8.npy,0.7445129823554727,"10380,0,47,0,0,40,0,0,159,1295,1901,2,0,0,112,6,0,0,0"
Defect_L4_B8_el451_H8_W8.npy,0.578467938602783,"8064,3,115,3,0,115,6,34,109,2266,2568,270,0,0,344,39,0,4,2"
Defect_L11_B185_el5507_H4_W4.npy,0.7234256204274853,"10086,2,22,0,0,0,2,0,94,1387,1727,113,0,0,418,44,25,0,22"
Defect_L10_B248_el3477_H2_W2.npy,0.7719122077176875,"10756,1,45,0,0,5,0,0,49,1227,1761,4,0,0,86,8,0,0,0"
NoiseDefectFree_004643.npy,0.785611820398795,"10953,0,9,0,0,0,0,0,0,1089,1863,2,0,0,15,9,0,0,2"
Defect_L17_B330_el4521_H2_W2.npy,0.7671065844211734,"10695,2,3,0,0,0,0,0,0,1159,1932,32,0,0,89,18,5,0,7"
Defect_L13_B109_el1467_H2_W2.npy,0.7460192224931861,"10401,0,8,0,0,0,0,0,0,1262,2021,49,0,0,140,41,11,1,8"
Defect_L7_B401_el5827_H2_W2.npy,0.75369387462344,"10506,0,46,0,0,7,3,0,70,1267,1971,2,0,0,57,11,0,1,1"
Defect_L2_B181_el2179_H2_W2.npy,0.7555587433653709,"10534,2,56,0,0,9,2,0,38,1238,2014,1,0,0,40,7,0,0,1"
Defect_L7_B79_el2131_H4_W4.npy,0.6969588294362359,"9712,0,45,0,0,18,5,7,107,1810,2036,80,0,0,97,19,0,1,5"
Defect_L18_B331_el4523_H2_W2.npy,0.7770047338975756,"10833,1,3,0,0,0,0,0,0,1106,1838,29,0,0,93,28,4,1,6"
NoiseDefectFree_004894.npy,0.7808779228231244,"10887,0,8,0,0,0,0,0,0,1150,1868,0,0,0,22,7,0,0,0"
NoiseDefectFree_000226.npy,0.7817386314732463,"10899,0,6,0,0,0,0,0,0,1151,1859,1,0,0,21,5,0,0,0"
NoiseDefectFree_003355.npy,0.7838904030985512,"10929,0,4,0,0,0,0,0,0,1059,1905,0,0,0,32,12,0,0,1"
Defect_L4_B399_el5539_H2_W2.npy,0.7652417156792426,"10667,2,47,2,0,9,6,0,51,1170,1956,1,0,0,24,6,0,0,1"
Defect_L9_B225_el2849_H2_W2.npy,0.760364366661885,"10600,0,35,0,0,8,0,0,36,1289,1927,1,0,0,37,9,0,0,0"
NoiseDefectFree_003437.npy,0.7782957968727585,"10851,3,6,0,0,0,0,0,0,1123,1923,0,0,0,29,6,0,1,0"
NoiseDefectFree_001694.npy,0.7858269975613255,"10956,0,12,0,0,0,0,0,0,1097,1840,2,0,0,29,6,0,0,0"
Defect_L3_B46_el1147_H4_W4.npy,0.6835461196385023,"9510,1,102,0,0,43,5,1,49,1784,2189,77,0,0,126,41,4,4,6"
NoiseDefectFree_001046.npy,0.785038014632047,"10945,1,8,0,0,0,0,0,0,1054,1892,2,0,0,32,2,0,0,6"
NoiseDefectFree_003447.npy,0.7820972600774638,"10904,2,7,0,0,0,0,0,0,1151,1844,0,0,0,30,3,0,0,1"
Defect_L12_B180_el5203_H4_W4.npy,0.7487447998852389,"10437,0,20,0,0,0,0,0,92,1103,1804,117,0,0,303,44,18,3,1"
Defect_L9_B85_el4154_H8_W8.npy,0.6374264811361354,"8871,0,88,0,0,58,0,0,223,2157,1972,232,0,0,301,40,0,0,0"
Defect_L6_B391_el5523_H2_W2.npy,0.7734184478554009,"10782,0,34,0,0,4,1,0,37,1117,1931,2,0,0,22,7,0,0,5"
NoiseDefectFree_004736.npy,0.7806627456605939,"10884,1,8,0,0,0,0,0,0,1109,1914,0,0,0,18,7,0,0,1"
NoiseDefectFree_004497.npy,0.7890546549992827,"11001,1,6,0,0,0,0,0,0,1030,1868,0,0,0,25,9,0,0,2"
NoiseDefectFree_001219.npy,0.7872615119781954,"10976,0,13,0,0,0,0,0,0,1063,1862,2,0,0,21,4,0,1,0"
Defect_L16_B168_el4855_H4_W4.npy,0.7744943336680533,"10797,1,5,0,0,0,0,0,0,1093,1670,91,0,0,237,34,8,3,3"
Defect_L13_B118_el1485_H2_W2.npy,0.7613685267536938,"10615,1,6,0,0,0,0,0,0,1154,1945,42,0,0,119,44,6,1,9"
NoiseDefectFree_003988.npy,0.786185626165543,"10961,1,8,0,0,0,0,0,0,1044,1898,3,0,0,22,5,0,0,0"
NoiseDefectFree_004912.npy,0.7833165973318031,"10921,0,3,0,0,0,0,0,0,1093,1897,0,0,0,23,3,0,0,2"
Defect_L5_B86_el4161_H8_W8.npy,0.6570793286472529,"9161,0,90,1,0,109,0,1,276,1999,1906,42,0,0,340,16,0,0,1"
NoiseDefectFree_004494.npy,0.7813082771481853,"10893,1,4,0,0,0,0,0,0,1120,1878,1,0,0,34,9,0,0,2"
Defect_L8_B201_el2503_H2_W2.npy,0.7622292354038158,"10627,0,49,0,0,7,2,0,51,1314,1839,2,0,0,41,7,0,0,3"
Defect_L16_B180_el5203_H4_W4.npy,0.7615119781953809,"10610,0,8,0,0,0,1,0,21,1193,1784,80,0,0,200,34,8,2,1"
Defect_L14_B35_el819_H4_W4.npy,0.7182613685267537,"9999,0,11,0,0,0,0,0,5,1245,2142,82,3,15,343,75,12,2,8"
NoiseDefectFree_000957.npy,0.7805910199397504,"10883,0,3,0,0,0,0,0,0,1067,1950,2,0,0,23,12,0,1,1"
NoiseDefectFree_002870.npy,0.7848945631903601,"10943,2,3,0,0,0,0,0,0,1116,1838,2,0,0,27,11,0,0,0"
NoiseDefectFree_004434.npy,0.7842490317027686,"10934,0,5,0,0,0,0,0,0,1091,1871,0,0,0,31,10,0,0,0"
NoiseDefectFree_004974.npy,0.7889829292784393,"11000,1,8,0,0,0,0,0,0,1079,1822,1,0,0,24,7,0,0,0"
NoiseDefectFree_002962.npy,0.7801606656146894,"10877,2,8,0,0,0,0,0,0,1141,1887,0,0,0,20,5,0,0,2"
NoiseDefectFree_002201.npy,0.7808061971022808,"10886,0,10,0,0,0,0,0,0,1063,1946,2,0,0,26,8,0,0,1"
NoiseDefectFree_000099.npy,0.7836035002151772,"10925,0,1,0,0,0,0,0,0,1087,1906,0,0,0,15,6,0,0,2"
Defect_L16_B178_el5195_H4_W4.npy,0.7619423325204419,"10612,1,5,0,0,0,0,0,0,1060,1794,123,3,0,281,46,11,4,2"
NoiseDefectFree_002558.npy,0.7720556591593746,"10764,6,7,0,0,0,0,0,0,1216,1911,0,0,0,29,9,0,0,0"
Defect_L4_B175_el2167_H2_W2.npy,0.7610098981494764,"10610,1,44,0,0,7,6,0,39,1293,1908,0,0,0,22,6,0,0,6"
NoiseDefectFree_004200.npy,0.7879787691866303,"10986,0,4,0,0,0,0,0,0,1038,1875,0,0,0,27,10,0,0,2"
Defect_L17_B24_el1137_H8_W8.npy,0.5633338115048057,"7838,2,79,0,0,1,1,0,94,2504,2116,136,2,45,960,101,40,18,5"
Defect_L13_B10_el133_H2_W2.npy,0.7659589728876776,"10679,1,7,0,0,0,0,0,1,1132,1913,44,0,0,100,34,12,10,9"
NoiseDefectFree_001649.npy,0.7821689857983073,"10905,3,4,0,0,0,0,0,0,1134,1864,0,0,0,26,6,0,0,0"
Defect_L13_B66_el813_H2_W2.npy,0.753550423181753,"10506,2,7,0,0,0,0,0,0,1195,2024,45,0,0,93,44,8,4,14"
Defect_L4_B14_el493_H8_W8.npy,0.6240854970592454,"8699,0,64,2,0,137,5,31,83,2135,2276,157,0,0,324,22,2,2,3"
NoiseDefectFree_004500.npy,0.7826710658442118,"10912,0,6,0,0,0,0,0,0,1057,1930,1,0,0,26,7,0,0,3"
NoiseDefectFree_001155.npy,0.7833883230526467,"10922,1,10,0,0,0,0,0,0,1113,1864,1,0,0,23,8,0,0,0"
NoiseDefectFree_002256.npy,0.7836035002151772,"10925,0,7,0,0,0,0,0,0,1103,1880,0,0,0,19,8,0,0,0"
NoiseDefectFree_003171.npy,0.785755271840482,"10955,0,14,0,0,0,0,0,0,1088,1859,1,0,0,22,3,0,0,0"
Defect_L9_B125_el1499_H2_W2.npy,0.7541959546693444,"10514,1,55,0,0,9,0,0,35,1322,1952,14,0,0,31,6,0,1,2"
Defect_L8_B191_el2483_H2_W2.npy,0.745445416726438,"10393,2,42,0,0,9,0,0,51,1426,1958,2,0,0,48,11,0,0,0"
NoiseDefectFree_003109.npy,0.7832448716109597,"10920,1,4,0,0,0,0,0,0,1082,1911,0,0,0,19,5,0,0,0"
NoiseDefectFree_004549.npy,0.7828145172858987,"10914,2,7,0,0,0,0,0,0,1078,1917,1,0,0,18,5,0,0,0"
Defect_L8_B175_el5167_H4_W4.npy,0.7190503514560321,"10021,1,77,0,0,44,2,4,125,1709,1725,103,0,0,104,26,0,0,1"
NoiseDefectFree_002050.npy,0.7841055802610816,"10932,1,5,0,0,0,0,0,0,1132,1851,1,0,0,13,7,0,0,0"
Defect_L6_B368_el5193_H2_W2.npy,0.773131544972027,"10776,0,34,0,0,6,0,0,56,1170,1869,1,0,0,25,5,0,0,0"
Defect_L13_B8_el143_H4_W4.npy,0.7389901018505236,"10300,0,27,0,0,0,0,0,6,1189,1894,62,3,15,380,45,13,2,6"
Defect_L4_B53_el787_H2_W2.npy,0.7556304690862143,"10535,1,50,0,0,4,5,0,21,1269,1973,35,0,0,33,7,0,0,9"
NoiseDefectFree_000263.npy,0.7870463348156649,"10973,0,11,0,0,0,0,0,0,1042,1891,0,0,0,21,4,0,0,0"
NoiseDefectFree_004062.npy,0.7770047338975756,"10833,0,7,0,0,0,0,0,0,1139,1934,1,0,0,18,10,0,0,0"
Defect_L17_B398_el5537_H2_W2.npy,0.7693300817673218,"10722,1,14,0,0,0,0,0,1,1219,1770,61,2,3,91,37,13,2,6"
Defect_L13_B216_el2817_H2_W2.npy,0.7540525032276575,"10513,1,6,0,0,0,0,0,0,1230,1975,40,0,0,137,31,4,1,4"
Defect_L10_B192_el2485_H2_W2.npy,0.7504662171854827,"10457,2,55,0,0,4,0,0,35,1326,1987,8,0,0,57,11,0,0,0"
Defect_L12_B2_el117_H2_W2.npy,0.7571367092239277,"10555,1,17,0,0,0,0,0,7,1203,1960,47,0,0,109,22,11,1,9"
NoiseDefectFree_001803.npy,0.7791565055228805,"10863,0,8,0,0,0,0,0,0,1090,1942,1,0,0,28,9,0,0,1"
NoiseDefectFree_004737.npy,0.7838186773777076,"10928,0,7,0,0,0,0,0,0,1073,1901,0,0,0,25,7,0,0,1"
NoiseDefectFree_002386.npy,0.7932864725290489,"11060,0,3,0,0,0,0,0,0,1031,1804,0,0,0,36,7,0,0,1"
Defect_L19_B85_el2155_H4_W4.npy,0.6767321761583704,"9435,1,54,0,0,16,0,0,85,1712,2109,60,2,3,357,48,25,15,20"
Defect_L9_B352_el4863_H2_W2.npy,0.7663893272127384,"10682,0,24,0,0,0,0,0,23,1262,1915,0,0,0,31,4,0,0,1"
NoiseDefectFree_001960.npy,0.7840338545402381,"10931,4,10,0,0,0,0,0,0,1127,1839,3,0,0,20,7,0,0,1"
NoiseDefectFree_002977.npy,0.780088939893846,"10876,1,7,0,0,0,0,0,0,1157,1874,0,0,0,23,3,0,0,1"
Defect_L5_B149_el4179_H4_W4.npy,0.7077894132836035,"9868,0,60,0,0,58,3,0,146,1781,1946,1,0,0,67,11,0,0,1"
NoiseDefectFree_001844.npy,0.7861139004446994,"10960,0,5,0,0,0,0,0,0,1115,1834,0,0,0,21,7,0,0,0"
NoiseDefectFree_001735.npy,0.785898723282169,"10957,1,1,0,0,0,0,0,0,1130,1834,0,0,0,15,2,0,0,2"
NoiseDefectFree_002912.npy,0.7810213742648113,"10889,1,6,0,0,0,0,0,1,1148,1861,0,0,0,29,7,0,0,0"
Defect_L10_B2_el122_H8_W8.npy,0.6520585281882083,"9036,0,67,0,0,80,1,0,77,1970,2249,116,0,0,273,36,7,5,25"
NoiseDefectFree_001987.npy,0.7881939463491608,"10989,1,8,0,0,0,0,0,0,1102,1818,0,0,0,20,2,0,0,2"
Defect_L3_B75_el3510_H8_W8.npy,0.5997704776933008,"8318,0,154,1,1,111,3,30,243,2154,2123,263,0,0,490,39,3,1,8"
Defect_L12_B344_el4833_H2_W2.npy,0.7764309281308277,"10825,3,5,0,0,0,0,0,0,1167,1783,26,0,0,106,13,4,1,9"
Defect_L16_B170_el2157_H2_W2.npy,0.7714101276717831,"10748,2,3,0,0,0,0,0,0,1136,1908,34,0,0,77,28,2,0,4"
NoiseDefectFree_002812.npy,0.7823841629608378,"10908,3,12,0,0,0,0,0,0,1144,1844,0,0,0,24,5,0,0,2"
NoiseDefectFree_000660.npy,0.7820255343566203,"10903,0,6,0,0,0,0,0,0,1092,1914,0,0,0,22,5,0,0,0"
NoiseDefectFree_002512.npy,0.7845359345861426,"10938,1,5,0,0,0,0,0,0,1113,1857,0,0,0,21,4,0,0,3"
NoiseDefectFree_004283.npy,0.7834600487734902,"10923,3,10,0,0,0,0,0,0,1079,1893,0,0,0,21,11,0,0,2"
Defect_L4_B261_el3503_H2_W2.npy,0.7676803901879213,"10701,0,45,2,0,5,3,0,47,1136,1940,0,0,0,54,8,0,0,1"
Defect_L15_B53_el787_H2_W2.npy,0.7589298522450151,"10576,2,7,0,0,0,0,0,0,1238,1967,53,0,0,69,20,4,2,4"
Defect_L16_B33_el811_H4_W4.npy,0.7296657581408693,"10162,0,9,0,0,0,0,0,0,1285,2084,73,2,0,246,66,6,3,6"
NoiseDefectFree_001931.npy,0.779658585568785,"10870,0,11,0,0,0,0,0,0,1082,1946,3,0,0,22,6,0,1,1"
Defect_L2_B14_el141_H2_W2.npy,0.7711949505092526,"10752,5,64,0,0,4,2,0,13,1179,1891,2,0,0,24,6,0,0,0"
NoiseDefectFree_000198.npy,0.7924257638789269,"11048,1,4,0,0,0,0,0,0,1048,1808,3,0,0,25,5,0,0,0"
Defect_L11_B53_el787_H2_W2.npy,0.7559890976904318,"10540,1,21,0,0,3,0,0,3,1195,1970,62,0,0,93,21,11,4,18"
NoiseDefectFree_002932.npy,0.7833883230526467,"10922,0,8,0,0,0,0,0,0,1095,1882,1,0,0,29,5,0,0,0"
Defect_L6_B445_el6199_H2_W2.npy,0.773131544972027,"10777,3,30,0,0,5,0,0,37,1201,1862,2,0,0,22,3,0,0,0"
NoiseDefectFree_002328.npy,0.7813082771481853,"10893,2,8,0,0,0,0,0,0,1134,1882,1,0,0,17,5,0,0,0"
NoiseDefectFree_004390.npy,0.7903457179744656,"11019,0,11,0,0,0,0,0,0,1069,1817,0,0,0,21,2,0,0,3"
Defect_L18_B412_el5849_H2_W2.npy,0.7559890976904318,"10536,1,5,0,0,0,0,0,0,1377,1769,73,0,2,106,39,20,9,5"
NoiseDefectFree_004219.npy,0.7871180605365083,"10974,0,9,0,0,0,0,0,0,1055,1885,2,0,0,11,4,0,0,2"
NoiseDefectFree_000203.npy,0.7808061971022808,"10886,1,5,0,0,0,0,0,0,1114,1903,0,0,0,24,4,0,0,5"
NoiseDefectFree_003511.npy,0.7844642088652991,"10937,0,6,0,0,0,0,0,0,1087,1885,1,0,0,20,6,0,0,0"
NoiseDefectFree_004932.npy,0.7866159804906039,"10967,0,7,0,0,0,0,0,0,1022,1913,0,0,0,24,8,1,0,0"
Defect_L3_B390_el5521_H2_W2.npy,0.7610816238703199,"10603,1,52,1,0,7,3,0,55,1227,1929,1,0,0,51,12,0,0,0"
Defect_L6_B53_el787_H2_W2.npy,0.7681107445129823,"10705,1,35,0,0,7,1,0,22,1216,1917,3,0,0,30,5,0,0,0"
NoiseDefectFree_001708.npy,0.7849662889112036,"10944,0,8,0,0,0,0,0,0,1111,1852,0,0,0,19,7,0,0,1"
Defect_L11_B62_el2845_H8_W8.npy,0.6918663032563477,"9646,0,9,0,0,0,0,0,153,1411,1957,156,0,0,534,47,18,4,7"
Defect_L13_B128_el6198_H8_W8.npy,0.6220054511547841,"8666,2,19,0,0,1,1,0,291,1904,1715,181,6,59,929,111,41,8,8"
Defect_L18_B386_el5513_H2_W2.npy,0.7648830870750251,"10660,0,7,0,0,0,0,0,2,1363,1653,55,0,2,122,46,18,7,7"
Defect_L14_B34_el1494_H8_W8.npy,0.6081623870319897,"8422,0,7,0,0,2,0,0,118,1812,2242,192,5,57,966,87,24,4,4"
Defect_L12_B275_el3815_H2_W2.npy,0.7788696026395066,"10859,1,2,0,0,0,0,0,0,1171,1610,69,0,0,186,26,10,1,7"
Defect_L10_B53_el787_H2_W2.npy,0.760364366661885,"10595,0,71,0,0,5,0,0,25,1250,1902,33,0,0,44,15,0,0,2"
NoiseDefectFree_000855.npy,0.7851097403528905,"10946,0,5,0,0,0,0,0,0,1025,1926,1,0,0,34,4,0,0,1"
NoiseDefectFree_004738.npy,0.7876918663032564,"10982,1,9,0,0,0,0,0,0,1083,1836,0,0,0,25,3,0,0,3"
NoiseDefectFree_000699.npy,0.7883373977908478,"10991,0,14,0,0,0,0,0,0,1016,1887,0,0,0,25,8,0,0,1"
NoiseDefectFree_003697.npy,0.7831731458901162,"10919,1,6,0,0,0,0,0,0,1069,1913,0,0,0,25,9,0,0,0"
NoiseDefectFree_001637.npy,0.7891263807201262,"11002,0,9,0,0,0,0,0,0,1045,1845,1,0,0,31,7,0,0,2"
Defect_L6_B182_el5495_H4_W4.npy,0.7384162960837757,"10286,1,36,0,0,38,0,0,110,1465,1904,2,0,0,89,11,0,0,0"
Defect_L7_B53_el2488_H8_W8.npy,0.6990388753406972,"9743,0,48,0,0,67,3,0,97,1909,1933,50,0,0,75,16,0,0,1"
NoiseDefectFree_003582.npy,0.7825993401233683,"10911,0,5,0,0,0,0,1,0,1082,1912,2,0,0,22,4,0,1,2"
NoiseDefectFree_001292.npy,0.7851814660737341,"10947,1,5,0,0,0,0,0,0,1045,1917,0,0,0,19,6,0,0,2"
Defect_L15_B7_el139_H4_W4.npy,0.7405680677090805,"10315,0,12,0,0,0,0,0,3,1166,2054,69,2,0,249,49,12,4,7"
NoiseDefectFree_001854.npy,0.7843924831444556,"10936,2,7,0,0,0,0,0,0,1129,1829,1,0,0,35,2,0,1,0"
Defect_L10_B130_el1509_H2_W2.npy,0.7618706067995983,"10616,0,44,0,0,9,0,0,27,1192,1977,6,0,0,54,15,0,0,2"
NoiseDefectFree_003764.npy,0.7815234543107158,"10896,2,8,0,0,0,0,0,0,1090,1921,1,0,0,15,7,0,1,1"
NoiseDefectFree_003305.npy,0.7836035002151772,"10925,0,4,0,0,0,0,0,0,1090,1889,0,0,0,20,12,0,0,2"
NoiseDefectFree_001496.npy,0.785898723282169,"10957,1,10,0,0,0,0,0,0,1089,1856,1,0,0,20,5,0,2,1"
Defect_L3_B157_el4495_H4_W4.npy,0.7681824702338258,"10708,1,32,0,0,5,0,0,72,1212,1857,1,0,0,47,6,0,0,1"
NoiseDefectFree_001999.npy,0.7871897862573519,"10975,1,8,0,0,0,0,0,0,1100,1833,0,0,0,18,5,0,0,2"
NoiseDefectFree_000664.npy,0.7866159804906039,"10967,0,8,0,0,0,0,0,0,1048,1881,2,0,0,29,5,0,1,1"
NoiseDefectFree_003749.npy,0.7828862430067423,"10915,1,7,0,0,0,0,0,0,1111,1886,0,0,0,16,6,0,0,0"
NoiseDefectFree_004414.npy,0.7846793860278296,"10940,0,10,0,0,0,0,0,0,1086,1872,2,0,0,24,4,0,0,4"
Defect_L9_B340_el4825_H2_W2.npy,0.7797303112896284,"10868,2,29,0,0,1,2,0,27,1129,1834,0,0,0,43,6,0,0,1"
Defect_L6_B10_el465_H8_W8.npy,0.64840051642519,"9015,2,95,0,0,177,0,0,90,1960,2304,234,0,0,56,5,0,0,4"
Defect_L13_B101_el4861_H8_W8.npy,0.7021230813369674,"9787,1,5,0,0,0,0,0,182,1296,1812,208,2,0,550,79,11,3,6"
Defect_L11_B188_el5519_H4_W4.npy,0.7237842490317028,"10091,0,35,0,0,0,1,0,67,1330,1884,97,0,0,358,36,28,1,14"
Defect_L3_B324_el4495_H2_W2.npy,0.7709797733467222,"10749,3,25,0,0,2,0,0,36,1180,1909,0,0,0,28,10,0,0,0"
Defect_L8_B155_el1843_H2_W2.npy,0.7657437957251471,"10676,1,36,0,0,13,0,0,50,1200,1929,2,0,0,25,9,0,0,1"
Defect_L15_B24_el1137_H8_W8.npy,0.6317601491894994,"8750,1,10,0,0,0,0,0,0,1876,2206,122,4,0,846,110,11,2,4"
NoiseDefectFree_001307.npy,0.77894132836035,"10860,0,11,0,0,0,0,0,0,1120,1923,0,0,0,22,6,0,0,0"
Defect_L11_B292_el3849_H2_W2.npy,0.7715535791134701,"10757,2,10,0,0,0,0,0,0,1160,1785,48,0,0,145,19,6,1,9"
Defect_L15_B99_el1163_H2_W2.npy,0.773274996413714,"10775,0,4,0,0,0,0,0,0,1102,1925,31,0,0,70,28,1,0,6"
Defect_L6_B400_el5541_H2_W2.npy,0.786185626165543,"10958,0,23,0,0,5,1,0,32,1045,1853,0,0,0,20,4,0,0,1"
NoiseDefectFree_001664.npy,0.7848228374695165,"10942,0,6,0,0,0,0,0,0,1098,1860,1,0,0,30,4,0,0,1"
Defect_L17_B166_el2149_H2_W2.npy,0.753550423181753,"10502,1,6,0,0,0,0,0,0,1214,2025,42,1,4,97,35,11,1,3"
Defect_L12_B267_el3515_H2_W2.npy,0.7753550423181753,"10810,0,5,0,0,0,0,0,0,1118,1731,56,0,0,175,29,8,1,9"
NoiseDefectFree_003628.npy,0.7842490317027686,"10934,0,8,0,0,0,0,0,0,1141,1826,0,0,0,24,9,0,0,0"
NoiseDefectFree_002694.npy,0.7800172141730024,"10875,1,6,0,0,0,0,0,0,1127,1890,2,0,0,26,11,0,1,3"
Defect_L5_B66_el3160_H8_W8.npy,0.7113039736049347,"9917,1,34,2,0,101,6,2,125,1710,1901,17,0,0,112,14,0,0,0"
Defect_L7_B123_el1495_H2_W2.npy,0.7654568928417731,"10671,1,38,0,0,9,2,0,38,1247,1898,2,0,0,26,7,0,0,3"
NoiseDefectFree_003158.npy,0.7818820829149333,"10901,1,8,0,0,0,0,0,0,1117,1877,3,0,0,28,6,0,0,1"
Defect_L6_B211_el2807_H2_W2.npy,0.7615119781953809,"10614,1,25,0,0,6,0,0,26,1251,1979,1,0,0,33,6,0,0,0"
NoiseDefectFree_001060.npy,0.7794434084062545,"10867,0,6,0,0,0,0,0,0,1100,1938,1,0,0,21,7,0,1,1"
NoiseDefectFree_004637.npy,0.785611820398795,"10953,3,7,0,0,0,0,0,0,1064,1873,1,0,0,33,6,0,0,2"
NoiseDefectFree_003243.npy,0.7836035002151772,"10925,0,5,0,0,0,0,0,0,1071,1912,0,0,0,26,2,0,0,1"
NoiseDefectFree_001679.npy,0.7862573518863865,"10962,1,3,0,0,0,0,0,0,1083,1864,2,0,0,18,8,0,0,1"
Defect_L2_B127_el1503_H2_W2.npy,0.7580691435948931,"10569,1,64,0,0,10,1,0,31,1197,2035,3,0,0,28,2,0,1,0"
Defect_L15_B298_el3861_H2_W2.npy,0.7929278439248314,"11049,0,4,0,0,0,0,0,0,1011,1747,25,0,0,78,22,3,0,3"
Defect_L10_B171_el4867_H4_W4.npy,0.7575670635489886,"10539,0,26,0,0,4,0,0,55,1233,1974,32,0,0,66,11,0,0,2"
NoiseDefectFree_001758.npy,0.7808061971022808,"10886,0,11,0,0,0,0,0,0,1094,1919,0,0,0,21,8,0,0,3"
Defect_L9_B158_el2133_H2_W2.npy,0.7468082054224645,"10410,0,53,0,0,10,0,0,54,1404,1920,10,0,0,67,13,0,0,1"
Defect_L15_B78_el3818_H8_W8.npy,0.6767321761583704,"9383,0,9,0,0,0,0,0,117,1635,1509,189,5,2,984,72,27,5,5"
Defect_L2_B111_el3143_H4_W4.npy,0.7326065126954526,"10214,0,70,3,0,26,3,5,94,1408,1749,76,0,0,261,31,2,0,0"
Defect_L4_B57_el1475_H4_W4.npy,0.6852675369387462,"9552,1,80,2,0,45,5,3,59,1773,2267,37,0,0,94,21,1,0,2"
NoiseDefectFree_002791.npy,0.7812365514273418,"10892,0,8,0,0,0,0,0,0,1183,1830,0,0,0,24,4,0,0,1"
NoiseDefectFree_000864.npy,0.7830296944484292,"10917,0,8,0,0,0,0,0,0,1149,1845,1,0,0,19,2,0,1,0"
Defect_L19_B63_el3139_H8_W8.npy,0.6441686988954239,"8981,1,100,0,0,0,0,0,198,1917,1458,185,3,21,948,59,37,27,7"
NoiseDefectFree_001485.npy,0.7824558886816813,"10909,1,3,0,0,0,0,0,0,1126,1873,0,0,0,24,5,0,0,1"
Defect_L5_B84_el2151_H4_W4.npy,0.7326782384162961,"10215,0,31,0,0,35,2,0,73,1526,2032,3,0,0,20,5,0,0,0"
Defect_L7_B8_el143_H4_W4.npy,0.7404246162673935,"10316,0,46,0,0,49,7,9,50,1458,1894,75,0,0,30,6,0,1,1"
Defect_L2_B173_el5159_H4_W4.npy,0.7348300100416009,"10245,0,87,5,0,31,3,8,124,1330,1703,122,0,0,231,34,11,0,8"
Defect_L6_B136_el3827_H4_W4.npy,0.7458040453306556,"10391,1,34,0,0,30,0,0,88,1372,1961,1,0,0,54,8,0,0,2"
NoiseDefectFree_000207.npy,0.7824558886816813,"10909,1,10,0,0,0,0,0,0,1098,1893,1,0,0,20,8,0,0,2"
NoiseDefectFree_004489.npy,0.786902883373978,"10971,1,9,0,0,0,0,0,0,1027,1906,0,0,0,26,2,0,0,0"
Defect_L13_B110_el5498_H8_W8.npy,0.6331946636063692,"8824,0,53,0,0,0,2,0,334,1779,1425,339,4,53,963,94,57,7,8"
Defect_L5_B64_el3146_H8_W8.npy,0.6797446564337971,"9477,0,47,0,0,102,0,0,182,1931,1823,55,0,0,300,23,0,0,2"
Defect_L16_B270_el3521_H2_W2.npy,0.7914933295079616,"11029,0,11,0,0,0,0,0,0,1007,1753,32,0,0,70,34,3,0,3"
NoiseDefectFree_000503.npy,0.778654425476976,"10856,0,12,0,0,0,0,0,0,1080,1947,0,0,0,41,6,0,0,0"
Defect_L7_B198_el2497_H2_W2.npy,0.7527614402524745,"10493,0,36,0,0,7,4,0,55,1363,1953,1,0,0,26,4,0,0,0"
NoiseDefectFree_001029.npy,0.7864008033280735,"10964,1,6,0,0,0,0,0,0,1063,1869,0,0,0,28,10,0,0,1"
NoiseDefectFree_003841.npy,0.7827427915650552,"10913,0,5,0,0,0,0,0,0,1097,1887,2,0,0,25,11,0,1,1"
Defect_L13_B12_el159_H4_W4.npy,0.7443695309137857,"10374,1,20,0,0,0,0,0,20,1147,1960,58,5,7,286,48,7,5,4"
Defect_L5_B381_el5503_H2_W2.npy,0.7683976473963563,"10713,0,30,0,0,5,0,0,39,1235,1876,0,0,0,35,8,0,0,1"
Defect_L3_B292_el3849_H2_W2.npy,0.7629464926122508,"10631,1,41,2,0,8,3,1,53,1169,1984,0,0,0,46,3,0,0,0"
Defect_L14_B302_el4153_H2_W2.npy,0.7869746090948214,"10972,0,6,0,0,0,0,0,0,1170,1555,43,0,0,162,27,2,1,4"
NoiseDefectFree_002732.npy,0.7785826997561326,"10855,0,4,0,0,0,0,0,0,1124,1922,4,0,0,21,11,0,1,0"
Defect_L7_B252_el3485_H2_W2.npy,0.7605795438244154,"10603,0,29,0,0,7,2,0,49,1340,1853,0,0,0,47,11,0,0,1"
NoiseDefectFree_002455.npy,0.7808061971022808,"10886,0,1,0,0,0,0,0,0,1147,1878,1,0,0,24,3,0,0,2"
Defect_L18_B75_el3510_H8_W8.npy,0.609955530053077,"8476,0,66,0,0,1,0,0,291,2172,1414,240,3,39,1088,58,48,33,13"
NoiseDefectFree_003105.npy,0.7851814660737341,"10947,0,5,0,0,0,0,0,0,1039,1916,2,0,0,19,12,0,0,2"
Defect_L2_B347_el4853_H2_W2.npy,0.7696169846506957,"10730,1,30,0,0,1,0,0,27,1256,1863,0,0,0,23,9,0,0,2"
Defect_L12_B33_el1487_H8_W8.npy,0.5948931286759432,"8273,1,89,0,0,0,0,0,65,2052,2115,207,4,35,932,125,29,0,15"
NoiseDefectFree_003100.npy,0.7841055802610816,"10932,3,0,0,0,0,0,0,0,1114,1870,0,0,0,17,5,0,0,1"
Defect_L15_B65_el811_H2_W2.npy,0.7714101276717831,"10749,0,10,0,0,0,0,0,0,1094,1955,34,0,0,58,30,2,3,7"
NoiseDefectFree_003562.npy,0.7816669057524028,"10898,1,4,0,0,0,0,0,0,1120,1888,3,0,0,23,4,0,0,1"
Defect_L14_B364_el5171_H2_W2.npy,0.766030698608521,"10680,2,6,0,0,0,0,0,0,1166,1799,48,0,0,196,26,10,0,9"
NoiseDefectFree_000392.npy,0.7839621288193946,"10930,0,3,0,0,0,0,0,0,1108,1874,1,0,0,22,3,0,0,1"
Defect_L9_B13_el486_H8_W8.npy,0.6174150050208005,"8560,3,111,0,0,130,5,18,173,2050,2386,147,0,0,263,45,10,13,28"
Defect_L17_B287_el3839_H2_W2.npy,0.7752833165973319,"10804,0,9,0,0,1,0,0,0,1351,1553,49,0,3,118,29,13,3,9"
Defect_L15_B295_el3855_H2_W2.npy,0.786042174723856,"10954,1,7,0,0,0,0,0,0,981,1854,28,0,0,90,22,1,0,4"
Defect_L10_B224_el2847_H2_W2.npy,0.7579974178740496,"10562,2,32,0,0,2,1,0,29,1246,2013,0,0,0,43,10,0,0,2"
NoiseDefectFree_002696.npy,0.7876201405824128,"10981,0,7,0,0,0,0,0,0,1132,1773,1,0,0,35,12,0,0,1"
NoiseDefectFree_002028.npy,0.7835317744943336,"10924,1,4,0,0,0,0,0,0,1124,1858,1,0,0,22,6,0,1,1"
Defect_L12_B216_el2817_H2_W2.npy,0.7478123655142734,"10426,1,7,0,0,0,0,0,0,1217,2047,45,0,0,160,27,3,3,6"
NoiseDefectFree_002569.npy,0.7897001864868742,"11010,0,6,0,0,0,0,0,0,1059,1842,1,0,0,23,1,0,0,0"
Defect_L15_B37_el827_H4_W4.npy,0.7465213025390905,"10395,0,5,0,0,0,0,0,0,1139,2053,76,0,0,191,69,7,1,6"
NoiseDefectFree_000065.npy,0.7889829292784393,"11000,4,8,0,0,0,0,0,0,1041,1847,2,0,0,36,1,0,0,3"
NoiseDefectFree_002063.npy,0.7832448716109597,"10920,0,5,0,0,0,0,0,0,1098,1893,2,0,0,15,6,0,0,3"
Defect_L2_B226_el2851_H2_W2.npy,0.7580691435948931,"10569,0,42,1,0,3,3,0,42,1230,2017,4,0,0,27,4,0,0,0"
Defect_L5_B297_el3859_H2_W2.npy,0.7833883230526467,"10922,0,23,0,0,7,0,0,30,1062,1867,0,0,0,24,6,0,0,1"
Defect_L18_B29_el1459_H8_W8.npy,0.5718691722851814,"7943,1,108,0,0,0,0,1,136,2288,2008,174,2,42,1109,56,29,36,9"
Defect_L11_B1_el115_H4_W4.npy,0.7337541242289485,"10230,0,40,0,0,0,1,0,13,1196,2084,79,0,0,241,29,14,5,10"
Defect_L9_B362_el5167_H2_W2.npy,0.7648830870750251,"10663,0,47,0,0,7,0,0,45,1332,1776,4,0,0,60,8,0,0,0"
NoiseDefectFree_004860.npy,0.7803758427772199,"10880,1,6,0,0,0,0,0,0,1139,1881,0,0,0,25,6,0,1,3"
NoiseDefectFree_004888.npy,0.7861139004446994,"10960,0,6,0,0,0,0,0,0,1072,1879,0,0,0,17,7,0,0,1"
Defect_L12_B30_el457_H2_W2.npy,0.7589298522450151,"10581,1,16,0,0,0,0,0,2,1225,1851,79,0,0,116,32,16,2,21"
NoiseDefectFree_000879.npy,0.7895567350451872,"11008,3,9,0,0,0,0,0,0,1046,1832,4,0,0,28,9,0,0,3"
Defect_L4_B174_el2165_H2_W2.npy,0.7647396356333381,"10662,1,46,0,0,8,5,0,40,1269,1875,3,0,0,27,5,0,0,1"
Defect_L2_B205_el5871_H4_W4.npy,0.7060679959833597,"9844,5,101,1,0,44,2,3,128,1550,1928,153,0,0,139,25,13,3,3"
Defect_L6_B169_el4859_H4_W4.npy,0.7600057380576675,"10596,0,39,0,0,4,0,0,94,1228,1945,1,0,0,28,5,0,2,0"
Defect_L18_B31_H8_W4.npy,0.6166260220915221,"8568,1,79,0,0,26,0,0,77,2201,2038,93,1,4,675,84,38,39,18"
Defect_L7_B331_el4523_H2_W2.npy,0.7683259216755128,"10712,0,32,0,0,0,2,0,20,1201,1948,1,0,0,15,9,0,1,1"
Defect_L18_B185_el2471_H2_W2.npy,0.7543394061110315,"10515,2,6,0,0,0,0,0,0,1294,1886,51,1,1,133,30,14,3,6"
NoiseDefectFree_001017.npy,0.7868311576531344,"10970,2,1,0,0,0,0,0,0,1065,1877,1,0,0,17,4,0,1,4"
Defect_L19_B43_el2131_H8_W8.npy,0.5955386601635346,"8303,1,121,0,0,0,0,0,157,2150,1780,187,3,34,1087,39,28,41,11"
Defect_L4_B93_el2471_H4_W4.npy,0.7007602926409411,"9769,1,60,1,0,12,4,7,117,1667,2064,28,0,0,194,17,0,1,0"
NoiseDefectFree_000996.npy,0.7853966432362646,"10950,1,2,0,0,0,0,0,0,1098,1854,0,0,0,24,10,0,1,2"
NoiseDefectFree_004298.npy,0.7836035002151772,"10925,1,10,0,0,0,0,0,0,1120,1856,0,0,0,23,5,0,1,1"
NoiseDefectFree_000162.npy,0.7825276144025247,"10910,0,7,0,0,0,0,0,0,1080,1910,0,0,0,25,9,0,0,1"
Defect_L16_B349_el4857_H2_W2.npy,0.7784392483144456,"10853,2,6,0,0,0,0,0,0,1115,1836,32,0,0,76,14,2,2,4"
Defect_L9_B245_el3187_H2_W2.npy,0.7711949505092526,"10751,1,32,0,0,7,0,0,42,1149,1908,0,0,0,43,8,0,0,1"
Defect_L11_B145_H4_W8.npy,0.7219193802897719,"10065,2,13,0,0,0,0,0,97,1374,1565,130,0,0,601,52,30,3,10"
Defect_L18_B127_el3507_H4_W4.npy,0.7171854827141013,"9987,0,27,0,0,0,0,0,32,1476,1752,112,1,4,463,33,28,19,8"
NoiseDefectFree_003844.npy,0.7861139004446994,"10960,1,3,0,0,0,0,0,0,1100,1853,1,0,0,17,7,0,0,0"
NoiseDefectFree_001022.npy,0.7795151341270979,"10868,2,7,0,0,0,0,0,0,1111,1917,1,0,0,26,9,0,0,1"
NoiseDefectFree_003074.npy,0.7821689857983073,"10905,0,4,0,0,0,0,0,0,1122,1883,1,0,0,16,10,0,1,0"
Defect_L5_B278_el3821_H2_W2.npy,0.7711232247884091,"10751,0,23,0,0,5,1,0,40,1238,1848,1,0,0,27,6,0,0,2"
NoiseDefectFree_003944.npy,0.7843924831444556,"10936,0,11,0,0,0,0,0,0,1050,1917,3,0,0,16,7,0,1,1"
NoiseDefectFree_001586.npy,0.7843924831444556,"10936,1,2,0,0,0,0,0,0,1098,1862,0,0,0,32,8,0,1,2"
NoiseDefectFree_003153.npy,0.7838186773777076,"10928,0,9,0,0,0,0,0,0,1064,1907,1,0,0,29,1,0,0,3"
Defect_L15_B41_el1127_H4_W4.npy,0.7200545115478411,"10028,0,10,0,0,0,0,0,12,1361,2158,97,1,0,211,46,9,1,8"
NoiseDefectFree_000776.npy,0.7821689857983073,"10905,0,10,0,0,0,0,0,0,1152,1839,0,0,0,32,4,0,0,0"
Defect_L13_B204_el5867_H4_W4.npy,0.7122364079759002,"9927,0,9,0,0,0,0,0,76,1303,2017,140,4,15,348,59,29,2,13"
Defect_L11_B434_el6177_H2_W2.npy,0.7578539664323627,"10566,0,6,0,0,0,0,0,0,1238,1880,69,0,0,121,30,22,4,6"
Defect_L13_B289_el3843_H2_W2.npy,0.7767895567350452,"10829,2,8,0,0,0,0,0,0,1189,1631,69,1,0,155,39,11,2,6"
Defect_L3_B103_el1171_H2_W2.npy,0.7640941041457466,"10645,1,53,1,0,10,1,0,28,1150,2026,2,0,0,20,5,0,0,0"
Defect_L15_B50_el2467_H8_W8.npy,0.6728589872328217,"9317,0,15,0,0,0,0,0,94,1685,1938,141,4,0,666,50,18,8,6"
Defect_L4_B217_el6203_H4_W4.npy,0.7001147611533496,"9760,1,89,1,0,63,6,4,117,1672,2072,57,0,0,72,22,1,0,5"
NoiseDefectFree_002613.npy,0.7833883230526467,"10922,1,12,0,0,0,0,0,1,1094,1886,1,0,0,23,2,0,0,0"
Defect_L17_B21_el829_H8_W8.npy,0.5942475971883517,"8269,1,65,0,0,1,0,0,76,2070,2056,172,4,39,1046,88,32,21,2"
Defect_L3_B378_el5497_H2_W2.npy,0.7577105149906757,"10559,1,57,3,0,8,4,0,60,1273,1886,3,0,0,75,12,0,0,1"
Defect_L8_B14_el493_H8_W8.npy,0.6242289485009325,"8679,0,62,0,0,130,0,24,104,2091,2333,165,0,0,325,27,0,0,2"
Defect_L17_B401_el5827_H2_W2.npy,0.7617988810787548,"10616,1,13,0,0,0,0,0,17,1311,1754,73,1,3,99,32,17,2,3"
Defect_L11_B429_el6167_H2_W2.npy,0.7601491894993545,"10598,2,9,0,0,0,0,0,0,1249,1819,62,0,0,133,35,23,6,6"
NoiseDefectFree_003891.npy,0.779084779802037,"10862,2,7,0,0,0,0,0,0,1130,1916,0,0,0,20,5,0,0,0"
NoiseDefectFree_003557.npy,0.785755271840482,"10955,0,8,0,0,0,0,0,0,1108,1850,0,0,0,13,7,0,0,1"
NoiseDefectFree_001529.npy,0.7892698321618132,"11004,1,8,0,0,0,0,0,0,1046,1864,1,0,0,14,4,0,0,0"
NoiseDefectFree_001268.npy,0.7845359345861426,"10938,1,7,0,0,0,0,0,0,1188,1783,2,0,0,18,3,1,0,1"
Defect_L4_B10_el465_H8_W8.npy,0.6134700903744083,"8552,5,145,1,0,164,3,34,93,2030,2417,254,0,0,185,33,6,0,20"
NoiseDefectFree_001900.npy,0.7762157509682972,"10822,1,10,0,0,0,0,0,0,1139,1932,0,0,0,29,7,0,0,2"
NoiseDefectFree_004659.npy,0.7884091235116913,"10992,0,5,0,0,0,0,0,0,1085,1832,0,0,0,23,4,0,0,1"
NoiseDefectFree_003006.npy,0.7885525749533783,"10994,0,4,0,0,0,0,0,0,1068,1846,3,0,0,19,6,0,0,2"
NoiseDefectFree_002735.npy,0.7865442547697604,"10966,0,9,0,0,0,0,0,0,1120,1815,0,0,0,24,5,0,0,3"
NoiseDefectFree_000190.npy,0.785898723282169,"10957,0,5,0,0,0,0,0,0,1095,1855,0,0,0,23,7,0,0,0"
Defect_L2_B139_el1811_H2_W2.npy,0.7426481136135418,"10354,0,54,0,0,8,5,0,29,1332,2114,0,0,0,37,8,0,0,1"
NoiseDefectFree_002748.npy,0.7827427915650552,"10913,0,8,0,0,0,0,0,0,1102,1898,0,0,0,16,4,0,0,1"
NoiseDefectFree_002048.npy,0.7874049634198824,"10978,1,8,0,0,0,0,0,0,1050,1884,0,0,0,18,3,0,0,0"
Defect_L6_B212_el6183_H4_W4.npy,0.7242863290776073,"10090,0,53,0,0,42,0,0,95,1588,2034,1,0,0,32,7,0,0,0"
NoiseDefectFree_002559.npy,0.7845359345861426,"10938,0,7,0,0,0,0,0,0,1104,1867,0,0,0,19,7,0,0,0"
Defect_L13_B152_el4191_H4_W4.npy,0.7496055085353608,"10451,0,6,0,0,0,0,0,49,1211,1746,119,0,0,301,42,10,0,7"
Defect_L5_B155_el4487_H4_W4.npy,0.772557739205279,"10771,0,29,0,0,5,0,0,48,1179,1848,2,0,0,45,14,0,0,1"
Defect_L8_B18_el149_H2_W2.npy,0.7719839334385311,"10763,1,62,0,0,7,0,0,17,1205,1866,3,0,0,14,2,0,0,2"
NoiseDefectFree_003386.npy,0.7842490317027686,"10934,0,7,0,0,0,0,0,0,1056,1902,2,0,0,38,3,0,0,0"
NoiseDefectFree_004556.npy,0.7836035002151772,"10925,0,9,0,0,0,0,0,0,1089,1896,0,0,0,20,2,0,0,1"
NoiseDefectFree_001185.npy,0.7798737627313155,"10873,0,4,0,0,0,0,0,0,1091,1947,1,0,0,22,4,0,0,0"
Defect_L10_B451_el6211_H2_W2.npy,0.7635202983789987,"10639,1,65,0,0,2,1,0,52,1254,1882,0,0,0,41,5,0,0,0"
Defect_L12_B53_el2488_H8_W8.npy,0.6783101420169273,"9454,0,23,0,0,0,0,0,55,1466,2056,85,1,0,716,61,17,1,7"
Defect_L10_B185_el5507_H4_W4.npy,0.7235690718691723,"10079,1,97,0,0,37,0,0,114,1644,1700,135,0,0,107,24,3,0,1"
NoiseDefectFree_002434.npy,0.7827427915650552,"10913,1,6,0,0,0,0,0,0,1093,1897,0,0,0,28,4,0,0,0"
Defect_L8_B80_el3832_H8_W8.npy,0.6841199254052504,"9497,1,88,1,0,179,6,45,136,1900,1741,46,0,0,246,18,21,0,17"
NoiseDefectFree_000770.npy,0.7833165973318031,"10921,0,7,0,0,0,0,0,0,1085,1895,1,0,0,26,5,0,0,2"
NoiseDefectFree_001686.npy,0.7803758427772199,"10880,1,8,0,0,0,0,0,0,1108,1919,0,0,0,20,6,0,0,0"
Defect_L18_B285_el3835_H2_W2.npy,0.7638072012623727,"10645,1,17,0,0,0,0,0,0,1434,1618,33,0,2,127,29,20,8,8"
Defect_L9_B56_el1471_H4_W4.npy,0.6848371826136853,"9529,1,97,1,0,46,0,0,95,1852,2085,70,0,0,124,26,3,0,13"
NoiseDefectFree_004427.npy,0.784607660306986,"10939,1,4,0,0,0,0,0,0,1066,1886,1,0,0,31,12,0,0,2"
NoiseDefectFree_000467.npy,0.7841773059819251,"10933,0,8,0,0,0,0,0,0,1061,1900,1,0,0,28,10,0,0,1"
Defect_L15_B153_el4195_H4_W4.npy,0.7836035002151772,"10903,0,8,0,0,0,0,0,0,1038,1709,56,0,0,196,25,5,0,2"
Defect_L14_B369_el5195_H2_W2.npy,0.7808061971022808,"10886,0,7,0,0,0,0,0,0,1060,1761,63,0,0,118,36,5,2,4"
Defect_L9_B18_el808_H8_W8.npy,0.6177019079041745,"8567,3,145,0,0,228,3,23,158,2142,2186,65,0,0,321,50,18,1,32"
Defect_L3_B205_el2511_H2_W2.npy,0.7574236121073017,"10555,1,38,2,0,10,2,0,42,1264,1991,0,0,0,27,9,0,0,1"
NoiseDefectFree_000861.npy,0.7838186773777076,"10928,1,5,0,0,0,0,0,0,1086,1889,1,0,0,28,4,0,0,0"
Defect_L4_B134_el1801_H2_W2.npy,0.745875771051499,"10399,0,48,0,0,10,6,0,34,1299,2112,3,0,0,25,4,0,1,1"
