filename,original_min,original_max,subtracted_min,subtracted_max,subtracted_mean,subtracted_std
Defect_L10_B100_el2515_H4_W4.npy,-272.1282,4775.37794,-245.4580797000001,92.45818999999983,-0.03532410437642558,6.860929985490142
Defect_L10_B101_el2803_H4_W4.npy,-272.1721,4775.3525199999995,-180.9637749000001,79.89897000000019,-0.09710511398577913,5.145293927270429
Defect_L10_B102_el2807_H4_W4.npy,-272.1668,4775.41409,-181.6133022900001,53.73419209999997,-0.10359364782191906,5.136555375809328
Defect_L10_B103_el2811_H4_W4.npy,-272.155,4775.49817,-171.42078630000003,52.061423600000126,-0.0945654165840567,4.998013175318621
Defect_L10_B104_el2815_H4_W4.npy,-272.0805,4775.78192,-168.0405172200002,58.728867100000116,-0.04787426138371683,4.9908134565290805
Defect_L10_B105_el2835_H4_W4.npy,-272.04060000000004,4775.95644,-146.97189400000025,98.3104674000001,0.22221444172531787,5.423379579211176
Defect_L10_B106_el2839_H4_W4.npy,-272.1201,4775.803970000001,-137.71723260000022,61.243963899999926,-0.0047852793858130715,4.7701239908585755
Defect_L10_B107_el2843_H4_W4.npy,-272.1462,4775.60748,-168.88774719999992,49.1213108999998,-0.07231370958533954,5.041759891609318
Defect_L10_B108_el2847_H4_W4.npy,-272.1466,4775.474859999999,-189.3927771000001,52.26870900000017,-0.09117564353665311,5.3412464103626744
Defect_L10_B109_el2851_H4_W4.npy,-272.13480000000004,4775.37927,-194.3586261999999,75.15637000000038,-0.0882635174228548,5.468209870321506
Defect_L10_B10_el151_H4_W4.npy,-272.1571,4775.44755,-299.17282380000006,67.71158659999969,-0.006377360178044086,8.230679867848272
Defect_L10_B110_el3139_H4_W4.npy,-272.1856,4775.27668,-212.2748759000001,81.49153999999999,-0.06878942504363111,5.97175624298854
Defect_L10_B111_el3143_H4_W4.npy,-272.20450000000005,4775.22255,-210.580598,57.60432000000014,-0.060165135942962404,5.989517902418864
Defect_L10_B112_el3147_H4_W4.npy,-272.2164,4774.99447,-200.15803059999985,69.20529290000013,-0.009907836847873379,6.066734432260886
Defect_L10_B113_el3151_H4_W4.npy,-272.0491,4774.723139999999,-191.32751919999987,92.88050313999997,0.11646834982841227,6.497730461126713
Defect_L10_B114_el3171_H4_W4.npy,-272.46130000000005,4774.51749,-320.5581281000002,1533.4799000000003,0.5615243935046015,16.66083129169497
Defect_L10_B115_el3175_H4_W4.npy,-272.1939,4774.588809999999,-248.94157169999994,1501.0354000000007,0.23007178917961638,15.083251458743453
Defect_L10_B116_el3179_H4_W4.npy,-272.1108,4774.83165,-224.45541527399996,72.48961740000004,-0.02158493947216454,6.854929497743801
Defect_L10_B117_el3183_H4_W4.npy,-272.1055,4775.0563,-211.39279130000023,61.784313099999736,-0.07602863445223927,6.138942776773034
Defect_L10_B118_el3187_H4_W4.npy,-272.1161,4775.17405,-195.96641509999995,82.05530000000022,-0.08705272203150258,5.614125419729374
Defect_L10_B119_el3475_H4_W4.npy,-272.1917,4775.37127,-252.61466489999998,102.62338,-0.027951045386913908,7.056291746357616
Defect_L10_B11_el155_H4_W4.npy,-272.1571,4775.44743,-289.28772679999975,65.64982039999995,-0.006345017715985707,7.921990869195548
Defect_L10_B120_el3479_H4_W4.npy,-272.1909,4775.38298,-265.8723565,66.30888299999992,-0.029571366522684682,7.3258278555953344
Defect_L10_B121_el3483_H4_W4.npy,-272.1732,4775.3565100000005,-274.10291200000006,60.38827689999971,-0.012151587415973993,7.54596643863302
Defect_L10_B122_el3487_H4_W4.npy,-271.82,4775.52771,-283.30320870000014,61.40303627599951,0.008399107880290047,7.810857803988648
Defect_L10_B123_el3491_H4_W4.npy,-272.327,4777.32821,-298.11832385,59.94396219999953,0.013362815729545919,8.24047863947975
Defect_L10_B124_el3495_H4_W4.npy,-273.21000000000004,4772.9145499999995,-302.58228269999995,58.803761699999995,0.030981038209216414,8.547210876763382
Defect_L10_B125_el3499_H4_W4.npy,-271.3923,4774.19999,-286.5867301999999,53.85288290000017,0.0585007793077455,8.416892271851149
Defect_L10_B126_el3503_H4_W4.npy,-272.1798,4776.0725600000005,-309.2990246500001,57.990275699999984,0.035971058668008704,8.800635831907394
Defect_L10_B127_el3507_H4_W4.npy,-272.22950000000003,4775.2913,-319.8457641,70.37417211000047,0.03653119031529849,8.93031677902945
Defect_L10_B128_el3511_H4_W4.npy,-272.1449,4775.0422,-310.4063504999999,77.62455210000007,0.031280302794096736,8.7274521877184
Defect_L10_B129_el3515_H4_W4.npy,-272.0947,4775.02506,-292.2829515000001,73.9344586999996,0.0004888620067690057,8.196442744325358
Defect_L10_B12_el159_H4_W4.npy,-272.1561,4775.437279999999,-277.2107960000003,65.12527480000017,-0.005104828206161856,7.537163568834346
Defect_L10_B130_el3519_H4_W4.npy,-272.0898,4775.1157299999995,-271.76688379999973,68.27134819999992,-0.028956555158775505,7.59235494842204
Defect_L10_B131_el3523_H4_W4.npy,-272.10179999999997,4775.19306,-247.3091265999999,96.67840000000001,-0.037347399113053036,6.9505731762603995
Defect_L10_B132_el3811_H4_W4.npy,-272.21999999999997,4775.461249999999,-243.69918660000008,103.55351999999993,-0.04151430142326936,6.854153450272123
Defect_L10_B133_el3815_H4_W4.npy,-272.18039999999996,4775.57287,-268.6044015,69.66259500000024,-0.03166157476295307,7.468278643620858
Defect_L10_B134_el3819_H4_W4.npy,-272.118,4775.70774,-289.1265148,69.84114010000008,-0.003064817345654906,8.04166979257634
Defect_L10_B135_el3823_H4_W4.npy,-271.615,4776.01424,-305.2456797,69.35855450000054,0.024045307303610985,8.488443459650972
Defect_L10_B136_el3827_H4_W4.npy,-272.3668,4778.7067400000005,-311.1342501900001,64.64288900999964,0.03298734034998428,8.656289395267212
Defect_L10_B137_el3831_H4_W4.npy,-273.8784,4770.96594,-308.2641957999999,1503.2569999999996,0.16283704867781776,15.41571211115362
Defect_L10_B138_el3835_H4_W4.npy,-271.04900000000004,4774.03765,-291.9040418999996,54.687887200000205,0.07610926765903032,8.586475030104925
Defect_L10_B139_el3839_H4_W4.npy,-272.015,4776.3778,-318.2609097999998,59.371891700000106,0.035530978771366274,9.019746256681028
Defect_L10_B13_el163_H4_W4.npy,-272.1553,4775.43689,-257.8070670000002,87.59647000000018,-0.0017724924190570118,7.051140529950263
Defect_L10_B140_el3843_H4_W4.npy,-272.1514,4775.47764,-313.3504662180003,63.829429800000526,0.007600489840927614,8.834872485828843
Defect_L10_B141_el3847_H4_W4.npy,-272.1195,4775.42029,-292.82335420000004,66.03613048199986,0.004026229024279139,8.06900938950046
Defect_L10_B142_el3851_H4_W4.npy,-272.0938,4775.38095,-278.2306815799998,63.73926799999958,-0.018716638418599035,7.644190434909224
Defect_L10_B143_el3855_H4_W4.npy,-272.0798,4775.36544,-266.23233849999997,65.38483100000008,-0.0365693642052002,7.32370034659639
Defect_L10_B144_el3859_H4_W4.npy,-272.0754,4775.32464,-250.26561400000014,97.44871999999964,-0.0356358470516278,6.973952901550616
Defect_L10_B145_el4147_H4_W4.npy,-272.2129,4775.60573,-166.1559843,86.366623,-0.09200653415217995,4.9446792211784505
Defect_L10_B146_el4151_H4_W4.npy,-272.08680000000004,4775.75575,-192.02039649999972,70.08005859999992,-0.05118737507719374,5.9207513972911014
Defect_L10_B147_el4155_H4_W4.npy,-271.8923,4776.09705,-219.60024640000006,83.68802359999995,0.0523503369007106,7.221190661457126
Defect_L10_B148_el4159_H4_W4.npy,-271.2277,4777.02688,-261.8507904000003,110.92162576999999,0.25656171221360496,8.976858805050139
Defect_L10_B149_el4179_H4_W4.npy,-272.0285,4776.48628,-238.14659740000002,135.66643470000008,0.5336598900714098,8.818579075593085
Defect_L10_B14_el451_H4_W4.npy,-272.1576,4775.44737,-279.6261350000002,111.09105000000022,0.0036548654520494337,7.80362326839046
Defect_L10_B150_el4183_H4_W4.npy,-272.2789,4776.2248,-189.72102451,102.93824023999969,0.21227894413633286,6.772334774341533
Defect_L10_B151_el4187_H4_W4.npy,-272.23179999999996,4775.8598,-183.6319714000001,77.54096429999981,0.02854530207377687,5.912228344385102
Defect_L10_B152_el4191_H4_W4.npy,-272.1535,4775.6472699999995,-189.97163709999995,60.75969779999991,-0.05812951801512519,5.544497512348618
Defect_L10_B153_el4195_H4_W4.npy,-272.0947,4775.51477,-192.146211,74.18444999999997,-0.08593078079125063,5.427185131681188
Defect_L10_B154_el4483_H4_W4.npy,-272.3211,4775.77282,-90.1848046,41.659670000000006,-0.10494333746332189,2.605952904667148
Defect_L10_B155_el4487_H4_W4.npy,-272.2475,4775.6343099999995,-87.84913319999998,29.54578570000001,-0.09656111232689657,2.5842874319252473
Defect_L10_B156_el4491_H4_W4.npy,-272.1305,4775.445250000001,-80.61249572999998,29.02582319999999,-0.07641605803364696,2.5015365927843427
Defect_L10_B157_el4495_H4_W4.npy,-271.8561,4775.31951,-67.163264331,32.81852956999995,-0.0406476974958328,2.321621174704258
Defect_L10_B158_el4515_H4_W4.npy,-272.2407,4775.52779,-55.09033199999993,37.27244659999997,0.05825200423153855,1.8750656287013678
Defect_L10_B159_el4519_H4_W4.npy,-272.1694,4775.53468,-62.11093940000001,39.681932200000006,-0.0045974490367479874,2.2585920485215722
Defect_L10_B15_el455_H4_W4.npy,-272.1558,4775.447099999999,-294.38751449999995,78.56323210000028,-0.004536586815851507,8.145016077209803
Defect_L10_B160_el4523_H4_W4.npy,-272.16990000000004,4775.66163,-57.42227409999998,35.639944300000025,-0.05605742664056103,2.43314426300161
Defect_L10_B161_el4527_H4_W4.npy,-272.1465,4775.75953,-84.901342,32.519562099999916,-0.09282742028685369,2.669392237176424
Defect_L10_B162_el4531_H4_W4.npy,-272.11629999999997,4775.796469999999,-101.32488860000001,42.08971999999994,-0.11095194550743902,2.932038776383537
Defect_L10_B163_el4819_H4_W4.npy,-272.39899999999994,4776.3818,-123.4679804000001,56.760080000000016,-0.10140410671046649,3.6768342072800717
Defect_L10_B164_el4823_H4_W4.npy,-272.2998,4776.30816,-106.51058790000002,43.52514269999995,-0.06828537416606,3.6019534693084108
Defect_L10_B165_el4827_H4_W4.npy,-272.1197,4776.29843,-81.27610270000002,57.79423989999998,0.0006067619222059794,3.6848939973288575
Defect_L10_B166_el4831_H4_W4.npy,-271.613,4776.48859,-97.63474599999984,66.80648730000001,0.1074140095444988,3.957300720081258
Defect_L10_B167_el4851_H4_W4.npy,-272.2206,4776.628110000001,-103.00799300000006,63.62533102999993,0.08542571647482095,3.6242125835126555
Defect_L10_B168_el4855_H4_W4.npy,-272.118,4776.7731,-110.91375729999982,64.24569530000008,0.03072105604911603,4.176901162197162
Defect_L10_B169_el4859_H4_W4.npy,-272.0981,4776.57772,-116.19465390000005,51.323621040000035,-0.036406173573847324,3.9621247216733546
Defect_L10_B16_el459_H4_W4.npy,-272.154,4775.45716,-298.9135503999996,66.68584339999961,-0.0037720964104931997,8.242192256878983
Defect_L10_B170_el4863_H4_W4.npy,-272.0935,4776.46605,-114.95839870000009,43.43724889999987,-0.0777822778757061,3.6561905921265674
Defect_L10_B171_el4867_H4_W4.npy,-272.1,4776.40916,-110.02814849999993,56.415250000000015,-0.09682433704081941,3.3481969230380733
Defect_L10_B172_el5155_H4_W4.npy,-272.1737,4775.6395299999995,-222.28342199999997,85.71000000000004,-0.0589927971001597,6.217029212612854
Defect_L10_B173_el5159_H4_W4.npy,-272.0943,4775.2428500000005,-230.50890549999986,62.378874800000176,-0.043358418871676095,6.442248395514138
Defect_L10_B174_el5163_H4_W4.npy,-271.9448,4774.49582,-238.1564900599999,72.31536029999984,0.004895079263519426,6.768336988876691
Defect_L10_B175_el5167_H4_W4.npy,-270.6527,4773.5497700000005,-259.0461971999998,84.47573859999966,0.08300938207155215,7.4052838312919835
Defect_L10_B176_el5187_H4_W4.npy,-272.4434,4775.4857600000005,-391.50458539999977,121.64739599999984,0.3152513884822157,11.283686576540624
Defect_L10_B177_el5191_H4_W4.npy,-272.26480000000004,4776.368729999999,-318.5473242600001,116.7937097999993,0.1858114457556973,9.590974390201833
Defect_L10_B178_el5195_H4_W4.npy,-272.19460000000004,4777.1383000000005,-271.7073693,97.15693919000046,0.06270071594287649,8.177130889561765
Defect_L10_B179_el5199_H4_W4.npy,-272.17560000000003,4777.56918,-238.3235241,79.87317300000018,-0.02008114814713883,7.04093407218319
Defect_L10_B17_el463_H4_W4.npy,-272.15200000000004,4775.45733,-299.8098964999999,62.89278138000054,-0.00347390448662923,8.247298372031995
Defect_L10_B180_el5203_H4_W4.npy,-272.1798,4777.76775,-208.23751220000008,101.90263000000004,-0.060044616892715175,6.093568624609561
Defect_L10_B181_el5491_H4_W4.npy,-272.0773,4774.834,-264.55554200000006,104.50049999999987,-0.018817008904883414,7.3374710863580805
Defect_L10_B182_el5495_H4_W4.npy,-272.0759,4774.7767699999995,-281.50647919999983,69.85975600000006,-0.02394754205395486,7.697164717658441
Defect_L10_B183_el5499_H4_W4.npy,-272.0783,4774.63083,-292.63259370000014,59.962588000000096,-0.015606377056104993,7.979159674713737
Defect_L10_B184_el5503_H4_W4.npy,-271.38140000000004,4774.53798,-305.11830870000017,59.62209210000037,-0.004267102962932044,8.332037629380787
Defect_L10_B185_el5507_H4_W4.npy,-270.85060000000004,4780.17876,-320.51279150000005,64.49322220000045,0.010017690263934835,8.825488834823348
Defect_L10_B186_el5511_H4_W4.npy,-278.5635,4750.45558,-318.03792959999964,62.19133537000016,0.025754545204360508,8.801759381340515
Defect_L10_B187_el5515_H4_W4.npy,-267.0977,4789.191529999999,-302.2731600999998,55.71321056350007,0.036790407078709446,8.427854612715844
Defect_L10_B188_el5519_H4_W4.npy,-272.60360000000003,4775.04173,-299.8331860999999,57.22789436500034,0.025253748076110416,8.280515615321619
Defect_L10_B189_el5523_H4_W4.npy,-272.40189999999996,4775.538689999999,-301.66688369999997,58.64316389999976,0.016525682916889637,8.252335677352436
Defect_L10_B18_el467_H4_W4.npy,-272.1567,4775.45703,-298.9775378500003,61.16890620000004,-0.0035646419717906847,8.211723367236894
Defect_L10_B190_el5527_H4_W4.npy,-272.2997,4776.0107800000005,-303.25479589999986,63.47699239999997,0.009538037789787391,8.281008229345835
Defect_L10_B191_el5531_H4_W4.npy,-272.2693,4776.4967,-298.7146749000001,64.54032000000029,-0.0007981265948646505,8.187331617215658
Defect_L10_B192_el5535_H4_W4.npy,-272.2575,4776.993189999999,-288.55943780000007,70.27933999999982,-0.012490418983438929,7.9498417385764
Defect_L10_B193_el5539_H4_W4.npy,-272.2629,4777.37207,-270.121091,111.01289999999995,-0.01173855200863586,7.554845821131615
Defect_L10_B194_el5827_H4_W4.npy,-272.1008,4774.9208100000005,-271.456015,110.1752899999999,-0.006891446259596619,7.4990569247363705
Defect_L10_B195_el5831_H4_W4.npy,-272.102,4774.88721,-288.63915080000015,72.84755699999982,-0.013080231515225534,7.8757954883806685
Defect_L10_B196_el5835_H4_W4.npy,-272.10769999999997,4774.80428,-298.1913419,62.50237190000007,-0.00873677259989304,8.116929118300316
Defect_L10_B197_el5839_H4_W4.npy,-271.67789999999997,4774.75755,-306.0917080889999,60.53609280000023,-0.0028131112324486186,8.336084946164481
Defect_L10_B198_el5843_H4_W4.npy,-271.3704,4778.50011,-312.26662629999987,62.49520335000011,0.0025064511801600156,8.510907837719673
Defect_L10_B199_el5847_H4_W4.npy,-275.937,4761.5842299999995,-309.04312959000004,59.18368009999995,0.004472647580032679,8.425465249500634
Defect_L10_B19_el471_H4_W4.npy,-272.15860000000004,4775.436549999999,-296.9898930899999,60.120602999999846,-0.0040951122273404205,8.148980391096233
Defect_L10_B1_el115_H4_W4.npy,-272.1572,4775.44741,-328.9869429999999,132.10261000000037,0.003653722197252738,9.276952544837503
Defect_L10_B200_el5851_H4_W4.npy,-269.2036,4783.68112,-301.78989000000024,56.021350800000164,0.0058420656913868215,8.23405097491681
Defect_L10_B201_el5855_H4_W4.npy,-272.4256,4775.35957,-298.9232606999999,57.539556400000265,2.898675818420706e-05,8.133586278560086
Defect_L10_B202_el5859_H4_W4.npy,-272.3093,4775.558300000001,-299.35188560000006,58.34658131800006,0.0017745345368591287,8.123772050798916
Defect_L10_B203_el5863_H4_W4.npy,-272.25829999999996,4775.77077,-300.41725457999996,59.604505400000335,0.0009209484194296002,8.157781607581114
Defect_L10_B204_el5867_H4_W4.npy,-272.2378,4775.93431,-300.65755220000005,63.08522220000009,-0.0024252366178005337,8.183647988529536
Defect_L10_B205_el5871_H4_W4.npy,-272.2267,4776.098840000001,-297.38847869999995,74.78160600000024,-0.005189821424573575,8.13413603461928
Defect_L10_B206_el5875_H4_W4.npy,-272.2305,4776.17535,-284.289947,115.2830100000001,0.0033546399686707903,7.886242572389663
Defect_L10_B207_el6163_H4_W4.npy,-272.1304,4775.08894,-270.55146700000023,110.59929000000011,-0.0038792080126800266,7.41746197776985
Defect_L10_B208_el6167_H4_W4.npy,-272.1333,4775.04374,-288.0926479,71.86830199999986,-0.009237447568683771,7.815193483772211
Defect_L10_B209_el6171_H4_W4.npy,-272.1408,4774.94666,-297.5371169,61.662892100000136,-0.006953215307696583,8.05122786934519
Defect_L10_B20_el475_H4_W4.npy,-272.1565,4775.43701,-294.33143343999996,59.29118519999952,-0.004465557175096729,8.06922288275477
Defect_L10_B210_el6175_H4_W4.npy,-271.8871,4774.90755,-304.73658679999994,61.15651187900016,-0.003722776883251083,8.242894767082186
Defect_L10_B211_el6179_H4_W4.npy,-271.7414,4776.99272,-309.93027125000003,61.879044799999974,-0.0010348842179758295,8.380262890461541
Defect_L10_B212_el6183_H4_W4.npy,-274.2461,4767.98204,-310.46430924000015,60.22491480000008,-0.0009335569567712322,8.389845438216687
Defect_L10_B213_el6187_H4_W4.npy,-270.4919,4779.95287,-309.2821135700001,58.459796899999674,-0.001551050638459591,8.356073303632943
Defect_L10_B214_el6191_H4_W4.npy,-272.2819,4775.57349,-309.5688172600003,59.94913329999986,-0.0038547330102360004,8.356895858981975
Defect_L10_B215_el6195_H4_W4.npy,-272.2448,4775.54532,-310.81019620000006,61.07391499999949,-0.0012955191598044752,8.38701395996595
Defect_L10_B216_el6199_H4_W4.npy,-272.2181,4775.587710000001,-311.7321655999999,62.54520300000013,-0.0002517890316596593,8.426320920246619
Defect_L10_B217_el6203_H4_W4.npy,-272.20390000000003,4775.61879,-311.8756169999999,66.24036869999964,-0.000429445205196358,8.454857115201031
Defect_L10_B218_el6207_H4_W4.npy,-272.1937,4775.65075,-308.7644190000003,78.21369000000027,-0.0005570411784611234,8.408740660136061
Defect_L10_B219_el6211_H4_W4.npy,-272.196,4775.62347,-294.7978549999996,121.39440999999988,0.007503180080451349,8.113983066207183
Defect_L10_B21_el479_H4_W4.npy,-272.1574,4775.43732,-291.29068433,58.57057000000009,-0.004639941847547362,7.9810987329793495
Defect_L10_B22_el483_H4_W4.npy,-272.1586,4775.4477,-287.7020524499999,57.94534439999984,-0.004854362937786291,7.881947674035872
Defect_L10_B23_el487_H4_W4.npy,-272.1585,4775.4376999999995,-283.32798007999986,57.58490810000012,-0.005516514598658768,7.764917679048136
Defect_L10_B24_el491_H4_W4.npy,-272.1574,4775.43755,-277.78901570000016,59.83664910000016,-0.0064414247818901215,7.623105986583089
Defect_L10_B25_el495_H4_W4.npy,-272.15619999999996,4775.4373,-269.7728268000001,70.05374349999988,-0.007430468539678346,7.425037225570396
Defect_L10_B26_el499_H4_W4.npy,-272.1544,4775.43661,-254.042369,97.71499000000017,-0.000639438305415795,7.06543477259004
Defect_L10_B27_el787_H4_W4.npy,-272.15770000000003,4775.4470599999995,-269.803369,105.85759999999982,0.001974485147803599,7.589600505446166
Defect_L10_B28_el791_H4_W4.npy,-272.1546,4775.45679,-283.40159579999977,75.10807799999998,-0.007079251245043654,7.868502209443132
Defect_L10_B29_el795_H4_W4.npy,-272.15240000000006,4775.45715,-287.9062720999998,63.51428440000018,-0.004862019811195164,7.966610485245921
Defect_L10_B2_el119_H4_W4.npy,-272.1558,4775.4472399999995,-345.8495969999999,85.63594379999995,-0.00036467199963396085,9.53930516894856
Defect_L10_B30_el799_H4_W4.npy,-272.1488,4775.46739,-289.3025741600002,59.835123899999644,-0.003732503653542646,7.986482340919933
Defect_L10_B31_el803_H4_W4.npy,-272.1594,4775.466820000001,-289.4411759999998,58.258164079999915,-0.0033654935027963486,7.978610295803548
Defect_L10_B32_el807_H4_W4.npy,-272.1617,4775.41597,-288.80543650000004,57.412040540000135,-0.0037836949211467715,7.953923599417734
Defect_L10_B33_el811_H4_W4.npy,-272.156,4775.426780000001,-287.90693109999984,56.87396914000033,-0.0038727256267492433,7.923557295288671
Defect_L10_B34_el815_H4_W4.npy,-272.15659999999997,4775.43725,-287.0255944999999,56.53488001000005,-0.0036235665240198483,7.896307032617783
Defect_L10_B35_el819_H4_W4.npy,-272.15909999999997,4775.43776,-285.6403869999999,56.52940189999981,-0.003601975547582551,7.8613115269178895
Defect_L10_B36_el823_H4_W4.npy,-272.159,4775.43773,-283.1730907799997,57.81875270000023,-0.004653505282993349,7.801950492962646
Defect_L10_B37_el827_H4_W4.npy,-272.1576,4775.437449999999,-279.30752399000016,61.099760999999944,-0.006479786533592932,7.710225082913037
Defect_L10_B38_el831_H4_W4.npy,-272.1563,4775.437279999999,-272.7020985999998,71.89950199999998,-0.009315605627696111,7.551327639034686
Defect_L10_B39_el835_H4_W4.npy,-272.1536,4775.42608,-258.39580090000004,99.28730999999993,-0.001412361441028607,7.24721014002793
Defect_L10_B3_el123_H4_W4.npy,-272.15430000000003,4775.45726,-345.9309019999996,79.38491449999992,-0.0012118704663230812,9.511349316721745
Defect_L10_B40_el1123_H4_W4.npy,-272.15790000000004,4775.44673,-266.8949,104.99008000000026,0.0007344801909406545,7.527667135137059
Defect_L10_B41_el1127_H4_W4.npy,-272.1544,4775.45658,-279.9050175,73.903276,-0.00909949729729554,7.778032690623325
Defect_L10_B42_el1131_H4_W4.npy,-272.1507,4775.45706,-284.3449290699998,62.44146399999977,-0.005890649923936028,7.8747931891043494
Defect_L10_B43_el1135_H4_W4.npy,-272.14369999999997,4775.47751,-285.7966117000001,58.825446700000384,-0.004102841824422932,7.897519195877321
Defect_L10_B44_el1139_H4_W4.npy,-272.1641,4775.47657,-286.24222499999973,57.27939900000001,-0.003399948038531387,7.89860631302932
Defect_L10_B45_el1143_H4_W4.npy,-272.1659,4775.39498,-286.14420139999993,56.48005940000007,-0.0038218631711020344,7.8906866496853425
Defect_L10_B46_el1147_H4_W4.npy,-272.1557,4775.4063,-286.2199211000002,55.98955509999996,-0.0037935118387325767,7.888643161020434
Defect_L10_B47_el1151_H4_W4.npy,-272.1569,4775.4170300000005,-286.79771830000004,55.946724399999994,-0.003203171744109892,7.901547698374452
Defect_L10_B48_el1155_H4_W4.npy,-272.1607,4775.42791,-286.7066483000001,56.924235399999816,-0.002977544956621726,7.904112304914593
Defect_L10_B49_el1159_H4_W4.npy,-272.1596,4775.42762,-284.9880523999998,58.36693799999989,-0.004433043788380686,7.8670419136979115
Defect_L10_B4_el127_H4_W4.npy,-272.1538,4775.45729,-341.5568619999999,77.4969309500002,-0.0019580024400368307,9.407500917004723
Defect_L10_B50_el1163_H4_W4.npy,-272.157,4775.427180000001,-281.5628060900001,61.73927739999999,-0.007024856110646698,7.788176565557493
Defect_L10_B51_el1167_H4_W4.npy,-272.1555,4775.436989999999,-275.23925369999984,72.65342899999996,-0.010949746275421418,7.636971731066864
Defect_L10_B52_el1171_H4_W4.npy,-272.1519,4775.41527,-261.3178262000001,100.36463000000003,-0.0022379443147620822,7.352260726718584
Defect_L10_B53_el1459_H4_W4.npy,-272.1594,4775.44649,-265.3988359,105.00166999999988,-0.00022828904754595137,7.504141730019221
Defect_L10_B54_el1463_H4_W4.npy,-272.1545,4775.45641,-277.97963159999995,73.41023000000018,-0.010587227614575688,7.73753345308397
Defect_L10_B55_el1467_H4_W4.npy,-272.1501,4775.45722,-282.27929027999994,62.04812409999977,-0.006705248495638668,7.831129189013746
Defect_L10_B56_el1471_H4_W4.npy,-272.13620000000003,4775.47797,-283.6195964000001,58.48351350000007,-0.004212764255125046,7.852245707932415
Defect_L10_B57_el1475_H4_W4.npy,-272.1719,4775.49621,-284.02748510000015,56.997246899999936,-0.003326056205336424,7.853825024485904
Defect_L10_B58_el1479_H4_W4.npy,-272.17499999999995,4775.343440000001,-284.2350782000001,56.209714500000246,-0.004114950315924522,7.857045021460126
Defect_L10_B59_el1483_H4_W4.npy,-272.15470000000005,4775.37568,-285.38996450000013,55.589517059999935,-0.0037694118888255993,7.886455494268375
Defect_L10_B5_el131_H4_W4.npy,-272.15569999999997,4775.45718,-335.7851287000001,76.09353950000013,-0.002775847544363435,9.265662864972295
Defect_L10_B60_el1487_H4_W4.npy,-272.15490000000005,4775.40658,-287.78913910000006,56.14502570000013,-0.002916620609059137,7.946965009771506
Defect_L10_B61_el1491_H4_W4.npy,-272.16150000000005,4775.41782,-288.7981069,57.42683170000009,-0.002292450994118473,7.982502102886911
Defect_L10_B62_el1495_H4_W4.npy,-272.15950000000004,4775.41711,-287.03516539999987,58.891801100000066,-0.004208649581200519,7.946207491179005
Defect_L10_B63_el1499_H4_W4.npy,-272.1555,4775.41635,-283.3151098000001,62.21276160000002,-0.007751347718571101,7.857577386351016
Defect_L10_B64_el1503_H4_W4.npy,-272.1538,4775.41615,-276.67909280000003,73.09564599999976,-0.012496481566941525,7.696348666745134
Defect_L10_B65_el1507_H4_W4.npy,-272.1492,4775.40413,-262.5832733,100.95707000000016,-0.003482507793488031,7.410427310448177
Defect_L10_B66_el1795_H4_W4.npy,-272.1623,4775.4463399999995,-262.6022333999997,107.09835999999996,-0.0016651865820413304,7.392873194307544
Defect_L10_B67_el1799_H4_W4.npy,-272.15700000000004,4775.466530000001,-275.04067869999994,72.6905569999999,-0.01171730164567628,7.62994241642374
Defect_L10_B68_el1803_H4_W4.npy,-272.1508,4775.45758,-279.3998878,61.663790299999846,-0.007078318044226482,7.725931338546664
Defect_L10_B69_el1807_H4_W4.npy,-272.1256,4775.49883,-280.559438,58.33498059999988,-0.003667052119403016,7.745029426269312
Defect_L10_B6_el135_H4_W4.npy,-272.1562,4775.4569,-329.4091844999998,74.65266380000003,-0.003761294848874113,9.098692791320975
Defect_L10_B70_el1811_H4_W4.npy,-272.1855,4775.5259399999995,-280.45080610000014,57.03057639999997,-0.002574577891338736,7.736268898143428
Defect_L10_B71_el1815_H4_W4.npy,-272.1858,4775.26086,-280.4814444000001,56.33973110000011,-0.004023965376524458,7.741897401338692
Defect_L10_B72_el1819_H4_W4.npy,-272.1527,4775.34504,-283.0234306,55.41989999999987,-0.002977876821477991,7.81417576144008
Defect_L10_B73_el1823_H4_W4.npy,-272.1523,4775.386130000001,-288.55009640000003,56.68760440000028,-0.0022493634792356528,7.952855261969483
Defect_L10_B74_el1827_H4_W4.npy,-272.16220000000004,4775.41781,-290.55057080000006,58.20382270000027,-0.0011792757061187312,8.02054685792431
Defect_L10_B75_el1831_H4_W4.npy,-272.15700000000004,4775.39615,-287.6811585999999,59.39174219999995,-0.004045446116299149,7.951459486784976
Defect_L10_B76_el1835_H4_W4.npy,-272.1519,4775.3948199999995,-283.0602007,62.43154419999996,-0.008771040077257588,7.832994239129547
Defect_L10_B77_el1839_H4_W4.npy,-272.15,4775.40459,-275.91328999999996,72.99486500000012,-0.01412532689076199,7.655009995460118
Defect_L10_B78_el1843_H4_W4.npy,-272.1443,4775.39243,-261.4857323000001,102.99900000000002,-0.005091576535015492,7.349786675669078
Defect_L10_B79_el2131_H4_W4.npy,-272.1682,4775.44628,-258.4857834000002,105.49351999999976,-0.009386726571862375,7.2765127883585885
Defect_L10_B7_el139_H4_W4.npy,-272.1561,4775.44722,-322.6640517999999,73.12673390000054,-0.00464234330016543,8.9131901128044
Defect_L10_B80_el2135_H4_W4.npy,-272.1607,4775.476729999999,-273.4249348000001,70.69192700000008,-0.01591752601963387,7.584452712980298
Defect_L10_B81_el2139_H4_W4.npy,-272.1519,4775.47856,-280.61360319999994,60.086078300000054,-0.007169968261197856,7.762292554351187
Defect_L10_B82_el2143_H4_W4.npy,-272.1054,4775.54125,-283.5172114999998,58.338138199999776,0.0003986050660927688,7.834751134602617
Defect_L10_B83_el2147_H4_W4.npy,-272.2126,4775.6165599999995,-282.54208089999975,56.66875651999976,0.0039313974874910645,7.818985634471829
Defect_L10_B84_el2151_H4_W4.npy,-272.2053,4775.11673,-280.60843809999983,56.601466300000084,0.00393384778714611,7.803158743191713
Defect_L10_B85_el2155_H4_W4.npy,-272.1494,4775.32446,-283.91764824999973,54.931190100000094,0.00782325000610679,7.918723861128557
Defect_L10_B86_el2159_H4_W4.npy,-272.1433,4775.3652,-295.65799330000027,57.65544739999996,0.00507833200014897,8.195904602368387
Defect_L10_B87_el2163_H4_W4.npy,-272.16020000000003,4775.41722,-296.7872778999997,59.26868134999995,0.0030930878947570384,8.235500612822483
Defect_L10_B88_el2167_H4_W4.npy,-272.1507,4775.3742600000005,-289.6571879999999,58.87225570000032,-0.003882048975664128,8.017244454374115
Defect_L10_B89_el2171_H4_W4.npy,-272.1445,4775.37234,-282.84762020000016,61.473228099999915,-0.01192171368840404,7.825324112778997
Defect_L10_B8_el143_H4_W4.npy,-272.1571,4775.44738,-315.52145659999996,71.47281470000007,-0.005390021305502271,8.71118700485578
Defect_L10_B90_el2175_H4_W4.npy,-272.1415,4775.38209,-274.6907012999998,71.86855300000002,-0.01915245727676947,7.616830276245659
Defect_L10_B91_el2179_H4_W4.npy,-272.136,4775.36969,-259.8816662999998,101.97327999999993,-0.010945336079933959,7.303227549433742
Defect_L10_B92_el2467_H4_W4.npy,-272.1693,4775.433489999999,-234.08576599999992,97.73797999999988,-0.045025062509156805,6.613961325378484
Defect_L10_B93_el2471_H4_W4.npy,-272.1545,4775.52421,-257.8333639,68.9293409999998,-0.035515861940518444,7.217518874850779
Defect_L10_B94_el2475_H4_W4.npy,-272.13370000000003,4775.639700000001,-280.2604366999999,71.39288930000043,-0.0017541295155849475,7.867875583509801
Defect_L10_B95_el2479_H4_W4.npy,-272.0436,4775.85119,-304.5880751999998,77.81200119999949,0.04112946546450857,8.573150882721402
Defect_L10_B96_el2499_H4_W4.npy,-272.13710000000003,4775.504330000001,-303.26082337,67.28374499999973,0.023475178210672704,8.490099565450906
Defect_L10_B97_el2503_H4_W4.npy,-272.1396,4775.48423,-279.8762307999998,64.94910532999984,0.0014258660783440717,7.714886714152575
Defect_L10_B98_el2507_H4_W4.npy,-272.1386,4775.45303,-266.7324441999999,59.717368400000396,-0.02274347506636206,7.345052346858162
Defect_L10_B99_el2511_H4_W4.npy,-272.1364,4775.42173,-257.7724744000002,63.90287799999987,-0.038981854515493665,7.108856889433289
Defect_L10_B9_el147_H4_W4.npy,-272.1571,4775.44754,-307.77314849999993,69.65518829999974,-0.0059660568793367934,8.487544158180102
Defect_L11_B100_el2515_H4_W4.npy,-272.1389,4775.353279999999,-252.41309239999987,102.00540000000001,-0.01564036152160489,7.0255972262398965
Defect_L11_B101_el2803_H4_W4.npy,-272.1477,4775.49812,-189.67473699999982,83.94323000000009,-0.08229307753226955,5.345433001706062
Defect_L11_B102_el2807_H4_W4.npy,-272.1474,4775.54937,-190.4255915000001,55.468176000000085,-0.08975685039759022,5.403826645090522
Defect_L11_B103_el2811_H4_W4.npy,-272.15000000000003,4775.6275399999995,-175.75352027999986,50.55614420000006,-0.08930058770548106,5.155986797307373
Defect_L11_B104_el2815_H4_W4.npy,-272.2094,4775.67504,-166.83325680000007,55.66194480000013,-0.049533177514783026,5.021174155721535
Defect_L11_B105_el2835_H4_W4.npy,-272.03610000000003,4775.61012,-2009.3971000000001,91.2020283999999,0.059053909313183425,17.806647424660053
Defect_L11_B106_el2839_H4_W4.npy,-272.1001,4775.63662,-2053.3303,63.06865200000016,-0.1570982914619917,18.035546752997263
Defect_L11_B107_el2843_H4_W4.npy,-272.1403,4775.56549,-171.67846340000006,49.01326059999997,-0.06675834507174448,5.184821910681361
Defect_L11_B108_el2847_H4_W4.npy,-272.1486,4775.46845,-196.47952999999984,53.947030999999924,-0.07636703075951862,5.585820019545373
Defect_L11_B109_el2851_H4_W4.npy,-272.14820000000003,4775.386710000001,-201.33420619999993,84.23243000000002,-0.07283105214647505,5.64243570347554
Defect_L11_B10_el151_H4_W4.npy,-272.1574,4775.41761,-302.41650700000014,66.45969349999996,-0.004200907013900075,8.308522009659823
Defect_L11_B110_el3139_H4_W4.npy,-272.1556,4775.58628,-222.20545599999969,87.51719000000003,-0.05168146571992397,6.166066128787674
Defect_L11_B111_el3143_H4_W4.npy,-272.1782,4775.55015,-221.53402159999996,59.26700099999971,-0.043771444612990824,6.230934162527533
Defect_L11_B112_el3147_H4_W4.npy,-272.202,4775.38496,-208.50617110000007,65.68930039999987,-0.005405903158749485,6.197391247968037
Defect_L11_B113_el3151_H4_W4.npy,-272.3397,4774.74423,-196.9970254000002,165.29709999999997,0.12020479178838894,6.674790686975189
Defect_L11_B114_el3171_H4_W4.npy,-272.34770000000003,4774.74919,-321.5908672999999,134.87947229999986,0.41853969948762615,10.350843555380367
Defect_L11_B115_el3175_H4_W4.npy,-272.177,4774.674669999999,-254.0918786000002,92.07990340000015,0.11607941294431234,8.09254239766629
Defect_L11_B116_el3179_H4_W4.npy,-272.1346,4774.88793,-231.68376141999988,72.20438529999979,-0.01704095104550162,6.942520993654644
Defect_L11_B117_el3183_H4_W4.npy,-272.13530000000003,4775.1062999999995,-221.56346210000015,65.95432399999981,-0.06133281494763247,6.349593582395432
Defect_L11_B118_el3187_H4_W4.npy,-272.14689999999996,4775.250550000001,-205.3100579999998,93.60374999999999,-0.07146402992353361,5.800383703926909
Defect_L11_B119_el3475_H4_W4.npy,-272.14570000000003,4775.785379999999,-260.2927890000001,104.9201800000003,-0.008545364144958734,7.229030095228903
Defect_L11_B11_el155_H4_W4.npy,-272.1566,4775.40719,-293.061377,64.09916689999977,-0.0025630305204839975,8.017103214712902
Defect_L11_B120_el3479_H4_W4.npy,-272.1458,4775.78114,-273.52532599999995,67.87748600000009,-0.00978787666535702,7.543314230099694
Defect_L11_B121_el3483_H4_W4.npy,-272.1585,4775.723419999999,-277.7104349000001,60.988309699999945,-0.005328409449880391,7.65081301828766
Defect_L11_B122_el3487_H4_W4.npy,-272.42699999999996,4775.30121,-282.1908333000001,60.97096039999997,0.003686030976285272,7.796065117567354
Defect_L11_B123_el3491_H4_W4.npy,-274.8143,4773.66932,-292.51672800000006,58.196892599999956,0.0004169527108348769,8.14439913788381
Defect_L11_B124_el3495_H4_W4.npy,-271.7209,4777.22419,-305.2225461999999,177.22099999999998,0.032634624738272666,8.717997761427627
Defect_L11_B125_el3499_H4_W4.npy,-272.41920000000005,4775.204769999999,-297.12259978999987,55.30735219999997,0.05784864402886889,8.653470383722754
Defect_L11_B126_el3503_H4_W4.npy,-272.13050000000004,4773.94391,-307.29736019999996,57.2553883999999,0.03299723319650644,8.719204247708305
Defect_L11_B127_el3507_H4_W4.npy,-272.059,4774.7376300000005,-313.39003089999983,67.48888609999972,0.010305216989670555,8.907180899826592
Defect_L11_B128_el3511_H4_W4.npy,-272.0705,4774.81887,-308.3455928000001,72.34465789999967,0.025785889336836787,8.663772181781745
Defect_L11_B129_el3515_H4_W4.npy,-272.09090000000003,4774.95864,-295.0480851799998,69.77263839999978,0.007235826318317254,8.243988145356264
Defect_L11_B12_el159_H4_W4.npy,-272.1557,4775.40676,-282.2743700000003,63.35367229999997,0.0025974494655437996,7.672608349853417
Defect_L11_B130_el3519_H4_W4.npy,-272.113,4775.14521,-279.03529449999996,71.20846200000005,-0.00953149710962079,7.763009836234512
Defect_L11_B131_el3523_H4_W4.npy,-272.1349,4775.30258,-254.8219079999999,107.8106499999999,-0.018089981987319363,7.108412582604161
Defect_L11_B132_el3811_H4_W4.npy,-272.14090000000004,4776.17237,-250.1717940000001,102.05919999999992,-0.023364257945739698,7.01601003099487
Defect_L11_B133_el3815_H4_W4.npy,-272.096,4776.08494,-274.9961218000001,69.86862909999991,-0.012581324376559375,7.686662742319548
Defect_L11_B134_el3819_H4_W4.npy,-272.0732,4775.98861,-291.9605837300003,72.11066969999979,0.004126821486916993,8.16313691590665
Defect_L11_B135_el3823_H4_W4.npy,-272.4548,4775.51926,-304.56694280000033,70.71326199999976,0.018940987119881514,8.49788233755953
Defect_L11_B136_el3827_H4_W4.npy,-273.7831,4772.60187,-308.2433565000001,63.61686000000009,0.016825709314051498,8.576324567070507
Defect_L11_B137_el3831_H4_W4.npy,-271.349,4778.5329,-309.3852396,56.79401030000008,0.052680104435602566,8.759515645796798
Defect_L11_B138_el3835_H4_W4.npy,-272.0063,4774.17684,-304.3350378619998,56.314148899999964,0.08149102222493793,8.856342042074408
Defect_L11_B139_el3839_H4_W4.npy,-272.0223,4772.87435,-316.26997270000015,1473.3089999999993,0.1422530425100491,15.362966399364781
Defect_L11_B13_el163_H4_W4.npy,-272.1557,4775.40673,-264.801516,97.54519000000005,0.02026657295415328,7.228130326018761
Defect_L11_B140_el3843_H4_W4.npy,-271.93640000000005,4774.21504,-309.5853867999997,60.06097189999991,-0.009204987809752067,8.703095146858148
Defect_L11_B141_el3847_H4_W4.npy,-272.0319,4774.90886,-291.4078033999999,62.69822450000038,0.00048665442436609445,8.008937435353813
Defect_L11_B142_el3851_H4_W4.npy,-272.08,4775.1915,-280.47033332000024,61.887653000000455,-0.010168361560680517,7.704551727298852
Defect_L11_B143_el3855_H4_W4.npy,-272.1003,4775.322749999999,-272.3180481999998,66.97405400000002,-0.016477303046126976,7.496100288817106
Defect_L11_B144_el3859_H4_W4.npy,-272.1062,4775.43693,-256.5000949999999,105.56336000000056,-0.01698324929250497,7.113522458231266
Defect_L11_B145_el4147_H4_W4.npy,-272.12080000000003,4776.71126,-172.80190500000003,85.36065999999983,-0.08056920828640686,5.110434320181591
Defect_L11_B146_el4151_H4_W4.npy,-271.89570000000003,4775.74139,-198.7591289999998,71.03658810000002,-0.03992110759355936,6.14806509188964
Defect_L11_B147_el4155_H4_W4.npy,-271.60830000000004,4774.20743,-222.31604760000005,91.51732620000007,0.055842740124449786,7.368747647368233
Defect_L11_B148_el4159_H4_W4.npy,-271.8078,4772.4047900000005,-256.11939429999984,115.28728900000033,0.24768722165097537,9.021294289731879
Defect_L11_B149_el4179_H4_W4.npy,-271.7931,4775.92224,-228.09873889000005,141.59825569999998,0.5298463975885316,8.664069433608248
Defect_L11_B14_el451_H4_W4.npy,-272.1558,4775.4171,-285.5014409999999,116.76655000000028,0.019959242836831183,7.892119835859131
Defect_L11_B150_el4183_H4_W4.npy,-272.12379999999996,4776.51604,-185.70916890000012,105.59466462,0.2084517903307705,6.799015846434594
Defect_L11_B151_el4187_H4_W4.npy,-272.15790000000004,4776.0149200000005,-184.7411300000001,80.22826799999984,0.03546288798711047,6.028855979107251
Defect_L11_B152_el4191_H4_W4.npy,-272.1495,4775.79545,-196.06948559999978,62.89187130000005,-0.04337572381861505,5.741853339473371
Defect_L11_B153_el4195_H4_W4.npy,-272.1282,4775.74347,-198.14960899999983,77.50865999999996,-0.07239402074479397,5.561881220474439
Defect_L11_B154_el4483_H4_W4.npy,-272.4848,4778.85288,-97.90006270000003,45.35320999999999,-0.10194971746985468,2.7827720466225747
Defect_L11_B155_el4487_H4_W4.npy,-272.29130000000004,4777.69347,-97.09434300000004,29.935764199999994,-0.09554216138050424,2.842518320271151
Defect_L11_B156_el4491_H4_W4.npy,-271.9109,4775.832719999999,-86.59641619999996,28.724704299999985,-0.07723276242840128,2.6958372407164615
Defect_L11_B157_el4495_H4_W4.npy,-271.5064,4773.61017,-70.76391279999996,34.829059400000006,-0.041605756923905696,2.442733943407669
Defect_L11_B158_el4515_H4_W4.npy,-272.3465,4776.84835,-145.0423,39.872265,0.05512921694915328,2.3140151175815658
Defect_L11_B159_el4519_H4_W4.npy,-272.1254,4775.43276,-63.88736929999993,39.48956169999997,-0.005242358569516654,2.3330987827875944
Defect_L11_B15_el455_H4_W4.npy,-272.1565,4775.42769,-299.6086028999998,79.30313429999978,0.008519650777342496,8.26513730032633
Defect_L11_B160_el4523_H4_W4.npy,-272.14329999999995,4775.52911,-62.16146310000005,35.37886490000005,-0.0562410710095408,2.5824160469960566
Defect_L11_B161_el4527_H4_W4.npy,-272.1817,4775.936049999999,-92.53254270000002,34.189332300000046,-0.09029740567080824,2.896540731477991
Defect_L11_B162_el4531_H4_W4.npy,-272.1983,4776.236019999999,-108.13355420000005,46.888739999999984,-0.10669283727986058,3.085284799308668
Defect_L11_B163_el4819_H4_W4.npy,-272.3462,4786.92785,-132.00822630000016,63.913840000000164,-0.09617958552287609,3.8016203251507967
Defect_L11_B164_el4823_H4_W4.npy,-271.9025,4788.93073,-116.6172401,46.31932619999998,-0.0653636132049995,3.782438264844994
Defect_L11_B165_el4827_H4_W4.npy,-270.28560000000004,4795.3913,-91.70337759999995,55.71869090000007,-0.0016047961138768963,3.8022858688068726
Defect_L11_B166_el4831_H4_W4.npy,-265.2576,4810.751,-109.52860299999998,70.62972059999993,0.10224278130793349,4.039081386049772
Defect_L11_B167_el4851_H4_W4.npy,-272.47799999999995,4784.4698,-112.39297699999997,63.438318200000026,0.08751855073782194,3.6186283169731763
Defect_L11_B168_el4855_H4_W4.npy,-272.3846,4784.70668,-115.46054538999988,68.14293229999998,0.0262930368677385,4.238320342866955
Defect_L11_B169_el4859_H4_W4.npy,-272.3447,4781.917100000001,-123.06460088000006,53.182821770000146,-0.03948416217527716,4.078681336686604
Defect_L11_B16_el459_H4_W4.npy,-272.1571,4775.437779999999,-302.10144430000014,66.31366849999995,0.0017258521623879392,8.304941938665973
Defect_L11_B170_el4863_H4_W4.npy,-272.32599999999996,4779.97874,-123.76331249999998,46.46232670000006,-0.07707786377085832,3.83564949388012
Defect_L11_B171_el4867_H4_W4.npy,-272.3287,4778.9894699999995,-116.84128700000008,65.24221999999997,-0.09338661645688609,3.4820896805386297
Defect_L11_B172_el5155_H4_W4.npy,-271.4952,4784.232910000001,-227.85204199999998,92.07996000000026,-0.04487693626295461,6.347382338702224
Defect_L11_B173_el5159_H4_W4.npy,-271.5009,4781.951040000001,-236.08530259999998,62.419170599999916,-0.029635605948959445,6.615868378422637
Defect_L11_B174_el5163_H4_W4.npy,-271.77160000000003,4775.727180000001,-240.31986245000007,71.33204609999984,0.01005595987227803,6.865854031513796
Defect_L11_B175_el5167_H4_W4.npy,-273.3131,4759.837329999999,-257.3449035000001,83.49582009999949,0.07836143765284952,7.429699738747568
Defect_L11_B176_el5187_H4_W4.npy,-273.4939,4813.11122,-387.9189200799997,116.03003400000011,0.2872335890584724,11.204277026853523
Defect_L11_B177_el5191_H4_W4.npy,-273.005,4796.85478,-319.36855079999987,109.83331120000003,0.17506099971583788,9.618542538119975
Defect_L11_B178_el5195_H4_W4.npy,-272.8682,4791.13114,-275.5726001999999,91.02340969999955,0.06307004130658211,8.282651603144249
Defect_L11_B179_el5199_H4_W4.npy,-272.8093,4787.83177,-244.61038250000024,80.1388559999998,-0.010456278967042954,7.208760252472165
Defect_L11_B17_el463_H4_W4.npy,-272.15819999999997,4775.437989999999,-301.70905089999997,62.15778756000054,-0.002822487165257476,8.273371647984277
Defect_L11_B180_el5203_H4_W4.npy,-272.7921,4786.064219999999,-213.39829099999997,113.43880999999965,-0.04871891667209113,6.221571004352932
Defect_L11_B181_el5491_H4_W4.npy,-271.7309,4775.75086,-272.0072690000002,110.32681999999977,-0.0004206507457988494,7.501529095524981
Defect_L11_B182_el5495_H4_W4.npy,-271.695,4774.87146,-288.12118220000025,71.3949889999999,-0.00713251021456706,7.880350464756745
Defect_L11_B183_el5499_H4_W4.npy,-271.66659999999996,4773.17194,-295.6141508999997,60.417902399999775,-0.008360033443651585,8.060464562819897
Defect_L11_B184_el5503_H4_W4.npy,-271.8193,4769.73565,-304.6848716999998,60.27055539999992,-0.005490319340466598,8.320317894768891
Defect_L11_B185_el5507_H4_W4.npy,-284.2062,4757.72555,-318.4543295000003,64.30842690000009,-0.0006705407377367955,8.767620047662376
Defect_L11_B186_el5511_H4_W4.npy,-262.3378,4794.08998,-325.12507759999994,60.24845080000023,0.0037823804376060986,9.013633605574325
Defect_L11_B187_el5515_H4_W4.npy,-273.0665,4741.97592,-2059.5724,56.03208859999995,-0.11582610884387559,19.435087735609564
Defect_L11_B188_el5519_H4_W4.npy,-272.38309999999996,4778.3191099999995,-302.17499380000004,55.75728040000013,0.022033995225778383,8.29889778576351
Defect_L11_B189_el5523_H4_W4.npy,-272.3426,4778.5714499999995,-298.9241688999998,57.346143499999926,0.005925397876867971,8.185864341858908
Defect_L11_B18_el467_H4_W4.npy,-272.1553,4775.4484,-300.34051680000016,60.27686420000009,-0.005377705449493112,8.224622932058981
Defect_L11_B190_el5527_H4_W4.npy,-272.3695,4778.91171,-303.1740439,60.734010700000226,0.005032731376466696,8.279790293584625
Defect_L11_B191_el5531_H4_W4.npy,-272.5147,4780.46802,-302.04304419999994,62.06217060000017,0.003195337411461815,8.273165328462367
Defect_L11_B192_el5535_H4_W4.npy,-272.66170000000005,4781.98909,-295.0996783999999,71.81802100000004,0.0023896728657497087,8.119858417402892
Defect_L11_B193_el5539_H4_W4.npy,-272.76629999999994,4783.16925,-276.89405899999974,120.10382000000027,0.0056134131467648835,7.701696272943308
Defect_L11_B194_el5827_H4_W4.npy,-271.98969999999997,4774.9236200000005,-279.39583200000015,115.64080999999987,0.011276939612573329,7.6805622179072675
Defect_L11_B195_el5831_H4_W4.npy,-271.9598,4774.6668899999995,-295.54467699999987,74.08021099999996,0.002272234361232133,8.070147750333545
Defect_L11_B196_el5835_H4_W4.npy,-271.9404,4774.06517,-301.9482025,62.2020550000002,-0.0019825064689853004,8.223077737828119
Defect_L11_B197_el5839_H4_W4.npy,-272.2473,4772.45893,-307.2268880899999,59.5443737999999,-0.003392749683252228,8.370312776643381
Defect_L11_B198_el5843_H4_W4.npy,-276.3113,4767.24374,-312.22150968000005,60.6292239899999,-0.004672030668441663,8.513625567235723
Defect_L11_B199_el5847_H4_W4.npy,-268.1392,4789.33208,-313.55342729799986,57.610625400000345,-0.003046990952993859,8.531848550426322
Defect_L11_B19_el471_H4_W4.npy,-272.1567,4775.4588,-298.60172420000004,59.22365879999984,-0.006453960174816652,8.172768871671467
Defect_L11_B1_el115_H4_W4.npy,-272.1572,4775.42755,-332.54030399999965,137.95613999999978,0.019809249643126952,9.326842018214691
Defect_L11_B200_el5851_H4_W4.npy,-273.34279999999995,4761.982129999999,-307.0241366,55.913905500000055,0.0020992296844364695,8.341449051599962
Defect_L11_B201_el5855_H4_W4.npy,-272.137,4776.74954,-300.1779230000002,56.37656949999973,-0.0025290340424192668,8.140199568109264
Defect_L11_B202_el5859_H4_W4.npy,-272.09540000000004,4777.010920000001,-297.86221151999985,56.96274405000008,-0.005739047158147143,8.076420534888273
Defect_L11_B203_el5863_H4_W4.npy,-272.17850000000004,4776.9481399999995,-300.6923587800004,58.841939999999795,-0.0024651917215610317,8.157595174669751
Defect_L11_B204_el5867_H4_W4.npy,-272.271,4777.16945,-303.57225600000015,63.11568339999985,0.0015864497025087668,8.253178652661777
Defect_L11_B205_el5871_H4_W4.npy,-272.359,4777.51505,-303.23807580000016,76.2008030000004,0.008779478884493392,8.281240798438466
Defect_L11_B206_el5875_H4_W4.npy,-272.4193,4777.85552,-291.034633,125.39196999999967,0.021003564119287846,8.020899166528789
Defect_L11_B207_el6163_H4_W4.npy,-272.09139999999996,4775.117859999999,-278.1182060000001,115.51913000000059,0.012211054745120712,7.607256268929073
Defect_L11_B208_el6167_H4_W4.npy,-272.0709,4774.99349,-294.82788099999993,72.82683999999995,0.0036675699487596523,8.015413508430477
Defect_L11_B209_el6171_H4_W4.npy,-272.0662,4774.6506,-301.9858775,61.38858440000013,-0.0003371689522387147,8.187098320850696
Defect_L11_B20_el475_H4_W4.npy,-272.16139999999996,4775.448899999999,-296.5987471399999,58.484832900000356,-0.006672980161326181,8.119343069107389
Defect_L11_B210_el6175_H4_W4.npy,-272.3211,4773.76918,-307.31583810000006,60.486167499999965,-0.0022045599078398884,8.327950908517348
Defect_L11_B211_el6179_H4_W4.npy,-273.64200000000005,4771.40399,-311.5164613000002,61.00308289999998,-0.0035483828554089126,8.438737900055267
Defect_L11_B212_el6183_H4_W4.npy,-270.3657,4782.5036199999995,-314.0578915000001,59.68051809999997,-0.0032784897487873757,8.490527754846683
Defect_L11_B213_el6187_H4_W4.npy,-273.12480000000005,4769.57646,-313.01651979999997,58.671374000000014,-0.0017461010173056104,8.438602702792684
Defect_L11_B214_el6191_H4_W4.npy,-272.12919999999997,4776.2405100000005,-310.72386989999995,59.38329999999996,-0.003913899396413288,8.359267984251625
Defect_L11_B215_el6195_H4_W4.npy,-272.08750000000003,4776.400479999999,-310.3665506,60.2954500000003,-0.005022963964889597,8.351632016668004
Defect_L11_B216_el6199_H4_W4.npy,-272.1437,4776.20173,-312.4114292999998,62.11746799999992,-0.0015936301694598719,8.422159929524803
Defect_L11_B217_el6203_H4_W4.npy,-272.19489999999996,4776.14764,-314.4131652000001,66.06279450000011,0.003582091608349014,8.501139084059647
Defect_L11_B218_el6207_H4_W4.npy,-272.24150000000003,4776.15469,-313.5699749999999,79.10157200000003,0.011177017520249658,8.517259648945654
Defect_L11_B219_el6211_H4_W4.npy,-272.2669,4776.14738,-300.6900069999999,129.71758999999975,0.02366277817444715,8.22484783251842
Defect_L11_B21_el479_H4_W4.npy,-272.1605,4775.43888,-294.10020039999995,57.873485600000095,-0.006221399206270769,8.056061745060775
Defect_L11_B22_el483_H4_W4.npy,-272.1596,4775.428510000001,-291.14011630000005,57.38506039999993,-0.00494548766784282,7.98163509485732
Defect_L11_B23_el487_H4_W4.npy,-272.1579,4775.41811,-287.82023230000004,57.26054520000025,-0.002502025633698069,7.899550615416028
Defect_L11_B24_el491_H4_W4.npy,-272.1574,4775.41758,-283.87851590000014,60.05179629999998,0.001552359522564979,7.807048933717594
Defect_L11_B25_el495_H4_W4.npy,-272.15610000000004,4775.3969099999995,-277.86310000000003,71.53382599999986,0.007175025702258984,7.670020379857514
Defect_L11_B26_el499_H4_W4.npy,-272.1571,4775.39693,-262.0998830000001,105.76611000000003,0.016445921036242758,7.27080776546921
Defect_L11_B27_el787_H4_W4.npy,-272.1536,4775.41658,-276.9966179999999,111.96232000000009,0.02035216114352948,7.698621910737765
Defect_L11_B28_el791_H4_W4.npy,-272.1551,4775.42757,-290.03461430000016,76.38301599999977,0.008621904334447676,8.030478656667317
Defect_L11_B29_el795_H4_W4.npy,-272.1556,4775.44772,-291.5658000000001,63.276783700000124,0.0005443606202822603,8.047074843048415
Defect_L11_B2_el119_H4_W4.npy,-272.15790000000004,4775.427860000001,-348.7673709999997,85.6039783999995,0.010229078922043212,9.587404562755289
Defect_L11_B30_el799_H4_W4.npy,-272.1596,4775.44779,-290.8240595699999,59.04082100000028,-0.005259088546407027,8.00771764042362
Defect_L11_B31_el803_H4_W4.npy,-272.1525,4775.44845,-289.90364410000007,57.18297531999997,-0.00847890798732824,7.971341334974423
Defect_L11_B32_el807_H4_W4.npy,-272.1541,4775.479149999999,-289.4605735,56.30321294999999,-0.009751298967344188,7.954126416050537
Defect_L11_B33_el811_H4_W4.npy,-272.1618,4775.469340000001,-289.42010760000016,55.87527739999996,-0.009850327244416441,7.953212882493122
Defect_L11_B34_el815_H4_W4.npy,-272.1611,4775.44946,-289.05386620000013,55.62385419999987,-0.009199314223910647,7.9488900111855525
Defect_L11_B35_el819_H4_W4.npy,-272.1589,4775.43901,-288.2596929000001,55.87551976999998,-0.007419952316144312,7.935789623149846
Defect_L11_B36_el823_H4_W4.npy,-272.1584,4775.42853,-287.1908762099997,57.49604199999976,-0.004164047820756168,7.918050657837205
Defect_L11_B37_el827_H4_W4.npy,-272.15840000000003,4775.4179,-285.52734669999995,61.411964400000215,0.0010090561340991837,7.891121298156379
Defect_L11_B38_el831_H4_W4.npy,-272.1564,4775.396879999999,-281.7270525999995,73.87221200000022,0.007659883060766946,7.813288603642095
Defect_L11_B39_el835_H4_W4.npy,-272.1578,4775.38701,-267.391938,108.9648900000002,0.017837928494125313,7.4546408323262705
Defect_L11_B3_el123_H4_W4.npy,-272.1574,4775.438099999999,-348.40976,78.06774720000021,0.005429105000437619,9.535982788506322
Defect_L11_B40_el1123_H4_W4.npy,-272.1521,4775.41623,-274.99331400000005,110.91501999999991,0.020885213613588315,7.658776442817608
Defect_L11_B41_el1127_H4_W4.npy,-272.1533,4775.427500000001,-287.5452688999999,75.527425,0.00908895051164086,7.970417857799088
Defect_L11_B42_el1131_H4_W4.npy,-272.154,4775.44775,-288.34735981000017,62.33106690000022,-3.06476211465389e-05,7.967541002202995
Defect_L11_B43_el1135_H4_W4.npy,-272.1619,4775.44773,-287.0194694999998,58.01983449999989,-0.006683697057991247,7.912323376812319
Defect_L11_B44_el1139_H4_W4.npy,-272.1481,4775.438719999999,-285.8860322999999,56.11041829999999,-0.010525994655602078,7.871205735339984
Defect_L11_B45_el1143_H4_W4.npy,-272.1524,4775.50994,-286.0134502000001,55.27046184999995,-0.011857401999913864,7.870559447446047
Defect_L11_B46_el1147_H4_W4.npy,-272.1649,4775.479829999999,-287.2603009000002,54.94899763199987,-0.01192392064076977,7.905074948311339
Defect_L11_B47_el1151_H4_W4.npy,-272.1642,4775.46013,-288.19517240000005,55.12843347000012,-0.011363730937531331,7.936650085119767
Defect_L11_B48_el1155_H4_W4.npy,-272.1594,4775.43945,-288.4333617,56.126407999999856,-0.00934251106842666,7.952154928501152
Defect_L11_B49_el1159_H4_W4.npy,-272.1581,4775.42896,-288.2976862999999,57.93955989999995,-0.005370529975807247,7.959785932779486
Defect_L11_B4_el127_H4_W4.npy,-272.1584,4775.43826,-343.83635600000025,76.02610077999998,0.0019905896075963977,9.422209324187063
Defect_L11_B50_el1163_H4_W4.npy,-272.15840000000003,4775.40812,-287.56807475999994,62.061330000000225,0.0006197813645610618,7.957435754886797
Defect_L11_B51_el1167_H4_W4.npy,-272.15680000000003,4775.37683,-284.67243050000025,74.8753790000003,0.008225548637132455,7.902691795527836
Defect_L11_B52_el1171_H4_W4.npy,-272.15740000000005,4775.37687,-270.78742599999987,110.95096999999987,0.018829978391811174,7.559246143605597
Defect_L11_B53_el1459_H4_W4.npy,-272.1502,4775.41637,-273.96026300000017,110.49682999999959,0.02114440740239406,7.657983462370662
Defect_L11_B54_el1463_H4_W4.npy,-272.15200000000004,4775.43791,-286.14003,75.22281099999964,0.009504820099970964,7.953709684761331
Defect_L11_B55_el1467_H4_W4.npy,-272.1543,4775.4581,-286.41559794499994,62.031460199999856,-0.00019920646380724652,7.936344295664611
Defect_L11_B56_el1471_H4_W4.npy,-272.1698,4775.4478,-284.4248368000001,57.644634100000076,-0.007417165109345547,7.864471330516912
Defect_L11_B57_el1475_H4_W4.npy,-272.1426,4775.41917,-282.78806910000003,55.70333039999991,-0.011763620142541556,7.811874481211274
Defect_L11_B58_el1479_H4_W4.npy,-272.1495,4775.54119,-283.3657979999998,54.92386170000009,-0.013150278243036261,7.826716209909874
Defect_L11_B59_el1483_H4_W4.npy,-272.1687,4775.48045,-286.1924918000002,54.63361399999985,-0.012938752303171448,7.905738458934689
Defect_L11_B5_el131_H4_W4.npy,-272.1578,4775.4384,-338.0214050000002,74.65010120000034,-0.00031036662553970577,9.280557606497744
Defect_L11_B60_el1487_H4_W4.npy,-272.16790000000003,4775.4612,-288.6525058,55.3313713,-0.012529303942631171,7.978008997333073
Defect_L11_B61_el1491_H4_W4.npy,-272.1582,4775.429880000001,-289.4611090000003,56.482464700000264,-0.010408000527506109,8.008506212668927
Defect_L11_B62_el1495_H4_W4.npy,-272.1579,4775.41916,-289.4016961000002,58.33574040000008,-0.005935140847539921,8.015764764122862
Defect_L11_B63_el1499_H4_W4.npy,-272.15749999999997,4775.398179999999,-288.72100110999986,62.489734,0.00031345259736219696,8.011970883489774
Defect_L11_B64_el1503_H4_W4.npy,-272.15520000000004,4775.36652,-285.95483330000025,75.41606699999988,0.008338276755760548,7.958007309688382
Defect_L11_B65_el1507_H4_W4.npy,-272.156,4775.35657,-271.99903399999994,111.94849999999997,0.018698680768425346,7.61610023173386
Defect_L11_B66_el1795_H4_W4.npy,-272.1507,4775.43729,-270.4243100000001,111.73919999999998,0.0190414059242588,7.551741407892614
Defect_L11_B67_el1799_H4_W4.npy,-272.1513,4775.448899999999,-282.63421019999987,74.40990999999963,0.00856027767677298,7.850517551045485
Defect_L11_B68_el1803_H4_W4.npy,-272.1546,4775.4788,-282.8520744900002,61.66956600000026,-0.0003618836197098208,7.830834280392621
Defect_L11_B69_el1807_H4_W4.npy,-272.1823,4775.4379,-280.3806708000002,57.446529200000214,-0.006857220868686702,7.746675462587436
Defect_L11_B6_el135_H4_W4.npy,-272.15930000000003,4775.43841,-331.747032,73.31715809999969,-0.0019074432478466583,9.12316241063388
Defect_L11_B70_el1811_H4_W4.npy,-272.1374,4775.36966,-277.7421007999999,55.58800289999999,-0.011274983950309648,7.672278491542037
Defect_L11_B71_el1815_H4_W4.npy,-272.147,4775.5827,-278.3995674,55.001490700000204,-0.012283350059436234,7.700529508742734
Defect_L11_B72_el1819_H4_W4.npy,-272.1723,4775.47075,-283.3762463999999,54.73721380000029,-0.011399406192469739,7.843663496918202
Defect_L11_B73_el1823_H4_W4.npy,-272.173,4775.4424,-288.36298450000027,56.02455480000003,-0.011878490615680576,7.982042512827742
Defect_L11_B74_el1827_H4_W4.npy,-272.1565,4775.399509999999,-289.3334577999999,57.15622759999974,-0.010297266723375892,8.01209733270422
Defect_L11_B75_el1831_H4_W4.npy,-272.15380000000005,4775.39847,-288.2693159999999,58.74450100000013,-0.006004170015293198,7.98314792990843
Defect_L11_B76_el1835_H4_W4.npy,-272.1535,4775.3776100000005,-286.95902345000013,62.63693900000021,-0.0006447316296524122,7.956301063872838
Defect_L11_B77_el1839_H4_W4.npy,-272.1512,4775.35582,-283.94324329999995,75.14945899999998,0.006815944030827452,7.893167932332118
Defect_L11_B78_el1843_H4_W4.npy,-272.15299999999996,4775.345880000001,-269.68068730000005,114.07714999999962,0.016417487948860113,7.5371869148199435
Defect_L11_B79_el2131_H4_W4.npy,-272.1531,4775.45941,-266.08509930000014,108.84299999999985,0.01108879343771367,7.442709974685359
Defect_L11_B7_el139_H4_W4.npy,-272.1601,4775.4283700000005,-325.21446500000025,71.89747270000021,-0.0030506605352465053,8.953442016266097
Defect_L11_B80_el2135_H4_W4.npy,-272.1519,4775.48042,-281.0458642000001,72.50265100000001,0.004760334132678658,7.815077108230118
Defect_L11_B81_el2139_H4_W4.npy,-272.15500000000003,4775.51994,-284.3073751000002,60.202191000000084,-0.00015124707012025338,7.877714291827824
Defect_L11_B82_el2143_H4_W4.npy,-272.20619999999997,4775.44838,-283.60718750000024,57.678483700000015,-0.0031736219326921316,7.838177617993386
Defect_L11_B83_el2147_H4_W4.npy,-272.1318,4775.28094,-279.72100720000003,55.34421468000028,-0.006069391400434604,7.740152531708284
Defect_L11_B84_el2151_H4_W4.npy,-272.14430000000004,4775.67582,-278.68079550000016,55.23761079999986,-0.0031662774379150704,7.76936795207212
Defect_L11_B85_el2155_H4_W4.npy,-272.1733,4775.45026,-285.5753687000001,54.83215578000022,0.0001861253834888301,7.989080618999808
Defect_L11_B86_el2159_H4_W4.npy,-272.18059999999997,4775.42358,-295.77099939999994,57.21231849999981,-0.004428282202952395,8.247853756608613
Defect_L11_B87_el2163_H4_W4.npy,-272.14520000000005,4775.34724,-294.9100255999999,57.863701900000024,-0.008171816332183182,8.192726441066029
Defect_L11_B88_el2167_H4_W4.npy,-272.1438,4775.36616,-289.65850950000004,58.21813030000021,-0.006187514858607874,8.018869273997144
Defect_L11_B89_el2171_H4_W4.npy,-272.1464,4775.36577,-286.2479635300001,61.7568960000001,-0.003510756337254253,7.929171025606586
Defect_L11_B8_el143_H4_W4.npy,-272.1592,4775.42835,-318.2654050000001,70.3128022999997,-0.0038276633675943237,8.76646267281296
Defect_L11_B90_el2175_H4_W4.npy,-272.1442,4775.34414,-282.30836820000013,74.02505499999984,0.002245181270047508,7.840900888265845
Defect_L11_B91_el2179_H4_W4.npy,-272.1458,4775.334330000001,-267.71362810000005,112.70854000000008,0.010351266643014603,7.480180449850756
Defect_L11_B92_el2467_H4_W4.npy,-272.147,4775.48993,-240.64622559999998,97.43038999999976,-0.026598033600136347,6.784264054847514
Defect_L11_B93_el2471_H4_W4.npy,-272.1393,4775.557140000001,-264.20014889999993,68.2782403000001,-0.016960201172243037,7.448510274658339
Defect_L11_B94_el2475_H4_W4.npy,-272.1443,4775.66383,-282.46817373,74.7230962000001,0.004201692968112506,7.979914666118534
Defect_L11_B95_el2479_H4_W4.npy,-272.2341,4775.632930000001,-303.3642697,80.03495319999956,0.03531936092802335,8.560771866444346
Defect_L11_B96_el2499_H4_W4.npy,-272.1045,4775.29403,-302.01083700000027,65.16200049999952,0.007583469508430348,8.394920909664302
Defect_L11_B97_el2503_H4_W4.npy,-272.1244,4775.40956,-279.37965639999993,62.886954599999626,-0.0014815332976408492,7.707187562986952
Defect_L11_B98_el2507_H4_W4.npy,-272.1376,4775.424010000001,-269.37688133999995,59.48392880000006,-0.014409106697554293,7.446916617045224
Defect_L11_B99_el2511_H4_W4.npy,-272.1388,4775.38381,-264.5447042999999,66.13850300000013,-0.01866014929829302,7.326768959385648
Defect_L11_B9_el147_H4_W4.npy,-272.1582,4775.41801,-310.73206200000004,68.51638040000012,-0.004296444434506743,8.554435269669993
Defect_L12_B100_el2515_H4_W4.npy,-272.11420000000004,4775.18412,-376.58971399999973,166.8358800000001,-0.026170434029299933,10.457391948811066
Defect_L12_B101_el2803_H4_W4.npy,-272.1267,4775.49213,-283.2252573999999,131.31861999999978,-0.11446318827822424,7.979387790174813
Defect_L12_B102_el2807_H4_W4.npy,-272.1263,4775.58374,-283.45366490000004,77.24664699999994,-0.12326134505850074,7.962107381490958
Defect_L12_B103_el2811_H4_W4.npy,-272.13059999999996,4775.69301,-262.89611669999977,69.56190379999998,-0.12388682673148194,7.54051308516946
Defect_L12_B104_el2815_H4_W4.npy,-272.2023,4775.75288,-250.37562920000005,72.94473860000016,-0.0823622334185281,7.159186741108816
Defect_L12_B105_el2835_H4_W4.npy,-272.0383,4775.553989999999,-2006.7815999999998,85.91880899999978,0.022484727343854205,17.739781444988264
Defect_L12_B106_el2839_H4_W4.npy,-272.10179999999997,4775.55948,-2052.0179,58.9548870000001,-0.20513643357384256,18.341320822310678
Defect_L12_B107_el2843_H4_W4.npy,-272.1356,4775.45516,-2054.3617999999997,57.312636800000064,-0.2600779939456779,18.80274741248969
Defect_L12_B108_el2847_H4_W4.npy,-272.1363,4775.32434,-291.2698894,73.119009,-0.11524781881396615,8.017401583734118
Defect_L12_B109_el2851_H4_W4.npy,-272.127,4775.22883,-299.94731079999997,134.85618,-0.10683307847087167,8.319627510246331
Defect_L12_B10_el151_H4_W4.npy,-272.1596,4775.4182,-441.590328,100.32415549999996,-0.003493222885762208,12.195521808724981
Defect_L12_B110_el3139_H4_W4.npy,-272.1118,4775.56358,-329.9422889999996,139.45706000000018,-0.07866997958904141,9.08509272665713
Defect_L12_B111_el3143_H4_W4.npy,-272.1323,4775.584870000001,-327.0523403999998,76.93705900000009,-0.07857250826885949,8.899389039403466
Defect_L12_B112_el3147_H4_W4.npy,-272.1579,4775.47675,-306.56332290000023,75.57874819999984,-0.049190629158629616,8.418808813809056
Defect_L12_B113_el3151_H4_W4.npy,-272.30080000000004,4774.918320000001,-288.12147920000007,167.71429999999998,0.06691865583163153,8.240124945235708
Defect_L12_B114_el3171_H4_W4.npy,-272.41389999999996,4774.7394300000005,-472.9842381000001,157.7933101000001,0.4385300268672367,13.894068740382513
Defect_L12_B115_el3175_H4_W4.npy,-272.2099,4774.61042,-377.8147547000001,117.30631349999999,0.1094449507612828,11.326309057314441
Defect_L12_B116_el3179_H4_W4.npy,-272.14660000000003,4774.77379,-344.85988969999994,99.2020293999999,-0.03488044535953888,10.037866558902008
Defect_L12_B117_el3183_H4_W4.npy,-272.1331,4774.97524,-329.18018120000033,97.64174999999977,-0.08458222034589603,9.35233107123689
Defect_L12_B118_el3187_H4_W4.npy,-272.13590000000005,4775.10467,-305.99563309999985,149.14647000000014,-0.09826985496064368,8.680477094492383
Defect_L12_B119_el3475_H4_W4.npy,-272.0887,4775.78596,-388.18008899999995,168.1636500000002,-0.012168800205991254,10.803753266546254
Defect_L12_B11_el155_H4_W4.npy,-272.1579,4775.40765,-427.28763200000003,97.81983639999976,-0.00291347891394238,11.768478821084251
Defect_L12_B120_el3479_H4_W4.npy,-272.0768,4775.84041,-406.7669126999999,97.70839999999998,-0.016701535070419164,11.155372898017825
Defect_L12_B121_el3483_H4_W4.npy,-272.0777,4775.8650099999995,-413.2217188500001,89.51694520000024,-0.014394979496150236,11.265890055179128
Defect_L12_B122_el3487_H4_W4.npy,-272.3647,4775.52709,-420.7000320000002,89.1734892999998,-0.004935918999921556,11.463320840559605
Defect_L12_B123_el3491_H4_W4.npy,-275.8175,4773.88845,-436.51189109999996,85.24140000000034,-0.001080149045889989,11.991568509254938
Defect_L12_B124_el3495_H4_W4.npy,-271.9303,4777.62042,-451.41378039999995,82.32393809999985,0.027458298377222908,12.46046724083586
Defect_L12_B125_el3499_H4_W4.npy,-272.5079,4775.0508,-443.5877473899998,81.28981349999958,0.0784417593479336,12.464280864672295
Defect_L12_B126_el3503_H4_W4.npy,-272.1652,4773.78677,-456.1173279400002,94.735952,0.0503374417569726,12.717946117140864
Defect_L12_B127_el3507_H4_W4.npy,-272.0633,4774.60217,-468.8313198999999,107.0699830000001,0.03190319755760897,13.129563551443
Defect_L12_B128_el3511_H4_W4.npy,-272.0598,4774.59793,-461.18803460000004,109.50949999999989,0.04602985953780958,12.854960488114513
Defect_L12_B129_el3515_H4_W4.npy,-272.0716,4774.73016,-440.05660627,107.72619869999994,0.018231474030156236,12.233633740779306
Defect_L12_B12_el159_H4_W4.npy,-272.1571,4775.396989999999,-410.5826510000004,102.47665869999992,0.0017508728289691673,11.263536335146233
Defect_L12_B130_el3519_H4_W4.npy,-272.0884,4774.95319,-415.3171878999999,113.87336199999982,-0.0069568942096046105,11.542857221571948
Defect_L12_B131_el3523_H4_W4.npy,-272.10609999999997,4775.13824,-379.83980700000006,179.75921000000017,-0.021687688184330416,10.66182421328104
Defect_L12_B132_el3811_H4_W4.npy,-272.0995,4776.29456,-373.38246500000014,171.04634999999985,-0.028344423081854395,10.524028439712861
Defect_L12_B133_el3815_H4_W4.npy,-272.0371,4776.225670000001,-409.6721821000001,108.58513500000004,-0.011900965306849882,11.423676975600012
Defect_L12_B134_el3819_H4_W4.npy,-271.9897,4776.11996,-435.5919904300001,108.97888429999989,0.01241793037007967,12.112761885616875
Defect_L12_B135_el3823_H4_W4.npy,-272.398,4775.66432,-455.2941370000001,107.9261406999999,0.03396972274594598,12.626215395380692
Defect_L12_B136_el3827_H4_W4.npy,-273.7563,4772.60784,-460.01664830000027,94.23190179999983,0.030002009613038387,12.697807177636653
Defect_L12_B137_el3831_H4_W4.npy,-271.9489,4778.93211,-458.5428303000001,85.99139070000001,0.06521236220396459,12.716360686840325
Defect_L12_B138_el3835_H4_W4.npy,-272.0432,4773.735049999999,-453.8301868619999,80.05722190000006,0.10814266484786945,12.756701114506814
Defect_L12_B139_el3839_H4_W4.npy,-272.056,4772.81791,-467.13083870000014,1473.1201,0.162112344668375,18.030198123690187
Defect_L12_B13_el163_H4_W4.npy,-272.1562,4775.39683,-384.9331739999998,157.62554,0.02339113808265837,10.641912276478555
Defect_L12_B140_el3843_H4_W4.npy,-271.896,4773.882790000001,-461.7192911999996,95.02068029999987,0.0029830971883089267,12.80623178290022
Defect_L12_B141_el3847_H4_W4.npy,-271.96250000000003,4774.46725,-434.8363448,90.21445660000018,-0.0011132730445998305,11.858980503645226
Defect_L12_B142_el3851_H4_W4.npy,-272.0097,4774.82801,-417.59462089,89.15351140000007,-0.018286414897015518,11.3784697865854
Defect_L12_B143_el3855_H4_W4.npy,-272.0347,4775.07181,-404.98309070000005,99.24918999999977,-0.02611980381887816,11.084791096766663
Defect_L12_B144_el3859_H4_W4.npy,-272.0437,4775.27809,-382.2984590000001,171.87215000000015,-0.026244510703448035,10.609181684312121
Defect_L12_B145_el4147_H4_W4.npy,-272.1178,4777.26675,-257.7752776000001,128.71726999999987,-0.11703699542806853,7.5342207017264995
Defect_L12_B146_el4151_H4_W4.npy,-271.8472,4776.18651,-296.3172258999998,96.31904740000004,-0.07148489421644788,8.798826200536745
Defect_L12_B147_el4155_H4_W4.npy,-271.4981,4774.4787,-333.3906617,117.75704040000005,0.03221123480157583,10.249951187206955
Defect_L12_B148_el4159_H4_W4.npy,-271.6926,4772.40276,-383.41198239999994,143.61892000000034,0.23060158235605752,12.276144023892362
Defect_L12_B149_el4179_H4_W4.npy,-271.6781,4775.30586,-333.44519889000003,128.79381400000057,0.4748694001659084,9.631958785922771
Defect_L12_B14_el451_H4_W4.npy,-272.1533,4775.41591,-424.8010069999998,190.9409599999999,0.02877681896087285,11.83678822884704
Defect_L12_B150_el4183_H4_W4.npy,-272.03700000000003,4776.05182,-274.8392079,115.07805181999993,0.14800943628324495,7.987217875803775
Defect_L12_B151_el4187_H4_W4.npy,-272.0896,4775.73485,-271.8506006,89.0235768,-0.017741558611692895,7.731740646291896
Defect_L12_B152_el4191_H4_W4.npy,-272.0914,4775.66916,-288.7895030999998,73.0615252,-0.08961696570681552,7.916657876159429
Defect_L12_B153_el4195_H4_W4.npy,-272.0722,4775.72877,-293.4189299999996,121.73355000000015,-0.11335291230699429,8.039235082660966
Defect_L12_B154_el4483_H4_W4.npy,-272.60540000000003,4779.95278,-144.09534800000006,68.80285000000003,-0.1428693343273848,4.086190097309711
Defect_L12_B155_el4487_H4_W4.npy,-272.3334,4778.41,-141.81255130000005,41.06833639999991,-0.13374621648598875,4.066823486513203
Defect_L12_B156_el4491_H4_W4.npy,-271.85690000000005,4776.2089,-127.12849829999999,36.91140829999995,-0.11274791352214972,3.7505043029284417
Defect_L12_B157_el4495_H4_W4.npy,-271.3857,4773.74285,-105.57161239999999,39.26925639999996,-0.07249016905297435,3.222554155567245
Defect_L12_B158_el4515_H4_W4.npy,-272.3386,4776.79639,-145.5775,42.65770099999999,0.060042105289321364,2.3063888180591996
Defect_L12_B159_el4519_H4_W4.npy,-272.11560000000003,4775.46795,-63.11427219999996,37.97626989999998,-0.01611266965856362,2.279350341690472
Defect_L12_B15_el455_H4_W4.npy,-272.15450000000004,4775.4265700000005,-444.52116999999976,113.15253299999995,0.014221797619944644,12.264560937849344
Defect_L12_B160_el4523_H4_W4.npy,-272.1395,4775.68655,-88.77346510000007,35.4483944000001,-0.08372240194471804,2.9593309855137195
Defect_L12_B161_el4527_H4_W4.npy,-272.1824,4776.19522,-133.86573270000008,37.74576119999995,-0.1277727204065408,3.817004458611432
Defect_L12_B162_el4531_H4_W4.npy,-272.20079999999996,4776.5559,-158.77711450000004,72.40101000000004,-0.1499206678661317,4.404724974087651
Defect_L12_B163_el4819_H4_W4.npy,-272.4149,4790.56829,-189.65095500000018,80.00750999999991,-0.1434186201307773,5.250628350755057
Defect_L12_B164_el4823_H4_W4.npy,-272.0329,4791.61087,-167.1312114000001,47.100254500000005,-0.10960778915030407,4.758989107015952
Defect_L12_B165_el4827_H4_W4.npy,-270.4487,4796.5646,-123.20743049999999,52.69879400000002,-0.038850314311806404,4.116078041613277
Defect_L12_B166_el4831_H4_W4.npy,-265.58910000000003,4809.617200000001,-105.91735589999996,68.35084859999995,0.08142934901180385,3.838270706652018
Defect_L12_B167_el4851_H4_W4.npy,-272.5252,4785.40763,-142.60229164999998,65.19092289999998,0.05017103458925433,4.36102158940293
Defect_L12_B168_el4855_H4_W4.npy,-272.4703,4786.41041,-171.05007642000004,75.36557730000015,-0.015600100304675863,5.437072435401301
Defect_L12_B169_el4859_H4_W4.npy,-272.4429,4783.73473,-181.70433827,63.408887750000076,-0.08134795638198357,5.517796504610277
Defect_L12_B16_el459_H4_W4.npy,-272.1535,4775.44691,-448.0999194000001,97.36110250000002,0.005655941147417968,12.296389120762274
Defect_L12_B170_el4863_H4_W4.npy,-272.42240000000004,4781.6478099999995,-181.56189029999996,61.394933700000024,-0.11860289887260222,5.393408812386075
Defect_L12_B171_el4867_H4_W4.npy,-272.4199,4780.47894,-172.07765949999998,94.62477000000001,-0.13586434696349625,5.061739203250718
Defect_L12_B172_el5155_H4_W4.npy,-271.12649999999996,4789.30923,-336.4725870000002,136.82265999999981,-0.07950556306873394,9.206760685217162
Defect_L12_B173_el5159_H4_W4.npy,-270.95950000000005,4788.241679999999,-346.666029,81.4978701,-0.06733678473089992,9.396420956722565
Defect_L12_B174_el5163_H4_W4.npy,-270.7561,4784.2584799999995,-352.1989526,85.17546959999981,-0.030177003335942164,9.545958648174452
Defect_L12_B175_el5167_H4_W4.npy,-271.14300000000003,4772.65605,-376.8175781000002,100.04780402000006,0.041216612527886755,10.203032234126082
Defect_L12_B176_el5187_H4_W4.npy,-274.0763,4832.45327,-573.09836292,153.6502000000005,0.36537283381773816,16.010551345802345
Defect_L12_B177_el5191_H4_W4.npy,-273.5142,4809.03403,-474.51238319999993,144.66491439999982,0.20398190003569738,13.683812787289154
Defect_L12_B178_el5195_H4_W4.npy,-273.26399999999995,4799.298220000001,-409.00495780000006,122.48910510000019,0.06360154061351891,11.850454659332478
Defect_L12_B179_el5199_H4_W4.npy,-273.12749999999994,4793.81716,-362.21430780000014,113.43543799999998,-0.02484860911583689,10.435501606753023
Defect_L12_B17_el463_H4_W4.npy,-272.15509999999995,4775.45745,-447.5865547000001,92.30634289999989,-8.64306224215926e-05,12.245758730211042
Defect_L12_B180_el5203_H4_W4.npy,-273.069,4790.96281,-316.64028899999994,168.91042999999968,-0.07148955255649717,9.170467694262037
Defect_L12_B181_el5491_H4_W4.npy,-271.4473,4776.1334799999995,-402.9390470000001,173.14665999999988,-0.00774915837165767,11.089863894455291
Defect_L12_B182_el5495_H4_W4.npy,-271.33720000000005,4774.868350000001,-425.79388740000036,101.82451199999991,-0.01314069130712396,11.586977533757974
Defect_L12_B183_el5499_H4_W4.npy,-271.2059,4772.3473,-437.1468433999996,91.19272499999988,-0.011430383780890811,11.85543252813731
Defect_L12_B184_el5503_H4_W4.npy,-271.32439999999997,4767.11351,-451.14971326,94.2497100999999,-0.0016080448697237855,12.262548198330702
Defect_L12_B185_el5507_H4_W4.npy,-285.1774,4751.18808,-470.70396930000015,168.084,0.025312524821425875,12.96398070786927
Defect_L12_B186_el5511_H4_W4.npy,-263.896,4794.85195,-475.6432834999998,95.58020584999986,0.018391628235140237,13.027330926299648
Defect_L12_B187_el5515_H4_W4.npy,-272.4774,4743.31677,-2059.5596,82.87253929999997,-0.1036634979716462,21.39386600904301
Defect_L12_B188_el5519_H4_W4.npy,-271.61589999999995,4775.04593,-443.06002710000007,80.67956290000006,0.02159021817231529,11.986555076750628
Defect_L12_B189_el5523_H4_W4.npy,-271.9147,4774.8498899999995,-441.83464849999973,82.17991939999979,0.003816819683248951,11.960681366641738
Defect_L12_B18_el467_H4_W4.npy,-272.1539,4775.468580000001,-445.54490039999996,90.22255997000025,-0.003227491608816435,12.171515120022434
Defect_L12_B190_el5527_H4_W4.npy,-272.23010000000005,4777.30648,-449.2872685399998,92.0215790000002,0.00990036305654548,12.202097078737395
Defect_L12_B191_el5531_H4_W4.npy,-272.5566,4780.83652,-447.28442940000014,100.42426820000014,0.0109225885008178,12.211312981507897
Defect_L12_B192_el5535_H4_W4.npy,-272.8131,4783.72685,-436.7047556,115.71530000000007,0.010297794502656232,12.006168279399466
Defect_L12_B193_el5539_H4_W4.npy,-272.99010000000004,4785.8551,-410.8281810000001,197.51843999999983,0.0138295485658089,11.487389710150152
Defect_L12_B194_el5827_H4_W4.npy,-271.87300000000005,4774.61451,-413.2122370000002,181.13583999999992,0.012122409120846776,11.390664510226221
Defect_L12_B195_el5831_H4_W4.npy,-271.8368,4774.09376,-436.0327156999999,108.15348599999993,0.004299456878101465,11.888218748563357
Defect_L12_B196_el5835_H4_W4.npy,-271.825,4773.12255,-445.4573845,97.21590219999985,0.0020113678629746635,12.102882707427435
Defect_L12_B197_el5839_H4_W4.npy,-272.2348,4770.95007,-453.08679000000006,95.77798930000017,0.003598444626436775,12.311990535521495
Defect_L12_B198_el5843_H4_W4.npy,-276.88300000000004,4765.15985,-459.1282329750002,96.09448660000021,0.004353325074983188,12.481834619333878
Defect_L12_B199_el5847_H4_W4.npy,-268.2714,4791.17742,-458.5012672099999,92.32335670000043,0.004211025687814547,12.424606441192775
Defect_L12_B19_el471_H4_W4.npy,-272.158,4775.479689999999,-442.85383360000014,89.23964349999983,-0.00454027459328722,12.090939896889665
Defect_L12_B1_el115_H4_W4.npy,-272.1564,4775.41698,-487.71063299999946,218.0654500000005,0.025419011800193445,13.934517548079166
Defect_L12_B200_el5851_H4_W4.npy,-273.2753,4763.218150000001,-448.15428770000017,84.66235644000017,0.004947114520951216,12.097589073013003
Defect_L12_B201_el5855_H4_W4.npy,-271.8709,4777.094700000001,-439.09668449000014,82.6038731000001,-0.006003924154885418,11.81365309603888
Defect_L12_B202_el5859_H4_W4.npy,-271.8868,4776.35394,-437.6278030999997,84.05374289999963,-0.010720717435492758,11.776023087171342
Defect_L12_B203_el5863_H4_W4.npy,-272.0649,4776.28562,-443.0455274000003,87.71407169999975,-0.0040304256540741375,11.953554898999352
Defect_L12_B204_el5867_H4_W4.npy,-272.236,4776.85847,-447.6711874,96.60553079999977,0.004669369582364976,12.132167629857355
Defect_L12_B205_el5871_H4_W4.npy,-272.3841,4777.5952800000005,-447.45689800000014,114.69449099999974,0.01658121916229161,12.216397585110187
Defect_L12_B206_el5875_H4_W4.npy,-272.4896,4778.25988,-430.771663,201.05628000000024,0.03384778215941933,11.952946352901694
Defect_L12_B207_el6163_H4_W4.npy,-272.0464,4774.8993900000005,-409.853926,180.95377000000008,0.014615495508958236,11.290235120787196
Defect_L12_B208_el6167_H4_W4.npy,-272.03479999999996,4774.66284,-433.31918199999996,108.69752400000016,0.006734658438628296,11.800531451060584
Defect_L12_B209_el6171_H4_W4.npy,-272.0503,4774.175029999999,-443.67181959999994,98.10153790000004,0.0039582620721052494,12.033968667649859
Defect_L12_B20_el475_H4_W4.npy,-272.1641,4775.469950000001,-439.7003226999998,88.74356539999985,-0.004586448931997277,12.006097551176497
Defect_L12_B210_el6175_H4_W4.npy,-272.3823,4773.1241199999995,-451.2255754999999,96.280258,0.003452025249368185,12.226839804701926
Defect_L12_B211_el6179_H4_W4.npy,-273.9511,4770.70965,-456.5040451,96.49432450000018,0.002544353347445052,12.361816861547425
Defect_L12_B212_el6183_H4_W4.npy,-270.31829999999997,4783.6409699999995,-458.79851470000017,94.77392209999971,0.001461389750107702,12.395428102630278
Defect_L12_B213_el6187_H4_W4.npy,-273.1269,4770.1830899999995,-456.73735139999985,91.87603560000002,0.0002766720039080686,12.303003879609918
Defect_L12_B214_el6191_H4_W4.npy,-272.0172,4776.728660000001,-454.16504180000015,90.07392869999967,-0.004818126935899976,12.207274584724798
Defect_L12_B215_el6195_H4_W4.npy,-271.98479999999995,4776.3556,-454.82309919999966,90.81097269999987,-0.006467772376387625,12.227997771547669
Defect_L12_B216_el6199_H4_W4.npy,-272.0786,4775.9483,-458.6832820999998,94.55725886000027,-0.001054284883617733,12.359695130199427
Defect_L12_B217_el6203_H4_W4.npy,-272.1663,4775.9115,-462.03787150000016,101.67651429999978,0.0073164431968293555,12.498704796004127
Defect_L12_B218_el6207_H4_W4.npy,-272.2404,4776.000319999999,-461.0940619999999,118.52282200000036,0.018730390967099643,12.55763472272151
Defect_L12_B219_el6211_H4_W4.npy,-272.2852,4776.050109999999,-443.4133499999998,204.97812000000022,0.035740872383173056,12.251069193784206
Defect_L12_B21_el479_H4_W4.npy,-272.1635,4775.4501199999995,-435.91634999999997,88.37162749999993,-0.003935455023792074,11.909165571784635
Defect_L12_B22_el483_H4_W4.npy,-272.16270000000003,4775.4396799999995,-431.53371200000015,88.23393220000003,-0.00244376565682062,11.798318847638653
Defect_L12_B23_el487_H4_W4.npy,-272.1612,4775.41905,-426.55831969999986,88.75701650000019,0.00022070845019679075,11.675695299149421
Defect_L12_B24_el491_H4_W4.npy,-272.1591,4775.40814,-420.63676780000014,91.61898399999995,0.004529610286888195,11.540171323939658
Defect_L12_B25_el495_H4_W4.npy,-272.1579,4775.387070000001,-411.9055152000001,103.2964470999998,0.010761376300666411,11.359056546973386
Defect_L12_B26_el499_H4_W4.npy,-272.15740000000005,4775.37657,-389.839436,172.0002800000002,0.021407187310249477,10.874601742907181
Defect_L12_B27_el787_H4_W4.npy,-272.15009999999995,4775.40457,-413.1944510000001,182.00680999999986,0.030442216812436064,11.521560410711688
Defect_L12_B28_el791_H4_W4.npy,-272.1507,4775.425560000001,-431.23613950000026,109.35000899999977,0.015292959259891319,11.895202596243257
Defect_L12_B29_el795_H4_W4.npy,-272.1505,4775.45622,-433.3430916,91.12994719999983,0.004623258946735567,11.886594152608085
Defect_L12_B2_el119_H4_W4.npy,-272.1559,4775.42724,-510.5080979999998,132.08295850000013,0.01424773551841259,14.17715291869265
Defect_L12_B30_el799_H4_W4.npy,-272.15479999999997,4775.46702,-432.2957772999998,85.20835169999987,-0.0029178833380367505,11.82024088241143
Defect_L12_B31_el803_H4_W4.npy,-272.15029999999996,4775.47884,-430.87656719000006,83.15621957000008,-0.007149771808164555,11.762065458818606
Defect_L12_B32_el807_H4_W4.npy,-272.15709999999996,4775.510740000001,-430.0616043299999,82.69979781999973,-0.008697922361985709,11.732319587175754
Defect_L12_B33_el811_H4_W4.npy,-272.1676,4775.49125,-429.77213556000015,83.01112420000004,-0.008449452108169693,11.727316429845738
Defect_L12_B34_el815_H4_W4.npy,-272.1672,4775.4716100000005,-429.2789953900001,83.7594663299999,-0.007245372746671363,11.724192466171472
Defect_L12_B35_el819_H4_W4.npy,-272.1653,4775.451059999999,-428.3119015100001,84.86412197000004,-0.004950127562681158,11.71194140079374
Defect_L12_B36_el823_H4_W4.npy,-272.1631,4775.42019,-426.835996,86.75562420000006,-0.0012074612042112804,11.690228562491033
Defect_L12_B37_el827_H4_W4.npy,-272.1605,4775.398789999999,-424.4019937999999,91.20604950000006,0.004405247438313147,11.655481042727466
Defect_L12_B38_el831_H4_W4.npy,-272.15790000000004,4775.35696,-419.0214841999998,105.54127999999992,0.011959329905743724,11.56706541228022
Defect_L12_B39_el835_H4_W4.npy,-272.15680000000003,4775.33607,-399.203176,177.02874999999995,0.023926902407661113,11.146208347285691
Defect_L12_B3_el123_H4_W4.npy,-272.15619999999996,4775.43747,-509.89685699999995,118.94589680000036,0.00913096765402305,14.053935075687056
Defect_L12_B40_el1123_H4_W4.npy,-272.1455,4775.403,-410.4581889999997,180.0694800000001,0.03158779921782323,11.44988120269717
Defect_L12_B41_el1127_H4_W4.npy,-272.1456,4775.434499999999,-427.78701509999996,108.20911900000033,0.016076812037124723,11.797283226486213
Defect_L12_B42_el1131_H4_W4.npy,-272.1463,4775.4654,-428.82630489999997,88.83030929999995,0.003842898805664641,11.75704303903753
Defect_L12_B43_el1135_H4_W4.npy,-272.1562,4775.476549999999,-426.86173605,82.3584945,-0.00515629990575226,11.662778422714323
Defect_L12_B44_el1139_H4_W4.npy,-272.1447,4775.48935,-425.030436,80.44487580999998,-0.010303476049462244,11.592034828215219
Defect_L12_B45_el1143_H4_W4.npy,-272.157,4775.55239,-424.90517120000004,80.15367336999998,-0.0118524610527119,11.58194319924804
Defect_L12_B46_el1147_H4_W4.npy,-272.1738,4775.5130500000005,-426.38865069999997,81.24806834000015,-0.01108140529009629,11.629076506594926
Defect_L12_B47_el1151_H4_W4.npy,-272.1735,4775.48362,-427.9364875000001,83.00475680000022,-0.00936194932688174,11.686657659015477
Defect_L12_B48_el1155_H4_W4.npy,-272.1681,4775.4425599999995,-428.73517949999996,84.93487349999987,-0.006397168084565784,11.726595444190327
Defect_L12_B49_el1159_H4_W4.npy,-272.1652,4775.4212800000005,-428.7981782559998,87.37788,-0.001895285212586931,11.747702167876456
Defect_L12_B4_el127_H4_W4.npy,-272.15680000000003,4775.43787,-503.2892360000003,114.69712523999942,0.005379612048751624,13.867958892608875
Defect_L12_B50_el1163_H4_W4.npy,-272.16200000000003,4775.37924,-427.7891637,92.2619244,0.004610963724293493,11.750992890651606
Defect_L12_B51_el1167_H4_W4.npy,-272.15700000000004,4775.3265,-423.72605880000015,106.81499000000008,0.013295389625628672,11.696832197096912
Defect_L12_B52_el1171_H4_W4.npy,-272.15529999999995,4775.30521,-404.5920629999998,179.92775999999958,0.025796209255184867,11.298093527124339
Defect_L12_B53_el1459_H4_W4.npy,-272.1405,4775.41159,-409.16460400000005,179.18838000000005,0.032222510340832254,11.443637009912115
Defect_L12_B54_el1463_H4_W4.npy,-272.14,4775.44345,-425.9826528000001,107.82799000000023,0.016538494778023584,11.7716963572801
Defect_L12_B55_el1467_H4_W4.npy,-272.1417,4775.48444,-426.24771039999996,87.67445259999977,0.0032494265205776167,11.708468185395983
Defect_L12_B56_el1471_H4_W4.npy,-272.16020000000003,4775.48586,-423.27974356999994,80.97986979999996,-0.0069008876577323205,11.584670245759284
Defect_L12_B57_el1475_H4_W4.npy,-272.13800000000003,4775.48,-420.55175440000016,78.22386319999987,-0.013037959121734036,11.488377836505206
Defect_L12_B58_el1479_H4_W4.npy,-272.1592,4775.5948100000005,-420.84427259999984,78.04300199999989,-0.014399935462230258,11.491971312470838
Defect_L12_B59_el1483_H4_W4.npy,-272.184,4775.52559,-424.43847860000005,80.42053840000017,-0.012365849234322155,11.603642378602254
Defect_L12_B5_el131_H4_W4.npy,-272.15610000000004,4775.44831,-494.79930000000013,112.0201963000004,0.0027907713127813534,13.649044184260463
Defect_L12_B60_el1487_H4_W4.npy,-272.1837,4775.4866999999995,-428.37720379999996,83.75478319999979,-0.00974368974240548,11.734752572335132
Defect_L12_B61_el1491_H4_W4.npy,-272.1712,4775.434450000001,-430.3877222000003,86.46152649999976,-0.006257018313901402,11.812001764306563
Defect_L12_B62_el1495_H4_W4.npy,-272.1653,4775.402249999999,-430.7492851899999,88.88613130000022,-0.001294023347067539,11.838221553568697
Defect_L12_B63_el1499_H4_W4.npy,-272.16060000000004,4775.3494,-429.8230871999999,93.56452450000029,0.005163012833472439,11.83904926336842
Defect_L12_B64_el1503_H4_W4.npy,-272.15409999999997,4775.29573,-425.8970382000002,107.80969100000016,0.01404816859951168,11.784359255226443
Defect_L12_B65_el1507_H4_W4.npy,-272.15169999999995,4775.25378,-406.622756,181.26170000000002,0.026065367547709894,11.38742329096584
Defect_L12_B66_el1795_H4_W4.npy,-272.1379,4775.4312,-404.46808699999997,181.20726000000013,0.029852205033129853,11.329649818712012
Defect_L12_B67_el1799_H4_W4.npy,-272.13579999999996,4775.462930000001,-421.4165981999997,106.78465899999969,0.01524495967493373,11.654485047401336
Defect_L12_B68_el1803_H4_W4.npy,-272.1382,4775.51364,-421.6414360000001,88.31766299999981,0.0025487018072562393,11.58705311475375
Defect_L12_B69_el1807_H4_W4.npy,-272.169,4775.49483,-417.97985629999994,81.76963870000009,-0.007329398761323648,11.44029688354407
Defect_L12_B6_el135_H4_W4.npy,-272.1589,4775.44882,-485.55622900000003,109.67188239999996,0.0008960746447923539,13.4088467607253
Defect_L12_B70_el1811_H4_W4.npy,-272.13030000000003,4775.44047,-413.63192709999976,77.89480150000009,-0.014256925070979077,11.29700597290898
Defect_L12_B71_el1815_H4_W4.npy,-272.16220000000004,4775.64775,-413.7188427000001,77.2150153,-0.015237198858383538,11.300927151115756
Defect_L12_B72_el1819_H4_W4.npy,-272.1961,4775.50813,-420.2277200000001,81.76177210000014,-0.01070029802338981,11.506080868039632
Defect_L12_B73_el1823_H4_W4.npy,-272.1951,4775.47994,-428.0213704,87.90278139999987,-0.0075110264727587936,11.755618763122213
Defect_L12_B74_el1827_H4_W4.npy,-272.1706,4775.40533,-430.7833578999998,91.18021450000015,-0.004547185955802323,11.85512287040813
Defect_L12_B75_el1831_H4_W4.npy,-272.1624,4775.37199,-429.8001715999999,92.56404240000029,-0.0005962669940187726,11.83239744007215
Defect_L12_B76_el1835_H4_W4.npy,-272.1558,4775.31849,-427.87941822000016,96.27604000000042,0.004394047509696681,11.795874192050494
Defect_L12_B77_el1839_H4_W4.npy,-272.1475,4775.264120000001,-423.4810806999999,109.73979799999984,0.012366544539377165,11.722950803085606
Defect_L12_B78_el1843_H4_W4.npy,-272.1442,4775.23176,-403.6496910000001,184.92428999999993,0.023531559286657396,11.302500046228822
Defect_L12_B79_el2131_H4_W4.npy,-272.138,4775.45239,-397.98635600000034,176.76211999999987,0.019707152365398516,11.175337108416679
Defect_L12_B7_el139_H4_W4.npy,-272.1608,4775.43877,-475.81162800000016,107.40924210000026,-0.0005651107722378549,13.151208565002515
Defect_L12_B80_el2135_H4_W4.npy,-272.1329,4775.512820000001,-419.1681831000001,105.63196700000003,0.011228736808415676,11.61882129048965
Defect_L12_B81_el2139_H4_W4.npy,-272.1331,4775.5725,-424.15158083000006,90.9083834999999,0.004232467054691808,11.683339795304759
Defect_L12_B82_el2143_H4_W4.npy,-272.1876,4775.53281,-423.37933169999997,85.53839099999982,-0.001557464667091413,11.608077895234207
Defect_L12_B83_el2147_H4_W4.npy,-272.11780000000005,4775.37067,-417.2796321000003,78.84107670000003,-0.008611913115400383,11.406507279358316
Defect_L12_B84_el2151_H4_W4.npy,-272.171,4775.74302,-414.5044697999999,76.44710659999964,-0.006714535734069804,11.351846399622055
Defect_L12_B85_el2155_H4_W4.npy,-272.2082,4775.481220000001,-423.9214485,80.90529489999994,0.004077790714246041,11.66604240511518
Defect_L12_B86_el2159_H4_W4.npy,-272.21049999999997,4775.4741,-438.81840334000003,92.46205000000009,0.004526825298949648,12.118582686468743
Defect_L12_B87_el2163_H4_W4.npy,-272.16060000000004,4775.35378,-439.5733566000001,94.5303535000005,0.0003841328248094607,12.135893391989006
Defect_L12_B88_el2167_H4_W4.npy,-272.14860000000004,4775.31924,-432.21353610000006,92.53898570000047,-0.0012562347041165393,11.894930008271375
Defect_L12_B89_el2171_H4_W4.npy,-272.1431,4775.27565,-426.91485377000004,94.97341799999981,-0.0007211597473328237,11.753708115404445
Defect_L12_B8_el143_H4_W4.npy,-272.161,4775.42888,-465.4335410000001,105.14281830000004,-0.001752427735605202,12.87064995218209
Defect_L12_B90_el2175_H4_W4.npy,-272.1349,4775.230689999999,-421.01681069999995,107.97216100000037,0.004869238320119414,11.637589552823938
Defect_L12_B91_el2179_H4_W4.npy,-272.12960000000004,4775.187809999999,-400.579919,183.00701000000026,0.014100084572373085,11.203563069722186
Defect_L12_B92_el2467_H4_W4.npy,-272.1331,4775.48401,-359.345967,163.26829999999973,-0.03304393090240319,10.175252445049829
Defect_L12_B93_el2471_H4_W4.npy,-272.1225,4775.59028,-393.4234675,105.47660499999984,-0.018349982834003683,11.047803947992147
Defect_L12_B94_el2475_H4_W4.npy,-272.1269,4775.74613,-420.86641106,109.96861630000035,0.011401391242594506,11.794413922739599
Defect_L12_B95_el2479_H4_W4.npy,-272.2264,4775.755480000001,-452.6261721000001,116.6628955999995,0.05564935186818288,12.653834280725368
Defect_L12_B96_el2499_H4_W4.npy,-272.1013,4775.26667,-451.0009888000004,90.9892519999994,0.014912553005020963,12.407276566676549
Defect_L12_B97_el2503_H4_W4.npy,-272.11690000000004,4775.3198,-415.49793520000003,89.43176799999992,-0.011122764031215695,11.284793152570229
Defect_L12_B98_el2507_H4_W4.npy,-272.1248,4775.301270000001,-400.23138184000004,85.10973549999972,-0.028155124867200464,10.899108996708025
Defect_L12_B99_el2511_H4_W4.npy,-272.121,4775.23787,-393.1755037999999,94.75229600000011,-0.03166376048077089,10.77467018789936
Defect_L12_B9_el147_H4_W4.npy,-272.16020000000003,4775.4185800000005,-454.15955800000006,102.79776360000005,-0.0028301970980701002,12.556934793924558
Defect_L13_B100_el2515_H4_W4.npy,-272.12629999999996,4775.25967,-440.3117689999999,196.02148000000034,-0.023730066188998478,12.03477808102529
Defect_L13_B101_el2803_H4_W4.npy,-272.1496,4775.48472,-327.81845420000013,154.3393799999999,-0.12866713814340183,9.048333787921486
Defect_L13_B102_el2807_H4_W4.npy,-272.13820000000004,4775.573960000001,-325.7755055,89.13115800000014,-0.14132634833653912,8.930562681606387
Defect_L13_B103_el2811_H4_W4.npy,-272.1321,4775.68054,-298.4629032199998,78.59267380000006,-0.1448625370302354,8.317428079763692
Defect_L13_B104_el2815_H4_W4.npy,-272.18319999999994,4775.7572,-271.0346352,77.98410960000001,-0.10359909850293351,7.593938205076297
Defect_L13_B105_el2835_H4_W4.npy,-272.023,4775.5878999999995,-1983.5675999999999,104.78505900000027,0.020701802888365924,17.937794549834805
Defect_L13_B106_el2839_H4_W4.npy,-272.1012,4775.6392,-2051.6457,77.16844300000002,-0.21329428102478856,18.887289812956855
Defect_L13_B107_el2843_H4_W4.npy,-272.1436,4775.53882,-2054.6592,72.88298680000025,-0.2697307342283545,19.410088419199607
Defect_L13_B108_el2847_H4_W4.npy,-272.1493,4775.4202000000005,-2055.406,88.57428500000015,-0.27361897561530235,19.789072074471306
Defect_L13_B109_el2851_H4_W4.npy,-272.1404,4775.30486,-352.82972330000007,161.1451999999997,-0.1152230398235339,9.668001550901481
Defect_L13_B10_el151_H4_W4.npy,-272.1596,4775.40824,-494.67499799999996,103.76919799999996,-0.0034566680431208953,13.386500386024409
Defect_L13_B110_el3139_H4_W4.npy,-272.1475,4775.59561,-387.30345899999975,169.94257000000016,-0.08207739337570091,10.53970241335181
Defect_L13_B111_el3143_H4_W4.npy,-272.1585,4775.606360000001,-389.8534940000002,92.97705800000017,-0.08047367524624162,10.493532034645186
Defect_L13_B112_el3147_H4_W4.npy,-272.1685,4775.457359999999,-375.5229866000002,97.26580189999981,-0.045046072417912086,10.214987697761664
Defect_L13_B113_el3151_H4_W4.npy,-272.27520000000004,4774.87282,-362.14332463000005,118.92897908999998,0.07141558721608754,10.168054356609582
Defect_L13_B114_el3171_H4_W4.npy,-272.4028,4774.72536,-491.17865889999985,154.62147249999998,0.4166035799180308,13.933236124980755
Defect_L13_B115_el3175_H4_W4.npy,-272.2108,4774.6614,-402.40010024000003,117.24283820000028,0.08290424984304247,11.643836543151375
Defect_L13_B116_el3179_H4_W4.npy,-272.1571,4774.86909,-377.28215552999995,100.0974842999999,-0.058859837502903085,10.637037133982092
Defect_L13_B117_el3183_H4_W4.npy,-272.15130000000005,4775.07331,-369.4452255000001,99.2399039999998,-0.10431060920667164,10.18934908801506
Defect_L13_B118_el3187_H4_W4.npy,-272.1556,4775.18355,-350.3427069999998,166.62411999999995,-0.11274670156351357,9.693636715733117
Defect_L13_B119_el3475_H4_W4.npy,-272.1496,4775.935549999999,-449.3892430000001,197.60229000000004,-0.01119195803242102,12.277741905365728
Defect_L13_B11_el155_H4_W4.npy,-272.15799999999996,4775.40769,-480.52892199999997,101.47969219999959,-0.0016487712382222599,12.980969532715159
Defect_L13_B120_el3479_H4_W4.npy,-272.12919999999997,4775.98412,-471.4337492999998,112.32431300000007,-0.017188650220550307,12.683036573069527
Defect_L13_B121_el3483_H4_W4.npy,-272.1175,4775.96732,-480.59613631,104.97589820000007,-0.01274666610666745,12.867949264518524
Defect_L13_B122_el3487_H4_W4.npy,-272.3426,4775.61566,-490.7285105000001,105.06741800000009,-0.0005156252776652168,13.139993649539731
Defect_L13_B123_el3491_H4_W4.npy,-272.5147,4774.10712,-507.4221420000001,101.57674000000043,0.004827153587168594,13.6801986117525
Defect_L13_B124_el3495_H4_W4.npy,-271.9411,4776.65869,-528.3382555999999,100.34153620000006,0.0296168575332896,14.211646119036132
Defect_L13_B125_el3499_H4_W4.npy,-272.3309,4774.68516,-522.9633937899998,96.21128739999995,0.07004035368710362,14.243765888207902
Defect_L13_B126_el3503_H4_W4.npy,-272.1052,4773.95614,-530.1421232,101.25411650000024,0.04807202077089486,14.37800440326184
Defect_L13_B127_el3507_H4_W4.npy,-272.0677,4774.7054800000005,-530.3658719,110.28297670000006,0.02457918271516884,14.479354297299093
Defect_L13_B128_el3511_H4_W4.npy,-272.0861,4774.76509,-517.6180563000003,113.8219780999998,0.03024514718558202,14.054940922438464
Defect_L13_B129_el3515_H4_W4.npy,-272.10760000000005,4774.913549999999,-495.2322965999997,110.68747320000011,0.003368070046303107,13.414305172892062
Defect_L13_B12_el159_H4_W4.npy,-272.1573,4775.39712,-464.52718000000027,105.02845200000002,0.005264642057020403,12.531435894541751
Defect_L13_B130_el3519_H4_W4.npy,-272.1263,4775.11816,-470.9191942,115.55468599999995,-0.018440928559161657,12.764124678781469
Defect_L13_B131_el3523_H4_W4.npy,-272.1413,4775.26296,-435.45823100000007,196.59424000000035,-0.02714904926035046,11.94946992365956
Defect_L13_B132_el3811_H4_W4.npy,-272.1749,4776.64026,-425.26149199999986,184.69209999999975,-0.03672194816169908,11.690177440689553
Defect_L13_B133_el3815_H4_W4.npy,-272.1069,4776.56053,-462.8368426000002,111.2162593999999,-0.024621986748105593,12.571581381886423
Defect_L13_B134_el3819_H4_W4.npy,-272.0562,4776.446870000001,-490.3640065000002,113.21640849999972,-0.0015438273672137178,13.28242817939985
Defect_L13_B135_el3823_H4_W4.npy,-272.38829999999996,4775.9953,-514.2105326000003,115.37146199999961,0.022988377428768827,13.904384144541071
Defect_L13_B136_el3827_H4_W4.npy,-273.7442,4773.25846,-527.1570200000001,109.17721440000014,0.03226608992959505,14.237537268792428
Defect_L13_B137_el3831_H4_W4.npy,-271.87280000000004,4777.480549999999,-536.29467729,100.30321523800012,0.06999306735730813,14.502531945403183
Defect_L13_B138_el3835_H4_W4.npy,-271.95410000000004,4773.302280000001,-534.5934612619999,98.3923149999996,0.09987371802552568,14.570140525943925
Defect_L13_B139_el3839_H4_W4.npy,-271.9617,4772.80878,-543.1447362000001,105.08343710000054,0.054341147754323554,14.706977690763955
Defect_L13_B13_el163_H4_W4.npy,-272.1574,4775.39685,-438.8389709999999,178.41086000000018,0.0315864998097048,12.01332188694758
Defect_L13_B140_el3843_H4_W4.npy,-271.8927,4773.9718299999995,-528.2368966999995,102.39293700000007,0.00247563102833697,14.321113571169668
Defect_L13_B141_el3847_H4_W4.npy,-271.99580000000003,4774.70442,-501.3896158,107.09266710000065,-0.0022386596681005797,13.416494366473456
Defect_L13_B142_el3851_H4_W4.npy,-272.0553,4775.07265,-482.85066727000003,105.7549333999998,-0.019470772140954686,12.9180229164389
Defect_L13_B143_el3855_H4_W4.npy,-272.0799,4775.26737,-468.5292693000001,112.29521899999986,-0.027697842364308417,12.591694188054758
Defect_L13_B144_el3859_H4_W4.npy,-272.0837,4775.41272,-443.34684000000016,197.20634000000018,-0.025153878759828892,12.100273868361784
Defect_L13_B145_el4147_H4_W4.npy,-272.1871,4777.74265,-287.26206360000015,129.77826000000005,-0.1338773836353265,8.13147171518674
Defect_L13_B146_el4151_H4_W4.npy,-271.9062,4776.622020000001,-320.87187489999985,99.46686470000009,-0.09026922807087992,9.229557831850192
Defect_L13_B147_el4155_H4_W4.npy,-271.5406,4774.87055,-350.68537819999995,120.67333469999994,0.011889863646607877,10.497056418471127
Defect_L13_B148_el4159_H4_W4.npy,-271.645,4772.79574,-401.1122813999998,147.25940300000002,0.208396223358665,12.349044258992713
Defect_L13_B149_el4179_H4_W4.npy,-271.6312,4775.22992,-423.5580256800001,152.43242200000032,0.5270181663804836,11.841723688303421
Defect_L13_B14_el451_H4_W4.npy,-272.156,4775.39668,-492.1704139999997,220.01958000000013,0.027952123726811197,13.466519634431123
Defect_L13_B150_el4183_H4_W4.npy,-272.0494,4776.20323,-348.8068283,139.12148191999995,0.17045609958720337,10.066447567661056
Defect_L13_B151_el4187_H4_W4.npy,-272.11990000000003,4775.8831199999995,-340.60201410000013,111.27792679999993,-0.012224040642570155,9.55829200295909
Defect_L13_B152_el4191_H4_W4.npy,-272.12510000000003,4775.78349,-349.37600699999984,94.0669233000001,-0.09304788551007066,9.507847146996939
Defect_L13_B153_el4195_H4_W4.npy,-272.105,4775.81606,-347.2597059999996,147.7858000000001,-0.11997292425481246,9.457383020542263
Defect_L13_B154_el4483_H4_W4.npy,-272.7301,4780.79838,-165.3889666,81.47392000000002,-0.1593178207588131,4.600773615380107
Defect_L13_B155_el4487_H4_W4.npy,-272.4686,4779.13613,-159.70745830000004,46.71982800000001,-0.1484936391501985,4.4614764078932625
Defect_L13_B156_el4491_H4_W4.npy,-271.96569999999997,4776.704159999999,-137.11165440000002,40.147812199999976,-0.12295617759398726,3.9797022661284496
Defect_L13_B157_el4495_H4_W4.npy,-271.4177,4773.94502,-107.18584659999999,41.61917340000002,-0.0746585253683467,3.2682926656253266
Defect_L13_B158_el4515_H4_W4.npy,-272.2877,4776.601720000001,-146.83419999999995,38.65392,0.038838022882736196,2.330605847565498
Defect_L13_B159_el4519_H4_W4.npy,-272.1287,4775.51342,-142.4045,44.553012199999955,-0.047808263656573244,3.054198437722312
Defect_L13_B15_el455_H4_W4.npy,-272.1548,4775.41701,-513.506723,126.03745800000024,0.011955366991732734,13.870047318954546
Defect_L13_B160_el4523_H4_W4.npy,-272.1541,4775.73171,-119.71122050000002,44.30435929999999,-0.10548468003830883,3.7648242153994036
Defect_L13_B161_el4527_H4_W4.npy,-272.19829999999996,4776.26041,-165.6704896000001,47.67002419999994,-0.14843812759837974,4.669434326725302
Defect_L13_B162_el4531_H4_W4.npy,-272.22170000000006,4776.65307,-189.05426870000008,89.80719999999997,-0.16933934381022836,5.223415853741451
Defect_L13_B163_el4819_H4_W4.npy,-272.58389999999997,4793.3215199999995,-230.78123540000024,104.1549500000001,-0.16031103848670364,6.348616417958938
Defect_L13_B164_el4823_H4_W4.npy,-272.2346,4795.19763,-210.62973620000014,63.29779139999994,-0.12722268764369254,5.9306275973564375
Defect_L13_B165_el4827_H4_W4.npy,-270.6221,4801.6041,-169.33016099999998,65.23164900000006,-0.05744669183484664,5.276454825582387
Defect_L13_B166_el4831_H4_W4.npy,-265.3096,4816.2258999999995,-127.73457080000003,80.92653559999997,0.060607887831220814,4.671739749893382
Defect_L13_B167_el4851_H4_W4.npy,-272.461,4784.97142,-138.5285085999999,68.03115400000002,0.06208169127924982,4.170979660251405
Defect_L13_B168_el4855_H4_W4.npy,-272.47069999999997,4786.00864,-168.88012593000002,80.16080430000011,-0.01364936495190423,5.374684195884267
Defect_L13_B169_el4859_H4_W4.npy,-272.45660000000004,4783.4885,-189.63919318000012,66.61443599999996,-0.08914627000717401,5.628715396548565
Defect_L13_B16_el459_H4_W4.npy,-272.1535,4775.43701,-516.6194124000001,108.01186999999982,0.003010466196907183,13.877692139409358
Defect_L13_B170_el4863_H4_W4.npy,-272.4462,4781.644829999999,-196.5308124999999,62.26992439999992,-0.13180702820246754,5.671717502714877
Defect_L13_B171_el4867_H4_W4.npy,-272.4548,4780.68051,-190.82465790000003,98.53838000000007,-0.15123659906649023,5.469780520589531
Defect_L13_B172_el5155_H4_W4.npy,-271.27819999999997,4790.18456,-396.150218,168.9285299999999,-0.07869497337289989,10.756727812515848
Defect_L13_B173_el5159_H4_W4.npy,-271.30280000000005,4788.189490000001,-411.9591792000001,97.41569699999991,-0.06439355347595832,11.050235311920247
Defect_L13_B174_el5163_H4_W4.npy,-271.3498,4782.63784,-423.7152278850001,106.12313089999975,-0.01989006258178259,11.361088583582822
Defect_L13_B175_el5167_H4_W4.npy,-272.0686,4767.5764500000005,-456.3996072,120.23044989999971,0.06302064521316801,12.206777394260927
Defect_L13_B176_el5187_H4_W4.npy,-274.93149999999997,4838.39549,-614.4856839799997,161.2189970000004,0.33752855911412255,16.73705241735905
Defect_L13_B177_el5191_H4_W4.npy,-273.866,4811.18551,-505.2071727000002,150.2189073999998,0.17137972908639468,14.19289176996873
Defect_L13_B178_el5195_H4_W4.npy,-273.4913,4800.69885,-439.4632315199999,127.3256359999998,0.036618148587254325,12.380901230165996
Defect_L13_B179_el5199_H4_W4.npy,-273.3178,4795.081679999999,-395.29888010000013,112.05779099999995,-0.04760889766964057,11.055758655293053
Defect_L13_B17_el463_H4_W4.npy,-272.15409999999997,4775.4472,-515.3096284000003,101.93352000000004,-0.002777427795558662,13.803319852497632
Defect_L13_B180_el5203_H4_W4.npy,-273.2583,4792.28795,-351.9865,165.76774999999998,-0.09043868429641928,9.891250432015234
Defect_L13_B181_el5491_H4_W4.npy,-271.503,4776.03014,-467.0713400000002,203.74818000000005,-0.0015635769145329187,12.67982777675414
Defect_L13_B182_el5495_H4_W4.npy,-271.43809999999996,4774.69831,-491.18362160000015,118.17405000000008,-0.011454873971165597,13.138339107111152
Defect_L13_B183_el5499_H4_W4.npy,-271.3452,4772.12919,-502.0866171299997,104.28209509999965,-0.012260967970599388,13.372911289328439
Defect_L13_B184_el5503_H4_W4.npy,-271.4061,4767.3037699999995,-514.7156147000001,103.73548200000005,-0.005895272097790351,13.72194317654088
Defect_L13_B185_el5507_H4_W4.npy,-282.3193,4753.964120000001,-532.2872426000004,105.56184329999996,0.0063923082976609195,14.268443552595599
Defect_L13_B186_el5511_H4_W4.npy,-265.5474,4786.26203,-542.2137809000001,101.2636636000002,0.011453670216018718,14.501045025104009
Defect_L13_B187_el5515_H4_W4.npy,-272.37559999999996,4745.72716,-2059.5715,97.4681635999998,-0.1107105800314068,22.398057673610406
Defect_L13_B188_el5519_H4_W4.npy,-272.08979999999997,4776.252149999999,-517.4855743999999,98.32073019999984,0.025206585836687324,13.756258895627113
Defect_L13_B189_el5523_H4_W4.npy,-272.38989999999995,4778.8125,-511.87387629999967,99.21404460000008,0.010666751358793055,13.636586525326488
Defect_L13_B18_el467_H4_W4.npy,-272.1517,4775.45752,-512.3651772000001,99.09301399999958,-0.0059994975872615436,13.7048553286789
Defect_L13_B190_el5527_H4_W4.npy,-272.5955,4781.229109999999,-513.3786532999998,104.16149999999993,0.007376756633976314,13.683924849832524
Defect_L13_B191_el5531_H4_W4.npy,-272.8382,4784.10429,-507.46879294199994,105.22575850000044,0.0032473056519882826,13.571888227802313
Defect_L13_B192_el5535_H4_W4.npy,-273.0401,4786.34475,-494.5045683999999,118.43982699999992,0.0009502147337942138,13.303922825950787
Defect_L13_B193_el5539_H4_W4.npy,-273.1934,4788.01447,-465.84602100000006,208.9190600000004,0.005888917872041458,12.746172205884802
Defect_L13_B194_el5827_H4_W4.npy,-271.90790000000004,4774.63442,-476.26924800000006,210.44777000000022,0.01754385556295179,12.941742846508502
Defect_L13_B195_el5831_H4_W4.npy,-271.87519999999995,4774.294250000001,-499.9182501,122.38477299999977,0.0048577199037499,13.389242501216547
Defect_L13_B196_el5835_H4_W4.npy,-271.8528,4773.54354,-508.26909679999994,105.78973899999983,-0.0007712377017215995,13.554961154065095
Defect_L13_B197_el5839_H4_W4.npy,-272.1444,4771.759459999999,-514.5957967899999,100.76244199999974,-0.0020654250483661367,13.716377198376355
Defect_L13_B198_el5843_H4_W4.npy,-275.8986,4766.77103,-520.1130394000002,100.90027848,-0.002600541081345965,13.86471562212494
Defect_L13_B199_el5847_H4_W4.npy,-269.26520000000005,4786.26524,-521.4093163,97.62561800000003,-0.003118899289175045,13.855761451070267
Defect_L13_B19_el471_H4_W4.npy,-272.1551,4775.46824,-508.74549,97.44246299999986,-0.007382836366798487,13.600043277866936
Defect_L13_B1_el115_H4_W4.npy,-272.1567,4775.40724,-553.0438529999997,240.72405999999955,0.02482270765404389,15.458905089450354
Defect_L13_B200_el5851_H4_W4.npy,-272.8938,4764.65475,-514.3014894,97.74464239999975,-0.0015113037156580934,13.632972456882321
Defect_L13_B201_el5855_H4_W4.npy,-271.9497,4776.83352,-507.6471426000003,98.65381360000015,-0.006939543439102145,13.443012516564947
Defect_L13_B202_el5859_H4_W4.npy,-272.03860000000003,4777.119290000001,-506.1641402999999,99.78064889999996,-0.008378633264632073,13.416765032669602
Defect_L13_B203_el5863_H4_W4.npy,-272.2016,4777.3974499999995,-509.9234650000001,102.45592699999997,-0.0034656988686035265,13.537828876233233
Defect_L13_B204_el5867_H4_W4.npy,-272.35589999999996,4777.97355,-512.9113397000001,108.6099779999995,0.0031537069867396315,13.660668248857142
Defect_L13_B205_el5871_H4_W4.npy,-272.49379999999996,4778.64016,-511.2238993000003,126.65201100000036,0.01369947398915213,13.702659505851189
Defect_L13_B206_el5875_H4_W4.npy,-272.5985,4779.25071,-491.6088699999998,222.7568699999997,0.03191165215537231,13.401012498869065
Defect_L13_B207_el6163_H4_W4.npy,-272.0713,4774.953570000001,-469.8198259999999,207.9343100000001,0.01838000831798837,12.772935204501035
Defect_L13_B208_el6167_H4_W4.npy,-272.0535,4774.839889999999,-494.4271150000002,120.76852299999973,0.0069346175885095125,13.240796660568336
Defect_L13_B209_el6171_H4_W4.npy,-272.0511,4774.47954,-504.0853108000001,104.83874800000012,0.001834920266260464,13.436555878427903
Defect_L13_B20_el475_H4_W4.npy,-272.16049999999996,4775.45887,-504.77029739999966,96.29728600000021,-0.007510294952899439,13.494282643808287
Defect_L13_B210_el6175_H4_W4.npy,-272.2904,4773.60117,-510.97138140000015,100.56021299999975,-0.00047037802692740895,13.600767366285334
Defect_L13_B211_el6179_H4_W4.npy,-273.5809,4771.41839,-516.2751285000002,100.5408789999999,-0.0021838579074361583,13.730640805646448
Defect_L13_B212_el6183_H4_W4.npy,-270.8589,4781.069100000001,-519.5667746000001,100.31594600000017,-0.0037214973050192744,13.791509810564289
Defect_L13_B213_el6187_H4_W4.npy,-272.838,4770.9178999999995,-519.3614920999999,101.12983800000006,-0.004412239171498728,13.757049099759723
Defect_L13_B214_el6191_H4_W4.npy,-272.0232,4776.505279999999,-518.6724902000001,102.24049100000002,-0.007026661214065956,13.724256965711833
Defect_L13_B215_el6195_H4_W4.npy,-272.04179999999997,4776.486669999999,-520.2658684999997,103.9813370000004,-0.006725149585170338,13.77460596076924
Defect_L13_B216_el6199_H4_W4.npy,-272.1365,4776.3193,-524.0923023999999,107.03291300000001,-0.0015318354487436762,13.901601813882854
Defect_L13_B217_el6203_H4_W4.npy,-272.21909999999997,4776.35337,-527.1505102000001,113.30199200000015,0.00611958341980626,14.02852228504311
Defect_L13_B218_el6207_H4_W4.npy,-272.2913,4776.42607,-525.695923,131.33827100000053,0.01696348425374308,14.077450925905362
Defect_L13_B219_el6211_H4_W4.npy,-272.3387,4776.47371,-505.6385329999998,229.41019000000006,0.034846280073619354,13.761832226184012
Defect_L13_B21_el479_H4_W4.npy,-272.1619,4775.44978,-500.3685965999998,95.32766300000026,-0.006600693490461741,13.383028257130942
Defect_L13_B22_el483_H4_W4.npy,-272.1613,4775.439799999999,-495.6071929999998,94.60633900000016,-0.0046054922389558665,13.265431738105669
Defect_L13_B23_el487_H4_W4.npy,-272.161,4775.42942,-490.50281799999993,94.52800000000002,-0.0012713760396155225,13.14471926479271
Defect_L13_B24_el491_H4_W4.npy,-272.1599,4775.408539999999,-484.6368507000002,98.63312599999995,0.0038717763930925055,13.019380303930467
Defect_L13_B25_el495_H4_W4.npy,-272.1588,4775.38737,-475.94991000000005,114.68616799999995,0.011188407550128468,12.856242443146641
Defect_L13_B26_el499_H4_W4.npy,-272.15740000000005,4775.37684,-452.1878200000001,200.16249000000016,0.0243064375389196,12.393647616761099
Defect_L13_B27_el787_H4_W4.npy,-272.15430000000003,4775.38604,-480.30410600000005,213.82527000000027,0.030472687165227365,13.131367967900562
Defect_L13_B28_el791_H4_W4.npy,-272.1522,4775.40637,-500.14940980000006,122.07890599999973,0.012629888617678787,13.497587489507895
Defect_L13_B29_el795_H4_W4.npy,-272.1495,4775.44641,-502.3045025000001,103.85122399999977,0.001299614074213261,13.483138190964638
Defect_L13_B2_el119_H4_W4.npy,-272.15709999999996,4775.41747,-574.4085539999996,139.3065190000002,0.013318678979392583,15.601448483180398
Defect_L13_B30_el799_H4_W4.npy,-272.15250000000003,4775.45653,-501.07766765999986,97.61565299999961,-0.006542383421978523,13.412685717400262
Defect_L13_B31_el803_H4_W4.npy,-272.14750000000004,4775.46716,-499.29592674000014,94.81103589999998,-0.011028953649642483,13.34593261830415
Defect_L13_B32_el807_H4_W4.npy,-272.1522,4775.49843,-497.9408192000001,93.41674920000014,-0.012881343895425595,13.30104913433508
Defect_L13_B33_el811_H4_W4.npy,-272.1615,4775.479399999999,-497.08649379999997,92.72855709999999,-0.012913435061733373,13.278805074245726
Defect_L13_B34_el815_H4_W4.npy,-272.164,4775.47079,-496.2123084,92.36897060000001,-0.011501305608593405,13.263176858404528
Defect_L13_B35_el819_H4_W4.npy,-272.1632,4775.46112,-495.06414982,92.9287462000002,-0.008670411367786315,13.245456835084152
Defect_L13_B36_el823_H4_W4.npy,-272.1633,4775.440689999999,-493.6442383699998,95.3743280000001,-0.00418466388261449,13.226205296875122
Defect_L13_B37_el827_H4_W4.npy,-272.1629,4775.40957,-491.4087016999997,101.12924500000031,0.0026544876566247607,13.200871831296364
Defect_L13_B38_el831_H4_W4.npy,-272.1596,4775.37778,-486.15856249999956,118.50989800000025,0.011901690792057424,13.129103114979548
Defect_L13_B39_el835_H4_W4.npy,-272.15880000000004,4775.34674,-464.66173000000003,207.10982999999987,0.027242285745847264,12.722260075507286
Defect_L13_B3_el123_H4_W4.npy,-272.15639999999996,4775.4275800000005,-571.2709950000001,122.69069130000025,0.007871228705818311,15.430182298678183
Defect_L13_B40_el1123_H4_W4.npy,-272.152,4775.3756,-477.39356199999975,211.96048999999994,0.03262566293239549,13.051043445180092
Defect_L13_B41_el1127_H4_W4.npy,-272.1492,4775.41603,-496.4626847999998,121.0642220000002,0.01359601263298005,13.39345497851784
Defect_L13_B42_el1131_H4_W4.npy,-272.1461,4775.45589,-497.68996170000014,102.70149700000002,0.0003935290960403926,13.353633302606337
Defect_L13_B43_el1135_H4_W4.npy,-272.1516,4775.465990000001,-495.7776584699998,96.3473392999997,-0.008979202211691177,13.26408417208884
Defect_L13_B44_el1139_H4_W4.npy,-272.1428,4775.466890000001,-493.80874430000017,93.47165089999999,-0.01453215192736886,13.192452988140692
Defect_L13_B45_el1143_H4_W4.npy,-272.1495,4775.5189,-493.2030003,92.1026738999999,-0.016790710653572065,13.168607727483845
Defect_L13_B46_el1147_H4_W4.npy,-272.1631,4775.50009,-494.04845650000016,91.53893369999992,-0.016756364847670402,13.192859265369068
Defect_L13_B47_el1151_H4_W4.npy,-272.1665,4775.48223,-495.12694220000003,92.12034599999993,-0.015076574403163722,13.23232820431706
Defect_L13_B48_el1155_H4_W4.npy,-272.1655,4775.47253,-495.75382079999986,93.73612180000032,-0.011555886891487496,13.264701283713586
Defect_L13_B49_el1159_H4_W4.npy,-272.16600000000005,4775.442129999999,-496.00442440000006,96.4690794999999,-0.006042932706699223,13.290193972499935
Defect_L13_B4_el127_H4_W4.npy,-272.1569,4775.437919999999,-562.5181520000001,118.42069562999995,0.0038722689406194325,15.196027668134905
Defect_L13_B50_el1163_H4_W4.npy,-272.1651,4775.41066,-495.4017799999999,102.52481599999987,0.002041249398608908,13.307132150936095
Defect_L13_B51_el1167_H4_W4.npy,-272.1604,4775.3580999999995,-491.6804313,120.36677499999996,0.01289798142999823,13.275003487737196
Defect_L13_B52_el1171_H4_W4.npy,-272.15810000000005,4775.32642,-471.0626639999998,210.48920999999973,0.029673649730475402,12.893405480075646
Defect_L13_B53_el1459_H4_W4.npy,-272.1513,4775.37584,-476.06246899999996,210.96627999999964,0.034071022066906646,13.043975819228024
Defect_L13_B54_el1463_H4_W4.npy,-272.1454,4775.41622,-494.6220400999998,120.5127849999999,0.014433358769522987,13.367247747524631
Defect_L13_B55_el1467_H4_W4.npy,-272.1422,4775.465950000001,-495.1993627900001,102.1404349999998,0.0001367082983273896,13.309519117176542
Defect_L13_B56_el1471_H4_W4.npy,-272.1537,4775.475509999999,-492.4918213000001,95.72868199999994,-0.010282554159620766,13.19873677697856
Defect_L13_B57_el1475_H4_W4.npy,-272.13660000000004,4775.46676,-489.87999620000005,92.84841849999975,-0.016734360524975064,13.110545457223283
Defect_L13_B58_el1479_H4_W4.npy,-272.1484,4775.5495900000005,-489.68075309999995,91.51273450000008,-0.019261093617471563,13.099146723333172
Defect_L13_B59_el1483_H4_W4.npy,-272.1677,4775.50084,-492.2932796,90.94711890000008,-0.018809444608709116,13.172779864606193
Defect_L13_B5_el131_H4_W4.npy,-272.1558,4775.4379,-552.2535620000001,115.56370630000038,0.0011749126830871948,14.93278694332026
Defect_L13_B60_el1487_H4_W4.npy,-272.1717,4775.494,-495.3231158000001,92.50001099999963,-0.016688886237383592,13.269310307756262
Defect_L13_B61_el1491_H4_W4.npy,-272.168,4775.4641,-496.9520743000003,94.35733319999986,-0.012793154678861907,13.331840514265474
Defect_L13_B62_el1495_H4_W4.npy,-272.1676,4775.4434599999995,-497.62916070000006,97.1142348000003,-0.006656732174701937,13.366034921034576
Defect_L13_B63_el1499_H4_W4.npy,-272.1653,4775.401599999999,-497.37377444000003,103.18094899999983,0.0018706011785324076,13.388150864016353
Defect_L13_B64_el1503_H4_W4.npy,-272.16,4775.33825,-494.04516490000015,121.13623600000028,0.013396897695888879,13.362864806097695
Defect_L13_B65_el1507_H4_W4.npy,-272.1571,4775.29593,-473.5341840000001,211.93849999999975,0.030412607209030815,12.987505907058372
Defect_L13_B66_el1795_H4_W4.npy,-272.15340000000003,4775.3875100000005,-469.91113100000007,212.49980000000005,0.0317619388284245,12.895893352568011
Defect_L13_B67_el1799_H4_W4.npy,-272.1458,4775.43776,-488.682826,121.17281299999968,0.013205424113922785,13.224051045027535
Defect_L13_B68_el1803_H4_W4.npy,-272.1408,4775.49687,-489.4276659106001,103.44672600000013,-0.00037530248533263497,13.17016475505223
Defect_L13_B69_el1807_H4_W4.npy,-272.16200000000003,4775.48572,-486.4175837,97.36169929999983,-0.010149847736710942,13.050221835166692
Defect_L13_B6_el135_H4_W4.npy,-272.15700000000004,4775.438069999999,-541.5555319999999,113.09955899999977,-0.0006862609465795278,14.65561165499426
Defect_L13_B70_el1811_H4_W4.npy,-272.13120000000004,4775.426670000001,-482.77613229999974,94.71894670000006,-0.016723886781962613,12.936634365979023
Defect_L13_B71_el1815_H4_W4.npy,-272.1487,4775.5803,-482.71264759999985,93.65059500000007,-0.018937689209576284,12.932649835294397
Defect_L13_B72_el1819_H4_W4.npy,-272.1726,4775.481129999999,-487.8188927000001,93.29834119999987,-0.017586914145738944,13.076029781104886
Defect_L13_B73_el1823_H4_W4.npy,-272.1783,4775.47576,-493.7671196000001,95.79692910000017,-0.01580723439082807,13.258024263889482
Defect_L13_B74_el1827_H4_W4.npy,-272.1669,4775.444769999999,-495.5309821000001,97.5908665999998,-0.012407204666830934,13.329407428930349
Defect_L13_B75_el1831_H4_W4.npy,-272.16540000000003,4775.4237,-495.1467253999999,99.8471939000001,-0.007094949004547301,13.324720934920425
Defect_L13_B76_el1835_H4_W4.npy,-272.16319999999996,4775.38147,-494.20379961000003,105.48903900000005,0.0002840844380062236,13.320764089730906
Defect_L13_B77_el1839_H4_W4.npy,-272.156,4775.3277,-490.6380760999998,122.8924820000002,0.011156705947496593,13.28577029374159
Defect_L13_B78_el1843_H4_W4.npy,-272.15119999999996,4775.27484,-469.82430699999986,215.27631999999994,0.027715044763649128,12.900230512921425
Defect_L13_B79_el2131_H4_W4.npy,-272.1606,4775.42196,-460.49120300000004,206.1976899999995,0.019163987233101087,12.648988415759362
Defect_L13_B7_el139_H4_W4.npy,-272.1598,4775.42835,-530.652748,110.82741750000037,-0.002033191398695602,14.369522244805703
Defect_L13_B80_el2135_H4_W4.npy,-272.1476,4775.49112,-483.55165639999996,117.70676099999969,0.006909414703994645,13.097656006585414
Defect_L13_B81_el2139_H4_W4.npy,-272.1409,4775.55925,-489.5123975800002,101.50305959999969,-0.0004782652242151203,13.186372793180626
Defect_L13_B82_el2143_H4_W4.npy,-272.18109999999996,4775.516860000001,-490.3961641000001,98.92366460000017,-0.004975031191257486,13.167221373593826
Defect_L13_B83_el2147_H4_W4.npy,-272.12969999999996,4775.36773,-486.8735262,95.04556780000007,-0.008756713818096082,13.059167588924348
Defect_L13_B84_el2151_H4_W4.npy,-272.1516,4775.651779999999,-486.0096288,94.43995100000006,-0.006960453840912898,13.050049233541714
Defect_L13_B85_el2155_H4_W4.npy,-272.1752,4775.44025,-494.0644060000002,93.78329589999998,-0.002656692265529015,13.28121989665742
Defect_L13_B86_el2159_H4_W4.npy,-272.1863,4775.4574299999995,-505.14835719999996,98.36844689999998,-0.004607815826366375,13.603393428584326
Defect_L13_B87_el2163_H4_W4.npy,-272.1563,4775.38316,-503.52294140000004,99.27229370000009,-0.007923021317207917,13.576777422809371
Defect_L13_B88_el2167_H4_W4.npy,-272.1542,4775.38171,-497.46135000000027,99.23681320000037,-0.007526730193093588,13.383509109458767
Defect_L13_B89_el2171_H4_W4.npy,-272.15299999999996,4775.359799999999,-493.19429536000007,104.29454499999974,-0.004388593136028331,13.282061889722442
Defect_L13_B8_el143_H4_W4.npy,-272.1612,4775.42877,-519.401601,108.53185189999954,-0.002984818858541689,14.069513381555833
Defect_L13_B90_el2175_H4_W4.npy,-272.146,4775.30559,-487.9226417000002,121.41921499999967,0.0038689519199168864,13.199933933923473
Defect_L13_B91_el2179_H4_W4.npy,-272.1402,4775.25222,-466.4185140000002,212.70446000000038,0.018286242191414975,12.799408347805235
Defect_L13_B92_el2467_H4_W4.npy,-272.1581,4775.46608,-411.78568029999997,182.57658000000015,-0.04278445645092316,11.362530287306031
Defect_L13_B93_el2471_H4_W4.npy,-272.1395,4775.58149,-445.6266820000001,108.72704210000006,-0.033313328337612295,12.168034530091035
Defect_L13_B94_el2475_H4_W4.npy,-272.1358,4775.73719,-472.7092926600001,115.01580380000019,-0.006584210255714633,12.874073519435935
Defect_L13_B95_el2479_H4_W4.npy,-272.21840000000003,4775.766680000001,-506.7765062000001,121.73694489999934,0.03654467141169062,13.768801834193642
Defect_L13_B96_el2499_H4_W4.npy,-272.0956,4775.31498,-522.6632189000004,109.42243899999994,0.018656622696019663,14.089179693195334
Defect_L13_B97_el2503_H4_W4.npy,-272.1232,4775.41229,-487.04169090000005,107.2923579999997,-0.0069742746206914044,13.00453628921356
Defect_L13_B98_el2507_H4_W4.npy,-272.13739999999996,4775.40631,-469.2492519199998,102.38222810000025,-0.026164678583877485,12.562861430711568
Defect_L13_B99_el2511_H4_W4.npy,-272.1347,4775.33394,-459.9053972999998,109.80921900000021,-0.031131513441723917,12.384019772829417
Defect_L13_B9_el147_H4_W4.npy,-272.16040000000004,4775.4186500000005,-507.52316599999995,106.12625979999984,-0.003528586031337135,13.745749705585979
Defect_L14_B100_el2515_H4_W4.npy,-272.1292,4775.28099,-458.93426799999975,212.79296999999997,-0.02160118234106307,12.612145806034384
Defect_L14_B101_el2803_H4_W4.npy,-272.15659999999997,4775.47756,-339.7053999,166.3807899999997,-0.12826493414871917,9.427423934301963
Defect_L14_B102_el2807_H4_W4.npy,-272.1399,4775.56588,-336.76949360000003,95.35396700000001,-0.14295811123602836,9.259257513635852
Defect_L14_B103_el2811_H4_W4.npy,-272.1267,4775.6719,-307.4417240999999,84.19004290000021,-0.14701423466393299,8.583940844518695
Defect_L14_B104_el2815_H4_W4.npy,-272.1563,4775.76887,-274.6639592,82.17235470000014,-0.1066732745067343,7.7475181074811195
Defect_L14_B105_el2835_H4_W4.npy,-272.0314,4775.61072,-1967.4344,105.06294599999956,0.019349633564331416,17.89975323223628
Defect_L14_B106_el2839_H4_W4.npy,-272.1095,4775.65212,-2052.332,81.9789310000001,-0.2156704890145214,19.059679847254575
Defect_L14_B107_el2843_H4_W4.npy,-272.15090000000004,4775.561460000001,-2055.2228999999998,80.66740679999998,-0.2707136578034941,19.615330915324037
Defect_L14_B108_el2847_H4_W4.npy,-272.1554,4775.43252,-2055.5566,96.32625000000007,-0.2741913520601173,20.00691978305614
Defect_L14_B109_el2851_H4_W4.npy,-272.1445,4775.31635,-367.73250529999996,174.30612999999994,-0.1140549031280818,10.132069286561814
Defect_L14_B10_el151_H4_W4.npy,-272.1595,4775.41837,-503.2857529999999,107.1005948999998,-0.0029613038978560297,13.68619291297216
Defect_L14_B110_el3139_H4_W4.npy,-272.1573,4775.57916,-403.0861239999997,185.73303000000033,-0.08032483374936095,11.038700700395397
Defect_L14_B111_el3143_H4_W4.npy,-272.1592,4775.58738,-407.8658038000001,102.12028700000019,-0.08010625726852154,11.003765707339069
Defect_L14_B112_el3147_H4_W4.npy,-272.1578,4775.4456,-396.4395129000002,105.25307799999973,-0.04456931676323374,10.76016334662223
Defect_L14_B113_el3151_H4_W4.npy,-272.2065,4774.927970000001,-385.18203640000024,126.51863408999975,0.07086392473339549,10.747785101811724
Defect_L14_B114_el3171_H4_W4.npy,-272.4198,4774.87953,-488.52826789999995,163.2275894999998,0.40328725994683756,13.86657552245893
Defect_L14_B115_el3175_H4_W4.npy,-272.2244,4774.7569300000005,-404.27298131,120.84587210000018,0.07403671830510572,11.72717396012052
Defect_L14_B116_el3179_H4_W4.npy,-272.1685,4774.92407,-383.38495639999974,102.36554720000004,-0.06316809749590459,10.840902651622532
Defect_L14_B117_el3183_H4_W4.npy,-272.1599,4775.1072699999995,-378.62564780000025,103.34487000000013,-0.10675512825492384,10.480551546636713
Defect_L14_B118_el3187_H4_W4.npy,-272.1608,4775.20625,-361.452268,177.16963999999984,-0.11265302863972998,10.058382644443098
Defect_L14_B119_el3475_H4_W4.npy,-272.1628,4775.92177,-465.876127,215.23109,-0.008354634853954185,12.809232033267191
Defect_L14_B11_el155_H4_W4.npy,-272.159,4775.407819999999,-489.351099,104.89872249999962,-0.0012916353419158977,13.28854122947029
Defect_L14_B120_el3479_H4_W4.npy,-272.1317,4775.95824,-489.42999769999983,122.73375600000008,-0.014259609129100327,13.216923139794986
Defect_L14_B121_el3483_H4_W4.npy,-272.1047,4775.9177199999995,-500.0130903500003,115.42480349999983,-0.0073875363940045895,13.428914249334888
Defect_L14_B122_el3487_H4_W4.npy,-272.226,4775.65982,-511.4537897,116.02135820000012,0.006875598876771615,13.73168061509377
Defect_L14_B123_el3491_H4_W4.npy,-272.423,4774.64488,-527.7897200999998,112.57643300000018,0.012324648409745956,14.268609160480505
Defect_L14_B124_el3495_H4_W4.npy,-272.094,4775.55158,-549.8078211,109.18194130000029,0.02959800707642931,14.80304340069229
Defect_L14_B125_el3499_H4_W4.npy,-272.16869999999994,4774.35987,-547.07242159,108.19751009999982,0.05875833282200351,14.860978293120226
Defect_L14_B126_el3503_H4_W4.npy,-272.0741,4774.27528,-551.5066481000001,110.28361169999971,0.04879004800345521,14.959905387447249
Defect_L14_B127_el3507_H4_W4.npy,-272.1104,4774.93055,-546.803101,116.33867770000006,0.03061273635613936,14.971043776949491
Defect_L14_B128_el3511_H4_W4.npy,-272.1281,4774.94114,-532.5401453000002,120.89519729999938,0.0349136305183483,14.50875087672231
Defect_L14_B129_el3515_H4_W4.npy,-272.1349,4775.014639999999,-509.4836471999997,117.52305399999977,0.006125000954711058,13.851923485731767
Defect_L14_B12_el159_H4_W4.npy,-272.1572,4775.39725,-473.7895430000001,111.958126,0.0057780056067636,12.85734074659923
Defect_L14_B130_el3519_H4_W4.npy,-272.1442,4775.16554,-485.1343173999999,121.83689800000025,-0.017584138996957387,13.205507158656966
Defect_L14_B131_el3523_H4_W4.npy,-272.1526,4775.28805,-449.72759099999985,210.52095999999983,-0.025620544457287682,12.419723040658504
Defect_L14_B132_el3811_H4_W4.npy,-272.1921,4776.650210000001,-438.15258500000004,199.64350999999988,-0.03533378106761527,12.119590818326493
Defect_L14_B133_el3815_H4_W4.npy,-272.1174,4776.5521,-476.1245033,117.11529599999972,-0.023530604373331574,12.986143112898443
Defect_L14_B134_el3819_H4_W4.npy,-272.0501,4776.39856,-504.41982959999996,121.32739609999953,0.0019385461036253962,13.713756964260028
Defect_L14_B135_el3823_H4_W4.npy,-272.2394,4776.03962,-530.0573435000001,125.62863519999974,0.029215199981966433,14.38301139728173
Defect_L14_B136_el3827_H4_W4.npy,-273.3037,4774.14816,-545.4962086000003,120.1215728000002,0.03984799601848182,14.787450755746683
Defect_L14_B137_el3831_H4_W4.npy,-271.906,4775.4158800000005,-558.46781455,112.31887333799978,0.07111185808680232,15.108627196348776
Defect_L14_B138_el3835_H4_W4.npy,-271.9187,4773.06031,-558.3191424619997,109.05000999999993,0.08673491039440617,15.188757286813084
Defect_L14_B139_el3839_H4_W4.npy,-271.8941,4773.11232,-563.6881732000002,112.74114880000025,0.0553179198355561,15.276831799396103
Defect_L14_B13_el163_H4_W4.npy,-272.1574,4775.39685,-448.16845999999987,190.21284000000014,0.03355746898411191,12.375220439676152
Defect_L14_B140_el3843_H4_W4.npy,-271.95219999999995,4774.29732,-545.9822459999998,113.82431999999972,0.011791682313685149,14.858207053506192
Defect_L14_B141_el3847_H4_W4.npy,-272.0472,4774.92614,-520.3269839,118.52795910000032,0.0066440654257057695,13.977646464143772
Defect_L14_B142_el3851_H4_W4.npy,-272.0853,4775.175109999999,-501.1139350000003,116.65545840000027,-0.013295085306360754,13.45972802566057
Defect_L14_B143_el3855_H4_W4.npy,-272.0969,4775.314759999999,-485.83738229999994,121.9536119999998,-0.024448227462179,13.114713376498543
Defect_L14_B144_el3859_H4_W4.npy,-272.0952,4775.4285500000005,-459.56792500000006,212.76704000000018,-0.021964051752997416,12.62955499634319
Defect_L14_B145_el4147_H4_W4.npy,-272.20230000000004,4777.82061,-292.9852727000001,137.5682200000001,-0.13416372313795644,8.339451788909939
Defect_L14_B146_el4151_H4_W4.npy,-271.9277,4776.7447,-324.0684528999999,101.74776400000019,-0.09326279643875253,9.363064208317002
Defect_L14_B147_el4155_H4_W4.npy,-271.5591,4775.00477,-351.07845910000003,122.42792370000029,0.006125789169343513,10.555420710067757
Defect_L14_B148_el4159_H4_W4.npy,-271.5456,4772.99808,-400.29148639999994,149.0354010000001,0.19769082196965837,12.329963439183585
Defect_L14_B149_el4179_H4_W4.npy,-271.7176,4775.532920000001,-451.67533148000007,162.3343460000001,0.516610811687333,12.406148343983705
Defect_L14_B14_el451_H4_W4.npy,-272.1573,4775.396839999999,-511.8192859999997,237.14532000000008,0.026714757242976894,14.068476683227399
Defect_L14_B150_el4183_H4_W4.npy,-272.0848,4776.25642,-372.18834111,146.55343231999996,0.1702879563068414,10.629236232383105
Defect_L14_B151_el4187_H4_W4.npy,-272.1358,4775.878919999999,-361.87489140000025,118.70633210000005,-0.012330471295482832,10.074039778756543
Defect_L14_B152_el4191_H4_W4.npy,-272.13359999999994,4775.77707,-366.71986549999997,101.74560199999996,-0.09305596092405011,9.981631132082322
Defect_L14_B153_el4195_H4_W4.npy,-272.114,4775.80015,-361.89964499999974,160.91548000000012,-0.11837575557524771,9.91541740087743
Defect_L14_B154_el4483_H4_W4.npy,-272.71750000000003,4780.83864,-169.2169904,85.84876999999994,-0.15763617587053516,4.748934719520115
Defect_L14_B155_el4487_H4_W4.npy,-272.46750000000003,4779.223150000001,-161.66610520000006,48.42032160000008,-0.14705123380724455,4.559098661395356
Defect_L14_B156_el4491_H4_W4.npy,-271.995,4776.86174,-137.30791180000006,41.53814149999994,-0.12164084000038315,4.030130917308093
Defect_L14_B157_el4495_H4_W4.npy,-271.47630000000004,4774.19478,-105.01035969999992,43.38851639999996,-0.07365871701689287,3.2694226331791043
Defect_L14_B158_el4515_H4_W4.npy,-272.339,4776.89585,-146.35649999999993,42.114307,0.03941218497720498,2.3465151393041928
Defect_L14_B159_el4519_H4_W4.npy,-272.1227,4775.53958,-142.40309999999997,47.648537499999975,-0.05086905240281717,3.139577206515196
Defect_L14_B15_el455_H4_W4.npy,-272.1548,4775.41672,-533.9512339999999,136.16740700000037,0.010834430802511572,14.446363158260452
Defect_L14_B160_el4523_H4_W4.npy,-272.1526,4775.77008,-128.40066899999994,45.933058200000005,-0.10701996344162397,3.93478210417942
Defect_L14_B161_el4527_H4_W4.npy,-272.2009,4776.29091,-173.33854930000012,51.002194200000076,-0.14885310281354272,4.875225597195235
Defect_L14_B162_el4531_H4_W4.npy,-272.2279,4776.65548,-196.34173540000006,96.17351000000008,-0.16834346877229953,5.455993407253581
Defect_L14_B163_el4819_H4_W4.npy,-272.6254,4793.409970000001,-240.23235580000016,113.40562999999997,-0.16001216292760725,6.647290327011529
Defect_L14_B164_el4823_H4_W4.npy,-272.3155,4795.30185,-221.4864374000001,66.84996439999998,-0.12909277880627643,6.204935957507772
Defect_L14_B165_el4827_H4_W4.npy,-270.8268,4801.651800000001,-182.00640970000006,67.17765169999996,-0.061480691987162654,5.507988920763718
Defect_L14_B166_el4831_H4_W4.npy,-265.5762,4816.0502,-136.38227247999998,85.78360459999999,0.05333169625888539,4.790196976121563
Defect_L14_B167_el4851_H4_W4.npy,-272.53839999999997,4784.926130000001,-138.15834897999991,69.34992549999998,0.06553108708182438,4.076342841374007
Defect_L14_B168_el4855_H4_W4.npy,-272.4739,4785.67722,-163.15762850000004,81.99495430000002,-0.015147612475174857,5.299804004623995
Defect_L14_B169_el4859_H4_W4.npy,-272.4536,4783.23632,-186.98145810000005,69.70716201000005,-0.08972543477546288,5.619160827717708
Defect_L14_B16_el459_H4_W4.npy,-272.1514,4775.436449999999,-537.0034266,118.40595600000006,0.002857041405923974,14.446195024616697
Defect_L14_B170_el4863_H4_W4.npy,-272.4445,4781.49408,-196.46420899999998,62.32368139999994,-0.13147389234215465,5.723572195185151
Defect_L14_B171_el4867_H4_W4.npy,-272.45959999999997,4780.58224,-193.22541950000004,101.78404000000012,-0.14992570610047348,5.581063577698082
Defect_L14_B172_el5155_H4_W4.npy,-271.2153,4790.15556,-411.363601,184.5072799999998,-0.07661127107626382,11.24114857916667
Defect_L14_B173_el5159_H4_W4.npy,-271.3216,4788.23724,-429.20017289999987,105.99587059999999,-0.06269779619363862,11.543868877970926
Defect_L14_B174_el5163_H4_W4.npy,-271.5859,4782.9707,-443.6423564700001,115.15722810000011,-0.01606102331270915,11.89863405527864
Defect_L14_B175_el5167_H4_W4.npy,-272.8706,4768.51707,-479.72176530000024,130.29247589999977,0.07198604667801604,12.811951219451403
Defect_L14_B176_el5187_H4_W4.npy,-275.3444,4840.23509,-621.5003707799999,168.74985200000083,0.34245266547618586,17.019769671145507
Defect_L14_B177_el5191_H4_W4.npy,-274.0103,4811.88291,-508.1129281000001,155.19768149999982,0.16642169129910986,14.364219738470794
Defect_L14_B178_el5195_H4_W4.npy,-273.53130000000004,4800.96046,-442.3807930999999,131.35900659999993,0.03124676029991966,12.54438502503383
Defect_L14_B179_el5199_H4_W4.npy,-273.3198,4795.1973100000005,-399.49863940000023,114.09193500000015,-0.051718815712056845,11.245612358800322
Defect_L14_B17_el463_H4_W4.npy,-272.1517,4775.44662,-535.5352449000002,112.28679599999987,-0.0021098027066494655,14.365521340675336
Defect_L14_B180_el5203_H4_W4.npy,-273.2525,4792.32154,-357.7811763999998,172.17133000000013,-0.09232090525262451,10.124047023117203
Defect_L14_B181_el5491_H4_W4.npy,-271.52459999999996,4776.01393,-482.2614820000001,220.28265999999985,0.0009589252561199941,13.194243510997888
Defect_L14_B182_el5495_H4_W4.npy,-271.49060000000003,4774.69851,-506.8096109000003,127.97367900000017,-0.008618832835871334,13.63455084809854
Defect_L14_B183_el5499_H4_W4.npy,-271.4425,4772.15629,-517.6359648699997,113.86172810000039,-0.007804135935585587,13.8643977066546
Defect_L14_B184_el5503_H4_W4.npy,-271.5055,4767.64607,-529.6028621999999,113.3175228,-0.0006666657534792947,14.20116119800868
Defect_L14_B185_el5507_H4_W4.npy,-278.59680000000003,4756.38554,-545.2285239000003,111.8642891999998,0.010542326656412655,14.71139324919552
Defect_L14_B186_el5511_H4_W4.npy,-267.7054,4770.538189999999,-555.0559862,108.39984447000006,0.020445729620800997,14.88782462418936
Defect_L14_B187_el5515_H4_W4.npy,-272.3827,4754.88807,-543.1588754300001,106.95626909999987,0.029519857400746245,14.551612930761937
Defect_L14_B188_el5519_H4_W4.npy,-272.2408,4776.27422,-535.5925542,107.12201250000021,0.024579544596122136,14.297575265559615
Defect_L14_B189_el5523_H4_W4.npy,-272.501,4778.82172,-529.3197085999998,109.68742829999997,0.014561033066768043,14.172947495770188
Defect_L14_B18_el467_H4_W4.npy,-272.15160000000003,4775.45738,-532.2893887000002,109.34197500000028,-0.004965277624717123,14.25860156242881
Defect_L14_B190_el5527_H4_W4.npy,-272.6855,4781.50419,-528.8057566,114.41918689999989,0.010689276091663215,14.174756793623429
Defect_L14_B191_el5531_H4_W4.npy,-272.90020000000004,4784.4628299999995,-521.10821376224,115.11569190000023,0.005118306103755427,14.021495550839177
Defect_L14_B192_el5535_H4_W4.npy,-273.0804,4786.6774399999995,-507.05304439999986,126.75669500000004,0.0009371505077966682,13.729314444444958
Defect_L14_B193_el5539_H4_W4.npy,-273.222,4788.223980000001,-477.3798459999998,222.15850999999998,0.005480480760075699,13.166375394397503
Defect_L14_B194_el5827_H4_W4.npy,-271.9267,4774.66551,-490.07954800000016,226.1860899999997,0.019219338728817852,13.434786722478075
Defect_L14_B195_el5831_H4_W4.npy,-271.90590000000003,4774.36835,-513.9842048999999,131.70112299999982,0.006760465287698306,13.860786989659122
Defect_L14_B196_el5835_H4_W4.npy,-271.8941,4773.71429,-521.9026938,115.20548099999996,0.0019354952674365763,14.013825282913672
Defect_L14_B197_el5839_H4_W4.npy,-272.0937,4772.27267,-527.46707993,109.92792799999961,0.0004183478122758695,14.159024277736108
Defect_L14_B198_el5843_H4_W4.npy,-274.6016,4768.549279999999,-531.9833001,107.79380300000003,-0.0012020240498962786,14.286820281812172
Defect_L14_B199_el5847_H4_W4.npy,-270.72979999999995,4779.16646,-532.7292786,105.70851489999995,-0.004238341691084431,14.261133485851143
Defect_L14_B19_el471_H4_W4.npy,-272.1562,4775.468110000001,-528.2900377000001,107.49253299999964,-0.00630024427627337,14.143505703211513
Defect_L14_B1_el115_H4_W4.npy,-272.15680000000003,4775.40723,-564.7214219999994,251.42623000000003,0.02351729448082747,15.852342110255952
Defect_L14_B200_el5851_H4_W4.npy,-272.4607,4768.64334,-527.1487677,105.67214619999982,-0.005701675044693131,14.064869255996634
Defect_L14_B201_el5855_H4_W4.npy,-271.9457,4776.6658800000005,-522.3414542000003,106.95097129999999,-0.008503609044259501,13.919847047949865
Defect_L14_B202_el5859_H4_W4.npy,-272.0726,4776.9288799999995,-521.8577495,108.74005789999956,-0.006873997330620832,13.919131803624065
Defect_L14_B203_el5863_H4_W4.npy,-272.23040000000003,4777.31513,-525.2977809400004,111.66433499999994,-0.001477920734069271,14.034808808828304
Defect_L14_B204_el5867_H4_W4.npy,-272.37919999999997,4777.9802,-527.5232510999999,117.80942199999981,0.00474764041783061,14.142961983862628
Defect_L14_B205_el5871_H4_W4.npy,-272.5117,4778.7059,-525.0415977000002,135.5088330000001,0.014132856992501651,14.171994193262227
Defect_L14_B206_el5875_H4_W4.npy,-272.6176,4779.31668,-504.17722000000003,237.01085999999987,0.03164395916499235,13.867815809357536
Defect_L14_B207_el6163_H4_W4.npy,-272.0848,4774.99081,-481.4031970000001,222.16616999999997,0.019378188107467734,13.217929663758984
Defect_L14_B208_el6167_H4_W4.npy,-272.07129999999995,4774.90823,-506.25452999999993,129.227668,0.008037107221374051,13.666449475985594
Defect_L14_B209_el6171_H4_W4.npy,-272.0712,4774.62924,-515.4713165000001,113.39281699999992,0.0033552846685762964,13.851315861412177
Defect_L14_B20_el475_H4_W4.npy,-272.15999999999997,4775.469120000001,-523.9256932999999,106.130942,-0.006370291123118502,14.027374293544181
Defect_L14_B210_el6175_H4_W4.npy,-272.2265,4773.9802,-521.7945573,108.42237799999975,0.000864312441414974,14.00376110535111
Defect_L14_B211_el6179_H4_W4.npy,-273.1094,4772.42029,-526.5170279000001,107.53215999999998,-0.0015293260509608804,14.121874752350474
Defect_L14_B212_el6183_H4_W4.npy,-271.64639999999997,4777.753540000001,-529.3989690000003,107.54270399999996,-0.004375360099562254,14.17096809161331
Defect_L14_B213_el6187_H4_W4.npy,-272.4742,4772.72874,-529.8639920999999,108.35961899999961,-0.00662491912176823,14.150064771296945
Defect_L14_B214_el6191_H4_W4.npy,-272.0022,4776.40602,-530.4860675,109.95844400000033,-0.00813392003761301,14.150672361403682
Defect_L14_B215_el6195_H4_W4.npy,-272.0532,4776.318190000001,-533.0989434999997,112.21276100000046,-0.006105353842589801,14.226190694727507
Defect_L14_B216_el6199_H4_W4.npy,-272.1436,4776.2101999999995,-537.1747501999998,115.53495999999996,-0.0004946497047473788,14.359816499998093
Defect_L14_B217_el6203_H4_W4.npy,-272.225,4776.28472,-540.0713456000001,121.90195500000027,0.006893412393900388,14.485048847586507
Defect_L14_B218_el6207_H4_W4.npy,-272.29659999999996,4776.407999999999,-538.2759729999998,139.65167900000006,0.016797781974838995,14.530066901340648
Defect_L14_B219_el6211_H4_W4.npy,-272.348,4776.49677,-517.2797979999998,242.82067000000006,0.034079891214567226,14.220118601005803
Defect_L14_B21_el479_H4_W4.npy,-272.16130000000004,4775.45979,-519.3099391000001,105.09991000000014,-0.00532717619521482,13.910355361737432
Defect_L14_B22_el483_H4_W4.npy,-272.1619,4775.45001,-514.4766933999999,104.40646700000002,-0.0034102650582692458,13.791304692067923
Defect_L14_B23_el487_H4_W4.npy,-272.1628,4775.439799999999,-509.3463976999999,104.29269199999976,-0.000427191374972444,13.670950211676404
Defect_L14_B24_el491_H4_W4.npy,-272.1617,4775.41893,-503.4892675000003,108.76655400000004,0.004255202488515647,13.547509487542873
Defect_L14_B25_el495_H4_W4.npy,-272.1597,4775.39775,-494.8209333,124.66009199999985,0.011169512300193581,13.39085808468002
Defect_L14_B26_el499_H4_W4.npy,-272.1575,4775.37683,-470.31981999999994,216.85184000000027,0.024615131888265036,12.950584908382707
Defect_L14_B27_el787_H4_W4.npy,-272.1558,4775.37639,-500.6438969999999,232.3113900000003,0.029854275126000678,13.744002239902434
Defect_L14_B28_el791_H4_W4.npy,-272.15139999999997,4775.40608,-521.3325208000001,132.82815600000004,0.011538226367708702,14.088101220608124
Defect_L14_B29_el795_H4_W4.npy,-272.1472,4775.43571,-523.6621791,114.82636799999977,0.0011511635210934392,14.069758640041087
Defect_L14_B2_el119_H4_W4.npy,-272.1561,4775.41717,-585.6247769999998,146.04440100000056,0.012392366690382597,15.976239583651074
Defect_L14_B30_el799_H4_W4.npy,-272.14869999999996,4775.46579,-522.5223325,108.57343800000012,-0.005715055447047146,13.99862628991381
Defect_L14_B31_el803_H4_W4.npy,-272.1478,4775.476589999999,-520.64033128,105.69747060000032,-0.009836582891178256,13.927876112487652
Defect_L14_B32_el807_H4_W4.npy,-272.15259999999995,4775.4978,-518.96933848,104.13665740000033,-0.011727822324484645,13.874571975485976
Defect_L14_B33_el811_H4_W4.npy,-272.1598,4775.48939,-517.74328476,103.25412800000026,-0.011743854524846957,13.842264282588502
Defect_L14_B34_el815_H4_W4.npy,-272.163,4775.4909,-516.7347155099999,102.8876422999997,-0.010220774023354468,13.82336334976514
Defect_L14_B35_el819_H4_W4.npy,-272.1648,4775.47159,-515.656813414,103.57641070000045,-0.007265078270627868,13.807864262447342
Defect_L14_B36_el823_H4_W4.npy,-272.1651,4775.46134,-514.2851087999998,106.04793300000006,-0.002965507038531025,13.791202214759089
Defect_L14_B37_el827_H4_W4.npy,-272.1647,4775.43023,-512.087448,111.85102400000028,0.0031656828423082513,13.768887422264026
Defect_L14_B38_el831_H4_W4.npy,-272.1614,4775.3884100000005,-506.8323436999997,129.0980810000001,0.011865199289986632,13.705081571991474
Defect_L14_B39_el835_H4_W4.npy,-272.15880000000004,4775.34673,-484.58138099999996,224.96696999999995,0.02765084001756461,13.321400595453586
Defect_L14_B3_el123_H4_W4.npy,-272.1552,4775.427250000001,-581.7735540000001,128.5667010000002,0.00762790924779793,15.792033491163242
Defect_L14_B40_el1123_H4_W4.npy,-272.15500000000003,4775.36614,-497.67477499999995,230.76118999999971,0.03258954709509151,13.661018817322907
Defect_L14_B41_el1127_H4_W4.npy,-272.14849999999996,4775.40564,-517.5372132999998,131.92660100000035,0.012695609977593024,13.981860063260282
Defect_L14_B42_el1131_H4_W4.npy,-272.1427,4775.44503,-519.0383027,113.78376100000014,0.0005125832346421698,13.939671203420502
Defect_L14_B43_el1135_H4_W4.npy,-272.1449,4775.474759999999,-517.3103999999998,107.41197830000033,-0.007916727492891639,13.851825123651826
Defect_L14_B44_el1139_H4_W4.npy,-272.142,4775.48583,-515.2911145999999,104.45079720000012,-0.013256699864792927,13.777324839792557
Defect_L14_B45_el1143_H4_W4.npy,-272.1505,4775.50751,-514.3030233,102.87785630000008,-0.015846522064366344,13.742797544474273
Defect_L14_B46_el1147_H4_W4.npy,-272.1602,4775.49979,-514.6349436000003,102.08344120000015,-0.01603446943352466,13.753701625170057
Defect_L14_B47_el1151_H4_W4.npy,-272.16519999999997,4775.50222,-515.5301987999999,102.7580945000002,-0.013987445691034375,13.789383922397965
Defect_L14_B48_el1155_H4_W4.npy,-272.1679,4775.49338,-516.3448261000001,104.35557540000013,-0.01008158005770297,13.827039584058072
Defect_L14_B49_el1159_H4_W4.npy,-272.1686,4775.46319,-516.76111126,107.19236350000006,-0.004627171635447014,13.858103459470641
Defect_L14_B4_el127_H4_W4.npy,-272.15569999999997,4775.437599999999,-572.4539440000003,122.18682466999962,0.004253022211280945,15.541707646743333
Defect_L14_B50_el1163_H4_W4.npy,-272.16780000000006,4775.42172,-516.2475913999999,113.32683599999996,0.002689464970950685,13.880140199086012
Defect_L14_B51_el1167_H4_W4.npy,-272.1632,4775.36902,-512.5752766000003,131.0554729999999,0.012929718287615128,13.85799177387301
Defect_L14_B52_el1171_H4_W4.npy,-272.1592,4775.32654,-491.311193,228.51845000000003,0.030431186910260775,13.501452116942367
Defect_L14_B53_el1459_H4_W4.npy,-272.1555,4775.356589999999,-496.5736220000001,230.01443999999992,0.03452698725734407,13.65975976423871
Defect_L14_B54_el1463_H4_W4.npy,-272.1449,4775.405839999999,-515.9416274,131.54506700000002,0.013964057030253515,13.96207888098116
Defect_L14_B55_el1467_H4_W4.npy,-272.1377,4775.45472,-516.8791076999998,113.38638100000026,0.000774807804992177,13.903430600164372
Defect_L14_B56_el1471_H4_W4.npy,-272.1429,4775.4838899999995,-514.4673783000001,106.95633390000012,-0.008719380856033968,13.796794048311508
Defect_L14_B57_el1475_H4_W4.npy,-272.13710000000003,4775.4848,-511.8469888000002,103.95244769999954,-0.01513491527253671,13.706725060154922
Defect_L14_B58_el1479_H4_W4.npy,-272.14910000000003,4775.52709,-511.1165630999999,102.3243994999998,-0.018637163286328924,13.680324863922117
Defect_L14_B59_el1483_H4_W4.npy,-272.1623,4775.5001,-512.9006273,101.54138520000015,-0.018881848043517335,13.732844773457835
Defect_L14_B5_el131_H4_W4.npy,-272.1564,4775.43802,-561.7321880000002,119.17528420000008,0.0017665885680119707,15.263077312234024
Defect_L14_B60_el1487_H4_W4.npy,-272.1689,4775.50397,-515.5598593999998,103.02219209999976,-0.01616324042771916,13.822293934323504
Defect_L14_B61_el1491_H4_W4.npy,-272.17130000000003,4775.49537,-517.4712341000002,104.97221029999969,-0.011211336491163255,13.893178164795286
Defect_L14_B62_el1495_H4_W4.npy,-272.1724,4775.46518,-518.4661003000001,107.8964648000001,-0.004925789140066179,13.936655229915655
Defect_L14_B63_el1499_H4_W4.npy,-272.16999999999996,4775.4232,-518.40861836,114.09362299999998,0.002838299035776363,13.966686903435576
Defect_L14_B64_el1503_H4_W4.npy,-272.1637,4775.3596,-515.2029574000001,131.94975399999976,0.013584928321897822,13.9534661299911
Defect_L14_B65_el1507_H4_W4.npy,-272.1571,4775.29609,-494.15415699999994,230.08177000000023,0.031555917104868735,13.6049537066596
Defect_L14_B66_el1795_H4_W4.npy,-272.1588,4775.36869,-489.1951200000001,231.31718,0.032812512367086426,13.493122979213137
Defect_L14_B67_el1799_H4_W4.npy,-272.1453,4775.42733,-508.8257650999999,131.91490299999987,0.013330590414753726,13.801084165118908
Defect_L14_B68_el1803_H4_W4.npy,-272.13530000000003,4775.48542,-510.05840619000014,114.44612599999982,0.0009526929551351727,13.750229770099397
Defect_L14_B69_el1807_H4_W4.npy,-272.14520000000005,4775.49352,-507.5298601000002,108.3941311000001,-0.007841231531221784,13.63939099677228
Defect_L14_B6_el135_H4_W4.npy,-272.1589,4775.4483,-550.6418140000001,116.53398619999962,-5.8719060411401235e-05,14.97267790609911
Defect_L14_B70_el1811_H4_W4.npy,-272.13300000000004,4775.463790000001,-504.1046438999999,105.63314749999995,-0.014540494468441365,13.529156919250042
Defect_L14_B71_el1815_H4_W4.npy,-272.1495,4775.5363,-503.4330209,104.16347270000006,-0.01877948000270547,13.50672711776803
Defect_L14_B72_el1819_H4_W4.npy,-272.1648,4775.47981,-507.2831246999999,103.36357199999998,-0.019115232229301192,13.617266585132612
Defect_L14_B73_el1823_H4_W4.npy,-272.1737,4775.49548,-512.3756555000002,105.68509300000028,-0.016028244062695967,13.782834571146388
Defect_L14_B74_el1827_H4_W4.npy,-272.1721,4775.47671,-514.5581176000001,107.78115400000002,-0.010623005326667078,13.866676752323485
Defect_L14_B75_el1831_H4_W4.npy,-272.1721,4775.45611,-514.7139289000002,110.3191655999999,-0.004809825984233853,13.876873863075
Defect_L14_B76_el1835_H4_W4.npy,-272.1688,4775.40374,-514.0873620499999,116.1122790000004,0.0018390264314865588,13.883582856040869
Defect_L14_B77_el1839_H4_W4.npy,-272.16069999999996,4775.34947,-510.68912709999995,133.41165400000045,0.01184583972865363,13.861731878855881
Defect_L14_B78_el1843_H4_W4.npy,-272.1533,4775.28529,-489.4304749999999,233.11963000000014,0.029245831725533678,13.507866581101846
Defect_L14_B79_el2131_H4_W4.npy,-272.168,4775.403759999999,-478.63229200000023,224.22926000000007,0.020215775552812152,13.21234603665669
Defect_L14_B7_el139_H4_W4.npy,-272.15950000000004,4775.438719999999,-539.436858,114.07955450000031,-0.001360212347037907,14.676043552519047
Defect_L14_B80_el2135_H4_W4.npy,-272.1484,4775.47094,-502.5129142999999,128.09839499999975,0.007053156282369747,13.643959205340671
Defect_L14_B81_el2139_H4_W4.npy,-272.1344,4775.53751,-509.1488885980002,112.04488889999993,0.0011252118554062598,13.74220075606631
Defect_L14_B82_el2143_H4_W4.npy,-272.1552,4775.53405,-510.9865894000002,109.69452230000002,-0.001894943553275425,13.745147263464688
Defect_L14_B83_el2147_H4_W4.npy,-272.13349999999997,4775.432989999999,-508.4637230000001,105.96097410000016,-0.005148608421984302,13.660854637523448
Defect_L14_B84_el2151_H4_W4.npy,-272.15200000000004,4775.55547,-507.8536051000001,105.10574089999977,-0.006965946343108865,13.645666960209367
Defect_L14_B85_el2155_H4_W4.npy,-272.1648,4775.42827,-514.5291157000001,104.16020890000004,-0.006890549478432281,13.837967754556384
Defect_L14_B86_el2159_H4_W4.npy,-272.1769,4775.46672,-523.4754903999999,107.64771810000002,-0.005858387571518249,14.118032222346452
Defect_L14_B87_el2163_H4_W4.npy,-272.16519999999997,4775.44623,-522.0788553,108.69522149999966,-0.004783534112359257,14.106718777405451
Defect_L14_B88_el2167_H4_W4.npy,-272.16490000000005,4775.43534,-516.9708813000002,109.74173509999969,-0.004155218273927312,13.936732496780404
Defect_L14_B89_el2171_H4_W4.npy,-272.1616,4775.39292,-513.0065086999998,114.87771599999996,-0.002001476918102858,13.844703245877023
Defect_L14_B8_el143_H4_W4.npy,-272.1608,4775.42892,-528.0064920000002,111.74376579999966,-0.0022983381311928513,14.369661742444572
Defect_L14_B90_el2175_H4_W4.npy,-272.1526,4775.32805,-507.7761769000001,131.86976400000026,0.004937740349490435,13.772312711466574
Defect_L14_B91_el2179_H4_W4.npy,-272.1422,4775.26309,-485.80933099999993,230.27625000000035,0.020276603918669176,13.40161735767359
Defect_L14_B92_el2467_H4_W4.npy,-272.16610000000003,4775.44864,-426.1318955999998,197.26702999999975,-0.0427835284956941,11.812592575869907
Defect_L14_B93_el2471_H4_W4.npy,-272.14110000000005,4775.56228,-459.7006748000001,114.33706239999992,-0.03525944609557364,12.582532205521675
Defect_L14_B94_el2475_H4_W4.npy,-272.129,4775.716170000001,-486.79380946000015,120.79784950000044,-0.007885484380384172,13.283098431101008
Defect_L14_B95_el2479_H4_W4.npy,-272.1803,4775.7733,-522.0167426,128.03910599999972,0.0377537741487281,14.206303308234078
Defect_L14_B96_el2499_H4_W4.npy,-272.1136,4775.41088,-544.3607819000003,121.9900419999999,0.030397539640495456,14.70589099149868
Defect_L14_B97_el2503_H4_W4.npy,-272.13689999999997,4775.477379999999,-509.08938120000016,118.94423609999967,-0.0004977988259942533,13.61790601823865
Defect_L14_B98_el2507_H4_W4.npy,-272.147,4775.45014,-490.1480405099999,113.3118929000002,-0.022818334991378628,13.147464056935101
Defect_L14_B99_el2511_H4_W4.npy,-272.1423,4775.36685,-479.67546960000004,119.8880630000001,-0.029744298773418967,12.949979227889054
Defect_L14_B9_el147_H4_W4.npy,-272.16020000000003,4775.4287300000005,-516.0738330000001,109.43323620000001,-0.00293304097103786,14.043604593100836
Defect_L15_B100_el2515_H4_W4.npy,-272.13669999999996,4775.32227,-311.9275749999997,147.11340999999993,-0.017014350435756918,8.869493037467675
Defect_L15_B101_el2803_H4_W4.npy,-272.1555,4775.49144,-232.4723809999998,121.09249999999997,-0.08604236730332879,6.760394480670495
Defect_L15_B102_el2807_H4_W4.npy,-272.1415,4775.58185,-231.31698800000004,71.05409600000007,-0.09762893095968997,6.677280000910485
Defect_L15_B103_el2811_H4_W4.npy,-272.1285,4775.67986,-212.3712258999999,66.35877229999983,-0.09718116776402333,6.309848523917781
Defect_L15_B104_el2815_H4_W4.npy,-272.1366,4775.78817,-199.35579039999993,79.94374869999979,-0.05489692547672638,6.028795034605247
Defect_L15_B105_el2835_H4_W4.npy,-272.0302,4775.630099999999,-174.45425409999984,110.1575464,0.22481140430122695,5.815584622331685
Defect_L15_B106_el2839_H4_W4.npy,-272.1123,4775.68181,-2053.4723999999997,77.83457739999994,-0.16053823341904208,18.28843998171749
Defect_L15_B107_el2843_H4_W4.npy,-272.1535,4775.600780000001,-215.20915639999976,61.582223600000134,-0.07384359005681633,6.32384763184353
Defect_L15_B108_el2847_H4_W4.npy,-272.1593,4775.4824499999995,-242.85142799999994,67.65683899999999,-0.08393041660517911,6.899470582850433
Defect_L15_B109_el2851_H4_W4.npy,-272.1479,4775.36685,-248.84485900000004,122.18141999999989,-0.07660230419237637,7.129837733901103
Defect_L15_B10_el151_H4_W4.npy,-272.15860000000004,4775.40795,-346.665299,82.88727129999984,-0.006768424394721259,9.832040142980443
Defect_L15_B110_el3139_H4_W4.npy,-272.1683,4775.58184,-272.7514639999997,128.34550000000013,-0.054404657559059245,7.729166183495478
Defect_L15_B111_el3143_H4_W4.npy,-272.1781,4775.60638,-272.77118399999995,72.28896200000008,-0.051110082429322856,7.638503771627639
Defect_L15_B112_el3147_H4_W4.npy,-272.1839,4775.453780000001,-260.0817499000002,82.20679739999969,-0.011324613308874068,7.475124524099957
Defect_L15_B113_el3151_H4_W4.npy,-272.1767,4774.98001,-249.57263365000017,103.86000708999995,0.10764136709577729,7.666591393519662
Defect_L15_B114_el3171_H4_W4.npy,-272.3902,4774.89116,-366.9639508999999,175.72916609999993,0.4496108724441903,11.704583092737137
Defect_L15_B115_el3175_H4_W4.npy,-272.20090000000005,4774.73833,-296.76909909999995,131.62460220000003,0.11717326388230309,9.482998064416789
Defect_L15_B116_el3179_H4_W4.npy,-272.146,4774.92584,-273.1484658999998,90.95345309999993,-0.022057169538532165,8.304570181354435
Defect_L15_B117_el3183_H4_W4.npy,-272.1417,4775.1311000000005,-264.64812710000024,81.9328079999998,-0.06821314964789452,7.73164678737136
Defect_L15_B118_el3187_H4_W4.npy,-272.1475,4775.24195,-248.99502599999983,128.78829999999994,-0.07534117803613508,7.2641906036009445
Defect_L15_B119_el3475_H4_W4.npy,-272.1604,4775.82434,-316.08669499999996,148.40094000000022,-0.009381177465843887,9.001824423385644
Defect_L15_B11_el155_H4_W4.npy,-272.1579,4775.40736,-336.48862499999996,80.33586269999978,-0.005323673892581658,9.514960796476997
Defect_L15_B120_el3479_H4_W4.npy,-272.1418,4775.89033,-331.1277906,83.75301699999977,-0.016017222020091513,9.234697179579
Defect_L15_B121_el3483_H4_W4.npy,-272.12440000000004,4775.87457,-336.5411785000001,82.50040160000003,-0.011496515390318174,9.32995154311724
Defect_L15_B122_el3487_H4_W4.npy,-272.15,4775.731409999999,-342.8114716,83.12146010000015,-0.0014927614268401212,9.512577798943012
Defect_L15_B123_el3491_H4_W4.npy,-272.31759999999997,4775.2957,-355.20492425,80.07684199999994,0.002278668441530327,9.97413298327548
Defect_L15_B124_el3495_H4_W4.npy,-272.3388,4774.6758,-383.040882,78.47994796000012,0.016479605258083,10.650471850781969
Defect_L15_B125_el3499_H4_W4.npy,-272.04339999999996,4774.36766,-379.1156768899998,77.6972665999997,0.0335339329613915,10.71748029550412
Defect_L15_B126_el3503_H4_W4.npy,-272.0493,4774.63901,-383.3173042000003,79.52840491000006,0.034562861602988715,10.782950482305438
Defect_L15_B127_el3507_H4_W4.npy,-272.1043,4774.9289100000005,-375.37161059000005,88.44825109999988,0.026365420972900146,10.721497024711615
Defect_L15_B128_el3511_H4_W4.npy,-272.10929999999996,4774.90483,-367.53277820000017,94.06492319999961,0.0233456610711592,10.481552806844547
Defect_L15_B129_el3515_H4_W4.npy,-272.1144,4775.00821,-351.7681,90.5609099999997,0.0027440346441237077,9.98096467021876
Defect_L15_B12_el159_H4_W4.npy,-272.156,4775.39679,-324.910351,77.87861062000002,8.06475894921642e-05,9.154166525665639
Defect_L15_B130_el3519_H4_W4.npy,-272.1279,4775.18119,-334.0309684000001,90.76098999999999,-0.015152792980870983,9.457439565556866
Defect_L15_B131_el3523_H4_W4.npy,-272.1399,4775.29568,-307.80861500000015,147.3464100000001,-0.01971520746088902,8.834555747667025
Defect_L15_B132_el3811_H4_W4.npy,-272.1554,4776.26545,-300.4381599999999,138.6657799999998,-0.024749944720012972,8.671314842266037
Defect_L15_B133_el3815_H4_W4.npy,-272.0944,4776.25619,-327.7788359000001,89.30673009999987,-0.017932894832857472,9.325855465584725
Defect_L15_B134_el3819_H4_W4.npy,-272.0362,4776.18876,-347.2854162000001,92.4223257000001,-0.00046171814990227556,9.859346055744941
Defect_L15_B135_el3823_H4_W4.npy,-272.1086,4776.0705,-363.3462132000002,92.76674999999977,0.015916214639742375,10.283973705328874
Defect_L15_B136_el3827_H4_W4.npy,-272.7557,4775.213129999999,-371.0467346500002,87.15090979999968,0.022406612462198112,10.465590152682795
Defect_L15_B137_el3831_H4_W4.npy,-272.3395,4773.808590000001,-387.49578640000004,82.45237512100039,0.051002786660485806,10.84224830360079
Defect_L15_B138_el3835_H4_W4.npy,-271.9059,4773.47238,-386.9319921619999,78.36167819999991,0.05314538959583876,10.957875954174472
Defect_L15_B139_el3839_H4_W4.npy,-271.8483,4773.6691900000005,-395.09907420000013,81.43092973700004,0.03855915042200578,11.083442650917387
Defect_L15_B13_el163_H4_W4.npy,-272.156,4775.3965,-304.8479639999998,133.52555000000007,0.020833700728124946,8.734232729731854
Defect_L15_B140_el3843_H4_W4.npy,-271.9773,4774.3964,-371.8321646299996,81.50153,0.008658454171043868,10.492834761709172
Defect_L15_B141_el3847_H4_W4.npy,-272.06969999999995,4775.00308,-350.75700959999995,85.82506448000004,-0.0035633197951260537,9.737671793184536
Defect_L15_B142_el3851_H4_W4.npy,-272.1044,4775.25003,-337.6625650000003,84.13328590000015,-0.016066546393458774,9.360383365732602
Defect_L15_B143_el3855_H4_W4.npy,-272.1157,4775.368079999999,-328.153235,83.21597439999982,-0.022843678959509804,9.14418453474391
Defect_L15_B144_el3859_H4_W4.npy,-272.1159,4775.4516699999995,-310.6213579999999,145.65092000000004,-0.018522702174123662,8.828623369431869
Defect_L15_B145_el4147_H4_W4.npy,-272.134,4776.8950700000005,-205.5704699999999,108.81845999999996,-0.08489292914435352,6.247634064308832
Defect_L15_B146_el4151_H4_W4.npy,-271.8889,4775.9578,-231.22688399999993,83.48228240000003,-0.04452678048197459,7.28465112259904
Defect_L15_B147_el4155_H4_W4.npy,-271.5574,4774.3621,-255.4202600000001,114.61295533999987,0.05575456924687992,8.579323250601181
Defect_L15_B148_el4159_H4_W4.npy,-271.5205,4772.64951,-295.16084639999985,151.1901668999999,0.25716190372618136,10.367306047144035
Defect_L15_B149_el4179_H4_W4.npy,-271.8103,4775.92791,-287.4461833900002,171.56026941000016,0.5478420279218752,9.582532203877173
Defect_L15_B14_el451_H4_W4.npy,-272.1579,4775.40734,-351.2967229999997,169.35233000000017,0.01729132235368545,10.031770318408917
Defect_L15_B150_el4183_H4_W4.npy,-272.1509,4776.520640000001,-235.38694720000012,124.51477681999995,0.21418614239946918,7.798209434982874
Defect_L15_B151_el4187_H4_W4.npy,-272.1822,4776.00001,-230.8280989,97.11388409999995,0.032615328919681226,7.091619476933554
Defect_L15_B152_el4191_H4_W4.npy,-272.1682,4775.78973,-240.50321699999995,78.92207239999993,-0.04973506739119781,6.909270198512054
Defect_L15_B153_el4195_H4_W4.npy,-272.1436,4775.739210000001,-241.67805799999974,107.05481000000009,-0.07640522543827995,6.8722179276356306
Defect_L15_B154_el4483_H4_W4.npy,-272.5102,4779.08547,-117.51004650000004,64.94484999999997,-0.10701580033671036,3.4919310400978465
Defect_L15_B155_el4487_H4_W4.npy,-272.29589999999996,4777.86119,-114.33211130000007,37.92629499999998,-0.10066830286177,3.4506745020772938
Defect_L15_B156_el4491_H4_W4.npy,-271.8848,4775.906,-102.8774929,42.17172121999988,-0.08165758577013803,3.221342612491507
Defect_L15_B157_el4495_H4_W4.npy,-271.4248,4773.63176,-87.15688730000011,47.85987039999998,-0.044637026426148245,2.8560730325431405
Defect_L15_B158_el4515_H4_W4.npy,-272.3248,4776.87125,-146.57259999999997,49.787317,0.05463108960079623,2.469709855848124
Defect_L15_B159_el4519_H4_W4.npy,-272.1169,4775.4980399999995,-75.17164579999996,52.69430319999998,-0.005355973333245669,2.5967812632663945
Defect_L15_B15_el455_H4_W4.npy,-272.1554,4775.42741,-367.56454899999994,96.79689300000018,0.00398035933241859,10.299808330875402
Defect_L15_B160_el4523_H4_W4.npy,-272.1444,4775.60886,-85.09047438000005,46.05520942999999,-0.05910206163939327,3.0074836798598312
Defect_L15_B161_el4527_H4_W4.npy,-272.1888,4776.0282,-114.82176330000016,40.927393499999994,-0.09528545007158186,3.4932101075664863
Defect_L15_B162_el4531_H4_W4.npy,-272.21139999999997,4776.30131,-132.6219377000001,68.8297,-0.11172975313946056,3.8605351990950734
Defect_L15_B163_el4819_H4_W4.npy,-272.2413,4787.5927,-161.8714858000002,84.78988000000004,-0.10117265063989438,4.6595785599235136
Defect_L15_B164_el4823_H4_W4.npy,-271.7867,4789.5997099999995,-145.03041500000006,55.9362443,-0.07026579289582624,4.453235392727235
Defect_L15_B165_el4827_H4_W4.npy,-270.3578,4796.26256,-118.45154200000002,71.78797471999997,-0.003367401193402062,4.291505111218958
Defect_L15_B166_el4831_H4_W4.npy,-265.44190000000003,4812.2687,-125.26505189999989,91.87838359999989,0.1054691951581978,4.376031231762889
Defect_L15_B167_el4851_H4_W4.npy,-272.54540000000003,4784.76185,-132.58222290000003,76.23100019999998,0.08918921703746865,3.972673166616593
Defect_L15_B168_el4855_H4_W4.npy,-272.456,4785.05459,-140.48097018999988,88.4387193,0.024501880915507035,4.793284130268173
Defect_L15_B169_el4859_H4_W4.npy,-272.3989,4782.16144,-140.80894220000005,75.27259071000003,-0.04358362760339191,4.719117388756124
Defect_L15_B16_el459_H4_W4.npy,-272.153,4775.43747,-369.78218800000013,84.92575899999974,-0.0029211067982351,10.299775036793339
Defect_L15_B170_el4863_H4_W4.npy,-272.364,4780.16971,-144.15404009999997,57.525116860000026,-0.08228636866098896,4.532810186370498
Defect_L15_B171_el4867_H4_W4.npy,-272.36330000000004,4779.14127,-138.67370010000002,82.50115000000005,-0.0982703036791362,4.257917980930793
Defect_L15_B172_el5155_H4_W4.npy,-271.51009999999997,4784.80855,-274.81184200000007,123.63844999999992,-0.049471278621374334,7.765663449014371
Defect_L15_B173_el5159_H4_W4.npy,-271.54200000000003,4782.5309799999995,-284.7658053,78.8164632999999,-0.036154102742527346,7.944198398752203
Defect_L15_B174_el5163_H4_W4.npy,-271.7857,4776.48545,-291.33577220000006,88.75288499999965,0.005860750910554335,8.173771058032742
Defect_L15_B175_el5167_H4_W4.npy,-273.0283,4761.149579999999,-313.1674598000002,102.89694069999996,0.07954633799055336,8.807897950277539
Defect_L15_B176_el5187_H4_W4.npy,-273.7834,4815.463449999999,-446.7394569799999,165.13947200000007,0.3162686705860674,13.083464198924617
Defect_L15_B177_el5191_H4_W4.npy,-273.1306,4798.13533,-366.58929139999987,136.6625487999995,0.18148551251732825,11.221125382272374
Defect_L15_B178_el5195_H4_W4.npy,-272.95279999999997,4792.02069,-317.1337936,112.54534710000007,0.062184009082115174,9.70472054812288
Defect_L15_B179_el5199_H4_W4.npy,-272.8724,4788.52699,-283.3578193000001,94.41599399999996,-0.015016583480168351,8.527134006122099
Defect_L15_B17_el463_H4_W4.npy,-272.15250000000003,4775.4475,-368.969061,80.93029200000001,-0.007045226883748492,10.248787064479025
Defect_L15_B180_el5203_H4_W4.npy,-272.8539,4786.61171,-249.974064,139.3883599999997,-0.052748944650683464,7.52286320224939
Defect_L15_B181_el5491_H4_W4.npy,-271.72769999999997,4776.00597,-324.4291870000002,150.58473999999978,-0.0032871156912998674,9.182009771022798
Defect_L15_B182_el5495_H4_W4.npy,-271.6857,4775.144109999999,-341.9462870000002,87.59811300000001,-0.012326642673785368,9.498778631166223
Defect_L15_B183_el5499_H4_W4.npy,-271.60519999999997,4773.4232600000005,-349.8099888999998,80.57012039999995,-0.01323437583569795,9.67698404627658
Defect_L15_B184_el5503_H4_W4.npy,-271.4791,4770.28526,-359.5313280999999,80.53389789999983,-0.008982512948628162,9.98256939938466
Defect_L15_B185_el5507_H4_W4.npy,-273.5811,4761.6586099999995,-374.60589240000013,84.94644169999992,0.002952472987749351,10.527428445493742
Defect_L15_B186_el5511_H4_W4.npy,-272.74159999999995,4755.88359,-387.0283673000001,81.78405969999972,0.01202713629802312,10.763457715067386
Defect_L15_B187_el5515_H4_W4.npy,-272.56789999999995,4768.1141800000005,-374.3718964299999,75.85733749999986,0.015322747286864313,10.38932226495877
Defect_L15_B188_el5519_H4_W4.npy,-272.42109999999997,4778.95172,-365.13594813300006,74.74325049000026,0.016407782454934777,10.072719966917022
Defect_L15_B189_el5523_H4_W4.npy,-272.4103,4778.90904,-356.1895969699999,77.60690270000009,0.006930727426258531,9.878092399661577
Defect_L15_B18_el467_H4_W4.npy,-272.1543,4775.45774,-366.9988760000001,79.01107100000036,-0.009444117647232556,10.181578113904356
Defect_L15_B190_el5527_H4_W4.npy,-272.434,4779.15499,-358.4996914999999,81.85155140000029,0.00048271234783269965,9.948252526153556
Defect_L15_B191_el5531_H4_W4.npy,-272.5722,4780.77749,-355.6180822000001,82.41348810000022,-0.001829110293631704,9.921034779843032
Defect_L15_B192_el5535_H4_W4.npy,-272.71520000000004,4782.38742,-347.151615,91.28820300000007,-0.002646959317960711,9.76036639270182
Defect_L15_B193_el5539_H4_W4.npy,-272.8338,4783.57128,-326.44949899999983,155.7919400000003,0.0034892196975442953,9.388967017100128
Defect_L15_B194_el5827_H4_W4.npy,-271.9861,4775.03846,-330.64295200000015,155.54643999999962,0.00882473442387688,9.391312197291937
Defect_L15_B195_el5831_H4_W4.npy,-271.95279999999997,4774.8198999999995,-348.2310849999999,90.90728899999976,-0.0016688349517522925,9.714428341777781
Defect_L15_B196_el5835_H4_W4.npy,-271.9111,4774.247710000001,-354.7070702000001,80.082629,-0.005713049847634577,9.858851846298512
Defect_L15_B197_el5839_H4_W4.npy,-271.9435,4773.00388,-360.2348933999999,78.26744268000016,-0.006132830938459196,10.02803029458098
Defect_L15_B198_el5843_H4_W4.npy,-272.80850000000004,4770.26868,-365.72881630000006,79.31971900000008,-0.004674735506758995,10.201193609939812
Defect_L15_B199_el5847_H4_W4.npy,-272.8195,4771.22708,-367.13602879999985,75.8078439100002,-0.0063569381943333276,10.185719980890038
Defect_L15_B19_el471_H4_W4.npy,-272.1575,4775.45851,-364.4890210000003,77.75726899999972,-0.01060130028424143,10.109169296553507
Defect_L15_B1_el115_H4_W4.npy,-272.1585,4775.41772,-382.2952269999994,180.05686000000014,0.017714712235439686,11.190746015756467
Defect_L15_B200_el5851_H4_W4.npy,-272.2081,4773.4752,-361.19657170000005,74.44186069999978,-0.009212870116990374,9.964352229919113
Defect_L15_B201_el5855_H4_W4.npy,-272.0949,4777.18356,-355.0483128000001,75.02553050000029,-0.009834306728583197,9.774509035881609
Defect_L15_B202_el5859_H4_W4.npy,-272.15500000000003,4777.17758,-352.6157226,76.20046509999975,-0.008599139954323966,9.71798804673044
Defect_L15_B203_el5863_H4_W4.npy,-272.22069999999997,4777.09406,-354.9626569000004,78.01657599999999,-0.006966398334569509,9.798219512165588
Defect_L15_B204_el5867_H4_W4.npy,-272.3045,4777.32219,-357.37545420000015,82.13046299999951,-0.002999091115542515,9.904541976826401
Defect_L15_B205_el5871_H4_W4.npy,-272.3902,4777.686949999999,-356.65763200000015,94.16445799999997,0.004455209074081545,9.96550937328834
Defect_L15_B206_el5875_H4_W4.npy,-272.46200000000005,4777.99,-342.4328479999999,165.5667199999998,0.01926168751892967,9.792407187361485
Defect_L15_B207_el6163_H4_W4.npy,-272.0907,4775.17902,-325.14577600000007,152.58123000000023,0.00997647900250308,9.258264172529847
Defect_L15_B208_el6167_H4_W4.npy,-272.0697,4775.09472,-343.6399899999999,88.97146699999985,0.0004975164639661272,9.605799826130973
Defect_L15_B209_el6171_H4_W4.npy,-272.05379999999997,4774.77956,-351.07750699999997,78.53537099999994,-0.00328309202473223,9.77589728748027
Defect_L15_B20_el475_H4_W4.npy,-272.1585,4775.45858,-361.7239262999997,76.78991400000018,-0.010629446906499748,10.035930680044626
Defect_L15_B210_el6175_H4_W4.npy,-272.1042,4774.1601,-356.80472299999997,78.38684219999982,-0.004498940620930481,9.935464414773103
Defect_L15_B211_el6179_H4_W4.npy,-272.44689999999997,4773.17694,-361.35178310000015,78.83400730000017,-0.004776146067493132,10.062368111290173
Defect_L15_B212_el6183_H4_W4.npy,-272.6336,4773.7949,-363.4394400000001,77.15631879999978,-0.006580810434256272,10.087298050056628
Defect_L15_B213_el6187_H4_W4.npy,-272.1928,4774.774890000001,-362.539812,76.46989099999996,-0.009198858818315817,10.021406634784327
Defect_L15_B214_el6191_H4_W4.npy,-272.0931,4776.5503,-361.4676900000002,77.54211300000043,-0.010079604834443595,9.969702471035198
Defect_L15_B215_el6195_H4_W4.npy,-272.1275,4776.44801,-362.04666559999987,79.12254300000018,-0.008425072195992398,9.986228932803373
Defect_L15_B216_el6199_H4_W4.npy,-272.1694,4776.27247,-364.2308039999998,81.23777599999994,-0.005297377511016415,10.065086089899085
Defect_L15_B217_el6203_H4_W4.npy,-272.21579999999994,4776.22616,-366.2190969999999,85.37453700000015,-0.00019386861508591572,10.157819408731358
Defect_L15_B218_el6207_H4_W4.npy,-272.2597,4776.23244,-365.2980789999999,97.20484400000032,0.007604909760888505,10.207268213144635
Defect_L15_B219_el6211_H4_W4.npy,-272.2933,4776.18617,-350.4395599999998,169.1021099999998,0.021837842806462355,10.007473158832992
Defect_L15_B21_el479_H4_W4.npy,-272.1606,4775.44952,-358.75636800000007,76.01112620000026,-0.009778469563611114,9.960788493054544
Defect_L15_B22_el483_H4_W4.npy,-272.16119999999995,4775.43966,-355.50296000000003,75.53296999999998,-0.00829698271367468,9.879113288980863
Defect_L15_B23_el487_H4_W4.npy,-272.1609,4775.42914,-351.8201829999998,75.26666399999999,-0.005913896231329496,9.787252621036671
Defect_L15_B24_el491_H4_W4.npy,-272.1595,4775.41832,-347.4485510000002,76.76357699999994,-0.0023067368840764746,9.686391425192685
Defect_L15_B25_el495_H4_W4.npy,-272.1572,4775.39726,-341.04221000000007,87.46602700000017,0.00344374861578329,9.561162257289173
Defect_L15_B26_el499_H4_W4.npy,-272.15569999999997,4775.3864300000005,-322.924317,153.26534000000038,0.014384874442273612,9.23427945919964
Defect_L15_B27_el787_H4_W4.npy,-272.1571,4775.397,-344.064249,165.9692,0.018432803932074766,9.810518586072078
Defect_L15_B28_el791_H4_W4.npy,-272.1537,4775.427030000001,-358.925062,94.21907300000021,0.003371053370678113,10.041455813587683
Defect_L15_B29_el795_H4_W4.npy,-272.1496,4775.44704,-360.2200210000001,82.06570100000022,-0.005157751697075544,10.012167118030813
Defect_L15_B2_el119_H4_W4.npy,-272.1578,4775.427860000001,-399.9824579999997,104.48062100000061,0.006474998734944598,11.357364723071564
Defect_L15_B30_el799_H4_W4.npy,-272.149,4775.46712,-359.2265267,77.87867200000005,-0.010445084817902786,9.953290123926397
Defect_L15_B31_el803_H4_W4.npy,-272.1511,4775.4672,-357.8914248000001,75.94724370000017,-0.013579593587973747,9.900791161810687
Defect_L15_B32_el807_H4_W4.npy,-272.1565,4775.4681900000005,-356.82036100000005,74.83945799999992,-0.015201849573434527,9.866112023001563
Defect_L15_B33_el811_H4_W4.npy,-272.1573,4775.468830000001,-356.20987719999994,74.17828460000032,-0.015286641393473547,9.852024833272752
Defect_L15_B34_el815_H4_W4.npy,-272.1612,4775.47039,-355.8240561,73.88186699999983,-0.013944254235626173,9.850640333632603
Defect_L15_B35_el819_H4_W4.npy,-272.1631,4775.46088,-355.29477799999995,74.0219517999999,-0.011661345272323476,9.848943830162622
Defect_L15_B36_el823_H4_W4.npy,-272.16319999999996,4775.45051,-354.3371878999999,75.40238599999998,-0.00852973412769199,9.837515435090708
Defect_L15_B37_el827_H4_W4.npy,-272.1614,4775.41935,-352.6633572999999,79.3033780000003,-0.00403236961445393,9.817226457636938
Defect_L15_B38_el831_H4_W4.npy,-272.1586,4775.39776,-348.9032639999996,90.90593500000023,0.0030432677222274403,9.771315797851049
Defect_L15_B39_el835_H4_W4.npy,-272.1557,4775.36616,-332.7970210000001,159.54597999999987,0.015986240430196332,9.500299785843467
Defect_L15_B3_el123_H4_W4.npy,-272.1572,4775.428,-398.91506700000014,96.83725689999983,0.0017236947800534682,11.266855224182887
Defect_L15_B40_el1123_H4_W4.npy,-272.157,4775.39694,-341.8171399999999,164.57252999999992,0.019951787300077257,9.743749660223926
Defect_L15_B41_el1127_H4_W4.npy,-272.1506,4775.42695,-355.847172,93.38535900000011,0.0034050779261292647,9.951485709216804
Defect_L15_B42_el1131_H4_W4.npy,-272.14590000000004,4775.45693,-356.36363959999994,81.1030139999998,-0.006321770305724556,9.897765745045508
Defect_L15_B43_el1135_H4_W4.npy,-272.1454,4775.47686,-354.79432259999976,76.7981828999998,-0.012517915815191249,9.820911889843337
Defect_L15_B44_el1139_H4_W4.npy,-272.1492,4775.47693,-353.26564469999994,74.79026909999993,-0.01639475031123331,9.762394968086205
Defect_L15_B45_el1143_H4_W4.npy,-272.1553,4775.478139999999,-352.6913012,73.63760160000015,-0.01850066289776348,9.741820098101327
Defect_L15_B46_el1147_H4_W4.npy,-272.15749999999997,4775.47912,-353.30527500000017,73.00210540000012,-0.018655641402732435,9.76325278965924
Defect_L15_B47_el1151_H4_W4.npy,-272.16229999999996,4775.48144,-354.4873782000002,73.21078820000002,-0.016904778548056384,9.808965578789644
Defect_L15_B48_el1155_H4_W4.npy,-272.1652,4775.47239,-355.3587699999998,74.38843840000004,-0.013940843498379062,9.849849207529854
Defect_L15_B49_el1159_H4_W4.npy,-272.1657,4775.45194,-355.5951537000001,76.34344769999984,-0.010192598484484248,9.87174238460924
Defect_L15_B4_el127_H4_W4.npy,-272.1569,4775.43822,-393.4051840000004,94.3214484199998,-0.0013291997949773583,11.118915064052565
Defect_L15_B50_el1163_H4_W4.npy,-272.1635,4775.4205,-355.0655457999999,80.45259800000008,-0.004939571987076867,9.882515374085981
Defect_L15_B51_el1167_H4_W4.npy,-272.1601,4775.38817,-352.46142800000007,92.3527280000003,0.0031406834733171225,9.868700908263179
Defect_L15_B52_el1171_H4_W4.npy,-272.15569999999997,4775.345770000001,-337.2256839999998,162.08262000000013,0.017711563805874995,9.620644049150442
Defect_L15_B53_el1459_H4_W4.npy,-272.1564,4775.38738,-340.914045,163.6901600000001,0.02121055482740612,9.736658193228523
Defect_L15_B54_el1463_H4_W4.npy,-272.1479,4775.43739,-354.35732199999984,92.94740199999978,0.0037670784672422103,9.925108311193915
Defect_L15_B55_el1467_H4_W4.npy,-272.1415,4775.47722,-354.3208753000001,80.64971999999989,-0.006588001919875686,9.853980015587638
Defect_L15_B56_el1471_H4_W4.npy,-272.1416,4775.49696,-352.13064880000024,76.31649670000024,-0.013310285557652849,9.758701084277735
Defect_L15_B57_el1475_H4_W4.npy,-272.14759999999995,4775.48666,-350.1183052000001,74.29299169999967,-0.01774384698354439,9.687532946936281
Defect_L15_B58_el1479_H4_W4.npy,-272.15720000000005,4775.4779,-349.94383859999994,73.09922059999985,-0.020506268184636915,9.679114863469234
Defect_L15_B59_el1483_H4_W4.npy,-272.1584,4775.4694500000005,-352.0193972000002,72.39000080000005,-0.020826565208750692,9.744766280030717
Defect_L15_B5_el131_H4_W4.npy,-272.15770000000003,4775.4382399999995,-386.5944299999999,92.52058680000027,-0.0033630779710216037,10.944268369643131
Defect_L15_B60_el1487_H4_W4.npy,-272.1636,4775.482789999999,-354.8325007000001,73.56038009999975,-0.018443321382341813,9.843734024643503
Defect_L15_B61_el1491_H4_W4.npy,-272.1676,4775.47407,-356.47214880000024,74.99574460000008,-0.014757822962918004,9.910996988514562
Defect_L15_B62_el1495_H4_W4.npy,-272.16749999999996,4775.45339,-356.86006739999993,76.97048809999978,-0.010573879181695243,9.933182871303082
Defect_L15_B63_el1499_H4_W4.npy,-272.1655,4775.42145,-356.46713069999987,81.06141599999978,-0.005184093004777967,9.942284967633173
Defect_L15_B64_el1503_H4_W4.npy,-272.15959999999995,4775.36844,-354.102946,93.01775399999997,0.0032073299956340657,9.931665152395883
Defect_L15_B65_el1507_H4_W4.npy,-272.1545,4775.32514,-339.03590800000006,163.10512999999992,0.018395034894455573,9.688428084836698
Defect_L15_B66_el1795_H4_W4.npy,-272.158,4775.39862,-334.65228000000025,163.45990999999958,0.019534804608176054,9.591528161684298
Defect_L15_B67_el1799_H4_W4.npy,-272.1474,4775.44859,-348.03684999999973,92.57092199999988,0.0028544552302901035,9.777384799964292
Defect_L15_B68_el1803_H4_W4.npy,-272.1386,4775.49827,-348.04907690000005,80.73701100000017,-0.0067289238935177575,9.707394225254472
Defect_L15_B69_el1807_H4_W4.npy,-272.1413,4775.50769,-345.51913579999996,76.66116709999983,-0.012865820720920086,9.60160472182389
Defect_L15_B6_el135_H4_W4.npy,-272.1591,4775.43935,-379.337616,90.7742860999997,-0.004851300040037133,10.754810462809933
Defect_L15_B70_el1811_H4_W4.npy,-272.1483,4775.4866,-342.70494110000004,74.85467429999994,-0.016916182303531632,9.510553144861923
Defect_L15_B71_el1815_H4_W4.npy,-272.1607,4775.46723,-343.0005663000002,73.83250139999996,-0.02013960371671993,9.516563156610164
Defect_L15_B72_el1819_H4_W4.npy,-272.159,4775.44928,-347.45861160000004,73.2395333999998,-0.021092223798165333,9.651837328974443
Defect_L15_B73_el1823_H4_W4.npy,-272.1644,4775.47387,-352.57287480000014,75.17340360000003,-0.017982261904045647,9.828910582287307
Defect_L15_B74_el1827_H4_W4.npy,-272.1673,4775.46515,-353.98896809999997,76.77492990000019,-0.013893958339242993,9.89812126261149
Defect_L15_B75_el1831_H4_W4.npy,-272.1673,4775.44405,-353.2051087,78.24775750000026,-0.010620414974278947,9.873120895214065
Defect_L15_B76_el1835_H4_W4.npy,-272.1634,4775.41171,-352.15065789999994,81.99497199999996,-0.006189984284535732,9.853146437089555
Defect_L15_B77_el1839_H4_W4.npy,-272.15760000000006,4775.35829,-349.5646899999999,93.52972599999976,0.0015096443596098689,9.83079472713947
Defect_L15_B78_el1843_H4_W4.npy,-272.1506,4775.31446,-334.3828639999999,164.11216000000013,0.016356186717356492,9.58094491900504
Defect_L15_B79_el2131_H4_W4.npy,-272.162,4775.43131,-328.0034740000003,158.05917999999974,0.011480505366274638,9.41321402888994
Defect_L15_B7_el139_H4_W4.npy,-272.15909999999997,4775.42823,-371.8571790000001,89.00022280000007,-0.00582050920664758,10.554898782970382
Defect_L15_B80_el2135_H4_W4.npy,-272.147,4775.49069,-344.488378,89.43391300000008,-0.0010560564697392144,9.695890649090343
Defect_L15_B81_el2139_H4_W4.npy,-272.1354,4775.549840000001,-348.1762365000002,79.85229049999998,-0.0064907087022540695,9.730944472721413
Defect_L15_B82_el2143_H4_W4.npy,-272.14160000000004,4775.54911,-348.09463189999997,78.06597959999976,-0.009007947108284125,9.686325059839344
Defect_L15_B83_el2147_H4_W4.npy,-272.1571,4775.4773,-344.7029394000001,74.80436200000008,-0.009830181558729905,9.580478068413354
Defect_L15_B84_el2151_H4_W4.npy,-272.1665,4775.43607,-345.65777030000004,74.19186930000001,-0.010635351039624333,9.607433942217325
Defect_L15_B85_el2155_H4_W4.npy,-272.15700000000004,4775.40811,-353.86491896000007,74.22087169999986,-0.012613329140633286,9.855156583770306
Defect_L15_B86_el2159_H4_W4.npy,-272.1617,4775.444399999999,-362.7703703999998,77.8935421000001,-0.009975949087893734,10.152370487925975
Defect_L15_B87_el2163_H4_W4.npy,-272.16130000000004,4775.434850000001,-359.4927395999998,79.54023810000012,-0.009562673999587839,10.096708875310156
Defect_L15_B88_el2167_H4_W4.npy,-272.1612,4775.42339,-354.01343480000014,77.33075209999993,-0.010752685848237978,9.89064576589124
Defect_L15_B89_el2171_H4_W4.npy,-272.1583,4775.3910000000005,-350.5674336999998,80.6187289999998,-0.009227232026840759,9.793060091499294
Defect_L15_B8_el143_H4_W4.npy,-272.1601,4775.41865,-364.0890650000001,87.1520794999999,-0.006432564954225012,10.341370408737717
Defect_L15_B90_el2175_H4_W4.npy,-272.15160000000003,4775.35733,-346.84512600000016,91.9958650000001,-0.0033822279051686217,9.738100604591411
Defect_L15_B91_el2179_H4_W4.npy,-272.1437,4775.30287,-331.30937700000004,161.35959000000003,0.010201896266919343,9.478774581778856
Defect_L15_B92_el2467_H4_W4.npy,-272.1558,4775.47239,-294.29018799999994,140.25761999999986,-0.027894615028933926,8.52540616726716
Defect_L15_B93_el2471_H4_W4.npy,-272.1332,4775.5877900000005,-319.7690166,88.10282460000008,-0.022861008307996176,9.151518063692052
Defect_L15_B94_el2475_H4_W4.npy,-272.119,4775.71409,-340.1640956000001,95.38564079999992,-0.0008281932153409959,9.72871110803251
Defect_L15_B95_el2479_H4_W4.npy,-272.1379,4775.79459,-364.8737413000001,102.1552459999998,0.032777525924351944,10.412508449293306
Defect_L15_B96_el2499_H4_W4.npy,-272.122,4775.4130700000005,-368.43820596000046,90.03999799999974,0.013668355968986252,10.323637964093278
Defect_L15_B97_el2503_H4_W4.npy,-272.1445,4775.47812,-343.30866430000015,87.70681528799969,-0.005565220161419874,9.4746271805261
Defect_L15_B98_el2507_H4_W4.npy,-272.1524,4775.46017,-331.1675545999999,82.29799809999986,-0.02040238159491465,9.167214086183488
Defect_L15_B99_el2511_H4_W4.npy,-272.14799999999997,4775.39768,-325.31486169999994,81.72212800000034,-0.02501060365647112,9.069615050406847
Defect_L15_B9_el147_H4_W4.npy,-272.1594,4775.4184000000005,-355.794852,85.1569712999999,-0.00680162280218846,10.10449245006256
Defect_L16_B100_el2515_H4_W4.npy,-272.137,4775.32222,-319.6160609999997,151.52724000000035,-0.01776512904470021,9.42882154328291
Defect_L16_B101_el2803_H4_W4.npy,-272.1576,4775.48203,-237.82233499999984,125.05935999999974,-0.08650221002803081,7.182215940072852
Defect_L16_B102_el2807_H4_W4.npy,-272.1406,4775.59206,-236.3846532,72.83232959999987,-0.09820332420447653,7.04230006991951
Defect_L16_B103_el2811_H4_W4.npy,-272.1245,4775.69001,-217.30144729999984,74.22969430000012,-0.09749048890906378,6.634121213927868
Defect_L16_B104_el2815_H4_W4.npy,-272.12350000000004,4775.819,-203.3762107,90.03536019999979,-0.05470957758686224,6.3013049999687984
Defect_L16_B105_el2835_H4_W4.npy,-272.0319,4775.64154,-186.9742154999999,119.6212289099999,0.22742811023741932,5.989639665899473
Defect_L16_B106_el2839_H4_W4.npy,-272.1164,4775.69348,-2050.749,89.92088690000014,-0.15978959764913217,18.35505562393474
Defect_L16_B107_el2843_H4_W4.npy,-272.15770000000003,4775.60227,-221.53555970000002,63.41156870000009,-0.07400220669901332,6.671956300788011
Defect_L16_B108_el2847_H4_W4.npy,-272.1625,4775.48355,-249.2132611999998,69.51385900000014,-0.08449323634206801,7.292865608483651
Defect_L16_B109_el2851_H4_W4.npy,-272.1483,4775.36694,-255.11058000000003,126.16951999999992,-0.07712575861986318,7.5838797678602266
Defect_L16_B10_el151_H4_W4.npy,-272.1587,4775.40805,-350.542324,92.33317540000007,-0.007058058678438946,10.216257451568252
Defect_L16_B110_el3139_H4_W4.npy,-272.17220000000003,4775.57288,-279.2430979999997,132.47789000000012,-0.054999075240087486,8.205618992392843
Defect_L16_B111_el3143_H4_W4.npy,-272.17900000000003,4775.6072,-279.6921090000001,74.49664000000007,-0.05187685693902348,8.061938654386745
Defect_L16_B112_el3147_H4_W4.npy,-272.1799,4775.464849999999,-267.42928010000014,88.55387619999988,-0.011925340362537335,7.867634762864993
Defect_L16_B113_el3151_H4_W4.npy,-272.13530000000003,4775.0427199999995,-258.1206536000002,117.89122374000021,0.10753956706031001,8.02542698344267
Defect_L16_B114_el3171_H4_W4.npy,-272.4015,4774.9460500000005,-372.37192970000024,189.5283129999998,0.451085927237504,12.06571776849411
Defect_L16_B115_el3175_H4_W4.npy,-272.2083,4774.77179,-301.1850869,146.32112286380016,0.1173569987709871,9.847309127311851
Defect_L16_B116_el3179_H4_W4.npy,-272.1499,4774.9480699999995,-277.6059941999997,104.08179309999991,-0.022417528085633773,8.675316345112671
Defect_L16_B117_el3183_H4_W4.npy,-272.1441,4775.14246,-269.6001018000002,88.23593000000028,-0.06881663271167551,8.119561858020942
Defect_L16_B118_el3187_H4_W4.npy,-272.1475,4775.24241,-254.1514629999997,131.62360000000012,-0.07598109907623835,7.6950455919598015
Defect_L16_B119_el3475_H4_W4.npy,-272.1634,4775.825900000001,-323.0391339999999,152.5149600000002,-0.009958203146450956,9.535991080684768
Defect_L16_B11_el155_H4_W4.npy,-272.1578,4775.40738,-340.33733900000016,89.56562390000022,-0.0057628183494470185,9.893441804014794
Defect_L16_B120_el3479_H4_W4.npy,-272.1407,4775.911819999999,-338.5597859999998,86.05167600000004,-0.01692786722468174,9.732326015944968
Defect_L16_B121_el3483_H4_W4.npy,-272.1152,4775.896250000001,-344.2822963000003,84.53426270000023,-0.012314423744571146,9.825637041552293
Defect_L16_B122_el3487_H4_W4.npy,-272.07739999999995,4775.8351600000005,-350.92346240000006,85.28784928999994,-0.002082975605606856,10.02152541104735
Defect_L16_B123_el3491_H4_W4.npy,-272.2647,4775.72973,-363.4281175000001,82.3642319999999,0.003449915321194737,10.51064145974869
Defect_L16_B124_el3495_H4_W4.npy,-272.5527,4774.0752600000005,-393.9643669999998,82.42775720999998,0.014389082653050377,11.283042847495858
Defect_L16_B125_el3499_H4_W4.npy,-271.92220000000003,4774.164110000001,-390.40693749,81.09411970000019,0.027045219308608003,11.415250667300558
Defect_L16_B126_el3503_H4_W4.npy,-272.02959999999996,4774.83571,-393.8403301000001,83.68760981000014,0.03363019761968201,11.414553621514463
Defect_L16_B127_el3507_H4_W4.npy,-272.1243,4775.00564,-383.1159276000001,98.6344684820001,0.02832070234880061,11.263611332837048
Defect_L16_B128_el3511_H4_W4.npy,-272.1234,4774.93988,-374.79065990000026,107.52369090000002,0.023068709679977296,10.997604530718984
Defect_L16_B129_el3515_H4_W4.npy,-272.1221,4775.03133,-358.64125369999965,102.99368040100035,0.0020620237312782633,10.474205374836593
Defect_L16_B12_el159_H4_W4.npy,-272.156,4775.3967999999995,-328.7658230000002,86.92103740000016,-0.00040897575558654375,9.530258830160543
Defect_L16_B130_el3519_H4_W4.npy,-272.1328,4775.19311,-340.6973270000001,96.3791189000001,-0.015938371741106273,9.942486456344364
Defect_L16_B131_el3523_H4_W4.npy,-272.1422,4775.29676,-314.12036699999976,150.2436499999999,-0.020522777731533468,9.345922545354327
Defect_L16_B132_el3811_H4_W4.npy,-272.15959999999995,4776.27769,-306.419531,142.1496599999998,-0.025303814728970826,9.161073169817607
Defect_L16_B133_el3815_H4_W4.npy,-272.0938,4776.28839,-334.14732000000004,98.27185809999992,-0.018655371255776505,9.794502292286515
Defect_L16_B134_el3819_H4_W4.npy,-272.027,4776.2113899999995,-354.0145064000001,101.89293665000014,-0.0011639700682847202,10.342542025638501
Defect_L16_B135_el3823_H4_W4.npy,-272.01840000000004,4776.1965199999995,-370.7000522000001,100.69716010000047,0.015466145519127178,10.795977397365968
Defect_L16_B136_el3827_H4_W4.npy,-272.4528,4775.90567,-379.1630899000004,89.4532994000001,0.02423838630184063,11.012445883202268
Defect_L16_B137_el3831_H4_W4.npy,-272.7239,4772.73276,-398.5442089999999,86.31883113799995,0.048316575998787255,11.482643213261865
Defect_L16_B138_el3835_H4_W4.npy,-271.8661,4773.32908,-398.13830846199994,82.01012919999994,0.04536440670479127,11.665342408643035
Defect_L16_B139_el3839_H4_W4.npy,-271.80949999999996,4773.93193,-406.1104280000002,88.33830009999974,0.027180180201336834,11.790343490581712
Defect_L16_B13_el163_H4_W4.npy,-272.156,4775.39649,-308.210861,136.20069000000012,0.020284002431308967,9.11646817294382
Defect_L16_B140_el3843_H4_W4.npy,-271.9968,4774.48518,-379.73676079999973,91.04560393000065,0.011331926300582044,11.038357315865385
Defect_L16_B141_el3847_H4_W4.npy,-272.08279999999996,4775.0485100000005,-358.4636823000001,88.10720810000021,-0.003825943224804536,10.24430770433586
Defect_L16_B142_el3851_H4_W4.npy,-272.1123,4775.273300000001,-345.05005410000035,86.27845329999968,-0.016698933407781245,9.84637836550225
Defect_L16_B143_el3855_H4_W4.npy,-272.12080000000003,4775.39007,-335.26033600000005,85.27691459999983,-0.023642709626907697,9.62821209456044
Defect_L16_B144_el3859_H4_W4.npy,-272.1185,4775.453219999999,-317.2776230000002,148.84253000000035,-0.019255067168765377,9.345617349277093
Defect_L16_B145_el4147_H4_W4.npy,-272.13379999999995,4776.91673,-209.89735999999994,110.57592,-0.08526875557391131,6.57495060451231
Defect_L16_B146_el4151_H4_W4.npy,-271.8867,4775.99907,-234.4089462999999,96.2754010000001,-0.044711389210663414,7.591497415090609
Defect_L16_B147_el4155_H4_W4.npy,-271.5521,4774.393859999999,-259.963978,127.59594290000018,0.05591064392937108,8.895141649331281
Defect_L16_B148_el4159_H4_W4.npy,-271.46450000000004,4772.74349,-306.9041657,166.33336120000013,0.2580765662687629,10.710141501935734
Defect_L16_B149_el4179_H4_W4.npy,-271.8267,4775.96255,-297.49689098,184.0121487,0.5538160752157215,9.885419342434668
Defect_L16_B14_el451_H4_W4.npy,-272.1581,4775.40736,-359.4742119999996,174.70984999999973,0.015596233941157984,10.646854072829282
Defect_L16_B150_el4183_H4_W4.npy,-272.1634,4776.52375,-244.27421772000002,131.05787080000005,0.21489626000215395,8.11582149371242
Defect_L16_B151_el4187_H4_W4.npy,-272.1896,4775.99207,-238.3966857999999,99.2469908999999,0.032428545404087135,7.4233817734678675
Defect_L16_B152_el4191_H4_W4.npy,-272.173,4775.791160000001,-246.61456299999986,80.82268690000001,-0.050244130150992376,7.2657631440407116
Defect_L16_B153_el4195_H4_W4.npy,-272.1485,4775.7408700000005,-247.28899599999977,110.30754000000002,-0.07687027888524824,7.276530733411363
Defect_L16_B154_el4483_H4_W4.npy,-272.5125,4779.09685,-119.7058601,66.98330999999996,-0.1071395027637144,3.6958439963137386
Defect_L16_B155_el4487_H4_W4.npy,-272.297,4777.86182,-116.1874939999999,41.507114200000046,-0.10046860494246099,3.6147453912434155
Defect_L16_B156_el4491_H4_W4.npy,-271.883,4775.906690000001,-105.30414040000016,47.09956139999986,-0.0813052156655731,3.3574514224148615
Defect_L16_B157_el4495_H4_W4.npy,-271.41880000000003,4773.64281,-92.47690150000011,51.86723239999998,-0.04430073984707051,2.9602736084509957
Defect_L16_B158_el4515_H4_W4.npy,-272.3168,4776.8686,-146.9196,52.610051999999996,0.053531078745210084,2.5082445247563423
Defect_L16_B159_el4519_H4_W4.npy,-272.1141,4775.51763,-78.61574269999994,56.52443729999999,-0.0050890208681117245,2.675919814812752
Defect_L16_B15_el455_H4_W4.npy,-272.1554,4775.42727,-376.296296,99.63169500000049,0.003067842357480232,10.872024279228176
Defect_L16_B160_el4523_H4_W4.npy,-272.1449,4775.629269999999,-92.29567643999997,51.61226572999999,-0.058827414307661564,3.136930557365795
Defect_L16_B161_el4527_H4_W4.npy,-272.18850000000003,4776.04888,-118.68812170000012,41.82765699999993,-0.09514274991616756,3.67110294443008
Defect_L16_B162_el4531_H4_W4.npy,-272.2135,4776.31247,-136.6426775000001,71.25920999999994,-0.11187027987947785,4.094821488439416
Defect_L16_B163_el4819_H4_W4.npy,-272.3164,4787.623100000001,-166.2526700000002,87.22144000000003,-0.10160539746053594,4.923242615683914
Defect_L16_B164_el4823_H4_W4.npy,-271.9119,4789.62462,-149.48357410000006,57.22041950000005,-0.07042796969821571,4.657414835867253
Defect_L16_B165_el4827_H4_W4.npy,-270.70279999999997,4796.27164,-127.16471650000005,79.47219109000002,-0.003474899542684634,4.441772896782476
Defect_L16_B166_el4831_H4_W4.npy,-265.54839999999996,4812.2529,-129.94380779999995,98.26684360000002,0.10536804783333607,4.472281725706865
Defect_L16_B167_el4851_H4_W4.npy,-272.5512,4784.74594,-139.1918829,80.61691759999997,0.08729263430832,4.060210241636118
Defect_L16_B168_el4855_H4_W4.npy,-272.473,4785.03014,-147.34122038999988,94.80631030000006,0.02448732522698332,4.9261849140670995
Defect_L16_B169_el4859_H4_W4.npy,-272.4118,4782.14548,-146.75170819999994,82.06573591000006,-0.04351844261207834,4.878826994913444
Defect_L16_B16_el459_H4_W4.npy,-272.15270000000004,4775.43732,-378.474864,87.57589199999984,-0.003788390805466927,10.858111227926763
Defect_L16_B170_el4863_H4_W4.npy,-272.3711,4780.15228,-146.21998509999992,64.30716151000001,-0.08231271068762831,4.7143833510795545
Defect_L16_B171_el4867_H4_W4.npy,-272.3691,4779.13379,-141.11937079999996,83.51371000000006,-0.0986362290686069,4.472956101172207
Defect_L16_B172_el5155_H4_W4.npy,-271.4862,4784.97734,-280.66195800000014,126.75748999999996,-0.05041634067607157,8.196136127432029
Defect_L16_B173_el5159_H4_W4.npy,-271.45939999999996,4782.66044,-291.18490899999983,80.45370660000003,-0.03677329157241442,8.339299463977198
Defect_L16_B174_el5163_H4_W4.npy,-271.58140000000003,4776.56799,-298.2880378,90.55779289999987,0.005545939843379518,8.56555700721414
Defect_L16_B175_el5167_H4_W4.npy,-272.4764,4760.85314,-320.9466060000002,105.2726103,0.08001199492319722,9.222885538964757
Defect_L16_B176_el5187_H4_W4.npy,-273.7354,4816.23947,-453.2573679799998,182.18179600000008,0.32030519957534076,13.584024629562487
Defect_L16_B177_el5191_H4_W4.npy,-273.08230000000003,4798.345359999999,-371.25839240000005,156.6278978599994,0.18161523246422087,11.642332414832602
Defect_L16_B178_el5195_H4_W4.npy,-272.9266,4792.02305,-321.1603511999999,130.02467120000006,0.06177103246599268,10.080632554858761
Defect_L16_B179_el5199_H4_W4.npy,-272.8632,4788.50967,-287.18840160000036,107.62559639999995,-0.015710084446345206,8.882041469642568
Defect_L16_B17_el463_H4_W4.npy,-272.15180000000004,4775.45746,-377.6059550000002,83.71876590000034,-0.007680792300193702,10.800819230951008
Defect_L16_B180_el5203_H4_W4.npy,-272.8603,4786.59453,-253.60264800000004,140.09205999999995,-0.053719270004898685,7.888830242749417
Defect_L16_B181_el5491_H4_W4.npy,-271.7264,4776.06145,-330.6927370000001,153.80232999999998,-0.004522289807151829,9.684961405148254
Defect_L16_B182_el5495_H4_W4.npy,-271.68350000000004,4775.21047,-348.5954590000001,89.57382499999994,-0.013068595303993211,9.968884960823427
Defect_L16_B183_el5499_H4_W4.npy,-271.5939,4773.524329999999,-356.46205139999984,82.22647510000002,-0.013834276707021835,10.142841111664625
Defect_L16_B184_el5503_H4_W4.npy,-271.4058,4770.557309999999,-366.1693154999998,82.50605210000003,-0.009145699556233063,10.457656782563397
Defect_L16_B185_el5507_H4_W4.npy,-270.693,4763.01498,-381.20780330000025,92.96120139999994,0.004444853959409763,11.021617229595005
Defect_L16_B186_el5511_H4_W4.npy,-276.4882,4747.411059999999,-2059.5643,90.7385546999999,-0.1367276937747516,20.775415521582527
Defect_L16_B187_el5515_H4_W4.npy,-272.4109,4774.93194,-382.4796275299998,78.12697689999982,0.01090984381527182,10.939796714216927
Defect_L16_B188_el5519_H4_W4.npy,-272.4031,4778.8904999999995,-373.4337578000002,77.40482167000027,0.014026960035431954,10.59747746308578
Defect_L16_B189_el5523_H4_W4.npy,-272.4238,4778.907139999999,-363.5118058999999,79.75766369999951,0.007490762201625852,10.367870104514875
Defect_L16_B18_el467_H4_W4.npy,-272.1538,4775.4571,-375.54419000000007,82.9150125999995,-0.009968088623303704,10.727889082367277
Defect_L16_B190_el5527_H4_W4.npy,-272.4461,4779.17002,-365.35009489999993,83.76802530000009,-0.00024365209245520632,10.426018147134698
Defect_L16_B191_el5531_H4_W4.npy,-272.57980000000003,4780.8010699999995,-362.01413330000014,87.83409030000007,-0.0026842584316246745,10.388711754047737
Defect_L16_B192_el5535_H4_W4.npy,-272.7203,4782.41003,-353.21747200000004,95.30278999999996,-0.0035336658865862403,10.225829560768746
Defect_L16_B193_el5539_H4_W4.npy,-272.8425,4783.57426,-331.8717359999998,157.66900999999984,0.0021386332246477605,9.87866248833009
Defect_L16_B194_el5827_H4_W4.npy,-271.9885,4775.08267,-336.4943430000001,158.45379999999977,0.007437494339499452,9.889821778970374
Defect_L16_B195_el5831_H4_W4.npy,-271.9567,4774.8643,-354.51445899999976,92.7126189999999,-0.002311071019854071,10.18113333897319
Defect_L16_B196_el5835_H4_W4.npy,-271.9103,4774.32502,-360.9270119999999,82.10172200000011,-0.006181969326265773,10.318526324131785
Defect_L16_B197_el5839_H4_W4.npy,-271.8686,4773.2079300000005,-366.4050729999999,84.64364930000033,-0.0062968154926115495,10.490242321985104
Defect_L16_B198_el5843_H4_W4.npy,-271.85970000000003,4771.15828,-371.85563890000003,86.83917850000012,-0.004200873159667832,10.667539008085052
Defect_L16_B199_el5847_H4_W4.npy,-274.1764,4766.83946,-372.986809,82.50710779999986,-0.007051721080210987,10.647019937092248
Defect_L16_B19_el471_H4_W4.npy,-272.15840000000003,4775.45677,-372.887612,82.76498559999982,-0.01112562052901407,10.648726841831541
Defect_L16_B1_el115_H4_W4.npy,-272.15860000000004,4775.41772,-386.38590199999953,182.75426000000016,0.016042811452302384,11.673903649524402
Defect_L16_B200_el5851_H4_W4.npy,-271.9219,4776.572999999999,-367.26720810000006,75.95732579999981,-0.011849051689764618,10.428786258368586
Defect_L16_B201_el5855_H4_W4.npy,-272.09080000000006,4777.23084,-361.64119370000003,76.5177040000001,-0.011485026151750058,10.239698163498494
Defect_L16_B202_el5859_H4_W4.npy,-272.173,4777.15139,-359.3536630999997,77.79300550000016,-0.008851731320253839,10.182757115281513
Defect_L16_B203_el5863_H4_W4.npy,-272.2314,4777.0867499999995,-361.58197010000026,79.60352999999986,-0.007654940578645741,10.262377406773957
Defect_L16_B204_el5867_H4_W4.npy,-272.3113,4777.3242,-363.8095010000002,83.67066399999976,-0.003757159657946746,10.370430271111008
Defect_L16_B205_el5871_H4_W4.npy,-272.3945,4777.69865,-362.9161840000004,95.76534400000014,0.003675479478381572,10.441156089502602
Defect_L16_B206_el5875_H4_W4.npy,-272.46959999999996,4777.99216,-348.0249849999998,167.73426999999947,0.017810632655386096,10.30135450422383
Defect_L16_B207_el6163_H4_W4.npy,-272.0935,4775.20201,-330.1569649999999,154.82983000000013,0.00863152804232711,9.720676186710692
Defect_L16_B208_el6167_H4_W4.npy,-272.07189999999997,4775.12799,-349.1487460000001,90.431779,6.130555334896513e-05,10.042999216043945
Defect_L16_B209_el6171_H4_W4.npy,-272.0546,4774.8347,-356.55864699999984,83.7562081000001,-0.0035704821510695105,10.208393171658704
Defect_L16_B20_el475_H4_W4.npy,-272.16159999999996,4775.45933,-369.9699849999997,82.95137339999997,-0.011197993383719376,10.569492610493315
Defect_L16_B210_el6175_H4_W4.npy,-272.051,4774.2996299999995,-362.24949600000014,85.62280059999989,-0.004652892014796051,10.370365934099873
Defect_L16_B211_el6179_H4_W4.npy,-272.131,4773.68517,-366.75819200000024,86.46340719999989,-0.0046790227229318365,10.499405611053556
Defect_L16_B212_el6183_H4_W4.npy,-273.2507,4771.65459,-368.5613720000001,83.71575370000005,-0.007152385848162744,10.517844179526515
Defect_L16_B213_el6187_H4_W4.npy,-271.9619,4776.215359999999,-367.6738029999999,78.67190970000001,-0.010860234941070367,10.452063156991077
Defect_L16_B214_el6191_H4_W4.npy,-272.0916,4776.5994900000005,-367.070099,78.70823500000006,-0.01134567382280831,10.408325895420779
Defect_L16_B215_el6195_H4_W4.npy,-272.1395,4776.42011,-367.95305800000006,80.35805000000005,-0.008957943449261362,10.43243199018489
Defect_L16_B216_el6199_H4_W4.npy,-272.1751,4776.26391,-370.1512499999999,82.50043700000015,-0.005890692714109206,10.514282912201676
Defect_L16_B217_el6203_H4_W4.npy,-272.2197,4776.21737,-372.08248800000024,86.65308400000004,-0.000818545144808114,10.61118749063398
Defect_L16_B218_el6207_H4_W4.npy,-272.2632,4776.23351,-371.07274800000005,98.60052799999994,0.006932226178505799,10.6718030164256
Defect_L16_B219_el6211_H4_W4.npy,-272.2977,4776.17753,-355.5292479999998,170.9714399999998,0.020286524476036166,10.502704949383466
Defect_L16_B21_el479_H4_W4.npy,-272.16049999999996,4775.44963,-366.9630010000001,83.19393689999993,-0.0101921759008115,10.491098010467741
Defect_L16_B22_el483_H4_W4.npy,-272.1622,4775.44986,-363.69427099999984,83.1736347000001,-0.008643690781000172,10.407030736819367
Defect_L16_B23_el487_H4_W4.npy,-272.16179999999997,4775.43939,-359.985676,82.83860370000002,-0.006410102264423431,10.312870627966216
Defect_L16_B24_el491_H4_W4.npy,-272.1605,4775.41848,-355.59203300000036,82.78760140000009,-0.002962442195468127,10.210914974541904
Defect_L16_B25_el495_H4_W4.npy,-272.15819999999997,4775.40741,-349.168136,90.05828100000008,0.0026767147459910356,10.092033337263189
Defect_L16_B26_el499_H4_W4.npy,-272.1558,4775.386310000001,-330.52829999999994,158.0002300000001,0.012964891108405168,9.798836287715536
Defect_L16_B27_el787_H4_W4.npy,-272.1585,4775.39714,-352.7001220000002,171.76423999999997,0.01692760110368547,10.44013823346183
Defect_L16_B28_el791_H4_W4.npy,-272.1527,4775.42687,-368.014987,97.24490400000013,0.002296295593761514,10.622963319325708
Defect_L16_B29_el795_H4_W4.npy,-272.1492,4775.44677,-369.297779,84.92057200000022,-0.006240894328942238,10.578700041501923
Defect_L16_B2_el119_H4_W4.npy,-272.1578,4775.42773,-404.55826299999967,107.16014499999983,0.005563176800711436,11.810632100265465
Defect_L16_B30_el799_H4_W4.npy,-272.1479,4775.46697,-368.30737610000006,80.6985444999998,-0.011264195705995192,10.514028309777396
Defect_L16_B31_el803_H4_W4.npy,-272.1508,4775.4765099999995,-366.91053310000007,78.74106400000005,-0.014347470466419847,10.456658009356765
Defect_L16_B32_el807_H4_W4.npy,-272.1559,4775.466640000001,-365.6820373999999,77.61980919999996,-0.01597417940909538,10.416004852150738
Defect_L16_B33_el811_H4_W4.npy,-272.16110000000003,4775.4695600000005,-364.9000784,76.92703529999994,-0.016024894918999204,10.397312200721588
Defect_L16_B34_el815_H4_W4.npy,-272.16089999999997,4775.4706400000005,-364.5501968000001,76.6094165999998,-0.014533960699689803,10.39676303727994
Defect_L16_B35_el819_H4_W4.npy,-272.1639,4775.47133,-364.1115408000003,77.71021070000006,-0.012137615190829811,10.398067752849261
Defect_L16_B36_el823_H4_W4.npy,-272.16420000000005,4775.45091,-363.19341239999994,78.83650699999998,-0.009182556435806004,10.38879242505695
Defect_L16_B37_el827_H4_W4.npy,-272.1624,4775.42975,-361.5328989999998,82.0050190000004,-0.004854128387019135,10.371474690897404
Defect_L16_B38_el831_H4_W4.npy,-272.1596,4775.39804,-357.7916889999997,93.7693119999999,0.0021203007974030194,10.337504685560384
Defect_L16_B39_el835_H4_W4.npy,-272.156,4775.36592,-341.2639459999998,164.83437999999978,0.01459032942888282,10.110881750618493
Defect_L16_B3_el123_H4_W4.npy,-272.1571,4775.42798,-403.386792,102.4385900000002,0.0010157912695606694,11.706226600704861
Defect_L16_B40_el1123_H4_W4.npy,-272.1576,4775.387110000001,-350.4882319999997,170.38419999999996,0.01876877927260762,10.374124066692293
Defect_L16_B41_el1127_H4_W4.npy,-272.1505,4775.42679,-364.89509099999987,96.3960870000003,0.002164201184606786,10.530902014558587
Defect_L16_B42_el1131_H4_W4.npy,-272.144,4775.45666,-365.40780070000005,83.95569200000045,-0.007413490357704358,10.461440605249274
Defect_L16_B43_el1135_H4_W4.npy,-272.14239999999995,4775.48672,-363.8611341999997,79.62622729999998,-0.013413584508112964,10.378568577527426
Defect_L16_B44_el1139_H4_W4.npy,-272.1483,4775.48604,-362.27076160000024,77.59071250000034,-0.017251708126036654,10.314886199931061
Defect_L16_B45_el1143_H4_W4.npy,-272.1561,4775.47595,-361.4780802999999,76.41174039999987,-0.019472625583074846,10.28720140829445
Defect_L16_B46_el1147_H4_W4.npy,-272.1611,4775.47988,-361.8699263000001,75.72243959999992,-0.019659863305458297,10.30409460488397
Defect_L16_B47_el1151_H4_W4.npy,-272.16260000000005,4775.49177,-363.1207502,75.72506180000005,-0.017660311803657278,10.352880328344641
Defect_L16_B48_el1155_H4_W4.npy,-272.1661,4775.482999999999,-364.1661723999998,76.97843519999992,-0.014506910328109163,10.400471204197574
Defect_L16_B49_el1159_H4_W4.npy,-272.1678,4775.46261,-364.50386879999974,78.97312840000018,-0.010789701692832096,10.4272254693378
Defect_L16_B4_el127_H4_W4.npy,-272.1566,4775.438279999999,-397.7563970000001,101.32214989999966,-0.0018891525346138392,11.548374736265187
Defect_L16_B50_el1163_H4_W4.npy,-272.16540000000003,4775.43106,-364.0193274999999,83.13967699999989,-0.005857347722557463,10.44297844538082
Defect_L16_B51_el1167_H4_W4.npy,-272.1611,4775.388580000001,-361.4568630000001,95.20874999999978,0.0021062046831726677,10.443745495865741
Defect_L16_B52_el1171_H4_W4.npy,-272.15500000000003,4775.33553,-345.8751339999999,167.4070899999997,0.016411576797166344,10.244236189354952
Defect_L16_B53_el1459_H4_W4.npy,-272.1581,4775.38756,-349.6676570000002,169.5075399999996,0.020247091912760418,10.369246309586055
Defect_L16_B54_el1463_H4_W4.npy,-272.1477,4775.43721,-363.4438069999999,95.98180299999967,0.0026568333516355925,10.505630118210647
Defect_L16_B55_el1467_H4_W4.npy,-272.1392,4775.47696,-363.41293799999994,83.52852200000007,-0.007652589528797733,10.418168004559057
Defect_L16_B56_el1471_H4_W4.npy,-272.1364,4775.50687,-361.2554112,79.17075260000001,-0.01419223968911265,10.316630737012446
Defect_L16_B57_el1475_H4_W4.npy,-272.1468,4775.50578,-359.20279740000024,77.12648459999991,-0.018574477679952878,10.240181052088316
Defect_L16_B58_el1479_H4_W4.npy,-272.1577,4775.46508,-358.7307375999999,75.86950849999994,-0.021656890564090602,10.22379529741467
Defect_L16_B59_el1483_H4_W4.npy,-272.1624,4775.47027,-360.50298910000015,75.09183610000014,-0.022126494901521264,10.284836913425282
Defect_L16_B5_el131_H4_W4.npy,-272.15749999999997,4775.437959999999,-390.84519000000023,100.26894600000014,-0.003874562848262752,11.364765616877024
Defect_L16_B60_el1487_H4_W4.npy,-272.16339999999997,4775.4932,-363.4069207,76.01605039999981,-0.019263153477880948,10.388253401109568
Defect_L16_B61_el1491_H4_W4.npy,-272.1692,4775.48507,-365.2823163000003,78.31811640000046,-0.015119513654797738,10.464845642803493
Defect_L16_B62_el1495_H4_W4.npy,-272.17040000000003,4775.46445,-365.79978200000005,79.83529049999993,-0.01114891063397001,10.492771895549895
Defect_L16_B63_el1499_H4_W4.npy,-272.16740000000004,4775.42227,-365.4617063999999,83.75175409999997,-0.006067555365364058,10.507266465529465
Defect_L16_B64_el1503_H4_W4.npy,-272.1616,4775.37899,-363.1698970000002,95.88525899999968,0.0022465526558456423,10.512128056465173
Defect_L16_B65_el1507_H4_W4.npy,-272.1539,4775.31489,-347.8094719999999,168.3829700000001,0.017369832795961673,10.319176682907885
Defect_L16_B66_el1795_H4_W4.npy,-272.1607,4775.398929999999,-342.8971560000002,168.9772899999998,0.018786457670449536,10.203021444439564
Defect_L16_B67_el1799_H4_W4.npy,-272.1462,4775.44844,-356.608203,95.3177499999997,0.001768414454904367,10.338131767752182
Defect_L16_B68_el1803_H4_W4.npy,-272.136,4775.49803,-356.6605543999999,83.34752600000002,-0.00779525459336624,10.253476655399057
Defect_L16_B69_el1807_H4_W4.npy,-272.1323,4775.52769,-354.21858770000017,79.2695941999998,-0.013712709070858057,10.142761915974324
Defect_L16_B6_el135_H4_W4.npy,-272.1612,4775.43481,-383.4713059999999,99.02395039999965,-0.005277057059438118,11.166474043408169
Defect_L16_B70_el1811_H4_W4.npy,-272.14910000000003,4775.51565,-351.4078291999997,77.45780290000016,-0.01766052524188136,10.047419766798244
Defect_L16_B71_el1815_H4_W4.npy,-272.1613,4775.43365,-351.4333397999999,76.34335570000007,-0.021509268187334913,10.047458554893144
Defect_L16_B72_el1819_H4_W4.npy,-272.1628,4775.4502,-355.5382095,75.6066793,-0.022803436724474307,10.181573682305444
Defect_L16_B73_el1823_H4_W4.npy,-272.1637,4775.474380000001,-360.6906521000001,79.31786213000032,-0.018810024028058505,10.361413570173111
Defect_L16_B74_el1827_H4_W4.npy,-272.1708,4775.48658,-362.30844049999996,82.50872663000018,-0.014103604144098116,10.438561570180822
Defect_L16_B75_el1831_H4_W4.npy,-272.1703,4775.45541,-361.64324579999993,82.62893069999996,-0.011067696573286042,10.417452811720825
Defect_L16_B76_el1835_H4_W4.npy,-272.1664,4775.41271,-360.6555568000001,84.37561920000007,-0.007002997868793286,10.401650541420384
Defect_L16_B77_el1839_H4_W4.npy,-272.15959999999995,4775.369,-358.13735099999985,96.08834999999999,0.000546319828409747,10.393826788769022
Defect_L16_B78_el1843_H4_W4.npy,-272.1499,4775.304120000001,-342.69863199999986,169.08744000000024,0.015467172475026575,10.194079039224055
Defect_L16_B79_el2131_H4_W4.npy,-272.1647,4775.42176,-335.889729,163.21326999999974,0.010782643800028196,10.003666861704538
Defect_L16_B7_el139_H4_W4.npy,-272.1623,4775.4289100000005,-375.87488400000007,97.76075709999964,-0.006142982811505662,10.958651369869736
Defect_L16_B80_el2135_H4_W4.npy,-272.1456,4775.49047,-352.7311350000002,92.04269999999974,-0.0020980387587882445,10.242631267082531
Defect_L16_B81_el2139_H4_W4.npy,-272.1312,4775.54965,-356.5513427000001,82.13036409999995,-0.007536455383158291,10.269644953256066
Defect_L16_B82_el2143_H4_W4.npy,-272.1266,4775.5793,-356.6850674,80.4359735999999,-0.00978566924945573,10.226243241233686
Defect_L16_B83_el2147_H4_W4.npy,-272.1605,4775.52643,-353.4658962000001,77.26747969999997,-0.010143620421660426,10.121386336682335
Defect_L16_B84_el2151_H4_W4.npy,-272.1684,4775.3719,-354.67332639999995,76.6773069999997,-0.012293721855415636,10.157192492241105
Defect_L16_B85_el2155_H4_W4.npy,-272.1603,4775.4092,-362.74896650000005,76.94157130000008,-0.015352851263085006,10.42220993084197
Defect_L16_B86_el2159_H4_W4.npy,-272.158,4775.45488,-371.32529999999997,84.05951254000024,-0.01094823171142024,10.706886596918732
Defect_L16_B87_el2163_H4_W4.npy,-272.1664,4775.45687,-367.74928120000004,86.98035070000014,-0.009105691536868705,10.642221946492805
Defect_L16_B88_el2167_H4_W4.npy,-272.1659,4775.435280000001,-362.3880475000001,82.71374942000034,-0.011248142495064534,10.432454527790316
Defect_L16_B89_el2171_H4_W4.npy,-272.1621,4775.402389999999,-358.9720509000001,82.94703619999973,-0.010044992500251707,10.334874420368624
Defect_L16_B8_el143_H4_W4.npy,-272.1601,4775.42875,-368.05955700000004,96.37465369999973,-0.006719442516604077,10.738418176067178
Defect_L16_B90_el2175_H4_W4.npy,-272.1545,4775.358209999999,-355.278943,94.49798900000019,-0.004321088725649441,10.292135507940632
Defect_L16_B91_el2179_H4_W4.npy,-272.143,4775.29266,-339.48966100000007,166.08060999999998,0.009329850149518456,10.081016017278971
Defect_L16_B92_el2467_H4_W4.npy,-272.15840000000003,4775.46286,-300.93081899999993,144.6486699999998,-0.028423289721260177,9.041447664407787
Defect_L16_B93_el2471_H4_W4.npy,-272.13169999999997,4775.58782,-326.62903029999984,97.12477839999997,-0.023718912490898584,9.636223365214493
Defect_L16_B94_el2475_H4_W4.npy,-272.1134,4775.723849999999,-347.25312340000005,105.72712405700008,-0.00166506763582588,10.222166079527302
Defect_L16_B95_el2479_H4_W4.npy,-272.1154,4775.83499,-372.5626686999999,113.16914570000017,0.03223267815663115,10.935576792146827
Defect_L16_B96_el2499_H4_W4.npy,-272.1287,4775.4457999999995,-377.07071940000037,92.90144499999997,0.016087097926120366,10.888615236112397
Defect_L16_B97_el2503_H4_W4.npy,-272.1502,4775.50043,-351.9637351000001,90.33262469999954,-0.005794684878746289,9.998096343399926
Defect_L16_B98_el2507_H4_W4.npy,-272.1563,4775.47194,-339.4821526999999,84.79525980000017,-0.02113616371552828,9.675802466053003
Defect_L16_B99_el2511_H4_W4.npy,-272.15099999999995,4775.40882,-333.378917,84.03857600000015,-0.025835123826544133,9.58415323112509
Defect_L16_B9_el147_H4_W4.npy,-272.1595,4775.4184700000005,-359.7101170000001,94.61212090000004,-0.0071293125031771576,10.495100550290715
Defect_L17_B100_el2515_H4_W4.npy,-272.1289,4775.260480000001,-503.62915299999986,227.1598200000003,-0.025327090188232298,15.144835031388636
Defect_L17_B101_el2803_H4_W4.npy,-272.16439999999994,4775.45013,-370.93751799999995,178.94901000000004,-0.13080742202303108,11.301399751926736
Defect_L17_B102_el2807_H4_W4.npy,-272.13079999999997,4775.58669,-367.2596532,126.01666599999999,-0.14564939966561713,10.896021880619788
Defect_L17_B103_el2811_H4_W4.npy,-272.099,4775.7022099999995,-334.64349249999987,118.82532900000024,-0.1486436093236239,10.039328842370617
Defect_L17_B104_el2815_H4_W4.npy,-272.0749,4775.88049,-298.63252669999997,121.88420229999997,-0.10596509309496951,8.969294361732569
Defect_L17_B105_el2835_H4_W4.npy,-272.0309,4775.66333,-260.93896760000007,146.23369999999977,0.17923167144236773,7.505537627245372
Defect_L17_B106_el2839_H4_W4.npy,-272.12,4775.70848,-2041.0029,118.25555700000018,-0.21290801850997734,19.559840737732163
Defect_L17_B107_el2843_H4_W4.npy,-272.1643,4775.5973300000005,-2053.7771,110.5433794999999,-0.2716003142297731,20.39233748875274
Defect_L17_B108_el2847_H4_W4.npy,-272.1655,4775.45694,-2056.4665999999997,124.9035058500001,-0.27674179800839815,20.95112248318772
Defect_L17_B109_el2851_H4_W4.npy,-272.1444,4775.306670000001,-2056.9447,186.4025999999999,-0.26571719147610745,21.246278545225206
Defect_L17_B10_el151_H4_W4.npy,-272.16060000000004,4775.41877,-532.2585039999999,153.82208349000007,-0.003961459594877928,15.436046807737933
Defect_L17_B110_el3139_H4_W4.npy,-272.1829,4775.56462,-440.38785499999994,198.98986000000014,-0.0834012810138325,13.19508903497036
Defect_L17_B111_el3143_H4_W4.npy,-272.1679,4775.63199,-447.46538499999997,135.9627289949999,-0.08359649027704151,12.958335452757542
Defect_L17_B112_el3147_H4_W4.npy,-272.1431,4775.50087,-437.31959860000006,149.9313239999999,-0.047188130501009576,12.616163573946894
Defect_L17_B113_el3151_H4_W4.npy,-272.01090000000005,4775.1981,-429.2456474000003,181.4826757000003,0.08189651563135124,12.60044114014507
Defect_L17_B114_el3171_H4_W4.npy,-272.46819999999997,4775.08798,-516.7237488999997,233.89889429999994,0.4214051065468233,15.453701947372645
Defect_L17_B115_el3175_H4_W4.npy,-272.2635,4774.8717799999995,-433.36842990000014,186.73639139999977,0.07435115012775873,13.375073131068222
Defect_L17_B116_el3179_H4_W4.npy,-272.19350000000003,4774.9937899999995,-413.08736669999985,152.29969880000021,-0.06473915718227595,12.522771865727389
Defect_L17_B117_el3183_H4_W4.npy,-272.1756,4775.143590000001,-410.1306628000002,138.9134921000002,-0.1092638975052233,12.235459572915959
Defect_L17_B118_el3187_H4_W4.npy,-272.1666,4775.20856,-393.10466099999985,187.0665899999999,-0.11564402916557105,11.987585568481755
Defect_L17_B119_el3475_H4_W4.npy,-272.1829,4775.92953,-507.1918210000001,228.55244000000016,-0.01166053648307461,15.244299233716667
Defect_L17_B11_el155_H4_W4.npy,-272.15999999999997,4775.40811,-517.829031,150.82344850000027,-0.00264242898590589,15.01109901632929
Defect_L17_B120_el3479_H4_W4.npy,-272.1323,4776.02581,-534.0534439999999,156.80681590000017,-0.01824916277816068,15.516694238032834
Defect_L17_B121_el3483_H4_W4.npy,-272.0719,4776.02643,-546.2781023,156.0800472000003,-0.01106262917631601,15.733921201328835
Defect_L17_B122_el3487_H4_W4.npy,-271.897,4776.0957499999995,-559.8214810000002,157.83962710000014,0.00415006496713644,16.104368195050817
Defect_L17_B123_el3491_H4_W4.npy,-272.14410000000004,4776.552699999999,-577.5865068999999,153.6616979999999,0.01738199705913839,16.747392107549267
Defect_L17_B124_el3495_H4_W4.npy,-272.8396,4772.69298,-608.2273349999998,1498.6513000000004,0.12912933336573743,21.716259818393556
Defect_L17_B125_el3499_H4_W4.npy,-271.6968,4773.43531,-608.88420879,158.86060429999998,0.03010622244171519,17.92694891111453
Defect_L17_B126_el3503_H4_W4.npy,-271.9946,4775.16077,-610.3257221000001,158.61930280000047,0.03689882430158544,17.828412891028556
Defect_L17_B127_el3507_H4_W4.npy,-272.1813,4775.23793,-595.1381507000001,170.72912468199956,0.04917753393104769,17.422222329749108
Defect_L17_B128_el3511_H4_W4.npy,-272.187,4775.10263,-578.4082366000002,178.70514559999992,0.03347986489581183,16.90295542841008
Defect_L17_B129_el3515_H4_W4.npy,-272.171,4775.1080999999995,-552.8555296999998,172.76023600000008,0.0031986646651254794,16.13659521631107
Defect_L17_B12_el159_H4_W4.npy,-272.1583,4775.3974,-501.73985300000027,149.11317480000002,0.003913704045758402,14.569861471071626
Defect_L17_B130_el3519_H4_W4.npy,-272.1669,4775.21391,-526.8004580000002,166.25628129999973,-0.021224709618394306,15.441181816149935
Defect_L17_B131_el3523_H4_W4.npy,-272.1619,4775.30284,-488.6175199999998,220.82022000000006,-0.029368352220082935,14.750357709909833
Defect_L17_B132_el3811_H4_W4.npy,-272.2087,4776.70028,-474.7113320000001,210.93481999999995,-0.038355913104498,14.350020673792157
Defect_L17_B133_el3815_H4_W4.npy,-272.12030000000004,4776.67262,-515.986384,166.9761845999999,-0.026912470657395902,15.14542712581097
Defect_L17_B134_el3819_H4_W4.npy,-272.0262,4776.54227,-546.7762414000001,171.23852690000012,-0.0010641664657292309,15.950608574229182
Defect_L17_B135_el3823_H4_W4.npy,-271.8664,4776.61762,-576.0686887000002,172.08074530000022,0.027338056849964744,16.759771282892004
Defect_L17_B136_el3827_H4_W4.npy,-271.90479999999997,4777.19265,-595.4025568000004,164.7166747000001,0.047940976717766336,17.31263309553982
Defect_L17_B137_el3831_H4_W4.npy,-273.2831,4770.28178,-618.8361390000002,162.88229980000006,0.06278176872910415,17.967021888297037
Defect_L17_B138_el3835_H4_W4.npy,-271.87109999999996,4772.40997,-620.2433267619999,160.56013200000007,0.05246323879144207,18.290723109900178
Defect_L17_B139_el3839_H4_W4.npy,-271.75,4774.2402999999995,-622.7701680000002,168.14022999999952,0.0439787178306258,18.170266632477723
Defect_L17_B13_el163_H4_W4.npy,-272.1565,4775.38672,-472.83404500000006,195.47061000000008,0.029851453199461614,14.123970304909362
Defect_L17_B140_el3843_H4_W4.npy,-272.0331,4774.67357,-595.0356335999995,166.0842818300007,0.033707573286766185,17.317807569219415
Defect_L17_B141_el3847_H4_W4.npy,-272.1063,4775.10996,-567.3732404,162.02442789999986,0.00545877671513689,16.342161451470886
Defect_L17_B142_el3851_H4_W4.npy,-272.12080000000003,4775.279399999999,-545.8807939999999,157.8023761000004,-0.016297052283152275,15.724960249536508
Defect_L17_B143_el3855_H4_W4.npy,-272.1194,4775.38379,-528.929873,156.4937344,-0.02823335359841426,15.35818472329554
Defect_L17_B144_el3859_H4_W4.npy,-272.10960000000006,4775.44615,-499.71892,223.3171000000002,-0.025633701753987888,14.99637383375041
Defect_L17_B145_el4147_H4_W4.npy,-272.2056,4777.90849,-315.07936400000017,146.27737606000005,-0.13621164131077015,9.801970251786587
Defect_L17_B146_el4151_H4_W4.npy,-271.9318,4776.8913600000005,-346.28676399999983,142.53445276999992,-0.09441566117605969,10.746125917098453
Defect_L17_B147_el4155_H4_W4.npy,-271.5652,4775.17521,-375.84722169999986,170.9604238999998,0.005875583833626153,11.980773815428467
Defect_L17_B148_el4159_H4_W4.npy,-271.36899999999997,4773.46223,-426.61739539999985,211.97573019999982,0.2098433767063039,13.817964414200656
Defect_L17_B149_el4179_H4_W4.npy,-271.8283,4775.76068,-502.4497366800001,234.13579899999968,0.5611995040405177,14.108250966819833
Defect_L17_B14_el451_H4_W4.npy,-272.1595,4775.37706,-560.4844369999996,253.9746,0.018842717354532308,16.8385461070356
Defect_L17_B150_el4183_H4_W4.npy,-272.1413,4776.33259,-415.7291803999999,194.3478889999999,0.1729366701229368,12.262502811652721
Defect_L17_B151_el4187_H4_W4.npy,-272.1657,4775.90902,-398.84098200000017,157.09062569999992,-0.01333490431272547,11.694260489785425
Defect_L17_B152_el4191_H4_W4.npy,-272.1517,4775.79388,-401.1028909999998,137.04231011000002,-0.09546359294363034,11.656808076204822
Defect_L17_B153_el4195_H4_W4.npy,-272.12910000000005,4775.79811,-394.01170899999966,170.26907000000006,-0.12108158060609017,11.764808671215013
Defect_L17_B154_el4483_H4_W4.npy,-272.72,4780.88371,-182.21943220000003,91.91622999999993,-0.158667252406213,5.631126480287996
Defect_L17_B155_el4487_H4_W4.npy,-272.46000000000004,4779.224370000001,-172.51188150000002,65.01331617000005,-0.14617532100626832,5.265476554822494
Defect_L17_B156_el4491_H4_W4.npy,-271.9837,4776.8543,-150.59874020000018,60.78445330000011,-0.12025743423976687,4.60929138453325
Defect_L17_B157_el4495_H4_W4.npy,-271.47439999999995,4774.27194,-125.5648165,59.05111039999997,-0.07250725887904924,3.7013263879984826
Defect_L17_B158_el4515_H4_W4.npy,-272.3136,4776.90527,-146.55460000000005,49.770270999999994,0.03683608909687715,2.4827243760108266
Defect_L17_B159_el4519_H4_W4.npy,-272.1234,4775.609960000001,-101.93849877000002,62.202849699999945,-0.03957159690438198,3.268490277774251
Defect_L17_B15_el455_H4_W4.npy,-272.15270000000004,4775.40615,-586.2861449999998,176.01048170000013,0.006939912497581553,17.050816321825682
Defect_L17_B160_el4523_H4_W4.npy,-272.15849999999995,4775.83313,-149.21049826999996,62.76008512999999,-0.10589650544144334,4.532986813612013
Defect_L17_B161_el4527_H4_W4.npy,-272.2077,4776.3443,-190.0001793,67.27346332999991,-0.14849120645113906,5.673658211694348
Defect_L17_B162_el4531_H4_W4.npy,-272.2395,4776.67126,-213.5241155000001,102.70551,-0.1695765022390196,6.490134760410462
Defect_L17_B163_el4819_H4_W4.npy,-273.0686,4793.57885,-262.2997770000002,120.91467000000011,-0.16218845937888152,7.841288783500482
Defect_L17_B164_el4823_H4_W4.npy,-272.75559999999996,4795.4021299999995,-243.4154049000001,84.65765899999997,-0.12954480068293717,7.163134190500853
Defect_L17_B165_el4827_H4_W4.npy,-271.4704,4801.66823,-205.14589640000008,97.35220151999988,-0.061219963669115085,6.254342575545618
Defect_L17_B166_el4831_H4_W4.npy,-265.1153,4815.8974,-164.91282028,110.36976359999994,0.05418465770613929,5.272152331049747
Defect_L17_B167_el4851_H4_W4.npy,-272.54330000000004,4784.89793,-162.10829949999993,86.40988479999999,0.061093847368858915,4.420008360571781
Defect_L17_B168_el4855_H4_W4.npy,-272.5194,4785.59256,-188.79158296000003,106.34315030000005,-0.015284844176947069,5.854343059663331
Defect_L17_B169_el4859_H4_W4.npy,-272.48830000000004,4783.13851,-202.53583860000003,96.99614321000013,-0.08942783100639051,6.308221552696977
Defect_L17_B16_el459_H4_W4.npy,-272.14820000000003,4775.43582,-589.260741,160.98997430000009,-0.0005506002591470975,16.99412572193258
Defect_L17_B170_el4863_H4_W4.npy,-272.4653,4781.4023099999995,-209.2254089999999,83.35344999999995,-0.13146466403597956,6.516542157616351
Defect_L17_B171_el4867_H4_W4.npy,-272.4792,4780.51091,-206.54000310000004,105.89721000000009,-0.15127403363681038,6.5234845336664415
Defect_L17_B172_el5155_H4_W4.npy,-271.058,4790.93303,-445.4780810000002,193.98799999999983,-0.08149083219079416,13.230316255602407
Defect_L17_B173_el5159_H4_W4.npy,-270.9814,4788.6929,-466.5042699999999,143.77223830000003,-0.06581749106824064,13.403303439112012
Defect_L17_B174_el5163_H4_W4.npy,-270.94419999999997,4782.559050000001,-483.425927,155.91500098999995,-0.018150881227766126,13.768950078976967
Defect_L17_B175_el5167_H4_W4.npy,-271.6504,4765.24497,-523.7167140000001,178.30208019999964,0.07248564658317387,14.813954695932887
Defect_L17_B176_el5187_H4_W4.npy,-275.3345,4843.0275,-664.20485398,242.17597289999958,0.35789163480043973,19.3383825479484
Defect_L17_B177_el5191_H4_W4.npy,-273.9724,4812.151419999999,-541.0968923999999,223.1440304999992,0.16543078292232835,16.3106613044731
Defect_L17_B178_el5195_H4_W4.npy,-273.4966,4800.73451,-471.06523119999974,189.23775060000003,0.028650789031502335,14.274516477441423
Defect_L17_B179_el5199_H4_W4.npy,-273.2981,4794.96246,-426.29579760000047,163.79467529999988,-0.05473466869538881,12.874275570564308
Defect_L17_B17_el463_H4_W4.npy,-272.1465,4775.466,-587.4718460000001,156.3573346999999,-0.004552684092191096,16.885941548064398
Defect_L17_B180_el5203_H4_W4.npy,-273.2566,4792.09954,-382.551465,177.97405140000023,-0.09644930343704593,11.790710692520008
Defect_L17_B181_el5491_H4_W4.npy,-271.50800000000004,4776.2595,-519.9400800000001,230.01564999999982,-0.005128318749558029,15.496621145626717
Defect_L17_B182_el5495_H4_W4.npy,-271.4813,4775.025799999999,-547.5121300000003,156.54032179999967,-0.011849711367573443,15.812255772405985
Defect_L17_B183_el5499_H4_W4.npy,-271.41560000000004,4772.61187,-558.7906603999998,148.79291599999988,-0.010285339638789645,16.02820399933421
Defect_L17_B184_el5503_H4_W4.npy,-271.23109999999997,4768.80156,-571.2103953000001,151.72034520000034,-0.001555047226645652,16.403943153909605
Defect_L17_B185_el5507_H4_W4.npy,-266.2081,4762.11907,-587.1839951000002,162.59604960000024,0.007034103408895844,17.023464497485453
Defect_L17_B186_el5511_H4_W4.npy,-281.62039999999996,4728.5754,-2059.5449,161.72666855999978,-0.12949813957798806,24.52263590952976
Defect_L17_B187_el5515_H4_W4.npy,-271.7611,4784.17945,-590.2825397299998,147.1576282000001,0.010857059047347045,17.014581796316193
Defect_L17_B188_el5519_H4_W4.npy,-272.197,4776.035150000001,-583.3143519,142.7026527999999,0.01622133695220265,16.68103877532296
Defect_L17_B189_el5523_H4_W4.npy,-272.5413,4778.8275,-573.7802107999998,144.44201929999963,0.017460722776565914,16.439973492547505
Defect_L17_B18_el467_H4_W4.npy,-272.1516,4775.476909999999,-583.6801590000002,154.31353446000003,-0.007088119110264558,16.75244437135998
Defect_L17_B190_el5527_H4_W4.npy,-272.7266,4781.59642,-571.3020566999999,151.41068210000003,0.007561199961366948,16.392711531883812
Defect_L17_B191_el5531_H4_W4.npy,-272.9292,4784.57793,-561.4948082999999,156.92396441000005,0.0013937092059812355,16.18775635757381
Defect_L17_B192_el5535_H4_W4.npy,-273.0992,4786.78847,-545.7157639999998,164.53865399999972,-0.003072114306439581,15.877081272283933
Defect_L17_B193_el5539_H4_W4.npy,-273.25489999999996,4788.25752,-512.2676019999999,229.05570000000012,-0.0005319746603035043,15.403333288604513
Defect_L17_B194_el5827_H4_W4.npy,-271.9331,4774.81463,-526.471462,234.84956999999986,0.012686826720269682,15.720787350547623
Defect_L17_B195_el5831_H4_W4.npy,-271.91650000000004,4774.58727,-553.5184539999998,161.65883742000005,0.004230735638064348,16.024979811337403
Defect_L17_B196_el5835_H4_W4.npy,-271.8883,4774.02535,-561.4764339999999,151.65964970000027,0.00011510191842717103,16.1484056172655
Defect_L17_B197_el5839_H4_W4.npy,-271.7589,4773.13332,-566.9964759999998,152.07773053000005,-0.000293411783241561,16.2993927459495
Defect_L17_B198_el5843_H4_W4.npy,-270.3699,4772.3954699999995,-571.2413802000001,153.3906644719998,0.0010744515220708834,16.432924867361653
Defect_L17_B199_el5847_H4_W4.npy,-276.3743,4758.5153,-569.8278419999999,148.6721454000001,-0.00631596608115851,16.364520978609754
Defect_L17_B19_el471_H4_W4.npy,-272.1544,4775.46856,-578.8362650000001,153.21250199999986,-0.008343770401616298,16.605615497552208
Defect_L17_B1_el115_H4_W4.npy,-272.1583,4775.40725,-595.4708319999995,256.41399,0.016510044495954314,18.044848962189963
Defect_L17_B200_el5851_H4_W4.npy,-271.13530000000003,4782.20513,-565.2886189000001,139.41539899999998,-0.01685310262160054,16.18039095404543
Defect_L17_B201_el5855_H4_W4.npy,-271.9052,4776.88077,-562.7785019,138.6652927,-0.01518027267724244,16.056329188944073
Defect_L17_B202_el5859_H4_W4.npy,-272.14680000000004,4776.82842,-563.4763891999999,140.8820223199998,-0.00791895112122418,16.07343897156184
Defect_L17_B203_el5863_H4_W4.npy,-272.27450000000005,4777.30761,-566.6712801000003,143.68085229999997,-0.004411250387877813,16.194525845328627
Defect_L17_B204_el5867_H4_W4.npy,-272.4069,4778.00942,-568.2573930000001,149.99108550000005,0.0014833349827921658,16.310196370820925
Defect_L17_B205_el5871_H4_W4.npy,-272.5326,4778.76339,-565.0636080000002,166.61563999999998,0.01050718858660314,16.377455953184086
Defect_L17_B206_el5875_H4_W4.npy,-272.65000000000003,4779.3265599999995,-540.430498,244.12815,0.024888058018385468,16.20103429358834
Defect_L17_B207_el6163_H4_W4.npy,-272.09279999999995,4775.08416,-513.6200840000001,228.1541000000002,0.013006079744606262,15.336636612202343
Defect_L17_B208_el6167_H4_W4.npy,-272.08180000000004,4775.05192,-541.8176739999999,159.20705500000008,0.006107003852560004,15.688839551201378
Defect_L17_B209_el6171_H4_W4.npy,-272.0704,4774.84064,-551.166418,150.70716700000003,0.0020882354498651156,15.852606926220885
Defect_L17_B20_el475_H4_W4.npy,-272.1571,4775.4691,-573.6777929999998,152.62713129999997,-0.008297732401355206,16.459404854907536
Defect_L17_B210_el6175_H4_W4.npy,-271.97610000000003,4774.55141,-557.504254,151.49207300000012,0.0003385629144167292,16.011036318792634
Defect_L17_B211_el6179_H4_W4.npy,-271.6173,4774.68177,-562.0046180000002,151.7918772999999,-0.0009302417743853671,16.131194047429794
Defect_L17_B212_el6183_H4_W4.npy,-274.29069999999996,4767.76634,-563.2741080000001,148.8673597000004,-0.006416822485561533,16.14364595440231
Defect_L17_B213_el6187_H4_W4.npy,-271.3852,4779.12616,-564.0010580000001,144.23404770000025,-0.01335281656801042,16.124713959324644
Defect_L17_B214_el6191_H4_W4.npy,-271.9615,4776.640219999999,-566.6834970000002,141.9843225000002,-0.0132734722448278,16.170460527326938
Defect_L17_B215_el6195_H4_W4.npy,-272.101,4776.19906,-571.0063049999999,144.6763232999997,-0.008086970945576812,16.290448768736344
Defect_L17_B216_el6199_H4_W4.npy,-272.1706,4776.15682,-575.441527,148.0271015999997,-0.0028718734379042598,16.444953832308318
Defect_L17_B217_el6203_H4_W4.npy,-272.24440000000004,4776.25989,-578.2764139999999,154.21484599999985,0.004296597998740414,16.590800693445903
Defect_L17_B218_el6207_H4_W4.npy,-272.3111,4776.41258,-576.172654,170.33649479999985,0.013790707337669997,16.682275511514316
Defect_L17_B219_el6211_H4_W4.npy,-272.372,4776.47289,-551.2330489999997,247.9307100000001,0.027062458536687588,16.49095191111228
Defect_L17_B21_el479_H4_W4.npy,-272.1612,4775.480339999999,-568.6680740000002,152.3504931,-0.006977216360242479,16.32409731367028
Defect_L17_B22_el483_H4_W4.npy,-272.1643,4775.47109,-563.6935039999998,152.05913389999978,-0.0048122460030549695,16.19431419634763
Defect_L17_B23_el487_H4_W4.npy,-272.1656,4775.45091,-558.335264,151.7690779999998,-0.0021300016873848776,16.06271308410903
Defect_L17_B24_el491_H4_W4.npy,-272.1637,4775.42989,-552.1964520000001,152.8865932000001,0.0016537089545340788,15.932926716510574
Defect_L17_B25_el495_H4_W4.npy,-272.16069999999996,4775.39833,-543.209857,162.90487910000024,0.00815614523294954,15.801426951151456
Defect_L17_B26_el499_H4_W4.npy,-272.1569,4775.36633,-515.2651800000001,231.97269000000006,0.017809227026021265,15.49191507524879
Defect_L17_B27_el787_H4_W4.npy,-272.1596,4775.35679,-551.028411,251.29786999999988,0.022776847358334802,16.57408833083068
Defect_L17_B28_el791_H4_W4.npy,-272.14919999999995,4775.40534,-574.9086890000001,171.9608558,0.006826404091528942,16.73124276536524
Defect_L17_B29_el795_H4_W4.npy,-272.1412,4775.44468,-577.283715,155.32542760000024,-0.003233610969051257,16.65363855146199
Defect_L17_B2_el119_H4_W4.npy,-272.156,4775.41698,-619.8963719999995,183.68960500000003,0.009413770607795706,18.066176502259413
Defect_L17_B30_el799_H4_W4.npy,-272.13759999999996,4775.484759999999,-576.0417300999998,149.2909934999998,-0.009020873554119985,16.55873478064332
Defect_L17_B31_el803_H4_W4.npy,-272.1476,4775.505520000001,-573.7757500999999,146.37059355000042,-0.012757745689887976,16.466216015648612
Defect_L17_B32_el807_H4_W4.npy,-272.1527,4775.47732,-571.2717193999999,144.80561590000002,-0.014882496890518748,16.384856093453458
Defect_L17_B33_el811_H4_W4.npy,-272.1551,4775.48916,-569.2878074,145.14096510000013,-0.01488978971376478,16.330109661294454
Defect_L17_B34_el815_H4_W4.npy,-272.1612,4775.51172,-568.2750258000001,146.35458979999976,-0.012678852520734621,16.311113523220666
Defect_L17_B35_el819_H4_W4.npy,-272.1689,4775.50349,-567.6316738,147.8372727999997,-0.009265462850313395,16.30934015606236
Defect_L17_B36_el823_H4_W4.npy,-272.17080000000004,4775.48341,-566.4950414,149.85969453000007,-0.005350920554290279,16.30304569678809
Defect_L17_B37_el827_H4_W4.npy,-272.1687,4775.441919999999,-564.3172949999998,154.2310324,-0.00037551186445794845,16.293424182636326
Defect_L17_B38_el831_H4_W4.npy,-272.1645,4775.399439999999,-559.0172049999996,166.67621159999976,0.00793792551530577,16.277951975286285
Defect_L17_B39_el835_H4_W4.npy,-272.15770000000003,4775.3358800000005,-533.8042379999999,242.58996999999954,0.021012668239313314,16.06706366205842
Defect_L17_B3_el123_H4_W4.npy,-272.15380000000005,4775.42694,-615.5343869999999,174.65806939999993,0.005311171355171371,17.8192244785743
Defect_L17_B40_el1123_H4_W4.npy,-272.1603,4775.33675,-548.0551039999998,249.99469,0.026579030426897715,16.492614944264602
Defect_L17_B41_el1127_H4_W4.npy,-272.145,4775.40475,-570.7505369999999,170.44918710000024,0.007506552671091526,16.615561287395145
Defect_L17_B42_el1131_H4_W4.npy,-272.13259999999997,4775.45371,-572.3029337,153.52370210000004,-0.004394563745552536,16.510815247263796
Defect_L17_B43_el1135_H4_W4.npy,-272.1259,4775.503470000001,-570.5513701999998,147.23665319999986,-0.011633492360737647,16.398507916066304
Defect_L17_B44_el1139_H4_W4.npy,-272.1445,4775.52384,-568.1273375999999,144.14146930000038,-0.016740074054491447,16.300762838990007
Defect_L17_B45_el1143_H4_W4.npy,-272.154,4775.48581,-566.0319648000002,142.26433045000022,-0.020113733802051444,16.2328051141074
Defect_L17_B46_el1147_H4_W4.npy,-272.1527,4775.49913,-565.3425938,141.99441019999995,-0.020423117647984473,16.218668328282497
Defect_L17_B47_el1151_H4_W4.npy,-272.1622,4775.5233100000005,-566.4954671,144.63270880000005,-0.017152492688917217,16.26556204339791
Defect_L17_B48_el1155_H4_W4.npy,-272.17359999999996,4775.53638,-568.2612389999999,147.25165619999984,-0.012276546275858589,16.335439715692356
Defect_L17_B49_el1159_H4_W4.npy,-272.1773,4775.50649,-569.2223077999997,149.99215860000004,-0.007301197958500409,16.38987306000878
Defect_L17_B4_el127_H4_W4.npy,-272.154,4775.437309999999,-605.4400290000003,170.9995761,0.0025105521563622995,17.51881795482449
Defect_L17_B50_el1163_H4_W4.npy,-272.1748,4775.4542599999995,-568.9273745,154.9178318000006,-0.0012798509138651458,16.434064534238043
Defect_L17_B51_el1167_H4_W4.npy,-272.1672,4775.39072,-565.3694690000002,168.6267257999998,0.00850473452584238,16.47107473476022
Defect_L17_B52_el1171_H4_W4.npy,-272.1573,4775.295340000001,-541.5480239999997,246.4087800000002,0.02448911077800117,16.305250120039585
Defect_L17_B53_el1459_H4_W4.npy,-272.1624,4775.32761,-547.2705760000001,249.31934,0.029618036384477697,16.503559943393885
Defect_L17_B54_el1463_H4_W4.npy,-272.1411,4775.40484,-569.294373,170.11141350000025,0.008754300020432232,16.60351356414735
Defect_L17_B55_el1467_H4_W4.npy,-272.1231,4775.473059999999,-570.3221020000001,153.02294220000022,-0.004216876022484949,16.48084197243545
Defect_L17_B56_el1471_H4_W4.npy,-272.1109,4775.53239,-567.9565462,146.5761645,-0.01252118291472334,16.349457836099287
Defect_L17_B57_el1475_H4_W4.npy,-272.1442,4775.56194,-564.9320486000001,143.3390220000001,-0.01877434910764568,16.234215465429187
Defect_L17_B58_el1479_H4_W4.npy,-272.1571,4775.463430000001,-562.7418802999998,141.25198770000043,-0.023721726976446315,16.167256749124558
Defect_L17_B59_el1483_H4_W4.npy,-272.15,4775.4888599999995,-563.0382120000002,140.5376124000004,-0.02457695599069827,16.190707561080483
Defect_L17_B5_el131_H4_W4.npy,-272.15619999999996,4775.44806,-593.9172680000001,167.94112210999992,0.0003699726198309455,17.194805722990726
Defect_L17_B60_el1487_H4_W4.npy,-272.1635,4775.53521,-566.0847294999999,145.0570849999997,-0.019680360820061586,16.297552753068313
Defect_L17_B61_el1491_H4_W4.npy,-272.18059999999997,4775.54987,-569.4485576000002,148.66612720000035,-0.013012319313018562,16.416033351521587
Defect_L17_B62_el1495_H4_W4.npy,-272.1849,4775.5099,-571.2088000000001,151.34745009999983,-0.0073960918442202836,16.489373439172173
Defect_L17_B63_el1499_H4_W4.npy,-272.1798,4775.44687,-571.4607713999999,156.0092014999998,-0.0010422515938160821,16.544358348230052
Defect_L17_B64_el1503_H4_W4.npy,-272.1698,4775.37201,-568.4511480000001,169.75684929999989,0.00916715625256864,16.59424667889224
Defect_L17_B65_el1507_H4_W4.npy,-272.1555,4775.26476,-545.1002210000001,247.90004000000044,0.026437880938222264,16.444058505356697
Defect_L17_B66_el1795_H4_W4.npy,-272.1678,4775.340020000001,-537.1987310000002,249.33250999999973,0.0287323878279307,16.247445848101375
Defect_L17_B67_el1799_H4_W4.npy,-272.14029999999997,4775.42647,-559.4440829999996,170.54082959999982,0.008379170434635567,16.35822362598615
Defect_L17_B68_el1803_H4_W4.npy,-272.11600000000004,4775.49377,-560.9252254,154.08717539999998,-0.003776748069579484,16.250979273742985
Defect_L17_B69_el1807_H4_W4.npy,-272.0961,4775.57218,-558.6913062000001,148.0056738000003,-0.011546927338675328,16.122327193688513
Defect_L17_B6_el135_H4_W4.npy,-272.1589,4775.44009,-581.9937580000001,164.96573956999964,-0.0013021027334463873,16.8608269705956
Defect_L17_B70_el1811_H4_W4.npy,-272.14910000000003,4775.58993,-555.0774801,145.0002281000002,-0.017675379281811548,15.991107545433414
Defect_L17_B71_el1815_H4_W4.npy,-272.1658,4775.40025,-552.9232737,142.8439823000001,-0.024517765818519277,15.930851842708325
Defect_L17_B72_el1819_H4_W4.npy,-272.147,4775.44798,-554.9382079000002,141.51928700000008,-0.026829325135976356,16.018607426603467
Defect_L17_B73_el1823_H4_W4.npy,-272.1631,4775.51666,-560.1410837000001,148.67492810000022,-0.019637556233711093,16.195597770848384
Defect_L17_B74_el1827_H4_W4.npy,-272.18580000000003,4775.55278,-564.0770915999999,152.94635229999994,-0.011347152547325826,16.330865346900143
Defect_L17_B75_el1831_H4_W4.npy,-272.18859999999995,4775.51238,-565.0037393,154.28141600000004,-0.006984838861501527,16.366701317870692
Defect_L17_B76_el1835_H4_W4.npy,-272.1816,4775.44842,-564.6392478,157.8171757,-0.001744711506584398,16.392828218096984
Defect_L17_B77_el1839_H4_W4.npy,-272.1687,4775.3625999999995,-561.4180119999999,171.36202189999995,0.007681063975125191,16.42994555317777
Defect_L17_B78_el1843_H4_W4.npy,-272.15070000000003,4775.254,-538.029113,249.5646899999997,0.024719013872800136,16.27366594473576
Defect_L17_B79_el2131_H4_W4.npy,-272.178,4775.365519999999,-524.8971670000001,241.1325999999999,0.016609247347819826,15.878009912302135
Defect_L17_B7_el139_H4_W4.npy,-272.1584,4775.438859999999,-570.0381990000001,162.18490395999993,-0.002431988309510771,16.523731958097212
Defect_L17_B80_el2135_H4_W4.npy,-272.1419,4775.47027,-551.5717450000002,166.6325412000001,0.0021734487422160275,16.14165044958624
Defect_L17_B81_el2139_H4_W4.npy,-272.10880000000003,4775.55604,-559.0448127,153.48915869999973,-0.00354681536113097,16.214666697108157
Defect_L17_B82_el2143_H4_W4.npy,-272.0754,4775.65325,-561.9520587,150.64231219999965,-0.005513505708491451,16.230724868796692
Defect_L17_B83_el2147_H4_W4.npy,-272.1648,4775.66788,-560.1623857000002,146.24887897999997,-0.006352155898029387,16.15223499966749
Defect_L17_B84_el2151_H4_W4.npy,-272.176,4775.2741399999995,-559.8983542999999,143.16458479999983,-0.013635449002116232,16.15228644706469
Defect_L17_B85_el2155_H4_W4.npy,-272.1407,4775.38537,-565.5641902000002,143.29162269999983,-0.018950065530655525,16.38452867805118
Defect_L17_B86_el2159_H4_W4.npy,-272.1548,4775.48727,-572.7248630000001,153.75405419999993,-0.00954391887536418,16.613796743328617
Defect_L17_B87_el2163_H4_W4.npy,-272.186,4775.55499,-571.9164108,157.78530610000007,-0.0029726503550655276,16.602036170676268
Defect_L17_B88_el2167_H4_W4.npy,-272.187,4775.50372,-567.1847536,154.08753170000023,-0.006083800165802102,16.425897011468287
Defect_L17_B89_el2171_H4_W4.npy,-272.1772,4775.4391000000005,-563.1415488999999,155.37182570000004,-0.00561507733610769,16.333175556325514
Defect_L17_B8_el143_H4_W4.npy,-272.1605,4775.43909,-558.0135340000002,159.55657243999985,-0.003179730936860392,16.182496543969474
Defect_L17_B90_el2175_H4_W4.npy,-272.1626,4775.35217,-557.846925,168.85149390000015,0.0007721173970646452,16.307897361992588
Defect_L17_B91_el2179_H4_W4.npy,-272.1407,4775.24201,-533.736899,245.97373000000016,0.016138235013654648,16.127238306564518
Defect_L17_B92_el2467_H4_W4.npy,-272.17650000000003,4775.410739999999,-465.4342690000001,211.5542600000001,-0.04569023743533068,14.130847682600546
Defect_L17_B93_el2471_H4_W4.npy,-272.13410000000005,4775.57208,-501.44319029999997,164.6129952000001,-0.03927358458215389,14.784485958815972
Defect_L17_B94_el2475_H4_W4.npy,-272.0985,4775.74513,-530.3838474000001,173.90982129999998,-0.011731091772057759,15.536136943545015
Defect_L17_B95_el2479_H4_W4.npy,-272.0645,4775.9335599999995,-569.2559716000001,184.36920659999987,0.03505306921054705,16.60650372138037
Defect_L17_B96_el2499_H4_W4.npy,-272.13770000000005,4775.57241,-596.8394866000006,172.35132169999997,0.04040070350450282,17.309699508130695
Defect_L17_B97_el2503_H4_W4.npy,-272.163,4775.56783,-559.5150305000002,164.93382063000035,-0.0018889215215131645,16.042530132249556
Defect_L17_B98_el2507_H4_W4.npy,-272.1657,4775.4976,-538.4941917000001,155.47878440000045,-0.026050424934778722,15.493907648592058
Defect_L17_B99_el2511_H4_W4.npy,-272.15340000000003,4775.391750000001,-526.7626619999999,153.9652421000003,-0.033697714802658534,15.30835158843898
Defect_L17_B9_el147_H4_W4.npy,-272.16110000000003,4775.42915,-545.5694110000002,156.82018550999965,-0.0037516477445626805,15.82480760502669
Defect_L18_B100_el2515_H4_W4.npy,-272.1234,4775.2287,-517.7208799999999,278.05879400000026,-0.030465327168060555,16.567718072214983
Defect_L18_B101_el2803_H4_W4.npy,-272.1827,4775.4502600000005,-381.968884,219.442951,-0.1328913096621557,12.398515704002811
Defect_L18_B102_el2807_H4_W4.npy,-272.1452,4775.60668,-379.5313051999999,162.0492757999998,-0.14544578211484901,11.873465501104583
Defect_L18_B103_el2811_H4_W4.npy,-272.1049,4775.7320500000005,-351.6784801,152.67046900000014,-0.14673498620011535,10.942733498029643
Defect_L18_B104_el2815_H4_W4.npy,-272.0434,4775.92929,-331.58242600000005,152.90108910000004,-0.10194705349857394,9.810219970401642
Defect_L18_B105_el2835_H4_W4.npy,-272.0319,4775.672369999999,-278.6400082,167.83269999999993,0.18669603009534444,7.869931977511072
Defect_L18_B106_el2839_H4_W4.npy,-272.12230000000005,4775.72009,-2033.0643,141.34799280000016,-0.20956934247321413,19.79071310944913
Defect_L18_B107_el2843_H4_W4.npy,-272.165,4775.598660000001,-2049.5319,145.11374269999988,-0.27134840572761454,20.79377848779748
Defect_L18_B108_el2847_H4_W4.npy,-272.1663,4775.44744,-2054.5229,162.6023123,-0.2779487290084789,21.48309451687858
Defect_L18_B109_el2851_H4_W4.npy,-272.1406,4775.28544,-2055.9840999999997,228.032381,-0.2688942098860893,21.90421495201614
Defect_L18_B10_el151_H4_W4.npy,-272.1617,4775.41892,-549.224586,206.15518440000028,-0.005314281374505407,16.63646517960584
Defect_L18_B110_el3139_H4_W4.npy,-272.21290000000005,4775.57632,-451.7335009999997,239.89270999999985,-0.08742718524462773,14.395855287241375
Defect_L18_B111_el3143_H4_W4.npy,-272.2044,4775.67584,-458.280401,177.12262980000014,-0.08660693502579321,13.995938287315427
Defect_L18_B112_el3147_H4_W4.npy,-272.18059999999997,4775.56843,-445.51431860000025,192.5524942999998,-0.04987442580182897,13.535241720669838
Defect_L18_B113_el3151_H4_W4.npy,-271.9502,4775.29968,-444.31543220000003,228.20538460000012,0.08038487405101022,13.403433355412233
Defect_L18_B114_el3171_H4_W4.npy,-272.363,4775.03742,-554.7579917,286.94045809999943,0.4279678571959243,16.979394986239605
Defect_L18_B115_el3175_H4_W4.npy,-272.2229,4774.832399999999,-470.7685784999999,236.48754729999973,0.08282005162714763,14.665499114514889
Defect_L18_B116_el3179_H4_W4.npy,-272.1773,4774.97395,-433.4722468,196.9840634000002,-0.06178567281314061,13.696389179312787
Defect_L18_B117_el3183_H4_W4.npy,-272.1692,4775.13341,-426.1110738000003,179.8705041000003,-0.10891769746593877,13.362834648385574
Defect_L18_B118_el3187_H4_W4.npy,-272.161,4775.1873399999995,-407.1992195,229.49444299999982,-0.11784622170646605,13.158646369081803
Defect_L18_B119_el3475_H4_W4.npy,-272.23380000000003,4775.97232,-521.029235,277.83257100000014,-0.0175089163435005,16.65813156116713
Defect_L18_B11_el155_H4_W4.npy,-272.1592,4775.40812,-533.8108949999998,201.95115590000023,-0.0042236899209360124,16.177918517847136
Defect_L18_B120_el3479_H4_W4.npy,-272.20550000000003,4776.1420100000005,-549.6813569999999,205.45687640000028,-0.024720004370494115,16.833146505136533
Defect_L18_B121_el3483_H4_W4.npy,-272.167,4776.18891,-562.0248403,205.39163520000034,-0.019440432058149285,17.030533096364604
Defect_L18_B122_el3487_H4_W4.npy,-271.841,4776.345600000001,-575.6849120000002,208.22417110000015,-0.0055607091812503295,17.421143021606962
Defect_L18_B123_el3491_H4_W4.npy,-271.6073,4777.05899,-594.9289789,205.65291099999968,0.023643131825670596,18.203667200432086
Defect_L18_B124_el3495_H4_W4.npy,-274.57,4771.77906,-630.3834459999998,1510.3361000000004,0.12896711788312937,23.077876928513984
Defect_L18_B125_el3499_H4_W4.npy,-271.794,4773.27099,-629.4683067899998,216.15703949999988,0.021139658384279086,19.58902738587055
Defect_L18_B126_el3503_H4_W4.npy,-271.97139999999996,4775.44365,-633.3293961000002,215.31094780000035,0.03884602690798992,19.43678634102434
Defect_L18_B127_el3507_H4_W4.npy,-272.1396,4775.19815,-617.7526307,226.80581278199998,0.04769583782651042,18.9509931513113
Defect_L18_B128_el3511_H4_W4.npy,-272.1555,4775.019380000001,-601.2945166,234.14465440000004,0.027174150747052376,18.397383051540267
Defect_L18_B129_el3515_H4_W4.npy,-272.15340000000003,4775.06531,-574.0924846999997,226.05132070000036,-0.002177604267864907,17.55784066087883
Defect_L18_B12_el159_H4_W4.npy,-272.1575,4775.397279999999,-516.054202,199.03198620000012,0.0018672172850668267,15.70644789441216
Defect_L18_B130_el3519_H4_W4.npy,-272.1566,4775.19205,-545.619713,217.41067520000001,-0.02533752958466621,16.809796728151117
Defect_L18_B131_el3523_H4_W4.npy,-272.1542,4775.28092,-503.6633790000001,269.8592279999998,-0.033834838541977365,16.14877724675458
Defect_L18_B132_el3811_H4_W4.npy,-272.26390000000004,4776.74156,-489.6797569999999,259.8086440000002,-0.04260597553267081,15.712464295488987
Defect_L18_B133_el3815_H4_W4.npy,-272.2163,4776.80538,-534.5593870000002,218.07035269999983,-0.03129021843693152,16.483829908827058
Defect_L18_B134_el3819_H4_W4.npy,-272.19730000000004,4776.7720500000005,-567.3431304000001,224.4327688000003,-0.007242199704103076,17.34258992210587
Defect_L18_B135_el3823_H4_W4.npy,-272.0206,4777.0601799999995,-597.4072207000002,227.15303110000013,0.019248759524544096,18.215434671495338
Defect_L18_B136_el3827_H4_W4.npy,-271.2499,4778.1875,-615.6488348,218.05075269999998,0.044362813757252234,18.797803207918406
Defect_L18_B137_el3831_H4_W4.npy,-272.82419999999996,4768.16196,-641.128735,1501.9310999999998,0.16874409256104436,23.34127479679476
Defect_L18_B138_el3835_H4_W4.npy,-272.1898,4772.39901,-641.0511337619998,219.08329980000008,0.04155744144912619,19.979246221340876
Defect_L18_B139_el3839_H4_W4.npy,-271.7362,4774.6936000000005,-647.1791200000002,227.2919109999998,0.048121582206824796,19.812715209965663
Defect_L18_B13_el163_H4_W4.npy,-272.1567,4775.386460000001,-484.2790534999999,239.2022730000001,0.02440391668904742,15.253320666914838
Defect_L18_B140_el3843_H4_W4.npy,-272.0276,4774.623329999999,-615.2328405999997,222.8150248300003,0.030558416939032017,18.799891560945795
Defect_L18_B141_el3847_H4_W4.npy,-272.0847,4775.014279999999,-584.5223613999999,212.58148889999984,-0.005013771119244165,17.69312589415406
Defect_L18_B142_el3851_H4_W4.npy,-272.1086,4775.24656,-561.7375810000001,206.5132821000002,-0.02505638294422561,17.01602788331012
Defect_L18_B143_el3855_H4_W4.npy,-272.1124,4775.37259,-543.9732779999999,204.00516100000004,-0.034832403892110925,16.645801130179215
Defect_L18_B144_el3859_H4_W4.npy,-272.1046,4775.435600000001,-512.718408,272.131932,-0.03165199329975631,16.36525511900125
Defect_L18_B145_el4147_H4_W4.npy,-272.2593,4777.92034,-336.66163860000006,184.54330969999978,-0.1377081801425683,10.776713059590648
Defect_L18_B146_el4151_H4_W4.npy,-272.0457,4776.94139,-369.2563627999998,181.0954273000002,-0.09260504497722728,11.756594861061078
Defect_L18_B147_el4155_H4_W4.npy,-271.7783,4775.2708299999995,-409.279,214.15257029999998,0.011388141533640225,13.11980134624833
Defect_L18_B148_el4159_H4_W4.npy,-271.5339,4773.69225,-469.50807870000017,262.4692073000001,0.21108474706572108,15.197654766222785
Defect_L18_B149_el4179_H4_W4.npy,-271.8193,4775.508580000001,-505.6726266800001,296.0290259999997,0.5668628928540799,14.888158633354122
Defect_L18_B14_el451_H4_W4.npy,-272.1614,4775.37717,-577.6538359999997,311.9635440000002,0.01365594342840358,18.42386035617136
Defect_L18_B150_el4183_H4_W4.npy,-272.1209,4776.25014,-426.74846190000017,241.0541714999997,0.17313595128096768,12.9853946501182
Defect_L18_B151_el4187_H4_W4.npy,-272.1616,4775.890579999999,-407.4713475000001,198.04866170000014,-0.014500049418326163,12.465460291981772
Defect_L18_B152_el4191_H4_W4.npy,-272.15279999999996,4775.78576,-408.0655149999998,175.47689149999974,-0.0974541203684427,12.521755634253136
Defect_L18_B153_el4195_H4_W4.npy,-272.133,4775.79033,-402.3584779999999,206.91306910000003,-0.12465434957653208,12.78249768628594
Defect_L18_B154_el4483_H4_W4.npy,-272.75829999999996,4780.8687899999995,-189.3498252999999,113.89103890000001,-0.16104222081142525,6.1756226460160395
Defect_L18_B155_el4487_H4_W4.npy,-272.515,4779.1734,-184.95080430000002,83.31862010000009,-0.14688331338752683,5.73533061265294
Defect_L18_B156_el4491_H4_W4.npy,-272.0821,4776.78283,-169.9642860000002,77.03652850000003,-0.12041853716567247,5.029764462952316
Defect_L18_B157_el4495_H4_W4.npy,-271.6774,4774.24202,-143.34587159999995,70.69062159999999,-0.07292127915810655,4.055505766427018
Defect_L18_B158_el4515_H4_W4.npy,-272.269,4776.69995,-146.75069999999997,52.67017837459997,0.03497312506502482,2.5543362534145744
Defect_L18_B159_el4519_H4_W4.npy,-272.1347,4775.64566,-109.97955436999996,71.21692049999996,-0.03592766997150462,3.4400924904519163
Defect_L18_B15_el455_H4_W4.npy,-272.1518,4775.4162,-606.626041,231.69558918999974,0.004188244995370351,18.547695521516548
Defect_L18_B160_el4523_H4_W4.npy,-272.1658,4775.837210000001,-166.13219370000002,75.12527499999999,-0.1038861421024101,4.819010970198586
Defect_L18_B161_el4527_H4_W4.npy,-272.21160000000003,4776.33629,-207.32436400000006,86.86580920000006,-0.14806711779058654,6.0940414088999555
Defect_L18_B162_el4531_H4_W4.npy,-272.24219999999997,4776.67292,-229.38597959999993,125.72128689999988,-0.1713028463283257,7.07027672886657
Defect_L18_B163_el4819_H4_W4.npy,-273.08910000000003,4793.50951,-279.62377049999986,142.77981450000016,-0.16380348649065618,8.48980156921272
Defect_L18_B164_el4823_H4_W4.npy,-272.7543,4795.208240000001,-261.52876430000003,109.24686732999999,-0.12802640161204978,7.648373770859685
Defect_L18_B165_el4827_H4_W4.npy,-270.88259999999997,4801.37194,-226.84762850000004,115.32200652000006,-0.05685999676389401,6.598672945156318
Defect_L18_B166_el4831_H4_W4.npy,-261.9375,4815.4093,-175.87065328000006,126.29659360000005,0.05234971650913639,5.627644024421322
Defect_L18_B167_el4851_H4_W4.npy,-272.56629999999996,4785.20805,-180.5214587999999,96.32993480000005,0.05525937141140383,4.809743894808118
Defect_L18_B168_el4855_H4_W4.npy,-272.5833,4786.14414,-214.58592829999998,122.61973030000001,-0.014209709060422437,6.4033640190345205
Defect_L18_B169_el4859_H4_W4.npy,-272.5259,4783.472650000001,-228.36324330999992,113.99621911000008,-0.08863966067903482,6.894725984477915
Defect_L18_B16_el459_H4_W4.npy,-272.1418,4775.43589,-610.3173830000001,217.73299640000005,-0.0034343858617923964,18.461102939875072
Defect_L18_B170_el4863_H4_W4.npy,-272.4838,4781.56985,-231.03238999999996,104.21419017000005,-0.13172072872241677,7.11771745197799
Defect_L18_B171_el4867_H4_W4.npy,-272.49,4780.59549,-224.40033660000017,130.47786080000003,-0.15333810603155876,7.171351283358136
Defect_L18_B172_el5155_H4_W4.npy,-271.4405,4790.0071,-453.70401400000014,229.99849299999983,-0.08751799217577437,14.345952069276116
Defect_L18_B173_el5159_H4_W4.npy,-271.4642,4787.09577,-475.0872029999998,185.3284392999999,-0.07063817317098744,14.414620473167696
Defect_L18_B174_el5163_H4_W4.npy,-271.4948,4779.64975,-490.8663200000001,199.5074598000001,-0.02460171160420415,14.746799249681446
Defect_L18_B175_el5167_H4_W4.npy,-272.29019999999997,4759.59861,-530.6800500000002,227.88329619999968,0.06151767723812175,15.831820492749046
Defect_L18_B176_el5187_H4_W4.npy,-276.1463,4844.87363,-697.40795798,304.3830638999998,0.3602269416815599,21.003280473365088
Defect_L18_B177_el5191_H4_W4.npy,-274.4352,4813.2585,-570.3053643999999,279.92113529999915,0.16855300982167387,17.772775554354617
Defect_L18_B178_el5195_H4_W4.npy,-273.71860000000004,4801.305609999999,-495.22734119999996,239.47116710000023,0.03148481127022628,15.555680904518036
Defect_L18_B179_el5199_H4_W4.npy,-273.3796,4795.21177,-445.7777706000004,209.08109360000003,-0.05338278269353093,14.032475959077107
Defect_L18_B17_el463_H4_W4.npy,-272.13530000000003,4775.4557,-608.6959800000002,212.6234938,-0.007549596157804716,18.339543061282644
Defect_L18_B180_el5203_H4_W4.npy,-273.2722,4792.2446199999995,-403.287374,223.15987810000024,-0.09763968135319374,12.920376463061064
Defect_L18_B181_el5491_H4_W4.npy,-271.5435,4776.46121,-531.9262550000001,276.245081,-0.012617880410711038,16.84926636752015
Defect_L18_B182_el5495_H4_W4.npy,-271.5353,4775.28141,-562.4040360000004,204.1129029000001,-0.01788438208737881,17.097183261360538
Defect_L18_B183_el5499_H4_W4.npy,-271.4974,4772.92104,-574.9508003999997,197.4190580000004,-0.017144824862740674,17.313585742677414
Defect_L18_B184_el5503_H4_W4.npy,-271.3189,4769.23193,-589.0460853,204.13772730000028,-0.008326204819365548,17.734963643842274
Defect_L18_B185_el5507_H4_W4.npy,-262.3277,4762.88905,-607.8547111000003,217.5372585,0.006259762653967198,18.44100285227297
Defect_L18_B186_el5511_H4_W4.npy,-284.46020000000004,4713.519200000001,-2059.5208000000002,216.82273039999973,-0.11501245340709433,25.61334210256142
Defect_L18_B187_el5515_H4_W4.npy,-272.179,4793.16981,-609.0117327299997,200.89139680000017,0.005200422058106044,18.459638124412873
Defect_L18_B188_el5519_H4_W4.npy,-272.46320000000003,4775.62151,-600.2885079000002,194.69227879999994,0.01412894682973474,18.046097717484766
Defect_L18_B189_el5523_H4_W4.npy,-272.68850000000003,4778.74668,-589.9384587999998,193.82504729999982,0.014528204035570447,17.754548315545822
Defect_L18_B18_el467_H4_W4.npy,-272.16519999999997,4775.470799999999,-604.860083,210.15033639999956,-0.00997385999668807,18.19429735953475
Defect_L18_B190_el5527_H4_W4.npy,-272.7952,4781.355100000001,-589.1005017,200.92549110000027,0.001526962714618411,17.72674627617458
Defect_L18_B191_el5531_H4_W4.npy,-272.95279999999997,4784.28431,-579.9775633000002,208.68074130000036,-0.003656673825205109,17.525928925748747
Defect_L18_B192_el5535_H4_W4.npy,-273.10580000000004,4786.54584,-563.6696089999998,215.96907109999984,-0.006822988398751957,17.221299704625714
Defect_L18_B193_el5539_H4_W4.npy,-273.2631,4788.08857,-527.571884,277.9891769999999,-0.004755281457444701,16.81607655513839
Defect_L18_B194_el5827_H4_W4.npy,-271.91659999999996,4774.89636,-539.0056870000001,283.02159900000015,0.005858423901882818,17.08945307346709
Defect_L18_B195_el5831_H4_W4.npy,-271.9016,4774.66594,-569.2646219999999,212.27950700000042,-0.00045664176694191973,17.330922762080224
Defect_L18_B196_el5835_H4_W4.npy,-271.8759,4774.06632,-578.5956040000001,203.10181009999974,-0.0045074142476806125,17.449918423999204
Defect_L18_B197_el5839_H4_W4.npy,-271.71200000000005,4773.19605,-585.3318509999999,204.23553389999984,-0.003844608879369361,17.622984402038963
Defect_L18_B198_el5843_H4_W4.npy,-269.4565,4773.28556,-590.5902532,205.9240401999998,0.0007121394796584608,17.780519994618338
Defect_L18_B199_el5847_H4_W4.npy,-277.8624,4751.73531,-587.6387929999999,200.6300920000001,-0.006184254661735123,17.688058355808117
Defect_L18_B19_el471_H4_W4.npy,-272.16929999999996,4775.4597,-599.9045680000002,208.63916919999974,-0.011231400976396222,18.033908776615068
Defect_L18_B1_el115_H4_W4.npy,-272.1601,4775.40747,-611.8298055999994,316.9453487999999,0.011363637681847193,19.50337549798623
Defect_L18_B200_el5851_H4_W4.npy,-270.68149999999997,4786.53908,-581.5891279,190.32907999999998,-0.020049053806096014,17.471646852611595
Defect_L18_B201_el5855_H4_W4.npy,-272.0378,4777.059,-578.4186819000001,187.73111770000014,-0.017762954836673898,17.322264444302306
Defect_L18_B202_el5859_H4_W4.npy,-272.2923,4776.9534300000005,-579.0435191999998,189.88396731999978,-0.0107550148226163,17.337279450538716
Defect_L18_B203_el5863_H4_W4.npy,-272.3685,4777.39504,-582.7392191000001,192.64118429999962,-0.008899017869589345,17.47461169891975
Defect_L18_B204_el5867_H4_W4.npy,-272.4604,4778.05277,-584.86653,202.0382735999999,-0.0030243287631685108,17.614838587427716
Defect_L18_B205_el5871_H4_W4.npy,-272.5627,4778.75509,-581.6735880000003,219.8746345999998,0.006633596451355739,17.723567010348464
Defect_L18_B206_el5875_H4_W4.npy,-272.6724,4779.26868,-554.8571870000001,295.46754399999963,0.019836396763126835,17.645458028162757
Defect_L18_B207_el6163_H4_W4.npy,-272.0726,4775.10533,-525.6609490000001,275.5503729999996,0.0070321117743006156,16.640455994058257
Defect_L18_B208_el6167_H4_W4.npy,-272.0575,4775.07244,-557.161229,209.60162600000035,0.0027607081094815494,16.945169124116777
Defect_L18_B209_el6171_H4_W4.npy,-272.0458,4774.81592,-567.886966,201.56872357999964,-0.0009247749447356811,17.1088391055374
Defect_L18_B20_el475_H4_W4.npy,-272.15349999999995,4775.46627,-594.4856659999998,207.84366589999968,-0.011104825554189922,17.87535186313084
Defect_L18_B210_el6175_H4_W4.npy,-271.9308,4774.56554,-575.188036,203.02484619999973,-0.0018600386508808961,17.285227997375877
Defect_L18_B211_el6179_H4_W4.npy,-271.4991,4775.358859999999,-580.2193340000001,203.5478910999998,-0.0016048390855954798,17.418623439003884
Defect_L18_B212_el6183_H4_W4.npy,-275.1389,4764.59945,-580.4092090000001,200.63679190000016,-0.007063885034585282,17.41355016137906
Defect_L18_B213_el6187_H4_W4.npy,-270.8358,4781.23773,-580.3071719999998,195.68665539999984,-0.015643702034071137,17.378228441132375
Defect_L18_B214_el6191_H4_W4.npy,-271.9668,4776.85371,-583.0170840000001,193.00750010000024,-0.0157262266533138,17.425114983611863
Defect_L18_B215_el6195_H4_W4.npy,-272.1918,4776.30157,-587.4082469999998,194.8120666000002,-0.010532402875577156,17.55697658260895
Defect_L18_B216_el6199_H4_W4.npy,-272.249,4776.2652,-591.9443570000001,199.47334550000005,-0.006121420341583499,17.724669236302073
Defect_L18_B217_el6203_H4_W4.npy,-272.2991,4776.34534,-594.9118920000001,207.3490638000003,0.0008552644050640139,17.89091542751025
Defect_L18_B218_el6207_H4_W4.npy,-272.3478,4776.45619,-592.4850989999998,223.92351999999983,0.010674850193343995,18.020528163892944
Defect_L18_B219_el6211_H4_W4.npy,-272.39919999999995,4776.455580000001,-564.8003049999998,300.71598300000005,0.022047204619444663,17.913234216315676
Defect_L18_B21_el479_H4_W4.npy,-272.1653,4775.481199999999,-589.382713,207.19924240000023,-0.00954408371444615,17.73104339526252
Defect_L18_B22_el483_H4_W4.npy,-272.168,4775.47192,-584.4295979999999,206.35562679999975,-0.0072990250003603626,17.593599833755857
Defect_L18_B23_el487_H4_W4.npy,-272.16670000000005,4775.451349999999,-578.836243,205.7269526,-0.004574599593321469,17.45197837910339
Defect_L18_B24_el491_H4_W4.npy,-272.1639,4775.430060000001,-572.2025530000001,205.9449424999998,-0.0009398262355540135,17.313470295966198
Defect_L18_B25_el495_H4_W4.npy,-272.161,4775.398319999999,-562.211963,216.04906822000044,0.005453632156340335,17.189307063751876
Defect_L18_B26_el499_H4_W4.npy,-272.1564,4775.35593,-531.2580620000001,284.0965879999999,0.012707556960787287,16.94499450586289
Defect_L18_B27_el787_H4_W4.npy,-272.1627,4775.35689,-568.5159249999999,307.4839420000003,0.01768821769917479,18.173181250502417
Defect_L18_B28_el791_H4_W4.npy,-272.148,4775.40525,-595.0781489999999,225.45412880000026,0.003598075711863225,18.2234152398092
Defect_L18_B29_el795_H4_W4.npy,-272.13349999999997,4775.44468,-597.9046799999999,209.83909530000005,-0.006759537181766332,18.1091471689133
Defect_L18_B2_el119_H4_W4.npy,-272.15520000000004,4775.4171,-637.4872529999996,244.19853180000018,0.007198123416316738,19.47504179875765
Defect_L18_B30_el799_H4_W4.npy,-272.1236,4775.48435,-596.6277270999999,203.32558280000012,-0.01255836891414891,17.997338360131494
Defect_L18_B31_el803_H4_W4.npy,-272.1604,4775.5092,-594.1883261,200.04236740000033,-0.016308701665550457,17.89220310123298
Defect_L18_B32_el807_H4_W4.npy,-272.1698,4775.4776,-591.4990164000001,198.55561220000004,-0.01856134762364839,17.79869844797846
Defect_L18_B33_el811_H4_W4.npy,-272.152,4775.486269999999,-589.2684084,198.85758740000006,-0.018476401098221025,17.7370435711972
Defect_L18_B34_el815_H4_W4.npy,-272.1659,4775.5127,-588.4430958,200.18562139999995,-0.01593477449339351,17.722323511352894
Defect_L18_B35_el819_H4_W4.npy,-272.1734,4775.514630000001,-588.1956768000002,201.83040659999983,-0.012329890987339562,17.72906965860189
Defect_L18_B36_el823_H4_W4.npy,-272.17299999999994,4775.48416,-587.1232034,203.8972706999998,-0.008622261664610109,17.727621826978122
Defect_L18_B37_el827_H4_W4.npy,-272.1689,4775.44225,-584.7303459999998,208.37969320000002,-0.003832545899276722,17.723470868895504
Defect_L18_B38_el831_H4_W4.npy,-272.1638,4775.38946,-578.7224539999997,221.55431599999997,0.004596682058616458,17.732158212558815
Defect_L18_B39_el835_H4_W4.npy,-272.1563,4775.3152199999995,-550.858798,296.93751999999995,0.015639232463082943,17.61638894997046
Defect_L18_B3_el123_H4_W4.npy,-272.1487,4775.427180000001,-634.4538670000002,233.9801367099999,0.0031324822631116603,19.197303742270147
Defect_L18_B40_el1123_H4_W4.npy,-272.1644,4775.33684,-565.4347959999998,305.64969999999994,0.021794718419844972,18.09039648528912
Defect_L18_B41_el1127_H4_W4.npy,-272.1427,4775.4046,-590.5658129999999,223.15054900000018,0.003788555030548387,18.097289992015767
Defect_L18_B42_el1131_H4_W4.npy,-272.12239999999997,4775.46364,-592.4313076999999,206.39700279999965,-0.008493959521689257,17.95138757627669
Defect_L18_B43_el1135_H4_W4.npy,-272.10790000000003,4775.5131,-590.5177302,198.9021498999998,-0.015794111914275065,17.818697268122214
Defect_L18_B44_el1139_H4_W4.npy,-272.15610000000004,4775.5371000000005,-587.8172836000001,194.9421802999998,-0.02080780929191135,17.705414548420904
Defect_L18_B45_el1143_H4_W4.npy,-272.1759,4775.4764,-585.4349918000003,193.55702150000002,-0.024252441345223506,17.62298570020236
Defect_L18_B46_el1147_H4_W4.npy,-272.1506,4775.48635,-584.5031747999999,194.9996170999998,-0.024357289043137168,17.604315165365776
Defect_L18_B47_el1151_H4_W4.npy,-272.1666,4775.53454,-586.1075691000001,198.03831230000037,-0.020632617044620206,17.665099878471207
Defect_L18_B48_el1155_H4_W4.npy,-272.1791,4775.53792,-588.5974719999997,201.16735350000022,-0.015594598765407499,17.755352421910146
Defect_L18_B49_el1159_H4_W4.npy,-272.17949999999996,4775.50756,-589.7764397999999,204.19146759999967,-0.010952431201393116,17.822163486387115
Defect_L18_B4_el127_H4_W4.npy,-272.1455,4775.43712,-624.6318810000002,229.50048819999984,0.0004883691001741519,18.873209955936737
Defect_L18_B50_el1163_H4_W4.npy,-272.1751,4775.444869999999,-589.3394925,209.40941350000026,-0.005245477674652002,17.87711796564108
Defect_L18_B51_el1167_H4_W4.npy,-272.16769999999997,4775.38078,-585.150022,223.4327208000002,0.004695251083285983,17.944106118130147
Defect_L18_B52_el1171_H4_W4.npy,-272.1551,4775.28443,-558.8107149999996,301.62250799999947,0.01917431290227394,17.885002691470472
Defect_L18_B53_el1459_H4_W4.npy,-272.1672,4775.3276,-564.6475389999998,304.99073400000043,0.02498244766863376,18.101925117212634
Defect_L18_B54_el1463_H4_W4.npy,-272.13840000000005,4775.41465,-588.931288,222.51327200000014,0.004806365075168357,18.081190913208427
Defect_L18_B55_el1467_H4_W4.npy,-272.1102,4775.48313,-590.168666,205.11464739999997,-0.008738129126103288,17.914218885972275
Defect_L18_B56_el1471_H4_W4.npy,-272.0863,4775.552070000001,-587.5306672000002,197.3674125,-0.017063902033997744,17.759180317003143
Defect_L18_B57_el1475_H4_W4.npy,-272.14970000000005,4775.58452,-584.1023786000001,193.76308500000005,-0.023101175433245726,17.62462936653849
Defect_L18_B58_el1479_H4_W4.npy,-272.1866,4775.44483,-581.5275563,191.3816026999998,-0.027963655774909474,17.540787227672624
Defect_L18_B59_el1483_H4_W4.npy,-272.1524,4775.47629,-581.6898560000002,193.14055719999988,-0.028538747249505662,17.56382419194895
Defect_L18_B5_el131_H4_W4.npy,-272.16929999999996,4775.44259,-613.0048260000001,225.52443510000012,-0.0014675725414724397,18.52577202579035
Defect_L18_B60_el1487_H4_W4.npy,-272.1671,4775.54656,-585.5398565,198.38277889999995,-0.022807250088311866,17.69544413426067
Defect_L18_B61_el1491_H4_W4.npy,-272.1859,4775.56181,-590.0061066000003,202.76371530000029,-0.01609968235372164,17.844548673377236
Defect_L18_B62_el1495_H4_W4.npy,-272.18710000000004,4775.52139,-591.9648460000001,205.77584809999985,-0.011157105733251413,17.931846210054402
Defect_L18_B63_el1499_H4_W4.npy,-272.18019999999996,4775.447649999999,-591.9984333999998,210.7456768999998,-0.005242195473193577,17.996638468993044
Defect_L18_B64_el1503_H4_W4.npy,-272.1693,4775.362099999999,-588.3016399999999,224.6556635000004,0.005197059507277271,18.076877093765606
Defect_L18_B65_el1507_H4_W4.npy,-272.1526,4775.24349,-562.4661950000002,303.62284299999965,0.021311189405113222,18.0372622074982
Defect_L18_B66_el1795_H4_W4.npy,-272.1732,4775.33002,-553.7301300000001,304.8156869999998,0.02397418688046823,17.8189241651408
Defect_L18_B67_el1799_H4_W4.npy,-272.1368,4775.43629,-578.170134,222.0371459999999,0.003992402853845575,17.811278847809003
Defect_L18_B68_el1803_H4_W4.npy,-272.101,4775.5140200000005,-579.8493294000002,204.87103319999983,-0.008829595124090208,17.66116640784895
Defect_L18_B69_el1807_H4_W4.npy,-272.06120000000004,4775.602089999999,-577.2543932000001,197.9715688000001,-0.016734015244392487,17.507971925360025
Defect_L18_B6_el135_H4_W4.npy,-272.1724,4775.44241,-600.8603280000002,221.58469539999942,-0.0029067292329304386,18.16733995374916
Defect_L18_B70_el1811_H4_W4.npy,-272.1409,4775.63153,-573.0360180999999,194.64404110000032,-0.022344650519690038,17.353210735820685
Defect_L18_B71_el1815_H4_W4.npy,-272.20050000000003,4775.36269,-570.4327187000001,192.2230232999998,-0.02871819007454506,17.27648358143063
Defect_L18_B72_el1819_H4_W4.npy,-272.1569,4775.43592,-572.5880379,193.2280163000005,-0.030631406057931194,17.376765699922124
Defect_L18_B73_el1823_H4_W4.npy,-272.16549999999995,4775.52803,-579.1058987000001,201.9511467000002,-0.021983963002098556,17.59068370535168
Defect_L18_B74_el1827_H4_W4.npy,-272.1911,4775.575150000001,-584.3802765999999,207.12844710000036,-0.014172949040862911,17.759799807933728
Defect_L18_B75_el1831_H4_W4.npy,-272.19079999999997,4775.51414,-585.2319603000001,208.57883890000016,-0.011100549533726467,17.800997911589572
Defect_L18_B76_el1835_H4_W4.npy,-272.18219999999997,4775.439350000001,-584.4386258000002,212.26833220000026,-0.006440969868996012,17.82992579652235
Defect_L18_B77_el1839_H4_W4.npy,-272.16839999999996,4775.352690000001,-580.4015339999999,225.28555070000016,0.0032072220550340273,17.89306742316226
Defect_L18_B78_el1843_H4_W4.npy,-272.14689999999996,4775.222479999999,-554.4928179999999,305.3166799999999,0.01951655063146539,17.84343136437657
Defect_L18_B79_el2131_H4_W4.npy,-272.1866,4775.36543,-541.2233330000001,295.5851050000001,0.012325004757566939,17.412931361929086
Defect_L18_B7_el139_H4_W4.npy,-272.15450000000004,4775.426130000001,-588.4659430000002,217.96332419999976,-0.003951149266072381,17.80570310222931
Defect_L18_B80_el2135_H4_W4.npy,-272.141,4775.49024,-570.374196,220.04018720000022,-0.0020030634196106724,17.57803470292189
Defect_L18_B81_el2139_H4_W4.npy,-272.09340000000003,4775.5867,-578.3197257000002,206.9948715999999,-0.008758567621131077,17.626920034949926
Defect_L18_B82_el2143_H4_W4.npy,-272.0293,4775.69396,-580.8813597000001,201.28927019999992,-0.011451379813183081,17.629742559765567
Defect_L18_B83_el2147_H4_W4.npy,-272.13509999999997,4775.72849,-578.0541567000002,196.31254098000045,-0.011364861652961425,17.524345026178242
Defect_L18_B84_el2151_H4_W4.npy,-272.19860000000006,4775.18416,-577.1871413000001,193.74253304000013,-0.017558827179421938,17.518589653257017
Defect_L18_B85_el2155_H4_W4.npy,-272.16610000000003,4775.36444,-583.8473602000001,195.54472259999966,-0.022936713191967967,17.802008334008384
Defect_L18_B86_el2159_H4_W4.npy,-272.1604,4775.49925,-592.8914769999999,208.25916960000018,-0.010181863320872602,18.068935507287755
Defect_L18_B87_el2163_H4_W4.npy,-272.1919,4775.577770000001,-592.7872738000001,212.24736779999967,-0.005513662417165989,18.059738037388303
Defect_L18_B88_el2167_H4_W4.npy,-272.18829999999997,4775.5057,-587.0845016000003,207.66941459999975,-0.011348938461346412,17.85478064394354
Defect_L18_B89_el2171_H4_W4.npy,-272.1779,4775.43004,-582.2914019,209.36632080000027,-0.01096475545574882,17.749618671557815
Defect_L18_B8_el143_H4_W4.npy,-272.1641,4775.43973,-576.028546,214.30591419999973,-0.004549665296182975,17.43992965558282
Defect_L18_B90_el2175_H4_W4.npy,-272.16139999999996,4775.34223,-576.1191100000001,221.8235833000001,-0.0040673117164468,17.744527411582173
Defect_L18_B91_el2179_H4_W4.npy,-272.13620000000003,4775.210300000001,-549.5834910000001,300.9076789999999,0.010834093732398705,17.667258183172482
Defect_L18_B92_el2467_H4_W4.npy,-272.1861,4775.42045,-482.2515340000002,261.6620029999997,-0.04832841936516948,15.516988990231331
Defect_L18_B93_el2471_H4_W4.npy,-272.1359,4775.601720000001,-521.1005482999999,215.78086410000014,-0.040797910145774954,16.136902297328987
Defect_L18_B94_el2475_H4_W4.npy,-272.0871,4775.78573,-552.7807024000001,227.49509749999993,-0.013672494046005372,16.947839795008473
Defect_L18_B95_el2479_H4_W4.npy,-272.0103,4776.015740000001,-593.9028166,240.75937410000006,0.031394021979917835,18.11451273247092
Defect_L18_B96_el2499_H4_W4.npy,-272.14300000000003,4775.574799999999,-615.6529066000003,227.25024770000027,0.03411665630428862,18.770876273300793
Defect_L18_B97_el2503_H4_W4.npy,-272.16499999999996,4775.55981,-575.8197955,216.42019163000032,-0.009815619456334607,17.363694443102844
Defect_L18_B98_el2507_H4_W4.npy,-272.16630000000004,4775.488609999999,-554.2703036999999,204.71034339999983,-0.03211964856318975,16.780296791322176
Defect_L18_B99_el2511_H4_W4.npy,-272.1522,4775.38187,-542.356792,202.25523420000013,-0.03847859998633738,16.618080336537325
Defect_L18_B9_el147_H4_W4.npy,-272.16490000000005,4775.42961,-563.1911620000001,210.28711239999984,-0.0050635736903604876,17.055497662443695
Defect_L19_B100_el2515_H4_W4.npy,-272.1134,4775.14309,-516.33058,309.1488939999997,-0.03469072604524647,16.329070341165462
Defect_L19_B101_el2803_H4_W4.npy,-272.19350000000003,4775.47083,-389.76700860000017,244.83824720000007,-0.11843160904747468,12.366898901092776
Defect_L19_B102_el2807_H4_W4.npy,-272.1719,4775.64959,-379.3078413999998,186.0761326999998,-0.1278055700392125,11.82567408734179
Defect_L19_B103_el2811_H4_W4.npy,-272.1635,4775.79916,-365.7441058999999,177.63828220000028,-0.1265388941769839,11.015224200688962
Defect_L19_B104_el2815_H4_W4.npy,-272.1394,4776.0548499999995,-351.22380350000003,180.63046700000018,-0.0826097782336146,10.166595568289255
Defect_L19_B105_el2835_H4_W4.npy,-272.0163,4775.62878,-1998.5258,162.24879999999985,0.036482011192093475,18.201095842504692
Defect_L19_B106_el2839_H4_W4.npy,-272.1264,4775.66294,-2042.6535999999999,139.75613909999993,-0.20327122375805406,19.37717495748429
Defect_L19_B107_el2843_H4_W4.npy,-272.166,4775.527840000001,-371.41517049999993,157.78608129999975,-0.114065398256828,10.738047649206925
Defect_L19_B108_el2847_H4_W4.npy,-272.1623,4775.37395,-402.30391680000025,180.2774707000001,-0.12029680536405223,12.11354811846621
Defect_L19_B109_el2851_H4_W4.npy,-272.13100000000003,4775.2098000000005,-414.19963199999984,249.83819589999985,-0.11241471736138131,13.019500728648346
Defect_L19_B10_el151_H4_W4.npy,-272.1585,4775.41871,-550.718001,251.2556336,-0.005791094580353517,16.619716581125083
Defect_L19_B110_el3139_H4_W4.npy,-272.1796,4775.53492,-449.2897061000001,264.34258969999996,-0.08481625090122552,14.086965970300742
Defect_L19_B111_el3143_H4_W4.npy,-272.1786,4775.66459,-446.62682404,189.9549618000001,-0.08599525918963662,13.387613679323495
Defect_L19_B112_el3147_H4_W4.npy,-272.1845,4775.60936,-428.6255449999999,203.2816860999999,-0.05529541050227261,12.588965206582442
Defect_L19_B113_el3151_H4_W4.npy,-272.0195,4775.46303,-426.93667960000016,237.6602558000002,0.06303857165967491,12.039010314352241
Defect_L19_B114_el3171_H4_W4.npy,-272.24010000000004,4775.08007,-608.6160950000001,345.45982899999944,0.46308795010893716,18.342635309101542
Defect_L19_B115_el3175_H4_W4.npy,-272.1737,4774.81389,-507.8439374999998,283.76387829999976,0.10804020560956817,15.609948382536846
Defect_L19_B116_el3179_H4_W4.npy,-272.1428,4774.90053,-461.01960699999995,237.85254450000002,-0.03929811894018777,14.224185485776983
Defect_L19_B117_el3183_H4_W4.npy,-272.1363,4775.04663,-440.09363069999984,215.01354059999994,-0.09077746408065192,13.594322545989542
Defect_L19_B118_el3187_H4_W4.npy,-272.1272,4775.10824,-420.9496674999998,259.63704470000016,-0.1047858742252196,13.245791435324158
Defect_L19_B119_el3475_H4_W4.npy,-272.19689999999997,4775.83651,-525.8407332999998,315.7504630000001,-0.020221082752073512,16.52074795559826
Defect_L19_B11_el155_H4_W4.npy,-272.1585,4775.40799,-534.940388,245.64526260000048,-0.005940463701786915,16.11847274311088
Defect_L19_B120_el3479_H4_W4.npy,-272.1736,4776.04172,-539.9452704,247.03616740000007,-0.02653648748478175,16.561079254052245
Defect_L19_B121_el3483_H4_W4.npy,-272.16110000000003,4776.15127,-547.7034083299998,236.62055520000035,-0.02313388540155814,16.669303093656662
Defect_L19_B122_el3487_H4_W4.npy,-271.8879,4776.5002,-559.6850102000001,240.0680851000002,-0.01176603486517671,17.005996003352507
Defect_L19_B123_el3491_H4_W4.npy,-271.8376,4777.68153,-591.6932407000002,248.65930897000044,0.01830148209744962,17.851328753633627
Defect_L19_B124_el3495_H4_W4.npy,-280.2335,4771.5242499999995,-613.5483643,1516.640300000001,0.12286618578442614,22.85555078615648
Defect_L19_B125_el3499_H4_W4.npy,-271.4693,4773.18433,-616.8740531999997,258.8719275000003,0.014033068983223308,19.262162032003378
Defect_L19_B126_el3503_H4_W4.npy,-271.88739999999996,4775.612700000001,-624.6424716000001,260.4934694999997,0.040132825219217357,19.27358385295058
Defect_L19_B127_el3507_H4_W4.npy,-272.11280000000005,4775.225420000001,-624.6974968,276.5286997819999,0.05772086254048195,19.06938254908636
Defect_L19_B128_el3511_H4_W4.npy,-272.1343,4774.941510000001,-604.2228986,284.0336153999997,0.04163717338863758,18.638866514518153
Defect_L19_B129_el3515_H4_W4.npy,-272.12390000000005,4774.92785,-578.1487612000001,273.4062537,0.01053640640548404,17.74211517643002
Defect_L19_B12_el159_H4_W4.npy,-272.1566,4775.39711,-517.6248613,240.92581430000018,-0.0019893232156742565,15.577823761279577
Defect_L19_B130_el3519_H4_W4.npy,-272.1234,4775.06095,-549.2712088000001,261.5073307,-0.01639749694499329,16.89247565936484
Defect_L19_B131_el3523_H4_W4.npy,-272.118,4775.15851,-517.0700583999999,312.53978959999995,-0.03050527677265814,16.174630240049368
Defect_L19_B132_el3811_H4_W4.npy,-272.2276,4776.45178,-508.36934399999996,308.0577250000001,-0.03594956217668259,15.837491990399009
Defect_L19_B133_el3815_H4_W4.npy,-272.1921,4776.54708,-542.5566846000002,261.3673219,-0.020917079740062527,16.62157100430366
Defect_L19_B134_el3819_H4_W4.npy,-272.20599999999996,4776.55456,-572.7617060999999,270.5131488000002,0.004638136534462467,17.52084987400103
Defect_L19_B135_el3823_H4_W4.npy,-272.1444,4777.11436,-596.4681153000001,274.96770110000034,0.028859925042389174,18.35163759251187
Defect_L19_B136_el3827_H4_W4.npy,-271.9518,4779.24699,-612.9540517000003,262.1453364170002,0.04375793465124162,18.696566373044863
Defect_L19_B137_el3831_H4_W4.npy,-273.1324,4767.4329,-626.3866548999997,1506.4095000000007,0.16115417774112487,23.105841744088718
Defect_L19_B138_el3835_H4_W4.npy,-271.8413,4772.47066,-626.3497681999997,261.3318258000004,0.02218602163111266,19.67964570900727
Defect_L19_B139_el3839_H4_W4.npy,-271.6979,4775.17421,-642.8444829,271.3805669999997,0.049127492158392266,19.64215970127117
Defect_L19_B13_el163_H4_W4.npy,-272.1558,4775.38629,-494.84898529999987,273.4459896000001,0.016001536060837585,15.033608590393982
Defect_L19_B140_el3843_H4_W4.npy,-272.05420000000004,4774.722720000001,-619.3604123500002,272.4295588300006,0.03479950577141642,18.70345367286439
Defect_L19_B141_el3847_H4_W4.npy,-272.0821,4774.87821,-575.5030347,249.3785768000007,-0.0050501029214099725,17.43534518821918
Defect_L19_B142_el3851_H4_W4.npy,-272.0834,4775.058709999999,-549.2485879000001,239.17773410000018,-0.02587967014695616,16.712900666160643
Defect_L19_B143_el3855_H4_W4.npy,-272.08200000000005,4775.211560000001,-534.9736561999998,244.4439453,-0.03555675951672835,16.366360857956845
Defect_L19_B144_el3859_H4_W4.npy,-272.0736,4775.31489,-514.8205435,306.33748790000027,-0.03477452057460252,16.165770343820572
Defect_L19_B145_el4147_H4_W4.npy,-272.2326,4777.51028,-356.7143930000001,220.20319999999992,-0.12182513608923565,11.100564726047825
Defect_L19_B146_el4151_H4_W4.npy,-272.059,4776.6034500000005,-398.6290941999998,215.98567300000013,-0.07490620787950834,12.295315015364064
Defect_L19_B147_el4155_H4_W4.npy,-271.8677,4774.99218,-448.50757154099995,255.4837473,0.03101571647030629,13.987046975412074
Defect_L19_B148_el4159_H4_W4.npy,-271.66999999999996,4773.55489,-519.3200459000001,312.5345363000001,0.23387466158443432,16.4487177630893
Defect_L19_B149_el4179_H4_W4.npy,-271.84889999999996,4775.67122,-477.2896833,320.5955479999998,0.5059870977367489,13.07679057148986
Defect_L19_B14_el451_H4_W4.npy,-272.1649,4775.3965499999995,-586.8924697,352.4199453000001,0.009729484845726718,18.311352678433806
Defect_L19_B150_el4183_H4_W4.npy,-272.12199999999996,4776.13037,-406.3225289000002,251.5066516999998,0.1491629765980765,11.450465317141747
Defect_L19_B151_el4187_H4_W4.npy,-272.16519999999997,4775.7562100000005,-396.71230920000016,207.7374539,-0.021045476815615388,11.31427890970641
Defect_L19_B152_el4191_H4_W4.npy,-272.15630000000004,4775.685710000001,-399.9406639000001,186.49478981999982,-0.09509418099831518,11.736361055559344
Defect_L19_B153_el4195_H4_W4.npy,-272.135,4775.71822,-399.5328027999999,225.37573900000007,-0.11904927186245003,12.329696691258553
Defect_L19_B154_el4483_H4_W4.npy,-272.649,4780.0574400000005,-195.4724576000001,126.65843050000001,-0.14444926525698554,6.18383818247975
Defect_L19_B155_el4487_H4_W4.npy,-272.4079,4778.48254,-193.22888139999998,95.36165360000007,-0.13180099383485194,5.787995716353368
Defect_L19_B156_el4491_H4_W4.npy,-272.0495,4776.35861,-181.12836700000014,89.59732310000004,-0.10996784837144026,5.209010780518963
Defect_L19_B157_el4495_H4_W4.npy,-272.02009999999996,4774.30543,-158.52984219999996,83.34365609999998,-0.07116010298097893,4.3674471181823895
Defect_L19_B158_el4515_H4_W4.npy,-272.3501,4776.910650000001,-149.879,58.397937999999996,0.052949708848549285,2.5857250868673267
Defect_L19_B159_el4519_H4_W4.npy,-272.133,4775.620919999999,-96.30762966999998,67.96027779999997,-0.014032100147704495,2.961127266426842
Defect_L19_B15_el455_H4_W4.npy,-272.1568,4775.42571,-599.4853694249998,280.29651006999984,0.0034132537422106855,18.37900453970877
Defect_L19_B160_el4523_H4_W4.npy,-272.1603,4775.81422,-155.8192436,76.37949479999997,-0.08152387366933003,4.219717613626962
Defect_L19_B161_el4527_H4_W4.npy,-272.2036,4776.29374,-203.46757160000004,91.84866459999989,-0.12686182734829413,5.61396286199514
Defect_L19_B162_el4531_H4_W4.npy,-272.2312,4776.589529999999,-229.1759732999999,134.34860879999985,-0.15196788388343996,6.801858987139374
Defect_L19_B163_el4819_H4_W4.npy,-272.4392,4790.68883,-275.0016806,150.42097560000002,-0.1467442605325908,7.995629812108091
Defect_L19_B164_el4823_H4_W4.npy,-272.1297,4791.58325,-253.00899750000008,110.32039559999998,-0.1098407178037401,6.887043266675943
Defect_L19_B165_el4827_H4_W4.npy,-270.3422,4796.3794800000005,-209.99332690000006,110.88822041999993,-0.03783112807767618,5.639865889114574
Defect_L19_B166_el4831_H4_W4.npy,-261.3967,4809.008500000001,-153.00826228000005,119.94021359999988,0.0729251445978037,4.818924495877268
Defect_L19_B167_el4851_H4_W4.npy,-272.8709,4785.78765,-207.2876437,109.42905260000003,0.041709110296551895,5.402756014051765
Defect_L19_B168_el4855_H4_W4.npy,-272.7437,4786.74616,-240.97354129999997,139.97692030000007,-0.01775858924036321,7.014036077727376
Defect_L19_B169_el4859_H4_W4.npy,-272.6075,4783.85729,-248.28062109999996,132.96801601000004,-0.08140142305139217,7.35087645529213
Defect_L19_B16_el459_H4_W4.npy,-272.1509,4775.45574,-601.0578039,265.1895206000004,-0.003409277396515221,18.293954804944274
Defect_L19_B170_el4863_H4_W4.npy,-272.5186,4781.67418,-245.96794740000007,122.34767560000012,-0.1187903056658597,7.40770439231636
Defect_L19_B171_el4867_H4_W4.npy,-272.4955,4780.4532500000005,-236.91944220000005,153.44836650000002,-0.13849754293298272,7.375218194753023
Defect_L19_B172_el5155_H4_W4.npy,-271.8132,4788.07593,-445.1335260000001,250.2611305999999,-0.09080340900057156,13.851846405056515
Defect_L19_B173_el5159_H4_W4.npy,-271.6136,4786.51456,-458.4212132,205.46900800000003,-0.07556447337414206,13.715004055336419
Defect_L19_B174_el5163_H4_W4.npy,-271.2776,4781.944130000001,-465.62168269999984,217.6861782999997,-0.03613507844668043,13.842818136049532
Defect_L19_B175_el5167_H4_W4.npy,-271.4952,4769.11486,-495.05664060000004,254.96263819999967,0.03989495492638475,14.766998382191323
Defect_L19_B176_el5187_H4_W4.npy,-276.4486,4840.154799999999,-742.6013600000001,360.3900609000002,0.3973609865972103,21.960325486671426
Defect_L19_B177_el5191_H4_W4.npy,-274.7343,4812.433480000001,-615.0669234999998,332.32458829999905,0.20031882391894892,18.72619051792733
Defect_L19_B178_el5195_H4_W4.npy,-273.9779,4800.84167,-532.4470338000001,285.08099370000014,0.05610873273787199,16.286998891645954
Defect_L19_B179_el5199_H4_W4.npy,-273.59040000000005,4794.622020000001,-473.9032192000002,248.71592739999983,-0.033459109008005125,14.532805078016432
Defect_L19_B17_el463_H4_W4.npy,-272.1445,4775.48633,-599.3289694,259.70132850000005,-0.006888696148560724,18.186208903897153
Defect_L19_B180_el5203_H4_W4.npy,-273.4329,4791.4121700000005,-425.7121774000001,267.8150241000001,-0.08154863785743295,13.273018342398334
Defect_L19_B181_el5491_H4_W4.npy,-271.6315,4776.66122,-533.9893631000002,307.5140803000004,-0.02147494069600428,16.551704582818925
Defect_L19_B182_el5495_H4_W4.npy,-271.5877,4775.56739,-550.7461349,247.57499029999985,-0.02161880738935637,16.78468746610349
Defect_L19_B183_el5499_H4_W4.npy,-271.47589999999997,4773.27927,-564.2084376,238.42293970000014,-0.017962540682944464,17.040387545238076
Defect_L19_B184_el5503_H4_W4.npy,-271.0327,4769.29054,-585.1525243999997,249.19931420000012,-0.004975715397381393,17.56744733050739
Defect_L19_B185_el5507_H4_W4.npy,-258.24199999999996,4761.73649,-612.0584968000003,265.1260004999999,0.015467041191887416,18.43282156200513
Defect_L19_B186_el5511_H4_W4.npy,-288.1766,4706.078299999999,-2059.5053,260.75065459999996,-0.10970595771595906,25.540952671107636
Defect_L19_B187_el5515_H4_W4.npy,-273.8917,4803.65189,-594.5985565000001,241.1412647999996,0.0021187587478919156,18.130768948630966
Defect_L19_B188_el5519_H4_W4.npy,-272.6058,4774.27329,-581.4138655999998,226.65898940000034,0.006859024570443658,17.564766779188258
Defect_L19_B189_el5523_H4_W4.npy,-272.5052,4774.8074,-578.5687439000001,232.58369950000042,0.007671248679645331,17.36042608275105
Defect_L19_B18_el467_H4_W4.npy,-272.1424,4775.487529999999,-595.7658335000003,256.9294179000003,-0.008890703942517385,18.05567148256076
Defect_L19_B190_el5527_H4_W4.npy,-272.621,4777.46791,-583.4036158000001,244.15053120000016,0.002336881540054936,17.547324437271026
Defect_L19_B191_el5531_H4_W4.npy,-272.8009,4781.06856,-575.5260563000002,252.6705340000001,0.0017303979707993184,17.467372153956717
Defect_L19_B192_el5535_H4_W4.npy,-272.9734,4783.98874,-561.0096529999998,262.00927791000004,-0.00016302522166165465,17.22085611825436
Defect_L19_B193_el5539_H4_W4.npy,-273.1423,4785.96176,-540.7919750599997,331.78874197000005,-0.0001649226541222338,16.89921523993406
Defect_L19_B194_el5827_H4_W4.npy,-271.9221,4774.95635,-544.9789857999999,316.27278849999993,-0.0024262475556298246,16.861450548715375
Defect_L19_B195_el5831_H4_W4.npy,-271.9119,4774.565070000001,-561.8623715000001,256.82235979999973,-0.002684060932819582,17.102108196600746
Defect_L19_B196_el5835_H4_W4.npy,-271.8831,4773.77881,-571.6333361,247.1522795100002,-0.0030441212955475954,17.27080304457544
Defect_L19_B197_el5839_H4_W4.npy,-271.57079999999996,4772.69309,-581.1756406400002,248.96324839999966,0.0010636562328650155,17.51384866141516
Defect_L19_B198_el5843_H4_W4.npy,-267.9068,4773.10168,-586.0549017999999,250.79922740000006,-0.0018715725332947109,17.75081972518536
Defect_L19_B199_el5847_H4_W4.npy,-278.9027,4748.7069599999995,-582.9384874,243.79794349999997,-0.0005635339100208618,17.524761139267724
Defect_L19_B19_el471_H4_W4.npy,-272.159,4775.478289999999,-591.1238415999999,255.0382139999997,-0.00993078922240872,17.90795968561858
Defect_L19_B1_el115_H4_W4.npy,-272.1646,4775.41725,-628.2804697999995,364.3692995999995,0.005979533594413243,19.339059894396136
Defect_L19_B200_el5851_H4_W4.npy,-271.127,4790.81661,-570.2931513000001,231.6454604999999,-0.01915075176405844,17.155024417621725
Defect_L19_B201_el5855_H4_W4.npy,-272.28200000000004,4777.4468799999995,-561.5961513999998,223.7811479999998,-0.02027220605921038,16.902017879081907
Defect_L19_B202_el5859_H4_W4.npy,-272.2987,4776.19978,-563.2441543999998,227.2597195999997,-0.014540538655207902,16.9257052511172
Defect_L19_B203_el5863_H4_W4.npy,-272.317,4776.28941,-570.4065534599999,235.5657884999996,-0.011367581910415208,17.13900483359922
Defect_L19_B204_el5867_H4_W4.npy,-272.391,4776.94164,-575.0539428,246.39577652999992,-0.003681981539392884,17.3568345912067
Defect_L19_B205_el5871_H4_W4.npy,-272.4862,4777.74322,-575.2648038000002,266.06447789999993,0.006822209044865024,17.53967693774127
Defect_L19_B206_el5875_H4_W4.npy,-272.5946,4778.30209,-563.26288499,342.60646410000027,0.01799277280833486,17.57792232081673
Defect_L19_B207_el6163_H4_W4.npy,-272.0573,4775.09791,-534.0883589999999,310.1022237000002,0.0006418903758204771,16.445117789612517
Defect_L19_B208_el6167_H4_W4.npy,-272.0536,4774.96257,-552.3615674000002,253.44132379999996,0.0012656901398136445,16.749270817333016
Defect_L19_B209_el6171_H4_W4.npy,-272.04699999999997,4774.61149,-562.7398788999999,244.71173950000002,0.00022118536935047177,16.95391780222138
Defect_L19_B20_el475_H4_W4.npy,-272.1605,4775.48086,-586.2471582999999,253.64614959999994,-0.009620968820921418,17.76010755802034
Defect_L19_B210_el6175_H4_W4.npy,-271.8289,4774.32171,-570.9936371999997,246.98119010000005,0.001498424905953502,17.175284939095466
Defect_L19_B211_el6179_H4_W4.npy,-270.7801,4775.48362,-574.8721559999999,247.5915682999996,0.0029651807776664547,17.32203746876146
Defect_L19_B212_el6183_H4_W4.npy,-275.576,4763.3438,-575.4162061999998,243.29013280000004,-0.003418989207448841,17.258766923312045
Defect_L19_B213_el6187_H4_W4.npy,-270.8933,4783.1115899999995,-571.6963544,237.45914270000003,-0.01460326589631988,17.138901464293767
Defect_L19_B214_el6191_H4_W4.npy,-272.1438,4777.24175,-570.9725636000001,235.38217370000007,-0.016567165804346144,17.130199277108197
Defect_L19_B215_el6195_H4_W4.npy,-272.25239999999997,4776.1578,-575.0897600999999,238.0715834,-0.012190736552080247,17.254640313358696
Defect_L19_B216_el6199_H4_W4.npy,-272.25269999999995,4775.88814,-580.7147886999999,243.73516401000006,-0.00765938990447675,17.4426076307233
Defect_L19_B217_el6203_H4_W4.npy,-272.2841,4775.91638,-584.9969818999998,252.68906650000008,-0.00020209208450324966,17.63915347069908
Defect_L19_B218_el6207_H4_W4.npy,-272.3231,4776.04281,-585.0177218999997,271.0334093999995,0.009691085303221337,17.808175493316117
Defect_L19_B219_el6211_H4_W4.npy,-272.3691,4776.04523,-574.0827307000002,344.31080290000045,0.018645768717092528,17.78104434614716
Defect_L19_B21_el479_H4_W4.npy,-272.1567,4775.4811199999995,-581.5715671,252.72116200000005,-0.007950590112786874,17.626735323295364
Defect_L19_B22_el483_H4_W4.npy,-272.1611,4775.4717,-576.3777365999999,251.81979150000006,-0.0059475270394216545,17.49280253214296
Defect_L19_B23_el487_H4_W4.npy,-272.16299999999995,4775.451239999999,-570.7136818000001,250.75348940000003,-0.0040071614659389805,17.342634483341342
Defect_L19_B24_el491_H4_W4.npy,-272.1626,4775.41981,-564.3140198999997,250.31785649999983,-0.0013891729966218939,17.187227400098962
Defect_L19_B25_el495_H4_W4.npy,-272.15939999999995,4775.388,-556.0843470000002,260.49921540000037,0.00381586105415274,17.051588700399588
Defect_L19_B26_el499_H4_W4.npy,-272.1548,4775.345270000001,-539.5519489000001,321.530794,0.007742268956835559,16.8437871122544
Defect_L19_B27_el787_H4_W4.npy,-272.165,4775.37562,-575.4949740999998,346.58116089999976,0.013677256714224942,18.074728665557988
Defect_L19_B28_el791_H4_W4.npy,-272.15180000000004,4775.42435,-585.3313467,272.6138476000003,0.003020846135245543,18.04067962185663
Defect_L19_B29_el795_H4_W4.npy,-272.14209999999997,4775.46424,-585.7168457999999,255.65744160000008,-0.006285542024080606,17.901434625418883
Defect_L19_B2_el119_H4_W4.npy,-272.1613,4775.426850000001,-642.689097,297.01542069000016,0.005041499315709509,19.371992357180833
Defect_L19_B30_el799_H4_W4.npy,-272.1332,4775.51519,-583.64438384,248.65869760000032,-0.011276052492338477,17.77933701417174
Defect_L19_B31_el803_H4_W4.npy,-272.13980000000004,4775.52654,-581.153603,245.01681300000018,-0.014516429070399647,17.670745958426473
Defect_L19_B32_el807_H4_W4.npy,-272.16009999999994,4775.48804,-578.7858079,243.11836259999995,-0.016395081310086122,17.58007800330596
Defect_L19_B33_el811_H4_W4.npy,-272.1614,4775.50178,-577.5921731999999,243.03955680000013,-0.015899652326465133,17.53056134551897
Defect_L19_B34_el815_H4_W4.npy,-272.1586,4775.51333,-577.8468329,244.44125200000008,-0.013152647348626874,17.536953180086524
Defect_L19_B35_el819_H4_W4.npy,-272.16610000000003,4775.5047,-577.81558232,246.19053729999973,-0.009799860928239658,17.562007401293286
Defect_L19_B36_el823_H4_W4.npy,-272.1697,4775.474160000001,-576.6076613299999,248.31054940000013,-0.006943721552726826,17.56529102313026
Defect_L19_B37_el827_H4_W4.npy,-272.16700000000003,4775.43195,-574.3030352000003,252.91872289999992,-0.003719430798731188,17.557355773814653
Defect_L19_B38_el831_H4_W4.npy,-272.1615,4775.37886,-569.8981726,267.06404640000005,0.0028886441641737186,17.570365166463425
Defect_L19_B39_el835_H4_W4.npy,-272.1529,4775.2940100000005,-556.7705719,334.54263699999956,0.00986825907262017,17.519087251033216
Defect_L19_B3_el123_H4_W4.npy,-272.1581,4775.43707,-637.93354,285.2679939999998,0.002141142754761626,19.13614362839777
Defect_L19_B40_el1123_H4_W4.npy,-272.1653,4775.36472,-571.6192058999998,344.20155499999964,0.017435966827505336,17.995451751782856
Defect_L19_B41_el1127_H4_W4.npy,-272.146,4775.432809999999,-580.5769034,269.69983140000045,0.0030473307277573197,17.90717473328508
Defect_L19_B42_el1131_H4_W4.npy,-272.13140000000004,4775.4827399999995,-579.8177799800001,251.6382544999999,-0.008009425043028958,17.724465940394175
Defect_L19_B43_el1135_H4_W4.npy,-272.1184,4775.553970000001,-576.6754889700001,243.49405739999997,-0.014384958057589825,17.568070664333387
Defect_L19_B44_el1139_H4_W4.npy,-272.1366,4775.57532,-573.18132145,238.90873120000015,-0.01881758399574007,17.439375108805024
Defect_L19_B45_el1143_H4_W4.npy,-272.16450000000003,4775.4872399999995,-571.11758536,236.7712554999996,-0.021807979893889773,17.354266484948088
Defect_L19_B46_el1147_H4_W4.npy,-272.16339999999997,4775.51325,-571.9008961519999,238.32418609999968,-0.021154992972981887,17.3540377733507
Defect_L19_B47_el1151_H4_W4.npy,-272.1626,4775.53609,-575.3887001199998,241.82746530000009,-0.016733915071467542,17.452610756138295
Defect_L19_B48_el1155_H4_W4.npy,-272.1733,4775.52847,-578.3069779299997,245.41256420000013,-0.011768340163435427,17.576175871075964
Defect_L19_B49_el1159_H4_W4.npy,-272.1768,4775.487569999999,-579.3280348000001,248.74479710000014,-0.008259849406067967,17.65267159538361
Defect_L19_B4_el127_H4_W4.npy,-272.1531,4775.45755,-628.126456,280.1406874999998,0.00018422924974072715,18.845632346526134
Defect_L19_B50_el1163_H4_W4.npy,-272.17260000000005,4775.4243,-578.9907963,254.25508010000044,-0.0045885975494638735,17.703903452889005
Defect_L19_B51_el1167_H4_W4.npy,-272.1637,4775.34964,-576.5218758999999,269.3758710999998,0.0029424857637279935,17.77462256403911
Defect_L19_B52_el1171_H4_W4.npy,-272.1501,4775.24242,-563.6293159000002,339.22850199999993,0.012875988991069858,17.784330229948107
Defect_L19_B53_el1459_H4_W4.npy,-272.1668,4775.35397,-570.5195774000001,343.93892719999985,0.020508316663535784,18.01359919443619
Defect_L19_B54_el1463_H4_W4.npy,-272.14020000000005,4775.44161,-578.929445,269.24988069999995,0.0037977754853532933,17.891673978057185
Defect_L19_B55_el1467_H4_W4.npy,-272.1202,4775.511350000001,-577.3098599,250.4079922000003,-0.008566408263152843,17.67900124593387
Defect_L19_B56_el1471_H4_W4.npy,-272.0961,4775.60283,-573.1582673100002,241.25844720000032,-0.0161064632814314,17.487762081696765
Defect_L19_B57_el1475_H4_W4.npy,-272.1336,4775.6237,-568.4782838899998,235.4718926999999,-0.021740752928154562,17.323661789249723
Defect_L19_B58_el1479_H4_W4.npy,-272.1736,4775.4455499999995,-566.1147649000002,232.5065436,-0.025995222496658033,17.23271272571608
Defect_L19_B59_el1483_H4_W4.npy,-272.1694,4775.5053,-569.1653062299999,235.79312720000007,-0.025127081471990928,17.291599720596988
Defect_L19_B5_el131_H4_W4.npy,-272.1459,4775.45825,-616.692546,275.4905514000002,-0.001315269353536719,18.52214937019808
Defect_L19_B60_el1487_H4_W4.npy,-272.1682,4775.5499,-576.0812696,241.99169489999963,-0.01776258914753442,17.491489259391443
Defect_L19_B61_el1491_H4_W4.npy,-272.1826,4775.55338,-580.8012426,247.17380630000002,-0.010747770443957604,17.693358270503797
Defect_L19_B62_el1495_H4_W4.npy,-272.18399999999997,4775.49165,-582.1942136999999,250.60862639999982,-0.00729225998969289,17.78796012664138
Defect_L19_B63_el1499_H4_W4.npy,-272.1764,4775.41668,-582.0621174099999,255.8555947999996,-0.004010327773797972,17.839422402536524
Defect_L19_B64_el1503_H4_W4.npy,-272.1639,4775.33027,-579.9077701000001,270.8187783999999,0.003447140543111001,17.914674807241955
Defect_L19_B65_el1507_H4_W4.npy,-272.1441,4775.190509999999,-566.7271096,341.0513600000004,0.014765517426001315,17.93933850174577
Defect_L19_B66_el1795_H4_W4.npy,-272.1724,4775.36463,-561.7226711000001,343.8060760000003,0.019885163530177025,17.740202361759156
Defect_L19_B67_el1799_H4_W4.npy,-272.1392,4775.471509999999,-570.2250944999996,268.6637553999999,0.0031370915388100884,17.625685135215733
Defect_L19_B68_el1803_H4_W4.npy,-272.1121,4775.550840000001,-568.9758240999997,250.13534909999976,-0.008620381643563827,17.423728221004815
Defect_L19_B69_el1807_H4_W4.npy,-272.0734,4775.66229,-564.74340772,240.5180542999999,-0.01619318245395429,17.219550814251086
Defect_L19_B6_el135_H4_W4.npy,-272.1604,4775.44748,-604.645444,270.7160039999999,-0.0025825352189493833,18.178354210698156
Defect_L19_B70_el1811_H4_W4.npy,-272.1317,4775.69136,-558.6544735699999,233.06230219999998,-0.02210884731410948,17.00832673314881
Defect_L19_B71_el1815_H4_W4.npy,-272.1821,4775.35229,-555.5700624999997,229.10777630000007,-0.02810631906735178,16.911362832571978
Defect_L19_B72_el1819_H4_W4.npy,-272.1799,4775.46743,-562.4206880300001,235.34969230000024,-0.027591195325907012,17.079227276896173
Defect_L19_B73_el1823_H4_W4.npy,-272.1736,4775.543589999999,-573.857133,245.73121270000001,-0.01590796532617311,17.412716602822794
Defect_L19_B74_el1827_H4_W4.npy,-272.19,4775.5678800000005,-578.2236871,252.08777210000017,-0.007158563215608744,17.654927541164106
Defect_L19_B75_el1831_H4_W4.npy,-272.188,4775.4946,-577.7589123,253.84343150000018,-0.0060827326001881895,17.683871751571886
Defect_L19_B76_el1835_H4_W4.npy,-272.17650000000003,4775.398,-576.50445859,257.6043979000001,-0.004416694808720912,17.68010943095117
Defect_L19_B77_el1839_H4_W4.npy,-272.16130000000004,4775.3001,-573.8056122999999,271.4661229000001,0.002002572925254706,17.725321019154133
Defect_L19_B78_el1843_H4_W4.npy,-272.13669999999996,4775.16856,-560.2806077999999,341.4675210999999,0.013152576821439953,17.727297192924528
Defect_L19_B79_el2131_H4_W4.npy,-272.1838,4775.3872,-551.8719065999999,337.5513090999998,0.01085156877688977,17.395455587099683
Defect_L19_B7_el139_H4_W4.npy,-272.16020000000003,4775.44971,-592.2821290000004,266.00546439999994,-0.0034761958155524325,17.823476687217983
Defect_L19_B80_el2135_H4_W4.npy,-272.1423,4775.52253,-564.9994044,266.8260544,-0.000566291682715058,17.473476799673737
Defect_L19_B81_el2139_H4_W4.npy,-272.1076,4775.63054,-569.2527526300003,252.1732495000001,-0.006617290206577472,17.479709867029282
Defect_L19_B82_el2143_H4_W4.npy,-272.0469,4775.7720899999995,-570.80859156,244.85036279999986,-0.01016124401006512,17.413822492392995
Defect_L19_B83_el2147_H4_W4.npy,-272.1457,4775.8184599999995,-565.5509115200002,235.7940487000003,-0.012735692410380504,17.183937007416834
Defect_L19_B84_el2151_H4_W4.npy,-272.1743,4775.14481,-561.0006220999999,227.94195090000017,-0.020744508071446788,17.098184499051317
Defect_L19_B85_el2155_H4_W4.npy,-272.1972,4775.42018,-573.5648475,237.93445760000031,-0.022219811979263305,17.498175195326827
Defect_L19_B86_el2159_H4_W4.npy,-272.18089999999995,4775.53804,-590.8661926999998,253.14629760000003,-0.003374876532156506,17.961681538756356
Defect_L19_B87_el2163_H4_W4.npy,-272.1956,4775.582340000001,-587.98530987,259.4268097999998,0.0028919415677643263,18.01890956394029
Defect_L19_B88_el2167_H4_W4.npy,-272.1875,4775.47662,-579.1959149000002,254.09054760000004,-0.00649726304261322,17.737084779428415
Defect_L19_B89_el2171_H4_W4.npy,-272.1724,4775.36827,-573.40927766,254.51426089999995,-0.009466878760283027,17.576818776643815
Defect_L19_B8_el143_H4_W4.npy,-272.1548,4775.439219999999,-579.5267040000001,261.40112279999994,-0.004104148371052409,17.457261865955132
Defect_L19_B90_el2175_H4_W4.npy,-272.1535,4775.268770000001,-568.8675083999999,267.5998879000001,-0.005551929835699232,17.55245076705118
Defect_L19_B91_el2179_H4_W4.npy,-272.1243,4775.1352099999995,-554.2779509,335.94016369999963,0.0045018254515441156,17.526441461287618
Defect_L19_B92_el2467_H4_W4.npy,-272.18519999999995,4775.44025,-500.5028708000002,304.37522939999985,-0.04053418096295451,15.642063008837603
Defect_L19_B93_el2471_H4_W4.npy,-272.139,4775.63155,-532.2826643999999,258.5758823000001,-0.028771966714782934,16.311554254587627
Defect_L19_B94_el2475_H4_W4.npy,-272.10290000000003,4775.82566,-565.8993063,273.5325355000002,0.001518433564523149,17.231909997611684
Defect_L19_B95_el2479_H4_W4.npy,-272.0268,4776.11808,-603.8609573999997,289.60385110000016,0.048180670133941,18.46393933228624
Defect_L19_B96_el2499_H4_W4.npy,-272.1587,4775.61246,-617.6803309899994,270.8773210000004,0.03366628238980681,18.482521133456867
Defect_L19_B97_el2503_H4_W4.npy,-272.1702,4775.51188,-557.6417521000001,248.53548963000048,-0.015308428208032951,16.891305881782205
Defect_L19_B98_el2507_H4_W4.npy,-272.1642,4775.4069899999995,-539.33482828,235.16261039999995,-0.03606908106536364,16.33105022819555
Defect_L19_B99_el2511_H4_W4.npy,-272.1469,4775.2980800000005,-532.7591849,240.97618050000028,-0.041262680450394607,16.24666626001694
Defect_L19_B9_el147_H4_W4.npy,-272.1574,4775.429190000001,-565.659402,256.5735937999998,-0.004883869286010115,17.062901530667922
Defect_L2_B100_el2515_H4_W4.npy,-272.1032,4775.2778100000005,-508.8897970999999,292.0091272999998,-0.07201183779168786,15.645914464430888
Defect_L2_B101_el2803_H4_W4.npy,-272.1379,4775.38904,-377.58202030000007,230.6927023999997,-0.14678170290148432,11.706335193667913
Defect_L2_B102_el2807_H4_W4.npy,-272.1725,4775.36639,-373.3381316399999,185.41261799999984,-0.13027846165801849,11.573689280544544
Defect_L2_B103_el2811_H4_W4.npy,-272.2018,4775.435219999999,-363.8592003000001,178.65618300000006,-0.12173695485315716,10.90011064694117
Defect_L2_B104_el2815_H4_W4.npy,-272.2642,4775.6014700000005,-352.69562870000004,181.44103969999992,-0.07297641488304846,10.133797247753204
Defect_L2_B105_el2835_H4_W4.npy,-272.029,4775.77804,-256.5159309000003,168.67389999999978,0.1995492665479164,6.866071741785104
Defect_L2_B106_el2839_H4_W4.npy,-272.0731,4775.55421,-331.5591482000002,145.67260650000003,-0.049569594595502975,8.733938813001943
Defect_L2_B107_el2843_H4_W4.npy,-272.09270000000004,4775.37551,-369.797094,158.27502200000026,-0.11131402329377041,10.674889938287688
Defect_L2_B108_el2847_H4_W4.npy,-272.0965,4775.27425,-394.8328040000001,179.12327260000006,-0.12272612271790435,11.911346941664087
Defect_L2_B109_el2851_H4_W4.npy,-272.10540000000003,4775.24617,-398.2061193000002,234.20803049999995,-0.1394797368227336,12.35293640093141
Defect_L2_B10_el151_H4_W4.npy,-272.1549,4775.436809999999,-548.4557489999997,251.4503172000002,-0.0033986724682172394,16.53356724288063
Defect_L2_B110_el3139_H4_W4.npy,-272.11890000000005,4775.30328,-430.3470815999999,250.58240960000012,-0.11803228949825759,13.410182609591367
Defect_L2_B111_el3143_H4_W4.npy,-272.1746,4775.162810000001,-437.6342526000001,189.3014541,-0.08763224186552933,13.099070135564157
Defect_L2_B112_el3147_H4_W4.npy,-272.2358,4774.91576,-425.05415879999987,202.38552750000008,-0.04730360329273464,12.423862106351702
Defect_L2_B113_el3151_H4_W4.npy,-272.45390000000003,4774.34621,-423.88443230000007,236.0973403999999,0.06680489719689427,11.860113558456629
Defect_L2_B114_el3171_H4_W4.npy,-272.4443,4773.97203,-630.9931222,1566.7939000000006,0.6025231520323915,22.858852982072516
Defect_L2_B115_el3175_H4_W4.npy,-272.1558,4774.15861,-508.02912614000024,1518.1458000000002,0.2269629709130887,20.24156322373529
Defect_L2_B116_el3179_H4_W4.npy,-272.0711,4774.49376,-463.8654429999998,1499.5692000000008,0.0719507236864375,19.02403962319211
Defect_L2_B117_el3183_H4_W4.npy,-272.0654,4774.79136,-439.2325384700001,216.03300260000015,-0.0937978167479274,13.396651438449615
Defect_L2_B118_el3187_H4_W4.npy,-272.0879,4775.00579,-413.1541537999998,244.92791850000003,-0.13255739520012114,12.608666706233207
Defect_L2_B119_el3475_H4_W4.npy,-272.1124,4775.34104,-513.1178097999998,302.58867710000004,-0.05982998675133529,15.884413458228275
Defect_L2_B11_el155_H4_W4.npy,-272.1558,4775.44708,-532.4488971999999,244.72902320000003,-0.0038992692578590196,16.017124578875443
Defect_L2_B120_el3479_H4_W4.npy,-272.1533,4775.25351,-532.8920979170002,245.77434640000047,-0.02889370519678757,16.291518544911444
Defect_L2_B121_el3483_H4_W4.npy,-272.2076,4775.2050899999995,-545.0962572000001,236.70812829999977,-0.013688447285224177,16.52564753968293
Defect_L2_B122_el3487_H4_W4.npy,-272.5762,4775.002329999999,-559.6202840999997,241.1975711,0.0053245019151327245,16.958766424734034
Defect_L2_B123_el3491_H4_W4.npy,-271.7831,4773.59436,-598.8132727500001,255.32034720000047,0.035878894473124374,17.913292585598743
Defect_L2_B124_el3495_H4_W4.npy,-271.353,4778.72393,-637.9164650000005,273.90270699999974,0.07910983150242279,19.391770154172793
Defect_L2_B125_el3499_H4_W4.npy,-273.34389999999996,4776.83739,-657.4488935999998,280.3098347,0.08053404028427738,20.46208616126168
Defect_L2_B126_el3503_H4_W4.npy,-272.36080000000004,4774.01468,-650.9721696999998,1466.2468000000008,0.197445913622451,23.332425229772817
Defect_L2_B127_el3507_H4_W4.npy,-272.138,4774.4688400000005,-626.4018148,283.65970659999994,0.07869872553054674,19.26902513945481
Defect_L2_B128_el3511_H4_W4.npy,-272.0296,4774.444689999999,-611.645657,287.2137805999996,0.05437575415389496,18.710023571333306
Defect_L2_B129_el3515_H4_W4.npy,-271.991,4774.56476,-582.5040286000001,276.2343397999998,0.017828699062974622,17.732002215382792
Defect_L2_B12_el159_H4_W4.npy,-272.15569999999997,4775.4472399999995,-514.0386847,238.4373919000002,-0.0031250899408778953,15.421903486936209
Defect_L2_B130_el3519_H4_W4.npy,-272.00260000000003,4774.7623300000005,-550.0129827999997,263.73217910000017,-0.01917788139292881,16.742727667636533
Defect_L2_B131_el3523_H4_W4.npy,-272.0361,4774.957179999999,-511.0480606000001,299.68625900000006,-0.06660455892805872,15.602458237354975
Defect_L2_B132_el3811_H4_W4.npy,-272.1707,4775.32438,-495.68386999999984,295.9203053000001,-0.0728203968069254,15.242758099673177
Defect_L2_B133_el3815_H4_W4.npy,-272.1689,4775.34392,-534.8697329000001,260.05009989999985,-0.024861614907392835,16.3622852122322
Defect_L2_B134_el3819_H4_W4.npy,-272.1786,4775.470670000001,-566.5197121000001,270.02830599999993,0.011222418247371463,17.345270753163042
Defect_L2_B135_el3823_H4_W4.npy,-272.6707,4775.380340000001,-595.7207814000001,274.7334584000005,0.04243658343966107,18.203753923566488
Defect_L2_B136_el3827_H4_W4.npy,-271.8185,4772.13194,-612.7937867,264.5427730999995,0.07000184949994832,18.626911007259135
Defect_L2_B137_el3831_H4_W4.npy,-270.8484,4780.50911,-655.2921671000001,272.08431160000055,0.11923535000341241,19.70712951338239
Defect_L2_B138_el3835_H4_W4.npy,-273.8556,4777.37367,-669.1639993999997,289.05804530000023,0.0997147832518504,20.88311401846851
Defect_L2_B139_el3839_H4_W4.npy,-272.3365,4774.000730000001,-658.0911824999998,1478.3799,0.1910332756271031,23.789002539689818
Defect_L2_B13_el163_H4_W4.npy,-272.1567,4775.4475299999995,-487.8387931,261.7582821509998,-0.009911812263456181,14.644958164508724
Defect_L2_B140_el3843_H4_W4.npy,-271.977,4774.52123,-630.1547418,280.60160614999995,0.05191931118392719,18.818173383624288
Defect_L2_B141_el3847_H4_W4.npy,-271.93670000000003,4774.7311500000005,-579.7110291000001,254.5722867000004,0.004236312043386086,17.467274811874486
Defect_L2_B142_el3851_H4_W4.npy,-271.9327,4774.871359999999,-550.2507876,241.89789870000027,-0.020061907869391354,16.692108373711307
Defect_L2_B143_el3855_H4_W4.npy,-271.941,4774.97433,-531.3119771000001,245.14395889999992,-0.038131990997285876,16.221483212477068
Defect_L2_B144_el3859_H4_W4.npy,-271.9585,4775.08781,-508.7710214000001,293.76943949999986,-0.07037084382623558,15.615702204353594
Defect_L2_B145_el4147_H4_W4.npy,-272.2224,4775.35903,-345.35517590000006,208.9844005,-0.14277270996233032,10.564613512922898
Defect_L2_B146_el4151_H4_W4.npy,-272.1322,4775.360210000001,-390.78588966999985,214.85768409999991,-0.08018676832541737,12.056677537076105
Defect_L2_B147_el4155_H4_W4.npy,-271.991,4775.6583200000005,-439.75562690000004,254.72679679999987,0.029945404997094187,13.770972199263852
Defect_L2_B148_el4159_H4_W4.npy,-272.2149,4776.422820000001,-513.5268602000001,311.7725290000003,0.24673094734115122,16.130140717852637
Defect_L2_B149_el4179_H4_W4.npy,-271.8474,4776.06956,-467.27168970000025,325.34056340000006,0.52000853273441,12.92366912960909
Defect_L2_B14_el451_H4_W4.npy,-272.15240000000006,4775.4764,-585.1605439000002,353.63777330000016,-0.0014196809099495747,18.106584487762
Defect_L2_B150_el4183_H4_W4.npy,-272.0883,4775.993460000001,-406.72022940000033,254.74997090999977,0.14918870324126315,11.303681279153677
Defect_L2_B151_el4187_H4_W4.npy,-272.06329999999997,4775.72187,-395.44405889999985,209.9089373999998,-0.020492805651076685,11.219281905669625
Defect_L2_B152_el4191_H4_W4.npy,-272.006,4775.54246,-393.9738579,187.71440060000032,-0.0975083524395704,11.580869129798405
Defect_L2_B153_el4195_H4_W4.npy,-271.95910000000003,4775.45738,-379.38987629999997,212.7964053999999,-0.14291237399434686,11.800826461754452
Defect_L2_B154_el4483_H4_W4.npy,-272.3435,4775.666219999999,-187.59304749999995,116.1807581999999,-0.1503291058097148,5.72966333306254
Defect_L2_B155_el4487_H4_W4.npy,-272.2715,4775.47961,-187.6400230000001,95.0399983000001,-0.1342138960085295,5.631770677780936
Defect_L2_B156_el4491_H4_W4.npy,-272.15079999999995,4775.29035,-177.04014739999997,89.22184170000014,-0.11187778462507444,5.052154063298038
Defect_L2_B157_el4495_H4_W4.npy,-272.1302,4775.1938199999995,-151.26579981999998,80.82308901000005,-0.07040723526223798,4.088640723009299
Defect_L2_B158_el4515_H4_W4.npy,-272.2978,4775.49079,-156.13190000000003,62.769636,0.06309179113208314,2.595639902427504
Defect_L2_B159_el4519_H4_W4.npy,-272.1552,4775.41999,-90.91664864999996,65.04050646999997,-0.01600685597770455,2.7826669324064723
Defect_L2_B15_el455_H4_W4.npy,-272.1581,4775.45779,-600.4182306299997,291.0859587,0.01284775101280981,18.408064230532247
Defect_L2_B160_el4523_H4_W4.npy,-272.12469999999996,4775.5646,-153.7478701,76.89997399999993,-0.08418444281951683,4.122467670612286
Defect_L2_B161_el4527_H4_W4.npy,-272.0851,4775.71553,-198.30070079999996,91.92773729999988,-0.12867634774492057,5.500437537099545
Defect_L2_B162_el4531_H4_W4.npy,-272.0416,4775.8347,-207.75890739999988,123.62838780000004,-0.1593483032982065,6.345340126276131
Defect_L2_B163_el4819_H4_W4.npy,-272.4961,4776.07393,-260.45215959999996,142.07466319999992,-0.15594591405576233,7.651603607091612
Defect_L2_B164_el4823_H4_W4.npy,-272.4727,4775.70705,-253.5288144,112.32204160000003,-0.11026386426258866,6.87015108978624
Defect_L2_B165_el4827_H4_W4.npy,-272.3885,4775.37042,-213.53506600000003,109.56951433000006,-0.03684854892239633,5.642467218775404
Defect_L2_B166_el4831_H4_W4.npy,-272.4976,4775.24468,-151.56357397,117.74405659999991,0.08675429848370268,4.596286272018009
Defect_L2_B167_el4851_H4_W4.npy,-272.1551,4776.7826,-203.07298859999992,110.98294329999999,0.05492083441304175,5.351369871475491
Defect_L2_B168_el4855_H4_W4.npy,-272.0462,4777.04868,-242.4949895700001,137.3609391,-0.008143334536113378,7.005630480435364
Defect_L2_B169_el4859_H4_W4.npy,-272.03139999999996,4776.929590000001,-251.7013316,133.73328154000012,-0.07581578364540337,7.420582817796786
Defect_L2_B16_el459_H4_W4.npy,-272.1611,4775.44859,-603.0848248999998,275.9982550999998,0.010535273048314893,18.38132600540733
Defect_L2_B170_el4863_H4_W4.npy,-272.03340000000003,4776.83433,-247.3741535999999,124.91506389999995,-0.11719037187421498,7.450501912677383
Defect_L2_B171_el4867_H4_W4.npy,-272.0286,4776.8060399999995,-230.7609508,145.29138949999992,-0.14583888044173773,7.093182384225851
Defect_L2_B172_el5155_H4_W4.npy,-272.2273,4775.17869,-438.0577788999999,243.08121920000008,-0.11008925803147541,13.459477588183741
Defect_L2_B173_el5159_H4_W4.npy,-272.2677,4774.7316599999995,-457.6026214000001,207.56603140000016,-0.07450521032243028,13.691109433758859
Defect_L2_B174_el5163_H4_W4.npy,-272.2467,4773.719419999999,-469.85996869999985,220.89343759999974,-0.03269099753369776,13.940580905985714
Defect_L2_B175_el5167_H4_W4.npy,-273.1365,4771.61093,-501.51199539999993,258.2577229000003,0.04149204237614379,14.922012404891355
Defect_L2_B176_el5187_H4_W4.npy,-272.22839999999997,4775.37941,-746.2598310000001,359.6886867000003,0.42055485322136266,21.900803773549065
Defect_L2_B177_el5191_H4_W4.npy,-272.2088,4776.64642,-616.6313424999998,331.53603939999994,0.21532820448807452,18.679139778633786
Defect_L2_B178_el5195_H4_W4.npy,-272.1822,4777.61138,-535.6961354000002,286.5313265000002,0.0680808323019795,16.28818778866356
Defect_L2_B179_el5199_H4_W4.npy,-272.1617,4778.17258,-477.4071553000001,251.60249129999988,-0.027870459119833022,14.522431609189708
Defect_L2_B17_el463_H4_W4.npy,-272.1626,4775.43899,-602.0593086000001,270.2035713999999,0.008864850154596666,18.300881527389482
Defect_L2_B180_el5203_H4_W4.npy,-272.1335,4778.54309,-426.04163359999984,260.0205089000001,-0.0984975279627803,12.989591891345487
Defect_L2_B181_el5491_H4_W4.npy,-272.002,4773.88557,-524.9108732,299.0648064999996,-0.047722867756542255,16.029410730189763
Defect_L2_B182_el5495_H4_W4.npy,-272.0127,4773.55171,-547.5227641000001,249.34472059999985,-0.023921028810532277,16.61347276332754
Defect_L2_B183_el5499_H4_W4.npy,-272.0558,4772.9879200000005,-564.8230474,243.01579650000008,-0.01477525590693773,17.02223878116007
Defect_L2_B184_el5503_H4_W4.npy,-272.96299999999997,4771.95961,-588.8882778999998,254.83856659999992,0.000293919076401954,17.659215671931566
Defect_L2_B185_el5507_H4_W4.npy,-274.0971,4763.76886,-619.8746415999999,272.37568230000034,0.022472854655086097,18.624619235664046
Defect_L2_B186_el5511_H4_W4.npy,-264.21340000000004,4801.0256899999995,-629.6278602000004,273.4656372999998,0.05087495920380812,19.184142844082274
Defect_L2_B187_el5515_H4_W4.npy,-277.72839999999997,4759.02106,-621.5883730999999,256.80050610000035,0.056702384210398984,18.807864536061377
Defect_L2_B188_el5519_H4_W4.npy,-272.00509999999997,4775.33022,-601.8481898999999,241.27413680000018,0.06171741786898578,17.85746162736851
Defect_L2_B189_el5523_H4_W4.npy,-272.1601,4775.252329999999,-577.3385723249999,236.37743200000023,0.03556239709099163,17.369963060099757
Defect_L2_B18_el467_H4_W4.npy,-272.157,4775.43921,-599.3051629000001,267.1089554,0.007600886746756342,18.192359966295925
Defect_L2_B190_el5527_H4_W4.npy,-272.2023,4775.55683,-580.7610840000002,248.0220109000004,0.02266026918164819,17.505209742589948
Defect_L2_B191_el5531_H4_W4.npy,-272.2142,4776.27633,-571.8153104,255.90048130000037,0.016416967715886167,17.39423675567208
Defect_L2_B192_el5535_H4_W4.npy,-272.22090000000003,4777.049840000001,-559.9743526,263.9372357999998,0.005355937413040605,17.085263562739744
Defect_L2_B193_el5539_H4_W4.npy,-272.2013,4777.75145,-536.4106766,323.5623242999998,-0.024588110215417874,16.483518341337618
Defect_L2_B194_el5827_H4_W4.npy,-272.0406,4774.15745,-534.8921505000001,307.7550233999998,-0.027042282039105168,16.329440077678843
Defect_L2_B195_el5831_H4_W4.npy,-272.053,4773.888190000001,-556.8535605,256.4719563000001,-0.007120065575215349,16.870236699130114
Defect_L2_B196_el5835_H4_W4.npy,-272.1212,4773.49208,-570.4949672,249.40109819999998,-0.0023171919722306173,17.18073460379961
Defect_L2_B197_el5839_H4_W4.npy,-272.7746,4772.92278,-583.889901689,252.2960587,0.004824509261277679,17.54029809112326
Defect_L2_B198_el5843_H4_W4.npy,-272.9774,4769.005999999999,-594.6241444000002,256.5575580000004,0.01617424072707841,17.875883687432797
Defect_L2_B199_el5847_H4_W4.npy,-267.7058,4790.569549999999,-597.3141926000003,254.8270199000001,0.025722276260370686,18.0394906740023
Defect_L2_B19_el471_H4_W4.npy,-272.1585,4775.44881,-595.6195098000001,264.77277960000015,0.006641198292138486,18.063871731844717
Defect_L2_B1_el115_H4_W4.npy,-272.15549999999996,4775.45704,-629.6006209999998,370.2447523999999,-0.0016169119697475368,19.304080282315763
Defect_L2_B200_el5851_H4_W4.npy,-275.4022,4766.88586,-595.0313354000002,247.5032514999998,0.0225287305779685,17.806120633103745
Defect_L2_B201_el5855_H4_W4.npy,-272.131,4775.82646,-581.6932386999997,237.59753880000017,0.02304764337516815,17.295933393796055
Defect_L2_B202_el5859_H4_W4.npy,-272.1891,4775.65008,-568.6223312,234.2143252000003,0.011768777187856619,17.047577696309155
Defect_L2_B203_el5863_H4_W4.npy,-272.19309999999996,4775.57864,-569.7487562900001,241.0387082000002,0.00818972964210952,17.16532176157172
Defect_L2_B204_el5867_H4_W4.npy,-272.19120000000004,4775.7004,-572.3725974999998,251.10012059999985,0.010062506660492312,17.321608109235783
Defect_L2_B205_el5871_H4_W4.npy,-272.19129999999996,4775.90024,-571.1270122000003,269.6001063000001,0.01218535768371841,17.423930757970304
Defect_L2_B206_el5875_H4_W4.npy,-272.1694,4776.15249,-559.0585354999998,336.3885171000002,-0.003446906665951013,17.20502059879573
Defect_L2_B207_el6163_H4_W4.npy,-272.0952,4774.62507,-524.5930639000001,301.57630049999943,-0.0193078740808058,15.963185159989374
Defect_L2_B208_el6167_H4_W4.npy,-272.10679999999996,4774.40223,-546.5586887000002,251.28995769999983,-0.004145348825391019,16.487355165522715
Defect_L2_B209_el6171_H4_W4.npy,-272.1664,4774.07518,-560.0283614299999,244.53063700000007,-0.0015729733714748965,16.801503723277534
Defect_L2_B20_el475_H4_W4.npy,-272.1613,4775.4374099999995,-591.2438037,262.2938354999999,0.005399102825295544,17.906330050308696
Defect_L2_B210_el6175_H4_W4.npy,-272.58480000000003,4773.68685,-571.6806082,247.87038940000002,0.0024380123138007595,17.12285163463675
Defect_L2_B211_el6179_H4_W4.npy,-272.4558,4771.89125,-580.7476823,251.08467059999975,0.00767726323972777,17.40083588788052
Defect_L2_B212_el6183_H4_W4.npy,-269.7365,4783.59251,-586.3981369999999,252.36432149999973,0.012918120182198036,17.606965635714857
Defect_L2_B213_el6187_H4_W4.npy,-273.9306,4771.192330000001,-589.2854413999999,250.13584730000002,0.01272935041683639,17.62069533786483
Defect_L2_B214_el6191_H4_W4.npy,-272.17929999999996,4775.77366,-586.2809444999998,246.80513170000017,0.013369614916726471,17.471404930859663
Defect_L2_B215_el6195_H4_W4.npy,-272.1885,4775.7222,-582.1646619999999,247.00051449999955,0.008570915814503668,17.409730078143575
Defect_L2_B216_el6199_H4_W4.npy,-272.1843,4775.54825,-583.0037946999998,251.37531169999988,0.008426160390501874,17.510624348267996
Defect_L2_B217_el6203_H4_W4.npy,-272.1785,4775.48225,-584.9984597999994,259.5429299999996,0.011622149789221861,17.648446268775114
Defect_L2_B218_el6207_H4_W4.npy,-272.173,4775.47592,-584.1991537999997,277.0285306999999,0.01530963004690222,17.749802925034555
Defect_L2_B219_el6211_H4_W4.npy,-272.1513,4775.49516,-571.6807991000001,342.2995727999996,0.003702045142340067,17.525767995880262
Defect_L2_B21_el479_H4_W4.npy,-272.1583,4775.4161300000005,-585.4793698000001,259.2507981000001,0.003835978213376985,17.708660135222935
Defect_L2_B22_el483_H4_W4.npy,-272.154,4775.4052599999995,-578.4134609999999,255.86183489999985,0.002339960173452336,17.483686204391073
Defect_L2_B23_el487_H4_W4.npy,-272.15209999999996,4775.40521,-570.5370133999998,252.6201930000002,0.001223169414003402,17.248052429301293
Defect_L2_B24_el491_H4_W4.npy,-272.15250000000003,4775.41561,-561.7796873300001,250.14438149999978,0.0005374264980918741,17.007743202705644
Defect_L2_B25_el495_H4_W4.npy,-272.153,4775.42627,-550.9553167000001,256.87863879999986,0.000557521946010552,16.762703343622828
Defect_L2_B26_el499_H4_W4.npy,-272.1562,4775.45774,-530.5874086399999,308.30357500000014,-0.013554519783646234,16.29131625582345
Defect_L2_B27_el787_H4_W4.npy,-272.1479,4775.48518,-571.2347371999999,343.161237,-0.0063345191323910715,17.71380118996348
Defect_L2_B28_el791_H4_W4.npy,-272.1577,4775.467680000001,-585.98736289,281.7554417000001,0.013000107446972442,18.030509631203323
Defect_L2_B29_el795_H4_W4.npy,-272.1648,4775.44914,-589.318191952,266.2182419999999,0.011641812419515752,18.007273182424736
Defect_L2_B2_el119_H4_W4.npy,-272.1571,4775.44755,-643.3344030000001,308.3093560999996,0.00941130086694056,19.4151730562503
Defect_L2_B30_el799_H4_W4.npy,-272.16940000000005,4775.43004,-589.8344823299997,259.8580389000001,0.010579365022657031,17.958113661204123
Defect_L2_B31_el803_H4_W4.npy,-272.1583,4775.43086,-589.32637224,256.7655128000001,0.010003626884434706,17.916590960256727
Defect_L2_B32_el807_H4_W4.npy,-272.16179999999997,4775.46044,-588.9897650999999,255.27255700000023,0.00991170734382277,17.892784629460653
Defect_L2_B33_el811_H4_W4.npy,-272.168,4775.41801,-588.6672611000001,254.4059615000001,0.009197544936507988,17.861719180305062
Defect_L2_B34_el815_H4_W4.npy,-272.1621,4775.385700000001,-586.9171498000001,253.26191859999994,0.007642419645638966,17.78554329702854
Defect_L2_B35_el819_H4_W4.npy,-272.1531,4775.36371,-583.3864847300001,251.89213659999973,0.005776533712356016,17.67451172602096
Defect_L2_B36_el823_H4_W4.npy,-272.1484,4775.3732,-578.8479984899998,250.88148429999978,0.004146515961948643,17.551588059447806
Defect_L2_B37_el827_H4_W4.npy,-272.1483,4775.38371,-573.2682092899997,253.23682029999964,0.00277113746333514,17.422237272890385
Defect_L2_B38_el831_H4_W4.npy,-272.1505,4775.40488,-565.3572559999998,264.1533952000002,0.0017110610889840279,17.281750747870483
Defect_L2_B39_el835_H4_W4.npy,-272.155,4775.4474199999995,-547.1601097,319.3231969999995,-0.017758716365895957,16.860461682023747
Defect_L2_B3_el123_H4_W4.npy,-272.15819999999997,4775.44774,-637.5000129999996,294.7783890999999,0.008042259750041744,19.16677599794466
Defect_L2_B40_el1123_H4_W4.npy,-272.14230000000003,4775.513620000001,-564.1819153000001,336.8562689999999,-0.011226118238415479,17.489625323764578
Defect_L2_B41_el1127_H4_W4.npy,-272.15729999999996,4775.47733,-578.980826,276.6172677999998,0.011418781954001719,17.82647779833
Defect_L2_B42_el1131_H4_W4.npy,-272.16870000000006,4775.4596,-582.8506921999999,261.0395715999998,0.011129742783960709,17.802882761748545
Defect_L2_B43_el1135_H4_W4.npy,-272.17929999999996,4775.42115,-583.4860700199999,254.4137768000005,0.010832591971968107,17.75911188182198
Defect_L2_B44_el1139_H4_W4.npy,-272.1593,4775.41292,-583.56567421,251.32264380000015,0.011121810237476845,17.744461615689918
Defect_L2_B45_el1143_H4_W4.npy,-272.16470000000004,4775.48302,-585.8922886090002,250.59659360000023,0.012356959415700839,17.787575718214793
Defect_L2_B46_el1147_H4_W4.npy,-272.17650000000003,4775.41914,-587.6663411319998,251.27172610000002,0.01239277822147343,17.850134228867205
Defect_L2_B47_el1151_H4_W4.npy,-272.1668,4775.35542,-588.66533504,251.7129230999999,0.010898301753003813,17.847882996792126
Defect_L2_B48_el1155_H4_W4.npy,-272.1504,4775.32165,-586.80375742,251.62264359999995,0.008383947324120736,17.78553223357497
Defect_L2_B49_el1159_H4_W4.npy,-272.14390000000003,4775.33051,-583.3514663000001,252.41642990000014,0.006065968850946455,17.6993235349851
Defect_L2_B4_el127_H4_W4.npy,-272.15700000000004,4775.4478899999995,-627.032586,288.2805948,0.006466787156008099,18.860626545646568
Defect_L2_B50_el1163_H4_W4.npy,-272.1433,4775.35109,-578.5854333999998,255.5302413999998,0.0037735160820882136,17.600071931155426
Defect_L2_B51_el1167_H4_W4.npy,-272.1451,4775.38266,-571.3713501000002,267.1418868999999,0.0016772751626507858,17.48343218841276
Defect_L2_B52_el1171_H4_W4.npy,-272.1531,4775.4365,-553.3739378000002,322.37723299999993,-0.021095340581501372,17.047466361936348
Defect_L2_B53_el1459_H4_W4.npy,-272.137,4775.53163,-559.8833186000002,333.3169800000005,-0.015314471020253803,17.37737200538904
Defect_L2_B54_el1463_H4_W4.npy,-272.1572,4775.48653,-574.5643775000001,273.5369203,0.009398486568834134,17.71640301019474
Defect_L2_B55_el1467_H4_W4.npy,-272.1741,4775.45995,-578.6783370999999,257.82505560000004,0.009877006242626125,17.68656750355606
Defect_L2_B56_el1471_H4_W4.npy,-272.1942,4775.41228,-578.9668102999999,250.83336759999997,0.010077049732060793,17.63417733066307
Defect_L2_B57_el1475_H4_W4.npy,-272.15630000000004,4775.38554,-579.39021546,247.46779629999992,0.01136208798663083,17.625324014632685
Defect_L2_B58_el1479_H4_W4.npy,-272.1692,4775.51675,-584.6307440600001,247.50923509999984,0.014433591814807464,17.735740161973318
Defect_L2_B59_el1483_H4_W4.npy,-272.19030000000004,4775.411,-589.7147037300001,250.53209670000024,0.015330450118359488,17.919861933075804
Defect_L2_B5_el131_H4_W4.npy,-272.155,4775.447819999999,-615.3564140000001,282.63549100000046,0.004817071916000969,18.52751479697176
Defect_L2_B60_el1487_H4_W4.npy,-272.17589999999996,4775.33558,-592.4136958239999,253.29950429999985,0.014440860424958691,17.996504028182354
Defect_L2_B61_el1491_H4_W4.npy,-272.1484,4775.26904,-591.5908436139998,254.4783594999999,0.011194839418556556,17.95291642246819
Defect_L2_B62_el1495_H4_W4.npy,-272.13570000000004,4775.2766,-587.77344311,255.22525470000005,0.00769713427668236,17.856556092368503
Defect_L2_B63_el1499_H4_W4.npy,-272.1346,4775.29712,-582.3621790999998,258.00172039999984,0.004373860528324536,17.740608146132928
Defect_L2_B64_el1503_H4_W4.npy,-272.138,4775.339290000001,-574.6460052,269.26622320000024,0.00118016438898358,17.608122545570136
Defect_L2_B65_el1507_H4_W4.npy,-272.1486,4775.40437,-555.9471020999999,323.263956,-0.024062079814667806,17.139242397048235
Defect_L2_B66_el1795_H4_W4.npy,-272.1338,4775.54971,-551.0821701000002,330.9887829999998,-0.018909716019874855,17.10725242839955
Defect_L2_B67_el1799_H4_W4.npy,-272.1587,4775.49557,-565.9872009000001,270.64965819999975,0.006343950458857546,17.450006610059106
Defect_L2_B68_el1803_H4_W4.npy,-272.18,4775.45996,-570.793404,255.2302487999998,0.007735858397007542,17.429063543150857
Defect_L2_B69_el1807_H4_W4.npy,-272.215,4775.39293,-570.9026563,247.8896509000001,0.008479977820282722,17.365887353948064
Defect_L2_B6_el135_H4_W4.npy,-272.1558,4775.45759,-603.2254810000002,276.9498549,0.00313539025505741,18.178236814989976
Defect_L2_B70_el1811_H4_W4.npy,-272.1489,4775.3382,-570.0713948100001,243.52806569999984,0.010629192435288386,17.331791140331994
Defect_L2_B71_el1815_H4_W4.npy,-272.1726,4775.59151,-579.3476509700001,244.12927370000034,0.015916939001748488,17.517405582376192
Defect_L2_B72_el1819_H4_W4.npy,-272.21,4775.4237,-590.0205305100001,251.26307740000016,0.017362216509840125,17.896964016936032
Defect_L2_B73_el1823_H4_W4.npy,-272.18919999999997,4775.3168,-594.4781228000002,257.6129464999999,0.018291853995250937,18.081881754033173
Defect_L2_B74_el1827_H4_W4.npy,-272.1433,4775.215859999999,-593.9713064,259.5258260999999,0.014030335612159906,18.011512654538006
Defect_L2_B75_el1831_H4_W4.npy,-272.1243,4775.2116399999995,-587.5732478,258.69015939999963,0.008008022579593623,17.839815037351975
Defect_L2_B76_el1835_H4_W4.npy,-272.1217,4775.24196,-580.18306532,260.0654298999998,0.0033136315070356665,17.66811362212103
Defect_L2_B77_el1839_H4_W4.npy,-272.1258,4775.294510000001,-571.3727120000001,270.2233655,-0.0008917915482494486,17.499855658572173
Defect_L2_B78_el1843_H4_W4.npy,-272.1401,4775.37088,-551.8089733000002,323.4302769999997,-0.026851147968957663,16.99249205015015
Defect_L2_B79_el2131_H4_W4.npy,-272.1348,4775.5474,-539.9071437999999,323.9415386999997,-0.029890444382673072,16.736589003373354
Defect_L2_B7_el139_H4_W4.npy,-272.15689999999995,4775.44698,-590.4370919999999,270.9383137,0.0013020911889626164,17.810016707197224
Defect_L2_B80_el2135_H4_W4.npy,-272.1622,4775.50417,-560.0274020999998,267.0961660999999,0.000698947557737901,17.25212733459098
Defect_L2_B81_el2139_H4_W4.npy,-272.18870000000004,4775.479979999999,-569.7558312000001,255.02972240000008,0.008220173946124894,17.41781841112572
Defect_L2_B82_el2143_H4_W4.npy,-272.2483,4775.374229999999,-574.6938127999999,249.46297879999997,0.013310844981687935,17.466561836020205
Defect_L2_B83_el2147_H4_W4.npy,-272.13019999999995,4775.242329999999,-572.9860937999999,243.36466689999997,0.019223318921535306,17.395946616028205
Defect_L2_B84_el2151_H4_W4.npy,-272.178,4775.73938,-586.4343794800002,243.00633479999988,0.029238037285224325,17.676357653185814
Defect_L2_B85_el2155_H4_W4.npy,-272.2369,4775.44806,-605.1869434700002,255.3786541999998,0.029218783351576773,18.397866116655972
Defect_L2_B86_el2159_H4_W4.npy,-272.2095,4775.32992,-612.0903107000001,268.99568339999996,0.03320099924335663,18.69134549527032
Defect_L2_B87_el2163_H4_W4.npy,-272.1283,4775.15024,-607.3276986999999,268.36847169999965,0.022685655767290414,18.358542769376616
Defect_L2_B88_el2167_H4_W4.npy,-272.1028,4775.14359,-590.4550063999998,260.26155510000035,0.0066229977641937875,17.898972743942878
Defect_L2_B89_el2171_H4_W4.npy,-272.0999,4775.17393,-577.81536893,257.8038282,-0.002120693444778326,17.58416514353944
Defect_L2_B8_el143_H4_W4.npy,-272.1558,4775.43667,-576.8176150000002,264.5791554000002,-0.0005572047119504955,17.41564723259574
Defect_L2_B90_el2175_H4_W4.npy,-272.1058,4775.22699,-566.6764911,267.0865504000003,-0.00864499691537063,17.347659683159645
Defect_L2_B91_el2179_H4_W4.npy,-272.1229,4775.32469,-546.1436882,318.3169475000002,-0.036189262162903156,16.80307752658876
Defect_L2_B92_el2467_H4_W4.npy,-272.1365,4775.52298,-488.67313050000007,291.2352470999999,-0.07714890292091209,15.014574447042499
Defect_L2_B93_el2471_H4_W4.npy,-272.16020000000003,4775.54028,-526.6599972000001,259.6668633999998,-0.028805299026002366,16.103337319870384
Defect_L2_B94_el2475_H4_W4.npy,-272.1848,4775.63077,-562.8652886999998,276.7505838999998,0.014483861527426997,17.16419616787561
Defect_L2_B95_el2479_H4_W4.npy,-272.2701,4775.6444,-602.254514,293.8929377000004,0.07040993779675761,18.469429947952868
Defect_L2_B96_el2499_H4_W4.npy,-272.0792,4775.12887,-630.8326241000002,278.10544990000017,0.05406852078358043,18.72661845363215
Defect_L2_B97_el2503_H4_W4.npy,-272.0694,4775.17548,-566.6693251379997,254.72795616999974,-0.003848575799254292,17.04276967391908
Defect_L2_B98_el2507_H4_W4.npy,-272.07689999999997,4775.197789999999,-538.8716743999998,240.11272959999997,-0.029791930364459585,16.355315944857164
Defect_L2_B99_el2511_H4_W4.npy,-272.0858,4775.22092,-525.2995076000002,240.67228490000025,-0.04417321268221408,16.074113859532435
Defect_L2_B9_el147_H4_W4.npy,-272.1553,4775.436559999999,-562.94229,258.0586872000001,-0.002149066143186201,16.99303021277027
Defect_L3_B100_el2515_H4_W4.npy,-272.1145,4775.37342,-499.20324099999993,264.0013379999998,-0.0705393899202346,15.875065124016432
Defect_L3_B101_el2803_H4_W4.npy,-272.1587,4775.32302,-368.18481020000013,207.53471799999988,-0.16276562832970135,11.74226903658819
Defect_L3_B102_el2807_H4_W4.npy,-272.1878,4775.298430000001,-371.0898571,161.6526269000001,-0.15031738676679718,11.57119073338
Defect_L3_B103_el2811_H4_W4.npy,-272.2109,4775.354899999999,-348.0207743000002,153.7105773000003,-0.1434207146328745,10.787315526622166
Defect_L3_B104_el2815_H4_W4.npy,-272.2536,4775.53964,-332.02753430000007,153.77629980000006,-0.09347801668927581,9.75626051644041
Defect_L3_B105_el2835_H4_W4.npy,-272.0129,4775.82517,-283.40094520000025,175.67479999999978,0.20357142786899918,8.015717825458923
Defect_L3_B106_el2839_H4_W4.npy,-272.0709,4775.64575,-345.0321269300001,145.36799709999968,-0.05178443414407452,9.772287246399193
Defect_L3_B107_el2843_H4_W4.npy,-272.0983,4775.4594,-373.7190032000001,147.2412065999997,-0.1210277891418525,11.349409978292718
Defect_L3_B108_el2847_H4_W4.npy,-272.1077,4775.35989,-401.71627820000003,161.2234595,-0.13508803760398105,12.338750578926332
Defect_L3_B109_el2851_H4_W4.npy,-272.1169,4775.332450000001,-396.1666089999999,214.75335100000007,-0.1506923621709726,12.627484647091213
Defect_L3_B10_el151_H4_W4.npy,-272.1549,4775.436949999999,-544.1029700000001,206.00952570000004,-0.004811233854304794,16.526723918717188
Defect_L3_B110_el3139_H4_W4.npy,-272.1502,4775.24067,-432.3336310000002,228.06176600000003,-0.12314043544472218,13.720806642770587
Defect_L3_B111_el3143_H4_W4.npy,-272.2016,4775.06829,-447.0067429999999,176.38051810000002,-0.09104983195334417,13.660104133167506
Defect_L3_B112_el3147_H4_W4.npy,-272.25919999999996,4774.768349999999,-437.58397879999984,191.36483060000023,-0.042358750605193285,13.334391087299599
Defect_L3_B113_el3151_H4_W4.npy,-272.4485,4774.16382,-438.4003273000001,225.98753509999983,0.08666594006289893,13.21548640365644
Defect_L3_B114_el3171_H4_W4.npy,-272.4326,4773.97605,-562.3919352,1562.5187999999998,0.577481430987067,21.66492355568585
Defect_L3_B115_el3175_H4_W4.npy,-272.156,4774.22953,-466.19747559999973,1515.2240000000002,0.2011276217207726,19.46949343300605
Defect_L3_B116_el3179_H4_W4.npy,-272.0802,4774.57869,-431.85233659999983,1498.2115000000003,0.04787580888841639,18.57782696526108
Defect_L3_B117_el3183_H4_W4.npy,-272.0805,4774.87867,-416.7055679,180.0264165000001,-0.11468792486423908,13.083716308440641
Defect_L3_B118_el3187_H4_W4.npy,-272.10650000000004,4775.08431,-396.66859199999976,216.40924500000006,-0.14763757930046623,12.49913916189571
Defect_L3_B119_el3475_H4_W4.npy,-272.1676,4775.28477,-502.9355189999999,266.77591099999995,-0.05917827312232068,16.012770997768353
Defect_L3_B11_el155_H4_W4.npy,-272.1559,4775.437099999999,-528.1595649999999,200.7546099000001,-0.004280533486488645,16.050155916296866
Defect_L3_B120_el3479_H4_W4.npy,-272.2079,4775.16664,-539.7153708999999,204.5698519,-0.030059218345768884,16.507353988172564
Defect_L3_B121_el3483_H4_W4.npy,-272.2604,4775.057159999999,-556.1038176,205.47410229999969,-0.010654614286373479,16.841679634593106
Defect_L3_B122_el3487_H4_W4.npy,-272.5648,4774.81161,-573.4930992000002,209.43043209999996,0.013082963401873822,17.343607335039426
Defect_L3_B123_el3491_H4_W4.npy,-271.92519999999996,4773.62717,-599.37928805,210.2981566999997,0.043860438643207274,18.238817981284488
Defect_L3_B124_el3495_H4_W4.npy,-271.43399999999997,4777.94773,-644.723516,227.83825699999989,0.08248576232643084,19.607024443424894
Defect_L3_B125_el3499_H4_W4.npy,-273.0299,4776.70043,-663.2747162000001,232.3117516999996,0.09523211945100855,20.49398098588576
Defect_L3_B126_el3503_H4_W4.npy,-272.28860000000003,4774.438590000001,-649.6851417,1470.1489000000001,0.19897216349667707,23.41214989101351
Defect_L3_B127_el3507_H4_W4.npy,-272.12829999999997,4774.68859,-624.7397447000001,233.9373725999999,0.070931832426653,19.113320631335874
Defect_L3_B128_el3511_H4_W4.npy,-272.04269999999997,4774.63132,-601.4037177999999,237.8069185999998,0.04022418431836966,18.409742100431156
Defect_L3_B129_el3515_H4_W4.npy,-272.0173,4774.7361,-570.2849809000002,229.1340408000001,0.0030797694695694376,17.463155902805887
Defect_L3_B12_el159_H4_W4.npy,-272.1559,4775.437129999999,-508.4692270000003,196.36492070000008,-0.002480424475318361,15.517704600659151
Defect_L3_B130_el3519_H4_W4.npy,-272.0338,4774.90594,-537.2787626999998,219.72077960000001,-0.032030448979543893,16.5609096477904
Defect_L3_B131_el3523_H4_W4.npy,-272.0691,4775.07136,-492.362024,257.41459800000007,-0.07260903333861651,15.5344083020067
Defect_L3_B132_el3811_H4_W4.npy,-272.244,4775.29084,-477.51189,249.52304200000003,-0.0808078105466358,15.112813694437117
Defect_L3_B133_el3815_H4_W4.npy,-272.2419,4775.26032,-525.9792009999999,216.7860358999999,-0.03805297815819107,16.17372175841325
Defect_L3_B134_el3819_H4_W4.npy,-272.25390000000004,4775.3183,-561.6119413000001,223.97084900000004,-0.0015723224755386292,17.131702884686007
Defect_L3_B135_el3823_H4_W4.npy,-272.64560000000006,4775.18033,-592.7559202,227.0696764000004,0.034342330401434605,18.057960595644992
Defect_L3_B136_el3827_H4_W4.npy,-272.0282,4772.4173,-613.09266419,221.39734650000037,0.07382870207057173,18.73743652751967
Defect_L3_B137_el3831_H4_W4.npy,-271.0394,4779.49792,-654.0223858999998,232.52556960000038,0.12306212548406974,19.933308872141723
Defect_L3_B138_el3835_H4_W4.npy,-273.4253,4777.172369999999,-674.5904788999999,240.10618729999987,0.10671411557287981,20.950093299189884
Defect_L3_B139_el3839_H4_W4.npy,-272.2292,4774.37908,-665.978764,1477.7678999999998,0.19328653327438988,23.855059444108058
Defect_L3_B13_el163_H4_W4.npy,-272.1558,4775.4474,-475.83002090000014,229.61327990000018,-0.00649965008250061,14.853690838196385
Defect_L3_B140_el3843_H4_W4.npy,-271.9633,4774.76973,-616.7416850180002,231.08381414999985,0.050161641744825576,18.885792768004542
Defect_L3_B141_el3847_H4_W4.npy,-271.9538,4774.99025,-582.9815291,216.07385060000024,0.004662257979613784,17.667853829803892
Defect_L3_B142_el3851_H4_W4.npy,-271.9659,4775.09573,-558.5335417999997,209.58926270000006,-0.02130189758082302,16.914246056394273
Defect_L3_B143_el3855_H4_W4.npy,-271.9788,4775.149899999999,-537.175154,205.99754510000002,-0.041429192947689035,16.410396961575326
Defect_L3_B144_el3859_H4_W4.npy,-271.9946,4775.192999999999,-496.88349400000016,260.364967,-0.07035326556734438,15.786101336201375
Defect_L3_B145_el4147_H4_W4.npy,-272.279,4775.348300000001,-325.10681810000017,175.3792241000001,-0.15869589707192686,10.243741370833034
Defect_L3_B146_el4151_H4_W4.npy,-272.17830000000004,4775.337909999999,-361.52129477000005,180.07852490000005,-0.09914085010863843,11.477911841065474
Defect_L3_B147_el4155_H4_W4.npy,-272.0235,4775.59422,-406.0541228999999,213.70250079999983,0.00983373725046639,12.88046711924799
Defect_L3_B148_el4159_H4_W4.npy,-272.1002,4776.318859999999,-467.91902920000007,262.46193300000004,0.22488268997888416,14.878338465944665
Defect_L3_B149_el4179_H4_W4.npy,-271.7854,4776.24149,-502.6711307999999,302.5283113999999,0.5701756197845775,14.675483824306742
Defect_L3_B14_el451_H4_W4.npy,-272.1523,4775.476589999999,-569.0246810000001,307.8601457,-0.003381337410478743,18.127100191451774
Defect_L3_B150_el4183_H4_W4.npy,-272.0883,4776.144859999999,-427.5805058000003,244.98559471000044,0.1742927573896995,12.817871562874188
Defect_L3_B151_el4187_H4_W4.npy,-272.0825,4775.83894,-405.6671643999998,200.16315059999988,-0.014940878840755092,12.311182625452654
Defect_L3_B152_el4191_H4_W4.npy,-272.0288,4775.62071,-403.24304700000016,176.3559515000004,-0.10279499275375974,12.291891477210337
Defect_L3_B153_el4195_H4_W4.npy,-271.98240000000004,4775.50552,-388.2302759999998,196.01560599999993,-0.15152784207102146,12.240955593611405
Defect_L3_B154_el4483_H4_W4.npy,-272.40200000000004,4775.708299999999,-182.04267029999994,105.4798434999999,-0.1667975679132494,5.735916988694051
Defect_L3_B155_el4487_H4_W4.npy,-272.3248,4775.492910000001,-178.56085860000007,82.88063350000004,-0.14929804510968656,5.554011289240354
Defect_L3_B156_el4491_H4_W4.npy,-272.1893,4775.2848699999995,-165.42156979999993,76.59652440000013,-0.1221938153239525,4.870490377298786
Defect_L3_B157_el4495_H4_W4.npy,-272.10069999999996,4775.19781,-136.74380953999997,68.64286541000001,-0.07235103223888373,3.808506861894486
Defect_L3_B158_el4515_H4_W4.npy,-272.2563,4775.4556,-156.19490000000002,51.394929999999995,0.04286728325329215,2.5182060688622196
Defect_L3_B159_el4519_H4_W4.npy,-272.15840000000003,4775.41995,-104.99319285000001,67.25724530000005,-0.03632715508651036,3.2463987642863565
Defect_L3_B15_el455_H4_W4.npy,-272.158,4775.45779,-601.754124,241.44284099000015,0.00796539973701715,18.461024713048864
Defect_L3_B160_el4523_H4_W4.npy,-272.1322,4775.57545,-162.81267638999998,74.70479049999994,-0.10537677522915109,4.679368857886377
Defect_L3_B161_el4527_H4_W4.npy,-272.0944,4775.74669,-201.0318413,86.13978339999994,-0.1499903333405296,5.920115556163379
Defect_L3_B162_el4531_H4_W4.npy,-272.05179999999996,4775.86641,-210.34050879999984,116.6886712999999,-0.17973116684025908,6.611917016997641
Defect_L3_B163_el4819_H4_W4.npy,-272.56759999999997,4776.25122,-266.09717780000005,135.61416700000007,-0.17389930521303432,8.139944598749459
Defect_L3_B164_el4823_H4_W4.npy,-272.5399,4775.8861799999995,-259.65249399999993,110.57699779999996,-0.12852703468580487,7.580720582973971
Defect_L3_B165_el4827_H4_W4.npy,-272.468,4775.50569,-228.0104933,112.5105659300001,-0.05498857178817994,6.570771691853329
Defect_L3_B166_el4831_H4_W4.npy,-272.6302,4775.291649999999,-172.08849296999995,122.69776659999991,0.06714409870641094,5.421324537261702
Defect_L3_B167_el4851_H4_W4.npy,-272.1531,4776.766430000001,-175.31290590000003,97.52001869999992,0.0674284471402733,4.742447999211667
Defect_L3_B168_el4855_H4_W4.npy,-272.0623,4777.0068,-215.4574095700001,119.38720010000009,-0.004986551223576079,6.361379915561477
Defect_L3_B169_el4859_H4_W4.npy,-272.0455,4776.90525,-230.16312119999998,113.38403784000002,-0.08356069471921544,6.906652580781621
Defect_L3_B16_el459_H4_W4.npy,-272.1611,4775.4483199999995,-607.5754949999998,227.53710189999947,0.006578260562839095,18.44478149026687
Defect_L3_B170_el4863_H4_W4.npy,-272.04600000000005,4776.8678,-230.57689800000003,105.75530909999998,-0.13081058540134374,7.089505210783143
Defect_L3_B171_el4867_H4_W4.npy,-272.0412,4776.888849999999,-216.96530729999995,123.98547259999998,-0.16087336780982686,6.866093821516753
Defect_L3_B172_el5155_H4_W4.npy,-272.2398,4775.1805300000005,-442.7053249999999,223.1199200000001,-0.10901152111361767,13.932015531452064
Defect_L3_B173_el5159_H4_W4.npy,-272.2562,4774.667,-472.22387179999987,185.50635350000016,-0.07156800883371572,14.313846796772554
Defect_L3_B174_el5163_H4_W4.npy,-272.1948,4773.54187,-491.88692749999996,199.3231234000002,-0.021172670916254018,14.762262989694566
Defect_L3_B175_el5167_H4_W4.npy,-272.8038,4771.35444,-534.0765390999998,231.20914090000042,0.06532371645169369,15.905805551407427
Defect_L3_B176_el5187_H4_W4.npy,-272.2693,4775.8901399999995,-695.4964628999996,305.72721360000014,0.38751107718321326,20.94684684158285
Defect_L3_B177_el5191_H4_W4.npy,-272.2211,4777.01943,-568.3355443,279.8934744000003,0.18436781125052149,17.701031658335157
Defect_L3_B178_el5195_H4_W4.npy,-272.19219999999996,4777.9574,-494.9328694000001,240.9305999999999,0.04221449869552374,15.506918602837848
Defect_L3_B179_el5199_H4_W4.npy,-272.1748,4778.54598,-445.21212919999994,211.45524339999997,-0.05039669418054104,13.952807819450385
Defect_L3_B17_el463_H4_W4.npy,-272.1627,4775.43856,-607.2665340000001,222.18690379999998,0.005580007934376484,18.361917899566528
Defect_L3_B180_el5203_H4_W4.npy,-272.1514,4778.95048,-401.33197819999987,216.58160820000012,-0.11603318913353129,12.600904896759863
Defect_L3_B181_el5491_H4_W4.npy,-272.0164,4773.89753,-516.559105,268.847573,-0.04058924196930931,16.31791259480426
Defect_L3_B182_el5495_H4_W4.npy,-272.0198,4773.686909999999,-554.8177999999998,206.8501497000002,-0.021890951208715093,16.874257087770825
Defect_L3_B183_el5499_H4_W4.npy,-272.0374,4773.25597,-572.0402257000003,200.17159650000008,-0.013694659404703049,17.245374606643765
Defect_L3_B184_el5503_H4_W4.npy,-272.69780000000003,4772.47976,-590.0238994000001,209.4478795,-0.0010558490496479001,17.78577787743504
Defect_L3_B185_el5507_H4_W4.npy,-273.577,4765.9486099999995,-612.6227160000001,224.10767750000014,0.027986751458714477,18.563871133943373
Defect_L3_B186_el5511_H4_W4.npy,-265.78880000000004,4795.75671,-633.1824467999998,227.54491089999965,0.04548189468723464,19.1865404630795
Defect_L3_B187_el5515_H4_W4.npy,-276.69289999999995,4760.9394999999995,-626.8703591999997,214.10281179999993,0.05804641635319953,19.001409754816805
Defect_L3_B188_el5519_H4_W4.npy,-272.12800000000004,4774.886960000001,-607.5471537999999,204.1553756999997,0.06817187170918124,18.27838641921513
Defect_L3_B189_el5523_H4_W4.npy,-272.23380000000003,4775.54449,-589.7310828,199.62449824999976,0.04418594487843704,17.756349803379404
Defect_L3_B18_el467_H4_W4.npy,-272.1578,4775.438719999999,-604.5523704000002,219.39609289999999,0.00490735981871199,18.246949606957806
Defect_L3_B190_el5527_H4_W4.npy,-272.2483,4776.16307,-586.5027545,204.88080007500002,0.02263904447479104,17.658718279811637
Defect_L3_B191_el5531_H4_W4.npy,-272.2524,4776.95108,-575.5021085999999,211.70799220000004,0.009589012696686565,17.403805660339675
Defect_L3_B192_el5535_H4_W4.npy,-272.25489999999996,4777.71425,-556.7010649999997,217.68392119999976,-0.005084664961518679,17.01646434596614
Defect_L3_B193_el5539_H4_W4.npy,-272.2365,4778.38719,-517.025335,269.84341500000005,-0.03264889438891081,16.360454517850695
Defect_L3_B194_el5827_H4_W4.npy,-272.0575,4774.24389,-524.2922430000001,275.799401,-0.019815654273612485,16.567997806862564
Defect_L3_B195_el5831_H4_W4.npy,-272.06059999999997,4774.09361,-560.8446860000001,212.32694469999979,-0.0056480481680951065,17.07732125310435
Defect_L3_B196_el5835_H4_W4.npy,-272.1018,4773.82604,-574.6177518,205.4021201999999,-0.0029786558967075964,17.34118504605141
Defect_L3_B197_el5839_H4_W4.npy,-272.58739999999995,4773.4159500000005,-585.3595041999997,207.48177910000027,0.002101936995253066,17.63639233070354
Defect_L3_B198_el5843_H4_W4.npy,-272.69530000000003,4770.3532,-595.1998668000001,211.4328886000003,0.011974170353855345,17.930814769289473
Defect_L3_B199_el5847_H4_W4.npy,-268.64009999999996,4787.41368,-601.9294216999999,210.51858840000023,0.02129795317492844,18.121237633458804
Defect_L3_B19_el471_H4_W4.npy,-272.1589,4775.44842,-600.6960091000001,217.41199029999984,0.00441626854325819,18.111961041154856
Defect_L3_B1_el115_H4_W4.npy,-272.1553,4775.45705,-611.2913739999997,316.72129319999976,-0.0017975658382895158,19.37834814476322
Defect_L3_B200_el5851_H4_W4.npy,-274.83410000000003,4767.8681,-598.8165001000002,202.8874411000004,0.021302519317233138,18.004732235949668
Defect_L3_B201_el5855_H4_W4.npy,-272.2055,4775.390759999999,-588.2517253999999,195.79072280000014,0.025240635765291168,17.640373920129043
Defect_L3_B202_el5859_H4_W4.npy,-272.2294,4775.6031299999995,-580.9680824,195.47566149000045,0.01634547381550447,17.424760784531422
Defect_L3_B203_el5863_H4_W4.npy,-272.2205,4775.79073,-581.3387012999999,197.8273339999996,0.010451071438207882,17.460754772688304
Defect_L3_B204_el5867_H4_W4.npy,-272.21299999999997,4776.04249,-580.9679330000001,206.58318361000033,0.008732305173081694,17.524571435680308
Defect_L3_B205_el5871_H4_W4.npy,-272.2109,4776.29276,-574.91075,223.30528590000017,0.007764687721145079,17.5375755478351
Defect_L3_B206_el5875_H4_W4.npy,-272.1918,4776.55638,-542.957823,288.521164,-0.006159032415946035,17.2269776503327
Defect_L3_B207_el6163_H4_W4.npy,-272.107,4774.6976,-513.5541034,269.5486609999998,-0.013166657074372264,16.185641692866117
Defect_L3_B208_el6167_H4_W4.npy,-272.1106,4774.55284,-548.7793790000001,207.99909879999996,-0.0026809884040227944,16.688235438819824
Defect_L3_B209_el6171_H4_W4.npy,-272.14930000000004,4774.30413,-562.8998800000002,201.47233859999983,-0.001607662857401792,16.962327594008354
Defect_L3_B20_el475_H4_W4.npy,-272.161,4775.427250000001,-595.6094166999999,215.54716769999982,0.003653163309783438,17.953760609983263
Defect_L3_B210_el6175_H4_W4.npy,-272.4618,4773.99585,-573.4961351,203.80401540000003,0.0009702454984216828,17.238937545766206
Defect_L3_B211_el6179_H4_W4.npy,-272.3074,4772.61083,-582.5288906000001,206.43307710000045,0.0054841319938112405,17.494578220783325
Defect_L3_B212_el6183_H4_W4.npy,-270.2854,4781.75076,-589.7482435,208.13342809999995,0.010521272793468974,17.70640518977187
Defect_L3_B213_el6187_H4_W4.npy,-273.6305,4771.57802,-592.2864873000001,206.51429080000025,0.011524511754659725,17.768465423496917
Defect_L3_B214_el6191_H4_W4.npy,-272.21299999999997,4775.44876,-590.4216681,203.25318390000007,0.013570956804416641,17.690250320168555
Defect_L3_B215_el6195_H4_W4.npy,-272.2028,4775.59929,-589.0562346999998,203.1186563999995,0.009742212392305235,17.658867788223002
Defect_L3_B216_el6199_H4_W4.npy,-272.1918,4775.60634,-590.6749390000002,206.62743711999997,0.008684441587155667,17.7377666596954
Defect_L3_B217_el6203_H4_W4.npy,-272.1834,4775.64124,-591.451157,213.72752189999983,0.009884304519265856,17.836796566120693
Defect_L3_B218_el6207_H4_W4.npy,-272.17740000000003,4775.675679999999,-586.717971,229.49791129999994,0.011649861736923716,17.88888336887901
Defect_L3_B219_el6211_H4_W4.npy,-272.1601,4775.716179999999,-556.2537767000001,296.375503,0.0020501503567473566,17.601433076557342
Defect_L3_B21_el479_H4_W4.npy,-272.1578,4775.41625,-589.3848149999999,213.03240600000004,0.002707474550846222,17.76506729498939
Defect_L3_B22_el483_H4_W4.npy,-272.1538,4775.40553,-582.4163194,209.95609609999974,0.0019224494701390055,17.556074492235794
Defect_L3_B23_el487_H4_W4.npy,-272.153,4775.40538,-574.6661692999999,207.4453337,0.0015007286335233508,17.341368255668808
Defect_L3_B24_el491_H4_W4.npy,-272.15250000000003,4775.41576,-565.6885070000001,205.84363480000002,0.0014321968950079147,17.124231906666836
Defect_L3_B25_el495_H4_W4.npy,-272.1541,4775.4263,-552.7520860000002,212.44342789999973,0.0020832703188809415,16.895582899407277
Defect_L3_B26_el499_H4_W4.npy,-272.1564,4775.45763,-517.7307529,275.58301700000015,-0.008285525923264286,16.426543103335458
Defect_L3_B27_el787_H4_W4.npy,-272.14930000000004,4775.485729999999,-555.8036314000001,300.233616,-0.007954966252559969,17.729500371529785
Defect_L3_B28_el791_H4_W4.npy,-272.158,4775.45775,-589.3646289999997,233.86138759999994,0.007868110082856122,18.08938382308263
Defect_L3_B29_el795_H4_W4.npy,-272.1642,4775.44889,-596.0422420999998,219.56820119999975,0.007695291142696241,18.10198555251271
Defect_L3_B2_el119_H4_W4.npy,-272.15680000000003,4775.45753,-632.7426,254.55379485999947,0.006020983618547871,19.42667961431471
Defect_L3_B30_el799_H4_W4.npy,-272.1691,4775.429340000001,-597.5124640000001,213.69184299999984,0.007651279306455486,18.073504425511217
Defect_L3_B31_el803_H4_W4.npy,-272.1601,4775.41981,-597.5529363999999,210.83946510000033,0.007840863273316961,18.041013514826943
Defect_L3_B32_el807_H4_W4.npy,-272.1607,4775.43946,-597.3529290000001,209.48709899999994,0.008234104768885635,18.015278579210783
Defect_L3_B33_el811_H4_W4.npy,-272.1643,4775.4074,-596.2998143,208.93131949999997,0.007867954174866899,17.979419584080244
Defect_L3_B34_el815_H4_W4.npy,-272.1591,4775.3855300000005,-593.7822057999999,207.9636535999996,0.0068293663601332755,17.90553073091268
Defect_L3_B35_el819_H4_W4.npy,-272.1525,4775.37396,-590.1604938,206.5475256000002,0.005505594737412729,17.801943972045898
Defect_L3_B36_el823_H4_W4.npy,-272.149,4775.3835,-585.5177237,205.92124239999998,0.004496905684485792,17.687821379978125
Defect_L3_B37_el827_H4_W4.npy,-272.1491,4775.394109999999,-579.438271,208.10436990000017,0.0036769845480104616,17.565561614315186
Defect_L3_B38_el831_H4_W4.npy,-272.15119999999996,4775.41528,-568.930114,219.73625079999988,0.003037710783200676,17.420998608640204
Defect_L3_B39_el835_H4_W4.npy,-272.15590000000003,4775.45768,-533.9378511999998,286.15464599999973,-0.012081150281595246,16.986179368110978
Defect_L3_B3_el123_H4_W4.npy,-272.1569,4775.45769,-629.5504729999996,242.6650770000001,0.004190668574616597,19.149438596135877
Defect_L3_B40_el1123_H4_W4.npy,-272.1464,4775.50468,-549.6282448000002,296.1506630000001,-0.012080213021856545,17.527579074563395
Defect_L3_B41_el1127_H4_W4.npy,-272.15930000000003,4775.46764,-583.4412129999998,229.67675570000029,0.006595346788473193,17.906710561773284
Defect_L3_B42_el1131_H4_W4.npy,-272.1689,4775.439289999999,-590.3908959999999,215.35343449999982,0.007579500325827356,17.928324776448978
Defect_L3_B43_el1135_H4_W4.npy,-272.1788,4775.41019,-592.3935580999998,209.2773868000004,0.008456768988753654,17.916239049479795
Defect_L3_B44_el1139_H4_W4.npy,-272.1617,4775.39122,-593.5477262999998,206.4540148000001,0.009614042134584801,17.91776303018183
Defect_L3_B45_el1143_H4_W4.npy,-272.163,4775.4409399999995,-595.4002341,205.73058560000027,0.011005849313647377,17.955201106938
Defect_L3_B46_el1147_H4_W4.npy,-272.1701,4775.39768,-596.8875255,206.4478391,0.010991757873502695,17.99912003629864
Defect_L3_B47_el1151_H4_W4.npy,-272.16190000000006,4775.35467,-596.2648451,206.74480409999978,0.009697105456620343,17.986582780858313
Defect_L3_B48_el1155_H4_W4.npy,-272.14919999999995,4775.33184,-593.8502848,206.24881440000013,0.007589133766768927,17.923359774779275
Defect_L3_B49_el1159_H4_W4.npy,-272.144,4775.341020000001,-590.1569009,206.87361290000013,0.005701033623245323,17.840671207982776
Defect_L3_B4_el127_H4_W4.npy,-272.1569,4775.44773,-619.5948229999997,236.8898839999997,0.0023478940509461294,18.819294317701097
Defect_L3_B50_el1163_H4_W4.npy,-272.1437,4775.37187,-584.9035887000002,210.00779770000008,0.003928692442683109,17.74502349154985
Defect_L3_B51_el1167_H4_W4.npy,-272.14750000000004,4775.40359,-575.036018,222.31289700000002,0.0022578944208731387,17.621589932770664
Defect_L3_B52_el1171_H4_W4.npy,-272.15459999999996,4775.4573,-540.0064359999999,289.28154900000004,-0.015673840094618943,17.17699205055295
Defect_L3_B53_el1459_H4_W4.npy,-272.14300000000003,4775.5134100000005,-545.9310030000001,293.85039499999993,-0.015411988073814187,17.431742582562013
Defect_L3_B54_el1463_H4_W4.npy,-272.1612,4775.467390000001,-579.9117210000002,227.06470899999977,0.005198079025821115,17.81371877232471
Defect_L3_B55_el1467_H4_W4.npy,-272.1765,4775.43977,-586.8762305999999,212.64009620000002,0.007037377593321782,17.836237056879714
Defect_L3_B56_el1471_H4_W4.npy,-272.1936,4775.38098,-588.9217503,206.28837620000036,0.008647501371359898,17.826127966946352
Defect_L3_B57_el1475_H4_W4.npy,-272.16200000000003,4775.35281,-590.5194669000002,203.31736329999967,0.010816987943200271,17.84235991954508
Defect_L3_B58_el1479_H4_W4.npy,-272.1647,4775.46324,-594.2836366000004,203.29552609999973,0.013577432593665117,17.93903342380317
Defect_L3_B59_el1483_H4_W4.npy,-272.1786,4775.388260000001,-598.6456574000001,205.98527970000032,0.013732979002524584,18.07531559098713
Defect_L3_B5_el131_H4_W4.npy,-272.15529999999995,4775.4577500000005,-608.075427,231.93692660000033,0.000605877988869417,18.46918353902222
Defect_L3_B60_el1487_H4_W4.npy,-272.1657,4775.33393,-599.6131591000001,208.13685329999976,0.01239695801955084,18.11680830810426
Defect_L3_B61_el1491_H4_W4.npy,-272.14439999999996,4775.28891,-597.3007181,208.45437930000048,0.009089203227766652,18.061900885059615
Defect_L3_B62_el1495_H4_W4.npy,-272.1363,4775.29744,-593.2651249999999,209.2662757000005,0.006164229850551796,17.969866221060652
Defect_L3_B63_el1499_H4_W4.npy,-272.1364,4775.33853,-587.7340132000002,212.0694691000001,0.0034917876558216757,17.863032938235694
Defect_L3_B64_el1503_H4_W4.npy,-272.1408,4775.38101,-577.6128282,223.3882920000001,0.0008263674573224784,17.729733883106004
Defect_L3_B65_el1507_H4_W4.npy,-272.1515,4775.44607,-542.2581999999998,290.18792099999996,-0.019192412353951777,17.262983029435564
Defect_L3_B66_el1795_H4_W4.npy,-272.14410000000004,4775.52259,-537.1566030000001,292.294934,-0.018533631553838657,17.157509585450327
Defect_L3_B67_el1799_H4_W4.npy,-272.1663,4775.46726,-570.3508664000001,224.51460780000002,0.002629632446692557,17.549000545891115
Defect_L3_B68_el1803_H4_W4.npy,-272.18620000000004,4775.42021,-577.7293152,210.34328870000013,0.005576644870412898,17.58735687840253
Defect_L3_B69_el1807_H4_W4.npy,-272.21639999999996,4775.341640000001,-579.8415124,203.7341290999998,0.008167375775742482,17.581949299209306
Defect_L3_B6_el135_H4_W4.npy,-272.156,4775.4575,-596.2950159999998,227.12356739999996,-0.0009863975842649422,18.111495237873935
Defect_L3_B70_el1811_H4_W4.npy,-272.1594,4775.29466,-581.2425235000001,202.16909190000024,0.011757996697245612,17.596739124672162
Defect_L3_B71_el1815_H4_W4.npy,-272.1652,4775.51642,-587.3544857000002,202.6130980999999,0.016199285040302346,17.76541513860099
Defect_L3_B72_el1819_H4_W4.npy,-272.1891,4775.389370000001,-596.2340716000001,206.55176499999993,0.015687526514223785,18.047717337938927
Defect_L3_B73_el1823_H4_W4.npy,-272.17330000000004,4775.31385,-599.1009846000002,212.02910249999968,0.014992299920567668,18.154173232016845
Defect_L3_B74_el1827_H4_W4.npy,-272.1376,4775.24541,-595.3352052999999,212.93064409999988,0.01023079508695907,18.06313126445558
Defect_L3_B75_el1831_H4_W4.npy,-272.1254,4775.25272,-589.5086757999998,212.30193689999987,0.0049755137656505855,17.910096052863114
Defect_L3_B76_el1835_H4_W4.npy,-272.1251,4775.29391,-582.9472235000001,213.8415258,0.0011938274898210398,17.762027165931904
Defect_L3_B77_el1839_H4_W4.npy,-272.13120000000004,4775.347159999999,-572.2395713999999,223.71599200000014,-0.0022062304529902946,17.603811952744913
Defect_L3_B78_el1843_H4_W4.npy,-272.1445,4775.42355,-537.6737029999999,290.8216829999999,-0.022549423895115616,17.11316039859866
Defect_L3_B79_el2131_H4_W4.npy,-272.1519,4775.511710000001,-524.9294209999998,283.05210599999987,-0.03147953479993117,16.737614677369567
Defect_L3_B7_el139_H4_W4.npy,-272.1568,4775.44708,-584.1393330000001,222.28490770000008,-0.0024203138306849643,17.745226568652505
Defect_L3_B80_el2135_H4_W4.npy,-272.1769,4775.467180000001,-561.8254714,221.05372239999974,-0.004944959250098327,17.28450334221586
Defect_L3_B81_el2139_H4_W4.npy,-272.2016,4775.43129,-574.7388174999999,209.60370650000004,0.004389790778448734,17.502941493146878
Defect_L3_B82_el2143_H4_W4.npy,-272.25260000000003,4775.32339,-581.0649179999998,204.52644110000028,0.012478372550560324,17.631896617837008
Defect_L3_B83_el2147_H4_W4.npy,-272.1538,4775.19821,-583.1099859999997,201.48837649999996,0.022503116319264483,17.6815435952154
Defect_L3_B84_el2151_H4_W4.npy,-272.1644,4775.6322199999995,-593.7272172999999,203.6185185000004,0.03221287338123239,17.98519993332706
Defect_L3_B85_el2155_H4_W4.npy,-272.2027,4775.4114899999995,-610.3775388499998,211.30692799999997,0.02915198809838664,18.535682178947802
Defect_L3_B86_el2159_H4_W4.npy,-272.1845,4775.32468,-615.2799689000001,222.1921814000002,0.02911856681794248,18.68496158982346
Defect_L3_B87_el2163_H4_W4.npy,-272.122,4775.179279999999,-602.7298309999999,220.45007769999984,0.017520336750559383,18.348635748369762
Defect_L3_B88_el2167_H4_W4.npy,-272.10440000000006,4775.19514,-590.7871232,213.86467410000023,0.0034099079212592306,17.961498379995376
Defect_L3_B89_el2171_H4_W4.npy,-272.1056,4775.246910000001,-580.8004257000002,211.72660229999997,-0.004352593137606064,17.689097484041728
Defect_L3_B8_el143_H4_W4.npy,-272.15659999999997,4775.43682,-571.521444,216.9941332000003,-0.0036234986957467273,17.3623302399721
Defect_L3_B90_el2175_H4_W4.npy,-272.1145,4775.3110799999995,-568.1304896999998,220.73729170000024,-0.01037006203039081,17.464395927884564
Defect_L3_B91_el2179_H4_W4.npy,-272.13169999999997,4775.39892,-532.4159480000001,286.43357600000013,-0.032437203790071756,16.940108196601056
Defect_L3_B92_el2467_H4_W4.npy,-272.1582,4775.467769999999,-470.4402560000001,249.56643799999983,-0.08720379331584308,14.877261854451397
Defect_L3_B93_el2471_H4_W4.npy,-272.17990000000003,4775.4837,-513.9878184000002,216.47752260000016,-0.044714018155936466,15.860904678028778
Defect_L3_B94_el2475_H4_W4.npy,-272.2032,4775.56268,-550.1265122,230.13746390000028,-0.002882072226989725,16.822144710915786
Defect_L3_B95_el2479_H4_W4.npy,-272.2759,4775.5644,-593.2892186999998,244.3681717000004,0.05357352844569923,18.077635902025346
Defect_L3_B96_el2499_H4_W4.npy,-272.0692,4775.17656,-620.3223271700001,234.14109659999986,0.059411300932653795,18.96461818221277
Defect_L3_B97_el2503_H4_W4.npy,-272.0709,4775.25739,-578.8488378,222.75021216999994,0.0033479276913294096,17.447843621819768
Defect_L3_B98_el2507_H4_W4.npy,-272.0837,4775.30207,-553.5398167999999,209.72589460000063,-0.026586050536566,16.726335904985348
Defect_L3_B99_el2511_H4_W4.npy,-272.0968,4775.32643,-535.6374694000003,204.9246479999997,-0.04468034048778709,16.361922961422888
Defect_L3_B9_el147_H4_W4.npy,-272.15520000000004,4775.436809999999,-558.3346379999998,211.3388677999999,-0.00452193865664941,16.958569930251265
Defect_L4_B100_el2515_H4_W4.npy,-272.1174,4775.38501,-486.2572670000002,215.12872999999968,-0.06401110588343963,14.53543980946419
Defect_L4_B101_el2803_H4_W4.npy,-272.1658,4775.31478,-353.0948338999999,166.82043629999998,-0.15960938999887397,10.70272394951409
Defect_L4_B102_el2807_H4_W4.npy,-272.1886,4775.29924,-357.8244560999999,125.0991249000001,-0.15264882483665917,10.564752098849237
Defect_L4_B103_el2811_H4_W4.npy,-272.2059,4775.35518,-330.3125489,119.15158570000017,-0.14672026052693635,9.853904061607714
Defect_L4_B104_el2815_H4_W4.npy,-272.2268,4775.5493,-298.8800625000001,122.17296590000024,-0.0983254730826496,8.896407495490545
Defect_L4_B105_el2835_H4_W4.npy,-272.02000000000004,4775.8478000000005,-264.87296560000027,153.0610999999999,0.19678413891319,7.645453011605106
Defect_L4_B106_el2839_H4_W4.npy,-272.0772,4775.667979999999,-317.047319,121.31986449999977,-0.05875319654354471,9.127687314709531
Defect_L4_B107_el2843_H4_W4.npy,-272.1054,4775.48214,-361.2498730999997,113.10420469999985,-0.12335403411231624,10.506097656076951
Defect_L4_B108_el2847_H4_W4.npy,-272.1136,4775.38242,-391.03259619999994,123.65471430000002,-0.1367637165865657,11.350083929480967
Defect_L4_B109_el2851_H4_W4.npy,-272.1211,4775.3439499999995,-386.4718019999998,174.95740000000023,-0.1466447839174198,11.566656526888009
Defect_L4_B10_el151_H4_W4.npy,-272.156,4775.436989999999,-527.844096,153.2990871000004,-0.002374362994061945,15.338810237126069
Defect_L4_B110_el3139_H4_W4.npy,-272.1593,4775.22317,-421.60328200000004,184.44943000000012,-0.11802471512121555,12.593834770169742
Defect_L4_B111_el3143_H4_W4.npy,-272.2034,4775.05959,-435.72894099999985,1497.4970999999996,0.015031473794855355,17.891472178234743
Defect_L4_B112_el3147_H4_W4.npy,-272.24989999999997,4774.768959999999,-429.27282279999986,1500.2299000000003,0.06398232154638489,17.763963787509166
Defect_L4_B113_el3151_H4_W4.npy,-272.3705,4774.2260400000005,-425.0603015999998,179.3160249,0.08576934369610027,12.419294397934246
Defect_L4_B114_el3171_H4_W4.npy,-272.4437,4774.14652,-520.0892201000001,1554.4231,0.5596062677545395,20.47032370442512
Defect_L4_B115_el3175_H4_W4.npy,-272.1697,4774.32791,-429.24976949999996,1511.3663000000006,0.1913395415427843,18.499798013270293
Defect_L4_B116_el3179_H4_W4.npy,-272.0915,4774.645219999999,-405.60580030000006,152.19218360000013,-0.06365582823574209,12.384157321593209
Defect_L4_B117_el3183_H4_W4.npy,-272.0899,4774.9237,-398.9690785,139.32094575999986,-0.11771238479645726,11.937536415425349
Defect_L4_B118_el3187_H4_W4.npy,-272.1118,4775.107550000001,-374.36688460000005,173.6602624000002,-0.14437682887353345,11.392930821816242
Defect_L4_B119_el3475_H4_W4.npy,-272.18190000000004,4775.27948,-490.15486699999997,216.91634999999997,-0.05193749128039062,14.684474328596112
Defect_L4_B11_el155_H4_W4.npy,-272.156,4775.43712,-512.6600469999998,149.43812813,-0.002481257505760382,14.890546817854947
Defect_L4_B120_el3479_H4_W4.npy,-272.21279999999996,4775.16063,-524.3678368999999,156.29186430000004,-0.027519874638768642,15.210095220045524
Defect_L4_B121_el3483_H4_W4.npy,-272.2518,4775.050920000001,-541.1445926000001,156.3562152999998,-0.005509980962996045,15.570591901434723
Defect_L4_B122_el3487_H4_W4.npy,-272.4316,4774.89759,-559.0026642,159.0323030999998,0.02050066082464434,16.062275142881546
Defect_L4_B123_el3491_H4_W4.npy,-271.9783,4774.27702,-583.1731590499999,157.63698269999986,0.04646654497084314,16.85194295706619
Defect_L4_B124_el3495_H4_W4.npy,-271.7444,4776.9646299999995,-619.7109449999998,166.44870149999997,0.07585853565826987,17.872509504461387
Defect_L4_B125_el3499_H4_W4.npy,-272.7078,4776.25062,-632.7593611999998,168.42861279999988,0.09448525338612913,18.472956608024806
Defect_L4_B126_el3503_H4_W4.npy,-272.2642,4774.7909,-624.5031067,168.50148290000016,0.08836994637996642,18.082252944363947
Defect_L4_B127_el3507_H4_W4.npy,-272.16659999999996,4774.87662,-602.9507837000001,175.75969590000022,0.07177568332349066,17.582290597190052
Defect_L4_B128_el3511_H4_W4.npy,-272.0845,4774.76992,-579.5425577999999,180.93421679999983,0.04494100548406337,16.937329143380254
Defect_L4_B129_el3515_H4_W4.npy,-272.04810000000003,4774.819490000001,-549.3777979000001,174.54992070000026,0.005640666559991617,16.051329897610472
Defect_L4_B12_el159_H4_W4.npy,-272.1559,4775.43714,-494.36485300000027,146.5853578000001,-0.0013928095500070322,14.38568062461571
Defect_L4_B130_el3519_H4_W4.npy,-272.0549,4774.9551200000005,-518.2877406999999,167.38615110000023,-0.031524581510786756,15.194917012152512
Defect_L4_B131_el3523_H4_W4.npy,-272.0826,4775.097739999999,-472.13430399999993,208.13401999999996,-0.06657917572094456,14.213219304044443
Defect_L4_B132_el3811_H4_W4.npy,-272.26210000000003,4775.28762,-458.97146900000007,202.90827999999965,-0.07512976266514132,13.825926375860988
Defect_L4_B133_el3815_H4_W4.npy,-272.2541,4775.26818,-507.4789159999998,166.24264770000013,-0.03707221834041962,14.849124799124679
Defect_L4_B134_el3819_H4_W4.npy,-272.2547,4775.31802,-541.7683282999999,171.29801820000034,0.001967709450609119,15.768316054725235
Defect_L4_B135_el3823_H4_W4.npy,-272.47839999999997,4775.26394,-573.0530502000001,172.65212920000022,0.04086889990668491,16.656766212958324
Defect_L4_B136_el3827_H4_W4.npy,-272.05760000000004,4773.55473,-594.8857451900003,167.9079095000002,0.0756253531302745,17.30142929856996
Defect_L4_B137_el3831_H4_W4.npy,-271.5557,4777.90855,-629.6566068999998,170.50133360000018,0.11561638694801372,18.1887218306075
Defect_L4_B138_el3835_H4_W4.npy,-272.9615,4776.61275,-643.5649418999997,174.91294929999958,0.11700022914601288,18.845005269828864
Defect_L4_B139_el3839_H4_W4.npy,-272.1633,4774.76531,-638.7738379999998,1477.3288000000002,0.1973185969620641,22.289004817936306
Defect_L4_B13_el163_H4_W4.npy,-272.1559,4775.44739,-459.68986900000004,183.19925990000024,-0.0027981971620730656,13.766352414692207
Defect_L4_B140_el3843_H4_W4.npy,-272.02430000000004,4774.9639,-597.8318600180003,172.51396904999956,0.05370550045044462,17.41678872933666
Defect_L4_B141_el3847_H4_W4.npy,-272.0106,4775.09236,-566.9459381000001,164.38660460000028,0.014004965233653119,16.34478833727085
Defect_L4_B142_el3851_H4_W4.npy,-272.0026,4775.15003,-542.9316677999998,159.6815356999998,-0.015196288209491038,15.631228683264522
Defect_L4_B143_el3855_H4_W4.npy,-272.0021,4775.17918,-521.8704030000001,157.3414361,-0.03847244742238069,15.123684449369971
Defect_L4_B144_el3859_H4_W4.npy,-272.0109,4775.21026,-484.8992760000001,213.59245999999985,-0.06273291963365366,14.49321969905665
Defect_L4_B145_el4147_H4_W4.npy,-272.2935,4775.3831,-300.65929529999994,139.48188000000016,-0.1565299227472177,9.319505460153264
Defect_L4_B146_el4151_H4_W4.npy,-272.19190000000003,4775.37359,-338.9630294999997,141.2678136999998,-0.10231098031175424,10.455103683453384
Defect_L4_B147_el4155_H4_W4.npy,-272.0346,4775.62272,-372.1898326999999,170.14267040000004,0.00371616102211418,11.753453220541644
Defect_L4_B148_el4159_H4_W4.npy,-271.9765,4776.363179999999,-425.1108627000003,211.80122359999996,0.21427944524267864,13.60552171499612
Defect_L4_B149_el4179_H4_W4.npy,-271.8565,4776.237080000001,-504.6056108,239.90938289999985,0.5701934635081285,13.996908492806186
Defect_L4_B14_el451_H4_W4.npy,-272.1536,4775.46663,-550.0755810000003,245.44896970000036,-2.4145775727552343e-05,16.543485463325766
Defect_L4_B150_el4183_H4_W4.npy,-272.1243,4776.09626,-416.18577030000006,197.88260291000006,0.17499801631316075,12.137687240223384
Defect_L4_B151_el4187_H4_W4.npy,-272.10139999999996,4775.79476,-396.87154020000025,158.66413979999993,-0.015144025042350335,11.539725268915568
Defect_L4_B152_el4191_H4_W4.npy,-272.0422,4775.594889999999,-395.41919099999996,137.3929894700002,-0.1033705321968662,11.41250655086946
Defect_L4_B153_el4195_H4_W4.npy,-271.9949,4775.49028,-380.444694,163.16746999999987,-0.1470111232825141,11.287963316297468
Defect_L4_B154_el4483_H4_W4.npy,-272.40709999999996,4775.73982,-169.97888470000004,84.24216629999978,-0.16416739771275385,5.210459846249954
Defect_L4_B155_el4487_H4_W4.npy,-272.32570000000004,4775.53218,-166.42607029999994,64.25344670000004,-0.1483319005635422,5.030384351716313
Defect_L4_B156_el4491_H4_W4.npy,-272.18899999999996,4775.322679999999,-144.61985539999995,60.250343900000075,-0.12149878710419541,4.4155202770000415
Defect_L4_B157_el4495_H4_W4.npy,-272.0626,4775.22698,-118.57207262000003,56.30108061000004,-0.07180491531552241,3.4709878475520055
Defect_L4_B158_el4515_H4_W4.npy,-272.29019999999997,4775.49668,-67.38099540000005,48.35458,0.0548141908270345,2.0484827635243295
Defect_L4_B159_el4519_H4_W4.npy,-272.1535,4775.44831,-96.90130764999998,58.7235814,-0.039663309328725485,3.0850370778949716
Defect_L4_B15_el455_H4_W4.npy,-272.1569,4775.45751,-580.6279450000002,181.81388800000013,0.006552613327494377,16.92298015587846
Defect_L4_B160_el4523_H4_W4.npy,-272.1304,4775.60552,-144.25617391199995,59.95204555000009,-0.10716904206405013,4.355301416144823
Defect_L4_B161_el4527_H4_W4.npy,-272.09700000000004,4775.76832,-184.3427675999999,66.46308989999989,-0.15071551759283477,5.4435940040372515
Defect_L4_B162_el4531_H4_W4.npy,-272.0591,4775.87953,-201.45599349999998,95.28786999999988,-0.1776885681081358,6.0569404650987435
Defect_L4_B163_el4819_H4_W4.npy,-272.5734,4776.34015,-252.8021834000001,109.00521000000003,-0.17221622783522547,7.505507088124267
Defect_L4_B164_el4823_H4_W4.npy,-272.5419,4776.00124,-239.6506101,85.95657974000005,-0.13076083607129507,7.036333709865006
Defect_L4_B165_el4827_H4_W4.npy,-272.46810000000005,4775.638,-204.3672365,94.59872992999988,-0.05932982800956588,6.179069063069126
Defect_L4_B166_el4831_H4_W4.npy,-272.5292,4775.43995,-159.15900797000006,107.13509659999988,0.059305948139991314,5.178305552631441
Defect_L4_B167_el4851_H4_W4.npy,-272.17530000000005,4776.71512,-157.6151949,87.81251789999993,0.07128012808183445,4.381479624003113
Defect_L4_B168_el4855_H4_W4.npy,-272.0702,4776.9621799999995,-188.80198566000007,103.5091271,-0.007048788200570962,5.800789814132783
Defect_L4_B169_el4859_H4_W4.npy,-272.0552,4776.880639999999,-202.53889000000004,96.37698244000012,-0.08502357372167615,6.26866000529984
Defect_L4_B16_el459_H4_W4.npy,-272.15970000000004,4775.44802,-585.9964679999998,168.8915793999995,0.006415561295746134,16.94249915845725
Defect_L4_B170_el4863_H4_W4.npy,-272.056,4776.842720000001,-205.8756783,83.96325839999997,-0.13109992373757065,6.420392663771727
Defect_L4_B171_el4867_H4_W4.npy,-272.0538,4776.87376,-198.31677200000001,98.91700072999993,-0.158244297842563,6.220443949025614
Defect_L4_B172_el5155_H4_W4.npy,-272.2338,4775.24804,-434.68813099999966,182.17368999999985,-0.1034428101642221,12.855723014299008
Defect_L4_B173_el5159_H4_W4.npy,-272.2337,4774.71883,-462.8063427999998,143.32949650000023,-0.07015392708887062,13.272726768746496
Defect_L4_B174_el5163_H4_W4.npy,-272.1556,4773.573439999999,-483.8011104999998,155.0228386299998,-0.017177044938574658,13.755560949412743
Defect_L4_B175_el5167_H4_W4.npy,-272.4076,4771.437059999999,-526.9739615999999,181.1171889000002,0.07529618228308707,14.873610087711823
Defect_L4_B176_el5187_H4_W4.npy,-272.3374,4776.079720000001,-665.0057918999998,242.00044960000014,0.38480625398685203,19.338476642106674
Defect_L4_B177_el5191_H4_W4.npy,-272.24920000000003,4777.22571,-540.2553133000001,222.95087719999992,0.17995946708528324,16.26526581840726
Defect_L4_B178_el5195_H4_W4.npy,-272.2056,4778.11544,-469.5214404999999,190.39974800000005,0.03701653868938428,14.21406952899505
Defect_L4_B179_el5199_H4_W4.npy,-272.18480000000005,4778.65032,-422.97603500000014,165.62003149999987,-0.054649747200157,12.761785851786524
Defect_L4_B17_el463_H4_W4.npy,-272.1612,4775.43826,-585.7205329999999,164.01746079999975,0.006388725651326308,16.878793802687262
Defect_L4_B180_el5203_H4_W4.npy,-272.1654,4779.013690000001,-374.12935000000016,172.74238709999986,-0.11437073024216696,11.492655257197411
Defect_L4_B181_el5491_H4_W4.npy,-272.02479999999997,4773.9690900000005,-505.3618660000002,219.34103000000005,-0.033484920251457044,15.029949400744751
Defect_L4_B182_el5495_H4_W4.npy,-272.0324,4773.78147,-540.0507749999999,158.42521197999986,-0.01959213299688695,15.593121251777857
Defect_L4_B183_el5499_H4_W4.npy,-272.05420000000004,4773.43076,-556.1409077000003,150.82621950000043,-0.009768072315053361,15.959520472997477
Defect_L4_B184_el5503_H4_W4.npy,-272.4679,4772.83688,-572.6192963999999,156.1647564,0.00382067581432356,16.452013404448447
Defect_L4_B185_el5507_H4_W4.npy,-272.95410000000004,4768.6541,-592.019022,167.53759739999987,0.028375199258241324,17.119663898561765
Defect_L4_B186_el5511_H4_W4.npy,-268.2319,4787.20472,-607.6658457999997,168.35508409999966,0.0498596571566268,17.522038435365857
Defect_L4_B187_el5515_H4_W4.npy,-274.949,4765.8430100000005,-602.7462111999998,156.07524499700003,0.05734860771738181,17.355835577225772
Defect_L4_B188_el5519_H4_W4.npy,-272.2306,4774.77394,-588.7581837999999,149.1516016999999,0.06288159611867625,16.831417832338378
Defect_L4_B189_el5523_H4_W4.npy,-272.29110000000003,4775.47077,-574.7269977999999,148.95639725,0.04439531403366862,16.459786582688817
Defect_L4_B18_el467_H4_W4.npy,-272.1579,4775.43848,-583.1090554000002,161.62265605999983,0.006283913103836455,16.776569438589163
Defect_L4_B190_el5527_H4_W4.npy,-272.2824,4776.2036,-569.6628045,154.48200507499996,0.025368903332384625,16.347668377929892
Defect_L4_B191_el5531_H4_W4.npy,-272.2736,4777.03815,-557.4014066,159.0016695500001,0.01074181937455161,16.075503436482876
Defect_L4_B192_el5535_H4_W4.npy,-272.2702,4777.8189600000005,-538.666367,165.99825099999998,-0.005716411106337337,15.672490290983083
Defect_L4_B193_el5539_H4_W4.npy,-272.2542,4778.48233,-499.76388999999995,218.19373999999993,-0.028426680985181318,15.000934447529572
Defect_L4_B194_el5827_H4_W4.npy,-272.06609999999995,4774.31571,-511.85222999999996,224.78629,-0.013356146188898844,15.254001746870667
Defect_L4_B195_el5831_H4_W4.npy,-272.0738,4774.20834,-545.1704390000002,163.05123959999992,-0.003852694621244949,15.774404933846595
Defect_L4_B196_el5835_H4_W4.npy,-272.1111,4774.02823,-557.6153818,153.1160531999999,-0.0004950057309545452,16.035606293069257
Defect_L4_B197_el5839_H4_W4.npy,-272.4216,4773.75987,-567.0365041999999,154.36337610000032,0.004359107627352117,16.29895336895286
Defect_L4_B198_el5843_H4_W4.npy,-272.3895,4772.012570000001,-575.2502337999999,157.29500000000053,0.011789842136312694,16.54178762011431
Defect_L4_B199_el5847_H4_W4.npy,-269.9946,4782.68441,-580.3538936999998,154.97273051000025,0.018392022845259183,16.65540886211237
Defect_L4_B19_el471_H4_W4.npy,-272.1588,4775.44816,-579.1966020999998,159.95333030000006,0.006024715697287837,16.651150773493487
Defect_L4_B1_el115_H4_W4.npy,-272.1553,4775.45703,-589.3541789999999,251.12336719999985,0.0018959200397848667,17.917289964296376
Defect_L4_B200_el5851_H4_W4.npy,-273.8267,4770.6501,-577.8165861,148.11609480000016,0.019175734014596425,16.538451855178074
Defect_L4_B201_el5855_H4_W4.npy,-272.2615,4775.29188,-570.2593293999998,144.48163279999994,0.021652580092706715,16.27805664705596
Defect_L4_B202_el5859_H4_W4.npy,-272.2606,4775.51234,-565.3690004,145.28265649000036,0.016158660802432823,16.13958212793677
Defect_L4_B203_el5863_H4_W4.npy,-272.2402,4775.74636,-565.4254043000001,147.21955999999977,0.011881253369116865,16.1739403840621
Defect_L4_B204_el5867_H4_W4.npy,-272.2276,4776.0368100000005,-564.282232,153.859056,0.009635302211619307,16.211938132175675
Defect_L4_B205_el5871_H4_W4.npy,-272.2206,4776.32589,-557.9603159999999,169.6156679999997,0.007478225677592417,16.180984745436504
Defect_L4_B206_el5875_H4_W4.npy,-272.20459999999997,4776.60021,-528.1863290000001,234.2551699999999,-0.0016352663947377497,15.819095724592774
Defect_L4_B207_el6163_H4_W4.npy,-272.1151,4774.75652,-500.84768600000007,219.60959000000003,-0.007507698902058696,14.928098166500188
Defect_L4_B208_el6167_H4_W4.npy,-272.1202,4774.65448,-533.728634,158.99406840000006,-0.0011965668221059318,15.440009189824046
Defect_L4_B209_el6171_H4_W4.npy,-272.1528,4774.48074,-546.4810520000001,150.60507500000017,0.0002584335859643996,15.708064012334303
Defect_L4_B20_el475_H4_W4.npy,-272.1592,4775.42727,-574.3083606999999,158.2369701,0.005503317003191209,16.503098753166142
Defect_L4_B210_el6175_H4_W4.npy,-272.3528,4774.27933,-555.9562191,151.56613629999993,0.00256740159917486,15.957046759591512
Defect_L4_B211_el6179_H4_W4.npy,-272.16650000000004,4773.57004,-563.9168166,153.31946860000016,0.005849070466711736,16.17636591933318
Defect_L4_B212_el6183_H4_W4.npy,-271.0081,4779.30613,-570.3056234999999,153.4739862399997,0.009318954910017387,16.34091116533357
Defect_L4_B213_el6187_H4_W4.npy,-273.0777,4773.06508,-572.8747063000001,151.87189769999986,0.010077110821473601,16.394484546693448
Defect_L4_B214_el6191_H4_W4.npy,-272.2378,4775.40989,-572.3020461000001,149.89307810000014,0.011526956802711043,16.36056266387019
Defect_L4_B215_el6195_H4_W4.npy,-272.2196,4775.51376,-572.4065757000001,150.05647520000002,0.00975662944361033,16.364778866350644
Defect_L4_B216_el6199_H4_W4.npy,-272.2024,4775.5386,-574.1579700000002,153.2659160999999,0.009525205475528039,16.443553623838937
Defect_L4_B217_el6203_H4_W4.npy,-272.1903,4775.5929,-574.71975,159.80398100000002,0.010457855073304729,16.523789159284934
Defect_L4_B218_el6207_H4_W4.npy,-272.1824,4775.6669999999995,-570.1311200000002,174.5098350000003,0.011288489602080226,16.53598383090002
Defect_L4_B219_el6211_H4_W4.npy,-272.1669,4775.73829,-541.1863059999996,239.84284000000025,0.005952014812315352,16.197021281101463
Defect_L4_B21_el479_H4_W4.npy,-272.1573,4775.41654,-568.40329,156.27543820000005,0.004706001886091208,16.33052116492567
Defect_L4_B22_el483_H4_W4.npy,-272.1546,4775.41596,-561.6867173999999,154.23710570000003,0.0038606411880641655,16.14142906988883
Defect_L4_B23_el487_H4_W4.npy,-272.15389999999996,4775.4158,-554.3249273000001,152.40031339999996,0.0032182087007082095,15.944298283891765
Defect_L4_B24_el491_H4_W4.npy,-272.1535,4775.42605,-545.8226710000001,151.7004363000001,0.002700174589391035,15.739493744461873
Defect_L4_B25_el495_H4_W4.npy,-272.1541,4775.43657,-533.8407230000003,161.45921109999995,0.0026157229737992487,15.507988761868202
Defect_L4_B26_el499_H4_W4.npy,-272.1565,4775.45751,-501.119418,221.41787999999997,-0.0032293176657933807,15.026328905933042
Defect_L4_B27_el787_H4_W4.npy,-272.1508,4775.47592,-537.310135,240.68452000000002,-0.004072229886730546,16.159439916883
Defect_L4_B28_el791_H4_W4.npy,-272.158,4775.45756,-568.3168169999997,176.05815839999968,0.005971220667342098,16.557276407816644
Defect_L4_B29_el795_H4_W4.npy,-272.1627,4775.44844,-574.7384740999998,162.61988440000005,0.007022283718417444,16.60657967113942
Defect_L4_B2_el119_H4_W4.npy,-272.15680000000003,4775.45737,-615.403873,192.5726539999996,0.006435660399058753,18.005177449749617
Defect_L4_B30_el799_H4_W4.npy,-272.16589999999997,4775.42888,-576.4124520000003,157.13348087000008,0.00783212698755542,16.596782606209793
Defect_L4_B31_el803_H4_W4.npy,-272.1594,4775.41926,-576.5572144,154.49085569999988,0.008396167653191072,16.57202183238676
Defect_L4_B32_el807_H4_W4.npy,-272.1605,4775.438889999999,-576.1488429999999,153.15714590000016,0.008852072528221249,16.54545538844049
Defect_L4_B33_el811_H4_W4.npy,-272.16310000000004,4775.41739,-575.0592783,152.31427930000018,0.008678841372878297,16.50721498144821
Defect_L4_B34_el815_H4_W4.npy,-272.1591,4775.39595,-572.7454827999998,151.54221889999985,0.007905649849798642,16.440935479740876
Defect_L4_B35_el819_H4_W4.npy,-272.154,4775.38467,-569.2883127999999,150.89722609999967,0.006847691808859325,16.350986293855502
Defect_L4_B36_el823_H4_W4.npy,-272.1508,4775.394319999999,-564.9159376999999,150.85527129999969,0.005765545886664996,16.246777123300426
Defect_L4_B37_el827_H4_W4.npy,-272.15090000000004,4775.40479,-559.1289690000001,153.62086610000006,0.004498982743681377,16.126875634102692
Defect_L4_B38_el831_H4_W4.npy,-272.1522,4775.42571,-549.3428519999998,167.67309039999986,0.0030545441538731097,15.967018579615782
Defect_L4_B39_el835_H4_W4.npy,-272.156,4775.45756,-517.167095,230.39489000000003,-0.006460216646270268,15.511764027310408
Defect_L4_B3_el123_H4_W4.npy,-272.1569,4775.45754,-611.1544079999996,182.05947419999984,0.005818774721459225,17.76914113993988
Defect_L4_B40_el1123_H4_W4.npy,-272.1481,4775.49505,-531.4738299999999,238.00432999999975,-0.007648469496084462,15.979906031134043
Defect_L4_B41_el1127_H4_W4.npy,-272.1583,4775.46735,-562.7643869999997,172.7457961,0.004793765638156752,16.390190902052847
Defect_L4_B42_el1131_H4_W4.npy,-272.1661,4775.438709999999,-569.5410529999999,159.23752890000014,0.006889100867020071,16.44855510521028
Defect_L4_B43_el1135_H4_W4.npy,-272.1726,4775.41949,-571.7956851000001,153.5149609,0.00859473840608292,16.454561212881117
Defect_L4_B44_el1139_H4_W4.npy,-272.1613,4775.40021,-573.0191982999997,150.81789789999993,0.009854824992921007,16.459844036762966
Defect_L4_B45_el1143_H4_W4.npy,-272.1621,4775.429910000001,-574.4011300999998,149.91353460000028,0.010934245352858207,16.48559417348644
Defect_L4_B46_el1147_H4_W4.npy,-272.1663,4775.4075299999995,-575.5134204999999,149.9929123999998,0.010965652007838085,16.51373116981452
Defect_L4_B47_el1151_H4_W4.npy,-272.1603,4775.37522,-574.9912340999999,150.25098230000003,0.010008092979308164,16.503935050979223
Defect_L4_B48_el1155_H4_W4.npy,-272.1514,4775.35307,-572.7925788,150.67440740000006,0.008344980520932422,16.455098354085795
Defect_L4_B49_el1159_H4_W4.npy,-272.1468,4775.36239,-569.3928119,151.85747339999966,0.006701041245781181,16.382171269947488
Defect_L4_B4_el127_H4_W4.npy,-272.15680000000003,4775.44769,-601.1176439999997,177.25459479999972,0.004906256449396236,17.470626608128214
Defect_L4_B50_el1163_H4_W4.npy,-272.1464,4775.38299,-564.4249747000001,155.47508019999987,0.004586047970426974,16.287006225793654
Defect_L4_B51_el1167_H4_W4.npy,-272.14939999999996,4775.41442,-555.2244949999999,169.74026049999998,0.0020839768827530082,16.14499848275906
Defect_L4_B52_el1171_H4_W4.npy,-272.1547,4775.4572100000005,-522.826264,233.19108000000006,-0.009712795452861503,15.683338797157989
Defect_L4_B53_el1459_H4_W4.npy,-272.1461,4775.50406,-528.2550020000001,236.38842999999997,-0.010380307537082727,15.900999539951622
Defect_L4_B54_el1463_H4_W4.npy,-272.1603,4775.467000000001,-559.5702530000001,171.3076868999999,0.0036733005007459057,16.312170302839963
Defect_L4_B55_el1467_H4_W4.npy,-272.1724,4775.429050000001,-566.4517786000001,157.05662193000012,0.006748069500838165,16.37251776901123
Defect_L4_B56_el1471_H4_W4.npy,-272.1839,4775.39014,-568.8497683,151.29041580000035,0.009074747487625894,16.38149100293133
Defect_L4_B57_el1475_H4_W4.npy,-272.1626,4775.37148,-570.4995159,149.22465819999957,0.011013430178037084,16.398686496820357
Defect_L4_B58_el1479_H4_W4.npy,-272.1643,4775.44147,-573.3873296000002,148.35748710000007,0.012785790086628663,16.468395066254885
Defect_L4_B59_el1483_H4_W4.npy,-272.1721,4775.39793,-576.7752544,149.4333300999997,0.012838423697841392,16.567632345526494
Defect_L4_B5_el131_H4_W4.npy,-272.15529999999995,4775.45771,-589.793032,173.30919812000002,0.0037730493298799386,17.147989348517584
Defect_L4_B60_el1487_H4_W4.npy,-272.16330000000005,4775.3546,-577.6996141,151.28566669999987,0.011822887953092906,16.60778472061072
Defect_L4_B61_el1491_H4_W4.npy,-272.1483,4775.32082,-575.7401401,152.81621659999973,0.009566265431782453,16.574368182212094
Defect_L4_B62_el1495_H4_W4.npy,-272.14079999999996,4775.32952,-572.1763279999998,153.96598689999996,0.007049617247284232,16.497536158378498
Defect_L4_B63_el1499_H4_W4.npy,-272.14119999999997,4775.36032,-567.0141582000001,156.9426305659997,0.004143559949903015,16.393731388948563
Defect_L4_B64_el1503_H4_W4.npy,-272.14459999999997,4775.39229,-557.6215522,170.67184589999988,0.000622984733836118,16.242799992957902
Defect_L4_B65_el1507_H4_W4.npy,-272.1516,4775.44624,-524.6976379999999,234.05901000000017,-0.012923169189014429,15.763478700506367
Defect_L4_B66_el1795_H4_W4.npy,-272.1486,4775.50344,-519.5680199999999,235.89805,-0.012958058085998796,15.659373388966003
Defect_L4_B67_el1799_H4_W4.npy,-272.1664,4775.45692,-551.0805934000002,170.6875353999999,0.0017869561555798907,16.07942876858752
Defect_L4_B68_el1803_H4_W4.npy,-272.1816,4775.4194,-558.4450572000001,156.34910339999988,0.0060561670546250964,16.15546979223475
Defect_L4_B69_el1807_H4_W4.npy,-272.2002,4775.360729999999,-561.0651124000001,151.68943050000007,0.009348444422922523,16.17167951433297
Defect_L4_B6_el135_H4_W4.npy,-272.1558,4775.45753,-578.209136,169.47207909999997,0.002484001019639711,16.81564368626769
Defect_L4_B70_el1811_H4_W4.npy,-272.1615,4775.33276,-562.7174285000001,150.10306589999982,0.012336875146534833,16.188791116969917
Defect_L4_B71_el1815_H4_W4.npy,-272.1645,4775.47353,-567.4279557,149.7428550999996,0.014776395725317025,16.307087640649254
Defect_L4_B72_el1819_H4_W4.npy,-272.1799,4775.3884800000005,-574.2218616,150.21977290000018,0.013992324724573114,16.512944092045934
Defect_L4_B73_el1823_H4_W4.npy,-272.1678,4775.33428,-576.8694255999999,154.96190959999967,0.01346116733363034,16.616362136065558
Defect_L4_B74_el1827_H4_W4.npy,-272.14320000000004,4775.28812,-573.9015243000001,157.19260559999975,0.010508448613017097,16.56786685492336
Defect_L4_B75_el1831_H4_W4.npy,-272.13169999999997,4775.29578,-568.8891147999998,157.1117574,0.006379953579012664,16.44306170314349
Defect_L4_B76_el1835_H4_W4.npy,-272.1316,4775.32655,-562.8551995,158.98910939999996,0.0022680132871890336,16.30389591170237
Defect_L4_B77_el1839_H4_W4.npy,-272.13570000000004,4775.36912,-552.9559353999998,171.60420020000015,-0.0021227257889387865,16.13146778931863
Defect_L4_B78_el1843_H4_W4.npy,-272.1466,4775.43402,-519.614278,235.31403999999952,-0.016015898383273018,15.633637367236217
Defect_L4_B79_el2131_H4_W4.npy,-272.1576,4775.49291,-506.97192600000017,228.67806999999993,-0.025914585778144702,15.278409854478364
Defect_L4_B7_el139_H4_W4.npy,-272.1575,4775.4472399999995,-566.4824840000001,165.4942401000003,0.001104115042604479,16.47397616983539
Defect_L4_B80_el2135_H4_W4.npy,-272.1773,4775.45705,-542.5659754000001,166.6984728,-0.005580719159591055,15.837824470731745
Defect_L4_B81_el2139_H4_W4.npy,-272.1956,4775.42044,-555.3150845,155.30435782199993,0.005313539989965814,16.080668010928775
Defect_L4_B82_el2143_H4_W4.npy,-272.22679999999997,4775.34252,-562.3416869999999,153.2205371,0.014754239331581154,16.228573422090175
Defect_L4_B83_el2147_H4_W4.npy,-272.1594,4775.26572,-565.3648319999998,150.19061049999982,0.023792561487998846,16.2908900438656
Defect_L4_B84_el2151_H4_W4.npy,-272.1639,4775.537429999999,-573.9737533,150.38447180000003,0.029782880950127745,16.501958516345596
Defect_L4_B85_el2155_H4_W4.npy,-272.1888,4775.39959,-586.53050585,153.96552639999982,0.027172619155478934,16.89732836949453
Defect_L4_B86_el2159_H4_W4.npy,-272.1743,4775.33429,-591.0238379,163.53998219999994,0.025788837122499558,17.05764719594171
Defect_L4_B87_el2163_H4_W4.npy,-272.1314,4775.2436,-581.0134089999999,163.07964019999963,0.018179852902832302,16.83333195789258
Defect_L4_B88_el2167_H4_W4.npy,-272.1157,4775.249860000001,-570.5966902,158.03397210000048,0.0060441827643086575,16.505097958121706
Defect_L4_B89_el2171_H4_W4.npy,-272.11499999999995,4775.29079,-561.2772897,157.3391071409999,-0.002476716411160775,16.250637443536792
Defect_L4_B8_el143_H4_W4.npy,-272.1565,4775.44698,-554.3198759999998,161.3937237,-0.0003556168148543091,16.11781226093621
Defect_L4_B90_el2175_H4_W4.npy,-272.1211,4775.333890000001,-549.4090096999998,168.85354770000004,-0.009897041181537227,16.015454856031596
Defect_L4_B91_el2179_H4_W4.npy,-272.1337,4775.40995,-515.1931799999998,232.35356000000002,-0.02555081856133386,15.487795637076477
Defect_L4_B92_el2467_H4_W4.npy,-272.1661,4775.44952,-448.9146539999999,201.1419800000001,-0.08335531377835262,13.558276542777866
Defect_L4_B93_el2471_H4_W4.npy,-272.1816,4775.474069999999,-493.8154294000001,165.3709617999998,-0.047340999881593404,14.493610272364355
Defect_L4_B94_el2475_H4_W4.npy,-272.19759999999997,4775.54199,-527.6896552000001,176.37116640000045,-0.004667603775389667,15.40378172308496
Defect_L4_B95_el2479_H4_W4.npy,-272.2387,4775.59358,-569.3579816999998,187.8329220000005,0.053818985989718696,16.58682835343208
Defect_L4_B96_el2499_H4_W4.npy,-272.08829999999995,4775.28485,-601.97212317,176.73674560000018,0.06319063516060003,17.487923904541855
Defect_L4_B97_el2503_H4_W4.npy,-272.08709999999996,4775.3342999999995,-562.6445177999999,169.2202091700001,0.009508069725569376,16.111343949473785
Defect_L4_B98_el2507_H4_W4.npy,-272.0951,4775.34695,-537.4308818,158.67389860000003,-0.023662695083510547,15.417547809865988
Defect_L4_B99_el2511_H4_W4.npy,-272.10429999999997,4775.34993,-519.5158104000002,155.20352319999984,-0.0438020598328307,15.035382741745531
Defect_L4_B9_el147_H4_W4.npy,-272.1563,4775.43696,-541.5218969999999,157.3155463999999,-0.0015455313330962127,15.742494003052094
Defect_L5_B100_el2515_H4_W4.npy,-272.1274,4775.39755,-307.9423630000001,141.0335299999997,-0.043030133764861415,9.009977347500651
Defect_L5_B101_el2803_H4_W4.npy,-272.16229999999996,4775.36933,-225.3224219000001,115.6570700000002,-0.1056840978655537,6.762777378937196
Defect_L5_B102_el2807_H4_W4.npy,-272.1751,4775.38288,-228.72740840000006,72.04276089999985,-0.10451696543616466,6.757988347507774
Defect_L5_B103_el2811_H4_W4.npy,-272.18190000000004,4775.45785,-213.73145249999993,74.19849760000011,-0.09684484990024864,6.467634036663994
Defect_L5_B104_el2815_H4_W4.npy,-272.1766,4775.67138,-204.30103800000018,92.26515849999987,-0.0487677163507678,6.250269550936196
Defect_L5_B105_el2835_H4_W4.npy,-272.0257,4775.90019,-190.37001547000023,126.69450000000006,0.24011087494842567,6.109291282511132
Defect_L5_B106_el2839_H4_W4.npy,-272.0926,4775.73393,-191.96183357000018,92.28249589999996,-0.0064765022675153635,5.900516920232628
Defect_L5_B107_el2843_H4_W4.npy,-272.12219999999996,4775.55852,-220.11711879999984,66.16439770000034,-0.0750967665672237,6.521860797546855
Defect_L5_B108_el2847_H4_W4.npy,-272.1296,4775.44831,-243.57075150000014,68.98590979999994,-0.09188489056442518,7.031423525010549
Defect_L5_B109_el2851_H4_W4.npy,-272.13100000000003,4775.38785,-244.10443899999996,116.14710000000036,-0.09656240461869006,7.174998069205607
Defect_L5_B10_el151_H4_W4.npy,-272.1559,4775.4472399999995,-345.56828599999994,91.04110670000023,-0.008972218200560041,10.077616126192636
Defect_L5_B110_el3139_H4_W4.npy,-272.1695,4775.301450000001,-265.337571,120.71493999999984,-0.0772134172606877,7.778047205445999
Defect_L5_B111_el3143_H4_W4.npy,-272.2063,4775.17839,-269.30164899999977,75.42466069999978,-0.058414258927607925,7.773313222058674
Defect_L5_B112_el3147_H4_W4.npy,-272.2453,4774.91919,-259.4059028999998,89.4162044000002,-0.008875045105085749,7.684296705792305
Defect_L5_B113_el3151_H4_W4.npy,-272.30240000000003,4774.42918,-252.8568823999999,115.93210399999998,0.11980384534569581,7.920584329943366
Defect_L5_B114_el3171_H4_W4.npy,-272.4248,4774.21566,-371.08440610000025,1537.1418999999996,0.5871377589811444,17.865766335894364
Defect_L5_B115_el3175_H4_W4.npy,-272.1612,4774.3893100000005,-296.0745385,1502.5595999999996,0.23332977226143292,16.086070594091805
Defect_L5_B116_el3179_H4_W4.npy,-272.0876,4774.70741,-270.6261936000001,105.37289062000013,-0.021546205542877776,8.572760169718366
Defect_L5_B117_el3183_H4_W4.npy,-272.0892,4774.98657,-260.2649424000001,89.14846469999998,-0.07582413021395712,7.892559640001726
Defect_L5_B118_el3187_H4_W4.npy,-272.1107,4775.159989999999,-241.02780860000007,119.36695000000009,-0.09512982042641649,7.299213420994322
Defect_L5_B119_el3475_H4_W4.npy,-272.17310000000003,4775.36268,-310.828133,143.72717999999986,-0.03606851665279807,9.13715200439644
Defect_L5_B11_el155_H4_W4.npy,-272.1559,4775.44726,-335.11888,87.5744095,-0.008154957009195017,9.746112266427698
Defect_L5_B120_el3479_H4_W4.npy,-272.1951,4775.30475,-330.4841048999999,84.82842200000005,-0.025395824918942322,9.465062169093107
Defect_L5_B121_el3483_H4_W4.npy,-272.218,4775.21658,-339.6447605000003,85.12489089999963,-0.010147312606628312,9.667480938314553
Defect_L5_B122_el3487_H4_W4.npy,-272.2657,4775.1268900000005,-349.9067203000002,86.67275274999974,0.008067934108061533,9.960740372553218
Defect_L5_B123_el3491_H4_W4.npy,-272.1344,4775.06423,-367.3196010500001,84.25461300000006,0.022360833350932835,10.545574297130107
Defect_L5_B124_el3495_H4_W4.npy,-272.2016,4775.58978,-397.9351869999998,85.18911290000005,0.047978713072261175,11.310114375942097
Defect_L5_B125_el3499_H4_W4.npy,-272.326,4775.474999999999,-399.1750431999999,84.03604910000013,0.06621251519001534,11.53338571645676
Defect_L5_B126_el3503_H4_W4.npy,-272.20300000000003,4775.02199,-401.4049726999999,89.9714872769996,0.060125564610213185,11.48859282765995
Defect_L5_B127_el3507_H4_W4.npy,-272.1508,4774.916499999999,-388.60241210000004,101.94903260000001,0.04450227526000499,11.337726019400305
Defect_L5_B128_el3511_H4_W4.npy,-272.0792,4774.82371,-375.27473510000004,108.73650579999958,0.03091514314009579,11.010699565258708
Defect_L5_B129_el3515_H4_W4.npy,-272.0494,4774.89556,-355.3911949000001,104.19042425000043,0.002722784887468651,10.399902004583254
Defect_L5_B12_el159_H4_W4.npy,-272.156,4775.43715,-322.4477720000002,84.13063659999989,-0.005796415618547786,9.351214895660526
Defect_L5_B130_el3519_H4_W4.npy,-272.06059999999997,4775.04255,-333.65288069999974,97.46422619999998,-0.024840969645697288,9.746909006029162
Defect_L5_B131_el3523_H4_W4.npy,-272.0879,4775.16538,-302.68994699999985,138.7748099999999,-0.04485613406491862,8.98418030506064
Defect_L5_B132_el3811_H4_W4.npy,-272.20250000000004,4775.399329999999,-295.6710760000003,137.13535999999976,-0.049774765338202034,8.797805415872807
Defect_L5_B133_el3815_H4_W4.npy,-272.1834,4775.4501,-327.51145399999996,97.45712569999978,-0.028023108210852285,9.537502631414089
Defect_L5_B134_el3819_H4_W4.npy,-272.1621,4775.54126,-349.9091982,101.46973748000005,-0.0008792267834462698,10.167627783050136
Defect_L5_B135_el3823_H4_W4.npy,-272.2014,4775.57309,-368.0910719000001,100.46970660000034,0.0240073535341374,10.686000026958524
Defect_L5_B136_el3827_H4_W4.npy,-272.2002,4774.907459999999,-377.8278360900001,91.12343980000014,0.043531110098742866,10.96322862295856
Defect_L5_B137_el3831_H4_W4.npy,-272.28340000000003,4775.657999999999,-402.7181691999999,88.25200160000031,0.08021751522203305,11.48542495890777
Defect_L5_B138_el3835_H4_W4.npy,-272.4187,4775.63591,-405.7232065699998,88.3284176000002,0.08294706893315211,11.781010126761212
Defect_L5_B139_el3839_H4_W4.npy,-272.06870000000004,4775.06348,-415.13365699999986,1476.9187000000002,0.1659402539480271,17.200100642167016
Defect_L5_B13_el163_H4_W4.npy,-272.156,4775.437129999999,-299.3497420000001,123.38170000000036,-0.00308273546374395,8.843511774301334
Defect_L5_B140_el3843_H4_W4.npy,-272.02840000000003,4775.05085,-380.97576051800024,96.02131874999986,0.02642814951891385,11.087841262399976
Defect_L5_B141_el3847_H4_W4.npy,-272.0396,4775.20874,-357.81312490000005,89.56205268199983,0.0012813432398305082,10.23527492595493
Defect_L5_B142_el3851_H4_W4.npy,-272.0424,4775.27075,-342.4500655999998,86.71183769999993,-0.017880713502136818,9.755574704036503
Defect_L5_B143_el3855_H4_W4.npy,-272.0453,4775.29165,-329.6095009999999,85.03608250000025,-0.033069701956527635,9.430198505598334
Defect_L5_B144_el3859_H4_W4.npy,-272.0535,4775.30382,-307.3011140000001,140.19854999999984,-0.043566497667444054,9.002513068352249
Defect_L5_B145_el4147_H4_W4.npy,-272.2046,4775.4747,-200.57037990000003,108.104871,-0.09975168582342753,6.25103065415108
Defect_L5_B146_el4151_H4_W4.npy,-272.09090000000003,4775.56431,-229.08398269999975,95.20100580999997,-0.0519843834097047,7.346192803804961
Defect_L5_B147_el4155_H4_W4.npy,-271.9133,4775.9129,-257.56591920000005,127.46085279999988,0.0534325223612882,8.69555590647504
Defect_L5_B148_el4159_H4_W4.npy,-271.6855,4776.80406,-307.75753620000023,167.40991652000002,0.26232112167079463,10.537085459655627
Defect_L5_B149_el4179_H4_W4.npy,-271.93370000000004,4776.40269,-300.27667180000003,178.40518090000012,0.5742951284512102,9.866473720029688
Defect_L5_B14_el451_H4_W4.npy,-272.1554,4775.45705,-351.8510980000003,166.5118399999999,0.0023476993354474185,10.435608683307041
Defect_L5_B150_el4183_H4_W4.npy,-272.21410000000003,4776.259969999999,-246.50178395000012,133.48131177999994,0.2154983315093958,7.982884830072498
Defect_L5_B151_el4187_H4_W4.npy,-272.1855,4775.90886,-236.85435229999985,99.38018009999996,0.029230349694246188,7.262354753420538
Defect_L5_B152_el4191_H4_W4.npy,-272.1195,4775.67821,-242.40451499999995,78.81505340000012,-0.057806699352511495,7.047270280581568
Defect_L5_B153_el4195_H4_W4.npy,-272.0677,4775.53435,-238.5105470000001,104.45542999999998,-0.09407606630241598,6.951662896532149
Defect_L5_B154_el4483_H4_W4.npy,-272.31539999999995,4775.6834,-110.68235130000005,60.32374600000003,-0.1114106317421513,3.3923975473304786
Defect_L5_B155_el4487_H4_W4.npy,-272.2442,4775.55441,-110.09407379999999,40.76653843999998,-0.1022073674831216,3.3871266992974514
Defect_L5_B156_el4491_H4_W4.npy,-272.1248,4775.4044699999995,-99.48548360000001,44.52850775000013,-0.08214925103712453,3.162800911909178
Defect_L5_B157_el4495_H4_W4.npy,-271.9775,4775.31899,-86.66872463999994,48.21754426999996,-0.043955390986760975,2.758597298750284
Defect_L5_B158_el4515_H4_W4.npy,-272.282,4775.50401,-63.34565400000005,49.96857,0.06759706836908126,2.086005288473093
Defect_L5_B159_el4519_H4_W4.npy,-272.167,4775.45454,-76.25484439999997,54.10556909999991,-0.005951807607553111,2.5211499599558858
Defect_L5_B15_el455_H4_W4.npy,-272.15680000000003,4775.45768,-371.437183,101.82410900000013,0.0010217490731662447,10.74998008161646
Defect_L5_B160_el4523_H4_W4.npy,-272.15819999999997,4775.58809,-87.10492973999999,48.700140149999925,-0.060296325580125834,2.9587710772854945
Defect_L5_B161_el4527_H4_W4.npy,-272.1331,4775.7148,-113.54094599999985,41.7562625999999,-0.09737256787402858,3.4549652664288817
Defect_L5_B162_el4531_H4_W4.npy,-272.1004,4775.76933,-128.00250560000006,65.1220699999999,-0.11764503073296546,3.795367438531388
Defect_L5_B163_el4819_H4_W4.npy,-272.43059999999997,4776.078710000001,-158.45776450000005,77.59082000000001,-0.10771382991526668,4.668521499520231
Defect_L5_B164_el4823_H4_W4.npy,-272.3786,4775.89302,-144.2697045,55.14871457999993,-0.0708164312314596,4.499064533054416
Defect_L5_B165_el4827_H4_W4.npy,-272.2733,4775.74338,-124.40919589999999,76.55265113000007,-0.0008028907496581206,4.319529609807308
Defect_L5_B166_el4831_H4_W4.npy,-272.1936,4775.76028,-115.43254159999992,94.52119659999983,0.11132102353461062,4.36179684320832
Defect_L5_B167_el4851_H4_W4.npy,-272.1852,4776.70142,-134.13749389999998,82.03506609999994,0.09534230765758198,4.03160311276889
Defect_L5_B168_el4855_H4_W4.npy,-272.08230000000003,4776.83162,-142.16184447000012,91.60246310000002,0.03203510175859659,4.860986053125276
Defect_L5_B169_el4859_H4_W4.npy,-272.06879999999995,4776.6209,-145.5531092,81.05333314000006,-0.039083117958492626,4.810644803996623
Defect_L5_B16_el459_H4_W4.npy,-272.158,4775.44791,-375.2486389999999,93.13023799999974,-0.0006848926916446604,10.790008334880275
Defect_L5_B170_el4863_H4_W4.npy,-272.0713,4776.49366,-141.77468710000005,64.72775409999997,-0.08149105986169293,4.603659928138615
Defect_L5_B171_el4867_H4_W4.npy,-272.0737,4776.45685,-134.7245498000001,74.24703,-0.1032335927836477,4.259350497730406
Defect_L5_B172_el5155_H4_W4.npy,-272.2069,4775.386570000001,-272.39076899999986,115.77524999999991,-0.06481577535843515,7.9151234622239715
Defect_L5_B173_el5159_H4_W4.npy,-272.1833,4775.005349999999,-286.9089328,81.80450810000002,-0.04134734860999331,8.185073840936216
Defect_L5_B174_el5163_H4_W4.npy,-272.0788,4774.20121,-297.1200078999998,92.62722770000005,0.004906435858673452,8.48905439465556
Defect_L5_B175_el5167_H4_W4.npy,-271.9123,4772.82231,-322.5436514999999,107.03730440000072,0.08161142192730493,9.199418073342098
Defect_L5_B176_el5187_H4_W4.npy,-272.289,4775.31877,-453.8056048999997,182.03311799999983,0.34246341447982936,13.552849325594226
Defect_L5_B177_el5191_H4_W4.npy,-272.21229999999997,4776.1468,-369.2398582999999,155.65270207999993,0.1923859495173755,11.56263045664234
Defect_L5_B178_el5195_H4_W4.npy,-272.1751,4776.952499999999,-318.06665050000015,130.39221639999982,0.0671044533386158,9.981686391655604
Defect_L5_B179_el5199_H4_W4.npy,-272.16179999999997,4777.44096,-282.80621999999994,108.82842299999993,-0.01658109035456362,8.74982804178237
Defect_L5_B17_el463_H4_W4.npy,-272.15819999999997,4775.4480699999995,-375.3472499999998,90.08410920000006,-0.0016943609845507816,10.761242798651557
Defect_L5_B180_el5203_H4_W4.npy,-272.1531,4777.727999999999,-247.0360300000002,128.5497499999999,-0.06558872151626201,7.668077696201054
Defect_L5_B181_el5491_H4_W4.npy,-272.06690000000003,4774.5579800000005,-320.06609500000013,144.28084999999987,-0.023583999024007787,9.341823927446901
Defect_L5_B182_el5495_H4_W4.npy,-272.06080000000003,4774.42911,-342.3459439999997,88.90640800000006,-0.02022422289310288,9.766792411220672
Defect_L5_B183_el5499_H4_W4.npy,-272.06190000000004,4774.15697,-353.84279270000025,82.18925060000015,-0.01484489111771671,10.054133663673317
Defect_L5_B184_el5503_H4_W4.npy,-272.1739,4773.6424400000005,-366.7305430000001,85.28069880000021,-0.00608365071734994,10.45898959203395
Defect_L5_B185_el5507_H4_W4.npy,-272.5016,4771.77512,-383.87081179999996,95.49780420000025,0.01275854770883793,11.074460216536753
Defect_L5_B186_el5511_H4_W4.npy,-271.2803,4776.30686,-396.33100679999984,92.94883219999929,0.033091206519659425,11.341108296943545
Defect_L5_B187_el5515_H4_W4.npy,-272.73179999999996,4772.55427,-386.24253839999983,80.26786809999976,0.04109194689278317,11.024234826552888
Defect_L5_B188_el5519_H4_W4.npy,-272.2341,4775.32366,-374.75069599999983,78.87064690000034,0.043498000290274334,10.614155587204586
Defect_L5_B189_el5523_H4_W4.npy,-272.2524,4775.67866,-364.2457971000001,80.92862110000033,0.02556605643084957,10.356138022244654
Defect_L5_B18_el467_H4_W4.npy,-272.1573,4775.4479599999995,-373.8794144000003,88.72110280000015,-0.0025301421938818797,10.702431592206965
Defect_L5_B190_el5527_H4_W4.npy,-272.23170000000005,4775.97192,-364.0738172000001,85.05871390000016,0.01126428919953389,10.36912890577595
Defect_L5_B191_el5531_H4_W4.npy,-272.22720000000004,4776.423650000001,-358.5121505999998,89.05437099999995,0.0027477750858125065,10.27536102227351
Defect_L5_B192_el5535_H4_W4.npy,-272.2276,4776.92336,-347.3606219999999,95.95648899999992,-0.00672162521441321,10.043207305168758
Defect_L5_B193_el5539_H4_W4.npy,-272.2211,4777.3484,-323.026024,146.5815799999998,-0.01595116939787283,9.589462343701168
Defect_L5_B194_el5827_H4_W4.npy,-272.08849999999995,4774.72752,-325.79971899999964,149.51807000000008,-0.010477280876668224,9.54146900218358
Defect_L5_B195_el5831_H4_W4.npy,-272.0849,4774.62144,-347.7256480000001,92.15778300000011,-0.009520573670212492,9.955939500267762
Defect_L5_B196_el5835_H4_W4.npy,-272.103,4774.393819999999,-357.3852417999999,82.63110000000006,-0.007827036869358562,10.193620764492541
Defect_L5_B197_el5839_H4_W4.npy,-272.2184,4774.05083,-365.6302919999998,85.15948450000019,-0.0037749617573983514,10.44369391462803
Defect_L5_B198_el5843_H4_W4.npy,-272.2004,4773.4551,-373.43178549999993,88.4086069,0.0031273527932407226,10.682459814535235
Defect_L5_B199_el5847_H4_W4.npy,-271.7635,4776.18349,-376.7474869,85.82434059999991,0.009375396985724729,10.73119917716216
Defect_L5_B19_el471_H4_W4.npy,-272.1585,4775.43757,-371.4759290999998,87.7728725999998,-0.003209783106658065,10.624337723857426
Defect_L5_B1_el115_H4_W4.npy,-272.1558,4775.45738,-381.82076499999994,175.3041500000004,0.003567826516582592,11.581363991467143
Defect_L5_B200_el5851_H4_W4.npy,-272.51030000000003,4774.1537,-372.2170795000002,78.31764550000025,0.010969171233000485,10.558134114647782
Defect_L5_B201_el5855_H4_W4.npy,-272.2325,4775.50179,-364.98952599999984,78.78105740000001,0.011309074822291073,10.32510770296001
Defect_L5_B202_el5859_H4_W4.npy,-272.22749999999996,4775.6980699999995,-360.5067346000001,79.3942126999998,0.006859395047676054,10.203969480080964
Defect_L5_B203_el5863_H4_W4.npy,-272.2119,4775.8154700000005,-360.67210449999993,80.43923269999982,0.0027611722552079642,10.229240717873376
Defect_L5_B204_el5867_H4_W4.npy,-272.20509999999996,4775.94302,-360.81325100000004,83.74301199999991,0.0008875154363612224,10.27983403762362
Defect_L5_B205_el5871_H4_W4.npy,-272.20230000000004,4776.07992,-357.55622700000004,94.69808699999999,0.00033429223679501185,10.278265672110578
Defect_L5_B206_el5875_H4_W4.npy,-272.19469999999995,4776.18413,-339.62997700000005,157.8652900000002,0.00039078795479489427,10.033096999136058
Defect_L5_B207_el6163_H4_W4.npy,-272.12059999999997,4774.972320000001,-320.3376450000003,146.95552999999995,-0.006231178654023765,9.395555996295512
Defect_L5_B208_el6167_H4_W4.npy,-272.11899999999997,4774.84402,-342.17481900000007,89.899809,-0.006701039329227205,9.805781435579746
Defect_L5_B209_el6171_H4_W4.npy,-272.1401,4774.625929999999,-351.954929,82.29329900000016,-0.006381378019222735,10.043729103720663
Defect_L5_B20_el475_H4_W4.npy,-272.159,4775.42705,-368.3412436999997,86.64543860000026,-0.0038379616382442274,10.527611522599841
Defect_L5_B210_el6175_H4_W4.npy,-272.22679999999997,4774.34308,-359.7688980999999,84.11544460000005,-0.004419057407551809,10.265528891320617
Defect_L5_B211_el6179_H4_W4.npy,-272.1113,4774.180899999999,-366.37564059999977,85.87005790000012,-0.0010928136575978145,10.453577496489043
Defect_L5_B212_el6183_H4_W4.npy,-271.98119999999994,4775.69772,-370.5248517,85.40621049999982,0.0018987794598699288,10.55138987677789
Defect_L5_B213_el6187_H4_W4.npy,-272.3383,4774.84012,-370.9288122999999,83.44915579999997,0.0025804839266187164,10.545503496336057
Defect_L5_B214_el6191_H4_W4.npy,-272.20099999999996,4775.5593499999995,-369.3389351000003,81.2961287999999,0.00285128237176104,10.486773763181198
Defect_L5_B215_el6195_H4_W4.npy,-272.19660000000005,4775.66749,-368.4047046999999,81.62552179999966,0.001864324056110184,10.460927986759481
Defect_L5_B216_el6199_H4_W4.npy,-272.188,4775.66911,-368.9395400000001,83.3502269999999,0.0015471078489965667,10.496372259543136
Defect_L5_B217_el6203_H4_W4.npy,-272.18170000000003,4775.672049999999,-369.24528699999973,87.9316389999999,0.002385301720743014,10.546876707968265
Defect_L5_B218_el6207_H4_W4.npy,-272.1781,4775.67506,-366.4101210000001,98.43335499999966,0.004081273690316916,10.54925901576843
Defect_L5_B219_el6211_H4_W4.npy,-272.1719,4775.6461899999995,-348.40997699999957,162.6565300000002,0.006026979422075761,10.291953109332486
Defect_L5_B21_el479_H4_W4.npy,-272.1577,4775.42663,-364.5420109999998,85.22209929999985,-0.004385800254375075,10.412835397263313
Defect_L5_B22_el483_H4_W4.npy,-272.1562,4775.42647,-360.10316739999985,83.66029909999997,-0.0047507204080765,10.284061326424299
Defect_L5_B23_el487_H4_W4.npy,-272.15470000000005,4775.42645,-355.0612543,82.04799219999995,-0.004912993911369474,10.143002605402247
Defect_L5_B24_el491_H4_W4.npy,-272.15430000000003,4775.4265700000005,-349.07540700000004,80.81024179999986,-0.004661366519336358,9.987541759052347
Defect_L5_B25_el495_H4_W4.npy,-272.15520000000004,4775.43672,-340.65331500000025,88.87544600000001,-0.003609826613247777,9.798559289263952
Defect_L5_B26_el499_H4_W4.npy,-272.1558,4775.44712,-319.519362,147.72576000000004,-0.0026682404135203613,9.418656649379624
Defect_L5_B27_el787_H4_W4.npy,-272.1539,4775.466640000001,-342.8597910000001,162.17911999999956,-0.0008648804061825034,10.149782874325465
Defect_L5_B28_el791_H4_W4.npy,-272.15680000000003,4775.45766,-362.33817599999975,97.23343399999976,-0.00010928326287189995,10.45814602910483
Defect_L5_B29_el795_H4_W4.npy,-272.15950000000004,4775.44822,-366.5054320999998,87.44476599999962,-0.0005309970234032932,10.504669724445682
Defect_L5_B2_el119_H4_W4.npy,-272.1567,4775.45755,-400.88376199999993,115.71026699999948,0.001162080447260317,11.758278846590354
Defect_L5_B30_el799_H4_W4.npy,-272.16020000000003,4775.438459999999,-367.5238800000002,83.5645605999996,-0.0008204152484380177,10.498718754380745
Defect_L5_B31_el803_H4_W4.npy,-272.16040000000004,4775.43837,-367.5784793999999,81.69018790000018,-0.0010146805967295462,10.481016596202334
Defect_L5_B32_el807_H4_W4.npy,-272.1619,4775.42781,-367.2715433000001,80.73331980000012,-0.0011923371392705503,10.461555460377257
Defect_L5_B33_el811_H4_W4.npy,-272.16060000000004,4775.41687,-366.5321672,80.0724774600003,-0.0014408118788976816,10.434625639776906
Defect_L5_B34_el815_H4_W4.npy,-272.1581,4775.40614,-365.13973680000004,79.4804938599998,-0.0019191516849094822,10.392412784502689
Defect_L5_B35_el819_H4_W4.npy,-272.1552,4775.39556,-362.9202257999998,79.00352430999988,-0.0024130988746798665,10.333827272273806
Defect_L5_B36_el823_H4_W4.npy,-272.15340000000003,4775.40539,-359.86479970000005,78.92298879999976,-0.002969257191845855,10.258009561071152
Defect_L5_B37_el827_H4_W4.npy,-272.1528,4775.41562,-355.720638,82.18472740000016,-0.0034453917406895886,10.16312212934644
Defect_L5_B38_el831_H4_W4.npy,-272.1533,4775.4260300000005,-348.90280499999994,92.47721200000001,-0.003648434201341996,10.027569804886108
Defect_L5_B39_el835_H4_W4.npy,-272.1547,4775.44693,-328.58116999999993,153.14067999999997,-0.004605636081329805,9.674812926989869
Defect_L5_B3_el123_H4_W4.npy,-272.1556,4775.4575700000005,-399.44930499999964,109.34516800000029,-0.001324952763290928,11.654781154957751
Defect_L5_B40_el1123_H4_W4.npy,-272.15240000000006,4775.476089999999,-338.7589740000001,160.0309900000002,-0.0036103824439116176,10.018094500968846
Defect_L5_B41_el1127_H4_W4.npy,-272.1569,4775.4576,-358.17570599999976,95.97500000000014,-0.0015821589091956788,10.324434036472125
Defect_L5_B42_el1131_H4_W4.npy,-272.1612,4775.44852,-362.430783,84.93917559999977,-0.001074853633668745,10.372199577589143
Defect_L5_B43_el1135_H4_W4.npy,-272.16450000000003,4775.43894,-363.71129010000004,81.25545320000015,-0.0006299527859060718,10.372678071918136
Defect_L5_B44_el1139_H4_W4.npy,-272.1626,4775.4289100000005,-364.4343763999998,79.68078220000007,-0.00012808918357557167,10.372929828234204
Defect_L5_B45_el1143_H4_W4.npy,-272.1647,4775.41807,-365.34496909999984,78.8605141000005,0.00017750957031802136,10.388905483317233
Defect_L5_B46_el1147_H4_W4.npy,-272.1637,4775.39667,-366.1863853,78.36025210000003,9.964141314057105e-05,10.40988279033673
Defect_L5_B47_el1151_H4_W4.npy,-272.15880000000004,4775.38539,-366.2238305999999,78.04024949999985,-0.0003967836933023017,10.413240828545145
Defect_L5_B48_el1155_H4_W4.npy,-272.1533,4775.37424,-364.91998300000023,78.69404540000005,-0.001295809263772842,10.387434025509235
Defect_L5_B49_el1159_H4_W4.npy,-272.1502,4775.38388,-362.4617733,80.0927366999997,-0.002434410859268301,10.332177847797665
Defect_L5_B4_el127_H4_W4.npy,-272.1554,4775.4575700000005,-393.5331259999998,106.97877189999963,-0.00312718247940701,11.489497449397554
Defect_L5_B50_el1163_H4_W4.npy,-272.1502,4775.39423,-358.78311370000006,83.44820149999987,-0.0035914777073155274,10.252367703588053
Defect_L5_B51_el1167_H4_W4.npy,-272.1505,4775.41502,-352.349099,93.85129499999994,-0.004656127421064557,10.128395274823331
Defect_L5_B52_el1171_H4_W4.npy,-272.1537,4775.43635,-332.0167510000001,154.99571000000014,-0.006690485764942154,9.774789707132845
Defect_L5_B53_el1459_H4_W4.npy,-272.1514,4775.4854399999995,-336.4253920000001,158.74275999999986,-0.0057118615821261575,9.955805030655146
Defect_L5_B54_el1463_H4_W4.npy,-272.1583,4775.467540000001,-355.60989500000005,95.24667899999986,-0.0029756967125163128,10.254108884038796
Defect_L5_B55_el1467_H4_W4.npy,-272.1643,4775.44893,-359.8024625999999,84.32702109999968,-0.0017597850650920824,10.298779208649924
Defect_L5_B56_el1471_H4_W4.npy,-272.1698,4775.42957,-361.04884690000017,80.69081280000023,-0.0006085555648340637,10.297849951271784
Defect_L5_B57_el1475_H4_W4.npy,-272.1674,4775.4095099999995,-362.0513158000001,79.17808790000026,0.00055820427083514,10.305506772157221
Defect_L5_B58_el1479_H4_W4.npy,-272.1703,4775.398459999999,-364.16923150000025,78.44780439999977,0.0014052205905836883,10.355671512205886
Defect_L5_B59_el1483_H4_W4.npy,-272.1673,4775.37636,-366.9428536999999,78.02145779999955,0.0014148688536349489,10.435621647041446
Defect_L5_B5_el131_H4_W4.npy,-272.15549999999996,4775.45743,-386.47480100000007,104.96670630000017,-0.004656794381228563,11.29693458254748
Defect_L5_B60_el1487_H4_W4.npy,-272.1599,4775.35437,-368.49165659999994,78.60004359999971,0.0008761158270474764,10.49057244922351
Defect_L5_B61_el1491_H4_W4.npy,-272.1509,4775.342350000001,-367.425346,80.20557537000013,-0.0004818053715984377,10.482909359179276
Defect_L5_B62_el1495_H4_W4.npy,-272.1451,4775.351549999999,-364.6204931999998,80.85670910000022,-0.0023212209370545066,10.419540386539497
Defect_L5_B63_el1499_H4_W4.npy,-272.1448,4775.372,-360.6287881999999,84.07802119999997,-0.004281205245551892,10.327351467444185
Defect_L5_B64_el1503_H4_W4.npy,-272.1468,4775.3933,-353.94536919999996,94.47271400000022,-0.006022661956018543,10.19326035671675
Defect_L5_B65_el1507_H4_W4.npy,-272.1508,4775.4253,-333.252884,155.6831900000002,-0.008857424804102662,9.827057119281895
Defect_L5_B66_el1795_H4_W4.npy,-272.152,4775.48496,-330.607763,158.38481000000002,-0.008027371854426023,9.79407196265925
Defect_L5_B67_el1799_H4_W4.npy,-272.1614,4775.46751,-349.65457440000023,94.39085000000023,-0.004872770119645599,10.08918918990939
Defect_L5_B68_el1803_H4_W4.npy,-272.17010000000005,4775.439439999999,-353.95005719999995,83.83902849999981,-0.0028028151117272635,10.137719704448655
Defect_L5_B69_el1807_H4_W4.npy,-272.1789,4775.41026,-355.0501866999998,80.43815390000009,-0.0006657247469720412,10.133257346691046
Defect_L5_B6_el135_H4_W4.npy,-272.1562,4775.4573,-379.0730179999998,102.77947979999999,-0.006077208181266806,11.088011479537704
Defect_L5_B70_el1811_H4_W4.npy,-272.1733,4775.38023,-355.7905346,79.1746383000002,0.0014496413333749446,10.13412521596096
Defect_L5_B71_el1815_H4_W4.npy,-272.1761,4775.388940000001,-359.41979649999985,78.66953604000014,0.002925784056748333,10.21977720737267
Defect_L5_B72_el1819_H4_W4.npy,-272.1721,4775.35617,-365.3089858999999,78.45146047000003,0.0026448014257767455,10.390243932152767
Defect_L5_B73_el1823_H4_W4.npy,-272.16110000000003,4775.33348,-369.0118858999999,82.14945539999985,0.002220170155257141,10.523689604568709
Defect_L5_B74_el1827_H4_W4.npy,-272.1462,4775.309929999999,-367.05825349999986,84.57642768000005,0.00023265576557843554,10.512862057872685
Defect_L5_B75_el1831_H4_W4.npy,-272.1379,4775.31837,-362.7404738,84.02535829999988,-0.0030164822097987075,10.399931419245913
Defect_L5_B76_el1835_H4_W4.npy,-272.13730000000004,4775.33892,-357.9158795000001,84.54314870000007,-0.005889500316239987,10.27336768392264
Defect_L5_B77_el1839_H4_W4.npy,-272.14,4775.370730000001,-350.7924433999997,94.56294400000024,-0.00830477422532639,10.119907491583334
Defect_L5_B78_el1843_H4_W4.npy,-272.1458,4775.41341,-329.78469900000005,156.50924999999984,-0.011281703425411682,9.73822266923952
Defect_L5_B79_el2131_H4_W4.npy,-272.15709999999996,4775.48431,-323.45022600000016,153.68405999999982,-0.016671614625219287,9.587477417898118
Defect_L5_B7_el139_H4_W4.npy,-272.1565,4775.4470599999995,-371.41619200000014,100.2084906,-0.007272843113757491,10.864411860004028
Defect_L5_B80_el2135_H4_W4.npy,-272.1669,4775.477449999999,-345.3173084,91.28850299999976,-0.009710426933461322,9.9750953347936
Defect_L5_B81_el2139_H4_W4.npy,-272.1772,4775.46023,-352.9197405,82.46789480000007,-0.0032460078060155976,10.12656725410114
Defect_L5_B82_el2143_H4_W4.npy,-272.1907,4775.41197,-356.11436339999955,81.33469303000015,0.002688116929974116,10.184246595444167
Defect_L5_B83_el2147_H4_W4.npy,-272.182,4775.352150000001,-356.2488519999997,79.5697712000001,0.009094799848477763,10.175542860101547
Defect_L5_B84_el2151_H4_W4.npy,-272.1845,4775.390170000001,-362.25709759999995,78.81201719000023,0.014207900809245185,10.30321967733607
Defect_L5_B85_el2155_H4_W4.npy,-272.1777,4775.3462500000005,-373.0010700499997,79.55163278999999,0.013111555333694926,10.617695831243616
Defect_L5_B86_el2159_H4_W4.npy,-272.1602,4775.31228,-380.5188777999999,88.27881045000004,0.011262167145731314,10.869941858286447
Defect_L5_B87_el2163_H4_W4.npy,-272.1349,4775.2658,-372.2413781999999,89.51794679999966,0.005099853035109349,10.727752072516225
Defect_L5_B88_el2167_H4_W4.npy,-272.1248,4775.27345,-363.4224111000001,84.8290300499998,-0.00384295941470443,10.433781918332926
Defect_L5_B89_el2171_H4_W4.npy,-272.1239,4775.31434,-356.4321447000002,83.15245040000013,-0.009650567237168306,10.224076188827134
Defect_L5_B8_el143_H4_W4.npy,-272.1563,4775.44707,-363.395256,97.30276099999992,-0.008207926640374445,10.62415046706528
Defect_L5_B90_el2175_H4_W4.npy,-272.12850000000003,4775.34668,-348.18706369999995,93.00581299999999,-0.013867808989350246,10.033446368323013
Defect_L5_B91_el2179_H4_W4.npy,-272.1362,4775.390289999999,-326.70420899999976,154.12496999999985,-0.01783615429562546,9.636098360453316
Defect_L5_B92_el2467_H4_W4.npy,-272.1573,4775.47092,-289.81928300000004,137.0576000000001,-0.05304057301703627,8.647858510736384
Defect_L5_B93_el2471_H4_W4.npy,-272.1615,4775.5242,-320.6438284000003,97.92332450000004,-0.031165982192763828,9.38196886808993
Defect_L5_B94_el2475_H4_W4.npy,-272.164,4775.61097,-344.91925419999984,107.72085370000036,0.0019718976806729566,10.08621479175371
Defect_L5_B95_el2479_H4_W4.npy,-272.17019999999997,4775.69127,-372.28944709999973,115.81492350000053,0.044847395743310245,10.89097890980619
Defect_L5_B96_el2499_H4_W4.npy,-272.1007,4775.29853,-378.5751893700001,96.1024639999996,0.0316475978285171,10.959064452218895
Defect_L5_B97_el2503_H4_W4.npy,-272.10659999999996,4775.3705,-353.01942510000003,91.10762212999998,0.0008661845794932716,9.996019388608723
Defect_L5_B98_el2507_H4_W4.npy,-272.11379999999997,4775.38307,-337.7912489999999,84.69078150000041,-0.021356790669933148,9.569715514909944
Defect_L5_B99_el2511_H4_W4.npy,-272.12030000000004,4775.38505,-327.4108654000004,83.10988199999997,-0.03513870774377451,9.340966892164362
Defect_L5_B9_el147_H4_W4.npy,-272.156,4775.447099999999,-354.847397,94.2466922000001,-0.008793249794878454,10.364873857066286
Defect_L6_B100_el2515_H4_W4.npy,-272.1268,4775.38747,-300.81000500000005,136.5401499999998,-0.041373806011863065,8.494162716274296
Defect_L6_B101_el2803_H4_W4.npy,-272.16429999999997,4775.36993,-220.49509039999998,112.82825000000025,-0.10443635407755011,6.38086561982507
Defect_L6_B102_el2807_H4_W4.npy,-272.174,4775.3931999999995,-223.18068089999997,70.25547549999987,-0.10554400543554163,6.38530578975016
Defect_L6_B103_el2811_H4_W4.npy,-272.1761,4775.46798,-208.5651242,67.27286129999993,-0.09780637024323928,6.136303926798456
Defect_L6_B104_el2815_H4_W4.npy,-272.1573,4775.701599999999,-200.34196906800014,81.98439089999988,-0.04975709099356817,5.977883482271845
Defect_L6_B105_el2835_H4_W4.npy,-272.02729999999997,4775.91084,-177.90046350000011,115.2306000000001,0.23810740008320846,5.9457875669873665
Defect_L6_B106_el2839_H4_W4.npy,-272.0977,4775.74558,-180.13824620000014,80.10152129999983,-0.007029218787649508,5.619957532520225
Defect_L6_B107_el2843_H4_W4.npy,-272.1264,4775.57005,-213.3322232999999,64.14502890000017,-0.07575903904416958,6.164654872259872
Defect_L6_B108_el2847_H4_W4.npy,-272.1319,4775.44944,-236.63723119999986,66.81804499999998,-0.09300329740462157,6.6293777392618845
Defect_L6_B109_el2851_H4_W4.npy,-272.13140000000004,4775.37794,-238.3571669999999,112.25624000000039,-0.09535482600555226,6.762838726055629
Defect_L6_B10_el151_H4_W4.npy,-272.1559,4775.44736,-341.9128209999999,83.57380569999964,-0.00893538181103929,9.703269748007083
Defect_L6_B110_el3139_H4_W4.npy,-272.1734,4775.29248,-259.303858,117.46715000000017,-0.07580574759119266,7.342429205471797
Defect_L6_B111_el3143_H4_W4.npy,-272.20619999999997,4775.1893199999995,-261.8774954999999,73.21087709999983,-0.059811045762409976,7.347061354100308
Defect_L6_B112_el3147_H4_W4.npy,-272.2406,4774.93041,-251.65282779999984,87.14243620000025,-0.009884767647775483,7.291348045077712
Defect_L6_B113_el3151_H4_W4.npy,-272.2508,4774.48207,-243.8996471999999,111.79510211000047,0.11905672107168513,7.567672526722975
Defect_L6_B114_el3171_H4_W4.npy,-272.4334,4774.27007,-366.91468810000015,1535.7740999999996,0.5830669724146023,17.606761157237766
Defect_L6_B115_el3175_H4_W4.npy,-272.167,4774.4228,-291.5545635000001,1502.258100000001,0.23279607968171737,15.865687218805098
Defect_L6_B116_el3179_H4_W4.npy,-272.0917,4774.72969,-265.9175872999999,91.86284488000001,-0.02236614079723915,8.198145867102525
Defect_L6_B117_el3183_H4_W4.npy,-272.09159999999997,4774.99813,-254.79002330000026,78.08177890000002,-0.07696085199684354,7.498052111049426
Defect_L6_B118_el3187_H4_W4.npy,-272.1116,4775.1604,-236.20990270000016,116.12233000000015,-0.09399602954786225,6.904506170089411
Defect_L6_B119_el3475_H4_W4.npy,-272.1771,4775.36433,-304.58988899999986,140.97138999999993,-0.03422278008518253,8.64552905397955
Defect_L6_B11_el155_H4_W4.npy,-272.1559,4775.44737,-331.4177649999999,81.20256219999987,-0.008237127214291153,9.375060565676742
Defect_L6_B120_el3479_H4_W4.npy,-272.1938,4775.32634,-322.9015858,82.771029,-0.026933790880772048,8.968412982179464
Defect_L6_B121_el3483_H4_W4.npy,-272.2096,4775.24866,-331.97087000000033,82.89740709999978,-0.011205323518978119,9.174961549193279
Defect_L6_B122_el3487_H4_W4.npy,-272.1739,4775.21129,-342.22416980000025,84.41517177000014,0.007623956308901059,9.461094922236805
Defect_L6_B123_el3491_H4_W4.npy,-272.17900000000003,4775.53519,-359.53018714999985,81.85386000000017,0.020189073772801484,10.013252409326922
Defect_L6_B124_el3495_H4_W4.npy,-272.4143,4774.99111,-385.4125296999998,80.62274470000011,0.0454840554583989,10.633510605543844
Defect_L6_B125_el3499_H4_W4.npy,-272.12309999999997,4775.1934599999995,-382.9999320999998,78.33755980000024,0.06516272557188978,10.707239470403174
Defect_L6_B126_el3503_H4_W4.npy,-272.1959,4775.22892,-389.7362246,83.16054880000002,0.0586244553058381,10.815871603547642
Defect_L6_B127_el3507_H4_W4.npy,-272.1656,4774.98272,-381.1794182599999,92.49734340000032,0.04273727920576705,10.794640863815658
Defect_L6_B128_el3511_H4_W4.npy,-272.0909,4774.85858,-368.37903129999995,98.8322917999999,0.030871063663427675,10.49898589938463
Defect_L6_B129_el3515_H4_W4.npy,-272.05740000000003,4774.90865,-348.5174030999999,94.44783699999925,0.0018710885772273067,9.904527859857659
Defect_L6_B12_el159_H4_W4.npy,-272.156,4775.43726,-318.6794950000001,79.08574429999999,-0.006006622319833097,8.979464030423134
Defect_L6_B130_el3519_H4_W4.npy,-272.0647,4775.04453,-326.69332269999995,88.28817149999963,-0.026264912182744012,9.257461632232436
Defect_L6_B131_el3523_H4_W4.npy,-272.0893,4775.16637,-296.83994199999984,135.42306000000008,-0.0433099630251536,8.507997895386367
Defect_L6_B132_el3811_H4_W4.npy,-272.2065,4775.411779999999,-290.38158,135.2819099999997,-0.04801242574591581,8.347783118972984
Defect_L6_B133_el3815_H4_W4.npy,-272.1823,4775.47264,-320.9687987,88.06232,-0.029418810953864668,9.069195817289312
Defect_L6_B134_el3819_H4_W4.npy,-272.1529,4775.58441,-343.3000548,90.17681809999999,-0.0017977438594123543,9.689351987396767
Defect_L6_B135_el3823_H4_W4.npy,-272.0795,4775.669470000001,-361.3503257,91.19625006000024,0.02373650062814657,10.19007483711258
Defect_L6_B136_el3827_H4_W4.npy,-272.2418,4775.70162,-370.58663459000013,88.7721459999998,0.041207302467155746,10.436506020275656
Defect_L6_B137_el3831_H4_W4.npy,-272.6201,4774.6485600000005,-390.4864382999999,83.73815710000008,0.07710895592396529,10.802493332155812
Defect_L6_B138_el3835_H4_W4.npy,-272.12149999999997,4775.28583,-389.27479509999966,79.56500079999978,0.08228045299820616,10.938052048819074
Defect_L6_B139_el3839_H4_W4.npy,-272.05129999999997,4775.3359,-402.7214429999997,1476.3967000000002,0.1643879888289561,16.728649199657546
Defect_L6_B13_el163_H4_W4.npy,-272.156,4775.43703,-296.14767300000017,121.16310000000021,-0.0024469642791586687,8.473549213291728
Defect_L6_B140_el3843_H4_W4.npy,-272.05,4775.1389,-373.6539652180004,86.81548310000062,0.024426678646649186,10.551906835265028
Defect_L6_B141_el3847_H4_W4.npy,-272.0527,4775.24408,-350.5023542000001,87.7387363519997,0.0012075420310562238,9.736364437846685
Defect_L6_B142_el3851_H4_W4.npy,-272.0506,4775.29392,-335.0071316999997,84.85430400000018,-0.01882695981139745,9.267632795242092
Defect_L6_B143_el3855_H4_W4.npy,-272.0505,4775.303709999999,-322.15196600000013,83.15421600000013,-0.03467523781053042,8.941574290694536
Defect_L6_B144_el3859_H4_W4.npy,-272.05600000000004,4775.30527,-301.09063400000014,136.7981299999999,-0.041931024181782274,8.521236995583656
Defect_L6_B145_el4147_H4_W4.npy,-272.2071,4775.5069,-197.0154261,107.43352000000004,-0.09880816838869395,5.958311147773158
Defect_L6_B146_el4151_H4_W4.npy,-272.0895,4775.60639,-225.49735569999973,82.49494269999991,-0.05264326594892512,7.0392611166160926
Defect_L6_B147_el4155_H4_W4.npy,-271.9062,4775.95514,-253.54216850000012,114.86245399999984,0.05315923094583113,8.389177561060652
Defect_L6_B148_el4159_H4_W4.npy,-271.5848,4776.86799,-297.03963490000024,152.74323319999985,0.26251867799516404,10.224189874776565
Defect_L6_B149_el4179_H4_W4.npy,-271.9502,4776.4161,-292.14819779999993,165.8392812000002,0.5632173685493611,9.64898568523482
Defect_L6_B14_el451_H4_W4.npy,-272.15569999999997,4775.45717,-343.8681140000001,161.5397599999999,0.0032289115778644547,9.840066059978549
Defect_L6_B150_el4183_H4_W4.npy,-272.2267,4776.25272,-236.96858999999995,119.96398850000014,0.21564677847931923,7.6874359263341825
Defect_L6_B151_el4187_H4_W4.npy,-272.1946,4775.91086,-229.5068060000001,92.94791880000002,0.028649932983568244,6.934886214264494
Defect_L6_B152_el4191_H4_W4.npy,-272.1259,4775.6796699999995,-235.7791722999998,75.52961609999988,-0.05885882823049368,6.688174252875982
Defect_L6_B153_el4195_H4_W4.npy,-272.0727,4775.5359,-233.30961000000002,101.61994000000004,-0.09297894682277416,6.584903307562786
Defect_L6_B154_el4483_H4_W4.npy,-272.31850000000003,4775.7051200000005,-108.55069960000003,58.90193499999998,-0.11096302079774252,3.210224188520194
Defect_L6_B155_el4487_H4_W4.npy,-272.24679999999995,4775.5760900000005,-107.48589449999997,37.38460539999994,-0.1022722470424403,3.207464087938946
Defect_L6_B156_el4491_H4_W4.npy,-272.12649999999996,4775.41607,-97.25049363,39.80314958819997,-0.08210934923366013,3.0199976184457826
Defect_L6_B157_el4495_H4_W4.npy,-271.9515,4775.32054,-81.73107359999995,44.55963866999997,-0.04410095843394149,2.669665372190883
Defect_L6_B158_el4515_H4_W4.npy,-272.2754,4775.51088,-59.63387720000003,46.58296,0.06659738125990605,2.041152713142963
Defect_L6_B159_el4519_H4_W4.npy,-272.1662,4775.47433,-73.00565639999996,50.402539099999956,-0.005833949560309108,2.459193635372838
Defect_L6_B15_el455_H4_W4.npy,-272.15680000000003,4775.45754,-362.504584,97.2732089999995,-0.00048475850342808905,10.169840983357055
Defect_L6_B160_el4523_H4_W4.npy,-272.1608,4775.60865,-79.38062580000008,43.482864550000045,-0.060168422067136434,2.8296910341176176
Defect_L6_B161_el4527_H4_W4.npy,-272.1347,4775.725649999999,-109.11653719999993,40.677780499999926,-0.0975568421844595,3.2659784945051324
Defect_L6_B162_el4531_H4_W4.npy,-272.1035,4775.78046,-124.34366439999997,63.06106999999986,-0.11717583805609096,3.5874110410690387
Defect_L6_B163_el4819_H4_W4.npy,-272.4291,4776.15018,-153.62549920000004,75.41404,-0.10717386475453304,4.42370974565299
Defect_L6_B164_el4823_H4_W4.npy,-272.3715,4775.99432,-138.48429209999995,52.98566230000006,-0.07126305750091132,4.278633790332592
Defect_L6_B165_el4827_H4_W4.npy,-272.2588,4775.8657,-114.71290150000004,68.480343114,-0.0008220769665259683,4.161502939108742
Defect_L6_B166_el4831_H4_W4.npy,-272.1014,4775.92774,-110.60447959999988,87.69794659999991,0.11126214138404578,4.2681206076824285
Defect_L6_B167_el4851_H4_W4.npy,-272.19440000000003,4776.6956900000005,-127.29554489999998,77.5373386999999,0.09526026663424805,3.9538508966950987
Defect_L6_B168_el4855_H4_W4.npy,-272.08790000000005,4776.83589,-134.08391097000003,85.13004410000008,0.031496218456691163,4.72877971920801
Defect_L6_B169_el4859_H4_W4.npy,-272.0734,4776.63415,-136.66074049999997,74.03420944000004,-0.03935880367080011,4.636438416604465
Defect_L6_B16_el459_H4_W4.npy,-272.1569,4775.44776,-366.48767299999986,86.1920110000001,-0.0016697608350322505,10.225590946800098
Defect_L6_B170_el4863_H4_W4.npy,-272.0745,4776.50594,-138.54075810000006,57.66258220399993,-0.08179373703246787,4.400184845696241
Defect_L6_B171_el4867_H4_W4.npy,-272.0776,4776.45911,-131.804621,73.11106000000007,-0.10271584316587311,4.055377851153714
Defect_L6_B172_el5155_H4_W4.npy,-272.2002,4775.43336,-266.85167799999977,113.42129,-0.06380644543616508,7.5084249150392015
Defect_L6_B173_el5159_H4_W4.npy,-272.1641,4775.0461000000005,-280.0198909999999,79.8840004000001,-0.04265438607139659,7.775084812521113
Defect_L6_B174_el5163_H4_W4.npy,-272.0487,4774.24803,-289.8192217999999,90.63833809999983,0.0043785353824914,8.083165601881047
Defect_L6_B175_el5167_H4_W4.npy,-271.6487,4772.94597,-314.73344971000006,104.71500860000015,0.08205880109674171,8.776049366218555
Defect_L6_B176_el5187_H4_W4.npy,-272.3205,4775.35035,-447.87375659999975,165.57944989999987,0.3401101771986183,13.069355075770806
Defect_L6_B177_el5191_H4_W4.npy,-272.22339999999997,4776.20821,-364.66950940000015,136.3091498000001,0.19239867090803667,11.145402616109758
Defect_L6_B178_el5195_H4_W4.npy,-272.1795,4777.00434,-313.6715007,113.42600130000005,0.06639604664505731,9.59563404400072
Defect_L6_B179_el5199_H4_W4.npy,-272.1653,4777.48305,-278.2731701,95.04828659999998,-0.017749332625579213,8.377230203658003
Defect_L6_B17_el463_H4_W4.npy,-272.1567,4775.44792,-366.74186699999996,82.49862600000006,-0.002483710476739443,10.205464614987186
Defect_L6_B180_el5203_H4_W4.npy,-272.159,4777.76014,-243.29912400000012,127.32071999999994,-0.06464495160834975,7.312758349248771
Defect_L6_B181_el5491_H4_W4.npy,-272.0677,4774.61204,-314.25228000000016,141.77819999999997,-0.022388104032627105,8.871366520400903
Defect_L6_B182_el5495_H4_W4.npy,-272.0631,4774.49329,-335.4435868999999,87.0119259999999,-0.021623077670419873,9.292464659446205
Defect_L6_B183_el5499_H4_W4.npy,-272.0632,4774.24416,-347.00307640000005,80.40994399999977,-0.015583865699701606,9.582457765548474
Defect_L6_B184_el5503_H4_W4.npy,-272.0094,4773.80976,-360.0266315000001,80.35985420000043,-0.006233970861489164,9.9792056671142
Defect_L6_B185_el5507_H4_W4.npy,-272.16519999999997,4773.501,-377.1289456699999,85.33345580000059,0.011846136260105673,10.572607318213382
Defect_L6_B186_el5511_H4_W4.npy,-272.7965,4770.7385,-386.7115236999998,82.7130160100005,0.03215662009443458,10.75571080608086
Defect_L6_B187_el5515_H4_W4.npy,-271.5255,4776.10792,-375.3731168999998,77.31807430000026,0.04049143249483585,10.398649225648759
Defect_L6_B188_el5519_H4_W4.npy,-272.3108,4775.27915,-365.58118539999987,76.75716679999982,0.04076114692554959,10.065545962326011
Defect_L6_B189_el5523_H4_W4.npy,-272.2828,4775.65618,-357.3801076300001,79.09844810000004,0.023602177664544578,9.875925316122908
Defect_L6_B18_el467_H4_W4.npy,-272.1575,4775.44777,-365.35521380000023,80.74619030000031,-0.0031918402808350506,10.152061821362349
Defect_L6_B190_el5527_H4_W4.npy,-272.2467,4775.98529,-357.453438,83.48427340000012,0.010689420217529312,9.897032162990522
Defect_L6_B191_el5531_H4_W4.npy,-272.23629999999997,4776.44612,-352.0025804999998,84.20725400000015,0.0016825633515127625,9.805911746571903
Defect_L6_B192_el5535_H4_W4.npy,-272.2344,4776.95529,-340.91239299999984,89.7573809999999,-0.00825251235385759,9.571809827109995
Defect_L6_B193_el5539_H4_W4.npy,-272.2303,4777.37127,-317.690343,145.00332000000003,-0.014624831275764513,9.122519872142941
Defect_L6_B194_el5827_H4_W4.npy,-272.0906,4774.76137,-320.2765589999999,147.2756599999998,-0.009314169068899198,9.071591566280565
Defect_L6_B195_el5831_H4_W4.npy,-272.0872,4774.66543,-341.21632,90.44491900000025,-0.010762724331602818,9.486571766078614
Defect_L6_B196_el5835_H4_W4.npy,-272.1025,4774.47048,-350.9700416999999,81.08548500000006,-0.00849829341684151,9.72907455528585
Defect_L6_B197_el5839_H4_W4.npy,-272.1057,4774.17462,-359.28277819999994,79.10419430000047,-0.004013413425559743,9.975058403231996
Defect_L6_B198_el5843_H4_W4.npy,-272.03159999999997,4774.48297,-366.894407,81.14661670000055,0.0026573181485564455,10.201517532363479
Defect_L6_B199_el5847_H4_W4.npy,-272.64459999999997,4773.02684,-368.8311163999999,78.53026169999976,0.008342290586902395,10.211664573510419
Defect_L6_B19_el471_H4_W4.npy,-272.1585,4775.437269999999,-362.98266880000006,79.70349469999996,-0.003842084565506168,10.077506314345687
Defect_L6_B1_el115_H4_W4.npy,-272.1559,4775.4573900000005,-377.9025969999998,172.7446100000002,0.004291735360011701,11.104831123386173
Defect_L6_B200_el5851_H4_W4.npy,-271.8055,4776.1744499999995,-363.7090548000001,76.1223778000001,0.009824791151405738,10.023612800162297
Defect_L6_B201_el5855_H4_W4.npy,-272.2729,4775.48754,-357.3153590999998,77.10492209999984,0.008983406038459731,9.82628070628723
Defect_L6_B202_el5859_H4_W4.npy,-272.2443,4775.68392,-353.78506390000007,77.76907659999983,0.005614138599390493,9.735723421664565
Defect_L6_B203_el5863_H4_W4.npy,-272.22200000000004,4775.81827,-354.0838802999999,78.78814499999976,0.002091506415329978,9.763829438869905
Defect_L6_B204_el5867_H4_W4.npy,-272.2118,4775.94514,-354.23439630000007,82.05686400000013,-0.00012807366577693129,9.80985592574821
Defect_L6_B205_el5871_H4_W4.npy,-272.2076,4776.09172,-350.94548800000007,92.80045299999983,-0.0011109529295657825,9.796579524050602
Defect_L6_B206_el5875_H4_W4.npy,-272.2031,4776.19637,-334.03271599999994,155.26756000000023,0.0016702839539526454,9.543840782946187
Defect_L6_B207_el6163_H4_W4.npy,-272.1218,4774.99499,-315.6420800000001,145.28783999999996,-0.005267688125821993,8.957170825828344
Defect_L6_B208_el6167_H4_W4.npy,-272.12129999999996,4774.87708,-336.60021299999994,88.55908299999987,-0.007666209396872355,9.36967133985516
Defect_L6_B209_el6171_H4_W4.npy,-272.1392,4774.68084,-346.41960700000004,79.315155,-0.006965690681078163,9.610673599104903
Defect_L6_B20_el475_H4_W4.npy,-272.1587,4775.43704,-359.8688654,78.95667019999973,-0.004448599769796727,9.984227260855901
Defect_L6_B210_el6175_H4_W4.npy,-272.1568,4774.44262,-354.23238979999996,78.14737631000003,-0.004670380443902829,9.827866052878518
Defect_L6_B211_el6179_H4_W4.npy,-272.0372,4774.73602,-360.6653952999998,79.04532789999985,-0.0015010241142159096,10.005724336023032
Defect_L6_B212_el6183_H4_W4.npy,-272.4607,4774.02364,-364.0724640000001,78.04687250000006,0.0010479113040610315,10.08098936037377
Defect_L6_B213_el6187_H4_W4.npy,-271.9468,4775.91121,-364.1765826000001,77.7777858999998,0.0015022438327122523,10.06561398680561
Defect_L6_B214_el6191_H4_W4.npy,-272.2174,4775.56827,-362.9900974000002,79.07098729999984,0.0012410289724915954,10.02206447049615
Defect_L6_B215_el6195_H4_W4.npy,-272.2057,4775.65096,-362.4964233999999,80.37600799999973,0.0009165083602926713,10.009985403199003
Defect_L6_B216_el6199_H4_W4.npy,-272.1942,4775.66075,-363.09435110000004,82.05612100000008,0.0009073521443759538,10.046141839769856
Defect_L6_B217_el6203_H4_W4.npy,-272.18649999999997,4775.6634,-363.36902499999997,85.64351799999986,0.0014869823888466241,10.091526628931053
Defect_L6_B218_el6207_H4_W4.npy,-272.1814,4775.67613,-360.47490300000004,96.58231000000023,0.002834301544478283,10.081314660779624
Defect_L6_B219_el6211_H4_W4.npy,-272.1762,4775.6476299999995,-343.3645779999997,160.50639999999976,0.007029069857574019,9.811565938670482
Defect_L6_B21_el479_H4_W4.npy,-272.15749999999997,4775.42677,-356.14399030000004,78.09153279999987,-0.0049062453637781726,9.875100997289842
Defect_L6_B22_el483_H4_W4.npy,-272.15610000000004,4775.42673,-351.8320445999998,77.06887940000024,-0.00522719299991386,9.752791877020066
Defect_L6_B23_el487_H4_W4.npy,-272.1556,4775.426710000001,-346.84869989999993,76.15715529999989,-0.005492392902175855,9.616504956180385
Defect_L6_B24_el491_H4_W4.npy,-272.1554,4775.42673,-340.84868800000004,76.68498899999963,-0.005471779660895857,9.462635671137882
Defect_L6_B25_el495_H4_W4.npy,-272.15520000000004,4775.43686,-332.395444,86.25475499999993,-0.00479279726758935,9.268688425741407
Defect_L6_B26_el499_H4_W4.npy,-272.15500000000003,4775.436989999999,-312.267605,143.1792300000002,-0.0017607539312012059,8.884754919581972
Defect_L6_B27_el787_H4_W4.npy,-272.1542,4775.466780000001,-334.5063170000001,157.0150199999996,0.00035236714221015573,9.550519338682617
Defect_L6_B28_el791_H4_W4.npy,-272.15680000000003,4775.45751,-352.82944299999986,94.23664599999984,-0.0018603574403676395,9.865493685958239
Defect_L6_B29_el795_H4_W4.npy,-272.158,4775.44805,-357.09358229999975,83.25416600000017,-0.00180074583406417,9.92605431660524
Defect_L6_B2_el119_H4_W4.npy,-272.15569999999997,4775.45743,-396.4289309999999,105.67814090000002,0.0005063449230957574,11.304313752608353
Defect_L6_B30_el799_H4_W4.npy,-272.1583,4775.44829,-358.2024984000002,79.60241820000033,-0.0018048562363157214,9.926633608350143
Defect_L6_B31_el803_H4_W4.npy,-272.1598,4775.43802,-358.26263979999976,77.97879709999984,-0.0018514503115132108,9.911125172382071
Defect_L6_B32_el807_H4_W4.npy,-272.1611,4775.42735,-357.8696890000001,77.07358520000002,-0.0021001943879152014,9.890420893687972
Defect_L6_B33_el811_H4_W4.npy,-272.1601,4775.41686,-357.05660680000005,76.44777110000018,-0.002401241651015641,9.862204544917194
Defect_L6_B34_el815_H4_W4.npy,-272.1577,4775.4063,-355.72986530000003,75.98902420000013,-0.0026693406290493223,9.823447091548859
Defect_L6_B35_el819_H4_W4.npy,-272.156,4775.4059799999995,-353.6814606999999,75.77329989999998,-0.0031286403096806217,9.770404318638578
Defect_L6_B36_el823_H4_W4.npy,-272.1544,4775.40581,-350.70820089999984,76.13678899999991,-0.0037670646857988206,9.697919620844814
Defect_L6_B37_el827_H4_W4.npy,-272.1538,4775.41592,-346.5616648,79.362754,-0.004497299174854453,9.602497463993018
Defect_L6_B38_el831_H4_W4.npy,-272.15430000000003,4775.4263,-339.69173,89.4782929999999,-0.005213482447010171,9.458712617470878
Defect_L6_B39_el835_H4_W4.npy,-272.1549,4775.436699999999,-320.53894800000035,147.93925999999988,-0.003447918696752126,9.103627558089995
Defect_L6_B3_el123_H4_W4.npy,-272.15549999999996,4775.45755,-395.2389499999997,98.39545869999984,-0.0017522836173623788,11.219747933550197
Defect_L6_B40_el1123_H4_W4.npy,-272.153,4775.46627,-330.536206,155.09607000000005,-0.0020844115269760674,9.428049098500992
Defect_L6_B41_el1127_H4_W4.npy,-272.15680000000003,4775.45734,-348.6783579999999,93.02542100000005,-0.0034423388368901744,9.735476692271481
Defect_L6_B42_el1131_H4_W4.npy,-272.1594,4775.44824,-353.0189898000001,82.18691000000013,-0.002468504714166374,9.796403174126967
Defect_L6_B43_el1135_H4_W4.npy,-272.1599,4775.43877,-354.3565219000002,78.54777310000031,-0.0016860497313733922,9.802357293134014
Defect_L6_B44_el1139_H4_W4.npy,-272.1633,4775.43838,-355.01919799999996,76.98582400000032,-0.0011941997686488628,9.802531826927355
Defect_L6_B45_el1143_H4_W4.npy,-272.1654,4775.40731,-355.72393569999986,76.13428270000009,-0.0010233252290770426,9.812789316001124
Defect_L6_B46_el1147_H4_W4.npy,-272.1619,4775.39654,-356.37435129999994,75.6005775000001,-0.001075777823857543,9.827758946778104
Defect_L6_B47_el1151_H4_W4.npy,-272.158,4775.38566,-356.4993244,75.30980849999969,-0.0014033004267247299,9.834129992698708
Defect_L6_B48_el1155_H4_W4.npy,-272.1551,4775.38493,-355.4929714,75.88463700000011,-0.0020906457850384938,9.815769551724618
Defect_L6_B49_el1159_H4_W4.npy,-272.1521,4775.38458,-353.1620376000001,77.27703719999977,-0.003263254334880216,9.764410772103773
Defect_L6_B4_el127_H4_W4.npy,-272.1552,4775.45755,-389.53378099999964,95.86408385999994,-0.003410843637828645,11.068216026756106
Defect_L6_B50_el1163_H4_W4.npy,-272.1512,4775.40478,-349.48311820000004,80.57438989999991,-0.004712077824301095,9.6834763331893
Defect_L6_B51_el1167_H4_W4.npy,-272.1515,4775.41533,-342.9864063,90.800025,-0.006361746819926686,9.550273325055127
Defect_L6_B52_el1171_H4_W4.npy,-272.15299999999996,4775.4361,-323.91475300000025,149.71418999999992,-0.005305005883056694,9.197501844347698
Defect_L6_B53_el1459_H4_W4.npy,-272.153,4775.47563,-328.2803040000001,154.00833999999986,-0.0039576567591740885,9.370945367726305
Defect_L6_B54_el1463_H4_W4.npy,-272.1581,4775.46728,-346.1238012000001,92.32402199999979,-0.0048761221596621855,9.668039322914963
Defect_L6_B55_el1467_H4_W4.npy,-272.16229999999996,4775.44864,-350.3729507999999,81.58018950000019,-0.003177362387016935,9.725819009756362
Defect_L6_B56_el1471_H4_W4.npy,-272.16299999999995,4775.4393,-351.67427569999995,78.01066190000006,-0.0017282320000222534,9.729991742954082
Defect_L6_B57_el1475_H4_W4.npy,-272.1688,4775.428870000001,-352.5597045000002,76.49626919999992,-0.0006102123318608376,9.735665076593563
Defect_L6_B58_el1479_H4_W4.npy,-272.17159999999996,4775.38726,-354.30686500000024,75.71307529999967,-0.00012706195374544038,9.774060027483664
Defect_L6_B59_el1483_H4_W4.npy,-272.1653,4775.37619,-356.7479969000001,75.2097192999995,6.942563727433056e-06,9.841292748125298
Defect_L6_B5_el131_H4_W4.npy,-272.1556,4775.4574,-382.611995,93.95328269999982,-0.004795548440546053,10.886353454390198
Defect_L6_B60_el1487_H4_W4.npy,-272.1588,4775.36477,-358.4559953999999,75.64176609999981,-0.00031148787354057364,9.900328517495195
Defect_L6_B61_el1491_H4_W4.npy,-272.1524,4775.35343,-357.89001459999986,76.59669280000026,-0.0012193869136702278,9.904967408628082
Defect_L6_B62_el1495_H4_W4.npy,-272.1481,4775.36254,-355.27043630000003,77.96716790000005,-0.0031127203011917046,9.847439719770405
Defect_L6_B63_el1499_H4_W4.npy,-272.14680000000004,4775.37283,-351.2611743,81.20247340000014,-0.0054069386354103485,9.754531108249289
Defect_L6_B64_el1503_H4_W4.npy,-272.14790000000005,4775.393749999999,-344.5044255999999,91.38996799999973,-0.007768468121875279,9.610722272207601
Defect_L6_B65_el1507_H4_W4.npy,-272.15000000000003,4775.4249500000005,-325.10241599999995,150.38497000000007,-0.007270915948171222,9.247268176609072
Defect_L6_B66_el1795_H4_W4.npy,-272.1547,4775.47528,-322.9138579999999,154.07207999999991,-0.0061808749317896795,9.22559223992134
Defect_L6_B67_el1799_H4_W4.npy,-272.1611,4775.46737,-340.60681069999987,91.74370799999997,-0.006682098213843709,9.519112658233523
Defect_L6_B68_el1803_H4_W4.npy,-272.1666,4775.44907,-344.94163389999994,81.36822569999981,-0.004117816481955125,9.579871048436212
Defect_L6_B69_el1807_H4_W4.npy,-272.1684,4775.43007,-346.08631739999987,78.01409899999999,-0.0017138791711817226,9.580523019011427
Defect_L6_B6_el135_H4_W4.npy,-272.1563,4775.45711,-375.28621599999997,92.05148239999971,-0.0061497109709588065,10.686082864300328
Defect_L6_B70_el1811_H4_W4.npy,-272.1761,4775.40945,-346.6791745999999,76.74711140000022,0.00024242602936397638,9.578151258293229
Defect_L6_B71_el1815_H4_W4.npy,-272.1784,4775.3671699999995,-349.62228000000005,76.17975210000009,0.001138372747993452,9.641862838020392
Defect_L6_B72_el1819_H4_W4.npy,-272.16880000000003,4775.355869999999,-354.81624670999986,75.73965180000027,0.001186040523835704,9.785586866506799
Defect_L6_B73_el1823_H4_W4.npy,-272.1584,4775.34389,-358.9468892,76.82301660000007,0.0009655685498403841,9.928737491249702
Defect_L6_B74_el1827_H4_W4.npy,-272.1487,4775.33141,-357.8810672999998,77.85591560000034,-0.0004591081998790697,9.941239128677113
Defect_L6_B75_el1831_H4_W4.npy,-272.1417,4775.32977,-353.7976567999999,78.87241500000005,-0.0036805357225282677,9.83722365301041
Defect_L6_B76_el1835_H4_W4.npy,-272.1402,4775.35002,-348.92929879999997,81.82127710000032,-0.006994068300408276,9.710481049444676
Defect_L6_B77_el1839_H4_W4.npy,-272.142,4775.38133,-341.7113112999998,91.6974839999998,-0.010005475728152328,9.548000131738075
Defect_L6_B78_el1843_H4_W4.npy,-272.1451,4775.40306,-322.00065500000005,151.4367299999999,-0.009580945850997172,9.169345339430006
Defect_L6_B79_el2131_H4_W4.npy,-272.15979999999996,4775.474759999999,-316.24791700000014,149.8733699999998,-0.014704642643645247,9.042113118802904
Defect_L6_B7_el139_H4_W4.npy,-272.15639999999996,4775.44708,-367.68244500000014,90.08653030000005,-0.007288865134357396,10.469942684634704
Defect_L6_B80_el2135_H4_W4.npy,-272.16650000000004,4775.4773399999995,-336.7285567000001,88.83365299999991,-0.011370266544485034,9.422780085092823
Defect_L6_B81_el2139_H4_W4.npy,-272.172,4775.46001,-344.3433872999999,79.5284942000003,-0.004521516278567893,9.581647264380686
Defect_L6_B82_el2143_H4_W4.npy,-272.173,4775.441919999999,-347.52676419999966,78.80562410000016,0.001798009948644657,9.641464757976438
Defect_L6_B83_el2147_H4_W4.npy,-272.18940000000003,4775.411059999999,-347.4910084999997,76.92353009999988,0.0077195451910545805,9.628234599698118
Defect_L6_B84_el2151_H4_W4.npy,-272.1895,4775.3272799999995,-351.96176620000006,76.37641820000022,0.012046766044512032,9.70995155721721
Defect_L6_B85_el2155_H4_W4.npy,-272.1721,4775.3358,-361.2491457499998,76.43735809999998,0.011875952986673028,9.96586641685479
Defect_L6_B86_el2159_H4_W4.npy,-272.1564,4775.3225999999995,-369.7674941,79.08564869999964,0.009862520907386645,10.246552688016811
Defect_L6_B87_el2163_H4_W4.npy,-272.1393,4775.28794,-363.4030336999999,81.96172230000002,0.004258431858375839,10.15808442630539
Defect_L6_B88_el2167_H4_W4.npy,-272.1297,4775.2954,-354.74722870000005,78.96461480000016,-0.0043483929048582035,9.878316277995568
Defect_L6_B89_el2171_H4_W4.npy,-272.1279,4775.31574,-347.66076279999993,80.41471999999999,-0.010698813338064266,9.670182643667061
Defect_L6_B8_el143_H4_W4.npy,-272.1563,4775.44709,-359.703391,88.01516140000012,-0.008171371510322035,10.237210365646332
Defect_L6_B90_el2175_H4_W4.npy,-272.1306,4775.35755,-339.31748449999986,90.20459600000004,-0.015522350527994598,9.4720196364138
Defect_L6_B91_el2179_H4_W4.npy,-272.1357,4775.389969999999,-319.1452529999999,149.29171999999994,-0.01606096689271285,9.079578908823343
Defect_L6_B92_el2467_H4_W4.npy,-272.1598,4775.46141,-283.8271749999999,134.05784000000017,-0.051384853898461744,8.17300557401963
Defect_L6_B93_el2471_H4_W4.npy,-272.1599,4775.5242499999995,-313.4102342000001,88.34797999999978,-0.032661465411426095,8.890592820511875
Defect_L6_B94_el2475_H4_W4.npy,-272.15729999999996,4775.6208,-337.66337099999987,92.4114417000003,0.0008918677901378216,9.588158989953483
Defect_L6_B95_el2479_H4_W4.npy,-272.1433,4775.7315100000005,-364.8160376999999,100.2726405999997,0.044148781531587786,10.372557349476489
Defect_L6_B96_el2499_H4_W4.npy,-272.1067,4775.341329999999,-369.82128747,93.54330399999981,0.029599647762450745,10.385670258642964
Defect_L6_B97_el2503_H4_W4.npy,-272.11240000000004,4775.39297,-344.1422068999998,88.77080422999961,0.00041127071248738987,9.461898026547034
Defect_L6_B98_el2507_H4_W4.npy,-272.1178,4775.39477,-329.07614179999973,82.3904077000002,-0.02237683339761128,9.048474181478065
Defect_L6_B99_el2511_H4_W4.npy,-272.12330000000003,4775.39618,-318.84458410000025,80.42645900000002,-0.036651074717429635,8.817338273420095
Defect_L6_B9_el147_H4_W4.npy,-272.1561,4775.44722,-351.197686,85.85436019999952,-0.008755577211317134,9.984969488238669
Defect_L7_B100_el2515_H4_W4.npy,-272.1161,4775.3644,-444.8885451000001,200.9254599999997,-0.05634373633628544,12.174102298110526
Defect_L7_B101_el2803_H4_W4.npy,-272.17519999999996,4775.2875,-323.9402638,157.45513000000005,-0.15407986098564108,8.97593325700437
Defect_L7_B102_el2807_H4_W4.npy,-272.18260000000004,4775.32051,-324.9938723,94.13518010000007,-0.1574332223251903,8.88212529244691
Defect_L7_B103_el2811_H4_W4.npy,-272.1839,4775.38586,-301.6018082999999,85.1151946,-0.150506034034684,8.360657302934056
Defect_L7_B104_el2815_H4_W4.npy,-272.14050000000003,4775.66086,-275.2270100000002,85.00302499999998,-0.10235847789681896,7.674589507952118
Defect_L7_B105_el2835_H4_W4.npy,-272.0286,4775.911969999999,-215.14444490000005,108.62330910000003,0.18246713621144175,6.7260075225713845
Defect_L7_B106_el2839_H4_W4.npy,-272.0971,4775.71552,-280.57045236,82.78216180000004,-0.06209201730593876,7.766543136979174
Defect_L7_B107_el2843_H4_W4.npy,-272.123,4775.5187,-324.7015637899998,81.58650149999994,-0.12663496092977453,8.850288063459118
Defect_L7_B108_el2847_H4_W4.npy,-272.1263,4775.40722,-352.73434599999996,94.41831200000001,-0.14150054723351305,9.511544900107546
Defect_L7_B109_el2851_H4_W4.npy,-272.12170000000003,4775.33432,-353.6561941,162.79154000000017,-0.14067629787658947,9.689711136275326
Defect_L7_B10_el151_H4_W4.npy,-272.1571,4775.44739,-499.248914,108.28580169999987,-0.002692740936817479,13.59831033722377
Defect_L7_B110_el3139_H4_W4.npy,-272.1747,4775.19777,-386.4874689999999,174.62096999999994,-0.1112848460665134,10.59040474438596
Defect_L7_B111_el3143_H4_W4.npy,-272.2024,4775.09346,-394.2533653999999,99.07034799999997,-0.09751417019321498,10.639702659254452
Defect_L7_B112_el3147_H4_W4.npy,-272.2246,4774.8338,-387.22774019999974,1500.2420000000002,0.05941318625166259,16.51019658529226
Defect_L7_B113_el3151_H4_W4.npy,-272.14020000000005,4774.47754,-379.7180874349999,1507.4531000000006,0.18850269564410466,16.62790835354143
Defect_L7_B114_el3171_H4_W4.npy,-272.4805,4774.34364,-490.0761911000002,1549.7366000000002,0.5483977839797524,19.191430299318373
Defect_L7_B115_el3175_H4_W4.npy,-272.1974,4774.44166,-399.15121190000013,1510.7801,0.1892635605315226,17.34472349887832
Defect_L7_B116_el3179_H4_W4.npy,-272.1091,4774.714440000001,-374.78980058000025,106.41096040000002,-0.06699753793802876,10.676512189651483
Defect_L7_B117_el3183_H4_W4.npy,-272.1015,4774.95974,-365.4709877,98.59768839999992,-0.12259144403425712,10.147049832829854
Defect_L7_B118_el3187_H4_W4.npy,-272.1144,4775.10945,-345.16222530000005,163.02183000000014,-0.13892195496949888,9.610633022836895
Defect_L7_B119_el3475_H4_W4.npy,-272.1991,4775.28734,-451.54982429999995,207.78930000000014,-0.04359310239440701,12.402751455801535
Defect_L7_B11_el155_H4_W4.npy,-272.156,4775.4474,-484.3301819999997,106.14228917000014,-0.003230064953479393,13.17042693953081
Defect_L7_B120_el3479_H4_W4.npy,-272.2098,4775.2382099999995,-478.8297592000001,121.76864100000012,-0.03462230503278161,12.896500169137076
Defect_L7_B121_el3483_H4_W4.npy,-272.21180000000004,4775.18022,-495.0077660000002,115.44421719999991,-0.010242702460839071,13.266058123047964
Defect_L7_B122_el3487_H4_W4.npy,-272.0209,4775.25691,-512.4187471,117.3781403500002,0.01862513812633001,13.722081261345084
Defect_L7_B123_el3491_H4_W4.npy,-272.1702,4776.38064,-535.32029515,114.78406100000029,0.036676547268373376,14.391207560156603
Defect_L7_B124_el3495_H4_W4.npy,-272.70189999999997,4774.332079999999,-554.1293982,113.15230384999995,0.06289858354262048,14.8491912638556
Defect_L7_B125_el3499_H4_W4.npy,-271.8238,4774.98205,-548.0709811999998,108.05285709999998,0.09134391791938305,14.79905943716357
Defect_L7_B126_el3503_H4_W4.npy,-272.2331,4775.71605,-560.3074554899999,113.39857075000009,0.07986455238864534,15.05891208532167
Defect_L7_B127_el3507_H4_W4.npy,-272.23089999999996,4775.16324,-555.5802259,122.66060900000002,0.06402982337244292,15.07237461645555
Defect_L7_B128_el3511_H4_W4.npy,-272.13669999999996,4774.92084,-534.9347422999999,126.16234850000001,0.044423228205764616,14.557843098803032
Defect_L7_B129_el3515_H4_W4.npy,-272.08119999999997,4774.90273,-505.76666009999985,121.48164339999948,0.001582480013139727,13.750893698461079
Defect_L7_B12_el159_H4_W4.npy,-272.156,4775.44729,-466.3525940000002,109.50770599999987,-0.0027922801753742592,12.670253221022337
Defect_L7_B130_el3519_H4_W4.npy,-272.0754,4775.00344,-475.2876954999997,117.67825400000015,-0.03812251064542337,12.930268120480838
Defect_L7_B131_el3523_H4_W4.npy,-272.09049999999996,4775.102089999999,-435.92429379999976,197.49484000000007,-0.05921348417302351,12.02030017875451
Defect_L7_B132_el3811_H4_W4.npy,-272.2801,4775.34854,-425.0966774000001,196.01880999999958,-0.06749384204687307,11.742757724257029
Defect_L7_B133_el3815_H4_W4.npy,-272.2524,4775.38934,-466.63166709999996,116.1457710000002,-0.04345390821432087,12.674446753850095
Defect_L7_B134_el3819_H4_W4.npy,-272.21450000000004,4775.482569999999,-499.74259359999996,118.06234270000004,-0.0021601448915045977,13.53856081540088
Defect_L7_B135_el3823_H4_W4.npy,-271.93620000000004,4775.68266,-529.7257096000001,124.16601390999995,0.039908578654969454,14.340733856177774
Defect_L7_B136_el3827_H4_W4.npy,-272.206,4777.0841,-549.14073289,122.33702539999967,0.06572841378653553,14.862597228904145
Defect_L7_B137_el3831_H4_W4.npy,-273.0917,4773.365070000001,-564.0970146,114.0349998000006,0.10006200120485645,15.1319660976992
Defect_L7_B138_el3835_H4_W4.npy,-271.67139999999995,4775.03968,-557.9426918999995,110.41306329999998,0.11574874507874529,15.103502216774585
Defect_L7_B139_el3839_H4_W4.npy,-272.0766,4775.9282299999995,-573.5134461999999,113.96412180000016,0.08163291446841107,15.357608139078822
Defect_L7_B13_el163_H4_W4.npy,-272.156,4775.4371599999995,-435.7750500000002,178.56889,7.894837523229969e-05,12.071418999713853
Defect_L7_B140_el3843_H4_W4.npy,-272.1158,4775.318649999999,-551.6013093180002,1474.4965000000002,0.15102911547300127,19.477181580872227
Defect_L7_B141_el3847_H4_W4.npy,-272.071,4775.27565,-521.8863275000001,121.69012258199973,0.013830031385703292,14.016597905505508
Defect_L7_B142_el3851_H4_W4.npy,-272.0393,4775.24394,-498.0432139999998,118.08303319999982,-0.019303887154906624,13.35424991859216
Defect_L7_B143_el3855_H4_W4.npy,-272.0259,4775.23804,-477.44532519999984,119.65099699999996,-0.045277340428999245,12.851809109280245
Defect_L7_B144_el3859_H4_W4.npy,-272.0242,4775.22706,-447.42622800000026,202.97473999999988,-0.0550333151588664,12.264040278857648
Defect_L7_B145_el4147_H4_W4.npy,-272.306,4775.492869999999,-280.0555599999999,135.1704410000001,-0.1524786904215371,7.975912889414857
Defect_L7_B146_el4151_H4_W4.npy,-272.18929999999995,4775.54302,-314.2099162999997,95.36835740000004,-0.10557135213454125,9.037230964310638
Defect_L7_B147_el4155_H4_W4.npy,-272.01099999999997,4775.80428,-347.9749969289999,114.4116320999999,0.0019768193650683717,10.332264954209283
Defect_L7_B148_el4159_H4_W4.npy,-271.5407,4776.654,-403.08999569000025,142.25568399999975,0.21471180897715275,12.156725800316837
Defect_L7_B149_el4179_H4_W4.npy,-271.9163,4776.41604,-462.38270549999993,153.54334700000027,0.5402847170661591,12.572091115785172
Defect_L7_B14_el451_H4_W4.npy,-272.15569999999997,4775.4568500000005,-502.0309030000001,229.4519200000002,0.004659640934211432,13.832444812645855
Defect_L7_B150_el4183_H4_W4.npy,-272.1731,4776.17003,-376.46175270000003,143.54152900000008,0.17447700778132252,10.57339874136936
Defect_L7_B151_el4187_H4_W4.npy,-272.13570000000004,4775.8241100000005,-358.35753210000007,115.58174339999982,-0.018087345748974637,9.90559459530719
Defect_L7_B152_el4191_H4_W4.npy,-272.0662,4775.62179,-358.33331709999993,98.92615399999977,-0.1081494858134431,9.694287001631796
Defect_L7_B153_el4195_H4_W4.npy,-272.0125,4775.49766,-350.015664,154.1238699999999,-0.14164729418422098,9.563668297362902
Defect_L7_B154_el4483_H4_W4.npy,-272.4205,4775.82718,-157.02284380000003,79.01858099999993,-0.16230114017614772,4.404226421878128
Defect_L7_B155_el4487_H4_W4.npy,-272.3319,4775.61897,-151.31275793999998,47.34719110000003,-0.1485975167154502,4.238858300211948
Defect_L7_B156_el4491_H4_W4.npy,-272.19259999999997,4775.37957,-130.17680889999997,42.119433500000014,-0.1212134833787207,3.786185036236711
Defect_L7_B157_el4495_H4_W4.npy,-271.9445,4775.25425,-99.24107241000002,40.66089656999998,-0.07226954168216274,3.081295066593854
Defect_L7_B158_el4515_H4_W4.npy,-272.2688,4775.51823,-57.699592900000056,39.94064199999997,0.04925461812626206,1.9042485583880244
Defect_L7_B159_el4519_H4_W4.npy,-272.1565,4775.509410000001,-76.42295504999998,45.599682099999995,-0.03990712597003271,2.7580440102107793
Defect_L7_B15_el455_H4_W4.npy,-272.1558,4775.45706,-527.0640664000002,136.6378139999997,0.00040181998064046015,14.271623840439075
Defect_L7_B160_el4523_H4_W4.npy,-272.1403,4775.679249999999,-122.88506390000003,46.2796697,-0.10711977839486408,3.717752525988899
Defect_L7_B161_el4527_H4_W4.npy,-272.1084,4775.83249,-163.9882722999999,50.354506600000036,-0.15161767915167992,4.570215099758402
Defect_L7_B162_el4531_H4_W4.npy,-272.07169999999996,4775.91497,-184.4266222,88.86028999999996,-0.17534906387243632,5.114072912187962
Defect_L7_B163_el4819_H4_W4.npy,-272.5688,4776.61511,-228.54627830000015,101.90901000000008,-0.1695545384452254,6.359281744451037
Defect_L7_B164_el4823_H4_W4.npy,-272.51189999999997,4776.34306,-211.66681589999996,65.18624290000002,-0.13267329945441447,5.967605011513235
Defect_L7_B165_el4827_H4_W4.npy,-272.40639999999996,4776.081209999999,-175.64008220000005,69.60851129999992,-0.05999189743008431,5.347867187611499
Defect_L7_B166_el4831_H4_W4.npy,-272.1308,4775.999510000001,-126.46998266999992,80.85189459999992,0.05836643408756252,4.671089271099739
Defect_L7_B167_el4851_H4_W4.npy,-272.1982,4776.708280000001,-132.93900659999997,70.68850059999994,0.06885386153562655,4.078105248205805
Defect_L7_B168_el4855_H4_W4.npy,-272.0908,4776.97725,-160.05997719999988,78.40999609999994,-0.008914852919898845,5.226644297503835
Defect_L7_B169_el4859_H4_W4.npy,-272.07309999999995,4776.90243,-180.85813770000004,67.78505350000012,-0.08591709193089975,5.4908407112107
Defect_L7_B16_el459_H4_W4.npy,-272.1556,4775.44741,-533.0059890999999,120.02930099999958,0.0021272335191646835,14.355673252454153
Defect_L7_B170_el4863_H4_W4.npy,-272.0706,4776.8714,-187.60983038000006,59.58851419999996,-0.13215442641580238,5.509568705867046
Defect_L7_B171_el4867_H4_W4.npy,-272.072,4776.89263,-183.8793298999999,90.25016000000005,-0.1558692378635428,5.308082945936326
Defect_L7_B172_el5155_H4_W4.npy,-272.2208,4775.51516,-401.7273319999997,173.99099999999999,-0.09882533710373546,10.946018249439316
Defect_L7_B173_el5159_H4_W4.npy,-272.18420000000003,4774.980280000001,-423.2148926,106.89852599999995,-0.07607023312972472,11.335653715613278
Defect_L7_B174_el5163_H4_W4.npy,-272.07770000000005,4773.90009,-442.3959508999999,116.08615320000013,-0.020346793414036352,11.811162820021929
Defect_L7_B175_el5167_H4_W4.npy,-271.30339999999995,4772.15567,-482.82342089999975,134.08535314000028,0.07590858196742852,12.823785331496028
Defect_L7_B176_el5187_H4_W4.npy,-272.4771,4776.260130000001,-625.3780030999999,172.83821199999966,0.3722812593034904,17.079268197299648
Defect_L7_B177_el5191_H4_W4.npy,-272.3082,4777.44823,-508.0134290799999,160.9529652999995,0.17922713394247697,14.32081075616813
Defect_L7_B178_el5195_H4_W4.npy,-272.2352,4778.32549,-439.31903020999994,136.5862854899999,0.033488575094791126,12.424903789084956
Defect_L7_B179_el5199_H4_W4.npy,-272.20459999999997,4778.829589999999,-393.32751400000006,117.70275850000007,-0.06003942207676659,11.043112577081747
Defect_L7_B17_el463_H4_W4.npy,-272.1552,4775.44775,-533.4124018,114.43578400000024,0.003176074169892204,14.32791017256385
Defect_L7_B180_el5203_H4_W4.npy,-272.1938,4779.12416,-349.65824510000016,158.03655999999978,-0.11030694351841723,9.860719745108403
Defect_L7_B181_el5491_H4_W4.npy,-272.03130000000004,4774.18789,-469.263504,211.45807999999988,-0.027565977661209218,12.841487015153316
Defect_L7_B182_el5495_H4_W4.npy,-272.04,4774.0604299999995,-498.0558839999999,127.46796599999993,-0.02571745260071717,13.38803839129154
Defect_L7_B183_el5499_H4_W4.npy,-272.06039999999996,4773.81267,-514.1350435600002,113.68140449999987,-0.013209921020147687,13.7671937983566
Defect_L7_B184_el5503_H4_W4.npy,-271.7366,4773.55259,-530.7999947000001,113.43195689999993,0.0032408969264908494,14.23028576807576
Defect_L7_B185_el5507_H4_W4.npy,-271.37969999999996,4776.225839999999,-549.5890322,113.41240840000046,0.024715558306491164,14.819069830904827
Defect_L7_B186_el5511_H4_W4.npy,-275.0494,4762.508129999999,-554.2243656499998,112.60418740000023,0.04443280560280473,14.891571173854325
Defect_L7_B187_el5515_H4_W4.npy,-269.7111,4781.42893,-543.0391090999997,108.28289559999985,0.055911176982302885,14.553184910227017
Defect_L7_B188_el5519_H4_W4.npy,-272.54859999999996,4774.5645,-537.0963299,109.91411059999996,0.0494817028374553,14.340061677983028
Defect_L7_B189_el5523_H4_W4.npy,-272.42190000000005,4775.4034599999995,-532.3595296000001,112.55318429999988,0.03618959391587315,14.238583348502358
Defect_L7_B18_el467_H4_W4.npy,-272.1575,4775.44762,-531.2691356000003,111.78226399999994,0.0035667605644315818,14.249418450540418
Defect_L7_B190_el5527_H4_W4.npy,-272.3443,4776.27888,-528.2603156,117.1097858999999,0.022772036541285616,14.15476036593624
Defect_L7_B191_el5531_H4_W4.npy,-272.3153,4777.15924,-516.5995510599998,117.63557160000005,0.006072406645658522,13.897072564816387
Defect_L7_B192_el5535_H4_W4.npy,-272.3016,4777.958,-498.45477430000005,123.72669099999985,-0.012615987908305183,13.489877419183774
Defect_L7_B193_el5539_H4_W4.npy,-272.2959,4778.57534,-465.8125429999998,209.90192000000002,-0.022446017005164066,12.843979998426345
Defect_L7_B194_el5827_H4_W4.npy,-272.07300000000004,4774.462680000001,-476.9781999999998,217.85510999999997,-0.007769688626653759,13.078278351876637
Defect_L7_B195_el5831_H4_W4.npy,-272.08259999999996,4774.40561,-504.9019530000003,131.3248950000002,-0.009219848387390855,13.601914818130512
Defect_L7_B196_el5835_H4_W4.npy,-272.10900000000004,4774.326499999999,-517.5398840799999,116.73950699999978,-0.003425485068018111,13.887955990679973
Defect_L7_B197_el5839_H4_W4.npy,-271.9246,4774.28833,-527.1415005999997,112.77946820000011,0.0035508885676366793,14.141350417760075
Defect_L7_B198_el5843_H4_W4.npy,-271.61010000000005,4776.49362,-534.6271741,111.68232070000022,0.010140414827973817,14.343759926497619
Defect_L7_B199_el5847_H4_W4.npy,-273.93280000000004,4768.66206,-534.3707909999998,109.62400679999996,0.013691015165191334,14.302700938884833
Defect_L7_B19_el471_H4_W4.npy,-272.15840000000003,4775.437379999999,-527.5836975,110.0409380999995,0.003379715158814289,14.139569552422495
Defect_L7_B1_el115_H4_W4.npy,-272.1558,4775.45708,-559.241734,244.66455000000042,0.0053574540343493135,15.741275714078728
Defect_L7_B200_el5851_H4_W4.npy,-270.744,4779.55513,-529.1687782000001,107.4848513999998,0.014866689102031549,14.122241308813537
Defect_L7_B201_el5855_H4_W4.npy,-272.4273,4775.188719999999,-525.5313461999999,109.4669143000001,0.01139877791437379,14.005939954963894
Defect_L7_B202_el5859_H4_W4.npy,-272.33189999999996,4775.456679999999,-524.5393629,110.84211320000009,0.011043154812918022,13.987794335505196
Defect_L7_B203_el5863_H4_W4.npy,-272.2821,4775.76801,-524.8808882999997,112.72150099999976,0.009103523180642137,14.024482833219269
Defect_L7_B204_el5867_H4_W4.npy,-272.25829999999996,4776.07584,-523.5663538000001,117.70079999999962,0.005341203762732691,14.038856365998202
Defect_L7_B205_el5871_H4_W4.npy,-272.2446,4776.39348,-517.138007,133.70974400000023,0.0012029677277785413,13.9574195960374
Defect_L7_B206_el5875_H4_W4.npy,-272.2393,4776.63036,-492.9540179999999,226.14786000000004,0.004207280936485606,13.566637688520137
Defect_L7_B207_el6163_H4_W4.npy,-272.1209,4774.848489999999,-469.662147,214.92968999999994,-0.0028596195340556524,12.89290178283298
Defect_L7_B208_el6167_H4_W4.npy,-272.1288,4774.78716,-497.6193065,128.92240100000004,-0.005224402321424245,13.41561076156636
Defect_L7_B209_el6171_H4_W4.npy,-272.1499,4774.6915,-510.3940560000001,114.64905199999998,-0.002107035979005091,13.700563304365135
Defect_L7_B20_el475_H4_W4.npy,-272.1572,4775.4372299999995,-522.86414464,108.61811520000015,0.003010954657681503,14.007212922133048
Defect_L7_B210_el6175_H4_W4.npy,-272.0427,4774.659619999999,-519.7728593999998,110.64289300000019,0.0015755453570660465,13.935176353119259
Defect_L7_B211_el6179_H4_W4.npy,-271.8275,4776.005169999999,-526.9882207999999,109.27724990000002,0.0046585070553796844,14.118050345153593
Defect_L7_B212_el6183_H4_W4.npy,-273.1469,4771.84808,-530.3423235999999,108.58540570000014,0.0059609691646746125,14.190020711827138
Defect_L7_B213_el6187_H4_W4.npy,-271.3544,4777.82568,-531.5519538399999,109.98266289999992,0.00575951606942242,14.202820463711012
Defect_L7_B214_el6191_H4_W4.npy,-272.3051,4775.43819,-532.8669953900003,111.96209430000022,0.004627408895760788,14.229893917005711
Defect_L7_B215_el6195_H4_W4.npy,-272.2599,4775.4482800000005,-534.7537050399999,113.98903500000006,0.006026623568799897,14.286798718255795
Defect_L7_B216_el6199_H4_W4.npy,-272.22889999999995,4775.505209999999,-536.5329421000001,116.71339699999999,0.00686811960954775,14.360083320945044
Defect_L7_B217_el6203_H4_W4.npy,-272.2095,4775.578130000001,-536.7728379999999,122.28435799999988,0.00675390521302439,14.413208906271585
Defect_L7_B218_el6207_H4_W4.npy,-272.1969,4775.6815799999995,-531.8951570000002,138.78677200000038,0.006078443438531523,14.369809508571644
Defect_L7_B219_el6211_H4_W4.npy,-272.18949999999995,4775.72448,-507.99004499999955,233.84501,0.010794529396206844,13.981008711706915
Defect_L7_B21_el479_H4_W4.npy,-272.1572,4775.43708,-517.4678431499999,107.36924950000025,0.0025399126955810737,13.860621536615405
Defect_L7_B22_el483_H4_W4.npy,-272.15709999999996,4775.4270400000005,-511.41648269999996,106.34148600000026,0.0017614824692375704,13.701115732918382
Defect_L7_B23_el487_H4_W4.npy,-272.1568,4775.42691,-504.4849867999999,105.75695919999998,0.0007029831815158464,13.526135322510557
Defect_L7_B24_el491_H4_W4.npy,-272.1565,4775.437,-496.16214950000017,108.88776799999982,-0.0006995102380287223,13.330079603589114
Defect_L7_B25_el495_H4_W4.npy,-272.1561,4775.43714,-484.3223998000001,123.30752400000006,-0.002459195472905806,13.07798414888444
Defect_L7_B26_el499_H4_W4.npy,-272.156,4775.437019999999,-457.378103,206.89366999999993,0.0012240904317520353,12.579734288648952
Defect_L7_B27_el787_H4_W4.npy,-272.1544,4775.46632,-488.0146900000002,223.36028999999985,0.0017777835478763851,13.431365368891688
Defect_L7_B28_el791_H4_W4.npy,-272.15569999999997,4775.45684,-512.7109429,132.7463700000003,-0.0015871603679820953,13.854960369321923
Defect_L7_B29_el795_H4_W4.npy,-272.15680000000003,4775.44744,-519.5235171999998,116.3792699999999,0.0016687887833582422,13.963258048646075
Defect_L7_B2_el119_H4_W4.npy,-272.15569999999997,4775.4572,-581.414501,146.2983750000003,0.003634723587318537,15.89965807111727
Defect_L7_B30_el799_H4_W4.npy,-272.155,4775.44798,-521.5948924900001,110.94295790000047,0.0036070355179745103,13.980645071358518
Defect_L7_B31_el803_H4_W4.npy,-272.1598,4775.44792,-521.8204626999998,108.55516019999982,0.004597026337353582,13.965463969219346
Defect_L7_B32_el807_H4_W4.npy,-272.16200000000003,4775.42733,-521.0383910999999,107.23103940000033,0.004880392926151266,13.932867541708033
Defect_L7_B33_el811_H4_W4.npy,-272.15819999999997,4775.41718,-519.5706555000002,106.35342909999986,0.004823404102123924,13.888436023114343
Defect_L7_B34_el815_H4_W4.npy,-272.1581,4775.41687,-517.6327961,105.8120687999999,0.004698908951289972,13.836963264164925
Defect_L7_B35_el819_H4_W4.npy,-272.157,4775.41658,-514.9271546999998,105.61131959999966,0.004033202278071889,13.771362692295725
Defect_L7_B36_el823_H4_W4.npy,-272.15560000000005,4775.41638,-510.96013700000003,107.21711489999984,0.002490911913800601,13.68113771232717
Defect_L7_B37_el827_H4_W4.npy,-272.1549,4775.42636,-505.21249350000016,112.06421600000021,2.7239725089918003e-05,13.558317421498806
Defect_L7_B38_el831_H4_W4.npy,-272.15520000000004,4775.43672,-495.43247199999996,127.40473499999985,-0.003646948894090553,13.362889531034945
Defect_L7_B39_el835_H4_W4.npy,-272.1549,4775.43671,-469.7626427,213.22622,-0.000771535203895372,12.899702794055848
Defect_L7_B3_el123_H4_W4.npy,-272.15549999999996,4775.45725,-578.1298549999997,129.28686000000016,0.003936858197374527,15.742831813466005
Defect_L7_B40_el1123_H4_W4.npy,-272.15340000000003,4775.46564,-482.9884059999997,221.3465100000003,-0.0005223509038530523,13.29086697107142
Defect_L7_B41_el1127_H4_W4.npy,-272.1559,4775.4564900000005,-507.5104340999999,131.4598840000001,-0.0034360407452382704,13.704387556589726
Defect_L7_B42_el1131_H4_W4.npy,-272.1569,4775.44755,-514.5851071,115.27032200000008,0.0010839054508583858,13.818636365623414
Defect_L7_B43_el1135_H4_W4.npy,-272.15439999999995,4775.44834,-517.1383851999999,109.89998100000025,0.0038604008961339474,13.848036799581182
Defect_L7_B44_el1139_H4_W4.npy,-272.1634,4775.4481,-518.1872260999999,107.59888730000011,0.0053116997504438455,13.854329616456285
Defect_L7_B45_el1143_H4_W4.npy,-272.1652,4775.40725,-518.6512839999998,106.36345160000042,0.005714355575081509,13.855306606715178
Defect_L7_B46_el1147_H4_W4.npy,-272.1594,4775.397019999999,-518.8333067000001,105.60123580000004,0.005799223568942409,13.856983424199635
Defect_L7_B47_el1151_H4_W4.npy,-272.1582,4775.396449999999,-518.8068724,105.29806129999952,0.005881989623259916,13.860481386873289
Defect_L7_B48_el1155_H4_W4.npy,-272.1571,4775.39607,-517.7342529,106.4490181000001,0.005214051394255339,13.842880494388218
Defect_L7_B49_el1159_H4_W4.npy,-272.1554,4775.40557,-514.8706837,108.55914469999993,0.0030586383051403997,13.784829246769567
Defect_L7_B4_el127_H4_W4.npy,-272.1551,4775.45741,-569.1480459999998,124.09644972999968,0.003718846837103004,15.506053016664444
Defect_L7_B50_el1163_H4_W4.npy,-272.15340000000003,4775.40551,-509.9159446599999,113.57748599999968,-0.00038795468964705326,13.683613002404186
Defect_L7_B51_el1167_H4_W4.npy,-272.1534,4775.426,-500.6498401000001,129.11737600000015,-0.00530306925847967,13.501520981796665
Defect_L7_B52_el1171_H4_W4.npy,-272.15299999999996,4775.43611,-475.1942884,215.73027000000002,-0.0029234773022316154,13.046067279281232
Defect_L7_B53_el1459_H4_W4.npy,-272.15380000000005,4775.46497,-480.37582780000025,220.45668999999953,-0.0023591167454974013,13.236955043292816
Defect_L7_B54_el1463_H4_W4.npy,-272.1565,4775.45614,-504.6808576000001,130.8463810000003,-0.00480923161578298,13.640174178737722
Defect_L7_B55_el1467_H4_W4.npy,-272.1586,4775.44757,-511.8128133,114.77326000000016,0.0006374074550343196,13.755440202360285
Defect_L7_B56_el1471_H4_W4.npy,-272.15369999999996,4775.44888,-514.4748383000001,109.49528420000001,0.004197536052287851,13.787016779945352
Defect_L7_B57_el1475_H4_W4.npy,-272.16909999999996,4775.44848,-515.7942647,107.24740109999993,0.005960605686399546,13.799155440922314
Defect_L7_B58_el1479_H4_W4.npy,-272.1713,4775.37692,-517.0402551000002,106.0371753999998,0.00624596077642341,13.820231982896884
Defect_L7_B59_el1483_H4_W4.npy,-272.161,4775.37698,-518.7230656000002,105.2302222999997,0.0065722536658927395,13.864124889614859
Defect_L7_B5_el131_H4_W4.npy,-272.15549999999996,4775.4574,-558.6745289999999,121.04436980999981,0.0029852455075520044,15.232959819419245
Defect_L7_B60_el1487_H4_W4.npy,-272.1595,4775.38612,-520.5458390000001,105.73243100000013,0.006835416006734841,13.923930394189503
Defect_L7_B61_el1491_H4_W4.npy,-272.1576,4775.3853,-520.4615792,107.21681530000023,0.006285454010083967,13.941361893315923
Defect_L7_B62_el1495_H4_W4.npy,-272.1525,4775.3741,-517.6427652,109.36072519999993,0.003495012004636285,13.88577822103733
Defect_L7_B63_el1499_H4_W4.npy,-272.15,4775.38385,-512.4801902300001,114.34564279999995,-0.0009641390214846311,13.776443581376325
Defect_L7_B64_el1503_H4_W4.npy,-272.1497,4775.40457,-502.95153559999994,129.86673799999994,-0.007063660289780469,13.5843284472805
Defect_L7_B65_el1507_H4_W4.npy,-272.1501,4775.424910000001,-477.2040072,216.6987099999999,-0.005315681585305892,13.120841372622493
Defect_L7_B66_el1795_H4_W4.npy,-272.1574,4775.464660000001,-474.0582571,221.68844999999988,-0.004296740297684056,13.064849652664897
Defect_L7_B67_el1799_H4_W4.npy,-272.1612,4775.4561300000005,-498.4928708,130.86813900000016,-0.00626957689635065,13.472753704774448
Defect_L7_B68_el1803_H4_W4.npy,-272.1639,4775.437999999999,-506.0443514899998,115.36762760000033,0.0002028161053574697,13.599789975137258
Defect_L7_B69_el1807_H4_W4.npy,-272.152,4775.43975,-508.91768749999983,110.45737550000013,0.004846274288314109,13.637916147345377
Defect_L7_B6_el135_H4_W4.npy,-272.1561,4775.45729,-547.7275469999997,118.28608780000013,0.001892429907250622,14.940749355900444
Defect_L7_B70_el1811_H4_W4.npy,-272.1781,4775.45892,-510.1341113000001,108.52598459999967,0.0071307180023734585,13.646139608134467
Defect_L7_B71_el1815_H4_W4.npy,-272.1791,4775.33607,-511.92506589999994,107.45890359999999,0.006875822073094975,13.675950080346418
Defect_L7_B72_el1819_H4_W4.npy,-272.16380000000004,4775.36694,-515.6009199999999,106.46907239999996,0.007535874229535296,13.77271476730875
Defect_L7_B73_el1823_H4_W4.npy,-272.15950000000004,4775.36582,-520.1889901,107.6478383000001,0.007809313100086029,13.918732466885936
Defect_L7_B74_el1827_H4_W4.npy,-272.1569,4775.36437,-520.4814140000001,109.3768150000003,0.007361156563736085,13.963615196736011
Defect_L7_B75_el1831_H4_W4.npy,-272.14829999999995,4775.352019999999,-516.4310676999999,111.1665402000001,0.003338147758140938,13.871301880860907
Defect_L7_B76_el1835_H4_W4.npy,-272.1435,4775.3613,-510.3088093000001,115.76246660000015,-0.0025260823869548248,13.728805830900404
Defect_L7_B77_el1839_H4_W4.npy,-272.1439,4775.392239999999,-500.22272009999983,130.82840299999998,-0.009514574223574634,13.517221701719892
Defect_L7_B78_el1843_H4_W4.npy,-272.1441,4775.40272,-474.07710380000003,219.0825199999997,-0.007868819125850333,13.038767402189253
Defect_L7_B79_el2131_H4_W4.npy,-272.16859999999997,4775.4548,-463.6776097000002,215.91453999999976,-0.017131983773546054,12.782117992477362
Defect_L7_B7_el139_H4_W4.npy,-272.1562,4775.44725,-536.4828140000002,115.6704491000005,0.0006904663442905124,14.634880246603087
Defect_L7_B80_el2135_H4_W4.npy,-272.1723,4775.45662,-491.97858529999985,127.3440579999999,-0.013390035573712617,13.304876665837144
Defect_L7_B81_el2139_H4_W4.npy,-272.1732,4775.44934,-504.544445,112.77770060000012,-0.0003160424595315546,13.575089619037646
Defect_L7_B82_el2143_H4_W4.npy,-272.15000000000003,4775.46237,-511.5368817999997,110.59227870000018,0.010787429066653361,13.728628883888586
Defect_L7_B83_el2147_H4_W4.npy,-272.19379999999995,4775.50088,-513.9304739999998,108.51991550000002,0.017618581509882793,13.774319136251169
Defect_L7_B84_el2151_H4_W4.npy,-272.19,4775.255050000001,-516.2739021999998,108.3618111000003,0.01986420508982981,13.800987100375266
Defect_L7_B85_el2155_H4_W4.npy,-272.1642,4775.3572699999995,-522.4094265499998,107.0398597000003,0.021864240534802376,13.961403379742627
Defect_L7_B86_el2159_H4_W4.npy,-272.1551,4775.3552899999995,-531.7253864000002,109.07648730000028,0.019075995761175604,14.244793851357837
Defect_L7_B87_el2163_H4_W4.npy,-272.15029999999996,4775.3525199999995,-528.5275537999999,110.13860620000014,0.014409014411739309,14.23158043049566
Defect_L7_B88_el2167_H4_W4.npy,-272.13599999999997,4775.3283200000005,-519.1164609000002,111.08890380000003,0.0037690356429920194,13.957394197759953
Defect_L7_B89_el2171_H4_W4.npy,-272.1299,4775.33698,-509.6502789000001,114.48318929999982,-0.00711711368899189,13.708467100151308
Defect_L7_B8_el143_H4_W4.npy,-272.15720000000005,4775.44725,-524.829385,113.14275260000022,-0.0005099619566855733,14.31432735192421
Defect_L7_B90_el2175_H4_W4.npy,-272.1302,4775.3579899999995,-497.6903603999999,129.29428799999982,-0.017198018240490488,13.442066505950928
Defect_L7_B91_el2179_H4_W4.npy,-272.1314,4775.378750000001,-470.745101,216.88698999999997,-0.017198987451966734,12.942439826000175
Defect_L7_B92_el2467_H4_W4.npy,-272.1771,4775.421740000001,-412.35137359999976,190.76161000000025,-0.07595950185556045,11.394520749811726
Defect_L7_B93_el2471_H4_W4.npy,-272.1759,4775.484289999999,-450.3784807000002,114.01591399999961,-0.0542635211854096,12.248933693098039
Defect_L7_B94_el2475_H4_W4.npy,-272.1709,4775.58161,-483.33879639999986,117.5904436000003,-0.009840986211448324,13.118104610246716
Defect_L7_B95_el2479_H4_W4.npy,-272.122,4775.7546999999995,-523.0818400999999,126.30241769999975,0.05056920540976639,14.193727196687574
Defect_L7_B96_el2499_H4_W4.npy,-272.11499999999995,4775.44693,-549.3273647700003,126.66416299999992,0.05461374768216865,14.853311421960438
Defect_L7_B97_el2503_H4_W4.npy,-272.1132,4775.425069999999,-511.48272380000003,121.10157329999993,0.007424684685548633,13.64304340372054
Defect_L7_B98_el2507_H4_W4.npy,-272.1138,4775.39452,-487.5503527999999,114.02528849999999,-0.02821884157912782,13.015105204174118
Defect_L7_B99_el2511_H4_W4.npy,-272.1165,4775.374790000001,-470.55709760000013,117.74592499999994,-0.050862842802317454,12.63154074717162
Defect_L7_B9_el147_H4_W4.npy,-272.15720000000005,4775.447279999999,-512.5502109999998,110.67828520000012,-0.0016821654096176998,13.973288347508321
Defect_L8_B100_el2515_H4_W4.npy,-272.11129999999997,4775.33234,-427.0355397000001,182.9385299999999,-0.05717239511678272,11.642336753162155
Defect_L8_B101_el2803_H4_W4.npy,-272.1744,4775.28744,-312.9064551,147.49045000000024,-0.15355009619832138,8.643088908641099
Defect_L8_B102_el2807_H4_W4.npy,-272.17810000000003,4775.33045,-313.39817971,88.24663310000005,-0.15815648956960968,8.546843249523
Defect_L8_B103_el2811_H4_W4.npy,-272.1737,4775.41614,-292.34238429999994,79.91112720000001,-0.15002547369127955,8.093561326113077
Defect_L8_B104_el2815_H4_W4.npy,-272.1084,4775.72209,-272.13181940000015,81.30181010000001,-0.10021154454253138,7.535106188968524
Defect_L8_B105_el2835_H4_W4.npy,-272.0274,4775.92191,-199.07732080000005,106.24311509999995,0.18479977559292393,6.482837227872652
Defect_L8_B106_el2839_H4_W4.npy,-272.1032,4775.738,-262.3258908999999,77.61950000000002,-0.06015533582289213,7.352722649605788
Defect_L8_B107_el2843_H4_W4.npy,-272.1276,4775.53027,-307.30927418999977,73.56609120000007,-0.12715694887246654,8.397954131509007
Defect_L8_B108_el2847_H4_W4.npy,-272.12899999999996,4775.39769,-336.34067460000006,86.36064899999997,-0.14318750558324073,9.055613530436359
Defect_L8_B109_el2851_H4_W4.npy,-272.1189,4775.302839999999,-339.84624689999987,149.03871000000026,-0.1407756463245237,9.276560427544485
Defect_L8_B10_el151_H4_W4.npy,-272.1571,4775.44752,-490.340547,105.00796729999979,-0.004966234030533812,13.291263063376954
Defect_L8_B110_el3139_H4_W4.npy,-272.1755,4775.20828,-371.0819700000002,160.64409999999998,-0.1116782820433868,10.128939307858584
Defect_L8_B111_el3143_H4_W4.npy,-272.2006,4775.1247,-375.0570631999999,90.20014200000014,-0.10066694877757104,10.110139468201421
Defect_L8_B112_el3147_H4_W4.npy,-272.21639999999996,4774.87615,-365.2026592999998,1499.4454000000005,0.056891733564503326,16.151900518574877
Defect_L8_B113_el3151_H4_W4.npy,-272.073,4774.55261,-356.00198309999996,1505.1716999999999,0.18820455117846,16.241943130132313
Defect_L8_B114_el3171_H4_W4.npy,-272.4921,4774.31577,-490.92603209999993,1551.4485000000004,0.5628182096798371,19.231510024253122
Defect_L8_B115_el3175_H4_W4.npy,-272.2018,4774.42297,-396.1994514999999,1511.3393999999998,0.19803449962249656,17.28789505896056
Defect_L8_B116_el3179_H4_W4.npy,-272.1099,4774.69419,-367.90113141000006,103.35094320000007,-0.06416642473137377,10.464301936003366
Defect_L8_B117_el3183_H4_W4.npy,-272.09999999999997,4774.93888,-355.49572980000016,94.27704699999981,-0.12258366089778436,9.847857405398475
Defect_L8_B118_el3187_H4_W4.npy,-272.1095,4775.08744,-334.79458520000003,151.76863000000003,-0.13827130087418527,9.291526007438154
Defect_L8_B119_el3475_H4_W4.npy,-272.1968,4775.30774,-435.5902517000002,192.03309000000013,-0.044876143977592826,11.904116633796141
Defect_L8_B11_el155_H4_W4.npy,-272.1571,4775.44743,-475.3348159999998,102.83050300000014,-0.005021566020049179,12.858306267335443
Defect_L8_B120_el3479_H4_W4.npy,-272.2022,4775.29904,-459.8639360999998,111.83689300000015,-0.04099020795512168,12.334608079376512
Defect_L8_B121_el3483_H4_W4.npy,-272.1921,4775.26223,-474.8256687000003,104.38475819999985,-0.018037711461832667,12.67891936680155
Defect_L8_B122_el3487_H4_W4.npy,-271.88530000000003,4775.413229999999,-491.3666081000001,105.8772433500003,0.009986789256339933,13.114037288199334
Defect_L8_B123_el3491_H4_W4.npy,-272.2471,4777.072270000001,-514.9940172500001,103.24762899999996,0.027946978603472176,13.795110586606276
Defect_L8_B124_el3495_H4_W4.npy,-273.0396,4773.57944,-530.5707802999998,104.65519414999972,0.057045421686444754,14.236250741941504
Defect_L8_B125_el3499_H4_W4.npy,-271.5648,4774.6056100000005,-518.4433771999998,96.11198100000047,0.09165063044396751,14.078119278423712
Defect_L8_B126_el3503_H4_W4.npy,-272.23789999999997,4775.994070000001,-537.6910522599999,101.31069998000021,0.07500751460227181,14.452281652980478
Defect_L8_B127_el3507_H4_W4.npy,-272.235,4775.1735100000005,-539.0330893999999,113.2674949000002,0.05839620691504089,14.56592518262379
Defect_L8_B128_el3511_H4_W4.npy,-272.128,4774.90668,-519.5823425999997,119.95845269999973,0.039392468149181036,14.09050248103469
Defect_L8_B129_el3515_H4_W4.npy,-272.0722,4774.88846,-490.6958717,115.36814739999954,-0.0032083737439903685,13.293316593322496
Defect_L8_B12_el159_H4_W4.npy,-272.1561,4775.4373,-457.1808660000004,103.2826722000002,-0.004056819230412858,12.344985540473246
Defect_L8_B130_el3519_H4_W4.npy,-272.06829999999997,4774.9900800000005,-460.10512189999986,111.23288100000013,-0.04226859870517918,12.46893514753219
Defect_L8_B131_el3523_H4_W4.npy,-272.0829,4775.07885,-422.15514929999995,181.82703000000015,-0.0595020934139365,11.58676936521788
Defect_L8_B132_el3811_H4_W4.npy,-272.2737,4775.38896,-412.7631126000001,183.01658999999972,-0.0677480897667703,11.343682185000379
Defect_L8_B133_el3815_H4_W4.npy,-272.2379,4775.46887,-452.45229760000007,111.66780799999992,-0.047800544560612356,12.23008284882864
Defect_L8_B134_el3819_H4_W4.npy,-272.1841,4775.592180000001,-484.9649955,110.46570769999994,-0.007924162859552237,13.077472049591089
Defect_L8_B135_el3823_H4_W4.npy,-271.7422,4775.8773599999995,-513.5976697000001,113.12725060999946,0.03291086722269276,13.843299020074848
Defect_L8_B136_el3827_H4_W4.npy,-272.2795,4778.23834,-530.8514906900002,110.83046719999993,0.05805017673133594,14.309994711414443
Defect_L8_B137_el3831_H4_W4.npy,-273.63539999999995,4771.89235,-540.2505583,103.05673660999992,0.09198478321994653,14.49744676895867
Defect_L8_B138_el3835_H4_W4.npy,-271.2839,4774.58667,-528.1551018999999,1452.0160000000005,0.22157400661316093,18.911930331318715
Defect_L8_B139_el3839_H4_W4.npy,-272.0799,4776.32559,-551.7440732999999,104.28966648199957,0.06633141182630072,14.819998572058841
Defect_L8_B13_el163_H4_W4.npy,-272.1561,4775.43703,-427.16641200000004,166.02504000000022,-0.0009071422297635898,11.73025672486526
Defect_L8_B140_el3843_H4_W4.npy,-272.118,4775.37826,-533.7955266180004,1474.4237000000003,0.1427537018067355,19.067147923968005
Defect_L8_B141_el3847_H4_W4.npy,-272.0565,4775.28952,-502.4406791000001,110.92975868199983,0.0043303126613200415,13.44400922276881
Defect_L8_B142_el3851_H4_W4.npy,-272.028,4775.26956,-478.8424346999998,107.75909969999998,-0.027808121279938817,12.788910284663482
Defect_L8_B143_el3855_H4_W4.npy,-272.0181,4775.25515,-459.05999199999997,109.24711899999988,-0.051942457751542694,12.303565582231359
Defect_L8_B144_el3859_H4_W4.npy,-272.01820000000004,4775.224810000001,-431.5947500000002,185.44138999999973,-0.056836741506261786,11.76743295436296
Defect_L8_B145_el4147_H4_W4.npy,-272.3005,4775.54461,-275.0296824999999,129.39492100000018,-0.1518328125626961,7.803516370753225
Defect_L8_B146_el4151_H4_W4.npy,-272.1732,4775.623610000001,-310.4436672999997,94.79108029999986,-0.10423616120993628,8.893575467481398
Defect_L8_B147_el4155_H4_W4.npy,-271.9786,4775.92348,-346.74998129999994,112.15839549999964,0.0071387238769958445,10.269461882014241
Defect_L8_B148_el4159_H4_W4.npy,-271.363,4776.843129999999,-405.2704798000002,137.63181500000064,0.22656557746374897,12.188998162867808
Defect_L8_B149_el4179_H4_W4.npy,-271.88890000000004,4776.41504,-434.5410488,143.9760299999998,0.5327946939682482,12.035363585336148
Defect_L8_B14_el451_H4_W4.npy,-272.15599999999995,4775.45688,-482.6673800000001,212.53411999999958,0.004876019154360155,13.256966049980045
Defect_L8_B150_el4183_H4_W4.npy,-272.175,4776.18918,-352.82305232,136.30583069999966,0.17433235675764497,10.010345473565604
Defect_L8_B151_el4187_H4_W4.npy,-272.14180000000005,4775.83558,-336.3331068,108.4467416,-0.019601560229394098,9.377278142126853
Defect_L8_B152_el4191_H4_W4.npy,-272.0701,4775.63288,-340.11756820000005,91.64085479999994,-0.11050405964439186,9.205042101193174
Defect_L8_B153_el4195_H4_W4.npy,-272.0138,4775.498259999999,-335.977398,139.91778,-0.1423499670554151,9.142851376034274
Defect_L8_B154_el4483_H4_W4.npy,-272.42470000000003,4775.86076,-153.5203009,76.23949199999993,-0.16377209829453834,4.287327676656445
Defect_L8_B155_el4487_H4_W4.npy,-272.3349,4775.634239999999,-148.35371156000002,45.76444609999999,-0.14982808048448157,4.135059262759009
Defect_L8_B156_el4491_H4_W4.npy,-272.1919,4775.38673,-130.07451806,40.893137000000024,-0.12197933505342222,3.7379316805689764
Defect_L8_B157_el4495_H4_W4.npy,-271.8976,4775.240680000001,-102.04488319600006,39.35081476999994,-0.07306015379196713,3.099437306800426
Defect_L8_B158_el4515_H4_W4.npy,-272.226,4775.4937,-57.273229000000015,38.80061099999995,0.04563192805868545,1.8927503118065958
Defect_L8_B159_el4519_H4_W4.npy,-272.1642,4775.521750000001,-74.28838139999993,44.86590189999998,-0.03671122643795191,2.6818910608543938
Defect_L8_B15_el455_H4_W4.npy,-272.15569999999997,4775.45702,-506.12124310000013,126.5056469999995,-0.0017184255415820231,13.684825113344894
Defect_L8_B160_el4523_H4_W4.npy,-272.1484,4775.68153,-114.00996379999998,44.52396220000003,-0.10541192996202998,3.552750297072281
Defect_L8_B161_el4527_H4_W4.npy,-272.11269999999996,4775.83374,-155.8958328999999,46.989271099999996,-0.151536935810008,4.362761146989985
Defect_L8_B162_el4531_H4_W4.npy,-272.0731,4775.91586,-177.92928449999988,82.83138999999983,-0.17598718151950146,4.920876447752674
Defect_L8_B163_el4819_H4_W4.npy,-272.5679,4776.7058799999995,-218.55239060000008,93.65236000000004,-0.16946630991806205,6.080744240170017
Defect_L8_B164_el4823_H4_W4.npy,-272.5023,4776.46222,-199.0807906,61.6653164999999,-0.13127834883382825,5.672651133785653
Defect_L8_B165_el4827_H4_W4.npy,-272.3755,4776.220829999999,-161.5557288000001,67.20946279999998,-0.05565733255128509,5.104136711280759
Defect_L8_B166_el4831_H4_W4.npy,-271.9609,4776.195610000001,-115.25157746999992,75.23679259999994,0.06606868746868477,4.552842806869833
Defect_L8_B167_el4851_H4_W4.npy,-272.18149999999997,4776.76713,-131.69749183499994,68.82374839999994,0.06388982425866263,4.172612245531671
Defect_L8_B168_el4855_H4_W4.npy,-272.0984,4777.03229,-165.07787719999988,76.06147299999998,-0.008016154996016149,5.296519615622043
Defect_L8_B169_el4859_H4_W4.npy,-272.07849999999996,4776.94558,-182.10092440000005,64.12052897800004,-0.08574863951778144,5.485587118819947
Defect_L8_B16_el459_H4_W4.npy,-272.1552,4775.45728,-512.1449139999997,109.64640899999995,-0.0003547508272061434,13.776122642207962
Defect_L8_B170_el4863_H4_W4.npy,-272.0727,4776.912979999999,-186.72544612000002,59.36256289999994,-0.1329937931536975,5.440138703400335
Defect_L8_B171_el4867_H4_W4.npy,-272.0748,4776.91418,-181.92834129999994,86.92730000000006,-0.15694706541931586,5.218359120732289
Defect_L8_B172_el5155_H4_W4.npy,-272.20480000000003,4775.623970000001,-386.5358739999999,159.42577000000006,-0.10103551854228217,10.477502051882912
Defect_L8_B173_el5159_H4_W4.npy,-272.1442,4775.10335,-404.70939869999984,97.79474340000002,-0.08046426604705165,10.805823395368593
Defect_L8_B174_el5163_H4_W4.npy,-271.9943,4774.0669800000005,-421.29792568999983,106.79609509999977,-0.025678885114920027,11.235511504000112
Defect_L8_B175_el5167_H4_W4.npy,-270.7886,4772.50175,-458.6660670000001,122.71517559999984,0.06727716539004264,12.181055597975696
Defect_L8_B176_el5187_H4_W4.npy,-272.4587,4776.31523,-617.9346368999998,166.79127000000017,0.3691383439422284,16.782211333459493
Defect_L8_B177_el5191_H4_W4.npy,-272.3076,4777.46504,-504.1495785000002,156.85007469999937,0.18425603660535916,14.12446161353672
Defect_L8_B178_el5195_H4_W4.npy,-272.2372,4778.35059,-435.18836824699997,133.11616569000057,0.03724359815071487,12.229866857956718
Defect_L8_B179_el5199_H4_W4.npy,-272.2074,4778.8531,-387.86348769999995,114.24018420000016,-0.05850565986905078,10.821454823976856
Defect_L8_B17_el463_H4_W4.npy,-272.1534,4775.45762,-512.719513,104.05838800000038,0.0002545902760275439,13.754640599187303
Defect_L8_B180_el5203_H4_W4.npy,-272.1989,4779.147150000001,-343.9273920000003,153.69408999999996,-0.10849294536565755,9.639763552438138
Defect_L8_B181_el5491_H4_W4.npy,-272.0262,4774.27008,-454.290518,196.0181399999999,-0.030407605158669023,12.351026893408699
Defect_L8_B182_el5495_H4_W4.npy,-272.02970000000005,4774.15999,-481.5703678,118.05327699999998,-0.03148610927664701,12.867178350659332
Defect_L8_B183_el5499_H4_W4.npy,-272.04200000000003,4773.92058,-497.8835308900002,103.81691000000001,-0.019200928829429163,13.252346013423262
Defect_L8_B184_el5503_H4_W4.npy,-271.46970000000005,4773.6976700000005,-515.4982548999999,103.2588536000003,-0.0021319248904938986,13.734344216706432
Defect_L8_B185_el5507_H4_W4.npy,-270.86260000000004,4778.5371,-536.4688417,106.80194870000014,0.021948628122725182,14.369486647551051
Defect_L8_B186_el5511_H4_W4.npy,-277.3834,4754.53753,-538.7192685029997,104.97160500000018,0.04344013761635187,14.406389079227095
Defect_L8_B187_el5515_H4_W4.npy,-268.02250000000004,4786.5660100000005,-523.4993903999998,98.18485220000002,0.05640434944830207,13.995906902934877
Defect_L8_B188_el5519_H4_W4.npy,-272.6411,4774.54933,-518.0890166999998,100.33645839999986,0.042567769156240255,13.79007570195789
Defect_L8_B189_el5523_H4_W4.npy,-272.4454,4775.42694,-515.3643463000001,102.8081814000002,0.030888733114553764,13.710284448278465
Defect_L8_B18_el467_H4_W4.npy,-272.15770000000003,4775.4574,-510.7652190000001,101.46096699999998,0.00026384926489750516,13.681668402793207
Defect_L8_B190_el5527_H4_W4.npy,-272.3484,4776.29723,-512.7490700000001,107.59170130000007,0.018284361786307497,13.657073698908809
Defect_L8_B191_el5531_H4_W4.npy,-272.3181,4777.13887,-502.40732121999986,108.44132739999964,0.0021537939655237297,13.4304071121523
Defect_L8_B192_el5535_H4_W4.npy,-272.3045,4777.93896,-485.1395356999999,115.89851999999996,-0.01574797273119293,13.04408905651017
Defect_L8_B193_el5539_H4_W4.npy,-272.3053,4778.54899,-454.53199299999983,194.80485999999996,-0.021773692609644502,12.446044521290695
Defect_L8_B194_el5827_H4_W4.npy,-272.06800000000004,4774.48324,-463.2008619999999,202.95281999999997,-0.010017378046492524,12.604918914890153
Defect_L8_B195_el5831_H4_W4.npy,-272.076,4774.433550000001,-490.01731600000016,122.29905300000019,-0.013711070950803475,13.10964624876836
Defect_L8_B196_el5835_H4_W4.npy,-272.0963,4774.3344799999995,-503.20216620999986,107.71468400000003,-0.007517590966963618,13.409715446846151
Defect_L8_B197_el5839_H4_W4.npy,-271.75849999999997,4774.30475,-513.7375565999998,104.04680119999989,0.0007913381030683212,13.683923654889028
Defect_L8_B198_el5843_H4_W4.npy,-271.35600000000005,4777.79702,-522.1703112,103.49100762000057,0.009167943196496574,13.90753488432464
Defect_L8_B199_el5847_H4_W4.npy,-275.2577,4764.07213,-520.6245782999997,101.5151027000004,0.012903436335388,13.841313239879506
Defect_L8_B19_el471_H4_W4.npy,-272.15880000000004,4775.436909999999,-507.2110494599999,99.81010949999973,-0.00021279586572149351,13.575271064657578
Defect_L8_B1_el115_H4_W4.npy,-272.1558,4775.45719,-547.725774,233.59807,0.004760863794268259,15.357558729067607
Defect_L8_B200_el5851_H4_W4.npy,-269.7362,4782.513690000001,-513.4712062000003,98.38123019999989,0.01396884264150629,13.627607371075788
Defect_L8_B201_el5855_H4_W4.npy,-272.4721,4775.24061,-509.6348159999998,100.48702649999996,0.007385371990108898,13.506066154114771
Defect_L8_B202_el5859_H4_W4.npy,-272.3456,4775.5027,-508.96251989999996,101.54513669999983,0.007737924578661324,13.488569508178102
Defect_L8_B203_el5863_H4_W4.npy,-272.28740000000005,4775.81966,-509.46514619999994,103.15195599999993,0.0057841939146845225,13.525142464296858
Defect_L8_B204_el5867_H4_W4.npy,-272.2625,4776.10718,-508.62302509999995,108.09108699999979,0.0018013140355545038,13.546780688026974
Defect_L8_B205_el5871_H4_W4.npy,-272.2494,4776.40502,-502.7901328999999,124.36353000000008,-0.0019693504155426905,13.475293216401345
Defect_L8_B206_el5875_H4_W4.npy,-272.2493,4776.60329,-480.60385699999983,210.42248000000018,0.004412122606077422,13.123382156461787
Defect_L8_B207_el6163_H4_W4.npy,-272.1171,4774.84805,-457.8121269999999,201.09452999999985,-0.0047823279789638426,12.45400326243606
Defect_L8_B208_el6167_H4_W4.npy,-272.1252,4774.77477,-484.90590810000003,120.56843400000002,-0.008518035133252496,12.9667843323626
Defect_L8_B209_el6171_H4_W4.npy,-272.14349999999996,4774.66946,-498.1739986,106.25304600000004,-0.005146121396577584,13.263503329131167
Defect_L8_B20_el475_H4_W4.npy,-272.1572,4775.437089999999,-502.653483157,98.5055563999997,-0.000598914126016148,13.446529642886915
Defect_L8_B210_el6175_H4_W4.npy,-271.9453,4774.64386,-508.19206551,102.45552399999997,-0.0005847661525671322,13.511777895592227
Defect_L8_B211_el6179_H4_W4.npy,-271.7191,4776.67143,-515.8318038,101.94839969999975,0.003515436692791727,13.703170103237902
Defect_L8_B212_el6183_H4_W4.npy,-273.8695,4769.34101,-518.4585706,100.47106429999985,0.004714115835485284,13.757966620702701
Defect_L8_B213_el6187_H4_W4.npy,-270.78229999999996,4779.40511,-518.6934332999999,101.7638638999997,0.004214161801447926,13.75243652952278
Defect_L8_B214_el6191_H4_W4.npy,-272.3172,4775.52124,-519.8240753300001,103.6180652999999,0.001705224490876646,13.775748361482277
Defect_L8_B215_el6195_H4_W4.npy,-272.2681,4775.49279,-521.6639117299999,105.40387599999985,0.0034565095053652566,13.8296625933242
Defect_L8_B216_el6199_H4_W4.npy,-272.23249999999996,4775.55697,-523.2361619000003,107.87668099999973,0.004166347517371605,13.896271620026386
Defect_L8_B217_el6203_H4_W4.npy,-272.2138,4775.619680000001,-523.4816541,113.35482600000023,0.003963730237483447,13.947225374018286
Defect_L8_B218_el6207_H4_W4.npy,-272.20079999999996,4775.70311,-518.8084290000002,130.11110800000006,0.0037165158583060383,13.905507664663514
Defect_L8_B219_el6211_H4_W4.npy,-272.1968,4775.706450000001,-496.3372539999998,219.28036999999995,0.010808966523748144,13.536828358402918
Defect_L8_B21_el479_H4_W4.npy,-272.15709999999996,4775.437199999999,-497.4701850926499,97.3138535999999,-0.0010076909836076702,13.304768481360979
Defect_L8_B22_el483_H4_W4.npy,-272.158,4775.437309999999,-491.61310507999997,96.3405017,-0.0014451385877144018,13.149951686963803
Defect_L8_B23_el487_H4_W4.npy,-272.1568,4775.43719,-484.77995020000003,95.83434799999986,-0.0023871061970020453,12.976629688749709
Defect_L8_B24_el491_H4_W4.npy,-272.1565,4775.437169999999,-476.4719104000003,98.46548499999972,-0.0037281722068143266,12.778850414320893
Defect_L8_B25_el495_H4_W4.npy,-272.15619999999996,4775.437169999999,-464.64869150000004,113.05869299999995,-0.005431761112194484,12.521836777837256
Defect_L8_B26_el499_H4_W4.npy,-272.1553,4775.43676,-439.35476000000017,189.54996000000006,-3.091991405101995e-05,12.03745682924813
Defect_L8_B27_el787_H4_W4.npy,-272.1559,4775.45646,-468.18019400000003,205.49072,0.002364924831000473,12.858450457050457
Defect_L8_B28_el791_H4_W4.npy,-272.1545,4775.45668,-490.8445423999997,122.03556999999955,-0.00420388856315532,13.251508560866265
Defect_L8_B29_el795_H4_W4.npy,-272.1539,4775.45729,-497.5004981999996,105.46865400000024,-0.0009273138875195145,13.361964374908737
Defect_L8_B2_el119_H4_W4.npy,-272.1556,4775.4572,-570.064995,139.4901030000001,0.0018825407518495375,15.52042533839805
Defect_L8_B30_el799_H4_W4.npy,-272.15160000000003,4775.45785,-499.49219934500024,100.03436690000058,0.000744854429428451,13.380046067159634
Defect_L8_B31_el803_H4_W4.npy,-272.1603,4775.45753,-499.6640488999999,97.64691870000001,0.0014569250447133732,13.364558111270759
Defect_L8_B32_el807_H4_W4.npy,-272.1619,4775.41657,-498.77881100000013,96.36522730000002,0.0013822896874543492,13.329672081488624
Defect_L8_B33_el811_H4_W4.npy,-272.1581,4775.41704,-497.2881246000002,95.55527529999995,0.0013443655198673808,13.284240373426563
Defect_L8_B34_el815_H4_W4.npy,-272.1579,4775.4170300000005,-495.52519499999994,95.01572969999961,0.0013262757119216235,13.236345334870194
Defect_L8_B35_el819_H4_W4.npy,-272.159,4775.41711,-493.02981449999993,94.7985418000003,0.0008694370434578363,13.175857513583216
Defect_L8_B36_el823_H4_W4.npy,-272.1577,4775.41692,-489.1544635999999,96.18221440000002,-0.000746388297798366,13.087071158487007
Defect_L8_B37_el827_H4_W4.npy,-272.156,4775.42677,-483.4305118000002,101.03359499999988,-0.0033589600066696234,12.962367255846727
Defect_L8_B38_el831_H4_W4.npy,-272.1554,4775.436879999999,-473.7107215000001,116.5089959999998,-0.007247634085131682,12.762238821977784
Defect_L8_B39_el835_H4_W4.npy,-272.1534,4775.426310000001,-450.0193270000002,194.6899599999997,-0.0017341888678535319,12.32684150113041
Defect_L8_B3_el123_H4_W4.npy,-272.1553,4775.45724,-567.5061229999997,124.43947170000047,0.0014684815259624416,15.378036647257609
Defect_L8_B40_el1123_H4_W4.npy,-272.1549,4775.45567,-463.3550439999999,203.4665399999999,0.00019718801423822816,12.726991951738857
Defect_L8_B41_el1127_H4_W4.npy,-272.1544,4775.4562,-485.5830165,120.66421500000001,-0.006383520222398926,13.099948727922017
Defect_L8_B42_el1131_H4_W4.npy,-272.1535,4775.45729,-492.40273492999995,104.2876490000001,-0.0018871636563929158,13.214450837072425
Defect_L8_B43_el1135_H4_W4.npy,-272.148,4775.45823,-494.78186230000006,98.92579210000008,0.0006632100171057492,13.242486952468528
Defect_L8_B44_el1139_H4_W4.npy,-272.1648,4775.46763,-495.68424719999985,96.63381159999972,0.002027288359531456,13.246374375019462
Defect_L8_B45_el1143_H4_W4.npy,-272.1679,4775.39618,-495.9232803,95.4309681000002,0.002171603280891425,13.242575459232086
Defect_L8_B46_el1147_H4_W4.npy,-272.1593,4775.39687,-496.0242948,94.71431050000024,0.002346291616453307,13.241782437367153
Defect_L8_B47_el1151_H4_W4.npy,-272.1588,4775.406739999999,-496.2974618999999,94.41243619999977,0.002656946065930971,13.251097747975841
Defect_L8_B48_el1155_H4_W4.npy,-272.15909999999997,4775.40678,-495.54629479999994,95.35521019999987,0.002217715060106954,13.241378949127803
Defect_L8_B49_el1159_H4_W4.npy,-272.1576,4775.40629,-492.7790838000001,97.44561469999985,-0.00018846793354585615,13.184674517834264
Defect_L8_B4_el127_H4_W4.npy,-272.1538,4775.4574,-559.0723699999996,120.31530828999985,0.0006485191635126968,15.15791771361745
Defect_L8_B50_el1163_H4_W4.npy,-272.1546,4775.40595,-487.7935006800001,102.42313699999977,-0.0038647036733819575,13.080482391725974
Defect_L8_B51_el1167_H4_W4.npy,-272.1537,4775.426170000001,-478.5751156000001,118.09085699999969,-0.0092223403397786,12.8931680048872
Defect_L8_B52_el1171_H4_W4.npy,-272.1516,4775.41535,-455.2493627000001,196.91649999999981,-0.0036009081907169504,12.472838266246452
Defect_L8_B53_el1459_H4_W4.npy,-272.1554,4775.46497,-460.8900679000001,202.64195999999993,-0.0015372492314672916,12.677609674003516
Defect_L8_B54_el1463_H4_W4.npy,-272.1548,4775.46584,-482.73776710000016,119.98288299999967,-0.008214904903048353,13.034741766835676
Defect_L8_B55_el1467_H4_W4.npy,-272.15459999999996,4775.45744,-489.52655978999996,103.74111599999992,-0.0027816036858694247,13.148603178147134
Defect_L8_B56_el1471_H4_W4.npy,-272.1434,4775.4688400000005,-491.94719310000005,98.46569049999994,0.0005623631828994302,13.17761642007119
Defect_L8_B57_el1475_H4_W4.npy,-272.1729,4775.47779,-493.05284959999994,96.26816739999958,0.0023114522961823207,13.186400868456706
Defect_L8_B58_el1479_H4_W4.npy,-272.1765,4775.345410000001,-493.9976769000002,95.10964009999998,0.002422119830124706,13.201669154903968
Defect_L8_B59_el1483_H4_W4.npy,-272.16089999999997,4775.36673,-495.6226214999999,94.3563592999999,0.003213954356269314,13.244173137466998
Defect_L8_B5_el131_H4_W4.npy,-272.1556,4775.45733,-548.9989830000002,117.4278933999999,-0.00046525614510159225,14.898893716427393
Defect_L8_B60_el1487_H4_W4.npy,-272.1587,4775.386460000001,-498.0730103000001,94.63143710000008,0.003939713513268629,13.315980661465026
Defect_L8_B61_el1491_H4_W4.npy,-272.1606,4775.386390000001,-498.5155085000001,96.1707164000004,0.0035071270002421037,13.3458670760946
Defect_L8_B62_el1495_H4_W4.npy,-272.1557,4775.37507,-495.7208248999998,98.25049420000028,0.000280091556097711,13.29036887025161
Defect_L8_B63_el1499_H4_W4.npy,-272.15139999999997,4775.384410000001,-490.44261929000004,103.15005680000013,-0.004684680186933195,13.175770701503223
Defect_L8_B64_el1503_H4_W4.npy,-272.15009999999995,4775.40473,-480.9030189,118.80156199999988,-0.011177071920925754,12.977155092542835
Defect_L8_B65_el1507_H4_W4.npy,-272.14790000000005,4775.40376,-457.3165876999999,197.78510000000028,-0.005800649816227171,12.551788680850917
Defect_L8_B66_el1795_H4_W4.npy,-272.1589,4775.46465,-455.6976331000001,204.4288100000001,-0.0036769827533560365,12.51799234165514
Defect_L8_B67_el1799_H4_W4.npy,-272.15909999999997,4775.46584,-477.57609560000014,120.34438899999986,-0.010041401924193168,12.878097509361213
Defect_L8_B68_el1803_H4_W4.npy,-272.157,4775.45791,-484.6872323,104.64774759999978,-0.00381226201103981,13.000976917657564
Defect_L8_B69_el1807_H4_W4.npy,-272.1373,4775.47995,-487.2033832999998,99.71974469999986,0.0006969825044457746,13.033575994582918
Defect_L8_B6_el135_H4_W4.npy,-272.1562,4775.45701,-538.3262289999998,114.81099140000015,-0.0016855740918025508,14.616845053465362
Defect_L8_B70_el1811_H4_W4.npy,-272.18640000000005,4775.50818,-488.0557788000001,97.84735669999986,0.002907728490094523,13.035391533027925
Defect_L8_B71_el1815_H4_W4.npy,-272.1875,4775.28389,-489.37830929999996,96.89178739999966,0.002834025988214968,13.057771076029741
Defect_L8_B72_el1819_H4_W4.npy,-272.1614,4775.34683,-493.0198257000002,95.88862159999985,0.004772002802961365,13.155926113112287
Defect_L8_B73_el1823_H4_W4.npy,-272.158,4775.36633,-498.8789448,97.05540670000005,0.005372922638008739,13.326279885164912
Defect_L8_B74_el1827_H4_W4.npy,-272.1608,4775.37575,-499.99520529999995,98.7113154000001,0.004909226974952725,13.389420674855678
Defect_L8_B75_el1831_H4_W4.npy,-272.1507,4775.35302,-495.76360959999965,100.3299915,9.63748801999786e-06,13.292139466591319
Defect_L8_B76_el1835_H4_W4.npy,-272.1449,4775.35175,-489.37651230000006,104.8284106000001,-0.006437170955065601,13.140826884746831
Defect_L8_B77_el1839_H4_W4.npy,-272.14340000000004,4775.37216,-479.2099398999999,120.01109399999996,-0.013732874597280656,12.921362432718967
Defect_L8_B78_el1843_H4_W4.npy,-272.1411,4775.381200000001,-455.17452000000003,200.40611999999987,-0.008303064638703271,12.478099647326752
Defect_L8_B79_el2131_H4_W4.npy,-272.1696,4775.45475,-446.4151055000002,199.57160999999996,-0.01635128119019491,12.265387124509182
Defect_L8_B7_el139_H4_W4.npy,-272.1562,4775.44723,-527.2896390000001,112.33544970000003,-0.0028723697108025614,14.31833679262023
Defect_L8_B80_el2135_H4_W4.npy,-272.1675,4775.466420000001,-472.18793660000006,117.22512800000004,-0.01722798127165533,12.73743365500458
Defect_L8_B81_el2139_H4_W4.npy,-272.164,4775.46942,-484.1365398999999,102.2979776000002,-0.004647876442598774,12.997410748426859
Defect_L8_B82_el2143_H4_W4.npy,-272.1248,4775.51303,-490.3582228999999,99.43550750000009,0.006007312591896064,13.134832641454985
Defect_L8_B83_el2147_H4_W4.npy,-272.21250000000003,4775.5799799999995,-491.75779850000004,97.41845379999995,0.012337534050336921,13.159045019033046
Defect_L8_B84_el2151_H4_W4.npy,-272.2049,4775.16151,-492.5797894,97.68334019999998,0.014973494221792873,13.163135015110848
Defect_L8_B85_el2155_H4_W4.npy,-272.1625,4775.33755,-498.3428401499998,95.73650139999972,0.020507480022533792,13.322660624105328
Defect_L8_B86_el2159_H4_W4.npy,-272.15299999999996,4775.36637,-510.4783723000003,98.89076860000023,0.01699986296801642,13.658919053313872
Defect_L8_B87_el2163_H4_W4.npy,-272.1549,4775.36415,-508.6585285999997,101.54325505999986,0.011305580019868103,13.670665846779386
Defect_L8_B88_el2167_H4_W4.npy,-272.1384,4775.31917,-498.5533897999999,100.40012609999985,-0.00039980202983183274,13.379097735018322
Defect_L8_B89_el2171_H4_W4.npy,-272.1313,4775.31716,-488.7910015000002,103.45597630000043,-0.011790056015400457,13.120817775519571
Defect_L8_B8_el143_H4_W4.npy,-272.15720000000005,4775.44727,-515.8142229999999,109.85233419999986,-0.003753835581617227,14.003640240744273
Defect_L8_B90_el2175_H4_W4.npy,-272.1297,4775.34765,-476.8430001999998,118.4232840000002,-0.02178859906225924,12.849386512509414
Defect_L8_B91_el2179_H4_W4.npy,-272.1275,4775.34682,-452.0888702,198.16255,-0.01778598817219946,12.387589345605893
Defect_L8_B92_el2467_H4_W4.npy,-272.1766,4775.4215300000005,-398.9496062999999,177.96911000000023,-0.07442890245085956,10.987414518435955
Defect_L8_B93_el2471_H4_W4.npy,-272.17030000000005,4775.50395,-435.6261543000003,109.78466299999991,-0.05557822810336208,11.813774871541417
Defect_L8_B94_el2475_H4_W4.npy,-272.1589,4775.6218,-468.67477010000016,111.14948079999999,-0.010910007266395043,12.68686467682075
Defect_L8_B95_el2479_H4_W4.npy,-272.08279999999996,4775.82613,-507.46824149999975,119.25085869999975,0.04838141336962513,13.738599480002666
Defect_L8_B96_el2499_H4_W4.npy,-272.114,4775.44684,-526.32312727,114.4721199999999,0.04328170985834111,14.213159416326663
Defect_L8_B97_el2503_H4_W4.npy,-272.1134,4775.4152300000005,-488.3079516999999,109.80614282999977,7.34354981642511e-05,13.00231904557693
Defect_L8_B98_el2507_H4_W4.npy,-272.1143,4775.384569999999,-465.58773329999985,103.47148920000018,-0.0338563953020014,12.403684253810612
Defect_L8_B99_el2511_H4_W4.npy,-272.116,4775.36444,-449.81565090000026,107.14963699999998,-0.055660982474883276,12.044082070968464
Defect_L8_B9_el147_H4_W4.npy,-272.15720000000005,4775.44741,-503.6187829999999,107.37588479999977,-0.004426683331156955,13.666155986800213
Defect_L9_B100_el2515_H4_W4.npy,-272.09979999999996,4775.22609,-365.8753984,152.93421999999987,-0.05509624326086728,10.153712410277176
Defect_L9_B101_el2803_H4_W4.npy,-272.1578,4775.3343,-270.5266088999999,128.25638000000026,-0.1359937992117412,7.6512508959192065
Defect_L9_B102_el2807_H4_W4.npy,-272.1606,4775.40882,-271.5992579,77.3999351,-0.14058350669789876,7.60405902825488
Defect_L9_B103_el2811_H4_W4.npy,-272.1552,4775.516430000001,-256.6470205799999,71.65636539999991,-0.12998032229520384,7.331146376119111
Defect_L9_B104_el2815_H4_W4.npy,-272.0755,4775.8243,-251.17012108000006,76.78364540000007,-0.0798270423738809,7.107636630210349
Defect_L9_B105_el2835_H4_W4.npy,-272.0424,4775.86455,-150.61194090000026,90.66518810000002,0.18502454944946933,5.25151850653054
Defect_L9_B106_el2839_H4_W4.npy,-272.1129,4775.6686500000005,-200.50931579999997,59.00488560000008,-0.05300302981637158,5.799870915217331
Defect_L9_B107_el2843_H4_W4.npy,-272.1296,4775.44876,-250.8612245999998,56.76605819999986,-0.1180881791375618,6.93575040292504
Defect_L9_B108_el2847_H4_W4.npy,-272.1234,4775.31391,-281.678275,70.17873400000008,-0.1333374818632444,7.6862314358632515
Defect_L9_B109_el2851_H4_W4.npy,-272.1065,4775.21652,-289.19578839999986,121.41541000000029,-0.12887104764479734,8.006755486333061
Defect_L9_B10_el151_H4_W4.npy,-272.1572,4775.44754,-438.7628430000002,102.0962821999999,-0.002649953666935869,12.153762400216763
Defect_L9_B110_el3139_H4_W4.npy,-272.1478,4775.2625499999995,-316.36224200000015,135.3979499999998,-0.1039557849149122,8.75595882340692
Defect_L9_B111_el3143_H4_W4.npy,-272.172,4775.220429999999,-313.5244531999999,74.31664599999999,-0.0987970628483073,8.550565736616857
Defect_L9_B112_el3147_H4_W4.npy,-272.1837,4775.03489,-297.08028319999994,78.0642776000002,-0.05473331160064567,8.21160165968539
Defect_L9_B113_el3151_H4_W4.npy,-272.0168,4774.80793,-283.0273262999999,1500.9404999999997,0.1692463947855835,15.038955803494623
Defect_L9_B114_el3171_H4_W4.npy,-272.5374,4774.4327,-472.74169340000003,1553.5856000000003,0.5840718691089349,19.24867534418211
Defect_L9_B115_el3175_H4_W4.npy,-272.22270000000003,4774.42027,-372.49699310000005,1512.0508,0.2237825280144759,17.115446212706345
Defect_L9_B116_el3179_H4_W4.npy,-272.11120000000005,4774.64445,-337.12454791999994,100.05878470000016,-0.04159266531210606,9.915551575491259
Defect_L9_B117_el3183_H4_W4.npy,-272.0902,4774.87464,-316.8659792000003,91.80488799999989,-0.10395922004487874,9.06645401299839
Defect_L9_B118_el3187_H4_W4.npy,-272.0911,4775.00985,-293.1459784000001,132.17064000000005,-0.12109200862722878,8.367792891195721
Defect_L9_B119_el3475_H4_W4.npy,-272.1464,4775.36704,-377.26316399999996,169.06855999999993,-0.04146335860692019,10.518166374652056
Defect_L9_B11_el155_H4_W4.npy,-272.1571,4775.44743,-423.72534700000006,99.72289899999987,-0.003737628524559158,11.704326914788199
Defect_L9_B120_el3479_H4_W4.npy,-272.1468,4775.4187600000005,-397.00167469999997,97.70768399999997,-0.04166649429749765,10.85960540487171
Defect_L9_B121_el3483_H4_W4.npy,-272.1218,4775.45301,-408.98305581,87.26920569999993,-0.022036612087054083,11.124797992656807
Defect_L9_B122_el3487_H4_W4.npy,-271.7294,4775.74007,-422.61130560000015,88.15931374999991,0.002322894394267304,11.483123896780889
Defect_L9_B123_el3491_H4_W4.npy,-272.2256,4777.827340000001,-444.23660585000016,84.62839399999984,0.017355056247219686,12.134663421517285
Defect_L9_B124_el3495_H4_W4.npy,-273.3203,4773.29256,-450.56683999999973,87.02022220000026,0.0486120151119063,12.46007334685943
Defect_L9_B125_el3499_H4_W4.npy,-271.5135,4774.26905,-434.2369868999999,77.47142570000005,0.08860671128708053,12.220743113302706
Defect_L9_B126_el3503_H4_W4.npy,-272.2987,4775.9861599999995,-462.1480222,93.03723330000003,0.06018905947784428,12.829604831303248
Defect_L9_B127_el3507_H4_W4.npy,-272.2767,4775.10746,-477.8146336,109.11216260000037,0.06494605299837253,13.247684642058344
Defect_L9_B128_el3511_H4_W4.npy,-272.14,4774.79074,-464.4434864,116.0898774999996,0.054678136627140744,12.953487146428085
Defect_L9_B129_el3515_H4_W4.npy,-272.0614,4774.76376,-437.0858900590001,111.19753499999979,0.010726966332183717,12.180375548908907
Defect_L9_B12_el159_H4_W4.npy,-272.1561,4775.4373,-405.3067550000003,103.62095780000027,-0.0038878733739202407,11.144312065240625
Defect_L9_B130_el3519_H4_W4.npy,-272.04569999999995,4774.8708799999995,-406.30924349999987,108.5559609999998,-0.03143863578711098,11.320825846214447
Defect_L9_B131_el3523_H4_W4.npy,-272.05310000000003,4774.97688,-369.3581959999999,161.7344800000003,-0.0498291043005894,10.395503451027237
Defect_L9_B132_el3811_H4_W4.npy,-272.2063,4775.45735,-363.6680120000001,174.7236499999999,-0.05578005321537069,10.262443774915917
Defect_L9_B133_el3815_H4_W4.npy,-272.1633,4775.60737,-401.1895488,110.92169100000001,-0.03648641846208804,11.138855675368118
Defect_L9_B134_el3819_H4_W4.npy,-272.0882,4775.82016,-432.18470718000003,105.34961070000031,0.004204932319117244,11.966483820256087
Defect_L9_B135_el3823_H4_W4.npy,-271.50829999999996,4776.2684,-456.92165709999995,106.09845489999998,0.04202197006192743,12.629958255972051
Defect_L9_B136_el3827_H4_W4.npy,-272.18829999999997,4779.345520000001,-465.3458434900001,98.83326230000034,0.05215992691862119,12.822653815808744
Defect_L9_B137_el3831_H4_W4.npy,-274.02680000000004,4771.03875,-459.8316017999998,1505.2165000000005,0.1873389439286273,17.974547493661042
Defect_L9_B138_el3835_H4_W4.npy,-271.1652,4774.19716,-442.64839489999963,1448.5497999999998,0.21760525476465187,17.49520050352616
Defect_L9_B139_el3839_H4_W4.npy,-272.15819999999997,4776.49498,-473.1901022999998,91.95398420000038,0.061536705718639874,13.117176246588073
Defect_L9_B13_el163_H4_W4.npy,-272.1553,4775.436909999999,-376.3393839999999,152.70164000000022,-0.0015596341738224157,10.433226615907945
Defect_L9_B140_el3843_H4_W4.npy,-272.1755,4775.296789999999,-468.2895759180001,1472.8050000000003,0.13172774925011324,18.021255492087196
Defect_L9_B141_el3847_H4_W4.npy,-272.06350000000003,4775.13106,-437.3078218999999,95.83607998199977,0.004870086544470092,11.954396454440403
Defect_L9_B142_el3851_H4_W4.npy,-272.0102,4775.101750000001,-414.9923223999999,92.92801309999982,-0.027432401077834328,11.314807778210586
Defect_L9_B143_el3855_H4_W4.npy,-271.99080000000004,4775.12425,-397.13632430000007,95.58499299999994,-0.05051235098816433,10.865496902982692
Defect_L9_B144_el3859_H4_W4.npy,-271.98629999999997,4775.12312,-373.2803960000001,158.07476999999972,-0.05324914626318137,10.368052291176909
Defect_L9_B145_el4147_H4_W4.npy,-272.2452,4775.5905299999995,-247.3636143,129.94553299999995,-0.13381910182052195,7.267592292977386
Defect_L9_B146_el4151_H4_W4.npy,-272.1227,4775.71154,-286.6463758999997,95.72595480000007,-0.08683472434345184,8.495561458707279
Defect_L9_B147_el4155_H4_W4.npy,-271.93440000000004,4776.02504,-328.8006520000001,108.73245679999991,0.026620165917930424,10.067108842083943
Defect_L9_B148_el4159_H4_W4.npy,-271.1857,4776.99244,-391.0895659,133.93381337000028,0.2504843853335818,12.190957207964422
Defect_L9_B149_el4179_H4_W4.npy,-271.9592,4776.30364,-343.3860679899999,122.11081399999966,0.4771742156664618,9.830709269419856
Defect_L9_B14_el451_H4_W4.npy,-272.1562,4775.44669,-417.3573520000002,184.37242000000037,0.008508816846980353,11.707229122083062
Defect_L9_B150_el4183_H4_W4.npy,-272.1867,4776.0505,-278.3306410800001,113.48075389999985,0.15128000523697455,7.959756433155631
Defect_L9_B151_el4187_H4_W4.npy,-272.1347,4775.73195,-270.6102389,87.47615270000006,-0.02502388706373482,7.5830109175556455
Defect_L9_B152_el4191_H4_W4.npy,-272.0568,4775.54816,-280.1587159999999,72.07374279999999,-0.10645687421679258,7.652764842782944
Defect_L9_B153_el4195_H4_W4.npy,-271.9977,4775.443810000001,-284.2729770000001,111.85417999999981,-0.13207960678215458,7.798562721451681
Defect_L9_B154_el4483_H4_W4.npy,-272.3672,4775.8323900000005,-132.96163070000006,65.25074100000006,-0.14683158217804845,3.807736115175901
Defect_L9_B155_el4487_H4_W4.npy,-272.2828,4775.63459,-129.67042409999993,40.57220399999994,-0.13513583343256844,3.7297247699106664
Defect_L9_B156_el4491_H4_W4.npy,-272.157,4775.4058,-119.56770172,37.62316850000002,-0.11165302422987465,3.4981611667294072
Defect_L9_B157_el4495_H4_W4.npy,-271.8483,4775.26131,-100.64753286000007,37.287732269999935,-0.07083475151901424,3.062419679894649
Defect_L9_B158_el4515_H4_W4.npy,-272.247,4775.53005,-52.725055999999995,37.42383849999999,0.06394682209667978,1.8421771253568668
Defect_L9_B159_el4519_H4_W4.npy,-272.1579,4775.54068,-60.539651400000025,39.22375910000005,-0.014995214126639237,2.1894333235906056
Defect_L9_B15_el455_H4_W4.npy,-272.1546,4775.45672,-438.62520270000005,114.73037729999987,0.0007878123669547487,12.141239231054346
Defect_L9_B160_el4523_H4_W4.npy,-272.1456,4775.69236,-83.00622120000003,35.85069030000011,-0.08287894731100424,2.7634697572669995
Defect_L9_B161_el4527_H4_W4.npy,-272.1105,4775.8252,-124.2792177,36.44769259999998,-0.13001943687460943,3.5207991615583523
Defect_L9_B162_el4531_H4_W4.npy,-272.0706,4775.88728,-149.17552569999998,64.09847999999988,-0.15535905469067313,4.156302190778033
Defect_L9_B163_el4819_H4_W4.npy,-272.5005,4776.611959999999,-179.9024796,72.31427999999994,-0.1509502951494897,5.018788179430968
Defect_L9_B164_el4823_H4_W4.npy,-272.4155,4776.40094,-155.43343390000007,47.35314619999997,-0.11274332726833129,4.497055804348469
Defect_L9_B165_el4827_H4_W4.npy,-272.2462,4776.2338199999995,-115.03600640000002,54.75126059999991,-0.03605327607148228,3.9478221087362284
Defect_L9_B166_el4831_H4_W4.npy,-271.7709,4776.32091,-92.7039906,63.89561839999993,0.08745822047619932,3.743498848279298
Defect_L9_B167_el4851_H4_W4.npy,-272.2244,4776.807400000001,-135.31233439999994,65.25821709999997,0.04875718896066068,4.406344227941736
Defect_L9_B168_el4855_H4_W4.npy,-272.1109,4777.09755,-167.4527533999999,71.28056200000003,-0.011387179020371577,5.3774920800018835
Defect_L9_B169_el4859_H4_W4.npy,-272.0829,4776.979719999999,-173.96005030000003,60.95573027000012,-0.07897585424885174,5.377229252313311
Defect_L9_B16_el459_H4_W4.npy,-272.1535,4775.45724,-445.0619595999999,100.81182320000016,0.002319315647532399,12.255674163529456
Defect_L9_B170_el4863_H4_W4.npy,-272.0737,4776.88635,-171.60440200000005,57.738471499999946,-0.12076415903072044,5.163281342043158
Defect_L9_B171_el4867_H4_W4.npy,-272.0738,4776.82752,-163.65939709999986,83.95508000000007,-0.14136098619719545,4.851115650565224
Defect_L9_B172_el5155_H4_W4.npy,-272.1756,4775.74244,-328.54711499999985,133.32439999999974,-0.09967366519984573,8.97958037974611
Defect_L9_B173_el5159_H4_W4.npy,-272.127,4775.30318,-340.3450370999999,81.85020920000011,-0.08422187348416267,9.17420605267331
Defect_L9_B174_el5163_H4_W4.npy,-272.014,4774.41115,-350.74790760999986,88.03187049999997,-0.036990791196930266,9.440294171357547
Defect_L9_B175_el5167_H4_W4.npy,-270.734,4773.12206,-380.4251505,104.64965359999997,0.044539659133044834,10.199627874908716
Defect_L9_B176_el5187_H4_W4.npy,-272.541,4775.754239999999,-577.0266128999997,160.82758700000022,0.3979713294533873,16.13401737150288
Defect_L9_B177_el5191_H4_W4.npy,-272.3323,4777.15135,-474.28734670000017,152.70674639999925,0.21651121713729518,13.674979697366036
Defect_L9_B178_el5195_H4_W4.npy,-272.2352,4778.09782,-405.3256655,129.51692289000016,0.06244647603353105,11.737820966323834
Defect_L9_B179_el5199_H4_W4.npy,-272.1972,4778.58131,-355.32470839999996,110.36609339999995,-0.037733687212989524,10.232113328162256
Defect_L9_B17_el463_H4_W4.npy,-272.1512,4775.46764,-446.36490989999993,96.25598308999997,0.0029250530116907464,12.256092273141558
Defect_L9_B180_el5203_H4_W4.npy,-272.18710000000004,4778.8058200000005,-310.1898150000002,155.5256599999998,-0.08822090300980706,8.975963891834544
Defect_L9_B181_el5491_H4_W4.npy,-272.01149999999996,4774.3694000000005,-392.192002,171.23214999999982,-0.03448257349329266,10.82450291820443
Defect_L9_B182_el5495_H4_W4.npy,-272.0231,4774.17652,-417.3630437999998,101.78826299999992,-0.03478688254527921,11.353032299970842
Defect_L9_B183_el5499_H4_W4.npy,-272.0614,4773.85045,-433.7168200000001,92.17970289999994,-0.020547181354939867,11.766131386575408
Defect_L9_B184_el5503_H4_W4.npy,-271.3902,4773.56701,-452.31123596,94.34113700000012,8.01694820854034e-05,12.300878823842664
Defect_L9_B185_el5507_H4_W4.npy,-270.68219999999997,4779.831700000001,-474.48470199999997,102.41150829999992,0.027392419080721906,12.998678197572726
Defect_L9_B186_el5511_H4_W4.npy,-278.944,4749.43091,-469.6517895999998,99.32126139900038,0.04646057740202902,12.88051936793145
Defect_L9_B187_el5515_H4_W4.npy,-266.9011,4790.43617,-448.19272439999963,83.04736779999985,0.05591502546973168,12.273607349319738
Defect_L9_B188_el5519_H4_W4.npy,-272.6315,4774.95338,-442.5785994999999,80.63664539999968,0.030750849650300165,12.006893964678055
Defect_L9_B189_el5523_H4_W4.npy,-272.4133,4775.09644,-445.9326787,87.07100150000042,0.02063194748215327,12.06952089582714
Defect_L9_B18_el467_H4_W4.npy,-272.15700000000004,4775.46767,-445.1600598000002,94.32482100000016,0.0028130299596896414,12.202301425062942
Defect_L9_B190_el5527_H4_W4.npy,-272.31960000000004,4775.71645,-449.6669936200001,93.81021606799982,0.018494287277083195,12.222982700256189
Defect_L9_B191_el5531_H4_W4.npy,-272.2926,4776.528,-443.3474037000001,100.28269699999987,0.00819219064005775,12.120030834546672
Defect_L9_B192_el5535_H4_W4.npy,-272.28049999999996,4777.34766,-428.61194120000005,112.88481899999965,-0.007251522782360913,11.800840362293645
Defect_L9_B193_el5539_H4_W4.npy,-272.2846,4777.9782399999995,-401.75241400000004,185.41561000000002,-0.010491441152476072,11.265781103341062
Defect_L9_B194_el5827_H4_W4.npy,-272.0546,4774.466130000001,-401.9811099999997,178.45359999999982,-0.01408190996237345,11.110033891510767
Defect_L9_B195_el5831_H4_W4.npy,-272.072,4774.33796,-427.1477986000002,107.18956200000025,-0.015967174862831886,11.639548256276111
Defect_L9_B196_el5835_H4_W4.npy,-272.115,4774.1456100000005,-440.9896861,98.08542340000008,-0.006814761066633732,11.98103601642139
Defect_L9_B197_el5839_H4_W4.npy,-271.7138,4774.0819,-452.35512348999987,97.95059880000008,0.004443725468071659,12.294151865645038
Defect_L9_B198_el5843_H4_W4.npy,-271.2756,4778.49869,-460.6068593,99.2588361200003,0.014253516068713619,12.522777803819244
Defect_L9_B199_el5847_H4_W4.npy,-276.0872,4761.38518,-455.55108816000006,95.34461079999983,0.016204780615191757,12.364527165660588
Defect_L9_B19_el471_H4_W4.npy,-272.15959999999995,4775.44733,-442.29617159999975,93.1803883,0.0020825113426820225,12.111360466574377
Defect_L9_B1_el115_H4_W4.npy,-272.156,4775.4470599999995,-483.5360969999999,209.42473000000018,0.006385210301226019,13.879344942413146
Defect_L9_B200_el5851_H4_W4.npy,-269.0291,4784.88612,-444.6791718000002,86.50596160000009,0.014294410871954008,12.03719235206864
Defect_L9_B201_el5855_H4_W4.npy,-272.4547,4775.680600000001,-439.8139453000001,82.8551650999998,0.0020494024429936375,11.860673263937787
Defect_L9_B202_el5859_H4_W4.npy,-272.3266,4775.50799,-440.68324888000006,84.40396560000022,0.0022030463304258613,11.87223813906647
Defect_L9_B203_el5863_H4_W4.npy,-272.27090000000004,4775.59101,-443.4221181999999,88.90408129999992,0.003229738207968604,11.979813575805878
Defect_L9_B204_el5867_H4_W4.npy,-272.2497,4775.787780000001,-444.4960490000001,96.7027436999997,0.0023023173389901588,12.064327556541324
Defect_L9_B205_el5871_H4_W4.npy,-272.2358,4776.04494,-440.32491500000015,113.29308200000014,0.0006402334957451741,12.041973830944018
Defect_L9_B206_el5875_H4_W4.npy,-272.2382,4776.2234,-421.87921200000005,189.47919000000024,0.009926017194456247,11.750302853569044
Defect_L9_B207_el6163_H4_W4.npy,-272.1076,4774.80163,-399.3964160000003,177.69743999999992,-0.007804857563691984,11.016644426212821
Defect_L9_B208_el6167_H4_W4.npy,-272.1249,4774.69115,-424.71077460000015,107.929846,-0.0101079430266531,11.549795159276112
Defect_L9_B209_el6171_H4_W4.npy,-272.1606,4774.5416700000005,-438.3740229000002,98.77334530000007,-0.004439085215135088,11.878474979946587
Defect_L9_B20_el475_H4_W4.npy,-272.15790000000004,4775.437379999999,-438.3228010099999,92.24734099999978,0.0013378371514578258,11.994171023423215
Defect_L9_B210_el6175_H4_W4.npy,-271.9228,4774.53646,-448.71340129999976,97.84649680000007,0.001963672819072947,12.148949144205849
Defect_L9_B211_el6179_H4_W4.npy,-271.6945,4777.09591,-455.83487219999984,98.1002312999999,0.006767046796492264,12.33428476886877
Defect_L9_B212_el6183_H4_W4.npy,-274.2948,4768.03878,-456.47546799999986,96.26125729999967,0.006994820706038604,12.336548342027722
Defect_L9_B213_el6187_H4_W4.npy,-270.3616,4780.8418599999995,-454.5769155400001,92.62787999999955,0.004683648464547389,12.27027858293849
Defect_L9_B214_el6191_H4_W4.npy,-272.3037,4775.88976,-454.7594918000002,91.65705000000025,-0.00020186647017309228,12.260827722049767
Defect_L9_B215_el6195_H4_W4.npy,-272.2657,4775.580370000001,-456.74334139999996,92.72466380000014,0.0017421442525103075,12.314867268068266
Defect_L9_B216_el6199_H4_W4.npy,-272.2324,4775.48045,-458.8158602000001,96.02052173000016,0.0037703415983855923,12.398441172710765
Defect_L9_B217_el6203_H4_W4.npy,-272.2131,4775.46206,-459.57593380000003,102.3724116000003,0.005050897764953095,12.467066157087041
Defect_L9_B218_el6207_H4_W4.npy,-272.19870000000003,4775.5047700000005,-455.4957480000003,118.01029500000027,0.005880433024401548,12.438666852877624
Defect_L9_B219_el6211_H4_W4.npy,-272.1954,4775.49786,-435.8769879999995,193.57244000000037,0.014758831623088204,12.09094943204642
Defect_L9_B21_el479_H4_W4.npy,-272.1581,4775.437489999999,-433.6923933999999,91.32648899999981,0.0006907291023301515,11.86159317713263
Defect_L9_B22_el483_H4_W4.npy,-272.1592,4775.43761,-428.2601109999998,90.30587679999962,-0.00034481829191123725,11.711614444511204
Defect_L9_B23_el487_H4_W4.npy,-272.158,4775.437459999999,-421.6394299000001,89.26289130000032,-0.002205656412452738,11.535395915288758
Defect_L9_B24_el491_H4_W4.npy,-272.1576,4775.43732,-413.36101959999996,90.31792859999996,-0.004602288967034333,11.327384087193307
Defect_L9_B25_el495_H4_W4.npy,-272.1563,4775.43729,-401.6909748000003,100.69282509999971,-0.007435475470865896,11.055603606192577
Defect_L9_B26_el499_H4_W4.npy,-272.15450000000004,4775.426490000001,-378.73394800000005,162.81207999999992,-0.002145145059153053,10.570002033164613
Defect_L9_B27_el787_H4_W4.npy,-272.15500000000003,4775.45596,-403.72475699999995,178.3863899999999,0.006405450984828788,11.348242447772394
Defect_L9_B28_el791_H4_W4.npy,-272.153,4775.45618,-423.41547219999984,109.49190999999996,-0.0017587881712896607,11.71145238326911
Defect_L9_B29_el795_H4_W4.npy,-272.15150000000006,4775.46709,-429.6831923999998,95.04324769999994,0.001356093627864492,11.820031588113123
Defect_L9_B2_el119_H4_W4.npy,-272.15569999999997,4775.45705,-507.466821,133.279403,0.0036948971850441223,14.144063320439965
Defect_L9_B30_el799_H4_W4.npy,-272.1472,4775.47809,-431.6017809000002,89.7957785000001,0.0026858660988742693,11.836264639714432
Defect_L9_B31_el803_H4_W4.npy,-272.15909999999997,4775.4779499999995,-431.780325638,87.39558018000025,0.003044368567676387,11.820126731902118
Defect_L9_B32_el807_H4_W4.npy,-272.1636,4775.4374,-430.97621403000016,86.21722711000052,0.0025484397647258174,11.786260996149256
Defect_L9_B33_el811_H4_W4.npy,-272.15999999999997,4775.427750000001,-429.6772791000001,85.70780488999958,0.0022642652852805922,11.744496845657995
Defect_L9_B34_el815_H4_W4.npy,-272.1601,4775.4277600000005,-428.2921005200001,85.63946449000014,0.002101219921296468,11.704840931493715
Defect_L9_B35_el819_H4_W4.npy,-272.1614,4775.4278300000005,-426.20678010000006,85.67939560400032,0.001243280766143847,11.652760511868005
Defect_L9_B36_el823_H4_W4.npy,-272.159,4775.4173900000005,-422.5515749599999,85.75271370999985,-0.0010470080338610163,11.5659251239437
Defect_L9_B37_el827_H4_W4.npy,-272.15729999999996,4775.41695,-416.91448749999995,88.77929849999987,-0.004659547910105501,11.437334415971666
Defect_L9_B38_el831_H4_W4.npy,-272.1558,4775.42677,-407.4593100999998,103.32556399999976,-0.009870899840382233,11.229880294967321
Defect_L9_B39_el835_H4_W4.npy,-272.152,4775.40553,-386.4540430000002,165.7796699999999,-0.004059585628395101,10.809294572604433
Defect_L9_B3_el123_H4_W4.npy,-272.1552,4775.45722,-507.6631669999997,120.90703840000015,0.004430720485366917,14.055896678309201
Defect_L9_B40_el1123_H4_W4.npy,-272.15360000000004,4775.46478,-399.461411,177.10667000000012,0.004144227728230957,11.233654680440102
Defect_L9_B41_el1127_H4_W4.npy,-272.151,4775.475439999999,-418.43127619999996,107.7240039999997,-0.004426965151385084,11.563729773020414
Defect_L9_B42_el1131_H4_W4.npy,-272.1488,4775.477,-424.5318813000001,93.07157389999998,-0.00014984418773614713,11.666267156866645
Defect_L9_B43_el1135_H4_W4.npy,-272.14079999999996,4775.49861,-426.4501533099999,87.44581009999956,0.0018730202192280096,11.68100272500036
Defect_L9_B44_el1139_H4_W4.npy,-272.16389999999996,4775.50853,-426.97230049999985,84.75634620000005,0.002599483703380953,11.673159898872958
Defect_L9_B45_el1143_H4_W4.npy,-272.1719,4775.41746,-426.97219909999967,83.6104340400002,0.0023958240866151816,11.663326994068335
Defect_L9_B46_el1147_H4_W4.npy,-272.1635,4775.41831,-427.1762641,83.63132130400027,0.0027996986843653467,11.66701217271564
Defect_L9_B47_el1151_H4_W4.npy,-272.1633,4775.4183,-427.99734509999985,84.45411917000024,0.0034170907243278336,11.692381168250996
Defect_L9_B48_el1155_H4_W4.npy,-272.1649,4775.41819,-427.8847284000001,85.3142994100001,0.002999798318077013,11.700318064809245
Defect_L9_B49_el1159_H4_W4.npy,-272.16040000000004,4775.397059999999,-425.41632075000007,85.89136487999986,-9.791875006413434e-06,11.649773264495298
Defect_L9_B4_el127_H4_W4.npy,-272.1535,4775.45741,-501.5142639999999,116.88715292000006,0.004485223200206836,13.887602477699268
Defect_L9_B50_el1163_H4_W4.npy,-272.1564,4775.396159999999,-420.50237820000007,89.14836430000014,-0.004795051515062171,11.542459063823964
Defect_L9_B51_el1167_H4_W4.npy,-272.15340000000003,4775.40571,-411.49486909999996,104.41227000000003,-0.011545302590267328,11.347127492266992
Defect_L9_B52_el1171_H4_W4.npy,-272.14880000000005,4775.383900000001,-390.85426200000006,167.27980000000002,-0.005467726927027147,10.943120885172394
Defect_L9_B53_el1459_H4_W4.npy,-272.15110000000004,4775.4734,-397.4194500000001,177.03920999999968,0.002136277606076145,11.191143219764756
Defect_L9_B54_el1463_H4_W4.npy,-272.1481,4775.48442,-415.82759820000024,106.71845899999994,-0.006796227872919051,11.500467145821611
Defect_L9_B55_el1467_H4_W4.npy,-272.1449,4775.486809999999,-421.7021963399998,91.85677100000021,-0.0018459788420750534,11.596031022277495
Defect_L9_B56_el1471_H4_W4.npy,-272.13120000000004,4775.519450000001,-423.36104360000013,85.85946270000022,0.000735525955170531,11.602188878096939
Defect_L9_B57_el1475_H4_W4.npy,-272.1723,4775.53929,-423.6944482000001,82.76643999999987,0.0015872490115105824,11.587775817575768
Defect_L9_B58_el1479_H4_W4.npy,-272.1842,4775.37737,-424.0936300000003,81.65605900000014,0.0015069914176873945,11.591504280080953
Defect_L9_B59_el1483_H4_W4.npy,-272.1688,4775.38932,-425.9209724,82.54494624999984,0.0032554724717118234,11.647181305164697
Defect_L9_B5_el131_H4_W4.npy,-272.1554,4775.4674,-493.23408799999993,114.23255019999988,0.003854577532131271,13.673527492415497
Defect_L9_B60_el1487_H4_W4.npy,-272.1678,4775.399079999999,-429.4964427,84.87546152999994,0.005222836362731722,11.75478242567505
Defect_L9_B61_el1491_H4_W4.npy,-272.1689,4775.398609999999,-431.1118651999998,86.78570599,0.005518612978009397,11.818863197537345
Defect_L9_B62_el1495_H4_W4.npy,-272.1601,4775.37631,-428.7053478999999,87.45153909999999,0.0016114936149551763,11.772257002038456
Defect_L9_B63_el1499_H4_W4.npy,-272.1535,4775.36443,-423.37508183,90.12196279999989,-0.004746490345631757,11.650646577538172
Defect_L9_B64_el1503_H4_W4.npy,-272.1494,4775.36376,-413.86978709999994,105.09645399999977,-0.012890081564890007,11.439081448545133
Defect_L9_B65_el1507_H4_W4.npy,-272.1427,4775.3413,-392.8156939999999,167.96134000000006,-0.007021271456017425,11.027282737284148
Defect_L9_B66_el1795_H4_W4.npy,-272.15049999999997,4775.472119999999,-393.5516909999999,179.6943000000001,-5.496857165343938e-05,11.062121410792255
Defect_L9_B67_el1799_H4_W4.npy,-272.14779999999996,4775.4937,-411.88482480000016,107.1368060000002,-0.008898261170418907,11.367836554637234
Defect_L9_B68_el1803_H4_W4.npy,-272.143,4775.49686,-417.8895699300001,92.42030940000018,-0.0032244766896848596,11.465130374669224
Defect_L9_B69_el1807_H4_W4.npy,-272.11699999999996,4775.55064,-419.2793489999999,86.10751010000013,7.637321517699118e-05,11.462359898182418
Defect_L9_B6_el135_H4_W4.npy,-272.15720000000005,4775.45728,-483.96484599999985,111.78370440000026,0.0027330830263315653,13.426589186480228
Defect_L9_B70_el1811_H4_W4.npy,-272.18399999999997,4775.6,-418.68210280000017,82.18675110000004,0.0006400823422366564,11.418780800146282
Defect_L9_B71_el1815_H4_W4.npy,-272.2008,4775.3064,-418.6974995999999,80.65246919999981,0.00032820542417102245,11.414046222104394
Defect_L9_B72_el1819_H4_W4.npy,-272.17560000000003,4775.37084,-422.66355529999987,82.66400500000032,0.0047275883662812835,11.54138208494036
Defect_L9_B73_el1823_H4_W4.npy,-272.1716,4775.39041,-430.8416172,87.67559489999962,0.007711508810313929,11.78526608554223
Defect_L9_B74_el1827_H4_W4.npy,-272.1716,4775.38924,-434.1248447999999,91.28313719999983,0.008758340821719026,11.907935062339638
Defect_L9_B75_el1831_H4_W4.npy,-272.1574,4775.33474,-430.19224829999985,91.227173,0.0030403157736828804,11.81443426150955
Defect_L9_B76_el1835_H4_W4.npy,-272.14660000000003,4775.32166,-423.48623556179996,92.17821069999991,-0.005288451572379475,11.646412613396947
Defect_L9_B77_el1839_H4_W4.npy,-272.1411,4775.33054,-413.1312805,104.96105000000011,-0.014460705591329295,11.406283830909068
Defect_L9_B78_el1843_H4_W4.npy,-272.13340000000005,4775.3076599999995,-391.4295219999999,170.6028799999997,-0.00878235552773389,10.965373021869636
Defect_L9_B79_el2131_H4_W4.npy,-272.1553,4775.48096,-387.0777618000002,179.35243999999966,-0.010542309318592,10.894614373426537
Defect_L9_B7_el139_H4_W4.npy,-272.1571,4775.4573900000005,-474.0087128,109.37044690000039,0.001439170468719812,13.1537326607718
Defect_L9_B80_el2135_H4_W4.npy,-272.1497,4775.51303,-409.37007790000007,107.85031099999992,-0.014014877794621067,11.313860844246353
Defect_L9_B81_el2139_H4_W4.npy,-272.1401,4775.53747,-419.87667784999985,94.55522440000004,-0.002285247709438973,11.54084192537086
Defect_L9_B82_el2143_H4_W4.npy,-272.0892,4775.62337,-424.16930939999975,88.61069370000041,0.0060699500868870515,11.618147753372533
Defect_L9_B83_el2147_H4_W4.npy,-272.20629999999994,4775.71179,-422.34492409999984,82.8452585,0.007680982759208859,11.536677339899063
Defect_L9_B84_el2151_H4_W4.npy,-272.2268,4775.15415,-419.1396487999998,79.76564269999994,0.008844882821588154,11.44639247968998
Defect_L9_B85_el2155_H4_W4.npy,-272.1839,4775.363609999999,-424.80099934999976,80.8932676999998,0.019601365389870864,11.648499682863086
Defect_L9_B86_el2159_H4_W4.npy,-272.1704,4775.392760000001,-441.47501360000024,90.0555602999998,0.019716202928418473,12.126845891183759
Defect_L9_B87_el2163_H4_W4.npy,-272.17089999999996,4775.3893800000005,-443.8066442999998,96.28325593999989,0.016481981199382035,12.230244153473413
Defect_L9_B88_el2167_H4_W4.npy,-272.1464,4775.3015000000005,-433.3099047999999,92.87726980000025,0.00300357660730143,11.912967046403365
Defect_L9_B89_el2171_H4_W4.npy,-272.13149999999996,4775.26674,-423.0824766100002,91.17254630000002,-0.01050293209404051,11.628338633494106
Defect_L9_B8_el143_H4_W4.npy,-272.1573,4775.44741,-463.35595450000005,106.96839760000012,0.0001766559558439947,12.856929333315632
Defect_L9_B90_el2175_H4_W4.npy,-272.1261,4775.27514,-411.13291749999985,103.38685799999985,-0.022167347405192366,11.339062763318239
Defect_L9_B91_el2179_H4_W4.npy,-272.1175,4775.26185,-388.830645,168.31148999999982,-0.01766754907628791,10.88081960108997
Defect_L9_B92_el2467_H4_W4.npy,-272.1584,4775.45756,-349.3415454000001,166.51808000000005,-0.06051803657572288,9.892018158274483
Defect_L9_B93_el2471_H4_W4.npy,-272.1472,4775.5705,-384.8462379,107.99734299999977,-0.04191122002199776,10.743674419825403
Defect_L9_B94_el2475_H4_W4.npy,-272.127,4775.70949,-418.1451080699999,105.5378232999999,0.005119007931006256,11.657412396159044
Defect_L9_B95_el2479_H4_W4.npy,-272.022,4775.986080000001,-454.98480819999986,113.74233239999967,0.06534597222986906,12.685252030531784
Defect_L9_B96_el2499_H4_W4.npy,-272.1363,4775.46468,-454.56783537,96.52964999999949,0.036133586784455975,12.558450245270876
Defect_L9_B97_el2503_H4_W4.npy,-272.1235,4775.35777,-416.80500630000006,92.78986348999979,-0.00688134982723367,11.308954285632767
Defect_L9_B98_el2507_H4_W4.npy,-272.1154,4775.30346,-396.9813132500001,87.12357599999996,-0.037846056789242855,10.773784084697809
Defect_L9_B99_el2511_H4_W4.npy,-272.11,4775.27081,-384.1347861000004,92.12203399999999,-0.0568580483241797,10.48366626902913
Defect_L9_B9_el147_H4_W4.npy,-272.1573,4775.4475299999995,-451.7546414999997,104.55172539999967,-0.0012440652562841984,12.529320395521049
