nohup: ignoring input
Using device: NVIDIA GeForce RTX 3090
Using device: NVIDIA GeForce RTX 3090
Rank: 0, World Size: 4, Master Addr: 127.0.0.1, Master Port: 12355
Rank 0 using device: cuda:0
Using device: NVIDIA GeForce RTX 3090
Using device: NVIDIA GeForce RTX 3090
Rank 2 using device: cuda:2
Rank 3 using device: cuda:3
Rank 1 using device: cuda:1
Starting Fold 1
Precision: 0.9898, Recall: 0.9256, F1-Score: 0.9565
Fold 1, Epoch 1, Train Loss: 2.6813, Val Loss: 2.6797, Val Acc: 0.9231
Precision: 0.9899, Recall: 0.9318, F1-Score: 0.9599
Fold 1, Epoch 2, Train Loss: 2.6716, Val Loss: 2.6684, Val Acc: 0.9296
Precision: 0.9902, Recall: 0.8661, F1-Score: 0.9239
Fold 1, Epoch 3, Train Loss: 2.6618, Val Loss: 2.6546, Val Acc: 0.8624
Precision: 0.9896, Recall: 0.9714, F1-Score: 0.9804
Fold 1, Epoch 4, Train Loss: 2.6610, Val Loss: 2.6482, Val Acc: 0.9727
Precision: 0.9906, Recall: 0.8571, F1-Score: 0.9190
Fold 1, Epoch 5, Train Loss: 2.6405, Val Loss: 2.6366, Val Acc: 0.8531
Precision: 0.9900, Recall: 0.9726, F1-Score: 0.9811
Fold 1, Epoch 6, Train Loss: 2.6186, Val Loss: 2.6349, Val Acc: 0.9749
Precision: 0.9914, Recall: 0.8105, F1-Score: 0.8917
Fold 1, Epoch 7, Train Loss: 2.6138, Val Loss: 2.6089, Val Acc: 0.8015
Precision: 0.9911, Recall: 0.9548, F1-Score: 0.9725
Fold 1, Epoch 8, Train Loss: 2.5884, Val Loss: 2.5960, Val Acc: 0.9603
Precision: 0.9919, Recall: 0.8764, F1-Score: 0.9304
Fold 1, Epoch 9, Train Loss: 2.5669, Val Loss: 2.5809, Val Acc: 0.8692

--- Epoch 10 ---
--- Epoch 10 ---
--- Epoch 10 ---



--- Epoch 10 ---
Class Weights: [2.1182575e-05 5.6127068e-02 5.6127068e-02 5.9477936e-02 5.6928884e-02
 5.3851645e-02 5.3851645e-02 4.9812771e-02 5.9477936e-02 5.6127068e-02
 6.1308030e-02 5.1753532e-02 5.3851645e-02 6.0379118e-02 5.6928884e-02
 4.9197800e-02 5.4589339e-02 5.2434497e-02 5.7753939e-02]Class Weights: [2.1182575e-05 5.6127068e-02 5.6127068e-02 5.9477936e-02 5.6928884e-02
 5.3851645e-02 5.3851645e-02 4.9812771e-02 5.9477936e-02 5.6127068e-02
 6.1308030e-02 5.1753532e-02 5.3851645e-02 6.0379118e-02 5.6928884e-02
 4.9197800e-02 5.4589339e-02 5.2434497e-02 5.7753939e-02]Class Weights: [2.1182575e-05 5.6127068e-02 5.6127068e-02 5.9477936e-02 5.6928884e-02
 5.3851645e-02 5.3851645e-02 4.9812771e-02 5.9477936e-02 5.6127068e-02
 6.1308030e-02 5.1753532e-02 5.3851645e-02 6.0379118e-02 5.6928884e-02
 4.9197800e-02 5.4589339e-02 5.2434497e-02 5.7753939e-02]


Learning Rate: 0.0005Learning Rate: 0.0005Learning Rate: 0.0005


Class Weights: [2.1182575e-05 5.6127068e-02 5.6127068e-02 5.9477936e-02 5.6928884e-02
 5.3851645e-02 5.3851645e-02 4.9812771e-02 5.9477936e-02 5.6127068e-02
 6.1308030e-02 5.1753532e-02 5.3851645e-02 6.0379118e-02 5.6928884e-02
 4.9197800e-02 5.4589339e-02 5.2434497e-02 5.7753939e-02]
Learning Rate: 0.0005
Train Loss: 2.5722, Val Loss: 2.5619
Train Loss: 2.5722, Val Loss: 2.5619Train Loss: 2.5722, Val Loss: 2.5619

Train Loss: 2.5722, Val Loss: 2.5619
Per-Class Precision: [9.98905792e-01 0.00000000e+00 0.00000000e+00 0.00000000e+00
 0.00000000e+00 0.00000000e+00 7.87401575e-03 0.00000000e+00
 2.80662363e-04 0.00000000e+00 0.00000000e+00 1.64326262e-03
 0.00000000e+00 0.00000000e+00 0.00000000e+00 6.25000000e-02
 0.00000000e+00 0.00000000e+00 0.00000000e+00]
Per-Class Recall: [0.89753325 0.         0.         0.         0.         0.
 0.02       0.         0.01       0.         0.         0.29333333
 0.         0.         0.         0.6        0.         0.
 0.        ]
Per-Class F1-Score: [9.45510127e-01 0.00000000e+00 0.00000000e+00 0.00000000e+00
 0.00000000e+00 0.00000000e+00 1.12994350e-02 0.00000000e+00
 5.46000546e-04 0.00000000e+00 0.00000000e+00 3.26821659e-03
 0.00000000e+00 0.00000000e+00 0.00000000e+00 1.13207547e-01
 0.00000000e+00 0.00000000e+00 0.00000000e+00]
Support per Class: [293949    100    150    150    100    100    100     75    100     75
    125    150    125    175     75    100    175     75     75]
Weighted Precision: 0.9921, Weighted Recall: 0.8918, Weighted F1-Score: 0.9391
Precision: 0.9921, Recall: 0.8918, F1-Score: 0.9391
Fold 1, Epoch 10, Train Loss: 2.5722, Val Loss: 2.5619, Val Acc: 0.8890
Precision: 0.9923, Recall: 0.8844, F1-Score: 0.9351
Fold 1, Epoch 11, Train Loss: 2.5498, Val Loss: 2.5324, Val Acc: 0.8843
Precision: 0.9922, Recall: 0.9064, F1-Score: 0.9472
Fold 1, Epoch 12, Train Loss: 2.5359, Val Loss: 2.5158, Val Acc: 0.9156
Precision: 0.9918, Recall: 0.9536, F1-Score: 0.9722
Fold 1, Epoch 13, Train Loss: 2.5343, Val Loss: 2.5472, Val Acc: 0.9635
Precision: 0.9927, Recall: 0.8459, F1-Score: 0.9133
Fold 1, Epoch 14, Train Loss: 2.5308, Val Loss: 2.5135, Val Acc: 0.8377
Precision: 0.9926, Recall: 0.8683, F1-Score: 0.9261
Fold 1, Epoch 15, Train Loss: 2.5168, Val Loss: 2.5169, Val Acc: 0.8694
Precision: 0.9920, Recall: 0.9473, F1-Score: 0.9690
Fold 1, Epoch 16, Train Loss: 2.5167, Val Loss: 2.5449, Val Acc: 0.9580
Precision: 0.9924, Recall: 0.9149, F1-Score: 0.9519
Fold 1, Epoch 17, Train Loss: 2.5108, Val Loss: 2.5290, Val Acc: 0.9298
Precision: 0.9927, Recall: 0.8744, F1-Score: 0.9296
Fold 1, Epoch 18, Train Loss: 2.5098, Val Loss: 2.5108, Val Acc: 0.8801
Precision: 0.9927, Recall: 0.8582, F1-Score: 0.9204
Fold 1, Epoch 19, Train Loss: 2.4951, Val Loss: 2.4981, Val Acc: 0.8599

--- Epoch 20 ---
--- Epoch 20 ---
--- Epoch 20 ---



--- Epoch 20 ---
Class Weights: [2.1182575e-05 5.6127068e-02 5.6127068e-02 5.9477936e-02 5.6928884e-02
 5.3851645e-02 5.3851645e-02 4.9812771e-02 5.9477936e-02 5.6127068e-02
 6.1308030e-02 5.1753532e-02 5.3851645e-02 6.0379118e-02 5.6928884e-02
 4.9197800e-02 5.4589339e-02 5.2434497e-02 5.7753939e-02]Class Weights: [2.1182575e-05 5.6127068e-02 5.6127068e-02 5.9477936e-02 5.6928884e-02
 5.3851645e-02 5.3851645e-02 4.9812771e-02 5.9477936e-02 5.6127068e-02
 6.1308030e-02 5.1753532e-02 5.3851645e-02 6.0379118e-02 5.6928884e-02
 4.9197800e-02 5.4589339e-02 5.2434497e-02 5.7753939e-02]
Class Weights: [2.1182575e-05 5.6127068e-02 5.6127068e-02 5.9477936e-02 5.6928884e-02
 5.3851645e-02 5.3851645e-02 4.9812771e-02 5.9477936e-02 5.6127068e-02
 6.1308030e-02 5.1753532e-02 5.3851645e-02 6.0379118e-02 5.6928884e-02
 4.9197800e-02 5.4589339e-02 5.2434497e-02 5.7753939e-02]

Learning Rate: 0.0005
Learning Rate: 0.0005Learning Rate: 0.0005Class Weights: [2.1182575e-05 5.6127068e-02 5.6127068e-02 5.9477936e-02 5.6928884e-02
 5.3851645e-02 5.3851645e-02 4.9812771e-02 5.9477936e-02 5.6127068e-02
 6.1308030e-02 5.1753532e-02 5.3851645e-02 6.0379118e-02 5.6928884e-02
 4.9197800e-02 5.4589339e-02 5.2434497e-02 5.7753939e-02]


Learning Rate: 0.0005
Train Loss: 2.4955, Val Loss: 2.4959
Train Loss: 2.4955, Val Loss: 2.4959
Train Loss: 2.4955, Val Loss: 2.4959
Train Loss: 2.4955, Val Loss: 2.4959
Per-Class Precision: [9.99481053e-01 0.00000000e+00 0.00000000e+00 5.00000000e-02
 0.00000000e+00 0.00000000e+00 1.03919240e-03 1.81554103e-04
 0.00000000e+00 3.74286516e-04 0.00000000e+00 1.62469537e-03
 0.00000000e+00 0.00000000e+00 0.00000000e+00 0.00000000e+00
 0.00000000e+00 2.94117647e-02 1.17312478e-02]
Per-Class Recall: [0.89108315 0.         0.         0.01333333 0.         0.
 0.07       0.01333333 0.         0.05333333 0.         0.05333333
 0.         0.         0.         0.         0.         0.05333333
 0.88      ]
Per-Class F1-Score: [9.42174534e-01 0.00000000e+00 0.00000000e+00 2.10526316e-02
 0.00000000e+00 0.00000000e+00 2.04798128e-03 3.58230342e-04
 0.00000000e+00 7.43356253e-04 0.00000000e+00 3.15333071e-03
 0.00000000e+00 0.00000000e+00 0.00000000e+00 0.00000000e+00
 0.00000000e+00 3.79146919e-02 2.31538327e-02]
Support per Class: [293949    100    150    150    100    100    100     75    100     75
    125    150    125    175     75    100    175     75     75]
Weighted Precision: 0.9927, Weighted Recall: 0.8853, Weighted F1-Score: 0.9358
Precision: 0.9927, Recall: 0.8853, F1-Score: 0.9358
Fold 1, Epoch 20, Train Loss: 2.4955, Val Loss: 2.4959, Val Acc: 0.8938
Precision: 0.9928, Recall: 0.8628, F1-Score: 0.9231
Fold 1, Epoch 21, Train Loss: 2.4950, Val Loss: 2.5014, Val Acc: 0.8633
Precision: 0.9928, Recall: 0.8509, F1-Score: 0.9162
Fold 1, Epoch 22, Train Loss: 2.4843, Val Loss: 2.4944, Val Acc: 0.8477
Precision: 0.9925, Recall: 0.9128, F1-Score: 0.9507
Fold 1, Epoch 23, Train Loss: 2.5049, Val Loss: 2.5008, Val Acc: 0.9273
Precision: 0.9928, Recall: 0.8796, F1-Score: 0.9326
Fold 1, Epoch 24, Train Loss: 2.4955, Val Loss: 2.4775, Val Acc: 0.8838
Precision: 0.9929, Recall: 0.8866, F1-Score: 0.9365
Fold 1, Epoch 25, Train Loss: 2.4744, Val Loss: 2.4657, Val Acc: 0.8955
Precision: 0.9928, Recall: 0.8888, F1-Score: 0.9377
Fold 1, Epoch 26, Train Loss: 2.4756, Val Loss: 2.4694, Val Acc: 0.8950
Precision: 0.9929, Recall: 0.9037, F1-Score: 0.9460
Fold 1, Epoch 27, Train Loss: 2.4558, Val Loss: 2.4665, Val Acc: 0.9162
Precision: 0.9928, Recall: 0.9059, F1-Score: 0.9471
Fold 1, Epoch 28, Train Loss: 2.4657, Val Loss: 2.4531, Val Acc: 0.9186
Precision: 0.9929, Recall: 0.9062, F1-Score: 0.9474
Fold 1, Epoch 29, Train Loss: 2.4388, Val Loss: 2.4436, Val Acc: 0.9179

--- Epoch 30 ---
--- Epoch 30 ---
--- Epoch 30 ---



--- Epoch 30 ---
Class Weights: [2.1182575e-05 5.6127068e-02 5.6127068e-02 5.9477936e-02 5.6928884e-02
 5.3851645e-02 5.3851645e-02 4.9812771e-02 5.9477936e-02 5.6127068e-02
 6.1308030e-02 5.1753532e-02 5.3851645e-02 6.0379118e-02 5.6928884e-02
 4.9197800e-02 5.4589339e-02 5.2434497e-02 5.7753939e-02]Class Weights: [2.1182575e-05 5.6127068e-02 5.6127068e-02 5.9477936e-02 5.6928884e-02
 5.3851645e-02 5.3851645e-02 4.9812771e-02 5.9477936e-02 5.6127068e-02
 6.1308030e-02 5.1753532e-02 5.3851645e-02 6.0379118e-02 5.6928884e-02
 4.9197800e-02 5.4589339e-02 5.2434497e-02 5.7753939e-02]Class Weights: [2.1182575e-05 5.6127068e-02 5.6127068e-02 5.9477936e-02 5.6928884e-02
 5.3851645e-02 5.3851645e-02 4.9812771e-02 5.9477936e-02 5.6127068e-02
 6.1308030e-02 5.1753532e-02 5.3851645e-02 6.0379118e-02 5.6928884e-02
 4.9197800e-02 5.4589339e-02 5.2434497e-02 5.7753939e-02]Class Weights: [2.1182575e-05 5.6127068e-02 5.6127068e-02 5.9477936e-02 5.6928884e-02
 5.3851645e-02 5.3851645e-02 4.9812771e-02 5.9477936e-02 5.6127068e-02
 6.1308030e-02 5.1753532e-02 5.3851645e-02 6.0379118e-02 5.6928884e-02
 4.9197800e-02 5.4589339e-02 5.2434497e-02 5.7753939e-02]



Learning Rate: 0.0005Learning Rate: 0.0005Learning Rate: 0.0005
Learning Rate: 0.0005


Train Loss: 2.4313, Val Loss: 2.4153
Train Loss: 2.4313, Val Loss: 2.4153
Train Loss: 2.4313, Val Loss: 2.4153Train Loss: 2.4313, Val Loss: 2.4153

Per-Class Precision: [0.99971101 0.         0.         0.0765896  0.         0.
 0.         0.01910828 0.         0.00177552 0.00102627 0.00193377
 0.         0.         0.         0.         0.09623431 0.
 0.02983802]
Per-Class Recall: [0.9061674  0.         0.         0.35333333 0.         0.
 0.         0.12       0.         0.18666667 0.12       0.05333333
 0.         0.         0.         0.         0.13142857 0.
 0.46666667]
Per-Class F1-Score: [0.95064357 0.         0.         0.12589074 0.         0.
 0.         0.03296703 0.         0.00351759 0.00203514 0.00373221
 0.         0.         0.         0.         0.11111111 0.
 0.05608974]
Support per Class: [293949    100    150    150    100    100    100     75    100     75
    125    150    125    175     75    100    175     75     75]
Weighted Precision: 0.9930, Weighted Recall: 0.9005, Weighted F1-Score: 0.9443
Precision: 0.9930, Recall: 0.9005, F1-Score: 0.9443
Fold 1, Epoch 30, Train Loss: 2.4313, Val Loss: 2.4153, Val Acc: 0.9118
Precision: 0.9932, Recall: 0.9299, F1-Score: 0.9602
Fold 1, Epoch 31, Train Loss: 2.4023, Val Loss: 2.4128, Val Acc: 0.9451
Precision: 0.9929, Recall: 0.9501, F1-Score: 0.9709
Fold 1, Epoch 32, Train Loss: 2.3898, Val Loss: 2.4022, Val Acc: 0.9603
Precision: 0.9933, Recall: 0.9184, F1-Score: 0.9540
Fold 1, Epoch 33, Train Loss: 2.3917, Val Loss: 2.3588, Val Acc: 0.9322
Precision: 0.9931, Recall: 0.9209, F1-Score: 0.9554
Fold 1, Epoch 34, Train Loss: 2.3767, Val Loss: 2.3455, Val Acc: 0.9343
Precision: 0.9932, Recall: 0.9663, F1-Score: 0.9794
Fold 1, Epoch 35, Train Loss: 2.3648, Val Loss: 2.3641, Val Acc: 0.9716
Precision: 0.9931, Recall: 0.9654, F1-Score: 0.9789
Fold 1, Epoch 36, Train Loss: 2.3333, Val Loss: 2.3547, Val Acc: 0.9706
Precision: 0.9932, Recall: 0.9611, F1-Score: 0.9767
Fold 1, Epoch 37, Train Loss: 2.3058, Val Loss: 2.3385, Val Acc: 0.9670
Precision: 0.9931, Recall: 0.9670, F1-Score: 0.9796
Fold 1, Epoch 38, Train Loss: 2.3228, Val Loss: 2.3230, Val Acc: 0.9713
Precision: 0.9932, Recall: 0.9645, F1-Score: 0.9783
Fold 1, Epoch 39, Train Loss: 2.3139, Val Loss: 2.2903, Val Acc: 0.9694

--- Epoch 40 ---
--- Epoch 40 ---
--- Epoch 40 ---



--- Epoch 40 ---
Class Weights: [2.1182575e-05 5.6127068e-02 5.6127068e-02 5.9477936e-02 5.6928884e-02
 5.3851645e-02 5.3851645e-02 4.9812771e-02 5.9477936e-02 5.6127068e-02
 6.1308030e-02 5.1753532e-02 5.3851645e-02 6.0379118e-02 5.6928884e-02
 4.9197800e-02 5.4589339e-02 5.2434497e-02 5.7753939e-02]Class Weights: [2.1182575e-05 5.6127068e-02 5.6127068e-02 5.9477936e-02 5.6928884e-02
 5.3851645e-02 5.3851645e-02 4.9812771e-02 5.9477936e-02 5.6127068e-02
 6.1308030e-02 5.1753532e-02 5.3851645e-02 6.0379118e-02 5.6928884e-02
 4.9197800e-02 5.4589339e-02 5.2434497e-02 5.7753939e-02]Class Weights: [2.1182575e-05 5.6127068e-02 5.6127068e-02 5.9477936e-02 5.6928884e-02
 5.3851645e-02 5.3851645e-02 4.9812771e-02 5.9477936e-02 5.6127068e-02
 6.1308030e-02 5.1753532e-02 5.3851645e-02 6.0379118e-02 5.6928884e-02
 4.9197800e-02 5.4589339e-02 5.2434497e-02 5.7753939e-02]

Learning Rate: 0.0005

Class Weights: [2.1182575e-05 5.6127068e-02 5.6127068e-02 5.9477936e-02 5.6928884e-02
 5.3851645e-02 5.3851645e-02 4.9812771e-02 5.9477936e-02 5.6127068e-02
 6.1308030e-02 5.1753532e-02 5.3851645e-02 6.0379118e-02 5.6928884e-02
 4.9197800e-02 5.4589339e-02 5.2434497e-02 5.7753939e-02]Learning Rate: 0.0005Learning Rate: 0.0005


Learning Rate: 0.0005
Train Loss: 2.2887, Val Loss: 2.3361
Train Loss: 2.2887, Val Loss: 2.3361Train Loss: 2.2887, Val Loss: 2.3361
Train Loss: 2.2887, Val Loss: 2.3361

Per-Class Precision: [0.99986685 0.1        0.         0.43548387 0.         0.03827751
 0.01552106 0.         0.         0.00699301 0.01166573 0.02724359
 0.         0.         0.         0.07901907 0.         0.03389831
 0.        ]
Per-Class Recall: [0.9452388  0.03       0.         0.18       0.         0.16
 0.07       0.         0.         0.01333333 0.832      0.11333333
 0.         0.         0.         0.29       0.         0.08
 0.        ]
Per-Class F1-Score: [0.97178572 0.04615385 0.         0.25471698 0.         0.06177606
 0.02540835 0.         0.         0.00917431 0.02300885 0.04392765
 0.         0.         0.         0.124197   0.         0.04761905
 0.        ]
Support per Class: [293949    100    150    150    100    100    100     75    100     75
    125    150    125    175     75    100    175     75     75]
Weighted Precision: 0.9934, Weighted Recall: 0.9395, Weighted F1-Score: 0.9654
Precision: 0.9934, Recall: 0.9395, F1-Score: 0.9654
Fold 1, Epoch 40, Train Loss: 2.2887, Val Loss: 2.3361, Val Acc: 0.9517
Precision: 0.9932, Recall: 0.9262, F1-Score: 0.9583
Fold 1, Epoch 41, Train Loss: 2.2920, Val Loss: 2.3092, Val Acc: 0.9391
Precision: 0.9932, Recall: 0.9643, F1-Score: 0.9784
Fold 1, Epoch 42, Train Loss: 2.2946, Val Loss: 2.2765, Val Acc: 0.9688
Precision: 0.9932, Recall: 0.9724, F1-Score: 0.9825
Fold 1, Epoch 43, Train Loss: 2.2646, Val Loss: 2.3399, Val Acc: 0.9750
Precision: 0.9933, Recall: 0.9665, F1-Score: 0.9795
Fold 1, Epoch 44, Train Loss: 2.2791, Val Loss: 2.2780, Val Acc: 0.9697
Precision: 0.9934, Recall: 0.9698, F1-Score: 0.9812
Fold 1, Epoch 45, Train Loss: 2.2584, Val Loss: 2.2230, Val Acc: 0.9737
Precision: 0.9933, Recall: 0.9508, F1-Score: 0.9713
Fold 1, Epoch 46, Train Loss: 2.2381, Val Loss: 2.1914, Val Acc: 0.9602
Precision: 0.9933, Recall: 0.9611, F1-Score: 0.9766
Fold 1, Epoch 47, Train Loss: 2.2000, Val Loss: 2.1860, Val Acc: 0.9668
Precision: 0.9934, Recall: 0.9711, F1-Score: 0.9818
Fold 1, Epoch 48, Train Loss: 2.2139, Val Loss: 2.1792, Val Acc: 0.9745
Precision: 0.9934, Recall: 0.9714, F1-Score: 0.9820
Fold 1, Epoch 49, Train Loss: 2.1861, Val Loss: 2.1561, Val Acc: 0.9748

--- Epoch 50 ---
--- Epoch 50 ---
--- Epoch 50 ---



--- Epoch 50 ---
Class Weights: [2.1182575e-05 5.6127068e-02 5.6127068e-02 5.9477936e-02 5.6928884e-02
 5.3851645e-02 5.3851645e-02 4.9812771e-02 5.9477936e-02 5.6127068e-02
 6.1308030e-02 5.1753532e-02 5.3851645e-02 6.0379118e-02 5.6928884e-02
 4.9197800e-02 5.4589339e-02 5.2434497e-02 5.7753939e-02]Class Weights: [2.1182575e-05 5.6127068e-02 5.6127068e-02 5.9477936e-02 5.6928884e-02
 5.3851645e-02 5.3851645e-02 4.9812771e-02 5.9477936e-02 5.6127068e-02
 6.1308030e-02 5.1753532e-02 5.3851645e-02 6.0379118e-02 5.6928884e-02
 4.9197800e-02 5.4589339e-02 5.2434497e-02 5.7753939e-02]Class Weights: [2.1182575e-05 5.6127068e-02 5.6127068e-02 5.9477936e-02 5.6928884e-02
 5.3851645e-02 5.3851645e-02 4.9812771e-02 5.9477936e-02 5.6127068e-02
 6.1308030e-02 5.1753532e-02 5.3851645e-02 6.0379118e-02 5.6928884e-02
 4.9197800e-02 5.4589339e-02 5.2434497e-02 5.7753939e-02]


Learning Rate: 0.0005Learning Rate: 0.0005Learning Rate: 0.0005


Train Loss: 2.1928, Val Loss: 2.1714Train Loss: 2.1928, Val Loss: 2.1714Train Loss: 2.1928, Val Loss: 2.1714


Class Weights: [2.1182575e-05 5.6127068e-02 5.6127068e-02 5.9477936e-02 5.6928884e-02
 5.3851645e-02 5.3851645e-02 4.9812771e-02 5.9477936e-02 5.6127068e-02
 6.1308030e-02 5.1753532e-02 5.3851645e-02 6.0379118e-02 5.6928884e-02
 4.9197800e-02 5.4589339e-02 5.2434497e-02 5.7753939e-02]
Learning Rate: 0.0005
Train Loss: 2.1928, Val Loss: 2.1714
Per-Class Precision: [0.99994338 0.25       0.16666667 0.85714286 0.07556675 0.04081633
 0.09868421 0.00230415 0.03139535 0.01098901 0.06923077 0.05521936
 0.01315789 0.         0.00182776 0.09051724 0.         0.01904762
 0.06097561]
Per-Class Recall: [0.96129601 0.01       0.02       0.04       0.3        0.04
 0.15       0.01333333 0.27       0.01333333 0.072      0.48666667
 0.016      0.         0.22666667 0.21       0.         0.02666667
 0.06666667]
Per-Class F1-Score: [0.98023891 0.01923077 0.03571429 0.07643312 0.12072435 0.04040404
 0.11904762 0.00392927 0.05625    0.01204819 0.07058824 0.09918478
 0.01444043 0.         0.00362628 0.12650602 0.         0.02222222
 0.06369427]
Support per Class: [293949    100    150    150    100    100    100     75    100     75
    125    150    125    175     75    100    175     75     75]
Weighted Precision: 0.9939, Weighted Recall: 0.9555, Weighted F1-Score: 0.9739
Precision: 0.9939, Recall: 0.9555, F1-Score: 0.9739
Fold 1, Epoch 50, Train Loss: 2.1928, Val Loss: 2.1714, Val Acc: 0.9633
Precision: 0.9933, Recall: 0.9634, F1-Score: 0.9779
Fold 1, Epoch 51, Train Loss: 2.1877, Val Loss: 2.1607, Val Acc: 0.9686
Precision: 0.9934, Recall: 0.9711, F1-Score: 0.9819
Fold 1, Epoch 52, Train Loss: 2.1806, Val Loss: 2.1568, Val Acc: 0.9739
Precision: 0.9936, Recall: 0.9765, F1-Score: 0.9848
Fold 1, Epoch 53, Train Loss: 2.1861, Val Loss: 2.1547, Val Acc: 0.9783
Precision: 0.9933, Recall: 0.9719, F1-Score: 0.9822
Fold 1, Epoch 54, Train Loss: 2.1391, Val Loss: 2.1447, Val Acc: 0.9743
Precision: 0.9934, Recall: 0.9702, F1-Score: 0.9813
Fold 1, Epoch 55, Train Loss: 2.1470, Val Loss: 2.1232, Val Acc: 0.9731
Precision: 0.9937, Recall: 0.9775, F1-Score: 0.9853
Fold 1, Epoch 56, Train Loss: 2.1000, Val Loss: 2.0826, Val Acc: 0.9785
Precision: 0.9936, Recall: 0.9724, F1-Score: 0.9826
Fold 1, Epoch 57, Train Loss: 2.1018, Val Loss: 2.0910, Val Acc: 0.9751
Precision: 0.9935, Recall: 0.9672, F1-Score: 0.9799
Fold 1, Epoch 58, Train Loss: 2.0939, Val Loss: 2.1259, Val Acc: 0.9713
Precision: 0.9935, Recall: 0.9778, F1-Score: 0.9854
Fold 1, Epoch 59, Train Loss: 2.1682, Val Loss: 2.0437, Val Acc: 0.9795

--- Epoch 60 ---
--- Epoch 60 ---
--- Epoch 60 ---



--- Epoch 60 ---
Class Weights: [2.1182575e-05 5.6127068e-02 5.6127068e-02 5.9477936e-02 5.6928884e-02
 5.3851645e-02 5.3851645e-02 4.9812771e-02 5.9477936e-02 5.6127068e-02
 6.1308030e-02 5.1753532e-02 5.3851645e-02 6.0379118e-02 5.6928884e-02
 4.9197800e-02 5.4589339e-02 5.2434497e-02 5.7753939e-02]Class Weights: [2.1182575e-05 5.6127068e-02 5.6127068e-02 5.9477936e-02 5.6928884e-02
 5.3851645e-02 5.3851645e-02 4.9812771e-02 5.9477936e-02 5.6127068e-02
 6.1308030e-02 5.1753532e-02 5.3851645e-02 6.0379118e-02 5.6928884e-02
 4.9197800e-02 5.4589339e-02 5.2434497e-02 5.7753939e-02]

Class Weights: [2.1182575e-05 5.6127068e-02 5.6127068e-02 5.9477936e-02 5.6928884e-02
 5.3851645e-02 5.3851645e-02 4.9812771e-02 5.9477936e-02 5.6127068e-02
 6.1308030e-02 5.1753532e-02 5.3851645e-02 6.0379118e-02 5.6928884e-02
 4.9197800e-02 5.4589339e-02 5.2434497e-02 5.7753939e-02]Learning Rate: 0.0005Learning Rate: 0.0005


Learning Rate: 0.0005
Class Weights: [2.1182575e-05 5.6127068e-02 5.6127068e-02 5.9477936e-02 5.6928884e-02
 5.3851645e-02 5.3851645e-02 4.9812771e-02 5.9477936e-02 5.6127068e-02
 6.1308030e-02 5.1753532e-02 5.3851645e-02 6.0379118e-02 5.6928884e-02
 4.9197800e-02 5.4589339e-02 5.2434497e-02 5.7753939e-02]
Train Loss: 2.0864, Val Loss: 2.0270Train Loss: 2.0864, Val Loss: 2.0270
Learning Rate: 0.0005
Train Loss: 2.0864, Val Loss: 2.0270

Train Loss: 2.0864, Val Loss: 2.0270
Per-Class Precision: [0.99999298 0.14772727 0.         0.18544601 0.00297915 0.06140351
 0.03703704 0.00380097 0.11450382 0.03686636 0.02251898 0.05555556
 0.         0.19702602 0.01725704 0.         0.01666667 0.04347826
 0.11111111]
Per-Class Recall: [0.96968522 0.13       0.         0.52666667 0.03       0.07
 0.25       0.14666667 0.15       0.10666667 0.688      0.02
 0.         0.30285714 0.25333333 0.         0.00571429 0.01333333
 0.08      ]
Per-Class F1-Score: [0.98460593 0.13829787 0.         0.27430556 0.00542005 0.06542056
 0.06451613 0.0074099  0.12987013 0.05479452 0.04361055 0.02941176
 0.         0.23873874 0.03231293 0.         0.00851064 0.02040816
 0.09302326]
Support per Class: [293949    100    150    150    100    100    100     75    100     75
    125    150    125    175     75    100    175     75     75]
Weighted Precision: 0.9936, Weighted Recall: 0.9642, Weighted F1-Score: 0.9784
Precision: 0.9936, Recall: 0.9642, F1-Score: 0.9784
Fold 1, Epoch 60, Train Loss: 2.0864, Val Loss: 2.0270, Val Acc: 0.9658
Precision: 0.9935, Recall: 0.9798, F1-Score: 0.9864
Fold 1, Epoch 61, Train Loss: 2.0696, Val Loss: 2.0023, Val Acc: 0.9811
Precision: 0.9937, Recall: 0.9731, F1-Score: 0.9830
Fold 1, Epoch 62, Train Loss: 2.0454, Val Loss: 2.0253, Val Acc: 0.9754
Precision: 0.9937, Recall: 0.9669, F1-Score: 0.9798
Fold 1, Epoch 63, Train Loss: 2.0734, Val Loss: 1.9897, Val Acc: 0.9701
Precision: 0.9935, Recall: 0.9835, F1-Score: 0.9883
Fold 1, Epoch 64, Train Loss: 2.0607, Val Loss: 1.9789, Val Acc: 0.9832
Precision: 0.9941, Recall: 0.9758, F1-Score: 0.9844
Fold 1, Epoch 65, Train Loss: 2.0488, Val Loss: 1.9993, Val Acc: 0.9762
Precision: 0.9937, Recall: 0.9748, F1-Score: 0.9838
Fold 1, Epoch 66, Train Loss: 1.9947, Val Loss: 2.0503, Val Acc: 0.9753
Precision: 0.9937, Recall: 0.9777, F1-Score: 0.9854
Fold 1, Epoch 67, Train Loss: 2.0045, Val Loss: 1.9281, Val Acc: 0.9796
Precision: 0.9938, Recall: 0.9716, F1-Score: 0.9822
Fold 1, Epoch 68, Train Loss: 1.9714, Val Loss: 1.9026, Val Acc: 0.9741
Precision: 0.9939, Recall: 0.9771, F1-Score: 0.9852
Fold 1, Epoch 69, Train Loss: 1.9553, Val Loss: 1.8915, Val Acc: 0.9785

--- Epoch 70 ---
--- Epoch 70 ---


--- Epoch 70 ---
--- Epoch 70 ---

Class Weights: [2.1182575e-05 5.6127068e-02 5.6127068e-02 5.9477936e-02 5.6928884e-02
 5.3851645e-02 5.3851645e-02 4.9812771e-02 5.9477936e-02 5.6127068e-02
 6.1308030e-02 5.1753532e-02 5.3851645e-02 6.0379118e-02 5.6928884e-02
 4.9197800e-02 5.4589339e-02 5.2434497e-02 5.7753939e-02]Class Weights: [2.1182575e-05 5.6127068e-02 5.6127068e-02 5.9477936e-02 5.6928884e-02
 5.3851645e-02 5.3851645e-02 4.9812771e-02 5.9477936e-02 5.6127068e-02
 6.1308030e-02 5.1753532e-02 5.3851645e-02 6.0379118e-02 5.6928884e-02
 4.9197800e-02 5.4589339e-02 5.2434497e-02 5.7753939e-02]

Learning Rate: 0.0005Learning Rate: 0.0005

Class Weights: [2.1182575e-05 5.6127068e-02 5.6127068e-02 5.9477936e-02 5.6928884e-02
 5.3851645e-02 5.3851645e-02 4.9812771e-02 5.9477936e-02 5.6127068e-02
 6.1308030e-02 5.1753532e-02 5.3851645e-02 6.0379118e-02 5.6928884e-02
 4.9197800e-02 5.4589339e-02 5.2434497e-02 5.7753939e-02]Class Weights: [2.1182575e-05 5.6127068e-02 5.6127068e-02 5.9477936e-02 5.6928884e-02
 5.3851645e-02 5.3851645e-02 4.9812771e-02 5.9477936e-02 5.6127068e-02
 6.1308030e-02 5.1753532e-02 5.3851645e-02 6.0379118e-02 5.6928884e-02
 4.9197800e-02 5.4589339e-02 5.2434497e-02 5.7753939e-02]

Train Loss: 1.9522, Val Loss: 1.8655Learning Rate: 0.0005Train Loss: 1.9522, Val Loss: 1.8655Learning Rate: 0.0005



Train Loss: 1.9522, Val Loss: 1.8655
Train Loss: 1.9522, Val Loss: 1.8655
Per-Class Precision: [0.99996547 0.12608696 0.20657277 0.39726027 0.01190476 0.06598985
 0.11111111 0.01982228 0.10204082 0.03217158 0.05854801 0.03305785
 0.07389163 0.         0.00448934 0.14285714 0.         0.08894879
 0.16326531]
Per-Class Recall: [0.98519131 0.29       0.29333333 0.58       0.01       0.13
 0.01       0.38666667 0.2        0.16       0.2        0.05333333
 0.24       0.         0.10666667 0.01       0.         0.44
 0.32      ]
Per-Class F1-Score: [0.99252341 0.17575758 0.24242424 0.47154472 0.01086957 0.08754209
 0.01834862 0.03771131 0.13513514 0.05357143 0.09057971 0.04081633
 0.11299435 0.         0.00861605 0.01869159 0.         0.14798206
 0.21621622]
Support per Class: [293949    100    150    150    100    100    100     75    100     75
    125    150    125    175     75    100    175     75     75]
Weighted Precision: 0.9938, Weighted Recall: 0.9797, Weighted F1-Score: 0.9865
Precision: 0.9938, Recall: 0.9797, F1-Score: 0.9865
Fold 1, Epoch 70, Train Loss: 1.9522, Val Loss: 1.8655, Val Acc: 0.9807
Precision: 0.9942, Recall: 0.9700, F1-Score: 0.9815
Fold 1, Epoch 71, Train Loss: 1.9066, Val Loss: 1.8596, Val Acc: 0.9715
Precision: 0.9939, Recall: 0.9782, F1-Score: 0.9858
Fold 1, Epoch 72, Train Loss: 1.8931, Val Loss: 1.8119, Val Acc: 0.9794
Precision: 0.9938, Recall: 0.9831, F1-Score: 0.9881
Fold 1, Epoch 73, Train Loss: 1.8646, Val Loss: 1.8993, Val Acc: 0.9822
Precision: 0.9939, Recall: 0.9858, F1-Score: 0.9896
Fold 1, Epoch 74, Train Loss: 1.8572, Val Loss: 1.7969, Val Acc: 0.9850
Precision: 0.9940, Recall: 0.9776, F1-Score: 0.9853
Fold 1, Epoch 75, Train Loss: 1.8455, Val Loss: 1.7904, Val Acc: 0.9783
Precision: 0.9940, Recall: 0.9758, F1-Score: 0.9845
Fold 1, Epoch 76, Train Loss: 1.8419, Val Loss: 1.7750, Val Acc: 0.9774
Precision: 0.9942, Recall: 0.9808, F1-Score: 0.9871
Fold 1, Epoch 77, Train Loss: 1.8518, Val Loss: 1.6980, Val Acc: 0.9819
Precision: 0.9939, Recall: 0.9735, F1-Score: 0.9833
Fold 1, Epoch 78, Train Loss: 1.7901, Val Loss: 1.6829, Val Acc: 0.9754
Precision: 0.9938, Recall: 0.9824, F1-Score: 0.9878
Fold 1, Epoch 79, Train Loss: 1.8027, Val Loss: 1.7057, Val Acc: 0.9818

--- Epoch 80 ---
--- Epoch 80 ---
--- Epoch 80 ---



--- Epoch 80 ---
Class Weights: [2.1182575e-05 5.6127068e-02 5.6127068e-02 5.9477936e-02 5.6928884e-02
 5.3851645e-02 5.3851645e-02 4.9812771e-02 5.9477936e-02 5.6127068e-02
 6.1308030e-02 5.1753532e-02 5.3851645e-02 6.0379118e-02 5.6928884e-02
 4.9197800e-02 5.4589339e-02 5.2434497e-02 5.7753939e-02]Class Weights: [2.1182575e-05 5.6127068e-02 5.6127068e-02 5.9477936e-02 5.6928884e-02
 5.3851645e-02 5.3851645e-02 4.9812771e-02 5.9477936e-02 5.6127068e-02
 6.1308030e-02 5.1753532e-02 5.3851645e-02 6.0379118e-02 5.6928884e-02
 4.9197800e-02 5.4589339e-02 5.2434497e-02 5.7753939e-02]Class Weights: [2.1182575e-05 5.6127068e-02 5.6127068e-02 5.9477936e-02 5.6928884e-02
 5.3851645e-02 5.3851645e-02 4.9812771e-02 5.9477936e-02 5.6127068e-02
 6.1308030e-02 5.1753532e-02 5.3851645e-02 6.0379118e-02 5.6928884e-02
 4.9197800e-02 5.4589339e-02 5.2434497e-02 5.7753939e-02]


Learning Rate: 0.0005Learning Rate: 0.0005Class Weights: [2.1182575e-05 5.6127068e-02 5.6127068e-02 5.9477936e-02 5.6928884e-02
 5.3851645e-02 5.3851645e-02 4.9812771e-02 5.9477936e-02 5.6127068e-02
 6.1308030e-02 5.1753532e-02 5.3851645e-02 6.0379118e-02 5.6928884e-02
 4.9197800e-02 5.4589339e-02 5.2434497e-02 5.7753939e-02]Learning Rate: 0.0005



Learning Rate: 0.0005
Train Loss: 1.7880, Val Loss: 1.7398Train Loss: 1.7880, Val Loss: 1.7398

Train Loss: 1.7880, Val Loss: 1.7398Train Loss: 1.7880, Val Loss: 1.7398

Per-Class Precision: [0.99997937 0.08080808 0.27392739 0.45408163 0.10714286 0.05909091
 0.08333333 0.02430307 0.16666667 0.05016181 0.05890228 0.
 0.07158351 0.08571429 0.03921569 0.17460317 0.12352941 0.
 0.12572534]
Per-Class Recall: [0.98934169 0.08       0.55333333 0.59333333 0.09       0.13
 0.05       0.45333333 0.1        0.41333333 0.352      0.
 0.264      0.01714286 0.02666667 0.22       0.12       0.
 0.86666667]
Per-Class F1-Score: [0.99463209 0.08040201 0.36644592 0.51445087 0.09782609 0.08125
 0.0625     0.04613297 0.125      0.08946609 0.10091743 0.
 0.11262799 0.02857143 0.03174603 0.19469027 0.12173913 0.
 0.21959459]
Support per Class: [293949    100    150    150    100    100    100     75    100     75
    125    150    125    175     75    100    175     75     75]
Weighted Precision: 0.9940, Weighted Recall: 0.9842, Weighted F1-Score: 0.9888
Precision: 0.9940, Recall: 0.9842, F1-Score: 0.9888
Fold 1, Epoch 80, Train Loss: 1.7880, Val Loss: 1.7398, Val Acc: 0.9836
Precision: 0.9939, Recall: 0.9780, F1-Score: 0.9856
Fold 1, Epoch 81, Train Loss: 1.7963, Val Loss: 1.8036, Val Acc: 0.9773
Precision: 0.9938, Recall: 0.9856, F1-Score: 0.9895
Fold 1, Epoch 82, Train Loss: 1.8046, Val Loss: 1.8071, Val Acc: 0.9850
Precision: 0.9940, Recall: 0.9774, F1-Score: 0.9854
Fold 1, Epoch 83, Train Loss: 1.8282, Val Loss: 1.7651, Val Acc: 0.9783
Precision: 0.9941, Recall: 0.9847, F1-Score: 0.9891
Fold 1, Epoch 84, Train Loss: 1.8102, Val Loss: 1.6998, Val Acc: 0.9842
Precision: 0.9940, Recall: 0.9809, F1-Score: 0.9871
Fold 1, Epoch 85, Train Loss: 1.7429, Val Loss: 1.7255, Val Acc: 0.9808
Precision: 0.9940, Recall: 0.9814, F1-Score: 0.9874
Fold 1, Epoch 86, Train Loss: 1.7654, Val Loss: 1.6577, Val Acc: 0.9810
Precision: 0.9942, Recall: 0.9781, F1-Score: 0.9858
Fold 1, Epoch 87, Train Loss: 1.7168, Val Loss: 1.6448, Val Acc: 0.9799
Precision: 0.9942, Recall: 0.9786, F1-Score: 0.9859
Fold 1, Epoch 88, Train Loss: 1.7181, Val Loss: 1.6013, Val Acc: 0.9786
Precision: 0.9939, Recall: 0.9857, F1-Score: 0.9895
Fold 1, Epoch 89, Train Loss: 1.7203, Val Loss: 1.7610, Val Acc: 0.9848

--- Epoch 90 ---
--- Epoch 90 ---
--- Epoch 90 ---



--- Epoch 90 ---
Class Weights: [2.1182575e-05 5.6127068e-02 5.6127068e-02 5.9477936e-02 5.6928884e-02
 5.3851645e-02 5.3851645e-02 4.9812771e-02 5.9477936e-02 5.6127068e-02
 6.1308030e-02 5.1753532e-02 5.3851645e-02 6.0379118e-02 5.6928884e-02
 4.9197800e-02 5.4589339e-02 5.2434497e-02 5.7753939e-02]Class Weights: [2.1182575e-05 5.6127068e-02 5.6127068e-02 5.9477936e-02 5.6928884e-02
 5.3851645e-02 5.3851645e-02 4.9812771e-02 5.9477936e-02 5.6127068e-02
 6.1308030e-02 5.1753532e-02 5.3851645e-02 6.0379118e-02 5.6928884e-02
 4.9197800e-02 5.4589339e-02 5.2434497e-02 5.7753939e-02]

Class Weights: [2.1182575e-05 5.6127068e-02 5.6127068e-02 5.9477936e-02 5.6928884e-02
 5.3851645e-02 5.3851645e-02 4.9812771e-02 5.9477936e-02 5.6127068e-02
 6.1308030e-02 5.1753532e-02 5.3851645e-02 6.0379118e-02 5.6928884e-02
 4.9197800e-02 5.4589339e-02 5.2434497e-02 5.7753939e-02]Learning Rate: 0.0005
Learning Rate: 0.0005

Learning Rate: 0.0005
Class Weights: [2.1182575e-05 5.6127068e-02 5.6127068e-02 5.9477936e-02 5.6928884e-02
 5.3851645e-02 5.3851645e-02 4.9812771e-02 5.9477936e-02 5.6127068e-02
 6.1308030e-02 5.1753532e-02 5.3851645e-02 6.0379118e-02 5.6928884e-02
 4.9197800e-02 5.4589339e-02 5.2434497e-02 5.7753939e-02]
Learning Rate: 0.0005
Train Loss: 1.7591, Val Loss: 1.5835Train Loss: 1.7591, Val Loss: 1.5835
Train Loss: 1.7591, Val Loss: 1.5835

Train Loss: 1.7591, Val Loss: 1.5835
Per-Class Precision: [0.99998958 0.1827957  0.30331754 0.4591195  0.08321965 0.11864407
 0.25       0.00745573 0.07503234 0.02962963 0.01742712 0.05544554
 0.06363636 0.07142857 0.07142857 0.23076923 0.         0.11255411
 0.176     ]
Per-Class Recall: [0.97971417 0.17       0.42666667 0.48666667 0.61       0.07
 0.08       0.10666667 0.58       0.16       0.44       0.18666667
 0.056      0.00571429 0.02666667 0.33       0.         0.34666667
 0.58666667]
Per-Class F1-Score: [0.98974805 0.1761658  0.35457064 0.47249191 0.14645858 0.08805031
 0.12121212 0.01393728 0.13287514 0.05       0.03352636 0.08549618
 0.05957447 0.01058201 0.03883495 0.27160494 0.         0.16993464
 0.27076923]
Support per Class: [293949    100    150    150    100    100    100     75    100     75
    125    150    125    175     75    100    175     75     75]
Weighted Precision: 0.9941, Weighted Recall: 0.9747, Weighted F1-Score: 0.9839
Precision: 0.9941, Recall: 0.9747, F1-Score: 0.9839
Fold 1, Epoch 90, Train Loss: 1.7591, Val Loss: 1.5835, Val Acc: 0.9765
Precision: 0.9944, Recall: 0.9819, F1-Score: 0.9877
Fold 1, Epoch 91, Train Loss: 1.7344, Val Loss: 1.5712, Val Acc: 0.9820
Precision: 0.9943, Recall: 0.9839, F1-Score: 0.9888
Fold 1, Epoch 92, Train Loss: 1.6776, Val Loss: 1.5836, Val Acc: 0.9837
Precision: 0.9941, Recall: 0.9771, F1-Score: 0.9852
Fold 1, Epoch 93, Train Loss: 1.6528, Val Loss: 1.5167, Val Acc: 0.9777
Precision: 0.9942, Recall: 0.9825, F1-Score: 0.9879
Fold 1, Epoch 94, Train Loss: 1.6620, Val Loss: 1.5314, Val Acc: 0.9829
Precision: 0.9941, Recall: 0.9766, F1-Score: 0.9849
Fold 1, Epoch 95, Train Loss: 1.6242, Val Loss: 1.5380, Val Acc: 0.9774
Precision: 0.9940, Recall: 0.9830, F1-Score: 0.9882
Fold 1, Epoch 96, Train Loss: 1.6002, Val Loss: 1.5633, Val Acc: 0.9828
Precision: 0.9941, Recall: 0.9778, F1-Score: 0.9854
Fold 1, Epoch 97, Train Loss: 1.6254, Val Loss: 1.5247, Val Acc: 0.9778
Precision: 0.9943, Recall: 0.9792, F1-Score: 0.9862
Fold 1, Epoch 98, Train Loss: 1.5940, Val Loss: 1.4849, Val Acc: 0.9789
Precision: 0.9941, Recall: 0.9840, F1-Score: 0.9887
Fold 1, Epoch 99, Train Loss: 1.6160, Val Loss: 1.5447, Val Acc: 0.9831

--- Epoch 100 ---
--- Epoch 100 ---
--- Epoch 100 ---



--- Epoch 100 ---
Class Weights: [2.1182575e-05 5.6127068e-02 5.6127068e-02 5.9477936e-02 5.6928884e-02
 5.3851645e-02 5.3851645e-02 4.9812771e-02 5.9477936e-02 5.6127068e-02
 6.1308030e-02 5.1753532e-02 5.3851645e-02 6.0379118e-02 5.6928884e-02
 4.9197800e-02 5.4589339e-02 5.2434497e-02 5.7753939e-02]Class Weights: [2.1182575e-05 5.6127068e-02 5.6127068e-02 5.9477936e-02 5.6928884e-02
 5.3851645e-02 5.3851645e-02 4.9812771e-02 5.9477936e-02 5.6127068e-02
 6.1308030e-02 5.1753532e-02 5.3851645e-02 6.0379118e-02 5.6928884e-02
 4.9197800e-02 5.4589339e-02 5.2434497e-02 5.7753939e-02]Class Weights: [2.1182575e-05 5.6127068e-02 5.6127068e-02 5.9477936e-02 5.6928884e-02
 5.3851645e-02 5.3851645e-02 4.9812771e-02 5.9477936e-02 5.6127068e-02
 6.1308030e-02 5.1753532e-02 5.3851645e-02 6.0379118e-02 5.6928884e-02
 4.9197800e-02 5.4589339e-02 5.2434497e-02 5.7753939e-02]

Class Weights: [2.1182575e-05 5.6127068e-02 5.6127068e-02 5.9477936e-02 5.6928884e-02
 5.3851645e-02 5.3851645e-02 4.9812771e-02 5.9477936e-02 5.6127068e-02
 6.1308030e-02 5.1753532e-02 5.3851645e-02 6.0379118e-02 5.6928884e-02
 4.9197800e-02 5.4589339e-02 5.2434497e-02 5.7753939e-02]Learning Rate: 0.0005
Learning Rate: 0.0005


Learning Rate: 0.0005Learning Rate: 0.0005

Train Loss: 1.5675, Val Loss: 1.4011Train Loss: 1.5675, Val Loss: 1.4011

Train Loss: 1.5675, Val Loss: 1.4011Train Loss: 1.5675, Val Loss: 1.4011

Per-Class Precision: [0.99998616 0.0443299  0.43452381 0.44368601 0.07238606 0.1627907
 0.10559006 0.02705224 0.09883721 0.07874016 0.075      0.0625
 0.11860465 0.11019284 0.0110117  0.28440367 0.19444444 0.18556701
 0.21785714]
Per-Class Recall: [0.98295623 0.43       0.48666667 0.86666667 0.27       0.49
 0.34       0.38666667 0.17       0.13333333 0.192      0.02
 0.408      0.22857143 0.21333333 0.31       0.04       0.48
 0.81333333]
Per-Class F1-Score: [0.99139806 0.08037383 0.4591195  0.58690745 0.1141649  0.24438903
 0.16113744 0.0505667  0.125      0.0990099  0.10786517 0.03030303
 0.18378378 0.14869888 0.02094241 0.29665072 0.06635071 0.26765799
 0.34366197]
Support per Class: [293949    100    150    150    100    100    100     75    100     75
    125    150    125    175     75    100    175     75     75]
Weighted Precision: 0.9943, Weighted Recall: 0.9785, Weighted F1-Score: 0.9860
Precision: 0.9943, Recall: 0.9785, F1-Score: 0.9860
Fold 1, Epoch 100, Train Loss: 1.5675, Val Loss: 1.4011, Val Acc: 0.9793
Precision: 0.9943, Recall: 0.9846, F1-Score: 0.9890
Fold 1, Epoch 101, Train Loss: 1.5781, Val Loss: 1.4038, Val Acc: 0.9837
Precision: 0.9943, Recall: 0.9784, F1-Score: 0.9859
Fold 1, Epoch 102, Train Loss: 1.5688, Val Loss: 1.4489, Val Acc: 0.9796
Precision: 0.9945, Recall: 0.9803, F1-Score: 0.9868
Fold 1, Epoch 103, Train Loss: 1.5871, Val Loss: 1.3956, Val Acc: 0.9810
Precision: 0.9942, Recall: 0.9767, F1-Score: 0.9850
Fold 1, Epoch 104, Train Loss: 1.5640, Val Loss: 1.4598, Val Acc: 0.9788
Precision: 0.9942, Recall: 0.9831, F1-Score: 0.9882
Fold 1, Epoch 105, Train Loss: 1.5550, Val Loss: 1.3937, Val Acc: 0.9825
Precision: 0.9942, Recall: 0.9814, F1-Score: 0.9873
Fold 1, Epoch 106, Train Loss: 1.5543, Val Loss: 1.4128, Val Acc: 0.9819
Precision: 0.9943, Recall: 0.9808, F1-Score: 0.9872
Fold 1, Epoch 107, Train Loss: 1.5253, Val Loss: 1.3564, Val Acc: 0.9819
Precision: 0.9942, Recall: 0.9731, F1-Score: 0.9831
Fold 1, Epoch 108, Train Loss: 1.5159, Val Loss: 1.3665, Val Acc: 0.9747
Precision: 0.9945, Recall: 0.9815, F1-Score: 0.9874
Fold 1, Epoch 109, Train Loss: 1.4797, Val Loss: 1.3216, Val Acc: 0.9818

--- Epoch 110 ---
--- Epoch 110 ---
--- Epoch 110 ---



--- Epoch 110 ---
Class Weights: [2.1182575e-05 5.6127068e-02 5.6127068e-02 5.9477936e-02 5.6928884e-02
 5.3851645e-02 5.3851645e-02 4.9812771e-02 5.9477936e-02 5.6127068e-02
 6.1308030e-02 5.1753532e-02 5.3851645e-02 6.0379118e-02 5.6928884e-02
 4.9197800e-02 5.4589339e-02 5.2434497e-02 5.7753939e-02]
Class Weights: [2.1182575e-05 5.6127068e-02 5.6127068e-02 5.9477936e-02 5.6928884e-02
 5.3851645e-02 5.3851645e-02 4.9812771e-02 5.9477936e-02 5.6127068e-02
 6.1308030e-02 5.1753532e-02 5.3851645e-02 6.0379118e-02 5.6928884e-02
 4.9197800e-02 5.4589339e-02 5.2434497e-02 5.7753939e-02]Class Weights: [2.1182575e-05 5.6127068e-02 5.6127068e-02 5.9477936e-02 5.6928884e-02
 5.3851645e-02 5.3851645e-02 4.9812771e-02 5.9477936e-02 5.6127068e-02
 6.1308030e-02 5.1753532e-02 5.3851645e-02 6.0379118e-02 5.6928884e-02
 4.9197800e-02 5.4589339e-02 5.2434497e-02 5.7753939e-02]Class Weights: [2.1182575e-05 5.6127068e-02 5.6127068e-02 5.9477936e-02 5.6928884e-02
 5.3851645e-02 5.3851645e-02 4.9812771e-02 5.9477936e-02 5.6127068e-02
 6.1308030e-02 5.1753532e-02 5.3851645e-02 6.0379118e-02 5.6928884e-02
 4.9197800e-02 5.4589339e-02 5.2434497e-02 5.7753939e-02]Learning Rate: 0.0005



Learning Rate: 0.0005Learning Rate: 0.0005
Learning Rate: 0.0005

Train Loss: 1.4896, Val Loss: 1.3303
Train Loss: 1.4896, Val Loss: 1.3303Train Loss: 1.4896, Val Loss: 1.3303

Train Loss: 1.4896, Val Loss: 1.3303
Per-Class Precision: [0.99998619 0.30731707 0.39245283 0.62068966 0.10204082 0.12585034
 0.03212851 0.08849558 0.10526316 0.03474903 0.02790698 0.04081633
 0.09606987 0.14054054 0.11184211 0.15801354 0.28387097 0.20576132
 0.30810811]
Per-Class Recall: [0.98526275 0.63       0.69333333 0.6        0.15       0.37
 0.24       0.4        0.02       0.24       0.432      0.04
 0.176      0.14857143 0.22666667 0.7        0.25142857 0.66666667
 0.76      ]
Per-Class F1-Score: [0.99256987 0.41311475 0.50120482 0.61016949 0.12145749 0.18781726
 0.0566706  0.14492754 0.03361345 0.06070826 0.05242718 0.04040404
 0.12429379 0.14444444 0.14977974 0.25782689 0.26666667 0.31446541
 0.43846154]
Support per Class: [293949    100    150    150    100    100    100     75    100     75
    125    150    125    175     75    100    175     75     75]
Weighted Precision: 0.9945, Weighted Recall: 0.9810, Weighted F1-Score: 0.9873
Precision: 0.9945, Recall: 0.9810, F1-Score: 0.9873
Fold 1, Epoch 110, Train Loss: 1.4896, Val Loss: 1.3303, Val Acc: 0.9814
Precision: 0.9946, Recall: 0.9836, F1-Score: 0.9887
Fold 1, Epoch 111, Train Loss: 1.4411, Val Loss: 1.3744, Val Acc: 0.9832
Precision: 0.9945, Recall: 0.9785, F1-Score: 0.9859
Fold 1, Epoch 112, Train Loss: 1.4770, Val Loss: 1.2858, Val Acc: 0.9782
Precision: 0.9945, Recall: 0.9817, F1-Score: 0.9876
Fold 1, Epoch 113, Train Loss: 1.3888, Val Loss: 1.3187, Val Acc: 0.9809
Precision: 0.9947, Recall: 0.9801, F1-Score: 0.9869
Fold 1, Epoch 114, Train Loss: 1.4247, Val Loss: 1.2886, Val Acc: 0.9809
Precision: 0.9946, Recall: 0.9789, F1-Score: 0.9863
Fold 1, Epoch 115, Train Loss: 1.3998, Val Loss: 1.4522, Val Acc: 0.9809
Precision: 0.9940, Recall: 0.9748, F1-Score: 0.9838
Fold 1, Epoch 116, Train Loss: 1.5233, Val Loss: 1.3696, Val Acc: 0.9754
Precision: 0.9945, Recall: 0.9676, F1-Score: 0.9803
Fold 1, Epoch 117, Train Loss: 1.3981, Val Loss: 1.2838, Val Acc: 0.9712
Precision: 0.9946, Recall: 0.9793, F1-Score: 0.9866
Fold 1, Epoch 118, Train Loss: 1.4336, Val Loss: 1.3576, Val Acc: 0.9801
Precision: 0.9950, Recall: 0.9872, F1-Score: 0.9906
Fold 1, Epoch 119, Train Loss: 1.3618, Val Loss: 1.2061, Val Acc: 0.9860

--- Epoch 120 ---
--- Epoch 120 ---
--- Epoch 120 ---



--- Epoch 120 ---
Class Weights: [2.1182575e-05 5.6127068e-02 5.6127068e-02 5.9477936e-02 5.6928884e-02
 5.3851645e-02 5.3851645e-02 4.9812771e-02 5.9477936e-02 5.6127068e-02
 6.1308030e-02 5.1753532e-02 5.3851645e-02 6.0379118e-02 5.6928884e-02
 4.9197800e-02 5.4589339e-02 5.2434497e-02 5.7753939e-02]Class Weights: [2.1182575e-05 5.6127068e-02 5.6127068e-02 5.9477936e-02 5.6928884e-02
 5.3851645e-02 5.3851645e-02 4.9812771e-02 5.9477936e-02 5.6127068e-02
 6.1308030e-02 5.1753532e-02 5.3851645e-02 6.0379118e-02 5.6928884e-02
 4.9197800e-02 5.4589339e-02 5.2434497e-02 5.7753939e-02]Class Weights: [2.1182575e-05 5.6127068e-02 5.6127068e-02 5.9477936e-02 5.6928884e-02
 5.3851645e-02 5.3851645e-02 4.9812771e-02 5.9477936e-02 5.6127068e-02
 6.1308030e-02 5.1753532e-02 5.3851645e-02 6.0379118e-02 5.6928884e-02
 4.9197800e-02 5.4589339e-02 5.2434497e-02 5.7753939e-02]


Learning Rate: 0.0005Learning Rate: 0.0005Learning Rate: 0.0005


Class Weights: [2.1182575e-05 5.6127068e-02 5.6127068e-02 5.9477936e-02 5.6928884e-02
 5.3851645e-02 5.3851645e-02 4.9812771e-02 5.9477936e-02 5.6127068e-02
 6.1308030e-02 5.1753532e-02 5.3851645e-02 6.0379118e-02 5.6928884e-02
 4.9197800e-02 5.4589339e-02 5.2434497e-02 5.7753939e-02]
Learning Rate: 0.0005
Train Loss: 1.3642, Val Loss: 1.1702Train Loss: 1.3642, Val Loss: 1.1702Train Loss: 1.3642, Val Loss: 1.1702


Train Loss: 1.3642, Val Loss: 1.1702
Per-Class Precision: [0.99999306 0.14878893 0.42567568 0.30349345 0.01973684 0.15776081
 0.0435133  0.03243243 0.16666667 0.03225806 0.02886076 0.00819672
 0.08264463 0.42857143 0.04651163 0.33064516 0.26495726 0.23595506
 0.28767123]
Per-Class Recall: [0.98072455 0.86       0.42       0.92666667 0.03       0.62
 0.54       0.16       0.23       0.34666667 0.456      0.00666667
 0.24       0.12       0.16       0.41       0.17714286 0.56
 0.84      ]
Per-Class F1-Score: [0.99026508 0.25368732 0.42281879 0.45723684 0.02380952 0.2515213
 0.08053691 0.05393258 0.19327731 0.05902384 0.05428571 0.00735294
 0.12295082 0.1875     0.07207207 0.36607143 0.21232877 0.33201581
 0.42857143]
Support per Class: [293949    100    150    150    100    100    100     75    100     75
    125    150    125    175     75    100    175     75     75]
Weighted Precision: 0.9944, Weighted Recall: 0.9766, Weighted F1-Score: 0.9849
Precision: 0.9944, Recall: 0.9766, F1-Score: 0.9849
Fold 1, Epoch 120, Train Loss: 1.3642, Val Loss: 1.1702, Val Acc: 0.9772
Precision: 0.9944, Recall: 0.9806, F1-Score: 0.9870
Fold 1, Epoch 121, Train Loss: 1.2957, Val Loss: 1.2105, Val Acc: 0.9809
Precision: 0.9947, Recall: 0.9734, F1-Score: 0.9834
Fold 1, Epoch 122, Train Loss: 1.3166, Val Loss: 1.2478, Val Acc: 0.9754
Precision: 0.9947, Recall: 0.9873, F1-Score: 0.9906
Fold 1, Epoch 123, Train Loss: 1.3850, Val Loss: 1.1980, Val Acc: 0.9868
Precision: 0.9941, Recall: 0.9632, F1-Score: 0.9779
Fold 1, Epoch 124, Train Loss: 1.3894, Val Loss: 1.2835, Val Acc: 0.9618
Precision: 0.9944, Recall: 0.9824, F1-Score: 0.9879
Fold 1, Epoch 125, Train Loss: 1.4060, Val Loss: 1.2475, Val Acc: 0.9823
Precision: 0.9947, Recall: 0.9718, F1-Score: 0.9826
Fold 1, Epoch 126, Train Loss: 1.3032, Val Loss: 1.1037, Val Acc: 0.9735
Precision: 0.9947, Recall: 0.9842, F1-Score: 0.9890
Fold 1, Epoch 127, Train Loss: 1.2670, Val Loss: 1.1526, Val Acc: 0.9839
Precision: 0.9948, Recall: 0.9808, F1-Score: 0.9873
Fold 1, Epoch 128, Train Loss: 1.2779, Val Loss: 1.1407, Val Acc: 0.9813
Precision: 0.9948, Recall: 0.9848, F1-Score: 0.9893
Fold 1, Epoch 129, Train Loss: 1.2476, Val Loss: 1.0573, Val Acc: 0.9840

--- Epoch 130 ---
--- Epoch 130 ---


--- Epoch 130 ---

--- Epoch 130 ---
Class Weights: [2.1182575e-05 5.6127068e-02 5.6127068e-02 5.9477936e-02 5.6928884e-02
 5.3851645e-02 5.3851645e-02 4.9812771e-02 5.9477936e-02 5.6127068e-02
 6.1308030e-02 5.1753532e-02 5.3851645e-02 6.0379118e-02 5.6928884e-02
 4.9197800e-02 5.4589339e-02 5.2434497e-02 5.7753939e-02]Class Weights: [2.1182575e-05 5.6127068e-02 5.6127068e-02 5.9477936e-02 5.6928884e-02
 5.3851645e-02 5.3851645e-02 4.9812771e-02 5.9477936e-02 5.6127068e-02
 6.1308030e-02 5.1753532e-02 5.3851645e-02 6.0379118e-02 5.6928884e-02
 4.9197800e-02 5.4589339e-02 5.2434497e-02 5.7753939e-02]

Class Weights: [2.1182575e-05 5.6127068e-02 5.6127068e-02 5.9477936e-02 5.6928884e-02
 5.3851645e-02 5.3851645e-02 4.9812771e-02 5.9477936e-02 5.6127068e-02
 6.1308030e-02 5.1753532e-02 5.3851645e-02 6.0379118e-02 5.6928884e-02
 4.9197800e-02 5.4589339e-02 5.2434497e-02 5.7753939e-02]Learning Rate: 0.0005Learning Rate: 0.0005


Learning Rate: 0.0005Class Weights: [2.1182575e-05 5.6127068e-02 5.6127068e-02 5.9477936e-02 5.6928884e-02
 5.3851645e-02 5.3851645e-02 4.9812771e-02 5.9477936e-02 5.6127068e-02
 6.1308030e-02 5.1753532e-02 5.3851645e-02 6.0379118e-02 5.6928884e-02
 4.9197800e-02 5.4589339e-02 5.2434497e-02 5.7753939e-02]

Learning Rate: 0.0005
Train Loss: 1.2420, Val Loss: 1.1462Train Loss: 1.2420, Val Loss: 1.1462

Train Loss: 1.2420, Val Loss: 1.1462
Train Loss: 1.2420, Val Loss: 1.1462
Per-Class Precision: [0.99999651 0.02376551 0.42704626 0.56140351 0.19254658 0.17156863
 0.105      0.02955665 0.16339869 0.03486239 0.05150215 0.06629834
 0.0234375  0.36923077 0.11428571 0.203125   0.2516129  0.1928934
 0.29012346]
Per-Class Recall: [0.97360767 0.9        0.8        0.85333333 0.31       0.7
 0.42       0.32       0.25       0.50666667 0.48       0.16
 0.024      0.27428571 0.05333333 0.26       0.22285714 0.50666667
 0.62666667]
Per-Class F1-Score: [0.98662567 0.04630821 0.55684455 0.67724868 0.23754789 0.27559055
 0.168      0.05411499 0.19762846 0.06523605 0.09302326 0.09375
 0.02371542 0.3147541  0.07272727 0.22807018 0.23636364 0.27941176
 0.39662447]
Support per Class: [293949    100    150    150    100    100    100     75    100     75
    125    150    125    175     75    100    175     75     75]
Weighted Precision: 0.9945, Weighted Recall: 0.9698, Weighted F1-Score: 0.9815
Precision: 0.9945, Recall: 0.9698, F1-Score: 0.9815
Fold 1, Epoch 130, Train Loss: 1.2420, Val Loss: 1.1462, Val Acc: 0.9712
Precision: 0.9943, Recall: 0.9772, F1-Score: 0.9851
Fold 1, Epoch 131, Train Loss: 1.2558, Val Loss: 1.0964, Val Acc: 0.9770
Precision: 0.9948, Recall: 0.9841, F1-Score: 0.9890
Fold 1, Epoch 132, Train Loss: 1.2534, Val Loss: 1.0814, Val Acc: 0.9836
Precision: 0.9945, Recall: 0.9800, F1-Score: 0.9868
Fold 1, Epoch 133, Train Loss: 1.2034, Val Loss: 1.1154, Val Acc: 0.9786
Precision: 0.9950, Recall: 0.9818, F1-Score: 0.9879
Fold 1, Epoch 134, Train Loss: 1.2685, Val Loss: 1.1607, Val Acc: 0.9829
Precision: 0.9949, Recall: 0.9713, F1-Score: 0.9824
Fold 1, Epoch 135, Train Loss: 1.3319, Val Loss: 1.0160, Val Acc: 0.9743
Precision: 0.9945, Recall: 0.9794, F1-Score: 0.9864
Fold 1, Epoch 136, Train Loss: 1.2327, Val Loss: 1.0765, Val Acc: 0.9791
Precision: 0.9947, Recall: 0.9779, F1-Score: 0.9857
Fold 1, Epoch 137, Train Loss: 1.2374, Val Loss: 1.1135, Val Acc: 0.9768
Precision: 0.9946, Recall: 0.9768, F1-Score: 0.9851
Fold 1, Epoch 138, Train Loss: 1.2164, Val Loss: 1.0083, Val Acc: 0.9770
Precision: 0.9947, Recall: 0.9796, F1-Score: 0.9867
Fold 1, Epoch 139, Train Loss: 1.1651, Val Loss: 0.9828, Val Acc: 0.9806

--- Epoch 140 ---
--- Epoch 140 ---
--- Epoch 140 ---



--- Epoch 140 ---
Class Weights: [2.1182575e-05 5.6127068e-02 5.6127068e-02 5.9477936e-02 5.6928884e-02
 5.3851645e-02 5.3851645e-02 4.9812771e-02 5.9477936e-02 5.6127068e-02
 6.1308030e-02 5.1753532e-02 5.3851645e-02 6.0379118e-02 5.6928884e-02
 4.9197800e-02 5.4589339e-02 5.2434497e-02 5.7753939e-02]Class Weights: [2.1182575e-05 5.6127068e-02 5.6127068e-02 5.9477936e-02 5.6928884e-02
 5.3851645e-02 5.3851645e-02 4.9812771e-02 5.9477936e-02 5.6127068e-02
 6.1308030e-02 5.1753532e-02 5.3851645e-02 6.0379118e-02 5.6928884e-02
 4.9197800e-02 5.4589339e-02 5.2434497e-02 5.7753939e-02]Class Weights: [2.1182575e-05 5.6127068e-02 5.6127068e-02 5.9477936e-02 5.6928884e-02
 5.3851645e-02 5.3851645e-02 4.9812771e-02 5.9477936e-02 5.6127068e-02
 6.1308030e-02 5.1753532e-02 5.3851645e-02 6.0379118e-02 5.6928884e-02
 4.9197800e-02 5.4589339e-02 5.2434497e-02 5.7753939e-02]


Class Weights: [2.1182575e-05 5.6127068e-02 5.6127068e-02 5.9477936e-02 5.6928884e-02
 5.3851645e-02 5.3851645e-02 4.9812771e-02 5.9477936e-02 5.6127068e-02
 6.1308030e-02 5.1753532e-02 5.3851645e-02 6.0379118e-02 5.6928884e-02
 4.9197800e-02 5.4589339e-02 5.2434497e-02 5.7753939e-02]Learning Rate: 0.0005Learning Rate: 0.0005Learning Rate: 0.0005



Learning Rate: 0.0005
Train Loss: 1.1883, Val Loss: 0.9991
Train Loss: 1.1883, Val Loss: 0.9991Train Loss: 1.1883, Val Loss: 0.9991Train Loss: 1.1883, Val Loss: 0.9991


Per-Class Precision: [0.99998622 0.32653061 0.48453608 0.73053892 0.24545455 0.19331742
 0.06750392 0.13095238 0.26732673 0.09964413 0.18421053 0.05714286
 0.12944984 0.19883041 0.01402806 0.16666667 0.4609375  0.2739726
 0.33536585]
Per-Class Recall: [0.98746381 0.96       0.62666667 0.81333333 0.27       0.81
 0.43       0.29333333 0.27       0.37333333 0.336      0.01333333
 0.32       0.58285714 0.28       0.19       0.67428571 0.8
 0.73333333]
Per-Class F1-Score: [0.99368557 0.48730964 0.54651163 0.76971609 0.25714286 0.31213873
 0.11668928 0.18106996 0.26865672 0.15730337 0.23796034 0.02162162
 0.1843318  0.29651163 0.02671756 0.17757009 0.54756381 0.40816327
 0.46025105]
Support per Class: [293949    100    150    150    100    100    100     75    100     75
    125    150    125    175     75    100    175     75     75]
Weighted Precision: 0.9950, Weighted Recall: 0.9841, Weighted F1-Score: 0.9891
Precision: 0.9950, Recall: 0.9841, F1-Score: 0.9891
Fold 1, Epoch 140, Train Loss: 1.1883, Val Loss: 0.9991, Val Acc: 0.9843
Precision: 0.9947, Recall: 0.9718, F1-Score: 0.9824
Fold 1, Epoch 141, Train Loss: 1.1906, Val Loss: 1.0240, Val Acc: 0.9723
Precision: 0.9947, Recall: 0.9803, F1-Score: 0.9868
Fold 1, Epoch 142, Train Loss: 1.1812, Val Loss: 1.0932, Val Acc: 0.9798
Precision: 0.9945, Recall: 0.9803, F1-Score: 0.9869
Fold 1, Epoch 143, Train Loss: 1.1864, Val Loss: 0.9841, Val Acc: 0.9797
Precision: 0.9950, Recall: 0.9815, F1-Score: 0.9877
Fold 1, Epoch 144, Train Loss: 1.1639, Val Loss: 0.9603, Val Acc: 0.9815
Precision: 0.9950, Recall: 0.9776, F1-Score: 0.9856
Fold 1, Epoch 145, Train Loss: 1.1659, Val Loss: 0.9612, Val Acc: 0.9778
Precision: 0.9947, Recall: 0.9793, F1-Score: 0.9864
Fold 1, Epoch 146, Train Loss: 1.1138, Val Loss: 0.9522, Val Acc: 0.9800
Precision: 0.9948, Recall: 0.9825, F1-Score: 0.9881
Fold 1, Epoch 147, Train Loss: 1.1143, Val Loss: 0.9871, Val Acc: 0.9827
Precision: 0.9948, Recall: 0.9785, F1-Score: 0.9861
Fold 1, Epoch 148, Train Loss: 1.1600, Val Loss: 1.0012, Val Acc: 0.9779
Precision: 0.9948, Recall: 0.9794, F1-Score: 0.9865
Fold 1, Epoch 149, Train Loss: 1.0901, Val Loss: 0.9469, Val Acc: 0.9796

--- Epoch 150 ---
--- Epoch 150 ---
--- Epoch 150 ---



--- Epoch 150 ---
Class Weights: [2.1182575e-05 5.6127068e-02 5.6127068e-02 5.9477936e-02 5.6928884e-02
 5.3851645e-02 5.3851645e-02 4.9812771e-02 5.9477936e-02 5.6127068e-02
 6.1308030e-02 5.1753532e-02 5.3851645e-02 6.0379118e-02 5.6928884e-02
 4.9197800e-02 5.4589339e-02 5.2434497e-02 5.7753939e-02]Class Weights: [2.1182575e-05 5.6127068e-02 5.6127068e-02 5.9477936e-02 5.6928884e-02
 5.3851645e-02 5.3851645e-02 4.9812771e-02 5.9477936e-02 5.6127068e-02
 6.1308030e-02 5.1753532e-02 5.3851645e-02 6.0379118e-02 5.6928884e-02
 4.9197800e-02 5.4589339e-02 5.2434497e-02 5.7753939e-02]Class Weights: [2.1182575e-05 5.6127068e-02 5.6127068e-02 5.9477936e-02 5.6928884e-02
 5.3851645e-02 5.3851645e-02 4.9812771e-02 5.9477936e-02 5.6127068e-02
 6.1308030e-02 5.1753532e-02 5.3851645e-02 6.0379118e-02 5.6928884e-02
 4.9197800e-02 5.4589339e-02 5.2434497e-02 5.7753939e-02]

Class Weights: [2.1182575e-05 5.6127068e-02 5.6127068e-02 5.9477936e-02 5.6928884e-02
 5.3851645e-02 5.3851645e-02 4.9812771e-02 5.9477936e-02 5.6127068e-02
 6.1308030e-02 5.1753532e-02 5.3851645e-02 6.0379118e-02 5.6928884e-02
 4.9197800e-02 5.4589339e-02 5.2434497e-02 5.7753939e-02]
Learning Rate: 0.0005Learning Rate: 0.0005


Learning Rate: 0.0005Learning Rate: 0.0005

Train Loss: 1.1375, Val Loss: 0.9444Train Loss: 1.1375, Val Loss: 0.9444

Train Loss: 1.1375, Val Loss: 0.9444Train Loss: 1.1375, Val Loss: 0.9444

Per-Class Precision: [0.99999307 0.24932976 0.4335443  0.65445026 0.19105691 0.19230769
 0.08319739 0.05462185 0.19354839 0.06748466 0.02520046 0.08196721
 0.         0.16969697 0.06875    0.20704846 0.50515464 0.29775281
 0.23890785]
Per-Class Recall: [0.98242552 0.93       0.91333333 0.83333333 0.47       0.55
 0.51       0.17333333 0.24       0.44       0.528      0.03333333
 0.         0.64       0.14666667 0.47       0.28       0.70666667
 0.93333333]
Per-Class F1-Score: [0.99113146 0.39323467 0.58798283 0.73313783 0.2716763  0.28497409
 0.1430575  0.08306709 0.21428571 0.11702128 0.04810496 0.04739336
 0.         0.26826347 0.09361702 0.28746177 0.36029412 0.41897233
 0.38043478]
Support per Class: [293949    100    150    150    100    100    100     75    100     75
    125    150    125    175     75    100    175     75     75]
Weighted Precision: 0.9947, Weighted Recall: 0.9791, Weighted F1-Score: 0.9863
Precision: 0.9947, Recall: 0.9791, F1-Score: 0.9863
Fold 1, Epoch 150, Train Loss: 1.1375, Val Loss: 0.9444, Val Acc: 0.9801
Precision: 0.9950, Recall: 0.9759, F1-Score: 0.9847
Fold 1, Epoch 151, Train Loss: 1.1250, Val Loss: 0.9462, Val Acc: 0.9761
Precision: 0.9949, Recall: 0.9774, F1-Score: 0.9855
Fold 1, Epoch 152, Train Loss: 1.0911, Val Loss: 0.9331, Val Acc: 0.9782
Precision: 0.9948, Recall: 0.9760, F1-Score: 0.9848
Fold 1, Epoch 153, Train Loss: 1.1036, Val Loss: 0.9133, Val Acc: 0.9770
Precision: 0.9949, Recall: 0.9768, F1-Score: 0.9852
Fold 1, Epoch 154, Train Loss: 1.1259, Val Loss: 0.9075, Val Acc: 0.9766
Precision: 0.9949, Recall: 0.9854, F1-Score: 0.9897
Fold 1, Epoch 155, Train Loss: 1.1346, Val Loss: 0.9428, Val Acc: 0.9845
Precision: 0.9947, Recall: 0.9827, F1-Score: 0.9881
Fold 1, Epoch 156, Train Loss: 1.1638, Val Loss: 0.9334, Val Acc: 0.9817
Precision: 0.9946, Recall: 0.9691, F1-Score: 0.9811
Fold 1, Epoch 157, Train Loss: 1.1257, Val Loss: 0.9862, Val Acc: 0.9716
Precision: 0.9945, Recall: 0.9617, F1-Score: 0.9772
Fold 1, Epoch 158, Train Loss: 1.1101, Val Loss: 0.9905, Val Acc: 0.9640
Precision: 0.9950, Recall: 0.9812, F1-Score: 0.9875
Fold 1, Epoch 159, Train Loss: 1.0937, Val Loss: 0.9135, Val Acc: 0.9807

--- Epoch 160 ---
--- Epoch 160 ---
--- Epoch 160 ---



--- Epoch 160 ---
Class Weights: [2.1182575e-05 5.6127068e-02 5.6127068e-02 5.9477936e-02 5.6928884e-02
 5.3851645e-02 5.3851645e-02 4.9812771e-02 5.9477936e-02 5.6127068e-02
 6.1308030e-02 5.1753532e-02 5.3851645e-02 6.0379118e-02 5.6928884e-02
 4.9197800e-02 5.4589339e-02 5.2434497e-02 5.7753939e-02]Class Weights: [2.1182575e-05 5.6127068e-02 5.6127068e-02 5.9477936e-02 5.6928884e-02
 5.3851645e-02 5.3851645e-02 4.9812771e-02 5.9477936e-02 5.6127068e-02
 6.1308030e-02 5.1753532e-02 5.3851645e-02 6.0379118e-02 5.6928884e-02
 4.9197800e-02 5.4589339e-02 5.2434497e-02 5.7753939e-02]Class Weights: [2.1182575e-05 5.6127068e-02 5.6127068e-02 5.9477936e-02 5.6928884e-02
 5.3851645e-02 5.3851645e-02 4.9812771e-02 5.9477936e-02 5.6127068e-02
 6.1308030e-02 5.1753532e-02 5.3851645e-02 6.0379118e-02 5.6928884e-02
 4.9197800e-02 5.4589339e-02 5.2434497e-02 5.7753939e-02]


Learning Rate: 0.0005Learning Rate: 0.0005Learning Rate: 0.0005


Train Loss: 1.1132, Val Loss: 0.9341Train Loss: 1.1132, Val Loss: 0.9341Class Weights: [2.1182575e-05 5.6127068e-02 5.6127068e-02 5.9477936e-02 5.6928884e-02
 5.3851645e-02 5.3851645e-02 4.9812771e-02 5.9477936e-02 5.6127068e-02
 6.1308030e-02 5.1753532e-02 5.3851645e-02 6.0379118e-02 5.6928884e-02
 4.9197800e-02 5.4589339e-02 5.2434497e-02 5.7753939e-02]
Train Loss: 1.1132, Val Loss: 0.9341


Learning Rate: 0.0005
Train Loss: 1.1132, Val Loss: 0.9341
Per-Class Precision: [1.         0.0520073  0.42523364 0.49626866 0.12087912 0.17168675
 0.04306569 0.05555556 0.24390244 0.02067947 0.02581996 0.08910891
 0.1010453  0.22137405 0.11206897 0.18257261 0.43627451 0.27777778
 0.39837398]
Per-Class Recall: [0.97899295 0.57       0.60666667 0.88666667 0.11       0.57
 0.59       0.01333333 0.5        0.37333333 0.296      0.06
 0.464      0.33142857 0.17333333 0.44       0.50857143 0.73333333
 0.65333333]
Per-Class F1-Score: [0.98938498 0.09531773 0.5        0.63636364 0.11518325 0.26388889
 0.08027211 0.02150538 0.32786885 0.03918824 0.04749679 0.07171315
 0.16595136 0.26544622 0.13612565 0.25806452 0.46965699 0.4029304
 0.49494949]
Support per Class: [293949    100    150    150    100    100    100     75    100     75
    125    150    125    175     75    100    175     75     75]
Weighted Precision: 0.9946, Weighted Recall: 0.9753, Weighted F1-Score: 0.9844
Precision: 0.9946, Recall: 0.9753, F1-Score: 0.9844
Fold 1, Epoch 160, Train Loss: 1.1132, Val Loss: 0.9341, Val Acc: 0.9753
Precision: 0.9949, Recall: 0.9865, F1-Score: 0.9903
Fold 1, Epoch 161, Train Loss: 1.1016, Val Loss: 0.9363, Val Acc: 0.9859
Precision: 0.9949, Recall: 0.9492, F1-Score: 0.9708
Fold 1, Epoch 162, Train Loss: 1.0633, Val Loss: 0.9099, Val Acc: 0.9544
Precision: 0.9949, Recall: 0.9791, F1-Score: 0.9865
Fold 1, Epoch 163, Train Loss: 1.0829, Val Loss: 1.0125, Val Acc: 0.9814
Precision: 0.9946, Recall: 0.9789, F1-Score: 0.9863
Fold 1, Epoch 164, Train Loss: 1.1507, Val Loss: 0.9683, Val Acc: 0.9800
Precision: 0.9949, Recall: 0.9788, F1-Score: 0.9862
Fold 1, Epoch 165, Train Loss: 1.1247, Val Loss: 0.9041, Val Acc: 0.9788
Precision: 0.9944, Recall: 0.9729, F1-Score: 0.9830
Fold 1, Epoch 166, Train Loss: 1.1060, Val Loss: 1.0320, Val Acc: 0.9727
Precision: 0.9949, Recall: 0.9813, F1-Score: 0.9875
Fold 1, Epoch 167, Train Loss: 1.1077, Val Loss: 0.9320, Val Acc: 0.9802
Precision: 0.9948, Recall: 0.9820, F1-Score: 0.9878
Fold 1, Epoch 168, Train Loss: 1.0842, Val Loss: 0.8866, Val Acc: 0.9819
Precision: 0.9947, Recall: 0.9712, F1-Score: 0.9822
Fold 1, Epoch 169, Train Loss: 1.0904, Val Loss: 0.8969, Val Acc: 0.9711

--- Epoch 170 ---
--- Epoch 170 ---
--- Epoch 170 ---



--- Epoch 170 ---
Class Weights: [2.1182575e-05 5.6127068e-02 5.6127068e-02 5.9477936e-02 5.6928884e-02
 5.3851645e-02 5.3851645e-02 4.9812771e-02 5.9477936e-02 5.6127068e-02
 6.1308030e-02 5.1753532e-02 5.3851645e-02 6.0379118e-02 5.6928884e-02
 4.9197800e-02 5.4589339e-02 5.2434497e-02 5.7753939e-02]Class Weights: [2.1182575e-05 5.6127068e-02 5.6127068e-02 5.9477936e-02 5.6928884e-02
 5.3851645e-02 5.3851645e-02 4.9812771e-02 5.9477936e-02 5.6127068e-02
 6.1308030e-02 5.1753532e-02 5.3851645e-02 6.0379118e-02 5.6928884e-02
 4.9197800e-02 5.4589339e-02 5.2434497e-02 5.7753939e-02]Class Weights: [2.1182575e-05 5.6127068e-02 5.6127068e-02 5.9477936e-02 5.6928884e-02
 5.3851645e-02 5.3851645e-02 4.9812771e-02 5.9477936e-02 5.6127068e-02
 6.1308030e-02 5.1753532e-02 5.3851645e-02 6.0379118e-02 5.6928884e-02
 4.9197800e-02 5.4589339e-02 5.2434497e-02 5.7753939e-02]

Class Weights: [2.1182575e-05 5.6127068e-02 5.6127068e-02 5.9477936e-02 5.6928884e-02
 5.3851645e-02 5.3851645e-02 4.9812771e-02 5.9477936e-02 5.6127068e-02
 6.1308030e-02 5.1753532e-02 5.3851645e-02 6.0379118e-02 5.6928884e-02
 4.9197800e-02 5.4589339e-02 5.2434497e-02 5.7753939e-02]
Learning Rate: 0.0005Learning Rate: 0.0005

Learning Rate: 0.0005
Learning Rate: 0.0005

Train Loss: 1.0725, Val Loss: 0.9060
Train Loss: 1.0725, Val Loss: 0.9060Train Loss: 1.0725, Val Loss: 0.9060
Train Loss: 1.0725, Val Loss: 0.9060

Per-Class Precision: [0.99999654 0.09902067 0.527897   0.64655172 0.16267943 0.20535714
 0.09259259 0.04770642 0.26285714 0.03557312 0.06789668 0.
 0.09667674 0.07317073 0.04918033 0.17197452 0.39830508 0.42962963
 0.36516854]
Per-Class Recall: [0.98461978 0.91       0.82       0.5        0.68       0.23
 0.1        0.34666667 0.46       0.48       0.736      0.
 0.512      0.01714286 0.08       0.27       0.53714286 0.77333333
 0.86666667]
Per-Class F1-Score: [0.99224859 0.17860648 0.64229765 0.56390977 0.26254826 0.21698113
 0.09615385 0.08387097 0.33454545 0.06623735 0.12432432 0.
 0.16264295 0.02777778 0.06091371 0.21011673 0.45742092 0.55238095
 0.51383399]
Support per Class: [293949    100    150    150    100    100    100     75    100     75
    125    150    125    175     75    100    175     75     75]
Weighted Precision: 0.9947, Weighted Recall: 0.9809, Weighted F1-Score: 0.9872
Precision: 0.9947, Recall: 0.9809, F1-Score: 0.9872
Fold 1, Epoch 170, Train Loss: 1.0725, Val Loss: 0.9060, Val Acc: 0.9807
Precision: 0.9950, Recall: 0.9709, F1-Score: 0.9822
Fold 1, Epoch 171, Train Loss: 1.0227, Val Loss: 0.8642, Val Acc: 0.9725
Precision: 0.9949, Recall: 0.9841, F1-Score: 0.9890
Fold 1, Epoch 172, Train Loss: 1.0423, Val Loss: 0.9130, Val Acc: 0.9845
Precision: 0.9946, Recall: 0.9731, F1-Score: 0.9832
Fold 1, Epoch 173, Train Loss: 1.0553, Val Loss: 0.8750, Val Acc: 0.9735
Precision: 0.9950, Recall: 0.9864, F1-Score: 0.9903
Fold 1, Epoch 174, Train Loss: 1.0393, Val Loss: 0.9084, Val Acc: 0.9863
Precision: 0.9949, Recall: 0.9635, F1-Score: 0.9784
Fold 1, Epoch 175, Train Loss: 1.0532, Val Loss: 0.8967, Val Acc: 0.9636
Precision: 0.9950, Recall: 0.9859, F1-Score: 0.9900
Fold 1, Epoch 176, Train Loss: 1.0491, Val Loss: 0.8701, Val Acc: 0.9849
Precision: 0.9949, Recall: 0.9763, F1-Score: 0.9850
Fold 1, Epoch 177, Train Loss: 0.9968, Val Loss: 0.8627, Val Acc: 0.9779
Precision: 0.9948, Recall: 0.9809, F1-Score: 0.9874
Fold 1, Epoch 178, Train Loss: 1.0249, Val Loss: 0.8832, Val Acc: 0.9821
Precision: 0.9949, Recall: 0.9785, F1-Score: 0.9861
Fold 1, Epoch 179, Train Loss: 1.0071, Val Loss: 0.8573, Val Acc: 0.9784

--- Epoch 180 ---
--- Epoch 180 ---
--- Epoch 180 ---



--- Epoch 180 ---
Class Weights: [2.1182575e-05 5.6127068e-02 5.6127068e-02 5.9477936e-02 5.6928884e-02
 5.3851645e-02 5.3851645e-02 4.9812771e-02 5.9477936e-02 5.6127068e-02
 6.1308030e-02 5.1753532e-02 5.3851645e-02 6.0379118e-02 5.6928884e-02
 4.9197800e-02 5.4589339e-02 5.2434497e-02 5.7753939e-02]Class Weights: [2.1182575e-05 5.6127068e-02 5.6127068e-02 5.9477936e-02 5.6928884e-02
 5.3851645e-02 5.3851645e-02 4.9812771e-02 5.9477936e-02 5.6127068e-02
 6.1308030e-02 5.1753532e-02 5.3851645e-02 6.0379118e-02 5.6928884e-02
 4.9197800e-02 5.4589339e-02 5.2434497e-02 5.7753939e-02]Class Weights: [2.1182575e-05 5.6127068e-02 5.6127068e-02 5.9477936e-02 5.6928884e-02
 5.3851645e-02 5.3851645e-02 4.9812771e-02 5.9477936e-02 5.6127068e-02
 6.1308030e-02 5.1753532e-02 5.3851645e-02 6.0379118e-02 5.6928884e-02
 4.9197800e-02 5.4589339e-02 5.2434497e-02 5.7753939e-02]


Learning Rate: 0.0005Learning Rate: 0.0005
Learning Rate: 0.0005

Class Weights: [2.1182575e-05 5.6127068e-02 5.6127068e-02 5.9477936e-02 5.6928884e-02
 5.3851645e-02 5.3851645e-02 4.9812771e-02 5.9477936e-02 5.6127068e-02
 6.1308030e-02 5.1753532e-02 5.3851645e-02 6.0379118e-02 5.6928884e-02
 4.9197800e-02 5.4589339e-02 5.2434497e-02 5.7753939e-02]
Learning Rate: 0.0005
Train Loss: 1.0689, Val Loss: 0.8842
Train Loss: 1.0689, Val Loss: 0.8842
Train Loss: 1.0689, Val Loss: 0.8842
Train Loss: 1.0689, Val Loss: 0.8842
Per-Class Precision: [1.         0.08719053 0.52697095 0.6625     0.18997912 0.18571429
 0.09823183 0.13417722 0.31578947 0.04017467 0.07983193 0.04878049
 0.10106383 0.27272727 0.1025641  0.1875     0.43298969 0.34054054
 0.32338308]
Per-Class Recall: [0.98531038 0.81       0.84666667 0.70666667 0.91       0.13
 0.5        0.70666667 0.06       0.61333333 0.456      0.02666667
 0.456      0.12       0.21333333 0.6        0.24       0.84
 0.86666667]
Per-Class F1-Score: [0.99260084 0.1574344  0.64961637 0.68387097 0.31433506 0.15294118
 0.16420361 0.22553191 0.10084034 0.07540984 0.13587604 0.03448276
 0.16545718 0.16666667 0.13852814 0.28571429 0.30882353 0.48461538
 0.47101449]
Support per Class: [293949    100    150    150    100    100    100     75    100     75
    125    150    125    175     75    100    175     75     75]
Weighted Precision: 0.9949, Weighted Recall: 0.9818, Weighted F1-Score: 0.9877
Precision: 0.9949, Recall: 0.9818, F1-Score: 0.9877
Fold 1, Epoch 180, Train Loss: 1.0689, Val Loss: 0.8842, Val Acc: 0.9808
Precision: 0.9947, Recall: 0.9670, F1-Score: 0.9800
Fold 1, Epoch 181, Train Loss: 1.0322, Val Loss: 0.9355, Val Acc: 0.9684
Precision: 0.9949, Recall: 0.9835, F1-Score: 0.9887
Fold 1, Epoch 182, Train Loss: 1.0288, Val Loss: 0.8508, Val Acc: 0.9832
Precision: 0.9948, Recall: 0.9752, F1-Score: 0.9844
Fold 1, Epoch 183, Train Loss: 1.0186, Val Loss: 0.8543, Val Acc: 0.9763
Precision: 0.9948, Recall: 0.9847, F1-Score: 0.9893
Fold 1, Epoch 184, Train Loss: 1.0072, Val Loss: 0.8358, Val Acc: 0.9833
Precision: 0.9949, Recall: 0.9820, F1-Score: 0.9878
Fold 1, Epoch 185, Train Loss: 1.0136, Val Loss: 0.8557, Val Acc: 0.9808
Precision: 0.9951, Recall: 0.9837, F1-Score: 0.9889
Fold 1, Epoch 186, Train Loss: 0.9783, Val Loss: 0.8343, Val Acc: 0.9837
Precision: 0.9946, Recall: 0.9831, F1-Score: 0.9883
Fold 1, Epoch 187, Train Loss: 1.0365, Val Loss: 0.8895, Val Acc: 0.9823
Precision: 0.9951, Recall: 0.9809, F1-Score: 0.9875
Fold 1, Epoch 188, Train Loss: 1.0076, Val Loss: 0.8667, Val Acc: 0.9792
Precision: 0.9947, Recall: 0.9737, F1-Score: 0.9834
Fold 1, Epoch 189, Train Loss: 1.0103, Val Loss: 0.9764, Val Acc: 0.9744

--- Epoch 190 ---
--- Epoch 190 ---
--- Epoch 190 ---



--- Epoch 190 ---
Class Weights: [2.1182575e-05 5.6127068e-02 5.6127068e-02 5.9477936e-02 5.6928884e-02
 5.3851645e-02 5.3851645e-02 4.9812771e-02 5.9477936e-02 5.6127068e-02
 6.1308030e-02 5.1753532e-02 5.3851645e-02 6.0379118e-02 5.6928884e-02
 4.9197800e-02 5.4589339e-02 5.2434497e-02 5.7753939e-02]Class Weights: [2.1182575e-05 5.6127068e-02 5.6127068e-02 5.9477936e-02 5.6928884e-02
 5.3851645e-02 5.3851645e-02 4.9812771e-02 5.9477936e-02 5.6127068e-02
 6.1308030e-02 5.1753532e-02 5.3851645e-02 6.0379118e-02 5.6928884e-02
 4.9197800e-02 5.4589339e-02 5.2434497e-02 5.7753939e-02]Class Weights: [2.1182575e-05 5.6127068e-02 5.6127068e-02 5.9477936e-02 5.6928884e-02
 5.3851645e-02 5.3851645e-02 4.9812771e-02 5.9477936e-02 5.6127068e-02
 6.1308030e-02 5.1753532e-02 5.3851645e-02 6.0379118e-02 5.6928884e-02
 4.9197800e-02 5.4589339e-02 5.2434497e-02 5.7753939e-02]


Learning Rate: 0.0005Learning Rate: 0.0005
Learning Rate: 0.0005

Class Weights: [2.1182575e-05 5.6127068e-02 5.6127068e-02 5.9477936e-02 5.6928884e-02
 5.3851645e-02 5.3851645e-02 4.9812771e-02 5.9477936e-02 5.6127068e-02
 6.1308030e-02 5.1753532e-02 5.3851645e-02 6.0379118e-02 5.6928884e-02
 4.9197800e-02 5.4589339e-02 5.2434497e-02 5.7753939e-02]
Learning Rate: 0.0005
Train Loss: 1.0446, Val Loss: 0.8338
Train Loss: 1.0446, Val Loss: 0.8338Train Loss: 1.0446, Val Loss: 0.8338

Train Loss: 1.0446, Val Loss: 0.8338
Per-Class Precision: [1.         0.20479303 0.5        0.70108696 0.22666667 0.22507123
 0.15523466 0.03559871 0.18218623 0.02817746 0.07991121 0.10447761
 0.04878049 0.41558442 0.12820513 0.21587302 0.51       0.32380952
 0.37579618]
Per-Class Recall: [0.9850008  0.94       0.75333333 0.86       0.34       0.79
 0.43       0.14666667 0.45       0.62666667 0.576      0.28
 0.096      0.36571429 0.13333333 0.68       0.29142857 0.90666667
 0.78666667]
Per-Class F1-Score: [0.99244373 0.33631485 0.60106383 0.77245509 0.272      0.35033259
 0.22811671 0.05729167 0.25936599 0.05393001 0.14035088 0.15217391
 0.06469003 0.38905775 0.13071895 0.32771084 0.37090909 0.47719298
 0.50862069]
Support per Class: [293949    100    150    150    100    100    100     75    100     75
    125    150    125    175     75    100    175     75     75]
Weighted Precision: 0.9951, Weighted Recall: 0.9818, Weighted F1-Score: 0.9879
Precision: 0.9951, Recall: 0.9818, F1-Score: 0.9879
Fold 1, Epoch 190, Train Loss: 1.0446, Val Loss: 0.8338, Val Acc: 0.9800
Precision: 0.9952, Recall: 0.9824, F1-Score: 0.9883
Fold 1, Epoch 191, Train Loss: 1.0022, Val Loss: 0.8242, Val Acc: 0.9827
Precision: 0.9949, Recall: 0.9816, F1-Score: 0.9876
Fold 1, Epoch 192, Train Loss: 0.9743, Val Loss: 0.8683, Val Acc: 0.9801
Precision: 0.9949, Recall: 0.9762, F1-Score: 0.9849
Fold 1, Epoch 193, Train Loss: 0.9992, Val Loss: 0.8430, Val Acc: 0.9754
Precision: 0.9947, Recall: 0.9740, F1-Score: 0.9836
Fold 1, Epoch 194, Train Loss: 0.9749, Val Loss: 0.9147, Val Acc: 0.9741
Precision: 0.9947, Recall: 0.9725, F1-Score: 0.9829
Fold 1, Epoch 195, Train Loss: 0.9766, Val Loss: 0.8391, Val Acc: 0.9735
Precision: 0.9948, Recall: 0.9750, F1-Score: 0.9843
Fold 1, Epoch 196, Train Loss: 0.9775, Val Loss: 0.8443, Val Acc: 0.9758
Precision: 0.9950, Recall: 0.9852, F1-Score: 0.9896
Fold 1, Epoch 197, Train Loss: 1.0143, Val Loss: 0.8118, Val Acc: 0.9838
Precision: 0.9949, Recall: 0.9802, F1-Score: 0.9870
Fold 1, Epoch 198, Train Loss: 0.9769, Val Loss: 0.8222, Val Acc: 0.9795
Precision: 0.9950, Recall: 0.9808, F1-Score: 0.9875
Fold 1, Epoch 199, Train Loss: 0.9768, Val Loss: 0.8628, Val Acc: 0.9817

--- Epoch 200 ---
--- Epoch 200 ---
--- Epoch 200 ---



--- Epoch 200 ---
Class Weights: [2.1182575e-05 5.6127068e-02 5.6127068e-02 5.9477936e-02 5.6928884e-02
 5.3851645e-02 5.3851645e-02 4.9812771e-02 5.9477936e-02 5.6127068e-02
 6.1308030e-02 5.1753532e-02 5.3851645e-02 6.0379118e-02 5.6928884e-02
 4.9197800e-02 5.4589339e-02 5.2434497e-02 5.7753939e-02]Class Weights: [2.1182575e-05 5.6127068e-02 5.6127068e-02 5.9477936e-02 5.6928884e-02
 5.3851645e-02 5.3851645e-02 4.9812771e-02 5.9477936e-02 5.6127068e-02
 6.1308030e-02 5.1753532e-02 5.3851645e-02 6.0379118e-02 5.6928884e-02
 4.9197800e-02 5.4589339e-02 5.2434497e-02 5.7753939e-02]Class Weights: [2.1182575e-05 5.6127068e-02 5.6127068e-02 5.9477936e-02 5.6928884e-02
 5.3851645e-02 5.3851645e-02 4.9812771e-02 5.9477936e-02 5.6127068e-02
 6.1308030e-02 5.1753532e-02 5.3851645e-02 6.0379118e-02 5.6928884e-02
 4.9197800e-02 5.4589339e-02 5.2434497e-02 5.7753939e-02]


Learning Rate: 0.0005Learning Rate: 0.0005Learning Rate: 0.0005


Class Weights: [2.1182575e-05 5.6127068e-02 5.6127068e-02 5.9477936e-02 5.6928884e-02
 5.3851645e-02 5.3851645e-02 4.9812771e-02 5.9477936e-02 5.6127068e-02
 6.1308030e-02 5.1753532e-02 5.3851645e-02 6.0379118e-02 5.6928884e-02
 4.9197800e-02 5.4589339e-02 5.2434497e-02 5.7753939e-02]Train Loss: 1.0188, Val Loss: 0.8525Train Loss: 1.0188, Val Loss: 0.8525
Train Loss: 1.0188, Val Loss: 0.8525


Learning Rate: 0.0005
Train Loss: 1.0188, Val Loss: 0.8525
Per-Class Precision: [1.         0.10840438 0.50226244 0.62626263 0.19642857 0.25595238
 0.0998004  0.09853249 0.36842105 0.03330558 0.18888889 0.06412338
 0.00645161 0.40322581 0.04213938 0.18787879 0.3592233  0.41558442
 0.34659091]
Per-Class Recall: [0.98327941 0.89       0.74       0.82666667 0.66       0.43
 0.5        0.62666667 0.21       0.53333333 0.136      0.52666667
 0.008      0.14285714 0.34666667 0.31       0.63428571 0.85333333
 0.81333333]
Per-Class F1-Score: [0.99156922 0.19326819 0.59838275 0.71264368 0.30275229 0.32089552
 0.16638935 0.17028986 0.26751592 0.06269592 0.15813953 0.11432706
 0.00714286 0.21097046 0.07514451 0.23396226 0.45867769 0.55895197
 0.48605578]
Support per Class: [293949    100    150    150    100    100    100     75    100     75
    125    150    125    175     75    100    175     75     75]
Weighted Precision: 0.9949, Weighted Recall: 0.9800, Weighted F1-Score: 0.9868
Precision: 0.9949, Recall: 0.9800, F1-Score: 0.9868
Fold 1, Epoch 200, Train Loss: 1.0188, Val Loss: 0.8525, Val Acc: 0.9789
Precision: 0.9948, Recall: 0.9818, F1-Score: 0.9877
Fold 1, Epoch 201, Train Loss: 0.9691, Val Loss: 0.8232, Val Acc: 0.9808
Precision: 0.9948, Recall: 0.9803, F1-Score: 0.9869
Fold 1, Epoch 202, Train Loss: 0.9758, Val Loss: 0.8502, Val Acc: 0.9799
Precision: 0.9950, Recall: 0.9806, F1-Score: 0.9872
Fold 1, Epoch 203, Train Loss: 0.9543, Val Loss: 0.8209, Val Acc: 0.9812
Precision: 0.9951, Recall: 0.9851, F1-Score: 0.9896
Fold 1, Epoch 204, Train Loss: 0.9516, Val Loss: 0.8385, Val Acc: 0.9850
Precision: 0.9949, Recall: 0.9824, F1-Score: 0.9881
Fold 1, Epoch 205, Train Loss: 0.9706, Val Loss: 0.8057, Val Acc: 0.9812
Precision: 0.9948, Recall: 0.9832, F1-Score: 0.9885
Fold 1, Epoch 206, Train Loss: 0.9467, Val Loss: 0.8127, Val Acc: 0.9818
Precision: 0.9950, Recall: 0.9804, F1-Score: 0.9872
Fold 1, Epoch 207, Train Loss: 0.9698, Val Loss: 0.8237, Val Acc: 0.9794
Precision: 0.9950, Recall: 0.9830, F1-Score: 0.9885
Fold 1, Epoch 208, Train Loss: 0.9428, Val Loss: 0.7921, Val Acc: 0.9817
Precision: 0.9949, Recall: 0.9781, F1-Score: 0.9859
Fold 1, Epoch 209, Train Loss: 0.9367, Val Loss: 0.8295, Val Acc: 0.9777

--- Epoch 210 ---
--- Epoch 210 ---


--- Epoch 210 ---

--- Epoch 210 ---
Class Weights: [2.1182575e-05 5.6127068e-02 5.6127068e-02 5.9477936e-02 5.6928884e-02
 5.3851645e-02 5.3851645e-02 4.9812771e-02 5.9477936e-02 5.6127068e-02
 6.1308030e-02 5.1753532e-02 5.3851645e-02 6.0379118e-02 5.6928884e-02
 4.9197800e-02 5.4589339e-02 5.2434497e-02 5.7753939e-02]Class Weights: [2.1182575e-05 5.6127068e-02 5.6127068e-02 5.9477936e-02 5.6928884e-02
 5.3851645e-02 5.3851645e-02 4.9812771e-02 5.9477936e-02 5.6127068e-02
 6.1308030e-02 5.1753532e-02 5.3851645e-02 6.0379118e-02 5.6928884e-02
 4.9197800e-02 5.4589339e-02 5.2434497e-02 5.7753939e-02]Class Weights: [2.1182575e-05 5.6127068e-02 5.6127068e-02 5.9477936e-02 5.6928884e-02
 5.3851645e-02 5.3851645e-02 4.9812771e-02 5.9477936e-02 5.6127068e-02
 6.1308030e-02 5.1753532e-02 5.3851645e-02 6.0379118e-02 5.6928884e-02
 4.9197800e-02 5.4589339e-02 5.2434497e-02 5.7753939e-02]


Class Weights: [2.1182575e-05 5.6127068e-02 5.6127068e-02 5.9477936e-02 5.6928884e-02
 5.3851645e-02 5.3851645e-02 4.9812771e-02 5.9477936e-02 5.6127068e-02
 6.1308030e-02 5.1753532e-02 5.3851645e-02 6.0379118e-02 5.6928884e-02
 4.9197800e-02 5.4589339e-02 5.2434497e-02 5.7753939e-02]Learning Rate: 0.0005Learning Rate: 0.0005

Learning Rate: 0.0005
Learning Rate: 0.0005

Train Loss: 0.9493, Val Loss: 0.8991
Train Loss: 0.9493, Val Loss: 0.8991Train Loss: 0.9493, Val Loss: 0.8991
Train Loss: 0.9493, Val Loss: 0.8991

Per-Class Precision: [0.99999653 0.04864594 0.48728814 0.64375    0.21523179 0.24354244
 0.07762557 0.04788214 0.25       0.02687844 0.14444444 0.08181818
 0.11313869 0.25       0.08536585 0.18367347 0.45454545 0.42975207
 0.35078534]
Per-Class Recall: [0.98060548 0.97       0.76666667 0.68666667 0.65       0.66
 0.34       0.34666667 0.54       0.58666667 0.208      0.12
 0.496      0.04       0.46666667 0.18       0.34285714 0.69333333
 0.89333333]
Per-Class F1-Score: [0.99020608 0.09264565 0.59585492 0.66451613 0.32338308 0.35579515
 0.12639405 0.08414239 0.34177215 0.05140187 0.1704918  0.0972973
 0.18424963 0.06896552 0.1443299  0.18181818 0.39087948 0.53061224
 0.5037594 ]
Support per Class: [293949    100    150    150    100    100    100     75    100     75
    125    150    125    175     75    100    175     75     75]
Weighted Precision: 0.9949, Weighted Recall: 0.9771, Weighted F1-Score: 0.9854
Precision: 0.9949, Recall: 0.9771, F1-Score: 0.9854
Fold 1, Epoch 210, Train Loss: 0.9493, Val Loss: 0.8991, Val Acc: 0.9766
Precision: 0.9948, Recall: 0.9800, F1-Score: 0.9868
Fold 1, Epoch 211, Train Loss: 0.9980, Val Loss: 0.8071, Val Acc: 0.9795
Precision: 0.9950, Recall: 0.9814, F1-Score: 0.9877
Fold 1, Epoch 212, Train Loss: 0.9843, Val Loss: 0.8133, Val Acc: 0.9824
Precision: 0.9950, Recall: 0.9778, F1-Score: 0.9859
Fold 1, Epoch 213, Train Loss: 0.9711, Val Loss: 0.8151, Val Acc: 0.9763
Precision: 0.9947, Recall: 0.9823, F1-Score: 0.9880
Fold 1, Epoch 214, Train Loss: 0.9615, Val Loss: 0.9041, Val Acc: 0.9814
Precision: 0.9949, Recall: 0.9801, F1-Score: 0.9869
Fold 1, Epoch 215, Train Loss: 0.9488, Val Loss: 0.8039, Val Acc: 0.9789
Precision: 0.9947, Recall: 0.9795, F1-Score: 0.9866
Fold 1, Epoch 216, Train Loss: 0.9484, Val Loss: 0.8108, Val Acc: 0.9778
Precision: 0.9951, Recall: 0.9789, F1-Score: 0.9864
Fold 1, Epoch 217, Train Loss: 0.9453, Val Loss: 0.8049, Val Acc: 0.9773
Precision: 0.9950, Recall: 0.9827, F1-Score: 0.9883
Fold 1, Epoch 218, Train Loss: 0.9205, Val Loss: 0.7933, Val Acc: 0.9818
Precision: 0.9948, Recall: 0.9823, F1-Score: 0.9880
Fold 1, Epoch 219, Train Loss: 0.9717, Val Loss: 0.8074, Val Acc: 0.9806

--- Epoch 220 ---
--- Epoch 220 ---
--- Epoch 220 ---



--- Epoch 220 ---
Class Weights: [2.1182575e-05 5.6127068e-02 5.6127068e-02 5.9477936e-02 5.6928884e-02
 5.3851645e-02 5.3851645e-02 4.9812771e-02 5.9477936e-02 5.6127068e-02
 6.1308030e-02 5.1753532e-02 5.3851645e-02 6.0379118e-02 5.6928884e-02
 4.9197800e-02 5.4589339e-02 5.2434497e-02 5.7753939e-02]Class Weights: [2.1182575e-05 5.6127068e-02 5.6127068e-02 5.9477936e-02 5.6928884e-02
 5.3851645e-02 5.3851645e-02 4.9812771e-02 5.9477936e-02 5.6127068e-02
 6.1308030e-02 5.1753532e-02 5.3851645e-02 6.0379118e-02 5.6928884e-02
 4.9197800e-02 5.4589339e-02 5.2434497e-02 5.7753939e-02]Class Weights: [2.1182575e-05 5.6127068e-02 5.6127068e-02 5.9477936e-02 5.6928884e-02
 5.3851645e-02 5.3851645e-02 4.9812771e-02 5.9477936e-02 5.6127068e-02
 6.1308030e-02 5.1753532e-02 5.3851645e-02 6.0379118e-02 5.6928884e-02
 4.9197800e-02 5.4589339e-02 5.2434497e-02 5.7753939e-02]


Learning Rate: 0.0005Learning Rate: 0.0005Learning Rate: 0.0005

Class Weights: [2.1182575e-05 5.6127068e-02 5.6127068e-02 5.9477936e-02 5.6928884e-02
 5.3851645e-02 5.3851645e-02 4.9812771e-02 5.9477936e-02 5.6127068e-02
 6.1308030e-02 5.1753532e-02 5.3851645e-02 6.0379118e-02 5.6928884e-02
 4.9197800e-02 5.4589339e-02 5.2434497e-02 5.7753939e-02]

Learning Rate: 0.0005
Train Loss: 0.9500, Val Loss: 0.8115Train Loss: 0.9500, Val Loss: 0.8115

Train Loss: 0.9500, Val Loss: 0.8115
Train Loss: 0.9500, Val Loss: 0.8115
Per-Class Precision: [0.99999301 0.02182494 0.54494382 0.48951049 0.18181818 0.18976546
 0.45238095 0.03732809 0.26126126 0.07575758 0.06815969 0.10222222
 0.04619565 0.54482759 0.0745098  0.21621622 0.3875969  0.43125
 0.36419753]
Per-Class Recall: [0.97268914 0.94       0.64666667 0.93333333 0.1        0.89
 0.19       0.76       0.58       0.2        0.56       0.15333333
 0.136      0.45142857 0.25333333 0.64       0.28571429 0.92
 0.78666667]
Per-Class F1-Score: [0.98615212 0.04265941 0.59146341 0.64220183 0.12903226 0.31282953
 0.26760563 0.07116105 0.36024845 0.10989011 0.12152778 0.12266667
 0.06896552 0.49375    0.11515152 0.32323232 0.32894737 0.58723404
 0.4978903 ]
Support per Class: [293949    100    150    150    100    100    100     75    100     75
    125    150    125    175     75    100    175     75     75]
Weighted Precision: 0.9950, Weighted Recall: 0.9695, Weighted F1-Score: 0.9815
Precision: 0.9950, Recall: 0.9695, F1-Score: 0.9815
Fold 1, Epoch 220, Train Loss: 0.9500, Val Loss: 0.8115, Val Acc: 0.9704
Precision: 0.9947, Recall: 0.9837, F1-Score: 0.9886
Fold 1, Epoch 221, Train Loss: 0.9745, Val Loss: 0.8712, Val Acc: 0.9823
Precision: 0.9953, Recall: 0.9784, F1-Score: 0.9862
Fold 1, Epoch 222, Train Loss: 0.9449, Val Loss: 0.8036, Val Acc: 0.9773
Precision: 0.9952, Recall: 0.9856, F1-Score: 0.9899
Fold 1, Epoch 223, Train Loss: 0.9497, Val Loss: 0.7769, Val Acc: 0.9844
Precision: 0.9950, Recall: 0.9824, F1-Score: 0.9882
Fold 1, Epoch 224, Train Loss: 0.9595, Val Loss: 0.7827, Val Acc: 0.9811
Precision: 0.9948, Recall: 0.9786, F1-Score: 0.9860
Fold 1, Epoch 225, Train Loss: 0.8936, Val Loss: 0.7832, Val Acc: 0.9785
Precision: 0.9950, Recall: 0.9751, F1-Score: 0.9844
Fold 1, Epoch 226, Train Loss: 0.8992, Val Loss: 0.7529, Val Acc: 0.9751
Precision: 0.9953, Recall: 0.9840, F1-Score: 0.9891
Fold 1, Epoch 227, Train Loss: 0.8989, Val Loss: 0.7791, Val Acc: 0.9833
Precision: 0.9949, Recall: 0.9816, F1-Score: 0.9877
Fold 1, Epoch 228, Train Loss: 0.9353, Val Loss: 0.8184, Val Acc: 0.9793
Precision: 0.9952, Recall: 0.9738, F1-Score: 0.9838
Fold 1, Epoch 229, Train Loss: 0.9056, Val Loss: 0.7964, Val Acc: 0.9730

--- Epoch 230 ---
--- Epoch 230 ---
--- Epoch 230 ---



--- Epoch 230 ---
Class Weights: [2.1182575e-05 5.6127068e-02 5.6127068e-02 5.9477936e-02 5.6928884e-02
 5.3851645e-02 5.3851645e-02 4.9812771e-02 5.9477936e-02 5.6127068e-02
 6.1308030e-02 5.1753532e-02 5.3851645e-02 6.0379118e-02 5.6928884e-02
 4.9197800e-02 5.4589339e-02 5.2434497e-02 5.7753939e-02]Class Weights: [2.1182575e-05 5.6127068e-02 5.6127068e-02 5.9477936e-02 5.6928884e-02
 5.3851645e-02 5.3851645e-02 4.9812771e-02 5.9477936e-02 5.6127068e-02
 6.1308030e-02 5.1753532e-02 5.3851645e-02 6.0379118e-02 5.6928884e-02
 4.9197800e-02 5.4589339e-02 5.2434497e-02 5.7753939e-02]Class Weights: [2.1182575e-05 5.6127068e-02 5.6127068e-02 5.9477936e-02 5.6928884e-02
 5.3851645e-02 5.3851645e-02 4.9812771e-02 5.9477936e-02 5.6127068e-02
 6.1308030e-02 5.1753532e-02 5.3851645e-02 6.0379118e-02 5.6928884e-02
 4.9197800e-02 5.4589339e-02 5.2434497e-02 5.7753939e-02]

Class Weights: [2.1182575e-05 5.6127068e-02 5.6127068e-02 5.9477936e-02 5.6928884e-02
 5.3851645e-02 5.3851645e-02 4.9812771e-02 5.9477936e-02 5.6127068e-02
 6.1308030e-02 5.1753532e-02 5.3851645e-02 6.0379118e-02 5.6928884e-02
 4.9197800e-02 5.4589339e-02 5.2434497e-02 5.7753939e-02]
Learning Rate: 0.0005
Learning Rate: 0.0005
Learning Rate: 0.0005
Learning Rate: 0.0005

Train Loss: 0.8962, Val Loss: 0.7752
Train Loss: 0.8962, Val Loss: 0.7752Train Loss: 0.8962, Val Loss: 0.7752
Train Loss: 0.8962, Val Loss: 0.7752

Per-Class Precision: [1.         0.20682303 0.54112554 0.71666667 0.19506726 0.26851852
 0.11860465 0.47058824 0.18208092 0.0285533  0.14613779 0.12666667
 0.0295858  0.27160494 0.09026128 0.27272727 0.42735043 0.43421053
 0.3271028 ]
Per-Class Recall: [0.98652828 0.97       0.83333333 0.57333333 0.87       0.29
 0.51       0.10666667 0.63       0.6        0.56       0.12666667
 0.04       0.50285714 0.50666667 0.27       0.57142857 0.88
 0.93333333]
Per-Class F1-Score: [0.99321846 0.34094903 0.65616798 0.63703704 0.31868132 0.27884615
 0.19245283 0.17391304 0.28251121 0.05451242 0.23178808 0.12666667
 0.03401361 0.35270541 0.15322581 0.27135678 0.48899756 0.5814978
 0.48442907]
Support per Class: [293949    100    150    150    100    100    100     75    100     75
    125    150    125    175     75    100    175     75     75]
Weighted Precision: 0.9951, Weighted Recall: 0.9834, Weighted F1-Score: 0.9887
Precision: 0.9951, Recall: 0.9834, F1-Score: 0.9887
Fold 1, Epoch 230, Train Loss: 0.8962, Val Loss: 0.7752, Val Acc: 0.9816
Precision: 0.9950, Recall: 0.9823, F1-Score: 0.9881
Fold 1, Epoch 231, Train Loss: 0.9187, Val Loss: 0.8289, Val Acc: 0.9799
Precision: 0.9951, Recall: 0.9801, F1-Score: 0.9870
Fold 1, Epoch 232, Train Loss: 0.9033, Val Loss: 0.7840, Val Acc: 0.9785
Precision: 0.9951, Recall: 0.9834, F1-Score: 0.9886
Fold 1, Epoch 233, Train Loss: 0.9234, Val Loss: 0.7812, Val Acc: 0.9822
Precision: 0.9950, Recall: 0.9760, F1-Score: 0.9848
Fold 1, Epoch 234, Train Loss: 0.8871, Val Loss: 0.7607, Val Acc: 0.9768
Precision: 0.9951, Recall: 0.9839, F1-Score: 0.9890
Fold 1, Epoch 235, Train Loss: 0.9060, Val Loss: 0.7668, Val Acc: 0.9831
Precision: 0.9951, Recall: 0.9816, F1-Score: 0.9878
Fold 1, Epoch 236, Train Loss: 0.8821, Val Loss: 0.7882, Val Acc: 0.9816
Precision: 0.9954, Recall: 0.9830, F1-Score: 0.9885
Fold 1, Epoch 237, Train Loss: 0.9148, Val Loss: 0.7435, Val Acc: 0.9829
Precision: 0.9951, Recall: 0.9731, F1-Score: 0.9832
Fold 1, Epoch 238, Train Loss: 0.8712, Val Loss: 0.7791, Val Acc: 0.9742
Precision: 0.9950, Recall: 0.9828, F1-Score: 0.9884
Fold 1, Epoch 239, Train Loss: 0.8703, Val Loss: 0.7485, Val Acc: 0.9814

--- Epoch 240 ---
--- Epoch 240 ---
--- Epoch 240 ---



--- Epoch 240 ---
Class Weights: [2.1182575e-05 5.6127068e-02 5.6127068e-02 5.9477936e-02 5.6928884e-02
 5.3851645e-02 5.3851645e-02 4.9812771e-02 5.9477936e-02 5.6127068e-02
 6.1308030e-02 5.1753532e-02 5.3851645e-02 6.0379118e-02 5.6928884e-02
 4.9197800e-02 5.4589339e-02 5.2434497e-02 5.7753939e-02]Class Weights: [2.1182575e-05 5.6127068e-02 5.6127068e-02 5.9477936e-02 5.6928884e-02
 5.3851645e-02 5.3851645e-02 4.9812771e-02 5.9477936e-02 5.6127068e-02
 6.1308030e-02 5.1753532e-02 5.3851645e-02 6.0379118e-02 5.6928884e-02
 4.9197800e-02 5.4589339e-02 5.2434497e-02 5.7753939e-02]Class Weights: [2.1182575e-05 5.6127068e-02 5.6127068e-02 5.9477936e-02 5.6928884e-02
 5.3851645e-02 5.3851645e-02 4.9812771e-02 5.9477936e-02 5.6127068e-02
 6.1308030e-02 5.1753532e-02 5.3851645e-02 6.0379118e-02 5.6928884e-02
 4.9197800e-02 5.4589339e-02 5.2434497e-02 5.7753939e-02]


Class Weights: [2.1182575e-05 5.6127068e-02 5.6127068e-02 5.9477936e-02 5.6928884e-02
 5.3851645e-02 5.3851645e-02 4.9812771e-02 5.9477936e-02 5.6127068e-02
 6.1308030e-02 5.1753532e-02 5.3851645e-02 6.0379118e-02 5.6928884e-02
 4.9197800e-02 5.4589339e-02 5.2434497e-02 5.7753939e-02]Learning Rate: 0.0005Learning Rate: 0.0005Learning Rate: 0.0005



Learning Rate: 0.0005
Train Loss: 0.8458, Val Loss: 0.7639Train Loss: 0.8458, Val Loss: 0.7639
Train Loss: 0.8458, Val Loss: 0.7639
Train Loss: 0.8458, Val Loss: 0.7639

Per-Class Precision: [0.99999312 0.28985507 0.52073733 0.75438596 0.21451104 0.27225131
 0.26775956 0.05719557 0.39285714 0.04664179 0.18210863 0.03773585
 0.10041265 0.42222222 0.11949686 0.20353982 0.50292398 0.42281879
 0.33701657]
Per-Class Recall: [0.988845   0.8        0.75333333 0.57333333 0.68       0.52
 0.49       0.82666667 0.44       0.33333333 0.456      0.01333333
 0.584      0.43428571 0.25333333 0.69       0.49142857 0.84
 0.81333333]
Per-Class F1-Score: [0.99438782 0.42553191 0.61580381 0.65151515 0.32613909 0.35738832
 0.34628975 0.10698878 0.41509434 0.08183306 0.26027397 0.01970443
 0.1713615  0.42816901 0.16239316 0.3143508  0.49710983 0.5625
 0.4765625 ]
Support per Class: [293949    100    150    150    100    100    100     75    100     75
    125    150    125    175     75    100    175     75     75]
Weighted Precision: 0.9953, Weighted Recall: 0.9857, Weighted F1-Score: 0.9901
Precision: 0.9953, Recall: 0.9857, F1-Score: 0.9901
Fold 1, Epoch 240, Train Loss: 0.8458, Val Loss: 0.7639, Val Acc: 0.9839
Precision: 0.9952, Recall: 0.9787, F1-Score: 0.9863
Fold 1, Epoch 241, Train Loss: 0.8624, Val Loss: 0.7373, Val Acc: 0.9774
Precision: 0.9953, Recall: 0.9831, F1-Score: 0.9887
Fold 1, Epoch 242, Train Loss: 0.8828, Val Loss: 0.7535, Val Acc: 0.9817
Precision: 0.9952, Recall: 0.9833, F1-Score: 0.9887
Fold 1, Epoch 243, Train Loss: 0.8883, Val Loss: 0.7645, Val Acc: 0.9819
Precision: 0.9954, Recall: 0.9827, F1-Score: 0.9885
Fold 1, Epoch 244, Train Loss: 0.8593, Val Loss: 0.7328, Val Acc: 0.9807
Precision: 0.9953, Recall: 0.9841, F1-Score: 0.9892
Fold 1, Epoch 245, Train Loss: 0.8348, Val Loss: 0.7383, Val Acc: 0.9838
Precision: 0.9951, Recall: 0.9814, F1-Score: 0.9877
Fold 1, Epoch 246, Train Loss: 0.8416, Val Loss: 0.7492, Val Acc: 0.9797
Precision: 0.9951, Recall: 0.9860, F1-Score: 0.9901
Fold 1, Epoch 247, Train Loss: 0.8630, Val Loss: 0.7493, Val Acc: 0.9853
Precision: 0.9952, Recall: 0.9764, F1-Score: 0.9851
Fold 1, Epoch 248, Train Loss: 0.8714, Val Loss: 0.6912, Val Acc: 0.9757
Precision: 0.9953, Recall: 0.9828, F1-Score: 0.9885
Fold 1, Epoch 249, Train Loss: 0.8650, Val Loss: 0.7668, Val Acc: 0.9815

--- Epoch 250 ---
--- Epoch 250 ---
--- Epoch 250 ---



--- Epoch 250 ---
Class Weights: [2.1182575e-05 5.6127068e-02 5.6127068e-02 5.9477936e-02 5.6928884e-02
 5.3851645e-02 5.3851645e-02 4.9812771e-02 5.9477936e-02 5.6127068e-02
 6.1308030e-02 5.1753532e-02 5.3851645e-02 6.0379118e-02 5.6928884e-02
 4.9197800e-02 5.4589339e-02 5.2434497e-02 5.7753939e-02]Class Weights: [2.1182575e-05 5.6127068e-02 5.6127068e-02 5.9477936e-02 5.6928884e-02
 5.3851645e-02 5.3851645e-02 4.9812771e-02 5.9477936e-02 5.6127068e-02
 6.1308030e-02 5.1753532e-02 5.3851645e-02 6.0379118e-02 5.6928884e-02
 4.9197800e-02 5.4589339e-02 5.2434497e-02 5.7753939e-02]Class Weights: [2.1182575e-05 5.6127068e-02 5.6127068e-02 5.9477936e-02 5.6928884e-02
 5.3851645e-02 5.3851645e-02 4.9812771e-02 5.9477936e-02 5.6127068e-02
 6.1308030e-02 5.1753532e-02 5.3851645e-02 6.0379118e-02 5.6928884e-02
 4.9197800e-02 5.4589339e-02 5.2434497e-02 5.7753939e-02]


Class Weights: [2.1182575e-05 5.6127068e-02 5.6127068e-02 5.9477936e-02 5.6928884e-02
 5.3851645e-02 5.3851645e-02 4.9812771e-02 5.9477936e-02 5.6127068e-02
 6.1308030e-02 5.1753532e-02 5.3851645e-02 6.0379118e-02 5.6928884e-02
 4.9197800e-02 5.4589339e-02 5.2434497e-02 5.7753939e-02]Learning Rate: 0.0005Learning Rate: 0.0005Learning Rate: 0.0005



Learning Rate: 0.0005
Train Loss: 0.8414, Val Loss: 0.7162
Train Loss: 0.8414, Val Loss: 0.7162Train Loss: 0.8414, Val Loss: 0.7162Train Loss: 0.8414, Val Loss: 0.7162


Per-Class Precision: [1.         0.24289406 0.56578947 0.62085308 0.24770642 0.35810811
 0.11229947 0.14880952 0.55       0.02504318 0.06552007 0.17575758
 0.06034483 0.30063291 0.15517241 0.19877676 0.45794393 0.36040609
 0.34123223]
Per-Class Recall: [0.98180637 0.94       0.86       0.87333333 0.54       0.53
 0.42       0.66666667 0.22       0.77333333 0.64       0.19333333
 0.168      0.54285714 0.24       0.65       0.56       0.94666667
 0.96      ]
Per-Class F1-Score: [0.99081967 0.38603696 0.68253968 0.72576177 0.33962264 0.42741935
 0.17721519 0.243309   0.31428571 0.04851527 0.11887073 0.18412698
 0.08879493 0.38696538 0.18848168 0.30444965 0.50385604 0.52205882
 0.5034965 ]
Support per Class: [293949    100    150    150    100    100    100     75    100     75
    125    150    125    175     75    100    175     75     75]
Weighted Precision: 0.9952, Weighted Recall: 0.9791, Weighted F1-Score: 0.9865
Precision: 0.9952, Recall: 0.9791, F1-Score: 0.9865
Fold 1, Epoch 250, Train Loss: 0.8414, Val Loss: 0.7162, Val Acc: 0.9778
Precision: 0.9951, Recall: 0.9858, F1-Score: 0.9899
Fold 1, Epoch 251, Train Loss: 0.8573, Val Loss: 0.7112, Val Acc: 0.9851
Precision: 0.9951, Recall: 0.9786, F1-Score: 0.9863
Fold 1, Epoch 252, Train Loss: 0.8174, Val Loss: 0.7456, Val Acc: 0.9776
Precision: 0.9953, Recall: 0.9828, F1-Score: 0.9884
Fold 1, Epoch 253, Train Loss: 0.8303, Val Loss: 0.7376, Val Acc: 0.9812
Precision: 0.9953, Recall: 0.9767, F1-Score: 0.9854
Fold 1, Epoch 254, Train Loss: 0.8306, Val Loss: 0.6819, Val Acc: 0.9762
Precision: 0.9952, Recall: 0.9841, F1-Score: 0.9892
Fold 1, Epoch 255, Train Loss: 0.8341, Val Loss: 0.7298, Val Acc: 0.9845
Precision: 0.9952, Recall: 0.9767, F1-Score: 0.9853
Fold 1, Epoch 256, Train Loss: 0.8432, Val Loss: 0.7942, Val Acc: 0.9757
Precision: 0.9954, Recall: 0.9843, F1-Score: 0.9894
Fold 1, Epoch 257, Train Loss: 0.8559, Val Loss: 0.7244, Val Acc: 0.9828
Precision: 0.9952, Recall: 0.9786, F1-Score: 0.9863
Fold 1, Epoch 258, Train Loss: 0.8841, Val Loss: 0.7155, Val Acc: 0.9780
Precision: 0.9952, Recall: 0.9820, F1-Score: 0.9880
Fold 1, Epoch 259, Train Loss: 0.8273, Val Loss: 0.7093, Val Acc: 0.9820

--- Epoch 260 ---
--- Epoch 260 ---
--- Epoch 260 ---



--- Epoch 260 ---
Class Weights: [2.1182575e-05 5.6127068e-02 5.6127068e-02 5.9477936e-02 5.6928884e-02
 5.3851645e-02 5.3851645e-02 4.9812771e-02 5.9477936e-02 5.6127068e-02
 6.1308030e-02 5.1753532e-02 5.3851645e-02 6.0379118e-02 5.6928884e-02
 4.9197800e-02 5.4589339e-02 5.2434497e-02 5.7753939e-02]Class Weights: [2.1182575e-05 5.6127068e-02 5.6127068e-02 5.9477936e-02 5.6928884e-02
 5.3851645e-02 5.3851645e-02 4.9812771e-02 5.9477936e-02 5.6127068e-02
 6.1308030e-02 5.1753532e-02 5.3851645e-02 6.0379118e-02 5.6928884e-02
 4.9197800e-02 5.4589339e-02 5.2434497e-02 5.7753939e-02]Class Weights: [2.1182575e-05 5.6127068e-02 5.6127068e-02 5.9477936e-02 5.6928884e-02
 5.3851645e-02 5.3851645e-02 4.9812771e-02 5.9477936e-02 5.6127068e-02
 6.1308030e-02 5.1753532e-02 5.3851645e-02 6.0379118e-02 5.6928884e-02
 4.9197800e-02 5.4589339e-02 5.2434497e-02 5.7753939e-02]


Learning Rate: 0.0005Learning Rate: 0.0005Class Weights: [2.1182575e-05 5.6127068e-02 5.6127068e-02 5.9477936e-02 5.6928884e-02
 5.3851645e-02 5.3851645e-02 4.9812771e-02 5.9477936e-02 5.6127068e-02
 6.1308030e-02 5.1753532e-02 5.3851645e-02 6.0379118e-02 5.6928884e-02
 4.9197800e-02 5.4589339e-02 5.2434497e-02 5.7753939e-02]Learning Rate: 0.0005



Learning Rate: 0.0005
Train Loss: 0.8703, Val Loss: 0.7328Train Loss: 0.8703, Val Loss: 0.7328
Train Loss: 0.8703, Val Loss: 0.7328
Train Loss: 0.8703, Val Loss: 0.7328

Per-Class Precision: [1.         0.16532258 0.5        0.67088608 0.19831224 0.30097087
 0.13461538 0.06495098 0.51428571 0.0256295  0.11276596 0.10714286
 0.0715812  0.34074074 0.10507246 0.26506024 0.46976744 0.4025974
 0.45098039]
Per-Class Recall: [0.98185059 0.82       0.76       0.70666667 0.47       0.62
 0.35       0.70666667 0.18       0.76       0.424      0.08
 0.536      0.26285714 0.38666667 0.66       0.57714286 0.82666667
 0.92      ]
Per-Class F1-Score: [0.99084219 0.27516779 0.6031746  0.68831169 0.27893175 0.40522876
 0.19444444 0.11896745 0.26666667 0.04958678 0.17815126 0.09160305
 0.12629595 0.29677419 0.16524217 0.3782235  0.51794872 0.54148472
 0.60526316]
Support per Class: [293949    100    150    150    100    100    100     75    100     75
    125    150    125    175     75    100    175     75     75]
Weighted Precision: 0.9952, Weighted Recall: 0.9788, Weighted F1-Score: 0.9864
Precision: 0.9952, Recall: 0.9788, F1-Score: 0.9864
Fold 1, Epoch 260, Train Loss: 0.8703, Val Loss: 0.7328, Val Acc: 0.9774
Precision: 0.9952, Recall: 0.9845, F1-Score: 0.9893
Fold 1, Epoch 261, Train Loss: 0.8453, Val Loss: 0.7465, Val Acc: 0.9843
Precision: 0.9948, Recall: 0.9801, F1-Score: 0.9868
Fold 1, Epoch 262, Train Loss: 0.8183, Val Loss: 0.7520, Val Acc: 0.9803
Precision: 0.9953, Recall: 0.9840, F1-Score: 0.9891
Fold 1, Epoch 263, Train Loss: 0.8350, Val Loss: 0.7133, Val Acc: 0.9838
Precision: 0.9952, Recall: 0.9811, F1-Score: 0.9876
Fold 1, Epoch 264, Train Loss: 0.8339, Val Loss: 0.6948, Val Acc: 0.9803
Precision: 0.9951, Recall: 0.9798, F1-Score: 0.9869
Fold 1, Epoch 265, Train Loss: 0.8216, Val Loss: 0.7227, Val Acc: 0.9791
Precision: 0.9954, Recall: 0.9855, F1-Score: 0.9898
Fold 1, Epoch 266, Train Loss: 0.8269, Val Loss: 0.6981, Val Acc: 0.9840
Precision: 0.9954, Recall: 0.9826, F1-Score: 0.9884
Fold 1, Epoch 267, Train Loss: 0.8172, Val Loss: 0.7191, Val Acc: 0.9815
Precision: 0.9954, Recall: 0.9847, F1-Score: 0.9895
Fold 1, Epoch 268, Train Loss: 0.7909, Val Loss: 0.7252, Val Acc: 0.9834
Precision: 0.9953, Recall: 0.9824, F1-Score: 0.9882
Fold 1, Epoch 269, Train Loss: 0.8009, Val Loss: 0.6808, Val Acc: 0.9815

--- Epoch 270 ---
--- Epoch 270 ---
--- Epoch 270 ---



--- Epoch 270 ---
Class Weights: [2.1182575e-05 5.6127068e-02 5.6127068e-02 5.9477936e-02 5.6928884e-02
 5.3851645e-02 5.3851645e-02 4.9812771e-02 5.9477936e-02 5.6127068e-02
 6.1308030e-02 5.1753532e-02 5.3851645e-02 6.0379118e-02 5.6928884e-02
 4.9197800e-02 5.4589339e-02 5.2434497e-02 5.7753939e-02]Class Weights: [2.1182575e-05 5.6127068e-02 5.6127068e-02 5.9477936e-02 5.6928884e-02
 5.3851645e-02 5.3851645e-02 4.9812771e-02 5.9477936e-02 5.6127068e-02
 6.1308030e-02 5.1753532e-02 5.3851645e-02 6.0379118e-02 5.6928884e-02
 4.9197800e-02 5.4589339e-02 5.2434497e-02 5.7753939e-02]Class Weights: [2.1182575e-05 5.6127068e-02 5.6127068e-02 5.9477936e-02 5.6928884e-02
 5.3851645e-02 5.3851645e-02 4.9812771e-02 5.9477936e-02 5.6127068e-02
 6.1308030e-02 5.1753532e-02 5.3851645e-02 6.0379118e-02 5.6928884e-02
 4.9197800e-02 5.4589339e-02 5.2434497e-02 5.7753939e-02]


Class Weights: [2.1182575e-05 5.6127068e-02 5.6127068e-02 5.9477936e-02 5.6928884e-02
 5.3851645e-02 5.3851645e-02 4.9812771e-02 5.9477936e-02 5.6127068e-02
 6.1308030e-02 5.1753532e-02 5.3851645e-02 6.0379118e-02 5.6928884e-02
 4.9197800e-02 5.4589339e-02 5.2434497e-02 5.7753939e-02]Learning Rate: 0.0005Learning Rate: 0.0005Learning Rate: 0.0005



Learning Rate: 0.0005
Train Loss: 0.7859, Val Loss: 0.6918Train Loss: 0.7859, Val Loss: 0.6918
Train Loss: 0.7859, Val Loss: 0.6918
Train Loss: 0.7859, Val Loss: 0.6918

Per-Class Precision: [1.         0.30124224 0.544      0.70186335 0.19166667 0.32994924
 0.08403361 0.10944206 0.32846715 0.04616896 0.07377648 0.14
 0.01633987 0.43225806 0.19205298 0.22026432 0.44604317 0.49618321
 0.41520468]
Per-Class Recall: [0.98567098 0.97       0.90666667 0.75333333 0.69       0.65
 0.2        0.68       0.45       0.62666667 0.808      0.28
 0.04       0.38285714 0.38666667 0.5        0.70857143 0.86666667
 0.94666667]
Per-Class F1-Score: [0.99278379 0.45971564 0.68       0.7266881  0.3        0.43771044
 0.1183432  0.18853974 0.37974684 0.08600183 0.1352075  0.18666667
 0.02320186 0.40606061 0.25663717 0.3058104  0.54746137 0.63106796
 0.57723577]
Support per Class: [293949    100    150    150    100    100    100     75    100     75
    125    150    125    175     75    100    175     75     75]
Weighted Precision: 0.9952, Weighted Recall: 0.9830, Weighted F1-Score: 0.9885
Precision: 0.9952, Recall: 0.9830, F1-Score: 0.9885
Fold 1, Epoch 270, Train Loss: 0.7859, Val Loss: 0.6918, Val Acc: 0.9818
Precision: 0.9954, Recall: 0.9843, F1-Score: 0.9893
Fold 1, Epoch 271, Train Loss: 0.7888, Val Loss: 0.7027, Val Acc: 0.9823
Precision: 0.9952, Recall: 0.9823, F1-Score: 0.9881
Fold 1, Epoch 272, Train Loss: 0.8046, Val Loss: 0.6818, Val Acc: 0.9807
Precision: 0.9953, Recall: 0.9798, F1-Score: 0.9869
Fold 1, Epoch 273, Train Loss: 0.7784, Val Loss: 0.7007, Val Acc: 0.9793
Precision: 0.9952, Recall: 0.9861, F1-Score: 0.9901
Fold 1, Epoch 274, Train Loss: 0.8067, Val Loss: 0.7210, Val Acc: 0.9848
Precision: 0.9953, Recall: 0.9812, F1-Score: 0.9876
Fold 1, Epoch 275, Train Loss: 0.8237, Val Loss: 0.7002, Val Acc: 0.9793
Precision: 0.9955, Recall: 0.9852, F1-Score: 0.9898
Fold 1, Epoch 276, Train Loss: 0.8208, Val Loss: 0.7091, Val Acc: 0.9842
Precision: 0.9950, Recall: 0.9656, F1-Score: 0.9794
Fold 1, Epoch 277, Train Loss: 0.8047, Val Loss: 0.7168, Val Acc: 0.9662
Precision: 0.9955, Recall: 0.9850, F1-Score: 0.9897
Fold 1, Epoch 278, Train Loss: 0.7980, Val Loss: 0.6631, Val Acc: 0.9848
Precision: 0.9955, Recall: 0.9835, F1-Score: 0.9889
Fold 1, Epoch 279, Train Loss: 0.7815, Val Loss: 0.6871, Val Acc: 0.9834

--- Epoch 280 ---
--- Epoch 280 ---

--- Epoch 280 ---


--- Epoch 280 ---
Class Weights: [2.1182575e-05 5.6127068e-02 5.6127068e-02 5.9477936e-02 5.6928884e-02
 5.3851645e-02 5.3851645e-02 4.9812771e-02 5.9477936e-02 5.6127068e-02
 6.1308030e-02 5.1753532e-02 5.3851645e-02 6.0379118e-02 5.6928884e-02
 4.9197800e-02 5.4589339e-02 5.2434497e-02 5.7753939e-02]Class Weights: [2.1182575e-05 5.6127068e-02 5.6127068e-02 5.9477936e-02 5.6928884e-02
 5.3851645e-02 5.3851645e-02 4.9812771e-02 5.9477936e-02 5.6127068e-02
 6.1308030e-02 5.1753532e-02 5.3851645e-02 6.0379118e-02 5.6928884e-02
 4.9197800e-02 5.4589339e-02 5.2434497e-02 5.7753939e-02]
Class Weights: [2.1182575e-05 5.6127068e-02 5.6127068e-02 5.9477936e-02 5.6928884e-02
 5.3851645e-02 5.3851645e-02 4.9812771e-02 5.9477936e-02 5.6127068e-02
 6.1308030e-02 5.1753532e-02 5.3851645e-02 6.0379118e-02 5.6928884e-02
 4.9197800e-02 5.4589339e-02 5.2434497e-02 5.7753939e-02]

Learning Rate: 0.0005
Learning Rate: 0.0005Learning Rate: 0.0005
Class Weights: [2.1182575e-05 5.6127068e-02 5.6127068e-02 5.9477936e-02 5.6928884e-02
 5.3851645e-02 5.3851645e-02 4.9812771e-02 5.9477936e-02 5.6127068e-02
 6.1308030e-02 5.1753532e-02 5.3851645e-02 6.0379118e-02 5.6928884e-02
 4.9197800e-02 5.4589339e-02 5.2434497e-02 5.7753939e-02]

Learning Rate: 0.0005
Train Loss: 0.7772, Val Loss: 0.6765
Train Loss: 0.7772, Val Loss: 0.6765
Train Loss: 0.7772, Val Loss: 0.6765
Train Loss: 0.7772, Val Loss: 0.6765
Per-Class Precision: [1.         0.41891892 0.50943396 0.68085106 0.23140496 0.37349398
 0.21052632 0.0669145  0.53968254 0.04467085 0.20094563 0.04595186
 0.05184332 0.37121212 0.16494845 0.24752475 0.48538012 0.38068182
 0.38709677]
Per-Class Recall: [0.98574583 0.93       0.9        0.85333333 0.56       0.62
 0.16       0.72       0.34       0.76       0.68       0.14
 0.36       0.28       0.42666667 0.75       0.47428571 0.89333333
 0.96      ]
Per-Class F1-Score: [0.99282175 0.57763975 0.65060241 0.75739645 0.32748538 0.46616541
 0.18181818 0.12244898 0.41717791 0.08438194 0.31021898 0.06919275
 0.09063444 0.31921824 0.23791822 0.37220844 0.47976879 0.53386454
 0.55172414]
Support per Class: [293949    100    150    150    100    100    100     75    100     75
    125    150    125    175     75    100    175     75     75]
Weighted Precision: 0.9953, Weighted Recall: 0.9829, Weighted F1-Score: 0.9886
Precision: 0.9953, Recall: 0.9829, F1-Score: 0.9886
Fold 1, Epoch 280, Train Loss: 0.7772, Val Loss: 0.6765, Val Acc: 0.9817
Precision: 0.9951, Recall: 0.9829, F1-Score: 0.9885
Fold 1, Epoch 281, Train Loss: 0.7870, Val Loss: 0.6849, Val Acc: 0.9823
Precision: 0.9954, Recall: 0.9856, F1-Score: 0.9900
Fold 1, Epoch 282, Train Loss: 0.7979, Val Loss: 0.6706, Val Acc: 0.9838
Precision: 0.9949, Recall: 0.9817, F1-Score: 0.9876
Fold 1, Epoch 283, Train Loss: 0.7772, Val Loss: 0.6795, Val Acc: 0.9799
Precision: 0.9954, Recall: 0.9850, F1-Score: 0.9897
Fold 1, Epoch 284, Train Loss: 0.7890, Val Loss: 0.6796, Val Acc: 0.9832
Precision: 0.9954, Recall: 0.9831, F1-Score: 0.9886
Fold 1, Epoch 285, Train Loss: 0.7702, Val Loss: 0.7126, Val Acc: 0.9823
Precision: 0.9952, Recall: 0.9811, F1-Score: 0.9875
Fold 1, Epoch 286, Train Loss: 0.8027, Val Loss: 0.6953, Val Acc: 0.9804
Precision: 0.9954, Recall: 0.9841, F1-Score: 0.9893
Fold 1, Epoch 287, Train Loss: 0.8026, Val Loss: 0.7042, Val Acc: 0.9826
Precision: 0.9954, Recall: 0.9814, F1-Score: 0.9877
Fold 1, Epoch 288, Train Loss: 0.8025, Val Loss: 0.6990, Val Acc: 0.9794
Precision: 0.9950, Recall: 0.9789, F1-Score: 0.9862
Fold 1, Epoch 289, Train Loss: 0.7858, Val Loss: 0.7563, Val Acc: 0.9772

--- Epoch 290 ---
--- Epoch 290 ---
--- Epoch 290 ---



--- Epoch 290 ---
Class Weights: [2.1182575e-05 5.6127068e-02 5.6127068e-02 5.9477936e-02 5.6928884e-02
 5.3851645e-02 5.3851645e-02 4.9812771e-02 5.9477936e-02 5.6127068e-02
 6.1308030e-02 5.1753532e-02 5.3851645e-02 6.0379118e-02 5.6928884e-02
 4.9197800e-02 5.4589339e-02 5.2434497e-02 5.7753939e-02]Class Weights: [2.1182575e-05 5.6127068e-02 5.6127068e-02 5.9477936e-02 5.6928884e-02
 5.3851645e-02 5.3851645e-02 4.9812771e-02 5.9477936e-02 5.6127068e-02
 6.1308030e-02 5.1753532e-02 5.3851645e-02 6.0379118e-02 5.6928884e-02
 4.9197800e-02 5.4589339e-02 5.2434497e-02 5.7753939e-02]Class Weights: [2.1182575e-05 5.6127068e-02 5.6127068e-02 5.9477936e-02 5.6928884e-02
 5.3851645e-02 5.3851645e-02 4.9812771e-02 5.9477936e-02 5.6127068e-02
 6.1308030e-02 5.1753532e-02 5.3851645e-02 6.0379118e-02 5.6928884e-02
 4.9197800e-02 5.4589339e-02 5.2434497e-02 5.7753939e-02]


Learning Rate: 0.0005Learning Rate: 0.0005Learning Rate: 0.0005
Class Weights: [2.1182575e-05 5.6127068e-02 5.6127068e-02 5.9477936e-02 5.6928884e-02
 5.3851645e-02 5.3851645e-02 4.9812771e-02 5.9477936e-02 5.6127068e-02
 6.1308030e-02 5.1753532e-02 5.3851645e-02 6.0379118e-02 5.6928884e-02
 4.9197800e-02 5.4589339e-02 5.2434497e-02 5.7753939e-02]


Learning Rate: 0.0005
Train Loss: 0.8055, Val Loss: 0.6629
Train Loss: 0.8055, Val Loss: 0.6629Train Loss: 0.8055, Val Loss: 0.6629

Train Loss: 0.8055, Val Loss: 0.6629
Per-Class Precision: [0.99999656 0.47761194 0.53688525 0.75912409 0.23076923 0.25225225
 0.24285714 0.1        0.31578947 0.05219012 0.09899329 0.11428571
 0.02139037 0.36407767 0.19047619 0.29677419 0.5026455  0.5862069
 0.47651007]
Per-Class Recall: [0.98815781 0.96       0.87333333 0.69333333 0.42       0.84
 0.34       0.6        0.48       0.74666667 0.944      0.16
 0.032      0.42857143 0.48       0.46       0.54285714 0.90666667
 0.94666667]
Per-Class F1-Score: [0.99404194 0.63787375 0.66497462 0.72473868 0.29787234 0.38799076
 0.28333333 0.17142857 0.38095238 0.09756098 0.17919514 0.13333333
 0.02564103 0.39370079 0.27272727 0.36078431 0.52197802 0.71204188
 0.63392857]
Support per Class: [293949    100    150    150    100    100    100     75    100     75
    125    150    125    175     75    100    175     75     75]
Weighted Precision: 0.9954, Weighted Recall: 0.9854, Weighted F1-Score: 0.9899
Precision: 0.9954, Recall: 0.9854, F1-Score: 0.9899
Fold 1, Epoch 290, Train Loss: 0.8055, Val Loss: 0.6629, Val Acc: 0.9840
Precision: 0.9952, Recall: 0.9816, F1-Score: 0.9879
Fold 1, Epoch 291, Train Loss: 0.7894, Val Loss: 0.6521, Val Acc: 0.9798
Precision: 0.9956, Recall: 0.9865, F1-Score: 0.9906
Fold 1, Epoch 292, Train Loss: 0.7763, Val Loss: 0.6852, Val Acc: 0.9850
Precision: 0.9954, Recall: 0.9807, F1-Score: 0.9874
Fold 1, Epoch 293, Train Loss: 0.7856, Val Loss: 0.6703, Val Acc: 0.9800
Precision: 0.9954, Recall: 0.9854, F1-Score: 0.9899
Fold 1, Epoch 294, Train Loss: 0.7596, Val Loss: 0.6545, Val Acc: 0.9844
Precision: 0.9952, Recall: 0.9816, F1-Score: 0.9877
Fold 1, Epoch 295, Train Loss: 0.7718, Val Loss: 0.6583, Val Acc: 0.9799
Precision: 0.9951, Recall: 0.9802, F1-Score: 0.9870
Fold 1, Epoch 296, Train Loss: 0.7433, Val Loss: 0.6567, Val Acc: 0.9785
Precision: 0.9953, Recall: 0.9832, F1-Score: 0.9887
Fold 1, Epoch 297, Train Loss: 0.8032, Val Loss: 0.6651, Val Acc: 0.9811
Precision: 0.9950, Recall: 0.9151, F1-Score: 0.9527
Fold 1, Epoch 298, Train Loss: 0.7639, Val Loss: 0.6896, Val Acc: 0.8970
Precision: 0.9954, Recall: 0.9825, F1-Score: 0.9884
Fold 1, Epoch 299, Train Loss: 0.7819, Val Loss: 0.6735, Val Acc: 0.9811

--- Epoch 300 ---
--- Epoch 300 ---
--- Epoch 300 ---



--- Epoch 300 ---
Class Weights: [2.1182575e-05 5.6127068e-02 5.6127068e-02 5.9477936e-02 5.6928884e-02
 5.3851645e-02 5.3851645e-02 4.9812771e-02 5.9477936e-02 5.6127068e-02
 6.1308030e-02 5.1753532e-02 5.3851645e-02 6.0379118e-02 5.6928884e-02
 4.9197800e-02 5.4589339e-02 5.2434497e-02 5.7753939e-02]Class Weights: [2.1182575e-05 5.6127068e-02 5.6127068e-02 5.9477936e-02 5.6928884e-02
 5.3851645e-02 5.3851645e-02 4.9812771e-02 5.9477936e-02 5.6127068e-02
 6.1308030e-02 5.1753532e-02 5.3851645e-02 6.0379118e-02 5.6928884e-02
 4.9197800e-02 5.4589339e-02 5.2434497e-02 5.7753939e-02]Class Weights: [2.1182575e-05 5.6127068e-02 5.6127068e-02 5.9477936e-02 5.6928884e-02
 5.3851645e-02 5.3851645e-02 4.9812771e-02 5.9477936e-02 5.6127068e-02
 6.1308030e-02 5.1753532e-02 5.3851645e-02 6.0379118e-02 5.6928884e-02
 4.9197800e-02 5.4589339e-02 5.2434497e-02 5.7753939e-02]


Learning Rate: 0.0005Learning Rate: 0.0005
Learning Rate: 0.0005

Class Weights: [2.1182575e-05 5.6127068e-02 5.6127068e-02 5.9477936e-02 5.6928884e-02
 5.3851645e-02 5.3851645e-02 4.9812771e-02 5.9477936e-02 5.6127068e-02
 6.1308030e-02 5.1753532e-02 5.3851645e-02 6.0379118e-02 5.6928884e-02
 4.9197800e-02 5.4589339e-02 5.2434497e-02 5.7753939e-02]
Learning Rate: 0.0005
Train Loss: 0.7856, Val Loss: 0.6297
Train Loss: 0.7856, Val Loss: 0.6297Train Loss: 0.7856, Val Loss: 0.6297

Train Loss: 0.7856, Val Loss: 0.6297
Per-Class Precision: [1.         0.63333333 0.578125   0.57083333 0.21463415 0.31365314
 0.19076923 0.18834081 0.45121951 0.05172414 0.07520891 0.1446281
 0.06963788 0.39631336 0.11442786 0.31137725 0.48214286 0.52755906
 0.5034965 ]
Per-Class Recall: [0.98693991 0.95       0.74       0.91333333 0.44       0.85
 0.62       0.56       0.37       0.84       0.648      0.23333333
 0.2        0.49142857 0.61333333 0.52       0.61714286 0.89333333
 0.96      ]
Per-Class F1-Score: [0.99342703 0.76       0.64912281 0.7025641  0.28852459 0.45822102
 0.29176471 0.28187919 0.40659341 0.0974478  0.13477537 0.17857143
 0.10330579 0.43877551 0.19287212 0.38951311 0.54135338 0.66336634
 0.66055046]
Support per Class: [293949    100    150    150    100    100    100     75    100     75
    125    150    125    175     75    100    175     75     75]
Weighted Precision: 0.9955, Weighted Recall: 0.9844, Weighted F1-Score: 0.9894
Precision: 0.9955, Recall: 0.9844, F1-Score: 0.9894
Fold 1, Epoch 300, Train Loss: 0.7856, Val Loss: 0.6297, Val Acc: 0.9836
Precision: 0.9953, Recall: 0.9790, F1-Score: 0.9866
Fold 1, Epoch 301, Train Loss: 0.7367, Val Loss: 0.6346, Val Acc: 0.9782
Precision: 0.9954, Recall: 0.9838, F1-Score: 0.9891
Fold 1, Epoch 302, Train Loss: 0.7334, Val Loss: 0.6259, Val Acc: 0.9837
Precision: 0.9955, Recall: 0.9756, F1-Score: 0.9848
Fold 1, Epoch 303, Train Loss: 0.7590, Val Loss: 0.6515, Val Acc: 0.9760
Precision: 0.9957, Recall: 0.9835, F1-Score: 0.9890
Fold 1, Epoch 304, Train Loss: 0.7666, Val Loss: 0.6932, Val Acc: 0.9844
Precision: 0.9953, Recall: 0.9813, F1-Score: 0.9877
Fold 1, Epoch 305, Train Loss: 0.7510, Val Loss: 0.6610, Val Acc: 0.9802
Precision: 0.9955, Recall: 0.9849, F1-Score: 0.9897
Fold 1, Epoch 306, Train Loss: 0.7768, Val Loss: 0.6436, Val Acc: 0.9836
Precision: 0.9952, Recall: 0.9831, F1-Score: 0.9886
Fold 1, Epoch 307, Train Loss: 0.7680, Val Loss: 0.6459, Val Acc: 0.9824
Precision: 0.9954, Recall: 0.9781, F1-Score: 0.9860
Fold 1, Epoch 308, Train Loss: 0.7447, Val Loss: 0.6479, Val Acc: 0.9768
Precision: 0.9956, Recall: 0.9865, F1-Score: 0.9906
Fold 1, Epoch 309, Train Loss: 0.7588, Val Loss: 0.6687, Val Acc: 0.9857

--- Epoch 310 ---
--- Epoch 310 ---
--- Epoch 310 ---



--- Epoch 310 ---
Class Weights: [2.1182575e-05 5.6127068e-02 5.6127068e-02 5.9477936e-02 5.6928884e-02
 5.3851645e-02 5.3851645e-02 4.9812771e-02 5.9477936e-02 5.6127068e-02
 6.1308030e-02 5.1753532e-02 5.3851645e-02 6.0379118e-02 5.6928884e-02
 4.9197800e-02 5.4589339e-02 5.2434497e-02 5.7753939e-02]Class Weights: [2.1182575e-05 5.6127068e-02 5.6127068e-02 5.9477936e-02 5.6928884e-02
 5.3851645e-02 5.3851645e-02 4.9812771e-02 5.9477936e-02 5.6127068e-02
 6.1308030e-02 5.1753532e-02 5.3851645e-02 6.0379118e-02 5.6928884e-02
 4.9197800e-02 5.4589339e-02 5.2434497e-02 5.7753939e-02]Class Weights: [2.1182575e-05 5.6127068e-02 5.6127068e-02 5.9477936e-02 5.6928884e-02
 5.3851645e-02 5.3851645e-02 4.9812771e-02 5.9477936e-02 5.6127068e-02
 6.1308030e-02 5.1753532e-02 5.3851645e-02 6.0379118e-02 5.6928884e-02
 4.9197800e-02 5.4589339e-02 5.2434497e-02 5.7753939e-02]


Class Weights: [2.1182575e-05 5.6127068e-02 5.6127068e-02 5.9477936e-02 5.6928884e-02
 5.3851645e-02 5.3851645e-02 4.9812771e-02 5.9477936e-02 5.6127068e-02
 6.1308030e-02 5.1753532e-02 5.3851645e-02 6.0379118e-02 5.6928884e-02
 4.9197800e-02 5.4589339e-02 5.2434497e-02 5.7753939e-02]Learning Rate: 0.0005Learning Rate: 0.0005Learning Rate: 0.0005



Learning Rate: 0.0005
Train Loss: 0.7692, Val Loss: 0.6206Train Loss: 0.7692, Val Loss: 0.6206
Train Loss: 0.7692, Val Loss: 0.6206
Train Loss: 0.7692, Val Loss: 0.6206

Per-Class Precision: [1.         0.32323232 0.58798283 0.65384615 0.16966068 0.44545455
 0.45679012 0.05687694 0.21359223 0.02745098 0.08976834 0.1758794
 0.01424501 0.30188679 0.14736842 0.19302326 0.4742268  0.45512821
 0.51798561]
Per-Class Recall: [0.98350734 0.96       0.91333333 0.79333333 0.85       0.49
 0.37       0.73333333 0.66       0.46666667 0.744      0.23333333
 0.04       0.54857143 0.18666667 0.83       0.52571429 0.94666667
 0.96      ]
Per-Class F1-Score: [0.9916851  0.4836272  0.7154047  0.71686747 0.2828619  0.46666667
 0.40883978 0.10556622 0.32273839 0.05185185 0.16020672 0.20057307
 0.0210084  0.38945233 0.16470588 0.31320755 0.49864499 0.61471861
 0.6728972 ]
Support per Class: [293949    100    150    150    100    100    100     75    100     75
    125    150    125    175     75    100    175     75     75]
Weighted Precision: 0.9953, Weighted Recall: 0.9810, Weighted F1-Score: 0.9875
Precision: 0.9953, Recall: 0.9810, F1-Score: 0.9875
Fold 1, Epoch 310, Train Loss: 0.7692, Val Loss: 0.6206, Val Acc: 0.9792
Precision: 0.9954, Recall: 0.9852, F1-Score: 0.9898
Fold 1, Epoch 311, Train Loss: 0.7449, Val Loss: 0.6184, Val Acc: 0.9856
Precision: 0.9954, Recall: 0.9808, F1-Score: 0.9875
Fold 1, Epoch 312, Train Loss: 0.7710, Val Loss: 0.6321, Val Acc: 0.9801
Precision: 0.9954, Recall: 0.9777, F1-Score: 0.9860
Fold 1, Epoch 313, Train Loss: 0.7653, Val Loss: 0.6289, Val Acc: 0.9787
Precision: 0.9954, Recall: 0.9856, F1-Score: 0.9899
Fold 1, Epoch 314, Train Loss: 0.7523, Val Loss: 0.5929, Val Acc: 0.9848
Precision: 0.9956, Recall: 0.9816, F1-Score: 0.9880
Fold 1, Epoch 315, Train Loss: 0.7245, Val Loss: 0.6406, Val Acc: 0.9815
Precision: 0.9957, Recall: 0.9825, F1-Score: 0.9885
Fold 1, Epoch 316, Train Loss: 0.7274, Val Loss: 0.6415, Val Acc: 0.9811
Precision: 0.9954, Recall: 0.9827, F1-Score: 0.9885
Fold 1, Epoch 317, Train Loss: 0.7607, Val Loss: 0.6131, Val Acc: 0.9822
Precision: 0.9957, Recall: 0.9872, F1-Score: 0.9909
Fold 1, Epoch 318, Train Loss: 0.7530, Val Loss: 0.6052, Val Acc: 0.9869
Precision: 0.9953, Recall: 0.9833, F1-Score: 0.9886
Fold 1, Epoch 319, Train Loss: 0.7501, Val Loss: 0.6142, Val Acc: 0.9825

--- Epoch 320 ---
--- Epoch 320 ---
--- Epoch 320 ---



--- Epoch 320 ---
Class Weights: [2.1182575e-05 5.6127068e-02 5.6127068e-02 5.9477936e-02 5.6928884e-02
 5.3851645e-02 5.3851645e-02 4.9812771e-02 5.9477936e-02 5.6127068e-02
 6.1308030e-02 5.1753532e-02 5.3851645e-02 6.0379118e-02 5.6928884e-02
 4.9197800e-02 5.4589339e-02 5.2434497e-02 5.7753939e-02]Class Weights: [2.1182575e-05 5.6127068e-02 5.6127068e-02 5.9477936e-02 5.6928884e-02
 5.3851645e-02 5.3851645e-02 4.9812771e-02 5.9477936e-02 5.6127068e-02
 6.1308030e-02 5.1753532e-02 5.3851645e-02 6.0379118e-02 5.6928884e-02
 4.9197800e-02 5.4589339e-02 5.2434497e-02 5.7753939e-02]
Class Weights: [2.1182575e-05 5.6127068e-02 5.6127068e-02 5.9477936e-02 5.6928884e-02
 5.3851645e-02 5.3851645e-02 4.9812771e-02 5.9477936e-02 5.6127068e-02
 6.1308030e-02 5.1753532e-02 5.3851645e-02 6.0379118e-02 5.6928884e-02
 4.9197800e-02 5.4589339e-02 5.2434497e-02 5.7753939e-02]
Learning Rate: 0.0005

Learning Rate: 0.0005
Learning Rate: 0.0005
Train Loss: 0.7504, Val Loss: 0.6400Class Weights: [2.1182575e-05 5.6127068e-02 5.6127068e-02 5.9477936e-02 5.6928884e-02
 5.3851645e-02 5.3851645e-02 4.9812771e-02 5.9477936e-02 5.6127068e-02
 6.1308030e-02 5.1753532e-02 5.3851645e-02 6.0379118e-02 5.6928884e-02
 4.9197800e-02 5.4589339e-02 5.2434497e-02 5.7753939e-02]
Train Loss: 0.7504, Val Loss: 0.6400Train Loss: 0.7504, Val Loss: 0.6400


Learning Rate: 0.0005
Train Loss: 0.7504, Val Loss: 0.6400
Per-Class Precision: [1.         0.37354086 0.57674419 0.70689655 0.21388889 0.36787565
 0.22807018 0.08074534 0.21223022 0.03408211 0.22033898 0.0990991
 0.01788618 0.6        0.11048159 0.29069767 0.44845361 0.46753247
 0.365     ]
Per-Class Recall: [0.98623231 0.96       0.82666667 0.54666667 0.77       0.71
 0.13       0.52       0.59       0.58666667 0.728      0.36666667
 0.088      0.27428571 0.52       0.75       0.49714286 0.96
 0.97333333]
Per-Class F1-Score: [0.99306844 0.53781513 0.67945205 0.61654135 0.33478261 0.48464164
 0.1656051  0.13978495 0.31216931 0.06442167 0.33828996 0.15602837
 0.02972973 0.37647059 0.18224299 0.41899441 0.47154472 0.62882096
 0.53090909]
Support per Class: [293949    100    150    150    100    100    100     75    100     75
    125    150    125    175     75    100    175     75     75]
Weighted Precision: 0.9954, Weighted Recall: 0.9834, Weighted F1-Score: 0.9888
Precision: 0.9954, Recall: 0.9834, F1-Score: 0.9888
Fold 1, Epoch 320, Train Loss: 0.7504, Val Loss: 0.6400, Val Acc: 0.9821
Precision: 0.9957, Recall: 0.9817, F1-Score: 0.9880
Fold 1, Epoch 321, Train Loss: 0.7284, Val Loss: 0.6185, Val Acc: 0.9813
Precision: 0.9955, Recall: 0.9849, F1-Score: 0.9897
Fold 1, Epoch 322, Train Loss: 0.7010, Val Loss: 0.6124, Val Acc: 0.9839
Precision: 0.9954, Recall: 0.9759, F1-Score: 0.9850
Fold 1, Epoch 323, Train Loss: 0.7120, Val Loss: 0.6171, Val Acc: 0.9741
Precision: 0.9955, Recall: 0.9857, F1-Score: 0.9901
Fold 1, Epoch 324, Train Loss: 0.7175, Val Loss: 0.6260, Val Acc: 0.9844
Precision: 0.9954, Recall: 0.9826, F1-Score: 0.9884
Fold 1, Epoch 325, Train Loss: 0.7614, Val Loss: 0.6359, Val Acc: 0.9810
Precision: 0.9954, Recall: 0.9830, F1-Score: 0.9886
Fold 1, Epoch 326, Train Loss: 0.7532, Val Loss: 0.5899, Val Acc: 0.9824
Precision: 0.9955, Recall: 0.9845, F1-Score: 0.9896
Fold 1, Epoch 327, Train Loss: 0.7328, Val Loss: 0.6198, Val Acc: 0.9835
Precision: 0.9956, Recall: 0.9809, F1-Score: 0.9876
Fold 1, Epoch 328, Train Loss: 0.7431, Val Loss: 0.6676, Val Acc: 0.9793
Precision: 0.9954, Recall: 0.9836, F1-Score: 0.9890
Fold 1, Epoch 329, Train Loss: 0.7627, Val Loss: 0.6107, Val Acc: 0.9827

--- Epoch 330 ---
--- Epoch 330 ---
--- Epoch 330 ---
--- Epoch 330 ---



Class Weights: [2.1182575e-05 5.6127068e-02 5.6127068e-02 5.9477936e-02 5.6928884e-02
 5.3851645e-02 5.3851645e-02 4.9812771e-02 5.9477936e-02 5.6127068e-02
 6.1308030e-02 5.1753532e-02 5.3851645e-02 6.0379118e-02 5.6928884e-02
 4.9197800e-02 5.4589339e-02 5.2434497e-02 5.7753939e-02]Class Weights: [2.1182575e-05 5.6127068e-02 5.6127068e-02 5.9477936e-02 5.6928884e-02
 5.3851645e-02 5.3851645e-02 4.9812771e-02 5.9477936e-02 5.6127068e-02
 6.1308030e-02 5.1753532e-02 5.3851645e-02 6.0379118e-02 5.6928884e-02
 4.9197800e-02 5.4589339e-02 5.2434497e-02 5.7753939e-02]Class Weights: [2.1182575e-05 5.6127068e-02 5.6127068e-02 5.9477936e-02 5.6928884e-02
 5.3851645e-02 5.3851645e-02 4.9812771e-02 5.9477936e-02 5.6127068e-02
 6.1308030e-02 5.1753532e-02 5.3851645e-02 6.0379118e-02 5.6928884e-02
 4.9197800e-02 5.4589339e-02 5.2434497e-02 5.7753939e-02]Class Weights: [2.1182575e-05 5.6127068e-02 5.6127068e-02 5.9477936e-02 5.6928884e-02
 5.3851645e-02 5.3851645e-02 4.9812771e-02 5.9477936e-02 5.6127068e-02
 6.1308030e-02 5.1753532e-02 5.3851645e-02 6.0379118e-02 5.6928884e-02
 4.9197800e-02 5.4589339e-02 5.2434497e-02 5.7753939e-02]



Learning Rate: 0.0005Learning Rate: 0.0005Learning Rate: 0.0005

Learning Rate: 0.0005

Train Loss: 0.7360, Val Loss: 0.5991Train Loss: 0.7360, Val Loss: 0.5991Train Loss: 0.7360, Val Loss: 0.5991

Train Loss: 0.7360, Val Loss: 0.5991

Per-Class Precision: [0.99999309 0.06536388 0.56621005 0.69375    0.25274725 0.32684825
 0.21674877 0.14355231 0.33333333 0.06294537 0.24855491 0.20289855
 0.         0.11296738 0.22727273 0.27169811 0.42857143 0.41618497
 0.45061728]
Per-Class Recall: [0.98393259 0.97       0.82666667 0.74       0.69       0.84
 0.44       0.78666667 0.5        0.70666667 0.688      0.09333333
 0.         0.81142857 0.33333333 0.72       0.63428571 0.96
 0.97333333]
Per-Class F1-Score: [0.99189783 0.12247475 0.67208672 0.71612903 0.36997319 0.47058824
 0.29042904 0.24279835 0.4        0.11559433 0.36518047 0.12785388
 0.         0.19832402 0.27027027 0.39452055 0.51152074 0.58064516
 0.61603376]
Support per Class: [293949    100    150    150    100    100    100     75    100     75
    125    150    125    175     75    100    175     75     75]
Weighted Precision: 0.9951, Weighted Recall: 0.9815, Weighted F1-Score: 0.9876
Precision: 0.9951, Recall: 0.9815, F1-Score: 0.9876
Fold 1, Epoch 330, Train Loss: 0.7360, Val Loss: 0.5991, Val Acc: 0.9809
Precision: 0.9955, Recall: 0.9827, F1-Score: 0.9885
Fold 1, Epoch 331, Train Loss: 0.6954, Val Loss: 0.6076, Val Acc: 0.9812
Precision: 0.9955, Recall: 0.9829, F1-Score: 0.9885
Fold 1, Epoch 332, Train Loss: 0.7196, Val Loss: 0.6273, Val Acc: 0.9827
Precision: 0.9955, Recall: 0.9797, F1-Score: 0.9870
Fold 1, Epoch 333, Train Loss: 0.7108, Val Loss: 0.6234, Val Acc: 0.9778
Precision: 0.9955, Recall: 0.9828, F1-Score: 0.9887
Fold 1, Epoch 334, Train Loss: 0.7080, Val Loss: 0.6115, Val Acc: 0.9816
Precision: 0.9955, Recall: 0.9857, F1-Score: 0.9901
Fold 1, Epoch 335, Train Loss: 0.7245, Val Loss: 0.5961, Val Acc: 0.9850
Precision: 0.9955, Recall: 0.9827, F1-Score: 0.9885
Fold 1, Epoch 336, Train Loss: 0.7316, Val Loss: 0.6216, Val Acc: 0.9811
Precision: 0.9955, Recall: 0.9840, F1-Score: 0.9892
Fold 1, Epoch 337, Train Loss: 0.7269, Val Loss: 0.6421, Val Acc: 0.9826
Precision: 0.9957, Recall: 0.9825, F1-Score: 0.9885
Fold 1, Epoch 338, Train Loss: 0.7065, Val Loss: 0.6079, Val Acc: 0.9810
Precision: 0.9956, Recall: 0.9872, F1-Score: 0.9909
Fold 1, Epoch 339, Train Loss: 0.7170, Val Loss: 0.6104, Val Acc: 0.9858

--- Epoch 340 ---
--- Epoch 340 ---
--- Epoch 340 ---



--- Epoch 340 ---
Class Weights: [2.1182575e-05 5.6127068e-02 5.6127068e-02 5.9477936e-02 5.6928884e-02
 5.3851645e-02 5.3851645e-02 4.9812771e-02 5.9477936e-02 5.6127068e-02
 6.1308030e-02 5.1753532e-02 5.3851645e-02 6.0379118e-02 5.6928884e-02
 4.9197800e-02 5.4589339e-02 5.2434497e-02 5.7753939e-02]Class Weights: [2.1182575e-05 5.6127068e-02 5.6127068e-02 5.9477936e-02 5.6928884e-02
 5.3851645e-02 5.3851645e-02 4.9812771e-02 5.9477936e-02 5.6127068e-02
 6.1308030e-02 5.1753532e-02 5.3851645e-02 6.0379118e-02 5.6928884e-02
 4.9197800e-02 5.4589339e-02 5.2434497e-02 5.7753939e-02]Class Weights: [2.1182575e-05 5.6127068e-02 5.6127068e-02 5.9477936e-02 5.6928884e-02
 5.3851645e-02 5.3851645e-02 4.9812771e-02 5.9477936e-02 5.6127068e-02
 6.1308030e-02 5.1753532e-02 5.3851645e-02 6.0379118e-02 5.6928884e-02
 4.9197800e-02 5.4589339e-02 5.2434497e-02 5.7753939e-02]


Learning Rate: 0.0005Learning Rate: 0.0005
Learning Rate: 0.0005Class Weights: [2.1182575e-05 5.6127068e-02 5.6127068e-02 5.9477936e-02 5.6928884e-02
 5.3851645e-02 5.3851645e-02 4.9812771e-02 5.9477936e-02 5.6127068e-02
 6.1308030e-02 5.1753532e-02 5.3851645e-02 6.0379118e-02 5.6928884e-02
 4.9197800e-02 5.4589339e-02 5.2434497e-02 5.7753939e-02]


Learning Rate: 0.0005
Train Loss: 0.7009, Val Loss: 0.6131
Train Loss: 0.7009, Val Loss: 0.6131Train Loss: 0.7009, Val Loss: 0.6131

Train Loss: 0.7009, Val Loss: 0.6131
Per-Class Precision: [1.         0.34137931 0.59722222 0.65420561 0.28571429 0.45255474
 0.36046512 0.06639839 0.3814433  0.03144654 0.09610706 0.1704918
 0.0442953  0.63768116 0.12757202 0.27705628 0.46774194 0.43902439
 0.5034965 ]
Per-Class Recall: [0.98298684 0.99       0.86       0.93333333 0.78       0.62
 0.31       0.88       0.37       0.73333333 0.632      0.34666667
 0.264      0.25142857 0.41333333 0.64       0.66285714 0.96
 0.96      ]
Per-Class F1-Score: [0.99142044 0.50769231 0.70491803 0.76923077 0.41823056 0.52320675
 0.33333333 0.12347989 0.37563452 0.06030702 0.16684266 0.22857143
 0.07586207 0.36065574 0.19496855 0.38670695 0.54846336 0.60251046
 0.66055046]
Support per Class: [293949    100    150    150    100    100    100     75    100     75
    125    150    125    175     75    100    175     75     75]
Weighted Precision: 0.9956, Weighted Recall: 0.9805, Weighted F1-Score: 0.9874
Precision: 0.9956, Recall: 0.9805, F1-Score: 0.9874
Fold 1, Epoch 340, Train Loss: 0.7009, Val Loss: 0.6131, Val Acc: 0.9790
Precision: 0.9957, Recall: 0.9830, F1-Score: 0.9889
Fold 1, Epoch 341, Train Loss: 0.7166, Val Loss: 0.6059, Val Acc: 0.9820
Precision: 0.9954, Recall: 0.9807, F1-Score: 0.9874
Fold 1, Epoch 342, Train Loss: 0.6972, Val Loss: 0.5727, Val Acc: 0.9800
Precision: 0.9956, Recall: 0.9826, F1-Score: 0.9885
Fold 1, Epoch 343, Train Loss: 0.7121, Val Loss: 0.6036, Val Acc: 0.9825
Precision: 0.9956, Recall: 0.9794, F1-Score: 0.9867
Fold 1, Epoch 344, Train Loss: 0.7049, Val Loss: 0.6142, Val Acc: 0.9795
Precision: 0.9958, Recall: 0.9811, F1-Score: 0.9877
Fold 1, Epoch 345, Train Loss: 0.6912, Val Loss: 0.6014, Val Acc: 0.9798
Precision: 0.9955, Recall: 0.9844, F1-Score: 0.9895
Fold 1, Epoch 346, Train Loss: 0.7385, Val Loss: 0.6006, Val Acc: 0.9828
Precision: 0.9955, Recall: 0.9828, F1-Score: 0.9886
Fold 1, Epoch 347, Train Loss: 0.7053, Val Loss: 0.5979, Val Acc: 0.9817
Precision: 0.9955, Recall: 0.9838, F1-Score: 0.9891
Fold 1, Epoch 348, Train Loss: 0.7276, Val Loss: 0.5969, Val Acc: 0.9823
Precision: 0.9955, Recall: 0.9849, F1-Score: 0.9897
Fold 1, Epoch 349, Train Loss: 0.6730, Val Loss: 0.5959, Val Acc: 0.9833

--- Epoch 350 ---
--- Epoch 350 ---
--- Epoch 350 ---



--- Epoch 350 ---
Class Weights: [2.1182575e-05 5.6127068e-02 5.6127068e-02 5.9477936e-02 5.6928884e-02
 5.3851645e-02 5.3851645e-02 4.9812771e-02 5.9477936e-02 5.6127068e-02
 6.1308030e-02 5.1753532e-02 5.3851645e-02 6.0379118e-02 5.6928884e-02
 4.9197800e-02 5.4589339e-02 5.2434497e-02 5.7753939e-02]Class Weights: [2.1182575e-05 5.6127068e-02 5.6127068e-02 5.9477936e-02 5.6928884e-02
 5.3851645e-02 5.3851645e-02 4.9812771e-02 5.9477936e-02 5.6127068e-02
 6.1308030e-02 5.1753532e-02 5.3851645e-02 6.0379118e-02 5.6928884e-02
 4.9197800e-02 5.4589339e-02 5.2434497e-02 5.7753939e-02]Class Weights: [2.1182575e-05 5.6127068e-02 5.6127068e-02 5.9477936e-02 5.6928884e-02
 5.3851645e-02 5.3851645e-02 4.9812771e-02 5.9477936e-02 5.6127068e-02
 6.1308030e-02 5.1753532e-02 5.3851645e-02 6.0379118e-02 5.6928884e-02
 4.9197800e-02 5.4589339e-02 5.2434497e-02 5.7753939e-02]


Class Weights: [2.1182575e-05 5.6127068e-02 5.6127068e-02 5.9477936e-02 5.6928884e-02
 5.3851645e-02 5.3851645e-02 4.9812771e-02 5.9477936e-02 5.6127068e-02
 6.1308030e-02 5.1753532e-02 5.3851645e-02 6.0379118e-02 5.6928884e-02
 4.9197800e-02 5.4589339e-02 5.2434497e-02 5.7753939e-02]Learning Rate: 0.0005Learning Rate: 0.0005Learning Rate: 0.0005



Learning Rate: 0.0005
Train Loss: 0.7031, Val Loss: 0.6067Train Loss: 0.7031, Val Loss: 0.6067
Train Loss: 0.7031, Val Loss: 0.6067Train Loss: 0.7031, Val Loss: 0.6067


Per-Class Precision: [0.99999308 0.4248927  0.62978723 0.74666667 0.30952381 0.48837209
 0.19480519 0.03571429 0.17792793 0.04091653 0.05762179 0.15454545
 0.02659574 0.4        0.2037037  0.35714286 0.43598616 0.59821429
 0.46202532]
Per-Class Recall: [0.98358219 0.99       0.98666667 0.74666667 0.65       0.84
 0.3        0.13333333 0.79       0.66666667 0.88       0.34
 0.12       0.10285714 0.58666667 0.45       0.72       0.89333333
 0.97333333]
Per-Class F1-Score: [0.99171975 0.59459459 0.76883117 0.74666667 0.41935484 0.61764706
 0.23622047 0.05633803 0.29044118 0.077101   0.10816126 0.2125
 0.04354136 0.16363636 0.3024055  0.39823009 0.54310345 0.71657754
 0.62660944]
Support per Class: [293949    100    150    150    100    100    100     75    100     75
    125    150    125    175     75    100    175     75     75]
Weighted Precision: 0.9955, Weighted Recall: 0.9810, Weighted F1-Score: 0.9876
Precision: 0.9955, Recall: 0.9810, F1-Score: 0.9876
Fold 1, Epoch 350, Train Loss: 0.7031, Val Loss: 0.6067, Val Acc: 0.9809
Precision: 0.9956, Recall: 0.9825, F1-Score: 0.9884
Fold 1, Epoch 351, Train Loss: 0.7280, Val Loss: 0.6011, Val Acc: 0.9817
Precision: 0.9955, Recall: 0.9853, F1-Score: 0.9898
Fold 1, Epoch 352, Train Loss: 0.6943, Val Loss: 0.6416, Val Acc: 0.9833
Precision: 0.9955, Recall: 0.9847, F1-Score: 0.9896
Fold 1, Epoch 353, Train Loss: 0.7140, Val Loss: 0.5860, Val Acc: 0.9837
Precision: 0.9953, Recall: 0.9845, F1-Score: 0.9894
Fold 1, Epoch 354, Train Loss: 0.7100, Val Loss: 0.5938, Val Acc: 0.9839
Precision: 0.9954, Recall: 0.9770, F1-Score: 0.9855
Fold 1, Epoch 355, Train Loss: 0.7066, Val Loss: 0.5983, Val Acc: 0.9765
Precision: 0.9957, Recall: 0.9851, F1-Score: 0.9899
Fold 1, Epoch 356, Train Loss: 0.7251, Val Loss: 0.6215, Val Acc: 0.9832
Precision: 0.9956, Recall: 0.9833, F1-Score: 0.9889
Fold 1, Epoch 357, Train Loss: 0.6860, Val Loss: 0.6231, Val Acc: 0.9817
Precision: 0.9954, Recall: 0.9847, F1-Score: 0.9896
Fold 1, Epoch 358, Train Loss: 0.7328, Val Loss: 0.6107, Val Acc: 0.9826
Precision: 0.9954, Recall: 0.9849, F1-Score: 0.9895
Fold 1, Epoch 359, Train Loss: 0.6842, Val Loss: 0.5946, Val Acc: 0.9835

--- Epoch 360 ---
--- Epoch 360 ---
--- Epoch 360 ---



--- Epoch 360 ---
Class Weights: [2.1182575e-05 5.6127068e-02 5.6127068e-02 5.9477936e-02 5.6928884e-02
 5.3851645e-02 5.3851645e-02 4.9812771e-02 5.9477936e-02 5.6127068e-02
 6.1308030e-02 5.1753532e-02 5.3851645e-02 6.0379118e-02 5.6928884e-02
 4.9197800e-02 5.4589339e-02 5.2434497e-02 5.7753939e-02]Class Weights: [2.1182575e-05 5.6127068e-02 5.6127068e-02 5.9477936e-02 5.6928884e-02
 5.3851645e-02 5.3851645e-02 4.9812771e-02 5.9477936e-02 5.6127068e-02
 6.1308030e-02 5.1753532e-02 5.3851645e-02 6.0379118e-02 5.6928884e-02
 4.9197800e-02 5.4589339e-02 5.2434497e-02 5.7753939e-02]Class Weights: [2.1182575e-05 5.6127068e-02 5.6127068e-02 5.9477936e-02 5.6928884e-02
 5.3851645e-02 5.3851645e-02 4.9812771e-02 5.9477936e-02 5.6127068e-02
 6.1308030e-02 5.1753532e-02 5.3851645e-02 6.0379118e-02 5.6928884e-02
 4.9197800e-02 5.4589339e-02 5.2434497e-02 5.7753939e-02]

Class Weights: [2.1182575e-05 5.6127068e-02 5.6127068e-02 5.9477936e-02 5.6928884e-02
 5.3851645e-02 5.3851645e-02 4.9812771e-02 5.9477936e-02 5.6127068e-02
 6.1308030e-02 5.1753532e-02 5.3851645e-02 6.0379118e-02 5.6928884e-02
 4.9197800e-02 5.4589339e-02 5.2434497e-02 5.7753939e-02]
Learning Rate: 0.0005
Learning Rate: 0.0005
Learning Rate: 0.0005
Learning Rate: 0.0005

Train Loss: 0.6822, Val Loss: 0.5904
Train Loss: 0.6822, Val Loss: 0.5904
Train Loss: 0.6822, Val Loss: 0.5904Train Loss: 0.6822, Val Loss: 0.5904

Per-Class Precision: [1.         0.30182927 0.62660944 0.75842697 0.20594966 0.59633028
 0.27683616 0.06793207 0.48235294 0.05542453 0.14680484 0.13194444
 0.03602305 0.50877193 0.1322314  0.247557   0.47222222 0.4
 0.49315068]
Per-Class Recall: [0.98423196 0.99       0.97333333 0.9        0.9        0.65
 0.49       0.90666667 0.41       0.62666667 0.68       0.12666667
 0.4        0.16571429 0.42666667 0.76       0.58285714 0.98666667
 0.96      ]
Per-Class F1-Score: [0.99205333 0.46261682 0.76240209 0.82317073 0.33519553 0.62200957
 0.35379061 0.12639405 0.44324324 0.10184182 0.24147727 0.1292517
 0.06609385 0.25       0.20189274 0.37346437 0.52173913 0.56923077
 0.65158371]
Support per Class: [293949    100    150    150    100    100    100     75    100     75
    125    150    125    175     75    100    175     75     75]
Weighted Precision: 0.9956, Weighted Recall: 0.9818, Weighted F1-Score: 0.9880
Precision: 0.9956, Recall: 0.9818, F1-Score: 0.9880
Fold 1, Epoch 360, Train Loss: 0.6822, Val Loss: 0.5904, Val Acc: 0.9803
Precision: 0.9956, Recall: 0.9870, F1-Score: 0.9908
Fold 1, Epoch 361, Train Loss: 0.6791, Val Loss: 0.5875, Val Acc: 0.9856
Precision: 0.9954, Recall: 0.9820, F1-Score: 0.9881
Fold 1, Epoch 362, Train Loss: 0.6874, Val Loss: 0.5544, Val Acc: 0.9817
Precision: 0.9955, Recall: 0.9810, F1-Score: 0.9876
Fold 1, Epoch 363, Train Loss: 0.6851, Val Loss: 0.5780, Val Acc: 0.9807
Precision: 0.9955, Recall: 0.9853, F1-Score: 0.9899
Fold 1, Epoch 364, Train Loss: 0.6675, Val Loss: 0.5898, Val Acc: 0.9834
Precision: 0.9955, Recall: 0.9826, F1-Score: 0.9885
Fold 1, Epoch 365, Train Loss: 0.6646, Val Loss: 0.5862, Val Acc: 0.9808
Precision: 0.9957, Recall: 0.9817, F1-Score: 0.9881
Fold 1, Epoch 366, Train Loss: 0.7105, Val Loss: 0.5825, Val Acc: 0.9808
Precision: 0.9958, Recall: 0.9855, F1-Score: 0.9900
Fold 1, Epoch 367, Train Loss: 0.6745, Val Loss: 0.5834, Val Acc: 0.9838
Precision: 0.9957, Recall: 0.9814, F1-Score: 0.9879
Fold 1, Epoch 368, Train Loss: 0.7026, Val Loss: 0.5581, Val Acc: 0.9802
Precision: 0.9957, Recall: 0.9837, F1-Score: 0.9891
Fold 1, Epoch 369, Train Loss: 0.6764, Val Loss: 0.5820, Val Acc: 0.9819

--- Epoch 370 ---
--- Epoch 370 ---
--- Epoch 370 ---



--- Epoch 370 ---
Class Weights: [2.1182575e-05 5.6127068e-02 5.6127068e-02 5.9477936e-02 5.6928884e-02
 5.3851645e-02 5.3851645e-02 4.9812771e-02 5.9477936e-02 5.6127068e-02
 6.1308030e-02 5.1753532e-02 5.3851645e-02 6.0379118e-02 5.6928884e-02
 4.9197800e-02 5.4589339e-02 5.2434497e-02 5.7753939e-02]Class Weights: [2.1182575e-05 5.6127068e-02 5.6127068e-02 5.9477936e-02 5.6928884e-02
 5.3851645e-02 5.3851645e-02 4.9812771e-02 5.9477936e-02 5.6127068e-02
 6.1308030e-02 5.1753532e-02 5.3851645e-02 6.0379118e-02 5.6928884e-02
 4.9197800e-02 5.4589339e-02 5.2434497e-02 5.7753939e-02]Class Weights: [2.1182575e-05 5.6127068e-02 5.6127068e-02 5.9477936e-02 5.6928884e-02
 5.3851645e-02 5.3851645e-02 4.9812771e-02 5.9477936e-02 5.6127068e-02
 6.1308030e-02 5.1753532e-02 5.3851645e-02 6.0379118e-02 5.6928884e-02
 4.9197800e-02 5.4589339e-02 5.2434497e-02 5.7753939e-02]


Learning Rate: 0.0005Class Weights: [2.1182575e-05 5.6127068e-02 5.6127068e-02 5.9477936e-02 5.6928884e-02
 5.3851645e-02 5.3851645e-02 4.9812771e-02 5.9477936e-02 5.6127068e-02
 6.1308030e-02 5.1753532e-02 5.3851645e-02 6.0379118e-02 5.6928884e-02
 4.9197800e-02 5.4589339e-02 5.2434497e-02 5.7753939e-02]Learning Rate: 0.0005
Learning Rate: 0.0005


Learning Rate: 0.0005
Train Loss: 0.6308, Val Loss: 0.5556
Train Loss: 0.6308, Val Loss: 0.5556
Train Loss: 0.6308, Val Loss: 0.5556Train Loss: 0.6308, Val Loss: 0.5556

Per-Class Precision: [1.         0.50777202 0.62711864 0.63111111 0.28654971 0.415
 0.28057554 0.08128834 0.22945205 0.04033613 0.15177066 0.18490566
 0.03977273 0.31024096 0.12793734 0.36046512 0.53888889 0.5
 0.4591195 ]
Per-Class Recall: [0.98747742 0.98       0.98666667 0.94666667 0.49       0.83
 0.39       0.70666667 0.67       0.64       0.72       0.32666667
 0.056      0.58857143 0.65333333 0.62       0.55428571 0.98666667
 0.97333333]
Per-Class F1-Score: [0.99369926 0.66894198 0.76683938 0.75733333 0.36162362 0.55333333
 0.32635983 0.14580468 0.34183673 0.07588933 0.25069638 0.23614458
 0.04651163 0.40631164 0.2139738  0.45588235 0.54647887 0.66367713
 0.62393162]
Support per Class: [293949    100    150    150    100    100    100     75    100     75
    125    150    125    175     75    100    175     75     75]
Weighted Precision: 0.9955, Weighted Recall: 0.9852, Weighted F1-Score: 0.9898
Precision: 0.9955, Recall: 0.9852, F1-Score: 0.9898
Fold 1, Epoch 370, Train Loss: 0.6308, Val Loss: 0.5556, Val Acc: 0.9832
Precision: 0.9956, Recall: 0.9669, F1-Score: 0.9805
Fold 1, Epoch 371, Train Loss: 0.6858, Val Loss: 0.5759, Val Acc: 0.9661
Precision: 0.9957, Recall: 0.9892, F1-Score: 0.9919
Fold 1, Epoch 372, Train Loss: 0.6899, Val Loss: 0.6049, Val Acc: 0.9884
Precision: 0.9956, Recall: 0.9767, F1-Score: 0.9854
Fold 1, Epoch 373, Train Loss: 0.6696, Val Loss: 0.5720, Val Acc: 0.9766
Precision: 0.9953, Recall: 0.9864, F1-Score: 0.9904
Fold 1, Epoch 374, Train Loss: 0.7373, Val Loss: 0.5774, Val Acc: 0.9854
Precision: 0.9956, Recall: 0.9770, F1-Score: 0.9857
Fold 1, Epoch 375, Train Loss: 0.6614, Val Loss: 0.5559, Val Acc: 0.9762
Precision: 0.9958, Recall: 0.9867, F1-Score: 0.9908
Fold 1, Epoch 376, Train Loss: 0.6515, Val Loss: 0.5870, Val Acc: 0.9849
Precision: 0.9955, Recall: 0.9776, F1-Score: 0.9859
Fold 1, Epoch 377, Train Loss: 0.6529, Val Loss: 0.5895, Val Acc: 0.9784
Precision: 0.9956, Recall: 0.9833, F1-Score: 0.9889
Fold 1, Epoch 378, Train Loss: 0.6928, Val Loss: 0.5704, Val Acc: 0.9832
Precision: 0.9952, Recall: 0.9792, F1-Score: 0.9866
Fold 1, Epoch 379, Train Loss: 0.7471, Val Loss: 0.5517, Val Acc: 0.9787

--- Epoch 380 ---
--- Epoch 380 ---
--- Epoch 380 ---



--- Epoch 380 ---
Class Weights: [2.1182575e-05 5.6127068e-02 5.6127068e-02 5.9477936e-02 5.6928884e-02
 5.3851645e-02 5.3851645e-02 4.9812771e-02 5.9477936e-02 5.6127068e-02
 6.1308030e-02 5.1753532e-02 5.3851645e-02 6.0379118e-02 5.6928884e-02
 4.9197800e-02 5.4589339e-02 5.2434497e-02 5.7753939e-02]Class Weights: [2.1182575e-05 5.6127068e-02 5.6127068e-02 5.9477936e-02 5.6928884e-02
 5.3851645e-02 5.3851645e-02 4.9812771e-02 5.9477936e-02 5.6127068e-02
 6.1308030e-02 5.1753532e-02 5.3851645e-02 6.0379118e-02 5.6928884e-02
 4.9197800e-02 5.4589339e-02 5.2434497e-02 5.7753939e-02]Class Weights: [2.1182575e-05 5.6127068e-02 5.6127068e-02 5.9477936e-02 5.6928884e-02
 5.3851645e-02 5.3851645e-02 4.9812771e-02 5.9477936e-02 5.6127068e-02
 6.1308030e-02 5.1753532e-02 5.3851645e-02 6.0379118e-02 5.6928884e-02
 4.9197800e-02 5.4589339e-02 5.2434497e-02 5.7753939e-02]


Learning Rate: 0.0005Learning Rate: 0.0005Class Weights: [2.1182575e-05 5.6127068e-02 5.6127068e-02 5.9477936e-02 5.6928884e-02
 5.3851645e-02 5.3851645e-02 4.9812771e-02 5.9477936e-02 5.6127068e-02
 6.1308030e-02 5.1753532e-02 5.3851645e-02 6.0379118e-02 5.6928884e-02
 4.9197800e-02 5.4589339e-02 5.2434497e-02 5.7753939e-02]Learning Rate: 0.0005



Learning Rate: 0.0005
Train Loss: 0.7037, Val Loss: 0.6071Train Loss: 0.7037, Val Loss: 0.6071

Train Loss: 0.7037, Val Loss: 0.6071Train Loss: 0.7037, Val Loss: 0.6071

Per-Class Precision: [0.99998969 0.53631285 0.64035088 0.71568627 0.27542373 0.43169399
 0.13953488 0.60606061 0.2907489  0.10261194 0.17843866 0.09640103
 0.02821317 0.4375     0.35643564 0.32272727 0.46606335 0.47712418
 0.55813953]
Per-Class Recall: [0.9895288  0.96       0.97333333 0.48666667 0.65       0.79
 0.72       0.26666667 0.66       0.73333333 0.384      0.5
 0.216      0.08       0.48       0.71       0.58857143 0.97333333
 0.96      ]
Per-Class F1-Score: [0.99473174 0.68817204 0.77248677 0.57936508 0.38690476 0.55830389
 0.23376623 0.37037037 0.40366972 0.18003273 0.24365482 0.16163793
 0.04990758 0.1352657  0.40909091 0.44375    0.52020202 0.64035088
 0.70588235]
Support per Class: [293949    100    150    150    100    100    100     75    100     75
    125    150    125    175     75    100    175     75     75]
Weighted Precision: 0.9957, Weighted Recall: 0.9868, Weighted F1-Score: 0.9907
Precision: 0.9957, Recall: 0.9868, F1-Score: 0.9907
Fold 1, Epoch 380, Train Loss: 0.7037, Val Loss: 0.6071, Val Acc: 0.9864
Precision: 0.9956, Recall: 0.9778, F1-Score: 0.9860
Fold 1, Epoch 381, Train Loss: 0.6785, Val Loss: 0.5637, Val Acc: 0.9780
Precision: 0.9956, Recall: 0.9822, F1-Score: 0.9883
Fold 1, Epoch 382, Train Loss: 0.6852, Val Loss: 0.5526, Val Acc: 0.9812
Precision: 0.9956, Recall: 0.9841, F1-Score: 0.9894
Fold 1, Epoch 383, Train Loss: 0.6913, Val Loss: 0.5757, Val Acc: 0.9831
Precision: 0.9956, Recall: 0.9778, F1-Score: 0.9861
Fold 1, Epoch 384, Train Loss: 0.6489, Val Loss: 0.5747, Val Acc: 0.9762
Precision: 0.9955, Recall: 0.9841, F1-Score: 0.9892
Fold 1, Epoch 385, Train Loss: 0.6358, Val Loss: 0.5646, Val Acc: 0.9828
Precision: 0.9955, Recall: 0.9839, F1-Score: 0.9891
Fold 1, Epoch 386, Train Loss: 0.6673, Val Loss: 0.5877, Val Acc: 0.9821
Precision: 0.9957, Recall: 0.9833, F1-Score: 0.9889
Fold 1, Epoch 387, Train Loss: 0.6639, Val Loss: 0.5751, Val Acc: 0.9820
Precision: 0.9956, Recall: 0.9809, F1-Score: 0.9876
Fold 1, Epoch 388, Train Loss: 0.6591, Val Loss: 0.5597, Val Acc: 0.9800
Precision: 0.9954, Recall: 0.9831, F1-Score: 0.9887
Fold 1, Epoch 389, Train Loss: 0.6734, Val Loss: 0.5640, Val Acc: 0.9826

--- Epoch 390 ---
--- Epoch 390 ---
--- Epoch 390 ---



--- Epoch 390 ---
Class Weights: [2.1182575e-05 5.6127068e-02 5.6127068e-02 5.9477936e-02 5.6928884e-02
 5.3851645e-02 5.3851645e-02 4.9812771e-02 5.9477936e-02 5.6127068e-02
 6.1308030e-02 5.1753532e-02 5.3851645e-02 6.0379118e-02 5.6928884e-02
 4.9197800e-02 5.4589339e-02 5.2434497e-02 5.7753939e-02]Class Weights: [2.1182575e-05 5.6127068e-02 5.6127068e-02 5.9477936e-02 5.6928884e-02
 5.3851645e-02 5.3851645e-02 4.9812771e-02 5.9477936e-02 5.6127068e-02
 6.1308030e-02 5.1753532e-02 5.3851645e-02 6.0379118e-02 5.6928884e-02
 4.9197800e-02 5.4589339e-02 5.2434497e-02 5.7753939e-02]Class Weights: [2.1182575e-05 5.6127068e-02 5.6127068e-02 5.9477936e-02 5.6928884e-02
 5.3851645e-02 5.3851645e-02 4.9812771e-02 5.9477936e-02 5.6127068e-02
 6.1308030e-02 5.1753532e-02 5.3851645e-02 6.0379118e-02 5.6928884e-02
 4.9197800e-02 5.4589339e-02 5.2434497e-02 5.7753939e-02]


Class Weights: [2.1182575e-05 5.6127068e-02 5.6127068e-02 5.9477936e-02 5.6928884e-02
 5.3851645e-02 5.3851645e-02 4.9812771e-02 5.9477936e-02 5.6127068e-02
 6.1308030e-02 5.1753532e-02 5.3851645e-02 6.0379118e-02 5.6928884e-02
 4.9197800e-02 5.4589339e-02 5.2434497e-02 5.7753939e-02]Learning Rate: 0.0005Learning Rate: 0.0005Learning Rate: 0.0005



Learning Rate: 0.0005
Train Loss: 0.6809, Val Loss: 0.5435Train Loss: 0.6809, Val Loss: 0.5435
Train Loss: 0.6809, Val Loss: 0.5435
Train Loss: 0.6809, Val Loss: 0.5435

Per-Class Precision: [1.         0.59638554 0.76023392 0.65591398 0.30530973 0.46060606
 0.17349398 0.1598513  0.26237624 0.06659142 0.0907441  0.15333333
 0.05586592 0.24547284 0.2122905  0.33333333 0.42857143 0.68
 0.59016393]
Per-Class Recall: [0.98768834 0.99       0.86666667 0.81333333 0.69       0.76
 0.72       0.57333333 0.53       0.78666667 0.8        0.15333333
 0.16       0.69714286 0.50666667 0.52       0.72       0.90666667
 0.96      ]
Per-Class F1-Score: [0.99380604 0.7443609  0.80996885 0.72619048 0.42331288 0.57358491
 0.27961165 0.25       0.35099338 0.12278876 0.16299919 0.15333333
 0.08281573 0.36309524 0.2992126  0.40625    0.53731343 0.77714286
 0.73096447]
Support per Class: [293949    100    150    150    100    100    100     75    100     75
    125    150    125    175     75    100    175     75     75]
Weighted Precision: 0.9956, Weighted Recall: 0.9855, Weighted F1-Score: 0.9900
Precision: 0.9956, Recall: 0.9855, F1-Score: 0.9900
Fold 1, Epoch 390, Train Loss: 0.6809, Val Loss: 0.5435, Val Acc: 0.9845
Precision: 0.9956, Recall: 0.9837, F1-Score: 0.9891
Fold 1, Epoch 391, Train Loss: 0.6686, Val Loss: 0.5696, Val Acc: 0.9825
Precision: 0.9953, Recall: 0.9818, F1-Score: 0.9880
Fold 1, Epoch 392, Train Loss: 0.6912, Val Loss: 0.5810, Val Acc: 0.9808
Precision: 0.9956, Recall: 0.9845, F1-Score: 0.9895
Fold 1, Epoch 393, Train Loss: 0.6886, Val Loss: 0.5793, Val Acc: 0.9843
Precision: 0.9956, Recall: 0.9832, F1-Score: 0.9889
Fold 1, Epoch 394, Train Loss: 0.6936, Val Loss: 0.5549, Val Acc: 0.9841
Precision: 0.9956, Recall: 0.9829, F1-Score: 0.9887
Fold 1, Epoch 395, Train Loss: 0.6938, Val Loss: 0.5862, Val Acc: 0.9808
Precision: 0.9956, Recall: 0.9840, F1-Score: 0.9893
Fold 1, Epoch 396, Train Loss: 0.7002, Val Loss: 0.5932, Val Acc: 0.9817
Precision: 0.9956, Recall: 0.9829, F1-Score: 0.9887
Fold 1, Epoch 397, Train Loss: 0.6555, Val Loss: 0.6203, Val Acc: 0.9816
Precision: 0.9956, Recall: 0.9821, F1-Score: 0.9881
Fold 1, Epoch 398, Train Loss: 0.6848, Val Loss: 0.5599, Val Acc: 0.9810
Precision: 0.9955, Recall: 0.9850, F1-Score: 0.9897
Fold 1, Epoch 399, Train Loss: 0.6701, Val Loss: 0.5776, Val Acc: 0.9831

--- Epoch 400 ---
--- Epoch 400 ---
--- Epoch 400 ---



--- Epoch 400 ---
Class Weights: [2.1182575e-05 5.6127068e-02 5.6127068e-02 5.9477936e-02 5.6928884e-02
 5.3851645e-02 5.3851645e-02 4.9812771e-02 5.9477936e-02 5.6127068e-02
 6.1308030e-02 5.1753532e-02 5.3851645e-02 6.0379118e-02 5.6928884e-02
 4.9197800e-02 5.4589339e-02 5.2434497e-02 5.7753939e-02]Class Weights: [2.1182575e-05 5.6127068e-02 5.6127068e-02 5.9477936e-02 5.6928884e-02
 5.3851645e-02 5.3851645e-02 4.9812771e-02 5.9477936e-02 5.6127068e-02
 6.1308030e-02 5.1753532e-02 5.3851645e-02 6.0379118e-02 5.6928884e-02
 4.9197800e-02 5.4589339e-02 5.2434497e-02 5.7753939e-02]Class Weights: [2.1182575e-05 5.6127068e-02 5.6127068e-02 5.9477936e-02 5.6928884e-02
 5.3851645e-02 5.3851645e-02 4.9812771e-02 5.9477936e-02 5.6127068e-02
 6.1308030e-02 5.1753532e-02 5.3851645e-02 6.0379118e-02 5.6928884e-02
 4.9197800e-02 5.4589339e-02 5.2434497e-02 5.7753939e-02]


Class Weights: [2.1182575e-05 5.6127068e-02 5.6127068e-02 5.9477936e-02 5.6928884e-02
 5.3851645e-02 5.3851645e-02 4.9812771e-02 5.9477936e-02 5.6127068e-02
 6.1308030e-02 5.1753532e-02 5.3851645e-02 6.0379118e-02 5.6928884e-02
 4.9197800e-02 5.4589339e-02 5.2434497e-02 5.7753939e-02]Learning Rate: 0.0005Learning Rate: 0.0005Learning Rate: 0.0005



Learning Rate: 0.0005
Train Loss: 0.6914, Val Loss: 0.5891Train Loss: 0.6914, Val Loss: 0.5891
Train Loss: 0.6914, Val Loss: 0.5891

Train Loss: 0.6914, Val Loss: 0.5891
Per-Class Precision: [1.         0.54054054 0.7184466  0.72049689 0.29493088 0.47878788
 0.11688312 0.05546218 0.40566038 0.02857143 0.1869783  0.10135135
 0.02605863 0.49579832 0.26666667 0.328125   0.46153846 0.47133758
 0.53030303]
Per-Class Recall: [0.98415712 1.         0.98666667 0.77333333 0.64       0.79
 0.09       0.88       0.43       0.73333333 0.896      0.2
 0.128      0.33714286 0.42666667 0.63       0.58285714 0.98666667
 0.93333333]
Per-Class F1-Score: [0.99201531 0.70175439 0.83146067 0.74598071 0.40378549 0.59622642
 0.10169492 0.10434783 0.41747573 0.055      0.30939227 0.13452915
 0.04330176 0.40136054 0.32820513 0.43150685 0.51515152 0.63793103
 0.6763285 ]
Support per Class: [293949    100    150    150    100    100    100     75    100     75
    125    150    125    175     75    100    175     75     75]
Weighted Precision: 0.9957, Weighted Recall: 0.9816, Weighted F1-Score: 0.9881
Precision: 0.9957, Recall: 0.9816, F1-Score: 0.9881
Fold 1, Epoch 400, Train Loss: 0.6914, Val Loss: 0.5891, Val Acc: 0.9794
Precision: 0.9956, Recall: 0.9853, F1-Score: 0.9900
Fold 1, Epoch 401, Train Loss: 0.6526, Val Loss: 0.5956, Val Acc: 0.9834
Precision: 0.9957, Recall: 0.9846, F1-Score: 0.9896
Fold 1, Epoch 402, Train Loss: 0.6714, Val Loss: 0.5861, Val Acc: 0.9830
Precision: 0.9954, Recall: 0.9802, F1-Score: 0.9871
Fold 1, Epoch 403, Train Loss: 0.6410, Val Loss: 0.5521, Val Acc: 0.9782
Precision: 0.9956, Recall: 0.9862, F1-Score: 0.9903
Fold 1, Epoch 404, Train Loss: 0.6269, Val Loss: 0.5695, Val Acc: 0.9846
Precision: 0.9959, Recall: 0.9837, F1-Score: 0.9893
Fold 1, Epoch 405, Train Loss: 0.6972, Val Loss: 0.5622, Val Acc: 0.9815
Precision: 0.9955, Recall: 0.9856, F1-Score: 0.9900
Fold 1, Epoch 406, Train Loss: 0.6894, Val Loss: 0.5612, Val Acc: 0.9844
Precision: 0.9955, Recall: 0.9820, F1-Score: 0.9882
Fold 1, Epoch 407, Train Loss: 0.6616, Val Loss: 0.5789, Val Acc: 0.9807
Precision: 0.9958, Recall: 0.9837, F1-Score: 0.9892
Fold 1, Epoch 408, Train Loss: 0.6519, Val Loss: 0.5562, Val Acc: 0.9820
Precision: 0.9957, Recall: 0.9865, F1-Score: 0.9906
Fold 1, Epoch 409, Train Loss: 0.6582, Val Loss: 0.5581, Val Acc: 0.9852

--- Epoch 410 ---
--- Epoch 410 ---
--- Epoch 410 ---



--- Epoch 410 ---
Class Weights: [2.1182575e-05 5.6127068e-02 5.6127068e-02 5.9477936e-02 5.6928884e-02
 5.3851645e-02 5.3851645e-02 4.9812771e-02 5.9477936e-02 5.6127068e-02
 6.1308030e-02 5.1753532e-02 5.3851645e-02 6.0379118e-02 5.6928884e-02
 4.9197800e-02 5.4589339e-02 5.2434497e-02 5.7753939e-02]Class Weights: [2.1182575e-05 5.6127068e-02 5.6127068e-02 5.9477936e-02 5.6928884e-02
 5.3851645e-02 5.3851645e-02 4.9812771e-02 5.9477936e-02 5.6127068e-02
 6.1308030e-02 5.1753532e-02 5.3851645e-02 6.0379118e-02 5.6928884e-02
 4.9197800e-02 5.4589339e-02 5.2434497e-02 5.7753939e-02]Class Weights: [2.1182575e-05 5.6127068e-02 5.6127068e-02 5.9477936e-02 5.6928884e-02
 5.3851645e-02 5.3851645e-02 4.9812771e-02 5.9477936e-02 5.6127068e-02
 6.1308030e-02 5.1753532e-02 5.3851645e-02 6.0379118e-02 5.6928884e-02
 4.9197800e-02 5.4589339e-02 5.2434497e-02 5.7753939e-02]


Learning Rate: 0.0005Learning Rate: 0.0005Learning Rate: 0.0005
Class Weights: [2.1182575e-05 5.6127068e-02 5.6127068e-02 5.9477936e-02 5.6928884e-02
 5.3851645e-02 5.3851645e-02 4.9812771e-02 5.9477936e-02 5.6127068e-02
 6.1308030e-02 5.1753532e-02 5.3851645e-02 6.0379118e-02 5.6928884e-02
 4.9197800e-02 5.4589339e-02 5.2434497e-02 5.7753939e-02]


Learning Rate: 0.0005
Train Loss: 0.6543, Val Loss: 0.5509
Train Loss: 0.6543, Val Loss: 0.5509
Train Loss: 0.6543, Val Loss: 0.5509
Train Loss: 0.6543, Val Loss: 0.5509
Per-Class Precision: [1.         0.44954128 0.66972477 0.65217391 0.35443038 0.37558685
 0.23831776 0.10403727 0.28301887 0.01846257 0.22691293 0.09477124
 0.07186544 0.5248227  0.12334802 0.3877551  0.48905109 0.62162162
 0.53284672]
Per-Class Recall: [0.9808096  0.98       0.97333333 0.9        0.56       0.8
 0.51       0.89333333 0.6        0.73333333 0.688      0.19333333
 0.376      0.42285714 0.74666667 0.57       0.76571429 0.92
 0.97333333]
Per-Class F1-Score: [0.99031184 0.6163522  0.79347826 0.75630252 0.43410853 0.51118211
 0.32484076 0.18636996 0.38461538 0.03601834 0.34126984 0.12719298
 0.12066752 0.46835443 0.21172023 0.46153846 0.59688196 0.74193548
 0.68867925]
Support per Class: [293949    100    150    150    100    100    100     75    100     75
    125    150    125    175     75    100    175     75     75]
Weighted Precision: 0.9957, Weighted Recall: 0.9787, Weighted F1-Score: 0.9866
Precision: 0.9957, Recall: 0.9787, F1-Score: 0.9866
Fold 1, Epoch 410, Train Loss: 0.6543, Val Loss: 0.5509, Val Acc: 0.9766
Precision: 0.9954, Recall: 0.9839, F1-Score: 0.9891
Fold 1, Epoch 411, Train Loss: 0.6146, Val Loss: 0.5626, Val Acc: 0.9825
Precision: 0.9954, Recall: 0.9849, F1-Score: 0.9896
Fold 1, Epoch 412, Train Loss: 0.6601, Val Loss: 0.5868, Val Acc: 0.9833
Precision: 0.9955, Recall: 0.9834, F1-Score: 0.9889
Fold 1, Epoch 413, Train Loss: 0.6807, Val Loss: 0.5580, Val Acc: 0.9806
Precision: 0.9956, Recall: 0.9846, F1-Score: 0.9895
Fold 1, Epoch 414, Train Loss: 0.7039, Val Loss: 0.5733, Val Acc: 0.9844
Precision: 0.9954, Recall: 0.9849, F1-Score: 0.9897
Fold 1, Epoch 415, Train Loss: 0.6958, Val Loss: 0.5516, Val Acc: 0.9848
Precision: 0.9957, Recall: 0.9775, F1-Score: 0.9859
Fold 1, Epoch 416, Train Loss: 0.6674, Val Loss: 0.5317, Val Acc: 0.9775
Precision: 0.9958, Recall: 0.9860, F1-Score: 0.9903
Fold 1, Epoch 417, Train Loss: 0.6747, Val Loss: 0.5476, Val Acc: 0.9860
Precision: 0.9955, Recall: 0.9783, F1-Score: 0.9862
Fold 1, Epoch 418, Train Loss: 0.6711, Val Loss: 0.5429, Val Acc: 0.9779
Precision: 0.9957, Recall: 0.9857, F1-Score: 0.9902
Fold 1, Epoch 419, Train Loss: 0.6320, Val Loss: 0.5410, Val Acc: 0.9852

--- Epoch 420 ---
--- Epoch 420 ---
--- Epoch 420 ---



--- Epoch 420 ---
Class Weights: [2.1182575e-05 5.6127068e-02 5.6127068e-02 5.9477936e-02 5.6928884e-02
 5.3851645e-02 5.3851645e-02 4.9812771e-02 5.9477936e-02 5.6127068e-02
 6.1308030e-02 5.1753532e-02 5.3851645e-02 6.0379118e-02 5.6928884e-02
 4.9197800e-02 5.4589339e-02 5.2434497e-02 5.7753939e-02]Class Weights: [2.1182575e-05 5.6127068e-02 5.6127068e-02 5.9477936e-02 5.6928884e-02
 5.3851645e-02 5.3851645e-02 4.9812771e-02 5.9477936e-02 5.6127068e-02
 6.1308030e-02 5.1753532e-02 5.3851645e-02 6.0379118e-02 5.6928884e-02
 4.9197800e-02 5.4589339e-02 5.2434497e-02 5.7753939e-02]Class Weights: [2.1182575e-05 5.6127068e-02 5.6127068e-02 5.9477936e-02 5.6928884e-02
 5.3851645e-02 5.3851645e-02 4.9812771e-02 5.9477936e-02 5.6127068e-02
 6.1308030e-02 5.1753532e-02 5.3851645e-02 6.0379118e-02 5.6928884e-02
 4.9197800e-02 5.4589339e-02 5.2434497e-02 5.7753939e-02]

Class Weights: [2.1182575e-05 5.6127068e-02 5.6127068e-02 5.9477936e-02 5.6928884e-02
 5.3851645e-02 5.3851645e-02 4.9812771e-02 5.9477936e-02 5.6127068e-02
 6.1308030e-02 5.1753532e-02 5.3851645e-02 6.0379118e-02 5.6928884e-02
 4.9197800e-02 5.4589339e-02 5.2434497e-02 5.7753939e-02]
Learning Rate: 0.0005Learning Rate: 0.0005

Learning Rate: 0.0005

Learning Rate: 0.0005
Train Loss: 0.6212, Val Loss: 0.5466Train Loss: 0.6212, Val Loss: 0.5466
Train Loss: 0.6212, Val Loss: 0.5466
Train Loss: 0.6212, Val Loss: 0.5466

Per-Class Precision: [1.         0.28409091 0.73399015 0.70555556 0.36516854 0.51937984
 0.11981567 0.51851852 0.37241379 0.04626866 0.05128205 0.13058419
 0.00819672 0.57037037 0.27272727 0.28837209 0.46484375 0.48387097
 0.4625    ]
Per-Class Recall: [0.98282695 1.         0.99333333 0.84666667 0.65       0.67
 0.78       0.18666667 0.54       0.82666667 0.784      0.50666667
 0.024      0.44       0.32       0.62       0.68       1.
 0.98666667]
Per-Class F1-Score: [0.99133911 0.44247788 0.84419263 0.76969697 0.4676259  0.58515284
 0.20772304 0.2745098  0.44081633 0.08763251 0.09626719 0.20765027
 0.01221996 0.49677419 0.29447853 0.39365079 0.55220418 0.65217391
 0.62978723]
Support per Class: [293949    100    150    150    100    100    100     75    100     75
    125    150    125    175     75    100    175     75     75]
Weighted Precision: 0.9957, Weighted Recall: 0.9806, Weighted F1-Score: 0.9875
Precision: 0.9957, Recall: 0.9806, F1-Score: 0.9875
Fold 1, Epoch 420, Train Loss: 0.6212, Val Loss: 0.5466, Val Acc: 0.9806
Precision: 0.9956, Recall: 0.9854, F1-Score: 0.9899
Fold 1, Epoch 421, Train Loss: 0.6444, Val Loss: 0.5449, Val Acc: 0.9848
Precision: 0.9956, Recall: 0.9802, F1-Score: 0.9872
Fold 1, Epoch 422, Train Loss: 0.6428, Val Loss: 0.5452, Val Acc: 0.9787
Precision: 0.9957, Recall: 0.9866, F1-Score: 0.9907
Fold 1, Epoch 423, Train Loss: 0.6299, Val Loss: 0.5758, Val Acc: 0.9847
Precision: 0.9954, Recall: 0.9799, F1-Score: 0.9870
Fold 1, Epoch 424, Train Loss: 0.6500, Val Loss: 0.5499, Val Acc: 0.9779
Precision: 0.9956, Recall: 0.9823, F1-Score: 0.9884
Fold 1, Epoch 425, Train Loss: 0.6644, Val Loss: 0.5683, Val Acc: 0.9804
Precision: 0.9954, Recall: 0.9818, F1-Score: 0.9880
Fold 1, Epoch 426, Train Loss: 0.6265, Val Loss: 0.5810, Val Acc: 0.9801
Precision: 0.9955, Recall: 0.9850, F1-Score: 0.9897
Fold 1, Epoch 427, Train Loss: 0.6529, Val Loss: 0.5525, Val Acc: 0.9836
Precision: 0.9952, Recall: 0.9793, F1-Score: 0.9865
Fold 1, Epoch 428, Train Loss: 0.6635, Val Loss: 0.5491, Val Acc: 0.9774
Precision: 0.9955, Recall: 0.9871, F1-Score: 0.9907
Fold 1, Epoch 429, Train Loss: 0.6489, Val Loss: 0.5424, Val Acc: 0.9864

--- Epoch 430 ---
--- Epoch 430 ---


--- Epoch 430 ---
--- Epoch 430 ---

Class Weights: [2.1182575e-05 5.6127068e-02 5.6127068e-02 5.9477936e-02 5.6928884e-02
 5.3851645e-02 5.3851645e-02 4.9812771e-02 5.9477936e-02 5.6127068e-02
 6.1308030e-02 5.1753532e-02 5.3851645e-02 6.0379118e-02 5.6928884e-02
 4.9197800e-02 5.4589339e-02 5.2434497e-02 5.7753939e-02]Class Weights: [2.1182575e-05 5.6127068e-02 5.6127068e-02 5.9477936e-02 5.6928884e-02
 5.3851645e-02 5.3851645e-02 4.9812771e-02 5.9477936e-02 5.6127068e-02
 6.1308030e-02 5.1753532e-02 5.3851645e-02 6.0379118e-02 5.6928884e-02
 4.9197800e-02 5.4589339e-02 5.2434497e-02 5.7753939e-02]

Learning Rate: 0.0005Learning Rate: 0.0005Class Weights: [2.1182575e-05 5.6127068e-02 5.6127068e-02 5.9477936e-02 5.6928884e-02
 5.3851645e-02 5.3851645e-02 4.9812771e-02 5.9477936e-02 5.6127068e-02
 6.1308030e-02 5.1753532e-02 5.3851645e-02 6.0379118e-02 5.6928884e-02
 4.9197800e-02 5.4589339e-02 5.2434497e-02 5.7753939e-02]Class Weights: [2.1182575e-05 5.6127068e-02 5.6127068e-02 5.9477936e-02 5.6928884e-02
 5.3851645e-02 5.3851645e-02 4.9812771e-02 5.9477936e-02 5.6127068e-02
 6.1308030e-02 5.1753532e-02 5.3851645e-02 6.0379118e-02 5.6928884e-02
 4.9197800e-02 5.4589339e-02 5.2434497e-02 5.7753939e-02]



Learning Rate: 0.0005Learning Rate: 0.0005

Train Loss: 0.6606, Val Loss: 0.5550Train Loss: 0.6606, Val Loss: 0.5550

Train Loss: 0.6606, Val Loss: 0.5550Train Loss: 0.6606, Val Loss: 0.5550

Per-Class Precision: [1.         0.35483871 0.73399015 0.67567568 0.24299065 0.60344828
 0.1835443  0.06869221 0.24380165 0.02569331 0.20879121 0.15463918
 0.05025773 0.53703704 0.18942731 0.27697842 0.40969163 0.54961832
 0.49324324]
Per-Class Recall: [0.98249016 0.99       0.99333333 0.66666667 0.78       0.7
 0.29       0.69333333 0.59       0.84       0.608      0.3
 0.312      0.16571429 0.57333333 0.77       0.53142857 0.96
 0.97333333]
Per-Class F1-Score: [0.99116775 0.52242744 0.84419263 0.67114094 0.37054632 0.64814815
 0.2248062  0.125      0.34502924 0.0498615  0.31083845 0.20408163
 0.08657048 0.25327511 0.28476821 0.40740741 0.46268657 0.69902913
 0.65470852]
Support per Class: [293949    100    150    150    100    100    100     75    100     75
    125    150    125    175     75    100    175     75     75]
Weighted Precision: 0.9956, Weighted Recall: 0.9800, Weighted F1-Score: 0.9872
Precision: 0.9956, Recall: 0.9800, F1-Score: 0.9872
Fold 1, Epoch 430, Train Loss: 0.6606, Val Loss: 0.5550, Val Acc: 0.9776
Precision: 0.9957, Recall: 0.9839, F1-Score: 0.9892
Fold 1, Epoch 431, Train Loss: 0.6274, Val Loss: 0.5648, Val Acc: 0.9830
Precision: 0.9956, Recall: 0.9854, F1-Score: 0.9899
Fold 1, Epoch 432, Train Loss: 0.6132, Val Loss: 0.5494, Val Acc: 0.9839
Precision: 0.9955, Recall: 0.9843, F1-Score: 0.9893
Fold 1, Epoch 433, Train Loss: 0.6416, Val Loss: 0.5397, Val Acc: 0.9823
Precision: 0.9955, Recall: 0.9839, F1-Score: 0.9892
Fold 1, Epoch 434, Train Loss: 0.6397, Val Loss: 0.5638, Val Acc: 0.9821
Precision: 0.9955, Recall: 0.9820, F1-Score: 0.9881
Fold 1, Epoch 435, Train Loss: 0.6515, Val Loss: 0.5753, Val Acc: 0.9802
Precision: 0.9957, Recall: 0.9854, F1-Score: 0.9900
Fold 1, Epoch 436, Train Loss: 0.6605, Val Loss: 0.5412, Val Acc: 0.9846
Precision: 0.9954, Recall: 0.9776, F1-Score: 0.9858
Fold 1, Epoch 437, Train Loss: 0.6493, Val Loss: 0.5253, Val Acc: 0.9767
Precision: 0.9957, Recall: 0.9860, F1-Score: 0.9903
Fold 1, Epoch 438, Train Loss: 0.6335, Val Loss: 0.5349, Val Acc: 0.9848
Precision: 0.9956, Recall: 0.9801, F1-Score: 0.9872
Fold 1, Epoch 439, Train Loss: 0.6060, Val Loss: 0.5165, Val Acc: 0.9797

--- Epoch 440 ---
--- Epoch 440 ---
--- Epoch 440 ---



--- Epoch 440 ---
Class Weights: [2.1182575e-05 5.6127068e-02 5.6127068e-02 5.9477936e-02 5.6928884e-02
 5.3851645e-02 5.3851645e-02 4.9812771e-02 5.9477936e-02 5.6127068e-02
 6.1308030e-02 5.1753532e-02 5.3851645e-02 6.0379118e-02 5.6928884e-02
 4.9197800e-02 5.4589339e-02 5.2434497e-02 5.7753939e-02]Class Weights: [2.1182575e-05 5.6127068e-02 5.6127068e-02 5.9477936e-02 5.6928884e-02
 5.3851645e-02 5.3851645e-02 4.9812771e-02 5.9477936e-02 5.6127068e-02
 6.1308030e-02 5.1753532e-02 5.3851645e-02 6.0379118e-02 5.6928884e-02
 4.9197800e-02 5.4589339e-02 5.2434497e-02 5.7753939e-02]
Class Weights: [2.1182575e-05 5.6127068e-02 5.6127068e-02 5.9477936e-02 5.6928884e-02
 5.3851645e-02 5.3851645e-02 4.9812771e-02 5.9477936e-02 5.6127068e-02
 6.1308030e-02 5.1753532e-02 5.3851645e-02 6.0379118e-02 5.6928884e-02
 4.9197800e-02 5.4589339e-02 5.2434497e-02 5.7753939e-02]
Learning Rate: 0.0005

Learning Rate: 0.0005Class Weights: [2.1182575e-05 5.6127068e-02 5.6127068e-02 5.9477936e-02 5.6928884e-02
 5.3851645e-02 5.3851645e-02 4.9812771e-02 5.9477936e-02 5.6127068e-02
 6.1308030e-02 5.1753532e-02 5.3851645e-02 6.0379118e-02 5.6928884e-02
 4.9197800e-02 5.4589339e-02 5.2434497e-02 5.7753939e-02]Learning Rate: 0.0005


Learning Rate: 0.0005
Train Loss: 0.6234, Val Loss: 0.5372
Train Loss: 0.6234, Val Loss: 0.5372Train Loss: 0.6234, Val Loss: 0.5372

Train Loss: 0.6234, Val Loss: 0.5372
Per-Class Precision: [1.         0.57471264 0.7877095  0.65317919 0.29487179 0.43274854
 0.26875    0.08815029 0.25791855 0.02886929 0.21534653 0.21698113
 0.04453441 0.40983607 0.18181818 0.40131579 0.48058252 0.5033557
 0.48387097]
Per-Class Recall: [0.984647   1.         0.94       0.75333333 0.69       0.74
 0.43       0.81333333 0.57       0.48       0.696      0.15333333
 0.616      0.28571429 0.64       0.61       0.56571429 1.
 1.        ]
Per-Class F1-Score: [0.99226411 0.72992701 0.85714286 0.6996904  0.41317365 0.54612546
 0.33076923 0.15906128 0.35514019 0.05446293 0.3289225  0.1796875
 0.08306365 0.33670034 0.28318584 0.48412698 0.51968504 0.66964286
 0.65217391]
Support per Class: [293949    100    150    150    100    100    100     75    100     75
    125    150    125    175     75    100    175     75     75]
Weighted Precision: 0.9957, Weighted Recall: 0.9823, Weighted F1-Score: 0.9885
Precision: 0.9957, Recall: 0.9823, F1-Score: 0.9885
Fold 1, Epoch 440, Train Loss: 0.6234, Val Loss: 0.5372, Val Acc: 0.9813
Precision: 0.9955, Recall: 0.9826, F1-Score: 0.9884
Fold 1, Epoch 441, Train Loss: 0.6198, Val Loss: 0.5152, Val Acc: 0.9821
Precision: 0.9957, Recall: 0.9809, F1-Score: 0.9877
Fold 1, Epoch 442, Train Loss: 0.6181, Val Loss: 0.5158, Val Acc: 0.9803
Precision: 0.9957, Recall: 0.9837, F1-Score: 0.9891
Fold 1, Epoch 443, Train Loss: 0.6445, Val Loss: 0.5586, Val Acc: 0.9822
Precision: 0.9956, Recall: 0.9881, F1-Score: 0.9914
Fold 1, Epoch 444, Train Loss: 0.6430, Val Loss: 0.5366, Val Acc: 0.9864
Precision: 0.9954, Recall: 0.9826, F1-Score: 0.9884
Fold 1, Epoch 445, Train Loss: 0.6154, Val Loss: 0.5258, Val Acc: 0.9815
Precision: 0.9956, Recall: 0.9815, F1-Score: 0.9880
Fold 1, Epoch 446, Train Loss: 0.6328, Val Loss: 0.5289, Val Acc: 0.9798
Precision: 0.9956, Recall: 0.9847, F1-Score: 0.9895
Fold 1, Epoch 447, Train Loss: 0.6360, Val Loss: 0.5441, Val Acc: 0.9844
Precision: 0.9956, Recall: 0.9828, F1-Score: 0.9886
Fold 1, Epoch 448, Train Loss: 0.6314, Val Loss: 0.5170, Val Acc: 0.9823
Precision: 0.9953, Recall: 0.9814, F1-Score: 0.9878
Fold 1, Epoch 449, Train Loss: 0.6172, Val Loss: 0.5622, Val Acc: 0.9806

--- Epoch 450 ---
--- Epoch 450 ---
--- Epoch 450 ---



--- Epoch 450 ---
Class Weights: [2.1182575e-05 5.6127068e-02 5.6127068e-02 5.9477936e-02 5.6928884e-02
 5.3851645e-02 5.3851645e-02 4.9812771e-02 5.9477936e-02 5.6127068e-02
 6.1308030e-02 5.1753532e-02 5.3851645e-02 6.0379118e-02 5.6928884e-02
 4.9197800e-02 5.4589339e-02 5.2434497e-02 5.7753939e-02]Class Weights: [2.1182575e-05 5.6127068e-02 5.6127068e-02 5.9477936e-02 5.6928884e-02
 5.3851645e-02 5.3851645e-02 4.9812771e-02 5.9477936e-02 5.6127068e-02
 6.1308030e-02 5.1753532e-02 5.3851645e-02 6.0379118e-02 5.6928884e-02
 4.9197800e-02 5.4589339e-02 5.2434497e-02 5.7753939e-02]Class Weights: [2.1182575e-05 5.6127068e-02 5.6127068e-02 5.9477936e-02 5.6928884e-02
 5.3851645e-02 5.3851645e-02 4.9812771e-02 5.9477936e-02 5.6127068e-02
 6.1308030e-02 5.1753532e-02 5.3851645e-02 6.0379118e-02 5.6928884e-02
 4.9197800e-02 5.4589339e-02 5.2434497e-02 5.7753939e-02]


Learning Rate: 0.0005Learning Rate: 0.0005Learning Rate: 0.0005


Class Weights: [2.1182575e-05 5.6127068e-02 5.6127068e-02 5.9477936e-02 5.6928884e-02
 5.3851645e-02 5.3851645e-02 4.9812771e-02 5.9477936e-02 5.6127068e-02
 6.1308030e-02 5.1753532e-02 5.3851645e-02 6.0379118e-02 5.6928884e-02
 4.9197800e-02 5.4589339e-02 5.2434497e-02 5.7753939e-02]
Learning Rate: 0.0005
Train Loss: 0.6373, Val Loss: 0.5368Train Loss: 0.6373, Val Loss: 0.5368
Train Loss: 0.6373, Val Loss: 0.5368

Train Loss: 0.6373, Val Loss: 0.5368
Per-Class Precision: [1.         0.46296296 0.76410256 0.64052288 0.25448029 0.46470588
 0.08219178 0.09298246 0.26595745 0.03940887 0.07877462 0.12857143
 0.04       0.30612245 0.20918367 0.27509294 0.45833333 0.55147059
 0.48684211]
Per-Class Recall: [0.9841265  1.         0.99333333 0.65333333 0.71       0.79
 0.06       0.70666667 0.5        0.85333333 0.864      0.18
 0.176      0.25714286 0.54666667 0.74       0.50285714 1.
 0.98666667]
Per-Class F1-Score: [0.99199975 0.63291139 0.86376812 0.64686469 0.37467018 0.58518519
 0.06936416 0.16434109 0.34722222 0.07533843 0.14438503 0.15
 0.06518519 0.27950311 0.30258303 0.40108401 0.47956403 0.71090047
 0.65198238]
Support per Class: [293949    100    150    150    100    100    100     75    100     75
    125    150    125    175     75    100    175     75     75]
Weighted Precision: 0.9954, Weighted Recall: 0.9815, Weighted F1-Score: 0.9879
Precision: 0.9954, Recall: 0.9815, F1-Score: 0.9879
Fold 1, Epoch 450, Train Loss: 0.6373, Val Loss: 0.5368, Val Acc: 0.9808
Precision: 0.9956, Recall: 0.9852, F1-Score: 0.9898
Fold 1, Epoch 451, Train Loss: 0.6264, Val Loss: 0.5311, Val Acc: 0.9841
Precision: 0.9959, Recall: 0.9857, F1-Score: 0.9902
Fold 1, Epoch 452, Train Loss: 0.6185, Val Loss: 0.5318, Val Acc: 0.9842
Precision: 0.9954, Recall: 0.9835, F1-Score: 0.9889
Fold 1, Epoch 453, Train Loss: 0.5910, Val Loss: 0.5365, Val Acc: 0.9819
Precision: 0.9958, Recall: 0.9810, F1-Score: 0.9879
Fold 1, Epoch 454, Train Loss: 0.6138, Val Loss: 0.5272, Val Acc: 0.9797
Precision: 0.9959, Recall: 0.9846, F1-Score: 0.9897
Fold 1, Epoch 455, Train Loss: 0.6159, Val Loss: 0.5165, Val Acc: 0.9832
Precision: 0.9955, Recall: 0.9792, F1-Score: 0.9867
Fold 1, Epoch 456, Train Loss: 0.6205, Val Loss: 0.5131, Val Acc: 0.9782
Precision: 0.9956, Recall: 0.9807, F1-Score: 0.9875
Fold 1, Epoch 457, Train Loss: 0.6204, Val Loss: 0.5205, Val Acc: 0.9798
Precision: 0.9957, Recall: 0.9841, F1-Score: 0.9892
Fold 1, Epoch 458, Train Loss: 0.6248, Val Loss: 0.5195, Val Acc: 0.9827
Precision: 0.9956, Recall: 0.9848, F1-Score: 0.9896
Fold 1, Epoch 459, Train Loss: 0.6507, Val Loss: 0.5440, Val Acc: 0.9835

--- Epoch 460 ---
--- Epoch 460 ---
--- Epoch 460 ---



--- Epoch 460 ---
Class Weights: [2.1182575e-05 5.6127068e-02 5.6127068e-02 5.9477936e-02 5.6928884e-02
 5.3851645e-02 5.3851645e-02 4.9812771e-02 5.9477936e-02 5.6127068e-02
 6.1308030e-02 5.1753532e-02 5.3851645e-02 6.0379118e-02 5.6928884e-02
 4.9197800e-02 5.4589339e-02 5.2434497e-02 5.7753939e-02]Class Weights: [2.1182575e-05 5.6127068e-02 5.6127068e-02 5.9477936e-02 5.6928884e-02
 5.3851645e-02 5.3851645e-02 4.9812771e-02 5.9477936e-02 5.6127068e-02
 6.1308030e-02 5.1753532e-02 5.3851645e-02 6.0379118e-02 5.6928884e-02
 4.9197800e-02 5.4589339e-02 5.2434497e-02 5.7753939e-02]Class Weights: [2.1182575e-05 5.6127068e-02 5.6127068e-02 5.9477936e-02 5.6928884e-02
 5.3851645e-02 5.3851645e-02 4.9812771e-02 5.9477936e-02 5.6127068e-02
 6.1308030e-02 5.1753532e-02 5.3851645e-02 6.0379118e-02 5.6928884e-02
 4.9197800e-02 5.4589339e-02 5.2434497e-02 5.7753939e-02]


Learning Rate: 0.0005Class Weights: [2.1182575e-05 5.6127068e-02 5.6127068e-02 5.9477936e-02 5.6928884e-02
 5.3851645e-02 5.3851645e-02 4.9812771e-02 5.9477936e-02 5.6127068e-02
 6.1308030e-02 5.1753532e-02 5.3851645e-02 6.0379118e-02 5.6928884e-02
 4.9197800e-02 5.4589339e-02 5.2434497e-02 5.7753939e-02]Learning Rate: 0.0005Learning Rate: 0.0005



Learning Rate: 0.0005
Train Loss: 0.6363, Val Loss: 0.5707
Train Loss: 0.6363, Val Loss: 0.5707Train Loss: 0.6363, Val Loss: 0.5707
Train Loss: 0.6363, Val Loss: 0.5707

Per-Class Precision: [1.         0.58139535 0.67727273 0.55970149 0.37804878 0.5203252
 0.22727273 0.10933333 0.27346939 0.05030891 0.22727273 0.15306122
 0.02649351 0.22222222 0.16949153 0.30681818 0.5        0.40106952
 0.47468354]
Per-Class Recall: [0.98508245 1.         0.99333333 1.         0.31       0.64
 0.45       0.54666667 0.67       0.76       0.4        0.4
 0.408      0.02285714 0.53333333 0.81       0.55428571 1.
 1.        ]
Per-Class F1-Score: [0.99248517 0.73529412 0.80540541 0.71770335 0.34065934 0.57399103
 0.30201342 0.18222222 0.3884058  0.09437086 0.28985507 0.22140221
 0.0497561  0.04145078 0.25723473 0.44505495 0.52574526 0.57251908
 0.64377682]
Support per Class: [293949    100    150    150    100    100    100     75    100     75
    125    150    125    175     75    100    175     75     75]
Weighted Precision: 0.9955, Weighted Recall: 0.9825, Weighted F1-Score: 0.9884
Precision: 0.9955, Recall: 0.9825, F1-Score: 0.9884
Fold 1, Epoch 460, Train Loss: 0.6363, Val Loss: 0.5707, Val Acc: 0.9822
Precision: 0.9956, Recall: 0.9845, F1-Score: 0.9896
Fold 1, Epoch 461, Train Loss: 0.6743, Val Loss: 0.5296, Val Acc: 0.9833
Precision: 0.9954, Recall: 0.9864, F1-Score: 0.9903
Fold 1, Epoch 462, Train Loss: 0.6670, Val Loss: 0.5525, Val Acc: 0.9856
Precision: 0.9955, Recall: 0.9811, F1-Score: 0.9877
Fold 1, Epoch 463, Train Loss: 0.6515, Val Loss: 0.5353, Val Acc: 0.9800
Precision: 0.9955, Recall: 0.9844, F1-Score: 0.9894
Fold 1, Epoch 464, Train Loss: 0.6290, Val Loss: 0.5622, Val Acc: 0.9832
Precision: 0.9956, Recall: 0.9738, F1-Score: 0.9840
Fold 1, Epoch 465, Train Loss: 0.6363, Val Loss: 0.5278, Val Acc: 0.9721
Precision: 0.9956, Recall: 0.9834, F1-Score: 0.9889
Fold 1, Epoch 466, Train Loss: 0.7035, Val Loss: 0.5971, Val Acc: 0.9843
Precision: 0.9958, Recall: 0.9850, F1-Score: 0.9898
Fold 1, Epoch 467, Train Loss: 0.7340, Val Loss: 0.5477, Val Acc: 0.9836
Precision: 0.9955, Recall: 0.9823, F1-Score: 0.9884
Fold 1, Epoch 468, Train Loss: 1.0318, Val Loss: 0.7052, Val Acc: 0.9836
Precision: 0.9953, Recall: 0.9772, F1-Score: 0.9856
Fold 1, Epoch 469, Train Loss: 0.7727, Val Loss: 0.6320, Val Acc: 0.9786

--- Epoch 470 ---
--- Epoch 470 ---
--- Epoch 470 ---



--- Epoch 470 ---
Class Weights: [2.1182575e-05 5.6127068e-02 5.6127068e-02 5.9477936e-02 5.6928884e-02
 5.3851645e-02 5.3851645e-02 4.9812771e-02 5.9477936e-02 5.6127068e-02
 6.1308030e-02 5.1753532e-02 5.3851645e-02 6.0379118e-02 5.6928884e-02
 4.9197800e-02 5.4589339e-02 5.2434497e-02 5.7753939e-02]Class Weights: [2.1182575e-05 5.6127068e-02 5.6127068e-02 5.9477936e-02 5.6928884e-02
 5.3851645e-02 5.3851645e-02 4.9812771e-02 5.9477936e-02 5.6127068e-02
 6.1308030e-02 5.1753532e-02 5.3851645e-02 6.0379118e-02 5.6928884e-02
 4.9197800e-02 5.4589339e-02 5.2434497e-02 5.7753939e-02]Class Weights: [2.1182575e-05 5.6127068e-02 5.6127068e-02 5.9477936e-02 5.6928884e-02
 5.3851645e-02 5.3851645e-02 4.9812771e-02 5.9477936e-02 5.6127068e-02
 6.1308030e-02 5.1753532e-02 5.3851645e-02 6.0379118e-02 5.6928884e-02
 4.9197800e-02 5.4589339e-02 5.2434497e-02 5.7753939e-02]


Class Weights: [2.1182575e-05 5.6127068e-02 5.6127068e-02 5.9477936e-02 5.6928884e-02
 5.3851645e-02 5.3851645e-02 4.9812771e-02 5.9477936e-02 5.6127068e-02
 6.1308030e-02 5.1753532e-02 5.3851645e-02 6.0379118e-02 5.6928884e-02
 4.9197800e-02 5.4589339e-02 5.2434497e-02 5.7753939e-02]Learning Rate: 0.0005Learning Rate: 0.0005Learning Rate: 0.0005



Learning Rate: 0.0005
Train Loss: 0.7192, Val Loss: 0.5578
Train Loss: 0.7192, Val Loss: 0.5578Train Loss: 0.7192, Val Loss: 0.5578
Train Loss: 0.7192, Val Loss: 0.5578

Per-Class Precision: [1.         0.5952381  0.72222222 0.65686275 0.23664122 0.39037433
 0.35433071 0.07112971 0.36363636 0.10735586 0.23676012 0.17829457
 0.02923311 0.34693878 0.18076923 0.34761905 0.49333333 0.5530303
 0.41666667]
Per-Class Recall: [0.98380671 1.         0.95333333 0.89333333 0.62       0.73
 0.45       0.68       0.48       0.72       0.608      0.15333333
 0.616      0.38857143 0.62666667 0.73       0.63428571 0.97333333
 1.        ]
Per-Class F1-Score: [0.99183727 0.74626866 0.82183908 0.75706215 0.34254144 0.5087108
 0.39647577 0.12878788 0.4137931  0.18685121 0.34080717 0.16487455
 0.05581733 0.36657682 0.28059701 0.47096774 0.555      0.70531401
 0.58823529]
Support per Class: [293949    100    150    150    100    100    100     75    100     75
    125    150    125    175     75    100    175     75     75]
Weighted Precision: 0.9957, Weighted Recall: 0.9816, Weighted F1-Score: 0.9881
Precision: 0.9957, Recall: 0.9816, F1-Score: 0.9881
Fold 1, Epoch 470, Train Loss: 0.7192, Val Loss: 0.5578, Val Acc: 0.9824
Precision: 0.9958, Recall: 0.9869, F1-Score: 0.9908
Fold 1, Epoch 471, Train Loss: 0.6474, Val Loss: 0.5342, Val Acc: 0.9853
Precision: 0.9957, Recall: 0.9842, F1-Score: 0.9894
Fold 1, Epoch 472, Train Loss: 0.6413, Val Loss: 0.5336, Val Acc: 0.9831
Precision: 0.9957, Recall: 0.9742, F1-Score: 0.9842
Fold 1, Epoch 473, Train Loss: 0.6164, Val Loss: 0.5506, Val Acc: 0.9722
Precision: 0.9957, Recall: 0.9871, F1-Score: 0.9909
Fold 1, Epoch 474, Train Loss: 0.6193, Val Loss: 0.5263, Val Acc: 0.9856
Precision: 0.9955, Recall: 0.9797, F1-Score: 0.9869
Fold 1, Epoch 475, Train Loss: 0.6327, Val Loss: 0.5328, Val Acc: 0.9774
Precision: 0.9954, Recall: 0.9857, F1-Score: 0.9899
Fold 1, Epoch 476, Train Loss: 0.6141, Val Loss: 0.5618, Val Acc: 0.9844
Precision: 0.9954, Recall: 0.9711, F1-Score: 0.9824
Fold 1, Epoch 477, Train Loss: 0.6629, Val Loss: 0.5560, Val Acc: 0.9707
Precision: 0.9959, Recall: 0.9862, F1-Score: 0.9906
Fold 1, Epoch 478, Train Loss: 0.6637, Val Loss: 0.5519, Val Acc: 0.9861
Precision: 0.9954, Recall: 0.9795, F1-Score: 0.9868
Fold 1, Epoch 479, Train Loss: 0.6371, Val Loss: 0.5237, Val Acc: 0.9803

--- Epoch 480 ---
--- Epoch 480 ---
--- Epoch 480 ---



--- Epoch 480 ---
Class Weights: [2.1182575e-05 5.6127068e-02 5.6127068e-02 5.9477936e-02 5.6928884e-02
 5.3851645e-02 5.3851645e-02 4.9812771e-02 5.9477936e-02 5.6127068e-02
 6.1308030e-02 5.1753532e-02 5.3851645e-02 6.0379118e-02 5.6928884e-02
 4.9197800e-02 5.4589339e-02 5.2434497e-02 5.7753939e-02]Class Weights: [2.1182575e-05 5.6127068e-02 5.6127068e-02 5.9477936e-02 5.6928884e-02
 5.3851645e-02 5.3851645e-02 4.9812771e-02 5.9477936e-02 5.6127068e-02
 6.1308030e-02 5.1753532e-02 5.3851645e-02 6.0379118e-02 5.6928884e-02
 4.9197800e-02 5.4589339e-02 5.2434497e-02 5.7753939e-02]Class Weights: [2.1182575e-05 5.6127068e-02 5.6127068e-02 5.9477936e-02 5.6928884e-02
 5.3851645e-02 5.3851645e-02 4.9812771e-02 5.9477936e-02 5.6127068e-02
 6.1308030e-02 5.1753532e-02 5.3851645e-02 6.0379118e-02 5.6928884e-02
 4.9197800e-02 5.4589339e-02 5.2434497e-02 5.7753939e-02]


Class Weights: [2.1182575e-05 5.6127068e-02 5.6127068e-02 5.9477936e-02 5.6928884e-02
 5.3851645e-02 5.3851645e-02 4.9812771e-02 5.9477936e-02 5.6127068e-02
 6.1308030e-02 5.1753532e-02 5.3851645e-02 6.0379118e-02 5.6928884e-02
 4.9197800e-02 5.4589339e-02 5.2434497e-02 5.7753939e-02]Learning Rate: 0.0005Learning Rate: 0.0005Learning Rate: 0.0005



Learning Rate: 0.0005
Train Loss: 0.6582, Val Loss: 0.5327Train Loss: 0.6582, Val Loss: 0.5327
Train Loss: 0.6582, Val Loss: 0.5327Train Loss: 0.6582, Val Loss: 0.5327


Per-Class Precision: [1.         0.081103   0.70093458 0.60330579 0.31677019 0.41484716
 0.12345679 0.19117647 0.39805825 0.04316547 0.23684211 0.16483516
 0.05175601 0.45810056 0.24539877 0.28455285 0.44761905 0.51020408
 0.44642857]
Per-Class Recall: [0.98207852 1.         1.         0.97333333 0.51       0.95
 0.6        0.69333333 0.41       0.88       0.648      0.2
 0.448      0.46857143 0.53333333 0.7        0.80571429 1.
 1.        ]
Per-Class F1-Score: [0.99095824 0.15003751 0.82417582 0.74489796 0.3908046  0.5775076
 0.20477816 0.29971182 0.40394089 0.08229426 0.34689507 0.18072289
 0.09279205 0.46327684 0.33613445 0.40462428 0.5755102  0.67567568
 0.61728395]
Support per Class: [293949    100    150    150    100    100    100     75    100     75
    125    150    125    175     75    100    175     75     75]
Weighted Precision: 0.9955, Weighted Recall: 0.9801, Weighted F1-Score: 0.9871
Precision: 0.9955, Recall: 0.9801, F1-Score: 0.9871
Fold 1, Epoch 480, Train Loss: 0.6582, Val Loss: 0.5327, Val Acc: 0.9792
Precision: 0.9956, Recall: 0.9857, F1-Score: 0.9901
Fold 1, Epoch 481, Train Loss: 0.6601, Val Loss: 0.5681, Val Acc: 0.9848
Precision: 0.9955, Recall: 0.9799, F1-Score: 0.9870
Fold 1, Epoch 482, Train Loss: 0.6510, Val Loss: 0.5322, Val Acc: 0.9797
Precision: 0.9955, Recall: 0.9860, F1-Score: 0.9902
Fold 1, Epoch 483, Train Loss: 0.6128, Val Loss: 0.5190, Val Acc: 0.9848
Precision: 0.9956, Recall: 0.9846, F1-Score: 0.9896
Fold 1, Epoch 484, Train Loss: 0.6050, Val Loss: 0.5292, Val Acc: 0.9829
Precision: 0.9956, Recall: 0.9830, F1-Score: 0.9887
Fold 1, Epoch 485, Train Loss: 0.6307, Val Loss: 0.5337, Val Acc: 0.9820
Precision: 0.9957, Recall: 0.9873, F1-Score: 0.9909
Fold 1, Epoch 486, Train Loss: 0.6199, Val Loss: 0.5234, Val Acc: 0.9863
Precision: 0.9955, Recall: 0.9788, F1-Score: 0.9865
Fold 1, Epoch 487, Train Loss: 0.5950, Val Loss: 0.5178, Val Acc: 0.9777
Precision: 0.9955, Recall: 0.9851, F1-Score: 0.9898
Fold 1, Epoch 488, Train Loss: 0.6403, Val Loss: 0.5397, Val Acc: 0.9836
Precision: 0.9956, Recall: 0.9808, F1-Score: 0.9875
Fold 1, Epoch 489, Train Loss: 0.6098, Val Loss: 0.5425, Val Acc: 0.9802

--- Epoch 490 ---
--- Epoch 490 ---
--- Epoch 490 ---



--- Epoch 490 ---
Class Weights: [2.1182575e-05 5.6127068e-02 5.6127068e-02 5.9477936e-02 5.6928884e-02
 5.3851645e-02 5.3851645e-02 4.9812771e-02 5.9477936e-02 5.6127068e-02
 6.1308030e-02 5.1753532e-02 5.3851645e-02 6.0379118e-02 5.6928884e-02
 4.9197800e-02 5.4589339e-02 5.2434497e-02 5.7753939e-02]Class Weights: [2.1182575e-05 5.6127068e-02 5.6127068e-02 5.9477936e-02 5.6928884e-02
 5.3851645e-02 5.3851645e-02 4.9812771e-02 5.9477936e-02 5.6127068e-02
 6.1308030e-02 5.1753532e-02 5.3851645e-02 6.0379118e-02 5.6928884e-02
 4.9197800e-02 5.4589339e-02 5.2434497e-02 5.7753939e-02]
Class Weights: [2.1182575e-05 5.6127068e-02 5.6127068e-02 5.9477936e-02 5.6928884e-02
 5.3851645e-02 5.3851645e-02 4.9812771e-02 5.9477936e-02 5.6127068e-02
 6.1308030e-02 5.1753532e-02 5.3851645e-02 6.0379118e-02 5.6928884e-02
 4.9197800e-02 5.4589339e-02 5.2434497e-02 5.7753939e-02]

Learning Rate: 0.0005
Learning Rate: 0.0005Learning Rate: 0.0005Class Weights: [2.1182575e-05 5.6127068e-02 5.6127068e-02 5.9477936e-02 5.6928884e-02
 5.3851645e-02 5.3851645e-02 4.9812771e-02 5.9477936e-02 5.6127068e-02
 6.1308030e-02 5.1753532e-02 5.3851645e-02 6.0379118e-02 5.6928884e-02
 4.9197800e-02 5.4589339e-02 5.2434497e-02 5.7753939e-02]


Learning Rate: 0.0005
Train Loss: 0.6243, Val Loss: 0.5313
Train Loss: 0.6243, Val Loss: 0.5313Train Loss: 0.6243, Val Loss: 0.5313

Train Loss: 0.6243, Val Loss: 0.5313
Per-Class Precision: [0.99999311 0.34364261 0.74129353 0.72674419 0.26771654 0.39748954
 0.32846715 0.14705882 0.25951557 0.10576923 0.17894737 0.06761566
 0.03303303 0.61176471 0.21052632 0.28472222 0.45023697 0.51020408
 0.41899441]
Per-Class Recall: [0.98784483 1.         0.99333333 0.83333333 0.68       0.95
 0.45       0.8        0.75       0.73333333 0.408      0.63333333
 0.088      0.29714286 0.42666667 0.82       0.54285714 1.
 1.        ]
Per-Class F1-Score: [0.99388185 0.51150895 0.84900285 0.77639752 0.38418079 0.56047198
 0.37974684 0.2484472  0.38560411 0.18487395 0.24878049 0.1221865
 0.04803493 0.4        0.28193833 0.42268041 0.49222798 0.67567568
 0.59055118]
Support per Class: [293949    100    150    150    100    100    100     75    100     75
    125    150    125    175     75    100    175     75     75]
Weighted Precision: 0.9956, Weighted Recall: 0.9856, Weighted F1-Score: 0.9900
Precision: 0.9956, Recall: 0.9856, F1-Score: 0.9900
Fold 1, Epoch 490, Train Loss: 0.6243, Val Loss: 0.5313, Val Acc: 0.9849
Precision: 0.9954, Recall: 0.9805, F1-Score: 0.9873
Fold 1, Epoch 491, Train Loss: 0.6086, Val Loss: 0.5347, Val Acc: 0.9796
Precision: 0.9957, Recall: 0.9868, F1-Score: 0.9907
Fold 1, Epoch 492, Train Loss: 0.5972, Val Loss: 0.5432, Val Acc: 0.9854
Precision: 0.9957, Recall: 0.9784, F1-Score: 0.9864
Fold 1, Epoch 493, Train Loss: 0.6258, Val Loss: 0.5176, Val Acc: 0.9778
Precision: 0.9960, Recall: 0.9882, F1-Score: 0.9915
Fold 1, Epoch 494, Train Loss: 0.6247, Val Loss: 0.5087, Val Acc: 0.9864
Precision: 0.9958, Recall: 0.9843, F1-Score: 0.9895
Fold 1, Epoch 495, Train Loss: 0.6065, Val Loss: 0.5030, Val Acc: 0.9837
Precision: 0.9958, Recall: 0.9853, F1-Score: 0.9901
Fold 1, Epoch 496, Train Loss: 0.6173, Val Loss: 0.5157, Val Acc: 0.9835
Precision: 0.9956, Recall: 0.9845, F1-Score: 0.9895
Fold 1, Epoch 497, Train Loss: 0.5893, Val Loss: 0.5170, Val Acc: 0.9832
Precision: 0.9955, Recall: 0.9827, F1-Score: 0.9885
Fold 1, Epoch 498, Train Loss: 0.6176, Val Loss: 0.4943, Val Acc: 0.9810
Precision: 0.9955, Recall: 0.9867, F1-Score: 0.9906
Fold 1, Epoch 499, Train Loss: 0.6310, Val Loss: 0.5243, Val Acc: 0.9855

--- Epoch 500 ---
--- Epoch 500 ---
--- Epoch 500 ---



--- Epoch 500 ---
Class Weights: [2.1182575e-05 5.6127068e-02 5.6127068e-02 5.9477936e-02 5.6928884e-02
 5.3851645e-02 5.3851645e-02 4.9812771e-02 5.9477936e-02 5.6127068e-02
 6.1308030e-02 5.1753532e-02 5.3851645e-02 6.0379118e-02 5.6928884e-02
 4.9197800e-02 5.4589339e-02 5.2434497e-02 5.7753939e-02]Class Weights: [2.1182575e-05 5.6127068e-02 5.6127068e-02 5.9477936e-02 5.6928884e-02
 5.3851645e-02 5.3851645e-02 4.9812771e-02 5.9477936e-02 5.6127068e-02
 6.1308030e-02 5.1753532e-02 5.3851645e-02 6.0379118e-02 5.6928884e-02
 4.9197800e-02 5.4589339e-02 5.2434497e-02 5.7753939e-02]Class Weights: [2.1182575e-05 5.6127068e-02 5.6127068e-02 5.9477936e-02 5.6928884e-02
 5.3851645e-02 5.3851645e-02 4.9812771e-02 5.9477936e-02 5.6127068e-02
 6.1308030e-02 5.1753532e-02 5.3851645e-02 6.0379118e-02 5.6928884e-02
 4.9197800e-02 5.4589339e-02 5.2434497e-02 5.7753939e-02]

Class Weights: [2.1182575e-05 5.6127068e-02 5.6127068e-02 5.9477936e-02 5.6928884e-02
 5.3851645e-02 5.3851645e-02 4.9812771e-02 5.9477936e-02 5.6127068e-02
 6.1308030e-02 5.1753532e-02 5.3851645e-02 6.0379118e-02 5.6928884e-02
 4.9197800e-02 5.4589339e-02 5.2434497e-02 5.7753939e-02]
Learning Rate: 0.0005Learning Rate: 0.0005

Learning Rate: 0.0005

Learning Rate: 0.0005
Train Loss: 0.6364, Val Loss: 0.5775Train Loss: 0.6364, Val Loss: 0.5775
Train Loss: 0.6364, Val Loss: 0.5775
Train Loss: 0.6364, Val Loss: 0.5775

Per-Class Precision: [1.         0.45454545 0.77083333 0.80508475 0.28431373 0.54014599
 0.14840989 0.09174312 0.25748503 0.01357556 0.29130435 0.15277778
 0.0796371  0.         0.13346614 0.2875     0.51875    0.5
 0.48684211]
Per-Class Recall: [0.9750637  1.         0.98666667 0.63333333 0.58       0.74
 0.42       0.66666667 0.43       0.90666667 0.536      0.22
 0.632      0.         0.89333333 0.23       0.47428571 0.97333333
 0.98666667]
Per-Class F1-Score: [0.98737443 0.625      0.86549708 0.70895522 0.38157895 0.62447257
 0.21932115 0.16129032 0.32209738 0.02675059 0.37746479 0.18032787
 0.14145031 0.         0.2322357  0.25555556 0.49552239 0.66063348
 0.65198238]
Support per Class: [293949    100    150    150    100    100    100     75    100     75
    125    150    125    175     75    100    175     75     75]
Weighted Precision: 0.9955, Weighted Recall: 0.9724, Weighted F1-Score: 0.9833
Precision: 0.9955, Recall: 0.9724, F1-Score: 0.9833
Fold 1, Epoch 500, Train Loss: 0.6364, Val Loss: 0.5775, Val Acc: 0.9708
Precision: 0.9957, Recall: 0.9885, F1-Score: 0.9916
Fold 1, Epoch 501, Train Loss: 0.6135, Val Loss: 0.5028, Val Acc: 0.9873
Precision: 0.9954, Recall: 0.9843, F1-Score: 0.9893
Fold 1, Epoch 502, Train Loss: 0.5974, Val Loss: 0.5127, Val Acc: 0.9828
Precision: 0.9957, Recall: 0.9863, F1-Score: 0.9905
Fold 1, Epoch 503, Train Loss: 0.6049, Val Loss: 0.5170, Val Acc: 0.9854
Precision: 0.9955, Recall: 0.9845, F1-Score: 0.9895
Fold 1, Epoch 504, Train Loss: 0.5998, Val Loss: 0.5169, Val Acc: 0.9829
Precision: 0.9957, Recall: 0.9850, F1-Score: 0.9898
Fold 1, Epoch 505, Train Loss: 0.5748, Val Loss: 0.4917, Val Acc: 0.9839
Precision: 0.9957, Recall: 0.9847, F1-Score: 0.9897
Fold 1, Epoch 506, Train Loss: 0.6097, Val Loss: 0.5136, Val Acc: 0.9833
Precision: 0.9956, Recall: 0.9861, F1-Score: 0.9903
Fold 1, Epoch 507, Train Loss: 0.5908, Val Loss: 0.5056, Val Acc: 0.9847
Precision: 0.9956, Recall: 0.9816, F1-Score: 0.9880
Fold 1, Epoch 508, Train Loss: 0.5965, Val Loss: 0.4870, Val Acc: 0.9798
Precision: 0.9959, Recall: 0.9871, F1-Score: 0.9910
Fold 1, Epoch 509, Train Loss: 0.5859, Val Loss: 0.5080, Val Acc: 0.9859

--- Epoch 510 ---
--- Epoch 510 ---
--- Epoch 510 ---



--- Epoch 510 ---
Class Weights: [2.1182575e-05 5.6127068e-02 5.6127068e-02 5.9477936e-02 5.6928884e-02
 5.3851645e-02 5.3851645e-02 4.9812771e-02 5.9477936e-02 5.6127068e-02
 6.1308030e-02 5.1753532e-02 5.3851645e-02 6.0379118e-02 5.6928884e-02
 4.9197800e-02 5.4589339e-02 5.2434497e-02 5.7753939e-02]Class Weights: [2.1182575e-05 5.6127068e-02 5.6127068e-02 5.9477936e-02 5.6928884e-02
 5.3851645e-02 5.3851645e-02 4.9812771e-02 5.9477936e-02 5.6127068e-02
 6.1308030e-02 5.1753532e-02 5.3851645e-02 6.0379118e-02 5.6928884e-02
 4.9197800e-02 5.4589339e-02 5.2434497e-02 5.7753939e-02]Class Weights: [2.1182575e-05 5.6127068e-02 5.6127068e-02 5.9477936e-02 5.6928884e-02
 5.3851645e-02 5.3851645e-02 4.9812771e-02 5.9477936e-02 5.6127068e-02
 6.1308030e-02 5.1753532e-02 5.3851645e-02 6.0379118e-02 5.6928884e-02
 4.9197800e-02 5.4589339e-02 5.2434497e-02 5.7753939e-02]


Class Weights: [2.1182575e-05 5.6127068e-02 5.6127068e-02 5.9477936e-02 5.6928884e-02
 5.3851645e-02 5.3851645e-02 4.9812771e-02 5.9477936e-02 5.6127068e-02
 6.1308030e-02 5.1753532e-02 5.3851645e-02 6.0379118e-02 5.6928884e-02
 4.9197800e-02 5.4589339e-02 5.2434497e-02 5.7753939e-02]Learning Rate: 0.0005Learning Rate: 0.0005Learning Rate: 0.0005



Learning Rate: 0.0005
Train Loss: 0.5712, Val Loss: 0.5009Train Loss: 0.5712, Val Loss: 0.5009Train Loss: 0.5712, Val Loss: 0.5009
Train Loss: 0.5712, Val Loss: 0.5009


Per-Class Precision: [0.99999311 0.47393365 0.72115385 0.74418605 0.19437939 0.6504065
 0.15720524 0.26553672 0.39240506 0.10779436 0.10659341 0.10431655
 0.03893805 0.67768595 0.21524664 0.35359116 0.47887324 0.56390977
 0.48387097]
Per-Class Recall: [0.98690249 1.         1.         0.85333333 0.83       0.8
 0.72       0.62666667 0.31       0.86666667 0.776      0.19333333
 0.352      0.46857143 0.64       0.64       0.77714286 1.
 1.        ]
Per-Class F1-Score: [0.99340467 0.64308682 0.83798883 0.79503106 0.31499051 0.71748879
 0.25806452 0.37301587 0.34636872 0.19174041 0.18743961 0.13551402
 0.07011952 0.55405405 0.32214765 0.45551601 0.59259259 0.72115385
 0.65217391]
Support per Class: [293949    100    150    150    100    100    100     75    100     75
    125    150    125    175     75    100    175     75     75]
Weighted Precision: 0.9959, Weighted Recall: 0.9849, Weighted F1-Score: 0.9898
Precision: 0.9959, Recall: 0.9849, F1-Score: 0.9898
Fold 1, Epoch 510, Train Loss: 0.5712, Val Loss: 0.5009, Val Acc: 0.9847
Precision: 0.9956, Recall: 0.9852, F1-Score: 0.9899
Fold 1, Epoch 511, Train Loss: 0.5937, Val Loss: 0.5107, Val Acc: 0.9832
Precision: 0.9956, Recall: 0.9835, F1-Score: 0.9890
Fold 1, Epoch 512, Train Loss: 0.5819, Val Loss: 0.5063, Val Acc: 0.9821
Precision: 0.9957, Recall: 0.9861, F1-Score: 0.9904
Fold 1, Epoch 513, Train Loss: 0.5981, Val Loss: 0.4902, Val Acc: 0.9843
Precision: 0.9956, Recall: 0.9833, F1-Score: 0.9889
Fold 1, Epoch 514, Train Loss: 0.5892, Val Loss: 0.4957, Val Acc: 0.9824
Precision: 0.9957, Recall: 0.9876, F1-Score: 0.9911
Fold 1, Epoch 515, Train Loss: 0.6177, Val Loss: 0.4999, Val Acc: 0.9862
Precision: 0.9957, Recall: 0.9834, F1-Score: 0.9890
Fold 1, Epoch 516, Train Loss: 0.6049, Val Loss: 0.5127, Val Acc: 0.9819
Precision: 0.9957, Recall: 0.9805, F1-Score: 0.9876
Fold 1, Epoch 517, Train Loss: 0.6007, Val Loss: 0.5347, Val Acc: 0.9798
Precision: 0.9956, Recall: 0.9873, F1-Score: 0.9909
Fold 1, Epoch 518, Train Loss: 0.6346, Val Loss: 0.5071, Val Acc: 0.9859
Precision: 0.9957, Recall: 0.9846, F1-Score: 0.9893
Fold 1, Epoch 519, Train Loss: 0.6096, Val Loss: 0.5078, Val Acc: 0.9837

--- Epoch 520 ---
--- Epoch 520 ---
--- Epoch 520 ---
--- Epoch 520 ---



Class Weights: [2.1182575e-05 5.6127068e-02 5.6127068e-02 5.9477936e-02 5.6928884e-02
 5.3851645e-02 5.3851645e-02 4.9812771e-02 5.9477936e-02 5.6127068e-02
 6.1308030e-02 5.1753532e-02 5.3851645e-02 6.0379118e-02 5.6928884e-02
 4.9197800e-02 5.4589339e-02 5.2434497e-02 5.7753939e-02]Class Weights: [2.1182575e-05 5.6127068e-02 5.6127068e-02 5.9477936e-02 5.6928884e-02
 5.3851645e-02 5.3851645e-02 4.9812771e-02 5.9477936e-02 5.6127068e-02
 6.1308030e-02 5.1753532e-02 5.3851645e-02 6.0379118e-02 5.6928884e-02
 4.9197800e-02 5.4589339e-02 5.2434497e-02 5.7753939e-02]Class Weights: [2.1182575e-05 5.6127068e-02 5.6127068e-02 5.9477936e-02 5.6928884e-02
 5.3851645e-02 5.3851645e-02 4.9812771e-02 5.9477936e-02 5.6127068e-02
 6.1308030e-02 5.1753532e-02 5.3851645e-02 6.0379118e-02 5.6928884e-02
 4.9197800e-02 5.4589339e-02 5.2434497e-02 5.7753939e-02]Class Weights: [2.1182575e-05 5.6127068e-02 5.6127068e-02 5.9477936e-02 5.6928884e-02
 5.3851645e-02 5.3851645e-02 4.9812771e-02 5.9477936e-02 5.6127068e-02
 6.1308030e-02 5.1753532e-02 5.3851645e-02 6.0379118e-02 5.6928884e-02
 4.9197800e-02 5.4589339e-02 5.2434497e-02 5.7753939e-02]



Learning Rate: 0.0005Learning Rate: 0.0005Learning Rate: 0.0005
Learning Rate: 0.0005


Train Loss: 0.6041, Val Loss: 0.5262Train Loss: 0.6041, Val Loss: 0.5262Train Loss: 0.6041, Val Loss: 0.5262
Train Loss: 0.6041, Val Loss: 0.5262


Per-Class Precision: [0.99999311 0.55248619 0.67579909 0.59281437 0.20991254 0.43661972
 0.29126214 0.12300683 0.26395939 0.05997932 0.19685039 0.0977918
 0.03639847 0.52459016 0.24623116 0.31658291 0.46402878 0.54887218
 0.46296296]
Per-Class Recall: [0.98738897 1.         0.98666667 0.66       0.72       0.93
 0.3        0.72       0.52       0.77333333 0.8        0.20666667
 0.304      0.18285714 0.65333333 0.63       0.73714286 0.97333333
 1.        ]
Per-Class F1-Score: [0.99365107 0.71174377 0.80216802 0.62460568 0.32505643 0.5942492
 0.2955665  0.21011673 0.35016835 0.11132438 0.31595577 0.13276231
 0.06501283 0.27118644 0.35766423 0.42140468 0.56953642 0.70192308
 0.63291139]
Support per Class: [293949    100    150    150    100    100    100     75    100     75
    125    150    125    175     75    100    175     75     75]
Weighted Precision: 0.9956, Weighted Recall: 0.9850, Weighted F1-Score: 0.9897
Precision: 0.9956, Recall: 0.9850, F1-Score: 0.9897
Fold 1, Epoch 520, Train Loss: 0.6041, Val Loss: 0.5262, Val Acc: 0.9839
Precision: 0.9954, Recall: 0.9812, F1-Score: 0.9877
Fold 1, Epoch 521, Train Loss: 0.6085, Val Loss: 0.5065, Val Acc: 0.9792
Precision: 0.9959, Recall: 0.9880, F1-Score: 0.9914
Fold 1, Epoch 522, Train Loss: 0.5645, Val Loss: 0.5103, Val Acc: 0.9864
Precision: 0.9958, Recall: 0.9857, F1-Score: 0.9902
Fold 1, Epoch 523, Train Loss: 0.5575, Val Loss: 0.5051, Val Acc: 0.9841
Precision: 0.9956, Recall: 0.9829, F1-Score: 0.9887
Fold 1, Epoch 524, Train Loss: 0.5976, Val Loss: 0.4842, Val Acc: 0.9815
Precision: 0.9958, Recall: 0.9874, F1-Score: 0.9911
Fold 1, Epoch 525, Train Loss: 0.5790, Val Loss: 0.4860, Val Acc: 0.9859
Precision: 0.9956, Recall: 0.9843, F1-Score: 0.9894
Fold 1, Epoch 526, Train Loss: 0.5930, Val Loss: 0.4920, Val Acc: 0.9824
Precision: 0.9958, Recall: 0.9861, F1-Score: 0.9904
Fold 1, Epoch 527, Train Loss: 0.5773, Val Loss: 0.5173, Val Acc: 0.9844
Precision: 0.9956, Recall: 0.9779, F1-Score: 0.9861
Fold 1, Epoch 528, Train Loss: 0.5971, Val Loss: 0.5112, Val Acc: 0.9767
Precision: 0.9957, Recall: 0.9892, F1-Score: 0.9920
Fold 1, Epoch 529, Train Loss: 0.5784, Val Loss: 0.4888, Val Acc: 0.9883

--- Epoch 530 ---
--- Epoch 530 ---
--- Epoch 530 ---



--- Epoch 530 ---
Class Weights: [2.1182575e-05 5.6127068e-02 5.6127068e-02 5.9477936e-02 5.6928884e-02
 5.3851645e-02 5.3851645e-02 4.9812771e-02 5.9477936e-02 5.6127068e-02
 6.1308030e-02 5.1753532e-02 5.3851645e-02 6.0379118e-02 5.6928884e-02
 4.9197800e-02 5.4589339e-02 5.2434497e-02 5.7753939e-02]Class Weights: [2.1182575e-05 5.6127068e-02 5.6127068e-02 5.9477936e-02 5.6928884e-02
 5.3851645e-02 5.3851645e-02 4.9812771e-02 5.9477936e-02 5.6127068e-02
 6.1308030e-02 5.1753532e-02 5.3851645e-02 6.0379118e-02 5.6928884e-02
 4.9197800e-02 5.4589339e-02 5.2434497e-02 5.7753939e-02]Class Weights: [2.1182575e-05 5.6127068e-02 5.6127068e-02 5.9477936e-02 5.6928884e-02
 5.3851645e-02 5.3851645e-02 4.9812771e-02 5.9477936e-02 5.6127068e-02
 6.1308030e-02 5.1753532e-02 5.3851645e-02 6.0379118e-02 5.6928884e-02
 4.9197800e-02 5.4589339e-02 5.2434497e-02 5.7753939e-02]


Learning Rate: 0.0005Learning Rate: 0.0005Learning Rate: 0.0005


Class Weights: [2.1182575e-05 5.6127068e-02 5.6127068e-02 5.9477936e-02 5.6928884e-02
 5.3851645e-02 5.3851645e-02 4.9812771e-02 5.9477936e-02 5.6127068e-02
 6.1308030e-02 5.1753532e-02 5.3851645e-02 6.0379118e-02 5.6928884e-02
 4.9197800e-02 5.4589339e-02 5.2434497e-02 5.7753939e-02]
Learning Rate: 0.0005
Train Loss: 0.6048, Val Loss: 0.4962Train Loss: 0.6048, Val Loss: 0.4962

Train Loss: 0.6048, Val Loss: 0.4962
Train Loss: 0.6048, Val Loss: 0.4962
Per-Class Precision: [1.         0.45454545 0.7029703  0.62068966 0.216      0.51408451
 0.1978022  0.12076271 0.31967213 0.0369473  0.10841984 0.15517241
 0.06930693 0.29361702 0.23195876 0.32627119 0.50965251 0.5112782
 0.44848485]
Per-Class Recall: [0.984994   1.         0.94666667 0.84       0.81       0.73
 0.72       0.76       0.39       0.81333333 0.752      0.06
 0.168      0.78857143 0.6        0.77       0.75428571 0.90666667
 0.98666667]
Per-Class F1-Score: [0.99244028 0.625      0.80681818 0.71388102 0.34105263 0.60330579
 0.31034483 0.20840951 0.35135135 0.07068366 0.18951613 0.08653846
 0.09813084 0.42790698 0.33457249 0.45833333 0.60829493 0.65384615
 0.61666667]
Support per Class: [293949    100    150    150    100    100    100     75    100     75
    125    150    125    175     75    100    175     75     75]
Weighted Precision: 0.9955, Weighted Recall: 0.9830, Weighted F1-Score: 0.9886
Precision: 0.9955, Recall: 0.9830, F1-Score: 0.9886
Fold 1, Epoch 530, Train Loss: 0.6048, Val Loss: 0.4962, Val Acc: 0.9813
Precision: 0.9956, Recall: 0.9863, F1-Score: 0.9904
Fold 1, Epoch 531, Train Loss: 0.6196, Val Loss: 0.4949, Val Acc: 0.9848
Precision: 0.9957, Recall: 0.9851, F1-Score: 0.9898
Fold 1, Epoch 532, Train Loss: 0.5836, Val Loss: 0.4983, Val Acc: 0.9835
Precision: 0.9958, Recall: 0.9870, F1-Score: 0.9908
Fold 1, Epoch 533, Train Loss: 0.5951, Val Loss: 0.5110, Val Acc: 0.9856
Precision: 0.9958, Recall: 0.9819, F1-Score: 0.9882
Fold 1, Epoch 534, Train Loss: 0.6096, Val Loss: 0.5003, Val Acc: 0.9799
Precision: 0.9956, Recall: 0.9856, F1-Score: 0.9901
Fold 1, Epoch 535, Train Loss: 0.5847, Val Loss: 0.4910, Val Acc: 0.9841
Precision: 0.9958, Recall: 0.9859, F1-Score: 0.9904
Fold 1, Epoch 536, Train Loss: 0.5606, Val Loss: 0.5054, Val Acc: 0.9842
Precision: 0.9957, Recall: 0.9828, F1-Score: 0.9887
Fold 1, Epoch 537, Train Loss: 0.5946, Val Loss: 0.4872, Val Acc: 0.9809
Precision: 0.9958, Recall: 0.9846, F1-Score: 0.9896
Fold 1, Epoch 538, Train Loss: 0.5870, Val Loss: 0.4872, Val Acc: 0.9829
Precision: 0.9956, Recall: 0.9867, F1-Score: 0.9906
Fold 1, Epoch 539, Train Loss: 0.5692, Val Loss: 0.4985, Val Acc: 0.9849

--- Epoch 540 ---
--- Epoch 540 ---
--- Epoch 540 ---



--- Epoch 540 ---
Class Weights: [2.1182575e-05 5.6127068e-02 5.6127068e-02 5.9477936e-02 5.6928884e-02
 5.3851645e-02 5.3851645e-02 4.9812771e-02 5.9477936e-02 5.6127068e-02
 6.1308030e-02 5.1753532e-02 5.3851645e-02 6.0379118e-02 5.6928884e-02
 4.9197800e-02 5.4589339e-02 5.2434497e-02 5.7753939e-02]Class Weights: [2.1182575e-05 5.6127068e-02 5.6127068e-02 5.9477936e-02 5.6928884e-02
 5.3851645e-02 5.3851645e-02 4.9812771e-02 5.9477936e-02 5.6127068e-02
 6.1308030e-02 5.1753532e-02 5.3851645e-02 6.0379118e-02 5.6928884e-02
 4.9197800e-02 5.4589339e-02 5.2434497e-02 5.7753939e-02]Class Weights: [2.1182575e-05 5.6127068e-02 5.6127068e-02 5.9477936e-02 5.6928884e-02
 5.3851645e-02 5.3851645e-02 4.9812771e-02 5.9477936e-02 5.6127068e-02
 6.1308030e-02 5.1753532e-02 5.3851645e-02 6.0379118e-02 5.6928884e-02
 4.9197800e-02 5.4589339e-02 5.2434497e-02 5.7753939e-02]


Learning Rate: 0.0005Learning Rate: 0.0005
Learning Rate: 0.0005Class Weights: [2.1182575e-05 5.6127068e-02 5.6127068e-02 5.9477936e-02 5.6928884e-02
 5.3851645e-02 5.3851645e-02 4.9812771e-02 5.9477936e-02 5.6127068e-02
 6.1308030e-02 5.1753532e-02 5.3851645e-02 6.0379118e-02 5.6928884e-02
 4.9197800e-02 5.4589339e-02 5.2434497e-02 5.7753939e-02]


Learning Rate: 0.0005
Train Loss: 0.6050, Val Loss: 0.5032
Train Loss: 0.6050, Val Loss: 0.5032Train Loss: 0.6050, Val Loss: 0.5032

Train Loss: 0.6050, Val Loss: 0.5032
Per-Class Precision: [1.         0.50761421 0.69124424 0.70285714 0.36507937 0.56028369
 0.16049383 0.17582418 0.17773019 0.02350814 0.23546512 0.11538462
 0.03362832 0.66666667 0.23783784 0.28621908 0.44628099 0.60169492
 0.42857143]
Per-Class Recall: [0.98211935 1.         1.         0.82       0.69       0.79
 0.65       0.21333333 0.83       0.86666667 0.648      0.5
 0.152      0.27428571 0.58666667 0.81       0.61714286 0.94666667
 1.        ]
Per-Class F1-Score: [0.99097902 0.67340067 0.81743869 0.75692308 0.47750865 0.65560166
 0.25742574 0.19277108 0.29276896 0.04577465 0.34541578 0.1875
 0.05507246 0.38866397 0.33846154 0.4229765  0.51798561 0.7357513
 0.6       ]
Support per Class: [293949    100    150    150    100    100    100     75    100     75
    125    150    125    175     75    100    175     75     75]
Weighted Precision: 0.9958, Weighted Recall: 0.9800, Weighted F1-Score: 0.9872
Precision: 0.9958, Recall: 0.9800, F1-Score: 0.9872
Fold 1, Epoch 540, Train Loss: 0.6050, Val Loss: 0.5032, Val Acc: 0.9779
Precision: 0.9957, Recall: 0.9850, F1-Score: 0.9898
Fold 1, Epoch 541, Train Loss: 0.6199, Val Loss: 0.4908, Val Acc: 0.9843
Precision: 0.9955, Recall: 0.9801, F1-Score: 0.9871
Fold 1, Epoch 542, Train Loss: 0.6022, Val Loss: 0.4988, Val Acc: 0.9804
Precision: 0.9955, Recall: 0.9800, F1-Score: 0.9871
Fold 1, Epoch 543, Train Loss: 0.5948, Val Loss: 0.4829, Val Acc: 0.9801
Precision: 0.9960, Recall: 0.9869, F1-Score: 0.9909
Fold 1, Epoch 544, Train Loss: 0.5739, Val Loss: 0.4998, Val Acc: 0.9859
Precision: 0.9956, Recall: 0.9882, F1-Score: 0.9914
Fold 1, Epoch 545, Train Loss: 0.5705, Val Loss: 0.5046, Val Acc: 0.9869
Precision: 0.9954, Recall: 0.9814, F1-Score: 0.9878
Fold 1, Epoch 546, Train Loss: 0.5758, Val Loss: 0.5052, Val Acc: 0.9795
Precision: 0.9958, Recall: 0.9878, F1-Score: 0.9913
Fold 1, Epoch 547, Train Loss: 0.5851, Val Loss: 0.4813, Val Acc: 0.9864
Precision: 0.9959, Recall: 0.9858, F1-Score: 0.9903
Fold 1, Epoch 548, Train Loss: 0.6006, Val Loss: 0.4843, Val Acc: 0.9839
Precision: 0.9955, Recall: 0.9714, F1-Score: 0.9827
Fold 1, Epoch 549, Train Loss: 0.6155, Val Loss: 0.5170, Val Acc: 0.9713

--- Epoch 550 ---
--- Epoch 550 ---
--- Epoch 550 ---



--- Epoch 550 ---
Class Weights: [2.1182575e-05 5.6127068e-02 5.6127068e-02 5.9477936e-02 5.6928884e-02
 5.3851645e-02 5.3851645e-02 4.9812771e-02 5.9477936e-02 5.6127068e-02
 6.1308030e-02 5.1753532e-02 5.3851645e-02 6.0379118e-02 5.6928884e-02
 4.9197800e-02 5.4589339e-02 5.2434497e-02 5.7753939e-02]Class Weights: [2.1182575e-05 5.6127068e-02 5.6127068e-02 5.9477936e-02 5.6928884e-02
 5.3851645e-02 5.3851645e-02 4.9812771e-02 5.9477936e-02 5.6127068e-02
 6.1308030e-02 5.1753532e-02 5.3851645e-02 6.0379118e-02 5.6928884e-02
 4.9197800e-02 5.4589339e-02 5.2434497e-02 5.7753939e-02]Class Weights: [2.1182575e-05 5.6127068e-02 5.6127068e-02 5.9477936e-02 5.6928884e-02
 5.3851645e-02 5.3851645e-02 4.9812771e-02 5.9477936e-02 5.6127068e-02
 6.1308030e-02 5.1753532e-02 5.3851645e-02 6.0379118e-02 5.6928884e-02
 4.9197800e-02 5.4589339e-02 5.2434497e-02 5.7753939e-02]


Class Weights: [2.1182575e-05 5.6127068e-02 5.6127068e-02 5.9477936e-02 5.6928884e-02
 5.3851645e-02 5.3851645e-02 4.9812771e-02 5.9477936e-02 5.6127068e-02
 6.1308030e-02 5.1753532e-02 5.3851645e-02 6.0379118e-02 5.6928884e-02
 4.9197800e-02 5.4589339e-02 5.2434497e-02 5.7753939e-02]Learning Rate: 0.0005Learning Rate: 0.0005Learning Rate: 0.0005



Learning Rate: 0.0005
Train Loss: 0.5855, Val Loss: 0.4963Train Loss: 0.5855, Val Loss: 0.4963Train Loss: 0.5855, Val Loss: 0.4963
Train Loss: 0.5855, Val Loss: 0.4963


Per-Class Precision: [1.         0.53191489 0.69124424 0.61603376 0.25520833 0.38589212
 0.16030534 0.46511628 0.21012658 0.04833142 0.09794319 0.1316726
 0.02214022 0.35146444 0.16504854 0.3173913  0.45021645 0.56390977
 0.47741935]
Per-Class Recall: [0.98768494 1.         1.         0.97333333 0.49       0.93
 0.63       0.26666667 0.83       0.56       0.8        0.24666667
 0.048      0.48       0.68       0.73       0.59428571 1.
 0.98666667]
Per-Class F1-Score: [0.99380432 0.69444444 0.81743869 0.75452196 0.33561644 0.54545455
 0.25557809 0.33898305 0.33535354 0.08898305 0.17452007 0.17169374
 0.03030303 0.4057971  0.265625   0.44242424 0.51231527 0.72115385
 0.64347826]
Support per Class: [293949    100    150    150    100    100    100     75    100     75
    125    150    125    175     75    100    175     75     75]
Weighted Precision: 0.9955, Weighted Recall: 0.9855, Weighted F1-Score: 0.9899
Precision: 0.9955, Recall: 0.9855, F1-Score: 0.9899
Fold 1, Epoch 550, Train Loss: 0.5855, Val Loss: 0.4963, Val Acc: 0.9842
Precision: 0.9959, Recall: 0.9837, F1-Score: 0.9891
Fold 1, Epoch 551, Train Loss: 0.5687, Val Loss: 0.4912, Val Acc: 0.9834
Precision: 0.9960, Recall: 0.9857, F1-Score: 0.9903
Fold 1, Epoch 552, Train Loss: 0.5719, Val Loss: 0.5103, Val Acc: 0.9836
Precision: 0.9958, Recall: 0.9857, F1-Score: 0.9902
Fold 1, Epoch 553, Train Loss: 0.5983, Val Loss: 0.4832, Val Acc: 0.9842
Precision: 0.9958, Recall: 0.9867, F1-Score: 0.9906
Fold 1, Epoch 554, Train Loss: 0.5782, Val Loss: 0.4878, Val Acc: 0.9861
Precision: 0.9958, Recall: 0.9836, F1-Score: 0.9890
Fold 1, Epoch 555, Train Loss: 0.5858, Val Loss: 0.5135, Val Acc: 0.9813
Precision: 0.9956, Recall: 0.9848, F1-Score: 0.9896
Fold 1, Epoch 556, Train Loss: 0.5852, Val Loss: 0.5110, Val Acc: 0.9836
Precision: 0.9956, Recall: 0.9814, F1-Score: 0.9879
Fold 1, Epoch 557, Train Loss: 0.5899, Val Loss: 0.4905, Val Acc: 0.9795
Precision: 0.9958, Recall: 0.9884, F1-Score: 0.9916
Fold 1, Epoch 558, Train Loss: 0.5761, Val Loss: 0.5033, Val Acc: 0.9873
Precision: 0.9955, Recall: 0.9800, F1-Score: 0.9871
Fold 1, Epoch 559, Train Loss: 0.6181, Val Loss: 0.4828, Val Acc: 0.9802

--- Epoch 560 ---
--- Epoch 560 ---
--- Epoch 560 ---



--- Epoch 560 ---
Class Weights: [2.1182575e-05 5.6127068e-02 5.6127068e-02 5.9477936e-02 5.6928884e-02
 5.3851645e-02 5.3851645e-02 4.9812771e-02 5.9477936e-02 5.6127068e-02
 6.1308030e-02 5.1753532e-02 5.3851645e-02 6.0379118e-02 5.6928884e-02
 4.9197800e-02 5.4589339e-02 5.2434497e-02 5.7753939e-02]Class Weights: [2.1182575e-05 5.6127068e-02 5.6127068e-02 5.9477936e-02 5.6928884e-02
 5.3851645e-02 5.3851645e-02 4.9812771e-02 5.9477936e-02 5.6127068e-02
 6.1308030e-02 5.1753532e-02 5.3851645e-02 6.0379118e-02 5.6928884e-02
 4.9197800e-02 5.4589339e-02 5.2434497e-02 5.7753939e-02]Class Weights: [2.1182575e-05 5.6127068e-02 5.6127068e-02 5.9477936e-02 5.6928884e-02
 5.3851645e-02 5.3851645e-02 4.9812771e-02 5.9477936e-02 5.6127068e-02
 6.1308030e-02 5.1753532e-02 5.3851645e-02 6.0379118e-02 5.6928884e-02
 4.9197800e-02 5.4589339e-02 5.2434497e-02 5.7753939e-02]


Learning Rate: 0.0005Learning Rate: 0.0005Learning Rate: 0.0005
Class Weights: [2.1182575e-05 5.6127068e-02 5.6127068e-02 5.9477936e-02 5.6928884e-02
 5.3851645e-02 5.3851645e-02 4.9812771e-02 5.9477936e-02 5.6127068e-02
 6.1308030e-02 5.1753532e-02 5.3851645e-02 6.0379118e-02 5.6928884e-02
 4.9197800e-02 5.4589339e-02 5.2434497e-02 5.7753939e-02]


Learning Rate: 0.0005
Train Loss: 0.5768, Val Loss: 0.4976
Train Loss: 0.5768, Val Loss: 0.4976Train Loss: 0.5768, Val Loss: 0.4976

Train Loss: 0.5768, Val Loss: 0.4976
Per-Class Precision: [0.99999313 0.3968254  0.70952381 0.63203463 0.32804233 0.5483871
 0.15853659 0.35       0.19184652 0.11312217 0.25925926 0.15121951
 0.07054337 0.31034483 0.18439716 0.34042553 0.42123288 0.47169811
 0.44642857]
Per-Class Recall: [0.98977714 1.         0.99333333 0.97333333 0.62       0.85
 0.65       0.37333333 0.8        0.66666667 0.56       0.20666667
 0.592      0.05142857 0.69333333 0.64       0.70285714 1.
 1.        ]
Per-Class F1-Score: [0.99485891 0.56818182 0.82777778 0.7664042  0.42906574 0.66666667
 0.25490196 0.36129032 0.30947776 0.1934236  0.35443038 0.17464789
 0.12606474 0.08823529 0.29131653 0.44444444 0.5267666  0.64102564
 0.61728395]
Support per Class: [293949    100    150    150    100    100    100     75    100     75
    125    150    125    175     75    100    175     75     75]
Weighted Precision: 0.9955, Weighted Recall: 0.9875, Weighted F1-Score: 0.9910
Precision: 0.9955, Recall: 0.9875, F1-Score: 0.9910
Fold 1, Epoch 560, Train Loss: 0.5768, Val Loss: 0.4976, Val Acc: 0.9868
Precision: 0.9957, Recall: 0.9800, F1-Score: 0.9872
Fold 1, Epoch 561, Train Loss: 0.5713, Val Loss: 0.4865, Val Acc: 0.9789
Precision: 0.9956, Recall: 0.9860, F1-Score: 0.9902
Fold 1, Epoch 562, Train Loss: 0.5641, Val Loss: 0.4738, Val Acc: 0.9853
Precision: 0.9959, Recall: 0.9860, F1-Score: 0.9905
Fold 1, Epoch 563, Train Loss: 0.5446, Val Loss: 0.4855, Val Acc: 0.9841
Precision: 0.9959, Recall: 0.9831, F1-Score: 0.9889
Fold 1, Epoch 564, Train Loss: 0.5758, Val Loss: 0.4843, Val Acc: 0.9814
Precision: 0.9957, Recall: 0.9849, F1-Score: 0.9897
Fold 1, Epoch 565, Train Loss: 0.5739, Val Loss: 0.4918, Val Acc: 0.9832
Precision: 0.9957, Recall: 0.9831, F1-Score: 0.9888
Fold 1, Epoch 566, Train Loss: 0.5814, Val Loss: 0.4719, Val Acc: 0.9818
Precision: 0.9955, Recall: 0.9834, F1-Score: 0.9889
Fold 1, Epoch 567, Train Loss: 0.5983, Val Loss: 0.4828, Val Acc: 0.9824
Precision: 0.9959, Recall: 0.9838, F1-Score: 0.9893
Fold 1, Epoch 568, Train Loss: 0.5989, Val Loss: 0.4827, Val Acc: 0.9830
Precision: 0.9955, Recall: 0.9839, F1-Score: 0.9891
Fold 1, Epoch 569, Train Loss: 0.5659, Val Loss: 0.5035, Val Acc: 0.9837

--- Epoch 570 ---
--- Epoch 570 ---
--- Epoch 570 ---



--- Epoch 570 ---
Class Weights: [2.1182575e-05 5.6127068e-02 5.6127068e-02 5.9477936e-02 5.6928884e-02
 5.3851645e-02 5.3851645e-02 4.9812771e-02 5.9477936e-02 5.6127068e-02
 6.1308030e-02 5.1753532e-02 5.3851645e-02 6.0379118e-02 5.6928884e-02
 4.9197800e-02 5.4589339e-02 5.2434497e-02 5.7753939e-02]Class Weights: [2.1182575e-05 5.6127068e-02 5.6127068e-02 5.9477936e-02 5.6928884e-02
 5.3851645e-02 5.3851645e-02 4.9812771e-02 5.9477936e-02 5.6127068e-02
 6.1308030e-02 5.1753532e-02 5.3851645e-02 6.0379118e-02 5.6928884e-02
 4.9197800e-02 5.4589339e-02 5.2434497e-02 5.7753939e-02]Class Weights: [2.1182575e-05 5.6127068e-02 5.6127068e-02 5.9477936e-02 5.6928884e-02
 5.3851645e-02 5.3851645e-02 4.9812771e-02 5.9477936e-02 5.6127068e-02
 6.1308030e-02 5.1753532e-02 5.3851645e-02 6.0379118e-02 5.6928884e-02
 4.9197800e-02 5.4589339e-02 5.2434497e-02 5.7753939e-02]

Class Weights: [2.1182575e-05 5.6127068e-02 5.6127068e-02 5.9477936e-02 5.6928884e-02
 5.3851645e-02 5.3851645e-02 4.9812771e-02 5.9477936e-02 5.6127068e-02
 6.1308030e-02 5.1753532e-02 5.3851645e-02 6.0379118e-02 5.6928884e-02
 4.9197800e-02 5.4589339e-02 5.2434497e-02 5.7753939e-02]
Learning Rate: 0.0005Learning Rate: 0.0005


Learning Rate: 0.0005Learning Rate: 0.0005

Train Loss: 0.5718, Val Loss: 0.4799Train Loss: 0.5718, Val Loss: 0.4799

Train Loss: 0.5718, Val Loss: 0.4799Train Loss: 0.5718, Val Loss: 0.4799

Per-Class Precision: [1.         0.625      0.72826087 0.58964143 0.34666667 0.61157025
 0.22680412 0.18152866 0.25       0.04751922 0.11710794 0.10909091
 0.0953125  0.67307692 0.27619048 0.32894737 0.46311475 0.57258065
 0.49342105]
Per-Class Recall: [0.98671878 1.         0.89333333 0.98666667 0.52       0.74
 0.66       0.76       0.57       0.90666667 0.92       0.16
 0.488      0.4        0.38666667 0.75       0.64571429 0.94666667
 1.        ]
Per-Class F1-Score: [0.993315   0.76923077 0.80239521 0.73815461 0.416      0.66968326
 0.33759591 0.29305913 0.34756098 0.09030544 0.20776874 0.12972973
 0.15947712 0.50179211 0.32222222 0.45731707 0.53937947 0.71356784
 0.66079295]
Support per Class: [293949    100    150    150    100    100    100     75    100     75
    125    150    125    175     75    100    175     75     75]
Weighted Precision: 0.9958, Weighted Recall: 0.9847, Weighted F1-Score: 0.9897
Precision: 0.9958, Recall: 0.9847, F1-Score: 0.9897
Fold 1, Epoch 570, Train Loss: 0.5718, Val Loss: 0.4799, Val Acc: 0.9833
Precision: 0.9954, Recall: 0.9855, F1-Score: 0.9898
Fold 1, Epoch 571, Train Loss: 0.5687, Val Loss: 0.5061, Val Acc: 0.9843
Precision: 0.9958, Recall: 0.9824, F1-Score: 0.9884
Fold 1, Epoch 572, Train Loss: 0.5637, Val Loss: 0.4844, Val Acc: 0.9809
Precision: 0.9959, Recall: 0.9895, F1-Score: 0.9922
Fold 1, Epoch 573, Train Loss: 0.5945, Val Loss: 0.4798, Val Acc: 0.9881
Precision: 0.9958, Recall: 0.9818, F1-Score: 0.9882
Fold 1, Epoch 574, Train Loss: 0.5752, Val Loss: 0.4859, Val Acc: 0.9805
Precision: 0.9956, Recall: 0.9867, F1-Score: 0.9906
Fold 1, Epoch 575, Train Loss: 0.5691, Val Loss: 0.4914, Val Acc: 0.9852
Precision: 0.9956, Recall: 0.9842, F1-Score: 0.9893
Fold 1, Epoch 576, Train Loss: 0.5731, Val Loss: 0.4821, Val Acc: 0.9827
Precision: 0.9958, Recall: 0.9864, F1-Score: 0.9905
Fold 1, Epoch 577, Train Loss: 0.5555, Val Loss: 0.4790, Val Acc: 0.9848
Precision: 0.9956, Recall: 0.9814, F1-Score: 0.9878
Fold 1, Epoch 578, Train Loss: 0.5559, Val Loss: 0.4638, Val Acc: 0.9808
Precision: 0.9958, Recall: 0.9854, F1-Score: 0.9900
Fold 1, Epoch 579, Train Loss: 0.5517, Val Loss: 0.4721, Val Acc: 0.9842

--- Epoch 580 ---
--- Epoch 580 ---
--- Epoch 580 ---



--- Epoch 580 ---
Class Weights: [2.1182575e-05 5.6127068e-02 5.6127068e-02 5.9477936e-02 5.6928884e-02
 5.3851645e-02 5.3851645e-02 4.9812771e-02 5.9477936e-02 5.6127068e-02
 6.1308030e-02 5.1753532e-02 5.3851645e-02 6.0379118e-02 5.6928884e-02
 4.9197800e-02 5.4589339e-02 5.2434497e-02 5.7753939e-02]Class Weights: [2.1182575e-05 5.6127068e-02 5.6127068e-02 5.9477936e-02 5.6928884e-02
 5.3851645e-02 5.3851645e-02 4.9812771e-02 5.9477936e-02 5.6127068e-02
 6.1308030e-02 5.1753532e-02 5.3851645e-02 6.0379118e-02 5.6928884e-02
 4.9197800e-02 5.4589339e-02 5.2434497e-02 5.7753939e-02]Class Weights: [2.1182575e-05 5.6127068e-02 5.6127068e-02 5.9477936e-02 5.6928884e-02
 5.3851645e-02 5.3851645e-02 4.9812771e-02 5.9477936e-02 5.6127068e-02
 6.1308030e-02 5.1753532e-02 5.3851645e-02 6.0379118e-02 5.6928884e-02
 4.9197800e-02 5.4589339e-02 5.2434497e-02 5.7753939e-02]
Class Weights: [2.1182575e-05 5.6127068e-02 5.6127068e-02 5.9477936e-02 5.6928884e-02
 5.3851645e-02 5.3851645e-02 4.9812771e-02 5.9477936e-02 5.6127068e-02
 6.1308030e-02 5.1753532e-02 5.3851645e-02 6.0379118e-02 5.6928884e-02
 4.9197800e-02 5.4589339e-02 5.2434497e-02 5.7753939e-02]


Learning Rate: 0.0005Learning Rate: 0.0005
Learning Rate: 0.0005Learning Rate: 0.0005


Train Loss: 0.5458, Val Loss: 0.4907
Train Loss: 0.5458, Val Loss: 0.4907Train Loss: 0.5458, Val Loss: 0.4907Train Loss: 0.5458, Val Loss: 0.4907


Per-Class Precision: [1.         0.57142857 0.7287234  0.68987342 0.19486081 0.64754098
 0.3566879  0.12432432 0.31884058 0.07646356 0.19692308 0.08791209
 0.08105469 0.62962963 0.20300752 0.25225225 0.44444444 0.56198347
 0.4601227 ]
Per-Class Recall: [0.98812379 1.         0.91333333 0.72666667 0.91       0.79
 0.56       0.92       0.66       0.85333333 0.512      0.10666667
 0.664      0.29142857 0.36       0.84       0.73142857 0.90666667
 1.        ]
Per-Class F1-Score: [0.99402642 0.72727273 0.81065089 0.70779221 0.32098765 0.71171171
 0.43579767 0.21904762 0.42996743 0.14035088 0.28444444 0.09638554
 0.14447346 0.3984375  0.25961538 0.38799076 0.55291577 0.69387755
 0.6302521 ]
Support per Class: [293949    100    150    150    100    100    100     75    100     75
    125    150    125    175     75    100    175     75     75]
Weighted Precision: 0.9958, Weighted Recall: 0.9860, Weighted F1-Score: 0.9903
Precision: 0.9958, Recall: 0.9860, F1-Score: 0.9903
Fold 1, Epoch 580, Train Loss: 0.5458, Val Loss: 0.4907, Val Acc: 0.9843
Precision: 0.9958, Recall: 0.9854, F1-Score: 0.9900
Fold 1, Epoch 581, Train Loss: 0.5740, Val Loss: 0.4694, Val Acc: 0.9839
Precision: 0.9958, Recall: 0.9884, F1-Score: 0.9916
Fold 1, Epoch 582, Train Loss: 0.5632, Val Loss: 0.4652, Val Acc: 0.9867
Precision: 0.9957, Recall: 0.9815, F1-Score: 0.9879
Fold 1, Epoch 583, Train Loss: 0.5478, Val Loss: 0.4963, Val Acc: 0.9802
Precision: 0.9959, Recall: 0.9874, F1-Score: 0.9911
Fold 1, Epoch 584, Train Loss: 0.5602, Val Loss: 0.4800, Val Acc: 0.9856
Precision: 0.9958, Recall: 0.9855, F1-Score: 0.9901
Fold 1, Epoch 585, Train Loss: 0.5470, Val Loss: 0.4608, Val Acc: 0.9842
Precision: 0.9957, Recall: 0.9845, F1-Score: 0.9896
Fold 1, Epoch 586, Train Loss: 0.5471, Val Loss: 0.4908, Val Acc: 0.9826
Precision: 0.9957, Recall: 0.9886, F1-Score: 0.9917
Fold 1, Epoch 587, Train Loss: 0.5848, Val Loss: 0.4922, Val Acc: 0.9872
Precision: 0.9954, Recall: 0.9767, F1-Score: 0.9854
Fold 1, Epoch 588, Train Loss: 0.5453, Val Loss: 0.5065, Val Acc: 0.9754
Precision: 0.9959, Recall: 0.9901, F1-Score: 0.9925
Fold 1, Epoch 589, Train Loss: 0.5781, Val Loss: 0.4922, Val Acc: 0.9890

--- Epoch 590 ---
--- Epoch 590 ---
--- Epoch 590 ---



--- Epoch 590 ---
Class Weights: [2.1182575e-05 5.6127068e-02 5.6127068e-02 5.9477936e-02 5.6928884e-02
 5.3851645e-02 5.3851645e-02 4.9812771e-02 5.9477936e-02 5.6127068e-02
 6.1308030e-02 5.1753532e-02 5.3851645e-02 6.0379118e-02 5.6928884e-02
 4.9197800e-02 5.4589339e-02 5.2434497e-02 5.7753939e-02]Class Weights: [2.1182575e-05 5.6127068e-02 5.6127068e-02 5.9477936e-02 5.6928884e-02
 5.3851645e-02 5.3851645e-02 4.9812771e-02 5.9477936e-02 5.6127068e-02
 6.1308030e-02 5.1753532e-02 5.3851645e-02 6.0379118e-02 5.6928884e-02
 4.9197800e-02 5.4589339e-02 5.2434497e-02 5.7753939e-02]Class Weights: [2.1182575e-05 5.6127068e-02 5.6127068e-02 5.9477936e-02 5.6928884e-02
 5.3851645e-02 5.3851645e-02 4.9812771e-02 5.9477936e-02 5.6127068e-02
 6.1308030e-02 5.1753532e-02 5.3851645e-02 6.0379118e-02 5.6928884e-02
 4.9197800e-02 5.4589339e-02 5.2434497e-02 5.7753939e-02]


Learning Rate: 0.0005Learning Rate: 0.0005Learning Rate: 0.0005
Class Weights: [2.1182575e-05 5.6127068e-02 5.6127068e-02 5.9477936e-02 5.6928884e-02
 5.3851645e-02 5.3851645e-02 4.9812771e-02 5.9477936e-02 5.6127068e-02
 6.1308030e-02 5.1753532e-02 5.3851645e-02 6.0379118e-02 5.6928884e-02
 4.9197800e-02 5.4589339e-02 5.2434497e-02 5.7753939e-02]


Learning Rate: 0.0005
Train Loss: 0.5555, Val Loss: 0.4790
Train Loss: 0.5555, Val Loss: 0.4790
Train Loss: 0.5555, Val Loss: 0.4790
Train Loss: 0.5555, Val Loss: 0.4790
Per-Class Precision: [1.         0.48780488 0.70093458 0.56031128 0.27272727 0.68686869
 0.24786325 0.08923885 0.26996198 0.05268935 0.22660099 0.15740741
 0.05389222 0.55555556 0.29375    0.39873418 0.41260745 0.57692308
 0.41208791]
Per-Class Recall: [0.98623911 1.         1.         0.96       0.6        0.68
 0.58       0.90666667 0.71       0.64       0.736      0.22666667
 0.504      0.42857143 0.62666667 0.63       0.82285714 1.
 1.        ]
Per-Class F1-Score: [0.99307189 0.6557377  0.82417582 0.70761671 0.375      0.68341709
 0.34730539 0.16248507 0.39118457 0.09736308 0.34651601 0.18579235
 0.09737249 0.48387097 0.4        0.48837209 0.54961832 0.73170732
 0.58365759]
Support per Class: [293949    100    150    150    100    100    100     75    100     75
    125    150    125    175     75    100    175     75     75]
Weighted Precision: 0.9957, Weighted Recall: 0.9843, Weighted F1-Score: 0.9894
Precision: 0.9957, Recall: 0.9843, F1-Score: 0.9894
Fold 1, Epoch 590, Train Loss: 0.5555, Val Loss: 0.4790, Val Acc: 0.9826
Precision: 0.9956, Recall: 0.9839, F1-Score: 0.9892
Fold 1, Epoch 591, Train Loss: 0.5770, Val Loss: 0.4787, Val Acc: 0.9823
Precision: 0.9957, Recall: 0.9865, F1-Score: 0.9905
Fold 1, Epoch 592, Train Loss: 0.5670, Val Loss: 0.4661, Val Acc: 0.9858
Precision: 0.9959, Recall: 0.9861, F1-Score: 0.9904
Fold 1, Epoch 593, Train Loss: 0.5856, Val Loss: 0.4982, Val Acc: 0.9853
Precision: 0.9956, Recall: 0.9781, F1-Score: 0.9860
Fold 1, Epoch 594, Train Loss: 0.5469, Val Loss: 0.4964, Val Acc: 0.9772
Precision: 0.9958, Recall: 0.9886, F1-Score: 0.9917
Fold 1, Epoch 595, Train Loss: 0.5772, Val Loss: 0.4861, Val Acc: 0.9873
Precision: 0.9956, Recall: 0.9843, F1-Score: 0.9893
Fold 1, Epoch 596, Train Loss: 0.5756, Val Loss: 0.4671, Val Acc: 0.9834
Precision: 0.9958, Recall: 0.9834, F1-Score: 0.9890
Fold 1, Epoch 597, Train Loss: 0.5538, Val Loss: 0.4722, Val Acc: 0.9811
Precision: 0.9958, Recall: 0.9871, F1-Score: 0.9909
Fold 1, Epoch 598, Train Loss: 0.5821, Val Loss: 0.4756, Val Acc: 0.9853
Precision: 0.9957, Recall: 0.9845, F1-Score: 0.9896
Fold 1, Epoch 599, Train Loss: 0.5636, Val Loss: 0.4565, Val Acc: 0.9831

--- Epoch 600 ---
--- Epoch 600 ---
--- Epoch 600 ---



--- Epoch 600 ---
Class Weights: [2.1182575e-05 5.6127068e-02 5.6127068e-02 5.9477936e-02 5.6928884e-02
 5.3851645e-02 5.3851645e-02 4.9812771e-02 5.9477936e-02 5.6127068e-02
 6.1308030e-02 5.1753532e-02 5.3851645e-02 6.0379118e-02 5.6928884e-02
 4.9197800e-02 5.4589339e-02 5.2434497e-02 5.7753939e-02]Class Weights: [2.1182575e-05 5.6127068e-02 5.6127068e-02 5.9477936e-02 5.6928884e-02
 5.3851645e-02 5.3851645e-02 4.9812771e-02 5.9477936e-02 5.6127068e-02
 6.1308030e-02 5.1753532e-02 5.3851645e-02 6.0379118e-02 5.6928884e-02
 4.9197800e-02 5.4589339e-02 5.2434497e-02 5.7753939e-02]Class Weights: [2.1182575e-05 5.6127068e-02 5.6127068e-02 5.9477936e-02 5.6928884e-02
 5.3851645e-02 5.3851645e-02 4.9812771e-02 5.9477936e-02 5.6127068e-02
 6.1308030e-02 5.1753532e-02 5.3851645e-02 6.0379118e-02 5.6928884e-02
 4.9197800e-02 5.4589339e-02 5.2434497e-02 5.7753939e-02]Class Weights: [2.1182575e-05 5.6127068e-02 5.6127068e-02 5.9477936e-02 5.6928884e-02
 5.3851645e-02 5.3851645e-02 4.9812771e-02 5.9477936e-02 5.6127068e-02
 6.1308030e-02 5.1753532e-02 5.3851645e-02 6.0379118e-02 5.6928884e-02
 4.9197800e-02 5.4589339e-02 5.2434497e-02 5.7753939e-02]



Learning Rate: 0.0005Learning Rate: 0.0005Learning Rate: 0.0005
Learning Rate: 0.0005


Train Loss: 0.5740, Val Loss: 0.4731
Train Loss: 0.5740, Val Loss: 0.4731Train Loss: 0.5740, Val Loss: 0.4731Train Loss: 0.5740, Val Loss: 0.4731


Per-Class Precision: [1.         0.5988024  0.72115385 0.64824121 0.32178218 0.57462687
 0.12942989 0.52307692 0.37209302 0.05665468 0.1156015  0.10457516
 0.09002433 0.58156028 0.31543624 0.4609375  0.46126761 0.64102564
 0.53956835]
Per-Class Recall: [0.98819863 1.         1.         0.86       0.65       0.77
 0.84       0.45333333 0.64       0.84       0.984      0.10666667
 0.296      0.46857143 0.62666667 0.59       0.74857143 1.
 1.        ]
Per-Class F1-Score: [0.99406429 0.74906367 0.83798883 0.73925501 0.43046358 0.65811966
 0.22429907 0.48571429 0.47058824 0.10614996 0.20689655 0.10561056
 0.1380597  0.51898734 0.41964286 0.51754386 0.5708061  0.78125
 0.70093458]
Support per Class: [293949    100    150    150    100    100    100     75    100     75
    125    150    125    175     75    100    175     75     75]
Weighted Precision: 0.9960, Weighted Recall: 0.9862, Weighted F1-Score: 0.9906
Precision: 0.9960, Recall: 0.9862, F1-Score: 0.9906
Fold 1, Epoch 600, Train Loss: 0.5740, Val Loss: 0.4731, Val Acc: 0.9848
Precision: 0.9956, Recall: 0.9840, F1-Score: 0.9893
Fold 1, Epoch 601, Train Loss: 0.5871, Val Loss: 0.4687, Val Acc: 0.9823
Precision: 0.9958, Recall: 0.9871, F1-Score: 0.9910
Fold 1, Epoch 602, Train Loss: 0.5594, Val Loss: 0.4803, Val Acc: 0.9854
Precision: 0.9959, Recall: 0.9844, F1-Score: 0.9896
Fold 1, Epoch 603, Train Loss: 0.5519, Val Loss: 0.4796, Val Acc: 0.9832
Precision: 0.9957, Recall: 0.9860, F1-Score: 0.9902
Fold 1, Epoch 604, Train Loss: 0.5603, Val Loss: 0.4932, Val Acc: 0.9845
Precision: 0.9959, Recall: 0.9858, F1-Score: 0.9904
Fold 1, Epoch 605, Train Loss: 0.5774, Val Loss: 0.4563, Val Acc: 0.9838
Precision: 0.9956, Recall: 0.9880, F1-Score: 0.9912
Fold 1, Epoch 606, Train Loss: 0.5805, Val Loss: 0.4763, Val Acc: 0.9868
Precision: 0.9959, Recall: 0.9837, F1-Score: 0.9892
Fold 1, Epoch 607, Train Loss: 0.5735, Val Loss: 0.4650, Val Acc: 0.9816
Precision: 0.9958, Recall: 0.9865, F1-Score: 0.9906
Fold 1, Epoch 608, Train Loss: 0.5616, Val Loss: 0.4836, Val Acc: 0.9849
Precision: 0.9955, Recall: 0.9704, F1-Score: 0.9821
Fold 1, Epoch 609, Train Loss: 0.5451, Val Loss: 0.4570, Val Acc: 0.9706

--- Epoch 610 ---
--- Epoch 610 ---
--- Epoch 610 ---



--- Epoch 610 ---
Class Weights: [2.1182575e-05 5.6127068e-02 5.6127068e-02 5.9477936e-02 5.6928884e-02
 5.3851645e-02 5.3851645e-02 4.9812771e-02 5.9477936e-02 5.6127068e-02
 6.1308030e-02 5.1753532e-02 5.3851645e-02 6.0379118e-02 5.6928884e-02
 4.9197800e-02 5.4589339e-02 5.2434497e-02 5.7753939e-02]Class Weights: [2.1182575e-05 5.6127068e-02 5.6127068e-02 5.9477936e-02 5.6928884e-02
 5.3851645e-02 5.3851645e-02 4.9812771e-02 5.9477936e-02 5.6127068e-02
 6.1308030e-02 5.1753532e-02 5.3851645e-02 6.0379118e-02 5.6928884e-02
 4.9197800e-02 5.4589339e-02 5.2434497e-02 5.7753939e-02]Class Weights: [2.1182575e-05 5.6127068e-02 5.6127068e-02 5.9477936e-02 5.6928884e-02
 5.3851645e-02 5.3851645e-02 4.9812771e-02 5.9477936e-02 5.6127068e-02
 6.1308030e-02 5.1753532e-02 5.3851645e-02 6.0379118e-02 5.6928884e-02
 4.9197800e-02 5.4589339e-02 5.2434497e-02 5.7753939e-02]


Learning Rate: 0.0005Learning Rate: 0.0005Class Weights: [2.1182575e-05 5.6127068e-02 5.6127068e-02 5.9477936e-02 5.6928884e-02
 5.3851645e-02 5.3851645e-02 4.9812771e-02 5.9477936e-02 5.6127068e-02
 6.1308030e-02 5.1753532e-02 5.3851645e-02 6.0379118e-02 5.6928884e-02
 4.9197800e-02 5.4589339e-02 5.2434497e-02 5.7753939e-02]Learning Rate: 0.0005



Learning Rate: 0.0005
Train Loss: 0.5506, Val Loss: 0.4621
Train Loss: 0.5506, Val Loss: 0.4621Train Loss: 0.5506, Val Loss: 0.4621

Train Loss: 0.5506, Val Loss: 0.4621
Per-Class Precision: [0.99999657 0.48058252 0.71428571 0.58130081 0.32972973 0.49390244
 0.23728814 0.42666667 0.23529412 0.08892617 0.23076923 0.22994652
 0.10810811 0.43502825 0.33548387 0.35193133 0.51219512 0.50340136
 0.44117647]
Per-Class Recall: [0.99059361 0.99       0.93333333 0.95333333 0.61       0.81
 0.7        0.42666667 0.88       0.70666667 0.528      0.28666667
 0.736      0.44       0.69333333 0.82       0.72       0.98666667
 1.        ]
Per-Class F1-Score: [0.99527288 0.64705882 0.80924855 0.72222222 0.42807018 0.61363636
 0.35443038 0.42666667 0.37130802 0.15797317 0.32116788 0.25519288
 0.18852459 0.4375     0.45217391 0.49249249 0.59857482 0.66666667
 0.6122449 ]
Support per Class: [293949    100    150    150    100    100    100     75    100     75
    125    150    125    175     75    100    175     75     75]
Weighted Precision: 0.9958, Weighted Recall: 0.9887, Weighted F1-Score: 0.9918
Precision: 0.9958, Recall: 0.9887, F1-Score: 0.9918
Fold 1, Epoch 610, Train Loss: 0.5506, Val Loss: 0.4621, Val Acc: 0.9875
Precision: 0.9957, Recall: 0.9853, F1-Score: 0.9900
Fold 1, Epoch 611, Train Loss: 0.5472, Val Loss: 0.5054, Val Acc: 0.9832
Precision: 0.9956, Recall: 0.9869, F1-Score: 0.9906
Fold 1, Epoch 612, Train Loss: 0.6229, Val Loss: 0.5355, Val Acc: 0.9854
Precision: 0.9958, Recall: 0.9772, F1-Score: 0.9858
Fold 1, Epoch 613, Train Loss: 0.5546, Val Loss: 0.4736, Val Acc: 0.9755
Precision: 0.9958, Recall: 0.9898, F1-Score: 0.9923
Fold 1, Epoch 614, Train Loss: 0.5871, Val Loss: 0.5067, Val Acc: 0.9890
Precision: 0.9955, Recall: 0.9782, F1-Score: 0.9860
Fold 1, Epoch 615, Train Loss: 0.5984, Val Loss: 0.4607, Val Acc: 0.9776
Precision: 0.9959, Recall: 0.9860, F1-Score: 0.9904
Fold 1, Epoch 616, Train Loss: 0.5571, Val Loss: 0.4891, Val Acc: 0.9860
Precision: 0.9955, Recall: 0.9828, F1-Score: 0.9885
Fold 1, Epoch 617, Train Loss: 0.5670, Val Loss: 0.5248, Val Acc: 0.9817
Precision: 0.9957, Recall: 0.9831, F1-Score: 0.9888
Fold 1, Epoch 618, Train Loss: 0.5643, Val Loss: 0.4962, Val Acc: 0.9810
Precision: 0.9957, Recall: 0.9882, F1-Score: 0.9914
Fold 1, Epoch 619, Train Loss: 0.5531, Val Loss: 0.4519, Val Acc: 0.9870

--- Epoch 620 ---
--- Epoch 620 ---
--- Epoch 620 ---



--- Epoch 620 ---
Class Weights: [2.1182575e-05 5.6127068e-02 5.6127068e-02 5.9477936e-02 5.6928884e-02
 5.3851645e-02 5.3851645e-02 4.9812771e-02 5.9477936e-02 5.6127068e-02
 6.1308030e-02 5.1753532e-02 5.3851645e-02 6.0379118e-02 5.6928884e-02
 4.9197800e-02 5.4589339e-02 5.2434497e-02 5.7753939e-02]Class Weights: [2.1182575e-05 5.6127068e-02 5.6127068e-02 5.9477936e-02 5.6928884e-02
 5.3851645e-02 5.3851645e-02 4.9812771e-02 5.9477936e-02 5.6127068e-02
 6.1308030e-02 5.1753532e-02 5.3851645e-02 6.0379118e-02 5.6928884e-02
 4.9197800e-02 5.4589339e-02 5.2434497e-02 5.7753939e-02]Class Weights: [2.1182575e-05 5.6127068e-02 5.6127068e-02 5.9477936e-02 5.6928884e-02
 5.3851645e-02 5.3851645e-02 4.9812771e-02 5.9477936e-02 5.6127068e-02
 6.1308030e-02 5.1753532e-02 5.3851645e-02 6.0379118e-02 5.6928884e-02
 4.9197800e-02 5.4589339e-02 5.2434497e-02 5.7753939e-02]


Learning Rate: 0.0005Learning Rate: 0.0005Learning Rate: 0.0005Class Weights: [2.1182575e-05 5.6127068e-02 5.6127068e-02 5.9477936e-02 5.6928884e-02
 5.3851645e-02 5.3851645e-02 4.9812771e-02 5.9477936e-02 5.6127068e-02
 6.1308030e-02 5.1753532e-02 5.3851645e-02 6.0379118e-02 5.6928884e-02
 4.9197800e-02 5.4589339e-02 5.2434497e-02 5.7753939e-02]



Learning Rate: 0.0005
Train Loss: 0.5461, Val Loss: 0.4659Train Loss: 0.5461, Val Loss: 0.4659Train Loss: 0.5461, Val Loss: 0.4659


Train Loss: 0.5461, Val Loss: 0.4659
Per-Class Precision: [1.         0.456621   0.72815534 0.64976959 0.34972678 0.55782313
 0.2        0.24766355 0.29338843 0.03803394 0.08212058 0.1440501
 0.05707763 0.62585034 0.26666667 0.25501433 0.49082569 0.54477612
 0.47133758]
Per-Class Recall: [0.98473885 1.         1.         0.94       0.64       0.82
 0.71       0.70666667 0.71       0.86666667 0.632      0.46
 0.2        0.52571429 0.48       0.89       0.61142857 0.97333333
 0.98666667]
Per-Class F1-Score: [0.99231075 0.62695925 0.84269663 0.76839237 0.45229682 0.66396761
 0.31208791 0.36678201 0.41520468 0.07286996 0.14535419 0.21939587
 0.08880995 0.57142857 0.34285714 0.39643653 0.54452926 0.69856459
 0.63793103]
Support per Class: [293949    100    150    150    100    100    100     75    100     75
    125    150    125    175     75    100    175     75     75]
Weighted Precision: 0.9958, Weighted Recall: 0.9829, Weighted F1-Score: 0.9887
Precision: 0.9958, Recall: 0.9829, F1-Score: 0.9887
Fold 1, Epoch 620, Train Loss: 0.5461, Val Loss: 0.4659, Val Acc: 0.9815
Precision: 0.9960, Recall: 0.9885, F1-Score: 0.9917
Fold 1, Epoch 621, Train Loss: 0.5500, Val Loss: 0.5040, Val Acc: 0.9869
Precision: 0.9953, Recall: 0.9617, F1-Score: 0.9774
Fold 1, Epoch 622, Train Loss: 0.5343, Val Loss: 0.4834, Val Acc: 0.9624
Precision: 0.9959, Recall: 0.9872, F1-Score: 0.9910
Fold 1, Epoch 623, Train Loss: 0.5410, Val Loss: 0.4579, Val Acc: 0.9855
Precision: 0.9958, Recall: 0.9887, F1-Score: 0.9917
Fold 1, Epoch 624, Train Loss: 0.5373, Val Loss: 0.4518, Val Acc: 0.9868
Precision: 0.9956, Recall: 0.9834, F1-Score: 0.9889
Fold 1, Epoch 625, Train Loss: 0.5538, Val Loss: 0.4694, Val Acc: 0.9812
Precision: 0.9959, Recall: 0.9844, F1-Score: 0.9895
Fold 1, Epoch 626, Train Loss: 0.5639, Val Loss: 0.4833, Val Acc: 0.9826
Precision: 0.9956, Recall: 0.9881, F1-Score: 0.9913
Fold 1, Epoch 627, Train Loss: 0.5613, Val Loss: 0.4858, Val Acc: 0.9867
Precision: 0.9957, Recall: 0.9820, F1-Score: 0.9882
Fold 1, Epoch 628, Train Loss: 0.5458, Val Loss: 0.4506, Val Acc: 0.9808
Precision: 0.9957, Recall: 0.9866, F1-Score: 0.9906
Fold 1, Epoch 629, Train Loss: 0.5358, Val Loss: 0.4674, Val Acc: 0.9848

--- Epoch 630 ---
--- Epoch 630 ---
--- Epoch 630 ---



--- Epoch 630 ---
Class Weights: [2.1182575e-05 5.6127068e-02 5.6127068e-02 5.9477936e-02 5.6928884e-02
 5.3851645e-02 5.3851645e-02 4.9812771e-02 5.9477936e-02 5.6127068e-02
 6.1308030e-02 5.1753532e-02 5.3851645e-02 6.0379118e-02 5.6928884e-02
 4.9197800e-02 5.4589339e-02 5.2434497e-02 5.7753939e-02]Class Weights: [2.1182575e-05 5.6127068e-02 5.6127068e-02 5.9477936e-02 5.6928884e-02
 5.3851645e-02 5.3851645e-02 4.9812771e-02 5.9477936e-02 5.6127068e-02
 6.1308030e-02 5.1753532e-02 5.3851645e-02 6.0379118e-02 5.6928884e-02
 4.9197800e-02 5.4589339e-02 5.2434497e-02 5.7753939e-02]Class Weights: [2.1182575e-05 5.6127068e-02 5.6127068e-02 5.9477936e-02 5.6928884e-02
 5.3851645e-02 5.3851645e-02 4.9812771e-02 5.9477936e-02 5.6127068e-02
 6.1308030e-02 5.1753532e-02 5.3851645e-02 6.0379118e-02 5.6928884e-02
 4.9197800e-02 5.4589339e-02 5.2434497e-02 5.7753939e-02]


Class Weights: [2.1182575e-05 5.6127068e-02 5.6127068e-02 5.9477936e-02 5.6928884e-02
 5.3851645e-02 5.3851645e-02 4.9812771e-02 5.9477936e-02 5.6127068e-02
 6.1308030e-02 5.1753532e-02 5.3851645e-02 6.0379118e-02 5.6928884e-02
 4.9197800e-02 5.4589339e-02 5.2434497e-02 5.7753939e-02]Learning Rate: 0.0005Learning Rate: 0.0005Learning Rate: 0.0005



Learning Rate: 0.0005
Train Loss: 0.5720, Val Loss: 0.4900Train Loss: 0.5720, Val Loss: 0.4900Train Loss: 0.5720, Val Loss: 0.4900
Train Loss: 0.5720, Val Loss: 0.4900


Per-Class Precision: [1.         0.45794393 0.69483568 0.63761468 0.2122905  0.58041958
 0.14401623 0.22317597 0.31288344 0.04823614 0.19083969 0.12237762
 0.10064935 0.56551724 0.22807018 0.56790123 0.45683453 0.50714286
 0.45625   ]
Per-Class Recall: [0.98792648 0.98       0.98666667 0.92666667 0.76       0.83
 0.71       0.69333333 0.51       0.89333333 0.8        0.23333333
 0.248      0.46857143 0.69333333 0.46       0.72571429 0.94666667
 0.97333333]
Per-Class F1-Score: [0.99392657 0.62420382 0.815427   0.75543478 0.33187773 0.68312757
 0.23946037 0.33766234 0.3878327  0.09153005 0.30816641 0.16055046
 0.14318707 0.5125     0.34323432 0.50828729 0.5607064  0.66046512
 0.6212766 ]
Support per Class: [293949    100    150    150    100    100    100     75    100     75
    125    150    125    175     75    100    175     75     75]
Weighted Precision: 0.9958, Weighted Recall: 0.9859, Weighted F1-Score: 0.9903
Precision: 0.9958, Recall: 0.9859, F1-Score: 0.9903
Fold 1, Epoch 630, Train Loss: 0.5720, Val Loss: 0.4900, Val Acc: 0.9839
Precision: 0.9957, Recall: 0.9869, F1-Score: 0.9907
Fold 1, Epoch 631, Train Loss: 0.5755, Val Loss: 0.4659, Val Acc: 0.9855
Precision: 0.9955, Recall: 0.9873, F1-Score: 0.9908
Fold 1, Epoch 632, Train Loss: 0.5733, Val Loss: 0.4613, Val Acc: 0.9860
Precision: 0.9958, Recall: 0.9862, F1-Score: 0.9906
Fold 1, Epoch 633, Train Loss: 0.5771, Val Loss: 0.5147, Val Acc: 0.9843
Precision: 0.9956, Recall: 0.9865, F1-Score: 0.9905
Fold 1, Epoch 634, Train Loss: 0.5619, Val Loss: 0.4715, Val Acc: 0.9848
Precision: 0.9955, Recall: 0.9827, F1-Score: 0.9885
Fold 1, Epoch 635, Train Loss: 0.5578, Val Loss: 0.4918, Val Acc: 0.9808
Precision: 0.9959, Recall: 0.9893, F1-Score: 0.9922
Fold 1, Epoch 636, Train Loss: 0.5991, Val Loss: 0.4706, Val Acc: 0.9883
Precision: 0.9955, Recall: 0.9800, F1-Score: 0.9871
Fold 1, Epoch 637, Train Loss: 0.5760, Val Loss: 0.4818, Val Acc: 0.9776
Precision: 0.9957, Recall: 0.9884, F1-Score: 0.9916
Fold 1, Epoch 638, Train Loss: 0.5721, Val Loss: 0.4908, Val Acc: 0.9876
Precision: 0.9953, Recall: 0.9634, F1-Score: 0.9783
Fold 1, Epoch 639, Train Loss: 0.5527, Val Loss: 0.4652, Val Acc: 0.9661

--- Epoch 640 ---
--- Epoch 640 ---
--- Epoch 640 ---



--- Epoch 640 ---
Class Weights: [2.1182575e-05 5.6127068e-02 5.6127068e-02 5.9477936e-02 5.6928884e-02
 5.3851645e-02 5.3851645e-02 4.9812771e-02 5.9477936e-02 5.6127068e-02
 6.1308030e-02 5.1753532e-02 5.3851645e-02 6.0379118e-02 5.6928884e-02
 4.9197800e-02 5.4589339e-02 5.2434497e-02 5.7753939e-02]Class Weights: [2.1182575e-05 5.6127068e-02 5.6127068e-02 5.9477936e-02 5.6928884e-02
 5.3851645e-02 5.3851645e-02 4.9812771e-02 5.9477936e-02 5.6127068e-02
 6.1308030e-02 5.1753532e-02 5.3851645e-02 6.0379118e-02 5.6928884e-02
 4.9197800e-02 5.4589339e-02 5.2434497e-02 5.7753939e-02]Class Weights: [2.1182575e-05 5.6127068e-02 5.6127068e-02 5.9477936e-02 5.6928884e-02
 5.3851645e-02 5.3851645e-02 4.9812771e-02 5.9477936e-02 5.6127068e-02
 6.1308030e-02 5.1753532e-02 5.3851645e-02 6.0379118e-02 5.6928884e-02
 4.9197800e-02 5.4589339e-02 5.2434497e-02 5.7753939e-02]Class Weights: [2.1182575e-05 5.6127068e-02 5.6127068e-02 5.9477936e-02 5.6928884e-02
 5.3851645e-02 5.3851645e-02 4.9812771e-02 5.9477936e-02 5.6127068e-02
 6.1308030e-02 5.1753532e-02 5.3851645e-02 6.0379118e-02 5.6928884e-02
 4.9197800e-02 5.4589339e-02 5.2434497e-02 5.7753939e-02]



Learning Rate: 0.0005Learning Rate: 0.0005Learning Rate: 0.0005
Learning Rate: 0.0005


Train Loss: 0.5324, Val Loss: 0.4596
Train Loss: 0.5324, Val Loss: 0.4596Train Loss: 0.5324, Val Loss: 0.4596Train Loss: 0.5324, Val Loss: 0.4596


Per-Class Precision: [0.99999656 0.456621   0.74468085 0.6        0.23824451 0.42105263
 0.20909091 0.42553191 0.27659574 0.13043478 0.19421488 0.17391304
 0.07846715 0.51111111 0.31730769 0.34016393 0.48327138 0.4966443
 0.42857143]
Per-Class Recall: [0.98946416 1.         0.93333333 0.8        0.76       0.88
 0.69       0.53333333 0.91       0.84       0.752      0.21333333
 0.688      0.13142857 0.44       0.83       0.74285714 0.98666667
 1.        ]
Per-Class F1-Score: [0.99470248 0.62695925 0.82840237 0.68571429 0.3627685  0.56957929
 0.32093023 0.47337278 0.42424242 0.22580645 0.30870279 0.19161677
 0.14086814 0.20909091 0.36871508 0.48255814 0.58558559 0.66071429
 0.6       ]
Support per Class: [293949    100    150    150    100    100    100     75    100     75
    125    150    125    175     75    100    175     75     75]
Weighted Precision: 0.9957, Weighted Recall: 0.9875, Weighted F1-Score: 0.9910
Precision: 0.9957, Recall: 0.9875, F1-Score: 0.9910
Fold 1, Epoch 640, Train Loss: 0.5324, Val Loss: 0.4596, Val Acc: 0.9866
Precision: 0.9958, Recall: 0.9843, F1-Score: 0.9894
Fold 1, Epoch 641, Train Loss: 0.5547, Val Loss: 0.4464, Val Acc: 0.9827
Precision: 0.9958, Recall: 0.9867, F1-Score: 0.9907
Fold 1, Epoch 642, Train Loss: 0.5497, Val Loss: 0.4839, Val Acc: 0.9853
Precision: 0.9959, Recall: 0.9853, F1-Score: 0.9900
Fold 1, Epoch 643, Train Loss: 0.5666, Val Loss: 0.5003, Val Acc: 0.9848
Precision: 0.9956, Recall: 0.9838, F1-Score: 0.9891
Fold 1, Epoch 644, Train Loss: 0.5454, Val Loss: 0.4768, Val Acc: 0.9835
Precision: 0.9958, Recall: 0.9880, F1-Score: 0.9914
Fold 1, Epoch 645, Train Loss: 0.5534, Val Loss: 0.4651, Val Acc: 0.9877
Precision: 0.9957, Recall: 0.9792, F1-Score: 0.9867
Fold 1, Epoch 646, Train Loss: 0.5460, Val Loss: 0.4710, Val Acc: 0.9804
Precision: 0.9955, Recall: 0.9892, F1-Score: 0.9919
Fold 1, Epoch 647, Train Loss: 0.6158, Val Loss: 0.4879, Val Acc: 0.9883
Precision: 0.9956, Recall: 0.9816, F1-Score: 0.9880
Fold 1, Epoch 648, Train Loss: 0.6530, Val Loss: 0.4789, Val Acc: 0.9814
Precision: 0.9959, Recall: 0.9876, F1-Score: 0.9912
Fold 1, Epoch 649, Train Loss: 0.7730, Val Loss: 0.4959, Val Acc: 0.9856

--- Epoch 650 ---
--- Epoch 650 ---
--- Epoch 650 ---



--- Epoch 650 ---
Class Weights: [2.1182575e-05 5.6127068e-02 5.6127068e-02 5.9477936e-02 5.6928884e-02
 5.3851645e-02 5.3851645e-02 4.9812771e-02 5.9477936e-02 5.6127068e-02
 6.1308030e-02 5.1753532e-02 5.3851645e-02 6.0379118e-02 5.6928884e-02
 4.9197800e-02 5.4589339e-02 5.2434497e-02 5.7753939e-02]Class Weights: [2.1182575e-05 5.6127068e-02 5.6127068e-02 5.9477936e-02 5.6928884e-02
 5.3851645e-02 5.3851645e-02 4.9812771e-02 5.9477936e-02 5.6127068e-02
 6.1308030e-02 5.1753532e-02 5.3851645e-02 6.0379118e-02 5.6928884e-02
 4.9197800e-02 5.4589339e-02 5.2434497e-02 5.7753939e-02]
Class Weights: [2.1182575e-05 5.6127068e-02 5.6127068e-02 5.9477936e-02 5.6928884e-02
 5.3851645e-02 5.3851645e-02 4.9812771e-02 5.9477936e-02 5.6127068e-02
 6.1308030e-02 5.1753532e-02 5.3851645e-02 6.0379118e-02 5.6928884e-02
 4.9197800e-02 5.4589339e-02 5.2434497e-02 5.7753939e-02]
Learning Rate: 0.0005

Class Weights: [2.1182575e-05 5.6127068e-02 5.6127068e-02 5.9477936e-02 5.6928884e-02
 5.3851645e-02 5.3851645e-02 4.9812771e-02 5.9477936e-02 5.6127068e-02
 6.1308030e-02 5.1753532e-02 5.3851645e-02 6.0379118e-02 5.6928884e-02
 4.9197800e-02 5.4589339e-02 5.2434497e-02 5.7753939e-02]Learning Rate: 0.0005Learning Rate: 0.0005


Learning Rate: 0.0005
Train Loss: 0.6121, Val Loss: 0.8164
Train Loss: 0.6121, Val Loss: 0.8164
Train Loss: 0.6121, Val Loss: 0.8164Train Loss: 0.6121, Val Loss: 0.8164

Per-Class Precision: [1.         0.03156566 0.55350554 0.44680851 0.16888889 0.41552511
 0.1981982  0.05331992 0.21052632 0.02858439 0.07087172 0.15853659
 0.09756098 0.6746988  0.19767442 0.42134831 0.38414634 0.32352941
 0.52816901]
Per-Class Recall: [0.96969202 1.         1.         0.7        0.76       0.91
 0.44       0.70666667 0.64       0.84       0.8        0.17333333
 0.352      0.32       0.45333333 0.75       0.36       0.44
 1.        ]
Per-Class F1-Score: [0.98461283 0.06119951 0.71258907 0.54545455 0.27636364 0.57053292
 0.27329193 0.09915809 0.31683168 0.05528741 0.13020833 0.1656051
 0.15277778 0.43410853 0.27530364 0.53956835 0.37168142 0.37288136
 0.69124424]
Support per Class: [293949    100    150    150    100    100    100     75    100     75
    125    150    125    175     75    100    175     75     75]
Weighted Precision: 0.9952, Weighted Recall: 0.9673, Weighted F1-Score: 0.9803
Precision: 0.9952, Recall: 0.9673, F1-Score: 0.9803
Fold 1, Epoch 650, Train Loss: 0.6121, Val Loss: 0.8164, Val Acc: 0.9679
Precision: 0.9958, Recall: 0.9880, F1-Score: 0.9914
Fold 1, Epoch 651, Train Loss: 0.6610, Val Loss: 0.4700, Val Acc: 0.9859
Precision: 0.9958, Recall: 0.9826, F1-Score: 0.9886
Fold 1, Epoch 652, Train Loss: 0.6100, Val Loss: 0.4909, Val Acc: 0.9819
Precision: 0.9957, Recall: 0.9834, F1-Score: 0.9890
Fold 1, Epoch 653, Train Loss: 0.6066, Val Loss: 0.5059, Val Acc: 0.9825
Precision: 0.9958, Recall: 0.9844, F1-Score: 0.9896
Fold 1, Epoch 654, Train Loss: 0.5693, Val Loss: 0.4826, Val Acc: 0.9842
Precision: 0.9955, Recall: 0.9743, F1-Score: 0.9840
Fold 1, Epoch 655, Train Loss: 0.5402, Val Loss: 0.4655, Val Acc: 0.9741
Precision: 0.9956, Recall: 0.9863, F1-Score: 0.9904
Fold 1, Epoch 656, Train Loss: 0.5585, Val Loss: 0.4657, Val Acc: 0.9854
Precision: 0.9955, Recall: 0.9874, F1-Score: 0.9910
Fold 1, Epoch 657, Train Loss: 0.5252, Val Loss: 0.4760, Val Acc: 0.9857
Precision: 0.9957, Recall: 0.9855, F1-Score: 0.9899
Fold 1, Epoch 658, Train Loss: 0.5358, Val Loss: 0.4916, Val Acc: 0.9838
Precision: 0.9958, Recall: 0.9859, F1-Score: 0.9903
Fold 1, Epoch 659, Train Loss: 0.5699, Val Loss: 0.4683, Val Acc: 0.9844

--- Epoch 660 ---
--- Epoch 660 ---


--- Epoch 660 ---

--- Epoch 660 ---
Class Weights: [2.1182575e-05 5.6127068e-02 5.6127068e-02 5.9477936e-02 5.6928884e-02
 5.3851645e-02 5.3851645e-02 4.9812771e-02 5.9477936e-02 5.6127068e-02
 6.1308030e-02 5.1753532e-02 5.3851645e-02 6.0379118e-02 5.6928884e-02
 4.9197800e-02 5.4589339e-02 5.2434497e-02 5.7753939e-02]Class Weights: [2.1182575e-05 5.6127068e-02 5.6127068e-02 5.9477936e-02 5.6928884e-02
 5.3851645e-02 5.3851645e-02 4.9812771e-02 5.9477936e-02 5.6127068e-02
 6.1308030e-02 5.1753532e-02 5.3851645e-02 6.0379118e-02 5.6928884e-02
 4.9197800e-02 5.4589339e-02 5.2434497e-02 5.7753939e-02]Class Weights: [2.1182575e-05 5.6127068e-02 5.6127068e-02 5.9477936e-02 5.6928884e-02
 5.3851645e-02 5.3851645e-02 4.9812771e-02 5.9477936e-02 5.6127068e-02
 6.1308030e-02 5.1753532e-02 5.3851645e-02 6.0379118e-02 5.6928884e-02
 4.9197800e-02 5.4589339e-02 5.2434497e-02 5.7753939e-02]
Class Weights: [2.1182575e-05 5.6127068e-02 5.6127068e-02 5.9477936e-02 5.6928884e-02
 5.3851645e-02 5.3851645e-02 4.9812771e-02 5.9477936e-02 5.6127068e-02
 6.1308030e-02 5.1753532e-02 5.3851645e-02 6.0379118e-02 5.6928884e-02
 4.9197800e-02 5.4589339e-02 5.2434497e-02 5.7753939e-02]


Learning Rate: 0.0005Learning Rate: 0.0005
Learning Rate: 0.0005Learning Rate: 0.0005


Train Loss: 0.5731, Val Loss: 0.4550
Train Loss: 0.5731, Val Loss: 0.4550Train Loss: 0.5731, Val Loss: 0.4550Train Loss: 0.5731, Val Loss: 0.4550


Per-Class Precision: [1.         0.44247788 0.63829787 0.50515464 0.18844985 0.51149425
 0.23140496 0.1618123  0.30097087 0.06885593 0.23670213 0.17283951
 0.15343915 0.28803245 0.15523466 0.30165289 0.48245614 0.33333333
 0.43975904]
Per-Class Recall: [0.98908654 1.         1.         0.98       0.62       0.89
 0.56       0.66666667 0.62       0.86666667 0.712      0.09333333
 0.232      0.81142857 0.57333333 0.73       0.62857143 1.
 0.97333333]
Per-Class F1-Score: [0.99451333 0.61349693 0.77922078 0.66666667 0.28904429 0.64963504
 0.32748538 0.26041667 0.40522876 0.12757605 0.35528942 0.12121212
 0.18471338 0.4251497  0.24431818 0.42690058 0.54590571 0.5
 0.60580913]
Support per Class: [293949    100    150    150    100    100    100     75    100     75
    125    150    125    175     75    100    175     75     75]
Weighted Precision: 0.9954, Weighted Recall: 0.9871, Weighted F1-Score: 0.9907
Precision: 0.9954, Recall: 0.9871, F1-Score: 0.9907
Fold 1, Epoch 660, Train Loss: 0.5731, Val Loss: 0.4550, Val Acc: 0.9852
Precision: 0.9956, Recall: 0.9825, F1-Score: 0.9884
Fold 1, Epoch 661, Train Loss: 0.5276, Val Loss: 0.4641, Val Acc: 0.9811
Precision: 0.9960, Recall: 0.9888, F1-Score: 0.9918
Fold 1, Epoch 662, Train Loss: 0.5469, Val Loss: 0.4505, Val Acc: 0.9873
Precision: 0.9957, Recall: 0.9853, F1-Score: 0.9900
Fold 1, Epoch 663, Train Loss: 0.5691, Val Loss: 0.4500, Val Acc: 0.9834
Precision: 0.9958, Recall: 0.9867, F1-Score: 0.9907
Fold 1, Epoch 664, Train Loss: 0.5394, Val Loss: 0.4489, Val Acc: 0.9851
Precision: 0.9959, Recall: 0.9838, F1-Score: 0.9892
Fold 1, Epoch 665, Train Loss: 0.5079, Val Loss: 0.4635, Val Acc: 0.9821
Precision: 0.9958, Recall: 0.9838, F1-Score: 0.9891
Fold 1, Epoch 666, Train Loss: 0.5329, Val Loss: 0.4784, Val Acc: 0.9825
Precision: 0.9956, Recall: 0.9874, F1-Score: 0.9909
Fold 1, Epoch 667, Train Loss: 0.5411, Val Loss: 0.4454, Val Acc: 0.9862
Precision: 0.9956, Recall: 0.9861, F1-Score: 0.9903
Fold 1, Epoch 668, Train Loss: 0.5445, Val Loss: 0.4613, Val Acc: 0.9840
Precision: 0.9957, Recall: 0.9855, F1-Score: 0.9901
Fold 1, Epoch 669, Train Loss: 0.5219, Val Loss: 0.4694, Val Acc: 0.9834

--- Epoch 670 ---
--- Epoch 670 ---
--- Epoch 670 ---



--- Epoch 670 ---
Class Weights: [2.1182575e-05 5.6127068e-02 5.6127068e-02 5.9477936e-02 5.6928884e-02
 5.3851645e-02 5.3851645e-02 4.9812771e-02 5.9477936e-02 5.6127068e-02
 6.1308030e-02 5.1753532e-02 5.3851645e-02 6.0379118e-02 5.6928884e-02
 4.9197800e-02 5.4589339e-02 5.2434497e-02 5.7753939e-02]Class Weights: [2.1182575e-05 5.6127068e-02 5.6127068e-02 5.9477936e-02 5.6928884e-02
 5.3851645e-02 5.3851645e-02 4.9812771e-02 5.9477936e-02 5.6127068e-02
 6.1308030e-02 5.1753532e-02 5.3851645e-02 6.0379118e-02 5.6928884e-02
 4.9197800e-02 5.4589339e-02 5.2434497e-02 5.7753939e-02]Class Weights: [2.1182575e-05 5.6127068e-02 5.6127068e-02 5.9477936e-02 5.6928884e-02
 5.3851645e-02 5.3851645e-02 4.9812771e-02 5.9477936e-02 5.6127068e-02
 6.1308030e-02 5.1753532e-02 5.3851645e-02 6.0379118e-02 5.6928884e-02
 4.9197800e-02 5.4589339e-02 5.2434497e-02 5.7753939e-02]

Class Weights: [2.1182575e-05 5.6127068e-02 5.6127068e-02 5.9477936e-02 5.6928884e-02
 5.3851645e-02 5.3851645e-02 4.9812771e-02 5.9477936e-02 5.6127068e-02
 6.1308030e-02 5.1753532e-02 5.3851645e-02 6.0379118e-02 5.6928884e-02
 4.9197800e-02 5.4589339e-02 5.2434497e-02 5.7753939e-02]
Learning Rate: 0.0005Learning Rate: 0.0005

Learning Rate: 0.0005

Learning Rate: 0.0005
Train Loss: 0.5318, Val Loss: 0.4685
Train Loss: 0.5318, Val Loss: 0.4685Train Loss: 0.5318, Val Loss: 0.4685
Train Loss: 0.5318, Val Loss: 0.4685

Per-Class Precision: [1.         0.42372881 0.74626866 0.71505376 0.28252788 0.60606061
 0.34586466 0.10141988 0.2640264  0.03652968 0.23433243 0.15753425
 0.06621773 0.45454545 0.16710875 0.335      0.53157895 0.52816901
 0.41208791]
Per-Class Recall: [0.98522533 1.         1.         0.88666667 0.76       0.8
 0.46       0.66666667 0.8        0.85333333 0.688      0.30666667
 0.472      0.05714286 0.84       0.67       0.57714286 1.
 1.        ]
Per-Class F1-Score: [0.99255769 0.5952381  0.85470085 0.79166667 0.41192412 0.68965517
 0.39484979 0.17605634 0.39702233 0.07006021 0.3495935  0.2081448
 0.11614173 0.10152284 0.27876106 0.44666667 0.55342466 0.69124424
 0.58365759]
Support per Class: [293949    100    150    150    100    100    100     75    100     75
    125    150    125    175     75    100    175     75     75]
Weighted Precision: 0.9958, Weighted Recall: 0.9831, Weighted F1-Score: 0.9887
Precision: 0.9958, Recall: 0.9831, F1-Score: 0.9887
Fold 1, Epoch 670, Train Loss: 0.5318, Val Loss: 0.4685, Val Acc: 0.9811
Precision: 0.9959, Recall: 0.9890, F1-Score: 0.9919
Fold 1, Epoch 671, Train Loss: 0.5599, Val Loss: 0.4657, Val Acc: 0.9875
Precision: 0.9958, Recall: 0.9863, F1-Score: 0.9906
Fold 1, Epoch 672, Train Loss: 0.5502, Val Loss: 0.5059, Val Acc: 0.9843
Precision: 0.9958, Recall: 0.9864, F1-Score: 0.9906
Fold 1, Epoch 673, Train Loss: 0.5679, Val Loss: 0.4593, Val Acc: 0.9846
Precision: 0.9958, Recall: 0.9852, F1-Score: 0.9899
Fold 1, Epoch 674, Train Loss: 0.5253, Val Loss: 0.4811, Val Acc: 0.9835
Precision: 0.9959, Recall: 0.9876, F1-Score: 0.9912
Fold 1, Epoch 675, Train Loss: 0.5478, Val Loss: 0.4664, Val Acc: 0.9858
Precision: 0.9960, Recall: 0.9830, F1-Score: 0.9889
Fold 1, Epoch 676, Train Loss: 0.5431, Val Loss: 0.4454, Val Acc: 0.9818
Precision: 0.9957, Recall: 0.9888, F1-Score: 0.9917
Fold 1, Epoch 677, Train Loss: 0.5481, Val Loss: 0.4622, Val Acc: 0.9875
Precision: 0.9956, Recall: 0.9813, F1-Score: 0.9877
Fold 1, Epoch 678, Train Loss: 0.5280, Val Loss: 0.4676, Val Acc: 0.9799
Precision: 0.9958, Recall: 0.9874, F1-Score: 0.9910
Fold 1, Epoch 679, Train Loss: 0.5414, Val Loss: 0.4541, Val Acc: 0.9854

--- Epoch 680 ---
--- Epoch 680 ---
--- Epoch 680 ---



--- Epoch 680 ---
Class Weights: [2.1182575e-05 5.6127068e-02 5.6127068e-02 5.9477936e-02 5.6928884e-02
 5.3851645e-02 5.3851645e-02 4.9812771e-02 5.9477936e-02 5.6127068e-02
 6.1308030e-02 5.1753532e-02 5.3851645e-02 6.0379118e-02 5.6928884e-02
 4.9197800e-02 5.4589339e-02 5.2434497e-02 5.7753939e-02]
Class Weights: [2.1182575e-05 5.6127068e-02 5.6127068e-02 5.9477936e-02 5.6928884e-02
 5.3851645e-02 5.3851645e-02 4.9812771e-02 5.9477936e-02 5.6127068e-02
 6.1308030e-02 5.1753532e-02 5.3851645e-02 6.0379118e-02 5.6928884e-02
 4.9197800e-02 5.4589339e-02 5.2434497e-02 5.7753939e-02]Class Weights: [2.1182575e-05 5.6127068e-02 5.6127068e-02 5.9477936e-02 5.6928884e-02
 5.3851645e-02 5.3851645e-02 4.9812771e-02 5.9477936e-02 5.6127068e-02
 6.1308030e-02 5.1753532e-02 5.3851645e-02 6.0379118e-02 5.6928884e-02
 4.9197800e-02 5.4589339e-02 5.2434497e-02 5.7753939e-02]Learning Rate: 0.0005


Learning Rate: 0.0005Learning Rate: 0.0005

Train Loss: 0.5603, Val Loss: 0.5081
Train Loss: 0.5603, Val Loss: 0.5081Train Loss: 0.5603, Val Loss: 0.5081

Class Weights: [2.1182575e-05 5.6127068e-02 5.6127068e-02 5.9477936e-02 5.6928884e-02
 5.3851645e-02 5.3851645e-02 4.9812771e-02 5.9477936e-02 5.6127068e-02
 6.1308030e-02 5.1753532e-02 5.3851645e-02 6.0379118e-02 5.6928884e-02
 4.9197800e-02 5.4589339e-02 5.2434497e-02 5.7753939e-02]
Learning Rate: 0.0005
Train Loss: 0.5603, Val Loss: 0.5081
Per-Class Precision: [1.         0.60992908 0.67924528 0.60416667 0.28632479 0.67619048
 0.1456044  0.11023622 0.36       0.04741834 0.1369863  0.20645161
 0.10278114 0.31491713 0.36923077 0.43165468 0.51792829 0.62711864
 0.4491018 ]
Per-Class Recall: [0.98816121 0.86       0.96       0.77333333 0.67       0.71
 0.53       0.74666667 0.63       0.6        0.72       0.21333333
 0.68       0.32571429 0.64       0.6        0.74285714 0.98666667
 1.        ]
Per-Class F1-Score: [0.99404536 0.71369295 0.79558011 0.67836257 0.4011976  0.69268293
 0.22844828 0.19210978 0.45818182 0.08789062 0.23017903 0.20983607
 0.17857143 0.32022472 0.46829268 0.50209205 0.61032864 0.76683938
 0.61983471]
Support per Class: [293949    100    150    150    100    100    100     75    100     75
    125    150    125    175     75    100    175     75     75]
Weighted Precision: 0.9958, Weighted Recall: 0.9860, Weighted F1-Score: 0.9904
Precision: 0.9958, Recall: 0.9860, F1-Score: 0.9904
Fold 1, Epoch 680, Train Loss: 0.5603, Val Loss: 0.5081, Val Acc: 0.9844
Precision: 0.9957, Recall: 0.9864, F1-Score: 0.9904
Fold 1, Epoch 681, Train Loss: 0.5585, Val Loss: 0.4590, Val Acc: 0.9861
Precision: 0.9957, Recall: 0.9844, F1-Score: 0.9895
Fold 1, Epoch 682, Train Loss: 0.5678, Val Loss: 0.4713, Val Acc: 0.9830
Precision: 0.9957, Recall: 0.9875, F1-Score: 0.9911
Fold 1, Epoch 683, Train Loss: 0.5584, Val Loss: 0.4418, Val Acc: 0.9872
Precision: 0.9957, Recall: 0.9835, F1-Score: 0.9890
Fold 1, Epoch 684, Train Loss: 0.5531, Val Loss: 0.4555, Val Acc: 0.9819
Precision: 0.9960, Recall: 0.9868, F1-Score: 0.9908
Fold 1, Epoch 685, Train Loss: 0.5505, Val Loss: 0.4724, Val Acc: 0.9855
Precision: 0.9958, Recall: 0.9854, F1-Score: 0.9900
Fold 1, Epoch 686, Train Loss: 0.5765, Val Loss: 0.4714, Val Acc: 0.9850
Precision: 0.9957, Recall: 0.9893, F1-Score: 0.9920
Fold 1, Epoch 687, Train Loss: 0.6733, Val Loss: 0.5360, Val Acc: 0.9878
Precision: 0.9954, Recall: 0.9743, F1-Score: 0.9840
Fold 1, Epoch 688, Train Loss: 0.6368, Val Loss: 0.6309, Val Acc: 0.9738
Precision: 0.9959, Recall: 0.9876, F1-Score: 0.9913
Fold 1, Epoch 689, Train Loss: 0.5991, Val Loss: 0.5096, Val Acc: 0.9860

--- Epoch 690 ---
--- Epoch 690 ---
--- Epoch 690 ---



--- Epoch 690 ---
Class Weights: [2.1182575e-05 5.6127068e-02 5.6127068e-02 5.9477936e-02 5.6928884e-02
 5.3851645e-02 5.3851645e-02 4.9812771e-02 5.9477936e-02 5.6127068e-02
 6.1308030e-02 5.1753532e-02 5.3851645e-02 6.0379118e-02 5.6928884e-02
 4.9197800e-02 5.4589339e-02 5.2434497e-02 5.7753939e-02]Class Weights: [2.1182575e-05 5.6127068e-02 5.6127068e-02 5.9477936e-02 5.6928884e-02
 5.3851645e-02 5.3851645e-02 4.9812771e-02 5.9477936e-02 5.6127068e-02
 6.1308030e-02 5.1753532e-02 5.3851645e-02 6.0379118e-02 5.6928884e-02
 4.9197800e-02 5.4589339e-02 5.2434497e-02 5.7753939e-02]Class Weights: [2.1182575e-05 5.6127068e-02 5.6127068e-02 5.9477936e-02 5.6928884e-02
 5.3851645e-02 5.3851645e-02 4.9812771e-02 5.9477936e-02 5.6127068e-02
 6.1308030e-02 5.1753532e-02 5.3851645e-02 6.0379118e-02 5.6928884e-02
 4.9197800e-02 5.4589339e-02 5.2434497e-02 5.7753939e-02]


Learning Rate: 0.0005Class Weights: [2.1182575e-05 5.6127068e-02 5.6127068e-02 5.9477936e-02 5.6928884e-02
 5.3851645e-02 5.3851645e-02 4.9812771e-02 5.9477936e-02 5.6127068e-02
 6.1308030e-02 5.1753532e-02 5.3851645e-02 6.0379118e-02 5.6928884e-02
 4.9197800e-02 5.4589339e-02 5.2434497e-02 5.7753939e-02]Learning Rate: 0.0005Learning Rate: 0.0005



Learning Rate: 0.0005
Train Loss: 0.5695, Val Loss: 0.4722
Train Loss: 0.5695, Val Loss: 0.4722Train Loss: 0.5695, Val Loss: 0.4722

Train Loss: 0.5695, Val Loss: 0.4722
Per-Class Precision: [1.         0.55747126 0.77005348 0.57805907 0.22018349 0.55147059
 0.27659574 0.17114094 0.20273349 0.05934718 0.10505051 0.136
 0.11744966 0.515625   0.46534653 0.41818182 0.51145038 0.62184874
 0.54411765]
Per-Class Recall: [0.98833471 0.97       0.96       0.91333333 0.72       0.75
 0.65       0.68       0.89       0.53333333 0.832      0.22666667
 0.56       0.37714286 0.62666667 0.69       0.76571429 0.98666667
 0.98666667]
Per-Class F1-Score: [0.99413314 0.7080292  0.85459941 0.70801034 0.33723653 0.63559322
 0.3880597  0.27345845 0.33024119 0.10680908 0.18654709 0.17
 0.19417476 0.43564356 0.53409091 0.52075472 0.61327231 0.7628866
 0.7014218 ]
Support per Class: [293949    100    150    150    100    100    100     75    100     75
    125    150    125    175     75    100    175     75     75]
Weighted Precision: 0.9958, Weighted Recall: 0.9864, Weighted F1-Score: 0.9906
Precision: 0.9958, Recall: 0.9864, F1-Score: 0.9906
Fold 1, Epoch 690, Train Loss: 0.5695, Val Loss: 0.4722, Val Acc: 0.9854
Precision: 0.9956, Recall: 0.9853, F1-Score: 0.9898
Fold 1, Epoch 691, Train Loss: 0.5564, Val Loss: 0.4976, Val Acc: 0.9832
Precision: 0.9959, Recall: 0.9822, F1-Score: 0.9885
Fold 1, Epoch 692, Train Loss: 0.5320, Val Loss: 0.4660, Val Acc: 0.9809
Precision: 0.9959, Recall: 0.9892, F1-Score: 0.9921
Fold 1, Epoch 693, Train Loss: 0.5553, Val Loss: 0.4834, Val Acc: 0.9880
Precision: 0.9955, Recall: 0.9869, F1-Score: 0.9906
Fold 1, Epoch 694, Train Loss: 0.5406, Val Loss: 0.4941, Val Acc: 0.9857
Precision: 0.9957, Recall: 0.9874, F1-Score: 0.9910
Fold 1, Epoch 695, Train Loss: 0.5477, Val Loss: 0.4944, Val Acc: 0.9862
Precision: 0.9956, Recall: 0.9832, F1-Score: 0.9888
Fold 1, Epoch 696, Train Loss: 0.5207, Val Loss: 0.4384, Val Acc: 0.9816
Precision: 0.9959, Recall: 0.9874, F1-Score: 0.9911
Fold 1, Epoch 697, Train Loss: 0.5166, Val Loss: 0.4441, Val Acc: 0.9858
Precision: 0.9958, Recall: 0.9869, F1-Score: 0.9908
Fold 1, Epoch 698, Train Loss: 0.5192, Val Loss: 0.4552, Val Acc: 0.9857
Precision: 0.9958, Recall: 0.9857, F1-Score: 0.9902
Fold 1, Epoch 699, Train Loss: 0.5557, Val Loss: 0.4710, Val Acc: 0.9836

--- Epoch 700 ---
--- Epoch 700 ---
--- Epoch 700 ---



--- Epoch 700 ---
Class Weights: [2.1182575e-05 5.6127068e-02 5.6127068e-02 5.9477936e-02 5.6928884e-02
 5.3851645e-02 5.3851645e-02 4.9812771e-02 5.9477936e-02 5.6127068e-02
 6.1308030e-02 5.1753532e-02 5.3851645e-02 6.0379118e-02 5.6928884e-02
 4.9197800e-02 5.4589339e-02 5.2434497e-02 5.7753939e-02]Class Weights: [2.1182575e-05 5.6127068e-02 5.6127068e-02 5.9477936e-02 5.6928884e-02
 5.3851645e-02 5.3851645e-02 4.9812771e-02 5.9477936e-02 5.6127068e-02
 6.1308030e-02 5.1753532e-02 5.3851645e-02 6.0379118e-02 5.6928884e-02
 4.9197800e-02 5.4589339e-02 5.2434497e-02 5.7753939e-02]Class Weights: [2.1182575e-05 5.6127068e-02 5.6127068e-02 5.9477936e-02 5.6928884e-02
 5.3851645e-02 5.3851645e-02 4.9812771e-02 5.9477936e-02 5.6127068e-02
 6.1308030e-02 5.1753532e-02 5.3851645e-02 6.0379118e-02 5.6928884e-02
 4.9197800e-02 5.4589339e-02 5.2434497e-02 5.7753939e-02]


Class Weights: [2.1182575e-05 5.6127068e-02 5.6127068e-02 5.9477936e-02 5.6928884e-02
 5.3851645e-02 5.3851645e-02 4.9812771e-02 5.9477936e-02 5.6127068e-02
 6.1308030e-02 5.1753532e-02 5.3851645e-02 6.0379118e-02 5.6928884e-02
 4.9197800e-02 5.4589339e-02 5.2434497e-02 5.7753939e-02]Learning Rate: 0.0005Learning Rate: 0.0005Learning Rate: 0.0005



Learning Rate: 0.0005
Train Loss: 0.5334, Val Loss: 0.4436Train Loss: 0.5334, Val Loss: 0.4436Train Loss: 0.5334, Val Loss: 0.4436
Train Loss: 0.5334, Val Loss: 0.4436


Per-Class Precision: [1.         0.54054054 0.75       0.6        0.26545455 0.55405405
 0.352      0.20614035 0.25825826 0.08173691 0.12418301 0.1337386
 0.07126437 0.66666667 0.27411168 0.37569061 0.46153846 0.53191489
 0.49019608]
Per-Class Recall: [0.98933829 1.         1.         0.84       0.73       0.82
 0.44       0.62666667 0.86       0.85333333 0.912      0.29333333
 0.248      0.32       0.72       0.68       0.61714286 1.
 1.        ]
Per-Class F1-Score: [0.99464057 0.70175439 0.85714286 0.7        0.38933333 0.66129032
 0.39111111 0.31023102 0.39722864 0.14918415 0.21860019 0.18371608
 0.11071429 0.43243243 0.39705882 0.48398577 0.52811736 0.69444444
 0.65789474]
Support per Class: [293949    100    150    150    100    100    100     75    100     75
    125    150    125    175     75    100    175     75     75]
Weighted Precision: 0.9959, Weighted Recall: 0.9873, Weighted F1-Score: 0.9910
Precision: 0.9959, Recall: 0.9873, F1-Score: 0.9910
Fold 1, Epoch 700, Train Loss: 0.5334, Val Loss: 0.4436, Val Acc: 0.9860
Precision: 0.9958, Recall: 0.9840, F1-Score: 0.9893
Fold 1, Epoch 701, Train Loss: 0.5046, Val Loss: 0.4639, Val Acc: 0.9823
Precision: 0.9958, Recall: 0.9882, F1-Score: 0.9915
Fold 1, Epoch 702, Train Loss: 0.5318, Val Loss: 0.4627, Val Acc: 0.9865
Precision: 0.9959, Recall: 0.9854, F1-Score: 0.9901
Fold 1, Epoch 703, Train Loss: 0.5451, Val Loss: 0.4251, Val Acc: 0.9835
Precision: 0.9958, Recall: 0.9879, F1-Score: 0.9914
Fold 1, Epoch 704, Train Loss: 0.5336, Val Loss: 0.4345, Val Acc: 0.9862
Precision: 0.9959, Recall: 0.9862, F1-Score: 0.9905
Fold 1, Epoch 705, Train Loss: 0.5070, Val Loss: 0.4543, Val Acc: 0.9842
Precision: 0.9959, Recall: 0.9884, F1-Score: 0.9916
Fold 1, Epoch 706, Train Loss: 0.5228, Val Loss: 0.4676, Val Acc: 0.9872
Precision: 0.9956, Recall: 0.9867, F1-Score: 0.9906
Fold 1, Epoch 707, Train Loss: 0.5176, Val Loss: 0.4248, Val Acc: 0.9848
Precision: 0.9958, Recall: 0.9868, F1-Score: 0.9907
Fold 1, Epoch 708, Train Loss: 0.5297, Val Loss: 0.4442, Val Acc: 0.9850
Precision: 0.9958, Recall: 0.9838, F1-Score: 0.9892
Fold 1, Epoch 709, Train Loss: 0.5138, Val Loss: 0.4377, Val Acc: 0.9826

--- Epoch 710 ---
--- Epoch 710 ---
--- Epoch 710 ---



--- Epoch 710 ---
Class Weights: [2.1182575e-05 5.6127068e-02 5.6127068e-02 5.9477936e-02 5.6928884e-02
 5.3851645e-02 5.3851645e-02 4.9812771e-02 5.9477936e-02 5.6127068e-02
 6.1308030e-02 5.1753532e-02 5.3851645e-02 6.0379118e-02 5.6928884e-02
 4.9197800e-02 5.4589339e-02 5.2434497e-02 5.7753939e-02]Class Weights: [2.1182575e-05 5.6127068e-02 5.6127068e-02 5.9477936e-02 5.6928884e-02
 5.3851645e-02 5.3851645e-02 4.9812771e-02 5.9477936e-02 5.6127068e-02
 6.1308030e-02 5.1753532e-02 5.3851645e-02 6.0379118e-02 5.6928884e-02
 4.9197800e-02 5.4589339e-02 5.2434497e-02 5.7753939e-02]Class Weights: [2.1182575e-05 5.6127068e-02 5.6127068e-02 5.9477936e-02 5.6928884e-02
 5.3851645e-02 5.3851645e-02 4.9812771e-02 5.9477936e-02 5.6127068e-02
 6.1308030e-02 5.1753532e-02 5.3851645e-02 6.0379118e-02 5.6928884e-02
 4.9197800e-02 5.4589339e-02 5.2434497e-02 5.7753939e-02]


Class Weights: [2.1182575e-05 5.6127068e-02 5.6127068e-02 5.9477936e-02 5.6928884e-02
 5.3851645e-02 5.3851645e-02 4.9812771e-02 5.9477936e-02 5.6127068e-02
 6.1308030e-02 5.1753532e-02 5.3851645e-02 6.0379118e-02 5.6928884e-02
 4.9197800e-02 5.4589339e-02 5.2434497e-02 5.7753939e-02]Learning Rate: 0.0005Learning Rate: 0.0005Learning Rate: 0.0005



Learning Rate: 0.0005
Train Loss: 0.5050, Val Loss: 0.4379Train Loss: 0.5050, Val Loss: 0.4379
Train Loss: 0.5050, Val Loss: 0.4379Train Loss: 0.5050, Val Loss: 0.4379


Per-Class Precision: [1.         0.17123288 0.74129353 0.62114537 0.328125   0.51176471
 0.24291498 0.188      0.29432624 0.05019608 0.13247863 0.12751678
 0.08589608 0.50847458 0.17195767 0.36781609 0.46948357 0.43352601
 0.46296296]
Per-Class Recall: [0.9851811  1.         0.99333333 0.94       0.63       0.87
 0.6        0.62666667 0.83       0.85333333 0.744      0.12666667
 0.648      0.17142857 0.86666667 0.64       0.57142857 1.
 1.        ]
Per-Class F1-Score: [0.99253524 0.29239766 0.84900285 0.74801061 0.43150685 0.64444444
 0.34582133 0.28923077 0.43455497 0.09481481 0.22490931 0.1270903
 0.15168539 0.25641026 0.28697572 0.46715328 0.51546392 0.60483871
 0.63291139]
Support per Class: [293949    100    150    150    100    100    100     75    100     75
    125    150    125    175     75    100    175     75     75]
Weighted Precision: 0.9956, Weighted Recall: 0.9832, Weighted F1-Score: 0.9886
Precision: 0.9956, Recall: 0.9832, F1-Score: 0.9886
Fold 1, Epoch 710, Train Loss: 0.5050, Val Loss: 0.4379, Val Acc: 0.9821
Precision: 0.9958, Recall: 0.9839, F1-Score: 0.9893
Fold 1, Epoch 711, Train Loss: 0.5147, Val Loss: 0.4502, Val Acc: 0.9820
Precision: 0.9959, Recall: 0.9877, F1-Score: 0.9914
Fold 1, Epoch 712, Train Loss: 0.5282, Val Loss: 0.4435, Val Acc: 0.9860
Precision: 0.9956, Recall: 0.9871, F1-Score: 0.9907
Fold 1, Epoch 713, Train Loss: 0.5092, Val Loss: 0.4308, Val Acc: 0.9852
Precision: 0.9957, Recall: 0.9844, F1-Score: 0.9894
Fold 1, Epoch 714, Train Loss: 0.5323, Val Loss: 0.4382, Val Acc: 0.9832
Precision: 0.9960, Recall: 0.9879, F1-Score: 0.9914
Fold 1, Epoch 715, Train Loss: 0.5004, Val Loss: 0.4932, Val Acc: 0.9866
Precision: 0.9958, Recall: 0.9839, F1-Score: 0.9893
Fold 1, Epoch 716, Train Loss: 0.5138, Val Loss: 0.4504, Val Acc: 0.9824
Precision: 0.9957, Recall: 0.9846, F1-Score: 0.9896
Fold 1, Epoch 717, Train Loss: 0.5431, Val Loss: 0.4340, Val Acc: 0.9830
Precision: 0.9959, Recall: 0.9833, F1-Score: 0.9890
Fold 1, Epoch 718, Train Loss: 0.5106, Val Loss: 0.4504, Val Acc: 0.9813
Precision: 0.9959, Recall: 0.9879, F1-Score: 0.9914
Fold 1, Epoch 719, Train Loss: 0.5371, Val Loss: 0.4339, Val Acc: 0.9861

--- Epoch 720 ---
--- Epoch 720 ---
--- Epoch 720 ---



--- Epoch 720 ---
Class Weights: [2.1182575e-05 5.6127068e-02 5.6127068e-02 5.9477936e-02 5.6928884e-02
 5.3851645e-02 5.3851645e-02 4.9812771e-02 5.9477936e-02 5.6127068e-02
 6.1308030e-02 5.1753532e-02 5.3851645e-02 6.0379118e-02 5.6928884e-02
 4.9197800e-02 5.4589339e-02 5.2434497e-02 5.7753939e-02]Class Weights: [2.1182575e-05 5.6127068e-02 5.6127068e-02 5.9477936e-02 5.6928884e-02
 5.3851645e-02 5.3851645e-02 4.9812771e-02 5.9477936e-02 5.6127068e-02
 6.1308030e-02 5.1753532e-02 5.3851645e-02 6.0379118e-02 5.6928884e-02
 4.9197800e-02 5.4589339e-02 5.2434497e-02 5.7753939e-02]Class Weights: [2.1182575e-05 5.6127068e-02 5.6127068e-02 5.9477936e-02 5.6928884e-02
 5.3851645e-02 5.3851645e-02 4.9812771e-02 5.9477936e-02 5.6127068e-02
 6.1308030e-02 5.1753532e-02 5.3851645e-02 6.0379118e-02 5.6928884e-02
 4.9197800e-02 5.4589339e-02 5.2434497e-02 5.7753939e-02]


Class Weights: [2.1182575e-05 5.6127068e-02 5.6127068e-02 5.9477936e-02 5.6928884e-02
 5.3851645e-02 5.3851645e-02 4.9812771e-02 5.9477936e-02 5.6127068e-02
 6.1308030e-02 5.1753532e-02 5.3851645e-02 6.0379118e-02 5.6928884e-02
 4.9197800e-02 5.4589339e-02 5.2434497e-02 5.7753939e-02]Learning Rate: 0.0005Learning Rate: 0.0005Learning Rate: 0.0005



Learning Rate: 0.0005
Train Loss: 0.5352, Val Loss: 0.4435Train Loss: 0.5352, Val Loss: 0.4435
Train Loss: 0.5352, Val Loss: 0.4435Train Loss: 0.5352, Val Loss: 0.4435


Per-Class Precision: [1.         0.58823529 0.78609626 0.59825328 0.28846154 0.5398773
 0.36923077 0.05184659 0.37864078 0.0565445  0.25       0.1875
 0.11073826 0.32275132 0.275      0.51136364 0.41643836 0.65486726
 0.46296296]
Per-Class Recall: [0.98646704 1.         0.98       0.91333333 0.75       0.88
 0.48       0.97333333 0.39       0.72       0.672      0.2
 0.528      0.69714286 0.73333333 0.45       0.86857143 0.98666667
 1.        ]
Per-Class F1-Score: [0.99318742 0.74074074 0.87240356 0.72295515 0.41666667 0.66920152
 0.4173913  0.09844909 0.38423645 0.10485437 0.36442516 0.19354839
 0.18307906 0.44122966 0.4        0.4787234  0.56296296 0.78723404
 0.63291139]
Support per Class: [293949    100    150    150    100    100    100     75    100     75
    125    150    125    175     75    100    175     75     75]
Weighted Precision: 0.9958, Weighted Recall: 0.9847, Weighted F1-Score: 0.9897
Precision: 0.9958, Recall: 0.9847, F1-Score: 0.9897
Fold 1, Epoch 720, Train Loss: 0.5352, Val Loss: 0.4435, Val Acc: 0.9823
Precision: 0.9958, Recall: 0.9855, F1-Score: 0.9901
Fold 1, Epoch 721, Train Loss: 0.5256, Val Loss: 0.4427, Val Acc: 0.9839
Precision: 0.9960, Recall: 0.9842, F1-Score: 0.9894
Fold 1, Epoch 722, Train Loss: 0.5202, Val Loss: 0.4542, Val Acc: 0.9834
Precision: 0.9957, Recall: 0.9858, F1-Score: 0.9900
Fold 1, Epoch 723, Train Loss: 0.5293, Val Loss: 0.4444, Val Acc: 0.9860
Precision: 0.9957, Recall: 0.9833, F1-Score: 0.9888
Fold 1, Epoch 724, Train Loss: 0.5384, Val Loss: 0.4309, Val Acc: 0.9828
Precision: 0.9958, Recall: 0.9879, F1-Score: 0.9913
Fold 1, Epoch 725, Train Loss: 0.5218, Val Loss: 0.4605, Val Acc: 0.9861
Precision: 0.9958, Recall: 0.9834, F1-Score: 0.9890
Fold 1, Epoch 726, Train Loss: 0.5424, Val Loss: 0.4496, Val Acc: 0.9813
Precision: 0.9960, Recall: 0.9844, F1-Score: 0.9897
Fold 1, Epoch 727, Train Loss: 0.5125, Val Loss: 0.4685, Val Acc: 0.9828
Precision: 0.9958, Recall: 0.9872, F1-Score: 0.9910
Fold 1, Epoch 728, Train Loss: 0.5197, Val Loss: 0.4344, Val Acc: 0.9857
Precision: 0.9955, Recall: 0.9825, F1-Score: 0.9883
Fold 1, Epoch 729, Train Loss: 0.5413, Val Loss: 0.4320, Val Acc: 0.9809

--- Epoch 730 ---
--- Epoch 730 ---
--- Epoch 730 ---



--- Epoch 730 ---
Class Weights: [2.1182575e-05 5.6127068e-02 5.6127068e-02 5.9477936e-02 5.6928884e-02
 5.3851645e-02 5.3851645e-02 4.9812771e-02 5.9477936e-02 5.6127068e-02
 6.1308030e-02 5.1753532e-02 5.3851645e-02 6.0379118e-02 5.6928884e-02
 4.9197800e-02 5.4589339e-02 5.2434497e-02 5.7753939e-02]Class Weights: [2.1182575e-05 5.6127068e-02 5.6127068e-02 5.9477936e-02 5.6928884e-02
 5.3851645e-02 5.3851645e-02 4.9812771e-02 5.9477936e-02 5.6127068e-02
 6.1308030e-02 5.1753532e-02 5.3851645e-02 6.0379118e-02 5.6928884e-02
 4.9197800e-02 5.4589339e-02 5.2434497e-02 5.7753939e-02]Class Weights: [2.1182575e-05 5.6127068e-02 5.6127068e-02 5.9477936e-02 5.6928884e-02
 5.3851645e-02 5.3851645e-02 4.9812771e-02 5.9477936e-02 5.6127068e-02
 6.1308030e-02 5.1753532e-02 5.3851645e-02 6.0379118e-02 5.6928884e-02
 4.9197800e-02 5.4589339e-02 5.2434497e-02 5.7753939e-02]


Class Weights: [2.1182575e-05 5.6127068e-02 5.6127068e-02 5.9477936e-02 5.6928884e-02
 5.3851645e-02 5.3851645e-02 4.9812771e-02 5.9477936e-02 5.6127068e-02
 6.1308030e-02 5.1753532e-02 5.3851645e-02 6.0379118e-02 5.6928884e-02
 4.9197800e-02 5.4589339e-02 5.2434497e-02 5.7753939e-02]Learning Rate: 0.0005Learning Rate: 0.0005Learning Rate: 0.0005



Learning Rate: 0.0005
Train Loss: 0.5377, Val Loss: 0.4615Train Loss: 0.5377, Val Loss: 0.4615
Train Loss: 0.5377, Val Loss: 0.4615
Train Loss: 0.5377, Val Loss: 0.4615

Per-Class Precision: [1.         0.60606061 0.79255319 0.655      0.24188791 0.64179104
 0.19496855 0.14428858 0.46315789 0.08645161 0.11493124 0.13953488
 0.08540925 0.63636364 0.50549451 0.41436464 0.50847458 0.61983471
 0.52083333]
Per-Class Recall: [0.98847759 1.         0.99333333 0.87333333 0.82       0.86
 0.62       0.96       0.44       0.89333333 0.936      0.24
 0.384      0.32       0.61333333 0.75       0.68571429 1.
 1.        ]
Per-Class F1-Score: [0.99420541 0.75471698 0.8816568  0.74857143 0.37357631 0.73504274
 0.29665072 0.25087108 0.45128205 0.15764706 0.20472441 0.17647059
 0.13973799 0.42585551 0.55421687 0.53380783 0.58394161 0.76530612
 0.68493151]
Support per Class: [293949    100    150    150    100    100    100     75    100     75
    125    150    125    175     75    100    175     75     75]
Weighted Precision: 0.9961, Weighted Recall: 0.9866, Weighted F1-Score: 0.9907
Precision: 0.9961, Recall: 0.9866, F1-Score: 0.9907
Fold 1, Epoch 730, Train Loss: 0.5377, Val Loss: 0.4615, Val Acc: 0.9851
Precision: 0.9958, Recall: 0.9837, F1-Score: 0.9891
Fold 1, Epoch 731, Train Loss: 0.5531, Val Loss: 0.4414, Val Acc: 0.9814
Precision: 0.9957, Recall: 0.9889, F1-Score: 0.9919
Fold 1, Epoch 732, Train Loss: 0.5282, Val Loss: 0.4273, Val Acc: 0.9877
Precision: 0.9958, Recall: 0.9866, F1-Score: 0.9906
Fold 1, Epoch 733, Train Loss: 0.5025, Val Loss: 0.4256, Val Acc: 0.9847
Precision: 0.9961, Recall: 0.9855, F1-Score: 0.9902
Fold 1, Epoch 734, Train Loss: 0.4957, Val Loss: 0.4459, Val Acc: 0.9834
Precision: 0.9959, Recall: 0.9883, F1-Score: 0.9916
Fold 1, Epoch 735, Train Loss: 0.5026, Val Loss: 0.4507, Val Acc: 0.9870
Precision: 0.9959, Recall: 0.9807, F1-Score: 0.9876
Fold 1, Epoch 736, Train Loss: 0.5136, Val Loss: 0.4233, Val Acc: 0.9791
Precision: 0.9960, Recall: 0.9876, F1-Score: 0.9913
Fold 1, Epoch 737, Train Loss: 0.5050, Val Loss: 0.4376, Val Acc: 0.9859
Precision: 0.9955, Recall: 0.9841, F1-Score: 0.9891
Fold 1, Epoch 738, Train Loss: 0.4917, Val Loss: 0.4659, Val Acc: 0.9823
Precision: 0.9957, Recall: 0.9894, F1-Score: 0.9921
Fold 1, Epoch 739, Train Loss: 0.5285, Val Loss: 0.4518, Val Acc: 0.9883

--- Epoch 740 ---
--- Epoch 740 ---
--- Epoch 740 ---



--- Epoch 740 ---
Class Weights: [2.1182575e-05 5.6127068e-02 5.6127068e-02 5.9477936e-02 5.6928884e-02
 5.3851645e-02 5.3851645e-02 4.9812771e-02 5.9477936e-02 5.6127068e-02
 6.1308030e-02 5.1753532e-02 5.3851645e-02 6.0379118e-02 5.6928884e-02
 4.9197800e-02 5.4589339e-02 5.2434497e-02 5.7753939e-02]Class Weights: [2.1182575e-05 5.6127068e-02 5.6127068e-02 5.9477936e-02 5.6928884e-02
 5.3851645e-02 5.3851645e-02 4.9812771e-02 5.9477936e-02 5.6127068e-02
 6.1308030e-02 5.1753532e-02 5.3851645e-02 6.0379118e-02 5.6928884e-02
 4.9197800e-02 5.4589339e-02 5.2434497e-02 5.7753939e-02]
Class Weights: [2.1182575e-05 5.6127068e-02 5.6127068e-02 5.9477936e-02 5.6928884e-02
 5.3851645e-02 5.3851645e-02 4.9812771e-02 5.9477936e-02 5.6127068e-02
 6.1308030e-02 5.1753532e-02 5.3851645e-02 6.0379118e-02 5.6928884e-02
 4.9197800e-02 5.4589339e-02 5.2434497e-02 5.7753939e-02]
Learning Rate: 0.0005
Class Weights: [2.1182575e-05 5.6127068e-02 5.6127068e-02 5.9477936e-02 5.6928884e-02
 5.3851645e-02 5.3851645e-02 4.9812771e-02 5.9477936e-02 5.6127068e-02
 6.1308030e-02 5.1753532e-02 5.3851645e-02 6.0379118e-02 5.6928884e-02
 4.9197800e-02 5.4589339e-02 5.2434497e-02 5.7753939e-02]
Learning Rate: 0.0005Learning Rate: 0.0005


Learning Rate: 0.0005
Train Loss: 0.5347, Val Loss: 0.4246
Train Loss: 0.5347, Val Loss: 0.4246
Train Loss: 0.5347, Val Loss: 0.4246Train Loss: 0.5347, Val Loss: 0.4246

Per-Class Precision: [1.         0.47619048 0.80327869 0.54275093 0.34597156 0.66129032
 0.31979695 0.19186047 0.20229885 0.03254973 0.14759036 0.14342629
 0.08085106 0.54705882 0.19708029 0.33039648 0.43773585 0.58536585
 0.5033557 ]
Per-Class Recall: [0.98441566 1.         0.98       0.97333333 0.73       0.82
 0.63       0.44       0.88       0.96       0.784      0.24
 0.304      0.53142857 0.72       0.75       0.66285714 0.96
 1.        ]
Per-Class F1-Score: [0.99214664 0.64516129 0.88288288 0.69689737 0.46945338 0.73214286
 0.42424242 0.26720648 0.32897196 0.06296458 0.24841572 0.17955112
 0.12773109 0.53913043 0.30945559 0.4587156  0.52727273 0.72727273
 0.66964286]
Support per Class: [293949    100    150    150    100    100    100     75    100     75
    125    150    125    175     75    100    175     75     75]
Weighted Precision: 0.9958, Weighted Recall: 0.9826, Weighted F1-Score: 0.9886
Precision: 0.9958, Recall: 0.9826, F1-Score: 0.9886
Fold 1, Epoch 740, Train Loss: 0.5347, Val Loss: 0.4246, Val Acc: 0.9805
Precision: 0.9958, Recall: 0.9893, F1-Score: 0.9921
Fold 1, Epoch 741, Train Loss: 0.5488, Val Loss: 0.4580, Val Acc: 0.9881
Precision: 0.9959, Recall: 0.9856, F1-Score: 0.9901
Fold 1, Epoch 742, Train Loss: 0.5408, Val Loss: 0.4426, Val Acc: 0.9849
Precision: 0.9957, Recall: 0.9866, F1-Score: 0.9906
Fold 1, Epoch 743, Train Loss: 0.5311, Val Loss: 0.4515, Val Acc: 0.9847
Precision: 0.9959, Recall: 0.9851, F1-Score: 0.9899
Fold 1, Epoch 744, Train Loss: 0.5126, Val Loss: 0.4481, Val Acc: 0.9833
Precision: 0.9958, Recall: 0.9882, F1-Score: 0.9915
Fold 1, Epoch 745, Train Loss: 0.5257, Val Loss: 0.4467, Val Acc: 0.9866
Precision: 0.9957, Recall: 0.9827, F1-Score: 0.9885
Fold 1, Epoch 746, Train Loss: 0.5503, Val Loss: 0.4271, Val Acc: 0.9816
Precision: 0.9958, Recall: 0.9878, F1-Score: 0.9913
Fold 1, Epoch 747, Train Loss: 0.5122, Val Loss: 0.4677, Val Acc: 0.9860
Precision: 0.9960, Recall: 0.9848, F1-Score: 0.9899
Fold 1, Epoch 748, Train Loss: 0.5260, Val Loss: 0.4418, Val Acc: 0.9828
Precision: 0.9958, Recall: 0.9866, F1-Score: 0.9907
Fold 1, Epoch 749, Train Loss: 0.5325, Val Loss: 0.4500, Val Acc: 0.9847

--- Epoch 750 ---
--- Epoch 750 ---
--- Epoch 750 ---



--- Epoch 750 ---
Class Weights: [2.1182575e-05 5.6127068e-02 5.6127068e-02 5.9477936e-02 5.6928884e-02
 5.3851645e-02 5.3851645e-02 4.9812771e-02 5.9477936e-02 5.6127068e-02
 6.1308030e-02 5.1753532e-02 5.3851645e-02 6.0379118e-02 5.6928884e-02
 4.9197800e-02 5.4589339e-02 5.2434497e-02 5.7753939e-02]Class Weights: [2.1182575e-05 5.6127068e-02 5.6127068e-02 5.9477936e-02 5.6928884e-02
 5.3851645e-02 5.3851645e-02 4.9812771e-02 5.9477936e-02 5.6127068e-02
 6.1308030e-02 5.1753532e-02 5.3851645e-02 6.0379118e-02 5.6928884e-02
 4.9197800e-02 5.4589339e-02 5.2434497e-02 5.7753939e-02]Class Weights: [2.1182575e-05 5.6127068e-02 5.6127068e-02 5.9477936e-02 5.6928884e-02
 5.3851645e-02 5.3851645e-02 4.9812771e-02 5.9477936e-02 5.6127068e-02
 6.1308030e-02 5.1753532e-02 5.3851645e-02 6.0379118e-02 5.6928884e-02
 4.9197800e-02 5.4589339e-02 5.2434497e-02 5.7753939e-02]


Learning Rate: 0.0005Learning Rate: 0.0005Learning Rate: 0.0005


Class Weights: [2.1182575e-05 5.6127068e-02 5.6127068e-02 5.9477936e-02 5.6928884e-02
 5.3851645e-02 5.3851645e-02 4.9812771e-02 5.9477936e-02 5.6127068e-02
 6.1308030e-02 5.1753532e-02 5.3851645e-02 6.0379118e-02 5.6928884e-02
 4.9197800e-02 5.4589339e-02 5.2434497e-02 5.7753939e-02]Train Loss: 0.5667, Val Loss: 0.4519Train Loss: 0.5667, Val Loss: 0.4519Train Loss: 0.5667, Val Loss: 0.4519



Learning Rate: 0.0005
Train Loss: 0.5667, Val Loss: 0.4519
Per-Class Precision: [1.         0.55747126 0.76630435 0.52517986 0.23987539 0.64912281
 0.17037037 0.18390805 0.36018957 0.06832298 0.16666667 0.12837838
 0.04955527 0.44       0.48275862 0.44230769 0.44444444 0.43859649
 0.51824818]
Per-Class Recall: [0.98799792 0.97       0.94       0.97333333 0.77       0.74
 0.69       0.42666667 0.76       0.88       0.76       0.38
 0.312      0.12571429 0.56       0.69       0.82285714 1.
 0.94666667]
Per-Class F1-Score: [0.99396273 0.7080292  0.84431138 0.68224299 0.36579572 0.69158879
 0.27326733 0.25702811 0.48874598 0.12680115 0.27338129 0.19191919
 0.08552632 0.19555556 0.51851852 0.5390625  0.57715431 0.6097561
 0.66981132]
Support per Class: [293949    100    150    150    100    100    100     75    100     75
    125    150    125    175     75    100    175     75     75]
Weighted Precision: 0.9957, Weighted Recall: 0.9859, Weighted F1-Score: 0.9902
Precision: 0.9957, Recall: 0.9859, F1-Score: 0.9902
Fold 1, Epoch 750, Train Loss: 0.5667, Val Loss: 0.4519, Val Acc: 0.9843
Precision: 0.9958, Recall: 0.9884, F1-Score: 0.9916
Fold 1, Epoch 751, Train Loss: 0.5462, Val Loss: 0.4816, Val Acc: 0.9871
Precision: 0.9957, Recall: 0.9848, F1-Score: 0.9896
Fold 1, Epoch 752, Train Loss: 0.5459, Val Loss: 0.4615, Val Acc: 0.9836
Precision: 0.9958, Recall: 0.9881, F1-Score: 0.9915
Fold 1, Epoch 753, Train Loss: 0.5091, Val Loss: 0.4307, Val Acc: 0.9864
Precision: 0.9960, Recall: 0.9881, F1-Score: 0.9915
Fold 1, Epoch 754, Train Loss: 0.5092, Val Loss: 0.4339, Val Acc: 0.9865
Precision: 0.9957, Recall: 0.9814, F1-Score: 0.9879
Fold 1, Epoch 755, Train Loss: 0.5083, Val Loss: 0.4356, Val Acc: 0.9804
Precision: 0.9961, Recall: 0.9892, F1-Score: 0.9921
Fold 1, Epoch 756, Train Loss: 0.5320, Val Loss: 0.4277, Val Acc: 0.9880
Precision: 0.9957, Recall: 0.9862, F1-Score: 0.9904
Fold 1, Epoch 757, Train Loss: 0.5222, Val Loss: 0.4403, Val Acc: 0.9840
Precision: 0.9955, Recall: 0.9838, F1-Score: 0.9891
Fold 1, Epoch 758, Train Loss: 0.5255, Val Loss: 0.4404, Val Acc: 0.9816
Precision: 0.9958, Recall: 0.9833, F1-Score: 0.9890
Fold 1, Epoch 759, Train Loss: 0.5174, Val Loss: 0.4483, Val Acc: 0.9816

--- Epoch 760 ---
--- Epoch 760 ---
--- Epoch 760 ---



--- Epoch 760 ---
Class Weights: [2.1182575e-05 5.6127068e-02 5.6127068e-02 5.9477936e-02 5.6928884e-02
 5.3851645e-02 5.3851645e-02 4.9812771e-02 5.9477936e-02 5.6127068e-02
 6.1308030e-02 5.1753532e-02 5.3851645e-02 6.0379118e-02 5.6928884e-02
 4.9197800e-02 5.4589339e-02 5.2434497e-02 5.7753939e-02]Class Weights: [2.1182575e-05 5.6127068e-02 5.6127068e-02 5.9477936e-02 5.6928884e-02
 5.3851645e-02 5.3851645e-02 4.9812771e-02 5.9477936e-02 5.6127068e-02
 6.1308030e-02 5.1753532e-02 5.3851645e-02 6.0379118e-02 5.6928884e-02
 4.9197800e-02 5.4589339e-02 5.2434497e-02 5.7753939e-02]Class Weights: [2.1182575e-05 5.6127068e-02 5.6127068e-02 5.9477936e-02 5.6928884e-02
 5.3851645e-02 5.3851645e-02 4.9812771e-02 5.9477936e-02 5.6127068e-02
 6.1308030e-02 5.1753532e-02 5.3851645e-02 6.0379118e-02 5.6928884e-02
 4.9197800e-02 5.4589339e-02 5.2434497e-02 5.7753939e-02]


Class Weights: [2.1182575e-05 5.6127068e-02 5.6127068e-02 5.9477936e-02 5.6928884e-02
 5.3851645e-02 5.3851645e-02 4.9812771e-02 5.9477936e-02 5.6127068e-02
 6.1308030e-02 5.1753532e-02 5.3851645e-02 6.0379118e-02 5.6928884e-02
 4.9197800e-02 5.4589339e-02 5.2434497e-02 5.7753939e-02]Learning Rate: 0.0005Learning Rate: 0.0005Learning Rate: 0.0005



Learning Rate: 0.0005
Train Loss: 0.5368, Val Loss: 0.4357Train Loss: 0.5368, Val Loss: 0.4357
Train Loss: 0.5368, Val Loss: 0.4357
Train Loss: 0.5368, Val Loss: 0.4357

Per-Class Precision: [1.         0.62893082 0.81967213 0.65734266 0.14215686 0.57324841
 0.34883721 0.1958042  0.40606061 0.11573237 0.12198391 0.1870229
 0.06837607 0.725      0.21673004 0.43971631 0.43642612 0.59055118
 0.51020408]
Per-Class Recall: [0.98844017 1.         1.         0.62666667 0.87       0.9
 0.6        0.74666667 0.67       0.85333333 0.728      0.32666667
 0.512      0.33142857 0.76       0.62       0.72571429 1.
 1.        ]
Per-Class F1-Score: [0.99418648 0.77220077 0.9009009  0.64163823 0.24438202 0.70038911
 0.44117647 0.31024931 0.50566038 0.20382166 0.20895522 0.23786408
 0.1206409  0.45490196 0.33727811 0.51452282 0.54506438 0.74257426
 0.67567568]
Support per Class: [293949    100    150    150    100    100    100     75    100     75
    125    150    125    175     75    100    175     75     75]
Weighted Precision: 0.9960, Weighted Recall: 0.9865, Weighted F1-Score: 0.9907
Precision: 0.9960, Recall: 0.9865, F1-Score: 0.9907
Fold 1, Epoch 760, Train Loss: 0.5368, Val Loss: 0.4357, Val Acc: 0.9854
Precision: 0.9960, Recall: 0.9838, F1-Score: 0.9893
Fold 1, Epoch 761, Train Loss: 0.5460, Val Loss: 0.4423, Val Acc: 0.9826
Precision: 0.9959, Recall: 0.9898, F1-Score: 0.9923
Fold 1, Epoch 762, Train Loss: 0.5542, Val Loss: 0.4374, Val Acc: 0.9888
Precision: 0.9955, Recall: 0.9773, F1-Score: 0.9857
Fold 1, Epoch 763, Train Loss: 0.5226, Val Loss: 0.4629, Val Acc: 0.9757
Precision: 0.9958, Recall: 0.9873, F1-Score: 0.9910
Fold 1, Epoch 764, Train Loss: 0.5656, Val Loss: 0.4428, Val Acc: 0.9854
Precision: 0.9957, Recall: 0.9872, F1-Score: 0.9909
Fold 1, Epoch 765, Train Loss: 0.5133, Val Loss: 0.4343, Val Acc: 0.9854
Precision: 0.9959, Recall: 0.9864, F1-Score: 0.9906
Fold 1, Epoch 766, Train Loss: 0.4975, Val Loss: 0.4229, Val Acc: 0.9845
Precision: 0.9960, Recall: 0.9890, F1-Score: 0.9919
Fold 1, Epoch 767, Train Loss: 0.5082, Val Loss: 0.4463, Val Acc: 0.9875
Precision: 0.9957, Recall: 0.9879, F1-Score: 0.9912
Fold 1, Epoch 768, Train Loss: 0.5065, Val Loss: 0.4515, Val Acc: 0.9867
Precision: 0.9960, Recall: 0.9837, F1-Score: 0.9893
Fold 1, Epoch 769, Train Loss: 0.5197, Val Loss: 0.4303, Val Acc: 0.9823

--- Epoch 770 ---
--- Epoch 770 ---
--- Epoch 770 ---



--- Epoch 770 ---
Class Weights: [2.1182575e-05 5.6127068e-02 5.6127068e-02 5.9477936e-02 5.6928884e-02
 5.3851645e-02 5.3851645e-02 4.9812771e-02 5.9477936e-02 5.6127068e-02
 6.1308030e-02 5.1753532e-02 5.3851645e-02 6.0379118e-02 5.6928884e-02
 4.9197800e-02 5.4589339e-02 5.2434497e-02 5.7753939e-02]Class Weights: [2.1182575e-05 5.6127068e-02 5.6127068e-02 5.9477936e-02 5.6928884e-02
 5.3851645e-02 5.3851645e-02 4.9812771e-02 5.9477936e-02 5.6127068e-02
 6.1308030e-02 5.1753532e-02 5.3851645e-02 6.0379118e-02 5.6928884e-02
 4.9197800e-02 5.4589339e-02 5.2434497e-02 5.7753939e-02]Class Weights: [2.1182575e-05 5.6127068e-02 5.6127068e-02 5.9477936e-02 5.6928884e-02
 5.3851645e-02 5.3851645e-02 4.9812771e-02 5.9477936e-02 5.6127068e-02
 6.1308030e-02 5.1753532e-02 5.3851645e-02 6.0379118e-02 5.6928884e-02
 4.9197800e-02 5.4589339e-02 5.2434497e-02 5.7753939e-02]


Class Weights: [2.1182575e-05 5.6127068e-02 5.6127068e-02 5.9477936e-02 5.6928884e-02
 5.3851645e-02 5.3851645e-02 4.9812771e-02 5.9477936e-02 5.6127068e-02
 6.1308030e-02 5.1753532e-02 5.3851645e-02 6.0379118e-02 5.6928884e-02
 4.9197800e-02 5.4589339e-02 5.2434497e-02 5.7753939e-02]Learning Rate: 0.0005Learning Rate: 0.0005Learning Rate: 0.0005



Learning Rate: 0.0005
Train Loss: 0.5140, Val Loss: 0.4391
Train Loss: 0.5140, Val Loss: 0.4391Train Loss: 0.5140, Val Loss: 0.4391

Train Loss: 0.5140, Val Loss: 0.4391
Per-Class Precision: [0.99998971 0.41493776 0.75531915 0.61160714 0.20731707 0.66165414
 0.31395349 0.29281768 0.34134615 0.2375     0.29681979 0.19369369
 0.14822547 0.59166667 0.19005848 0.40437158 0.49626866 0.50344828
 0.43352601]
Per-Class Recall: [0.99225716 1.         0.94666667 0.91333333 0.85       0.88
 0.81       0.70666667 0.71       0.76       0.672      0.28666667
 0.568      0.40571429 0.86666667 0.74       0.76       0.97333333
 1.        ]
Per-Class F1-Score: [0.99610843 0.58651026 0.84023669 0.73262032 0.33333333 0.75536481
 0.45251397 0.4140625  0.46103896 0.36190476 0.41176471 0.2311828
 0.23509934 0.48135593 0.3117506  0.5229682  0.60045147 0.66363636
 0.60483871]
Support per Class: [293949    100    150    150    100    100    100     75    100     75
    125    150    125    175     75    100    175     75     75]
Weighted Precision: 0.9960, Weighted Recall: 0.9905, Weighted F1-Score: 0.9928
Precision: 0.9960, Recall: 0.9905, F1-Score: 0.9928
Fold 1, Epoch 770, Train Loss: 0.5140, Val Loss: 0.4391, Val Acc: 0.9894
Precision: 0.9958, Recall: 0.9826, F1-Score: 0.9886
Fold 1, Epoch 771, Train Loss: 0.4957, Val Loss: 0.4409, Val Acc: 0.9804
Precision: 0.9959, Recall: 0.9894, F1-Score: 0.9922
Fold 1, Epoch 772, Train Loss: 0.5108, Val Loss: 0.4448, Val Acc: 0.9880
Precision: 0.9960, Recall: 0.9868, F1-Score: 0.9908
Fold 1, Epoch 773, Train Loss: 0.5235, Val Loss: 0.4188, Val Acc: 0.9850
Precision: 0.9959, Recall: 0.9873, F1-Score: 0.9910
Fold 1, Epoch 774, Train Loss: 0.5151, Val Loss: 0.4372, Val Acc: 0.9864
Precision: 0.9958, Recall: 0.9836, F1-Score: 0.9891
Fold 1, Epoch 775, Train Loss: 0.5301, Val Loss: 0.4424, Val Acc: 0.9840
Precision: 0.9957, Recall: 0.9876, F1-Score: 0.9912
Fold 1, Epoch 776, Train Loss: 0.4934, Val Loss: 0.4245, Val Acc: 0.9867
Precision: 0.9957, Recall: 0.9861, F1-Score: 0.9903
Fold 1, Epoch 777, Train Loss: 0.5000, Val Loss: 0.4642, Val Acc: 0.9843
Precision: 0.9958, Recall: 0.9867, F1-Score: 0.9907
Fold 1, Epoch 778, Train Loss: 0.5280, Val Loss: 0.4212, Val Acc: 0.9850
Precision: 0.9958, Recall: 0.9882, F1-Score: 0.9915
Fold 1, Epoch 779, Train Loss: 0.5002, Val Loss: 0.4433, Val Acc: 0.9866

--- Epoch 780 ---
--- Epoch 780 ---
--- Epoch 780 ---



--- Epoch 780 ---
Class Weights: [2.1182575e-05 5.6127068e-02 5.6127068e-02 5.9477936e-02 5.6928884e-02
 5.3851645e-02 5.3851645e-02 4.9812771e-02 5.9477936e-02 5.6127068e-02
 6.1308030e-02 5.1753532e-02 5.3851645e-02 6.0379118e-02 5.6928884e-02
 4.9197800e-02 5.4589339e-02 5.2434497e-02 5.7753939e-02]Class Weights: [2.1182575e-05 5.6127068e-02 5.6127068e-02 5.9477936e-02 5.6928884e-02
 5.3851645e-02 5.3851645e-02 4.9812771e-02 5.9477936e-02 5.6127068e-02
 6.1308030e-02 5.1753532e-02 5.3851645e-02 6.0379118e-02 5.6928884e-02
 4.9197800e-02 5.4589339e-02 5.2434497e-02 5.7753939e-02]Class Weights: [2.1182575e-05 5.6127068e-02 5.6127068e-02 5.9477936e-02 5.6928884e-02
 5.3851645e-02 5.3851645e-02 4.9812771e-02 5.9477936e-02 5.6127068e-02
 6.1308030e-02 5.1753532e-02 5.3851645e-02 6.0379118e-02 5.6928884e-02
 4.9197800e-02 5.4589339e-02 5.2434497e-02 5.7753939e-02]


Learning Rate: 0.0005Learning Rate: 0.0005Learning Rate: 0.0005Class Weights: [2.1182575e-05 5.6127068e-02 5.6127068e-02 5.9477936e-02 5.6928884e-02
 5.3851645e-02 5.3851645e-02 4.9812771e-02 5.9477936e-02 5.6127068e-02
 6.1308030e-02 5.1753532e-02 5.3851645e-02 6.0379118e-02 5.6928884e-02
 4.9197800e-02 5.4589339e-02 5.2434497e-02 5.7753939e-02]



Learning Rate: 0.0005
Train Loss: 0.5197, Val Loss: 0.4258Train Loss: 0.5197, Val Loss: 0.4258
Train Loss: 0.5197, Val Loss: 0.4258

Train Loss: 0.5197, Val Loss: 0.4258
Per-Class Precision: [1.         0.08810573 0.79787234 0.66009852 0.24662162 0.45641026
 0.18117647 0.29139073 0.34285714 0.02768595 0.10951327 0.14749263
 0.06283662 0.624      0.23423423 0.37914692 0.4488189  0.48701299
 0.46296296]
Per-Class Recall: [0.97927872 1.         1.         0.89333333 0.73       0.89
 0.77       0.58666667 0.6        0.89333333 0.792      0.33333333
 0.28       0.44571429 0.69333333 0.8        0.65142857 1.
 1.        ]
Per-Class F1-Score: [0.98953089 0.16194332 0.88757396 0.7592068  0.36868687 0.60338983
 0.29333333 0.38938053 0.43636364 0.05370741 0.19241983 0.20449898
 0.1026393  0.52       0.35016835 0.51446945 0.53146853 0.65502183
 0.63291139]
Support per Class: [293949    100    150    150    100    100    100     75    100     75
    125    150    125    175     75    100    175     75     75]
Weighted Precision: 0.9956, Weighted Recall: 0.9775, Weighted F1-Score: 0.9858
Precision: 0.9956, Recall: 0.9775, F1-Score: 0.9858
Fold 1, Epoch 780, Train Loss: 0.5197, Val Loss: 0.4258, Val Acc: 0.9765
Precision: 0.9959, Recall: 0.9905, F1-Score: 0.9928
Fold 1, Epoch 781, Train Loss: 0.5123, Val Loss: 0.4517, Val Acc: 0.9894
Precision: 0.9960, Recall: 0.9870, F1-Score: 0.9909
Fold 1, Epoch 782, Train Loss: 0.5294, Val Loss: 0.4334, Val Acc: 0.9856
Precision: 0.9958, Recall: 0.9874, F1-Score: 0.9910
Fold 1, Epoch 783, Train Loss: 0.4983, Val Loss: 0.4336, Val Acc: 0.9868
Precision: 0.9958, Recall: 0.9801, F1-Score: 0.9873
Fold 1, Epoch 784, Train Loss: 0.5185, Val Loss: 0.4272, Val Acc: 0.9792
Precision: 0.9958, Recall: 0.9896, F1-Score: 0.9922
Fold 1, Epoch 785, Train Loss: 0.5003, Val Loss: 0.4227, Val Acc: 0.9880
Precision: 0.9958, Recall: 0.9874, F1-Score: 0.9911
Fold 1, Epoch 786, Train Loss: 0.4890, Val Loss: 0.4260, Val Acc: 0.9856
Precision: 0.9958, Recall: 0.9875, F1-Score: 0.9911
Fold 1, Epoch 787, Train Loss: 0.5211, Val Loss: 0.4216, Val Acc: 0.9854
Precision: 0.9958, Recall: 0.9798, F1-Score: 0.9871
Fold 1, Epoch 788, Train Loss: 0.4770, Val Loss: 0.4398, Val Acc: 0.9779
Precision: 0.9960, Recall: 0.9900, F1-Score: 0.9925
Fold 1, Epoch 789, Train Loss: 0.5018, Val Loss: 0.4311, Val Acc: 0.9886

--- Epoch 790 ---
--- Epoch 790 ---
--- Epoch 790 ---



--- Epoch 790 ---
Class Weights: [2.1182575e-05 5.6127068e-02 5.6127068e-02 5.9477936e-02 5.6928884e-02
 5.3851645e-02 5.3851645e-02 4.9812771e-02 5.9477936e-02 5.6127068e-02
 6.1308030e-02 5.1753532e-02 5.3851645e-02 6.0379118e-02 5.6928884e-02
 4.9197800e-02 5.4589339e-02 5.2434497e-02 5.7753939e-02]Class Weights: [2.1182575e-05 5.6127068e-02 5.6127068e-02 5.9477936e-02 5.6928884e-02
 5.3851645e-02 5.3851645e-02 4.9812771e-02 5.9477936e-02 5.6127068e-02
 6.1308030e-02 5.1753532e-02 5.3851645e-02 6.0379118e-02 5.6928884e-02
 4.9197800e-02 5.4589339e-02 5.2434497e-02 5.7753939e-02]Class Weights: [2.1182575e-05 5.6127068e-02 5.6127068e-02 5.9477936e-02 5.6928884e-02
 5.3851645e-02 5.3851645e-02 4.9812771e-02 5.9477936e-02 5.6127068e-02
 6.1308030e-02 5.1753532e-02 5.3851645e-02 6.0379118e-02 5.6928884e-02
 4.9197800e-02 5.4589339e-02 5.2434497e-02 5.7753939e-02]


Learning Rate: 0.0005Class Weights: [2.1182575e-05 5.6127068e-02 5.6127068e-02 5.9477936e-02 5.6928884e-02
 5.3851645e-02 5.3851645e-02 4.9812771e-02 5.9477936e-02 5.6127068e-02
 6.1308030e-02 5.1753532e-02 5.3851645e-02 6.0379118e-02 5.6928884e-02
 4.9197800e-02 5.4589339e-02 5.2434497e-02 5.7753939e-02]Learning Rate: 0.0005Learning Rate: 0.0005



Learning Rate: 0.0005
Train Loss: 0.4870, Val Loss: 0.4246
Train Loss: 0.4870, Val Loss: 0.4246Train Loss: 0.4870, Val Loss: 0.4246
Train Loss: 0.4870, Val Loss: 0.4246

Per-Class Precision: [1.         0.56818182 0.85632184 0.63461538 0.2640264  0.6728972
 0.31753555 0.14577259 0.24571429 0.04747774 0.20042194 0.12390925
 0.08650519 0.70344828 0.34265734 0.35       0.55135135 0.62711864
 0.4491018 ]
Per-Class Recall: [0.98806256 1.         0.99333333 0.88       0.8        0.72
 0.67       0.66666667 0.86       0.85333333 0.76       0.47333333
 0.2        0.58285714 0.65333333 0.77       0.58285714 0.98666667
 1.        ]
Per-Class F1-Score: [0.99399544 0.72463768 0.91975309 0.73743017 0.39702233 0.69565217
 0.43086817 0.23923445 0.38222222 0.08995081 0.31719533 0.19640387
 0.12077295 0.6375     0.44954128 0.48125    0.56666667 0.76683938
 0.61983471]
Support per Class: [293949    100    150    150    100    100    100     75    100     75
    125    150    125    175     75    100    175     75     75]
Weighted Precision: 0.9961, Weighted Recall: 0.9863, Weighted F1-Score: 0.9906
Precision: 0.9961, Recall: 0.9863, F1-Score: 0.9906
Fold 1, Epoch 790, Train Loss: 0.4870, Val Loss: 0.4246, Val Acc: 0.9840
Precision: 0.9960, Recall: 0.9875, F1-Score: 0.9912
Fold 1, Epoch 791, Train Loss: 0.5056, Val Loss: 0.4259, Val Acc: 0.9857
Precision: 0.9958, Recall: 0.9786, F1-Score: 0.9863
Fold 1, Epoch 792, Train Loss: 0.5209, Val Loss: 0.4530, Val Acc: 0.9772
Precision: 0.9960, Recall: 0.9877, F1-Score: 0.9913
Fold 1, Epoch 793, Train Loss: 0.4917, Val Loss: 0.4478, Val Acc: 0.9860
Precision: 0.9959, Recall: 0.9870, F1-Score: 0.9909
Fold 1, Epoch 794, Train Loss: 0.5108, Val Loss: 0.4172, Val Acc: 0.9857
Precision: 0.9959, Recall: 0.9886, F1-Score: 0.9918
Fold 1, Epoch 795, Train Loss: 0.5083, Val Loss: 0.4246, Val Acc: 0.9869
Precision: 0.9960, Recall: 0.9843, F1-Score: 0.9896
Fold 1, Epoch 796, Train Loss: 0.5014, Val Loss: 0.4279, Val Acc: 0.9822
Precision: 0.9959, Recall: 0.9855, F1-Score: 0.9901
Fold 1, Epoch 797, Train Loss: 0.5226, Val Loss: 0.4273, Val Acc: 0.9840
Precision: 0.9958, Recall: 0.9857, F1-Score: 0.9902
Fold 1, Epoch 798, Train Loss: 0.5199, Val Loss: 0.4435, Val Acc: 0.9849
Precision: 0.9957, Recall: 0.9869, F1-Score: 0.9908
Fold 1, Epoch 799, Train Loss: 0.5240, Val Loss: 0.4259, Val Acc: 0.9850

--- Epoch 800 ---
--- Epoch 800 ---
--- Epoch 800 ---



--- Epoch 800 ---
Class Weights: [2.1182575e-05 5.6127068e-02 5.6127068e-02 5.9477936e-02 5.6928884e-02
 5.3851645e-02 5.3851645e-02 4.9812771e-02 5.9477936e-02 5.6127068e-02
 6.1308030e-02 5.1753532e-02 5.3851645e-02 6.0379118e-02 5.6928884e-02
 4.9197800e-02 5.4589339e-02 5.2434497e-02 5.7753939e-02]Class Weights: [2.1182575e-05 5.6127068e-02 5.6127068e-02 5.9477936e-02 5.6928884e-02
 5.3851645e-02 5.3851645e-02 4.9812771e-02 5.9477936e-02 5.6127068e-02
 6.1308030e-02 5.1753532e-02 5.3851645e-02 6.0379118e-02 5.6928884e-02
 4.9197800e-02 5.4589339e-02 5.2434497e-02 5.7753939e-02]Class Weights: [2.1182575e-05 5.6127068e-02 5.6127068e-02 5.9477936e-02 5.6928884e-02
 5.3851645e-02 5.3851645e-02 4.9812771e-02 5.9477936e-02 5.6127068e-02
 6.1308030e-02 5.1753532e-02 5.3851645e-02 6.0379118e-02 5.6928884e-02
 4.9197800e-02 5.4589339e-02 5.2434497e-02 5.7753939e-02]


Learning Rate: 0.0005Learning Rate: 0.0005
Learning Rate: 0.0005
Class Weights: [2.1182575e-05 5.6127068e-02 5.6127068e-02 5.9477936e-02 5.6928884e-02
 5.3851645e-02 5.3851645e-02 4.9812771e-02 5.9477936e-02 5.6127068e-02
 6.1308030e-02 5.1753532e-02 5.3851645e-02 6.0379118e-02 5.6928884e-02
 4.9197800e-02 5.4589339e-02 5.2434497e-02 5.7753939e-02]

Learning Rate: 0.0005
Train Loss: 0.5215, Val Loss: 0.4229
Train Loss: 0.5215, Val Loss: 0.4229
Train Loss: 0.5215, Val Loss: 0.4229
Train Loss: 0.5215, Val Loss: 0.4229
Per-Class Precision: [1.         0.52105263 0.77202073 0.67326733 0.28846154 0.53521127
 0.17488789 0.35849057 0.26599327 0.06256015 0.25957447 0.1402214
 0.12408759 0.52688172 0.27659574 0.44785276 0.5426009  0.58267717
 0.49342105]
Per-Class Recall: [0.98937231 0.99       0.99333333 0.90666667 0.75       0.76
 0.78       0.50666667 0.79       0.86666667 0.488      0.50666667
 0.408      0.56       0.86666667 0.73       0.69142857 0.98666667
 1.        ]
Per-Class F1-Score: [0.99465777 0.68275862 0.86880466 0.77272727 0.41666667 0.62809917
 0.28571429 0.4198895  0.39798489 0.11669659 0.33888889 0.21965318
 0.19029851 0.54293629 0.41935484 0.55513308 0.6080402  0.73267327
 0.66079295]
Support per Class: [293949    100    150    150    100    100    100     75    100     75
    125    150    125    175     75    100    175     75     75]
Weighted Precision: 0.9960, Weighted Recall: 0.9876, Weighted F1-Score: 0.9913
Precision: 0.9960, Recall: 0.9876, F1-Score: 0.9913
Fold 1, Epoch 800, Train Loss: 0.5215, Val Loss: 0.4229, Val Acc: 0.9859
Precision: 0.9958, Recall: 0.9891, F1-Score: 0.9919
Fold 1, Epoch 801, Train Loss: 0.5012, Val Loss: 0.4195, Val Acc: 0.9883
Precision: 0.9959, Recall: 0.9810, F1-Score: 0.9877
Fold 1, Epoch 802, Train Loss: 0.4961, Val Loss: 0.4275, Val Acc: 0.9796
Precision: 0.9960, Recall: 0.9889, F1-Score: 0.9920
Fold 1, Epoch 803, Train Loss: 0.5087, Val Loss: 0.4515, Val Acc: 0.9876
Precision: 0.9958, Recall: 0.9885, F1-Score: 0.9916
Fold 1, Epoch 804, Train Loss: 0.5103, Val Loss: 0.4186, Val Acc: 0.9868
Precision: 0.9957, Recall: 0.9854, F1-Score: 0.9900
Fold 1, Epoch 805, Train Loss: 0.4923, Val Loss: 0.4584, Val Acc: 0.9834
Precision: 0.9959, Recall: 0.9873, F1-Score: 0.9910
Fold 1, Epoch 806, Train Loss: 0.5061, Val Loss: 0.4520, Val Acc: 0.9861
Precision: 0.9959, Recall: 0.9879, F1-Score: 0.9913
Fold 1, Epoch 807, Train Loss: 0.5285, Val Loss: 0.4431, Val Acc: 0.9863
Precision: 0.9956, Recall: 0.9829, F1-Score: 0.9886
Fold 1, Epoch 808, Train Loss: 0.5031, Val Loss: 0.4516, Val Acc: 0.9807
Precision: 0.9959, Recall: 0.9896, F1-Score: 0.9923
Fold 1, Epoch 809, Train Loss: 0.4921, Val Loss: 0.4268, Val Acc: 0.9882

--- Epoch 810 ---
--- Epoch 810 ---
--- Epoch 810 ---



--- Epoch 810 ---
Class Weights: [2.1182575e-05 5.6127068e-02 5.6127068e-02 5.9477936e-02 5.6928884e-02
 5.3851645e-02 5.3851645e-02 4.9812771e-02 5.9477936e-02 5.6127068e-02
 6.1308030e-02 5.1753532e-02 5.3851645e-02 6.0379118e-02 5.6928884e-02
 4.9197800e-02 5.4589339e-02 5.2434497e-02 5.7753939e-02]Class Weights: [2.1182575e-05 5.6127068e-02 5.6127068e-02 5.9477936e-02 5.6928884e-02
 5.3851645e-02 5.3851645e-02 4.9812771e-02 5.9477936e-02 5.6127068e-02
 6.1308030e-02 5.1753532e-02 5.3851645e-02 6.0379118e-02 5.6928884e-02
 4.9197800e-02 5.4589339e-02 5.2434497e-02 5.7753939e-02]Class Weights: [2.1182575e-05 5.6127068e-02 5.6127068e-02 5.9477936e-02 5.6928884e-02
 5.3851645e-02 5.3851645e-02 4.9812771e-02 5.9477936e-02 5.6127068e-02
 6.1308030e-02 5.1753532e-02 5.3851645e-02 6.0379118e-02 5.6928884e-02
 4.9197800e-02 5.4589339e-02 5.2434497e-02 5.7753939e-02]


Learning Rate: 0.0005Learning Rate: 0.0005Learning Rate: 0.0005
Class Weights: [2.1182575e-05 5.6127068e-02 5.6127068e-02 5.9477936e-02 5.6928884e-02
 5.3851645e-02 5.3851645e-02 4.9812771e-02 5.9477936e-02 5.6127068e-02
 6.1308030e-02 5.1753532e-02 5.3851645e-02 6.0379118e-02 5.6928884e-02
 4.9197800e-02 5.4589339e-02 5.2434497e-02 5.7753939e-02]


Learning Rate: 0.0005
Train Loss: 0.4991, Val Loss: 0.4289
Train Loss: 0.4991, Val Loss: 0.4289Train Loss: 0.4991, Val Loss: 0.4289

Train Loss: 0.4991, Val Loss: 0.4289
Per-Class Precision: [1.         0.6097561  0.81564246 0.62222222 0.31336406 0.61832061
 0.21038251 0.22649573 0.2654321  0.04378531 0.12133333 0.14052288
 0.0965435  0.66115702 0.50515464 0.40816327 0.48535565 0.5859375
 0.53956835]
Per-Class Recall: [0.98623571 1.         0.97333333 0.93333333 0.68       0.81
 0.77       0.70666667 0.86       0.82666667 0.728      0.28666667
 0.648      0.45714286 0.65333333 0.8        0.66285714 1.
 1.        ]
Per-Class F1-Score: [0.99307016 0.75757576 0.88753799 0.74666667 0.42902208 0.7012987
 0.3304721  0.34304207 0.40566038 0.08316566 0.208      0.18859649
 0.16804979 0.54054054 0.56976744 0.54054054 0.56038647 0.73891626
 0.70093458]
Support per Class: [293949    100    150    150    100    100    100     75    100     75
    125    150    125    175     75    100    175     75     75]
Weighted Precision: 0.9960, Weighted Recall: 0.9846, Weighted F1-Score: 0.9897
Precision: 0.9960, Recall: 0.9846, F1-Score: 0.9897
Fold 1, Epoch 810, Train Loss: 0.4991, Val Loss: 0.4289, Val Acc: 0.9827
Precision: 0.9956, Recall: 0.9871, F1-Score: 0.9908
Fold 1, Epoch 811, Train Loss: 0.4951, Val Loss: 0.4336, Val Acc: 0.9849
Precision: 0.9955, Recall: 0.9846, F1-Score: 0.9894
Fold 1, Epoch 812, Train Loss: 0.4947, Val Loss: 0.4355, Val Acc: 0.9831
Precision: 0.9958, Recall: 0.9848, F1-Score: 0.9896
Fold 1, Epoch 813, Train Loss: 0.4951, Val Loss: 0.4487, Val Acc: 0.9828
Precision: 0.9961, Recall: 0.9877, F1-Score: 0.9913
Fold 1, Epoch 814, Train Loss: 0.5429, Val Loss: 0.4317, Val Acc: 0.9859
Precision: 0.9957, Recall: 0.9875, F1-Score: 0.9911
Fold 1, Epoch 815, Train Loss: 0.4943, Val Loss: 0.4583, Val Acc: 0.9858
Precision: 0.9954, Recall: 0.9844, F1-Score: 0.9892
Fold 1, Epoch 816, Train Loss: 0.5117, Val Loss: 0.4449, Val Acc: 0.9831
Precision: 0.9957, Recall: 0.9786, F1-Score: 0.9865
Fold 1, Epoch 817, Train Loss: 0.5105, Val Loss: 0.4297, Val Acc: 0.9764
Precision: 0.9960, Recall: 0.9897, F1-Score: 0.9924
Fold 1, Epoch 818, Train Loss: 0.5021, Val Loss: 0.4401, Val Acc: 0.9889
Precision: 0.9957, Recall: 0.9820, F1-Score: 0.9882
Fold 1, Epoch 819, Train Loss: 0.4925, Val Loss: 0.4350, Val Acc: 0.9795

--- Epoch 820 ---
--- Epoch 820 ---
--- Epoch 820 ---



--- Epoch 820 ---
Class Weights: [2.1182575e-05 5.6127068e-02 5.6127068e-02 5.9477936e-02 5.6928884e-02
 5.3851645e-02 5.3851645e-02 4.9812771e-02 5.9477936e-02 5.6127068e-02
 6.1308030e-02 5.1753532e-02 5.3851645e-02 6.0379118e-02 5.6928884e-02
 4.9197800e-02 5.4589339e-02 5.2434497e-02 5.7753939e-02]Class Weights: [2.1182575e-05 5.6127068e-02 5.6127068e-02 5.9477936e-02 5.6928884e-02
 5.3851645e-02 5.3851645e-02 4.9812771e-02 5.9477936e-02 5.6127068e-02
 6.1308030e-02 5.1753532e-02 5.3851645e-02 6.0379118e-02 5.6928884e-02
 4.9197800e-02 5.4589339e-02 5.2434497e-02 5.7753939e-02]Class Weights: [2.1182575e-05 5.6127068e-02 5.6127068e-02 5.9477936e-02 5.6928884e-02
 5.3851645e-02 5.3851645e-02 4.9812771e-02 5.9477936e-02 5.6127068e-02
 6.1308030e-02 5.1753532e-02 5.3851645e-02 6.0379118e-02 5.6928884e-02
 4.9197800e-02 5.4589339e-02 5.2434497e-02 5.7753939e-02]


Class Weights: [2.1182575e-05 5.6127068e-02 5.6127068e-02 5.9477936e-02 5.6928884e-02
 5.3851645e-02 5.3851645e-02 4.9812771e-02 5.9477936e-02 5.6127068e-02
 6.1308030e-02 5.1753532e-02 5.3851645e-02 6.0379118e-02 5.6928884e-02
 4.9197800e-02 5.4589339e-02 5.2434497e-02 5.7753939e-02]Learning Rate: 0.0005Learning Rate: 0.0005Learning Rate: 0.0005



Learning Rate: 0.0005
Train Loss: 0.5131, Val Loss: 0.4217Train Loss: 0.5131, Val Loss: 0.4217Train Loss: 0.5131, Val Loss: 0.4217
Train Loss: 0.5131, Val Loss: 0.4217


Per-Class Precision: [0.99999314 0.40322581 0.74871795 0.56626506 0.28474576 0.69090909
 0.44525547 0.21107266 0.37435897 0.14864865 0.27244582 0.14801444
 0.14622642 0.58100559 0.15073529 0.36160714 0.46494465 0.46296296
 0.41666667]
Per-Class Recall: [0.99166182 1.         0.97333333 0.94       0.84       0.76
 0.61       0.81333333 0.73       0.88       0.704      0.27333333
 0.496      0.59428571 0.54666667 0.81       0.72       1.
 1.        ]
Per-Class F1-Score: [0.99581005 0.57471264 0.84637681 0.70676692 0.42531646 0.72380952
 0.51476793 0.33516484 0.49491525 0.25433526 0.39285714 0.19203747
 0.22586521 0.58757062 0.23631124 0.5        0.56502242 0.63291139
 0.58823529]
Support per Class: [293949    100    150    150    100    100    100     75    100     75
    125    150    125    175     75    100    175     75     75]
Weighted Precision: 0.9959, Weighted Recall: 0.9899, Weighted F1-Score: 0.9924
Precision: 0.9959, Recall: 0.9899, F1-Score: 0.9924
Fold 1, Epoch 820, Train Loss: 0.5131, Val Loss: 0.4217, Val Acc: 0.9887
Precision: 0.9959, Recall: 0.9852, F1-Score: 0.9899
Fold 1, Epoch 821, Train Loss: 0.5259, Val Loss: 0.4130, Val Acc: 0.9834
Precision: 0.9959, Recall: 0.9864, F1-Score: 0.9906
Fold 1, Epoch 822, Train Loss: 0.5128, Val Loss: 0.4300, Val Acc: 0.9848
Precision: 0.9959, Recall: 0.9853, F1-Score: 0.9900
Fold 1, Epoch 823, Train Loss: 0.5125, Val Loss: 0.4292, Val Acc: 0.9839
Precision: 0.9958, Recall: 0.9889, F1-Score: 0.9919
Fold 1, Epoch 824, Train Loss: 0.5120, Val Loss: 0.4701, Val Acc: 0.9874
Precision: 0.9958, Recall: 0.9852, F1-Score: 0.9899
Fold 1, Epoch 825, Train Loss: 0.5161, Val Loss: 0.4392, Val Acc: 0.9830
Precision: 0.9959, Recall: 0.9848, F1-Score: 0.9897
Fold 1, Epoch 826, Train Loss: 0.5139, Val Loss: 0.4289, Val Acc: 0.9824
Precision: 0.9960, Recall: 0.9876, F1-Score: 0.9912
Fold 1, Epoch 827, Train Loss: 0.5052, Val Loss: 0.4179, Val Acc: 0.9858
Precision: 0.9958, Recall: 0.9864, F1-Score: 0.9904
Fold 1, Epoch 828, Train Loss: 0.4821, Val Loss: 0.4518, Val Acc: 0.9854
Precision: 0.9958, Recall: 0.9882, F1-Score: 0.9915
Fold 1, Epoch 829, Train Loss: 0.4887, Val Loss: 0.4238, Val Acc: 0.9872

--- Epoch 830 ---
--- Epoch 830 ---
--- Epoch 830 ---



--- Epoch 830 ---
Class Weights: [2.1182575e-05 5.6127068e-02 5.6127068e-02 5.9477936e-02 5.6928884e-02
 5.3851645e-02 5.3851645e-02 4.9812771e-02 5.9477936e-02 5.6127068e-02
 6.1308030e-02 5.1753532e-02 5.3851645e-02 6.0379118e-02 5.6928884e-02
 4.9197800e-02 5.4589339e-02 5.2434497e-02 5.7753939e-02]Class Weights: [2.1182575e-05 5.6127068e-02 5.6127068e-02 5.9477936e-02 5.6928884e-02
 5.3851645e-02 5.3851645e-02 4.9812771e-02 5.9477936e-02 5.6127068e-02
 6.1308030e-02 5.1753532e-02 5.3851645e-02 6.0379118e-02 5.6928884e-02
 4.9197800e-02 5.4589339e-02 5.2434497e-02 5.7753939e-02]Class Weights: [2.1182575e-05 5.6127068e-02 5.6127068e-02 5.9477936e-02 5.6928884e-02
 5.3851645e-02 5.3851645e-02 4.9812771e-02 5.9477936e-02 5.6127068e-02
 6.1308030e-02 5.1753532e-02 5.3851645e-02 6.0379118e-02 5.6928884e-02
 4.9197800e-02 5.4589339e-02 5.2434497e-02 5.7753939e-02]


Class Weights: [2.1182575e-05 5.6127068e-02 5.6127068e-02 5.9477936e-02 5.6928884e-02
 5.3851645e-02 5.3851645e-02 4.9812771e-02 5.9477936e-02 5.6127068e-02
 6.1308030e-02 5.1753532e-02 5.3851645e-02 6.0379118e-02 5.6928884e-02
 4.9197800e-02 5.4589339e-02 5.2434497e-02 5.7753939e-02]Learning Rate: 0.0005Learning Rate: 0.0005Learning Rate: 0.0005



Learning Rate: 0.0005
Train Loss: 0.4917, Val Loss: 0.4218Train Loss: 0.4917, Val Loss: 0.4218
Train Loss: 0.4917, Val Loss: 0.4218
Train Loss: 0.4917, Val Loss: 0.4218

Per-Class Precision: [1.         0.17482517 0.80874317 0.55882353 0.271875   0.71171171
 0.32160804 0.16129032 0.37426901 0.0385514  0.13023952 0.14225941
 0.05817175 0.60465116 0.20647773 0.36888889 0.40438871 0.56818182
 0.44642857]
Per-Class Recall: [0.98406186 1.         0.98666667 0.88666667 0.87       0.79
 0.64       0.93333333 0.64       0.88       0.696      0.45333333
 0.168      0.59428571 0.68       0.83       0.73714286 1.
 1.        ]
Per-Class F1-Score: [0.99196691 0.29761905 0.88888889 0.68556701 0.41428571 0.74881517
 0.42809365 0.27504912 0.47232472 0.07386682 0.21941992 0.21656051
 0.08641975 0.59942363 0.31677019 0.51076923 0.52226721 0.72463768
 0.61728395]
Support per Class: [293949    100    150    150    100    100    100     75    100     75
    125    150    125    175     75    100    175     75     75]
Weighted Precision: 0.9957, Weighted Recall: 0.9824, Weighted F1-Score: 0.9884
Precision: 0.9957, Recall: 0.9824, F1-Score: 0.9884
Fold 1, Epoch 830, Train Loss: 0.4917, Val Loss: 0.4218, Val Acc: 0.9808
Precision: 0.9960, Recall: 0.9878, F1-Score: 0.9913
Fold 1, Epoch 831, Train Loss: 0.4794, Val Loss: 0.4232, Val Acc: 0.9860
Precision: 0.9959, Recall: 0.9863, F1-Score: 0.9905
Fold 1, Epoch 832, Train Loss: 0.4868, Val Loss: 0.4349, Val Acc: 0.9842
Precision: 0.9960, Recall: 0.9850, F1-Score: 0.9900
Fold 1, Epoch 833, Train Loss: 0.5432, Val Loss: 0.4368, Val Acc: 0.9827
Precision: 0.9960, Recall: 0.9895, F1-Score: 0.9922
Fold 1, Epoch 834, Train Loss: 0.5023, Val Loss: 0.4268, Val Acc: 0.9883
Precision: 0.9959, Recall: 0.9874, F1-Score: 0.9911
Fold 1, Epoch 835, Train Loss: 0.5093, Val Loss: 0.4270, Val Acc: 0.9858
Precision: 0.9959, Recall: 0.9847, F1-Score: 0.9897
Fold 1, Epoch 836, Train Loss: 0.4877, Val Loss: 0.4430, Val Acc: 0.9826
Precision: 0.9961, Recall: 0.9887, F1-Score: 0.9919
Fold 1, Epoch 837, Train Loss: 0.5105, Val Loss: 0.4298, Val Acc: 0.9873
Precision: 0.9958, Recall: 0.9871, F1-Score: 0.9909
Fold 1, Epoch 838, Train Loss: 0.4868, Val Loss: 0.4504, Val Acc: 0.9856
Precision: 0.9958, Recall: 0.9840, F1-Score: 0.9893
Fold 1, Epoch 839, Train Loss: 0.5153, Val Loss: 0.4674, Val Acc: 0.9833

--- Epoch 840 ---
--- Epoch 840 ---
--- Epoch 840 ---



--- Epoch 840 ---
Class Weights: [2.1182575e-05 5.6127068e-02 5.6127068e-02 5.9477936e-02 5.6928884e-02
 5.3851645e-02 5.3851645e-02 4.9812771e-02 5.9477936e-02 5.6127068e-02
 6.1308030e-02 5.1753532e-02 5.3851645e-02 6.0379118e-02 5.6928884e-02
 4.9197800e-02 5.4589339e-02 5.2434497e-02 5.7753939e-02]Class Weights: [2.1182575e-05 5.6127068e-02 5.6127068e-02 5.9477936e-02 5.6928884e-02
 5.3851645e-02 5.3851645e-02 4.9812771e-02 5.9477936e-02 5.6127068e-02
 6.1308030e-02 5.1753532e-02 5.3851645e-02 6.0379118e-02 5.6928884e-02
 4.9197800e-02 5.4589339e-02 5.2434497e-02 5.7753939e-02]Class Weights: [2.1182575e-05 5.6127068e-02 5.6127068e-02 5.9477936e-02 5.6928884e-02
 5.3851645e-02 5.3851645e-02 4.9812771e-02 5.9477936e-02 5.6127068e-02
 6.1308030e-02 5.1753532e-02 5.3851645e-02 6.0379118e-02 5.6928884e-02
 4.9197800e-02 5.4589339e-02 5.2434497e-02 5.7753939e-02]
Class Weights: [2.1182575e-05 5.6127068e-02 5.6127068e-02 5.9477936e-02 5.6928884e-02
 5.3851645e-02 5.3851645e-02 4.9812771e-02 5.9477936e-02 5.6127068e-02
 6.1308030e-02 5.1753532e-02 5.3851645e-02 6.0379118e-02 5.6928884e-02
 4.9197800e-02 5.4589339e-02 5.2434497e-02 5.7753939e-02]
Learning Rate: 0.0005


Learning Rate: 0.0005Learning Rate: 0.0005Learning Rate: 0.0005


Train Loss: 0.5496, Val Loss: 0.4436
Train Loss: 0.5496, Val Loss: 0.4436Train Loss: 0.5496, Val Loss: 0.4436Train Loss: 0.5496, Val Loss: 0.4436


Per-Class Precision: [1.         0.42372881 0.75757576 0.62844037 0.33789954 0.66386555
 0.33830846 0.17520216 0.44554455 0.06091371 0.22265625 0.13370474
 0.03421053 0.68421053 0.17563739 0.45038168 0.44585987 0.52112676
 0.48701299]
Per-Class Recall: [0.98842997 1.         1.         0.91333333 0.74       0.79
 0.68       0.86666667 0.45       0.96       0.456      0.64
 0.104      0.52       0.82666667 0.59       0.8        0.98666667
 1.        ]
Per-Class F1-Score: [0.99418132 0.5952381  0.86206897 0.74456522 0.46394984 0.72146119
 0.45182724 0.29147982 0.44776119 0.11455847 0.2992126  0.22119816
 0.05148515 0.59090909 0.28971963 0.51082251 0.57259714 0.68202765
 0.65502183]
Support per Class: [293949    100    150    150    100    100    100     75    100     75
    125    150    125    175     75    100    175     75     75]
Weighted Precision: 0.9960, Weighted Recall: 0.9866, Weighted F1-Score: 0.9907
Precision: 0.9960, Recall: 0.9866, F1-Score: 0.9907
Fold 1, Epoch 840, Train Loss: 0.5496, Val Loss: 0.4436, Val Acc: 0.9846
Precision: 0.9958, Recall: 0.9869, F1-Score: 0.9908
Fold 1, Epoch 841, Train Loss: 0.5330, Val Loss: 0.4114, Val Acc: 0.9852
Precision: 0.9959, Recall: 0.9881, F1-Score: 0.9914
Fold 1, Epoch 842, Train Loss: 0.5022, Val Loss: 0.4149, Val Acc: 0.9864
Precision: 0.9959, Recall: 0.9850, F1-Score: 0.9899
Fold 1, Epoch 843, Train Loss: 0.5038, Val Loss: 0.4267, Val Acc: 0.9840
Precision: 0.9958, Recall: 0.9877, F1-Score: 0.9913
Fold 1, Epoch 844, Train Loss: 0.4851, Val Loss: 0.4269, Val Acc: 0.9857
Precision: 0.9957, Recall: 0.9798, F1-Score: 0.9871
Fold 1, Epoch 845, Train Loss: 0.4987, Val Loss: 0.4088, Val Acc: 0.9791
Precision: 0.9960, Recall: 0.9905, F1-Score: 0.9927
Fold 1, Epoch 846, Train Loss: 0.4811, Val Loss: 0.4304, Val Acc: 0.9895
Precision: 0.9959, Recall: 0.9856, F1-Score: 0.9900
Fold 1, Epoch 847, Train Loss: 0.4922, Val Loss: 0.4313, Val Acc: 0.9846
Precision: 0.9959, Recall: 0.9871, F1-Score: 0.9909
Fold 1, Epoch 848, Train Loss: 0.4995, Val Loss: 0.4285, Val Acc: 0.9862
Precision: 0.9959, Recall: 0.9863, F1-Score: 0.9904
Fold 1, Epoch 849, Train Loss: 0.4862, Val Loss: 0.4214, Val Acc: 0.9847

--- Epoch 850 ---
--- Epoch 850 ---
--- Epoch 850 ---



--- Epoch 850 ---
Class Weights: [2.1182575e-05 5.6127068e-02 5.6127068e-02 5.9477936e-02 5.6928884e-02
 5.3851645e-02 5.3851645e-02 4.9812771e-02 5.9477936e-02 5.6127068e-02
 6.1308030e-02 5.1753532e-02 5.3851645e-02 6.0379118e-02 5.6928884e-02
 4.9197800e-02 5.4589339e-02 5.2434497e-02 5.7753939e-02]Class Weights: [2.1182575e-05 5.6127068e-02 5.6127068e-02 5.9477936e-02 5.6928884e-02
 5.3851645e-02 5.3851645e-02 4.9812771e-02 5.9477936e-02 5.6127068e-02
 6.1308030e-02 5.1753532e-02 5.3851645e-02 6.0379118e-02 5.6928884e-02
 4.9197800e-02 5.4589339e-02 5.2434497e-02 5.7753939e-02]
Class Weights: [2.1182575e-05 5.6127068e-02 5.6127068e-02 5.9477936e-02 5.6928884e-02
 5.3851645e-02 5.3851645e-02 4.9812771e-02 5.9477936e-02 5.6127068e-02
 6.1308030e-02 5.1753532e-02 5.3851645e-02 6.0379118e-02 5.6928884e-02
 4.9197800e-02 5.4589339e-02 5.2434497e-02 5.7753939e-02]
Learning Rate: 0.0005Class Weights: [2.1182575e-05 5.6127068e-02 5.6127068e-02 5.9477936e-02 5.6928884e-02
 5.3851645e-02 5.3851645e-02 4.9812771e-02 5.9477936e-02 5.6127068e-02
 6.1308030e-02 5.1753532e-02 5.3851645e-02 6.0379118e-02 5.6928884e-02
 4.9197800e-02 5.4589339e-02 5.2434497e-02 5.7753939e-02]

Learning Rate: 0.0005

Learning Rate: 0.0005
Learning Rate: 0.0005
Train Loss: 0.5102, Val Loss: 0.4198
Train Loss: 0.5102, Val Loss: 0.4198
Train Loss: 0.5102, Val Loss: 0.4198Train Loss: 0.5102, Val Loss: 0.4198

Per-Class Precision: [1.         0.6097561  0.85465116 0.62735849 0.32535885 0.45604396
 0.29716981 0.05963699 0.3908046  0.03041825 0.23705722 0.16788321
 0.10641399 0.50970874 0.25210084 0.34562212 0.47540984 0.85365854
 0.48701299]
Per-Class Recall: [0.98289159 1.         0.98       0.88666667 0.68       0.83
 0.63       0.92       0.68       0.85333333 0.696      0.30666667
 0.584      0.6        0.8        0.75       0.66285714 0.93333333
 1.        ]
Per-Class F1-Score: [0.99137199 0.75757576 0.91304348 0.73480663 0.44012945 0.58865248
 0.40384615 0.11201299 0.49635036 0.05874254 0.35365854 0.21698113
 0.18002466 0.5511811  0.38338658 0.47318612 0.55369928 0.89171975
 0.65502183]
Support per Class: [293949    100    150    150    100    100    100     75    100     75
    125    150    125    175     75    100    175     75     75]
Weighted Precision: 0.9960, Weighted Recall: 0.9812, Weighted F1-Score: 0.9880
Precision: 0.9960, Recall: 0.9812, F1-Score: 0.9880
Fold 1, Epoch 850, Train Loss: 0.5102, Val Loss: 0.4198, Val Acc: 0.9788
Precision: 0.9959, Recall: 0.9900, F1-Score: 0.9924
Fold 1, Epoch 851, Train Loss: 0.4673, Val Loss: 0.4262, Val Acc: 0.9887
Precision: 0.9960, Recall: 0.9826, F1-Score: 0.9887
Fold 1, Epoch 852, Train Loss: 0.4848, Val Loss: 0.4127, Val Acc: 0.9808
Precision: 0.9960, Recall: 0.9895, F1-Score: 0.9923
Fold 1, Epoch 853, Train Loss: 0.4770, Val Loss: 0.4476, Val Acc: 0.9883
Precision: 0.9959, Recall: 0.9865, F1-Score: 0.9906
Fold 1, Epoch 854, Train Loss: 0.4917, Val Loss: 0.4204, Val Acc: 0.9848
Precision: 0.9960, Recall: 0.9872, F1-Score: 0.9910
Fold 1, Epoch 855, Train Loss: 0.5098, Val Loss: 0.4348, Val Acc: 0.9861
Precision: 0.9959, Recall: 0.9862, F1-Score: 0.9905
Fold 1, Epoch 856, Train Loss: 0.4950, Val Loss: 0.4135, Val Acc: 0.9843
Precision: 0.9957, Recall: 0.9901, F1-Score: 0.9925
Fold 1, Epoch 857, Train Loss: 0.4832, Val Loss: 0.4357, Val Acc: 0.9889
Precision: 0.9958, Recall: 0.9846, F1-Score: 0.9897
Fold 1, Epoch 858, Train Loss: 0.5083, Val Loss: 0.4213, Val Acc: 0.9824
Precision: 0.9960, Recall: 0.9881, F1-Score: 0.9915
Fold 1, Epoch 859, Train Loss: 0.4780, Val Loss: 0.4091, Val Acc: 0.9868

--- Epoch 860 ---
--- Epoch 860 ---
--- Epoch 860 ---



--- Epoch 860 ---
Class Weights: [2.1182575e-05 5.6127068e-02 5.6127068e-02 5.9477936e-02 5.6928884e-02
 5.3851645e-02 5.3851645e-02 4.9812771e-02 5.9477936e-02 5.6127068e-02
 6.1308030e-02 5.1753532e-02 5.3851645e-02 6.0379118e-02 5.6928884e-02
 4.9197800e-02 5.4589339e-02 5.2434497e-02 5.7753939e-02]Class Weights: [2.1182575e-05 5.6127068e-02 5.6127068e-02 5.9477936e-02 5.6928884e-02
 5.3851645e-02 5.3851645e-02 4.9812771e-02 5.9477936e-02 5.6127068e-02
 6.1308030e-02 5.1753532e-02 5.3851645e-02 6.0379118e-02 5.6928884e-02
 4.9197800e-02 5.4589339e-02 5.2434497e-02 5.7753939e-02]Class Weights: [2.1182575e-05 5.6127068e-02 5.6127068e-02 5.9477936e-02 5.6928884e-02
 5.3851645e-02 5.3851645e-02 4.9812771e-02 5.9477936e-02 5.6127068e-02
 6.1308030e-02 5.1753532e-02 5.3851645e-02 6.0379118e-02 5.6928884e-02
 4.9197800e-02 5.4589339e-02 5.2434497e-02 5.7753939e-02]


Learning Rate: 0.0005Learning Rate: 0.0005Class Weights: [2.1182575e-05 5.6127068e-02 5.6127068e-02 5.9477936e-02 5.6928884e-02
 5.3851645e-02 5.3851645e-02 4.9812771e-02 5.9477936e-02 5.6127068e-02
 6.1308030e-02 5.1753532e-02 5.3851645e-02 6.0379118e-02 5.6928884e-02
 4.9197800e-02 5.4589339e-02 5.2434497e-02 5.7753939e-02]Learning Rate: 0.0005



Learning Rate: 0.0005
Train Loss: 0.4850, Val Loss: 0.4085
Train Loss: 0.4850, Val Loss: 0.4085Train Loss: 0.4850, Val Loss: 0.4085Train Loss: 0.4850, Val Loss: 0.4085


Per-Class Precision: [1.         0.50761421 0.76923077 0.59090909 0.29646018 0.54375
 0.16969697 0.37209302 0.47727273 0.058876   0.12191358 0.16027875
 0.045053   0.41503268 0.17647059 0.3681592  0.49308756 0.5033557
 0.45731707]
Per-Class Recall: [0.98525935 1.         1.         0.95333333 0.67       0.87
 0.84       0.64       0.63       0.88       0.632      0.30666667
 0.408      0.72571429 0.84       0.74       0.61142857 1.
 1.        ]
Per-Class F1-Score: [0.99257495 0.67340067 0.86956522 0.72959184 0.41104294 0.66923077
 0.28235294 0.47058824 0.54310345 0.11036789 0.20439845 0.21052632
 0.08114558 0.52806653 0.29166667 0.49169435 0.54591837 0.66964286
 0.62761506]
Support per Class: [293949    100    150    150    100    100    100     75    100     75
    125    150    125    175     75    100    175     75     75]
Weighted Precision: 0.9957, Weighted Recall: 0.9836, Weighted F1-Score: 0.9890
Precision: 0.9957, Recall: 0.9836, F1-Score: 0.9890
Fold 1, Epoch 860, Train Loss: 0.4850, Val Loss: 0.4085, Val Acc: 0.9826
Precision: 0.9958, Recall: 0.9880, F1-Score: 0.9914
Fold 1, Epoch 861, Train Loss: 0.5111, Val Loss: 0.4178, Val Acc: 0.9866
Precision: 0.9960, Recall: 0.9871, F1-Score: 0.9909
Fold 1, Epoch 862, Train Loss: 0.4885, Val Loss: 0.4144, Val Acc: 0.9856
Precision: 0.9960, Recall: 0.9888, F1-Score: 0.9919
Fold 1, Epoch 863, Train Loss: 0.4854, Val Loss: 0.4095, Val Acc: 0.9874
Precision: 0.9959, Recall: 0.9895, F1-Score: 0.9921
Fold 1, Epoch 864, Train Loss: 0.5147, Val Loss: 0.4326, Val Acc: 0.9881
Precision: 0.9958, Recall: 0.9737, F1-Score: 0.9840
Fold 1, Epoch 865, Train Loss: 0.4782, Val Loss: 0.4408, Val Acc: 0.9710
Precision: 0.9961, Recall: 0.9904, F1-Score: 0.9928
Fold 1, Epoch 866, Train Loss: 0.5127, Val Loss: 0.4163, Val Acc: 0.9893
Precision: 0.9961, Recall: 0.9858, F1-Score: 0.9903
Fold 1, Epoch 867, Train Loss: 0.4837, Val Loss: 0.4403, Val Acc: 0.9848
Precision: 0.9955, Recall: 0.9859, F1-Score: 0.9900
Fold 1, Epoch 868, Train Loss: 0.5193, Val Loss: 0.4481, Val Acc: 0.9843
Precision: 0.9958, Recall: 0.9840, F1-Score: 0.9893
Fold 1, Epoch 869, Train Loss: 0.4963, Val Loss: 0.4130, Val Acc: 0.9824

--- Epoch 870 ---
--- Epoch 870 ---
--- Epoch 870 ---



--- Epoch 870 ---
Class Weights: [2.1182575e-05 5.6127068e-02 5.6127068e-02 5.9477936e-02 5.6928884e-02
 5.3851645e-02 5.3851645e-02 4.9812771e-02 5.9477936e-02 5.6127068e-02
 6.1308030e-02 5.1753532e-02 5.3851645e-02 6.0379118e-02 5.6928884e-02
 4.9197800e-02 5.4589339e-02 5.2434497e-02 5.7753939e-02]Class Weights: [2.1182575e-05 5.6127068e-02 5.6127068e-02 5.9477936e-02 5.6928884e-02
 5.3851645e-02 5.3851645e-02 4.9812771e-02 5.9477936e-02 5.6127068e-02
 6.1308030e-02 5.1753532e-02 5.3851645e-02 6.0379118e-02 5.6928884e-02
 4.9197800e-02 5.4589339e-02 5.2434497e-02 5.7753939e-02]Class Weights: [2.1182575e-05 5.6127068e-02 5.6127068e-02 5.9477936e-02 5.6928884e-02
 5.3851645e-02 5.3851645e-02 4.9812771e-02 5.9477936e-02 5.6127068e-02
 6.1308030e-02 5.1753532e-02 5.3851645e-02 6.0379118e-02 5.6928884e-02
 4.9197800e-02 5.4589339e-02 5.2434497e-02 5.7753939e-02]

Class Weights: [2.1182575e-05 5.6127068e-02 5.6127068e-02 5.9477936e-02 5.6928884e-02
 5.3851645e-02 5.3851645e-02 4.9812771e-02 5.9477936e-02 5.6127068e-02
 6.1308030e-02 5.1753532e-02 5.3851645e-02 6.0379118e-02 5.6928884e-02
 4.9197800e-02 5.4589339e-02 5.2434497e-02 5.7753939e-02]
Learning Rate: 0.0005Learning Rate: 0.0005


Learning Rate: 0.0005Learning Rate: 0.0005

Train Loss: 0.4971, Val Loss: 0.4141Train Loss: 0.4971, Val Loss: 0.4141

Train Loss: 0.4971, Val Loss: 0.4141Train Loss: 0.4971, Val Loss: 0.4141

Per-Class Precision: [0.99999314 0.58479532 0.76404494 0.55769231 0.23263889 0.49171271
 0.36309524 0.17647059 0.35242291 0.13808463 0.21848739 0.14285714
 0.07       0.41666667 0.22672065 0.45033113 0.47058824 0.48076923
 0.44642857]
Per-Class Recall: [0.99117194 1.         0.90666667 0.96666667 0.67       0.89
 0.61       0.76       0.8        0.82666667 0.624      0.45333333
 0.112      0.74285714 0.74666667 0.68       0.82285714 1.
 1.        ]
Per-Class F1-Score: [0.995563   0.73800738 0.82926829 0.70731707 0.34536082 0.63345196
 0.45522388 0.28643216 0.48929664 0.23664122 0.32365145 0.2172524
 0.08615385 0.5338809  0.34782609 0.54183267 0.5987526  0.64935065
 0.61728395]
Support per Class: [293949    100    150    150    100    100    100     75    100     75
    125    150    125    175     75    100    175     75     75]
Weighted Precision: 0.9957, Weighted Recall: 0.9895, Weighted F1-Score: 0.9921
Precision: 0.9957, Recall: 0.9895, F1-Score: 0.9921
Fold 1, Epoch 870, Train Loss: 0.4971, Val Loss: 0.4141, Val Acc: 0.9881
Precision: 0.9958, Recall: 0.9838, F1-Score: 0.9893
Fold 1, Epoch 871, Train Loss: 0.5142, Val Loss: 0.4189, Val Acc: 0.9821
Precision: 0.9959, Recall: 0.9868, F1-Score: 0.9906
Fold 1, Epoch 872, Train Loss: 0.4772, Val Loss: 0.4224, Val Acc: 0.9857
Precision: 0.9958, Recall: 0.9875, F1-Score: 0.9910
Fold 1, Epoch 873, Train Loss: 0.5062, Val Loss: 0.4139, Val Acc: 0.9864
Precision: 0.9959, Recall: 0.9899, F1-Score: 0.9924
Fold 1, Epoch 874, Train Loss: 0.4939, Val Loss: 0.4031, Val Acc: 0.9889
Precision: 0.9959, Recall: 0.9855, F1-Score: 0.9902
Fold 1, Epoch 875, Train Loss: 0.4895, Val Loss: 0.4168, Val Acc: 0.9836
Precision: 0.9960, Recall: 0.9896, F1-Score: 0.9923
Fold 1, Epoch 876, Train Loss: 0.4932, Val Loss: 0.4242, Val Acc: 0.9883
Precision: 0.9957, Recall: 0.9807, F1-Score: 0.9874
Fold 1, Epoch 877, Train Loss: 0.5399, Val Loss: 0.4278, Val Acc: 0.9784
Precision: 0.9960, Recall: 0.9877, F1-Score: 0.9913
Fold 1, Epoch 878, Train Loss: 0.4875, Val Loss: 0.4259, Val Acc: 0.9864
Precision: 0.9959, Recall: 0.9875, F1-Score: 0.9912
Fold 1, Epoch 879, Train Loss: 0.4840, Val Loss: 0.4084, Val Acc: 0.9856

--- Epoch 880 ---
--- Epoch 880 ---
--- Epoch 880 ---



--- Epoch 880 ---
Class Weights: [2.1182575e-05 5.6127068e-02 5.6127068e-02 5.9477936e-02 5.6928884e-02
 5.3851645e-02 5.3851645e-02 4.9812771e-02 5.9477936e-02 5.6127068e-02
 6.1308030e-02 5.1753532e-02 5.3851645e-02 6.0379118e-02 5.6928884e-02
 4.9197800e-02 5.4589339e-02 5.2434497e-02 5.7753939e-02]Class Weights: [2.1182575e-05 5.6127068e-02 5.6127068e-02 5.9477936e-02 5.6928884e-02
 5.3851645e-02 5.3851645e-02 4.9812771e-02 5.9477936e-02 5.6127068e-02
 6.1308030e-02 5.1753532e-02 5.3851645e-02 6.0379118e-02 5.6928884e-02
 4.9197800e-02 5.4589339e-02 5.2434497e-02 5.7753939e-02]Class Weights: [2.1182575e-05 5.6127068e-02 5.6127068e-02 5.9477936e-02 5.6928884e-02
 5.3851645e-02 5.3851645e-02 4.9812771e-02 5.9477936e-02 5.6127068e-02
 6.1308030e-02 5.1753532e-02 5.3851645e-02 6.0379118e-02 5.6928884e-02
 4.9197800e-02 5.4589339e-02 5.2434497e-02 5.7753939e-02]


Learning Rate: 0.0005Learning Rate: 0.0005
Learning Rate: 0.0005Class Weights: [2.1182575e-05 5.6127068e-02 5.6127068e-02 5.9477936e-02 5.6928884e-02
 5.3851645e-02 5.3851645e-02 4.9812771e-02 5.9477936e-02 5.6127068e-02
 6.1308030e-02 5.1753532e-02 5.3851645e-02 6.0379118e-02 5.6928884e-02
 4.9197800e-02 5.4589339e-02 5.2434497e-02 5.7753939e-02]


Learning Rate: 0.0005
Train Loss: 0.4903, Val Loss: 0.4108
Train Loss: 0.4903, Val Loss: 0.4108Train Loss: 0.4903, Val Loss: 0.4108

Train Loss: 0.4903, Val Loss: 0.4108
Per-Class Precision: [1.         0.46728972 0.80540541 0.61160714 0.19451372 0.56338028
 0.40425532 0.11403509 0.28451883 0.04968944 0.21680217 0.17716535
 0.12362637 0.52571429 0.26190476 0.43005181 0.48239437 0.68807339
 0.44642857]
Per-Class Recall: [0.98667796 1.         0.99333333 0.91333333 0.78       0.8
 0.76       0.86666667 0.68       0.85333333 0.64       0.3
 0.72       0.52571429 0.73333333 0.83       0.78285714 1.
 1.        ]
Per-Class F1-Score: [0.99329431 0.63694268 0.88955224 0.73262032 0.31137725 0.66115702
 0.52777778 0.20155039 0.40117994 0.09391049 0.32388664 0.22277228
 0.21101993 0.52571429 0.38596491 0.5665529  0.59694989 0.81521739
 0.61728395]
Support per Class: [293949    100    150    150    100    100    100     75    100     75
    125    150    125    175     75    100    175     75     75]
Weighted Precision: 0.9959, Weighted Recall: 0.9852, Weighted F1-Score: 0.9899
Precision: 0.9959, Recall: 0.9852, F1-Score: 0.9899
Fold 1, Epoch 880, Train Loss: 0.4903, Val Loss: 0.4108, Val Acc: 0.9825
Precision: 0.9960, Recall: 0.9884, F1-Score: 0.9917
Fold 1, Epoch 881, Train Loss: 0.4798, Val Loss: 0.4160, Val Acc: 0.9870
Precision: 0.9958, Recall: 0.9865, F1-Score: 0.9905
Fold 1, Epoch 882, Train Loss: 0.4685, Val Loss: 0.4439, Val Acc: 0.9848
Precision: 0.9960, Recall: 0.9840, F1-Score: 0.9892
Fold 1, Epoch 883, Train Loss: 0.4958, Val Loss: 0.4117, Val Acc: 0.9823
Precision: 0.9959, Recall: 0.9894, F1-Score: 0.9921
Fold 1, Epoch 884, Train Loss: 0.5080, Val Loss: 0.4105, Val Acc: 0.9881
Precision: 0.9958, Recall: 0.9865, F1-Score: 0.9906
Fold 1, Epoch 885, Train Loss: 0.4931, Val Loss: 0.4019, Val Acc: 0.9845
Precision: 0.9959, Recall: 0.9894, F1-Score: 0.9922
Fold 1, Epoch 886, Train Loss: 0.5054, Val Loss: 0.4304, Val Acc: 0.9883
Precision: 0.9960, Recall: 0.9806, F1-Score: 0.9876
Fold 1, Epoch 887, Train Loss: 0.4893, Val Loss: 0.4102, Val Acc: 0.9782
Precision: 0.9960, Recall: 0.9902, F1-Score: 0.9926
Fold 1, Epoch 888, Train Loss: 0.4912, Val Loss: 0.4016, Val Acc: 0.9892
Precision: 0.9958, Recall: 0.9858, F1-Score: 0.9902
Fold 1, Epoch 889, Train Loss: 0.5074, Val Loss: 0.4377, Val Acc: 0.9852

--- Epoch 890 ---
--- Epoch 890 ---
--- Epoch 890 ---



--- Epoch 890 ---
Class Weights: [2.1182575e-05 5.6127068e-02 5.6127068e-02 5.9477936e-02 5.6928884e-02
 5.3851645e-02 5.3851645e-02 4.9812771e-02 5.9477936e-02 5.6127068e-02
 6.1308030e-02 5.1753532e-02 5.3851645e-02 6.0379118e-02 5.6928884e-02
 4.9197800e-02 5.4589339e-02 5.2434497e-02 5.7753939e-02]Class Weights: [2.1182575e-05 5.6127068e-02 5.6127068e-02 5.9477936e-02 5.6928884e-02
 5.3851645e-02 5.3851645e-02 4.9812771e-02 5.9477936e-02 5.6127068e-02
 6.1308030e-02 5.1753532e-02 5.3851645e-02 6.0379118e-02 5.6928884e-02
 4.9197800e-02 5.4589339e-02 5.2434497e-02 5.7753939e-02]Class Weights: [2.1182575e-05 5.6127068e-02 5.6127068e-02 5.9477936e-02 5.6928884e-02
 5.3851645e-02 5.3851645e-02 4.9812771e-02 5.9477936e-02 5.6127068e-02
 6.1308030e-02 5.1753532e-02 5.3851645e-02 6.0379118e-02 5.6928884e-02
 4.9197800e-02 5.4589339e-02 5.2434497e-02 5.7753939e-02]

Class Weights: [2.1182575e-05 5.6127068e-02 5.6127068e-02 5.9477936e-02 5.6928884e-02
 5.3851645e-02 5.3851645e-02 4.9812771e-02 5.9477936e-02 5.6127068e-02
 6.1308030e-02 5.1753532e-02 5.3851645e-02 6.0379118e-02 5.6928884e-02
 4.9197800e-02 5.4589339e-02 5.2434497e-02 5.7753939e-02]
Learning Rate: 0.0005Learning Rate: 0.0005

Learning Rate: 0.0005

Learning Rate: 0.0005
Train Loss: 0.5254, Val Loss: 0.4272
Train Loss: 0.5254, Val Loss: 0.4272Train Loss: 0.5254, Val Loss: 0.4272Train Loss: 0.5254, Val Loss: 0.4272


Per-Class Precision: [1.         0.45248869 0.82758621 0.61434978 0.25694444 0.58064516
 0.3215859  0.16020672 0.4        0.05283912 0.16864608 0.11754069
 0.11594203 0.7        0.40449438 0.29392971 0.49350649 0.67889908
 0.39473684]
Per-Class Recall: [0.98757948 1.         0.96       0.91333333 0.74       0.9
 0.73       0.82666667 0.66       0.89333333 0.568      0.43333333
 0.512      0.44       0.48       0.92       0.65142857 0.98666667
 1.        ]
Per-Class F1-Score: [0.99375093 0.62305296 0.88888889 0.73458445 0.3814433  0.70588235
 0.44648318 0.26839827 0.49811321 0.09977662 0.26007326 0.18492176
 0.18906942 0.54035088 0.43902439 0.44552058 0.56157635 0.80434783
 0.56603774]
Support per Class: [293949    100    150    150    100    100    100     75    100     75
    125    150    125    175     75    100    175     75     75]
Weighted Precision: 0.9960, Weighted Recall: 0.9858, Weighted F1-Score: 0.9903
Precision: 0.9960, Recall: 0.9858, F1-Score: 0.9903
Fold 1, Epoch 890, Train Loss: 0.5254, Val Loss: 0.4272, Val Acc: 0.9838
Precision: 0.9960, Recall: 0.9887, F1-Score: 0.9918
Fold 1, Epoch 891, Train Loss: 0.4876, Val Loss: 0.4050, Val Acc: 0.9872
Precision: 0.9959, Recall: 0.9841, F1-Score: 0.9894
Fold 1, Epoch 892, Train Loss: 0.5036, Val Loss: 0.4101, Val Acc: 0.9826
Precision: 0.9958, Recall: 0.9887, F1-Score: 0.9917
Fold 1, Epoch 893, Train Loss: 0.4973, Val Loss: 0.4164, Val Acc: 0.9874
Precision: 0.9958, Recall: 0.9856, F1-Score: 0.9901
Fold 1, Epoch 894, Train Loss: 0.4991, Val Loss: 0.4049, Val Acc: 0.9836
Precision: 0.9959, Recall: 0.9887, F1-Score: 0.9918
Fold 1, Epoch 895, Train Loss: 0.4593, Val Loss: 0.4034, Val Acc: 0.9870
Precision: 0.9960, Recall: 0.9885, F1-Score: 0.9917
Fold 1, Epoch 896, Train Loss: 0.4769, Val Loss: 0.4061, Val Acc: 0.9867
Precision: 0.9957, Recall: 0.9850, F1-Score: 0.9898
Fold 1, Epoch 897, Train Loss: 0.4684, Val Loss: 0.4125, Val Acc: 0.9832
Precision: 0.9957, Recall: 0.9864, F1-Score: 0.9905
Fold 1, Epoch 898, Train Loss: 0.4759, Val Loss: 0.3936, Val Acc: 0.9863
Precision: 0.9960, Recall: 0.9867, F1-Score: 0.9907
Fold 1, Epoch 899, Train Loss: 0.4924, Val Loss: 0.4032, Val Acc: 0.9854

--- Epoch 900 ---
--- Epoch 900 ---
--- Epoch 900 ---



--- Epoch 900 ---
Class Weights: [2.1182575e-05 5.6127068e-02 5.6127068e-02 5.9477936e-02 5.6928884e-02
 5.3851645e-02 5.3851645e-02 4.9812771e-02 5.9477936e-02 5.6127068e-02
 6.1308030e-02 5.1753532e-02 5.3851645e-02 6.0379118e-02 5.6928884e-02
 4.9197800e-02 5.4589339e-02 5.2434497e-02 5.7753939e-02]Class Weights: [2.1182575e-05 5.6127068e-02 5.6127068e-02 5.9477936e-02 5.6928884e-02
 5.3851645e-02 5.3851645e-02 4.9812771e-02 5.9477936e-02 5.6127068e-02
 6.1308030e-02 5.1753532e-02 5.3851645e-02 6.0379118e-02 5.6928884e-02
 4.9197800e-02 5.4589339e-02 5.2434497e-02 5.7753939e-02]Class Weights: [2.1182575e-05 5.6127068e-02 5.6127068e-02 5.9477936e-02 5.6928884e-02
 5.3851645e-02 5.3851645e-02 4.9812771e-02 5.9477936e-02 5.6127068e-02
 6.1308030e-02 5.1753532e-02 5.3851645e-02 6.0379118e-02 5.6928884e-02
 4.9197800e-02 5.4589339e-02 5.2434497e-02 5.7753939e-02]


Class Weights: [2.1182575e-05 5.6127068e-02 5.6127068e-02 5.9477936e-02 5.6928884e-02
 5.3851645e-02 5.3851645e-02 4.9812771e-02 5.9477936e-02 5.6127068e-02
 6.1308030e-02 5.1753532e-02 5.3851645e-02 6.0379118e-02 5.6928884e-02
 4.9197800e-02 5.4589339e-02 5.2434497e-02 5.7753939e-02]Learning Rate: 0.0005Learning Rate: 0.0005Learning Rate: 0.0005



Learning Rate: 0.0005
Train Loss: 0.4690, Val Loss: 0.4001
Train Loss: 0.4690, Val Loss: 0.4001Train Loss: 0.4690, Val Loss: 0.4001Train Loss: 0.4690, Val Loss: 0.4001


Per-Class Precision: [1.         0.34246575 0.80540541 0.63111111 0.26421405 0.57051282
 0.46621622 0.23412698 0.29365079 0.13530655 0.26239067 0.19900498
 0.17788462 0.64497041 0.06788247 0.4822695  0.47727273 0.44642857
 0.43103448]
Per-Class Recall: [0.98938591 1.         0.99333333 0.94666667 0.79       0.89
 0.69       0.78666667 0.74       0.85333333 0.72       0.26666667
 0.592      0.62285714 0.89333333 0.68       0.72       1.
 1.        ]
Per-Class F1-Score: [0.99466464 0.51020408 0.88955224 0.75733333 0.39598997 0.6953125
 0.55645161 0.36085627 0.42045455 0.23357664 0.38461538 0.22792023
 0.27356747 0.63372093 0.12617702 0.56431535 0.57403189 0.61728395
 0.60240964]
Support per Class: [293949    100    150    150    100    100    100     75    100     75
    125    150    125    175     75    100    175     75     75]
Weighted Precision: 0.9960, Weighted Recall: 0.9879, Weighted F1-Score: 0.9914
Precision: 0.9960, Recall: 0.9879, F1-Score: 0.9914
Fold 1, Epoch 900, Train Loss: 0.4690, Val Loss: 0.4001, Val Acc: 0.9869
Precision: 0.9959, Recall: 0.9881, F1-Score: 0.9915
Fold 1, Epoch 901, Train Loss: 0.4955, Val Loss: 0.4106, Val Acc: 0.9864
Precision: 0.9961, Recall: 0.9892, F1-Score: 0.9921
Fold 1, Epoch 902, Train Loss: 0.4769, Val Loss: 0.4102, Val Acc: 0.9877
Precision: 0.9961, Recall: 0.9876, F1-Score: 0.9913
Fold 1, Epoch 903, Train Loss: 0.5251, Val Loss: 0.4207, Val Acc: 0.9862
Precision: 0.9958, Recall: 0.9867, F1-Score: 0.9906
Fold 1, Epoch 904, Train Loss: 0.5287, Val Loss: 0.4266, Val Acc: 0.9850
Precision: 0.9960, Recall: 0.9862, F1-Score: 0.9905
Fold 1, Epoch 905, Train Loss: 0.4933, Val Loss: 0.4322, Val Acc: 0.9841
Precision: 0.9958, Recall: 0.9888, F1-Score: 0.9917
Fold 1, Epoch 906, Train Loss: 0.4959, Val Loss: 0.4217, Val Acc: 0.9874
Precision: 0.9961, Recall: 0.9891, F1-Score: 0.9921
Fold 1, Epoch 907, Train Loss: 0.4963, Val Loss: 0.4283, Val Acc: 0.9878
Precision: 0.9961, Recall: 0.9854, F1-Score: 0.9902
Fold 1, Epoch 908, Train Loss: 0.5083, Val Loss: 0.4046, Val Acc: 0.9834
Precision: 0.9958, Recall: 0.9858, F1-Score: 0.9902
Fold 1, Epoch 909, Train Loss: 0.4678, Val Loss: 0.4230, Val Acc: 0.9843

--- Epoch 910 ---
--- Epoch 910 ---
--- Epoch 910 ---



--- Epoch 910 ---
Class Weights: [2.1182575e-05 5.6127068e-02 5.6127068e-02 5.9477936e-02 5.6928884e-02
 5.3851645e-02 5.3851645e-02 4.9812771e-02 5.9477936e-02 5.6127068e-02
 6.1308030e-02 5.1753532e-02 5.3851645e-02 6.0379118e-02 5.6928884e-02
 4.9197800e-02 5.4589339e-02 5.2434497e-02 5.7753939e-02]Class Weights: [2.1182575e-05 5.6127068e-02 5.6127068e-02 5.9477936e-02 5.6928884e-02
 5.3851645e-02 5.3851645e-02 4.9812771e-02 5.9477936e-02 5.6127068e-02
 6.1308030e-02 5.1753532e-02 5.3851645e-02 6.0379118e-02 5.6928884e-02
 4.9197800e-02 5.4589339e-02 5.2434497e-02 5.7753939e-02]Class Weights: [2.1182575e-05 5.6127068e-02 5.6127068e-02 5.9477936e-02 5.6928884e-02
 5.3851645e-02 5.3851645e-02 4.9812771e-02 5.9477936e-02 5.6127068e-02
 6.1308030e-02 5.1753532e-02 5.3851645e-02 6.0379118e-02 5.6928884e-02
 4.9197800e-02 5.4589339e-02 5.2434497e-02 5.7753939e-02]


Learning Rate: 0.0005Learning Rate: 0.0005
Learning Rate: 0.0005Class Weights: [2.1182575e-05 5.6127068e-02 5.6127068e-02 5.9477936e-02 5.6928884e-02
 5.3851645e-02 5.3851645e-02 4.9812771e-02 5.9477936e-02 5.6127068e-02
 6.1308030e-02 5.1753532e-02 5.3851645e-02 6.0379118e-02 5.6928884e-02
 4.9197800e-02 5.4589339e-02 5.2434497e-02 5.7753939e-02]


Learning Rate: 0.0005
Train Loss: 0.4670, Val Loss: 0.4023
Train Loss: 0.4670, Val Loss: 0.4023Train Loss: 0.4670, Val Loss: 0.4023

Train Loss: 0.4670, Val Loss: 0.4023
Per-Class Precision: [1.         0.51813472 0.78409091 0.56521739 0.26855124 0.664
 0.41176471 0.2195122  0.37908497 0.05982906 0.13629842 0.1959799
 0.13807531 0.390625   0.2974359  0.51724138 0.45182724 0.51408451
 0.44642857]
Per-Class Recall: [0.98833131 1.         0.92       0.95333333 0.76       0.83
 0.7        0.84       0.58       0.93333333 0.76       0.26
 0.528      0.71428571 0.77333333 0.75       0.77714286 0.97333333
 1.        ]
Per-Class F1-Score: [0.99413142 0.68259386 0.84662577 0.70967742 0.39686684 0.73777778
 0.51851852 0.3480663  0.45849802 0.1124498  0.23114355 0.2234957
 0.21890547 0.50505051 0.42962963 0.6122449  0.57142857 0.67281106
 0.61728395]
Support per Class: [293949    100    150    150    100    100    100     75    100     75
    125    150    125    175     75    100    175     75     75]
Weighted Precision: 0.9959, Weighted Recall: 0.9868, Weighted F1-Score: 0.9908
Precision: 0.9959, Recall: 0.9868, F1-Score: 0.9908
Fold 1, Epoch 910, Train Loss: 0.4670, Val Loss: 0.4023, Val Acc: 0.9849
Precision: 0.9959, Recall: 0.9876, F1-Score: 0.9912
Fold 1, Epoch 911, Train Loss: 0.4862, Val Loss: 0.4407, Val Acc: 0.9859
Precision: 0.9960, Recall: 0.9889, F1-Score: 0.9918
Fold 1, Epoch 912, Train Loss: 0.4891, Val Loss: 0.4299, Val Acc: 0.9876
Precision: 0.9960, Recall: 0.9871, F1-Score: 0.9909
Fold 1, Epoch 913, Train Loss: 0.4778, Val Loss: 0.4279, Val Acc: 0.9856
Precision: 0.9959, Recall: 0.9878, F1-Score: 0.9913
Fold 1, Epoch 914, Train Loss: 0.4718, Val Loss: 0.3895, Val Acc: 0.9869
Precision: 0.9959, Recall: 0.9895, F1-Score: 0.9922
Fold 1, Epoch 915, Train Loss: 0.4874, Val Loss: 0.3858, Val Acc: 0.9881
Precision: 0.9960, Recall: 0.9867, F1-Score: 0.9908
Fold 1, Epoch 916, Train Loss: 0.4730, Val Loss: 0.3912, Val Acc: 0.9854
Precision: 0.9961, Recall: 0.9895, F1-Score: 0.9923
Fold 1, Epoch 917, Train Loss: 0.4963, Val Loss: 0.4049, Val Acc: 0.9883
Precision: 0.9956, Recall: 0.9709, F1-Score: 0.9823
Fold 1, Epoch 918, Train Loss: 0.4831, Val Loss: 0.4205, Val Acc: 0.9698
Precision: 0.9960, Recall: 0.9897, F1-Score: 0.9923
Fold 1, Epoch 919, Train Loss: 0.4722, Val Loss: 0.4075, Val Acc: 0.9887

--- Epoch 920 ---
--- Epoch 920 ---
--- Epoch 920 ---



--- Epoch 920 ---
Class Weights: [2.1182575e-05 5.6127068e-02 5.6127068e-02 5.9477936e-02 5.6928884e-02
 5.3851645e-02 5.3851645e-02 4.9812771e-02 5.9477936e-02 5.6127068e-02
 6.1308030e-02 5.1753532e-02 5.3851645e-02 6.0379118e-02 5.6928884e-02
 4.9197800e-02 5.4589339e-02 5.2434497e-02 5.7753939e-02]Class Weights: [2.1182575e-05 5.6127068e-02 5.6127068e-02 5.9477936e-02 5.6928884e-02
 5.3851645e-02 5.3851645e-02 4.9812771e-02 5.9477936e-02 5.6127068e-02
 6.1308030e-02 5.1753532e-02 5.3851645e-02 6.0379118e-02 5.6928884e-02
 4.9197800e-02 5.4589339e-02 5.2434497e-02 5.7753939e-02]Class Weights: [2.1182575e-05 5.6127068e-02 5.6127068e-02 5.9477936e-02 5.6928884e-02
 5.3851645e-02 5.3851645e-02 4.9812771e-02 5.9477936e-02 5.6127068e-02
 6.1308030e-02 5.1753532e-02 5.3851645e-02 6.0379118e-02 5.6928884e-02
 4.9197800e-02 5.4589339e-02 5.2434497e-02 5.7753939e-02]


Class Weights: [2.1182575e-05 5.6127068e-02 5.6127068e-02 5.9477936e-02 5.6928884e-02
 5.3851645e-02 5.3851645e-02 4.9812771e-02 5.9477936e-02 5.6127068e-02
 6.1308030e-02 5.1753532e-02 5.3851645e-02 6.0379118e-02 5.6928884e-02
 4.9197800e-02 5.4589339e-02 5.2434497e-02 5.7753939e-02]Learning Rate: 0.0005Learning Rate: 0.0005Learning Rate: 0.0005



Learning Rate: 0.0005
Train Loss: 0.4716, Val Loss: 0.4191Train Loss: 0.4716, Val Loss: 0.4191
Train Loss: 0.4716, Val Loss: 0.4191
Train Loss: 0.4716, Val Loss: 0.4191

Per-Class Precision: [1.         0.54395604 0.78918919 0.66497462 0.2555205  0.52439024
 0.17002237 0.13461538 0.30714286 0.05042017 0.12761905 0.09821429
 0.09956236 0.64963504 0.42424242 0.38888889 0.48888889 0.73
 0.4491018 ]
Per-Class Recall: [0.98581727 0.99       0.97333333 0.87333333 0.81       0.86
 0.76       0.65333333 0.86       0.88       0.536      0.22
 0.728      0.50857143 0.37333333 0.91       0.75428571 0.97333333
 1.        ]
Per-Class F1-Score: [0.99285799 0.70212766 0.87164179 0.75504323 0.38848921 0.65151515
 0.27787934 0.22323462 0.45263158 0.09537572 0.20615385 0.13580247
 0.17516843 0.57051282 0.39716312 0.54491018 0.59325843 0.83428571
 0.61983471]
Support per Class: [293949    100    150    150    100    100    100     75    100     75
    125    150    125    175     75    100    175     75     75]
Weighted Precision: 0.9959, Weighted Recall: 0.9841, Weighted F1-Score: 0.9894
Precision: 0.9959, Recall: 0.9841, F1-Score: 0.9894
Fold 1, Epoch 920, Train Loss: 0.4716, Val Loss: 0.4191, Val Acc: 0.9822
Precision: 0.9961, Recall: 0.9899, F1-Score: 0.9925
Fold 1, Epoch 921, Train Loss: 0.4554, Val Loss: 0.4125, Val Acc: 0.9887
Precision: 0.9960, Recall: 0.9873, F1-Score: 0.9911
Fold 1, Epoch 922, Train Loss: 0.4628, Val Loss: 0.3992, Val Acc: 0.9852
Precision: 0.9957, Recall: 0.9848, F1-Score: 0.9896
Fold 1, Epoch 923, Train Loss: 0.4775, Val Loss: 0.4037, Val Acc: 0.9836
Precision: 0.9960, Recall: 0.9878, F1-Score: 0.9914
Fold 1, Epoch 924, Train Loss: 0.4787, Val Loss: 0.3819, Val Acc: 0.9858
Precision: 0.9959, Recall: 0.9811, F1-Score: 0.9878
Fold 1, Epoch 925, Train Loss: 0.4913, Val Loss: 0.4034, Val Acc: 0.9793
Precision: 0.9962, Recall: 0.9903, F1-Score: 0.9928
Fold 1, Epoch 926, Train Loss: 0.4894, Val Loss: 0.4252, Val Acc: 0.9893
Precision: 0.9959, Recall: 0.9853, F1-Score: 0.9900
Fold 1, Epoch 927, Train Loss: 0.4644, Val Loss: 0.4168, Val Acc: 0.9836
Precision: 0.9959, Recall: 0.9876, F1-Score: 0.9911
Fold 1, Epoch 928, Train Loss: 0.4856, Val Loss: 0.4043, Val Acc: 0.9860
Precision: 0.9959, Recall: 0.9885, F1-Score: 0.9916
Fold 1, Epoch 929, Train Loss: 0.5053, Val Loss: 0.4132, Val Acc: 0.9873

--- Epoch 930 ---
--- Epoch 930 ---
--- Epoch 930 ---



--- Epoch 930 ---
Class Weights: [2.1182575e-05 5.6127068e-02 5.6127068e-02 5.9477936e-02 5.6928884e-02
 5.3851645e-02 5.3851645e-02 4.9812771e-02 5.9477936e-02 5.6127068e-02
 6.1308030e-02 5.1753532e-02 5.3851645e-02 6.0379118e-02 5.6928884e-02
 4.9197800e-02 5.4589339e-02 5.2434497e-02 5.7753939e-02]Class Weights: [2.1182575e-05 5.6127068e-02 5.6127068e-02 5.9477936e-02 5.6928884e-02
 5.3851645e-02 5.3851645e-02 4.9812771e-02 5.9477936e-02 5.6127068e-02
 6.1308030e-02 5.1753532e-02 5.3851645e-02 6.0379118e-02 5.6928884e-02
 4.9197800e-02 5.4589339e-02 5.2434497e-02 5.7753939e-02]Class Weights: [2.1182575e-05 5.6127068e-02 5.6127068e-02 5.9477936e-02 5.6928884e-02
 5.3851645e-02 5.3851645e-02 4.9812771e-02 5.9477936e-02 5.6127068e-02
 6.1308030e-02 5.1753532e-02 5.3851645e-02 6.0379118e-02 5.6928884e-02
 4.9197800e-02 5.4589339e-02 5.2434497e-02 5.7753939e-02]
Class Weights: [2.1182575e-05 5.6127068e-02 5.6127068e-02 5.9477936e-02 5.6928884e-02
 5.3851645e-02 5.3851645e-02 4.9812771e-02 5.9477936e-02 5.6127068e-02
 6.1308030e-02 5.1753532e-02 5.3851645e-02 6.0379118e-02 5.6928884e-02
 4.9197800e-02 5.4589339e-02 5.2434497e-02 5.7753939e-02]


Learning Rate: 0.0005Learning Rate: 0.0005
Learning Rate: 0.0005Learning Rate: 0.0005


Train Loss: 0.5080, Val Loss: 0.4113
Train Loss: 0.5080, Val Loss: 0.4113Train Loss: 0.5080, Val Loss: 0.4113Train Loss: 0.5080, Val Loss: 0.4113


Per-Class Precision: [1.         0.56896552 0.85632184 0.6092437  0.27927928 0.56666667
 0.27385892 0.08441558 0.39705882 0.03149247 0.14615385 0.13284133
 0.11741935 0.64705882 0.37857143 0.39035088 0.48319328 0.53956835
 0.52112676]
Per-Class Recall: [0.9830821  0.99       0.99333333 0.96666667 0.62       0.85
 0.66       0.86666667 0.54       0.92       0.76       0.24
 0.728      0.44       0.70666667 0.89       0.65714286 1.
 0.98666667]
Per-Class F1-Score: [0.99146889 0.72262774 0.91975309 0.74742268 0.38509317 0.68
 0.38709677 0.15384615 0.45762712 0.06090026 0.24516129 0.17102138
 0.20222222 0.52380952 0.49302326 0.54268293 0.55690073 0.70093458
 0.68202765]
Support per Class: [293949    100    150    150    100    100    100     75    100     75
    125    150    125    175     75    100    175     75     75]
Weighted Precision: 0.9960, Weighted Recall: 0.9814, Weighted F1-Score: 0.9880
Precision: 0.9960, Recall: 0.9814, F1-Score: 0.9880
Fold 1, Epoch 930, Train Loss: 0.5080, Val Loss: 0.4113, Val Acc: 0.9793
Precision: 0.9961, Recall: 0.9899, F1-Score: 0.9925
Fold 1, Epoch 931, Train Loss: 0.5155, Val Loss: 0.4274, Val Acc: 0.9885
Precision: 0.9957, Recall: 0.9856, F1-Score: 0.9900
Fold 1, Epoch 932, Train Loss: 0.4652, Val Loss: 0.4050, Val Acc: 0.9842
Precision: 0.9959, Recall: 0.9881, F1-Score: 0.9914
Fold 1, Epoch 933, Train Loss: 0.5031, Val Loss: 0.4058, Val Acc: 0.9865
Precision: 0.9960, Recall: 0.9879, F1-Score: 0.9913
Fold 1, Epoch 934, Train Loss: 0.4914, Val Loss: 0.4108, Val Acc: 0.9862
Precision: 0.9959, Recall: 0.9854, F1-Score: 0.9900
Fold 1, Epoch 935, Train Loss: 0.4720, Val Loss: 0.4239, Val Acc: 0.9844
Precision: 0.9959, Recall: 0.9875, F1-Score: 0.9912
Fold 1, Epoch 936, Train Loss: 0.5621, Val Loss: 0.4022, Val Acc: 0.9853
Precision: 0.9958, Recall: 0.9857, F1-Score: 0.9902
Fold 1, Epoch 937, Train Loss: 0.6144, Val Loss: 0.5477, Val Acc: 0.9860
Precision: 0.9955, Recall: 0.9687, F1-Score: 0.9809
Fold 1, Epoch 938, Train Loss: 0.6236, Val Loss: 1.3995, Val Acc: 0.9671
Precision: 0.9957, Recall: 0.9806, F1-Score: 0.9875
Fold 1, Epoch 939, Train Loss: 0.8648, Val Loss: 0.5133, Val Acc: 0.9829

--- Epoch 940 ---
--- Epoch 940 ---
--- Epoch 940 ---



--- Epoch 940 ---
Class Weights: [2.1182575e-05 5.6127068e-02 5.6127068e-02 5.9477936e-02 5.6928884e-02
 5.3851645e-02 5.3851645e-02 4.9812771e-02 5.9477936e-02 5.6127068e-02
 6.1308030e-02 5.1753532e-02 5.3851645e-02 6.0379118e-02 5.6928884e-02
 4.9197800e-02 5.4589339e-02 5.2434497e-02 5.7753939e-02]Class Weights: [2.1182575e-05 5.6127068e-02 5.6127068e-02 5.9477936e-02 5.6928884e-02
 5.3851645e-02 5.3851645e-02 4.9812771e-02 5.9477936e-02 5.6127068e-02
 6.1308030e-02 5.1753532e-02 5.3851645e-02 6.0379118e-02 5.6928884e-02
 4.9197800e-02 5.4589339e-02 5.2434497e-02 5.7753939e-02]Class Weights: [2.1182575e-05 5.6127068e-02 5.6127068e-02 5.9477936e-02 5.6928884e-02
 5.3851645e-02 5.3851645e-02 4.9812771e-02 5.9477936e-02 5.6127068e-02
 6.1308030e-02 5.1753532e-02 5.3851645e-02 6.0379118e-02 5.6928884e-02
 4.9197800e-02 5.4589339e-02 5.2434497e-02 5.7753939e-02]


Learning Rate: 0.0005Learning Rate: 0.0005
Learning Rate: 0.0005

Train Loss: 0.5909, Val Loss: 0.4360
Train Loss: 0.5909, Val Loss: 0.4360Train Loss: 0.5909, Val Loss: 0.4360Class Weights: [2.1182575e-05 5.6127068e-02 5.6127068e-02 5.9477936e-02 5.6928884e-02
 5.3851645e-02 5.3851645e-02 4.9812771e-02 5.9477936e-02 5.6127068e-02
 6.1308030e-02 5.1753532e-02 5.3851645e-02 6.0379118e-02 5.6928884e-02
 4.9197800e-02 5.4589339e-02 5.2434497e-02 5.7753939e-02]


Learning Rate: 0.0005
Train Loss: 0.5909, Val Loss: 0.4360
Per-Class Precision: [1.         0.56       0.68348624 0.63783784 0.30241935 0.54166667
 0.26737968 0.11670481 0.27675277 0.09445277 0.05559232 0.17475728
 0.08780488 0.44814815 0.23140496 0.41884817 0.3875     0.51369863
 0.44848485]
Per-Class Recall: [0.98606901 0.98       0.99333333 0.78666667 0.75       0.91
 0.5        0.68       0.75       0.84       0.672      0.36
 0.288      0.69142857 0.74666667 0.8        0.70857143 1.
 0.98666667]
Per-Class F1-Score: [0.99298565 0.71272727 0.80978261 0.70447761 0.43103448 0.67910448
 0.34843206 0.19921875 0.40431267 0.16981132 0.10268949 0.23529412
 0.13457944 0.54382022 0.3533123  0.54982818 0.5010101  0.67873303
 0.61666667]
Support per Class: [293949    100    150    150    100    100    100     75    100     75
    125    150    125    175     75    100    175     75     75]
Weighted Precision: 0.9956, Weighted Recall: 0.9843, Weighted F1-Score: 0.9894
Precision: 0.9956, Recall: 0.9843, F1-Score: 0.9894
Fold 1, Epoch 940, Train Loss: 0.5909, Val Loss: 0.4360, Val Acc: 0.9843
Precision: 0.9961, Recall: 0.9893, F1-Score: 0.9922
Fold 1, Epoch 941, Train Loss: 0.5456, Val Loss: 0.4642, Val Acc: 0.9875
Precision: 0.9959, Recall: 0.9812, F1-Score: 0.9879
Fold 1, Epoch 942, Train Loss: 0.5165, Val Loss: 0.4420, Val Acc: 0.9788
Precision: 0.9960, Recall: 0.9901, F1-Score: 0.9926
Fold 1, Epoch 943, Train Loss: 0.5022, Val Loss: 0.4197, Val Acc: 0.9890
Precision: 0.9962, Recall: 0.9837, F1-Score: 0.9894
Fold 1, Epoch 944, Train Loss: 0.4889, Val Loss: 0.4261, Val Acc: 0.9822
Precision: 0.9960, Recall: 0.9896, F1-Score: 0.9922
Fold 1, Epoch 945, Train Loss: 0.4866, Val Loss: 0.4134, Val Acc: 0.9889
Precision: 0.9960, Recall: 0.9872, F1-Score: 0.9910
Fold 1, Epoch 946, Train Loss: 0.5026, Val Loss: 0.4091, Val Acc: 0.9855
Precision: 0.9959, Recall: 0.9870, F1-Score: 0.9909
Fold 1, Epoch 947, Train Loss: 0.5047, Val Loss: 0.4089, Val Acc: 0.9850
Precision: 0.9959, Recall: 0.9857, F1-Score: 0.9902
Fold 1, Epoch 948, Train Loss: 0.4618, Val Loss: 0.4143, Val Acc: 0.9843
Precision: 0.9959, Recall: 0.9855, F1-Score: 0.9901
Fold 1, Epoch 949, Train Loss: 0.4666, Val Loss: 0.4084, Val Acc: 0.9838

--- Epoch 950 ---
--- Epoch 950 ---
--- Epoch 950 ---



--- Epoch 950 ---
Class Weights: [2.1182575e-05 5.6127068e-02 5.6127068e-02 5.9477936e-02 5.6928884e-02
 5.3851645e-02 5.3851645e-02 4.9812771e-02 5.9477936e-02 5.6127068e-02
 6.1308030e-02 5.1753532e-02 5.3851645e-02 6.0379118e-02 5.6928884e-02
 4.9197800e-02 5.4589339e-02 5.2434497e-02 5.7753939e-02]Class Weights: [2.1182575e-05 5.6127068e-02 5.6127068e-02 5.9477936e-02 5.6928884e-02
 5.3851645e-02 5.3851645e-02 4.9812771e-02 5.9477936e-02 5.6127068e-02
 6.1308030e-02 5.1753532e-02 5.3851645e-02 6.0379118e-02 5.6928884e-02
 4.9197800e-02 5.4589339e-02 5.2434497e-02 5.7753939e-02]Class Weights: [2.1182575e-05 5.6127068e-02 5.6127068e-02 5.9477936e-02 5.6928884e-02
 5.3851645e-02 5.3851645e-02 4.9812771e-02 5.9477936e-02 5.6127068e-02
 6.1308030e-02 5.1753532e-02 5.3851645e-02 6.0379118e-02 5.6928884e-02
 4.9197800e-02 5.4589339e-02 5.2434497e-02 5.7753939e-02]
Class Weights: [2.1182575e-05 5.6127068e-02 5.6127068e-02 5.9477936e-02 5.6928884e-02
 5.3851645e-02 5.3851645e-02 4.9812771e-02 5.9477936e-02 5.6127068e-02
 6.1308030e-02 5.1753532e-02 5.3851645e-02 6.0379118e-02 5.6928884e-02
 4.9197800e-02 5.4589339e-02 5.2434497e-02 5.7753939e-02]


Learning Rate: 0.0005Learning Rate: 0.0005Learning Rate: 0.0005
Learning Rate: 0.0005


Train Loss: 0.4710, Val Loss: 0.3956
Train Loss: 0.4710, Val Loss: 0.3956Train Loss: 0.4710, Val Loss: 0.3956Train Loss: 0.4710, Val Loss: 0.3956


Per-Class Precision: [1.         0.52356021 0.81420765 0.58064516 0.18925234 0.51515152
 0.28225806 0.13356164 0.30268199 0.03990746 0.15155616 0.16356877
 0.10144928 0.40329218 0.38235294 0.525      0.4717608  0.6097561
 0.44117647]
Per-Class Recall: [0.9862255  1.         0.99333333 0.72       0.81       0.85
 0.35       0.52       0.79       0.92       0.896      0.29333333
 0.336      0.56       0.69333333 0.63       0.81142857 1.
 1.        ]
Per-Class F1-Score: [0.99306499 0.68728522 0.89489489 0.64285714 0.30681818 0.64150943
 0.3125     0.21253406 0.43767313 0.07649667 0.25925926 0.21002387
 0.15584416 0.46889952 0.492891   0.57272727 0.59663866 0.75757576
 0.6122449 ]
Support per Class: [293949    100    150    150    100    100    100     75    100     75
    125    150    125    175     75    100    175     75     75]
Weighted Precision: 0.9958, Weighted Recall: 0.9844, Weighted F1-Score: 0.9895
Precision: 0.9958, Recall: 0.9844, F1-Score: 0.9895
Fold 1, Epoch 950, Train Loss: 0.4710, Val Loss: 0.3956, Val Acc: 0.9826
Precision: 0.9959, Recall: 0.9892, F1-Score: 0.9921
Fold 1, Epoch 951, Train Loss: 0.4841, Val Loss: 0.3802, Val Acc: 0.9877
Precision: 0.9958, Recall: 0.9869, F1-Score: 0.9907
Fold 1, Epoch 952, Train Loss: 0.4455, Val Loss: 0.4142, Val Acc: 0.9852
Precision: 0.9963, Recall: 0.9875, F1-Score: 0.9913
Fold 1, Epoch 953, Train Loss: 0.4789, Val Loss: 0.4245, Val Acc: 0.9857
Precision: 0.9958, Recall: 0.9880, F1-Score: 0.9914
Fold 1, Epoch 954, Train Loss: 0.4692, Val Loss: 0.3971, Val Acc: 0.9866
Precision: 0.9957, Recall: 0.9850, F1-Score: 0.9897
Fold 1, Epoch 955, Train Loss: 0.4507, Val Loss: 0.3845, Val Acc: 0.9844
Precision: 0.9958, Recall: 0.9885, F1-Score: 0.9916
Fold 1, Epoch 956, Train Loss: 0.4524, Val Loss: 0.3823, Val Acc: 0.9873
Precision: 0.9960, Recall: 0.9891, F1-Score: 0.9921
Fold 1, Epoch 957, Train Loss: 0.4787, Val Loss: 0.3922, Val Acc: 0.9876
Precision: 0.9961, Recall: 0.9868, F1-Score: 0.9908
Fold 1, Epoch 958, Train Loss: 0.4663, Val Loss: 0.4002, Val Acc: 0.9853
Precision: 0.9957, Recall: 0.9881, F1-Score: 0.9914
Fold 1, Epoch 959, Train Loss: 0.4718, Val Loss: 0.4083, Val Acc: 0.9869

--- Epoch 960 ---
--- Epoch 960 ---
--- Epoch 960 ---



--- Epoch 960 ---
Class Weights: [2.1182575e-05 5.6127068e-02 5.6127068e-02 5.9477936e-02 5.6928884e-02
 5.3851645e-02 5.3851645e-02 4.9812771e-02 5.9477936e-02 5.6127068e-02
 6.1308030e-02 5.1753532e-02 5.3851645e-02 6.0379118e-02 5.6928884e-02
 4.9197800e-02 5.4589339e-02 5.2434497e-02 5.7753939e-02]Class Weights: [2.1182575e-05 5.6127068e-02 5.6127068e-02 5.9477936e-02 5.6928884e-02
 5.3851645e-02 5.3851645e-02 4.9812771e-02 5.9477936e-02 5.6127068e-02
 6.1308030e-02 5.1753532e-02 5.3851645e-02 6.0379118e-02 5.6928884e-02
 4.9197800e-02 5.4589339e-02 5.2434497e-02 5.7753939e-02]Class Weights: [2.1182575e-05 5.6127068e-02 5.6127068e-02 5.9477936e-02 5.6928884e-02
 5.3851645e-02 5.3851645e-02 4.9812771e-02 5.9477936e-02 5.6127068e-02
 6.1308030e-02 5.1753532e-02 5.3851645e-02 6.0379118e-02 5.6928884e-02
 4.9197800e-02 5.4589339e-02 5.2434497e-02 5.7753939e-02]


Class Weights: [2.1182575e-05 5.6127068e-02 5.6127068e-02 5.9477936e-02 5.6928884e-02
 5.3851645e-02 5.3851645e-02 4.9812771e-02 5.9477936e-02 5.6127068e-02
 6.1308030e-02 5.1753532e-02 5.3851645e-02 6.0379118e-02 5.6928884e-02
 4.9197800e-02 5.4589339e-02 5.2434497e-02 5.7753939e-02]Learning Rate: 0.0005Learning Rate: 0.0005Learning Rate: 0.0005



Learning Rate: 0.0005
Train Loss: 0.4542, Val Loss: 0.3952Train Loss: 0.4542, Val Loss: 0.3952
Train Loss: 0.4542, Val Loss: 0.3952
Train Loss: 0.4542, Val Loss: 0.3952

Per-Class Precision: [1.         0.49261084 0.80645161 0.71856287 0.27272727 0.47976879
 0.27906977 0.16352201 0.29889299 0.13211845 0.23237598 0.20472441
 0.15384615 0.31120332 0.47474747 0.41293532 0.44027304 0.60655738
 0.46875   ]
Per-Class Recall: [0.99143049 1.         1.         0.8        0.75       0.83
 0.72       0.69333333 0.81       0.77333333 0.712      0.34666667
 0.32       0.85714286 0.62666667 0.83       0.73714286 0.98666667
 1.        ]
Per-Class F1-Score: [0.9956968  0.66006601 0.89285714 0.75709779 0.4        0.60805861
 0.40223464 0.26463104 0.43665768 0.22568093 0.3503937  0.25742574
 0.20779221 0.456621   0.54022989 0.55149502 0.55128205 0.75126904
 0.63829787]
Support per Class: [293949    100    150    150    100    100    100     75    100     75
    125    150    125    175     75    100    175     75     75]
Weighted Precision: 0.9959, Weighted Recall: 0.9898, Weighted F1-Score: 0.9923
Precision: 0.9959, Recall: 0.9898, F1-Score: 0.9923
Fold 1, Epoch 960, Train Loss: 0.4542, Val Loss: 0.3952, Val Acc: 0.9883
Precision: 0.9961, Recall: 0.9882, F1-Score: 0.9917
Fold 1, Epoch 961, Train Loss: 0.4633, Val Loss: 0.3987, Val Acc: 0.9863
Precision: 0.9958, Recall: 0.9862, F1-Score: 0.9904
Fold 1, Epoch 962, Train Loss: 0.4521, Val Loss: 0.3859, Val Acc: 0.9850
Precision: 0.9959, Recall: 0.9891, F1-Score: 0.9920
Fold 1, Epoch 963, Train Loss: 0.4718, Val Loss: 0.3866, Val Acc: 0.9875
Precision: 0.9960, Recall: 0.9874, F1-Score: 0.9912
Fold 1, Epoch 964, Train Loss: 0.4796, Val Loss: 0.4014, Val Acc: 0.9854
Precision: 0.9960, Recall: 0.9882, F1-Score: 0.9915
Fold 1, Epoch 965, Train Loss: 0.4671, Val Loss: 0.4286, Val Acc: 0.9866
Precision: 0.9959, Recall: 0.9884, F1-Score: 0.9916
Fold 1, Epoch 966, Train Loss: 0.4722, Val Loss: 0.3944, Val Acc: 0.9872
Precision: 0.9959, Recall: 0.9818, F1-Score: 0.9881
Fold 1, Epoch 967, Train Loss: 0.4660, Val Loss: 0.3922, Val Acc: 0.9813
Precision: 0.9958, Recall: 0.9884, F1-Score: 0.9916
Fold 1, Epoch 968, Train Loss: 0.4760, Val Loss: 0.3940, Val Acc: 0.9870
Precision: 0.9960, Recall: 0.9888, F1-Score: 0.9919
Fold 1, Epoch 969, Train Loss: 0.4639, Val Loss: 0.3860, Val Acc: 0.9872

--- Epoch 970 ---
--- Epoch 970 ---
--- Epoch 970 ---



--- Epoch 970 ---
Class Weights: [2.1182575e-05 5.6127068e-02 5.6127068e-02 5.9477936e-02 5.6928884e-02
 5.3851645e-02 5.3851645e-02 4.9812771e-02 5.9477936e-02 5.6127068e-02
 6.1308030e-02 5.1753532e-02 5.3851645e-02 6.0379118e-02 5.6928884e-02
 4.9197800e-02 5.4589339e-02 5.2434497e-02 5.7753939e-02]Class Weights: [2.1182575e-05 5.6127068e-02 5.6127068e-02 5.9477936e-02 5.6928884e-02
 5.3851645e-02 5.3851645e-02 4.9812771e-02 5.9477936e-02 5.6127068e-02
 6.1308030e-02 5.1753532e-02 5.3851645e-02 6.0379118e-02 5.6928884e-02
 4.9197800e-02 5.4589339e-02 5.2434497e-02 5.7753939e-02]Class Weights: [2.1182575e-05 5.6127068e-02 5.6127068e-02 5.9477936e-02 5.6928884e-02
 5.3851645e-02 5.3851645e-02 4.9812771e-02 5.9477936e-02 5.6127068e-02
 6.1308030e-02 5.1753532e-02 5.3851645e-02 6.0379118e-02 5.6928884e-02
 4.9197800e-02 5.4589339e-02 5.2434497e-02 5.7753939e-02]


Learning Rate: 0.0005Class Weights: [2.1182575e-05 5.6127068e-02 5.6127068e-02 5.9477936e-02 5.6928884e-02
 5.3851645e-02 5.3851645e-02 4.9812771e-02 5.9477936e-02 5.6127068e-02
 6.1308030e-02 5.1753532e-02 5.3851645e-02 6.0379118e-02 5.6928884e-02
 4.9197800e-02 5.4589339e-02 5.2434497e-02 5.7753939e-02]Learning Rate: 0.0005Learning Rate: 0.0005



Learning Rate: 0.0005
Train Loss: 0.4336, Val Loss: 0.4004
Train Loss: 0.4336, Val Loss: 0.4004Train Loss: 0.4336, Val Loss: 0.4004
Train Loss: 0.4336, Val Loss: 0.4004

Per-Class Precision: [1.         0.38022814 0.77720207 0.5915493  0.17982456 0.60666667
 0.3627907  0.13015184 0.38916256 0.03712164 0.28755365 0.17109145
 0.12809917 0.72527473 0.23873874 0.38679245 0.4535316  0.48076923
 0.44117647]
Per-Class Recall: [0.98537842 1.         1.         0.84       0.82       0.91
 0.78       0.8        0.79       0.86666667 0.536      0.38666667
 0.744      0.37714286 0.70666667 0.82       0.69714286 1.
 1.        ]
Per-Class F1-Score: [0.99263537 0.55096419 0.87463557 0.69421488 0.29496403 0.728
 0.4952381  0.2238806  0.52145215 0.07119387 0.37430168 0.23721881
 0.21856639 0.4962406  0.35690236 0.52564103 0.54954955 0.64935065
 0.6122449 ]
Support per Class: [293949    100    150    150    100    100    100     75    100     75
    125    150    125    175     75    100    175     75     75]
Weighted Precision: 0.9959, Weighted Recall: 0.9838, Weighted F1-Score: 0.9892
Precision: 0.9959, Recall: 0.9838, F1-Score: 0.9892
Fold 1, Epoch 970, Train Loss: 0.4336, Val Loss: 0.4004, Val Acc: 0.9820
Precision: 0.9962, Recall: 0.9893, F1-Score: 0.9922
Fold 1, Epoch 971, Train Loss: 0.4469, Val Loss: 0.3928, Val Acc: 0.9879
Precision: 0.9959, Recall: 0.9878, F1-Score: 0.9913
Fold 1, Epoch 972, Train Loss: 0.4467, Val Loss: 0.3866, Val Acc: 0.9863
Precision: 0.9958, Recall: 0.9861, F1-Score: 0.9904
Fold 1, Epoch 973, Train Loss: 0.4762, Val Loss: 0.4075, Val Acc: 0.9844
Precision: 0.9960, Recall: 0.9880, F1-Score: 0.9914
Fold 1, Epoch 974, Train Loss: 0.4555, Val Loss: 0.3922, Val Acc: 0.9864
Precision: 0.9959, Recall: 0.9839, F1-Score: 0.9892
Fold 1, Epoch 975, Train Loss: 0.4500, Val Loss: 0.3940, Val Acc: 0.9826
Precision: 0.9960, Recall: 0.9896, F1-Score: 0.9923
Fold 1, Epoch 976, Train Loss: 0.4606, Val Loss: 0.3827, Val Acc: 0.9883
Precision: 0.9959, Recall: 0.9874, F1-Score: 0.9910
Fold 1, Epoch 977, Train Loss: 0.4489, Val Loss: 0.3869, Val Acc: 0.9855
Precision: 0.9959, Recall: 0.9837, F1-Score: 0.9891
Fold 1, Epoch 978, Train Loss: 0.4544, Val Loss: 0.4052, Val Acc: 0.9827
Precision: 0.9961, Recall: 0.9898, F1-Score: 0.9924
Fold 1, Epoch 979, Train Loss: 0.4521, Val Loss: 0.3805, Val Acc: 0.9886

--- Epoch 980 ---
--- Epoch 980 ---
--- Epoch 980 ---



--- Epoch 980 ---
Class Weights: [2.1182575e-05 5.6127068e-02 5.6127068e-02 5.9477936e-02 5.6928884e-02
 5.3851645e-02 5.3851645e-02 4.9812771e-02 5.9477936e-02 5.6127068e-02
 6.1308030e-02 5.1753532e-02 5.3851645e-02 6.0379118e-02 5.6928884e-02
 4.9197800e-02 5.4589339e-02 5.2434497e-02 5.7753939e-02]Class Weights: [2.1182575e-05 5.6127068e-02 5.6127068e-02 5.9477936e-02 5.6928884e-02
 5.3851645e-02 5.3851645e-02 4.9812771e-02 5.9477936e-02 5.6127068e-02
 6.1308030e-02 5.1753532e-02 5.3851645e-02 6.0379118e-02 5.6928884e-02
 4.9197800e-02 5.4589339e-02 5.2434497e-02 5.7753939e-02]Class Weights: [2.1182575e-05 5.6127068e-02 5.6127068e-02 5.9477936e-02 5.6928884e-02
 5.3851645e-02 5.3851645e-02 4.9812771e-02 5.9477936e-02 5.6127068e-02
 6.1308030e-02 5.1753532e-02 5.3851645e-02 6.0379118e-02 5.6928884e-02
 4.9197800e-02 5.4589339e-02 5.2434497e-02 5.7753939e-02]


Class Weights: [2.1182575e-05 5.6127068e-02 5.6127068e-02 5.9477936e-02 5.6928884e-02
 5.3851645e-02 5.3851645e-02 4.9812771e-02 5.9477936e-02 5.6127068e-02
 6.1308030e-02 5.1753532e-02 5.3851645e-02 6.0379118e-02 5.6928884e-02
 4.9197800e-02 5.4589339e-02 5.2434497e-02 5.7753939e-02]Learning Rate: 0.0005Learning Rate: 0.0005Learning Rate: 0.0005



Learning Rate: 0.0005
Train Loss: 0.4762, Val Loss: 0.3923Train Loss: 0.4762, Val Loss: 0.3923
Train Loss: 0.4762, Val Loss: 0.3923Train Loss: 0.4762, Val Loss: 0.3923


Per-Class Precision: [1.         0.60606061 0.82857143 0.61611374 0.32780083 0.43718593
 0.16492693 0.14864865 0.26060606 0.07124352 0.17557252 0.18372703
 0.09623431 0.46613546 0.43362832 0.41968912 0.47183099 0.77083333
 0.49342105]
Per-Class Recall: [0.98860687 1.         0.96666667 0.86666667 0.79       0.87
 0.79       0.44       0.86       0.73333333 0.552      0.46666667
 0.552      0.66857143 0.65333333 0.81       0.76571429 0.98666667
 1.        ]
Per-Class F1-Score: [0.9942708  0.75471698 0.89230769 0.72022161 0.46334311 0.5819398
 0.27288428 0.22222222 0.4        0.12987013 0.26640927 0.26365348
 0.16389549 0.54929577 0.5212766  0.55290102 0.583878   0.86549708
 0.66079295]
Support per Class: [293949    100    150    150    100    100    100     75    100     75
    125    150    125    175     75    100    175     75     75]
Weighted Precision: 0.9959, Weighted Recall: 0.9870, Weighted F1-Score: 0.9909
Precision: 0.9959, Recall: 0.9870, F1-Score: 0.9909
Fold 1, Epoch 980, Train Loss: 0.4762, Val Loss: 0.3923, Val Acc: 0.9853
Precision: 0.9959, Recall: 0.9868, F1-Score: 0.9908
Fold 1, Epoch 981, Train Loss: 0.4701, Val Loss: 0.3941, Val Acc: 0.9848
Precision: 0.9959, Recall: 0.9888, F1-Score: 0.9919
Fold 1, Epoch 982, Train Loss: 0.4627, Val Loss: 0.4065, Val Acc: 0.9876
Precision: 0.9959, Recall: 0.9869, F1-Score: 0.9907
Fold 1, Epoch 983, Train Loss: 0.4830, Val Loss: 0.4191, Val Acc: 0.9851
Precision: 0.9958, Recall: 0.9671, F1-Score: 0.9806
Fold 1, Epoch 984, Train Loss: 0.4546, Val Loss: 0.4026, Val Acc: 0.9666
Precision: 0.9961, Recall: 0.9917, F1-Score: 0.9934
Fold 1, Epoch 985, Train Loss: 0.4501, Val Loss: 0.4002, Val Acc: 0.9907
Precision: 0.9958, Recall: 0.9851, F1-Score: 0.9898
Fold 1, Epoch 986, Train Loss: 0.4807, Val Loss: 0.3764, Val Acc: 0.9837
Precision: 0.9960, Recall: 0.9893, F1-Score: 0.9920
Fold 1, Epoch 987, Train Loss: 0.4863, Val Loss: 0.4188, Val Acc: 0.9879
Precision: 0.9961, Recall: 0.9841, F1-Score: 0.9894
Fold 1, Epoch 988, Train Loss: 0.4831, Val Loss: 0.4010, Val Acc: 0.9823
Precision: 0.9958, Recall: 0.9884, F1-Score: 0.9915
Fold 1, Epoch 989, Train Loss: 0.4466, Val Loss: 0.3855, Val Acc: 0.9868

--- Epoch 990 ---
--- Epoch 990 ---
--- Epoch 990 ---



--- Epoch 990 ---
Class Weights: [2.1182575e-05 5.6127068e-02 5.6127068e-02 5.9477936e-02 5.6928884e-02
 5.3851645e-02 5.3851645e-02 4.9812771e-02 5.9477936e-02 5.6127068e-02
 6.1308030e-02 5.1753532e-02 5.3851645e-02 6.0379118e-02 5.6928884e-02
 4.9197800e-02 5.4589339e-02 5.2434497e-02 5.7753939e-02]Class Weights: [2.1182575e-05 5.6127068e-02 5.6127068e-02 5.9477936e-02 5.6928884e-02
 5.3851645e-02 5.3851645e-02 4.9812771e-02 5.9477936e-02 5.6127068e-02
 6.1308030e-02 5.1753532e-02 5.3851645e-02 6.0379118e-02 5.6928884e-02
 4.9197800e-02 5.4589339e-02 5.2434497e-02 5.7753939e-02]Class Weights: [2.1182575e-05 5.6127068e-02 5.6127068e-02 5.9477936e-02 5.6928884e-02
 5.3851645e-02 5.3851645e-02 4.9812771e-02 5.9477936e-02 5.6127068e-02
 6.1308030e-02 5.1753532e-02 5.3851645e-02 6.0379118e-02 5.6928884e-02
 4.9197800e-02 5.4589339e-02 5.2434497e-02 5.7753939e-02]


Class Weights: [2.1182575e-05 5.6127068e-02 5.6127068e-02 5.9477936e-02 5.6928884e-02
 5.3851645e-02 5.3851645e-02 4.9812771e-02 5.9477936e-02 5.6127068e-02
 6.1308030e-02 5.1753532e-02 5.3851645e-02 6.0379118e-02 5.6928884e-02
 4.9197800e-02 5.4589339e-02 5.2434497e-02 5.7753939e-02]Learning Rate: 0.0005Learning Rate: 0.0005Learning Rate: 0.0005



Learning Rate: 0.0005
Train Loss: 0.4547, Val Loss: 0.3865Train Loss: 0.4547, Val Loss: 0.3865
Train Loss: 0.4547, Val Loss: 0.3865Train Loss: 0.4547, Val Loss: 0.3865


Per-Class Precision: [1.         0.62264151 0.80446927 0.58441558 0.22365039 0.5625
 0.44848485 0.21929825 0.22715405 0.1        0.20858896 0.20289855
 0.14332248 0.32298137 0.30177515 0.43010753 0.46520147 0.61538462
 0.47169811]
Per-Class Recall: [0.99086916 0.99       0.96       0.9        0.87       0.72
 0.74       0.66666667 0.87       0.82666667 0.544      0.28
 0.352      0.89142857 0.68       0.8        0.72571429 0.96
 1.        ]
Per-Class F1-Score: [0.99541364 0.76447876 0.87537994 0.70866142 0.35582822 0.63157895
 0.55849057 0.330033   0.36024845 0.17841727 0.30155211 0.23529412
 0.2037037  0.47416413 0.41803279 0.55944056 0.56696429 0.75
 0.64102564]
Support per Class: [293949    100    150    150    100    100    100     75    100     75
    125    150    125    175     75    100    175     75     75]
Weighted Precision: 0.9959, Weighted Recall: 0.9892, Weighted F1-Score: 0.9920
Precision: 0.9959, Recall: 0.9892, F1-Score: 0.9920
Fold 1, Epoch 990, Train Loss: 0.4547, Val Loss: 0.3865, Val Acc: 0.9875
Precision: 0.9960, Recall: 0.9833, F1-Score: 0.9890
Fold 1, Epoch 991, Train Loss: 0.4677, Val Loss: 0.3877, Val Acc: 0.9813
Precision: 0.9958, Recall: 0.9849, F1-Score: 0.9897
Fold 1, Epoch 992, Train Loss: 0.4550, Val Loss: 0.4160, Val Acc: 0.9832
Precision: 0.9961, Recall: 0.9886, F1-Score: 0.9919
Fold 1, Epoch 993, Train Loss: 0.4516, Val Loss: 0.4139, Val Acc: 0.9874
Precision: 0.9959, Recall: 0.9858, F1-Score: 0.9903
Fold 1, Epoch 994, Train Loss: 0.4667, Val Loss: 0.3889, Val Acc: 0.9842
Precision: 0.9959, Recall: 0.9881, F1-Score: 0.9915
Fold 1, Epoch 995, Train Loss: 0.4746, Val Loss: 0.3797, Val Acc: 0.9866
Precision: 0.9960, Recall: 0.9892, F1-Score: 0.9920
Fold 1, Epoch 996, Train Loss: 0.4524, Val Loss: 0.3881, Val Acc: 0.9877
Precision: 0.9962, Recall: 0.9885, F1-Score: 0.9917
Fold 1, Epoch 997, Train Loss: 0.4772, Val Loss: 0.3929, Val Acc: 0.9874
Precision: 0.9959, Recall: 0.9850, F1-Score: 0.9898
Fold 1, Epoch 998, Train Loss: 0.4781, Val Loss: 0.4068, Val Acc: 0.9831
Precision: 0.9956, Recall: 0.9804, F1-Score: 0.9873
Fold 1, Epoch 999, Train Loss: 0.4762, Val Loss: 0.3929, Val Acc: 0.9788

--- Epoch 1000 ---
--- Epoch 1000 ---
--- Epoch 1000 ---



--- Epoch 1000 ---
Class Weights: [2.1182575e-05 5.6127068e-02 5.6127068e-02 5.9477936e-02 5.6928884e-02
 5.3851645e-02 5.3851645e-02 4.9812771e-02 5.9477936e-02 5.6127068e-02
 6.1308030e-02 5.1753532e-02 5.3851645e-02 6.0379118e-02 5.6928884e-02
 4.9197800e-02 5.4589339e-02 5.2434497e-02 5.7753939e-02]Class Weights: [2.1182575e-05 5.6127068e-02 5.6127068e-02 5.9477936e-02 5.6928884e-02
 5.3851645e-02 5.3851645e-02 4.9812771e-02 5.9477936e-02 5.6127068e-02
 6.1308030e-02 5.1753532e-02 5.3851645e-02 6.0379118e-02 5.6928884e-02
 4.9197800e-02 5.4589339e-02 5.2434497e-02 5.7753939e-02]Class Weights: [2.1182575e-05 5.6127068e-02 5.6127068e-02 5.9477936e-02 5.6928884e-02
 5.3851645e-02 5.3851645e-02 4.9812771e-02 5.9477936e-02 5.6127068e-02
 6.1308030e-02 5.1753532e-02 5.3851645e-02 6.0379118e-02 5.6928884e-02
 4.9197800e-02 5.4589339e-02 5.2434497e-02 5.7753939e-02]


Learning Rate: 0.0005Learning Rate: 0.0005Class Weights: [2.1182575e-05 5.6127068e-02 5.6127068e-02 5.9477936e-02 5.6928884e-02
 5.3851645e-02 5.3851645e-02 4.9812771e-02 5.9477936e-02 5.6127068e-02
 6.1308030e-02 5.1753532e-02 5.3851645e-02 6.0379118e-02 5.6928884e-02
 4.9197800e-02 5.4589339e-02 5.2434497e-02 5.7753939e-02]Learning Rate: 0.0005



Learning Rate: 0.0005
Train Loss: 0.4613, Val Loss: 0.3866Train Loss: 0.4613, Val Loss: 0.3866
Train Loss: 0.4613, Val Loss: 0.3866

Train Loss: 0.4613, Val Loss: 0.3866
Per-Class Precision: [0.99999314 0.56497175 0.82941176 0.52142857 0.27526132 0.57333333
 0.33640553 0.33112583 0.39090909 0.18230563 0.25072046 0.13344595
 0.11801242 0.54545455 0.35971223 0.56097561 0.39164491 0.64912281
 0.46296296]
Per-Class Recall: [0.992332   1.         0.94       0.97333333 0.79       0.86
 0.73       0.66666667 0.86       0.90666667 0.696      0.52666667
 0.152      0.72       0.66666667 0.69       0.85714286 0.98666667
 1.        ]
Per-Class F1-Score: [0.99614784 0.72202166 0.88125    0.67906977 0.40826873 0.688
 0.46056782 0.44247788 0.5375     0.30357143 0.36864407 0.21293801
 0.13286713 0.62068966 0.46728972 0.61883408 0.53763441 0.78306878
 0.63291139]
Support per Class: [293949    100    150    150    100    100    100     75    100     75
    125    150    125    175     75    100    175     75     75]
Weighted Precision: 0.9960, Weighted Recall: 0.9908, Weighted F1-Score: 0.9930
Precision: 0.9960, Recall: 0.9908, F1-Score: 0.9930
Fold 1, Epoch 1000, Train Loss: 0.4613, Val Loss: 0.3866, Val Acc: 0.9896
Precision: 0.9959, Recall: 0.9856, F1-Score: 0.9901
Fold 1, Epoch 1001, Train Loss: 0.4613, Val Loss: 0.3880, Val Acc: 0.9850
Precision: 0.9960, Recall: 0.9895, F1-Score: 0.9920
Fold 1, Epoch 1002, Train Loss: 0.4697, Val Loss: 0.4409, Val Acc: 0.9881
Precision: 0.9959, Recall: 0.9832, F1-Score: 0.9889
Fold 1, Epoch 1003, Train Loss: 0.4964, Val Loss: 0.4146, Val Acc: 0.9813
Precision: 0.9961, Recall: 0.9871, F1-Score: 0.9910
Fold 1, Epoch 1004, Train Loss: 0.4651, Val Loss: 0.4250, Val Acc: 0.9851
Precision: 0.9960, Recall: 0.9856, F1-Score: 0.9902
Fold 1, Epoch 1005, Train Loss: 0.4659, Val Loss: 0.3821, Val Acc: 0.9835
Precision: 0.9958, Recall: 0.9894, F1-Score: 0.9920
Fold 1, Epoch 1006, Train Loss: 0.4590, Val Loss: 0.3919, Val Acc: 0.9879
Precision: 0.9959, Recall: 0.9875, F1-Score: 0.9912
Fold 1, Epoch 1007, Train Loss: 0.4392, Val Loss: 0.3761, Val Acc: 0.9855
Precision: 0.9960, Recall: 0.9887, F1-Score: 0.9918
Fold 1, Epoch 1008, Train Loss: 0.4491, Val Loss: 0.3725, Val Acc: 0.9870
Precision: 0.9961, Recall: 0.9888, F1-Score: 0.9919
Fold 1, Epoch 1009, Train Loss: 0.4586, Val Loss: 0.3962, Val Acc: 0.9877

--- Epoch 1010 ---
--- Epoch 1010 ---
--- Epoch 1010 ---



--- Epoch 1010 ---
Class Weights: [2.1182575e-05 5.6127068e-02 5.6127068e-02 5.9477936e-02 5.6928884e-02
 5.3851645e-02 5.3851645e-02 4.9812771e-02 5.9477936e-02 5.6127068e-02
 6.1308030e-02 5.1753532e-02 5.3851645e-02 6.0379118e-02 5.6928884e-02
 4.9197800e-02 5.4589339e-02 5.2434497e-02 5.7753939e-02]Class Weights: [2.1182575e-05 5.6127068e-02 5.6127068e-02 5.9477936e-02 5.6928884e-02
 5.3851645e-02 5.3851645e-02 4.9812771e-02 5.9477936e-02 5.6127068e-02
 6.1308030e-02 5.1753532e-02 5.3851645e-02 6.0379118e-02 5.6928884e-02
 4.9197800e-02 5.4589339e-02 5.2434497e-02 5.7753939e-02]Class Weights: [2.1182575e-05 5.6127068e-02 5.6127068e-02 5.9477936e-02 5.6928884e-02
 5.3851645e-02 5.3851645e-02 4.9812771e-02 5.9477936e-02 5.6127068e-02
 6.1308030e-02 5.1753532e-02 5.3851645e-02 6.0379118e-02 5.6928884e-02
 4.9197800e-02 5.4589339e-02 5.2434497e-02 5.7753939e-02]
Class Weights: [2.1182575e-05 5.6127068e-02 5.6127068e-02 5.9477936e-02 5.6928884e-02
 5.3851645e-02 5.3851645e-02 4.9812771e-02 5.9477936e-02 5.6127068e-02
 6.1308030e-02 5.1753532e-02 5.3851645e-02 6.0379118e-02 5.6928884e-02
 4.9197800e-02 5.4589339e-02 5.2434497e-02 5.7753939e-02]


Learning Rate: 0.0005Learning Rate: 0.0005
Learning Rate: 0.0005
Learning Rate: 0.0005

Train Loss: 0.4531, Val Loss: 0.3706Train Loss: 0.4531, Val Loss: 0.3706

Train Loss: 0.4531, Val Loss: 0.3706Train Loss: 0.4531, Val Loss: 0.3706

Per-Class Precision: [1.         0.37593985 0.82417582 0.66331658 0.26060606 0.63703704
 0.18734793 0.2        0.23884514 0.08479139 0.192      0.1755102
 0.12081514 0.64788732 0.20348837 0.52892562 0.47794118 0.54347826
 0.47468354]
Per-Class Recall: [0.98833471 1.         1.         0.88       0.86       0.86
 0.77       0.53333333 0.91       0.84       0.768      0.28666667
 0.664      0.52571429 0.93333333 0.64       0.74285714 1.
 1.        ]
Per-Class F1-Score: [0.99413314 0.54644809 0.90361446 0.75644699 0.4        0.73191489
 0.30136986 0.29090909 0.37837838 0.15403423 0.3072     0.21772152
 0.2044335  0.58044164 0.33412888 0.57918552 0.58165548 0.70422535
 0.64377682]
Support per Class: [293949    100    150    150    100    100    100     75    100     75
    125    150    125    175     75    100    175     75     75]
Weighted Precision: 0.9959, Weighted Recall: 0.9868, Weighted F1-Score: 0.9907
Precision: 0.9959, Recall: 0.9868, F1-Score: 0.9907
Fold 1, Epoch 1010, Train Loss: 0.4531, Val Loss: 0.3706, Val Acc: 0.9853
Precision: 0.9959, Recall: 0.9885, F1-Score: 0.9916
Fold 1, Epoch 1011, Train Loss: 0.4511, Val Loss: 0.3799, Val Acc: 0.9873
Precision: 0.9961, Recall: 0.9891, F1-Score: 0.9921
Fold 1, Epoch 1012, Train Loss: 0.4759, Val Loss: 0.4139, Val Acc: 0.9872
Precision: 0.9960, Recall: 0.9871, F1-Score: 0.9909
Fold 1, Epoch 1013, Train Loss: 0.4914, Val Loss: 0.3990, Val Acc: 0.9852
Precision: 0.9961, Recall: 0.9882, F1-Score: 0.9916
Fold 1, Epoch 1014, Train Loss: 0.4501, Val Loss: 0.3901, Val Acc: 0.9868
Precision: 0.9959, Recall: 0.9902, F1-Score: 0.9925
Fold 1, Epoch 1015, Train Loss: 0.4564, Val Loss: 0.3799, Val Acc: 0.9891
Precision: 0.9959, Recall: 0.9866, F1-Score: 0.9906
Fold 1, Epoch 1016, Train Loss: 0.4600, Val Loss: 0.3875, Val Acc: 0.9850
Precision: 0.9961, Recall: 0.9879, F1-Score: 0.9914
Fold 1, Epoch 1017, Train Loss: 0.4683, Val Loss: 0.3898, Val Acc: 0.9866
Precision: 0.9961, Recall: 0.9895, F1-Score: 0.9923
Fold 1, Epoch 1018, Train Loss: 0.4653, Val Loss: 0.3866, Val Acc: 0.9880
Precision: 0.9957, Recall: 0.9815, F1-Score: 0.9879
Fold 1, Epoch 1019, Train Loss: 0.4330, Val Loss: 0.4067, Val Acc: 0.9802

--- Epoch 1020 ---
--- Epoch 1020 ---
--- Epoch 1020 ---



--- Epoch 1020 ---
Class Weights: [2.1182575e-05 5.6127068e-02 5.6127068e-02 5.9477936e-02 5.6928884e-02
 5.3851645e-02 5.3851645e-02 4.9812771e-02 5.9477936e-02 5.6127068e-02
 6.1308030e-02 5.1753532e-02 5.3851645e-02 6.0379118e-02 5.6928884e-02
 4.9197800e-02 5.4589339e-02 5.2434497e-02 5.7753939e-02]Class Weights: [2.1182575e-05 5.6127068e-02 5.6127068e-02 5.9477936e-02 5.6928884e-02
 5.3851645e-02 5.3851645e-02 4.9812771e-02 5.9477936e-02 5.6127068e-02
 6.1308030e-02 5.1753532e-02 5.3851645e-02 6.0379118e-02 5.6928884e-02
 4.9197800e-02 5.4589339e-02 5.2434497e-02 5.7753939e-02]Class Weights: [2.1182575e-05 5.6127068e-02 5.6127068e-02 5.9477936e-02 5.6928884e-02
 5.3851645e-02 5.3851645e-02 4.9812771e-02 5.9477936e-02 5.6127068e-02
 6.1308030e-02 5.1753532e-02 5.3851645e-02 6.0379118e-02 5.6928884e-02
 4.9197800e-02 5.4589339e-02 5.2434497e-02 5.7753939e-02]

Class Weights: [2.1182575e-05 5.6127068e-02 5.6127068e-02 5.9477936e-02 5.6928884e-02
 5.3851645e-02 5.3851645e-02 4.9812771e-02 5.9477936e-02 5.6127068e-02
 6.1308030e-02 5.1753532e-02 5.3851645e-02 6.0379118e-02 5.6928884e-02
 4.9197800e-02 5.4589339e-02 5.2434497e-02 5.7753939e-02]Learning Rate: 0.0005
Learning Rate: 0.0005


Learning Rate: 0.0005Learning Rate: 0.0005

Train Loss: 0.4667, Val Loss: 0.4190Train Loss: 0.4667, Val Loss: 0.4190

Train Loss: 0.4667, Val Loss: 0.4190Train Loss: 0.4667, Val Loss: 0.4190

Per-Class Precision: [1.         0.51546392 0.79365079 0.66666667 0.29571984 0.51552795
 0.18039216 0.26190476 0.26443769 0.11864407 0.2721519  0.17052632
 0.07923497 0.63492063 0.20141343 0.39884393 0.41549296 0.54744526
 0.48076923]
Per-Class Recall: [0.99159718 1.         1.         0.81333333 0.76       0.83
 0.46       0.29333333 0.87       0.93333333 0.688      0.54
 0.232      0.22857143 0.76       0.69       0.67428571 1.
 1.        ]
Per-Class F1-Score: [0.99578086 0.68027211 0.88495575 0.73273273 0.42577031 0.63601533
 0.25915493 0.27672956 0.40559441 0.21052632 0.39002268 0.2592
 0.11812627 0.33613445 0.31843575 0.50549451 0.51416122 0.70754717
 0.64935065]
Support per Class: [293949    100    150    150    100    100    100     75    100     75
    125    150    125    175     75    100    175     75     75]
Weighted Precision: 0.9959, Weighted Recall: 0.9895, Weighted F1-Score: 0.9922
Precision: 0.9959, Recall: 0.9895, F1-Score: 0.9922
Fold 1, Epoch 1020, Train Loss: 0.4667, Val Loss: 0.4190, Val Acc: 0.9885
Precision: 0.9960, Recall: 0.9898, F1-Score: 0.9924
Fold 1, Epoch 1021, Train Loss: 0.4610, Val Loss: 0.3993, Val Acc: 0.9887
Precision: 0.9959, Recall: 0.9859, F1-Score: 0.9903
Fold 1, Epoch 1022, Train Loss: 0.4508, Val Loss: 0.3858, Val Acc: 0.9843
Precision: 0.9960, Recall: 0.9856, F1-Score: 0.9902
Fold 1, Epoch 1023, Train Loss: 0.4414, Val Loss: 0.3788, Val Acc: 0.9835
Precision: 0.9959, Recall: 0.9827, F1-Score: 0.9887
Fold 1, Epoch 1024, Train Loss: 0.4760, Val Loss: 0.3928, Val Acc: 0.9802
Precision: 0.9960, Recall: 0.9905, F1-Score: 0.9928
Fold 1, Epoch 1025, Train Loss: 0.4937, Val Loss: 0.4149, Val Acc: 0.9893
Precision: 0.9958, Recall: 0.9866, F1-Score: 0.9906
Fold 1, Epoch 1026, Train Loss: 0.4816, Val Loss: 0.3933, Val Acc: 0.9852
Precision: 0.9961, Recall: 0.9863, F1-Score: 0.9906
Fold 1, Epoch 1027, Train Loss: 0.4557, Val Loss: 0.3709, Val Acc: 0.9861
Precision: 0.9958, Recall: 0.9888, F1-Score: 0.9918
Fold 1, Epoch 1028, Train Loss: 0.4662, Val Loss: 0.3908, Val Acc: 0.9872
Precision: 0.9959, Recall: 0.9884, F1-Score: 0.9916
Fold 1, Epoch 1029, Train Loss: 0.4559, Val Loss: 0.3907, Val Acc: 0.9871

--- Epoch 1030 ---
--- Epoch 1030 ---


--- Epoch 1030 ---

--- Epoch 1030 ---
Class Weights: [2.1182575e-05 5.6127068e-02 5.6127068e-02 5.9477936e-02 5.6928884e-02
 5.3851645e-02 5.3851645e-02 4.9812771e-02 5.9477936e-02 5.6127068e-02
 6.1308030e-02 5.1753532e-02 5.3851645e-02 6.0379118e-02 5.6928884e-02
 4.9197800e-02 5.4589339e-02 5.2434497e-02 5.7753939e-02]Class Weights: [2.1182575e-05 5.6127068e-02 5.6127068e-02 5.9477936e-02 5.6928884e-02
 5.3851645e-02 5.3851645e-02 4.9812771e-02 5.9477936e-02 5.6127068e-02
 6.1308030e-02 5.1753532e-02 5.3851645e-02 6.0379118e-02 5.6928884e-02
 4.9197800e-02 5.4589339e-02 5.2434497e-02 5.7753939e-02]
Class Weights: [2.1182575e-05 5.6127068e-02 5.6127068e-02 5.9477936e-02 5.6928884e-02
 5.3851645e-02 5.3851645e-02 4.9812771e-02 5.9477936e-02 5.6127068e-02
 6.1308030e-02 5.1753532e-02 5.3851645e-02 6.0379118e-02 5.6928884e-02
 4.9197800e-02 5.4589339e-02 5.2434497e-02 5.7753939e-02]

Learning Rate: 0.0005Class Weights: [2.1182575e-05 5.6127068e-02 5.6127068e-02 5.9477936e-02 5.6928884e-02
 5.3851645e-02 5.3851645e-02 4.9812771e-02 5.9477936e-02 5.6127068e-02
 6.1308030e-02 5.1753532e-02 5.3851645e-02 6.0379118e-02 5.6928884e-02
 4.9197800e-02 5.4589339e-02 5.2434497e-02 5.7753939e-02]
Learning Rate: 0.0005Learning Rate: 0.0005


Learning Rate: 0.0005
Train Loss: 0.4668, Val Loss: 0.3855
Train Loss: 0.4668, Val Loss: 0.3855Train Loss: 0.4668, Val Loss: 0.3855Train Loss: 0.4668, Val Loss: 0.3855


Per-Class Precision: [1.         0.61111111 0.79787234 0.54065041 0.2375     0.5147929
 0.40441176 0.14868805 0.25714286 0.10029499 0.27561837 0.18610422
 0.08848315 0.5297619  0.2704918  0.59047619 0.4186747  0.67592593
 0.51369863]
Per-Class Recall: [0.98956282 0.99       1.         0.88666667 0.76       0.87
 0.55       0.68       0.9        0.90666667 0.624      0.5
 0.504      0.50857143 0.88       0.62       0.79428571 0.97333333
 1.        ]
Per-Class F1-Score: [0.99475403 0.75572519 0.88757396 0.67171717 0.36190476 0.64684015
 0.46610169 0.24401914 0.4        0.18061089 0.38235294 0.27124774
 0.15053763 0.51895044 0.4137931  0.60487805 0.54832347 0.79781421
 0.67873303]
Support per Class: [293949    100    150    150    100    100    100     75    100     75
    125    150    125    175     75    100    175     75     75]
Weighted Precision: 0.9960, Weighted Recall: 0.9880, Weighted F1-Score: 0.9914
Precision: 0.9960, Recall: 0.9880, F1-Score: 0.9914
Fold 1, Epoch 1030, Train Loss: 0.4668, Val Loss: 0.3855, Val Acc: 0.9868
Precision: 0.9961, Recall: 0.9897, F1-Score: 0.9924
Fold 1, Epoch 1031, Train Loss: 0.4583, Val Loss: 0.4003, Val Acc: 0.9883
Precision: 0.9959, Recall: 0.9818, F1-Score: 0.9881
Fold 1, Epoch 1032, Train Loss: 0.4800, Val Loss: 0.4140, Val Acc: 0.9802
Precision: 0.9959, Recall: 0.9890, F1-Score: 0.9919
Fold 1, Epoch 1033, Train Loss: 0.4724, Val Loss: 0.3821, Val Acc: 0.9882
Precision: 0.9959, Recall: 0.9853, F1-Score: 0.9900
Fold 1, Epoch 1034, Train Loss: 0.4682, Val Loss: 0.3830, Val Acc: 0.9833
Precision: 0.9959, Recall: 0.9895, F1-Score: 0.9922
Fold 1, Epoch 1035, Train Loss: 0.4723, Val Loss: 0.3899, Val Acc: 0.9883
Precision: 0.9959, Recall: 0.9823, F1-Score: 0.9884
Fold 1, Epoch 1036, Train Loss: 0.4624, Val Loss: 0.3829, Val Acc: 0.9807
Precision: 0.9959, Recall: 0.9883, F1-Score: 0.9916
Fold 1, Epoch 1037, Train Loss: 0.4766, Val Loss: 0.3893, Val Acc: 0.9870
Precision: 0.9958, Recall: 0.9864, F1-Score: 0.9904
Fold 1, Epoch 1038, Train Loss: 0.4606, Val Loss: 0.3909, Val Acc: 0.9853
Precision: 0.9961, Recall: 0.9893, F1-Score: 0.9921
Fold 1, Epoch 1039, Train Loss: 0.4450, Val Loss: 0.3943, Val Acc: 0.9878

--- Epoch 1040 ---
--- Epoch 1040 ---


--- Epoch 1040 ---
--- Epoch 1040 ---

Class Weights: [2.1182575e-05 5.6127068e-02 5.6127068e-02 5.9477936e-02 5.6928884e-02
 5.3851645e-02 5.3851645e-02 4.9812771e-02 5.9477936e-02 5.6127068e-02
 6.1308030e-02 5.1753532e-02 5.3851645e-02 6.0379118e-02 5.6928884e-02
 4.9197800e-02 5.4589339e-02 5.2434497e-02 5.7753939e-02]Class Weights: [2.1182575e-05 5.6127068e-02 5.6127068e-02 5.9477936e-02 5.6928884e-02
 5.3851645e-02 5.3851645e-02 4.9812771e-02 5.9477936e-02 5.6127068e-02
 6.1308030e-02 5.1753532e-02 5.3851645e-02 6.0379118e-02 5.6928884e-02
 4.9197800e-02 5.4589339e-02 5.2434497e-02 5.7753939e-02]

Learning Rate: 0.0005Learning Rate: 0.0005

Class Weights: [2.1182575e-05 5.6127068e-02 5.6127068e-02 5.9477936e-02 5.6928884e-02
 5.3851645e-02 5.3851645e-02 4.9812771e-02 5.9477936e-02 5.6127068e-02
 6.1308030e-02 5.1753532e-02 5.3851645e-02 6.0379118e-02 5.6928884e-02
 4.9197800e-02 5.4589339e-02 5.2434497e-02 5.7753939e-02]Class Weights: [2.1182575e-05 5.6127068e-02 5.6127068e-02 5.9477936e-02 5.6928884e-02
 5.3851645e-02 5.3851645e-02 4.9812771e-02 5.9477936e-02 5.6127068e-02
 6.1308030e-02 5.1753532e-02 5.3851645e-02 6.0379118e-02 5.6928884e-02
 4.9197800e-02 5.4589339e-02 5.2434497e-02 5.7753939e-02]

Learning Rate: 0.0005Learning Rate: 0.0005

Train Loss: 0.4580, Val Loss: 0.3784
Train Loss: 0.4580, Val Loss: 0.3784
Train Loss: 0.4580, Val Loss: 0.3784Train Loss: 0.4580, Val Loss: 0.3784

Per-Class Precision: [1.         0.4587156  0.79365079 0.55769231 0.28996283 0.45685279
 0.40437158 0.15037594 0.40526316 0.12142857 0.13764511 0.17073171
 0.11363636 0.545      0.24896266 0.46428571 0.48387097 0.43103448
 0.41208791]
Per-Class Recall: [0.98893345 1.         1.         0.96666667 0.78       0.9
 0.74       0.8        0.77       0.90666667 0.664      0.23333333
 0.72       0.62285714 0.8        0.78       0.68571429 1.
 1.        ]
Per-Class F1-Score: [0.99443594 0.62893082 0.88495575 0.70731707 0.42276423 0.60606061
 0.5229682  0.25316456 0.53103448 0.21417323 0.22802198 0.1971831
 0.19629226 0.58133333 0.37974684 0.58208955 0.56737589 0.60240964
 0.58365759]
Support per Class: [293949    100    150    150    100    100    100     75    100     75
    125    150    125    175     75    100    175     75     75]
Weighted Precision: 0.9958, Weighted Recall: 0.9875, Weighted F1-Score: 0.9910
Precision: 0.9958, Recall: 0.9875, F1-Score: 0.9910
Fold 1, Epoch 1040, Train Loss: 0.4580, Val Loss: 0.3784, Val Acc: 0.9863
Precision: 0.9959, Recall: 0.9893, F1-Score: 0.9920
Fold 1, Epoch 1041, Train Loss: 0.4244, Val Loss: 0.3775, Val Acc: 0.9881
Precision: 0.9960, Recall: 0.9871, F1-Score: 0.9910
Fold 1, Epoch 1042, Train Loss: 0.4382, Val Loss: 0.3774, Val Acc: 0.9852
Precision: 0.9961, Recall: 0.9891, F1-Score: 0.9921
Fold 1, Epoch 1043, Train Loss: 0.4471, Val Loss: 0.3843, Val Acc: 0.9876
Precision: 0.9960, Recall: 0.9847, F1-Score: 0.9898
Fold 1, Epoch 1044, Train Loss: 0.4616, Val Loss: 0.4213, Val Acc: 0.9822
Precision: 0.9958, Recall: 0.9873, F1-Score: 0.9910
Fold 1, Epoch 1045, Train Loss: 0.4444, Val Loss: 0.3843, Val Acc: 0.9852
Precision: 0.9959, Recall: 0.9881, F1-Score: 0.9915
Fold 1, Epoch 1046, Train Loss: 0.4491, Val Loss: 0.4065, Val Acc: 0.9870
Precision: 0.9960, Recall: 0.9881, F1-Score: 0.9915
Fold 1, Epoch 1047, Train Loss: 0.4679, Val Loss: 0.4035, Val Acc: 0.9865
Precision: 0.9959, Recall: 0.9857, F1-Score: 0.9902
Fold 1, Epoch 1048, Train Loss: 0.4719, Val Loss: 0.3842, Val Acc: 0.9841
Precision: 0.9959, Recall: 0.9903, F1-Score: 0.9926
Fold 1, Epoch 1049, Train Loss: 0.4546, Val Loss: 0.3894, Val Acc: 0.9890

--- Epoch 1050 ---
--- Epoch 1050 ---
--- Epoch 1050 ---



--- Epoch 1050 ---
Class Weights: [2.1182575e-05 5.6127068e-02 5.6127068e-02 5.9477936e-02 5.6928884e-02
 5.3851645e-02 5.3851645e-02 4.9812771e-02 5.9477936e-02 5.6127068e-02
 6.1308030e-02 5.1753532e-02 5.3851645e-02 6.0379118e-02 5.6928884e-02
 4.9197800e-02 5.4589339e-02 5.2434497e-02 5.7753939e-02]Class Weights: [2.1182575e-05 5.6127068e-02 5.6127068e-02 5.9477936e-02 5.6928884e-02
 5.3851645e-02 5.3851645e-02 4.9812771e-02 5.9477936e-02 5.6127068e-02
 6.1308030e-02 5.1753532e-02 5.3851645e-02 6.0379118e-02 5.6928884e-02
 4.9197800e-02 5.4589339e-02 5.2434497e-02 5.7753939e-02]Class Weights: [2.1182575e-05 5.6127068e-02 5.6127068e-02 5.9477936e-02 5.6928884e-02
 5.3851645e-02 5.3851645e-02 4.9812771e-02 5.9477936e-02 5.6127068e-02
 6.1308030e-02 5.1753532e-02 5.3851645e-02 6.0379118e-02 5.6928884e-02
 4.9197800e-02 5.4589339e-02 5.2434497e-02 5.7753939e-02]


Class Weights: [2.1182575e-05 5.6127068e-02 5.6127068e-02 5.9477936e-02 5.6928884e-02
 5.3851645e-02 5.3851645e-02 4.9812771e-02 5.9477936e-02 5.6127068e-02
 6.1308030e-02 5.1753532e-02 5.3851645e-02 6.0379118e-02 5.6928884e-02
 4.9197800e-02 5.4589339e-02 5.2434497e-02 5.7753939e-02]Learning Rate: 0.0005Learning Rate: 0.0005Learning Rate: 0.0005



Learning Rate: 0.0005
Train Loss: 0.4638, Val Loss: 0.3724Train Loss: 0.4638, Val Loss: 0.3724
Train Loss: 0.4638, Val Loss: 0.3724
Train Loss: 0.4638, Val Loss: 0.3724

Per-Class Precision: [1.         0.52910053 0.82485876 0.58606557 0.26751592 0.71428571
 0.21750663 0.24157303 0.36526946 0.06216696 0.23140496 0.18624642
 0.1525974  0.52360515 0.26521739 0.47651007 0.4787234  0.63559322
 0.4601227 ]
Per-Class Recall: [0.98958663 1.         0.97333333 0.95333333 0.84       0.85
 0.82       0.57333333 0.61       0.93333333 0.672      0.43333333
 0.376      0.69714286 0.81333333 0.71       0.77142857 1.
 1.        ]
Per-Class F1-Score: [0.99476606 0.69204152 0.89296636 0.72588832 0.4057971  0.77625571
 0.34381551 0.33992095 0.45692884 0.11656953 0.3442623  0.26052104
 0.21709007 0.59803922 0.4        0.57028112 0.59080963 0.77720207
 0.6302521 ]
Support per Class: [293949    100    150    150    100    100    100     75    100     75
    125    150    125    175     75    100    175     75     75]
Weighted Precision: 0.9960, Weighted Recall: 0.9880, Weighted F1-Score: 0.9915
Precision: 0.9960, Recall: 0.9880, F1-Score: 0.9915
Fold 1, Epoch 1050, Train Loss: 0.4638, Val Loss: 0.3724, Val Acc: 0.9862
Precision: 0.9959, Recall: 0.9876, F1-Score: 0.9912
Fold 1, Epoch 1051, Train Loss: 0.4673, Val Loss: 0.3963, Val Acc: 0.9861
Precision: 0.9960, Recall: 0.9892, F1-Score: 0.9921
Fold 1, Epoch 1052, Train Loss: 0.4528, Val Loss: 0.3802, Val Acc: 0.9879
Precision: 0.9958, Recall: 0.9870, F1-Score: 0.9908
Fold 1, Epoch 1053, Train Loss: 0.4379, Val Loss: 0.3789, Val Acc: 0.9856
Precision: 0.9961, Recall: 0.9888, F1-Score: 0.9919
Fold 1, Epoch 1054, Train Loss: 0.4400, Val Loss: 0.3786, Val Acc: 0.9876
Precision: 0.9960, Recall: 0.9898, F1-Score: 0.9924
Fold 1, Epoch 1055, Train Loss: 0.4505, Val Loss: 0.3861, Val Acc: 0.9882
Precision: 0.9960, Recall: 0.9885, F1-Score: 0.9917
Fold 1, Epoch 1056, Train Loss: 0.4365, Val Loss: 0.3819, Val Acc: 0.9871
Precision: 0.9961, Recall: 0.9855, F1-Score: 0.9902
Fold 1, Epoch 1057, Train Loss: 0.4595, Val Loss: 0.3893, Val Acc: 0.9832
Precision: 0.9960, Recall: 0.9894, F1-Score: 0.9922
Fold 1, Epoch 1058, Train Loss: 0.4470, Val Loss: 0.4130, Val Acc: 0.9882
Precision: 0.9960, Recall: 0.9873, F1-Score: 0.9910
Fold 1, Epoch 1059, Train Loss: 0.4472, Val Loss: 0.3778, Val Acc: 0.9853

--- Epoch 1060 ---
--- Epoch 1060 ---
--- Epoch 1060 ---



--- Epoch 1060 ---
Class Weights: [2.1182575e-05 5.6127068e-02 5.6127068e-02 5.9477936e-02 5.6928884e-02
 5.3851645e-02 5.3851645e-02 4.9812771e-02 5.9477936e-02 5.6127068e-02
 6.1308030e-02 5.1753532e-02 5.3851645e-02 6.0379118e-02 5.6928884e-02
 4.9197800e-02 5.4589339e-02 5.2434497e-02 5.7753939e-02]Class Weights: [2.1182575e-05 5.6127068e-02 5.6127068e-02 5.9477936e-02 5.6928884e-02
 5.3851645e-02 5.3851645e-02 4.9812771e-02 5.9477936e-02 5.6127068e-02
 6.1308030e-02 5.1753532e-02 5.3851645e-02 6.0379118e-02 5.6928884e-02
 4.9197800e-02 5.4589339e-02 5.2434497e-02 5.7753939e-02]Class Weights: [2.1182575e-05 5.6127068e-02 5.6127068e-02 5.9477936e-02 5.6928884e-02
 5.3851645e-02 5.3851645e-02 4.9812771e-02 5.9477936e-02 5.6127068e-02
 6.1308030e-02 5.1753532e-02 5.3851645e-02 6.0379118e-02 5.6928884e-02
 4.9197800e-02 5.4589339e-02 5.2434497e-02 5.7753939e-02]


Class Weights: [2.1182575e-05 5.6127068e-02 5.6127068e-02 5.9477936e-02 5.6928884e-02
 5.3851645e-02 5.3851645e-02 4.9812771e-02 5.9477936e-02 5.6127068e-02
 6.1308030e-02 5.1753532e-02 5.3851645e-02 6.0379118e-02 5.6928884e-02
 4.9197800e-02 5.4589339e-02 5.2434497e-02 5.7753939e-02]Learning Rate: 0.0005Learning Rate: 0.0005Learning Rate: 0.0005



Learning Rate: 0.0005
Train Loss: 0.4376, Val Loss: 0.3682Train Loss: 0.4376, Val Loss: 0.3682
Train Loss: 0.4376, Val Loss: 0.3682
Train Loss: 0.4376, Val Loss: 0.3682

Per-Class Precision: [1.         0.58823529 0.83798883 0.62053571 0.3254902  0.672
 0.2826087  0.16913947 0.41242938 0.06537753 0.13918919 0.16666667
 0.11504425 0.64772727 0.25821596 0.44571429 0.43508772 0.53956835
 0.50675676]
Per-Class Recall: [0.98751484 1.         1.         0.92666667 0.83       0.84
 0.78       0.76       0.73       0.94666667 0.824      0.34666667
 0.624      0.65142857 0.73333333 0.78       0.70857143 1.
 1.        ]
Per-Class F1-Score: [0.99371821 0.74074074 0.9118541  0.74331551 0.46760563 0.74666667
 0.41489362 0.27669903 0.52707581 0.12230835 0.23815029 0.22510823
 0.19427148 0.64957265 0.38194444 0.56727273 0.53913043 0.70093458
 0.67264574]
Support per Class: [293949    100    150    150    100    100    100     75    100     75
    125    150    125    175     75    100    175     75     75]
Weighted Precision: 0.9960, Weighted Recall: 0.9861, Weighted F1-Score: 0.9905
Precision: 0.9960, Recall: 0.9861, F1-Score: 0.9905
Fold 1, Epoch 1060, Train Loss: 0.4376, Val Loss: 0.3682, Val Acc: 0.9845
Precision: 0.9959, Recall: 0.9886, F1-Score: 0.9917
Fold 1, Epoch 1061, Train Loss: 0.4357, Val Loss: 0.3988, Val Acc: 0.9878
Precision: 0.9959, Recall: 0.9872, F1-Score: 0.9910
Fold 1, Epoch 1062, Train Loss: 0.4730, Val Loss: 0.4019, Val Acc: 0.9866
Precision: 0.9961, Recall: 0.9895, F1-Score: 0.9923
Fold 1, Epoch 1063, Train Loss: 0.5024, Val Loss: 0.3989, Val Acc: 0.9881
Precision: 0.9961, Recall: 0.9884, F1-Score: 0.9915
Fold 1, Epoch 1064, Train Loss: 0.4770, Val Loss: 0.4251, Val Acc: 0.9870
Precision: 0.9958, Recall: 0.9787, F1-Score: 0.9864
Fold 1, Epoch 1065, Train Loss: 0.4864, Val Loss: 0.4088, Val Acc: 0.9770
Precision: 0.9962, Recall: 0.9910, F1-Score: 0.9931
Fold 1, Epoch 1066, Train Loss: 0.4796, Val Loss: 0.3973, Val Acc: 0.9899
Precision: 0.9959, Recall: 0.9850, F1-Score: 0.9898
Fold 1, Epoch 1067, Train Loss: 0.4551, Val Loss: 0.3753, Val Acc: 0.9842
Precision: 0.9960, Recall: 0.9905, F1-Score: 0.9928
Fold 1, Epoch 1068, Train Loss: 0.4185, Val Loss: 0.3977, Val Acc: 0.9896
Precision: 0.9958, Recall: 0.9609, F1-Score: 0.9773
Fold 1, Epoch 1069, Train Loss: 0.4538, Val Loss: 0.3815, Val Acc: 0.9607

--- Epoch 1070 ---
--- Epoch 1070 ---
--- Epoch 1070 ---



--- Epoch 1070 ---
Class Weights: [2.1182575e-05 5.6127068e-02 5.6127068e-02 5.9477936e-02 5.6928884e-02
 5.3851645e-02 5.3851645e-02 4.9812771e-02 5.9477936e-02 5.6127068e-02
 6.1308030e-02 5.1753532e-02 5.3851645e-02 6.0379118e-02 5.6928884e-02
 4.9197800e-02 5.4589339e-02 5.2434497e-02 5.7753939e-02]Class Weights: [2.1182575e-05 5.6127068e-02 5.6127068e-02 5.9477936e-02 5.6928884e-02
 5.3851645e-02 5.3851645e-02 4.9812771e-02 5.9477936e-02 5.6127068e-02
 6.1308030e-02 5.1753532e-02 5.3851645e-02 6.0379118e-02 5.6928884e-02
 4.9197800e-02 5.4589339e-02 5.2434497e-02 5.7753939e-02]Class Weights: [2.1182575e-05 5.6127068e-02 5.6127068e-02 5.9477936e-02 5.6928884e-02
 5.3851645e-02 5.3851645e-02 4.9812771e-02 5.9477936e-02 5.6127068e-02
 6.1308030e-02 5.1753532e-02 5.3851645e-02 6.0379118e-02 5.6928884e-02
 4.9197800e-02 5.4589339e-02 5.2434497e-02 5.7753939e-02]


Class Weights: [2.1182575e-05 5.6127068e-02 5.6127068e-02 5.9477936e-02 5.6928884e-02
 5.3851645e-02 5.3851645e-02 4.9812771e-02 5.9477936e-02 5.6127068e-02
 6.1308030e-02 5.1753532e-02 5.3851645e-02 6.0379118e-02 5.6928884e-02
 4.9197800e-02 5.4589339e-02 5.2434497e-02 5.7753939e-02]Learning Rate: 0.0005Learning Rate: 0.0005Learning Rate: 0.0005



Learning Rate: 0.0005
Train Loss: 0.4977, Val Loss: 0.4037Train Loss: 0.4977, Val Loss: 0.4037

Train Loss: 0.4977, Val Loss: 0.4037Train Loss: 0.4977, Val Loss: 0.4037

Per-Class Precision: [1.         0.63870968 0.83615819 0.63684211 0.28937729 0.59090909
 0.28289474 0.13870968 0.2943038  0.08354756 0.26627219 0.16423358
 0.10110974 0.67213115 0.30909091 0.39150943 0.43686007 0.6509434
 0.51369863]
Per-Class Recall: [0.99025681 0.99       0.98666667 0.80666667 0.79       0.78
 0.43       0.57333333 0.93       0.86666667 0.72       0.3
 0.656      0.23428571 0.68       0.83       0.73142857 0.92
 1.        ]
Per-Class F1-Score: [0.99510456 0.77647059 0.90519878 0.71176471 0.42359249 0.67241379
 0.34126984 0.22337662 0.44711538 0.15240328 0.3887689  0.21226415
 0.17521368 0.34745763 0.425      0.53205128 0.54700855 0.76243094
 0.67873303]
Support per Class: [293949    100    150    150    100    100    100     75    100     75
    125    150    125    175     75    100    175     75     75]
Weighted Precision: 0.9961, Weighted Recall: 0.9883, Weighted F1-Score: 0.9916
Precision: 0.9961, Recall: 0.9883, F1-Score: 0.9916
Fold 1, Epoch 1070, Train Loss: 0.4977, Val Loss: 0.4037, Val Acc: 0.9868
Precision: 0.9962, Recall: 0.9906, F1-Score: 0.9929
Fold 1, Epoch 1071, Train Loss: 0.4628, Val Loss: 0.3815, Val Acc: 0.9895
Precision: 0.9960, Recall: 0.9886, F1-Score: 0.9918
Fold 1, Epoch 1072, Train Loss: 0.4564, Val Loss: 0.3952, Val Acc: 0.9871
Precision: 0.9960, Recall: 0.9879, F1-Score: 0.9914
Fold 1, Epoch 1073, Train Loss: 0.4657, Val Loss: 0.3871, Val Acc: 0.9863
Precision: 0.9959, Recall: 0.9888, F1-Score: 0.9918
Fold 1, Epoch 1074, Train Loss: 0.4378, Val Loss: 0.3833, Val Acc: 0.9880
Precision: 0.9961, Recall: 0.9873, F1-Score: 0.9911
Fold 1, Epoch 1075, Train Loss: 0.4636, Val Loss: 0.3760, Val Acc: 0.9856
Precision: 0.9960, Recall: 0.9879, F1-Score: 0.9914
Fold 1, Epoch 1076, Train Loss: 0.4352, Val Loss: 0.4238, Val Acc: 0.9870
Precision: 0.9959, Recall: 0.9897, F1-Score: 0.9923
Fold 1, Epoch 1077, Train Loss: 0.4679, Val Loss: 0.3967, Val Acc: 0.9884
Precision: 0.9960, Recall: 0.9874, F1-Score: 0.9911
Fold 1, Epoch 1078, Train Loss: 0.4578, Val Loss: 0.3891, Val Acc: 0.9856
Precision: 0.9960, Recall: 0.9876, F1-Score: 0.9912
Fold 1, Epoch 1079, Train Loss: 0.4964, Val Loss: 0.3755, Val Acc: 0.9858

--- Epoch 1080 ---
--- Epoch 1080 ---
--- Epoch 1080 ---



--- Epoch 1080 ---
Class Weights: [2.1182575e-05 5.6127068e-02 5.6127068e-02 5.9477936e-02 5.6928884e-02
 5.3851645e-02 5.3851645e-02 4.9812771e-02 5.9477936e-02 5.6127068e-02
 6.1308030e-02 5.1753532e-02 5.3851645e-02 6.0379118e-02 5.6928884e-02
 4.9197800e-02 5.4589339e-02 5.2434497e-02 5.7753939e-02]Class Weights: [2.1182575e-05 5.6127068e-02 5.6127068e-02 5.9477936e-02 5.6928884e-02
 5.3851645e-02 5.3851645e-02 4.9812771e-02 5.9477936e-02 5.6127068e-02
 6.1308030e-02 5.1753532e-02 5.3851645e-02 6.0379118e-02 5.6928884e-02
 4.9197800e-02 5.4589339e-02 5.2434497e-02 5.7753939e-02]Class Weights: [2.1182575e-05 5.6127068e-02 5.6127068e-02 5.9477936e-02 5.6928884e-02
 5.3851645e-02 5.3851645e-02 4.9812771e-02 5.9477936e-02 5.6127068e-02
 6.1308030e-02 5.1753532e-02 5.3851645e-02 6.0379118e-02 5.6928884e-02
 4.9197800e-02 5.4589339e-02 5.2434497e-02 5.7753939e-02]Class Weights: [2.1182575e-05 5.6127068e-02 5.6127068e-02 5.9477936e-02 5.6928884e-02
 5.3851645e-02 5.3851645e-02 4.9812771e-02 5.9477936e-02 5.6127068e-02
 6.1308030e-02 5.1753532e-02 5.3851645e-02 6.0379118e-02 5.6928884e-02
 4.9197800e-02 5.4589339e-02 5.2434497e-02 5.7753939e-02]



Learning Rate: 0.0005Learning Rate: 0.0005Learning Rate: 0.0005
Learning Rate: 0.0005


Train Loss: 0.4591, Val Loss: 0.3765
Train Loss: 0.4591, Val Loss: 0.3765Train Loss: 0.4591, Val Loss: 0.3765
Train Loss: 0.4591, Val Loss: 0.3765

Per-Class Precision: [1.         0.54644809 0.74129353 0.62605042 0.21293801 0.63120567
 0.26102941 0.21212121 0.25       0.09631728 0.15782313 0.20111732
 0.125      0.5739645  0.384      0.5483871  0.47142857 0.39473684
 0.48366013]
Per-Class Recall: [0.9897159  1.         0.99333333 0.99333333 0.79       0.89
 0.71       0.46666667 0.6        0.90666667 0.928      0.24
 0.576      0.55428571 0.64       0.68       0.75428571 1.
 0.98666667]
Per-Class F1-Score: [0.99483137 0.70671378 0.84900285 0.76804124 0.33545648 0.73858921
 0.38172043 0.29166667 0.35294118 0.17413572 0.26976744 0.21884498
 0.20542083 0.56395349 0.48       0.60714286 0.58021978 0.56603774
 0.64912281]
Support per Class: [293949    100    150    150    100    100    100     75    100     75
    125    150    125    175     75    100    175     75     75]
Weighted Precision: 0.9959, Weighted Recall: 0.9881, Weighted F1-Score: 0.9914
Precision: 0.9959, Recall: 0.9881, F1-Score: 0.9914
Fold 1, Epoch 1080, Train Loss: 0.4591, Val Loss: 0.3765, Val Acc: 0.9870
Precision: 0.9962, Recall: 0.9871, F1-Score: 0.9911
Fold 1, Epoch 1081, Train Loss: 0.4568, Val Loss: 0.3797, Val Acc: 0.9851
Precision: 0.9961, Recall: 0.9888, F1-Score: 0.9919
Fold 1, Epoch 1082, Train Loss: 0.4562, Val Loss: 0.3896, Val Acc: 0.9871
Precision: 0.9961, Recall: 0.9893, F1-Score: 0.9922
Fold 1, Epoch 1083, Train Loss: 0.4463, Val Loss: 0.3960, Val Acc: 0.9879
Precision: 0.9960, Recall: 0.9887, F1-Score: 0.9918
Fold 1, Epoch 1084, Train Loss: 0.4679, Val Loss: 0.3772, Val Acc: 0.9873
Precision: 0.9959, Recall: 0.9866, F1-Score: 0.9906
Fold 1, Epoch 1085, Train Loss: 0.4534, Val Loss: 0.4076, Val Acc: 0.9854
Precision: 0.9961, Recall: 0.9871, F1-Score: 0.9910
Fold 1, Epoch 1086, Train Loss: 0.4509, Val Loss: 0.3793, Val Acc: 0.9850
Precision: 0.9958, Recall: 0.9888, F1-Score: 0.9918
Fold 1, Epoch 1087, Train Loss: 0.4403, Val Loss: 0.3976, Val Acc: 0.9873
Precision: 0.9959, Recall: 0.9850, F1-Score: 0.9898
Fold 1, Epoch 1088, Train Loss: 0.4480, Val Loss: 0.3726, Val Acc: 0.9833
Precision: 0.9961, Recall: 0.9905, F1-Score: 0.9928
Fold 1, Epoch 1089, Train Loss: 0.4385, Val Loss: 0.3626, Val Acc: 0.9891

--- Epoch 1090 ---
--- Epoch 1090 ---
--- Epoch 1090 ---



--- Epoch 1090 ---
Class Weights: [2.1182575e-05 5.6127068e-02 5.6127068e-02 5.9477936e-02 5.6928884e-02
 5.3851645e-02 5.3851645e-02 4.9812771e-02 5.9477936e-02 5.6127068e-02
 6.1308030e-02 5.1753532e-02 5.3851645e-02 6.0379118e-02 5.6928884e-02
 4.9197800e-02 5.4589339e-02 5.2434497e-02 5.7753939e-02]Class Weights: [2.1182575e-05 5.6127068e-02 5.6127068e-02 5.9477936e-02 5.6928884e-02
 5.3851645e-02 5.3851645e-02 4.9812771e-02 5.9477936e-02 5.6127068e-02
 6.1308030e-02 5.1753532e-02 5.3851645e-02 6.0379118e-02 5.6928884e-02
 4.9197800e-02 5.4589339e-02 5.2434497e-02 5.7753939e-02]Class Weights: [2.1182575e-05 5.6127068e-02 5.6127068e-02 5.9477936e-02 5.6928884e-02
 5.3851645e-02 5.3851645e-02 4.9812771e-02 5.9477936e-02 5.6127068e-02
 6.1308030e-02 5.1753532e-02 5.3851645e-02 6.0379118e-02 5.6928884e-02
 4.9197800e-02 5.4589339e-02 5.2434497e-02 5.7753939e-02]


Learning Rate: 0.0005Learning Rate: 0.0005Class Weights: [2.1182575e-05 5.6127068e-02 5.6127068e-02 5.9477936e-02 5.6928884e-02
 5.3851645e-02 5.3851645e-02 4.9812771e-02 5.9477936e-02 5.6127068e-02
 6.1308030e-02 5.1753532e-02 5.3851645e-02 6.0379118e-02 5.6928884e-02
 4.9197800e-02 5.4589339e-02 5.2434497e-02 5.7753939e-02]Learning Rate: 0.0005



Learning Rate: 0.0005
Train Loss: 0.4574, Val Loss: 0.3783Train Loss: 0.4574, Val Loss: 0.3783

Train Loss: 0.4574, Val Loss: 0.3783Train Loss: 0.4574, Val Loss: 0.3783

Per-Class Precision: [1.         0.02165909 0.80681818 0.65340909 0.18058252 0.75221239
 0.41436464 0.19469027 0.24738676 0.11631944 0.22682927 0.17630058
 0.11309524 0.54589372 0.27672956 0.34716981 0.48510638 0.48701299
 0.36945813]
Per-Class Recall: [0.97508071 1.         0.94666667 0.76666667 0.93       0.85
 0.75       0.58666667 0.71       0.89333333 0.744      0.40666667
 0.456      0.64571429 0.58666667 0.92       0.65142857 1.
 1.        ]
Per-Class F1-Score: [0.98738315 0.04239983 0.87116564 0.70552147 0.30243902 0.79812207
 0.53380783 0.2923588  0.36692506 0.20583717 0.34766355 0.24596774
 0.18124006 0.59162304 0.37606838 0.50410959 0.55609756 0.65502183
 0.53956835]
Support per Class: [293949    100    150    150    100    100    100     75    100     75
    125    150    125    175     75    100    175     75     75]
Weighted Precision: 0.9958, Weighted Recall: 0.9735, Weighted F1-Score: 0.9838
Precision: 0.9958, Recall: 0.9735, F1-Score: 0.9838
Fold 1, Epoch 1090, Train Loss: 0.4574, Val Loss: 0.3783, Val Acc: 0.9731
Precision: 0.9961, Recall: 0.9903, F1-Score: 0.9927
Fold 1, Epoch 1091, Train Loss: 0.4684, Val Loss: 0.3994, Val Acc: 0.9894
Precision: 0.9961, Recall: 0.9867, F1-Score: 0.9908
Fold 1, Epoch 1092, Train Loss: 0.4600, Val Loss: 0.3806, Val Acc: 0.9851
Precision: 0.9959, Recall: 0.9895, F1-Score: 0.9921
Fold 1, Epoch 1093, Train Loss: 0.4537, Val Loss: 0.3821, Val Acc: 0.9881
Precision: 0.9960, Recall: 0.9753, F1-Score: 0.9849
Fold 1, Epoch 1094, Train Loss: 0.4603, Val Loss: 0.3785, Val Acc: 0.9749
Precision: 0.9960, Recall: 0.9909, F1-Score: 0.9930
Fold 1, Epoch 1095, Train Loss: 0.4343, Val Loss: 0.3731, Val Acc: 0.9898
Precision: 0.9959, Recall: 0.9840, F1-Score: 0.9893
Fold 1, Epoch 1096, Train Loss: 0.4394, Val Loss: 0.3738, Val Acc: 0.9817
Precision: 0.9960, Recall: 0.9885, F1-Score: 0.9918
Fold 1, Epoch 1097, Train Loss: 0.4397, Val Loss: 0.3858, Val Acc: 0.9872
Precision: 0.9961, Recall: 0.9865, F1-Score: 0.9908
Fold 1, Epoch 1098, Train Loss: 0.4477, Val Loss: 0.3780, Val Acc: 0.9853
Precision: 0.9960, Recall: 0.9904, F1-Score: 0.9927
Fold 1, Epoch 1099, Train Loss: 0.4444, Val Loss: 0.3822, Val Acc: 0.9891

--- Epoch 1100 ---
--- Epoch 1100 ---
--- Epoch 1100 ---



--- Epoch 1100 ---
Class Weights: [2.1182575e-05 5.6127068e-02 5.6127068e-02 5.9477936e-02 5.6928884e-02
 5.3851645e-02 5.3851645e-02 4.9812771e-02 5.9477936e-02 5.6127068e-02
 6.1308030e-02 5.1753532e-02 5.3851645e-02 6.0379118e-02 5.6928884e-02
 4.9197800e-02 5.4589339e-02 5.2434497e-02 5.7753939e-02]Class Weights: [2.1182575e-05 5.6127068e-02 5.6127068e-02 5.9477936e-02 5.6928884e-02
 5.3851645e-02 5.3851645e-02 4.9812771e-02 5.9477936e-02 5.6127068e-02
 6.1308030e-02 5.1753532e-02 5.3851645e-02 6.0379118e-02 5.6928884e-02
 4.9197800e-02 5.4589339e-02 5.2434497e-02 5.7753939e-02]Class Weights: [2.1182575e-05 5.6127068e-02 5.6127068e-02 5.9477936e-02 5.6928884e-02
 5.3851645e-02 5.3851645e-02 4.9812771e-02 5.9477936e-02 5.6127068e-02
 6.1308030e-02 5.1753532e-02 5.3851645e-02 6.0379118e-02 5.6928884e-02
 4.9197800e-02 5.4589339e-02 5.2434497e-02 5.7753939e-02]

Class Weights: [2.1182575e-05 5.6127068e-02 5.6127068e-02 5.9477936e-02 5.6928884e-02
 5.3851645e-02 5.3851645e-02 4.9812771e-02 5.9477936e-02 5.6127068e-02
 6.1308030e-02 5.1753532e-02 5.3851645e-02 6.0379118e-02 5.6928884e-02
 4.9197800e-02 5.4589339e-02 5.2434497e-02 5.7753939e-02]
Learning Rate: 0.0005Learning Rate: 0.0005

Learning Rate: 0.0005

Learning Rate: 0.0005
Train Loss: 0.4532, Val Loss: 0.3778Train Loss: 0.4532, Val Loss: 0.3778

Train Loss: 0.4532, Val Loss: 0.3778Train Loss: 0.4532, Val Loss: 0.3778

Per-Class Precision: [1.         0.43478261 0.79120879 0.68156425 0.21899736 0.58490566
 0.25783972 0.15789474 0.34080717 0.05903399 0.30107527 0.17434211
 0.11723164 0.62068966 0.23703704 0.49056604 0.52290076 0.5952381
 0.48701299]
Per-Class Recall: [0.98819183 1.         0.96       0.81333333 0.83       0.93
 0.74       0.76       0.76       0.88       0.672      0.35333333
 0.664      0.41142857 0.85333333 0.78       0.78285714 1.
 1.        ]
Per-Class F1-Score: [0.99406085 0.60606061 0.86746988 0.74164134 0.34655532 0.71814672
 0.38242894 0.26146789 0.47058824 0.11064543 0.41584158 0.23348018
 0.19927971 0.49484536 0.37101449 0.6023166  0.62700229 0.74626866
 0.65502183]
Support per Class: [293949    100    150    150    100    100    100     75    100     75
    125    150    125    175     75    100    175     75     75]
Weighted Precision: 0.9960, Weighted Recall: 0.9866, Weighted F1-Score: 0.9907
Precision: 0.9960, Recall: 0.9866, F1-Score: 0.9907
Fold 1, Epoch 1100, Train Loss: 0.4532, Val Loss: 0.3778, Val Acc: 0.9847
Precision: 0.9961, Recall: 0.9876, F1-Score: 0.9913
Fold 1, Epoch 1101, Train Loss: 0.4470, Val Loss: 0.3788, Val Acc: 0.9860
Precision: 0.9960, Recall: 0.9892, F1-Score: 0.9921
Fold 1, Epoch 1102, Train Loss: 0.4341, Val Loss: 0.3783, Val Acc: 0.9877
Precision: 0.9959, Recall: 0.9845, F1-Score: 0.9897
Fold 1, Epoch 1103, Train Loss: 0.4353, Val Loss: 0.3742, Val Acc: 0.9824
Precision: 0.9961, Recall: 0.9907, F1-Score: 0.9930
Fold 1, Epoch 1104, Train Loss: 0.4493, Val Loss: 0.3763, Val Acc: 0.9898
Precision: 0.9960, Recall: 0.9850, F1-Score: 0.9898
Fold 1, Epoch 1105, Train Loss: 0.4102, Val Loss: 0.3844, Val Acc: 0.9834
Precision: 0.9961, Recall: 0.9893, F1-Score: 0.9921
Fold 1, Epoch 1106, Train Loss: 0.4436, Val Loss: 0.3700, Val Acc: 0.9878
Precision: 0.9959, Recall: 0.9867, F1-Score: 0.9907
Fold 1, Epoch 1107, Train Loss: 0.4455, Val Loss: 0.3943, Val Acc: 0.9855
Precision: 0.9962, Recall: 0.9898, F1-Score: 0.9925
Fold 1, Epoch 1108, Train Loss: 0.4411, Val Loss: 0.3891, Val Acc: 0.9885
Precision: 0.9958, Recall: 0.9809, F1-Score: 0.9876
Fold 1, Epoch 1109, Train Loss: 0.4524, Val Loss: 0.3768, Val Acc: 0.9798

--- Epoch 1110 ---
--- Epoch 1110 ---
--- Epoch 1110 ---



--- Epoch 1110 ---
Class Weights: [2.1182575e-05 5.6127068e-02 5.6127068e-02 5.9477936e-02 5.6928884e-02
 5.3851645e-02 5.3851645e-02 4.9812771e-02 5.9477936e-02 5.6127068e-02
 6.1308030e-02 5.1753532e-02 5.3851645e-02 6.0379118e-02 5.6928884e-02
 4.9197800e-02 5.4589339e-02 5.2434497e-02 5.7753939e-02]Class Weights: [2.1182575e-05 5.6127068e-02 5.6127068e-02 5.9477936e-02 5.6928884e-02
 5.3851645e-02 5.3851645e-02 4.9812771e-02 5.9477936e-02 5.6127068e-02
 6.1308030e-02 5.1753532e-02 5.3851645e-02 6.0379118e-02 5.6928884e-02
 4.9197800e-02 5.4589339e-02 5.2434497e-02 5.7753939e-02]Class Weights: [2.1182575e-05 5.6127068e-02 5.6127068e-02 5.9477936e-02 5.6928884e-02
 5.3851645e-02 5.3851645e-02 4.9812771e-02 5.9477936e-02 5.6127068e-02
 6.1308030e-02 5.1753532e-02 5.3851645e-02 6.0379118e-02 5.6928884e-02
 4.9197800e-02 5.4589339e-02 5.2434497e-02 5.7753939e-02]


Learning Rate: 0.0005Learning Rate: 0.0005
Learning Rate: 0.0005Class Weights: [2.1182575e-05 5.6127068e-02 5.6127068e-02 5.9477936e-02 5.6928884e-02
 5.3851645e-02 5.3851645e-02 4.9812771e-02 5.9477936e-02 5.6127068e-02
 6.1308030e-02 5.1753532e-02 5.3851645e-02 6.0379118e-02 5.6928884e-02
 4.9197800e-02 5.4589339e-02 5.2434497e-02 5.7753939e-02]


Learning Rate: 0.0005
Train Loss: 0.4431, Val Loss: 0.3742
Train Loss: 0.4431, Val Loss: 0.3742Train Loss: 0.4431, Val Loss: 0.3742

Train Loss: 0.4431, Val Loss: 0.3742
Per-Class Precision: [1.         0.58823529 0.86624204 0.5        0.2733564  0.71186441
 0.41258741 0.16915423 0.42473118 0.14666667 0.24186047 0.10884354
 0.15316642 0.63398693 0.30107527 0.48666667 0.39158576 0.58536585
 0.55555556]
Per-Class Recall: [0.99152914 1.         0.90666667 0.96       0.79       0.84
 0.59       0.90666667 0.79       0.88       0.832      0.10666667
 0.832      0.55428571 0.74666667 0.73       0.69142857 0.96
 1.        ]
Per-Class F1-Score: [0.99574656 0.74074074 0.88599349 0.65753425 0.40616967 0.7706422
 0.48559671 0.2851153  0.55244755 0.25142857 0.37477477 0.10774411
 0.25870647 0.59146341 0.42911877 0.584      0.5        0.72727273
 0.71428571]
Support per Class: [293949    100    150    150    100    100    100     75    100     75
    125    150    125    175     75    100    175     75     75]
Weighted Precision: 0.9961, Weighted Recall: 0.9899, Weighted F1-Score: 0.9925
Precision: 0.9961, Recall: 0.9899, F1-Score: 0.9925
Fold 1, Epoch 1110, Train Loss: 0.4431, Val Loss: 0.3742, Val Acc: 0.9888
Precision: 0.9957, Recall: 0.9845, F1-Score: 0.9894
Fold 1, Epoch 1111, Train Loss: 0.4392, Val Loss: 0.3787, Val Acc: 0.9827
Precision: 0.9961, Recall: 0.9884, F1-Score: 0.9918
Fold 1, Epoch 1112, Train Loss: 0.4363, Val Loss: 0.3819, Val Acc: 0.9877
Precision: 0.9958, Recall: 0.9888, F1-Score: 0.9918
Fold 1, Epoch 1113, Train Loss: 0.4277, Val Loss: 0.3698, Val Acc: 0.9874
Precision: 0.9959, Recall: 0.9868, F1-Score: 0.9908
Fold 1, Epoch 1114, Train Loss: 0.4515, Val Loss: 0.3908, Val Acc: 0.9855
Precision: 0.9961, Recall: 0.9875, F1-Score: 0.9912
Fold 1, Epoch 1115, Train Loss: 0.4349, Val Loss: 0.3747, Val Acc: 0.9868
Precision: 0.9960, Recall: 0.9879, F1-Score: 0.9914
Fold 1, Epoch 1116, Train Loss: 0.4700, Val Loss: 0.3764, Val Acc: 0.9875
Precision: 0.9960, Recall: 0.9876, F1-Score: 0.9912
Fold 1, Epoch 1117, Train Loss: 0.4736, Val Loss: 0.3822, Val Acc: 0.9863
Precision: 0.9958, Recall: 0.9863, F1-Score: 0.9904
Fold 1, Epoch 1118, Train Loss: 0.4464, Val Loss: 0.3702, Val Acc: 0.9859
Precision: 0.9960, Recall: 0.9859, F1-Score: 0.9903
Fold 1, Epoch 1119, Train Loss: 0.4188, Val Loss: 0.3941, Val Acc: 0.9840

--- Epoch 1120 ---

--- Epoch 1120 ---
--- Epoch 1120 ---
--- Epoch 1120 ---


Class Weights: [2.1182575e-05 5.6127068e-02 5.6127068e-02 5.9477936e-02 5.6928884e-02
 5.3851645e-02 5.3851645e-02 4.9812771e-02 5.9477936e-02 5.6127068e-02
 6.1308030e-02 5.1753532e-02 5.3851645e-02 6.0379118e-02 5.6928884e-02
 4.9197800e-02 5.4589339e-02 5.2434497e-02 5.7753939e-02]
Learning Rate: 0.0005
Train Loss: 0.4570, Val Loss: 0.4024
Class Weights: [2.1182575e-05 5.6127068e-02 5.6127068e-02 5.9477936e-02 5.6928884e-02
 5.3851645e-02 5.3851645e-02 4.9812771e-02 5.9477936e-02 5.6127068e-02
 6.1308030e-02 5.1753532e-02 5.3851645e-02 6.0379118e-02 5.6928884e-02
 4.9197800e-02 5.4589339e-02 5.2434497e-02 5.7753939e-02]Class Weights: [2.1182575e-05 5.6127068e-02 5.6127068e-02 5.9477936e-02 5.6928884e-02
 5.3851645e-02 5.3851645e-02 4.9812771e-02 5.9477936e-02 5.6127068e-02
 6.1308030e-02 5.1753532e-02 5.3851645e-02 6.0379118e-02 5.6928884e-02
 4.9197800e-02 5.4589339e-02 5.2434497e-02 5.7753939e-02]Class Weights: [2.1182575e-05 5.6127068e-02 5.6127068e-02 5.9477936e-02 5.6928884e-02
 5.3851645e-02 5.3851645e-02 4.9812771e-02 5.9477936e-02 5.6127068e-02
 6.1308030e-02 5.1753532e-02 5.3851645e-02 6.0379118e-02 5.6928884e-02
 4.9197800e-02 5.4589339e-02 5.2434497e-02 5.7753939e-02]


Learning Rate: 0.0005Learning Rate: 0.0005
Learning Rate: 0.0005

Train Loss: 0.4570, Val Loss: 0.4024
Train Loss: 0.4570, Val Loss: 0.4024Train Loss: 0.4570, Val Loss: 0.4024

Per-Class Precision: [1.         0.56497175 0.81967213 0.63255814 0.32539683 0.68103448
 0.20588235 0.15013405 0.35046729 0.11480865 0.21881838 0.17355372
 0.07355517 0.54081633 0.37984496 0.3003413  0.46521739 0.58139535
 0.44117647]
Per-Class Recall: [0.99087597 1.         1.         0.90666667 0.82       0.79
 0.28       0.74666667 0.75       0.92       0.8        0.42
 0.336      0.30285714 0.65333333 0.88       0.61142857 1.
 1.        ]
Per-Class F1-Score: [0.99541708 0.72202166 0.9009009  0.74520548 0.46590909 0.73148148
 0.23728814 0.25       0.47770701 0.20414201 0.34364261 0.24561404
 0.12068966 0.38827839 0.48039216 0.44783715 0.52839506 0.73529412
 0.6122449 ]
Support per Class: [293949    100    150    150    100    100    100     75    100     75
    125    150    125    175     75    100    175     75     75]
Weighted Precision: 0.9959, Weighted Recall: 0.9889, Weighted F1-Score: 0.9919
Precision: 0.9959, Recall: 0.9889, F1-Score: 0.9919
Fold 1, Epoch 1120, Train Loss: 0.4570, Val Loss: 0.4024, Val Acc: 0.9877
Precision: 0.9960, Recall: 0.9868, F1-Score: 0.9908
Fold 1, Epoch 1121, Train Loss: 0.4498, Val Loss: 0.3947, Val Acc: 0.9848
Precision: 0.9959, Recall: 0.9875, F1-Score: 0.9912
Fold 1, Epoch 1122, Train Loss: 0.4604, Val Loss: 0.3684, Val Acc: 0.9862
Precision: 0.9958, Recall: 0.9878, F1-Score: 0.9913
Fold 1, Epoch 1123, Train Loss: 0.4491, Val Loss: 0.3998, Val Acc: 0.9860
Precision: 0.9960, Recall: 0.9903, F1-Score: 0.9927
Fold 1, Epoch 1124, Train Loss: 0.4530, Val Loss: 0.3776, Val Acc: 0.9890
Precision: 0.9962, Recall: 0.9869, F1-Score: 0.9910
Fold 1, Epoch 1125, Train Loss: 0.4464, Val Loss: 0.4111, Val Acc: 0.9855
Precision: 0.9959, Recall: 0.9875, F1-Score: 0.9910
Fold 1, Epoch 1126, Train Loss: 0.4465, Val Loss: 0.3660, Val Acc: 0.9857
Precision: 0.9960, Recall: 0.9898, F1-Score: 0.9924
Fold 1, Epoch 1127, Train Loss: 0.4261, Val Loss: 0.3975, Val Acc: 0.9884
Precision: 0.9960, Recall: 0.9844, F1-Score: 0.9895
Fold 1, Epoch 1128, Train Loss: 0.4210, Val Loss: 0.3715, Val Acc: 0.9822
Precision: 0.9961, Recall: 0.9903, F1-Score: 0.9926
Fold 1, Epoch 1129, Train Loss: 0.4319, Val Loss: 0.3874, Val Acc: 0.9895

--- Epoch 1130 ---
--- Epoch 1130 ---


--- Epoch 1130 ---
--- Epoch 1130 ---

Class Weights: [2.1182575e-05 5.6127068e-02 5.6127068e-02 5.9477936e-02 5.6928884e-02
 5.3851645e-02 5.3851645e-02 4.9812771e-02 5.9477936e-02 5.6127068e-02
 6.1308030e-02 5.1753532e-02 5.3851645e-02 6.0379118e-02 5.6928884e-02
 4.9197800e-02 5.4589339e-02 5.2434497e-02 5.7753939e-02]Class Weights: [2.1182575e-05 5.6127068e-02 5.6127068e-02 5.9477936e-02 5.6928884e-02
 5.3851645e-02 5.3851645e-02 4.9812771e-02 5.9477936e-02 5.6127068e-02
 6.1308030e-02 5.1753532e-02 5.3851645e-02 6.0379118e-02 5.6928884e-02
 4.9197800e-02 5.4589339e-02 5.2434497e-02 5.7753939e-02]

Learning Rate: 0.0005Learning Rate: 0.0005

Class Weights: [2.1182575e-05 5.6127068e-02 5.6127068e-02 5.9477936e-02 5.6928884e-02
 5.3851645e-02 5.3851645e-02 4.9812771e-02 5.9477936e-02 5.6127068e-02
 6.1308030e-02 5.1753532e-02 5.3851645e-02 6.0379118e-02 5.6928884e-02
 4.9197800e-02 5.4589339e-02 5.2434497e-02 5.7753939e-02]Class Weights: [2.1182575e-05 5.6127068e-02 5.6127068e-02 5.9477936e-02 5.6928884e-02
 5.3851645e-02 5.3851645e-02 4.9812771e-02 5.9477936e-02 5.6127068e-02
 6.1308030e-02 5.1753532e-02 5.3851645e-02 6.0379118e-02 5.6928884e-02
 4.9197800e-02 5.4589339e-02 5.2434497e-02 5.7753939e-02]

Learning Rate: 0.0005Learning Rate: 0.0005

Train Loss: 0.4390, Val Loss: 0.3769Train Loss: 0.4390, Val Loss: 0.3769

Train Loss: 0.4390, Val Loss: 0.3769Train Loss: 0.4390, Val Loss: 0.3769

Per-Class Precision: [1.         0.43859649 0.83798883 0.74691358 0.25       0.6056338
 0.21753247 0.15294118 0.37037037 0.04102564 0.12647374 0.15625
 0.0766129  0.62184874 0.35       0.42631579 0.50566038 0.64102564
 0.47468354]
Per-Class Recall: [0.98502461 1.         1.         0.80666667 0.87       0.86
 0.67       0.52       0.8        0.96       0.944      0.43333333
 0.304      0.42285714 0.65333333 0.81       0.76571429 1.
 1.        ]
Per-Class F1-Score: [0.99245582 0.6097561  0.9118541  0.77564103 0.38839286 0.7107438
 0.32843137 0.23636364 0.50632911 0.07868852 0.22306238 0.22968198
 0.12238325 0.50340136 0.45581395 0.55862069 0.60909091 0.78125
 0.64377682]
Support per Class: [293949    100    150    150    100    100    100     75    100     75
    125    150    125    175     75    100    175     75     75]
Weighted Precision: 0.9960, Weighted Recall: 0.9834, Weighted F1-Score: 0.9890
Precision: 0.9960, Recall: 0.9834, F1-Score: 0.9890
Fold 1, Epoch 1130, Train Loss: 0.4390, Val Loss: 0.3769, Val Acc: 0.9818
Precision: 0.9959, Recall: 0.9875, F1-Score: 0.9912
Fold 1, Epoch 1131, Train Loss: 0.4590, Val Loss: 0.3840, Val Acc: 0.9866
Precision: 0.9959, Recall: 0.9895, F1-Score: 0.9922
Fold 1, Epoch 1132, Train Loss: 0.4490, Val Loss: 0.3830, Val Acc: 0.9882
Precision: 0.9960, Recall: 0.9879, F1-Score: 0.9914
Fold 1, Epoch 1133, Train Loss: 0.4513, Val Loss: 0.3873, Val Acc: 0.9872
Precision: 0.9959, Recall: 0.9871, F1-Score: 0.9910
Fold 1, Epoch 1134, Train Loss: 0.5007, Val Loss: 0.3770, Val Acc: 0.9863
Precision: 0.9962, Recall: 0.9897, F1-Score: 0.9925
Fold 1, Epoch 1135, Train Loss: 0.4973, Val Loss: 0.3939, Val Acc: 0.9888
Precision: 0.9956, Recall: 0.9723, F1-Score: 0.9831
Fold 1, Epoch 1136, Train Loss: 0.4476, Val Loss: 0.3928, Val Acc: 0.9724
Precision: 0.9962, Recall: 0.9903, F1-Score: 0.9927
Fold 1, Epoch 1137, Train Loss: 0.4679, Val Loss: 0.3863, Val Acc: 0.9891
Precision: 0.9961, Recall: 0.9871, F1-Score: 0.9910
Fold 1, Epoch 1138, Train Loss: 0.4379, Val Loss: 0.3814, Val Acc: 0.9855
Precision: 0.9960, Recall: 0.9890, F1-Score: 0.9920
Fold 1, Epoch 1139, Train Loss: 0.4401, Val Loss: 0.3657, Val Acc: 0.9874

--- Epoch 1140 ---
--- Epoch 1140 ---
--- Epoch 1140 ---



--- Epoch 1140 ---
Class Weights: [2.1182575e-05 5.6127068e-02 5.6127068e-02 5.9477936e-02 5.6928884e-02
 5.3851645e-02 5.3851645e-02 4.9812771e-02 5.9477936e-02 5.6127068e-02
 6.1308030e-02 5.1753532e-02 5.3851645e-02 6.0379118e-02 5.6928884e-02
 4.9197800e-02 5.4589339e-02 5.2434497e-02 5.7753939e-02]Class Weights: [2.1182575e-05 5.6127068e-02 5.6127068e-02 5.9477936e-02 5.6928884e-02
 5.3851645e-02 5.3851645e-02 4.9812771e-02 5.9477936e-02 5.6127068e-02
 6.1308030e-02 5.1753532e-02 5.3851645e-02 6.0379118e-02 5.6928884e-02
 4.9197800e-02 5.4589339e-02 5.2434497e-02 5.7753939e-02]Class Weights: [2.1182575e-05 5.6127068e-02 5.6127068e-02 5.9477936e-02 5.6928884e-02
 5.3851645e-02 5.3851645e-02 4.9812771e-02 5.9477936e-02 5.6127068e-02
 6.1308030e-02 5.1753532e-02 5.3851645e-02 6.0379118e-02 5.6928884e-02
 4.9197800e-02 5.4589339e-02 5.2434497e-02 5.7753939e-02]Class Weights: [2.1182575e-05 5.6127068e-02 5.6127068e-02 5.9477936e-02 5.6928884e-02
 5.3851645e-02 5.3851645e-02 4.9812771e-02 5.9477936e-02 5.6127068e-02
 6.1308030e-02 5.1753532e-02 5.3851645e-02 6.0379118e-02 5.6928884e-02
 4.9197800e-02 5.4589339e-02 5.2434497e-02 5.7753939e-02]



Learning Rate: 0.0005Learning Rate: 0.0005Learning Rate: 0.0005

Learning Rate: 0.0005

Train Loss: 0.4379, Val Loss: 0.3794Train Loss: 0.4379, Val Loss: 0.3794

Train Loss: 0.4379, Val Loss: 0.3794Train Loss: 0.4379, Val Loss: 0.3794

Per-Class Precision: [1.         0.42194093 0.83798883 0.60930233 0.23716381 0.77669903
 0.3062201  0.13802083 0.3248731  0.0442217  0.15224913 0.23783784
 0.12157534 0.47457627 0.22007722 0.40425532 0.44628099 0.40322581
 0.47741935]
Per-Class Recall: [0.98545326 1.         1.         0.87333333 0.97       0.8
 0.64       0.70666667 0.64       1.         0.704      0.29333333
 0.568      0.8        0.76       0.76       0.61714286 1.
 0.98666667]
Per-Class F1-Score: [0.99267334 0.59347181 0.9118541  0.71780822 0.38113949 0.78817734
 0.41423948 0.23093682 0.43097643 0.08469791 0.25035562 0.26268657
 0.20028209 0.59574468 0.34131737 0.52777778 0.51798561 0.57471264
 0.64347826]
Support per Class: [293949    100    150    150    100    100    100     75    100     75
    125    150    125    175     75    100    175     75     75]
Weighted Precision: 0.9958, Weighted Recall: 0.9839, Weighted F1-Score: 0.9892
Precision: 0.9958, Recall: 0.9839, F1-Score: 0.9892
Fold 1, Epoch 1140, Train Loss: 0.4379, Val Loss: 0.3794, Val Acc: 0.9817
Precision: 0.9962, Recall: 0.9900, F1-Score: 0.9926
Fold 1, Epoch 1141, Train Loss: 0.4314, Val Loss: 0.3785, Val Acc: 0.9889
Precision: 0.9960, Recall: 0.9846, F1-Score: 0.9897
Fold 1, Epoch 1142, Train Loss: 0.4346, Val Loss: 0.3903, Val Acc: 0.9832
Precision: 0.9960, Recall: 0.9900, F1-Score: 0.9925
Fold 1, Epoch 1143, Train Loss: 0.4438, Val Loss: 0.3656, Val Acc: 0.9888
Precision: 0.9957, Recall: 0.9848, F1-Score: 0.9896
Fold 1, Epoch 1144, Train Loss: 0.4213, Val Loss: 0.3782, Val Acc: 0.9841
Precision: 0.9960, Recall: 0.9862, F1-Score: 0.9905
Fold 1, Epoch 1145, Train Loss: 0.4464, Val Loss: 0.3763, Val Acc: 0.9839
Precision: 0.9960, Recall: 0.9908, F1-Score: 0.9929
Fold 1, Epoch 1146, Train Loss: 0.4325, Val Loss: 0.3810, Val Acc: 0.9899
Precision: 0.9961, Recall: 0.9884, F1-Score: 0.9917
Fold 1, Epoch 1147, Train Loss: 0.4390, Val Loss: 0.3550, Val Acc: 0.9870
Precision: 0.9960, Recall: 0.9892, F1-Score: 0.9921
Fold 1, Epoch 1148, Train Loss: 0.4214, Val Loss: 0.3679, Val Acc: 0.9876
Precision: 0.9960, Recall: 0.9799, F1-Score: 0.9873
Fold 1, Epoch 1149, Train Loss: 0.4357, Val Loss: 0.3881, Val Acc: 0.9770

--- Epoch 1150 ---
--- Epoch 1150 ---
--- Epoch 1150 ---



--- Epoch 1150 ---
Class Weights: [2.1182575e-05 5.6127068e-02 5.6127068e-02 5.9477936e-02 5.6928884e-02
 5.3851645e-02 5.3851645e-02 4.9812771e-02 5.9477936e-02 5.6127068e-02
 6.1308030e-02 5.1753532e-02 5.3851645e-02 6.0379118e-02 5.6928884e-02
 4.9197800e-02 5.4589339e-02 5.2434497e-02 5.7753939e-02]Class Weights: [2.1182575e-05 5.6127068e-02 5.6127068e-02 5.9477936e-02 5.6928884e-02
 5.3851645e-02 5.3851645e-02 4.9812771e-02 5.9477936e-02 5.6127068e-02
 6.1308030e-02 5.1753532e-02 5.3851645e-02 6.0379118e-02 5.6928884e-02
 4.9197800e-02 5.4589339e-02 5.2434497e-02 5.7753939e-02]
Class Weights: [2.1182575e-05 5.6127068e-02 5.6127068e-02 5.9477936e-02 5.6928884e-02
 5.3851645e-02 5.3851645e-02 4.9812771e-02 5.9477936e-02 5.6127068e-02
 6.1308030e-02 5.1753532e-02 5.3851645e-02 6.0379118e-02 5.6928884e-02
 4.9197800e-02 5.4589339e-02 5.2434497e-02 5.7753939e-02]
Learning Rate: 0.0005

Learning Rate: 0.0005Class Weights: [2.1182575e-05 5.6127068e-02 5.6127068e-02 5.9477936e-02 5.6928884e-02
 5.3851645e-02 5.3851645e-02 4.9812771e-02 5.9477936e-02 5.6127068e-02
 6.1308030e-02 5.1753532e-02 5.3851645e-02 6.0379118e-02 5.6928884e-02
 4.9197800e-02 5.4589339e-02 5.2434497e-02 5.7753939e-02]Learning Rate: 0.0005


Learning Rate: 0.0005
Train Loss: 0.4406, Val Loss: 0.4648
Train Loss: 0.4406, Val Loss: 0.4648
Train Loss: 0.4406, Val Loss: 0.4648
Train Loss: 0.4406, Val Loss: 0.4648
Per-Class Precision: [1.         0.59748428 0.83333333 0.59227468 0.3220339  0.68
 0.16535433 0.19653179 0.23450135 0.16470588 0.19127517 0.14742015
 0.18821293 0.78947368 0.47115385 0.51492537 0.50357143 0.78823529
 0.51724138]
Per-Class Recall: [0.99258375 0.95       0.96666667 0.92       0.57       0.68
 0.84       0.45333333 0.87       0.56       0.456      0.4
 0.792      0.34285714 0.65333333 0.69       0.80571429 0.89333333
 1.        ]
Per-Class F1-Score: [0.99627807 0.73359073 0.89506173 0.72062663 0.41155235 0.68
 0.27631579 0.27419355 0.36942675 0.25454545 0.26950355 0.21543986
 0.30414747 0.47808765 0.54748603 0.58974359 0.61978022 0.8375
 0.68181818]
Support per Class: [293949    100    150    150    100    100    100     75    100     75
    125    150    125    175     75    100    175     75     75]
Weighted Precision: 0.9963, Weighted Recall: 0.9906, Weighted F1-Score: 0.9930
Precision: 0.9963, Recall: 0.9906, F1-Score: 0.9930
Fold 1, Epoch 1150, Train Loss: 0.4406, Val Loss: 0.4648, Val Acc: 0.9898
Precision: 0.9958, Recall: 0.9758, F1-Score: 0.9850
Fold 1, Epoch 1151, Train Loss: 0.5036, Val Loss: 0.3739, Val Acc: 0.9748
Precision: 0.9957, Recall: 0.9899, F1-Score: 0.9923
Fold 1, Epoch 1152, Train Loss: 0.4612, Val Loss: 0.4539, Val Acc: 0.9888
Precision: 0.9960, Recall: 0.9197, F1-Score: 0.9556
Fold 1, Epoch 1153, Train Loss: 0.5012, Val Loss: 0.3799, Val Acc: 0.9259
Precision: 0.9962, Recall: 0.9912, F1-Score: 0.9932
Fold 1, Epoch 1154, Train Loss: 0.4623, Val Loss: 0.3991, Val Acc: 0.9904
Precision: 0.9956, Recall: 0.9815, F1-Score: 0.9877
Fold 1, Epoch 1155, Train Loss: 0.5011, Val Loss: 0.3864, Val Acc: 0.9805
Precision: 0.9962, Recall: 0.9893, F1-Score: 0.9922
Fold 1, Epoch 1156, Train Loss: 0.4811, Val Loss: 0.3785, Val Acc: 0.9877
Precision: 0.9958, Recall: 0.9865, F1-Score: 0.9906
Fold 1, Epoch 1157, Train Loss: 0.4643, Val Loss: 0.3865, Val Acc: 0.9846
Precision: 0.9959, Recall: 0.9888, F1-Score: 0.9918
Fold 1, Epoch 1158, Train Loss: 0.4416, Val Loss: 0.3741, Val Acc: 0.9874
Precision: 0.9961, Recall: 0.9884, F1-Score: 0.9917
Fold 1, Epoch 1159, Train Loss: 0.4220, Val Loss: 0.3675, Val Acc: 0.9876

--- Epoch 1160 ---
--- Epoch 1160 ---

--- Epoch 1160 ---


--- Epoch 1160 ---
Class Weights: [2.1182575e-05 5.6127068e-02 5.6127068e-02 5.9477936e-02 5.6928884e-02
 5.3851645e-02 5.3851645e-02 4.9812771e-02 5.9477936e-02 5.6127068e-02
 6.1308030e-02 5.1753532e-02 5.3851645e-02 6.0379118e-02 5.6928884e-02
 4.9197800e-02 5.4589339e-02 5.2434497e-02 5.7753939e-02]Class Weights: [2.1182575e-05 5.6127068e-02 5.6127068e-02 5.9477936e-02 5.6928884e-02
 5.3851645e-02 5.3851645e-02 4.9812771e-02 5.9477936e-02 5.6127068e-02
 6.1308030e-02 5.1753532e-02 5.3851645e-02 6.0379118e-02 5.6928884e-02
 4.9197800e-02 5.4589339e-02 5.2434497e-02 5.7753939e-02]

Class Weights: [2.1182575e-05 5.6127068e-02 5.6127068e-02 5.9477936e-02 5.6928884e-02
 5.3851645e-02 5.3851645e-02 4.9812771e-02 5.9477936e-02 5.6127068e-02
 6.1308030e-02 5.1753532e-02 5.3851645e-02 6.0379118e-02 5.6928884e-02
 4.9197800e-02 5.4589339e-02 5.2434497e-02 5.7753939e-02]Class Weights: [2.1182575e-05 5.6127068e-02 5.6127068e-02 5.9477936e-02 5.6928884e-02
 5.3851645e-02 5.3851645e-02 4.9812771e-02 5.9477936e-02 5.6127068e-02
 6.1308030e-02 5.1753532e-02 5.3851645e-02 6.0379118e-02 5.6928884e-02
 4.9197800e-02 5.4589339e-02 5.2434497e-02 5.7753939e-02]Learning Rate: 0.0005Learning Rate: 0.0005



Learning Rate: 0.0005Learning Rate: 0.0005

Train Loss: 0.4231, Val Loss: 0.3706Train Loss: 0.4231, Val Loss: 0.3706

Train Loss: 0.4231, Val Loss: 0.3706Train Loss: 0.4231, Val Loss: 0.3706

Per-Class Precision: [1.         0.44444444 0.79558011 0.61434978 0.25568182 0.70940171
 0.39263804 0.18879056 0.36507937 0.07939914 0.14852941 0.18678161
 0.11440678 0.66115702 0.34931507 0.3963964  0.49800797 0.46296296
 0.42134831]
Per-Class Recall: [0.98885521 1.         0.96       0.91333333 0.9        0.83
 0.64       0.85333333 0.69       0.98666667 0.808      0.43333333
 0.432      0.45714286 0.68       0.88       0.71428571 1.
 1.        ]
Per-Class F1-Score: [0.99439638 0.61538462 0.87009063 0.73458445 0.39823009 0.76497696
 0.48669202 0.30917874 0.47750865 0.1469712  0.25093168 0.26104418
 0.18090452 0.54054054 0.46153846 0.54658385 0.58685446 0.63291139
 0.59288538]
Support per Class: [293949    100    150    150    100    100    100     75    100     75
    125    150    125    175     75    100    175     75     75]
Weighted Precision: 0.9960, Weighted Recall: 0.9873, Weighted F1-Score: 0.9910
Precision: 0.9960, Recall: 0.9873, F1-Score: 0.9910
Fold 1, Epoch 1160, Train Loss: 0.4231, Val Loss: 0.3706, Val Acc: 0.9857
Precision: 0.9961, Recall: 0.9875, F1-Score: 0.9912
Fold 1, Epoch 1161, Train Loss: 0.4274, Val Loss: 0.3588, Val Acc: 0.9866
Precision: 0.9961, Recall: 0.9899, F1-Score: 0.9925
Fold 1, Epoch 1162, Train Loss: 0.4461, Val Loss: 0.3562, Val Acc: 0.9883
Precision: 0.9960, Recall: 0.9859, F1-Score: 0.9904
Fold 1, Epoch 1163, Train Loss: 0.4412, Val Loss: 0.3910, Val Acc: 0.9855
Precision: 0.9960, Recall: 0.9895, F1-Score: 0.9922
Fold 1, Epoch 1164, Train Loss: 0.4399, Val Loss: 0.3562, Val Acc: 0.9877
Precision: 0.9959, Recall: 0.9891, F1-Score: 0.9919
Fold 1, Epoch 1165, Train Loss: 0.4353, Val Loss: 0.3721, Val Acc: 0.9876
Precision: 0.9961, Recall: 0.9897, F1-Score: 0.9924
Fold 1, Epoch 1166, Train Loss: 0.4356, Val Loss: 0.3672, Val Acc: 0.9885
Precision: 0.9959, Recall: 0.9874, F1-Score: 0.9911
Fold 1, Epoch 1167, Train Loss: 0.4479, Val Loss: 0.3702, Val Acc: 0.9855
Precision: 0.9962, Recall: 0.9895, F1-Score: 0.9924
Fold 1, Epoch 1168, Train Loss: 0.4450, Val Loss: 0.3961, Val Acc: 0.9882
Precision: 0.9960, Recall: 0.9894, F1-Score: 0.9922
Fold 1, Epoch 1169, Train Loss: 0.4274, Val Loss: 0.3676, Val Acc: 0.9883

--- Epoch 1170 ---
--- Epoch 1170 ---
--- Epoch 1170 ---



--- Epoch 1170 ---
Class Weights: [2.1182575e-05 5.6127068e-02 5.6127068e-02 5.9477936e-02 5.6928884e-02
 5.3851645e-02 5.3851645e-02 4.9812771e-02 5.9477936e-02 5.6127068e-02
 6.1308030e-02 5.1753532e-02 5.3851645e-02 6.0379118e-02 5.6928884e-02
 4.9197800e-02 5.4589339e-02 5.2434497e-02 5.7753939e-02]Class Weights: [2.1182575e-05 5.6127068e-02 5.6127068e-02 5.9477936e-02 5.6928884e-02
 5.3851645e-02 5.3851645e-02 4.9812771e-02 5.9477936e-02 5.6127068e-02
 6.1308030e-02 5.1753532e-02 5.3851645e-02 6.0379118e-02 5.6928884e-02
 4.9197800e-02 5.4589339e-02 5.2434497e-02 5.7753939e-02]

Class Weights: [2.1182575e-05 5.6127068e-02 5.6127068e-02 5.9477936e-02 5.6928884e-02
 5.3851645e-02 5.3851645e-02 4.9812771e-02 5.9477936e-02 5.6127068e-02
 6.1308030e-02 5.1753532e-02 5.3851645e-02 6.0379118e-02 5.6928884e-02
 4.9197800e-02 5.4589339e-02 5.2434497e-02 5.7753939e-02]Learning Rate: 0.0005Learning Rate: 0.0005


Learning Rate: 0.0005
Train Loss: 0.4378, Val Loss: 0.3731
Train Loss: 0.4378, Val Loss: 0.3731Train Loss: 0.4378, Val Loss: 0.3731

Class Weights: [2.1182575e-05 5.6127068e-02 5.6127068e-02 5.9477936e-02 5.6928884e-02
 5.3851645e-02 5.3851645e-02 4.9812771e-02 5.9477936e-02 5.6127068e-02
 6.1308030e-02 5.1753532e-02 5.3851645e-02 6.0379118e-02 5.6928884e-02
 4.9197800e-02 5.4589339e-02 5.2434497e-02 5.7753939e-02]
Learning Rate: 0.0005
Train Loss: 0.4378, Val Loss: 0.3731
Per-Class Precision: [1.         0.19157088 0.76683938 0.59493671 0.19354839 0.65873016
 0.39106145 0.2278481  0.28502415 0.04703476 0.22247191 0.18534483
 0.13307241 0.64606742 0.20069204 0.42245989 0.48818898 0.4601227
 0.46583851]
Per-Class Recall: [0.98629694 1.         0.98666667 0.94       0.9        0.83
 0.7        0.72       0.59       0.92       0.792      0.28666667
 0.544      0.65714286 0.77333333 0.79       0.70857143 1.
 1.        ]
Per-Class F1-Score: [0.9931012  0.32154341 0.86297376 0.72868217 0.31858407 0.73451327
 0.50179211 0.34615385 0.38436482 0.08949416 0.34736842 0.22513089
 0.21383648 0.65155807 0.31868132 0.55052265 0.57808858 0.6302521
 0.63559322]
Support per Class: [293949    100    150    150    100    100    100     75    100     75
    125    150    125    175     75    100    175     75     75]
Weighted Precision: 0.9958, Weighted Recall: 0.9848, Weighted F1-Score: 0.9897
Precision: 0.9958, Recall: 0.9848, F1-Score: 0.9897
Fold 1, Epoch 1170, Train Loss: 0.4378, Val Loss: 0.3731, Val Acc: 0.9828
Precision: 0.9961, Recall: 0.9900, F1-Score: 0.9925
Fold 1, Epoch 1171, Train Loss: 0.4788, Val Loss: 0.3676, Val Acc: 0.9887
Precision: 0.9960, Recall: 0.9879, F1-Score: 0.9914
Fold 1, Epoch 1172, Train Loss: 0.4505, Val Loss: 0.3650, Val Acc: 0.9860
Precision: 0.9958, Recall: 0.9869, F1-Score: 0.9908
Fold 1, Epoch 1173, Train Loss: 0.4429, Val Loss: 0.3586, Val Acc: 0.9850
Precision: 0.9960, Recall: 0.9892, F1-Score: 0.9921
Fold 1, Epoch 1174, Train Loss: 0.4273, Val Loss: 0.3739, Val Acc: 0.9879
Precision: 0.9960, Recall: 0.9838, F1-Score: 0.9891
Fold 1, Epoch 1175, Train Loss: 0.4522, Val Loss: 0.3821, Val Acc: 0.9828
Precision: 0.9962, Recall: 0.9862, F1-Score: 0.9906
Fold 1, Epoch 1176, Train Loss: 0.4399, Val Loss: 0.3863, Val Acc: 0.9843
Precision: 0.9959, Recall: 0.9898, F1-Score: 0.9924
Fold 1, Epoch 1177, Train Loss: 0.4575, Val Loss: 0.3914, Val Acc: 0.9885
Precision: 0.9959, Recall: 0.9871, F1-Score: 0.9909
Fold 1, Epoch 1178, Train Loss: 0.4488, Val Loss: 0.3543, Val Acc: 0.9855
Precision: 0.9959, Recall: 0.9896, F1-Score: 0.9922
Fold 1, Epoch 1179, Train Loss: 0.4277, Val Loss: 0.4003, Val Acc: 0.9884

--- Epoch 1180 ---
--- Epoch 1180 ---
--- Epoch 1180 ---



--- Epoch 1180 ---
Class Weights: [2.1182575e-05 5.6127068e-02 5.6127068e-02 5.9477936e-02 5.6928884e-02
 5.3851645e-02 5.3851645e-02 4.9812771e-02 5.9477936e-02 5.6127068e-02
 6.1308030e-02 5.1753532e-02 5.3851645e-02 6.0379118e-02 5.6928884e-02
 4.9197800e-02 5.4589339e-02 5.2434497e-02 5.7753939e-02]Class Weights: [2.1182575e-05 5.6127068e-02 5.6127068e-02 5.9477936e-02 5.6928884e-02
 5.3851645e-02 5.3851645e-02 4.9812771e-02 5.9477936e-02 5.6127068e-02
 6.1308030e-02 5.1753532e-02 5.3851645e-02 6.0379118e-02 5.6928884e-02
 4.9197800e-02 5.4589339e-02 5.2434497e-02 5.7753939e-02]Class Weights: [2.1182575e-05 5.6127068e-02 5.6127068e-02 5.9477936e-02 5.6928884e-02
 5.3851645e-02 5.3851645e-02 4.9812771e-02 5.9477936e-02 5.6127068e-02
 6.1308030e-02 5.1753532e-02 5.3851645e-02 6.0379118e-02 5.6928884e-02
 4.9197800e-02 5.4589339e-02 5.2434497e-02 5.7753939e-02]


Class Weights: [2.1182575e-05 5.6127068e-02 5.6127068e-02 5.9477936e-02 5.6928884e-02
 5.3851645e-02 5.3851645e-02 4.9812771e-02 5.9477936e-02 5.6127068e-02
 6.1308030e-02 5.1753532e-02 5.3851645e-02 6.0379118e-02 5.6928884e-02
 4.9197800e-02 5.4589339e-02 5.2434497e-02 5.7753939e-02]Learning Rate: 0.0005Learning Rate: 0.0005Learning Rate: 0.0005



Learning Rate: 0.0005
Train Loss: 0.4416, Val Loss: 0.3784Train Loss: 0.4416, Val Loss: 0.3784
Train Loss: 0.4416, Val Loss: 0.3784
Train Loss: 0.4416, Val Loss: 0.3784

Per-Class Precision: [1.         0.50251256 0.86627907 0.73480663 0.31460674 0.664
 0.26470588 0.0508744  0.38596491 0.02099125 0.19630485 0.16919192
 0.1177977  0.78947368 0.31791908 0.38207547 0.51674641 0.70754717
 0.45454545]
Per-Class Recall: [0.97765939 1.         0.99333333 0.88666667 0.84       0.83
 0.63       0.85333333 0.66       0.96       0.68       0.44666667
 0.736      0.34285714 0.73333333 0.81       0.61714286 1.
 1.        ]
Per-Class F1-Score: [0.98870351 0.66889632 0.92546584 0.80362538 0.45776567 0.73777778
 0.37278107 0.09602401 0.48708487 0.04108417 0.3046595  0.24542125
 0.20309051 0.47808765 0.44354839 0.51923077 0.5625     0.82872928
 0.625     ]
Support per Class: [293949    100    150    150    100    100    100     75    100     75
    125    150    125    175     75    100    175     75     75]
Weighted Precision: 0.9962, Weighted Recall: 0.9761, Weighted F1-Score: 0.9854
Precision: 0.9962, Recall: 0.9761, F1-Score: 0.9854
Fold 1, Epoch 1180, Train Loss: 0.4416, Val Loss: 0.3784, Val Acc: 0.9740
Precision: 0.9962, Recall: 0.9907, F1-Score: 0.9929
Fold 1, Epoch 1181, Train Loss: 0.4160, Val Loss: 0.3861, Val Acc: 0.9899
Precision: 0.9958, Recall: 0.9829, F1-Score: 0.9887
Fold 1, Epoch 1182, Train Loss: 0.4408, Val Loss: 0.3805, Val Acc: 0.9814
Precision: 0.9961, Recall: 0.9899, F1-Score: 0.9925
Fold 1, Epoch 1183, Train Loss: 0.4358, Val Loss: 0.3694, Val Acc: 0.9886
Precision: 0.9959, Recall: 0.9870, F1-Score: 0.9908
Fold 1, Epoch 1184, Train Loss: 0.4213, Val Loss: 0.3669, Val Acc: 0.9854
Precision: 0.9962, Recall: 0.9907, F1-Score: 0.9930
Fold 1, Epoch 1185, Train Loss: 0.4198, Val Loss: 0.3672, Val Acc: 0.9894
Precision: 0.9959, Recall: 0.9862, F1-Score: 0.9905
Fold 1, Epoch 1186, Train Loss: 0.4211, Val Loss: 0.3609, Val Acc: 0.9840
Precision: 0.9961, Recall: 0.9891, F1-Score: 0.9920
Fold 1, Epoch 1187, Train Loss: 0.4554, Val Loss: 0.3627, Val Acc: 0.9876
Precision: 0.9960, Recall: 0.9851, F1-Score: 0.9900
Fold 1, Epoch 1188, Train Loss: 0.4260, Val Loss: 0.3942, Val Acc: 0.9827
Precision: 0.9960, Recall: 0.9908, F1-Score: 0.9930
Fold 1, Epoch 1189, Train Loss: 0.4523, Val Loss: 0.3618, Val Acc: 0.9897

--- Epoch 1190 ---
--- Epoch 1190 ---
--- Epoch 1190 ---



--- Epoch 1190 ---
Class Weights: [2.1182575e-05 5.6127068e-02 5.6127068e-02 5.9477936e-02 5.6928884e-02
 5.3851645e-02 5.3851645e-02 4.9812771e-02 5.9477936e-02 5.6127068e-02
 6.1308030e-02 5.1753532e-02 5.3851645e-02 6.0379118e-02 5.6928884e-02
 4.9197800e-02 5.4589339e-02 5.2434497e-02 5.7753939e-02]Class Weights: [2.1182575e-05 5.6127068e-02 5.6127068e-02 5.9477936e-02 5.6928884e-02
 5.3851645e-02 5.3851645e-02 4.9812771e-02 5.9477936e-02 5.6127068e-02
 6.1308030e-02 5.1753532e-02 5.3851645e-02 6.0379118e-02 5.6928884e-02
 4.9197800e-02 5.4589339e-02 5.2434497e-02 5.7753939e-02]Class Weights: [2.1182575e-05 5.6127068e-02 5.6127068e-02 5.9477936e-02 5.6928884e-02
 5.3851645e-02 5.3851645e-02 4.9812771e-02 5.9477936e-02 5.6127068e-02
 6.1308030e-02 5.1753532e-02 5.3851645e-02 6.0379118e-02 5.6928884e-02
 4.9197800e-02 5.4589339e-02 5.2434497e-02 5.7753939e-02]
Class Weights: [2.1182575e-05 5.6127068e-02 5.6127068e-02 5.9477936e-02 5.6928884e-02
 5.3851645e-02 5.3851645e-02 4.9812771e-02 5.9477936e-02 5.6127068e-02
 6.1308030e-02 5.1753532e-02 5.3851645e-02 6.0379118e-02 5.6928884e-02
 4.9197800e-02 5.4589339e-02 5.2434497e-02 5.7753939e-02]


Learning Rate: 0.0005Learning Rate: 0.0005
Learning Rate: 0.0005Learning Rate: 0.0005


Train Loss: 1.1131, Val Loss: 0.4670
Train Loss: 1.1131, Val Loss: 0.4670Train Loss: 1.1131, Val Loss: 0.4670Train Loss: 1.1131, Val Loss: 0.4670


Per-Class Precision: [1.         0.54362416 0.81764706 0.59803922 0.26086957 0.49693252
 0.25862069 0.11157895 0.29816514 0.10899654 0.09292929 0.15811966
 0.17899761 0.58247423 0.28191489 0.38392857 0.41860465 0.63559322
 0.390625  ]
Per-Class Recall: [0.98894026 0.81       0.92666667 0.81333333 0.48       0.81
 0.6        0.70666667 0.65       0.84       0.736      0.24666667
 0.6        0.64571429 0.70666667 0.86       0.82285714 1.
 1.        ]
Per-Class F1-Score: [0.99443938 0.65060241 0.86875    0.68926554 0.33802817 0.61596958
 0.36144578 0.19272727 0.40880503 0.19295559 0.16502242 0.19270833
 0.27573529 0.61246612 0.40304183 0.5308642  0.55491329 0.77720207
 0.56179775]
Support per Class: [293949    100    150    150    100    100    100     75    100     75
    125    150    125    175     75    100    175     75     75]
Weighted Precision: 0.9958, Weighted Recall: 0.9871, Weighted F1-Score: 0.9909
Precision: 0.9958, Recall: 0.9871, F1-Score: 0.9909
Fold 1, Epoch 1190, Train Loss: 1.1131, Val Loss: 0.4670, Val Acc: 0.9863
Precision: 0.9954, Recall: 0.9871, F1-Score: 0.9907
Fold 1, Epoch 1191, Train Loss: 1.6796, Val Loss: 0.8469, Val Acc: 0.9870
Precision: 0.9945, Recall: 0.9774, F1-Score: 0.9854
Fold 1, Epoch 1192, Train Loss: 1.2957, Val Loss: 1.1220, Val Acc: 0.9762
Precision: 0.9952, Recall: 0.9826, F1-Score: 0.9884
Fold 1, Epoch 1193, Train Loss: 1.0721, Val Loss: 0.8547, Val Acc: 0.9836
Precision: 0.9952, Recall: 0.9531, F1-Score: 0.9727
Fold 1, Epoch 1194, Train Loss: 0.8887, Val Loss: 0.6604, Val Acc: 0.9568
Precision: 0.9957, Recall: 0.9878, F1-Score: 0.9912
Fold 1, Epoch 1195, Train Loss: 0.6861, Val Loss: 0.5724, Val Acc: 0.9872
Precision: 0.9960, Recall: 0.9831, F1-Score: 0.9890
Fold 1, Epoch 1196, Train Loss: 0.5883, Val Loss: 0.4790, Val Acc: 0.9831
Precision: 0.9959, Recall: 0.9871, F1-Score: 0.9908
Fold 1, Epoch 1197, Train Loss: 0.5477, Val Loss: 0.4603, Val Acc: 0.9859
Precision: 0.9961, Recall: 0.9818, F1-Score: 0.9883
Fold 1, Epoch 1198, Train Loss: 0.5163, Val Loss: 0.4253, Val Acc: 0.9811
Precision: 0.9960, Recall: 0.9890, F1-Score: 0.9919
Fold 1, Epoch 1199, Train Loss: 0.4548, Val Loss: 0.3970, Val Acc: 0.9878

--- Epoch 1200 ---
--- Epoch 1200 ---
--- Epoch 1200 ---



--- Epoch 1200 ---
Class Weights: [2.1182575e-05 5.6127068e-02 5.6127068e-02 5.9477936e-02 5.6928884e-02
 5.3851645e-02 5.3851645e-02 4.9812771e-02 5.9477936e-02 5.6127068e-02
 6.1308030e-02 5.1753532e-02 5.3851645e-02 6.0379118e-02 5.6928884e-02
 4.9197800e-02 5.4589339e-02 5.2434497e-02 5.7753939e-02]Class Weights: [2.1182575e-05 5.6127068e-02 5.6127068e-02 5.9477936e-02 5.6928884e-02
 5.3851645e-02 5.3851645e-02 4.9812771e-02 5.9477936e-02 5.6127068e-02
 6.1308030e-02 5.1753532e-02 5.3851645e-02 6.0379118e-02 5.6928884e-02
 4.9197800e-02 5.4589339e-02 5.2434497e-02 5.7753939e-02]Class Weights: [2.1182575e-05 5.6127068e-02 5.6127068e-02 5.9477936e-02 5.6928884e-02
 5.3851645e-02 5.3851645e-02 4.9812771e-02 5.9477936e-02 5.6127068e-02
 6.1308030e-02 5.1753532e-02 5.3851645e-02 6.0379118e-02 5.6928884e-02
 4.9197800e-02 5.4589339e-02 5.2434497e-02 5.7753939e-02]

Class Weights: [2.1182575e-05 5.6127068e-02 5.6127068e-02 5.9477936e-02 5.6928884e-02
 5.3851645e-02 5.3851645e-02 4.9812771e-02 5.9477936e-02 5.6127068e-02
 6.1308030e-02 5.1753532e-02 5.3851645e-02 6.0379118e-02 5.6928884e-02
 4.9197800e-02 5.4589339e-02 5.2434497e-02 5.7753939e-02]Learning Rate: 0.0005
Learning Rate: 0.0005


Learning Rate: 0.0005Learning Rate: 0.0005

Train Loss: 0.4846, Val Loss: 0.3809Train Loss: 0.4846, Val Loss: 0.3809

Train Loss: 0.4846, Val Loss: 0.3809Train Loss: 0.4846, Val Loss: 0.3809

Per-Class Precision: [1.         0.51813472 0.77777778 0.68292683 0.25280899 0.59558824
 0.22661871 0.15591398 0.28424658 0.14761905 0.07388749 0.1884058
 0.12834225 0.62048193 0.26548673 0.42702703 0.464      0.47169811
 0.48076923]
Per-Class Recall: [0.9878006  1.         0.98       0.93333333 0.9        0.81
 0.63       0.77333333 0.83       0.82666667 0.704      0.34666667
 0.576      0.58857143 0.8        0.79       0.66285714 1.
 1.        ]
Per-Class F1-Score: [0.99386287 0.68259386 0.86725664 0.78873239 0.39473684 0.68644068
 0.33333333 0.25950783 0.42346939 0.25050505 0.1337386  0.24413146
 0.20991254 0.60410557 0.3986711  0.55438596 0.54588235 0.64102564
 0.64935065]
Support per Class: [293949    100    150    150    100    100    100     75    100     75
    125    150    125    175     75    100    175     75     75]
Weighted Precision: 0.9959, Weighted Recall: 0.9863, Weighted F1-Score: 0.9904
Precision: 0.9959, Recall: 0.9863, F1-Score: 0.9904
Fold 1, Epoch 1200, Train Loss: 0.4846, Val Loss: 0.3809, Val Acc: 0.9859
Precision: 0.9960, Recall: 0.9856, F1-Score: 0.9901
Fold 1, Epoch 1201, Train Loss: 0.4516, Val Loss: 0.4165, Val Acc: 0.9840
Precision: 0.9961, Recall: 0.9895, F1-Score: 0.9923
Fold 1, Epoch 1202, Train Loss: 0.4527, Val Loss: 0.3765, Val Acc: 0.9883
Precision: 0.9959, Recall: 0.9886, F1-Score: 0.9917
Fold 1, Epoch 1203, Train Loss: 0.4454, Val Loss: 0.3805, Val Acc: 0.9873
Precision: 0.9960, Recall: 0.9883, F1-Score: 0.9916
Fold 1, Epoch 1204, Train Loss: 0.4323, Val Loss: 0.3763, Val Acc: 0.9868
Precision: 0.9960, Recall: 0.9893, F1-Score: 0.9922
Fold 1, Epoch 1205, Train Loss: 0.4416, Val Loss: 0.3763, Val Acc: 0.9883
Precision: 0.9961, Recall: 0.9903, F1-Score: 0.9928
Fold 1, Epoch 1206, Train Loss: 0.4408, Val Loss: 0.3899, Val Acc: 0.9889
Precision: 0.9959, Recall: 0.9843, F1-Score: 0.9895
Fold 1, Epoch 1207, Train Loss: 0.4578, Val Loss: 0.3800, Val Acc: 0.9823
Precision: 0.9960, Recall: 0.9900, F1-Score: 0.9925
Fold 1, Epoch 1208, Train Loss: 0.4553, Val Loss: 0.3587, Val Acc: 0.9888
Precision: 0.9960, Recall: 0.9868, F1-Score: 0.9908
Fold 1, Epoch 1209, Train Loss: 0.4435, Val Loss: 0.3727, Val Acc: 0.9849

--- Epoch 1210 ---
--- Epoch 1210 ---
--- Epoch 1210 ---



--- Epoch 1210 ---
Class Weights: [2.1182575e-05 5.6127068e-02 5.6127068e-02 5.9477936e-02 5.6928884e-02
 5.3851645e-02 5.3851645e-02 4.9812771e-02 5.9477936e-02 5.6127068e-02
 6.1308030e-02 5.1753532e-02 5.3851645e-02 6.0379118e-02 5.6928884e-02
 4.9197800e-02 5.4589339e-02 5.2434497e-02 5.7753939e-02]Class Weights: [2.1182575e-05 5.6127068e-02 5.6127068e-02 5.9477936e-02 5.6928884e-02
 5.3851645e-02 5.3851645e-02 4.9812771e-02 5.9477936e-02 5.6127068e-02
 6.1308030e-02 5.1753532e-02 5.3851645e-02 6.0379118e-02 5.6928884e-02
 4.9197800e-02 5.4589339e-02 5.2434497e-02 5.7753939e-02]Class Weights: [2.1182575e-05 5.6127068e-02 5.6127068e-02 5.9477936e-02 5.6928884e-02
 5.3851645e-02 5.3851645e-02 4.9812771e-02 5.9477936e-02 5.6127068e-02
 6.1308030e-02 5.1753532e-02 5.3851645e-02 6.0379118e-02 5.6928884e-02
 4.9197800e-02 5.4589339e-02 5.2434497e-02 5.7753939e-02]
Class Weights: [2.1182575e-05 5.6127068e-02 5.6127068e-02 5.9477936e-02 5.6928884e-02
 5.3851645e-02 5.3851645e-02 4.9812771e-02 5.9477936e-02 5.6127068e-02
 6.1308030e-02 5.1753532e-02 5.3851645e-02 6.0379118e-02 5.6928884e-02
 4.9197800e-02 5.4589339e-02 5.2434497e-02 5.7753939e-02]


Learning Rate: 0.0005Learning Rate: 0.0005Learning Rate: 0.0005
Learning Rate: 0.0005


Train Loss: 0.4384, Val Loss: 0.3697
Train Loss: 0.4384, Val Loss: 0.3697Train Loss: 0.4384, Val Loss: 0.3697Train Loss: 0.4384, Val Loss: 0.3697


Per-Class Precision: [1.         0.56818182 0.84745763 0.76373626 0.30943396 0.61290323
 0.37967914 0.1741573  0.27622378 0.1125     0.2327044  0.17663043
 0.21406728 0.6119403  0.26315789 0.51111111 0.54444444 0.74257426
 0.46583851]
Per-Class Recall: [0.99184552 1.         1.         0.92666667 0.82       0.76
 0.71       0.82666667 0.79       0.84       0.592      0.43333333
 0.56       0.70285714 0.8        0.69       0.84       1.
 1.        ]
Per-Class F1-Score: [0.99590607 0.72463768 0.91743119 0.8373494  0.44931507 0.67857143
 0.49477352 0.28770302 0.40932642 0.1984252  0.33408578 0.25096525
 0.30973451 0.65425532 0.3960396  0.58723404 0.66067416 0.85227273
 0.63559322]
Support per Class: [293949    100    150    150    100    100    100     75    100     75
    125    150    125    175     75    100    175     75     75]
Weighted Precision: 0.9963, Weighted Recall: 0.9904, Weighted F1-Score: 0.9929
Precision: 0.9963, Recall: 0.9904, F1-Score: 0.9929
Fold 1, Epoch 1210, Train Loss: 0.4384, Val Loss: 0.3697, Val Acc: 0.9890
Precision: 0.9956, Recall: 0.9858, F1-Score: 0.9901
Fold 1, Epoch 1211, Train Loss: 0.4444, Val Loss: 0.3634, Val Acc: 0.9846
Precision: 0.9962, Recall: 0.9893, F1-Score: 0.9922
Fold 1, Epoch 1212, Train Loss: 0.4382, Val Loss: 0.3699, Val Acc: 0.9884
Precision: 0.9961, Recall: 0.9891, F1-Score: 0.9920
Fold 1, Epoch 1213, Train Loss: 0.4138, Val Loss: 0.3851, Val Acc: 0.9879
Precision: 0.9960, Recall: 0.9880, F1-Score: 0.9914
Fold 1, Epoch 1214, Train Loss: 0.4348, Val Loss: 0.3639, Val Acc: 0.9865
Precision: 0.9958, Recall: 0.9883, F1-Score: 0.9915
Fold 1, Epoch 1215, Train Loss: 0.4336, Val Loss: 0.3669, Val Acc: 0.9864
Precision: 0.9962, Recall: 0.9899, F1-Score: 0.9925
Fold 1, Epoch 1216, Train Loss: 0.4309, Val Loss: 0.3812, Val Acc: 0.9888
Precision: 0.9962, Recall: 0.9889, F1-Score: 0.9920
Fold 1, Epoch 1217, Train Loss: 0.4363, Val Loss: 0.3719, Val Acc: 0.9871
Precision: 0.9961, Recall: 0.9899, F1-Score: 0.9925
Fold 1, Epoch 1218, Train Loss: 0.4421, Val Loss: 0.3649, Val Acc: 0.9884
Precision: 0.9961, Recall: 0.9895, F1-Score: 0.9923
Fold 1, Epoch 1219, Train Loss: 0.4253, Val Loss: 0.3607, Val Acc: 0.9880

--- Epoch 1220 ---
--- Epoch 1220 ---

--- Epoch 1220 ---


--- Epoch 1220 ---
Class Weights: [2.1182575e-05 5.6127068e-02 5.6127068e-02 5.9477936e-02 5.6928884e-02
 5.3851645e-02 5.3851645e-02 4.9812771e-02 5.9477936e-02 5.6127068e-02
 6.1308030e-02 5.1753532e-02 5.3851645e-02 6.0379118e-02 5.6928884e-02
 4.9197800e-02 5.4589339e-02 5.2434497e-02 5.7753939e-02]Class Weights: [2.1182575e-05 5.6127068e-02 5.6127068e-02 5.9477936e-02 5.6928884e-02
 5.3851645e-02 5.3851645e-02 4.9812771e-02 5.9477936e-02 5.6127068e-02
 6.1308030e-02 5.1753532e-02 5.3851645e-02 6.0379118e-02 5.6928884e-02
 4.9197800e-02 5.4589339e-02 5.2434497e-02 5.7753939e-02]Class Weights: [2.1182575e-05 5.6127068e-02 5.6127068e-02 5.9477936e-02 5.6928884e-02
 5.3851645e-02 5.3851645e-02 4.9812771e-02 5.9477936e-02 5.6127068e-02
 6.1308030e-02 5.1753532e-02 5.3851645e-02 6.0379118e-02 5.6928884e-02
 4.9197800e-02 5.4589339e-02 5.2434497e-02 5.7753939e-02]


Learning Rate: 0.0005Learning Rate: 0.0005Learning Rate: 0.0005

Class Weights: [2.1182575e-05 5.6127068e-02 5.6127068e-02 5.9477936e-02 5.6928884e-02
 5.3851645e-02 5.3851645e-02 4.9812771e-02 5.9477936e-02 5.6127068e-02
 6.1308030e-02 5.1753532e-02 5.3851645e-02 6.0379118e-02 5.6928884e-02
 4.9197800e-02 5.4589339e-02 5.2434497e-02 5.7753939e-02]

Learning Rate: 0.0005
Train Loss: 0.4181, Val Loss: 0.3545Train Loss: 0.4181, Val Loss: 0.3545

Train Loss: 0.4181, Val Loss: 0.3545
Train Loss: 0.4181, Val Loss: 0.3545
Per-Class Precision: [1.         0.11560694 0.84745763 0.72164948 0.20427553 0.68103448
 0.24390244 0.07159091 0.28880866 0.01576062 0.18219462 0.20833333
 0.11051693 0.43209877 0.2745098  0.49342105 0.55371901 0.55147059
 0.44117647]
Per-Class Recall: [0.97242379 1.         1.         0.93333333 0.86       0.79
 0.7        0.84       0.8        0.92       0.704      0.36666667
 0.496      0.8        0.74666667 0.75       0.76571429 1.
 1.        ]
Per-Class F1-Score: [0.98601912 0.20725389 0.91743119 0.81395349 0.33013436 0.73148148
 0.36175711 0.13193717 0.42440318 0.03099034 0.28947368 0.26570048
 0.18075802 0.56112224 0.40143369 0.5952381  0.64268585 0.71090047
 0.6122449 ]
Support per Class: [293949    100    150    150    100    100    100     75    100     75
    125    150    125    175     75    100    175     75     75]
Weighted Precision: 0.9958, Weighted Recall: 0.9712, Weighted F1-Score: 0.9826
Precision: 0.9958, Recall: 0.9712, F1-Score: 0.9826
Fold 1, Epoch 1220, Train Loss: 0.4181, Val Loss: 0.3545, Val Acc: 0.9699
Precision: 0.9960, Recall: 0.9906, F1-Score: 0.9928
Fold 1, Epoch 1221, Train Loss: 0.4129, Val Loss: 0.3653, Val Acc: 0.9894
Precision: 0.9962, Recall: 0.9865, F1-Score: 0.9908
Fold 1, Epoch 1222, Train Loss: 0.4393, Val Loss: 0.3661, Val Acc: 0.9850
Precision: 0.9962, Recall: 0.9859, F1-Score: 0.9903
Fold 1, Epoch 1223, Train Loss: 0.4332, Val Loss: 0.3787, Val Acc: 0.9840
Precision: 0.9960, Recall: 0.9854, F1-Score: 0.9899
Fold 1, Epoch 1224, Train Loss: 0.4272, Val Loss: 0.3730, Val Acc: 0.9852
Precision: 0.9962, Recall: 0.9871, F1-Score: 0.9910
Fold 1, Epoch 1225, Train Loss: 0.4488, Val Loss: 0.3597, Val Acc: 0.9865
Precision: 0.9960, Recall: 0.9889, F1-Score: 0.9919
Fold 1, Epoch 1226, Train Loss: 0.4476, Val Loss: 0.3912, Val Acc: 0.9873
Precision: 0.9959, Recall: 0.9857, F1-Score: 0.9901
Fold 1, Epoch 1227, Train Loss: 0.4526, Val Loss: 0.3703, Val Acc: 0.9846
Precision: 0.9961, Recall: 0.9905, F1-Score: 0.9928
Fold 1, Epoch 1228, Train Loss: 0.4314, Val Loss: 0.3651, Val Acc: 0.9894
Precision: 0.9961, Recall: 0.9866, F1-Score: 0.9908
Fold 1, Epoch 1229, Train Loss: 0.4132, Val Loss: 0.3554, Val Acc: 0.9845

--- Epoch 1230 ---
--- Epoch 1230 ---
--- Epoch 1230 ---



--- Epoch 1230 ---
Class Weights: [2.1182575e-05 5.6127068e-02 5.6127068e-02 5.9477936e-02 5.6928884e-02
 5.3851645e-02 5.3851645e-02 4.9812771e-02 5.9477936e-02 5.6127068e-02
 6.1308030e-02 5.1753532e-02 5.3851645e-02 6.0379118e-02 5.6928884e-02
 4.9197800e-02 5.4589339e-02 5.2434497e-02 5.7753939e-02]Class Weights: [2.1182575e-05 5.6127068e-02 5.6127068e-02 5.9477936e-02 5.6928884e-02
 5.3851645e-02 5.3851645e-02 4.9812771e-02 5.9477936e-02 5.6127068e-02
 6.1308030e-02 5.1753532e-02 5.3851645e-02 6.0379118e-02 5.6928884e-02
 4.9197800e-02 5.4589339e-02 5.2434497e-02 5.7753939e-02]Class Weights: [2.1182575e-05 5.6127068e-02 5.6127068e-02 5.9477936e-02 5.6928884e-02
 5.3851645e-02 5.3851645e-02 4.9812771e-02 5.9477936e-02 5.6127068e-02
 6.1308030e-02 5.1753532e-02 5.3851645e-02 6.0379118e-02 5.6928884e-02
 4.9197800e-02 5.4589339e-02 5.2434497e-02 5.7753939e-02]

Class Weights: [2.1182575e-05 5.6127068e-02 5.6127068e-02 5.9477936e-02 5.6928884e-02
 5.3851645e-02 5.3851645e-02 4.9812771e-02 5.9477936e-02 5.6127068e-02
 6.1308030e-02 5.1753532e-02 5.3851645e-02 6.0379118e-02 5.6928884e-02
 4.9197800e-02 5.4589339e-02 5.2434497e-02 5.7753939e-02]
Learning Rate: 0.0005Learning Rate: 0.0005


Learning Rate: 0.0005Learning Rate: 0.0005

Train Loss: 0.4373, Val Loss: 0.3589
Train Loss: 0.4373, Val Loss: 0.3589
Train Loss: 0.4373, Val Loss: 0.3589Train Loss: 0.4373, Val Loss: 0.3589

Per-Class Precision: [1.         0.5988024  0.84180791 0.7244898  0.32589286 0.48255814
 0.35795455 0.16666667 0.38349515 0.16751269 0.23284314 0.21812081
 0.15442561 0.64444444 0.3740458  0.45       0.48639456 0.65789474
 0.48387097]
Per-Class Recall: [0.99188295 1.         0.99333333 0.94666667 0.73       0.83
 0.63       0.90666667 0.79       0.88       0.76       0.43333333
 0.656      0.66285714 0.65333333 0.81       0.81714286 1.
 1.        ]
Per-Class F1-Score: [0.99592493 0.74906367 0.91131498 0.82080925 0.45061728 0.61029412
 0.45652174 0.2815735  0.51633987 0.28144989 0.3564728  0.29017857
 0.25       0.65352113 0.47572816 0.57857143 0.6098081  0.79365079
 0.65217391]
Support per Class: [293949    100    150    150    100    100    100     75    100     75
    125    150    125    175     75    100    175     75     75]
Weighted Precision: 0.9962, Weighted Recall: 0.9905, Weighted F1-Score: 0.9929
Precision: 0.9962, Recall: 0.9905, F1-Score: 0.9929
Fold 1, Epoch 1230, Train Loss: 0.4373, Val Loss: 0.3589, Val Acc: 0.9889
Precision: 0.9959, Recall: 0.9891, F1-Score: 0.9920
Fold 1, Epoch 1231, Train Loss: 0.4357, Val Loss: 0.3496, Val Acc: 0.9877
Precision: 0.9959, Recall: 0.9861, F1-Score: 0.9903
Fold 1, Epoch 1232, Train Loss: 0.4282, Val Loss: 0.3753, Val Acc: 0.9852
Precision: 0.9962, Recall: 0.9875, F1-Score: 0.9913
Fold 1, Epoch 1233, Train Loss: 0.4140, Val Loss: 0.3541, Val Acc: 0.9861
Precision: 0.9961, Recall: 0.9902, F1-Score: 0.9926
Fold 1, Epoch 1234, Train Loss: 0.4063, Val Loss: 0.3695, Val Acc: 0.9885
Precision: 0.9960, Recall: 0.9889, F1-Score: 0.9919
Fold 1, Epoch 1235, Train Loss: 0.4154, Val Loss: 0.3484, Val Acc: 0.9877
Precision: 0.9960, Recall: 0.9873, F1-Score: 0.9910
Fold 1, Epoch 1236, Train Loss: 0.4025, Val Loss: 0.3586, Val Acc: 0.9855
Precision: 0.9961, Recall: 0.9894, F1-Score: 0.9922
Fold 1, Epoch 1237, Train Loss: 0.4248, Val Loss: 0.3458, Val Acc: 0.9882
Precision: 0.9961, Recall: 0.9875, F1-Score: 0.9912
Fold 1, Epoch 1238, Train Loss: 0.4394, Val Loss: 0.3668, Val Acc: 0.9859
Precision: 0.9961, Recall: 0.9900, F1-Score: 0.9926
Fold 1, Epoch 1239, Train Loss: 0.4256, Val Loss: 0.3815, Val Acc: 0.9886

--- Epoch 1240 ---
--- Epoch 1240 ---
--- Epoch 1240 ---



--- Epoch 1240 ---
Class Weights: [2.1182575e-05 5.6127068e-02 5.6127068e-02 5.9477936e-02 5.6928884e-02
 5.3851645e-02 5.3851645e-02 4.9812771e-02 5.9477936e-02 5.6127068e-02
 6.1308030e-02 5.1753532e-02 5.3851645e-02 6.0379118e-02 5.6928884e-02
 4.9197800e-02 5.4589339e-02 5.2434497e-02 5.7753939e-02]Class Weights: [2.1182575e-05 5.6127068e-02 5.6127068e-02 5.9477936e-02 5.6928884e-02
 5.3851645e-02 5.3851645e-02 4.9812771e-02 5.9477936e-02 5.6127068e-02
 6.1308030e-02 5.1753532e-02 5.3851645e-02 6.0379118e-02 5.6928884e-02
 4.9197800e-02 5.4589339e-02 5.2434497e-02 5.7753939e-02]Class Weights: [2.1182575e-05 5.6127068e-02 5.6127068e-02 5.9477936e-02 5.6928884e-02
 5.3851645e-02 5.3851645e-02 4.9812771e-02 5.9477936e-02 5.6127068e-02
 6.1308030e-02 5.1753532e-02 5.3851645e-02 6.0379118e-02 5.6928884e-02
 4.9197800e-02 5.4589339e-02 5.2434497e-02 5.7753939e-02]


Learning Rate: 0.0005Learning Rate: 0.0005Learning Rate: 0.0005


Class Weights: [2.1182575e-05 5.6127068e-02 5.6127068e-02 5.9477936e-02 5.6928884e-02
 5.3851645e-02 5.3851645e-02 4.9812771e-02 5.9477936e-02 5.6127068e-02
 6.1308030e-02 5.1753532e-02 5.3851645e-02 6.0379118e-02 5.6928884e-02
 4.9197800e-02 5.4589339e-02 5.2434497e-02 5.7753939e-02]
Learning Rate: 0.0005
Train Loss: 0.3979, Val Loss: 0.3563Train Loss: 0.3979, Val Loss: 0.3563
Train Loss: 0.3979, Val Loss: 0.3563

Train Loss: 0.3979, Val Loss: 0.3563
Per-Class Precision: [1.         0.03717472 0.84659091 0.68983957 0.19550562 0.65151515
 0.34408602 0.11034483 0.35321101 0.05698529 0.25874126 0.18253968
 0.14466546 0.68361582 0.3452381  0.52348993 0.4548495  0.6147541
 0.4601227 ]
Per-Class Recall: [0.97962572 1.         0.99333333 0.86       0.87       0.86
 0.64       0.85333333 0.77       0.82666667 0.888      0.30666667
 0.64       0.69142857 0.77333333 0.78       0.77714286 1.
 1.        ]
Per-Class F1-Score: [0.98970801 0.07168459 0.91411043 0.76557864 0.31926606 0.74137931
 0.44755245 0.19541985 0.48427673 0.10662081 0.40072202 0.22885572
 0.2359882  0.6875     0.47736626 0.62650602 0.57383966 0.76142132
 0.6302521 ]
Support per Class: [293949    100    150    150    100    100    100     75    100     75
    125    150    125    175     75    100    175     75     75]
Weighted Precision: 0.9960, Weighted Recall: 0.9783, Weighted F1-Score: 0.9864
Precision: 0.9960, Recall: 0.9783, F1-Score: 0.9864
Fold 1, Epoch 1240, Train Loss: 0.3979, Val Loss: 0.3563, Val Acc: 0.9785
Precision: 0.9961, Recall: 0.9891, F1-Score: 0.9921
Fold 1, Epoch 1241, Train Loss: 0.4402, Val Loss: 0.3617, Val Acc: 0.9876
Precision: 0.9960, Recall: 0.9903, F1-Score: 0.9926
Fold 1, Epoch 1242, Train Loss: 0.4744, Val Loss: 0.3713, Val Acc: 0.9892
Precision: 0.9963, Recall: 0.9864, F1-Score: 0.9908
Fold 1, Epoch 1243, Train Loss: 0.4286, Val Loss: 0.3878, Val Acc: 0.9845
Precision: 0.9962, Recall: 0.9902, F1-Score: 0.9927
Fold 1, Epoch 1244, Train Loss: 0.4666, Val Loss: 0.3631, Val Acc: 0.9889
Precision: 0.9961, Recall: 0.9886, F1-Score: 0.9917
Fold 1, Epoch 1245, Train Loss: 0.4113, Val Loss: 0.3549, Val Acc: 0.9876
Precision: 0.9958, Recall: 0.9852, F1-Score: 0.9898
Fold 1, Epoch 1246, Train Loss: 0.4041, Val Loss: 0.3569, Val Acc: 0.9848
Precision: 0.9960, Recall: 0.9873, F1-Score: 0.9911
Fold 1, Epoch 1247, Train Loss: 0.4215, Val Loss: 0.3649, Val Acc: 0.9854
Precision: 0.9961, Recall: 0.9900, F1-Score: 0.9926
Fold 1, Epoch 1248, Train Loss: 0.4168, Val Loss: 0.3511, Val Acc: 0.9888
Precision: 0.9961, Recall: 0.9869, F1-Score: 0.9908
Fold 1, Epoch 1249, Train Loss: 0.4193, Val Loss: 0.3636, Val Acc: 0.9850

--- Epoch 1250 ---
--- Epoch 1250 ---
--- Epoch 1250 ---



--- Epoch 1250 ---
Class Weights: [2.1182575e-05 5.6127068e-02 5.6127068e-02 5.9477936e-02 5.6928884e-02
 5.3851645e-02 5.3851645e-02 4.9812771e-02 5.9477936e-02 5.6127068e-02
 6.1308030e-02 5.1753532e-02 5.3851645e-02 6.0379118e-02 5.6928884e-02
 4.9197800e-02 5.4589339e-02 5.2434497e-02 5.7753939e-02]Class Weights: [2.1182575e-05 5.6127068e-02 5.6127068e-02 5.9477936e-02 5.6928884e-02
 5.3851645e-02 5.3851645e-02 4.9812771e-02 5.9477936e-02 5.6127068e-02
 6.1308030e-02 5.1753532e-02 5.3851645e-02 6.0379118e-02 5.6928884e-02
 4.9197800e-02 5.4589339e-02 5.2434497e-02 5.7753939e-02]Class Weights: [2.1182575e-05 5.6127068e-02 5.6127068e-02 5.9477936e-02 5.6928884e-02
 5.3851645e-02 5.3851645e-02 4.9812771e-02 5.9477936e-02 5.6127068e-02
 6.1308030e-02 5.1753532e-02 5.3851645e-02 6.0379118e-02 5.6928884e-02
 4.9197800e-02 5.4589339e-02 5.2434497e-02 5.7753939e-02]


Learning Rate: 0.0005Learning Rate: 0.0005Learning Rate: 0.0005


Class Weights: [2.1182575e-05 5.6127068e-02 5.6127068e-02 5.9477936e-02 5.6928884e-02
 5.3851645e-02 5.3851645e-02 4.9812771e-02 5.9477936e-02 5.6127068e-02
 6.1308030e-02 5.1753532e-02 5.3851645e-02 6.0379118e-02 5.6928884e-02
 4.9197800e-02 5.4589339e-02 5.2434497e-02 5.7753939e-02]
Learning Rate: 0.0005
Train Loss: 0.4161, Val Loss: 0.3534Train Loss: 0.4161, Val Loss: 0.3534
Train Loss: 0.4161, Val Loss: 0.3534

Train Loss: 0.4161, Val Loss: 0.3534
Per-Class Precision: [1.         0.60240964 0.85964912 0.66222222 0.37373737 0.68965517
 0.33632287 0.24031008 0.37948718 0.08314856 0.26315789 0.18857143
 0.20997375 0.71428571 0.22068966 0.4516129  0.52868852 0.48701299
 0.53571429]
Per-Class Recall: [0.99089298 1.         0.98       0.99333333 0.74       0.8
 0.75       0.82666667 0.74       1.         0.72       0.44
 0.64       0.65714286 0.85333333 0.84       0.73714286 1.
 1.        ]
Per-Class F1-Score: [0.99542566 0.7518797  0.91588785 0.79466667 0.4966443  0.74074074
 0.46439628 0.37237237 0.50169492 0.15353122 0.38543897 0.264
 0.31620553 0.68452381 0.35068493 0.58741259 0.61575179 0.65502183
 0.69767442]
Support per Class: [293949    100    150    150    100    100    100     75    100     75
    125    150    125    175     75    100    175     75     75]
Weighted Precision: 0.9963, Weighted Recall: 0.9896, Weighted F1-Score: 0.9924
Precision: 0.9963, Recall: 0.9896, F1-Score: 0.9924
Fold 1, Epoch 1250, Train Loss: 0.4161, Val Loss: 0.3534, Val Acc: 0.9880
Precision: 0.9961, Recall: 0.9902, F1-Score: 0.9926
Fold 1, Epoch 1251, Train Loss: 0.4044, Val Loss: 0.3524, Val Acc: 0.9889
Precision: 0.9960, Recall: 0.9651, F1-Score: 0.9795
Fold 1, Epoch 1252, Train Loss: 0.4427, Val Loss: 0.3459, Val Acc: 0.9661
Precision: 0.9962, Recall: 0.9907, F1-Score: 0.9930
Fold 1, Epoch 1253, Train Loss: 0.4290, Val Loss: 0.3902, Val Acc: 0.9897
Precision: 0.9961, Recall: 0.9862, F1-Score: 0.9906
Fold 1, Epoch 1254, Train Loss: 0.4225, Val Loss: 0.3668, Val Acc: 0.9840
Precision: 0.9960, Recall: 0.9893, F1-Score: 0.9921
Fold 1, Epoch 1255, Train Loss: 0.4468, Val Loss: 0.3533, Val Acc: 0.9883
Precision: 0.9957, Recall: 0.9873, F1-Score: 0.9909
Fold 1, Epoch 1256, Train Loss: 0.4254, Val Loss: 0.3974, Val Acc: 0.9857
Precision: 0.9961, Recall: 0.9880, F1-Score: 0.9915
Fold 1, Epoch 1257, Train Loss: 0.4422, Val Loss: 0.3743, Val Acc: 0.9866
Precision: 0.9961, Recall: 0.9900, F1-Score: 0.9925
Fold 1, Epoch 1258, Train Loss: 0.4133, Val Loss: 0.3556, Val Acc: 0.9888
Precision: 0.9958, Recall: 0.9834, F1-Score: 0.9889
Fold 1, Epoch 1259, Train Loss: 0.4204, Val Loss: 0.3496, Val Acc: 0.9818

--- Epoch 1260 ---
--- Epoch 1260 ---
--- Epoch 1260 ---



--- Epoch 1260 ---
Class Weights: [2.1182575e-05 5.6127068e-02 5.6127068e-02 5.9477936e-02 5.6928884e-02
 5.3851645e-02 5.3851645e-02 4.9812771e-02 5.9477936e-02 5.6127068e-02
 6.1308030e-02 5.1753532e-02 5.3851645e-02 6.0379118e-02 5.6928884e-02
 4.9197800e-02 5.4589339e-02 5.2434497e-02 5.7753939e-02]Class Weights: [2.1182575e-05 5.6127068e-02 5.6127068e-02 5.9477936e-02 5.6928884e-02
 5.3851645e-02 5.3851645e-02 4.9812771e-02 5.9477936e-02 5.6127068e-02
 6.1308030e-02 5.1753532e-02 5.3851645e-02 6.0379118e-02 5.6928884e-02
 4.9197800e-02 5.4589339e-02 5.2434497e-02 5.7753939e-02]Class Weights: [2.1182575e-05 5.6127068e-02 5.6127068e-02 5.9477936e-02 5.6928884e-02
 5.3851645e-02 5.3851645e-02 4.9812771e-02 5.9477936e-02 5.6127068e-02
 6.1308030e-02 5.1753532e-02 5.3851645e-02 6.0379118e-02 5.6928884e-02
 4.9197800e-02 5.4589339e-02 5.2434497e-02 5.7753939e-02]

Class Weights: [2.1182575e-05 5.6127068e-02 5.6127068e-02 5.9477936e-02 5.6928884e-02
 5.3851645e-02 5.3851645e-02 4.9812771e-02 5.9477936e-02 5.6127068e-02
 6.1308030e-02 5.1753532e-02 5.3851645e-02 6.0379118e-02 5.6928884e-02
 4.9197800e-02 5.4589339e-02 5.2434497e-02 5.7753939e-02]
Learning Rate: 0.0005Learning Rate: 0.0005

Learning Rate: 0.0005

Learning Rate: 0.0005
Train Loss: 0.4243, Val Loss: 0.3472
Train Loss: 0.4243, Val Loss: 0.3472Train Loss: 0.4243, Val Loss: 0.3472
Train Loss: 0.4243, Val Loss: 0.3472

Per-Class Precision: [1.         0.58823529 0.85227273 0.62931034 0.28621908 0.72115385
 0.35576923 0.14651163 0.35353535 0.11164274 0.20650096 0.20765027
 0.11497731 0.52765957 0.36434109 0.38983051 0.44966443 0.55970149
 0.55725191]
Per-Class Recall: [0.99002208 1.         1.         0.97333333 0.81       0.75
 0.74       0.84       0.7        0.93333333 0.864      0.25333333
 0.608      0.70857143 0.62666667 0.92       0.76571429 1.
 0.97333333]
Per-Class F1-Score: [0.99498602 0.74074074 0.9202454  0.76439791 0.4229765  0.73529412
 0.48051948 0.24950495 0.46979866 0.1994302  0.33333333 0.22822823
 0.19338422 0.60487805 0.46078431 0.54761905 0.56659619 0.71770335
 0.70873786]
Support per Class: [293949    100    150    150    100    100    100     75    100     75
    125    150    125    175     75    100    175     75     75]
Weighted Precision: 0.9961, Weighted Recall: 0.9886, Weighted F1-Score: 0.9918
Precision: 0.9961, Recall: 0.9886, F1-Score: 0.9918
Fold 1, Epoch 1260, Train Loss: 0.4243, Val Loss: 0.3472, Val Acc: 0.9872
Precision: 0.9960, Recall: 0.9876, F1-Score: 0.9912
Fold 1, Epoch 1261, Train Loss: 0.4261, Val Loss: 0.3646, Val Acc: 0.9860
Precision: 0.9961, Recall: 0.9883, F1-Score: 0.9916
Fold 1, Epoch 1262, Train Loss: 0.4356, Val Loss: 0.3505, Val Acc: 0.9866
Precision: 0.9958, Recall: 0.9781, F1-Score: 0.9862
Fold 1, Epoch 1263, Train Loss: 0.4250, Val Loss: 0.3855, Val Acc: 0.9796
Precision: 0.9960, Recall: 0.9881, F1-Score: 0.9914
Fold 1, Epoch 1264, Train Loss: 0.4253, Val Loss: 0.3500, Val Acc: 0.9869
Precision: 0.9961, Recall: 0.9880, F1-Score: 0.9915
Fold 1, Epoch 1265, Train Loss: 0.4138, Val Loss: 0.3623, Val Acc: 0.9863
Precision: 0.9961, Recall: 0.9884, F1-Score: 0.9918
Fold 1, Epoch 1266, Train Loss: 0.4197, Val Loss: 0.3584, Val Acc: 0.9866
Precision: 0.9960, Recall: 0.9890, F1-Score: 0.9920
Fold 1, Epoch 1267, Train Loss: 0.4348, Val Loss: 0.3465, Val Acc: 0.9873
Precision: 0.9962, Recall: 0.9890, F1-Score: 0.9921
Fold 1, Epoch 1268, Train Loss: 0.4106, Val Loss: 0.3672, Val Acc: 0.9874
Precision: 0.9962, Recall: 0.9899, F1-Score: 0.9926
Fold 1, Epoch 1269, Train Loss: 0.4167, Val Loss: 0.3769, Val Acc: 0.9889

--- Epoch 1270 ---
--- Epoch 1270 ---


--- Epoch 1270 ---
--- Epoch 1270 ---

Class Weights: [2.1182575e-05 5.6127068e-02 5.6127068e-02 5.9477936e-02 5.6928884e-02
 5.3851645e-02 5.3851645e-02 4.9812771e-02 5.9477936e-02 5.6127068e-02
 6.1308030e-02 5.1753532e-02 5.3851645e-02 6.0379118e-02 5.6928884e-02
 4.9197800e-02 5.4589339e-02 5.2434497e-02 5.7753939e-02]Class Weights: [2.1182575e-05 5.6127068e-02 5.6127068e-02 5.9477936e-02 5.6928884e-02
 5.3851645e-02 5.3851645e-02 4.9812771e-02 5.9477936e-02 5.6127068e-02
 6.1308030e-02 5.1753532e-02 5.3851645e-02 6.0379118e-02 5.6928884e-02
 4.9197800e-02 5.4589339e-02 5.2434497e-02 5.7753939e-02]

Learning Rate: 0.0005Learning Rate: 0.0005

Class Weights: [2.1182575e-05 5.6127068e-02 5.6127068e-02 5.9477936e-02 5.6928884e-02
 5.3851645e-02 5.3851645e-02 4.9812771e-02 5.9477936e-02 5.6127068e-02
 6.1308030e-02 5.1753532e-02 5.3851645e-02 6.0379118e-02 5.6928884e-02
 4.9197800e-02 5.4589339e-02 5.2434497e-02 5.7753939e-02]Class Weights: [2.1182575e-05 5.6127068e-02 5.6127068e-02 5.9477936e-02 5.6928884e-02
 5.3851645e-02 5.3851645e-02 4.9812771e-02 5.9477936e-02 5.6127068e-02
 6.1308030e-02 5.1753532e-02 5.3851645e-02 6.0379118e-02 5.6928884e-02
 4.9197800e-02 5.4589339e-02 5.2434497e-02 5.7753939e-02]

Learning Rate: 0.0005Learning Rate: 0.0005

Train Loss: 0.4422, Val Loss: 0.3523Train Loss: 0.4422, Val Loss: 0.3523

Train Loss: 0.4422, Val Loss: 0.3523Train Loss: 0.4422, Val Loss: 0.3523

Per-Class Precision: [1.         0.57803468 0.84745763 0.64285714 0.34782609 0.61702128
 0.25416667 0.16620499 0.29856115 0.08921933 0.23471883 0.16306954
 0.09326425 0.41964286 0.28497409 0.37810945 0.52083333 0.55147059
 0.52447552]
Per-Class Recall: [0.98980776 1.         1.         0.96       0.72       0.87
 0.61       0.8        0.83       0.96       0.768      0.45333333
 0.288      0.80571429 0.73333333 0.76       0.57142857 1.
 1.        ]
Per-Class F1-Score: [0.99487777 0.73260073 0.91743119 0.77005348 0.46905537 0.7219917
 0.35882353 0.27522936 0.43915344 0.16326531 0.35955056 0.23985891
 0.1409002  0.5518591  0.41044776 0.50498339 0.54495913 0.71090047
 0.68807339]
Support per Class: [293949    100    150    150    100    100    100     75    100     75
    125    150    125    175     75    100    175     75     75]
Weighted Precision: 0.9959, Weighted Recall: 0.9883, Weighted F1-Score: 0.9916
Precision: 0.9959, Recall: 0.9883, F1-Score: 0.9916
Fold 1, Epoch 1270, Train Loss: 0.4422, Val Loss: 0.3523, Val Acc: 0.9866
Precision: 0.9959, Recall: 0.9891, F1-Score: 0.9919
Fold 1, Epoch 1271, Train Loss: 0.4217, Val Loss: 0.3698, Val Acc: 0.9879
Precision: 0.9960, Recall: 0.9869, F1-Score: 0.9908
Fold 1, Epoch 1272, Train Loss: 0.4289, Val Loss: 0.3572, Val Acc: 0.9858
Precision: 0.9960, Recall: 0.9907, F1-Score: 0.9929
Fold 1, Epoch 1273, Train Loss: 0.4213, Val Loss: 0.3697, Val Acc: 0.9897
Precision: 0.9958, Recall: 0.9869, F1-Score: 0.9908
Fold 1, Epoch 1274, Train Loss: 0.4200, Val Loss: 0.3761, Val Acc: 0.9849
Precision: 0.9961, Recall: 0.9894, F1-Score: 0.9921
Fold 1, Epoch 1275, Train Loss: 0.4144, Val Loss: 0.3724, Val Acc: 0.9883
Precision: 0.9961, Recall: 0.9880, F1-Score: 0.9915
Fold 1, Epoch 1276, Train Loss: 0.4226, Val Loss: 0.3755, Val Acc: 0.9868
Precision: 0.9961, Recall: 0.9905, F1-Score: 0.9928
Fold 1, Epoch 1277, Train Loss: 0.4160, Val Loss: 0.3398, Val Acc: 0.9892
Precision: 0.9961, Recall: 0.9880, F1-Score: 0.9915
Fold 1, Epoch 1278, Train Loss: 0.4297, Val Loss: 0.3579, Val Acc: 0.9864
Precision: 0.9961, Recall: 0.9895, F1-Score: 0.9922
Fold 1, Epoch 1279, Train Loss: 0.4279, Val Loss: 0.3420, Val Acc: 0.9881

--- Epoch 1280 ---
--- Epoch 1280 ---
--- Epoch 1280 ---



--- Epoch 1280 ---
Class Weights: [2.1182575e-05 5.6127068e-02 5.6127068e-02 5.9477936e-02 5.6928884e-02
 5.3851645e-02 5.3851645e-02 4.9812771e-02 5.9477936e-02 5.6127068e-02
 6.1308030e-02 5.1753532e-02 5.3851645e-02 6.0379118e-02 5.6928884e-02
 4.9197800e-02 5.4589339e-02 5.2434497e-02 5.7753939e-02]Class Weights: [2.1182575e-05 5.6127068e-02 5.6127068e-02 5.9477936e-02 5.6928884e-02
 5.3851645e-02 5.3851645e-02 4.9812771e-02 5.9477936e-02 5.6127068e-02
 6.1308030e-02 5.1753532e-02 5.3851645e-02 6.0379118e-02 5.6928884e-02
 4.9197800e-02 5.4589339e-02 5.2434497e-02 5.7753939e-02]Class Weights: [2.1182575e-05 5.6127068e-02 5.6127068e-02 5.9477936e-02 5.6928884e-02
 5.3851645e-02 5.3851645e-02 4.9812771e-02 5.9477936e-02 5.6127068e-02
 6.1308030e-02 5.1753532e-02 5.3851645e-02 6.0379118e-02 5.6928884e-02
 4.9197800e-02 5.4589339e-02 5.2434497e-02 5.7753939e-02]


Learning Rate: 0.0005Learning Rate: 0.0005Learning Rate: 0.0005


Class Weights: [2.1182575e-05 5.6127068e-02 5.6127068e-02 5.9477936e-02 5.6928884e-02
 5.3851645e-02 5.3851645e-02 4.9812771e-02 5.9477936e-02 5.6127068e-02
 6.1308030e-02 5.1753532e-02 5.3851645e-02 6.0379118e-02 5.6928884e-02
 4.9197800e-02 5.4589339e-02 5.2434497e-02 5.7753939e-02]Train Loss: 0.4145, Val Loss: 0.3452Train Loss: 0.4145, Val Loss: 0.3452

Train Loss: 0.4145, Val Loss: 0.3452

Learning Rate: 0.0005
Train Loss: 0.4145, Val Loss: 0.3452
Per-Class Precision: [1.         0.5212766  0.75376884 0.59166667 0.2852459  0.71428571
 0.21022727 0.31914894 0.36774194 0.05407464 0.19259259 0.18867925
 0.10447761 0.55294118 0.26639344 0.58928571 0.43072289 0.5033557
 0.53191489]
Per-Class Recall: [0.9874434  0.98       1.         0.94666667 0.87       0.85
 0.74       0.6        0.57       0.94666667 0.832      0.26666667
 0.672      0.53714286 0.86666667 0.66       0.81714286 1.
 1.        ]
Per-Class F1-Score: [0.99368203 0.68055556 0.85959885 0.72820513 0.42962963 0.77625571
 0.32743363 0.41666667 0.44705882 0.10230548 0.31278195 0.22099448
 0.18083961 0.54492754 0.40752351 0.62264151 0.56410256 0.66964286
 0.69444444]
Support per Class: [293949    100    150    150    100    100    100     75    100     75
    125    150    125    175     75    100    175     75     75]
Weighted Precision: 0.9960, Weighted Recall: 0.9859, Weighted F1-Score: 0.9904
Precision: 0.9960, Recall: 0.9859, F1-Score: 0.9904
Fold 1, Epoch 1280, Train Loss: 0.4145, Val Loss: 0.3452, Val Acc: 0.9842
Precision: 0.9961, Recall: 0.9884, F1-Score: 0.9917
Fold 1, Epoch 1281, Train Loss: 0.4327, Val Loss: 0.3646, Val Acc: 0.9865
Precision: 0.9958, Recall: 0.9858, F1-Score: 0.9902
Fold 1, Epoch 1282, Train Loss: 0.4211, Val Loss: 0.3521, Val Acc: 0.9837
Precision: 0.9960, Recall: 0.9894, F1-Score: 0.9922
Fold 1, Epoch 1283, Train Loss: 0.4348, Val Loss: 0.3630, Val Acc: 0.9880
Precision: 0.9960, Recall: 0.9871, F1-Score: 0.9908
Fold 1, Epoch 1284, Train Loss: 0.4339, Val Loss: 0.3416, Val Acc: 0.9860
Precision: 0.9960, Recall: 0.9881, F1-Score: 0.9915
Fold 1, Epoch 1285, Train Loss: 0.4465, Val Loss: 0.3662, Val Acc: 0.9865
Precision: 0.9961, Recall: 0.9879, F1-Score: 0.9915
Fold 1, Epoch 1286, Train Loss: 0.4119, Val Loss: 0.3587, Val Acc: 0.9856
Precision: 0.9960, Recall: 0.9896, F1-Score: 0.9923
Fold 1, Epoch 1287, Train Loss: 0.4003, Val Loss: 0.3471, Val Acc: 0.9881
Precision: 0.9960, Recall: 0.9897, F1-Score: 0.9924
Fold 1, Epoch 1288, Train Loss: 0.4063, Val Loss: 0.3476, Val Acc: 0.9886
Precision: 0.9960, Recall: 0.9884, F1-Score: 0.9917
Fold 1, Epoch 1289, Train Loss: 0.4355, Val Loss: 0.3354, Val Acc: 0.9868

--- Epoch 1290 ---
--- Epoch 1290 ---
--- Epoch 1290 ---



--- Epoch 1290 ---
Class Weights: [2.1182575e-05 5.6127068e-02 5.6127068e-02 5.9477936e-02 5.6928884e-02
 5.3851645e-02 5.3851645e-02 4.9812771e-02 5.9477936e-02 5.6127068e-02
 6.1308030e-02 5.1753532e-02 5.3851645e-02 6.0379118e-02 5.6928884e-02
 4.9197800e-02 5.4589339e-02 5.2434497e-02 5.7753939e-02]Class Weights: [2.1182575e-05 5.6127068e-02 5.6127068e-02 5.9477936e-02 5.6928884e-02
 5.3851645e-02 5.3851645e-02 4.9812771e-02 5.9477936e-02 5.6127068e-02
 6.1308030e-02 5.1753532e-02 5.3851645e-02 6.0379118e-02 5.6928884e-02
 4.9197800e-02 5.4589339e-02 5.2434497e-02 5.7753939e-02]Class Weights: [2.1182575e-05 5.6127068e-02 5.6127068e-02 5.9477936e-02 5.6928884e-02
 5.3851645e-02 5.3851645e-02 4.9812771e-02 5.9477936e-02 5.6127068e-02
 6.1308030e-02 5.1753532e-02 5.3851645e-02 6.0379118e-02 5.6928884e-02
 4.9197800e-02 5.4589339e-02 5.2434497e-02 5.7753939e-02]

Class Weights: [2.1182575e-05 5.6127068e-02 5.6127068e-02 5.9477936e-02 5.6928884e-02
 5.3851645e-02 5.3851645e-02 4.9812771e-02 5.9477936e-02 5.6127068e-02
 6.1308030e-02 5.1753532e-02 5.3851645e-02 6.0379118e-02 5.6928884e-02
 4.9197800e-02 5.4589339e-02 5.2434497e-02 5.7753939e-02]
Learning Rate: 0.0005Learning Rate: 0.0005

Learning Rate: 0.0005

Learning Rate: 0.0005
Train Loss: 0.4118, Val Loss: 0.3312
Train Loss: 0.4118, Val Loss: 0.3312Train Loss: 0.4118, Val Loss: 0.3312Train Loss: 0.4118, Val Loss: 0.3312


Per-Class Precision: [1.         0.5988024  0.82872928 0.62331839 0.3089701  0.72566372
 0.33653846 0.31578947 0.26420455 0.10204082 0.21908894 0.17905405
 0.14110429 0.66477273 0.42857143 0.46783626 0.49382716 0.40322581
 0.54814815]
Per-Class Recall: [0.99046093 1.         1.         0.92666667 0.93       0.82
 0.7        0.64       0.93       0.93333333 0.808      0.35333333
 0.736      0.66857143 0.72       0.8        0.68571429 1.
 0.98666667]
Per-Class F1-Score: [0.99520761 0.74906367 0.90634441 0.74530831 0.4638404  0.76995305
 0.45454545 0.42290749 0.41150442 0.18396846 0.3447099  0.23766816
 0.23680824 0.66666667 0.53731343 0.5904059  0.57416268 0.57471264
 0.7047619 ]
Support per Class: [293949    100    150    150    100    100    100     75    100     75
    125    150    125    175     75    100    175     75     75]
Weighted Precision: 0.9962, Weighted Recall: 0.9891, Weighted F1-Score: 0.9921
Precision: 0.9962, Recall: 0.9891, F1-Score: 0.9921
Fold 1, Epoch 1290, Train Loss: 0.4118, Val Loss: 0.3312, Val Acc: 0.9876
Precision: 0.9961, Recall: 0.9894, F1-Score: 0.9922
Fold 1, Epoch 1291, Train Loss: 0.3936, Val Loss: 0.3556, Val Acc: 0.9882
Precision: 0.9960, Recall: 0.9889, F1-Score: 0.9919
Fold 1, Epoch 1292, Train Loss: 0.4152, Val Loss: 0.3509, Val Acc: 0.9876
Precision: 0.9961, Recall: 0.9906, F1-Score: 0.9928
Fold 1, Epoch 1293, Train Loss: 0.4001, Val Loss: 0.3406, Val Acc: 0.9894
Precision: 0.9962, Recall: 0.9858, F1-Score: 0.9904
Fold 1, Epoch 1294, Train Loss: 0.4348, Val Loss: 0.3547, Val Acc: 0.9841
Precision: 0.9961, Recall: 0.9896, F1-Score: 0.9923
Fold 1, Epoch 1295, Train Loss: 0.4062, Val Loss: 0.3529, Val Acc: 0.9883
Precision: 0.9961, Recall: 0.9884, F1-Score: 0.9917
Fold 1, Epoch 1296, Train Loss: 0.4096, Val Loss: 0.3466, Val Acc: 0.9868
Precision: 0.9962, Recall: 0.9902, F1-Score: 0.9927
Fold 1, Epoch 1297, Train Loss: 0.4063, Val Loss: 0.3645, Val Acc: 0.9887
Precision: 0.9960, Recall: 0.9898, F1-Score: 0.9923
Fold 1, Epoch 1298, Train Loss: 0.4323, Val Loss: 0.3467, Val Acc: 0.9885
Precision: 0.9960, Recall: 0.9875, F1-Score: 0.9911
Fold 1, Epoch 1299, Train Loss: 0.4314, Val Loss: 0.3519, Val Acc: 0.9865

--- Epoch 1300 ---
--- Epoch 1300 ---
--- Epoch 1300 ---



--- Epoch 1300 ---
Class Weights: [2.1182575e-05 5.6127068e-02 5.6127068e-02 5.9477936e-02 5.6928884e-02
 5.3851645e-02 5.3851645e-02 4.9812771e-02 5.9477936e-02 5.6127068e-02
 6.1308030e-02 5.1753532e-02 5.3851645e-02 6.0379118e-02 5.6928884e-02
 4.9197800e-02 5.4589339e-02 5.2434497e-02 5.7753939e-02]Class Weights: [2.1182575e-05 5.6127068e-02 5.6127068e-02 5.9477936e-02 5.6928884e-02
 5.3851645e-02 5.3851645e-02 4.9812771e-02 5.9477936e-02 5.6127068e-02
 6.1308030e-02 5.1753532e-02 5.3851645e-02 6.0379118e-02 5.6928884e-02
 4.9197800e-02 5.4589339e-02 5.2434497e-02 5.7753939e-02]Class Weights: [2.1182575e-05 5.6127068e-02 5.6127068e-02 5.9477936e-02 5.6928884e-02
 5.3851645e-02 5.3851645e-02 4.9812771e-02 5.9477936e-02 5.6127068e-02
 6.1308030e-02 5.1753532e-02 5.3851645e-02 6.0379118e-02 5.6928884e-02
 4.9197800e-02 5.4589339e-02 5.2434497e-02 5.7753939e-02]
Class Weights: [2.1182575e-05 5.6127068e-02 5.6127068e-02 5.9477936e-02 5.6928884e-02
 5.3851645e-02 5.3851645e-02 4.9812771e-02 5.9477936e-02 5.6127068e-02
 6.1308030e-02 5.1753532e-02 5.3851645e-02 6.0379118e-02 5.6928884e-02
 4.9197800e-02 5.4589339e-02 5.2434497e-02 5.7753939e-02]


Learning Rate: 0.0005Learning Rate: 0.0005Learning Rate: 0.0005Learning Rate: 0.0005



Train Loss: 0.4320, Val Loss: 0.3846Train Loss: 0.4320, Val Loss: 0.3846

Train Loss: 0.4320, Val Loss: 0.3846
Train Loss: 0.4320, Val Loss: 0.3846
Per-Class Precision: [1.         0.62893082 0.83798883 0.63636364 0.20374707 0.6
 0.29591837 0.17142857 0.49685535 0.09439124 0.15084525 0.17027027
 0.05208333 0.59016393 0.22310757 0.35858586 0.56111111 0.38461538
 0.60504202]
Per-Class Recall: [0.98940292 1.         1.         0.84       0.87       0.93
 0.29       0.8        0.79       0.92       0.928      0.42
 0.2        0.41142857 0.74666667 0.71       0.57714286 1.
 0.96      ]
Per-Class F1-Score: [0.99467324 0.77220077 0.9118541  0.72413793 0.33017078 0.72941176
 0.29292929 0.28235294 0.61003861 0.17121588 0.25950783 0.24230769
 0.08264463 0.48484848 0.34355828 0.47651007 0.56901408 0.55555556
 0.74226804]
Support per Class: [293949    100    150    150    100    100    100     75    100     75
    125    150    125    175     75    100    175     75     75]
Weighted Precision: 0.9960, Weighted Recall: 0.9875, Weighted F1-Score: 0.9912
Precision: 0.9960, Recall: 0.9875, F1-Score: 0.9912
Fold 1, Epoch 1300, Train Loss: 0.4320, Val Loss: 0.3846, Val Acc: 0.9862
Precision: 0.9962, Recall: 0.9900, F1-Score: 0.9926
Fold 1, Epoch 1301, Train Loss: 0.4379, Val Loss: 0.3651, Val Acc: 0.9890
Precision: 0.9961, Recall: 0.9886, F1-Score: 0.9917
Fold 1, Epoch 1302, Train Loss: 0.4228, Val Loss: 0.3584, Val Acc: 0.9871
Precision: 0.9959, Recall: 0.9855, F1-Score: 0.9901
Fold 1, Epoch 1303, Train Loss: 0.4163, Val Loss: 0.3774, Val Acc: 0.9837
Precision: 0.9961, Recall: 0.9899, F1-Score: 0.9925
Fold 1, Epoch 1304, Train Loss: 0.4073, Val Loss: 0.3474, Val Acc: 0.9887
Precision: 0.9962, Recall: 0.9893, F1-Score: 0.9923
Fold 1, Epoch 1305, Train Loss: 0.4015, Val Loss: 0.3541, Val Acc: 0.9878
Precision: 0.9961, Recall: 0.9877, F1-Score: 0.9913
Fold 1, Epoch 1306, Train Loss: 0.4201, Val Loss: 0.3720, Val Acc: 0.9861
Precision: 0.9960, Recall: 0.9873, F1-Score: 0.9910
Fold 1, Epoch 1307, Train Loss: 0.4059, Val Loss: 0.3455, Val Acc: 0.9862
Precision: 0.9960, Recall: 0.9898, F1-Score: 0.9924
Fold 1, Epoch 1308, Train Loss: 0.4075, Val Loss: 0.3498, Val Acc: 0.9886
Precision: 0.9962, Recall: 0.9840, F1-Score: 0.9895
Fold 1, Epoch 1309, Train Loss: 0.4243, Val Loss: 0.3456, Val Acc: 0.9819

--- Epoch 1310 ---
--- Epoch 1310 ---
--- Epoch 1310 ---



--- Epoch 1310 ---
Class Weights: [2.1182575e-05 5.6127068e-02 5.6127068e-02 5.9477936e-02 5.6928884e-02
 5.3851645e-02 5.3851645e-02 4.9812771e-02 5.9477936e-02 5.6127068e-02
 6.1308030e-02 5.1753532e-02 5.3851645e-02 6.0379118e-02 5.6928884e-02
 4.9197800e-02 5.4589339e-02 5.2434497e-02 5.7753939e-02]
Class Weights: [2.1182575e-05 5.6127068e-02 5.6127068e-02 5.9477936e-02 5.6928884e-02
 5.3851645e-02 5.3851645e-02 4.9812771e-02 5.9477936e-02 5.6127068e-02
 6.1308030e-02 5.1753532e-02 5.3851645e-02 6.0379118e-02 5.6928884e-02
 4.9197800e-02 5.4589339e-02 5.2434497e-02 5.7753939e-02]Class Weights: [2.1182575e-05 5.6127068e-02 5.6127068e-02 5.9477936e-02 5.6928884e-02
 5.3851645e-02 5.3851645e-02 4.9812771e-02 5.9477936e-02 5.6127068e-02
 6.1308030e-02 5.1753532e-02 5.3851645e-02 6.0379118e-02 5.6928884e-02
 4.9197800e-02 5.4589339e-02 5.2434497e-02 5.7753939e-02]
Learning Rate: 0.0005

Learning Rate: 0.0005Class Weights: [2.1182575e-05 5.6127068e-02 5.6127068e-02 5.9477936e-02 5.6928884e-02
 5.3851645e-02 5.3851645e-02 4.9812771e-02 5.9477936e-02 5.6127068e-02
 6.1308030e-02 5.1753532e-02 5.3851645e-02 6.0379118e-02 5.6928884e-02
 4.9197800e-02 5.4589339e-02 5.2434497e-02 5.7753939e-02]Learning Rate: 0.0005


Learning Rate: 0.0005
Train Loss: 0.4412, Val Loss: 0.3502
Train Loss: 0.4412, Val Loss: 0.3502
Train Loss: 0.4412, Val Loss: 0.3502
Train Loss: 0.4412, Val Loss: 0.3502
Per-Class Precision: [1.         0.36231884 0.81521739 0.57198444 0.29435484 0.69105691
 0.40909091 0.25777778 0.35344828 0.1994302  0.24937028 0.17717718
 0.20204604 0.68674699 0.3557047  0.5        0.48897059 0.4601227
 0.41899441]
Per-Class Recall: [0.99228778 1.         1.         0.98       0.73       0.85
 0.72       0.77333333 0.82       0.93333333 0.792      0.39333333
 0.632      0.65142857 0.70666667 0.85       0.76       1.
 1.        ]
Per-Class F1-Score: [0.99612896 0.53191489 0.89820359 0.72235872 0.41954023 0.76233184
 0.52173913 0.38666667 0.4939759  0.3286385  0.37931034 0.24430642
 0.30620155 0.6686217  0.47321429 0.62962963 0.5950783  0.6302521
 0.59055118]
Support per Class: [293949    100    150    150    100    100    100     75    100     75
    125    150    125    175     75    100    175     75     75]
Weighted Precision: 0.9961, Weighted Recall: 0.9909, Weighted F1-Score: 0.9930
Precision: 0.9961, Recall: 0.9909, F1-Score: 0.9930
Fold 1, Epoch 1310, Train Loss: 0.4412, Val Loss: 0.3502, Val Acc: 0.9896
Precision: 0.9962, Recall: 0.9887, F1-Score: 0.9919
Fold 1, Epoch 1311, Train Loss: 0.4241, Val Loss: 0.3415, Val Acc: 0.9880
Precision: 0.9962, Recall: 0.9902, F1-Score: 0.9927
Fold 1, Epoch 1312, Train Loss: 0.4205, Val Loss: 0.3581, Val Acc: 0.9890
Precision: 0.9959, Recall: 0.9882, F1-Score: 0.9915
Fold 1, Epoch 1313, Train Loss: 0.4314, Val Loss: 0.3608, Val Acc: 0.9868
Precision: 0.9961, Recall: 0.9874, F1-Score: 0.9911
Fold 1, Epoch 1314, Train Loss: 0.4210, Val Loss: 0.3539, Val Acc: 0.9855
Precision: 0.9963, Recall: 0.9886, F1-Score: 0.9919
Fold 1, Epoch 1315, Train Loss: 0.4119, Val Loss: 0.3608, Val Acc: 0.9868
Precision: 0.9959, Recall: 0.9892, F1-Score: 0.9921
Fold 1, Epoch 1316, Train Loss: 0.4228, Val Loss: 0.3577, Val Acc: 0.9880
Precision: 0.9960, Recall: 0.9874, F1-Score: 0.9911
Fold 1, Epoch 1317, Train Loss: 0.4260, Val Loss: 0.3413, Val Acc: 0.9872
Precision: 0.9961, Recall: 0.9883, F1-Score: 0.9916
Fold 1, Epoch 1318, Train Loss: 0.4121, Val Loss: 0.3571, Val Acc: 0.9865
Precision: 0.9962, Recall: 0.9896, F1-Score: 0.9924
Fold 1, Epoch 1319, Train Loss: 0.3940, Val Loss: 0.3616, Val Acc: 0.9880

--- Epoch 1320 ---
--- Epoch 1320 ---

--- Epoch 1320 ---


--- Epoch 1320 ---
Class Weights: [2.1182575e-05 5.6127068e-02 5.6127068e-02 5.9477936e-02 5.6928884e-02
 5.3851645e-02 5.3851645e-02 4.9812771e-02 5.9477936e-02 5.6127068e-02
 6.1308030e-02 5.1753532e-02 5.3851645e-02 6.0379118e-02 5.6928884e-02
 4.9197800e-02 5.4589339e-02 5.2434497e-02 5.7753939e-02]Class Weights: [2.1182575e-05 5.6127068e-02 5.6127068e-02 5.9477936e-02 5.6928884e-02
 5.3851645e-02 5.3851645e-02 4.9812771e-02 5.9477936e-02 5.6127068e-02
 6.1308030e-02 5.1753532e-02 5.3851645e-02 6.0379118e-02 5.6928884e-02
 4.9197800e-02 5.4589339e-02 5.2434497e-02 5.7753939e-02]Class Weights: [2.1182575e-05 5.6127068e-02 5.6127068e-02 5.9477936e-02 5.6928884e-02
 5.3851645e-02 5.3851645e-02 4.9812771e-02 5.9477936e-02 5.6127068e-02
 6.1308030e-02 5.1753532e-02 5.3851645e-02 6.0379118e-02 5.6928884e-02
 4.9197800e-02 5.4589339e-02 5.2434497e-02 5.7753939e-02]


Learning Rate: 0.0005Learning Rate: 0.0005Learning Rate: 0.0005
Class Weights: [2.1182575e-05 5.6127068e-02 5.6127068e-02 5.9477936e-02 5.6928884e-02
 5.3851645e-02 5.3851645e-02 4.9812771e-02 5.9477936e-02 5.6127068e-02
 6.1308030e-02 5.1753532e-02 5.3851645e-02 6.0379118e-02 5.6928884e-02
 4.9197800e-02 5.4589339e-02 5.2434497e-02 5.7753939e-02]


Learning Rate: 0.0005
Train Loss: 0.4017, Val Loss: 0.3577
Train Loss: 0.4017, Val Loss: 0.3577Train Loss: 0.4017, Val Loss: 0.3577

Train Loss: 0.4017, Val Loss: 0.3577
Per-Class Precision: [1.         0.57471264 0.82352941 0.54945055 0.21661721 0.56969697
 0.44029851 0.19924812 0.29304029 0.18731988 0.20330969 0.16112532
 0.11531532 0.60736196 0.25       0.50632911 0.47435897 0.57692308
 0.4601227 ]
Per-Class Recall: [0.99102906 1.         0.93333333 1.         0.73       0.94
 0.59       0.70666667 0.8        0.86666667 0.688      0.42
 0.512      0.56571429 0.76       0.8        0.84571429 1.
 1.        ]
Per-Class F1-Score: [0.99549432 0.72992701 0.875      0.70921986 0.33409611 0.70943396
 0.5042735  0.31085044 0.42895442 0.30805687 0.31386861 0.23290203
 0.18823529 0.58579882 0.37623762 0.62015504 0.60780287 0.73170732
 0.6302521 ]
Support per Class: [293949    100    150    150    100    100    100     75    100     75
    125    150    125    175     75    100    175     75     75]
Weighted Precision: 0.9960, Weighted Recall: 0.9895, Weighted F1-Score: 0.9922
Precision: 0.9960, Recall: 0.9895, F1-Score: 0.9922
Fold 1, Epoch 1320, Train Loss: 0.4017, Val Loss: 0.3577, Val Acc: 0.9881
Precision: 0.9959, Recall: 0.9883, F1-Score: 0.9915
Fold 1, Epoch 1321, Train Loss: 0.4117, Val Loss: 0.3518, Val Acc: 0.9872
Precision: 0.9960, Recall: 0.9785, F1-Score: 0.9865
Fold 1, Epoch 1322, Train Loss: 0.4007, Val Loss: 0.3622, Val Acc: 0.9805
Precision: 0.9961, Recall: 0.9880, F1-Score: 0.9914
Fold 1, Epoch 1323, Train Loss: 0.4001, Val Loss: 0.3547, Val Acc: 0.9863
Precision: 0.9962, Recall: 0.9886, F1-Score: 0.9918
Fold 1, Epoch 1324, Train Loss: 0.4078, Val Loss: 0.3627, Val Acc: 0.9876
Precision: 0.9961, Recall: 0.9881, F1-Score: 0.9915
Fold 1, Epoch 1325, Train Loss: 0.4081, Val Loss: 0.3635, Val Acc: 0.9864
Precision: 0.9962, Recall: 0.9893, F1-Score: 0.9922
Fold 1, Epoch 1326, Train Loss: 0.4372, Val Loss: 0.3545, Val Acc: 0.9878
Precision: 0.9961, Recall: 0.9904, F1-Score: 0.9927
Fold 1, Epoch 1327, Train Loss: 0.3963, Val Loss: 0.3405, Val Acc: 0.9891
Precision: 0.9960, Recall: 0.9885, F1-Score: 0.9917
Fold 1, Epoch 1328, Train Loss: 0.4049, Val Loss: 0.3357, Val Acc: 0.9867
Precision: 0.9961, Recall: 0.9899, F1-Score: 0.9924
Fold 1, Epoch 1329, Train Loss: 0.4094, Val Loss: 0.3468, Val Acc: 0.9883

--- Epoch 1330 ---
--- Epoch 1330 ---
--- Epoch 1330 ---



--- Epoch 1330 ---
Class Weights: [2.1182575e-05 5.6127068e-02 5.6127068e-02 5.9477936e-02 5.6928884e-02
 5.3851645e-02 5.3851645e-02 4.9812771e-02 5.9477936e-02 5.6127068e-02
 6.1308030e-02 5.1753532e-02 5.3851645e-02 6.0379118e-02 5.6928884e-02
 4.9197800e-02 5.4589339e-02 5.2434497e-02 5.7753939e-02]
Class Weights: [2.1182575e-05 5.6127068e-02 5.6127068e-02 5.9477936e-02 5.6928884e-02
 5.3851645e-02 5.3851645e-02 4.9812771e-02 5.9477936e-02 5.6127068e-02
 6.1308030e-02 5.1753532e-02 5.3851645e-02 6.0379118e-02 5.6928884e-02
 4.9197800e-02 5.4589339e-02 5.2434497e-02 5.7753939e-02]Class Weights: [2.1182575e-05 5.6127068e-02 5.6127068e-02 5.9477936e-02 5.6928884e-02
 5.3851645e-02 5.3851645e-02 4.9812771e-02 5.9477936e-02 5.6127068e-02
 6.1308030e-02 5.1753532e-02 5.3851645e-02 6.0379118e-02 5.6928884e-02
 4.9197800e-02 5.4589339e-02 5.2434497e-02 5.7753939e-02]Learning Rate: 0.0005


Learning Rate: 0.0005Learning Rate: 0.0005Class Weights: [2.1182575e-05 5.6127068e-02 5.6127068e-02 5.9477936e-02 5.6928884e-02
 5.3851645e-02 5.3851645e-02 4.9812771e-02 5.9477936e-02 5.6127068e-02
 6.1308030e-02 5.1753532e-02 5.3851645e-02 6.0379118e-02 5.6928884e-02
 4.9197800e-02 5.4589339e-02 5.2434497e-02 5.7753939e-02]


Learning Rate: 0.0005
Train Loss: 0.4401, Val Loss: 0.3515
Train Loss: 0.4401, Val Loss: 0.3515
Train Loss: 0.4401, Val Loss: 0.3515
Train Loss: 0.4401, Val Loss: 0.3515
Per-Class Precision: [1.         0.01412828 0.78125    0.65625    0.355      0.53216374
 0.26153846 0.19724771 0.28025478 0.10542636 0.21627907 0.15368421
 0.09311741 0.74842767 0.27536232 0.4519774  0.4024024  0.59055118
 0.50340136]
Per-Class Recall: [0.96719159 1.         1.         0.98       0.71       0.91
 0.85       0.57333333 0.88       0.90666667 0.744      0.48666667
 0.184      0.68       0.76       0.8        0.76571429 1.
 0.98666667]
Per-Class F1-Score: [0.98332221 0.02786291 0.87719298 0.78609626 0.47333333 0.67158672
 0.4        0.29351536 0.42512077 0.18888889 0.33513514 0.2336
 0.12365591 0.71257485 0.40425532 0.57761733 0.52755906 0.74257426
 0.66666667]
Support per Class: [293949    100    150    150    100    100    100     75    100     75
    125    150    125    175     75    100    175     75     75]
Weighted Precision: 0.9958, Weighted Recall: 0.9659, Weighted F1-Score: 0.9799
Precision: 0.9958, Recall: 0.9659, F1-Score: 0.9799
Fold 1, Epoch 1330, Train Loss: 0.4401, Val Loss: 0.3515, Val Acc: 0.9694
Precision: 0.9962, Recall: 0.9909, F1-Score: 0.9931
Fold 1, Epoch 1331, Train Loss: 0.4539, Val Loss: 0.3617, Val Acc: 0.9903
Precision: 0.9960, Recall: 0.9826, F1-Score: 0.9886
Fold 1, Epoch 1332, Train Loss: 0.4201, Val Loss: 0.3592, Val Acc: 0.9808
Precision: 0.9962, Recall: 0.9904, F1-Score: 0.9928
Fold 1, Epoch 1333, Train Loss: 0.4136, Val Loss: 0.3595, Val Acc: 0.9895
Precision: 0.9961, Recall: 0.9890, F1-Score: 0.9920
Fold 1, Epoch 1334, Train Loss: 0.3972, Val Loss: 0.3569, Val Acc: 0.9875
Precision: 0.9961, Recall: 0.9854, F1-Score: 0.9901
Fold 1, Epoch 1335, Train Loss: 0.4059, Val Loss: 0.3508, Val Acc: 0.9851
Precision: 0.9962, Recall: 0.9899, F1-Score: 0.9925
Fold 1, Epoch 1336, Train Loss: 0.4133, Val Loss: 0.3523, Val Acc: 0.9882
Precision: 0.9961, Recall: 0.9889, F1-Score: 0.9920
Fold 1, Epoch 1337, Train Loss: 0.3965, Val Loss: 0.3459, Val Acc: 0.9869
Precision: 0.9960, Recall: 0.9894, F1-Score: 0.9922
Fold 1, Epoch 1338, Train Loss: 0.4004, Val Loss: 0.3605, Val Acc: 0.9881
Precision: 0.9960, Recall: 0.9843, F1-Score: 0.9894
Fold 1, Epoch 1339, Train Loss: 0.4130, Val Loss: 0.3476, Val Acc: 0.9833

--- Epoch 1340 ---
--- Epoch 1340 ---
--- Epoch 1340 ---



--- Epoch 1340 ---
Class Weights: [2.1182575e-05 5.6127068e-02 5.6127068e-02 5.9477936e-02 5.6928884e-02
 5.3851645e-02 5.3851645e-02 4.9812771e-02 5.9477936e-02 5.6127068e-02
 6.1308030e-02 5.1753532e-02 5.3851645e-02 6.0379118e-02 5.6928884e-02
 4.9197800e-02 5.4589339e-02 5.2434497e-02 5.7753939e-02]Class Weights: [2.1182575e-05 5.6127068e-02 5.6127068e-02 5.9477936e-02 5.6928884e-02
 5.3851645e-02 5.3851645e-02 4.9812771e-02 5.9477936e-02 5.6127068e-02
 6.1308030e-02 5.1753532e-02 5.3851645e-02 6.0379118e-02 5.6928884e-02
 4.9197800e-02 5.4589339e-02 5.2434497e-02 5.7753939e-02]

Learning Rate: 0.0005Learning Rate: 0.0005
Class Weights: [2.1182575e-05 5.6127068e-02 5.6127068e-02 5.9477936e-02 5.6928884e-02
 5.3851645e-02 5.3851645e-02 4.9812771e-02 5.9477936e-02 5.6127068e-02
 6.1308030e-02 5.1753532e-02 5.3851645e-02 6.0379118e-02 5.6928884e-02
 4.9197800e-02 5.4589339e-02 5.2434497e-02 5.7753939e-02]

Learning Rate: 0.0005
Train Loss: 0.3953, Val Loss: 0.3485
Train Loss: 0.3953, Val Loss: 0.3485
Train Loss: 0.3953, Val Loss: 0.3485Class Weights: [2.1182575e-05 5.6127068e-02 5.6127068e-02 5.9477936e-02 5.6928884e-02
 5.3851645e-02 5.3851645e-02 4.9812771e-02 5.9477936e-02 5.6127068e-02
 6.1308030e-02 5.1753532e-02 5.3851645e-02 6.0379118e-02 5.6928884e-02
 4.9197800e-02 5.4589339e-02 5.2434497e-02 5.7753939e-02]

Learning Rate: 0.0005
Train Loss: 0.3953, Val Loss: 0.3485
Per-Class Precision: [1.         0.57803468 0.79365079 0.6561086  0.28870293 0.64957265
 0.24857143 0.32758621 0.29861111 0.17391304 0.26498423 0.18786127
 0.14785374 0.79381443 0.30366492 0.5        0.51660517 0.52083333
 0.51020408]
Per-Class Recall: [0.99196799 1.         1.         0.96666667 0.69       0.76
 0.87       0.50666667 0.86       0.90666667 0.672      0.43333333
 0.744      0.44       0.77333333 0.8        0.8        1.
 1.        ]
Per-Class F1-Score: [0.9959678  0.73260073 0.88495575 0.78167116 0.40707965 0.70046083
 0.38666667 0.39790576 0.44329897 0.29184549 0.3800905  0.26209677
 0.24668435 0.56617647 0.43609023 0.61538462 0.62780269 0.68493151
 0.67567568]
Support per Class: [293949    100    150    150    100    100    100     75    100     75
    125    150    125    175     75    100    175     75     75]
Weighted Precision: 0.9963, Weighted Recall: 0.9905, Weighted F1-Score: 0.9928
Precision: 0.9963, Recall: 0.9905, F1-Score: 0.9928
Fold 1, Epoch 1340, Train Loss: 0.3953, Val Loss: 0.3485, Val Acc: 0.9893
Precision: 0.9962, Recall: 0.9886, F1-Score: 0.9918
Fold 1, Epoch 1341, Train Loss: 0.4003, Val Loss: 0.3425, Val Acc: 0.9870
Precision: 0.9959, Recall: 0.9880, F1-Score: 0.9914
Fold 1, Epoch 1342, Train Loss: 0.3973, Val Loss: 0.3628, Val Acc: 0.9863
Precision: 0.9962, Recall: 0.9902, F1-Score: 0.9927
Fold 1, Epoch 1343, Train Loss: 0.3969, Val Loss: 0.3383, Val Acc: 0.9889
Precision: 0.9961, Recall: 0.9887, F1-Score: 0.9918
Fold 1, Epoch 1344, Train Loss: 0.4122, Val Loss: 0.3447, Val Acc: 0.9873
Precision: 0.9960, Recall: 0.9882, F1-Score: 0.9916
Fold 1, Epoch 1345, Train Loss: 0.4040, Val Loss: 0.3600, Val Acc: 0.9865
Precision: 0.9962, Recall: 0.9904, F1-Score: 0.9929
Fold 1, Epoch 1346, Train Loss: 0.4319, Val Loss: 0.3520, Val Acc: 0.9890
Precision: 0.9959, Recall: 0.9844, F1-Score: 0.9895
Fold 1, Epoch 1347, Train Loss: 0.4002, Val Loss: 0.3520, Val Acc: 0.9827
Precision: 0.9961, Recall: 0.9901, F1-Score: 0.9925
Fold 1, Epoch 1348, Train Loss: 0.3955, Val Loss: 0.3379, Val Acc: 0.9889
Precision: 0.9960, Recall: 0.9858, F1-Score: 0.9903
Fold 1, Epoch 1349, Train Loss: 0.4085, Val Loss: 0.3303, Val Acc: 0.9839

--- Epoch 1350 ---
--- Epoch 1350 ---
--- Epoch 1350 ---



--- Epoch 1350 ---
Class Weights: [2.1182575e-05 5.6127068e-02 5.6127068e-02 5.9477936e-02 5.6928884e-02
 5.3851645e-02 5.3851645e-02 4.9812771e-02 5.9477936e-02 5.6127068e-02
 6.1308030e-02 5.1753532e-02 5.3851645e-02 6.0379118e-02 5.6928884e-02
 4.9197800e-02 5.4589339e-02 5.2434497e-02 5.7753939e-02]Class Weights: [2.1182575e-05 5.6127068e-02 5.6127068e-02 5.9477936e-02 5.6928884e-02
 5.3851645e-02 5.3851645e-02 4.9812771e-02 5.9477936e-02 5.6127068e-02
 6.1308030e-02 5.1753532e-02 5.3851645e-02 6.0379118e-02 5.6928884e-02
 4.9197800e-02 5.4589339e-02 5.2434497e-02 5.7753939e-02]Class Weights: [2.1182575e-05 5.6127068e-02 5.6127068e-02 5.9477936e-02 5.6928884e-02
 5.3851645e-02 5.3851645e-02 4.9812771e-02 5.9477936e-02 5.6127068e-02
 6.1308030e-02 5.1753532e-02 5.3851645e-02 6.0379118e-02 5.6928884e-02
 4.9197800e-02 5.4589339e-02 5.2434497e-02 5.7753939e-02]


Learning Rate: 0.0005Learning Rate: 0.0005Learning Rate: 0.0005
Class Weights: [2.1182575e-05 5.6127068e-02 5.6127068e-02 5.9477936e-02 5.6928884e-02
 5.3851645e-02 5.3851645e-02 4.9812771e-02 5.9477936e-02 5.6127068e-02
 6.1308030e-02 5.1753532e-02 5.3851645e-02 6.0379118e-02 5.6928884e-02
 4.9197800e-02 5.4589339e-02 5.2434497e-02 5.7753939e-02]


Learning Rate: 0.0005
Train Loss: 0.3801, Val Loss: 0.3587
Train Loss: 0.3801, Val Loss: 0.3587Train Loss: 0.3801, Val Loss: 0.3587

Train Loss: 0.3801, Val Loss: 0.3587
Per-Class Precision: [1.         0.38022814 0.73891626 0.57936508 0.24855491 0.704
 0.33333333 0.15037594 0.37864078 0.1571754  0.21978022 0.19946809
 0.11047619 0.81944444 0.2464455  0.52980132 0.43360434 0.49342105
 0.45454545]
Per-Class Recall: [0.99046433 1.         1.         0.97333333 0.86       0.88
 0.7        0.8        0.78       0.92       0.64       0.5
 0.464      0.33714286 0.69333333 0.8        0.91428571 1.
 1.        ]
Per-Class F1-Score: [0.99520932 0.55096419 0.84985836 0.72636816 0.38565022 0.78222222
 0.4516129  0.25316456 0.50980392 0.26848249 0.32719836 0.2851711
 0.17846154 0.47773279 0.36363636 0.6374502  0.58823529 0.66079295
 0.625     ]
Support per Class: [293949    100    150    150    100    100    100     75    100     75
    125    150    125    175     75    100    175     75     75]
Weighted Precision: 0.9961, Weighted Recall: 0.9890, Weighted F1-Score: 0.9919
Precision: 0.9961, Recall: 0.9890, F1-Score: 0.9919
Fold 1, Epoch 1350, Train Loss: 0.3801, Val Loss: 0.3587, Val Acc: 0.9876
Precision: 0.9961, Recall: 0.9869, F1-Score: 0.9909
Fold 1, Epoch 1351, Train Loss: 0.4426, Val Loss: 0.3457, Val Acc: 0.9854
Precision: 0.9961, Recall: 0.9911, F1-Score: 0.9932
Fold 1, Epoch 1352, Train Loss: 0.4086, Val Loss: 0.3568, Val Acc: 0.9898
Precision: 0.9961, Recall: 0.9872, F1-Score: 0.9911
Fold 1, Epoch 1353, Train Loss: 0.4091, Val Loss: 0.3555, Val Acc: 0.9852
Precision: 0.9961, Recall: 0.9897, F1-Score: 0.9924
Fold 1, Epoch 1354, Train Loss: 0.4266, Val Loss: 0.3662, Val Acc: 0.9883
Precision: 0.9960, Recall: 0.9896, F1-Score: 0.9923
Fold 1, Epoch 1355, Train Loss: 0.4218, Val Loss: 0.3532, Val Acc: 0.9884
Precision: 0.9962, Recall: 0.9899, F1-Score: 0.9926
Fold 1, Epoch 1356, Train Loss: 0.4095, Val Loss: 0.3718, Val Acc: 0.9883
Precision: 0.9961, Recall: 0.9858, F1-Score: 0.9902
Fold 1, Epoch 1357, Train Loss: 0.4135, Val Loss: 0.3472, Val Acc: 0.9847
Precision: 0.9962, Recall: 0.9907, F1-Score: 0.9930
Fold 1, Epoch 1358, Train Loss: 0.4274, Val Loss: 0.3439, Val Acc: 0.9893
Precision: 0.9959, Recall: 0.9894, F1-Score: 0.9921
Fold 1, Epoch 1359, Train Loss: 0.4239, Val Loss: 0.3632, Val Acc: 0.9877

--- Epoch 1360 ---
--- Epoch 1360 ---
--- Epoch 1360 ---



--- Epoch 1360 ---
Class Weights: [2.1182575e-05 5.6127068e-02 5.6127068e-02 5.9477936e-02 5.6928884e-02
 5.3851645e-02 5.3851645e-02 4.9812771e-02 5.9477936e-02 5.6127068e-02
 6.1308030e-02 5.1753532e-02 5.3851645e-02 6.0379118e-02 5.6928884e-02
 4.9197800e-02 5.4589339e-02 5.2434497e-02 5.7753939e-02]Class Weights: [2.1182575e-05 5.6127068e-02 5.6127068e-02 5.9477936e-02 5.6928884e-02
 5.3851645e-02 5.3851645e-02 4.9812771e-02 5.9477936e-02 5.6127068e-02
 6.1308030e-02 5.1753532e-02 5.3851645e-02 6.0379118e-02 5.6928884e-02
 4.9197800e-02 5.4589339e-02 5.2434497e-02 5.7753939e-02]Class Weights: [2.1182575e-05 5.6127068e-02 5.6127068e-02 5.9477936e-02 5.6928884e-02
 5.3851645e-02 5.3851645e-02 4.9812771e-02 5.9477936e-02 5.6127068e-02
 6.1308030e-02 5.1753532e-02 5.3851645e-02 6.0379118e-02 5.6928884e-02
 4.9197800e-02 5.4589339e-02 5.2434497e-02 5.7753939e-02]


Class Weights: [2.1182575e-05 5.6127068e-02 5.6127068e-02 5.9477936e-02 5.6928884e-02
 5.3851645e-02 5.3851645e-02 4.9812771e-02 5.9477936e-02 5.6127068e-02
 6.1308030e-02 5.1753532e-02 5.3851645e-02 6.0379118e-02 5.6928884e-02
 4.9197800e-02 5.4589339e-02 5.2434497e-02 5.7753939e-02]Learning Rate: 0.0005Learning Rate: 0.0005Learning Rate: 0.0005



Learning Rate: 0.0005
Train Loss: 0.4267, Val Loss: 0.3873Train Loss: 0.4267, Val Loss: 0.3873
Train Loss: 0.4267, Val Loss: 0.3873
Train Loss: 0.4267, Val Loss: 0.3873

Per-Class Precision: [1.         0.08818342 0.82872928 0.71782178 0.27969349 0.44845361
 0.2377261  0.234375   0.30737705 0.16426513 0.21527778 0.15301724
 0.16077739 0.65240642 0.34831461 0.35315985 0.53556485 0.59055118
 0.40983607]
Per-Class Recall: [0.9884844  1.         1.         0.96666667 0.73       0.87
 0.92       0.6        0.75       0.76       0.248      0.47333333
 0.728      0.69714286 0.41333333 0.95       0.73142857 1.
 1.        ]
Per-Class F1-Score: [0.99420885 0.16207455 0.90634441 0.82386364 0.40443213 0.59183673
 0.37782341 0.33707865 0.43604651 0.27014218 0.23048327 0.23127036
 0.2633864  0.67403315 0.37804878 0.51490515 0.61835749 0.74257426
 0.58139535]
Support per Class: [293949    100    150    150    100    100    100     75    100     75
    125    150    125    175     75    100    175     75     75]
Weighted Precision: 0.9959, Weighted Recall: 0.9869, Weighted F1-Score: 0.9908
Precision: 0.9959, Recall: 0.9869, F1-Score: 0.9908
Fold 1, Epoch 1360, Train Loss: 0.4267, Val Loss: 0.3873, Val Acc: 0.9866
Precision: 0.9962, Recall: 0.9892, F1-Score: 0.9921
Fold 1, Epoch 1361, Train Loss: 0.4442, Val Loss: 0.3546, Val Acc: 0.9878
Precision: 0.9959, Recall: 0.9890, F1-Score: 0.9920
Fold 1, Epoch 1362, Train Loss: 0.4241, Val Loss: 0.3989, Val Acc: 0.9878
Precision: 0.9961, Recall: 0.9887, F1-Score: 0.9920
Fold 1, Epoch 1363, Train Loss: 0.4464, Val Loss: 0.3638, Val Acc: 0.9872
Precision: 0.9960, Recall: 0.9887, F1-Score: 0.9918
Fold 1, Epoch 1364, Train Loss: 0.4068, Val Loss: 0.3398, Val Acc: 0.9871
Precision: 0.9960, Recall: 0.9865, F1-Score: 0.9906
Fold 1, Epoch 1365, Train Loss: 0.4014, Val Loss: 0.3543, Val Acc: 0.9847
Precision: 0.9962, Recall: 0.9904, F1-Score: 0.9928
Fold 1, Epoch 1366, Train Loss: 0.4156, Val Loss: 0.3326, Val Acc: 0.9886
Precision: 0.9961, Recall: 0.9891, F1-Score: 0.9920
Fold 1, Epoch 1367, Train Loss: 0.4239, Val Loss: 0.3266, Val Acc: 0.9879
Precision: 0.9959, Recall: 0.9790, F1-Score: 0.9868
Fold 1, Epoch 1368, Train Loss: 0.4116, Val Loss: 0.3579, Val Acc: 0.9806
Precision: 0.9961, Recall: 0.9881, F1-Score: 0.9916
Fold 1, Epoch 1369, Train Loss: 0.3972, Val Loss: 0.3374, Val Acc: 0.9861

--- Epoch 1370 ---
--- Epoch 1370 ---
--- Epoch 1370 ---



--- Epoch 1370 ---
Class Weights: [2.1182575e-05 5.6127068e-02 5.6127068e-02 5.9477936e-02 5.6928884e-02
 5.3851645e-02 5.3851645e-02 4.9812771e-02 5.9477936e-02 5.6127068e-02
 6.1308030e-02 5.1753532e-02 5.3851645e-02 6.0379118e-02 5.6928884e-02
 4.9197800e-02 5.4589339e-02 5.2434497e-02 5.7753939e-02]Class Weights: [2.1182575e-05 5.6127068e-02 5.6127068e-02 5.9477936e-02 5.6928884e-02
 5.3851645e-02 5.3851645e-02 4.9812771e-02 5.9477936e-02 5.6127068e-02
 6.1308030e-02 5.1753532e-02 5.3851645e-02 6.0379118e-02 5.6928884e-02
 4.9197800e-02 5.4589339e-02 5.2434497e-02 5.7753939e-02]Class Weights: [2.1182575e-05 5.6127068e-02 5.6127068e-02 5.9477936e-02 5.6928884e-02
 5.3851645e-02 5.3851645e-02 4.9812771e-02 5.9477936e-02 5.6127068e-02
 6.1308030e-02 5.1753532e-02 5.3851645e-02 6.0379118e-02 5.6928884e-02
 4.9197800e-02 5.4589339e-02 5.2434497e-02 5.7753939e-02]
Class Weights: [2.1182575e-05 5.6127068e-02 5.6127068e-02 5.9477936e-02 5.6928884e-02
 5.3851645e-02 5.3851645e-02 4.9812771e-02 5.9477936e-02 5.6127068e-02
 6.1308030e-02 5.1753532e-02 5.3851645e-02 6.0379118e-02 5.6928884e-02
 4.9197800e-02 5.4589339e-02 5.2434497e-02 5.7753939e-02]


Learning Rate: 0.0005Learning Rate: 0.0005Learning Rate: 0.0005

Learning Rate: 0.0005

Train Loss: 0.3813, Val Loss: 0.3453
Train Loss: 0.3813, Val Loss: 0.3453Train Loss: 0.3813, Val Loss: 0.3453Train Loss: 0.3813, Val Loss: 0.3453


Per-Class Precision: [1.         0.6993007  0.83146067 0.53068592 0.31153846 0.77669903
 0.27564103 0.22641509 0.51111111 0.14455446 0.1880651  0.16723549
 0.15918367 0.67836257 0.5257732  0.58778626 0.43575419 0.6302521
 0.62184874]
Per-Class Recall: [0.99172986 1.         0.98666667 0.98       0.81       0.8
 0.86       0.64       0.69       0.97333333 0.832      0.32666667
 0.624      0.66285714 0.68       0.77       0.89142857 1.
 0.98666667]
Per-Class F1-Score: [0.99584776 0.82304527 0.90243902 0.68852459 0.45       0.78817734
 0.41747573 0.33449477 0.58723404 0.25172414 0.30678466 0.22121896
 0.25365854 0.67052023 0.59302326 0.66666667 0.58536585 0.77319588
 0.7628866 ]
Support per Class: [293949    100    150    150    100    100    100     75    100     75
    125    150    125    175     75    100    175     75     75]
Weighted Precision: 0.9964, Weighted Recall: 0.9904, Weighted F1-Score: 0.9929
Precision: 0.9964, Recall: 0.9904, F1-Score: 0.9929
Fold 1, Epoch 1370, Train Loss: 0.3813, Val Loss: 0.3453, Val Acc: 0.9891
Precision: 0.9960, Recall: 0.9833, F1-Score: 0.9891
Fold 1, Epoch 1371, Train Loss: 0.3935, Val Loss: 0.3463, Val Acc: 0.9812
Precision: 0.9959, Recall: 0.9858, F1-Score: 0.9901
Fold 1, Epoch 1372, Train Loss: 0.4055, Val Loss: 0.3331, Val Acc: 0.9858
Precision: 0.9961, Recall: 0.9894, F1-Score: 0.9922
Fold 1, Epoch 1373, Train Loss: 0.3860, Val Loss: 0.3280, Val Acc: 0.9883
Precision: 0.9963, Recall: 0.9903, F1-Score: 0.9928
Fold 1, Epoch 1374, Train Loss: 0.3894, Val Loss: 0.3302, Val Acc: 0.9887
Precision: 0.9961, Recall: 0.9877, F1-Score: 0.9913
Fold 1, Epoch 1375, Train Loss: 0.3855, Val Loss: 0.3232, Val Acc: 0.9863
Precision: 0.9962, Recall: 0.9899, F1-Score: 0.9925
Fold 1, Epoch 1376, Train Loss: 0.3957, Val Loss: 0.3401, Val Acc: 0.9885
Precision: 0.9961, Recall: 0.9857, F1-Score: 0.9903
Fold 1, Epoch 1377, Train Loss: 0.3929, Val Loss: 0.3438, Val Acc: 0.9836
Precision: 0.9961, Recall: 0.9884, F1-Score: 0.9917
Fold 1, Epoch 1378, Train Loss: 0.4191, Val Loss: 0.3467, Val Acc: 0.9874
Precision: 0.9960, Recall: 0.9876, F1-Score: 0.9913
Fold 1, Epoch 1379, Train Loss: 0.4016, Val Loss: 0.3641, Val Acc: 0.9861

--- Epoch 1380 ---
--- Epoch 1380 ---
--- Epoch 1380 ---



--- Epoch 1380 ---
Class Weights: [2.1182575e-05 5.6127068e-02 5.6127068e-02 5.9477936e-02 5.6928884e-02
 5.3851645e-02 5.3851645e-02 4.9812771e-02 5.9477936e-02 5.6127068e-02
 6.1308030e-02 5.1753532e-02 5.3851645e-02 6.0379118e-02 5.6928884e-02
 4.9197800e-02 5.4589339e-02 5.2434497e-02 5.7753939e-02]Class Weights: [2.1182575e-05 5.6127068e-02 5.6127068e-02 5.9477936e-02 5.6928884e-02
 5.3851645e-02 5.3851645e-02 4.9812771e-02 5.9477936e-02 5.6127068e-02
 6.1308030e-02 5.1753532e-02 5.3851645e-02 6.0379118e-02 5.6928884e-02
 4.9197800e-02 5.4589339e-02 5.2434497e-02 5.7753939e-02]Class Weights: [2.1182575e-05 5.6127068e-02 5.6127068e-02 5.9477936e-02 5.6928884e-02
 5.3851645e-02 5.3851645e-02 4.9812771e-02 5.9477936e-02 5.6127068e-02
 6.1308030e-02 5.1753532e-02 5.3851645e-02 6.0379118e-02 5.6928884e-02
 4.9197800e-02 5.4589339e-02 5.2434497e-02 5.7753939e-02]

Class Weights: [2.1182575e-05 5.6127068e-02 5.6127068e-02 5.9477936e-02 5.6928884e-02
 5.3851645e-02 5.3851645e-02 4.9812771e-02 5.9477936e-02 5.6127068e-02
 6.1308030e-02 5.1753532e-02 5.3851645e-02 6.0379118e-02 5.6928884e-02
 4.9197800e-02 5.4589339e-02 5.2434497e-02 5.7753939e-02]
Learning Rate: 0.0005Learning Rate: 0.0005

Learning Rate: 0.0005
Learning Rate: 0.0005

Train Loss: 0.4076, Val Loss: 0.3490
Train Loss: 0.4076, Val Loss: 0.3490Train Loss: 0.4076, Val Loss: 0.3490Train Loss: 0.4076, Val Loss: 0.3490


Per-Class Precision: [1.         0.39525692 0.78494624 0.48684211 0.19602273 0.72268908
 0.46341463 0.22580645 0.33488372 0.15065502 0.25833333 0.23360656
 0.20833333 0.35971223 0.23451327 0.47976879 0.47249191 0.4601227
 0.47770701]
Per-Class Recall: [0.99166522 1.         0.97333333 0.98666667 0.69       0.86
 0.57       0.74666667 0.72       0.92       0.744      0.38
 0.28       0.85714286 0.70666667 0.83       0.83428571 1.
 1.        ]
Per-Class F1-Score: [0.99581517 0.56657224 0.86904762 0.65198238 0.30530973 0.78538813
 0.51121076 0.34674923 0.45714286 0.25891182 0.38350515 0.2893401
 0.23890785 0.50675676 0.35215947 0.60805861 0.60330579 0.6302521
 0.64655172]
Support per Class: [293949    100    150    150    100    100    100     75    100     75
    125    150    125    175     75    100    175     75     75]
Weighted Precision: 0.9959, Weighted Recall: 0.9902, Weighted F1-Score: 0.9925
Precision: 0.9959, Recall: 0.9902, F1-Score: 0.9925
Fold 1, Epoch 1380, Train Loss: 0.4076, Val Loss: 0.3490, Val Acc: 0.9890
Precision: 0.9960, Recall: 0.9867, F1-Score: 0.9907
Fold 1, Epoch 1381, Train Loss: 0.4093, Val Loss: 0.3284, Val Acc: 0.9846
Precision: 0.9961, Recall: 0.9903, F1-Score: 0.9927
Fold 1, Epoch 1382, Train Loss: 0.4072, Val Loss: 0.3335, Val Acc: 0.9890
Precision: 0.9959, Recall: 0.9826, F1-Score: 0.9885
Fold 1, Epoch 1383, Train Loss: 0.3883, Val Loss: 0.3416, Val Acc: 0.9821
Precision: 0.9962, Recall: 0.9901, F1-Score: 0.9926
Fold 1, Epoch 1384, Train Loss: 0.3956, Val Loss: 0.3337, Val Acc: 0.9885
Precision: 0.9959, Recall: 0.9893, F1-Score: 0.9921
Fold 1, Epoch 1385, Train Loss: 0.3875, Val Loss: 0.3574, Val Acc: 0.9881
Precision: 0.9961, Recall: 0.9881, F1-Score: 0.9915
Fold 1, Epoch 1386, Train Loss: 0.3843, Val Loss: 0.3356, Val Acc: 0.9861
Precision: 0.9960, Recall: 0.9871, F1-Score: 0.9909
Fold 1, Epoch 1387, Train Loss: 0.3975, Val Loss: 0.3361, Val Acc: 0.9856
Precision: 0.9961, Recall: 0.9888, F1-Score: 0.9919
Fold 1, Epoch 1388, Train Loss: 0.3872, Val Loss: 0.3336, Val Acc: 0.9868
Precision: 0.9962, Recall: 0.9905, F1-Score: 0.9928
Fold 1, Epoch 1389, Train Loss: 0.4006, Val Loss: 0.3280, Val Acc: 0.9892

--- Epoch 1390 ---
--- Epoch 1390 ---
--- Epoch 1390 ---



--- Epoch 1390 ---
Class Weights: [2.1182575e-05 5.6127068e-02 5.6127068e-02 5.9477936e-02 5.6928884e-02
 5.3851645e-02 5.3851645e-02 4.9812771e-02 5.9477936e-02 5.6127068e-02
 6.1308030e-02 5.1753532e-02 5.3851645e-02 6.0379118e-02 5.6928884e-02
 4.9197800e-02 5.4589339e-02 5.2434497e-02 5.7753939e-02]Class Weights: [2.1182575e-05 5.6127068e-02 5.6127068e-02 5.9477936e-02 5.6928884e-02
 5.3851645e-02 5.3851645e-02 4.9812771e-02 5.9477936e-02 5.6127068e-02
 6.1308030e-02 5.1753532e-02 5.3851645e-02 6.0379118e-02 5.6928884e-02
 4.9197800e-02 5.4589339e-02 5.2434497e-02 5.7753939e-02]Class Weights: [2.1182575e-05 5.6127068e-02 5.6127068e-02 5.9477936e-02 5.6928884e-02
 5.3851645e-02 5.3851645e-02 4.9812771e-02 5.9477936e-02 5.6127068e-02
 6.1308030e-02 5.1753532e-02 5.3851645e-02 6.0379118e-02 5.6928884e-02
 4.9197800e-02 5.4589339e-02 5.2434497e-02 5.7753939e-02]


Class Weights: [2.1182575e-05 5.6127068e-02 5.6127068e-02 5.9477936e-02 5.6928884e-02
 5.3851645e-02 5.3851645e-02 4.9812771e-02 5.9477936e-02 5.6127068e-02
 6.1308030e-02 5.1753532e-02 5.3851645e-02 6.0379118e-02 5.6928884e-02
 4.9197800e-02 5.4589339e-02 5.2434497e-02 5.7753939e-02]Learning Rate: 0.0005Learning Rate: 0.0005Learning Rate: 0.0005



Learning Rate: 0.0005
Train Loss: 0.4076, Val Loss: 0.3372
Train Loss: 0.4076, Val Loss: 0.3372Train Loss: 0.4076, Val Loss: 0.3372
Train Loss: 0.4076, Val Loss: 0.3372

Per-Class Precision: [1.         0.09025271 0.78723404 0.58823529 0.23655914 0.64233577
 0.28054299 0.08702065 0.37117904 0.03433269 0.25257732 0.17888563
 0.13962264 0.75247525 0.34532374 0.4742268  0.49134948 0.44378698
 0.54347826]
Per-Class Recall: [0.98139473 1.         0.98666667 0.8        0.88       0.88
 0.62       0.78666667 0.85       0.94666667 0.784      0.40666667
 0.592      0.43428571 0.64       0.92       0.81142857 1.
 1.        ]
Per-Class F1-Score: [0.99061001 0.16556291 0.87573964 0.6779661  0.37288136 0.74261603
 0.38629283 0.15670651 0.51671733 0.06626225 0.38206628 0.24847251
 0.2259542  0.55072464 0.44859813 0.62585034 0.61206897 0.6147541
 0.70422535]
Support per Class: [293949    100    150    150    100    100    100     75    100     75
    125    150    125    175     75    100    175     75     75]
Weighted Precision: 0.9959, Weighted Recall: 0.9800, Weighted F1-Score: 0.9871
Precision: 0.9959, Recall: 0.9800, F1-Score: 0.9871
Fold 1, Epoch 1390, Train Loss: 0.4076, Val Loss: 0.3372, Val Acc: 0.9788
Precision: 0.9963, Recall: 0.9907, F1-Score: 0.9930
Fold 1, Epoch 1391, Train Loss: 0.3795, Val Loss: 0.3431, Val Acc: 0.9895
Precision: 0.9959, Recall: 0.9699, F1-Score: 0.9820
Fold 1, Epoch 1392, Train Loss: 0.3854, Val Loss: 0.3224, Val Acc: 0.9724
Precision: 0.9962, Recall: 0.9904, F1-Score: 0.9928
Fold 1, Epoch 1393, Train Loss: 0.3932, Val Loss: 0.3167, Val Acc: 0.9893
Precision: 0.9963, Recall: 0.9884, F1-Score: 0.9918
Fold 1, Epoch 1394, Train Loss: 0.3846, Val Loss: 0.3238, Val Acc: 0.9870
Precision: 0.9961, Recall: 0.9895, F1-Score: 0.9923
Fold 1, Epoch 1395, Train Loss: 0.4014, Val Loss: 0.3422, Val Acc: 0.9877
Precision: 0.9962, Recall: 0.9882, F1-Score: 0.9916
Fold 1, Epoch 1396, Train Loss: 0.4053, Val Loss: 0.3319, Val Acc: 0.9865
Precision: 0.9961, Recall: 0.9900, F1-Score: 0.9925
Fold 1, Epoch 1397, Train Loss: 0.4078, Val Loss: 0.3318, Val Acc: 0.9886
Precision: 0.9959, Recall: 0.9875, F1-Score: 0.9911
Fold 1, Epoch 1398, Train Loss: 0.3956, Val Loss: 0.3280, Val Acc: 0.9858
Precision: 0.9961, Recall: 0.9904, F1-Score: 0.9927
Fold 1, Epoch 1399, Train Loss: 0.3890, Val Loss: 0.3435, Val Acc: 0.9888

--- Epoch 1400 ---
--- Epoch 1400 ---
--- Epoch 1400 ---



--- Epoch 1400 ---
Class Weights: [2.1182575e-05 5.6127068e-02 5.6127068e-02 5.9477936e-02 5.6928884e-02
 5.3851645e-02 5.3851645e-02 4.9812771e-02 5.9477936e-02 5.6127068e-02
 6.1308030e-02 5.1753532e-02 5.3851645e-02 6.0379118e-02 5.6928884e-02
 4.9197800e-02 5.4589339e-02 5.2434497e-02 5.7753939e-02]Class Weights: [2.1182575e-05 5.6127068e-02 5.6127068e-02 5.9477936e-02 5.6928884e-02
 5.3851645e-02 5.3851645e-02 4.9812771e-02 5.9477936e-02 5.6127068e-02
 6.1308030e-02 5.1753532e-02 5.3851645e-02 6.0379118e-02 5.6928884e-02
 4.9197800e-02 5.4589339e-02 5.2434497e-02 5.7753939e-02]Class Weights: [2.1182575e-05 5.6127068e-02 5.6127068e-02 5.9477936e-02 5.6928884e-02
 5.3851645e-02 5.3851645e-02 4.9812771e-02 5.9477936e-02 5.6127068e-02
 6.1308030e-02 5.1753532e-02 5.3851645e-02 6.0379118e-02 5.6928884e-02
 4.9197800e-02 5.4589339e-02 5.2434497e-02 5.7753939e-02]
Class Weights: [2.1182575e-05 5.6127068e-02 5.6127068e-02 5.9477936e-02 5.6928884e-02
 5.3851645e-02 5.3851645e-02 4.9812771e-02 5.9477936e-02 5.6127068e-02
 6.1308030e-02 5.1753532e-02 5.3851645e-02 6.0379118e-02 5.6928884e-02
 4.9197800e-02 5.4589339e-02 5.2434497e-02 5.7753939e-02]
Learning Rate: 0.0005


Learning Rate: 0.0005Learning Rate: 0.0005Learning Rate: 0.0005


Train Loss: 0.4147, Val Loss: 0.3796
Train Loss: 0.4147, Val Loss: 0.3796Train Loss: 0.4147, Val Loss: 0.3796Train Loss: 0.4147, Val Loss: 0.3796


Per-Class Precision: [1.         0.61349693 0.87134503 0.69178082 0.28623188 0.60992908
 0.17891374 0.12592593 0.33905579 0.14460285 0.22745902 0.17021277
 0.06868132 0.48076923 0.30188679 0.46153846 0.50583658 0.57692308
 0.6302521 ]
Per-Class Recall: [0.99105627 1.         0.99333333 0.67333333 0.79       0.86
 0.56       0.45333333 0.79       0.94666667 0.888      0.32
 0.4        0.28571429 0.85333333 0.6        0.74285714 1.
 1.        ]
Per-Class F1-Score: [0.99550805 0.76045627 0.92834891 0.68243243 0.42021277 0.71369295
 0.27118644 0.19710145 0.47447447 0.25088339 0.36215334 0.22222222
 0.11723329 0.35842294 0.44599303 0.52173913 0.60185185 0.73170732
 0.77319588]
Support per Class: [293949    100    150    150    100    100    100     75    100     75
    125    150    125    175     75    100    175     75     75]
Weighted Precision: 0.9960, Weighted Recall: 0.9891, Weighted F1-Score: 0.9921
Precision: 0.9960, Recall: 0.9891, F1-Score: 0.9921
Fold 1, Epoch 1400, Train Loss: 0.4147, Val Loss: 0.3796, Val Acc: 0.9880
Precision: 0.9958, Recall: 0.9783, F1-Score: 0.9862
Fold 1, Epoch 1401, Train Loss: 0.4129, Val Loss: 0.3692, Val Acc: 0.9794
Precision: 0.9961, Recall: 0.9870, F1-Score: 0.9910
Fold 1, Epoch 1402, Train Loss: 0.4238, Val Loss: 0.3407, Val Acc: 0.9847
Precision: 0.9960, Recall: 0.9888, F1-Score: 0.9919
Fold 1, Epoch 1403, Train Loss: 0.4224, Val Loss: 0.3481, Val Acc: 0.9871
Precision: 0.9963, Recall: 0.9900, F1-Score: 0.9926
Fold 1, Epoch 1404, Train Loss: 0.4087, Val Loss: 0.3387, Val Acc: 0.9885
Precision: 0.9961, Recall: 0.9857, F1-Score: 0.9902
Fold 1, Epoch 1405, Train Loss: 0.3977, Val Loss: 0.3394, Val Acc: 0.9850
Precision: 0.9961, Recall: 0.9892, F1-Score: 0.9922
Fold 1, Epoch 1406, Train Loss: 0.3969, Val Loss: 0.3409, Val Acc: 0.9880
Precision: 0.9960, Recall: 0.9872, F1-Score: 0.9910
Fold 1, Epoch 1407, Train Loss: 0.3819, Val Loss: 0.3437, Val Acc: 0.9855
Precision: 0.9961, Recall: 0.9874, F1-Score: 0.9911
Fold 1, Epoch 1408, Train Loss: 0.3875, Val Loss: 0.3313, Val Acc: 0.9866
Precision: 0.9963, Recall: 0.9885, F1-Score: 0.9917
Fold 1, Epoch 1409, Train Loss: 0.3888, Val Loss: 0.3442, Val Acc: 0.9873

--- Epoch 1410 ---
--- Epoch 1410 ---
--- Epoch 1410 ---



--- Epoch 1410 ---
Class Weights: [2.1182575e-05 5.6127068e-02 5.6127068e-02 5.9477936e-02 5.6928884e-02
 5.3851645e-02 5.3851645e-02 4.9812771e-02 5.9477936e-02 5.6127068e-02
 6.1308030e-02 5.1753532e-02 5.3851645e-02 6.0379118e-02 5.6928884e-02
 4.9197800e-02 5.4589339e-02 5.2434497e-02 5.7753939e-02]Class Weights: [2.1182575e-05 5.6127068e-02 5.6127068e-02 5.9477936e-02 5.6928884e-02
 5.3851645e-02 5.3851645e-02 4.9812771e-02 5.9477936e-02 5.6127068e-02
 6.1308030e-02 5.1753532e-02 5.3851645e-02 6.0379118e-02 5.6928884e-02
 4.9197800e-02 5.4589339e-02 5.2434497e-02 5.7753939e-02]Class Weights: [2.1182575e-05 5.6127068e-02 5.6127068e-02 5.9477936e-02 5.6928884e-02
 5.3851645e-02 5.3851645e-02 4.9812771e-02 5.9477936e-02 5.6127068e-02
 6.1308030e-02 5.1753532e-02 5.3851645e-02 6.0379118e-02 5.6928884e-02
 4.9197800e-02 5.4589339e-02 5.2434497e-02 5.7753939e-02]


Learning Rate: 0.0005Learning Rate: 0.0005Learning Rate: 0.0005


Train Loss: 0.4101, Val Loss: 0.3257Train Loss: 0.4101, Val Loss: 0.3257
Train Loss: 0.4101, Val Loss: 0.3257

Class Weights: [2.1182575e-05 5.6127068e-02 5.6127068e-02 5.9477936e-02 5.6928884e-02
 5.3851645e-02 5.3851645e-02 4.9812771e-02 5.9477936e-02 5.6127068e-02
 6.1308030e-02 5.1753532e-02 5.3851645e-02 6.0379118e-02 5.6928884e-02
 4.9197800e-02 5.4589339e-02 5.2434497e-02 5.7753939e-02]
Learning Rate: 0.0005
Train Loss: 0.4101, Val Loss: 0.3257
Per-Class Precision: [1.         0.70921986 0.86705202 0.71282051 0.33632287 0.53459119
 0.17673378 0.22535211 0.24378109 0.15196078 0.2        0.17260274
 0.09200438 0.69135802 0.4351145  0.50617284 0.47923323 0.73267327
 0.6097561 ]
Per-Class Recall: [0.98968869 1.         1.         0.92666667 0.75       0.85
 0.79       0.64       0.98       0.82666667 0.68       0.42
 0.672      0.64       0.76       0.82       0.85714286 0.98666667
 1.        ]
Per-Class F1-Score: [0.99481763 0.82987552 0.92879257 0.8057971  0.46439628 0.65637066
 0.28884826 0.33333333 0.39043825 0.25672878 0.30909091 0.24466019
 0.16184971 0.66468843 0.55339806 0.6259542  0.6147541  0.84090909
 0.75757576]
Support per Class: [293949    100    150    150    100    100    100     75    100     75
    125    150    125    175     75    100    175     75     75]
Weighted Precision: 0.9963, Weighted Recall: 0.9884, Weighted F1-Score: 0.9918
Precision: 0.9963, Recall: 0.9884, F1-Score: 0.9918
Fold 1, Epoch 1410, Train Loss: 0.4101, Val Loss: 0.3257, Val Acc: 0.9872
Precision: 0.9962, Recall: 0.9904, F1-Score: 0.9928
Fold 1, Epoch 1411, Train Loss: 0.4075, Val Loss: 0.3382, Val Acc: 0.9891
Precision: 0.9960, Recall: 0.9869, F1-Score: 0.9908
Fold 1, Epoch 1412, Train Loss: 0.4343, Val Loss: 0.3404, Val Acc: 0.9848
Precision: 0.9960, Recall: 0.9900, F1-Score: 0.9925
Fold 1, Epoch 1413, Train Loss: 0.4004, Val Loss: 0.3428, Val Acc: 0.9888
Precision: 0.9961, Recall: 0.9893, F1-Score: 0.9922
Fold 1, Epoch 1414, Train Loss: 0.3887, Val Loss: 0.3258, Val Acc: 0.9876
Precision: 0.9962, Recall: 0.9905, F1-Score: 0.9929
Fold 1, Epoch 1415, Train Loss: 0.3792, Val Loss: 0.3243, Val Acc: 0.9892
Precision: 0.9960, Recall: 0.9884, F1-Score: 0.9917
Fold 1, Epoch 1416, Train Loss: 0.4015, Val Loss: 0.3254, Val Acc: 0.9865
Precision: 0.9963, Recall: 0.9907, F1-Score: 0.9930
Fold 1, Epoch 1417, Train Loss: 0.3973, Val Loss: 0.3280, Val Acc: 0.9894
Precision: 0.9961, Recall: 0.9890, F1-Score: 0.9920
Fold 1, Epoch 1418, Train Loss: 0.3978, Val Loss: 0.3247, Val Acc: 0.9874
Precision: 0.9962, Recall: 0.9902, F1-Score: 0.9927
Fold 1, Epoch 1419, Train Loss: 0.3723, Val Loss: 0.3403, Val Acc: 0.9888

--- Epoch 1420 ---
--- Epoch 1420 ---
--- Epoch 1420 ---



--- Epoch 1420 ---
Class Weights: [2.1182575e-05 5.6127068e-02 5.6127068e-02 5.9477936e-02 5.6928884e-02
 5.3851645e-02 5.3851645e-02 4.9812771e-02 5.9477936e-02 5.6127068e-02
 6.1308030e-02 5.1753532e-02 5.3851645e-02 6.0379118e-02 5.6928884e-02
 4.9197800e-02 5.4589339e-02 5.2434497e-02 5.7753939e-02]
Class Weights: [2.1182575e-05 5.6127068e-02 5.6127068e-02 5.9477936e-02 5.6928884e-02
 5.3851645e-02 5.3851645e-02 4.9812771e-02 5.9477936e-02 5.6127068e-02
 6.1308030e-02 5.1753532e-02 5.3851645e-02 6.0379118e-02 5.6928884e-02
 4.9197800e-02 5.4589339e-02 5.2434497e-02 5.7753939e-02]Class Weights: [2.1182575e-05 5.6127068e-02 5.6127068e-02 5.9477936e-02 5.6928884e-02
 5.3851645e-02 5.3851645e-02 4.9812771e-02 5.9477936e-02 5.6127068e-02
 6.1308030e-02 5.1753532e-02 5.3851645e-02 6.0379118e-02 5.6928884e-02
 4.9197800e-02 5.4589339e-02 5.2434497e-02 5.7753939e-02]
Learning Rate: 0.0005
Class Weights: [2.1182575e-05 5.6127068e-02 5.6127068e-02 5.9477936e-02 5.6928884e-02
 5.3851645e-02 5.3851645e-02 4.9812771e-02 5.9477936e-02 5.6127068e-02
 6.1308030e-02 5.1753532e-02 5.3851645e-02 6.0379118e-02 5.6928884e-02
 4.9197800e-02 5.4589339e-02 5.2434497e-02 5.7753939e-02]
Learning Rate: 0.0005Learning Rate: 0.0005


Learning Rate: 0.0005
Train Loss: 0.3838, Val Loss: 0.3415
Train Loss: 0.3838, Val Loss: 0.3415
Train Loss: 0.3838, Val Loss: 0.3415Train Loss: 0.3838, Val Loss: 0.3415

Per-Class Precision: [1.         0.4587156  0.83333333 0.61576355 0.27009646 0.58333333
 0.1878453  0.08823529 0.54676259 0.07443366 0.25576037 0.21940928
 0.15205725 0.65957447 0.32820513 0.56034483 0.49491525 0.54744526
 0.57251908]
Per-Class Recall: [0.98864089 1.         1.         0.83333333 0.84       0.84
 0.34       0.96       0.76       0.92       0.888      0.34666667
 0.68       0.53142857 0.85333333 0.65       0.83428571 1.
 1.        ]
Per-Class F1-Score: [0.994288   0.62893082 0.90909091 0.7082153  0.40875912 0.68852459
 0.24199288 0.16161616 0.63598326 0.13772455 0.39713775 0.26873385
 0.24853801 0.58860759 0.47407407 0.60185185 0.6212766  0.70754717
 0.72815534]
Support per Class: [293949    100    150    150    100    100    100     75    100     75
    125    150    125    175     75    100    175     75     75]
Weighted Precision: 0.9961, Weighted Recall: 0.9871, Weighted F1-Score: 0.9911
Precision: 0.9961, Recall: 0.9871, F1-Score: 0.9911
Fold 1, Epoch 1420, Train Loss: 0.3838, Val Loss: 0.3415, Val Acc: 0.9852
Precision: 0.9962, Recall: 0.9896, F1-Score: 0.9924
Fold 1, Epoch 1421, Train Loss: 0.3968, Val Loss: 0.3424, Val Acc: 0.9882
Precision: 0.9962, Recall: 0.9897, F1-Score: 0.9924
Fold 1, Epoch 1422, Train Loss: 0.3814, Val Loss: 0.3239, Val Acc: 0.9880
Precision: 0.9961, Recall: 0.9889, F1-Score: 0.9920
Fold 1, Epoch 1423, Train Loss: 0.3954, Val Loss: 0.3349, Val Acc: 0.9874
Precision: 0.9961, Recall: 0.9815, F1-Score: 0.9881
Fold 1, Epoch 1424, Train Loss: 0.3762, Val Loss: 0.3186, Val Acc: 0.9806
Precision: 0.9962, Recall: 0.9895, F1-Score: 0.9923
Fold 1, Epoch 1425, Train Loss: 0.3917, Val Loss: 0.3279, Val Acc: 0.9885
Precision: 0.9959, Recall: 0.9752, F1-Score: 0.9847
Fold 1, Epoch 1426, Train Loss: 0.3876, Val Loss: 0.3417, Val Acc: 0.9781
Precision: 0.9960, Recall: 0.9901, F1-Score: 0.9925
Fold 1, Epoch 1427, Train Loss: 0.3845, Val Loss: 0.3312, Val Acc: 0.9886
Precision: 0.9961, Recall: 0.9882, F1-Score: 0.9916
Fold 1, Epoch 1428, Train Loss: 0.3943, Val Loss: 0.3253, Val Acc: 0.9865
Precision: 0.9959, Recall: 0.9737, F1-Score: 0.9840
Fold 1, Epoch 1429, Train Loss: 0.3764, Val Loss: 0.3542, Val Acc: 0.9759

--- Epoch 1430 ---
--- Epoch 1430 ---
--- Epoch 1430 ---



--- Epoch 1430 ---
Class Weights: [2.1182575e-05 5.6127068e-02 5.6127068e-02 5.9477936e-02 5.6928884e-02
 5.3851645e-02 5.3851645e-02 4.9812771e-02 5.9477936e-02 5.6127068e-02
 6.1308030e-02 5.1753532e-02 5.3851645e-02 6.0379118e-02 5.6928884e-02
 4.9197800e-02 5.4589339e-02 5.2434497e-02 5.7753939e-02]Class Weights: [2.1182575e-05 5.6127068e-02 5.6127068e-02 5.9477936e-02 5.6928884e-02
 5.3851645e-02 5.3851645e-02 4.9812771e-02 5.9477936e-02 5.6127068e-02
 6.1308030e-02 5.1753532e-02 5.3851645e-02 6.0379118e-02 5.6928884e-02
 4.9197800e-02 5.4589339e-02 5.2434497e-02 5.7753939e-02]Class Weights: [2.1182575e-05 5.6127068e-02 5.6127068e-02 5.9477936e-02 5.6928884e-02
 5.3851645e-02 5.3851645e-02 4.9812771e-02 5.9477936e-02 5.6127068e-02
 6.1308030e-02 5.1753532e-02 5.3851645e-02 6.0379118e-02 5.6928884e-02
 4.9197800e-02 5.4589339e-02 5.2434497e-02 5.7753939e-02]


Class Weights: [2.1182575e-05 5.6127068e-02 5.6127068e-02 5.9477936e-02 5.6928884e-02
 5.3851645e-02 5.3851645e-02 4.9812771e-02 5.9477936e-02 5.6127068e-02
 6.1308030e-02 5.1753532e-02 5.3851645e-02 6.0379118e-02 5.6928884e-02
 4.9197800e-02 5.4589339e-02 5.2434497e-02 5.7753939e-02]Learning Rate: 0.0005Learning Rate: 0.0005Learning Rate: 0.0005



Learning Rate: 0.0005
Train Loss: 0.3918, Val Loss: 0.3429
Train Loss: 0.3918, Val Loss: 0.3429Train Loss: 0.3918, Val Loss: 0.3429Train Loss: 0.3918, Val Loss: 0.3429


Per-Class Precision: [1.         0.64102564 0.85714286 0.67777778 0.26470588 0.6641791
 0.22033898 0.14482759 0.52380952 0.05385735 0.16869301 0.17492711
 0.12933025 0.57711443 0.36111111 0.50344828 0.47222222 0.65217391
 0.68181818]
Per-Class Recall: [0.98773937 1.         1.         0.81333333 0.9        0.89
 0.52       0.84       0.66       0.98666667 0.888      0.4
 0.448      0.66285714 0.86666667 0.73       0.77714286 1.
 1.        ]
Per-Class F1-Score: [0.99383187 0.78125    0.92307692 0.73939394 0.40909091 0.76068376
 0.30952381 0.24705882 0.5840708  0.10213941 0.2835249  0.24340771
 0.20071685 0.61702128 0.50980392 0.59591837 0.587473   0.78947368
 0.81081081]
Support per Class: [293949    100    150    150    100    100    100     75    100     75
    125    150    125    175     75    100    175     75     75]
Weighted Precision: 0.9962, Weighted Recall: 0.9863, Weighted F1-Score: 0.9907
Precision: 0.9962, Recall: 0.9863, F1-Score: 0.9907
Fold 1, Epoch 1430, Train Loss: 0.3918, Val Loss: 0.3429, Val Acc: 0.9842
Precision: 0.9961, Recall: 0.9891, F1-Score: 0.9920
Fold 1, Epoch 1431, Train Loss: 0.3902, Val Loss: 0.3217, Val Acc: 0.9881
Precision: 0.9961, Recall: 0.9878, F1-Score: 0.9914
Fold 1, Epoch 1432, Train Loss: 0.3948, Val Loss: 0.3328, Val Acc: 0.9870
Precision: 0.9961, Recall: 0.9894, F1-Score: 0.9923
Fold 1, Epoch 1433, Train Loss: 0.3950, Val Loss: 0.3487, Val Acc: 0.9882
Precision: 0.9962, Recall: 0.9886, F1-Score: 0.9918
Fold 1, Epoch 1434, Train Loss: 0.3910, Val Loss: 0.3332, Val Acc: 0.9875
Precision: 0.9961, Recall: 0.9885, F1-Score: 0.9917
Fold 1, Epoch 1435, Train Loss: 0.4014, Val Loss: 0.3299, Val Acc: 0.9872
Precision: 0.9961, Recall: 0.9860, F1-Score: 0.9903
Fold 1, Epoch 1436, Train Loss: 0.3960, Val Loss: 0.3318, Val Acc: 0.9850
Precision: 0.9962, Recall: 0.9896, F1-Score: 0.9923
Fold 1, Epoch 1437, Train Loss: 0.4022, Val Loss: 0.3288, Val Acc: 0.9879
Precision: 0.9961, Recall: 0.9895, F1-Score: 0.9923
Fold 1, Epoch 1438, Train Loss: 0.3773, Val Loss: 0.3291, Val Acc: 0.9883
Precision: 0.9963, Recall: 0.9900, F1-Score: 0.9926
Fold 1, Epoch 1439, Train Loss: 0.3665, Val Loss: 0.3213, Val Acc: 0.9888

--- Epoch 1440 ---
--- Epoch 1440 ---
--- Epoch 1440 ---



--- Epoch 1440 ---
Class Weights: [2.1182575e-05 5.6127068e-02 5.6127068e-02 5.9477936e-02 5.6928884e-02
 5.3851645e-02 5.3851645e-02 4.9812771e-02 5.9477936e-02 5.6127068e-02
 6.1308030e-02 5.1753532e-02 5.3851645e-02 6.0379118e-02 5.6928884e-02
 4.9197800e-02 5.4589339e-02 5.2434497e-02 5.7753939e-02]Class Weights: [2.1182575e-05 5.6127068e-02 5.6127068e-02 5.9477936e-02 5.6928884e-02
 5.3851645e-02 5.3851645e-02 4.9812771e-02 5.9477936e-02 5.6127068e-02
 6.1308030e-02 5.1753532e-02 5.3851645e-02 6.0379118e-02 5.6928884e-02
 4.9197800e-02 5.4589339e-02 5.2434497e-02 5.7753939e-02]Class Weights: [2.1182575e-05 5.6127068e-02 5.6127068e-02 5.9477936e-02 5.6928884e-02
 5.3851645e-02 5.3851645e-02 4.9812771e-02 5.9477936e-02 5.6127068e-02
 6.1308030e-02 5.1753532e-02 5.3851645e-02 6.0379118e-02 5.6928884e-02
 4.9197800e-02 5.4589339e-02 5.2434497e-02 5.7753939e-02]


Class Weights: [2.1182575e-05 5.6127068e-02 5.6127068e-02 5.9477936e-02 5.6928884e-02
 5.3851645e-02 5.3851645e-02 4.9812771e-02 5.9477936e-02 5.6127068e-02
 6.1308030e-02 5.1753532e-02 5.3851645e-02 6.0379118e-02 5.6928884e-02
 4.9197800e-02 5.4589339e-02 5.2434497e-02 5.7753939e-02]Learning Rate: 0.0005Learning Rate: 0.0005Learning Rate: 0.0005



Learning Rate: 0.0005
Train Loss: 0.3751, Val Loss: 0.3373Train Loss: 0.3751, Val Loss: 0.3373
Train Loss: 0.3751, Val Loss: 0.3373Train Loss: 0.3751, Val Loss: 0.3373


Per-Class Precision: [1.         0.43478261 0.84745763 0.70909091 0.22043011 0.56493506
 0.28632479 0.19148936 0.41752577 0.115      0.25574713 0.22815534
 0.15364583 0.725      0.26506024 0.59433962 0.47839506 0.6
 0.56818182]
Per-Class Recall: [0.9905834  1.         1.         0.78       0.82       0.87
 0.67       0.84       0.81       0.92       0.712      0.31333333
 0.944      0.33142857 0.88       0.63       0.88571429 1.
 1.        ]
Per-Class F1-Score: [0.99526943 0.60606061 0.91743119 0.74285714 0.34745763 0.68503937
 0.4011976  0.31188119 0.55102041 0.20444444 0.37632135 0.26404494
 0.26427772 0.45490196 0.40740741 0.61165049 0.62124248 0.75
 0.72463768]
Support per Class: [293949    100    150    150    100    100    100     75    100     75
    125    150    125    175     75    100    175     75     75]
Weighted Precision: 0.9962, Weighted Recall: 0.9891, Weighted F1-Score: 0.9920
Precision: 0.9962, Recall: 0.9891, F1-Score: 0.9920
Fold 1, Epoch 1440, Train Loss: 0.3751, Val Loss: 0.3373, Val Acc: 0.9880
Precision: 0.9963, Recall: 0.9896, F1-Score: 0.9924
Fold 1, Epoch 1441, Train Loss: 0.3943, Val Loss: 0.3267, Val Acc: 0.9881
Precision: 0.9960, Recall: 0.9873, F1-Score: 0.9911
Fold 1, Epoch 1442, Train Loss: 0.3885, Val Loss: 0.3272, Val Acc: 0.9853
Precision: 0.9961, Recall: 0.9896, F1-Score: 0.9923
Fold 1, Epoch 1443, Train Loss: 0.4041, Val Loss: 0.3202, Val Acc: 0.9880
Precision: 0.9961, Recall: 0.9888, F1-Score: 0.9919
Fold 1, Epoch 1444, Train Loss: 0.3911, Val Loss: 0.3294, Val Acc: 0.9877
Precision: 0.9962, Recall: 0.9870, F1-Score: 0.9911
Fold 1, Epoch 1445, Train Loss: 0.3811, Val Loss: 0.3342, Val Acc: 0.9847
Precision: 0.9963, Recall: 0.9908, F1-Score: 0.9931
Fold 1, Epoch 1446, Train Loss: 0.3961, Val Loss: 0.3295, Val Acc: 0.9897
Precision: 0.9960, Recall: 0.9878, F1-Score: 0.9913
Fold 1, Epoch 1447, Train Loss: 0.3906, Val Loss: 0.3402, Val Acc: 0.9862
Precision: 0.9961, Recall: 0.9874, F1-Score: 0.9912
Fold 1, Epoch 1448, Train Loss: 0.3985, Val Loss: 0.3498, Val Acc: 0.9862
Precision: 0.9961, Recall: 0.9872, F1-Score: 0.9911
Fold 1, Epoch 1449, Train Loss: 0.4072, Val Loss: 0.3313, Val Acc: 0.9867

--- Epoch 1450 ---
--- Epoch 1450 ---
--- Epoch 1450 ---



--- Epoch 1450 ---
Class Weights: [2.1182575e-05 5.6127068e-02 5.6127068e-02 5.9477936e-02 5.6928884e-02
 5.3851645e-02 5.3851645e-02 4.9812771e-02 5.9477936e-02 5.6127068e-02
 6.1308030e-02 5.1753532e-02 5.3851645e-02 6.0379118e-02 5.6928884e-02
 4.9197800e-02 5.4589339e-02 5.2434497e-02 5.7753939e-02]Class Weights: [2.1182575e-05 5.6127068e-02 5.6127068e-02 5.9477936e-02 5.6928884e-02
 5.3851645e-02 5.3851645e-02 4.9812771e-02 5.9477936e-02 5.6127068e-02
 6.1308030e-02 5.1753532e-02 5.3851645e-02 6.0379118e-02 5.6928884e-02
 4.9197800e-02 5.4589339e-02 5.2434497e-02 5.7753939e-02]Class Weights: [2.1182575e-05 5.6127068e-02 5.6127068e-02 5.9477936e-02 5.6928884e-02
 5.3851645e-02 5.3851645e-02 4.9812771e-02 5.9477936e-02 5.6127068e-02
 6.1308030e-02 5.1753532e-02 5.3851645e-02 6.0379118e-02 5.6928884e-02
 4.9197800e-02 5.4589339e-02 5.2434497e-02 5.7753939e-02]


Class Weights: [2.1182575e-05 5.6127068e-02 5.6127068e-02 5.9477936e-02 5.6928884e-02
 5.3851645e-02 5.3851645e-02 4.9812771e-02 5.9477936e-02 5.6127068e-02
 6.1308030e-02 5.1753532e-02 5.3851645e-02 6.0379118e-02 5.6928884e-02
 4.9197800e-02 5.4589339e-02 5.2434497e-02 5.7753939e-02]Learning Rate: 0.0005Learning Rate: 0.0005Learning Rate: 0.0005



Learning Rate: 0.0005
Train Loss: 0.4050, Val Loss: 0.3282Train Loss: 0.4050, Val Loss: 0.3282Train Loss: 0.4050, Val Loss: 0.3282

Train Loss: 0.4050, Val Loss: 0.3282

Per-Class Precision: [1.         0.58479532 0.86206897 0.75675676 0.26126126 0.5862069
 0.2248062  0.21186441 0.40721649 0.08578431 0.21126761 0.17771084
 0.21370968 0.4664311  0.42335766 0.48979592 0.55294118 0.52816901
 0.65486726]
Per-Class Recall: [0.9905766  1.         1.         0.93333333 0.87       0.85
 0.87       0.66666667 0.79       0.93333333 0.84       0.39333333
 0.424      0.75428571 0.77333333 0.72       0.80571429 1.
 0.98666667]
Per-Class F1-Score: [0.99526599 0.73800738 0.92592593 0.8358209  0.40184758 0.69387755
 0.35728953 0.32154341 0.53741497 0.15712682 0.33762058 0.24481328
 0.28418231 0.57641921 0.54716981 0.58299595 0.65581395 0.69124424
 0.78723404]
Support per Class: [293949    100    150    150    100    100    100     75    100     75
    125    150    125    175     75    100    175     75     75]
Weighted Precision: 0.9962, Weighted Recall: 0.9893, Weighted F1-Score: 0.9922
Precision: 0.9962, Recall: 0.9893, F1-Score: 0.9922
Fold 1, Epoch 1450, Train Loss: 0.4050, Val Loss: 0.3282, Val Acc: 0.9874
Precision: 0.9961, Recall: 0.9901, F1-Score: 0.9926
Fold 1, Epoch 1451, Train Loss: 0.4151, Val Loss: 0.3558, Val Acc: 0.9891
Precision: 0.9962, Recall: 0.9852, F1-Score: 0.9901
Fold 1, Epoch 1452, Train Loss: 0.4210, Val Loss: 0.3399, Val Acc: 0.9829
Precision: 0.9961, Recall: 0.9903, F1-Score: 0.9927
Fold 1, Epoch 1453, Train Loss: 0.4141, Val Loss: 0.3359, Val Acc: 0.9892
Precision: 0.9960, Recall: 0.9891, F1-Score: 0.9920
Fold 1, Epoch 1454, Train Loss: 0.3823, Val Loss: 0.3415, Val Acc: 0.9877
Precision: 0.9959, Recall: 0.9797, F1-Score: 0.9871
Fold 1, Epoch 1455, Train Loss: 0.3554, Val Loss: 0.3298, Val Acc: 0.9811
Precision: 0.9963, Recall: 0.9889, F1-Score: 0.9921
Fold 1, Epoch 1456, Train Loss: 0.3935, Val Loss: 0.3388, Val Acc: 0.9872
Precision: 0.9962, Recall: 0.9886, F1-Score: 0.9919
Fold 1, Epoch 1457, Train Loss: 0.4084, Val Loss: 0.3322, Val Acc: 0.9869
Precision: 0.9961, Recall: 0.9896, F1-Score: 0.9923
Fold 1, Epoch 1458, Train Loss: 0.3984, Val Loss: 0.3473, Val Acc: 0.9888
Precision: 0.9960, Recall: 0.9868, F1-Score: 0.9907
Fold 1, Epoch 1459, Train Loss: 0.4077, Val Loss: 0.3269, Val Acc: 0.9852

--- Epoch 1460 ---
--- Epoch 1460 ---
--- Epoch 1460 ---



--- Epoch 1460 ---
Class Weights: [2.1182575e-05 5.6127068e-02 5.6127068e-02 5.9477936e-02 5.6928884e-02
 5.3851645e-02 5.3851645e-02 4.9812771e-02 5.9477936e-02 5.6127068e-02
 6.1308030e-02 5.1753532e-02 5.3851645e-02 6.0379118e-02 5.6928884e-02
 4.9197800e-02 5.4589339e-02 5.2434497e-02 5.7753939e-02]Class Weights: [2.1182575e-05 5.6127068e-02 5.6127068e-02 5.9477936e-02 5.6928884e-02
 5.3851645e-02 5.3851645e-02 4.9812771e-02 5.9477936e-02 5.6127068e-02
 6.1308030e-02 5.1753532e-02 5.3851645e-02 6.0379118e-02 5.6928884e-02
 4.9197800e-02 5.4589339e-02 5.2434497e-02 5.7753939e-02]Class Weights: [2.1182575e-05 5.6127068e-02 5.6127068e-02 5.9477936e-02 5.6928884e-02
 5.3851645e-02 5.3851645e-02 4.9812771e-02 5.9477936e-02 5.6127068e-02
 6.1308030e-02 5.1753532e-02 5.3851645e-02 6.0379118e-02 5.6928884e-02
 4.9197800e-02 5.4589339e-02 5.2434497e-02 5.7753939e-02]
Class Weights: [2.1182575e-05 5.6127068e-02 5.6127068e-02 5.9477936e-02 5.6928884e-02
 5.3851645e-02 5.3851645e-02 4.9812771e-02 5.9477936e-02 5.6127068e-02
 6.1308030e-02 5.1753532e-02 5.3851645e-02 6.0379118e-02 5.6928884e-02
 4.9197800e-02 5.4589339e-02 5.2434497e-02 5.7753939e-02]


Learning Rate: 0.0005Learning Rate: 0.0005Learning Rate: 0.0005
Learning Rate: 0.0005


Train Loss: 0.3869, Val Loss: 0.3381
Train Loss: 0.3869, Val Loss: 0.3381Train Loss: 0.3869, Val Loss: 0.3381Train Loss: 0.3869, Val Loss: 0.3381


Per-Class Precision: [1.         0.6993007  0.82320442 0.6069869  0.29032258 0.52439024
 0.35294118 0.17520216 0.43428571 0.17989418 0.2539267  0.23170732
 0.17942584 0.45847176 0.36090226 0.50920245 0.44615385 0.61157025
 0.66363636]
Per-Class Recall: [0.99224015 1.         0.99333333 0.92666667 0.81       0.86
 0.66       0.86666667 0.76       0.90666667 0.776      0.38
 0.6        0.78857143 0.64       0.83       0.82857143 0.98666667
 0.97333333]
Per-Class F1-Score: [0.99610496 0.82304527 0.90030211 0.73350923 0.42744063 0.65151515
 0.45993031 0.29147982 0.55272727 0.30022075 0.382643   0.28787879
 0.27624309 0.57983193 0.46153846 0.63117871 0.58       0.75510204
 0.78918919]
Support per Class: [293949    100    150    150    100    100    100     75    100     75
    125    150    125    175     75    100    175     75     75]
Weighted Precision: 0.9962, Weighted Recall: 0.9909, Weighted F1-Score: 0.9931
Precision: 0.9962, Recall: 0.9909, F1-Score: 0.9931
Fold 1, Epoch 1460, Train Loss: 0.3869, Val Loss: 0.3381, Val Acc: 0.9895
Precision: 0.9962, Recall: 0.9872, F1-Score: 0.9911
Fold 1, Epoch 1461, Train Loss: 0.3785, Val Loss: 0.3188, Val Acc: 0.9853
Precision: 0.9961, Recall: 0.9899, F1-Score: 0.9925
Fold 1, Epoch 1462, Train Loss: 0.3975, Val Loss: 0.3311, Val Acc: 0.9882
Precision: 0.9959, Recall: 0.9897, F1-Score: 0.9923
Fold 1, Epoch 1463, Train Loss: 0.3961, Val Loss: 0.3506, Val Acc: 0.9885
Precision: 0.9960, Recall: 0.9855, F1-Score: 0.9901
Fold 1, Epoch 1464, Train Loss: 0.3919, Val Loss: 0.3225, Val Acc: 0.9834
Precision: 0.9962, Recall: 0.9905, F1-Score: 0.9928
Fold 1, Epoch 1465, Train Loss: 0.3880, Val Loss: 0.3229, Val Acc: 0.9893
Precision: 0.9960, Recall: 0.9856, F1-Score: 0.9902
Fold 1, Epoch 1466, Train Loss: 0.3708, Val Loss: 0.3481, Val Acc: 0.9836
Precision: 0.9960, Recall: 0.9899, F1-Score: 0.9925
Fold 1, Epoch 1467, Train Loss: 0.3984, Val Loss: 0.3399, Val Acc: 0.9883
Precision: 0.9964, Recall: 0.9888, F1-Score: 0.9920
Fold 1, Epoch 1468, Train Loss: 0.3956, Val Loss: 0.3402, Val Acc: 0.9876
Precision: 0.9962, Recall: 0.9904, F1-Score: 0.9928
Fold 1, Epoch 1469, Train Loss: 0.4188, Val Loss: 0.3246, Val Acc: 0.9893

--- Epoch 1470 ---
--- Epoch 1470 ---
--- Epoch 1470 ---



--- Epoch 1470 ---
Class Weights: [2.1182575e-05 5.6127068e-02 5.6127068e-02 5.9477936e-02 5.6928884e-02
 5.3851645e-02 5.3851645e-02 4.9812771e-02 5.9477936e-02 5.6127068e-02
 6.1308030e-02 5.1753532e-02 5.3851645e-02 6.0379118e-02 5.6928884e-02
 4.9197800e-02 5.4589339e-02 5.2434497e-02 5.7753939e-02]Class Weights: [2.1182575e-05 5.6127068e-02 5.6127068e-02 5.9477936e-02 5.6928884e-02
 5.3851645e-02 5.3851645e-02 4.9812771e-02 5.9477936e-02 5.6127068e-02
 6.1308030e-02 5.1753532e-02 5.3851645e-02 6.0379118e-02 5.6928884e-02
 4.9197800e-02 5.4589339e-02 5.2434497e-02 5.7753939e-02]Class Weights: [2.1182575e-05 5.6127068e-02 5.6127068e-02 5.9477936e-02 5.6928884e-02
 5.3851645e-02 5.3851645e-02 4.9812771e-02 5.9477936e-02 5.6127068e-02
 6.1308030e-02 5.1753532e-02 5.3851645e-02 6.0379118e-02 5.6928884e-02
 4.9197800e-02 5.4589339e-02 5.2434497e-02 5.7753939e-02]


Class Weights: [2.1182575e-05 5.6127068e-02 5.6127068e-02 5.9477936e-02 5.6928884e-02
 5.3851645e-02 5.3851645e-02 4.9812771e-02 5.9477936e-02 5.6127068e-02
 6.1308030e-02 5.1753532e-02 5.3851645e-02 6.0379118e-02 5.6928884e-02
 4.9197800e-02 5.4589339e-02 5.2434497e-02 5.7753939e-02]Learning Rate: 0.0005Learning Rate: 0.0005Learning Rate: 0.0005



Learning Rate: 0.0005
Train Loss: 0.3945, Val Loss: 0.3533
Train Loss: 0.3945, Val Loss: 0.3533Train Loss: 0.3945, Val Loss: 0.3533
Train Loss: 0.3945, Val Loss: 0.3533

Per-Class Precision: [1.         0.68493151 0.86144578 0.55938697 0.25490196 0.57894737
 0.30120482 0.21402214 0.44680851 0.05289492 0.14473684 0.14471545
 0.06844106 0.70760234 0.21034483 0.43814433 0.54751131 0.42774566
 0.6097561 ]
Per-Class Recall: [0.98784823 1.         0.95333333 0.97333333 0.78       0.88
 0.75       0.77333333 0.63       0.98666667 0.528      0.59333333
 0.144      0.69142857 0.81333333 0.85       0.69142857 0.98666667
 1.        ]
Per-Class F1-Score: [0.99388697 0.81300813 0.90506329 0.71046229 0.38423645 0.6984127
 0.42979943 0.33526012 0.52282158 0.10040706 0.22719449 0.23267974
 0.09278351 0.69942197 0.33424658 0.57823129 0.61111111 0.59677419
 0.75757576]
Support per Class: [293949    100    150    150    100    100    100     75    100     75
    125    150    125    175     75    100    175     75     75]
Weighted Precision: 0.9961, Weighted Recall: 0.9863, Weighted F1-Score: 0.9906
Precision: 0.9961, Recall: 0.9863, F1-Score: 0.9906
Fold 1, Epoch 1470, Train Loss: 0.3945, Val Loss: 0.3533, Val Acc: 0.9842
Precision: 0.9961, Recall: 0.9896, F1-Score: 0.9923
Fold 1, Epoch 1471, Train Loss: 0.4061, Val Loss: 0.3343, Val Acc: 0.9880
Precision: 0.9962, Recall: 0.9897, F1-Score: 0.9924
Fold 1, Epoch 1472, Train Loss: 0.3906, Val Loss: 0.3341, Val Acc: 0.9881
Precision: 0.9961, Recall: 0.9896, F1-Score: 0.9924
Fold 1, Epoch 1473, Train Loss: 0.3993, Val Loss: 0.3237, Val Acc: 0.9884
Precision: 0.9961, Recall: 0.9880, F1-Score: 0.9916
Fold 1, Epoch 1474, Train Loss: 0.3896, Val Loss: 0.3376, Val Acc: 0.9861
Precision: 0.9962, Recall: 0.9903, F1-Score: 0.9927
Fold 1, Epoch 1475, Train Loss: 0.3921, Val Loss: 0.3278, Val Acc: 0.9888
Precision: 0.9961, Recall: 0.9884, F1-Score: 0.9917
Fold 1, Epoch 1476, Train Loss: 0.3823, Val Loss: 0.3193, Val Acc: 0.9868
Precision: 0.9962, Recall: 0.9896, F1-Score: 0.9924
Fold 1, Epoch 1477, Train Loss: 0.3994, Val Loss: 0.3197, Val Acc: 0.9883
Precision: 0.9961, Recall: 0.9890, F1-Score: 0.9920
Fold 1, Epoch 1478, Train Loss: 0.4118, Val Loss: 0.3463, Val Acc: 0.9876
Precision: 0.9963, Recall: 0.9897, F1-Score: 0.9925
Fold 1, Epoch 1479, Train Loss: 0.4046, Val Loss: 0.3420, Val Acc: 0.9886

--- Epoch 1480 ---
--- Epoch 1480 ---
--- Epoch 1480 ---



--- Epoch 1480 ---
Class Weights: [2.1182575e-05 5.6127068e-02 5.6127068e-02 5.9477936e-02 5.6928884e-02
 5.3851645e-02 5.3851645e-02 4.9812771e-02 5.9477936e-02 5.6127068e-02
 6.1308030e-02 5.1753532e-02 5.3851645e-02 6.0379118e-02 5.6928884e-02
 4.9197800e-02 5.4589339e-02 5.2434497e-02 5.7753939e-02]Class Weights: [2.1182575e-05 5.6127068e-02 5.6127068e-02 5.9477936e-02 5.6928884e-02
 5.3851645e-02 5.3851645e-02 4.9812771e-02 5.9477936e-02 5.6127068e-02
 6.1308030e-02 5.1753532e-02 5.3851645e-02 6.0379118e-02 5.6928884e-02
 4.9197800e-02 5.4589339e-02 5.2434497e-02 5.7753939e-02]Class Weights: [2.1182575e-05 5.6127068e-02 5.6127068e-02 5.9477936e-02 5.6928884e-02
 5.3851645e-02 5.3851645e-02 4.9812771e-02 5.9477936e-02 5.6127068e-02
 6.1308030e-02 5.1753532e-02 5.3851645e-02 6.0379118e-02 5.6928884e-02
 4.9197800e-02 5.4589339e-02 5.2434497e-02 5.7753939e-02]


Learning Rate: 0.0005Class Weights: [2.1182575e-05 5.6127068e-02 5.6127068e-02 5.9477936e-02 5.6928884e-02
 5.3851645e-02 5.3851645e-02 4.9812771e-02 5.9477936e-02 5.6127068e-02
 6.1308030e-02 5.1753532e-02 5.3851645e-02 6.0379118e-02 5.6928884e-02
 4.9197800e-02 5.4589339e-02 5.2434497e-02 5.7753939e-02]Learning Rate: 0.0005Learning Rate: 0.0005



Learning Rate: 0.0005
Train Loss: 0.4520, Val Loss: 0.3602Train Loss: 0.4520, Val Loss: 0.3602
Train Loss: 0.4520, Val Loss: 0.3602

Train Loss: 0.4520, Val Loss: 0.3602
Per-Class Precision: [1.         0.01509206 0.83908046 0.62037037 0.19679634 0.52564103
 0.22972973 0.03444181 0.31954887 0.00611436 0.25536993 0.26126126
 0.2097561  0.75       0.4        0.46031746 0.54736842 0.60483871
 0.43859649]
Per-Class Recall: [0.92734454 1.         0.97333333 0.89333333 0.86       0.82
 0.34       0.77333333 0.85       0.94666667 0.856      0.38666667
 0.688      0.46285714 0.72       0.87       0.89142857 1.
 1.        ]
Per-Class F1-Score: [0.96230282 0.02973536 0.90123457 0.73224044 0.32029795 0.640625
 0.27419355 0.06594656 0.46448087 0.01215025 0.39338235 0.31182796
 0.32149533 0.57243816 0.51428571 0.60207612 0.67826087 0.75376884
 0.6097561 ]
Support per Class: [293949    100    150    150    100    100    100     75    100     75
    125    150    125    175     75    100    175     75     75]
Weighted Precision: 0.9960, Weighted Recall: 0.9263, Weighted F1-Score: 0.9590
Precision: 0.9960, Recall: 0.9263, F1-Score: 0.9590
Fold 1, Epoch 1480, Train Loss: 0.4520, Val Loss: 0.3602, Val Acc: 0.9348
Precision: 0.9961, Recall: 0.9859, F1-Score: 0.9905
Fold 1, Epoch 1481, Train Loss: 0.5070, Val Loss: 0.8469, Val Acc: 0.9864
Precision: 0.9955, Recall: 0.9787, F1-Score: 0.9861
Fold 1, Epoch 1482, Train Loss: 0.6927, Val Loss: 0.9650, Val Acc: 0.9804
Precision: 0.9957, Recall: 0.9876, F1-Score: 0.9911
Fold 1, Epoch 1483, Train Loss: 1.1693, Val Loss: 0.5802, Val Acc: 0.9871
Precision: 0.9952, Recall: 0.9836, F1-Score: 0.9886
Fold 1, Epoch 1484, Train Loss: 1.0662, Val Loss: 1.0345, Val Acc: 0.9830
Precision: 0.9953, Recall: 0.9866, F1-Score: 0.9905
Fold 1, Epoch 1485, Train Loss: 0.9499, Val Loss: 0.9130, Val Acc: 0.9858
Precision: 0.9956, Recall: 0.9795, F1-Score: 0.9869
Fold 1, Epoch 1486, Train Loss: 0.8040, Val Loss: 0.6093, Val Acc: 0.9797
Precision: 0.9959, Recall: 0.9867, F1-Score: 0.9907
Fold 1, Epoch 1487, Train Loss: 0.6708, Val Loss: 0.4802, Val Acc: 0.9856
Precision: 0.9961, Recall: 0.9886, F1-Score: 0.9919
Fold 1, Epoch 1488, Train Loss: 0.5773, Val Loss: 0.4403, Val Acc: 0.9875
Precision: 0.9959, Recall: 0.9879, F1-Score: 0.9912
Fold 1, Epoch 1489, Train Loss: 0.5089, Val Loss: 0.4429, Val Acc: 0.9865

--- Epoch 1490 ---
--- Epoch 1490 ---
--- Epoch 1490 ---



--- Epoch 1490 ---
Class Weights: [2.1182575e-05 5.6127068e-02 5.6127068e-02 5.9477936e-02 5.6928884e-02
 5.3851645e-02 5.3851645e-02 4.9812771e-02 5.9477936e-02 5.6127068e-02
 6.1308030e-02 5.1753532e-02 5.3851645e-02 6.0379118e-02 5.6928884e-02
 4.9197800e-02 5.4589339e-02 5.2434497e-02 5.7753939e-02]Class Weights: [2.1182575e-05 5.6127068e-02 5.6127068e-02 5.9477936e-02 5.6928884e-02
 5.3851645e-02 5.3851645e-02 4.9812771e-02 5.9477936e-02 5.6127068e-02
 6.1308030e-02 5.1753532e-02 5.3851645e-02 6.0379118e-02 5.6928884e-02
 4.9197800e-02 5.4589339e-02 5.2434497e-02 5.7753939e-02]
Class Weights: [2.1182575e-05 5.6127068e-02 5.6127068e-02 5.9477936e-02 5.6928884e-02
 5.3851645e-02 5.3851645e-02 4.9812771e-02 5.9477936e-02 5.6127068e-02
 6.1308030e-02 5.1753532e-02 5.3851645e-02 6.0379118e-02 5.6928884e-02
 4.9197800e-02 5.4589339e-02 5.2434497e-02 5.7753939e-02]

Learning Rate: 0.0005
Learning Rate: 0.0005Learning Rate: 0.0005

Class Weights: [2.1182575e-05 5.6127068e-02 5.6127068e-02 5.9477936e-02 5.6928884e-02
 5.3851645e-02 5.3851645e-02 4.9812771e-02 5.9477936e-02 5.6127068e-02
 6.1308030e-02 5.1753532e-02 5.3851645e-02 6.0379118e-02 5.6928884e-02
 4.9197800e-02 5.4589339e-02 5.2434497e-02 5.7753939e-02]
Learning Rate: 0.0005
Train Loss: 0.4716, Val Loss: 0.3739
Train Loss: 0.4716, Val Loss: 0.3739Train Loss: 0.4716, Val Loss: 0.3739

Train Loss: 0.4716, Val Loss: 0.3739
Per-Class Precision: [1.         0.61349693 0.84269663 0.71657754 0.34883721 0.51829268
 0.1625     0.12215321 0.40223464 0.09148265 0.07753797 0.19160105
 0.13913043 0.61375661 0.41025641 0.50675676 0.48598131 0.82954545
 0.6147541 ]
Per-Class Recall: [0.98729371 1.         1.         0.89333333 0.75       0.85
 0.78       0.78666667 0.72       0.77333333 0.776      0.48666667
 0.512      0.66285714 0.64       0.75       0.89142857 0.97333333
 1.        ]
Per-Class F1-Score: [0.99360624 0.76045627 0.91463415 0.79525223 0.47619048 0.64393939
 0.26896552 0.21146953 0.51612903 0.16361072 0.14098837 0.27495292
 0.21880342 0.63736264 0.5        0.60483871 0.62903226 0.89570552
 0.76142132]
Support per Class: [293949    100    150    150    100    100    100     75    100     75
    125    150    125    175     75    100    175     75     75]
Weighted Precision: 0.9962, Weighted Recall: 0.9859, Weighted F1-Score: 0.9905
Precision: 0.9962, Recall: 0.9859, F1-Score: 0.9905
Fold 1, Epoch 1490, Train Loss: 0.4716, Val Loss: 0.3739, Val Acc: 0.9853
Precision: 0.9962, Recall: 0.9904, F1-Score: 0.9928
Fold 1, Epoch 1491, Train Loss: 0.4543, Val Loss: 0.3646, Val Acc: 0.9892
Precision: 0.9961, Recall: 0.9883, F1-Score: 0.9916
Fold 1, Epoch 1492, Train Loss: 0.4457, Val Loss: 0.3870, Val Acc: 0.9871
Precision: 0.9962, Recall: 0.9859, F1-Score: 0.9904
Fold 1, Epoch 1493, Train Loss: 0.4252, Val Loss: 0.3659, Val Acc: 0.9857
Precision: 0.9962, Recall: 0.9902, F1-Score: 0.9927
Fold 1, Epoch 1494, Train Loss: 0.4246, Val Loss: 0.3587, Val Acc: 0.9886
Precision: 0.9959, Recall: 0.9833, F1-Score: 0.9890
Fold 1, Epoch 1495, Train Loss: 0.4186, Val Loss: 0.3615, Val Acc: 0.9817
Precision: 0.9962, Recall: 0.9900, F1-Score: 0.9926
Fold 1, Epoch 1496, Train Loss: 0.4210, Val Loss: 0.3494, Val Acc: 0.9888
Precision: 0.9962, Recall: 0.9883, F1-Score: 0.9917
Fold 1, Epoch 1497, Train Loss: 0.4108, Val Loss: 0.3502, Val Acc: 0.9866
Precision: 0.9963, Recall: 0.9886, F1-Score: 0.9919
Fold 1, Epoch 1498, Train Loss: 0.4089, Val Loss: 0.3398, Val Acc: 0.9874
Precision: 0.9959, Recall: 0.9863, F1-Score: 0.9904
Fold 1, Epoch 1499, Train Loss: 0.3903, Val Loss: 0.3388, Val Acc: 0.9851

--- Epoch 1500 ---
--- Epoch 1500 ---


--- Epoch 1500 ---
--- Epoch 1500 ---

Class Weights: [2.1182575e-05 5.6127068e-02 5.6127068e-02 5.9477936e-02 5.6928884e-02
 5.3851645e-02 5.3851645e-02 4.9812771e-02 5.9477936e-02 5.6127068e-02
 6.1308030e-02 5.1753532e-02 5.3851645e-02 6.0379118e-02 5.6928884e-02
 4.9197800e-02 5.4589339e-02 5.2434497e-02 5.7753939e-02]Class Weights: [2.1182575e-05 5.6127068e-02 5.6127068e-02 5.9477936e-02 5.6928884e-02
 5.3851645e-02 5.3851645e-02 4.9812771e-02 5.9477936e-02 5.6127068e-02
 6.1308030e-02 5.1753532e-02 5.3851645e-02 6.0379118e-02 5.6928884e-02
 4.9197800e-02 5.4589339e-02 5.2434497e-02 5.7753939e-02]

Learning Rate: 0.0005Learning Rate: 0.0005

Class Weights: [2.1182575e-05 5.6127068e-02 5.6127068e-02 5.9477936e-02 5.6928884e-02
 5.3851645e-02 5.3851645e-02 4.9812771e-02 5.9477936e-02 5.6127068e-02
 6.1308030e-02 5.1753532e-02 5.3851645e-02 6.0379118e-02 5.6928884e-02
 4.9197800e-02 5.4589339e-02 5.2434497e-02 5.7753939e-02]Class Weights: [2.1182575e-05 5.6127068e-02 5.6127068e-02 5.9477936e-02 5.6928884e-02
 5.3851645e-02 5.3851645e-02 4.9812771e-02 5.9477936e-02 5.6127068e-02
 6.1308030e-02 5.1753532e-02 5.3851645e-02 6.0379118e-02 5.6928884e-02
 4.9197800e-02 5.4589339e-02 5.2434497e-02 5.7753939e-02]

Learning Rate: 0.0005Learning Rate: 0.0005

Train Loss: 0.4126, Val Loss: 0.3353Train Loss: 0.4126, Val Loss: 0.3353

Train Loss: 0.4126, Val Loss: 0.3353Train Loss: 0.4126, Val Loss: 0.3353

Per-Class Precision: [1.         0.5952381  0.81967213 0.7540107  0.32931727 0.56953642
 0.2437276  0.22510823 0.32575758 0.1364486  0.26229508 0.24822695
 0.17472119 0.53584906 0.2398374  0.4566474  0.51405622 0.54744526
 0.56818182]
Per-Class Recall: [0.99203603 1.         1.         0.94       0.82       0.86
 0.68       0.69333333 0.86       0.97333333 0.768      0.46666667
 0.376      0.81142857 0.78666667 0.79       0.73142857 1.
 1.        ]
Per-Class F1-Score: [0.9960021  0.74626866 0.9009009  0.83679525 0.46991404 0.68525896
 0.35883905 0.33986928 0.47252747 0.23934426 0.3910387  0.32407407
 0.23857868 0.64545455 0.36760125 0.57875458 0.60377358 0.70754717
 0.72463768]
Support per Class: [293949    100    150    150    100    100    100     75    100     75
    125    150    125    175     75    100    175     75     75]
Weighted Precision: 0.9962, Weighted Recall: 0.9907, Weighted F1-Score: 0.9930
Precision: 0.9962, Recall: 0.9907, F1-Score: 0.9930
Fold 1, Epoch 1500, Train Loss: 0.4126, Val Loss: 0.3353, Val Acc: 0.9894
Precision: 0.9961, Recall: 0.9885, F1-Score: 0.9918
Fold 1, Epoch 1501, Train Loss: 0.3881, Val Loss: 0.3355, Val Acc: 0.9869
Precision: 0.9962, Recall: 0.9877, F1-Score: 0.9914
Fold 1, Epoch 1502, Train Loss: 0.3905, Val Loss: 0.3374, Val Acc: 0.9858
Precision: 0.9963, Recall: 0.9897, F1-Score: 0.9925
Fold 1, Epoch 1503, Train Loss: 0.3705, Val Loss: 0.3258, Val Acc: 0.9886
Precision: 0.9963, Recall: 0.9895, F1-Score: 0.9923
Fold 1, Epoch 1504, Train Loss: 0.3927, Val Loss: 0.3099, Val Acc: 0.9882
Precision: 0.9962, Recall: 0.9892, F1-Score: 0.9921
Fold 1, Epoch 1505, Train Loss: 0.3687, Val Loss: 0.3258, Val Acc: 0.9874
Precision: 0.9962, Recall: 0.9849, F1-Score: 0.9899
Fold 1, Epoch 1506, Train Loss: 0.4054, Val Loss: 0.3238, Val Acc: 0.9844
Precision: 0.9965, Recall: 0.9910, F1-Score: 0.9933
Fold 1, Epoch 1507, Train Loss: 0.3722, Val Loss: 0.3460, Val Acc: 0.9902
Precision: 0.9960, Recall: 0.9842, F1-Score: 0.9895
Fold 1, Epoch 1508, Train Loss: 0.3847, Val Loss: 0.3358, Val Acc: 0.9822
Precision: 0.9961, Recall: 0.9888, F1-Score: 0.9919
Fold 1, Epoch 1509, Train Loss: 0.4095, Val Loss: 0.3246, Val Acc: 0.9872

--- Epoch 1510 ---
--- Epoch 1510 ---
--- Epoch 1510 ---



--- Epoch 1510 ---
Class Weights: [2.1182575e-05 5.6127068e-02 5.6127068e-02 5.9477936e-02 5.6928884e-02
 5.3851645e-02 5.3851645e-02 4.9812771e-02 5.9477936e-02 5.6127068e-02
 6.1308030e-02 5.1753532e-02 5.3851645e-02 6.0379118e-02 5.6928884e-02
 4.9197800e-02 5.4589339e-02 5.2434497e-02 5.7753939e-02]Class Weights: [2.1182575e-05 5.6127068e-02 5.6127068e-02 5.9477936e-02 5.6928884e-02
 5.3851645e-02 5.3851645e-02 4.9812771e-02 5.9477936e-02 5.6127068e-02
 6.1308030e-02 5.1753532e-02 5.3851645e-02 6.0379118e-02 5.6928884e-02
 4.9197800e-02 5.4589339e-02 5.2434497e-02 5.7753939e-02]Class Weights: [2.1182575e-05 5.6127068e-02 5.6127068e-02 5.9477936e-02 5.6928884e-02
 5.3851645e-02 5.3851645e-02 4.9812771e-02 5.9477936e-02 5.6127068e-02
 6.1308030e-02 5.1753532e-02 5.3851645e-02 6.0379118e-02 5.6928884e-02
 4.9197800e-02 5.4589339e-02 5.2434497e-02 5.7753939e-02]


Class Weights: [2.1182575e-05 5.6127068e-02 5.6127068e-02 5.9477936e-02 5.6928884e-02
 5.3851645e-02 5.3851645e-02 4.9812771e-02 5.9477936e-02 5.6127068e-02
 6.1308030e-02 5.1753532e-02 5.3851645e-02 6.0379118e-02 5.6928884e-02
 4.9197800e-02 5.4589339e-02 5.2434497e-02 5.7753939e-02]Learning Rate: 0.0005Learning Rate: 0.0005Learning Rate: 0.0005



Learning Rate: 0.0005
Train Loss: 0.3811, Val Loss: 0.3226Train Loss: 0.3811, Val Loss: 0.3226
Train Loss: 0.3811, Val Loss: 0.3226
Train Loss: 0.3811, Val Loss: 0.3226

Per-Class Precision: [1.         0.56497175 0.81521739 0.64757709 0.17808219 0.76576577
 0.25263158 0.09491525 0.35245902 0.12072072 0.11328125 0.23383085
 0.14699793 0.51082251 0.32183908 0.53676471 0.51567944 0.54744526
 0.6302521 ]
Per-Class Recall: [0.98790266 1.         1.         0.98       0.91       0.85
 0.48       0.74666667 0.86       0.89333333 0.928      0.31333333
 0.568      0.67428571 0.74666667 0.73       0.84571429 1.
 1.        ]
Per-Class F1-Score: [0.99391452 0.72202166 0.89820359 0.77984085 0.29787234 0.8056872
 0.33103448 0.16842105 0.5        0.21269841 0.20191471 0.26780627
 0.23355263 0.58128079 0.4497992  0.61864407 0.64069264 0.70754717
 0.77319588]
Support per Class: [293949    100    150    150    100    100    100     75    100     75
    125    150    125    175     75    100    175     75     75]
Weighted Precision: 0.9961, Weighted Recall: 0.9866, Weighted F1-Score: 0.9907
Precision: 0.9961, Recall: 0.9866, F1-Score: 0.9907
Fold 1, Epoch 1510, Train Loss: 0.3811, Val Loss: 0.3226, Val Acc: 0.9852
Precision: 0.9961, Recall: 0.9886, F1-Score: 0.9918
Fold 1, Epoch 1511, Train Loss: 0.4059, Val Loss: 0.3193, Val Acc: 0.9873
Precision: 0.9962, Recall: 0.9894, F1-Score: 0.9923
Fold 1, Epoch 1512, Train Loss: 0.3736, Val Loss: 0.3300, Val Acc: 0.9880
Precision: 0.9962, Recall: 0.9898, F1-Score: 0.9925
Fold 1, Epoch 1513, Train Loss: 0.3624, Val Loss: 0.3311, Val Acc: 0.9883
Precision: 0.9962, Recall: 0.9880, F1-Score: 0.9915
Fold 1, Epoch 1514, Train Loss: 0.3721, Val Loss: 0.3278, Val Acc: 0.9870
Precision: 0.9961, Recall: 0.9865, F1-Score: 0.9906
Fold 1, Epoch 1515, Train Loss: 0.3944, Val Loss: 0.3420, Val Acc: 0.9857
Precision: 0.9962, Recall: 0.9894, F1-Score: 0.9923
Fold 1, Epoch 1516, Train Loss: 0.3871, Val Loss: 0.3352, Val Acc: 0.9880
Precision: 0.9962, Recall: 0.9900, F1-Score: 0.9926
Fold 1, Epoch 1517, Train Loss: 0.3767, Val Loss: 0.3302, Val Acc: 0.9887
Precision: 0.9961, Recall: 0.9882, F1-Score: 0.9915
Fold 1, Epoch 1518, Train Loss: 0.3852, Val Loss: 0.3388, Val Acc: 0.9870
Precision: 0.9962, Recall: 0.9887, F1-Score: 0.9919
Fold 1, Epoch 1519, Train Loss: 0.3869, Val Loss: 0.3273, Val Acc: 0.9876

--- Epoch 1520 ---
--- Epoch 1520 ---


--- Epoch 1520 ---

--- Epoch 1520 ---
Class Weights: [2.1182575e-05 5.6127068e-02 5.6127068e-02 5.9477936e-02 5.6928884e-02
 5.3851645e-02 5.3851645e-02 4.9812771e-02 5.9477936e-02 5.6127068e-02
 6.1308030e-02 5.1753532e-02 5.3851645e-02 6.0379118e-02 5.6928884e-02
 4.9197800e-02 5.4589339e-02 5.2434497e-02 5.7753939e-02]Class Weights: [2.1182575e-05 5.6127068e-02 5.6127068e-02 5.9477936e-02 5.6928884e-02
 5.3851645e-02 5.3851645e-02 4.9812771e-02 5.9477936e-02 5.6127068e-02
 6.1308030e-02 5.1753532e-02 5.3851645e-02 6.0379118e-02 5.6928884e-02
 4.9197800e-02 5.4589339e-02 5.2434497e-02 5.7753939e-02]
Class Weights: [2.1182575e-05 5.6127068e-02 5.6127068e-02 5.9477936e-02 5.6928884e-02
 5.3851645e-02 5.3851645e-02 4.9812771e-02 5.9477936e-02 5.6127068e-02
 6.1308030e-02 5.1753532e-02 5.3851645e-02 6.0379118e-02 5.6928884e-02
 4.9197800e-02 5.4589339e-02 5.2434497e-02 5.7753939e-02]
Class Weights: [2.1182575e-05 5.6127068e-02 5.6127068e-02 5.9477936e-02 5.6928884e-02
 5.3851645e-02 5.3851645e-02 4.9812771e-02 5.9477936e-02 5.6127068e-02
 6.1308030e-02 5.1753532e-02 5.3851645e-02 6.0379118e-02 5.6928884e-02
 4.9197800e-02 5.4589339e-02 5.2434497e-02 5.7753939e-02]
Learning Rate: 0.0005Learning Rate: 0.0005

Learning Rate: 0.0005

Learning Rate: 0.0005
Train Loss: 0.3663, Val Loss: 0.3229
Train Loss: 0.3663, Val Loss: 0.3229Train Loss: 0.3663, Val Loss: 0.3229
Train Loss: 0.3663, Val Loss: 0.3229

Per-Class Precision: [1.         0.56818182 0.86705202 0.73846154 0.32061069 0.65891473
 0.22289157 0.15804598 0.3411215  0.17150396 0.252149   0.17032967
 0.16014235 0.54166667 0.24074074 0.54135338 0.51211073 0.53571429
 0.58139535]
Per-Class Recall: [0.99191016 1.         1.         0.96       0.84       0.85
 0.74       0.73333333 0.73       0.86666667 0.704      0.41333333
 0.36       0.74285714 0.86666667 0.72       0.84571429 1.
 1.        ]
Per-Class F1-Score: [0.99593865 0.72463768 0.92879257 0.83478261 0.4640884  0.74235808
 0.34259259 0.26004728 0.46496815 0.28634361 0.37130802 0.24124514
 0.22167488 0.62650602 0.37681159 0.61802575 0.63793103 0.69767442
 0.73529412]
Support per Class: [293949    100    150    150    100    100    100     75    100     75
    125    150    125    175     75    100    175     75     75]
Weighted Precision: 0.9962, Weighted Recall: 0.9905, Weighted F1-Score: 0.9929
Precision: 0.9962, Recall: 0.9905, F1-Score: 0.9929
Fold 1, Epoch 1520, Train Loss: 0.3663, Val Loss: 0.3229, Val Acc: 0.9891
Precision: 0.9962, Recall: 0.9890, F1-Score: 0.9921
Fold 1, Epoch 1521, Train Loss: 0.3578, Val Loss: 0.3484, Val Acc: 0.9875
Precision: 0.9963, Recall: 0.9893, F1-Score: 0.9923
Fold 1, Epoch 1522, Train Loss: 0.3911, Val Loss: 0.3162, Val Acc: 0.9878
Precision: 0.9961, Recall: 0.9903, F1-Score: 0.9927
Fold 1, Epoch 1523, Train Loss: 0.3664, Val Loss: 0.3113, Val Acc: 0.9889
Precision: 0.9961, Recall: 0.9886, F1-Score: 0.9918
Fold 1, Epoch 1524, Train Loss: 0.3515, Val Loss: 0.3312, Val Acc: 0.9870
Precision: 0.9963, Recall: 0.9892, F1-Score: 0.9923
Fold 1, Epoch 1525, Train Loss: 0.3772, Val Loss: 0.3271, Val Acc: 0.9881
Precision: 0.9962, Recall: 0.9899, F1-Score: 0.9926
Fold 1, Epoch 1526, Train Loss: 0.3819, Val Loss: 0.3348, Val Acc: 0.9883
Precision: 0.9960, Recall: 0.9868, F1-Score: 0.9908
Fold 1, Epoch 1527, Train Loss: 0.3880, Val Loss: 0.3237, Val Acc: 0.9857
Precision: 0.9961, Recall: 0.9896, F1-Score: 0.9923
Fold 1, Epoch 1528, Train Loss: 0.3727, Val Loss: 0.3274, Val Acc: 0.9882
Precision: 0.9963, Recall: 0.9905, F1-Score: 0.9929
Fold 1, Epoch 1529, Train Loss: 0.3610, Val Loss: 0.3201, Val Acc: 0.9891

--- Epoch 1530 ---
--- Epoch 1530 ---
--- Epoch 1530 ---



--- Epoch 1530 ---
Class Weights: [2.1182575e-05 5.6127068e-02 5.6127068e-02 5.9477936e-02 5.6928884e-02
 5.3851645e-02 5.3851645e-02 4.9812771e-02 5.9477936e-02 5.6127068e-02
 6.1308030e-02 5.1753532e-02 5.3851645e-02 6.0379118e-02 5.6928884e-02
 4.9197800e-02 5.4589339e-02 5.2434497e-02 5.7753939e-02]Class Weights: [2.1182575e-05 5.6127068e-02 5.6127068e-02 5.9477936e-02 5.6928884e-02
 5.3851645e-02 5.3851645e-02 4.9812771e-02 5.9477936e-02 5.6127068e-02
 6.1308030e-02 5.1753532e-02 5.3851645e-02 6.0379118e-02 5.6928884e-02
 4.9197800e-02 5.4589339e-02 5.2434497e-02 5.7753939e-02]Class Weights: [2.1182575e-05 5.6127068e-02 5.6127068e-02 5.9477936e-02 5.6928884e-02
 5.3851645e-02 5.3851645e-02 4.9812771e-02 5.9477936e-02 5.6127068e-02
 6.1308030e-02 5.1753532e-02 5.3851645e-02 6.0379118e-02 5.6928884e-02
 4.9197800e-02 5.4589339e-02 5.2434497e-02 5.7753939e-02]


Learning Rate: 0.0005Learning Rate: 0.0005Learning Rate: 0.0005

Class Weights: [2.1182575e-05 5.6127068e-02 5.6127068e-02 5.9477936e-02 5.6928884e-02
 5.3851645e-02 5.3851645e-02 4.9812771e-02 5.9477936e-02 5.6127068e-02
 6.1308030e-02 5.1753532e-02 5.3851645e-02 6.0379118e-02 5.6928884e-02
 4.9197800e-02 5.4589339e-02 5.2434497e-02 5.7753939e-02]

Learning Rate: 0.0005
Train Loss: 0.3718, Val Loss: 0.3377Train Loss: 0.3718, Val Loss: 0.3377

Train Loss: 0.3718, Val Loss: 0.3377
Train Loss: 0.3718, Val Loss: 0.3377
Per-Class Precision: [1.         0.28901734 0.81967213 0.68899522 0.22551929 0.50810811
 0.25892857 0.10286678 0.32246377 0.15291262 0.1787234  0.20183486
 0.12328767 0.65306122 0.24651163 0.43076923 0.4964539  0.58139535
 0.51724138]
Per-Class Recall: [0.98954581 1.         1.         0.96       0.76       0.94
 0.29       0.81333333 0.89       0.84       0.672      0.44
 0.576      0.36571429 0.70666667 0.84       0.8        1.
 1.        ]
Per-Class F1-Score: [0.99474544 0.44843049 0.9009009  0.80222841 0.34782609 0.65964912
 0.27358491 0.18263473 0.47340426 0.2587269  0.28235294 0.27672956
 0.20310296 0.46886447 0.36551724 0.56949153 0.61269147 0.73529412
 0.68181818]
Support per Class: [293949    100    150    150    100    100    100     75    100     75
    125    150    125    175     75    100    175     75     75]
Weighted Precision: 0.9959, Weighted Recall: 0.9879, Weighted F1-Score: 0.9913
Precision: 0.9959, Recall: 0.9879, F1-Score: 0.9913
Fold 1, Epoch 1530, Train Loss: 0.3718, Val Loss: 0.3377, Val Acc: 0.9868
Precision: 0.9962, Recall: 0.9885, F1-Score: 0.9918
Fold 1, Epoch 1531, Train Loss: 0.3656, Val Loss: 0.3335, Val Acc: 0.9871
Precision: 0.9962, Recall: 0.9904, F1-Score: 0.9928
Fold 1, Epoch 1532, Train Loss: 0.3604, Val Loss: 0.3197, Val Acc: 0.9894
Precision: 0.9961, Recall: 0.9831, F1-Score: 0.9888
Fold 1, Epoch 1533, Train Loss: 0.3856, Val Loss: 0.3190, Val Acc: 0.9826
Precision: 0.9962, Recall: 0.9897, F1-Score: 0.9924
Fold 1, Epoch 1534, Train Loss: 0.3777, Val Loss: 0.3273, Val Acc: 0.9884
Precision: 0.9961, Recall: 0.9894, F1-Score: 0.9922
Fold 1, Epoch 1535, Train Loss: 0.3641, Val Loss: 0.3074, Val Acc: 0.9882
Precision: 0.9962, Recall: 0.9893, F1-Score: 0.9922
Fold 1, Epoch 1536, Train Loss: 0.3633, Val Loss: 0.3208, Val Acc: 0.9878
Precision: 0.9963, Recall: 0.9900, F1-Score: 0.9926
Fold 1, Epoch 1537, Train Loss: 0.3836, Val Loss: 0.3149, Val Acc: 0.9888
Precision: 0.9962, Recall: 0.9894, F1-Score: 0.9922
Fold 1, Epoch 1538, Train Loss: 0.3879, Val Loss: 0.3386, Val Acc: 0.9878
Precision: 0.9959, Recall: 0.9731, F1-Score: 0.9836
Fold 1, Epoch 1539, Train Loss: 0.3891, Val Loss: 0.3187, Val Acc: 0.9753

--- Epoch 1540 ---
--- Epoch 1540 ---
--- Epoch 1540 ---



--- Epoch 1540 ---
Class Weights: [2.1182575e-05 5.6127068e-02 5.6127068e-02 5.9477936e-02 5.6928884e-02
 5.3851645e-02 5.3851645e-02 4.9812771e-02 5.9477936e-02 5.6127068e-02
 6.1308030e-02 5.1753532e-02 5.3851645e-02 6.0379118e-02 5.6928884e-02
 4.9197800e-02 5.4589339e-02 5.2434497e-02 5.7753939e-02]
Class Weights: [2.1182575e-05 5.6127068e-02 5.6127068e-02 5.9477936e-02 5.6928884e-02
 5.3851645e-02 5.3851645e-02 4.9812771e-02 5.9477936e-02 5.6127068e-02
 6.1308030e-02 5.1753532e-02 5.3851645e-02 6.0379118e-02 5.6928884e-02
 4.9197800e-02 5.4589339e-02 5.2434497e-02 5.7753939e-02]Class Weights: [2.1182575e-05 5.6127068e-02 5.6127068e-02 5.9477936e-02 5.6928884e-02
 5.3851645e-02 5.3851645e-02 4.9812771e-02 5.9477936e-02 5.6127068e-02
 6.1308030e-02 5.1753532e-02 5.3851645e-02 6.0379118e-02 5.6928884e-02
 4.9197800e-02 5.4589339e-02 5.2434497e-02 5.7753939e-02]Learning Rate: 0.0005


Class Weights: [2.1182575e-05 5.6127068e-02 5.6127068e-02 5.9477936e-02 5.6928884e-02
 5.3851645e-02 5.3851645e-02 4.9812771e-02 5.9477936e-02 5.6127068e-02
 6.1308030e-02 5.1753532e-02 5.3851645e-02 6.0379118e-02 5.6928884e-02
 4.9197800e-02 5.4589339e-02 5.2434497e-02 5.7753939e-02]Learning Rate: 0.0005Learning Rate: 0.0005


Learning Rate: 0.0005
Train Loss: 0.3896, Val Loss: 0.3264
Train Loss: 0.3896, Val Loss: 0.3264Train Loss: 0.3896, Val Loss: 0.3264
Train Loss: 0.3896, Val Loss: 0.3264

Per-Class Precision: [1.         0.51813472 0.86206897 0.77173913 0.36199095 0.5971223
 0.37378641 0.24509804 0.21945701 0.19090909 0.25503356 0.20487805
 0.14121511 0.46283784 0.32275132 0.54421769 0.50853242 0.5952381
 0.57251908]
Per-Class Recall: [0.99196459 1.         1.         0.94666667 0.8        0.83
 0.77       0.66666667 0.97       0.84       0.608      0.28
 0.688      0.78285714 0.81333333 0.8        0.85142857 1.
 1.        ]
Per-Class F1-Score: [0.99596609 0.68259386 0.92592593 0.8502994  0.49844237 0.69456067
 0.50326797 0.35842294 0.35793358 0.31111111 0.35933806 0.23661972
 0.23433243 0.58174098 0.46212121 0.64777328 0.63675214 0.74626866
 0.72815534]
Support per Class: [293949    100    150    150    100    100    100     75    100     75
    125    150    125    175     75    100    175     75     75]
Weighted Precision: 0.9962, Weighted Recall: 0.9907, Weighted F1-Score: 0.9929
Precision: 0.9962, Recall: 0.9907, F1-Score: 0.9929
Fold 1, Epoch 1540, Train Loss: 0.3896, Val Loss: 0.3264, Val Acc: 0.9897
Precision: 0.9963, Recall: 0.9901, F1-Score: 0.9927
Fold 1, Epoch 1541, Train Loss: 0.4015, Val Loss: 0.3256, Val Acc: 0.9890
Precision: 0.9961, Recall: 0.9876, F1-Score: 0.9913
Fold 1, Epoch 1542, Train Loss: 0.4011, Val Loss: 0.3479, Val Acc: 0.9859
Precision: 0.9961, Recall: 0.9879, F1-Score: 0.9914
Fold 1, Epoch 1543, Train Loss: 0.4117, Val Loss: 0.3345, Val Acc: 0.9862
Precision: 0.9963, Recall: 0.9898, F1-Score: 0.9925
Fold 1, Epoch 1544, Train Loss: 0.3862, Val Loss: 0.3283, Val Acc: 0.9887
Precision: 0.9961, Recall: 0.9896, F1-Score: 0.9923
Fold 1, Epoch 1545, Train Loss: 0.3883, Val Loss: 0.3144, Val Acc: 0.9884
Precision: 0.9962, Recall: 0.9885, F1-Score: 0.9917
Fold 1, Epoch 1546, Train Loss: 0.3852, Val Loss: 0.3230, Val Acc: 0.9873
Precision: 0.9964, Recall: 0.9897, F1-Score: 0.9926
Fold 1, Epoch 1547, Train Loss: 0.4125, Val Loss: 0.3501, Val Acc: 0.9884
Precision: 0.9961, Recall: 0.9831, F1-Score: 0.9889
Fold 1, Epoch 1548, Train Loss: 0.3848, Val Loss: 0.3319, Val Acc: 0.9811
Precision: 0.9963, Recall: 0.9903, F1-Score: 0.9928
Fold 1, Epoch 1549, Train Loss: 0.3908, Val Loss: 0.3142, Val Acc: 0.9890

--- Epoch 1550 ---
--- Epoch 1550 ---
--- Epoch 1550 ---



--- Epoch 1550 ---
Class Weights: [2.1182575e-05 5.6127068e-02 5.6127068e-02 5.9477936e-02 5.6928884e-02
 5.3851645e-02 5.3851645e-02 4.9812771e-02 5.9477936e-02 5.6127068e-02
 6.1308030e-02 5.1753532e-02 5.3851645e-02 6.0379118e-02 5.6928884e-02
 4.9197800e-02 5.4589339e-02 5.2434497e-02 5.7753939e-02]Class Weights: [2.1182575e-05 5.6127068e-02 5.6127068e-02 5.9477936e-02 5.6928884e-02
 5.3851645e-02 5.3851645e-02 4.9812771e-02 5.9477936e-02 5.6127068e-02
 6.1308030e-02 5.1753532e-02 5.3851645e-02 6.0379118e-02 5.6928884e-02
 4.9197800e-02 5.4589339e-02 5.2434497e-02 5.7753939e-02]Class Weights: [2.1182575e-05 5.6127068e-02 5.6127068e-02 5.9477936e-02 5.6928884e-02
 5.3851645e-02 5.3851645e-02 4.9812771e-02 5.9477936e-02 5.6127068e-02
 6.1308030e-02 5.1753532e-02 5.3851645e-02 6.0379118e-02 5.6928884e-02
 4.9197800e-02 5.4589339e-02 5.2434497e-02 5.7753939e-02]

Class Weights: [2.1182575e-05 5.6127068e-02 5.6127068e-02 5.9477936e-02 5.6928884e-02
 5.3851645e-02 5.3851645e-02 4.9812771e-02 5.9477936e-02 5.6127068e-02
 6.1308030e-02 5.1753532e-02 5.3851645e-02 6.0379118e-02 5.6928884e-02
 4.9197800e-02 5.4589339e-02 5.2434497e-02 5.7753939e-02]
Learning Rate: 0.0005Learning Rate: 0.0005


Learning Rate: 0.0005Learning Rate: 0.0005

Train Loss: 0.3819, Val Loss: 0.3352
Train Loss: 0.3819, Val Loss: 0.3352
Train Loss: 0.3819, Val Loss: 0.3352Train Loss: 0.3819, Val Loss: 0.3352

Per-Class Precision: [1.         0.03937008 0.87573964 0.7540107  0.34836066 0.65811966
 0.32227488 0.11392405 0.3880597  0.14563107 0.23969072 0.23423423
 0.11717974 0.76515152 0.35757576 0.58730159 0.55749129 0.61983471
 0.52816901]
Per-Class Recall: [0.9820445  1.         0.98666667 0.94       0.85       0.77
 0.68       0.96       0.78       0.8        0.744      0.34666667
 0.944      0.57714286 0.78666667 0.74       0.91428571 1.
 1.        ]
Per-Class F1-Score: [0.99094092 0.07575758 0.92789969 0.83679525 0.49418605 0.70967742
 0.43729904 0.20367751 0.51827243 0.24640657 0.3625731  0.27956989
 0.20848057 0.65798046 0.49166667 0.65486726 0.69264069 0.76530612
 0.69124424]
Support per Class: [293949    100    150    150    100    100    100     75    100     75
    125    150    125    175     75    100    175     75     75]
Weighted Precision: 0.9963, Weighted Recall: 0.9809, Weighted F1-Score: 0.9878
Precision: 0.9963, Recall: 0.9809, F1-Score: 0.9878
Fold 1, Epoch 1550, Train Loss: 0.3819, Val Loss: 0.3352, Val Acc: 0.9816
Precision: 0.9963, Recall: 0.9877, F1-Score: 0.9914
Fold 1, Epoch 1551, Train Loss: 0.3895, Val Loss: 0.3483, Val Acc: 0.9857
Precision: 0.9962, Recall: 0.9894, F1-Score: 0.9923
Fold 1, Epoch 1552, Train Loss: 0.4098, Val Loss: 0.3208, Val Acc: 0.9877
Precision: 0.9960, Recall: 0.9894, F1-Score: 0.9922
Fold 1, Epoch 1553, Train Loss: 0.3664, Val Loss: 0.3227, Val Acc: 0.9879
Precision: 0.9963, Recall: 0.9898, F1-Score: 0.9925
Fold 1, Epoch 1554, Train Loss: 0.3856, Val Loss: 0.3464, Val Acc: 0.9886
Precision: 0.9961, Recall: 0.9854, F1-Score: 0.9900
Fold 1, Epoch 1555, Train Loss: 0.3946, Val Loss: 0.3471, Val Acc: 0.9849
Precision: 0.9962, Recall: 0.9786, F1-Score: 0.9867
Fold 1, Epoch 1556, Train Loss: 0.4318, Val Loss: 0.3355, Val Acc: 0.9789
Precision: 0.9963, Recall: 0.9901, F1-Score: 0.9927
Fold 1, Epoch 1557, Train Loss: 0.3969, Val Loss: 0.3320, Val Acc: 0.9889
Precision: 0.9961, Recall: 0.9895, F1-Score: 0.9923
Fold 1, Epoch 1558, Train Loss: 0.3627, Val Loss: 0.3272, Val Acc: 0.9889
Precision: 0.9960, Recall: 0.9864, F1-Score: 0.9905
Fold 1, Epoch 1559, Train Loss: 0.3729, Val Loss: 0.3090, Val Acc: 0.9848

--- Epoch 1560 ---
--- Epoch 1560 ---
--- Epoch 1560 ---



--- Epoch 1560 ---
Class Weights: [2.1182575e-05 5.6127068e-02 5.6127068e-02 5.9477936e-02 5.6928884e-02
 5.3851645e-02 5.3851645e-02 4.9812771e-02 5.9477936e-02 5.6127068e-02
 6.1308030e-02 5.1753532e-02 5.3851645e-02 6.0379118e-02 5.6928884e-02
 4.9197800e-02 5.4589339e-02 5.2434497e-02 5.7753939e-02]Class Weights: [2.1182575e-05 5.6127068e-02 5.6127068e-02 5.9477936e-02 5.6928884e-02
 5.3851645e-02 5.3851645e-02 4.9812771e-02 5.9477936e-02 5.6127068e-02
 6.1308030e-02 5.1753532e-02 5.3851645e-02 6.0379118e-02 5.6928884e-02
 4.9197800e-02 5.4589339e-02 5.2434497e-02 5.7753939e-02]
Class Weights: [2.1182575e-05 5.6127068e-02 5.6127068e-02 5.9477936e-02 5.6928884e-02
 5.3851645e-02 5.3851645e-02 4.9812771e-02 5.9477936e-02 5.6127068e-02
 6.1308030e-02 5.1753532e-02 5.3851645e-02 6.0379118e-02 5.6928884e-02
 4.9197800e-02 5.4589339e-02 5.2434497e-02 5.7753939e-02]
Learning Rate: 0.0005
Class Weights: [2.1182575e-05 5.6127068e-02 5.6127068e-02 5.9477936e-02 5.6928884e-02
 5.3851645e-02 5.3851645e-02 4.9812771e-02 5.9477936e-02 5.6127068e-02
 6.1308030e-02 5.1753532e-02 5.3851645e-02 6.0379118e-02 5.6928884e-02
 4.9197800e-02 5.4589339e-02 5.2434497e-02 5.7753939e-02]
Learning Rate: 0.0005Learning Rate: 0.0005


Learning Rate: 0.0005
Train Loss: 0.3747, Val Loss: 0.3047
Train Loss: 0.3747, Val Loss: 0.3047Train Loss: 0.3747, Val Loss: 0.3047
Train Loss: 0.3747, Val Loss: 0.3047

Per-Class Precision: [1.         0.46948357 0.83333333 0.70854271 0.26726727 0.6641791
 0.34222222 0.15384615 0.33090909 0.1372549  0.1196868  0.18300654
 0.16458333 0.5971564  0.42424242 0.56164384 0.55223881 0.54347826
 0.60483871]
Per-Class Recall: [0.98951859 1.         1.         0.94       0.89       0.89
 0.77       0.69333333 0.91       0.93333333 0.856      0.37333333
 0.632      0.72       0.74666667 0.82       0.84571429 1.
 1.        ]
Per-Class F1-Score: [0.99473169 0.63897764 0.90909091 0.80802292 0.41108545 0.76068376
 0.47384615 0.25181598 0.48533333 0.23931624 0.21000981 0.24561404
 0.26115702 0.65284974 0.5410628  0.66666667 0.66817156 0.70422535
 0.75376884]
Support per Class: [293949    100    150    150    100    100    100     75    100     75
    125    150    125    175     75    100    175     75     75]
Weighted Precision: 0.9962, Weighted Recall: 0.9884, Weighted F1-Score: 0.9917
Precision: 0.9962, Recall: 0.9884, F1-Score: 0.9917
Fold 1, Epoch 1560, Train Loss: 0.3747, Val Loss: 0.3047, Val Acc: 0.9870
Precision: 0.9964, Recall: 0.9885, F1-Score: 0.9919
Fold 1, Epoch 1561, Train Loss: 0.4134, Val Loss: 0.3302, Val Acc: 0.9877
Precision: 0.9962, Recall: 0.9894, F1-Score: 0.9923
Fold 1, Epoch 1562, Train Loss: 0.4091, Val Loss: 0.3348, Val Acc: 0.9879
Precision: 0.9961, Recall: 0.9882, F1-Score: 0.9916
Fold 1, Epoch 1563, Train Loss: 0.3960, Val Loss: 0.3405, Val Acc: 0.9863
Precision: 0.9962, Recall: 0.9906, F1-Score: 0.9929
Fold 1, Epoch 1564, Train Loss: 0.3936, Val Loss: 0.3278, Val Acc: 0.9893
Precision: 0.9963, Recall: 0.9901, F1-Score: 0.9927
Fold 1, Epoch 1565, Train Loss: 0.3568, Val Loss: 0.3335, Val Acc: 0.9892
Precision: 0.9961, Recall: 0.9884, F1-Score: 0.9917
Fold 1, Epoch 1566, Train Loss: 0.3875, Val Loss: 0.3307, Val Acc: 0.9872
Precision: 0.9962, Recall: 0.9902, F1-Score: 0.9927
Fold 1, Epoch 1567, Train Loss: 0.3823, Val Loss: 0.3225, Val Acc: 0.9893
Precision: 0.9964, Recall: 0.9873, F1-Score: 0.9913
Fold 1, Epoch 1568, Train Loss: 0.3796, Val Loss: 0.3151, Val Acc: 0.9858
Precision: 0.9963, Recall: 0.9903, F1-Score: 0.9927
Fold 1, Epoch 1569, Train Loss: 0.3805, Val Loss: 0.3131, Val Acc: 0.9889

--- Epoch 1570 ---
--- Epoch 1570 ---
--- Epoch 1570 ---



--- Epoch 1570 ---
Class Weights: [2.1182575e-05 5.6127068e-02 5.6127068e-02 5.9477936e-02 5.6928884e-02
 5.3851645e-02 5.3851645e-02 4.9812771e-02 5.9477936e-02 5.6127068e-02
 6.1308030e-02 5.1753532e-02 5.3851645e-02 6.0379118e-02 5.6928884e-02
 4.9197800e-02 5.4589339e-02 5.2434497e-02 5.7753939e-02]Class Weights: [2.1182575e-05 5.6127068e-02 5.6127068e-02 5.9477936e-02 5.6928884e-02
 5.3851645e-02 5.3851645e-02 4.9812771e-02 5.9477936e-02 5.6127068e-02
 6.1308030e-02 5.1753532e-02 5.3851645e-02 6.0379118e-02 5.6928884e-02
 4.9197800e-02 5.4589339e-02 5.2434497e-02 5.7753939e-02]Class Weights: [2.1182575e-05 5.6127068e-02 5.6127068e-02 5.9477936e-02 5.6928884e-02
 5.3851645e-02 5.3851645e-02 4.9812771e-02 5.9477936e-02 5.6127068e-02
 6.1308030e-02 5.1753532e-02 5.3851645e-02 6.0379118e-02 5.6928884e-02
 4.9197800e-02 5.4589339e-02 5.2434497e-02 5.7753939e-02]


Class Weights: [2.1182575e-05 5.6127068e-02 5.6127068e-02 5.9477936e-02 5.6928884e-02
 5.3851645e-02 5.3851645e-02 4.9812771e-02 5.9477936e-02 5.6127068e-02
 6.1308030e-02 5.1753532e-02 5.3851645e-02 6.0379118e-02 5.6928884e-02
 4.9197800e-02 5.4589339e-02 5.2434497e-02 5.7753939e-02]Learning Rate: 0.0005Learning Rate: 0.0005Learning Rate: 0.0005



Learning Rate: 0.0005
Train Loss: 0.3604, Val Loss: 0.3212Train Loss: 0.3604, Val Loss: 0.3212
Train Loss: 0.3604, Val Loss: 0.3212

Train Loss: 0.3604, Val Loss: 0.3212
Per-Class Precision: [1.         0.56179775 0.79365079 0.77900552 0.2672956  0.63333333
 0.22834646 0.14461538 0.31153846 0.12027491 0.23785166 0.24752475
 0.13991163 0.58479532 0.27894737 0.39461883 0.49491525 0.5952381
 0.53956835]
Per-Class Recall: [0.99037928 1.         1.         0.94       0.85       0.95
 0.58       0.62666667 0.81       0.93333333 0.744      0.33333333
 0.76       0.57142857 0.70666667 0.88       0.83428571 1.
 1.        ]
Per-Class F1-Score: [0.99516639 0.71942446 0.88495575 0.85196375 0.40669856 0.76
 0.32768362 0.235      0.45       0.2130898  0.36046512 0.28409091
 0.23631841 0.57803468 0.4        0.54489164 0.6212766  0.74626866
 0.70093458]
Support per Class: [293949    100    150    150    100    100    100     75    100     75
    125    150    125    175     75    100    175     75     75]
Weighted Precision: 0.9961, Weighted Recall: 0.9890, Weighted F1-Score: 0.9920
Precision: 0.9961, Recall: 0.9890, F1-Score: 0.9920
Fold 1, Epoch 1570, Train Loss: 0.3604, Val Loss: 0.3212, Val Acc: 0.9878
Precision: 0.9963, Recall: 0.9900, F1-Score: 0.9926
Fold 1, Epoch 1571, Train Loss: 0.3587, Val Loss: 0.3144, Val Acc: 0.9885
Precision: 0.9964, Recall: 0.9906, F1-Score: 0.9930
Fold 1, Epoch 1572, Train Loss: 0.3778, Val Loss: 0.3263, Val Acc: 0.9890
Precision: 0.9961, Recall: 0.9891, F1-Score: 0.9920
Fold 1, Epoch 1573, Train Loss: 0.3537, Val Loss: 0.3389, Val Acc: 0.9873
Precision: 0.9962, Recall: 0.9897, F1-Score: 0.9924
Fold 1, Epoch 1574, Train Loss: 0.3675, Val Loss: 0.3307, Val Acc: 0.9883
Precision: 0.9962, Recall: 0.9897, F1-Score: 0.9924
Fold 1, Epoch 1575, Train Loss: 0.3867, Val Loss: 0.3345, Val Acc: 0.9883
Precision: 0.9964, Recall: 0.9888, F1-Score: 0.9920
Fold 1, Epoch 1576, Train Loss: 0.4068, Val Loss: 0.3197, Val Acc: 0.9869
Precision: 0.9960, Recall: 0.9898, F1-Score: 0.9923
Fold 1, Epoch 1577, Train Loss: 0.3787, Val Loss: 0.3162, Val Acc: 0.9883
Precision: 0.9961, Recall: 0.9870, F1-Score: 0.9909
Fold 1, Epoch 1578, Train Loss: 0.3844, Val Loss: 0.3206, Val Acc: 0.9860
Precision: 0.9962, Recall: 0.9894, F1-Score: 0.9923
Fold 1, Epoch 1579, Train Loss: 0.3653, Val Loss: 0.3221, Val Acc: 0.9881

--- Epoch 1580 ---
--- Epoch 1580 ---
--- Epoch 1580 ---



--- Epoch 1580 ---
Class Weights: [2.1182575e-05 5.6127068e-02 5.6127068e-02 5.9477936e-02 5.6928884e-02
 5.3851645e-02 5.3851645e-02 4.9812771e-02 5.9477936e-02 5.6127068e-02
 6.1308030e-02 5.1753532e-02 5.3851645e-02 6.0379118e-02 5.6928884e-02
 4.9197800e-02 5.4589339e-02 5.2434497e-02 5.7753939e-02]Class Weights: [2.1182575e-05 5.6127068e-02 5.6127068e-02 5.9477936e-02 5.6928884e-02
 5.3851645e-02 5.3851645e-02 4.9812771e-02 5.9477936e-02 5.6127068e-02
 6.1308030e-02 5.1753532e-02 5.3851645e-02 6.0379118e-02 5.6928884e-02
 4.9197800e-02 5.4589339e-02 5.2434497e-02 5.7753939e-02]Class Weights: [2.1182575e-05 5.6127068e-02 5.6127068e-02 5.9477936e-02 5.6928884e-02
 5.3851645e-02 5.3851645e-02 4.9812771e-02 5.9477936e-02 5.6127068e-02
 6.1308030e-02 5.1753532e-02 5.3851645e-02 6.0379118e-02 5.6928884e-02
 4.9197800e-02 5.4589339e-02 5.2434497e-02 5.7753939e-02]


Learning Rate: 0.0005Learning Rate: 0.0005Learning Rate: 0.0005
Class Weights: [2.1182575e-05 5.6127068e-02 5.6127068e-02 5.9477936e-02 5.6928884e-02
 5.3851645e-02 5.3851645e-02 4.9812771e-02 5.9477936e-02 5.6127068e-02
 6.1308030e-02 5.1753532e-02 5.3851645e-02 6.0379118e-02 5.6928884e-02
 4.9197800e-02 5.4589339e-02 5.2434497e-02 5.7753939e-02]


Learning Rate: 0.0005
Train Loss: 0.3815, Val Loss: 0.3084
Train Loss: 0.3815, Val Loss: 0.3084
Train Loss: 0.3815, Val Loss: 0.3084
Train Loss: 0.3815, Val Loss: 0.3084
Per-Class Precision: [1.         0.73484848 0.81521739 0.65789474 0.34016393 0.61151079
 0.24305556 0.27027027 0.32857143 0.07857912 0.25699746 0.19480519
 0.14680484 0.66081871 0.2687747  0.60344828 0.53177258 0.6
 0.625     ]
Per-Class Recall: [0.98997105 0.97       1.         1.         0.83       0.85
 0.7        0.66666667 0.92       0.97333333 0.808      0.4
 0.68       0.64571429 0.90666667 0.7        0.90857143 1.
 1.        ]
Per-Class F1-Score: [0.99496025 0.8362069  0.89820359 0.79365079 0.48255814 0.71129707
 0.36082474 0.38461538 0.48421053 0.14541833 0.38996139 0.26200873
 0.24147727 0.65317919 0.41463415 0.64814815 0.67088608 0.75
 0.76923077]
Support per Class: [293949    100    150    150    100    100    100     75    100     75
    125    150    125    175     75    100    175     75     75]
Weighted Precision: 0.9963, Weighted Recall: 0.9888, Weighted F1-Score: 0.9920
Precision: 0.9963, Recall: 0.9888, F1-Score: 0.9920
Fold 1, Epoch 1580, Train Loss: 0.3815, Val Loss: 0.3084, Val Acc: 0.9873
Precision: 0.9963, Recall: 0.9903, F1-Score: 0.9928
Fold 1, Epoch 1581, Train Loss: 0.3923, Val Loss: 0.3190, Val Acc: 0.9888
Precision: 0.9960, Recall: 0.9881, F1-Score: 0.9915
Fold 1, Epoch 1582, Train Loss: 0.3590, Val Loss: 0.3196, Val Acc: 0.9866
Precision: 0.9962, Recall: 0.9893, F1-Score: 0.9923
Fold 1, Epoch 1583, Train Loss: 0.3677, Val Loss: 0.3222, Val Acc: 0.9878
Precision: 0.9961, Recall: 0.9891, F1-Score: 0.9920
Fold 1, Epoch 1584, Train Loss: 0.3619, Val Loss: 0.3261, Val Acc: 0.9876
Precision: 0.9962, Recall: 0.9891, F1-Score: 0.9920
Fold 1, Epoch 1585, Train Loss: 0.3569, Val Loss: 0.3073, Val Acc: 0.9879
Precision: 0.9964, Recall: 0.9902, F1-Score: 0.9928
Fold 1, Epoch 1586, Train Loss: 0.3664, Val Loss: 0.3226, Val Acc: 0.9889
Precision: 0.9962, Recall: 0.9877, F1-Score: 0.9913
Fold 1, Epoch 1587, Train Loss: 0.3595, Val Loss: 0.3334, Val Acc: 0.9858
Precision: 0.9963, Recall: 0.9886, F1-Score: 0.9919
Fold 1, Epoch 1588, Train Loss: 0.3665, Val Loss: 0.3159, Val Acc: 0.9871
Precision: 0.9962, Recall: 0.9885, F1-Score: 0.9917
Fold 1, Epoch 1589, Train Loss: 0.3683, Val Loss: 0.3231, Val Acc: 0.9870

--- Epoch 1590 ---
--- Epoch 1590 ---
--- Epoch 1590 ---



--- Epoch 1590 ---
Class Weights: [2.1182575e-05 5.6127068e-02 5.6127068e-02 5.9477936e-02 5.6928884e-02
 5.3851645e-02 5.3851645e-02 4.9812771e-02 5.9477936e-02 5.6127068e-02
 6.1308030e-02 5.1753532e-02 5.3851645e-02 6.0379118e-02 5.6928884e-02
 4.9197800e-02 5.4589339e-02 5.2434497e-02 5.7753939e-02]Class Weights: [2.1182575e-05 5.6127068e-02 5.6127068e-02 5.9477936e-02 5.6928884e-02
 5.3851645e-02 5.3851645e-02 4.9812771e-02 5.9477936e-02 5.6127068e-02
 6.1308030e-02 5.1753532e-02 5.3851645e-02 6.0379118e-02 5.6928884e-02
 4.9197800e-02 5.4589339e-02 5.2434497e-02 5.7753939e-02]
Class Weights: [2.1182575e-05 5.6127068e-02 5.6127068e-02 5.9477936e-02 5.6928884e-02
 5.3851645e-02 5.3851645e-02 4.9812771e-02 5.9477936e-02 5.6127068e-02
 6.1308030e-02 5.1753532e-02 5.3851645e-02 6.0379118e-02 5.6928884e-02
 4.9197800e-02 5.4589339e-02 5.2434497e-02 5.7753939e-02]

Learning Rate: 0.0005
Learning Rate: 0.0005Learning Rate: 0.0005

Train Loss: 0.3668, Val Loss: 0.3351
Train Loss: 0.3668, Val Loss: 0.3351Class Weights: [2.1182575e-05 5.6127068e-02 5.6127068e-02 5.9477936e-02 5.6928884e-02
 5.3851645e-02 5.3851645e-02 4.9812771e-02 5.9477936e-02 5.6127068e-02
 6.1308030e-02 5.1753532e-02 5.3851645e-02 6.0379118e-02 5.6928884e-02
 4.9197800e-02 5.4589339e-02 5.2434497e-02 5.7753939e-02]
Train Loss: 0.3668, Val Loss: 0.3351

Learning Rate: 0.0005
Train Loss: 0.3668, Val Loss: 0.3351
Per-Class Precision: [1.         0.66225166 0.89285714 0.71875    0.26605505 0.60273973
 0.17577197 0.07608696 0.25342466 0.07749469 0.22748815 0.16780045
 0.08159393 0.61538462 0.33536585 0.46820809 0.48965517 0.65789474
 0.63559322]
Per-Class Recall: [0.98977033 1.         1.         0.92       0.87       0.88
 0.74       0.09333333 0.74       0.97333333 0.768      0.49333333
 0.344      0.18285714 0.73333333 0.81       0.81142857 1.
 1.        ]
Per-Class F1-Score: [0.99485887 0.79681275 0.94339623 0.80701754 0.40749415 0.71544715
 0.2840691  0.08383234 0.37755102 0.14355949 0.35100548 0.25042301
 0.13190184 0.28193833 0.46025105 0.59340659 0.61075269 0.79365079
 0.77720207]
Support per Class: [293949    100    150    150    100    100    100     75    100     75
    125    150    125    175     75    100    175     75     75]
Weighted Precision: 0.9961, Weighted Recall: 0.9879, Weighted F1-Score: 0.9914
Precision: 0.9961, Recall: 0.9879, F1-Score: 0.9914
Fold 1, Epoch 1590, Train Loss: 0.3668, Val Loss: 0.3351, Val Acc: 0.9864
Precision: 0.9963, Recall: 0.9899, F1-Score: 0.9926
Fold 1, Epoch 1591, Train Loss: 0.3924, Val Loss: 0.3500, Val Acc: 0.9887
Precision: 0.9960, Recall: 0.9885, F1-Score: 0.9917
Fold 1, Epoch 1592, Train Loss: 0.4051, Val Loss: 0.3238, Val Acc: 0.9876
Precision: 0.9962, Recall: 0.9880, F1-Score: 0.9915
Fold 1, Epoch 1593, Train Loss: 0.4046, Val Loss: 0.3255, Val Acc: 0.9863
Precision: 0.9961, Recall: 0.9878, F1-Score: 0.9915
Fold 1, Epoch 1594, Train Loss: 0.4049, Val Loss: 0.3542, Val Acc: 0.9868
Precision: 0.9961, Recall: 0.9904, F1-Score: 0.9927
Fold 1, Epoch 1595, Train Loss: 0.4133, Val Loss: 0.3168, Val Acc: 0.9891
Precision: 0.9961, Recall: 0.9869, F1-Score: 0.9909
Fold 1, Epoch 1596, Train Loss: 0.4162, Val Loss: 0.3316, Val Acc: 0.9848
Precision: 0.9964, Recall: 0.9898, F1-Score: 0.9925
Fold 1, Epoch 1597, Train Loss: 0.3885, Val Loss: 0.3425, Val Acc: 0.9888
Precision: 0.9961, Recall: 0.9867, F1-Score: 0.9907
Fold 1, Epoch 1598, Train Loss: 0.3950, Val Loss: 0.3326, Val Acc: 0.9848
Precision: 0.9964, Recall: 0.9896, F1-Score: 0.9925
Fold 1, Epoch 1599, Train Loss: 0.3994, Val Loss: 0.3289, Val Acc: 0.9880

--- Epoch 1600 ---
--- Epoch 1600 ---
--- Epoch 1600 ---



--- Epoch 1600 ---
Class Weights: [2.1182575e-05 5.6127068e-02 5.6127068e-02 5.9477936e-02 5.6928884e-02
 5.3851645e-02 5.3851645e-02 4.9812771e-02 5.9477936e-02 5.6127068e-02
 6.1308030e-02 5.1753532e-02 5.3851645e-02 6.0379118e-02 5.6928884e-02
 4.9197800e-02 5.4589339e-02 5.2434497e-02 5.7753939e-02]Class Weights: [2.1182575e-05 5.6127068e-02 5.6127068e-02 5.9477936e-02 5.6928884e-02
 5.3851645e-02 5.3851645e-02 4.9812771e-02 5.9477936e-02 5.6127068e-02
 6.1308030e-02 5.1753532e-02 5.3851645e-02 6.0379118e-02 5.6928884e-02
 4.9197800e-02 5.4589339e-02 5.2434497e-02 5.7753939e-02]Class Weights: [2.1182575e-05 5.6127068e-02 5.6127068e-02 5.9477936e-02 5.6928884e-02
 5.3851645e-02 5.3851645e-02 4.9812771e-02 5.9477936e-02 5.6127068e-02
 6.1308030e-02 5.1753532e-02 5.3851645e-02 6.0379118e-02 5.6928884e-02
 4.9197800e-02 5.4589339e-02 5.2434497e-02 5.7753939e-02]


Learning Rate: 0.0005Learning Rate: 0.0005Learning Rate: 0.0005
Class Weights: [2.1182575e-05 5.6127068e-02 5.6127068e-02 5.9477936e-02 5.6928884e-02
 5.3851645e-02 5.3851645e-02 4.9812771e-02 5.9477936e-02 5.6127068e-02
 6.1308030e-02 5.1753532e-02 5.3851645e-02 6.0379118e-02 5.6928884e-02
 4.9197800e-02 5.4589339e-02 5.2434497e-02 5.7753939e-02]


Learning Rate: 0.0005
Train Loss: 0.3780, Val Loss: 0.3324
Train Loss: 0.3780, Val Loss: 0.3324Train Loss: 0.3780, Val Loss: 0.3324

Train Loss: 0.3780, Val Loss: 0.3324
Per-Class Precision: [1.         0.65359477 0.83233533 0.63362069 0.3125     0.66949153
 0.2992126  0.21071429 0.42995169 0.09273183 0.2195122  0.17928287
 0.11967546 0.47552448 0.36956522 0.39419087 0.50675676 0.6147541
 0.58139535]
Per-Class Recall: [0.9903997  1.         0.92666667 0.98       0.85       0.79
 0.76       0.78666667 0.89       0.98666667 0.36       0.6
 0.472      0.77714286 0.45333333 0.95       0.85714286 1.
 1.        ]
Per-Class F1-Score: [0.99517669 0.79051383 0.87697161 0.76963351 0.45698925 0.72477064
 0.42937853 0.33239437 0.57980456 0.16953036 0.27272727 0.27607362
 0.19093851 0.59002169 0.40718563 0.55718475 0.63694268 0.76142132
 0.73529412]
Support per Class: [293949    100    150    150    100    100    100     75    100     75
    125    150    125    175     75    100    175     75     75]
Weighted Precision: 0.9961, Weighted Recall: 0.9891, Weighted F1-Score: 0.9921
Precision: 0.9961, Recall: 0.9891, F1-Score: 0.9921
Fold 1, Epoch 1600, Train Loss: 0.3780, Val Loss: 0.3324, Val Acc: 0.9875
Precision: 0.9962, Recall: 0.9881, F1-Score: 0.9916
Fold 1, Epoch 1601, Train Loss: 0.3988, Val Loss: 0.3127, Val Acc: 0.9866
Precision: 0.9962, Recall: 0.9875, F1-Score: 0.9911
Fold 1, Epoch 1602, Train Loss: 0.3710, Val Loss: 0.3236, Val Acc: 0.9859
Precision: 0.9962, Recall: 0.9878, F1-Score: 0.9914
Fold 1, Epoch 1603, Train Loss: 0.3673, Val Loss: 0.3531, Val Acc: 0.9869
Precision: 0.9960, Recall: 0.9897, F1-Score: 0.9923
Fold 1, Epoch 1604, Train Loss: 0.4255, Val Loss: 0.3091, Val Acc: 0.9886
Precision: 0.9960, Recall: 0.9811, F1-Score: 0.9879
Fold 1, Epoch 1605, Train Loss: 0.3776, Val Loss: 0.3362, Val Acc: 0.9814
Precision: 0.9962, Recall: 0.9866, F1-Score: 0.9908
Fold 1, Epoch 1606, Train Loss: 0.3728, Val Loss: 0.3270, Val Acc: 0.9855
Precision: 0.9962, Recall: 0.9909, F1-Score: 0.9930
Fold 1, Epoch 1607, Train Loss: 0.3595, Val Loss: 0.3143, Val Acc: 0.9899
Precision: 0.9961, Recall: 0.9865, F1-Score: 0.9907
Fold 1, Epoch 1608, Train Loss: 0.3759, Val Loss: 0.3138, Val Acc: 0.9845
Precision: 0.9963, Recall: 0.9904, F1-Score: 0.9929
Fold 1, Epoch 1609, Train Loss: 0.3737, Val Loss: 0.3171, Val Acc: 0.9890

--- Epoch 1610 ---
--- Epoch 1610 ---
--- Epoch 1610 ---



--- Epoch 1610 ---
Class Weights: [2.1182575e-05 5.6127068e-02 5.6127068e-02 5.9477936e-02 5.6928884e-02
 5.3851645e-02 5.3851645e-02 4.9812771e-02 5.9477936e-02 5.6127068e-02
 6.1308030e-02 5.1753532e-02 5.3851645e-02 6.0379118e-02 5.6928884e-02
 4.9197800e-02 5.4589339e-02 5.2434497e-02 5.7753939e-02]Class Weights: [2.1182575e-05 5.6127068e-02 5.6127068e-02 5.9477936e-02 5.6928884e-02
 5.3851645e-02 5.3851645e-02 4.9812771e-02 5.9477936e-02 5.6127068e-02
 6.1308030e-02 5.1753532e-02 5.3851645e-02 6.0379118e-02 5.6928884e-02
 4.9197800e-02 5.4589339e-02 5.2434497e-02 5.7753939e-02]Class Weights: [2.1182575e-05 5.6127068e-02 5.6127068e-02 5.9477936e-02 5.6928884e-02
 5.3851645e-02 5.3851645e-02 4.9812771e-02 5.9477936e-02 5.6127068e-02
 6.1308030e-02 5.1753532e-02 5.3851645e-02 6.0379118e-02 5.6928884e-02
 4.9197800e-02 5.4589339e-02 5.2434497e-02 5.7753939e-02]
Class Weights: [2.1182575e-05 5.6127068e-02 5.6127068e-02 5.9477936e-02 5.6928884e-02
 5.3851645e-02 5.3851645e-02 4.9812771e-02 5.9477936e-02 5.6127068e-02
 6.1308030e-02 5.1753532e-02 5.3851645e-02 6.0379118e-02 5.6928884e-02
 4.9197800e-02 5.4589339e-02 5.2434497e-02 5.7753939e-02]


Learning Rate: 0.0005Learning Rate: 0.0005
Learning Rate: 0.0005
Learning Rate: 0.0005

Train Loss: 0.3537, Val Loss: 0.3145
Train Loss: 0.3537, Val Loss: 0.3145
Train Loss: 0.3537, Val Loss: 0.3145Train Loss: 0.3537, Val Loss: 0.3145

Per-Class Precision: [1.         0.49261084 0.80213904 0.63913043 0.29520295 0.52717391
 0.42105263 0.19723183 0.36363636 0.18911175 0.19077568 0.185
 0.15407407 0.68       0.18965517 0.42857143 0.49494949 0.52816901
 0.56390977]
Per-Class Recall: [0.99095081 1.         1.         0.98       0.8        0.97
 0.64       0.76       0.92       0.88       0.728      0.24666667
 0.832      0.58285714 0.73333333 0.87       0.84       1.
 1.        ]
Per-Class F1-Score: [0.99545484 0.66006601 0.89020772 0.77368421 0.43126685 0.68309859
 0.50793651 0.31318681 0.52124646 0.31132075 0.30232558 0.21142857
 0.26       0.62769231 0.30136986 0.57425743 0.62288136 0.69124424
 0.72115385]
Support per Class: [293949    100    150    150    100    100    100     75    100     75
    125    150    125    175     75    100    175     75     75]
Weighted Precision: 0.9961, Weighted Recall: 0.9897, Weighted F1-Score: 0.9923
Precision: 0.9961, Recall: 0.9897, F1-Score: 0.9923
Fold 1, Epoch 1610, Train Loss: 0.3537, Val Loss: 0.3145, Val Acc: 0.9884
Precision: 0.9961, Recall: 0.9856, F1-Score: 0.9902
Fold 1, Epoch 1611, Train Loss: 0.3642, Val Loss: 0.3090, Val Acc: 0.9835
Precision: 0.9964, Recall: 0.9899, F1-Score: 0.9926
Fold 1, Epoch 1612, Train Loss: 0.3552, Val Loss: 0.3110, Val Acc: 0.9888
Precision: 0.9963, Recall: 0.9890, F1-Score: 0.9921
Fold 1, Epoch 1613, Train Loss: 0.3766, Val Loss: 0.3174, Val Acc: 0.9877
Precision: 0.9961, Recall: 0.9883, F1-Score: 0.9916
Fold 1, Epoch 1614, Train Loss: 0.3632, Val Loss: 0.3172, Val Acc: 0.9872
Precision: 0.9962, Recall: 0.9898, F1-Score: 0.9925
Fold 1, Epoch 1615, Train Loss: 0.3541, Val Loss: 0.3181, Val Acc: 0.9882
Precision: 0.9963, Recall: 0.9799, F1-Score: 0.9874
Fold 1, Epoch 1616, Train Loss: 0.3721, Val Loss: 0.3140, Val Acc: 0.9783
Precision: 0.9964, Recall: 0.9914, F1-Score: 0.9934
Fold 1, Epoch 1617, Train Loss: 0.3789, Val Loss: 0.3181, Val Acc: 0.9902
Precision: 0.9962, Recall: 0.9860, F1-Score: 0.9905
Fold 1, Epoch 1618, Train Loss: 0.3970, Val Loss: 0.3100, Val Acc: 0.9839
Precision: 0.9961, Recall: 0.9904, F1-Score: 0.9927
Fold 1, Epoch 1619, Train Loss: 0.3706, Val Loss: 0.3187, Val Acc: 0.9891

--- Epoch 1620 ---
--- Epoch 1620 ---
--- Epoch 1620 ---



--- Epoch 1620 ---
Class Weights: [2.1182575e-05 5.6127068e-02 5.6127068e-02 5.9477936e-02 5.6928884e-02
 5.3851645e-02 5.3851645e-02 4.9812771e-02 5.9477936e-02 5.6127068e-02
 6.1308030e-02 5.1753532e-02 5.3851645e-02 6.0379118e-02 5.6928884e-02
 4.9197800e-02 5.4589339e-02 5.2434497e-02 5.7753939e-02]Class Weights: [2.1182575e-05 5.6127068e-02 5.6127068e-02 5.9477936e-02 5.6928884e-02
 5.3851645e-02 5.3851645e-02 4.9812771e-02 5.9477936e-02 5.6127068e-02
 6.1308030e-02 5.1753532e-02 5.3851645e-02 6.0379118e-02 5.6928884e-02
 4.9197800e-02 5.4589339e-02 5.2434497e-02 5.7753939e-02]Class Weights: [2.1182575e-05 5.6127068e-02 5.6127068e-02 5.9477936e-02 5.6928884e-02
 5.3851645e-02 5.3851645e-02 4.9812771e-02 5.9477936e-02 5.6127068e-02
 6.1308030e-02 5.1753532e-02 5.3851645e-02 6.0379118e-02 5.6928884e-02
 4.9197800e-02 5.4589339e-02 5.2434497e-02 5.7753939e-02]


Learning Rate: 0.0005Learning Rate: 0.0005
Class Weights: [2.1182575e-05 5.6127068e-02 5.6127068e-02 5.9477936e-02 5.6928884e-02
 5.3851645e-02 5.3851645e-02 4.9812771e-02 5.9477936e-02 5.6127068e-02
 6.1308030e-02 5.1753532e-02 5.3851645e-02 6.0379118e-02 5.6928884e-02
 4.9197800e-02 5.4589339e-02 5.2434497e-02 5.7753939e-02]Learning Rate: 0.0005


Learning Rate: 0.0005
Train Loss: 0.3740, Val Loss: 0.3220
Train Loss: 0.3740, Val Loss: 0.3220
Train Loss: 0.3740, Val Loss: 0.3220
Train Loss: 0.3740, Val Loss: 0.3220
Per-Class Precision: [1.         0.58139535 0.88757396 0.76216216 0.30313589 0.65467626
 0.29767442 0.22857143 0.44375    0.13416816 0.22706422 0.22957198
 0.10462287 0.70434783 0.22018349 0.54471545 0.49462366 0.66964286
 0.6       ]
Per-Class Recall: [0.99068886 1.         1.         0.94       0.87       0.91
 0.64       0.85333333 0.71       1.         0.792      0.39333333
 0.688      0.46285714 0.96       0.67       0.78857143 1.
 1.        ]
Per-Class F1-Score: [0.99532265 0.73529412 0.94043887 0.84179104 0.4496124  0.76150628
 0.40634921 0.36056338 0.54615385 0.23659306 0.35294118 0.28992629
 0.18162619 0.55862069 0.35820896 0.60089686 0.60792952 0.80213904
 0.75      ]
Support per Class: [293949    100    150    150    100    100    100     75    100     75
    125    150    125    175     75    100    175     75     75]
Weighted Precision: 0.9964, Weighted Recall: 0.9893, Weighted F1-Score: 0.9923
Precision: 0.9964, Recall: 0.9893, F1-Score: 0.9923
Fold 1, Epoch 1620, Train Loss: 0.3740, Val Loss: 0.3220, Val Acc: 0.9880
Precision: 0.9964, Recall: 0.9883, F1-Score: 0.9917
Fold 1, Epoch 1621, Train Loss: 0.3644, Val Loss: 0.3242, Val Acc: 0.9870
Precision: 0.9961, Recall: 0.9906, F1-Score: 0.9929
Fold 1, Epoch 1622, Train Loss: 0.3515, Val Loss: 0.3007, Val Acc: 0.9893
Precision: 0.9960, Recall: 0.9866, F1-Score: 0.9907
Fold 1, Epoch 1623, Train Loss: 0.3619, Val Loss: 0.3173, Val Acc: 0.9855
Precision: 0.9961, Recall: 0.9905, F1-Score: 0.9929
Fold 1, Epoch 1624, Train Loss: 0.3671, Val Loss: 0.3277, Val Acc: 0.9894
Precision: 0.9963, Recall: 0.9875, F1-Score: 0.9914
Fold 1, Epoch 1625, Train Loss: 0.3575, Val Loss: 0.3125, Val Acc: 0.9856
Precision: 0.9960, Recall: 0.9802, F1-Score: 0.9875
Fold 1, Epoch 1626, Train Loss: 0.3760, Val Loss: 0.3250, Val Acc: 0.9821
Precision: 0.9961, Recall: 0.9876, F1-Score: 0.9913
Fold 1, Epoch 1627, Train Loss: 0.3891, Val Loss: 0.3453, Val Acc: 0.9859
Precision: 0.9961, Recall: 0.9874, F1-Score: 0.9911
Fold 1, Epoch 1628, Train Loss: 0.3630, Val Loss: 0.3203, Val Acc: 0.9862
Precision: 0.9963, Recall: 0.9884, F1-Score: 0.9918
Fold 1, Epoch 1629, Train Loss: 0.3449, Val Loss: 0.3375, Val Acc: 0.9877

--- Epoch 1630 ---
--- Epoch 1630 ---
--- Epoch 1630 ---



--- Epoch 1630 ---
Class Weights: [2.1182575e-05 5.6127068e-02 5.6127068e-02 5.9477936e-02 5.6928884e-02
 5.3851645e-02 5.3851645e-02 4.9812771e-02 5.9477936e-02 5.6127068e-02
 6.1308030e-02 5.1753532e-02 5.3851645e-02 6.0379118e-02 5.6928884e-02
 4.9197800e-02 5.4589339e-02 5.2434497e-02 5.7753939e-02]Class Weights: [2.1182575e-05 5.6127068e-02 5.6127068e-02 5.9477936e-02 5.6928884e-02
 5.3851645e-02 5.3851645e-02 4.9812771e-02 5.9477936e-02 5.6127068e-02
 6.1308030e-02 5.1753532e-02 5.3851645e-02 6.0379118e-02 5.6928884e-02
 4.9197800e-02 5.4589339e-02 5.2434497e-02 5.7753939e-02]Class Weights: [2.1182575e-05 5.6127068e-02 5.6127068e-02 5.9477936e-02 5.6928884e-02
 5.3851645e-02 5.3851645e-02 4.9812771e-02 5.9477936e-02 5.6127068e-02
 6.1308030e-02 5.1753532e-02 5.3851645e-02 6.0379118e-02 5.6928884e-02
 4.9197800e-02 5.4589339e-02 5.2434497e-02 5.7753939e-02]


Learning Rate: 0.0005Learning Rate: 0.0005Class Weights: [2.1182575e-05 5.6127068e-02 5.6127068e-02 5.9477936e-02 5.6928884e-02
 5.3851645e-02 5.3851645e-02 4.9812771e-02 5.9477936e-02 5.6127068e-02
 6.1308030e-02 5.1753532e-02 5.3851645e-02 6.0379118e-02 5.6928884e-02
 4.9197800e-02 5.4589339e-02 5.2434497e-02 5.7753939e-02]Learning Rate: 0.0005



Learning Rate: 0.0005
Train Loss: 0.3700, Val Loss: 0.3196Train Loss: 0.3700, Val Loss: 0.3196

Train Loss: 0.3700, Val Loss: 0.3196
Train Loss: 0.3700, Val Loss: 0.3196
Per-Class Precision: [1.         0.03611412 0.85227273 0.72463768 0.41436464 0.61313869
 0.26070039 0.15902141 0.31666667 0.10823171 0.23577236 0.18900344
 0.15232975 0.62702703 0.3047619  0.52666667 0.53676471 0.69444444
 0.6147541 ]
Per-Class Recall: [0.98213976 1.         1.         1.         0.75       0.84
 0.67       0.69333333 0.95       0.94666667 0.696      0.36666667
 0.68       0.66285714 0.85333333 0.79       0.83428571 1.
 1.        ]
Per-Class F1-Score: [0.99098941 0.0697107  0.9202454  0.84033613 0.53380783 0.70886076
 0.37535014 0.25870647 0.475      0.19425445 0.35222672 0.24943311
 0.2489019  0.64444444 0.44912281 0.632      0.65324385 0.81967213
 0.76142132]
Support per Class: [293949    100    150    150    100    100    100     75    100     75
    125    150    125    175     75    100    175     75     75]
Weighted Precision: 0.9961, Weighted Recall: 0.9809, Weighted F1-Score: 0.9878
Precision: 0.9961, Recall: 0.9809, F1-Score: 0.9878
Fold 1, Epoch 1630, Train Loss: 0.3700, Val Loss: 0.3196, Val Acc: 0.9818
Precision: 0.9961, Recall: 0.9890, F1-Score: 0.9920
Fold 1, Epoch 1631, Train Loss: 0.3667, Val Loss: 0.3161, Val Acc: 0.9877
Precision: 0.9964, Recall: 0.9901, F1-Score: 0.9928
Fold 1, Epoch 1632, Train Loss: 0.3534, Val Loss: 0.3257, Val Acc: 0.9886
Precision: 0.9961, Recall: 0.9897, F1-Score: 0.9924
Fold 1, Epoch 1633, Train Loss: 0.3514, Val Loss: 0.3065, Val Acc: 0.9882
Precision: 0.9961, Recall: 0.9891, F1-Score: 0.9921
Fold 1, Epoch 1634, Train Loss: 0.3671, Val Loss: 0.3294, Val Acc: 0.9876
Precision: 0.9963, Recall: 0.9893, F1-Score: 0.9923
Fold 1, Epoch 1635, Train Loss: 0.3701, Val Loss: 0.3227, Val Acc: 0.9880
Precision: 0.9962, Recall: 0.9875, F1-Score: 0.9912
Fold 1, Epoch 1636, Train Loss: 0.3670, Val Loss: 0.3495, Val Acc: 0.9855
Precision: 0.9963, Recall: 0.9886, F1-Score: 0.9919
Fold 1, Epoch 1637, Train Loss: 0.3555, Val Loss: 0.3259, Val Acc: 0.9872
Precision: 0.9960, Recall: 0.9786, F1-Score: 0.9866
Fold 1, Epoch 1638, Train Loss: 0.3744, Val Loss: 0.3153, Val Acc: 0.9808
Precision: 0.9961, Recall: 0.9901, F1-Score: 0.9926
Fold 1, Epoch 1639, Train Loss: 0.3841, Val Loss: 0.3128, Val Acc: 0.9886

--- Epoch 1640 ---
--- Epoch 1640 ---
--- Epoch 1640 ---



--- Epoch 1640 ---
Class Weights: [2.1182575e-05 5.6127068e-02 5.6127068e-02 5.9477936e-02 5.6928884e-02
 5.3851645e-02 5.3851645e-02 4.9812771e-02 5.9477936e-02 5.6127068e-02
 6.1308030e-02 5.1753532e-02 5.3851645e-02 6.0379118e-02 5.6928884e-02
 4.9197800e-02 5.4589339e-02 5.2434497e-02 5.7753939e-02]Class Weights: [2.1182575e-05 5.6127068e-02 5.6127068e-02 5.9477936e-02 5.6928884e-02
 5.3851645e-02 5.3851645e-02 4.9812771e-02 5.9477936e-02 5.6127068e-02
 6.1308030e-02 5.1753532e-02 5.3851645e-02 6.0379118e-02 5.6928884e-02
 4.9197800e-02 5.4589339e-02 5.2434497e-02 5.7753939e-02]Class Weights: [2.1182575e-05 5.6127068e-02 5.6127068e-02 5.9477936e-02 5.6928884e-02
 5.3851645e-02 5.3851645e-02 4.9812771e-02 5.9477936e-02 5.6127068e-02
 6.1308030e-02 5.1753532e-02 5.3851645e-02 6.0379118e-02 5.6928884e-02
 4.9197800e-02 5.4589339e-02 5.2434497e-02 5.7753939e-02]


Class Weights: [2.1182575e-05 5.6127068e-02 5.6127068e-02 5.9477936e-02 5.6928884e-02
 5.3851645e-02 5.3851645e-02 4.9812771e-02 5.9477936e-02 5.6127068e-02
 6.1308030e-02 5.1753532e-02 5.3851645e-02 6.0379118e-02 5.6928884e-02
 4.9197800e-02 5.4589339e-02 5.2434497e-02 5.7753939e-02]Learning Rate: 0.0005Learning Rate: 0.0005Learning Rate: 0.0005



Learning Rate: 0.0005
Train Loss: 0.3743, Val Loss: 0.3341Train Loss: 0.3743, Val Loss: 0.3341
Train Loss: 0.3743, Val Loss: 0.3341
Train Loss: 0.3743, Val Loss: 0.3341

Per-Class Precision: [1.         0.63694268 0.82872928 0.67361111 0.22463768 0.59863946
 0.25777778 0.15170279 0.29464286 0.10465116 0.25304136 0.19796954
 0.16804408 0.66257669 0.39597315 0.47953216 0.52123552 0.52816901
 0.54744526]
Per-Class Recall: [0.990927   1.         1.         0.64666667 0.93       0.88
 0.58       0.65333333 0.66       0.96       0.832      0.52
 0.488      0.61714286 0.78666667 0.82       0.77142857 1.
 1.        ]
Per-Class F1-Score: [0.99544283 0.77821012 0.90634441 0.65986395 0.3618677  0.71255061
 0.35692308 0.24623116 0.40740741 0.1887287  0.3880597  0.28676471
 0.25       0.63905325 0.52678571 0.60516605 0.62211982 0.69124424
 0.70754717]
Support per Class: [293949    100    150    150    100    100    100     75    100     75
    125    150    125    175     75    100    175     75     75]
Weighted Precision: 0.9962, Weighted Recall: 0.9894, Weighted F1-Score: 0.9923
Precision: 0.9962, Recall: 0.9894, F1-Score: 0.9923
Fold 1, Epoch 1640, Train Loss: 0.3743, Val Loss: 0.3341, Val Acc: 0.9880
Precision: 0.9962, Recall: 0.9882, F1-Score: 0.9916
Fold 1, Epoch 1641, Train Loss: 0.3670, Val Loss: 0.3215, Val Acc: 0.9863
Precision: 0.9962, Recall: 0.9900, F1-Score: 0.9926
Fold 1, Epoch 1642, Train Loss: 0.3602, Val Loss: 0.3291, Val Acc: 0.9885
Precision: 0.9964, Recall: 0.9890, F1-Score: 0.9921
Fold 1, Epoch 1643, Train Loss: 0.3671, Val Loss: 0.3114, Val Acc: 0.9878
Precision: 0.9962, Recall: 0.9884, F1-Score: 0.9917
Fold 1, Epoch 1644, Train Loss: 0.3583, Val Loss: 0.3144, Val Acc: 0.9865
Precision: 0.9962, Recall: 0.9903, F1-Score: 0.9928
Fold 1, Epoch 1645, Train Loss: 0.3721, Val Loss: 0.3205, Val Acc: 0.9889
Precision: 0.9960, Recall: 0.9861, F1-Score: 0.9905
Fold 1, Epoch 1646, Train Loss: 0.3517, Val Loss: 0.3179, Val Acc: 0.9842
Precision: 0.9962, Recall: 0.9881, F1-Score: 0.9917
Fold 1, Epoch 1647, Train Loss: 0.3951, Val Loss: 0.3311, Val Acc: 0.9862
Precision: 0.9962, Recall: 0.9891, F1-Score: 0.9921
Fold 1, Epoch 1648, Train Loss: 0.3673, Val Loss: 0.3079, Val Acc: 0.9879
Precision: 0.9963, Recall: 0.9896, F1-Score: 0.9924
Fold 1, Epoch 1649, Train Loss: 0.3599, Val Loss: 0.3152, Val Acc: 0.9882

--- Epoch 1650 ---
--- Epoch 1650 ---
--- Epoch 1650 ---



--- Epoch 1650 ---
Class Weights: [2.1182575e-05 5.6127068e-02 5.6127068e-02 5.9477936e-02 5.6928884e-02
 5.3851645e-02 5.3851645e-02 4.9812771e-02 5.9477936e-02 5.6127068e-02
 6.1308030e-02 5.1753532e-02 5.3851645e-02 6.0379118e-02 5.6928884e-02
 4.9197800e-02 5.4589339e-02 5.2434497e-02 5.7753939e-02]Class Weights: [2.1182575e-05 5.6127068e-02 5.6127068e-02 5.9477936e-02 5.6928884e-02
 5.3851645e-02 5.3851645e-02 4.9812771e-02 5.9477936e-02 5.6127068e-02
 6.1308030e-02 5.1753532e-02 5.3851645e-02 6.0379118e-02 5.6928884e-02
 4.9197800e-02 5.4589339e-02 5.2434497e-02 5.7753939e-02]Class Weights: [2.1182575e-05 5.6127068e-02 5.6127068e-02 5.9477936e-02 5.6928884e-02
 5.3851645e-02 5.3851645e-02 4.9812771e-02 5.9477936e-02 5.6127068e-02
 6.1308030e-02 5.1753532e-02 5.3851645e-02 6.0379118e-02 5.6928884e-02
 4.9197800e-02 5.4589339e-02 5.2434497e-02 5.7753939e-02]


Class Weights: [2.1182575e-05 5.6127068e-02 5.6127068e-02 5.9477936e-02 5.6928884e-02
 5.3851645e-02 5.3851645e-02 4.9812771e-02 5.9477936e-02 5.6127068e-02
 6.1308030e-02 5.1753532e-02 5.3851645e-02 6.0379118e-02 5.6928884e-02
 4.9197800e-02 5.4589339e-02 5.2434497e-02 5.7753939e-02]Learning Rate: 0.0005Learning Rate: 0.0005Learning Rate: 0.0005



Learning Rate: 0.0005
Train Loss: 0.3509, Val Loss: 0.3180
Train Loss: 0.3509, Val Loss: 0.3180Train Loss: 0.3509, Val Loss: 0.3180

Train Loss: 0.3509, Val Loss: 0.3180
Per-Class Precision: [1.         0.5952381  0.89156627 0.76923077 0.28246753 0.6056338
 0.27874564 0.169279   0.48591549 0.11076443 0.08985765 0.13818182
 0.12626263 0.74342105 0.31927711 0.54901961 0.45508982 0.64655172
 0.66964286]
Per-Class Recall: [0.98786524 1.         0.98666667 1.         0.87       0.86
 0.8        0.72       0.69       0.94666667 0.808      0.25333333
 0.8        0.64571429 0.70666667 0.84       0.86857143 1.
 1.        ]
Per-Class F1-Score: [0.99389558 0.74626866 0.93670886 0.86956522 0.42647059 0.7107438
 0.41343669 0.27411168 0.57024793 0.19832402 0.16172938 0.17882353
 0.21810251 0.6911315  0.43983402 0.66403162 0.59724951 0.78534031
 0.80213904]
Support per Class: [293949    100    150    150    100    100    100     75    100     75
    125    150    125    175     75    100    175     75     75]
Weighted Precision: 0.9963, Weighted Recall: 0.9866, Weighted F1-Score: 0.9909
Precision: 0.9963, Recall: 0.9866, F1-Score: 0.9909
Fold 1, Epoch 1650, Train Loss: 0.3509, Val Loss: 0.3180, Val Acc: 0.9860
Precision: 0.9964, Recall: 0.9906, F1-Score: 0.9930
Fold 1, Epoch 1651, Train Loss: 0.3609, Val Loss: 0.3111, Val Acc: 0.9891
Precision: 0.9961, Recall: 0.9880, F1-Score: 0.9915
Fold 1, Epoch 1652, Train Loss: 0.3570, Val Loss: 0.3104, Val Acc: 0.9859
Precision: 0.9962, Recall: 0.9903, F1-Score: 0.9928
Fold 1, Epoch 1653, Train Loss: 0.3747, Val Loss: 0.3148, Val Acc: 0.9891
Precision: 0.9963, Recall: 0.9884, F1-Score: 0.9917
Fold 1, Epoch 1654, Train Loss: 0.3787, Val Loss: 0.3494, Val Acc: 0.9867
Precision: 0.9963, Recall: 0.9883, F1-Score: 0.9917
Fold 1, Epoch 1655, Train Loss: 0.3734, Val Loss: 0.3264, Val Acc: 0.9869
Precision: 0.9962, Recall: 0.9884, F1-Score: 0.9917
Fold 1, Epoch 1656, Train Loss: 0.3441, Val Loss: 0.3112, Val Acc: 0.9872
Precision: 0.9962, Recall: 0.9905, F1-Score: 0.9929
Fold 1, Epoch 1657, Train Loss: 0.3624, Val Loss: 0.3224, Val Acc: 0.9890
Precision: 0.9963, Recall: 0.9898, F1-Score: 0.9925
Fold 1, Epoch 1658, Train Loss: 0.3573, Val Loss: 0.3105, Val Acc: 0.9885
Precision: 0.9964, Recall: 0.9897, F1-Score: 0.9925
Fold 1, Epoch 1659, Train Loss: 0.3534, Val Loss: 0.3073, Val Acc: 0.9881

--- Epoch 1660 ---
--- Epoch 1660 ---
--- Epoch 1660 ---



--- Epoch 1660 ---
Class Weights: [2.1182575e-05 5.6127068e-02 5.6127068e-02 5.9477936e-02 5.6928884e-02
 5.3851645e-02 5.3851645e-02 4.9812771e-02 5.9477936e-02 5.6127068e-02
 6.1308030e-02 5.1753532e-02 5.3851645e-02 6.0379118e-02 5.6928884e-02
 4.9197800e-02 5.4589339e-02 5.2434497e-02 5.7753939e-02]Class Weights: [2.1182575e-05 5.6127068e-02 5.6127068e-02 5.9477936e-02 5.6928884e-02
 5.3851645e-02 5.3851645e-02 4.9812771e-02 5.9477936e-02 5.6127068e-02
 6.1308030e-02 5.1753532e-02 5.3851645e-02 6.0379118e-02 5.6928884e-02
 4.9197800e-02 5.4589339e-02 5.2434497e-02 5.7753939e-02]Class Weights: [2.1182575e-05 5.6127068e-02 5.6127068e-02 5.9477936e-02 5.6928884e-02
 5.3851645e-02 5.3851645e-02 4.9812771e-02 5.9477936e-02 5.6127068e-02
 6.1308030e-02 5.1753532e-02 5.3851645e-02 6.0379118e-02 5.6928884e-02
 4.9197800e-02 5.4589339e-02 5.2434497e-02 5.7753939e-02]


Learning Rate: 0.0005Learning Rate: 0.0005Learning Rate: 0.0005
Class Weights: [2.1182575e-05 5.6127068e-02 5.6127068e-02 5.9477936e-02 5.6928884e-02
 5.3851645e-02 5.3851645e-02 4.9812771e-02 5.9477936e-02 5.6127068e-02
 6.1308030e-02 5.1753532e-02 5.3851645e-02 6.0379118e-02 5.6928884e-02
 4.9197800e-02 5.4589339e-02 5.2434497e-02 5.7753939e-02]


Learning Rate: 0.0005
Train Loss: 0.3465, Val Loss: 0.2979
Train Loss: 0.3465, Val Loss: 0.2979Train Loss: 0.3465, Val Loss: 0.2979
Train Loss: 0.3465, Val Loss: 0.2979

Per-Class Precision: [1.         0.66225166 0.87719298 0.63559322 0.23714286 0.60784314
 0.17303823 0.19753086 0.38222222 0.12788632 0.16777409 0.16891892
 0.16155089 0.65454545 0.46491228 0.47282609 0.48611111 0.58139535
 0.67272727]
Per-Class Recall: [0.98955261 1.         1.         1.         0.83       0.93
 0.86       0.64       0.86       0.96       0.808      0.33333333
 0.8        0.61714286 0.70666667 0.87       0.8        1.
 0.98666667]
Per-Class F1-Score: [0.99474887 0.79681275 0.93457944 0.77720207 0.36888889 0.73517787
 0.2881072  0.30188679 0.52923077 0.22570533 0.2778542  0.22421525
 0.2688172  0.63529412 0.56084656 0.61267606 0.60475162 0.73529412
 0.8       ]
Support per Class: [293949    100    150    150    100    100    100     75    100     75
    125    150    125    175     75    100    175     75     75]
Weighted Precision: 0.9962, Weighted Recall: 0.9884, Weighted F1-Score: 0.9917
Precision: 0.9962, Recall: 0.9884, F1-Score: 0.9917
Fold 1, Epoch 1660, Train Loss: 0.3465, Val Loss: 0.2979, Val Acc: 0.9866
Precision: 0.9961, Recall: 0.9877, F1-Score: 0.9912
Fold 1, Epoch 1661, Train Loss: 0.3578, Val Loss: 0.3001, Val Acc: 0.9868
Precision: 0.9964, Recall: 0.9900, F1-Score: 0.9927
Fold 1, Epoch 1662, Train Loss: 0.3470, Val Loss: 0.3089, Val Acc: 0.9885
Precision: 0.9962, Recall: 0.9882, F1-Score: 0.9916
Fold 1, Epoch 1663, Train Loss: 0.3550, Val Loss: 0.3109, Val Acc: 0.9862
Precision: 0.9961, Recall: 0.9788, F1-Score: 0.9868
Fold 1, Epoch 1664, Train Loss: 0.3583, Val Loss: 0.3102, Val Acc: 0.9770
Precision: 0.9964, Recall: 0.9911, F1-Score: 0.9933
Fold 1, Epoch 1665, Train Loss: 0.3625, Val Loss: 0.3093, Val Acc: 0.9897
Precision: 0.9963, Recall: 0.9862, F1-Score: 0.9906
Fold 1, Epoch 1666, Train Loss: 0.3583, Val Loss: 0.3115, Val Acc: 0.9850
Precision: 0.9963, Recall: 0.9901, F1-Score: 0.9927
Fold 1, Epoch 1667, Train Loss: 0.3797, Val Loss: 0.3166, Val Acc: 0.9889
Precision: 0.9965, Recall: 0.9900, F1-Score: 0.9927
Fold 1, Epoch 1668, Train Loss: 0.3730, Val Loss: 0.3132, Val Acc: 0.9884
Precision: 0.9959, Recall: 0.9797, F1-Score: 0.9871
Fold 1, Epoch 1669, Train Loss: 0.3757, Val Loss: 0.3240, Val Acc: 0.9798

--- Epoch 1670 ---
--- Epoch 1670 ---
--- Epoch 1670 ---



--- Epoch 1670 ---
Class Weights: [2.1182575e-05 5.6127068e-02 5.6127068e-02 5.9477936e-02 5.6928884e-02
 5.3851645e-02 5.3851645e-02 4.9812771e-02 5.9477936e-02 5.6127068e-02
 6.1308030e-02 5.1753532e-02 5.3851645e-02 6.0379118e-02 5.6928884e-02
 4.9197800e-02 5.4589339e-02 5.2434497e-02 5.7753939e-02]Class Weights: [2.1182575e-05 5.6127068e-02 5.6127068e-02 5.9477936e-02 5.6928884e-02
 5.3851645e-02 5.3851645e-02 4.9812771e-02 5.9477936e-02 5.6127068e-02
 6.1308030e-02 5.1753532e-02 5.3851645e-02 6.0379118e-02 5.6928884e-02
 4.9197800e-02 5.4589339e-02 5.2434497e-02 5.7753939e-02]Class Weights: [2.1182575e-05 5.6127068e-02 5.6127068e-02 5.9477936e-02 5.6928884e-02
 5.3851645e-02 5.3851645e-02 4.9812771e-02 5.9477936e-02 5.6127068e-02
 6.1308030e-02 5.1753532e-02 5.3851645e-02 6.0379118e-02 5.6928884e-02
 4.9197800e-02 5.4589339e-02 5.2434497e-02 5.7753939e-02]


Learning Rate: 0.0005Learning Rate: 0.0005Learning Rate: 0.0005
Class Weights: [2.1182575e-05 5.6127068e-02 5.6127068e-02 5.9477936e-02 5.6928884e-02
 5.3851645e-02 5.3851645e-02 4.9812771e-02 5.9477936e-02 5.6127068e-02
 6.1308030e-02 5.1753532e-02 5.3851645e-02 6.0379118e-02 5.6928884e-02
 4.9197800e-02 5.4589339e-02 5.2434497e-02 5.7753939e-02]


Learning Rate: 0.0005
Train Loss: 0.3615, Val Loss: 0.3157
Train Loss: 0.3615, Val Loss: 0.3157
Train Loss: 0.3615, Val Loss: 0.3157
Train Loss: 0.3615, Val Loss: 0.3157
Per-Class Precision: [1.         0.51020408 0.81521739 0.72392638 0.28143713 0.69354839
 0.20218579 0.22222222 0.36752137 0.16190476 0.2540107  0.17892157
 0.10455764 0.57920792 0.31550802 0.51333333 0.47249191 0.6302521
 0.64655172]
Per-Class Recall: [0.99172646 1.         1.         0.78666667 0.94       0.86
 0.74       0.58666667 0.86       0.90666667 0.76       0.48666667
 0.312      0.66857143 0.78666667 0.77       0.83428571 1.
 1.        ]
Per-Class F1-Score: [0.99584604 0.67567568 0.89820359 0.75399361 0.43317972 0.76785714
 0.31759657 0.32234432 0.51497006 0.27474747 0.38076152 0.26164875
 0.15662651 0.62068966 0.45038168 0.616      0.60330579 0.77319588
 0.78534031]
Support per Class: [293949    100    150    150    100    100    100     75    100     75
    125    150    125    175     75    100    175     75     75]
Weighted Precision: 0.9962, Weighted Recall: 0.9903, Weighted F1-Score: 0.9927
Precision: 0.9962, Recall: 0.9903, F1-Score: 0.9927
Fold 1, Epoch 1670, Train Loss: 0.3615, Val Loss: 0.3157, Val Acc: 0.9894
Precision: 0.9960, Recall: 0.9859, F1-Score: 0.9903
Fold 1, Epoch 1671, Train Loss: 0.3878, Val Loss: 0.3112, Val Acc: 0.9856
Precision: 0.9962, Recall: 0.9902, F1-Score: 0.9927
Fold 1, Epoch 1672, Train Loss: 0.3760, Val Loss: 0.3116, Val Acc: 0.9894
Precision: 0.9962, Recall: 0.9869, F1-Score: 0.9910
Fold 1, Epoch 1673, Train Loss: 0.3662, Val Loss: 0.3088, Val Acc: 0.9849
Precision: 0.9965, Recall: 0.9902, F1-Score: 0.9929
Fold 1, Epoch 1674, Train Loss: 0.3569, Val Loss: 0.3186, Val Acc: 0.9888
Precision: 0.9962, Recall: 0.9849, F1-Score: 0.9899
Fold 1, Epoch 1675, Train Loss: 0.3704, Val Loss: 0.3129, Val Acc: 0.9837
Precision: 0.9963, Recall: 0.9912, F1-Score: 0.9933
Fold 1, Epoch 1676, Train Loss: 0.3636, Val Loss: 0.3190, Val Acc: 0.9901
Precision: 0.9961, Recall: 0.9809, F1-Score: 0.9878
Fold 1, Epoch 1677, Train Loss: 0.3682, Val Loss: 0.3152, Val Acc: 0.9810
Precision: 0.9963, Recall: 0.9902, F1-Score: 0.9927
Fold 1, Epoch 1678, Train Loss: 0.3533, Val Loss: 0.3119, Val Acc: 0.9887
Precision: 0.9962, Recall: 0.9894, F1-Score: 0.9922
Fold 1, Epoch 1679, Train Loss: 0.3619, Val Loss: 0.3127, Val Acc: 0.9878

--- Epoch 1680 ---
--- Epoch 1680 ---
--- Epoch 1680 ---



--- Epoch 1680 ---
Class Weights: [2.1182575e-05 5.6127068e-02 5.6127068e-02 5.9477936e-02 5.6928884e-02
 5.3851645e-02 5.3851645e-02 4.9812771e-02 5.9477936e-02 5.6127068e-02
 6.1308030e-02 5.1753532e-02 5.3851645e-02 6.0379118e-02 5.6928884e-02
 4.9197800e-02 5.4589339e-02 5.2434497e-02 5.7753939e-02]Class Weights: [2.1182575e-05 5.6127068e-02 5.6127068e-02 5.9477936e-02 5.6928884e-02
 5.3851645e-02 5.3851645e-02 4.9812771e-02 5.9477936e-02 5.6127068e-02
 6.1308030e-02 5.1753532e-02 5.3851645e-02 6.0379118e-02 5.6928884e-02
 4.9197800e-02 5.4589339e-02 5.2434497e-02 5.7753939e-02]Class Weights: [2.1182575e-05 5.6127068e-02 5.6127068e-02 5.9477936e-02 5.6928884e-02
 5.3851645e-02 5.3851645e-02 4.9812771e-02 5.9477936e-02 5.6127068e-02
 6.1308030e-02 5.1753532e-02 5.3851645e-02 6.0379118e-02 5.6928884e-02
 4.9197800e-02 5.4589339e-02 5.2434497e-02 5.7753939e-02]


Learning Rate: 0.0005Learning Rate: 0.0005
Learning Rate: 0.0005

Class Weights: [2.1182575e-05 5.6127068e-02 5.6127068e-02 5.9477936e-02 5.6928884e-02
 5.3851645e-02 5.3851645e-02 4.9812771e-02 5.9477936e-02 5.6127068e-02
 6.1308030e-02 5.1753532e-02 5.3851645e-02 6.0379118e-02 5.6928884e-02
 4.9197800e-02 5.4589339e-02 5.2434497e-02 5.7753939e-02]Train Loss: 0.3602, Val Loss: 0.3075
Train Loss: 0.3602, Val Loss: 0.3075
Train Loss: 0.3602, Val Loss: 0.3075
Learning Rate: 0.0005

Train Loss: 0.3602, Val Loss: 0.3075
Per-Class Precision: [1.         0.48543689 0.82417582 0.71428571 0.37931034 0.59027778
 0.30212766 0.12820513 0.27565982 0.15865385 0.1910828  0.26666667
 0.11439842 0.37170264 0.33552632 0.50561798 0.48881789 0.6
 0.54347826]
Per-Class Recall: [0.99032825 1.         1.         1.         0.77       0.85
 0.71       0.66666667 0.94       0.88       0.72       0.42666667
 0.464      0.88571429 0.68       0.9        0.87428571 1.
 1.        ]
Per-Class F1-Score: [0.99514063 0.65359477 0.90361446 0.83333333 0.50825083 0.69672131
 0.4238806  0.21505376 0.42630385 0.2688391  0.30201342 0.32820513
 0.1835443  0.52364865 0.44933921 0.64748201 0.62704918 0.75
 0.70422535]
Support per Class: [293949    100    150    150    100    100    100     75    100     75
    125    150    125    175     75    100    175     75     75]
Weighted Precision: 0.9960, Weighted Recall: 0.9891, Weighted F1-Score: 0.9920
Precision: 0.9960, Recall: 0.9891, F1-Score: 0.9920
Fold 1, Epoch 1680, Train Loss: 0.3602, Val Loss: 0.3075, Val Acc: 0.9876
Precision: 0.9962, Recall: 0.9894, F1-Score: 0.9923
Fold 1, Epoch 1681, Train Loss: 0.3651, Val Loss: 0.3079, Val Acc: 0.9882
Precision: 0.9960, Recall: 0.9740, F1-Score: 0.9842
Fold 1, Epoch 1682, Train Loss: 0.3769, Val Loss: 0.3185, Val Acc: 0.9769
Precision: 0.9964, Recall: 0.9892, F1-Score: 0.9922
Fold 1, Epoch 1683, Train Loss: 0.3715, Val Loss: 0.3207, Val Acc: 0.9877
Precision: 0.9962, Recall: 0.9905, F1-Score: 0.9928
Fold 1, Epoch 1684, Train Loss: 0.3789, Val Loss: 0.3031, Val Acc: 0.9893
Precision: 0.9963, Recall: 0.9896, F1-Score: 0.9924
Fold 1, Epoch 1685, Train Loss: 0.3602, Val Loss: 0.3197, Val Acc: 0.9882
Precision: 0.9961, Recall: 0.9895, F1-Score: 0.9922
Fold 1, Epoch 1686, Train Loss: 0.3577, Val Loss: 0.3384, Val Acc: 0.9881
Precision: 0.9962, Recall: 0.9909, F1-Score: 0.9931
Fold 1, Epoch 1687, Train Loss: 0.3710, Val Loss: 0.2937, Val Acc: 0.9895
Precision: 0.9960, Recall: 0.9884, F1-Score: 0.9916
Fold 1, Epoch 1688, Train Loss: 0.3649, Val Loss: 0.3013, Val Acc: 0.9863
Precision: 0.9962, Recall: 0.9903, F1-Score: 0.9927
Fold 1, Epoch 1689, Train Loss: 0.3537, Val Loss: 0.3147, Val Acc: 0.9889

--- Epoch 1690 ---
--- Epoch 1690 ---
--- Epoch 1690 ---



--- Epoch 1690 ---
Class Weights: [2.1182575e-05 5.6127068e-02 5.6127068e-02 5.9477936e-02 5.6928884e-02
 5.3851645e-02 5.3851645e-02 4.9812771e-02 5.9477936e-02 5.6127068e-02
 6.1308030e-02 5.1753532e-02 5.3851645e-02 6.0379118e-02 5.6928884e-02
 4.9197800e-02 5.4589339e-02 5.2434497e-02 5.7753939e-02]Class Weights: [2.1182575e-05 5.6127068e-02 5.6127068e-02 5.9477936e-02 5.6928884e-02
 5.3851645e-02 5.3851645e-02 4.9812771e-02 5.9477936e-02 5.6127068e-02
 6.1308030e-02 5.1753532e-02 5.3851645e-02 6.0379118e-02 5.6928884e-02
 4.9197800e-02 5.4589339e-02 5.2434497e-02 5.7753939e-02]Class Weights: [2.1182575e-05 5.6127068e-02 5.6127068e-02 5.9477936e-02 5.6928884e-02
 5.3851645e-02 5.3851645e-02 4.9812771e-02 5.9477936e-02 5.6127068e-02
 6.1308030e-02 5.1753532e-02 5.3851645e-02 6.0379118e-02 5.6928884e-02
 4.9197800e-02 5.4589339e-02 5.2434497e-02 5.7753939e-02]


Class Weights: [2.1182575e-05 5.6127068e-02 5.6127068e-02 5.9477936e-02 5.6928884e-02
 5.3851645e-02 5.3851645e-02 4.9812771e-02 5.9477936e-02 5.6127068e-02
 6.1308030e-02 5.1753532e-02 5.3851645e-02 6.0379118e-02 5.6928884e-02
 4.9197800e-02 5.4589339e-02 5.2434497e-02 5.7753939e-02]Learning Rate: 0.0005Learning Rate: 0.0005Learning Rate: 0.0005



Learning Rate: 0.0005
Train Loss: 0.3564, Val Loss: 0.3167Train Loss: 0.3564, Val Loss: 0.3167
Train Loss: 0.3564, Val Loss: 0.3167
Train Loss: 0.3564, Val Loss: 0.3167

Per-Class Precision: [1.         0.68027211 0.84745763 0.66497462 0.2439759  0.49714286
 0.24150943 0.19117647 0.33858268 0.1761658  0.22699387 0.16786571
 0.12087912 0.71428571 0.2972973  0.62195122 0.49526814 0.69444444
 0.68807339]
Per-Class Recall: [0.9914543  1.         1.         0.87333333 0.81       0.87
 0.64       0.69333333 0.86       0.90666667 0.888      0.46666667
 0.44       0.54285714 0.88       0.51       0.89714286 1.
 1.        ]
Per-Class F1-Score: [0.99570881 0.8097166  0.91743119 0.75504323 0.375      0.63272727
 0.35068493 0.29971182 0.48587571 0.29501085 0.36156352 0.24691358
 0.18965517 0.61688312 0.44444444 0.56043956 0.63821138 0.81967213
 0.81521739]
Support per Class: [293949    100    150    150    100    100    100     75    100     75
    125    150    125    175     75    100    175     75     75]
Weighted Precision: 0.9963, Weighted Recall: 0.9900, Weighted F1-Score: 0.9926
Precision: 0.9963, Recall: 0.9900, F1-Score: 0.9926
Fold 1, Epoch 1690, Train Loss: 0.3564, Val Loss: 0.3167, Val Acc: 0.9886
Precision: 0.9962, Recall: 0.9885, F1-Score: 0.9918
Fold 1, Epoch 1691, Train Loss: 0.3500, Val Loss: 0.3076, Val Acc: 0.9870
Precision: 0.9962, Recall: 0.9892, F1-Score: 0.9922
Fold 1, Epoch 1692, Train Loss: 0.3636, Val Loss: 0.3030, Val Acc: 0.9878
Precision: 0.9963, Recall: 0.9901, F1-Score: 0.9927
Fold 1, Epoch 1693, Train Loss: 0.3306, Val Loss: 0.3032, Val Acc: 0.9886
Precision: 0.9963, Recall: 0.9901, F1-Score: 0.9927
Fold 1, Epoch 1694, Train Loss: 0.3481, Val Loss: 0.3139, Val Acc: 0.9887
Precision: 0.9962, Recall: 0.9894, F1-Score: 0.9923
Fold 1, Epoch 1695, Train Loss: 0.3420, Val Loss: 0.3347, Val Acc: 0.9880
Precision: 0.9963, Recall: 0.9883, F1-Score: 0.9917
Fold 1, Epoch 1696, Train Loss: 0.3734, Val Loss: 0.3099, Val Acc: 0.9868
Precision: 0.9963, Recall: 0.9899, F1-Score: 0.9926
Fold 1, Epoch 1697, Train Loss: 0.3621, Val Loss: 0.3107, Val Acc: 0.9885
Precision: 0.9958, Recall: 0.9828, F1-Score: 0.9886
Fold 1, Epoch 1698, Train Loss: 0.3543, Val Loss: 0.3222, Val Acc: 0.9814
Precision: 0.9964, Recall: 0.9913, F1-Score: 0.9934
Fold 1, Epoch 1699, Train Loss: 0.3658, Val Loss: 0.3050, Val Acc: 0.9903

--- Epoch 1700 ---
--- Epoch 1700 ---
--- Epoch 1700 ---



--- Epoch 1700 ---
Class Weights: [2.1182575e-05 5.6127068e-02 5.6127068e-02 5.9477936e-02 5.6928884e-02
 5.3851645e-02 5.3851645e-02 4.9812771e-02 5.9477936e-02 5.6127068e-02
 6.1308030e-02 5.1753532e-02 5.3851645e-02 6.0379118e-02 5.6928884e-02
 4.9197800e-02 5.4589339e-02 5.2434497e-02 5.7753939e-02]Class Weights: [2.1182575e-05 5.6127068e-02 5.6127068e-02 5.9477936e-02 5.6928884e-02
 5.3851645e-02 5.3851645e-02 4.9812771e-02 5.9477936e-02 5.6127068e-02
 6.1308030e-02 5.1753532e-02 5.3851645e-02 6.0379118e-02 5.6928884e-02
 4.9197800e-02 5.4589339e-02 5.2434497e-02 5.7753939e-02]Class Weights: [2.1182575e-05 5.6127068e-02 5.6127068e-02 5.9477936e-02 5.6928884e-02
 5.3851645e-02 5.3851645e-02 4.9812771e-02 5.9477936e-02 5.6127068e-02
 6.1308030e-02 5.1753532e-02 5.3851645e-02 6.0379118e-02 5.6928884e-02
 4.9197800e-02 5.4589339e-02 5.2434497e-02 5.7753939e-02]


Class Weights: [2.1182575e-05 5.6127068e-02 5.6127068e-02 5.9477936e-02 5.6928884e-02
 5.3851645e-02 5.3851645e-02 4.9812771e-02 5.9477936e-02 5.6127068e-02
 6.1308030e-02 5.1753532e-02 5.3851645e-02 6.0379118e-02 5.6928884e-02
 4.9197800e-02 5.4589339e-02 5.2434497e-02 5.7753939e-02]Learning Rate: 0.0005Learning Rate: 0.0005Learning Rate: 0.0005



Learning Rate: 0.0005
Train Loss: 0.3739, Val Loss: 0.3123Train Loss: 0.3739, Val Loss: 0.3123
Train Loss: 0.3739, Val Loss: 0.3123
Train Loss: 0.3739, Val Loss: 0.3123

Per-Class Precision: [1.         0.64900662 0.80213904 0.69767442 0.2543554  0.5433526
 0.32806324 0.2246696  0.40465116 0.16083916 0.25       0.16137566
 0.1656051  0.6318408  0.24899598 0.63716814 0.46491228 0.54744526
 0.7047619 ]
Per-Class Recall: [0.99176728 0.98       1.         1.         0.73       0.94
 0.83       0.68       0.87       0.92       0.624      0.40666667
 0.624      0.72571429 0.82666667 0.72       0.90857143 1.
 0.98666667]
Per-Class F1-Score: [0.99586663 0.78087649 0.89020772 0.82191781 0.37726098 0.68864469
 0.47025496 0.33774834 0.55238095 0.27380952 0.35697941 0.23106061
 0.26174497 0.67553191 0.38271605 0.67605634 0.61508704 0.70754717
 0.82222222]
Support per Class: [293949    100    150    150    100    100    100     75    100     75
    125    150    125    175     75    100    175     75     75]
Weighted Precision: 0.9963, Weighted Recall: 0.9905, Weighted F1-Score: 0.9929
Precision: 0.9963, Recall: 0.9905, F1-Score: 0.9929
Fold 1, Epoch 1700, Train Loss: 0.3739, Val Loss: 0.3123, Val Acc: 0.9891
Precision: 0.9960, Recall: 0.9841, F1-Score: 0.9893
Fold 1, Epoch 1701, Train Loss: 0.3774, Val Loss: 0.3069, Val Acc: 0.9832
Precision: 0.9959, Recall: 0.9883, F1-Score: 0.9916
Fold 1, Epoch 1702, Train Loss: 0.3805, Val Loss: 0.3594, Val Acc: 0.9866
Precision: 0.9965, Recall: 0.9887, F1-Score: 0.9920
Fold 1, Epoch 1703, Train Loss: 0.3729, Val Loss: 0.3086, Val Acc: 0.9871
Precision: 0.9963, Recall: 0.9903, F1-Score: 0.9928
Fold 1, Epoch 1704, Train Loss: 0.3660, Val Loss: 0.3133, Val Acc: 0.9891
Precision: 0.9961, Recall: 0.9867, F1-Score: 0.9908
Fold 1, Epoch 1705, Train Loss: 0.3482, Val Loss: 0.3376, Val Acc: 0.9846
Precision: 0.9962, Recall: 0.9911, F1-Score: 0.9932
Fold 1, Epoch 1706, Train Loss: 0.3734, Val Loss: 0.3028, Val Acc: 0.9901
Precision: 0.9962, Recall: 0.9897, F1-Score: 0.9925
Fold 1, Epoch 1707, Train Loss: 0.3968, Val Loss: 0.3205, Val Acc: 0.9880
Precision: 0.9962, Recall: 0.9891, F1-Score: 0.9921
Fold 1, Epoch 1708, Train Loss: 0.3995, Val Loss: 0.3476, Val Acc: 0.9876
Precision: 0.9961, Recall: 0.9825, F1-Score: 0.9887
Fold 1, Epoch 1709, Train Loss: 0.3943, Val Loss: 0.3600, Val Acc: 0.9809

--- Epoch 1710 ---
--- Epoch 1710 ---
--- Epoch 1710 ---



--- Epoch 1710 ---
Class Weights: [2.1182575e-05 5.6127068e-02 5.6127068e-02 5.9477936e-02 5.6928884e-02
 5.3851645e-02 5.3851645e-02 4.9812771e-02 5.9477936e-02 5.6127068e-02
 6.1308030e-02 5.1753532e-02 5.3851645e-02 6.0379118e-02 5.6928884e-02
 4.9197800e-02 5.4589339e-02 5.2434497e-02 5.7753939e-02]Class Weights: [2.1182575e-05 5.6127068e-02 5.6127068e-02 5.9477936e-02 5.6928884e-02
 5.3851645e-02 5.3851645e-02 4.9812771e-02 5.9477936e-02 5.6127068e-02
 6.1308030e-02 5.1753532e-02 5.3851645e-02 6.0379118e-02 5.6928884e-02
 4.9197800e-02 5.4589339e-02 5.2434497e-02 5.7753939e-02]

Class Weights: [2.1182575e-05 5.6127068e-02 5.6127068e-02 5.9477936e-02 5.6928884e-02
 5.3851645e-02 5.3851645e-02 4.9812771e-02 5.9477936e-02 5.6127068e-02
 6.1308030e-02 5.1753532e-02 5.3851645e-02 6.0379118e-02 5.6928884e-02
 4.9197800e-02 5.4589339e-02 5.2434497e-02 5.7753939e-02]Learning Rate: 0.0005Learning Rate: 0.0005

Class Weights: [2.1182575e-05 5.6127068e-02 5.6127068e-02 5.9477936e-02 5.6928884e-02
 5.3851645e-02 5.3851645e-02 4.9812771e-02 5.9477936e-02 5.6127068e-02
 6.1308030e-02 5.1753532e-02 5.3851645e-02 6.0379118e-02 5.6928884e-02
 4.9197800e-02 5.4589339e-02 5.2434497e-02 5.7753939e-02]
Learning Rate: 0.0005

Learning Rate: 0.0005
Train Loss: 0.4081, Val Loss: 0.3194
Train Loss: 0.4081, Val Loss: 0.3194
Train Loss: 0.4081, Val Loss: 0.3194
Train Loss: 0.4081, Val Loss: 0.3194
Per-Class Precision: [1.         0.70921986 0.83798883 0.72058824 0.28125    0.59235669
 0.18863636 0.15833333 0.395      0.19565217 0.16       0.1509434
 0.12909441 0.60487805 0.29411765 0.43478261 0.5        0.65217391
 0.6302521 ]
Per-Class Recall: [0.9910971  1.         1.         0.98       0.81       0.93
 0.83       0.50666667 0.79       0.84       0.512      0.42666667
 0.536      0.70857143 0.66666667 0.9        0.89142857 1.
 1.        ]
Per-Class F1-Score: [0.99552864 0.82987552 0.9118541  0.83050847 0.41752577 0.72373541
 0.30740741 0.24126984 0.52666667 0.31738035 0.24380952 0.22299652
 0.20807453 0.65263158 0.40816327 0.58631922 0.64065708 0.78947368
 0.77319588]
Support per Class: [293949    100    150    150    100    100    100     75    100     75
    125    150    125    175     75    100    175     75     75]
Weighted Precision: 0.9962, Weighted Recall: 0.9897, Weighted F1-Score: 0.9925
Precision: 0.9962, Recall: 0.9897, F1-Score: 0.9925
Fold 1, Epoch 1710, Train Loss: 0.4081, Val Loss: 0.3194, Val Acc: 0.9883
Precision: 0.9961, Recall: 0.9853, F1-Score: 0.9901
Fold 1, Epoch 1711, Train Loss: 0.3704, Val Loss: 0.3236, Val Acc: 0.9839
Precision: 0.9961, Recall: 0.9905, F1-Score: 0.9928
Fold 1, Epoch 1712, Train Loss: 0.3858, Val Loss: 0.3159, Val Acc: 0.9893
Precision: 0.9961, Recall: 0.9900, F1-Score: 0.9925
Fold 1, Epoch 1713, Train Loss: 0.3900, Val Loss: 0.3169, Val Acc: 0.9885
Precision: 0.9962, Recall: 0.9862, F1-Score: 0.9906
Fold 1, Epoch 1714, Train Loss: 0.3980, Val Loss: 0.3303, Val Acc: 0.9841
Precision: 0.9963, Recall: 0.9906, F1-Score: 0.9930
Fold 1, Epoch 1715, Train Loss: 0.3453, Val Loss: 0.3243, Val Acc: 0.9897
Precision: 0.9962, Recall: 0.9882, F1-Score: 0.9917
Fold 1, Epoch 1716, Train Loss: 0.3403, Val Loss: 0.3074, Val Acc: 0.9866
Precision: 0.9962, Recall: 0.9894, F1-Score: 0.9923
Fold 1, Epoch 1717, Train Loss: 0.3448, Val Loss: 0.3090, Val Acc: 0.9882
Precision: 0.9962, Recall: 0.9894, F1-Score: 0.9923
Fold 1, Epoch 1718, Train Loss: 0.3425, Val Loss: 0.3003, Val Acc: 0.9880
Precision: 0.9962, Recall: 0.9891, F1-Score: 0.9921
Fold 1, Epoch 1719, Train Loss: 0.3627, Val Loss: 0.2996, Val Acc: 0.9878

--- Epoch 1720 ---
--- Epoch 1720 ---
--- Epoch 1720 ---



--- Epoch 1720 ---
Class Weights: [2.1182575e-05 5.6127068e-02 5.6127068e-02 5.9477936e-02 5.6928884e-02
 5.3851645e-02 5.3851645e-02 4.9812771e-02 5.9477936e-02 5.6127068e-02
 6.1308030e-02 5.1753532e-02 5.3851645e-02 6.0379118e-02 5.6928884e-02
 4.9197800e-02 5.4589339e-02 5.2434497e-02 5.7753939e-02]Class Weights: [2.1182575e-05 5.6127068e-02 5.6127068e-02 5.9477936e-02 5.6928884e-02
 5.3851645e-02 5.3851645e-02 4.9812771e-02 5.9477936e-02 5.6127068e-02
 6.1308030e-02 5.1753532e-02 5.3851645e-02 6.0379118e-02 5.6928884e-02
 4.9197800e-02 5.4589339e-02 5.2434497e-02 5.7753939e-02]Class Weights: [2.1182575e-05 5.6127068e-02 5.6127068e-02 5.9477936e-02 5.6928884e-02
 5.3851645e-02 5.3851645e-02 4.9812771e-02 5.9477936e-02 5.6127068e-02
 6.1308030e-02 5.1753532e-02 5.3851645e-02 6.0379118e-02 5.6928884e-02
 4.9197800e-02 5.4589339e-02 5.2434497e-02 5.7753939e-02]

Class Weights: [2.1182575e-05 5.6127068e-02 5.6127068e-02 5.9477936e-02 5.6928884e-02
 5.3851645e-02 5.3851645e-02 4.9812771e-02 5.9477936e-02 5.6127068e-02
 6.1308030e-02 5.1753532e-02 5.3851645e-02 6.0379118e-02 5.6928884e-02
 4.9197800e-02 5.4589339e-02 5.2434497e-02 5.7753939e-02]
Learning Rate: 0.0005Learning Rate: 0.0005

Learning Rate: 0.0005
Learning Rate: 0.0005

Train Loss: 0.3694, Val Loss: 0.3143Train Loss: 0.3694, Val Loss: 0.3143

Train Loss: 0.3694, Val Loss: 0.3143Train Loss: 0.3694, Val Loss: 0.3143

Per-Class Precision: [1.         0.61728395 0.72815534 0.65777778 0.28057554 0.62962963
 0.20608108 0.14022989 0.48044693 0.1722488  0.2370892  0.2260274
 0.13461538 0.5505618  0.30681818 0.48275862 0.51310861 0.49019608
 0.64102564]
Per-Class Recall: [0.99146791 1.         1.         0.98666667 0.78       0.85
 0.61       0.81333333 0.86       0.96       0.808      0.44
 0.448      0.56       0.72       0.84       0.78285714 1.
 1.        ]
Per-Class F1-Score: [0.99571568 0.76335878 0.84269663 0.78933333 0.41269841 0.72340426
 0.30808081 0.23921569 0.61648746 0.29208925 0.36660617 0.29864253
 0.20702403 0.55524079 0.43027888 0.61313869 0.6199095  0.65789474
 0.78125   ]
Support per Class: [293949    100    150    150    100    100    100     75    100     75
    125    150    125    175     75    100    175     75     75]
Weighted Precision: 0.9961, Weighted Recall: 0.9900, Weighted F1-Score: 0.9926
Precision: 0.9961, Recall: 0.9900, F1-Score: 0.9926
Fold 1, Epoch 1720, Train Loss: 0.3694, Val Loss: 0.3143, Val Acc: 0.9887
Precision: 0.9962, Recall: 0.9889, F1-Score: 0.9920
Fold 1, Epoch 1721, Train Loss: 0.3464, Val Loss: 0.3292, Val Acc: 0.9872
Precision: 0.9961, Recall: 0.9888, F1-Score: 0.9918
Fold 1, Epoch 1722, Train Loss: 0.3456, Val Loss: 0.2984, Val Acc: 0.9873
Precision: 0.9962, Recall: 0.9880, F1-Score: 0.9916
Fold 1, Epoch 1723, Train Loss: 0.3492, Val Loss: 0.3143, Val Acc: 0.9866
Precision: 0.9963, Recall: 0.9910, F1-Score: 0.9931
Fold 1, Epoch 1724, Train Loss: 0.3455, Val Loss: 0.3114, Val Acc: 0.9897
Precision: 0.9961, Recall: 0.9784, F1-Score: 0.9865
Fold 1, Epoch 1725, Train Loss: 0.3597, Val Loss: 0.3114, Val Acc: 0.9783
Precision: 0.9963, Recall: 0.9914, F1-Score: 0.9934
Fold 1, Epoch 1726, Train Loss: 0.3690, Val Loss: 0.3137, Val Acc: 0.9905
Precision: 0.9963, Recall: 0.9881, F1-Score: 0.9917
Fold 1, Epoch 1727, Train Loss: 0.3640, Val Loss: 0.3125, Val Acc: 0.9861
Precision: 0.9960, Recall: 0.9906, F1-Score: 0.9928
Fold 1, Epoch 1728, Train Loss: 0.3632, Val Loss: 0.3123, Val Acc: 0.9892
Precision: 0.9961, Recall: 0.9894, F1-Score: 0.9922
Fold 1, Epoch 1729, Train Loss: 0.3840, Val Loss: 0.3296, Val Acc: 0.9878

--- Epoch 1730 ---
--- Epoch 1730 ---
--- Epoch 1730 ---



--- Epoch 1730 ---
Class Weights: [2.1182575e-05 5.6127068e-02 5.6127068e-02 5.9477936e-02 5.6928884e-02
 5.3851645e-02 5.3851645e-02 4.9812771e-02 5.9477936e-02 5.6127068e-02
 6.1308030e-02 5.1753532e-02 5.3851645e-02 6.0379118e-02 5.6928884e-02
 4.9197800e-02 5.4589339e-02 5.2434497e-02 5.7753939e-02]Class Weights: [2.1182575e-05 5.6127068e-02 5.6127068e-02 5.9477936e-02 5.6928884e-02
 5.3851645e-02 5.3851645e-02 4.9812771e-02 5.9477936e-02 5.6127068e-02
 6.1308030e-02 5.1753532e-02 5.3851645e-02 6.0379118e-02 5.6928884e-02
 4.9197800e-02 5.4589339e-02 5.2434497e-02 5.7753939e-02]Class Weights: [2.1182575e-05 5.6127068e-02 5.6127068e-02 5.9477936e-02 5.6928884e-02
 5.3851645e-02 5.3851645e-02 4.9812771e-02 5.9477936e-02 5.6127068e-02
 6.1308030e-02 5.1753532e-02 5.3851645e-02 6.0379118e-02 5.6928884e-02
 4.9197800e-02 5.4589339e-02 5.2434497e-02 5.7753939e-02]

Class Weights: [2.1182575e-05 5.6127068e-02 5.6127068e-02 5.9477936e-02 5.6928884e-02
 5.3851645e-02 5.3851645e-02 4.9812771e-02 5.9477936e-02 5.6127068e-02
 6.1308030e-02 5.1753532e-02 5.3851645e-02 6.0379118e-02 5.6928884e-02
 4.9197800e-02 5.4589339e-02 5.2434497e-02 5.7753939e-02]Learning Rate: 0.0005

Learning Rate: 0.0005
Learning Rate: 0.0005
Learning Rate: 0.0005

Train Loss: 0.3791, Val Loss: 0.3556
Train Loss: 0.3791, Val Loss: 0.3556Train Loss: 0.3791, Val Loss: 0.3556Train Loss: 0.3791, Val Loss: 0.3556


Per-Class Precision: [1.         0.56179775 0.89285714 0.72864322 0.35602094 0.56129032
 0.0610687  0.06700168 0.36086957 0.08225617 0.24884793 0.2006689
 0.09885387 0.47222222 0.34269663 0.4556213  0.53526971 0.52083333
 0.7       ]
Per-Class Recall: [0.9898826  1.         1.         0.96666667 0.68       0.87
 0.08       0.53333333 0.83       0.93333333 0.864      0.4
 0.552      0.09714286 0.81333333 0.77       0.73714286 1.
 0.93333333]
Per-Class F1-Score: [0.99491558 0.71942446 0.94339623 0.83094556 0.46735395 0.68235294
 0.06926407 0.11904762 0.5030303  0.1511879  0.38640429 0.26726058
 0.16767922 0.16113744 0.48221344 0.57249071 0.62019231 0.68493151
 0.8       ]
Support per Class: [293949    100    150    150    100    100    100     75    100     75
    125    150    125    175     75    100    175     75     75]
Weighted Precision: 0.9961, Weighted Recall: 0.9879, Weighted F1-Score: 0.9914
Precision: 0.9961, Recall: 0.9879, F1-Score: 0.9914
Fold 1, Epoch 1730, Train Loss: 0.3791, Val Loss: 0.3556, Val Acc: 0.9866
Precision: 0.9962, Recall: 0.9882, F1-Score: 0.9916
Fold 1, Epoch 1731, Train Loss: 0.3810, Val Loss: 0.3200, Val Acc: 0.9872
Precision: 0.9962, Recall: 0.9902, F1-Score: 0.9927
Fold 1, Epoch 1732, Train Loss: 0.3709, Val Loss: 0.3076, Val Acc: 0.9890
Precision: 0.9960, Recall: 0.9885, F1-Score: 0.9917
Fold 1, Epoch 1733, Train Loss: 0.3610, Val Loss: 0.3035, Val Acc: 0.9866
Precision: 0.9964, Recall: 0.9892, F1-Score: 0.9923
Fold 1, Epoch 1734, Train Loss: 0.3665, Val Loss: 0.3099, Val Acc: 0.9883
Precision: 0.9963, Recall: 0.9901, F1-Score: 0.9927
Fold 1, Epoch 1735, Train Loss: 0.3880, Val Loss: 0.3115, Val Acc: 0.9887
Precision: 0.9959, Recall: 0.9848, F1-Score: 0.9897
Fold 1, Epoch 1736, Train Loss: 0.3646, Val Loss: 0.3134, Val Acc: 0.9851
Precision: 0.9961, Recall: 0.9892, F1-Score: 0.9922
Fold 1, Epoch 1737, Train Loss: 0.3493, Val Loss: 0.3133, Val Acc: 0.9874
Precision: 0.9962, Recall: 0.9894, F1-Score: 0.9923
Fold 1, Epoch 1738, Train Loss: 0.3528, Val Loss: 0.3039, Val Acc: 0.9880
Precision: 0.9963, Recall: 0.9893, F1-Score: 0.9922
Fold 1, Epoch 1739, Train Loss: 0.3638, Val Loss: 0.3172, Val Acc: 0.9879

--- Epoch 1740 ---
--- Epoch 1740 ---
--- Epoch 1740 ---



--- Epoch 1740 ---
Class Weights: [2.1182575e-05 5.6127068e-02 5.6127068e-02 5.9477936e-02 5.6928884e-02
 5.3851645e-02 5.3851645e-02 4.9812771e-02 5.9477936e-02 5.6127068e-02
 6.1308030e-02 5.1753532e-02 5.3851645e-02 6.0379118e-02 5.6928884e-02
 4.9197800e-02 5.4589339e-02 5.2434497e-02 5.7753939e-02]Class Weights: [2.1182575e-05 5.6127068e-02 5.6127068e-02 5.9477936e-02 5.6928884e-02
 5.3851645e-02 5.3851645e-02 4.9812771e-02 5.9477936e-02 5.6127068e-02
 6.1308030e-02 5.1753532e-02 5.3851645e-02 6.0379118e-02 5.6928884e-02
 4.9197800e-02 5.4589339e-02 5.2434497e-02 5.7753939e-02]Class Weights: [2.1182575e-05 5.6127068e-02 5.6127068e-02 5.9477936e-02 5.6928884e-02
 5.3851645e-02 5.3851645e-02 4.9812771e-02 5.9477936e-02 5.6127068e-02
 6.1308030e-02 5.1753532e-02 5.3851645e-02 6.0379118e-02 5.6928884e-02
 4.9197800e-02 5.4589339e-02 5.2434497e-02 5.7753939e-02]

Class Weights: [2.1182575e-05 5.6127068e-02 5.6127068e-02 5.9477936e-02 5.6928884e-02
 5.3851645e-02 5.3851645e-02 4.9812771e-02 5.9477936e-02 5.6127068e-02
 6.1308030e-02 5.1753532e-02 5.3851645e-02 6.0379118e-02 5.6928884e-02
 4.9197800e-02 5.4589339e-02 5.2434497e-02 5.7753939e-02]
Learning Rate: 0.0005Learning Rate: 0.0005


Learning Rate: 0.0005Learning Rate: 0.0005

Train Loss: 0.3658, Val Loss: 0.3236Train Loss: 0.3658, Val Loss: 0.3236

Train Loss: 0.3658, Val Loss: 0.3236Train Loss: 0.3658, Val Loss: 0.3236

Per-Class Precision: [1.         0.64102564 0.80769231 0.78823529 0.31010453 0.68
 0.28251121 0.2192691  0.50735294 0.09036145 0.22751323 0.17782027
 0.13299233 0.80165289 0.27232143 0.54929577 0.51712329 0.53191489
 0.74193548]
Per-Class Recall: [0.99084875 1.         0.98       0.89333333 0.89       0.85
 0.63       0.88       0.69       1.         0.688      0.62
 0.416      0.55428571 0.81333333 0.78       0.86285714 1.
 0.92      ]
Per-Class F1-Score: [0.99540334 0.78125    0.88554217 0.8375     0.45994832 0.75555556
 0.39009288 0.35106383 0.58474576 0.16574586 0.34194831 0.27637444
 0.20155039 0.65540541 0.40802676 0.6446281  0.64668094 0.69444444
 0.82142857]
Support per Class: [293949    100    150    150    100    100    100     75    100     75
    125    150    125    175     75    100    175     75     75]
Weighted Precision: 0.9965, Weighted Recall: 0.9894, Weighted F1-Score: 0.9924
Precision: 0.9965, Recall: 0.9894, F1-Score: 0.9924
Fold 1, Epoch 1740, Train Loss: 0.3658, Val Loss: 0.3236, Val Acc: 0.9877
Precision: 0.9962, Recall: 0.9906, F1-Score: 0.9929
Fold 1, Epoch 1741, Train Loss: 0.3629, Val Loss: 0.3149, Val Acc: 0.9894
Precision: 0.9962, Recall: 0.9900, F1-Score: 0.9926
Fold 1, Epoch 1742, Train Loss: 0.3513, Val Loss: 0.3032, Val Acc: 0.9892
Precision: 0.9963, Recall: 0.9897, F1-Score: 0.9925
Fold 1, Epoch 1743, Train Loss: 0.3592, Val Loss: 0.3020, Val Acc: 0.9883
Precision: 0.9964, Recall: 0.9901, F1-Score: 0.9928
Fold 1, Epoch 1744, Train Loss: 0.3694, Val Loss: 0.3067, Val Acc: 0.9884
Precision: 0.9963, Recall: 0.9903, F1-Score: 0.9928
Fold 1, Epoch 1745, Train Loss: 0.3534, Val Loss: 0.2906, Val Acc: 0.9889
Precision: 0.9961, Recall: 0.9858, F1-Score: 0.9902
Fold 1, Epoch 1746, Train Loss: 0.3442, Val Loss: 0.2980, Val Acc: 0.9850
Precision: 0.9964, Recall: 0.9905, F1-Score: 0.9930
Fold 1, Epoch 1747, Train Loss: 0.3402, Val Loss: 0.2974, Val Acc: 0.9891
Precision: 0.9961, Recall: 0.9873, F1-Score: 0.9911
Fold 1, Epoch 1748, Train Loss: 0.3459, Val Loss: 0.3054, Val Acc: 0.9857
Precision: 0.9961, Recall: 0.9900, F1-Score: 0.9926
Fold 1, Epoch 1749, Train Loss: 0.3426, Val Loss: 0.3010, Val Acc: 0.9887

--- Epoch 1750 ---
--- Epoch 1750 ---
--- Epoch 1750 ---



--- Epoch 1750 ---
Class Weights: [2.1182575e-05 5.6127068e-02 5.6127068e-02 5.9477936e-02 5.6928884e-02
 5.3851645e-02 5.3851645e-02 4.9812771e-02 5.9477936e-02 5.6127068e-02
 6.1308030e-02 5.1753532e-02 5.3851645e-02 6.0379118e-02 5.6928884e-02
 4.9197800e-02 5.4589339e-02 5.2434497e-02 5.7753939e-02]Class Weights: [2.1182575e-05 5.6127068e-02 5.6127068e-02 5.9477936e-02 5.6928884e-02
 5.3851645e-02 5.3851645e-02 4.9812771e-02 5.9477936e-02 5.6127068e-02
 6.1308030e-02 5.1753532e-02 5.3851645e-02 6.0379118e-02 5.6928884e-02
 4.9197800e-02 5.4589339e-02 5.2434497e-02 5.7753939e-02]Class Weights: [2.1182575e-05 5.6127068e-02 5.6127068e-02 5.9477936e-02 5.6928884e-02
 5.3851645e-02 5.3851645e-02 4.9812771e-02 5.9477936e-02 5.6127068e-02
 6.1308030e-02 5.1753532e-02 5.3851645e-02 6.0379118e-02 5.6928884e-02
 4.9197800e-02 5.4589339e-02 5.2434497e-02 5.7753939e-02]


Learning Rate: 0.0005Learning Rate: 0.0005Learning Rate: 0.0005
Class Weights: [2.1182575e-05 5.6127068e-02 5.6127068e-02 5.9477936e-02 5.6928884e-02
 5.3851645e-02 5.3851645e-02 4.9812771e-02 5.9477936e-02 5.6127068e-02
 6.1308030e-02 5.1753532e-02 5.3851645e-02 6.0379118e-02 5.6928884e-02
 4.9197800e-02 5.4589339e-02 5.2434497e-02 5.7753939e-02]


Learning Rate: 0.0005
Train Loss: 0.3580, Val Loss: 0.3066
Train Loss: 0.3580, Val Loss: 0.3066Train Loss: 0.3580, Val Loss: 0.3066
Train Loss: 0.3580, Val Loss: 0.3066

Per-Class Precision: [1.         0.56179775 0.88023952 0.71770335 0.29225352 0.59183673
 0.23636364 0.12410072 0.46258503 0.0701581  0.11921459 0.18208092
 0.0807771  0.54008439 0.31612903 0.46875    0.51465798 0.69444444
 0.6097561 ]
Per-Class Recall: [0.98602138 1.         0.98       1.         0.83       0.87
 0.65       0.92       0.68       0.94666667 0.68       0.42
 0.632      0.73142857 0.65333333 0.9        0.90285714 1.
 1.        ]
Per-Class F1-Score: [0.9929615  0.71942446 0.92744479 0.8356546  0.43229167 0.70445344
 0.34666667 0.21870048 0.55060729 0.13063477 0.20286396 0.25403226
 0.14324569 0.62135922 0.42608696 0.61643836 0.65560166 0.81967213
 0.75757576]
Support per Class: [293949    100    150    150    100    100    100     75    100     75
    125    150    125    175     75    100    175     75     75]
Weighted Precision: 0.9961, Weighted Recall: 0.9848, Weighted F1-Score: 0.9898
Precision: 0.9961, Recall: 0.9848, F1-Score: 0.9898
Fold 1, Epoch 1750, Train Loss: 0.3580, Val Loss: 0.3066, Val Acc: 0.9831
Precision: 0.9963, Recall: 0.9889, F1-Score: 0.9921
Fold 1, Epoch 1751, Train Loss: 0.3438, Val Loss: 0.3264, Val Acc: 0.9873
Precision: 0.9963, Recall: 0.9845, F1-Score: 0.9898
Fold 1, Epoch 1752, Train Loss: 0.3542, Val Loss: 0.3076, Val Acc: 0.9835
Precision: 0.9962, Recall: 0.9822, F1-Score: 0.9885
Fold 1, Epoch 1753, Train Loss: 0.3770, Val Loss: 0.3192, Val Acc: 0.9832
Precision: 0.9962, Recall: 0.9871, F1-Score: 0.9912
Fold 1, Epoch 1754, Train Loss: 0.3509, Val Loss: 0.3191, Val Acc: 0.9853
Precision: 0.9961, Recall: 0.9903, F1-Score: 0.9927
Fold 1, Epoch 1755, Train Loss: 0.3523, Val Loss: 0.3171, Val Acc: 0.9888
Precision: 0.9964, Recall: 0.9885, F1-Score: 0.9919
Fold 1, Epoch 1756, Train Loss: 0.3573, Val Loss: 0.3015, Val Acc: 0.9867
Precision: 0.9961, Recall: 0.9887, F1-Score: 0.9919
Fold 1, Epoch 1757, Train Loss: 0.3588, Val Loss: 0.3243, Val Acc: 0.9876
Precision: 0.9962, Recall: 0.9887, F1-Score: 0.9919
Fold 1, Epoch 1758, Train Loss: 0.3621, Val Loss: 0.3042, Val Acc: 0.9876
Precision: 0.9963, Recall: 0.9902, F1-Score: 0.9928
Fold 1, Epoch 1759, Train Loss: 0.3475, Val Loss: 0.3031, Val Acc: 0.9889

--- Epoch 1760 ---
--- Epoch 1760 ---
--- Epoch 1760 ---



--- Epoch 1760 ---
Class Weights: [2.1182575e-05 5.6127068e-02 5.6127068e-02 5.9477936e-02 5.6928884e-02
 5.3851645e-02 5.3851645e-02 4.9812771e-02 5.9477936e-02 5.6127068e-02
 6.1308030e-02 5.1753532e-02 5.3851645e-02 6.0379118e-02 5.6928884e-02
 4.9197800e-02 5.4589339e-02 5.2434497e-02 5.7753939e-02]Class Weights: [2.1182575e-05 5.6127068e-02 5.6127068e-02 5.9477936e-02 5.6928884e-02
 5.3851645e-02 5.3851645e-02 4.9812771e-02 5.9477936e-02 5.6127068e-02
 6.1308030e-02 5.1753532e-02 5.3851645e-02 6.0379118e-02 5.6928884e-02
 4.9197800e-02 5.4589339e-02 5.2434497e-02 5.7753939e-02]Class Weights: [2.1182575e-05 5.6127068e-02 5.6127068e-02 5.9477936e-02 5.6928884e-02
 5.3851645e-02 5.3851645e-02 4.9812771e-02 5.9477936e-02 5.6127068e-02
 6.1308030e-02 5.1753532e-02 5.3851645e-02 6.0379118e-02 5.6928884e-02
 4.9197800e-02 5.4589339e-02 5.2434497e-02 5.7753939e-02]Class Weights: [2.1182575e-05 5.6127068e-02 5.6127068e-02 5.9477936e-02 5.6928884e-02
 5.3851645e-02 5.3851645e-02 4.9812771e-02 5.9477936e-02 5.6127068e-02
 6.1308030e-02 5.1753532e-02 5.3851645e-02 6.0379118e-02 5.6928884e-02
 4.9197800e-02 5.4589339e-02 5.2434497e-02 5.7753939e-02]



Learning Rate: 0.0005Learning Rate: 0.0005Learning Rate: 0.0005
Learning Rate: 0.0005


Train Loss: 0.3630, Val Loss: 0.3225
Train Loss: 0.3630, Val Loss: 0.3225Train Loss: 0.3630, Val Loss: 0.3225Train Loss: 0.3630, Val Loss: 0.3225


Per-Class Precision: [1.         0.01929385 0.84269663 0.76363636 0.34567901 0.60689655
 0.34090909 0.18604651 0.34222222 0.10744986 0.2464986  0.19557196
 0.14265928 0.76923077 0.22891566 0.48630137 0.51056338 0.55555556
 0.52447552]
Per-Class Recall: [0.9741826  1.         1.         0.84       0.84       0.88
 0.75       0.42666667 0.77       1.         0.704      0.35333333
 0.824      0.34285714 0.76       0.71       0.82857143 1.
 1.        ]
Per-Class F1-Score: [0.98692248 0.03785728 0.91463415 0.8        0.48979592 0.71836735
 0.46875    0.25910931 0.47384615 0.19404916 0.36514523 0.25178147
 0.24321133 0.4743083  0.35185185 0.57723577 0.63180828 0.71428571
 0.68807339]
Support per Class: [293949    100    150    150    100    100    100     75    100     75
    125    150    125    175     75    100    175     75     75]
Weighted Precision: 0.9961, Weighted Recall: 0.9727, Weighted F1-Score: 0.9836
Precision: 0.9961, Recall: 0.9727, F1-Score: 0.9836
Fold 1, Epoch 1760, Train Loss: 0.3630, Val Loss: 0.3225, Val Acc: 0.9752
Precision: 0.9963, Recall: 0.9912, F1-Score: 0.9933
Fold 1, Epoch 1761, Train Loss: 0.3549, Val Loss: 0.3140, Val Acc: 0.9903
Precision: 0.9961, Recall: 0.9880, F1-Score: 0.9914
Fold 1, Epoch 1762, Train Loss: 0.3524, Val Loss: 0.2991, Val Acc: 0.9871
Precision: 0.9963, Recall: 0.9899, F1-Score: 0.9926
Fold 1, Epoch 1763, Train Loss: 0.3471, Val Loss: 0.2973, Val Acc: 0.9884
Precision: 0.9963, Recall: 0.9890, F1-Score: 0.9921
Fold 1, Epoch 1764, Train Loss: 0.3504, Val Loss: 0.2960, Val Acc: 0.9876
Precision: 0.9963, Recall: 0.9895, F1-Score: 0.9923
Fold 1, Epoch 1765, Train Loss: 0.3366, Val Loss: 0.2990, Val Acc: 0.9880
Precision: 0.9964, Recall: 0.9890, F1-Score: 0.9921
Fold 1, Epoch 1766, Train Loss: 0.3232, Val Loss: 0.3004, Val Acc: 0.9877
Precision: 0.9963, Recall: 0.9901, F1-Score: 0.9927
Fold 1, Epoch 1767, Train Loss: 0.3525, Val Loss: 0.3009, Val Acc: 0.9884
Precision: 0.9960, Recall: 0.9887, F1-Score: 0.9918
Fold 1, Epoch 1768, Train Loss: 0.3607, Val Loss: 0.2961, Val Acc: 0.9870
Precision: 0.9962, Recall: 0.9889, F1-Score: 0.9920
Fold 1, Epoch 1769, Train Loss: 0.3509, Val Loss: 0.3020, Val Acc: 0.9871

--- Epoch 1770 ---
--- Epoch 1770 ---
--- Epoch 1770 ---



--- Epoch 1770 ---
Class Weights: [2.1182575e-05 5.6127068e-02 5.6127068e-02 5.9477936e-02 5.6928884e-02
 5.3851645e-02 5.3851645e-02 4.9812771e-02 5.9477936e-02 5.6127068e-02
 6.1308030e-02 5.1753532e-02 5.3851645e-02 6.0379118e-02 5.6928884e-02
 4.9197800e-02 5.4589339e-02 5.2434497e-02 5.7753939e-02]Class Weights: [2.1182575e-05 5.6127068e-02 5.6127068e-02 5.9477936e-02 5.6928884e-02
 5.3851645e-02 5.3851645e-02 4.9812771e-02 5.9477936e-02 5.6127068e-02
 6.1308030e-02 5.1753532e-02 5.3851645e-02 6.0379118e-02 5.6928884e-02
 4.9197800e-02 5.4589339e-02 5.2434497e-02 5.7753939e-02]Class Weights: [2.1182575e-05 5.6127068e-02 5.6127068e-02 5.9477936e-02 5.6928884e-02
 5.3851645e-02 5.3851645e-02 4.9812771e-02 5.9477936e-02 5.6127068e-02
 6.1308030e-02 5.1753532e-02 5.3851645e-02 6.0379118e-02 5.6928884e-02
 4.9197800e-02 5.4589339e-02 5.2434497e-02 5.7753939e-02]


Class Weights: [2.1182575e-05 5.6127068e-02 5.6127068e-02 5.9477936e-02 5.6928884e-02
 5.3851645e-02 5.3851645e-02 4.9812771e-02 5.9477936e-02 5.6127068e-02
 6.1308030e-02 5.1753532e-02 5.3851645e-02 6.0379118e-02 5.6928884e-02
 4.9197800e-02 5.4589339e-02 5.2434497e-02 5.7753939e-02]Learning Rate: 0.0005Learning Rate: 0.0005Learning Rate: 0.0005



Learning Rate: 0.0005
Train Loss: 0.3285, Val Loss: 0.3108
Train Loss: 0.3285, Val Loss: 0.3108Train Loss: 0.3285, Val Loss: 0.3108Train Loss: 0.3285, Val Loss: 0.3108


Per-Class Precision: [1.         0.57803468 0.82417582 0.76530612 0.38709677 0.63432836
 0.24571429 0.17770035 0.3442029  0.14822134 0.22966507 0.19607843
 0.13729508 0.75373134 0.22683706 0.57777778 0.50986842 0.65789474
 0.64102564]
Per-Class Recall: [0.99181831 1.         1.         1.         0.84       0.85
 0.43       0.68       0.95       1.         0.768      0.4
 0.536      0.57714286 0.94666667 0.52       0.88571429 1.
 1.        ]
Per-Class F1-Score: [0.99589235 0.73260073 0.90361446 0.86705202 0.52996845 0.72649573
 0.31272727 0.28176796 0.50531915 0.25817556 0.35359116 0.26315789
 0.21859706 0.65372168 0.36597938 0.54736842 0.64718163 0.79365079
 0.78125   ]
Support per Class: [293949    100    150    150    100    100    100     75    100     75
    125    150    125    175     75    100    175     75     75]
Weighted Precision: 0.9964, Weighted Recall: 0.9904, Weighted F1-Score: 0.9929
Precision: 0.9964, Recall: 0.9904, F1-Score: 0.9929
Fold 1, Epoch 1770, Train Loss: 0.3285, Val Loss: 0.3108, Val Acc: 0.9893
Precision: 0.9961, Recall: 0.9894, F1-Score: 0.9922
Fold 1, Epoch 1771, Train Loss: 0.3351, Val Loss: 0.2983, Val Acc: 0.9881
Precision: 0.9962, Recall: 0.9901, F1-Score: 0.9926
Fold 1, Epoch 1772, Train Loss: 0.3465, Val Loss: 0.2910, Val Acc: 0.9886
Precision: 0.9961, Recall: 0.9878, F1-Score: 0.9913
Fold 1, Epoch 1773, Train Loss: 0.3601, Val Loss: 0.3223, Val Acc: 0.9860
Precision: 0.9963, Recall: 0.9901, F1-Score: 0.9927
Fold 1, Epoch 1774, Train Loss: 0.3570, Val Loss: 0.3012, Val Acc: 0.9889
Precision: 0.9961, Recall: 0.9881, F1-Score: 0.9915
Fold 1, Epoch 1775, Train Loss: 0.3638, Val Loss: 0.3109, Val Acc: 0.9867
Precision: 0.9964, Recall: 0.9894, F1-Score: 0.9924
Fold 1, Epoch 1776, Train Loss: 0.3822, Val Loss: 0.3001, Val Acc: 0.9881
Precision: 0.9962, Recall: 0.9909, F1-Score: 0.9931
Fold 1, Epoch 1777, Train Loss: 0.3525, Val Loss: 0.2990, Val Acc: 0.9897
Precision: 0.9961, Recall: 0.9890, F1-Score: 0.9921
Fold 1, Epoch 1778, Train Loss: 0.3504, Val Loss: 0.3164, Val Acc: 0.9875
Precision: 0.9963, Recall: 0.9903, F1-Score: 0.9928
Fold 1, Epoch 1779, Train Loss: 0.3496, Val Loss: 0.3095, Val Acc: 0.9892

--- Epoch 1780 ---
--- Epoch 1780 ---


--- Epoch 1780 ---

--- Epoch 1780 ---
Class Weights: [2.1182575e-05 5.6127068e-02 5.6127068e-02 5.9477936e-02 5.6928884e-02
 5.3851645e-02 5.3851645e-02 4.9812771e-02 5.9477936e-02 5.6127068e-02
 6.1308030e-02 5.1753532e-02 5.3851645e-02 6.0379118e-02 5.6928884e-02
 4.9197800e-02 5.4589339e-02 5.2434497e-02 5.7753939e-02]Class Weights: [2.1182575e-05 5.6127068e-02 5.6127068e-02 5.9477936e-02 5.6928884e-02
 5.3851645e-02 5.3851645e-02 4.9812771e-02 5.9477936e-02 5.6127068e-02
 6.1308030e-02 5.1753532e-02 5.3851645e-02 6.0379118e-02 5.6928884e-02
 4.9197800e-02 5.4589339e-02 5.2434497e-02 5.7753939e-02]Class Weights: [2.1182575e-05 5.6127068e-02 5.6127068e-02 5.9477936e-02 5.6928884e-02
 5.3851645e-02 5.3851645e-02 4.9812771e-02 5.9477936e-02 5.6127068e-02
 6.1308030e-02 5.1753532e-02 5.3851645e-02 6.0379118e-02 5.6928884e-02
 4.9197800e-02 5.4589339e-02 5.2434497e-02 5.7753939e-02]


Class Weights: [2.1182575e-05 5.6127068e-02 5.6127068e-02 5.9477936e-02 5.6928884e-02
 5.3851645e-02 5.3851645e-02 4.9812771e-02 5.9477936e-02 5.6127068e-02
 6.1308030e-02 5.1753532e-02 5.3851645e-02 6.0379118e-02 5.6928884e-02
 4.9197800e-02 5.4589339e-02 5.2434497e-02 5.7753939e-02]Learning Rate: 0.0005Learning Rate: 0.0005Learning Rate: 0.0005



Learning Rate: 0.0005
Train Loss: 0.3470, Val Loss: 0.2931
Train Loss: 0.3470, Val Loss: 0.2931Train Loss: 0.3470, Val Loss: 0.2931
Train Loss: 0.3470, Val Loss: 0.2931

Per-Class Precision: [1.         0.68493151 0.80540541 0.77659574 0.33057851 0.65322581
 0.13029827 0.14156627 0.30103806 0.11183144 0.1958042  0.18732782
 0.16666667 0.56768559 0.41984733 0.47752809 0.55516014 0.75
 0.6       ]
Per-Class Recall: [0.98931787 1.         0.99333333 0.97333333 0.8        0.81
 0.83       0.62666667 0.87       0.92       0.896      0.45333333
 0.568      0.74285714 0.73333333 0.85       0.89142857 1.
 1.        ]
Per-Class F1-Score: [0.99463026 0.81300813 0.88955224 0.86390533 0.46783626 0.72321429
 0.22523745 0.23095823 0.44730077 0.19942197 0.32137733 0.26510721
 0.25771325 0.64356436 0.53398058 0.61151079 0.68421053 0.85714286
 0.75      ]
Support per Class: [293949    100    150    150    100    100    100     75    100     75
    125    150    125    175     75    100    175     75     75]
Weighted Precision: 0.9963, Weighted Recall: 0.9882, Weighted F1-Score: 0.9916
Precision: 0.9963, Recall: 0.9882, F1-Score: 0.9916
Fold 1, Epoch 1780, Train Loss: 0.3470, Val Loss: 0.2931, Val Acc: 0.9862
Precision: 0.9960, Recall: 0.9838, F1-Score: 0.9892
Fold 1, Epoch 1781, Train Loss: 0.3445, Val Loss: 0.3034, Val Acc: 0.9840
Precision: 0.9965, Recall: 0.9906, F1-Score: 0.9931
Fold 1, Epoch 1782, Train Loss: 0.3448, Val Loss: 0.2999, Val Acc: 0.9891
Precision: 0.9962, Recall: 0.9904, F1-Score: 0.9928
Fold 1, Epoch 1783, Train Loss: 0.3584, Val Loss: 0.3071, Val Acc: 0.9892
Precision: 0.9963, Recall: 0.9874, F1-Score: 0.9912
Fold 1, Epoch 1784, Train Loss: 0.3495, Val Loss: 0.3107, Val Acc: 0.9861
Precision: 0.9964, Recall: 0.9910, F1-Score: 0.9932
Fold 1, Epoch 1785, Train Loss: 0.3618, Val Loss: 0.3066, Val Acc: 0.9897
Precision: 0.9961, Recall: 0.9898, F1-Score: 0.9925
Fold 1, Epoch 1786, Train Loss: 0.3513, Val Loss: 0.3341, Val Acc: 0.9887
Precision: 0.9961, Recall: 0.9891, F1-Score: 0.9921
Fold 1, Epoch 1787, Train Loss: 0.4925, Val Loss: 0.3981, Val Acc: 0.9876
Precision: 0.9948, Recall: 0.9857, F1-Score: 0.9894
Fold 1, Epoch 1788, Train Loss: 0.9991, Val Loss: 1.3380, Val Acc: 0.9848
Precision: 0.9957, Recall: 0.9484, F1-Score: 0.9706
Fold 1, Epoch 1789, Train Loss: 1.0770, Val Loss: 0.9153, Val Acc: 0.9526

--- Epoch 1790 ---
--- Epoch 1790 ---
--- Epoch 1790 ---



--- Epoch 1790 ---
Class Weights: [2.1182575e-05 5.6127068e-02 5.6127068e-02 5.9477936e-02 5.6928884e-02
 5.3851645e-02 5.3851645e-02 4.9812771e-02 5.9477936e-02 5.6127068e-02
 6.1308030e-02 5.1753532e-02 5.3851645e-02 6.0379118e-02 5.6928884e-02
 4.9197800e-02 5.4589339e-02 5.2434497e-02 5.7753939e-02]Class Weights: [2.1182575e-05 5.6127068e-02 5.6127068e-02 5.9477936e-02 5.6928884e-02
 5.3851645e-02 5.3851645e-02 4.9812771e-02 5.9477936e-02 5.6127068e-02
 6.1308030e-02 5.1753532e-02 5.3851645e-02 6.0379118e-02 5.6928884e-02
 4.9197800e-02 5.4589339e-02 5.2434497e-02 5.7753939e-02]Class Weights: [2.1182575e-05 5.6127068e-02 5.6127068e-02 5.9477936e-02 5.6928884e-02
 5.3851645e-02 5.3851645e-02 4.9812771e-02 5.9477936e-02 5.6127068e-02
 6.1308030e-02 5.1753532e-02 5.3851645e-02 6.0379118e-02 5.6928884e-02
 4.9197800e-02 5.4589339e-02 5.2434497e-02 5.7753939e-02]

Class Weights: [2.1182575e-05 5.6127068e-02 5.6127068e-02 5.9477936e-02 5.6928884e-02
 5.3851645e-02 5.3851645e-02 4.9812771e-02 5.9477936e-02 5.6127068e-02
 6.1308030e-02 5.1753532e-02 5.3851645e-02 6.0379118e-02 5.6928884e-02
 4.9197800e-02 5.4589339e-02 5.2434497e-02 5.7753939e-02]
Learning Rate: 0.0005Learning Rate: 0.0005

Learning Rate: 0.0005
Learning Rate: 0.0005

Train Loss: 0.8220, Val Loss: 0.7009
Train Loss: 0.8220, Val Loss: 0.7009
Train Loss: 0.8220, Val Loss: 0.7009Train Loss: 0.8220, Val Loss: 0.7009

Per-Class Precision: [1.         0.60784314 0.91111111 0.7375     0.55555556 0.70526316
 0.14325069 0.09866667 0.37662338 0.06457565 0.07810781 0.05430242
 0.03149284 0.6484375  0.29145729 0.47058824 0.26194399 0.33039648
 0.41573034]
Per-Class Recall: [0.98043198 0.31       0.27333333 0.39333333 0.35       0.67
 0.52       0.49333333 0.58       0.46666667 0.568      0.43333333
 0.616      0.47428571 0.77333333 0.56       0.90857143 1.
 0.98666667]
Per-Class F1-Score: [0.99011932 0.41059603 0.42051282 0.51304348 0.42944785 0.68717949
 0.22462203 0.16444444 0.45669291 0.11345219 0.13733075 0.09651076
 0.05992218 0.54785479 0.42335766 0.51141553 0.40664962 0.49668874
 0.58498024]
Support per Class: [293949    100    150    150    100    100    100     75    100     75
    125    150    125    175     75    100    175     75     75]
Weighted Precision: 0.9959, Weighted Recall: 0.9776, Weighted F1-Score: 0.9859
Precision: 0.9959, Recall: 0.9776, F1-Score: 0.9859
Fold 1, Epoch 1790, Train Loss: 0.8220, Val Loss: 0.7009, Val Acc: 0.9799
Precision: 0.9956, Recall: 0.9712, F1-Score: 0.9826
Fold 1, Epoch 1791, Train Loss: 0.6671, Val Loss: 0.5239, Val Acc: 0.9754
Precision: 0.9962, Recall: 0.9898, F1-Score: 0.9926
Fold 1, Epoch 1792, Train Loss: 0.5832, Val Loss: 0.4619, Val Acc: 0.9888
Precision: 0.9962, Recall: 0.9872, F1-Score: 0.9911
Fold 1, Epoch 1793, Train Loss: 0.4831, Val Loss: 0.3878, Val Acc: 0.9865
Precision: 0.9961, Recall: 0.9875, F1-Score: 0.9913
Fold 1, Epoch 1794, Train Loss: 0.4662, Val Loss: 0.3506, Val Acc: 0.9871
Precision: 0.9963, Recall: 0.9904, F1-Score: 0.9928
Fold 1, Epoch 1795, Train Loss: 0.4159, Val Loss: 0.3312, Val Acc: 0.9891
Precision: 0.9961, Recall: 0.9868, F1-Score: 0.9909
Fold 1, Epoch 1796, Train Loss: 0.3823, Val Loss: 0.3280, Val Acc: 0.9857
Precision: 0.9963, Recall: 0.9900, F1-Score: 0.9926
Fold 1, Epoch 1797, Train Loss: 0.4022, Val Loss: 0.3238, Val Acc: 0.9889
Precision: 0.9960, Recall: 0.9824, F1-Score: 0.9885
Fold 1, Epoch 1798, Train Loss: 0.3796, Val Loss: 0.3189, Val Acc: 0.9821
Precision: 0.9963, Recall: 0.9887, F1-Score: 0.9919
Fold 1, Epoch 1799, Train Loss: 0.3514, Val Loss: 0.3032, Val Acc: 0.9877

--- Epoch 1800 ---

--- Epoch 1800 ---
--- Epoch 1800 ---


--- Epoch 1800 ---
Class Weights: [2.1182575e-05 5.6127068e-02 5.6127068e-02 5.9477936e-02 5.6928884e-02
 5.3851645e-02 5.3851645e-02 4.9812771e-02 5.9477936e-02 5.6127068e-02
 6.1308030e-02 5.1753532e-02 5.3851645e-02 6.0379118e-02 5.6928884e-02
 4.9197800e-02 5.4589339e-02 5.2434497e-02 5.7753939e-02]
Learning Rate: 0.0005
Class Weights: [2.1182575e-05 5.6127068e-02 5.6127068e-02 5.9477936e-02 5.6928884e-02
 5.3851645e-02 5.3851645e-02 4.9812771e-02 5.9477936e-02 5.6127068e-02
 6.1308030e-02 5.1753532e-02 5.3851645e-02 6.0379118e-02 5.6928884e-02
 4.9197800e-02 5.4589339e-02 5.2434497e-02 5.7753939e-02]Class Weights: [2.1182575e-05 5.6127068e-02 5.6127068e-02 5.9477936e-02 5.6928884e-02
 5.3851645e-02 5.3851645e-02 4.9812771e-02 5.9477936e-02 5.6127068e-02
 6.1308030e-02 5.1753532e-02 5.3851645e-02 6.0379118e-02 5.6928884e-02
 4.9197800e-02 5.4589339e-02 5.2434497e-02 5.7753939e-02]

Learning Rate: 0.0005Class Weights: [2.1182575e-05 5.6127068e-02 5.6127068e-02 5.9477936e-02 5.6928884e-02
 5.3851645e-02 5.3851645e-02 4.9812771e-02 5.9477936e-02 5.6127068e-02
 6.1308030e-02 5.1753532e-02 5.3851645e-02 6.0379118e-02 5.6928884e-02
 4.9197800e-02 5.4589339e-02 5.2434497e-02 5.7753939e-02]Learning Rate: 0.0005


Learning Rate: 0.0005Train Loss: 0.3605, Val Loss: 0.3109

Train Loss: 0.3605, Val Loss: 0.3109
Train Loss: 0.3605, Val Loss: 0.3109
Train Loss: 0.3605, Val Loss: 0.3109
Per-Class Precision: [1.         0.6993007  0.81967213 0.76142132 0.27898551 0.52409639
 0.30049261 0.23508772 0.4028436  0.13035714 0.12380952 0.19953052
 0.1121643  0.70895522 0.32663317 0.63247863 0.45103858 0.71428571
 0.67567568]
Per-Class Recall: [0.98945055 1.         1.         1.         0.77       0.87
 0.61       0.89333333 0.85       0.97333333 0.832      0.56666667
 0.568      0.54285714 0.86666667 0.74       0.86857143 1.
 1.        ]
Per-Class F1-Score: [0.99469731 0.82304527 0.9009009  0.86455331 0.40957447 0.65413534
 0.40264026 0.37222222 0.54662379 0.22992126 0.21554404 0.29513889
 0.18733509 0.61488673 0.47445255 0.68202765 0.59375    0.83333333
 0.80645161]
Support per Class: [293949    100    150    150    100    100    100     75    100     75
    125    150    125    175     75    100    175     75     75]
Weighted Precision: 0.9963, Weighted Recall: 0.9882, Weighted F1-Score: 0.9917
Precision: 0.9963, Recall: 0.9882, F1-Score: 0.9917
Fold 1, Epoch 1800, Train Loss: 0.3605, Val Loss: 0.3109, Val Acc: 0.9875
Precision: 0.9962, Recall: 0.9874, F1-Score: 0.9912
Fold 1, Epoch 1801, Train Loss: 0.3669, Val Loss: 0.3171, Val Acc: 0.9853
Precision: 0.9964, Recall: 0.9903, F1-Score: 0.9929
Fold 1, Epoch 1802, Train Loss: 0.3907, Val Loss: 0.3346, Val Acc: 0.9892
Precision: 0.9964, Recall: 0.9900, F1-Score: 0.9927
Fold 1, Epoch 1803, Train Loss: 0.3693, Val Loss: 0.3110, Val Acc: 0.9888
Precision: 0.9962, Recall: 0.9901, F1-Score: 0.9926
Fold 1, Epoch 1804, Train Loss: 0.3596, Val Loss: 0.2923, Val Acc: 0.9892
Precision: 0.9961, Recall: 0.9900, F1-Score: 0.9926
Fold 1, Epoch 1805, Train Loss: 0.3874, Val Loss: 0.3218, Val Acc: 0.9887
Precision: 0.9964, Recall: 0.9902, F1-Score: 0.9928
Fold 1, Epoch 1806, Train Loss: 0.3682, Val Loss: 0.3295, Val Acc: 0.9890
Precision: 0.9962, Recall: 0.9882, F1-Score: 0.9916
Fold 1, Epoch 1807, Train Loss: 0.3811, Val Loss: 0.2994, Val Acc: 0.9871
Precision: 0.9962, Recall: 0.9894, F1-Score: 0.9923
Fold 1, Epoch 1808, Train Loss: 0.3401, Val Loss: 0.2911, Val Acc: 0.9882
Precision: 0.9964, Recall: 0.9910, F1-Score: 0.9932
Fold 1, Epoch 1809, Train Loss: 0.3541, Val Loss: 0.2995, Val Acc: 0.9899

--- Epoch 1810 ---
--- Epoch 1810 ---
--- Epoch 1810 ---



--- Epoch 1810 ---
Class Weights: [2.1182575e-05 5.6127068e-02 5.6127068e-02 5.9477936e-02 5.6928884e-02
 5.3851645e-02 5.3851645e-02 4.9812771e-02 5.9477936e-02 5.6127068e-02
 6.1308030e-02 5.1753532e-02 5.3851645e-02 6.0379118e-02 5.6928884e-02
 4.9197800e-02 5.4589339e-02 5.2434497e-02 5.7753939e-02]Class Weights: [2.1182575e-05 5.6127068e-02 5.6127068e-02 5.9477936e-02 5.6928884e-02
 5.3851645e-02 5.3851645e-02 4.9812771e-02 5.9477936e-02 5.6127068e-02
 6.1308030e-02 5.1753532e-02 5.3851645e-02 6.0379118e-02 5.6928884e-02
 4.9197800e-02 5.4589339e-02 5.2434497e-02 5.7753939e-02]Class Weights: [2.1182575e-05 5.6127068e-02 5.6127068e-02 5.9477936e-02 5.6928884e-02
 5.3851645e-02 5.3851645e-02 4.9812771e-02 5.9477936e-02 5.6127068e-02
 6.1308030e-02 5.1753532e-02 5.3851645e-02 6.0379118e-02 5.6928884e-02
 4.9197800e-02 5.4589339e-02 5.2434497e-02 5.7753939e-02]


Class Weights: [2.1182575e-05 5.6127068e-02 5.6127068e-02 5.9477936e-02 5.6928884e-02
 5.3851645e-02 5.3851645e-02 4.9812771e-02 5.9477936e-02 5.6127068e-02
 6.1308030e-02 5.1753532e-02 5.3851645e-02 6.0379118e-02 5.6928884e-02
 4.9197800e-02 5.4589339e-02 5.2434497e-02 5.7753939e-02]Learning Rate: 0.0005Learning Rate: 0.0005Learning Rate: 0.0005



Learning Rate: 0.0005
Train Loss: 0.3454, Val Loss: 0.3023Train Loss: 0.3454, Val Loss: 0.3023Train Loss: 0.3454, Val Loss: 0.3023

Train Loss: 0.3454, Val Loss: 0.3023

Per-Class Precision: [1.         0.15060241 0.81318681 0.7486911  0.21088435 0.55357143
 0.22222222 0.1372549  0.34893617 0.13267327 0.13524057 0.20849421
 0.15068493 0.69230769 0.30808081 0.54109589 0.51211073 0.56818182
 0.54744526]
Per-Class Recall: [0.9872733  1.         0.98666667 0.95333333 0.93       0.93
 0.7        0.74666667 0.82       0.89333333 0.832      0.36
 0.704      0.56571429 0.81333333 0.79       0.84571429 1.
 1.        ]
Per-Class F1-Score: [0.9935959  0.2617801  0.89156627 0.83870968 0.34380776 0.69402985
 0.3373494  0.23188406 0.48955224 0.23103448 0.23266219 0.26405868
 0.24823695 0.62264151 0.44688645 0.64227642 0.63793103 0.72463768
 0.70754717]
Support per Class: [293949    100    150    150    100    100    100     75    100     75
    125    150    125    175     75    100    175     75     75]
Weighted Precision: 0.9960, Weighted Recall: 0.9860, Weighted F1-Score: 0.9903
Precision: 0.9960, Recall: 0.9860, F1-Score: 0.9903
Fold 1, Epoch 1810, Train Loss: 0.3454, Val Loss: 0.3023, Val Acc: 0.9850
Precision: 0.9964, Recall: 0.9907, F1-Score: 0.9931
Fold 1, Epoch 1811, Train Loss: 0.3342, Val Loss: 0.2951, Val Acc: 0.9894
Precision: 0.9963, Recall: 0.9899, F1-Score: 0.9925
Fold 1, Epoch 1812, Train Loss: 0.3275, Val Loss: 0.2861, Val Acc: 0.9886
Precision: 0.9961, Recall: 0.9689, F1-Score: 0.9816
Fold 1, Epoch 1813, Train Loss: 0.3306, Val Loss: 0.2998, Val Acc: 0.9723
Precision: 0.9963, Recall: 0.9908, F1-Score: 0.9930
Fold 1, Epoch 1814, Train Loss: 0.3595, Val Loss: 0.2907, Val Acc: 0.9895
Precision: 0.9963, Recall: 0.9892, F1-Score: 0.9922
Fold 1, Epoch 1815, Train Loss: 0.3761, Val Loss: 0.2887, Val Acc: 0.9877
Precision: 0.9963, Recall: 0.9894, F1-Score: 0.9921
Fold 1, Epoch 1816, Train Loss: 0.3534, Val Loss: 0.3126, Val Acc: 0.9883
Precision: 0.9964, Recall: 0.9896, F1-Score: 0.9925
Fold 1, Epoch 1817, Train Loss: 0.3410, Val Loss: 0.3041, Val Acc: 0.9881
Precision: 0.9963, Recall: 0.9897, F1-Score: 0.9925
Fold 1, Epoch 1818, Train Loss: 0.3349, Val Loss: 0.2971, Val Acc: 0.9884
Precision: 0.9960, Recall: 0.9892, F1-Score: 0.9920
Fold 1, Epoch 1819, Train Loss: 0.3236, Val Loss: 0.2896, Val Acc: 0.9878

--- Epoch 1820 ---
--- Epoch 1820 ---
--- Epoch 1820 ---



--- Epoch 1820 ---
Class Weights: [2.1182575e-05 5.6127068e-02 5.6127068e-02 5.9477936e-02 5.6928884e-02
 5.3851645e-02 5.3851645e-02 4.9812771e-02 5.9477936e-02 5.6127068e-02
 6.1308030e-02 5.1753532e-02 5.3851645e-02 6.0379118e-02 5.6928884e-02
 4.9197800e-02 5.4589339e-02 5.2434497e-02 5.7753939e-02]Class Weights: [2.1182575e-05 5.6127068e-02 5.6127068e-02 5.9477936e-02 5.6928884e-02
 5.3851645e-02 5.3851645e-02 4.9812771e-02 5.9477936e-02 5.6127068e-02
 6.1308030e-02 5.1753532e-02 5.3851645e-02 6.0379118e-02 5.6928884e-02
 4.9197800e-02 5.4589339e-02 5.2434497e-02 5.7753939e-02]Class Weights: [2.1182575e-05 5.6127068e-02 5.6127068e-02 5.9477936e-02 5.6928884e-02
 5.3851645e-02 5.3851645e-02 4.9812771e-02 5.9477936e-02 5.6127068e-02
 6.1308030e-02 5.1753532e-02 5.3851645e-02 6.0379118e-02 5.6928884e-02
 4.9197800e-02 5.4589339e-02 5.2434497e-02 5.7753939e-02]


Class Weights: [2.1182575e-05 5.6127068e-02 5.6127068e-02 5.9477936e-02 5.6928884e-02
 5.3851645e-02 5.3851645e-02 4.9812771e-02 5.9477936e-02 5.6127068e-02
 6.1308030e-02 5.1753532e-02 5.3851645e-02 6.0379118e-02 5.6928884e-02
 4.9197800e-02 5.4589339e-02 5.2434497e-02 5.7753939e-02]Learning Rate: 0.0005Learning Rate: 0.0005Learning Rate: 0.0005



Learning Rate: 0.0005
Train Loss: 0.3577, Val Loss: 0.2857Train Loss: 0.3577, Val Loss: 0.2857
Train Loss: 0.3577, Val Loss: 0.2857
Train Loss: 0.3577, Val Loss: 0.2857

Per-Class Precision: [1.         0.70921986 0.81081081 0.76190476 0.3187251  0.55844156
 0.27074236 0.12205567 0.35433071 0.11952862 0.23798077 0.18925234
 0.13763441 0.67630058 0.32178218 0.64150943 0.52649007 0.72115385
 0.66371681]
Per-Class Recall: [0.99065144 1.         1.         0.96       0.8        0.86
 0.62       0.76       0.9        0.94666667 0.792      0.54
 0.512      0.66857143 0.86666667 0.68       0.90857143 1.
 1.        ]
Per-Class F1-Score: [0.99530377 0.82987552 0.89552239 0.84955752 0.45584046 0.67716535
 0.3768997  0.2103321  0.50847458 0.2122571  0.36598891 0.28027682
 0.21694915 0.67241379 0.46931408 0.66019417 0.66666667 0.83798883
 0.79787234]
Support per Class: [293949    100    150    150    100    100    100     75    100     75
    125    150    125    175     75    100    175     75     75]
Weighted Precision: 0.9964, Weighted Recall: 0.9894, Weighted F1-Score: 0.9924
Precision: 0.9964, Recall: 0.9894, F1-Score: 0.9924
Fold 1, Epoch 1820, Train Loss: 0.3577, Val Loss: 0.2857, Val Acc: 0.9879
Precision: 0.9963, Recall: 0.9895, F1-Score: 0.9924
Fold 1, Epoch 1821, Train Loss: 0.3301, Val Loss: 0.3152, Val Acc: 0.9877
Precision: 0.9964, Recall: 0.9901, F1-Score: 0.9927
Fold 1, Epoch 1822, Train Loss: 0.3585, Val Loss: 0.2944, Val Acc: 0.9885
Precision: 0.9962, Recall: 0.9894, F1-Score: 0.9923
Fold 1, Epoch 1823, Train Loss: 0.3341, Val Loss: 0.2869, Val Acc: 0.9877
Precision: 0.9962, Recall: 0.9900, F1-Score: 0.9926
Fold 1, Epoch 1824, Train Loss: 0.3336, Val Loss: 0.2939, Val Acc: 0.9889
Precision: 0.9963, Recall: 0.9900, F1-Score: 0.9926
Fold 1, Epoch 1825, Train Loss: 0.3244, Val Loss: 0.2926, Val Acc: 0.9885
Precision: 0.9962, Recall: 0.9881, F1-Score: 0.9916
Fold 1, Epoch 1826, Train Loss: 0.3324, Val Loss: 0.3020, Val Acc: 0.9865
Precision: 0.9963, Recall: 0.9890, F1-Score: 0.9921
Fold 1, Epoch 1827, Train Loss: 0.3380, Val Loss: 0.3357, Val Acc: 0.9875
Precision: 0.9963, Recall: 0.9906, F1-Score: 0.9930
Fold 1, Epoch 1828, Train Loss: 0.3563, Val Loss: 0.2985, Val Acc: 0.9897
Precision: 0.9961, Recall: 0.9883, F1-Score: 0.9916
Fold 1, Epoch 1829, Train Loss: 0.3343, Val Loss: 0.2903, Val Acc: 0.9866

--- Epoch 1830 ---
--- Epoch 1830 ---
--- Epoch 1830 ---



--- Epoch 1830 ---
Class Weights: [2.1182575e-05 5.6127068e-02 5.6127068e-02 5.9477936e-02 5.6928884e-02
 5.3851645e-02 5.3851645e-02 4.9812771e-02 5.9477936e-02 5.6127068e-02
 6.1308030e-02 5.1753532e-02 5.3851645e-02 6.0379118e-02 5.6928884e-02
 4.9197800e-02 5.4589339e-02 5.2434497e-02 5.7753939e-02]Class Weights: [2.1182575e-05 5.6127068e-02 5.6127068e-02 5.9477936e-02 5.6928884e-02
 5.3851645e-02 5.3851645e-02 4.9812771e-02 5.9477936e-02 5.6127068e-02
 6.1308030e-02 5.1753532e-02 5.3851645e-02 6.0379118e-02 5.6928884e-02
 4.9197800e-02 5.4589339e-02 5.2434497e-02 5.7753939e-02]Class Weights: [2.1182575e-05 5.6127068e-02 5.6127068e-02 5.9477936e-02 5.6928884e-02
 5.3851645e-02 5.3851645e-02 4.9812771e-02 5.9477936e-02 5.6127068e-02
 6.1308030e-02 5.1753532e-02 5.3851645e-02 6.0379118e-02 5.6928884e-02
 4.9197800e-02 5.4589339e-02 5.2434497e-02 5.7753939e-02]


Learning Rate: 0.0005Learning Rate: 0.0005
Learning Rate: 0.0005Class Weights: [2.1182575e-05 5.6127068e-02 5.6127068e-02 5.9477936e-02 5.6928884e-02
 5.3851645e-02 5.3851645e-02 4.9812771e-02 5.9477936e-02 5.6127068e-02
 6.1308030e-02 5.1753532e-02 5.3851645e-02 6.0379118e-02 5.6928884e-02
 4.9197800e-02 5.4589339e-02 5.2434497e-02 5.7753939e-02]


Learning Rate: 0.0005
Train Loss: 0.3349, Val Loss: 0.2991
Train Loss: 0.3349, Val Loss: 0.2991Train Loss: 0.3349, Val Loss: 0.2991

Train Loss: 0.3349, Val Loss: 0.2991
Per-Class Precision: [1.         0.6097561  0.81564246 0.60240964 0.29277567 0.54166667
 0.33476395 0.2        0.4321608  0.14256198 0.21134021 0.13636364
 0.12043011 0.51574803 0.26728111 0.54605263 0.48888889 0.64347826
 0.6097561 ]
Per-Class Recall: [0.99143049 1.         0.97333333 1.         0.77       0.91
 0.78       0.77333333 0.86       0.92       0.656      0.26
 0.448      0.74857143 0.77333333 0.83       0.88       0.98666667
 1.        ]
Per-Class F1-Score: [0.9956968  0.75757576 0.88753799 0.7518797  0.42424242 0.67910448
 0.46846847 0.31780822 0.57525084 0.24686941 0.31968811 0.17889908
 0.18983051 0.61072261 0.39726027 0.65873016 0.62857143 0.77894737
 0.75757576]
Support per Class: [293949    100    150    150    100    100    100     75    100     75
    125    150    125    175     75    100    175     75     75]
Weighted Precision: 0.9961, Weighted Recall: 0.9901, Weighted F1-Score: 0.9926
Precision: 0.9961, Recall: 0.9901, F1-Score: 0.9926
Fold 1, Epoch 1830, Train Loss: 0.3349, Val Loss: 0.2991, Val Acc: 0.9886
Precision: 0.9963, Recall: 0.9896, F1-Score: 0.9924
Fold 1, Epoch 1831, Train Loss: 0.3349, Val Loss: 0.3040, Val Acc: 0.9882
Precision: 0.9961, Recall: 0.9679, F1-Score: 0.9811
Fold 1, Epoch 1832, Train Loss: 0.3377, Val Loss: 0.2986, Val Acc: 0.9718
Precision: 0.9963, Recall: 0.9904, F1-Score: 0.9928
Fold 1, Epoch 1833, Train Loss: 0.3480, Val Loss: 0.2984, Val Acc: 0.9889
Precision: 0.9964, Recall: 0.9884, F1-Score: 0.9919
Fold 1, Epoch 1834, Train Loss: 0.3710, Val Loss: 0.2982, Val Acc: 0.9871
Precision: 0.9962, Recall: 0.9897, F1-Score: 0.9925
Fold 1, Epoch 1835, Train Loss: 0.3641, Val Loss: 0.3133, Val Acc: 0.9882
Precision: 0.9962, Recall: 0.9891, F1-Score: 0.9921
Fold 1, Epoch 1836, Train Loss: 0.3488, Val Loss: 0.2893, Val Acc: 0.9877
Precision: 0.9963, Recall: 0.9905, F1-Score: 0.9929
Fold 1, Epoch 1837, Train Loss: 0.3495, Val Loss: 0.2932, Val Acc: 0.9893
Precision: 0.9963, Recall: 0.9908, F1-Score: 0.9931
Fold 1, Epoch 1838, Train Loss: 0.3576, Val Loss: 0.3067, Val Acc: 0.9898
Precision: 0.9961, Recall: 0.9833, F1-Score: 0.9890
Fold 1, Epoch 1839, Train Loss: 0.3490, Val Loss: 0.3065, Val Acc: 0.9818

--- Epoch 1840 ---
--- Epoch 1840 ---
--- Epoch 1840 ---



--- Epoch 1840 ---
Class Weights: [2.1182575e-05 5.6127068e-02 5.6127068e-02 5.9477936e-02 5.6928884e-02
 5.3851645e-02 5.3851645e-02 4.9812771e-02 5.9477936e-02 5.6127068e-02
 6.1308030e-02 5.1753532e-02 5.3851645e-02 6.0379118e-02 5.6928884e-02
 4.9197800e-02 5.4589339e-02 5.2434497e-02 5.7753939e-02]
Class Weights: [2.1182575e-05 5.6127068e-02 5.6127068e-02 5.9477936e-02 5.6928884e-02
 5.3851645e-02 5.3851645e-02 4.9812771e-02 5.9477936e-02 5.6127068e-02
 6.1308030e-02 5.1753532e-02 5.3851645e-02 6.0379118e-02 5.6928884e-02
 4.9197800e-02 5.4589339e-02 5.2434497e-02 5.7753939e-02]Class Weights: [2.1182575e-05 5.6127068e-02 5.6127068e-02 5.9477936e-02 5.6928884e-02
 5.3851645e-02 5.3851645e-02 4.9812771e-02 5.9477936e-02 5.6127068e-02
 6.1308030e-02 5.1753532e-02 5.3851645e-02 6.0379118e-02 5.6928884e-02
 4.9197800e-02 5.4589339e-02 5.2434497e-02 5.7753939e-02]
Learning Rate: 0.0005

Learning Rate: 0.0005Class Weights: [2.1182575e-05 5.6127068e-02 5.6127068e-02 5.9477936e-02 5.6928884e-02
 5.3851645e-02 5.3851645e-02 4.9812771e-02 5.9477936e-02 5.6127068e-02
 6.1308030e-02 5.1753532e-02 5.3851645e-02 6.0379118e-02 5.6928884e-02
 4.9197800e-02 5.4589339e-02 5.2434497e-02 5.7753939e-02]
Learning Rate: 0.0005

Learning Rate: 0.0005
Train Loss: 0.3548, Val Loss: 0.2899
Train Loss: 0.3548, Val Loss: 0.2899
Train Loss: 0.3548, Val Loss: 0.2899
Train Loss: 0.3548, Val Loss: 0.2899
Per-Class Precision: [1.         0.63291139 0.78125    0.735      0.32404181 0.64084507
 0.47916667 0.25619835 0.42995169 0.18974359 0.13979849 0.2016129
 0.17220544 0.46153846 0.33962264 0.57342657 0.43266476 0.5952381
 0.63559322]
Per-Class Recall: [0.99139306 1.         1.         0.98       0.93       0.91
 0.69       0.82666667 0.89       0.98666667 0.888      0.33333333
 0.456      0.85714286 0.72       0.82       0.86285714 1.
 1.        ]
Per-Class F1-Score: [0.99567793 0.7751938  0.87719298 0.84       0.48062016 0.75206612
 0.56557377 0.39116719 0.57980456 0.31827957 0.24156692 0.25125628
 0.25       0.6        0.46153846 0.67489712 0.57633588 0.74626866
 0.77720207]
Support per Class: [293949    100    150    150    100    100    100     75    100     75
    125    150    125    175     75    100    175     75     75]
Weighted Precision: 0.9962, Weighted Recall: 0.9903, Weighted F1-Score: 0.9927
Precision: 0.9962, Recall: 0.9903, F1-Score: 0.9927
Fold 1, Epoch 1840, Train Loss: 0.3548, Val Loss: 0.2899, Val Acc: 0.9892
Precision: 0.9964, Recall: 0.9780, F1-Score: 0.9866
Fold 1, Epoch 1841, Train Loss: 0.3556, Val Loss: 0.3065, Val Acc: 0.9770
Precision: 0.9963, Recall: 0.9904, F1-Score: 0.9929
Fold 1, Epoch 1842, Train Loss: 0.3380, Val Loss: 0.3089, Val Acc: 0.9892
Precision: 0.9963, Recall: 0.9898, F1-Score: 0.9925
Fold 1, Epoch 1843, Train Loss: 0.3365, Val Loss: 0.3123, Val Acc: 0.9882
Precision: 0.9963, Recall: 0.9910, F1-Score: 0.9932
Fold 1, Epoch 1844, Train Loss: 0.3496, Val Loss: 0.3063, Val Acc: 0.9896
Precision: 0.9962, Recall: 0.9883, F1-Score: 0.9917
Fold 1, Epoch 1845, Train Loss: 0.3320, Val Loss: 0.3032, Val Acc: 0.9862
Precision: 0.9964, Recall: 0.9886, F1-Score: 0.9919
Fold 1, Epoch 1846, Train Loss: 0.3607, Val Loss: 0.3026, Val Acc: 0.9876
Precision: 0.9963, Recall: 0.9901, F1-Score: 0.9927
Fold 1, Epoch 1847, Train Loss: 0.3498, Val Loss: 0.3073, Val Acc: 0.9884
Precision: 0.9960, Recall: 0.9888, F1-Score: 0.9918
Fold 1, Epoch 1848, Train Loss: 0.3608, Val Loss: 0.3028, Val Acc: 0.9877
Precision: 0.9963, Recall: 0.9900, F1-Score: 0.9927
Fold 1, Epoch 1849, Train Loss: 0.3872, Val Loss: 0.2893, Val Acc: 0.9889

--- Epoch 1850 ---
--- Epoch 1850 ---
--- Epoch 1850 ---



--- Epoch 1850 ---
Class Weights: [2.1182575e-05 5.6127068e-02 5.6127068e-02 5.9477936e-02 5.6928884e-02
 5.3851645e-02 5.3851645e-02 4.9812771e-02 5.9477936e-02 5.6127068e-02
 6.1308030e-02 5.1753532e-02 5.3851645e-02 6.0379118e-02 5.6928884e-02
 4.9197800e-02 5.4589339e-02 5.2434497e-02 5.7753939e-02]Class Weights: [2.1182575e-05 5.6127068e-02 5.6127068e-02 5.9477936e-02 5.6928884e-02
 5.3851645e-02 5.3851645e-02 4.9812771e-02 5.9477936e-02 5.6127068e-02
 6.1308030e-02 5.1753532e-02 5.3851645e-02 6.0379118e-02 5.6928884e-02
 4.9197800e-02 5.4589339e-02 5.2434497e-02 5.7753939e-02]Class Weights: [2.1182575e-05 5.6127068e-02 5.6127068e-02 5.9477936e-02 5.6928884e-02
 5.3851645e-02 5.3851645e-02 4.9812771e-02 5.9477936e-02 5.6127068e-02
 6.1308030e-02 5.1753532e-02 5.3851645e-02 6.0379118e-02 5.6928884e-02
 4.9197800e-02 5.4589339e-02 5.2434497e-02 5.7753939e-02]


Learning Rate: 0.0005Learning Rate: 0.0005Learning Rate: 0.0005

Class Weights: [2.1182575e-05 5.6127068e-02 5.6127068e-02 5.9477936e-02 5.6928884e-02
 5.3851645e-02 5.3851645e-02 4.9812771e-02 5.9477936e-02 5.6127068e-02
 6.1308030e-02 5.1753532e-02 5.3851645e-02 6.0379118e-02 5.6928884e-02
 4.9197800e-02 5.4589339e-02 5.2434497e-02 5.7753939e-02]

Learning Rate: 0.0005
Train Loss: 0.3504, Val Loss: 0.3051Train Loss: 0.3504, Val Loss: 0.3051

Train Loss: 0.3504, Val Loss: 0.3051
Train Loss: 0.3504, Val Loss: 0.3051
Per-Class Precision: [1.         0.74074074 0.85714286 0.73       0.25438596 0.66129032
 0.13924051 0.15820896 0.58461538 0.21523179 0.23250564 0.20820189
 0.12979351 0.67701863 0.33333333 0.6173913  0.5503876  0.46875
 0.64655172]
Per-Class Recall: [0.99074669 1.         1.         0.97333333 0.87       0.82
 0.77       0.70666667 0.76       0.86666667 0.824      0.44
 0.704      0.62285714 0.89333333 0.71       0.81142857 1.
 1.        ]
Per-Class F1-Score: [0.99535184 0.85106383 0.92307692 0.83428571 0.39366516 0.73214286
 0.23583461 0.25853659 0.66086957 0.34482759 0.36267606 0.28265525
 0.21917808 0.64880952 0.48550725 0.66046512 0.65588915 0.63829787
 0.78534031]
Support per Class: [293949    100    150    150    100    100    100     75    100     75
    125    150    125    175     75    100    175     75     75]
Weighted Precision: 0.9964, Weighted Recall: 0.9895, Weighted F1-Score: 0.9924
Precision: 0.9964, Recall: 0.9895, F1-Score: 0.9924
Fold 1, Epoch 1850, Train Loss: 0.3504, Val Loss: 0.3051, Val Acc: 0.9881
Precision: 0.9961, Recall: 0.9817, F1-Score: 0.9882
Fold 1, Epoch 1851, Train Loss: 0.3503, Val Loss: 0.2991, Val Acc: 0.9800
Precision: 0.9963, Recall: 0.9909, F1-Score: 0.9931
Fold 1, Epoch 1852, Train Loss: 0.3369, Val Loss: 0.2948, Val Acc: 0.9898
Precision: 0.9962, Recall: 0.9889, F1-Score: 0.9920
Fold 1, Epoch 1853, Train Loss: 0.3305, Val Loss: 0.2891, Val Acc: 0.9879
Precision: 0.9964, Recall: 0.9900, F1-Score: 0.9927
Fold 1, Epoch 1854, Train Loss: 0.3489, Val Loss: 0.2926, Val Acc: 0.9890
Precision: 0.9962, Recall: 0.9854, F1-Score: 0.9901
Fold 1, Epoch 1855, Train Loss: 0.3322, Val Loss: 0.2997, Val Acc: 0.9855
Precision: 0.9963, Recall: 0.9885, F1-Score: 0.9919
Fold 1, Epoch 1856, Train Loss: 0.3444, Val Loss: 0.3008, Val Acc: 0.9876
Precision: 0.9961, Recall: 0.9896, F1-Score: 0.9923
Fold 1, Epoch 1857, Train Loss: 0.3396, Val Loss: 0.2845, Val Acc: 0.9882
Precision: 0.9962, Recall: 0.9900, F1-Score: 0.9926
Fold 1, Epoch 1858, Train Loss: 0.3460, Val Loss: 0.2794, Val Acc: 0.9886
Precision: 0.9963, Recall: 0.9893, F1-Score: 0.9923
Fold 1, Epoch 1859, Train Loss: 0.3304, Val Loss: 0.3412, Val Acc: 0.9875

--- Epoch 1860 ---
--- Epoch 1860 ---
--- Epoch 1860 ---



--- Epoch 1860 ---
Class Weights: [2.1182575e-05 5.6127068e-02 5.6127068e-02 5.9477936e-02 5.6928884e-02
 5.3851645e-02 5.3851645e-02 4.9812771e-02 5.9477936e-02 5.6127068e-02
 6.1308030e-02 5.1753532e-02 5.3851645e-02 6.0379118e-02 5.6928884e-02
 4.9197800e-02 5.4589339e-02 5.2434497e-02 5.7753939e-02]Class Weights: [2.1182575e-05 5.6127068e-02 5.6127068e-02 5.9477936e-02 5.6928884e-02
 5.3851645e-02 5.3851645e-02 4.9812771e-02 5.9477936e-02 5.6127068e-02
 6.1308030e-02 5.1753532e-02 5.3851645e-02 6.0379118e-02 5.6928884e-02
 4.9197800e-02 5.4589339e-02 5.2434497e-02 5.7753939e-02]Class Weights: [2.1182575e-05 5.6127068e-02 5.6127068e-02 5.9477936e-02 5.6928884e-02
 5.3851645e-02 5.3851645e-02 4.9812771e-02 5.9477936e-02 5.6127068e-02
 6.1308030e-02 5.1753532e-02 5.3851645e-02 6.0379118e-02 5.6928884e-02
 4.9197800e-02 5.4589339e-02 5.2434497e-02 5.7753939e-02]


Learning Rate: 0.0005Class Weights: [2.1182575e-05 5.6127068e-02 5.6127068e-02 5.9477936e-02 5.6928884e-02
 5.3851645e-02 5.3851645e-02 4.9812771e-02 5.9477936e-02 5.6127068e-02
 6.1308030e-02 5.1753532e-02 5.3851645e-02 6.0379118e-02 5.6928884e-02
 4.9197800e-02 5.4589339e-02 5.2434497e-02 5.7753939e-02]Learning Rate: 0.0005Learning Rate: 0.0005



Learning Rate: 0.0005
Train Loss: 0.3966, Val Loss: 0.3356
Train Loss: 0.3966, Val Loss: 0.3356Train Loss: 0.3966, Val Loss: 0.3356

Train Loss: 0.3966, Val Loss: 0.3356
Per-Class Precision: [1.         0.16694772 0.85227273 0.7826087  0.33333333 0.58333333
 0.31162791 0.15243902 0.34449761 0.11148087 0.23410405 0.16895874
 0.08952703 0.68141593 0.31351351 0.48125    0.51764706 0.64102564
 0.62184874]
Per-Class Recall: [0.98961725 0.99       1.         0.96       0.77       0.84
 0.67       0.66666667 0.72       0.89333333 0.648      0.57333333
 0.424      0.44       0.77333333 0.77       0.75428571 1.
 0.98666667]
Per-Class F1-Score: [0.99478153 0.28571429 0.9202454  0.86227545 0.4652568  0.68852459
 0.42539683 0.24813896 0.46601942 0.19822485 0.34394904 0.26100152
 0.14783821 0.53472222 0.44615385 0.59230769 0.61395349 0.78125
 0.7628866 ]
Support per Class: [293949    100    150    150    100    100    100     75    100     75
    125    150    125    175     75    100    175     75     75]
Weighted Precision: 0.9961, Weighted Recall: 0.9880, Weighted F1-Score: 0.9915
Precision: 0.9961, Recall: 0.9880, F1-Score: 0.9915
Fold 1, Epoch 1860, Train Loss: 0.3966, Val Loss: 0.3356, Val Acc: 0.9871
Precision: 0.9962, Recall: 0.9872, F1-Score: 0.9910
Fold 1, Epoch 1861, Train Loss: 0.3507, Val Loss: 0.2948, Val Acc: 0.9864
Precision: 0.9961, Recall: 0.9898, F1-Score: 0.9924
Fold 1, Epoch 1862, Train Loss: 0.3432, Val Loss: 0.3076, Val Acc: 0.9883
Precision: 0.9963, Recall: 0.9890, F1-Score: 0.9921
Fold 1, Epoch 1863, Train Loss: 0.3548, Val Loss: 0.2967, Val Acc: 0.9873
Precision: 0.9964, Recall: 0.9911, F1-Score: 0.9933
Fold 1, Epoch 1864, Train Loss: 0.3585, Val Loss: 0.3029, Val Acc: 0.9902
Precision: 0.9960, Recall: 0.9695, F1-Score: 0.9818
Fold 1, Epoch 1865, Train Loss: 0.3255, Val Loss: 0.2926, Val Acc: 0.9728
Precision: 0.9964, Recall: 0.9907, F1-Score: 0.9930
Fold 1, Epoch 1866, Train Loss: 0.3501, Val Loss: 0.3101, Val Acc: 0.9895
Precision: 0.9962, Recall: 0.9841, F1-Score: 0.9895
Fold 1, Epoch 1867, Train Loss: 0.3711, Val Loss: 0.2998, Val Acc: 0.9849
Precision: 0.9961, Recall: 0.9780, F1-Score: 0.9863
Fold 1, Epoch 1868, Train Loss: 0.3801, Val Loss: 0.2936, Val Acc: 0.9811
Precision: 0.9962, Recall: 0.9889, F1-Score: 0.9920
Fold 1, Epoch 1869, Train Loss: 0.3802, Val Loss: 0.3165, Val Acc: 0.9881

--- Epoch 1870 ---
--- Epoch 1870 ---
--- Epoch 1870 ---



--- Epoch 1870 ---
Class Weights: [2.1182575e-05 5.6127068e-02 5.6127068e-02 5.9477936e-02 5.6928884e-02
 5.3851645e-02 5.3851645e-02 4.9812771e-02 5.9477936e-02 5.6127068e-02
 6.1308030e-02 5.1753532e-02 5.3851645e-02 6.0379118e-02 5.6928884e-02
 4.9197800e-02 5.4589339e-02 5.2434497e-02 5.7753939e-02]Class Weights: [2.1182575e-05 5.6127068e-02 5.6127068e-02 5.9477936e-02 5.6928884e-02
 5.3851645e-02 5.3851645e-02 4.9812771e-02 5.9477936e-02 5.6127068e-02
 6.1308030e-02 5.1753532e-02 5.3851645e-02 6.0379118e-02 5.6928884e-02
 4.9197800e-02 5.4589339e-02 5.2434497e-02 5.7753939e-02]Class Weights: [2.1182575e-05 5.6127068e-02 5.6127068e-02 5.9477936e-02 5.6928884e-02
 5.3851645e-02 5.3851645e-02 4.9812771e-02 5.9477936e-02 5.6127068e-02
 6.1308030e-02 5.1753532e-02 5.3851645e-02 6.0379118e-02 5.6928884e-02
 4.9197800e-02 5.4589339e-02 5.2434497e-02 5.7753939e-02]


Learning Rate: 0.0005Learning Rate: 0.0005
Learning Rate: 0.0005Class Weights: [2.1182575e-05 5.6127068e-02 5.6127068e-02 5.9477936e-02 5.6928884e-02
 5.3851645e-02 5.3851645e-02 4.9812771e-02 5.9477936e-02 5.6127068e-02
 6.1308030e-02 5.1753532e-02 5.3851645e-02 6.0379118e-02 5.6928884e-02
 4.9197800e-02 5.4589339e-02 5.2434497e-02 5.7753939e-02]


Learning Rate: 0.0005
Train Loss: 0.3574, Val Loss: 0.3054
Train Loss: 0.3574, Val Loss: 0.3054Train Loss: 0.3574, Val Loss: 0.3054

Train Loss: 0.3574, Val Loss: 0.3054
Per-Class Precision: [1.         0.76335878 0.84023669 0.8136646  0.31596091 0.78095238
 0.19047619 0.16720257 0.39565217 0.11829653 0.16761905 0.15331808
 0.1865285  0.69662921 0.31578947 0.5035461  0.50357143 0.73267327
 0.64102564]
Per-Class Recall: [0.99048815 1.         0.94666667 0.87333333 0.97       0.82
 0.76       0.69333333 0.91       1.         0.704      0.44666667
 0.576      0.70857143 0.88       0.71       0.80571429 0.98666667
 1.        ]
Per-Class F1-Score: [0.99522135 0.86580087 0.89028213 0.84244373 0.47665848 0.8
 0.30460922 0.26943005 0.55151515 0.21156559 0.27076923 0.22827939
 0.28180039 0.70254958 0.46478873 0.58921162 0.61978022 0.84090909
 0.78125   ]
Support per Class: [293949    100    150    150    100    100    100     75    100     75
    125    150    125    175     75    100    175     75     75]
Weighted Precision: 0.9964, Weighted Recall: 0.9892, Weighted F1-Score: 0.9923
Precision: 0.9964, Recall: 0.9892, F1-Score: 0.9923
Fold 1, Epoch 1870, Train Loss: 0.3574, Val Loss: 0.3054, Val Acc: 0.9876
Precision: 0.9962, Recall: 0.9884, F1-Score: 0.9917
Fold 1, Epoch 1871, Train Loss: 0.3490, Val Loss: 0.2892, Val Acc: 0.9866
Precision: 0.9962, Recall: 0.9861, F1-Score: 0.9906
Fold 1, Epoch 1872, Train Loss: 0.3372, Val Loss: 0.3160, Val Acc: 0.9857
Precision: 0.9962, Recall: 0.9882, F1-Score: 0.9916
Fold 1, Epoch 1873, Train Loss: 0.3669, Val Loss: 0.3229, Val Acc: 0.9865
Precision: 0.9964, Recall: 0.9881, F1-Score: 0.9916
Fold 1, Epoch 1874, Train Loss: 0.3598, Val Loss: 0.2997, Val Acc: 0.9862
Precision: 0.9961, Recall: 0.9886, F1-Score: 0.9918
Fold 1, Epoch 1875, Train Loss: 0.3392, Val Loss: 0.2835, Val Acc: 0.9877
Precision: 0.9961, Recall: 0.9702, F1-Score: 0.9823
Fold 1, Epoch 1876, Train Loss: 0.3460, Val Loss: 0.2878, Val Acc: 0.9730
Precision: 0.9964, Recall: 0.9903, F1-Score: 0.9929
Fold 1, Epoch 1877, Train Loss: 0.3396, Val Loss: 0.3061, Val Acc: 0.9890
Precision: 0.9964, Recall: 0.9908, F1-Score: 0.9931
Fold 1, Epoch 1878, Train Loss: 0.3629, Val Loss: 0.2937, Val Acc: 0.9893
Precision: 0.9963, Recall: 0.9880, F1-Score: 0.9915
Fold 1, Epoch 1879, Train Loss: 0.3473, Val Loss: 0.2887, Val Acc: 0.9861

--- Epoch 1880 ---
--- Epoch 1880 ---
--- Epoch 1880 ---



--- Epoch 1880 ---
Class Weights: [2.1182575e-05 5.6127068e-02 5.6127068e-02 5.9477936e-02 5.6928884e-02
 5.3851645e-02 5.3851645e-02 4.9812771e-02 5.9477936e-02 5.6127068e-02
 6.1308030e-02 5.1753532e-02 5.3851645e-02 6.0379118e-02 5.6928884e-02
 4.9197800e-02 5.4589339e-02 5.2434497e-02 5.7753939e-02]Class Weights: [2.1182575e-05 5.6127068e-02 5.6127068e-02 5.9477936e-02 5.6928884e-02
 5.3851645e-02 5.3851645e-02 4.9812771e-02 5.9477936e-02 5.6127068e-02
 6.1308030e-02 5.1753532e-02 5.3851645e-02 6.0379118e-02 5.6928884e-02
 4.9197800e-02 5.4589339e-02 5.2434497e-02 5.7753939e-02]Class Weights: [2.1182575e-05 5.6127068e-02 5.6127068e-02 5.9477936e-02 5.6928884e-02
 5.3851645e-02 5.3851645e-02 4.9812771e-02 5.9477936e-02 5.6127068e-02
 6.1308030e-02 5.1753532e-02 5.3851645e-02 6.0379118e-02 5.6928884e-02
 4.9197800e-02 5.4589339e-02 5.2434497e-02 5.7753939e-02]


Class Weights: [2.1182575e-05 5.6127068e-02 5.6127068e-02 5.9477936e-02 5.6928884e-02
 5.3851645e-02 5.3851645e-02 4.9812771e-02 5.9477936e-02 5.6127068e-02
 6.1308030e-02 5.1753532e-02 5.3851645e-02 6.0379118e-02 5.6928884e-02
 4.9197800e-02 5.4589339e-02 5.2434497e-02 5.7753939e-02]Learning Rate: 0.0005Learning Rate: 0.0005Learning Rate: 0.0005



Learning Rate: 0.0005
Train Loss: 0.3675, Val Loss: 0.3332Train Loss: 0.3675, Val Loss: 0.3332Train Loss: 0.3675, Val Loss: 0.3332

Train Loss: 0.3675, Val Loss: 0.3332

Per-Class Precision: [1.         0.72093023 0.74626866 0.81920904 0.37383178 0.69298246
 0.24778761 0.13780261 0.45751634 0.18731988 0.25382263 0.18215613
 0.11622807 0.69135802 0.34682081 0.62601626 0.48929664 0.70754717
 0.65789474]
Per-Class Recall: [0.99120256 0.93       1.         0.96666667 0.8        0.79
 0.56       0.98666667 0.7        0.86666667 0.664      0.32666667
 0.848      0.64       0.8        0.77       0.91428571 1.
 1.        ]
Per-Class F1-Score: [0.99558184 0.81222707 0.85470085 0.88685015 0.50955414 0.73831776
 0.34355828 0.24183007 0.55335968 0.30805687 0.36725664 0.23389021
 0.20443587 0.66468843 0.48387097 0.69058296 0.6374502  0.82872928
 0.79365079]
Support per Class: [293949    100    150    150    100    100    100     75    100     75
    125    150    125    175     75    100    175     75     75]
Weighted Precision: 0.9965, Weighted Recall: 0.9899, Weighted F1-Score: 0.9927
Precision: 0.9965, Recall: 0.9899, F1-Score: 0.9927
Fold 1, Epoch 1880, Train Loss: 0.3675, Val Loss: 0.3332, Val Acc: 0.9887
Precision: 0.9960, Recall: 0.9893, F1-Score: 0.9921
Fold 1, Epoch 1881, Train Loss: 0.3680, Val Loss: 0.3113, Val Acc: 0.9878
Precision: 0.9962, Recall: 0.9867, F1-Score: 0.9908
Fold 1, Epoch 1882, Train Loss: 0.3739, Val Loss: 0.2853, Val Acc: 0.9855
Precision: 0.9964, Recall: 0.9902, F1-Score: 0.9928
Fold 1, Epoch 1883, Train Loss: 0.3589, Val Loss: 0.3292, Val Acc: 0.9890
Precision: 0.9962, Recall: 0.9822, F1-Score: 0.9885
Fold 1, Epoch 1884, Train Loss: 0.3699, Val Loss: 0.2985, Val Acc: 0.9813
Precision: 0.9961, Recall: 0.9895, F1-Score: 0.9923
Fold 1, Epoch 1885, Train Loss: 0.3586, Val Loss: 0.3007, Val Acc: 0.9886
Precision: 0.9964, Recall: 0.9876, F1-Score: 0.9914
Fold 1, Epoch 1886, Train Loss: 0.3550, Val Loss: 0.3119, Val Acc: 0.9871
Precision: 0.9961, Recall: 0.9884, F1-Score: 0.9917
Fold 1, Epoch 1887, Train Loss: 0.3624, Val Loss: 0.3127, Val Acc: 0.9864
Precision: 0.9962, Recall: 0.9889, F1-Score: 0.9920
Fold 1, Epoch 1888, Train Loss: 0.3328, Val Loss: 0.2891, Val Acc: 0.9877
Precision: 0.9963, Recall: 0.9907, F1-Score: 0.9930
Fold 1, Epoch 1889, Train Loss: 0.3621, Val Loss: 0.3140, Val Acc: 0.9893

--- Epoch 1890 ---
--- Epoch 1890 ---
--- Epoch 1890 ---



--- Epoch 1890 ---
Class Weights: [2.1182575e-05 5.6127068e-02 5.6127068e-02 5.9477936e-02 5.6928884e-02
 5.3851645e-02 5.3851645e-02 4.9812771e-02 5.9477936e-02 5.6127068e-02
 6.1308030e-02 5.1753532e-02 5.3851645e-02 6.0379118e-02 5.6928884e-02
 4.9197800e-02 5.4589339e-02 5.2434497e-02 5.7753939e-02]Class Weights: [2.1182575e-05 5.6127068e-02 5.6127068e-02 5.9477936e-02 5.6928884e-02
 5.3851645e-02 5.3851645e-02 4.9812771e-02 5.9477936e-02 5.6127068e-02
 6.1308030e-02 5.1753532e-02 5.3851645e-02 6.0379118e-02 5.6928884e-02
 4.9197800e-02 5.4589339e-02 5.2434497e-02 5.7753939e-02]Class Weights: [2.1182575e-05 5.6127068e-02 5.6127068e-02 5.9477936e-02 5.6928884e-02
 5.3851645e-02 5.3851645e-02 4.9812771e-02 5.9477936e-02 5.6127068e-02
 6.1308030e-02 5.1753532e-02 5.3851645e-02 6.0379118e-02 5.6928884e-02
 4.9197800e-02 5.4589339e-02 5.2434497e-02 5.7753939e-02]


Class Weights: [2.1182575e-05 5.6127068e-02 5.6127068e-02 5.9477936e-02 5.6928884e-02
 5.3851645e-02 5.3851645e-02 4.9812771e-02 5.9477936e-02 5.6127068e-02
 6.1308030e-02 5.1753532e-02 5.3851645e-02 6.0379118e-02 5.6928884e-02
 4.9197800e-02 5.4589339e-02 5.2434497e-02 5.7753939e-02]Learning Rate: 0.0005Learning Rate: 0.0005Learning Rate: 0.0005



Learning Rate: 0.0005
Train Loss: 0.3649, Val Loss: 0.3130Train Loss: 0.3649, Val Loss: 0.3130
Train Loss: 0.3649, Val Loss: 0.3130Train Loss: 0.3649, Val Loss: 0.3130


Per-Class Precision: [1.         0.54347826 0.81967213 0.66666667 0.35775862 0.65873016
 0.2055336  0.11111111 0.31125828 0.13714286 0.24605678 0.1937799
 0.13876652 0.71171171 0.30567686 0.63       0.48598131 0.70754717
 0.6       ]
Per-Class Recall: [0.99118555 1.         1.         1.         0.83       0.83
 0.52       0.6        0.94       0.96       0.624      0.54
 0.504      0.45142857 0.93333333 0.63       0.89142857 1.
 1.        ]
Per-Class F1-Score: [0.99557326 0.70422535 0.9009009  0.8        0.5        0.73451327
 0.29461756 0.1875     0.46766169 0.24       0.35294118 0.28521127
 0.21761658 0.55244755 0.46052632 0.63       0.62903226 0.82872928
 0.75      ]
Support per Class: [293949    100    150    150    100    100    100     75    100     75
    125    150    125    175     75    100    175     75     75]
Weighted Precision: 0.9963, Weighted Recall: 0.9897, Weighted F1-Score: 0.9925
Precision: 0.9963, Recall: 0.9897, F1-Score: 0.9925
Fold 1, Epoch 1890, Train Loss: 0.3649, Val Loss: 0.3130, Val Acc: 0.9884
Precision: 0.9961, Recall: 0.9876, F1-Score: 0.9913
Fold 1, Epoch 1891, Train Loss: 0.3593, Val Loss: 0.3150, Val Acc: 0.9854
Precision: 0.9962, Recall: 0.9906, F1-Score: 0.9929
Fold 1, Epoch 1892, Train Loss: 0.3707, Val Loss: 0.2983, Val Acc: 0.9892
Precision: 0.9964, Recall: 0.9898, F1-Score: 0.9926
Fold 1, Epoch 1893, Train Loss: 0.3531, Val Loss: 0.2941, Val Acc: 0.9882
Precision: 0.9964, Recall: 0.9890, F1-Score: 0.9921
Fold 1, Epoch 1894, Train Loss: 0.3372, Val Loss: 0.2883, Val Acc: 0.9872
Precision: 0.9963, Recall: 0.9899, F1-Score: 0.9926
Fold 1, Epoch 1895, Train Loss: 0.3288, Val Loss: 0.2988, Val Acc: 0.9885
Precision: 0.9963, Recall: 0.9909, F1-Score: 0.9931
Fold 1, Epoch 1896, Train Loss: 0.3258, Val Loss: 0.2957, Val Acc: 0.9896
Precision: 0.9962, Recall: 0.9900, F1-Score: 0.9926
Fold 1, Epoch 1897, Train Loss: 0.3457, Val Loss: 0.2751, Val Acc: 0.9887
Precision: 0.9962, Recall: 0.9902, F1-Score: 0.9927
Fold 1, Epoch 1898, Train Loss: 0.3401, Val Loss: 0.2839, Val Acc: 0.9888
Precision: 0.9963, Recall: 0.9897, F1-Score: 0.9924
Fold 1, Epoch 1899, Train Loss: 0.3286, Val Loss: 0.2926, Val Acc: 0.9884

--- Epoch 1900 ---
--- Epoch 1900 ---
--- Epoch 1900 ---



--- Epoch 1900 ---
Class Weights: [2.1182575e-05 5.6127068e-02 5.6127068e-02 5.9477936e-02 5.6928884e-02
 5.3851645e-02 5.3851645e-02 4.9812771e-02 5.9477936e-02 5.6127068e-02
 6.1308030e-02 5.1753532e-02 5.3851645e-02 6.0379118e-02 5.6928884e-02
 4.9197800e-02 5.4589339e-02 5.2434497e-02 5.7753939e-02]Class Weights: [2.1182575e-05 5.6127068e-02 5.6127068e-02 5.9477936e-02 5.6928884e-02
 5.3851645e-02 5.3851645e-02 4.9812771e-02 5.9477936e-02 5.6127068e-02
 6.1308030e-02 5.1753532e-02 5.3851645e-02 6.0379118e-02 5.6928884e-02
 4.9197800e-02 5.4589339e-02 5.2434497e-02 5.7753939e-02]Class Weights: [2.1182575e-05 5.6127068e-02 5.6127068e-02 5.9477936e-02 5.6928884e-02
 5.3851645e-02 5.3851645e-02 4.9812771e-02 5.9477936e-02 5.6127068e-02
 6.1308030e-02 5.1753532e-02 5.3851645e-02 6.0379118e-02 5.6928884e-02
 4.9197800e-02 5.4589339e-02 5.2434497e-02 5.7753939e-02]

Class Weights: [2.1182575e-05 5.6127068e-02 5.6127068e-02 5.9477936e-02 5.6928884e-02
 5.3851645e-02 5.3851645e-02 4.9812771e-02 5.9477936e-02 5.6127068e-02
 6.1308030e-02 5.1753532e-02 5.3851645e-02 6.0379118e-02 5.6928884e-02
 4.9197800e-02 5.4589339e-02 5.2434497e-02 5.7753939e-02]
Learning Rate: 0.0005Learning Rate: 0.0005

Learning Rate: 0.0005

Learning Rate: 0.0005
Train Loss: 0.3334, Val Loss: 0.2887Train Loss: 0.3334, Val Loss: 0.2887

Train Loss: 0.3334, Val Loss: 0.2887Train Loss: 0.3334, Val Loss: 0.2887

Per-Class Precision: [1.         0.56818182 0.79365079 0.72058824 0.34745763 0.57961783
 0.31679389 0.19259259 0.45454545 0.13863216 0.17714286 0.2056962
 0.15614618 0.8245614  0.23202614 0.64130435 0.50324675 0.63559322
 0.6302521 ]
Per-Class Recall: [0.99078752 1.         1.         0.98       0.82       0.91
 0.83       0.69333333 0.9        1.         0.744      0.43333333
 0.752      0.53714286 0.94666667 0.59       0.88571429 1.
 1.        ]
Per-Class F1-Score: [0.99537244 0.72463768 0.88495575 0.83050847 0.48809524 0.70817121
 0.45856354 0.30144928 0.60402685 0.24350649 0.28615385 0.27896996
 0.25859697 0.65051903 0.37270341 0.61458333 0.64182195 0.77720207
 0.77319588]
Support per Class: [293949    100    150    150    100    100    100     75    100     75
    125    150    125    175     75    100    175     75     75]
Weighted Precision: 0.9964, Weighted Recall: 0.9896, Weighted F1-Score: 0.9924
Precision: 0.9964, Recall: 0.9896, F1-Score: 0.9924
Fold 1, Epoch 1900, Train Loss: 0.3334, Val Loss: 0.2887, Val Acc: 0.9882
Precision: 0.9965, Recall: 0.9906, F1-Score: 0.9930
Fold 1, Epoch 1901, Train Loss: 0.3227, Val Loss: 0.2864, Val Acc: 0.9893
Precision: 0.9964, Recall: 0.9895, F1-Score: 0.9924
Fold 1, Epoch 1902, Train Loss: 0.3180, Val Loss: 0.2856, Val Acc: 0.9878
Precision: 0.9962, Recall: 0.9911, F1-Score: 0.9932
Fold 1, Epoch 1903, Train Loss: 0.3212, Val Loss: 0.2817, Val Acc: 0.9899
Precision: 0.9962, Recall: 0.9850, F1-Score: 0.9899
Fold 1, Epoch 1904, Train Loss: 0.3381, Val Loss: 0.2949, Val Acc: 0.9827
Precision: 0.9964, Recall: 0.9901, F1-Score: 0.9927
Fold 1, Epoch 1905, Train Loss: 0.3449, Val Loss: 0.2864, Val Acc: 0.9885
Precision: 0.9964, Recall: 0.9889, F1-Score: 0.9921
Fold 1, Epoch 1906, Train Loss: 0.3463, Val Loss: 0.3219, Val Acc: 0.9880
Precision: 0.9961, Recall: 0.9876, F1-Score: 0.9912
Fold 1, Epoch 1907, Train Loss: 0.3944, Val Loss: 0.2989, Val Acc: 0.9867
Precision: 0.9963, Recall: 0.9875, F1-Score: 0.9913
Fold 1, Epoch 1908, Train Loss: 0.3531, Val Loss: 0.2912, Val Acc: 0.9858
Precision: 0.9966, Recall: 0.9895, F1-Score: 0.9924
Fold 1, Epoch 1909, Train Loss: 0.3596, Val Loss: 0.3117, Val Acc: 0.9880

--- Epoch 1910 ---
--- Epoch 1910 ---
--- Epoch 1910 ---



--- Epoch 1910 ---
Class Weights: [2.1182575e-05 5.6127068e-02 5.6127068e-02 5.9477936e-02 5.6928884e-02
 5.3851645e-02 5.3851645e-02 4.9812771e-02 5.9477936e-02 5.6127068e-02
 6.1308030e-02 5.1753532e-02 5.3851645e-02 6.0379118e-02 5.6928884e-02
 4.9197800e-02 5.4589339e-02 5.2434497e-02 5.7753939e-02]Class Weights: [2.1182575e-05 5.6127068e-02 5.6127068e-02 5.9477936e-02 5.6928884e-02
 5.3851645e-02 5.3851645e-02 4.9812771e-02 5.9477936e-02 5.6127068e-02
 6.1308030e-02 5.1753532e-02 5.3851645e-02 6.0379118e-02 5.6928884e-02
 4.9197800e-02 5.4589339e-02 5.2434497e-02 5.7753939e-02]Class Weights: [2.1182575e-05 5.6127068e-02 5.6127068e-02 5.9477936e-02 5.6928884e-02
 5.3851645e-02 5.3851645e-02 4.9812771e-02 5.9477936e-02 5.6127068e-02
 6.1308030e-02 5.1753532e-02 5.3851645e-02 6.0379118e-02 5.6928884e-02
 4.9197800e-02 5.4589339e-02 5.2434497e-02 5.7753939e-02]

Class Weights: [2.1182575e-05 5.6127068e-02 5.6127068e-02 5.9477936e-02 5.6928884e-02
 5.3851645e-02 5.3851645e-02 4.9812771e-02 5.9477936e-02 5.6127068e-02
 6.1308030e-02 5.1753532e-02 5.3851645e-02 6.0379118e-02 5.6928884e-02
 4.9197800e-02 5.4589339e-02 5.2434497e-02 5.7753939e-02]
Learning Rate: 0.0005Learning Rate: 0.0005

Learning Rate: 0.0005
Learning Rate: 0.0005

Train Loss: 0.3362, Val Loss: 0.3313
Train Loss: 0.3362, Val Loss: 0.3313Train Loss: 0.3362, Val Loss: 0.3313
Train Loss: 0.3362, Val Loss: 0.3313

Per-Class Precision: [1.         0.5952381  0.80645161 0.67272727 0.31672598 0.60431655
 0.34705882 0.21708185 0.43421053 0.09868421 0.21030928 0.16336634
 0.12953368 0.8220339  0.28571429 0.5323741  0.4537037  0.65789474
 0.68807339]
Per-Class Recall: [0.991621   1.         1.         0.98666667 0.89       0.84
 0.59       0.81333333 0.66       1.         0.816      0.44
 0.2        0.55428571 0.93333333 0.74       0.84       1.
 1.        ]
Per-Class F1-Score: [0.99579287 0.74626866 0.89285714 0.8        0.4671916  0.70292887
 0.43703704 0.34269663 0.52380952 0.17964072 0.33442623 0.23826715
 0.1572327  0.66211604 0.4375     0.61924686 0.58917836 0.79365079
 0.81521739]
Support per Class: [293949    100    150    150    100    100    100     75    100     75
    125    150    125    175     75    100    175     75     75]
Weighted Precision: 0.9963, Weighted Recall: 0.9901, Weighted F1-Score: 0.9927
Precision: 0.9963, Recall: 0.9901, F1-Score: 0.9927
Fold 1, Epoch 1910, Train Loss: 0.3362, Val Loss: 0.3313, Val Acc: 0.9885
Precision: 0.9962, Recall: 0.9900, F1-Score: 0.9926
Fold 1, Epoch 1911, Train Loss: 0.3715, Val Loss: 0.3041, Val Acc: 0.9887
Precision: 0.9961, Recall: 0.9901, F1-Score: 0.9925
Fold 1, Epoch 1912, Train Loss: 0.3608, Val Loss: 0.2962, Val Acc: 0.9888
Precision: 0.9961, Recall: 0.9784, F1-Score: 0.9865
Fold 1, Epoch 1913, Train Loss: 0.3633, Val Loss: 0.2952, Val Acc: 0.9769
Precision: 0.9963, Recall: 0.9909, F1-Score: 0.9931
Fold 1, Epoch 1914, Train Loss: 0.3311, Val Loss: 0.3185, Val Acc: 0.9899
Precision: 0.9963, Recall: 0.9891, F1-Score: 0.9921
Fold 1, Epoch 1915, Train Loss: 0.3462, Val Loss: 0.2902, Val Acc: 0.9877
Precision: 0.9961, Recall: 0.9889, F1-Score: 0.9918
Fold 1, Epoch 1916, Train Loss: 0.3347, Val Loss: 0.2932, Val Acc: 0.9878
Precision: 0.9963, Recall: 0.9877, F1-Score: 0.9915
Fold 1, Epoch 1917, Train Loss: 0.3578, Val Loss: 0.3070, Val Acc: 0.9862
Precision: 0.9962, Recall: 0.9906, F1-Score: 0.9930
Fold 1, Epoch 1918, Train Loss: 0.3457, Val Loss: 0.3012, Val Acc: 0.9894
Precision: 0.9963, Recall: 0.9898, F1-Score: 0.9925
Fold 1, Epoch 1919, Train Loss: 0.3524, Val Loss: 0.2939, Val Acc: 0.9881

--- Epoch 1920 ---
--- Epoch 1920 ---
--- Epoch 1920 ---



--- Epoch 1920 ---
Class Weights: [2.1182575e-05 5.6127068e-02 5.6127068e-02 5.9477936e-02 5.6928884e-02
 5.3851645e-02 5.3851645e-02 4.9812771e-02 5.9477936e-02 5.6127068e-02
 6.1308030e-02 5.1753532e-02 5.3851645e-02 6.0379118e-02 5.6928884e-02
 4.9197800e-02 5.4589339e-02 5.2434497e-02 5.7753939e-02]Class Weights: [2.1182575e-05 5.6127068e-02 5.6127068e-02 5.9477936e-02 5.6928884e-02
 5.3851645e-02 5.3851645e-02 4.9812771e-02 5.9477936e-02 5.6127068e-02
 6.1308030e-02 5.1753532e-02 5.3851645e-02 6.0379118e-02 5.6928884e-02
 4.9197800e-02 5.4589339e-02 5.2434497e-02 5.7753939e-02]Class Weights: [2.1182575e-05 5.6127068e-02 5.6127068e-02 5.9477936e-02 5.6928884e-02
 5.3851645e-02 5.3851645e-02 4.9812771e-02 5.9477936e-02 5.6127068e-02
 6.1308030e-02 5.1753532e-02 5.3851645e-02 6.0379118e-02 5.6928884e-02
 4.9197800e-02 5.4589339e-02 5.2434497e-02 5.7753939e-02]
Class Weights: [2.1182575e-05 5.6127068e-02 5.6127068e-02 5.9477936e-02 5.6928884e-02
 5.3851645e-02 5.3851645e-02 4.9812771e-02 5.9477936e-02 5.6127068e-02
 6.1308030e-02 5.1753532e-02 5.3851645e-02 6.0379118e-02 5.6928884e-02
 4.9197800e-02 5.4589339e-02 5.2434497e-02 5.7753939e-02]

Learning Rate: 0.0005

Learning Rate: 0.0005Learning Rate: 0.0005
Learning Rate: 0.0005

Train Loss: 0.3460, Val Loss: 0.2974
Train Loss: 0.3460, Val Loss: 0.2974
Train Loss: 0.3460, Val Loss: 0.2974Train Loss: 0.3460, Val Loss: 0.2974

Per-Class Precision: [1.         0.52083333 0.81081081 0.735      0.37446809 0.58741259
 0.36708861 0.22222222 0.44776119 0.14563107 0.18335901 0.13020833
 0.13545817 0.87037037 0.34659091 0.48611111 0.51153846 0.59055118
 0.61983471]
Per-Class Recall: [0.9911107  1.         1.         0.98       0.88       0.84
 0.58       0.82666667 0.9        1.         0.952      0.16666667
 0.816      0.53714286 0.81333333 0.7        0.76       1.
 1.        ]
Per-Class F1-Score: [0.99553551 0.68493151 0.89552239 0.84       0.52537313 0.69135802
 0.4496124  0.35028249 0.59800664 0.25423729 0.30749354 0.14619883
 0.23234624 0.66431095 0.48605578 0.57377049 0.61149425 0.74257426
 0.76530612]
Support per Class: [293949    100    150    150    100    100    100     75    100     75
    125    150    125    175     75    100    175     75     75]
Weighted Precision: 0.9964, Weighted Recall: 0.9898, Weighted F1-Score: 0.9925
Precision: 0.9964, Recall: 0.9898, F1-Score: 0.9925
Fold 1, Epoch 1920, Train Loss: 0.3460, Val Loss: 0.2974, Val Acc: 0.9885
Precision: 0.9963, Recall: 0.9900, F1-Score: 0.9926
Fold 1, Epoch 1921, Train Loss: 0.3471, Val Loss: 0.2912, Val Acc: 0.9890
Precision: 0.9963, Recall: 0.9902, F1-Score: 0.9928
Fold 1, Epoch 1922, Train Loss: 0.3622, Val Loss: 0.2776, Val Acc: 0.9888
Precision: 0.9962, Recall: 0.9893, F1-Score: 0.9922
Fold 1, Epoch 1923, Train Loss: 0.3394, Val Loss: 0.2925, Val Acc: 0.9875
Precision: 0.9962, Recall: 0.9901, F1-Score: 0.9926
Fold 1, Epoch 1924, Train Loss: 0.3210, Val Loss: 0.2831, Val Acc: 0.9887
Precision: 0.9963, Recall: 0.9901, F1-Score: 0.9926
Fold 1, Epoch 1925, Train Loss: 0.3329, Val Loss: 0.2857, Val Acc: 0.9886
Precision: 0.9964, Recall: 0.9882, F1-Score: 0.9917
Fold 1, Epoch 1926, Train Loss: 0.3330, Val Loss: 0.2902, Val Acc: 0.9864
Precision: 0.9962, Recall: 0.9907, F1-Score: 0.9930
Fold 1, Epoch 1927, Train Loss: 0.3207, Val Loss: 0.2932, Val Acc: 0.9897
Precision: 0.9963, Recall: 0.9902, F1-Score: 0.9927
Fold 1, Epoch 1928, Train Loss: 0.3162, Val Loss: 0.2787, Val Acc: 0.9887
Precision: 0.9963, Recall: 0.9891, F1-Score: 0.9922
Fold 1, Epoch 1929, Train Loss: 0.3219, Val Loss: 0.2830, Val Acc: 0.9873

--- Epoch 1930 ---
--- Epoch 1930 ---
--- Epoch 1930 ---



--- Epoch 1930 ---
Class Weights: [2.1182575e-05 5.6127068e-02 5.6127068e-02 5.9477936e-02 5.6928884e-02
 5.3851645e-02 5.3851645e-02 4.9812771e-02 5.9477936e-02 5.6127068e-02
 6.1308030e-02 5.1753532e-02 5.3851645e-02 6.0379118e-02 5.6928884e-02
 4.9197800e-02 5.4589339e-02 5.2434497e-02 5.7753939e-02]Class Weights: [2.1182575e-05 5.6127068e-02 5.6127068e-02 5.9477936e-02 5.6928884e-02
 5.3851645e-02 5.3851645e-02 4.9812771e-02 5.9477936e-02 5.6127068e-02
 6.1308030e-02 5.1753532e-02 5.3851645e-02 6.0379118e-02 5.6928884e-02
 4.9197800e-02 5.4589339e-02 5.2434497e-02 5.7753939e-02]Class Weights: [2.1182575e-05 5.6127068e-02 5.6127068e-02 5.9477936e-02 5.6928884e-02
 5.3851645e-02 5.3851645e-02 4.9812771e-02 5.9477936e-02 5.6127068e-02
 6.1308030e-02 5.1753532e-02 5.3851645e-02 6.0379118e-02 5.6928884e-02
 4.9197800e-02 5.4589339e-02 5.2434497e-02 5.7753939e-02]


Class Weights: [2.1182575e-05 5.6127068e-02 5.6127068e-02 5.9477936e-02 5.6928884e-02
 5.3851645e-02 5.3851645e-02 4.9812771e-02 5.9477936e-02 5.6127068e-02
 6.1308030e-02 5.1753532e-02 5.3851645e-02 6.0379118e-02 5.6928884e-02
 4.9197800e-02 5.4589339e-02 5.2434497e-02 5.7753939e-02]Learning Rate: 0.0005Learning Rate: 0.0005Learning Rate: 0.0005



Learning Rate: 0.0005
Train Loss: 0.3287, Val Loss: 0.2823
Train Loss: 0.3287, Val Loss: 0.2823Train Loss: 0.3287, Val Loss: 0.2823Train Loss: 0.3287, Val Loss: 0.2823


Per-Class Precision: [1.         0.57142857 0.82417582 0.74242424 0.26436782 0.60526316
 0.36871508 0.23134328 0.44444444 0.13577982 0.23218391 0.2172524
 0.16030534 0.5560166  0.36305732 0.50310559 0.40246914 0.71428571
 0.69444444]
Per-Class Recall: [0.99139647 1.         1.         0.98       0.92       0.92
 0.66       0.82666667 0.84       0.98666667 0.808      0.45333333
 0.504      0.76571429 0.76       0.81       0.93142857 1.
 1.        ]
Per-Class F1-Score: [0.99567965 0.72727273 0.90361446 0.84482759 0.41071429 0.73015873
 0.47311828 0.36151603 0.58131488 0.23870968 0.36071429 0.2937365
 0.24324324 0.64423077 0.49137931 0.62068966 0.56206897 0.83333333
 0.81967213]
Support per Class: [293949    100    150    150    100    100    100     75    100     75
    125    150    125    175     75    100    175     75     75]
Weighted Precision: 0.9963, Weighted Recall: 0.9903, Weighted F1-Score: 0.9928
Precision: 0.9963, Recall: 0.9903, F1-Score: 0.9928
Fold 1, Epoch 1930, Train Loss: 0.3287, Val Loss: 0.2823, Val Acc: 0.9888
Precision: 0.9964, Recall: 0.9897, F1-Score: 0.9925
Fold 1, Epoch 1931, Train Loss: 0.3269, Val Loss: 0.2864, Val Acc: 0.9882
Precision: 0.9965, Recall: 0.9905, F1-Score: 0.9930
Fold 1, Epoch 1932, Train Loss: 0.3566, Val Loss: 0.2829, Val Acc: 0.9893
Precision: 0.9961, Recall: 0.9891, F1-Score: 0.9921
Fold 1, Epoch 1933, Train Loss: 0.3317, Val Loss: 0.2790, Val Acc: 0.9874
Precision: 0.9963, Recall: 0.9903, F1-Score: 0.9928
Fold 1, Epoch 1934, Train Loss: 0.3525, Val Loss: 0.3018, Val Acc: 0.9887
Precision: 0.9961, Recall: 0.9884, F1-Score: 0.9917
Fold 1, Epoch 1935, Train Loss: 0.3479, Val Loss: 0.2894, Val Acc: 0.9873
Precision: 0.9963, Recall: 0.9889, F1-Score: 0.9922
Fold 1, Epoch 1936, Train Loss: 0.3481, Val Loss: 0.2949, Val Acc: 0.9877
Precision: 0.9962, Recall: 0.9891, F1-Score: 0.9921
Fold 1, Epoch 1937, Train Loss: 0.3275, Val Loss: 0.2943, Val Acc: 0.9878
Precision: 0.9964, Recall: 0.9905, F1-Score: 0.9929
Fold 1, Epoch 1938, Train Loss: 0.3404, Val Loss: 0.2855, Val Acc: 0.9892
Precision: 0.9963, Recall: 0.9889, F1-Score: 0.9921
Fold 1, Epoch 1939, Train Loss: 0.3554, Val Loss: 0.2896, Val Acc: 0.9873

--- Epoch 1940 ---
--- Epoch 1940 ---


--- Epoch 1940 ---
--- Epoch 1940 ---

Class Weights: [2.1182575e-05 5.6127068e-02 5.6127068e-02 5.9477936e-02 5.6928884e-02
 5.3851645e-02 5.3851645e-02 4.9812771e-02 5.9477936e-02 5.6127068e-02
 6.1308030e-02 5.1753532e-02 5.3851645e-02 6.0379118e-02 5.6928884e-02
 4.9197800e-02 5.4589339e-02 5.2434497e-02 5.7753939e-02]Class Weights: [2.1182575e-05 5.6127068e-02 5.6127068e-02 5.9477936e-02 5.6928884e-02
 5.3851645e-02 5.3851645e-02 4.9812771e-02 5.9477936e-02 5.6127068e-02
 6.1308030e-02 5.1753532e-02 5.3851645e-02 6.0379118e-02 5.6928884e-02
 4.9197800e-02 5.4589339e-02 5.2434497e-02 5.7753939e-02]

Learning Rate: 0.0005Learning Rate: 0.0005Class Weights: [2.1182575e-05 5.6127068e-02 5.6127068e-02 5.9477936e-02 5.6928884e-02
 5.3851645e-02 5.3851645e-02 4.9812771e-02 5.9477936e-02 5.6127068e-02
 6.1308030e-02 5.1753532e-02 5.3851645e-02 6.0379118e-02 5.6928884e-02
 4.9197800e-02 5.4589339e-02 5.2434497e-02 5.7753939e-02]Class Weights: [2.1182575e-05 5.6127068e-02 5.6127068e-02 5.9477936e-02 5.6928884e-02
 5.3851645e-02 5.3851645e-02 4.9812771e-02 5.9477936e-02 5.6127068e-02
 6.1308030e-02 5.1753532e-02 5.3851645e-02 6.0379118e-02 5.6928884e-02
 4.9197800e-02 5.4589339e-02 5.2434497e-02 5.7753939e-02]



Learning Rate: 0.0005Learning Rate: 0.0005

Train Loss: 0.3565, Val Loss: 0.3018Train Loss: 0.3565, Val Loss: 0.3018

Train Loss: 0.3565, Val Loss: 0.3018Train Loss: 0.3565, Val Loss: 0.3018

Per-Class Precision: [1.         0.74626866 0.82417582 0.84210526 0.25146199 0.57419355
 0.20638821 0.13959391 0.47798742 0.09192547 0.15449438 0.15584416
 0.16014235 0.68108108 0.36842105 0.44623656 0.48507463 0.68181818
 0.68181818]
Per-Class Recall: [0.98914778 1.         1.         0.96       0.86       0.89
 0.84       0.73333333 0.76       0.98666667 0.88       0.48
 0.36       0.72       0.74666667 0.83       0.74285714 1.
 1.        ]
Per-Class F1-Score: [0.99454429 0.85470085 0.90361446 0.89719626 0.38914027 0.69803922
 0.33136095 0.23454158 0.58687259 0.16818182 0.26284349 0.23529412
 0.22167488 0.7        0.49339207 0.58041958 0.58690745 0.81081081
 0.81081081]
Support per Class: [293949    100    150    150    100    100    100     75    100     75
    125    150    125    175     75    100    175     75     75]
Weighted Precision: 0.9963, Weighted Recall: 0.9879, Weighted F1-Score: 0.9915
Precision: 0.9963, Recall: 0.9879, F1-Score: 0.9915
Fold 1, Epoch 1940, Train Loss: 0.3565, Val Loss: 0.3018, Val Acc: 0.9861
Precision: 0.9963, Recall: 0.9894, F1-Score: 0.9924
Fold 1, Epoch 1941, Train Loss: 0.3670, Val Loss: 0.3065, Val Acc: 0.9880
Precision: 0.9964, Recall: 0.9910, F1-Score: 0.9932
Fold 1, Epoch 1942, Train Loss: 0.3275, Val Loss: 0.2822, Val Acc: 0.9898
Precision: 0.9963, Recall: 0.9895, F1-Score: 0.9923
Fold 1, Epoch 1943, Train Loss: 0.3233, Val Loss: 0.2806, Val Acc: 0.9881
Precision: 0.9964, Recall: 0.9909, F1-Score: 0.9932
Fold 1, Epoch 1944, Train Loss: 0.3387, Val Loss: 0.2940, Val Acc: 0.9898
Precision: 0.9962, Recall: 0.9779, F1-Score: 0.9864
Fold 1, Epoch 1945, Train Loss: 0.3358, Val Loss: 0.2992, Val Acc: 0.9765
Precision: 0.9962, Recall: 0.9916, F1-Score: 0.9935
Fold 1, Epoch 1946, Train Loss: 0.3558, Val Loss: 0.2873, Val Acc: 0.9909
Precision: 0.9963, Recall: 0.9907, F1-Score: 0.9930
Fold 1, Epoch 1947, Train Loss: 0.3579, Val Loss: 0.2926, Val Acc: 0.9891
Precision: 0.9961, Recall: 0.9747, F1-Score: 0.9845
Fold 1, Epoch 1948, Train Loss: 0.3499, Val Loss: 0.3072, Val Acc: 0.9739
Precision: 0.9964, Recall: 0.9901, F1-Score: 0.9928
Fold 1, Epoch 1949, Train Loss: 0.3597, Val Loss: 0.3094, Val Acc: 0.9889

--- Epoch 1950 ---
--- Epoch 1950 ---
--- Epoch 1950 ---



--- Epoch 1950 ---
Class Weights: [2.1182575e-05 5.6127068e-02 5.6127068e-02 5.9477936e-02 5.6928884e-02
 5.3851645e-02 5.3851645e-02 4.9812771e-02 5.9477936e-02 5.6127068e-02
 6.1308030e-02 5.1753532e-02 5.3851645e-02 6.0379118e-02 5.6928884e-02
 4.9197800e-02 5.4589339e-02 5.2434497e-02 5.7753939e-02]Class Weights: [2.1182575e-05 5.6127068e-02 5.6127068e-02 5.9477936e-02 5.6928884e-02
 5.3851645e-02 5.3851645e-02 4.9812771e-02 5.9477936e-02 5.6127068e-02
 6.1308030e-02 5.1753532e-02 5.3851645e-02 6.0379118e-02 5.6928884e-02
 4.9197800e-02 5.4589339e-02 5.2434497e-02 5.7753939e-02]Class Weights: [2.1182575e-05 5.6127068e-02 5.6127068e-02 5.9477936e-02 5.6928884e-02
 5.3851645e-02 5.3851645e-02 4.9812771e-02 5.9477936e-02 5.6127068e-02
 6.1308030e-02 5.1753532e-02 5.3851645e-02 6.0379118e-02 5.6928884e-02
 4.9197800e-02 5.4589339e-02 5.2434497e-02 5.7753939e-02]


Learning Rate: 0.0005Learning Rate: 0.0005Learning Rate: 0.0005


Class Weights: [2.1182575e-05 5.6127068e-02 5.6127068e-02 5.9477936e-02 5.6928884e-02
 5.3851645e-02 5.3851645e-02 4.9812771e-02 5.9477936e-02 5.6127068e-02
 6.1308030e-02 5.1753532e-02 5.3851645e-02 6.0379118e-02 5.6928884e-02
 4.9197800e-02 5.4589339e-02 5.2434497e-02 5.7753939e-02]
Learning Rate: 0.0005
Train Loss: 0.3479, Val Loss: 0.3034
Train Loss: 0.3479, Val Loss: 0.3034Train Loss: 0.3479, Val Loss: 0.3034

Train Loss: 0.3479, Val Loss: 0.3034
Per-Class Precision: [1.         0.68027211 0.85714286 0.76439791 0.33333333 0.58156028
 0.23692308 0.08243728 0.40932642 0.21863799 0.21370968 0.2055336
 0.15123457 0.57142857 0.48214286 0.55421687 0.4984326  0.73529412
 0.70754717]
Per-Class Recall: [0.9900561  1.         1.         0.97333333 0.78       0.82
 0.77       0.92       0.79       0.81333333 0.848      0.34666667
 0.784      0.73142857 0.72       0.92       0.90857143 1.
 1.        ]
Per-Class F1-Score: [0.99500321 0.8097166  0.92307692 0.85630499 0.46706587 0.68049793
 0.36235294 0.15131579 0.53924915 0.34463277 0.34138486 0.25806452
 0.25355757 0.64160401 0.57754011 0.69172932 0.6437247  0.84745763
 0.82872928]
Support per Class: [293949    100    150    150    100    100    100     75    100     75
    125    150    125    175     75    100    175     75     75]
Weighted Precision: 0.9964, Weighted Recall: 0.9890, Weighted F1-Score: 0.9921
Precision: 0.9964, Recall: 0.9890, F1-Score: 0.9921
Fold 1, Epoch 1950, Train Loss: 0.3479, Val Loss: 0.3034, Val Acc: 0.9871
Precision: 0.9961, Recall: 0.9898, F1-Score: 0.9924
Fold 1, Epoch 1951, Train Loss: 0.3472, Val Loss: 0.2996, Val Acc: 0.9883
Precision: 0.9962, Recall: 0.9898, F1-Score: 0.9925
Fold 1, Epoch 1952, Train Loss: 0.3481, Val Loss: 0.2951, Val Acc: 0.9883
Precision: 0.9962, Recall: 0.9796, F1-Score: 0.9872
Fold 1, Epoch 1953, Train Loss: 0.3512, Val Loss: 0.2958, Val Acc: 0.9827
Precision: 0.9960, Recall: 0.9739, F1-Score: 0.9842
Fold 1, Epoch 1954, Train Loss: 0.3420, Val Loss: 0.2932, Val Acc: 0.9728
Precision: 0.9965, Recall: 0.9894, F1-Score: 0.9924
Fold 1, Epoch 1955, Train Loss: 0.3493, Val Loss: 0.2909, Val Acc: 0.9881
Precision: 0.9963, Recall: 0.9903, F1-Score: 0.9927
Fold 1, Epoch 1956, Train Loss: 0.3384, Val Loss: 0.2885, Val Acc: 0.9891
Precision: 0.9962, Recall: 0.9883, F1-Score: 0.9917
Fold 1, Epoch 1957, Train Loss: 0.3354, Val Loss: 0.2795, Val Acc: 0.9864
Precision: 0.9965, Recall: 0.9901, F1-Score: 0.9928
Fold 1, Epoch 1958, Train Loss: 0.3284, Val Loss: 0.2812, Val Acc: 0.9887
Precision: 0.9965, Recall: 0.9902, F1-Score: 0.9929
Fold 1, Epoch 1959, Train Loss: 0.3322, Val Loss: 0.2911, Val Acc: 0.9888

--- Epoch 1960 ---
--- Epoch 1960 ---
--- Epoch 1960 ---



--- Epoch 1960 ---
Class Weights: [2.1182575e-05 5.6127068e-02 5.6127068e-02 5.9477936e-02 5.6928884e-02
 5.3851645e-02 5.3851645e-02 4.9812771e-02 5.9477936e-02 5.6127068e-02
 6.1308030e-02 5.1753532e-02 5.3851645e-02 6.0379118e-02 5.6928884e-02
 4.9197800e-02 5.4589339e-02 5.2434497e-02 5.7753939e-02]Class Weights: [2.1182575e-05 5.6127068e-02 5.6127068e-02 5.9477936e-02 5.6928884e-02
 5.3851645e-02 5.3851645e-02 4.9812771e-02 5.9477936e-02 5.6127068e-02
 6.1308030e-02 5.1753532e-02 5.3851645e-02 6.0379118e-02 5.6928884e-02
 4.9197800e-02 5.4589339e-02 5.2434497e-02 5.7753939e-02]Class Weights: [2.1182575e-05 5.6127068e-02 5.6127068e-02 5.9477936e-02 5.6928884e-02
 5.3851645e-02 5.3851645e-02 4.9812771e-02 5.9477936e-02 5.6127068e-02
 6.1308030e-02 5.1753532e-02 5.3851645e-02 6.0379118e-02 5.6928884e-02
 4.9197800e-02 5.4589339e-02 5.2434497e-02 5.7753939e-02]


Learning Rate: 0.0005Learning Rate: 0.0005Learning Rate: 0.0005


Class Weights: [2.1182575e-05 5.6127068e-02 5.6127068e-02 5.9477936e-02 5.6928884e-02
 5.3851645e-02 5.3851645e-02 4.9812771e-02 5.9477936e-02 5.6127068e-02
 6.1308030e-02 5.1753532e-02 5.3851645e-02 6.0379118e-02 5.6928884e-02
 4.9197800e-02 5.4589339e-02 5.2434497e-02 5.7753939e-02]
Learning Rate: 0.0005
Train Loss: 0.3221, Val Loss: 0.2921Train Loss: 0.3221, Val Loss: 0.2921
Train Loss: 0.3221, Val Loss: 0.2921

Train Loss: 0.3221, Val Loss: 0.2921
Per-Class Precision: [1.         0.64935065 0.80213904 0.67873303 0.28709677 0.625
 0.26181818 0.21705426 0.46103896 0.09226933 0.19787986 0.20357143
 0.18004338 0.75796178 0.33526012 0.53164557 0.45373134 0.73529412
 0.72815534]
Per-Class Recall: [0.99042351 1.         1.         1.         0.89       0.9
 0.72       0.74666667 0.71       0.98666667 0.896      0.38
 0.664      0.68       0.77333333 0.84       0.86857143 1.
 1.        ]
Per-Class F1-Score: [0.99518872 0.78740157 0.89020772 0.80862534 0.43414634 0.73770492
 0.384      0.33633634 0.55905512 0.16875713 0.32416787 0.26511628
 0.28327645 0.71686747 0.46774194 0.65116279 0.59607843 0.84745763
 0.84269663]
Support per Class: [293949    100    150    150    100    100    100     75    100     75
    125    150    125    175     75    100    175     75     75]
Weighted Precision: 0.9964, Weighted Recall: 0.9893, Weighted F1-Score: 0.9923
Precision: 0.9964, Recall: 0.9893, F1-Score: 0.9923
Fold 1, Epoch 1960, Train Loss: 0.3221, Val Loss: 0.2921, Val Acc: 0.9876
Precision: 0.9964, Recall: 0.9898, F1-Score: 0.9926
Fold 1, Epoch 1961, Train Loss: 0.3395, Val Loss: 0.2960, Val Acc: 0.9881
Precision: 0.9962, Recall: 0.9898, F1-Score: 0.9925
Fold 1, Epoch 1962, Train Loss: 0.3395, Val Loss: 0.2941, Val Acc: 0.9884
Precision: 0.9960, Recall: 0.9845, F1-Score: 0.9896
Fold 1, Epoch 1963, Train Loss: 0.3400, Val Loss: 0.2756, Val Acc: 0.9845
Precision: 0.9965, Recall: 0.9907, F1-Score: 0.9930
Fold 1, Epoch 1964, Train Loss: 0.3418, Val Loss: 0.2878, Val Acc: 0.9895
Precision: 0.9964, Recall: 0.9882, F1-Score: 0.9917
Fold 1, Epoch 1965, Train Loss: 0.3495, Val Loss: 0.2833, Val Acc: 0.9863
Precision: 0.9962, Recall: 0.9898, F1-Score: 0.9925
Fold 1, Epoch 1966, Train Loss: 0.3283, Val Loss: 0.3075, Val Acc: 0.9887
Precision: 0.9965, Recall: 0.9881, F1-Score: 0.9918
Fold 1, Epoch 1967, Train Loss: 0.3440, Val Loss: 0.2976, Val Acc: 0.9862
Precision: 0.9963, Recall: 0.9903, F1-Score: 0.9927
Fold 1, Epoch 1968, Train Loss: 0.3286, Val Loss: 0.3378, Val Acc: 0.9889
Precision: 0.9964, Recall: 0.9889, F1-Score: 0.9921
Fold 1, Epoch 1969, Train Loss: 0.3573, Val Loss: 0.2807, Val Acc: 0.9872

--- Epoch 1970 ---
--- Epoch 1970 ---


--- Epoch 1970 ---

--- Epoch 1970 ---
Class Weights: [2.1182575e-05 5.6127068e-02 5.6127068e-02 5.9477936e-02 5.6928884e-02
 5.3851645e-02 5.3851645e-02 4.9812771e-02 5.9477936e-02 5.6127068e-02
 6.1308030e-02 5.1753532e-02 5.3851645e-02 6.0379118e-02 5.6928884e-02
 4.9197800e-02 5.4589339e-02 5.2434497e-02 5.7753939e-02]Class Weights: [2.1182575e-05 5.6127068e-02 5.6127068e-02 5.9477936e-02 5.6928884e-02
 5.3851645e-02 5.3851645e-02 4.9812771e-02 5.9477936e-02 5.6127068e-02
 6.1308030e-02 5.1753532e-02 5.3851645e-02 6.0379118e-02 5.6928884e-02
 4.9197800e-02 5.4589339e-02 5.2434497e-02 5.7753939e-02]
Class Weights: [2.1182575e-05 5.6127068e-02 5.6127068e-02 5.9477936e-02 5.6928884e-02
 5.3851645e-02 5.3851645e-02 4.9812771e-02 5.9477936e-02 5.6127068e-02
 6.1308030e-02 5.1753532e-02 5.3851645e-02 6.0379118e-02 5.6928884e-02
 4.9197800e-02 5.4589339e-02 5.2434497e-02 5.7753939e-02]
Learning Rate: 0.0005

Learning Rate: 0.0005Learning Rate: 0.0005

Class Weights: [2.1182575e-05 5.6127068e-02 5.6127068e-02 5.9477936e-02 5.6928884e-02
 5.3851645e-02 5.3851645e-02 4.9812771e-02 5.9477936e-02 5.6127068e-02
 6.1308030e-02 5.1753532e-02 5.3851645e-02 6.0379118e-02 5.6928884e-02
 4.9197800e-02 5.4589339e-02 5.2434497e-02 5.7753939e-02]
Learning Rate: 0.0005
Train Loss: 0.3386, Val Loss: 0.2901
Train Loss: 0.3386, Val Loss: 0.2901Train Loss: 0.3386, Val Loss: 0.2901

Train Loss: 0.3386, Val Loss: 0.2901
Per-Class Precision: [1.         0.58139535 0.79365079 0.67567568 0.20718232 0.65079365
 0.18404908 0.17578125 0.46625767 0.17906336 0.25418994 0.18983957
 0.12724014 0.62376238 0.30805687 0.592      0.45170455 0.73529412
 0.72115385]
Per-Class Recall: [0.99080453 1.         1.         1.         0.75       0.82
 0.9        0.6        0.76       0.86666667 0.728      0.47333333
 0.568      0.72       0.86666667 0.74       0.90857143 1.
 1.        ]
Per-Class F1-Score: [0.99538103 0.73529412 0.88495575 0.80645161 0.32467532 0.72566372
 0.30560272 0.27190332 0.57794677 0.29680365 0.37681159 0.27099237
 0.2079063  0.66843501 0.45454545 0.65777778 0.60341556 0.84745763
 0.83798883]
Support per Class: [293949    100    150    150    100    100    100     75    100     75
    125    150    125    175     75    100    175     75     75]
Weighted Precision: 0.9962, Weighted Recall: 0.9896, Weighted F1-Score: 0.9924
Precision: 0.9962, Recall: 0.9896, F1-Score: 0.9924
Fold 1, Epoch 1970, Train Loss: 0.3386, Val Loss: 0.2901, Val Acc: 0.9884
Precision: 0.9963, Recall: 0.9901, F1-Score: 0.9927
Fold 1, Epoch 1971, Train Loss: 0.3324, Val Loss: 0.2779, Val Acc: 0.9887
Precision: 0.9963, Recall: 0.9887, F1-Score: 0.9919
Fold 1, Epoch 1972, Train Loss: 0.3578, Val Loss: 0.2758, Val Acc: 0.9870
Precision: 0.9962, Recall: 0.9911, F1-Score: 0.9933
Fold 1, Epoch 1973, Train Loss: 0.3265, Val Loss: 0.3024, Val Acc: 0.9901
Precision: 0.9965, Recall: 0.9902, F1-Score: 0.9928
Fold 1, Epoch 1974, Train Loss: 0.3354, Val Loss: 0.2938, Val Acc: 0.9890
Precision: 0.9962, Recall: 0.9894, F1-Score: 0.9923
Fold 1, Epoch 1975, Train Loss: 0.3433, Val Loss: 0.3152, Val Acc: 0.9878
Precision: 0.9963, Recall: 0.9908, F1-Score: 0.9931
Fold 1, Epoch 1976, Train Loss: 0.3409, Val Loss: 0.2840, Val Acc: 0.9896
Precision: 0.9963, Recall: 0.9905, F1-Score: 0.9929
Fold 1, Epoch 1977, Train Loss: 0.3263, Val Loss: 0.2849, Val Acc: 0.9893
Precision: 0.9965, Recall: 0.9884, F1-Score: 0.9919
Fold 1, Epoch 1978, Train Loss: 0.3455, Val Loss: 0.2940, Val Acc: 0.9865
Precision: 0.9964, Recall: 0.9908, F1-Score: 0.9931
Fold 1, Epoch 1979, Train Loss: 0.3280, Val Loss: 0.3082, Val Acc: 0.9893

--- Epoch 1980 ---
--- Epoch 1980 ---

--- Epoch 1980 ---


--- Epoch 1980 ---
Class Weights: [2.1182575e-05 5.6127068e-02 5.6127068e-02 5.9477936e-02 5.6928884e-02
 5.3851645e-02 5.3851645e-02 4.9812771e-02 5.9477936e-02 5.6127068e-02
 6.1308030e-02 5.1753532e-02 5.3851645e-02 6.0379118e-02 5.6928884e-02
 4.9197800e-02 5.4589339e-02 5.2434497e-02 5.7753939e-02]Class Weights: [2.1182575e-05 5.6127068e-02 5.6127068e-02 5.9477936e-02 5.6928884e-02
 5.3851645e-02 5.3851645e-02 4.9812771e-02 5.9477936e-02 5.6127068e-02
 6.1308030e-02 5.1753532e-02 5.3851645e-02 6.0379118e-02 5.6928884e-02
 4.9197800e-02 5.4589339e-02 5.2434497e-02 5.7753939e-02]
Class Weights: [2.1182575e-05 5.6127068e-02 5.6127068e-02 5.9477936e-02 5.6928884e-02
 5.3851645e-02 5.3851645e-02 4.9812771e-02 5.9477936e-02 5.6127068e-02
 6.1308030e-02 5.1753532e-02 5.3851645e-02 6.0379118e-02 5.6928884e-02
 4.9197800e-02 5.4589339e-02 5.2434497e-02 5.7753939e-02]
Learning Rate: 0.0005

Learning Rate: 0.0005Class Weights: [2.1182575e-05 5.6127068e-02 5.6127068e-02 5.9477936e-02 5.6928884e-02
 5.3851645e-02 5.3851645e-02 4.9812771e-02 5.9477936e-02 5.6127068e-02
 6.1308030e-02 5.1753532e-02 5.3851645e-02 6.0379118e-02 5.6928884e-02
 4.9197800e-02 5.4589339e-02 5.2434497e-02 5.7753939e-02]
Learning Rate: 0.0005

Learning Rate: 0.0005
Train Loss: 0.3523, Val Loss: 0.2871
Train Loss: 0.3523, Val Loss: 0.2871
Train Loss: 0.3523, Val Loss: 0.2871
Train Loss: 0.3523, Val Loss: 0.2871
Per-Class Precision: [1.         0.64935065 0.80434783 0.64655172 0.28057554 0.57407407
 0.36601307 0.14712154 0.41798942 0.1849866  0.21076233 0.2360515
 0.19003115 0.42234332 0.25925926 0.46391753 0.41489362 0.72815534
 0.74257426]
Per-Class Recall: [0.99149853 1.         0.98666667 1.         0.78       0.93
 0.56       0.92       0.79       0.92       0.752      0.36666667
 0.488      0.88571429 0.65333333 0.9        0.89142857 1.
 1.        ]
Per-Class F1-Score: [0.99573112 0.78740157 0.88622754 0.78534031 0.41269841 0.70992366
 0.44268775 0.25367647 0.5467128  0.30803571 0.32924694 0.28720627
 0.2735426  0.57195572 0.37121212 0.6122449  0.56624319 0.84269663
 0.85227273]
Support per Class: [293949    100    150    150    100    100    100     75    100     75
    125    150    125    175     75    100    175     75     75]
Weighted Precision: 0.9961, Weighted Recall: 0.9903, Weighted F1-Score: 0.9927
Precision: 0.9961, Recall: 0.9903, F1-Score: 0.9927
Fold 1, Epoch 1980, Train Loss: 0.3523, Val Loss: 0.2871, Val Acc: 0.9886
Precision: 0.9964, Recall: 0.9898, F1-Score: 0.9926
Fold 1, Epoch 1981, Train Loss: 0.3368, Val Loss: 0.2795, Val Acc: 0.9884
Precision: 0.9963, Recall: 0.9790, F1-Score: 0.9868
Fold 1, Epoch 1982, Train Loss: 0.3586, Val Loss: 0.2977, Val Acc: 0.9806
Precision: 0.9964, Recall: 0.9905, F1-Score: 0.9930
Fold 1, Epoch 1983, Train Loss: 0.3156, Val Loss: 0.3157, Val Acc: 0.9894
Precision: 0.9963, Recall: 0.9896, F1-Score: 0.9924
Fold 1, Epoch 1984, Train Loss: 0.3556, Val Loss: 0.3061, Val Acc: 0.9881
Precision: 0.9962, Recall: 0.9878, F1-Score: 0.9914
Fold 1, Epoch 1985, Train Loss: 0.3691, Val Loss: 0.2764, Val Acc: 0.9863
Precision: 0.9962, Recall: 0.9782, F1-Score: 0.9865
Fold 1, Epoch 1986, Train Loss: 0.3447, Val Loss: 0.3217, Val Acc: 0.9805
Precision: 0.9962, Recall: 0.9901, F1-Score: 0.9927
Fold 1, Epoch 1987, Train Loss: 0.3273, Val Loss: 0.2969, Val Acc: 0.9888
Precision: 0.9963, Recall: 0.9902, F1-Score: 0.9927
Fold 1, Epoch 1988, Train Loss: 0.3294, Val Loss: 0.2824, Val Acc: 0.9889
Precision: 0.9963, Recall: 0.9891, F1-Score: 0.9921
Fold 1, Epoch 1989, Train Loss: 0.3104, Val Loss: 0.2739, Val Acc: 0.9878

--- Epoch 1990 ---
--- Epoch 1990 ---


--- Epoch 1990 ---
--- Epoch 1990 ---

Class Weights: [2.1182575e-05 5.6127068e-02 5.6127068e-02 5.9477936e-02 5.6928884e-02
 5.3851645e-02 5.3851645e-02 4.9812771e-02 5.9477936e-02 5.6127068e-02
 6.1308030e-02 5.1753532e-02 5.3851645e-02 6.0379118e-02 5.6928884e-02
 4.9197800e-02 5.4589339e-02 5.2434497e-02 5.7753939e-02]Class Weights: [2.1182575e-05 5.6127068e-02 5.6127068e-02 5.9477936e-02 5.6928884e-02
 5.3851645e-02 5.3851645e-02 4.9812771e-02 5.9477936e-02 5.6127068e-02
 6.1308030e-02 5.1753532e-02 5.3851645e-02 6.0379118e-02 5.6928884e-02
 4.9197800e-02 5.4589339e-02 5.2434497e-02 5.7753939e-02]

Learning Rate: 0.0005Class Weights: [2.1182575e-05 5.6127068e-02 5.6127068e-02 5.9477936e-02 5.6928884e-02
 5.3851645e-02 5.3851645e-02 4.9812771e-02 5.9477936e-02 5.6127068e-02
 6.1308030e-02 5.1753532e-02 5.3851645e-02 6.0379118e-02 5.6928884e-02
 4.9197800e-02 5.4589339e-02 5.2434497e-02 5.7753939e-02]Learning Rate: 0.0005
Class Weights: [2.1182575e-05 5.6127068e-02 5.6127068e-02 5.9477936e-02 5.6928884e-02
 5.3851645e-02 5.3851645e-02 4.9812771e-02 5.9477936e-02 5.6127068e-02
 6.1308030e-02 5.1753532e-02 5.3851645e-02 6.0379118e-02 5.6928884e-02
 4.9197800e-02 5.4589339e-02 5.2434497e-02 5.7753939e-02]


Learning Rate: 0.0005
Learning Rate: 0.0005
Train Loss: 0.3325, Val Loss: 0.3119
Train Loss: 0.3325, Val Loss: 0.3119
Train Loss: 0.3325, Val Loss: 0.3119
Train Loss: 0.3325, Val Loss: 0.3119
Per-Class Precision: [1.         0.49261084 0.83798883 0.725      0.31929825 0.68852459
 0.25203252 0.13225806 0.38829787 0.05626407 0.22332016 0.20063694
 0.13168724 0.79746835 0.34355828 0.48295455 0.5        0.70754717
 0.59055118]
Per-Class Recall: [0.98915798 1.         1.         0.96666667 0.91       0.84
 0.31       0.54666667 0.73       1.         0.904      0.42
 0.512      0.36       0.74666667 0.85       0.89142857 1.
 1.        ]
Per-Class F1-Score: [0.99454944 0.66006601 0.9118541  0.82857143 0.47272727 0.75675676
 0.27802691 0.21298701 0.50694444 0.10653409 0.35816165 0.27155172
 0.20949264 0.49606299 0.47058824 0.61594203 0.64065708 0.82872928
 0.74257426]
Support per Class: [293949    100    150    150    100    100    100     75    100     75
    125    150    125    175     75    100    175     75     75]
Weighted Precision: 0.9963, Weighted Recall: 0.9876, Weighted F1-Score: 0.9914
Precision: 0.9963, Recall: 0.9876, F1-Score: 0.9914
Fold 1, Epoch 1990, Train Loss: 0.3325, Val Loss: 0.3119, Val Acc: 0.9860
Precision: 0.9963, Recall: 0.9899, F1-Score: 0.9926
Fold 1, Epoch 1991, Train Loss: 0.3204, Val Loss: 0.2904, Val Acc: 0.9883
Precision: 0.9963, Recall: 0.9905, F1-Score: 0.9929
Fold 1, Epoch 1992, Train Loss: 0.3250, Val Loss: 0.2774, Val Acc: 0.9891
Precision: 0.9963, Recall: 0.9880, F1-Score: 0.9916
Fold 1, Epoch 1993, Train Loss: 0.3483, Val Loss: 0.2927, Val Acc: 0.9863
Precision: 0.9963, Recall: 0.9902, F1-Score: 0.9927
Fold 1, Epoch 1994, Train Loss: 0.3425, Val Loss: 0.2850, Val Acc: 0.9889
Precision: 0.9964, Recall: 0.9893, F1-Score: 0.9923
Fold 1, Epoch 1995, Train Loss: 0.3393, Val Loss: 0.2840, Val Acc: 0.9879
Precision: 0.9964, Recall: 0.9912, F1-Score: 0.9933
Fold 1, Epoch 1996, Train Loss: 0.3399, Val Loss: 0.2768, Val Acc: 0.9898
Precision: 0.9960, Recall: 0.9895, F1-Score: 0.9923
Fold 1, Epoch 1997, Train Loss: 0.3392, Val Loss: 0.3204, Val Acc: 0.9883
Precision: 0.9961, Recall: 0.9886, F1-Score: 0.9918
Fold 1, Epoch 1998, Train Loss: 0.3501, Val Loss: 0.3097, Val Acc: 0.9877
Precision: 0.9964, Recall: 0.9912, F1-Score: 0.9933
Fold 1, Epoch 1999, Train Loss: 0.3487, Val Loss: 0.2830, Val Acc: 0.9901

--- Epoch 2000 ---
--- Epoch 2000 ---
--- Epoch 2000 ---



--- Epoch 2000 ---
Class Weights: [2.1182575e-05 5.6127068e-02 5.6127068e-02 5.9477936e-02 5.6928884e-02
 5.3851645e-02 5.3851645e-02 4.9812771e-02 5.9477936e-02 5.6127068e-02
 6.1308030e-02 5.1753532e-02 5.3851645e-02 6.0379118e-02 5.6928884e-02
 4.9197800e-02 5.4589339e-02 5.2434497e-02 5.7753939e-02]Class Weights: [2.1182575e-05 5.6127068e-02 5.6127068e-02 5.9477936e-02 5.6928884e-02
 5.3851645e-02 5.3851645e-02 4.9812771e-02 5.9477936e-02 5.6127068e-02
 6.1308030e-02 5.1753532e-02 5.3851645e-02 6.0379118e-02 5.6928884e-02
 4.9197800e-02 5.4589339e-02 5.2434497e-02 5.7753939e-02]Class Weights: [2.1182575e-05 5.6127068e-02 5.6127068e-02 5.9477936e-02 5.6928884e-02
 5.3851645e-02 5.3851645e-02 4.9812771e-02 5.9477936e-02 5.6127068e-02
 6.1308030e-02 5.1753532e-02 5.3851645e-02 6.0379118e-02 5.6928884e-02
 4.9197800e-02 5.4589339e-02 5.2434497e-02 5.7753939e-02]

Class Weights: [2.1182575e-05 5.6127068e-02 5.6127068e-02 5.9477936e-02 5.6928884e-02
 5.3851645e-02 5.3851645e-02 4.9812771e-02 5.9477936e-02 5.6127068e-02
 6.1308030e-02 5.1753532e-02 5.3851645e-02 6.0379118e-02 5.6928884e-02
 4.9197800e-02 5.4589339e-02 5.2434497e-02 5.7753939e-02]
Learning Rate: 0.0005Learning Rate: 0.0005

Learning Rate: 0.0005
Learning Rate: 0.0005

Train Loss: 0.3409, Val Loss: 0.2972
Train Loss: 0.3409, Val Loss: 0.2972
Train Loss: 0.3409, Val Loss: 0.2972Train Loss: 0.3409, Val Loss: 0.2972

Per-Class Precision: [1.         0.64935065 0.82417582 0.76020408 0.34513274 0.58333333
 0.23659306 0.10981697 0.41919192 0.12126538 0.27575758 0.20645161
 0.14512472 0.42663043 0.44680851 0.44090909 0.4265928  0.77319588
 0.70093458]
Per-Class Recall: [0.99016836 1.         1.         0.99333333 0.78       0.84
 0.75       0.88       0.83       0.92       0.728      0.42666667
 0.512      0.89714286 0.56       0.97       0.88       1.
 1.        ]
Per-Class F1-Score: [0.9950599  0.78740157 0.90361446 0.86127168 0.47852761 0.68852459
 0.35971223 0.19526627 0.55704698 0.21428571 0.4        0.27826087
 0.22614841 0.57826888 0.49704142 0.60625    0.57462687 0.87209302
 0.82417582]
Support per Class: [293949    100    150    150    100    100    100     75    100     75
    125    150    125    175     75    100    175     75     75]
Weighted Precision: 0.9962, Weighted Recall: 0.9890, Weighted F1-Score: 0.9921
Precision: 0.9962, Recall: 0.9890, F1-Score: 0.9921
Fold 1, Epoch 2000, Train Loss: 0.3409, Val Loss: 0.2972, Val Acc: 0.9873
Precision: 0.9966, Recall: 0.9902, F1-Score: 0.9929
Fold 1, Epoch 2001, Train Loss: 0.3389, Val Loss: 0.3058, Val Acc: 0.9883
Precision: 0.9962, Recall: 0.9872, F1-Score: 0.9911
Fold 1, Epoch 2002, Train Loss: 0.3308, Val Loss: 0.2937, Val Acc: 0.9857
Precision: 0.9965, Recall: 0.9902, F1-Score: 0.9928
Fold 1, Epoch 2003, Train Loss: 0.3307, Val Loss: 0.2885, Val Acc: 0.9889
Precision: 0.9964, Recall: 0.9901, F1-Score: 0.9927
Fold 1, Epoch 2004, Train Loss: 0.3317, Val Loss: 0.2975, Val Acc: 0.9884
Precision: 0.9962, Recall: 0.9901, F1-Score: 0.9927
Fold 1, Epoch 2005, Train Loss: 0.3192, Val Loss: 0.2973, Val Acc: 0.9887
Precision: 0.9963, Recall: 0.9898, F1-Score: 0.9925
Fold 1, Epoch 2006, Train Loss: 0.3523, Val Loss: 0.2821, Val Acc: 0.9883
Precision: 0.9965, Recall: 0.9884, F1-Score: 0.9919
Fold 1, Epoch 2007, Train Loss: 0.3373, Val Loss: 0.2979, Val Acc: 0.9868
Precision: 0.9963, Recall: 0.9904, F1-Score: 0.9928
Fold 1, Epoch 2008, Train Loss: 0.3408, Val Loss: 0.2875, Val Acc: 0.9894
Precision: 0.9962, Recall: 0.9883, F1-Score: 0.9916
Fold 1, Epoch 2009, Train Loss: 0.3366, Val Loss: 0.2912, Val Acc: 0.9874

--- Epoch 2010 ---
--- Epoch 2010 ---
--- Epoch 2010 ---



--- Epoch 2010 ---
Class Weights: [2.1182575e-05 5.6127068e-02 5.6127068e-02 5.9477936e-02 5.6928884e-02
 5.3851645e-02 5.3851645e-02 4.9812771e-02 5.9477936e-02 5.6127068e-02
 6.1308030e-02 5.1753532e-02 5.3851645e-02 6.0379118e-02 5.6928884e-02
 4.9197800e-02 5.4589339e-02 5.2434497e-02 5.7753939e-02]Class Weights: [2.1182575e-05 5.6127068e-02 5.6127068e-02 5.9477936e-02 5.6928884e-02
 5.3851645e-02 5.3851645e-02 4.9812771e-02 5.9477936e-02 5.6127068e-02
 6.1308030e-02 5.1753532e-02 5.3851645e-02 6.0379118e-02 5.6928884e-02
 4.9197800e-02 5.4589339e-02 5.2434497e-02 5.7753939e-02]Class Weights: [2.1182575e-05 5.6127068e-02 5.6127068e-02 5.9477936e-02 5.6928884e-02
 5.3851645e-02 5.3851645e-02 4.9812771e-02 5.9477936e-02 5.6127068e-02
 6.1308030e-02 5.1753532e-02 5.3851645e-02 6.0379118e-02 5.6928884e-02
 4.9197800e-02 5.4589339e-02 5.2434497e-02 5.7753939e-02]


Learning Rate: 0.0005Learning Rate: 0.0005Learning Rate: 0.0005
Class Weights: [2.1182575e-05 5.6127068e-02 5.6127068e-02 5.9477936e-02 5.6928884e-02
 5.3851645e-02 5.3851645e-02 4.9812771e-02 5.9477936e-02 5.6127068e-02
 6.1308030e-02 5.1753532e-02 5.3851645e-02 6.0379118e-02 5.6928884e-02
 4.9197800e-02 5.4589339e-02 5.2434497e-02 5.7753939e-02]


Learning Rate: 0.0005
Train Loss: 0.3274, Val Loss: 0.2901
Train Loss: 0.3274, Val Loss: 0.2901
Train Loss: 0.3274, Val Loss: 0.2901
Train Loss: 0.3274, Val Loss: 0.2901
Per-Class Precision: [1.         0.7173913  0.82872928 0.73869347 0.37155963 0.55414013
 0.19545455 0.25       0.50955414 0.17021277 0.23446328 0.17091837
 0.1595092  0.63451777 0.24100719 0.57575758 0.47575758 0.70754717
 0.72815534]
Per-Class Recall: [0.99222314 0.99       1.         0.98       0.81       0.87
 0.86       0.6        0.8        0.96       0.664      0.44666667
 0.416      0.71428571 0.89333333 0.76       0.89714286 1.
 1.        ]
Per-Class F1-Score: [0.99609639 0.83193277 0.90634441 0.84240688 0.50943396 0.6770428
 0.31851852 0.35294118 0.62256809 0.28915663 0.34655532 0.24723247
 0.23059867 0.67204301 0.3796034  0.65517241 0.62178218 0.82872928
 0.84269663]
Support per Class: [293949    100    150    150    100    100    100     75    100     75
    125    150    125    175     75    100    175     75     75]
Weighted Precision: 0.9964, Weighted Recall: 0.9909, Weighted F1-Score: 0.9932
Precision: 0.9964, Recall: 0.9909, F1-Score: 0.9932
Fold 1, Epoch 2010, Train Loss: 0.3274, Val Loss: 0.2901, Val Acc: 0.9896
Precision: 0.9966, Recall: 0.9898, F1-Score: 0.9926
Fold 1, Epoch 2011, Train Loss: 0.3186, Val Loss: 0.2958, Val Acc: 0.9883
Precision: 0.9964, Recall: 0.9894, F1-Score: 0.9924
Fold 1, Epoch 2012, Train Loss: 0.3293, Val Loss: 0.2895, Val Acc: 0.9878
Precision: 0.9962, Recall: 0.9895, F1-Score: 0.9923
Fold 1, Epoch 2013, Train Loss: 0.3266, Val Loss: 0.2778, Val Acc: 0.9877
Precision: 0.9965, Recall: 0.9895, F1-Score: 0.9925
Fold 1, Epoch 2014, Train Loss: 0.3137, Val Loss: 0.2891, Val Acc: 0.9882
Precision: 0.9965, Recall: 0.9907, F1-Score: 0.9931
Fold 1, Epoch 2015, Train Loss: 0.3256, Val Loss: 0.2831, Val Acc: 0.9892
Precision: 0.9964, Recall: 0.9897, F1-Score: 0.9925
Fold 1, Epoch 2016, Train Loss: 0.3208, Val Loss: 0.2772, Val Acc: 0.9883
Precision: 0.9963, Recall: 0.9893, F1-Score: 0.9922
Fold 1, Epoch 2017, Train Loss: 0.3434, Val Loss: 0.2721, Val Acc: 0.9874
Precision: 0.9963, Recall: 0.9914, F1-Score: 0.9933
Fold 1, Epoch 2018, Train Loss: 0.3412, Val Loss: 0.2775, Val Acc: 0.9904
Precision: 0.9964, Recall: 0.9904, F1-Score: 0.9928
Fold 1, Epoch 2019, Train Loss: 0.3189, Val Loss: 0.2825, Val Acc: 0.9888

--- Epoch 2020 ---
--- Epoch 2020 ---
--- Epoch 2020 ---



--- Epoch 2020 ---
Class Weights: [2.1182575e-05 5.6127068e-02 5.6127068e-02 5.9477936e-02 5.6928884e-02
 5.3851645e-02 5.3851645e-02 4.9812771e-02 5.9477936e-02 5.6127068e-02
 6.1308030e-02 5.1753532e-02 5.3851645e-02 6.0379118e-02 5.6928884e-02
 4.9197800e-02 5.4589339e-02 5.2434497e-02 5.7753939e-02]Class Weights: [2.1182575e-05 5.6127068e-02 5.6127068e-02 5.9477936e-02 5.6928884e-02
 5.3851645e-02 5.3851645e-02 4.9812771e-02 5.9477936e-02 5.6127068e-02
 6.1308030e-02 5.1753532e-02 5.3851645e-02 6.0379118e-02 5.6928884e-02
 4.9197800e-02 5.4589339e-02 5.2434497e-02 5.7753939e-02]Class Weights: [2.1182575e-05 5.6127068e-02 5.6127068e-02 5.9477936e-02 5.6928884e-02
 5.3851645e-02 5.3851645e-02 4.9812771e-02 5.9477936e-02 5.6127068e-02
 6.1308030e-02 5.1753532e-02 5.3851645e-02 6.0379118e-02 5.6928884e-02
 4.9197800e-02 5.4589339e-02 5.2434497e-02 5.7753939e-02]
Class Weights: [2.1182575e-05 5.6127068e-02 5.6127068e-02 5.9477936e-02 5.6928884e-02
 5.3851645e-02 5.3851645e-02 4.9812771e-02 5.9477936e-02 5.6127068e-02
 6.1308030e-02 5.1753532e-02 5.3851645e-02 6.0379118e-02 5.6928884e-02
 4.9197800e-02 5.4589339e-02 5.2434497e-02 5.7753939e-02]


Learning Rate: 0.0005Learning Rate: 0.0005Learning Rate: 0.0005
Learning Rate: 0.0005


Train Loss: 0.3648, Val Loss: 0.2911
Train Loss: 0.3648, Val Loss: 0.2911Train Loss: 0.3648, Val Loss: 0.2911Train Loss: 0.3648, Val Loss: 0.2911


Per-Class Precision: [1.         0.85217391 0.80978261 0.77966102 0.28239203 0.62121212
 0.25255973 0.12224449 0.4127907  0.11093991 0.22068966 0.12107623
 0.1525974  0.59534884 0.3961039  0.61538462 0.49249249 0.78947368
 0.77319588]
Per-Class Recall: [0.99058    0.98       0.99333333 0.92       0.85       0.82
 0.74       0.81333333 0.71       0.96       0.768      0.18
 0.752      0.73142857 0.81333333 0.64       0.93714286 1.
 1.        ]
Per-Class F1-Score: [0.99526771 0.91162791 0.89221557 0.8440367  0.42394015 0.70689655
 0.37659033 0.21254355 0.52205882 0.19889503 0.34285714 0.14477212
 0.2537112  0.65641026 0.53275109 0.62745098 0.64566929 0.88235294
 0.87209302]
Support per Class: [293949    100    150    150    100    100    100     75    100     75
    125    150    125    175     75    100    175     75     75]
Weighted Precision: 0.9964, Weighted Recall: 0.9893, Weighted F1-Score: 0.9923
Precision: 0.9964, Recall: 0.9893, F1-Score: 0.9923
Fold 1, Epoch 2020, Train Loss: 0.3648, Val Loss: 0.2911, Val Acc: 0.9876
Precision: 0.9962, Recall: 0.9900, F1-Score: 0.9925
Fold 1, Epoch 2021, Train Loss: 0.3778, Val Loss: 0.2734, Val Acc: 0.9884
Precision: 0.9961, Recall: 0.9869, F1-Score: 0.9909
Fold 1, Epoch 2022, Train Loss: 0.3464, Val Loss: 0.2838, Val Acc: 0.9863
Precision: 0.9963, Recall: 0.9868, F1-Score: 0.9909
Fold 1, Epoch 2023, Train Loss: 0.3423, Val Loss: 0.3158, Val Acc: 0.9853
Precision: 0.9964, Recall: 0.9911, F1-Score: 0.9932
Fold 1, Epoch 2024, Train Loss: 0.3370, Val Loss: 0.2749, Val Acc: 0.9898
Precision: 0.9962, Recall: 0.9899, F1-Score: 0.9925
Fold 1, Epoch 2025, Train Loss: 0.3375, Val Loss: 0.2814, Val Acc: 0.9888
Precision: 0.9963, Recall: 0.9871, F1-Score: 0.9911
Fold 1, Epoch 2026, Train Loss: 0.3354, Val Loss: 0.2800, Val Acc: 0.9848
Precision: 0.9962, Recall: 0.9907, F1-Score: 0.9929
Fold 1, Epoch 2027, Train Loss: 0.3227, Val Loss: 0.2805, Val Acc: 0.9897
Precision: 0.9963, Recall: 0.9904, F1-Score: 0.9928
Fold 1, Epoch 2028, Train Loss: 0.3173, Val Loss: 0.2723, Val Acc: 0.9893
Precision: 0.9963, Recall: 0.9905, F1-Score: 0.9929
Fold 1, Epoch 2029, Train Loss: 0.3199, Val Loss: 0.2656, Val Acc: 0.9894

--- Epoch 2030 ---
--- Epoch 2030 ---
--- Epoch 2030 ---



--- Epoch 2030 ---
Class Weights: [2.1182575e-05 5.6127068e-02 5.6127068e-02 5.9477936e-02 5.6928884e-02
 5.3851645e-02 5.3851645e-02 4.9812771e-02 5.9477936e-02 5.6127068e-02
 6.1308030e-02 5.1753532e-02 5.3851645e-02 6.0379118e-02 5.6928884e-02
 4.9197800e-02 5.4589339e-02 5.2434497e-02 5.7753939e-02]Class Weights: [2.1182575e-05 5.6127068e-02 5.6127068e-02 5.9477936e-02 5.6928884e-02
 5.3851645e-02 5.3851645e-02 4.9812771e-02 5.9477936e-02 5.6127068e-02
 6.1308030e-02 5.1753532e-02 5.3851645e-02 6.0379118e-02 5.6928884e-02
 4.9197800e-02 5.4589339e-02 5.2434497e-02 5.7753939e-02]Class Weights: [2.1182575e-05 5.6127068e-02 5.6127068e-02 5.9477936e-02 5.6928884e-02
 5.3851645e-02 5.3851645e-02 4.9812771e-02 5.9477936e-02 5.6127068e-02
 6.1308030e-02 5.1753532e-02 5.3851645e-02 6.0379118e-02 5.6928884e-02
 4.9197800e-02 5.4589339e-02 5.2434497e-02 5.7753939e-02]


Learning Rate: 0.0005Learning Rate: 0.0005Learning Rate: 0.0005
Class Weights: [2.1182575e-05 5.6127068e-02 5.6127068e-02 5.9477936e-02 5.6928884e-02
 5.3851645e-02 5.3851645e-02 4.9812771e-02 5.9477936e-02 5.6127068e-02
 6.1308030e-02 5.1753532e-02 5.3851645e-02 6.0379118e-02 5.6928884e-02
 4.9197800e-02 5.4589339e-02 5.2434497e-02 5.7753939e-02]


Learning Rate: 0.0005
Train Loss: 0.3376, Val Loss: 0.2865
Train Loss: 0.3376, Val Loss: 0.2865Train Loss: 0.3376, Val Loss: 0.2865

Train Loss: 0.3376, Val Loss: 0.2865
Per-Class Precision: [1.         0.64102564 0.82777778 0.72463768 0.29343629 0.44162437
 0.29674797 0.12569316 0.44578313 0.09681881 0.24369748 0.22553191
 0.108      0.43529412 0.34517766 0.63888889 0.50636943 0.72115385
 0.75757576]
Per-Class Recall: [0.98927025 1.         0.99333333 1.         0.76       0.87
 0.73       0.90666667 0.74       0.93333333 0.696      0.35333333
 0.648      0.84571429 0.90666667 0.69       0.90857143 1.
 1.        ]
Per-Class F1-Score: [0.99460619 0.78125    0.9030303  0.84033613 0.42339833 0.58585859
 0.42196532 0.22077922 0.55639098 0.1754386  0.36099585 0.27532468
 0.18514286 0.57475728 0.5        0.66346154 0.65030675 0.83798883
 0.86206897]
Support per Class: [293949    100    150    150    100    100    100     75    100     75
    125    150    125    175     75    100    175     75     75]
Weighted Precision: 0.9962, Weighted Recall: 0.9881, Weighted F1-Score: 0.9916
Precision: 0.9962, Recall: 0.9881, F1-Score: 0.9916
Fold 1, Epoch 2030, Train Loss: 0.3376, Val Loss: 0.2865, Val Acc: 0.9864
Precision: 0.9963, Recall: 0.9912, F1-Score: 0.9933
Fold 1, Epoch 2031, Train Loss: 0.3184, Val Loss: 0.2830, Val Acc: 0.9899
Precision: 0.9964, Recall: 0.9885, F1-Score: 0.9919
Fold 1, Epoch 2032, Train Loss: 0.3368, Val Loss: 0.2841, Val Acc: 0.9868
Precision: 0.9963, Recall: 0.9906, F1-Score: 0.9930
Fold 1, Epoch 2033, Train Loss: 0.3395, Val Loss: 0.2826, Val Acc: 0.9892
Precision: 0.9964, Recall: 0.9888, F1-Score: 0.9921
Fold 1, Epoch 2034, Train Loss: 0.3198, Val Loss: 0.2928, Val Acc: 0.9870
Precision: 0.9964, Recall: 0.9908, F1-Score: 0.9931
Fold 1, Epoch 2035, Train Loss: 0.3728, Val Loss: 0.2972, Val Acc: 0.9899
Precision: 0.9962, Recall: 0.9871, F1-Score: 0.9910
Fold 1, Epoch 2036, Train Loss: 0.3587, Val Loss: 0.2840, Val Acc: 0.9859
Precision: 0.9962, Recall: 0.9902, F1-Score: 0.9927
Fold 1, Epoch 2037, Train Loss: 0.3255, Val Loss: 0.2792, Val Acc: 0.9890
Precision: 0.9965, Recall: 0.9903, F1-Score: 0.9929
Fold 1, Epoch 2038, Train Loss: 0.3321, Val Loss: 0.2903, Val Acc: 0.9887
Precision: 0.9962, Recall: 0.9897, F1-Score: 0.9924
Fold 1, Epoch 2039, Train Loss: 0.3461, Val Loss: 0.2793, Val Acc: 0.9884

--- Epoch 2040 ---
--- Epoch 2040 ---
--- Epoch 2040 ---



--- Epoch 2040 ---
Class Weights: [2.1182575e-05 5.6127068e-02 5.6127068e-02 5.9477936e-02 5.6928884e-02
 5.3851645e-02 5.3851645e-02 4.9812771e-02 5.9477936e-02 5.6127068e-02
 6.1308030e-02 5.1753532e-02 5.3851645e-02 6.0379118e-02 5.6928884e-02
 4.9197800e-02 5.4589339e-02 5.2434497e-02 5.7753939e-02]Class Weights: [2.1182575e-05 5.6127068e-02 5.6127068e-02 5.9477936e-02 5.6928884e-02
 5.3851645e-02 5.3851645e-02 4.9812771e-02 5.9477936e-02 5.6127068e-02
 6.1308030e-02 5.1753532e-02 5.3851645e-02 6.0379118e-02 5.6928884e-02
 4.9197800e-02 5.4589339e-02 5.2434497e-02 5.7753939e-02]Class Weights: [2.1182575e-05 5.6127068e-02 5.6127068e-02 5.9477936e-02 5.6928884e-02
 5.3851645e-02 5.3851645e-02 4.9812771e-02 5.9477936e-02 5.6127068e-02
 6.1308030e-02 5.1753532e-02 5.3851645e-02 6.0379118e-02 5.6928884e-02
 4.9197800e-02 5.4589339e-02 5.2434497e-02 5.7753939e-02]


Learning Rate: 0.0005Learning Rate: 0.0005Learning Rate: 0.0005


Class Weights: [2.1182575e-05 5.6127068e-02 5.6127068e-02 5.9477936e-02 5.6928884e-02
 5.3851645e-02 5.3851645e-02 4.9812771e-02 5.9477936e-02 5.6127068e-02
 6.1308030e-02 5.1753532e-02 5.3851645e-02 6.0379118e-02 5.6928884e-02
 4.9197800e-02 5.4589339e-02 5.2434497e-02 5.7753939e-02]
Learning Rate: 0.0005
Train Loss: 0.3361, Val Loss: 0.2754Train Loss: 0.3361, Val Loss: 0.2754Train Loss: 0.3361, Val Loss: 0.2754


Train Loss: 0.3361, Val Loss: 0.2754
Per-Class Precision: [1.         0.59171598 0.82872928 0.68348624 0.31868132 0.57926829
 0.33064516 0.20812183 0.3187251  0.14741036 0.25936599 0.18670077
 0.11666667 0.69642857 0.27906977 0.59183673 0.48125    0.71428571
 0.66371681]
Per-Class Recall: [0.99122977 1.         1.         0.99333333 0.87       0.95
 0.82       0.54666667 0.8        0.98666667 0.72       0.48666667
 0.56       0.66857143 0.96       0.58       0.88       1.
 1.        ]
Per-Class F1-Score: [0.99559557 0.74349442 0.90634441 0.80978261 0.46648794 0.71969697
 0.47126437 0.30147059 0.45584046 0.25649913 0.38135593 0.26987061
 0.19310345 0.68221574 0.43243243 0.58585859 0.62222222 0.83333333
 0.79787234]
Support per Class: [293949    100    150    150    100    100    100     75    100     75
    125    150    125    175     75    100    175     75     75]
Weighted Precision: 0.9963, Weighted Recall: 0.9900, Weighted F1-Score: 0.9926
Precision: 0.9963, Recall: 0.9900, F1-Score: 0.9926
Fold 1, Epoch 2040, Train Loss: 0.3361, Val Loss: 0.2754, Val Acc: 0.9889
Precision: 0.9963, Recall: 0.9893, F1-Score: 0.9922
Fold 1, Epoch 2041, Train Loss: 0.3285, Val Loss: 0.2832, Val Acc: 0.9882
Precision: 0.9961, Recall: 0.9860, F1-Score: 0.9904
Fold 1, Epoch 2042, Train Loss: 0.3340, Val Loss: 0.2849, Val Acc: 0.9849
Precision: 0.9961, Recall: 0.9907, F1-Score: 0.9929
Fold 1, Epoch 2043, Train Loss: 0.3521, Val Loss: 0.2788, Val Acc: 0.9895
Precision: 0.9963, Recall: 0.9883, F1-Score: 0.9917
Fold 1, Epoch 2044, Train Loss: 0.3245, Val Loss: 0.2944, Val Acc: 0.9865
Precision: 0.9964, Recall: 0.9914, F1-Score: 0.9934
Fold 1, Epoch 2045, Train Loss: 0.3151, Val Loss: 0.2851, Val Acc: 0.9905
Precision: 0.9961, Recall: 0.9838, F1-Score: 0.9893
Fold 1, Epoch 2046, Train Loss: 0.3293, Val Loss: 0.3013, Val Acc: 0.9835
Precision: 0.9964, Recall: 0.9906, F1-Score: 0.9930
Fold 1, Epoch 2047, Train Loss: 0.3489, Val Loss: 0.2792, Val Acc: 0.9893
Precision: 0.9962, Recall: 0.9874, F1-Score: 0.9912
Fold 1, Epoch 2048, Train Loss: 0.3565, Val Loss: 0.2824, Val Acc: 0.9859
Precision: 0.9963, Recall: 0.9903, F1-Score: 0.9928
Fold 1, Epoch 2049, Train Loss: 0.3472, Val Loss: 0.3080, Val Acc: 0.9893

--- Epoch 2050 ---
--- Epoch 2050 ---
--- Epoch 2050 ---



--- Epoch 2050 ---
Class Weights: [2.1182575e-05 5.6127068e-02 5.6127068e-02 5.9477936e-02 5.6928884e-02
 5.3851645e-02 5.3851645e-02 4.9812771e-02 5.9477936e-02 5.6127068e-02
 6.1308030e-02 5.1753532e-02 5.3851645e-02 6.0379118e-02 5.6928884e-02
 4.9197800e-02 5.4589339e-02 5.2434497e-02 5.7753939e-02]Class Weights: [2.1182575e-05 5.6127068e-02 5.6127068e-02 5.9477936e-02 5.6928884e-02
 5.3851645e-02 5.3851645e-02 4.9812771e-02 5.9477936e-02 5.6127068e-02
 6.1308030e-02 5.1753532e-02 5.3851645e-02 6.0379118e-02 5.6928884e-02
 4.9197800e-02 5.4589339e-02 5.2434497e-02 5.7753939e-02]
Class Weights: [2.1182575e-05 5.6127068e-02 5.6127068e-02 5.9477936e-02 5.6928884e-02
 5.3851645e-02 5.3851645e-02 4.9812771e-02 5.9477936e-02 5.6127068e-02
 6.1308030e-02 5.1753532e-02 5.3851645e-02 6.0379118e-02 5.6928884e-02
 4.9197800e-02 5.4589339e-02 5.2434497e-02 5.7753939e-02]

Learning Rate: 0.0005
Learning Rate: 0.0005Learning Rate: 0.0005
Class Weights: [2.1182575e-05 5.6127068e-02 5.6127068e-02 5.9477936e-02 5.6928884e-02
 5.3851645e-02 5.3851645e-02 4.9812771e-02 5.9477936e-02 5.6127068e-02
 6.1308030e-02 5.1753532e-02 5.3851645e-02 6.0379118e-02 5.6928884e-02
 4.9197800e-02 5.4589339e-02 5.2434497e-02 5.7753939e-02]

Learning Rate: 0.0005
Train Loss: 0.3395, Val Loss: 0.2821
Train Loss: 0.3395, Val Loss: 0.2821
Train Loss: 0.3395, Val Loss: 0.2821
Train Loss: 0.3395, Val Loss: 0.2821
Per-Class Precision: [1.         0.63694268 0.80213904 0.66964286 0.35616438 0.62589928
 0.42281879 0.18037135 0.37444934 0.09487179 0.25768322 0.16170213
 0.16017316 0.49084249 0.32386364 0.54794521 0.46153846 0.66964286
 0.72115385]
Per-Class Recall: [0.99083514 1.         1.         1.         0.78       0.87
 0.63       0.90666667 0.85       0.98666667 0.872      0.50666667
 0.296      0.76571429 0.76       0.8        0.85714286 1.
 1.        ]
Per-Class F1-Score: [0.99539648 0.77821012 0.89020772 0.80213904 0.48902821 0.72803347
 0.5060241  0.30088496 0.51987768 0.17309942 0.39781022 0.24516129
 0.20786517 0.59821429 0.45418327 0.6504065  0.6        0.80213904
 0.83798883]
Support per Class: [293949    100    150    150    100    100    100     75    100     75
    125    150    125    175     75    100    175     75     75]
Weighted Precision: 0.9962, Weighted Recall: 0.9896, Weighted F1-Score: 0.9924
Precision: 0.9962, Recall: 0.9896, F1-Score: 0.9924
Fold 1, Epoch 2050, Train Loss: 0.3395, Val Loss: 0.2821, Val Acc: 0.9878
Precision: 0.9963, Recall: 0.9893, F1-Score: 0.9923
Fold 1, Epoch 2051, Train Loss: 0.3265, Val Loss: 0.2834, Val Acc: 0.9880
Precision: 0.9964, Recall: 0.9906, F1-Score: 0.9930
Fold 1, Epoch 2052, Train Loss: 0.3205, Val Loss: 0.2893, Val Acc: 0.9892
Precision: 0.9962, Recall: 0.9883, F1-Score: 0.9917
Fold 1, Epoch 2053, Train Loss: 0.3412, Val Loss: 0.2904, Val Acc: 0.9876
Precision: 0.9962, Recall: 0.9901, F1-Score: 0.9927
Fold 1, Epoch 2054, Train Loss: 0.3375, Val Loss: 0.3308, Val Acc: 0.9887
Precision: 0.9964, Recall: 0.9898, F1-Score: 0.9926
Fold 1, Epoch 2055, Train Loss: 0.3478, Val Loss: 0.2824, Val Acc: 0.9886
Precision: 0.9961, Recall: 0.9898, F1-Score: 0.9924
Fold 1, Epoch 2056, Train Loss: 0.3536, Val Loss: 0.2760, Val Acc: 0.9884
Precision: 0.9964, Recall: 0.9887, F1-Score: 0.9919
Fold 1, Epoch 2057, Train Loss: 0.3413, Val Loss: 0.2876, Val Acc: 0.9880
Precision: 0.9963, Recall: 0.9901, F1-Score: 0.9927
Fold 1, Epoch 2058, Train Loss: 0.3531, Val Loss: 0.2912, Val Acc: 0.9891
Precision: 0.9961, Recall: 0.9889, F1-Score: 0.9920
Fold 1, Epoch 2059, Train Loss: 0.3327, Val Loss: 0.2897, Val Acc: 0.9873

--- Epoch 2060 ---
--- Epoch 2060 ---
--- Epoch 2060 ---



--- Epoch 2060 ---
Class Weights: [2.1182575e-05 5.6127068e-02 5.6127068e-02 5.9477936e-02 5.6928884e-02
 5.3851645e-02 5.3851645e-02 4.9812771e-02 5.9477936e-02 5.6127068e-02
 6.1308030e-02 5.1753532e-02 5.3851645e-02 6.0379118e-02 5.6928884e-02
 4.9197800e-02 5.4589339e-02 5.2434497e-02 5.7753939e-02]Class Weights: [2.1182575e-05 5.6127068e-02 5.6127068e-02 5.9477936e-02 5.6928884e-02
 5.3851645e-02 5.3851645e-02 4.9812771e-02 5.9477936e-02 5.6127068e-02
 6.1308030e-02 5.1753532e-02 5.3851645e-02 6.0379118e-02 5.6928884e-02
 4.9197800e-02 5.4589339e-02 5.2434497e-02 5.7753939e-02]Class Weights: [2.1182575e-05 5.6127068e-02 5.6127068e-02 5.9477936e-02 5.6928884e-02
 5.3851645e-02 5.3851645e-02 4.9812771e-02 5.9477936e-02 5.6127068e-02
 6.1308030e-02 5.1753532e-02 5.3851645e-02 6.0379118e-02 5.6928884e-02
 4.9197800e-02 5.4589339e-02 5.2434497e-02 5.7753939e-02]


Class Weights: [2.1182575e-05 5.6127068e-02 5.6127068e-02 5.9477936e-02 5.6928884e-02
 5.3851645e-02 5.3851645e-02 4.9812771e-02 5.9477936e-02 5.6127068e-02
 6.1308030e-02 5.1753532e-02 5.3851645e-02 6.0379118e-02 5.6928884e-02
 4.9197800e-02 5.4589339e-02 5.2434497e-02 5.7753939e-02]Learning Rate: 0.0005Learning Rate: 0.0005Learning Rate: 0.0005



Learning Rate: 0.0005
Train Loss: 0.3394, Val Loss: 0.2863Train Loss: 0.3394, Val Loss: 0.2863
Train Loss: 0.3394, Val Loss: 0.2863
Train Loss: 0.3394, Val Loss: 0.2863

Per-Class Precision: [1.         0.54945055 0.80645161 0.88535032 0.32958801 0.6056338
 0.18181818 0.13571429 0.4        0.15367965 0.26737968 0.17589577
 0.14971209 0.7        0.42975207 0.47089947 0.49103943 0.47770701
 0.68807339]
Per-Class Recall: [0.99121957 1.         1.         0.92666667 0.88       0.86
 0.66       0.76       0.84       0.94666667 0.8        0.36
 0.624      0.64       0.69333333 0.89       0.78285714 1.
 1.        ]
Per-Class F1-Score: [0.99559042 0.70921986 0.89285714 0.90553746 0.47956403 0.7107438
 0.28509719 0.23030303 0.54193548 0.26443203 0.4008016  0.23632385
 0.24148607 0.66865672 0.53061224 0.61591696 0.60352423 0.64655172
 0.81521739]
Support per Class: [293949    100    150    150    100    100    100     75    100     75
    125    150    125    175     75    100    175     75     75]
Weighted Precision: 0.9963, Weighted Recall: 0.9899, Weighted F1-Score: 0.9926
Precision: 0.9963, Recall: 0.9899, F1-Score: 0.9926
Fold 1, Epoch 2060, Train Loss: 0.3394, Val Loss: 0.2863, Val Acc: 0.9888
Precision: 0.9965, Recall: 0.9903, F1-Score: 0.9929
Fold 1, Epoch 2061, Train Loss: 0.3355, Val Loss: 0.2835, Val Acc: 0.9890
Precision: 0.9964, Recall: 0.9794, F1-Score: 0.9872
Fold 1, Epoch 2062, Train Loss: 0.3465, Val Loss: 0.2869, Val Acc: 0.9782
Precision: 0.9963, Recall: 0.9914, F1-Score: 0.9934
Fold 1, Epoch 2063, Train Loss: 0.3352, Val Loss: 0.2830, Val Acc: 0.9903
Precision: 0.9962, Recall: 0.9891, F1-Score: 0.9921
Fold 1, Epoch 2064, Train Loss: 0.3324, Val Loss: 0.2839, Val Acc: 0.9874
Precision: 0.9963, Recall: 0.9844, F1-Score: 0.9898
Fold 1, Epoch 2065, Train Loss: 0.3392, Val Loss: 0.3024, Val Acc: 0.9826
Precision: 0.9964, Recall: 0.9908, F1-Score: 0.9931
Fold 1, Epoch 2066, Train Loss: 0.3221, Val Loss: 0.2843, Val Acc: 0.9898
Precision: 0.9965, Recall: 0.9894, F1-Score: 0.9923
Fold 1, Epoch 2067, Train Loss: 0.3185, Val Loss: 0.2837, Val Acc: 0.9884
Precision: 0.9962, Recall: 0.9733, F1-Score: 0.9839
Fold 1, Epoch 2068, Train Loss: 0.3195, Val Loss: 0.2762, Val Acc: 0.9772
Precision: 0.9963, Recall: 0.9878, F1-Score: 0.9914
Fold 1, Epoch 2069, Train Loss: 0.3199, Val Loss: 0.2780, Val Acc: 0.9872

--- Epoch 2070 ---
--- Epoch 2070 ---
--- Epoch 2070 ---



--- Epoch 2070 ---
Class Weights: [2.1182575e-05 5.6127068e-02 5.6127068e-02 5.9477936e-02 5.6928884e-02
 5.3851645e-02 5.3851645e-02 4.9812771e-02 5.9477936e-02 5.6127068e-02
 6.1308030e-02 5.1753532e-02 5.3851645e-02 6.0379118e-02 5.6928884e-02
 4.9197800e-02 5.4589339e-02 5.2434497e-02 5.7753939e-02]Class Weights: [2.1182575e-05 5.6127068e-02 5.6127068e-02 5.9477936e-02 5.6928884e-02
 5.3851645e-02 5.3851645e-02 4.9812771e-02 5.9477936e-02 5.6127068e-02
 6.1308030e-02 5.1753532e-02 5.3851645e-02 6.0379118e-02 5.6928884e-02
 4.9197800e-02 5.4589339e-02 5.2434497e-02 5.7753939e-02]Class Weights: [2.1182575e-05 5.6127068e-02 5.6127068e-02 5.9477936e-02 5.6928884e-02
 5.3851645e-02 5.3851645e-02 4.9812771e-02 5.9477936e-02 5.6127068e-02
 6.1308030e-02 5.1753532e-02 5.3851645e-02 6.0379118e-02 5.6928884e-02
 4.9197800e-02 5.4589339e-02 5.2434497e-02 5.7753939e-02]Class Weights: [2.1182575e-05 5.6127068e-02 5.6127068e-02 5.9477936e-02 5.6928884e-02
 5.3851645e-02 5.3851645e-02 4.9812771e-02 5.9477936e-02 5.6127068e-02
 6.1308030e-02 5.1753532e-02 5.3851645e-02 6.0379118e-02 5.6928884e-02
 4.9197800e-02 5.4589339e-02 5.2434497e-02 5.7753939e-02]



Learning Rate: 0.0005Learning Rate: 0.0005Learning Rate: 0.0005
Learning Rate: 0.0005


Train Loss: 0.3106, Val Loss: 0.2721
Train Loss: 0.3106, Val Loss: 0.2721Train Loss: 0.3106, Val Loss: 0.2721Train Loss: 0.3106, Val Loss: 0.2721


Per-Class Precision: [1.         0.70212766 0.84745763 0.81714286 0.22131148 0.49740933
 0.23734177 0.16078431 0.37117904 0.18586387 0.18804921 0.2006079
 0.12443096 0.64516129 0.29694323 0.625      0.47040498 0.70093458
 0.68181818]
Per-Class Recall: [0.99036908 0.99       1.         0.95333333 0.81       0.96
 0.75       0.54666667 0.85       0.94666667 0.856      0.44
 0.656      0.68571429 0.90666667 0.7        0.86285714 1.
 1.        ]
Per-Class F1-Score: [0.99516124 0.82157676 0.91743119 0.88       0.34763948 0.6552901
 0.36057692 0.24848485 0.51671733 0.3107221  0.30835735 0.27557411
 0.20918367 0.66481994 0.44736842 0.66037736 0.60887097 0.82417582
 0.81081081]
Support per Class: [293949    100    150    150    100    100    100     75    100     75
    125    150    125    175     75    100    175     75     75]
Weighted Precision: 0.9963, Weighted Recall: 0.9892, Weighted F1-Score: 0.9922
Precision: 0.9963, Recall: 0.9892, F1-Score: 0.9922
Fold 1, Epoch 2070, Train Loss: 0.3106, Val Loss: 0.2721, Val Acc: 0.9877
Precision: 0.9964, Recall: 0.9906, F1-Score: 0.9930
Fold 1, Epoch 2071, Train Loss: 0.3118, Val Loss: 0.2673, Val Acc: 0.9894
Precision: 0.9960, Recall: 0.9874, F1-Score: 0.9911
Fold 1, Epoch 2072, Train Loss: 0.3142, Val Loss: 0.2807, Val Acc: 0.9856
Precision: 0.9963, Recall: 0.9839, F1-Score: 0.9894
Fold 1, Epoch 2073, Train Loss: 0.3394, Val Loss: 0.2902, Val Acc: 0.9849
Precision: 0.9961, Recall: 0.9781, F1-Score: 0.9863
Fold 1, Epoch 2074, Train Loss: 0.3376, Val Loss: 0.2875, Val Acc: 0.9804
Precision: 0.9963, Recall: 0.9875, F1-Score: 0.9913
Fold 1, Epoch 2075, Train Loss: 0.3537, Val Loss: 0.2817, Val Acc: 0.9855
Precision: 0.9963, Recall: 0.9897, F1-Score: 0.9925
Fold 1, Epoch 2076, Train Loss: 0.3299, Val Loss: 0.2916, Val Acc: 0.9882
Precision: 0.9962, Recall: 0.9857, F1-Score: 0.9903
Fold 1, Epoch 2077, Train Loss: 0.3474, Val Loss: 0.2862, Val Acc: 0.9845
Precision: 0.9962, Recall: 0.9866, F1-Score: 0.9908
Fold 1, Epoch 2078, Train Loss: 0.3212, Val Loss: 0.3004, Val Acc: 0.9862
Precision: 0.9960, Recall: 0.9891, F1-Score: 0.9920
Fold 1, Epoch 2079, Train Loss: 0.3318, Val Loss: 0.2959, Val Acc: 0.9871

--- Epoch 2080 ---
--- Epoch 2080 ---
--- Epoch 2080 ---



--- Epoch 2080 ---
Class Weights: [2.1182575e-05 5.6127068e-02 5.6127068e-02 5.9477936e-02 5.6928884e-02
 5.3851645e-02 5.3851645e-02 4.9812771e-02 5.9477936e-02 5.6127068e-02
 6.1308030e-02 5.1753532e-02 5.3851645e-02 6.0379118e-02 5.6928884e-02
 4.9197800e-02 5.4589339e-02 5.2434497e-02 5.7753939e-02]Class Weights: [2.1182575e-05 5.6127068e-02 5.6127068e-02 5.9477936e-02 5.6928884e-02
 5.3851645e-02 5.3851645e-02 4.9812771e-02 5.9477936e-02 5.6127068e-02
 6.1308030e-02 5.1753532e-02 5.3851645e-02 6.0379118e-02 5.6928884e-02
 4.9197800e-02 5.4589339e-02 5.2434497e-02 5.7753939e-02]Class Weights: [2.1182575e-05 5.6127068e-02 5.6127068e-02 5.9477936e-02 5.6928884e-02
 5.3851645e-02 5.3851645e-02 4.9812771e-02 5.9477936e-02 5.6127068e-02
 6.1308030e-02 5.1753532e-02 5.3851645e-02 6.0379118e-02 5.6928884e-02
 4.9197800e-02 5.4589339e-02 5.2434497e-02 5.7753939e-02]


Learning Rate: 0.0005Learning Rate: 0.0005Learning Rate: 0.0005


Class Weights: [2.1182575e-05 5.6127068e-02 5.6127068e-02 5.9477936e-02 5.6928884e-02
 5.3851645e-02 5.3851645e-02 4.9812771e-02 5.9477936e-02 5.6127068e-02
 6.1308030e-02 5.1753532e-02 5.3851645e-02 6.0379118e-02 5.6928884e-02
 4.9197800e-02 5.4589339e-02 5.2434497e-02 5.7753939e-02]Train Loss: 0.3473, Val Loss: 0.2874Train Loss: 0.3473, Val Loss: 0.2874Train Loss: 0.3473, Val Loss: 0.2874



Learning Rate: 0.0005
Train Loss: 0.3473, Val Loss: 0.2874
Per-Class Precision: [1.         0.66666667 0.79787234 0.65789474 0.29803922 0.62411348
 0.29411765 0.22983871 0.46242775 0.13043478 0.21235521 0.18226601
 0.16546763 0.75862069 0.31927711 0.44390244 0.48867314 0.68807339
 0.73529412]
Per-Class Recall: [0.99174687 1.         1.         1.         0.76       0.88
 0.75       0.76       0.8        1.         0.88       0.49333333
 0.368      0.62857143 0.70666667 0.91       0.86285714 1.
 1.        ]
Per-Class F1-Score: [0.99585633 0.8        0.88757396 0.79365079 0.42816901 0.73029046
 0.42253521 0.35294118 0.58608059 0.23076923 0.34214619 0.26618705
 0.22828784 0.6875     0.43983402 0.59672131 0.62396694 0.81521739
 0.84745763]
Support per Class: [293949    100    150    150    100    100    100     75    100     75
    125    150    125    175     75    100    175     75     75]
Weighted Precision: 0.9964, Weighted Recall: 0.9905, Weighted F1-Score: 0.9929
Precision: 0.9964, Recall: 0.9905, F1-Score: 0.9929
Fold 1, Epoch 2080, Train Loss: 0.3473, Val Loss: 0.2874, Val Acc: 0.9889
Precision: 0.9964, Recall: 0.9886, F1-Score: 0.9920
Fold 1, Epoch 2081, Train Loss: 0.3449, Val Loss: 0.3186, Val Acc: 0.9875
Precision: 0.9962, Recall: 0.9893, F1-Score: 0.9922
Fold 1, Epoch 2082, Train Loss: 0.3445, Val Loss: 0.2946, Val Acc: 0.9877
Precision: 0.9960, Recall: 0.9848, F1-Score: 0.9897
Fold 1, Epoch 2083, Train Loss: 0.3202, Val Loss: 0.2899, Val Acc: 0.9838
Precision: 0.9965, Recall: 0.9895, F1-Score: 0.9925
Fold 1, Epoch 2084, Train Loss: 0.3454, Val Loss: 0.2801, Val Acc: 0.9880
Precision: 0.9964, Recall: 0.9886, F1-Score: 0.9919
Fold 1, Epoch 2085, Train Loss: 0.3160, Val Loss: 0.2873, Val Acc: 0.9872
Precision: 0.9962, Recall: 0.9906, F1-Score: 0.9929
Fold 1, Epoch 2086, Train Loss: 0.3166, Val Loss: 0.2788, Val Acc: 0.9895
Precision: 0.9961, Recall: 0.9674, F1-Score: 0.9808
Fold 1, Epoch 2087, Train Loss: 0.3190, Val Loss: 0.2729, Val Acc: 0.9710
Precision: 0.9962, Recall: 0.9712, F1-Score: 0.9829
Fold 1, Epoch 2088, Train Loss: 0.3402, Val Loss: 0.2903, Val Acc: 0.9745
Precision: 0.9965, Recall: 0.9907, F1-Score: 0.9931
Fold 1, Epoch 2089, Train Loss: 0.3482, Val Loss: 0.2794, Val Acc: 0.9897

--- Epoch 2090 ---
--- Epoch 2090 ---
--- Epoch 2090 ---



--- Epoch 2090 ---
Class Weights: [2.1182575e-05 5.6127068e-02 5.6127068e-02 5.9477936e-02 5.6928884e-02
 5.3851645e-02 5.3851645e-02 4.9812771e-02 5.9477936e-02 5.6127068e-02
 6.1308030e-02 5.1753532e-02 5.3851645e-02 6.0379118e-02 5.6928884e-02
 4.9197800e-02 5.4589339e-02 5.2434497e-02 5.7753939e-02]Class Weights: [2.1182575e-05 5.6127068e-02 5.6127068e-02 5.9477936e-02 5.6928884e-02
 5.3851645e-02 5.3851645e-02 4.9812771e-02 5.9477936e-02 5.6127068e-02
 6.1308030e-02 5.1753532e-02 5.3851645e-02 6.0379118e-02 5.6928884e-02
 4.9197800e-02 5.4589339e-02 5.2434497e-02 5.7753939e-02]Class Weights: [2.1182575e-05 5.6127068e-02 5.6127068e-02 5.9477936e-02 5.6928884e-02
 5.3851645e-02 5.3851645e-02 4.9812771e-02 5.9477936e-02 5.6127068e-02
 6.1308030e-02 5.1753532e-02 5.3851645e-02 6.0379118e-02 5.6928884e-02
 4.9197800e-02 5.4589339e-02 5.2434497e-02 5.7753939e-02]

Class Weights: [2.1182575e-05 5.6127068e-02 5.6127068e-02 5.9477936e-02 5.6928884e-02
 5.3851645e-02 5.3851645e-02 4.9812771e-02 5.9477936e-02 5.6127068e-02
 6.1308030e-02 5.1753532e-02 5.3851645e-02 6.0379118e-02 5.6928884e-02
 4.9197800e-02 5.4589339e-02 5.2434497e-02 5.7753939e-02]
Learning Rate: 0.0005Learning Rate: 0.0005

Learning Rate: 0.0005

Learning Rate: 0.0005
Train Loss: 0.3506, Val Loss: 0.2835
Train Loss: 0.3506, Val Loss: 0.2835Train Loss: 0.3506, Val Loss: 0.2835

Train Loss: 0.3506, Val Loss: 0.2835
Per-Class Precision: [1.         0.61490683 0.78125    0.6097561  0.28464419 0.59477124
 0.25925926 0.23913043 0.42307692 0.14516129 0.21336207 0.12299465
 0.11856474 0.56431535 0.26521739 0.59230769 0.45507246 0.6
 0.6097561 ]
Per-Class Recall: [0.9909304  0.99       1.         1.         0.76       0.91
 0.84       0.58666667 0.77       0.96       0.792      0.15333333
 0.608      0.77714286 0.81333333 0.77       0.89714286 1.
 1.        ]
Per-Class F1-Score: [0.99544454 0.75862069 0.87719298 0.75757576 0.41416894 0.71936759
 0.39622642 0.33976834 0.54609929 0.25218914 0.33616299 0.13649852
 0.19843342 0.65384615 0.4        0.66956522 0.60384615 0.75
 0.75757576]
Support per Class: [293949    100    150    150    100    100    100     75    100     75
    125    150    125    175     75    100    175     75     75]
Weighted Precision: 0.9961, Weighted Recall: 0.9896, Weighted F1-Score: 0.9923
Precision: 0.9961, Recall: 0.9896, F1-Score: 0.9923
Fold 1, Epoch 2090, Train Loss: 0.3506, Val Loss: 0.2835, Val Acc: 0.9883
Precision: 0.9959, Recall: 0.9848, F1-Score: 0.9896
Fold 1, Epoch 2091, Train Loss: 0.3382, Val Loss: 0.2735, Val Acc: 0.9846
Precision: 0.9963, Recall: 0.9904, F1-Score: 0.9929
Fold 1, Epoch 2092, Train Loss: 0.3354, Val Loss: 0.3096, Val Acc: 0.9892
Precision: 0.9966, Recall: 0.9903, F1-Score: 0.9930
Fold 1, Epoch 2093, Train Loss: 0.3356, Val Loss: 0.3010, Val Acc: 0.9890
Precision: 0.9961, Recall: 0.9899, F1-Score: 0.9925
Fold 1, Epoch 2094, Train Loss: 0.3054, Val Loss: 0.2834, Val Acc: 0.9887
Precision: 0.9963, Recall: 0.9881, F1-Score: 0.9915
Fold 1, Epoch 2095, Train Loss: 0.3121, Val Loss: 0.2718, Val Acc: 0.9872
Precision: 0.9964, Recall: 0.9891, F1-Score: 0.9922
Fold 1, Epoch 2096, Train Loss: 0.3221, Val Loss: 0.2691, Val Acc: 0.9873
Precision: 0.9964, Recall: 0.9913, F1-Score: 0.9934
Fold 1, Epoch 2097, Train Loss: 0.3171, Val Loss: 0.2805, Val Acc: 0.9901
Precision: 0.9961, Recall: 0.9869, F1-Score: 0.9908
Fold 1, Epoch 2098, Train Loss: 0.3316, Val Loss: 0.2713, Val Acc: 0.9859
Precision: 0.9963, Recall: 0.9910, F1-Score: 0.9931
Fold 1, Epoch 2099, Train Loss: 0.3194, Val Loss: 0.2777, Val Acc: 0.9899

--- Epoch 2100 ---
--- Epoch 2100 ---
--- Epoch 2100 ---



--- Epoch 2100 ---
Class Weights: [2.1182575e-05 5.6127068e-02 5.6127068e-02 5.9477936e-02 5.6928884e-02
 5.3851645e-02 5.3851645e-02 4.9812771e-02 5.9477936e-02 5.6127068e-02
 6.1308030e-02 5.1753532e-02 5.3851645e-02 6.0379118e-02 5.6928884e-02
 4.9197800e-02 5.4589339e-02 5.2434497e-02 5.7753939e-02]Class Weights: [2.1182575e-05 5.6127068e-02 5.6127068e-02 5.9477936e-02 5.6928884e-02
 5.3851645e-02 5.3851645e-02 4.9812771e-02 5.9477936e-02 5.6127068e-02
 6.1308030e-02 5.1753532e-02 5.3851645e-02 6.0379118e-02 5.6928884e-02
 4.9197800e-02 5.4589339e-02 5.2434497e-02 5.7753939e-02]Class Weights: [2.1182575e-05 5.6127068e-02 5.6127068e-02 5.9477936e-02 5.6928884e-02
 5.3851645e-02 5.3851645e-02 4.9812771e-02 5.9477936e-02 5.6127068e-02
 6.1308030e-02 5.1753532e-02 5.3851645e-02 6.0379118e-02 5.6928884e-02
 4.9197800e-02 5.4589339e-02 5.2434497e-02 5.7753939e-02]
Class Weights: [2.1182575e-05 5.6127068e-02 5.6127068e-02 5.9477936e-02 5.6928884e-02
 5.3851645e-02 5.3851645e-02 4.9812771e-02 5.9477936e-02 5.6127068e-02
 6.1308030e-02 5.1753532e-02 5.3851645e-02 6.0379118e-02 5.6928884e-02
 4.9197800e-02 5.4589339e-02 5.2434497e-02 5.7753939e-02]

Learning Rate: 0.0005

Learning Rate: 0.0005Learning Rate: 0.0005
Learning Rate: 0.0005

Train Loss: 0.3399, Val Loss: 0.2849
Train Loss: 0.3399, Val Loss: 0.2849
Train Loss: 0.3399, Val Loss: 0.2849Train Loss: 0.3399, Val Loss: 0.2849

Per-Class Precision: [1.         0.6875     0.83707865 0.82080925 0.29449838 0.72477064
 0.24193548 0.08702065 0.33574007 0.12244898 0.27272727 0.17811159
 0.17307692 0.60730594 0.4084507  0.48538012 0.50675676 0.70754717
 0.74      ]
Per-Class Recall: [0.98987579 0.99       0.99333333 0.94666667 0.91       0.79
 0.75       0.78666667 0.93       0.96       0.696      0.55333333
 0.576      0.76       0.77333333 0.83       0.85714286 1.
 0.98666667]
Per-Class F1-Score: [0.99491214 0.81147541 0.90853659 0.87925697 0.44498778 0.75598086
 0.36585366 0.15670651 0.4933687  0.21719457 0.39189189 0.26948052
 0.26617375 0.6751269  0.53456221 0.61254613 0.63694268 0.82872928
 0.84571429]
Support per Class: [293949    100    150    150    100    100    100     75    100     75
    125    150    125    175     75    100    175     75     75]
Weighted Precision: 0.9964, Weighted Recall: 0.9888, Weighted F1-Score: 0.9920
Precision: 0.9964, Recall: 0.9888, F1-Score: 0.9920
Fold 1, Epoch 2100, Train Loss: 0.3399, Val Loss: 0.2849, Val Acc: 0.9869
Precision: 0.9965, Recall: 0.9908, F1-Score: 0.9931
Fold 1, Epoch 2101, Train Loss: 0.3330, Val Loss: 0.2827, Val Acc: 0.9895
Precision: 0.9964, Recall: 0.9900, F1-Score: 0.9926
Fold 1, Epoch 2102, Train Loss: 0.3325, Val Loss: 0.2863, Val Acc: 0.9885
Precision: 0.9962, Recall: 0.9837, F1-Score: 0.9892
Fold 1, Epoch 2103, Train Loss: 0.3427, Val Loss: 0.2845, Val Acc: 0.9839
Precision: 0.9964, Recall: 0.9912, F1-Score: 0.9933
Fold 1, Epoch 2104, Train Loss: 0.3398, Val Loss: 0.2765, Val Acc: 0.9901
Precision: 0.9961, Recall: 0.9878, F1-Score: 0.9913
Fold 1, Epoch 2105, Train Loss: 0.3452, Val Loss: 0.2796, Val Acc: 0.9868
Precision: 0.9964, Recall: 0.9898, F1-Score: 0.9926
Fold 1, Epoch 2106, Train Loss: 0.3377, Val Loss: 0.2964, Val Acc: 0.9887
Precision: 0.9965, Recall: 0.9907, F1-Score: 0.9931
Fold 1, Epoch 2107, Train Loss: 0.3449, Val Loss: 0.2982, Val Acc: 0.9894
Precision: 0.9962, Recall: 0.9820, F1-Score: 0.9884
Fold 1, Epoch 2108, Train Loss: 0.3577, Val Loss: 0.2862, Val Acc: 0.9829
Precision: 0.9962, Recall: 0.9894, F1-Score: 0.9923
Fold 1, Epoch 2109, Train Loss: 0.3173, Val Loss: 0.3037, Val Acc: 0.9879

--- Epoch 2110 ---
--- Epoch 2110 ---
--- Epoch 2110 ---



--- Epoch 2110 ---
Class Weights: [2.1182575e-05 5.6127068e-02 5.6127068e-02 5.9477936e-02 5.6928884e-02
 5.3851645e-02 5.3851645e-02 4.9812771e-02 5.9477936e-02 5.6127068e-02
 6.1308030e-02 5.1753532e-02 5.3851645e-02 6.0379118e-02 5.6928884e-02
 4.9197800e-02 5.4589339e-02 5.2434497e-02 5.7753939e-02]Class Weights: [2.1182575e-05 5.6127068e-02 5.6127068e-02 5.9477936e-02 5.6928884e-02
 5.3851645e-02 5.3851645e-02 4.9812771e-02 5.9477936e-02 5.6127068e-02
 6.1308030e-02 5.1753532e-02 5.3851645e-02 6.0379118e-02 5.6928884e-02
 4.9197800e-02 5.4589339e-02 5.2434497e-02 5.7753939e-02]Class Weights: [2.1182575e-05 5.6127068e-02 5.6127068e-02 5.9477936e-02 5.6928884e-02
 5.3851645e-02 5.3851645e-02 4.9812771e-02 5.9477936e-02 5.6127068e-02
 6.1308030e-02 5.1753532e-02 5.3851645e-02 6.0379118e-02 5.6928884e-02
 4.9197800e-02 5.4589339e-02 5.2434497e-02 5.7753939e-02]


Class Weights: [2.1182575e-05 5.6127068e-02 5.6127068e-02 5.9477936e-02 5.6928884e-02
 5.3851645e-02 5.3851645e-02 4.9812771e-02 5.9477936e-02 5.6127068e-02
 6.1308030e-02 5.1753532e-02 5.3851645e-02 6.0379118e-02 5.6928884e-02
 4.9197800e-02 5.4589339e-02 5.2434497e-02 5.7753939e-02]Learning Rate: 0.0005Learning Rate: 0.0005Learning Rate: 0.0005



Learning Rate: 0.0005
Train Loss: 0.3186, Val Loss: 0.2776Train Loss: 0.3186, Val Loss: 0.2776
Train Loss: 0.3186, Val Loss: 0.2776Train Loss: 0.3186, Val Loss: 0.2776


Per-Class Precision: [1.         0.7173913  0.75757576 0.71921182 0.31640625 0.56329114
 0.27075812 0.1902834  0.36666667 0.19777159 0.22396857 0.1928934
 0.18571429 0.74825175 0.5042735  0.65517241 0.47507331 0.77319588
 0.68181818]
Per-Class Recall: [0.99242045 0.99       1.         0.97333333 0.81       0.89
 0.75       0.62666667 0.88       0.94666667 0.912      0.50666667
 0.52       0.61142857 0.78666667 0.76       0.92571429 1.
 1.        ]
Per-Class F1-Score: [0.99619581 0.83193277 0.86206897 0.82719547 0.45505618 0.68992248
 0.39787798 0.29192547 0.51764706 0.32718894 0.35962145 0.27941176
 0.27368421 0.67295597 0.61458333 0.7037037  0.62790698 0.87209302
 0.81081081]
Support per Class: [293949    100    150    150    100    100    100     75    100     75
    125    150    125    175     75    100    175     75     75]
Weighted Precision: 0.9965, Weighted Recall: 0.9912, Weighted F1-Score: 0.9934
Precision: 0.9965, Recall: 0.9912, F1-Score: 0.9934
Fold 1, Epoch 2110, Train Loss: 0.3186, Val Loss: 0.2776, Val Acc: 0.9898
Precision: 0.9962, Recall: 0.9796, F1-Score: 0.9872
Fold 1, Epoch 2111, Train Loss: 0.3319, Val Loss: 0.2803, Val Acc: 0.9797
Precision: 0.9963, Recall: 0.9908, F1-Score: 0.9931
Fold 1, Epoch 2112, Train Loss: 0.3125, Val Loss: 0.2989, Val Acc: 0.9894
Precision: 0.9965, Recall: 0.9880, F1-Score: 0.9917
Fold 1, Epoch 2113, Train Loss: 0.3324, Val Loss: 0.2785, Val Acc: 0.9865
Precision: 0.9963, Recall: 0.9900, F1-Score: 0.9927
Fold 1, Epoch 2114, Train Loss: 0.3138, Val Loss: 0.2826, Val Acc: 0.9887
Precision: 0.9964, Recall: 0.9908, F1-Score: 0.9931
Fold 1, Epoch 2115, Train Loss: 0.3545, Val Loss: 0.2913, Val Acc: 0.9897
Precision: 0.9962, Recall: 0.9847, F1-Score: 0.9897
Fold 1, Epoch 2116, Train Loss: 0.3364, Val Loss: 0.3380, Val Acc: 0.9830
Precision: 0.9966, Recall: 0.9910, F1-Score: 0.9933
Fold 1, Epoch 2117, Train Loss: 0.3413, Val Loss: 0.2898, Val Acc: 0.9899
Precision: 0.9964, Recall: 0.9903, F1-Score: 0.9928
Fold 1, Epoch 2118, Train Loss: 0.3281, Val Loss: 0.2765, Val Acc: 0.9889
Precision: 0.9963, Recall: 0.9904, F1-Score: 0.9928
Fold 1, Epoch 2119, Train Loss: 0.3212, Val Loss: 0.2689, Val Acc: 0.9888

--- Epoch 2120 ---
--- Epoch 2120 ---
--- Epoch 2120 ---



--- Epoch 2120 ---
Class Weights: [2.1182575e-05 5.6127068e-02 5.6127068e-02 5.9477936e-02 5.6928884e-02
 5.3851645e-02 5.3851645e-02 4.9812771e-02 5.9477936e-02 5.6127068e-02
 6.1308030e-02 5.1753532e-02 5.3851645e-02 6.0379118e-02 5.6928884e-02
 4.9197800e-02 5.4589339e-02 5.2434497e-02 5.7753939e-02]Class Weights: [2.1182575e-05 5.6127068e-02 5.6127068e-02 5.9477936e-02 5.6928884e-02
 5.3851645e-02 5.3851645e-02 4.9812771e-02 5.9477936e-02 5.6127068e-02
 6.1308030e-02 5.1753532e-02 5.3851645e-02 6.0379118e-02 5.6928884e-02
 4.9197800e-02 5.4589339e-02 5.2434497e-02 5.7753939e-02]Class Weights: [2.1182575e-05 5.6127068e-02 5.6127068e-02 5.9477936e-02 5.6928884e-02
 5.3851645e-02 5.3851645e-02 4.9812771e-02 5.9477936e-02 5.6127068e-02
 6.1308030e-02 5.1753532e-02 5.3851645e-02 6.0379118e-02 5.6928884e-02
 4.9197800e-02 5.4589339e-02 5.2434497e-02 5.7753939e-02]


Class Weights: [2.1182575e-05 5.6127068e-02 5.6127068e-02 5.9477936e-02 5.6928884e-02
 5.3851645e-02 5.3851645e-02 4.9812771e-02 5.9477936e-02 5.6127068e-02
 6.1308030e-02 5.1753532e-02 5.3851645e-02 6.0379118e-02 5.6928884e-02
 4.9197800e-02 5.4589339e-02 5.2434497e-02 5.7753939e-02]Learning Rate: 0.0005Learning Rate: 0.0005Learning Rate: 0.0005



Learning Rate: 0.0005
Train Loss: 0.3235, Val Loss: 0.2808
Train Loss: 0.3235, Val Loss: 0.2808Train Loss: 0.3235, Val Loss: 0.2808
Train Loss: 0.3235, Val Loss: 0.2808

Per-Class Precision: [1.         0.68531469 0.80645161 0.76571429 0.26       0.61481481
 0.1778291  0.25149701 0.405      0.03720463 0.24455206 0.20334928
 0.11338583 0.73291925 0.43846154 0.5443038  0.45747801 0.72815534
 0.71568627]
Per-Class Recall: [0.98566418 0.98       1.         0.89333333 0.91       0.83
 0.77       0.56       0.81       0.98666667 0.808      0.56666667
 0.576      0.67428571 0.76       0.86       0.89142857 1.
 0.97333333]
Per-Class F1-Score: [0.99278034 0.80658436 0.89285714 0.82461538 0.40444444 0.70638298
 0.28893058 0.34710744 0.54       0.07170543 0.37546468 0.29929577
 0.18947368 0.70238095 0.55609756 0.66666667 0.60465116 0.84269663
 0.82485876]
Support per Class: [293949    100    150    150    100    100    100     75    100     75
    125    150    125    175     75    100    175     75     75]
Weighted Precision: 0.9964, Weighted Recall: 0.9845, Weighted F1-Score: 0.9898
Precision: 0.9964, Recall: 0.9845, F1-Score: 0.9898
Fold 1, Epoch 2120, Train Loss: 0.3235, Val Loss: 0.2808, Val Acc: 0.9834
Precision: 0.9964, Recall: 0.9914, F1-Score: 0.9935
Fold 1, Epoch 2121, Train Loss: 0.3313, Val Loss: 0.2801, Val Acc: 0.9900
Precision: 0.9963, Recall: 0.9910, F1-Score: 0.9932
Fold 1, Epoch 2122, Train Loss: 0.3392, Val Loss: 0.2723, Val Acc: 0.9899
Precision: 0.9963, Recall: 0.9878, F1-Score: 0.9914
Fold 1, Epoch 2123, Train Loss: 0.3193, Val Loss: 0.2714, Val Acc: 0.9872
Precision: 0.9963, Recall: 0.9904, F1-Score: 0.9928
Fold 1, Epoch 2124, Train Loss: 0.3599, Val Loss: 0.2693, Val Acc: 0.9889
Precision: 0.9961, Recall: 0.9907, F1-Score: 0.9930
Fold 1, Epoch 2125, Train Loss: 0.3531, Val Loss: 0.3110, Val Acc: 0.9898
Precision: 0.9963, Recall: 0.9845, F1-Score: 0.9898
Fold 1, Epoch 2126, Train Loss: 0.3708, Val Loss: 0.2982, Val Acc: 0.9860
Precision: 0.9954, Recall: 0.9849, F1-Score: 0.9895
Fold 1, Epoch 2127, Train Loss: 0.9291, Val Loss: 1.3209, Val Acc: 0.9859
Precision: 0.9960, Recall: 0.9793, F1-Score: 0.9868
Fold 1, Epoch 2128, Train Loss: 0.8892, Val Loss: 0.9157, Val Acc: 0.9814
Precision: 0.9957, Recall: 0.9882, F1-Score: 0.9914
Fold 1, Epoch 2129, Train Loss: 0.7981, Val Loss: 0.5226, Val Acc: 0.9875

--- Epoch 2130 ---
--- Epoch 2130 ---
--- Epoch 2130 ---



--- Epoch 2130 ---
Class Weights: [2.1182575e-05 5.6127068e-02 5.6127068e-02 5.9477936e-02 5.6928884e-02
 5.3851645e-02 5.3851645e-02 4.9812771e-02 5.9477936e-02 5.6127068e-02
 6.1308030e-02 5.1753532e-02 5.3851645e-02 6.0379118e-02 5.6928884e-02
 4.9197800e-02 5.4589339e-02 5.2434497e-02 5.7753939e-02]Class Weights: [2.1182575e-05 5.6127068e-02 5.6127068e-02 5.9477936e-02 5.6928884e-02
 5.3851645e-02 5.3851645e-02 4.9812771e-02 5.9477936e-02 5.6127068e-02
 6.1308030e-02 5.1753532e-02 5.3851645e-02 6.0379118e-02 5.6928884e-02
 4.9197800e-02 5.4589339e-02 5.2434497e-02 5.7753939e-02]

Class Weights: [2.1182575e-05 5.6127068e-02 5.6127068e-02 5.9477936e-02 5.6928884e-02
 5.3851645e-02 5.3851645e-02 4.9812771e-02 5.9477936e-02 5.6127068e-02
 6.1308030e-02 5.1753532e-02 5.3851645e-02 6.0379118e-02 5.6928884e-02
 4.9197800e-02 5.4589339e-02 5.2434497e-02 5.7753939e-02]Learning Rate: 0.0005Learning Rate: 0.0005

Class Weights: [2.1182575e-05 5.6127068e-02 5.6127068e-02 5.9477936e-02 5.6928884e-02
 5.3851645e-02 5.3851645e-02 4.9812771e-02 5.9477936e-02 5.6127068e-02
 6.1308030e-02 5.1753532e-02 5.3851645e-02 6.0379118e-02 5.6928884e-02
 4.9197800e-02 5.4589339e-02 5.2434497e-02 5.7753939e-02]
Learning Rate: 0.0005

Learning Rate: 0.0005
Train Loss: 0.5878, Val Loss: 0.5965
Train Loss: 0.5878, Val Loss: 0.5965
Train Loss: 0.5878, Val Loss: 0.5965
Train Loss: 0.5878, Val Loss: 0.5965
Per-Class Precision: [1.         0.03041475 0.68807339 0.53159851 0.2890625  0.47468354
 0.12356979 0.12850467 0.21282799 0.09476662 0.10940919 0.24352332
 0.13402062 0.62352941 0.30120482 0.58585859 0.36645963 0.63043478
 0.68      ]
Per-Class Recall: [0.97937057 0.99       1.         0.95333333 0.74       0.75
 0.54       0.73333333 0.73       0.89333333 0.8        0.31333333
 0.208      0.60571429 0.66666667 0.58       0.33714286 0.38666667
 0.68      ]
Per-Class F1-Score: [0.98957778 0.05901639 0.81521739 0.68257757 0.41573034 0.58139535
 0.20111732 0.21868787 0.32957111 0.1713555  0.19249278 0.27405248
 0.1630094  0.61449275 0.41493776 0.58291457 0.35119048 0.47933884
 0.68      ]
Support per Class: [293949    100    150    150    100    100    100     75    100     75
    125    150    125    175     75    100    175     75     75]
Weighted Precision: 0.9956, Weighted Recall: 0.9771, Weighted F1-Score: 0.9857
Precision: 0.9956, Recall: 0.9771, F1-Score: 0.9857
Fold 1, Epoch 2130, Train Loss: 0.5878, Val Loss: 0.5965, Val Acc: 0.9804
Precision: 0.9958, Recall: 0.9687, F1-Score: 0.9813
Fold 1, Epoch 2131, Train Loss: 0.5219, Val Loss: 0.3760, Val Acc: 0.9739
Precision: 0.9962, Recall: 0.9905, F1-Score: 0.9928
Fold 1, Epoch 2132, Train Loss: 0.4263, Val Loss: 0.3483, Val Acc: 0.9898
Precision: 0.9961, Recall: 0.9844, F1-Score: 0.9897
Fold 1, Epoch 2133, Train Loss: 0.3778, Val Loss: 0.3567, Val Acc: 0.9834
Precision: 0.9963, Recall: 0.9887, F1-Score: 0.9920
Fold 1, Epoch 2134, Train Loss: 0.3899, Val Loss: 0.2972, Val Acc: 0.9878
Precision: 0.9961, Recall: 0.9886, F1-Score: 0.9917
Fold 1, Epoch 2135, Train Loss: 0.3589, Val Loss: 0.3102, Val Acc: 0.9880
Precision: 0.9964, Recall: 0.9904, F1-Score: 0.9929
Fold 1, Epoch 2136, Train Loss: 0.3393, Val Loss: 0.2875, Val Acc: 0.9890
Precision: 0.9963, Recall: 0.9903, F1-Score: 0.9928
Fold 1, Epoch 2137, Train Loss: 0.3430, Val Loss: 0.2973, Val Acc: 0.9891
Precision: 0.9962, Recall: 0.9896, F1-Score: 0.9923
Fold 1, Epoch 2138, Train Loss: 0.3326, Val Loss: 0.2932, Val Acc: 0.9888
Precision: 0.9963, Recall: 0.9903, F1-Score: 0.9928
Fold 1, Epoch 2139, Train Loss: 0.3182, Val Loss: 0.2826, Val Acc: 0.9887

--- Epoch 2140 ---
--- Epoch 2140 ---
--- Epoch 2140 ---



--- Epoch 2140 ---
Class Weights: [2.1182575e-05 5.6127068e-02 5.6127068e-02 5.9477936e-02 5.6928884e-02
 5.3851645e-02 5.3851645e-02 4.9812771e-02 5.9477936e-02 5.6127068e-02
 6.1308030e-02 5.1753532e-02 5.3851645e-02 6.0379118e-02 5.6928884e-02
 4.9197800e-02 5.4589339e-02 5.2434497e-02 5.7753939e-02]Class Weights: [2.1182575e-05 5.6127068e-02 5.6127068e-02 5.9477936e-02 5.6928884e-02
 5.3851645e-02 5.3851645e-02 4.9812771e-02 5.9477936e-02 5.6127068e-02
 6.1308030e-02 5.1753532e-02 5.3851645e-02 6.0379118e-02 5.6928884e-02
 4.9197800e-02 5.4589339e-02 5.2434497e-02 5.7753939e-02]Class Weights: [2.1182575e-05 5.6127068e-02 5.6127068e-02 5.9477936e-02 5.6928884e-02
 5.3851645e-02 5.3851645e-02 4.9812771e-02 5.9477936e-02 5.6127068e-02
 6.1308030e-02 5.1753532e-02 5.3851645e-02 6.0379118e-02 5.6928884e-02
 4.9197800e-02 5.4589339e-02 5.2434497e-02 5.7753939e-02]

Class Weights: [2.1182575e-05 5.6127068e-02 5.6127068e-02 5.9477936e-02 5.6928884e-02
 5.3851645e-02 5.3851645e-02 4.9812771e-02 5.9477936e-02 5.6127068e-02
 6.1308030e-02 5.1753532e-02 5.3851645e-02 6.0379118e-02 5.6928884e-02
 4.9197800e-02 5.4589339e-02 5.2434497e-02 5.7753939e-02]
Learning Rate: 0.0005
Learning Rate: 0.0005
Learning Rate: 0.0005
Learning Rate: 0.0005

Train Loss: 0.3409, Val Loss: 0.2798Train Loss: 0.3409, Val Loss: 0.2798

Train Loss: 0.3409, Val Loss: 0.2798Train Loss: 0.3409, Val Loss: 0.2798

Per-Class Precision: [1.         0.58139535 0.84745763 0.79213483 0.35416667 0.59027778
 0.27413127 0.20491803 0.36046512 0.11908646 0.25558313 0.28125
 0.15733737 0.68292683 0.29184549 0.63716814 0.45558739 0.81521739
 0.64102564]
Per-Class Recall: [0.9911005  1.         1.         0.94       0.85       0.85
 0.71       0.66666667 0.93       0.97333333 0.824      0.42
 0.832      0.64       0.90666667 0.72       0.90857143 1.
 1.        ]
Per-Class F1-Score: [0.99553036 0.73529412 0.91743119 0.8597561  0.5        0.69672131
 0.39554318 0.31347962 0.51955307 0.2122093  0.39015152 0.3368984
 0.26463104 0.66076696 0.44155844 0.67605634 0.60687023 0.89820359
 0.78125   ]
Support per Class: [293949    100    150    150    100    100    100     75    100     75
    125    150    125    175     75    100    175     75     75]
Weighted Precision: 0.9964, Weighted Recall: 0.9900, Weighted F1-Score: 0.9927
Precision: 0.9964, Recall: 0.9900, F1-Score: 0.9927
Fold 1, Epoch 2140, Train Loss: 0.3409, Val Loss: 0.2798, Val Acc: 0.9886
Precision: 0.9962, Recall: 0.9906, F1-Score: 0.9929
Fold 1, Epoch 2141, Train Loss: 0.3194, Val Loss: 0.2908, Val Acc: 0.9892
Precision: 0.9964, Recall: 0.9905, F1-Score: 0.9929
Fold 1, Epoch 2142, Train Loss: 0.3307, Val Loss: 0.2813, Val Acc: 0.9890
Precision: 0.9963, Recall: 0.9903, F1-Score: 0.9928
Fold 1, Epoch 2143, Train Loss: 0.3050, Val Loss: 0.2760, Val Acc: 0.9891
Precision: 0.9962, Recall: 0.9896, F1-Score: 0.9924
Fold 1, Epoch 2144, Train Loss: 0.3115, Val Loss: 0.2738, Val Acc: 0.9880
Precision: 0.9963, Recall: 0.9903, F1-Score: 0.9928
Fold 1, Epoch 2145, Train Loss: 0.3253, Val Loss: 0.2771, Val Acc: 0.9887
Precision: 0.9964, Recall: 0.9916, F1-Score: 0.9936
Fold 1, Epoch 2146, Train Loss: 0.3081, Val Loss: 0.2736, Val Acc: 0.9904
Precision: 0.9962, Recall: 0.9860, F1-Score: 0.9905
Fold 1, Epoch 2147, Train Loss: 0.3123, Val Loss: 0.2791, Val Acc: 0.9847
Precision: 0.9964, Recall: 0.9909, F1-Score: 0.9931
Fold 1, Epoch 2148, Train Loss: 0.3152, Val Loss: 0.2750, Val Acc: 0.9898
Precision: 0.9964, Recall: 0.9894, F1-Score: 0.9923
Fold 1, Epoch 2149, Train Loss: 0.3204, Val Loss: 0.2709, Val Acc: 0.9879

--- Epoch 2150 ---
--- Epoch 2150 ---
--- Epoch 2150 ---



--- Epoch 2150 ---
Class Weights: [2.1182575e-05 5.6127068e-02 5.6127068e-02 5.9477936e-02 5.6928884e-02
 5.3851645e-02 5.3851645e-02 4.9812771e-02 5.9477936e-02 5.6127068e-02
 6.1308030e-02 5.1753532e-02 5.3851645e-02 6.0379118e-02 5.6928884e-02
 4.9197800e-02 5.4589339e-02 5.2434497e-02 5.7753939e-02]Class Weights: [2.1182575e-05 5.6127068e-02 5.6127068e-02 5.9477936e-02 5.6928884e-02
 5.3851645e-02 5.3851645e-02 4.9812771e-02 5.9477936e-02 5.6127068e-02
 6.1308030e-02 5.1753532e-02 5.3851645e-02 6.0379118e-02 5.6928884e-02
 4.9197800e-02 5.4589339e-02 5.2434497e-02 5.7753939e-02]Class Weights: [2.1182575e-05 5.6127068e-02 5.6127068e-02 5.9477936e-02 5.6928884e-02
 5.3851645e-02 5.3851645e-02 4.9812771e-02 5.9477936e-02 5.6127068e-02
 6.1308030e-02 5.1753532e-02 5.3851645e-02 6.0379118e-02 5.6928884e-02
 4.9197800e-02 5.4589339e-02 5.2434497e-02 5.7753939e-02]Class Weights: [2.1182575e-05 5.6127068e-02 5.6127068e-02 5.9477936e-02 5.6928884e-02
 5.3851645e-02 5.3851645e-02 4.9812771e-02 5.9477936e-02 5.6127068e-02
 6.1308030e-02 5.1753532e-02 5.3851645e-02 6.0379118e-02 5.6928884e-02
 4.9197800e-02 5.4589339e-02 5.2434497e-02 5.7753939e-02]



Learning Rate: 0.0005Learning Rate: 0.0005Learning Rate: 0.0005
Learning Rate: 0.0005


Train Loss: 0.3217, Val Loss: 0.2650
Train Loss: 0.3217, Val Loss: 0.2650Train Loss: 0.3217, Val Loss: 0.2650Train Loss: 0.3217, Val Loss: 0.2650


Per-Class Precision: [1.         0.3030303  0.81081081 0.80555556 0.18023256 0.72972973
 0.17269076 0.26373626 0.38559322 0.10958904 0.22595078 0.20338983
 0.22108844 0.57894737 0.25096525 0.59558824 0.48787879 0.69444444
 0.60483871]
Per-Class Recall: [0.98928386 1.         1.         0.96666667 0.93       0.81
 0.86       0.64       0.91       0.96       0.808      0.48
 0.52       0.75428571 0.86666667 0.81       0.92       1.
 1.        ]
Per-Class F1-Score: [0.99461306 0.46511628 0.89552239 0.87878788 0.30194805 0.76777251
 0.28762542 0.37354086 0.54166667 0.19672131 0.35314685 0.28571429
 0.31026253 0.65508685 0.38922156 0.68644068 0.63762376 0.81967213
 0.75376884]
Support per Class: [293949    100    150    150    100    100    100     75    100     75
    125    150    125    175     75    100    175     75     75]
Weighted Precision: 0.9962, Weighted Recall: 0.9882, Weighted F1-Score: 0.9916
Precision: 0.9962, Recall: 0.9882, F1-Score: 0.9916
Fold 1, Epoch 2150, Train Loss: 0.3217, Val Loss: 0.2650, Val Acc: 0.9868
Precision: 0.9964, Recall: 0.9905, F1-Score: 0.9929
Fold 1, Epoch 2151, Train Loss: 0.3170, Val Loss: 0.2667, Val Acc: 0.9892
Precision: 0.9963, Recall: 0.9900, F1-Score: 0.9926
Fold 1, Epoch 2152, Train Loss: 0.3120, Val Loss: 0.2737, Val Acc: 0.9887
Precision: 0.9963, Recall: 0.9893, F1-Score: 0.9922
Fold 1, Epoch 2153, Train Loss: 0.3012, Val Loss: 0.2712, Val Acc: 0.9881
Precision: 0.9964, Recall: 0.9905, F1-Score: 0.9930
Fold 1, Epoch 2154, Train Loss: 0.3181, Val Loss: 0.2591, Val Acc: 0.9893
Precision: 0.9962, Recall: 0.9906, F1-Score: 0.9929
Fold 1, Epoch 2155, Train Loss: 0.3010, Val Loss: 0.2708, Val Acc: 0.9893
Precision: 0.9965, Recall: 0.9909, F1-Score: 0.9932
Fold 1, Epoch 2156, Train Loss: 0.2938, Val Loss: 0.2774, Val Acc: 0.9898
Precision: 0.9964, Recall: 0.9904, F1-Score: 0.9929
Fold 1, Epoch 2157, Train Loss: 0.3341, Val Loss: 0.2662, Val Acc: 0.9891
Precision: 0.9962, Recall: 0.9893, F1-Score: 0.9922
Fold 1, Epoch 2158, Train Loss: 0.3158, Val Loss: 0.2749, Val Acc: 0.9878
Precision: 0.9964, Recall: 0.9909, F1-Score: 0.9932
Fold 1, Epoch 2159, Train Loss: 0.3253, Val Loss: 0.3077, Val Acc: 0.9896

--- Epoch 2160 ---
--- Epoch 2160 ---
--- Epoch 2160 ---



--- Epoch 2160 ---
Class Weights: [2.1182575e-05 5.6127068e-02 5.6127068e-02 5.9477936e-02 5.6928884e-02
 5.3851645e-02 5.3851645e-02 4.9812771e-02 5.9477936e-02 5.6127068e-02
 6.1308030e-02 5.1753532e-02 5.3851645e-02 6.0379118e-02 5.6928884e-02
 4.9197800e-02 5.4589339e-02 5.2434497e-02 5.7753939e-02]Class Weights: [2.1182575e-05 5.6127068e-02 5.6127068e-02 5.9477936e-02 5.6928884e-02
 5.3851645e-02 5.3851645e-02 4.9812771e-02 5.9477936e-02 5.6127068e-02
 6.1308030e-02 5.1753532e-02 5.3851645e-02 6.0379118e-02 5.6928884e-02
 4.9197800e-02 5.4589339e-02 5.2434497e-02 5.7753939e-02]Class Weights: [2.1182575e-05 5.6127068e-02 5.6127068e-02 5.9477936e-02 5.6928884e-02
 5.3851645e-02 5.3851645e-02 4.9812771e-02 5.9477936e-02 5.6127068e-02
 6.1308030e-02 5.1753532e-02 5.3851645e-02 6.0379118e-02 5.6928884e-02
 4.9197800e-02 5.4589339e-02 5.2434497e-02 5.7753939e-02]


Learning Rate: 0.0005Learning Rate: 0.0005Learning Rate: 0.0005

Class Weights: [2.1182575e-05 5.6127068e-02 5.6127068e-02 5.9477936e-02 5.6928884e-02
 5.3851645e-02 5.3851645e-02 4.9812771e-02 5.9477936e-02 5.6127068e-02
 6.1308030e-02 5.1753532e-02 5.3851645e-02 6.0379118e-02 5.6928884e-02
 4.9197800e-02 5.4589339e-02 5.2434497e-02 5.7753939e-02]

Learning Rate: 0.0005
Train Loss: 0.3225, Val Loss: 0.2807Train Loss: 0.3225, Val Loss: 0.2807

Train Loss: 0.3225, Val Loss: 0.2807
Train Loss: 0.3225, Val Loss: 0.2807
Per-Class Precision: [1.         0.62893082 0.87209302 0.8757764  0.33333333 0.65
 0.18510158 0.22477064 0.42857143 0.15416667 0.20380952 0.17281106
 0.13227513 0.84745763 0.44262295 0.5751634  0.48159509 0.83333333
 0.66371681]
Per-Class Recall: [0.99095421 1.         1.         0.94       0.89       0.91
 0.82       0.65333333 0.84       0.98666667 0.856      0.5
 0.6        0.57142857 0.72       0.88       0.89714286 1.
 1.        ]
Per-Class F1-Score: [0.99545656 0.77220077 0.93167702 0.90675241 0.48501362 0.75833333
 0.30202578 0.33447099 0.56756757 0.26666667 0.32923077 0.25684932
 0.21676301 0.68259386 0.54822335 0.69565217 0.62674651 0.90909091
 0.79787234]
Support per Class: [293949    100    150    150    100    100    100     75    100     75
    125    150    125    175     75    100    175     75     75]
Weighted Precision: 0.9966, Weighted Recall: 0.9898, Weighted F1-Score: 0.9926
Precision: 0.9966, Recall: 0.9898, F1-Score: 0.9926
Fold 1, Epoch 2160, Train Loss: 0.3225, Val Loss: 0.2807, Val Acc: 0.9884
Precision: 0.9963, Recall: 0.9903, F1-Score: 0.9928
Fold 1, Epoch 2161, Train Loss: 0.3163, Val Loss: 0.2762, Val Acc: 0.9892
Precision: 0.9959, Recall: 0.9864, F1-Score: 0.9905
Fold 1, Epoch 2162, Train Loss: 0.3182, Val Loss: 0.2785, Val Acc: 0.9856
Precision: 0.9964, Recall: 0.9916, F1-Score: 0.9935
Fold 1, Epoch 2163, Train Loss: 0.3255, Val Loss: 0.2668, Val Acc: 0.9904
Precision: 0.9965, Recall: 0.9906, F1-Score: 0.9931
Fold 1, Epoch 2164, Train Loss: 0.3293, Val Loss: 0.2841, Val Acc: 0.9891
Precision: 0.9961, Recall: 0.9895, F1-Score: 0.9922
Fold 1, Epoch 2165, Train Loss: 0.3146, Val Loss: 0.3309, Val Acc: 0.9881
Precision: 0.9962, Recall: 0.9882, F1-Score: 0.9915
Fold 1, Epoch 2166, Train Loss: 0.3555, Val Loss: 0.2720, Val Acc: 0.9874
Precision: 0.9963, Recall: 0.9914, F1-Score: 0.9934
Fold 1, Epoch 2167, Train Loss: 0.3225, Val Loss: 0.2809, Val Acc: 0.9901
Precision: 0.9962, Recall: 0.9894, F1-Score: 0.9923
Fold 1, Epoch 2168, Train Loss: 0.3296, Val Loss: 0.2695, Val Acc: 0.9877
Precision: 0.9962, Recall: 0.9910, F1-Score: 0.9931
Fold 1, Epoch 2169, Train Loss: 0.3514, Val Loss: 0.2690, Val Acc: 0.9900

--- Epoch 2170 ---
--- Epoch 2170 ---
--- Epoch 2170 ---



--- Epoch 2170 ---
Class Weights: [2.1182575e-05 5.6127068e-02 5.6127068e-02 5.9477936e-02 5.6928884e-02
 5.3851645e-02 5.3851645e-02 4.9812771e-02 5.9477936e-02 5.6127068e-02
 6.1308030e-02 5.1753532e-02 5.3851645e-02 6.0379118e-02 5.6928884e-02
 4.9197800e-02 5.4589339e-02 5.2434497e-02 5.7753939e-02]Class Weights: [2.1182575e-05 5.6127068e-02 5.6127068e-02 5.9477936e-02 5.6928884e-02
 5.3851645e-02 5.3851645e-02 4.9812771e-02 5.9477936e-02 5.6127068e-02
 6.1308030e-02 5.1753532e-02 5.3851645e-02 6.0379118e-02 5.6928884e-02
 4.9197800e-02 5.4589339e-02 5.2434497e-02 5.7753939e-02]Class Weights: [2.1182575e-05 5.6127068e-02 5.6127068e-02 5.9477936e-02 5.6928884e-02
 5.3851645e-02 5.3851645e-02 4.9812771e-02 5.9477936e-02 5.6127068e-02
 6.1308030e-02 5.1753532e-02 5.3851645e-02 6.0379118e-02 5.6928884e-02
 4.9197800e-02 5.4589339e-02 5.2434497e-02 5.7753939e-02]

Class Weights: [2.1182575e-05 5.6127068e-02 5.6127068e-02 5.9477936e-02 5.6928884e-02
 5.3851645e-02 5.3851645e-02 4.9812771e-02 5.9477936e-02 5.6127068e-02
 6.1308030e-02 5.1753532e-02 5.3851645e-02 6.0379118e-02 5.6928884e-02
 4.9197800e-02 5.4589339e-02 5.2434497e-02 5.7753939e-02]
Learning Rate: 0.0005Learning Rate: 0.0005

Learning Rate: 0.0005
Learning Rate: 0.0005

Train Loss: 0.3203, Val Loss: 0.2918
Train Loss: 0.3203, Val Loss: 0.2918
Train Loss: 0.3203, Val Loss: 0.2918Train Loss: 0.3203, Val Loss: 0.2918

Per-Class Precision: [1.         0.33444816 0.85142857 0.9        0.36401674 0.67741935
 0.18910256 0.129683   0.303125   0.09067688 0.23991507 0.20308483
 0.12454212 0.73451327 0.4057971  0.5        0.60504202 0.46296296
 0.76344086]
Per-Class Recall: [0.98969889 1.         0.99333333 0.9        0.87       0.84
 0.59       0.6        0.97       0.94666667 0.904      0.52666667
 0.544      0.47428571 0.74666667 0.77       0.82285714 1.
 0.94666667]
Per-Class F1-Score: [0.99482278 0.50125313 0.91692308 0.9        0.51327434 0.75
 0.28640777 0.21327014 0.46190476 0.16550117 0.37919463 0.29313544
 0.20268256 0.57638889 0.5258216  0.60629921 0.69733656 0.63291139
 0.8452381 ]
Support per Class: [293949    100    150    150    100    100    100     75    100     75
    125    150    125    175     75    100    175     75     75]
Weighted Precision: 0.9964, Weighted Recall: 0.9883, Weighted F1-Score: 0.9917
Precision: 0.9964, Recall: 0.9883, F1-Score: 0.9917
Fold 1, Epoch 2170, Train Loss: 0.3203, Val Loss: 0.2918, Val Acc: 0.9869
Precision: 0.9964, Recall: 0.9906, F1-Score: 0.9930
Fold 1, Epoch 2171, Train Loss: 0.3217, Val Loss: 0.2791, Val Acc: 0.9892
Precision: 0.9965, Recall: 0.9870, F1-Score: 0.9911
Fold 1, Epoch 2172, Train Loss: 0.3300, Val Loss: 0.2812, Val Acc: 0.9855
Precision: 0.9966, Recall: 0.9913, F1-Score: 0.9934
Fold 1, Epoch 2173, Train Loss: 0.3263, Val Loss: 0.2757, Val Acc: 0.9903
Precision: 0.9963, Recall: 0.9894, F1-Score: 0.9923
Fold 1, Epoch 2174, Train Loss: 0.3101, Val Loss: 0.2870, Val Acc: 0.9880
Precision: 0.9964, Recall: 0.9910, F1-Score: 0.9932
Fold 1, Epoch 2175, Train Loss: 0.3178, Val Loss: 0.2670, Val Acc: 0.9899
Precision: 0.9963, Recall: 0.9914, F1-Score: 0.9934
Fold 1, Epoch 2176, Train Loss: 0.3035, Val Loss: 0.2720, Val Acc: 0.9902
Precision: 0.9963, Recall: 0.9856, F1-Score: 0.9903
Fold 1, Epoch 2177, Train Loss: 0.3041, Val Loss: 0.2698, Val Acc: 0.9841
Precision: 0.9965, Recall: 0.9914, F1-Score: 0.9935
Fold 1, Epoch 2178, Train Loss: 0.3081, Val Loss: 0.2787, Val Acc: 0.9903
Precision: 0.9965, Recall: 0.9891, F1-Score: 0.9922
Fold 1, Epoch 2179, Train Loss: 0.3345, Val Loss: 0.2714, Val Acc: 0.9873

--- Epoch 2180 ---
--- Epoch 2180 ---
--- Epoch 2180 ---



--- Epoch 2180 ---
Class Weights: [2.1182575e-05 5.6127068e-02 5.6127068e-02 5.9477936e-02 5.6928884e-02
 5.3851645e-02 5.3851645e-02 4.9812771e-02 5.9477936e-02 5.6127068e-02
 6.1308030e-02 5.1753532e-02 5.3851645e-02 6.0379118e-02 5.6928884e-02
 4.9197800e-02 5.4589339e-02 5.2434497e-02 5.7753939e-02]Class Weights: [2.1182575e-05 5.6127068e-02 5.6127068e-02 5.9477936e-02 5.6928884e-02
 5.3851645e-02 5.3851645e-02 4.9812771e-02 5.9477936e-02 5.6127068e-02
 6.1308030e-02 5.1753532e-02 5.3851645e-02 6.0379118e-02 5.6928884e-02
 4.9197800e-02 5.4589339e-02 5.2434497e-02 5.7753939e-02]Class Weights: [2.1182575e-05 5.6127068e-02 5.6127068e-02 5.9477936e-02 5.6928884e-02
 5.3851645e-02 5.3851645e-02 4.9812771e-02 5.9477936e-02 5.6127068e-02
 6.1308030e-02 5.1753532e-02 5.3851645e-02 6.0379118e-02 5.6928884e-02
 4.9197800e-02 5.4589339e-02 5.2434497e-02 5.7753939e-02]


Class Weights: [2.1182575e-05 5.6127068e-02 5.6127068e-02 5.9477936e-02 5.6928884e-02
 5.3851645e-02 5.3851645e-02 4.9812771e-02 5.9477936e-02 5.6127068e-02
 6.1308030e-02 5.1753532e-02 5.3851645e-02 6.0379118e-02 5.6928884e-02
 4.9197800e-02 5.4589339e-02 5.2434497e-02 5.7753939e-02]Learning Rate: 0.0005Learning Rate: 0.0005Learning Rate: 0.0005



Learning Rate: 0.0005
Train Loss: 0.3038, Val Loss: 0.2718Train Loss: 0.3038, Val Loss: 0.2718Train Loss: 0.3038, Val Loss: 0.2718

Train Loss: 0.3038, Val Loss: 0.2718

Per-Class Precision: [1.         0.62111801 0.86206897 0.78835979 0.32231405 0.54545455
 0.4137931  0.16755319 0.35510204 0.13948919 0.17131474 0.20159151
 0.11151079 0.70779221 0.39597315 0.5915493  0.50306748 0.77319588
 0.6302521 ]
Per-Class Recall: [0.99013774 1.         1.         0.99333333 0.78       0.84
 0.72       0.84       0.87       0.94666667 0.688      0.50666667
 0.744      0.62285714 0.78666667 0.84       0.93714286 1.
 1.        ]
Per-Class F1-Score: [0.99504444 0.76628352 0.92592593 0.87905605 0.45614035 0.66141732
 0.52554745 0.27937916 0.50434783 0.24315068 0.27432217 0.28842505
 0.19395203 0.66261398 0.52678571 0.69421488 0.65469062 0.87209302
 0.77319588]
Support per Class: [293949    100    150    150    100    100    100     75    100     75
    125    150    125    175     75    100    175     75     75]
Weighted Precision: 0.9964, Weighted Recall: 0.9890, Weighted F1-Score: 0.9922
Precision: 0.9964, Recall: 0.9890, F1-Score: 0.9922
Fold 1, Epoch 2180, Train Loss: 0.3038, Val Loss: 0.2718, Val Acc: 0.9876
Precision: 0.9960, Recall: 0.9889, F1-Score: 0.9918
Fold 1, Epoch 2181, Train Loss: 0.3189, Val Loss: 0.2893, Val Acc: 0.9882
Precision: 0.9963, Recall: 0.9896, F1-Score: 0.9924
Fold 1, Epoch 2182, Train Loss: 0.3346, Val Loss: 0.2919, Val Acc: 0.9887
Precision: 0.9965, Recall: 0.9903, F1-Score: 0.9929
Fold 1, Epoch 2183, Train Loss: 0.3343, Val Loss: 0.3121, Val Acc: 0.9891
Precision: 0.9963, Recall: 0.9908, F1-Score: 0.9930
Fold 1, Epoch 2184, Train Loss: 0.3290, Val Loss: 0.2795, Val Acc: 0.9898
Precision: 0.9962, Recall: 0.9872, F1-Score: 0.9911
Fold 1, Epoch 2185, Train Loss: 0.3083, Val Loss: 0.2745, Val Acc: 0.9857
Precision: 0.9965, Recall: 0.9906, F1-Score: 0.9930
Fold 1, Epoch 2186, Train Loss: 0.3229, Val Loss: 0.2621, Val Acc: 0.9893
Precision: 0.9962, Recall: 0.9898, F1-Score: 0.9925
Fold 1, Epoch 2187, Train Loss: 0.3079, Val Loss: 0.2690, Val Acc: 0.9886
Precision: 0.9963, Recall: 0.9899, F1-Score: 0.9926
Fold 1, Epoch 2188, Train Loss: 0.3276, Val Loss: 0.2621, Val Acc: 0.9886
Precision: 0.9966, Recall: 0.9910, F1-Score: 0.9933
Fold 1, Epoch 2189, Train Loss: 0.3364, Val Loss: 0.2733, Val Acc: 0.9899

--- Epoch 2190 ---
--- Epoch 2190 ---
--- Epoch 2190 ---



--- Epoch 2190 ---
Class Weights: [2.1182575e-05 5.6127068e-02 5.6127068e-02 5.9477936e-02 5.6928884e-02
 5.3851645e-02 5.3851645e-02 4.9812771e-02 5.9477936e-02 5.6127068e-02
 6.1308030e-02 5.1753532e-02 5.3851645e-02 6.0379118e-02 5.6928884e-02
 4.9197800e-02 5.4589339e-02 5.2434497e-02 5.7753939e-02]Class Weights: [2.1182575e-05 5.6127068e-02 5.6127068e-02 5.9477936e-02 5.6928884e-02
 5.3851645e-02 5.3851645e-02 4.9812771e-02 5.9477936e-02 5.6127068e-02
 6.1308030e-02 5.1753532e-02 5.3851645e-02 6.0379118e-02 5.6928884e-02
 4.9197800e-02 5.4589339e-02 5.2434497e-02 5.7753939e-02]Class Weights: [2.1182575e-05 5.6127068e-02 5.6127068e-02 5.9477936e-02 5.6928884e-02
 5.3851645e-02 5.3851645e-02 4.9812771e-02 5.9477936e-02 5.6127068e-02
 6.1308030e-02 5.1753532e-02 5.3851645e-02 6.0379118e-02 5.6928884e-02
 4.9197800e-02 5.4589339e-02 5.2434497e-02 5.7753939e-02]
Class Weights: [2.1182575e-05 5.6127068e-02 5.6127068e-02 5.9477936e-02 5.6928884e-02
 5.3851645e-02 5.3851645e-02 4.9812771e-02 5.9477936e-02 5.6127068e-02
 6.1308030e-02 5.1753532e-02 5.3851645e-02 6.0379118e-02 5.6928884e-02
 4.9197800e-02 5.4589339e-02 5.2434497e-02 5.7753939e-02]

Learning Rate: 0.0005
Learning Rate: 0.0005
Learning Rate: 0.0005
Learning Rate: 0.0005

Train Loss: 0.3276, Val Loss: 0.2897
Train Loss: 0.3276, Val Loss: 0.2897Train Loss: 0.3276, Val Loss: 0.2897Train Loss: 0.3276, Val Loss: 0.2897


Per-Class Precision: [1.         0.58479532 0.84269663 0.83448276 0.22836538 0.74336283
 0.36585366 0.23673469 0.49295775 0.15221987 0.24931507 0.17068273
 0.09480813 0.74820144 0.40993789 0.59055118 0.46587537 0.66371681
 0.5952381 ]
Per-Class Recall: [0.99193057 1.         1.         0.80666667 0.95       0.84
 0.75       0.77333333 0.7        0.96       0.728      0.56666667
 0.336      0.59428571 0.88       0.75       0.89714286 1.
 1.        ]
Per-Class F1-Score: [0.99594894 0.73800738 0.91463415 0.82033898 0.36821705 0.78873239
 0.49180328 0.3625     0.5785124  0.26277372 0.37142857 0.26234568
 0.14788732 0.66242038 0.55932203 0.66079295 0.61328125 0.79787234
 0.74626866]
Support per Class: [293949    100    150    150    100    100    100     75    100     75
    125    150    125    175     75    100    175     75     75]
Weighted Precision: 0.9965, Weighted Recall: 0.9905, Weighted F1-Score: 0.9930
Precision: 0.9965, Recall: 0.9905, F1-Score: 0.9930
Fold 1, Epoch 2190, Train Loss: 0.3276, Val Loss: 0.2897, Val Acc: 0.9896
Precision: 0.9962, Recall: 0.9890, F1-Score: 0.9920
Fold 1, Epoch 2191, Train Loss: 0.3107, Val Loss: 0.2629, Val Acc: 0.9878
Precision: 0.9964, Recall: 0.9907, F1-Score: 0.9930
Fold 1, Epoch 2192, Train Loss: 0.3251, Val Loss: 0.2712, Val Acc: 0.9898
Precision: 0.9965, Recall: 0.9899, F1-Score: 0.9927
Fold 1, Epoch 2193, Train Loss: 0.3271, Val Loss: 0.2714, Val Acc: 0.9888
Precision: 0.9963, Recall: 0.9883, F1-Score: 0.9918
Fold 1, Epoch 2194, Train Loss: 0.3321, Val Loss: 0.2753, Val Acc: 0.9874
Precision: 0.9965, Recall: 0.9906, F1-Score: 0.9931
Fold 1, Epoch 2195, Train Loss: 0.3289, Val Loss: 0.2811, Val Acc: 0.9891
Precision: 0.9963, Recall: 0.9894, F1-Score: 0.9923
Fold 1, Epoch 2196, Train Loss: 0.3347, Val Loss: 0.2648, Val Acc: 0.9879
Precision: 0.9963, Recall: 0.9911, F1-Score: 0.9932
Fold 1, Epoch 2197, Train Loss: 0.3113, Val Loss: 0.2745, Val Acc: 0.9900
Precision: 0.9964, Recall: 0.9909, F1-Score: 0.9931
Fold 1, Epoch 2198, Train Loss: 0.3136, Val Loss: 0.2686, Val Acc: 0.9897
Precision: 0.9963, Recall: 0.9899, F1-Score: 0.9925
Fold 1, Epoch 2199, Train Loss: 0.3015, Val Loss: 0.2601, Val Acc: 0.9884

--- Epoch 2200 ---
--- Epoch 2200 ---
--- Epoch 2200 ---



--- Epoch 2200 ---
Class Weights: [2.1182575e-05 5.6127068e-02 5.6127068e-02 5.9477936e-02 5.6928884e-02
 5.3851645e-02 5.3851645e-02 4.9812771e-02 5.9477936e-02 5.6127068e-02
 6.1308030e-02 5.1753532e-02 5.3851645e-02 6.0379118e-02 5.6928884e-02
 4.9197800e-02 5.4589339e-02 5.2434497e-02 5.7753939e-02]Class Weights: [2.1182575e-05 5.6127068e-02 5.6127068e-02 5.9477936e-02 5.6928884e-02
 5.3851645e-02 5.3851645e-02 4.9812771e-02 5.9477936e-02 5.6127068e-02
 6.1308030e-02 5.1753532e-02 5.3851645e-02 6.0379118e-02 5.6928884e-02
 4.9197800e-02 5.4589339e-02 5.2434497e-02 5.7753939e-02]Class Weights: [2.1182575e-05 5.6127068e-02 5.6127068e-02 5.9477936e-02 5.6928884e-02
 5.3851645e-02 5.3851645e-02 4.9812771e-02 5.9477936e-02 5.6127068e-02
 6.1308030e-02 5.1753532e-02 5.3851645e-02 6.0379118e-02 5.6928884e-02
 4.9197800e-02 5.4589339e-02 5.2434497e-02 5.7753939e-02]


Class Weights: [2.1182575e-05 5.6127068e-02 5.6127068e-02 5.9477936e-02 5.6928884e-02
 5.3851645e-02 5.3851645e-02 4.9812771e-02 5.9477936e-02 5.6127068e-02
 6.1308030e-02 5.1753532e-02 5.3851645e-02 6.0379118e-02 5.6928884e-02
 4.9197800e-02 5.4589339e-02 5.2434497e-02 5.7753939e-02]Learning Rate: 0.0005Learning Rate: 0.0005Learning Rate: 0.0005



Learning Rate: 0.0005
Train Loss: 0.3076, Val Loss: 0.2667
Train Loss: 0.3076, Val Loss: 0.2667Train Loss: 0.3076, Val Loss: 0.2667Train Loss: 0.3076, Val Loss: 0.2667


Per-Class Precision: [1.         0.65789474 0.80213904 0.74871795 0.28888889 0.61038961
 0.32905983 0.21299639 0.45508982 0.13345196 0.24222222 0.20110193
 0.16877637 0.71005917 0.36627907 0.57894737 0.46646341 0.69444444
 0.72115385]
Per-Class Recall: [0.99143049 1.         1.         0.97333333 0.91       0.94
 0.77       0.78666667 0.76       1.         0.872      0.48666667
 0.64       0.68571429 0.84       0.77       0.87428571 1.
 1.        ]
Per-Class F1-Score: [0.9956968  0.79365079 0.89020772 0.84637681 0.43855422 0.74015748
 0.46107784 0.33522727 0.56928839 0.23547881 0.37913043 0.28460039
 0.26711185 0.69767442 0.51012146 0.66094421 0.6083499  0.81967213
 0.83798883]
Support per Class: [293949    100    150    150    100    100    100     75    100     75
    125    150    125    175     75    100    175     75     75]
Weighted Precision: 0.9964, Weighted Recall: 0.9904, Weighted F1-Score: 0.9929
Precision: 0.9964, Recall: 0.9904, F1-Score: 0.9929
Fold 1, Epoch 2200, Train Loss: 0.3076, Val Loss: 0.2667, Val Acc: 0.9888
Precision: 0.9963, Recall: 0.9909, F1-Score: 0.9931
Fold 1, Epoch 2201, Train Loss: 0.3150, Val Loss: 0.2542, Val Acc: 0.9899
Precision: 0.9963, Recall: 0.9903, F1-Score: 0.9928
Fold 1, Epoch 2202, Train Loss: 0.3403, Val Loss: 0.2788, Val Acc: 0.9893
Precision: 0.9962, Recall: 0.9883, F1-Score: 0.9916
Fold 1, Epoch 2203, Train Loss: 0.3060, Val Loss: 0.2771, Val Acc: 0.9869
Precision: 0.9964, Recall: 0.9897, F1-Score: 0.9925
Fold 1, Epoch 2204, Train Loss: 0.3100, Val Loss: 0.2864, Val Acc: 0.9883
Precision: 0.9963, Recall: 0.9911, F1-Score: 0.9932
Fold 1, Epoch 2205, Train Loss: 0.3283, Val Loss: 0.2608, Val Acc: 0.9896
Precision: 0.9962, Recall: 0.9884, F1-Score: 0.9918
Fold 1, Epoch 2206, Train Loss: 0.3095, Val Loss: 0.2792, Val Acc: 0.9869
Precision: 0.9963, Recall: 0.9907, F1-Score: 0.9930
Fold 1, Epoch 2207, Train Loss: 0.3155, Val Loss: 0.2583, Val Acc: 0.9895
Precision: 0.9964, Recall: 0.9908, F1-Score: 0.9931
Fold 1, Epoch 2208, Train Loss: 0.3024, Val Loss: 0.2560, Val Acc: 0.9899
Precision: 0.9962, Recall: 0.9861, F1-Score: 0.9905
Fold 1, Epoch 2209, Train Loss: 0.3102, Val Loss: 0.2631, Val Acc: 0.9860

--- Epoch 2210 ---
--- Epoch 2210 ---


--- Epoch 2210 ---

--- Epoch 2210 ---
Class Weights: [2.1182575e-05 5.6127068e-02 5.6127068e-02 5.9477936e-02 5.6928884e-02
 5.3851645e-02 5.3851645e-02 4.9812771e-02 5.9477936e-02 5.6127068e-02
 6.1308030e-02 5.1753532e-02 5.3851645e-02 6.0379118e-02 5.6928884e-02
 4.9197800e-02 5.4589339e-02 5.2434497e-02 5.7753939e-02]
Learning Rate: 0.0005
Train Loss: 0.3102, Val Loss: 0.2767
Class Weights: [2.1182575e-05 5.6127068e-02 5.6127068e-02 5.9477936e-02 5.6928884e-02
 5.3851645e-02 5.3851645e-02 4.9812771e-02 5.9477936e-02 5.6127068e-02
 6.1308030e-02 5.1753532e-02 5.3851645e-02 6.0379118e-02 5.6928884e-02
 4.9197800e-02 5.4589339e-02 5.2434497e-02 5.7753939e-02]Class Weights: [2.1182575e-05 5.6127068e-02 5.6127068e-02 5.9477936e-02 5.6928884e-02
 5.3851645e-02 5.3851645e-02 4.9812771e-02 5.9477936e-02 5.6127068e-02
 6.1308030e-02 5.1753532e-02 5.3851645e-02 6.0379118e-02 5.6928884e-02
 4.9197800e-02 5.4589339e-02 5.2434497e-02 5.7753939e-02]

Class Weights: [2.1182575e-05 5.6127068e-02 5.6127068e-02 5.9477936e-02 5.6928884e-02
 5.3851645e-02 5.3851645e-02 4.9812771e-02 5.9477936e-02 5.6127068e-02
 6.1308030e-02 5.1753532e-02 5.3851645e-02 6.0379118e-02 5.6928884e-02
 4.9197800e-02 5.4589339e-02 5.2434497e-02 5.7753939e-02]Learning Rate: 0.0005Learning Rate: 0.0005


Learning Rate: 0.0005
Train Loss: 0.3102, Val Loss: 0.2767
Train Loss: 0.3102, Val Loss: 0.2767
Train Loss: 0.3102, Val Loss: 0.2767
Per-Class Precision: [1.         0.66225166 0.84269663 0.68202765 0.28813559 0.62318841
 0.3364486  0.20982143 0.47402597 0.16407982 0.24458874 0.18611111
 0.10328638 0.65882353 0.42372881 0.43497758 0.49206349 0.73529412
 0.5952381 ]
Per-Class Recall: [0.99217892 1.         1.         0.98666667 0.85       0.86
 0.72       0.62666667 0.73       0.98666667 0.904      0.44666667
 0.352      0.64       0.66666667 0.97       0.88571429 1.
 1.        ]
Per-Class F1-Score: [0.99607411 0.79681275 0.91463415 0.80653951 0.43037975 0.72268908
 0.45859873 0.31438127 0.57480315 0.28136882 0.38500852 0.2627451
 0.15970962 0.64927536 0.51813472 0.6006192  0.63265306 0.84745763
 0.74626866]
Support per Class: [293949    100    150    150    100    100    100     75    100     75
    125    150    125    175     75    100    175     75     75]
Weighted Precision: 0.9963, Weighted Recall: 0.9909, Weighted F1-Score: 0.9931
Precision: 0.9963, Recall: 0.9909, F1-Score: 0.9931
Fold 1, Epoch 2210, Train Loss: 0.3102, Val Loss: 0.2767, Val Acc: 0.9899
Precision: 0.9963, Recall: 0.9855, F1-Score: 0.9904
Fold 1, Epoch 2211, Train Loss: 0.3199, Val Loss: 0.3009, Val Acc: 0.9839
Precision: 0.9965, Recall: 0.9913, F1-Score: 0.9934
Fold 1, Epoch 2212, Train Loss: 0.3364, Val Loss: 0.2703, Val Acc: 0.9901
Precision: 0.9961, Recall: 0.9866, F1-Score: 0.9908
Fold 1, Epoch 2213, Train Loss: 0.3346, Val Loss: 0.2886, Val Acc: 0.9846
Precision: 0.9964, Recall: 0.9908, F1-Score: 0.9931
Fold 1, Epoch 2214, Train Loss: 0.3431, Val Loss: 0.2644, Val Acc: 0.9895
Precision: 0.9964, Recall: 0.9911, F1-Score: 0.9932
Fold 1, Epoch 2215, Train Loss: 0.3198, Val Loss: 0.2685, Val Acc: 0.9899
Precision: 0.9963, Recall: 0.9904, F1-Score: 0.9929
Fold 1, Epoch 2216, Train Loss: 0.3288, Val Loss: 0.2757, Val Acc: 0.9892
Precision: 0.9964, Recall: 0.9874, F1-Score: 0.9914
Fold 1, Epoch 2217, Train Loss: 0.3207, Val Loss: 0.2720, Val Acc: 0.9857
Precision: 0.9965, Recall: 0.9917, F1-Score: 0.9936
Fold 1, Epoch 2218, Train Loss: 0.3098, Val Loss: 0.2691, Val Acc: 0.9903
Precision: 0.9962, Recall: 0.9850, F1-Score: 0.9899
Fold 1, Epoch 2219, Train Loss: 0.3249, Val Loss: 0.2676, Val Acc: 0.9845

--- Epoch 2220 ---
--- Epoch 2220 ---


--- Epoch 2220 ---
--- Epoch 2220 ---

Class Weights: [2.1182575e-05 5.6127068e-02 5.6127068e-02 5.9477936e-02 5.6928884e-02
 5.3851645e-02 5.3851645e-02 4.9812771e-02 5.9477936e-02 5.6127068e-02
 6.1308030e-02 5.1753532e-02 5.3851645e-02 6.0379118e-02 5.6928884e-02
 4.9197800e-02 5.4589339e-02 5.2434497e-02 5.7753939e-02]Class Weights: [2.1182575e-05 5.6127068e-02 5.6127068e-02 5.9477936e-02 5.6928884e-02
 5.3851645e-02 5.3851645e-02 4.9812771e-02 5.9477936e-02 5.6127068e-02
 6.1308030e-02 5.1753532e-02 5.3851645e-02 6.0379118e-02 5.6928884e-02
 4.9197800e-02 5.4589339e-02 5.2434497e-02 5.7753939e-02]

Learning Rate: 0.0005Learning Rate: 0.0005

Class Weights: [2.1182575e-05 5.6127068e-02 5.6127068e-02 5.9477936e-02 5.6928884e-02
 5.3851645e-02 5.3851645e-02 4.9812771e-02 5.9477936e-02 5.6127068e-02
 6.1308030e-02 5.1753532e-02 5.3851645e-02 6.0379118e-02 5.6928884e-02
 4.9197800e-02 5.4589339e-02 5.2434497e-02 5.7753939e-02]Class Weights: [2.1182575e-05 5.6127068e-02 5.6127068e-02 5.9477936e-02 5.6928884e-02
 5.3851645e-02 5.3851645e-02 4.9812771e-02 5.9477936e-02 5.6127068e-02
 6.1308030e-02 5.1753532e-02 5.3851645e-02 6.0379118e-02 5.6928884e-02
 4.9197800e-02 5.4589339e-02 5.2434497e-02 5.7753939e-02]

Learning Rate: 0.0005Learning Rate: 0.0005

Train Loss: 0.3148, Val Loss: 0.2698
Train Loss: 0.3148, Val Loss: 0.2698
Train Loss: 0.3148, Val Loss: 0.2698Train Loss: 0.3148, Val Loss: 0.2698

Per-Class Precision: [1.         0.66891892 0.83333333 0.83240223 0.4028436  0.5915493
 0.18592965 0.14146341 0.34532374 0.12857143 0.24860335 0.18495298
 0.14240506 0.62439024 0.32850242 0.64516129 0.45217391 0.81521739
 0.68181818]
Per-Class Recall: [0.99033166 0.99       1.         0.99333333 0.85       0.84
 0.74       0.77333333 0.96       0.96       0.712      0.39333333
 0.72       0.73142857 0.90666667 0.6        0.89142857 1.
 1.        ]
Per-Class F1-Score: [0.99514235 0.7983871  0.90909091 0.90577508 0.54662379 0.69421488
 0.29718876 0.23917526 0.50793651 0.22677165 0.36853002 0.25159915
 0.23778071 0.67368421 0.4822695  0.62176166 0.6        0.89820359
 0.81081081]
Support per Class: [293949    100    150    150    100    100    100     75    100     75
    125    150    125    175     75    100    175     75     75]
Weighted Precision: 0.9964, Weighted Recall: 0.9892, Weighted F1-Score: 0.9922
Precision: 0.9964, Recall: 0.9892, F1-Score: 0.9922
Fold 1, Epoch 2220, Train Loss: 0.3148, Val Loss: 0.2698, Val Acc: 0.9879
Precision: 0.9963, Recall: 0.9900, F1-Score: 0.9926
Fold 1, Epoch 2221, Train Loss: 0.3117, Val Loss: 0.2751, Val Acc: 0.9886
Precision: 0.9967, Recall: 0.9900, F1-Score: 0.9928
Fold 1, Epoch 2222, Train Loss: 0.3092, Val Loss: 0.2755, Val Acc: 0.9885
Precision: 0.9965, Recall: 0.9903, F1-Score: 0.9929
Fold 1, Epoch 2223, Train Loss: 0.3174, Val Loss: 0.2624, Val Acc: 0.9886
Precision: 0.9963, Recall: 0.9905, F1-Score: 0.9929
Fold 1, Epoch 2224, Train Loss: 0.3055, Val Loss: 0.2780, Val Acc: 0.9890
Precision: 0.9962, Recall: 0.9869, F1-Score: 0.9909
Fold 1, Epoch 2225, Train Loss: 0.3031, Val Loss: 0.2887, Val Acc: 0.9860
Precision: 0.9962, Recall: 0.9765, F1-Score: 0.9856
Fold 1, Epoch 2226, Train Loss: 0.3164, Val Loss: 0.2948, Val Acc: 0.9796
Precision: 0.9964, Recall: 0.9912, F1-Score: 0.9933
Fold 1, Epoch 2227, Train Loss: 0.3164, Val Loss: 0.2606, Val Acc: 0.9901
Precision: 0.9959, Recall: 0.9818, F1-Score: 0.9881
Fold 1, Epoch 2228, Train Loss: 0.3042, Val Loss: 0.2792, Val Acc: 0.9813
Precision: 0.9962, Recall: 0.9582, F1-Score: 0.9761
Fold 1, Epoch 2229, Train Loss: 0.3435, Val Loss: 0.2877, Val Acc: 0.9658

--- Epoch 2230 ---
--- Epoch 2230 ---
--- Epoch 2230 ---



--- Epoch 2230 ---
Class Weights: [2.1182575e-05 5.6127068e-02 5.6127068e-02 5.9477936e-02 5.6928884e-02
 5.3851645e-02 5.3851645e-02 4.9812771e-02 5.9477936e-02 5.6127068e-02
 6.1308030e-02 5.1753532e-02 5.3851645e-02 6.0379118e-02 5.6928884e-02
 4.9197800e-02 5.4589339e-02 5.2434497e-02 5.7753939e-02]Class Weights: [2.1182575e-05 5.6127068e-02 5.6127068e-02 5.9477936e-02 5.6928884e-02
 5.3851645e-02 5.3851645e-02 4.9812771e-02 5.9477936e-02 5.6127068e-02
 6.1308030e-02 5.1753532e-02 5.3851645e-02 6.0379118e-02 5.6928884e-02
 4.9197800e-02 5.4589339e-02 5.2434497e-02 5.7753939e-02]Class Weights: [2.1182575e-05 5.6127068e-02 5.6127068e-02 5.9477936e-02 5.6928884e-02
 5.3851645e-02 5.3851645e-02 4.9812771e-02 5.9477936e-02 5.6127068e-02
 6.1308030e-02 5.1753532e-02 5.3851645e-02 6.0379118e-02 5.6928884e-02
 4.9197800e-02 5.4589339e-02 5.2434497e-02 5.7753939e-02]


Learning Rate: 0.0005Learning Rate: 0.0005
Learning Rate: 0.0005

Class Weights: [2.1182575e-05 5.6127068e-02 5.6127068e-02 5.9477936e-02 5.6928884e-02
 5.3851645e-02 5.3851645e-02 4.9812771e-02 5.9477936e-02 5.6127068e-02
 6.1308030e-02 5.1753532e-02 5.3851645e-02 6.0379118e-02 5.6928884e-02
 4.9197800e-02 5.4589339e-02 5.2434497e-02 5.7753939e-02]
Learning Rate: 0.0005
Train Loss: 0.3252, Val Loss: 0.2758
Train Loss: 0.3252, Val Loss: 0.2758Train Loss: 0.3252, Val Loss: 0.2758

Train Loss: 0.3252, Val Loss: 0.2758
Per-Class Precision: [1.         0.75572519 0.83333333 0.6803653  0.28268551 0.60759494
 0.34554974 0.19018405 0.4691358  0.18427518 0.23203285 0.17118998
 0.0846395  0.57201646 0.42384106 0.65811966 0.4469914  0.76530612
 0.73529412]
Per-Class Recall: [0.99191356 0.99       1.         0.99333333 0.8        0.96
 0.66       0.82666667 0.76       1.         0.904      0.54666667
 0.216      0.79428571 0.85333333 0.77       0.89142857 1.
 1.        ]
Per-Class F1-Score: [0.99594037 0.85714286 0.90909091 0.80758808 0.41775457 0.74418605
 0.45360825 0.30922693 0.58015267 0.31120332 0.36928105 0.26073132
 0.12162162 0.66507177 0.56637168 0.70967742 0.59541985 0.86705202
 0.84745763]
Support per Class: [293949    100    150    150    100    100    100     75    100     75
    125    150    125    175     75    100    175     75     75]
Weighted Precision: 0.9964, Weighted Recall: 0.9907, Weighted F1-Score: 0.9931
Precision: 0.9964, Recall: 0.9907, F1-Score: 0.9931
Fold 1, Epoch 2230, Train Loss: 0.3252, Val Loss: 0.2758, Val Acc: 0.9896
Precision: 0.9964, Recall: 0.9891, F1-Score: 0.9921
Fold 1, Epoch 2231, Train Loss: 0.3110, Val Loss: 0.2677, Val Acc: 0.9874
Precision: 0.9965, Recall: 0.9907, F1-Score: 0.9930
Fold 1, Epoch 2232, Train Loss: 0.3012, Val Loss: 0.2625, Val Acc: 0.9897
Precision: 0.9962, Recall: 0.9898, F1-Score: 0.9925
Fold 1, Epoch 2233, Train Loss: 0.3001, Val Loss: 0.2736, Val Acc: 0.9885
Precision: 0.9963, Recall: 0.9901, F1-Score: 0.9926
Fold 1, Epoch 2234, Train Loss: 0.3079, Val Loss: 0.2643, Val Acc: 0.9890
Precision: 0.9964, Recall: 0.9909, F1-Score: 0.9932
Fold 1, Epoch 2235, Train Loss: 0.3116, Val Loss: 0.2675, Val Acc: 0.9898
Precision: 0.9964, Recall: 0.9871, F1-Score: 0.9912
Fold 1, Epoch 2236, Train Loss: 0.3011, Val Loss: 0.2698, Val Acc: 0.9854
Precision: 0.9963, Recall: 0.9892, F1-Score: 0.9922
Fold 1, Epoch 2237, Train Loss: 0.3180, Val Loss: 0.2587, Val Acc: 0.9880
Precision: 0.9964, Recall: 0.9913, F1-Score: 0.9933
Fold 1, Epoch 2238, Train Loss: 0.3224, Val Loss: 0.2601, Val Acc: 0.9902
Precision: 0.9966, Recall: 0.9912, F1-Score: 0.9934
Fold 1, Epoch 2239, Train Loss: 0.3174, Val Loss: 0.2731, Val Acc: 0.9899

--- Epoch 2240 ---
--- Epoch 2240 ---
--- Epoch 2240 ---



--- Epoch 2240 ---
Class Weights: [2.1182575e-05 5.6127068e-02 5.6127068e-02 5.9477936e-02 5.6928884e-02
 5.3851645e-02 5.3851645e-02 4.9812771e-02 5.9477936e-02 5.6127068e-02
 6.1308030e-02 5.1753532e-02 5.3851645e-02 6.0379118e-02 5.6928884e-02
 4.9197800e-02 5.4589339e-02 5.2434497e-02 5.7753939e-02]Class Weights: [2.1182575e-05 5.6127068e-02 5.6127068e-02 5.9477936e-02 5.6928884e-02
 5.3851645e-02 5.3851645e-02 4.9812771e-02 5.9477936e-02 5.6127068e-02
 6.1308030e-02 5.1753532e-02 5.3851645e-02 6.0379118e-02 5.6928884e-02
 4.9197800e-02 5.4589339e-02 5.2434497e-02 5.7753939e-02]Class Weights: [2.1182575e-05 5.6127068e-02 5.6127068e-02 5.9477936e-02 5.6928884e-02
 5.3851645e-02 5.3851645e-02 4.9812771e-02 5.9477936e-02 5.6127068e-02
 6.1308030e-02 5.1753532e-02 5.3851645e-02 6.0379118e-02 5.6928884e-02
 4.9197800e-02 5.4589339e-02 5.2434497e-02 5.7753939e-02]


Class Weights: [2.1182575e-05 5.6127068e-02 5.6127068e-02 5.9477936e-02 5.6928884e-02
 5.3851645e-02 5.3851645e-02 4.9812771e-02 5.9477936e-02 5.6127068e-02
 6.1308030e-02 5.1753532e-02 5.3851645e-02 6.0379118e-02 5.6928884e-02
 4.9197800e-02 5.4589339e-02 5.2434497e-02 5.7753939e-02]Learning Rate: 0.0005Learning Rate: 0.0005Learning Rate: 0.0005



Learning Rate: 0.0005
Train Loss: 0.3117, Val Loss: 0.2746Train Loss: 0.3117, Val Loss: 0.2746
Train Loss: 0.3117, Val Loss: 0.2746
Train Loss: 0.3117, Val Loss: 0.2746

Per-Class Precision: [1.         0.65789474 0.80213904 0.89240506 0.22090261 0.56050955
 0.23547401 0.1311828  0.43820225 0.11764706 0.20141343 0.16859122
 0.20380435 0.7987013  0.40740741 0.53503185 0.49216301 0.77319588
 0.6147541 ]
Per-Class Recall: [0.98996765 1.         1.         0.94       0.93       0.88
 0.77       0.81333333 0.78       0.90666667 0.912      0.48666667
 0.6        0.70285714 0.73333333 0.84       0.89714286 1.
 1.        ]
Per-Class F1-Score: [0.99495853 0.79365079 0.89020772 0.91558442 0.35700576 0.6848249
 0.36065574 0.22592593 0.56115108 0.20826953 0.32995658 0.25042882
 0.30425963 0.74772036 0.52380952 0.6536965  0.63562753 0.87209302
 0.76142132]
Support per Class: [293949    100    150    150    100    100    100     75    100     75
    125    150    125    175     75    100    175     75     75]
Weighted Precision: 0.9964, Weighted Recall: 0.9889, Weighted F1-Score: 0.9921
Precision: 0.9964, Recall: 0.9889, F1-Score: 0.9921
Fold 1, Epoch 2240, Train Loss: 0.3117, Val Loss: 0.2746, Val Acc: 0.9870
[2024-11-13 18:12:33,569] torch.distributed.elastic.agent.server.api: [WARNING] Received 1 death signal, shutting down workers
[2024-11-13 18:12:33,569] torch.distributed.elastic.multiprocessing.api: [WARNING] Sending process 2590532 closing signal SIGHUP
[2024-11-13 18:12:33,569] torch.distributed.elastic.multiprocessing.api: [WARNING] Sending process 2590533 closing signal SIGHUP
[2024-11-13 18:12:33,570] torch.distributed.elastic.multiprocessing.api: [WARNING] Sending process 2590534 closing signal SIGHUP
[2024-11-13 18:12:33,570] torch.distributed.elastic.multiprocessing.api: [WARNING] Sending process 2590535 closing signal SIGHUP
Traceback (most recent call last):
  File "/home/nishioka/miniconda3/envs/interstage_gnn_first/bin/torchrun", line 33, in <module>
    sys.exit(load_entry_point('torch==2.2.2', 'console_scripts', 'torchrun')())
             ^^^^^^^^^^^^^^^^^^^^^^^^^^^^^^^^^^^^^^^^^^^^^^^^^^^^^^^^^^^^^^^^^
  File "/home/nishioka/miniconda3/envs/interstage_gnn_first/lib/python3.12/site-packages/torch/distributed/elastic/multiprocessing/errors/__init__.py", line 347, in wrapper
    return f(*args, **kwargs)
           ^^^^^^^^^^^^^^^^^^
  File "/home/nishioka/miniconda3/envs/interstage_gnn_first/lib/python3.12/site-packages/torch/distributed/run.py", line 812, in main
    run(args)
  File "/home/nishioka/miniconda3/envs/interstage_gnn_first/lib/python3.12/site-packages/torch/distributed/run.py", line 803, in run
    elastic_launch(
  File "/home/nishioka/miniconda3/envs/interstage_gnn_first/lib/python3.12/site-packages/torch/distributed/launcher/api.py", line 135, in __call__
    return launch_agent(self._config, self._entrypoint, list(args))
           ^^^^^^^^^^^^^^^^^^^^^^^^^^^^^^^^^^^^^^^^^^^^^^^^^^^^^^^^
  File "/home/nishioka/miniconda3/envs/interstage_gnn_first/lib/python3.12/site-packages/torch/distributed/launcher/api.py", line 259, in launch_agent
    result = agent.run()
             ^^^^^^^^^^^
  File "/home/nishioka/miniconda3/envs/interstage_gnn_first/lib/python3.12/site-packages/torch/distributed/elastic/metrics/api.py", line 123, in wrapper
    result = f(*args, **kwargs)
             ^^^^^^^^^^^^^^^^^^
  File "/home/nishioka/miniconda3/envs/interstage_gnn_first/lib/python3.12/site-packages/torch/distributed/elastic/agent/server/api.py", line 727, in run
    result = self._invoke_run(role)
             ^^^^^^^^^^^^^^^^^^^^^^
  File "/home/nishioka/miniconda3/envs/interstage_gnn_first/lib/python3.12/site-packages/torch/distributed/elastic/agent/server/api.py", line 868, in _invoke_run
    time.sleep(monitor_interval)
  File "/home/nishioka/miniconda3/envs/interstage_gnn_first/lib/python3.12/site-packages/torch/distributed/elastic/multiprocessing/api.py", line 62, in _terminate_process_handler
    raise SignalException(f"Process {os.getpid()} got signal: {sigval}", sigval=sigval)
torch.distributed.elastic.multiprocessing.api.SignalException: Process 2590513 got signal: 1
