nohup: ignoring input
Using device: NVIDIA GeForce RTX 3090
Using device: NVIDIA GeForce RTX 3090
Rank: 0, World Size: 4, Master Addr: 127.0.0.1, Master Port: 12355
Rank 0 using device: cuda:0
Using device: NVIDIA GeForce RTX 3090
Using device: NVIDIA GeForce RTX 3090
Rank 3 using device: cuda:3
Rank 2 using device: cuda:2
Rank 1 using device: cuda:1
Starting Fold 1
Class weights: Class weights: [2.12621917e-07 5.63380282e-04 5.63380282e-04 5.97014925e-04
 5.71428571e-04 5.40540541e-04 5.40540541e-04 5.00000000e-04
 5.97014925e-04 5.63380282e-04 6.15384615e-04 5.19480519e-04
 5.40540541e-04 6.06060606e-04 5.71428571e-04 4.93827160e-04
 5.47945205e-04 5.26315789e-04 5.79710145e-04]
[2.12621917e-07 5.63380282e-04 5.63380282e-04 5.97014925e-04
 5.71428571e-04 5.40540541e-04 5.40540541e-04 5.00000000e-04
 5.97014925e-04 5.63380282e-04 6.15384615e-04 5.19480519e-04
 5.40540541e-04 6.06060606e-04 5.71428571e-04 4.93827160e-04
 5.47945205e-04 5.26315789e-04 5.79710145e-04]
Class weights: [2.12621917e-07 5.63380282e-04 5.63380282e-04 5.97014925e-04
 5.71428571e-04 5.40540541e-04 5.40540541e-04 5.00000000e-04
 5.97014925e-04 5.63380282e-04 6.15384615e-04 5.19480519e-04
 5.40540541e-04 6.06060606e-04 5.71428571e-04 4.93827160e-04
 5.47945205e-04 5.26315789e-04 5.79710145e-04]
Class weights: [2.12621917e-07 5.63380282e-04 5.63380282e-04 5.97014925e-04
 5.71428571e-04 5.40540541e-04 5.40540541e-04 5.00000000e-04
 5.97014925e-04 5.63380282e-04 6.15384615e-04 5.19480519e-04
 5.40540541e-04 6.06060606e-04 5.71428571e-04 4.93827160e-04
 5.47945205e-04 5.26315789e-04 5.79710145e-04]
Class weights: [8.50487670e-07 2.10526316e-03 2.10526316e-03 1.73913043e-03
 2.00000000e-03 2.50000000e-03 2.50000000e-03 4.00000000e-03
 1.73913043e-03 2.10526316e-03 1.60000000e-03 3.07692308e-03
 2.50000000e-03 1.66666667e-03 2.00000000e-03 4.44444444e-03
 2.35294118e-03 2.85714286e-03 1.90476190e-03]
Class weights: [8.50487670e-07 2.10526316e-03 2.10526316e-03 1.73913043e-03
 2.00000000e-03 2.50000000e-03 2.50000000e-03 4.00000000e-03
 1.73913043e-03 2.10526316e-03 1.60000000e-03 3.07692308e-03
 2.50000000e-03 1.66666667e-03 2.00000000e-03 4.44444444e-03
 2.35294118e-03 2.85714286e-03 1.90476190e-03]
Class weights: [8.50487670e-07 2.10526316e-03 2.10526316e-03 1.73913043e-03
 2.00000000e-03 2.50000000e-03 2.50000000e-03 4.00000000e-03
 1.73913043e-03 2.10526316e-03 1.60000000e-03 3.07692308e-03
 2.50000000e-03 1.66666667e-03 2.00000000e-03 4.44444444e-03
 2.35294118e-03 2.85714286e-03 1.90476190e-03]
Class weights: [8.50487670e-07 2.10526316e-03 2.10526316e-03 1.73913043e-03
 2.00000000e-03 2.50000000e-03 2.50000000e-03 4.00000000e-03
 1.73913043e-03 2.10526316e-03 1.60000000e-03 3.07692308e-03
 2.50000000e-03 1.66666667e-03 2.00000000e-03 4.44444444e-03
 2.35294118e-03 2.85714286e-03 1.90476190e-03]
Softmax output at epoch 1: tensor([[0.0508, 0.0537, 0.0554, 0.0497, 0.0537, 0.0506, 0.0534, 0.0518, 0.0502,
         0.0548, 0.0501, 0.0530, 0.0500, 0.0555, 0.0516, 0.0517, 0.0559, 0.0518,
         0.0564],
        [0.0508, 0.0536, 0.0553, 0.0497, 0.0537, 0.0507, 0.0534, 0.0519, 0.0505,
         0.0545, 0.0499, 0.0530, 0.0504, 0.0554, 0.0515, 0.0516, 0.0559, 0.0519,
         0.0563],
        [0.0507, 0.0532, 0.0552, 0.0496, 0.0539, 0.0510, 0.0535, 0.0521, 0.0503,
         0.0541, 0.0499, 0.0528, 0.0505, 0.0554, 0.0517, 0.0514, 0.0560, 0.0522,
         0.0562],
        [0.0508, 0.0534, 0.0550, 0.0497, 0.0539, 0.0510, 0.0538, 0.0520, 0.0501,
         0.0541, 0.0504, 0.0528, 0.0504, 0.0558, 0.0516, 0.0512, 0.0559, 0.0520,
         0.0563],
        [0.0512, 0.0535, 0.0552, 0.0498, 0.0538, 0.0507, 0.0537, 0.0519, 0.0502,
         0.0543, 0.0503, 0.0529, 0.0503, 0.0559, 0.0513, 0.0513, 0.0557, 0.0517,
         0.0564]], device='cuda:0', grad_fn=<SliceBackward0>)
Softmax output at epoch 1: tensor([[0.0508, 0.0535, 0.0554, 0.0498, 0.0537, 0.0507, 0.0536, 0.0518, 0.0504,
         0.0546, 0.0502, 0.0531, 0.0500, 0.0555, 0.0515, 0.0516, 0.0559, 0.0518,
         0.0562],
        [0.0508, 0.0534, 0.0553, 0.0498, 0.0538, 0.0508, 0.0535, 0.0518, 0.0506,
         0.0543, 0.0500, 0.0531, 0.0504, 0.0554, 0.0514, 0.0516, 0.0560, 0.0519,
         0.0562],
        [0.0507, 0.0532, 0.0552, 0.0498, 0.0539, 0.0510, 0.0536, 0.0519, 0.0504,
         0.0540, 0.0500, 0.0530, 0.0505, 0.0555, 0.0516, 0.0514, 0.0561, 0.0521,
         0.0560],
        [0.0508, 0.0533, 0.0551, 0.0498, 0.0539, 0.0510, 0.0538, 0.0519, 0.0503,
         0.0540, 0.0504, 0.0529, 0.0503, 0.0558, 0.0516, 0.0512, 0.0560, 0.0519,
         0.0561],
        [0.0511, 0.0534, 0.0552, 0.0499, 0.0538, 0.0507, 0.0538, 0.0518, 0.0504,
         0.0542, 0.0503, 0.0530, 0.0502, 0.0559, 0.0513, 0.0513, 0.0558, 0.0517,
         0.0562]], device='cuda:1', grad_fn=<SliceBackward0>)Softmax output at epoch 1: tensor([[0.0508, 0.0537, 0.0554, 0.0497, 0.0537, 0.0506, 0.0534, 0.0519, 0.0502,
         0.0548, 0.0501, 0.0530, 0.0500, 0.0555, 0.0516, 0.0517, 0.0559, 0.0518,
         0.0564],
        [0.0508, 0.0536, 0.0553, 0.0497, 0.0537, 0.0507, 0.0534, 0.0519, 0.0505,
         0.0545, 0.0499, 0.0530, 0.0504, 0.0553, 0.0515, 0.0517, 0.0559, 0.0519,
         0.0564],
        [0.0507, 0.0532, 0.0552, 0.0496, 0.0539, 0.0510, 0.0535, 0.0521, 0.0503,
         0.0541, 0.0499, 0.0528, 0.0505, 0.0554, 0.0517, 0.0514, 0.0560, 0.0523,
         0.0562],
        [0.0508, 0.0534, 0.0550, 0.0497, 0.0539, 0.0510, 0.0538, 0.0520, 0.0500,
         0.0541, 0.0504, 0.0528, 0.0504, 0.0558, 0.0517, 0.0512, 0.0559, 0.0520,
         0.0563],
        [0.0512, 0.0535, 0.0552, 0.0498, 0.0538, 0.0507, 0.0537, 0.0519, 0.0502,
         0.0543, 0.0503, 0.0528, 0.0503, 0.0559, 0.0513, 0.0513, 0.0557, 0.0517,
         0.0564]], device='cuda:3', grad_fn=<SliceBackward0>)Softmax output at epoch 1: tensor([[0.0508, 0.0537, 0.0554, 0.0497, 0.0537, 0.0506, 0.0534, 0.0518, 0.0502,
         0.0548, 0.0501, 0.0530, 0.0500, 0.0555, 0.0516, 0.0517, 0.0559, 0.0518,
         0.0564],
        [0.0508, 0.0536, 0.0553, 0.0497, 0.0537, 0.0507, 0.0534, 0.0519, 0.0505,
         0.0545, 0.0499, 0.0530, 0.0504, 0.0554, 0.0515, 0.0517, 0.0559, 0.0519,
         0.0564],
        [0.0507, 0.0532, 0.0552, 0.0496, 0.0539, 0.0510, 0.0535, 0.0521, 0.0503,
         0.0541, 0.0499, 0.0528, 0.0505, 0.0554, 0.0517, 0.0514, 0.0560, 0.0522,
         0.0562],
        [0.0508, 0.0534, 0.0550, 0.0497, 0.0539, 0.0510, 0.0538, 0.0520, 0.0501,
         0.0541, 0.0504, 0.0528, 0.0504, 0.0558, 0.0516, 0.0512, 0.0559, 0.0520,
         0.0563],
        [0.0512, 0.0535, 0.0552, 0.0498, 0.0538, 0.0507, 0.0537, 0.0519, 0.0502,
         0.0543, 0.0503, 0.0529, 0.0503, 0.0559, 0.0513, 0.0513, 0.0557, 0.0517,
         0.0564]], device='cuda:2', grad_fn=<SliceBackward0>)


pt values at epoch 1: tensor([0.0508, 0.0508, 0.0507, 0.0508, 0.0512], device='cuda:0',
       grad_fn=<SliceBackward0>)
pt values at epoch 1: tensor([0.0508, 0.0508, 0.0507, 0.0508, 0.0511], device='cuda:1',
       grad_fn=<SliceBackward0>)
pt values at epoch 1: tensor([0.0508, 0.0508, 0.0507, 0.0508, 0.0512], device='cuda:3',
       grad_fn=<SliceBackward0>)pt values at epoch 1: tensor([0.0508, 0.0508, 0.0507, 0.0508, 0.0512], device='cuda:2',
       grad_fn=<SliceBackward0>)

Layer conv1.att_src grad: 8.020363886918069e-13Layer conv1.att_src grad: 8.020363886918069e-13

Layer conv1.att_src grad: 8.020363886918069e-13
Layer conv1.att_src grad: 8.020363886918069e-13
Layer conv1.att_dst grad: 4.44007962449762e-14Layer conv1.att_dst grad: 4.44007962449762e-14
Layer conv1.att_dst grad: 4.44007962449762e-14

Layer conv1.att_dst grad: 4.44007962449762e-14
Layer conv1.bias grad: 1.4989032237622268e-09
Layer conv1.bias grad: 1.4989032237622268e-09Layer conv1.bias grad: 1.4989032237622268e-09

Layer conv1.bias grad: 1.4989032237622268e-09
Layer conv1.lin.weight grad: 8.250342631299645e-10
Layer conv1.lin.weight grad: 8.250342631299645e-10Layer conv1.lin.weight grad: 8.250342631299645e-10

Layer conv1.lin.weight grad: 8.250342631299645e-10
Layer conv2.att_src grad: 1.973141918951149e-12
Layer conv2.att_src grad: 1.973141918951149e-12Layer conv2.att_src grad: 1.973141918951149e-12
Layer conv2.att_src grad: 1.973141918951149e-12

Layer conv2.att_dst grad: 9.48289840749239e-13
Layer conv2.att_dst grad: 9.48289840749239e-13Layer conv2.att_dst grad: 9.48289840749239e-13Layer conv2.att_dst grad: 9.48289840749239e-13


Layer conv2.bias grad: 1.7298933396858729e-09
Layer conv2.bias grad: 1.7298933396858729e-09Layer conv2.bias grad: 1.7298933396858729e-09Layer conv2.bias grad: 1.7298933396858729e-09


Layer conv2.lin.weight grad: 8.108253651828434e-11
Layer conv2.lin.weight grad: 8.108253651828434e-11Layer conv2.lin.weight grad: 8.108253651828434e-11
Layer conv2.lin.weight grad: 8.108253651828434e-11
Layer conv3.att_src grad: 2.3343067930003958e-12

Layer conv3.att_src grad: 2.3343067930003958e-12
Layer conv3.att_src grad: 2.3343067930003958e-12Layer conv3.att_dst grad: 8.518452870170945e-13
Layer conv3.att_src grad: 2.3343067930003958e-12

Layer conv3.att_dst grad: 8.518452870170945e-13
Layer conv3.att_dst grad: 8.518452870170945e-13
Layer conv3.bias grad: 3.049501762220075e-09Layer conv3.att_dst grad: 8.518452870170945e-13

Layer conv3.bias grad: 3.049501762220075e-09
Layer conv3.bias grad: 3.049501762220075e-09
Layer conv3.bias grad: 3.049501762220075e-09
Layer conv3.lin.weight grad: 8.036649123965844e-11
Layer conv3.lin.weight grad: 8.036649123965844e-11
Layer conv3.lin.weight grad: 8.036649123965844e-11
Layer conv3.lin.weight grad: 8.036649123965844e-11Layer conv4.att_src grad: 2.164139093624451e-12

Layer conv4.att_src grad: 2.164139093624451e-12
Layer conv4.att_src grad: 2.164139093624451e-12
Layer conv4.att_dst grad: 1.1703236036525455e-12
Layer conv4.att_src grad: 2.164139093624451e-12
Layer conv4.att_dst grad: 1.1703236036525455e-12
Layer conv4.att_dst grad: 1.1703236036525455e-12
Layer conv4.bias grad: 4.205791270806003e-09
Layer conv4.att_dst grad: 1.1703236036525455e-12
Layer conv4.bias grad: 4.205791270806003e-09
Layer conv4.bias grad: 4.205791270806003e-09
Layer conv4.bias grad: 4.205791270806003e-09Layer conv4.lin.weight grad: 1.0499062730318087e-10

Layer conv4.lin.weight grad: 1.0499062730318087e-10
Layer conv4.lin.weight grad: 1.0499062730318087e-10
Layer fc.weight grad: 7.538813462382166e-10Layer conv4.lin.weight grad: 1.0499062730318087e-10

Layer fc.weight grad: 7.538813462382166e-10
Layer fc.weight grad: 7.538813462382166e-10
Layer fc.bias grad: 4.275340614867673e-08
Layer fc.weight grad: 7.538813462382166e-10
Layer fc.bias grad: 4.275340614867673e-08
Layer fc.bias grad: 4.275340614867673e-08
Layer fc.bias grad: 4.275340614867673e-08
Softmax output at epoch 1: tensor([[0.0517, 0.0535, 0.0546, 0.0497, 0.0531, 0.0518, 0.0542, 0.0519, 0.0506,
         0.0540, 0.0501, 0.0532, 0.0507, 0.0555, 0.0506, 0.0511, 0.0555, 0.0525,
         0.0557],
        [0.0516, 0.0534, 0.0546, 0.0497, 0.0531, 0.0515, 0.0540, 0.0519, 0.0506,
         0.0539, 0.0503, 0.0531, 0.0508, 0.0557, 0.0509, 0.0511, 0.0555, 0.0526,
         0.0557],
        [0.0512, 0.0532, 0.0547, 0.0499, 0.0531, 0.0513, 0.0539, 0.0520, 0.0506,
         0.0538, 0.0506, 0.0530, 0.0509, 0.0557, 0.0512, 0.0511, 0.0555, 0.0526,
         0.0556],
        [0.0511, 0.0534, 0.0549, 0.0499, 0.0532, 0.0514, 0.0537, 0.0518, 0.0505,
         0.0540, 0.0506, 0.0530, 0.0507, 0.0555, 0.0513, 0.0512, 0.0554, 0.0525,
         0.0558],
        [0.0513, 0.0536, 0.0549, 0.0498, 0.0535, 0.0512, 0.0534, 0.0519, 0.0505,
         0.0542, 0.0505, 0.0531, 0.0506, 0.0557, 0.0513, 0.0513, 0.0554, 0.0524,
         0.0557]], device='cuda:1', grad_fn=<SliceBackward0>)
Softmax output at epoch 1: tensor([[0.0518, 0.0535, 0.0545, 0.0497, 0.0530, 0.0518, 0.0542, 0.0519, 0.0506,
         0.0540, 0.0500, 0.0532, 0.0507, 0.0555, 0.0506, 0.0510, 0.0555, 0.0525,
         0.0557],
        [0.0517, 0.0534, 0.0546, 0.0497, 0.0531, 0.0515, 0.0540, 0.0519, 0.0506,
         0.0539, 0.0503, 0.0530, 0.0509, 0.0557, 0.0508, 0.0511, 0.0555, 0.0527,
         0.0557],
        [0.0513, 0.0532, 0.0547, 0.0499, 0.0531, 0.0513, 0.0539, 0.0520, 0.0506,
         0.0538, 0.0506, 0.0530, 0.0509, 0.0557, 0.0512, 0.0510, 0.0555, 0.0526,
         0.0556],
        [0.0511, 0.0534, 0.0549, 0.0499, 0.0532, 0.0514, 0.0537, 0.0518, 0.0505,
         0.0540, 0.0506, 0.0529, 0.0507, 0.0555, 0.0513, 0.0512, 0.0554, 0.0525,
         0.0558],
        [0.0513, 0.0536, 0.0549, 0.0498, 0.0535, 0.0512, 0.0534, 0.0519, 0.0505,
         0.0542, 0.0504, 0.0531, 0.0506, 0.0557, 0.0513, 0.0513, 0.0554, 0.0524,
         0.0557]], device='cuda:2', grad_fn=<SliceBackward0>)
Softmax output at epoch 1: tensor([[0.0517, 0.0534, 0.0546, 0.0497, 0.0531, 0.0518, 0.0542, 0.0519, 0.0507,
         0.0539, 0.0501, 0.0532, 0.0507, 0.0555, 0.0507, 0.0511, 0.0555, 0.0525,
         0.0557],
        [0.0516, 0.0533, 0.0546, 0.0497, 0.0531, 0.0515, 0.0540, 0.0519, 0.0507,
         0.0538, 0.0504, 0.0531, 0.0508, 0.0556, 0.0509, 0.0511, 0.0555, 0.0526,
         0.0556],
        [0.0512, 0.0532, 0.0548, 0.0500, 0.0532, 0.0514, 0.0539, 0.0519, 0.0507,
         0.0538, 0.0506, 0.0530, 0.0508, 0.0557, 0.0512, 0.0511, 0.0555, 0.0525,
         0.0555],
        [0.0511, 0.0533, 0.0549, 0.0500, 0.0532, 0.0514, 0.0538, 0.0518, 0.0506,
         0.0539, 0.0506, 0.0530, 0.0507, 0.0555, 0.0513, 0.0512, 0.0555, 0.0524,
         0.0557],
        [0.0512, 0.0535, 0.0549, 0.0498, 0.0535, 0.0512, 0.0535, 0.0518, 0.0506,
         0.0541, 0.0505, 0.0531, 0.0506, 0.0556, 0.0513, 0.0513, 0.0554, 0.0524,
         0.0556]], device='cuda:3', grad_fn=<SliceBackward0>)
Softmax output at epoch 1: tensor([[0.0518, 0.0535, 0.0545, 0.0497, 0.0530, 0.0518, 0.0542, 0.0519, 0.0506,
         0.0540, 0.0500, 0.0532, 0.0507, 0.0555, 0.0506, 0.0510, 0.0555, 0.0525,
         0.0558],
        [0.0517, 0.0534, 0.0546, 0.0497, 0.0531, 0.0515, 0.0540, 0.0519, 0.0506,
         0.0539, 0.0503, 0.0530, 0.0509, 0.0557, 0.0508, 0.0511, 0.0555, 0.0527,
         0.0557],
        [0.0513, 0.0532, 0.0547, 0.0499, 0.0531, 0.0513, 0.0539, 0.0520, 0.0506,
         0.0538, 0.0506, 0.0530, 0.0509, 0.0557, 0.0512, 0.0510, 0.0555, 0.0526,
         0.0556],
        [0.0511, 0.0534, 0.0549, 0.0499, 0.0532, 0.0514, 0.0537, 0.0518, 0.0505,
         0.0540, 0.0506, 0.0529, 0.0507, 0.0555, 0.0513, 0.0512, 0.0554, 0.0525,
         0.0558],
        [0.0513, 0.0536, 0.0549, 0.0498, 0.0535, 0.0512, 0.0534, 0.0519, 0.0504,
         0.0542, 0.0504, 0.0531, 0.0506, 0.0557, 0.0513, 0.0513, 0.0554, 0.0524,
         0.0557]], device='cuda:0', grad_fn=<SliceBackward0>)
pt values at epoch 1: tensor([0.0517, 0.0516, 0.0512, 0.0511, 0.0513], device='cuda:1',
       grad_fn=<SliceBackward0>)
pt values at epoch 1: tensor([0.0518, 0.0517, 0.0513, 0.0511, 0.0513], device='cuda:2',
       grad_fn=<SliceBackward0>)
pt values at epoch 1: tensor([0.0517, 0.0516, 0.0512, 0.0511, 0.0512], device='cuda:3',
       grad_fn=<SliceBackward0>)
pt values at epoch 1: tensor([0.0518, 0.0517, 0.0513, 0.0511, 0.0513], device='cuda:0',
       grad_fn=<SliceBackward0>)
Layer conv1.att_src grad: 1.927323751982346e-12Layer conv1.att_src grad: 1.927323751982346e-12Layer conv1.att_src grad: 1.927323751982346e-12
Layer conv1.att_src grad: 1.927323751982346e-12


Layer conv1.att_dst grad: 2.596790749825103e-14Layer conv1.att_dst grad: 2.596790749825103e-14Layer conv1.att_dst grad: 2.596790749825103e-14Layer conv1.att_dst grad: 2.596790749825103e-14



Layer conv1.bias grad: 8.989971544970388e-10Layer conv1.bias grad: 8.989971544970388e-10

Layer conv1.bias grad: 8.989971544970388e-10Layer conv1.bias grad: 8.989971544970388e-10

Layer conv1.lin.weight grad: 4.753852866912212e-10Layer conv1.lin.weight grad: 4.753852866912212e-10

Layer conv1.lin.weight grad: 4.753852866912212e-10
Layer conv1.lin.weight grad: 4.753852866912212e-10
Layer conv2.att_src grad: 1.0188208783568076e-12Layer conv2.att_src grad: 1.0188208783568076e-12

Layer conv2.att_src grad: 1.0188208783568076e-12
Layer conv2.att_src grad: 1.0188208783568076e-12
Layer conv2.att_dst grad: 5.124263643616067e-13Layer conv2.att_dst grad: 5.124263643616067e-13

Layer conv2.att_dst grad: 5.124263643616067e-13Layer conv2.att_dst grad: 5.124263643616067e-13

Layer conv2.bias grad: 1.3296188594580372e-09Layer conv2.bias grad: 1.3296188594580372e-09

Layer conv2.bias grad: 1.3296188594580372e-09Layer conv2.bias grad: 1.3296188594580372e-09

Layer conv2.lin.weight grad: 5.44569250804372e-11Layer conv2.lin.weight grad: 5.44569250804372e-11
Layer conv2.lin.weight grad: 5.44569250804372e-11Layer conv2.lin.weight grad: 5.44569250804372e-11


Layer conv3.att_src grad: 1.303615635578348e-12
Layer conv3.att_src grad: 1.303615635578348e-12Layer conv3.att_src grad: 1.303615635578348e-12Layer conv3.att_src grad: 1.303615635578348e-12


Layer conv3.att_dst grad: 4.564931874347089e-13
Layer conv3.att_dst grad: 4.564931874347089e-13Layer conv3.att_dst grad: 4.564931874347089e-13
Layer conv3.att_dst grad: 4.564931874347089e-13

Layer conv3.bias grad: 3.0226452452097874e-09
Layer conv3.bias grad: 3.0226452452097874e-09
Layer conv3.bias grad: 3.0226452452097874e-09Layer conv3.bias grad: 3.0226452452097874e-09

Layer conv3.lin.weight grad: 5.868734664904451e-11
Layer conv3.lin.weight grad: 5.868734664904451e-11
Layer conv3.lin.weight grad: 5.868734664904451e-11Layer conv3.lin.weight grad: 5.868734664904451e-11

Layer conv4.att_src grad: 1.0622710393606849e-12
Layer conv4.att_src grad: 1.0622710393606849e-12
Layer conv4.att_src grad: 1.0622710393606849e-12Layer conv4.att_src grad: 1.0622710393606849e-12

Layer conv4.att_dst grad: 5.791037137672927e-13
Layer conv4.att_dst grad: 5.791037137672927e-13
Layer conv4.att_dst grad: 5.791037137672927e-13Layer conv4.att_dst grad: 5.791037137672927e-13

Layer conv4.bias grad: 4.1378900306199284e-09
Layer conv4.bias grad: 4.1378900306199284e-09
Layer conv4.bias grad: 4.1378900306199284e-09Layer conv4.bias grad: 4.1378900306199284e-09

Layer conv4.lin.weight grad: 7.622286829489511e-11
Layer conv4.lin.weight grad: 7.622286829489511e-11
Layer conv4.lin.weight grad: 7.622286829489511e-11Layer conv4.lin.weight grad: 7.622286829489511e-11

Layer fc.weight grad: 6.578521616340538e-10
Layer fc.weight grad: 6.578521616340538e-10
Layer fc.weight grad: 6.578521616340538e-10Layer fc.bias grad: 5.715039819165213e-08Layer fc.weight grad: 6.578521616340538e-10


Layer fc.bias grad: 5.715039819165213e-08
Layer fc.bias grad: 5.715039819165213e-08
Layer fc.bias grad: 5.715039819165213e-08
Softmax output at epoch 1: tensor([[0.0513, 0.0534, 0.0547, 0.0506, 0.0535, 0.0514, 0.0532, 0.0517, 0.0514,
         0.0534, 0.0507, 0.0529, 0.0506, 0.0552, 0.0517, 0.0519, 0.0556, 0.0519,
         0.0549],
        [0.0513, 0.0534, 0.0546, 0.0507, 0.0536, 0.0514, 0.0533, 0.0518, 0.0515,
         0.0533, 0.0507, 0.0529, 0.0506, 0.0551, 0.0518, 0.0517, 0.0556, 0.0519,
         0.0549],
        [0.0513, 0.0535, 0.0545, 0.0508, 0.0535, 0.0513, 0.0533, 0.0518, 0.0515,
         0.0532, 0.0506, 0.0529, 0.0506, 0.0552, 0.0518, 0.0517, 0.0556, 0.0519,
         0.0550],
        [0.0512, 0.0535, 0.0545, 0.0508, 0.0533, 0.0512, 0.0533, 0.0520, 0.0516,
         0.0532, 0.0506, 0.0529, 0.0504, 0.0554, 0.0517, 0.0518, 0.0557, 0.0519,
         0.0551],
        [0.0512, 0.0534, 0.0545, 0.0507, 0.0533, 0.0512, 0.0533, 0.0520, 0.0515,
         0.0532, 0.0506, 0.0529, 0.0504, 0.0554, 0.0517, 0.0518, 0.0558, 0.0519,
         0.0550]], device='cuda:2', grad_fn=<SliceBackward0>)
Softmax output at epoch 1: tensor([[0.0513, 0.0535, 0.0547, 0.0505, 0.0535, 0.0514, 0.0531, 0.0517, 0.0513,
         0.0535, 0.0508, 0.0528, 0.0507, 0.0552, 0.0517, 0.0519, 0.0556, 0.0519,
         0.0549],
        [0.0514, 0.0535, 0.0547, 0.0507, 0.0536, 0.0514, 0.0532, 0.0518, 0.0513,
         0.0534, 0.0508, 0.0528, 0.0506, 0.0551, 0.0518, 0.0517, 0.0555, 0.0519,
         0.0549],
        [0.0514, 0.0536, 0.0546, 0.0508, 0.0535, 0.0512, 0.0532, 0.0518, 0.0514,
         0.0533, 0.0506, 0.0528, 0.0506, 0.0552, 0.0518, 0.0517, 0.0555, 0.0520,
         0.0550],
        [0.0513, 0.0535, 0.0545, 0.0508, 0.0533, 0.0511, 0.0532, 0.0520, 0.0515,
         0.0532, 0.0505, 0.0528, 0.0504, 0.0555, 0.0517, 0.0519, 0.0557, 0.0519,
         0.0552],
        [0.0512, 0.0535, 0.0545, 0.0507, 0.0533, 0.0512, 0.0532, 0.0521, 0.0514,
         0.0532, 0.0506, 0.0529, 0.0504, 0.0555, 0.0517, 0.0519, 0.0558, 0.0519,
         0.0551]], device='cuda:3', grad_fn=<SliceBackward0>)
Softmax output at epoch 1: tensor([[0.0513, 0.0534, 0.0547, 0.0505, 0.0535, 0.0514, 0.0532, 0.0517, 0.0513,
         0.0535, 0.0508, 0.0528, 0.0507, 0.0552, 0.0517, 0.0519, 0.0556, 0.0519,
         0.0549],
        [0.0514, 0.0535, 0.0547, 0.0507, 0.0536, 0.0514, 0.0532, 0.0518, 0.0513,
         0.0534, 0.0508, 0.0528, 0.0506, 0.0551, 0.0518, 0.0517, 0.0555, 0.0519,
         0.0549],
        [0.0513, 0.0535, 0.0546, 0.0508, 0.0535, 0.0513, 0.0532, 0.0518, 0.0514,
         0.0533, 0.0506, 0.0528, 0.0506, 0.0552, 0.0518, 0.0517, 0.0555, 0.0520,
         0.0550],
        [0.0512, 0.0535, 0.0545, 0.0508, 0.0533, 0.0511, 0.0532, 0.0520, 0.0516,
         0.0532, 0.0505, 0.0528, 0.0504, 0.0554, 0.0517, 0.0518, 0.0557, 0.0519,
         0.0551],
        [0.0512, 0.0534, 0.0545, 0.0507, 0.0533, 0.0512, 0.0532, 0.0521, 0.0514,
         0.0532, 0.0506, 0.0529, 0.0504, 0.0555, 0.0517, 0.0519, 0.0558, 0.0519,
         0.0551]], device='cuda:0', grad_fn=<SliceBackward0>)
Softmax output at epoch 1: tensor([[0.0513, 0.0534, 0.0547, 0.0505, 0.0535, 0.0514, 0.0532, 0.0517, 0.0513,
         0.0535, 0.0508, 0.0528, 0.0507, 0.0552, 0.0517, 0.0519, 0.0556, 0.0519,
         0.0549],
        [0.0514, 0.0535, 0.0547, 0.0507, 0.0536, 0.0514, 0.0532, 0.0518, 0.0513,
         0.0534, 0.0508, 0.0528, 0.0506, 0.0551, 0.0518, 0.0517, 0.0555, 0.0519,
         0.0549],
        [0.0513, 0.0535, 0.0546, 0.0508, 0.0535, 0.0513, 0.0532, 0.0518, 0.0514,
         0.0533, 0.0506, 0.0528, 0.0506, 0.0552, 0.0518, 0.0517, 0.0555, 0.0520,
         0.0550],
        [0.0513, 0.0535, 0.0545, 0.0508, 0.0533, 0.0511, 0.0532, 0.0520, 0.0516,
         0.0532, 0.0505, 0.0528, 0.0504, 0.0554, 0.0517, 0.0518, 0.0557, 0.0519,
         0.0551],
        [0.0512, 0.0534, 0.0545, 0.0507, 0.0533, 0.0512, 0.0532, 0.0521, 0.0514,
         0.0532, 0.0506, 0.0529, 0.0504, 0.0555, 0.0517, 0.0519, 0.0558, 0.0519,
         0.0551]], device='cuda:1', grad_fn=<SliceBackward0>)
pt values at epoch 1: tensor([0.0513, 0.0513, 0.0513, 0.0512, 0.0512], device='cuda:2',
       grad_fn=<SliceBackward0>)
pt values at epoch 1: tensor([0.0513, 0.0514, 0.0514, 0.0513, 0.0512], device='cuda:3',
       grad_fn=<SliceBackward0>)
pt values at epoch 1: tensor([0.0513, 0.0514, 0.0513, 0.0512, 0.0512], device='cuda:0',
       grad_fn=<SliceBackward0>)
pt values at epoch 1: tensor([0.0513, 0.0514, 0.0513, 0.0513, 0.0512], device='cuda:1',
       grad_fn=<SliceBackward0>)
Layer conv1.att_src grad: 3.581085623351188e-13Layer conv1.att_src grad: 3.581085623351188e-13Layer conv1.att_src grad: 3.581085623351188e-13Layer conv1.att_src grad: 3.581085623351188e-13



Layer conv1.att_dst grad: 5.853723149246539e-15Layer conv1.att_dst grad: 5.853723149246539e-15Layer conv1.att_dst grad: 5.853723149246539e-15Layer conv1.att_dst grad: 5.853723149246539e-15



Layer conv1.bias grad: 5.954085002812803e-10Layer conv1.bias grad: 5.954085002812803e-10
Layer conv1.bias grad: 5.954085002812803e-10
Layer conv1.bias grad: 5.954085002812803e-10

Layer conv1.lin.weight grad: 3.064245246431341e-10
Layer conv1.lin.weight grad: 3.064245246431341e-10
Layer conv1.lin.weight grad: 3.064245246431341e-10Layer conv1.lin.weight grad: 3.064245246431341e-10

Layer conv2.att_src grad: 5.217104417747087e-13
Layer conv2.att_src grad: 5.217104417747087e-13
Layer conv2.att_src grad: 5.217104417747087e-13Layer conv2.att_src grad: 5.217104417747087e-13

Layer conv2.att_dst grad: 2.896300278602826e-13
Layer conv2.att_dst grad: 2.896300278602826e-13
Layer conv2.att_dst grad: 2.896300278602826e-13Layer conv2.att_dst grad: 2.896300278602826e-13

Layer conv2.bias grad: 7.681059122077727e-10
Layer conv2.bias grad: 7.681059122077727e-10
Layer conv2.bias grad: 7.681059122077727e-10Layer conv2.bias grad: 7.681059122077727e-10

Layer conv2.lin.weight grad: 3.329988368383496e-11Layer conv2.lin.weight grad: 3.329988368383496e-11

Layer conv2.lin.weight grad: 3.329988368383496e-11Layer conv2.lin.weight grad: 3.329988368383496e-11

Layer conv3.att_src grad: 5.896560366716597e-13Layer conv3.att_src grad: 5.896560366716597e-13

Layer conv3.att_src grad: 5.896560366716597e-13Layer conv3.att_src grad: 5.896560366716597e-13

Layer conv3.att_dst grad: 1.8933240934250473e-13Layer conv3.att_dst grad: 1.8933240934250473e-13

Layer conv3.att_dst grad: 1.8933240934250473e-13Layer conv3.att_dst grad: 1.8933240934250473e-13

Layer conv3.bias grad: 1.8288082159756414e-09Layer conv3.bias grad: 1.8288082159756414e-09

Layer conv3.bias grad: 1.8288082159756414e-09Layer conv3.bias grad: 1.8288082159756414e-09

Layer conv3.lin.weight grad: 3.471439108393426e-11Layer conv3.lin.weight grad: 3.471439108393426e-11

Layer conv3.lin.weight grad: 3.471439108393426e-11Layer conv3.lin.weight grad: 3.471439108393426e-11

Layer conv4.att_src grad: 3.8659537810598055e-13Layer conv4.att_src grad: 3.8659537810598055e-13

Layer conv4.att_src grad: 3.8659537810598055e-13Layer conv4.att_src grad: 3.8659537810598055e-13

Layer conv4.att_dst grad: 1.8813375607818622e-13Layer conv4.att_dst grad: 1.8813375607818622e-13

Layer conv4.att_dst grad: 1.8813375607818622e-13Layer conv4.att_dst grad: 1.8813375607818622e-13

Layer conv4.bias grad: 2.8225852766183834e-09Layer conv4.bias grad: 2.8225852766183834e-09

Layer conv4.bias grad: 2.8225852766183834e-09Layer conv4.bias grad: 2.8225852766183834e-09

Layer conv4.lin.weight grad: 4.363776701099553e-11Layer conv4.lin.weight grad: 4.363776701099553e-11

Layer conv4.lin.weight grad: 4.363776701099553e-11Layer conv4.lin.weight grad: 4.363776701099553e-11

Layer fc.weight grad: 3.7622921444935287e-10Layer fc.weight grad: 3.7622921444935287e-10

Layer fc.weight grad: 3.7622921444935287e-10Layer fc.weight grad: 3.7622921444935287e-10

Layer fc.bias grad: 4.28452651135558e-08Layer fc.bias grad: 4.28452651135558e-08

Layer fc.bias grad: 4.28452651135558e-08Layer fc.bias grad: 4.28452651135558e-08

Softmax output at epoch 1: tensor([[0.0515, 0.0534, 0.0543, 0.0508, 0.0532, 0.0515, 0.0530, 0.0520, 0.0517,
         0.0530, 0.0510, 0.0527, 0.0508, 0.0549, 0.0520, 0.0519, 0.0553, 0.0523,
         0.0545],
        [0.0515, 0.0534, 0.0543, 0.0508, 0.0532, 0.0515, 0.0530, 0.0520, 0.0518,
         0.0530, 0.0510, 0.0528, 0.0508, 0.0549, 0.0519, 0.0520, 0.0554, 0.0523,
         0.0545],
        [0.0514, 0.0534, 0.0543, 0.0509, 0.0532, 0.0515, 0.0530, 0.0521, 0.0518,
         0.0529, 0.0510, 0.0529, 0.0508, 0.0548, 0.0520, 0.0520, 0.0554, 0.0522,
         0.0545],
        [0.0514, 0.0535, 0.0543, 0.0509, 0.0532, 0.0515, 0.0530, 0.0522, 0.0518,
         0.0530, 0.0509, 0.0528, 0.0508, 0.0547, 0.0520, 0.0520, 0.0553, 0.0522,
         0.0545],
        [0.0515, 0.0535, 0.0543, 0.0509, 0.0532, 0.0515, 0.0530, 0.0521, 0.0517,
         0.0531, 0.0509, 0.0528, 0.0508, 0.0548, 0.0520, 0.0520, 0.0554, 0.0522,
         0.0544]], device='cuda:2', grad_fn=<SliceBackward0>)
Softmax output at epoch 1: tensor([[0.0515, 0.0535, 0.0543, 0.0507, 0.0532, 0.0514, 0.0530, 0.0520, 0.0517,
         0.0531, 0.0510, 0.0527, 0.0508, 0.0550, 0.0520, 0.0519, 0.0553, 0.0524,
         0.0545],
        [0.0515, 0.0535, 0.0543, 0.0508, 0.0532, 0.0514, 0.0529, 0.0520, 0.0517,
         0.0530, 0.0510, 0.0528, 0.0508, 0.0549, 0.0519, 0.0520, 0.0553, 0.0523,
         0.0545],
        [0.0514, 0.0535, 0.0543, 0.0509, 0.0532, 0.0514, 0.0529, 0.0521, 0.0518,
         0.0530, 0.0510, 0.0529, 0.0508, 0.0548, 0.0520, 0.0520, 0.0554, 0.0522,
         0.0545],
        [0.0514, 0.0535, 0.0543, 0.0509, 0.0532, 0.0514, 0.0530, 0.0522, 0.0518,
         0.0531, 0.0509, 0.0528, 0.0508, 0.0547, 0.0520, 0.0520, 0.0553, 0.0521,
         0.0545],
        [0.0515, 0.0535, 0.0543, 0.0509, 0.0532, 0.0515, 0.0529, 0.0522, 0.0517,
         0.0532, 0.0509, 0.0528, 0.0509, 0.0548, 0.0520, 0.0520, 0.0554, 0.0522,
         0.0544]], device='cuda:1', grad_fn=<SliceBackward0>)
pt values at epoch 1: tensor([0.0515, 0.0515, 0.0514, 0.0514, 0.0515], device='cuda:2',
       grad_fn=<SliceBackward0>)
pt values at epoch 1: tensor([0.0515, 0.0515, 0.0514, 0.0514, 0.0515], device='cuda:1',
       grad_fn=<SliceBackward0>)
Softmax output at epoch 1: tensor([[0.0515, 0.0534, 0.0543, 0.0508, 0.0532, 0.0515, 0.0530, 0.0520, 0.0517,
         0.0530, 0.0510, 0.0527, 0.0508, 0.0549, 0.0520, 0.0519, 0.0553, 0.0523,
         0.0545],
        [0.0515, 0.0535, 0.0543, 0.0508, 0.0532, 0.0515, 0.0529, 0.0520, 0.0518,
         0.0530, 0.0510, 0.0528, 0.0508, 0.0549, 0.0519, 0.0520, 0.0554, 0.0523,
         0.0545],
        [0.0514, 0.0534, 0.0543, 0.0509, 0.0532, 0.0515, 0.0530, 0.0521, 0.0518,
         0.0529, 0.0510, 0.0529, 0.0508, 0.0548, 0.0520, 0.0520, 0.0554, 0.0522,
         0.0545],
        [0.0514, 0.0535, 0.0543, 0.0509, 0.0532, 0.0515, 0.0530, 0.0522, 0.0518,
         0.0530, 0.0509, 0.0528, 0.0508, 0.0547, 0.0520, 0.0520, 0.0553, 0.0521,
         0.0545],
        [0.0515, 0.0535, 0.0543, 0.0509, 0.0532, 0.0515, 0.0529, 0.0521, 0.0517,
         0.0531, 0.0509, 0.0528, 0.0508, 0.0548, 0.0520, 0.0520, 0.0554, 0.0522,
         0.0544]], device='cuda:3', grad_fn=<SliceBackward0>)
Softmax output at epoch 1: tensor([[0.0515, 0.0534, 0.0543, 0.0508, 0.0532, 0.0515, 0.0530, 0.0520, 0.0517,
         0.0531, 0.0510, 0.0527, 0.0508, 0.0550, 0.0520, 0.0519, 0.0553, 0.0523,
         0.0545],
        [0.0515, 0.0535, 0.0543, 0.0508, 0.0532, 0.0515, 0.0529, 0.0520, 0.0518,
         0.0530, 0.0510, 0.0528, 0.0508, 0.0549, 0.0519, 0.0520, 0.0554, 0.0523,
         0.0545],
        [0.0514, 0.0535, 0.0543, 0.0509, 0.0532, 0.0515, 0.0530, 0.0521, 0.0518,
         0.0530, 0.0510, 0.0529, 0.0508, 0.0548, 0.0520, 0.0520, 0.0554, 0.0522,
         0.0545],
        [0.0514, 0.0535, 0.0543, 0.0509, 0.0532, 0.0515, 0.0530, 0.0522, 0.0518,
         0.0530, 0.0509, 0.0528, 0.0508, 0.0547, 0.0520, 0.0520, 0.0553, 0.0521,
         0.0545],
        [0.0515, 0.0535, 0.0543, 0.0509, 0.0532, 0.0515, 0.0529, 0.0521, 0.0517,
         0.0531, 0.0509, 0.0528, 0.0508, 0.0548, 0.0520, 0.0520, 0.0554, 0.0522,
         0.0544]], device='cuda:0', grad_fn=<SliceBackward0>)
pt values at epoch 1: tensor([0.0515, 0.0515, 0.0514, 0.0514, 0.0515], device='cuda:3',
       grad_fn=<SliceBackward0>)
pt values at epoch 1: tensor([0.0515, 0.0515, 0.0514, 0.0514, 0.0515], device='cuda:0',
       grad_fn=<SliceBackward0>)
Layer conv1.att_src grad: 3.89992996664007e-13Layer conv1.att_src grad: 3.89992996664007e-13Layer conv1.att_src grad: 3.89992996664007e-13
Layer conv1.att_src grad: 3.89992996664007e-13


Layer conv1.att_dst grad: 2.0430465180959825e-14
Layer conv1.att_dst grad: 2.0430465180959825e-14Layer conv1.att_dst grad: 2.0430465180959825e-14Layer conv1.att_dst grad: 2.0430465180959825e-14


Layer conv1.bias grad: 3.5647107488046004e-10
Layer conv1.bias grad: 3.5647107488046004e-10Layer conv1.bias grad: 3.5647107488046004e-10
Layer conv1.bias grad: 3.5647107488046004e-10

Layer conv1.lin.weight grad: 2.068989146675193e-10
Layer conv1.lin.weight grad: 2.068989146675193e-10
Layer conv1.lin.weight grad: 2.068989146675193e-10Layer conv1.lin.weight grad: 2.068989146675193e-10

Layer conv2.att_src grad: 3.073223641715528e-13
Layer conv2.att_src grad: 3.073223641715528e-13
Layer conv2.att_src grad: 3.073223641715528e-13Layer conv2.att_src grad: 3.073223641715528e-13

Layer conv2.att_dst grad: 1.7879151121853037e-13
Layer conv2.att_dst grad: 1.7879151121853037e-13
Layer conv2.att_dst grad: 1.7879151121853037e-13Layer conv2.att_dst grad: 1.7879151121853037e-13

Layer conv2.bias grad: 5.497951538480095e-10
Layer conv2.bias grad: 5.497951538480095e-10
Layer conv2.bias grad: 5.497951538480095e-10Layer conv2.bias grad: 5.497951538480095e-10

Layer conv2.lin.weight grad: 2.3017790798385285e-11
Layer conv2.lin.weight grad: 2.3017790798385285e-11
Layer conv2.lin.weight grad: 2.3017790798385285e-11Layer conv2.lin.weight grad: 2.3017790798385285e-11

Layer conv3.att_src grad: 3.3914865815894146e-13
Layer conv3.att_src grad: 3.3914865815894146e-13
Layer conv3.att_src grad: 3.3914865815894146e-13Layer conv3.att_dst grad: 1.4383150703442538e-13Layer conv3.att_src grad: 3.3914865815894146e-13


Layer conv3.att_dst grad: 1.4383150703442538e-13
Layer conv3.att_dst grad: 1.4383150703442538e-13Layer conv3.bias grad: 1.5718659707175675e-09
Layer conv3.att_dst grad: 1.4383150703442538e-13

Layer conv3.bias grad: 1.5718659707175675e-09
Layer conv3.bias grad: 1.5718659707175675e-09
Layer conv3.bias grad: 1.5718659707175675e-09
Layer conv3.lin.weight grad: 2.7821593986954163e-11
Layer conv3.lin.weight grad: 2.7821593986954163e-11
Layer conv3.lin.weight grad: 2.7821593986954163e-11
Layer conv3.lin.weight grad: 2.7821593986954163e-11Layer conv4.att_src grad: 1.8262968177681915e-13

Layer conv4.att_src grad: 1.8262968177681915e-13
Layer conv4.att_src grad: 1.8262968177681915e-13
Layer conv4.att_dst grad: 9.641290858123513e-14Layer conv4.att_src grad: 1.8262968177681915e-13

Layer conv4.att_dst grad: 9.641290858123513e-14
Layer conv4.att_dst grad: 9.641290858123513e-14
Layer conv4.bias grad: 2.819281252897099e-09Layer conv4.att_dst grad: 9.641290858123513e-14

Layer conv4.bias grad: 2.819281252897099e-09
Layer conv4.bias grad: 2.819281252897099e-09
Layer conv4.bias grad: 2.819281252897099e-09Layer conv4.lin.weight grad: 3.808592330400984e-11

Layer conv4.lin.weight grad: 3.808592330400984e-11
Layer conv4.lin.weight grad: 3.808592330400984e-11
Layer fc.weight grad: 3.884048915825389e-10Layer conv4.lin.weight grad: 3.808592330400984e-11Layer fc.weight grad: 3.884048915825389e-10


Layer fc.weight grad: 3.884048915825389e-10
Layer fc.bias grad: 4.917239948554197e-08
Layer fc.bias grad: 4.917239948554197e-08Layer fc.weight grad: 3.884048915825389e-10

Layer fc.bias grad: 4.917239948554197e-08
Layer fc.bias grad: 4.917239948554197e-08
Softmax output at epoch 1: tensor([[0.0518, 0.0533, 0.0539, 0.0510, 0.0528, 0.0518, 0.0529, 0.0523, 0.0519,
         0.0530, 0.0511, 0.0530, 0.0510, 0.0545, 0.0520, 0.0521, 0.0550, 0.0525,
         0.0541],
        [0.0518, 0.0533, 0.0540, 0.0510, 0.0528, 0.0518, 0.0529, 0.0523, 0.0519,
         0.0530, 0.0511, 0.0530, 0.0511, 0.0545, 0.0520, 0.0521, 0.0549, 0.0525,
         0.0541],
        [0.0517, 0.0534, 0.0539, 0.0509, 0.0529, 0.0519, 0.0529, 0.0523, 0.0520,
         0.0530, 0.0511, 0.0529, 0.0511, 0.0545, 0.0520, 0.0521, 0.0549, 0.0525,
         0.0541],
        [0.0516, 0.0534, 0.0540, 0.0509, 0.0529, 0.0519, 0.0529, 0.0523, 0.0520,
         0.0530, 0.0511, 0.0528, 0.0511, 0.0544, 0.0521, 0.0520, 0.0549, 0.0525,
         0.0541],
        [0.0516, 0.0534, 0.0540, 0.0510, 0.0529, 0.0519, 0.0528, 0.0523, 0.0519,
         0.0530, 0.0512, 0.0528, 0.0511, 0.0545, 0.0520, 0.0520, 0.0549, 0.0525,
         0.0541]], device='cuda:0', grad_fn=<SliceBackward0>)
Softmax output at epoch 1: tensor([[0.0517, 0.0533, 0.0539, 0.0510, 0.0528, 0.0518, 0.0529, 0.0523, 0.0519,
         0.0530, 0.0511, 0.0530, 0.0510, 0.0545, 0.0520, 0.0521, 0.0550, 0.0525,
         0.0541],
        [0.0517, 0.0533, 0.0540, 0.0510, 0.0528, 0.0518, 0.0529, 0.0523, 0.0520,
         0.0530, 0.0511, 0.0530, 0.0511, 0.0545, 0.0520, 0.0521, 0.0549, 0.0525,
         0.0541],
        [0.0517, 0.0534, 0.0539, 0.0509, 0.0529, 0.0519, 0.0529, 0.0523, 0.0520,
         0.0530, 0.0511, 0.0529, 0.0511, 0.0545, 0.0520, 0.0521, 0.0549, 0.0525,
         0.0541],
        [0.0516, 0.0534, 0.0540, 0.0509, 0.0529, 0.0519, 0.0529, 0.0523, 0.0520,
         0.0530, 0.0511, 0.0528, 0.0511, 0.0544, 0.0521, 0.0520, 0.0549, 0.0525,
         0.0541],
        [0.0516, 0.0534, 0.0540, 0.0510, 0.0529, 0.0519, 0.0528, 0.0523, 0.0519,
         0.0530, 0.0512, 0.0528, 0.0511, 0.0545, 0.0521, 0.0520, 0.0549, 0.0525,
         0.0541]], device='cuda:2', grad_fn=<SliceBackward0>)
Softmax output at epoch 1: tensor([[0.0517, 0.0533, 0.0539, 0.0510, 0.0528, 0.0518, 0.0529, 0.0523, 0.0519,
         0.0530, 0.0511, 0.0530, 0.0510, 0.0545, 0.0521, 0.0521, 0.0550, 0.0525,
         0.0541],
        [0.0517, 0.0533, 0.0540, 0.0510, 0.0528, 0.0518, 0.0529, 0.0523, 0.0520,
         0.0529, 0.0511, 0.0529, 0.0511, 0.0545, 0.0520, 0.0521, 0.0549, 0.0525,
         0.0541],
        [0.0517, 0.0534, 0.0539, 0.0509, 0.0529, 0.0519, 0.0529, 0.0523, 0.0520,
         0.0529, 0.0511, 0.0529, 0.0511, 0.0545, 0.0520, 0.0521, 0.0549, 0.0525,
         0.0541],
        [0.0516, 0.0534, 0.0540, 0.0510, 0.0529, 0.0519, 0.0529, 0.0523, 0.0520,
         0.0530, 0.0511, 0.0529, 0.0511, 0.0544, 0.0521, 0.0520, 0.0549, 0.0525,
         0.0541],
        [0.0516, 0.0534, 0.0540, 0.0510, 0.0529, 0.0519, 0.0529, 0.0523, 0.0519,
         0.0530, 0.0512, 0.0528, 0.0511, 0.0545, 0.0521, 0.0520, 0.0549, 0.0525,
         0.0541]], device='cuda:3', grad_fn=<SliceBackward0>)
pt values at epoch 1: tensor([0.0518, 0.0518, 0.0517, 0.0516, 0.0516], device='cuda:0',
       grad_fn=<SliceBackward0>)
pt values at epoch 1: tensor([0.0517, 0.0517, 0.0517, 0.0516, 0.0516], device='cuda:2',
       grad_fn=<SliceBackward0>)
pt values at epoch 1: tensor([0.0517, 0.0517, 0.0517, 0.0516, 0.0516], device='cuda:3',
       grad_fn=<SliceBackward0>)
Softmax output at epoch 1: tensor([[0.0517, 0.0533, 0.0539, 0.0510, 0.0528, 0.0518, 0.0529, 0.0523, 0.0519,
         0.0530, 0.0511, 0.0530, 0.0510, 0.0545, 0.0520, 0.0521, 0.0550, 0.0525,
         0.0541],
        [0.0518, 0.0533, 0.0540, 0.0510, 0.0528, 0.0518, 0.0529, 0.0523, 0.0519,
         0.0530, 0.0511, 0.0530, 0.0511, 0.0545, 0.0520, 0.0521, 0.0549, 0.0525,
         0.0541],
        [0.0517, 0.0534, 0.0539, 0.0509, 0.0529, 0.0519, 0.0529, 0.0523, 0.0520,
         0.0530, 0.0511, 0.0529, 0.0511, 0.0545, 0.0520, 0.0521, 0.0549, 0.0525,
         0.0541],
        [0.0516, 0.0534, 0.0540, 0.0509, 0.0529, 0.0519, 0.0529, 0.0523, 0.0520,
         0.0530, 0.0511, 0.0528, 0.0511, 0.0544, 0.0521, 0.0520, 0.0549, 0.0525,
         0.0541],
        [0.0516, 0.0534, 0.0540, 0.0510, 0.0529, 0.0519, 0.0528, 0.0523, 0.0519,
         0.0530, 0.0512, 0.0528, 0.0511, 0.0545, 0.0520, 0.0520, 0.0549, 0.0525,
         0.0541]], device='cuda:1', grad_fn=<SliceBackward0>)
pt values at epoch 1: tensor([0.0517, 0.0518, 0.0517, 0.0516, 0.0516], device='cuda:1',
       grad_fn=<SliceBackward0>)
Layer conv1.att_src grad: 3.745001541950038e-13Layer conv1.att_src grad: 3.745001541950038e-13Layer conv1.att_src grad: 3.745001541950038e-13
Layer conv1.att_src grad: 3.745001541950038e-13


Layer conv1.att_dst grad: 2.945576047614848e-14
Layer conv1.att_dst grad: 2.945576047614848e-14Layer conv1.att_dst grad: 2.945576047614848e-14Layer conv1.att_dst grad: 2.945576047614848e-14


Layer conv1.bias grad: 2.586024727690983e-10
Layer conv1.bias grad: 2.586024727690983e-10Layer conv1.bias grad: 2.586024727690983e-10Layer conv1.bias grad: 2.586024727690983e-10


Layer conv1.lin.weight grad: 1.4705550666072043e-10
Layer conv1.lin.weight grad: 1.4705550666072043e-10Layer conv1.lin.weight grad: 1.4705550666072043e-10Layer conv1.lin.weight grad: 1.4705550666072043e-10


Layer conv2.att_src grad: 1.6286654642115594e-13
Layer conv2.att_src grad: 1.6286654642115594e-13Layer conv2.att_src grad: 1.6286654642115594e-13Layer conv2.att_src grad: 1.6286654642115594e-13


Layer conv2.att_dst grad: 7.971870911874582e-14
Layer conv2.att_dst grad: 7.971870911874582e-14Layer conv2.att_dst grad: 7.971870911874582e-14Layer conv2.att_dst grad: 7.971870911874582e-14

Layer conv2.bias grad: 4.461002123257174e-10

Layer conv2.bias grad: 4.461002123257174e-10Layer conv2.bias grad: 4.461002123257174e-10
Layer conv2.bias grad: 4.461002123257174e-10

Layer conv2.lin.weight grad: 1.743982736002181e-11
Layer conv2.lin.weight grad: 1.743982736002181e-11
Layer conv2.lin.weight grad: 1.743982736002181e-11Layer conv2.lin.weight grad: 1.743982736002181e-11

Layer conv3.att_src grad: 1.2623276447569498e-13
Layer conv3.att_src grad: 1.2623276447569498e-13
Layer conv3.att_src grad: 1.2623276447569498e-13Layer conv3.att_src grad: 1.2623276447569498e-13Layer conv3.att_dst grad: 3.117833411152987e-14


Layer conv3.att_dst grad: 3.117833411152987e-14
Layer conv3.att_dst grad: 3.117833411152987e-14Layer conv3.att_dst grad: 3.117833411152987e-14
Layer conv3.bias grad: 1.3279297661483724e-09

Layer conv3.bias grad: 1.3279297661483724e-09
Layer conv3.bias grad: 1.3279297661483724e-09
Layer conv3.bias grad: 1.3279297661483724e-09
Layer conv3.lin.weight grad: 1.8878971302926928e-11
Layer conv3.lin.weight grad: 1.8878971302926928e-11
Layer conv3.lin.weight grad: 1.8878971302926928e-11
Layer conv3.lin.weight grad: 1.8878971302926928e-11
Layer conv4.att_src grad: 7.870322503520516e-14
Layer conv4.att_src grad: 7.870322503520516e-14
Layer conv4.att_src grad: 7.870322503520516e-14
Layer conv4.att_src grad: 7.870322503520516e-14Layer conv4.att_dst grad: 4.2555531581250916e-14

Layer conv4.att_dst grad: 4.2555531581250916e-14
Layer conv4.att_dst grad: 4.2555531581250916e-14
Layer conv4.att_dst grad: 4.2555531581250916e-14
Layer conv4.bias grad: 2.8553481801196767e-09
Layer conv4.bias grad: 2.8553481801196767e-09
Layer conv4.bias grad: 2.8553481801196767e-09
Layer conv4.bias grad: 2.8553481801196767e-09
Layer conv4.lin.weight grad: 2.61689489522432e-11
Layer conv4.lin.weight grad: 2.61689489522432e-11
Layer conv4.lin.weight grad: 2.61689489522432e-11
Layer conv4.lin.weight grad: 2.61689489522432e-11
Layer fc.weight grad: 2.764039830349674e-10
Layer fc.weight grad: 2.764039830349674e-10
Layer fc.weight grad: 2.764039830349674e-10
Layer fc.weight grad: 2.764039830349674e-10
Layer fc.bias grad: 5.803123670489185e-08
Layer fc.bias grad: 5.803123670489185e-08
Layer fc.bias grad: 5.803123670489185e-08
Layer fc.bias grad: 5.803123670489185e-08
Softmax output at epoch 1: tensor([[0.0518, 0.0532, 0.0537, 0.0511, 0.0526, 0.0521, 0.0527, 0.0525, 0.0521,
         0.0530, 0.0513, 0.0529, 0.0513, 0.0542, 0.0523, 0.0522, 0.0545, 0.0527,
         0.0538],
        [0.0518, 0.0532, 0.0537, 0.0511, 0.0526, 0.0521, 0.0527, 0.0525, 0.0521,
         0.0530, 0.0513, 0.0529, 0.0513, 0.0542, 0.0523, 0.0522, 0.0545, 0.0527,
         0.0538],
        [0.0518, 0.0532, 0.0537, 0.0511, 0.0526, 0.0521, 0.0528, 0.0525, 0.0521,
         0.0530, 0.0513, 0.0529, 0.0513, 0.0542, 0.0523, 0.0521, 0.0545, 0.0527,
         0.0538],
        [0.0518, 0.0532, 0.0537, 0.0512, 0.0526, 0.0522, 0.0527, 0.0524, 0.0521,
         0.0530, 0.0513, 0.0529, 0.0513, 0.0542, 0.0523, 0.0522, 0.0545, 0.0527,
         0.0538],
        [0.0518, 0.0532, 0.0537, 0.0511, 0.0526, 0.0521, 0.0527, 0.0525, 0.0521,
         0.0530, 0.0514, 0.0529, 0.0513, 0.0542, 0.0522, 0.0521, 0.0545, 0.0527,
         0.0538]], device='cuda:1', grad_fn=<SliceBackward0>)
Softmax output at epoch 1: tensor([[0.0518, 0.0533, 0.0537, 0.0511, 0.0526, 0.0521, 0.0527, 0.0525, 0.0521,
         0.0531, 0.0513, 0.0529, 0.0513, 0.0542, 0.0523, 0.0522, 0.0545, 0.0527,
         0.0538],
        [0.0518, 0.0532, 0.0537, 0.0511, 0.0526, 0.0521, 0.0527, 0.0525, 0.0521,
         0.0530, 0.0513, 0.0529, 0.0513, 0.0542, 0.0523, 0.0522, 0.0545, 0.0528,
         0.0538],
        [0.0518, 0.0532, 0.0537, 0.0511, 0.0526, 0.0521, 0.0528, 0.0525, 0.0521,
         0.0530, 0.0513, 0.0529, 0.0513, 0.0542, 0.0523, 0.0521, 0.0545, 0.0527,
         0.0538],
        [0.0518, 0.0532, 0.0537, 0.0512, 0.0526, 0.0522, 0.0527, 0.0524, 0.0521,
         0.0530, 0.0513, 0.0529, 0.0513, 0.0542, 0.0523, 0.0521, 0.0545, 0.0527,
         0.0538],
        [0.0518, 0.0532, 0.0537, 0.0511, 0.0526, 0.0521, 0.0527, 0.0525, 0.0521,
         0.0530, 0.0513, 0.0529, 0.0513, 0.0542, 0.0522, 0.0521, 0.0545, 0.0527,
         0.0538]], device='cuda:2', grad_fn=<SliceBackward0>)Softmax output at epoch 1: tensor([[0.0518, 0.0532, 0.0537, 0.0511, 0.0526, 0.0521, 0.0527, 0.0525, 0.0521,
         0.0530, 0.0513, 0.0529, 0.0513, 0.0542, 0.0523, 0.0522, 0.0545, 0.0527,
         0.0538],
        [0.0518, 0.0532, 0.0537, 0.0511, 0.0526, 0.0521, 0.0528, 0.0525, 0.0521,
         0.0530, 0.0513, 0.0529, 0.0513, 0.0542, 0.0523, 0.0522, 0.0545, 0.0527,
         0.0538],
        [0.0518, 0.0532, 0.0537, 0.0511, 0.0526, 0.0521, 0.0528, 0.0525, 0.0521,
         0.0530, 0.0513, 0.0529, 0.0513, 0.0542, 0.0523, 0.0521, 0.0545, 0.0527,
         0.0538],
        [0.0518, 0.0532, 0.0537, 0.0512, 0.0526, 0.0522, 0.0527, 0.0524, 0.0521,
         0.0530, 0.0513, 0.0529, 0.0513, 0.0542, 0.0523, 0.0522, 0.0545, 0.0527,
         0.0538],
        [0.0518, 0.0532, 0.0537, 0.0511, 0.0526, 0.0521, 0.0527, 0.0525, 0.0521,
         0.0530, 0.0514, 0.0529, 0.0513, 0.0542, 0.0522, 0.0521, 0.0545, 0.0527,
         0.0538]], device='cuda:3', grad_fn=<SliceBackward0>)

Softmax output at epoch 1: tensor([[0.0518, 0.0532, 0.0537, 0.0511, 0.0526, 0.0521, 0.0527, 0.0525, 0.0521,
         0.0530, 0.0513, 0.0529, 0.0513, 0.0542, 0.0523, 0.0522, 0.0545, 0.0527,
         0.0538],
        [0.0518, 0.0532, 0.0537, 0.0511, 0.0526, 0.0521, 0.0528, 0.0525, 0.0521,
         0.0530, 0.0513, 0.0529, 0.0513, 0.0542, 0.0523, 0.0522, 0.0545, 0.0527,
         0.0538],
        [0.0518, 0.0532, 0.0537, 0.0511, 0.0526, 0.0521, 0.0528, 0.0525, 0.0521,
         0.0530, 0.0513, 0.0529, 0.0513, 0.0542, 0.0523, 0.0522, 0.0545, 0.0527,
         0.0538],
        [0.0518, 0.0532, 0.0537, 0.0512, 0.0526, 0.0522, 0.0527, 0.0524, 0.0521,
         0.0530, 0.0514, 0.0529, 0.0513, 0.0542, 0.0523, 0.0522, 0.0545, 0.0527,
         0.0538],
        [0.0518, 0.0532, 0.0537, 0.0512, 0.0526, 0.0521, 0.0527, 0.0525, 0.0521,
         0.0530, 0.0514, 0.0529, 0.0513, 0.0542, 0.0523, 0.0521, 0.0545, 0.0527,
         0.0538]], device='cuda:0', grad_fn=<SliceBackward0>)
pt values at epoch 1: tensor([0.0518, 0.0518, 0.0518, 0.0518, 0.0518], device='cuda:1',
       grad_fn=<SliceBackward0>)
pt values at epoch 1: tensor([0.0518, 0.0518, 0.0518, 0.0518, 0.0518], device='cuda:2',
       grad_fn=<SliceBackward0>)
pt values at epoch 1: tensor([0.0518, 0.0518, 0.0518, 0.0518, 0.0518], device='cuda:3',
       grad_fn=<SliceBackward0>)
pt values at epoch 1: tensor([0.0518, 0.0518, 0.0518, 0.0518, 0.0518], device='cuda:0',
       grad_fn=<SliceBackward0>)
Layer conv1.att_src grad: 2.3111590766178303e-13Layer conv1.att_src grad: 2.3111590766178303e-13

Layer conv1.att_dst grad: 5.5383665996432477e-14Layer conv1.att_src grad: 2.3111590766178303e-13
Layer conv1.att_dst grad: 5.5383665996432477e-14

Layer conv1.bias grad: 5.941503955497751e-10
Layer conv1.bias grad: 5.941503955497751e-10
Layer conv1.att_dst grad: 5.5383665996432477e-14
Layer conv1.lin.weight grad: 3.165674944405339e-10
Layer conv1.bias grad: 5.941503955497751e-10Layer conv1.lin.weight grad: 3.165674944405339e-10

Layer conv2.att_src grad: 2.0196699672923868e-13
Layer conv2.att_src grad: 2.0196699672923868e-13Layer conv1.lin.weight grad: 3.165674944405339e-10

Layer conv2.att_dst grad: 1.1487374094489022e-13
Layer conv2.att_dst grad: 1.1487374094489022e-13
Layer conv2.bias grad: 1.1999525817429912e-09
Layer conv2.att_src grad: 2.0196699672923868e-13
Layer conv2.lin.weight grad: 4.040656698123257e-11
Layer conv2.bias grad: 1.1999525817429912e-09
Layer conv1.att_src grad: 2.3111590766178303e-13Layer conv3.att_src grad: 2.179919791770249e-13

Layer conv2.att_dst grad: 1.1487374094489022e-13
Layer conv3.att_dst grad: 8.000363067341143e-14
Layer conv3.bias grad: 4.246059948087577e-09
Layer conv2.lin.weight grad: 4.040656698123257e-11
Layer conv2.bias grad: 1.1999525817429912e-09
Layer conv3.lin.weight grad: 4.7351667725736846e-11Layer conv1.att_dst grad: 5.5383665996432477e-14

Layer conv4.att_src grad: 1.6869662676326225e-13
Layer conv3.att_src grad: 2.179919791770249e-13Layer conv4.att_dst grad: 6.604130220119742e-14

Layer conv1.bias grad: 5.941503955497751e-10Layer conv2.lin.weight grad: 4.040656698123257e-11

Layer conv4.bias grad: 7.917426714243447e-09
Layer conv4.lin.weight grad: 5.5811029409102986e-11
Layer conv3.att_dst grad: 8.000363067341143e-14
Layer fc.weight grad: 6.023814780320436e-10
Layer conv3.att_src grad: 2.179919791770249e-13
Layer conv1.lin.weight grad: 3.165674944405339e-10
Layer fc.bias grad: 1.60915959668273e-07
Layer conv3.bias grad: 4.246059948087577e-09
Layer conv3.att_dst grad: 8.000363067341143e-14
Layer conv2.att_src grad: 2.0196699672923868e-13
Layer conv3.lin.weight grad: 4.7351667725736846e-11
Layer conv3.bias grad: 4.246059948087577e-09
Layer conv2.att_dst grad: 1.1487374094489022e-13
Layer conv4.att_src grad: 1.6869662676326225e-13
Layer conv3.lin.weight grad: 4.7351667725736846e-11
Layer conv2.bias grad: 1.1999525817429912e-09
Layer conv4.att_dst grad: 6.604130220119742e-14
Layer conv4.att_src grad: 1.6869662676326225e-13
Layer conv2.lin.weight grad: 4.040656698123257e-11
Layer conv4.bias grad: 7.917426714243447e-09
Layer conv4.att_dst grad: 6.604130220119742e-14
Layer conv3.att_src grad: 2.179919791770249e-13
Layer conv4.lin.weight grad: 5.5811029409102986e-11
Layer conv4.bias grad: 7.917426714243447e-09
Layer conv3.att_dst grad: 8.000363067341143e-14
Layer fc.weight grad: 6.023814780320436e-10
Layer conv4.lin.weight grad: 5.5811029409102986e-11
Layer conv3.bias grad: 4.246059948087577e-09
Layer fc.bias grad: 1.60915959668273e-07
Layer fc.weight grad: 6.023814780320436e-10
Layer conv3.lin.weight grad: 4.7351667725736846e-11
Layer fc.bias grad: 1.60915959668273e-07
Layer conv4.att_src grad: 1.6869662676326225e-13
Layer conv4.att_dst grad: 6.604130220119742e-14
Layer conv4.bias grad: 7.917426714243447e-09
Layer conv4.lin.weight grad: 5.5811029409102986e-11
Layer fc.weight grad: 6.023814780320436e-10
Layer fc.bias grad: 1.60915959668273e-07
Softmax output at epoch 2: tensor([[0.0520, 0.0530, 0.0533, 0.0513, 0.0525, 0.0523, 0.0526, 0.0527, 0.0522,
         0.0530, 0.0515, 0.0529, 0.0514, 0.0538, 0.0524, 0.0523, 0.0542, 0.0528,
         0.0535],
        [0.0520, 0.0530, 0.0534, 0.0513, 0.0525, 0.0523, 0.0526, 0.0527, 0.0523,
         0.0530, 0.0515, 0.0530, 0.0514, 0.0538, 0.0524, 0.0523, 0.0542, 0.0528,
         0.0535],
        [0.0520, 0.0530, 0.0534, 0.0513, 0.0525, 0.0523, 0.0526, 0.0527, 0.0523,
         0.0530, 0.0515, 0.0530, 0.0515, 0.0539, 0.0524, 0.0523, 0.0542, 0.0529,
         0.0535],
        [0.0520, 0.0530, 0.0534, 0.0513, 0.0525, 0.0523, 0.0526, 0.0526, 0.0523,
         0.0530, 0.0515, 0.0530, 0.0515, 0.0538, 0.0524, 0.0523, 0.0542, 0.0529,
         0.0535],
        [0.0520, 0.0530, 0.0534, 0.0513, 0.0525, 0.0523, 0.0526, 0.0526, 0.0523,
         0.0530, 0.0515, 0.0530, 0.0515, 0.0539, 0.0524, 0.0523, 0.0542, 0.0529,
         0.0535]], device='cuda:2', grad_fn=<SliceBackward0>)
Softmax output at epoch 2: tensor([[0.0520, 0.0530, 0.0533, 0.0513, 0.0525, 0.0523, 0.0526, 0.0527, 0.0522,
         0.0530, 0.0515, 0.0529, 0.0514, 0.0538, 0.0524, 0.0523, 0.0542, 0.0528,
         0.0535],
        [0.0520, 0.0530, 0.0534, 0.0513, 0.0525, 0.0523, 0.0526, 0.0527, 0.0523,
         0.0530, 0.0515, 0.0530, 0.0514, 0.0538, 0.0524, 0.0523, 0.0542, 0.0528,
         0.0535],
        [0.0520, 0.0530, 0.0534, 0.0513, 0.0525, 0.0523, 0.0526, 0.0527, 0.0523,
         0.0530, 0.0515, 0.0530, 0.0515, 0.0539, 0.0524, 0.0523, 0.0542, 0.0529,
         0.0535],
        [0.0520, 0.0530, 0.0534, 0.0513, 0.0525, 0.0523, 0.0526, 0.0526, 0.0523,
         0.0530, 0.0515, 0.0530, 0.0515, 0.0538, 0.0524, 0.0523, 0.0542, 0.0529,
         0.0535],
        [0.0520, 0.0530, 0.0534, 0.0513, 0.0525, 0.0523, 0.0526, 0.0526, 0.0523,
         0.0530, 0.0515, 0.0530, 0.0515, 0.0539, 0.0524, 0.0523, 0.0542, 0.0529,
         0.0535]], device='cuda:3', grad_fn=<SliceBackward0>)
Softmax output at epoch 2: tensor([[0.0520, 0.0530, 0.0533, 0.0513, 0.0525, 0.0523, 0.0526, 0.0527, 0.0522,
         0.0530, 0.0515, 0.0530, 0.0514, 0.0538, 0.0524, 0.0523, 0.0542, 0.0528,
         0.0535],
        [0.0520, 0.0530, 0.0534, 0.0513, 0.0525, 0.0523, 0.0526, 0.0527, 0.0523,
         0.0530, 0.0515, 0.0530, 0.0514, 0.0538, 0.0524, 0.0523, 0.0542, 0.0528,
         0.0535],
        [0.0520, 0.0530, 0.0534, 0.0513, 0.0525, 0.0523, 0.0526, 0.0527, 0.0523,
         0.0530, 0.0515, 0.0530, 0.0515, 0.0539, 0.0524, 0.0523, 0.0542, 0.0529,
         0.0535],
        [0.0520, 0.0530, 0.0534, 0.0513, 0.0525, 0.0523, 0.0526, 0.0526, 0.0523,
         0.0530, 0.0515, 0.0530, 0.0515, 0.0538, 0.0524, 0.0523, 0.0542, 0.0529,
         0.0535],
        [0.0520, 0.0530, 0.0534, 0.0513, 0.0525, 0.0523, 0.0526, 0.0526, 0.0523,
         0.0530, 0.0515, 0.0530, 0.0515, 0.0539, 0.0524, 0.0523, 0.0542, 0.0529,
         0.0535]], device='cuda:1', grad_fn=<SliceBackward0>)
pt values at epoch 2: tensor([0.0520, 0.0520, 0.0520, 0.0520, 0.0520], device='cuda:2',
       grad_fn=<SliceBackward0>)pt values at epoch 2: tensor([0.0520, 0.0520, 0.0520, 0.0520, 0.0520], device='cuda:3',
       grad_fn=<SliceBackward0>)

pt values at epoch 2: tensor([0.0520, 0.0520, 0.0520, 0.0520, 0.0520], device='cuda:1',
       grad_fn=<SliceBackward0>)
Precision: 0.0000, Recall: 0.0006, F1-Score: 0.0000
Fold 1, Epoch 1, Train Loss: 0.0000, Val Loss: 0.0000, Val Acc: 0.0004
Softmax output at epoch 2: tensor([[0.0520, 0.0530, 0.0533, 0.0513, 0.0525, 0.0523, 0.0526, 0.0526, 0.0523,
         0.0530, 0.0515, 0.0530, 0.0514, 0.0538, 0.0524, 0.0523, 0.0542, 0.0528,
         0.0535],
        [0.0520, 0.0530, 0.0534, 0.0513, 0.0525, 0.0523, 0.0526, 0.0526, 0.0523,
         0.0530, 0.0515, 0.0530, 0.0514, 0.0538, 0.0524, 0.0523, 0.0542, 0.0528,
         0.0535],
        [0.0520, 0.0530, 0.0534, 0.0513, 0.0525, 0.0523, 0.0526, 0.0526, 0.0523,
         0.0530, 0.0515, 0.0530, 0.0514, 0.0539, 0.0524, 0.0523, 0.0542, 0.0528,
         0.0535],
        [0.0520, 0.0530, 0.0534, 0.0513, 0.0525, 0.0523, 0.0526, 0.0526, 0.0523,
         0.0530, 0.0515, 0.0530, 0.0514, 0.0538, 0.0524, 0.0523, 0.0542, 0.0528,
         0.0535],
        [0.0520, 0.0530, 0.0534, 0.0513, 0.0525, 0.0523, 0.0526, 0.0526, 0.0523,
         0.0530, 0.0515, 0.0530, 0.0514, 0.0538, 0.0524, 0.0523, 0.0542, 0.0529,
         0.0535]], device='cuda:0', grad_fn=<SliceBackward0>)
pt values at epoch 2: tensor([0.0520, 0.0520, 0.0520, 0.0520, 0.0520], device='cuda:0',
       grad_fn=<SliceBackward0>)
Layer conv1.att_src grad: 7.73583942129813e-14Layer conv1.att_src grad: 7.73583942129813e-14Layer conv1.att_src grad: 7.73583942129813e-14Layer conv1.att_src grad: 7.73583942129813e-14



Layer conv1.att_dst grad: 1.9704944192186838e-14
Layer conv1.att_dst grad: 1.9704944192186838e-14Layer conv1.att_dst grad: 1.9704944192186838e-14
Layer conv1.att_dst grad: 1.9704944192186838e-14

Layer conv1.bias grad: 1.1750204975680134e-10
Layer conv1.bias grad: 1.1750204975680134e-10Layer conv1.bias grad: 1.1750204975680134e-10

Layer conv1.bias grad: 1.1750204975680134e-10
Layer conv1.lin.weight grad: 7.024221482243576e-11
Layer conv1.lin.weight grad: 7.024221482243576e-11Layer conv1.lin.weight grad: 7.024221482243576e-11

Layer conv1.lin.weight grad: 7.024221482243576e-11
Layer conv2.att_src grad: 2.5573835583936333e-14
Layer conv2.att_src grad: 2.5573835583936333e-14Layer conv2.att_src grad: 2.5573835583936333e-14

Layer conv2.att_src grad: 2.5573835583936333e-14
Layer conv2.att_dst grad: 8.719025122120444e-15
Layer conv2.att_dst grad: 8.719025122120444e-15Layer conv2.att_dst grad: 8.719025122120444e-15

Layer conv2.att_dst grad: 8.719025122120444e-15
Layer conv2.bias grad: 2.617411842820161e-10
Layer conv2.bias grad: 2.617411842820161e-10Layer conv2.bias grad: 2.617411842820161e-10

Layer conv2.bias grad: 2.617411842820161e-10
Layer conv2.lin.weight grad: 9.223399821678413e-12
Layer conv2.lin.weight grad: 9.223399821678413e-12
Layer conv2.lin.weight grad: 9.223399821678413e-12Layer conv2.lin.weight grad: 9.223399821678413e-12

Layer conv3.att_src grad: 2.4497177086879075e-14
Layer conv3.att_src grad: 2.4497177086879075e-14
Layer conv3.att_src grad: 2.4497177086879075e-14Layer conv3.att_src grad: 2.4497177086879075e-14Layer conv3.att_dst grad: 4.866943318222435e-15


Layer conv3.att_dst grad: 4.866943318222435e-15
Layer conv3.att_dst grad: 4.866943318222435e-15Layer conv3.att_dst grad: 4.866943318222435e-15

Layer conv3.bias grad: 9.36586030952924e-10
Layer conv3.bias grad: 9.36586030952924e-10
Layer conv3.bias grad: 9.36586030952924e-10Layer conv3.bias grad: 9.36586030952924e-10

Layer conv3.lin.weight grad: 9.986618303148287e-12
Layer conv3.lin.weight grad: 9.986618303148287e-12
Layer conv3.lin.weight grad: 9.986618303148287e-12Layer conv3.lin.weight grad: 9.986618303148287e-12
Layer conv4.att_src grad: 1.751767811754637e-14

Layer conv4.att_src grad: 1.751767811754637e-14
Layer conv4.att_src grad: 1.751767811754637e-14Layer conv4.att_dst grad: 1.0234407722339856e-14
Layer conv4.att_src grad: 1.751767811754637e-14

Layer conv4.att_dst grad: 1.0234407722339856e-14
Layer conv4.att_dst grad: 1.0234407722339856e-14
Layer conv4.bias grad: 1.8886368025050615e-09Layer conv4.att_dst grad: 1.0234407722339856e-14

Layer conv4.bias grad: 1.8886368025050615e-09
Layer conv4.bias grad: 1.8886368025050615e-09
Layer conv4.bias grad: 1.8886368025050615e-09
Layer conv4.lin.weight grad: 1.1066876581811158e-11
Layer conv4.lin.weight grad: 1.1066876581811158e-11
Layer conv4.lin.weight grad: 1.1066876581811158e-11
Layer conv4.lin.weight grad: 1.1066876581811158e-11Layer fc.weight grad: 1.4906625933619466e-10

Layer fc.weight grad: 1.4906625933619466e-10
Layer fc.weight grad: 1.4906625933619466e-10Layer fc.bias grad: 5.4609635924407485e-08
Layer fc.weight grad: 1.4906625933619466e-10Layer fc.bias grad: 5.4609635924407485e-08


Layer fc.bias grad: 5.4609635924407485e-08
Layer fc.bias grad: 5.4609635924407485e-08
Softmax output at epoch 2: tensor([[0.0521, 0.0529, 0.0531, 0.0515, 0.0524, 0.0525, 0.0524, 0.0528, 0.0525,
         0.0530, 0.0517, 0.0530, 0.0516, 0.0535, 0.0526, 0.0525, 0.0539, 0.0529,
         0.0532],
        [0.0521, 0.0529, 0.0531, 0.0515, 0.0524, 0.0525, 0.0524, 0.0528, 0.0525,
         0.0530, 0.0517, 0.0530, 0.0516, 0.0535, 0.0526, 0.0525, 0.0539, 0.0529,
         0.0532],
        [0.0521, 0.0528, 0.0531, 0.0515, 0.0524, 0.0525, 0.0524, 0.0528, 0.0525,
         0.0529, 0.0517, 0.0530, 0.0516, 0.0535, 0.0526, 0.0525, 0.0539, 0.0529,
         0.0532],
        [0.0521, 0.0528, 0.0531, 0.0515, 0.0524, 0.0525, 0.0524, 0.0528, 0.0525,
         0.0530, 0.0517, 0.0530, 0.0516, 0.0535, 0.0526, 0.0525, 0.0539, 0.0529,
         0.0532],
        [0.0521, 0.0529, 0.0531, 0.0515, 0.0524, 0.0525, 0.0524, 0.0528, 0.0525,
         0.0530, 0.0517, 0.0530, 0.0516, 0.0535, 0.0526, 0.0525, 0.0539, 0.0529,
         0.0532]], device='cuda:1', grad_fn=<SliceBackward0>)
Softmax output at epoch 2: tensor([[0.0521, 0.0529, 0.0531, 0.0515, 0.0524, 0.0525, 0.0524, 0.0528, 0.0525,
         0.0530, 0.0517, 0.0529, 0.0516, 0.0535, 0.0526, 0.0525, 0.0539, 0.0529,
         0.0532],
        [0.0521, 0.0529, 0.0531, 0.0515, 0.0524, 0.0525, 0.0524, 0.0528, 0.0525,
         0.0530, 0.0517, 0.0529, 0.0516, 0.0535, 0.0526, 0.0525, 0.0539, 0.0529,
         0.0532],
        [0.0521, 0.0528, 0.0531, 0.0515, 0.0524, 0.0525, 0.0524, 0.0528, 0.0525,
         0.0530, 0.0517, 0.0530, 0.0516, 0.0535, 0.0526, 0.0525, 0.0539, 0.0529,
         0.0532],
        [0.0521, 0.0528, 0.0531, 0.0515, 0.0524, 0.0525, 0.0524, 0.0528, 0.0525,
         0.0530, 0.0517, 0.0529, 0.0516, 0.0535, 0.0526, 0.0525, 0.0539, 0.0529,
         0.0532],
        [0.0521, 0.0528, 0.0531, 0.0515, 0.0524, 0.0525, 0.0524, 0.0528, 0.0525,
         0.0530, 0.0517, 0.0530, 0.0516, 0.0535, 0.0526, 0.0525, 0.0539, 0.0529,
         0.0532]], device='cuda:3', grad_fn=<SliceBackward0>)
Softmax output at epoch 2: tensor([[0.0521, 0.0529, 0.0531, 0.0515, 0.0524, 0.0525, 0.0524, 0.0528, 0.0525,
         0.0530, 0.0517, 0.0530, 0.0516, 0.0535, 0.0526, 0.0525, 0.0539, 0.0529,
         0.0532],
        [0.0521, 0.0529, 0.0531, 0.0515, 0.0524, 0.0525, 0.0524, 0.0528, 0.0525,
         0.0530, 0.0517, 0.0530, 0.0516, 0.0535, 0.0526, 0.0525, 0.0539, 0.0529,
         0.0532],
        [0.0521, 0.0528, 0.0531, 0.0515, 0.0524, 0.0525, 0.0524, 0.0528, 0.0525,
         0.0529, 0.0517, 0.0530, 0.0516, 0.0535, 0.0526, 0.0525, 0.0539, 0.0529,
         0.0532],
        [0.0521, 0.0528, 0.0531, 0.0515, 0.0524, 0.0525, 0.0524, 0.0528, 0.0525,
         0.0530, 0.0517, 0.0530, 0.0516, 0.0535, 0.0526, 0.0525, 0.0539, 0.0529,
         0.0532],
        [0.0521, 0.0529, 0.0531, 0.0515, 0.0524, 0.0525, 0.0524, 0.0528, 0.0525,
         0.0530, 0.0517, 0.0530, 0.0516, 0.0535, 0.0526, 0.0525, 0.0539, 0.0529,
         0.0532]], device='cuda:0', grad_fn=<SliceBackward0>)
Softmax output at epoch 2: tensor([[0.0521, 0.0529, 0.0531, 0.0515, 0.0524, 0.0525, 0.0524, 0.0528, 0.0525,
         0.0530, 0.0517, 0.0530, 0.0516, 0.0535, 0.0526, 0.0525, 0.0539, 0.0529,
         0.0532],
        [0.0521, 0.0529, 0.0531, 0.0515, 0.0524, 0.0525, 0.0524, 0.0528, 0.0525,
         0.0530, 0.0517, 0.0530, 0.0516, 0.0535, 0.0526, 0.0525, 0.0539, 0.0529,
         0.0532],
        [0.0521, 0.0528, 0.0531, 0.0515, 0.0524, 0.0525, 0.0524, 0.0528, 0.0525,
         0.0529, 0.0517, 0.0530, 0.0516, 0.0535, 0.0526, 0.0525, 0.0539, 0.0529,
         0.0532],
        [0.0521, 0.0528, 0.0531, 0.0515, 0.0524, 0.0525, 0.0524, 0.0528, 0.0525,
         0.0530, 0.0517, 0.0530, 0.0516, 0.0535, 0.0526, 0.0525, 0.0539, 0.0529,
         0.0532],
        [0.0521, 0.0529, 0.0531, 0.0515, 0.0524, 0.0525, 0.0524, 0.0528, 0.0525,
         0.0530, 0.0517, 0.0530, 0.0516, 0.0535, 0.0526, 0.0525, 0.0539, 0.0529,
         0.0532]], device='cuda:2', grad_fn=<SliceBackward0>)
pt values at epoch 2: tensor([0.0521, 0.0521, 0.0521, 0.0521, 0.0521], device='cuda:1',
       grad_fn=<SliceBackward0>)
pt values at epoch 2: tensor([0.0521, 0.0521, 0.0521, 0.0521, 0.0521], device='cuda:3',
       grad_fn=<SliceBackward0>)
pt values at epoch 2: tensor([0.0521, 0.0521, 0.0521, 0.0521, 0.0521], device='cuda:0',
       grad_fn=<SliceBackward0>)
pt values at epoch 2: tensor([0.0521, 0.0521, 0.0521, 0.0521, 0.0521], device='cuda:2',
       grad_fn=<SliceBackward0>)
Layer conv1.att_src grad: 1.7500764563655596e-14Layer conv1.att_src grad: 1.7500764563655596e-14Layer conv1.att_src grad: 1.7500764563655596e-14
Layer conv1.att_src grad: 1.7500764563655596e-14


Layer conv1.att_dst grad: 7.500455572113148e-15Layer conv1.att_dst grad: 7.500455572113148e-15Layer conv1.att_dst grad: 7.500455572113148e-15Layer conv1.att_dst grad: 7.500455572113148e-15



Layer conv1.bias grad: 6.261754309511147e-11Layer conv1.bias grad: 6.261754309511147e-11
Layer conv1.bias grad: 6.261754309511147e-11
Layer conv1.bias grad: 6.261754309511147e-11

Layer conv1.lin.weight grad: 3.650646798747381e-11
Layer conv1.lin.weight grad: 3.650646798747381e-11
Layer conv1.lin.weight grad: 3.650646798747381e-11Layer conv1.lin.weight grad: 3.650646798747381e-11

Layer conv2.att_src grad: 1.537485755571423e-14
Layer conv2.att_src grad: 1.537485755571423e-14
Layer conv2.att_src grad: 1.537485755571423e-14Layer conv2.att_src grad: 1.537485755571423e-14

Layer conv2.att_dst grad: 8.183229349137053e-15
Layer conv2.att_dst grad: 8.183229349137053e-15
Layer conv2.att_dst grad: 8.183229349137053e-15Layer conv2.att_dst grad: 8.183229349137053e-15

Layer conv2.bias grad: 1.6956760995334719e-10
Layer conv2.bias grad: 1.6956760995334719e-10
Layer conv2.bias grad: 1.6956760995334719e-10Layer conv2.bias grad: 1.6956760995334719e-10

Layer conv2.lin.weight grad: 5.423517537850309e-12
Layer conv2.lin.weight grad: 5.423517537850309e-12
Layer conv2.lin.weight grad: 5.423517537850309e-12Layer conv2.lin.weight grad: 5.423517537850309e-12

Layer conv3.att_src grad: 9.114332010472237e-15
Layer conv3.att_src grad: 9.114332010472237e-15
Layer conv3.att_src grad: 9.114332010472237e-15
Layer conv3.att_src grad: 9.114332010472237e-15
Layer conv3.att_dst grad: 2.229635509695075e-15
Layer conv3.att_dst grad: 2.229635509695075e-15
Layer conv3.att_dst grad: 2.229635509695075e-15
Layer conv3.att_dst grad: 2.229635509695075e-15
Layer conv3.bias grad: 7.404441504377246e-10
Layer conv3.bias grad: 7.404441504377246e-10
Layer conv3.bias grad: 7.404441504377246e-10
Layer conv3.bias grad: 7.404441504377246e-10
Layer conv3.lin.weight grad: 6.357456228123226e-12Layer conv3.lin.weight grad: 6.357456228123226e-12

Layer conv3.lin.weight grad: 6.357456228123226e-12
Layer conv3.lin.weight grad: 6.357456228123226e-12
Layer conv4.att_src grad: 8.946460244721802e-15Layer conv4.att_src grad: 8.946460244721802e-15

Layer conv4.att_src grad: 8.946460244721802e-15
Layer conv4.att_src grad: 8.946460244721802e-15
Layer conv4.att_dst grad: 5.109920224856488e-15Layer conv4.att_dst grad: 5.109920224856488e-15
Layer conv4.att_dst grad: 5.109920224856488e-15
Layer conv4.att_dst grad: 5.109920224856488e-15

Layer conv4.bias grad: 1.7927204165602006e-09
Layer conv4.bias grad: 1.7927204165602006e-09
Layer conv4.bias grad: 1.7927204165602006e-09Layer conv4.bias grad: 1.7927204165602006e-09

Layer conv4.lin.weight grad: 7.136672329488558e-12
Layer conv4.lin.weight grad: 7.136672329488558e-12
Layer conv4.lin.weight grad: 7.136672329488558e-12Layer conv4.lin.weight grad: 7.136672329488558e-12

Layer fc.weight grad: 9.53181630847233e-11
Layer fc.weight grad: 9.53181630847233e-11
Layer fc.weight grad: 9.53181630847233e-11Layer fc.weight grad: 9.53181630847233e-11

Layer fc.bias grad: 5.72553950917154e-08
Layer fc.bias grad: 5.72553950917154e-08
Layer fc.bias grad: 5.72553950917154e-08Layer fc.bias grad: 5.72553950917154e-08

Softmax output at epoch 2: tensor([[0.0523, 0.0527, 0.0528, 0.0517, 0.0524, 0.0526, 0.0524, 0.0529, 0.0527,
         0.0529, 0.0519, 0.0529, 0.0517, 0.0532, 0.0527, 0.0527, 0.0536, 0.0530,
         0.0529],
        [0.0523, 0.0527, 0.0528, 0.0517, 0.0524, 0.0526, 0.0524, 0.0529, 0.0527,
         0.0529, 0.0519, 0.0529, 0.0517, 0.0532, 0.0527, 0.0527, 0.0536, 0.0530,
         0.0529],
        [0.0523, 0.0527, 0.0528, 0.0517, 0.0524, 0.0526, 0.0524, 0.0529, 0.0527,
         0.0529, 0.0519, 0.0529, 0.0517, 0.0532, 0.0527, 0.0526, 0.0536, 0.0530,
         0.0529],
        [0.0523, 0.0527, 0.0528, 0.0517, 0.0524, 0.0526, 0.0524, 0.0529, 0.0526,
         0.0529, 0.0519, 0.0529, 0.0517, 0.0532, 0.0527, 0.0527, 0.0536, 0.0530,
         0.0529],
        [0.0523, 0.0527, 0.0528, 0.0517, 0.0524, 0.0526, 0.0524, 0.0529, 0.0526,
         0.0529, 0.0519, 0.0529, 0.0517, 0.0532, 0.0527, 0.0527, 0.0536, 0.0530,
         0.0529]], device='cuda:1', grad_fn=<SliceBackward0>)
Softmax output at epoch 2: tensor([[0.0523, 0.0527, 0.0528, 0.0517, 0.0524, 0.0526, 0.0524, 0.0529, 0.0527,
         0.0529, 0.0519, 0.0529, 0.0517, 0.0532, 0.0527, 0.0527, 0.0536, 0.0530,
         0.0529],
        [0.0523, 0.0527, 0.0528, 0.0517, 0.0524, 0.0526, 0.0524, 0.0529, 0.0527,
         0.0529, 0.0519, 0.0529, 0.0517, 0.0532, 0.0527, 0.0527, 0.0536, 0.0530,
         0.0529],
        [0.0523, 0.0527, 0.0528, 0.0517, 0.0524, 0.0526, 0.0524, 0.0529, 0.0527,
         0.0529, 0.0519, 0.0529, 0.0517, 0.0532, 0.0527, 0.0527, 0.0536, 0.0530,
         0.0529],
        [0.0523, 0.0527, 0.0528, 0.0517, 0.0524, 0.0526, 0.0524, 0.0529, 0.0527,
         0.0529, 0.0519, 0.0529, 0.0517, 0.0532, 0.0527, 0.0527, 0.0536, 0.0530,
         0.0529],
        [0.0523, 0.0527, 0.0528, 0.0517, 0.0524, 0.0526, 0.0524, 0.0529, 0.0527,
         0.0529, 0.0519, 0.0529, 0.0517, 0.0532, 0.0527, 0.0527, 0.0536, 0.0530,
         0.0529]], device='cuda:2', grad_fn=<SliceBackward0>)
Softmax output at epoch 2: tensor([[0.0523, 0.0527, 0.0528, 0.0517, 0.0524, 0.0526, 0.0524, 0.0529, 0.0527,
         0.0529, 0.0519, 0.0529, 0.0517, 0.0532, 0.0527, 0.0527, 0.0536, 0.0530,
         0.0529],
        [0.0523, 0.0527, 0.0528, 0.0517, 0.0524, 0.0526, 0.0524, 0.0529, 0.0527,
         0.0529, 0.0519, 0.0529, 0.0517, 0.0532, 0.0527, 0.0527, 0.0536, 0.0530,
         0.0529],
        [0.0523, 0.0527, 0.0528, 0.0517, 0.0524, 0.0526, 0.0524, 0.0529, 0.0527,
         0.0529, 0.0519, 0.0529, 0.0517, 0.0532, 0.0527, 0.0527, 0.0536, 0.0530,
         0.0529],
        [0.0523, 0.0527, 0.0528, 0.0517, 0.0524, 0.0526, 0.0524, 0.0529, 0.0527,
         0.0529, 0.0519, 0.0529, 0.0517, 0.0532, 0.0527, 0.0527, 0.0536, 0.0530,
         0.0529],
        [0.0523, 0.0527, 0.0528, 0.0517, 0.0524, 0.0526, 0.0524, 0.0529, 0.0527,
         0.0529, 0.0519, 0.0529, 0.0517, 0.0532, 0.0527, 0.0527, 0.0536, 0.0530,
         0.0529]], device='cuda:3', grad_fn=<SliceBackward0>)
Softmax output at epoch 2: tensor([[0.0523, 0.0527, 0.0528, 0.0517, 0.0524, 0.0526, 0.0524, 0.0529, 0.0527,
         0.0529, 0.0519, 0.0529, 0.0517, 0.0532, 0.0527, 0.0527, 0.0536, 0.0530,
         0.0529],
        [0.0523, 0.0527, 0.0528, 0.0517, 0.0524, 0.0526, 0.0524, 0.0529, 0.0527,
         0.0529, 0.0519, 0.0529, 0.0517, 0.0532, 0.0527, 0.0527, 0.0536, 0.0530,
         0.0529],
        [0.0523, 0.0527, 0.0528, 0.0517, 0.0524, 0.0526, 0.0524, 0.0529, 0.0527,
         0.0529, 0.0519, 0.0529, 0.0517, 0.0532, 0.0527, 0.0527, 0.0536, 0.0530,
         0.0529],
        [0.0523, 0.0527, 0.0528, 0.0517, 0.0524, 0.0526, 0.0524, 0.0529, 0.0527,
         0.0529, 0.0519, 0.0529, 0.0517, 0.0532, 0.0527, 0.0527, 0.0536, 0.0530,
         0.0529],
        [0.0523, 0.0527, 0.0528, 0.0517, 0.0524, 0.0526, 0.0524, 0.0529, 0.0527,
         0.0529, 0.0519, 0.0529, 0.0517, 0.0532, 0.0527, 0.0527, 0.0536, 0.0530,
         0.0529]], device='cuda:0', grad_fn=<SliceBackward0>)
pt values at epoch 2: tensor([0.0523, 0.0523, 0.0523, 0.0523, 0.0523], device='cuda:1',
       grad_fn=<SliceBackward0>)pt values at epoch 2: tensor([0.0523, 0.0523, 0.0523, 0.0523, 0.0523], device='cuda:2',
       grad_fn=<SliceBackward0>)

pt values at epoch 2: tensor([0.0523, 0.0523, 0.0523, 0.0523, 0.0523], device='cuda:3',
       grad_fn=<SliceBackward0>)
pt values at epoch 2: tensor([0.0523, 0.0523, 0.0523, 0.0523, 0.0523], device='cuda:0',
       grad_fn=<SliceBackward0>)
Layer conv1.att_src grad: 4.169596254637725e-14Layer conv1.att_src grad: 4.169596254637725e-14Layer conv1.att_src grad: 4.169596254637725e-14Layer conv1.att_src grad: 4.169596254637725e-14



Layer conv1.att_dst grad: 1.9919821204312203e-14Layer conv1.att_dst grad: 1.9919821204312203e-14Layer conv1.att_dst grad: 1.9919821204312203e-14Layer conv1.att_dst grad: 1.9919821204312203e-14



Layer conv1.bias grad: 3.1101485969964315e-11Layer conv1.bias grad: 3.1101485969964315e-11
Layer conv1.bias grad: 3.1101485969964315e-11Layer conv1.bias grad: 3.1101485969964315e-11


Layer conv1.lin.weight grad: 1.6352655340945432e-11
Layer conv1.lin.weight grad: 1.6352655340945432e-11Layer conv1.lin.weight grad: 1.6352655340945432e-11Layer conv1.lin.weight grad: 1.6352655340945432e-11


Layer conv2.att_src grad: 7.0455141761428634e-15
Layer conv2.att_src grad: 7.0455141761428634e-15Layer conv2.att_src grad: 7.0455141761428634e-15Layer conv2.att_src grad: 7.0455141761428634e-15


Layer conv2.att_dst grad: 3.6983864050692955e-15
Layer conv2.att_dst grad: 3.6983864050692955e-15Layer conv2.att_dst grad: 3.6983864050692955e-15Layer conv2.att_dst grad: 3.6983864050692955e-15


Layer conv2.bias grad: 9.202043294020967e-11
Layer conv2.bias grad: 9.202043294020967e-11Layer conv2.bias grad: 9.202043294020967e-11Layer conv2.bias grad: 9.202043294020967e-11


Layer conv2.lin.weight grad: 2.539891040542752e-12
Layer conv2.lin.weight grad: 2.539891040542752e-12Layer conv2.lin.weight grad: 2.539891040542752e-12Layer conv2.lin.weight grad: 2.539891040542752e-12


Layer conv3.att_src grad: 2.916576477061234e-15
Layer conv3.att_src grad: 2.916576477061234e-15Layer conv3.att_src grad: 2.916576477061234e-15Layer conv3.att_dst grad: 7.998991636296244e-16Layer conv3.att_src grad: 2.916576477061234e-15



Layer conv3.att_dst grad: 7.998991636296244e-16Layer conv3.bias grad: 4.5584347407867654e-10Layer conv3.att_dst grad: 7.998991636296244e-16
Layer conv3.att_dst grad: 7.998991636296244e-16


Layer conv3.bias grad: 4.5584347407867654e-10
Layer conv3.bias grad: 4.5584347407867654e-10Layer conv3.bias grad: 4.5584347407867654e-10

Layer conv3.lin.weight grad: 2.8920667943799216e-12
Layer conv3.lin.weight grad: 2.8920667943799216e-12
Layer conv4.att_src grad: 2.0309300505986887e-15Layer conv3.lin.weight grad: 2.8920667943799216e-12Layer conv3.lin.weight grad: 2.8920667943799216e-12


Layer conv4.att_src grad: 2.0309300505986887e-15
Layer conv4.att_dst grad: 8.514475770962713e-16
Layer conv4.att_src grad: 2.0309300505986887e-15Layer conv4.att_src grad: 2.0309300505986887e-15

Layer conv4.att_dst grad: 8.514475770962713e-16
Layer conv4.bias grad: 1.145921912915071e-09
Layer conv4.att_dst grad: 8.514475770962713e-16Layer conv4.att_dst grad: 8.514475770962713e-16

Layer conv4.bias grad: 1.145921912915071e-09
Layer conv4.lin.weight grad: 3.296994621759808e-12
Layer conv4.bias grad: 1.145921912915071e-09Layer conv4.bias grad: 1.145921912915071e-09

Layer conv4.lin.weight grad: 3.296994621759808e-12
Layer fc.weight grad: 5.102165565040728e-11
Layer conv4.lin.weight grad: 3.296994621759808e-12Layer conv4.lin.weight grad: 3.296994621759808e-12

Layer fc.weight grad: 5.102165565040728e-11
Layer fc.bias grad: 4.288126476126308e-08
Layer fc.weight grad: 5.102165565040728e-11Layer fc.weight grad: 5.102165565040728e-11

Layer fc.bias grad: 4.288126476126308e-08
Layer fc.bias grad: 4.288126476126308e-08Layer fc.bias grad: 4.288126476126308e-08

Softmax output at epoch 2: tensor([[0.0524, 0.0526, 0.0525, 0.0519, 0.0524, 0.0527, 0.0523, 0.0530, 0.0528,
         0.0529, 0.0520, 0.0528, 0.0519, 0.0530, 0.0529, 0.0528, 0.0533, 0.0531,
         0.0527],
        [0.0524, 0.0526, 0.0525, 0.0519, 0.0524, 0.0527, 0.0523, 0.0530, 0.0528,
         0.0529, 0.0520, 0.0528, 0.0519, 0.0530, 0.0529, 0.0528, 0.0533, 0.0531,
         0.0527],
        [0.0524, 0.0526, 0.0525, 0.0519, 0.0524, 0.0527, 0.0523, 0.0530, 0.0528,
         0.0529, 0.0520, 0.0528, 0.0519, 0.0530, 0.0529, 0.0528, 0.0533, 0.0531,
         0.0527],
        [0.0524, 0.0526, 0.0525, 0.0519, 0.0524, 0.0527, 0.0524, 0.0530, 0.0528,
         0.0529, 0.0520, 0.0528, 0.0519, 0.0530, 0.0529, 0.0528, 0.0533, 0.0531,
         0.0527],
        [0.0524, 0.0526, 0.0525, 0.0519, 0.0524, 0.0527, 0.0524, 0.0530, 0.0528,
         0.0529, 0.0520, 0.0528, 0.0519, 0.0530, 0.0529, 0.0528, 0.0533, 0.0531,
         0.0527]], device='cuda:2', grad_fn=<SliceBackward0>)Softmax output at epoch 2: tensor([[0.0524, 0.0526, 0.0525, 0.0519, 0.0524, 0.0527, 0.0523, 0.0530, 0.0528,
         0.0529, 0.0520, 0.0528, 0.0519, 0.0530, 0.0529, 0.0528, 0.0533, 0.0531,
         0.0527],
        [0.0524, 0.0526, 0.0525, 0.0519, 0.0524, 0.0527, 0.0523, 0.0530, 0.0528,
         0.0529, 0.0520, 0.0528, 0.0519, 0.0530, 0.0529, 0.0528, 0.0533, 0.0531,
         0.0527],
        [0.0524, 0.0526, 0.0525, 0.0519, 0.0524, 0.0527, 0.0523, 0.0530, 0.0528,
         0.0529, 0.0520, 0.0528, 0.0519, 0.0530, 0.0529, 0.0528, 0.0533, 0.0531,
         0.0527],
        [0.0524, 0.0526, 0.0525, 0.0519, 0.0524, 0.0527, 0.0524, 0.0530, 0.0528,
         0.0529, 0.0520, 0.0528, 0.0519, 0.0530, 0.0529, 0.0528, 0.0533, 0.0531,
         0.0527],
        [0.0524, 0.0526, 0.0525, 0.0519, 0.0524, 0.0527, 0.0524, 0.0530, 0.0528,
         0.0529, 0.0520, 0.0528, 0.0519, 0.0530, 0.0529, 0.0528, 0.0533, 0.0531,
         0.0527]], device='cuda:0', grad_fn=<SliceBackward0>)

Softmax output at epoch 2: tensor([[0.0524, 0.0526, 0.0525, 0.0519, 0.0524, 0.0527, 0.0523, 0.0530, 0.0528,
         0.0529, 0.0520, 0.0528, 0.0519, 0.0530, 0.0529, 0.0528, 0.0533, 0.0531,
         0.0527],
        [0.0524, 0.0526, 0.0525, 0.0519, 0.0524, 0.0527, 0.0523, 0.0530, 0.0528,
         0.0529, 0.0520, 0.0528, 0.0519, 0.0530, 0.0529, 0.0528, 0.0533, 0.0531,
         0.0527],
        [0.0524, 0.0526, 0.0525, 0.0519, 0.0524, 0.0527, 0.0523, 0.0530, 0.0528,
         0.0529, 0.0520, 0.0528, 0.0519, 0.0530, 0.0529, 0.0528, 0.0533, 0.0531,
         0.0527],
        [0.0524, 0.0526, 0.0525, 0.0519, 0.0524, 0.0527, 0.0524, 0.0530, 0.0528,
         0.0529, 0.0520, 0.0528, 0.0519, 0.0530, 0.0529, 0.0528, 0.0533, 0.0531,
         0.0527],
        [0.0524, 0.0526, 0.0525, 0.0519, 0.0524, 0.0527, 0.0524, 0.0530, 0.0528,
         0.0529, 0.0520, 0.0528, 0.0519, 0.0530, 0.0529, 0.0528, 0.0533, 0.0531,
         0.0527]], device='cuda:1', grad_fn=<SliceBackward0>)
Softmax output at epoch 2: tensor([[0.0524, 0.0526, 0.0525, 0.0519, 0.0524, 0.0527, 0.0523, 0.0530, 0.0528,
         0.0529, 0.0520, 0.0528, 0.0519, 0.0530, 0.0529, 0.0528, 0.0533, 0.0531,
         0.0527],
        [0.0524, 0.0526, 0.0525, 0.0519, 0.0524, 0.0527, 0.0523, 0.0530, 0.0528,
         0.0529, 0.0520, 0.0528, 0.0519, 0.0530, 0.0529, 0.0528, 0.0533, 0.0531,
         0.0527],
        [0.0524, 0.0526, 0.0525, 0.0519, 0.0524, 0.0527, 0.0523, 0.0530, 0.0528,
         0.0529, 0.0520, 0.0528, 0.0519, 0.0530, 0.0529, 0.0528, 0.0533, 0.0531,
         0.0527],
        [0.0524, 0.0526, 0.0525, 0.0519, 0.0524, 0.0527, 0.0524, 0.0530, 0.0528,
         0.0529, 0.0520, 0.0528, 0.0519, 0.0530, 0.0529, 0.0528, 0.0533, 0.0531,
         0.0527],
        [0.0524, 0.0526, 0.0525, 0.0519, 0.0524, 0.0527, 0.0524, 0.0530, 0.0528,
         0.0529, 0.0520, 0.0528, 0.0519, 0.0530, 0.0529, 0.0528, 0.0533, 0.0531,
         0.0527]], device='cuda:3', grad_fn=<SliceBackward0>)
pt values at epoch 2: tensor([0.0524, 0.0524, 0.0524, 0.0524, 0.0524], device='cuda:2',
       grad_fn=<SliceBackward0>)
pt values at epoch 2: tensor([0.0524, 0.0524, 0.0524, 0.0524, 0.0524], device='cuda:0',
       grad_fn=<SliceBackward0>)
pt values at epoch 2: tensor([0.0524, 0.0524, 0.0524, 0.0524, 0.0524], device='cuda:1',
       grad_fn=<SliceBackward0>)
pt values at epoch 2: tensor([0.0524, 0.0524, 0.0524, 0.0524, 0.0524], device='cuda:3',
       grad_fn=<SliceBackward0>)
Layer conv1.att_src grad: 1.4840047729081443e-14Layer conv1.att_src grad: 1.4840047729081443e-14Layer conv1.att_src grad: 1.4840047729081443e-14Layer conv1.att_src grad: 1.4840047729081443e-14



Layer conv1.att_dst grad: 3.4224683871165226e-15Layer conv1.att_dst grad: 3.4224683871165226e-15Layer conv1.att_dst grad: 3.4224683871165226e-15Layer conv1.att_dst grad: 3.4224683871165226e-15



Layer conv1.bias grad: 1.5013976173428034e-11
Layer conv1.bias grad: 1.5013976173428034e-11Layer conv1.bias grad: 1.5013976173428034e-11Layer conv1.bias grad: 1.5013976173428034e-11


Layer conv1.lin.weight grad: 9.152100084730552e-12
Layer conv1.lin.weight grad: 9.152100084730552e-12Layer conv1.lin.weight grad: 9.152100084730552e-12Layer conv1.lin.weight grad: 9.152100084730552e-12


Layer conv2.att_src grad: 2.6941922119243537e-15
Layer conv2.att_src grad: 2.6941922119243537e-15Layer conv2.att_src grad: 2.6941922119243537e-15
Layer conv2.att_src grad: 2.6941922119243537e-15

Layer conv2.att_dst grad: 1.0244395511337405e-15
Layer conv2.att_dst grad: 1.0244395511337405e-15
Layer conv2.att_dst grad: 1.0244395511337405e-15Layer conv2.att_dst grad: 1.0244395511337405e-15

Layer conv2.bias grad: 4.923610824603131e-11
Layer conv2.bias grad: 4.923610824603131e-11
Layer conv2.bias grad: 4.923610824603131e-11Layer conv2.bias grad: 4.923610824603131e-11

Layer conv2.lin.weight grad: 1.5126767026474308e-12
Layer conv2.lin.weight grad: 1.5126767026474308e-12
Layer conv2.lin.weight grad: 1.5126767026474308e-12Layer conv2.lin.weight grad: 1.5126767026474308e-12

Layer conv3.att_src grad: 1.4579395785937034e-15
Layer conv3.att_src grad: 1.4579395785937034e-15
Layer conv3.att_src grad: 1.4579395785937034e-15
Layer conv3.att_src grad: 1.4579395785937034e-15
Layer conv3.att_dst grad: 4.0866753607552906e-16
Layer conv3.att_dst grad: 4.0866753607552906e-16
Layer conv3.att_dst grad: 4.0866753607552906e-16
Layer conv3.att_dst grad: 4.0866753607552906e-16
Layer conv3.bias grad: 2.6942781339300836e-10
Layer conv3.bias grad: 2.6942781339300836e-10
Layer conv3.bias grad: 2.6942781339300836e-10
Layer conv3.bias grad: 2.6942781339300836e-10
Layer conv3.lin.weight grad: 1.7113736643092903e-12
Layer conv3.lin.weight grad: 1.7113736643092903e-12
Layer conv3.lin.weight grad: 1.7113736643092903e-12
Layer conv3.lin.weight grad: 1.7113736643092903e-12
Layer conv4.att_src grad: 7.100255268545949e-16
Layer conv4.att_src grad: 7.100255268545949e-16
Layer conv4.att_src grad: 7.100255268545949e-16
Layer conv4.att_src grad: 7.100255268545949e-16
Layer conv4.att_dst grad: 3.1287501835354373e-16
Layer conv4.att_dst grad: 3.1287501835354373e-16
Layer conv4.att_dst grad: 3.1287501835354373e-16
Layer conv4.att_dst grad: 3.1287501835354373e-16
Layer conv4.bias grad: 7.218564079813916e-10
Layer conv4.bias grad: 7.218564079813916e-10
Layer conv4.bias grad: 7.218564079813916e-10
Layer conv4.bias grad: 7.218564079813916e-10
Layer conv4.lin.weight grad: 1.7408542055813436e-12
Layer conv4.lin.weight grad: 1.7408542055813436e-12
Layer conv4.lin.weight grad: 1.7408542055813436e-12
Layer conv4.lin.weight grad: 1.7408542055813436e-12
Layer fc.weight grad: 3.780436727551795e-11
Layer fc.weight grad: 3.780436727551795e-11
Layer fc.weight grad: 3.780436727551795e-11
Layer fc.weight grad: 3.780436727551795e-11
Layer fc.bias grad: 4.340604675689974e-08
Layer fc.bias grad: 4.340604675689974e-08
Layer fc.bias grad: 4.340604675689974e-08
Layer fc.bias grad: 4.340604675689974e-08
Softmax output at epoch 2: tensor([[0.0526, 0.0525, 0.0523, 0.0521, 0.0525, 0.0528, 0.0524, 0.0531, 0.0529,
         0.0528, 0.0522, 0.0527, 0.0520, 0.0527, 0.0529, 0.0529, 0.0531, 0.0531,
         0.0524],
        [0.0526, 0.0525, 0.0523, 0.0521, 0.0525, 0.0528, 0.0524, 0.0531, 0.0529,
         0.0528, 0.0522, 0.0527, 0.0520, 0.0527, 0.0529, 0.0529, 0.0531, 0.0531,
         0.0524],
        [0.0526, 0.0525, 0.0523, 0.0521, 0.0525, 0.0528, 0.0524, 0.0531, 0.0529,
         0.0528, 0.0522, 0.0527, 0.0520, 0.0527, 0.0529, 0.0529, 0.0530, 0.0531,
         0.0524],
        [0.0526, 0.0525, 0.0523, 0.0521, 0.0525, 0.0528, 0.0524, 0.0531, 0.0529,
         0.0528, 0.0522, 0.0527, 0.0520, 0.0527, 0.0530, 0.0529, 0.0530, 0.0531,
         0.0524],
        [0.0526, 0.0525, 0.0523, 0.0521, 0.0525, 0.0528, 0.0524, 0.0531, 0.0529,
         0.0528, 0.0522, 0.0527, 0.0520, 0.0527, 0.0530, 0.0529, 0.0530, 0.0531,
         0.0524]], device='cuda:3', grad_fn=<SliceBackward0>)
Softmax output at epoch 2: tensor([[0.0526, 0.0525, 0.0523, 0.0521, 0.0525, 0.0528, 0.0524, 0.0531, 0.0529,
         0.0528, 0.0522, 0.0527, 0.0520, 0.0527, 0.0529, 0.0529, 0.0531, 0.0531,
         0.0524],
        [0.0526, 0.0525, 0.0523, 0.0521, 0.0525, 0.0528, 0.0524, 0.0531, 0.0529,
         0.0528, 0.0522, 0.0527, 0.0520, 0.0527, 0.0529, 0.0529, 0.0531, 0.0531,
         0.0524],
        [0.0526, 0.0525, 0.0523, 0.0521, 0.0525, 0.0528, 0.0524, 0.0531, 0.0529,
         0.0528, 0.0522, 0.0527, 0.0520, 0.0527, 0.0529, 0.0529, 0.0530, 0.0531,
         0.0524],
        [0.0526, 0.0525, 0.0523, 0.0521, 0.0525, 0.0528, 0.0524, 0.0531, 0.0529,
         0.0528, 0.0522, 0.0527, 0.0520, 0.0527, 0.0530, 0.0529, 0.0530, 0.0531,
         0.0524],
        [0.0526, 0.0525, 0.0523, 0.0521, 0.0525, 0.0528, 0.0524, 0.0531, 0.0529,
         0.0528, 0.0522, 0.0527, 0.0520, 0.0527, 0.0530, 0.0529, 0.0530, 0.0531,
         0.0524]], device='cuda:0', grad_fn=<SliceBackward0>)Softmax output at epoch 2: tensor([[0.0526, 0.0525, 0.0523, 0.0521, 0.0525, 0.0528, 0.0524, 0.0531, 0.0529,
         0.0528, 0.0522, 0.0527, 0.0520, 0.0527, 0.0529, 0.0529, 0.0531, 0.0531,
         0.0524],
        [0.0526, 0.0525, 0.0523, 0.0521, 0.0525, 0.0528, 0.0524, 0.0531, 0.0529,
         0.0528, 0.0522, 0.0527, 0.0520, 0.0527, 0.0529, 0.0529, 0.0531, 0.0531,
         0.0524],
        [0.0526, 0.0525, 0.0523, 0.0521, 0.0525, 0.0528, 0.0524, 0.0531, 0.0529,
         0.0528, 0.0522, 0.0527, 0.0520, 0.0527, 0.0529, 0.0529, 0.0530, 0.0531,
         0.0524],
        [0.0526, 0.0525, 0.0523, 0.0521, 0.0525, 0.0528, 0.0524, 0.0531, 0.0529,
         0.0528, 0.0522, 0.0527, 0.0520, 0.0527, 0.0530, 0.0529, 0.0530, 0.0531,
         0.0524],
        [0.0526, 0.0525, 0.0523, 0.0521, 0.0525, 0.0528, 0.0524, 0.0531, 0.0529,
         0.0528, 0.0522, 0.0527, 0.0520, 0.0527, 0.0530, 0.0529, 0.0530, 0.0531,
         0.0524]], device='cuda:1', grad_fn=<SliceBackward0>)

pt values at epoch 2: tensor([0.0526, 0.0526, 0.0526, 0.0526, 0.0526], device='cuda:3',
       grad_fn=<SliceBackward0>)
pt values at epoch 2: tensor([0.0526, 0.0526, 0.0526, 0.0526, 0.0526], device='cuda:1',
       grad_fn=<SliceBackward0>)Softmax output at epoch 2: tensor([[0.0526, 0.0525, 0.0523, 0.0521, 0.0525, 0.0528, 0.0524, 0.0531, 0.0529,
         0.0528, 0.0522, 0.0527, 0.0520, 0.0527, 0.0529, 0.0529, 0.0531, 0.0531,
         0.0524],
        [0.0526, 0.0525, 0.0523, 0.0521, 0.0525, 0.0528, 0.0524, 0.0531, 0.0529,
         0.0528, 0.0522, 0.0527, 0.0520, 0.0527, 0.0529, 0.0529, 0.0531, 0.0531,
         0.0524],
        [0.0526, 0.0525, 0.0523, 0.0521, 0.0525, 0.0528, 0.0524, 0.0531, 0.0529,
         0.0528, 0.0522, 0.0527, 0.0520, 0.0527, 0.0529, 0.0529, 0.0530, 0.0531,
         0.0524],
        [0.0526, 0.0525, 0.0523, 0.0521, 0.0525, 0.0528, 0.0524, 0.0531, 0.0529,
         0.0528, 0.0522, 0.0527, 0.0520, 0.0527, 0.0530, 0.0529, 0.0530, 0.0531,
         0.0524],
        [0.0526, 0.0525, 0.0523, 0.0521, 0.0525, 0.0528, 0.0524, 0.0531, 0.0529,
         0.0528, 0.0522, 0.0527, 0.0520, 0.0527, 0.0530, 0.0529, 0.0530, 0.0531,
         0.0524]], device='cuda:2', grad_fn=<SliceBackward0>)
pt values at epoch 2: tensor([0.0526, 0.0526, 0.0526, 0.0526, 0.0526], device='cuda:0',
       grad_fn=<SliceBackward0>)

pt values at epoch 2: tensor([0.0526, 0.0526, 0.0526, 0.0526, 0.0526], device='cuda:2',
       grad_fn=<SliceBackward0>)
Layer conv1.att_src grad: 8.447384197034832e-15Layer conv1.att_src grad: 8.447384197034832e-15Layer conv1.att_src grad: 8.447384197034832e-15
Layer conv1.att_src grad: 8.447384197034832e-15


Layer conv1.att_dst grad: 4.2756186063158935e-15
Layer conv1.att_dst grad: 4.2756186063158935e-15Layer conv1.att_dst grad: 4.2756186063158935e-15Layer conv1.att_dst grad: 4.2756186063158935e-15


Layer conv1.bias grad: 8.288427236213813e-12
Layer conv1.bias grad: 8.288427236213813e-12Layer conv1.bias grad: 8.288427236213813e-12
Layer conv1.bias grad: 8.288427236213813e-12

Layer conv1.lin.weight grad: 5.40235477880513e-12
Layer conv1.lin.weight grad: 5.40235477880513e-12Layer conv1.lin.weight grad: 5.40235477880513e-12Layer conv1.lin.weight grad: 5.40235477880513e-12


Layer conv2.att_src grad: 1.1259037220612018e-15
Layer conv2.att_src grad: 1.1259037220612018e-15Layer conv2.att_src grad: 1.1259037220612018e-15Layer conv2.att_src grad: 1.1259037220612018e-15


Layer conv2.att_dst grad: 4.57323040859727e-16
Layer conv2.att_dst grad: 4.57323040859727e-16Layer conv2.att_dst grad: 4.57323040859727e-16
Layer conv2.att_dst grad: 4.57323040859727e-16
Layer conv2.bias grad: 3.3347071631828484e-11

Layer conv2.bias grad: 3.3347071631828484e-11
Layer conv2.bias grad: 3.3347071631828484e-11
Layer conv2.bias grad: 3.3347071631828484e-11
Layer conv2.lin.weight grad: 9.52334348533479e-13
Layer conv2.lin.weight grad: 9.52334348533479e-13
Layer conv2.lin.weight grad: 9.52334348533479e-13
Layer conv2.lin.weight grad: 9.52334348533479e-13
Layer conv3.att_src grad: 4.499931883111027e-16
Layer conv3.att_src grad: 4.499931883111027e-16
Layer conv3.att_src grad: 4.499931883111027e-16
Layer conv3.att_src grad: 4.499931883111027e-16
Layer conv3.att_dst grad: 1.3076934038053277e-16
Layer conv3.att_dst grad: 1.3076934038053277e-16
Layer conv3.att_dst grad: 1.3076934038053277e-16
Layer conv3.att_dst grad: 1.3076934038053277e-16
Layer conv3.bias grad: 2.0354923302434713e-10
Layer conv3.bias grad: 2.0354923302434713e-10
Layer conv3.bias grad: 2.0354923302434713e-10
Layer conv3.bias grad: 2.0354923302434713e-10
Layer conv3.lin.weight grad: 1.0940036853854251e-12
Layer conv3.lin.weight grad: 1.0940036853854251e-12
Layer conv3.lin.weight grad: 1.0940036853854251e-12
Layer conv3.lin.weight grad: 1.0940036853854251e-12
Layer conv4.att_src grad: 2.585168377821766e-16
Layer conv4.att_src grad: 2.585168377821766e-16
Layer conv4.att_src grad: 2.585168377821766e-16
Layer conv4.att_src grad: 2.585168377821766e-16
Layer conv4.att_dst grad: 1.3223636174050781e-16
Layer conv4.att_dst grad: 1.3223636174050781e-16
Layer conv4.att_dst grad: 1.3223636174050781e-16
Layer conv4.att_dst grad: 1.3223636174050781e-16
Layer conv4.bias grad: 5.870599562030065e-10
Layer conv4.bias grad: 5.870599562030065e-10
Layer conv4.bias grad: 5.870599562030065e-10
Layer conv4.bias grad: 5.870599562030065e-10
Layer conv4.lin.weight grad: 1.0301384311545148e-12
Layer conv4.lin.weight grad: 1.0301384311545148e-12
Layer conv4.lin.weight grad: 1.0301384311545148e-12
Layer conv4.lin.weight grad: 1.0301384311545148e-12
Layer fc.weight grad: 2.0169919554002824e-11
Layer fc.weight grad: 2.0169919554002824e-11
Layer fc.weight grad: 2.0169919554002824e-11
Layer fc.weight grad: 2.0169919554002824e-11
Layer fc.bias grad: 3.274774940109637e-08
Layer fc.bias grad: 3.274774940109637e-08
Layer fc.bias grad: 3.274774940109637e-08
Layer fc.bias grad: 3.274774940109637e-08
Softmax output at epoch 2: tensor([[0.0527, 0.0524, 0.0522, 0.0522, 0.0525, 0.0529, 0.0524, 0.0531, 0.0530,
         0.0527, 0.0523, 0.0526, 0.0522, 0.0525, 0.0530, 0.0530, 0.0528, 0.0532,
         0.0522],
        [0.0527, 0.0524, 0.0522, 0.0522, 0.0525, 0.0529, 0.0524, 0.0531, 0.0530,
         0.0527, 0.0523, 0.0526, 0.0522, 0.0525, 0.0530, 0.0530, 0.0528, 0.0532,
         0.0522],
        [0.0527, 0.0524, 0.0522, 0.0522, 0.0525, 0.0529, 0.0524, 0.0531, 0.0530,
         0.0527, 0.0523, 0.0526, 0.0522, 0.0525, 0.0530, 0.0530, 0.0528, 0.0532,
         0.0522],
        [0.0527, 0.0524, 0.0522, 0.0522, 0.0525, 0.0529, 0.0524, 0.0531, 0.0530,
         0.0527, 0.0523, 0.0526, 0.0522, 0.0525, 0.0530, 0.0530, 0.0528, 0.0532,
         0.0522],
        [0.0527, 0.0524, 0.0522, 0.0522, 0.0525, 0.0529, 0.0524, 0.0531, 0.0530,
         0.0527, 0.0523, 0.0526, 0.0522, 0.0525, 0.0530, 0.0530, 0.0528, 0.0532,
         0.0522]], device='cuda:2', grad_fn=<SliceBackward0>)
Softmax output at epoch 2: tensor([[0.0527, 0.0524, 0.0522, 0.0522, 0.0525, 0.0529, 0.0524, 0.0531, 0.0530,
         0.0527, 0.0523, 0.0526, 0.0522, 0.0525, 0.0530, 0.0530, 0.0528, 0.0532,
         0.0522],
        [0.0527, 0.0524, 0.0522, 0.0522, 0.0525, 0.0529, 0.0524, 0.0531, 0.0530,
         0.0527, 0.0523, 0.0526, 0.0522, 0.0525, 0.0530, 0.0530, 0.0528, 0.0532,
         0.0522],
        [0.0527, 0.0524, 0.0522, 0.0522, 0.0525, 0.0529, 0.0524, 0.0531, 0.0530,
         0.0527, 0.0523, 0.0526, 0.0522, 0.0525, 0.0530, 0.0530, 0.0528, 0.0532,
         0.0522],
        [0.0527, 0.0524, 0.0522, 0.0522, 0.0525, 0.0529, 0.0524, 0.0531, 0.0530,
         0.0527, 0.0523, 0.0526, 0.0522, 0.0525, 0.0530, 0.0530, 0.0528, 0.0532,
         0.0522],
        [0.0527, 0.0524, 0.0522, 0.0522, 0.0525, 0.0529, 0.0524, 0.0531, 0.0530,
         0.0527, 0.0523, 0.0526, 0.0522, 0.0525, 0.0530, 0.0530, 0.0528, 0.0532,
         0.0522]], device='cuda:3', grad_fn=<SliceBackward0>)
Softmax output at epoch 2: tensor([[0.0527, 0.0524, 0.0522, 0.0522, 0.0525, 0.0529, 0.0524, 0.0531, 0.0530,
         0.0527, 0.0523, 0.0526, 0.0522, 0.0525, 0.0530, 0.0530, 0.0528, 0.0532,
         0.0522],
        [0.0527, 0.0524, 0.0522, 0.0522, 0.0525, 0.0529, 0.0524, 0.0531, 0.0530,
         0.0527, 0.0523, 0.0526, 0.0522, 0.0525, 0.0530, 0.0530, 0.0528, 0.0532,
         0.0522],
        [0.0527, 0.0524, 0.0522, 0.0522, 0.0525, 0.0529, 0.0524, 0.0531, 0.0530,
         0.0527, 0.0523, 0.0526, 0.0522, 0.0525, 0.0530, 0.0530, 0.0528, 0.0532,
         0.0522],
        [0.0527, 0.0524, 0.0522, 0.0522, 0.0525, 0.0529, 0.0524, 0.0531, 0.0530,
         0.0527, 0.0523, 0.0526, 0.0522, 0.0525, 0.0530, 0.0530, 0.0528, 0.0532,
         0.0522],
        [0.0527, 0.0524, 0.0522, 0.0522, 0.0525, 0.0529, 0.0524, 0.0531, 0.0530,
         0.0527, 0.0523, 0.0526, 0.0522, 0.0525, 0.0530, 0.0530, 0.0528, 0.0532,
         0.0522]], device='cuda:1', grad_fn=<SliceBackward0>)
Softmax output at epoch 2: tensor([[0.0527, 0.0524, 0.0522, 0.0522, 0.0525, 0.0529, 0.0524, 0.0531, 0.0530,
         0.0527, 0.0523, 0.0526, 0.0522, 0.0525, 0.0530, 0.0530, 0.0528, 0.0532,
         0.0522],
        [0.0527, 0.0524, 0.0522, 0.0522, 0.0525, 0.0529, 0.0524, 0.0531, 0.0530,
         0.0527, 0.0523, 0.0526, 0.0522, 0.0525, 0.0530, 0.0530, 0.0528, 0.0532,
         0.0522],
        [0.0527, 0.0524, 0.0522, 0.0522, 0.0525, 0.0529, 0.0524, 0.0531, 0.0530,
         0.0527, 0.0523, 0.0526, 0.0522, 0.0525, 0.0530, 0.0530, 0.0528, 0.0532,
         0.0522],
        [0.0527, 0.0524, 0.0522, 0.0522, 0.0525, 0.0529, 0.0524, 0.0531, 0.0530,
         0.0527, 0.0523, 0.0526, 0.0522, 0.0525, 0.0530, 0.0530, 0.0528, 0.0532,
         0.0522],
        [0.0527, 0.0524, 0.0522, 0.0522, 0.0525, 0.0529, 0.0524, 0.0531, 0.0530,
         0.0527, 0.0523, 0.0526, 0.0522, 0.0525, 0.0530, 0.0530, 0.0528, 0.0532,
         0.0522]], device='cuda:0', grad_fn=<SliceBackward0>)
pt values at epoch 2: tensor([0.0527, 0.0527, 0.0527, 0.0527, 0.0527], device='cuda:2',
       grad_fn=<SliceBackward0>)
pt values at epoch 2: tensor([0.0527, 0.0527, 0.0527, 0.0527, 0.0527], device='cuda:3',
       grad_fn=<SliceBackward0>)
pt values at epoch 2: tensor([0.0527, 0.0527, 0.0527, 0.0527, 0.0527], device='cuda:1',
       grad_fn=<SliceBackward0>)
pt values at epoch 2: tensor([0.0527, 0.0527, 0.0527, 0.0527, 0.0527], device='cuda:0',
       grad_fn=<SliceBackward0>)
Layer conv1.att_src grad: 8.934169796657142e-15
Layer conv1.att_dst grad: 8.316267943722839e-16
Layer conv1.bias grad: 2.4847943147499052e-11
Layer conv1.lin.weight grad: 1.6757661230881737e-11
Layer conv1.att_src grad: 8.934169796657142e-15
Layer conv2.att_src grad: 2.5251763164204147e-15
Layer conv1.att_dst grad: 8.316267943722839e-16
Layer conv1.att_src grad: 8.934169796657142e-15Layer conv1.att_src grad: 8.934169796657142e-15

Layer conv2.att_dst grad: 1.8577374356318387e-15
Layer conv1.bias grad: 2.4847943147499052e-11
Layer conv1.att_dst grad: 8.316267943722839e-16
Layer conv1.att_dst grad: 8.316267943722839e-16
Layer conv1.lin.weight grad: 1.6757661230881737e-11Layer conv2.bias grad: 1.084565423581374e-10

Layer conv1.bias grad: 2.4847943147499052e-11
Layer conv2.att_src grad: 2.5251763164204147e-15Layer conv1.bias grad: 2.4847943147499052e-11

Layer conv1.lin.weight grad: 1.6757661230881737e-11
Layer conv2.lin.weight grad: 2.915551263957261e-12
Layer conv2.att_dst grad: 1.8577374356318387e-15
Layer conv1.lin.weight grad: 1.6757661230881737e-11
Layer conv2.att_src grad: 2.5251763164204147e-15
Layer conv2.bias grad: 1.084565423581374e-10
Layer conv3.att_src grad: 8.081131597565045e-16
Layer conv2.att_dst grad: 1.8577374356318387e-15
Layer conv2.att_src grad: 2.5251763164204147e-15
Layer conv2.lin.weight grad: 2.915551263957261e-12
Layer conv2.bias grad: 1.084565423581374e-10
Layer conv3.att_dst grad: 3.5803309762874906e-16
Layer conv2.att_dst grad: 1.8577374356318387e-15
Layer conv3.att_src grad: 8.081131597565045e-16
Layer conv2.lin.weight grad: 2.915551263957261e-12
Layer conv3.bias grad: 7.760239673082481e-10
Layer conv3.att_dst grad: 3.5803309762874906e-16Layer conv2.bias grad: 1.084565423581374e-10

Layer conv3.att_src grad: 8.081131597565045e-16
Layer conv3.bias grad: 7.760239673082481e-10
Layer conv3.att_dst grad: 3.5803309762874906e-16Layer conv3.lin.weight grad: 3.2312384105198655e-12Layer conv2.lin.weight grad: 2.915551263957261e-12


Layer conv3.lin.weight grad: 3.2312384105198655e-12
Layer conv3.bias grad: 7.760239673082481e-10
Layer conv3.att_src grad: 8.081131597565045e-16Layer conv4.att_src grad: 3.713697372623864e-16

Layer conv4.att_src grad: 3.713697372623864e-16
Layer conv3.lin.weight grad: 3.2312384105198655e-12
Layer conv4.att_dst grad: 1.3056981118189518e-16
Layer conv3.att_dst grad: 3.5803309762874906e-16
Layer conv4.att_dst grad: 1.3056981118189518e-16Layer conv4.att_src grad: 3.713697372623864e-16

Layer conv4.bias grad: 2.938065790658584e-09
Layer conv3.bias grad: 7.760239673082481e-10
Layer conv4.att_dst grad: 1.3056981118189518e-16
Layer conv4.lin.weight grad: 3.1352563774345032e-12Layer conv4.bias grad: 2.938065790658584e-09

Layer conv4.bias grad: 2.938065790658584e-09
Layer conv3.lin.weight grad: 3.2312384105198655e-12
Layer fc.weight grad: 7.695644121952228e-11
Layer conv4.lin.weight grad: 3.1352563774345032e-12Layer conv4.lin.weight grad: 3.1352563774345032e-12

Layer fc.bias grad: 2.1632121161019313e-07
Layer conv4.att_src grad: 3.713697372623864e-16
Layer fc.weight grad: 7.695644121952228e-11
Layer fc.weight grad: 7.695644121952228e-11Layer conv4.att_dst grad: 1.3056981118189518e-16

Layer fc.bias grad: 2.1632121161019313e-07
Layer conv4.bias grad: 2.938065790658584e-09
Layer fc.bias grad: 2.1632121161019313e-07
Layer conv4.lin.weight grad: 3.1352563774345032e-12
Layer fc.weight grad: 7.695644121952228e-11
Layer fc.bias grad: 2.1632121161019313e-07
Softmax output at epoch 3: tensor([[0.0528, 0.0524, 0.0520, 0.0523, 0.0526, 0.0530, 0.0525, 0.0531, 0.0531,
         0.0526, 0.0525, 0.0525, 0.0523, 0.0523, 0.0531, 0.0531, 0.0526, 0.0532,
         0.0521],
        [0.0528, 0.0524, 0.0520, 0.0523, 0.0526, 0.0530, 0.0525, 0.0531, 0.0531,
         0.0526, 0.0525, 0.0525, 0.0523, 0.0523, 0.0531, 0.0531, 0.0526, 0.0532,
         0.0521],
        [0.0528, 0.0524, 0.0520, 0.0523, 0.0526, 0.0530, 0.0525, 0.0531, 0.0531,
         0.0526, 0.0525, 0.0525, 0.0523, 0.0523, 0.0531, 0.0531, 0.0526, 0.0532,
         0.0521],
        [0.0528, 0.0524, 0.0520, 0.0523, 0.0526, 0.0530, 0.0525, 0.0531, 0.0531,
         0.0526, 0.0525, 0.0525, 0.0523, 0.0523, 0.0531, 0.0531, 0.0526, 0.0532,
         0.0521],
        [0.0528, 0.0524, 0.0520, 0.0523, 0.0526, 0.0530, 0.0525, 0.0531, 0.0531,
         0.0526, 0.0525, 0.0525, 0.0523, 0.0523, 0.0531, 0.0531, 0.0526, 0.0532,
         0.0521]], device='cuda:2', grad_fn=<SliceBackward0>)
Softmax output at epoch 3: tensor([[0.0528, 0.0524, 0.0520, 0.0523, 0.0526, 0.0530, 0.0525, 0.0531, 0.0531,
         0.0526, 0.0525, 0.0525, 0.0523, 0.0523, 0.0531, 0.0531, 0.0526, 0.0532,
         0.0521],
        [0.0528, 0.0524, 0.0520, 0.0523, 0.0526, 0.0530, 0.0525, 0.0531, 0.0531,
         0.0526, 0.0525, 0.0525, 0.0523, 0.0523, 0.0531, 0.0531, 0.0526, 0.0532,
         0.0521],
        [0.0528, 0.0524, 0.0520, 0.0523, 0.0526, 0.0530, 0.0525, 0.0531, 0.0531,
         0.0526, 0.0525, 0.0525, 0.0523, 0.0523, 0.0531, 0.0531, 0.0526, 0.0532,
         0.0521],
        [0.0528, 0.0524, 0.0520, 0.0523, 0.0526, 0.0530, 0.0525, 0.0531, 0.0531,
         0.0526, 0.0525, 0.0525, 0.0523, 0.0523, 0.0531, 0.0531, 0.0526, 0.0532,
         0.0521],
        [0.0528, 0.0524, 0.0520, 0.0523, 0.0526, 0.0530, 0.0525, 0.0531, 0.0531,
         0.0526, 0.0525, 0.0525, 0.0523, 0.0523, 0.0531, 0.0531, 0.0526, 0.0532,
         0.0521]], device='cuda:3', grad_fn=<SliceBackward0>)
Softmax output at epoch 3: tensor([[0.0528, 0.0524, 0.0520, 0.0523, 0.0526, 0.0530, 0.0525, 0.0531, 0.0531,
         0.0526, 0.0525, 0.0525, 0.0523, 0.0523, 0.0531, 0.0531, 0.0526, 0.0532,
         0.0521],
        [0.0528, 0.0524, 0.0520, 0.0523, 0.0526, 0.0530, 0.0525, 0.0531, 0.0531,
         0.0526, 0.0525, 0.0525, 0.0523, 0.0523, 0.0531, 0.0531, 0.0526, 0.0532,
         0.0521],
        [0.0528, 0.0524, 0.0520, 0.0523, 0.0526, 0.0530, 0.0525, 0.0531, 0.0531,
         0.0526, 0.0525, 0.0525, 0.0523, 0.0523, 0.0531, 0.0531, 0.0526, 0.0532,
         0.0521],
        [0.0528, 0.0524, 0.0520, 0.0523, 0.0526, 0.0530, 0.0525, 0.0531, 0.0531,
         0.0526, 0.0525, 0.0525, 0.0523, 0.0523, 0.0531, 0.0531, 0.0526, 0.0532,
         0.0521],
        [0.0528, 0.0524, 0.0520, 0.0523, 0.0526, 0.0530, 0.0525, 0.0531, 0.0531,
         0.0526, 0.0525, 0.0525, 0.0523, 0.0523, 0.0531, 0.0531, 0.0526, 0.0532,
         0.0521]], device='cuda:1', grad_fn=<SliceBackward0>)
pt values at epoch 3: tensor([0.0528, 0.0528, 0.0528, 0.0528, 0.0528], device='cuda:2',
       grad_fn=<SliceBackward0>)
pt values at epoch 3: tensor([0.0528, 0.0528, 0.0528, 0.0528, 0.0528], device='cuda:3',
       grad_fn=<SliceBackward0>)
pt values at epoch 3: tensor([0.0528, 0.0528, 0.0528, 0.0528, 0.0528], device='cuda:1',
       grad_fn=<SliceBackward0>)
Precision: 0.0000, Recall: 0.0003, F1-Score: 0.0000
Fold 1, Epoch 2, Train Loss: 0.0000, Val Loss: 0.0000, Val Acc: 0.0003
Softmax output at epoch 3: tensor([[0.0528, 0.0524, 0.0520, 0.0523, 0.0526, 0.0530, 0.0525, 0.0531, 0.0531,
         0.0526, 0.0525, 0.0525, 0.0523, 0.0523, 0.0531, 0.0531, 0.0526, 0.0532,
         0.0521],
        [0.0528, 0.0524, 0.0520, 0.0523, 0.0526, 0.0530, 0.0525, 0.0531, 0.0531,
         0.0526, 0.0525, 0.0525, 0.0523, 0.0523, 0.0531, 0.0531, 0.0526, 0.0532,
         0.0521],
        [0.0528, 0.0524, 0.0520, 0.0523, 0.0526, 0.0530, 0.0525, 0.0531, 0.0531,
         0.0526, 0.0525, 0.0525, 0.0523, 0.0523, 0.0531, 0.0531, 0.0526, 0.0532,
         0.0521],
        [0.0528, 0.0524, 0.0520, 0.0523, 0.0526, 0.0530, 0.0525, 0.0531, 0.0531,
         0.0526, 0.0525, 0.0525, 0.0523, 0.0523, 0.0531, 0.0531, 0.0526, 0.0532,
         0.0521],
        [0.0528, 0.0524, 0.0520, 0.0523, 0.0526, 0.0530, 0.0525, 0.0531, 0.0531,
         0.0526, 0.0525, 0.0525, 0.0523, 0.0523, 0.0531, 0.0531, 0.0526, 0.0532,
         0.0521]], device='cuda:0', grad_fn=<SliceBackward0>)
pt values at epoch 3: tensor([0.0528, 0.0528, 0.0528, 0.0528, 0.0528], device='cuda:0',
       grad_fn=<SliceBackward0>)
Layer conv1.att_src grad: 1.3564497849195877e-15Layer conv1.att_src grad: 1.3564497849195877e-15Layer conv1.att_src grad: 1.3564497849195877e-15Layer conv1.att_src grad: 1.3564497849195877e-15



Layer conv1.att_dst grad: 8.686871857321789e-16
Layer conv1.att_dst grad: 8.686871857321789e-16Layer conv1.att_dst grad: 8.686871857321789e-16
Layer conv1.att_dst grad: 8.686871857321789e-16

Layer conv1.bias grad: 4.5504468249024654e-12
Layer conv1.bias grad: 4.5504468249024654e-12Layer conv1.bias grad: 4.5504468249024654e-12

Layer conv1.bias grad: 4.5504468249024654e-12
Layer conv1.lin.weight grad: 2.7548146055988987e-12
Layer conv1.lin.weight grad: 2.7548146055988987e-12
Layer conv1.lin.weight grad: 2.7548146055988987e-12
Layer conv1.lin.weight grad: 2.7548146055988987e-12
Layer conv2.att_src grad: 2.4224753185712845e-16
Layer conv2.att_src grad: 2.4224753185712845e-16
Layer conv2.att_src grad: 2.4224753185712845e-16
Layer conv2.att_src grad: 2.4224753185712845e-16
Layer conv2.att_dst grad: 1.3585603792659086e-16
Layer conv2.att_dst grad: 1.3585603792659086e-16
Layer conv2.att_dst grad: 1.3585603792659086e-16
Layer conv2.att_dst grad: 1.3585603792659086e-16
Layer conv2.bias grad: 2.055838485559569e-11
Layer conv2.bias grad: 2.055838485559569e-11Layer conv2.bias grad: 2.055838485559569e-11

Layer conv2.bias grad: 2.055838485559569e-11
Layer conv2.lin.weight grad: 4.923990902516717e-13
Layer conv2.lin.weight grad: 4.923990902516717e-13Layer conv2.lin.weight grad: 4.923990902516717e-13
Layer conv2.lin.weight grad: 4.923990902516717e-13

Layer conv3.att_src grad: 7.153444702468782e-17
Layer conv3.att_src grad: 7.153444702468782e-17
Layer conv3.att_src grad: 7.153444702468782e-17Layer conv3.att_src grad: 7.153444702468782e-17

Layer conv3.att_dst grad: 3.2335016231567436e-17
Layer conv3.att_dst grad: 3.2335016231567436e-17
Layer conv3.att_dst grad: 3.2335016231567436e-17Layer conv3.att_dst grad: 3.2335016231567436e-17
Layer conv3.bias grad: 1.6648586675938049e-10

Layer conv3.bias grad: 1.6648586675938049e-10
Layer conv3.bias grad: 1.6648586675938049e-10
Layer conv3.bias grad: 1.6648586675938049e-10
Layer conv3.lin.weight grad: 5.712139745581157e-13
Layer conv3.lin.weight grad: 5.712139745581157e-13
Layer conv3.lin.weight grad: 5.712139745581157e-13
Layer conv3.lin.weight grad: 5.712139745581157e-13
Layer conv4.att_src grad: 3.7366176871298716e-17
Layer conv4.att_src grad: 3.7366176871298716e-17
Layer conv4.att_src grad: 3.7366176871298716e-17
Layer conv4.att_src grad: 3.7366176871298716e-17Layer conv4.att_dst grad: 1.1473483959852513e-17

Layer conv4.att_dst grad: 1.1473483959852513e-17
Layer conv4.att_dst grad: 1.1473483959852513e-17
Layer conv4.att_dst grad: 1.1473483959852513e-17Layer conv4.bias grad: 6.338780056402982e-10

Layer conv4.bias grad: 6.338780056402982e-10
Layer conv4.bias grad: 6.338780056402982e-10
Layer conv4.bias grad: 6.338780056402982e-10
Layer conv4.lin.weight grad: 5.116777227615055e-13
Layer conv4.lin.weight grad: 5.116777227615055e-13
Layer conv4.lin.weight grad: 5.116777227615055e-13
Layer conv4.lin.weight grad: 5.116777227615055e-13
Layer fc.weight grad: 2.026598854010242e-11
Layer fc.weight grad: 2.026598854010242e-11
Layer fc.weight grad: 2.026598854010242e-11
Layer fc.weight grad: 2.026598854010242e-11Layer fc.bias grad: 4.0628581388091334e-08

Layer fc.bias grad: 4.0628581388091334e-08
Layer fc.bias grad: 4.0628581388091334e-08
Layer fc.bias grad: 4.0628581388091334e-08
Softmax output at epoch 3: tensor([[0.0529, 0.0524, 0.0519, 0.0525, 0.0526, 0.0531, 0.0525, 0.0531, 0.0531,
         0.0525, 0.0526, 0.0524, 0.0525, 0.0521, 0.0531, 0.0531, 0.0524, 0.0531,
         0.0520],
        [0.0529, 0.0524, 0.0519, 0.0525, 0.0526, 0.0531, 0.0525, 0.0531, 0.0531,
         0.0525, 0.0526, 0.0524, 0.0525, 0.0521, 0.0531, 0.0531, 0.0524, 0.0531,
         0.0520],
        [0.0529, 0.0524, 0.0519, 0.0525, 0.0526, 0.0531, 0.0525, 0.0531, 0.0531,
         0.0525, 0.0526, 0.0524, 0.0525, 0.0521, 0.0531, 0.0531, 0.0524, 0.0531,
         0.0520],
        [0.0529, 0.0524, 0.0519, 0.0525, 0.0526, 0.0531, 0.0525, 0.0531, 0.0531,
         0.0525, 0.0526, 0.0524, 0.0525, 0.0521, 0.0531, 0.0531, 0.0524, 0.0531,
         0.0520],
        [0.0529, 0.0525, 0.0519, 0.0525, 0.0526, 0.0531, 0.0525, 0.0531, 0.0531,
         0.0525, 0.0526, 0.0524, 0.0525, 0.0521, 0.0531, 0.0531, 0.0524, 0.0531,
         0.0520]], device='cuda:2', grad_fn=<SliceBackward0>)
Softmax output at epoch 3: tensor([[0.0529, 0.0524, 0.0519, 0.0525, 0.0526, 0.0531, 0.0525, 0.0531, 0.0531,
         0.0525, 0.0526, 0.0524, 0.0525, 0.0521, 0.0531, 0.0531, 0.0524, 0.0531,
         0.0520],
        [0.0529, 0.0524, 0.0519, 0.0525, 0.0526, 0.0531, 0.0525, 0.0531, 0.0531,
         0.0525, 0.0526, 0.0524, 0.0525, 0.0521, 0.0531, 0.0531, 0.0524, 0.0531,
         0.0520],
        [0.0529, 0.0524, 0.0519, 0.0525, 0.0526, 0.0531, 0.0525, 0.0531, 0.0531,
         0.0525, 0.0526, 0.0524, 0.0525, 0.0521, 0.0531, 0.0531, 0.0524, 0.0531,
         0.0520],
        [0.0529, 0.0524, 0.0519, 0.0525, 0.0526, 0.0531, 0.0525, 0.0531, 0.0531,
         0.0525, 0.0526, 0.0524, 0.0525, 0.0521, 0.0531, 0.0531, 0.0524, 0.0531,
         0.0520],
        [0.0529, 0.0525, 0.0519, 0.0525, 0.0526, 0.0531, 0.0525, 0.0531, 0.0531,
         0.0525, 0.0526, 0.0524, 0.0525, 0.0521, 0.0531, 0.0531, 0.0524, 0.0531,
         0.0520]], device='cuda:1', grad_fn=<SliceBackward0>)
Softmax output at epoch 3: tensor([[0.0529, 0.0524, 0.0519, 0.0525, 0.0526, 0.0531, 0.0525, 0.0531, 0.0531,
         0.0525, 0.0526, 0.0524, 0.0525, 0.0521, 0.0531, 0.0531, 0.0524, 0.0531,
         0.0520],
        [0.0529, 0.0524, 0.0519, 0.0525, 0.0526, 0.0531, 0.0525, 0.0531, 0.0531,
         0.0525, 0.0526, 0.0524, 0.0525, 0.0521, 0.0531, 0.0531, 0.0524, 0.0531,
         0.0520],
        [0.0529, 0.0524, 0.0519, 0.0525, 0.0526, 0.0531, 0.0525, 0.0531, 0.0531,
         0.0525, 0.0526, 0.0524, 0.0525, 0.0521, 0.0531, 0.0531, 0.0524, 0.0531,
         0.0520],
        [0.0529, 0.0524, 0.0519, 0.0525, 0.0526, 0.0531, 0.0525, 0.0531, 0.0531,
         0.0525, 0.0526, 0.0524, 0.0525, 0.0521, 0.0531, 0.0531, 0.0524, 0.0531,
         0.0520],
        [0.0529, 0.0525, 0.0519, 0.0525, 0.0526, 0.0531, 0.0525, 0.0531, 0.0531,
         0.0525, 0.0526, 0.0524, 0.0525, 0.0521, 0.0531, 0.0531, 0.0524, 0.0531,
         0.0520]], device='cuda:3', grad_fn=<SliceBackward0>)
Softmax output at epoch 3: tensor([[0.0529, 0.0524, 0.0519, 0.0525, 0.0526, 0.0531, 0.0525, 0.0531, 0.0531,
         0.0525, 0.0526, 0.0524, 0.0525, 0.0521, 0.0531, 0.0531, 0.0524, 0.0531,
         0.0520],
        [0.0529, 0.0524, 0.0519, 0.0525, 0.0526, 0.0531, 0.0525, 0.0531, 0.0531,
         0.0525, 0.0526, 0.0524, 0.0525, 0.0521, 0.0531, 0.0531, 0.0524, 0.0531,
         0.0520],
        [0.0529, 0.0524, 0.0519, 0.0525, 0.0526, 0.0531, 0.0525, 0.0531, 0.0531,
         0.0525, 0.0526, 0.0524, 0.0525, 0.0521, 0.0531, 0.0531, 0.0524, 0.0531,
         0.0520],
        [0.0529, 0.0524, 0.0519, 0.0525, 0.0526, 0.0531, 0.0525, 0.0531, 0.0531,
         0.0525, 0.0526, 0.0524, 0.0525, 0.0521, 0.0531, 0.0531, 0.0524, 0.0531,
         0.0520],
        [0.0529, 0.0525, 0.0519, 0.0525, 0.0526, 0.0531, 0.0525, 0.0531, 0.0531,
         0.0525, 0.0526, 0.0524, 0.0525, 0.0521, 0.0531, 0.0531, 0.0524, 0.0531,
         0.0520]], device='cuda:0', grad_fn=<SliceBackward0>)
pt values at epoch 3: tensor([0.0529, 0.0529, 0.0529, 0.0529, 0.0529], device='cuda:2',
       grad_fn=<SliceBackward0>)
pt values at epoch 3: tensor([0.0529, 0.0529, 0.0529, 0.0529, 0.0529], device='cuda:1',
       grad_fn=<SliceBackward0>)
pt values at epoch 3: tensor([0.0529, 0.0529, 0.0529, 0.0529, 0.0529], device='cuda:3',
       grad_fn=<SliceBackward0>)
pt values at epoch 3: tensor([0.0529, 0.0529, 0.0529, 0.0529, 0.0529], device='cuda:0',
       grad_fn=<SliceBackward0>)
Layer conv1.att_src grad: 1.6216509302654624e-15Layer conv1.att_src grad: 1.6216509302654624e-15Layer conv1.att_src grad: 1.6216509302654624e-15Layer conv1.att_src grad: 1.6216509302654624e-15



Layer conv1.att_dst grad: 7.307156830198204e-16Layer conv1.att_dst grad: 7.307156830198204e-16Layer conv1.att_dst grad: 7.307156830198204e-16Layer conv1.att_dst grad: 7.307156830198204e-16



Layer conv1.bias grad: 3.2264898218448135e-12Layer conv1.bias grad: 3.2264898218448135e-12Layer conv1.bias grad: 3.2264898218448135e-12
Layer conv1.bias grad: 3.2264898218448135e-12


Layer conv1.lin.weight grad: 2.087622609503459e-12Layer conv1.lin.weight grad: 2.087622609503459e-12
Layer conv1.lin.weight grad: 2.087622609503459e-12Layer conv1.lin.weight grad: 2.087622609503459e-12


Layer conv2.att_src grad: 1.3740698172279308e-16
Layer conv2.att_src grad: 1.3740698172279308e-16Layer conv2.att_src grad: 1.3740698172279308e-16
Layer conv2.att_src grad: 1.3740698172279308e-16

Layer conv2.att_dst grad: 6.223439584075003e-17
Layer conv2.att_dst grad: 6.223439584075003e-17
Layer conv2.att_dst grad: 6.223439584075003e-17Layer conv2.att_dst grad: 6.223439584075003e-17

Layer conv2.bias grad: 1.943684449501326e-11
Layer conv2.bias grad: 1.943684449501326e-11
Layer conv2.bias grad: 1.943684449501326e-11Layer conv2.bias grad: 1.943684449501326e-11

Layer conv2.lin.weight grad: 4.397403394109517e-13
Layer conv2.lin.weight grad: 4.397403394109517e-13
Layer conv2.lin.weight grad: 4.397403394109517e-13
Layer conv2.lin.weight grad: 4.397403394109517e-13
Layer conv3.att_src grad: 4.201398231050352e-17
Layer conv3.att_src grad: 4.201398231050352e-17
Layer conv3.att_src grad: 4.201398231050352e-17
Layer conv3.att_src grad: 4.201398231050352e-17
Layer conv3.att_dst grad: 3.0207752541542364e-17
Layer conv3.att_dst grad: 3.0207752541542364e-17
Layer conv3.att_dst grad: 3.0207752541542364e-17
Layer conv3.att_dst grad: 3.0207752541542364e-17
Layer conv3.bias grad: 1.5897512473106445e-10
Layer conv3.bias grad: 1.5897512473106445e-10
Layer conv3.bias grad: 1.5897512473106445e-10
Layer conv3.bias grad: 1.5897512473106445e-10
Layer conv3.lin.weight grad: 4.3897207375152847e-13
Layer conv3.lin.weight grad: 4.3897207375152847e-13
Layer conv3.lin.weight grad: 4.3897207375152847e-13
Layer conv3.lin.weight grad: 4.3897207375152847e-13
Layer conv4.att_src grad: 2.7168209551906035e-17
Layer conv4.att_src grad: 2.7168209551906035e-17
Layer conv4.att_src grad: 2.7168209551906035e-17
Layer conv4.att_src grad: 2.7168209551906035e-17
Layer conv4.att_dst grad: 4.135369944860348e-18
Layer conv4.att_dst grad: 4.135369944860348e-18
Layer conv4.att_dst grad: 4.135369944860348e-18
Layer conv4.att_dst grad: 4.135369944860348e-18
Layer conv4.bias grad: 8.866792300388227e-10
Layer conv4.bias grad: 8.866792300388227e-10
Layer conv4.bias grad: 8.866792300388227e-10
Layer conv4.bias grad: 8.866792300388227e-10
Layer conv4.lin.weight grad: 5.867834972257679e-13
Layer conv4.lin.weight grad: 5.867834972257679e-13
Layer conv4.lin.weight grad: 5.867834972257679e-13
Layer conv4.lin.weight grad: 5.867834972257679e-13
Layer fc.weight grad: 2.965939993604394e-11
Layer fc.weight grad: 2.965939993604394e-11
Layer fc.weight grad: 2.965939993604394e-11
Layer fc.weight grad: 2.965939993604394e-11
Layer fc.bias grad: 5.176904238624047e-08
Layer fc.bias grad: 5.176904238624047e-08
Layer fc.bias grad: 5.176904238624047e-08
Layer fc.bias grad: 5.176904238624047e-08
Softmax output at epoch 3: tensor([[0.0530, 0.0525, 0.0519, 0.0526, 0.0527, 0.0531, 0.0526, 0.0531, 0.0531,
         0.0524, 0.0527, 0.0524, 0.0526, 0.0520, 0.0531, 0.0531, 0.0522, 0.0531,
         0.0519],
        [0.0530, 0.0525, 0.0519, 0.0526, 0.0527, 0.0531, 0.0526, 0.0531, 0.0531,
         0.0524, 0.0527, 0.0524, 0.0526, 0.0520, 0.0531, 0.0531, 0.0522, 0.0531,
         0.0519],
        [0.0530, 0.0525, 0.0519, 0.0526, 0.0527, 0.0531, 0.0526, 0.0531, 0.0531,
         0.0524, 0.0527, 0.0524, 0.0526, 0.0520, 0.0531, 0.0531, 0.0522, 0.0531,
         0.0519],
        [0.0530, 0.0525, 0.0519, 0.0526, 0.0527, 0.0531, 0.0526, 0.0531, 0.0531,
         0.0524, 0.0527, 0.0524, 0.0526, 0.0520, 0.0531, 0.0531, 0.0522, 0.0531,
         0.0519],
        [0.0530, 0.0525, 0.0519, 0.0526, 0.0527, 0.0531, 0.0526, 0.0531, 0.0531,
         0.0524, 0.0527, 0.0524, 0.0526, 0.0520, 0.0531, 0.0531, 0.0522, 0.0531,
         0.0519]], device='cuda:2', grad_fn=<SliceBackward0>)
Softmax output at epoch 3: tensor([[0.0530, 0.0525, 0.0519, 0.0526, 0.0527, 0.0531, 0.0526, 0.0531, 0.0531,
         0.0524, 0.0527, 0.0524, 0.0526, 0.0520, 0.0531, 0.0531, 0.0522, 0.0531,
         0.0519],
        [0.0530, 0.0525, 0.0519, 0.0526, 0.0527, 0.0531, 0.0526, 0.0531, 0.0531,
         0.0524, 0.0527, 0.0524, 0.0526, 0.0520, 0.0531, 0.0531, 0.0522, 0.0531,
         0.0519],
        [0.0530, 0.0525, 0.0519, 0.0526, 0.0527, 0.0531, 0.0526, 0.0531, 0.0531,
         0.0524, 0.0527, 0.0524, 0.0526, 0.0520, 0.0531, 0.0531, 0.0522, 0.0531,
         0.0519],
        [0.0530, 0.0525, 0.0519, 0.0526, 0.0527, 0.0531, 0.0526, 0.0531, 0.0531,
         0.0524, 0.0527, 0.0524, 0.0526, 0.0520, 0.0531, 0.0531, 0.0522, 0.0531,
         0.0519],
        [0.0530, 0.0525, 0.0519, 0.0526, 0.0527, 0.0531, 0.0526, 0.0531, 0.0531,
         0.0524, 0.0527, 0.0524, 0.0526, 0.0520, 0.0531, 0.0531, 0.0522, 0.0531,
         0.0519]], device='cuda:3', grad_fn=<SliceBackward0>)
Softmax output at epoch 3: tensor([[0.0530, 0.0525, 0.0519, 0.0526, 0.0527, 0.0531, 0.0526, 0.0531, 0.0531,
         0.0524, 0.0527, 0.0524, 0.0526, 0.0520, 0.0531, 0.0531, 0.0522, 0.0531,
         0.0519],
        [0.0530, 0.0525, 0.0519, 0.0526, 0.0527, 0.0531, 0.0526, 0.0531, 0.0531,
         0.0524, 0.0527, 0.0524, 0.0526, 0.0520, 0.0531, 0.0531, 0.0522, 0.0531,
         0.0519],
        [0.0530, 0.0525, 0.0519, 0.0526, 0.0527, 0.0531, 0.0526, 0.0531, 0.0531,
         0.0524, 0.0527, 0.0524, 0.0526, 0.0520, 0.0531, 0.0531, 0.0522, 0.0531,
         0.0519],
        [0.0530, 0.0525, 0.0519, 0.0526, 0.0527, 0.0531, 0.0526, 0.0531, 0.0531,
         0.0524, 0.0527, 0.0524, 0.0526, 0.0520, 0.0531, 0.0531, 0.0522, 0.0531,
         0.0519],
        [0.0530, 0.0525, 0.0519, 0.0526, 0.0527, 0.0531, 0.0526, 0.0531, 0.0531,
         0.0524, 0.0527, 0.0524, 0.0526, 0.0520, 0.0531, 0.0531, 0.0522, 0.0531,
         0.0519]], device='cuda:0', grad_fn=<SliceBackward0>)
Softmax output at epoch 3: tensor([[0.0530, 0.0525, 0.0519, 0.0526, 0.0527, 0.0531, 0.0526, 0.0531, 0.0531,
         0.0524, 0.0527, 0.0524, 0.0526, 0.0520, 0.0531, 0.0531, 0.0522, 0.0531,
         0.0519],
        [0.0530, 0.0525, 0.0519, 0.0526, 0.0527, 0.0531, 0.0526, 0.0531, 0.0531,
         0.0524, 0.0527, 0.0524, 0.0526, 0.0520, 0.0531, 0.0531, 0.0522, 0.0531,
         0.0519],
        [0.0530, 0.0525, 0.0519, 0.0526, 0.0527, 0.0531, 0.0526, 0.0531, 0.0531,
         0.0524, 0.0527, 0.0524, 0.0526, 0.0520, 0.0531, 0.0531, 0.0522, 0.0531,
         0.0519],
        [0.0530, 0.0525, 0.0519, 0.0526, 0.0527, 0.0531, 0.0526, 0.0531, 0.0531,
         0.0524, 0.0527, 0.0524, 0.0526, 0.0520, 0.0531, 0.0531, 0.0522, 0.0531,
         0.0519],
        [0.0530, 0.0525, 0.0519, 0.0526, 0.0527, 0.0531, 0.0526, 0.0531, 0.0531,
         0.0524, 0.0527, 0.0524, 0.0526, 0.0520, 0.0531, 0.0531, 0.0522, 0.0531,
         0.0519]], device='cuda:1', grad_fn=<SliceBackward0>)
pt values at epoch 3: tensor([0.0530, 0.0530, 0.0530, 0.0530, 0.0530], device='cuda:2',
       grad_fn=<SliceBackward0>)
pt values at epoch 3: tensor([0.0530, 0.0530, 0.0530, 0.0530, 0.0530], device='cuda:3',
       grad_fn=<SliceBackward0>)
pt values at epoch 3: tensor([0.0530, 0.0530, 0.0530, 0.0530, 0.0530], device='cuda:0',
       grad_fn=<SliceBackward0>)
pt values at epoch 3: tensor([0.0530, 0.0530, 0.0530, 0.0530, 0.0530], device='cuda:1',
       grad_fn=<SliceBackward0>)
Layer conv1.att_src grad: 8.049806201593213e-16Layer conv1.att_src grad: 8.049806201593213e-16Layer conv1.att_src grad: 8.049806201593213e-16Layer conv1.att_src grad: 8.049806201593213e-16



Layer conv1.att_dst grad: 2.79649939239257e-16Layer conv1.att_dst grad: 2.79649939239257e-16Layer conv1.att_dst grad: 2.79649939239257e-16Layer conv1.att_dst grad: 2.79649939239257e-16



Layer conv1.bias grad: 1.971671523964824e-12Layer conv1.bias grad: 1.971671523964824e-12
Layer conv1.bias grad: 1.971671523964824e-12Layer conv1.bias grad: 1.971671523964824e-12


Layer conv1.lin.weight grad: 1.2540515501036076e-12
Layer conv1.lin.weight grad: 1.2540515501036076e-12Layer conv1.lin.weight grad: 1.2540515501036076e-12Layer conv1.lin.weight grad: 1.2540515501036076e-12


Layer conv2.att_src grad: 6.492373868317224e-17
Layer conv2.att_src grad: 6.492373868317224e-17Layer conv2.att_src grad: 6.492373868317224e-17Layer conv2.att_src grad: 6.492373868317224e-17


Layer conv2.att_dst grad: 3.377740415290065e-17
Layer conv2.att_dst grad: 3.377740415290065e-17Layer conv2.att_dst grad: 3.377740415290065e-17
Layer conv2.att_dst grad: 3.377740415290065e-17

Layer conv2.bias grad: 1.3090856523789718e-11
Layer conv2.bias grad: 1.3090856523789718e-11
Layer conv2.bias grad: 1.3090856523789718e-11Layer conv2.bias grad: 1.3090856523789718e-11

Layer conv2.lin.weight grad: 2.721724213193555e-13
Layer conv2.lin.weight grad: 2.721724213193555e-13
Layer conv2.lin.weight grad: 2.721724213193555e-13Layer conv2.lin.weight grad: 2.721724213193555e-13

Layer conv3.att_src grad: 2.281793932467533e-17
Layer conv3.att_src grad: 2.281793932467533e-17
Layer conv3.att_src grad: 2.281793932467533e-17Layer conv3.att_src grad: 2.281793932467533e-17
Layer conv3.att_dst grad: 1.6297833730013897e-17

Layer conv3.att_dst grad: 1.6297833730013897e-17
Layer conv3.att_dst grad: 1.6297833730013897e-17
Layer conv3.att_dst grad: 1.6297833730013897e-17Layer conv3.bias grad: 1.0679991613304907e-10

Layer conv3.bias grad: 1.0679991613304907e-10
Layer conv3.bias grad: 1.0679991613304907e-10
Layer conv3.bias grad: 1.0679991613304907e-10
Layer conv3.lin.weight grad: 2.51248078331906e-13
Layer conv3.lin.weight grad: 2.51248078331906e-13Layer conv3.lin.weight grad: 2.51248078331906e-13
Layer conv3.lin.weight grad: 2.51248078331906e-13

Layer conv4.att_src grad: 1.1084268184686099e-17
Layer conv4.att_src grad: 1.1084268184686099e-17
Layer conv4.att_src grad: 1.1084268184686099e-17Layer conv4.att_dst grad: 2.6577879700048378e-18Layer conv4.att_src grad: 1.1084268184686099e-17


Layer conv4.att_dst grad: 2.6577879700048378e-18
Layer conv4.att_dst grad: 2.6577879700048378e-18Layer conv4.bias grad: 5.371632028072781e-10
Layer conv4.att_dst grad: 2.6577879700048378e-18

Layer conv4.bias grad: 5.371632028072781e-10
Layer conv4.bias grad: 5.371632028072781e-10
Layer conv4.bias grad: 5.371632028072781e-10
Layer conv4.lin.weight grad: 2.7826284570812987e-13
Layer conv4.lin.weight grad: 2.7826284570812987e-13
Layer conv4.lin.weight grad: 2.7826284570812987e-13
Layer conv4.lin.weight grad: 2.7826284570812987e-13
Layer fc.weight grad: 1.2258251705365986e-11
Layer fc.weight grad: 1.2258251705365986e-11
Layer fc.weight grad: 1.2258251705365986e-11Layer fc.weight grad: 1.2258251705365986e-11Layer fc.bias grad: 2.6480243775495182e-08


Layer fc.bias grad: 2.6480243775495182e-08
Layer fc.bias grad: 2.6480243775495182e-08Layer fc.bias grad: 2.6480243775495182e-08

Softmax output at epoch 3: tensor([[0.0531, 0.0525, 0.0518, 0.0527, 0.0527, 0.0531, 0.0526, 0.0531, 0.0531,
         0.0524, 0.0528, 0.0524, 0.0527, 0.0519, 0.0531, 0.0531, 0.0520, 0.0530,
         0.0518],
        [0.0531, 0.0525, 0.0518, 0.0527, 0.0527, 0.0531, 0.0526, 0.0531, 0.0531,
         0.0524, 0.0528, 0.0524, 0.0527, 0.0519, 0.0531, 0.0531, 0.0520, 0.0530,
         0.0518],
        [0.0531, 0.0525, 0.0518, 0.0527, 0.0527, 0.0531, 0.0526, 0.0531, 0.0531,
         0.0524, 0.0528, 0.0524, 0.0527, 0.0519, 0.0531, 0.0531, 0.0520, 0.0530,
         0.0518],
        [0.0531, 0.0525, 0.0518, 0.0527, 0.0527, 0.0531, 0.0526, 0.0531, 0.0531,
         0.0524, 0.0528, 0.0524, 0.0527, 0.0519, 0.0531, 0.0531, 0.0520, 0.0530,
         0.0518],
        [0.0531, 0.0525, 0.0518, 0.0527, 0.0527, 0.0531, 0.0526, 0.0531, 0.0531,
         0.0524, 0.0528, 0.0524, 0.0527, 0.0519, 0.0531, 0.0531, 0.0520, 0.0530,
         0.0518]], device='cuda:2', grad_fn=<SliceBackward0>)
Softmax output at epoch 3: tensor([[0.0531, 0.0525, 0.0518, 0.0527, 0.0527, 0.0531, 0.0526, 0.0531, 0.0531,
         0.0524, 0.0528, 0.0524, 0.0527, 0.0519, 0.0531, 0.0531, 0.0520, 0.0530,
         0.0518],
        [0.0531, 0.0525, 0.0518, 0.0527, 0.0527, 0.0531, 0.0526, 0.0531, 0.0531,
         0.0524, 0.0528, 0.0524, 0.0527, 0.0519, 0.0531, 0.0531, 0.0520, 0.0530,
         0.0518],
        [0.0531, 0.0525, 0.0518, 0.0527, 0.0527, 0.0531, 0.0526, 0.0531, 0.0531,
         0.0524, 0.0528, 0.0524, 0.0527, 0.0519, 0.0531, 0.0531, 0.0520, 0.0530,
         0.0518],
        [0.0531, 0.0525, 0.0518, 0.0527, 0.0527, 0.0531, 0.0526, 0.0531, 0.0531,
         0.0524, 0.0528, 0.0524, 0.0527, 0.0519, 0.0531, 0.0531, 0.0520, 0.0530,
         0.0518],
        [0.0531, 0.0525, 0.0518, 0.0527, 0.0527, 0.0531, 0.0526, 0.0531, 0.0531,
         0.0524, 0.0528, 0.0524, 0.0527, 0.0519, 0.0531, 0.0531, 0.0520, 0.0530,
         0.0518]], device='cuda:3', grad_fn=<SliceBackward0>)
Softmax output at epoch 3: tensor([[0.0531, 0.0525, 0.0518, 0.0527, 0.0527, 0.0531, 0.0526, 0.0531, 0.0531,
         0.0524, 0.0528, 0.0524, 0.0527, 0.0519, 0.0531, 0.0531, 0.0520, 0.0530,
         0.0518],
        [0.0531, 0.0525, 0.0518, 0.0527, 0.0527, 0.0531, 0.0526, 0.0531, 0.0531,
         0.0524, 0.0528, 0.0524, 0.0527, 0.0519, 0.0531, 0.0531, 0.0520, 0.0530,
         0.0518],
        [0.0531, 0.0525, 0.0518, 0.0527, 0.0527, 0.0531, 0.0526, 0.0531, 0.0531,
         0.0524, 0.0528, 0.0524, 0.0527, 0.0519, 0.0531, 0.0531, 0.0520, 0.0530,
         0.0518],
        [0.0531, 0.0525, 0.0518, 0.0527, 0.0527, 0.0531, 0.0526, 0.0531, 0.0531,
         0.0524, 0.0528, 0.0524, 0.0527, 0.0519, 0.0531, 0.0531, 0.0520, 0.0530,
         0.0518],
        [0.0531, 0.0525, 0.0518, 0.0527, 0.0527, 0.0531, 0.0526, 0.0531, 0.0531,
         0.0524, 0.0528, 0.0524, 0.0527, 0.0519, 0.0531, 0.0531, 0.0520, 0.0530,
         0.0518]], device='cuda:0', grad_fn=<SliceBackward0>)
Softmax output at epoch 3: tensor([[0.0531, 0.0525, 0.0518, 0.0527, 0.0527, 0.0531, 0.0526, 0.0531, 0.0531,
         0.0524, 0.0528, 0.0524, 0.0527, 0.0519, 0.0531, 0.0531, 0.0520, 0.0530,
         0.0518],
        [0.0531, 0.0525, 0.0518, 0.0527, 0.0527, 0.0531, 0.0526, 0.0531, 0.0531,
         0.0524, 0.0528, 0.0524, 0.0527, 0.0519, 0.0531, 0.0531, 0.0520, 0.0530,
         0.0518],
        [0.0531, 0.0525, 0.0518, 0.0527, 0.0527, 0.0531, 0.0526, 0.0531, 0.0531,
         0.0524, 0.0528, 0.0524, 0.0527, 0.0519, 0.0531, 0.0531, 0.0520, 0.0530,
         0.0518],
        [0.0531, 0.0525, 0.0518, 0.0527, 0.0527, 0.0531, 0.0526, 0.0531, 0.0531,
         0.0524, 0.0528, 0.0524, 0.0527, 0.0519, 0.0531, 0.0531, 0.0520, 0.0530,
         0.0518],
        [0.0531, 0.0525, 0.0518, 0.0527, 0.0527, 0.0531, 0.0526, 0.0531, 0.0531,
         0.0524, 0.0528, 0.0524, 0.0527, 0.0519, 0.0531, 0.0531, 0.0520, 0.0530,
         0.0518]], device='cuda:1', grad_fn=<SliceBackward0>)
pt values at epoch 3: tensor([0.0531, 0.0531, 0.0531, 0.0531, 0.0531], device='cuda:2',
       grad_fn=<SliceBackward0>)
pt values at epoch 3: tensor([0.0531, 0.0531, 0.0531, 0.0531, 0.0531], device='cuda:3',
       grad_fn=<SliceBackward0>)
pt values at epoch 3: tensor([0.0531, 0.0531, 0.0531, 0.0531, 0.0531], device='cuda:0',
       grad_fn=<SliceBackward0>)
pt values at epoch 3: tensor([0.0531, 0.0531, 0.0531, 0.0531, 0.0531], device='cuda:1',
       grad_fn=<SliceBackward0>)
Layer conv1.att_src grad: 5.070698152475641e-16Layer conv1.att_src grad: 5.070698152475641e-16Layer conv1.att_src grad: 5.070698152475641e-16Layer conv1.att_src grad: 5.070698152475641e-16



Layer conv1.att_dst grad: 2.534985381466093e-16Layer conv1.att_dst grad: 2.534985381466093e-16Layer conv1.att_dst grad: 2.534985381466093e-16Layer conv1.att_dst grad: 2.534985381466093e-16



Layer conv1.bias grad: 1.424596334995143e-12Layer conv1.bias grad: 1.424596334995143e-12
Layer conv1.bias grad: 1.424596334995143e-12Layer conv1.bias grad: 1.424596334995143e-12


Layer conv1.lin.weight grad: 8.57984093927816e-13
Layer conv1.lin.weight grad: 8.57984093927816e-13Layer conv1.lin.weight grad: 8.57984093927816e-13
Layer conv1.lin.weight grad: 8.57984093927816e-13

Layer conv2.att_src grad: 4.967777428986037e-17
Layer conv2.att_src grad: 4.967777428986037e-17
Layer conv2.att_src grad: 4.967777428986037e-17Layer conv2.att_src grad: 4.967777428986037e-17

Layer conv2.att_dst grad: 3.155618267145691e-17
Layer conv2.att_dst grad: 3.155618267145691e-17
Layer conv2.att_dst grad: 3.155618267145691e-17Layer conv2.att_dst grad: 3.155618267145691e-17

Layer conv2.bias grad: 1.1337987840254193e-11
Layer conv2.bias grad: 1.1337987840254193e-11
Layer conv2.bias grad: 1.1337987840254193e-11Layer conv2.bias grad: 1.1337987840254193e-11

Layer conv2.lin.weight grad: 1.9802185607410705e-13
Layer conv2.lin.weight grad: 1.9802185607410705e-13
Layer conv2.lin.weight grad: 1.9802185607410705e-13Layer conv2.lin.weight grad: 1.9802185607410705e-13

Layer conv3.att_src grad: 1.4509006024531222e-17
Layer conv3.att_src grad: 1.4509006024531222e-17
Layer conv3.att_src grad: 1.4509006024531222e-17
Layer conv3.att_src grad: 1.4509006024531222e-17
Layer conv3.att_dst grad: 5.83696773243655e-18Layer conv3.att_dst grad: 5.83696773243655e-18

Layer conv3.att_dst grad: 5.83696773243655e-18
Layer conv3.att_dst grad: 5.83696773243655e-18
Layer conv3.bias grad: 1.1841441716065049e-10
Layer conv3.bias grad: 1.1841441716065049e-10
Layer conv3.bias grad: 1.1841441716065049e-10
Layer conv3.bias grad: 1.1841441716065049e-10
Layer conv3.lin.weight grad: 1.9823286892192704e-13
Layer conv3.lin.weight grad: 1.9823286892192704e-13
Layer conv3.lin.weight grad: 1.9823286892192704e-13
Layer conv3.lin.weight grad: 1.9823286892192704e-13
Layer conv4.att_src grad: 4.453761275209053e-18
Layer conv4.att_src grad: 4.453761275209053e-18
Layer conv4.att_src grad: 4.453761275209053e-18
Layer conv4.att_src grad: 4.453761275209053e-18
Layer conv4.att_dst grad: 1.749213819152358e-18
Layer conv4.att_dst grad: 1.749213819152358e-18
Layer conv4.att_dst grad: 1.749213819152358e-18
Layer conv4.att_dst grad: 1.749213819152358e-18
Layer conv4.bias grad: 7.545854496804338e-10
Layer conv4.bias grad: 7.545854496804338e-10
Layer conv4.bias grad: 7.545854496804338e-10
Layer conv4.bias grad: 7.545854496804338e-10
Layer conv4.lin.weight grad: 2.390658471965873e-13
Layer conv4.lin.weight grad: 2.390658471965873e-13
Layer conv4.lin.weight grad: 2.390658471965873e-13
Layer conv4.lin.weight grad: 2.390658471965873e-13
Layer fc.weight grad: 1.0478299651561773e-11
Layer fc.weight grad: 1.0478299651561773e-11Layer fc.weight grad: 1.0478299651561773e-11

Layer fc.weight grad: 1.0478299651561773e-11
Layer fc.bias grad: 3.7947405218119457e-08
Layer fc.bias grad: 3.7947405218119457e-08Layer fc.bias grad: 3.7947405218119457e-08

Layer fc.bias grad: 3.7947405218119457e-08
Softmax output at epoch 3: tensor([[0.0531, 0.0525, 0.0518, 0.0528, 0.0527, 0.0531, 0.0526, 0.0530, 0.0531,
         0.0524, 0.0529, 0.0524, 0.0528, 0.0518, 0.0531, 0.0531, 0.0519, 0.0529,
         0.0518],
        [0.0531, 0.0525, 0.0518, 0.0528, 0.0527, 0.0531, 0.0526, 0.0530, 0.0531,
         0.0524, 0.0529, 0.0524, 0.0528, 0.0518, 0.0531, 0.0531, 0.0519, 0.0529,
         0.0518],
        [0.0531, 0.0525, 0.0518, 0.0528, 0.0527, 0.0531, 0.0526, 0.0530, 0.0531,
         0.0524, 0.0529, 0.0524, 0.0528, 0.0518, 0.0531, 0.0531, 0.0519, 0.0529,
         0.0518],
        [0.0531, 0.0525, 0.0518, 0.0528, 0.0527, 0.0531, 0.0526, 0.0530, 0.0531,
         0.0524, 0.0529, 0.0524, 0.0528, 0.0518, 0.0531, 0.0531, 0.0519, 0.0529,
         0.0518],
        [0.0531, 0.0525, 0.0518, 0.0528, 0.0527, 0.0531, 0.0526, 0.0530, 0.0531,
         0.0524, 0.0529, 0.0524, 0.0528, 0.0518, 0.0531, 0.0531, 0.0519, 0.0529,
         0.0518]], device='cuda:2', grad_fn=<SliceBackward0>)
Softmax output at epoch 3: tensor([[0.0531, 0.0525, 0.0518, 0.0528, 0.0527, 0.0531, 0.0526, 0.0530, 0.0531,
         0.0524, 0.0529, 0.0524, 0.0528, 0.0518, 0.0531, 0.0531, 0.0519, 0.0529,
         0.0518],
        [0.0531, 0.0525, 0.0518, 0.0528, 0.0527, 0.0531, 0.0526, 0.0530, 0.0531,
         0.0524, 0.0529, 0.0524, 0.0528, 0.0518, 0.0531, 0.0531, 0.0519, 0.0529,
         0.0518],
        [0.0531, 0.0525, 0.0518, 0.0528, 0.0527, 0.0531, 0.0526, 0.0530, 0.0531,
         0.0524, 0.0529, 0.0524, 0.0528, 0.0518, 0.0531, 0.0531, 0.0519, 0.0529,
         0.0518],
        [0.0531, 0.0525, 0.0518, 0.0528, 0.0527, 0.0531, 0.0526, 0.0530, 0.0531,
         0.0524, 0.0529, 0.0524, 0.0528, 0.0518, 0.0531, 0.0531, 0.0519, 0.0529,
         0.0518],
        [0.0531, 0.0525, 0.0518, 0.0528, 0.0527, 0.0531, 0.0526, 0.0530, 0.0531,
         0.0524, 0.0529, 0.0524, 0.0528, 0.0518, 0.0531, 0.0531, 0.0519, 0.0529,
         0.0518]], device='cuda:3', grad_fn=<SliceBackward0>)
Softmax output at epoch 3: tensor([[0.0531, 0.0525, 0.0518, 0.0528, 0.0527, 0.0531, 0.0526, 0.0530, 0.0531,
         0.0524, 0.0529, 0.0524, 0.0528, 0.0518, 0.0531, 0.0531, 0.0519, 0.0529,
         0.0518],
        [0.0531, 0.0525, 0.0518, 0.0528, 0.0527, 0.0531, 0.0526, 0.0530, 0.0531,
         0.0524, 0.0529, 0.0524, 0.0528, 0.0518, 0.0531, 0.0531, 0.0519, 0.0529,
         0.0518],
        [0.0531, 0.0525, 0.0518, 0.0528, 0.0527, 0.0531, 0.0526, 0.0530, 0.0531,
         0.0524, 0.0529, 0.0524, 0.0528, 0.0518, 0.0531, 0.0531, 0.0519, 0.0529,
         0.0518],
        [0.0531, 0.0525, 0.0518, 0.0528, 0.0527, 0.0531, 0.0526, 0.0530, 0.0531,
         0.0524, 0.0529, 0.0524, 0.0528, 0.0518, 0.0531, 0.0531, 0.0519, 0.0529,
         0.0518],
        [0.0531, 0.0525, 0.0518, 0.0528, 0.0527, 0.0531, 0.0526, 0.0530, 0.0531,
         0.0524, 0.0529, 0.0524, 0.0528, 0.0518, 0.0531, 0.0531, 0.0519, 0.0529,
         0.0518]], device='cuda:0', grad_fn=<SliceBackward0>)
Softmax output at epoch 3: tensor([[0.0531, 0.0525, 0.0518, 0.0528, 0.0527, 0.0531, 0.0526, 0.0530, 0.0531,
         0.0524, 0.0529, 0.0524, 0.0528, 0.0518, 0.0531, 0.0531, 0.0519, 0.0529,
         0.0518],
        [0.0531, 0.0525, 0.0518, 0.0528, 0.0527, 0.0531, 0.0526, 0.0530, 0.0531,
         0.0524, 0.0529, 0.0524, 0.0528, 0.0518, 0.0531, 0.0531, 0.0519, 0.0529,
         0.0518],
        [0.0531, 0.0525, 0.0518, 0.0528, 0.0527, 0.0531, 0.0526, 0.0530, 0.0531,
         0.0524, 0.0529, 0.0524, 0.0528, 0.0518, 0.0531, 0.0531, 0.0519, 0.0529,
         0.0518],
        [0.0531, 0.0525, 0.0518, 0.0528, 0.0527, 0.0531, 0.0526, 0.0530, 0.0531,
         0.0524, 0.0529, 0.0524, 0.0528, 0.0518, 0.0531, 0.0531, 0.0519, 0.0529,
         0.0518],
        [0.0531, 0.0525, 0.0518, 0.0528, 0.0527, 0.0531, 0.0526, 0.0530, 0.0531,
         0.0524, 0.0529, 0.0524, 0.0528, 0.0518, 0.0531, 0.0531, 0.0519, 0.0529,
         0.0518]], device='cuda:1', grad_fn=<SliceBackward0>)
pt values at epoch 3: tensor([0.0531, 0.0531, 0.0531, 0.0531, 0.0531], device='cuda:2',
       grad_fn=<SliceBackward0>)
pt values at epoch 3: tensor([0.0531, 0.0531, 0.0531, 0.0531, 0.0531], device='cuda:3',
       grad_fn=<SliceBackward0>)
pt values at epoch 3: tensor([0.0531, 0.0531, 0.0531, 0.0531, 0.0531], device='cuda:0',
       grad_fn=<SliceBackward0>)
pt values at epoch 3: tensor([0.0531, 0.0531, 0.0531, 0.0531, 0.0531], device='cuda:1',
       grad_fn=<SliceBackward0>)
Layer conv1.att_src grad: 3.065194919222783e-16Layer conv1.att_src grad: 3.065194919222783e-16Layer conv1.att_src grad: 3.065194919222783e-16Layer conv1.att_src grad: 3.065194919222783e-16



Layer conv1.att_dst grad: 1.4174975934803528e-16Layer conv1.att_dst grad: 1.4174975934803528e-16Layer conv1.att_dst grad: 1.4174975934803528e-16Layer conv1.att_dst grad: 1.4174975934803528e-16



Layer conv1.bias grad: 1.7059620860057634e-12Layer conv1.bias grad: 1.7059620860057634e-12Layer conv1.bias grad: 1.7059620860057634e-12Layer conv1.bias grad: 1.7059620860057634e-12



Layer conv1.lin.weight grad: 1.0174155355008319e-12Layer conv1.lin.weight grad: 1.0174155355008319e-12
Layer conv1.lin.weight grad: 1.0174155355008319e-12
Layer conv1.lin.weight grad: 1.0174155355008319e-12

Layer conv2.att_src grad: 4.398182844415492e-17
Layer conv2.att_src grad: 4.398182844415492e-17
Layer conv2.att_src grad: 4.398182844415492e-17Layer conv2.att_src grad: 4.398182844415492e-17

Layer conv2.att_dst grad: 2.7094888262409334e-17
Layer conv2.att_dst grad: 2.7094888262409334e-17
Layer conv2.att_dst grad: 2.7094888262409334e-17Layer conv2.att_dst grad: 2.7094888262409334e-17

Layer conv2.bias grad: 1.3733269729754305e-11
Layer conv2.bias grad: 1.3733269729754305e-11
Layer conv2.bias grad: 1.3733269729754305e-11Layer conv2.bias grad: 1.3733269729754305e-11

Layer conv2.lin.weight grad: 2.1881383152882322e-13
Layer conv2.lin.weight grad: 2.1881383152882322e-13
Layer conv2.lin.weight grad: 2.1881383152882322e-13Layer conv2.lin.weight grad: 2.1881383152882322e-13

Layer conv3.att_src grad: 1.2032741599180227e-17
Layer conv3.att_src grad: 1.2032741599180227e-17
Layer conv3.att_src grad: 1.2032741599180227e-17Layer conv3.att_src grad: 1.2032741599180227e-17

Layer conv3.att_dst grad: 2.313574128883759e-18
Layer conv3.att_dst grad: 2.313574128883759e-18
Layer conv3.att_dst grad: 2.313574128883759e-18Layer conv3.att_dst grad: 2.313574128883759e-18

Layer conv3.bias grad: 1.4207340859329065e-10
Layer conv3.bias grad: 1.4207340859329065e-10
Layer conv3.bias grad: 1.4207340859329065e-10Layer conv3.bias grad: 1.4207340859329065e-10

Layer conv3.lin.weight grad: 2.2265361483784357e-13
Layer conv3.lin.weight grad: 2.2265361483784357e-13
Layer conv3.lin.weight grad: 2.2265361483784357e-13Layer conv3.lin.weight grad: 2.2265361483784357e-13

Layer conv4.att_src grad: 2.954984244722943e-18
Layer conv4.att_src grad: 2.954984244722943e-18
Layer conv4.att_src grad: 2.954984244722943e-18Layer conv4.att_src grad: 2.954984244722943e-18

Layer conv4.att_dst grad: 1.2872537129664995e-18
Layer conv4.att_dst grad: 1.2872537129664995e-18
Layer conv4.att_dst grad: 1.2872537129664995e-18Layer conv4.att_dst grad: 1.2872537129664995e-18

Layer conv4.bias grad: 9.782357146548293e-10
Layer conv4.bias grad: 9.782357146548293e-10
Layer conv4.bias grad: 9.782357146548293e-10Layer conv4.bias grad: 9.782357146548293e-10

Layer conv4.lin.weight grad: 3.4686435581438024e-13
Layer conv4.lin.weight grad: 3.4686435581438024e-13
Layer conv4.lin.weight grad: 3.4686435581438024e-13Layer conv4.lin.weight grad: 3.4686435581438024e-13

Layer fc.weight grad: 1.6415629272570342e-11
Layer fc.weight grad: 1.6415629272570342e-11
Layer fc.weight grad: 1.6415629272570342e-11Layer fc.bias grad: 5.093409782830349e-08Layer fc.weight grad: 1.6415629272570342e-11


Layer fc.bias grad: 5.093409782830349e-08
Layer fc.bias grad: 5.093409782830349e-08
Layer fc.bias grad: 5.093409782830349e-08
Softmax output at epoch 3: tensor([[0.0531, 0.0525, 0.0518, 0.0529, 0.0527, 0.0531, 0.0527, 0.0530, 0.0531,
         0.0524, 0.0530, 0.0524, 0.0529, 0.0517, 0.0531, 0.0531, 0.0518, 0.0528,
         0.0518],
        [0.0531, 0.0525, 0.0518, 0.0529, 0.0527, 0.0531, 0.0527, 0.0530, 0.0531,
         0.0524, 0.0530, 0.0524, 0.0529, 0.0517, 0.0531, 0.0531, 0.0518, 0.0528,
         0.0518],
        [0.0531, 0.0525, 0.0518, 0.0529, 0.0527, 0.0531, 0.0527, 0.0530, 0.0531,
         0.0524, 0.0530, 0.0524, 0.0529, 0.0517, 0.0531, 0.0531, 0.0518, 0.0528,
         0.0518],
        [0.0531, 0.0525, 0.0518, 0.0529, 0.0527, 0.0531, 0.0527, 0.0530, 0.0531,
         0.0524, 0.0530, 0.0524, 0.0529, 0.0517, 0.0531, 0.0531, 0.0518, 0.0528,
         0.0518],
        [0.0531, 0.0525, 0.0518, 0.0529, 0.0527, 0.0531, 0.0527, 0.0530, 0.0531,
         0.0524, 0.0530, 0.0524, 0.0529, 0.0517, 0.0531, 0.0531, 0.0518, 0.0528,
         0.0518]], device='cuda:2', grad_fn=<SliceBackward0>)Softmax output at epoch 3: tensor([[0.0531, 0.0525, 0.0518, 0.0529, 0.0527, 0.0531, 0.0527, 0.0530, 0.0531,
         0.0524, 0.0530, 0.0524, 0.0529, 0.0517, 0.0531, 0.0531, 0.0518, 0.0528,
         0.0518],
        [0.0531, 0.0525, 0.0518, 0.0529, 0.0527, 0.0531, 0.0527, 0.0530, 0.0531,
         0.0524, 0.0530, 0.0524, 0.0529, 0.0517, 0.0531, 0.0531, 0.0518, 0.0528,
         0.0518],
        [0.0531, 0.0525, 0.0518, 0.0529, 0.0527, 0.0531, 0.0527, 0.0530, 0.0531,
         0.0524, 0.0530, 0.0524, 0.0529, 0.0517, 0.0531, 0.0531, 0.0518, 0.0528,
         0.0518],
        [0.0531, 0.0525, 0.0518, 0.0529, 0.0527, 0.0531, 0.0527, 0.0530, 0.0531,
         0.0524, 0.0530, 0.0524, 0.0529, 0.0517, 0.0531, 0.0531, 0.0518, 0.0528,
         0.0518],
        [0.0531, 0.0525, 0.0518, 0.0529, 0.0527, 0.0531, 0.0527, 0.0530, 0.0531,
         0.0524, 0.0530, 0.0524, 0.0529, 0.0517, 0.0531, 0.0531, 0.0518, 0.0528,
         0.0518]], device='cuda:3', grad_fn=<SliceBackward0>)

Softmax output at epoch 3: tensor([[0.0531, 0.0525, 0.0518, 0.0529, 0.0527, 0.0531, 0.0527, 0.0530, 0.0531,
         0.0524, 0.0530, 0.0524, 0.0529, 0.0517, 0.0531, 0.0531, 0.0518, 0.0528,
         0.0518],
        [0.0531, 0.0525, 0.0518, 0.0529, 0.0527, 0.0531, 0.0527, 0.0530, 0.0531,
         0.0524, 0.0530, 0.0524, 0.0529, 0.0517, 0.0531, 0.0531, 0.0518, 0.0528,
         0.0518],
        [0.0531, 0.0525, 0.0518, 0.0529, 0.0527, 0.0531, 0.0527, 0.0530, 0.0531,
         0.0524, 0.0530, 0.0524, 0.0529, 0.0517, 0.0531, 0.0531, 0.0518, 0.0528,
         0.0518],
        [0.0531, 0.0525, 0.0518, 0.0529, 0.0527, 0.0531, 0.0527, 0.0530, 0.0531,
         0.0524, 0.0530, 0.0524, 0.0529, 0.0517, 0.0531, 0.0531, 0.0518, 0.0528,
         0.0518],
        [0.0531, 0.0525, 0.0518, 0.0529, 0.0527, 0.0531, 0.0527, 0.0530, 0.0531,
         0.0524, 0.0530, 0.0524, 0.0529, 0.0517, 0.0531, 0.0531, 0.0518, 0.0528,
         0.0518]], device='cuda:1', grad_fn=<SliceBackward0>)
Softmax output at epoch 3: tensor([[0.0531, 0.0525, 0.0518, 0.0529, 0.0527, 0.0531, 0.0527, 0.0530, 0.0531,
         0.0524, 0.0530, 0.0524, 0.0529, 0.0517, 0.0531, 0.0531, 0.0518, 0.0528,
         0.0518],
        [0.0531, 0.0525, 0.0518, 0.0529, 0.0527, 0.0531, 0.0527, 0.0530, 0.0531,
         0.0524, 0.0530, 0.0524, 0.0529, 0.0517, 0.0531, 0.0531, 0.0518, 0.0528,
         0.0518],
        [0.0531, 0.0525, 0.0518, 0.0529, 0.0527, 0.0531, 0.0527, 0.0530, 0.0531,
         0.0524, 0.0530, 0.0524, 0.0529, 0.0517, 0.0531, 0.0531, 0.0518, 0.0528,
         0.0518],
        [0.0531, 0.0525, 0.0518, 0.0529, 0.0527, 0.0531, 0.0527, 0.0530, 0.0531,
         0.0524, 0.0530, 0.0524, 0.0529, 0.0517, 0.0531, 0.0531, 0.0518, 0.0528,
         0.0518],
        [0.0531, 0.0525, 0.0518, 0.0529, 0.0527, 0.0531, 0.0527, 0.0530, 0.0531,
         0.0524, 0.0530, 0.0524, 0.0529, 0.0517, 0.0531, 0.0531, 0.0518, 0.0528,
         0.0518]], device='cuda:0', grad_fn=<SliceBackward0>)
pt values at epoch 3: tensor([0.0531, 0.0531, 0.0531, 0.0531, 0.0531], device='cuda:3',
       grad_fn=<SliceBackward0>)pt values at epoch 3: tensor([0.0531, 0.0531, 0.0531, 0.0531, 0.0531], device='cuda:2',
       grad_fn=<SliceBackward0>)

pt values at epoch 3: tensor([0.0531, 0.0531, 0.0531, 0.0531, 0.0531], device='cuda:1',
       grad_fn=<SliceBackward0>)
pt values at epoch 3: tensor([0.0531, 0.0531, 0.0531, 0.0531, 0.0531], device='cuda:0',
       grad_fn=<SliceBackward0>)
Layer conv1.att_src grad: 1.8728302127931506e-16
Layer conv1.att_dst grad: 1.3299523708679866e-16
Layer conv1.bias grad: 4.719169933303791e-12
Layer conv1.lin.weight grad: 2.5438431743018963e-12
Layer conv2.att_src grad: 1.1444102008186262e-16
Layer conv2.att_dst grad: 6.919705960673958e-17
Layer conv2.bias grad: 3.748730492691976e-11
Layer conv2.lin.weight grad: 5.401482212896713e-13
Layer conv1.att_src grad: 1.8728302127931506e-16
Layer conv1.att_src grad: 1.8728302127931506e-16
Layer conv3.att_src grad: 2.6140598113847733e-17
Layer conv1.att_dst grad: 1.3299523708679866e-16Layer conv1.att_dst grad: 1.3299523708679866e-16

Layer conv3.att_dst grad: 6.621342575470571e-18
Layer conv1.bias grad: 4.719169933303791e-12
Layer conv1.bias grad: 4.719169933303791e-12Layer conv1.att_src grad: 1.8728302127931506e-16Layer conv3.bias grad: 4.0076486573781267e-10


Layer conv1.lin.weight grad: 2.5438431743018963e-12
Layer conv3.lin.weight grad: 5.604456243708811e-13
Layer conv1.lin.weight grad: 2.5438431743018963e-12
Layer conv1.att_dst grad: 1.3299523708679866e-16
Layer conv2.att_src grad: 1.1444102008186262e-16Layer conv4.att_src grad: 1.723623539336958e-17

Layer conv2.att_src grad: 1.1444102008186262e-16Layer conv4.att_dst grad: 9.01511475987349e-18Layer conv2.att_dst grad: 6.919705960673958e-17


Layer conv1.bias grad: 4.719169933303791e-12
Layer conv4.bias grad: 3.155667727128275e-09
Layer conv2.bias grad: 3.748730492691976e-11
Layer conv2.att_dst grad: 6.919705960673958e-17
Layer conv4.lin.weight grad: 1.4251703116252568e-12
Layer conv2.lin.weight grad: 5.401482212896713e-13
Layer conv1.lin.weight grad: 2.5438431743018963e-12
Layer fc.weight grad: 7.309536309563214e-11
Layer conv2.bias grad: 3.748730492691976e-11
Layer conv3.att_src grad: 2.6140598113847733e-17
Layer fc.bias grad: 1.8450911909440038e-07
Layer conv2.att_src grad: 1.1444102008186262e-16
Layer conv3.att_dst grad: 6.621342575470571e-18
Layer conv2.lin.weight grad: 5.401482212896713e-13
Layer conv3.bias grad: 4.0076486573781267e-10
Layer conv2.att_dst grad: 6.919705960673958e-17
Layer conv3.lin.weight grad: 5.604456243708811e-13
Layer conv3.att_src grad: 2.6140598113847733e-17
Layer conv2.bias grad: 3.748730492691976e-11
Layer conv4.att_src grad: 1.723623539336958e-17
Layer conv3.att_dst grad: 6.621342575470571e-18Layer conv4.att_dst grad: 9.01511475987349e-18

Layer conv2.lin.weight grad: 5.401482212896713e-13Layer conv4.bias grad: 3.155667727128275e-09

Layer conv3.bias grad: 4.0076486573781267e-10
Layer conv4.lin.weight grad: 1.4251703116252568e-12
Layer conv3.att_src grad: 2.6140598113847733e-17
Layer fc.weight grad: 7.309536309563214e-11
Layer conv3.lin.weight grad: 5.604456243708811e-13
Layer fc.bias grad: 1.8450911909440038e-07
Layer conv3.att_dst grad: 6.621342575470571e-18
Layer conv4.att_src grad: 1.723623539336958e-17
Layer conv3.bias grad: 4.0076486573781267e-10
Layer conv4.att_dst grad: 9.01511475987349e-18
Layer conv3.lin.weight grad: 5.604456243708811e-13
Layer conv4.bias grad: 3.155667727128275e-09
Layer conv4.att_src grad: 1.723623539336958e-17
Layer conv4.lin.weight grad: 1.4251703116252568e-12
Layer conv4.att_dst grad: 9.01511475987349e-18
Layer fc.weight grad: 7.309536309563214e-11
Layer conv4.bias grad: 3.155667727128275e-09
Layer fc.bias grad: 1.8450911909440038e-07
Layer conv4.lin.weight grad: 1.4251703116252568e-12
Layer fc.weight grad: 7.309536309563214e-11
Layer fc.bias grad: 1.8450911909440038e-07
Precision: 0.9864, Recall: 0.9932, F1-Score: 0.9897
Fold 1, Epoch 3, Train Loss: 0.0000, Val Loss: 0.0000, Val Acc: 0.9932
Completed Fold 1
Starting Fold 2
Class weights: [2.12621917e-07 5.71428571e-04 5.47945205e-04 5.55555556e-04
 4.93827160e-04 5.47945205e-04 5.55555556e-04 5.71428571e-04
 5.26315789e-04 5.71428571e-04 5.26315789e-04 5.55555556e-04
 5.40540541e-04 5.71428571e-04 6.06060606e-04 5.88235294e-04
 5.40540541e-04 5.79710145e-04 5.71428571e-04]
Class weights: [2.12621917e-07 5.71428571e-04 5.47945205e-04 5.55555556e-04
 4.93827160e-04 5.47945205e-04 5.55555556e-04 5.71428571e-04
 5.26315789e-04 5.71428571e-04 5.26315789e-04 5.55555556e-04
 5.40540541e-04 5.71428571e-04 6.06060606e-04 5.88235294e-04
 5.40540541e-04 5.79710145e-04 5.71428571e-04]
Class weights: [2.12621917e-07 5.71428571e-04 5.47945205e-04 5.55555556e-04
 4.93827160e-04 5.47945205e-04 5.55555556e-04 5.71428571e-04
 5.26315789e-04 5.71428571e-04 5.26315789e-04 5.55555556e-04
 5.40540541e-04 5.71428571e-04 6.06060606e-04 5.88235294e-04
 5.40540541e-04 5.79710145e-04 5.71428571e-04]
Class weights: [2.12621917e-07 5.71428571e-04 5.47945205e-04 5.55555556e-04
 4.93827160e-04 5.47945205e-04 5.55555556e-04 5.71428571e-04
 5.26315789e-04 5.71428571e-04 5.26315789e-04 5.55555556e-04
 5.40540541e-04 5.71428571e-04 6.06060606e-04 5.88235294e-04
 5.40540541e-04 5.79710145e-04 5.71428571e-04]
Class weights: [8.50487670e-07 2.00000000e-03 2.35294118e-03 2.22222222e-03
 4.44444444e-03 2.35294118e-03 2.22222222e-03 2.00000000e-03
 2.85714286e-03 2.00000000e-03 2.85714286e-03 2.22222222e-03
 2.50000000e-03 2.00000000e-03 1.66666667e-03 1.81818182e-03
 2.50000000e-03 1.90476190e-03 2.00000000e-03]
Class weights: [8.50487670e-07 2.00000000e-03 2.35294118e-03 2.22222222e-03
 4.44444444e-03 2.35294118e-03 2.22222222e-03 2.00000000e-03
 2.85714286e-03 2.00000000e-03 2.85714286e-03 2.22222222e-03
 2.50000000e-03 2.00000000e-03 1.66666667e-03 1.81818182e-03
 2.50000000e-03 1.90476190e-03 2.00000000e-03]
Softmax output at epoch 1: tensor([[0.0531, 0.0525, 0.0519, 0.0530, 0.0526, 0.0531, 0.0527, 0.0529, 0.0530,
         0.0524, 0.0531, 0.0525, 0.0530, 0.0517, 0.0530, 0.0530, 0.0518, 0.0527,
         0.0518],
        [0.0531, 0.0525, 0.0519, 0.0530, 0.0526, 0.0531, 0.0527, 0.0529, 0.0530,
         0.0524, 0.0531, 0.0525, 0.0530, 0.0517, 0.0530, 0.0530, 0.0518, 0.0527,
         0.0518],
        [0.0531, 0.0525, 0.0519, 0.0530, 0.0526, 0.0531, 0.0527, 0.0529, 0.0530,
         0.0524, 0.0531, 0.0525, 0.0530, 0.0517, 0.0530, 0.0530, 0.0518, 0.0527,
         0.0518],
        [0.0531, 0.0525, 0.0519, 0.0530, 0.0526, 0.0531, 0.0527, 0.0529, 0.0530,
         0.0524, 0.0531, 0.0525, 0.0530, 0.0517, 0.0530, 0.0530, 0.0518, 0.0527,
         0.0518],
        [0.0531, 0.0525, 0.0519, 0.0530, 0.0526, 0.0531, 0.0527, 0.0529, 0.0530,
         0.0524, 0.0531, 0.0525, 0.0530, 0.0517, 0.0530, 0.0530, 0.0518, 0.0527,
         0.0518]], device='cuda:2', grad_fn=<SliceBackward0>)
pt values at epoch 1: tensor([0.0531, 0.0531, 0.0531, 0.0531, 0.0531], device='cuda:2',
       grad_fn=<SliceBackward0>)
Softmax output at epoch 1: tensor([[0.0531, 0.0525, 0.0519, 0.0530, 0.0526, 0.0531, 0.0527, 0.0529, 0.0530,
         0.0524, 0.0531, 0.0525, 0.0530, 0.0517, 0.0530, 0.0530, 0.0518, 0.0527,
         0.0518],
        [0.0531, 0.0525, 0.0519, 0.0530, 0.0526, 0.0531, 0.0527, 0.0529, 0.0530,
         0.0524, 0.0531, 0.0525, 0.0530, 0.0517, 0.0530, 0.0530, 0.0518, 0.0527,
         0.0518],
        [0.0531, 0.0525, 0.0519, 0.0530, 0.0526, 0.0531, 0.0527, 0.0529, 0.0530,
         0.0524, 0.0531, 0.0525, 0.0530, 0.0517, 0.0530, 0.0530, 0.0518, 0.0527,
         0.0518],
        [0.0531, 0.0525, 0.0519, 0.0530, 0.0526, 0.0531, 0.0527, 0.0529, 0.0530,
         0.0524, 0.0531, 0.0525, 0.0530, 0.0517, 0.0530, 0.0530, 0.0518, 0.0527,
         0.0518],
        [0.0531, 0.0525, 0.0519, 0.0530, 0.0526, 0.0531, 0.0527, 0.0529, 0.0530,
         0.0524, 0.0531, 0.0525, 0.0530, 0.0517, 0.0530, 0.0530, 0.0518, 0.0527,
         0.0518]], device='cuda:3', grad_fn=<SliceBackward0>)
pt values at epoch 1: tensor([0.0531, 0.0531, 0.0531, 0.0531, 0.0531], device='cuda:3',
       grad_fn=<SliceBackward0>)
Class weights: [8.50487670e-07 2.00000000e-03 2.35294118e-03 2.22222222e-03
 4.44444444e-03 2.35294118e-03 2.22222222e-03 2.00000000e-03
 2.85714286e-03 2.00000000e-03 2.85714286e-03 2.22222222e-03
 2.50000000e-03 2.00000000e-03 1.66666667e-03 1.81818182e-03
 2.50000000e-03 1.90476190e-03 2.00000000e-03]
Softmax output at epoch 1: tensor([[0.0531, 0.0525, 0.0519, 0.0530, 0.0526, 0.0531, 0.0527, 0.0529, 0.0530,
         0.0524, 0.0531, 0.0525, 0.0530, 0.0517, 0.0530, 0.0530, 0.0518, 0.0527,
         0.0518],
        [0.0531, 0.0525, 0.0519, 0.0530, 0.0526, 0.0531, 0.0527, 0.0529, 0.0530,
         0.0524, 0.0531, 0.0525, 0.0530, 0.0517, 0.0530, 0.0530, 0.0518, 0.0527,
         0.0518],
        [0.0531, 0.0525, 0.0519, 0.0530, 0.0526, 0.0531, 0.0527, 0.0529, 0.0530,
         0.0524, 0.0531, 0.0525, 0.0530, 0.0517, 0.0530, 0.0530, 0.0518, 0.0527,
         0.0518],
        [0.0531, 0.0525, 0.0519, 0.0530, 0.0526, 0.0531, 0.0527, 0.0529, 0.0530,
         0.0524, 0.0531, 0.0525, 0.0530, 0.0517, 0.0530, 0.0530, 0.0518, 0.0527,
         0.0518],
        [0.0531, 0.0525, 0.0519, 0.0530, 0.0526, 0.0531, 0.0527, 0.0529, 0.0530,
         0.0524, 0.0531, 0.0525, 0.0530, 0.0517, 0.0530, 0.0530, 0.0518, 0.0527,
         0.0518]], device='cuda:1', grad_fn=<SliceBackward0>)
pt values at epoch 1: tensor([0.0531, 0.0531, 0.0531, 0.0531, 0.0531], device='cuda:1',
       grad_fn=<SliceBackward0>)
Class weights: [8.50487670e-07 2.00000000e-03 2.35294118e-03 2.22222222e-03
 4.44444444e-03 2.35294118e-03 2.22222222e-03 2.00000000e-03
 2.85714286e-03 2.00000000e-03 2.85714286e-03 2.22222222e-03
 2.50000000e-03 2.00000000e-03 1.66666667e-03 1.81818182e-03
 2.50000000e-03 1.90476190e-03 2.00000000e-03]
Softmax output at epoch 1: tensor([[0.0531, 0.0525, 0.0519, 0.0530, 0.0526, 0.0531, 0.0527, 0.0529, 0.0530,
         0.0524, 0.0531, 0.0525, 0.0530, 0.0517, 0.0530, 0.0530, 0.0518, 0.0527,
         0.0518],
        [0.0531, 0.0525, 0.0519, 0.0530, 0.0526, 0.0531, 0.0527, 0.0529, 0.0530,
         0.0524, 0.0531, 0.0525, 0.0530, 0.0517, 0.0530, 0.0530, 0.0518, 0.0527,
         0.0518],
        [0.0531, 0.0525, 0.0519, 0.0530, 0.0526, 0.0531, 0.0527, 0.0529, 0.0530,
         0.0524, 0.0531, 0.0525, 0.0530, 0.0517, 0.0530, 0.0530, 0.0518, 0.0527,
         0.0518],
        [0.0531, 0.0525, 0.0519, 0.0530, 0.0526, 0.0531, 0.0527, 0.0529, 0.0530,
         0.0524, 0.0531, 0.0525, 0.0530, 0.0517, 0.0530, 0.0530, 0.0518, 0.0527,
         0.0518],
        [0.0531, 0.0525, 0.0519, 0.0530, 0.0526, 0.0531, 0.0527, 0.0529, 0.0530,
         0.0524, 0.0531, 0.0525, 0.0530, 0.0517, 0.0530, 0.0530, 0.0518, 0.0527,
         0.0518]], device='cuda:0', grad_fn=<SliceBackward0>)
pt values at epoch 1: tensor([0.0531, 0.0531, 0.0531, 0.0531, 0.0531], device='cuda:0',
       grad_fn=<SliceBackward0>)
Layer conv1.att_src grad: 6.957126949841367e-17Layer conv1.att_src grad: 6.957126949841367e-17Layer conv1.att_src grad: 6.957126949841367e-17Layer conv1.att_src grad: 6.957126949841367e-17



Layer conv1.att_dst grad: 2.9991398489245444e-17Layer conv1.att_dst grad: 2.9991398489245444e-17Layer conv1.att_dst grad: 2.9991398489245444e-17


Layer conv1.att_dst grad: 2.9991398489245444e-17
Layer conv1.bias grad: 1.0512955523483969e-12Layer conv1.bias grad: 1.0512955523483969e-12
Layer conv1.bias grad: 1.0512955523483969e-12
Layer conv1.bias grad: 1.0512955523483969e-12

Layer conv1.lin.weight grad: 6.495960995674122e-13
Layer conv1.lin.weight grad: 6.495960995674122e-13
Layer conv1.lin.weight grad: 6.495960995674122e-13Layer conv1.lin.weight grad: 6.495960995674122e-13

Layer conv2.att_src grad: 3.071852333490406e-17
Layer conv2.att_src grad: 3.071852333490406e-17
Layer conv2.att_src grad: 3.071852333490406e-17Layer conv2.att_src grad: 3.071852333490406e-17

Layer conv2.att_dst grad: 1.6499123168995e-17
Layer conv2.att_dst grad: 1.6499123168995e-17
Layer conv2.att_dst grad: 1.6499123168995e-17
Layer conv2.att_dst grad: 1.6499123168995e-17Layer conv2.bias grad: 9.26989995181371e-12

Layer conv2.bias grad: 9.26989995181371e-12
Layer conv2.bias grad: 9.26989995181371e-12
Layer conv2.bias grad: 9.26989995181371e-12
Layer conv2.lin.weight grad: 1.3976386508633004e-13
Layer conv2.lin.weight grad: 1.3976386508633004e-13
Layer conv2.lin.weight grad: 1.3976386508633004e-13
Layer conv3.att_src grad: 5.285680805491397e-18
Layer conv2.lin.weight grad: 1.3976386508633004e-13Layer conv3.att_src grad: 5.285680805491397e-18

Layer conv3.att_src grad: 5.285680805491397e-18
Layer conv3.att_dst grad: 1.780977141084088e-18
Layer conv3.att_dst grad: 1.780977141084088e-18
Layer conv3.att_src grad: 5.285680805491397e-18
Layer conv3.att_dst grad: 1.780977141084088e-18
Layer conv3.bias grad: 9.874409623300551e-11
Layer conv3.bias grad: 9.874409623300551e-11
Layer conv3.att_dst grad: 1.780977141084088e-18
Layer conv3.bias grad: 9.874409623300551e-11
Layer conv3.lin.weight grad: 1.5438033338678603e-13
Layer conv3.lin.weight grad: 1.5438033338678603e-13
Layer conv3.bias grad: 9.874409623300551e-11
Layer conv3.lin.weight grad: 1.5438033338678603e-13
Layer conv4.att_src grad: 3.947166503169833e-18
Layer conv4.att_src grad: 3.947166503169833e-18
Layer conv4.att_src grad: 3.947166503169833e-18
Layer conv3.lin.weight grad: 1.5438033338678603e-13Layer conv4.att_dst grad: 1.6512557822913781e-18

Layer conv4.att_dst grad: 1.6512557822913781e-18
Layer conv4.att_dst grad: 1.6512557822913781e-18
Layer conv4.bias grad: 6.941860419829027e-10
Layer conv4.bias grad: 6.941860419829027e-10Layer conv4.att_src grad: 3.947166503169833e-18

Layer conv4.bias grad: 6.941860419829027e-10
Layer conv4.lin.weight grad: 2.8319160167919466e-13
Layer conv4.lin.weight grad: 2.8319160167919466e-13Layer conv4.att_dst grad: 1.6512557822913781e-18

Layer conv4.lin.weight grad: 2.8319160167919466e-13
Layer fc.weight grad: 1.3289787673120834e-11
Layer fc.weight grad: 1.3289787673120834e-11
Layer conv4.bias grad: 6.941860419829027e-10
Layer fc.weight grad: 1.3289787673120834e-11
Layer fc.bias grad: 4.105274697963068e-08
Layer fc.bias grad: 4.105274697963068e-08
Layer conv4.lin.weight grad: 2.8319160167919466e-13Layer fc.bias grad: 4.105274697963068e-08

Layer fc.weight grad: 1.3289787673120834e-11
Layer fc.bias grad: 4.105274697963068e-08
Softmax output at epoch 1: tensor([[0.0530, 0.0524, 0.0523, 0.0529, 0.0525, 0.0529, 0.0525, 0.0528, 0.0529,
         0.0527, 0.0530, 0.0523, 0.0528, 0.0521, 0.0529, 0.0529, 0.0522, 0.0526,
         0.0522],
        [0.0530, 0.0524, 0.0523, 0.0529, 0.0525, 0.0529, 0.0525, 0.0528, 0.0529,
         0.0527, 0.0530, 0.0523, 0.0528, 0.0521, 0.0529, 0.0529, 0.0522, 0.0526,
         0.0522],
        [0.0530, 0.0524, 0.0523, 0.0529, 0.0525, 0.0529, 0.0525, 0.0528, 0.0529,
         0.0527, 0.0530, 0.0523, 0.0528, 0.0521, 0.0529, 0.0529, 0.0522, 0.0526,
         0.0522],
        [0.0530, 0.0524, 0.0523, 0.0529, 0.0525, 0.0529, 0.0525, 0.0528, 0.0529,
         0.0527, 0.0530, 0.0523, 0.0528, 0.0521, 0.0529, 0.0529, 0.0522, 0.0526,
         0.0522],
        [0.0530, 0.0524, 0.0523, 0.0529, 0.0525, 0.0529, 0.0525, 0.0528, 0.0529,
         0.0527, 0.0530, 0.0523, 0.0528, 0.0521, 0.0529, 0.0529, 0.0522, 0.0526,
         0.0522]], device='cuda:3', grad_fn=<SliceBackward0>)
Softmax output at epoch 1: tensor([[0.0530, 0.0524, 0.0523, 0.0529, 0.0525, 0.0529, 0.0525, 0.0528, 0.0529,
         0.0527, 0.0530, 0.0523, 0.0528, 0.0521, 0.0529, 0.0529, 0.0522, 0.0526,
         0.0522],
        [0.0530, 0.0524, 0.0523, 0.0529, 0.0525, 0.0529, 0.0525, 0.0528, 0.0529,
         0.0527, 0.0530, 0.0523, 0.0528, 0.0521, 0.0529, 0.0529, 0.0522, 0.0526,
         0.0522],
        [0.0530, 0.0524, 0.0523, 0.0529, 0.0525, 0.0529, 0.0525, 0.0528, 0.0529,
         0.0527, 0.0530, 0.0523, 0.0528, 0.0521, 0.0529, 0.0529, 0.0522, 0.0526,
         0.0522],
        [0.0530, 0.0524, 0.0523, 0.0529, 0.0525, 0.0529, 0.0525, 0.0528, 0.0529,
         0.0527, 0.0530, 0.0523, 0.0528, 0.0521, 0.0529, 0.0529, 0.0522, 0.0526,
         0.0522],
        [0.0530, 0.0524, 0.0523, 0.0529, 0.0525, 0.0529, 0.0525, 0.0528, 0.0529,
         0.0527, 0.0530, 0.0523, 0.0528, 0.0521, 0.0529, 0.0529, 0.0522, 0.0526,
         0.0522]], device='cuda:2', grad_fn=<SliceBackward0>)
Softmax output at epoch 1: tensor([[0.0530, 0.0524, 0.0523, 0.0529, 0.0525, 0.0529, 0.0525, 0.0528, 0.0529,
         0.0527, 0.0530, 0.0523, 0.0528, 0.0521, 0.0529, 0.0529, 0.0522, 0.0526,
         0.0522],
        [0.0530, 0.0524, 0.0523, 0.0529, 0.0525, 0.0529, 0.0525, 0.0528, 0.0529,
         0.0527, 0.0530, 0.0523, 0.0528, 0.0521, 0.0529, 0.0529, 0.0522, 0.0526,
         0.0522],
        [0.0530, 0.0524, 0.0523, 0.0529, 0.0525, 0.0529, 0.0525, 0.0528, 0.0529,
         0.0527, 0.0530, 0.0523, 0.0528, 0.0521, 0.0529, 0.0529, 0.0522, 0.0526,
         0.0522],
        [0.0530, 0.0524, 0.0523, 0.0529, 0.0525, 0.0529, 0.0525, 0.0528, 0.0529,
         0.0527, 0.0530, 0.0523, 0.0528, 0.0521, 0.0529, 0.0529, 0.0522, 0.0526,
         0.0522],
        [0.0530, 0.0524, 0.0523, 0.0529, 0.0525, 0.0529, 0.0525, 0.0528, 0.0529,
         0.0527, 0.0530, 0.0523, 0.0528, 0.0521, 0.0529, 0.0529, 0.0522, 0.0526,
         0.0522]], device='cuda:1', grad_fn=<SliceBackward0>)
pt values at epoch 1: tensor([0.0530, 0.0530, 0.0530, 0.0530, 0.0530], device='cuda:3',
       grad_fn=<SliceBackward0>)
pt values at epoch 1: tensor([0.0530, 0.0530, 0.0530, 0.0530, 0.0530], device='cuda:2',
       grad_fn=<SliceBackward0>)
pt values at epoch 1: tensor([0.0530, 0.0530, 0.0530, 0.0530, 0.0530], device='cuda:1',
       grad_fn=<SliceBackward0>)
Softmax output at epoch 1: tensor([[0.0530, 0.0524, 0.0523, 0.0529, 0.0525, 0.0529, 0.0525, 0.0528, 0.0529,
         0.0527, 0.0530, 0.0523, 0.0528, 0.0521, 0.0529, 0.0529, 0.0522, 0.0526,
         0.0522],
        [0.0530, 0.0524, 0.0523, 0.0529, 0.0525, 0.0529, 0.0525, 0.0528, 0.0529,
         0.0527, 0.0530, 0.0523, 0.0528, 0.0521, 0.0529, 0.0529, 0.0522, 0.0526,
         0.0522],
        [0.0530, 0.0524, 0.0523, 0.0529, 0.0525, 0.0529, 0.0525, 0.0528, 0.0529,
         0.0527, 0.0530, 0.0523, 0.0528, 0.0521, 0.0529, 0.0529, 0.0522, 0.0526,
         0.0522],
        [0.0530, 0.0524, 0.0523, 0.0529, 0.0525, 0.0529, 0.0525, 0.0528, 0.0529,
         0.0527, 0.0530, 0.0523, 0.0528, 0.0521, 0.0529, 0.0529, 0.0522, 0.0526,
         0.0522],
        [0.0530, 0.0524, 0.0523, 0.0529, 0.0525, 0.0529, 0.0525, 0.0528, 0.0529,
         0.0527, 0.0530, 0.0523, 0.0528, 0.0521, 0.0529, 0.0529, 0.0522, 0.0526,
         0.0522]], device='cuda:0', grad_fn=<SliceBackward0>)
pt values at epoch 1: tensor([0.0530, 0.0530, 0.0530, 0.0530, 0.0530], device='cuda:0',
       grad_fn=<SliceBackward0>)
Layer conv1.att_src grad: 2.7239917839208256e-17Layer conv1.att_src grad: 2.7239917839208256e-17Layer conv1.att_src grad: 2.7239917839208256e-17
Layer conv1.att_src grad: 2.7239917839208256e-17


Layer conv1.att_dst grad: 7.712926507742499e-18Layer conv1.att_dst grad: 7.712926507742499e-18Layer conv1.att_dst grad: 7.712926507742499e-18


Layer conv1.att_dst grad: 7.712926507742499e-18
Layer conv1.bias grad: 1.687953298185399e-13Layer conv1.bias grad: 1.687953298185399e-13
Layer conv1.bias grad: 1.687953298185399e-13

Layer conv1.bias grad: 1.687953298185399e-13
Layer conv1.lin.weight grad: 9.369358045484277e-14
Layer conv1.lin.weight grad: 9.369358045484277e-14Layer conv1.lin.weight grad: 9.369358045484277e-14

Layer conv1.lin.weight grad: 9.369358045484277e-14
Layer conv2.att_src grad: 3.2178173688440643e-18
Layer conv2.att_src grad: 3.2178173688440643e-18Layer conv2.att_src grad: 3.2178173688440643e-18

Layer conv2.att_src grad: 3.2178173688440643e-18
Layer conv2.att_dst grad: 1.3946224802589185e-18
Layer conv2.att_dst grad: 1.3946224802589185e-18Layer conv2.att_dst grad: 1.3946224802589185e-18

Layer conv2.att_dst grad: 1.3946224802589185e-18
Layer conv2.bias grad: 2.312894233774676e-12Layer conv2.bias grad: 2.312894233774676e-12

Layer conv2.bias grad: 2.312894233774676e-12
Layer conv2.bias grad: 2.312894233774676e-12
Layer conv2.lin.weight grad: 2.5654639138972604e-14Layer conv2.lin.weight grad: 2.5654639138972604e-14
Layer conv2.lin.weight grad: 2.5654639138972604e-14

Layer conv3.att_src grad: 1.2853079773706216e-18
Layer conv2.lin.weight grad: 2.5654639138972604e-14Layer conv3.att_src grad: 1.2853079773706216e-18Layer conv3.att_src grad: 1.2853079773706216e-18


Layer conv3.att_dst grad: 2.4793730734905456e-19
Layer conv3.att_dst grad: 2.4793730734905456e-19Layer conv3.att_dst grad: 2.4793730734905456e-19

Layer conv3.att_src grad: 1.2853079773706216e-18
Layer conv3.bias grad: 3.573541462742469e-11
Layer conv3.bias grad: 3.573541462742469e-11Layer conv3.bias grad: 3.573541462742469e-11

Layer conv3.att_dst grad: 2.4793730734905456e-19
Layer conv3.lin.weight grad: 7.536813783747681e-14
Layer conv3.lin.weight grad: 7.536813783747681e-14Layer conv3.lin.weight grad: 7.536813783747681e-14

Layer conv3.bias grad: 3.573541462742469e-11
Layer conv4.att_src grad: 1.610033443259951e-17
Layer conv4.att_src grad: 1.610033443259951e-17Layer conv4.att_src grad: 1.610033443259951e-17

Layer conv4.att_dst grad: 4.246923108678943e-18
Layer conv3.lin.weight grad: 7.536813783747681e-14
Layer conv4.att_dst grad: 4.246923108678943e-18Layer conv4.att_dst grad: 4.246923108678943e-18

Layer conv4.bias grad: 5.922524137780272e-10
Layer conv4.att_src grad: 1.610033443259951e-17
Layer conv4.bias grad: 5.922524137780272e-10Layer conv4.bias grad: 5.922524137780272e-10

Layer conv4.lin.weight grad: 1.1117217172881833e-12
Layer conv4.att_dst grad: 4.246923108678943e-18
Layer conv4.lin.weight grad: 1.1117217172881833e-12Layer conv4.lin.weight grad: 1.1117217172881833e-12

Layer fc.weight grad: 9.065252715156902e-11
Layer conv4.bias grad: 5.922524137780272e-10
Layer fc.weight grad: 9.065252715156902e-11Layer fc.weight grad: 9.065252715156902e-11

Layer fc.bias grad: 4.121526586686741e-08
Layer fc.bias grad: 4.121526586686741e-08Layer fc.bias grad: 4.121526586686741e-08Layer conv4.lin.weight grad: 1.1117217172881833e-12


Layer fc.weight grad: 9.065252715156902e-11
Layer fc.bias grad: 4.121526586686741e-08
Softmax output at epoch 1: tensor([[0.0528, 0.0525, 0.0526, 0.0527, 0.0525, 0.0528, 0.0525, 0.0526, 0.0527,
         0.0527, 0.0528, 0.0526, 0.0527, 0.0525, 0.0527, 0.0528, 0.0525, 0.0525,
         0.0525],
        [0.0528, 0.0525, 0.0526, 0.0527, 0.0525, 0.0528, 0.0525, 0.0526, 0.0527,
         0.0527, 0.0528, 0.0526, 0.0527, 0.0525, 0.0527, 0.0528, 0.0525, 0.0525,
         0.0525],
        [0.0528, 0.0525, 0.0526, 0.0527, 0.0525, 0.0528, 0.0525, 0.0526, 0.0527,
         0.0527, 0.0528, 0.0526, 0.0527, 0.0525, 0.0527, 0.0528, 0.0525, 0.0525,
         0.0525],
        [0.0528, 0.0525, 0.0526, 0.0527, 0.0525, 0.0528, 0.0525, 0.0526, 0.0527,
         0.0527, 0.0528, 0.0526, 0.0527, 0.0525, 0.0527, 0.0528, 0.0525, 0.0525,
         0.0525],
        [0.0528, 0.0525, 0.0526, 0.0527, 0.0525, 0.0528, 0.0525, 0.0526, 0.0527,
         0.0527, 0.0528, 0.0526, 0.0527, 0.0525, 0.0527, 0.0528, 0.0525, 0.0525,
         0.0525]], device='cuda:3', grad_fn=<SliceBackward0>)
Softmax output at epoch 1: tensor([[0.0528, 0.0525, 0.0526, 0.0527, 0.0525, 0.0528, 0.0525, 0.0526, 0.0527,
         0.0527, 0.0528, 0.0526, 0.0527, 0.0525, 0.0527, 0.0528, 0.0525, 0.0525,
         0.0525],
        [0.0528, 0.0525, 0.0526, 0.0527, 0.0525, 0.0528, 0.0525, 0.0526, 0.0527,
         0.0527, 0.0528, 0.0526, 0.0527, 0.0525, 0.0527, 0.0528, 0.0525, 0.0525,
         0.0525],
        [0.0528, 0.0525, 0.0526, 0.0527, 0.0525, 0.0528, 0.0525, 0.0526, 0.0527,
         0.0527, 0.0528, 0.0526, 0.0527, 0.0525, 0.0527, 0.0528, 0.0525, 0.0525,
         0.0525],
        [0.0528, 0.0525, 0.0526, 0.0527, 0.0525, 0.0528, 0.0525, 0.0526, 0.0527,
         0.0527, 0.0528, 0.0526, 0.0527, 0.0525, 0.0527, 0.0528, 0.0525, 0.0525,
         0.0525],
        [0.0528, 0.0525, 0.0526, 0.0527, 0.0525, 0.0528, 0.0525, 0.0526, 0.0527,
         0.0527, 0.0528, 0.0526, 0.0527, 0.0525, 0.0527, 0.0528, 0.0525, 0.0525,
         0.0525]], device='cuda:2', grad_fn=<SliceBackward0>)
pt values at epoch 1: tensor([0.0528, 0.0528, 0.0528, 0.0528, 0.0528], device='cuda:3',
       grad_fn=<SliceBackward0>)
pt values at epoch 1: tensor([0.0528, 0.0528, 0.0528, 0.0528, 0.0528], device='cuda:2',
       grad_fn=<SliceBackward0>)
Softmax output at epoch 1: tensor([[0.0528, 0.0525, 0.0526, 0.0527, 0.0525, 0.0528, 0.0525, 0.0526, 0.0527,
         0.0527, 0.0528, 0.0526, 0.0527, 0.0525, 0.0527, 0.0528, 0.0525, 0.0525,
         0.0525],
        [0.0528, 0.0525, 0.0526, 0.0527, 0.0525, 0.0528, 0.0525, 0.0526, 0.0527,
         0.0527, 0.0528, 0.0526, 0.0527, 0.0525, 0.0527, 0.0528, 0.0525, 0.0525,
         0.0525],
        [0.0528, 0.0525, 0.0526, 0.0527, 0.0525, 0.0528, 0.0525, 0.0526, 0.0527,
         0.0527, 0.0528, 0.0526, 0.0527, 0.0525, 0.0527, 0.0528, 0.0525, 0.0525,
         0.0525],
        [0.0528, 0.0525, 0.0526, 0.0527, 0.0525, 0.0528, 0.0525, 0.0526, 0.0527,
         0.0527, 0.0528, 0.0526, 0.0527, 0.0525, 0.0527, 0.0528, 0.0525, 0.0525,
         0.0525],
        [0.0528, 0.0525, 0.0526, 0.0527, 0.0525, 0.0528, 0.0525, 0.0526, 0.0527,
         0.0527, 0.0528, 0.0526, 0.0527, 0.0525, 0.0527, 0.0528, 0.0525, 0.0525,
         0.0525]], device='cuda:1', grad_fn=<SliceBackward0>)
Softmax output at epoch 1: tensor([[0.0528, 0.0525, 0.0526, 0.0527, 0.0525, 0.0528, 0.0525, 0.0526, 0.0527,
         0.0527, 0.0528, 0.0526, 0.0527, 0.0525, 0.0527, 0.0528, 0.0525, 0.0525,
         0.0525],
        [0.0528, 0.0525, 0.0526, 0.0527, 0.0525, 0.0528, 0.0525, 0.0526, 0.0527,
         0.0527, 0.0528, 0.0526, 0.0527, 0.0525, 0.0527, 0.0528, 0.0525, 0.0525,
         0.0525],
        [0.0528, 0.0525, 0.0526, 0.0527, 0.0525, 0.0528, 0.0525, 0.0526, 0.0527,
         0.0527, 0.0528, 0.0526, 0.0527, 0.0525, 0.0527, 0.0528, 0.0525, 0.0525,
         0.0525],
        [0.0528, 0.0525, 0.0526, 0.0527, 0.0525, 0.0528, 0.0525, 0.0526, 0.0527,
         0.0527, 0.0528, 0.0526, 0.0527, 0.0525, 0.0527, 0.0528, 0.0525, 0.0525,
         0.0525],
        [0.0528, 0.0525, 0.0526, 0.0527, 0.0525, 0.0528, 0.0525, 0.0526, 0.0527,
         0.0527, 0.0528, 0.0526, 0.0527, 0.0525, 0.0527, 0.0528, 0.0525, 0.0525,
         0.0525]], device='cuda:0', grad_fn=<SliceBackward0>)
pt values at epoch 1: tensor([0.0528, 0.0528, 0.0528, 0.0528, 0.0528], device='cuda:1',
       grad_fn=<SliceBackward0>)
pt values at epoch 1: tensor([0.0528, 0.0528, 0.0528, 0.0528, 0.0528], device='cuda:0',
       grad_fn=<SliceBackward0>)
Layer conv1.att_src grad: 1.0334973451044992e-18Layer conv1.att_src grad: 1.0334973451044992e-18Layer conv1.att_src grad: 1.0334973451044992e-18
Layer conv1.att_src grad: 1.0334973451044992e-18


Layer conv1.att_dst grad: 3.543820621984635e-19Layer conv1.att_dst grad: 3.543820621984635e-19Layer conv1.att_dst grad: 3.543820621984635e-19


Layer conv1.att_dst grad: 3.543820621984635e-19
Layer conv1.bias grad: 1.2493034628720603e-14Layer conv1.bias grad: 1.2493034628720603e-14
Layer conv1.bias grad: 1.2493034628720603e-14

Layer conv1.bias grad: 1.2493034628720603e-14
Layer conv1.lin.weight grad: 7.21116417447265e-15
Layer conv1.lin.weight grad: 7.21116417447265e-15Layer conv1.lin.weight grad: 7.21116417447265e-15

Layer conv1.lin.weight grad: 7.21116417447265e-15Layer conv2.att_src grad: 9.584652910046743e-20

Layer conv2.att_src grad: 9.584652910046743e-20Layer conv2.att_src grad: 9.584652910046743e-20

Layer conv2.att_dst grad: 3.1761089190310947e-20
Layer conv2.att_dst grad: 3.1761089190310947e-20Layer conv2.att_dst grad: 3.1761089190310947e-20
Layer conv2.att_src grad: 9.584652910046743e-20

Layer conv2.bias grad: 2.988565341380256e-13
Layer conv2.bias grad: 2.988565341380256e-13
Layer conv2.bias grad: 2.988565341380256e-13
Layer conv2.att_dst grad: 3.1761089190310947e-20
Layer conv2.lin.weight grad: 3.2768333538138808e-15
Layer conv2.lin.weight grad: 3.2768333538138808e-15
Layer conv2.lin.weight grad: 3.2768333538138808e-15Layer conv2.bias grad: 2.988565341380256e-13

Layer conv3.att_src grad: 1.147940816923848e-20
Layer conv3.att_src grad: 1.147940816923848e-20
Layer conv3.att_src grad: 1.147940816923848e-20
Layer conv2.lin.weight grad: 3.2768333538138808e-15Layer conv3.att_dst grad: 5.484094370127201e-21
Layer conv3.att_dst grad: 5.484094370127201e-21

Layer conv3.att_dst grad: 5.484094370127201e-21
Layer conv3.bias grad: 1.028252309687172e-11Layer conv3.bias grad: 1.028252309687172e-11

Layer conv3.bias grad: 1.028252309687172e-11Layer conv3.att_src grad: 1.147940816923848e-20

Layer conv3.lin.weight grad: 6.332589414328495e-15
Layer conv3.lin.weight grad: 6.332589414328495e-15
Layer conv3.att_dst grad: 5.484094370127201e-21Layer conv3.lin.weight grad: 6.332589414328495e-15

Layer conv4.att_src grad: 2.4953257685915135e-19
Layer conv4.att_src grad: 2.4953257685915135e-19
Layer conv4.att_src grad: 2.4953257685915135e-19Layer conv3.bias grad: 1.028252309687172e-11

Layer conv4.att_dst grad: 3.8767990756405594e-20
Layer conv4.att_dst grad: 3.8767990756405594e-20
Layer conv4.att_dst grad: 3.8767990756405594e-20
Layer conv4.bias grad: 2.356020378790902e-10
Layer conv4.bias grad: 2.356020378790902e-10
Layer conv4.bias grad: 2.356020378790902e-10
Layer conv4.lin.weight grad: 1.1521697224764482e-13
Layer conv4.lin.weight grad: 1.1521697224764482e-13
Layer conv4.lin.weight grad: 1.1521697224764482e-13
Layer conv3.lin.weight grad: 6.332589414328495e-15
Layer fc.weight grad: 2.422634141907576e-11
Layer fc.weight grad: 2.422634141907576e-11
Layer fc.weight grad: 2.422634141907576e-11
Layer fc.bias grad: 4.221749350108439e-08
Layer fc.bias grad: 4.221749350108439e-08
Layer fc.bias grad: 4.221749350108439e-08Layer conv4.att_src grad: 2.4953257685915135e-19

Layer conv4.att_dst grad: 3.8767990756405594e-20
Layer conv4.bias grad: 2.356020378790902e-10
Layer conv4.lin.weight grad: 1.1521697224764482e-13
Layer fc.weight grad: 2.422634141907576e-11
Layer fc.bias grad: 4.221749350108439e-08
Softmax output at epoch 1: tensor([[0.0527, 0.0527, 0.0529, 0.0526, 0.0526, 0.0526, 0.0525, 0.0525, 0.0526,
         0.0526, 0.0526, 0.0528, 0.0526, 0.0527, 0.0526, 0.0526, 0.0528, 0.0525,
         0.0528],
        [0.0527, 0.0527, 0.0529, 0.0526, 0.0526, 0.0526, 0.0525, 0.0525, 0.0526,
         0.0526, 0.0526, 0.0528, 0.0526, 0.0527, 0.0526, 0.0526, 0.0528, 0.0525,
         0.0528],
        [0.0527, 0.0527, 0.0529, 0.0526, 0.0526, 0.0526, 0.0525, 0.0525, 0.0526,
         0.0526, 0.0526, 0.0528, 0.0526, 0.0527, 0.0526, 0.0526, 0.0528, 0.0525,
         0.0528],
        [0.0527, 0.0527, 0.0529, 0.0526, 0.0526, 0.0526, 0.0525, 0.0525, 0.0526,
         0.0526, 0.0526, 0.0528, 0.0526, 0.0527, 0.0526, 0.0526, 0.0528, 0.0525,
         0.0528],
        [0.0527, 0.0527, 0.0529, 0.0526, 0.0526, 0.0526, 0.0525, 0.0525, 0.0526,
         0.0526, 0.0526, 0.0528, 0.0526, 0.0527, 0.0526, 0.0526, 0.0528, 0.0525,
         0.0528]], device='cuda:3', grad_fn=<SliceBackward0>)Softmax output at epoch 1: tensor([[0.0527, 0.0527, 0.0529, 0.0526, 0.0526, 0.0526, 0.0525, 0.0525, 0.0526,
         0.0526, 0.0526, 0.0528, 0.0526, 0.0527, 0.0526, 0.0526, 0.0528, 0.0525,
         0.0528],
        [0.0527, 0.0527, 0.0529, 0.0526, 0.0526, 0.0526, 0.0525, 0.0525, 0.0526,
         0.0526, 0.0526, 0.0528, 0.0526, 0.0527, 0.0526, 0.0526, 0.0528, 0.0525,
         0.0528],
        [0.0527, 0.0527, 0.0529, 0.0526, 0.0526, 0.0526, 0.0525, 0.0525, 0.0526,
         0.0526, 0.0526, 0.0528, 0.0526, 0.0527, 0.0526, 0.0526, 0.0528, 0.0525,
         0.0528],
        [0.0527, 0.0527, 0.0529, 0.0526, 0.0526, 0.0526, 0.0525, 0.0525, 0.0526,
         0.0526, 0.0526, 0.0528, 0.0526, 0.0527, 0.0526, 0.0526, 0.0528, 0.0525,
         0.0528],
        [0.0527, 0.0527, 0.0529, 0.0526, 0.0526, 0.0526, 0.0525, 0.0525, 0.0526,
         0.0526, 0.0526, 0.0528, 0.0526, 0.0527, 0.0526, 0.0526, 0.0528, 0.0525,
         0.0528]], device='cuda:1', grad_fn=<SliceBackward0>)

Softmax output at epoch 1: tensor([[0.0527, 0.0527, 0.0529, 0.0526, 0.0526, 0.0526, 0.0525, 0.0525, 0.0526,
         0.0526, 0.0526, 0.0528, 0.0526, 0.0527, 0.0526, 0.0526, 0.0528, 0.0525,
         0.0528],
        [0.0527, 0.0527, 0.0529, 0.0526, 0.0526, 0.0526, 0.0525, 0.0525, 0.0526,
         0.0526, 0.0526, 0.0528, 0.0526, 0.0527, 0.0526, 0.0526, 0.0528, 0.0525,
         0.0528],
        [0.0527, 0.0527, 0.0529, 0.0526, 0.0526, 0.0526, 0.0525, 0.0525, 0.0526,
         0.0526, 0.0526, 0.0528, 0.0526, 0.0527, 0.0526, 0.0526, 0.0528, 0.0525,
         0.0528],
        [0.0527, 0.0527, 0.0529, 0.0526, 0.0526, 0.0526, 0.0525, 0.0525, 0.0526,
         0.0526, 0.0526, 0.0528, 0.0526, 0.0527, 0.0526, 0.0526, 0.0528, 0.0525,
         0.0528],
        [0.0527, 0.0527, 0.0529, 0.0526, 0.0526, 0.0526, 0.0525, 0.0525, 0.0526,
         0.0526, 0.0526, 0.0528, 0.0526, 0.0527, 0.0526, 0.0526, 0.0528, 0.0525,
         0.0528]], device='cuda:2', grad_fn=<SliceBackward0>)
pt values at epoch 1: tensor([0.0527, 0.0527, 0.0527, 0.0527, 0.0527], device='cuda:3',
       grad_fn=<SliceBackward0>)
pt values at epoch 1: tensor([0.0527, 0.0527, 0.0527, 0.0527, 0.0527], device='cuda:1',
       grad_fn=<SliceBackward0>)
pt values at epoch 1: tensor([0.0527, 0.0527, 0.0527, 0.0527, 0.0527], device='cuda:2',
       grad_fn=<SliceBackward0>)
Softmax output at epoch 1: tensor([[0.0527, 0.0527, 0.0529, 0.0526, 0.0526, 0.0526, 0.0525, 0.0525, 0.0526,
         0.0526, 0.0526, 0.0528, 0.0526, 0.0527, 0.0526, 0.0526, 0.0528, 0.0525,
         0.0528],
        [0.0527, 0.0527, 0.0529, 0.0526, 0.0526, 0.0526, 0.0525, 0.0525, 0.0526,
         0.0526, 0.0526, 0.0528, 0.0526, 0.0527, 0.0526, 0.0526, 0.0528, 0.0525,
         0.0528],
        [0.0527, 0.0527, 0.0529, 0.0526, 0.0526, 0.0526, 0.0525, 0.0525, 0.0526,
         0.0526, 0.0526, 0.0528, 0.0526, 0.0527, 0.0526, 0.0526, 0.0528, 0.0525,
         0.0528],
        [0.0527, 0.0527, 0.0529, 0.0526, 0.0526, 0.0526, 0.0525, 0.0525, 0.0526,
         0.0526, 0.0526, 0.0528, 0.0526, 0.0527, 0.0526, 0.0526, 0.0528, 0.0525,
         0.0528],
        [0.0527, 0.0527, 0.0529, 0.0526, 0.0526, 0.0526, 0.0525, 0.0525, 0.0526,
         0.0526, 0.0526, 0.0528, 0.0526, 0.0527, 0.0526, 0.0526, 0.0528, 0.0525,
         0.0528]], device='cuda:0', grad_fn=<SliceBackward0>)
pt values at epoch 1: tensor([0.0527, 0.0527, 0.0527, 0.0527, 0.0527], device='cuda:0',
       grad_fn=<SliceBackward0>)
Layer conv1.att_src grad: 7.018592342336406e-19Layer conv1.att_src grad: 7.018592342336406e-19Layer conv1.att_src grad: 7.018592342336406e-19
Layer conv1.att_src grad: 7.018592342336406e-19


Layer conv1.att_dst grad: 3.096480312740192e-19Layer conv1.att_dst grad: 3.096480312740192e-19

Layer conv1.att_dst grad: 3.096480312740192e-19
Layer conv1.att_dst grad: 3.096480312740192e-19
Layer conv1.bias grad: 9.770328534934591e-15Layer conv1.bias grad: 9.770328534934591e-15

Layer conv1.bias grad: 9.770328534934591e-15
Layer conv1.bias grad: 9.770328534934591e-15
Layer conv1.lin.weight grad: 6.931556057485164e-15Layer conv1.lin.weight grad: 6.931556057485164e-15
Layer conv1.lin.weight grad: 6.931556057485164e-15

Layer conv1.lin.weight grad: 6.931556057485164e-15
Layer conv2.att_src grad: 6.184154770871874e-20
Layer conv2.att_src grad: 6.184154770871874e-20Layer conv2.att_src grad: 6.184154770871874e-20

Layer conv2.att_src grad: 6.184154770871874e-20
Layer conv2.att_dst grad: 2.2852182740878646e-20
Layer conv2.att_dst grad: 2.2852182740878646e-20Layer conv2.att_dst grad: 2.2852182740878646e-20

Layer conv2.bias grad: 1.9677411555642926e-13
Layer conv2.att_dst grad: 2.2852182740878646e-20Layer conv2.bias grad: 1.9677411555642926e-13Layer conv2.bias grad: 1.9677411555642926e-13


Layer conv2.lin.weight grad: 2.1803462389778736e-15
Layer conv2.bias grad: 1.9677411555642926e-13
Layer conv2.lin.weight grad: 2.1803462389778736e-15Layer conv2.lin.weight grad: 2.1803462389778736e-15

Layer conv3.att_src grad: 2.3715941861730137e-20
Layer conv3.att_src grad: 2.3715941861730137e-20Layer conv3.att_src grad: 2.3715941861730137e-20

Layer conv2.lin.weight grad: 2.1803462389778736e-15
Layer conv3.att_dst grad: 5.056803884955278e-21
Layer conv3.att_dst grad: 5.056803884955278e-21Layer conv3.att_dst grad: 5.056803884955278e-21

Layer conv3.bias grad: 7.350516029180909e-12Layer conv3.att_src grad: 2.3715941861730137e-20

Layer conv3.bias grad: 7.350516029180909e-12Layer conv3.bias grad: 7.350516029180909e-12

Layer conv3.att_dst grad: 5.056803884955278e-21Layer conv3.lin.weight grad: 7.402005779686728e-15

Layer conv3.lin.weight grad: 7.402005779686728e-15Layer conv3.lin.weight grad: 7.402005779686728e-15

Layer conv4.att_src grad: 5.08318202845474e-19Layer conv3.bias grad: 7.350516029180909e-12

Layer conv4.att_src grad: 5.08318202845474e-19Layer conv4.att_src grad: 5.08318202845474e-19

Layer conv4.att_dst grad: 2.7286470530106975e-19
Layer conv4.att_dst grad: 2.7286470530106975e-19Layer conv4.att_dst grad: 2.7286470530106975e-19
Layer conv3.lin.weight grad: 7.402005779686728e-15

Layer conv4.bias grad: 1.9455893840447658e-10
Layer conv4.bias grad: 1.9455893840447658e-10
Layer conv4.bias grad: 1.9455893840447658e-10
Layer conv4.att_src grad: 5.08318202845474e-19
Layer conv4.lin.weight grad: 2.0422194751262834e-13
Layer conv4.lin.weight grad: 2.0422194751262834e-13
Layer conv4.lin.weight grad: 2.0422194751262834e-13
Layer conv4.att_dst grad: 2.7286470530106975e-19
Layer fc.weight grad: 3.6773910305765156e-11
Layer fc.weight grad: 3.6773910305765156e-11
Layer fc.weight grad: 3.6773910305765156e-11
Layer fc.bias grad: 4.052646929153525e-08Layer conv4.bias grad: 1.9455893840447658e-10

Layer fc.bias grad: 4.052646929153525e-08
Layer fc.bias grad: 4.052646929153525e-08
Layer conv4.lin.weight grad: 2.0422194751262834e-13
Layer fc.weight grad: 3.6773910305765156e-11
Layer fc.bias grad: 4.052646929153525e-08
Softmax output at epoch 1: tensor([[0.0525, 0.0528, 0.0530, 0.0525, 0.0527, 0.0524, 0.0526, 0.0524, 0.0525,
         0.0525, 0.0525, 0.0529, 0.0524, 0.0529, 0.0524, 0.0525, 0.0530, 0.0525,
         0.0530],
        [0.0525, 0.0528, 0.0530, 0.0525, 0.0527, 0.0524, 0.0526, 0.0524, 0.0525,
         0.0525, 0.0525, 0.0529, 0.0524, 0.0529, 0.0524, 0.0525, 0.0530, 0.0525,
         0.0530],
        [0.0525, 0.0528, 0.0530, 0.0525, 0.0527, 0.0524, 0.0526, 0.0524, 0.0525,
         0.0525, 0.0525, 0.0529, 0.0524, 0.0529, 0.0524, 0.0525, 0.0530, 0.0525,
         0.0530],
        [0.0525, 0.0528, 0.0530, 0.0525, 0.0527, 0.0524, 0.0526, 0.0524, 0.0525,
         0.0525, 0.0525, 0.0529, 0.0524, 0.0529, 0.0524, 0.0525, 0.0530, 0.0525,
         0.0530],
        [0.0525, 0.0528, 0.0530, 0.0525, 0.0527, 0.0524, 0.0526, 0.0524, 0.0525,
         0.0525, 0.0525, 0.0529, 0.0524, 0.0529, 0.0524, 0.0525, 0.0530, 0.0525,
         0.0530]], device='cuda:3', grad_fn=<SliceBackward0>)
Softmax output at epoch 1: tensor([[0.0525, 0.0528, 0.0530, 0.0525, 0.0527, 0.0524, 0.0526, 0.0524, 0.0525,
         0.0525, 0.0525, 0.0529, 0.0524, 0.0529, 0.0524, 0.0525, 0.0530, 0.0525,
         0.0530],
        [0.0525, 0.0528, 0.0530, 0.0525, 0.0527, 0.0524, 0.0526, 0.0524, 0.0525,
         0.0525, 0.0525, 0.0529, 0.0524, 0.0529, 0.0524, 0.0525, 0.0530, 0.0525,
         0.0530],
        [0.0525, 0.0528, 0.0530, 0.0525, 0.0527, 0.0524, 0.0526, 0.0524, 0.0525,
         0.0525, 0.0525, 0.0529, 0.0524, 0.0529, 0.0524, 0.0525, 0.0530, 0.0525,
         0.0530],
        [0.0525, 0.0528, 0.0530, 0.0525, 0.0527, 0.0524, 0.0526, 0.0524, 0.0525,
         0.0525, 0.0525, 0.0529, 0.0524, 0.0529, 0.0524, 0.0525, 0.0530, 0.0525,
         0.0530],
        [0.0525, 0.0528, 0.0530, 0.0525, 0.0527, 0.0524, 0.0526, 0.0524, 0.0525,
         0.0525, 0.0525, 0.0529, 0.0524, 0.0529, 0.0524, 0.0525, 0.0530, 0.0525,
         0.0530]], device='cuda:2', grad_fn=<SliceBackward0>)
Softmax output at epoch 1: tensor([[0.0525, 0.0528, 0.0530, 0.0525, 0.0527, 0.0524, 0.0526, 0.0524, 0.0525,
         0.0525, 0.0525, 0.0529, 0.0524, 0.0529, 0.0524, 0.0525, 0.0530, 0.0525,
         0.0530],
        [0.0525, 0.0528, 0.0530, 0.0525, 0.0527, 0.0524, 0.0526, 0.0524, 0.0525,
         0.0525, 0.0525, 0.0529, 0.0524, 0.0529, 0.0524, 0.0525, 0.0530, 0.0525,
         0.0530],
        [0.0525, 0.0528, 0.0530, 0.0525, 0.0527, 0.0524, 0.0526, 0.0524, 0.0525,
         0.0525, 0.0525, 0.0529, 0.0524, 0.0529, 0.0524, 0.0525, 0.0530, 0.0525,
         0.0530],
        [0.0525, 0.0528, 0.0530, 0.0525, 0.0527, 0.0524, 0.0526, 0.0524, 0.0525,
         0.0525, 0.0525, 0.0529, 0.0524, 0.0529, 0.0524, 0.0525, 0.0530, 0.0525,
         0.0530],
        [0.0525, 0.0528, 0.0530, 0.0525, 0.0527, 0.0524, 0.0526, 0.0524, 0.0525,
         0.0525, 0.0525, 0.0529, 0.0524, 0.0529, 0.0524, 0.0525, 0.0530, 0.0525,
         0.0530]], device='cuda:1', grad_fn=<SliceBackward0>)
pt values at epoch 1: tensor([0.0525, 0.0525, 0.0525, 0.0525, 0.0525], device='cuda:3',
       grad_fn=<SliceBackward0>)
pt values at epoch 1: tensor([0.0525, 0.0525, 0.0525, 0.0525, 0.0525], device='cuda:2',
       grad_fn=<SliceBackward0>)
pt values at epoch 1: tensor([0.0525, 0.0525, 0.0525, 0.0525, 0.0525], device='cuda:1',
       grad_fn=<SliceBackward0>)
Softmax output at epoch 1: tensor([[0.0525, 0.0528, 0.0530, 0.0525, 0.0527, 0.0524, 0.0526, 0.0524, 0.0525,
         0.0525, 0.0525, 0.0529, 0.0524, 0.0529, 0.0524, 0.0525, 0.0530, 0.0525,
         0.0530],
        [0.0525, 0.0528, 0.0530, 0.0525, 0.0527, 0.0524, 0.0526, 0.0524, 0.0525,
         0.0525, 0.0525, 0.0529, 0.0524, 0.0529, 0.0524, 0.0525, 0.0530, 0.0525,
         0.0530],
        [0.0525, 0.0528, 0.0530, 0.0525, 0.0527, 0.0524, 0.0526, 0.0524, 0.0525,
         0.0525, 0.0525, 0.0529, 0.0524, 0.0529, 0.0524, 0.0525, 0.0530, 0.0525,
         0.0530],
        [0.0525, 0.0528, 0.0530, 0.0525, 0.0527, 0.0524, 0.0526, 0.0524, 0.0525,
         0.0525, 0.0525, 0.0529, 0.0524, 0.0529, 0.0524, 0.0525, 0.0530, 0.0525,
         0.0530],
        [0.0525, 0.0528, 0.0530, 0.0525, 0.0527, 0.0524, 0.0526, 0.0524, 0.0525,
         0.0525, 0.0525, 0.0529, 0.0524, 0.0529, 0.0524, 0.0525, 0.0530, 0.0525,
         0.0530]], device='cuda:0', grad_fn=<SliceBackward0>)
pt values at epoch 1: tensor([0.0525, 0.0525, 0.0525, 0.0525, 0.0525], device='cuda:0',
       grad_fn=<SliceBackward0>)
Layer conv1.att_src grad: 4.505304553538457e-18Layer conv1.att_src grad: 4.505304553538457e-18Layer conv1.att_src grad: 4.505304553538457e-18Layer conv1.att_src grad: 4.505304553538457e-18



Layer conv1.att_dst grad: 2.5024442781479918e-18Layer conv1.att_dst grad: 2.5024442781479918e-18Layer conv1.att_dst grad: 2.5024442781479918e-18

Layer conv1.att_dst grad: 2.5024442781479918e-18

Layer conv1.bias grad: 4.217854432148234e-14Layer conv1.bias grad: 4.217854432148234e-14

Layer conv1.bias grad: 4.217854432148234e-14
Layer conv1.bias grad: 4.217854432148234e-14
Layer conv1.lin.weight grad: 2.585249925918763e-14Layer conv1.lin.weight grad: 2.585249925918763e-14

Layer conv1.lin.weight grad: 2.585249925918763e-14
Layer conv1.lin.weight grad: 2.585249925918763e-14
Layer conv2.att_src grad: 2.0874032004746365e-19Layer conv2.att_src grad: 2.0874032004746365e-19

Layer conv2.att_src grad: 2.0874032004746365e-19
Layer conv2.att_src grad: 2.0874032004746365e-19
Layer conv2.att_dst grad: 7.526022670191881e-20Layer conv2.att_dst grad: 7.526022670191881e-20
Layer conv2.att_dst grad: 7.526022670191881e-20

Layer conv2.att_dst grad: 7.526022670191881e-20
Layer conv2.bias grad: 6.03297793666524e-13
Layer conv2.bias grad: 6.03297793666524e-13Layer conv2.bias grad: 6.03297793666524e-13

Layer conv2.bias grad: 6.03297793666524e-13
Layer conv2.lin.weight grad: 4.809187953197427e-15
Layer conv2.lin.weight grad: 4.809187953197427e-15Layer conv2.lin.weight grad: 4.809187953197427e-15

Layer conv2.lin.weight grad: 4.809187953197427e-15Layer conv3.att_src grad: 1.9566589036075342e-19

Layer conv3.att_src grad: 1.9566589036075342e-19Layer conv3.att_src grad: 1.9566589036075342e-19

Layer conv3.att_dst grad: 7.90850904673184e-20
Layer conv3.att_dst grad: 7.90850904673184e-20Layer conv3.att_dst grad: 7.90850904673184e-20Layer conv3.att_src grad: 1.9566589036075342e-19


Layer conv3.bias grad: 1.562892003315053e-11
Layer conv3.bias grad: 1.562892003315053e-11Layer conv3.bias grad: 1.562892003315053e-11

Layer conv3.att_dst grad: 7.90850904673184e-20
Layer conv3.lin.weight grad: 2.322600255568255e-14
Layer conv3.lin.weight grad: 2.322600255568255e-14Layer conv3.lin.weight grad: 2.322600255568255e-14
Layer conv3.bias grad: 1.562892003315053e-11

Layer conv4.att_src grad: 2.2024755008117618e-18
Layer conv4.att_src grad: 2.2024755008117618e-18
Layer conv4.att_src grad: 2.2024755008117618e-18
Layer conv3.lin.weight grad: 2.322600255568255e-14Layer conv4.att_dst grad: 1.4930073423159756e-18

Layer conv4.att_dst grad: 1.4930073423159756e-18
Layer conv4.att_dst grad: 1.4930073423159756e-18
Layer conv4.bias grad: 2.978177704449081e-10
Layer conv4.bias grad: 2.978177704449081e-10
Layer conv4.att_src grad: 2.2024755008117618e-18Layer conv4.bias grad: 2.978177704449081e-10

Layer conv4.lin.weight grad: 4.821383093114862e-13
Layer conv4.lin.weight grad: 4.821383093114862e-13
Layer conv4.att_dst grad: 1.4930073423159756e-18Layer conv4.lin.weight grad: 4.821383093114862e-13

Layer fc.weight grad: 6.165235683086578e-11
Layer fc.weight grad: 6.165235683086578e-11
Layer conv4.bias grad: 2.978177704449081e-10Layer fc.weight grad: 6.165235683086578e-11

Layer fc.bias grad: 4.447580082000968e-08
Layer fc.bias grad: 4.447580082000968e-08
Layer fc.bias grad: 4.447580082000968e-08
Layer conv4.lin.weight grad: 4.821383093114862e-13
Layer fc.weight grad: 6.165235683086578e-11
Layer fc.bias grad: 4.447580082000968e-08
Softmax output at epoch 1: tensor([[0.0524, 0.0528, 0.0530, 0.0524, 0.0528, 0.0524, 0.0527, 0.0525, 0.0524,
         0.0526, 0.0524, 0.0528, 0.0524, 0.0531, 0.0524, 0.0524, 0.0531, 0.0526,
         0.0530],
        [0.0524, 0.0528, 0.0530, 0.0524, 0.0528, 0.0524, 0.0527, 0.0525, 0.0524,
         0.0526, 0.0524, 0.0528, 0.0524, 0.0531, 0.0524, 0.0524, 0.0531, 0.0526,
         0.0530],
        [0.0524, 0.0528, 0.0530, 0.0524, 0.0528, 0.0524, 0.0527, 0.0525, 0.0524,
         0.0526, 0.0524, 0.0528, 0.0524, 0.0531, 0.0524, 0.0524, 0.0531, 0.0526,
         0.0530],
        [0.0524, 0.0528, 0.0530, 0.0524, 0.0528, 0.0524, 0.0527, 0.0525, 0.0524,
         0.0526, 0.0524, 0.0528, 0.0524, 0.0531, 0.0524, 0.0524, 0.0531, 0.0526,
         0.0530],
        [0.0524, 0.0528, 0.0530, 0.0524, 0.0528, 0.0524, 0.0527, 0.0525, 0.0524,
         0.0526, 0.0524, 0.0528, 0.0524, 0.0531, 0.0524, 0.0524, 0.0531, 0.0526,
         0.0530]], device='cuda:2', grad_fn=<SliceBackward0>)
Softmax output at epoch 1: tensor([[0.0524, 0.0528, 0.0530, 0.0524, 0.0528, 0.0524, 0.0527, 0.0525, 0.0524,
         0.0526, 0.0524, 0.0528, 0.0524, 0.0531, 0.0524, 0.0524, 0.0531, 0.0526,
         0.0530],
        [0.0524, 0.0528, 0.0530, 0.0524, 0.0528, 0.0524, 0.0527, 0.0525, 0.0524,
         0.0526, 0.0524, 0.0528, 0.0524, 0.0531, 0.0524, 0.0524, 0.0531, 0.0526,
         0.0530],
        [0.0524, 0.0528, 0.0530, 0.0524, 0.0528, 0.0524, 0.0527, 0.0525, 0.0524,
         0.0526, 0.0524, 0.0528, 0.0524, 0.0531, 0.0524, 0.0524, 0.0531, 0.0526,
         0.0530],
        [0.0524, 0.0528, 0.0530, 0.0524, 0.0528, 0.0524, 0.0527, 0.0525, 0.0524,
         0.0526, 0.0524, 0.0528, 0.0524, 0.0531, 0.0524, 0.0524, 0.0531, 0.0526,
         0.0530],
        [0.0524, 0.0528, 0.0530, 0.0524, 0.0528, 0.0524, 0.0527, 0.0525, 0.0524,
         0.0526, 0.0524, 0.0528, 0.0524, 0.0531, 0.0524, 0.0524, 0.0531, 0.0526,
         0.0530]], device='cuda:3', grad_fn=<SliceBackward0>)
Softmax output at epoch 1: tensor([[0.0524, 0.0528, 0.0530, 0.0524, 0.0528, 0.0524, 0.0527, 0.0525, 0.0524,
         0.0526, 0.0524, 0.0528, 0.0524, 0.0531, 0.0524, 0.0524, 0.0531, 0.0526,
         0.0530],
        [0.0524, 0.0528, 0.0530, 0.0524, 0.0528, 0.0524, 0.0527, 0.0525, 0.0524,
         0.0526, 0.0524, 0.0528, 0.0524, 0.0531, 0.0524, 0.0524, 0.0531, 0.0526,
         0.0530],
        [0.0524, 0.0528, 0.0530, 0.0524, 0.0528, 0.0524, 0.0527, 0.0525, 0.0524,
         0.0526, 0.0524, 0.0528, 0.0524, 0.0531, 0.0524, 0.0524, 0.0531, 0.0526,
         0.0530],
        [0.0524, 0.0528, 0.0530, 0.0524, 0.0528, 0.0524, 0.0527, 0.0525, 0.0524,
         0.0526, 0.0524, 0.0528, 0.0524, 0.0531, 0.0524, 0.0524, 0.0531, 0.0526,
         0.0530],
        [0.0524, 0.0528, 0.0530, 0.0524, 0.0528, 0.0524, 0.0527, 0.0525, 0.0524,
         0.0526, 0.0524, 0.0528, 0.0524, 0.0531, 0.0524, 0.0524, 0.0531, 0.0526,
         0.0530]], device='cuda:1', grad_fn=<SliceBackward0>)
pt values at epoch 1: tensor([0.0524, 0.0524, 0.0524, 0.0524, 0.0524], device='cuda:2',
       grad_fn=<SliceBackward0>)
pt values at epoch 1: tensor([0.0524, 0.0524, 0.0524, 0.0524, 0.0524], device='cuda:3',
       grad_fn=<SliceBackward0>)
pt values at epoch 1: tensor([0.0524, 0.0524, 0.0524, 0.0524, 0.0524], device='cuda:1',
       grad_fn=<SliceBackward0>)
Softmax output at epoch 1: tensor([[0.0524, 0.0528, 0.0530, 0.0524, 0.0528, 0.0524, 0.0527, 0.0525, 0.0524,
         0.0526, 0.0524, 0.0528, 0.0524, 0.0531, 0.0524, 0.0524, 0.0531, 0.0526,
         0.0530],
        [0.0524, 0.0528, 0.0530, 0.0524, 0.0528, 0.0524, 0.0527, 0.0525, 0.0524,
         0.0526, 0.0524, 0.0528, 0.0524, 0.0531, 0.0524, 0.0524, 0.0531, 0.0526,
         0.0530],
        [0.0524, 0.0528, 0.0530, 0.0524, 0.0528, 0.0524, 0.0527, 0.0525, 0.0524,
         0.0526, 0.0524, 0.0528, 0.0524, 0.0531, 0.0524, 0.0524, 0.0531, 0.0526,
         0.0530],
        [0.0524, 0.0528, 0.0530, 0.0524, 0.0528, 0.0524, 0.0527, 0.0525, 0.0524,
         0.0526, 0.0524, 0.0528, 0.0524, 0.0531, 0.0524, 0.0524, 0.0531, 0.0526,
         0.0530],
        [0.0524, 0.0528, 0.0530, 0.0524, 0.0528, 0.0524, 0.0527, 0.0525, 0.0524,
         0.0526, 0.0524, 0.0528, 0.0524, 0.0531, 0.0524, 0.0524, 0.0531, 0.0526,
         0.0530]], device='cuda:0', grad_fn=<SliceBackward0>)
pt values at epoch 1: tensor([0.0524, 0.0524, 0.0524, 0.0524, 0.0524], device='cuda:0',
       grad_fn=<SliceBackward0>)
Layer conv1.att_src grad: 1.8818904874785665e-17Layer conv1.att_src grad: 1.8818904874785665e-17Layer conv1.att_src grad: 1.8818904874785665e-17


Layer conv1.att_dst grad: 1.1674295288439561e-17
Layer conv1.att_dst grad: 1.1674295288439561e-17
Layer conv1.att_dst grad: 1.1674295288439561e-17
Layer conv1.bias grad: 2.328036309735826e-13
Layer conv1.bias grad: 2.328036309735826e-13
Layer conv1.bias grad: 2.328036309735826e-13
Layer conv1.lin.weight grad: 1.4562518400353108e-13
Layer conv1.lin.weight grad: 1.4562518400353108e-13
Layer conv1.lin.weight grad: 1.4562518400353108e-13
Layer conv2.att_src grad: 1.0869078802691654e-18
Layer conv2.att_src grad: 1.0869078802691654e-18
Layer conv2.att_src grad: 1.0869078802691654e-18
Layer conv2.att_dst grad: 5.127471346402361e-19
Layer conv2.att_dst grad: 5.127471346402361e-19
Layer conv2.bias grad: 3.65331289525761e-12Layer conv2.att_dst grad: 5.127471346402361e-19

Layer conv2.bias grad: 3.65331289525761e-12
Layer conv2.bias grad: 3.65331289525761e-12
Layer conv2.lin.weight grad: 2.4791112766169368e-14
Layer conv2.lin.weight grad: 2.4791112766169368e-14
Layer conv3.att_src grad: 8.055388793916497e-19
Layer conv2.lin.weight grad: 2.4791112766169368e-14
Layer conv3.att_src grad: 8.055388793916497e-19
Layer conv3.att_dst grad: 3.8077972199050343e-19
Layer conv3.att_dst grad: 3.8077972199050343e-19Layer conv3.att_src grad: 8.055388793916497e-19

Layer conv3.bias grad: 8.491822522938008e-11
Layer conv3.bias grad: 8.491822522938008e-11
Layer conv3.att_dst grad: 3.8077972199050343e-19
Layer conv3.lin.weight grad: 9.653981444552456e-14
Layer conv3.bias grad: 8.491822522938008e-11Layer conv3.lin.weight grad: 9.653981444552456e-14

Layer conv4.att_src grad: 4.549395761729371e-18
Layer conv1.att_src grad: 1.8818904874785665e-17Layer conv4.att_src grad: 4.549395761729371e-18Layer conv4.att_dst grad: 1.6488000898478613e-18Layer conv3.lin.weight grad: 9.653981444552456e-14



Layer conv4.att_dst grad: 1.6488000898478613e-18
Layer conv4.bias grad: 1.740894428614581e-09
Layer conv4.att_src grad: 4.549395761729371e-18
Layer conv4.bias grad: 1.740894428614581e-09
Layer conv4.lin.weight grad: 2.162099058816702e-12
Layer conv4.att_dst grad: 1.6488000898478613e-18
Layer conv1.att_dst grad: 1.1674295288439561e-17Layer conv4.lin.weight grad: 2.162099058816702e-12
Layer fc.weight grad: 1.9888361790787457e-10

Layer conv4.bias grad: 1.740894428614581e-09
Layer fc.bias grad: 1.866896610636104e-07
Layer fc.weight grad: 1.9888361790787457e-10
Layer conv4.lin.weight grad: 2.162099058816702e-12
Layer fc.bias grad: 1.866896610636104e-07
Layer conv1.bias grad: 2.328036309735826e-13
Layer fc.weight grad: 1.9888361790787457e-10
Layer fc.bias grad: 1.866896610636104e-07
Layer conv1.lin.weight grad: 1.4562518400353108e-13
Layer conv2.att_src grad: 1.0869078802691654e-18
Layer conv2.att_dst grad: 5.127471346402361e-19
Layer conv2.bias grad: 3.65331289525761e-12
Layer conv2.lin.weight grad: 2.4791112766169368e-14
Layer conv3.att_src grad: 8.055388793916497e-19
Layer conv3.att_dst grad: 3.8077972199050343e-19
Layer conv3.bias grad: 8.491822522938008e-11
Layer conv3.lin.weight grad: 9.653981444552456e-14
Layer conv4.att_src grad: 4.549395761729371e-18
Layer conv4.att_dst grad: 1.6488000898478613e-18
Layer conv4.bias grad: 1.740894428614581e-09
Layer conv4.lin.weight grad: 2.162099058816702e-12
Layer fc.weight grad: 1.9888361790787457e-10
Layer fc.bias grad: 1.866896610636104e-07
Softmax output at epoch 2: tensor([[0.0523, 0.0528, 0.0530, 0.0524, 0.0528, 0.0523, 0.0528, 0.0525, 0.0524,
         0.0526, 0.0523, 0.0527, 0.0524, 0.0531, 0.0524, 0.0524, 0.0531, 0.0527,
         0.0530],
        [0.0523, 0.0528, 0.0530, 0.0524, 0.0528, 0.0523, 0.0528, 0.0525, 0.0524,
         0.0526, 0.0523, 0.0527, 0.0524, 0.0531, 0.0524, 0.0524, 0.0531, 0.0527,
         0.0530],
        [0.0523, 0.0528, 0.0530, 0.0524, 0.0528, 0.0523, 0.0528, 0.0525, 0.0524,
         0.0526, 0.0523, 0.0527, 0.0524, 0.0531, 0.0524, 0.0524, 0.0531, 0.0527,
         0.0530],
        [0.0523, 0.0528, 0.0530, 0.0524, 0.0528, 0.0523, 0.0528, 0.0525, 0.0524,
         0.0526, 0.0523, 0.0527, 0.0524, 0.0531, 0.0524, 0.0524, 0.0531, 0.0527,
         0.0530],
        [0.0523, 0.0528, 0.0530, 0.0524, 0.0528, 0.0523, 0.0528, 0.0525, 0.0524,
         0.0526, 0.0523, 0.0527, 0.0524, 0.0531, 0.0524, 0.0524, 0.0531, 0.0527,
         0.0530]], device='cuda:2', grad_fn=<SliceBackward0>)Softmax output at epoch 2: tensor([[0.0523, 0.0528, 0.0530, 0.0524, 0.0528, 0.0523, 0.0528, 0.0525, 0.0524,
         0.0526, 0.0523, 0.0527, 0.0524, 0.0531, 0.0524, 0.0524, 0.0531, 0.0527,
         0.0530],
        [0.0523, 0.0528, 0.0530, 0.0524, 0.0528, 0.0523, 0.0528, 0.0525, 0.0524,
         0.0526, 0.0523, 0.0527, 0.0524, 0.0531, 0.0524, 0.0524, 0.0531, 0.0527,
         0.0530],
        [0.0523, 0.0528, 0.0530, 0.0524, 0.0528, 0.0523, 0.0528, 0.0525, 0.0524,
         0.0526, 0.0523, 0.0527, 0.0524, 0.0531, 0.0524, 0.0524, 0.0531, 0.0527,
         0.0530],
        [0.0523, 0.0528, 0.0530, 0.0524, 0.0528, 0.0523, 0.0528, 0.0525, 0.0524,
         0.0526, 0.0523, 0.0527, 0.0524, 0.0531, 0.0524, 0.0524, 0.0531, 0.0527,
         0.0530],
        [0.0523, 0.0528, 0.0530, 0.0524, 0.0528, 0.0523, 0.0528, 0.0525, 0.0524,
         0.0526, 0.0523, 0.0527, 0.0524, 0.0531, 0.0524, 0.0524, 0.0531, 0.0527,
         0.0530]], device='cuda:3', grad_fn=<SliceBackward0>)

Softmax output at epoch 2: tensor([[0.0523, 0.0528, 0.0530, 0.0524, 0.0528, 0.0523, 0.0528, 0.0525, 0.0524,
         0.0526, 0.0523, 0.0527, 0.0524, 0.0531, 0.0524, 0.0524, 0.0531, 0.0527,
         0.0530],
        [0.0523, 0.0528, 0.0530, 0.0524, 0.0528, 0.0523, 0.0528, 0.0525, 0.0524,
         0.0526, 0.0523, 0.0527, 0.0524, 0.0531, 0.0524, 0.0524, 0.0531, 0.0527,
         0.0530],
        [0.0523, 0.0528, 0.0530, 0.0524, 0.0528, 0.0523, 0.0528, 0.0525, 0.0524,
         0.0526, 0.0523, 0.0527, 0.0524, 0.0531, 0.0524, 0.0524, 0.0531, 0.0527,
         0.0530],
        [0.0523, 0.0528, 0.0530, 0.0524, 0.0528, 0.0523, 0.0528, 0.0525, 0.0524,
         0.0526, 0.0523, 0.0527, 0.0524, 0.0531, 0.0524, 0.0524, 0.0531, 0.0527,
         0.0530],
        [0.0523, 0.0528, 0.0530, 0.0524, 0.0528, 0.0523, 0.0528, 0.0525, 0.0524,
         0.0526, 0.0523, 0.0527, 0.0524, 0.0531, 0.0524, 0.0524, 0.0531, 0.0527,
         0.0530]], device='cuda:1', grad_fn=<SliceBackward0>)
pt values at epoch 2: tensor([0.0523, 0.0523, 0.0523, 0.0523, 0.0523], device='cuda:3',
       grad_fn=<SliceBackward0>)pt values at epoch 2: tensor([0.0523, 0.0523, 0.0523, 0.0523, 0.0523], device='cuda:2',
       grad_fn=<SliceBackward0>)

pt values at epoch 2: tensor([0.0523, 0.0523, 0.0523, 0.0523, 0.0523], device='cuda:1',
       grad_fn=<SliceBackward0>)
Precision: 0.0000, Recall: 0.0004, F1-Score: 0.0000
Fold 2, Epoch 1, Train Loss: 0.0000, Val Loss: 0.0000, Val Acc: 0.0004
Softmax output at epoch 2: tensor([[0.0523, 0.0528, 0.0530, 0.0524, 0.0528, 0.0523, 0.0528, 0.0525, 0.0524,
         0.0526, 0.0523, 0.0527, 0.0524, 0.0531, 0.0524, 0.0524, 0.0531, 0.0527,
         0.0530],
        [0.0523, 0.0528, 0.0530, 0.0524, 0.0528, 0.0523, 0.0528, 0.0525, 0.0524,
         0.0526, 0.0523, 0.0527, 0.0524, 0.0531, 0.0524, 0.0524, 0.0531, 0.0527,
         0.0530],
        [0.0523, 0.0528, 0.0530, 0.0524, 0.0528, 0.0523, 0.0528, 0.0525, 0.0524,
         0.0526, 0.0523, 0.0527, 0.0524, 0.0531, 0.0524, 0.0524, 0.0531, 0.0527,
         0.0530],
        [0.0523, 0.0528, 0.0530, 0.0524, 0.0528, 0.0523, 0.0528, 0.0525, 0.0524,
         0.0526, 0.0523, 0.0527, 0.0524, 0.0531, 0.0524, 0.0524, 0.0531, 0.0527,
         0.0530],
        [0.0523, 0.0528, 0.0530, 0.0524, 0.0528, 0.0523, 0.0528, 0.0525, 0.0524,
         0.0526, 0.0523, 0.0527, 0.0524, 0.0531, 0.0524, 0.0524, 0.0531, 0.0527,
         0.0530]], device='cuda:0', grad_fn=<SliceBackward0>)
pt values at epoch 2: tensor([0.0523, 0.0523, 0.0523, 0.0523, 0.0523], device='cuda:0',
       grad_fn=<SliceBackward0>)
Layer conv1.att_src grad: 2.6771903184528816e-18Layer conv1.att_src grad: 2.6771903184528816e-18Layer conv1.att_src grad: 2.6771903184528816e-18Layer conv1.att_src grad: 2.6771903184528816e-18



Layer conv1.att_dst grad: 5.0815095726537345e-19
Layer conv1.att_dst grad: 5.0815095726537345e-19Layer conv1.att_dst grad: 5.0815095726537345e-19

Layer conv1.att_dst grad: 5.0815095726537345e-19
Layer conv1.bias grad: 6.754209550593332e-14
Layer conv1.bias grad: 6.754209550593332e-14
Layer conv1.bias grad: 6.754209550593332e-14
Layer conv1.bias grad: 6.754209550593332e-14
Layer conv1.lin.weight grad: 4.4896757752516114e-14
Layer conv1.lin.weight grad: 4.4896757752516114e-14
Layer conv1.lin.weight grad: 4.4896757752516114e-14
Layer conv1.lin.weight grad: 4.4896757752516114e-14
Layer conv2.att_src grad: 2.3276908966151655e-19
Layer conv2.att_src grad: 2.3276908966151655e-19
Layer conv2.att_src grad: 2.3276908966151655e-19
Layer conv2.att_src grad: 2.3276908966151655e-19
Layer conv2.att_dst grad: 8.063165971885114e-20
Layer conv2.att_dst grad: 8.063165971885114e-20
Layer conv2.att_dst grad: 8.063165971885114e-20
Layer conv2.att_dst grad: 8.063165971885114e-20
Layer conv2.bias grad: 1.0156377691986074e-12
Layer conv2.bias grad: 1.0156377691986074e-12Layer conv2.bias grad: 1.0156377691986074e-12

Layer conv2.bias grad: 1.0156377691986074e-12
Layer conv2.lin.weight grad: 6.9382848872181525e-15
Layer conv2.lin.weight grad: 6.9382848872181525e-15Layer conv2.lin.weight grad: 6.9382848872181525e-15

Layer conv2.lin.weight grad: 6.9382848872181525e-15
Layer conv3.att_src grad: 3.383450140620607e-20
Layer conv3.att_src grad: 3.383450140620607e-20Layer conv3.att_src grad: 3.383450140620607e-20

Layer conv3.att_src grad: 3.383450140620607e-20
Layer conv3.att_dst grad: 1.687459435600687e-20
Layer conv3.att_dst grad: 1.687459435600687e-20Layer conv3.att_dst grad: 1.687459435600687e-20

Layer conv3.att_dst grad: 1.687459435600687e-20
Layer conv3.bias grad: 2.2439612668012643e-11
Layer conv3.bias grad: 2.2439612668012643e-11Layer conv3.bias grad: 2.2439612668012643e-11

Layer conv3.bias grad: 2.2439612668012643e-11
Layer conv3.lin.weight grad: 1.0460476580797292e-14
Layer conv3.lin.weight grad: 1.0460476580797292e-14Layer conv3.lin.weight grad: 1.0460476580797292e-14

Layer conv3.lin.weight grad: 1.0460476580797292e-14Layer conv4.att_src grad: 1.6257418098874863e-19

Layer conv4.att_src grad: 1.6257418098874863e-19Layer conv4.att_src grad: 1.6257418098874863e-19

Layer conv4.att_dst grad: 7.150653278094146e-20Layer conv4.att_src grad: 1.6257418098874863e-19

Layer conv4.att_dst grad: 7.150653278094146e-20Layer conv4.att_dst grad: 7.150653278094146e-20

Layer conv4.bias grad: 3.8744091268583247e-10Layer conv4.att_dst grad: 7.150653278094146e-20

Layer conv4.bias grad: 3.8744091268583247e-10Layer conv4.bias grad: 3.8744091268583247e-10

Layer conv4.bias grad: 3.8744091268583247e-10
Layer conv4.lin.weight grad: 1.6593187056584274e-13
Layer conv4.lin.weight grad: 1.6593187056584274e-13Layer conv4.lin.weight grad: 1.6593187056584274e-13

Layer conv4.lin.weight grad: 1.6593187056584274e-13Layer fc.weight grad: 1.2360610798789473e-11

Layer fc.weight grad: 1.2360610798789473e-11Layer fc.weight grad: 1.2360610798789473e-11

Layer fc.bias grad: 3.4203473830984876e-08
Layer fc.weight grad: 1.2360610798789473e-11
Layer fc.bias grad: 3.4203473830984876e-08Layer fc.bias grad: 3.4203473830984876e-08

Layer fc.bias grad: 3.4203473830984876e-08
Softmax output at epoch 2: tensor([[0.0523, 0.0527, 0.0529, 0.0524, 0.0528, 0.0524, 0.0528, 0.0526, 0.0524,
         0.0527, 0.0524, 0.0526, 0.0524, 0.0530, 0.0524, 0.0524, 0.0530, 0.0528,
         0.0530],
        [0.0523, 0.0527, 0.0529, 0.0524, 0.0528, 0.0524, 0.0528, 0.0526, 0.0524,
         0.0527, 0.0524, 0.0526, 0.0524, 0.0530, 0.0524, 0.0524, 0.0530, 0.0528,
         0.0530],
        [0.0523, 0.0527, 0.0529, 0.0524, 0.0528, 0.0524, 0.0528, 0.0526, 0.0524,
         0.0527, 0.0524, 0.0526, 0.0524, 0.0530, 0.0524, 0.0524, 0.0530, 0.0528,
         0.0530],
        [0.0523, 0.0527, 0.0529, 0.0524, 0.0528, 0.0524, 0.0528, 0.0526, 0.0524,
         0.0527, 0.0524, 0.0526, 0.0524, 0.0530, 0.0524, 0.0524, 0.0530, 0.0528,
         0.0530],
        [0.0523, 0.0527, 0.0529, 0.0524, 0.0528, 0.0524, 0.0528, 0.0526, 0.0524,
         0.0527, 0.0524, 0.0526, 0.0524, 0.0530, 0.0524, 0.0524, 0.0530, 0.0528,
         0.0530]], device='cuda:2', grad_fn=<SliceBackward0>)
Softmax output at epoch 2: tensor([[0.0523, 0.0527, 0.0529, 0.0524, 0.0528, 0.0524, 0.0528, 0.0526, 0.0524,
         0.0527, 0.0524, 0.0526, 0.0524, 0.0530, 0.0524, 0.0524, 0.0530, 0.0528,
         0.0530],
        [0.0523, 0.0527, 0.0529, 0.0524, 0.0528, 0.0524, 0.0528, 0.0526, 0.0524,
         0.0527, 0.0524, 0.0526, 0.0524, 0.0530, 0.0524, 0.0524, 0.0530, 0.0528,
         0.0530],
        [0.0523, 0.0527, 0.0529, 0.0524, 0.0528, 0.0524, 0.0528, 0.0526, 0.0524,
         0.0527, 0.0524, 0.0526, 0.0524, 0.0530, 0.0524, 0.0524, 0.0530, 0.0528,
         0.0530],
        [0.0523, 0.0527, 0.0529, 0.0524, 0.0528, 0.0524, 0.0528, 0.0526, 0.0524,
         0.0527, 0.0524, 0.0526, 0.0524, 0.0530, 0.0524, 0.0524, 0.0530, 0.0528,
         0.0530],
        [0.0523, 0.0527, 0.0529, 0.0524, 0.0528, 0.0524, 0.0528, 0.0526, 0.0524,
         0.0527, 0.0524, 0.0526, 0.0524, 0.0530, 0.0524, 0.0524, 0.0530, 0.0528,
         0.0530]], device='cuda:3', grad_fn=<SliceBackward0>)
Softmax output at epoch 2: tensor([[0.0523, 0.0527, 0.0529, 0.0524, 0.0528, 0.0524, 0.0528, 0.0526, 0.0524,
         0.0527, 0.0524, 0.0526, 0.0524, 0.0530, 0.0524, 0.0524, 0.0530, 0.0528,
         0.0530],
        [0.0523, 0.0527, 0.0529, 0.0524, 0.0528, 0.0524, 0.0528, 0.0526, 0.0524,
         0.0527, 0.0524, 0.0526, 0.0524, 0.0530, 0.0524, 0.0524, 0.0530, 0.0528,
         0.0530],
        [0.0523, 0.0527, 0.0529, 0.0524, 0.0528, 0.0524, 0.0528, 0.0526, 0.0524,
         0.0527, 0.0524, 0.0526, 0.0524, 0.0530, 0.0524, 0.0524, 0.0530, 0.0528,
         0.0530],
        [0.0523, 0.0527, 0.0529, 0.0524, 0.0528, 0.0524, 0.0528, 0.0526, 0.0524,
         0.0527, 0.0524, 0.0526, 0.0524, 0.0530, 0.0524, 0.0524, 0.0530, 0.0528,
         0.0530],
        [0.0523, 0.0527, 0.0529, 0.0524, 0.0528, 0.0524, 0.0528, 0.0526, 0.0524,
         0.0527, 0.0524, 0.0526, 0.0524, 0.0530, 0.0524, 0.0524, 0.0530, 0.0528,
         0.0530]], device='cuda:0', grad_fn=<SliceBackward0>)Softmax output at epoch 2: tensor([[0.0523, 0.0527, 0.0529, 0.0524, 0.0528, 0.0524, 0.0528, 0.0526, 0.0524,
         0.0527, 0.0524, 0.0526, 0.0524, 0.0530, 0.0524, 0.0524, 0.0530, 0.0528,
         0.0530],
        [0.0523, 0.0527, 0.0529, 0.0524, 0.0528, 0.0524, 0.0528, 0.0526, 0.0524,
         0.0527, 0.0524, 0.0526, 0.0524, 0.0530, 0.0524, 0.0524, 0.0530, 0.0528,
         0.0530],
        [0.0523, 0.0527, 0.0529, 0.0524, 0.0528, 0.0524, 0.0528, 0.0526, 0.0524,
         0.0527, 0.0524, 0.0526, 0.0524, 0.0530, 0.0524, 0.0524, 0.0530, 0.0528,
         0.0530],
        [0.0523, 0.0527, 0.0529, 0.0524, 0.0528, 0.0524, 0.0528, 0.0526, 0.0524,
         0.0527, 0.0524, 0.0526, 0.0524, 0.0530, 0.0524, 0.0524, 0.0530, 0.0528,
         0.0530],
        [0.0523, 0.0527, 0.0529, 0.0524, 0.0528, 0.0524, 0.0528, 0.0526, 0.0524,
         0.0527, 0.0524, 0.0526, 0.0524, 0.0530, 0.0524, 0.0524, 0.0530, 0.0528,
         0.0530]], device='cuda:1', grad_fn=<SliceBackward0>)

pt values at epoch 2: tensor([0.0523, 0.0523, 0.0523, 0.0523, 0.0523], device='cuda:2',
       grad_fn=<SliceBackward0>)
pt values at epoch 2: tensor([0.0523, 0.0523, 0.0523, 0.0523, 0.0523], device='cuda:3',
       grad_fn=<SliceBackward0>)
pt values at epoch 2: tensor([0.0523, 0.0523, 0.0523, 0.0523, 0.0523], device='cuda:1',
       grad_fn=<SliceBackward0>)pt values at epoch 2: tensor([0.0523, 0.0523, 0.0523, 0.0523, 0.0523], device='cuda:0',
       grad_fn=<SliceBackward0>)

Layer conv1.att_src grad: 1.4051623122264926e-18Layer conv1.att_src grad: 1.4051623122264926e-18Layer conv1.att_src grad: 1.4051623122264926e-18Layer conv1.att_src grad: 1.4051623122264926e-18



Layer conv1.att_dst grad: 3.2805052515663955e-19Layer conv1.att_dst grad: 3.2805052515663955e-19Layer conv1.att_dst grad: 3.2805052515663955e-19Layer conv1.att_dst grad: 3.2805052515663955e-19



Layer conv1.bias grad: 4.896222790813469e-14Layer conv1.bias grad: 4.896222790813469e-14Layer conv1.bias grad: 4.896222790813469e-14
Layer conv1.bias grad: 4.896222790813469e-14


Layer conv1.lin.weight grad: 2.926973510027249e-14
Layer conv1.lin.weight grad: 2.926973510027249e-14Layer conv1.lin.weight grad: 2.926973510027249e-14
Layer conv1.lin.weight grad: 2.926973510027249e-14

Layer conv2.att_src grad: 1.0630150396942097e-19
Layer conv2.att_src grad: 1.0630150396942097e-19
Layer conv2.att_src grad: 1.0630150396942097e-19Layer conv2.att_src grad: 1.0630150396942097e-19

Layer conv2.att_dst grad: 5.616406432749033e-20
Layer conv2.att_dst grad: 5.616406432749033e-20
Layer conv2.att_dst grad: 5.616406432749033e-20Layer conv2.att_dst grad: 5.616406432749033e-20

Layer conv2.bias grad: 8.207137768868888e-13
Layer conv2.bias grad: 8.207137768868888e-13
Layer conv2.bias grad: 8.207137768868888e-13Layer conv2.bias grad: 8.207137768868888e-13

Layer conv2.lin.weight grad: 3.910839208899619e-15
Layer conv2.lin.weight grad: 3.910839208899619e-15
Layer conv2.lin.weight grad: 3.910839208899619e-15Layer conv2.lin.weight grad: 3.910839208899619e-15

Layer conv3.att_src grad: 3.2958578529823504e-20
Layer conv3.att_src grad: 3.2958578529823504e-20
Layer conv3.att_src grad: 3.2958578529823504e-20Layer conv3.att_src grad: 3.2958578529823504e-20

Layer conv3.att_dst grad: 1.3395832975539693e-20
Layer conv3.att_dst grad: 1.3395832975539693e-20
Layer conv3.att_dst grad: 1.3395832975539693e-20
Layer conv3.att_dst grad: 1.3395832975539693e-20
Layer conv3.bias grad: 1.8581027341757483e-11
Layer conv3.bias grad: 1.8581027341757483e-11
Layer conv3.bias grad: 1.8581027341757483e-11
Layer conv3.bias grad: 1.8581027341757483e-11
Layer conv3.lin.weight grad: 9.10747951392895e-15
Layer conv3.lin.weight grad: 9.10747951392895e-15
Layer conv3.lin.weight grad: 9.10747951392895e-15
Layer conv3.lin.weight grad: 9.10747951392895e-15
Layer conv4.att_src grad: 2.0588150630229796e-19
Layer conv4.att_src grad: 2.0588150630229796e-19
Layer conv4.att_src grad: 2.0588150630229796e-19
Layer conv4.att_src grad: 2.0588150630229796e-19
Layer conv4.att_dst grad: 6.13850409458175e-20
Layer conv4.att_dst grad: 6.13850409458175e-20
Layer conv4.att_dst grad: 6.13850409458175e-20
Layer conv4.att_dst grad: 6.13850409458175e-20
Layer conv4.bias grad: 3.8005945612873404e-10
Layer conv4.bias grad: 3.8005945612873404e-10
Layer conv4.bias grad: 3.8005945612873404e-10
Layer conv4.bias grad: 3.8005945612873404e-10
Layer conv4.lin.weight grad: 1.6425207548242948e-13
Layer conv4.lin.weight grad: 1.6425207548242948e-13
Layer conv4.lin.weight grad: 1.6425207548242948e-13
Layer conv4.lin.weight grad: 1.6425207548242948e-13
Layer fc.weight grad: 2.1125467694615985e-11
Layer fc.weight grad: 2.1125467694615985e-11
Layer fc.weight grad: 2.1125467694615985e-11
Layer fc.weight grad: 2.1125467694615985e-11
Layer fc.bias grad: 4.316471802212618e-08
Layer fc.bias grad: 4.316471802212618e-08
Layer fc.bias grad: 4.316471802212618e-08
Layer fc.bias grad: 4.316471802212618e-08
Softmax output at epoch 2: tensor([[0.0524, 0.0526, 0.0528, 0.0525, 0.0527, 0.0524, 0.0528, 0.0527, 0.0525,
         0.0528, 0.0524, 0.0525, 0.0525, 0.0530, 0.0525, 0.0525, 0.0529, 0.0528,
         0.0529],
        [0.0524, 0.0526, 0.0528, 0.0525, 0.0527, 0.0524, 0.0528, 0.0527, 0.0525,
         0.0528, 0.0524, 0.0525, 0.0525, 0.0530, 0.0525, 0.0525, 0.0529, 0.0528,
         0.0529],
        [0.0524, 0.0526, 0.0528, 0.0525, 0.0527, 0.0524, 0.0528, 0.0527, 0.0525,
         0.0528, 0.0524, 0.0525, 0.0525, 0.0530, 0.0525, 0.0525, 0.0529, 0.0528,
         0.0529],
        [0.0524, 0.0526, 0.0528, 0.0525, 0.0527, 0.0524, 0.0528, 0.0527, 0.0525,
         0.0528, 0.0524, 0.0525, 0.0525, 0.0530, 0.0525, 0.0525, 0.0529, 0.0528,
         0.0529],
        [0.0524, 0.0526, 0.0528, 0.0525, 0.0527, 0.0524, 0.0528, 0.0527, 0.0525,
         0.0528, 0.0524, 0.0525, 0.0525, 0.0530, 0.0525, 0.0525, 0.0529, 0.0528,
         0.0529]], device='cuda:2', grad_fn=<SliceBackward0>)
Softmax output at epoch 2: tensor([[0.0524, 0.0526, 0.0528, 0.0525, 0.0527, 0.0524, 0.0528, 0.0527, 0.0525,
         0.0528, 0.0524, 0.0525, 0.0525, 0.0530, 0.0525, 0.0525, 0.0529, 0.0528,
         0.0529],
        [0.0524, 0.0526, 0.0528, 0.0525, 0.0527, 0.0524, 0.0528, 0.0527, 0.0525,
         0.0528, 0.0524, 0.0525, 0.0525, 0.0530, 0.0525, 0.0525, 0.0529, 0.0528,
         0.0529],
        [0.0524, 0.0526, 0.0528, 0.0525, 0.0527, 0.0524, 0.0528, 0.0527, 0.0525,
         0.0528, 0.0524, 0.0525, 0.0525, 0.0530, 0.0525, 0.0525, 0.0529, 0.0528,
         0.0529],
        [0.0524, 0.0526, 0.0528, 0.0525, 0.0527, 0.0524, 0.0528, 0.0527, 0.0525,
         0.0528, 0.0524, 0.0525, 0.0525, 0.0530, 0.0525, 0.0525, 0.0529, 0.0528,
         0.0529],
        [0.0524, 0.0526, 0.0528, 0.0525, 0.0527, 0.0524, 0.0528, 0.0527, 0.0525,
         0.0528, 0.0524, 0.0525, 0.0525, 0.0530, 0.0525, 0.0525, 0.0529, 0.0528,
         0.0529]], device='cuda:3', grad_fn=<SliceBackward0>)
Softmax output at epoch 2: tensor([[0.0524, 0.0526, 0.0528, 0.0525, 0.0527, 0.0524, 0.0528, 0.0527, 0.0525,
         0.0528, 0.0524, 0.0525, 0.0525, 0.0530, 0.0525, 0.0525, 0.0529, 0.0528,
         0.0529],
        [0.0524, 0.0526, 0.0528, 0.0525, 0.0527, 0.0524, 0.0528, 0.0527, 0.0525,
         0.0528, 0.0524, 0.0525, 0.0525, 0.0530, 0.0525, 0.0525, 0.0529, 0.0528,
         0.0529],
        [0.0524, 0.0526, 0.0528, 0.0525, 0.0527, 0.0524, 0.0528, 0.0527, 0.0525,
         0.0528, 0.0524, 0.0525, 0.0525, 0.0530, 0.0525, 0.0525, 0.0529, 0.0528,
         0.0529],
        [0.0524, 0.0526, 0.0528, 0.0525, 0.0527, 0.0524, 0.0528, 0.0527, 0.0525,
         0.0528, 0.0524, 0.0525, 0.0525, 0.0530, 0.0525, 0.0525, 0.0529, 0.0528,
         0.0529],
        [0.0524, 0.0526, 0.0528, 0.0525, 0.0527, 0.0524, 0.0528, 0.0527, 0.0525,
         0.0528, 0.0524, 0.0525, 0.0525, 0.0530, 0.0525, 0.0525, 0.0529, 0.0528,
         0.0529]], device='cuda:1', grad_fn=<SliceBackward0>)Softmax output at epoch 2: tensor([[0.0524, 0.0526, 0.0528, 0.0525, 0.0527, 0.0524, 0.0528, 0.0527, 0.0525,
         0.0528, 0.0524, 0.0525, 0.0525, 0.0530, 0.0525, 0.0525, 0.0529, 0.0528,
         0.0529],
        [0.0524, 0.0526, 0.0528, 0.0525, 0.0527, 0.0524, 0.0528, 0.0527, 0.0525,
         0.0528, 0.0524, 0.0525, 0.0525, 0.0530, 0.0525, 0.0525, 0.0529, 0.0528,
         0.0529],
        [0.0524, 0.0526, 0.0528, 0.0525, 0.0527, 0.0524, 0.0528, 0.0527, 0.0525,
         0.0528, 0.0524, 0.0525, 0.0525, 0.0530, 0.0525, 0.0525, 0.0529, 0.0528,
         0.0529],
        [0.0524, 0.0526, 0.0528, 0.0525, 0.0527, 0.0524, 0.0528, 0.0527, 0.0525,
         0.0528, 0.0524, 0.0525, 0.0525, 0.0530, 0.0525, 0.0525, 0.0529, 0.0528,
         0.0529],
        [0.0524, 0.0526, 0.0528, 0.0525, 0.0527, 0.0524, 0.0528, 0.0527, 0.0525,
         0.0528, 0.0524, 0.0525, 0.0525, 0.0530, 0.0525, 0.0525, 0.0529, 0.0528,
         0.0529]], device='cuda:0', grad_fn=<SliceBackward0>)

pt values at epoch 2: tensor([0.0524, 0.0524, 0.0524, 0.0524, 0.0524], device='cuda:2',
       grad_fn=<SliceBackward0>)
pt values at epoch 2: tensor([0.0524, 0.0524, 0.0524, 0.0524, 0.0524], device='cuda:3',
       grad_fn=<SliceBackward0>)
pt values at epoch 2: tensor([0.0524, 0.0524, 0.0524, 0.0524, 0.0524], device='cuda:1',
       grad_fn=<SliceBackward0>)
pt values at epoch 2: tensor([0.0524, 0.0524, 0.0524, 0.0524, 0.0524], device='cuda:0',
       grad_fn=<SliceBackward0>)
Layer conv1.att_src grad: 6.023852855025809e-19Layer conv1.att_src grad: 6.023852855025809e-19Layer conv1.att_src grad: 6.023852855025809e-19Layer conv1.att_src grad: 6.023852855025809e-19



Layer conv1.att_dst grad: 1.2151564956800127e-19Layer conv1.att_dst grad: 1.2151564956800127e-19
Layer conv1.att_dst grad: 1.2151564956800127e-19

Layer conv1.att_dst grad: 1.2151564956800127e-19
Layer conv1.bias grad: 2.5707321200160033e-14Layer conv1.bias grad: 2.5707321200160033e-14
Layer conv1.bias grad: 2.5707321200160033e-14

Layer conv1.bias grad: 2.5707321200160033e-14
Layer conv1.lin.weight grad: 1.489546401262261e-14
Layer conv1.lin.weight grad: 1.489546401262261e-14Layer conv1.lin.weight grad: 1.489546401262261e-14
Layer conv1.lin.weight grad: 1.489546401262261e-14

Layer conv2.att_src grad: 5.0644259019355563e-20
Layer conv2.att_src grad: 5.0644259019355563e-20Layer conv2.att_src grad: 5.0644259019355563e-20
Layer conv2.att_src grad: 5.0644259019355563e-20

Layer conv2.att_dst grad: 2.9058076205989326e-20
Layer conv2.att_dst grad: 2.9058076205989326e-20
Layer conv2.att_dst grad: 2.9058076205989326e-20Layer conv2.att_dst grad: 2.9058076205989326e-20

Layer conv2.bias grad: 3.9928818714937697e-13
Layer conv2.bias grad: 3.9928818714937697e-13
Layer conv2.bias grad: 3.9928818714937697e-13Layer conv2.bias grad: 3.9928818714937697e-13

Layer conv2.lin.weight grad: 1.814725314328502e-15
Layer conv2.lin.weight grad: 1.814725314328502e-15
Layer conv2.lin.weight grad: 1.814725314328502e-15Layer conv2.lin.weight grad: 1.814725314328502e-15

Layer conv3.att_src grad: 5.644071100594957e-20
Layer conv3.att_src grad: 5.644071100594957e-20
Layer conv3.att_src grad: 5.644071100594957e-20Layer conv3.att_src grad: 5.644071100594957e-20

Layer conv3.att_dst grad: 2.4754417037589312e-20
Layer conv3.att_dst grad: 2.4754417037589312e-20
Layer conv3.att_dst grad: 2.4754417037589312e-20Layer conv3.att_dst grad: 2.4754417037589312e-20

Layer conv3.bias grad: 1.0648712814309569e-11
Layer conv3.bias grad: 1.0648712814309569e-11
Layer conv3.bias grad: 1.0648712814309569e-11Layer conv3.bias grad: 1.0648712814309569e-11

Layer conv3.lin.weight grad: 1.0944297565104212e-14
Layer conv3.lin.weight grad: 1.0944297565104212e-14
Layer conv3.lin.weight grad: 1.0944297565104212e-14Layer conv3.lin.weight grad: 1.0944297565104212e-14

Layer conv4.att_src grad: 6.680897408225281e-19
Layer conv4.att_src grad: 6.680897408225281e-19
Layer conv4.att_src grad: 6.680897408225281e-19Layer conv4.att_src grad: 6.680897408225281e-19
Layer conv4.att_dst grad: 2.658705830292042e-19

Layer conv4.att_dst grad: 2.658705830292042e-19
Layer conv4.att_dst grad: 2.658705830292042e-19
Layer conv4.att_dst grad: 2.658705830292042e-19Layer conv4.bias grad: 2.711589008885795e-10

Layer conv4.bias grad: 2.711589008885795e-10
Layer conv4.bias grad: 2.711589008885795e-10
Layer conv4.bias grad: 2.711589008885795e-10
Layer conv4.lin.weight grad: 2.553256000722981e-13
Layer conv4.lin.weight grad: 2.553256000722981e-13
Layer conv4.lin.weight grad: 2.553256000722981e-13
Layer conv4.lin.weight grad: 2.553256000722981e-13
Layer fc.weight grad: 3.817360663682656e-11
Layer fc.weight grad: 3.817360663682656e-11
Layer fc.weight grad: 3.817360663682656e-11
Layer fc.weight grad: 3.817360663682656e-11
Layer fc.bias grad: 3.525716607555296e-08
Layer fc.bias grad: 3.525716607555296e-08
Layer fc.bias grad: 3.525716607555296e-08
Layer fc.bias grad: 3.525716607555296e-08
Softmax output at epoch 2: tensor([[0.0524, 0.0526, 0.0527, 0.0526, 0.0526, 0.0525, 0.0527, 0.0527, 0.0525,
         0.0528, 0.0525, 0.0525, 0.0526, 0.0529, 0.0526, 0.0525, 0.0528, 0.0528,
         0.0527],
        [0.0524, 0.0526, 0.0527, 0.0526, 0.0526, 0.0525, 0.0527, 0.0527, 0.0525,
         0.0528, 0.0525, 0.0525, 0.0526, 0.0529, 0.0526, 0.0525, 0.0528, 0.0528,
         0.0527],
        [0.0524, 0.0526, 0.0527, 0.0526, 0.0526, 0.0525, 0.0527, 0.0527, 0.0525,
         0.0528, 0.0525, 0.0525, 0.0526, 0.0529, 0.0526, 0.0525, 0.0528, 0.0528,
         0.0527],
        [0.0524, 0.0526, 0.0527, 0.0526, 0.0526, 0.0525, 0.0527, 0.0527, 0.0525,
         0.0528, 0.0525, 0.0525, 0.0526, 0.0529, 0.0526, 0.0525, 0.0528, 0.0528,
         0.0527],
        [0.0524, 0.0526, 0.0527, 0.0526, 0.0526, 0.0525, 0.0527, 0.0527, 0.0525,
         0.0528, 0.0525, 0.0525, 0.0526, 0.0529, 0.0526, 0.0525, 0.0528, 0.0528,
         0.0527]], device='cuda:2', grad_fn=<SliceBackward0>)
Softmax output at epoch 2: tensor([[0.0524, 0.0526, 0.0527, 0.0526, 0.0526, 0.0525, 0.0527, 0.0527, 0.0525,
         0.0528, 0.0525, 0.0525, 0.0526, 0.0529, 0.0526, 0.0525, 0.0528, 0.0528,
         0.0527],
        [0.0524, 0.0526, 0.0527, 0.0526, 0.0526, 0.0525, 0.0527, 0.0527, 0.0525,
         0.0528, 0.0525, 0.0525, 0.0526, 0.0529, 0.0526, 0.0525, 0.0528, 0.0528,
         0.0527],
        [0.0524, 0.0526, 0.0527, 0.0526, 0.0526, 0.0525, 0.0527, 0.0527, 0.0525,
         0.0528, 0.0525, 0.0525, 0.0526, 0.0529, 0.0526, 0.0525, 0.0528, 0.0528,
         0.0527],
        [0.0524, 0.0526, 0.0527, 0.0526, 0.0526, 0.0525, 0.0527, 0.0527, 0.0525,
         0.0528, 0.0525, 0.0525, 0.0526, 0.0529, 0.0526, 0.0525, 0.0528, 0.0528,
         0.0527],
        [0.0524, 0.0526, 0.0527, 0.0526, 0.0526, 0.0525, 0.0527, 0.0527, 0.0525,
         0.0528, 0.0525, 0.0525, 0.0526, 0.0529, 0.0526, 0.0525, 0.0528, 0.0528,
         0.0527]], device='cuda:0', grad_fn=<SliceBackward0>)
Softmax output at epoch 2: tensor([[0.0524, 0.0526, 0.0527, 0.0526, 0.0526, 0.0525, 0.0527, 0.0527, 0.0525,
         0.0528, 0.0525, 0.0525, 0.0526, 0.0529, 0.0526, 0.0525, 0.0528, 0.0528,
         0.0527],
        [0.0524, 0.0526, 0.0527, 0.0526, 0.0526, 0.0525, 0.0527, 0.0527, 0.0525,
         0.0528, 0.0525, 0.0525, 0.0526, 0.0529, 0.0526, 0.0525, 0.0528, 0.0528,
         0.0527],
        [0.0524, 0.0526, 0.0527, 0.0526, 0.0526, 0.0525, 0.0527, 0.0527, 0.0525,
         0.0528, 0.0525, 0.0525, 0.0526, 0.0529, 0.0526, 0.0525, 0.0528, 0.0528,
         0.0527],
        [0.0524, 0.0526, 0.0527, 0.0526, 0.0526, 0.0525, 0.0527, 0.0527, 0.0525,
         0.0528, 0.0525, 0.0525, 0.0526, 0.0529, 0.0526, 0.0525, 0.0528, 0.0528,
         0.0527],
        [0.0524, 0.0526, 0.0527, 0.0526, 0.0526, 0.0525, 0.0527, 0.0527, 0.0525,
         0.0528, 0.0525, 0.0525, 0.0526, 0.0529, 0.0526, 0.0525, 0.0528, 0.0528,
         0.0527]], device='cuda:1', grad_fn=<SliceBackward0>)
Softmax output at epoch 2: tensor([[0.0524, 0.0526, 0.0527, 0.0526, 0.0526, 0.0525, 0.0527, 0.0527, 0.0525,
         0.0528, 0.0525, 0.0525, 0.0526, 0.0529, 0.0526, 0.0525, 0.0528, 0.0528,
         0.0527],
        [0.0524, 0.0526, 0.0527, 0.0526, 0.0526, 0.0525, 0.0527, 0.0527, 0.0525,
         0.0528, 0.0525, 0.0525, 0.0526, 0.0529, 0.0526, 0.0525, 0.0528, 0.0528,
         0.0527],
        [0.0524, 0.0526, 0.0527, 0.0526, 0.0526, 0.0525, 0.0527, 0.0527, 0.0525,
         0.0528, 0.0525, 0.0525, 0.0526, 0.0529, 0.0526, 0.0525, 0.0528, 0.0528,
         0.0527],
        [0.0524, 0.0526, 0.0527, 0.0526, 0.0526, 0.0525, 0.0527, 0.0527, 0.0525,
         0.0528, 0.0525, 0.0525, 0.0526, 0.0529, 0.0526, 0.0525, 0.0528, 0.0528,
         0.0527],
        [0.0524, 0.0526, 0.0527, 0.0526, 0.0526, 0.0525, 0.0527, 0.0527, 0.0525,
         0.0528, 0.0525, 0.0525, 0.0526, 0.0529, 0.0526, 0.0525, 0.0528, 0.0528,
         0.0527]], device='cuda:3', grad_fn=<SliceBackward0>)
pt values at epoch 2: tensor([0.0524, 0.0524, 0.0524, 0.0524, 0.0524], device='cuda:2',
       grad_fn=<SliceBackward0>)
pt values at epoch 2: tensor([0.0524, 0.0524, 0.0524, 0.0524, 0.0524], device='cuda:0',
       grad_fn=<SliceBackward0>)
pt values at epoch 2: tensor([0.0524, 0.0524, 0.0524, 0.0524, 0.0524], device='cuda:1',
       grad_fn=<SliceBackward0>)
pt values at epoch 2: tensor([0.0524, 0.0524, 0.0524, 0.0524, 0.0524], device='cuda:3',
       grad_fn=<SliceBackward0>)
Layer conv1.att_src grad: 1.272557789559335e-19Layer conv1.att_src grad: 1.272557789559335e-19Layer conv1.att_src grad: 1.272557789559335e-19Layer conv1.att_src grad: 1.272557789559335e-19



Layer conv1.att_dst grad: 7.228597602486223e-20Layer conv1.att_dst grad: 7.228597602486223e-20Layer conv1.att_dst grad: 7.228597602486223e-20


Layer conv1.att_dst grad: 7.228597602486223e-20
Layer conv1.bias grad: 9.669121650264859e-15Layer conv1.bias grad: 9.669121650264859e-15
Layer conv1.bias grad: 9.669121650264859e-15

Layer conv1.bias grad: 9.669121650264859e-15
Layer conv1.lin.weight grad: 5.644125269964936e-15
Layer conv1.lin.weight grad: 5.644125269964936e-15Layer conv1.lin.weight grad: 5.644125269964936e-15

Layer conv1.lin.weight grad: 5.644125269964936e-15
Layer conv2.att_src grad: 9.190592951955718e-21
Layer conv2.att_src grad: 9.190592951955718e-21Layer conv2.att_src grad: 9.190592951955718e-21

Layer conv2.att_src grad: 9.190592951955718e-21
Layer conv2.att_dst grad: 2.821531850618809e-21
Layer conv2.att_dst grad: 2.821531850618809e-21Layer conv2.att_dst grad: 2.821531850618809e-21

Layer conv2.bias grad: 2.08165787125153e-13Layer conv2.att_dst grad: 2.821531850618809e-21

Layer conv2.bias grad: 2.08165787125153e-13Layer conv2.bias grad: 2.08165787125153e-13

Layer conv2.bias grad: 2.08165787125153e-13
Layer conv2.lin.weight grad: 8.332554269716171e-16
Layer conv2.lin.weight grad: 8.332554269716171e-16Layer conv2.lin.weight grad: 8.332554269716171e-16

Layer conv3.att_src grad: 1.971341197921637e-20
Layer conv2.lin.weight grad: 8.332554269716171e-16Layer conv3.att_src grad: 1.971341197921637e-20
Layer conv3.att_src grad: 1.971341197921637e-20

Layer conv3.att_dst grad: 2.6613819292103e-21
Layer conv3.att_dst grad: 2.6613819292103e-21Layer conv3.att_dst grad: 2.6613819292103e-21

Layer conv3.att_src grad: 1.971341197921637e-20
Layer conv3.bias grad: 8.378990210000659e-12
Layer conv3.bias grad: 8.378990210000659e-12Layer conv3.bias grad: 8.378990210000659e-12

Layer conv3.att_dst grad: 2.6613819292103e-21
Layer conv3.lin.weight grad: 9.342431206904242e-15
Layer conv3.lin.weight grad: 9.342431206904242e-15Layer conv3.lin.weight grad: 9.342431206904242e-15

Layer conv3.bias grad: 8.378990210000659e-12
Layer conv4.att_src grad: 4.008608238299353e-19
Layer conv4.att_src grad: 4.008608238299353e-19Layer conv4.att_src grad: 4.008608238299353e-19

Layer conv4.att_dst grad: 1.2287051971257485e-19
Layer conv3.lin.weight grad: 9.342431206904242e-15
Layer conv4.att_dst grad: 1.2287051971257485e-19Layer conv4.att_dst grad: 1.2287051971257485e-19

Layer conv4.bias grad: 2.596024784029538e-10
Layer conv4.att_src grad: 4.008608238299353e-19
Layer conv4.bias grad: 2.596024784029538e-10Layer conv4.bias grad: 2.596024784029538e-10

Layer conv4.lin.weight grad: 2.6592066764731526e-13
Layer conv4.att_dst grad: 1.2287051971257485e-19
Layer conv4.lin.weight grad: 2.6592066764731526e-13Layer conv4.lin.weight grad: 2.6592066764731526e-13

Layer fc.weight grad: 4.928960364858348e-11
Layer conv4.bias grad: 2.596024784029538e-10
Layer fc.weight grad: 4.928960364858348e-11Layer fc.weight grad: 4.928960364858348e-11Layer fc.bias grad: 4.178287582590201e-08


Layer conv4.lin.weight grad: 2.6592066764731526e-13
Layer fc.bias grad: 4.178287582590201e-08Layer fc.bias grad: 4.178287582590201e-08

Layer fc.weight grad: 4.928960364858348e-11
Layer fc.bias grad: 4.178287582590201e-08
Softmax output at epoch 2: tensor([[0.0525, 0.0525, 0.0526, 0.0526, 0.0526, 0.0526, 0.0526, 0.0528, 0.0526,
         0.0527, 0.0526, 0.0525, 0.0526, 0.0527, 0.0527, 0.0526, 0.0527, 0.0527,
         0.0526],
        [0.0525, 0.0525, 0.0526, 0.0526, 0.0526, 0.0526, 0.0526, 0.0528, 0.0526,
         0.0527, 0.0526, 0.0525, 0.0526, 0.0527, 0.0527, 0.0526, 0.0527, 0.0527,
         0.0526],
        [0.0525, 0.0525, 0.0526, 0.0526, 0.0526, 0.0526, 0.0526, 0.0528, 0.0526,
         0.0527, 0.0526, 0.0525, 0.0526, 0.0527, 0.0527, 0.0526, 0.0527, 0.0527,
         0.0526],
        [0.0525, 0.0525, 0.0526, 0.0526, 0.0526, 0.0526, 0.0526, 0.0528, 0.0526,
         0.0527, 0.0526, 0.0525, 0.0526, 0.0527, 0.0527, 0.0526, 0.0527, 0.0527,
         0.0526],
        [0.0525, 0.0525, 0.0526, 0.0526, 0.0526, 0.0526, 0.0526, 0.0528, 0.0526,
         0.0527, 0.0526, 0.0525, 0.0526, 0.0527, 0.0527, 0.0526, 0.0527, 0.0527,
         0.0526]], device='cuda:1', grad_fn=<SliceBackward0>)
Softmax output at epoch 2: tensor([[0.0525, 0.0525, 0.0526, 0.0526, 0.0526, 0.0526, 0.0526, 0.0528, 0.0526,
         0.0527, 0.0526, 0.0525, 0.0526, 0.0527, 0.0527, 0.0526, 0.0527, 0.0527,
         0.0526],
        [0.0525, 0.0525, 0.0526, 0.0526, 0.0526, 0.0526, 0.0526, 0.0528, 0.0526,
         0.0527, 0.0526, 0.0525, 0.0526, 0.0527, 0.0527, 0.0526, 0.0527, 0.0527,
         0.0526],
        [0.0525, 0.0525, 0.0526, 0.0526, 0.0526, 0.0526, 0.0526, 0.0528, 0.0526,
         0.0527, 0.0526, 0.0525, 0.0526, 0.0527, 0.0527, 0.0526, 0.0527, 0.0527,
         0.0526],
        [0.0525, 0.0525, 0.0526, 0.0526, 0.0526, 0.0526, 0.0526, 0.0528, 0.0526,
         0.0527, 0.0526, 0.0525, 0.0526, 0.0527, 0.0527, 0.0526, 0.0527, 0.0527,
         0.0526],
        [0.0525, 0.0525, 0.0526, 0.0526, 0.0526, 0.0526, 0.0526, 0.0528, 0.0526,
         0.0527, 0.0526, 0.0525, 0.0526, 0.0527, 0.0527, 0.0526, 0.0527, 0.0527,
         0.0526]], device='cuda:3', grad_fn=<SliceBackward0>)
Softmax output at epoch 2: tensor([[0.0525, 0.0525, 0.0526, 0.0526, 0.0526, 0.0526, 0.0526, 0.0528, 0.0526,
         0.0527, 0.0526, 0.0525, 0.0526, 0.0527, 0.0527, 0.0526, 0.0527, 0.0527,
         0.0526],
        [0.0525, 0.0525, 0.0526, 0.0526, 0.0526, 0.0526, 0.0526, 0.0528, 0.0526,
         0.0527, 0.0526, 0.0525, 0.0526, 0.0527, 0.0527, 0.0526, 0.0527, 0.0527,
         0.0526],
        [0.0525, 0.0525, 0.0526, 0.0526, 0.0526, 0.0526, 0.0526, 0.0528, 0.0526,
         0.0527, 0.0526, 0.0525, 0.0526, 0.0527, 0.0527, 0.0526, 0.0527, 0.0527,
         0.0526],
        [0.0525, 0.0525, 0.0526, 0.0526, 0.0526, 0.0526, 0.0526, 0.0528, 0.0526,
         0.0527, 0.0526, 0.0525, 0.0526, 0.0527, 0.0527, 0.0526, 0.0527, 0.0527,
         0.0526],
        [0.0525, 0.0525, 0.0526, 0.0526, 0.0526, 0.0526, 0.0526, 0.0528, 0.0526,
         0.0527, 0.0526, 0.0525, 0.0526, 0.0527, 0.0527, 0.0526, 0.0527, 0.0527,
         0.0526]], device='cuda:0', grad_fn=<SliceBackward0>)
pt values at epoch 2: tensor([0.0525, 0.0525, 0.0525, 0.0525, 0.0525], device='cuda:3',
       grad_fn=<SliceBackward0>)pt values at epoch 2: tensor([0.0525, 0.0525, 0.0525, 0.0525, 0.0525], device='cuda:1',
       grad_fn=<SliceBackward0>)

pt values at epoch 2: tensor([0.0525, 0.0525, 0.0525, 0.0525, 0.0525], device='cuda:0',
       grad_fn=<SliceBackward0>)
Softmax output at epoch 2: tensor([[0.0525, 0.0525, 0.0526, 0.0526, 0.0526, 0.0526, 0.0526, 0.0528, 0.0526,
         0.0527, 0.0526, 0.0525, 0.0526, 0.0527, 0.0527, 0.0526, 0.0527, 0.0527,
         0.0526],
        [0.0525, 0.0525, 0.0526, 0.0526, 0.0526, 0.0526, 0.0526, 0.0528, 0.0526,
         0.0527, 0.0526, 0.0525, 0.0526, 0.0527, 0.0527, 0.0526, 0.0527, 0.0527,
         0.0526],
        [0.0525, 0.0525, 0.0526, 0.0526, 0.0526, 0.0526, 0.0526, 0.0528, 0.0526,
         0.0527, 0.0526, 0.0525, 0.0526, 0.0527, 0.0527, 0.0526, 0.0527, 0.0527,
         0.0526],
        [0.0525, 0.0525, 0.0526, 0.0526, 0.0526, 0.0526, 0.0526, 0.0528, 0.0526,
         0.0527, 0.0526, 0.0525, 0.0526, 0.0527, 0.0527, 0.0526, 0.0527, 0.0527,
         0.0526],
        [0.0525, 0.0525, 0.0526, 0.0526, 0.0526, 0.0526, 0.0526, 0.0528, 0.0526,
         0.0527, 0.0526, 0.0525, 0.0526, 0.0527, 0.0527, 0.0526, 0.0527, 0.0527,
         0.0526]], device='cuda:2', grad_fn=<SliceBackward0>)
pt values at epoch 2: tensor([0.0525, 0.0525, 0.0525, 0.0525, 0.0525], device='cuda:2',
       grad_fn=<SliceBackward0>)
Layer conv1.att_src grad: 3.8252237182130245e-20Layer conv1.att_src grad: 3.8252237182130245e-20Layer conv1.att_src grad: 3.8252237182130245e-20
Layer conv1.att_src grad: 3.8252237182130245e-20


Layer conv1.att_dst grad: 1.9339914083254536e-20
Layer conv1.att_dst grad: 1.9339914083254536e-20
Layer conv1.att_dst grad: 1.9339914083254536e-20
Layer conv1.att_dst grad: 1.9339914083254536e-20
Layer conv1.bias grad: 3.8493391112148e-15
Layer conv1.bias grad: 3.8493391112148e-15
Layer conv1.bias grad: 3.8493391112148e-15
Layer conv1.bias grad: 3.8493391112148e-15
Layer conv1.lin.weight grad: 2.2277207917178066e-15
Layer conv1.lin.weight grad: 2.2277207917178066e-15
Layer conv1.lin.weight grad: 2.2277207917178066e-15
Layer conv1.lin.weight grad: 2.2277207917178066e-15Layer conv2.att_src grad: 1.4045501557601443e-21

Layer conv2.att_src grad: 1.4045501557601443e-21
Layer conv2.att_src grad: 1.4045501557601443e-21
Layer conv2.att_dst grad: 4.2330874446270013e-22
Layer conv2.att_dst grad: 4.2330874446270013e-22
Layer conv2.att_dst grad: 4.2330874446270013e-22Layer conv2.att_src grad: 1.4045501557601443e-21

Layer conv2.bias grad: 1.1139169014268147e-13
Layer conv2.bias grad: 1.1139169014268147e-13
Layer conv2.bias grad: 1.1139169014268147e-13
Layer conv2.att_dst grad: 4.2330874446270013e-22
Layer conv2.lin.weight grad: 3.5382143805676386e-16Layer conv2.lin.weight grad: 3.5382143805676386e-16

Layer conv2.lin.weight grad: 3.5382143805676386e-16Layer conv2.bias grad: 1.1139169014268147e-13

Layer conv3.att_src grad: 3.521488005603668e-21Layer conv3.att_src grad: 3.521488005603668e-21

Layer conv3.att_src grad: 3.521488005603668e-21
Layer conv2.lin.weight grad: 3.5382143805676386e-16
Layer conv3.att_dst grad: 4.815715875416232e-22Layer conv3.att_dst grad: 4.815715875416232e-22

Layer conv3.att_dst grad: 4.815715875416232e-22
Layer conv3.att_src grad: 3.521488005603668e-21Layer conv3.bias grad: 5.571564043460597e-12
Layer conv3.bias grad: 5.571564043460597e-12
Layer conv3.bias grad: 5.571564043460597e-12

Layer conv3.att_dst grad: 4.815715875416232e-22
Layer conv3.lin.weight grad: 4.465692376163285e-15
Layer conv3.lin.weight grad: 4.465692376163285e-15Layer conv3.lin.weight grad: 4.465692376163285e-15

Layer conv3.bias grad: 5.571564043460597e-12
Layer conv4.att_src grad: 1.522899995292417e-19
Layer conv4.att_src grad: 1.522899995292417e-19Layer conv4.att_src grad: 1.522899995292417e-19

Layer conv4.att_dst grad: 7.137246489822251e-20
Layer conv4.att_dst grad: 7.137246489822251e-20Layer conv4.att_dst grad: 7.137246489822251e-20Layer conv3.lin.weight grad: 4.465692376163285e-15


Layer conv4.bias grad: 1.7506360250330033e-10
Layer conv4.bias grad: 1.7506360250330033e-10
Layer conv4.bias grad: 1.7506360250330033e-10
Layer conv4.att_src grad: 1.522899995292417e-19
Layer conv4.lin.weight grad: 1.2885959660424717e-13
Layer conv4.lin.weight grad: 1.2885959660424717e-13
Layer conv4.lin.weight grad: 1.2885959660424717e-13
Layer conv4.att_dst grad: 7.137246489822251e-20
Layer fc.weight grad: 3.9999763917775155e-11
Layer fc.weight grad: 3.9999763917775155e-11
Layer fc.weight grad: 3.9999763917775155e-11
Layer conv4.bias grad: 1.7506360250330033e-10
Layer fc.bias grad: 4.71719516781377e-08
Layer fc.bias grad: 4.71719516781377e-08
Layer fc.bias grad: 4.71719516781377e-08
Layer conv4.lin.weight grad: 1.2885959660424717e-13
Layer fc.weight grad: 3.9999763917775155e-11
Layer fc.bias grad: 4.71719516781377e-08
Softmax output at epoch 2: tensor([[0.0526, 0.0526, 0.0525, 0.0527, 0.0525, 0.0527, 0.0526, 0.0528, 0.0527,
         0.0527, 0.0526, 0.0526, 0.0527, 0.0526, 0.0527, 0.0527, 0.0526, 0.0527,
         0.0525],
        [0.0526, 0.0526, 0.0525, 0.0527, 0.0525, 0.0527, 0.0526, 0.0528, 0.0527,
         0.0527, 0.0526, 0.0526, 0.0527, 0.0526, 0.0527, 0.0527, 0.0526, 0.0527,
         0.0525],
        [0.0526, 0.0526, 0.0525, 0.0527, 0.0525, 0.0527, 0.0526, 0.0528, 0.0527,
         0.0527, 0.0526, 0.0526, 0.0527, 0.0526, 0.0527, 0.0527, 0.0526, 0.0527,
         0.0525],
        [0.0526, 0.0526, 0.0525, 0.0527, 0.0525, 0.0527, 0.0526, 0.0528, 0.0527,
         0.0527, 0.0526, 0.0526, 0.0527, 0.0526, 0.0527, 0.0527, 0.0526, 0.0527,
         0.0525],
        [0.0526, 0.0526, 0.0525, 0.0527, 0.0525, 0.0527, 0.0526, 0.0528, 0.0527,
         0.0527, 0.0526, 0.0526, 0.0527, 0.0526, 0.0527, 0.0527, 0.0526, 0.0527,
         0.0525]], device='cuda:3', grad_fn=<SliceBackward0>)
Softmax output at epoch 2: tensor([[0.0526, 0.0526, 0.0525, 0.0527, 0.0525, 0.0527, 0.0526, 0.0528, 0.0527,
         0.0527, 0.0526, 0.0526, 0.0527, 0.0526, 0.0527, 0.0527, 0.0526, 0.0527,
         0.0525],
        [0.0526, 0.0526, 0.0525, 0.0527, 0.0525, 0.0527, 0.0526, 0.0528, 0.0527,
         0.0527, 0.0526, 0.0526, 0.0527, 0.0526, 0.0527, 0.0527, 0.0526, 0.0527,
         0.0525],
        [0.0526, 0.0526, 0.0525, 0.0527, 0.0525, 0.0527, 0.0526, 0.0528, 0.0527,
         0.0527, 0.0526, 0.0526, 0.0527, 0.0526, 0.0527, 0.0527, 0.0526, 0.0527,
         0.0525],
        [0.0526, 0.0526, 0.0525, 0.0527, 0.0525, 0.0527, 0.0526, 0.0528, 0.0527,
         0.0527, 0.0526, 0.0526, 0.0527, 0.0526, 0.0527, 0.0527, 0.0526, 0.0527,
         0.0525],
        [0.0526, 0.0526, 0.0525, 0.0527, 0.0525, 0.0527, 0.0526, 0.0528, 0.0527,
         0.0527, 0.0526, 0.0526, 0.0527, 0.0526, 0.0527, 0.0527, 0.0526, 0.0527,
         0.0525]], device='cuda:0', grad_fn=<SliceBackward0>)
Softmax output at epoch 2: tensor([[0.0526, 0.0526, 0.0525, 0.0527, 0.0525, 0.0527, 0.0526, 0.0528, 0.0527,
         0.0527, 0.0526, 0.0526, 0.0527, 0.0526, 0.0527, 0.0527, 0.0526, 0.0527,
         0.0525],
        [0.0526, 0.0526, 0.0525, 0.0527, 0.0525, 0.0527, 0.0526, 0.0528, 0.0527,
         0.0527, 0.0526, 0.0526, 0.0527, 0.0526, 0.0527, 0.0527, 0.0526, 0.0527,
         0.0525],
        [0.0526, 0.0526, 0.0525, 0.0527, 0.0525, 0.0527, 0.0526, 0.0528, 0.0527,
         0.0527, 0.0526, 0.0526, 0.0527, 0.0526, 0.0527, 0.0527, 0.0526, 0.0527,
         0.0525],
        [0.0526, 0.0526, 0.0525, 0.0527, 0.0525, 0.0527, 0.0526, 0.0528, 0.0527,
         0.0527, 0.0526, 0.0526, 0.0527, 0.0526, 0.0527, 0.0527, 0.0526, 0.0527,
         0.0525],
        [0.0526, 0.0526, 0.0525, 0.0527, 0.0525, 0.0527, 0.0526, 0.0528, 0.0527,
         0.0527, 0.0526, 0.0526, 0.0527, 0.0526, 0.0527, 0.0527, 0.0526, 0.0527,
         0.0525]], device='cuda:1', grad_fn=<SliceBackward0>)
pt values at epoch 2: tensor([0.0526, 0.0526, 0.0526, 0.0526, 0.0526], device='cuda:3',
       grad_fn=<SliceBackward0>)
pt values at epoch 2: tensor([0.0526, 0.0526, 0.0526, 0.0526, 0.0526], device='cuda:0',
       grad_fn=<SliceBackward0>)
pt values at epoch 2: tensor([0.0526, 0.0526, 0.0526, 0.0526, 0.0526], device='cuda:1',
       grad_fn=<SliceBackward0>)
Softmax output at epoch 2: tensor([[0.0526, 0.0526, 0.0525, 0.0527, 0.0525, 0.0527, 0.0526, 0.0528, 0.0527,
         0.0527, 0.0526, 0.0526, 0.0527, 0.0526, 0.0527, 0.0527, 0.0526, 0.0527,
         0.0525],
        [0.0526, 0.0526, 0.0525, 0.0527, 0.0525, 0.0527, 0.0526, 0.0528, 0.0527,
         0.0527, 0.0526, 0.0526, 0.0527, 0.0526, 0.0527, 0.0527, 0.0526, 0.0527,
         0.0525],
        [0.0526, 0.0526, 0.0525, 0.0527, 0.0525, 0.0527, 0.0526, 0.0528, 0.0527,
         0.0527, 0.0526, 0.0526, 0.0527, 0.0526, 0.0527, 0.0527, 0.0526, 0.0527,
         0.0525],
        [0.0526, 0.0526, 0.0525, 0.0527, 0.0525, 0.0527, 0.0526, 0.0528, 0.0527,
         0.0527, 0.0526, 0.0526, 0.0527, 0.0526, 0.0527, 0.0527, 0.0526, 0.0527,
         0.0525],
        [0.0526, 0.0526, 0.0525, 0.0527, 0.0525, 0.0527, 0.0526, 0.0528, 0.0527,
         0.0527, 0.0526, 0.0526, 0.0527, 0.0526, 0.0527, 0.0527, 0.0526, 0.0527,
         0.0525]], device='cuda:2', grad_fn=<SliceBackward0>)
pt values at epoch 2: tensor([0.0526, 0.0526, 0.0526, 0.0526, 0.0526], device='cuda:2',
       grad_fn=<SliceBackward0>)
Layer conv1.att_src grad: 3.341947645855466e-20Layer conv1.att_src grad: 3.341947645855466e-20
Layer conv1.att_src grad: 3.341947645855466e-20

Layer conv1.att_dst grad: 1.197614709074148e-20
Layer conv1.att_dst grad: 1.197614709074148e-20
Layer conv1.att_dst grad: 1.197614709074148e-20Layer conv1.bias grad: 9.71958448513048e-15

Layer conv1.bias grad: 9.71958448513048e-15
Layer conv1.lin.weight grad: 5.366439070734769e-15
Layer conv1.bias grad: 9.71958448513048e-15Layer conv1.lin.weight grad: 5.366439070734769e-15

Layer conv2.att_src grad: 2.4412410166041313e-21
Layer conv2.att_src grad: 2.4412410166041313e-21
Layer conv2.att_dst grad: 1.3127277561343772e-21
Layer conv1.lin.weight grad: 5.366439070734769e-15
Layer conv2.att_dst grad: 1.3127277561343772e-21
Layer conv2.bias grad: 3.2817742664018046e-13
Layer conv2.bias grad: 3.2817742664018046e-13
Layer conv2.att_src grad: 2.4412410166041313e-21Layer conv2.lin.weight grad: 8.616005904580942e-16

Layer conv1.att_src grad: 3.341947645855466e-20Layer conv2.lin.weight grad: 8.616005904580942e-16

Layer conv3.att_src grad: 1.0246352486766843e-21
Layer conv2.att_dst grad: 1.3127277561343772e-21
Layer conv3.att_src grad: 1.0246352486766843e-21Layer conv1.att_dst grad: 1.197614709074148e-20

Layer conv3.att_dst grad: 1.612523071919009e-22
Layer conv3.att_dst grad: 1.612523071919009e-22
Layer conv1.bias grad: 9.71958448513048e-15
Layer conv3.bias grad: 1.6610990360987898e-11
Layer conv2.bias grad: 3.2817742664018046e-13
Layer conv3.bias grad: 1.6610990360987898e-11
Layer conv1.lin.weight grad: 5.366439070734769e-15
Layer conv3.lin.weight grad: 4.436850480792802e-15
Layer conv3.lin.weight grad: 4.436850480792802e-15
Layer conv2.att_src grad: 2.4412410166041313e-21
Layer conv2.lin.weight grad: 8.616005904580942e-16Layer conv4.att_src grad: 6.915633171491931e-20

Layer conv4.att_src grad: 6.915633171491931e-20
Layer conv2.att_dst grad: 1.3127277561343772e-21
Layer conv4.att_dst grad: 1.061390825325022e-20
Layer conv4.att_dst grad: 1.061390825325022e-20
Layer conv3.att_src grad: 1.0246352486766843e-21Layer conv2.bias grad: 3.2817742664018046e-13

Layer conv4.bias grad: 5.46807488177592e-10
Layer conv4.bias grad: 5.46807488177592e-10
Layer conv4.lin.weight grad: 1.3456187661527175e-13Layer conv2.lin.weight grad: 8.616005904580942e-16

Layer conv3.att_dst grad: 1.612523071919009e-22
Layer conv4.lin.weight grad: 1.3456187661527175e-13
Layer fc.weight grad: 4.46160608458257e-11Layer conv3.att_src grad: 1.0246352486766843e-21

Layer fc.weight grad: 4.46160608458257e-11
Layer conv3.bias grad: 1.6610990360987898e-11
Layer fc.bias grad: 1.6059647123256582e-07Layer conv3.att_dst grad: 1.612523071919009e-22

Layer fc.bias grad: 1.6059647123256582e-07
Layer conv3.bias grad: 1.6610990360987898e-11
Layer conv3.lin.weight grad: 4.436850480792802e-15
Layer conv3.lin.weight grad: 4.436850480792802e-15
Layer conv4.att_src grad: 6.915633171491931e-20Layer conv4.att_src grad: 6.915633171491931e-20

Layer conv4.att_dst grad: 1.061390825325022e-20
Layer conv4.att_dst grad: 1.061390825325022e-20
Layer conv4.bias grad: 5.46807488177592e-10
Layer conv4.lin.weight grad: 1.3456187661527175e-13
Layer conv4.bias grad: 5.46807488177592e-10
Layer fc.weight grad: 4.46160608458257e-11
Layer conv4.lin.weight grad: 1.3456187661527175e-13
Layer fc.bias grad: 1.6059647123256582e-07
Layer fc.weight grad: 4.46160608458257e-11
Layer fc.bias grad: 1.6059647123256582e-07
Softmax output at epoch 3: tensor([[0.0527, 0.0526, 0.0524, 0.0528, 0.0525, 0.0527, 0.0525, 0.0528, 0.0528,
         0.0526, 0.0527, 0.0526, 0.0528, 0.0525, 0.0528, 0.0527, 0.0525, 0.0526,
         0.0524],
        [0.0527, 0.0526, 0.0524, 0.0528, 0.0525, 0.0527, 0.0525, 0.0528, 0.0528,
         0.0526, 0.0527, 0.0526, 0.0528, 0.0525, 0.0528, 0.0527, 0.0525, 0.0526,
         0.0524],
        [0.0527, 0.0526, 0.0524, 0.0528, 0.0525, 0.0527, 0.0525, 0.0528, 0.0528,
         0.0526, 0.0527, 0.0526, 0.0528, 0.0525, 0.0528, 0.0527, 0.0525, 0.0526,
         0.0524],
        [0.0527, 0.0526, 0.0524, 0.0528, 0.0525, 0.0527, 0.0525, 0.0528, 0.0528,
         0.0526, 0.0527, 0.0526, 0.0528, 0.0525, 0.0528, 0.0527, 0.0525, 0.0526,
         0.0524],
        [0.0527, 0.0526, 0.0524, 0.0528, 0.0525, 0.0527, 0.0525, 0.0528, 0.0528,
         0.0526, 0.0527, 0.0526, 0.0528, 0.0525, 0.0528, 0.0527, 0.0525, 0.0526,
         0.0524]], device='cuda:1', grad_fn=<SliceBackward0>)
Softmax output at epoch 3: tensor([[0.0527, 0.0526, 0.0524, 0.0528, 0.0525, 0.0527, 0.0525, 0.0528, 0.0528,
         0.0526, 0.0527, 0.0526, 0.0528, 0.0525, 0.0528, 0.0527, 0.0525, 0.0526,
         0.0524],
        [0.0527, 0.0526, 0.0524, 0.0528, 0.0525, 0.0527, 0.0525, 0.0528, 0.0528,
         0.0526, 0.0527, 0.0526, 0.0528, 0.0525, 0.0528, 0.0527, 0.0525, 0.0526,
         0.0524],
        [0.0527, 0.0526, 0.0524, 0.0528, 0.0525, 0.0527, 0.0525, 0.0528, 0.0528,
         0.0526, 0.0527, 0.0526, 0.0528, 0.0525, 0.0528, 0.0527, 0.0525, 0.0526,
         0.0524],
        [0.0527, 0.0526, 0.0524, 0.0528, 0.0525, 0.0527, 0.0525, 0.0528, 0.0528,
         0.0526, 0.0527, 0.0526, 0.0528, 0.0525, 0.0528, 0.0527, 0.0525, 0.0526,
         0.0524],
        [0.0527, 0.0526, 0.0524, 0.0528, 0.0525, 0.0527, 0.0525, 0.0528, 0.0528,
         0.0526, 0.0527, 0.0526, 0.0528, 0.0525, 0.0528, 0.0527, 0.0525, 0.0526,
         0.0524]], device='cuda:2', grad_fn=<SliceBackward0>)
pt values at epoch 3: tensor([0.0527, 0.0527, 0.0527, 0.0527, 0.0527], device='cuda:1',
       grad_fn=<SliceBackward0>)
Softmax output at epoch 3: tensor([[0.0527, 0.0526, 0.0524, 0.0528, 0.0525, 0.0527, 0.0525, 0.0528, 0.0528,
         0.0526, 0.0527, 0.0526, 0.0528, 0.0525, 0.0528, 0.0527, 0.0525, 0.0526,
         0.0524],
        [0.0527, 0.0526, 0.0524, 0.0528, 0.0525, 0.0527, 0.0525, 0.0528, 0.0528,
         0.0526, 0.0527, 0.0526, 0.0528, 0.0525, 0.0528, 0.0527, 0.0525, 0.0526,
         0.0524],
        [0.0527, 0.0526, 0.0524, 0.0528, 0.0525, 0.0527, 0.0525, 0.0528, 0.0528,
         0.0526, 0.0527, 0.0526, 0.0528, 0.0525, 0.0528, 0.0527, 0.0525, 0.0526,
         0.0524],
        [0.0527, 0.0526, 0.0524, 0.0528, 0.0525, 0.0527, 0.0525, 0.0528, 0.0528,
         0.0526, 0.0527, 0.0526, 0.0528, 0.0525, 0.0528, 0.0527, 0.0525, 0.0526,
         0.0524],
        [0.0527, 0.0526, 0.0524, 0.0528, 0.0525, 0.0527, 0.0525, 0.0528, 0.0528,
         0.0526, 0.0527, 0.0526, 0.0528, 0.0525, 0.0528, 0.0527, 0.0525, 0.0526,
         0.0524]], device='cuda:3', grad_fn=<SliceBackward0>)
pt values at epoch 3: tensor([0.0527, 0.0527, 0.0527, 0.0527, 0.0527], device='cuda:2',
       grad_fn=<SliceBackward0>)
pt values at epoch 3: tensor([0.0527, 0.0527, 0.0527, 0.0527, 0.0527], device='cuda:3',
       grad_fn=<SliceBackward0>)
Precision: 0.0000, Recall: 0.0004, F1-Score: 0.0000
Fold 2, Epoch 2, Train Loss: 0.0000, Val Loss: 0.0000, Val Acc: 0.0004
Softmax output at epoch 3: tensor([[0.0527, 0.0526, 0.0524, 0.0528, 0.0525, 0.0527, 0.0525, 0.0528, 0.0528,
         0.0526, 0.0527, 0.0526, 0.0528, 0.0525, 0.0528, 0.0527, 0.0525, 0.0526,
         0.0524],
        [0.0527, 0.0526, 0.0524, 0.0528, 0.0525, 0.0527, 0.0525, 0.0528, 0.0528,
         0.0526, 0.0527, 0.0526, 0.0528, 0.0525, 0.0528, 0.0527, 0.0525, 0.0526,
         0.0524],
        [0.0527, 0.0526, 0.0524, 0.0528, 0.0525, 0.0527, 0.0525, 0.0528, 0.0528,
         0.0526, 0.0527, 0.0526, 0.0528, 0.0525, 0.0528, 0.0527, 0.0525, 0.0526,
         0.0524],
        [0.0527, 0.0526, 0.0524, 0.0528, 0.0525, 0.0527, 0.0525, 0.0528, 0.0528,
         0.0526, 0.0527, 0.0526, 0.0528, 0.0525, 0.0528, 0.0527, 0.0525, 0.0526,
         0.0524],
        [0.0527, 0.0526, 0.0524, 0.0528, 0.0525, 0.0527, 0.0525, 0.0528, 0.0528,
         0.0526, 0.0527, 0.0526, 0.0528, 0.0525, 0.0528, 0.0527, 0.0525, 0.0526,
         0.0524]], device='cuda:0', grad_fn=<SliceBackward0>)
pt values at epoch 3: tensor([0.0527, 0.0527, 0.0527, 0.0527, 0.0527], device='cuda:0',
       grad_fn=<SliceBackward0>)
Layer conv1.att_src grad: 1.2354818904499605e-20Layer conv1.att_src grad: 1.2354818904499605e-20Layer conv1.att_src grad: 1.2354818904499605e-20Layer conv1.att_src grad: 1.2354818904499605e-20



Layer conv1.att_dst grad: 2.4424405900510466e-21Layer conv1.att_dst grad: 2.4424405900510466e-21Layer conv1.att_dst grad: 2.4424405900510466e-21Layer conv1.att_dst grad: 2.4424405900510466e-21



Layer conv1.bias grad: 4.8089291846320405e-15Layer conv1.bias grad: 4.8089291846320405e-15
Layer conv1.bias grad: 4.8089291846320405e-15Layer conv1.bias grad: 4.8089291846320405e-15


Layer conv1.lin.weight grad: 2.9845917404180966e-15
Layer conv1.lin.weight grad: 2.9845917404180966e-15
Layer conv1.lin.weight grad: 2.9845917404180966e-15
Layer conv1.lin.weight grad: 2.9845917404180966e-15
Layer conv2.att_src grad: 1.0578564659367227e-21
Layer conv2.att_src grad: 1.0578564659367227e-21
Layer conv2.att_src grad: 1.0578564659367227e-21
Layer conv2.att_src grad: 1.0578564659367227e-21
Layer conv2.att_dst grad: 5.612836974730249e-22
Layer conv2.att_dst grad: 5.612836974730249e-22
Layer conv2.att_dst grad: 5.612836974730249e-22
Layer conv2.att_dst grad: 5.612836974730249e-22
Layer conv2.bias grad: 1.144661622431986e-13Layer conv2.bias grad: 1.144661622431986e-13
Layer conv2.bias grad: 1.144661622431986e-13

Layer conv2.bias grad: 1.144661622431986e-13
Layer conv2.lin.weight grad: 3.470799028295669e-16Layer conv2.lin.weight grad: 3.470799028295669e-16Layer conv2.lin.weight grad: 3.470799028295669e-16


Layer conv2.lin.weight grad: 3.470799028295669e-16Layer conv3.att_src grad: 8.355471324742824e-22
Layer conv3.att_src grad: 8.355471324742824e-22
Layer conv3.att_src grad: 8.355471324742824e-22

Layer conv3.att_dst grad: 3.5155451188187417e-22
Layer conv3.att_dst grad: 3.5155451188187417e-22Layer conv3.att_dst grad: 3.5155451188187417e-22
Layer conv3.att_src grad: 8.355471324742824e-22

Layer conv3.bias grad: 5.7109672893518315e-12
Layer conv3.bias grad: 5.7109672893518315e-12
Layer conv3.bias grad: 5.7109672893518315e-12
Layer conv3.att_dst grad: 3.5155451188187417e-22
Layer conv3.lin.weight grad: 1.7030759957267815e-15
Layer conv3.lin.weight grad: 1.7030759957267815e-15
Layer conv3.lin.weight grad: 1.7030759957267815e-15
Layer conv3.bias grad: 5.7109672893518315e-12
Layer conv4.att_src grad: 2.855177704762152e-20
Layer conv4.att_src grad: 2.855177704762152e-20
Layer conv4.att_src grad: 2.855177704762152e-20
Layer conv3.lin.weight grad: 1.7030759957267815e-15
Layer conv4.att_dst grad: 9.183519911483536e-21
Layer conv4.att_dst grad: 9.183519911483536e-21
Layer conv4.att_dst grad: 9.183519911483536e-21
Layer conv4.bias grad: 1.7530416007716099e-10Layer conv4.att_src grad: 2.855177704762152e-20
Layer conv4.bias grad: 1.7530416007716099e-10
Layer conv4.bias grad: 1.7530416007716099e-10

Layer conv4.lin.weight grad: 5.470789972298121e-14
Layer conv4.att_dst grad: 9.183519911483536e-21Layer conv4.lin.weight grad: 5.470789972298121e-14
Layer conv4.lin.weight grad: 5.470789972298121e-14

Layer fc.weight grad: 1.0392236550471612e-11
Layer conv4.bias grad: 1.7530416007716099e-10Layer fc.weight grad: 1.0392236550471612e-11Layer fc.weight grad: 1.0392236550471612e-11


Layer fc.bias grad: 3.9741362201084485e-08
Layer fc.bias grad: 3.9741362201084485e-08Layer fc.bias grad: 3.9741362201084485e-08

Layer conv4.lin.weight grad: 5.470789972298121e-14
Layer fc.weight grad: 1.0392236550471612e-11
Layer fc.bias grad: 3.9741362201084485e-08
Softmax output at epoch 3: tensor([[0.0527, 0.0527, 0.0524, 0.0528, 0.0525, 0.0528, 0.0525, 0.0527, 0.0528,
         0.0525, 0.0528, 0.0527, 0.0528, 0.0524, 0.0528, 0.0528, 0.0524, 0.0525,
         0.0524],
        [0.0527, 0.0527, 0.0524, 0.0528, 0.0525, 0.0528, 0.0525, 0.0527, 0.0528,
         0.0525, 0.0528, 0.0527, 0.0528, 0.0524, 0.0528, 0.0528, 0.0524, 0.0525,
         0.0524],
        [0.0527, 0.0527, 0.0524, 0.0528, 0.0525, 0.0528, 0.0525, 0.0527, 0.0528,
         0.0525, 0.0528, 0.0527, 0.0528, 0.0524, 0.0528, 0.0528, 0.0524, 0.0525,
         0.0524],
        [0.0527, 0.0527, 0.0524, 0.0528, 0.0525, 0.0528, 0.0525, 0.0527, 0.0528,
         0.0525, 0.0528, 0.0527, 0.0528, 0.0524, 0.0528, 0.0528, 0.0524, 0.0525,
         0.0524],
        [0.0527, 0.0527, 0.0524, 0.0528, 0.0525, 0.0528, 0.0525, 0.0527, 0.0528,
         0.0525, 0.0528, 0.0527, 0.0528, 0.0524, 0.0528, 0.0528, 0.0524, 0.0525,
         0.0524]], device='cuda:3', grad_fn=<SliceBackward0>)
Softmax output at epoch 3: tensor([[0.0527, 0.0527, 0.0524, 0.0528, 0.0525, 0.0528, 0.0525, 0.0527, 0.0528,
         0.0525, 0.0528, 0.0527, 0.0528, 0.0524, 0.0528, 0.0528, 0.0524, 0.0525,
         0.0524],
        [0.0527, 0.0527, 0.0524, 0.0528, 0.0525, 0.0528, 0.0525, 0.0527, 0.0528,
         0.0525, 0.0528, 0.0527, 0.0528, 0.0524, 0.0528, 0.0528, 0.0524, 0.0525,
         0.0524],
        [0.0527, 0.0527, 0.0524, 0.0528, 0.0525, 0.0528, 0.0525, 0.0527, 0.0528,
         0.0525, 0.0528, 0.0527, 0.0528, 0.0524, 0.0528, 0.0528, 0.0524, 0.0525,
         0.0524],
        [0.0527, 0.0527, 0.0524, 0.0528, 0.0525, 0.0528, 0.0525, 0.0527, 0.0528,
         0.0525, 0.0528, 0.0527, 0.0528, 0.0524, 0.0528, 0.0528, 0.0524, 0.0525,
         0.0524],
        [0.0527, 0.0527, 0.0524, 0.0528, 0.0525, 0.0528, 0.0525, 0.0527, 0.0528,
         0.0525, 0.0528, 0.0527, 0.0528, 0.0524, 0.0528, 0.0528, 0.0524, 0.0525,
         0.0524]], device='cuda:2', grad_fn=<SliceBackward0>)
Softmax output at epoch 3: tensor([[0.0527, 0.0527, 0.0524, 0.0528, 0.0525, 0.0528, 0.0525, 0.0527, 0.0528,
         0.0525, 0.0528, 0.0527, 0.0528, 0.0524, 0.0528, 0.0528, 0.0524, 0.0525,
         0.0524],
        [0.0527, 0.0527, 0.0524, 0.0528, 0.0525, 0.0528, 0.0525, 0.0527, 0.0528,
         0.0525, 0.0528, 0.0527, 0.0528, 0.0524, 0.0528, 0.0528, 0.0524, 0.0525,
         0.0524],
        [0.0527, 0.0527, 0.0524, 0.0528, 0.0525, 0.0528, 0.0525, 0.0527, 0.0528,
         0.0525, 0.0528, 0.0527, 0.0528, 0.0524, 0.0528, 0.0528, 0.0524, 0.0525,
         0.0524],
        [0.0527, 0.0527, 0.0524, 0.0528, 0.0525, 0.0528, 0.0525, 0.0527, 0.0528,
         0.0525, 0.0528, 0.0527, 0.0528, 0.0524, 0.0528, 0.0528, 0.0524, 0.0525,
         0.0524],
        [0.0527, 0.0527, 0.0524, 0.0528, 0.0525, 0.0528, 0.0525, 0.0527, 0.0528,
         0.0525, 0.0528, 0.0527, 0.0528, 0.0524, 0.0528, 0.0528, 0.0524, 0.0525,
         0.0524]], device='cuda:1', grad_fn=<SliceBackward0>)
pt values at epoch 3: tensor([0.0527, 0.0527, 0.0527, 0.0527, 0.0527], device='cuda:3',
       grad_fn=<SliceBackward0>)
pt values at epoch 3: tensor([0.0527, 0.0527, 0.0527, 0.0527, 0.0527], device='cuda:2',
       grad_fn=<SliceBackward0>)
pt values at epoch 3: tensor([0.0527, 0.0527, 0.0527, 0.0527, 0.0527], device='cuda:1',
       grad_fn=<SliceBackward0>)
Softmax output at epoch 3: tensor([[0.0527, 0.0527, 0.0524, 0.0528, 0.0525, 0.0528, 0.0525, 0.0527, 0.0528,
         0.0525, 0.0528, 0.0527, 0.0528, 0.0524, 0.0528, 0.0528, 0.0524, 0.0525,
         0.0524],
        [0.0527, 0.0527, 0.0524, 0.0528, 0.0525, 0.0528, 0.0525, 0.0527, 0.0528,
         0.0525, 0.0528, 0.0527, 0.0528, 0.0524, 0.0528, 0.0528, 0.0524, 0.0525,
         0.0524],
        [0.0527, 0.0527, 0.0524, 0.0528, 0.0525, 0.0528, 0.0525, 0.0527, 0.0528,
         0.0525, 0.0528, 0.0527, 0.0528, 0.0524, 0.0528, 0.0528, 0.0524, 0.0525,
         0.0524],
        [0.0527, 0.0527, 0.0524, 0.0528, 0.0525, 0.0528, 0.0525, 0.0527, 0.0528,
         0.0525, 0.0528, 0.0527, 0.0528, 0.0524, 0.0528, 0.0528, 0.0524, 0.0525,
         0.0524],
        [0.0527, 0.0527, 0.0524, 0.0528, 0.0525, 0.0528, 0.0525, 0.0527, 0.0528,
         0.0525, 0.0528, 0.0527, 0.0528, 0.0524, 0.0528, 0.0528, 0.0524, 0.0525,
         0.0524]], device='cuda:0', grad_fn=<SliceBackward0>)
pt values at epoch 3: tensor([0.0527, 0.0527, 0.0527, 0.0527, 0.0527], device='cuda:0',
       grad_fn=<SliceBackward0>)
Layer conv1.att_src grad: 4.481216394941362e-20Layer conv1.att_src grad: 4.481216394941362e-20Layer conv1.att_src grad: 4.481216394941362e-20Layer conv1.att_src grad: 4.481216394941362e-20



Layer conv1.att_dst grad: 1.1298795221192088e-20Layer conv1.att_dst grad: 1.1298795221192088e-20Layer conv1.att_dst grad: 1.1298795221192088e-20Layer conv1.att_dst grad: 1.1298795221192088e-20



Layer conv1.bias grad: 7.032543560621558e-15Layer conv1.bias grad: 7.032543560621558e-15
Layer conv1.bias grad: 7.032543560621558e-15

Layer conv1.bias grad: 7.032543560621558e-15
Layer conv1.lin.weight grad: 4.191669594429993e-15
Layer conv1.lin.weight grad: 4.191669594429993e-15Layer conv1.lin.weight grad: 4.191669594429993e-15

Layer conv1.lin.weight grad: 4.191669594429993e-15
Layer conv2.att_src grad: 2.482532394520551e-21
Layer conv2.att_src grad: 2.482532394520551e-21Layer conv2.att_src grad: 2.482532394520551e-21

Layer conv2.att_src grad: 2.482532394520551e-21
Layer conv2.att_dst grad: 1.107515878387335e-21
Layer conv2.att_dst grad: 1.107515878387335e-21Layer conv2.att_dst grad: 1.107515878387335e-21

Layer conv2.att_dst grad: 1.107515878387335e-21
Layer conv2.bias grad: 1.410846672779062e-13Layer conv2.bias grad: 1.410846672779062e-13

Layer conv2.bias grad: 1.410846672779062e-13
Layer conv2.lin.weight grad: 4.4167503360148985e-16Layer conv2.lin.weight grad: 4.4167503360148985e-16
Layer conv2.bias grad: 1.410846672779062e-13

Layer conv2.lin.weight grad: 4.4167503360148985e-16
Layer conv3.att_src grad: 6.832390690652967e-21Layer conv3.att_src grad: 6.832390690652967e-21

Layer conv2.lin.weight grad: 4.4167503360148985e-16
Layer conv3.att_src grad: 6.832390690652967e-21
Layer conv3.att_dst grad: 4.139275600907139e-21Layer conv3.att_dst grad: 4.139275600907139e-21

Layer conv3.att_src grad: 6.832390690652967e-21
Layer conv3.att_dst grad: 4.139275600907139e-21
Layer conv3.bias grad: 5.882445138633008e-12Layer conv3.bias grad: 5.882445138633008e-12

Layer conv3.att_dst grad: 4.139275600907139e-21
Layer conv3.bias grad: 5.882445138633008e-12
Layer conv3.lin.weight grad: 3.964614789621953e-15Layer conv3.bias grad: 5.882445138633008e-12Layer conv3.lin.weight grad: 3.964614789621953e-15


Layer conv3.lin.weight grad: 3.964614789621953e-15
Layer conv4.att_src grad: 1.8110382804115486e-19
Layer conv4.att_src grad: 1.8110382804115486e-19
Layer conv3.lin.weight grad: 3.964614789621953e-15
Layer conv4.att_dst grad: 4.9998660707129264e-20Layer conv4.att_src grad: 1.8110382804115486e-19
Layer conv4.att_dst grad: 4.9998660707129264e-20

Layer conv4.att_src grad: 1.8110382804115486e-19
Layer conv4.bias grad: 1.733611726395523e-10
Layer conv4.bias grad: 1.733611726395523e-10
Layer conv4.att_dst grad: 4.9998660707129264e-20Layer conv4.att_dst grad: 4.9998660707129264e-20

Layer conv4.lin.weight grad: 1.2635765101343815e-13
Layer conv4.lin.weight grad: 1.2635765101343815e-13Layer conv4.bias grad: 1.733611726395523e-10

Layer conv4.bias grad: 1.733611726395523e-10
Layer fc.weight grad: 1.7406898839000817e-11
Layer fc.weight grad: 1.7406898839000817e-11Layer conv4.lin.weight grad: 1.2635765101343815e-13

Layer conv4.lin.weight grad: 1.2635765101343815e-13
Layer fc.bias grad: 2.7849170081140073e-08
Layer fc.bias grad: 2.7849170081140073e-08
Layer fc.weight grad: 1.7406898839000817e-11
Layer fc.weight grad: 1.7406898839000817e-11
Layer fc.bias grad: 2.7849170081140073e-08
Layer fc.bias grad: 2.7849170081140073e-08
Softmax output at epoch 3: tensor([[0.0528, 0.0527, 0.0524, 0.0528, 0.0526, 0.0528, 0.0525, 0.0527, 0.0528,
         0.0525, 0.0528, 0.0527, 0.0528, 0.0524, 0.0528, 0.0528, 0.0524, 0.0525,
         0.0524],
        [0.0528, 0.0527, 0.0524, 0.0528, 0.0526, 0.0528, 0.0525, 0.0527, 0.0528,
         0.0525, 0.0528, 0.0527, 0.0528, 0.0524, 0.0528, 0.0528, 0.0524, 0.0525,
         0.0524],
        [0.0528, 0.0527, 0.0524, 0.0528, 0.0526, 0.0528, 0.0525, 0.0527, 0.0528,
         0.0525, 0.0528, 0.0527, 0.0528, 0.0524, 0.0528, 0.0528, 0.0524, 0.0525,
         0.0524],
        [0.0528, 0.0527, 0.0524, 0.0528, 0.0526, 0.0528, 0.0525, 0.0527, 0.0528,
         0.0525, 0.0528, 0.0527, 0.0528, 0.0524, 0.0528, 0.0528, 0.0524, 0.0525,
         0.0524],
        [0.0528, 0.0527, 0.0524, 0.0528, 0.0526, 0.0528, 0.0525, 0.0527, 0.0528,
         0.0525, 0.0528, 0.0527, 0.0528, 0.0524, 0.0528, 0.0528, 0.0524, 0.0525,
         0.0524]], device='cuda:0', grad_fn=<SliceBackward0>)
Softmax output at epoch 3: tensor([[0.0528, 0.0527, 0.0524, 0.0528, 0.0526, 0.0528, 0.0525, 0.0527, 0.0528,
         0.0525, 0.0528, 0.0527, 0.0528, 0.0524, 0.0528, 0.0528, 0.0524, 0.0525,
         0.0524],
        [0.0528, 0.0527, 0.0524, 0.0528, 0.0526, 0.0528, 0.0525, 0.0527, 0.0528,
         0.0525, 0.0528, 0.0527, 0.0528, 0.0524, 0.0528, 0.0528, 0.0524, 0.0525,
         0.0524],
        [0.0528, 0.0527, 0.0524, 0.0528, 0.0526, 0.0528, 0.0525, 0.0527, 0.0528,
         0.0525, 0.0528, 0.0527, 0.0528, 0.0524, 0.0528, 0.0528, 0.0524, 0.0525,
         0.0524],
        [0.0528, 0.0527, 0.0524, 0.0528, 0.0526, 0.0528, 0.0525, 0.0527, 0.0528,
         0.0525, 0.0528, 0.0527, 0.0528, 0.0524, 0.0528, 0.0528, 0.0524, 0.0525,
         0.0524],
        [0.0528, 0.0527, 0.0524, 0.0528, 0.0526, 0.0528, 0.0525, 0.0527, 0.0528,
         0.0525, 0.0528, 0.0527, 0.0528, 0.0524, 0.0528, 0.0528, 0.0524, 0.0525,
         0.0524]], device='cuda:3', grad_fn=<SliceBackward0>)
Softmax output at epoch 3: tensor([[0.0528, 0.0527, 0.0524, 0.0528, 0.0526, 0.0528, 0.0525, 0.0527, 0.0528,
         0.0525, 0.0528, 0.0527, 0.0528, 0.0524, 0.0528, 0.0528, 0.0524, 0.0525,
         0.0524],
        [0.0528, 0.0527, 0.0524, 0.0528, 0.0526, 0.0528, 0.0525, 0.0527, 0.0528,
         0.0525, 0.0528, 0.0527, 0.0528, 0.0524, 0.0528, 0.0528, 0.0524, 0.0525,
         0.0524],
        [0.0528, 0.0527, 0.0524, 0.0528, 0.0526, 0.0528, 0.0525, 0.0527, 0.0528,
         0.0525, 0.0528, 0.0527, 0.0528, 0.0524, 0.0528, 0.0528, 0.0524, 0.0525,
         0.0524],
        [0.0528, 0.0527, 0.0524, 0.0528, 0.0526, 0.0528, 0.0525, 0.0527, 0.0528,
         0.0525, 0.0528, 0.0527, 0.0528, 0.0524, 0.0528, 0.0528, 0.0524, 0.0525,
         0.0524],
        [0.0528, 0.0527, 0.0524, 0.0528, 0.0526, 0.0528, 0.0525, 0.0527, 0.0528,
         0.0525, 0.0528, 0.0527, 0.0528, 0.0524, 0.0528, 0.0528, 0.0524, 0.0525,
         0.0524]], device='cuda:1', grad_fn=<SliceBackward0>)
pt values at epoch 3: tensor([0.0528, 0.0528, 0.0528, 0.0528, 0.0528], device='cuda:0',
       grad_fn=<SliceBackward0>)
pt values at epoch 3: tensor([0.0528, 0.0528, 0.0528, 0.0528, 0.0528], device='cuda:3',
       grad_fn=<SliceBackward0>)
pt values at epoch 3: tensor([0.0528, 0.0528, 0.0528, 0.0528, 0.0528], device='cuda:1',
       grad_fn=<SliceBackward0>)
Softmax output at epoch 3: tensor([[0.0528, 0.0527, 0.0524, 0.0528, 0.0526, 0.0528, 0.0525, 0.0527, 0.0528,
         0.0525, 0.0528, 0.0527, 0.0528, 0.0524, 0.0528, 0.0528, 0.0524, 0.0525,
         0.0524],
        [0.0528, 0.0527, 0.0524, 0.0528, 0.0526, 0.0528, 0.0525, 0.0527, 0.0528,
         0.0525, 0.0528, 0.0527, 0.0528, 0.0524, 0.0528, 0.0528, 0.0524, 0.0525,
         0.0524],
        [0.0528, 0.0527, 0.0524, 0.0528, 0.0526, 0.0528, 0.0525, 0.0527, 0.0528,
         0.0525, 0.0528, 0.0527, 0.0528, 0.0524, 0.0528, 0.0528, 0.0524, 0.0525,
         0.0524],
        [0.0528, 0.0527, 0.0524, 0.0528, 0.0526, 0.0528, 0.0525, 0.0527, 0.0528,
         0.0525, 0.0528, 0.0527, 0.0528, 0.0524, 0.0528, 0.0528, 0.0524, 0.0525,
         0.0524],
        [0.0528, 0.0527, 0.0524, 0.0528, 0.0526, 0.0528, 0.0525, 0.0527, 0.0528,
         0.0525, 0.0528, 0.0527, 0.0528, 0.0524, 0.0528, 0.0528, 0.0524, 0.0525,
         0.0524]], device='cuda:2', grad_fn=<SliceBackward0>)
pt values at epoch 3: tensor([0.0528, 0.0528, 0.0528, 0.0528, 0.0528], device='cuda:2',
       grad_fn=<SliceBackward0>)
Layer conv1.att_src grad: 6.146229832256025e-20Layer conv1.att_src grad: 6.146229832256025e-20Layer conv1.att_src grad: 6.146229832256025e-20Layer conv1.att_src grad: 6.146229832256025e-20



Layer conv1.att_dst grad: 9.899199970197396e-21Layer conv1.att_dst grad: 9.899199970197396e-21Layer conv1.att_dst grad: 9.899199970197396e-21Layer conv1.att_dst grad: 9.899199970197396e-21



Layer conv1.bias grad: 1.002796207617146e-14Layer conv1.bias grad: 1.002796207617146e-14Layer conv1.bias grad: 1.002796207617146e-14


Layer conv1.bias grad: 1.002796207617146e-14
Layer conv1.lin.weight grad: 6.3791270985165405e-15Layer conv1.lin.weight grad: 6.3791270985165405e-15
Layer conv1.lin.weight grad: 6.3791270985165405e-15

Layer conv1.lin.weight grad: 6.3791270985165405e-15
Layer conv2.att_src grad: 2.8269216512458665e-21
Layer conv2.att_src grad: 2.8269216512458665e-21Layer conv2.att_src grad: 2.8269216512458665e-21

Layer conv2.att_src grad: 2.8269216512458665e-21
Layer conv2.att_dst grad: 1.2091508493933867e-21
Layer conv2.att_dst grad: 1.2091508493933867e-21Layer conv2.att_dst grad: 1.2091508493933867e-21

Layer conv2.att_dst grad: 1.2091508493933867e-21
Layer conv2.bias grad: 2.0848578939636209e-13
Layer conv2.bias grad: 2.0848578939636209e-13Layer conv2.bias grad: 2.0848578939636209e-13

Layer conv2.bias grad: 2.0848578939636209e-13
Layer conv2.lin.weight grad: 6.502811696507561e-16Layer conv2.lin.weight grad: 6.502811696507561e-16Layer conv2.lin.weight grad: 6.502811696507561e-16


Layer conv2.lin.weight grad: 6.502811696507561e-16
Layer conv3.att_src grad: 9.71013103909221e-21Layer conv3.att_src grad: 9.71013103909221e-21Layer conv3.att_src grad: 9.71013103909221e-21


Layer conv3.att_src grad: 9.71013103909221e-21
Layer conv3.att_dst grad: 3.198429143858745e-21Layer conv3.att_dst grad: 3.198429143858745e-21
Layer conv3.att_dst grad: 3.198429143858745e-21

Layer conv3.att_dst grad: 3.198429143858745e-21Layer conv3.bias grad: 7.888200509453824e-12Layer conv3.bias grad: 7.888200509453824e-12
Layer conv3.bias grad: 7.888200509453824e-12


Layer conv3.bias grad: 7.888200509453824e-12
Layer conv3.lin.weight grad: 6.181058608196489e-15Layer conv3.lin.weight grad: 6.181058608196489e-15
Layer conv3.lin.weight grad: 6.181058608196489e-15

Layer conv4.att_src grad: 2.946622327609433e-19
Layer conv4.att_src grad: 2.946622327609433e-19Layer conv4.att_src grad: 2.946622327609433e-19Layer conv3.lin.weight grad: 6.181058608196489e-15


Layer conv4.att_dst grad: 1.0962084405827702e-19
Layer conv4.att_dst grad: 1.0962084405827702e-19Layer conv4.att_dst grad: 1.0962084405827702e-19

Layer conv4.att_src grad: 2.946622327609433e-19
Layer conv4.bias grad: 2.1038834563391617e-10
Layer conv4.bias grad: 2.1038834563391617e-10Layer conv4.bias grad: 2.1038834563391617e-10

Layer conv4.att_dst grad: 1.0962084405827702e-19
Layer conv4.lin.weight grad: 1.8007424436132513e-13
Layer conv4.lin.weight grad: 1.8007424436132513e-13Layer conv4.lin.weight grad: 1.8007424436132513e-13

Layer conv4.bias grad: 2.1038834563391617e-10
Layer fc.weight grad: 2.9800984596706215e-11
Layer fc.weight grad: 2.9800984596706215e-11Layer fc.weight grad: 2.9800984596706215e-11

Layer fc.bias grad: 4.028092348562495e-08Layer conv4.lin.weight grad: 1.8007424436132513e-13

Layer fc.bias grad: 4.028092348562495e-08Layer fc.bias grad: 4.028092348562495e-08

Layer fc.weight grad: 2.9800984596706215e-11
Layer fc.bias grad: 4.028092348562495e-08
Softmax output at epoch 3: tensor([[0.0528, 0.0527, 0.0524, 0.0528, 0.0526, 0.0528, 0.0526, 0.0526, 0.0528,
         0.0525, 0.0528, 0.0527, 0.0528, 0.0524, 0.0528, 0.0528, 0.0524, 0.0525,
         0.0524],
        [0.0528, 0.0527, 0.0524, 0.0528, 0.0526, 0.0528, 0.0526, 0.0526, 0.0528,
         0.0525, 0.0528, 0.0527, 0.0528, 0.0524, 0.0528, 0.0528, 0.0524, 0.0525,
         0.0524],
        [0.0528, 0.0527, 0.0524, 0.0528, 0.0526, 0.0528, 0.0526, 0.0526, 0.0528,
         0.0525, 0.0528, 0.0527, 0.0528, 0.0524, 0.0528, 0.0528, 0.0524, 0.0525,
         0.0524],
        [0.0528, 0.0527, 0.0524, 0.0528, 0.0526, 0.0528, 0.0526, 0.0526, 0.0528,
         0.0525, 0.0528, 0.0527, 0.0528, 0.0524, 0.0528, 0.0528, 0.0524, 0.0525,
         0.0524],
        [0.0528, 0.0527, 0.0524, 0.0528, 0.0526, 0.0528, 0.0526, 0.0526, 0.0528,
         0.0525, 0.0528, 0.0527, 0.0528, 0.0524, 0.0528, 0.0528, 0.0524, 0.0525,
         0.0524]], device='cuda:0', grad_fn=<SliceBackward0>)
Softmax output at epoch 3: tensor([[0.0528, 0.0527, 0.0524, 0.0528, 0.0526, 0.0528, 0.0526, 0.0526, 0.0528,
         0.0525, 0.0528, 0.0527, 0.0528, 0.0524, 0.0528, 0.0528, 0.0524, 0.0525,
         0.0524],
        [0.0528, 0.0527, 0.0524, 0.0528, 0.0526, 0.0528, 0.0526, 0.0526, 0.0528,
         0.0525, 0.0528, 0.0527, 0.0528, 0.0524, 0.0528, 0.0528, 0.0524, 0.0525,
         0.0524],
        [0.0528, 0.0527, 0.0524, 0.0528, 0.0526, 0.0528, 0.0526, 0.0526, 0.0528,
         0.0525, 0.0528, 0.0527, 0.0528, 0.0524, 0.0528, 0.0528, 0.0524, 0.0525,
         0.0524],
        [0.0528, 0.0527, 0.0524, 0.0528, 0.0526, 0.0528, 0.0526, 0.0526, 0.0528,
         0.0525, 0.0528, 0.0527, 0.0528, 0.0524, 0.0528, 0.0528, 0.0524, 0.0525,
         0.0524],
        [0.0528, 0.0527, 0.0524, 0.0528, 0.0526, 0.0528, 0.0526, 0.0526, 0.0528,
         0.0525, 0.0528, 0.0527, 0.0528, 0.0524, 0.0528, 0.0528, 0.0524, 0.0525,
         0.0524]], device='cuda:3', grad_fn=<SliceBackward0>)
Softmax output at epoch 3: tensor([[0.0528, 0.0527, 0.0524, 0.0528, 0.0526, 0.0528, 0.0526, 0.0526, 0.0528,
         0.0525, 0.0528, 0.0527, 0.0528, 0.0524, 0.0528, 0.0528, 0.0524, 0.0525,
         0.0524],
        [0.0528, 0.0527, 0.0524, 0.0528, 0.0526, 0.0528, 0.0526, 0.0526, 0.0528,
         0.0525, 0.0528, 0.0527, 0.0528, 0.0524, 0.0528, 0.0528, 0.0524, 0.0525,
         0.0524],
        [0.0528, 0.0527, 0.0524, 0.0528, 0.0526, 0.0528, 0.0526, 0.0526, 0.0528,
         0.0525, 0.0528, 0.0527, 0.0528, 0.0524, 0.0528, 0.0528, 0.0524, 0.0525,
         0.0524],
        [0.0528, 0.0527, 0.0524, 0.0528, 0.0526, 0.0528, 0.0526, 0.0526, 0.0528,
         0.0525, 0.0528, 0.0527, 0.0528, 0.0524, 0.0528, 0.0528, 0.0524, 0.0525,
         0.0524],
        [0.0528, 0.0527, 0.0524, 0.0528, 0.0526, 0.0528, 0.0526, 0.0526, 0.0528,
         0.0525, 0.0528, 0.0527, 0.0528, 0.0524, 0.0528, 0.0528, 0.0524, 0.0525,
         0.0524]], device='cuda:1', grad_fn=<SliceBackward0>)
pt values at epoch 3: tensor([0.0528, 0.0528, 0.0528, 0.0528, 0.0528], device='cuda:0',
       grad_fn=<SliceBackward0>)
pt values at epoch 3: tensor([0.0528, 0.0528, 0.0528, 0.0528, 0.0528], device='cuda:3',
       grad_fn=<SliceBackward0>)
pt values at epoch 3: tensor([0.0528, 0.0528, 0.0528, 0.0528, 0.0528], device='cuda:1',
       grad_fn=<SliceBackward0>)
Softmax output at epoch 3: tensor([[0.0528, 0.0527, 0.0524, 0.0528, 0.0526, 0.0528, 0.0526, 0.0526, 0.0528,
         0.0525, 0.0528, 0.0527, 0.0528, 0.0524, 0.0528, 0.0528, 0.0524, 0.0525,
         0.0524],
        [0.0528, 0.0527, 0.0524, 0.0528, 0.0526, 0.0528, 0.0526, 0.0526, 0.0528,
         0.0525, 0.0528, 0.0527, 0.0528, 0.0524, 0.0528, 0.0528, 0.0524, 0.0525,
         0.0524],
        [0.0528, 0.0527, 0.0524, 0.0528, 0.0526, 0.0528, 0.0526, 0.0526, 0.0528,
         0.0525, 0.0528, 0.0527, 0.0528, 0.0524, 0.0528, 0.0528, 0.0524, 0.0525,
         0.0524],
        [0.0528, 0.0527, 0.0524, 0.0528, 0.0526, 0.0528, 0.0526, 0.0526, 0.0528,
         0.0525, 0.0528, 0.0527, 0.0528, 0.0524, 0.0528, 0.0528, 0.0524, 0.0525,
         0.0524],
        [0.0528, 0.0527, 0.0524, 0.0528, 0.0526, 0.0528, 0.0526, 0.0526, 0.0528,
         0.0525, 0.0528, 0.0527, 0.0528, 0.0524, 0.0528, 0.0528, 0.0524, 0.0525,
         0.0524]], device='cuda:2', grad_fn=<SliceBackward0>)
pt values at epoch 3: tensor([0.0528, 0.0528, 0.0528, 0.0528, 0.0528], device='cuda:2',
       grad_fn=<SliceBackward0>)
Layer conv1.att_src grad: 4.437522840905236e-20Layer conv1.att_src grad: 4.437522840905236e-20Layer conv1.att_src grad: 4.437522840905236e-20Layer conv1.att_src grad: 4.437522840905236e-20



Layer conv1.att_dst grad: 6.731594209369405e-21Layer conv1.att_dst grad: 6.731594209369405e-21Layer conv1.att_dst grad: 6.731594209369405e-21Layer conv1.att_dst grad: 6.731594209369405e-21



Layer conv1.bias grad: 7.564722502920174e-15Layer conv1.bias grad: 7.564722502920174e-15
Layer conv1.bias grad: 7.564722502920174e-15
Layer conv1.bias grad: 7.564722502920174e-15

Layer conv1.lin.weight grad: 4.406076503269633e-15
Layer conv1.lin.weight grad: 4.406076503269633e-15
Layer conv1.lin.weight grad: 4.406076503269633e-15Layer conv1.lin.weight grad: 4.406076503269633e-15

Layer conv2.att_src grad: 2.2817746905016508e-21
Layer conv2.att_src grad: 2.2817746905016508e-21
Layer conv2.att_src grad: 2.2817746905016508e-21Layer conv2.att_src grad: 2.2817746905016508e-21

Layer conv2.att_dst grad: 1.2149552500686794e-21
Layer conv2.att_dst grad: 1.2149552500686794e-21
Layer conv2.att_dst grad: 1.2149552500686794e-21Layer conv2.att_dst grad: 1.2149552500686794e-21

Layer conv2.bias grad: 1.5731444196354777e-13
Layer conv2.bias grad: 1.5731444196354777e-13
Layer conv2.bias grad: 1.5731444196354777e-13Layer conv2.bias grad: 1.5731444196354777e-13

Layer conv2.lin.weight grad: 4.734883470207201e-16
Layer conv2.lin.weight grad: 4.734883470207201e-16
Layer conv2.lin.weight grad: 4.734883470207201e-16Layer conv2.lin.weight grad: 4.734883470207201e-16

Layer conv3.att_src grad: 4.642860572890008e-21
Layer conv3.att_src grad: 4.642860572890008e-21
Layer conv3.att_src grad: 4.642860572890008e-21Layer conv3.att_src grad: 4.642860572890008e-21

Layer conv3.att_dst grad: 1.7162386162309266e-21
Layer conv3.att_dst grad: 1.7162386162309266e-21
Layer conv3.att_dst grad: 1.7162386162309266e-21Layer conv3.att_dst grad: 1.7162386162309266e-21

Layer conv3.bias grad: 6.274125316507728e-12
Layer conv3.bias grad: 6.274125316507728e-12
Layer conv3.bias grad: 6.274125316507728e-12Layer conv3.bias grad: 6.274125316507728e-12

Layer conv3.lin.weight grad: 3.907222378214843e-15
Layer conv3.lin.weight grad: 3.907222378214843e-15
Layer conv3.lin.weight grad: 3.907222378214843e-15Layer conv3.lin.weight grad: 3.907222378214843e-15
Layer conv4.att_src grad: 1.423628240522338e-19
Layer conv4.att_src grad: 1.423628240522338e-19

Layer conv4.att_src grad: 1.423628240522338e-19
Layer conv4.att_dst grad: 1.718998119834972e-20Layer conv4.att_dst grad: 1.718998119834972e-20Layer conv4.att_src grad: 1.423628240522338e-19


Layer conv4.att_dst grad: 1.718998119834972e-20
Layer conv4.bias grad: 1.955307582512944e-10Layer conv4.bias grad: 1.955307582512944e-10
Layer conv4.att_dst grad: 1.718998119834972e-20

Layer conv4.bias grad: 1.955307582512944e-10
Layer conv4.bias grad: 1.955307582512944e-10Layer conv4.lin.weight grad: 1.3549534758072745e-13
Layer conv4.lin.weight grad: 1.3549534758072745e-13

Layer conv4.lin.weight grad: 1.3549534758072745e-13
Layer conv4.lin.weight grad: 1.3549534758072745e-13Layer fc.weight grad: 1.931022876322519e-11
Layer fc.weight grad: 1.931022876322519e-11

Layer fc.weight grad: 1.931022876322519e-11
Layer fc.weight grad: 1.931022876322519e-11Layer fc.bias grad: 3.210185894886308e-08Layer fc.bias grad: 3.210185894886308e-08


Layer fc.bias grad: 3.210185894886308e-08
Layer fc.bias grad: 3.210185894886308e-08
Softmax output at epoch 3: tensor([[0.0528, 0.0526, 0.0525, 0.0527, 0.0527, 0.0528, 0.0526, 0.0526, 0.0528,
         0.0525, 0.0528, 0.0526, 0.0528, 0.0524, 0.0527, 0.0528, 0.0524, 0.0525,
         0.0524],
        [0.0528, 0.0526, 0.0525, 0.0527, 0.0527, 0.0528, 0.0526, 0.0526, 0.0528,
         0.0525, 0.0528, 0.0526, 0.0528, 0.0524, 0.0527, 0.0528, 0.0524, 0.0525,
         0.0524],
        [0.0528, 0.0526, 0.0525, 0.0527, 0.0527, 0.0528, 0.0526, 0.0526, 0.0528,
         0.0525, 0.0528, 0.0526, 0.0528, 0.0524, 0.0527, 0.0528, 0.0524, 0.0525,
         0.0524],
        [0.0528, 0.0526, 0.0525, 0.0527, 0.0527, 0.0528, 0.0526, 0.0526, 0.0528,
         0.0525, 0.0528, 0.0526, 0.0528, 0.0524, 0.0527, 0.0528, 0.0524, 0.0525,
         0.0524],
        [0.0528, 0.0526, 0.0525, 0.0527, 0.0527, 0.0528, 0.0526, 0.0526, 0.0528,
         0.0525, 0.0528, 0.0526, 0.0528, 0.0524, 0.0527, 0.0528, 0.0524, 0.0525,
         0.0524]], device='cuda:2', grad_fn=<SliceBackward0>)
Softmax output at epoch 3: tensor([[0.0528, 0.0526, 0.0525, 0.0527, 0.0527, 0.0528, 0.0526, 0.0526, 0.0528,
         0.0525, 0.0528, 0.0526, 0.0528, 0.0524, 0.0527, 0.0528, 0.0524, 0.0525,
         0.0524],
        [0.0528, 0.0526, 0.0525, 0.0527, 0.0527, 0.0528, 0.0526, 0.0526, 0.0528,
         0.0525, 0.0528, 0.0526, 0.0528, 0.0524, 0.0527, 0.0528, 0.0524, 0.0525,
         0.0524],
        [0.0528, 0.0526, 0.0525, 0.0527, 0.0527, 0.0528, 0.0526, 0.0526, 0.0528,
         0.0525, 0.0528, 0.0526, 0.0528, 0.0524, 0.0527, 0.0528, 0.0524, 0.0525,
         0.0524],
        [0.0528, 0.0526, 0.0525, 0.0527, 0.0527, 0.0528, 0.0526, 0.0526, 0.0528,
         0.0525, 0.0528, 0.0526, 0.0528, 0.0524, 0.0527, 0.0528, 0.0524, 0.0525,
         0.0524],
        [0.0528, 0.0526, 0.0525, 0.0527, 0.0527, 0.0528, 0.0526, 0.0526, 0.0528,
         0.0525, 0.0528, 0.0526, 0.0528, 0.0524, 0.0527, 0.0528, 0.0524, 0.0525,
         0.0524]], device='cuda:3', grad_fn=<SliceBackward0>)
Softmax output at epoch 3: tensor([[0.0528, 0.0526, 0.0525, 0.0527, 0.0527, 0.0528, 0.0526, 0.0526, 0.0528,
         0.0525, 0.0528, 0.0526, 0.0528, 0.0524, 0.0527, 0.0528, 0.0524, 0.0525,
         0.0524],
        [0.0528, 0.0526, 0.0525, 0.0527, 0.0527, 0.0528, 0.0526, 0.0526, 0.0528,
         0.0525, 0.0528, 0.0526, 0.0528, 0.0524, 0.0527, 0.0528, 0.0524, 0.0525,
         0.0524],
        [0.0528, 0.0526, 0.0525, 0.0527, 0.0527, 0.0528, 0.0526, 0.0526, 0.0528,
         0.0525, 0.0528, 0.0526, 0.0528, 0.0524, 0.0527, 0.0528, 0.0524, 0.0525,
         0.0524],
        [0.0528, 0.0526, 0.0525, 0.0527, 0.0527, 0.0528, 0.0526, 0.0526, 0.0528,
         0.0525, 0.0528, 0.0526, 0.0528, 0.0524, 0.0527, 0.0528, 0.0524, 0.0525,
         0.0524],
        [0.0528, 0.0526, 0.0525, 0.0527, 0.0527, 0.0528, 0.0526, 0.0526, 0.0528,
         0.0525, 0.0528, 0.0526, 0.0528, 0.0524, 0.0527, 0.0528, 0.0524, 0.0525,
         0.0524]], device='cuda:1', grad_fn=<SliceBackward0>)
Softmax output at epoch 3: tensor([[0.0528, 0.0526, 0.0525, 0.0527, 0.0527, 0.0528, 0.0526, 0.0526, 0.0528,
         0.0525, 0.0528, 0.0526, 0.0528, 0.0524, 0.0527, 0.0528, 0.0524, 0.0525,
         0.0524],
        [0.0528, 0.0526, 0.0525, 0.0527, 0.0527, 0.0528, 0.0526, 0.0526, 0.0528,
         0.0525, 0.0528, 0.0526, 0.0528, 0.0524, 0.0527, 0.0528, 0.0524, 0.0525,
         0.0524],
        [0.0528, 0.0526, 0.0525, 0.0527, 0.0527, 0.0528, 0.0526, 0.0526, 0.0528,
         0.0525, 0.0528, 0.0526, 0.0528, 0.0524, 0.0527, 0.0528, 0.0524, 0.0525,
         0.0524],
        [0.0528, 0.0526, 0.0525, 0.0527, 0.0527, 0.0528, 0.0526, 0.0526, 0.0528,
         0.0525, 0.0528, 0.0526, 0.0528, 0.0524, 0.0527, 0.0528, 0.0524, 0.0525,
         0.0524],
        [0.0528, 0.0526, 0.0525, 0.0527, 0.0527, 0.0528, 0.0526, 0.0526, 0.0528,
         0.0525, 0.0528, 0.0526, 0.0528, 0.0524, 0.0527, 0.0528, 0.0524, 0.0525,
         0.0524]], device='cuda:0', grad_fn=<SliceBackward0>)
pt values at epoch 3: tensor([0.0528, 0.0528, 0.0528, 0.0528, 0.0528], device='cuda:2',
       grad_fn=<SliceBackward0>)
pt values at epoch 3: tensor([0.0528, 0.0528, 0.0528, 0.0528, 0.0528], device='cuda:3',
       grad_fn=<SliceBackward0>)
pt values at epoch 3: tensor([0.0528, 0.0528, 0.0528, 0.0528, 0.0528], device='cuda:1',
       grad_fn=<SliceBackward0>)
pt values at epoch 3: tensor([0.0528, 0.0528, 0.0528, 0.0528, 0.0528], device='cuda:0',
       grad_fn=<SliceBackward0>)
Layer conv1.att_src grad: 2.4304721590044566e-20Layer conv1.att_src grad: 2.4304721590044566e-20Layer conv1.att_src grad: 2.4304721590044566e-20Layer conv1.att_src grad: 2.4304721590044566e-20



Layer conv1.att_dst grad: 3.1646981078837677e-21
Layer conv1.att_dst grad: 3.1646981078837677e-21Layer conv1.att_dst grad: 3.1646981078837677e-21
Layer conv1.att_dst grad: 3.1646981078837677e-21

Layer conv1.bias grad: 5.421757098454053e-15
Layer conv1.bias grad: 5.421757098454053e-15
Layer conv1.bias grad: 5.421757098454053e-15
Layer conv1.bias grad: 5.421757098454053e-15
Layer conv1.lin.weight grad: 3.4334433930140965e-15
Layer conv1.lin.weight grad: 3.4334433930140965e-15
Layer conv1.lin.weight grad: 3.4334433930140965e-15
Layer conv1.lin.weight grad: 3.4334433930140965e-15
Layer conv2.att_src grad: 1.0794690837945672e-21
Layer conv2.att_src grad: 1.0794690837945672e-21
Layer conv2.att_src grad: 1.0794690837945672e-21
Layer conv2.att_dst grad: 4.561879368777836e-22
Layer conv2.att_src grad: 1.0794690837945672e-21
Layer conv2.att_dst grad: 4.561879368777836e-22
Layer conv2.att_dst grad: 4.561879368777836e-22
Layer conv2.bias grad: 1.3346416257321164e-13
Layer conv2.att_dst grad: 4.561879368777836e-22Layer conv2.bias grad: 1.3346416257321164e-13

Layer conv2.bias grad: 1.3346416257321164e-13
Layer conv2.lin.weight grad: 4.293743417321241e-16
Layer conv2.bias grad: 1.3346416257321164e-13
Layer conv2.lin.weight grad: 4.293743417321241e-16
Layer conv2.lin.weight grad: 4.293743417321241e-16
Layer conv3.att_src grad: 1.1686546432694298e-21
Layer conv3.att_src grad: 1.1686546432694298e-21
Layer conv2.lin.weight grad: 4.293743417321241e-16
Layer conv3.att_src grad: 1.1686546432694298e-21
Layer conv3.att_dst grad: 4.559864933570264e-22
Layer conv3.att_dst grad: 4.559864933570264e-22
Layer conv3.att_dst grad: 4.559864933570264e-22
Layer conv3.att_src grad: 1.1686546432694298e-21Layer conv3.bias grad: 5.785323609064363e-12

Layer conv3.bias grad: 5.785323609064363e-12
Layer conv3.bias grad: 5.785323609064363e-12
Layer conv3.att_dst grad: 4.559864933570264e-22
Layer conv3.lin.weight grad: 1.7219667362746837e-15
Layer conv3.lin.weight grad: 1.7219667362746837e-15
Layer conv3.lin.weight grad: 1.7219667362746837e-15
Layer conv3.bias grad: 5.785323609064363e-12
Layer conv4.att_src grad: 3.735996779512695e-20
Layer conv4.att_src grad: 3.735996779512695e-20
Layer conv4.att_src grad: 3.735996779512695e-20
Layer conv4.att_dst grad: 9.590481463749688e-21
Layer conv4.att_dst grad: 9.590481463749688e-21
Layer conv3.lin.weight grad: 1.7219667362746837e-15
Layer conv4.att_dst grad: 9.590481463749688e-21
Layer conv4.bias grad: 2.0549632828714692e-10
Layer conv4.bias grad: 2.0549632828714692e-10
Layer conv4.bias grad: 2.0549632828714692e-10
Layer conv4.att_src grad: 3.735996779512695e-20
Layer conv4.lin.weight grad: 6.646542853854659e-14
Layer conv4.lin.weight grad: 6.646542853854659e-14
Layer conv4.lin.weight grad: 6.646542853854659e-14
Layer conv4.att_dst grad: 9.590481463749688e-21
Layer fc.weight grad: 1.2076642637304236e-11
Layer fc.weight grad: 1.2076642637304236e-11
Layer fc.weight grad: 1.2076642637304236e-11
Layer conv4.bias grad: 2.0549632828714692e-10
Layer fc.bias grad: 4.1675139783592385e-08
Layer fc.bias grad: 4.1675139783592385e-08
Layer fc.bias grad: 4.1675139783592385e-08
Layer conv4.lin.weight grad: 6.646542853854659e-14
Layer fc.weight grad: 1.2076642637304236e-11
Layer fc.bias grad: 4.1675139783592385e-08
Softmax output at epoch 3: tensor([[0.0528, 0.0526, 0.0526, 0.0527, 0.0527, 0.0528, 0.0527, 0.0525, 0.0527,
         0.0526, 0.0528, 0.0526, 0.0527, 0.0524, 0.0527, 0.0527, 0.0524, 0.0526,
         0.0525],
        [0.0528, 0.0526, 0.0526, 0.0527, 0.0527, 0.0528, 0.0527, 0.0525, 0.0527,
         0.0526, 0.0528, 0.0526, 0.0527, 0.0524, 0.0527, 0.0527, 0.0524, 0.0526,
         0.0525],
        [0.0528, 0.0526, 0.0526, 0.0527, 0.0527, 0.0528, 0.0527, 0.0525, 0.0527,
         0.0526, 0.0528, 0.0526, 0.0527, 0.0524, 0.0527, 0.0527, 0.0524, 0.0526,
         0.0525],
        [0.0528, 0.0526, 0.0526, 0.0527, 0.0527, 0.0528, 0.0527, 0.0525, 0.0527,
         0.0526, 0.0528, 0.0526, 0.0527, 0.0524, 0.0527, 0.0527, 0.0524, 0.0526,
         0.0525],
        [0.0528, 0.0526, 0.0526, 0.0527, 0.0527, 0.0528, 0.0527, 0.0525, 0.0527,
         0.0526, 0.0528, 0.0526, 0.0527, 0.0524, 0.0527, 0.0527, 0.0524, 0.0526,
         0.0525]], device='cuda:2', grad_fn=<SliceBackward0>)
Softmax output at epoch 3: tensor([[0.0528, 0.0526, 0.0526, 0.0527, 0.0527, 0.0528, 0.0527, 0.0525, 0.0527,
         0.0526, 0.0528, 0.0526, 0.0527, 0.0524, 0.0527, 0.0527, 0.0524, 0.0526,
         0.0525],
        [0.0528, 0.0526, 0.0526, 0.0527, 0.0527, 0.0528, 0.0527, 0.0525, 0.0527,
         0.0526, 0.0528, 0.0526, 0.0527, 0.0524, 0.0527, 0.0527, 0.0524, 0.0526,
         0.0525],
        [0.0528, 0.0526, 0.0526, 0.0527, 0.0527, 0.0528, 0.0527, 0.0525, 0.0527,
         0.0526, 0.0528, 0.0526, 0.0527, 0.0524, 0.0527, 0.0527, 0.0524, 0.0526,
         0.0525],
        [0.0528, 0.0526, 0.0526, 0.0527, 0.0527, 0.0528, 0.0527, 0.0525, 0.0527,
         0.0526, 0.0528, 0.0526, 0.0527, 0.0524, 0.0527, 0.0527, 0.0524, 0.0526,
         0.0525],
        [0.0528, 0.0526, 0.0526, 0.0527, 0.0527, 0.0528, 0.0527, 0.0525, 0.0527,
         0.0526, 0.0528, 0.0526, 0.0527, 0.0524, 0.0527, 0.0527, 0.0524, 0.0526,
         0.0525]], device='cuda:0', grad_fn=<SliceBackward0>)
Softmax output at epoch 3: tensor([[0.0528, 0.0526, 0.0526, 0.0527, 0.0527, 0.0528, 0.0527, 0.0525, 0.0527,
         0.0526, 0.0528, 0.0526, 0.0527, 0.0524, 0.0527, 0.0527, 0.0524, 0.0526,
         0.0525],
        [0.0528, 0.0526, 0.0526, 0.0527, 0.0527, 0.0528, 0.0527, 0.0525, 0.0527,
         0.0526, 0.0528, 0.0526, 0.0527, 0.0524, 0.0527, 0.0527, 0.0524, 0.0526,
         0.0525],
        [0.0528, 0.0526, 0.0526, 0.0527, 0.0527, 0.0528, 0.0527, 0.0525, 0.0527,
         0.0526, 0.0528, 0.0526, 0.0527, 0.0524, 0.0527, 0.0527, 0.0524, 0.0526,
         0.0525],
        [0.0528, 0.0526, 0.0526, 0.0527, 0.0527, 0.0528, 0.0527, 0.0525, 0.0527,
         0.0526, 0.0528, 0.0526, 0.0527, 0.0524, 0.0527, 0.0527, 0.0524, 0.0526,
         0.0525],
        [0.0528, 0.0526, 0.0526, 0.0527, 0.0527, 0.0528, 0.0527, 0.0525, 0.0527,
         0.0526, 0.0528, 0.0526, 0.0527, 0.0524, 0.0527, 0.0527, 0.0524, 0.0526,
         0.0525]], device='cuda:1', grad_fn=<SliceBackward0>)
pt values at epoch 3: tensor([0.0528, 0.0528, 0.0528, 0.0528, 0.0528], device='cuda:2',
       grad_fn=<SliceBackward0>)
pt values at epoch 3: tensor([0.0528, 0.0528, 0.0528, 0.0528, 0.0528], device='cuda:0',
       grad_fn=<SliceBackward0>)pt values at epoch 3: tensor([0.0528, 0.0528, 0.0528, 0.0528, 0.0528], device='cuda:1',
       grad_fn=<SliceBackward0>)
Softmax output at epoch 3: tensor([[0.0528, 0.0526, 0.0526, 0.0527, 0.0527, 0.0528, 0.0527, 0.0525, 0.0527,
         0.0526, 0.0528, 0.0526, 0.0527, 0.0524, 0.0527, 0.0527, 0.0524, 0.0526,
         0.0525],
        [0.0528, 0.0526, 0.0526, 0.0527, 0.0527, 0.0528, 0.0527, 0.0525, 0.0527,
         0.0526, 0.0528, 0.0526, 0.0527, 0.0524, 0.0527, 0.0527, 0.0524, 0.0526,
         0.0525],
        [0.0528, 0.0526, 0.0526, 0.0527, 0.0527, 0.0528, 0.0527, 0.0525, 0.0527,
         0.0526, 0.0528, 0.0526, 0.0527, 0.0524, 0.0527, 0.0527, 0.0524, 0.0526,
         0.0525],
        [0.0528, 0.0526, 0.0526, 0.0527, 0.0527, 0.0528, 0.0527, 0.0525, 0.0527,
         0.0526, 0.0528, 0.0526, 0.0527, 0.0524, 0.0527, 0.0527, 0.0524, 0.0526,
         0.0525],
        [0.0528, 0.0526, 0.0526, 0.0527, 0.0527, 0.0528, 0.0527, 0.0525, 0.0527,
         0.0526, 0.0528, 0.0526, 0.0527, 0.0524, 0.0527, 0.0527, 0.0524, 0.0526,
         0.0525]], device='cuda:3', grad_fn=<SliceBackward0>)

pt values at epoch 3: tensor([0.0528, 0.0528, 0.0528, 0.0528, 0.0528], device='cuda:3',
       grad_fn=<SliceBackward0>)
Layer conv1.att_src grad: 3.408094952995859e-20Layer conv1.att_src grad: 3.408094952995859e-20Layer conv1.att_src grad: 3.408094952995859e-20


Layer conv1.att_dst grad: 1.4994535810244405e-21
Layer conv1.att_dst grad: 1.4994535810244405e-21Layer conv1.att_dst grad: 1.4994535810244405e-21

Layer conv1.bias grad: 1.0201379366627569e-14
Layer conv1.bias grad: 1.0201379366627569e-14Layer conv1.bias grad: 1.0201379366627569e-14

Layer conv1.lin.weight grad: 6.09604826402768e-15
Layer conv2.att_src grad: 1.7722653604987975e-21
Layer conv1.lin.weight grad: 6.09604826402768e-15Layer conv1.lin.weight grad: 6.09604826402768e-15

Layer conv2.att_dst grad: 7.804520771116883e-22
Layer conv2.bias grad: 3.423816135120217e-13
Layer conv2.att_src grad: 1.7722653604987975e-21Layer conv2.att_src grad: 1.7722653604987975e-21

Layer conv2.lin.weight grad: 1.0157472990290168e-15
Layer conv2.att_dst grad: 7.804520771116883e-22Layer conv2.att_dst grad: 7.804520771116883e-22

Layer conv3.att_src grad: 1.253684508739137e-21
Layer conv2.bias grad: 3.423816135120217e-13Layer conv2.bias grad: 3.423816135120217e-13
Layer conv3.att_dst grad: 3.9034852025543237e-22

Layer conv3.bias grad: 1.6435703492634346e-11
Layer conv2.lin.weight grad: 1.0157472990290168e-15
Layer conv2.lin.weight grad: 1.0157472990290168e-15
Layer conv1.att_src grad: 3.408094952995859e-20
Layer conv3.lin.weight grad: 3.2433429416288666e-15
Layer conv3.att_src grad: 1.253684508739137e-21Layer conv4.att_src grad: 2.62460514798083e-20

Layer conv3.att_src grad: 1.253684508739137e-21
Layer conv1.att_dst grad: 1.4994535810244405e-21
Layer conv4.att_dst grad: 8.878808061127881e-21
Layer conv3.att_dst grad: 3.9034852025543237e-22
Layer conv3.att_dst grad: 3.9034852025543237e-22
Layer conv1.bias grad: 1.0201379366627569e-14
Layer conv4.bias grad: 8.021292519089229e-10
Layer conv3.bias grad: 1.6435703492634346e-11
Layer conv3.bias grad: 1.6435703492634346e-11
Layer conv4.lin.weight grad: 1.364247934456178e-13Layer conv1.lin.weight grad: 6.09604826402768e-15

Layer fc.weight grad: 2.5187518737368464e-11Layer conv3.lin.weight grad: 3.2433429416288666e-15

Layer conv3.lin.weight grad: 3.2433429416288666e-15Layer conv2.att_src grad: 1.7722653604987975e-21

Layer fc.bias grad: 1.3215431238222664e-07
Layer conv4.att_src grad: 2.62460514798083e-20Layer conv2.att_dst grad: 7.804520771116883e-22

Layer conv4.att_src grad: 2.62460514798083e-20
Layer conv2.bias grad: 3.423816135120217e-13Layer conv4.att_dst grad: 8.878808061127881e-21

Layer conv4.att_dst grad: 8.878808061127881e-21
Layer conv4.bias grad: 8.021292519089229e-10
Layer conv2.lin.weight grad: 1.0157472990290168e-15Layer conv4.bias grad: 8.021292519089229e-10

Layer conv4.lin.weight grad: 1.364247934456178e-13Layer conv3.att_src grad: 1.253684508739137e-21

Layer conv4.lin.weight grad: 1.364247934456178e-13
Layer conv3.att_dst grad: 3.9034852025543237e-22
Layer fc.weight grad: 2.5187518737368464e-11
Layer fc.weight grad: 2.5187518737368464e-11
Layer conv3.bias grad: 1.6435703492634346e-11
Layer fc.bias grad: 1.3215431238222664e-07Layer fc.bias grad: 1.3215431238222664e-07

Layer conv3.lin.weight grad: 3.2433429416288666e-15
Layer conv4.att_src grad: 2.62460514798083e-20
Layer conv4.att_dst grad: 8.878808061127881e-21
Layer conv4.bias grad: 8.021292519089229e-10
Layer conv4.lin.weight grad: 1.364247934456178e-13
Layer fc.weight grad: 2.5187518737368464e-11
Layer fc.bias grad: 1.3215431238222664e-07
Precision: 0.9864, Recall: 0.9932, F1-Score: 0.9897
Fold 2, Epoch 3, Train Loss: 0.0000, Val Loss: 0.0000, Val Acc: 0.9932
Completed Fold 2
Starting Fold 3
Class weights: [2.12621917e-07 5.26315789e-04 5.47945205e-04 5.40540541e-04
 6.06060606e-04 5.55555556e-04 5.97014925e-04 5.79710145e-04
 5.06329114e-04 5.19480519e-04 5.55555556e-04 5.79710145e-04
 6.06060606e-04 5.40540541e-04 5.33333333e-04 5.97014925e-04
 5.47945205e-04 5.26315789e-04 5.63380282e-04]
Class weights:Class weights:  [2.12621917e-07 5.26315789e-04 5.47945205e-04 5.40540541e-04
 6.06060606e-04 5.55555556e-04 5.97014925e-04 5.79710145e-04
 5.06329114e-04 5.19480519e-04 5.55555556e-04 5.79710145e-04
 6.06060606e-04 5.40540541e-04 5.33333333e-04 5.97014925e-04
 5.47945205e-04 5.26315789e-04 5.63380282e-04][2.12621917e-07 5.26315789e-04 5.47945205e-04 5.40540541e-04
 6.06060606e-04 5.55555556e-04 5.97014925e-04 5.79710145e-04
 5.06329114e-04 5.19480519e-04 5.55555556e-04 5.79710145e-04
 6.06060606e-04 5.40540541e-04 5.33333333e-04 5.97014925e-04
 5.47945205e-04 5.26315789e-04 5.63380282e-04]

Class weights: [2.12621917e-07 5.26315789e-04 5.47945205e-04 5.40540541e-04
 6.06060606e-04 5.55555556e-04 5.97014925e-04 5.79710145e-04
 5.06329114e-04 5.19480519e-04 5.55555556e-04 5.79710145e-04
 6.06060606e-04 5.40540541e-04 5.33333333e-04 5.97014925e-04
 5.47945205e-04 5.26315789e-04 5.63380282e-04]
Class weights: [8.50487670e-07 2.85714286e-03 2.35294118e-03 2.50000000e-03
 1.66666667e-03 2.22222222e-03 1.73913043e-03 1.90476190e-03
 3.63636364e-03 3.07692308e-03 2.22222222e-03 1.90476190e-03
 1.66666667e-03 2.50000000e-03 2.66666667e-03 1.73913043e-03
 2.35294118e-03 2.85714286e-03 2.10526316e-03]
Class weights: Class weights: [8.50487670e-07 2.85714286e-03 2.35294118e-03 2.50000000e-03
 1.66666667e-03 2.22222222e-03 1.73913043e-03 1.90476190e-03
 3.63636364e-03 3.07692308e-03 2.22222222e-03 1.90476190e-03
 1.66666667e-03 2.50000000e-03 2.66666667e-03 1.73913043e-03
 2.35294118e-03 2.85714286e-03 2.10526316e-03]
[8.50487670e-07 2.85714286e-03 2.35294118e-03 2.50000000e-03
 1.66666667e-03 2.22222222e-03 1.73913043e-03 1.90476190e-03
 3.63636364e-03 3.07692308e-03 2.22222222e-03 1.90476190e-03
 1.66666667e-03 2.50000000e-03 2.66666667e-03 1.73913043e-03
 2.35294118e-03 2.85714286e-03 2.10526316e-03]
Class weights: [8.50487670e-07 2.85714286e-03 2.35294118e-03 2.50000000e-03
 1.66666667e-03 2.22222222e-03 1.73913043e-03 1.90476190e-03
 3.63636364e-03 3.07692308e-03 2.22222222e-03 1.90476190e-03
 1.66666667e-03 2.50000000e-03 2.66666667e-03 1.73913043e-03
 2.35294118e-03 2.85714286e-03 2.10526316e-03]
Softmax output at epoch 1: tensor([[0.0528, 0.0526, 0.0526, 0.0526, 0.0527, 0.0527, 0.0527, 0.0525, 0.0527,
         0.0527, 0.0527, 0.0526, 0.0527, 0.0525, 0.0526, 0.0527, 0.0525, 0.0526,
         0.0526],
        [0.0528, 0.0526, 0.0526, 0.0526, 0.0527, 0.0527, 0.0527, 0.0525, 0.0527,
         0.0527, 0.0527, 0.0526, 0.0527, 0.0525, 0.0526, 0.0527, 0.0525, 0.0526,
         0.0526],
        [0.0528, 0.0526, 0.0526, 0.0526, 0.0527, 0.0527, 0.0527, 0.0525, 0.0527,
         0.0527, 0.0527, 0.0526, 0.0527, 0.0525, 0.0526, 0.0527, 0.0525, 0.0526,
         0.0526],
        [0.0528, 0.0526, 0.0526, 0.0526, 0.0527, 0.0527, 0.0527, 0.0525, 0.0527,
         0.0527, 0.0527, 0.0526, 0.0527, 0.0525, 0.0526, 0.0527, 0.0525, 0.0526,
         0.0526],
        [0.0528, 0.0526, 0.0526, 0.0526, 0.0527, 0.0527, 0.0527, 0.0525, 0.0527,
         0.0527, 0.0527, 0.0526, 0.0527, 0.0525, 0.0526, 0.0527, 0.0525, 0.0526,
         0.0526]], device='cuda:2', grad_fn=<SliceBackward0>)
Softmax output at epoch 1: tensor([[0.0528, 0.0526, 0.0526, 0.0526, 0.0527, 0.0527, 0.0527, 0.0525, 0.0527,
         0.0527, 0.0527, 0.0526, 0.0527, 0.0525, 0.0526, 0.0527, 0.0525, 0.0526,
         0.0526],
        [0.0528, 0.0526, 0.0526, 0.0526, 0.0527, 0.0527, 0.0527, 0.0525, 0.0527,
         0.0527, 0.0527, 0.0526, 0.0527, 0.0525, 0.0526, 0.0527, 0.0525, 0.0526,
         0.0526],
        [0.0528, 0.0526, 0.0526, 0.0526, 0.0527, 0.0527, 0.0527, 0.0525, 0.0527,
         0.0527, 0.0527, 0.0526, 0.0527, 0.0525, 0.0526, 0.0527, 0.0525, 0.0526,
         0.0526],
        [0.0528, 0.0526, 0.0526, 0.0526, 0.0527, 0.0527, 0.0527, 0.0525, 0.0527,
         0.0527, 0.0527, 0.0526, 0.0527, 0.0525, 0.0526, 0.0527, 0.0525, 0.0526,
         0.0526],
        [0.0528, 0.0526, 0.0526, 0.0526, 0.0527, 0.0527, 0.0527, 0.0525, 0.0527,
         0.0527, 0.0527, 0.0526, 0.0527, 0.0525, 0.0526, 0.0527, 0.0525, 0.0526,
         0.0526]], device='cuda:0', grad_fn=<SliceBackward0>)
pt values at epoch 1: tensor([0.0528, 0.0528, 0.0528, 0.0528, 0.0528], device='cuda:2',
       grad_fn=<SliceBackward0>)
pt values at epoch 1: tensor([0.0528, 0.0528, 0.0528, 0.0528, 0.0528], device='cuda:0',
       grad_fn=<SliceBackward0>)
Softmax output at epoch 1: tensor([[0.0528, 0.0526, 0.0526, 0.0526, 0.0527, 0.0527, 0.0527, 0.0525, 0.0527,
         0.0527, 0.0527, 0.0526, 0.0527, 0.0525, 0.0526, 0.0527, 0.0525, 0.0526,
         0.0526],
        [0.0528, 0.0526, 0.0526, 0.0526, 0.0527, 0.0527, 0.0527, 0.0525, 0.0527,
         0.0527, 0.0527, 0.0526, 0.0527, 0.0525, 0.0526, 0.0527, 0.0525, 0.0526,
         0.0526],
        [0.0528, 0.0526, 0.0526, 0.0526, 0.0527, 0.0527, 0.0527, 0.0525, 0.0527,
         0.0527, 0.0527, 0.0526, 0.0527, 0.0525, 0.0526, 0.0527, 0.0525, 0.0526,
         0.0526],
        [0.0528, 0.0526, 0.0526, 0.0526, 0.0527, 0.0527, 0.0527, 0.0525, 0.0527,
         0.0527, 0.0527, 0.0526, 0.0527, 0.0525, 0.0526, 0.0527, 0.0525, 0.0526,
         0.0526],
        [0.0528, 0.0526, 0.0526, 0.0526, 0.0527, 0.0527, 0.0527, 0.0525, 0.0527,
         0.0527, 0.0527, 0.0526, 0.0527, 0.0525, 0.0526, 0.0527, 0.0525, 0.0526,
         0.0526]], device='cuda:3', grad_fn=<SliceBackward0>)
Softmax output at epoch 1: tensor([[0.0528, 0.0526, 0.0526, 0.0526, 0.0527, 0.0527, 0.0527, 0.0525, 0.0527,
         0.0527, 0.0527, 0.0526, 0.0527, 0.0525, 0.0526, 0.0527, 0.0525, 0.0526,
         0.0526],
        [0.0528, 0.0526, 0.0526, 0.0526, 0.0527, 0.0527, 0.0527, 0.0525, 0.0527,
         0.0527, 0.0527, 0.0526, 0.0527, 0.0525, 0.0526, 0.0527, 0.0525, 0.0526,
         0.0526],
        [0.0528, 0.0526, 0.0526, 0.0526, 0.0527, 0.0527, 0.0527, 0.0525, 0.0527,
         0.0527, 0.0527, 0.0526, 0.0527, 0.0525, 0.0526, 0.0527, 0.0525, 0.0526,
         0.0526],
        [0.0528, 0.0526, 0.0526, 0.0526, 0.0527, 0.0527, 0.0527, 0.0525, 0.0527,
         0.0527, 0.0527, 0.0526, 0.0527, 0.0525, 0.0526, 0.0527, 0.0525, 0.0526,
         0.0526],
        [0.0528, 0.0526, 0.0526, 0.0526, 0.0527, 0.0527, 0.0527, 0.0525, 0.0527,
         0.0527, 0.0527, 0.0526, 0.0527, 0.0525, 0.0526, 0.0527, 0.0525, 0.0526,
         0.0526]], device='cuda:1', grad_fn=<SliceBackward0>)
pt values at epoch 1: tensor([0.0528, 0.0528, 0.0528, 0.0528, 0.0528], device='cuda:3',
       grad_fn=<SliceBackward0>)
pt values at epoch 1: tensor([0.0528, 0.0528, 0.0528, 0.0528, 0.0528], device='cuda:1',
       grad_fn=<SliceBackward0>)
Layer conv1.att_src grad: 1.97992868977313e-20Layer conv1.att_src grad: 1.97992868977313e-20Layer conv1.att_src grad: 1.97992868977313e-20
Layer conv1.att_src grad: 1.97992868977313e-20


Layer conv1.att_dst grad: 1.6496654201272005e-21Layer conv1.att_dst grad: 1.6496654201272005e-21Layer conv1.att_dst grad: 1.6496654201272005e-21Layer conv1.att_dst grad: 1.6496654201272005e-21



Layer conv1.bias grad: 1.2984765206688984e-15Layer conv1.bias grad: 1.2984765206688984e-15
Layer conv1.bias grad: 1.2984765206688984e-15Layer conv1.bias grad: 1.2984765206688984e-15


Layer conv1.lin.weight grad: 7.745253917221153e-16
Layer conv1.lin.weight grad: 7.745253917221153e-16
Layer conv1.lin.weight grad: 7.745253917221153e-16Layer conv1.lin.weight grad: 7.745253917221153e-16

Layer conv2.att_src grad: 2.0038273634254326e-22
Layer conv2.att_src grad: 2.0038273634254326e-22Layer conv2.att_src grad: 2.0038273634254326e-22
Layer conv2.att_src grad: 2.0038273634254326e-22

Layer conv2.att_dst grad: 1.0414768862668502e-22
Layer conv2.att_dst grad: 1.0414768862668502e-22Layer conv2.att_dst grad: 1.0414768862668502e-22
Layer conv2.att_dst grad: 1.0414768862668502e-22

Layer conv2.bias grad: 4.3153662202888646e-14
Layer conv2.bias grad: 4.3153662202888646e-14
Layer conv2.bias grad: 4.3153662202888646e-14Layer conv2.bias grad: 4.3153662202888646e-14

Layer conv2.lin.weight grad: 1.4668125134139883e-16
Layer conv2.lin.weight grad: 1.4668125134139883e-16
Layer conv2.lin.weight grad: 1.4668125134139883e-16Layer conv2.lin.weight grad: 1.4668125134139883e-16

Layer conv3.att_src grad: 6.347385374606646e-22
Layer conv3.att_src grad: 6.347385374606646e-22
Layer conv3.att_src grad: 6.347385374606646e-22Layer conv3.att_src grad: 6.347385374606646e-22

Layer conv3.att_dst grad: 7.085105626410756e-23
Layer conv3.att_dst grad: 7.085105626410756e-23
Layer conv3.att_dst grad: 7.085105626410756e-23Layer conv3.att_dst grad: 7.085105626410756e-23

Layer conv3.bias grad: 2.3366311056177702e-12
Layer conv3.bias grad: 2.3366311056177702e-12
Layer conv3.bias grad: 2.3366311056177702e-12Layer conv3.bias grad: 2.3366311056177702e-12

Layer conv3.lin.weight grad: 1.0811117727774471e-15
Layer conv3.lin.weight grad: 1.0811117727774471e-15
Layer conv3.lin.weight grad: 1.0811117727774471e-15Layer conv3.lin.weight grad: 1.0811117727774471e-15

Layer conv4.att_src grad: 2.217286389399374e-20
Layer conv4.att_src grad: 2.217286389399374e-20
Layer conv4.att_src grad: 2.217286389399374e-20Layer conv4.att_src grad: 2.217286389399374e-20Layer conv4.att_dst grad: 9.034757455988269e-21


Layer conv4.att_dst grad: 9.034757455988269e-21
Layer conv4.att_dst grad: 9.034757455988269e-21Layer conv4.att_dst grad: 9.034757455988269e-21Layer conv4.bias grad: 1.1418715972766336e-10


Layer conv4.bias grad: 1.1418715972766336e-10
Layer conv4.bias grad: 1.1418715972766336e-10Layer conv4.bias grad: 1.1418715972766336e-10

Layer conv4.lin.weight grad: 4.7496539036864793e-14
Layer conv4.lin.weight grad: 4.7496539036864793e-14
Layer conv4.lin.weight grad: 4.7496539036864793e-14Layer conv4.lin.weight grad: 4.7496539036864793e-14

Layer fc.weight grad: 1.5146953136202512e-11Layer fc.weight grad: 1.5146953136202512e-11

Layer fc.weight grad: 1.5146953136202512e-11Layer fc.weight grad: 1.5146953136202512e-11
Layer fc.bias grad: 3.11660457441576e-08
Layer fc.bias grad: 3.11660457441576e-08

Layer fc.bias grad: 3.11660457441576e-08
Layer fc.bias grad: 3.11660457441576e-08
Softmax output at epoch 1: tensor([[0.0526, 0.0529, 0.0525, 0.0525, 0.0525, 0.0525, 0.0525, 0.0528, 0.0525,
         0.0525, 0.0525, 0.0529, 0.0525, 0.0528, 0.0529, 0.0525, 0.0528, 0.0525,
         0.0529],
        [0.0526, 0.0529, 0.0525, 0.0525, 0.0525, 0.0525, 0.0525, 0.0528, 0.0525,
         0.0525, 0.0525, 0.0529, 0.0525, 0.0528, 0.0529, 0.0525, 0.0528, 0.0525,
         0.0529],
        [0.0526, 0.0529, 0.0525, 0.0525, 0.0525, 0.0525, 0.0525, 0.0528, 0.0525,
         0.0525, 0.0525, 0.0529, 0.0525, 0.0528, 0.0529, 0.0525, 0.0528, 0.0525,
         0.0529],
        [0.0526, 0.0529, 0.0525, 0.0525, 0.0525, 0.0525, 0.0525, 0.0528, 0.0525,
         0.0525, 0.0525, 0.0529, 0.0525, 0.0528, 0.0529, 0.0525, 0.0528, 0.0525,
         0.0529],
        [0.0526, 0.0529, 0.0525, 0.0525, 0.0525, 0.0525, 0.0525, 0.0528, 0.0525,
         0.0525, 0.0525, 0.0529, 0.0525, 0.0528, 0.0529, 0.0525, 0.0528, 0.0525,
         0.0529]], device='cuda:2', grad_fn=<SliceBackward0>)
Softmax output at epoch 1: tensor([[0.0526, 0.0529, 0.0525, 0.0525, 0.0525, 0.0525, 0.0525, 0.0528, 0.0525,
         0.0525, 0.0525, 0.0529, 0.0525, 0.0528, 0.0529, 0.0525, 0.0528, 0.0525,
         0.0529],
        [0.0526, 0.0529, 0.0525, 0.0525, 0.0525, 0.0525, 0.0525, 0.0528, 0.0525,
         0.0525, 0.0525, 0.0529, 0.0525, 0.0528, 0.0529, 0.0525, 0.0528, 0.0525,
         0.0529],
        [0.0526, 0.0529, 0.0525, 0.0525, 0.0525, 0.0525, 0.0525, 0.0528, 0.0525,
         0.0525, 0.0525, 0.0529, 0.0525, 0.0528, 0.0529, 0.0525, 0.0528, 0.0525,
         0.0529],
        [0.0526, 0.0529, 0.0525, 0.0525, 0.0525, 0.0525, 0.0525, 0.0528, 0.0525,
         0.0525, 0.0525, 0.0529, 0.0525, 0.0528, 0.0529, 0.0525, 0.0528, 0.0525,
         0.0529],
        [0.0526, 0.0529, 0.0525, 0.0525, 0.0525, 0.0525, 0.0525, 0.0528, 0.0525,
         0.0525, 0.0525, 0.0529, 0.0525, 0.0528, 0.0529, 0.0525, 0.0528, 0.0525,
         0.0529]], device='cuda:3', grad_fn=<SliceBackward0>)
pt values at epoch 1: tensor([0.0526, 0.0526, 0.0526, 0.0526, 0.0526], device='cuda:2',
       grad_fn=<SliceBackward0>)
Softmax output at epoch 1: tensor([[0.0526, 0.0529, 0.0525, 0.0525, 0.0525, 0.0525, 0.0525, 0.0528, 0.0525,
         0.0525, 0.0525, 0.0529, 0.0525, 0.0528, 0.0529, 0.0525, 0.0528, 0.0525,
         0.0529],
        [0.0526, 0.0529, 0.0525, 0.0525, 0.0525, 0.0525, 0.0525, 0.0528, 0.0525,
         0.0525, 0.0525, 0.0529, 0.0525, 0.0528, 0.0529, 0.0525, 0.0528, 0.0525,
         0.0529],
        [0.0526, 0.0529, 0.0525, 0.0525, 0.0525, 0.0525, 0.0525, 0.0528, 0.0525,
         0.0525, 0.0525, 0.0529, 0.0525, 0.0528, 0.0529, 0.0525, 0.0528, 0.0525,
         0.0529],
        [0.0526, 0.0529, 0.0525, 0.0525, 0.0525, 0.0525, 0.0525, 0.0528, 0.0525,
         0.0525, 0.0525, 0.0529, 0.0525, 0.0528, 0.0529, 0.0525, 0.0528, 0.0525,
         0.0529],
        [0.0526, 0.0529, 0.0525, 0.0525, 0.0525, 0.0525, 0.0525, 0.0528, 0.0525,
         0.0525, 0.0525, 0.0529, 0.0525, 0.0528, 0.0529, 0.0525, 0.0528, 0.0525,
         0.0529]], device='cuda:0', grad_fn=<SliceBackward0>)
Softmax output at epoch 1: tensor([[0.0526, 0.0529, 0.0525, 0.0525, 0.0525, 0.0525, 0.0525, 0.0528, 0.0525,
         0.0525, 0.0525, 0.0529, 0.0525, 0.0528, 0.0529, 0.0525, 0.0528, 0.0525,
         0.0529],
        [0.0526, 0.0529, 0.0525, 0.0525, 0.0525, 0.0525, 0.0525, 0.0528, 0.0525,
         0.0525, 0.0525, 0.0529, 0.0525, 0.0528, 0.0529, 0.0525, 0.0528, 0.0525,
         0.0529],
        [0.0526, 0.0529, 0.0525, 0.0525, 0.0525, 0.0525, 0.0525, 0.0528, 0.0525,
         0.0525, 0.0525, 0.0529, 0.0525, 0.0528, 0.0529, 0.0525, 0.0528, 0.0525,
         0.0529],
        [0.0526, 0.0529, 0.0525, 0.0525, 0.0525, 0.0525, 0.0525, 0.0528, 0.0525,
         0.0525, 0.0525, 0.0529, 0.0525, 0.0528, 0.0529, 0.0525, 0.0528, 0.0525,
         0.0529],
        [0.0526, 0.0529, 0.0525, 0.0525, 0.0525, 0.0525, 0.0525, 0.0528, 0.0525,
         0.0525, 0.0525, 0.0529, 0.0525, 0.0528, 0.0529, 0.0525, 0.0528, 0.0525,
         0.0529]], device='cuda:1', grad_fn=<SliceBackward0>)
pt values at epoch 1: tensor([0.0526, 0.0526, 0.0526, 0.0526, 0.0526], device='cuda:3',
       grad_fn=<SliceBackward0>)
pt values at epoch 1: tensor([0.0526, 0.0526, 0.0526, 0.0526, 0.0526], device='cuda:0',
       grad_fn=<SliceBackward0>)
pt values at epoch 1: tensor([0.0526, 0.0526, 0.0526, 0.0526, 0.0526], device='cuda:1',
       grad_fn=<SliceBackward0>)
Layer conv1.att_src grad: 7.425140239672797e-20Layer conv1.att_src grad: 7.425140239672797e-20Layer conv1.att_src grad: 7.425140239672797e-20
Layer conv1.att_src grad: 7.425140239672797e-20


Layer conv1.att_dst grad: 3.308199323098156e-20
Layer conv1.att_dst grad: 3.308199323098156e-20
Layer conv1.att_dst grad: 3.308199323098156e-20
Layer conv1.att_dst grad: 3.308199323098156e-20
Layer conv1.bias grad: 3.6703729926245224e-14
Layer conv1.bias grad: 3.6703729926245224e-14
Layer conv1.bias grad: 3.6703729926245224e-14
Layer conv1.bias grad: 3.6703729926245224e-14
Layer conv1.lin.weight grad: 2.207856090335504e-14
Layer conv1.lin.weight grad: 2.207856090335504e-14
Layer conv1.lin.weight grad: 2.207856090335504e-14Layer conv1.lin.weight grad: 2.207856090335504e-14

Layer conv2.att_src grad: 2.2576427866517316e-20
Layer conv2.att_src grad: 2.2576427866517316e-20
Layer conv2.att_dst grad: 9.789327928189193e-21
Layer conv2.att_src grad: 2.2576427866517316e-20Layer conv2.att_src grad: 2.2576427866517316e-20

Layer conv2.bias grad: 5.399570764466621e-13Layer conv2.att_dst grad: 9.789327928189193e-21

Layer conv2.att_dst grad: 9.789327928189193e-21Layer conv2.att_dst grad: 9.789327928189193e-21

Layer conv2.bias grad: 5.399570764466621e-13
Layer conv2.lin.weight grad: 1.631347339929156e-15
Layer conv2.bias grad: 5.399570764466621e-13Layer conv2.bias grad: 5.399570764466621e-13

Layer conv3.att_src grad: 2.671211767178078e-19
Layer conv2.lin.weight grad: 1.631347339929156e-15
Layer conv2.lin.weight grad: 1.631347339929156e-15Layer conv3.att_dst grad: 7.128759487490486e-20Layer conv2.lin.weight grad: 1.631347339929156e-15


Layer conv3.att_src grad: 2.671211767178078e-19
Layer conv3.bias grad: 1.3550782024251973e-11
Layer conv3.att_src grad: 2.671211767178078e-19Layer conv3.att_src grad: 2.671211767178078e-19

Layer conv3.att_dst grad: 7.128759487490486e-20
Layer conv3.lin.weight grad: 2.6412110210516024e-14
Layer conv3.att_dst grad: 7.128759487490486e-20Layer conv3.att_dst grad: 7.128759487490486e-20

Layer conv3.bias grad: 1.3550782024251973e-11
Layer conv4.att_src grad: 2.52768983044311e-18
Layer conv3.bias grad: 1.3550782024251973e-11Layer conv3.bias grad: 1.3550782024251973e-11

Layer conv3.lin.weight grad: 2.6412110210516024e-14
Layer conv4.att_dst grad: 8.622465564779522e-19
Layer conv3.lin.weight grad: 2.6412110210516024e-14Layer conv3.lin.weight grad: 2.6412110210516024e-14Layer conv4.bias grad: 2.803122733929797e-10


Layer conv4.att_src grad: 2.52768983044311e-18
Layer conv4.lin.weight grad: 5.977525332351297e-13Layer conv4.att_src grad: 2.52768983044311e-18
Layer conv4.att_src grad: 2.52768983044311e-18Layer conv4.att_dst grad: 8.622465564779522e-19


Layer fc.weight grad: 7.687059322414314e-11
Layer conv4.att_dst grad: 8.622465564779522e-19Layer conv4.att_dst grad: 8.622465564779522e-19
Layer conv4.bias grad: 2.803122733929797e-10

Layer fc.bias grad: 4.2378868414516546e-08
Layer conv4.bias grad: 2.803122733929797e-10Layer conv4.bias grad: 2.803122733929797e-10

Layer conv4.lin.weight grad: 5.977525332351297e-13
Layer conv4.lin.weight grad: 5.977525332351297e-13Layer conv4.lin.weight grad: 5.977525332351297e-13
Layer fc.weight grad: 7.687059322414314e-11

Layer fc.weight grad: 7.687059322414314e-11Layer fc.bias grad: 4.2378868414516546e-08
Layer fc.weight grad: 7.687059322414314e-11

Layer fc.bias grad: 4.2378868414516546e-08
Layer fc.bias grad: 4.2378868414516546e-08
Softmax output at epoch 1: tensor([[0.0525, 0.0527, 0.0526, 0.0526, 0.0526, 0.0526, 0.0526, 0.0527, 0.0526,
         0.0526, 0.0526, 0.0527, 0.0526, 0.0528, 0.0527, 0.0526, 0.0528, 0.0526,
         0.0527],
        [0.0525, 0.0527, 0.0526, 0.0526, 0.0526, 0.0526, 0.0526, 0.0527, 0.0526,
         0.0526, 0.0526, 0.0527, 0.0526, 0.0528, 0.0527, 0.0526, 0.0528, 0.0526,
         0.0527],
        [0.0525, 0.0527, 0.0526, 0.0526, 0.0526, 0.0526, 0.0526, 0.0527, 0.0526,
         0.0526, 0.0526, 0.0527, 0.0526, 0.0528, 0.0527, 0.0526, 0.0528, 0.0526,
         0.0527],
        [0.0525, 0.0527, 0.0526, 0.0526, 0.0526, 0.0526, 0.0526, 0.0527, 0.0526,
         0.0526, 0.0526, 0.0527, 0.0526, 0.0528, 0.0527, 0.0526, 0.0528, 0.0526,
         0.0527],
        [0.0525, 0.0527, 0.0526, 0.0526, 0.0526, 0.0526, 0.0526, 0.0527, 0.0526,
         0.0526, 0.0526, 0.0527, 0.0526, 0.0528, 0.0527, 0.0526, 0.0528, 0.0526,
         0.0527]], device='cuda:3', grad_fn=<SliceBackward0>)
pt values at epoch 1: tensor([0.0525, 0.0525, 0.0525, 0.0525, 0.0525], device='cuda:3',
       grad_fn=<SliceBackward0>)
Softmax output at epoch 1: tensor([[0.0525, 0.0527, 0.0526, 0.0526, 0.0526, 0.0526, 0.0526, 0.0527, 0.0526,
         0.0526, 0.0526, 0.0527, 0.0526, 0.0528, 0.0527, 0.0526, 0.0528, 0.0526,
         0.0527],
        [0.0525, 0.0527, 0.0526, 0.0526, 0.0526, 0.0526, 0.0526, 0.0527, 0.0526,
         0.0526, 0.0526, 0.0527, 0.0526, 0.0528, 0.0527, 0.0526, 0.0528, 0.0526,
         0.0527],
        [0.0525, 0.0527, 0.0526, 0.0526, 0.0526, 0.0526, 0.0526, 0.0527, 0.0526,
         0.0526, 0.0526, 0.0527, 0.0526, 0.0528, 0.0527, 0.0526, 0.0528, 0.0526,
         0.0527],
        [0.0525, 0.0527, 0.0526, 0.0526, 0.0526, 0.0526, 0.0526, 0.0527, 0.0526,
         0.0526, 0.0526, 0.0527, 0.0526, 0.0528, 0.0527, 0.0526, 0.0528, 0.0526,
         0.0527],
        [0.0525, 0.0527, 0.0526, 0.0526, 0.0526, 0.0526, 0.0526, 0.0527, 0.0526,
         0.0526, 0.0526, 0.0527, 0.0526, 0.0528, 0.0527, 0.0526, 0.0528, 0.0526,
         0.0527]], device='cuda:2', grad_fn=<SliceBackward0>)
Softmax output at epoch 1: tensor([[0.0525, 0.0527, 0.0526, 0.0526, 0.0526, 0.0526, 0.0526, 0.0527, 0.0526,
         0.0526, 0.0526, 0.0527, 0.0526, 0.0528, 0.0527, 0.0526, 0.0528, 0.0526,
         0.0527],
        [0.0525, 0.0527, 0.0526, 0.0526, 0.0526, 0.0526, 0.0526, 0.0527, 0.0526,
         0.0526, 0.0526, 0.0527, 0.0526, 0.0528, 0.0527, 0.0526, 0.0528, 0.0526,
         0.0527],
        [0.0525, 0.0527, 0.0526, 0.0526, 0.0526, 0.0526, 0.0526, 0.0527, 0.0526,
         0.0526, 0.0526, 0.0527, 0.0526, 0.0528, 0.0527, 0.0526, 0.0528, 0.0526,
         0.0527],
        [0.0525, 0.0527, 0.0526, 0.0526, 0.0526, 0.0526, 0.0526, 0.0527, 0.0526,
         0.0526, 0.0526, 0.0527, 0.0526, 0.0528, 0.0527, 0.0526, 0.0528, 0.0526,
         0.0527],
        [0.0525, 0.0527, 0.0526, 0.0526, 0.0526, 0.0526, 0.0526, 0.0527, 0.0526,
         0.0526, 0.0526, 0.0527, 0.0526, 0.0528, 0.0527, 0.0526, 0.0528, 0.0526,
         0.0527]], device='cuda:0', grad_fn=<SliceBackward0>)
Softmax output at epoch 1: tensor([[0.0525, 0.0527, 0.0526, 0.0526, 0.0526, 0.0526, 0.0526, 0.0527, 0.0526,
         0.0526, 0.0526, 0.0527, 0.0526, 0.0528, 0.0527, 0.0526, 0.0528, 0.0526,
         0.0527],
        [0.0525, 0.0527, 0.0526, 0.0526, 0.0526, 0.0526, 0.0526, 0.0527, 0.0526,
         0.0526, 0.0526, 0.0527, 0.0526, 0.0528, 0.0527, 0.0526, 0.0528, 0.0526,
         0.0527],
        [0.0525, 0.0527, 0.0526, 0.0526, 0.0526, 0.0526, 0.0526, 0.0527, 0.0526,
         0.0526, 0.0526, 0.0527, 0.0526, 0.0528, 0.0527, 0.0526, 0.0528, 0.0526,
         0.0527],
        [0.0525, 0.0527, 0.0526, 0.0526, 0.0526, 0.0526, 0.0526, 0.0527, 0.0526,
         0.0526, 0.0526, 0.0527, 0.0526, 0.0528, 0.0527, 0.0526, 0.0528, 0.0526,
         0.0527],
        [0.0525, 0.0527, 0.0526, 0.0526, 0.0526, 0.0526, 0.0526, 0.0527, 0.0526,
         0.0526, 0.0526, 0.0527, 0.0526, 0.0528, 0.0527, 0.0526, 0.0528, 0.0526,
         0.0527]], device='cuda:1', grad_fn=<SliceBackward0>)
pt values at epoch 1: tensor([0.0525, 0.0525, 0.0525, 0.0525, 0.0525], device='cuda:2',
       grad_fn=<SliceBackward0>)
pt values at epoch 1: tensor([0.0525, 0.0525, 0.0525, 0.0525, 0.0525], device='cuda:0',
       grad_fn=<SliceBackward0>)
pt values at epoch 1: tensor([0.0525, 0.0525, 0.0525, 0.0525, 0.0525], device='cuda:1',
       grad_fn=<SliceBackward0>)
Layer conv1.att_src grad: 1.3435948609919422e-21Layer conv1.att_src grad: 1.3435948609919422e-21Layer conv1.att_src grad: 1.3435948609919422e-21

Layer conv1.att_src grad: 1.3435948609919422e-21

Layer conv1.att_dst grad: 4.867582785736917e-22
Layer conv1.att_dst grad: 4.867582785736917e-22
Layer conv1.att_dst grad: 4.867582785736917e-22
Layer conv1.att_dst grad: 4.867582785736917e-22
Layer conv1.bias grad: 1.3384180416593197e-15
Layer conv1.bias grad: 1.3384180416593197e-15
Layer conv1.bias grad: 1.3384180416593197e-15
Layer conv1.bias grad: 1.3384180416593197e-15
Layer conv1.lin.weight grad: 8.67793407154148e-16
Layer conv1.lin.weight grad: 8.67793407154148e-16
Layer conv1.lin.weight grad: 8.67793407154148e-16
Layer conv1.lin.weight grad: 8.67793407154148e-16
Layer conv2.att_src grad: 4.8578007211855594e-23
Layer conv2.att_src grad: 4.8578007211855594e-23
Layer conv2.att_dst grad: 1.9870402771445846e-23
Layer conv2.att_src grad: 4.8578007211855594e-23
Layer conv2.att_src grad: 4.8578007211855594e-23
Layer conv2.att_dst grad: 1.9870402771445846e-23
Layer conv2.bias grad: 4.4222851563417015e-14
Layer conv2.att_dst grad: 1.9870402771445846e-23
Layer conv2.att_dst grad: 1.9870402771445846e-23
Layer conv2.bias grad: 4.4222851563417015e-14
Layer conv2.lin.weight grad: 5.688936648066918e-17
Layer conv2.bias grad: 4.4222851563417015e-14
Layer conv2.bias grad: 4.4222851563417015e-14
Layer conv3.att_src grad: 7.834622188647178e-22
Layer conv2.lin.weight grad: 5.688936648066918e-17
Layer conv2.lin.weight grad: 5.688936648066918e-17
Layer conv2.lin.weight grad: 5.688936648066918e-17
Layer conv3.att_dst grad: 3.6355630480277906e-22
Layer conv3.att_src grad: 7.834622188647178e-22
Layer conv3.att_src grad: 7.834622188647178e-22
Layer conv3.bias grad: 2.907515374295233e-12
Layer conv3.att_src grad: 7.834622188647178e-22
Layer conv3.att_dst grad: 3.6355630480277906e-22
Layer conv3.att_dst grad: 3.6355630480277906e-22
Layer conv3.lin.weight grad: 1.5889718697647995e-15
Layer conv3.att_dst grad: 3.6355630480277906e-22
Layer conv3.bias grad: 2.907515374295233e-12
Layer conv3.bias grad: 2.907515374295233e-12
Layer conv4.att_src grad: 1.5363445236797592e-20
Layer conv3.bias grad: 2.907515374295233e-12
Layer conv3.lin.weight grad: 1.5889718697647995e-15
Layer conv4.att_dst grad: 3.188243674773119e-21
Layer conv3.lin.weight grad: 1.5889718697647995e-15
Layer conv3.lin.weight grad: 1.5889718697647995e-15
Layer conv4.bias grad: 1.2265771731634345e-10
Layer conv4.att_src grad: 1.5363445236797592e-20
Layer conv4.att_src grad: 1.5363445236797592e-20
Layer conv4.att_src grad: 1.5363445236797592e-20
Layer conv4.lin.weight grad: 7.315544383375977e-14
Layer conv4.att_dst grad: 3.188243674773119e-21
Layer conv4.att_dst grad: 3.188243674773119e-21
Layer conv4.att_dst grad: 3.188243674773119e-21Layer fc.weight grad: 2.229436600609258e-11

Layer conv4.bias grad: 1.2265771731634345e-10
Layer conv4.bias grad: 1.2265771731634345e-10
Layer fc.bias grad: 4.409746523492686e-08
Layer conv4.bias grad: 1.2265771731634345e-10
Layer conv4.lin.weight grad: 7.315544383375977e-14
Layer conv4.lin.weight grad: 7.315544383375977e-14
Layer conv4.lin.weight grad: 7.315544383375977e-14
Layer fc.weight grad: 2.229436600609258e-11
Layer fc.weight grad: 2.229436600609258e-11
Layer fc.weight grad: 2.229436600609258e-11
Layer fc.bias grad: 4.409746523492686e-08
Layer fc.bias grad: 4.409746523492686e-08
Layer fc.bias grad: 4.409746523492686e-08
Softmax output at epoch 1: tensor([[0.0525, 0.0525, 0.0527, 0.0527, 0.0527, 0.0526, 0.0527, 0.0526, 0.0527,
         0.0527, 0.0526, 0.0525, 0.0527, 0.0526, 0.0525, 0.0527, 0.0526, 0.0527,
         0.0525],
        [0.0525, 0.0525, 0.0527, 0.0527, 0.0527, 0.0526, 0.0527, 0.0526, 0.0527,
         0.0527, 0.0526, 0.0525, 0.0527, 0.0526, 0.0525, 0.0527, 0.0526, 0.0527,
         0.0525],
        [0.0525, 0.0525, 0.0527, 0.0527, 0.0527, 0.0526, 0.0527, 0.0526, 0.0527,
         0.0527, 0.0526, 0.0525, 0.0527, 0.0526, 0.0525, 0.0527, 0.0526, 0.0527,
         0.0525],
        [0.0525, 0.0525, 0.0527, 0.0527, 0.0527, 0.0526, 0.0527, 0.0526, 0.0527,
         0.0527, 0.0526, 0.0525, 0.0527, 0.0526, 0.0525, 0.0527, 0.0526, 0.0527,
         0.0525],
        [0.0525, 0.0525, 0.0527, 0.0527, 0.0527, 0.0526, 0.0527, 0.0526, 0.0527,
         0.0527, 0.0526, 0.0525, 0.0527, 0.0526, 0.0525, 0.0527, 0.0526, 0.0527,
         0.0525]], device='cuda:3', grad_fn=<SliceBackward0>)
pt values at epoch 1: tensor([0.0525, 0.0525, 0.0525, 0.0525, 0.0525], device='cuda:3',
       grad_fn=<SliceBackward0>)
Softmax output at epoch 1: tensor([[0.0525, 0.0525, 0.0527, 0.0527, 0.0527, 0.0526, 0.0527, 0.0526, 0.0527,
         0.0527, 0.0526, 0.0525, 0.0527, 0.0526, 0.0525, 0.0527, 0.0526, 0.0527,
         0.0525],
        [0.0525, 0.0525, 0.0527, 0.0527, 0.0527, 0.0526, 0.0527, 0.0526, 0.0527,
         0.0527, 0.0526, 0.0525, 0.0527, 0.0526, 0.0525, 0.0527, 0.0526, 0.0527,
         0.0525],
        [0.0525, 0.0525, 0.0527, 0.0527, 0.0527, 0.0526, 0.0527, 0.0526, 0.0527,
         0.0527, 0.0526, 0.0525, 0.0527, 0.0526, 0.0525, 0.0527, 0.0526, 0.0527,
         0.0525],
        [0.0525, 0.0525, 0.0527, 0.0527, 0.0527, 0.0526, 0.0527, 0.0526, 0.0527,
         0.0527, 0.0526, 0.0525, 0.0527, 0.0526, 0.0525, 0.0527, 0.0526, 0.0527,
         0.0525],
        [0.0525, 0.0525, 0.0527, 0.0527, 0.0527, 0.0526, 0.0527, 0.0526, 0.0527,
         0.0527, 0.0526, 0.0525, 0.0527, 0.0526, 0.0525, 0.0527, 0.0526, 0.0527,
         0.0525]], device='cuda:0', grad_fn=<SliceBackward0>)
Softmax output at epoch 1: tensor([[0.0525, 0.0525, 0.0527, 0.0527, 0.0527, 0.0526, 0.0527, 0.0526, 0.0527,
         0.0527, 0.0526, 0.0525, 0.0527, 0.0526, 0.0525, 0.0527, 0.0526, 0.0527,
         0.0525],
        [0.0525, 0.0525, 0.0527, 0.0527, 0.0527, 0.0526, 0.0527, 0.0526, 0.0527,
         0.0527, 0.0526, 0.0525, 0.0527, 0.0526, 0.0525, 0.0527, 0.0526, 0.0527,
         0.0525],
        [0.0525, 0.0525, 0.0527, 0.0527, 0.0527, 0.0526, 0.0527, 0.0526, 0.0527,
         0.0527, 0.0526, 0.0525, 0.0527, 0.0526, 0.0525, 0.0527, 0.0526, 0.0527,
         0.0525],
        [0.0525, 0.0525, 0.0527, 0.0527, 0.0527, 0.0526, 0.0527, 0.0526, 0.0527,
         0.0527, 0.0526, 0.0525, 0.0527, 0.0526, 0.0525, 0.0527, 0.0526, 0.0527,
         0.0525],
        [0.0525, 0.0525, 0.0527, 0.0527, 0.0527, 0.0526, 0.0527, 0.0526, 0.0527,
         0.0527, 0.0526, 0.0525, 0.0527, 0.0526, 0.0525, 0.0527, 0.0526, 0.0527,
         0.0525]], device='cuda:1', grad_fn=<SliceBackward0>)
Softmax output at epoch 1: tensor([[0.0525, 0.0525, 0.0527, 0.0527, 0.0527, 0.0526, 0.0527, 0.0526, 0.0527,
         0.0527, 0.0526, 0.0525, 0.0527, 0.0526, 0.0525, 0.0527, 0.0526, 0.0527,
         0.0525],
        [0.0525, 0.0525, 0.0527, 0.0527, 0.0527, 0.0526, 0.0527, 0.0526, 0.0527,
         0.0527, 0.0526, 0.0525, 0.0527, 0.0526, 0.0525, 0.0527, 0.0526, 0.0527,
         0.0525],
        [0.0525, 0.0525, 0.0527, 0.0527, 0.0527, 0.0526, 0.0527, 0.0526, 0.0527,
         0.0527, 0.0526, 0.0525, 0.0527, 0.0526, 0.0525, 0.0527, 0.0526, 0.0527,
         0.0525],
        [0.0525, 0.0525, 0.0527, 0.0527, 0.0527, 0.0526, 0.0527, 0.0526, 0.0527,
         0.0527, 0.0526, 0.0525, 0.0527, 0.0526, 0.0525, 0.0527, 0.0526, 0.0527,
         0.0525],
        [0.0525, 0.0525, 0.0527, 0.0527, 0.0527, 0.0526, 0.0527, 0.0526, 0.0527,
         0.0527, 0.0526, 0.0525, 0.0527, 0.0526, 0.0525, 0.0527, 0.0526, 0.0527,
         0.0525]], device='cuda:2', grad_fn=<SliceBackward0>)
pt values at epoch 1: tensor([0.0525, 0.0525, 0.0525, 0.0525, 0.0525], device='cuda:0',
       grad_fn=<SliceBackward0>)
pt values at epoch 1: tensor([0.0525, 0.0525, 0.0525, 0.0525, 0.0525], device='cuda:1',
       grad_fn=<SliceBackward0>)
pt values at epoch 1: tensor([0.0525, 0.0525, 0.0525, 0.0525, 0.0525], device='cuda:2',
       grad_fn=<SliceBackward0>)
Layer conv1.att_src grad: 2.670359948861733e-21Layer conv1.att_src grad: 2.670359948861733e-21Layer conv1.att_src grad: 2.670359948861733e-21Layer conv1.att_src grad: 2.670359948861733e-21



Layer conv1.att_dst grad: 3.499200930604521e-22Layer conv1.att_dst grad: 3.499200930604521e-22Layer conv1.att_dst grad: 3.499200930604521e-22

Layer conv1.att_dst grad: 3.499200930604521e-22

Layer conv1.bias grad: 1.86137184225027e-15Layer conv1.bias grad: 1.86137184225027e-15

Layer conv1.bias grad: 1.86137184225027e-15
Layer conv1.bias grad: 1.86137184225027e-15
Layer conv1.lin.weight grad: 1.1505242169808057e-15Layer conv1.lin.weight grad: 1.1505242169808057e-15
Layer conv1.lin.weight grad: 1.1505242169808057e-15

Layer conv1.lin.weight grad: 1.1505242169808057e-15
Layer conv2.att_src grad: 1.0985897847161272e-22
Layer conv2.att_src grad: 1.0985897847161272e-22Layer conv2.att_src grad: 1.0985897847161272e-22

Layer conv2.att_src grad: 1.0985897847161272e-22
Layer conv2.att_dst grad: 7.629370426092768e-23
Layer conv2.att_dst grad: 7.629370426092768e-23Layer conv2.att_dst grad: 7.629370426092768e-23

Layer conv2.att_dst grad: 7.629370426092768e-23
Layer conv2.bias grad: 6.570488781960232e-14
Layer conv2.bias grad: 6.570488781960232e-14Layer conv2.bias grad: 6.570488781960232e-14

Layer conv2.bias grad: 6.570488781960232e-14
Layer conv2.lin.weight grad: 1.0012895583501292e-16
Layer conv2.lin.weight grad: 1.0012895583501292e-16Layer conv2.lin.weight grad: 1.0012895583501292e-16

Layer conv3.att_src grad: 2.9215393195358554e-21
Layer conv2.lin.weight grad: 1.0012895583501292e-16
Layer conv3.att_src grad: 2.9215393195358554e-21Layer conv3.att_src grad: 2.9215393195358554e-21

Layer conv3.att_dst grad: 3.447338059251671e-22
Layer conv3.att_src grad: 2.9215393195358554e-21Layer conv3.att_dst grad: 3.447338059251671e-22Layer conv3.att_dst grad: 3.447338059251671e-22


Layer conv3.bias grad: 3.207455134823789e-12
Layer conv3.bias grad: 3.207455134823789e-12Layer conv3.bias grad: 3.207455134823789e-12Layer conv3.att_dst grad: 3.447338059251671e-22


Layer conv3.lin.weight grad: 3.0730528968140203e-15
Layer conv3.lin.weight grad: 3.0730528968140203e-15Layer conv3.bias grad: 3.207455134823789e-12Layer conv3.lin.weight grad: 3.0730528968140203e-15


Layer conv4.att_src grad: 6.343054874073604e-20
Layer conv4.att_src grad: 6.343054874073604e-20
Layer conv4.att_src grad: 6.343054874073604e-20Layer conv4.att_dst grad: 1.734211296081272e-20

Layer conv3.lin.weight grad: 3.0730528968140203e-15
Layer conv4.att_dst grad: 1.734211296081272e-20
Layer conv4.att_dst grad: 1.734211296081272e-20Layer conv4.bias grad: 2.114665526020687e-10

Layer conv4.att_src grad: 6.343054874073604e-20
Layer conv4.bias grad: 2.114665526020687e-10
Layer conv4.bias grad: 2.114665526020687e-10
Layer conv4.lin.weight grad: 1.8461553358099791e-13
Layer conv4.att_dst grad: 1.734211296081272e-20
Layer conv4.lin.weight grad: 1.8461553358099791e-13
Layer conv4.lin.weight grad: 1.8461553358099791e-13
Layer fc.weight grad: 5.494412563811224e-11
Layer conv4.bias grad: 2.114665526020687e-10
Layer fc.weight grad: 5.494412563811224e-11
Layer fc.weight grad: 5.494412563811224e-11Layer fc.bias grad: 5.434728578279646e-08

Layer fc.bias grad: 5.434728578279646e-08Layer conv4.lin.weight grad: 1.8461553358099791e-13

Layer fc.bias grad: 5.434728578279646e-08
Layer fc.weight grad: 5.494412563811224e-11
Layer fc.bias grad: 5.434728578279646e-08
Softmax output at epoch 1: tensor([[0.0526, 0.0524, 0.0528, 0.0528, 0.0527, 0.0527, 0.0527, 0.0525, 0.0528,
         0.0528, 0.0527, 0.0524, 0.0527, 0.0525, 0.0524, 0.0527, 0.0525, 0.0528,
         0.0524],
        [0.0526, 0.0524, 0.0528, 0.0528, 0.0527, 0.0527, 0.0527, 0.0525, 0.0528,
         0.0528, 0.0527, 0.0524, 0.0527, 0.0525, 0.0524, 0.0527, 0.0525, 0.0528,
         0.0524],
        [0.0526, 0.0524, 0.0528, 0.0528, 0.0527, 0.0527, 0.0527, 0.0525, 0.0528,
         0.0528, 0.0527, 0.0524, 0.0527, 0.0525, 0.0524, 0.0527, 0.0525, 0.0528,
         0.0524],
        [0.0526, 0.0524, 0.0528, 0.0528, 0.0527, 0.0527, 0.0527, 0.0525, 0.0528,
         0.0528, 0.0527, 0.0524, 0.0527, 0.0525, 0.0524, 0.0527, 0.0525, 0.0528,
         0.0524],
        [0.0526, 0.0524, 0.0528, 0.0528, 0.0527, 0.0527, 0.0527, 0.0525, 0.0528,
         0.0528, 0.0527, 0.0524, 0.0527, 0.0525, 0.0524, 0.0527, 0.0525, 0.0528,
         0.0524]], device='cuda:3', grad_fn=<SliceBackward0>)
Softmax output at epoch 1: tensor([[0.0526, 0.0524, 0.0528, 0.0528, 0.0527, 0.0527, 0.0527, 0.0525, 0.0528,
         0.0528, 0.0527, 0.0524, 0.0527, 0.0525, 0.0524, 0.0527, 0.0525, 0.0528,
         0.0524],
        [0.0526, 0.0524, 0.0528, 0.0528, 0.0527, 0.0527, 0.0527, 0.0525, 0.0528,
         0.0528, 0.0527, 0.0524, 0.0527, 0.0525, 0.0524, 0.0527, 0.0525, 0.0528,
         0.0524],
        [0.0526, 0.0524, 0.0528, 0.0528, 0.0527, 0.0527, 0.0527, 0.0525, 0.0528,
         0.0528, 0.0527, 0.0524, 0.0527, 0.0525, 0.0524, 0.0527, 0.0525, 0.0528,
         0.0524],
        [0.0526, 0.0524, 0.0528, 0.0528, 0.0527, 0.0527, 0.0527, 0.0525, 0.0528,
         0.0528, 0.0527, 0.0524, 0.0527, 0.0525, 0.0524, 0.0527, 0.0525, 0.0528,
         0.0524],
        [0.0526, 0.0524, 0.0528, 0.0528, 0.0527, 0.0527, 0.0527, 0.0525, 0.0528,
         0.0528, 0.0527, 0.0524, 0.0527, 0.0525, 0.0524, 0.0527, 0.0525, 0.0528,
         0.0524]], device='cuda:0', grad_fn=<SliceBackward0>)
Softmax output at epoch 1: tensor([[0.0526, 0.0524, 0.0528, 0.0528, 0.0527, 0.0527, 0.0527, 0.0525, 0.0528,
         0.0528, 0.0527, 0.0524, 0.0527, 0.0525, 0.0524, 0.0527, 0.0525, 0.0528,
         0.0524],
        [0.0526, 0.0524, 0.0528, 0.0528, 0.0527, 0.0527, 0.0527, 0.0525, 0.0528,
         0.0528, 0.0527, 0.0524, 0.0527, 0.0525, 0.0524, 0.0527, 0.0525, 0.0528,
         0.0524],
        [0.0526, 0.0524, 0.0528, 0.0528, 0.0527, 0.0527, 0.0527, 0.0525, 0.0528,
         0.0528, 0.0527, 0.0524, 0.0527, 0.0525, 0.0524, 0.0527, 0.0525, 0.0528,
         0.0524],
        [0.0526, 0.0524, 0.0528, 0.0528, 0.0527, 0.0527, 0.0527, 0.0525, 0.0528,
         0.0528, 0.0527, 0.0524, 0.0527, 0.0525, 0.0524, 0.0527, 0.0525, 0.0528,
         0.0524],
        [0.0526, 0.0524, 0.0528, 0.0528, 0.0527, 0.0527, 0.0527, 0.0525, 0.0528,
         0.0528, 0.0527, 0.0524, 0.0527, 0.0525, 0.0524, 0.0527, 0.0525, 0.0528,
         0.0524]], device='cuda:1', grad_fn=<SliceBackward0>)
pt values at epoch 1: tensor([0.0526, 0.0526, 0.0526, 0.0526, 0.0526], device='cuda:3',
       grad_fn=<SliceBackward0>)
pt values at epoch 1: tensor([0.0526, 0.0526, 0.0526, 0.0526, 0.0526], device='cuda:0',
       grad_fn=<SliceBackward0>)
pt values at epoch 1: tensor([0.0526, 0.0526, 0.0526, 0.0526, 0.0526], device='cuda:1',
       grad_fn=<SliceBackward0>)
Softmax output at epoch 1: tensor([[0.0526, 0.0524, 0.0528, 0.0528, 0.0527, 0.0527, 0.0527, 0.0525, 0.0528,
         0.0528, 0.0527, 0.0524, 0.0527, 0.0525, 0.0524, 0.0527, 0.0525, 0.0528,
         0.0524],
        [0.0526, 0.0524, 0.0528, 0.0528, 0.0527, 0.0527, 0.0527, 0.0525, 0.0528,
         0.0528, 0.0527, 0.0524, 0.0527, 0.0525, 0.0524, 0.0527, 0.0525, 0.0528,
         0.0524],
        [0.0526, 0.0524, 0.0528, 0.0528, 0.0527, 0.0527, 0.0527, 0.0525, 0.0528,
         0.0528, 0.0527, 0.0524, 0.0527, 0.0525, 0.0524, 0.0527, 0.0525, 0.0528,
         0.0524],
        [0.0526, 0.0524, 0.0528, 0.0528, 0.0527, 0.0527, 0.0527, 0.0525, 0.0528,
         0.0528, 0.0527, 0.0524, 0.0527, 0.0525, 0.0524, 0.0527, 0.0525, 0.0528,
         0.0524],
        [0.0526, 0.0524, 0.0528, 0.0528, 0.0527, 0.0527, 0.0527, 0.0525, 0.0528,
         0.0528, 0.0527, 0.0524, 0.0527, 0.0525, 0.0524, 0.0527, 0.0525, 0.0528,
         0.0524]], device='cuda:2', grad_fn=<SliceBackward0>)
pt values at epoch 1: tensor([0.0526, 0.0526, 0.0526, 0.0526, 0.0526], device='cuda:2',
       grad_fn=<SliceBackward0>)
Layer conv1.att_src grad: 4.1234740278266756e-20Layer conv1.att_src grad: 4.1234740278266756e-20Layer conv1.att_src grad: 4.1234740278266756e-20Layer conv1.att_src grad: 4.1234740278266756e-20



Layer conv1.att_dst grad: 1.1689265667789031e-20Layer conv1.att_dst grad: 1.1689265667789031e-20Layer conv1.att_dst grad: 1.1689265667789031e-20

Layer conv1.att_dst grad: 1.1689265667789031e-20

Layer conv1.bias grad: 1.1670304750788923e-14Layer conv1.bias grad: 1.1670304750788923e-14

Layer conv1.bias grad: 1.1670304750788923e-14Layer conv1.bias grad: 1.1670304750788923e-14

Layer conv1.lin.weight grad: 7.781735732138514e-15Layer conv1.lin.weight grad: 7.781735732138514e-15

Layer conv1.lin.weight grad: 7.781735732138514e-15Layer conv1.lin.weight grad: 7.781735732138514e-15

Layer conv2.att_src grad: 2.5955435223299075e-21Layer conv2.att_src grad: 2.5955435223299075e-21

Layer conv2.att_src grad: 2.5955435223299075e-21Layer conv2.att_src grad: 2.5955435223299075e-21

Layer conv2.att_dst grad: 1.5947494929880767e-21Layer conv2.att_dst grad: 1.5947494929880767e-21

Layer conv2.att_dst grad: 1.5947494929880767e-21Layer conv2.att_dst grad: 1.5947494929880767e-21

Layer conv2.bias grad: 2.1721344070201737e-13Layer conv2.bias grad: 2.1721344070201737e-13

Layer conv2.bias grad: 2.1721344070201737e-13Layer conv2.bias grad: 2.1721344070201737e-13

Layer conv2.lin.weight grad: 5.48776976416537e-16Layer conv2.lin.weight grad: 5.48776976416537e-16

Layer conv2.lin.weight grad: 5.48776976416537e-16Layer conv2.lin.weight grad: 5.48776976416537e-16

Layer conv3.att_src grad: 4.485537767407098e-20Layer conv3.att_src grad: 4.485537767407098e-20

Layer conv3.att_src grad: 4.485537767407098e-20Layer conv3.att_src grad: 4.485537767407098e-20

Layer conv3.att_dst grad: 2.8301742320431758e-21Layer conv3.att_dst grad: 2.8301742320431758e-21

Layer conv3.att_dst grad: 2.8301742320431758e-21
Layer conv3.att_dst grad: 2.8301742320431758e-21
Layer conv3.bias grad: 6.8380609334617315e-12Layer conv3.bias grad: 6.8380609334617315e-12

Layer conv3.bias grad: 6.8380609334617315e-12
Layer conv3.bias grad: 6.8380609334617315e-12
Layer conv3.lin.weight grad: 1.0408976130571283e-14Layer conv3.lin.weight grad: 1.0408976130571283e-14
Layer conv3.lin.weight grad: 1.0408976130571283e-14

Layer conv3.lin.weight grad: 1.0408976130571283e-14
Layer conv4.att_src grad: 4.974289387678845e-19Layer conv4.att_src grad: 4.974289387678845e-19Layer conv4.att_src grad: 4.974289387678845e-19


Layer conv4.att_src grad: 4.974289387678845e-19
Layer conv4.att_dst grad: 7.979921229224163e-20Layer conv4.att_dst grad: 7.979921229224163e-20Layer conv4.att_dst grad: 7.979921229224163e-20

Layer conv4.att_dst grad: 7.979921229224163e-20

Layer conv4.bias grad: 2.735620063809563e-10Layer conv4.bias grad: 2.735620063809563e-10

Layer conv4.bias grad: 2.735620063809563e-10Layer conv4.bias grad: 2.735620063809563e-10

Layer conv4.lin.weight grad: 3.767705277542971e-13Layer conv4.lin.weight grad: 3.767705277542971e-13

Layer conv4.lin.weight grad: 3.767705277542971e-13Layer conv4.lin.weight grad: 3.767705277542971e-13

Layer fc.weight grad: 7.089669129545229e-11Layer fc.weight grad: 7.089669129545229e-11

Layer fc.weight grad: 7.089669129545229e-11Layer fc.weight grad: 7.089669129545229e-11

Layer fc.bias grad: 4.436571643395837e-08Layer fc.bias grad: 4.436571643395837e-08

Layer fc.bias grad: 4.436571643395837e-08Layer fc.bias grad: 4.436571643395837e-08

Softmax output at epoch 1: tensor([[0.0527, 0.0525, 0.0527, 0.0527, 0.0527, 0.0527, 0.0527, 0.0525, 0.0527,
         0.0527, 0.0527, 0.0525, 0.0527, 0.0525, 0.0525, 0.0527, 0.0525, 0.0527,
         0.0525],
        [0.0527, 0.0525, 0.0527, 0.0527, 0.0527, 0.0527, 0.0527, 0.0525, 0.0527,
         0.0527, 0.0527, 0.0525, 0.0527, 0.0525, 0.0525, 0.0527, 0.0525, 0.0527,
         0.0525],
        [0.0527, 0.0525, 0.0527, 0.0527, 0.0527, 0.0527, 0.0527, 0.0525, 0.0527,
         0.0527, 0.0527, 0.0525, 0.0527, 0.0525, 0.0525, 0.0527, 0.0525, 0.0527,
         0.0525],
        [0.0527, 0.0525, 0.0527, 0.0527, 0.0527, 0.0527, 0.0527, 0.0525, 0.0527,
         0.0527, 0.0527, 0.0525, 0.0527, 0.0525, 0.0525, 0.0527, 0.0525, 0.0527,
         0.0525],
        [0.0527, 0.0525, 0.0527, 0.0527, 0.0527, 0.0527, 0.0527, 0.0525, 0.0527,
         0.0527, 0.0527, 0.0525, 0.0527, 0.0525, 0.0525, 0.0527, 0.0525, 0.0527,
         0.0525]], device='cuda:2', grad_fn=<SliceBackward0>)
Softmax output at epoch 1: tensor([[0.0527, 0.0525, 0.0527, 0.0527, 0.0527, 0.0527, 0.0527, 0.0525, 0.0527,
         0.0527, 0.0527, 0.0525, 0.0527, 0.0525, 0.0525, 0.0527, 0.0525, 0.0527,
         0.0525],
        [0.0527, 0.0525, 0.0527, 0.0527, 0.0527, 0.0527, 0.0527, 0.0525, 0.0527,
         0.0527, 0.0527, 0.0525, 0.0527, 0.0525, 0.0525, 0.0527, 0.0525, 0.0527,
         0.0525],
        [0.0527, 0.0525, 0.0527, 0.0527, 0.0527, 0.0527, 0.0527, 0.0525, 0.0527,
         0.0527, 0.0527, 0.0525, 0.0527, 0.0525, 0.0525, 0.0527, 0.0525, 0.0527,
         0.0525],
        [0.0527, 0.0525, 0.0527, 0.0527, 0.0527, 0.0527, 0.0527, 0.0525, 0.0527,
         0.0527, 0.0527, 0.0525, 0.0527, 0.0525, 0.0525, 0.0527, 0.0525, 0.0527,
         0.0525],
        [0.0527, 0.0525, 0.0527, 0.0527, 0.0527, 0.0527, 0.0527, 0.0525, 0.0527,
         0.0527, 0.0527, 0.0525, 0.0527, 0.0525, 0.0525, 0.0527, 0.0525, 0.0527,
         0.0525]], device='cuda:3', grad_fn=<SliceBackward0>)
Softmax output at epoch 1: tensor([[0.0527, 0.0525, 0.0527, 0.0527, 0.0527, 0.0527, 0.0527, 0.0525, 0.0527,
         0.0527, 0.0527, 0.0525, 0.0527, 0.0525, 0.0525, 0.0527, 0.0525, 0.0527,
         0.0525],
        [0.0527, 0.0525, 0.0527, 0.0527, 0.0527, 0.0527, 0.0527, 0.0525, 0.0527,
         0.0527, 0.0527, 0.0525, 0.0527, 0.0525, 0.0525, 0.0527, 0.0525, 0.0527,
         0.0525],
        [0.0527, 0.0525, 0.0527, 0.0527, 0.0527, 0.0527, 0.0527, 0.0525, 0.0527,
         0.0527, 0.0527, 0.0525, 0.0527, 0.0525, 0.0525, 0.0527, 0.0525, 0.0527,
         0.0525],
        [0.0527, 0.0525, 0.0527, 0.0527, 0.0527, 0.0527, 0.0527, 0.0525, 0.0527,
         0.0527, 0.0527, 0.0525, 0.0527, 0.0525, 0.0525, 0.0527, 0.0525, 0.0527,
         0.0525],
        [0.0527, 0.0525, 0.0527, 0.0527, 0.0527, 0.0527, 0.0527, 0.0525, 0.0527,
         0.0527, 0.0527, 0.0525, 0.0527, 0.0525, 0.0525, 0.0527, 0.0525, 0.0527,
         0.0525]], device='cuda:0', grad_fn=<SliceBackward0>)
Softmax output at epoch 1: tensor([[0.0527, 0.0525, 0.0527, 0.0527, 0.0527, 0.0527, 0.0527, 0.0525, 0.0527,
         0.0527, 0.0527, 0.0525, 0.0527, 0.0525, 0.0525, 0.0527, 0.0525, 0.0527,
         0.0525],
        [0.0527, 0.0525, 0.0527, 0.0527, 0.0527, 0.0527, 0.0527, 0.0525, 0.0527,
         0.0527, 0.0527, 0.0525, 0.0527, 0.0525, 0.0525, 0.0527, 0.0525, 0.0527,
         0.0525],
        [0.0527, 0.0525, 0.0527, 0.0527, 0.0527, 0.0527, 0.0527, 0.0525, 0.0527,
         0.0527, 0.0527, 0.0525, 0.0527, 0.0525, 0.0525, 0.0527, 0.0525, 0.0527,
         0.0525],
        [0.0527, 0.0525, 0.0527, 0.0527, 0.0527, 0.0527, 0.0527, 0.0525, 0.0527,
         0.0527, 0.0527, 0.0525, 0.0527, 0.0525, 0.0525, 0.0527, 0.0525, 0.0527,
         0.0525],
        [0.0527, 0.0525, 0.0527, 0.0527, 0.0527, 0.0527, 0.0527, 0.0525, 0.0527,
         0.0527, 0.0527, 0.0525, 0.0527, 0.0525, 0.0525, 0.0527, 0.0525, 0.0527,
         0.0525]], device='cuda:1', grad_fn=<SliceBackward0>)
pt values at epoch 1: tensor([0.0527, 0.0527, 0.0527, 0.0527, 0.0527], device='cuda:2',
       grad_fn=<SliceBackward0>)
pt values at epoch 1: tensor([0.0527, 0.0527, 0.0527, 0.0527, 0.0527], device='cuda:3',
       grad_fn=<SliceBackward0>)
pt values at epoch 1: tensor([0.0527, 0.0527, 0.0527, 0.0527, 0.0527], device='cuda:0',
       grad_fn=<SliceBackward0>)
pt values at epoch 1: tensor([0.0527, 0.0527, 0.0527, 0.0527, 0.0527], device='cuda:1',
       grad_fn=<SliceBackward0>)
Layer conv1.att_src grad: 4.573899074521088e-20
Layer conv1.att_dst grad: 2.568386270013061e-20
Layer conv1.bias grad: 1.9034083933566065e-14
Layer conv1.lin.weight grad: 1.0994414810527355e-14Layer conv1.att_src grad: 4.573899074521088e-20

Layer conv2.att_src grad: 3.1082967493492255e-21
Layer conv1.att_dst grad: 2.568386270013061e-20
Layer conv2.att_dst grad: 1.721853993211554e-21
Layer conv2.bias grad: 5.404169407981219e-13
Layer conv1.bias grad: 1.9034083933566065e-14Layer conv1.att_src grad: 4.573899074521088e-20

Layer conv2.lin.weight grad: 1.1049277981553963e-15
Layer conv1.att_dst grad: 2.568386270013061e-20
Layer conv3.att_src grad: 4.860322963197218e-20
Layer conv1.lin.weight grad: 1.0994414810527355e-14
Layer conv1.bias grad: 1.9034083933566065e-14
Layer conv3.att_dst grad: 3.637226244495035e-21
Layer conv1.lin.weight grad: 1.0994414810527355e-14
Layer conv2.att_src grad: 3.1082967493492255e-21
Layer conv3.bias grad: 1.9975347764766838e-11
Layer conv1.att_src grad: 4.573899074521088e-20
Layer conv2.att_src grad: 3.1082967493492255e-21
Layer conv2.att_dst grad: 1.721853993211554e-21
Layer conv2.att_dst grad: 1.721853993211554e-21Layer conv1.att_dst grad: 2.568386270013061e-20Layer conv3.lin.weight grad: 2.3383457510247653e-14


Layer conv2.bias grad: 5.404169407981219e-13
Layer conv2.bias grad: 5.404169407981219e-13
Layer conv4.att_src grad: 6.813714180267741e-19
Layer conv2.lin.weight grad: 1.1049277981553963e-15
Layer conv1.bias grad: 1.9034083933566065e-14Layer conv4.att_dst grad: 1.2053864586699958e-19Layer conv2.lin.weight grad: 1.1049277981553963e-15


Layer conv3.att_src grad: 4.860322963197218e-20
Layer conv4.bias grad: 9.701988101795678e-10
Layer conv3.att_src grad: 4.860322963197218e-20
Layer conv3.att_dst grad: 3.637226244495035e-21
Layer conv4.lin.weight grad: 1.030115446068458e-12Layer conv3.att_dst grad: 3.637226244495035e-21

Layer conv1.lin.weight grad: 1.0994414810527355e-14
Layer conv3.bias grad: 1.9975347764766838e-11
Layer conv3.bias grad: 1.9975347764766838e-11Layer fc.weight grad: 1.975522939678953e-10

Layer conv3.lin.weight grad: 2.3383457510247653e-14Layer fc.bias grad: 1.6039123806876887e-07

Layer conv3.lin.weight grad: 2.3383457510247653e-14
Layer conv2.att_src grad: 3.1082967493492255e-21
Layer conv4.att_src grad: 6.813714180267741e-19Layer conv4.att_src grad: 6.813714180267741e-19

Layer conv2.att_dst grad: 1.721853993211554e-21Layer conv4.att_dst grad: 1.2053864586699958e-19Layer conv4.att_dst grad: 1.2053864586699958e-19


Layer conv4.bias grad: 9.701988101795678e-10
Layer conv4.bias grad: 9.701988101795678e-10
Layer conv2.bias grad: 5.404169407981219e-13
Layer conv4.lin.weight grad: 1.030115446068458e-12
Layer conv4.lin.weight grad: 1.030115446068458e-12
Layer fc.weight grad: 1.975522939678953e-10
Layer fc.weight grad: 1.975522939678953e-10
Layer fc.bias grad: 1.6039123806876887e-07
Layer conv2.lin.weight grad: 1.1049277981553963e-15
Layer fc.bias grad: 1.6039123806876887e-07
Layer conv3.att_src grad: 4.860322963197218e-20
Layer conv3.att_dst grad: 3.637226244495035e-21
Layer conv3.bias grad: 1.9975347764766838e-11
Layer conv3.lin.weight grad: 2.3383457510247653e-14
Layer conv4.att_src grad: 6.813714180267741e-19
Layer conv4.att_dst grad: 1.2053864586699958e-19
Layer conv4.bias grad: 9.701988101795678e-10
Layer conv4.lin.weight grad: 1.030115446068458e-12
Layer fc.weight grad: 1.975522939678953e-10
Layer fc.bias grad: 1.6039123806876887e-07
Softmax output at epoch 2: tensor([[0.0527, 0.0526, 0.0527, 0.0527, 0.0527, 0.0527, 0.0527, 0.0526, 0.0527,
         0.0527, 0.0527, 0.0526, 0.0526, 0.0525, 0.0526, 0.0527, 0.0525, 0.0526,
         0.0526],
        [0.0527, 0.0526, 0.0527, 0.0527, 0.0527, 0.0527, 0.0527, 0.0526, 0.0527,
         0.0527, 0.0527, 0.0526, 0.0526, 0.0525, 0.0526, 0.0527, 0.0525, 0.0526,
         0.0526],
        [0.0527, 0.0526, 0.0527, 0.0527, 0.0527, 0.0527, 0.0527, 0.0526, 0.0527,
         0.0527, 0.0527, 0.0526, 0.0526, 0.0525, 0.0526, 0.0527, 0.0525, 0.0526,
         0.0526],
        [0.0527, 0.0526, 0.0527, 0.0527, 0.0527, 0.0527, 0.0527, 0.0526, 0.0527,
         0.0527, 0.0527, 0.0526, 0.0526, 0.0525, 0.0526, 0.0527, 0.0525, 0.0526,
         0.0526],
        [0.0527, 0.0526, 0.0527, 0.0527, 0.0527, 0.0527, 0.0527, 0.0526, 0.0527,
         0.0527, 0.0527, 0.0526, 0.0526, 0.0525, 0.0526, 0.0527, 0.0525, 0.0526,
         0.0526]], device='cuda:2', grad_fn=<SliceBackward0>)
Softmax output at epoch 2: tensor([[0.0527, 0.0526, 0.0527, 0.0527, 0.0527, 0.0527, 0.0527, 0.0526, 0.0527,
         0.0527, 0.0527, 0.0526, 0.0526, 0.0525, 0.0526, 0.0527, 0.0525, 0.0526,
         0.0526],
        [0.0527, 0.0526, 0.0527, 0.0527, 0.0527, 0.0527, 0.0527, 0.0526, 0.0527,
         0.0527, 0.0527, 0.0526, 0.0526, 0.0525, 0.0526, 0.0527, 0.0525, 0.0526,
         0.0526],
        [0.0527, 0.0526, 0.0527, 0.0527, 0.0527, 0.0527, 0.0527, 0.0526, 0.0527,
         0.0527, 0.0527, 0.0526, 0.0526, 0.0525, 0.0526, 0.0527, 0.0525, 0.0526,
         0.0526],
        [0.0527, 0.0526, 0.0527, 0.0527, 0.0527, 0.0527, 0.0527, 0.0526, 0.0527,
         0.0527, 0.0527, 0.0526, 0.0526, 0.0525, 0.0526, 0.0527, 0.0525, 0.0526,
         0.0526],
        [0.0527, 0.0526, 0.0527, 0.0527, 0.0527, 0.0527, 0.0527, 0.0526, 0.0527,
         0.0527, 0.0527, 0.0526, 0.0526, 0.0525, 0.0526, 0.0527, 0.0525, 0.0526,
         0.0526]], device='cuda:3', grad_fn=<SliceBackward0>)
Softmax output at epoch 2: tensor([[0.0527, 0.0526, 0.0527, 0.0527, 0.0527, 0.0527, 0.0527, 0.0526, 0.0527,
         0.0527, 0.0527, 0.0526, 0.0526, 0.0525, 0.0526, 0.0527, 0.0525, 0.0526,
         0.0526],
        [0.0527, 0.0526, 0.0527, 0.0527, 0.0527, 0.0527, 0.0527, 0.0526, 0.0527,
         0.0527, 0.0527, 0.0526, 0.0526, 0.0525, 0.0526, 0.0527, 0.0525, 0.0526,
         0.0526],
        [0.0527, 0.0526, 0.0527, 0.0527, 0.0527, 0.0527, 0.0527, 0.0526, 0.0527,
         0.0527, 0.0527, 0.0526, 0.0526, 0.0525, 0.0526, 0.0527, 0.0525, 0.0526,
         0.0526],
        [0.0527, 0.0526, 0.0527, 0.0527, 0.0527, 0.0527, 0.0527, 0.0526, 0.0527,
         0.0527, 0.0527, 0.0526, 0.0526, 0.0525, 0.0526, 0.0527, 0.0525, 0.0526,
         0.0526],
        [0.0527, 0.0526, 0.0527, 0.0527, 0.0527, 0.0527, 0.0527, 0.0526, 0.0527,
         0.0527, 0.0527, 0.0526, 0.0526, 0.0525, 0.0526, 0.0527, 0.0525, 0.0526,
         0.0526]], device='cuda:1', grad_fn=<SliceBackward0>)
pt values at epoch 2: tensor([0.0527, 0.0527, 0.0527, 0.0527, 0.0527], device='cuda:2',
       grad_fn=<SliceBackward0>)
pt values at epoch 2: tensor([0.0527, 0.0527, 0.0527, 0.0527, 0.0527], device='cuda:3',
       grad_fn=<SliceBackward0>)
pt values at epoch 2: tensor([0.0527, 0.0527, 0.0527, 0.0527, 0.0527], device='cuda:1',
       grad_fn=<SliceBackward0>)
Precision: 0.9864, Recall: 0.9932, F1-Score: 0.9897
Fold 3, Epoch 1, Train Loss: 0.0000, Val Loss: 0.0000, Val Acc: 0.9932
Softmax output at epoch 2: tensor([[0.0527, 0.0526, 0.0527, 0.0527, 0.0527, 0.0527, 0.0527, 0.0526, 0.0527,
         0.0527, 0.0527, 0.0526, 0.0526, 0.0525, 0.0526, 0.0527, 0.0525, 0.0526,
         0.0526],
        [0.0527, 0.0526, 0.0527, 0.0527, 0.0527, 0.0527, 0.0527, 0.0526, 0.0527,
         0.0527, 0.0527, 0.0526, 0.0526, 0.0525, 0.0526, 0.0527, 0.0525, 0.0526,
         0.0526],
        [0.0527, 0.0526, 0.0527, 0.0527, 0.0527, 0.0527, 0.0527, 0.0526, 0.0527,
         0.0527, 0.0527, 0.0526, 0.0526, 0.0525, 0.0526, 0.0527, 0.0525, 0.0526,
         0.0526],
        [0.0527, 0.0526, 0.0527, 0.0527, 0.0527, 0.0527, 0.0527, 0.0526, 0.0527,
         0.0527, 0.0527, 0.0526, 0.0526, 0.0525, 0.0526, 0.0527, 0.0525, 0.0526,
         0.0526],
        [0.0527, 0.0526, 0.0527, 0.0527, 0.0527, 0.0527, 0.0527, 0.0526, 0.0527,
         0.0527, 0.0527, 0.0526, 0.0526, 0.0525, 0.0526, 0.0527, 0.0525, 0.0526,
         0.0526]], device='cuda:0', grad_fn=<SliceBackward0>)
pt values at epoch 2: tensor([0.0527, 0.0527, 0.0527, 0.0527, 0.0527], device='cuda:0',
       grad_fn=<SliceBackward0>)
Layer conv1.att_src grad: 5.6970428907616715e-22Layer conv1.att_src grad: 5.6970428907616715e-22Layer conv1.att_src grad: 5.6970428907616715e-22Layer conv1.att_src grad: 5.6970428907616715e-22



Layer conv1.att_dst grad: 1.9360741828687897e-22
Layer conv1.att_dst grad: 1.9360741828687897e-22Layer conv1.att_dst grad: 1.9360741828687897e-22

Layer conv1.att_dst grad: 1.9360741828687897e-22
Layer conv1.bias grad: 2.020092581675925e-16
Layer conv1.bias grad: 2.020092581675925e-16Layer conv1.bias grad: 2.020092581675925e-16
Layer conv1.bias grad: 2.020092581675925e-16

Layer conv1.lin.weight grad: 1.2488792740660313e-16
Layer conv1.lin.weight grad: 1.2488792740660313e-16
Layer conv1.lin.weight grad: 1.2488792740660313e-16Layer conv1.lin.weight grad: 1.2488792740660313e-16

Layer conv2.att_src grad: 1.1149154189218571e-23
Layer conv2.att_src grad: 1.1149154189218571e-23
Layer conv2.att_dst grad: 6.2661067636223185e-24Layer conv2.att_src grad: 1.1149154189218571e-23Layer conv2.att_src grad: 1.1149154189218571e-23


Layer conv2.att_dst grad: 6.2661067636223185e-24
Layer conv2.bias grad: 1.2443669548554623e-14Layer conv2.att_dst grad: 6.2661067636223185e-24
Layer conv2.att_dst grad: 6.2661067636223185e-24

Layer conv2.bias grad: 1.2443669548554623e-14
Layer conv2.bias grad: 1.2443669548554623e-14Layer conv2.bias grad: 1.2443669548554623e-14

Layer conv2.lin.weight grad: 2.1206239112481083e-17
Layer conv2.lin.weight grad: 2.1206239112481083e-17
Layer conv3.att_src grad: 5.917914604110437e-23
Layer conv2.lin.weight grad: 2.1206239112481083e-17Layer conv2.lin.weight grad: 2.1206239112481083e-17

Layer conv3.att_src grad: 5.917914604110437e-23
Layer conv3.att_dst grad: 6.370716819402772e-24
Layer conv3.att_src grad: 5.917914604110437e-23Layer conv3.att_src grad: 5.917914604110437e-23

Layer conv3.att_dst grad: 6.370716819402772e-24
Layer conv3.bias grad: 1.046127811113462e-12
Layer conv3.att_dst grad: 6.370716819402772e-24Layer conv3.att_dst grad: 6.370716819402772e-24

Layer conv3.bias grad: 1.046127811113462e-12
Layer conv3.lin.weight grad: 4.029729335711384e-16
Layer conv3.bias grad: 1.046127811113462e-12Layer conv3.bias grad: 1.046127811113462e-12

Layer conv3.lin.weight grad: 4.029729335711384e-16
Layer conv4.att_src grad: 3.061343748270471e-21
Layer conv3.lin.weight grad: 4.029729335711384e-16Layer conv3.lin.weight grad: 4.029729335711384e-16

Layer conv4.att_src grad: 3.061343748270471e-21
Layer conv4.att_dst grad: 9.27504029728946e-22
Layer conv4.att_src grad: 3.061343748270471e-21Layer conv4.att_dst grad: 9.27504029728946e-22
Layer conv4.att_src grad: 3.061343748270471e-21

Layer conv4.bias grad: 1.0899796343277757e-10
Layer conv4.att_dst grad: 9.27504029728946e-22
Layer conv4.bias grad: 1.0899796343277757e-10Layer conv4.att_dst grad: 9.27504029728946e-22

Layer conv4.lin.weight grad: 3.807975527785057e-14
Layer conv4.bias grad: 1.0899796343277757e-10
Layer conv4.bias grad: 1.0899796343277757e-10
Layer conv4.lin.weight grad: 3.807975527785057e-14Layer fc.weight grad: 1.8576735635877917e-11

Layer conv4.lin.weight grad: 3.807975527785057e-14
Layer conv4.lin.weight grad: 3.807975527785057e-14
Layer fc.bias grad: 4.613792725649546e-08
Layer fc.weight grad: 1.8576735635877917e-11
Layer fc.weight grad: 1.8576735635877917e-11
Layer fc.weight grad: 1.8576735635877917e-11
Layer fc.bias grad: 4.613792725649546e-08
Layer fc.bias grad: 4.613792725649546e-08
Layer fc.bias grad: 4.613792725649546e-08
Softmax output at epoch 2: tensor([[0.0527, 0.0527, 0.0526, 0.0526, 0.0526, 0.0526, 0.0526, 0.0527, 0.0526,
         0.0526, 0.0526, 0.0527, 0.0526, 0.0526, 0.0527, 0.0526, 0.0526, 0.0526,
         0.0527],
        [0.0527, 0.0527, 0.0526, 0.0526, 0.0526, 0.0526, 0.0526, 0.0527, 0.0526,
         0.0526, 0.0526, 0.0527, 0.0526, 0.0526, 0.0527, 0.0526, 0.0526, 0.0526,
         0.0527],
        [0.0527, 0.0527, 0.0526, 0.0526, 0.0526, 0.0526, 0.0526, 0.0527, 0.0526,
         0.0526, 0.0526, 0.0527, 0.0526, 0.0526, 0.0527, 0.0526, 0.0526, 0.0526,
         0.0527],
        [0.0527, 0.0527, 0.0526, 0.0526, 0.0526, 0.0526, 0.0526, 0.0527, 0.0526,
         0.0526, 0.0526, 0.0527, 0.0526, 0.0526, 0.0527, 0.0526, 0.0526, 0.0526,
         0.0527],
        [0.0527, 0.0527, 0.0526, 0.0526, 0.0526, 0.0526, 0.0526, 0.0527, 0.0526,
         0.0526, 0.0526, 0.0527, 0.0526, 0.0526, 0.0527, 0.0526, 0.0526, 0.0526,
         0.0527]], device='cuda:2', grad_fn=<SliceBackward0>)
Softmax output at epoch 2: tensor([[0.0527, 0.0527, 0.0526, 0.0526, 0.0526, 0.0526, 0.0526, 0.0527, 0.0526,
         0.0526, 0.0526, 0.0527, 0.0526, 0.0526, 0.0527, 0.0526, 0.0526, 0.0526,
         0.0527],
        [0.0527, 0.0527, 0.0526, 0.0526, 0.0526, 0.0526, 0.0526, 0.0527, 0.0526,
         0.0526, 0.0526, 0.0527, 0.0526, 0.0526, 0.0527, 0.0526, 0.0526, 0.0526,
         0.0527],
        [0.0527, 0.0527, 0.0526, 0.0526, 0.0526, 0.0526, 0.0526, 0.0527, 0.0526,
         0.0526, 0.0526, 0.0527, 0.0526, 0.0526, 0.0527, 0.0526, 0.0526, 0.0526,
         0.0527],
        [0.0527, 0.0527, 0.0526, 0.0526, 0.0526, 0.0526, 0.0526, 0.0527, 0.0526,
         0.0526, 0.0526, 0.0527, 0.0526, 0.0526, 0.0527, 0.0526, 0.0526, 0.0526,
         0.0527],
        [0.0527, 0.0527, 0.0526, 0.0526, 0.0526, 0.0526, 0.0526, 0.0527, 0.0526,
         0.0526, 0.0526, 0.0527, 0.0526, 0.0526, 0.0527, 0.0526, 0.0526, 0.0526,
         0.0527]], device='cuda:0', grad_fn=<SliceBackward0>)
Softmax output at epoch 2: tensor([[0.0527, 0.0527, 0.0526, 0.0526, 0.0526, 0.0526, 0.0526, 0.0527, 0.0526,
         0.0526, 0.0526, 0.0527, 0.0526, 0.0526, 0.0527, 0.0526, 0.0526, 0.0526,
         0.0527],
        [0.0527, 0.0527, 0.0526, 0.0526, 0.0526, 0.0526, 0.0526, 0.0527, 0.0526,
         0.0526, 0.0526, 0.0527, 0.0526, 0.0526, 0.0527, 0.0526, 0.0526, 0.0526,
         0.0527],
        [0.0527, 0.0527, 0.0526, 0.0526, 0.0526, 0.0526, 0.0526, 0.0527, 0.0526,
         0.0526, 0.0526, 0.0527, 0.0526, 0.0526, 0.0527, 0.0526, 0.0526, 0.0526,
         0.0527],
        [0.0527, 0.0527, 0.0526, 0.0526, 0.0526, 0.0526, 0.0526, 0.0527, 0.0526,
         0.0526, 0.0526, 0.0527, 0.0526, 0.0526, 0.0527, 0.0526, 0.0526, 0.0526,
         0.0527],
        [0.0527, 0.0527, 0.0526, 0.0526, 0.0526, 0.0526, 0.0526, 0.0527, 0.0526,
         0.0526, 0.0526, 0.0527, 0.0526, 0.0526, 0.0527, 0.0526, 0.0526, 0.0526,
         0.0527]], device='cuda:3', grad_fn=<SliceBackward0>)
Softmax output at epoch 2: tensor([[0.0527, 0.0527, 0.0526, 0.0526, 0.0526, 0.0526, 0.0526, 0.0527, 0.0526,
         0.0526, 0.0526, 0.0527, 0.0526, 0.0526, 0.0527, 0.0526, 0.0526, 0.0526,
         0.0527],
        [0.0527, 0.0527, 0.0526, 0.0526, 0.0526, 0.0526, 0.0526, 0.0527, 0.0526,
         0.0526, 0.0526, 0.0527, 0.0526, 0.0526, 0.0527, 0.0526, 0.0526, 0.0526,
         0.0527],
        [0.0527, 0.0527, 0.0526, 0.0526, 0.0526, 0.0526, 0.0526, 0.0527, 0.0526,
         0.0526, 0.0526, 0.0527, 0.0526, 0.0526, 0.0527, 0.0526, 0.0526, 0.0526,
         0.0527],
        [0.0527, 0.0527, 0.0526, 0.0526, 0.0526, 0.0526, 0.0526, 0.0527, 0.0526,
         0.0526, 0.0526, 0.0527, 0.0526, 0.0526, 0.0527, 0.0526, 0.0526, 0.0526,
         0.0527],
        [0.0527, 0.0527, 0.0526, 0.0526, 0.0526, 0.0526, 0.0526, 0.0527, 0.0526,
         0.0526, 0.0526, 0.0527, 0.0526, 0.0526, 0.0527, 0.0526, 0.0526, 0.0526,
         0.0527]], device='cuda:1', grad_fn=<SliceBackward0>)
pt values at epoch 2: tensor([0.0527, 0.0527, 0.0527, 0.0527, 0.0527], device='cuda:2',
       grad_fn=<SliceBackward0>)
pt values at epoch 2: tensor([0.0527, 0.0527, 0.0527, 0.0527, 0.0527], device='cuda:0',
       grad_fn=<SliceBackward0>)pt values at epoch 2: tensor([0.0527, 0.0527, 0.0527, 0.0527, 0.0527], device='cuda:3',
       grad_fn=<SliceBackward0>)

pt values at epoch 2: tensor([0.0527, 0.0527, 0.0527, 0.0527, 0.0527], device='cuda:1',
       grad_fn=<SliceBackward0>)
Layer conv1.att_src grad: 1.8985237726915453e-22Layer conv1.att_src grad: 1.8985237726915453e-22Layer conv1.att_src grad: 1.8985237726915453e-22
Layer conv1.att_src grad: 1.8985237726915453e-22


Layer conv1.att_dst grad: 6.134922666072047e-23
Layer conv1.att_dst grad: 6.134922666072047e-23
Layer conv1.att_dst grad: 6.134922666072047e-23Layer conv1.att_dst grad: 6.134922666072047e-23

Layer conv1.bias grad: 1.4512517240795387e-16
Layer conv1.bias grad: 1.4512517240795387e-16
Layer conv1.bias grad: 1.4512517240795387e-16
Layer conv1.bias grad: 1.4512517240795387e-16
Layer conv1.lin.weight grad: 8.37263017777763e-17
Layer conv1.lin.weight grad: 8.37263017777763e-17
Layer conv1.lin.weight grad: 8.37263017777763e-17
Layer conv1.lin.weight grad: 8.37263017777763e-17
Layer conv2.att_src grad: 3.7913112644246856e-24
Layer conv2.att_src grad: 3.7913112644246856e-24
Layer conv2.att_src grad: 3.7913112644246856e-24
Layer conv2.att_src grad: 3.7913112644246856e-24
Layer conv2.att_dst grad: 1.59800480482184e-24
Layer conv2.att_dst grad: 1.59800480482184e-24
Layer conv2.att_dst grad: 1.59800480482184e-24
Layer conv2.att_dst grad: 1.59800480482184e-24
Layer conv2.bias grad: 8.97876608133008e-15
Layer conv2.bias grad: 8.97876608133008e-15
Layer conv2.bias grad: 8.97876608133008e-15
Layer conv2.bias grad: 8.97876608133008e-15
Layer conv2.lin.weight grad: 1.2048922079142377e-17
Layer conv2.lin.weight grad: 1.2048922079142377e-17
Layer conv2.lin.weight grad: 1.2048922079142377e-17
Layer conv2.lin.weight grad: 1.2048922079142377e-17
Layer conv3.att_src grad: 4.171509719671918e-23
Layer conv3.att_src grad: 4.171509719671918e-23
Layer conv3.att_src grad: 4.171509719671918e-23
Layer conv3.att_src grad: 4.171509719671918e-23
Layer conv3.att_dst grad: 1.759983547200088e-23
Layer conv3.att_dst grad: 1.759983547200088e-23
Layer conv3.att_dst grad: 1.759983547200088e-23
Layer conv3.att_dst grad: 1.759983547200088e-23
Layer conv3.bias grad: 1.0526717301659327e-12
Layer conv3.bias grad: 1.0526717301659327e-12
Layer conv3.bias grad: 1.0526717301659327e-12
Layer conv3.bias grad: 1.0526717301659327e-12
Layer conv3.lin.weight grad: 4.547964474571858e-16
Layer conv3.lin.weight grad: 4.547964474571858e-16
Layer conv3.lin.weight grad: 4.547964474571858e-16
Layer conv3.lin.weight grad: 4.547964474571858e-16
Layer conv4.att_src grad: 2.596493689513028e-21
Layer conv4.att_src grad: 2.596493689513028e-21
Layer conv4.att_src grad: 2.596493689513028e-21
Layer conv4.att_src grad: 2.596493689513028e-21
Layer conv4.att_dst grad: 6.665995818152592e-22
Layer conv4.att_dst grad: 6.665995818152592e-22
Layer conv4.att_dst grad: 6.665995818152592e-22
Layer conv4.att_dst grad: 6.665995818152592e-22
Layer conv4.bias grad: 8.724886091382444e-11
Layer conv4.bias grad: 8.724886091382444e-11
Layer conv4.bias grad: 8.724886091382444e-11
Layer conv4.bias grad: 8.724886091382444e-11
Layer conv4.lin.weight grad: 4.124100420974802e-14
Layer conv4.lin.weight grad: 4.124100420974802e-14
Layer conv4.lin.weight grad: 4.124100420974802e-14
Layer conv4.lin.weight grad: 4.124100420974802e-14
Layer fc.weight grad: 1.7860190756890937e-11
Layer fc.weight grad: 1.7860190756890937e-11
Layer fc.weight grad: 1.7860190756890937e-11
Layer fc.weight grad: 1.7860190756890937e-11
Layer fc.bias grad: 4.456786584228212e-08
Layer fc.bias grad: 4.456786584228212e-08
Layer fc.bias grad: 4.456786584228212e-08
Layer fc.bias grad: 4.456786584228212e-08
Softmax output at epoch 2: tensor([[0.0526, 0.0528, 0.0525, 0.0526, 0.0526, 0.0526, 0.0526, 0.0527, 0.0526,
         0.0526, 0.0526, 0.0528, 0.0525, 0.0527, 0.0528, 0.0526, 0.0527, 0.0525,
         0.0528],
        [0.0526, 0.0528, 0.0525, 0.0526, 0.0526, 0.0526, 0.0526, 0.0527, 0.0526,
         0.0526, 0.0526, 0.0528, 0.0525, 0.0527, 0.0528, 0.0526, 0.0527, 0.0525,
         0.0528],
        [0.0526, 0.0528, 0.0525, 0.0526, 0.0526, 0.0526, 0.0526, 0.0527, 0.0526,
         0.0526, 0.0526, 0.0528, 0.0525, 0.0527, 0.0528, 0.0526, 0.0527, 0.0525,
         0.0528],
        [0.0526, 0.0528, 0.0525, 0.0526, 0.0526, 0.0526, 0.0526, 0.0527, 0.0526,
         0.0526, 0.0526, 0.0528, 0.0525, 0.0527, 0.0528, 0.0526, 0.0527, 0.0525,
         0.0528],
        [0.0526, 0.0528, 0.0525, 0.0526, 0.0526, 0.0526, 0.0526, 0.0527, 0.0526,
         0.0526, 0.0526, 0.0528, 0.0525, 0.0527, 0.0528, 0.0526, 0.0527, 0.0525,
         0.0528]], device='cuda:2', grad_fn=<SliceBackward0>)
Softmax output at epoch 2: tensor([[0.0526, 0.0528, 0.0525, 0.0526, 0.0526, 0.0526, 0.0526, 0.0527, 0.0526,
         0.0526, 0.0526, 0.0528, 0.0525, 0.0527, 0.0528, 0.0526, 0.0527, 0.0525,
         0.0528],
        [0.0526, 0.0528, 0.0525, 0.0526, 0.0526, 0.0526, 0.0526, 0.0527, 0.0526,
         0.0526, 0.0526, 0.0528, 0.0525, 0.0527, 0.0528, 0.0526, 0.0527, 0.0525,
         0.0528],
        [0.0526, 0.0528, 0.0525, 0.0526, 0.0526, 0.0526, 0.0526, 0.0527, 0.0526,
         0.0526, 0.0526, 0.0528, 0.0525, 0.0527, 0.0528, 0.0526, 0.0527, 0.0525,
         0.0528],
        [0.0526, 0.0528, 0.0525, 0.0526, 0.0526, 0.0526, 0.0526, 0.0527, 0.0526,
         0.0526, 0.0526, 0.0528, 0.0525, 0.0527, 0.0528, 0.0526, 0.0527, 0.0525,
         0.0528],
        [0.0526, 0.0528, 0.0525, 0.0526, 0.0526, 0.0526, 0.0526, 0.0527, 0.0526,
         0.0526, 0.0526, 0.0528, 0.0525, 0.0527, 0.0528, 0.0526, 0.0527, 0.0525,
         0.0528]], device='cuda:3', grad_fn=<SliceBackward0>)
Softmax output at epoch 2: tensor([[0.0526, 0.0528, 0.0525, 0.0526, 0.0526, 0.0526, 0.0526, 0.0527, 0.0526,
         0.0526, 0.0526, 0.0528, 0.0525, 0.0527, 0.0528, 0.0526, 0.0527, 0.0525,
         0.0528],
        [0.0526, 0.0528, 0.0525, 0.0526, 0.0526, 0.0526, 0.0526, 0.0527, 0.0526,
         0.0526, 0.0526, 0.0528, 0.0525, 0.0527, 0.0528, 0.0526, 0.0527, 0.0525,
         0.0528],
        [0.0526, 0.0528, 0.0525, 0.0526, 0.0526, 0.0526, 0.0526, 0.0527, 0.0526,
         0.0526, 0.0526, 0.0528, 0.0525, 0.0527, 0.0528, 0.0526, 0.0527, 0.0525,
         0.0528],
        [0.0526, 0.0528, 0.0525, 0.0526, 0.0526, 0.0526, 0.0526, 0.0527, 0.0526,
         0.0526, 0.0526, 0.0528, 0.0525, 0.0527, 0.0528, 0.0526, 0.0527, 0.0525,
         0.0528],
        [0.0526, 0.0528, 0.0525, 0.0526, 0.0526, 0.0526, 0.0526, 0.0527, 0.0526,
         0.0526, 0.0526, 0.0528, 0.0525, 0.0527, 0.0528, 0.0526, 0.0527, 0.0525,
         0.0528]], device='cuda:0', grad_fn=<SliceBackward0>)
Softmax output at epoch 2: tensor([[0.0526, 0.0528, 0.0525, 0.0526, 0.0526, 0.0526, 0.0526, 0.0527, 0.0526,
         0.0526, 0.0526, 0.0528, 0.0525, 0.0527, 0.0528, 0.0526, 0.0527, 0.0525,
         0.0528],
        [0.0526, 0.0528, 0.0525, 0.0526, 0.0526, 0.0526, 0.0526, 0.0527, 0.0526,
         0.0526, 0.0526, 0.0528, 0.0525, 0.0527, 0.0528, 0.0526, 0.0527, 0.0525,
         0.0528],
        [0.0526, 0.0528, 0.0525, 0.0526, 0.0526, 0.0526, 0.0526, 0.0527, 0.0526,
         0.0526, 0.0526, 0.0528, 0.0525, 0.0527, 0.0528, 0.0526, 0.0527, 0.0525,
         0.0528],
        [0.0526, 0.0528, 0.0525, 0.0526, 0.0526, 0.0526, 0.0526, 0.0527, 0.0526,
         0.0526, 0.0526, 0.0528, 0.0525, 0.0527, 0.0528, 0.0526, 0.0527, 0.0525,
         0.0528],
        [0.0526, 0.0528, 0.0525, 0.0526, 0.0526, 0.0526, 0.0526, 0.0527, 0.0526,
         0.0526, 0.0526, 0.0528, 0.0525, 0.0527, 0.0528, 0.0526, 0.0527, 0.0525,
         0.0528]], device='cuda:1', grad_fn=<SliceBackward0>)
pt values at epoch 2: tensor([0.0526, 0.0526, 0.0526, 0.0526, 0.0526], device='cuda:2',
       grad_fn=<SliceBackward0>)
pt values at epoch 2: tensor([0.0526, 0.0526, 0.0526, 0.0526, 0.0526], device='cuda:3',
       grad_fn=<SliceBackward0>)
pt values at epoch 2: tensor([0.0526, 0.0526, 0.0526, 0.0526, 0.0526], device='cuda:0',
       grad_fn=<SliceBackward0>)
pt values at epoch 2: tensor([0.0526, 0.0526, 0.0526, 0.0526, 0.0526], device='cuda:1',
       grad_fn=<SliceBackward0>)
Layer conv1.att_src grad: 3.49941625807721e-21Layer conv1.att_src grad: 3.49941625807721e-21Layer conv1.att_src grad: 3.49941625807721e-21
Layer conv1.att_src grad: 3.49941625807721e-21


Layer conv1.att_dst grad: 1.4209153213635566e-22
Layer conv1.att_dst grad: 1.4209153213635566e-22Layer conv1.att_dst grad: 1.4209153213635566e-22

Layer conv1.att_dst grad: 1.4209153213635566e-22
Layer conv1.bias grad: 1.9649533837876303e-15Layer conv1.bias grad: 1.9649533837876303e-15

Layer conv1.bias grad: 1.9649533837876303e-15
Layer conv1.bias grad: 1.9649533837876303e-15
Layer conv1.lin.weight grad: 1.0317454220620456e-15Layer conv1.lin.weight grad: 1.0317454220620456e-15

Layer conv1.lin.weight grad: 1.0317454220620456e-15
Layer conv1.lin.weight grad: 1.0317454220620456e-15
Layer conv2.att_src grad: 1.4207945309817492e-22Layer conv2.att_src grad: 1.4207945309817492e-22

Layer conv2.att_src grad: 1.4207945309817492e-22
Layer conv2.att_src grad: 1.4207945309817492e-22
Layer conv2.att_dst grad: 7.860871440605099e-23Layer conv2.att_dst grad: 7.860871440605099e-23

Layer conv2.att_dst grad: 7.860871440605099e-23
Layer conv2.att_dst grad: 7.860871440605099e-23
Layer conv2.bias grad: 6.297507003719116e-14Layer conv2.bias grad: 6.297507003719116e-14

Layer conv2.bias grad: 6.297507003719116e-14
Layer conv2.bias grad: 6.297507003719116e-14
Layer conv2.lin.weight grad: 9.202872682086084e-17Layer conv2.lin.weight grad: 9.202872682086084e-17

Layer conv2.lin.weight grad: 9.202872682086084e-17
Layer conv2.lin.weight grad: 9.202872682086084e-17
Layer conv3.att_src grad: 3.205571250680901e-21
Layer conv3.att_src grad: 3.205571250680901e-21Layer conv3.att_src grad: 3.205571250680901e-21

Layer conv3.att_src grad: 3.205571250680901e-21
Layer conv3.att_dst grad: 1.2546140771863005e-21
Layer conv3.att_dst grad: 1.2546140771863005e-21Layer conv3.att_dst grad: 1.2546140771863005e-21
Layer conv3.att_dst grad: 1.2546140771863005e-21

Layer conv3.bias grad: 3.4638810916809426e-12
Layer conv3.bias grad: 3.4638810916809426e-12
Layer conv3.bias grad: 3.4638810916809426e-12Layer conv3.bias grad: 3.4638810916809426e-12

Layer conv3.lin.weight grad: 3.28259783653642e-15
Layer conv3.lin.weight grad: 3.28259783653642e-15
Layer conv3.lin.weight grad: 3.28259783653642e-15Layer conv3.lin.weight grad: 3.28259783653642e-15

Layer conv4.att_src grad: 7.540246299318672e-20
Layer conv4.att_src grad: 7.540246299318672e-20
Layer conv4.att_src grad: 7.540246299318672e-20Layer conv4.att_src grad: 7.540246299318672e-20

Layer conv4.att_dst grad: 2.4731394920931342e-20
Layer conv4.att_dst grad: 2.4731394920931342e-20
Layer conv4.att_dst grad: 2.4731394920931342e-20Layer conv4.att_dst grad: 2.4731394920931342e-20

Layer conv4.bias grad: 1.6202451880165114e-10
Layer conv4.bias grad: 1.6202451880165114e-10
Layer conv4.bias grad: 1.6202451880165114e-10Layer conv4.bias grad: 1.6202451880165114e-10

Layer conv4.lin.weight grad: 1.684830389352826e-13
Layer conv4.lin.weight grad: 1.684830389352826e-13
Layer conv4.lin.weight grad: 1.684830389352826e-13Layer conv4.lin.weight grad: 1.684830389352826e-13

Layer fc.weight grad: 3.7635741745312146e-11
Layer fc.weight grad: 3.7635741745312146e-11
Layer fc.weight grad: 3.7635741745312146e-11Layer fc.weight grad: 3.7635741745312146e-11
Layer fc.bias grad: 4.265627140398465e-08
Layer fc.bias grad: 4.265627140398465e-08

Layer fc.bias grad: 4.265627140398465e-08
Layer fc.bias grad: 4.265627140398465e-08
Softmax output at epoch 2: tensor([[0.0526, 0.0528, 0.0525, 0.0525, 0.0526, 0.0526, 0.0526, 0.0527, 0.0525,
         0.0525, 0.0526, 0.0528, 0.0525, 0.0527, 0.0528, 0.0526, 0.0527, 0.0525,
         0.0528],
        [0.0526, 0.0528, 0.0525, 0.0525, 0.0526, 0.0526, 0.0526, 0.0527, 0.0525,
         0.0525, 0.0526, 0.0528, 0.0525, 0.0527, 0.0528, 0.0526, 0.0527, 0.0525,
         0.0528],
        [0.0526, 0.0528, 0.0525, 0.0525, 0.0526, 0.0526, 0.0526, 0.0527, 0.0525,
         0.0525, 0.0526, 0.0528, 0.0525, 0.0527, 0.0528, 0.0526, 0.0527, 0.0525,
         0.0528],
        [0.0526, 0.0528, 0.0525, 0.0525, 0.0526, 0.0526, 0.0526, 0.0527, 0.0525,
         0.0525, 0.0526, 0.0528, 0.0525, 0.0527, 0.0528, 0.0526, 0.0527, 0.0525,
         0.0528],
        [0.0526, 0.0528, 0.0525, 0.0525, 0.0526, 0.0526, 0.0526, 0.0527, 0.0525,
         0.0525, 0.0526, 0.0528, 0.0525, 0.0527, 0.0528, 0.0526, 0.0527, 0.0525,
         0.0528]], device='cuda:2', grad_fn=<SliceBackward0>)
Softmax output at epoch 2: tensor([[0.0526, 0.0528, 0.0525, 0.0525, 0.0526, 0.0526, 0.0526, 0.0527, 0.0525,
         0.0525, 0.0526, 0.0528, 0.0525, 0.0527, 0.0528, 0.0526, 0.0527, 0.0525,
         0.0528],
        [0.0526, 0.0528, 0.0525, 0.0525, 0.0526, 0.0526, 0.0526, 0.0527, 0.0525,
         0.0525, 0.0526, 0.0528, 0.0525, 0.0527, 0.0528, 0.0526, 0.0527, 0.0525,
         0.0528],
        [0.0526, 0.0528, 0.0525, 0.0525, 0.0526, 0.0526, 0.0526, 0.0527, 0.0525,
         0.0525, 0.0526, 0.0528, 0.0525, 0.0527, 0.0528, 0.0526, 0.0527, 0.0525,
         0.0528],
        [0.0526, 0.0528, 0.0525, 0.0525, 0.0526, 0.0526, 0.0526, 0.0527, 0.0525,
         0.0525, 0.0526, 0.0528, 0.0525, 0.0527, 0.0528, 0.0526, 0.0527, 0.0525,
         0.0528],
        [0.0526, 0.0528, 0.0525, 0.0525, 0.0526, 0.0526, 0.0526, 0.0527, 0.0525,
         0.0525, 0.0526, 0.0528, 0.0525, 0.0527, 0.0528, 0.0526, 0.0527, 0.0525,
         0.0528]], device='cuda:0', grad_fn=<SliceBackward0>)
Softmax output at epoch 2: tensor([[0.0526, 0.0528, 0.0525, 0.0525, 0.0526, 0.0526, 0.0526, 0.0527, 0.0525,
         0.0525, 0.0526, 0.0528, 0.0525, 0.0527, 0.0528, 0.0526, 0.0527, 0.0525,
         0.0528],
        [0.0526, 0.0528, 0.0525, 0.0525, 0.0526, 0.0526, 0.0526, 0.0527, 0.0525,
         0.0525, 0.0526, 0.0528, 0.0525, 0.0527, 0.0528, 0.0526, 0.0527, 0.0525,
         0.0528],
        [0.0526, 0.0528, 0.0525, 0.0525, 0.0526, 0.0526, 0.0526, 0.0527, 0.0525,
         0.0525, 0.0526, 0.0528, 0.0525, 0.0527, 0.0528, 0.0526, 0.0527, 0.0525,
         0.0528],
        [0.0526, 0.0528, 0.0525, 0.0525, 0.0526, 0.0526, 0.0526, 0.0527, 0.0525,
         0.0525, 0.0526, 0.0528, 0.0525, 0.0527, 0.0528, 0.0526, 0.0527, 0.0525,
         0.0528],
        [0.0526, 0.0528, 0.0525, 0.0525, 0.0526, 0.0526, 0.0526, 0.0527, 0.0525,
         0.0525, 0.0526, 0.0528, 0.0525, 0.0527, 0.0528, 0.0526, 0.0527, 0.0525,
         0.0528]], device='cuda:3', grad_fn=<SliceBackward0>)
pt values at epoch 2: tensor([0.0526, 0.0526, 0.0526, 0.0526, 0.0526], device='cuda:2',
       grad_fn=<SliceBackward0>)
Softmax output at epoch 2: tensor([[0.0526, 0.0528, 0.0525, 0.0525, 0.0526, 0.0526, 0.0526, 0.0527, 0.0525,
         0.0525, 0.0526, 0.0528, 0.0525, 0.0527, 0.0528, 0.0526, 0.0527, 0.0525,
         0.0528],
        [0.0526, 0.0528, 0.0525, 0.0525, 0.0526, 0.0526, 0.0526, 0.0527, 0.0525,
         0.0525, 0.0526, 0.0528, 0.0525, 0.0527, 0.0528, 0.0526, 0.0527, 0.0525,
         0.0528],
        [0.0526, 0.0528, 0.0525, 0.0525, 0.0526, 0.0526, 0.0526, 0.0527, 0.0525,
         0.0525, 0.0526, 0.0528, 0.0525, 0.0527, 0.0528, 0.0526, 0.0527, 0.0525,
         0.0528],
        [0.0526, 0.0528, 0.0525, 0.0525, 0.0526, 0.0526, 0.0526, 0.0527, 0.0525,
         0.0525, 0.0526, 0.0528, 0.0525, 0.0527, 0.0528, 0.0526, 0.0527, 0.0525,
         0.0528],
        [0.0526, 0.0528, 0.0525, 0.0525, 0.0526, 0.0526, 0.0526, 0.0527, 0.0525,
         0.0525, 0.0526, 0.0528, 0.0525, 0.0527, 0.0528, 0.0526, 0.0527, 0.0525,
         0.0528]], device='cuda:1', grad_fn=<SliceBackward0>)
pt values at epoch 2: tensor([0.0526, 0.0526, 0.0526, 0.0526, 0.0526], device='cuda:0',
       grad_fn=<SliceBackward0>)
pt values at epoch 2: tensor([0.0526, 0.0526, 0.0526, 0.0526, 0.0526], device='cuda:3',
       grad_fn=<SliceBackward0>)
pt values at epoch 2: tensor([0.0526, 0.0526, 0.0526, 0.0526, 0.0526], device='cuda:1',
       grad_fn=<SliceBackward0>)
Layer conv1.att_src grad: 2.1036735765516774e-21Layer conv1.att_src grad: 2.1036735765516774e-21Layer conv1.att_src grad: 2.1036735765516774e-21Layer conv1.att_src grad: 2.1036735765516774e-21



Layer conv1.att_dst grad: 3.510736475176004e-22Layer conv1.att_dst grad: 3.510736475176004e-22Layer conv1.att_dst grad: 3.510736475176004e-22

Layer conv1.att_dst grad: 3.510736475176004e-22

Layer conv1.bias grad: 3.508793326419471e-15Layer conv1.bias grad: 3.508793326419471e-15

Layer conv1.bias grad: 3.508793326419471e-15Layer conv1.bias grad: 3.508793326419471e-15

Layer conv1.lin.weight grad: 2.093710226825046e-15Layer conv1.lin.weight grad: 2.093710226825046e-15

Layer conv1.lin.weight grad: 2.093710226825046e-15Layer conv1.lin.weight grad: 2.093710226825046e-15

Layer conv2.att_src grad: 1.9116448645736502e-22Layer conv2.att_src grad: 1.9116448645736502e-22

Layer conv2.att_src grad: 1.9116448645736502e-22Layer conv2.att_src grad: 1.9116448645736502e-22

Layer conv2.att_dst grad: 1.0021827779447053e-22Layer conv2.att_dst grad: 1.0021827779447053e-22

Layer conv2.att_dst grad: 1.0021827779447053e-22Layer conv2.att_dst grad: 1.0021827779447053e-22

Layer conv2.bias grad: 1.095237453247605e-13Layer conv2.bias grad: 1.095237453247605e-13

Layer conv2.bias grad: 1.095237453247605e-13Layer conv2.bias grad: 1.095237453247605e-13

Layer conv2.lin.weight grad: 1.5403164443899403e-16Layer conv2.lin.weight grad: 1.5403164443899403e-16

Layer conv2.lin.weight grad: 1.5403164443899403e-16Layer conv2.lin.weight grad: 1.5403164443899403e-16

Layer conv3.att_src grad: 7.124420989801131e-21Layer conv3.att_src grad: 7.124420989801131e-21

Layer conv3.att_src grad: 7.124420989801131e-21Layer conv3.att_src grad: 7.124420989801131e-21

Layer conv3.att_dst grad: 2.875495288168307e-21Layer conv3.att_dst grad: 2.875495288168307e-21

Layer conv3.att_dst grad: 2.875495288168307e-21Layer conv3.att_dst grad: 2.875495288168307e-21

Layer conv3.bias grad: 5.505010943623878e-12Layer conv3.bias grad: 5.505010943623878e-12

Layer conv3.bias grad: 5.505010943623878e-12Layer conv3.bias grad: 5.505010943623878e-12

Layer conv3.lin.weight grad: 5.608835759799953e-15Layer conv3.lin.weight grad: 5.608835759799953e-15

Layer conv3.lin.weight grad: 5.608835759799953e-15Layer conv3.lin.weight grad: 5.608835759799953e-15

Layer conv4.att_src grad: 1.0923343918826664e-19Layer conv4.att_src grad: 1.0923343918826664e-19

Layer conv4.att_src grad: 1.0923343918826664e-19Layer conv4.att_src grad: 1.0923343918826664e-19

Layer conv4.att_dst grad: 3.626153010279335e-20Layer conv4.att_dst grad: 3.626153010279335e-20

Layer conv4.att_dst grad: 3.626153010279335e-20Layer conv4.att_dst grad: 3.626153010279335e-20

Layer conv4.bias grad: 2.4987517610597365e-10Layer conv4.bias grad: 2.4987517610597365e-10

Layer conv4.bias grad: 2.4987517610597365e-10Layer conv4.bias grad: 2.4987517610597365e-10

Layer conv4.lin.weight grad: 2.795362682647684e-13Layer conv4.lin.weight grad: 2.795362682647684e-13

Layer conv4.lin.weight grad: 2.795362682647684e-13Layer conv4.lin.weight grad: 2.795362682647684e-13

Layer fc.weight grad: 5.21797570429694e-11Layer fc.weight grad: 5.21797570429694e-11

Layer fc.weight grad: 5.21797570429694e-11Layer fc.weight grad: 5.21797570429694e-11

Layer fc.bias grad: 5.4662972814867317e-08Layer fc.bias grad: 5.4662972814867317e-08

Layer fc.bias grad: 5.4662972814867317e-08Layer fc.bias grad: 5.4662972814867317e-08

Softmax output at epoch 2: tensor([[0.0526, 0.0527, 0.0526, 0.0526, 0.0526, 0.0526, 0.0526, 0.0527, 0.0526,
         0.0525, 0.0526, 0.0527, 0.0526, 0.0527, 0.0527, 0.0526, 0.0527, 0.0526,
         0.0527],
        [0.0526, 0.0527, 0.0526, 0.0526, 0.0526, 0.0526, 0.0526, 0.0527, 0.0526,
         0.0525, 0.0526, 0.0527, 0.0526, 0.0527, 0.0527, 0.0526, 0.0527, 0.0526,
         0.0527],
        [0.0526, 0.0527, 0.0526, 0.0526, 0.0526, 0.0526, 0.0526, 0.0527, 0.0526,
         0.0525, 0.0526, 0.0527, 0.0526, 0.0527, 0.0527, 0.0526, 0.0527, 0.0526,
         0.0527],
        [0.0526, 0.0527, 0.0526, 0.0526, 0.0526, 0.0526, 0.0526, 0.0527, 0.0526,
         0.0525, 0.0526, 0.0527, 0.0526, 0.0527, 0.0527, 0.0526, 0.0527, 0.0526,
         0.0527],
        [0.0526, 0.0527, 0.0526, 0.0526, 0.0526, 0.0526, 0.0526, 0.0527, 0.0526,
         0.0525, 0.0526, 0.0527, 0.0526, 0.0527, 0.0527, 0.0526, 0.0527, 0.0526,
         0.0527]], device='cuda:2', grad_fn=<SliceBackward0>)
Softmax output at epoch 2: tensor([[0.0526, 0.0527, 0.0526, 0.0526, 0.0526, 0.0526, 0.0526, 0.0527, 0.0526,
         0.0525, 0.0526, 0.0527, 0.0526, 0.0527, 0.0527, 0.0526, 0.0527, 0.0526,
         0.0527],
        [0.0526, 0.0527, 0.0526, 0.0526, 0.0526, 0.0526, 0.0526, 0.0527, 0.0526,
         0.0525, 0.0526, 0.0527, 0.0526, 0.0527, 0.0527, 0.0526, 0.0527, 0.0526,
         0.0527],
        [0.0526, 0.0527, 0.0526, 0.0526, 0.0526, 0.0526, 0.0526, 0.0527, 0.0526,
         0.0525, 0.0526, 0.0527, 0.0526, 0.0527, 0.0527, 0.0526, 0.0527, 0.0526,
         0.0527],
        [0.0526, 0.0527, 0.0526, 0.0526, 0.0526, 0.0526, 0.0526, 0.0527, 0.0526,
         0.0525, 0.0526, 0.0527, 0.0526, 0.0527, 0.0527, 0.0526, 0.0527, 0.0526,
         0.0527],
        [0.0526, 0.0527, 0.0526, 0.0526, 0.0526, 0.0526, 0.0526, 0.0527, 0.0526,
         0.0525, 0.0526, 0.0527, 0.0526, 0.0527, 0.0527, 0.0526, 0.0527, 0.0526,
         0.0527]], device='cuda:3', grad_fn=<SliceBackward0>)
Softmax output at epoch 2: tensor([[0.0526, 0.0527, 0.0526, 0.0526, 0.0526, 0.0526, 0.0526, 0.0527, 0.0526,
         0.0525, 0.0526, 0.0527, 0.0526, 0.0527, 0.0527, 0.0526, 0.0527, 0.0526,
         0.0527],
        [0.0526, 0.0527, 0.0526, 0.0526, 0.0526, 0.0526, 0.0526, 0.0527, 0.0526,
         0.0525, 0.0526, 0.0527, 0.0526, 0.0527, 0.0527, 0.0526, 0.0527, 0.0526,
         0.0527],
        [0.0526, 0.0527, 0.0526, 0.0526, 0.0526, 0.0526, 0.0526, 0.0527, 0.0526,
         0.0525, 0.0526, 0.0527, 0.0526, 0.0527, 0.0527, 0.0526, 0.0527, 0.0526,
         0.0527],
        [0.0526, 0.0527, 0.0526, 0.0526, 0.0526, 0.0526, 0.0526, 0.0527, 0.0526,
         0.0525, 0.0526, 0.0527, 0.0526, 0.0527, 0.0527, 0.0526, 0.0527, 0.0526,
         0.0527],
        [0.0526, 0.0527, 0.0526, 0.0526, 0.0526, 0.0526, 0.0526, 0.0527, 0.0526,
         0.0525, 0.0526, 0.0527, 0.0526, 0.0527, 0.0527, 0.0526, 0.0527, 0.0526,
         0.0527]], device='cuda:1', grad_fn=<SliceBackward0>)
Softmax output at epoch 2: tensor([[0.0526, 0.0527, 0.0526, 0.0526, 0.0526, 0.0526, 0.0526, 0.0527, 0.0526,
         0.0525, 0.0526, 0.0527, 0.0526, 0.0527, 0.0527, 0.0526, 0.0527, 0.0526,
         0.0527],
        [0.0526, 0.0527, 0.0526, 0.0526, 0.0526, 0.0526, 0.0526, 0.0527, 0.0526,
         0.0525, 0.0526, 0.0527, 0.0526, 0.0527, 0.0527, 0.0526, 0.0527, 0.0526,
         0.0527],
        [0.0526, 0.0527, 0.0526, 0.0526, 0.0526, 0.0526, 0.0526, 0.0527, 0.0526,
         0.0525, 0.0526, 0.0527, 0.0526, 0.0527, 0.0527, 0.0526, 0.0527, 0.0526,
         0.0527],
        [0.0526, 0.0527, 0.0526, 0.0526, 0.0526, 0.0526, 0.0526, 0.0527, 0.0526,
         0.0525, 0.0526, 0.0527, 0.0526, 0.0527, 0.0527, 0.0526, 0.0527, 0.0526,
         0.0527],
        [0.0526, 0.0527, 0.0526, 0.0526, 0.0526, 0.0526, 0.0526, 0.0527, 0.0526,
         0.0525, 0.0526, 0.0527, 0.0526, 0.0527, 0.0527, 0.0526, 0.0527, 0.0526,
         0.0527]], device='cuda:0', grad_fn=<SliceBackward0>)
pt values at epoch 2: tensor([0.0526, 0.0526, 0.0526, 0.0526, 0.0526], device='cuda:2',
       grad_fn=<SliceBackward0>)
pt values at epoch 2: tensor([0.0526, 0.0526, 0.0526, 0.0526, 0.0526], device='cuda:3',
       grad_fn=<SliceBackward0>)
pt values at epoch 2: tensor([0.0526, 0.0526, 0.0526, 0.0526, 0.0526], device='cuda:0',
       grad_fn=<SliceBackward0>)
pt values at epoch 2: tensor([0.0526, 0.0526, 0.0526, 0.0526, 0.0526], device='cuda:1',
       grad_fn=<SliceBackward0>)
Layer conv1.att_src grad: 6.5157285442163e-22Layer conv1.att_src grad: 6.5157285442163e-22Layer conv1.att_src grad: 6.5157285442163e-22Layer conv1.att_src grad: 6.5157285442163e-22



Layer conv1.att_dst grad: 3.149375071712363e-22Layer conv1.att_dst grad: 3.149375071712363e-22Layer conv1.att_dst grad: 3.149375071712363e-22Layer conv1.att_dst grad: 3.149375071712363e-22



Layer conv1.bias grad: 6.98599211214812e-16Layer conv1.bias grad: 6.98599211214812e-16Layer conv1.bias grad: 6.98599211214812e-16
Layer conv1.bias grad: 6.98599211214812e-16


Layer conv1.lin.weight grad: 4.267691330841659e-16
Layer conv1.lin.weight grad: 4.267691330841659e-16Layer conv1.lin.weight grad: 4.267691330841659e-16Layer conv1.lin.weight grad: 4.267691330841659e-16


Layer conv2.att_src grad: 2.07896939387361e-23
Layer conv2.att_src grad: 2.07896939387361e-23Layer conv2.att_src grad: 2.07896939387361e-23
Layer conv2.att_src grad: 2.07896939387361e-23

Layer conv2.att_dst grad: 6.5009246226967414e-24
Layer conv2.att_dst grad: 6.5009246226967414e-24
Layer conv2.att_dst grad: 6.5009246226967414e-24Layer conv2.att_dst grad: 6.5009246226967414e-24

Layer conv2.bias grad: 2.6166548582843424e-14
Layer conv2.bias grad: 2.6166548582843424e-14
Layer conv2.bias grad: 2.6166548582843424e-14Layer conv2.bias grad: 2.6166548582843424e-14

Layer conv2.lin.weight grad: 2.8736929459472025e-17
Layer conv2.lin.weight grad: 2.8736929459472025e-17
Layer conv2.lin.weight grad: 2.8736929459472025e-17Layer conv2.lin.weight grad: 2.8736929459472025e-17

Layer conv3.att_src grad: 7.151929087058942e-22
Layer conv3.att_src grad: 7.151929087058942e-22
Layer conv3.att_src grad: 7.151929087058942e-22Layer conv3.att_src grad: 7.151929087058942e-22

Layer conv3.att_dst grad: 1.7397282181722179e-22
Layer conv3.att_dst grad: 1.7397282181722179e-22
Layer conv3.att_dst grad: 1.7397282181722179e-22Layer conv3.att_dst grad: 1.7397282181722179e-22

Layer conv3.bias grad: 1.6168889144241305e-12
Layer conv3.bias grad: 1.6168889144241305e-12
Layer conv3.bias grad: 1.6168889144241305e-12Layer conv3.bias grad: 1.6168889144241305e-12

Layer conv3.lin.weight grad: 1.1709031944170337e-15
Layer conv3.lin.weight grad: 1.1709031944170337e-15
Layer conv3.lin.weight grad: 1.1709031944170337e-15Layer conv3.lin.weight grad: 1.1709031944170337e-15

Layer conv4.att_src grad: 1.9088383322378792e-20
Layer conv4.att_src grad: 1.9088383322378792e-20
Layer conv4.att_src grad: 1.9088383322378792e-20Layer conv4.att_src grad: 1.9088383322378792e-20

Layer conv4.att_dst grad: 3.7546503485606195e-21
Layer conv4.att_dst grad: 3.7546503485606195e-21
Layer conv4.att_dst grad: 3.7546503485606195e-21Layer conv4.att_dst grad: 3.7546503485606195e-21
Layer conv4.bias grad: 1.0326529908954996e-10

Layer conv4.bias grad: 1.0326529908954996e-10
Layer conv4.bias grad: 1.0326529908954996e-10
Layer conv4.bias grad: 1.0326529908954996e-10
Layer conv4.lin.weight grad: 8.167591088051665e-14
Layer conv4.lin.weight grad: 8.167591088051665e-14
Layer conv4.lin.weight grad: 8.167591088051665e-14
Layer conv4.lin.weight grad: 8.167591088051665e-14
Layer fc.weight grad: 2.53189101628859e-11Layer fc.weight grad: 2.53189101628859e-11

Layer fc.weight grad: 2.53189101628859e-11
Layer fc.weight grad: 2.53189101628859e-11
Layer fc.bias grad: 3.751343413682662e-08Layer fc.bias grad: 3.751343413682662e-08

Layer fc.bias grad: 3.751343413682662e-08
Layer fc.bias grad: 3.751343413682662e-08
Softmax output at epoch 2: tensor([[0.0526, 0.0527, 0.0526, 0.0526, 0.0526, 0.0526, 0.0526, 0.0526, 0.0526,
         0.0526, 0.0526, 0.0527, 0.0526, 0.0527, 0.0527, 0.0526, 0.0527, 0.0526,
         0.0527],
        [0.0526, 0.0527, 0.0526, 0.0526, 0.0526, 0.0526, 0.0526, 0.0526, 0.0526,
         0.0526, 0.0526, 0.0527, 0.0526, 0.0527, 0.0527, 0.0526, 0.0527, 0.0526,
         0.0527],
        [0.0526, 0.0527, 0.0526, 0.0526, 0.0526, 0.0526, 0.0526, 0.0526, 0.0526,
         0.0526, 0.0526, 0.0527, 0.0526, 0.0527, 0.0527, 0.0526, 0.0527, 0.0526,
         0.0527],
        [0.0526, 0.0527, 0.0526, 0.0526, 0.0526, 0.0526, 0.0526, 0.0526, 0.0526,
         0.0526, 0.0526, 0.0527, 0.0526, 0.0527, 0.0527, 0.0526, 0.0527, 0.0526,
         0.0527],
        [0.0526, 0.0527, 0.0526, 0.0526, 0.0526, 0.0526, 0.0526, 0.0526, 0.0526,
         0.0526, 0.0526, 0.0527, 0.0526, 0.0527, 0.0527, 0.0526, 0.0527, 0.0526,
         0.0527]], device='cuda:2', grad_fn=<SliceBackward0>)
Softmax output at epoch 2: tensor([[0.0526, 0.0527, 0.0526, 0.0526, 0.0526, 0.0526, 0.0526, 0.0526, 0.0526,
         0.0526, 0.0526, 0.0527, 0.0526, 0.0527, 0.0527, 0.0526, 0.0527, 0.0526,
         0.0527],
        [0.0526, 0.0527, 0.0526, 0.0526, 0.0526, 0.0526, 0.0526, 0.0526, 0.0526,
         0.0526, 0.0526, 0.0527, 0.0526, 0.0527, 0.0527, 0.0526, 0.0527, 0.0526,
         0.0527],
        [0.0526, 0.0527, 0.0526, 0.0526, 0.0526, 0.0526, 0.0526, 0.0526, 0.0526,
         0.0526, 0.0526, 0.0527, 0.0526, 0.0527, 0.0527, 0.0526, 0.0527, 0.0526,
         0.0527],
        [0.0526, 0.0527, 0.0526, 0.0526, 0.0526, 0.0526, 0.0526, 0.0526, 0.0526,
         0.0526, 0.0526, 0.0527, 0.0526, 0.0527, 0.0527, 0.0526, 0.0527, 0.0526,
         0.0527],
        [0.0526, 0.0527, 0.0526, 0.0526, 0.0526, 0.0526, 0.0526, 0.0526, 0.0526,
         0.0526, 0.0526, 0.0527, 0.0526, 0.0527, 0.0527, 0.0526, 0.0527, 0.0526,
         0.0527]], device='cuda:3', grad_fn=<SliceBackward0>)
Softmax output at epoch 2: tensor([[0.0526, 0.0527, 0.0526, 0.0526, 0.0526, 0.0526, 0.0526, 0.0526, 0.0526,
         0.0526, 0.0526, 0.0527, 0.0526, 0.0527, 0.0527, 0.0526, 0.0527, 0.0526,
         0.0527],
        [0.0526, 0.0527, 0.0526, 0.0526, 0.0526, 0.0526, 0.0526, 0.0526, 0.0526,
         0.0526, 0.0526, 0.0527, 0.0526, 0.0527, 0.0527, 0.0526, 0.0527, 0.0526,
         0.0527],
        [0.0526, 0.0527, 0.0526, 0.0526, 0.0526, 0.0526, 0.0526, 0.0526, 0.0526,
         0.0526, 0.0526, 0.0527, 0.0526, 0.0527, 0.0527, 0.0526, 0.0527, 0.0526,
         0.0527],
        [0.0526, 0.0527, 0.0526, 0.0526, 0.0526, 0.0526, 0.0526, 0.0526, 0.0526,
         0.0526, 0.0526, 0.0527, 0.0526, 0.0527, 0.0527, 0.0526, 0.0527, 0.0526,
         0.0527],
        [0.0526, 0.0527, 0.0526, 0.0526, 0.0526, 0.0526, 0.0526, 0.0526, 0.0526,
         0.0526, 0.0526, 0.0527, 0.0526, 0.0527, 0.0527, 0.0526, 0.0527, 0.0526,
         0.0527]], device='cuda:0', grad_fn=<SliceBackward0>)
Softmax output at epoch 2: tensor([[0.0526, 0.0527, 0.0526, 0.0526, 0.0526, 0.0526, 0.0526, 0.0526, 0.0526,
         0.0526, 0.0526, 0.0527, 0.0526, 0.0527, 0.0527, 0.0526, 0.0527, 0.0526,
         0.0527],
        [0.0526, 0.0527, 0.0526, 0.0526, 0.0526, 0.0526, 0.0526, 0.0526, 0.0526,
         0.0526, 0.0526, 0.0527, 0.0526, 0.0527, 0.0527, 0.0526, 0.0527, 0.0526,
         0.0527],
        [0.0526, 0.0527, 0.0526, 0.0526, 0.0526, 0.0526, 0.0526, 0.0526, 0.0526,
         0.0526, 0.0526, 0.0527, 0.0526, 0.0527, 0.0527, 0.0526, 0.0527, 0.0526,
         0.0527],
        [0.0526, 0.0527, 0.0526, 0.0526, 0.0526, 0.0526, 0.0526, 0.0526, 0.0526,
         0.0526, 0.0526, 0.0527, 0.0526, 0.0527, 0.0527, 0.0526, 0.0527, 0.0526,
         0.0527],
        [0.0526, 0.0527, 0.0526, 0.0526, 0.0526, 0.0526, 0.0526, 0.0526, 0.0526,
         0.0526, 0.0526, 0.0527, 0.0526, 0.0527, 0.0527, 0.0526, 0.0527, 0.0526,
         0.0527]], device='cuda:1', grad_fn=<SliceBackward0>)
pt values at epoch 2: tensor([0.0526, 0.0526, 0.0526, 0.0526, 0.0526], device='cuda:2',
       grad_fn=<SliceBackward0>)
pt values at epoch 2: tensor([0.0526, 0.0526, 0.0526, 0.0526, 0.0526], device='cuda:3',
       grad_fn=<SliceBackward0>)
pt values at epoch 2: tensor([0.0526, 0.0526, 0.0526, 0.0526, 0.0526], device='cuda:0',
       grad_fn=<SliceBackward0>)
pt values at epoch 2: tensor([0.0526, 0.0526, 0.0526, 0.0526, 0.0526], device='cuda:1',
       grad_fn=<SliceBackward0>)
Layer conv1.att_src grad: 8.293534510303684e-24Layer conv1.att_src grad: 8.293534510303684e-24

Layer conv1.att_dst grad: 2.8940101865131463e-24
Layer conv1.att_dst grad: 2.8940101865131463e-24
Layer conv1.bias grad: 4.38504655454366e-17
Layer conv1.bias grad: 4.38504655454366e-17
Layer conv1.lin.weight grad: 2.842631983073591e-17
Layer conv1.lin.weight grad: 2.842631983073591e-17
Layer conv2.att_src grad: 3.1759909822747258e-25
Layer conv2.att_src grad: 3.1759909822747258e-25
Layer conv2.att_dst grad: 1.888508355195814e-25
Layer conv2.att_dst grad: 1.888508355195814e-25
Layer conv2.bias grad: 5.168990185015635e-15
Layer conv2.bias grad: 5.168990185015635e-15
Layer conv2.lin.weight grad: 3.0428525392671542e-18
Layer conv1.att_src grad: 8.293534510303684e-24Layer conv1.att_src grad: 8.293534510303684e-24
Layer conv3.att_src grad: 6.476667544291648e-24
Layer conv2.lin.weight grad: 3.0428525392671542e-18

Layer conv3.att_dst grad: 1.0758281893721065e-24
Layer conv1.att_dst grad: 2.8940101865131463e-24Layer conv3.att_src grad: 6.476667544291648e-24Layer conv1.att_dst grad: 2.8940101865131463e-24


Layer conv3.bias grad: 9.287666122292926e-13
Layer conv3.att_dst grad: 1.0758281893721065e-24
Layer conv1.bias grad: 4.38504655454366e-17
Layer conv1.bias grad: 4.38504655454366e-17
Layer conv3.lin.weight grad: 1.8714986505302873e-16
Layer conv3.bias grad: 9.287666122292926e-13
Layer conv1.lin.weight grad: 2.842631983073591e-17
Layer conv4.att_src grad: 6.181503955892262e-22
Layer conv1.lin.weight grad: 2.842631983073591e-17
Layer conv3.lin.weight grad: 1.8714986505302873e-16
Layer conv4.att_dst grad: 9.934579763329609e-23
Layer conv2.att_src grad: 3.1759909822747258e-25
Layer conv4.att_src grad: 6.181503955892262e-22Layer conv4.bias grad: 1.0835296548883377e-10

Layer conv2.att_src grad: 3.1759909822747258e-25
Layer conv2.att_dst grad: 1.888508355195814e-25
Layer conv4.att_dst grad: 9.934579763329609e-23Layer conv4.lin.weight grad: 2.4944891597743386e-14

Layer conv2.att_dst grad: 1.888508355195814e-25Layer conv2.bias grad: 5.168990185015635e-15

Layer conv4.bias grad: 1.0835296548883377e-10Layer fc.weight grad: 2.0647572193666086e-11

Layer conv2.lin.weight grad: 3.0428525392671542e-18Layer fc.bias grad: 1.0537149819356273e-07

Layer conv4.lin.weight grad: 2.4944891597743386e-14
Layer conv3.att_src grad: 6.476667544291648e-24Layer fc.weight grad: 2.0647572193666086e-11

Layer conv2.bias grad: 5.168990185015635e-15
Layer fc.bias grad: 1.0537149819356273e-07Layer conv3.att_dst grad: 1.0758281893721065e-24

Layer conv2.lin.weight grad: 3.0428525392671542e-18
Layer conv3.bias grad: 9.287666122292926e-13
Layer conv3.att_src grad: 6.476667544291648e-24Layer conv3.lin.weight grad: 1.8714986505302873e-16

Layer conv4.att_src grad: 6.181503955892262e-22Layer conv3.att_dst grad: 1.0758281893721065e-24

Layer conv4.att_dst grad: 9.934579763329609e-23
Layer conv3.bias grad: 9.287666122292926e-13
Layer conv4.bias grad: 1.0835296548883377e-10
Layer conv3.lin.weight grad: 1.8714986505302873e-16
Layer conv4.lin.weight grad: 2.4944891597743386e-14
Layer conv4.att_src grad: 6.181503955892262e-22
Layer fc.weight grad: 2.0647572193666086e-11
Layer conv4.att_dst grad: 9.934579763329609e-23Layer fc.bias grad: 1.0537149819356273e-07

Layer conv4.bias grad: 1.0835296548883377e-10
Layer conv4.lin.weight grad: 2.4944891597743386e-14
Layer fc.weight grad: 2.0647572193666086e-11
Layer fc.bias grad: 1.0537149819356273e-07
Softmax output at epoch 3: tensor([[0.0526, 0.0526, 0.0526, 0.0526, 0.0527, 0.0527, 0.0527, 0.0526, 0.0526,
         0.0526, 0.0526, 0.0526, 0.0527, 0.0526, 0.0526, 0.0527, 0.0526, 0.0527,
         0.0526],
        [0.0526, 0.0526, 0.0526, 0.0526, 0.0527, 0.0527, 0.0527, 0.0526, 0.0526,
         0.0526, 0.0526, 0.0526, 0.0527, 0.0526, 0.0526, 0.0527, 0.0526, 0.0527,
         0.0526],
        [0.0526, 0.0526, 0.0526, 0.0526, 0.0527, 0.0527, 0.0527, 0.0526, 0.0526,
         0.0526, 0.0526, 0.0526, 0.0527, 0.0526, 0.0526, 0.0527, 0.0526, 0.0527,
         0.0526],
        [0.0526, 0.0526, 0.0526, 0.0526, 0.0527, 0.0527, 0.0527, 0.0526, 0.0526,
         0.0526, 0.0526, 0.0526, 0.0527, 0.0526, 0.0526, 0.0527, 0.0526, 0.0527,
         0.0526],
        [0.0526, 0.0526, 0.0526, 0.0526, 0.0527, 0.0527, 0.0527, 0.0526, 0.0526,
         0.0526, 0.0526, 0.0526, 0.0527, 0.0526, 0.0526, 0.0527, 0.0526, 0.0527,
         0.0526]], device='cuda:2', grad_fn=<SliceBackward0>)
Softmax output at epoch 3: tensor([[0.0526, 0.0526, 0.0526, 0.0526, 0.0527, 0.0527, 0.0527, 0.0526, 0.0526,
         0.0526, 0.0526, 0.0526, 0.0527, 0.0526, 0.0526, 0.0527, 0.0526, 0.0527,
         0.0526],
        [0.0526, 0.0526, 0.0526, 0.0526, 0.0527, 0.0527, 0.0527, 0.0526, 0.0526,
         0.0526, 0.0526, 0.0526, 0.0527, 0.0526, 0.0526, 0.0527, 0.0526, 0.0527,
         0.0526],
        [0.0526, 0.0526, 0.0526, 0.0526, 0.0527, 0.0527, 0.0527, 0.0526, 0.0526,
         0.0526, 0.0526, 0.0526, 0.0527, 0.0526, 0.0526, 0.0527, 0.0526, 0.0527,
         0.0526],
        [0.0526, 0.0526, 0.0526, 0.0526, 0.0527, 0.0527, 0.0527, 0.0526, 0.0526,
         0.0526, 0.0526, 0.0526, 0.0527, 0.0526, 0.0526, 0.0527, 0.0526, 0.0527,
         0.0526],
        [0.0526, 0.0526, 0.0526, 0.0526, 0.0527, 0.0527, 0.0527, 0.0526, 0.0526,
         0.0526, 0.0526, 0.0526, 0.0527, 0.0526, 0.0526, 0.0527, 0.0526, 0.0527,
         0.0526]], device='cuda:3', grad_fn=<SliceBackward0>)
Softmax output at epoch 3: tensor([[0.0526, 0.0526, 0.0526, 0.0526, 0.0527, 0.0527, 0.0527, 0.0526, 0.0526,
         0.0526, 0.0526, 0.0526, 0.0527, 0.0526, 0.0526, 0.0527, 0.0526, 0.0527,
         0.0526],
        [0.0526, 0.0526, 0.0526, 0.0526, 0.0527, 0.0527, 0.0527, 0.0526, 0.0526,
         0.0526, 0.0526, 0.0526, 0.0527, 0.0526, 0.0526, 0.0527, 0.0526, 0.0527,
         0.0526],
        [0.0526, 0.0526, 0.0526, 0.0526, 0.0527, 0.0527, 0.0527, 0.0526, 0.0526,
         0.0526, 0.0526, 0.0526, 0.0527, 0.0526, 0.0526, 0.0527, 0.0526, 0.0527,
         0.0526],
        [0.0526, 0.0526, 0.0526, 0.0526, 0.0527, 0.0527, 0.0527, 0.0526, 0.0526,
         0.0526, 0.0526, 0.0526, 0.0527, 0.0526, 0.0526, 0.0527, 0.0526, 0.0527,
         0.0526],
        [0.0526, 0.0526, 0.0526, 0.0526, 0.0527, 0.0527, 0.0527, 0.0526, 0.0526,
         0.0526, 0.0526, 0.0526, 0.0527, 0.0526, 0.0526, 0.0527, 0.0526, 0.0527,
         0.0526]], device='cuda:1', grad_fn=<SliceBackward0>)
pt values at epoch 3: tensor([0.0526, 0.0526, 0.0526, 0.0526, 0.0526], device='cuda:2',
       grad_fn=<SliceBackward0>)
pt values at epoch 3: tensor([0.0526, 0.0526, 0.0526, 0.0526, 0.0526], device='cuda:3',
       grad_fn=<SliceBackward0>)
pt values at epoch 3: tensor([0.0526, 0.0526, 0.0526, 0.0526, 0.0526], device='cuda:1',
       grad_fn=<SliceBackward0>)
Precision: 0.0000, Recall: 0.0005, F1-Score: 0.0000
Fold 3, Epoch 2, Train Loss: 0.0000, Val Loss: 0.0000, Val Acc: 0.0004
Softmax output at epoch 3: tensor([[0.0526, 0.0526, 0.0526, 0.0526, 0.0527, 0.0527, 0.0527, 0.0526, 0.0526,
         0.0526, 0.0526, 0.0526, 0.0527, 0.0526, 0.0526, 0.0527, 0.0526, 0.0527,
         0.0526],
        [0.0526, 0.0526, 0.0526, 0.0526, 0.0527, 0.0527, 0.0527, 0.0526, 0.0526,
         0.0526, 0.0526, 0.0526, 0.0527, 0.0526, 0.0526, 0.0527, 0.0526, 0.0527,
         0.0526],
        [0.0526, 0.0526, 0.0526, 0.0526, 0.0527, 0.0527, 0.0527, 0.0526, 0.0526,
         0.0526, 0.0526, 0.0526, 0.0527, 0.0526, 0.0526, 0.0527, 0.0526, 0.0527,
         0.0526],
        [0.0526, 0.0526, 0.0526, 0.0526, 0.0527, 0.0527, 0.0527, 0.0526, 0.0526,
         0.0526, 0.0526, 0.0526, 0.0527, 0.0526, 0.0526, 0.0527, 0.0526, 0.0527,
         0.0526],
        [0.0526, 0.0526, 0.0526, 0.0526, 0.0527, 0.0527, 0.0527, 0.0526, 0.0526,
         0.0526, 0.0526, 0.0526, 0.0527, 0.0526, 0.0526, 0.0527, 0.0526, 0.0527,
         0.0526]], device='cuda:0', grad_fn=<SliceBackward0>)
pt values at epoch 3: tensor([0.0526, 0.0526, 0.0526, 0.0526, 0.0526], device='cuda:0',
       grad_fn=<SliceBackward0>)
Layer conv1.att_src grad: 2.727824843357807e-23Layer conv1.att_src grad: 2.727824843357807e-23Layer conv1.att_src grad: 2.727824843357807e-23Layer conv1.att_src grad: 2.727824843357807e-23



Layer conv1.att_dst grad: 1.1536557468885368e-23Layer conv1.att_dst grad: 1.1536557468885368e-23Layer conv1.att_dst grad: 1.1536557468885368e-23Layer conv1.att_dst grad: 1.1536557468885368e-23



Layer conv1.bias grad: 9.217204744251423e-17Layer conv1.bias grad: 9.217204744251423e-17

Layer conv1.bias grad: 9.217204744251423e-17
Layer conv1.bias grad: 9.217204744251423e-17
Layer conv1.lin.weight grad: 5.014561771815301e-17Layer conv1.lin.weight grad: 5.014561771815301e-17

Layer conv1.lin.weight grad: 5.014561771815301e-17
Layer conv1.lin.weight grad: 5.014561771815301e-17
Layer conv2.att_src grad: 8.464732906739522e-25Layer conv2.att_src grad: 8.464732906739522e-25

Layer conv2.att_src grad: 8.464732906739522e-25Layer conv2.att_src grad: 8.464732906739522e-25

Layer conv2.att_dst grad: 3.210246034488784e-25Layer conv2.att_dst grad: 3.210246034488784e-25

Layer conv2.att_dst grad: 3.210246034488784e-25Layer conv2.att_dst grad: 3.210246034488784e-25

Layer conv2.bias grad: 7.135688456674609e-15Layer conv2.bias grad: 7.135688456674609e-15

Layer conv2.bias grad: 7.135688456674609e-15Layer conv2.bias grad: 7.135688456674609e-15

Layer conv2.lin.weight grad: 5.381853786590487e-18Layer conv2.lin.weight grad: 5.381853786590487e-18

Layer conv2.lin.weight grad: 5.381853786590487e-18
Layer conv2.lin.weight grad: 5.381853786590487e-18
Layer conv3.att_src grad: 2.2974127093661793e-23Layer conv3.att_src grad: 2.2974127093661793e-23

Layer conv3.att_src grad: 2.2974127093661793e-23
Layer conv3.att_src grad: 2.2974127093661793e-23
Layer conv3.att_dst grad: 2.5287727149917017e-24Layer conv3.att_dst grad: 2.5287727149917017e-24

Layer conv3.att_dst grad: 2.5287727149917017e-24
Layer conv3.att_dst grad: 2.5287727149917017e-24
Layer conv3.bias grad: 8.262339922480988e-13Layer conv3.bias grad: 8.262339922480988e-13
Layer conv3.bias grad: 8.262339922480988e-13

Layer conv3.bias grad: 8.262339922480988e-13
Layer conv3.lin.weight grad: 2.9017882347142396e-16
Layer conv3.lin.weight grad: 2.9017882347142396e-16Layer conv3.lin.weight grad: 2.9017882347142396e-16
Layer conv3.lin.weight grad: 2.9017882347142396e-16

Layer conv4.att_src grad: 8.624807875317982e-22
Layer conv4.att_src grad: 8.624807875317982e-22
Layer conv4.att_src grad: 8.624807875317982e-22Layer conv4.att_src grad: 8.624807875317982e-22

Layer conv4.att_dst grad: 3.92841144011088e-22
Layer conv4.att_dst grad: 3.92841144011088e-22
Layer conv4.att_dst grad: 3.92841144011088e-22Layer conv4.att_dst grad: 3.92841144011088e-22

Layer conv4.bias grad: 8.91662438329277e-11
Layer conv4.bias grad: 8.91662438329277e-11
Layer conv4.bias grad: 8.91662438329277e-11Layer conv4.bias grad: 8.91662438329277e-11

Layer conv4.lin.weight grad: 2.8068425540631395e-14
Layer conv4.lin.weight grad: 2.8068425540631395e-14
Layer conv4.lin.weight grad: 2.8068425540631395e-14Layer conv4.lin.weight grad: 2.8068425540631395e-14

Layer fc.weight grad: 2.1085435480960868e-11
Layer fc.weight grad: 2.1085435480960868e-11
Layer fc.weight grad: 2.1085435480960868e-11Layer fc.weight grad: 2.1085435480960868e-11

Layer fc.bias grad: 5.656617219074178e-08
Layer fc.bias grad: 5.656617219074178e-08
Layer fc.bias grad: 5.656617219074178e-08Layer fc.bias grad: 5.656617219074178e-08

Softmax output at epoch 3: tensor([[0.0526, 0.0525, 0.0527, 0.0527, 0.0527, 0.0527, 0.0527, 0.0526, 0.0527,
         0.0527, 0.0527, 0.0525, 0.0527, 0.0526, 0.0526, 0.0527, 0.0526, 0.0527,
         0.0525],
        [0.0526, 0.0525, 0.0527, 0.0527, 0.0527, 0.0527, 0.0527, 0.0526, 0.0527,
         0.0527, 0.0527, 0.0525, 0.0527, 0.0526, 0.0526, 0.0527, 0.0526, 0.0527,
         0.0525],
        [0.0526, 0.0525, 0.0527, 0.0527, 0.0527, 0.0527, 0.0527, 0.0526, 0.0527,
         0.0527, 0.0527, 0.0525, 0.0527, 0.0526, 0.0526, 0.0527, 0.0526, 0.0527,
         0.0525],
        [0.0526, 0.0525, 0.0527, 0.0527, 0.0527, 0.0527, 0.0527, 0.0526, 0.0527,
         0.0527, 0.0527, 0.0525, 0.0527, 0.0526, 0.0526, 0.0527, 0.0526, 0.0527,
         0.0525],
        [0.0526, 0.0525, 0.0527, 0.0527, 0.0527, 0.0527, 0.0527, 0.0526, 0.0527,
         0.0527, 0.0527, 0.0525, 0.0527, 0.0526, 0.0526, 0.0527, 0.0526, 0.0527,
         0.0525]], device='cuda:2', grad_fn=<SliceBackward0>)
Softmax output at epoch 3: tensor([[0.0526, 0.0525, 0.0527, 0.0527, 0.0527, 0.0527, 0.0527, 0.0526, 0.0527,
         0.0527, 0.0527, 0.0525, 0.0527, 0.0526, 0.0526, 0.0527, 0.0526, 0.0527,
         0.0525],
        [0.0526, 0.0525, 0.0527, 0.0527, 0.0527, 0.0527, 0.0527, 0.0526, 0.0527,
         0.0527, 0.0527, 0.0525, 0.0527, 0.0526, 0.0526, 0.0527, 0.0526, 0.0527,
         0.0525],
        [0.0526, 0.0525, 0.0527, 0.0527, 0.0527, 0.0527, 0.0527, 0.0526, 0.0527,
         0.0527, 0.0527, 0.0525, 0.0527, 0.0526, 0.0526, 0.0527, 0.0526, 0.0527,
         0.0525],
        [0.0526, 0.0525, 0.0527, 0.0527, 0.0527, 0.0527, 0.0527, 0.0526, 0.0527,
         0.0527, 0.0527, 0.0525, 0.0527, 0.0526, 0.0526, 0.0527, 0.0526, 0.0527,
         0.0525],
        [0.0526, 0.0525, 0.0527, 0.0527, 0.0527, 0.0527, 0.0527, 0.0526, 0.0527,
         0.0527, 0.0527, 0.0525, 0.0527, 0.0526, 0.0526, 0.0527, 0.0526, 0.0527,
         0.0525]], device='cuda:0', grad_fn=<SliceBackward0>)
Softmax output at epoch 3: tensor([[0.0526, 0.0525, 0.0527, 0.0527, 0.0527, 0.0527, 0.0527, 0.0526, 0.0527,
         0.0527, 0.0527, 0.0525, 0.0527, 0.0526, 0.0526, 0.0527, 0.0526, 0.0527,
         0.0525],
        [0.0526, 0.0525, 0.0527, 0.0527, 0.0527, 0.0527, 0.0527, 0.0526, 0.0527,
         0.0527, 0.0527, 0.0525, 0.0527, 0.0526, 0.0526, 0.0527, 0.0526, 0.0527,
         0.0525],
        [0.0526, 0.0525, 0.0527, 0.0527, 0.0527, 0.0527, 0.0527, 0.0526, 0.0527,
         0.0527, 0.0527, 0.0525, 0.0527, 0.0526, 0.0526, 0.0527, 0.0526, 0.0527,
         0.0525],
        [0.0526, 0.0525, 0.0527, 0.0527, 0.0527, 0.0527, 0.0527, 0.0526, 0.0527,
         0.0527, 0.0527, 0.0525, 0.0527, 0.0526, 0.0526, 0.0527, 0.0526, 0.0527,
         0.0525],
        [0.0526, 0.0525, 0.0527, 0.0527, 0.0527, 0.0527, 0.0527, 0.0526, 0.0527,
         0.0527, 0.0527, 0.0525, 0.0527, 0.0526, 0.0526, 0.0527, 0.0526, 0.0527,
         0.0525]], device='cuda:3', grad_fn=<SliceBackward0>)
Softmax output at epoch 3: tensor([[0.0526, 0.0525, 0.0527, 0.0527, 0.0527, 0.0527, 0.0527, 0.0526, 0.0527,
         0.0527, 0.0527, 0.0525, 0.0527, 0.0526, 0.0526, 0.0527, 0.0526, 0.0527,
         0.0525],
        [0.0526, 0.0525, 0.0527, 0.0527, 0.0527, 0.0527, 0.0527, 0.0526, 0.0527,
         0.0527, 0.0527, 0.0525, 0.0527, 0.0526, 0.0526, 0.0527, 0.0526, 0.0527,
         0.0525],
        [0.0526, 0.0525, 0.0527, 0.0527, 0.0527, 0.0527, 0.0527, 0.0526, 0.0527,
         0.0527, 0.0527, 0.0525, 0.0527, 0.0526, 0.0526, 0.0527, 0.0526, 0.0527,
         0.0525],
        [0.0526, 0.0525, 0.0527, 0.0527, 0.0527, 0.0527, 0.0527, 0.0526, 0.0527,
         0.0527, 0.0527, 0.0525, 0.0527, 0.0526, 0.0526, 0.0527, 0.0526, 0.0527,
         0.0525],
        [0.0526, 0.0525, 0.0527, 0.0527, 0.0527, 0.0527, 0.0527, 0.0526, 0.0527,
         0.0527, 0.0527, 0.0525, 0.0527, 0.0526, 0.0526, 0.0527, 0.0526, 0.0527,
         0.0525]], device='cuda:1', grad_fn=<SliceBackward0>)
pt values at epoch 3: tensor([0.0526, 0.0526, 0.0526, 0.0526, 0.0526], device='cuda:2',
       grad_fn=<SliceBackward0>)
pt values at epoch 3: tensor([0.0526, 0.0526, 0.0526, 0.0526, 0.0526], device='cuda:0',
       grad_fn=<SliceBackward0>)
pt values at epoch 3: tensor([0.0526, 0.0526, 0.0526, 0.0526, 0.0526], device='cuda:3',
       grad_fn=<SliceBackward0>)
pt values at epoch 3: tensor([0.0526, 0.0526, 0.0526, 0.0526, 0.0526], device='cuda:1',
       grad_fn=<SliceBackward0>)
Layer conv1.att_src grad: 6.779995180416911e-22Layer conv1.att_src grad: 6.779995180416911e-22Layer conv1.att_src grad: 6.779995180416911e-22
Layer conv1.att_src grad: 6.779995180416911e-22


Layer conv1.att_dst grad: 1.6396168468076229e-22Layer conv1.att_dst grad: 1.6396168468076229e-22
Layer conv1.att_dst grad: 1.6396168468076229e-22

Layer conv1.att_dst grad: 1.6396168468076229e-22
Layer conv1.bias grad: 8.344029448569099e-16Layer conv1.bias grad: 8.344029448569099e-16

Layer conv1.bias grad: 8.344029448569099e-16Layer conv1.bias grad: 8.344029448569099e-16

Layer conv1.lin.weight grad: 4.797172155565914e-16Layer conv1.lin.weight grad: 4.797172155565914e-16

Layer conv1.lin.weight grad: 4.797172155565914e-16Layer conv1.lin.weight grad: 4.797172155565914e-16

Layer conv2.att_src grad: 3.643314963262344e-23Layer conv2.att_src grad: 3.643314963262344e-23

Layer conv2.att_src grad: 3.643314963262344e-23Layer conv2.att_src grad: 3.643314963262344e-23

Layer conv2.att_dst grad: 2.2678495158542978e-23Layer conv2.att_dst grad: 2.2678495158542978e-23

Layer conv2.att_dst grad: 2.2678495158542978e-23Layer conv2.att_dst grad: 2.2678495158542978e-23

Layer conv2.bias grad: 3.6178125653683196e-14Layer conv2.bias grad: 3.6178125653683196e-14

Layer conv2.bias grad: 3.6178125653683196e-14Layer conv2.bias grad: 3.6178125653683196e-14

Layer conv2.lin.weight grad: 4.24503961842416e-17Layer conv2.lin.weight grad: 4.24503961842416e-17

Layer conv2.lin.weight grad: 4.24503961842416e-17Layer conv2.lin.weight grad: 4.24503961842416e-17

Layer conv3.att_src grad: 8.705900252019805e-22Layer conv3.att_src grad: 8.705900252019805e-22

Layer conv3.att_src grad: 8.705900252019805e-22Layer conv3.att_src grad: 8.705900252019805e-22

Layer conv3.att_dst grad: 1.3222583570726995e-22Layer conv3.att_dst grad: 1.3222583570726995e-22

Layer conv3.att_dst grad: 1.3222583570726995e-22Layer conv3.att_dst grad: 1.3222583570726995e-22

Layer conv3.bias grad: 2.1015758577824784e-12Layer conv3.bias grad: 2.1015758577824784e-12

Layer conv3.bias grad: 2.1015758577824784e-12Layer conv3.bias grad: 2.1015758577824784e-12

Layer conv3.lin.weight grad: 1.5443175633349736e-15Layer conv3.lin.weight grad: 1.5443175633349736e-15

Layer conv3.lin.weight grad: 1.5443175633349736e-15Layer conv3.lin.weight grad: 1.5443175633349736e-15

Layer conv4.att_src grad: 2.2813699455349323e-20Layer conv4.att_src grad: 2.2813699455349323e-20

Layer conv4.att_src grad: 2.2813699455349323e-20Layer conv4.att_src grad: 2.2813699455349323e-20

Layer conv4.att_dst grad: 9.213249138127861e-21Layer conv4.att_dst grad: 9.213249138127861e-21

Layer conv4.att_dst grad: 9.213249138127861e-21Layer conv4.att_dst grad: 9.213249138127861e-21

Layer conv4.bias grad: 1.5097285921417125e-10Layer conv4.bias grad: 1.5097285921417125e-10

Layer conv4.bias grad: 1.5097285921417125e-10Layer conv4.bias grad: 1.5097285921417125e-10

Layer conv4.lin.weight grad: 1.0020525804520924e-13Layer conv4.lin.weight grad: 1.0020525804520924e-13

Layer conv4.lin.weight grad: 1.0020525804520924e-13Layer conv4.lin.weight grad: 1.0020525804520924e-13

Layer fc.weight grad: 3.736529835540736e-11Layer fc.weight grad: 3.736529835540736e-11

Layer fc.weight grad: 3.736529835540736e-11Layer fc.weight grad: 3.736529835540736e-11

Layer fc.bias grad: 4.826446087236036e-08Layer fc.bias grad: 4.826446087236036e-08

Layer fc.bias grad: 4.826446087236036e-08Layer fc.bias grad: 4.826446087236036e-08

Softmax output at epoch 3: tensor([[0.0527, 0.0525, 0.0527, 0.0527, 0.0527, 0.0527, 0.0527, 0.0526, 0.0527,
         0.0527, 0.0527, 0.0525, 0.0527, 0.0525, 0.0525, 0.0527, 0.0525, 0.0527,
         0.0525],
        [0.0527, 0.0525, 0.0527, 0.0527, 0.0527, 0.0527, 0.0527, 0.0526, 0.0527,
         0.0527, 0.0527, 0.0525, 0.0527, 0.0525, 0.0525, 0.0527, 0.0525, 0.0527,
         0.0525],
        [0.0527, 0.0525, 0.0527, 0.0527, 0.0527, 0.0527, 0.0527, 0.0526, 0.0527,
         0.0527, 0.0527, 0.0525, 0.0527, 0.0525, 0.0525, 0.0527, 0.0525, 0.0527,
         0.0525],
        [0.0527, 0.0525, 0.0527, 0.0527, 0.0527, 0.0527, 0.0527, 0.0526, 0.0527,
         0.0527, 0.0527, 0.0525, 0.0527, 0.0525, 0.0525, 0.0527, 0.0525, 0.0527,
         0.0525],
        [0.0527, 0.0525, 0.0527, 0.0527, 0.0527, 0.0527, 0.0527, 0.0526, 0.0527,
         0.0527, 0.0527, 0.0525, 0.0527, 0.0525, 0.0525, 0.0527, 0.0525, 0.0527,
         0.0525]], device='cuda:2', grad_fn=<SliceBackward0>)
Softmax output at epoch 3: tensor([[0.0527, 0.0525, 0.0527, 0.0527, 0.0527, 0.0527, 0.0527, 0.0526, 0.0527,
         0.0527, 0.0527, 0.0525, 0.0527, 0.0525, 0.0525, 0.0527, 0.0525, 0.0527,
         0.0525],
        [0.0527, 0.0525, 0.0527, 0.0527, 0.0527, 0.0527, 0.0527, 0.0526, 0.0527,
         0.0527, 0.0527, 0.0525, 0.0527, 0.0525, 0.0525, 0.0527, 0.0525, 0.0527,
         0.0525],
        [0.0527, 0.0525, 0.0527, 0.0527, 0.0527, 0.0527, 0.0527, 0.0526, 0.0527,
         0.0527, 0.0527, 0.0525, 0.0527, 0.0525, 0.0525, 0.0527, 0.0525, 0.0527,
         0.0525],
        [0.0527, 0.0525, 0.0527, 0.0527, 0.0527, 0.0527, 0.0527, 0.0526, 0.0527,
         0.0527, 0.0527, 0.0525, 0.0527, 0.0525, 0.0525, 0.0527, 0.0525, 0.0527,
         0.0525],
        [0.0527, 0.0525, 0.0527, 0.0527, 0.0527, 0.0527, 0.0527, 0.0526, 0.0527,
         0.0527, 0.0527, 0.0525, 0.0527, 0.0525, 0.0525, 0.0527, 0.0525, 0.0527,
         0.0525]], device='cuda:0', grad_fn=<SliceBackward0>)
Softmax output at epoch 3: tensor([[0.0527, 0.0525, 0.0527, 0.0527, 0.0527, 0.0527, 0.0527, 0.0526, 0.0527,
         0.0527, 0.0527, 0.0525, 0.0527, 0.0525, 0.0525, 0.0527, 0.0525, 0.0527,
         0.0525],
        [0.0527, 0.0525, 0.0527, 0.0527, 0.0527, 0.0527, 0.0527, 0.0526, 0.0527,
         0.0527, 0.0527, 0.0525, 0.0527, 0.0525, 0.0525, 0.0527, 0.0525, 0.0527,
         0.0525],
        [0.0527, 0.0525, 0.0527, 0.0527, 0.0527, 0.0527, 0.0527, 0.0526, 0.0527,
         0.0527, 0.0527, 0.0525, 0.0527, 0.0525, 0.0525, 0.0527, 0.0525, 0.0527,
         0.0525],
        [0.0527, 0.0525, 0.0527, 0.0527, 0.0527, 0.0527, 0.0527, 0.0526, 0.0527,
         0.0527, 0.0527, 0.0525, 0.0527, 0.0525, 0.0525, 0.0527, 0.0525, 0.0527,
         0.0525],
        [0.0527, 0.0525, 0.0527, 0.0527, 0.0527, 0.0527, 0.0527, 0.0526, 0.0527,
         0.0527, 0.0527, 0.0525, 0.0527, 0.0525, 0.0525, 0.0527, 0.0525, 0.0527,
         0.0525]], device='cuda:3', grad_fn=<SliceBackward0>)
Softmax output at epoch 3: tensor([[0.0527, 0.0525, 0.0527, 0.0527, 0.0527, 0.0527, 0.0527, 0.0526, 0.0527,
         0.0527, 0.0527, 0.0525, 0.0527, 0.0525, 0.0525, 0.0527, 0.0525, 0.0527,
         0.0525],
        [0.0527, 0.0525, 0.0527, 0.0527, 0.0527, 0.0527, 0.0527, 0.0526, 0.0527,
         0.0527, 0.0527, 0.0525, 0.0527, 0.0525, 0.0525, 0.0527, 0.0525, 0.0527,
         0.0525],
        [0.0527, 0.0525, 0.0527, 0.0527, 0.0527, 0.0527, 0.0527, 0.0526, 0.0527,
         0.0527, 0.0527, 0.0525, 0.0527, 0.0525, 0.0525, 0.0527, 0.0525, 0.0527,
         0.0525],
        [0.0527, 0.0525, 0.0527, 0.0527, 0.0527, 0.0527, 0.0527, 0.0526, 0.0527,
         0.0527, 0.0527, 0.0525, 0.0527, 0.0525, 0.0525, 0.0527, 0.0525, 0.0527,
         0.0525],
        [0.0527, 0.0525, 0.0527, 0.0527, 0.0527, 0.0527, 0.0527, 0.0526, 0.0527,
         0.0527, 0.0527, 0.0525, 0.0527, 0.0525, 0.0525, 0.0527, 0.0525, 0.0527,
         0.0525]], device='cuda:1', grad_fn=<SliceBackward0>)
pt values at epoch 3: tensor([0.0527, 0.0527, 0.0527, 0.0527, 0.0527], device='cuda:2',
       grad_fn=<SliceBackward0>)
pt values at epoch 3: tensor([0.0527, 0.0527, 0.0527, 0.0527, 0.0527], device='cuda:0',
       grad_fn=<SliceBackward0>)
pt values at epoch 3: tensor([0.0527, 0.0527, 0.0527, 0.0527, 0.0527], device='cuda:3',
       grad_fn=<SliceBackward0>)
pt values at epoch 3: tensor([0.0527, 0.0527, 0.0527, 0.0527, 0.0527], device='cuda:1',
       grad_fn=<SliceBackward0>)
Layer conv1.att_src grad: 6.604997811299537e-22
Layer conv1.att_src grad: 6.604997811299537e-22
Layer conv1.att_src grad: 6.604997811299537e-22
Layer conv1.att_src grad: 6.604997811299537e-22
Layer conv1.att_dst grad: 6.669483845531117e-23Layer conv1.att_dst grad: 6.669483845531117e-23
Layer conv1.att_dst grad: 6.669483845531117e-23
Layer conv1.att_dst grad: 6.669483845531117e-23

Layer conv1.bias grad: 1.1492575850873053e-15
Layer conv1.bias grad: 1.1492575850873053e-15
Layer conv1.bias grad: 1.1492575850873053e-15Layer conv1.bias grad: 1.1492575850873053e-15

Layer conv1.lin.weight grad: 6.7913227650454e-16
Layer conv1.lin.weight grad: 6.7913227650454e-16
Layer conv1.lin.weight grad: 6.7913227650454e-16Layer conv1.lin.weight grad: 6.7913227650454e-16

Layer conv2.att_src grad: 6.370793969999302e-23
Layer conv2.att_src grad: 6.370793969999302e-23
Layer conv2.att_src grad: 6.370793969999302e-23Layer conv2.att_src grad: 6.370793969999302e-23

Layer conv2.att_dst grad: 4.1501738720849486e-23
Layer conv2.att_dst grad: 4.1501738720849486e-23
Layer conv2.att_dst grad: 4.1501738720849486e-23Layer conv2.att_dst grad: 4.1501738720849486e-23

Layer conv2.bias grad: 4.3453413610394787e-14
Layer conv2.bias grad: 4.3453413610394787e-14
Layer conv2.bias grad: 4.3453413610394787e-14Layer conv2.bias grad: 4.3453413610394787e-14

Layer conv2.lin.weight grad: 5.876717896772786e-17
Layer conv2.lin.weight grad: 5.876717896772786e-17
Layer conv2.lin.weight grad: 5.876717896772786e-17Layer conv2.lin.weight grad: 5.876717896772786e-17

Layer conv3.att_src grad: 1.455439837813216e-21
Layer conv3.att_src grad: 1.455439837813216e-21
Layer conv3.att_src grad: 1.455439837813216e-21Layer conv3.att_src grad: 1.455439837813216e-21

Layer conv3.att_dst grad: 3.2057845586696726e-22
Layer conv3.att_dst grad: 3.2057845586696726e-22
Layer conv3.att_dst grad: 3.2057845586696726e-22Layer conv3.att_dst grad: 3.2057845586696726e-22Layer conv3.bias grad: 2.44323203162089e-12


Layer conv3.bias grad: 2.44323203162089e-12
Layer conv3.bias grad: 2.44323203162089e-12Layer conv3.bias grad: 2.44323203162089e-12

Layer conv3.lin.weight grad: 2.0019776174285894e-15Layer conv3.lin.weight grad: 2.0019776174285894e-15

Layer conv3.lin.weight grad: 2.0019776174285894e-15Layer conv3.lin.weight grad: 2.0019776174285894e-15

Layer conv4.att_src grad: 3.206976649928674e-20Layer conv4.att_src grad: 3.206976649928674e-20

Layer conv4.att_src grad: 3.206976649928674e-20Layer conv4.att_src grad: 3.206976649928674e-20
Layer conv4.att_dst grad: 1.1734463333446811e-20
Layer conv4.att_dst grad: 1.1734463333446811e-20

Layer conv4.att_dst grad: 1.1734463333446811e-20
Layer conv4.att_dst grad: 1.1734463333446811e-20
Layer conv4.bias grad: 1.6531417901255452e-10Layer conv4.bias grad: 1.6531417901255452e-10

Layer conv4.bias grad: 1.6531417901255452e-10
Layer conv4.bias grad: 1.6531417901255452e-10
Layer conv4.lin.weight grad: 1.233186865340699e-13Layer conv4.lin.weight grad: 1.233186865340699e-13

Layer conv4.lin.weight grad: 1.233186865340699e-13
Layer conv4.lin.weight grad: 1.233186865340699e-13
Layer fc.weight grad: 3.937124237740619e-11Layer fc.weight grad: 3.937124237740619e-11

Layer fc.weight grad: 3.937124237740619e-11
Layer fc.weight grad: 3.937124237740619e-11
Layer fc.bias grad: 4.5549896299235115e-08Layer fc.bias grad: 4.5549896299235115e-08

Layer fc.bias grad: 4.5549896299235115e-08Layer fc.bias grad: 4.5549896299235115e-08

Softmax output at epoch 3: tensor([[0.0527, 0.0525, 0.0527, 0.0527, 0.0527, 0.0526, 0.0527, 0.0526, 0.0527,
         0.0527, 0.0526, 0.0525, 0.0527, 0.0525, 0.0526, 0.0527, 0.0526, 0.0527,
         0.0525],
        [0.0527, 0.0525, 0.0527, 0.0527, 0.0527, 0.0526, 0.0527, 0.0526, 0.0527,
         0.0527, 0.0526, 0.0525, 0.0527, 0.0525, 0.0526, 0.0527, 0.0526, 0.0527,
         0.0525],
        [0.0527, 0.0525, 0.0527, 0.0527, 0.0527, 0.0526, 0.0527, 0.0526, 0.0527,
         0.0527, 0.0526, 0.0525, 0.0527, 0.0525, 0.0526, 0.0527, 0.0526, 0.0527,
         0.0525],
        [0.0527, 0.0525, 0.0527, 0.0527, 0.0527, 0.0526, 0.0527, 0.0526, 0.0527,
         0.0527, 0.0526, 0.0525, 0.0527, 0.0525, 0.0526, 0.0527, 0.0526, 0.0527,
         0.0525],
        [0.0527, 0.0525, 0.0527, 0.0527, 0.0527, 0.0526, 0.0527, 0.0526, 0.0527,
         0.0527, 0.0526, 0.0525, 0.0527, 0.0525, 0.0526, 0.0527, 0.0526, 0.0527,
         0.0525]], device='cuda:2', grad_fn=<SliceBackward0>)Softmax output at epoch 3: tensor([[0.0527, 0.0525, 0.0527, 0.0527, 0.0527, 0.0526, 0.0527, 0.0526, 0.0527,
         0.0527, 0.0526, 0.0525, 0.0527, 0.0525, 0.0526, 0.0527, 0.0526, 0.0527,
         0.0525],
        [0.0527, 0.0525, 0.0527, 0.0527, 0.0527, 0.0526, 0.0527, 0.0526, 0.0527,
         0.0527, 0.0526, 0.0525, 0.0527, 0.0525, 0.0526, 0.0527, 0.0526, 0.0527,
         0.0525],
        [0.0527, 0.0525, 0.0527, 0.0527, 0.0527, 0.0526, 0.0527, 0.0526, 0.0527,
         0.0527, 0.0526, 0.0525, 0.0527, 0.0525, 0.0526, 0.0527, 0.0526, 0.0527,
         0.0525],
        [0.0527, 0.0525, 0.0527, 0.0527, 0.0527, 0.0526, 0.0527, 0.0526, 0.0527,
         0.0527, 0.0526, 0.0525, 0.0527, 0.0525, 0.0526, 0.0527, 0.0526, 0.0527,
         0.0525],
        [0.0527, 0.0525, 0.0527, 0.0527, 0.0527, 0.0526, 0.0527, 0.0526, 0.0527,
         0.0527, 0.0526, 0.0525, 0.0527, 0.0525, 0.0526, 0.0527, 0.0526, 0.0527,
         0.0525]], device='cuda:0', grad_fn=<SliceBackward0>)

Softmax output at epoch 3: tensor([[0.0527, 0.0525, 0.0527, 0.0527, 0.0527, 0.0526, 0.0527, 0.0526, 0.0527,
         0.0527, 0.0526, 0.0525, 0.0527, 0.0525, 0.0526, 0.0527, 0.0526, 0.0527,
         0.0525],
        [0.0527, 0.0525, 0.0527, 0.0527, 0.0527, 0.0526, 0.0527, 0.0526, 0.0527,
         0.0527, 0.0526, 0.0525, 0.0527, 0.0525, 0.0526, 0.0527, 0.0526, 0.0527,
         0.0525],
        [0.0527, 0.0525, 0.0527, 0.0527, 0.0527, 0.0526, 0.0527, 0.0526, 0.0527,
         0.0527, 0.0526, 0.0525, 0.0527, 0.0525, 0.0526, 0.0527, 0.0526, 0.0527,
         0.0525],
        [0.0527, 0.0525, 0.0527, 0.0527, 0.0527, 0.0526, 0.0527, 0.0526, 0.0527,
         0.0527, 0.0526, 0.0525, 0.0527, 0.0525, 0.0526, 0.0527, 0.0526, 0.0527,
         0.0525],
        [0.0527, 0.0525, 0.0527, 0.0527, 0.0527, 0.0526, 0.0527, 0.0526, 0.0527,
         0.0527, 0.0526, 0.0525, 0.0527, 0.0525, 0.0526, 0.0527, 0.0526, 0.0527,
         0.0525]], device='cuda:3', grad_fn=<SliceBackward0>)
Softmax output at epoch 3: tensor([[0.0527, 0.0525, 0.0527, 0.0527, 0.0527, 0.0526, 0.0527, 0.0526, 0.0527,
         0.0527, 0.0526, 0.0525, 0.0527, 0.0525, 0.0526, 0.0527, 0.0526, 0.0527,
         0.0525],
        [0.0527, 0.0525, 0.0527, 0.0527, 0.0527, 0.0526, 0.0527, 0.0526, 0.0527,
         0.0527, 0.0526, 0.0525, 0.0527, 0.0525, 0.0526, 0.0527, 0.0526, 0.0527,
         0.0525],
        [0.0527, 0.0525, 0.0527, 0.0527, 0.0527, 0.0526, 0.0527, 0.0526, 0.0527,
         0.0527, 0.0526, 0.0525, 0.0527, 0.0525, 0.0526, 0.0527, 0.0526, 0.0527,
         0.0525],
        [0.0527, 0.0525, 0.0527, 0.0527, 0.0527, 0.0526, 0.0527, 0.0526, 0.0527,
         0.0527, 0.0526, 0.0525, 0.0527, 0.0525, 0.0526, 0.0527, 0.0526, 0.0527,
         0.0525],
        [0.0527, 0.0525, 0.0527, 0.0527, 0.0527, 0.0526, 0.0527, 0.0526, 0.0527,
         0.0527, 0.0526, 0.0525, 0.0527, 0.0525, 0.0526, 0.0527, 0.0526, 0.0527,
         0.0525]], device='cuda:1', grad_fn=<SliceBackward0>)
pt values at epoch 3: tensor([0.0527, 0.0527, 0.0527, 0.0527, 0.0527], device='cuda:2',
       grad_fn=<SliceBackward0>)
pt values at epoch 3: tensor([0.0527, 0.0527, 0.0527, 0.0527, 0.0527], device='cuda:0',
       grad_fn=<SliceBackward0>)
pt values at epoch 3: tensor([0.0527, 0.0527, 0.0527, 0.0527, 0.0527], device='cuda:3',
       grad_fn=<SliceBackward0>)
pt values at epoch 3: tensor([0.0527, 0.0527, 0.0527, 0.0527, 0.0527], device='cuda:1',
       grad_fn=<SliceBackward0>)
Layer conv1.att_src grad: 1.8059007739102875e-22Layer conv1.att_src grad: 1.8059007739102875e-22Layer conv1.att_src grad: 1.8059007739102875e-22
Layer conv1.att_src grad: 1.8059007739102875e-22


Layer conv1.att_dst grad: 1.001333884724597e-23Layer conv1.att_dst grad: 1.001333884724597e-23

Layer conv1.att_dst grad: 1.001333884724597e-23
Layer conv1.att_dst grad: 1.001333884724597e-23
Layer conv1.bias grad: 2.656718574365317e-16Layer conv1.bias grad: 2.656718574365317e-16

Layer conv1.bias grad: 2.656718574365317e-16
Layer conv1.bias grad: 2.656718574365317e-16
Layer conv1.lin.weight grad: 1.9019791311372333e-16Layer conv1.lin.weight grad: 1.9019791311372333e-16

Layer conv1.lin.weight grad: 1.9019791311372333e-16Layer conv1.lin.weight grad: 1.9019791311372333e-16

Layer conv2.att_src grad: 1.0257459742975664e-23Layer conv2.att_src grad: 1.0257459742975664e-23

Layer conv2.att_src grad: 1.0257459742975664e-23Layer conv2.att_src grad: 1.0257459742975664e-23

Layer conv2.att_dst grad: 6.2156299208799416e-24Layer conv2.att_dst grad: 6.2156299208799416e-24

Layer conv2.att_dst grad: 6.2156299208799416e-24Layer conv2.att_dst grad: 6.2156299208799416e-24

Layer conv2.bias grad: 1.1226941448174658e-14Layer conv2.bias grad: 1.1226941448174658e-14

Layer conv2.bias grad: 1.1226941448174658e-14Layer conv2.bias grad: 1.1226941448174658e-14

Layer conv2.lin.weight grad: 1.718138504695119e-17Layer conv2.lin.weight grad: 1.718138504695119e-17

Layer conv2.lin.weight grad: 1.718138504695119e-17Layer conv2.lin.weight grad: 1.718138504695119e-17

Layer conv3.att_src grad: 2.5629224956901103e-22Layer conv3.att_src grad: 2.5629224956901103e-22

Layer conv3.att_src grad: 2.5629224956901103e-22Layer conv3.att_src grad: 2.5629224956901103e-22

Layer conv3.att_dst grad: 7.530877039999218e-23Layer conv3.att_dst grad: 7.530877039999218e-23

Layer conv3.att_dst grad: 7.530877039999218e-23Layer conv3.att_dst grad: 7.530877039999218e-23

Layer conv3.bias grad: 8.828340077211838e-13Layer conv3.bias grad: 8.828340077211838e-13

Layer conv3.bias grad: 8.828340077211838e-13Layer conv3.bias grad: 8.828340077211838e-13

Layer conv3.lin.weight grad: 5.527759248396429e-16Layer conv3.lin.weight grad: 5.527759248396429e-16

Layer conv3.lin.weight grad: 5.527759248396429e-16Layer conv3.lin.weight grad: 5.527759248396429e-16

Layer conv4.att_src grad: 6.946622394541979e-21
Layer conv4.att_src grad: 6.946622394541979e-21
Layer conv4.att_src grad: 6.946622394541979e-21Layer conv4.att_src grad: 6.946622394541979e-21

Layer conv4.att_dst grad: 1.6458513218266676e-21
Layer conv4.att_dst grad: 1.6458513218266676e-21
Layer conv4.att_dst grad: 1.6458513218266676e-21Layer conv4.att_dst grad: 1.6458513218266676e-21

Layer conv4.bias grad: 8.355735547915799e-11
Layer conv4.bias grad: 8.355735547915799e-11
Layer conv4.bias grad: 8.355735547915799e-11Layer conv4.bias grad: 8.355735547915799e-11

Layer conv4.lin.weight grad: 4.8118108754218944e-14
Layer conv4.lin.weight grad: 4.8118108754218944e-14
Layer conv4.lin.weight grad: 4.8118108754218944e-14Layer conv4.lin.weight grad: 4.8118108754218944e-14

Layer fc.weight grad: 2.01654370285409e-11
Layer fc.weight grad: 2.01654370285409e-11
Layer fc.weight grad: 2.01654370285409e-11Layer fc.weight grad: 2.01654370285409e-11

Layer fc.bias grad: 3.075203736102594e-08
Layer fc.bias grad: 3.075203736102594e-08
Layer fc.bias grad: 3.075203736102594e-08Layer fc.bias grad: 3.075203736102594e-08

Softmax output at epoch 3: tensor([[0.0527, 0.0526, 0.0527, 0.0527, 0.0526, 0.0526, 0.0526, 0.0526, 0.0527,
         0.0527, 0.0526, 0.0526, 0.0527, 0.0526, 0.0526, 0.0526, 0.0526, 0.0526,
         0.0526],
        [0.0527, 0.0526, 0.0527, 0.0527, 0.0526, 0.0526, 0.0526, 0.0526, 0.0527,
         0.0527, 0.0526, 0.0526, 0.0527, 0.0526, 0.0526, 0.0526, 0.0526, 0.0526,
         0.0526],
        [0.0527, 0.0526, 0.0527, 0.0527, 0.0526, 0.0526, 0.0526, 0.0526, 0.0527,
         0.0527, 0.0526, 0.0526, 0.0527, 0.0526, 0.0526, 0.0526, 0.0526, 0.0526,
         0.0526],
        [0.0527, 0.0526, 0.0527, 0.0527, 0.0526, 0.0526, 0.0526, 0.0526, 0.0527,
         0.0527, 0.0526, 0.0526, 0.0527, 0.0526, 0.0526, 0.0526, 0.0526, 0.0526,
         0.0526],
        [0.0527, 0.0526, 0.0527, 0.0527, 0.0526, 0.0526, 0.0526, 0.0526, 0.0527,
         0.0527, 0.0526, 0.0526, 0.0527, 0.0526, 0.0526, 0.0526, 0.0526, 0.0526,
         0.0526]], device='cuda:0', grad_fn=<SliceBackward0>)
Softmax output at epoch 3: tensor([[0.0527, 0.0526, 0.0527, 0.0527, 0.0526, 0.0526, 0.0526, 0.0526, 0.0527,
         0.0527, 0.0526, 0.0526, 0.0527, 0.0526, 0.0526, 0.0526, 0.0526, 0.0526,
         0.0526],
        [0.0527, 0.0526, 0.0527, 0.0527, 0.0526, 0.0526, 0.0526, 0.0526, 0.0527,
         0.0527, 0.0526, 0.0526, 0.0527, 0.0526, 0.0526, 0.0526, 0.0526, 0.0526,
         0.0526],
        [0.0527, 0.0526, 0.0527, 0.0527, 0.0526, 0.0526, 0.0526, 0.0526, 0.0527,
         0.0527, 0.0526, 0.0526, 0.0527, 0.0526, 0.0526, 0.0526, 0.0526, 0.0526,
         0.0526],
        [0.0527, 0.0526, 0.0527, 0.0527, 0.0526, 0.0526, 0.0526, 0.0526, 0.0527,
         0.0527, 0.0526, 0.0526, 0.0527, 0.0526, 0.0526, 0.0526, 0.0526, 0.0526,
         0.0526],
        [0.0527, 0.0526, 0.0527, 0.0527, 0.0526, 0.0526, 0.0526, 0.0526, 0.0527,
         0.0527, 0.0526, 0.0526, 0.0527, 0.0526, 0.0526, 0.0526, 0.0526, 0.0526,
         0.0526]], device='cuda:2', grad_fn=<SliceBackward0>)
Softmax output at epoch 3: tensor([[0.0527, 0.0526, 0.0527, 0.0527, 0.0526, 0.0526, 0.0526, 0.0526, 0.0527,
         0.0527, 0.0526, 0.0526, 0.0527, 0.0526, 0.0526, 0.0526, 0.0526, 0.0526,
         0.0526],
        [0.0527, 0.0526, 0.0527, 0.0527, 0.0526, 0.0526, 0.0526, 0.0526, 0.0527,
         0.0527, 0.0526, 0.0526, 0.0527, 0.0526, 0.0526, 0.0526, 0.0526, 0.0526,
         0.0526],
        [0.0527, 0.0526, 0.0527, 0.0527, 0.0526, 0.0526, 0.0526, 0.0526, 0.0527,
         0.0527, 0.0526, 0.0526, 0.0527, 0.0526, 0.0526, 0.0526, 0.0526, 0.0526,
         0.0526],
        [0.0527, 0.0526, 0.0527, 0.0527, 0.0526, 0.0526, 0.0526, 0.0526, 0.0527,
         0.0527, 0.0526, 0.0526, 0.0527, 0.0526, 0.0526, 0.0526, 0.0526, 0.0526,
         0.0526],
        [0.0527, 0.0526, 0.0527, 0.0527, 0.0526, 0.0526, 0.0526, 0.0526, 0.0527,
         0.0527, 0.0526, 0.0526, 0.0527, 0.0526, 0.0526, 0.0526, 0.0526, 0.0526,
         0.0526]], device='cuda:3', grad_fn=<SliceBackward0>)
Softmax output at epoch 3: tensor([[0.0527, 0.0526, 0.0527, 0.0527, 0.0526, 0.0526, 0.0526, 0.0526, 0.0527,
         0.0527, 0.0526, 0.0526, 0.0527, 0.0526, 0.0526, 0.0526, 0.0526, 0.0526,
         0.0526],
        [0.0527, 0.0526, 0.0527, 0.0527, 0.0526, 0.0526, 0.0526, 0.0526, 0.0527,
         0.0527, 0.0526, 0.0526, 0.0527, 0.0526, 0.0526, 0.0526, 0.0526, 0.0526,
         0.0526],
        [0.0527, 0.0526, 0.0527, 0.0527, 0.0526, 0.0526, 0.0526, 0.0526, 0.0527,
         0.0527, 0.0526, 0.0526, 0.0527, 0.0526, 0.0526, 0.0526, 0.0526, 0.0526,
         0.0526],
        [0.0527, 0.0526, 0.0527, 0.0527, 0.0526, 0.0526, 0.0526, 0.0526, 0.0527,
         0.0527, 0.0526, 0.0526, 0.0527, 0.0526, 0.0526, 0.0526, 0.0526, 0.0526,
         0.0526],
        [0.0527, 0.0526, 0.0527, 0.0527, 0.0526, 0.0526, 0.0526, 0.0526, 0.0527,
         0.0527, 0.0526, 0.0526, 0.0527, 0.0526, 0.0526, 0.0526, 0.0526, 0.0526,
         0.0526]], device='cuda:1', grad_fn=<SliceBackward0>)
pt values at epoch 3: tensor([0.0527, 0.0527, 0.0527, 0.0527, 0.0527], device='cuda:0',
       grad_fn=<SliceBackward0>)
pt values at epoch 3: tensor([0.0527, 0.0527, 0.0527, 0.0527, 0.0527], device='cuda:2',
       grad_fn=<SliceBackward0>)
pt values at epoch 3: tensor([0.0527, 0.0527, 0.0527, 0.0527, 0.0527], device='cuda:3',
       grad_fn=<SliceBackward0>)
pt values at epoch 3: tensor([0.0527, 0.0527, 0.0527, 0.0527, 0.0527], device='cuda:1',
       grad_fn=<SliceBackward0>)
Layer conv1.att_src grad: 6.043737918493188e-24Layer conv1.att_src grad: 6.043737918493188e-24Layer conv1.att_src grad: 6.043737918493188e-24
Layer conv1.att_src grad: 6.043737918493188e-24


Layer conv1.att_dst grad: 4.985738971655208e-25Layer conv1.att_dst grad: 4.985738971655208e-25

Layer conv1.att_dst grad: 4.985738971655208e-25
Layer conv1.att_dst grad: 4.985738971655208e-25
Layer conv1.bias grad: 1.719748529039392e-17Layer conv1.bias grad: 1.719748529039392e-17

Layer conv1.bias grad: 1.719748529039392e-17
Layer conv1.bias grad: 1.719748529039392e-17
Layer conv1.lin.weight grad: 1.1070302067223754e-17Layer conv1.lin.weight grad: 1.1070302067223754e-17

Layer conv1.lin.weight grad: 1.1070302067223754e-17Layer conv1.lin.weight grad: 1.1070302067223754e-17

Layer conv2.att_src grad: 1.2981487660745984e-25Layer conv2.att_src grad: 1.2981487660745984e-25

Layer conv2.att_src grad: 1.2981487660745984e-25Layer conv2.att_src grad: 1.2981487660745984e-25

Layer conv2.att_dst grad: 4.3001381100348803e-26Layer conv2.att_dst grad: 4.3001381100348803e-26

Layer conv2.att_dst grad: 4.3001381100348803e-26Layer conv2.att_dst grad: 4.3001381100348803e-26

Layer conv2.bias grad: 1.9300996720740104e-15Layer conv2.bias grad: 1.9300996720740104e-15

Layer conv2.bias grad: 1.9300996720740104e-15Layer conv2.bias grad: 1.9300996720740104e-15

Layer conv2.lin.weight grad: 1.911008485811352e-18Layer conv2.lin.weight grad: 1.911008485811352e-18

Layer conv2.lin.weight grad: 1.911008485811352e-18Layer conv2.lin.weight grad: 1.911008485811352e-18

Layer conv3.att_src grad: 2.6724595873579566e-24Layer conv3.att_src grad: 2.6724595873579566e-24

Layer conv3.att_src grad: 2.6724595873579566e-24Layer conv3.att_src grad: 2.6724595873579566e-24

Layer conv3.att_dst grad: 4.765332713850655e-25Layer conv3.att_dst grad: 4.765332713850655e-25

Layer conv3.att_dst grad: 4.765332713850655e-25Layer conv3.att_dst grad: 4.765332713850655e-25

Layer conv3.bias grad: 2.9611521026005894e-13Layer conv3.bias grad: 2.9611521026005894e-13

Layer conv3.bias grad: 2.9611521026005894e-13Layer conv3.bias grad: 2.9611521026005894e-13

Layer conv3.lin.weight grad: 7.134829829963889e-17Layer conv3.lin.weight grad: 7.134829829963889e-17

Layer conv3.lin.weight grad: 7.134829829963889e-17Layer conv3.lin.weight grad: 7.134829829963889e-17

Layer conv4.att_src grad: 2.7429554479554358e-22Layer conv4.att_src grad: 2.7429554479554358e-22

Layer conv4.att_src grad: 2.7429554479554358e-22Layer conv4.att_src grad: 2.7429554479554358e-22

Layer conv4.att_dst grad: 7.373419141139655e-23Layer conv4.att_dst grad: 7.373419141139655e-23
Layer conv4.att_dst grad: 7.373419141139655e-23Layer conv4.att_dst grad: 7.373419141139655e-23


Layer conv4.bias grad: 5.3769121100000206e-11
Layer conv4.bias grad: 5.3769121100000206e-11Layer conv4.bias grad: 5.3769121100000206e-11Layer conv4.bias grad: 5.3769121100000206e-11


Layer conv4.lin.weight grad: 1.2150796895613134e-14
Layer conv4.lin.weight grad: 1.2150796895613134e-14Layer conv4.lin.weight grad: 1.2150796895613134e-14
Layer conv4.lin.weight grad: 1.2150796895613134e-14

Layer fc.weight grad: 1.1714296199727414e-11
Layer fc.weight grad: 1.1714296199727414e-11
Layer fc.weight grad: 1.1714296199727414e-11Layer fc.weight grad: 1.1714296199727414e-11

Layer fc.bias grad: 4.6270837827933065e-08
Layer fc.bias grad: 4.6270837827933065e-08
Layer fc.bias grad: 4.6270837827933065e-08Layer fc.bias grad: 4.6270837827933065e-08

Softmax output at epoch 3: tensor([[0.0526, 0.0527, 0.0526, 0.0526, 0.0526, 0.0526, 0.0526, 0.0527, 0.0526,
         0.0527, 0.0526, 0.0526, 0.0526, 0.0526, 0.0526, 0.0526, 0.0527, 0.0526,
         0.0526],
        [0.0526, 0.0527, 0.0526, 0.0526, 0.0526, 0.0526, 0.0526, 0.0527, 0.0526,
         0.0527, 0.0526, 0.0526, 0.0526, 0.0526, 0.0526, 0.0526, 0.0527, 0.0526,
         0.0526],
        [0.0526, 0.0527, 0.0526, 0.0526, 0.0526, 0.0526, 0.0526, 0.0527, 0.0526,
         0.0527, 0.0526, 0.0526, 0.0526, 0.0526, 0.0526, 0.0526, 0.0527, 0.0526,
         0.0526],
        [0.0526, 0.0527, 0.0526, 0.0526, 0.0526, 0.0526, 0.0526, 0.0527, 0.0526,
         0.0527, 0.0526, 0.0526, 0.0526, 0.0526, 0.0526, 0.0526, 0.0527, 0.0526,
         0.0526],
        [0.0526, 0.0527, 0.0526, 0.0526, 0.0526, 0.0526, 0.0526, 0.0527, 0.0526,
         0.0527, 0.0526, 0.0526, 0.0526, 0.0526, 0.0526, 0.0526, 0.0527, 0.0526,
         0.0526]], device='cuda:2', grad_fn=<SliceBackward0>)
Softmax output at epoch 3: tensor([[0.0526, 0.0527, 0.0526, 0.0526, 0.0526, 0.0526, 0.0526, 0.0527, 0.0526,
         0.0527, 0.0526, 0.0526, 0.0526, 0.0526, 0.0526, 0.0526, 0.0527, 0.0526,
         0.0526],
        [0.0526, 0.0527, 0.0526, 0.0526, 0.0526, 0.0526, 0.0526, 0.0527, 0.0526,
         0.0527, 0.0526, 0.0526, 0.0526, 0.0526, 0.0526, 0.0526, 0.0527, 0.0526,
         0.0526],
        [0.0526, 0.0527, 0.0526, 0.0526, 0.0526, 0.0526, 0.0526, 0.0527, 0.0526,
         0.0527, 0.0526, 0.0526, 0.0526, 0.0526, 0.0526, 0.0526, 0.0527, 0.0526,
         0.0526],
        [0.0526, 0.0527, 0.0526, 0.0526, 0.0526, 0.0526, 0.0526, 0.0527, 0.0526,
         0.0527, 0.0526, 0.0526, 0.0526, 0.0526, 0.0526, 0.0526, 0.0527, 0.0526,
         0.0526],
        [0.0526, 0.0527, 0.0526, 0.0526, 0.0526, 0.0526, 0.0526, 0.0527, 0.0526,
         0.0527, 0.0526, 0.0526, 0.0526, 0.0526, 0.0526, 0.0526, 0.0527, 0.0526,
         0.0526]], device='cuda:3', grad_fn=<SliceBackward0>)
Softmax output at epoch 3: tensor([[0.0526, 0.0527, 0.0526, 0.0526, 0.0526, 0.0526, 0.0526, 0.0527, 0.0526,
         0.0527, 0.0526, 0.0526, 0.0526, 0.0526, 0.0526, 0.0526, 0.0527, 0.0526,
         0.0526],
        [0.0526, 0.0527, 0.0526, 0.0526, 0.0526, 0.0526, 0.0526, 0.0527, 0.0526,
         0.0527, 0.0526, 0.0526, 0.0526, 0.0526, 0.0526, 0.0526, 0.0527, 0.0526,
         0.0526],
        [0.0526, 0.0527, 0.0526, 0.0526, 0.0526, 0.0526, 0.0526, 0.0527, 0.0526,
         0.0527, 0.0526, 0.0526, 0.0526, 0.0526, 0.0526, 0.0526, 0.0527, 0.0526,
         0.0526],
        [0.0526, 0.0527, 0.0526, 0.0526, 0.0526, 0.0526, 0.0526, 0.0527, 0.0526,
         0.0527, 0.0526, 0.0526, 0.0526, 0.0526, 0.0526, 0.0526, 0.0527, 0.0526,
         0.0526],
        [0.0526, 0.0527, 0.0526, 0.0526, 0.0526, 0.0526, 0.0526, 0.0527, 0.0526,
         0.0527, 0.0526, 0.0526, 0.0526, 0.0526, 0.0526, 0.0526, 0.0527, 0.0526,
         0.0526]], device='cuda:0', grad_fn=<SliceBackward0>)
Softmax output at epoch 3: tensor([[0.0526, 0.0527, 0.0526, 0.0526, 0.0526, 0.0526, 0.0526, 0.0527, 0.0526,
         0.0527, 0.0526, 0.0526, 0.0526, 0.0526, 0.0526, 0.0526, 0.0527, 0.0526,
         0.0526],
        [0.0526, 0.0527, 0.0526, 0.0526, 0.0526, 0.0526, 0.0526, 0.0527, 0.0526,
         0.0527, 0.0526, 0.0526, 0.0526, 0.0526, 0.0526, 0.0526, 0.0527, 0.0526,
         0.0526],
        [0.0526, 0.0527, 0.0526, 0.0526, 0.0526, 0.0526, 0.0526, 0.0527, 0.0526,
         0.0527, 0.0526, 0.0526, 0.0526, 0.0526, 0.0526, 0.0526, 0.0527, 0.0526,
         0.0526],
        [0.0526, 0.0527, 0.0526, 0.0526, 0.0526, 0.0526, 0.0526, 0.0527, 0.0526,
         0.0527, 0.0526, 0.0526, 0.0526, 0.0526, 0.0526, 0.0526, 0.0527, 0.0526,
         0.0526],
        [0.0526, 0.0527, 0.0526, 0.0526, 0.0526, 0.0526, 0.0526, 0.0527, 0.0526,
         0.0527, 0.0526, 0.0526, 0.0526, 0.0526, 0.0526, 0.0526, 0.0527, 0.0526,
         0.0526]], device='cuda:1', grad_fn=<SliceBackward0>)
pt values at epoch 3: tensor([0.0526, 0.0526, 0.0526, 0.0526, 0.0526], device='cuda:2',
       grad_fn=<SliceBackward0>)
pt values at epoch 3: tensor([0.0526, 0.0526, 0.0526, 0.0526, 0.0526], device='cuda:3',
       grad_fn=<SliceBackward0>)
pt values at epoch 3: tensor([0.0526, 0.0526, 0.0526, 0.0526, 0.0526], device='cuda:0',
       grad_fn=<SliceBackward0>)
pt values at epoch 3: tensor([0.0526, 0.0526, 0.0526, 0.0526, 0.0526], device='cuda:1',
       grad_fn=<SliceBackward0>)
Layer conv1.att_src grad: 8.493681932593644e-24Layer conv1.att_src grad: 8.493681932593644e-24Layer conv1.att_src grad: 8.493681932593644e-24


Layer conv1.att_dst grad: 4.262167350393908e-24
Layer conv1.att_dst grad: 4.262167350393908e-24Layer conv1.att_dst grad: 4.262167350393908e-24

Layer conv1.bias grad: 9.423113821517513e-17
Layer conv1.bias grad: 9.423113821517513e-17
Layer conv1.bias grad: 9.423113821517513e-17
Layer conv1.lin.weight grad: 5.241430282314505e-17
Layer conv1.lin.weight grad: 5.241430282314505e-17
Layer conv1.lin.weight grad: 5.241430282314505e-17
Layer conv2.att_src grad: 8.695499373419956e-25
Layer conv2.att_src grad: 8.695499373419956e-25
Layer conv2.att_src grad: 8.695499373419956e-25
Layer conv2.att_dst grad: 5.719566967975739e-25
Layer conv2.att_dst grad: 5.719566967975739e-25
Layer conv2.bias grad: 8.14556941726918e-15Layer conv2.att_dst grad: 5.719566967975739e-25

Layer conv2.bias grad: 8.14556941726918e-15
Layer conv2.bias grad: 8.14556941726918e-15
Layer conv2.lin.weight grad: 5.999317230491414e-18Layer conv2.lin.weight grad: 5.999317230491414e-18

Layer conv3.att_src grad: 6.4455020165090814e-24Layer conv3.att_src grad: 6.4455020165090814e-24
Layer conv2.lin.weight grad: 5.999317230491414e-18

Layer conv3.att_dst grad: 1.913477577783096e-24
Layer conv1.att_src grad: 8.493681932593644e-24Layer conv3.att_dst grad: 1.913477577783096e-24Layer conv3.att_src grad: 6.4455020165090814e-24


Layer conv3.bias grad: 1.2790653952654552e-12
Layer conv3.bias grad: 1.2790653952654552e-12
Layer conv3.att_dst grad: 1.913477577783096e-24Layer conv1.att_dst grad: 4.262167350393908e-24

Layer conv3.lin.weight grad: 2.227091022721523e-16
Layer conv1.bias grad: 9.423113821517513e-17Layer conv3.bias grad: 1.2790653952654552e-12Layer conv3.lin.weight grad: 2.227091022721523e-16


Layer conv4.att_src grad: 5.882269955662462e-22
Layer conv4.att_dst grad: 2.2435809989660785e-22
Layer conv4.att_src grad: 5.882269955662462e-22Layer conv1.lin.weight grad: 5.241430282314505e-17

Layer conv3.lin.weight grad: 2.227091022721523e-16
Layer conv4.bias grad: 1.8146016633746598e-10
Layer conv4.att_dst grad: 2.2435809989660785e-22
Layer conv2.att_src grad: 8.695499373419956e-25
Layer conv4.att_src grad: 5.882269955662462e-22
Layer conv4.lin.weight grad: 3.283159334677155e-14
Layer conv4.bias grad: 1.8146016633746598e-10Layer conv2.att_dst grad: 5.719566967975739e-25

Layer conv4.att_dst grad: 2.2435809989660785e-22
Layer fc.weight grad: 2.3823750264218013e-11
Layer conv2.bias grad: 8.14556941726918e-15
Layer conv4.lin.weight grad: 3.283159334677155e-14
Layer conv4.bias grad: 1.8146016633746598e-10
Layer fc.bias grad: 1.5812251774605102e-07
Layer conv2.lin.weight grad: 5.999317230491414e-18Layer fc.weight grad: 2.3823750264218013e-11

Layer conv4.lin.weight grad: 3.283159334677155e-14
Layer conv3.att_src grad: 6.4455020165090814e-24Layer fc.bias grad: 1.5812251774605102e-07

Layer fc.weight grad: 2.3823750264218013e-11
Layer conv3.att_dst grad: 1.913477577783096e-24
Layer fc.bias grad: 1.5812251774605102e-07
Layer conv3.bias grad: 1.2790653952654552e-12
Layer conv3.lin.weight grad: 2.227091022721523e-16
Layer conv4.att_src grad: 5.882269955662462e-22
Layer conv4.att_dst grad: 2.2435809989660785e-22
Layer conv4.bias grad: 1.8146016633746598e-10
Layer conv4.lin.weight grad: 3.283159334677155e-14
Layer fc.weight grad: 2.3823750264218013e-11
Layer fc.bias grad: 1.5812251774605102e-07
Precision: 0.0000, Recall: 0.0005, F1-Score: 0.0000
Fold 3, Epoch 3, Train Loss: 0.0000, Val Loss: 0.0000, Val Acc: 0.0004
Completed Fold 3
Starting Fold 4
Class weights: [2.12621917e-07 5.55555556e-04 5.79710145e-04 5.40540541e-04
 5.55555556e-04 5.71428571e-04 5.55555556e-04 5.55555556e-04
 5.40540541e-04 5.71428571e-04 5.40540541e-04 6.25000000e-04
 5.47945205e-04 5.40540541e-04 5.33333333e-04 5.12820513e-04
 5.40540541e-04 6.15384615e-04 5.40540541e-04]
Class weights: [2.12621917e-07 5.55555556e-04 5.79710145e-04 5.40540541e-04
 5.55555556e-04 5.71428571e-04 5.55555556e-04 5.55555556e-04
 5.40540541e-04 5.71428571e-04 5.40540541e-04 6.25000000e-04
 5.47945205e-04 5.40540541e-04 5.33333333e-04 5.12820513e-04
 5.40540541e-04 6.15384615e-04 5.40540541e-04]
Class weights: [2.12621917e-07 5.55555556e-04 5.79710145e-04 5.40540541e-04
 5.55555556e-04 5.71428571e-04 5.55555556e-04 5.55555556e-04
 5.40540541e-04 5.71428571e-04 5.40540541e-04 6.25000000e-04
 5.47945205e-04 5.40540541e-04 5.33333333e-04 5.12820513e-04
 5.40540541e-04 6.15384615e-04 5.40540541e-04]
Class weights: [2.12621917e-07 5.55555556e-04 5.79710145e-04 5.40540541e-04
 5.55555556e-04 5.71428571e-04 5.55555556e-04 5.55555556e-04
 5.40540541e-04 5.71428571e-04 5.40540541e-04 6.25000000e-04
 5.47945205e-04 5.40540541e-04 5.33333333e-04 5.12820513e-04
 5.40540541e-04 6.15384615e-04 5.40540541e-04]
Class weights: [8.50487670e-07 2.22222222e-03 1.90476190e-03 2.50000000e-03
 2.22222222e-03 2.00000000e-03 2.22222222e-03 2.22222222e-03
 2.50000000e-03 2.00000000e-03 2.50000000e-03 1.53846154e-03
 2.35294118e-03 2.50000000e-03 2.66666667e-03 3.33333333e-03
 2.50000000e-03 1.60000000e-03 2.50000000e-03]
Class weights: [8.50487670e-07 2.22222222e-03 1.90476190e-03 2.50000000e-03
 2.22222222e-03 2.00000000e-03 2.22222222e-03 2.22222222e-03
 2.50000000e-03 2.00000000e-03 2.50000000e-03 1.53846154e-03
 2.35294118e-03 2.50000000e-03 2.66666667e-03 3.33333333e-03
 2.50000000e-03 1.60000000e-03 2.50000000e-03]
Class weights: [8.50487670e-07 2.22222222e-03 1.90476190e-03 2.50000000e-03
 2.22222222e-03 2.00000000e-03 2.22222222e-03 2.22222222e-03
 2.50000000e-03 2.00000000e-03 2.50000000e-03 1.53846154e-03
 2.35294118e-03 2.50000000e-03 2.66666667e-03 3.33333333e-03
 2.50000000e-03 1.60000000e-03 2.50000000e-03]
Class weights: [8.50487670e-07 2.22222222e-03 1.90476190e-03 2.50000000e-03
 2.22222222e-03 2.00000000e-03 2.22222222e-03 2.22222222e-03
 2.50000000e-03 2.00000000e-03 2.50000000e-03 1.53846154e-03
 2.35294118e-03 2.50000000e-03 2.66666667e-03 3.33333333e-03
 2.50000000e-03 1.60000000e-03 2.50000000e-03]
Softmax output at epoch 1: tensor([[0.0526, 0.0527, 0.0526, 0.0526, 0.0526, 0.0526, 0.0526, 0.0527, 0.0526,
         0.0526, 0.0526, 0.0527, 0.0526, 0.0527, 0.0527, 0.0526, 0.0527, 0.0526,
         0.0527],
        [0.0526, 0.0527, 0.0526, 0.0526, 0.0526, 0.0526, 0.0526, 0.0527, 0.0526,
         0.0526, 0.0526, 0.0527, 0.0526, 0.0527, 0.0527, 0.0526, 0.0527, 0.0526,
         0.0527],
        [0.0526, 0.0527, 0.0526, 0.0526, 0.0526, 0.0526, 0.0526, 0.0527, 0.0526,
         0.0526, 0.0526, 0.0527, 0.0526, 0.0527, 0.0527, 0.0526, 0.0527, 0.0526,
         0.0527],
        [0.0526, 0.0527, 0.0526, 0.0526, 0.0526, 0.0526, 0.0526, 0.0527, 0.0526,
         0.0526, 0.0526, 0.0527, 0.0526, 0.0527, 0.0527, 0.0526, 0.0527, 0.0526,
         0.0527],
        [0.0526, 0.0527, 0.0526, 0.0526, 0.0526, 0.0526, 0.0526, 0.0527, 0.0526,
         0.0526, 0.0526, 0.0527, 0.0526, 0.0527, 0.0527, 0.0526, 0.0527, 0.0526,
         0.0527]], device='cuda:1', grad_fn=<SliceBackward0>)
pt values at epoch 1: tensor([0.0526, 0.0526, 0.0526, 0.0526, 0.0526], device='cuda:1',
       grad_fn=<SliceBackward0>)
Softmax output at epoch 1: tensor([[0.0526, 0.0527, 0.0526, 0.0526, 0.0526, 0.0526, 0.0526, 0.0527, 0.0526,
         0.0526, 0.0526, 0.0527, 0.0526, 0.0527, 0.0527, 0.0526, 0.0527, 0.0526,
         0.0527],
        [0.0526, 0.0527, 0.0526, 0.0526, 0.0526, 0.0526, 0.0526, 0.0527, 0.0526,
         0.0526, 0.0526, 0.0527, 0.0526, 0.0527, 0.0527, 0.0526, 0.0527, 0.0526,
         0.0527],
        [0.0526, 0.0527, 0.0526, 0.0526, 0.0526, 0.0526, 0.0526, 0.0527, 0.0526,
         0.0526, 0.0526, 0.0527, 0.0526, 0.0527, 0.0527, 0.0526, 0.0527, 0.0526,
         0.0527],
        [0.0526, 0.0527, 0.0526, 0.0526, 0.0526, 0.0526, 0.0526, 0.0527, 0.0526,
         0.0526, 0.0526, 0.0527, 0.0526, 0.0527, 0.0527, 0.0526, 0.0527, 0.0526,
         0.0527],
        [0.0526, 0.0527, 0.0526, 0.0526, 0.0526, 0.0526, 0.0526, 0.0527, 0.0526,
         0.0526, 0.0526, 0.0527, 0.0526, 0.0527, 0.0527, 0.0526, 0.0527, 0.0526,
         0.0527]], device='cuda:2', grad_fn=<SliceBackward0>)
Softmax output at epoch 1: tensor([[0.0526, 0.0527, 0.0526, 0.0526, 0.0526, 0.0526, 0.0526, 0.0527, 0.0526,
         0.0526, 0.0526, 0.0527, 0.0526, 0.0527, 0.0527, 0.0526, 0.0527, 0.0526,
         0.0527],
        [0.0526, 0.0527, 0.0526, 0.0526, 0.0526, 0.0526, 0.0526, 0.0527, 0.0526,
         0.0526, 0.0526, 0.0527, 0.0526, 0.0527, 0.0527, 0.0526, 0.0527, 0.0526,
         0.0527],
        [0.0526, 0.0527, 0.0526, 0.0526, 0.0526, 0.0526, 0.0526, 0.0527, 0.0526,
         0.0526, 0.0526, 0.0527, 0.0526, 0.0527, 0.0527, 0.0526, 0.0527, 0.0526,
         0.0527],
        [0.0526, 0.0527, 0.0526, 0.0526, 0.0526, 0.0526, 0.0526, 0.0527, 0.0526,
         0.0526, 0.0526, 0.0527, 0.0526, 0.0527, 0.0527, 0.0526, 0.0527, 0.0526,
         0.0527],
        [0.0526, 0.0527, 0.0526, 0.0526, 0.0526, 0.0526, 0.0526, 0.0527, 0.0526,
         0.0526, 0.0526, 0.0527, 0.0526, 0.0527, 0.0527, 0.0526, 0.0527, 0.0526,
         0.0527]], device='cuda:0', grad_fn=<SliceBackward0>)
pt values at epoch 1: tensor([0.0526, 0.0526, 0.0526, 0.0526, 0.0526], device='cuda:2',
       grad_fn=<SliceBackward0>)
pt values at epoch 1: tensor([0.0526, 0.0526, 0.0526, 0.0526, 0.0526], device='cuda:0',
       grad_fn=<SliceBackward0>)
Softmax output at epoch 1: tensor([[0.0526, 0.0527, 0.0526, 0.0526, 0.0526, 0.0526, 0.0526, 0.0527, 0.0526,
         0.0526, 0.0526, 0.0527, 0.0526, 0.0527, 0.0527, 0.0526, 0.0527, 0.0526,
         0.0527],
        [0.0526, 0.0527, 0.0526, 0.0526, 0.0526, 0.0526, 0.0526, 0.0527, 0.0526,
         0.0526, 0.0526, 0.0527, 0.0526, 0.0527, 0.0527, 0.0526, 0.0527, 0.0526,
         0.0527],
        [0.0526, 0.0527, 0.0526, 0.0526, 0.0526, 0.0526, 0.0526, 0.0527, 0.0526,
         0.0526, 0.0526, 0.0527, 0.0526, 0.0527, 0.0527, 0.0526, 0.0527, 0.0526,
         0.0527],
        [0.0526, 0.0527, 0.0526, 0.0526, 0.0526, 0.0526, 0.0526, 0.0527, 0.0526,
         0.0526, 0.0526, 0.0527, 0.0526, 0.0527, 0.0527, 0.0526, 0.0527, 0.0526,
         0.0527],
        [0.0526, 0.0527, 0.0526, 0.0526, 0.0526, 0.0526, 0.0526, 0.0527, 0.0526,
         0.0526, 0.0526, 0.0527, 0.0526, 0.0527, 0.0527, 0.0526, 0.0527, 0.0526,
         0.0527]], device='cuda:3', grad_fn=<SliceBackward0>)
pt values at epoch 1: tensor([0.0526, 0.0526, 0.0526, 0.0526, 0.0526], device='cuda:3',
       grad_fn=<SliceBackward0>)
Layer conv1.att_src grad: 2.395696574003303e-23Layer conv1.att_src grad: 2.395696574003303e-23Layer conv1.att_src grad: 2.395696574003303e-23Layer conv1.att_src grad: 2.395696574003303e-23



Layer conv1.att_dst grad: 5.6553095140800565e-24Layer conv1.att_dst grad: 5.6553095140800565e-24Layer conv1.att_dst grad: 5.6553095140800565e-24


Layer conv1.att_dst grad: 5.6553095140800565e-24
Layer conv1.bias grad: 2.1944322116022554e-16
Layer conv1.bias grad: 2.1944322116022554e-16Layer conv1.bias grad: 2.1944322116022554e-16

Layer conv1.bias grad: 2.1944322116022554e-16
Layer conv1.lin.weight grad: 1.334308899543732e-16
Layer conv1.lin.weight grad: 1.334308899543732e-16Layer conv1.lin.weight grad: 1.334308899543732e-16

Layer conv1.lin.weight grad: 1.334308899543732e-16
Layer conv2.att_src grad: 2.2005487943584534e-24
Layer conv2.att_src grad: 2.2005487943584534e-24Layer conv2.att_src grad: 2.2005487943584534e-24

Layer conv2.att_dst grad: 4.631905273379639e-25
Layer conv2.att_src grad: 2.2005487943584534e-24
Layer conv2.att_dst grad: 4.631905273379639e-25Layer conv2.att_dst grad: 4.631905273379639e-25Layer conv2.bias grad: 1.155762226374979e-14


Layer conv2.att_dst grad: 4.631905273379639e-25
Layer conv2.bias grad: 1.155762226374979e-14Layer conv2.bias grad: 1.155762226374979e-14

Layer conv2.bias grad: 1.155762226374979e-14Layer conv2.lin.weight grad: 1.0099031555047664e-17

Layer conv3.att_src grad: 8.667412927522648e-23
Layer conv2.lin.weight grad: 1.0099031555047664e-17Layer conv2.lin.weight grad: 1.0099031555047664e-17

Layer conv2.lin.weight grad: 1.0099031555047664e-17
Layer conv3.att_dst grad: 3.2041302226881155e-23
Layer conv3.att_src grad: 8.667412927522648e-23Layer conv3.att_src grad: 8.667412927522648e-23

Layer conv3.att_src grad: 8.667412927522648e-23
Layer conv3.bias grad: 1.1677057975070793e-12
Layer conv3.att_dst grad: 3.2041302226881155e-23Layer conv3.att_dst grad: 3.2041302226881155e-23

Layer conv3.att_dst grad: 3.2041302226881155e-23
Layer conv3.lin.weight grad: 5.498131094692658e-16
Layer conv3.bias grad: 1.1677057975070793e-12Layer conv3.bias grad: 1.1677057975070793e-12

Layer conv3.bias grad: 1.1677057975070793e-12Layer conv4.att_src grad: 2.871312533078659e-21

Layer conv4.att_dst grad: 9.97819329531551e-22
Layer conv3.lin.weight grad: 5.498131094692658e-16Layer conv3.lin.weight grad: 5.498131094692658e-16

Layer conv3.lin.weight grad: 5.498131094692658e-16
Layer conv4.bias grad: 9.384069910023385e-11
Layer conv4.att_src grad: 2.871312533078659e-21Layer conv4.att_src grad: 2.871312533078659e-21

Layer conv4.att_src grad: 2.871312533078659e-21
Layer conv4.lin.weight grad: 4.8029986834518396e-14
Layer conv4.att_dst grad: 9.97819329531551e-22Layer conv4.att_dst grad: 9.97819329531551e-22

Layer conv4.att_dst grad: 9.97819329531551e-22
Layer fc.weight grad: 2.2010284220219667e-11
Layer conv4.bias grad: 9.384069910023385e-11Layer conv4.bias grad: 9.384069910023385e-11

Layer fc.bias grad: 5.064763186624077e-08
Layer conv4.bias grad: 9.384069910023385e-11
Layer conv4.lin.weight grad: 4.8029986834518396e-14Layer conv4.lin.weight grad: 4.8029986834518396e-14

Layer conv4.lin.weight grad: 4.8029986834518396e-14
Layer fc.weight grad: 2.2010284220219667e-11Layer fc.weight grad: 2.2010284220219667e-11

Layer fc.weight grad: 2.2010284220219667e-11
Layer fc.bias grad: 5.064763186624077e-08Layer fc.bias grad: 5.064763186624077e-08

Layer fc.bias grad: 5.064763186624077e-08
Softmax output at epoch 1: tensor([[0.0528, 0.0524, 0.0528, 0.0528, 0.0528, 0.0528, 0.0528, 0.0524, 0.0528,
         0.0528, 0.0528, 0.0524, 0.0528, 0.0524, 0.0524, 0.0528, 0.0524, 0.0528,
         0.0524],
        [0.0528, 0.0524, 0.0528, 0.0528, 0.0528, 0.0528, 0.0528, 0.0524, 0.0528,
         0.0528, 0.0528, 0.0524, 0.0528, 0.0524, 0.0524, 0.0528, 0.0524, 0.0528,
         0.0524],
        [0.0528, 0.0524, 0.0528, 0.0528, 0.0528, 0.0528, 0.0528, 0.0524, 0.0528,
         0.0528, 0.0528, 0.0524, 0.0528, 0.0524, 0.0524, 0.0528, 0.0524, 0.0528,
         0.0524],
        [0.0528, 0.0524, 0.0528, 0.0528, 0.0528, 0.0528, 0.0528, 0.0524, 0.0528,
         0.0528, 0.0528, 0.0524, 0.0528, 0.0524, 0.0524, 0.0528, 0.0524, 0.0528,
         0.0524],
        [0.0528, 0.0524, 0.0528, 0.0528, 0.0528, 0.0528, 0.0528, 0.0524, 0.0528,
         0.0528, 0.0528, 0.0524, 0.0528, 0.0524, 0.0524, 0.0528, 0.0524, 0.0528,
         0.0524]], device='cuda:1', grad_fn=<SliceBackward0>)
pt values at epoch 1: tensor([0.0528, 0.0528, 0.0528, 0.0528, 0.0528], device='cuda:1',
       grad_fn=<SliceBackward0>)
Softmax output at epoch 1: tensor([[0.0528, 0.0524, 0.0528, 0.0528, 0.0528, 0.0528, 0.0528, 0.0524, 0.0528,
         0.0528, 0.0528, 0.0524, 0.0528, 0.0524, 0.0524, 0.0528, 0.0524, 0.0528,
         0.0524],
        [0.0528, 0.0524, 0.0528, 0.0528, 0.0528, 0.0528, 0.0528, 0.0524, 0.0528,
         0.0528, 0.0528, 0.0524, 0.0528, 0.0524, 0.0524, 0.0528, 0.0524, 0.0528,
         0.0524],
        [0.0528, 0.0524, 0.0528, 0.0528, 0.0528, 0.0528, 0.0528, 0.0524, 0.0528,
         0.0528, 0.0528, 0.0524, 0.0528, 0.0524, 0.0524, 0.0528, 0.0524, 0.0528,
         0.0524],
        [0.0528, 0.0524, 0.0528, 0.0528, 0.0528, 0.0528, 0.0528, 0.0524, 0.0528,
         0.0528, 0.0528, 0.0524, 0.0528, 0.0524, 0.0524, 0.0528, 0.0524, 0.0528,
         0.0524],
        [0.0528, 0.0524, 0.0528, 0.0528, 0.0528, 0.0528, 0.0528, 0.0524, 0.0528,
         0.0528, 0.0528, 0.0524, 0.0528, 0.0524, 0.0524, 0.0528, 0.0524, 0.0528,
         0.0524]], device='cuda:0', grad_fn=<SliceBackward0>)
Softmax output at epoch 1: tensor([[0.0528, 0.0524, 0.0528, 0.0528, 0.0528, 0.0528, 0.0528, 0.0524, 0.0528,
         0.0528, 0.0528, 0.0524, 0.0528, 0.0524, 0.0524, 0.0528, 0.0524, 0.0528,
         0.0524],
        [0.0528, 0.0524, 0.0528, 0.0528, 0.0528, 0.0528, 0.0528, 0.0524, 0.0528,
         0.0528, 0.0528, 0.0524, 0.0528, 0.0524, 0.0524, 0.0528, 0.0524, 0.0528,
         0.0524],
        [0.0528, 0.0524, 0.0528, 0.0528, 0.0528, 0.0528, 0.0528, 0.0524, 0.0528,
         0.0528, 0.0528, 0.0524, 0.0528, 0.0524, 0.0524, 0.0528, 0.0524, 0.0528,
         0.0524],
        [0.0528, 0.0524, 0.0528, 0.0528, 0.0528, 0.0528, 0.0528, 0.0524, 0.0528,
         0.0528, 0.0528, 0.0524, 0.0528, 0.0524, 0.0524, 0.0528, 0.0524, 0.0528,
         0.0524],
        [0.0528, 0.0524, 0.0528, 0.0528, 0.0528, 0.0528, 0.0528, 0.0524, 0.0528,
         0.0528, 0.0528, 0.0524, 0.0528, 0.0524, 0.0524, 0.0528, 0.0524, 0.0528,
         0.0524]], device='cuda:3', grad_fn=<SliceBackward0>)Softmax output at epoch 1: tensor([[0.0528, 0.0524, 0.0528, 0.0528, 0.0528, 0.0528, 0.0528, 0.0524, 0.0528,
         0.0528, 0.0528, 0.0524, 0.0528, 0.0524, 0.0524, 0.0528, 0.0524, 0.0528,
         0.0524],
        [0.0528, 0.0524, 0.0528, 0.0528, 0.0528, 0.0528, 0.0528, 0.0524, 0.0528,
         0.0528, 0.0528, 0.0524, 0.0528, 0.0524, 0.0524, 0.0528, 0.0524, 0.0528,
         0.0524],
        [0.0528, 0.0524, 0.0528, 0.0528, 0.0528, 0.0528, 0.0528, 0.0524, 0.0528,
         0.0528, 0.0528, 0.0524, 0.0528, 0.0524, 0.0524, 0.0528, 0.0524, 0.0528,
         0.0524],
        [0.0528, 0.0524, 0.0528, 0.0528, 0.0528, 0.0528, 0.0528, 0.0524, 0.0528,
         0.0528, 0.0528, 0.0524, 0.0528, 0.0524, 0.0524, 0.0528, 0.0524, 0.0528,
         0.0524],
        [0.0528, 0.0524, 0.0528, 0.0528, 0.0528, 0.0528, 0.0528, 0.0524, 0.0528,
         0.0528, 0.0528, 0.0524, 0.0528, 0.0524, 0.0524, 0.0528, 0.0524, 0.0528,
         0.0524]], device='cuda:2', grad_fn=<SliceBackward0>)

pt values at epoch 1: tensor([0.0528, 0.0528, 0.0528, 0.0528, 0.0528], device='cuda:0',
       grad_fn=<SliceBackward0>)
pt values at epoch 1: tensor([0.0528, 0.0528, 0.0528, 0.0528, 0.0528], device='cuda:2',
       grad_fn=<SliceBackward0>)pt values at epoch 1: tensor([0.0528, 0.0528, 0.0528, 0.0528, 0.0528], device='cuda:3',
       grad_fn=<SliceBackward0>)

Layer conv1.att_src grad: 4.608268687466608e-19Layer conv1.att_src grad: 4.608268687466608e-19Layer conv1.att_src grad: 4.608268687466608e-19Layer conv1.att_src grad: 4.608268687466608e-19



Layer conv1.att_dst grad: 2.324449899577606e-19Layer conv1.att_dst grad: 2.324449899577606e-19Layer conv1.att_dst grad: 2.324449899577606e-19
Layer conv1.att_dst grad: 2.324449899577606e-19


Layer conv1.bias grad: 5.381287727706727e-14
Layer conv1.bias grad: 5.381287727706727e-14Layer conv1.bias grad: 5.381287727706727e-14
Layer conv1.bias grad: 5.381287727706727e-14

Layer conv1.lin.weight grad: 3.2860006219954246e-14
Layer conv1.lin.weight grad: 3.2860006219954246e-14
Layer conv1.lin.weight grad: 3.2860006219954246e-14Layer conv1.lin.weight grad: 3.2860006219954246e-14

Layer conv2.att_src grad: 3.348685290438652e-20
Layer conv2.att_src grad: 3.348685290438652e-20
Layer conv2.att_src grad: 3.348685290438652e-20Layer conv2.att_dst grad: 1.3454047426735246e-20Layer conv2.att_src grad: 3.348685290438652e-20


Layer conv2.att_dst grad: 1.3454047426735246e-20
Layer conv2.bias grad: 6.87068457683182e-13
Layer conv2.att_dst grad: 1.3454047426735246e-20Layer conv2.att_dst grad: 1.3454047426735246e-20

Layer conv2.bias grad: 6.87068457683182e-13
Layer conv2.lin.weight grad: 2.039376239632235e-15
Layer conv2.bias grad: 6.87068457683182e-13Layer conv2.bias grad: 6.87068457683182e-13

Layer conv3.att_src grad: 4.454634881333485e-19
Layer conv2.lin.weight grad: 2.039376239632235e-15
Layer conv2.lin.weight grad: 2.039376239632235e-15Layer conv2.lin.weight grad: 2.039376239632235e-15

Layer conv3.att_dst grad: 8.462684514225423e-20
Layer conv3.att_src grad: 4.454634881333485e-19
Layer conv3.bias grad: 1.3322402209192674e-11
Layer conv3.att_src grad: 4.454634881333485e-19Layer conv3.att_src grad: 4.454634881333485e-19

Layer conv3.att_dst grad: 8.462684514225423e-20
Layer conv3.lin.weight grad: 2.7281511603841416e-14
Layer conv3.att_dst grad: 8.462684514225423e-20Layer conv3.att_dst grad: 8.462684514225423e-20

Layer conv3.bias grad: 1.3322402209192674e-11
Layer conv4.att_src grad: 3.9184223904739214e-18
Layer conv3.bias grad: 1.3322402209192674e-11Layer conv3.bias grad: 1.3322402209192674e-11

Layer conv3.lin.weight grad: 2.7281511603841416e-14
Layer conv4.att_dst grad: 2.2204056745646144e-18
Layer conv3.lin.weight grad: 2.7281511603841416e-14Layer conv3.lin.weight grad: 2.7281511603841416e-14

Layer conv4.bias grad: 3.052673946957185e-10
Layer conv4.att_src grad: 3.9184223904739214e-18
Layer conv4.att_src grad: 3.9184223904739214e-18Layer conv4.att_src grad: 3.9184223904739214e-18Layer conv4.lin.weight grad: 5.617956187059514e-13


Layer conv4.att_dst grad: 2.2204056745646144e-18
Layer conv4.att_dst grad: 2.2204056745646144e-18Layer fc.weight grad: 7.812251540117998e-11Layer conv4.att_dst grad: 2.2204056745646144e-18

Layer conv4.bias grad: 3.052673946957185e-10

Layer fc.bias grad: 3.659862812810388e-08
Layer conv4.bias grad: 3.052673946957185e-10
Layer conv4.bias grad: 3.052673946957185e-10
Layer conv4.lin.weight grad: 5.617956187059514e-13
Layer conv4.lin.weight grad: 5.617956187059514e-13
Layer conv4.lin.weight grad: 5.617956187059514e-13
Layer fc.weight grad: 7.812251540117998e-11
Layer fc.weight grad: 7.812251540117998e-11
Layer fc.weight grad: 7.812251540117998e-11
Layer fc.bias grad: 3.659862812810388e-08
Layer fc.bias grad: 3.659862812810388e-08
Layer fc.bias grad: 3.659862812810388e-08
Softmax output at epoch 1: tensor([[0.0527, 0.0525, 0.0527, 0.0527, 0.0527, 0.0527, 0.0527, 0.0526, 0.0527,
         0.0527, 0.0527, 0.0526, 0.0527, 0.0526, 0.0526, 0.0527, 0.0525, 0.0527,
         0.0526],
        [0.0527, 0.0525, 0.0527, 0.0527, 0.0527, 0.0527, 0.0527, 0.0526, 0.0527,
         0.0527, 0.0527, 0.0526, 0.0527, 0.0526, 0.0526, 0.0527, 0.0525, 0.0527,
         0.0526],
        [0.0527, 0.0525, 0.0527, 0.0527, 0.0527, 0.0527, 0.0527, 0.0526, 0.0527,
         0.0527, 0.0527, 0.0526, 0.0527, 0.0526, 0.0526, 0.0527, 0.0525, 0.0527,
         0.0526],
        [0.0527, 0.0525, 0.0527, 0.0527, 0.0527, 0.0527, 0.0527, 0.0526, 0.0527,
         0.0527, 0.0527, 0.0526, 0.0527, 0.0526, 0.0526, 0.0527, 0.0525, 0.0527,
         0.0526],
        [0.0527, 0.0525, 0.0527, 0.0527, 0.0527, 0.0527, 0.0527, 0.0526, 0.0527,
         0.0527, 0.0527, 0.0526, 0.0527, 0.0526, 0.0526, 0.0527, 0.0525, 0.0527,
         0.0526]], device='cuda:1', grad_fn=<SliceBackward0>)
pt values at epoch 1: tensor([0.0527, 0.0527, 0.0527, 0.0527, 0.0527], device='cuda:1',
       grad_fn=<SliceBackward0>)
Softmax output at epoch 1: tensor([[0.0527, 0.0525, 0.0527, 0.0527, 0.0527, 0.0527, 0.0527, 0.0526, 0.0527,
         0.0527, 0.0527, 0.0526, 0.0527, 0.0526, 0.0526, 0.0527, 0.0525, 0.0527,
         0.0526],
        [0.0527, 0.0525, 0.0527, 0.0527, 0.0527, 0.0527, 0.0527, 0.0526, 0.0527,
         0.0527, 0.0527, 0.0526, 0.0527, 0.0526, 0.0526, 0.0527, 0.0525, 0.0527,
         0.0526],
        [0.0527, 0.0525, 0.0527, 0.0527, 0.0527, 0.0527, 0.0527, 0.0526, 0.0527,
         0.0527, 0.0527, 0.0526, 0.0527, 0.0526, 0.0526, 0.0527, 0.0525, 0.0527,
         0.0526],
        [0.0527, 0.0525, 0.0527, 0.0527, 0.0527, 0.0527, 0.0527, 0.0526, 0.0527,
         0.0527, 0.0527, 0.0526, 0.0527, 0.0526, 0.0526, 0.0527, 0.0525, 0.0527,
         0.0526],
        [0.0527, 0.0525, 0.0527, 0.0527, 0.0527, 0.0527, 0.0527, 0.0526, 0.0527,
         0.0527, 0.0527, 0.0526, 0.0527, 0.0526, 0.0526, 0.0527, 0.0525, 0.0527,
         0.0526]], device='cuda:3', grad_fn=<SliceBackward0>)
Softmax output at epoch 1: tensor([[0.0527, 0.0525, 0.0527, 0.0527, 0.0527, 0.0527, 0.0527, 0.0526, 0.0527,
         0.0527, 0.0527, 0.0526, 0.0527, 0.0526, 0.0526, 0.0527, 0.0525, 0.0527,
         0.0526],
        [0.0527, 0.0525, 0.0527, 0.0527, 0.0527, 0.0527, 0.0527, 0.0526, 0.0527,
         0.0527, 0.0527, 0.0526, 0.0527, 0.0526, 0.0526, 0.0527, 0.0525, 0.0527,
         0.0526],
        [0.0527, 0.0525, 0.0527, 0.0527, 0.0527, 0.0527, 0.0527, 0.0526, 0.0527,
         0.0527, 0.0527, 0.0526, 0.0527, 0.0526, 0.0526, 0.0527, 0.0525, 0.0527,
         0.0526],
        [0.0527, 0.0525, 0.0527, 0.0527, 0.0527, 0.0527, 0.0527, 0.0526, 0.0527,
         0.0527, 0.0527, 0.0526, 0.0527, 0.0526, 0.0526, 0.0527, 0.0525, 0.0527,
         0.0526],
        [0.0527, 0.0525, 0.0527, 0.0527, 0.0527, 0.0527, 0.0527, 0.0526, 0.0527,
         0.0527, 0.0527, 0.0526, 0.0527, 0.0526, 0.0526, 0.0527, 0.0525, 0.0527,
         0.0526]], device='cuda:0', grad_fn=<SliceBackward0>)
Softmax output at epoch 1: tensor([[0.0527, 0.0525, 0.0527, 0.0527, 0.0527, 0.0527, 0.0527, 0.0526, 0.0527,
         0.0527, 0.0527, 0.0526, 0.0527, 0.0526, 0.0526, 0.0527, 0.0525, 0.0527,
         0.0526],
        [0.0527, 0.0525, 0.0527, 0.0527, 0.0527, 0.0527, 0.0527, 0.0526, 0.0527,
         0.0527, 0.0527, 0.0526, 0.0527, 0.0526, 0.0526, 0.0527, 0.0525, 0.0527,
         0.0526],
        [0.0527, 0.0525, 0.0527, 0.0527, 0.0527, 0.0527, 0.0527, 0.0526, 0.0527,
         0.0527, 0.0527, 0.0526, 0.0527, 0.0526, 0.0526, 0.0527, 0.0525, 0.0527,
         0.0526],
        [0.0527, 0.0525, 0.0527, 0.0527, 0.0527, 0.0527, 0.0527, 0.0526, 0.0527,
         0.0527, 0.0527, 0.0526, 0.0527, 0.0526, 0.0526, 0.0527, 0.0525, 0.0527,
         0.0526],
        [0.0527, 0.0525, 0.0527, 0.0527, 0.0527, 0.0527, 0.0527, 0.0526, 0.0527,
         0.0527, 0.0527, 0.0526, 0.0527, 0.0526, 0.0526, 0.0527, 0.0525, 0.0527,
         0.0526]], device='cuda:2', grad_fn=<SliceBackward0>)
pt values at epoch 1: tensor([0.0527, 0.0527, 0.0527, 0.0527, 0.0527], device='cuda:3',
       grad_fn=<SliceBackward0>)
pt values at epoch 1: tensor([0.0527, 0.0527, 0.0527, 0.0527, 0.0527], device='cuda:0',
       grad_fn=<SliceBackward0>)
pt values at epoch 1: tensor([0.0527, 0.0527, 0.0527, 0.0527, 0.0527], device='cuda:2',
       grad_fn=<SliceBackward0>)
Layer conv1.att_src grad: 4.321942969942668e-22Layer conv1.att_src grad: 4.321942969942668e-22Layer conv1.att_src grad: 4.321942969942668e-22
Layer conv1.att_src grad: 4.321942969942668e-22


Layer conv1.att_dst grad: 2.4549283528440038e-23Layer conv1.att_dst grad: 2.4549283528440038e-23
Layer conv1.att_dst grad: 2.4549283528440038e-23

Layer conv1.att_dst grad: 2.4549283528440038e-23
Layer conv1.bias grad: 3.197134594438625e-16
Layer conv1.bias grad: 3.197134594438625e-16
Layer conv1.bias grad: 3.197134594438625e-16
Layer conv1.bias grad: 3.197134594438625e-16
Layer conv1.lin.weight grad: 1.8257522539336546e-16
Layer conv1.lin.weight grad: 1.8257522539336546e-16
Layer conv1.lin.weight grad: 1.8257522539336546e-16
Layer conv1.lin.weight grad: 1.8257522539336546e-16
Layer conv2.att_src grad: 6.575182466287911e-24
Layer conv2.att_src grad: 6.575182466287911e-24
Layer conv2.att_src grad: 6.575182466287911e-24
Layer conv2.att_src grad: 6.575182466287911e-24
Layer conv2.att_dst grad: 3.138272879990554e-24
Layer conv2.att_dst grad: 3.138272879990554e-24
Layer conv2.att_dst grad: 3.138272879990554e-24
Layer conv2.att_dst grad: 3.138272879990554e-24Layer conv2.bias grad: 1.4313308432370095e-14
Layer conv2.bias grad: 1.4313308432370095e-14

Layer conv2.bias grad: 1.4313308432370095e-14
Layer conv2.bias grad: 1.4313308432370095e-14
Layer conv2.lin.weight grad: 1.2598832577548242e-17Layer conv2.lin.weight grad: 1.2598832577548242e-17

Layer conv2.lin.weight grad: 1.2598832577548242e-17
Layer conv3.att_src grad: 2.54754412565937e-22Layer conv2.lin.weight grad: 1.2598832577548242e-17Layer conv3.att_src grad: 2.54754412565937e-22


Layer conv3.att_src grad: 2.54754412565937e-22
Layer conv3.att_dst grad: 4.850017819494649e-23Layer conv3.att_dst grad: 4.850017819494649e-23

Layer conv3.att_src grad: 2.54754412565937e-22
Layer conv3.att_dst grad: 4.850017819494649e-23
Layer conv3.bias grad: 1.0669919808803385e-12Layer conv3.bias grad: 1.0669919808803385e-12

Layer conv3.att_dst grad: 4.850017819494649e-23
Layer conv3.bias grad: 1.0669919808803385e-12
Layer conv3.lin.weight grad: 6.3384264242471425e-16
Layer conv3.lin.weight grad: 6.3384264242471425e-16Layer conv3.bias grad: 1.0669919808803385e-12

Layer conv4.att_src grad: 6.53642603293699e-21
Layer conv3.lin.weight grad: 6.3384264242471425e-16Layer conv4.att_src grad: 6.53642603293699e-21

Layer conv3.lin.weight grad: 6.3384264242471425e-16
Layer conv4.att_dst grad: 3.167335755828239e-21
Layer conv4.att_dst grad: 3.167335755828239e-21
Layer conv4.att_src grad: 6.53642603293699e-21
Layer conv4.att_src grad: 6.53642603293699e-21
Layer conv4.bias grad: 9.013394197676661e-11
Layer conv4.bias grad: 9.013394197676661e-11
Layer conv4.att_dst grad: 3.167335755828239e-21
Layer conv4.att_dst grad: 3.167335755828239e-21
Layer conv4.lin.weight grad: 4.849933117872379e-14
Layer conv4.lin.weight grad: 4.849933117872379e-14
Layer conv4.bias grad: 9.013394197676661e-11
Layer conv4.bias grad: 9.013394197676661e-11Layer fc.weight grad: 2.0497331262858687e-11

Layer fc.weight grad: 2.0497331262858687e-11
Layer conv4.lin.weight grad: 4.849933117872379e-14
Layer fc.bias grad: 3.2832595309173485e-08
Layer conv4.lin.weight grad: 4.849933117872379e-14Layer fc.bias grad: 3.2832595309173485e-08

Layer fc.weight grad: 2.0497331262858687e-11
Layer fc.weight grad: 2.0497331262858687e-11
Layer fc.bias grad: 3.2832595309173485e-08
Layer fc.bias grad: 3.2832595309173485e-08
Softmax output at epoch 1: tensor([[0.0526, 0.0527, 0.0526, 0.0526, 0.0526, 0.0526, 0.0526, 0.0528, 0.0526,
         0.0525, 0.0526, 0.0528, 0.0526, 0.0528, 0.0528, 0.0526, 0.0527, 0.0526,
         0.0527],
        [0.0526, 0.0527, 0.0526, 0.0526, 0.0526, 0.0526, 0.0526, 0.0528, 0.0526,
         0.0525, 0.0526, 0.0528, 0.0526, 0.0528, 0.0528, 0.0526, 0.0527, 0.0526,
         0.0527],
        [0.0526, 0.0527, 0.0526, 0.0526, 0.0526, 0.0526, 0.0526, 0.0528, 0.0526,
         0.0525, 0.0526, 0.0528, 0.0526, 0.0528, 0.0528, 0.0526, 0.0527, 0.0526,
         0.0527],
        [0.0526, 0.0527, 0.0526, 0.0526, 0.0526, 0.0526, 0.0526, 0.0528, 0.0526,
         0.0525, 0.0526, 0.0528, 0.0526, 0.0528, 0.0528, 0.0526, 0.0527, 0.0526,
         0.0527],
        [0.0526, 0.0527, 0.0526, 0.0526, 0.0526, 0.0526, 0.0526, 0.0528, 0.0526,
         0.0525, 0.0526, 0.0528, 0.0526, 0.0528, 0.0528, 0.0526, 0.0527, 0.0526,
         0.0527]], device='cuda:3', grad_fn=<SliceBackward0>)
Softmax output at epoch 1: tensor([[0.0526, 0.0527, 0.0526, 0.0526, 0.0526, 0.0526, 0.0526, 0.0528, 0.0526,
         0.0525, 0.0526, 0.0528, 0.0526, 0.0528, 0.0528, 0.0526, 0.0527, 0.0526,
         0.0527],
        [0.0526, 0.0527, 0.0526, 0.0526, 0.0526, 0.0526, 0.0526, 0.0528, 0.0526,
         0.0525, 0.0526, 0.0528, 0.0526, 0.0528, 0.0528, 0.0526, 0.0527, 0.0526,
         0.0527],
        [0.0526, 0.0527, 0.0526, 0.0526, 0.0526, 0.0526, 0.0526, 0.0528, 0.0526,
         0.0525, 0.0526, 0.0528, 0.0526, 0.0528, 0.0528, 0.0526, 0.0527, 0.0526,
         0.0527],
        [0.0526, 0.0527, 0.0526, 0.0526, 0.0526, 0.0526, 0.0526, 0.0528, 0.0526,
         0.0525, 0.0526, 0.0528, 0.0526, 0.0528, 0.0528, 0.0526, 0.0527, 0.0526,
         0.0527],
        [0.0526, 0.0527, 0.0526, 0.0526, 0.0526, 0.0526, 0.0526, 0.0528, 0.0526,
         0.0525, 0.0526, 0.0528, 0.0526, 0.0528, 0.0528, 0.0526, 0.0527, 0.0526,
         0.0527]], device='cuda:1', grad_fn=<SliceBackward0>)
Softmax output at epoch 1: tensor([[0.0526, 0.0527, 0.0526, 0.0526, 0.0526, 0.0526, 0.0526, 0.0528, 0.0526,
         0.0525, 0.0526, 0.0528, 0.0526, 0.0528, 0.0528, 0.0526, 0.0527, 0.0526,
         0.0527],
        [0.0526, 0.0527, 0.0526, 0.0526, 0.0526, 0.0526, 0.0526, 0.0528, 0.0526,
         0.0525, 0.0526, 0.0528, 0.0526, 0.0528, 0.0528, 0.0526, 0.0527, 0.0526,
         0.0527],
        [0.0526, 0.0527, 0.0526, 0.0526, 0.0526, 0.0526, 0.0526, 0.0528, 0.0526,
         0.0525, 0.0526, 0.0528, 0.0526, 0.0528, 0.0528, 0.0526, 0.0527, 0.0526,
         0.0527],
        [0.0526, 0.0527, 0.0526, 0.0526, 0.0526, 0.0526, 0.0526, 0.0528, 0.0526,
         0.0525, 0.0526, 0.0528, 0.0526, 0.0528, 0.0528, 0.0526, 0.0527, 0.0526,
         0.0527],
        [0.0526, 0.0527, 0.0526, 0.0526, 0.0526, 0.0526, 0.0526, 0.0528, 0.0526,
         0.0525, 0.0526, 0.0528, 0.0526, 0.0528, 0.0528, 0.0526, 0.0527, 0.0526,
         0.0527]], device='cuda:0', grad_fn=<SliceBackward0>)
Softmax output at epoch 1: tensor([[0.0526, 0.0527, 0.0526, 0.0526, 0.0526, 0.0526, 0.0526, 0.0528, 0.0526,
         0.0525, 0.0526, 0.0528, 0.0526, 0.0528, 0.0528, 0.0526, 0.0527, 0.0526,
         0.0527],
        [0.0526, 0.0527, 0.0526, 0.0526, 0.0526, 0.0526, 0.0526, 0.0528, 0.0526,
         0.0525, 0.0526, 0.0528, 0.0526, 0.0528, 0.0528, 0.0526, 0.0527, 0.0526,
         0.0527],
        [0.0526, 0.0527, 0.0526, 0.0526, 0.0526, 0.0526, 0.0526, 0.0528, 0.0526,
         0.0525, 0.0526, 0.0528, 0.0526, 0.0528, 0.0528, 0.0526, 0.0527, 0.0526,
         0.0527],
        [0.0526, 0.0527, 0.0526, 0.0526, 0.0526, 0.0526, 0.0526, 0.0528, 0.0526,
         0.0525, 0.0526, 0.0528, 0.0526, 0.0528, 0.0528, 0.0526, 0.0527, 0.0526,
         0.0527],
        [0.0526, 0.0527, 0.0526, 0.0526, 0.0526, 0.0526, 0.0526, 0.0528, 0.0526,
         0.0525, 0.0526, 0.0528, 0.0526, 0.0528, 0.0528, 0.0526, 0.0527, 0.0526,
         0.0527]], device='cuda:2', grad_fn=<SliceBackward0>)
pt values at epoch 1: tensor([0.0526, 0.0526, 0.0526, 0.0526, 0.0526], device='cuda:3',
       grad_fn=<SliceBackward0>)
pt values at epoch 1: tensor([0.0526, 0.0526, 0.0526, 0.0526, 0.0526], device='cuda:1',
       grad_fn=<SliceBackward0>)
pt values at epoch 1: tensor([0.0526, 0.0526, 0.0526, 0.0526, 0.0526], device='cuda:0',
       grad_fn=<SliceBackward0>)
pt values at epoch 1: tensor([0.0526, 0.0526, 0.0526, 0.0526, 0.0526], device='cuda:2',
       grad_fn=<SliceBackward0>)
Layer conv1.att_src grad: 5.1010351265844025e-22Layer conv1.att_src grad: 5.1010351265844025e-22Layer conv1.att_src grad: 5.1010351265844025e-22Layer conv1.att_src grad: 5.1010351265844025e-22



Layer conv1.att_dst grad: 1.6638001667180782e-22Layer conv1.att_dst grad: 1.6638001667180782e-22Layer conv1.att_dst grad: 1.6638001667180782e-22
Layer conv1.att_dst grad: 1.6638001667180782e-22


Layer conv1.bias grad: 2.8490514340225948e-15
Layer conv1.bias grad: 2.8490514340225948e-15Layer conv1.bias grad: 2.8490514340225948e-15

Layer conv1.bias grad: 2.8490514340225948e-15
Layer conv1.lin.weight grad: 1.8265759405353002e-15
Layer conv1.lin.weight grad: 1.8265759405353002e-15Layer conv1.lin.weight grad: 1.8265759405353002e-15

Layer conv1.lin.weight grad: 1.8265759405353002e-15
Layer conv2.att_src grad: 1.215935305613777e-22
Layer conv2.att_src grad: 1.215935305613777e-22Layer conv2.att_src grad: 1.215935305613777e-22

Layer conv2.att_src grad: 1.215935305613777e-22
Layer conv2.att_dst grad: 7.78389250020746e-23
Layer conv2.att_dst grad: 7.78389250020746e-23Layer conv2.att_dst grad: 7.78389250020746e-23

Layer conv2.bias grad: 8.734826013531705e-14
Layer conv2.att_dst grad: 7.78389250020746e-23
Layer conv2.bias grad: 8.734826013531705e-14Layer conv2.bias grad: 8.734826013531705e-14

Layer conv2.bias grad: 8.734826013531705e-14Layer conv2.lin.weight grad: 1.208861599519696e-16

Layer conv2.lin.weight grad: 1.208861599519696e-16Layer conv2.lin.weight grad: 1.208861599519696e-16

Layer conv3.att_src grad: 3.3822247985589064e-21
Layer conv2.lin.weight grad: 1.208861599519696e-16
Layer conv3.att_src grad: 3.3822247985589064e-21Layer conv3.att_src grad: 3.3822247985589064e-21

Layer conv3.att_dst grad: 1.7126003140054004e-21
Layer conv3.att_src grad: 3.3822247985589064e-21Layer conv3.att_dst grad: 1.7126003140054004e-21Layer conv3.att_dst grad: 1.7126003140054004e-21


Layer conv3.bias grad: 4.758814869942896e-12
Layer conv3.bias grad: 4.758814869942896e-12Layer conv3.bias grad: 4.758814869942896e-12
Layer conv3.att_dst grad: 1.7126003140054004e-21

Layer conv3.lin.weight grad: 4.133599133148607e-15
Layer conv3.lin.weight grad: 4.133599133148607e-15Layer conv3.bias grad: 4.758814869942896e-12
Layer conv3.lin.weight grad: 4.133599133148607e-15

Layer conv4.att_src grad: 7.637984151040348e-20
Layer conv4.att_src grad: 7.637984151040348e-20
Layer conv4.att_src grad: 7.637984151040348e-20Layer conv4.att_dst grad: 1.4007518498238452e-20

Layer conv3.lin.weight grad: 4.133599133148607e-15
Layer conv4.att_dst grad: 1.4007518498238452e-20
Layer conv4.att_dst grad: 1.4007518498238452e-20Layer conv4.bias grad: 2.0411669576780866e-10

Layer conv4.att_src grad: 7.637984151040348e-20
Layer conv4.bias grad: 2.0411669576780866e-10
Layer conv4.bias grad: 2.0411669576780866e-10
Layer conv4.lin.weight grad: 1.9604271277087054e-13
Layer conv4.att_dst grad: 1.4007518498238452e-20
Layer conv4.lin.weight grad: 1.9604271277087054e-13
Layer conv4.lin.weight grad: 1.9604271277087054e-13
Layer fc.weight grad: 4.6570192147044054e-11
Layer conv4.bias grad: 2.0411669576780866e-10
Layer fc.weight grad: 4.6570192147044054e-11
Layer fc.weight grad: 4.6570192147044054e-11Layer fc.bias grad: 5.728163543494702e-08

Layer fc.bias grad: 5.728163543494702e-08Layer conv4.lin.weight grad: 1.9604271277087054e-13

Layer fc.bias grad: 5.728163543494702e-08
Layer fc.weight grad: 4.6570192147044054e-11
Layer fc.bias grad: 5.728163543494702e-08
Softmax output at epoch 1: tensor([[0.0525, 0.0528, 0.0525, 0.0525, 0.0525, 0.0525, 0.0525, 0.0528, 0.0525,
         0.0525, 0.0525, 0.0528, 0.0525, 0.0528, 0.0528, 0.0525, 0.0528, 0.0525,
         0.0528],
        [0.0525, 0.0528, 0.0525, 0.0525, 0.0525, 0.0525, 0.0525, 0.0528, 0.0525,
         0.0525, 0.0525, 0.0528, 0.0525, 0.0528, 0.0528, 0.0525, 0.0528, 0.0525,
         0.0528],
        [0.0525, 0.0528, 0.0525, 0.0525, 0.0525, 0.0525, 0.0525, 0.0528, 0.0525,
         0.0525, 0.0525, 0.0528, 0.0525, 0.0528, 0.0528, 0.0525, 0.0528, 0.0525,
         0.0528],
        [0.0525, 0.0528, 0.0525, 0.0525, 0.0525, 0.0525, 0.0525, 0.0528, 0.0525,
         0.0525, 0.0525, 0.0528, 0.0525, 0.0528, 0.0528, 0.0525, 0.0528, 0.0525,
         0.0528],
        [0.0525, 0.0528, 0.0525, 0.0525, 0.0525, 0.0525, 0.0525, 0.0528, 0.0525,
         0.0525, 0.0525, 0.0528, 0.0525, 0.0528, 0.0528, 0.0525, 0.0528, 0.0525,
         0.0528]], device='cuda:2', grad_fn=<SliceBackward0>)
Softmax output at epoch 1: tensor([[0.0525, 0.0528, 0.0525, 0.0525, 0.0525, 0.0525, 0.0525, 0.0528, 0.0525,
         0.0525, 0.0525, 0.0528, 0.0525, 0.0528, 0.0528, 0.0525, 0.0528, 0.0525,
         0.0528],
        [0.0525, 0.0528, 0.0525, 0.0525, 0.0525, 0.0525, 0.0525, 0.0528, 0.0525,
         0.0525, 0.0525, 0.0528, 0.0525, 0.0528, 0.0528, 0.0525, 0.0528, 0.0525,
         0.0528],
        [0.0525, 0.0528, 0.0525, 0.0525, 0.0525, 0.0525, 0.0525, 0.0528, 0.0525,
         0.0525, 0.0525, 0.0528, 0.0525, 0.0528, 0.0528, 0.0525, 0.0528, 0.0525,
         0.0528],
        [0.0525, 0.0528, 0.0525, 0.0525, 0.0525, 0.0525, 0.0525, 0.0528, 0.0525,
         0.0525, 0.0525, 0.0528, 0.0525, 0.0528, 0.0528, 0.0525, 0.0528, 0.0525,
         0.0528],
        [0.0525, 0.0528, 0.0525, 0.0525, 0.0525, 0.0525, 0.0525, 0.0528, 0.0525,
         0.0525, 0.0525, 0.0528, 0.0525, 0.0528, 0.0528, 0.0525, 0.0528, 0.0525,
         0.0528]], device='cuda:3', grad_fn=<SliceBackward0>)
Softmax output at epoch 1: tensor([[0.0525, 0.0528, 0.0525, 0.0525, 0.0525, 0.0525, 0.0525, 0.0528, 0.0525,
         0.0525, 0.0525, 0.0528, 0.0525, 0.0528, 0.0528, 0.0525, 0.0528, 0.0525,
         0.0528],
        [0.0525, 0.0528, 0.0525, 0.0525, 0.0525, 0.0525, 0.0525, 0.0528, 0.0525,
         0.0525, 0.0525, 0.0528, 0.0525, 0.0528, 0.0528, 0.0525, 0.0528, 0.0525,
         0.0528],
        [0.0525, 0.0528, 0.0525, 0.0525, 0.0525, 0.0525, 0.0525, 0.0528, 0.0525,
         0.0525, 0.0525, 0.0528, 0.0525, 0.0528, 0.0528, 0.0525, 0.0528, 0.0525,
         0.0528],
        [0.0525, 0.0528, 0.0525, 0.0525, 0.0525, 0.0525, 0.0525, 0.0528, 0.0525,
         0.0525, 0.0525, 0.0528, 0.0525, 0.0528, 0.0528, 0.0525, 0.0528, 0.0525,
         0.0528],
        [0.0525, 0.0528, 0.0525, 0.0525, 0.0525, 0.0525, 0.0525, 0.0528, 0.0525,
         0.0525, 0.0525, 0.0528, 0.0525, 0.0528, 0.0528, 0.0525, 0.0528, 0.0525,
         0.0528]], device='cuda:1', grad_fn=<SliceBackward0>)
pt values at epoch 1: tensor([0.0525, 0.0525, 0.0525, 0.0525, 0.0525], device='cuda:2',
       grad_fn=<SliceBackward0>)
pt values at epoch 1: tensor([0.0525, 0.0525, 0.0525, 0.0525, 0.0525], device='cuda:3',
       grad_fn=<SliceBackward0>)
pt values at epoch 1: tensor([0.0525, 0.0525, 0.0525, 0.0525, 0.0525], device='cuda:1',
       grad_fn=<SliceBackward0>)
Softmax output at epoch 1: tensor([[0.0525, 0.0528, 0.0525, 0.0525, 0.0525, 0.0525, 0.0525, 0.0528, 0.0525,
         0.0525, 0.0525, 0.0528, 0.0525, 0.0528, 0.0528, 0.0525, 0.0528, 0.0525,
         0.0528],
        [0.0525, 0.0528, 0.0525, 0.0525, 0.0525, 0.0525, 0.0525, 0.0528, 0.0525,
         0.0525, 0.0525, 0.0528, 0.0525, 0.0528, 0.0528, 0.0525, 0.0528, 0.0525,
         0.0528],
        [0.0525, 0.0528, 0.0525, 0.0525, 0.0525, 0.0525, 0.0525, 0.0528, 0.0525,
         0.0525, 0.0525, 0.0528, 0.0525, 0.0528, 0.0528, 0.0525, 0.0528, 0.0525,
         0.0528],
        [0.0525, 0.0528, 0.0525, 0.0525, 0.0525, 0.0525, 0.0525, 0.0528, 0.0525,
         0.0525, 0.0525, 0.0528, 0.0525, 0.0528, 0.0528, 0.0525, 0.0528, 0.0525,
         0.0528],
        [0.0525, 0.0528, 0.0525, 0.0525, 0.0525, 0.0525, 0.0525, 0.0528, 0.0525,
         0.0525, 0.0525, 0.0528, 0.0525, 0.0528, 0.0528, 0.0525, 0.0528, 0.0525,
         0.0528]], device='cuda:0', grad_fn=<SliceBackward0>)
pt values at epoch 1: tensor([0.0525, 0.0525, 0.0525, 0.0525, 0.0525], device='cuda:0',
       grad_fn=<SliceBackward0>)
Layer conv1.att_src grad: 3.9108235022390516e-21Layer conv1.att_src grad: 3.9108235022390516e-21Layer conv1.att_src grad: 3.9108235022390516e-21
Layer conv1.att_src grad: 3.9108235022390516e-21


Layer conv1.att_dst grad: 2.038536536435786e-21
Layer conv1.att_dst grad: 2.038536536435786e-21Layer conv1.att_dst grad: 2.038536536435786e-21

Layer conv1.att_dst grad: 2.038536536435786e-21
Layer conv1.bias grad: 1.4315300653862037e-14
Layer conv1.bias grad: 1.4315300653862037e-14Layer conv1.bias grad: 1.4315300653862037e-14

Layer conv1.bias grad: 1.4315300653862037e-14
Layer conv1.lin.weight grad: 7.924323564413409e-15
Layer conv1.lin.weight grad: 7.924323564413409e-15Layer conv1.lin.weight grad: 7.924323564413409e-15

Layer conv1.lin.weight grad: 7.924323564413409e-15
Layer conv2.att_src grad: 2.8923876652918968e-21
Layer conv2.att_src grad: 2.8923876652918968e-21Layer conv2.att_src grad: 2.8923876652918968e-21

Layer conv2.att_src grad: 2.8923876652918968e-21Layer conv2.att_dst grad: 8.786279750898799e-22

Layer conv2.att_dst grad: 8.786279750898799e-22Layer conv2.att_dst grad: 8.786279750898799e-22

Layer conv2.bias grad: 2.7407698506565215e-13
Layer conv2.att_dst grad: 8.786279750898799e-22
Layer conv2.bias grad: 2.7407698506565215e-13Layer conv2.bias grad: 2.7407698506565215e-13

Layer conv2.bias grad: 2.7407698506565215e-13Layer conv2.lin.weight grad: 5.231515827841342e-16

Layer conv2.lin.weight grad: 5.231515827841342e-16
Layer conv2.lin.weight grad: 5.231515827841342e-16
Layer conv3.att_src grad: 5.662152751797483e-20
Layer conv3.att_src grad: 5.662152751797483e-20Layer conv2.lin.weight grad: 5.231515827841342e-16
Layer conv3.att_src grad: 5.662152751797483e-20

Layer conv3.att_dst grad: 2.928879820458053e-20
Layer conv3.att_dst grad: 2.928879820458053e-20
Layer conv3.att_dst grad: 2.928879820458053e-20
Layer conv3.att_src grad: 5.662152751797483e-20
Layer conv3.bias grad: 8.646008388402127e-12
Layer conv3.bias grad: 8.646008388402127e-12
Layer conv3.bias grad: 8.646008388402127e-12
Layer conv3.att_dst grad: 2.928879820458053e-20
Layer conv3.lin.weight grad: 1.2105865185893083e-14
Layer conv3.lin.weight grad: 1.2105865185893083e-14
Layer conv3.lin.weight grad: 1.2105865185893083e-14
Layer conv3.bias grad: 8.646008388402127e-12
Layer conv4.att_src grad: 9.067243682076582e-19
Layer conv4.att_src grad: 9.067243682076582e-19
Layer conv4.att_src grad: 9.067243682076582e-19
Layer conv4.att_dst grad: 3.230865884513147e-19Layer conv3.lin.weight grad: 1.2105865185893083e-14

Layer conv4.att_dst grad: 3.230865884513147e-19
Layer conv4.att_dst grad: 3.230865884513147e-19
Layer conv4.bias grad: 2.2067650484736134e-10
Layer conv4.bias grad: 2.2067650484736134e-10
Layer conv4.att_src grad: 9.067243682076582e-19
Layer conv4.bias grad: 2.2067650484736134e-10
Layer conv4.lin.weight grad: 3.4001973328937063e-13
Layer conv4.lin.weight grad: 3.4001973328937063e-13
Layer conv4.att_dst grad: 3.230865884513147e-19
Layer conv4.lin.weight grad: 3.4001973328937063e-13
Layer fc.weight grad: 5.89279527951625e-11
Layer fc.weight grad: 5.89279527951625e-11
Layer conv4.bias grad: 2.2067650484736134e-10
Layer fc.weight grad: 5.89279527951625e-11
Layer fc.bias grad: 4.532634534371027e-08
Layer fc.bias grad: 4.532634534371027e-08
Layer fc.bias grad: 4.532634534371027e-08
Layer conv4.lin.weight grad: 3.4001973328937063e-13
Layer fc.weight grad: 5.89279527951625e-11
Layer fc.bias grad: 4.532634534371027e-08
Softmax output at epoch 1: tensor([[0.0525, 0.0528, 0.0525, 0.0525, 0.0525, 0.0525, 0.0526, 0.0528, 0.0525,
         0.0525, 0.0526, 0.0528, 0.0525, 0.0528, 0.0528, 0.0525, 0.0528, 0.0526,
         0.0528],
        [0.0525, 0.0528, 0.0525, 0.0525, 0.0525, 0.0525, 0.0526, 0.0528, 0.0525,
         0.0525, 0.0526, 0.0528, 0.0525, 0.0528, 0.0528, 0.0525, 0.0528, 0.0526,
         0.0528],
        [0.0525, 0.0528, 0.0525, 0.0525, 0.0525, 0.0525, 0.0526, 0.0528, 0.0525,
         0.0525, 0.0526, 0.0528, 0.0525, 0.0528, 0.0528, 0.0525, 0.0528, 0.0526,
         0.0528],
        [0.0525, 0.0528, 0.0525, 0.0525, 0.0525, 0.0525, 0.0526, 0.0528, 0.0525,
         0.0525, 0.0526, 0.0528, 0.0525, 0.0528, 0.0528, 0.0525, 0.0528, 0.0526,
         0.0528],
        [0.0525, 0.0528, 0.0525, 0.0525, 0.0525, 0.0525, 0.0526, 0.0528, 0.0525,
         0.0525, 0.0526, 0.0528, 0.0525, 0.0528, 0.0528, 0.0525, 0.0528, 0.0526,
         0.0528]], device='cuda:2', grad_fn=<SliceBackward0>)
Softmax output at epoch 1: tensor([[0.0525, 0.0528, 0.0525, 0.0525, 0.0525, 0.0525, 0.0526, 0.0528, 0.0525,
         0.0525, 0.0526, 0.0528, 0.0525, 0.0528, 0.0528, 0.0525, 0.0528, 0.0526,
         0.0528],
        [0.0525, 0.0528, 0.0525, 0.0525, 0.0525, 0.0525, 0.0526, 0.0528, 0.0525,
         0.0525, 0.0526, 0.0528, 0.0525, 0.0528, 0.0528, 0.0525, 0.0528, 0.0526,
         0.0528],
        [0.0525, 0.0528, 0.0525, 0.0525, 0.0525, 0.0525, 0.0526, 0.0528, 0.0525,
         0.0525, 0.0526, 0.0528, 0.0525, 0.0528, 0.0528, 0.0525, 0.0528, 0.0526,
         0.0528],
        [0.0525, 0.0528, 0.0525, 0.0525, 0.0525, 0.0525, 0.0526, 0.0528, 0.0525,
         0.0525, 0.0526, 0.0528, 0.0525, 0.0528, 0.0528, 0.0525, 0.0528, 0.0526,
         0.0528],
        [0.0525, 0.0528, 0.0525, 0.0525, 0.0525, 0.0525, 0.0526, 0.0528, 0.0525,
         0.0525, 0.0526, 0.0528, 0.0525, 0.0528, 0.0528, 0.0525, 0.0528, 0.0526,
         0.0528]], device='cuda:3', grad_fn=<SliceBackward0>)
Softmax output at epoch 1: tensor([[0.0525, 0.0528, 0.0525, 0.0525, 0.0525, 0.0525, 0.0526, 0.0528, 0.0525,
         0.0525, 0.0526, 0.0528, 0.0525, 0.0528, 0.0528, 0.0525, 0.0528, 0.0526,
         0.0528],
        [0.0525, 0.0528, 0.0525, 0.0525, 0.0525, 0.0525, 0.0526, 0.0528, 0.0525,
         0.0525, 0.0526, 0.0528, 0.0525, 0.0528, 0.0528, 0.0525, 0.0528, 0.0526,
         0.0528],
        [0.0525, 0.0528, 0.0525, 0.0525, 0.0525, 0.0525, 0.0526, 0.0528, 0.0525,
         0.0525, 0.0526, 0.0528, 0.0525, 0.0528, 0.0528, 0.0525, 0.0528, 0.0526,
         0.0528],
        [0.0525, 0.0528, 0.0525, 0.0525, 0.0525, 0.0525, 0.0526, 0.0528, 0.0525,
         0.0525, 0.0526, 0.0528, 0.0525, 0.0528, 0.0528, 0.0525, 0.0528, 0.0526,
         0.0528],
        [0.0525, 0.0528, 0.0525, 0.0525, 0.0525, 0.0525, 0.0526, 0.0528, 0.0525,
         0.0525, 0.0526, 0.0528, 0.0525, 0.0528, 0.0528, 0.0525, 0.0528, 0.0526,
         0.0528]], device='cuda:1', grad_fn=<SliceBackward0>)
pt values at epoch 1: tensor([0.0525, 0.0525, 0.0525, 0.0525, 0.0525], device='cuda:2',
       grad_fn=<SliceBackward0>)
pt values at epoch 1: tensor([0.0525, 0.0525, 0.0525, 0.0525, 0.0525], device='cuda:3',
       grad_fn=<SliceBackward0>)
pt values at epoch 1: tensor([0.0525, 0.0525, 0.0525, 0.0525, 0.0525], device='cuda:1',
       grad_fn=<SliceBackward0>)
Softmax output at epoch 1: tensor([[0.0525, 0.0528, 0.0525, 0.0525, 0.0525, 0.0525, 0.0526, 0.0528, 0.0525,
         0.0525, 0.0526, 0.0528, 0.0525, 0.0528, 0.0528, 0.0525, 0.0528, 0.0526,
         0.0528],
        [0.0525, 0.0528, 0.0525, 0.0525, 0.0525, 0.0525, 0.0526, 0.0528, 0.0525,
         0.0525, 0.0526, 0.0528, 0.0525, 0.0528, 0.0528, 0.0525, 0.0528, 0.0526,
         0.0528],
        [0.0525, 0.0528, 0.0525, 0.0525, 0.0525, 0.0525, 0.0526, 0.0528, 0.0525,
         0.0525, 0.0526, 0.0528, 0.0525, 0.0528, 0.0528, 0.0525, 0.0528, 0.0526,
         0.0528],
        [0.0525, 0.0528, 0.0525, 0.0525, 0.0525, 0.0525, 0.0526, 0.0528, 0.0525,
         0.0525, 0.0526, 0.0528, 0.0525, 0.0528, 0.0528, 0.0525, 0.0528, 0.0526,
         0.0528],
        [0.0525, 0.0528, 0.0525, 0.0525, 0.0525, 0.0525, 0.0526, 0.0528, 0.0525,
         0.0525, 0.0526, 0.0528, 0.0525, 0.0528, 0.0528, 0.0525, 0.0528, 0.0526,
         0.0528]], device='cuda:0', grad_fn=<SliceBackward0>)
pt values at epoch 1: tensor([0.0525, 0.0525, 0.0525, 0.0525, 0.0525], device='cuda:0',
       grad_fn=<SliceBackward0>)
Layer conv1.att_src grad: 4.1255580544500404e-21Layer conv1.att_src grad: 4.1255580544500404e-21Layer conv1.att_src grad: 4.1255580544500404e-21


Layer conv1.att_dst grad: 1.5293073088522714e-21
Layer conv1.att_dst grad: 1.5293073088522714e-21
Layer conv1.att_dst grad: 1.5293073088522714e-21
Layer conv1.bias grad: 1.9363342580822757e-14
Layer conv1.bias grad: 1.9363342580822757e-14
Layer conv1.lin.weight grad: 1.2583891617807836e-14Layer conv1.bias grad: 1.9363342580822757e-14

Layer conv1.lin.weight grad: 1.2583891617807836e-14
Layer conv2.att_src grad: 2.5119316374927786e-21
Layer conv2.att_src grad: 2.5119316374927786e-21
Layer conv1.lin.weight grad: 1.2583891617807836e-14Layer conv2.att_dst grad: 5.739156198632459e-22

Layer conv2.att_dst grad: 5.739156198632459e-22
Layer conv2.bias grad: 4.4833513529289604e-13
Layer conv2.bias grad: 4.4833513529289604e-13
Layer conv2.att_src grad: 2.5119316374927786e-21
Layer conv2.lin.weight grad: 7.408532909699151e-16
Layer conv2.att_dst grad: 5.739156198632459e-22
Layer conv2.lin.weight grad: 7.408532909699151e-16Layer conv3.att_src grad: 5.841692949986971e-20

Layer conv3.att_dst grad: 3.770324451816219e-20
Layer conv3.att_src grad: 5.841692949986971e-20
Layer conv2.bias grad: 4.4833513529289604e-13
Layer conv1.att_src grad: 4.1255580544500404e-21
Layer conv3.bias grad: 1.7924830023052785e-11
Layer conv3.att_dst grad: 3.770324451816219e-20
Layer conv3.lin.weight grad: 1.9266330203307827e-14Layer conv1.att_dst grad: 1.5293073088522714e-21

Layer conv3.bias grad: 1.7924830023052785e-11
Layer conv2.lin.weight grad: 7.408532909699151e-16
Layer conv4.att_src grad: 7.768139986449801e-19
Layer conv1.bias grad: 1.9363342580822757e-14
Layer conv3.lin.weight grad: 1.9266330203307827e-14
Layer conv4.att_dst grad: 1.5876851686084822e-19
Layer conv3.att_src grad: 5.841692949986971e-20
Layer conv4.att_src grad: 7.768139986449801e-19
Layer conv1.lin.weight grad: 1.2583891617807836e-14
Layer conv4.bias grad: 6.154184939433094e-10
Layer conv3.att_dst grad: 3.770324451816219e-20Layer conv4.att_dst grad: 1.5876851686084822e-19

Layer conv4.lin.weight grad: 7.321403682966632e-13
Layer conv4.bias grad: 6.154184939433094e-10
Layer fc.weight grad: 1.3226934825194547e-10
Layer conv3.bias grad: 1.7924830023052785e-11
Layer conv2.att_src grad: 2.5119316374927786e-21
Layer conv4.lin.weight grad: 7.321403682966632e-13Layer fc.bias grad: 1.3235043638815114e-07

Layer conv3.lin.weight grad: 1.9266330203307827e-14Layer fc.weight grad: 1.3226934825194547e-10

Layer conv2.att_dst grad: 5.739156198632459e-22
Layer fc.bias grad: 1.3235043638815114e-07
Layer conv4.att_src grad: 7.768139986449801e-19
Layer conv4.att_dst grad: 1.5876851686084822e-19Layer conv2.bias grad: 4.4833513529289604e-13

Layer conv4.bias grad: 6.154184939433094e-10
Layer conv4.lin.weight grad: 7.321403682966632e-13
Layer conv2.lin.weight grad: 7.408532909699151e-16
Layer fc.weight grad: 1.3226934825194547e-10
Layer conv3.att_src grad: 5.841692949986971e-20
Layer fc.bias grad: 1.3235043638815114e-07
Layer conv3.att_dst grad: 3.770324451816219e-20
Layer conv3.bias grad: 1.7924830023052785e-11
Layer conv3.lin.weight grad: 1.9266330203307827e-14
Layer conv4.att_src grad: 7.768139986449801e-19
Layer conv4.att_dst grad: 1.5876851686084822e-19
Layer conv4.bias grad: 6.154184939433094e-10
Layer conv4.lin.weight grad: 7.321403682966632e-13
Layer fc.weight grad: 1.3226934825194547e-10
Layer fc.bias grad: 1.3235043638815114e-07
Softmax output at epoch 2: tensor([[0.0526, 0.0527, 0.0526, 0.0526, 0.0526, 0.0526, 0.0526, 0.0527, 0.0526,
         0.0526, 0.0526, 0.0527, 0.0526, 0.0527, 0.0527, 0.0526, 0.0527, 0.0526,
         0.0527],
        [0.0526, 0.0527, 0.0526, 0.0526, 0.0526, 0.0526, 0.0526, 0.0527, 0.0526,
         0.0526, 0.0526, 0.0527, 0.0526, 0.0527, 0.0527, 0.0526, 0.0527, 0.0526,
         0.0527],
        [0.0526, 0.0527, 0.0526, 0.0526, 0.0526, 0.0526, 0.0526, 0.0527, 0.0526,
         0.0526, 0.0526, 0.0527, 0.0526, 0.0527, 0.0527, 0.0526, 0.0527, 0.0526,
         0.0527],
        [0.0526, 0.0527, 0.0526, 0.0526, 0.0526, 0.0526, 0.0526, 0.0527, 0.0526,
         0.0526, 0.0526, 0.0527, 0.0526, 0.0527, 0.0527, 0.0526, 0.0527, 0.0526,
         0.0527],
        [0.0526, 0.0527, 0.0526, 0.0526, 0.0526, 0.0526, 0.0526, 0.0527, 0.0526,
         0.0526, 0.0526, 0.0527, 0.0526, 0.0527, 0.0527, 0.0526, 0.0527, 0.0526,
         0.0527]], device='cuda:2', grad_fn=<SliceBackward0>)Softmax output at epoch 2: tensor([[0.0526, 0.0527, 0.0526, 0.0526, 0.0526, 0.0526, 0.0526, 0.0527, 0.0526,
         0.0526, 0.0526, 0.0527, 0.0526, 0.0527, 0.0527, 0.0526, 0.0527, 0.0526,
         0.0527],
        [0.0526, 0.0527, 0.0526, 0.0526, 0.0526, 0.0526, 0.0526, 0.0527, 0.0526,
         0.0526, 0.0526, 0.0527, 0.0526, 0.0527, 0.0527, 0.0526, 0.0527, 0.0526,
         0.0527],
        [0.0526, 0.0527, 0.0526, 0.0526, 0.0526, 0.0526, 0.0526, 0.0527, 0.0526,
         0.0526, 0.0526, 0.0527, 0.0526, 0.0527, 0.0527, 0.0526, 0.0527, 0.0526,
         0.0527],
        [0.0526, 0.0527, 0.0526, 0.0526, 0.0526, 0.0526, 0.0526, 0.0527, 0.0526,
         0.0526, 0.0526, 0.0527, 0.0526, 0.0527, 0.0527, 0.0526, 0.0527, 0.0526,
         0.0527],
        [0.0526, 0.0527, 0.0526, 0.0526, 0.0526, 0.0526, 0.0526, 0.0527, 0.0526,
         0.0526, 0.0526, 0.0527, 0.0526, 0.0527, 0.0527, 0.0526, 0.0527, 0.0526,
         0.0527]], device='cuda:3', grad_fn=<SliceBackward0>)

Softmax output at epoch 2: tensor([[0.0526, 0.0527, 0.0526, 0.0526, 0.0526, 0.0526, 0.0526, 0.0527, 0.0526,
         0.0526, 0.0526, 0.0527, 0.0526, 0.0527, 0.0527, 0.0526, 0.0527, 0.0526,
         0.0527],
        [0.0526, 0.0527, 0.0526, 0.0526, 0.0526, 0.0526, 0.0526, 0.0527, 0.0526,
         0.0526, 0.0526, 0.0527, 0.0526, 0.0527, 0.0527, 0.0526, 0.0527, 0.0526,
         0.0527],
        [0.0526, 0.0527, 0.0526, 0.0526, 0.0526, 0.0526, 0.0526, 0.0527, 0.0526,
         0.0526, 0.0526, 0.0527, 0.0526, 0.0527, 0.0527, 0.0526, 0.0527, 0.0526,
         0.0527],
        [0.0526, 0.0527, 0.0526, 0.0526, 0.0526, 0.0526, 0.0526, 0.0527, 0.0526,
         0.0526, 0.0526, 0.0527, 0.0526, 0.0527, 0.0527, 0.0526, 0.0527, 0.0526,
         0.0527],
        [0.0526, 0.0527, 0.0526, 0.0526, 0.0526, 0.0526, 0.0526, 0.0527, 0.0526,
         0.0526, 0.0526, 0.0527, 0.0526, 0.0527, 0.0527, 0.0526, 0.0527, 0.0526,
         0.0527]], device='cuda:1', grad_fn=<SliceBackward0>)
pt values at epoch 2: tensor([0.0526, 0.0526, 0.0526, 0.0526, 0.0526], device='cuda:3',
       grad_fn=<SliceBackward0>)
pt values at epoch 2: tensor([0.0526, 0.0526, 0.0526, 0.0526, 0.0526], device='cuda:2',
       grad_fn=<SliceBackward0>)
pt values at epoch 2: tensor([0.0526, 0.0526, 0.0526, 0.0526, 0.0526], device='cuda:1',
       grad_fn=<SliceBackward0>)
Precision: 0.0000, Recall: 0.0007, F1-Score: 0.0000
Fold 4, Epoch 1, Train Loss: 0.0000, Val Loss: 0.0000, Val Acc: 0.0005
Softmax output at epoch 2: tensor([[0.0526, 0.0527, 0.0526, 0.0526, 0.0526, 0.0526, 0.0526, 0.0527, 0.0526,
         0.0526, 0.0526, 0.0527, 0.0526, 0.0527, 0.0527, 0.0526, 0.0527, 0.0526,
         0.0527],
        [0.0526, 0.0527, 0.0526, 0.0526, 0.0526, 0.0526, 0.0526, 0.0527, 0.0526,
         0.0526, 0.0526, 0.0527, 0.0526, 0.0527, 0.0527, 0.0526, 0.0527, 0.0526,
         0.0527],
        [0.0526, 0.0527, 0.0526, 0.0526, 0.0526, 0.0526, 0.0526, 0.0527, 0.0526,
         0.0526, 0.0526, 0.0527, 0.0526, 0.0527, 0.0527, 0.0526, 0.0527, 0.0526,
         0.0527],
        [0.0526, 0.0527, 0.0526, 0.0526, 0.0526, 0.0526, 0.0526, 0.0527, 0.0526,
         0.0526, 0.0526, 0.0527, 0.0526, 0.0527, 0.0527, 0.0526, 0.0527, 0.0526,
         0.0527],
        [0.0526, 0.0527, 0.0526, 0.0526, 0.0526, 0.0526, 0.0526, 0.0527, 0.0526,
         0.0526, 0.0526, 0.0527, 0.0526, 0.0527, 0.0527, 0.0526, 0.0527, 0.0526,
         0.0527]], device='cuda:0', grad_fn=<SliceBackward0>)
pt values at epoch 2: tensor([0.0526, 0.0526, 0.0526, 0.0526, 0.0526], device='cuda:0',
       grad_fn=<SliceBackward0>)
Layer conv1.att_src grad: 8.155714988135237e-24Layer conv1.att_src grad: 8.155714988135237e-24Layer conv1.att_src grad: 8.155714988135237e-24Layer conv1.att_src grad: 8.155714988135237e-24



Layer conv1.att_dst grad: 2.3225451472747513e-24
Layer conv1.att_dst grad: 2.3225451472747513e-24Layer conv1.att_dst grad: 2.3225451472747513e-24Layer conv1.att_dst grad: 2.3225451472747513e-24


Layer conv1.bias grad: 5.878106898457385e-17
Layer conv1.bias grad: 5.878106898457385e-17
Layer conv1.bias grad: 5.878106898457385e-17Layer conv1.bias grad: 5.878106898457385e-17

Layer conv1.lin.weight grad: 3.3730370663270887e-17
Layer conv1.lin.weight grad: 3.3730370663270887e-17
Layer conv1.lin.weight grad: 3.3730370663270887e-17Layer conv2.att_src grad: 3.0108025226453144e-25

Layer conv1.lin.weight grad: 3.3730370663270887e-17
Layer conv2.att_src grad: 3.0108025226453144e-25
Layer conv2.att_dst grad: 7.042277164853427e-26
Layer conv2.att_src grad: 3.0108025226453144e-25
Layer conv2.att_src grad: 3.0108025226453144e-25
Layer conv2.att_dst grad: 7.042277164853427e-26
Layer conv2.bias grad: 4.43452664590201e-15
Layer conv2.att_dst grad: 7.042277164853427e-26
Layer conv2.att_dst grad: 7.042277164853427e-26
Layer conv2.bias grad: 4.43452664590201e-15
Layer conv2.bias grad: 4.43452664590201e-15
Layer conv2.lin.weight grad: 2.4409016269837402e-18Layer conv2.bias grad: 4.43452664590201e-15

Layer conv2.lin.weight grad: 2.4409016269837402e-18
Layer conv3.att_src grad: 1.1247168578970471e-23
Layer conv2.lin.weight grad: 2.4409016269837402e-18
Layer conv2.lin.weight grad: 2.4409016269837402e-18
Layer conv3.att_src grad: 1.1247168578970471e-23Layer conv3.att_dst grad: 7.528121706629462e-24

Layer conv3.att_src grad: 1.1247168578970471e-23
Layer conv3.att_src grad: 1.1247168578970471e-23
Layer conv3.att_dst grad: 7.528121706629462e-24Layer conv3.bias grad: 5.746396197423009e-13

Layer conv3.att_dst grad: 7.528121706629462e-24
Layer conv3.att_dst grad: 7.528121706629462e-24
Layer conv3.bias grad: 5.746396197423009e-13
Layer conv3.bias grad: 5.746396197423009e-13
Layer conv3.lin.weight grad: 1.9390356314395268e-16Layer conv3.bias grad: 5.746396197423009e-13

Layer conv3.lin.weight grad: 1.9390356314395268e-16
Layer conv3.lin.weight grad: 1.9390356314395268e-16Layer conv4.att_src grad: 1.0033902778659962e-21

Layer conv3.lin.weight grad: 1.9390356314395268e-16
Layer conv4.att_src grad: 1.0033902778659962e-21
Layer conv4.att_dst grad: 2.3266156143254284e-22
Layer conv4.att_src grad: 1.0033902778659962e-21
Layer conv4.att_src grad: 1.0033902778659962e-21
Layer conv4.att_dst grad: 2.3266156143254284e-22
Layer conv4.bias grad: 6.410451336424927e-11
Layer conv4.att_dst grad: 2.3266156143254284e-22
Layer conv4.att_dst grad: 2.3266156143254284e-22
Layer conv4.bias grad: 6.410451336424927e-11
Layer conv4.bias grad: 6.410451336424927e-11Layer conv4.lin.weight grad: 2.390492826202708e-14
Layer conv4.bias grad: 6.410451336424927e-11

Layer conv4.lin.weight grad: 2.390492826202708e-14
Layer conv4.lin.weight grad: 2.390492826202708e-14
Layer fc.weight grad: 1.5120770954779594e-11
Layer conv4.lin.weight grad: 2.390492826202708e-14
Layer fc.weight grad: 1.5120770954779594e-11
Layer fc.weight grad: 1.5120770954779594e-11Layer fc.bias grad: 4.7816168802228276e-08

Layer fc.weight grad: 1.5120770954779594e-11
Layer fc.bias grad: 4.7816168802228276e-08
Layer fc.bias grad: 4.7816168802228276e-08
Layer fc.bias grad: 4.7816168802228276e-08
Softmax output at epoch 2: tensor([[0.0527, 0.0526, 0.0526, 0.0526, 0.0527, 0.0527, 0.0527, 0.0526, 0.0526,
         0.0527, 0.0527, 0.0526, 0.0526, 0.0526, 0.0526, 0.0526, 0.0526, 0.0527,
         0.0526],
        [0.0527, 0.0526, 0.0526, 0.0526, 0.0527, 0.0527, 0.0527, 0.0526, 0.0526,
         0.0527, 0.0527, 0.0526, 0.0526, 0.0526, 0.0526, 0.0526, 0.0526, 0.0527,
         0.0526],
        [0.0527, 0.0526, 0.0526, 0.0526, 0.0527, 0.0527, 0.0527, 0.0526, 0.0526,
         0.0527, 0.0527, 0.0526, 0.0526, 0.0526, 0.0526, 0.0526, 0.0526, 0.0527,
         0.0526],
        [0.0527, 0.0526, 0.0526, 0.0526, 0.0527, 0.0527, 0.0527, 0.0526, 0.0526,
         0.0527, 0.0527, 0.0526, 0.0526, 0.0526, 0.0526, 0.0526, 0.0526, 0.0527,
         0.0526],
        [0.0527, 0.0526, 0.0526, 0.0526, 0.0527, 0.0527, 0.0527, 0.0526, 0.0526,
         0.0527, 0.0527, 0.0526, 0.0526, 0.0526, 0.0526, 0.0526, 0.0526, 0.0527,
         0.0526]], device='cuda:2', grad_fn=<SliceBackward0>)
Softmax output at epoch 2: tensor([[0.0527, 0.0526, 0.0526, 0.0526, 0.0527, 0.0527, 0.0527, 0.0526, 0.0526,
         0.0527, 0.0527, 0.0526, 0.0526, 0.0526, 0.0526, 0.0526, 0.0526, 0.0527,
         0.0526],
        [0.0527, 0.0526, 0.0526, 0.0526, 0.0527, 0.0527, 0.0527, 0.0526, 0.0526,
         0.0527, 0.0527, 0.0526, 0.0526, 0.0526, 0.0526, 0.0526, 0.0526, 0.0527,
         0.0526],
        [0.0527, 0.0526, 0.0526, 0.0526, 0.0527, 0.0527, 0.0527, 0.0526, 0.0526,
         0.0527, 0.0527, 0.0526, 0.0526, 0.0526, 0.0526, 0.0526, 0.0526, 0.0527,
         0.0526],
        [0.0527, 0.0526, 0.0526, 0.0526, 0.0527, 0.0527, 0.0527, 0.0526, 0.0526,
         0.0527, 0.0527, 0.0526, 0.0526, 0.0526, 0.0526, 0.0526, 0.0526, 0.0527,
         0.0526],
        [0.0527, 0.0526, 0.0526, 0.0526, 0.0527, 0.0527, 0.0527, 0.0526, 0.0526,
         0.0527, 0.0527, 0.0526, 0.0526, 0.0526, 0.0526, 0.0526, 0.0526, 0.0527,
         0.0526]], device='cuda:0', grad_fn=<SliceBackward0>)
Softmax output at epoch 2: tensor([[0.0527, 0.0526, 0.0526, 0.0526, 0.0527, 0.0527, 0.0527, 0.0526, 0.0526,
         0.0527, 0.0527, 0.0526, 0.0526, 0.0526, 0.0526, 0.0526, 0.0526, 0.0527,
         0.0526],
        [0.0527, 0.0526, 0.0526, 0.0526, 0.0527, 0.0527, 0.0527, 0.0526, 0.0526,
         0.0527, 0.0527, 0.0526, 0.0526, 0.0526, 0.0526, 0.0526, 0.0526, 0.0527,
         0.0526],
        [0.0527, 0.0526, 0.0526, 0.0526, 0.0527, 0.0527, 0.0527, 0.0526, 0.0526,
         0.0527, 0.0527, 0.0526, 0.0526, 0.0526, 0.0526, 0.0526, 0.0526, 0.0527,
         0.0526],
        [0.0527, 0.0526, 0.0526, 0.0526, 0.0527, 0.0527, 0.0527, 0.0526, 0.0526,
         0.0527, 0.0527, 0.0526, 0.0526, 0.0526, 0.0526, 0.0526, 0.0526, 0.0527,
         0.0526],
        [0.0527, 0.0526, 0.0526, 0.0526, 0.0527, 0.0527, 0.0527, 0.0526, 0.0526,
         0.0527, 0.0527, 0.0526, 0.0526, 0.0526, 0.0526, 0.0526, 0.0526, 0.0527,
         0.0526]], device='cuda:1', grad_fn=<SliceBackward0>)
Softmax output at epoch 2: tensor([[0.0527, 0.0526, 0.0526, 0.0526, 0.0527, 0.0527, 0.0527, 0.0526, 0.0526,
         0.0527, 0.0527, 0.0526, 0.0526, 0.0526, 0.0526, 0.0526, 0.0526, 0.0527,
         0.0526],
        [0.0527, 0.0526, 0.0526, 0.0526, 0.0527, 0.0527, 0.0527, 0.0526, 0.0526,
         0.0527, 0.0527, 0.0526, 0.0526, 0.0526, 0.0526, 0.0526, 0.0526, 0.0527,
         0.0526],
        [0.0527, 0.0526, 0.0526, 0.0526, 0.0527, 0.0527, 0.0527, 0.0526, 0.0526,
         0.0527, 0.0527, 0.0526, 0.0526, 0.0526, 0.0526, 0.0526, 0.0526, 0.0527,
         0.0526],
        [0.0527, 0.0526, 0.0526, 0.0526, 0.0527, 0.0527, 0.0527, 0.0526, 0.0526,
         0.0527, 0.0527, 0.0526, 0.0526, 0.0526, 0.0526, 0.0526, 0.0526, 0.0527,
         0.0526],
        [0.0527, 0.0526, 0.0526, 0.0526, 0.0527, 0.0527, 0.0527, 0.0526, 0.0526,
         0.0527, 0.0527, 0.0526, 0.0526, 0.0526, 0.0526, 0.0526, 0.0526, 0.0527,
         0.0526]], device='cuda:3', grad_fn=<SliceBackward0>)
pt values at epoch 2: tensor([0.0527, 0.0527, 0.0527, 0.0527, 0.0527], device='cuda:2',
       grad_fn=<SliceBackward0>)
pt values at epoch 2: tensor([0.0527, 0.0527, 0.0527, 0.0527, 0.0527], device='cuda:0',
       grad_fn=<SliceBackward0>)
pt values at epoch 2: tensor([0.0527, 0.0527, 0.0527, 0.0527, 0.0527], device='cuda:1',
       grad_fn=<SliceBackward0>)
pt values at epoch 2: tensor([0.0527, 0.0527, 0.0527, 0.0527, 0.0527], device='cuda:3',
       grad_fn=<SliceBackward0>)
Layer conv1.att_src grad: 5.986378895441482e-23Layer conv1.att_src grad: 5.986378895441482e-23Layer conv1.att_src grad: 5.986378895441482e-23Layer conv1.att_src grad: 5.986378895441482e-23



Layer conv1.att_dst grad: 1.2210224960421482e-23Layer conv1.att_dst grad: 1.2210224960421482e-23Layer conv1.att_dst grad: 1.2210224960421482e-23Layer conv1.att_dst grad: 1.2210224960421482e-23



Layer conv1.bias grad: 1.7138708483043863e-16Layer conv1.bias grad: 1.7138708483043863e-16
Layer conv1.bias grad: 1.7138708483043863e-16
Layer conv1.bias grad: 1.7138708483043863e-16

Layer conv1.lin.weight grad: 9.65798546987929e-17
Layer conv1.lin.weight grad: 9.65798546987929e-17Layer conv1.lin.weight grad: 9.65798546987929e-17
Layer conv1.lin.weight grad: 9.65798546987929e-17

Layer conv2.att_src grad: 1.0871777284307475e-24
Layer conv2.att_src grad: 1.0871777284307475e-24
Layer conv2.att_src grad: 1.0871777284307475e-24Layer conv2.att_src grad: 1.0871777284307475e-24

Layer conv2.att_dst grad: 2.812824566452326e-25
Layer conv2.att_dst grad: 2.812824566452326e-25
Layer conv2.att_dst grad: 2.812824566452326e-25Layer conv2.att_dst grad: 2.812824566452326e-25

Layer conv2.bias grad: 1.021279313559182e-14
Layer conv2.bias grad: 1.021279313559182e-14
Layer conv2.bias grad: 1.021279313559182e-14Layer conv2.bias grad: 1.021279313559182e-14

Layer conv2.lin.weight grad: 6.483408553966129e-18
Layer conv2.lin.weight grad: 6.483408553966129e-18
Layer conv2.lin.weight grad: 6.483408553966129e-18
Layer conv2.lin.weight grad: 6.483408553966129e-18
Layer conv3.att_src grad: 5.306437593126146e-23
Layer conv3.att_src grad: 5.306437593126146e-23
Layer conv3.att_src grad: 5.306437593126146e-23
Layer conv3.att_src grad: 5.306437593126146e-23
Layer conv3.att_dst grad: 1.8984915871666123e-23
Layer conv3.att_dst grad: 1.8984915871666123e-23
Layer conv3.att_dst grad: 1.8984915871666123e-23
Layer conv3.att_dst grad: 1.8984915871666123e-23
Layer conv3.bias grad: 9.286083187121097e-13
Layer conv3.bias grad: 9.286083187121097e-13
Layer conv3.bias grad: 9.286083187121097e-13
Layer conv3.bias grad: 9.286083187121097e-13
Layer conv3.lin.weight grad: 4.3772415429814057e-16
Layer conv3.lin.weight grad: 4.3772415429814057e-16
Layer conv3.lin.weight grad: 4.3772415429814057e-16
Layer conv3.lin.weight grad: 4.3772415429814057e-16
Layer conv4.att_src grad: 2.6289144843224185e-21
Layer conv4.att_src grad: 2.6289144843224185e-21
Layer conv4.att_src grad: 2.6289144843224185e-21
Layer conv4.att_src grad: 2.6289144843224185e-21
Layer conv4.att_dst grad: 5.419073551310754e-22
Layer conv4.att_dst grad: 5.419073551310754e-22
Layer conv4.att_dst grad: 5.419073551310754e-22
Layer conv4.att_dst grad: 5.419073551310754e-22
Layer conv4.bias grad: 9.655523602880578e-11
Layer conv4.bias grad: 9.655523602880578e-11
Layer conv4.bias grad: 9.655523602880578e-11
Layer conv4.bias grad: 9.655523602880578e-11
Layer conv4.lin.weight grad: 4.1199004928091365e-14
Layer conv4.lin.weight grad: 4.1199004928091365e-14
Layer conv4.lin.weight grad: 4.1199004928091365e-14
Layer conv4.lin.weight grad: 4.1199004928091365e-14
Layer fc.weight grad: 2.8587469197427495e-11
Layer fc.weight grad: 2.8587469197427495e-11
Layer fc.weight grad: 2.8587469197427495e-11
Layer fc.weight grad: 2.8587469197427495e-11
Layer fc.bias grad: 5.7356434268740486e-08
Layer fc.bias grad: 5.7356434268740486e-08
Layer fc.bias grad: 5.7356434268740486e-08
Layer fc.bias grad: 5.7356434268740486e-08
Softmax output at epoch 2: tensor([[0.0527, 0.0525, 0.0527, 0.0527, 0.0527, 0.0527, 0.0527, 0.0525, 0.0527,
         0.0527, 0.0527, 0.0525, 0.0527, 0.0525, 0.0525, 0.0527, 0.0525, 0.0527,
         0.0525],
        [0.0527, 0.0525, 0.0527, 0.0527, 0.0527, 0.0527, 0.0527, 0.0525, 0.0527,
         0.0527, 0.0527, 0.0525, 0.0527, 0.0525, 0.0525, 0.0527, 0.0525, 0.0527,
         0.0525],
        [0.0527, 0.0525, 0.0527, 0.0527, 0.0527, 0.0527, 0.0527, 0.0525, 0.0527,
         0.0527, 0.0527, 0.0525, 0.0527, 0.0525, 0.0525, 0.0527, 0.0525, 0.0527,
         0.0525],
        [0.0527, 0.0525, 0.0527, 0.0527, 0.0527, 0.0527, 0.0527, 0.0525, 0.0527,
         0.0527, 0.0527, 0.0525, 0.0527, 0.0525, 0.0525, 0.0527, 0.0525, 0.0527,
         0.0525],
        [0.0527, 0.0525, 0.0527, 0.0527, 0.0527, 0.0527, 0.0527, 0.0525, 0.0527,
         0.0527, 0.0527, 0.0525, 0.0527, 0.0525, 0.0525, 0.0527, 0.0525, 0.0527,
         0.0525]], device='cuda:2', grad_fn=<SliceBackward0>)
Softmax output at epoch 2: tensor([[0.0527, 0.0525, 0.0527, 0.0527, 0.0527, 0.0527, 0.0527, 0.0525, 0.0527,
         0.0527, 0.0527, 0.0525, 0.0527, 0.0525, 0.0525, 0.0527, 0.0525, 0.0527,
         0.0525],
        [0.0527, 0.0525, 0.0527, 0.0527, 0.0527, 0.0527, 0.0527, 0.0525, 0.0527,
         0.0527, 0.0527, 0.0525, 0.0527, 0.0525, 0.0525, 0.0527, 0.0525, 0.0527,
         0.0525],
        [0.0527, 0.0525, 0.0527, 0.0527, 0.0527, 0.0527, 0.0527, 0.0525, 0.0527,
         0.0527, 0.0527, 0.0525, 0.0527, 0.0525, 0.0525, 0.0527, 0.0525, 0.0527,
         0.0525],
        [0.0527, 0.0525, 0.0527, 0.0527, 0.0527, 0.0527, 0.0527, 0.0525, 0.0527,
         0.0527, 0.0527, 0.0525, 0.0527, 0.0525, 0.0525, 0.0527, 0.0525, 0.0527,
         0.0525],
        [0.0527, 0.0525, 0.0527, 0.0527, 0.0527, 0.0527, 0.0527, 0.0525, 0.0527,
         0.0527, 0.0527, 0.0525, 0.0527, 0.0525, 0.0525, 0.0527, 0.0525, 0.0527,
         0.0525]], device='cuda:0', grad_fn=<SliceBackward0>)
Softmax output at epoch 2: tensor([[0.0527, 0.0525, 0.0527, 0.0527, 0.0527, 0.0527, 0.0527, 0.0525, 0.0527,
         0.0527, 0.0527, 0.0525, 0.0527, 0.0525, 0.0525, 0.0527, 0.0525, 0.0527,
         0.0525],
        [0.0527, 0.0525, 0.0527, 0.0527, 0.0527, 0.0527, 0.0527, 0.0525, 0.0527,
         0.0527, 0.0527, 0.0525, 0.0527, 0.0525, 0.0525, 0.0527, 0.0525, 0.0527,
         0.0525],
        [0.0527, 0.0525, 0.0527, 0.0527, 0.0527, 0.0527, 0.0527, 0.0525, 0.0527,
         0.0527, 0.0527, 0.0525, 0.0527, 0.0525, 0.0525, 0.0527, 0.0525, 0.0527,
         0.0525],
        [0.0527, 0.0525, 0.0527, 0.0527, 0.0527, 0.0527, 0.0527, 0.0525, 0.0527,
         0.0527, 0.0527, 0.0525, 0.0527, 0.0525, 0.0525, 0.0527, 0.0525, 0.0527,
         0.0525],
        [0.0527, 0.0525, 0.0527, 0.0527, 0.0527, 0.0527, 0.0527, 0.0525, 0.0527,
         0.0527, 0.0527, 0.0525, 0.0527, 0.0525, 0.0525, 0.0527, 0.0525, 0.0527,
         0.0525]], device='cuda:3', grad_fn=<SliceBackward0>)
Softmax output at epoch 2: tensor([[0.0527, 0.0525, 0.0527, 0.0527, 0.0527, 0.0527, 0.0527, 0.0525, 0.0527,
         0.0527, 0.0527, 0.0525, 0.0527, 0.0525, 0.0525, 0.0527, 0.0525, 0.0527,
         0.0525],
        [0.0527, 0.0525, 0.0527, 0.0527, 0.0527, 0.0527, 0.0527, 0.0525, 0.0527,
         0.0527, 0.0527, 0.0525, 0.0527, 0.0525, 0.0525, 0.0527, 0.0525, 0.0527,
         0.0525],
        [0.0527, 0.0525, 0.0527, 0.0527, 0.0527, 0.0527, 0.0527, 0.0525, 0.0527,
         0.0527, 0.0527, 0.0525, 0.0527, 0.0525, 0.0525, 0.0527, 0.0525, 0.0527,
         0.0525],
        [0.0527, 0.0525, 0.0527, 0.0527, 0.0527, 0.0527, 0.0527, 0.0525, 0.0527,
         0.0527, 0.0527, 0.0525, 0.0527, 0.0525, 0.0525, 0.0527, 0.0525, 0.0527,
         0.0525],
        [0.0527, 0.0525, 0.0527, 0.0527, 0.0527, 0.0527, 0.0527, 0.0525, 0.0527,
         0.0527, 0.0527, 0.0525, 0.0527, 0.0525, 0.0525, 0.0527, 0.0525, 0.0527,
         0.0525]], device='cuda:1', grad_fn=<SliceBackward0>)
pt values at epoch 2: tensor([0.0527, 0.0527, 0.0527, 0.0527, 0.0527], device='cuda:2',
       grad_fn=<SliceBackward0>)
pt values at epoch 2: tensor([0.0527, 0.0527, 0.0527, 0.0527, 0.0527], device='cuda:0',
       grad_fn=<SliceBackward0>)
pt values at epoch 2: tensor([0.0527, 0.0527, 0.0527, 0.0527, 0.0527], device='cuda:3',
       grad_fn=<SliceBackward0>)
pt values at epoch 2: tensor([0.0527, 0.0527, 0.0527, 0.0527, 0.0527], device='cuda:1',
       grad_fn=<SliceBackward0>)
Layer conv1.att_src grad: 3.4054032232720805e-21Layer conv1.att_src grad: 3.4054032232720805e-21Layer conv1.att_src grad: 3.4054032232720805e-21
Layer conv1.att_src grad: 3.4054032232720805e-21


Layer conv1.att_dst grad: 1.6759555666344477e-21Layer conv1.att_dst grad: 1.6759555666344477e-21
Layer conv1.att_dst grad: 1.6759555666344477e-21
Layer conv1.att_dst grad: 1.6759555666344477e-21

Layer conv1.bias grad: 3.4701806942441732e-15
Layer conv1.bias grad: 3.4701806942441732e-15
Layer conv1.bias grad: 3.4701806942441732e-15Layer conv1.bias grad: 3.4701806942441732e-15

Layer conv1.lin.weight grad: 2.0297594510655832e-15
Layer conv1.lin.weight grad: 2.0297594510655832e-15
Layer conv1.lin.weight grad: 2.0297594510655832e-15Layer conv1.lin.weight grad: 2.0297594510655832e-15

Layer conv2.att_src grad: 1.4533228633097393e-22
Layer conv2.att_src grad: 1.4533228633097393e-22
Layer conv2.att_src grad: 1.4533228633097393e-22
Layer conv2.att_src grad: 1.4533228633097393e-22
Layer conv2.att_dst grad: 2.928663465572921e-23
Layer conv2.att_dst grad: 2.928663465572921e-23
Layer conv2.att_dst grad: 2.928663465572921e-23
Layer conv2.att_dst grad: 2.928663465572921e-23
Layer conv2.bias grad: 9.714817383703334e-14
Layer conv2.bias grad: 9.714817383703334e-14
Layer conv2.bias grad: 9.714817383703334e-14
Layer conv2.bias grad: 9.714817383703334e-14
Layer conv2.lin.weight grad: 1.3468154733588397e-16
Layer conv2.lin.weight grad: 1.3468154733588397e-16
Layer conv2.lin.weight grad: 1.3468154733588397e-16
Layer conv2.lin.weight grad: 1.3468154733588397e-16
Layer conv3.att_src grad: 3.3051683604659386e-21
Layer conv3.att_src grad: 3.3051683604659386e-21
Layer conv3.att_src grad: 3.3051683604659386e-21
Layer conv3.att_src grad: 3.3051683604659386e-21
Layer conv3.att_dst grad: 8.191753783045897e-22
Layer conv3.att_dst grad: 8.191753783045897e-22
Layer conv3.att_dst grad: 8.191753783045897e-22
Layer conv3.att_dst grad: 8.191753783045897e-22
Layer conv3.bias grad: 4.118170214562067e-12
Layer conv3.bias grad: 4.118170214562067e-12
Layer conv3.bias grad: 4.118170214562067e-12
Layer conv3.bias grad: 4.118170214562067e-12
Layer conv3.lin.weight grad: 4.104768672722912e-15
Layer conv3.lin.weight grad: 4.104768672722912e-15
Layer conv3.lin.weight grad: 4.104768672722912e-15
Layer conv3.lin.weight grad: 4.104768672722912e-15
Layer conv4.att_src grad: 1.1745775997675754e-19
Layer conv4.att_src grad: 1.1745775997675754e-19
Layer conv4.att_src grad: 1.1745775997675754e-19
Layer conv4.att_src grad: 1.1745775997675754e-19
Layer conv4.att_dst grad: 1.8436356588946735e-20
Layer conv4.att_dst grad: 1.8436356588946735e-20
Layer conv4.att_dst grad: 1.8436356588946735e-20
Layer conv4.att_dst grad: 1.8436356588946735e-20
Layer conv4.bias grad: 1.9323810607208003e-10
Layer conv4.bias grad: 1.9323810607208003e-10
Layer conv4.bias grad: 1.9323810607208003e-10
Layer conv4.bias grad: 1.9323810607208003e-10
Layer conv4.lin.weight grad: 1.7556060229705073e-13
Layer conv4.lin.weight grad: 1.7556060229705073e-13
Layer conv4.lin.weight grad: 1.7556060229705073e-13
Layer conv4.lin.weight grad: 1.7556060229705073e-13
Layer fc.weight grad: 4.2740064959412294e-11
Layer fc.weight grad: 4.2740064959412294e-11
Layer fc.weight grad: 4.2740064959412294e-11
Layer fc.weight grad: 4.2740064959412294e-11
Layer fc.bias grad: 4.05990583374205e-08
Layer fc.bias grad: 4.05990583374205e-08
Layer fc.bias grad: 4.05990583374205e-08
Layer fc.bias grad: 4.05990583374205e-08
Softmax output at epoch 2: tensor([[0.0527, 0.0525, 0.0527, 0.0527, 0.0527, 0.0527, 0.0527, 0.0525, 0.0527,
         0.0527, 0.0527, 0.0525, 0.0527, 0.0525, 0.0525, 0.0527, 0.0525, 0.0527,
         0.0525],
        [0.0527, 0.0525, 0.0527, 0.0527, 0.0527, 0.0527, 0.0527, 0.0525, 0.0527,
         0.0527, 0.0527, 0.0525, 0.0527, 0.0525, 0.0525, 0.0527, 0.0525, 0.0527,
         0.0525],
        [0.0527, 0.0525, 0.0527, 0.0527, 0.0527, 0.0527, 0.0527, 0.0525, 0.0527,
         0.0527, 0.0527, 0.0525, 0.0527, 0.0525, 0.0525, 0.0527, 0.0525, 0.0527,
         0.0525],
        [0.0527, 0.0525, 0.0527, 0.0527, 0.0527, 0.0527, 0.0527, 0.0525, 0.0527,
         0.0527, 0.0527, 0.0525, 0.0527, 0.0525, 0.0525, 0.0527, 0.0525, 0.0527,
         0.0525],
        [0.0527, 0.0525, 0.0527, 0.0527, 0.0527, 0.0527, 0.0527, 0.0525, 0.0527,
         0.0527, 0.0527, 0.0525, 0.0527, 0.0525, 0.0525, 0.0527, 0.0525, 0.0527,
         0.0525]], device='cuda:2', grad_fn=<SliceBackward0>)
Softmax output at epoch 2: tensor([[0.0527, 0.0525, 0.0527, 0.0527, 0.0527, 0.0527, 0.0527, 0.0525, 0.0527,
         0.0527, 0.0527, 0.0525, 0.0527, 0.0525, 0.0525, 0.0527, 0.0525, 0.0527,
         0.0525],
        [0.0527, 0.0525, 0.0527, 0.0527, 0.0527, 0.0527, 0.0527, 0.0525, 0.0527,
         0.0527, 0.0527, 0.0525, 0.0527, 0.0525, 0.0525, 0.0527, 0.0525, 0.0527,
         0.0525],
        [0.0527, 0.0525, 0.0527, 0.0527, 0.0527, 0.0527, 0.0527, 0.0525, 0.0527,
         0.0527, 0.0527, 0.0525, 0.0527, 0.0525, 0.0525, 0.0527, 0.0525, 0.0527,
         0.0525],
        [0.0527, 0.0525, 0.0527, 0.0527, 0.0527, 0.0527, 0.0527, 0.0525, 0.0527,
         0.0527, 0.0527, 0.0525, 0.0527, 0.0525, 0.0525, 0.0527, 0.0525, 0.0527,
         0.0525],
        [0.0527, 0.0525, 0.0527, 0.0527, 0.0527, 0.0527, 0.0527, 0.0525, 0.0527,
         0.0527, 0.0527, 0.0525, 0.0527, 0.0525, 0.0525, 0.0527, 0.0525, 0.0527,
         0.0525]], device='cuda:0', grad_fn=<SliceBackward0>)
Softmax output at epoch 2: tensor([[0.0527, 0.0525, 0.0527, 0.0527, 0.0527, 0.0527, 0.0527, 0.0525, 0.0527,
         0.0527, 0.0527, 0.0525, 0.0527, 0.0525, 0.0525, 0.0527, 0.0525, 0.0527,
         0.0525],
        [0.0527, 0.0525, 0.0527, 0.0527, 0.0527, 0.0527, 0.0527, 0.0525, 0.0527,
         0.0527, 0.0527, 0.0525, 0.0527, 0.0525, 0.0525, 0.0527, 0.0525, 0.0527,
         0.0525],
        [0.0527, 0.0525, 0.0527, 0.0527, 0.0527, 0.0527, 0.0527, 0.0525, 0.0527,
         0.0527, 0.0527, 0.0525, 0.0527, 0.0525, 0.0525, 0.0527, 0.0525, 0.0527,
         0.0525],
        [0.0527, 0.0525, 0.0527, 0.0527, 0.0527, 0.0527, 0.0527, 0.0525, 0.0527,
         0.0527, 0.0527, 0.0525, 0.0527, 0.0525, 0.0525, 0.0527, 0.0525, 0.0527,
         0.0525],
        [0.0527, 0.0525, 0.0527, 0.0527, 0.0527, 0.0527, 0.0527, 0.0525, 0.0527,
         0.0527, 0.0527, 0.0525, 0.0527, 0.0525, 0.0525, 0.0527, 0.0525, 0.0527,
         0.0525]], device='cuda:3', grad_fn=<SliceBackward0>)
Softmax output at epoch 2: tensor([[0.0527, 0.0525, 0.0527, 0.0527, 0.0527, 0.0527, 0.0527, 0.0525, 0.0527,
         0.0527, 0.0527, 0.0525, 0.0527, 0.0525, 0.0525, 0.0527, 0.0525, 0.0527,
         0.0525],
        [0.0527, 0.0525, 0.0527, 0.0527, 0.0527, 0.0527, 0.0527, 0.0525, 0.0527,
         0.0527, 0.0527, 0.0525, 0.0527, 0.0525, 0.0525, 0.0527, 0.0525, 0.0527,
         0.0525],
        [0.0527, 0.0525, 0.0527, 0.0527, 0.0527, 0.0527, 0.0527, 0.0525, 0.0527,
         0.0527, 0.0527, 0.0525, 0.0527, 0.0525, 0.0525, 0.0527, 0.0525, 0.0527,
         0.0525],
        [0.0527, 0.0525, 0.0527, 0.0527, 0.0527, 0.0527, 0.0527, 0.0525, 0.0527,
         0.0527, 0.0527, 0.0525, 0.0527, 0.0525, 0.0525, 0.0527, 0.0525, 0.0527,
         0.0525],
        [0.0527, 0.0525, 0.0527, 0.0527, 0.0527, 0.0527, 0.0527, 0.0525, 0.0527,
         0.0527, 0.0527, 0.0525, 0.0527, 0.0525, 0.0525, 0.0527, 0.0525, 0.0527,
         0.0525]], device='cuda:1', grad_fn=<SliceBackward0>)
pt values at epoch 2: tensor([0.0527, 0.0527, 0.0527, 0.0527, 0.0527], device='cuda:2',
       grad_fn=<SliceBackward0>)
pt values at epoch 2: tensor([0.0527, 0.0527, 0.0527, 0.0527, 0.0527], device='cuda:0',
       grad_fn=<SliceBackward0>)
pt values at epoch 2: tensor([0.0527, 0.0527, 0.0527, 0.0527, 0.0527], device='cuda:3',
       grad_fn=<SliceBackward0>)
pt values at epoch 2: tensor([0.0527, 0.0527, 0.0527, 0.0527, 0.0527], device='cuda:1',
       grad_fn=<SliceBackward0>)
Layer conv1.att_src grad: 5.221849439276265e-21Layer conv1.att_src grad: 5.221849439276265e-21Layer conv1.att_src grad: 5.221849439276265e-21
Layer conv1.att_src grad: 5.221849439276265e-21


Layer conv1.att_dst grad: 1.9775471123893805e-21Layer conv1.att_dst grad: 1.9775471123893805e-21Layer conv1.att_dst grad: 1.9775471123893805e-21
Layer conv1.att_dst grad: 1.9775471123893805e-21


Layer conv1.bias grad: 5.582136010753077e-15Layer conv1.bias grad: 5.582136010753077e-15Layer conv1.bias grad: 5.582136010753077e-15
Layer conv1.bias grad: 5.582136010753077e-15


Layer conv1.lin.weight grad: 3.1423008048673748e-15Layer conv1.lin.weight grad: 3.1423008048673748e-15
Layer conv1.lin.weight grad: 3.1423008048673748e-15
Layer conv1.lin.weight grad: 3.1423008048673748e-15

Layer conv2.att_src grad: 3.218341962103343e-22
Layer conv2.att_src grad: 3.218341962103343e-22
Layer conv2.att_src grad: 3.218341962103343e-22Layer conv2.att_src grad: 3.218341962103343e-22

Layer conv2.att_dst grad: 9.043881332865634e-23
Layer conv2.att_dst grad: 9.043881332865634e-23
Layer conv2.att_dst grad: 9.043881332865634e-23Layer conv2.att_dst grad: 9.043881332865634e-23

Layer conv2.bias grad: 1.638402277346837e-13
Layer conv2.bias grad: 1.638402277346837e-13
Layer conv2.bias grad: 1.638402277346837e-13Layer conv2.bias grad: 1.638402277346837e-13

Layer conv2.lin.weight grad: 2.1931529271541054e-16
Layer conv2.lin.weight grad: 2.1931529271541054e-16
Layer conv2.lin.weight grad: 2.1931529271541054e-16Layer conv2.lin.weight grad: 2.1931529271541054e-16

Layer conv3.att_src grad: 5.231912527636498e-21
Layer conv3.att_src grad: 5.231912527636498e-21
Layer conv3.att_src grad: 5.231912527636498e-21Layer conv3.att_src grad: 5.231912527636498e-21

Layer conv3.att_dst grad: 5.403133259880006e-22
Layer conv3.att_dst grad: 5.403133259880006e-22
Layer conv3.att_dst grad: 5.403133259880006e-22Layer conv3.att_dst grad: 5.403133259880006e-22

Layer conv3.bias grad: 6.8191416055518594e-12
Layer conv3.bias grad: 6.8191416055518594e-12
Layer conv3.bias grad: 6.8191416055518594e-12Layer conv3.bias grad: 6.8191416055518594e-12

Layer conv3.lin.weight grad: 7.19098276747137e-15
Layer conv3.lin.weight grad: 7.19098276747137e-15
Layer conv3.lin.weight grad: 7.19098276747137e-15Layer conv3.lin.weight grad: 7.19098276747137e-15

Layer conv4.att_src grad: 2.173976957360202e-19
Layer conv4.att_src grad: 2.173976957360202e-19
Layer conv4.att_src grad: 2.173976957360202e-19Layer conv4.att_src grad: 2.173976957360202e-19Layer conv4.att_dst grad: 8.239349626245227e-20


Layer conv4.att_dst grad: 8.239349626245227e-20
Layer conv4.att_dst grad: 8.239349626245227e-20Layer conv4.att_dst grad: 8.239349626245227e-20
Layer conv4.bias grad: 3.074874244113346e-10
Layer conv4.bias grad: 3.074874244113346e-10

Layer conv4.bias grad: 3.074874244113346e-10
Layer conv4.bias grad: 3.074874244113346e-10
Layer conv4.lin.weight grad: 2.9243545519169745e-13Layer conv4.lin.weight grad: 2.9243545519169745e-13

Layer conv4.lin.weight grad: 2.9243545519169745e-13
Layer conv4.lin.weight grad: 2.9243545519169745e-13
Layer fc.weight grad: 7.132378021523778e-11Layer fc.weight grad: 7.132378021523778e-11

Layer fc.weight grad: 7.132378021523778e-11
Layer fc.weight grad: 7.132378021523778e-11
Layer fc.bias grad: 6.416085795990512e-08Layer fc.bias grad: 6.416085795990512e-08

Layer fc.bias grad: 6.416085795990512e-08
Layer fc.bias grad: 6.416085795990512e-08
Softmax output at epoch 2: tensor([[0.0527, 0.0525, 0.0527, 0.0527, 0.0527, 0.0527, 0.0527, 0.0525, 0.0527,
         0.0527, 0.0527, 0.0525, 0.0527, 0.0525, 0.0525, 0.0527, 0.0525, 0.0527,
         0.0525],
        [0.0527, 0.0525, 0.0527, 0.0527, 0.0527, 0.0527, 0.0527, 0.0525, 0.0527,
         0.0527, 0.0527, 0.0525, 0.0527, 0.0525, 0.0525, 0.0527, 0.0525, 0.0527,
         0.0525],
        [0.0527, 0.0525, 0.0527, 0.0527, 0.0527, 0.0527, 0.0527, 0.0525, 0.0527,
         0.0527, 0.0527, 0.0525, 0.0527, 0.0525, 0.0525, 0.0527, 0.0525, 0.0527,
         0.0525],
        [0.0527, 0.0525, 0.0527, 0.0527, 0.0527, 0.0527, 0.0527, 0.0525, 0.0527,
         0.0527, 0.0527, 0.0525, 0.0527, 0.0525, 0.0525, 0.0527, 0.0525, 0.0527,
         0.0525],
        [0.0527, 0.0525, 0.0527, 0.0527, 0.0527, 0.0527, 0.0527, 0.0525, 0.0527,
         0.0527, 0.0527, 0.0525, 0.0527, 0.0525, 0.0525, 0.0527, 0.0525, 0.0527,
         0.0525]], device='cuda:0', grad_fn=<SliceBackward0>)
Softmax output at epoch 2: tensor([[0.0527, 0.0525, 0.0527, 0.0527, 0.0527, 0.0527, 0.0527, 0.0525, 0.0527,
         0.0527, 0.0527, 0.0525, 0.0527, 0.0525, 0.0525, 0.0527, 0.0525, 0.0527,
         0.0525],
        [0.0527, 0.0525, 0.0527, 0.0527, 0.0527, 0.0527, 0.0527, 0.0525, 0.0527,
         0.0527, 0.0527, 0.0525, 0.0527, 0.0525, 0.0525, 0.0527, 0.0525, 0.0527,
         0.0525],
        [0.0527, 0.0525, 0.0527, 0.0527, 0.0527, 0.0527, 0.0527, 0.0525, 0.0527,
         0.0527, 0.0527, 0.0525, 0.0527, 0.0525, 0.0525, 0.0527, 0.0525, 0.0527,
         0.0525],
        [0.0527, 0.0525, 0.0527, 0.0527, 0.0527, 0.0527, 0.0527, 0.0525, 0.0527,
         0.0527, 0.0527, 0.0525, 0.0527, 0.0525, 0.0525, 0.0527, 0.0525, 0.0527,
         0.0525],
        [0.0527, 0.0525, 0.0527, 0.0527, 0.0527, 0.0527, 0.0527, 0.0525, 0.0527,
         0.0527, 0.0527, 0.0525, 0.0527, 0.0525, 0.0525, 0.0527, 0.0525, 0.0527,
         0.0525]], device='cuda:2', grad_fn=<SliceBackward0>)
Softmax output at epoch 2: tensor([[0.0527, 0.0525, 0.0527, 0.0527, 0.0527, 0.0527, 0.0527, 0.0525, 0.0527,
         0.0527, 0.0527, 0.0525, 0.0527, 0.0525, 0.0525, 0.0527, 0.0525, 0.0527,
         0.0525],
        [0.0527, 0.0525, 0.0527, 0.0527, 0.0527, 0.0527, 0.0527, 0.0525, 0.0527,
         0.0527, 0.0527, 0.0525, 0.0527, 0.0525, 0.0525, 0.0527, 0.0525, 0.0527,
         0.0525],
        [0.0527, 0.0525, 0.0527, 0.0527, 0.0527, 0.0527, 0.0527, 0.0525, 0.0527,
         0.0527, 0.0527, 0.0525, 0.0527, 0.0525, 0.0525, 0.0527, 0.0525, 0.0527,
         0.0525],
        [0.0527, 0.0525, 0.0527, 0.0527, 0.0527, 0.0527, 0.0527, 0.0525, 0.0527,
         0.0527, 0.0527, 0.0525, 0.0527, 0.0525, 0.0525, 0.0527, 0.0525, 0.0527,
         0.0525],
        [0.0527, 0.0525, 0.0527, 0.0527, 0.0527, 0.0527, 0.0527, 0.0525, 0.0527,
         0.0527, 0.0527, 0.0525, 0.0527, 0.0525, 0.0525, 0.0527, 0.0525, 0.0527,
         0.0525]], device='cuda:3', grad_fn=<SliceBackward0>)
Softmax output at epoch 2: tensor([[0.0527, 0.0525, 0.0527, 0.0527, 0.0527, 0.0527, 0.0527, 0.0525, 0.0527,
         0.0527, 0.0527, 0.0525, 0.0527, 0.0525, 0.0525, 0.0527, 0.0525, 0.0527,
         0.0525],
        [0.0527, 0.0525, 0.0527, 0.0527, 0.0527, 0.0527, 0.0527, 0.0525, 0.0527,
         0.0527, 0.0527, 0.0525, 0.0527, 0.0525, 0.0525, 0.0527, 0.0525, 0.0527,
         0.0525],
        [0.0527, 0.0525, 0.0527, 0.0527, 0.0527, 0.0527, 0.0527, 0.0525, 0.0527,
         0.0527, 0.0527, 0.0525, 0.0527, 0.0525, 0.0525, 0.0527, 0.0525, 0.0527,
         0.0525],
        [0.0527, 0.0525, 0.0527, 0.0527, 0.0527, 0.0527, 0.0527, 0.0525, 0.0527,
         0.0527, 0.0527, 0.0525, 0.0527, 0.0525, 0.0525, 0.0527, 0.0525, 0.0527,
         0.0525],
        [0.0527, 0.0525, 0.0527, 0.0527, 0.0527, 0.0527, 0.0527, 0.0525, 0.0527,
         0.0527, 0.0527, 0.0525, 0.0527, 0.0525, 0.0525, 0.0527, 0.0525, 0.0527,
         0.0525]], device='cuda:1', grad_fn=<SliceBackward0>)
pt values at epoch 2: tensor([0.0527, 0.0527, 0.0527, 0.0527, 0.0527], device='cuda:0',
       grad_fn=<SliceBackward0>)
pt values at epoch 2: tensor([0.0527, 0.0527, 0.0527, 0.0527, 0.0527], device='cuda:2',
       grad_fn=<SliceBackward0>)
pt values at epoch 2: tensor([0.0527, 0.0527, 0.0527, 0.0527, 0.0527], device='cuda:3',
       grad_fn=<SliceBackward0>)
pt values at epoch 2: tensor([0.0527, 0.0527, 0.0527, 0.0527, 0.0527], device='cuda:1',
       grad_fn=<SliceBackward0>)
Layer conv1.att_src grad: 2.5967079567566606e-22Layer conv1.att_src grad: 2.5967079567566606e-22Layer conv1.att_src grad: 2.5967079567566606e-22
Layer conv1.att_src grad: 2.5967079567566606e-22


Layer conv1.att_dst grad: 5.850437966632728e-23
Layer conv1.att_dst grad: 5.850437966632728e-23Layer conv1.att_dst grad: 5.850437966632728e-23Layer conv1.att_dst grad: 5.850437966632728e-23


Layer conv1.bias grad: 1.1220940855018072e-15
Layer conv1.bias grad: 1.1220940855018072e-15
Layer conv1.bias grad: 1.1220940855018072e-15
Layer conv1.bias grad: 1.1220940855018072e-15
Layer conv1.lin.weight grad: 7.301530413846068e-16
Layer conv1.lin.weight grad: 7.301530413846068e-16
Layer conv1.lin.weight grad: 7.301530413846068e-16
Layer conv1.lin.weight grad: 7.301530413846068e-16
Layer conv2.att_src grad: 3.175292307892494e-23
Layer conv2.att_src grad: 3.175292307892494e-23
Layer conv2.att_src grad: 3.175292307892494e-23
Layer conv2.att_src grad: 3.175292307892494e-23
Layer conv2.att_dst grad: 8.968162834422357e-24
Layer conv2.att_dst grad: 8.968162834422357e-24
Layer conv2.att_dst grad: 8.968162834422357e-24
Layer conv2.att_dst grad: 8.968162834422357e-24
Layer conv2.bias grad: 3.981566459995353e-14
Layer conv2.bias grad: 3.981566459995353e-14
Layer conv2.bias grad: 3.981566459995353e-14
Layer conv2.bias grad: 3.981566459995353e-14
Layer conv2.lin.weight grad: 4.1857926416139266e-17
Layer conv2.lin.weight grad: 4.1857926416139266e-17
Layer conv2.lin.weight grad: 4.1857926416139266e-17
Layer conv2.lin.weight grad: 4.1857926416139266e-17
Layer conv3.att_src grad: 4.4643711121827255e-22
Layer conv3.att_src grad: 4.4643711121827255e-22
Layer conv3.att_src grad: 4.4643711121827255e-22
Layer conv3.att_src grad: 4.4643711121827255e-22
Layer conv3.att_dst grad: 8.022225681247729e-23
Layer conv3.att_dst grad: 8.022225681247729e-23
Layer conv3.att_dst grad: 8.022225681247729e-23
Layer conv3.att_dst grad: 8.022225681247729e-23
Layer conv3.bias grad: 2.3893634466809477e-12
Layer conv3.bias grad: 2.3893634466809477e-12
Layer conv3.bias grad: 2.3893634466809477e-12
Layer conv3.bias grad: 2.3893634466809477e-12
Layer conv3.lin.weight grad: 1.7120741326045823e-15
Layer conv3.lin.weight grad: 1.7120741326045823e-15
Layer conv3.lin.weight grad: 1.7120741326045823e-15
Layer conv3.lin.weight grad: 1.7120741326045823e-15
Layer conv4.att_src grad: 2.2944931982648288e-20
Layer conv4.att_src grad: 2.2944931982648288e-20
Layer conv4.att_src grad: 2.2944931982648288e-20
Layer conv4.att_src grad: 2.2944931982648288e-20
Layer conv4.att_dst grad: 6.731734765450054e-21
Layer conv4.att_dst grad: 6.731734765450054e-21
Layer conv4.att_dst grad: 6.731734765450054e-21
Layer conv4.att_dst grad: 6.731734765450054e-21
Layer conv4.bias grad: 1.7054985201880868e-10
Layer conv4.bias grad: 1.7054985201880868e-10
Layer conv4.bias grad: 1.7054985201880868e-10
Layer conv4.bias grad: 1.7054985201880868e-10
Layer conv4.lin.weight grad: 1.1089181873105702e-13
Layer conv4.lin.weight grad: 1.1089181873105702e-13
Layer conv4.lin.weight grad: 1.1089181873105702e-13
Layer conv4.lin.weight grad: 1.1089181873105702e-13
Layer fc.weight grad: 3.2236095737214754e-11
Layer fc.weight grad: 3.2236095737214754e-11
Layer fc.weight grad: 3.2236095737214754e-11
Layer fc.weight grad: 3.2236095737214754e-11
Layer fc.bias grad: 4.2686572498951136e-08
Layer fc.bias grad: 4.2686572498951136e-08
Layer fc.bias grad: 4.2686572498951136e-08
Layer fc.bias grad: 4.2686572498951136e-08
Softmax output at epoch 2: tensor([[0.0527, 0.0526, 0.0527, 0.0527, 0.0526, 0.0526, 0.0526, 0.0526, 0.0527,
         0.0527, 0.0526, 0.0526, 0.0527, 0.0526, 0.0526, 0.0526, 0.0526, 0.0526,
         0.0526],
        [0.0527, 0.0526, 0.0527, 0.0527, 0.0526, 0.0526, 0.0526, 0.0526, 0.0527,
         0.0527, 0.0526, 0.0526, 0.0527, 0.0526, 0.0526, 0.0526, 0.0526, 0.0526,
         0.0526],
        [0.0527, 0.0526, 0.0527, 0.0527, 0.0526, 0.0526, 0.0526, 0.0526, 0.0527,
         0.0527, 0.0526, 0.0526, 0.0527, 0.0526, 0.0526, 0.0526, 0.0526, 0.0526,
         0.0526],
        [0.0527, 0.0526, 0.0527, 0.0527, 0.0526, 0.0526, 0.0526, 0.0526, 0.0527,
         0.0527, 0.0526, 0.0526, 0.0527, 0.0526, 0.0526, 0.0526, 0.0526, 0.0526,
         0.0526],
        [0.0527, 0.0526, 0.0527, 0.0527, 0.0526, 0.0526, 0.0526, 0.0526, 0.0527,
         0.0527, 0.0526, 0.0526, 0.0527, 0.0526, 0.0526, 0.0526, 0.0526, 0.0526,
         0.0526]], device='cuda:2', grad_fn=<SliceBackward0>)
Softmax output at epoch 2: tensor([[0.0527, 0.0526, 0.0527, 0.0527, 0.0526, 0.0526, 0.0526, 0.0526, 0.0527,
         0.0527, 0.0526, 0.0526, 0.0527, 0.0526, 0.0526, 0.0526, 0.0526, 0.0526,
         0.0526],
        [0.0527, 0.0526, 0.0527, 0.0527, 0.0526, 0.0526, 0.0526, 0.0526, 0.0527,
         0.0527, 0.0526, 0.0526, 0.0527, 0.0526, 0.0526, 0.0526, 0.0526, 0.0526,
         0.0526],
        [0.0527, 0.0526, 0.0527, 0.0527, 0.0526, 0.0526, 0.0526, 0.0526, 0.0527,
         0.0527, 0.0526, 0.0526, 0.0527, 0.0526, 0.0526, 0.0526, 0.0526, 0.0526,
         0.0526],
        [0.0527, 0.0526, 0.0527, 0.0527, 0.0526, 0.0526, 0.0526, 0.0526, 0.0527,
         0.0527, 0.0526, 0.0526, 0.0527, 0.0526, 0.0526, 0.0526, 0.0526, 0.0526,
         0.0526],
        [0.0527, 0.0526, 0.0527, 0.0527, 0.0526, 0.0526, 0.0526, 0.0526, 0.0527,
         0.0527, 0.0526, 0.0526, 0.0527, 0.0526, 0.0526, 0.0526, 0.0526, 0.0526,
         0.0526]], device='cuda:3', grad_fn=<SliceBackward0>)
Softmax output at epoch 2: tensor([[0.0527, 0.0526, 0.0527, 0.0527, 0.0526, 0.0526, 0.0526, 0.0526, 0.0527,
         0.0527, 0.0526, 0.0526, 0.0527, 0.0526, 0.0526, 0.0526, 0.0526, 0.0526,
         0.0526],
        [0.0527, 0.0526, 0.0527, 0.0527, 0.0526, 0.0526, 0.0526, 0.0526, 0.0527,
         0.0527, 0.0526, 0.0526, 0.0527, 0.0526, 0.0526, 0.0526, 0.0526, 0.0526,
         0.0526],
        [0.0527, 0.0526, 0.0527, 0.0527, 0.0526, 0.0526, 0.0526, 0.0526, 0.0527,
         0.0527, 0.0526, 0.0526, 0.0527, 0.0526, 0.0526, 0.0526, 0.0526, 0.0526,
         0.0526],
        [0.0527, 0.0526, 0.0527, 0.0527, 0.0526, 0.0526, 0.0526, 0.0526, 0.0527,
         0.0527, 0.0526, 0.0526, 0.0527, 0.0526, 0.0526, 0.0526, 0.0526, 0.0526,
         0.0526],
        [0.0527, 0.0526, 0.0527, 0.0527, 0.0526, 0.0526, 0.0526, 0.0526, 0.0527,
         0.0527, 0.0526, 0.0526, 0.0527, 0.0526, 0.0526, 0.0526, 0.0526, 0.0526,
         0.0526]], device='cuda:0', grad_fn=<SliceBackward0>)Softmax output at epoch 2: tensor([[0.0527, 0.0526, 0.0527, 0.0527, 0.0526, 0.0526, 0.0526, 0.0526, 0.0527,
         0.0527, 0.0526, 0.0526, 0.0527, 0.0526, 0.0526, 0.0526, 0.0526, 0.0526,
         0.0526],
        [0.0527, 0.0526, 0.0527, 0.0527, 0.0526, 0.0526, 0.0526, 0.0526, 0.0527,
         0.0527, 0.0526, 0.0526, 0.0527, 0.0526, 0.0526, 0.0526, 0.0526, 0.0526,
         0.0526],
        [0.0527, 0.0526, 0.0527, 0.0527, 0.0526, 0.0526, 0.0526, 0.0526, 0.0527,
         0.0527, 0.0526, 0.0526, 0.0527, 0.0526, 0.0526, 0.0526, 0.0526, 0.0526,
         0.0526],
        [0.0527, 0.0526, 0.0527, 0.0527, 0.0526, 0.0526, 0.0526, 0.0526, 0.0527,
         0.0527, 0.0526, 0.0526, 0.0527, 0.0526, 0.0526, 0.0526, 0.0526, 0.0526,
         0.0526],
        [0.0527, 0.0526, 0.0527, 0.0527, 0.0526, 0.0526, 0.0526, 0.0526, 0.0527,
         0.0527, 0.0526, 0.0526, 0.0527, 0.0526, 0.0526, 0.0526, 0.0526, 0.0526,
         0.0526]], device='cuda:1', grad_fn=<SliceBackward0>)

pt values at epoch 2: tensor([0.0527, 0.0527, 0.0527, 0.0527, 0.0527], device='cuda:2',
       grad_fn=<SliceBackward0>)
pt values at epoch 2: tensor([0.0527, 0.0527, 0.0527, 0.0527, 0.0527], device='cuda:3',
       grad_fn=<SliceBackward0>)
pt values at epoch 2: tensor([0.0527, 0.0527, 0.0527, 0.0527, 0.0527], device='cuda:0',
       grad_fn=<SliceBackward0>)pt values at epoch 2: tensor([0.0527, 0.0527, 0.0527, 0.0527, 0.0527], device='cuda:1',
       grad_fn=<SliceBackward0>)

Layer conv1.att_src grad: 3.66521194733272e-25
Layer conv1.att_dst grad: 5.907239442518147e-26
Layer conv1.bias grad: 2.1692589879798987e-17
Layer conv1.lin.weight grad: 1.1567526950874279e-17
Layer conv2.att_src grad: 1.8589673631880338e-26
Layer conv1.att_src grad: 3.66521194733272e-25
Layer conv2.att_dst grad: 4.727527078820883e-27
Layer conv1.att_dst grad: 5.907239442518147e-26
Layer conv2.bias grad: 3.153891180201129e-15
Layer conv1.bias grad: 2.1692589879798987e-17
Layer conv1.att_src grad: 3.66521194733272e-25
Layer conv1.lin.weight grad: 1.1567526950874279e-17Layer conv2.lin.weight grad: 9.468304270024449e-19

Layer conv2.att_src grad: 1.8589673631880338e-26
Layer conv3.att_src grad: 6.6265578216013345e-25
Layer conv1.att_dst grad: 5.907239442518147e-26
Layer conv1.att_src grad: 3.66521194733272e-25Layer conv2.att_dst grad: 4.727527078820883e-27

Layer conv3.att_dst grad: 3.41347657171538e-25
Layer conv2.bias grad: 3.153891180201129e-15
Layer conv1.att_dst grad: 5.907239442518147e-26Layer conv1.bias grad: 2.1692589879798987e-17Layer conv3.bias grad: 6.653889136724878e-13


Layer conv2.lin.weight grad: 9.468304270024449e-19
Layer conv1.bias grad: 2.1692589879798987e-17
Layer conv3.lin.weight grad: 1.1015950014406364e-16
Layer conv3.att_src grad: 6.6265578216013345e-25
Layer conv1.lin.weight grad: 1.1567526950874279e-17Layer conv1.lin.weight grad: 1.1567526950874279e-17

Layer conv3.att_dst grad: 3.41347657171538e-25
Layer conv4.att_src grad: 1.2029235182986996e-22
Layer conv3.bias grad: 6.653889136724878e-13
Layer conv2.att_src grad: 1.8589673631880338e-26
Layer conv4.att_dst grad: 4.8917984173900504e-23
Layer conv2.att_src grad: 1.8589673631880338e-26Layer conv3.lin.weight grad: 1.1015950014406364e-16

Layer conv2.att_dst grad: 4.727527078820883e-27
Layer conv4.bias grad: 1.5868900637983074e-10
Layer conv4.att_src grad: 1.2029235182986996e-22
Layer conv2.bias grad: 3.153891180201129e-15
Layer conv4.lin.weight grad: 2.4222889183833293e-14
Layer conv2.att_dst grad: 4.727527078820883e-27
Layer conv4.att_dst grad: 4.8917984173900504e-23
Layer conv2.lin.weight grad: 9.468304270024449e-19
Layer fc.weight grad: 2.7298151586419017e-11
Layer conv4.bias grad: 1.5868900637983074e-10
Layer conv2.bias grad: 3.153891180201129e-15Layer conv3.att_src grad: 6.6265578216013345e-25
Layer fc.bias grad: 1.5767747640893504e-07
Layer conv4.lin.weight grad: 2.4222889183833293e-14

Layer conv3.att_dst grad: 3.41347657171538e-25
Layer fc.weight grad: 2.7298151586419017e-11
Layer conv3.bias grad: 6.653889136724878e-13Layer fc.bias grad: 1.5767747640893504e-07

Layer conv2.lin.weight grad: 9.468304270024449e-19
Layer conv3.lin.weight grad: 1.1015950014406364e-16
Layer conv3.att_src grad: 6.6265578216013345e-25
Layer conv4.att_src grad: 1.2029235182986996e-22
Layer conv4.att_dst grad: 4.8917984173900504e-23
Layer conv3.att_dst grad: 3.41347657171538e-25
Layer conv4.bias grad: 1.5868900637983074e-10
Layer conv4.lin.weight grad: 2.4222889183833293e-14
Layer conv3.bias grad: 6.653889136724878e-13
Layer fc.weight grad: 2.7298151586419017e-11
Layer fc.bias grad: 1.5767747640893504e-07
Layer conv3.lin.weight grad: 1.1015950014406364e-16
Layer conv4.att_src grad: 1.2029235182986996e-22
Layer conv4.att_dst grad: 4.8917984173900504e-23
Layer conv4.bias grad: 1.5868900637983074e-10
Layer conv4.lin.weight grad: 2.4222889183833293e-14
Layer fc.weight grad: 2.7298151586419017e-11
Layer fc.bias grad: 1.5767747640893504e-07
Softmax output at epoch 3: tensor([[0.0526, 0.0527, 0.0526, 0.0526, 0.0526, 0.0526, 0.0526, 0.0527, 0.0526,
         0.0526, 0.0526, 0.0526, 0.0526, 0.0527, 0.0526, 0.0526, 0.0527, 0.0526,
         0.0527],
        [0.0526, 0.0527, 0.0526, 0.0526, 0.0526, 0.0526, 0.0526, 0.0527, 0.0526,
         0.0526, 0.0526, 0.0526, 0.0526, 0.0527, 0.0526, 0.0526, 0.0527, 0.0526,
         0.0527],
        [0.0526, 0.0527, 0.0526, 0.0526, 0.0526, 0.0526, 0.0526, 0.0527, 0.0526,
         0.0526, 0.0526, 0.0526, 0.0526, 0.0527, 0.0526, 0.0526, 0.0527, 0.0526,
         0.0527],
        [0.0526, 0.0527, 0.0526, 0.0526, 0.0526, 0.0526, 0.0526, 0.0527, 0.0526,
         0.0526, 0.0526, 0.0526, 0.0526, 0.0527, 0.0526, 0.0526, 0.0527, 0.0526,
         0.0527],
        [0.0526, 0.0527, 0.0526, 0.0526, 0.0526, 0.0526, 0.0526, 0.0527, 0.0526,
         0.0526, 0.0526, 0.0526, 0.0526, 0.0527, 0.0526, 0.0526, 0.0527, 0.0526,
         0.0527]], device='cuda:2', grad_fn=<SliceBackward0>)
Softmax output at epoch 3: tensor([[0.0526, 0.0527, 0.0526, 0.0526, 0.0526, 0.0526, 0.0526, 0.0527, 0.0526,
         0.0526, 0.0526, 0.0526, 0.0526, 0.0527, 0.0526, 0.0526, 0.0527, 0.0526,
         0.0527],
        [0.0526, 0.0527, 0.0526, 0.0526, 0.0526, 0.0526, 0.0526, 0.0527, 0.0526,
         0.0526, 0.0526, 0.0526, 0.0526, 0.0527, 0.0526, 0.0526, 0.0527, 0.0526,
         0.0527],
        [0.0526, 0.0527, 0.0526, 0.0526, 0.0526, 0.0526, 0.0526, 0.0527, 0.0526,
         0.0526, 0.0526, 0.0526, 0.0526, 0.0527, 0.0526, 0.0526, 0.0527, 0.0526,
         0.0527],
        [0.0526, 0.0527, 0.0526, 0.0526, 0.0526, 0.0526, 0.0526, 0.0527, 0.0526,
         0.0526, 0.0526, 0.0526, 0.0526, 0.0527, 0.0526, 0.0526, 0.0527, 0.0526,
         0.0527],
        [0.0526, 0.0527, 0.0526, 0.0526, 0.0526, 0.0526, 0.0526, 0.0527, 0.0526,
         0.0526, 0.0526, 0.0526, 0.0526, 0.0527, 0.0526, 0.0526, 0.0527, 0.0526,
         0.0527]], device='cuda:1', grad_fn=<SliceBackward0>)
Softmax output at epoch 3: tensor([[0.0526, 0.0527, 0.0526, 0.0526, 0.0526, 0.0526, 0.0526, 0.0527, 0.0526,
         0.0526, 0.0526, 0.0526, 0.0526, 0.0527, 0.0526, 0.0526, 0.0527, 0.0526,
         0.0527],
        [0.0526, 0.0527, 0.0526, 0.0526, 0.0526, 0.0526, 0.0526, 0.0527, 0.0526,
         0.0526, 0.0526, 0.0526, 0.0526, 0.0527, 0.0526, 0.0526, 0.0527, 0.0526,
         0.0527],
        [0.0526, 0.0527, 0.0526, 0.0526, 0.0526, 0.0526, 0.0526, 0.0527, 0.0526,
         0.0526, 0.0526, 0.0526, 0.0526, 0.0527, 0.0526, 0.0526, 0.0527, 0.0526,
         0.0527],
        [0.0526, 0.0527, 0.0526, 0.0526, 0.0526, 0.0526, 0.0526, 0.0527, 0.0526,
         0.0526, 0.0526, 0.0526, 0.0526, 0.0527, 0.0526, 0.0526, 0.0527, 0.0526,
         0.0527],
        [0.0526, 0.0527, 0.0526, 0.0526, 0.0526, 0.0526, 0.0526, 0.0527, 0.0526,
         0.0526, 0.0526, 0.0526, 0.0526, 0.0527, 0.0526, 0.0526, 0.0527, 0.0526,
         0.0527]], device='cuda:3', grad_fn=<SliceBackward0>)
pt values at epoch 3: tensor([0.0526, 0.0526, 0.0526, 0.0526, 0.0526], device='cuda:2',
       grad_fn=<SliceBackward0>)
pt values at epoch 3: tensor([0.0526, 0.0526, 0.0526, 0.0526, 0.0526], device='cuda:1',
       grad_fn=<SliceBackward0>)
pt values at epoch 3: tensor([0.0526, 0.0526, 0.0526, 0.0526, 0.0526], device='cuda:3',
       grad_fn=<SliceBackward0>)
Precision: 0.0000, Recall: 0.0004, F1-Score: 0.0000
Fold 4, Epoch 2, Train Loss: 0.0000, Val Loss: 0.0000, Val Acc: 0.0003
Softmax output at epoch 3: tensor([[0.0526, 0.0527, 0.0526, 0.0526, 0.0526, 0.0526, 0.0526, 0.0527, 0.0526,
         0.0526, 0.0526, 0.0526, 0.0526, 0.0527, 0.0526, 0.0526, 0.0527, 0.0526,
         0.0527],
        [0.0526, 0.0527, 0.0526, 0.0526, 0.0526, 0.0526, 0.0526, 0.0527, 0.0526,
         0.0526, 0.0526, 0.0526, 0.0526, 0.0527, 0.0526, 0.0526, 0.0527, 0.0526,
         0.0527],
        [0.0526, 0.0527, 0.0526, 0.0526, 0.0526, 0.0526, 0.0526, 0.0527, 0.0526,
         0.0526, 0.0526, 0.0526, 0.0526, 0.0527, 0.0526, 0.0526, 0.0527, 0.0526,
         0.0527],
        [0.0526, 0.0527, 0.0526, 0.0526, 0.0526, 0.0526, 0.0526, 0.0527, 0.0526,
         0.0526, 0.0526, 0.0526, 0.0526, 0.0527, 0.0526, 0.0526, 0.0527, 0.0526,
         0.0527],
        [0.0526, 0.0527, 0.0526, 0.0526, 0.0526, 0.0526, 0.0526, 0.0527, 0.0526,
         0.0526, 0.0526, 0.0526, 0.0526, 0.0527, 0.0526, 0.0526, 0.0527, 0.0526,
         0.0527]], device='cuda:0', grad_fn=<SliceBackward0>)
pt values at epoch 3: tensor([0.0526, 0.0526, 0.0526, 0.0526, 0.0526], device='cuda:0',
       grad_fn=<SliceBackward0>)
Layer conv1.att_src grad: 7.660118646456473e-24Layer conv1.att_src grad: 7.660118646456473e-24Layer conv1.att_src grad: 7.660118646456473e-24Layer conv1.att_src grad: 7.660118646456473e-24



Layer conv1.att_dst grad: 3.64612225298347e-25
Layer conv1.att_dst grad: 3.64612225298347e-25
Layer conv1.att_dst grad: 3.64612225298347e-25
Layer conv1.att_dst grad: 3.64612225298347e-25Layer conv1.bias grad: 8.660536014804877e-17

Layer conv1.bias grad: 8.660536014804877e-17Layer conv1.bias grad: 8.660536014804877e-17

Layer conv1.lin.weight grad: 4.905492052349774e-17Layer conv1.bias grad: 8.660536014804877e-17

Layer conv1.lin.weight grad: 4.905492052349774e-17Layer conv1.lin.weight grad: 4.905492052349774e-17Layer conv2.att_src grad: 2.1990328502176515e-25


Layer conv1.lin.weight grad: 4.905492052349774e-17
Layer conv2.att_dst grad: 6.636014414962188e-26
Layer conv2.att_src grad: 2.1990328502176515e-25Layer conv2.att_src grad: 2.1990328502176515e-25
Layer conv2.att_src grad: 2.1990328502176515e-25

Layer conv2.bias grad: 5.7775380413551715e-15
Layer conv2.att_dst grad: 6.636014414962188e-26
Layer conv2.att_dst grad: 6.636014414962188e-26Layer conv2.att_dst grad: 6.636014414962188e-26

Layer conv2.lin.weight grad: 2.9362270971526907e-18Layer conv2.bias grad: 5.7775380413551715e-15

Layer conv2.bias grad: 5.7775380413551715e-15Layer conv2.bias grad: 5.7775380413551715e-15

Layer conv3.att_src grad: 1.6670211804574042e-23
Layer conv2.lin.weight grad: 2.9362270971526907e-18
Layer conv2.lin.weight grad: 2.9362270971526907e-18Layer conv2.lin.weight grad: 2.9362270971526907e-18

Layer conv3.att_dst grad: 3.9185557117281926e-24
Layer conv3.att_src grad: 1.6670211804574042e-23
Layer conv3.att_src grad: 1.6670211804574042e-23Layer conv3.att_src grad: 1.6670211804574042e-23

Layer conv3.bias grad: 7.256884980086364e-13
Layer conv3.att_dst grad: 3.9185557117281926e-24
Layer conv3.att_dst grad: 3.9185557117281926e-24Layer conv3.att_dst grad: 3.9185557117281926e-24

Layer conv3.lin.weight grad: 2.646482975291137e-16
Layer conv3.bias grad: 7.256884980086364e-13
Layer conv3.bias grad: 7.256884980086364e-13Layer conv3.bias grad: 7.256884980086364e-13

Layer conv4.att_src grad: 1.0599301729972697e-21
Layer conv3.lin.weight grad: 2.646482975291137e-16
Layer conv3.lin.weight grad: 2.646482975291137e-16Layer conv4.att_dst grad: 1.3863363293352264e-22Layer conv3.lin.weight grad: 2.646482975291137e-16


Layer conv4.att_src grad: 1.0599301729972697e-21
Layer conv4.bias grad: 7.512743899207308e-11Layer conv4.att_src grad: 1.0599301729972697e-21

Layer conv4.att_src grad: 1.0599301729972697e-21
Layer conv4.att_dst grad: 1.3863363293352264e-22
Layer conv4.att_dst grad: 1.3863363293352264e-22
Layer conv4.lin.weight grad: 2.963075409491943e-14Layer conv4.att_dst grad: 1.3863363293352264e-22

Layer conv4.bias grad: 7.512743899207308e-11
Layer conv4.bias grad: 7.512743899207308e-11
Layer conv4.bias grad: 7.512743899207308e-11Layer fc.weight grad: 1.7561776685659503e-11

Layer conv4.lin.weight grad: 2.963075409491943e-14
Layer conv4.lin.weight grad: 2.963075409491943e-14
Layer fc.bias grad: 5.231862232335516e-08
Layer conv4.lin.weight grad: 2.963075409491943e-14
Layer fc.weight grad: 1.7561776685659503e-11
Layer fc.weight grad: 1.7561776685659503e-11
Layer fc.weight grad: 1.7561776685659503e-11Layer fc.bias grad: 5.231862232335516e-08

Layer fc.bias grad: 5.231862232335516e-08
Layer fc.bias grad: 5.231862232335516e-08
Softmax output at epoch 3: tensor([[0.0526, 0.0527, 0.0526, 0.0526, 0.0526, 0.0526, 0.0526, 0.0527, 0.0526,
         0.0526, 0.0526, 0.0527, 0.0526, 0.0527, 0.0527, 0.0526, 0.0527, 0.0526,
         0.0527],
        [0.0526, 0.0527, 0.0526, 0.0526, 0.0526, 0.0526, 0.0526, 0.0527, 0.0526,
         0.0526, 0.0526, 0.0527, 0.0526, 0.0527, 0.0527, 0.0526, 0.0527, 0.0526,
         0.0527],
        [0.0526, 0.0527, 0.0526, 0.0526, 0.0526, 0.0526, 0.0526, 0.0527, 0.0526,
         0.0526, 0.0526, 0.0527, 0.0526, 0.0527, 0.0527, 0.0526, 0.0527, 0.0526,
         0.0527],
        [0.0526, 0.0527, 0.0526, 0.0526, 0.0526, 0.0526, 0.0526, 0.0527, 0.0526,
         0.0526, 0.0526, 0.0527, 0.0526, 0.0527, 0.0527, 0.0526, 0.0527, 0.0526,
         0.0527],
        [0.0526, 0.0527, 0.0526, 0.0526, 0.0526, 0.0526, 0.0526, 0.0527, 0.0526,
         0.0526, 0.0526, 0.0527, 0.0526, 0.0527, 0.0527, 0.0526, 0.0527, 0.0526,
         0.0527]], device='cuda:0', grad_fn=<SliceBackward0>)
Softmax output at epoch 3: tensor([[0.0526, 0.0527, 0.0526, 0.0526, 0.0526, 0.0526, 0.0526, 0.0527, 0.0526,
         0.0526, 0.0526, 0.0527, 0.0526, 0.0527, 0.0527, 0.0526, 0.0527, 0.0526,
         0.0527],
        [0.0526, 0.0527, 0.0526, 0.0526, 0.0526, 0.0526, 0.0526, 0.0527, 0.0526,
         0.0526, 0.0526, 0.0527, 0.0526, 0.0527, 0.0527, 0.0526, 0.0527, 0.0526,
         0.0527],
        [0.0526, 0.0527, 0.0526, 0.0526, 0.0526, 0.0526, 0.0526, 0.0527, 0.0526,
         0.0526, 0.0526, 0.0527, 0.0526, 0.0527, 0.0527, 0.0526, 0.0527, 0.0526,
         0.0527],
        [0.0526, 0.0527, 0.0526, 0.0526, 0.0526, 0.0526, 0.0526, 0.0527, 0.0526,
         0.0526, 0.0526, 0.0527, 0.0526, 0.0527, 0.0527, 0.0526, 0.0527, 0.0526,
         0.0527],
        [0.0526, 0.0527, 0.0526, 0.0526, 0.0526, 0.0526, 0.0526, 0.0527, 0.0526,
         0.0526, 0.0526, 0.0527, 0.0526, 0.0527, 0.0527, 0.0526, 0.0527, 0.0526,
         0.0527]], device='cuda:2', grad_fn=<SliceBackward0>)
Softmax output at epoch 3: tensor([[0.0526, 0.0527, 0.0526, 0.0526, 0.0526, 0.0526, 0.0526, 0.0527, 0.0526,
         0.0526, 0.0526, 0.0527, 0.0526, 0.0527, 0.0527, 0.0526, 0.0527, 0.0526,
         0.0527],
        [0.0526, 0.0527, 0.0526, 0.0526, 0.0526, 0.0526, 0.0526, 0.0527, 0.0526,
         0.0526, 0.0526, 0.0527, 0.0526, 0.0527, 0.0527, 0.0526, 0.0527, 0.0526,
         0.0527],
        [0.0526, 0.0527, 0.0526, 0.0526, 0.0526, 0.0526, 0.0526, 0.0527, 0.0526,
         0.0526, 0.0526, 0.0527, 0.0526, 0.0527, 0.0527, 0.0526, 0.0527, 0.0526,
         0.0527],
        [0.0526, 0.0527, 0.0526, 0.0526, 0.0526, 0.0526, 0.0526, 0.0527, 0.0526,
         0.0526, 0.0526, 0.0527, 0.0526, 0.0527, 0.0527, 0.0526, 0.0527, 0.0526,
         0.0527],
        [0.0526, 0.0527, 0.0526, 0.0526, 0.0526, 0.0526, 0.0526, 0.0527, 0.0526,
         0.0526, 0.0526, 0.0527, 0.0526, 0.0527, 0.0527, 0.0526, 0.0527, 0.0526,
         0.0527]], device='cuda:3', grad_fn=<SliceBackward0>)
Softmax output at epoch 3: tensor([[0.0526, 0.0527, 0.0526, 0.0526, 0.0526, 0.0526, 0.0526, 0.0527, 0.0526,
         0.0526, 0.0526, 0.0527, 0.0526, 0.0527, 0.0527, 0.0526, 0.0527, 0.0526,
         0.0527],
        [0.0526, 0.0527, 0.0526, 0.0526, 0.0526, 0.0526, 0.0526, 0.0527, 0.0526,
         0.0526, 0.0526, 0.0527, 0.0526, 0.0527, 0.0527, 0.0526, 0.0527, 0.0526,
         0.0527],
        [0.0526, 0.0527, 0.0526, 0.0526, 0.0526, 0.0526, 0.0526, 0.0527, 0.0526,
         0.0526, 0.0526, 0.0527, 0.0526, 0.0527, 0.0527, 0.0526, 0.0527, 0.0526,
         0.0527],
        [0.0526, 0.0527, 0.0526, 0.0526, 0.0526, 0.0526, 0.0526, 0.0527, 0.0526,
         0.0526, 0.0526, 0.0527, 0.0526, 0.0527, 0.0527, 0.0526, 0.0527, 0.0526,
         0.0527],
        [0.0526, 0.0527, 0.0526, 0.0526, 0.0526, 0.0526, 0.0526, 0.0527, 0.0526,
         0.0526, 0.0526, 0.0527, 0.0526, 0.0527, 0.0527, 0.0526, 0.0527, 0.0526,
         0.0527]], device='cuda:1', grad_fn=<SliceBackward0>)
pt values at epoch 3: tensor([0.0526, 0.0526, 0.0526, 0.0526, 0.0526], device='cuda:0',
       grad_fn=<SliceBackward0>)
pt values at epoch 3: tensor([0.0526, 0.0526, 0.0526, 0.0526, 0.0526], device='cuda:2',
       grad_fn=<SliceBackward0>)
pt values at epoch 3: tensor([0.0526, 0.0526, 0.0526, 0.0526, 0.0526], device='cuda:3',
       grad_fn=<SliceBackward0>)
pt values at epoch 3: tensor([0.0526, 0.0526, 0.0526, 0.0526, 0.0526], device='cuda:1',
       grad_fn=<SliceBackward0>)
Layer conv1.att_src grad: 3.8246299091619623e-22Layer conv1.att_src grad: 3.8246299091619623e-22Layer conv1.att_src grad: 3.8246299091619623e-22
Layer conv1.att_src grad: 3.8246299091619623e-22


Layer conv1.att_dst grad: 3.945293757680206e-23Layer conv1.att_dst grad: 3.945293757680206e-23
Layer conv1.att_dst grad: 3.945293757680206e-23Layer conv1.att_dst grad: 3.945293757680206e-23


Layer conv1.bias grad: 8.4712982664764255e-16
Layer conv1.bias grad: 8.4712982664764255e-16Layer conv1.bias grad: 8.4712982664764255e-16
Layer conv1.bias grad: 8.4712982664764255e-16

Layer conv1.lin.weight grad: 5.226513568892214e-16
Layer conv1.lin.weight grad: 5.226513568892214e-16
Layer conv1.lin.weight grad: 5.226513568892214e-16Layer conv1.lin.weight grad: 5.226513568892214e-16

Layer conv2.att_src grad: 2.6366195853954125e-23
Layer conv2.att_src grad: 2.6366195853954125e-23
Layer conv2.att_src grad: 2.6366195853954125e-23Layer conv2.att_src grad: 2.6366195853954125e-23

Layer conv2.att_dst grad: 1.080417584903456e-23
Layer conv2.att_dst grad: 1.080417584903456e-23
Layer conv2.att_dst grad: 1.080417584903456e-23Layer conv2.att_dst grad: 1.080417584903456e-23

Layer conv2.bias grad: 2.995207434939445e-14
Layer conv2.bias grad: 2.995207434939445e-14
Layer conv2.bias grad: 2.995207434939445e-14Layer conv2.bias grad: 2.995207434939445e-14

Layer conv2.lin.weight grad: 3.2253423135945205e-17
Layer conv2.lin.weight grad: 3.2253423135945205e-17
Layer conv2.lin.weight grad: 3.2253423135945205e-17
Layer conv2.lin.weight grad: 3.2253423135945205e-17
Layer conv3.att_src grad: 9.79065796029717e-22
Layer conv3.att_src grad: 9.79065796029717e-22
Layer conv3.att_src grad: 9.79065796029717e-22
Layer conv3.att_dst grad: 4.359763864747095e-22Layer conv3.att_src grad: 9.79065796029717e-22

Layer conv3.att_dst grad: 4.359763864747095e-22
Layer conv3.att_dst grad: 4.359763864747095e-22
Layer conv3.bias grad: 1.9554728929865872e-12Layer conv3.att_dst grad: 4.359763864747095e-22

Layer conv3.bias grad: 1.9554728929865872e-12
Layer conv3.bias grad: 1.9554728929865872e-12
Layer conv3.bias grad: 1.9554728929865872e-12
Layer conv3.lin.weight grad: 1.3738753702269768e-15
Layer conv3.lin.weight grad: 1.3738753702269768e-15
Layer conv3.lin.weight grad: 1.3738753702269768e-15
Layer conv3.lin.weight grad: 1.3738753702269768e-15Layer conv4.att_src grad: 3.0646880136376286e-20

Layer conv4.att_src grad: 3.0646880136376286e-20
Layer conv4.att_src grad: 3.0646880136376286e-20
Layer conv4.att_dst grad: 9.179715203783218e-21Layer conv4.att_src grad: 3.0646880136376286e-20
Layer conv4.att_dst grad: 9.179715203783218e-21

Layer conv4.att_dst grad: 9.179715203783218e-21
Layer conv4.bias grad: 1.0445938558589773e-10
Layer conv4.att_dst grad: 9.179715203783218e-21Layer conv4.bias grad: 1.0445938558589773e-10

Layer conv4.bias grad: 1.0445938558589773e-10
Layer conv4.lin.weight grad: 8.030041746560218e-14Layer conv4.bias grad: 1.0445938558589773e-10

Layer conv4.lin.weight grad: 8.030041746560218e-14
Layer conv4.lin.weight grad: 8.030041746560218e-14
Layer fc.weight grad: 2.1234224448218875e-11
Layer conv4.lin.weight grad: 8.030041746560218e-14Layer fc.weight grad: 2.1234224448218875e-11

Layer fc.weight grad: 2.1234224448218875e-11
Layer fc.bias grad: 3.2600539157101593e-08
Layer fc.bias grad: 3.2600539157101593e-08Layer fc.weight grad: 2.1234224448218875e-11

Layer fc.bias grad: 3.2600539157101593e-08
Layer fc.bias grad: 3.2600539157101593e-08
Softmax output at epoch 3: tensor([[0.0526, 0.0527, 0.0526, 0.0526, 0.0526, 0.0526, 0.0526, 0.0528, 0.0526,
         0.0526, 0.0526, 0.0527, 0.0526, 0.0527, 0.0527, 0.0526, 0.0528, 0.0526,
         0.0527],
        [0.0526, 0.0527, 0.0526, 0.0526, 0.0526, 0.0526, 0.0526, 0.0528, 0.0526,
         0.0526, 0.0526, 0.0527, 0.0526, 0.0527, 0.0527, 0.0526, 0.0528, 0.0526,
         0.0527],
        [0.0526, 0.0527, 0.0526, 0.0526, 0.0526, 0.0526, 0.0526, 0.0528, 0.0526,
         0.0526, 0.0526, 0.0527, 0.0526, 0.0527, 0.0527, 0.0526, 0.0528, 0.0526,
         0.0527],
        [0.0526, 0.0527, 0.0526, 0.0526, 0.0526, 0.0526, 0.0526, 0.0528, 0.0526,
         0.0526, 0.0526, 0.0527, 0.0526, 0.0527, 0.0527, 0.0526, 0.0528, 0.0526,
         0.0527],
        [0.0526, 0.0527, 0.0526, 0.0526, 0.0526, 0.0526, 0.0526, 0.0528, 0.0526,
         0.0526, 0.0526, 0.0527, 0.0526, 0.0527, 0.0527, 0.0526, 0.0528, 0.0526,
         0.0527]], device='cuda:2', grad_fn=<SliceBackward0>)
Softmax output at epoch 3: tensor([[0.0526, 0.0527, 0.0526, 0.0526, 0.0526, 0.0526, 0.0526, 0.0528, 0.0526,
         0.0526, 0.0526, 0.0527, 0.0526, 0.0527, 0.0527, 0.0526, 0.0528, 0.0526,
         0.0527],
        [0.0526, 0.0527, 0.0526, 0.0526, 0.0526, 0.0526, 0.0526, 0.0528, 0.0526,
         0.0526, 0.0526, 0.0527, 0.0526, 0.0527, 0.0527, 0.0526, 0.0528, 0.0526,
         0.0527],
        [0.0526, 0.0527, 0.0526, 0.0526, 0.0526, 0.0526, 0.0526, 0.0528, 0.0526,
         0.0526, 0.0526, 0.0527, 0.0526, 0.0527, 0.0527, 0.0526, 0.0528, 0.0526,
         0.0527],
        [0.0526, 0.0527, 0.0526, 0.0526, 0.0526, 0.0526, 0.0526, 0.0528, 0.0526,
         0.0526, 0.0526, 0.0527, 0.0526, 0.0527, 0.0527, 0.0526, 0.0528, 0.0526,
         0.0527],
        [0.0526, 0.0527, 0.0526, 0.0526, 0.0526, 0.0526, 0.0526, 0.0528, 0.0526,
         0.0526, 0.0526, 0.0527, 0.0526, 0.0527, 0.0527, 0.0526, 0.0528, 0.0526,
         0.0527]], device='cuda:0', grad_fn=<SliceBackward0>)
Softmax output at epoch 3: tensor([[0.0526, 0.0527, 0.0526, 0.0526, 0.0526, 0.0526, 0.0526, 0.0528, 0.0526,
         0.0526, 0.0526, 0.0527, 0.0526, 0.0527, 0.0527, 0.0526, 0.0528, 0.0526,
         0.0527],
        [0.0526, 0.0527, 0.0526, 0.0526, 0.0526, 0.0526, 0.0526, 0.0528, 0.0526,
         0.0526, 0.0526, 0.0527, 0.0526, 0.0527, 0.0527, 0.0526, 0.0528, 0.0526,
         0.0527],
        [0.0526, 0.0527, 0.0526, 0.0526, 0.0526, 0.0526, 0.0526, 0.0528, 0.0526,
         0.0526, 0.0526, 0.0527, 0.0526, 0.0527, 0.0527, 0.0526, 0.0528, 0.0526,
         0.0527],
        [0.0526, 0.0527, 0.0526, 0.0526, 0.0526, 0.0526, 0.0526, 0.0528, 0.0526,
         0.0526, 0.0526, 0.0527, 0.0526, 0.0527, 0.0527, 0.0526, 0.0528, 0.0526,
         0.0527],
        [0.0526, 0.0527, 0.0526, 0.0526, 0.0526, 0.0526, 0.0526, 0.0528, 0.0526,
         0.0526, 0.0526, 0.0527, 0.0526, 0.0527, 0.0527, 0.0526, 0.0528, 0.0526,
         0.0527]], device='cuda:3', grad_fn=<SliceBackward0>)
Softmax output at epoch 3: tensor([[0.0526, 0.0527, 0.0526, 0.0526, 0.0526, 0.0526, 0.0526, 0.0528, 0.0526,
         0.0526, 0.0526, 0.0527, 0.0526, 0.0527, 0.0527, 0.0526, 0.0528, 0.0526,
         0.0527],
        [0.0526, 0.0527, 0.0526, 0.0526, 0.0526, 0.0526, 0.0526, 0.0528, 0.0526,
         0.0526, 0.0526, 0.0527, 0.0526, 0.0527, 0.0527, 0.0526, 0.0528, 0.0526,
         0.0527],
        [0.0526, 0.0527, 0.0526, 0.0526, 0.0526, 0.0526, 0.0526, 0.0528, 0.0526,
         0.0526, 0.0526, 0.0527, 0.0526, 0.0527, 0.0527, 0.0526, 0.0528, 0.0526,
         0.0527],
        [0.0526, 0.0527, 0.0526, 0.0526, 0.0526, 0.0526, 0.0526, 0.0528, 0.0526,
         0.0526, 0.0526, 0.0527, 0.0526, 0.0527, 0.0527, 0.0526, 0.0528, 0.0526,
         0.0527],
        [0.0526, 0.0527, 0.0526, 0.0526, 0.0526, 0.0526, 0.0526, 0.0528, 0.0526,
         0.0526, 0.0526, 0.0527, 0.0526, 0.0527, 0.0527, 0.0526, 0.0528, 0.0526,
         0.0527]], device='cuda:1', grad_fn=<SliceBackward0>)
pt values at epoch 3: tensor([0.0526, 0.0526, 0.0526, 0.0526, 0.0526], device='cuda:2',
       grad_fn=<SliceBackward0>)
pt values at epoch 3: tensor([0.0526, 0.0526, 0.0526, 0.0526, 0.0526], device='cuda:0',
       grad_fn=<SliceBackward0>)
pt values at epoch 3: tensor([0.0526, 0.0526, 0.0526, 0.0526, 0.0526], device='cuda:3',
       grad_fn=<SliceBackward0>)
pt values at epoch 3: tensor([0.0526, 0.0526, 0.0526, 0.0526, 0.0526], device='cuda:1',
       grad_fn=<SliceBackward0>)
Layer conv1.att_src grad: 6.323017271917752e-22Layer conv1.att_src grad: 6.323017271917752e-22Layer conv1.att_src grad: 6.323017271917752e-22
Layer conv1.att_src grad: 6.323017271917752e-22


Layer conv1.att_dst grad: 2.133995218803162e-22Layer conv1.att_dst grad: 2.133995218803162e-22Layer conv1.att_dst grad: 2.133995218803162e-22Layer conv1.att_dst grad: 2.133995218803162e-22



Layer conv1.bias grad: 1.7569864664459655e-15Layer conv1.bias grad: 1.7569864664459655e-15
Layer conv1.bias grad: 1.7569864664459655e-15Layer conv1.bias grad: 1.7569864664459655e-15


Layer conv1.lin.weight grad: 1.1082975069778107e-15
Layer conv1.lin.weight grad: 1.1082975069778107e-15
Layer conv1.lin.weight grad: 1.1082975069778107e-15Layer conv1.lin.weight grad: 1.1082975069778107e-15

Layer conv2.att_src grad: 4.702130065592866e-23
Layer conv2.att_src grad: 4.702130065592866e-23
Layer conv2.att_src grad: 4.702130065592866e-23Layer conv2.att_src grad: 4.702130065592866e-23

Layer conv2.att_dst grad: 1.0560005255067837e-23
Layer conv2.att_dst grad: 1.0560005255067837e-23
Layer conv2.att_dst grad: 1.0560005255067837e-23Layer conv2.att_dst grad: 1.0560005255067837e-23

Layer conv2.bias grad: 6.107755360501566e-14
Layer conv2.bias grad: 6.107755360501566e-14
Layer conv2.bias grad: 6.107755360501566e-14
Layer conv2.bias grad: 6.107755360501566e-14
Layer conv2.lin.weight grad: 6.897970301154025e-17
Layer conv2.lin.weight grad: 6.897970301154025e-17Layer conv2.lin.weight grad: 6.897970301154025e-17

Layer conv2.lin.weight grad: 6.897970301154025e-17
Layer conv3.att_src grad: 2.013160105426951e-21
Layer conv3.att_src grad: 2.013160105426951e-21Layer conv3.att_src grad: 2.013160105426951e-21

Layer conv3.att_src grad: 2.013160105426951e-21
Layer conv3.att_dst grad: 5.218820011451824e-22
Layer conv3.att_dst grad: 5.218820011451824e-22Layer conv3.att_dst grad: 5.218820011451824e-22

Layer conv3.att_dst grad: 5.218820011451824e-22
Layer conv3.bias grad: 3.571338971081195e-12
Layer conv3.bias grad: 3.571338971081195e-12Layer conv3.bias grad: 3.571338971081195e-12

Layer conv3.bias grad: 3.571338971081195e-12
Layer conv3.lin.weight grad: 2.6947878878445103e-15
Layer conv3.lin.weight grad: 2.6947878878445103e-15Layer conv3.lin.weight grad: 2.6947878878445103e-15
Layer conv3.lin.weight grad: 2.6947878878445103e-15

Layer conv4.att_src grad: 4.040979240713277e-20
Layer conv4.att_src grad: 4.040979240713277e-20
Layer conv4.att_src grad: 4.040979240713277e-20Layer conv4.att_src grad: 4.040979240713277e-20

Layer conv4.att_dst grad: 1.5060606659723686e-20
Layer conv4.att_dst grad: 1.5060606659723686e-20
Layer conv4.att_dst grad: 1.5060606659723686e-20Layer conv4.att_dst grad: 1.5060606659723686e-20
Layer conv4.bias grad: 1.8225429498919254e-10

Layer conv4.bias grad: 1.8225429498919254e-10
Layer conv4.bias grad: 1.8225429498919254e-10
Layer conv4.bias grad: 1.8225429498919254e-10
Layer conv4.lin.weight grad: 1.5049020243938088e-13
Layer conv4.lin.weight grad: 1.5049020243938088e-13
Layer conv4.lin.weight grad: 1.5049020243938088e-13
Layer conv4.lin.weight grad: 1.5049020243938088e-13
Layer fc.weight grad: 3.9122337314179134e-11
Layer fc.weight grad: 3.9122337314179134e-11
Layer fc.weight grad: 3.9122337314179134e-11
Layer fc.bias grad: 5.5521169883832044e-08Layer fc.weight grad: 3.9122337314179134e-11

Layer fc.bias grad: 5.5521169883832044e-08
Layer fc.bias grad: 5.5521169883832044e-08
Layer fc.bias grad: 5.5521169883832044e-08
Softmax output at epoch 3: tensor([[0.0526, 0.0527, 0.0526, 0.0525, 0.0526, 0.0526, 0.0526, 0.0527, 0.0526,
         0.0526, 0.0526, 0.0527, 0.0526, 0.0527, 0.0527, 0.0526, 0.0527, 0.0526,
         0.0527],
        [0.0526, 0.0527, 0.0526, 0.0525, 0.0526, 0.0526, 0.0526, 0.0527, 0.0526,
         0.0526, 0.0526, 0.0527, 0.0526, 0.0527, 0.0527, 0.0526, 0.0527, 0.0526,
         0.0527],
        [0.0526, 0.0527, 0.0526, 0.0525, 0.0526, 0.0526, 0.0526, 0.0527, 0.0526,
         0.0526, 0.0526, 0.0527, 0.0526, 0.0527, 0.0527, 0.0526, 0.0527, 0.0526,
         0.0527],
        [0.0526, 0.0527, 0.0526, 0.0525, 0.0526, 0.0526, 0.0526, 0.0527, 0.0526,
         0.0526, 0.0526, 0.0527, 0.0526, 0.0527, 0.0527, 0.0526, 0.0527, 0.0526,
         0.0527],
        [0.0526, 0.0527, 0.0526, 0.0525, 0.0526, 0.0526, 0.0526, 0.0527, 0.0526,
         0.0526, 0.0526, 0.0527, 0.0526, 0.0527, 0.0527, 0.0526, 0.0527, 0.0526,
         0.0527]], device='cuda:2', grad_fn=<SliceBackward0>)
Softmax output at epoch 3: tensor([[0.0526, 0.0527, 0.0526, 0.0525, 0.0526, 0.0526, 0.0526, 0.0527, 0.0526,
         0.0526, 0.0526, 0.0527, 0.0526, 0.0527, 0.0527, 0.0526, 0.0527, 0.0526,
         0.0527],
        [0.0526, 0.0527, 0.0526, 0.0525, 0.0526, 0.0526, 0.0526, 0.0527, 0.0526,
         0.0526, 0.0526, 0.0527, 0.0526, 0.0527, 0.0527, 0.0526, 0.0527, 0.0526,
         0.0527],
        [0.0526, 0.0527, 0.0526, 0.0525, 0.0526, 0.0526, 0.0526, 0.0527, 0.0526,
         0.0526, 0.0526, 0.0527, 0.0526, 0.0527, 0.0527, 0.0526, 0.0527, 0.0526,
         0.0527],
        [0.0526, 0.0527, 0.0526, 0.0525, 0.0526, 0.0526, 0.0526, 0.0527, 0.0526,
         0.0526, 0.0526, 0.0527, 0.0526, 0.0527, 0.0527, 0.0526, 0.0527, 0.0526,
         0.0527],
        [0.0526, 0.0527, 0.0526, 0.0525, 0.0526, 0.0526, 0.0526, 0.0527, 0.0526,
         0.0526, 0.0526, 0.0527, 0.0526, 0.0527, 0.0527, 0.0526, 0.0527, 0.0526,
         0.0527]], device='cuda:0', grad_fn=<SliceBackward0>)
Softmax output at epoch 3: tensor([[0.0526, 0.0527, 0.0526, 0.0525, 0.0526, 0.0526, 0.0526, 0.0527, 0.0526,
         0.0526, 0.0526, 0.0527, 0.0526, 0.0527, 0.0527, 0.0526, 0.0527, 0.0526,
         0.0527],
        [0.0526, 0.0527, 0.0526, 0.0525, 0.0526, 0.0526, 0.0526, 0.0527, 0.0526,
         0.0526, 0.0526, 0.0527, 0.0526, 0.0527, 0.0527, 0.0526, 0.0527, 0.0526,
         0.0527],
        [0.0526, 0.0527, 0.0526, 0.0525, 0.0526, 0.0526, 0.0526, 0.0527, 0.0526,
         0.0526, 0.0526, 0.0527, 0.0526, 0.0527, 0.0527, 0.0526, 0.0527, 0.0526,
         0.0527],
        [0.0526, 0.0527, 0.0526, 0.0525, 0.0526, 0.0526, 0.0526, 0.0527, 0.0526,
         0.0526, 0.0526, 0.0527, 0.0526, 0.0527, 0.0527, 0.0526, 0.0527, 0.0526,
         0.0527],
        [0.0526, 0.0527, 0.0526, 0.0525, 0.0526, 0.0526, 0.0526, 0.0527, 0.0526,
         0.0526, 0.0526, 0.0527, 0.0526, 0.0527, 0.0527, 0.0526, 0.0527, 0.0526,
         0.0527]], device='cuda:3', grad_fn=<SliceBackward0>)
Softmax output at epoch 3: tensor([[0.0526, 0.0527, 0.0526, 0.0525, 0.0526, 0.0526, 0.0526, 0.0527, 0.0526,
         0.0526, 0.0526, 0.0527, 0.0526, 0.0527, 0.0527, 0.0526, 0.0527, 0.0526,
         0.0527],
        [0.0526, 0.0527, 0.0526, 0.0525, 0.0526, 0.0526, 0.0526, 0.0527, 0.0526,
         0.0526, 0.0526, 0.0527, 0.0526, 0.0527, 0.0527, 0.0526, 0.0527, 0.0526,
         0.0527],
        [0.0526, 0.0527, 0.0526, 0.0525, 0.0526, 0.0526, 0.0526, 0.0527, 0.0526,
         0.0526, 0.0526, 0.0527, 0.0526, 0.0527, 0.0527, 0.0526, 0.0527, 0.0526,
         0.0527],
        [0.0526, 0.0527, 0.0526, 0.0525, 0.0526, 0.0526, 0.0526, 0.0527, 0.0526,
         0.0526, 0.0526, 0.0527, 0.0526, 0.0527, 0.0527, 0.0526, 0.0527, 0.0526,
         0.0527],
        [0.0526, 0.0527, 0.0526, 0.0525, 0.0526, 0.0526, 0.0526, 0.0527, 0.0526,
         0.0526, 0.0526, 0.0527, 0.0526, 0.0527, 0.0527, 0.0526, 0.0527, 0.0526,
         0.0527]], device='cuda:1', grad_fn=<SliceBackward0>)
pt values at epoch 3: tensor([0.0526, 0.0526, 0.0526, 0.0526, 0.0526], device='cuda:2',
       grad_fn=<SliceBackward0>)
pt values at epoch 3: tensor([0.0526, 0.0526, 0.0526, 0.0526, 0.0526], device='cuda:0',
       grad_fn=<SliceBackward0>)
pt values at epoch 3: tensor([0.0526, 0.0526, 0.0526, 0.0526, 0.0526], device='cuda:3',
       grad_fn=<SliceBackward0>)
pt values at epoch 3: tensor([0.0526, 0.0526, 0.0526, 0.0526, 0.0526], device='cuda:1',
       grad_fn=<SliceBackward0>)
Layer conv1.att_src grad: 1.3376378630631435e-22Layer conv1.att_src grad: 1.3376378630631435e-22Layer conv1.att_src grad: 1.3376378630631435e-22Layer conv1.att_src grad: 1.3376378630631435e-22



Layer conv1.att_dst grad: 5.021319596152116e-23Layer conv1.att_dst grad: 5.021319596152116e-23Layer conv1.att_dst grad: 5.021319596152116e-23


Layer conv1.att_dst grad: 5.021319596152116e-23
Layer conv1.bias grad: 4.0365860674194075e-16Layer conv1.bias grad: 4.0365860674194075e-16
Layer conv1.bias grad: 4.0365860674194075e-16

Layer conv1.bias grad: 4.0365860674194075e-16
Layer conv1.lin.weight grad: 2.356605272032462e-16
Layer conv1.lin.weight grad: 2.356605272032462e-16Layer conv1.lin.weight grad: 2.356605272032462e-16

Layer conv1.lin.weight grad: 2.356605272032462e-16
Layer conv2.att_src grad: 5.040575848620742e-24
Layer conv2.att_src grad: 5.040575848620742e-24Layer conv2.att_src grad: 5.040575848620742e-24

Layer conv2.att_src grad: 5.040575848620742e-24
Layer conv2.att_dst grad: 1.0872965506045964e-24
Layer conv2.att_dst grad: 1.0872965506045964e-24Layer conv2.att_dst grad: 1.0872965506045964e-24

Layer conv2.att_dst grad: 1.0872965506045964e-24
Layer conv2.bias grad: 1.8331602240958395e-14
Layer conv2.bias grad: 1.8331602240958395e-14Layer conv2.bias grad: 1.8331602240958395e-14

Layer conv2.bias grad: 1.8331602240958395e-14
Layer conv2.lin.weight grad: 1.528308329611957e-17
Layer conv2.lin.weight grad: 1.528308329611957e-17
Layer conv2.lin.weight grad: 1.528308329611957e-17
Layer conv3.att_src grad: 3.1248340507130443e-22
Layer conv2.lin.weight grad: 1.528308329611957e-17
Layer conv3.att_src grad: 3.1248340507130443e-22
Layer conv3.att_src grad: 3.1248340507130443e-22
Layer conv3.att_dst grad: 1.2523549310150414e-22
Layer conv3.att_dst grad: 1.2523549310150414e-22Layer conv3.att_src grad: 3.1248340507130443e-22
Layer conv3.att_dst grad: 1.2523549310150414e-22

Layer conv3.bias grad: 1.4803926313977644e-12
Layer conv3.bias grad: 1.4803926313977644e-12
Layer conv3.bias grad: 1.4803926313977644e-12
Layer conv3.att_dst grad: 1.2523549310150414e-22
Layer conv3.lin.weight grad: 8.063762128190412e-16
Layer conv3.lin.weight grad: 8.063762128190412e-16
Layer conv3.lin.weight grad: 8.063762128190412e-16
Layer conv3.bias grad: 1.4803926313977644e-12
Layer conv4.att_src grad: 8.530098118561361e-21
Layer conv4.att_src grad: 8.530098118561361e-21
Layer conv4.att_src grad: 8.530098118561361e-21
Layer conv4.att_dst grad: 3.544913211251544e-21
Layer conv3.lin.weight grad: 8.063762128190412e-16
Layer conv4.att_dst grad: 3.544913211251544e-21
Layer conv4.att_dst grad: 3.544913211251544e-21
Layer conv4.bias grad: 9.636432624082758e-11
Layer conv4.bias grad: 9.636432624082758e-11Layer conv4.att_src grad: 8.530098118561361e-21

Layer conv4.bias grad: 9.636432624082758e-11
Layer conv4.lin.weight grad: 5.826919892773508e-14
Layer conv4.lin.weight grad: 5.826919892773508e-14Layer conv4.att_dst grad: 3.544913211251544e-21

Layer conv4.lin.weight grad: 5.826919892773508e-14
Layer fc.weight grad: 2.5584324589433827e-11
Layer fc.weight grad: 2.5584324589433827e-11Layer conv4.bias grad: 9.636432624082758e-11

Layer fc.weight grad: 2.5584324589433827e-11
Layer fc.bias grad: 4.9903821519592384e-08
Layer fc.bias grad: 4.9903821519592384e-08
Layer fc.bias grad: 4.9903821519592384e-08
Layer conv4.lin.weight grad: 5.826919892773508e-14
Layer fc.weight grad: 2.5584324589433827e-11
Layer fc.bias grad: 4.9903821519592384e-08
Softmax output at epoch 3: tensor([[0.0526, 0.0527, 0.0526, 0.0526, 0.0526, 0.0526, 0.0526, 0.0527, 0.0526,
         0.0526, 0.0526, 0.0527, 0.0526, 0.0527, 0.0527, 0.0526, 0.0527, 0.0526,
         0.0527],
        [0.0526, 0.0527, 0.0526, 0.0526, 0.0526, 0.0526, 0.0526, 0.0527, 0.0526,
         0.0526, 0.0526, 0.0527, 0.0526, 0.0527, 0.0527, 0.0526, 0.0527, 0.0526,
         0.0527],
        [0.0526, 0.0527, 0.0526, 0.0526, 0.0526, 0.0526, 0.0526, 0.0527, 0.0526,
         0.0526, 0.0526, 0.0527, 0.0526, 0.0527, 0.0527, 0.0526, 0.0527, 0.0526,
         0.0527],
        [0.0526, 0.0527, 0.0526, 0.0526, 0.0526, 0.0526, 0.0526, 0.0527, 0.0526,
         0.0526, 0.0526, 0.0527, 0.0526, 0.0527, 0.0527, 0.0526, 0.0527, 0.0526,
         0.0527],
        [0.0526, 0.0527, 0.0526, 0.0526, 0.0526, 0.0526, 0.0526, 0.0527, 0.0526,
         0.0526, 0.0526, 0.0527, 0.0526, 0.0527, 0.0527, 0.0526, 0.0527, 0.0526,
         0.0527]], device='cuda:3', grad_fn=<SliceBackward0>)
Softmax output at epoch 3: tensor([[0.0526, 0.0527, 0.0526, 0.0526, 0.0526, 0.0526, 0.0526, 0.0527, 0.0526,
         0.0526, 0.0526, 0.0527, 0.0526, 0.0527, 0.0527, 0.0526, 0.0527, 0.0526,
         0.0527],
        [0.0526, 0.0527, 0.0526, 0.0526, 0.0526, 0.0526, 0.0526, 0.0527, 0.0526,
         0.0526, 0.0526, 0.0527, 0.0526, 0.0527, 0.0527, 0.0526, 0.0527, 0.0526,
         0.0527],
        [0.0526, 0.0527, 0.0526, 0.0526, 0.0526, 0.0526, 0.0526, 0.0527, 0.0526,
         0.0526, 0.0526, 0.0527, 0.0526, 0.0527, 0.0527, 0.0526, 0.0527, 0.0526,
         0.0527],
        [0.0526, 0.0527, 0.0526, 0.0526, 0.0526, 0.0526, 0.0526, 0.0527, 0.0526,
         0.0526, 0.0526, 0.0527, 0.0526, 0.0527, 0.0527, 0.0526, 0.0527, 0.0526,
         0.0527],
        [0.0526, 0.0527, 0.0526, 0.0526, 0.0526, 0.0526, 0.0526, 0.0527, 0.0526,
         0.0526, 0.0526, 0.0527, 0.0526, 0.0527, 0.0527, 0.0526, 0.0527, 0.0526,
         0.0527]], device='cuda:0', grad_fn=<SliceBackward0>)
Softmax output at epoch 3: tensor([[0.0526, 0.0527, 0.0526, 0.0526, 0.0526, 0.0526, 0.0526, 0.0527, 0.0526,
         0.0526, 0.0526, 0.0527, 0.0526, 0.0527, 0.0527, 0.0526, 0.0527, 0.0526,
         0.0527],
        [0.0526, 0.0527, 0.0526, 0.0526, 0.0526, 0.0526, 0.0526, 0.0527, 0.0526,
         0.0526, 0.0526, 0.0527, 0.0526, 0.0527, 0.0527, 0.0526, 0.0527, 0.0526,
         0.0527],
        [0.0526, 0.0527, 0.0526, 0.0526, 0.0526, 0.0526, 0.0526, 0.0527, 0.0526,
         0.0526, 0.0526, 0.0527, 0.0526, 0.0527, 0.0527, 0.0526, 0.0527, 0.0526,
         0.0527],
        [0.0526, 0.0527, 0.0526, 0.0526, 0.0526, 0.0526, 0.0526, 0.0527, 0.0526,
         0.0526, 0.0526, 0.0527, 0.0526, 0.0527, 0.0527, 0.0526, 0.0527, 0.0526,
         0.0527],
        [0.0526, 0.0527, 0.0526, 0.0526, 0.0526, 0.0526, 0.0526, 0.0527, 0.0526,
         0.0526, 0.0526, 0.0527, 0.0526, 0.0527, 0.0527, 0.0526, 0.0527, 0.0526,
         0.0527]], device='cuda:1', grad_fn=<SliceBackward0>)
pt values at epoch 3: tensor([0.0526, 0.0526, 0.0526, 0.0526, 0.0526], device='cuda:3',
       grad_fn=<SliceBackward0>)
pt values at epoch 3: tensor([0.0526, 0.0526, 0.0526, 0.0526, 0.0526], device='cuda:0',
       grad_fn=<SliceBackward0>)
pt values at epoch 3: tensor([0.0526, 0.0526, 0.0526, 0.0526, 0.0526], device='cuda:1',
       grad_fn=<SliceBackward0>)
Softmax output at epoch 3: tensor([[0.0526, 0.0527, 0.0526, 0.0526, 0.0526, 0.0526, 0.0526, 0.0527, 0.0526,
         0.0526, 0.0526, 0.0527, 0.0526, 0.0527, 0.0527, 0.0526, 0.0527, 0.0526,
         0.0527],
        [0.0526, 0.0527, 0.0526, 0.0526, 0.0526, 0.0526, 0.0526, 0.0527, 0.0526,
         0.0526, 0.0526, 0.0527, 0.0526, 0.0527, 0.0527, 0.0526, 0.0527, 0.0526,
         0.0527],
        [0.0526, 0.0527, 0.0526, 0.0526, 0.0526, 0.0526, 0.0526, 0.0527, 0.0526,
         0.0526, 0.0526, 0.0527, 0.0526, 0.0527, 0.0527, 0.0526, 0.0527, 0.0526,
         0.0527],
        [0.0526, 0.0527, 0.0526, 0.0526, 0.0526, 0.0526, 0.0526, 0.0527, 0.0526,
         0.0526, 0.0526, 0.0527, 0.0526, 0.0527, 0.0527, 0.0526, 0.0527, 0.0526,
         0.0527],
        [0.0526, 0.0527, 0.0526, 0.0526, 0.0526, 0.0526, 0.0526, 0.0527, 0.0526,
         0.0526, 0.0526, 0.0527, 0.0526, 0.0527, 0.0527, 0.0526, 0.0527, 0.0526,
         0.0527]], device='cuda:2', grad_fn=<SliceBackward0>)
pt values at epoch 3: tensor([0.0526, 0.0526, 0.0526, 0.0526, 0.0526], device='cuda:2',
       grad_fn=<SliceBackward0>)
Layer conv1.att_src grad: 9.311083036504647e-25Layer conv1.att_src grad: 9.311083036504647e-25Layer conv1.att_src grad: 9.311083036504647e-25
Layer conv1.att_src grad: 9.311083036504647e-25


Layer conv1.att_dst grad: 5.0795641155699324e-26Layer conv1.att_dst grad: 5.0795641155699324e-26
Layer conv1.att_dst grad: 5.0795641155699324e-26

Layer conv1.att_dst grad: 5.0795641155699324e-26
Layer conv1.bias grad: 6.671024697421731e-18Layer conv1.bias grad: 6.671024697421731e-18

Layer conv1.bias grad: 6.671024697421731e-18
Layer conv1.bias grad: 6.671024697421731e-18
Layer conv1.lin.weight grad: 4.665811506778859e-18Layer conv1.lin.weight grad: 4.665811506778859e-18

Layer conv1.lin.weight grad: 4.665811506778859e-18
Layer conv1.lin.weight grad: 4.665811506778859e-18
Layer conv2.att_src grad: 6.74769508650292e-27Layer conv2.att_src grad: 6.74769508650292e-27
Layer conv2.att_src grad: 6.74769508650292e-27

Layer conv2.att_src grad: 6.74769508650292e-27
Layer conv2.att_dst grad: 4.296209675171517e-27
Layer conv2.att_dst grad: 4.296209675171517e-27Layer conv2.att_dst grad: 4.296209675171517e-27

Layer conv2.att_dst grad: 4.296209675171517e-27Layer conv2.bias grad: 8.180080927672109e-16

Layer conv2.bias grad: 8.180080927672109e-16Layer conv2.bias grad: 8.180080927672109e-16

Layer conv2.bias grad: 8.180080927672109e-16
Layer conv2.lin.weight grad: 3.137940672992881e-19
Layer conv2.lin.weight grad: 3.137940672992881e-19Layer conv2.lin.weight grad: 3.137940672992881e-19

Layer conv3.att_src grad: 7.16751721520438e-25
Layer conv3.att_src grad: 7.16751721520438e-25Layer conv2.lin.weight grad: 3.137940672992881e-19Layer conv3.att_src grad: 7.16751721520438e-25


Layer conv3.att_dst grad: 1.6294209192013306e-25
Layer conv3.att_dst grad: 1.6294209192013306e-25
Layer conv3.att_dst grad: 1.6294209192013306e-25
Layer conv3.att_src grad: 7.16751721520438e-25
Layer conv3.bias grad: 1.76249938038317e-13
Layer conv3.bias grad: 1.76249938038317e-13
Layer conv3.bias grad: 1.76249938038317e-13
Layer conv3.att_dst grad: 1.6294209192013306e-25
Layer conv3.lin.weight grad: 3.0758853352849693e-17
Layer conv3.lin.weight grad: 3.0758853352849693e-17
Layer conv3.lin.weight grad: 3.0758853352849693e-17
Layer conv3.bias grad: 1.76249938038317e-13
Layer conv4.att_src grad: 7.164097739838519e-23
Layer conv4.att_src grad: 7.164097739838519e-23
Layer conv4.att_src grad: 7.164097739838519e-23
Layer conv4.att_dst grad: 2.0589015613056927e-23Layer conv3.lin.weight grad: 3.0758853352849693e-17

Layer conv4.att_dst grad: 2.0589015613056927e-23
Layer conv4.att_dst grad: 2.0589015613056927e-23
Layer conv4.bias grad: 3.1596343597062315e-11
Layer conv4.bias grad: 3.1596343597062315e-11
Layer conv4.bias grad: 3.1596343597062315e-11Layer conv4.att_src grad: 7.164097739838519e-23

Layer conv4.lin.weight grad: 6.3155081479141645e-15Layer conv4.lin.weight grad: 6.3155081479141645e-15

Layer conv4.lin.weight grad: 6.3155081479141645e-15Layer conv4.att_dst grad: 2.0589015613056927e-23

Layer fc.weight grad: 5.674568454017148e-12Layer fc.weight grad: 5.674568454017148e-12

Layer fc.weight grad: 5.674568454017148e-12
Layer conv4.bias grad: 3.1596343597062315e-11
Layer fc.bias grad: 3.375382107151381e-08Layer fc.bias grad: 3.375382107151381e-08

Layer fc.bias grad: 3.375382107151381e-08
Layer conv4.lin.weight grad: 6.3155081479141645e-15
Layer fc.weight grad: 5.674568454017148e-12
Layer fc.bias grad: 3.375382107151381e-08
Softmax output at epoch 3: tensor([[0.0526, 0.0526, 0.0526, 0.0526, 0.0526, 0.0527, 0.0527, 0.0526, 0.0526,
         0.0526, 0.0527, 0.0526, 0.0526, 0.0526, 0.0526, 0.0527, 0.0526, 0.0527,
         0.0526],
        [0.0526, 0.0526, 0.0526, 0.0526, 0.0526, 0.0527, 0.0527, 0.0526, 0.0526,
         0.0526, 0.0527, 0.0526, 0.0526, 0.0526, 0.0526, 0.0527, 0.0526, 0.0527,
         0.0526],
        [0.0526, 0.0526, 0.0526, 0.0526, 0.0526, 0.0527, 0.0527, 0.0526, 0.0526,
         0.0526, 0.0527, 0.0526, 0.0526, 0.0526, 0.0526, 0.0527, 0.0526, 0.0527,
         0.0526],
        [0.0526, 0.0526, 0.0526, 0.0526, 0.0526, 0.0527, 0.0527, 0.0526, 0.0526,
         0.0526, 0.0527, 0.0526, 0.0526, 0.0526, 0.0526, 0.0527, 0.0526, 0.0527,
         0.0526],
        [0.0526, 0.0526, 0.0526, 0.0526, 0.0526, 0.0527, 0.0527, 0.0526, 0.0526,
         0.0526, 0.0527, 0.0526, 0.0526, 0.0526, 0.0526, 0.0527, 0.0526, 0.0527,
         0.0526]], device='cuda:3', grad_fn=<SliceBackward0>)
Softmax output at epoch 3: tensor([[0.0526, 0.0526, 0.0526, 0.0526, 0.0526, 0.0527, 0.0527, 0.0526, 0.0526,
         0.0526, 0.0527, 0.0526, 0.0526, 0.0526, 0.0526, 0.0527, 0.0526, 0.0527,
         0.0526],
        [0.0526, 0.0526, 0.0526, 0.0526, 0.0526, 0.0527, 0.0527, 0.0526, 0.0526,
         0.0526, 0.0527, 0.0526, 0.0526, 0.0526, 0.0526, 0.0527, 0.0526, 0.0527,
         0.0526],
        [0.0526, 0.0526, 0.0526, 0.0526, 0.0526, 0.0527, 0.0527, 0.0526, 0.0526,
         0.0526, 0.0527, 0.0526, 0.0526, 0.0526, 0.0526, 0.0527, 0.0526, 0.0527,
         0.0526],
        [0.0526, 0.0526, 0.0526, 0.0526, 0.0526, 0.0527, 0.0527, 0.0526, 0.0526,
         0.0526, 0.0527, 0.0526, 0.0526, 0.0526, 0.0526, 0.0527, 0.0526, 0.0527,
         0.0526],
        [0.0526, 0.0526, 0.0526, 0.0526, 0.0526, 0.0527, 0.0527, 0.0526, 0.0526,
         0.0526, 0.0527, 0.0526, 0.0526, 0.0526, 0.0526, 0.0527, 0.0526, 0.0527,
         0.0526]], device='cuda:0', grad_fn=<SliceBackward0>)Softmax output at epoch 3: tensor([[0.0526, 0.0526, 0.0526, 0.0526, 0.0526, 0.0527, 0.0527, 0.0526, 0.0526,
         0.0526, 0.0527, 0.0526, 0.0526, 0.0526, 0.0526, 0.0527, 0.0526, 0.0527,
         0.0526],
        [0.0526, 0.0526, 0.0526, 0.0526, 0.0526, 0.0527, 0.0527, 0.0526, 0.0526,
         0.0526, 0.0527, 0.0526, 0.0526, 0.0526, 0.0526, 0.0527, 0.0526, 0.0527,
         0.0526],
        [0.0526, 0.0526, 0.0526, 0.0526, 0.0526, 0.0527, 0.0527, 0.0526, 0.0526,
         0.0526, 0.0527, 0.0526, 0.0526, 0.0526, 0.0526, 0.0527, 0.0526, 0.0527,
         0.0526],
        [0.0526, 0.0526, 0.0526, 0.0526, 0.0526, 0.0527, 0.0527, 0.0526, 0.0526,
         0.0526, 0.0527, 0.0526, 0.0526, 0.0526, 0.0526, 0.0527, 0.0526, 0.0527,
         0.0526],
        [0.0526, 0.0526, 0.0526, 0.0526, 0.0526, 0.0527, 0.0527, 0.0526, 0.0526,
         0.0526, 0.0527, 0.0526, 0.0526, 0.0526, 0.0526, 0.0527, 0.0526, 0.0527,
         0.0526]], device='cuda:1', grad_fn=<SliceBackward0>)

pt values at epoch 3: tensor([0.0526, 0.0526, 0.0526, 0.0526, 0.0526], device='cuda:3',
       grad_fn=<SliceBackward0>)
pt values at epoch 3: tensor([0.0526, 0.0526, 0.0526, 0.0526, 0.0526], device='cuda:0',
       grad_fn=<SliceBackward0>)pt values at epoch 3: tensor([0.0526, 0.0526, 0.0526, 0.0526, 0.0526], device='cuda:1',
       grad_fn=<SliceBackward0>)

Softmax output at epoch 3: tensor([[0.0526, 0.0526, 0.0526, 0.0526, 0.0526, 0.0527, 0.0527, 0.0526, 0.0526,
         0.0526, 0.0527, 0.0526, 0.0526, 0.0526, 0.0526, 0.0527, 0.0526, 0.0527,
         0.0526],
        [0.0526, 0.0526, 0.0526, 0.0526, 0.0526, 0.0527, 0.0527, 0.0526, 0.0526,
         0.0526, 0.0527, 0.0526, 0.0526, 0.0526, 0.0526, 0.0527, 0.0526, 0.0527,
         0.0526],
        [0.0526, 0.0526, 0.0526, 0.0526, 0.0526, 0.0527, 0.0527, 0.0526, 0.0526,
         0.0526, 0.0527, 0.0526, 0.0526, 0.0526, 0.0526, 0.0527, 0.0526, 0.0527,
         0.0526],
        [0.0526, 0.0526, 0.0526, 0.0526, 0.0526, 0.0527, 0.0527, 0.0526, 0.0526,
         0.0526, 0.0527, 0.0526, 0.0526, 0.0526, 0.0526, 0.0527, 0.0526, 0.0527,
         0.0526],
        [0.0526, 0.0526, 0.0526, 0.0526, 0.0526, 0.0527, 0.0527, 0.0526, 0.0526,
         0.0526, 0.0527, 0.0526, 0.0526, 0.0526, 0.0526, 0.0527, 0.0526, 0.0527,
         0.0526]], device='cuda:2', grad_fn=<SliceBackward0>)
pt values at epoch 3: tensor([0.0526, 0.0526, 0.0526, 0.0526, 0.0526], device='cuda:2',
       grad_fn=<SliceBackward0>)
Layer conv1.att_src grad: 1.860735520951377e-24Layer conv1.att_src grad: 1.860735520951377e-24Layer conv1.att_src grad: 1.860735520951377e-24


Layer conv1.att_dst grad: 1.3845422979202682e-24
Layer conv1.att_dst grad: 1.3845422979202682e-24
Layer conv1.att_dst grad: 1.3845422979202682e-24
Layer conv1.bias grad: 6.421257511461345e-17
Layer conv1.bias grad: 6.421257511461345e-17
Layer conv1.bias grad: 6.421257511461345e-17
Layer conv1.lin.weight grad: 3.7910428627134106e-17
Layer conv1.lin.weight grad: 3.7910428627134106e-17
Layer conv1.lin.weight grad: 3.7910428627134106e-17Layer conv2.att_src grad: 4.9237036896257266e-26

Layer conv2.att_src grad: 4.9237036896257266e-26
Layer conv2.att_dst grad: 6.3010307174987094e-27
Layer conv2.att_src grad: 4.9237036896257266e-26
Layer conv2.att_dst grad: 6.3010307174987094e-27
Layer conv2.bias grad: 9.104699551796061e-15
Layer conv2.att_dst grad: 6.3010307174987094e-27
Layer conv2.bias grad: 9.104699551796061e-15
Layer conv2.lin.weight grad: 2.6033206082100586e-18
Layer conv2.bias grad: 9.104699551796061e-15
Layer conv3.att_src grad: 3.507243635745957e-24Layer conv1.att_src grad: 1.860735520951377e-24Layer conv2.lin.weight grad: 2.6033206082100586e-18


Layer conv3.att_dst grad: 9.890293309325728e-25
Layer conv2.lin.weight grad: 2.6033206082100586e-18
Layer conv3.att_src grad: 3.507243635745957e-24Layer conv1.att_dst grad: 1.3845422979202682e-24

Layer conv3.bias grad: 1.576855074465755e-12
Layer conv3.att_src grad: 3.507243635745957e-24Layer conv1.bias grad: 6.421257511461345e-17Layer conv3.att_dst grad: 9.890293309325728e-25


Layer conv3.lin.weight grad: 3.706565884603575e-16
Layer conv3.bias grad: 1.576855074465755e-12Layer conv3.att_dst grad: 9.890293309325728e-25Layer conv1.lin.weight grad: 3.7910428627134106e-17


Layer conv4.att_src grad: 4.465123369941944e-22
Layer conv4.att_dst grad: 1.4808814981525819e-22Layer conv2.att_src grad: 4.9237036896257266e-26

Layer conv3.bias grad: 1.576855074465755e-12Layer conv3.lin.weight grad: 3.706565884603575e-16

Layer conv4.bias grad: 2.770190188350341e-10
Layer conv2.att_dst grad: 6.3010307174987094e-27
Layer conv4.att_src grad: 4.465123369941944e-22
Layer conv3.lin.weight grad: 3.706565884603575e-16
Layer conv2.bias grad: 9.104699551796061e-15Layer conv4.lin.weight grad: 5.90013403260238e-14

Layer conv4.att_dst grad: 1.4808814981525819e-22
Layer fc.weight grad: 6.48529424607247e-11Layer conv4.att_src grad: 4.465123369941944e-22

Layer conv2.lin.weight grad: 2.6033206082100586e-18
Layer conv4.bias grad: 2.770190188350341e-10
Layer fc.bias grad: 2.584106368885841e-07
Layer conv4.att_dst grad: 1.4808814981525819e-22Layer conv3.att_src grad: 3.507243635745957e-24

Layer conv4.lin.weight grad: 5.90013403260238e-14
Layer conv3.att_dst grad: 9.890293309325728e-25
Layer conv4.bias grad: 2.770190188350341e-10
Layer fc.weight grad: 6.48529424607247e-11
Layer conv3.bias grad: 1.576855074465755e-12
Layer fc.bias grad: 2.584106368885841e-07
Layer conv4.lin.weight grad: 5.90013403260238e-14
Layer conv3.lin.weight grad: 3.706565884603575e-16
Layer conv4.att_src grad: 4.465123369941944e-22Layer fc.weight grad: 6.48529424607247e-11

Layer conv4.att_dst grad: 1.4808814981525819e-22
Layer fc.bias grad: 2.584106368885841e-07
Layer conv4.bias grad: 2.770190188350341e-10
Layer conv4.lin.weight grad: 5.90013403260238e-14
Layer fc.weight grad: 6.48529424607247e-11
Layer fc.bias grad: 2.584106368885841e-07
Precision: 0.0000, Recall: 0.0003, F1-Score: 0.0000
Fold 4, Epoch 3, Train Loss: 0.0000, Val Loss: 0.0000, Val Acc: 0.0004
Completed Fold 4
Starting Fold 5
Class weights: [2.12621917e-07 5.63380282e-04 5.40540541e-04 5.47945205e-04
 5.63380282e-04 5.63380282e-04 5.33333333e-04 5.79710145e-04
 6.25000000e-04 5.55555556e-04 5.47945205e-04 5.12820513e-04
 5.47945205e-04 5.26315789e-04 5.40540541e-04 6.06060606e-04
 6.06060606e-04 5.40540541e-04 5.26315789e-04]
Class weights: [2.12621917e-07 5.63380282e-04 5.40540541e-04 5.47945205e-04
 5.63380282e-04 5.63380282e-04 5.33333333e-04 5.79710145e-04
 6.25000000e-04 5.55555556e-04 5.47945205e-04 5.12820513e-04
 5.47945205e-04 5.26315789e-04 5.40540541e-04 6.06060606e-04
 6.06060606e-04 5.40540541e-04 5.26315789e-04]
Class weights: [2.12621917e-07 5.63380282e-04 5.40540541e-04 5.47945205e-04
 5.63380282e-04 5.63380282e-04 5.33333333e-04 5.79710145e-04
 6.25000000e-04 5.55555556e-04 5.47945205e-04 5.12820513e-04
 5.47945205e-04 5.26315789e-04 5.40540541e-04 6.06060606e-04
 6.06060606e-04 5.40540541e-04 5.26315789e-04]
Class weights: [2.12621917e-07 5.63380282e-04 5.40540541e-04 5.47945205e-04
 5.63380282e-04 5.63380282e-04 5.33333333e-04 5.79710145e-04
 6.25000000e-04 5.55555556e-04 5.47945205e-04 5.12820513e-04
 5.47945205e-04 5.26315789e-04 5.40540541e-04 6.06060606e-04
 6.06060606e-04 5.40540541e-04 5.26315789e-04]
Class weights: [8.50487670e-07 2.10526316e-03 2.50000000e-03 2.35294118e-03
 2.10526316e-03 2.10526316e-03 2.66666667e-03 1.90476190e-03
 1.53846154e-03 2.22222222e-03 2.35294118e-03 3.33333333e-03
 2.35294118e-03 2.85714286e-03 2.50000000e-03 1.66666667e-03
 1.66666667e-03 2.50000000e-03 2.85714286e-03]
Class weights: [8.50487670e-07 2.10526316e-03 2.50000000e-03 2.35294118e-03
 2.10526316e-03 2.10526316e-03 2.66666667e-03 1.90476190e-03
 1.53846154e-03 2.22222222e-03 2.35294118e-03 3.33333333e-03
 2.35294118e-03 2.85714286e-03 2.50000000e-03 1.66666667e-03
 1.66666667e-03 2.50000000e-03 2.85714286e-03]
Class weights: [8.50487670e-07 2.10526316e-03 2.50000000e-03 2.35294118e-03
 2.10526316e-03 2.10526316e-03 2.66666667e-03 1.90476190e-03
 1.53846154e-03 2.22222222e-03 2.35294118e-03 3.33333333e-03
 2.35294118e-03 2.85714286e-03 2.50000000e-03 1.66666667e-03
 1.66666667e-03 2.50000000e-03 2.85714286e-03]
Softmax output at epoch 1: tensor([[0.0527, 0.0526, 0.0527, 0.0526, 0.0527, 0.0527, 0.0527, 0.0526, 0.0527,
         0.0526, 0.0527, 0.0526, 0.0526, 0.0526, 0.0526, 0.0527, 0.0526, 0.0527,
         0.0526],
        [0.0527, 0.0526, 0.0527, 0.0526, 0.0527, 0.0527, 0.0527, 0.0526, 0.0527,
         0.0526, 0.0527, 0.0526, 0.0526, 0.0526, 0.0526, 0.0527, 0.0526, 0.0527,
         0.0526],
        [0.0527, 0.0526, 0.0527, 0.0526, 0.0527, 0.0527, 0.0527, 0.0526, 0.0527,
         0.0526, 0.0527, 0.0526, 0.0526, 0.0526, 0.0526, 0.0527, 0.0526, 0.0527,
         0.0526],
        [0.0527, 0.0526, 0.0527, 0.0526, 0.0527, 0.0527, 0.0527, 0.0526, 0.0527,
         0.0526, 0.0527, 0.0526, 0.0526, 0.0526, 0.0526, 0.0527, 0.0526, 0.0527,
         0.0526],
        [0.0527, 0.0526, 0.0527, 0.0526, 0.0527, 0.0527, 0.0527, 0.0526, 0.0527,
         0.0526, 0.0527, 0.0526, 0.0526, 0.0526, 0.0526, 0.0527, 0.0526, 0.0527,
         0.0526]], device='cuda:1', grad_fn=<SliceBackward0>)
pt values at epoch 1: tensor([0.0527, 0.0527, 0.0527, 0.0527, 0.0527], device='cuda:1',
       grad_fn=<SliceBackward0>)
Softmax output at epoch 1: tensor([[0.0527, 0.0526, 0.0527, 0.0526, 0.0527, 0.0527, 0.0527, 0.0526, 0.0527,
         0.0526, 0.0527, 0.0526, 0.0526, 0.0526, 0.0526, 0.0527, 0.0526, 0.0527,
         0.0526],
        [0.0527, 0.0526, 0.0527, 0.0526, 0.0527, 0.0527, 0.0527, 0.0526, 0.0527,
         0.0526, 0.0527, 0.0526, 0.0526, 0.0526, 0.0526, 0.0527, 0.0526, 0.0527,
         0.0526],
        [0.0527, 0.0526, 0.0527, 0.0526, 0.0527, 0.0527, 0.0527, 0.0526, 0.0527,
         0.0526, 0.0527, 0.0526, 0.0526, 0.0526, 0.0526, 0.0527, 0.0526, 0.0527,
         0.0526],
        [0.0527, 0.0526, 0.0527, 0.0526, 0.0527, 0.0527, 0.0527, 0.0526, 0.0527,
         0.0526, 0.0527, 0.0526, 0.0526, 0.0526, 0.0526, 0.0527, 0.0526, 0.0527,
         0.0526],
        [0.0527, 0.0526, 0.0527, 0.0526, 0.0527, 0.0527, 0.0527, 0.0526, 0.0527,
         0.0526, 0.0527, 0.0526, 0.0526, 0.0526, 0.0526, 0.0527, 0.0526, 0.0527,
         0.0526]], device='cuda:2', grad_fn=<SliceBackward0>)
pt values at epoch 1: tensor([0.0527, 0.0527, 0.0527, 0.0527, 0.0527], device='cuda:2',
       grad_fn=<SliceBackward0>)
Softmax output at epoch 1: tensor([[0.0527, 0.0526, 0.0527, 0.0526, 0.0527, 0.0527, 0.0527, 0.0526, 0.0527,
         0.0526, 0.0527, 0.0526, 0.0526, 0.0526, 0.0526, 0.0527, 0.0526, 0.0527,
         0.0526],
        [0.0527, 0.0526, 0.0527, 0.0526, 0.0527, 0.0527, 0.0527, 0.0526, 0.0527,
         0.0526, 0.0527, 0.0526, 0.0526, 0.0526, 0.0526, 0.0527, 0.0526, 0.0527,
         0.0526],
        [0.0527, 0.0526, 0.0527, 0.0526, 0.0527, 0.0527, 0.0527, 0.0526, 0.0527,
         0.0526, 0.0527, 0.0526, 0.0526, 0.0526, 0.0526, 0.0527, 0.0526, 0.0527,
         0.0526],
        [0.0527, 0.0526, 0.0527, 0.0526, 0.0527, 0.0527, 0.0527, 0.0526, 0.0527,
         0.0526, 0.0527, 0.0526, 0.0526, 0.0526, 0.0526, 0.0527, 0.0526, 0.0527,
         0.0526],
        [0.0527, 0.0526, 0.0527, 0.0526, 0.0527, 0.0527, 0.0527, 0.0526, 0.0527,
         0.0526, 0.0527, 0.0526, 0.0526, 0.0526, 0.0526, 0.0527, 0.0526, 0.0527,
         0.0526]], device='cuda:3', grad_fn=<SliceBackward0>)
pt values at epoch 1: tensor([0.0527, 0.0527, 0.0527, 0.0527, 0.0527], device='cuda:3',
       grad_fn=<SliceBackward0>)
Class weights: [8.50487670e-07 2.10526316e-03 2.50000000e-03 2.35294118e-03
 2.10526316e-03 2.10526316e-03 2.66666667e-03 1.90476190e-03
 1.53846154e-03 2.22222222e-03 2.35294118e-03 3.33333333e-03
 2.35294118e-03 2.85714286e-03 2.50000000e-03 1.66666667e-03
 1.66666667e-03 2.50000000e-03 2.85714286e-03]
Softmax output at epoch 1: tensor([[0.0527, 0.0526, 0.0527, 0.0526, 0.0527, 0.0527, 0.0527, 0.0526, 0.0527,
         0.0526, 0.0527, 0.0526, 0.0526, 0.0526, 0.0526, 0.0527, 0.0526, 0.0527,
         0.0526],
        [0.0527, 0.0526, 0.0527, 0.0526, 0.0527, 0.0527, 0.0527, 0.0526, 0.0527,
         0.0526, 0.0527, 0.0526, 0.0526, 0.0526, 0.0526, 0.0527, 0.0526, 0.0527,
         0.0526],
        [0.0527, 0.0526, 0.0527, 0.0526, 0.0527, 0.0527, 0.0527, 0.0526, 0.0527,
         0.0526, 0.0527, 0.0526, 0.0526, 0.0526, 0.0526, 0.0527, 0.0526, 0.0527,
         0.0526],
        [0.0527, 0.0526, 0.0527, 0.0526, 0.0527, 0.0527, 0.0527, 0.0526, 0.0527,
         0.0526, 0.0527, 0.0526, 0.0526, 0.0526, 0.0526, 0.0527, 0.0526, 0.0527,
         0.0526],
        [0.0527, 0.0526, 0.0527, 0.0526, 0.0527, 0.0527, 0.0527, 0.0526, 0.0527,
         0.0526, 0.0527, 0.0526, 0.0526, 0.0526, 0.0526, 0.0527, 0.0526, 0.0527,
         0.0526]], device='cuda:0', grad_fn=<SliceBackward0>)
pt values at epoch 1: tensor([0.0527, 0.0527, 0.0527, 0.0527, 0.0527], device='cuda:0',
       grad_fn=<SliceBackward0>)
Layer conv1.att_src grad: 6.912133042356031e-23Layer conv1.att_src grad: 6.912133042356031e-23Layer conv1.att_src grad: 6.912133042356031e-23Layer conv1.att_src grad: 6.912133042356031e-23



Layer conv1.att_dst grad: 4.2629106151388075e-23Layer conv1.att_dst grad: 4.2629106151388075e-23Layer conv1.att_dst grad: 4.2629106151388075e-23
Layer conv1.att_dst grad: 4.2629106151388075e-23


Layer conv1.bias grad: 3.5004618574107184e-16
Layer conv1.bias grad: 3.5004618574107184e-16Layer conv1.bias grad: 3.5004618574107184e-16Layer conv1.bias grad: 3.5004618574107184e-16


Layer conv1.lin.weight grad: 2.0058057828337052e-16Layer conv1.lin.weight grad: 2.0058057828337052e-16
Layer conv1.lin.weight grad: 2.0058057828337052e-16Layer conv1.lin.weight grad: 2.0058057828337052e-16


Layer conv2.att_src grad: 2.1908414664892562e-24
Layer conv2.att_src grad: 2.1908414664892562e-24Layer conv2.att_src grad: 2.1908414664892562e-24
Layer conv2.att_src grad: 2.1908414664892562e-24

Layer conv2.att_dst grad: 2.5814782870065543e-25
Layer conv2.att_dst grad: 2.5814782870065543e-25
Layer conv2.att_dst grad: 2.5814782870065543e-25Layer conv2.att_dst grad: 2.5814782870065543e-25

Layer conv2.bias grad: 1.932155336333702e-14
Layer conv2.bias grad: 1.932155336333702e-14
Layer conv2.bias grad: 1.932155336333702e-14Layer conv2.bias grad: 1.932155336333702e-14

Layer conv2.lin.weight grad: 1.2505999751762641e-17
Layer conv2.lin.weight grad: 1.2505999751762641e-17
Layer conv2.lin.weight grad: 1.2505999751762641e-17Layer conv2.lin.weight grad: 1.2505999751762641e-17

Layer conv3.att_src grad: 7.265989538711761e-23
Layer conv3.att_src grad: 7.265989538711761e-23
Layer conv3.att_src grad: 7.265989538711761e-23Layer conv3.att_src grad: 7.265989538711761e-23

Layer conv3.att_dst grad: 3.584899813230728e-23
Layer conv3.att_dst grad: 3.584899813230728e-23
Layer conv3.att_dst grad: 3.584899813230728e-23Layer conv3.att_dst grad: 3.584899813230728e-23

Layer conv3.bias grad: 1.4514140757315719e-12
Layer conv3.bias grad: 1.4514140757315719e-12
Layer conv3.bias grad: 1.4514140757315719e-12Layer conv3.bias grad: 1.4514140757315719e-12

Layer conv3.lin.weight grad: 7.765677999161823e-16
Layer conv3.lin.weight grad: 7.765677999161823e-16
Layer conv3.lin.weight grad: 7.765677999161823e-16Layer conv3.lin.weight grad: 7.765677999161823e-16

Layer conv4.att_src grad: 5.909047100716382e-21
Layer conv4.att_src grad: 5.909047100716382e-21
Layer conv4.att_src grad: 5.909047100716382e-21Layer conv4.att_src grad: 5.909047100716382e-21
Layer conv4.att_dst grad: 2.796493481217741e-21

Layer conv4.att_dst grad: 2.796493481217741e-21
Layer conv4.att_dst grad: 2.796493481217741e-21
Layer conv4.att_dst grad: 2.796493481217741e-21Layer conv4.bias grad: 1.2899119272713477e-10

Layer conv4.bias grad: 1.2899119272713477e-10
Layer conv4.bias grad: 1.2899119272713477e-10
Layer conv4.bias grad: 1.2899119272713477e-10
Layer conv4.lin.weight grad: 6.239447977382517e-14Layer conv4.lin.weight grad: 6.239447977382517e-14

Layer conv4.lin.weight grad: 6.239447977382517e-14
Layer conv4.lin.weight grad: 6.239447977382517e-14
Layer fc.weight grad: 2.743995655696274e-11Layer fc.weight grad: 2.743995655696274e-11

Layer fc.weight grad: 2.743995655696274e-11
Layer fc.weight grad: 2.743995655696274e-11
Layer fc.bias grad: 4.8562821319819705e-08Layer fc.bias grad: 4.8562821319819705e-08

Layer fc.bias grad: 4.8562821319819705e-08
Layer fc.bias grad: 4.8562821319819705e-08
Softmax output at epoch 1: tensor([[0.0525, 0.0529, 0.0525, 0.0525, 0.0525, 0.0525, 0.0525, 0.0529, 0.0525,
         0.0525, 0.0525, 0.0529, 0.0525, 0.0529, 0.0529, 0.0525, 0.0529, 0.0525,
         0.0529],
        [0.0525, 0.0529, 0.0525, 0.0525, 0.0525, 0.0525, 0.0525, 0.0529, 0.0525,
         0.0525, 0.0525, 0.0529, 0.0525, 0.0529, 0.0529, 0.0525, 0.0529, 0.0525,
         0.0529],
        [0.0525, 0.0529, 0.0525, 0.0525, 0.0525, 0.0525, 0.0525, 0.0529, 0.0525,
         0.0525, 0.0525, 0.0529, 0.0525, 0.0529, 0.0529, 0.0525, 0.0529, 0.0525,
         0.0529],
        [0.0525, 0.0529, 0.0525, 0.0525, 0.0525, 0.0525, 0.0525, 0.0529, 0.0525,
         0.0525, 0.0525, 0.0529, 0.0525, 0.0529, 0.0529, 0.0525, 0.0529, 0.0525,
         0.0529],
        [0.0525, 0.0529, 0.0525, 0.0525, 0.0525, 0.0525, 0.0525, 0.0529, 0.0525,
         0.0525, 0.0525, 0.0529, 0.0525, 0.0529, 0.0529, 0.0525, 0.0529, 0.0525,
         0.0529]], device='cuda:3', grad_fn=<SliceBackward0>)Softmax output at epoch 1: tensor([[0.0525, 0.0529, 0.0525, 0.0525, 0.0525, 0.0525, 0.0525, 0.0529, 0.0525,
         0.0525, 0.0525, 0.0529, 0.0525, 0.0529, 0.0529, 0.0525, 0.0529, 0.0525,
         0.0529],
        [0.0525, 0.0529, 0.0525, 0.0525, 0.0525, 0.0525, 0.0525, 0.0529, 0.0525,
         0.0525, 0.0525, 0.0529, 0.0525, 0.0529, 0.0529, 0.0525, 0.0529, 0.0525,
         0.0529],
        [0.0525, 0.0529, 0.0525, 0.0525, 0.0525, 0.0525, 0.0525, 0.0529, 0.0525,
         0.0525, 0.0525, 0.0529, 0.0525, 0.0529, 0.0529, 0.0525, 0.0529, 0.0525,
         0.0529],
        [0.0525, 0.0529, 0.0525, 0.0525, 0.0525, 0.0525, 0.0525, 0.0529, 0.0525,
         0.0525, 0.0525, 0.0529, 0.0525, 0.0529, 0.0529, 0.0525, 0.0529, 0.0525,
         0.0529],
        [0.0525, 0.0529, 0.0525, 0.0525, 0.0525, 0.0525, 0.0525, 0.0529, 0.0525,
         0.0525, 0.0525, 0.0529, 0.0525, 0.0529, 0.0529, 0.0525, 0.0529, 0.0525,
         0.0529]], device='cuda:2', grad_fn=<SliceBackward0>)

Softmax output at epoch 1: tensor([[0.0525, 0.0529, 0.0525, 0.0525, 0.0525, 0.0525, 0.0525, 0.0529, 0.0525,
         0.0525, 0.0525, 0.0529, 0.0525, 0.0529, 0.0529, 0.0525, 0.0529, 0.0525,
         0.0529],
        [0.0525, 0.0529, 0.0525, 0.0525, 0.0525, 0.0525, 0.0525, 0.0529, 0.0525,
         0.0525, 0.0525, 0.0529, 0.0525, 0.0529, 0.0529, 0.0525, 0.0529, 0.0525,
         0.0529],
        [0.0525, 0.0529, 0.0525, 0.0525, 0.0525, 0.0525, 0.0525, 0.0529, 0.0525,
         0.0525, 0.0525, 0.0529, 0.0525, 0.0529, 0.0529, 0.0525, 0.0529, 0.0525,
         0.0529],
        [0.0525, 0.0529, 0.0525, 0.0525, 0.0525, 0.0525, 0.0525, 0.0529, 0.0525,
         0.0525, 0.0525, 0.0529, 0.0525, 0.0529, 0.0529, 0.0525, 0.0529, 0.0525,
         0.0529],
        [0.0525, 0.0529, 0.0525, 0.0525, 0.0525, 0.0525, 0.0525, 0.0529, 0.0525,
         0.0525, 0.0525, 0.0529, 0.0525, 0.0529, 0.0529, 0.0525, 0.0529, 0.0525,
         0.0529]], device='cuda:1', grad_fn=<SliceBackward0>)
pt values at epoch 1: tensor([0.0525, 0.0525, 0.0525, 0.0525, 0.0525], device='cuda:2',
       grad_fn=<SliceBackward0>)pt values at epoch 1: tensor([0.0525, 0.0525, 0.0525, 0.0525, 0.0525], device='cuda:3',
       grad_fn=<SliceBackward0>)

pt values at epoch 1: tensor([0.0525, 0.0525, 0.0525, 0.0525, 0.0525], device='cuda:1',
       grad_fn=<SliceBackward0>)
Softmax output at epoch 1: tensor([[0.0525, 0.0529, 0.0525, 0.0525, 0.0525, 0.0525, 0.0525, 0.0529, 0.0525,
         0.0525, 0.0525, 0.0529, 0.0525, 0.0529, 0.0529, 0.0525, 0.0529, 0.0525,
         0.0529],
        [0.0525, 0.0529, 0.0525, 0.0525, 0.0525, 0.0525, 0.0525, 0.0529, 0.0525,
         0.0525, 0.0525, 0.0529, 0.0525, 0.0529, 0.0529, 0.0525, 0.0529, 0.0525,
         0.0529],
        [0.0525, 0.0529, 0.0525, 0.0525, 0.0525, 0.0525, 0.0525, 0.0529, 0.0525,
         0.0525, 0.0525, 0.0529, 0.0525, 0.0529, 0.0529, 0.0525, 0.0529, 0.0525,
         0.0529],
        [0.0525, 0.0529, 0.0525, 0.0525, 0.0525, 0.0525, 0.0525, 0.0529, 0.0525,
         0.0525, 0.0525, 0.0529, 0.0525, 0.0529, 0.0529, 0.0525, 0.0529, 0.0525,
         0.0529],
        [0.0525, 0.0529, 0.0525, 0.0525, 0.0525, 0.0525, 0.0525, 0.0529, 0.0525,
         0.0525, 0.0525, 0.0529, 0.0525, 0.0529, 0.0529, 0.0525, 0.0529, 0.0525,
         0.0529]], device='cuda:0', grad_fn=<SliceBackward0>)
pt values at epoch 1: tensor([0.0525, 0.0525, 0.0525, 0.0525, 0.0525], device='cuda:0',
       grad_fn=<SliceBackward0>)
Layer conv1.att_src grad: 1.71753481794432e-19Layer conv1.att_src grad: 1.71753481794432e-19Layer conv1.att_src grad: 1.71753481794432e-19Layer conv1.att_src grad: 1.71753481794432e-19



Layer conv1.att_dst grad: 2.101677720596145e-21Layer conv1.att_dst grad: 2.101677720596145e-21Layer conv1.att_dst grad: 2.101677720596145e-21Layer conv1.att_dst grad: 2.101677720596145e-21



Layer conv1.bias grad: 5.787057844649363e-14Layer conv1.bias grad: 5.787057844649363e-14
Layer conv1.bias grad: 5.787057844649363e-14
Layer conv1.bias grad: 5.787057844649363e-14

Layer conv1.lin.weight grad: 3.463587516837688e-14
Layer conv1.lin.weight grad: 3.463587516837688e-14
Layer conv1.lin.weight grad: 3.463587516837688e-14Layer conv1.lin.weight grad: 3.463587516837688e-14

Layer conv2.att_src grad: 2.7639884739289963e-20
Layer conv2.att_src grad: 2.7639884739289963e-20
Layer conv2.att_src grad: 2.7639884739289963e-20Layer conv2.att_src grad: 2.7639884739289963e-20

Layer conv2.att_dst grad: 4.968466811648296e-21Layer conv2.att_dst grad: 4.968466811648296e-21

Layer conv2.att_dst grad: 4.968466811648296e-21Layer conv2.att_dst grad: 4.968466811648296e-21

Layer conv2.bias grad: 8.709295220774016e-13Layer conv2.bias grad: 8.709295220774016e-13

Layer conv2.bias grad: 8.709295220774016e-13Layer conv2.bias grad: 8.709295220774016e-13

Layer conv2.lin.weight grad: 2.4013199824993387e-15Layer conv2.lin.weight grad: 2.4013199824993387e-15

Layer conv2.lin.weight grad: 2.4013199824993387e-15Layer conv2.lin.weight grad: 2.4013199824993387e-15

Layer conv3.att_src grad: 4.685631271243512e-19Layer conv3.att_src grad: 4.685631271243512e-19

Layer conv3.att_src grad: 4.685631271243512e-19Layer conv3.att_src grad: 4.685631271243512e-19

Layer conv3.att_dst grad: 7.59527965944759e-20Layer conv3.att_dst grad: 7.59527965944759e-20

Layer conv3.att_dst grad: 7.59527965944759e-20Layer conv3.att_dst grad: 7.59527965944759e-20

Layer conv3.bias grad: 1.9754588589937505e-11Layer conv3.bias grad: 1.9754588589937505e-11

Layer conv3.bias grad: 1.9754588589937505e-11Layer conv3.bias grad: 1.9754588589937505e-11

Layer conv3.lin.weight grad: 3.7321440561491684e-14Layer conv3.lin.weight grad: 3.7321440561491684e-14

Layer conv3.lin.weight grad: 3.7321440561491684e-14Layer conv3.lin.weight grad: 3.7321440561491684e-14

Layer conv4.att_src grad: 3.8555388795367215e-18Layer conv4.att_src grad: 3.8555388795367215e-18

Layer conv4.att_src grad: 3.8555388795367215e-18Layer conv4.att_src grad: 3.8555388795367215e-18

Layer conv4.att_dst grad: 3.984647400893106e-19Layer conv4.att_dst grad: 3.984647400893106e-19

Layer conv4.att_dst grad: 3.984647400893106e-19Layer conv4.att_dst grad: 3.984647400893106e-19

Layer conv4.bias grad: 4.033687550641929e-10Layer conv4.bias grad: 4.033687550641929e-10

Layer conv4.bias grad: 4.033687550641929e-10Layer conv4.bias grad: 4.033687550641929e-10

Layer conv4.lin.weight grad: 8.307153792977418e-13Layer conv4.lin.weight grad: 8.307153792977418e-13

Layer conv4.lin.weight grad: 8.307153792977418e-13Layer conv4.lin.weight grad: 8.307153792977418e-13

Layer fc.weight grad: 8.809229040673827e-11Layer fc.weight grad: 8.809229040673827e-11

Layer fc.weight grad: 8.809229040673827e-11Layer fc.weight grad: 8.809229040673827e-11

Layer fc.bias grad: 5.035305505884935e-08Layer fc.bias grad: 5.035305505884935e-08

Layer fc.bias grad: 5.035305505884935e-08Layer fc.bias grad: 5.035305505884935e-08

Softmax output at epoch 1: tensor([[0.0526, 0.0527, 0.0526, 0.0526, 0.0526, 0.0526, 0.0526, 0.0527, 0.0526,
         0.0526, 0.0526, 0.0527, 0.0526, 0.0527, 0.0527, 0.0526, 0.0527, 0.0526,
         0.0527],
        [0.0526, 0.0527, 0.0526, 0.0526, 0.0526, 0.0526, 0.0526, 0.0527, 0.0526,
         0.0526, 0.0526, 0.0527, 0.0526, 0.0527, 0.0527, 0.0526, 0.0527, 0.0526,
         0.0527],
        [0.0526, 0.0527, 0.0526, 0.0526, 0.0526, 0.0526, 0.0526, 0.0527, 0.0526,
         0.0526, 0.0526, 0.0527, 0.0526, 0.0527, 0.0527, 0.0526, 0.0527, 0.0526,
         0.0527],
        [0.0526, 0.0527, 0.0526, 0.0526, 0.0526, 0.0526, 0.0526, 0.0527, 0.0526,
         0.0526, 0.0526, 0.0527, 0.0526, 0.0527, 0.0527, 0.0526, 0.0527, 0.0526,
         0.0527],
        [0.0526, 0.0527, 0.0526, 0.0526, 0.0526, 0.0526, 0.0526, 0.0527, 0.0526,
         0.0526, 0.0526, 0.0527, 0.0526, 0.0527, 0.0527, 0.0526, 0.0527, 0.0526,
         0.0527]], device='cuda:2', grad_fn=<SliceBackward0>)
Softmax output at epoch 1: tensor([[0.0526, 0.0527, 0.0526, 0.0526, 0.0526, 0.0526, 0.0526, 0.0527, 0.0526,
         0.0526, 0.0526, 0.0527, 0.0526, 0.0527, 0.0527, 0.0526, 0.0527, 0.0526,
         0.0527],
        [0.0526, 0.0527, 0.0526, 0.0526, 0.0526, 0.0526, 0.0526, 0.0527, 0.0526,
         0.0526, 0.0526, 0.0527, 0.0526, 0.0527, 0.0527, 0.0526, 0.0527, 0.0526,
         0.0527],
        [0.0526, 0.0527, 0.0526, 0.0526, 0.0526, 0.0526, 0.0526, 0.0527, 0.0526,
         0.0526, 0.0526, 0.0527, 0.0526, 0.0527, 0.0527, 0.0526, 0.0527, 0.0526,
         0.0527],
        [0.0526, 0.0527, 0.0526, 0.0526, 0.0526, 0.0526, 0.0526, 0.0527, 0.0526,
         0.0526, 0.0526, 0.0527, 0.0526, 0.0527, 0.0527, 0.0526, 0.0527, 0.0526,
         0.0527],
        [0.0526, 0.0527, 0.0526, 0.0526, 0.0526, 0.0526, 0.0526, 0.0527, 0.0526,
         0.0526, 0.0526, 0.0527, 0.0526, 0.0527, 0.0527, 0.0526, 0.0527, 0.0526,
         0.0527]], device='cuda:0', grad_fn=<SliceBackward0>)
Softmax output at epoch 1: tensor([[0.0526, 0.0527, 0.0526, 0.0526, 0.0526, 0.0526, 0.0526, 0.0527, 0.0526,
         0.0526, 0.0526, 0.0527, 0.0526, 0.0527, 0.0527, 0.0526, 0.0527, 0.0526,
         0.0527],
        [0.0526, 0.0527, 0.0526, 0.0526, 0.0526, 0.0526, 0.0526, 0.0527, 0.0526,
         0.0526, 0.0526, 0.0527, 0.0526, 0.0527, 0.0527, 0.0526, 0.0527, 0.0526,
         0.0527],
        [0.0526, 0.0527, 0.0526, 0.0526, 0.0526, 0.0526, 0.0526, 0.0527, 0.0526,
         0.0526, 0.0526, 0.0527, 0.0526, 0.0527, 0.0527, 0.0526, 0.0527, 0.0526,
         0.0527],
        [0.0526, 0.0527, 0.0526, 0.0526, 0.0526, 0.0526, 0.0526, 0.0527, 0.0526,
         0.0526, 0.0526, 0.0527, 0.0526, 0.0527, 0.0527, 0.0526, 0.0527, 0.0526,
         0.0527],
        [0.0526, 0.0527, 0.0526, 0.0526, 0.0526, 0.0526, 0.0526, 0.0527, 0.0526,
         0.0526, 0.0526, 0.0527, 0.0526, 0.0527, 0.0527, 0.0526, 0.0527, 0.0526,
         0.0527]], device='cuda:1', grad_fn=<SliceBackward0>)
Softmax output at epoch 1: tensor([[0.0526, 0.0527, 0.0526, 0.0526, 0.0526, 0.0526, 0.0526, 0.0527, 0.0526,
         0.0526, 0.0526, 0.0527, 0.0526, 0.0527, 0.0527, 0.0526, 0.0527, 0.0526,
         0.0527],
        [0.0526, 0.0527, 0.0526, 0.0526, 0.0526, 0.0526, 0.0526, 0.0527, 0.0526,
         0.0526, 0.0526, 0.0527, 0.0526, 0.0527, 0.0527, 0.0526, 0.0527, 0.0526,
         0.0527],
        [0.0526, 0.0527, 0.0526, 0.0526, 0.0526, 0.0526, 0.0526, 0.0527, 0.0526,
         0.0526, 0.0526, 0.0527, 0.0526, 0.0527, 0.0527, 0.0526, 0.0527, 0.0526,
         0.0527],
        [0.0526, 0.0527, 0.0526, 0.0526, 0.0526, 0.0526, 0.0526, 0.0527, 0.0526,
         0.0526, 0.0526, 0.0527, 0.0526, 0.0527, 0.0527, 0.0526, 0.0527, 0.0526,
         0.0527],
        [0.0526, 0.0527, 0.0526, 0.0526, 0.0526, 0.0526, 0.0526, 0.0527, 0.0526,
         0.0526, 0.0526, 0.0527, 0.0526, 0.0527, 0.0527, 0.0526, 0.0527, 0.0526,
         0.0527]], device='cuda:3', grad_fn=<SliceBackward0>)
pt values at epoch 1: tensor([0.0526, 0.0526, 0.0526, 0.0526, 0.0526], device='cuda:2',
       grad_fn=<SliceBackward0>)
pt values at epoch 1: tensor([0.0526, 0.0526, 0.0526, 0.0526, 0.0526], device='cuda:0',
       grad_fn=<SliceBackward0>)
pt values at epoch 1: tensor([0.0526, 0.0526, 0.0526, 0.0526, 0.0526], device='cuda:1',
       grad_fn=<SliceBackward0>)
pt values at epoch 1: tensor([0.0526, 0.0526, 0.0526, 0.0526, 0.0526], device='cuda:3',
       grad_fn=<SliceBackward0>)
Layer conv1.att_src grad: 7.326344339937135e-23Layer conv1.att_src grad: 7.326344339937135e-23Layer conv1.att_src grad: 7.326344339937135e-23Layer conv1.att_src grad: 7.326344339937135e-23



Layer conv1.att_dst grad: 2.4186770388054775e-23Layer conv1.att_dst grad: 2.4186770388054775e-23Layer conv1.att_dst grad: 2.4186770388054775e-23Layer conv1.att_dst grad: 2.4186770388054775e-23



Layer conv1.bias grad: 3.4082244693172574e-16
Layer conv1.bias grad: 3.4082244693172574e-16
Layer conv1.bias grad: 3.4082244693172574e-16
Layer conv1.bias grad: 3.4082244693172574e-16
Layer conv1.lin.weight grad: 2.1117868098919593e-16
Layer conv1.lin.weight grad: 2.1117868098919593e-16
Layer conv1.lin.weight grad: 2.1117868098919593e-16
Layer conv1.lin.weight grad: 2.1117868098919593e-16
Layer conv2.att_src grad: 4.806486108161838e-24
Layer conv2.att_src grad: 4.806486108161838e-24
Layer conv2.att_src grad: 4.806486108161838e-24
Layer conv2.att_src grad: 4.806486108161838e-24Layer conv2.att_dst grad: 1.4664389774795322e-24

Layer conv2.att_dst grad: 1.4664389774795322e-24Layer conv2.att_dst grad: 1.4664389774795322e-24

Layer conv2.att_dst grad: 1.4664389774795322e-24Layer conv2.bias grad: 1.583719185524815e-14

Layer conv2.bias grad: 1.583719185524815e-14Layer conv2.bias grad: 1.583719185524815e-14

Layer conv2.bias grad: 1.583719185524815e-14
Layer conv2.lin.weight grad: 1.4148070727327384e-17Layer conv2.lin.weight grad: 1.4148070727327384e-17Layer conv2.lin.weight grad: 1.4148070727327384e-17


Layer conv2.lin.weight grad: 1.4148070727327384e-17
Layer conv3.att_src grad: 2.213708035553935e-22Layer conv3.att_src grad: 2.213708035553935e-22Layer conv3.att_src grad: 2.213708035553935e-22


Layer conv3.att_src grad: 2.213708035553935e-22
Layer conv3.att_dst grad: 6.353061007938658e-23Layer conv3.att_dst grad: 6.353061007938658e-23Layer conv3.att_dst grad: 6.353061007938658e-23


Layer conv3.att_dst grad: 6.353061007938658e-23
Layer conv3.bias grad: 1.3018037169076901e-12Layer conv3.bias grad: 1.3018037169076901e-12
Layer conv3.bias grad: 1.3018037169076901e-12

Layer conv3.bias grad: 1.3018037169076901e-12
Layer conv3.lin.weight grad: 7.384452292404304e-16
Layer conv3.lin.weight grad: 7.384452292404304e-16Layer conv3.lin.weight grad: 7.384452292404304e-16
Layer conv3.lin.weight grad: 7.384452292404304e-16

Layer conv4.att_src grad: 8.649659644405086e-21
Layer conv4.att_src grad: 8.649659644405086e-21Layer conv4.att_src grad: 8.649659644405086e-21

Layer conv4.att_src grad: 8.649659644405086e-21
Layer conv4.att_dst grad: 1.0877398801781388e-21
Layer conv4.att_dst grad: 1.0877398801781388e-21Layer conv4.att_dst grad: 1.0877398801781388e-21

Layer conv4.att_dst grad: 1.0877398801781388e-21
Layer conv4.bias grad: 9.467699541021446e-11
Layer conv4.bias grad: 9.467699541021446e-11Layer conv4.bias grad: 9.467699541021446e-11

Layer conv4.bias grad: 9.467699541021446e-11
Layer conv4.lin.weight grad: 5.852256342291778e-14
Layer conv4.lin.weight grad: 5.852256342291778e-14Layer conv4.lin.weight grad: 5.852256342291778e-14

Layer conv4.lin.weight grad: 5.852256342291778e-14
Layer fc.weight grad: 2.4565668943488106e-11
Layer fc.weight grad: 2.4565668943488106e-11
Layer fc.weight grad: 2.4565668943488106e-11
Layer fc.bias grad: 4.6856069246814513e-08
Layer fc.bias grad: 4.6856069246814513e-08
Layer fc.bias grad: 4.6856069246814513e-08
Layer fc.weight grad: 2.4565668943488106e-11
Layer fc.bias grad: 4.6856069246814513e-08
Softmax output at epoch 1: tensor([[0.0527, 0.0525, 0.0527, 0.0527, 0.0527, 0.0527, 0.0527, 0.0525, 0.0527,
         0.0527, 0.0527, 0.0525, 0.0527, 0.0525, 0.0525, 0.0527, 0.0525, 0.0527,
         0.0525],
        [0.0527, 0.0525, 0.0527, 0.0527, 0.0527, 0.0527, 0.0527, 0.0525, 0.0527,
         0.0527, 0.0527, 0.0525, 0.0527, 0.0525, 0.0525, 0.0527, 0.0525, 0.0527,
         0.0525],
        [0.0527, 0.0525, 0.0527, 0.0527, 0.0527, 0.0527, 0.0527, 0.0525, 0.0527,
         0.0527, 0.0527, 0.0525, 0.0527, 0.0525, 0.0525, 0.0527, 0.0525, 0.0527,
         0.0525],
        [0.0527, 0.0525, 0.0527, 0.0527, 0.0527, 0.0527, 0.0527, 0.0525, 0.0527,
         0.0527, 0.0527, 0.0525, 0.0527, 0.0525, 0.0525, 0.0527, 0.0525, 0.0527,
         0.0525],
        [0.0527, 0.0525, 0.0527, 0.0527, 0.0527, 0.0527, 0.0527, 0.0525, 0.0527,
         0.0527, 0.0527, 0.0525, 0.0527, 0.0525, 0.0525, 0.0527, 0.0525, 0.0527,
         0.0525]], device='cuda:0', grad_fn=<SliceBackward0>)
Softmax output at epoch 1: tensor([[0.0527, 0.0525, 0.0527, 0.0527, 0.0527, 0.0527, 0.0527, 0.0525, 0.0527,
         0.0527, 0.0527, 0.0525, 0.0527, 0.0525, 0.0525, 0.0527, 0.0525, 0.0527,
         0.0525],
        [0.0527, 0.0525, 0.0527, 0.0527, 0.0527, 0.0527, 0.0527, 0.0525, 0.0527,
         0.0527, 0.0527, 0.0525, 0.0527, 0.0525, 0.0525, 0.0527, 0.0525, 0.0527,
         0.0525],
        [0.0527, 0.0525, 0.0527, 0.0527, 0.0527, 0.0527, 0.0527, 0.0525, 0.0527,
         0.0527, 0.0527, 0.0525, 0.0527, 0.0525, 0.0525, 0.0527, 0.0525, 0.0527,
         0.0525],
        [0.0527, 0.0525, 0.0527, 0.0527, 0.0527, 0.0527, 0.0527, 0.0525, 0.0527,
         0.0527, 0.0527, 0.0525, 0.0527, 0.0525, 0.0525, 0.0527, 0.0525, 0.0527,
         0.0525],
        [0.0527, 0.0525, 0.0527, 0.0527, 0.0527, 0.0527, 0.0527, 0.0525, 0.0527,
         0.0527, 0.0527, 0.0525, 0.0527, 0.0525, 0.0525, 0.0527, 0.0525, 0.0527,
         0.0525]], device='cuda:2', grad_fn=<SliceBackward0>)
Softmax output at epoch 1: tensor([[0.0527, 0.0525, 0.0527, 0.0527, 0.0527, 0.0527, 0.0527, 0.0525, 0.0527,
         0.0527, 0.0527, 0.0525, 0.0527, 0.0525, 0.0525, 0.0527, 0.0525, 0.0527,
         0.0525],
        [0.0527, 0.0525, 0.0527, 0.0527, 0.0527, 0.0527, 0.0527, 0.0525, 0.0527,
         0.0527, 0.0527, 0.0525, 0.0527, 0.0525, 0.0525, 0.0527, 0.0525, 0.0527,
         0.0525],
        [0.0527, 0.0525, 0.0527, 0.0527, 0.0527, 0.0527, 0.0527, 0.0525, 0.0527,
         0.0527, 0.0527, 0.0525, 0.0527, 0.0525, 0.0525, 0.0527, 0.0525, 0.0527,
         0.0525],
        [0.0527, 0.0525, 0.0527, 0.0527, 0.0527, 0.0527, 0.0527, 0.0525, 0.0527,
         0.0527, 0.0527, 0.0525, 0.0527, 0.0525, 0.0525, 0.0527, 0.0525, 0.0527,
         0.0525],
        [0.0527, 0.0525, 0.0527, 0.0527, 0.0527, 0.0527, 0.0527, 0.0525, 0.0527,
         0.0527, 0.0527, 0.0525, 0.0527, 0.0525, 0.0525, 0.0527, 0.0525, 0.0527,
         0.0525]], device='cuda:3', grad_fn=<SliceBackward0>)
Softmax output at epoch 1: tensor([[0.0527, 0.0525, 0.0527, 0.0527, 0.0527, 0.0527, 0.0527, 0.0525, 0.0527,
         0.0527, 0.0527, 0.0525, 0.0527, 0.0525, 0.0525, 0.0527, 0.0525, 0.0527,
         0.0525],
        [0.0527, 0.0525, 0.0527, 0.0527, 0.0527, 0.0527, 0.0527, 0.0525, 0.0527,
         0.0527, 0.0527, 0.0525, 0.0527, 0.0525, 0.0525, 0.0527, 0.0525, 0.0527,
         0.0525],
        [0.0527, 0.0525, 0.0527, 0.0527, 0.0527, 0.0527, 0.0527, 0.0525, 0.0527,
         0.0527, 0.0527, 0.0525, 0.0527, 0.0525, 0.0525, 0.0527, 0.0525, 0.0527,
         0.0525],
        [0.0527, 0.0525, 0.0527, 0.0527, 0.0527, 0.0527, 0.0527, 0.0525, 0.0527,
         0.0527, 0.0527, 0.0525, 0.0527, 0.0525, 0.0525, 0.0527, 0.0525, 0.0527,
         0.0525],
        [0.0527, 0.0525, 0.0527, 0.0527, 0.0527, 0.0527, 0.0527, 0.0525, 0.0527,
         0.0527, 0.0527, 0.0525, 0.0527, 0.0525, 0.0525, 0.0527, 0.0525, 0.0527,
         0.0525]], device='cuda:1', grad_fn=<SliceBackward0>)
pt values at epoch 1: tensor([0.0527, 0.0527, 0.0527, 0.0527, 0.0527], device='cuda:0',
       grad_fn=<SliceBackward0>)
pt values at epoch 1: tensor([0.0527, 0.0527, 0.0527, 0.0527, 0.0527], device='cuda:2',
       grad_fn=<SliceBackward0>)
pt values at epoch 1: tensor([0.0527, 0.0527, 0.0527, 0.0527, 0.0527], device='cuda:3',
       grad_fn=<SliceBackward0>)
pt values at epoch 1: tensor([0.0527, 0.0527, 0.0527, 0.0527, 0.0527], device='cuda:1',
       grad_fn=<SliceBackward0>)
Layer conv1.att_src grad: 2.957480478709998e-21Layer conv1.att_src grad: 2.957480478709998e-21Layer conv1.att_src grad: 2.957480478709998e-21Layer conv1.att_src grad: 2.957480478709998e-21



Layer conv1.att_dst grad: 8.58658119046391e-23Layer conv1.att_dst grad: 8.58658119046391e-23Layer conv1.att_dst grad: 8.58658119046391e-23Layer conv1.att_dst grad: 8.58658119046391e-23



Layer conv1.bias grad: 2.225565728141755e-15Layer conv1.bias grad: 2.225565728141755e-15Layer conv1.bias grad: 2.225565728141755e-15

Layer conv1.bias grad: 2.225565728141755e-15

Layer conv1.lin.weight grad: 1.318900390851331e-15
Layer conv1.lin.weight grad: 1.318900390851331e-15
Layer conv1.lin.weight grad: 1.318900390851331e-15
Layer conv2.att_src grad: 1.2142153364049055e-22
Layer conv2.att_src grad: 1.2142153364049055e-22
Layer conv2.att_src grad: 1.2142153364049055e-22
Layer conv1.lin.weight grad: 1.318900390851331e-15
Layer conv2.att_dst grad: 5.507563676255123e-23
Layer conv2.att_dst grad: 5.507563676255123e-23
Layer conv2.att_dst grad: 5.507563676255123e-23
Layer conv2.att_src grad: 1.2142153364049055e-22
Layer conv2.bias grad: 5.4798057909886955e-14
Layer conv2.bias grad: 5.4798057909886955e-14
Layer conv2.bias grad: 5.4798057909886955e-14
Layer conv2.att_dst grad: 5.507563676255123e-23
Layer conv2.lin.weight grad: 7.680770357737867e-17
Layer conv2.lin.weight grad: 7.680770357737867e-17
Layer conv2.lin.weight grad: 7.680770357737867e-17
Layer conv2.bias grad: 5.4798057909886955e-14
Layer conv3.att_src grad: 2.6453963003656077e-21
Layer conv3.att_src grad: 2.6453963003656077e-21
Layer conv3.att_src grad: 2.6453963003656077e-21
Layer conv2.lin.weight grad: 7.680770357737867e-17
Layer conv3.att_dst grad: 1.5695518872801244e-21
Layer conv3.att_dst grad: 1.5695518872801244e-21Layer conv3.att_dst grad: 1.5695518872801244e-21

Layer conv3.att_src grad: 2.6453963003656077e-21
Layer conv3.bias grad: 2.5911991736321527e-12
Layer conv3.bias grad: 2.5911991736321527e-12Layer conv3.bias grad: 2.5911991736321527e-12

Layer conv3.att_dst grad: 1.5695518872801244e-21
Layer conv3.lin.weight grad: 2.3262845100756324e-15
Layer conv3.lin.weight grad: 2.3262845100756324e-15Layer conv3.lin.weight grad: 2.3262845100756324e-15

Layer conv3.bias grad: 2.5911991736321527e-12
Layer conv4.att_src grad: 5.884193231366004e-20
Layer conv4.att_src grad: 5.884193231366004e-20Layer conv4.att_src grad: 5.884193231366004e-20

Layer conv3.lin.weight grad: 2.3262845100756324e-15
Layer conv4.att_dst grad: 2.97472178226483e-20
Layer conv4.att_dst grad: 2.97472178226483e-20Layer conv4.att_dst grad: 2.97472178226483e-20

Layer conv4.att_src grad: 5.884193231366004e-20Layer conv4.bias grad: 1.4127676806197087e-10

Layer conv4.bias grad: 1.4127676806197087e-10Layer conv4.bias grad: 1.4127676806197087e-10

Layer conv4.att_dst grad: 2.97472178226483e-20
Layer conv4.lin.weight grad: 1.148877542579696e-13
Layer conv4.lin.weight grad: 1.148877542579696e-13Layer conv4.lin.weight grad: 1.148877542579696e-13
Layer conv4.bias grad: 1.4127676806197087e-10

Layer fc.weight grad: 3.3488187917152246e-11
Layer fc.weight grad: 3.3488187917152246e-11
Layer fc.weight grad: 3.3488187917152246e-11
Layer conv4.lin.weight grad: 1.148877542579696e-13
Layer fc.bias grad: 3.547147997551292e-08
Layer fc.bias grad: 3.547147997551292e-08
Layer fc.bias grad: 3.547147997551292e-08
Layer fc.weight grad: 3.3488187917152246e-11
Layer fc.bias grad: 3.547147997551292e-08
Softmax output at epoch 1: tensor([[0.0527, 0.0525, 0.0527, 0.0528, 0.0527, 0.0527, 0.0527, 0.0524, 0.0527,
         0.0528, 0.0527, 0.0524, 0.0528, 0.0524, 0.0524, 0.0527, 0.0524, 0.0527,
         0.0524],
        [0.0527, 0.0525, 0.0527, 0.0528, 0.0527, 0.0527, 0.0527, 0.0524, 0.0527,
         0.0528, 0.0527, 0.0524, 0.0528, 0.0524, 0.0524, 0.0527, 0.0524, 0.0527,
         0.0524],
        [0.0527, 0.0525, 0.0527, 0.0528, 0.0527, 0.0527, 0.0527, 0.0524, 0.0527,
         0.0528, 0.0527, 0.0524, 0.0528, 0.0524, 0.0524, 0.0527, 0.0524, 0.0527,
         0.0524],
        [0.0527, 0.0525, 0.0527, 0.0528, 0.0527, 0.0527, 0.0527, 0.0524, 0.0527,
         0.0528, 0.0527, 0.0524, 0.0528, 0.0524, 0.0524, 0.0527, 0.0524, 0.0527,
         0.0524],
        [0.0527, 0.0525, 0.0527, 0.0528, 0.0527, 0.0527, 0.0527, 0.0524, 0.0527,
         0.0528, 0.0527, 0.0524, 0.0528, 0.0524, 0.0524, 0.0527, 0.0524, 0.0527,
         0.0524]], device='cuda:2', grad_fn=<SliceBackward0>)
Softmax output at epoch 1: tensor([[0.0527, 0.0525, 0.0527, 0.0528, 0.0527, 0.0527, 0.0527, 0.0524, 0.0527,
         0.0528, 0.0527, 0.0524, 0.0528, 0.0524, 0.0524, 0.0527, 0.0524, 0.0527,
         0.0524],
        [0.0527, 0.0525, 0.0527, 0.0528, 0.0527, 0.0527, 0.0527, 0.0524, 0.0527,
         0.0528, 0.0527, 0.0524, 0.0528, 0.0524, 0.0524, 0.0527, 0.0524, 0.0527,
         0.0524],
        [0.0527, 0.0525, 0.0527, 0.0528, 0.0527, 0.0527, 0.0527, 0.0524, 0.0527,
         0.0528, 0.0527, 0.0524, 0.0528, 0.0524, 0.0524, 0.0527, 0.0524, 0.0527,
         0.0524],
        [0.0527, 0.0525, 0.0527, 0.0528, 0.0527, 0.0527, 0.0527, 0.0524, 0.0527,
         0.0528, 0.0527, 0.0524, 0.0528, 0.0524, 0.0524, 0.0527, 0.0524, 0.0527,
         0.0524],
        [0.0527, 0.0525, 0.0527, 0.0528, 0.0527, 0.0527, 0.0527, 0.0524, 0.0527,
         0.0528, 0.0527, 0.0524, 0.0528, 0.0524, 0.0524, 0.0527, 0.0524, 0.0527,
         0.0524]], device='cuda:0', grad_fn=<SliceBackward0>)
Softmax output at epoch 1: tensor([[0.0527, 0.0525, 0.0527, 0.0528, 0.0527, 0.0527, 0.0527, 0.0524, 0.0527,
         0.0528, 0.0527, 0.0524, 0.0528, 0.0524, 0.0524, 0.0527, 0.0524, 0.0527,
         0.0524],
        [0.0527, 0.0525, 0.0527, 0.0528, 0.0527, 0.0527, 0.0527, 0.0524, 0.0527,
         0.0528, 0.0527, 0.0524, 0.0528, 0.0524, 0.0524, 0.0527, 0.0524, 0.0527,
         0.0524],
        [0.0527, 0.0525, 0.0527, 0.0528, 0.0527, 0.0527, 0.0527, 0.0524, 0.0527,
         0.0528, 0.0527, 0.0524, 0.0528, 0.0524, 0.0524, 0.0527, 0.0524, 0.0527,
         0.0524],
        [0.0527, 0.0525, 0.0527, 0.0528, 0.0527, 0.0527, 0.0527, 0.0524, 0.0527,
         0.0528, 0.0527, 0.0524, 0.0528, 0.0524, 0.0524, 0.0527, 0.0524, 0.0527,
         0.0524],
        [0.0527, 0.0525, 0.0527, 0.0528, 0.0527, 0.0527, 0.0527, 0.0524, 0.0527,
         0.0528, 0.0527, 0.0524, 0.0528, 0.0524, 0.0524, 0.0527, 0.0524, 0.0527,
         0.0524]], device='cuda:3', grad_fn=<SliceBackward0>)
Softmax output at epoch 1: tensor([[0.0527, 0.0525, 0.0527, 0.0528, 0.0527, 0.0527, 0.0527, 0.0524, 0.0527,
         0.0528, 0.0527, 0.0524, 0.0528, 0.0524, 0.0524, 0.0527, 0.0524, 0.0527,
         0.0524],
        [0.0527, 0.0525, 0.0527, 0.0528, 0.0527, 0.0527, 0.0527, 0.0524, 0.0527,
         0.0528, 0.0527, 0.0524, 0.0528, 0.0524, 0.0524, 0.0527, 0.0524, 0.0527,
         0.0524],
        [0.0527, 0.0525, 0.0527, 0.0528, 0.0527, 0.0527, 0.0527, 0.0524, 0.0527,
         0.0528, 0.0527, 0.0524, 0.0528, 0.0524, 0.0524, 0.0527, 0.0524, 0.0527,
         0.0524],
        [0.0527, 0.0525, 0.0527, 0.0528, 0.0527, 0.0527, 0.0527, 0.0524, 0.0527,
         0.0528, 0.0527, 0.0524, 0.0528, 0.0524, 0.0524, 0.0527, 0.0524, 0.0527,
         0.0524],
        [0.0527, 0.0525, 0.0527, 0.0528, 0.0527, 0.0527, 0.0527, 0.0524, 0.0527,
         0.0528, 0.0527, 0.0524, 0.0528, 0.0524, 0.0524, 0.0527, 0.0524, 0.0527,
         0.0524]], device='cuda:1', grad_fn=<SliceBackward0>)
pt values at epoch 1: tensor([0.0527, 0.0527, 0.0527, 0.0527, 0.0527], device='cuda:2',
       grad_fn=<SliceBackward0>)
pt values at epoch 1: tensor([0.0527, 0.0527, 0.0527, 0.0527, 0.0527], device='cuda:0',
       grad_fn=<SliceBackward0>)
pt values at epoch 1: tensor([0.0527, 0.0527, 0.0527, 0.0527, 0.0527], device='cuda:3',
       grad_fn=<SliceBackward0>)
pt values at epoch 1: tensor([0.0527, 0.0527, 0.0527, 0.0527, 0.0527], device='cuda:1',
       grad_fn=<SliceBackward0>)
Layer conv1.att_src grad: 3.2976101187877704e-20Layer conv1.att_src grad: 3.2976101187877704e-20Layer conv1.att_src grad: 3.2976101187877704e-20
Layer conv1.att_src grad: 3.2976101187877704e-20


Layer conv1.att_dst grad: 2.2704991039974306e-21Layer conv1.att_dst grad: 2.2704991039974306e-21Layer conv1.att_dst grad: 2.2704991039974306e-21
Layer conv1.att_dst grad: 2.2704991039974306e-21


Layer conv1.bias grad: 1.3948974150767603e-14
Layer conv1.bias grad: 1.3948974150767603e-14
Layer conv1.bias grad: 1.3948974150767603e-14
Layer conv1.bias grad: 1.3948974150767603e-14
Layer conv1.lin.weight grad: 8.112912909020737e-15Layer conv1.lin.weight grad: 8.112912909020737e-15
Layer conv1.lin.weight grad: 8.112912909020737e-15

Layer conv1.lin.weight grad: 8.112912909020737e-15
Layer conv2.att_src grad: 3.1135676023735502e-21
Layer conv2.att_src grad: 3.1135676023735502e-21Layer conv2.att_src grad: 3.1135676023735502e-21

Layer conv2.att_src grad: 3.1135676023735502e-21
Layer conv2.att_dst grad: 6.269320204296954e-22
Layer conv2.att_dst grad: 6.269320204296954e-22Layer conv2.att_dst grad: 6.269320204296954e-22

Layer conv2.att_dst grad: 6.269320204296954e-22
Layer conv2.bias grad: 2.8739551428784427e-13
Layer conv2.bias grad: 2.8739551428784427e-13Layer conv2.bias grad: 2.8739551428784427e-13

Layer conv2.bias grad: 2.8739551428784427e-13
Layer conv2.lin.weight grad: 5.785465846224998e-16
Layer conv2.lin.weight grad: 5.785465846224998e-16
Layer conv2.lin.weight grad: 5.785465846224998e-16Layer conv2.lin.weight grad: 5.785465846224998e-16

Layer conv3.att_src grad: 3.1077808923773736e-20
Layer conv3.att_src grad: 3.1077808923773736e-20
Layer conv3.att_src grad: 3.1077808923773736e-20Layer conv3.att_src grad: 3.1077808923773736e-20

Layer conv3.att_dst grad: 1.4371998186818897e-20
Layer conv3.att_dst grad: 1.4371998186818897e-20
Layer conv3.att_dst grad: 1.4371998186818897e-20Layer conv3.att_dst grad: 1.4371998186818897e-20

Layer conv3.bias grad: 8.352188732296817e-12
Layer conv3.bias grad: 8.352188732296817e-12
Layer conv3.bias grad: 8.352188732296817e-12Layer conv3.bias grad: 8.352188732296817e-12

Layer conv3.lin.weight grad: 1.220349505042656e-14
Layer conv3.lin.weight grad: 1.220349505042656e-14
Layer conv3.lin.weight grad: 1.220349505042656e-14
Layer conv3.lin.weight grad: 1.220349505042656e-14
Layer conv4.att_src grad: 6.599311033445528e-19
Layer conv4.att_src grad: 6.599311033445528e-19
Layer conv4.att_src grad: 6.599311033445528e-19
Layer conv4.att_src grad: 6.599311033445528e-19Layer conv4.att_dst grad: 1.6772573259675817e-19

Layer conv4.att_dst grad: 1.6772573259675817e-19
Layer conv4.att_dst grad: 1.6772573259675817e-19
Layer conv4.att_dst grad: 1.6772573259675817e-19Layer conv4.bias grad: 2.8691410358661074e-10

Layer conv4.bias grad: 2.8691410358661074e-10
Layer conv4.bias grad: 2.8691410358661074e-10
Layer conv4.bias grad: 2.8691410358661074e-10
Layer conv4.lin.weight grad: 3.7681573898488974e-13
Layer conv4.lin.weight grad: 3.7681573898488974e-13
Layer conv4.lin.weight grad: 3.7681573898488974e-13
Layer conv4.lin.weight grad: 3.7681573898488974e-13
Layer fc.weight grad: 6.927408646717481e-11
Layer fc.weight grad: 6.927408646717481e-11
Layer fc.weight grad: 6.927408646717481e-11
Layer fc.weight grad: 6.927408646717481e-11Layer fc.bias grad: 4.5220811983881504e-08

Layer fc.bias grad: 4.5220811983881504e-08
Layer fc.bias grad: 4.5220811983881504e-08
Layer fc.bias grad: 4.5220811983881504e-08
Softmax output at epoch 1: tensor([[0.0527, 0.0525, 0.0527, 0.0527, 0.0527, 0.0527, 0.0527, 0.0525, 0.0527,
         0.0527, 0.0527, 0.0525, 0.0527, 0.0525, 0.0525, 0.0527, 0.0525, 0.0527,
         0.0525],
        [0.0527, 0.0525, 0.0527, 0.0527, 0.0527, 0.0527, 0.0527, 0.0525, 0.0527,
         0.0527, 0.0527, 0.0525, 0.0527, 0.0525, 0.0525, 0.0527, 0.0525, 0.0527,
         0.0525],
        [0.0527, 0.0525, 0.0527, 0.0527, 0.0527, 0.0527, 0.0527, 0.0525, 0.0527,
         0.0527, 0.0527, 0.0525, 0.0527, 0.0525, 0.0525, 0.0527, 0.0525, 0.0527,
         0.0525],
        [0.0527, 0.0525, 0.0527, 0.0527, 0.0527, 0.0527, 0.0527, 0.0525, 0.0527,
         0.0527, 0.0527, 0.0525, 0.0527, 0.0525, 0.0525, 0.0527, 0.0525, 0.0527,
         0.0525],
        [0.0527, 0.0525, 0.0527, 0.0527, 0.0527, 0.0527, 0.0527, 0.0525, 0.0527,
         0.0527, 0.0527, 0.0525, 0.0527, 0.0525, 0.0525, 0.0527, 0.0525, 0.0527,
         0.0525]], device='cuda:2', grad_fn=<SliceBackward0>)
Softmax output at epoch 1: tensor([[0.0527, 0.0525, 0.0527, 0.0527, 0.0527, 0.0527, 0.0527, 0.0525, 0.0527,
         0.0527, 0.0527, 0.0525, 0.0527, 0.0525, 0.0525, 0.0527, 0.0525, 0.0527,
         0.0525],
        [0.0527, 0.0525, 0.0527, 0.0527, 0.0527, 0.0527, 0.0527, 0.0525, 0.0527,
         0.0527, 0.0527, 0.0525, 0.0527, 0.0525, 0.0525, 0.0527, 0.0525, 0.0527,
         0.0525],
        [0.0527, 0.0525, 0.0527, 0.0527, 0.0527, 0.0527, 0.0527, 0.0525, 0.0527,
         0.0527, 0.0527, 0.0525, 0.0527, 0.0525, 0.0525, 0.0527, 0.0525, 0.0527,
         0.0525],
        [0.0527, 0.0525, 0.0527, 0.0527, 0.0527, 0.0527, 0.0527, 0.0525, 0.0527,
         0.0527, 0.0527, 0.0525, 0.0527, 0.0525, 0.0525, 0.0527, 0.0525, 0.0527,
         0.0525],
        [0.0527, 0.0525, 0.0527, 0.0527, 0.0527, 0.0527, 0.0527, 0.0525, 0.0527,
         0.0527, 0.0527, 0.0525, 0.0527, 0.0525, 0.0525, 0.0527, 0.0525, 0.0527,
         0.0525]], device='cuda:3', grad_fn=<SliceBackward0>)
Softmax output at epoch 1: tensor([[0.0527, 0.0525, 0.0527, 0.0527, 0.0527, 0.0527, 0.0527, 0.0525, 0.0527,
         0.0527, 0.0527, 0.0525, 0.0527, 0.0525, 0.0525, 0.0527, 0.0525, 0.0527,
         0.0525],
        [0.0527, 0.0525, 0.0527, 0.0527, 0.0527, 0.0527, 0.0527, 0.0525, 0.0527,
         0.0527, 0.0527, 0.0525, 0.0527, 0.0525, 0.0525, 0.0527, 0.0525, 0.0527,
         0.0525],
        [0.0527, 0.0525, 0.0527, 0.0527, 0.0527, 0.0527, 0.0527, 0.0525, 0.0527,
         0.0527, 0.0527, 0.0525, 0.0527, 0.0525, 0.0525, 0.0527, 0.0525, 0.0527,
         0.0525],
        [0.0527, 0.0525, 0.0527, 0.0527, 0.0527, 0.0527, 0.0527, 0.0525, 0.0527,
         0.0527, 0.0527, 0.0525, 0.0527, 0.0525, 0.0525, 0.0527, 0.0525, 0.0527,
         0.0525],
        [0.0527, 0.0525, 0.0527, 0.0527, 0.0527, 0.0527, 0.0527, 0.0525, 0.0527,
         0.0527, 0.0527, 0.0525, 0.0527, 0.0525, 0.0525, 0.0527, 0.0525, 0.0527,
         0.0525]], device='cuda:0', grad_fn=<SliceBackward0>)Softmax output at epoch 1: tensor([[0.0527, 0.0525, 0.0527, 0.0527, 0.0527, 0.0527, 0.0527, 0.0525, 0.0527,
         0.0527, 0.0527, 0.0525, 0.0527, 0.0525, 0.0525, 0.0527, 0.0525, 0.0527,
         0.0525],
        [0.0527, 0.0525, 0.0527, 0.0527, 0.0527, 0.0527, 0.0527, 0.0525, 0.0527,
         0.0527, 0.0527, 0.0525, 0.0527, 0.0525, 0.0525, 0.0527, 0.0525, 0.0527,
         0.0525],
        [0.0527, 0.0525, 0.0527, 0.0527, 0.0527, 0.0527, 0.0527, 0.0525, 0.0527,
         0.0527, 0.0527, 0.0525, 0.0527, 0.0525, 0.0525, 0.0527, 0.0525, 0.0527,
         0.0525],
        [0.0527, 0.0525, 0.0527, 0.0527, 0.0527, 0.0527, 0.0527, 0.0525, 0.0527,
         0.0527, 0.0527, 0.0525, 0.0527, 0.0525, 0.0525, 0.0527, 0.0525, 0.0527,
         0.0525],
        [0.0527, 0.0525, 0.0527, 0.0527, 0.0527, 0.0527, 0.0527, 0.0525, 0.0527,
         0.0527, 0.0527, 0.0525, 0.0527, 0.0525, 0.0525, 0.0527, 0.0525, 0.0527,
         0.0525]], device='cuda:1', grad_fn=<SliceBackward0>)

pt values at epoch 1: tensor([0.0527, 0.0527, 0.0527, 0.0527, 0.0527], device='cuda:2',
       grad_fn=<SliceBackward0>)
pt values at epoch 1: tensor([0.0527, 0.0527, 0.0527, 0.0527, 0.0527], device='cuda:3',
       grad_fn=<SliceBackward0>)
pt values at epoch 1: tensor([0.0527, 0.0527, 0.0527, 0.0527, 0.0527], device='cuda:1',
       grad_fn=<SliceBackward0>)
pt values at epoch 1: tensor([0.0527, 0.0527, 0.0527, 0.0527, 0.0527], device='cuda:0',
       grad_fn=<SliceBackward0>)
Layer conv1.att_src grad: 6.83887888858268e-21
Layer conv1.att_src grad: 6.83887888858268e-21
Layer conv1.att_src grad: 6.83887888858268e-21
Layer conv1.att_src grad: 6.83887888858268e-21Layer conv1.att_dst grad: 2.099818482727622e-22

Layer conv1.att_dst grad: 2.099818482727622e-22
Layer conv1.att_dst grad: 2.099818482727622e-22
Layer conv1.bias grad: 1.9630816950840825e-14
Layer conv1.bias grad: 1.9630816950840825e-14
Layer conv1.lin.weight grad: 1.1601996625790548e-14
Layer conv1.bias grad: 1.9630816950840825e-14
Layer conv1.att_dst grad: 2.099818482727622e-22
Layer conv1.lin.weight grad: 1.1601996625790548e-14Layer conv1.lin.weight grad: 1.1601996625790548e-14Layer conv2.att_src grad: 1.745907864202906e-21


Layer conv1.bias grad: 1.9630816950840825e-14
Layer conv2.att_src grad: 1.745907864202906e-21
Layer conv2.att_dst grad: 4.436233137891089e-22
Layer conv2.att_src grad: 1.745907864202906e-21Layer conv2.att_dst grad: 4.436233137891089e-22

Layer conv2.bias grad: 5.006033565110868e-13
Layer conv1.lin.weight grad: 1.1601996625790548e-14Layer conv2.bias grad: 5.006033565110868e-13

Layer conv2.lin.weight grad: 7.648978564249453e-16Layer conv2.att_dst grad: 4.436233137891089e-22

Layer conv2.lin.weight grad: 7.648978564249453e-16
Layer conv2.att_src grad: 1.745907864202906e-21Layer conv3.att_src grad: 2.831329699961336e-20

Layer conv3.att_src grad: 2.831329699961336e-20
Layer conv2.bias grad: 5.006033565110868e-13
Layer conv3.att_dst grad: 1.2037305141694985e-20
Layer conv3.att_dst grad: 1.2037305141694985e-20
Layer conv2.att_dst grad: 4.436233137891089e-22
Layer conv3.bias grad: 1.9300974013480854e-11Layer conv3.bias grad: 1.9300974013480854e-11

Layer conv2.lin.weight grad: 7.648978564249453e-16
Layer conv3.lin.weight grad: 2.1587142880544197e-14Layer conv2.bias grad: 5.006033565110868e-13

Layer conv3.lin.weight grad: 2.1587142880544197e-14
Layer conv3.att_src grad: 2.831329699961336e-20Layer conv4.att_src grad: 7.323678265737042e-19

Layer conv4.att_src grad: 7.323678265737042e-19
Layer conv4.att_dst grad: 2.0416616635641026e-19
Layer conv2.lin.weight grad: 7.648978564249453e-16
Layer conv4.att_dst grad: 2.0416616635641026e-19
Layer conv3.att_dst grad: 1.2037305141694985e-20
Layer conv4.bias grad: 9.0560575705112e-10
Layer conv4.bias grad: 9.0560575705112e-10
Layer conv3.att_src grad: 2.831329699961336e-20Layer conv4.lin.weight grad: 9.191825902851725e-13

Layer conv3.bias grad: 1.9300974013480854e-11
Layer conv4.lin.weight grad: 9.191825902851725e-13
Layer fc.weight grad: 1.8930111644888115e-10
Layer conv3.att_dst grad: 1.2037305141694985e-20
Layer fc.weight grad: 1.8930111644888115e-10
Layer fc.bias grad: 1.6089808241304127e-07
Layer conv3.lin.weight grad: 2.1587142880544197e-14
Layer fc.bias grad: 1.6089808241304127e-07
Layer conv3.bias grad: 1.9300974013480854e-11
Layer conv4.att_src grad: 7.323678265737042e-19
Layer conv3.lin.weight grad: 2.1587142880544197e-14
Layer conv4.att_dst grad: 2.0416616635641026e-19
Layer conv4.att_src grad: 7.323678265737042e-19
Layer conv4.bias grad: 9.0560575705112e-10
Layer conv4.att_dst grad: 2.0416616635641026e-19
Layer conv4.lin.weight grad: 9.191825902851725e-13
Layer conv4.bias grad: 9.0560575705112e-10
Layer fc.weight grad: 1.8930111644888115e-10
Layer conv4.lin.weight grad: 9.191825902851725e-13
Layer fc.bias grad: 1.6089808241304127e-07
Layer fc.weight grad: 1.8930111644888115e-10
Layer fc.bias grad: 1.6089808241304127e-07
Softmax output at epoch 2: tensor([[0.0527, 0.0526, 0.0527, 0.0527, 0.0526, 0.0527, 0.0527, 0.0526, 0.0527,
         0.0526, 0.0526, 0.0526, 0.0527, 0.0526, 0.0526, 0.0527, 0.0526, 0.0527,
         0.0526],
        [0.0527, 0.0526, 0.0527, 0.0527, 0.0526, 0.0527, 0.0527, 0.0526, 0.0527,
         0.0526, 0.0526, 0.0526, 0.0527, 0.0526, 0.0526, 0.0527, 0.0526, 0.0527,
         0.0526],
        [0.0527, 0.0526, 0.0527, 0.0527, 0.0526, 0.0527, 0.0527, 0.0526, 0.0527,
         0.0526, 0.0526, 0.0526, 0.0527, 0.0526, 0.0526, 0.0527, 0.0526, 0.0527,
         0.0526],
        [0.0527, 0.0526, 0.0527, 0.0527, 0.0526, 0.0527, 0.0527, 0.0526, 0.0527,
         0.0526, 0.0526, 0.0526, 0.0527, 0.0526, 0.0526, 0.0527, 0.0526, 0.0527,
         0.0526],
        [0.0527, 0.0526, 0.0527, 0.0527, 0.0526, 0.0527, 0.0527, 0.0526, 0.0527,
         0.0526, 0.0526, 0.0526, 0.0527, 0.0526, 0.0526, 0.0527, 0.0526, 0.0527,
         0.0526]], device='cuda:2', grad_fn=<SliceBackward0>)
Softmax output at epoch 2: tensor([[0.0527, 0.0526, 0.0527, 0.0527, 0.0526, 0.0527, 0.0527, 0.0526, 0.0527,
         0.0526, 0.0526, 0.0526, 0.0527, 0.0526, 0.0526, 0.0527, 0.0526, 0.0527,
         0.0526],
        [0.0527, 0.0526, 0.0527, 0.0527, 0.0526, 0.0527, 0.0527, 0.0526, 0.0527,
         0.0526, 0.0526, 0.0526, 0.0527, 0.0526, 0.0526, 0.0527, 0.0526, 0.0527,
         0.0526],
        [0.0527, 0.0526, 0.0527, 0.0527, 0.0526, 0.0527, 0.0527, 0.0526, 0.0527,
         0.0526, 0.0526, 0.0526, 0.0527, 0.0526, 0.0526, 0.0527, 0.0526, 0.0527,
         0.0526],
        [0.0527, 0.0526, 0.0527, 0.0527, 0.0526, 0.0527, 0.0527, 0.0526, 0.0527,
         0.0526, 0.0526, 0.0526, 0.0527, 0.0526, 0.0526, 0.0527, 0.0526, 0.0527,
         0.0526],
        [0.0527, 0.0526, 0.0527, 0.0527, 0.0526, 0.0527, 0.0527, 0.0526, 0.0527,
         0.0526, 0.0526, 0.0526, 0.0527, 0.0526, 0.0526, 0.0527, 0.0526, 0.0527,
         0.0526]], device='cuda:1', grad_fn=<SliceBackward0>)Softmax output at epoch 2: tensor([[0.0527, 0.0526, 0.0527, 0.0527, 0.0526, 0.0527, 0.0527, 0.0526, 0.0527,
         0.0526, 0.0526, 0.0526, 0.0527, 0.0526, 0.0526, 0.0527, 0.0526, 0.0527,
         0.0526],
        [0.0527, 0.0526, 0.0527, 0.0527, 0.0526, 0.0527, 0.0527, 0.0526, 0.0527,
         0.0526, 0.0526, 0.0526, 0.0527, 0.0526, 0.0526, 0.0527, 0.0526, 0.0527,
         0.0526],
        [0.0527, 0.0526, 0.0527, 0.0527, 0.0526, 0.0527, 0.0527, 0.0526, 0.0527,
         0.0526, 0.0526, 0.0526, 0.0527, 0.0526, 0.0526, 0.0527, 0.0526, 0.0527,
         0.0526],
        [0.0527, 0.0526, 0.0527, 0.0527, 0.0526, 0.0527, 0.0527, 0.0526, 0.0527,
         0.0526, 0.0526, 0.0526, 0.0527, 0.0526, 0.0526, 0.0527, 0.0526, 0.0527,
         0.0526],
        [0.0527, 0.0526, 0.0527, 0.0527, 0.0526, 0.0527, 0.0527, 0.0526, 0.0527,
         0.0526, 0.0526, 0.0526, 0.0527, 0.0526, 0.0526, 0.0527, 0.0526, 0.0527,
         0.0526]], device='cuda:3', grad_fn=<SliceBackward0>)

pt values at epoch 2: tensor([0.0527, 0.0527, 0.0527, 0.0527, 0.0527], device='cuda:2',
       grad_fn=<SliceBackward0>)
pt values at epoch 2: tensor([0.0527, 0.0527, 0.0527, 0.0527, 0.0527], device='cuda:3',
       grad_fn=<SliceBackward0>)pt values at epoch 2: tensor([0.0527, 0.0527, 0.0527, 0.0527, 0.0527], device='cuda:1',
       grad_fn=<SliceBackward0>)

Precision: 0.0000, Recall: 0.0003, F1-Score: 0.0000
Fold 5, Epoch 1, Train Loss: 0.0000, Val Loss: 0.0000, Val Acc: 0.0003
Softmax output at epoch 2: tensor([[0.0527, 0.0526, 0.0527, 0.0527, 0.0526, 0.0527, 0.0527, 0.0526, 0.0527,
         0.0526, 0.0526, 0.0526, 0.0527, 0.0526, 0.0526, 0.0527, 0.0526, 0.0527,
         0.0526],
        [0.0527, 0.0526, 0.0527, 0.0527, 0.0526, 0.0527, 0.0527, 0.0526, 0.0527,
         0.0526, 0.0526, 0.0526, 0.0527, 0.0526, 0.0526, 0.0527, 0.0526, 0.0527,
         0.0526],
        [0.0527, 0.0526, 0.0527, 0.0527, 0.0526, 0.0527, 0.0527, 0.0526, 0.0527,
         0.0526, 0.0526, 0.0526, 0.0527, 0.0526, 0.0526, 0.0527, 0.0526, 0.0527,
         0.0526],
        [0.0527, 0.0526, 0.0527, 0.0527, 0.0526, 0.0527, 0.0527, 0.0526, 0.0527,
         0.0526, 0.0526, 0.0526, 0.0527, 0.0526, 0.0526, 0.0527, 0.0526, 0.0527,
         0.0526],
        [0.0527, 0.0526, 0.0527, 0.0527, 0.0526, 0.0527, 0.0527, 0.0526, 0.0527,
         0.0526, 0.0526, 0.0526, 0.0527, 0.0526, 0.0526, 0.0527, 0.0526, 0.0527,
         0.0526]], device='cuda:0', grad_fn=<SliceBackward0>)
pt values at epoch 2: tensor([0.0527, 0.0527, 0.0527, 0.0527, 0.0527], device='cuda:0',
       grad_fn=<SliceBackward0>)
Layer conv1.att_src grad: 7.251717467214503e-24Layer conv1.att_src grad: 7.251717467214503e-24Layer conv1.att_src grad: 7.251717467214503e-24Layer conv1.att_src grad: 7.251717467214503e-24



Layer conv1.att_dst grad: 7.666642328927424e-25
Layer conv1.att_dst grad: 7.666642328927424e-25Layer conv1.att_dst grad: 7.666642328927424e-25Layer conv1.att_dst grad: 7.666642328927424e-25


Layer conv1.bias grad: 3.983632346883927e-17
Layer conv1.bias grad: 3.983632346883927e-17Layer conv1.bias grad: 3.983632346883927e-17
Layer conv1.bias grad: 3.983632346883927e-17

Layer conv1.lin.weight grad: 2.281029617581534e-17
Layer conv1.lin.weight grad: 2.281029617581534e-17
Layer conv1.lin.weight grad: 2.281029617581534e-17Layer conv1.lin.weight grad: 2.281029617581534e-17

Layer conv2.att_src grad: 1.365475579144883e-25
Layer conv2.att_src grad: 1.365475579144883e-25
Layer conv2.att_src grad: 1.365475579144883e-25Layer conv2.att_dst grad: 4.358803476884871e-26Layer conv2.att_src grad: 1.365475579144883e-25


Layer conv2.att_dst grad: 4.358803476884871e-26
Layer conv2.bias grad: 2.762476831758443e-15Layer conv2.att_dst grad: 4.358803476884871e-26

Layer conv2.att_dst grad: 4.358803476884871e-26
Layer conv2.bias grad: 2.762476831758443e-15
Layer conv2.bias grad: 2.762476831758443e-15
Layer conv2.bias grad: 2.762476831758443e-15
Layer conv2.lin.weight grad: 1.4874225290127472e-18
Layer conv2.lin.weight grad: 1.4874225290127472e-18
Layer conv2.lin.weight grad: 1.4874225290127472e-18Layer conv3.att_src grad: 6.51573311960955e-24
Layer conv2.lin.weight grad: 1.4874225290127472e-18

Layer conv3.att_src grad: 6.51573311960955e-24
Layer conv3.att_dst grad: 2.0740902497317728e-24Layer conv3.att_src grad: 6.51573311960955e-24

Layer conv3.att_src grad: 6.51573311960955e-24
Layer conv3.att_dst grad: 2.0740902497317728e-24
Layer conv3.bias grad: 3.455829101616653e-13Layer conv3.att_dst grad: 2.0740902497317728e-24

Layer conv3.att_dst grad: 2.0740902497317728e-24
Layer conv3.bias grad: 3.455829101616653e-13
Layer conv3.bias grad: 3.455829101616653e-13
Layer conv3.bias grad: 3.455829101616653e-13Layer conv3.lin.weight grad: 1.1926205368494828e-16

Layer conv3.lin.weight grad: 1.1926205368494828e-16
Layer conv3.lin.weight grad: 1.1926205368494828e-16
Layer conv4.att_src grad: 4.820161769260313e-22
Layer conv3.lin.weight grad: 1.1926205368494828e-16
Layer conv4.att_src grad: 4.820161769260313e-22
Layer conv4.att_src grad: 4.820161769260313e-22Layer conv4.att_dst grad: 2.227620765131647e-22

Layer conv4.att_src grad: 4.820161769260313e-22
Layer conv4.att_dst grad: 2.227620765131647e-22
Layer conv4.att_dst grad: 2.227620765131647e-22Layer conv4.bias grad: 5.505124481275381e-11

Layer conv4.att_dst grad: 2.227620765131647e-22
Layer conv4.bias grad: 5.505124481275381e-11
Layer conv4.bias grad: 5.505124481275381e-11
Layer conv4.bias grad: 5.505124481275381e-11Layer conv4.lin.weight grad: 1.7183459245350557e-14

Layer conv4.lin.weight grad: 1.7183459245350557e-14
Layer conv4.lin.weight grad: 1.7183459245350557e-14
Layer conv4.lin.weight grad: 1.7183459245350557e-14Layer fc.weight grad: 1.0613341802634402e-11

Layer fc.weight grad: 1.0613341802634402e-11
Layer fc.weight grad: 1.0613341802634402e-11
Layer fc.bias grad: 2.9377522636764297e-08Layer fc.weight grad: 1.0613341802634402e-11

Layer fc.bias grad: 2.9377522636764297e-08
Layer fc.bias grad: 2.9377522636764297e-08
Layer fc.bias grad: 2.9377522636764297e-08
Softmax output at epoch 2: tensor([[0.0526, 0.0527, 0.0526, 0.0526, 0.0526, 0.0526, 0.0526, 0.0527, 0.0526,
         0.0526, 0.0526, 0.0527, 0.0526, 0.0527, 0.0527, 0.0526, 0.0527, 0.0526,
         0.0527],
        [0.0526, 0.0527, 0.0526, 0.0526, 0.0526, 0.0526, 0.0526, 0.0527, 0.0526,
         0.0526, 0.0526, 0.0527, 0.0526, 0.0527, 0.0527, 0.0526, 0.0527, 0.0526,
         0.0527],
        [0.0526, 0.0527, 0.0526, 0.0526, 0.0526, 0.0526, 0.0526, 0.0527, 0.0526,
         0.0526, 0.0526, 0.0527, 0.0526, 0.0527, 0.0527, 0.0526, 0.0527, 0.0526,
         0.0527],
        [0.0526, 0.0527, 0.0526, 0.0526, 0.0526, 0.0526, 0.0526, 0.0527, 0.0526,
         0.0526, 0.0526, 0.0527, 0.0526, 0.0527, 0.0527, 0.0526, 0.0527, 0.0526,
         0.0527],
        [0.0526, 0.0527, 0.0526, 0.0526, 0.0526, 0.0526, 0.0526, 0.0527, 0.0526,
         0.0526, 0.0526, 0.0527, 0.0526, 0.0527, 0.0527, 0.0526, 0.0527, 0.0526,
         0.0527]], device='cuda:2', grad_fn=<SliceBackward0>)
Softmax output at epoch 2: tensor([[0.0526, 0.0527, 0.0526, 0.0526, 0.0526, 0.0526, 0.0526, 0.0527, 0.0526,
         0.0526, 0.0526, 0.0527, 0.0526, 0.0527, 0.0527, 0.0526, 0.0527, 0.0526,
         0.0527],
        [0.0526, 0.0527, 0.0526, 0.0526, 0.0526, 0.0526, 0.0526, 0.0527, 0.0526,
         0.0526, 0.0526, 0.0527, 0.0526, 0.0527, 0.0527, 0.0526, 0.0527, 0.0526,
         0.0527],
        [0.0526, 0.0527, 0.0526, 0.0526, 0.0526, 0.0526, 0.0526, 0.0527, 0.0526,
         0.0526, 0.0526, 0.0527, 0.0526, 0.0527, 0.0527, 0.0526, 0.0527, 0.0526,
         0.0527],
        [0.0526, 0.0527, 0.0526, 0.0526, 0.0526, 0.0526, 0.0526, 0.0527, 0.0526,
         0.0526, 0.0526, 0.0527, 0.0526, 0.0527, 0.0527, 0.0526, 0.0527, 0.0526,
         0.0527],
        [0.0526, 0.0527, 0.0526, 0.0526, 0.0526, 0.0526, 0.0526, 0.0527, 0.0526,
         0.0526, 0.0526, 0.0527, 0.0526, 0.0527, 0.0527, 0.0526, 0.0527, 0.0526,
         0.0527]], device='cuda:3', grad_fn=<SliceBackward0>)Softmax output at epoch 2: tensor([[0.0526, 0.0527, 0.0526, 0.0526, 0.0526, 0.0526, 0.0526, 0.0527, 0.0526,
         0.0526, 0.0526, 0.0527, 0.0526, 0.0527, 0.0527, 0.0526, 0.0527, 0.0526,
         0.0527],
        [0.0526, 0.0527, 0.0526, 0.0526, 0.0526, 0.0526, 0.0526, 0.0527, 0.0526,
         0.0526, 0.0526, 0.0527, 0.0526, 0.0527, 0.0527, 0.0526, 0.0527, 0.0526,
         0.0527],
        [0.0526, 0.0527, 0.0526, 0.0526, 0.0526, 0.0526, 0.0526, 0.0527, 0.0526,
         0.0526, 0.0526, 0.0527, 0.0526, 0.0527, 0.0527, 0.0526, 0.0527, 0.0526,
         0.0527],
        [0.0526, 0.0527, 0.0526, 0.0526, 0.0526, 0.0526, 0.0526, 0.0527, 0.0526,
         0.0526, 0.0526, 0.0527, 0.0526, 0.0527, 0.0527, 0.0526, 0.0527, 0.0526,
         0.0527],
        [0.0526, 0.0527, 0.0526, 0.0526, 0.0526, 0.0526, 0.0526, 0.0527, 0.0526,
         0.0526, 0.0526, 0.0527, 0.0526, 0.0527, 0.0527, 0.0526, 0.0527, 0.0526,
         0.0527]], device='cuda:0', grad_fn=<SliceBackward0>)

Softmax output at epoch 2: tensor([[0.0526, 0.0527, 0.0526, 0.0526, 0.0526, 0.0526, 0.0526, 0.0527, 0.0526,
         0.0526, 0.0526, 0.0527, 0.0526, 0.0527, 0.0527, 0.0526, 0.0527, 0.0526,
         0.0527],
        [0.0526, 0.0527, 0.0526, 0.0526, 0.0526, 0.0526, 0.0526, 0.0527, 0.0526,
         0.0526, 0.0526, 0.0527, 0.0526, 0.0527, 0.0527, 0.0526, 0.0527, 0.0526,
         0.0527],
        [0.0526, 0.0527, 0.0526, 0.0526, 0.0526, 0.0526, 0.0526, 0.0527, 0.0526,
         0.0526, 0.0526, 0.0527, 0.0526, 0.0527, 0.0527, 0.0526, 0.0527, 0.0526,
         0.0527],
        [0.0526, 0.0527, 0.0526, 0.0526, 0.0526, 0.0526, 0.0526, 0.0527, 0.0526,
         0.0526, 0.0526, 0.0527, 0.0526, 0.0527, 0.0527, 0.0526, 0.0527, 0.0526,
         0.0527],
        [0.0526, 0.0527, 0.0526, 0.0526, 0.0526, 0.0526, 0.0526, 0.0527, 0.0526,
         0.0526, 0.0526, 0.0527, 0.0526, 0.0527, 0.0527, 0.0526, 0.0527, 0.0526,
         0.0527]], device='cuda:1', grad_fn=<SliceBackward0>)
pt values at epoch 2: tensor([0.0526, 0.0526, 0.0526, 0.0526, 0.0526], device='cuda:2',
       grad_fn=<SliceBackward0>)
pt values at epoch 2: tensor([0.0526, 0.0526, 0.0526, 0.0526, 0.0526], device='cuda:3',
       grad_fn=<SliceBackward0>)
pt values at epoch 2: tensor([0.0526, 0.0526, 0.0526, 0.0526, 0.0526], device='cuda:0',
       grad_fn=<SliceBackward0>)
pt values at epoch 2: tensor([0.0526, 0.0526, 0.0526, 0.0526, 0.0526], device='cuda:1',
       grad_fn=<SliceBackward0>)
Layer conv1.att_src grad: 1.872887686538035e-23Layer conv1.att_src grad: 1.872887686538035e-23Layer conv1.att_src grad: 1.872887686538035e-23Layer conv1.att_src grad: 1.872887686538035e-23



Layer conv1.att_dst grad: 2.8796150527146733e-24Layer conv1.att_dst grad: 2.8796150527146733e-24Layer conv1.att_dst grad: 2.8796150527146733e-24

Layer conv1.att_dst grad: 2.8796150527146733e-24

Layer conv1.bias grad: 1.6718532495602447e-16Layer conv1.bias grad: 1.6718532495602447e-16

Layer conv1.bias grad: 1.6718532495602447e-16Layer conv1.bias grad: 1.6718532495602447e-16

Layer conv1.lin.weight grad: 9.399023013357519e-17Layer conv1.lin.weight grad: 9.399023013357519e-17

Layer conv1.lin.weight grad: 9.399023013357519e-17Layer conv1.lin.weight grad: 9.399023013357519e-17

Layer conv2.att_src grad: 9.576797027362503e-25Layer conv2.att_src grad: 9.576797027362503e-25

Layer conv2.att_src grad: 9.576797027362503e-25Layer conv2.att_src grad: 9.576797027362503e-25

Layer conv2.att_dst grad: 1.7521422845933332e-25Layer conv2.att_dst grad: 1.7521422845933332e-25

Layer conv2.att_dst grad: 1.7521422845933332e-25Layer conv2.att_dst grad: 1.7521422845933332e-25

Layer conv2.bias grad: 1.0249849980001249e-14Layer conv2.bias grad: 1.0249849980001249e-14

Layer conv2.bias grad: 1.0249849980001249e-14Layer conv2.bias grad: 1.0249849980001249e-14

Layer conv2.lin.weight grad: 6.228869363051924e-18Layer conv2.lin.weight grad: 6.228869363051924e-18

Layer conv2.lin.weight grad: 6.228869363051924e-18Layer conv2.lin.weight grad: 6.228869363051924e-18

Layer conv3.att_src grad: 7.63951959495498e-23Layer conv3.att_src grad: 7.63951959495498e-23

Layer conv3.att_src grad: 7.63951959495498e-23Layer conv3.att_src grad: 7.63951959495498e-23

Layer conv3.att_dst grad: 2.3033356348147598e-23Layer conv3.att_dst grad: 2.3033356348147598e-23

Layer conv3.att_dst grad: 2.3033356348147598e-23Layer conv3.att_dst grad: 2.3033356348147598e-23

Layer conv3.bias grad: 1.005350425305196e-12Layer conv3.bias grad: 1.005350425305196e-12

Layer conv3.bias grad: 1.005350425305196e-12Layer conv3.bias grad: 1.005350425305196e-12

Layer conv3.lin.weight grad: 4.518061035160229e-16Layer conv3.lin.weight grad: 4.518061035160229e-16

Layer conv3.lin.weight grad: 4.518061035160229e-16Layer conv3.lin.weight grad: 4.518061035160229e-16

Layer conv4.att_src grad: 3.0680645907474642e-21Layer conv4.att_src grad: 3.0680645907474642e-21

Layer conv4.att_src grad: 3.0680645907474642e-21Layer conv4.att_src grad: 3.0680645907474642e-21

Layer conv4.att_dst grad: 7.5738649106239695e-22Layer conv4.att_dst grad: 7.5738649106239695e-22

Layer conv4.att_dst grad: 7.5738649106239695e-22Layer conv4.att_dst grad: 7.5738649106239695e-22

Layer conv4.bias grad: 9.196916839204761e-11Layer conv4.bias grad: 9.196916839204761e-11

Layer conv4.bias grad: 9.196916839204761e-11Layer conv4.bias grad: 9.196916839204761e-11

Layer conv4.lin.weight grad: 4.509664736367276e-14Layer conv4.lin.weight grad: 4.509664736367276e-14

Layer conv4.lin.weight grad: 4.509664736367276e-14Layer conv4.lin.weight grad: 4.509664736367276e-14

Layer fc.weight grad: 1.701046074831236e-11Layer fc.weight grad: 1.701046074831236e-11

Layer fc.weight grad: 1.701046074831236e-11Layer fc.weight grad: 1.701046074831236e-11

Layer fc.bias grad: 4.071409165362638e-08
Layer fc.bias grad: 4.071409165362638e-08
Layer fc.bias grad: 4.071409165362638e-08Layer fc.bias grad: 4.071409165362638e-08

Softmax output at epoch 2: tensor([[0.0526, 0.0527, 0.0525, 0.0526, 0.0526, 0.0526, 0.0526, 0.0528, 0.0526,
         0.0525, 0.0525, 0.0528, 0.0525, 0.0528, 0.0528, 0.0526, 0.0528, 0.0526,
         0.0528],
        [0.0526, 0.0527, 0.0525, 0.0526, 0.0526, 0.0526, 0.0526, 0.0528, 0.0526,
         0.0525, 0.0525, 0.0528, 0.0525, 0.0528, 0.0528, 0.0526, 0.0528, 0.0526,
         0.0528],
        [0.0526, 0.0527, 0.0525, 0.0526, 0.0526, 0.0526, 0.0526, 0.0528, 0.0526,
         0.0525, 0.0525, 0.0528, 0.0525, 0.0528, 0.0528, 0.0526, 0.0528, 0.0526,
         0.0528],
        [0.0526, 0.0527, 0.0525, 0.0526, 0.0526, 0.0526, 0.0526, 0.0528, 0.0526,
         0.0525, 0.0525, 0.0528, 0.0525, 0.0528, 0.0528, 0.0526, 0.0528, 0.0526,
         0.0528],
        [0.0526, 0.0527, 0.0525, 0.0526, 0.0526, 0.0526, 0.0526, 0.0528, 0.0526,
         0.0525, 0.0525, 0.0528, 0.0525, 0.0528, 0.0528, 0.0526, 0.0528, 0.0526,
         0.0528]], device='cuda:0', grad_fn=<SliceBackward0>)
Softmax output at epoch 2: tensor([[0.0526, 0.0527, 0.0525, 0.0526, 0.0526, 0.0526, 0.0526, 0.0528, 0.0526,
         0.0525, 0.0525, 0.0528, 0.0525, 0.0528, 0.0528, 0.0526, 0.0528, 0.0526,
         0.0528],
        [0.0526, 0.0527, 0.0525, 0.0526, 0.0526, 0.0526, 0.0526, 0.0528, 0.0526,
         0.0525, 0.0525, 0.0528, 0.0525, 0.0528, 0.0528, 0.0526, 0.0528, 0.0526,
         0.0528],
        [0.0526, 0.0527, 0.0525, 0.0526, 0.0526, 0.0526, 0.0526, 0.0528, 0.0526,
         0.0525, 0.0525, 0.0528, 0.0525, 0.0528, 0.0528, 0.0526, 0.0528, 0.0526,
         0.0528],
        [0.0526, 0.0527, 0.0525, 0.0526, 0.0526, 0.0526, 0.0526, 0.0528, 0.0526,
         0.0525, 0.0525, 0.0528, 0.0525, 0.0528, 0.0528, 0.0526, 0.0528, 0.0526,
         0.0528],
        [0.0526, 0.0527, 0.0525, 0.0526, 0.0526, 0.0526, 0.0526, 0.0528, 0.0526,
         0.0525, 0.0525, 0.0528, 0.0525, 0.0528, 0.0528, 0.0526, 0.0528, 0.0526,
         0.0528]], device='cuda:2', grad_fn=<SliceBackward0>)
Softmax output at epoch 2: tensor([[0.0526, 0.0527, 0.0525, 0.0526, 0.0526, 0.0526, 0.0526, 0.0528, 0.0526,
         0.0525, 0.0525, 0.0528, 0.0525, 0.0528, 0.0528, 0.0526, 0.0528, 0.0526,
         0.0528],
        [0.0526, 0.0527, 0.0525, 0.0526, 0.0526, 0.0526, 0.0526, 0.0528, 0.0526,
         0.0525, 0.0525, 0.0528, 0.0525, 0.0528, 0.0528, 0.0526, 0.0528, 0.0526,
         0.0528],
        [0.0526, 0.0527, 0.0525, 0.0526, 0.0526, 0.0526, 0.0526, 0.0528, 0.0526,
         0.0525, 0.0525, 0.0528, 0.0525, 0.0528, 0.0528, 0.0526, 0.0528, 0.0526,
         0.0528],
        [0.0526, 0.0527, 0.0525, 0.0526, 0.0526, 0.0526, 0.0526, 0.0528, 0.0526,
         0.0525, 0.0525, 0.0528, 0.0525, 0.0528, 0.0528, 0.0526, 0.0528, 0.0526,
         0.0528],
        [0.0526, 0.0527, 0.0525, 0.0526, 0.0526, 0.0526, 0.0526, 0.0528, 0.0526,
         0.0525, 0.0525, 0.0528, 0.0525, 0.0528, 0.0528, 0.0526, 0.0528, 0.0526,
         0.0528]], device='cuda:3', grad_fn=<SliceBackward0>)
Softmax output at epoch 2: tensor([[0.0526, 0.0527, 0.0525, 0.0526, 0.0526, 0.0526, 0.0526, 0.0528, 0.0526,
         0.0525, 0.0525, 0.0528, 0.0525, 0.0528, 0.0528, 0.0526, 0.0528, 0.0526,
         0.0528],
        [0.0526, 0.0527, 0.0525, 0.0526, 0.0526, 0.0526, 0.0526, 0.0528, 0.0526,
         0.0525, 0.0525, 0.0528, 0.0525, 0.0528, 0.0528, 0.0526, 0.0528, 0.0526,
         0.0528],
        [0.0526, 0.0527, 0.0525, 0.0526, 0.0526, 0.0526, 0.0526, 0.0528, 0.0526,
         0.0525, 0.0525, 0.0528, 0.0525, 0.0528, 0.0528, 0.0526, 0.0528, 0.0526,
         0.0528],
        [0.0526, 0.0527, 0.0525, 0.0526, 0.0526, 0.0526, 0.0526, 0.0528, 0.0526,
         0.0525, 0.0525, 0.0528, 0.0525, 0.0528, 0.0528, 0.0526, 0.0528, 0.0526,
         0.0528],
        [0.0526, 0.0527, 0.0525, 0.0526, 0.0526, 0.0526, 0.0526, 0.0528, 0.0526,
         0.0525, 0.0525, 0.0528, 0.0525, 0.0528, 0.0528, 0.0526, 0.0528, 0.0526,
         0.0528]], device='cuda:1', grad_fn=<SliceBackward0>)
pt values at epoch 2: tensor([0.0526, 0.0526, 0.0526, 0.0526, 0.0526], device='cuda:0',
       grad_fn=<SliceBackward0>)
pt values at epoch 2: tensor([0.0526, 0.0526, 0.0526, 0.0526, 0.0526], device='cuda:2',
       grad_fn=<SliceBackward0>)
pt values at epoch 2: tensor([0.0526, 0.0526, 0.0526, 0.0526, 0.0526], device='cuda:3',
       grad_fn=<SliceBackward0>)
pt values at epoch 2: tensor([0.0526, 0.0526, 0.0526, 0.0526, 0.0526], device='cuda:1',
       grad_fn=<SliceBackward0>)
Layer conv1.att_src grad: 1.7693021717468467e-21Layer conv1.att_src grad: 1.7693021717468467e-21Layer conv1.att_src grad: 1.7693021717468467e-21Layer conv1.att_src grad: 1.7693021717468467e-21



Layer conv1.att_dst grad: 1.621328652887448e-22Layer conv1.att_dst grad: 1.621328652887448e-22Layer conv1.att_dst grad: 1.621328652887448e-22
Layer conv1.att_dst grad: 1.621328652887448e-22


Layer conv1.bias grad: 3.4792528406257404e-15
Layer conv1.bias grad: 3.4792528406257404e-15Layer conv1.bias grad: 3.4792528406257404e-15
Layer conv1.bias grad: 3.4792528406257404e-15

Layer conv1.lin.weight grad: 2.111936893542301e-15
Layer conv1.lin.weight grad: 2.111936893542301e-15
Layer conv1.lin.weight grad: 2.111936893542301e-15Layer conv1.lin.weight grad: 2.111936893542301e-15

Layer conv2.att_src grad: 1.963867582717026e-22
Layer conv2.att_src grad: 1.963867582717026e-22
Layer conv2.att_src grad: 1.963867582717026e-22Layer conv2.att_src grad: 1.963867582717026e-22

Layer conv2.att_dst grad: 3.1580216183223095e-23
Layer conv2.att_dst grad: 3.1580216183223095e-23
Layer conv2.att_dst grad: 3.1580216183223095e-23Layer conv2.att_dst grad: 3.1580216183223095e-23

Layer conv2.bias grad: 8.348667758636616e-14
Layer conv2.bias grad: 8.348667758636616e-14
Layer conv2.bias grad: 8.348667758636616e-14Layer conv2.bias grad: 8.348667758636616e-14

Layer conv2.lin.weight grad: 1.2399866192599432e-16
Layer conv2.lin.weight grad: 1.2399866192599432e-16
Layer conv2.lin.weight grad: 1.2399866192599432e-16Layer conv2.lin.weight grad: 1.2399866192599432e-16

Layer conv3.att_src grad: 6.097511398336709e-21
Layer conv3.att_src grad: 6.097511398336709e-21
Layer conv3.att_src grad: 6.097511398336709e-21Layer conv3.att_src grad: 6.097511398336709e-21

Layer conv3.att_dst grad: 1.0555368867092363e-21
Layer conv3.att_dst grad: 1.0555368867092363e-21
Layer conv3.att_dst grad: 1.0555368867092363e-21Layer conv3.att_dst grad: 1.0555368867092363e-21

Layer conv3.bias grad: 4.038518651439116e-12
Layer conv3.bias grad: 4.038518651439116e-12
Layer conv3.bias grad: 4.038518651439116e-12Layer conv3.bias grad: 4.038518651439116e-12

Layer conv3.lin.weight grad: 3.78356657934403e-15
Layer conv3.lin.weight grad: 3.78356657934403e-15
Layer conv3.lin.weight grad: 3.78356657934403e-15Layer conv3.lin.weight grad: 3.78356657934403e-15

Layer conv4.att_src grad: 1.2339380192289414e-19
Layer conv4.att_src grad: 1.2339380192289414e-19
Layer conv4.att_src grad: 1.2339380192289414e-19Layer conv4.att_src grad: 1.2339380192289414e-19Layer conv4.att_dst grad: 2.2268587431676878e-20

Layer conv4.att_dst grad: 2.2268587431676878e-20

Layer conv4.att_dst grad: 2.2268587431676878e-20Layer conv4.att_dst grad: 2.2268587431676878e-20
Layer conv4.bias grad: 1.5408013753770433e-10
Layer conv4.bias grad: 1.5408013753770433e-10

Layer conv4.bias grad: 1.5408013753770433e-10
Layer conv4.bias grad: 1.5408013753770433e-10
Layer conv4.lin.weight grad: 1.5750405537098833e-13Layer conv4.lin.weight grad: 1.5750405537098833e-13

Layer conv4.lin.weight grad: 1.5750405537098833e-13
Layer conv4.lin.weight grad: 1.5750405537098833e-13
Layer fc.weight grad: 3.600480330545608e-11Layer fc.weight grad: 3.600480330545608e-11

Layer fc.weight grad: 3.600480330545608e-11
Layer fc.weight grad: 3.600480330545608e-11
Layer fc.bias grad: 4.154696142677494e-08Layer fc.bias grad: 4.154696142677494e-08

Layer fc.bias grad: 4.154696142677494e-08
Layer fc.bias grad: 4.154696142677494e-08
Softmax output at epoch 2: tensor([[0.0526, 0.0527, 0.0525, 0.0525, 0.0526, 0.0526, 0.0525, 0.0528, 0.0526,
         0.0525, 0.0526, 0.0528, 0.0525, 0.0528, 0.0528, 0.0526, 0.0528, 0.0525,
         0.0528],
        [0.0526, 0.0527, 0.0525, 0.0525, 0.0526, 0.0526, 0.0525, 0.0528, 0.0526,
         0.0525, 0.0526, 0.0528, 0.0525, 0.0528, 0.0528, 0.0526, 0.0528, 0.0525,
         0.0528],
        [0.0526, 0.0527, 0.0525, 0.0525, 0.0526, 0.0526, 0.0525, 0.0528, 0.0526,
         0.0525, 0.0526, 0.0528, 0.0525, 0.0528, 0.0528, 0.0526, 0.0528, 0.0525,
         0.0528],
        [0.0526, 0.0527, 0.0525, 0.0525, 0.0526, 0.0526, 0.0525, 0.0528, 0.0526,
         0.0525, 0.0526, 0.0528, 0.0525, 0.0528, 0.0528, 0.0526, 0.0528, 0.0525,
         0.0528],
        [0.0526, 0.0527, 0.0525, 0.0525, 0.0526, 0.0526, 0.0525, 0.0528, 0.0526,
         0.0525, 0.0526, 0.0528, 0.0525, 0.0528, 0.0528, 0.0526, 0.0528, 0.0525,
         0.0528]], device='cuda:2', grad_fn=<SliceBackward0>)
Softmax output at epoch 2: tensor([[0.0526, 0.0527, 0.0525, 0.0525, 0.0526, 0.0526, 0.0525, 0.0528, 0.0526,
         0.0525, 0.0526, 0.0528, 0.0525, 0.0528, 0.0528, 0.0526, 0.0528, 0.0525,
         0.0528],
        [0.0526, 0.0527, 0.0525, 0.0525, 0.0526, 0.0526, 0.0525, 0.0528, 0.0526,
         0.0525, 0.0526, 0.0528, 0.0525, 0.0528, 0.0528, 0.0526, 0.0528, 0.0525,
         0.0528],
        [0.0526, 0.0527, 0.0525, 0.0525, 0.0526, 0.0526, 0.0525, 0.0528, 0.0526,
         0.0525, 0.0526, 0.0528, 0.0525, 0.0528, 0.0528, 0.0526, 0.0528, 0.0525,
         0.0528],
        [0.0526, 0.0527, 0.0525, 0.0525, 0.0526, 0.0526, 0.0525, 0.0528, 0.0526,
         0.0525, 0.0526, 0.0528, 0.0525, 0.0528, 0.0528, 0.0526, 0.0528, 0.0525,
         0.0528],
        [0.0526, 0.0527, 0.0525, 0.0525, 0.0526, 0.0526, 0.0525, 0.0528, 0.0526,
         0.0525, 0.0526, 0.0528, 0.0525, 0.0528, 0.0528, 0.0526, 0.0528, 0.0525,
         0.0528]], device='cuda:0', grad_fn=<SliceBackward0>)
Softmax output at epoch 2: tensor([[0.0526, 0.0527, 0.0525, 0.0525, 0.0526, 0.0526, 0.0525, 0.0528, 0.0526,
         0.0525, 0.0526, 0.0528, 0.0525, 0.0528, 0.0528, 0.0526, 0.0528, 0.0525,
         0.0528],
        [0.0526, 0.0527, 0.0525, 0.0525, 0.0526, 0.0526, 0.0525, 0.0528, 0.0526,
         0.0525, 0.0526, 0.0528, 0.0525, 0.0528, 0.0528, 0.0526, 0.0528, 0.0525,
         0.0528],
        [0.0526, 0.0527, 0.0525, 0.0525, 0.0526, 0.0526, 0.0525, 0.0528, 0.0526,
         0.0525, 0.0526, 0.0528, 0.0525, 0.0528, 0.0528, 0.0526, 0.0528, 0.0525,
         0.0528],
        [0.0526, 0.0527, 0.0525, 0.0525, 0.0526, 0.0526, 0.0525, 0.0528, 0.0526,
         0.0525, 0.0526, 0.0528, 0.0525, 0.0528, 0.0528, 0.0526, 0.0528, 0.0525,
         0.0528],
        [0.0526, 0.0527, 0.0525, 0.0525, 0.0526, 0.0526, 0.0525, 0.0528, 0.0526,
         0.0525, 0.0526, 0.0528, 0.0525, 0.0528, 0.0528, 0.0526, 0.0528, 0.0525,
         0.0528]], device='cuda:3', grad_fn=<SliceBackward0>)
Softmax output at epoch 2: tensor([[0.0526, 0.0527, 0.0525, 0.0525, 0.0526, 0.0526, 0.0525, 0.0528, 0.0526,
         0.0525, 0.0526, 0.0528, 0.0525, 0.0528, 0.0528, 0.0526, 0.0528, 0.0525,
         0.0528],
        [0.0526, 0.0527, 0.0525, 0.0525, 0.0526, 0.0526, 0.0525, 0.0528, 0.0526,
         0.0525, 0.0526, 0.0528, 0.0525, 0.0528, 0.0528, 0.0526, 0.0528, 0.0525,
         0.0528],
        [0.0526, 0.0527, 0.0525, 0.0525, 0.0526, 0.0526, 0.0525, 0.0528, 0.0526,
         0.0525, 0.0526, 0.0528, 0.0525, 0.0528, 0.0528, 0.0526, 0.0528, 0.0525,
         0.0528],
        [0.0526, 0.0527, 0.0525, 0.0525, 0.0526, 0.0526, 0.0525, 0.0528, 0.0526,
         0.0525, 0.0526, 0.0528, 0.0525, 0.0528, 0.0528, 0.0526, 0.0528, 0.0525,
         0.0528],
        [0.0526, 0.0527, 0.0525, 0.0525, 0.0526, 0.0526, 0.0525, 0.0528, 0.0526,
         0.0525, 0.0526, 0.0528, 0.0525, 0.0528, 0.0528, 0.0526, 0.0528, 0.0525,
         0.0528]], device='cuda:1', grad_fn=<SliceBackward0>)
pt values at epoch 2: tensor([0.0526, 0.0526, 0.0526, 0.0526, 0.0526], device='cuda:2',
       grad_fn=<SliceBackward0>)
pt values at epoch 2: tensor([0.0526, 0.0526, 0.0526, 0.0526, 0.0526], device='cuda:0',
       grad_fn=<SliceBackward0>)
pt values at epoch 2: tensor([0.0526, 0.0526, 0.0526, 0.0526, 0.0526], device='cuda:3',
       grad_fn=<SliceBackward0>)
pt values at epoch 2: tensor([0.0526, 0.0526, 0.0526, 0.0526, 0.0526], device='cuda:1',
       grad_fn=<SliceBackward0>)
Layer conv1.att_src grad: 1.0732997623754065e-21Layer conv1.att_src grad: 1.0732997623754065e-21Layer conv1.att_src grad: 1.0732997623754065e-21
Layer conv1.att_src grad: 1.0732997623754065e-21


Layer conv1.att_dst grad: 5.598610846492111e-23
Layer conv1.att_dst grad: 5.598610846492111e-23
Layer conv1.att_dst grad: 5.598610846492111e-23Layer conv1.att_dst grad: 5.598610846492111e-23

Layer conv1.bias grad: 3.696385713247881e-15
Layer conv1.bias grad: 3.696385713247881e-15
Layer conv1.bias grad: 3.696385713247881e-15Layer conv1.bias grad: 3.696385713247881e-15

Layer conv1.lin.weight grad: 2.356254229815384e-15
Layer conv1.lin.weight grad: 2.356254229815384e-15
Layer conv1.lin.weight grad: 2.356254229815384e-15Layer conv1.lin.weight grad: 2.356254229815384e-15

Layer conv2.att_src grad: 2.8856092675232585e-22
Layer conv2.att_src grad: 2.8856092675232585e-22
Layer conv2.att_src grad: 2.8856092675232585e-22Layer conv2.att_src grad: 2.8856092675232585e-22

Layer conv2.att_dst grad: 5.626790220204054e-23
Layer conv2.att_dst grad: 5.626790220204054e-23
Layer conv2.att_dst grad: 5.626790220204054e-23Layer conv2.att_dst grad: 5.626790220204054e-23

Layer conv2.bias grad: 1.1008803189795774e-13
Layer conv2.bias grad: 1.1008803189795774e-13
Layer conv2.bias grad: 1.1008803189795774e-13Layer conv2.bias grad: 1.1008803189795774e-13

Layer conv2.lin.weight grad: 1.6385038418911688e-16
Layer conv2.lin.weight grad: 1.6385038418911688e-16
Layer conv2.lin.weight grad: 1.6385038418911688e-16Layer conv2.lin.weight grad: 1.6385038418911688e-16

Layer conv3.att_src grad: 9.348524672229392e-21
Layer conv3.att_src grad: 9.348524672229392e-21
Layer conv3.att_src grad: 9.348524672229392e-21Layer conv3.att_src grad: 9.348524672229392e-21
Layer conv3.att_dst grad: 1.4393816085216942e-21

Layer conv3.att_dst grad: 1.4393816085216942e-21
Layer conv3.att_dst grad: 1.4393816085216942e-21
Layer conv3.att_dst grad: 1.4393816085216942e-21Layer conv3.bias grad: 5.447439374584029e-12
Layer conv3.bias grad: 5.447439374584029e-12

Layer conv3.bias grad: 5.447439374584029e-12
Layer conv3.bias grad: 5.447439374584029e-12
Layer conv3.lin.weight grad: 5.296879031040352e-15Layer conv3.lin.weight grad: 5.296879031040352e-15

Layer conv3.lin.weight grad: 5.296879031040352e-15
Layer conv3.lin.weight grad: 5.296879031040352e-15
Layer conv4.att_src grad: 1.2249655652751845e-19Layer conv4.att_src grad: 1.2249655652751845e-19

Layer conv4.att_src grad: 1.2249655652751845e-19
Layer conv4.att_src grad: 1.2249655652751845e-19
Layer conv4.att_dst grad: 1.4102151514606213e-20Layer conv4.att_dst grad: 1.4102151514606213e-20

Layer conv4.att_dst grad: 1.4102151514606213e-20
Layer conv4.att_dst grad: 1.4102151514606213e-20
Layer conv4.bias grad: 2.1573447195333273e-10Layer conv4.bias grad: 2.1573447195333273e-10

Layer conv4.bias grad: 2.1573447195333273e-10
Layer conv4.bias grad: 2.1573447195333273e-10
Layer conv4.lin.weight grad: 2.300865932242796e-13Layer conv4.lin.weight grad: 2.300865932242796e-13

Layer conv4.lin.weight grad: 2.300865932242796e-13
Layer conv4.lin.weight grad: 2.300865932242796e-13
Layer fc.weight grad: 4.9527621587275306e-11Layer fc.weight grad: 4.9527621587275306e-11

Layer fc.weight grad: 4.9527621587275306e-11
Layer fc.weight grad: 4.9527621587275306e-11
Layer fc.bias grad: 5.473827258128949e-08Layer fc.bias grad: 5.473827258128949e-08

Layer fc.bias grad: 5.473827258128949e-08
Layer fc.bias grad: 5.473827258128949e-08
Softmax output at epoch 2: tensor([[0.0526, 0.0527, 0.0526, 0.0526, 0.0526, 0.0526, 0.0526, 0.0527, 0.0526,
         0.0526, 0.0526, 0.0528, 0.0525, 0.0527, 0.0527, 0.0526, 0.0527, 0.0526,
         0.0527],
        [0.0526, 0.0527, 0.0526, 0.0526, 0.0526, 0.0526, 0.0526, 0.0527, 0.0526,
         0.0526, 0.0526, 0.0528, 0.0525, 0.0527, 0.0527, 0.0526, 0.0527, 0.0526,
         0.0527],
        [0.0526, 0.0527, 0.0526, 0.0526, 0.0526, 0.0526, 0.0526, 0.0527, 0.0526,
         0.0526, 0.0526, 0.0528, 0.0525, 0.0527, 0.0527, 0.0526, 0.0527, 0.0526,
         0.0527],
        [0.0526, 0.0527, 0.0526, 0.0526, 0.0526, 0.0526, 0.0526, 0.0527, 0.0526,
         0.0526, 0.0526, 0.0528, 0.0525, 0.0527, 0.0527, 0.0526, 0.0527, 0.0526,
         0.0527],
        [0.0526, 0.0527, 0.0526, 0.0526, 0.0526, 0.0526, 0.0526, 0.0527, 0.0526,
         0.0526, 0.0526, 0.0528, 0.0525, 0.0527, 0.0527, 0.0526, 0.0527, 0.0526,
         0.0527]], device='cuda:0', grad_fn=<SliceBackward0>)
Softmax output at epoch 2: tensor([[0.0526, 0.0527, 0.0526, 0.0526, 0.0526, 0.0526, 0.0526, 0.0527, 0.0526,
         0.0526, 0.0526, 0.0528, 0.0525, 0.0527, 0.0527, 0.0526, 0.0527, 0.0526,
         0.0527],
        [0.0526, 0.0527, 0.0526, 0.0526, 0.0526, 0.0526, 0.0526, 0.0527, 0.0526,
         0.0526, 0.0526, 0.0528, 0.0525, 0.0527, 0.0527, 0.0526, 0.0527, 0.0526,
         0.0527],
        [0.0526, 0.0527, 0.0526, 0.0526, 0.0526, 0.0526, 0.0526, 0.0527, 0.0526,
         0.0526, 0.0526, 0.0528, 0.0525, 0.0527, 0.0527, 0.0526, 0.0527, 0.0526,
         0.0527],
        [0.0526, 0.0527, 0.0526, 0.0526, 0.0526, 0.0526, 0.0526, 0.0527, 0.0526,
         0.0526, 0.0526, 0.0528, 0.0525, 0.0527, 0.0527, 0.0526, 0.0527, 0.0526,
         0.0527],
        [0.0526, 0.0527, 0.0526, 0.0526, 0.0526, 0.0526, 0.0526, 0.0527, 0.0526,
         0.0526, 0.0526, 0.0528, 0.0525, 0.0527, 0.0527, 0.0526, 0.0527, 0.0526,
         0.0527]], device='cuda:2', grad_fn=<SliceBackward0>)
Softmax output at epoch 2: tensor([[0.0526, 0.0527, 0.0526, 0.0526, 0.0526, 0.0526, 0.0526, 0.0527, 0.0526,
         0.0526, 0.0526, 0.0528, 0.0525, 0.0527, 0.0527, 0.0526, 0.0527, 0.0526,
         0.0527],
        [0.0526, 0.0527, 0.0526, 0.0526, 0.0526, 0.0526, 0.0526, 0.0527, 0.0526,
         0.0526, 0.0526, 0.0528, 0.0525, 0.0527, 0.0527, 0.0526, 0.0527, 0.0526,
         0.0527],
        [0.0526, 0.0527, 0.0526, 0.0526, 0.0526, 0.0526, 0.0526, 0.0527, 0.0526,
         0.0526, 0.0526, 0.0528, 0.0525, 0.0527, 0.0527, 0.0526, 0.0527, 0.0526,
         0.0527],
        [0.0526, 0.0527, 0.0526, 0.0526, 0.0526, 0.0526, 0.0526, 0.0527, 0.0526,
         0.0526, 0.0526, 0.0528, 0.0525, 0.0527, 0.0527, 0.0526, 0.0527, 0.0526,
         0.0527],
        [0.0526, 0.0527, 0.0526, 0.0526, 0.0526, 0.0526, 0.0526, 0.0527, 0.0526,
         0.0526, 0.0526, 0.0528, 0.0525, 0.0527, 0.0527, 0.0526, 0.0527, 0.0526,
         0.0527]], device='cuda:3', grad_fn=<SliceBackward0>)
Softmax output at epoch 2: tensor([[0.0526, 0.0527, 0.0526, 0.0526, 0.0526, 0.0526, 0.0526, 0.0527, 0.0526,
         0.0526, 0.0526, 0.0528, 0.0525, 0.0527, 0.0527, 0.0526, 0.0527, 0.0526,
         0.0527],
        [0.0526, 0.0527, 0.0526, 0.0526, 0.0526, 0.0526, 0.0526, 0.0527, 0.0526,
         0.0526, 0.0526, 0.0528, 0.0525, 0.0527, 0.0527, 0.0526, 0.0527, 0.0526,
         0.0527],
        [0.0526, 0.0527, 0.0526, 0.0526, 0.0526, 0.0526, 0.0526, 0.0527, 0.0526,
         0.0526, 0.0526, 0.0528, 0.0525, 0.0527, 0.0527, 0.0526, 0.0527, 0.0526,
         0.0527],
        [0.0526, 0.0527, 0.0526, 0.0526, 0.0526, 0.0526, 0.0526, 0.0527, 0.0526,
         0.0526, 0.0526, 0.0528, 0.0525, 0.0527, 0.0527, 0.0526, 0.0527, 0.0526,
         0.0527],
        [0.0526, 0.0527, 0.0526, 0.0526, 0.0526, 0.0526, 0.0526, 0.0527, 0.0526,
         0.0526, 0.0526, 0.0528, 0.0525, 0.0527, 0.0527, 0.0526, 0.0527, 0.0526,
         0.0527]], device='cuda:1', grad_fn=<SliceBackward0>)
pt values at epoch 2: tensor([0.0526, 0.0526, 0.0526, 0.0526, 0.0526], device='cuda:2',
       grad_fn=<SliceBackward0>)
pt values at epoch 2: tensor([0.0526, 0.0526, 0.0526, 0.0526, 0.0526], device='cuda:0',
       grad_fn=<SliceBackward0>)
pt values at epoch 2: tensor([0.0526, 0.0526, 0.0526, 0.0526, 0.0526], device='cuda:3',
       grad_fn=<SliceBackward0>)
pt values at epoch 2: tensor([0.0526, 0.0526, 0.0526, 0.0526, 0.0526], device='cuda:1',
       grad_fn=<SliceBackward0>)
Layer conv1.att_src grad: 2.6195695244432e-22Layer conv1.att_src grad: 2.6195695244432e-22Layer conv1.att_src grad: 2.6195695244432e-22
Layer conv1.att_src grad: 2.6195695244432e-22


Layer conv1.att_dst grad: 1.3093376043060845e-23
Layer conv1.att_dst grad: 1.3093376043060845e-23Layer conv1.att_dst grad: 1.3093376043060845e-23

Layer conv1.att_dst grad: 1.3093376043060845e-23
Layer conv1.bias grad: 6.781702588346959e-16
Layer conv1.bias grad: 6.781702588346959e-16Layer conv1.bias grad: 6.781702588346959e-16

Layer conv1.bias grad: 6.781702588346959e-16
Layer conv1.lin.weight grad: 4.571555400944075e-16
Layer conv1.lin.weight grad: 4.571555400944075e-16Layer conv1.lin.weight grad: 4.571555400944075e-16
Layer conv1.lin.weight grad: 4.571555400944075e-16

Layer conv2.att_src grad: 1.7583532872533584e-23
Layer conv2.att_src grad: 1.7583532872533584e-23
Layer conv2.att_src grad: 1.7583532872533584e-23Layer conv2.att_src grad: 1.7583532872533584e-23

Layer conv2.att_dst grad: 4.4618035908172845e-24
Layer conv2.att_dst grad: 4.4618035908172845e-24
Layer conv2.att_dst grad: 4.4618035908172845e-24Layer conv2.att_dst grad: 4.4618035908172845e-24

Layer conv2.bias grad: 2.5414845805670806e-14
Layer conv2.bias grad: 2.5414845805670806e-14
Layer conv2.bias grad: 2.5414845805670806e-14Layer conv2.bias grad: 2.5414845805670806e-14

Layer conv2.lin.weight grad: 2.8749740832799246e-17
Layer conv2.lin.weight grad: 2.8749740832799246e-17
Layer conv2.lin.weight grad: 2.8749740832799246e-17Layer conv2.lin.weight grad: 2.8749740832799246e-17

Layer conv3.att_src grad: 7.508937492938701e-22
Layer conv3.att_src grad: 7.508937492938701e-22
Layer conv3.att_src grad: 7.508937492938701e-22Layer conv3.att_src grad: 7.508937492938701e-22
Layer conv3.att_dst grad: 1.8281171164852286e-22

Layer conv3.att_dst grad: 1.8281171164852286e-22
Layer conv3.att_dst grad: 1.8281171164852286e-22
Layer conv3.att_dst grad: 1.8281171164852286e-22Layer conv3.bias grad: 1.8003074074915415e-12

Layer conv3.bias grad: 1.8003074074915415e-12
Layer conv3.bias grad: 1.8003074074915415e-12
Layer conv3.bias grad: 1.8003074074915415e-12
Layer conv3.lin.weight grad: 1.1623943249453907e-15
Layer conv3.lin.weight grad: 1.1623943249453907e-15
Layer conv3.lin.weight grad: 1.1623943249453907e-15
Layer conv3.lin.weight grad: 1.1623943249453907e-15
Layer conv4.att_src grad: 1.798185638526579e-20
Layer conv4.att_src grad: 1.798185638526579e-20
Layer conv4.att_src grad: 1.798185638526579e-20
Layer conv4.att_src grad: 1.798185638526579e-20Layer conv4.att_dst grad: 4.133281368743614e-21

Layer conv4.att_dst grad: 4.133281368743614e-21
Layer conv4.att_dst grad: 4.133281368743614e-21
Layer conv4.att_dst grad: 4.133281368743614e-21Layer conv4.bias grad: 1.0678091050264626e-10

Layer conv4.bias grad: 1.0678091050264626e-10
Layer conv4.bias grad: 1.0678091050264626e-10
Layer conv4.bias grad: 1.0678091050264626e-10
Layer conv4.lin.weight grad: 7.610792286108156e-14
Layer conv4.lin.weight grad: 7.610792286108156e-14
Layer conv4.lin.weight grad: 7.610792286108156e-14
Layer conv4.lin.weight grad: 7.610792286108156e-14
Layer fc.weight grad: 2.4244982757548605e-11
Layer fc.weight grad: 2.4244982757548605e-11
Layer fc.weight grad: 2.4244982757548605e-11
Layer fc.weight grad: 2.4244982757548605e-11Layer fc.bias grad: 4.02718498548893e-08

Layer fc.bias grad: 4.02718498548893e-08
Layer fc.bias grad: 4.02718498548893e-08
Layer fc.bias grad: 4.02718498548893e-08
Softmax output at epoch 2: tensor([[0.0526, 0.0526, 0.0526, 0.0526, 0.0526, 0.0526, 0.0526, 0.0527, 0.0526,
         0.0526, 0.0527, 0.0527, 0.0526, 0.0526, 0.0527, 0.0526, 0.0526, 0.0526,
         0.0527],
        [0.0526, 0.0526, 0.0526, 0.0526, 0.0526, 0.0526, 0.0526, 0.0527, 0.0526,
         0.0526, 0.0527, 0.0527, 0.0526, 0.0526, 0.0527, 0.0526, 0.0526, 0.0526,
         0.0527],
        [0.0526, 0.0526, 0.0526, 0.0526, 0.0526, 0.0526, 0.0526, 0.0527, 0.0526,
         0.0526, 0.0527, 0.0527, 0.0526, 0.0526, 0.0527, 0.0526, 0.0526, 0.0526,
         0.0527],
        [0.0526, 0.0526, 0.0526, 0.0526, 0.0526, 0.0526, 0.0526, 0.0527, 0.0526,
         0.0526, 0.0527, 0.0527, 0.0526, 0.0526, 0.0527, 0.0526, 0.0526, 0.0526,
         0.0527],
        [0.0526, 0.0526, 0.0526, 0.0526, 0.0526, 0.0526, 0.0526, 0.0527, 0.0526,
         0.0526, 0.0527, 0.0527, 0.0526, 0.0526, 0.0527, 0.0526, 0.0526, 0.0526,
         0.0527]], device='cuda:2', grad_fn=<SliceBackward0>)
Softmax output at epoch 2: tensor([[0.0526, 0.0526, 0.0526, 0.0526, 0.0526, 0.0526, 0.0526, 0.0527, 0.0526,
         0.0526, 0.0527, 0.0527, 0.0526, 0.0526, 0.0527, 0.0526, 0.0526, 0.0526,
         0.0527],
        [0.0526, 0.0526, 0.0526, 0.0526, 0.0526, 0.0526, 0.0526, 0.0527, 0.0526,
         0.0526, 0.0527, 0.0527, 0.0526, 0.0526, 0.0527, 0.0526, 0.0526, 0.0526,
         0.0527],
        [0.0526, 0.0526, 0.0526, 0.0526, 0.0526, 0.0526, 0.0526, 0.0527, 0.0526,
         0.0526, 0.0527, 0.0527, 0.0526, 0.0526, 0.0527, 0.0526, 0.0526, 0.0526,
         0.0527],
        [0.0526, 0.0526, 0.0526, 0.0526, 0.0526, 0.0526, 0.0526, 0.0527, 0.0526,
         0.0526, 0.0527, 0.0527, 0.0526, 0.0526, 0.0527, 0.0526, 0.0526, 0.0526,
         0.0527],
        [0.0526, 0.0526, 0.0526, 0.0526, 0.0526, 0.0526, 0.0526, 0.0527, 0.0526,
         0.0526, 0.0527, 0.0527, 0.0526, 0.0526, 0.0527, 0.0526, 0.0526, 0.0526,
         0.0527]], device='cuda:0', grad_fn=<SliceBackward0>)Softmax output at epoch 2: tensor([[0.0526, 0.0526, 0.0526, 0.0526, 0.0526, 0.0526, 0.0526, 0.0527, 0.0526,
         0.0526, 0.0527, 0.0527, 0.0526, 0.0526, 0.0527, 0.0526, 0.0526, 0.0526,
         0.0527],
        [0.0526, 0.0526, 0.0526, 0.0526, 0.0526, 0.0526, 0.0526, 0.0527, 0.0526,
         0.0526, 0.0527, 0.0527, 0.0526, 0.0526, 0.0527, 0.0526, 0.0526, 0.0526,
         0.0527],
        [0.0526, 0.0526, 0.0526, 0.0526, 0.0526, 0.0526, 0.0526, 0.0527, 0.0526,
         0.0526, 0.0527, 0.0527, 0.0526, 0.0526, 0.0527, 0.0526, 0.0526, 0.0526,
         0.0527],
        [0.0526, 0.0526, 0.0526, 0.0526, 0.0526, 0.0526, 0.0526, 0.0527, 0.0526,
         0.0526, 0.0527, 0.0527, 0.0526, 0.0526, 0.0527, 0.0526, 0.0526, 0.0526,
         0.0527],
        [0.0526, 0.0526, 0.0526, 0.0526, 0.0526, 0.0526, 0.0526, 0.0527, 0.0526,
         0.0526, 0.0527, 0.0527, 0.0526, 0.0526, 0.0527, 0.0526, 0.0526, 0.0526,
         0.0527]], device='cuda:1', grad_fn=<SliceBackward0>)

Softmax output at epoch 2: tensor([[0.0526, 0.0526, 0.0526, 0.0526, 0.0526, 0.0526, 0.0526, 0.0527, 0.0526,
         0.0526, 0.0527, 0.0527, 0.0526, 0.0526, 0.0527, 0.0526, 0.0526, 0.0526,
         0.0527],
        [0.0526, 0.0526, 0.0526, 0.0526, 0.0526, 0.0526, 0.0526, 0.0527, 0.0526,
         0.0526, 0.0527, 0.0527, 0.0526, 0.0526, 0.0527, 0.0526, 0.0526, 0.0526,
         0.0527],
        [0.0526, 0.0526, 0.0526, 0.0526, 0.0526, 0.0526, 0.0526, 0.0527, 0.0526,
         0.0526, 0.0527, 0.0527, 0.0526, 0.0526, 0.0527, 0.0526, 0.0526, 0.0526,
         0.0527],
        [0.0526, 0.0526, 0.0526, 0.0526, 0.0526, 0.0526, 0.0526, 0.0527, 0.0526,
         0.0526, 0.0527, 0.0527, 0.0526, 0.0526, 0.0527, 0.0526, 0.0526, 0.0526,
         0.0527],
        [0.0526, 0.0526, 0.0526, 0.0526, 0.0526, 0.0526, 0.0526, 0.0527, 0.0526,
         0.0526, 0.0527, 0.0527, 0.0526, 0.0526, 0.0527, 0.0526, 0.0526, 0.0526,
         0.0527]], device='cuda:3', grad_fn=<SliceBackward0>)
pt values at epoch 2: tensor([0.0526, 0.0526, 0.0526, 0.0526, 0.0526], device='cuda:2',
       grad_fn=<SliceBackward0>)
pt values at epoch 2: tensor([0.0526, 0.0526, 0.0526, 0.0526, 0.0526], device='cuda:1',
       grad_fn=<SliceBackward0>)pt values at epoch 2: tensor([0.0526, 0.0526, 0.0526, 0.0526, 0.0526], device='cuda:0',
       grad_fn=<SliceBackward0>)
pt values at epoch 2: tensor([0.0526, 0.0526, 0.0526, 0.0526, 0.0526], device='cuda:3',
       grad_fn=<SliceBackward0>)

Layer conv1.att_src grad: 1.8194301476564225e-25Layer conv1.att_src grad: 1.8194301476564225e-25Layer conv1.att_src grad: 1.8194301476564225e-25


Layer conv1.att_dst grad: 8.740607795835174e-26Layer conv1.att_dst grad: 8.740607795835174e-26

Layer conv1.att_dst grad: 8.740607795835174e-26
Layer conv1.bias grad: 7.205246061149303e-18Layer conv1.bias grad: 7.205246061149303e-18

Layer conv1.bias grad: 7.205246061149303e-18
Layer conv1.lin.weight grad: 4.0528202148597e-18Layer conv1.lin.weight grad: 4.0528202148597e-18

Layer conv1.lin.weight grad: 4.0528202148597e-18
Layer conv2.att_src grad: 2.3307330704922225e-27Layer conv2.att_src grad: 2.3307330704922225e-27

Layer conv2.att_src grad: 2.3307330704922225e-27
Layer conv2.att_dst grad: 6.9338273563502015e-28Layer conv2.att_dst grad: 6.9338273563502015e-28

Layer conv2.bias grad: 1.4045351041813855e-15Layer conv2.att_dst grad: 6.9338273563502015e-28
Layer conv2.bias grad: 1.4045351041813855e-15

Layer conv2.bias grad: 1.4045351041813855e-15
Layer conv2.lin.weight grad: 3.079765835993851e-19
Layer conv2.lin.weight grad: 3.079765835993851e-19
Layer conv2.lin.weight grad: 3.079765835993851e-19
Layer conv3.att_src grad: 2.8697751469095924e-25
Layer conv3.att_src grad: 2.8697751469095924e-25
Layer conv3.att_dst grad: 8.238831862951555e-26
Layer conv3.att_src grad: 2.8697751469095924e-25Layer conv3.att_dst grad: 8.238831862951555e-26

Layer conv3.bias grad: 4.3092710389630584e-13
Layer conv1.att_src grad: 1.8194301476564225e-25
Layer conv3.bias grad: 4.3092710389630584e-13
Layer conv3.att_dst grad: 8.238831862951555e-26
Layer conv3.lin.weight grad: 5.393633169385487e-17
Layer conv1.att_dst grad: 8.740607795835174e-26Layer conv3.lin.weight grad: 5.393633169385487e-17
Layer conv3.bias grad: 4.3092710389630584e-13

Layer conv4.att_src grad: 5.93089105045696e-23
Layer conv1.bias grad: 7.205246061149303e-18
Layer conv4.att_src grad: 5.93089105045696e-23
Layer conv3.lin.weight grad: 5.393633169385487e-17
Layer conv4.att_dst grad: 2.0772657698626947e-23
Layer conv4.att_dst grad: 2.0772657698626947e-23
Layer conv1.lin.weight grad: 4.0528202148597e-18
Layer conv4.att_src grad: 5.93089105045696e-23
Layer conv4.bias grad: 1.0939678329879854e-10
Layer conv4.att_dst grad: 2.0772657698626947e-23
Layer conv4.bias grad: 1.0939678329879854e-10
Layer conv2.att_src grad: 2.3307330704922225e-27
Layer conv4.bias grad: 1.0939678329879854e-10
Layer conv4.lin.weight grad: 1.5501458488142647e-14Layer conv4.lin.weight grad: 1.5501458488142647e-14Layer conv2.att_dst grad: 6.9338273563502015e-28


Layer conv4.lin.weight grad: 1.5501458488142647e-14
Layer fc.weight grad: 2.180667105222689e-11
Layer conv2.bias grad: 1.4045351041813855e-15
Layer fc.weight grad: 2.180667105222689e-11
Layer fc.weight grad: 2.180667105222689e-11
Layer fc.bias grad: 1.8437904714119213e-07
Layer fc.bias grad: 1.8437904714119213e-07
Layer conv2.lin.weight grad: 3.079765835993851e-19
Layer fc.bias grad: 1.8437904714119213e-07
Layer conv3.att_src grad: 2.8697751469095924e-25
Layer conv3.att_dst grad: 8.238831862951555e-26
Layer conv3.bias grad: 4.3092710389630584e-13
Layer conv3.lin.weight grad: 5.393633169385487e-17
Layer conv4.att_src grad: 5.93089105045696e-23
Layer conv4.att_dst grad: 2.0772657698626947e-23
Layer conv4.bias grad: 1.0939678329879854e-10
Layer conv4.lin.weight grad: 1.5501458488142647e-14
Layer fc.weight grad: 2.180667105222689e-11
Layer fc.bias grad: 1.8437904714119213e-07
Softmax output at epoch 3: tensor([[0.0527, 0.0526, 0.0527, 0.0526, 0.0527, 0.0527, 0.0526, 0.0526, 0.0527,
         0.0527, 0.0527, 0.0526, 0.0526, 0.0526, 0.0526, 0.0527, 0.0526, 0.0527,
         0.0526],
        [0.0527, 0.0526, 0.0527, 0.0526, 0.0527, 0.0527, 0.0526, 0.0526, 0.0527,
         0.0527, 0.0527, 0.0526, 0.0526, 0.0526, 0.0526, 0.0527, 0.0526, 0.0527,
         0.0526],
        [0.0527, 0.0526, 0.0527, 0.0526, 0.0527, 0.0527, 0.0526, 0.0526, 0.0527,
         0.0527, 0.0527, 0.0526, 0.0526, 0.0526, 0.0526, 0.0527, 0.0526, 0.0527,
         0.0526],
        [0.0527, 0.0526, 0.0527, 0.0526, 0.0527, 0.0527, 0.0526, 0.0526, 0.0527,
         0.0527, 0.0527, 0.0526, 0.0526, 0.0526, 0.0526, 0.0527, 0.0526, 0.0527,
         0.0526],
        [0.0527, 0.0526, 0.0527, 0.0526, 0.0527, 0.0527, 0.0526, 0.0526, 0.0527,
         0.0527, 0.0527, 0.0526, 0.0526, 0.0526, 0.0526, 0.0527, 0.0526, 0.0527,
         0.0526]], device='cuda:2', grad_fn=<SliceBackward0>)
Softmax output at epoch 3: tensor([[0.0527, 0.0526, 0.0527, 0.0526, 0.0527, 0.0527, 0.0526, 0.0526, 0.0527,
         0.0527, 0.0527, 0.0526, 0.0526, 0.0526, 0.0526, 0.0527, 0.0526, 0.0527,
         0.0526],
        [0.0527, 0.0526, 0.0527, 0.0526, 0.0527, 0.0527, 0.0526, 0.0526, 0.0527,
         0.0527, 0.0527, 0.0526, 0.0526, 0.0526, 0.0526, 0.0527, 0.0526, 0.0527,
         0.0526],
        [0.0527, 0.0526, 0.0527, 0.0526, 0.0527, 0.0527, 0.0526, 0.0526, 0.0527,
         0.0527, 0.0527, 0.0526, 0.0526, 0.0526, 0.0526, 0.0527, 0.0526, 0.0527,
         0.0526],
        [0.0527, 0.0526, 0.0527, 0.0526, 0.0527, 0.0527, 0.0526, 0.0526, 0.0527,
         0.0527, 0.0527, 0.0526, 0.0526, 0.0526, 0.0526, 0.0527, 0.0526, 0.0527,
         0.0526],
        [0.0527, 0.0526, 0.0527, 0.0526, 0.0527, 0.0527, 0.0526, 0.0526, 0.0527,
         0.0527, 0.0527, 0.0526, 0.0526, 0.0526, 0.0526, 0.0527, 0.0526, 0.0527,
         0.0526]], device='cuda:3', grad_fn=<SliceBackward0>)
Softmax output at epoch 3: tensor([[0.0527, 0.0526, 0.0527, 0.0526, 0.0527, 0.0527, 0.0526, 0.0526, 0.0527,
         0.0527, 0.0527, 0.0526, 0.0526, 0.0526, 0.0526, 0.0527, 0.0526, 0.0527,
         0.0526],
        [0.0527, 0.0526, 0.0527, 0.0526, 0.0527, 0.0527, 0.0526, 0.0526, 0.0527,
         0.0527, 0.0527, 0.0526, 0.0526, 0.0526, 0.0526, 0.0527, 0.0526, 0.0527,
         0.0526],
        [0.0527, 0.0526, 0.0527, 0.0526, 0.0527, 0.0527, 0.0526, 0.0526, 0.0527,
         0.0527, 0.0527, 0.0526, 0.0526, 0.0526, 0.0526, 0.0527, 0.0526, 0.0527,
         0.0526],
        [0.0527, 0.0526, 0.0527, 0.0526, 0.0527, 0.0527, 0.0526, 0.0526, 0.0527,
         0.0527, 0.0527, 0.0526, 0.0526, 0.0526, 0.0526, 0.0527, 0.0526, 0.0527,
         0.0526],
        [0.0527, 0.0526, 0.0527, 0.0526, 0.0527, 0.0527, 0.0526, 0.0526, 0.0527,
         0.0527, 0.0527, 0.0526, 0.0526, 0.0526, 0.0526, 0.0527, 0.0526, 0.0527,
         0.0526]], device='cuda:1', grad_fn=<SliceBackward0>)
pt values at epoch 3: tensor([0.0527, 0.0527, 0.0527, 0.0527, 0.0527], device='cuda:2',
       grad_fn=<SliceBackward0>)
pt values at epoch 3: tensor([0.0527, 0.0527, 0.0527, 0.0527, 0.0527], device='cuda:3',
       grad_fn=<SliceBackward0>)
pt values at epoch 3: tensor([0.0527, 0.0527, 0.0527, 0.0527, 0.0527], device='cuda:1',
       grad_fn=<SliceBackward0>)
Precision: 0.0000, Recall: 0.0005, F1-Score: 0.0000
Fold 5, Epoch 2, Train Loss: 0.0000, Val Loss: 0.0000, Val Acc: 0.0004
Softmax output at epoch 3: tensor([[0.0527, 0.0526, 0.0527, 0.0526, 0.0527, 0.0527, 0.0526, 0.0526, 0.0527,
         0.0527, 0.0527, 0.0526, 0.0526, 0.0526, 0.0526, 0.0527, 0.0526, 0.0527,
         0.0526],
        [0.0527, 0.0526, 0.0527, 0.0526, 0.0527, 0.0527, 0.0526, 0.0526, 0.0527,
         0.0527, 0.0527, 0.0526, 0.0526, 0.0526, 0.0526, 0.0527, 0.0526, 0.0527,
         0.0526],
        [0.0527, 0.0526, 0.0527, 0.0526, 0.0527, 0.0527, 0.0526, 0.0526, 0.0527,
         0.0527, 0.0527, 0.0526, 0.0526, 0.0526, 0.0526, 0.0527, 0.0526, 0.0527,
         0.0526],
        [0.0527, 0.0526, 0.0527, 0.0526, 0.0527, 0.0527, 0.0526, 0.0526, 0.0527,
         0.0527, 0.0527, 0.0526, 0.0526, 0.0526, 0.0526, 0.0527, 0.0526, 0.0527,
         0.0526],
        [0.0527, 0.0526, 0.0527, 0.0526, 0.0527, 0.0527, 0.0526, 0.0526, 0.0527,
         0.0527, 0.0527, 0.0526, 0.0526, 0.0526, 0.0526, 0.0527, 0.0526, 0.0527,
         0.0526]], device='cuda:0', grad_fn=<SliceBackward0>)
pt values at epoch 3: tensor([0.0527, 0.0527, 0.0527, 0.0527, 0.0527], device='cuda:0',
       grad_fn=<SliceBackward0>)
Layer conv1.att_src grad: 1.4753081011938868e-23Layer conv1.att_src grad: 1.4753081011938868e-23Layer conv1.att_src grad: 1.4753081011938868e-23Layer conv1.att_src grad: 1.4753081011938868e-23



Layer conv1.att_dst grad: 1.5504309702106764e-24
Layer conv1.att_dst grad: 1.5504309702106764e-24Layer conv1.att_dst grad: 1.5504309702106764e-24

Layer conv1.att_dst grad: 1.5504309702106764e-24
Layer conv1.bias grad: 1.2700007023503073e-16
Layer conv1.bias grad: 1.2700007023503073e-16Layer conv1.bias grad: 1.2700007023503073e-16

Layer conv1.bias grad: 1.2700007023503073e-16
Layer conv1.lin.weight grad: 6.451118069830019e-17
Layer conv1.lin.weight grad: 6.451118069830019e-17Layer conv1.lin.weight grad: 6.451118069830019e-17
Layer conv1.lin.weight grad: 6.451118069830019e-17

Layer conv2.att_src grad: 3.2895031361553717e-25
Layer conv2.att_src grad: 3.2895031361553717e-25
Layer conv2.att_src grad: 3.2895031361553717e-25Layer conv2.att_src grad: 3.2895031361553717e-25

Layer conv2.att_dst grad: 7.824737819683251e-26
Layer conv2.att_dst grad: 7.824737819683251e-26
Layer conv2.att_dst grad: 7.824737819683251e-26Layer conv2.att_dst grad: 7.824737819683251e-26

Layer conv2.bias grad: 8.120406609505096e-15
Layer conv2.bias grad: 8.120406609505096e-15
Layer conv2.bias grad: 8.120406609505096e-15Layer conv2.bias grad: 8.120406609505096e-15

Layer conv2.lin.weight grad: 4.0797325360891125e-18
Layer conv2.lin.weight grad: 4.0797325360891125e-18
Layer conv2.lin.weight grad: 4.0797325360891125e-18Layer conv2.lin.weight grad: 4.0797325360891125e-18
Layer conv3.att_src grad: 2.306027385995555e-23

Layer conv3.att_src grad: 2.306027385995555e-23
Layer conv3.att_src grad: 2.306027385995555e-23Layer conv3.att_dst grad: 6.146855449440963e-24
Layer conv3.att_src grad: 2.306027385995555e-23

Layer conv3.att_dst grad: 6.146855449440963e-24
Layer conv3.att_dst grad: 6.146855449440963e-24
Layer conv3.bias grad: 8.342803444610913e-13Layer conv3.att_dst grad: 6.146855449440963e-24

Layer conv3.bias grad: 8.342803444610913e-13
Layer conv3.bias grad: 8.342803444610913e-13
Layer conv3.bias grad: 8.342803444610913e-13
Layer conv3.lin.weight grad: 3.4398481797052007e-16
Layer conv3.lin.weight grad: 3.4398481797052007e-16
Layer conv3.lin.weight grad: 3.4398481797052007e-16
Layer conv4.att_src grad: 1.1026926439732945e-21Layer conv3.lin.weight grad: 3.4398481797052007e-16

Layer conv4.att_src grad: 1.1026926439732945e-21
Layer conv4.att_src grad: 1.1026926439732945e-21
Layer conv4.att_dst grad: 3.5905946947688272e-22
Layer conv4.att_src grad: 1.1026926439732945e-21
Layer conv4.att_dst grad: 3.5905946947688272e-22
Layer conv4.att_dst grad: 3.5905946947688272e-22
Layer conv4.bias grad: 9.916432952561394e-11
Layer conv4.att_dst grad: 3.5905946947688272e-22
Layer conv4.bias grad: 9.916432952561394e-11
Layer conv4.bias grad: 9.916432952561394e-11
Layer conv4.lin.weight grad: 3.6880820798593575e-14Layer conv4.bias grad: 9.916432952561394e-11

Layer conv4.lin.weight grad: 3.6880820798593575e-14
Layer conv4.lin.weight grad: 3.6880820798593575e-14
Layer fc.weight grad: 2.3078677857668595e-11
Layer conv4.lin.weight grad: 3.6880820798593575e-14
Layer fc.weight grad: 2.3078677857668595e-11
Layer fc.weight grad: 2.3078677857668595e-11
Layer fc.bias grad: 5.2949829409953963e-08
Layer fc.weight grad: 2.3078677857668595e-11Layer fc.bias grad: 5.2949829409953963e-08

Layer fc.bias grad: 5.2949829409953963e-08
Layer fc.bias grad: 5.2949829409953963e-08
Softmax output at epoch 3: tensor([[0.0527, 0.0526, 0.0527, 0.0527, 0.0527, 0.0527, 0.0527, 0.0525, 0.0527,
         0.0527, 0.0527, 0.0525, 0.0527, 0.0525, 0.0525, 0.0527, 0.0525, 0.0527,
         0.0525],
        [0.0527, 0.0526, 0.0527, 0.0527, 0.0527, 0.0527, 0.0527, 0.0525, 0.0527,
         0.0527, 0.0527, 0.0525, 0.0527, 0.0525, 0.0525, 0.0527, 0.0525, 0.0527,
         0.0525],
        [0.0527, 0.0526, 0.0527, 0.0527, 0.0527, 0.0527, 0.0527, 0.0525, 0.0527,
         0.0527, 0.0527, 0.0525, 0.0527, 0.0525, 0.0525, 0.0527, 0.0525, 0.0527,
         0.0525],
        [0.0527, 0.0526, 0.0527, 0.0527, 0.0527, 0.0527, 0.0527, 0.0525, 0.0527,
         0.0527, 0.0527, 0.0525, 0.0527, 0.0525, 0.0525, 0.0527, 0.0525, 0.0527,
         0.0525],
        [0.0527, 0.0526, 0.0527, 0.0527, 0.0527, 0.0527, 0.0527, 0.0525, 0.0527,
         0.0527, 0.0527, 0.0525, 0.0527, 0.0525, 0.0525, 0.0527, 0.0525, 0.0527,
         0.0525]], device='cuda:0', grad_fn=<SliceBackward0>)Softmax output at epoch 3: tensor([[0.0527, 0.0526, 0.0527, 0.0527, 0.0527, 0.0527, 0.0527, 0.0525, 0.0527,
         0.0527, 0.0527, 0.0525, 0.0527, 0.0525, 0.0525, 0.0527, 0.0525, 0.0527,
         0.0525],
        [0.0527, 0.0526, 0.0527, 0.0527, 0.0527, 0.0527, 0.0527, 0.0525, 0.0527,
         0.0527, 0.0527, 0.0525, 0.0527, 0.0525, 0.0525, 0.0527, 0.0525, 0.0527,
         0.0525],
        [0.0527, 0.0526, 0.0527, 0.0527, 0.0527, 0.0527, 0.0527, 0.0525, 0.0527,
         0.0527, 0.0527, 0.0525, 0.0527, 0.0525, 0.0525, 0.0527, 0.0525, 0.0527,
         0.0525],
        [0.0527, 0.0526, 0.0527, 0.0527, 0.0527, 0.0527, 0.0527, 0.0525, 0.0527,
         0.0527, 0.0527, 0.0525, 0.0527, 0.0525, 0.0525, 0.0527, 0.0525, 0.0527,
         0.0525],
        [0.0527, 0.0526, 0.0527, 0.0527, 0.0527, 0.0527, 0.0527, 0.0525, 0.0527,
         0.0527, 0.0527, 0.0525, 0.0527, 0.0525, 0.0525, 0.0527, 0.0525, 0.0527,
         0.0525]], device='cuda:2', grad_fn=<SliceBackward0>)

Softmax output at epoch 3: tensor([[0.0527, 0.0526, 0.0527, 0.0527, 0.0527, 0.0527, 0.0527, 0.0525, 0.0527,
         0.0527, 0.0527, 0.0525, 0.0527, 0.0525, 0.0525, 0.0527, 0.0525, 0.0527,
         0.0525],
        [0.0527, 0.0526, 0.0527, 0.0527, 0.0527, 0.0527, 0.0527, 0.0525, 0.0527,
         0.0527, 0.0527, 0.0525, 0.0527, 0.0525, 0.0525, 0.0527, 0.0525, 0.0527,
         0.0525],
        [0.0527, 0.0526, 0.0527, 0.0527, 0.0527, 0.0527, 0.0527, 0.0525, 0.0527,
         0.0527, 0.0527, 0.0525, 0.0527, 0.0525, 0.0525, 0.0527, 0.0525, 0.0527,
         0.0525],
        [0.0527, 0.0526, 0.0527, 0.0527, 0.0527, 0.0527, 0.0527, 0.0525, 0.0527,
         0.0527, 0.0527, 0.0525, 0.0527, 0.0525, 0.0525, 0.0527, 0.0525, 0.0527,
         0.0525],
        [0.0527, 0.0526, 0.0527, 0.0527, 0.0527, 0.0527, 0.0527, 0.0525, 0.0527,
         0.0527, 0.0527, 0.0525, 0.0527, 0.0525, 0.0525, 0.0527, 0.0525, 0.0527,
         0.0525]], device='cuda:1', grad_fn=<SliceBackward0>)
Softmax output at epoch 3: tensor([[0.0527, 0.0526, 0.0527, 0.0527, 0.0527, 0.0527, 0.0527, 0.0525, 0.0527,
         0.0527, 0.0527, 0.0525, 0.0527, 0.0525, 0.0525, 0.0527, 0.0525, 0.0527,
         0.0525],
        [0.0527, 0.0526, 0.0527, 0.0527, 0.0527, 0.0527, 0.0527, 0.0525, 0.0527,
         0.0527, 0.0527, 0.0525, 0.0527, 0.0525, 0.0525, 0.0527, 0.0525, 0.0527,
         0.0525],
        [0.0527, 0.0526, 0.0527, 0.0527, 0.0527, 0.0527, 0.0527, 0.0525, 0.0527,
         0.0527, 0.0527, 0.0525, 0.0527, 0.0525, 0.0525, 0.0527, 0.0525, 0.0527,
         0.0525],
        [0.0527, 0.0526, 0.0527, 0.0527, 0.0527, 0.0527, 0.0527, 0.0525, 0.0527,
         0.0527, 0.0527, 0.0525, 0.0527, 0.0525, 0.0525, 0.0527, 0.0525, 0.0527,
         0.0525],
        [0.0527, 0.0526, 0.0527, 0.0527, 0.0527, 0.0527, 0.0527, 0.0525, 0.0527,
         0.0527, 0.0527, 0.0525, 0.0527, 0.0525, 0.0525, 0.0527, 0.0525, 0.0527,
         0.0525]], device='cuda:3', grad_fn=<SliceBackward0>)
pt values at epoch 3: tensor([0.0527, 0.0527, 0.0527, 0.0527, 0.0527], device='cuda:2',
       grad_fn=<SliceBackward0>)
pt values at epoch 3: tensor([0.0527, 0.0527, 0.0527, 0.0527, 0.0527], device='cuda:0',
       grad_fn=<SliceBackward0>)
pt values at epoch 3: tensor([0.0527, 0.0527, 0.0527, 0.0527, 0.0527], device='cuda:1',
       grad_fn=<SliceBackward0>)
pt values at epoch 3: tensor([0.0527, 0.0527, 0.0527, 0.0527, 0.0527], device='cuda:3',
       grad_fn=<SliceBackward0>)
Layer conv1.att_src grad: 6.444816890812897e-22Layer conv1.att_src grad: 6.444816890812897e-22Layer conv1.att_src grad: 6.444816890812897e-22Layer conv1.att_src grad: 6.444816890812897e-22



Layer conv1.att_dst grad: 5.37489557356995e-23
Layer conv1.att_dst grad: 5.37489557356995e-23
Layer conv1.att_dst grad: 5.37489557356995e-23
Layer conv1.bias grad: 1.0969335011992102e-15
Layer conv1.bias grad: 1.0969335011992102e-15
Layer conv1.bias grad: 1.0969335011992102e-15
Layer conv1.att_dst grad: 5.37489557356995e-23
Layer conv1.lin.weight grad: 5.883856134586874e-16
Layer conv1.lin.weight grad: 5.883856134586874e-16
Layer conv1.lin.weight grad: 5.883856134586874e-16
Layer conv1.bias grad: 1.0969335011992102e-15
Layer conv2.att_src grad: 2.928212552679497e-23
Layer conv2.att_src grad: 2.928212552679497e-23
Layer conv2.att_src grad: 2.928212552679497e-23
Layer conv2.att_dst grad: 8.825285924990538e-24
Layer conv1.lin.weight grad: 5.883856134586874e-16
Layer conv2.att_dst grad: 8.825285924990538e-24
Layer conv2.att_dst grad: 8.825285924990538e-24
Layer conv2.bias grad: 3.915115031217359e-14
Layer conv2.bias grad: 3.915115031217359e-14Layer conv2.att_src grad: 2.928212552679497e-23
Layer conv2.bias grad: 3.915115031217359e-14

Layer conv2.lin.weight grad: 4.039464391253296e-17
Layer conv2.att_dst grad: 8.825285924990538e-24
Layer conv2.lin.weight grad: 4.039464391253296e-17
Layer conv2.lin.weight grad: 4.039464391253296e-17
Layer conv3.att_src grad: 1.0129275935883438e-21
Layer conv2.bias grad: 3.915115031217359e-14
Layer conv3.att_src grad: 1.0129275935883438e-21
Layer conv3.att_src grad: 1.0129275935883438e-21
Layer conv3.att_dst grad: 7.724192264206803e-22
Layer conv3.att_dst grad: 7.724192264206803e-22
Layer conv2.lin.weight grad: 4.039464391253296e-17Layer conv3.att_dst grad: 7.724192264206803e-22

Layer conv3.bias grad: 2.231456772833207e-12
Layer conv3.bias grad: 2.231456772833207e-12
Layer conv3.bias grad: 2.231456772833207e-12
Layer conv3.att_src grad: 1.0129275935883438e-21
Layer conv3.lin.weight grad: 1.6743844487044366e-15
Layer conv3.lin.weight grad: 1.6743844487044366e-15
Layer conv3.att_dst grad: 7.724192264206803e-22
Layer conv3.lin.weight grad: 1.6743844487044366e-15
Layer conv4.att_src grad: 2.4690808140953692e-20
Layer conv4.att_src grad: 2.4690808140953692e-20Layer conv3.bias grad: 2.231456772833207e-12

Layer conv4.att_src grad: 2.4690808140953692e-20
Layer conv4.att_dst grad: 5.286001173188873e-21
Layer conv4.att_dst grad: 5.286001173188873e-21
Layer conv4.att_dst grad: 5.286001173188873e-21
Layer conv3.lin.weight grad: 1.6743844487044366e-15Layer conv4.bias grad: 1.5291967692121489e-10

Layer conv4.bias grad: 1.5291967692121489e-10
Layer conv4.bias grad: 1.5291967692121489e-10
Layer conv4.att_src grad: 2.4690808140953692e-20
Layer conv4.lin.weight grad: 1.0436391876568474e-13
Layer conv4.lin.weight grad: 1.0436391876568474e-13
Layer conv4.lin.weight grad: 1.0436391876568474e-13
Layer conv4.att_dst grad: 5.286001173188873e-21
Layer fc.weight grad: 4.268523728923057e-11
Layer fc.weight grad: 4.268523728923057e-11
Layer fc.weight grad: 4.268523728923057e-11Layer conv4.bias grad: 1.5291967692121489e-10

Layer fc.bias grad: 5.387521184729849e-08
Layer fc.bias grad: 5.387521184729849e-08
Layer fc.bias grad: 5.387521184729849e-08
Layer conv4.lin.weight grad: 1.0436391876568474e-13
Layer fc.weight grad: 4.268523728923057e-11
Layer fc.bias grad: 5.387521184729849e-08
Softmax output at epoch 3: tensor([[0.0527, 0.0526, 0.0527, 0.0527, 0.0527, 0.0527, 0.0527, 0.0525, 0.0527,
         0.0527, 0.0527, 0.0525, 0.0527, 0.0525, 0.0525, 0.0527, 0.0525, 0.0527,
         0.0525],
        [0.0527, 0.0526, 0.0527, 0.0527, 0.0527, 0.0527, 0.0527, 0.0525, 0.0527,
         0.0527, 0.0527, 0.0525, 0.0527, 0.0525, 0.0525, 0.0527, 0.0525, 0.0527,
         0.0525],
        [0.0527, 0.0526, 0.0527, 0.0527, 0.0527, 0.0527, 0.0527, 0.0525, 0.0527,
         0.0527, 0.0527, 0.0525, 0.0527, 0.0525, 0.0525, 0.0527, 0.0525, 0.0527,
         0.0525],
        [0.0527, 0.0526, 0.0527, 0.0527, 0.0527, 0.0527, 0.0527, 0.0525, 0.0527,
         0.0527, 0.0527, 0.0525, 0.0527, 0.0525, 0.0525, 0.0527, 0.0525, 0.0527,
         0.0525],
        [0.0527, 0.0526, 0.0527, 0.0527, 0.0527, 0.0527, 0.0527, 0.0525, 0.0527,
         0.0527, 0.0527, 0.0525, 0.0527, 0.0525, 0.0525, 0.0527, 0.0525, 0.0527,
         0.0525]], device='cuda:2', grad_fn=<SliceBackward0>)
Softmax output at epoch 3: tensor([[0.0527, 0.0526, 0.0527, 0.0527, 0.0527, 0.0527, 0.0527, 0.0525, 0.0527,
         0.0527, 0.0527, 0.0525, 0.0527, 0.0525, 0.0525, 0.0527, 0.0525, 0.0527,
         0.0525],
        [0.0527, 0.0526, 0.0527, 0.0527, 0.0527, 0.0527, 0.0527, 0.0525, 0.0527,
         0.0527, 0.0527, 0.0525, 0.0527, 0.0525, 0.0525, 0.0527, 0.0525, 0.0527,
         0.0525],
        [0.0527, 0.0526, 0.0527, 0.0527, 0.0527, 0.0527, 0.0527, 0.0525, 0.0527,
         0.0527, 0.0527, 0.0525, 0.0527, 0.0525, 0.0525, 0.0527, 0.0525, 0.0527,
         0.0525],
        [0.0527, 0.0526, 0.0527, 0.0527, 0.0527, 0.0527, 0.0527, 0.0525, 0.0527,
         0.0527, 0.0527, 0.0525, 0.0527, 0.0525, 0.0525, 0.0527, 0.0525, 0.0527,
         0.0525],
        [0.0527, 0.0526, 0.0527, 0.0527, 0.0527, 0.0527, 0.0527, 0.0525, 0.0527,
         0.0527, 0.0527, 0.0525, 0.0527, 0.0525, 0.0525, 0.0527, 0.0525, 0.0527,
         0.0525]], device='cuda:0', grad_fn=<SliceBackward0>)
Softmax output at epoch 3: tensor([[0.0527, 0.0526, 0.0527, 0.0527, 0.0527, 0.0527, 0.0527, 0.0525, 0.0527,
         0.0527, 0.0527, 0.0525, 0.0527, 0.0525, 0.0525, 0.0527, 0.0525, 0.0527,
         0.0525],
        [0.0527, 0.0526, 0.0527, 0.0527, 0.0527, 0.0527, 0.0527, 0.0525, 0.0527,
         0.0527, 0.0527, 0.0525, 0.0527, 0.0525, 0.0525, 0.0527, 0.0525, 0.0527,
         0.0525],
        [0.0527, 0.0526, 0.0527, 0.0527, 0.0527, 0.0527, 0.0527, 0.0525, 0.0527,
         0.0527, 0.0527, 0.0525, 0.0527, 0.0525, 0.0525, 0.0527, 0.0525, 0.0527,
         0.0525],
        [0.0527, 0.0526, 0.0527, 0.0527, 0.0527, 0.0527, 0.0527, 0.0525, 0.0527,
         0.0527, 0.0527, 0.0525, 0.0527, 0.0525, 0.0525, 0.0527, 0.0525, 0.0527,
         0.0525],
        [0.0527, 0.0526, 0.0527, 0.0527, 0.0527, 0.0527, 0.0527, 0.0525, 0.0527,
         0.0527, 0.0527, 0.0525, 0.0527, 0.0525, 0.0525, 0.0527, 0.0525, 0.0527,
         0.0525]], device='cuda:1', grad_fn=<SliceBackward0>)
Softmax output at epoch 3: tensor([[0.0527, 0.0526, 0.0527, 0.0527, 0.0527, 0.0527, 0.0527, 0.0525, 0.0527,
         0.0527, 0.0527, 0.0525, 0.0527, 0.0525, 0.0525, 0.0527, 0.0525, 0.0527,
         0.0525],
        [0.0527, 0.0526, 0.0527, 0.0527, 0.0527, 0.0527, 0.0527, 0.0525, 0.0527,
         0.0527, 0.0527, 0.0525, 0.0527, 0.0525, 0.0525, 0.0527, 0.0525, 0.0527,
         0.0525],
        [0.0527, 0.0526, 0.0527, 0.0527, 0.0527, 0.0527, 0.0527, 0.0525, 0.0527,
         0.0527, 0.0527, 0.0525, 0.0527, 0.0525, 0.0525, 0.0527, 0.0525, 0.0527,
         0.0525],
        [0.0527, 0.0526, 0.0527, 0.0527, 0.0527, 0.0527, 0.0527, 0.0525, 0.0527,
         0.0527, 0.0527, 0.0525, 0.0527, 0.0525, 0.0525, 0.0527, 0.0525, 0.0527,
         0.0525],
        [0.0527, 0.0526, 0.0527, 0.0527, 0.0527, 0.0527, 0.0527, 0.0525, 0.0527,
         0.0527, 0.0527, 0.0525, 0.0527, 0.0525, 0.0525, 0.0527, 0.0525, 0.0527,
         0.0525]], device='cuda:3', grad_fn=<SliceBackward0>)
pt values at epoch 3: tensor([0.0527, 0.0527, 0.0527, 0.0527, 0.0527], device='cuda:2',
       grad_fn=<SliceBackward0>)
pt values at epoch 3: tensor([0.0527, 0.0527, 0.0527, 0.0527, 0.0527], device='cuda:0',
       grad_fn=<SliceBackward0>)
pt values at epoch 3: tensor([0.0527, 0.0527, 0.0527, 0.0527, 0.0527], device='cuda:1',
       grad_fn=<SliceBackward0>)
pt values at epoch 3: tensor([0.0527, 0.0527, 0.0527, 0.0527, 0.0527], device='cuda:3',
       grad_fn=<SliceBackward0>)
Layer conv1.att_src grad: 1.2879323306485683e-21Layer conv1.att_src grad: 1.2879323306485683e-21Layer conv1.att_src grad: 1.2879323306485683e-21
Layer conv1.att_src grad: 1.2879323306485683e-21


Layer conv1.att_dst grad: 1.5985371360492922e-22Layer conv1.att_dst grad: 1.5985371360492922e-22
Layer conv1.att_dst grad: 1.5985371360492922e-22Layer conv1.att_dst grad: 1.5985371360492922e-22


Layer conv1.bias grad: 1.3027091443063282e-15
Layer conv1.bias grad: 1.3027091443063282e-15Layer conv1.bias grad: 1.3027091443063282e-15
Layer conv1.bias grad: 1.3027091443063282e-15

Layer conv1.lin.weight grad: 8.02436821400039e-16
Layer conv1.lin.weight grad: 8.02436821400039e-16Layer conv1.lin.weight grad: 8.02436821400039e-16
Layer conv1.lin.weight grad: 8.02436821400039e-16

Layer conv2.att_src grad: 4.115435593262636e-23
Layer conv2.att_src grad: 4.115435593262636e-23
Layer conv2.att_src grad: 4.115435593262636e-23Layer conv2.att_src grad: 4.115435593262636e-23

Layer conv2.att_dst grad: 1.2836243675560436e-23
Layer conv2.att_dst grad: 1.2836243675560436e-23
Layer conv2.att_dst grad: 1.2836243675560436e-23Layer conv2.att_dst grad: 1.2836243675560436e-23

Layer conv2.bias grad: 4.287046859543543e-14
Layer conv2.bias grad: 4.287046859543543e-14
Layer conv2.bias grad: 4.287046859543543e-14Layer conv2.bias grad: 4.287046859543543e-14

Layer conv2.lin.weight grad: 4.85441530388585e-17
Layer conv2.lin.weight grad: 4.85441530388585e-17
Layer conv2.lin.weight grad: 4.85441530388585e-17Layer conv2.lin.weight grad: 4.85441530388585e-17

Layer conv3.att_src grad: 9.61414698798373e-22
Layer conv3.att_src grad: 9.61414698798373e-22
Layer conv3.att_src grad: 9.61414698798373e-22Layer conv3.att_src grad: 9.61414698798373e-22

Layer conv3.att_dst grad: 5.727504786171217e-22
Layer conv3.att_dst grad: 5.727504786171217e-22
Layer conv3.att_dst grad: 5.727504786171217e-22Layer conv3.att_dst grad: 5.727504786171217e-22

Layer conv3.bias grad: 2.3959011857810353e-12
Layer conv3.bias grad: 2.3959011857810353e-12
Layer conv3.bias grad: 2.3959011857810353e-12Layer conv3.bias grad: 2.3959011857810353e-12

Layer conv3.lin.weight grad: 1.8758639407030807e-15
Layer conv3.lin.weight grad: 1.8758639407030807e-15
Layer conv3.lin.weight grad: 1.8758639407030807e-15Layer conv3.lin.weight grad: 1.8758639407030807e-15

Layer conv4.att_src grad: 3.073464529183787e-20
Layer conv4.att_src grad: 3.073464529183787e-20
Layer conv4.att_src grad: 3.073464529183787e-20Layer conv4.att_src grad: 3.073464529183787e-20Layer conv4.att_dst grad: 6.0101683150138555e-21


Layer conv4.att_dst grad: 6.0101683150138555e-21
Layer conv4.att_dst grad: 6.0101683150138555e-21Layer conv4.att_dst grad: 6.0101683150138555e-21Layer conv4.bias grad: 1.5640005956996106e-10

Layer conv4.bias grad: 1.5640005956996106e-10

Layer conv4.bias grad: 1.5640005956996106e-10Layer conv4.bias grad: 1.5640005956996106e-10

Layer conv4.lin.weight grad: 1.1160305535620751e-13Layer conv4.lin.weight grad: 1.1160305535620751e-13

Layer conv4.lin.weight grad: 1.1160305535620751e-13Layer conv4.lin.weight grad: 1.1160305535620751e-13

Layer fc.weight grad: 3.6731145902635376e-11Layer fc.weight grad: 3.6731145902635376e-11

Layer fc.weight grad: 3.6731145902635376e-11Layer fc.weight grad: 3.6731145902635376e-11
Layer fc.bias grad: 4.4369759422124844e-08
Layer fc.bias grad: 4.4369759422124844e-08

Layer fc.bias grad: 4.4369759422124844e-08
Layer fc.bias grad: 4.4369759422124844e-08
Softmax output at epoch 3: tensor([[0.0527, 0.0526, 0.0527, 0.0527, 0.0526, 0.0527, 0.0527, 0.0525, 0.0527,
         0.0527, 0.0527, 0.0525, 0.0527, 0.0526, 0.0525, 0.0527, 0.0526, 0.0527,
         0.0525],
        [0.0527, 0.0526, 0.0527, 0.0527, 0.0526, 0.0527, 0.0527, 0.0525, 0.0527,
         0.0527, 0.0527, 0.0525, 0.0527, 0.0526, 0.0525, 0.0527, 0.0526, 0.0527,
         0.0525],
        [0.0527, 0.0526, 0.0527, 0.0527, 0.0526, 0.0527, 0.0527, 0.0525, 0.0527,
         0.0527, 0.0527, 0.0525, 0.0527, 0.0526, 0.0525, 0.0527, 0.0526, 0.0527,
         0.0525],
        [0.0527, 0.0526, 0.0527, 0.0527, 0.0526, 0.0527, 0.0527, 0.0525, 0.0527,
         0.0527, 0.0527, 0.0525, 0.0527, 0.0526, 0.0525, 0.0527, 0.0526, 0.0527,
         0.0525],
        [0.0527, 0.0526, 0.0527, 0.0527, 0.0526, 0.0527, 0.0527, 0.0525, 0.0527,
         0.0527, 0.0527, 0.0525, 0.0527, 0.0526, 0.0525, 0.0527, 0.0526, 0.0527,
         0.0525]], device='cuda:2', grad_fn=<SliceBackward0>)
Softmax output at epoch 3: tensor([[0.0527, 0.0526, 0.0527, 0.0527, 0.0526, 0.0527, 0.0527, 0.0525, 0.0527,
         0.0527, 0.0527, 0.0525, 0.0527, 0.0526, 0.0525, 0.0527, 0.0526, 0.0527,
         0.0525],
        [0.0527, 0.0526, 0.0527, 0.0527, 0.0526, 0.0527, 0.0527, 0.0525, 0.0527,
         0.0527, 0.0527, 0.0525, 0.0527, 0.0526, 0.0525, 0.0527, 0.0526, 0.0527,
         0.0525],
        [0.0527, 0.0526, 0.0527, 0.0527, 0.0526, 0.0527, 0.0527, 0.0525, 0.0527,
         0.0527, 0.0527, 0.0525, 0.0527, 0.0526, 0.0525, 0.0527, 0.0526, 0.0527,
         0.0525],
        [0.0527, 0.0526, 0.0527, 0.0527, 0.0526, 0.0527, 0.0527, 0.0525, 0.0527,
         0.0527, 0.0527, 0.0525, 0.0527, 0.0526, 0.0525, 0.0527, 0.0526, 0.0527,
         0.0525],
        [0.0527, 0.0526, 0.0527, 0.0527, 0.0526, 0.0527, 0.0527, 0.0525, 0.0527,
         0.0527, 0.0527, 0.0525, 0.0527, 0.0526, 0.0525, 0.0527, 0.0526, 0.0527,
         0.0525]], device='cuda:0', grad_fn=<SliceBackward0>)
Softmax output at epoch 3: tensor([[0.0527, 0.0526, 0.0527, 0.0527, 0.0526, 0.0527, 0.0527, 0.0525, 0.0527,
         0.0527, 0.0527, 0.0525, 0.0527, 0.0526, 0.0525, 0.0527, 0.0526, 0.0527,
         0.0525],
        [0.0527, 0.0526, 0.0527, 0.0527, 0.0526, 0.0527, 0.0527, 0.0525, 0.0527,
         0.0527, 0.0527, 0.0525, 0.0527, 0.0526, 0.0525, 0.0527, 0.0526, 0.0527,
         0.0525],
        [0.0527, 0.0526, 0.0527, 0.0527, 0.0526, 0.0527, 0.0527, 0.0525, 0.0527,
         0.0527, 0.0527, 0.0525, 0.0527, 0.0526, 0.0525, 0.0527, 0.0526, 0.0527,
         0.0525],
        [0.0527, 0.0526, 0.0527, 0.0527, 0.0526, 0.0527, 0.0527, 0.0525, 0.0527,
         0.0527, 0.0527, 0.0525, 0.0527, 0.0526, 0.0525, 0.0527, 0.0526, 0.0527,
         0.0525],
        [0.0527, 0.0526, 0.0527, 0.0527, 0.0526, 0.0527, 0.0527, 0.0525, 0.0527,
         0.0527, 0.0527, 0.0525, 0.0527, 0.0526, 0.0525, 0.0527, 0.0526, 0.0527,
         0.0525]], device='cuda:3', grad_fn=<SliceBackward0>)
Softmax output at epoch 3: tensor([[0.0527, 0.0526, 0.0527, 0.0527, 0.0526, 0.0527, 0.0527, 0.0525, 0.0527,
         0.0527, 0.0527, 0.0525, 0.0527, 0.0526, 0.0525, 0.0527, 0.0526, 0.0527,
         0.0525],
        [0.0527, 0.0526, 0.0527, 0.0527, 0.0526, 0.0527, 0.0527, 0.0525, 0.0527,
         0.0527, 0.0527, 0.0525, 0.0527, 0.0526, 0.0525, 0.0527, 0.0526, 0.0527,
         0.0525],
        [0.0527, 0.0526, 0.0527, 0.0527, 0.0526, 0.0527, 0.0527, 0.0525, 0.0527,
         0.0527, 0.0527, 0.0525, 0.0527, 0.0526, 0.0525, 0.0527, 0.0526, 0.0527,
         0.0525],
        [0.0527, 0.0526, 0.0527, 0.0527, 0.0526, 0.0527, 0.0527, 0.0525, 0.0527,
         0.0527, 0.0527, 0.0525, 0.0527, 0.0526, 0.0525, 0.0527, 0.0526, 0.0527,
         0.0525],
        [0.0527, 0.0526, 0.0527, 0.0527, 0.0526, 0.0527, 0.0527, 0.0525, 0.0527,
         0.0527, 0.0527, 0.0525, 0.0527, 0.0526, 0.0525, 0.0527, 0.0526, 0.0527,
         0.0525]], device='cuda:1', grad_fn=<SliceBackward0>)
pt values at epoch 3: tensor([0.0527, 0.0527, 0.0527, 0.0527, 0.0527], device='cuda:2',
       grad_fn=<SliceBackward0>)
pt values at epoch 3: tensor([0.0527, 0.0527, 0.0527, 0.0527, 0.0527], device='cuda:0',
       grad_fn=<SliceBackward0>)
pt values at epoch 3: tensor([0.0527, 0.0527, 0.0527, 0.0527, 0.0527], device='cuda:3',
       grad_fn=<SliceBackward0>)
pt values at epoch 3: tensor([0.0527, 0.0527, 0.0527, 0.0527, 0.0527], device='cuda:1',
       grad_fn=<SliceBackward0>)
Layer conv1.att_src grad: 1.9000457062587701e-22Layer conv1.att_src grad: 1.9000457062587701e-22Layer conv1.att_src grad: 1.9000457062587701e-22
Layer conv1.att_src grad: 1.9000457062587701e-22


Layer conv1.att_dst grad: 1.4884245309080418e-24
Layer conv1.att_dst grad: 1.4884245309080418e-24
Layer conv1.att_dst grad: 1.4884245309080418e-24Layer conv1.att_dst grad: 1.4884245309080418e-24

Layer conv1.bias grad: 3.765998216045469e-16
Layer conv1.bias grad: 3.765998216045469e-16
Layer conv1.bias grad: 3.765998216045469e-16
Layer conv1.bias grad: 3.765998216045469e-16
Layer conv1.lin.weight grad: 2.456865650323197e-16
Layer conv1.lin.weight grad: 2.456865650323197e-16
Layer conv1.lin.weight grad: 2.456865650323197e-16
Layer conv1.lin.weight grad: 2.456865650323197e-16
Layer conv2.att_src grad: 4.5850339194045745e-24
Layer conv2.att_src grad: 4.5850339194045745e-24
Layer conv2.att_src grad: 4.5850339194045745e-24
Layer conv2.att_src grad: 4.5850339194045745e-24
Layer conv2.att_dst grad: 1.144757869194187e-24
Layer conv2.att_dst grad: 1.144757869194187e-24
Layer conv2.att_dst grad: 1.144757869194187e-24
Layer conv2.att_dst grad: 1.144757869194187e-24
Layer conv2.bias grad: 1.7871143272369695e-14
Layer conv2.bias grad: 1.7871143272369695e-14
Layer conv2.bias grad: 1.7871143272369695e-14
Layer conv2.bias grad: 1.7871143272369695e-14
Layer conv2.lin.weight grad: 1.4234084276143098e-17
Layer conv2.lin.weight grad: 1.4234084276143098e-17
Layer conv2.lin.weight grad: 1.4234084276143098e-17
Layer conv2.lin.weight grad: 1.4234084276143098e-17
Layer conv3.att_src grad: 1.1045097756021402e-22
Layer conv3.att_src grad: 1.1045097756021402e-22
Layer conv3.att_src grad: 1.1045097756021402e-22
Layer conv3.att_src grad: 1.1045097756021402e-22
Layer conv3.att_dst grad: 4.054650389527374e-23
Layer conv3.att_dst grad: 4.054650389527374e-23
Layer conv3.att_dst grad: 4.054650389527374e-23
Layer conv3.att_dst grad: 4.054650389527374e-23
Layer conv3.bias grad: 1.4345211216820752e-12
Layer conv3.bias grad: 1.4345211216820752e-12
Layer conv3.bias grad: 1.4345211216820752e-12
Layer conv3.bias grad: 1.4345211216820752e-12
Layer conv3.lin.weight grad: 7.8393968647481405e-16
Layer conv3.lin.weight grad: 7.8393968647481405e-16
Layer conv3.lin.weight grad: 7.8393968647481405e-16Layer conv3.lin.weight grad: 7.8393968647481405e-16

Layer conv4.att_src grad: 5.639868877680345e-21
Layer conv4.att_src grad: 5.639868877680345e-21
Layer conv4.att_src grad: 5.639868877680345e-21Layer conv4.att_src grad: 5.639868877680345e-21

Layer conv4.att_dst grad: 1.548908217805832e-21
Layer conv4.att_dst grad: 1.548908217805832e-21
Layer conv4.att_dst grad: 1.548908217805832e-21Layer conv4.att_dst grad: 1.548908217805832e-21

Layer conv4.bias grad: 1.235794799825385e-10
Layer conv4.bias grad: 1.235794799825385e-10
Layer conv4.bias grad: 1.235794799825385e-10Layer conv4.bias grad: 1.235794799825385e-10

Layer conv4.lin.weight grad: 6.09810121778194e-14
Layer conv4.lin.weight grad: 6.09810121778194e-14
Layer conv4.lin.weight grad: 6.09810121778194e-14Layer conv4.lin.weight grad: 6.09810121778194e-14

Layer fc.weight grad: 2.3788393130330654e-11
Layer fc.weight grad: 2.3788393130330654e-11
Layer fc.weight grad: 2.3788393130330654e-11Layer fc.weight grad: 2.3788393130330654e-11

Layer fc.bias grad: 4.147895893424902e-08
Layer fc.bias grad: 4.147895893424902e-08
Layer fc.bias grad: 4.147895893424902e-08Layer fc.bias grad: 4.147895893424902e-08

Softmax output at epoch 3: tensor([[0.0527, 0.0526, 0.0526, 0.0527, 0.0526, 0.0526, 0.0527, 0.0526, 0.0526,
         0.0527, 0.0526, 0.0526, 0.0527, 0.0526, 0.0526, 0.0526, 0.0526, 0.0527,
         0.0526],
        [0.0527, 0.0526, 0.0526, 0.0527, 0.0526, 0.0526, 0.0527, 0.0526, 0.0526,
         0.0527, 0.0526, 0.0526, 0.0527, 0.0526, 0.0526, 0.0526, 0.0526, 0.0527,
         0.0526],
        [0.0527, 0.0526, 0.0526, 0.0527, 0.0526, 0.0526, 0.0527, 0.0526, 0.0526,
         0.0527, 0.0526, 0.0526, 0.0527, 0.0526, 0.0526, 0.0526, 0.0526, 0.0527,
         0.0526],
        [0.0527, 0.0526, 0.0526, 0.0527, 0.0526, 0.0526, 0.0527, 0.0526, 0.0526,
         0.0527, 0.0526, 0.0526, 0.0527, 0.0526, 0.0526, 0.0526, 0.0526, 0.0527,
         0.0526],
        [0.0527, 0.0526, 0.0526, 0.0527, 0.0526, 0.0526, 0.0527, 0.0526, 0.0526,
         0.0527, 0.0526, 0.0526, 0.0527, 0.0526, 0.0526, 0.0526, 0.0526, 0.0527,
         0.0526]], device='cuda:2', grad_fn=<SliceBackward0>)
Softmax output at epoch 3: tensor([[0.0527, 0.0526, 0.0526, 0.0527, 0.0526, 0.0526, 0.0527, 0.0526, 0.0526,
         0.0527, 0.0526, 0.0526, 0.0527, 0.0526, 0.0526, 0.0526, 0.0526, 0.0527,
         0.0526],
        [0.0527, 0.0526, 0.0526, 0.0527, 0.0526, 0.0526, 0.0527, 0.0526, 0.0526,
         0.0527, 0.0526, 0.0526, 0.0527, 0.0526, 0.0526, 0.0526, 0.0526, 0.0527,
         0.0526],
        [0.0527, 0.0526, 0.0526, 0.0527, 0.0526, 0.0526, 0.0527, 0.0526, 0.0526,
         0.0527, 0.0526, 0.0526, 0.0527, 0.0526, 0.0526, 0.0526, 0.0526, 0.0527,
         0.0526],
        [0.0527, 0.0526, 0.0526, 0.0527, 0.0526, 0.0526, 0.0527, 0.0526, 0.0526,
         0.0527, 0.0526, 0.0526, 0.0527, 0.0526, 0.0526, 0.0526, 0.0526, 0.0527,
         0.0526],
        [0.0527, 0.0526, 0.0526, 0.0527, 0.0526, 0.0526, 0.0527, 0.0526, 0.0526,
         0.0527, 0.0526, 0.0526, 0.0527, 0.0526, 0.0526, 0.0526, 0.0526, 0.0527,
         0.0526]], device='cuda:0', grad_fn=<SliceBackward0>)
Softmax output at epoch 3: tensor([[0.0527, 0.0526, 0.0526, 0.0527, 0.0526, 0.0526, 0.0527, 0.0526, 0.0526,
         0.0527, 0.0526, 0.0526, 0.0527, 0.0526, 0.0526, 0.0526, 0.0526, 0.0527,
         0.0526],
        [0.0527, 0.0526, 0.0526, 0.0527, 0.0526, 0.0526, 0.0527, 0.0526, 0.0526,
         0.0527, 0.0526, 0.0526, 0.0527, 0.0526, 0.0526, 0.0526, 0.0526, 0.0527,
         0.0526],
        [0.0527, 0.0526, 0.0526, 0.0527, 0.0526, 0.0526, 0.0527, 0.0526, 0.0526,
         0.0527, 0.0526, 0.0526, 0.0527, 0.0526, 0.0526, 0.0526, 0.0526, 0.0527,
         0.0526],
        [0.0527, 0.0526, 0.0526, 0.0527, 0.0526, 0.0526, 0.0527, 0.0526, 0.0526,
         0.0527, 0.0526, 0.0526, 0.0527, 0.0526, 0.0526, 0.0526, 0.0526, 0.0527,
         0.0526],
        [0.0527, 0.0526, 0.0526, 0.0527, 0.0526, 0.0526, 0.0527, 0.0526, 0.0526,
         0.0527, 0.0526, 0.0526, 0.0527, 0.0526, 0.0526, 0.0526, 0.0526, 0.0527,
         0.0526]], device='cuda:3', grad_fn=<SliceBackward0>)
Softmax output at epoch 3: tensor([[0.0527, 0.0526, 0.0526, 0.0527, 0.0526, 0.0526, 0.0527, 0.0526, 0.0526,
         0.0527, 0.0526, 0.0526, 0.0527, 0.0526, 0.0526, 0.0526, 0.0526, 0.0527,
         0.0526],
        [0.0527, 0.0526, 0.0526, 0.0527, 0.0526, 0.0526, 0.0527, 0.0526, 0.0526,
         0.0527, 0.0526, 0.0526, 0.0527, 0.0526, 0.0526, 0.0526, 0.0526, 0.0527,
         0.0526],
        [0.0527, 0.0526, 0.0526, 0.0527, 0.0526, 0.0526, 0.0527, 0.0526, 0.0526,
         0.0527, 0.0526, 0.0526, 0.0527, 0.0526, 0.0526, 0.0526, 0.0526, 0.0527,
         0.0526],
        [0.0527, 0.0526, 0.0526, 0.0527, 0.0526, 0.0526, 0.0527, 0.0526, 0.0526,
         0.0527, 0.0526, 0.0526, 0.0527, 0.0526, 0.0526, 0.0526, 0.0526, 0.0527,
         0.0526],
        [0.0527, 0.0526, 0.0526, 0.0527, 0.0526, 0.0526, 0.0527, 0.0526, 0.0526,
         0.0527, 0.0526, 0.0526, 0.0527, 0.0526, 0.0526, 0.0526, 0.0526, 0.0527,
         0.0526]], device='cuda:1', grad_fn=<SliceBackward0>)
pt values at epoch 3: tensor([0.0527, 0.0527, 0.0527, 0.0527, 0.0527], device='cuda:2',
       grad_fn=<SliceBackward0>)
pt values at epoch 3: tensor([0.0527, 0.0527, 0.0527, 0.0527, 0.0527], device='cuda:0',
       grad_fn=<SliceBackward0>)
pt values at epoch 3: tensor([0.0527, 0.0527, 0.0527, 0.0527, 0.0527], device='cuda:3',
       grad_fn=<SliceBackward0>)
pt values at epoch 3: tensor([0.0527, 0.0527, 0.0527, 0.0527, 0.0527], device='cuda:1',
       grad_fn=<SliceBackward0>)
Layer conv1.att_src grad: 1.2206698061921852e-25Layer conv1.att_src grad: 1.2206698061921852e-25Layer conv1.att_src grad: 1.2206698061921852e-25Layer conv1.att_src grad: 1.2206698061921852e-25



Layer conv1.att_dst grad: 3.590320759368223e-26Layer conv1.att_dst grad: 3.590320759368223e-26Layer conv1.att_dst grad: 3.590320759368223e-26


Layer conv1.att_dst grad: 3.590320759368223e-26
Layer conv1.bias grad: 2.4567150455490696e-18Layer conv1.bias grad: 2.4567150455490696e-18
Layer conv1.bias grad: 2.4567150455490696e-18
Layer conv1.bias grad: 2.4567150455490696e-18

Layer conv1.lin.weight grad: 1.4551769607838988e-18Layer conv1.lin.weight grad: 1.4551769607838988e-18
Layer conv1.lin.weight grad: 1.4551769607838988e-18
Layer conv1.lin.weight grad: 1.4551769607838988e-18

Layer conv2.att_src grad: 1.2559825983910001e-27
Layer conv2.att_src grad: 1.2559825983910001e-27
Layer conv2.att_src grad: 1.2559825983910001e-27Layer conv2.att_src grad: 1.2559825983910001e-27

Layer conv2.att_dst grad: 4.476080746769596e-28
Layer conv2.att_dst grad: 4.476080746769596e-28
Layer conv2.att_dst grad: 4.476080746769596e-28Layer conv2.att_dst grad: 4.476080746769596e-28

Layer conv2.bias grad: 3.2946669972436097e-16
Layer conv2.bias grad: 3.2946669972436097e-16
Layer conv2.bias grad: 3.2946669972436097e-16Layer conv2.bias grad: 3.2946669972436097e-16

Layer conv2.lin.weight grad: 1.0123950112506882e-19
Layer conv2.lin.weight grad: 1.0123950112506882e-19
Layer conv2.lin.weight grad: 1.0123950112506882e-19Layer conv2.lin.weight grad: 1.0123950112506882e-19

Layer conv3.att_src grad: 8.507079083391302e-26
Layer conv3.att_src grad: 8.507079083391302e-26
Layer conv3.att_src grad: 8.507079083391302e-26Layer conv3.att_src grad: 8.507079083391302e-26

Layer conv3.att_dst grad: 2.0391416531965574e-26
Layer conv3.att_dst grad: 2.0391416531965574e-26
Layer conv3.att_dst grad: 2.0391416531965574e-26Layer conv3.att_dst grad: 2.0391416531965574e-26

Layer conv3.bias grad: 7.691397974247949e-14
Layer conv3.bias grad: 7.691397974247949e-14
Layer conv3.bias grad: 7.691397974247949e-14Layer conv3.bias grad: 7.691397974247949e-14

Layer conv3.lin.weight grad: 1.099939035485142e-17
Layer conv3.lin.weight grad: 1.099939035485142e-17
Layer conv3.lin.weight grad: 1.099939035485142e-17Layer conv3.lin.weight grad: 1.099939035485142e-17

Layer conv4.att_src grad: 1.2565308608801374e-23
Layer conv4.att_src grad: 1.2565308608801374e-23
Layer conv4.att_src grad: 1.2565308608801374e-23Layer conv4.att_dst grad: 8.302170959494044e-24
Layer conv4.att_src grad: 1.2565308608801374e-23
Layer conv4.att_dst grad: 8.302170959494044e-24

Layer conv4.att_dst grad: 8.302170959494044e-24
Layer conv4.bias grad: 2.369904099353004e-11
Layer conv4.att_dst grad: 8.302170959494044e-24Layer conv4.bias grad: 2.369904099353004e-11

Layer conv4.bias grad: 2.369904099353004e-11
Layer conv4.lin.weight grad: 3.0800417656618156e-15Layer conv4.bias grad: 2.369904099353004e-11

Layer conv4.lin.weight grad: 3.0800417656618156e-15
Layer conv4.lin.weight grad: 3.0800417656618156e-15
Layer fc.weight grad: 4.269854435301479e-12
Layer conv4.lin.weight grad: 3.0800417656618156e-15Layer fc.weight grad: 4.269854435301479e-12

Layer fc.weight grad: 4.269854435301479e-12
Layer fc.bias grad: 2.882824112759863e-08
Layer fc.bias grad: 2.882824112759863e-08Layer fc.weight grad: 4.269854435301479e-12

Layer fc.bias grad: 2.882824112759863e-08
Layer fc.bias grad: 2.882824112759863e-08
Softmax output at epoch 3: tensor([[0.0526, 0.0527, 0.0526, 0.0527, 0.0526, 0.0526, 0.0526, 0.0527, 0.0526,
         0.0526, 0.0526, 0.0526, 0.0527, 0.0527, 0.0526, 0.0526, 0.0527, 0.0526,
         0.0526],
        [0.0526, 0.0527, 0.0526, 0.0527, 0.0526, 0.0526, 0.0526, 0.0527, 0.0526,
         0.0526, 0.0526, 0.0526, 0.0527, 0.0527, 0.0526, 0.0526, 0.0527, 0.0526,
         0.0526],
        [0.0526, 0.0527, 0.0526, 0.0527, 0.0526, 0.0526, 0.0526, 0.0527, 0.0526,
         0.0526, 0.0526, 0.0526, 0.0527, 0.0527, 0.0526, 0.0526, 0.0527, 0.0526,
         0.0526],
        [0.0526, 0.0527, 0.0526, 0.0527, 0.0526, 0.0526, 0.0526, 0.0527, 0.0526,
         0.0526, 0.0526, 0.0526, 0.0527, 0.0527, 0.0526, 0.0526, 0.0527, 0.0526,
         0.0526],
        [0.0526, 0.0527, 0.0526, 0.0527, 0.0526, 0.0526, 0.0526, 0.0527, 0.0526,
         0.0526, 0.0526, 0.0526, 0.0527, 0.0527, 0.0526, 0.0526, 0.0527, 0.0526,
         0.0526]], device='cuda:2', grad_fn=<SliceBackward0>)Softmax output at epoch 3: tensor([[0.0526, 0.0527, 0.0526, 0.0527, 0.0526, 0.0526, 0.0526, 0.0527, 0.0526,
         0.0526, 0.0526, 0.0526, 0.0527, 0.0527, 0.0526, 0.0526, 0.0527, 0.0526,
         0.0526],
        [0.0526, 0.0527, 0.0526, 0.0527, 0.0526, 0.0526, 0.0526, 0.0527, 0.0526,
         0.0526, 0.0526, 0.0526, 0.0527, 0.0527, 0.0526, 0.0526, 0.0527, 0.0526,
         0.0526],
        [0.0526, 0.0527, 0.0526, 0.0527, 0.0526, 0.0526, 0.0526, 0.0527, 0.0526,
         0.0526, 0.0526, 0.0526, 0.0527, 0.0527, 0.0526, 0.0526, 0.0527, 0.0526,
         0.0526],
        [0.0526, 0.0527, 0.0526, 0.0527, 0.0526, 0.0526, 0.0526, 0.0527, 0.0526,
         0.0526, 0.0526, 0.0526, 0.0527, 0.0527, 0.0526, 0.0526, 0.0527, 0.0526,
         0.0526],
        [0.0526, 0.0527, 0.0526, 0.0527, 0.0526, 0.0526, 0.0526, 0.0527, 0.0526,
         0.0526, 0.0526, 0.0526, 0.0527, 0.0527, 0.0526, 0.0526, 0.0527, 0.0526,
         0.0526]], device='cuda:3', grad_fn=<SliceBackward0>)

Softmax output at epoch 3: tensor([[0.0526, 0.0527, 0.0526, 0.0527, 0.0526, 0.0526, 0.0526, 0.0527, 0.0526,
         0.0526, 0.0526, 0.0526, 0.0527, 0.0527, 0.0526, 0.0526, 0.0527, 0.0526,
         0.0526],
        [0.0526, 0.0527, 0.0526, 0.0527, 0.0526, 0.0526, 0.0526, 0.0527, 0.0526,
         0.0526, 0.0526, 0.0526, 0.0527, 0.0527, 0.0526, 0.0526, 0.0527, 0.0526,
         0.0526],
        [0.0526, 0.0527, 0.0526, 0.0527, 0.0526, 0.0526, 0.0526, 0.0527, 0.0526,
         0.0526, 0.0526, 0.0526, 0.0527, 0.0527, 0.0526, 0.0526, 0.0527, 0.0526,
         0.0526],
        [0.0526, 0.0527, 0.0526, 0.0527, 0.0526, 0.0526, 0.0526, 0.0527, 0.0526,
         0.0526, 0.0526, 0.0526, 0.0527, 0.0527, 0.0526, 0.0526, 0.0527, 0.0526,
         0.0526],
        [0.0526, 0.0527, 0.0526, 0.0527, 0.0526, 0.0526, 0.0526, 0.0527, 0.0526,
         0.0526, 0.0526, 0.0526, 0.0527, 0.0527, 0.0526, 0.0526, 0.0527, 0.0526,
         0.0526]], device='cuda:0', grad_fn=<SliceBackward0>)
Softmax output at epoch 3: tensor([[0.0526, 0.0527, 0.0526, 0.0527, 0.0526, 0.0526, 0.0526, 0.0527, 0.0526,
         0.0526, 0.0526, 0.0526, 0.0527, 0.0527, 0.0526, 0.0526, 0.0527, 0.0526,
         0.0526],
        [0.0526, 0.0527, 0.0526, 0.0527, 0.0526, 0.0526, 0.0526, 0.0527, 0.0526,
         0.0526, 0.0526, 0.0526, 0.0527, 0.0527, 0.0526, 0.0526, 0.0527, 0.0526,
         0.0526],
        [0.0526, 0.0527, 0.0526, 0.0527, 0.0526, 0.0526, 0.0526, 0.0527, 0.0526,
         0.0526, 0.0526, 0.0526, 0.0527, 0.0527, 0.0526, 0.0526, 0.0527, 0.0526,
         0.0526],
        [0.0526, 0.0527, 0.0526, 0.0527, 0.0526, 0.0526, 0.0526, 0.0527, 0.0526,
         0.0526, 0.0526, 0.0526, 0.0527, 0.0527, 0.0526, 0.0526, 0.0527, 0.0526,
         0.0526],
        [0.0526, 0.0527, 0.0526, 0.0527, 0.0526, 0.0526, 0.0526, 0.0527, 0.0526,
         0.0526, 0.0526, 0.0526, 0.0527, 0.0527, 0.0526, 0.0526, 0.0527, 0.0526,
         0.0526]], device='cuda:1', grad_fn=<SliceBackward0>)
pt values at epoch 3: tensor([0.0526, 0.0526, 0.0526, 0.0526, 0.0526], device='cuda:2',
       grad_fn=<SliceBackward0>)
pt values at epoch 3: tensor([0.0526, 0.0526, 0.0526, 0.0526, 0.0526], device='cuda:3',
       grad_fn=<SliceBackward0>)
pt values at epoch 3: tensor([0.0526, 0.0526, 0.0526, 0.0526, 0.0526], device='cuda:0',
       grad_fn=<SliceBackward0>)
pt values at epoch 3: tensor([0.0526, 0.0526, 0.0526, 0.0526, 0.0526], device='cuda:1',
       grad_fn=<SliceBackward0>)
Layer conv1.att_src grad: 1.127009682118072e-24Layer conv1.att_src grad: 1.127009682118072e-24
Layer conv1.att_src grad: 1.127009682118072e-24

Layer conv1.att_dst grad: 3.274936079983367e-25
Layer conv1.att_dst grad: 3.274936079983367e-25Layer conv1.att_dst grad: 3.274936079983367e-25

Layer conv1.bias grad: 5.777672613714667e-17
Layer conv1.bias grad: 5.777672613714667e-17Layer conv1.bias grad: 5.777672613714667e-17

Layer conv1.lin.weight grad: 3.3661218364061454e-17
Layer conv2.att_src grad: 6.925025317243967e-26
Layer conv1.lin.weight grad: 3.3661218364061454e-17
Layer conv1.lin.weight grad: 3.3661218364061454e-17
Layer conv2.att_dst grad: 2.8221313995007036e-26
Layer conv2.att_src grad: 6.925025317243967e-26
Layer conv2.att_src grad: 6.925025317243967e-26
Layer conv2.bias grad: 6.2997067482831355e-15
Layer conv2.att_dst grad: 2.8221313995007036e-26
Layer conv2.att_dst grad: 2.8221313995007036e-26
Layer conv2.lin.weight grad: 2.1694987049214165e-18
Layer conv1.att_src grad: 1.127009682118072e-24
Layer conv2.bias grad: 6.2997067482831355e-15
Layer conv3.att_src grad: 9.792982386286058e-24Layer conv2.bias grad: 6.2997067482831355e-15

Layer conv1.att_dst grad: 3.274936079983367e-25
Layer conv3.att_dst grad: 4.790268705672304e-24
Layer conv2.lin.weight grad: 2.1694987049214165e-18
Layer conv1.bias grad: 5.777672613714667e-17Layer conv2.lin.weight grad: 2.1694987049214165e-18

Layer conv3.bias grad: 1.1733379025324897e-12
Layer conv3.att_src grad: 9.792982386286058e-24
Layer conv1.lin.weight grad: 3.3661218364061454e-17
Layer conv3.lin.weight grad: 3.007214190494246e-16Layer conv3.att_src grad: 9.792982386286058e-24

Layer conv3.att_dst grad: 4.790268705672304e-24
Layer conv2.att_src grad: 6.925025317243967e-26
Layer conv4.att_src grad: 7.140933501999864e-22
Layer conv3.att_dst grad: 4.790268705672304e-24
Layer conv3.bias grad: 1.1733379025324897e-12
Layer conv2.att_dst grad: 2.8221313995007036e-26
Layer conv4.att_dst grad: 1.0332045752703405e-22
Layer conv3.bias grad: 1.1733379025324897e-12
Layer conv2.bias grad: 6.2997067482831355e-15
Layer conv4.bias grad: 1.670889815397203e-10
Layer conv3.lin.weight grad: 3.007214190494246e-16
Layer conv4.lin.weight grad: 4.620627407710305e-14Layer conv2.lin.weight grad: 2.1694987049214165e-18Layer conv3.lin.weight grad: 3.007214190494246e-16


Layer conv4.att_src grad: 7.140933501999864e-22
Layer fc.weight grad: 3.7948783004893016e-11Layer conv3.att_src grad: 9.792982386286058e-24

Layer conv4.att_dst grad: 1.0332045752703405e-22Layer conv4.att_src grad: 7.140933501999864e-22

Layer fc.bias grad: 1.6090982057903602e-07Layer conv3.att_dst grad: 4.790268705672304e-24

Layer conv4.bias grad: 1.670889815397203e-10Layer conv4.att_dst grad: 1.0332045752703405e-22

Layer conv3.bias grad: 1.1733379025324897e-12
Layer conv4.bias grad: 1.670889815397203e-10Layer conv4.lin.weight grad: 4.620627407710305e-14

Layer conv3.lin.weight grad: 3.007214190494246e-16
Layer conv4.att_src grad: 7.140933501999864e-22
Layer fc.weight grad: 3.7948783004893016e-11Layer conv4.lin.weight grad: 4.620627407710305e-14

Layer conv4.att_dst grad: 1.0332045752703405e-22
Layer fc.bias grad: 1.6090982057903602e-07
Layer fc.weight grad: 3.7948783004893016e-11
Layer conv4.bias grad: 1.670889815397203e-10
Layer fc.bias grad: 1.6090982057903602e-07Layer conv4.lin.weight grad: 4.620627407710305e-14

Layer fc.weight grad: 3.7948783004893016e-11
Layer fc.bias grad: 1.6090982057903602e-07
Precision: 0.0000, Recall: 0.0003, F1-Score: 0.0000
Fold 5, Epoch 3, Train Loss: 0.0000, Val Loss: 0.0000, Val Acc: 0.0005
Completed Fold 5
Starting final training on all data...
Class weights: [2.12621917e-07 5.63380282e-04 5.63380282e-04 5.97014925e-04
 5.71428571e-04 5.40540541e-04 5.40540541e-04 5.00000000e-04
 5.97014925e-04 5.63380282e-04 6.15384615e-04 5.19480519e-04
 5.40540541e-04 6.06060606e-04 5.71428571e-04 4.93827160e-04
 5.47945205e-04 5.26315789e-04 5.79710145e-04]
Class weights: [8.50487670e-07 2.10526316e-03 2.10526316e-03 1.73913043e-03
 2.00000000e-03 2.50000000e-03 2.50000000e-03 4.00000000e-03
 1.73913043e-03 2.10526316e-03 1.60000000e-03 3.07692308e-03
 2.50000000e-03 1.66666667e-03 2.00000000e-03 4.44444444e-03
 2.35294118e-03 2.85714286e-03 1.90476190e-03]
Test Loss: 0.0000, Test Accuracy: 0.9932
Precision: 0.9864, Recall: 0.9932, F1-Score: 0.9897
