nohup: ignoring input
Using device: NVIDIA GeForce RTX 3090
Using device: NVIDIA GeForce RTX 3090
Using device: NVIDIA GeForce RTX 3090
Rank: 0, World Size: 4, Master Addr: 127.0.0.1, Master Port: 12355
Rank 0 using device: cuda:0
Using device: NVIDIA GeForce RTX 3090
Rank 3 using device: cuda:3
Rank 2 using device: cuda:2
Rank 1 using device: cuda:1
Starting Fold 1
Precision: 0.9875, Recall: 0.9931, F1-Score: 0.9903
Fold 1, Epoch 1, Train Loss: 2.6530, Val Loss: 2.6405, Val Acc: 0.9932
Precision: 0.9897, Recall: 0.9669, F1-Score: 0.9781
Fold 1, Epoch 2, Train Loss: 2.6347, Val Loss: 2.6122, Val Acc: 0.9684
Precision: 0.9913, Recall: 0.9144, F1-Score: 0.9511
Fold 1, Epoch 3, Train Loss: 2.5918, Val Loss: 2.5548, Val Acc: 0.9140
Precision: 0.9924, Recall: 0.8801, F1-Score: 0.9327
Fold 1, Epoch 4, Train Loss: 2.5512, Val Loss: 2.5250, Val Acc: 0.8909
Precision: 0.9928, Recall: 0.8110, F1-Score: 0.8925
Fold 1, Epoch 5, Train Loss: 2.5169, Val Loss: 2.5086, Val Acc: 0.7911
Precision: 0.9921, Recall: 0.9477, F1-Score: 0.9692
Fold 1, Epoch 6, Train Loss: 2.4829, Val Loss: 2.4977, Val Acc: 0.9600
Precision: 0.9926, Recall: 0.8967, F1-Score: 0.9420
Fold 1, Epoch 7, Train Loss: 2.4815, Val Loss: 2.4679, Val Acc: 0.9128
Precision: 0.9930, Recall: 0.8499, F1-Score: 0.9157
Fold 1, Epoch 8, Train Loss: 2.4556, Val Loss: 2.4457, Val Acc: 0.8419
Precision: 0.9930, Recall: 0.8628, F1-Score: 0.9230
Fold 1, Epoch 9, Train Loss: 2.4316, Val Loss: 2.4369, Val Acc: 0.8671

--- Epoch 10 ---
--- Epoch 10 ---
--- Epoch 10 ---



--- Epoch 10 ---
Class Weights: [2.1182575e-05 5.6127068e-02 5.6127068e-02 5.9477936e-02 5.6928884e-02
 5.3851645e-02 5.3851645e-02 4.9812771e-02 5.9477936e-02 5.6127068e-02
 6.1308030e-02 5.1753532e-02 5.3851645e-02 6.0379118e-02 5.6928884e-02
 4.9197800e-02 5.4589339e-02 5.2434497e-02 5.7753939e-02]Class Weights: [2.1182575e-05 5.6127068e-02 5.6127068e-02 5.9477936e-02 5.6928884e-02
 5.3851645e-02 5.3851645e-02 4.9812771e-02 5.9477936e-02 5.6127068e-02
 6.1308030e-02 5.1753532e-02 5.3851645e-02 6.0379118e-02 5.6928884e-02
 4.9197800e-02 5.4589339e-02 5.2434497e-02 5.7753939e-02]Class Weights: [2.1182575e-05 5.6127068e-02 5.6127068e-02 5.9477936e-02 5.6928884e-02
 5.3851645e-02 5.3851645e-02 4.9812771e-02 5.9477936e-02 5.6127068e-02
 6.1308030e-02 5.1753532e-02 5.3851645e-02 6.0379118e-02 5.6928884e-02
 4.9197800e-02 5.4589339e-02 5.2434497e-02 5.7753939e-02]


Learning Rate: 0.005Learning Rate: 0.005

Learning Rate: 0.005
Class Weights: [2.1182575e-05 5.6127068e-02 5.6127068e-02 5.9477936e-02 5.6928884e-02
 5.3851645e-02 5.3851645e-02 4.9812771e-02 5.9477936e-02 5.6127068e-02
 6.1308030e-02 5.1753532e-02 5.3851645e-02 6.0379118e-02 5.6928884e-02
 4.9197800e-02 5.4589339e-02 5.2434497e-02 5.7753939e-02]
Learning Rate: 0.005
Train Loss: 2.4526, Val Loss: 2.4161Train Loss: 2.4526, Val Loss: 2.4161
Train Loss: 2.4526, Val Loss: 2.4161

Train Loss: 2.4526, Val Loss: 2.4161
Per-Class Precision: [0.99982102 0.         0.01200159 0.         0.         0.
 0.         0.02272727 0.01788376 0.00135612 0.         0.00141971
 0.         0.         0.         0.         0.         0.
 0.        ]
Per-Class Recall: [0.89320937 0.         0.80666667 0.         0.         0.
 0.         0.02666667 0.12       0.13333333 0.         0.12666667
 0.         0.         0.         0.         0.         0.
 0.        ]
Per-Class F1-Score: [0.94351312 0.         0.02365129 0.         0.         0.
 0.         0.02453988 0.0311284  0.00268492 0.         0.00280795
 0.         0.         0.         0.         0.         0.
 0.        ]
Support per Class: [293949    100    150    150    100    100    100     75    100     75
    125    150    125    175     75    100    175     75     75]
Weighted Precision: 0.9930, Weighted Recall: 0.8877, Weighted F1-Score: 0.9371
Precision: 0.9930, Recall: 0.8877, F1-Score: 0.9371
Fold 1, Epoch 10, Train Loss: 2.4526, Val Loss: 2.4161, Val Acc: 0.9016
Precision: 0.9931, Recall: 0.8782, F1-Score: 0.9319
Fold 1, Epoch 11, Train Loss: 2.4196, Val Loss: 2.4160, Val Acc: 0.8897
Precision: 0.9931, Recall: 0.9673, F1-Score: 0.9798
Fold 1, Epoch 12, Train Loss: 2.3999, Val Loss: 2.4115, Val Acc: 0.9717
Precision: 0.9931, Recall: 0.9587, F1-Score: 0.9754
Fold 1, Epoch 13, Train Loss: 2.3939, Val Loss: 2.3408, Val Acc: 0.9658
Precision: 0.9931, Recall: 0.9601, F1-Score: 0.9761
Fold 1, Epoch 14, Train Loss: 2.3584, Val Loss: 2.3402, Val Acc: 0.9666
Precision: 0.9931, Recall: 0.9742, F1-Score: 0.9834
Fold 1, Epoch 15, Train Loss: 2.3372, Val Loss: 2.3690, Val Acc: 0.9766
Precision: 0.9931, Recall: 0.9757, F1-Score: 0.9842
Fold 1, Epoch 16, Train Loss: 2.3423, Val Loss: 2.3034, Val Acc: 0.9785
Precision: 0.9933, Recall: 0.9643, F1-Score: 0.9784
Fold 1, Epoch 17, Train Loss: 2.3034, Val Loss: 2.2800, Val Acc: 0.9670
Precision: 0.9933, Recall: 0.9599, F1-Score: 0.9761
Fold 1, Epoch 18, Train Loss: 2.3053, Val Loss: 2.2929, Val Acc: 0.9668
Precision: 0.9933, Recall: 0.9779, F1-Score: 0.9853
Fold 1, Epoch 19, Train Loss: 2.3010, Val Loss: 2.2519, Val Acc: 0.9772

--- Epoch 20 ---
--- Epoch 20 ---
--- Epoch 20 ---



--- Epoch 20 ---
Class Weights: [2.1182575e-05 5.6127068e-02 5.6127068e-02 5.9477936e-02 5.6928884e-02
 5.3851645e-02 5.3851645e-02 4.9812771e-02 5.9477936e-02 5.6127068e-02
 6.1308030e-02 5.1753532e-02 5.3851645e-02 6.0379118e-02 5.6928884e-02
 4.9197800e-02 5.4589339e-02 5.2434497e-02 5.7753939e-02]Class Weights: [2.1182575e-05 5.6127068e-02 5.6127068e-02 5.9477936e-02 5.6928884e-02
 5.3851645e-02 5.3851645e-02 4.9812771e-02 5.9477936e-02 5.6127068e-02
 6.1308030e-02 5.1753532e-02 5.3851645e-02 6.0379118e-02 5.6928884e-02
 4.9197800e-02 5.4589339e-02 5.2434497e-02 5.7753939e-02]Class Weights: [2.1182575e-05 5.6127068e-02 5.6127068e-02 5.9477936e-02 5.6928884e-02
 5.3851645e-02 5.3851645e-02 4.9812771e-02 5.9477936e-02 5.6127068e-02
 6.1308030e-02 5.1753532e-02 5.3851645e-02 6.0379118e-02 5.6928884e-02
 4.9197800e-02 5.4589339e-02 5.2434497e-02 5.7753939e-02]


Learning Rate: 0.005Learning Rate: 0.005
Learning Rate: 0.005

Class Weights: [2.1182575e-05 5.6127068e-02 5.6127068e-02 5.9477936e-02 5.6928884e-02
 5.3851645e-02 5.3851645e-02 4.9812771e-02 5.9477936e-02 5.6127068e-02
 6.1308030e-02 5.1753532e-02 5.3851645e-02 6.0379118e-02 5.6928884e-02
 4.9197800e-02 5.4589339e-02 5.2434497e-02 5.7753939e-02]
Learning Rate: 0.005
Train Loss: 2.2909, Val Loss: 2.2573Train Loss: 2.2909, Val Loss: 2.2573
Train Loss: 2.2909, Val Loss: 2.2573

Train Loss: 2.2909, Val Loss: 2.2573
Per-Class Precision: [0.99991629 0.         0.06578947 0.15131579 0.         0.
 0.00835422 0.         0.         0.         0.00894632 0.
 0.07539683 0.12121212 0.00146484 0.         0.         0.
 0.02901099]
Per-Class Recall: [0.97530864 0.         0.03333333 0.15333333 0.         0.
 0.1        0.         0.         0.         0.072      0.
 0.152      0.04571429 0.08       0.         0.         0.
 0.88      ]
Per-Class F1-Score: [0.98745918 0.         0.04424779 0.15231788 0.         0.
 0.0154202  0.         0.         0.         0.01591512 0.
 0.10079576 0.06639004 0.00287701 0.         0.         0.
 0.05617021]
Support per Class: [293949    100    150    150    100    100    100     75    100     75
    125    150    125    175     75    100    175     75     75]
Weighted Precision: 0.9933, Weighted Recall: 0.9691, Weighted F1-Score: 0.9809
Precision: 0.9933, Recall: 0.9691, F1-Score: 0.9809
Fold 1, Epoch 20, Train Loss: 2.2909, Val Loss: 2.2573, Val Acc: 0.9732
Precision: 0.9932, Recall: 0.9731, F1-Score: 0.9828
Fold 1, Epoch 21, Train Loss: 2.2898, Val Loss: 2.2757, Val Acc: 0.9741
Precision: 0.9933, Recall: 0.9707, F1-Score: 0.9816
Fold 1, Epoch 22, Train Loss: 2.2702, Val Loss: 2.2308, Val Acc: 0.9736
Precision: 0.9936, Recall: 0.9718, F1-Score: 0.9823
Fold 1, Epoch 23, Train Loss: 2.2762, Val Loss: 2.2411, Val Acc: 0.9747
Precision: 0.9934, Recall: 0.9657, F1-Score: 0.9791
Fold 1, Epoch 24, Train Loss: 2.2636, Val Loss: 2.1925, Val Acc: 0.9683
Precision: 0.9934, Recall: 0.9692, F1-Score: 0.9809
Fold 1, Epoch 25, Train Loss: 2.2511, Val Loss: 2.2019, Val Acc: 0.9732
Precision: 0.9933, Recall: 0.9732, F1-Score: 0.9830
Fold 1, Epoch 26, Train Loss: 2.2465, Val Loss: 2.2604, Val Acc: 0.9755
Precision: 0.9934, Recall: 0.9744, F1-Score: 0.9836
Fold 1, Epoch 27, Train Loss: 2.2469, Val Loss: 2.1890, Val Acc: 0.9761
Precision: 0.9934, Recall: 0.9773, F1-Score: 0.9851
Fold 1, Epoch 28, Train Loss: 2.2210, Val Loss: 2.1771, Val Acc: 0.9789
Precision: 0.9937, Recall: 0.9757, F1-Score: 0.9844
Fold 1, Epoch 29, Train Loss: 2.2104, Val Loss: 2.1998, Val Acc: 0.9763

--- Epoch 30 ---
--- Epoch 30 ---
--- Epoch 30 ---



--- Epoch 30 ---
Class Weights: [2.1182575e-05 5.6127068e-02 5.6127068e-02 5.9477936e-02 5.6928884e-02
 5.3851645e-02 5.3851645e-02 4.9812771e-02 5.9477936e-02 5.6127068e-02
 6.1308030e-02 5.1753532e-02 5.3851645e-02 6.0379118e-02 5.6928884e-02
 4.9197800e-02 5.4589339e-02 5.2434497e-02 5.7753939e-02]Class Weights: [2.1182575e-05 5.6127068e-02 5.6127068e-02 5.9477936e-02 5.6928884e-02
 5.3851645e-02 5.3851645e-02 4.9812771e-02 5.9477936e-02 5.6127068e-02
 6.1308030e-02 5.1753532e-02 5.3851645e-02 6.0379118e-02 5.6928884e-02
 4.9197800e-02 5.4589339e-02 5.2434497e-02 5.7753939e-02]Class Weights: [2.1182575e-05 5.6127068e-02 5.6127068e-02 5.9477936e-02 5.6928884e-02
 5.3851645e-02 5.3851645e-02 4.9812771e-02 5.9477936e-02 5.6127068e-02
 6.1308030e-02 5.1753532e-02 5.3851645e-02 6.0379118e-02 5.6928884e-02
 4.9197800e-02 5.4589339e-02 5.2434497e-02 5.7753939e-02]
Class Weights: [2.1182575e-05 5.6127068e-02 5.6127068e-02 5.9477936e-02 5.6928884e-02
 5.3851645e-02 5.3851645e-02 4.9812771e-02 5.9477936e-02 5.6127068e-02
 6.1308030e-02 5.1753532e-02 5.3851645e-02 6.0379118e-02 5.6928884e-02
 4.9197800e-02 5.4589339e-02 5.2434497e-02 5.7753939e-02]

Learning Rate: 0.005

Learning Rate: 0.005Learning Rate: 0.005Learning Rate: 0.005


Train Loss: 2.2004, Val Loss: 2.1703
Train Loss: 2.2004, Val Loss: 2.1703Train Loss: 2.2004, Val Loss: 2.1703Train Loss: 2.2004, Val Loss: 2.1703


Per-Class Precision: [0.99996514 0.00626959 0.09459459 0.31081081 0.         0.03212851
 0.00352113 0.03180212 0.         0.01974448 0.05149182 0.
 0.         0.         0.         0.         0.         0.
 0.02508961]
Per-Class Recall: [0.97599243 0.28       0.04666667 0.15333333 0.         0.08
 0.02       0.12       0.         0.22666667 0.856      0.
 0.         0.         0.         0.         0.         0.
 0.09333333]
Per-Class F1-Score: [0.98783337 0.01226456 0.0625     0.20535714 0.         0.04584527
 0.00598802 0.05027933 0.         0.03632479 0.09714026 0.
 0.         0.         0.         0.         0.         0.
 0.03954802]
Support per Class: [293949    100    150    150    100    100    100     75    100     75
    125    150    125    175     75    100    175     75     75]
Weighted Precision: 0.9934, Weighted Recall: 0.9700, Weighted F1-Score: 0.9813
Precision: 0.9934, Recall: 0.9700, F1-Score: 0.9813
Fold 1, Epoch 30, Train Loss: 2.2004, Val Loss: 2.1703, Val Acc: 0.9732
Precision: 0.9934, Recall: 0.9707, F1-Score: 0.9816
Fold 1, Epoch 31, Train Loss: 2.1931, Val Loss: 2.1384, Val Acc: 0.9725
Precision: 0.9936, Recall: 0.9833, F1-Score: 0.9882
Fold 1, Epoch 32, Train Loss: 2.1770, Val Loss: 2.2322, Val Acc: 0.9828
Precision: 0.9934, Recall: 0.9651, F1-Score: 0.9789
Fold 1, Epoch 33, Train Loss: 2.2108, Val Loss: 2.2344, Val Acc: 0.9699
Precision: 0.9934, Recall: 0.9621, F1-Score: 0.9773
Fold 1, Epoch 34, Train Loss: 2.2523, Val Loss: 2.1556, Val Acc: 0.9674
Precision: 0.9936, Recall: 0.9830, F1-Score: 0.9881
Fold 1, Epoch 35, Train Loss: 2.2084, Val Loss: 2.1418, Val Acc: 0.9825
Precision: 0.9935, Recall: 0.9840, F1-Score: 0.9885
Fold 1, Epoch 36, Train Loss: 2.1432, Val Loss: 2.2140, Val Acc: 0.9837
Precision: 0.9939, Recall: 0.9769, F1-Score: 0.9849
Fold 1, Epoch 37, Train Loss: 2.1287, Val Loss: 2.1654, Val Acc: 0.9753
Precision: 0.9935, Recall: 0.9794, F1-Score: 0.9861
Fold 1, Epoch 38, Train Loss: 2.1467, Val Loss: 2.0571, Val Acc: 0.9801
Precision: 0.9936, Recall: 0.9703, F1-Score: 0.9814
Fold 1, Epoch 39, Train Loss: 2.1149, Val Loss: 2.0563, Val Acc: 0.9721

--- Epoch 40 ---
--- Epoch 40 ---
--- Epoch 40 ---



--- Epoch 40 ---
Class Weights: [2.1182575e-05 5.6127068e-02 5.6127068e-02 5.9477936e-02 5.6928884e-02
 5.3851645e-02 5.3851645e-02 4.9812771e-02 5.9477936e-02 5.6127068e-02
 6.1308030e-02 5.1753532e-02 5.3851645e-02 6.0379118e-02 5.6928884e-02
 4.9197800e-02 5.4589339e-02 5.2434497e-02 5.7753939e-02]Class Weights: [2.1182575e-05 5.6127068e-02 5.6127068e-02 5.9477936e-02 5.6928884e-02
 5.3851645e-02 5.3851645e-02 4.9812771e-02 5.9477936e-02 5.6127068e-02
 6.1308030e-02 5.1753532e-02 5.3851645e-02 6.0379118e-02 5.6928884e-02
 4.9197800e-02 5.4589339e-02 5.2434497e-02 5.7753939e-02]
Class Weights: [2.1182575e-05 5.6127068e-02 5.6127068e-02 5.9477936e-02 5.6928884e-02
 5.3851645e-02 5.3851645e-02 4.9812771e-02 5.9477936e-02 5.6127068e-02
 6.1308030e-02 5.1753532e-02 5.3851645e-02 6.0379118e-02 5.6928884e-02
 4.9197800e-02 5.4589339e-02 5.2434497e-02 5.7753939e-02]Class Weights: [2.1182575e-05 5.6127068e-02 5.6127068e-02 5.9477936e-02 5.6928884e-02
 5.3851645e-02 5.3851645e-02 4.9812771e-02 5.9477936e-02 5.6127068e-02
 6.1308030e-02 5.1753532e-02 5.3851645e-02 6.0379118e-02 5.6928884e-02
 4.9197800e-02 5.4589339e-02 5.2434497e-02 5.7753939e-02]
Learning Rate: 0.005


Learning Rate: 0.005Learning Rate: 0.005Learning Rate: 0.005


Train Loss: 2.0912, Val Loss: 2.0609
Train Loss: 2.0912, Val Loss: 2.0609Train Loss: 2.0912, Val Loss: 2.0609
Train Loss: 2.0912, Val Loss: 2.0609

Per-Class Precision: [0.99996561 0.09689922 0.14285714 0.         0.07594937 0.02852853
 0.04241436 0.07086614 0.02325581 0.03246753 0.06155399 0.06635071
 0.1        0.16666667 0.01432881 0.08379888 0.         0.10447761
 0.        ]
Per-Class Recall: [0.98917499 0.25       0.04666667 0.         0.18       0.19
 0.26       0.12       0.02       0.13333333 0.488      0.09333333
 0.008      0.05714286 0.25333333 0.15       0.         0.09333333
 0.        ]
Per-Class F1-Score: [0.99454103 0.1396648  0.07035176 0.         0.10682493 0.04960836
 0.07293128 0.08910891 0.02150538 0.05221932 0.109319   0.07756233
 0.01481481 0.08510638 0.02712348 0.10752688 0.         0.09859155
 0.        ]
Support per Class: [293949    100    150    150    100    100    100     75    100     75
    125    150    125    175     75    100    175     75     75]
Weighted Precision: 0.9936, Weighted Recall: 0.9832, Weighted F1-Score: 0.9882
Precision: 0.9936, Recall: 0.9832, F1-Score: 0.9882
Fold 1, Epoch 40, Train Loss: 2.0912, Val Loss: 2.0609, Val Acc: 0.9827
Precision: 0.9940, Recall: 0.9654, F1-Score: 0.9791
Fold 1, Epoch 41, Train Loss: 2.1014, Val Loss: 2.0346, Val Acc: 0.9682
Precision: 0.9935, Recall: 0.9749, F1-Score: 0.9838
Fold 1, Epoch 42, Train Loss: 2.0688, Val Loss: 2.0117, Val Acc: 0.9774
Precision: 0.9936, Recall: 0.9727, F1-Score: 0.9829
Fold 1, Epoch 43, Train Loss: 2.0436, Val Loss: 2.0603, Val Acc: 0.9719
Precision: 0.9936, Recall: 0.9802, F1-Score: 0.9866
Fold 1, Epoch 44, Train Loss: 2.0553, Val Loss: 2.0076, Val Acc: 0.9805
Precision: 0.9935, Recall: 0.9482, F1-Score: 0.9700
Fold 1, Epoch 45, Train Loss: 2.0412, Val Loss: 1.9645, Val Acc: 0.9534
Precision: 0.9937, Recall: 0.9792, F1-Score: 0.9860
Fold 1, Epoch 46, Train Loss: 2.0409, Val Loss: 1.9391, Val Acc: 0.9806
Precision: 0.9938, Recall: 0.9646, F1-Score: 0.9786
Fold 1, Epoch 47, Train Loss: 2.0187, Val Loss: 1.9265, Val Acc: 0.9684
Precision: 0.9935, Recall: 0.9777, F1-Score: 0.9852
Fold 1, Epoch 48, Train Loss: 1.9990, Val Loss: 1.9391, Val Acc: 0.9787
Precision: 0.9937, Recall: 0.9746, F1-Score: 0.9838
Fold 1, Epoch 49, Train Loss: 2.0301, Val Loss: 1.8809, Val Acc: 0.9766

--- Epoch 50 ---
--- Epoch 50 ---
--- Epoch 50 ---



--- Epoch 50 ---
Class Weights: [2.1182575e-05 5.6127068e-02 5.6127068e-02 5.9477936e-02 5.6928884e-02
 5.3851645e-02 5.3851645e-02 4.9812771e-02 5.9477936e-02 5.6127068e-02
 6.1308030e-02 5.1753532e-02 5.3851645e-02 6.0379118e-02 5.6928884e-02
 4.9197800e-02 5.4589339e-02 5.2434497e-02 5.7753939e-02]Class Weights: [2.1182575e-05 5.6127068e-02 5.6127068e-02 5.9477936e-02 5.6928884e-02
 5.3851645e-02 5.3851645e-02 4.9812771e-02 5.9477936e-02 5.6127068e-02
 6.1308030e-02 5.1753532e-02 5.3851645e-02 6.0379118e-02 5.6928884e-02
 4.9197800e-02 5.4589339e-02 5.2434497e-02 5.7753939e-02]Class Weights: [2.1182575e-05 5.6127068e-02 5.6127068e-02 5.9477936e-02 5.6928884e-02
 5.3851645e-02 5.3851645e-02 4.9812771e-02 5.9477936e-02 5.6127068e-02
 6.1308030e-02 5.1753532e-02 5.3851645e-02 6.0379118e-02 5.6928884e-02
 4.9197800e-02 5.4589339e-02 5.2434497e-02 5.7753939e-02]
Class Weights: [2.1182575e-05 5.6127068e-02 5.6127068e-02 5.9477936e-02 5.6928884e-02
 5.3851645e-02 5.3851645e-02 4.9812771e-02 5.9477936e-02 5.6127068e-02
 6.1308030e-02 5.1753532e-02 5.3851645e-02 6.0379118e-02 5.6928884e-02
 4.9197800e-02 5.4589339e-02 5.2434497e-02 5.7753939e-02]


Learning Rate: 0.005Learning Rate: 0.005Learning Rate: 0.005
Learning Rate: 0.005


Train Loss: 1.9881, Val Loss: 1.9324
Train Loss: 1.9881, Val Loss: 1.9324Train Loss: 1.9881, Val Loss: 1.9324Train Loss: 1.9881, Val Loss: 1.9324


Per-Class Precision: [0.99999296 0.26923077 0.27522936 0.21785714 0.03180915 0.02941176
 0.03636364 0.02521008 0.02272727 0.02224576 0.09278351 0.04913076
 0.14814815 0.         0.00298994 0.07964602 0.         0.23076923
 0.15584416]
Per-Class Recall: [0.96652821 0.07       0.2        0.40666667 0.16       0.01
 0.12       0.12       0.03       0.28       0.072      0.43333333
 0.032      0.         0.29333333 0.18       0.         0.08
 0.16      ]
Per-Class F1-Score: [0.98297585 0.11111111 0.23166023 0.28372093 0.05306799 0.01492537
 0.05581395 0.04166667 0.02586207 0.04121688 0.08108108 0.08825526
 0.05263158 0.         0.00591955 0.11042945 0.         0.11881188
 0.15789474]
Support per Class: [293949    100    150    150    100    100    100     75    100     75
    125    150    125    175     75    100    175     75     75]
Weighted Precision: 0.9938, Weighted Recall: 0.9609, Weighted F1-Score: 0.9768
Precision: 0.9938, Recall: 0.9609, F1-Score: 0.9768
Fold 1, Epoch 50, Train Loss: 1.9881, Val Loss: 1.9324, Val Acc: 0.9663
Precision: 0.9938, Recall: 0.9737, F1-Score: 0.9834
Fold 1, Epoch 51, Train Loss: 1.9929, Val Loss: 1.8869, Val Acc: 0.9761
Precision: 0.9937, Recall: 0.9761, F1-Score: 0.9845
Fold 1, Epoch 52, Train Loss: 1.9628, Val Loss: 1.9040, Val Acc: 0.9770
Precision: 0.9936, Recall: 0.9637, F1-Score: 0.9781
Fold 1, Epoch 53, Train Loss: 1.9493, Val Loss: 1.8629, Val Acc: 0.9691
Precision: 0.9938, Recall: 0.9757, F1-Score: 0.9843
Fold 1, Epoch 54, Train Loss: 1.9304, Val Loss: 1.8502, Val Acc: 0.9775
Precision: 0.9935, Recall: 0.9641, F1-Score: 0.9783
Fold 1, Epoch 55, Train Loss: 1.9467, Val Loss: 1.9957, Val Acc: 0.9675
Precision: 0.9935, Recall: 0.9754, F1-Score: 0.9842
Fold 1, Epoch 56, Train Loss: 1.9607, Val Loss: 1.9524, Val Acc: 0.9772
Precision: 0.9938, Recall: 0.9708, F1-Score: 0.9818
Fold 1, Epoch 57, Train Loss: 1.9254, Val Loss: 1.8356, Val Acc: 0.9733
Precision: 0.9937, Recall: 0.9766, F1-Score: 0.9848
Fold 1, Epoch 58, Train Loss: 1.8930, Val Loss: 1.8213, Val Acc: 0.9769
Precision: 0.9939, Recall: 0.9744, F1-Score: 0.9836
Fold 1, Epoch 59, Train Loss: 1.8745, Val Loss: 1.8844, Val Acc: 0.9770

--- Epoch 60 ---

--- Epoch 60 ---
--- Epoch 60 ---


--- Epoch 60 ---
Class Weights: [2.1182575e-05 5.6127068e-02 5.6127068e-02 5.9477936e-02 5.6928884e-02
 5.3851645e-02 5.3851645e-02 4.9812771e-02 5.9477936e-02 5.6127068e-02
 6.1308030e-02 5.1753532e-02 5.3851645e-02 6.0379118e-02 5.6928884e-02
 4.9197800e-02 5.4589339e-02 5.2434497e-02 5.7753939e-02]Class Weights: [2.1182575e-05 5.6127068e-02 5.6127068e-02 5.9477936e-02 5.6928884e-02
 5.3851645e-02 5.3851645e-02 4.9812771e-02 5.9477936e-02 5.6127068e-02
 6.1308030e-02 5.1753532e-02 5.3851645e-02 6.0379118e-02 5.6928884e-02
 4.9197800e-02 5.4589339e-02 5.2434497e-02 5.7753939e-02]
Class Weights: [2.1182575e-05 5.6127068e-02 5.6127068e-02 5.9477936e-02 5.6928884e-02
 5.3851645e-02 5.3851645e-02 4.9812771e-02 5.9477936e-02 5.6127068e-02
 6.1308030e-02 5.1753532e-02 5.3851645e-02 6.0379118e-02 5.6928884e-02
 4.9197800e-02 5.4589339e-02 5.2434497e-02 5.7753939e-02]
Learning Rate: 0.005

Learning Rate: 0.005Class Weights: [2.1182575e-05 5.6127068e-02 5.6127068e-02 5.9477936e-02 5.6928884e-02
 5.3851645e-02 5.3851645e-02 4.9812771e-02 5.9477936e-02 5.6127068e-02
 6.1308030e-02 5.1753532e-02 5.3851645e-02 6.0379118e-02 5.6928884e-02
 4.9197800e-02 5.4589339e-02 5.2434497e-02 5.7753939e-02]
Learning Rate: 0.005

Learning Rate: 0.005
Train Loss: 1.9242, Val Loss: 1.7746
Train Loss: 1.9242, Val Loss: 1.7746
Train Loss: 1.9242, Val Loss: 1.7746
Train Loss: 1.9242, Val Loss: 1.7746
Per-Class Precision: [0.99998614 0.16756757 0.3655914  0.18819188 0.         0.03350515
 0.0113852  0.01607717 0.12550607 0.01789883 0.05263158 0.
 0.         0.29885057 0.00355872 0.04761905 0.24770642 0.25641026
 0.08835341]
Per-Class Recall: [0.98172132 0.31       0.22666667 0.34       0.         0.13
 0.06       0.33333333 0.31       0.30666667 0.72       0.
 0.         0.14857143 0.01333333 0.01       0.15428571 0.13333333
 0.58666667]
Per-Class F1-Score: [0.99076956 0.21754386 0.27983539 0.24228029 0.         0.05327869
 0.01913876 0.03067485 0.17867435 0.03382353 0.09809264 0.
 0.         0.19847328 0.00561798 0.01652893 0.19014085 0.1754386
 0.15357766]
Support per Class: [293949    100    150    150    100    100    100     75    100     75
    125    150    125    175     75    100    175     75     75]
Weighted Precision: 0.9940, Weighted Recall: 0.9764, Weighted F1-Score: 0.9848
Precision: 0.9940, Recall: 0.9764, F1-Score: 0.9848
Fold 1, Epoch 60, Train Loss: 1.9242, Val Loss: 1.7746, Val Acc: 0.9747
Precision: 0.9938, Recall: 0.9598, F1-Score: 0.9763
Fold 1, Epoch 61, Train Loss: 1.8868, Val Loss: 1.8297, Val Acc: 0.9670
Precision: 0.9938, Recall: 0.9729, F1-Score: 0.9828
Fold 1, Epoch 62, Train Loss: 1.9250, Val Loss: 1.8329, Val Acc: 0.9756
Precision: 0.9939, Recall: 0.9654, F1-Score: 0.9790
Fold 1, Epoch 63, Train Loss: 1.8661, Val Loss: 1.8543, Val Acc: 0.9677
Precision: 0.9939, Recall: 0.9841, F1-Score: 0.9887
Fold 1, Epoch 64, Train Loss: 1.8765, Val Loss: 1.7445, Val Acc: 0.9835
Precision: 0.9938, Recall: 0.9558, F1-Score: 0.9741
Fold 1, Epoch 65, Train Loss: 1.8217, Val Loss: 1.7358, Val Acc: 0.9617
Precision: 0.9940, Recall: 0.9822, F1-Score: 0.9876
Fold 1, Epoch 66, Train Loss: 1.8269, Val Loss: 1.8369, Val Acc: 0.9816
Precision: 0.9941, Recall: 0.9651, F1-Score: 0.9789
Fold 1, Epoch 67, Train Loss: 1.8156, Val Loss: 1.6339, Val Acc: 0.9697
Precision: 0.9938, Recall: 0.9735, F1-Score: 0.9832
Fold 1, Epoch 68, Train Loss: 1.7385, Val Loss: 1.7131, Val Acc: 0.9766
Precision: 0.9941, Recall: 0.9786, F1-Score: 0.9858
Fold 1, Epoch 69, Train Loss: 1.7191, Val Loss: 1.6225, Val Acc: 0.9797

--- Epoch 70 ---
--- Epoch 70 ---
--- Epoch 70 ---



--- Epoch 70 ---
Class Weights: [2.1182575e-05 5.6127068e-02 5.6127068e-02 5.9477936e-02 5.6928884e-02
 5.3851645e-02 5.3851645e-02 4.9812771e-02 5.9477936e-02 5.6127068e-02
 6.1308030e-02 5.1753532e-02 5.3851645e-02 6.0379118e-02 5.6928884e-02
 4.9197800e-02 5.4589339e-02 5.2434497e-02 5.7753939e-02]Class Weights: [2.1182575e-05 5.6127068e-02 5.6127068e-02 5.9477936e-02 5.6928884e-02
 5.3851645e-02 5.3851645e-02 4.9812771e-02 5.9477936e-02 5.6127068e-02
 6.1308030e-02 5.1753532e-02 5.3851645e-02 6.0379118e-02 5.6928884e-02
 4.9197800e-02 5.4589339e-02 5.2434497e-02 5.7753939e-02]
Class Weights: [2.1182575e-05 5.6127068e-02 5.6127068e-02 5.9477936e-02 5.6928884e-02
 5.3851645e-02 5.3851645e-02 4.9812771e-02 5.9477936e-02 5.6127068e-02
 6.1308030e-02 5.1753532e-02 5.3851645e-02 6.0379118e-02 5.6928884e-02
 4.9197800e-02 5.4589339e-02 5.2434497e-02 5.7753939e-02]
Learning Rate: 0.005

Learning Rate: 0.005
Learning Rate: 0.005
Class Weights: [2.1182575e-05 5.6127068e-02 5.6127068e-02 5.9477936e-02 5.6928884e-02
 5.3851645e-02 5.3851645e-02 4.9812771e-02 5.9477936e-02 5.6127068e-02
 6.1308030e-02 5.1753532e-02 5.3851645e-02 6.0379118e-02 5.6928884e-02
 4.9197800e-02 5.4589339e-02 5.2434497e-02 5.7753939e-02]
Learning Rate: 0.005
Train Loss: 1.6834, Val Loss: 1.6511
Train Loss: 1.6834, Val Loss: 1.6511Train Loss: 1.6834, Val Loss: 1.6511

Train Loss: 1.6834, Val Loss: 1.6511
Per-Class Precision: [0.99999654 0.18421053 0.23943662 0.18181818 0.0273224  0.08571429
 0.         0.03628319 0.08444444 0.04477612 0.01188052 0.04545455
 0.11417323 0.         0.02513966 0.208      0.         0.12890625
 0.15      ]
Per-Class Recall: [0.98217038 0.28       0.11333333 0.6        0.15       0.18
 0.         0.54666667 0.19       0.12       0.28       0.08
 0.232      0.         0.12       0.26       0.         0.44
 0.04      ]
Per-Class F1-Score: [0.9910033  0.22222222 0.15384615 0.27906977 0.04622496 0.11612903
 0.         0.06804979 0.11692308 0.06521739 0.02279388 0.05797101
 0.1530343  0.         0.04157044 0.23111111 0.         0.19939577
 0.06315789]
Support per Class: [293949    100    150    150    100    100    100     75    100     75
    125    150    125    175     75    100    175     75     75]
Weighted Precision: 0.9937, Weighted Recall: 0.9767, Weighted F1-Score: 0.9849
Precision: 0.9937, Recall: 0.9767, F1-Score: 0.9849
Fold 1, Epoch 70, Train Loss: 1.6834, Val Loss: 1.6511, Val Acc: 0.9785
Precision: 0.9941, Recall: 0.9819, F1-Score: 0.9876
Fold 1, Epoch 71, Train Loss: 1.6782, Val Loss: 1.4983, Val Acc: 0.9817
Precision: 0.9940, Recall: 0.9737, F1-Score: 0.9834
Fold 1, Epoch 72, Train Loss: 1.6193, Val Loss: 1.5153, Val Acc: 0.9764
Precision: 0.9939, Recall: 0.9825, F1-Score: 0.9878
Fold 1, Epoch 73, Train Loss: 1.6052, Val Loss: 1.7307, Val Acc: 0.9822
Precision: 0.9941, Recall: 0.9732, F1-Score: 0.9832
Fold 1, Epoch 74, Train Loss: 1.6452, Val Loss: 1.4581, Val Acc: 0.9760
Precision: 0.9938, Recall: 0.9718, F1-Score: 0.9823
Fold 1, Epoch 75, Train Loss: 1.5906, Val Loss: 1.5532, Val Acc: 0.9754
Precision: 0.9940, Recall: 0.9668, F1-Score: 0.9798
Fold 1, Epoch 76, Train Loss: 1.5639, Val Loss: 1.4189, Val Acc: 0.9698
Precision: 0.9942, Recall: 0.9802, F1-Score: 0.9868
Fold 1, Epoch 77, Train Loss: 1.5436, Val Loss: 1.4218, Val Acc: 0.9808
Precision: 0.9942, Recall: 0.9789, F1-Score: 0.9861
Fold 1, Epoch 78, Train Loss: 1.5098, Val Loss: 1.3172, Val Acc: 0.9803
Precision: 0.9943, Recall: 0.9725, F1-Score: 0.9828
Fold 1, Epoch 79, Train Loss: 1.4696, Val Loss: 1.3650, Val Acc: 0.9751

--- Epoch 80 ---
--- Epoch 80 ---
--- Epoch 80 ---



--- Epoch 80 ---
Class Weights: [2.1182575e-05 5.6127068e-02 5.6127068e-02 5.9477936e-02 5.6928884e-02
 5.3851645e-02 5.3851645e-02 4.9812771e-02 5.9477936e-02 5.6127068e-02
 6.1308030e-02 5.1753532e-02 5.3851645e-02 6.0379118e-02 5.6928884e-02
 4.9197800e-02 5.4589339e-02 5.2434497e-02 5.7753939e-02]Class Weights: [2.1182575e-05 5.6127068e-02 5.6127068e-02 5.9477936e-02 5.6928884e-02
 5.3851645e-02 5.3851645e-02 4.9812771e-02 5.9477936e-02 5.6127068e-02
 6.1308030e-02 5.1753532e-02 5.3851645e-02 6.0379118e-02 5.6928884e-02
 4.9197800e-02 5.4589339e-02 5.2434497e-02 5.7753939e-02]Class Weights: [2.1182575e-05 5.6127068e-02 5.6127068e-02 5.9477936e-02 5.6928884e-02
 5.3851645e-02 5.3851645e-02 4.9812771e-02 5.9477936e-02 5.6127068e-02
 6.1308030e-02 5.1753532e-02 5.3851645e-02 6.0379118e-02 5.6928884e-02
 4.9197800e-02 5.4589339e-02 5.2434497e-02 5.7753939e-02]


Learning Rate: 0.005Learning Rate: 0.005Learning Rate: 0.005


Class Weights: [2.1182575e-05 5.6127068e-02 5.6127068e-02 5.9477936e-02 5.6928884e-02
 5.3851645e-02 5.3851645e-02 4.9812771e-02 5.9477936e-02 5.6127068e-02
 6.1308030e-02 5.1753532e-02 5.3851645e-02 6.0379118e-02 5.6928884e-02
 4.9197800e-02 5.4589339e-02 5.2434497e-02 5.7753939e-02]
Learning Rate: 0.005
Train Loss: 1.4924, Val Loss: 1.3092Train Loss: 1.4924, Val Loss: 1.3092
Train Loss: 1.4924, Val Loss: 1.3092

Train Loss: 1.4924, Val Loss: 1.3092
Per-Class Precision: [1.         0.11392405 0.32872928 0.26993865 0.05477032 0.17
 0.38461538 0.06174699 0.28571429 0.03872437 0.02270122 0.25
 0.09898477 0.         0.06024096 0.17695473 0.04166667 0.5
 0.22134387]
Per-Class Recall: [0.97805061 0.09       0.79333333 0.58666667 0.31       0.34
 0.05       0.54666667 0.02       0.45333333 0.792      0.00666667
 0.312      0.         0.06666667 0.43       0.00571429 0.08
 0.74666667]
Per-Class F1-Score: [0.98890353 0.10055866 0.46484375 0.3697479  0.09309309 0.22666667
 0.08849558 0.11096076 0.03738318 0.07135362 0.04413732 0.01298701
 0.15028902 0.         0.06329114 0.25072886 0.01005025 0.13793103
 0.34146341]
Support per Class: [293949    100    150    150    100    100    100     75    100     75
    125    150    125    175     75    100    175     75     75]
Weighted Precision: 0.9943, Weighted Recall: 0.9734, Weighted F1-Score: 0.9831
Precision: 0.9943, Recall: 0.9734, F1-Score: 0.9831
Fold 1, Epoch 80, Train Loss: 1.4924, Val Loss: 1.3092, Val Acc: 0.9764
Precision: 0.9942, Recall: 0.9771, F1-Score: 0.9852
Fold 1, Epoch 81, Train Loss: 1.4640, Val Loss: 1.3031, Val Acc: 0.9790
Precision: 0.9940, Recall: 0.9751, F1-Score: 0.9841
Fold 1, Epoch 82, Train Loss: 1.4589, Val Loss: 1.3973, Val Acc: 0.9776
Precision: 0.9941, Recall: 0.9719, F1-Score: 0.9824
Fold 1, Epoch 83, Train Loss: 1.4879, Val Loss: 1.2752, Val Acc: 0.9751
Precision: 0.9944, Recall: 0.9768, F1-Score: 0.9851
Fold 1, Epoch 84, Train Loss: 1.4306, Val Loss: 1.2839, Val Acc: 0.9784
Precision: 0.9943, Recall: 0.9827, F1-Score: 0.9881
Fold 1, Epoch 85, Train Loss: 1.4186, Val Loss: 1.3181, Val Acc: 0.9825
Precision: 0.9941, Recall: 0.9723, F1-Score: 0.9826
Fold 1, Epoch 86, Train Loss: 1.4163, Val Loss: 1.3409, Val Acc: 0.9750
Precision: 0.9942, Recall: 0.9704, F1-Score: 0.9817
Fold 1, Epoch 87, Train Loss: 1.4094, Val Loss: 1.3036, Val Acc: 0.9737
Precision: 0.9943, Recall: 0.9759, F1-Score: 0.9846
Fold 1, Epoch 88, Train Loss: 1.4116, Val Loss: 1.3439, Val Acc: 0.9780
Precision: 0.9939, Recall: 0.9824, F1-Score: 0.9877
Fold 1, Epoch 89, Train Loss: 1.4575, Val Loss: 1.4416, Val Acc: 0.9824

--- Epoch 90 ---
--- Epoch 90 ---
--- Epoch 90 ---



--- Epoch 90 ---
Class Weights: [2.1182575e-05 5.6127068e-02 5.6127068e-02 5.9477936e-02 5.6928884e-02
 5.3851645e-02 5.3851645e-02 4.9812771e-02 5.9477936e-02 5.6127068e-02
 6.1308030e-02 5.1753532e-02 5.3851645e-02 6.0379118e-02 5.6928884e-02
 4.9197800e-02 5.4589339e-02 5.2434497e-02 5.7753939e-02]Class Weights: [2.1182575e-05 5.6127068e-02 5.6127068e-02 5.9477936e-02 5.6928884e-02
 5.3851645e-02 5.3851645e-02 4.9812771e-02 5.9477936e-02 5.6127068e-02
 6.1308030e-02 5.1753532e-02 5.3851645e-02 6.0379118e-02 5.6928884e-02
 4.9197800e-02 5.4589339e-02 5.2434497e-02 5.7753939e-02]Class Weights: [2.1182575e-05 5.6127068e-02 5.6127068e-02 5.9477936e-02 5.6928884e-02
 5.3851645e-02 5.3851645e-02 4.9812771e-02 5.9477936e-02 5.6127068e-02
 6.1308030e-02 5.1753532e-02 5.3851645e-02 6.0379118e-02 5.6928884e-02
 4.9197800e-02 5.4589339e-02 5.2434497e-02 5.7753939e-02]


Learning Rate: 0.005Learning Rate: 0.005
Learning Rate: 0.005
Class Weights: [2.1182575e-05 5.6127068e-02 5.6127068e-02 5.9477936e-02 5.6928884e-02
 5.3851645e-02 5.3851645e-02 4.9812771e-02 5.9477936e-02 5.6127068e-02
 6.1308030e-02 5.1753532e-02 5.3851645e-02 6.0379118e-02 5.6928884e-02
 4.9197800e-02 5.4589339e-02 5.2434497e-02 5.7753939e-02]

Learning Rate: 0.005
Train Loss: 1.4711, Val Loss: 1.3156
Train Loss: 1.4711, Val Loss: 1.3156
Train Loss: 1.4711, Val Loss: 1.3156
Train Loss: 1.4711, Val Loss: 1.3156
Per-Class Precision: [0.99999655 0.29299363 0.40935673 0.19138756 0.10076531 0.53571429
 0.2        0.01408451 0.07536558 0.04316547 0.02715283 0.07171315
 0.1        0.         0.07936508 0.23232323 0.34210526 0.21978022
 0.24444444]
Per-Class Recall: [0.98468442 0.46       0.46666667 0.26666667 0.79       0.15
 0.04       0.02666667 0.67       0.32       0.56       0.24
 0.04       0.         0.06666667 0.23       0.07428571 0.26666667
 0.44      ]
Per-Class F1-Score: [0.99228141 0.35797665 0.43613707 0.22284123 0.17873303 0.234375
 0.06666667 0.01843318 0.13549039 0.07606973 0.0517943  0.11042945
 0.05714286 0.         0.07246377 0.23115578 0.12206573 0.24096386
 0.31428571]
Support per Class: [293949    100    150    150    100    100    100     75    100     75
    125    150    125    175     75    100    175     75     75]
Weighted Precision: 0.9944, Weighted Recall: 0.9798, Weighted F1-Score: 0.9866
Precision: 0.9944, Recall: 0.9798, F1-Score: 0.9866
Fold 1, Epoch 90, Train Loss: 1.4711, Val Loss: 1.3156, Val Acc: 0.9813
Precision: 0.9943, Recall: 0.9748, F1-Score: 0.9841
Fold 1, Epoch 91, Train Loss: 1.3624, Val Loss: 1.2476, Val Acc: 0.9767
Precision: 0.9945, Recall: 0.9812, F1-Score: 0.9873
Fold 1, Epoch 92, Train Loss: 1.3443, Val Loss: 1.1860, Val Acc: 0.9819
Precision: 0.9943, Recall: 0.9750, F1-Score: 0.9841
Fold 1, Epoch 93, Train Loss: 1.3231, Val Loss: 1.1531, Val Acc: 0.9767
Precision: 0.9943, Recall: 0.9789, F1-Score: 0.9860
Fold 1, Epoch 94, Train Loss: 1.3570, Val Loss: 1.1656, Val Acc: 0.9806
Precision: 0.9944, Recall: 0.9770, F1-Score: 0.9852
Fold 1, Epoch 95, Train Loss: 1.2933, Val Loss: 1.2334, Val Acc: 0.9791
Precision: 0.9943, Recall: 0.9837, F1-Score: 0.9885
Fold 1, Epoch 96, Train Loss: 1.2757, Val Loss: 1.3802, Val Acc: 0.9833
Precision: 0.9941, Recall: 0.9849, F1-Score: 0.9890
Fold 1, Epoch 97, Train Loss: 1.3259, Val Loss: 1.3898, Val Acc: 0.9840
Precision: 0.9942, Recall: 0.9851, F1-Score: 0.9892
Fold 1, Epoch 98, Train Loss: 1.3231, Val Loss: 1.2676, Val Acc: 0.9846
Precision: 0.9943, Recall: 0.9821, F1-Score: 0.9876
Fold 1, Epoch 99, Train Loss: 1.3338, Val Loss: 1.2301, Val Acc: 0.9820

--- Epoch 100 ---
--- Epoch 100 ---
--- Epoch 100 ---



--- Epoch 100 ---
Class Weights: [2.1182575e-05 5.6127068e-02 5.6127068e-02 5.9477936e-02 5.6928884e-02
 5.3851645e-02 5.3851645e-02 4.9812771e-02 5.9477936e-02 5.6127068e-02
 6.1308030e-02 5.1753532e-02 5.3851645e-02 6.0379118e-02 5.6928884e-02
 4.9197800e-02 5.4589339e-02 5.2434497e-02 5.7753939e-02]Class Weights: [2.1182575e-05 5.6127068e-02 5.6127068e-02 5.9477936e-02 5.6928884e-02
 5.3851645e-02 5.3851645e-02 4.9812771e-02 5.9477936e-02 5.6127068e-02
 6.1308030e-02 5.1753532e-02 5.3851645e-02 6.0379118e-02 5.6928884e-02
 4.9197800e-02 5.4589339e-02 5.2434497e-02 5.7753939e-02]Class Weights: [2.1182575e-05 5.6127068e-02 5.6127068e-02 5.9477936e-02 5.6928884e-02
 5.3851645e-02 5.3851645e-02 4.9812771e-02 5.9477936e-02 5.6127068e-02
 6.1308030e-02 5.1753532e-02 5.3851645e-02 6.0379118e-02 5.6928884e-02
 4.9197800e-02 5.4589339e-02 5.2434497e-02 5.7753939e-02]


Class Weights: [2.1182575e-05 5.6127068e-02 5.6127068e-02 5.9477936e-02 5.6928884e-02
 5.3851645e-02 5.3851645e-02 4.9812771e-02 5.9477936e-02 5.6127068e-02
 6.1308030e-02 5.1753532e-02 5.3851645e-02 6.0379118e-02 5.6928884e-02
 4.9197800e-02 5.4589339e-02 5.2434497e-02 5.7753939e-02]Learning Rate: 0.005Learning Rate: 0.005Learning Rate: 0.005



Learning Rate: 0.005
Train Loss: 1.2509, Val Loss: 1.1652Train Loss: 1.2509, Val Loss: 1.1652
Train Loss: 1.2509, Val Loss: 1.1652Train Loss: 1.2509, Val Loss: 1.1652


Per-Class Precision: [0.99999656 0.10077519 0.28571429 0.25550661 0.13149847 0.15589354
 0.24223602 0.03803132 0.0786106  0.06756757 0.06116208 0.
 0.15662651 0.14192708 0.09090909 0.45762712 0.2173913  0.25153374
 0.42424242]
Per-Class Recall: [0.9898826  0.39       0.16       0.77333333 0.43       0.41
 0.39       0.22666667 0.43       0.2        0.32       0.
 0.208      0.62285714 0.18666667 0.27       0.02857143 0.54666667
 0.56      ]
Per-Class F1-Score: [0.99491388 0.16016427 0.20512821 0.38410596 0.20140515 0.22589532
 0.29885057 0.0651341  0.13292117 0.1010101  0.10269576 0.
 0.17869416 0.23117709 0.12227074 0.33962264 0.05050505 0.34453782
 0.48275862]
Support per Class: [293949    100    150    150    100    100    100     75    100     75
    125    150    125    175     75    100    175     75     75]
Weighted Precision: 0.9943, Weighted Recall: 0.9854, Weighted F1-Score: 0.9894
Precision: 0.9943, Recall: 0.9854, F1-Score: 0.9894
Fold 1, Epoch 100, Train Loss: 1.2509, Val Loss: 1.1652, Val Acc: 0.9847
Precision: 0.9945, Recall: 0.9838, F1-Score: 0.9886
Fold 1, Epoch 101, Train Loss: 1.2725, Val Loss: 1.1500, Val Acc: 0.9830
Precision: 0.9950, Recall: 0.9776, F1-Score: 0.9855
Fold 1, Epoch 102, Train Loss: 1.2453, Val Loss: 1.1366, Val Acc: 0.9791
Precision: 0.9949, Recall: 0.9852, F1-Score: 0.9895
Fold 1, Epoch 103, Train Loss: 1.2407, Val Loss: 1.0565, Val Acc: 0.9845
Precision: 0.9943, Recall: 0.9715, F1-Score: 0.9822
Fold 1, Epoch 104, Train Loss: 1.2204, Val Loss: 1.0606, Val Acc: 0.9749
Precision: 0.9944, Recall: 0.9762, F1-Score: 0.9847
Fold 1, Epoch 105, Train Loss: 1.2007, Val Loss: 1.0741, Val Acc: 0.9783
Precision: 0.9943, Recall: 0.9783, F1-Score: 0.9857
Fold 1, Epoch 106, Train Loss: 1.2303, Val Loss: 1.1173, Val Acc: 0.9798
Precision: 0.9944, Recall: 0.9748, F1-Score: 0.9839
Fold 1, Epoch 107, Train Loss: 1.2662, Val Loss: 1.0746, Val Acc: 0.9775
Precision: 0.9948, Recall: 0.9829, F1-Score: 0.9881
Fold 1, Epoch 108, Train Loss: 1.2488, Val Loss: 1.0264, Val Acc: 0.9831
Precision: 0.9948, Recall: 0.9845, F1-Score: 0.9891
Fold 1, Epoch 109, Train Loss: 1.1585, Val Loss: 1.0323, Val Acc: 0.9841

--- Epoch 110 ---
--- Epoch 110 ---


--- Epoch 110 ---

--- Epoch 110 ---
Class Weights: [2.1182575e-05 5.6127068e-02 5.6127068e-02 5.9477936e-02 5.6928884e-02
 5.3851645e-02 5.3851645e-02 4.9812771e-02 5.9477936e-02 5.6127068e-02
 6.1308030e-02 5.1753532e-02 5.3851645e-02 6.0379118e-02 5.6928884e-02
 4.9197800e-02 5.4589339e-02 5.2434497e-02 5.7753939e-02]Class Weights: [2.1182575e-05 5.6127068e-02 5.6127068e-02 5.9477936e-02 5.6928884e-02
 5.3851645e-02 5.3851645e-02 4.9812771e-02 5.9477936e-02 5.6127068e-02
 6.1308030e-02 5.1753532e-02 5.3851645e-02 6.0379118e-02 5.6928884e-02
 4.9197800e-02 5.4589339e-02 5.2434497e-02 5.7753939e-02]

Learning Rate: 0.005Learning Rate: 0.005
Class Weights: [2.1182575e-05 5.6127068e-02 5.6127068e-02 5.9477936e-02 5.6928884e-02
 5.3851645e-02 5.3851645e-02 4.9812771e-02 5.9477936e-02 5.6127068e-02
 6.1308030e-02 5.1753532e-02 5.3851645e-02 6.0379118e-02 5.6928884e-02
 4.9197800e-02 5.4589339e-02 5.2434497e-02 5.7753939e-02]

Learning Rate: 0.005
Train Loss: 1.1599, Val Loss: 0.9972
Class Weights: [2.1182575e-05 5.6127068e-02 5.6127068e-02 5.9477936e-02 5.6928884e-02
 5.3851645e-02 5.3851645e-02 4.9812771e-02 5.9477936e-02 5.6127068e-02
 6.1308030e-02 5.1753532e-02 5.3851645e-02 6.0379118e-02 5.6928884e-02
 4.9197800e-02 5.4589339e-02 5.2434497e-02 5.7753939e-02]Train Loss: 1.1599, Val Loss: 0.9972

Learning Rate: 0.005Train Loss: 1.1599, Val Loss: 0.9972

Train Loss: 1.1599, Val Loss: 0.9972
Per-Class Precision: [1.         0.4047619  0.55       0.24947589 0.13687151 0.16885965
 0.041841   0.09469154 0.         0.06378132 0.04359465 0.05128205
 0.31428571 0.38181818 0.1221374  0.49295775 0.31775701 0.34328358
 0.34285714]
Per-Class Recall: [0.98486472 0.85       0.44       0.79333333 0.49       0.77
 0.1        0.88       0.         0.37333333 0.912      0.08
 0.088      0.24       0.21333333 0.35       0.19428571 0.61333333
 0.16      ]
Per-Class F1-Score: [0.99237465 0.5483871  0.48888889 0.37958533 0.2139738  0.27697842
 0.05899705 0.17098446 0.         0.10894942 0.08321168 0.0625
 0.1375     0.29473684 0.15533981 0.40935673 0.24113475 0.44019139
 0.21818182]
Support per Class: [293949    100    150    150    100    100    100     75    100     75
    125    150    125    175     75    100    175     75     75]
Weighted Precision: 0.9948, Weighted Recall: 0.9809, Weighted F1-Score: 0.9873
Precision: 0.9948, Recall: 0.9809, F1-Score: 0.9873
Fold 1, Epoch 110, Train Loss: 1.1599, Val Loss: 0.9972, Val Acc: 0.9817
Precision: 0.9945, Recall: 0.9804, F1-Score: 0.9869
Fold 1, Epoch 111, Train Loss: 1.1323, Val Loss: 1.0669, Val Acc: 0.9813
Precision: 0.9942, Recall: 0.9808, F1-Score: 0.9871
Fold 1, Epoch 112, Train Loss: 1.2074, Val Loss: 1.2023, Val Acc: 0.9813
Precision: 0.9945, Recall: 0.9831, F1-Score: 0.9883
Fold 1, Epoch 113, Train Loss: 1.2365, Val Loss: 1.0192, Val Acc: 0.9833
Precision: 0.9946, Recall: 0.9824, F1-Score: 0.9880
Fold 1, Epoch 114, Train Loss: 1.1629, Val Loss: 0.9433, Val Acc: 0.9830
Precision: 0.9948, Recall: 0.9830, F1-Score: 0.9883
Fold 1, Epoch 115, Train Loss: 1.1356, Val Loss: 0.9694, Val Acc: 0.9833
Precision: 0.9945, Recall: 0.9782, F1-Score: 0.9858
Fold 1, Epoch 116, Train Loss: 1.1214, Val Loss: 0.9605, Val Acc: 0.9798
Precision: 0.9945, Recall: 0.9787, F1-Score: 0.9861
Fold 1, Epoch 117, Train Loss: 1.0660, Val Loss: 1.0078, Val Acc: 0.9801
Precision: 0.9945, Recall: 0.9845, F1-Score: 0.9891
Fold 1, Epoch 118, Train Loss: 1.1237, Val Loss: 0.9904, Val Acc: 0.9844
Precision: 0.9946, Recall: 0.9795, F1-Score: 0.9864
Fold 1, Epoch 119, Train Loss: 1.0682, Val Loss: 0.9007, Val Acc: 0.9807

--- Epoch 120 ---
--- Epoch 120 ---
--- Epoch 120 ---



--- Epoch 120 ---
Class Weights: [2.1182575e-05 5.6127068e-02 5.6127068e-02 5.9477936e-02 5.6928884e-02
 5.3851645e-02 5.3851645e-02 4.9812771e-02 5.9477936e-02 5.6127068e-02
 6.1308030e-02 5.1753532e-02 5.3851645e-02 6.0379118e-02 5.6928884e-02
 4.9197800e-02 5.4589339e-02 5.2434497e-02 5.7753939e-02]Class Weights: [2.1182575e-05 5.6127068e-02 5.6127068e-02 5.9477936e-02 5.6928884e-02
 5.3851645e-02 5.3851645e-02 4.9812771e-02 5.9477936e-02 5.6127068e-02
 6.1308030e-02 5.1753532e-02 5.3851645e-02 6.0379118e-02 5.6928884e-02
 4.9197800e-02 5.4589339e-02 5.2434497e-02 5.7753939e-02]

Class Weights: [2.1182575e-05 5.6127068e-02 5.6127068e-02 5.9477936e-02 5.6928884e-02
 5.3851645e-02 5.3851645e-02 4.9812771e-02 5.9477936e-02 5.6127068e-02
 6.1308030e-02 5.1753532e-02 5.3851645e-02 6.0379118e-02 5.6928884e-02
 4.9197800e-02 5.4589339e-02 5.2434497e-02 5.7753939e-02]Learning Rate: 0.005Learning Rate: 0.005


Learning Rate: 0.005
Train Loss: 1.0698, Val Loss: 0.8626Class Weights: [2.1182575e-05 5.6127068e-02 5.6127068e-02 5.9477936e-02 5.6928884e-02
 5.3851645e-02 5.3851645e-02 4.9812771e-02 5.9477936e-02 5.6127068e-02
 6.1308030e-02 5.1753532e-02 5.3851645e-02 6.0379118e-02 5.6928884e-02
 4.9197800e-02 5.4589339e-02 5.2434497e-02 5.7753939e-02]
Train Loss: 1.0698, Val Loss: 0.8626Train Loss: 1.0698, Val Loss: 0.8626


Learning Rate: 0.005
Train Loss: 1.0698, Val Loss: 0.8626
Per-Class Precision: [1.         0.35338346 0.43589744 0.32908163 0.13189448 0.20795107
 0.10284464 0.06060606 0.17728532 0.10096154 0.06163022 0.0979021
 0.27642276 0.53043478 0.16149068 0.32484076 0.41573034 0.28723404
 0.35714286]
Per-Class Recall: [0.98737876 0.94       0.68       0.86       0.55       0.68
 0.47       0.13333333 0.64       0.28       0.992      0.09333333
 0.272      0.34857143 0.34666667 0.51       0.21142857 0.36
 0.06666667]
Per-Class F1-Score: [0.9936493  0.5136612  0.53125    0.47601476 0.21276596 0.31850117
 0.16876122 0.08333333 0.27765727 0.14840989 0.11605054 0.09556314
 0.27419355 0.42068966 0.22033898 0.39688716 0.28030303 0.31952663
 0.11235955]
Support per Class: [293949    100    150    150    100    100    100     75    100     75
    125    150    125    175     75    100    175     75     75]
Weighted Precision: 0.9950, Weighted Recall: 0.9839, Weighted F1-Score: 0.9889
Precision: 0.9950, Recall: 0.9839, F1-Score: 0.9889
Fold 1, Epoch 120, Train Loss: 1.0698, Val Loss: 0.8626, Val Acc: 0.9842
Precision: 0.9950, Recall: 0.9852, F1-Score: 0.9894
Fold 1, Epoch 121, Train Loss: 1.0216, Val Loss: 0.9679, Val Acc: 0.9846
Precision: 0.9947, Recall: 0.9868, F1-Score: 0.9902
Fold 1, Epoch 122, Train Loss: 1.0296, Val Loss: 0.8691, Val Acc: 0.9862
Precision: 0.9949, Recall: 0.9849, F1-Score: 0.9895
Fold 1, Epoch 123, Train Loss: 1.0277, Val Loss: 0.8668, Val Acc: 0.9844
Precision: 0.9947, Recall: 0.9789, F1-Score: 0.9862
Fold 1, Epoch 124, Train Loss: 0.9788, Val Loss: 0.8900, Val Acc: 0.9799
Precision: 0.9948, Recall: 0.9867, F1-Score: 0.9903
Fold 1, Epoch 125, Train Loss: 1.0332, Val Loss: 0.9143, Val Acc: 0.9860
Precision: 0.9949, Recall: 0.9839, F1-Score: 0.9888
Fold 1, Epoch 126, Train Loss: 1.0475, Val Loss: 0.8474, Val Acc: 0.9839
Precision: 0.9947, Recall: 0.9864, F1-Score: 0.9900
Fold 1, Epoch 127, Train Loss: 1.0068, Val Loss: 0.8471, Val Acc: 0.9858
Precision: 0.9948, Recall: 0.9842, F1-Score: 0.9890
Fold 1, Epoch 128, Train Loss: 1.0006, Val Loss: 0.8237, Val Acc: 0.9839
Precision: 0.9948, Recall: 0.9854, F1-Score: 0.9895
Fold 1, Epoch 129, Train Loss: 0.9652, Val Loss: 0.8410, Val Acc: 0.9847

--- Epoch 130 ---
--- Epoch 130 ---
--- Epoch 130 ---



--- Epoch 130 ---
Class Weights: [2.1182575e-05 5.6127068e-02 5.6127068e-02 5.9477936e-02 5.6928884e-02
 5.3851645e-02 5.3851645e-02 4.9812771e-02 5.9477936e-02 5.6127068e-02
 6.1308030e-02 5.1753532e-02 5.3851645e-02 6.0379118e-02 5.6928884e-02
 4.9197800e-02 5.4589339e-02 5.2434497e-02 5.7753939e-02]Class Weights: [2.1182575e-05 5.6127068e-02 5.6127068e-02 5.9477936e-02 5.6928884e-02
 5.3851645e-02 5.3851645e-02 4.9812771e-02 5.9477936e-02 5.6127068e-02
 6.1308030e-02 5.1753532e-02 5.3851645e-02 6.0379118e-02 5.6928884e-02
 4.9197800e-02 5.4589339e-02 5.2434497e-02 5.7753939e-02]Class Weights: [2.1182575e-05 5.6127068e-02 5.6127068e-02 5.9477936e-02 5.6928884e-02
 5.3851645e-02 5.3851645e-02 4.9812771e-02 5.9477936e-02 5.6127068e-02
 6.1308030e-02 5.1753532e-02 5.3851645e-02 6.0379118e-02 5.6928884e-02
 4.9197800e-02 5.4589339e-02 5.2434497e-02 5.7753939e-02]


Class Weights: [2.1182575e-05 5.6127068e-02 5.6127068e-02 5.9477936e-02 5.6928884e-02
 5.3851645e-02 5.3851645e-02 4.9812771e-02 5.9477936e-02 5.6127068e-02
 6.1308030e-02 5.1753532e-02 5.3851645e-02 6.0379118e-02 5.6928884e-02
 4.9197800e-02 5.4589339e-02 5.2434497e-02 5.7753939e-02]Learning Rate: 0.005Learning Rate: 0.005Learning Rate: 0.005



Learning Rate: 0.005
Train Loss: 1.0262, Val Loss: 0.8710Train Loss: 1.0262, Val Loss: 0.8710Train Loss: 1.0262, Val Loss: 0.8710
Train Loss: 1.0262, Val Loss: 0.8710


Per-Class Precision: [1.         0.42424242 0.5        0.26603774 0.11111111 0.19241983
 0.1442623  0.07608696 0.14577259 0.05793451 0.03579677 0.08300395
 0.16129032 0.62820513 0.14736842 0.392      0.34831461 0.46153846
 0.5       ]
Per-Class Recall: [0.98382032 0.84       0.78       0.94       0.41       0.66
 0.44       0.46666667 0.5        0.30666667 0.744      0.28
 0.08       0.28       0.18666667 0.49       0.17714286 0.24
 0.06666667]
Per-Class F1-Score: [0.99184418 0.56375839 0.609375   0.41470588 0.17484009 0.2979684
 0.21728395 0.13084112 0.22573363 0.09745763 0.06830701 0.12804878
 0.10695187 0.38735178 0.16470588 0.43555556 0.23484848 0.31578947
 0.11764706]
Support per Class: [293949    100    150    150    100    100    100     75    100     75
    125    150    125    175     75    100    175     75     75]
Weighted Precision: 0.9950, Weighted Recall: 0.9802, Weighted F1-Score: 0.9869
Precision: 0.9950, Recall: 0.9802, F1-Score: 0.9869
Fold 1, Epoch 130, Train Loss: 1.0262, Val Loss: 0.8710, Val Acc: 0.9812
Precision: 0.9950, Recall: 0.9870, F1-Score: 0.9905
Fold 1, Epoch 131, Train Loss: 1.0234, Val Loss: 0.8894, Val Acc: 0.9865
Precision: 0.9949, Recall: 0.9877, F1-Score: 0.9908
Fold 1, Epoch 132, Train Loss: 0.9812, Val Loss: 0.8795, Val Acc: 0.9871
Precision: 0.9948, Recall: 0.9808, F1-Score: 0.9873
Fold 1, Epoch 133, Train Loss: 0.9886, Val Loss: 0.9633, Val Acc: 0.9816
Precision: 0.9948, Recall: 0.9878, F1-Score: 0.9907
Fold 1, Epoch 134, Train Loss: 1.0564, Val Loss: 0.8447, Val Acc: 0.9872
Precision: 0.9948, Recall: 0.9799, F1-Score: 0.9868
Fold 1, Epoch 135, Train Loss: 1.0377, Val Loss: 0.7961, Val Acc: 0.9815
Precision: 0.9951, Recall: 0.9866, F1-Score: 0.9903
Fold 1, Epoch 136, Train Loss: 0.9585, Val Loss: 0.8207, Val Acc: 0.9861
Precision: 0.9951, Recall: 0.9866, F1-Score: 0.9904
Fold 1, Epoch 137, Train Loss: 0.9941, Val Loss: 0.7950, Val Acc: 0.9860
Precision: 0.9951, Recall: 0.9833, F1-Score: 0.9887
Fold 1, Epoch 138, Train Loss: 0.9680, Val Loss: 0.8129, Val Acc: 0.9835
Precision: 0.9948, Recall: 0.9862, F1-Score: 0.9900
Fold 1, Epoch 139, Train Loss: 0.9526, Val Loss: 0.7670, Val Acc: 0.9857

--- Epoch 140 ---
--- Epoch 140 ---
--- Epoch 140 ---



--- Epoch 140 ---
Class Weights: [2.1182575e-05 5.6127068e-02 5.6127068e-02 5.9477936e-02 5.6928884e-02
 5.3851645e-02 5.3851645e-02 4.9812771e-02 5.9477936e-02 5.6127068e-02
 6.1308030e-02 5.1753532e-02 5.3851645e-02 6.0379118e-02 5.6928884e-02
 4.9197800e-02 5.4589339e-02 5.2434497e-02 5.7753939e-02]Class Weights: [2.1182575e-05 5.6127068e-02 5.6127068e-02 5.9477936e-02 5.6928884e-02
 5.3851645e-02 5.3851645e-02 4.9812771e-02 5.9477936e-02 5.6127068e-02
 6.1308030e-02 5.1753532e-02 5.3851645e-02 6.0379118e-02 5.6928884e-02
 4.9197800e-02 5.4589339e-02 5.2434497e-02 5.7753939e-02]Class Weights: [2.1182575e-05 5.6127068e-02 5.6127068e-02 5.9477936e-02 5.6928884e-02
 5.3851645e-02 5.3851645e-02 4.9812771e-02 5.9477936e-02 5.6127068e-02
 6.1308030e-02 5.1753532e-02 5.3851645e-02 6.0379118e-02 5.6928884e-02
 4.9197800e-02 5.4589339e-02 5.2434497e-02 5.7753939e-02]

Class Weights: [2.1182575e-05 5.6127068e-02 5.6127068e-02 5.9477936e-02 5.6928884e-02
 5.3851645e-02 5.3851645e-02 4.9812771e-02 5.9477936e-02 5.6127068e-02
 6.1308030e-02 5.1753532e-02 5.3851645e-02 6.0379118e-02 5.6928884e-02
 4.9197800e-02 5.4589339e-02 5.2434497e-02 5.7753939e-02]
Learning Rate: 0.005Learning Rate: 0.005

Learning Rate: 0.005

Learning Rate: 0.005
Train Loss: 0.9712, Val Loss: 0.7765
Train Loss: 0.9712, Val Loss: 0.7765
Train Loss: 0.9712, Val Loss: 0.7765Train Loss: 0.9712, Val Loss: 0.7765

Per-Class Precision: [1.         0.43589744 0.56355932 0.43378995 0.13992537 0.38202247
 0.08183633 0.10739437 0.09345794 0.06571429 0.11278195 0.13793103
 0.23219814 0.42245989 0.20645161 0.44117647 0.44666667 0.59183673
 0.5       ]
Per-Class Recall: [0.98985538 0.85       0.88666667 0.63333333 0.75       0.68
 0.41       0.81333333 0.1        0.30666667 0.96       0.02666667
 0.6        0.45142857 0.42666667 0.45       0.38285714 0.38666667
 0.38666667]
Per-Class F1-Score: [0.99490183 0.57627119 0.68911917 0.51490515 0.23584906 0.48920863
 0.13643927 0.18973561 0.09661836 0.10823529 0.20185029 0.04469274
 0.33482143 0.43646409 0.27826087 0.44554455 0.41230769 0.46774194
 0.43609023]
Support per Class: [293949    100    150    150    100    100    100     75    100     75
    125    150    125    175     75    100    175     75     75]
Weighted Precision: 0.9953, Weighted Recall: 0.9867, Weighted F1-Score: 0.9905
Precision: 0.9953, Recall: 0.9867, F1-Score: 0.9905
Fold 1, Epoch 140, Train Loss: 0.9712, Val Loss: 0.7765, Val Acc: 0.9857
Precision: 0.9951, Recall: 0.9863, F1-Score: 0.9900
Fold 1, Epoch 141, Train Loss: 0.9525, Val Loss: 0.9396, Val Acc: 0.9857
Precision: 0.9948, Recall: 0.9878, F1-Score: 0.9908
Fold 1, Epoch 142, Train Loss: 0.9733, Val Loss: 0.9957, Val Acc: 0.9873
Precision: 0.9950, Recall: 0.9865, F1-Score: 0.9901
Fold 1, Epoch 143, Train Loss: 0.9854, Val Loss: 0.8935, Val Acc: 0.9857
Precision: 0.9950, Recall: 0.9870, F1-Score: 0.9905
Fold 1, Epoch 144, Train Loss: 0.9765, Val Loss: 0.8281, Val Acc: 0.9862
Precision: 0.9950, Recall: 0.9795, F1-Score: 0.9865
Fold 1, Epoch 145, Train Loss: 0.9491, Val Loss: 0.8385, Val Acc: 0.9807
Precision: 0.9952, Recall: 0.9885, F1-Score: 0.9914
Fold 1, Epoch 146, Train Loss: 0.9325, Val Loss: 0.7760, Val Acc: 0.9877
Precision: 0.9952, Recall: 0.9871, F1-Score: 0.9907
Fold 1, Epoch 147, Train Loss: 0.9417, Val Loss: 0.7411, Val Acc: 0.9861
Precision: 0.9951, Recall: 0.9871, F1-Score: 0.9905
Fold 1, Epoch 148, Train Loss: 0.9033, Val Loss: 0.8049, Val Acc: 0.9862
Precision: 0.9950, Recall: 0.9855, F1-Score: 0.9897
Fold 1, Epoch 149, Train Loss: 0.9277, Val Loss: 0.7343, Val Acc: 0.9849

--- Epoch 150 ---
--- Epoch 150 ---
--- Epoch 150 ---



--- Epoch 150 ---
Class Weights: [2.1182575e-05 5.6127068e-02 5.6127068e-02 5.9477936e-02 5.6928884e-02
 5.3851645e-02 5.3851645e-02 4.9812771e-02 5.9477936e-02 5.6127068e-02
 6.1308030e-02 5.1753532e-02 5.3851645e-02 6.0379118e-02 5.6928884e-02
 4.9197800e-02 5.4589339e-02 5.2434497e-02 5.7753939e-02]Class Weights: [2.1182575e-05 5.6127068e-02 5.6127068e-02 5.9477936e-02 5.6928884e-02
 5.3851645e-02 5.3851645e-02 4.9812771e-02 5.9477936e-02 5.6127068e-02
 6.1308030e-02 5.1753532e-02 5.3851645e-02 6.0379118e-02 5.6928884e-02
 4.9197800e-02 5.4589339e-02 5.2434497e-02 5.7753939e-02]Class Weights: [2.1182575e-05 5.6127068e-02 5.6127068e-02 5.9477936e-02 5.6928884e-02
 5.3851645e-02 5.3851645e-02 4.9812771e-02 5.9477936e-02 5.6127068e-02
 6.1308030e-02 5.1753532e-02 5.3851645e-02 6.0379118e-02 5.6928884e-02
 4.9197800e-02 5.4589339e-02 5.2434497e-02 5.7753939e-02]


Class Weights: [2.1182575e-05 5.6127068e-02 5.6127068e-02 5.9477936e-02 5.6928884e-02
 5.3851645e-02 5.3851645e-02 4.9812771e-02 5.9477936e-02 5.6127068e-02
 6.1308030e-02 5.1753532e-02 5.3851645e-02 6.0379118e-02 5.6928884e-02
 4.9197800e-02 5.4589339e-02 5.2434497e-02 5.7753939e-02]Learning Rate: 0.005Learning Rate: 0.005Learning Rate: 0.005



Learning Rate: 0.005
Train Loss: 0.9169, Val Loss: 0.7656Train Loss: 0.9169, Val Loss: 0.7656
Train Loss: 0.9169, Val Loss: 0.7656Train Loss: 0.9169, Val Loss: 0.7656


Per-Class Precision: [1.         0.45192308 0.57370518 0.39344262 0.11787819 0.23642173
 0.09271523 0.11320755 0.1530343  0.12037037 0.21169355 0.12598425
 0.14741036 0.26256983 0.15023474 0.43564356 0.30588235 0.4
 0.38211382]
Per-Class Recall: [0.991621   0.47       0.96       0.8        0.6        0.74
 0.28       0.32       0.58       0.52       0.84       0.10666667
 0.296      0.53714286 0.42666667 0.44       0.14857143 0.18666667
 0.62666667]
Per-Class F1-Score: [0.99579287 0.46078431 0.71820449 0.52747253 0.19704433 0.35835351
 0.13930348 0.16724739 0.24217119 0.19548872 0.33816425 0.11552347
 0.19680851 0.35272045 0.22222222 0.43781095 0.2        0.25454545
 0.47474747]
Support per Class: [293949    100    150    150    100    100    100     75    100     75
    125    150    125    175     75    100    175     75     75]
Weighted Precision: 0.9950, Weighted Recall: 0.9882, Weighted F1-Score: 0.9912
Precision: 0.9950, Recall: 0.9882, F1-Score: 0.9912
Fold 1, Epoch 150, Train Loss: 0.9169, Val Loss: 0.7656, Val Acc: 0.9878
Completed Fold 1
Starting Fold 2
Precision: 0.9944, Recall: 0.9874, F1-Score: 0.9904
Fold 2, Epoch 1, Train Loss: 1.4015, Val Loss: 1.0978, Val Acc: 0.9876
Precision: 0.9947, Recall: 0.9726, F1-Score: 0.9829
Fold 2, Epoch 2, Train Loss: 1.1089, Val Loss: 0.8685, Val Acc: 0.9738
Precision: 0.9949, Recall: 0.9852, F1-Score: 0.9895
Fold 2, Epoch 3, Train Loss: 0.9638, Val Loss: 0.8157, Val Acc: 0.9859
Precision: 0.9950, Recall: 0.9866, F1-Score: 0.9903
Fold 2, Epoch 4, Train Loss: 0.9381, Val Loss: 0.7692, Val Acc: 0.9869
Precision: 0.9949, Recall: 0.9864, F1-Score: 0.9901
Fold 2, Epoch 5, Train Loss: 0.8772, Val Loss: 0.7414, Val Acc: 0.9869
Precision: 0.9947, Recall: 0.9858, F1-Score: 0.9898
Fold 2, Epoch 6, Train Loss: 0.8774, Val Loss: 0.7545, Val Acc: 0.9863
Precision: 0.9949, Recall: 0.9866, F1-Score: 0.9903
Fold 2, Epoch 7, Train Loss: 0.8842, Val Loss: 0.7358, Val Acc: 0.9871
Precision: 0.9949, Recall: 0.9864, F1-Score: 0.9901
Fold 2, Epoch 8, Train Loss: 0.8608, Val Loss: 0.7269, Val Acc: 0.9871
Precision: 0.9945, Recall: 0.9821, F1-Score: 0.9878
Fold 2, Epoch 9, Train Loss: 0.8590, Val Loss: 0.8648, Val Acc: 0.9831

--- Epoch 10 ---
--- Epoch 10 ---
--- Epoch 10 ---



--- Epoch 10 ---
Class Weights: [2.1216663e-05 5.7020500e-02 5.4677192e-02 5.5436596e-02 4.9276974e-02
 5.4677192e-02 5.5436596e-02 5.7020500e-02 5.2518882e-02 5.7020500e-02
 5.2518882e-02 5.5436596e-02 5.3938311e-02 5.7020500e-02 6.0476288e-02
 5.8697574e-02 5.3938311e-02 5.7846885e-02 5.7020500e-02]Class Weights: [2.1216663e-05 5.7020500e-02 5.4677192e-02 5.5436596e-02 4.9276974e-02
 5.4677192e-02 5.5436596e-02 5.7020500e-02 5.2518882e-02 5.7020500e-02
 5.2518882e-02 5.5436596e-02 5.3938311e-02 5.7020500e-02 6.0476288e-02
 5.8697574e-02 5.3938311e-02 5.7846885e-02 5.7020500e-02]
Class Weights: [2.1216663e-05 5.7020500e-02 5.4677192e-02 5.5436596e-02 4.9276974e-02
 5.4677192e-02 5.5436596e-02 5.7020500e-02 5.2518882e-02 5.7020500e-02
 5.2518882e-02 5.5436596e-02 5.3938311e-02 5.7020500e-02 6.0476288e-02
 5.8697574e-02 5.3938311e-02 5.7846885e-02 5.7020500e-02]

Learning Rate: 0.005
Learning Rate: 0.005Learning Rate: 0.005
Class Weights: [2.1216663e-05 5.7020500e-02 5.4677192e-02 5.5436596e-02 4.9276974e-02
 5.4677192e-02 5.5436596e-02 5.7020500e-02 5.2518882e-02 5.7020500e-02
 5.2518882e-02 5.5436596e-02 5.3938311e-02 5.7020500e-02 6.0476288e-02
 5.8697574e-02 5.3938311e-02 5.7846885e-02 5.7020500e-02]

Learning Rate: 0.005
Train Loss: 0.8937, Val Loss: 0.7950
Train Loss: 0.8937, Val Loss: 0.7950
Train Loss: 0.8937, Val Loss: 0.7950
Train Loss: 0.8937, Val Loss: 0.7950
Per-Class Precision: [0.9999416  0.38848921 0.15789474 0.29787234 0.11347518 0.13872832
 0.24663677 0.11347518 0.21693122 0.22335025 0.12536023 0.01652893
 0.1        0.232      0.26932084 0.33       0.27671233 0.35521236
 0.38487973]
Per-Class Recall: [0.99016836 0.36       0.16       0.28       0.42666667 0.64
 0.44       0.128      0.41       0.75428571 0.87       0.04
 0.41333333 0.464      0.65714286 0.44       0.57714286 0.92
 0.74666667]
Per-Class F1-Score: [0.99503098 0.37370242 0.1589404  0.28865979 0.17927171 0.2280285
 0.31609195 0.12030075 0.28373702 0.34464752 0.21914358 0.02339181
 0.16103896 0.30933333 0.3820598  0.37714286 0.37407407 0.51253482
 0.50793651]
Support per Class: [293949    150     75    100     75     75    125    125    100    175
    100     50     75    125    175     75    175    100    150]
Weighted Precision: 0.9947, Weighted Recall: 0.9869, Weighted F1-Score: 0.9904
Precision: 0.9947, Recall: 0.9869, F1-Score: 0.9904
Fold 2, Epoch 10, Train Loss: 0.8937, Val Loss: 0.7950, Val Acc: 0.9870
Precision: 0.9950, Recall: 0.9854, F1-Score: 0.9897
Fold 2, Epoch 11, Train Loss: 0.8662, Val Loss: 0.7177, Val Acc: 0.9861
Precision: 0.9950, Recall: 0.9872, F1-Score: 0.9906
Fold 2, Epoch 12, Train Loss: 0.8552, Val Loss: 0.7356, Val Acc: 0.9874
Precision: 0.9948, Recall: 0.9847, F1-Score: 0.9891
Fold 2, Epoch 13, Train Loss: 0.8786, Val Loss: 0.7186, Val Acc: 0.9854
Precision: 0.9951, Recall: 0.9850, F1-Score: 0.9896
Fold 2, Epoch 14, Train Loss: 0.8200, Val Loss: 0.6911, Val Acc: 0.9858
Precision: 0.9951, Recall: 0.9871, F1-Score: 0.9906
Fold 2, Epoch 15, Train Loss: 0.8621, Val Loss: 0.7077, Val Acc: 0.9874
Precision: 0.9950, Recall: 0.9870, F1-Score: 0.9905
Fold 2, Epoch 16, Train Loss: 0.8908, Val Loss: 0.7167, Val Acc: 0.9872
Precision: 0.9950, Recall: 0.9880, F1-Score: 0.9911
Fold 2, Epoch 17, Train Loss: 0.8408, Val Loss: 0.7264, Val Acc: 0.9881
Precision: 0.9949, Recall: 0.9847, F1-Score: 0.9893
Fold 2, Epoch 18, Train Loss: 0.8013, Val Loss: 0.6909, Val Acc: 0.9856
Precision: 0.9950, Recall: 0.9834, F1-Score: 0.9885
Fold 2, Epoch 19, Train Loss: 0.8120, Val Loss: 0.6696, Val Acc: 0.9845

--- Epoch 20 ---
--- Epoch 20 ---
--- Epoch 20 ---



--- Epoch 20 ---
Class Weights: [2.1216663e-05 5.7020500e-02 5.4677192e-02 5.5436596e-02 4.9276974e-02
 5.4677192e-02 5.5436596e-02 5.7020500e-02 5.2518882e-02 5.7020500e-02
 5.2518882e-02 5.5436596e-02 5.3938311e-02 5.7020500e-02 6.0476288e-02
 5.8697574e-02 5.3938311e-02 5.7846885e-02 5.7020500e-02]Class Weights: [2.1216663e-05 5.7020500e-02 5.4677192e-02 5.5436596e-02 4.9276974e-02
 5.4677192e-02 5.5436596e-02 5.7020500e-02 5.2518882e-02 5.7020500e-02
 5.2518882e-02 5.5436596e-02 5.3938311e-02 5.7020500e-02 6.0476288e-02
 5.8697574e-02 5.3938311e-02 5.7846885e-02 5.7020500e-02]Class Weights: [2.1216663e-05 5.7020500e-02 5.4677192e-02 5.5436596e-02 4.9276974e-02
 5.4677192e-02 5.5436596e-02 5.7020500e-02 5.2518882e-02 5.7020500e-02
 5.2518882e-02 5.5436596e-02 5.3938311e-02 5.7020500e-02 6.0476288e-02
 5.8697574e-02 5.3938311e-02 5.7846885e-02 5.7020500e-02]


Learning Rate: 0.005Learning Rate: 0.005Learning Rate: 0.005


Class Weights: [2.1216663e-05 5.7020500e-02 5.4677192e-02 5.5436596e-02 4.9276974e-02
 5.4677192e-02 5.5436596e-02 5.7020500e-02 5.2518882e-02 5.7020500e-02
 5.2518882e-02 5.5436596e-02 5.3938311e-02 5.7020500e-02 6.0476288e-02
 5.8697574e-02 5.3938311e-02 5.7846885e-02 5.7020500e-02]
Learning Rate: 0.005
Train Loss: 0.8024, Val Loss: 0.6750Train Loss: 0.8024, Val Loss: 0.6750Train Loss: 0.8024, Val Loss: 0.6750


Train Loss: 0.8024, Val Loss: 0.6750
Per-Class Precision: [0.99993136 0.39375    0.33333333 0.49166667 0.12967581 0.18421053
 0.23376623 0.20967742 0.19354839 0.23293173 0.11881188 0.
 0.16535433 0.25968992 0.44174757 0.27374302 0.33486239 0.39634146
 0.37410072]
Per-Class Recall: [0.99117194 0.42       0.72       0.59       0.69333333 0.65333333
 0.72       0.104      0.54       0.66285714 0.84       0.
 0.56       0.536      0.52       0.65333333 0.41714286 0.65
 0.69333333]
Per-Class F1-Score: [0.99553238 0.40645161 0.4556962  0.53636364 0.21848739 0.28739003
 0.35294118 0.13903743 0.28496042 0.34472511 0.20817844 0.
 0.25531915 0.34986945 0.47769029 0.38582677 0.37150127 0.49242424
 0.48598131]
Support per Class: [293949    150     75    100     75     75    125    125    100    175
    100     50     75    125    175     75    175    100    150]
Weighted Precision: 0.9951, Weighted Recall: 0.9882, Weighted F1-Score: 0.9912
Precision: 0.9951, Recall: 0.9882, F1-Score: 0.9912
Fold 2, Epoch 20, Train Loss: 0.8024, Val Loss: 0.6750, Val Acc: 0.9883
Precision: 0.9948, Recall: 0.9851, F1-Score: 0.9895
Fold 2, Epoch 21, Train Loss: 0.8034, Val Loss: 0.7872, Val Acc: 0.9857
Precision: 0.9950, Recall: 0.9876, F1-Score: 0.9908
Fold 2, Epoch 22, Train Loss: 0.8853, Val Loss: 0.6676, Val Acc: 0.9878
Precision: 0.9948, Recall: 0.9861, F1-Score: 0.9900
Fold 2, Epoch 23, Train Loss: 0.8028, Val Loss: 0.7878, Val Acc: 0.9867
Precision: 0.9948, Recall: 0.9871, F1-Score: 0.9905
Fold 2, Epoch 24, Train Loss: 0.9479, Val Loss: 0.8488, Val Acc: 0.9872
Precision: 0.9949, Recall: 0.9813, F1-Score: 0.9876
Fold 2, Epoch 25, Train Loss: 1.0146, Val Loss: 0.8480, Val Acc: 0.9827
Precision: 0.9950, Recall: 0.9876, F1-Score: 0.9909
Fold 2, Epoch 26, Train Loss: 0.9393, Val Loss: 0.7100, Val Acc: 0.9880
Precision: 0.9948, Recall: 0.9825, F1-Score: 0.9881
Fold 2, Epoch 27, Train Loss: 0.8285, Val Loss: 0.6976, Val Acc: 0.9837
Precision: 0.9950, Recall: 0.9874, F1-Score: 0.9908
Fold 2, Epoch 28, Train Loss: 0.8178, Val Loss: 0.7136, Val Acc: 0.9877
Precision: 0.9951, Recall: 0.9876, F1-Score: 0.9908
Fold 2, Epoch 29, Train Loss: 0.8631, Val Loss: 0.6812, Val Acc: 0.9880

--- Epoch 30 ---
--- Epoch 30 ---
--- Epoch 30 ---



--- Epoch 30 ---
Class Weights: [2.1216663e-05 5.7020500e-02 5.4677192e-02 5.5436596e-02 4.9276974e-02
 5.4677192e-02 5.5436596e-02 5.7020500e-02 5.2518882e-02 5.7020500e-02
 5.2518882e-02 5.5436596e-02 5.3938311e-02 5.7020500e-02 6.0476288e-02
 5.8697574e-02 5.3938311e-02 5.7846885e-02 5.7020500e-02]Class Weights: [2.1216663e-05 5.7020500e-02 5.4677192e-02 5.5436596e-02 4.9276974e-02
 5.4677192e-02 5.5436596e-02 5.7020500e-02 5.2518882e-02 5.7020500e-02
 5.2518882e-02 5.5436596e-02 5.3938311e-02 5.7020500e-02 6.0476288e-02
 5.8697574e-02 5.3938311e-02 5.7846885e-02 5.7020500e-02]
Class Weights: [2.1216663e-05 5.7020500e-02 5.4677192e-02 5.5436596e-02 4.9276974e-02
 5.4677192e-02 5.5436596e-02 5.7020500e-02 5.2518882e-02 5.7020500e-02
 5.2518882e-02 5.5436596e-02 5.3938311e-02 5.7020500e-02 6.0476288e-02
 5.8697574e-02 5.3938311e-02 5.7846885e-02 5.7020500e-02]
Class Weights: [2.1216663e-05 5.7020500e-02 5.4677192e-02 5.5436596e-02 4.9276974e-02
 5.4677192e-02 5.5436596e-02 5.7020500e-02 5.2518882e-02 5.7020500e-02
 5.2518882e-02 5.5436596e-02 5.3938311e-02 5.7020500e-02 6.0476288e-02
 5.8697574e-02 5.3938311e-02 5.7846885e-02 5.7020500e-02]Learning Rate: 0.005
Learning Rate: 0.005


Learning Rate: 0.005Learning Rate: 0.005

Train Loss: 0.8019, Val Loss: 0.7338Train Loss: 0.8019, Val Loss: 0.7338

Train Loss: 0.8019, Val Loss: 0.7338Train Loss: 0.8019, Val Loss: 0.7338

Per-Class Precision: [0.99994826 0.26530612 0.32673267 0.34831461 0.11965812 0.13920455
 0.1208577  0.07792208 0.07189542 0.15841584 0.03644798 0.06796117
 0.14726027 0.37267081 0.34671533 0.35483871 0.27741935 0.45833333
 0.37575758]
Per-Class Recall: [0.98617787 0.17333333 0.88       0.93       0.56       0.65333333
 0.992      0.24       0.11       0.18285714 0.55       0.14
 0.57333333 0.48       0.54285714 0.44       0.24571429 0.55
 0.82666667]
Per-Class F1-Score: [0.99301533 0.20967742 0.4765343  0.50681199 0.1971831  0.2295082
 0.21546481 0.11764706 0.08695652 0.16976127 0.06836544 0.09150327
 0.23433243 0.41958042 0.42316258 0.39285714 0.26060606 0.5
 0.51666667]
Support per Class: [293949    150     75    100     75     75    125    125    100    175
    100     50     75    125    175     75    175    100    150]
Weighted Precision: 0.9947, Weighted Recall: 0.9828, Weighted F1-Score: 0.9882
Precision: 0.9947, Recall: 0.9828, F1-Score: 0.9882
Fold 2, Epoch 30, Train Loss: 0.8019, Val Loss: 0.7338, Val Acc: 0.9840
Precision: 0.9949, Recall: 0.9875, F1-Score: 0.9909
Fold 2, Epoch 31, Train Loss: 0.8141, Val Loss: 0.7264, Val Acc: 0.9879
Precision: 0.9948, Recall: 0.9871, F1-Score: 0.9904
Fold 2, Epoch 32, Train Loss: 0.8467, Val Loss: 0.7483, Val Acc: 0.9875
Precision: 0.9948, Recall: 0.9855, F1-Score: 0.9896
Fold 2, Epoch 33, Train Loss: 0.8015, Val Loss: 0.7539, Val Acc: 0.9862
Precision: 0.9950, Recall: 0.9853, F1-Score: 0.9896
Fold 2, Epoch 34, Train Loss: 0.8612, Val Loss: 0.7022, Val Acc: 0.9859
Precision: 0.9950, Recall: 0.9846, F1-Score: 0.9893
Fold 2, Epoch 35, Train Loss: 0.8089, Val Loss: 0.7112, Val Acc: 0.9854
Precision: 0.9950, Recall: 0.9847, F1-Score: 0.9893
Fold 2, Epoch 36, Train Loss: 0.8021, Val Loss: 0.6581, Val Acc: 0.9857
Precision: 0.9951, Recall: 0.9865, F1-Score: 0.9903
Fold 2, Epoch 37, Train Loss: 0.7618, Val Loss: 0.6258, Val Acc: 0.9871
Precision: 0.9950, Recall: 0.9870, F1-Score: 0.9905
Fold 2, Epoch 38, Train Loss: 0.7780, Val Loss: 0.6369, Val Acc: 0.9874
Precision: 0.9952, Recall: 0.9878, F1-Score: 0.9910
Fold 2, Epoch 39, Train Loss: 0.7974, Val Loss: 0.6078, Val Acc: 0.9882

--- Epoch 40 ---
--- Epoch 40 ---

--- Epoch 40 ---


--- Epoch 40 ---
Class Weights: [2.1216663e-05 5.7020500e-02 5.4677192e-02 5.5436596e-02 4.9276974e-02
 5.4677192e-02 5.5436596e-02 5.7020500e-02 5.2518882e-02 5.7020500e-02
 5.2518882e-02 5.5436596e-02 5.3938311e-02 5.7020500e-02 6.0476288e-02
 5.8697574e-02 5.3938311e-02 5.7846885e-02 5.7020500e-02]Class Weights: [2.1216663e-05 5.7020500e-02 5.4677192e-02 5.5436596e-02 4.9276974e-02
 5.4677192e-02 5.5436596e-02 5.7020500e-02 5.2518882e-02 5.7020500e-02
 5.2518882e-02 5.5436596e-02 5.3938311e-02 5.7020500e-02 6.0476288e-02
 5.8697574e-02 5.3938311e-02 5.7846885e-02 5.7020500e-02]
Class Weights: [2.1216663e-05 5.7020500e-02 5.4677192e-02 5.5436596e-02 4.9276974e-02
 5.4677192e-02 5.5436596e-02 5.7020500e-02 5.2518882e-02 5.7020500e-02
 5.2518882e-02 5.5436596e-02 5.3938311e-02 5.7020500e-02 6.0476288e-02
 5.8697574e-02 5.3938311e-02 5.7846885e-02 5.7020500e-02]Class Weights: [2.1216663e-05 5.7020500e-02 5.4677192e-02 5.5436596e-02 4.9276974e-02
 5.4677192e-02 5.5436596e-02 5.7020500e-02 5.2518882e-02 5.7020500e-02
 5.2518882e-02 5.5436596e-02 5.3938311e-02 5.7020500e-02 6.0476288e-02
 5.8697574e-02 5.3938311e-02 5.7846885e-02 5.7020500e-02]

Learning Rate: 0.005

Learning Rate: 0.005Learning Rate: 0.005Learning Rate: 0.005


Train Loss: 0.7748, Val Loss: 0.6455
Train Loss: 0.7748, Val Loss: 0.6455Train Loss: 0.7748, Val Loss: 0.6455

Train Loss: 0.7748, Val Loss: 0.6455
Per-Class Precision: [0.99994832 0.38108108 0.41216216 0.4171123  0.16600791 0.18543046
 0.2278481  0.10614525 0.17857143 0.18454259 0.05335968 0.07567568
 0.2244898  0.63076923 0.56643357 0.26337449 0.34939759 0.38418079
 0.37391304]
Per-Class Recall: [0.98744    0.94       0.81333333 0.78       0.56       0.74666667
 0.576      0.456      0.35       0.66857143 0.81       0.28
 0.44       0.328      0.46285714 0.85333333 0.33142857 0.68
 0.28666667]
Per-Class F1-Score: [0.9936548  0.54230769 0.5470852  0.54355401 0.25609756 0.29708223
 0.32653061 0.17220544 0.23648649 0.28924598 0.10012361 0.11914894
 0.2972973  0.43157895 0.50943396 0.40251572 0.34017595 0.49097473
 0.3245283 ]
Support per Class: [293949    150     75    100     75     75    125    125    100    175
    100     50     75    125    175     75    175    100    150]
Weighted Precision: 0.9952, Weighted Recall: 0.9845, Weighted F1-Score: 0.9893
Precision: 0.9952, Recall: 0.9845, F1-Score: 0.9893
Fold 2, Epoch 40, Train Loss: 0.7748, Val Loss: 0.6455, Val Acc: 0.9855
Precision: 0.9952, Recall: 0.9876, F1-Score: 0.9909
Fold 2, Epoch 41, Train Loss: 0.7771, Val Loss: 0.6176, Val Acc: 0.9879
Precision: 0.9951, Recall: 0.9867, F1-Score: 0.9904
Fold 2, Epoch 42, Train Loss: 0.7438, Val Loss: 0.6066, Val Acc: 0.9872
Precision: 0.9949, Recall: 0.9875, F1-Score: 0.9907
Fold 2, Epoch 43, Train Loss: 0.7329, Val Loss: 0.6372, Val Acc: 0.9879
Precision: 0.9952, Recall: 0.9877, F1-Score: 0.9910
Fold 2, Epoch 44, Train Loss: 0.7575, Val Loss: 0.6240, Val Acc: 0.9880
Precision: 0.9949, Recall: 0.9873, F1-Score: 0.9907
Fold 2, Epoch 45, Train Loss: 0.7356, Val Loss: 0.6792, Val Acc: 0.9878
Precision: 0.9947, Recall: 0.9851, F1-Score: 0.9894
Fold 2, Epoch 46, Train Loss: 0.7685, Val Loss: 0.8035, Val Acc: 0.9854
Precision: 0.9950, Recall: 0.9877, F1-Score: 0.9908
Fold 2, Epoch 47, Train Loss: 0.8426, Val Loss: 0.8000, Val Acc: 0.9877
Precision: 0.9952, Recall: 0.9831, F1-Score: 0.9886
Fold 2, Epoch 48, Train Loss: 0.8282, Val Loss: 0.6776, Val Acc: 0.9841
Precision: 0.9952, Recall: 0.9881, F1-Score: 0.9912
Fold 2, Epoch 49, Train Loss: 0.7474, Val Loss: 0.6512, Val Acc: 0.9882

--- Epoch 50 ---
--- Epoch 50 ---
--- Epoch 50 ---



--- Epoch 50 ---
Class Weights: [2.1216663e-05 5.7020500e-02 5.4677192e-02 5.5436596e-02 4.9276974e-02
 5.4677192e-02 5.5436596e-02 5.7020500e-02 5.2518882e-02 5.7020500e-02
 5.2518882e-02 5.5436596e-02 5.3938311e-02 5.7020500e-02 6.0476288e-02
 5.8697574e-02 5.3938311e-02 5.7846885e-02 5.7020500e-02]Class Weights: [2.1216663e-05 5.7020500e-02 5.4677192e-02 5.5436596e-02 4.9276974e-02
 5.4677192e-02 5.5436596e-02 5.7020500e-02 5.2518882e-02 5.7020500e-02
 5.2518882e-02 5.5436596e-02 5.3938311e-02 5.7020500e-02 6.0476288e-02
 5.8697574e-02 5.3938311e-02 5.7846885e-02 5.7020500e-02]Class Weights: [2.1216663e-05 5.7020500e-02 5.4677192e-02 5.5436596e-02 4.9276974e-02
 5.4677192e-02 5.5436596e-02 5.7020500e-02 5.2518882e-02 5.7020500e-02
 5.2518882e-02 5.5436596e-02 5.3938311e-02 5.7020500e-02 6.0476288e-02
 5.8697574e-02 5.3938311e-02 5.7846885e-02 5.7020500e-02]Class Weights: [2.1216663e-05 5.7020500e-02 5.4677192e-02 5.5436596e-02 4.9276974e-02
 5.4677192e-02 5.5436596e-02 5.7020500e-02 5.2518882e-02 5.7020500e-02
 5.2518882e-02 5.5436596e-02 5.3938311e-02 5.7020500e-02 6.0476288e-02
 5.8697574e-02 5.3938311e-02 5.7846885e-02 5.7020500e-02]



Learning Rate: 0.005Learning Rate: 0.005
Learning Rate: 0.005Learning Rate: 0.005


Train Loss: 0.7234, Val Loss: 0.7097
Train Loss: 0.7234, Val Loss: 0.7097Train Loss: 0.7234, Val Loss: 0.7097
Train Loss: 0.7234, Val Loss: 0.7097

Per-Class Precision: [0.99994846 0.28431373 0.38636364 0.73333333 0.11851852 0.20600858
 0.18333333 0.06504065 0.12345679 0.24424779 0.09625127 0.
 0.13669065 0.30726257 0.4516129  0.24731183 0.3297491  0.41232227
 0.38251366]
Per-Class Recall: [0.9900527  0.19333333 0.22666667 0.44       0.64       0.64
 0.352      0.064      0.5        0.78857143 0.95       0.
 0.50666667 0.44       0.64       0.61333333 0.52571429 0.87
 0.93333333]
Per-Class F1-Score: [0.99497597 0.23015873 0.28571429 0.55       0.2        0.31168831
 0.24109589 0.06451613 0.1980198  0.37297297 0.17479301 0.
 0.21529745 0.36184211 0.52955083 0.35249042 0.40528634 0.55948553
 0.54263566]
Support per Class: [293949    150     75    100     75     75    125    125    100    175
    100     50     75    125    175     75    175    100    150]
Weighted Precision: 0.9950, Weighted Recall: 0.9870, Weighted F1-Score: 0.9905
Precision: 0.9950, Recall: 0.9870, F1-Score: 0.9905
Fold 2, Epoch 50, Train Loss: 0.7234, Val Loss: 0.7097, Val Acc: 0.9871
Precision: 0.9950, Recall: 0.9855, F1-Score: 0.9898
Fold 2, Epoch 51, Train Loss: 0.7741, Val Loss: 0.6347, Val Acc: 0.9861
Precision: 0.9952, Recall: 0.9850, F1-Score: 0.9896
Fold 2, Epoch 52, Train Loss: 0.7232, Val Loss: 0.5927, Val Acc: 0.9858
Precision: 0.9954, Recall: 0.9876, F1-Score: 0.9911
Fold 2, Epoch 53, Train Loss: 0.6859, Val Loss: 0.5941, Val Acc: 0.9879
Precision: 0.9952, Recall: 0.9862, F1-Score: 0.9902
Fold 2, Epoch 54, Train Loss: 0.7026, Val Loss: 0.6454, Val Acc: 0.9865
Precision: 0.9951, Recall: 0.9873, F1-Score: 0.9907
Fold 2, Epoch 55, Train Loss: 0.7474, Val Loss: 0.6857, Val Acc: 0.9874
Precision: 0.9951, Recall: 0.9876, F1-Score: 0.9909
Fold 2, Epoch 56, Train Loss: 0.7567, Val Loss: 0.5845, Val Acc: 0.9879
Precision: 0.9950, Recall: 0.9864, F1-Score: 0.9901
Fold 2, Epoch 57, Train Loss: 0.7037, Val Loss: 0.6535, Val Acc: 0.9867
Precision: 0.9952, Recall: 0.9850, F1-Score: 0.9897
Fold 2, Epoch 58, Train Loss: 0.7561, Val Loss: 0.5949, Val Acc: 0.9857
Precision: 0.9953, Recall: 0.9875, F1-Score: 0.9909
Fold 2, Epoch 59, Train Loss: 0.7185, Val Loss: 0.6213, Val Acc: 0.9877

--- Epoch 60 ---

--- Epoch 60 ---
--- Epoch 60 ---


--- Epoch 60 ---
Class Weights: [2.1216663e-05 5.7020500e-02 5.4677192e-02 5.5436596e-02 4.9276974e-02
 5.4677192e-02 5.5436596e-02 5.7020500e-02 5.2518882e-02 5.7020500e-02
 5.2518882e-02 5.5436596e-02 5.3938311e-02 5.7020500e-02 6.0476288e-02
 5.8697574e-02 5.3938311e-02 5.7846885e-02 5.7020500e-02]Class Weights: [2.1216663e-05 5.7020500e-02 5.4677192e-02 5.5436596e-02 4.9276974e-02
 5.4677192e-02 5.5436596e-02 5.7020500e-02 5.2518882e-02 5.7020500e-02
 5.2518882e-02 5.5436596e-02 5.3938311e-02 5.7020500e-02 6.0476288e-02
 5.8697574e-02 5.3938311e-02 5.7846885e-02 5.7020500e-02]Class Weights: [2.1216663e-05 5.7020500e-02 5.4677192e-02 5.5436596e-02 4.9276974e-02
 5.4677192e-02 5.5436596e-02 5.7020500e-02 5.2518882e-02 5.7020500e-02
 5.2518882e-02 5.5436596e-02 5.3938311e-02 5.7020500e-02 6.0476288e-02
 5.8697574e-02 5.3938311e-02 5.7846885e-02 5.7020500e-02]


Class Weights: [2.1216663e-05 5.7020500e-02 5.4677192e-02 5.5436596e-02 4.9276974e-02
 5.4677192e-02 5.5436596e-02 5.7020500e-02 5.2518882e-02 5.7020500e-02
 5.2518882e-02 5.5436596e-02 5.3938311e-02 5.7020500e-02 6.0476288e-02
 5.8697574e-02 5.3938311e-02 5.7846885e-02 5.7020500e-02]Learning Rate: 0.005Learning Rate: 0.005Learning Rate: 0.005



Learning Rate: 0.005
Train Loss: 0.7089, Val Loss: 0.6816Train Loss: 0.7089, Val Loss: 0.6816Train Loss: 0.7089, Val Loss: 0.6816Train Loss: 0.7089, Val Loss: 0.6816



Per-Class Precision: [0.99993822 0.52941176 0.38888889 0.60606061 0.15120275 0.36111111
 0.20330969 0.05681818 0.24210526 0.25988701 0.11123853 0.
 0.08360129 0.60655738 0.52020202 0.19365079 0.25505051 0.32666667
 0.44155844]
Per-Class Recall: [0.99106308 0.3        0.18666667 0.4        0.58666667 0.52
 0.688      0.04       0.46       0.78857143 0.97       0.
 0.34666667 0.296      0.58857143 0.81333333 0.57714286 0.98
 0.90666667]
Per-Class F1-Score: [0.99548087 0.38297872 0.25225225 0.48192771 0.24043716 0.42622951
 0.31386861 0.04694836 0.31724138 0.39093484 0.19958848 0.
 0.13471503 0.39784946 0.55227882 0.31282051 0.35376532 0.49
 0.59388646]
Support per Class: [293949    150     75    100     75     75    125    125    100    175
    100     50     75    125    175     75    175    100    150]
Weighted Precision: 0.9953, Weighted Recall: 0.9881, Weighted F1-Score: 0.9911
Precision: 0.9953, Recall: 0.9881, F1-Score: 0.9911
Fold 2, Epoch 60, Train Loss: 0.7089, Val Loss: 0.6816, Val Acc: 0.9881
Precision: 0.9953, Recall: 0.9873, F1-Score: 0.9908
Fold 2, Epoch 61, Train Loss: 0.7476, Val Loss: 0.5692, Val Acc: 0.9877
Precision: 0.9952, Recall: 0.9876, F1-Score: 0.9909
Fold 2, Epoch 62, Train Loss: 0.7140, Val Loss: 0.5898, Val Acc: 0.9879
Precision: 0.9953, Recall: 0.9876, F1-Score: 0.9909
Fold 2, Epoch 63, Train Loss: 0.6709, Val Loss: 0.6165, Val Acc: 0.9879
Precision: 0.9952, Recall: 0.9879, F1-Score: 0.9910
Fold 2, Epoch 64, Train Loss: 0.7297, Val Loss: 0.5405, Val Acc: 0.9881
Precision: 0.9953, Recall: 0.9880, F1-Score: 0.9911
Fold 2, Epoch 65, Train Loss: 0.7079, Val Loss: 0.5713, Val Acc: 0.9883
Precision: 0.9953, Recall: 0.9879, F1-Score: 0.9911
Fold 2, Epoch 66, Train Loss: 0.6976, Val Loss: 0.5416, Val Acc: 0.9882
Precision: 0.9950, Recall: 0.9881, F1-Score: 0.9910
Fold 2, Epoch 67, Train Loss: 0.6871, Val Loss: 0.7038, Val Acc: 0.9880
Precision: 0.9949, Recall: 0.9827, F1-Score: 0.9882
Fold 2, Epoch 68, Train Loss: 0.7578, Val Loss: 0.7084, Val Acc: 0.9836
Precision: 0.9955, Recall: 0.9885, F1-Score: 0.9915
Fold 2, Epoch 69, Train Loss: 0.7457, Val Loss: 0.5709, Val Acc: 0.9887

--- Epoch 70 ---
--- Epoch 70 ---
--- Epoch 70 ---



--- Epoch 70 ---
Class Weights: [2.1216663e-05 5.7020500e-02 5.4677192e-02 5.5436596e-02 4.9276974e-02
 5.4677192e-02 5.5436596e-02 5.7020500e-02 5.2518882e-02 5.7020500e-02
 5.2518882e-02 5.5436596e-02 5.3938311e-02 5.7020500e-02 6.0476288e-02
 5.8697574e-02 5.3938311e-02 5.7846885e-02 5.7020500e-02]Class Weights: [2.1216663e-05 5.7020500e-02 5.4677192e-02 5.5436596e-02 4.9276974e-02
 5.4677192e-02 5.5436596e-02 5.7020500e-02 5.2518882e-02 5.7020500e-02
 5.2518882e-02 5.5436596e-02 5.3938311e-02 5.7020500e-02 6.0476288e-02
 5.8697574e-02 5.3938311e-02 5.7846885e-02 5.7020500e-02]Class Weights: [2.1216663e-05 5.7020500e-02 5.4677192e-02 5.5436596e-02 4.9276974e-02
 5.4677192e-02 5.5436596e-02 5.7020500e-02 5.2518882e-02 5.7020500e-02
 5.2518882e-02 5.5436596e-02 5.3938311e-02 5.7020500e-02 6.0476288e-02
 5.8697574e-02 5.3938311e-02 5.7846885e-02 5.7020500e-02]
Class Weights: [2.1216663e-05 5.7020500e-02 5.4677192e-02 5.5436596e-02 4.9276974e-02
 5.4677192e-02 5.5436596e-02 5.7020500e-02 5.2518882e-02 5.7020500e-02
 5.2518882e-02 5.5436596e-02 5.3938311e-02 5.7020500e-02 6.0476288e-02
 5.8697574e-02 5.3938311e-02 5.7846885e-02 5.7020500e-02]


Learning Rate: 0.005Learning Rate: 0.005Learning Rate: 0.005

Learning Rate: 0.005

Train Loss: 0.6624, Val Loss: 0.5470Train Loss: 0.6624, Val Loss: 0.5470

Train Loss: 0.6624, Val Loss: 0.5470Train Loss: 0.6624, Val Loss: 0.5470

Per-Class Precision: [0.99994822 0.48015873 0.40217391 0.65178571 0.14435696 0.29878049
 0.20535714 0.05594406 0.1484375  0.19674556 0.04401325 0.03409091
 0.2        0.25222552 0.55828221 0.296875   0.32692308 0.53921569
 0.49375   ]
Per-Class Recall: [0.98542604 0.80666667 0.98666667 0.73       0.73333333 0.65333333
 0.736      0.064      0.57       0.76       0.93       0.06
 0.36       0.68       0.52       0.76       0.48571429 0.55
 0.52666667]
Per-Class F1-Score: [0.99263402 0.60199005 0.57142857 0.68867925 0.24122807 0.41004184
 0.32111693 0.05970149 0.23553719 0.31257344 0.0840488  0.04347826
 0.25714286 0.36796537 0.53846154 0.42696629 0.3908046  0.54455446
 0.50967742]
Support per Class: [293949    150     75    100     75     75    125    125    100    175
    100     50     75    125    175     75    175    100    150]
Weighted Precision: 0.9953, Weighted Recall: 0.9829, Weighted F1-Score: 0.9885
Precision: 0.9953, Recall: 0.9829, F1-Score: 0.9885
Fold 2, Epoch 70, Train Loss: 0.6624, Val Loss: 0.5470, Val Acc: 0.9841
Precision: 0.9952, Recall: 0.9873, F1-Score: 0.9908
Fold 2, Epoch 71, Train Loss: 0.6789, Val Loss: 0.5529, Val Acc: 0.9877
Precision: 0.9952, Recall: 0.9883, F1-Score: 0.9913
Fold 2, Epoch 72, Train Loss: 0.7015, Val Loss: 0.5757, Val Acc: 0.9886
Precision: 0.9951, Recall: 0.9840, F1-Score: 0.9890
Fold 2, Epoch 73, Train Loss: 0.6890, Val Loss: 0.5609, Val Acc: 0.9850
Precision: 0.9954, Recall: 0.9883, F1-Score: 0.9914
Fold 2, Epoch 74, Train Loss: 0.6737, Val Loss: 0.5503, Val Acc: 0.9884
Precision: 0.9952, Recall: 0.9830, F1-Score: 0.9886
Fold 2, Epoch 75, Train Loss: 0.6819, Val Loss: 0.5773, Val Acc: 0.9836
Precision: 0.9953, Recall: 0.9881, F1-Score: 0.9912
Fold 2, Epoch 76, Train Loss: 0.6833, Val Loss: 0.6043, Val Acc: 0.9883
Precision: 0.9955, Recall: 0.9877, F1-Score: 0.9911
Fold 2, Epoch 77, Train Loss: 0.7112, Val Loss: 0.5252, Val Acc: 0.9879
Precision: 0.9956, Recall: 0.9884, F1-Score: 0.9915
Fold 2, Epoch 78, Train Loss: 0.6968, Val Loss: 0.5659, Val Acc: 0.9885
Precision: 0.9948, Recall: 0.9838, F1-Score: 0.9886
Fold 2, Epoch 79, Train Loss: 0.6866, Val Loss: 0.5566, Val Acc: 0.9847

--- Epoch 80 ---
--- Epoch 80 ---
--- Epoch 80 ---



--- Epoch 80 ---
Class Weights: [2.1216663e-05 5.7020500e-02 5.4677192e-02 5.5436596e-02 4.9276974e-02
 5.4677192e-02 5.5436596e-02 5.7020500e-02 5.2518882e-02 5.7020500e-02
 5.2518882e-02 5.5436596e-02 5.3938311e-02 5.7020500e-02 6.0476288e-02
 5.8697574e-02 5.3938311e-02 5.7846885e-02 5.7020500e-02]Class Weights: [2.1216663e-05 5.7020500e-02 5.4677192e-02 5.5436596e-02 4.9276974e-02
 5.4677192e-02 5.5436596e-02 5.7020500e-02 5.2518882e-02 5.7020500e-02
 5.2518882e-02 5.5436596e-02 5.3938311e-02 5.7020500e-02 6.0476288e-02
 5.8697574e-02 5.3938311e-02 5.7846885e-02 5.7020500e-02]Class Weights: [2.1216663e-05 5.7020500e-02 5.4677192e-02 5.5436596e-02 4.9276974e-02
 5.4677192e-02 5.5436596e-02 5.7020500e-02 5.2518882e-02 5.7020500e-02
 5.2518882e-02 5.5436596e-02 5.3938311e-02 5.7020500e-02 6.0476288e-02
 5.8697574e-02 5.3938311e-02 5.7846885e-02 5.7020500e-02]


Class Weights: [2.1216663e-05 5.7020500e-02 5.4677192e-02 5.5436596e-02 4.9276974e-02
 5.4677192e-02 5.5436596e-02 5.7020500e-02 5.2518882e-02 5.7020500e-02
 5.2518882e-02 5.5436596e-02 5.3938311e-02 5.7020500e-02 6.0476288e-02
 5.8697574e-02 5.3938311e-02 5.7846885e-02 5.7020500e-02]Learning Rate: 0.005Learning Rate: 0.005Learning Rate: 0.005



Learning Rate: 0.005
Train Loss: 0.6566, Val Loss: 0.5666Train Loss: 0.6566, Val Loss: 0.5666
Train Loss: 0.6566, Val Loss: 0.5666Train Loss: 0.6566, Val Loss: 0.5666


Per-Class Precision: [0.9999348  0.54008439 0.44360902 0.44134078 0.26857143 0.35766423
 0.14782609 0.08695652 0.15577889 0.21602787 0.1261498  0.1011236
 0.24       0.25362319 0.48947368 0.392      0.3988764  0.32128514
 0.56395349]
Per-Class Recall: [0.991274   0.85333333 0.78666667 0.79       0.62666667 0.65333333
 0.408      0.176      0.62       0.70857143 0.96       0.18
 0.32       0.56       0.53142857 0.65333333 0.40571429 0.8
 0.64666667]
Per-Class F1-Score: [0.99558556 0.66149871 0.56730769 0.56630824 0.376      0.46226415
 0.21702128 0.11640212 0.24899598 0.33110814 0.22299652 0.1294964
 0.27428571 0.34912718 0.50958904 0.49       0.40226629 0.45845272
 0.60248447]
Support per Class: [293949    150     75    100     75     75    125    125    100    175
    100     50     75    125    175     75    175    100    150]
Weighted Precision: 0.9953, Weighted Recall: 0.9886, Weighted F1-Score: 0.9915
Precision: 0.9953, Recall: 0.9886, F1-Score: 0.9915
Fold 2, Epoch 80, Train Loss: 0.6566, Val Loss: 0.5666, Val Acc: 0.9887
Precision: 0.9953, Recall: 0.9877, F1-Score: 0.9910
Fold 2, Epoch 81, Train Loss: 0.6903, Val Loss: 0.5657, Val Acc: 0.9881
Precision: 0.9952, Recall: 0.9885, F1-Score: 0.9914
Fold 2, Epoch 82, Train Loss: 0.6787, Val Loss: 0.6092, Val Acc: 0.9886
Precision: 0.9954, Recall: 0.9874, F1-Score: 0.9908
Fold 2, Epoch 83, Train Loss: 0.6916, Val Loss: 0.5209, Val Acc: 0.9877
Precision: 0.9953, Recall: 0.9876, F1-Score: 0.9909
Fold 2, Epoch 84, Train Loss: 0.6268, Val Loss: 0.5163, Val Acc: 0.9879
Precision: 0.9953, Recall: 0.9879, F1-Score: 0.9912
Fold 2, Epoch 85, Train Loss: 0.6368, Val Loss: 0.5015, Val Acc: 0.9883
Precision: 0.9951, Recall: 0.9856, F1-Score: 0.9897
Fold 2, Epoch 86, Train Loss: 0.6853, Val Loss: 0.6179, Val Acc: 0.9862
Precision: 0.9954, Recall: 0.9884, F1-Score: 0.9913
Fold 2, Epoch 87, Train Loss: 0.6692, Val Loss: 0.5578, Val Acc: 0.9887
Precision: 0.9955, Recall: 0.9887, F1-Score: 0.9917
Fold 2, Epoch 88, Train Loss: 0.6568, Val Loss: 0.5099, Val Acc: 0.9889
Precision: 0.9951, Recall: 0.9821, F1-Score: 0.9880
Fold 2, Epoch 89, Train Loss: 0.6419, Val Loss: 0.5955, Val Acc: 0.9826

--- Epoch 90 ---
--- Epoch 90 ---
--- Epoch 90 ---



--- Epoch 90 ---
Class Weights: [2.1216663e-05 5.7020500e-02 5.4677192e-02 5.5436596e-02 4.9276974e-02
 5.4677192e-02 5.5436596e-02 5.7020500e-02 5.2518882e-02 5.7020500e-02
 5.2518882e-02 5.5436596e-02 5.3938311e-02 5.7020500e-02 6.0476288e-02
 5.8697574e-02 5.3938311e-02 5.7846885e-02 5.7020500e-02]Class Weights: [2.1216663e-05 5.7020500e-02 5.4677192e-02 5.5436596e-02 4.9276974e-02
 5.4677192e-02 5.5436596e-02 5.7020500e-02 5.2518882e-02 5.7020500e-02
 5.2518882e-02 5.5436596e-02 5.3938311e-02 5.7020500e-02 6.0476288e-02
 5.8697574e-02 5.3938311e-02 5.7846885e-02 5.7020500e-02]Class Weights: [2.1216663e-05 5.7020500e-02 5.4677192e-02 5.5436596e-02 4.9276974e-02
 5.4677192e-02 5.5436596e-02 5.7020500e-02 5.2518882e-02 5.7020500e-02
 5.2518882e-02 5.5436596e-02 5.3938311e-02 5.7020500e-02 6.0476288e-02
 5.8697574e-02 5.3938311e-02 5.7846885e-02 5.7020500e-02]


Learning Rate: 0.005Learning Rate: 0.005Learning Rate: 0.005


Class Weights: [2.1216663e-05 5.7020500e-02 5.4677192e-02 5.5436596e-02 4.9276974e-02
 5.4677192e-02 5.5436596e-02 5.7020500e-02 5.2518882e-02 5.7020500e-02
 5.2518882e-02 5.5436596e-02 5.3938311e-02 5.7020500e-02 6.0476288e-02
 5.8697574e-02 5.3938311e-02 5.7846885e-02 5.7020500e-02]
Learning Rate: 0.005
Train Loss: 0.6815, Val Loss: 0.5922Train Loss: 0.6815, Val Loss: 0.5922
Train Loss: 0.6815, Val Loss: 0.5922

Train Loss: 0.6815, Val Loss: 0.5922
Per-Class Precision: [0.99994508 0.65333333 0.65789474 0.64788732 0.11355311 0.22519084
 0.24786325 0.06008584 0.18767507 0.27098321 0.13533835 0.03597122
 0.17154812 0.43478261 0.37971014 0.25555556 0.25621891 0.39591837
 0.51503759]
Per-Class Recall: [0.99100184 0.65333333 0.33333333 0.46       0.41333333 0.78666667
 0.464      0.112      0.67       0.64571429 0.9        0.1
 0.54666667 0.48       0.74857143 0.61333333 0.58857143 0.97
 0.91333333]
Per-Class F1-Score: [0.99545337 0.65333333 0.44247788 0.5380117  0.17816092 0.35014837
 0.32311978 0.07821229 0.29321663 0.38175676 0.23529412 0.05291005
 0.2611465  0.45627376 0.50384615 0.36078431 0.35701906 0.56231884
 0.65865385]
Support per Class: [293949    150     75    100     75     75    125    125    100    175
    100     50     75    125    175     75    175    100    150]
Weighted Precision: 0.9954, Weighted Recall: 0.9883, Weighted F1-Score: 0.9914
Precision: 0.9954, Recall: 0.9883, F1-Score: 0.9914
Fold 2, Epoch 90, Train Loss: 0.6815, Val Loss: 0.5922, Val Acc: 0.9885
Precision: 0.9954, Recall: 0.9871, F1-Score: 0.9906
Fold 2, Epoch 91, Train Loss: 0.6548, Val Loss: 0.5082, Val Acc: 0.9874
Precision: 0.9952, Recall: 0.9875, F1-Score: 0.9908
Fold 2, Epoch 92, Train Loss: 0.6924, Val Loss: 0.5618, Val Acc: 0.9878
Precision: 0.9952, Recall: 0.9875, F1-Score: 0.9909
Fold 2, Epoch 93, Train Loss: 0.6606, Val Loss: 0.5813, Val Acc: 0.9879
Precision: 0.9954, Recall: 0.9885, F1-Score: 0.9914
Fold 2, Epoch 94, Train Loss: 0.6924, Val Loss: 0.5013, Val Acc: 0.9887
Precision: 0.9953, Recall: 0.9759, F1-Score: 0.9848
Fold 2, Epoch 95, Train Loss: 0.5922, Val Loss: 0.5800, Val Acc: 0.9751
Precision: 0.9953, Recall: 0.9856, F1-Score: 0.9899
Fold 2, Epoch 96, Train Loss: 0.6434, Val Loss: 0.6182, Val Acc: 0.9861
Precision: 0.9955, Recall: 0.9880, F1-Score: 0.9913
Fold 2, Epoch 97, Train Loss: 0.6868, Val Loss: 0.5566, Val Acc: 0.9883
Precision: 0.9948, Recall: 0.9700, F1-Score: 0.9815
Fold 2, Epoch 98, Train Loss: 0.6659, Val Loss: 0.6832, Val Acc: 0.9678
Precision: 0.9951, Recall: 0.9671, F1-Score: 0.9802
Fold 2, Epoch 99, Train Loss: 0.6929, Val Loss: 0.5302, Val Acc: 0.9642

--- Epoch 100 ---
--- Epoch 100 ---
--- Epoch 100 ---



--- Epoch 100 ---
Class Weights: [2.1216663e-05 5.7020500e-02 5.4677192e-02 5.5436596e-02 4.9276974e-02
 5.4677192e-02 5.5436596e-02 5.7020500e-02 5.2518882e-02 5.7020500e-02
 5.2518882e-02 5.5436596e-02 5.3938311e-02 5.7020500e-02 6.0476288e-02
 5.8697574e-02 5.3938311e-02 5.7846885e-02 5.7020500e-02]Class Weights: [2.1216663e-05 5.7020500e-02 5.4677192e-02 5.5436596e-02 4.9276974e-02
 5.4677192e-02 5.5436596e-02 5.7020500e-02 5.2518882e-02 5.7020500e-02
 5.2518882e-02 5.5436596e-02 5.3938311e-02 5.7020500e-02 6.0476288e-02
 5.8697574e-02 5.3938311e-02 5.7846885e-02 5.7020500e-02]Class Weights: [2.1216663e-05 5.7020500e-02 5.4677192e-02 5.5436596e-02 4.9276974e-02
 5.4677192e-02 5.5436596e-02 5.7020500e-02 5.2518882e-02 5.7020500e-02
 5.2518882e-02 5.5436596e-02 5.3938311e-02 5.7020500e-02 6.0476288e-02
 5.8697574e-02 5.3938311e-02 5.7846885e-02 5.7020500e-02]


Class Weights: [2.1216663e-05 5.7020500e-02 5.4677192e-02 5.5436596e-02 4.9276974e-02
 5.4677192e-02 5.5436596e-02 5.7020500e-02 5.2518882e-02 5.7020500e-02
 5.2518882e-02 5.5436596e-02 5.3938311e-02 5.7020500e-02 6.0476288e-02
 5.8697574e-02 5.3938311e-02 5.7846885e-02 5.7020500e-02]Learning Rate: 0.005Learning Rate: 0.005Learning Rate: 0.005



Learning Rate: 0.005
Train Loss: 0.6729, Val Loss: 0.5729Train Loss: 0.6729, Val Loss: 0.5729
Train Loss: 0.6729, Val Loss: 0.5729
Train Loss: 0.6729, Val Loss: 0.5729

Per-Class Precision: [0.99994852 0.56       0.65909091 0.57575758 0.15517241 0.55696203
 0.20333333 0.08849558 0.16435644 0.23369565 0.11642157 0.05714286
 0.1754386  0.4488189  0.44802867 0.48684211 0.29824561 0.46551724
 0.45483871]
Per-Class Recall: [0.9910971  0.65333333 0.77333333 0.76       0.84       0.58666667
 0.488      0.08       0.83       0.73714286 0.95       0.24
 0.13333333 0.456      0.71428571 0.49333333 0.38857143 0.81
 0.94      ]
Per-Class F1-Score: [0.99550313 0.60307692 0.71165644 0.65517241 0.26195426 0.57142857
 0.28705882 0.08403361 0.27438017 0.35488308 0.20742358 0.09230769
 0.15151515 0.45238095 0.55066079 0.49006623 0.33746898 0.59124088
 0.61304348]
Support per Class: [293949    150     75    100     75     75    125    125    100    175
    100     50     75    125    175     75    175    100    150]
Weighted Precision: 0.9955, Weighted Recall: 0.9885, Weighted F1-Score: 0.9915
Precision: 0.9955, Recall: 0.9885, F1-Score: 0.9915
Fold 2, Epoch 100, Train Loss: 0.6729, Val Loss: 0.5729, Val Acc: 0.9886
Precision: 0.9951, Recall: 0.9850, F1-Score: 0.9894
Fold 2, Epoch 101, Train Loss: 0.6177, Val Loss: 0.4700, Val Acc: 0.9855
Precision: 0.9952, Recall: 0.9866, F1-Score: 0.9903
Fold 2, Epoch 102, Train Loss: 0.6051, Val Loss: 0.5028, Val Acc: 0.9861
Precision: 0.9954, Recall: 0.9863, F1-Score: 0.9902
Fold 2, Epoch 103, Train Loss: 0.6164, Val Loss: 0.4501, Val Acc: 0.9868
Precision: 0.9953, Recall: 0.9883, F1-Score: 0.9913
Fold 2, Epoch 104, Train Loss: 0.5921, Val Loss: 0.4456, Val Acc: 0.9885
Precision: 0.9952, Recall: 0.9855, F1-Score: 0.9898
Fold 2, Epoch 105, Train Loss: 0.5733, Val Loss: 0.4678, Val Acc: 0.9856
Precision: 0.9956, Recall: 0.9879, F1-Score: 0.9912
Fold 2, Epoch 106, Train Loss: 0.5873, Val Loss: 0.4700, Val Acc: 0.9881
Precision: 0.9954, Recall: 0.9875, F1-Score: 0.9909
Fold 2, Epoch 107, Train Loss: 0.5645, Val Loss: 0.4528, Val Acc: 0.9879
Precision: 0.9956, Recall: 0.9884, F1-Score: 0.9915
Fold 2, Epoch 108, Train Loss: 0.5740, Val Loss: 0.4694, Val Acc: 0.9886
Precision: 0.9953, Recall: 0.9863, F1-Score: 0.9902
Fold 2, Epoch 109, Train Loss: 0.5466, Val Loss: 0.4750, Val Acc: 0.9867

--- Epoch 110 ---
--- Epoch 110 ---


--- Epoch 110 ---

--- Epoch 110 ---
Class Weights: [2.1216663e-05 5.7020500e-02 5.4677192e-02 5.5436596e-02 4.9276974e-02
 5.4677192e-02 5.5436596e-02 5.7020500e-02 5.2518882e-02 5.7020500e-02
 5.2518882e-02 5.5436596e-02 5.3938311e-02 5.7020500e-02 6.0476288e-02
 5.8697574e-02 5.3938311e-02 5.7846885e-02 5.7020500e-02]Class Weights: [2.1216663e-05 5.7020500e-02 5.4677192e-02 5.5436596e-02 4.9276974e-02
 5.4677192e-02 5.5436596e-02 5.7020500e-02 5.2518882e-02 5.7020500e-02
 5.2518882e-02 5.5436596e-02 5.3938311e-02 5.7020500e-02 6.0476288e-02
 5.8697574e-02 5.3938311e-02 5.7846885e-02 5.7020500e-02]

Learning Rate: 0.005Class Weights: [2.1216663e-05 5.7020500e-02 5.4677192e-02 5.5436596e-02 4.9276974e-02
 5.4677192e-02 5.5436596e-02 5.7020500e-02 5.2518882e-02 5.7020500e-02
 5.2518882e-02 5.5436596e-02 5.3938311e-02 5.7020500e-02 6.0476288e-02
 5.8697574e-02 5.3938311e-02 5.7846885e-02 5.7020500e-02]Learning Rate: 0.005


Learning Rate: 0.005
Class Weights: [2.1216663e-05 5.7020500e-02 5.4677192e-02 5.5436596e-02 4.9276974e-02
 5.4677192e-02 5.5436596e-02 5.7020500e-02 5.2518882e-02 5.7020500e-02
 5.2518882e-02 5.5436596e-02 5.3938311e-02 5.7020500e-02 6.0476288e-02
 5.8697574e-02 5.3938311e-02 5.7846885e-02 5.7020500e-02]
Learning Rate: 0.005
Train Loss: 0.5706, Val Loss: 0.4582Train Loss: 0.5706, Val Loss: 0.4582

Train Loss: 0.5706, Val Loss: 0.4582
Train Loss: 0.5706, Val Loss: 0.4582
Per-Class Precision: [0.99994508 0.76510067 0.69333333 0.73033708 0.21771218 0.34246575
 0.315      0.10557185 0.32653061 0.25219298 0.18765432 0.07142857
 0.13392857 0.27017544 0.36335404 0.24295775 0.28571429 0.47087379
 0.6036036 ]
Per-Class Recall: [0.99100524 0.76       0.69333333 0.65       0.78666667 0.66666667
 0.504      0.576      0.16       0.65714286 0.76       0.4
 0.2        0.616      0.66857143 0.92       0.68571429 0.97
 0.89333333]
Per-Class F1-Score: [0.99545509 0.76254181 0.69333333 0.68783069 0.34104046 0.45248869
 0.38769231 0.17843866 0.2147651  0.36450079 0.3009901  0.12121212
 0.16042781 0.37560976 0.47082495 0.38440111 0.40336134 0.63398693
 0.72043011]
Support per Class: [293949    150     75    100     75     75    125    125    100    175
    100     50     75    125    175     75    175    100    150]
Weighted Precision: 0.9956, Weighted Recall: 0.9887, Weighted F1-Score: 0.9917
Precision: 0.9956, Recall: 0.9887, F1-Score: 0.9917
Fold 2, Epoch 110, Train Loss: 0.5706, Val Loss: 0.4582, Val Acc: 0.9889
Precision: 0.9956, Recall: 0.9892, F1-Score: 0.9919
Fold 2, Epoch 111, Train Loss: 0.5942, Val Loss: 0.4460, Val Acc: 0.9893
Precision: 0.9953, Recall: 0.9869, F1-Score: 0.9905
Fold 2, Epoch 112, Train Loss: 0.5569, Val Loss: 0.4423, Val Acc: 0.9874
Precision: 0.9956, Recall: 0.9884, F1-Score: 0.9915
Fold 2, Epoch 113, Train Loss: 0.5938, Val Loss: 0.4637, Val Acc: 0.9884
Precision: 0.9955, Recall: 0.9886, F1-Score: 0.9916
Fold 2, Epoch 114, Train Loss: 0.5604, Val Loss: 0.4829, Val Acc: 0.9888
Precision: 0.9952, Recall: 0.9868, F1-Score: 0.9904
Fold 2, Epoch 115, Train Loss: 0.5963, Val Loss: 0.4642, Val Acc: 0.9870
Precision: 0.9955, Recall: 0.9861, F1-Score: 0.9902
Fold 2, Epoch 116, Train Loss: 0.6001, Val Loss: 0.4251, Val Acc: 0.9868
Precision: 0.9956, Recall: 0.9887, F1-Score: 0.9916
Fold 2, Epoch 117, Train Loss: 0.5774, Val Loss: 0.4517, Val Acc: 0.9889
Precision: 0.9957, Recall: 0.9839, F1-Score: 0.9892
Fold 2, Epoch 118, Train Loss: 0.5636, Val Loss: 0.4242, Val Acc: 0.9849
Precision: 0.9955, Recall: 0.9890, F1-Score: 0.9918
Fold 2, Epoch 119, Train Loss: 0.5635, Val Loss: 0.4791, Val Acc: 0.9891

--- Epoch 120 ---
--- Epoch 120 ---
--- Epoch 120 ---



--- Epoch 120 ---
Class Weights: [2.1216663e-05 5.7020500e-02 5.4677192e-02 5.5436596e-02 4.9276974e-02
 5.4677192e-02 5.5436596e-02 5.7020500e-02 5.2518882e-02 5.7020500e-02
 5.2518882e-02 5.5436596e-02 5.3938311e-02 5.7020500e-02 6.0476288e-02
 5.8697574e-02 5.3938311e-02 5.7846885e-02 5.7020500e-02]Class Weights: [2.1216663e-05 5.7020500e-02 5.4677192e-02 5.5436596e-02 4.9276974e-02
 5.4677192e-02 5.5436596e-02 5.7020500e-02 5.2518882e-02 5.7020500e-02
 5.2518882e-02 5.5436596e-02 5.3938311e-02 5.7020500e-02 6.0476288e-02
 5.8697574e-02 5.3938311e-02 5.7846885e-02 5.7020500e-02]Class Weights: [2.1216663e-05 5.7020500e-02 5.4677192e-02 5.5436596e-02 4.9276974e-02
 5.4677192e-02 5.5436596e-02 5.7020500e-02 5.2518882e-02 5.7020500e-02
 5.2518882e-02 5.5436596e-02 5.3938311e-02 5.7020500e-02 6.0476288e-02
 5.8697574e-02 5.3938311e-02 5.7846885e-02 5.7020500e-02]


Class Weights: [2.1216663e-05 5.7020500e-02 5.4677192e-02 5.5436596e-02 4.9276974e-02
 5.4677192e-02 5.5436596e-02 5.7020500e-02 5.2518882e-02 5.7020500e-02
 5.2518882e-02 5.5436596e-02 5.3938311e-02 5.7020500e-02 6.0476288e-02
 5.8697574e-02 5.3938311e-02 5.7846885e-02 5.7020500e-02]Learning Rate: 0.005Learning Rate: 0.005Learning Rate: 0.005



Learning Rate: 0.005
Train Loss: 0.6326, Val Loss: 0.6642Train Loss: 0.6326, Val Loss: 0.6642Train Loss: 0.6326, Val Loss: 0.6642

Train Loss: 0.6326, Val Loss: 0.6642

Per-Class Precision: [0.99994844 0.20145985 0.28195489 0.37988827 0.13839286 0.34265734
 0.1813602  0.05944056 0.14143095 0.13888889 0.1695279  0.06779661
 0.17156863 0.38235294 0.55       0.42424242 0.46575342 0.23333333
 0.52380952]
Per-Class Recall: [0.98969549 0.92       1.         0.68       0.82666667 0.65333333
 0.576      0.136      0.85       0.54285714 0.79       0.08
 0.46666667 0.416      0.50285714 0.56       0.19428571 0.21
 0.22      ]
Per-Class F1-Score: [0.99479555 0.33053892 0.4398827  0.4874552  0.23709369 0.44954128
 0.27586207 0.08272506 0.2425107  0.22118743 0.27915194 0.0733945
 0.25089606 0.39846743 0.52537313 0.48275862 0.27419355 0.22105263
 0.30985915]
Support per Class: [293949    150     75    100     75     75    125    125    100    175
    100     50     75    125    175     75    175    100    150]
Weighted Precision: 0.9951, Weighted Recall: 0.9865, Weighted F1-Score: 0.9901
Precision: 0.9951, Recall: 0.9865, F1-Score: 0.9901
Fold 2, Epoch 120, Train Loss: 0.6326, Val Loss: 0.6642, Val Acc: 0.9866
Precision: 0.9958, Recall: 0.9886, F1-Score: 0.9917
Fold 2, Epoch 121, Train Loss: 0.6398, Val Loss: 0.4603, Val Acc: 0.9887
Precision: 0.9956, Recall: 0.9891, F1-Score: 0.9919
Fold 2, Epoch 122, Train Loss: 0.5659, Val Loss: 0.4357, Val Acc: 0.9894
Precision: 0.9955, Recall: 0.9858, F1-Score: 0.9900
Fold 2, Epoch 123, Train Loss: 0.5506, Val Loss: 0.5228, Val Acc: 0.9864
Precision: 0.9956, Recall: 0.9889, F1-Score: 0.9917
Fold 2, Epoch 124, Train Loss: 0.5702, Val Loss: 0.4155, Val Acc: 0.9891
Precision: 0.9953, Recall: 0.9841, F1-Score: 0.9890
Fold 2, Epoch 125, Train Loss: 0.5327, Val Loss: 0.4451, Val Acc: 0.9838
Precision: 0.9955, Recall: 0.9890, F1-Score: 0.9918
Fold 2, Epoch 126, Train Loss: 0.5462, Val Loss: 0.4013, Val Acc: 0.9893
Precision: 0.9954, Recall: 0.9883, F1-Score: 0.9913
Fold 2, Epoch 127, Train Loss: 0.5305, Val Loss: 0.4063, Val Acc: 0.9887
Precision: 0.9956, Recall: 0.9881, F1-Score: 0.9913
Fold 2, Epoch 128, Train Loss: 0.5456, Val Loss: 0.4176, Val Acc: 0.9882
Precision: 0.9957, Recall: 0.9880, F1-Score: 0.9913
Fold 2, Epoch 129, Train Loss: 0.5081, Val Loss: 0.4149, Val Acc: 0.9883

--- Epoch 130 ---
--- Epoch 130 ---

--- Epoch 130 ---


--- Epoch 130 ---
Class Weights: [2.1216663e-05 5.7020500e-02 5.4677192e-02 5.5436596e-02 4.9276974e-02
 5.4677192e-02 5.5436596e-02 5.7020500e-02 5.2518882e-02 5.7020500e-02
 5.2518882e-02 5.5436596e-02 5.3938311e-02 5.7020500e-02 6.0476288e-02
 5.8697574e-02 5.3938311e-02 5.7846885e-02 5.7020500e-02]Class Weights: [2.1216663e-05 5.7020500e-02 5.4677192e-02 5.5436596e-02 4.9276974e-02
 5.4677192e-02 5.5436596e-02 5.7020500e-02 5.2518882e-02 5.7020500e-02
 5.2518882e-02 5.5436596e-02 5.3938311e-02 5.7020500e-02 6.0476288e-02
 5.8697574e-02 5.3938311e-02 5.7846885e-02 5.7020500e-02]
Class Weights: [2.1216663e-05 5.7020500e-02 5.4677192e-02 5.5436596e-02 4.9276974e-02
 5.4677192e-02 5.5436596e-02 5.7020500e-02 5.2518882e-02 5.7020500e-02
 5.2518882e-02 5.5436596e-02 5.3938311e-02 5.7020500e-02 6.0476288e-02
 5.8697574e-02 5.3938311e-02 5.7846885e-02 5.7020500e-02]
Learning Rate: 0.005

Learning Rate: 0.005Learning Rate: 0.005

Train Loss: 0.5394, Val Loss: 0.4472
Train Loss: 0.5394, Val Loss: 0.4472Train Loss: 0.5394, Val Loss: 0.4472

Class Weights: [2.1216663e-05 5.7020500e-02 5.4677192e-02 5.5436596e-02 4.9276974e-02
 5.4677192e-02 5.5436596e-02 5.7020500e-02 5.2518882e-02 5.7020500e-02
 5.2518882e-02 5.5436596e-02 5.3938311e-02 5.7020500e-02 6.0476288e-02
 5.8697574e-02 5.3938311e-02 5.7846885e-02 5.7020500e-02]
Learning Rate: 0.005
Train Loss: 0.5394, Val Loss: 0.4472
Per-Class Precision: [0.99994835 0.60752688 0.84482759 0.91666667 0.24096386 0.38235294
 0.22457627 0.11627907 0.23834197 0.13676043 0.09746193 0.10179641
 0.17621145 0.23492063 0.57228916 0.26377953 0.39483395 0.38645418
 0.55      ]
Per-Class Recall: [0.98798431 0.75333333 0.65333333 0.77       0.8        0.69333333
 0.424      0.44       0.46       0.80571429 0.96       0.34
 0.53333333 0.592      0.54285714 0.89333333 0.61142857 0.97
 0.95333333]
Per-Class F1-Score: [0.99393033 0.67261905 0.73684211 0.83695652 0.37037037 0.492891
 0.29362881 0.18394649 0.31399317 0.23383085 0.17695853 0.15668203
 0.26490066 0.33636364 0.55718475 0.40729483 0.47982063 0.55270655
 0.69756098]
Support per Class: [293949    150     75    100     75     75    125    125    100    175
    100     50     75    125    175     75    175    100    150]
Weighted Precision: 0.9956, Weighted Recall: 0.9859, Weighted F1-Score: 0.9902
Precision: 0.9956, Recall: 0.9859, F1-Score: 0.9902
Fold 2, Epoch 130, Train Loss: 0.5394, Val Loss: 0.4472, Val Acc: 0.9863
Precision: 0.9956, Recall: 0.9887, F1-Score: 0.9916
Fold 2, Epoch 131, Train Loss: 0.5469, Val Loss: 0.4129, Val Acc: 0.9890
Precision: 0.9956, Recall: 0.9887, F1-Score: 0.9916
Fold 2, Epoch 132, Train Loss: 0.5332, Val Loss: 0.4793, Val Acc: 0.9888
Precision: 0.9954, Recall: 0.9870, F1-Score: 0.9907
Fold 2, Epoch 133, Train Loss: 0.5739, Val Loss: 0.4500, Val Acc: 0.9875
Precision: 0.9954, Recall: 0.9889, F1-Score: 0.9917
Fold 2, Epoch 134, Train Loss: 0.5883, Val Loss: 0.4696, Val Acc: 0.9892
Precision: 0.9953, Recall: 0.9865, F1-Score: 0.9903
Fold 2, Epoch 135, Train Loss: 0.5532, Val Loss: 0.4259, Val Acc: 0.9869
Precision: 0.9958, Recall: 0.9899, F1-Score: 0.9924
Fold 2, Epoch 136, Train Loss: 0.5393, Val Loss: 0.4345, Val Acc: 0.9899
Precision: 0.9953, Recall: 0.9864, F1-Score: 0.9902
Fold 2, Epoch 137, Train Loss: 0.5157, Val Loss: 0.4107, Val Acc: 0.9865
Precision: 0.9952, Recall: 0.9855, F1-Score: 0.9897
Fold 2, Epoch 138, Train Loss: 0.5240, Val Loss: 0.4161, Val Acc: 0.9854
Precision: 0.9957, Recall: 0.9886, F1-Score: 0.9917
Fold 2, Epoch 139, Train Loss: 0.5131, Val Loss: 0.4112, Val Acc: 0.9889

--- Epoch 140 ---
--- Epoch 140 ---

--- Epoch 140 ---


--- Epoch 140 ---
Class Weights: [2.1216663e-05 5.7020500e-02 5.4677192e-02 5.5436596e-02 4.9276974e-02
 5.4677192e-02 5.5436596e-02 5.7020500e-02 5.2518882e-02 5.7020500e-02
 5.2518882e-02 5.5436596e-02 5.3938311e-02 5.7020500e-02 6.0476288e-02
 5.8697574e-02 5.3938311e-02 5.7846885e-02 5.7020500e-02]Class Weights: [2.1216663e-05 5.7020500e-02 5.4677192e-02 5.5436596e-02 4.9276974e-02
 5.4677192e-02 5.5436596e-02 5.7020500e-02 5.2518882e-02 5.7020500e-02
 5.2518882e-02 5.5436596e-02 5.3938311e-02 5.7020500e-02 6.0476288e-02
 5.8697574e-02 5.3938311e-02 5.7846885e-02 5.7020500e-02]Class Weights: [2.1216663e-05 5.7020500e-02 5.4677192e-02 5.5436596e-02 4.9276974e-02
 5.4677192e-02 5.5436596e-02 5.7020500e-02 5.2518882e-02 5.7020500e-02
 5.2518882e-02 5.5436596e-02 5.3938311e-02 5.7020500e-02 6.0476288e-02
 5.8697574e-02 5.3938311e-02 5.7846885e-02 5.7020500e-02]


Learning Rate: 0.005Learning Rate: 0.005Learning Rate: 0.005


Train Loss: 0.5447, Val Loss: 0.3913
Train Loss: 0.5447, Val Loss: 0.3913Class Weights: [2.1216663e-05 5.7020500e-02 5.4677192e-02 5.5436596e-02 4.9276974e-02
 5.4677192e-02 5.5436596e-02 5.7020500e-02 5.2518882e-02 5.7020500e-02
 5.2518882e-02 5.5436596e-02 5.3938311e-02 5.7020500e-02 6.0476288e-02
 5.8697574e-02 5.3938311e-02 5.7846885e-02 5.7020500e-02]Train Loss: 0.5447, Val Loss: 0.3913


Learning Rate: 0.005
Train Loss: 0.5447, Val Loss: 0.3913
Per-Class Precision: [0.99994851 0.7712766  0.85882353 0.65467626 0.17687075 0.29126214
 0.1871345  0.14680484 0.22047244 0.23342175 0.15       0.10084034
 0.15197568 0.35172414 0.41337386 0.35519126 0.3923445  0.50777202
 0.64651163]
Per-Class Recall: [0.99096782 0.96666667 0.97333333 0.91       0.69333333 0.8
 0.512      0.68       0.56       0.50285714 0.54       0.48
 0.66666667 0.408      0.77714286 0.86666667 0.46857143 0.98
 0.92666667]
Per-Class F1-Score: [0.99543791 0.85798817 0.9125     0.76150628 0.28184282 0.42704626
 0.27408994 0.24147727 0.31638418 0.31884058 0.23478261 0.16666667
 0.24752475 0.37777778 0.53968254 0.50387597 0.42708333 0.66894198
 0.76164384]
Support per Class: [293949    150     75    100     75     75    125    125    100    175
    100     50     75    125    175     75    175    100    150]
Weighted Precision: 0.9957, Weighted Recall: 0.9890, Weighted F1-Score: 0.9919
Precision: 0.9957, Recall: 0.9890, F1-Score: 0.9919
Fold 2, Epoch 140, Train Loss: 0.5447, Val Loss: 0.3913, Val Acc: 0.9893
Precision: 0.9951, Recall: 0.9660, F1-Score: 0.9795
Fold 2, Epoch 141, Train Loss: 0.5266, Val Loss: 0.4310, Val Acc: 0.9630
Precision: 0.9957, Recall: 0.9891, F1-Score: 0.9919
Fold 2, Epoch 142, Train Loss: 0.5066, Val Loss: 0.4153, Val Acc: 0.9893
Precision: 0.9957, Recall: 0.9888, F1-Score: 0.9918
Fold 2, Epoch 143, Train Loss: 0.5386, Val Loss: 0.3859, Val Acc: 0.9890
Precision: 0.9952, Recall: 0.9739, F1-Score: 0.9837
Fold 2, Epoch 144, Train Loss: 0.5106, Val Loss: 0.3991, Val Acc: 0.9733
Precision: 0.9954, Recall: 0.9875, F1-Score: 0.9909
Fold 2, Epoch 145, Train Loss: 0.5697, Val Loss: 0.4821, Val Acc: 0.9880
Precision: 0.9954, Recall: 0.9886, F1-Score: 0.9915
Fold 2, Epoch 146, Train Loss: 0.5840, Val Loss: 0.4953, Val Acc: 0.9888
Precision: 0.9958, Recall: 0.9888, F1-Score: 0.9918
Fold 2, Epoch 147, Train Loss: 0.5541, Val Loss: 0.4123, Val Acc: 0.9890
Precision: 0.9958, Recall: 0.9893, F1-Score: 0.9921
Fold 2, Epoch 148, Train Loss: 0.5159, Val Loss: 0.4375, Val Acc: 0.9894
Precision: 0.9955, Recall: 0.9867, F1-Score: 0.9905
Fold 2, Epoch 149, Train Loss: 0.4984, Val Loss: 0.3875, Val Acc: 0.9872

--- Epoch 150 ---
--- Epoch 150 ---

--- Epoch 150 ---


--- Epoch 150 ---
Class Weights: [2.1216663e-05 5.7020500e-02 5.4677192e-02 5.5436596e-02 4.9276974e-02
 5.4677192e-02 5.5436596e-02 5.7020500e-02 5.2518882e-02 5.7020500e-02
 5.2518882e-02 5.5436596e-02 5.3938311e-02 5.7020500e-02 6.0476288e-02
 5.8697574e-02 5.3938311e-02 5.7846885e-02 5.7020500e-02]Class Weights: [2.1216663e-05 5.7020500e-02 5.4677192e-02 5.5436596e-02 4.9276974e-02
 5.4677192e-02 5.5436596e-02 5.7020500e-02 5.2518882e-02 5.7020500e-02
 5.2518882e-02 5.5436596e-02 5.3938311e-02 5.7020500e-02 6.0476288e-02
 5.8697574e-02 5.3938311e-02 5.7846885e-02 5.7020500e-02]Class Weights: [2.1216663e-05 5.7020500e-02 5.4677192e-02 5.5436596e-02 4.9276974e-02
 5.4677192e-02 5.5436596e-02 5.7020500e-02 5.2518882e-02 5.7020500e-02
 5.2518882e-02 5.5436596e-02 5.3938311e-02 5.7020500e-02 6.0476288e-02
 5.8697574e-02 5.3938311e-02 5.7846885e-02 5.7020500e-02]Class Weights: [2.1216663e-05 5.7020500e-02 5.4677192e-02 5.5436596e-02 4.9276974e-02
 5.4677192e-02 5.5436596e-02 5.7020500e-02 5.2518882e-02 5.7020500e-02
 5.2518882e-02 5.5436596e-02 5.3938311e-02 5.7020500e-02 6.0476288e-02
 5.8697574e-02 5.3938311e-02 5.7846885e-02 5.7020500e-02]



Learning Rate: 0.005Learning Rate: 0.005Learning Rate: 0.005
Learning Rate: 0.005


Train Loss: 0.4926, Val Loss: 0.3736
Train Loss: 0.4926, Val Loss: 0.3736Train Loss: 0.4926, Val Loss: 0.3736
Train Loss: 0.4926, Val Loss: 0.3736

Per-Class Precision: [0.99994494 0.74093264 0.67676768 0.75221239 0.28       0.26637555
 0.22978723 0.22535211 0.17094017 0.26252983 0.18372093 0.1025641
 0.18316832 0.29752066 0.12838915 0.50537634 0.37171053 0.51630435
 0.53676471]
Per-Class Recall: [0.9884912  0.95333333 0.89333333 0.85       0.74666667 0.81333333
 0.864      0.256      0.6        0.62857143 0.79       0.4
 0.49333333 0.576      0.92       0.62666667 0.64571429 0.95
 0.97333333]
Per-Class F1-Score: [0.99418508 0.83381924 0.77011494 0.79812207 0.40727273 0.40131579
 0.36302521 0.23970037 0.26607539 0.37037037 0.29811321 0.16326531
 0.26714801 0.39237057 0.2253324  0.55952381 0.47181628 0.66901408
 0.69194313]
Support per Class: [293949    150     75    100     75     75    125    125    100    175
    100     50     75    125    175     75    175    100    150]
Weighted Precision: 0.9956, Weighted Recall: 0.9868, Weighted F1-Score: 0.9905
Precision: 0.9956, Recall: 0.9868, F1-Score: 0.9905
Fold 2, Epoch 150, Train Loss: 0.4926, Val Loss: 0.3736, Val Acc: 0.9873
Completed Fold 2
Starting Fold 3
Precision: 0.9957, Recall: 0.9906, F1-Score: 0.9928
Fold 3, Epoch 1, Train Loss: 2.3317, Val Loss: 0.6448, Val Acc: 0.9901
Precision: 0.9950, Recall: 0.9881, F1-Score: 0.9912
Fold 3, Epoch 2, Train Loss: 1.1405, Val Loss: 0.9098, Val Acc: 0.9876
Precision: 0.9957, Recall: 0.9885, F1-Score: 0.9917
Fold 3, Epoch 3, Train Loss: 0.9425, Val Loss: 0.7023, Val Acc: 0.9878
Precision: 0.9955, Recall: 0.9861, F1-Score: 0.9902
Fold 3, Epoch 4, Train Loss: 0.8043, Val Loss: 0.6243, Val Acc: 0.9845
Precision: 0.9958, Recall: 0.9883, F1-Score: 0.9916
Fold 3, Epoch 5, Train Loss: 0.7046, Val Loss: 0.5601, Val Acc: 0.9872
Precision: 0.9958, Recall: 0.9864, F1-Score: 0.9905
Fold 3, Epoch 6, Train Loss: 0.6215, Val Loss: 0.4840, Val Acc: 0.9807
Precision: 0.9959, Recall: 0.9891, F1-Score: 0.9921
Fold 3, Epoch 7, Train Loss: 0.5696, Val Loss: 0.4458, Val Acc: 0.9886
Precision: 0.9957, Recall: 0.9884, F1-Score: 0.9915
Fold 3, Epoch 8, Train Loss: 0.5542, Val Loss: 0.4074, Val Acc: 0.9873
Precision: 0.9959, Recall: 0.9892, F1-Score: 0.9921
Fold 3, Epoch 9, Train Loss: 0.5555, Val Loss: 0.3928, Val Acc: 0.9886

--- Epoch 10 ---
--- Epoch 10 ---
--- Epoch 10 ---



--- Epoch 10 ---
Class Weights: [2.1200665e-05 5.2479278e-02 5.4635961e-02 5.3897634e-02 6.0430683e-02
 5.5394791e-02 5.9528731e-02 5.7803262e-02 5.0486393e-02 5.1797729e-02
 5.5394791e-02 5.7803262e-02 6.0430683e-02 5.3897634e-02 5.3179000e-02
 5.9528731e-02 5.4635961e-02 5.2479278e-02 5.6175001e-02]Class Weights: [2.1200665e-05 5.2479278e-02 5.4635961e-02 5.3897634e-02 6.0430683e-02
 5.5394791e-02 5.9528731e-02 5.7803262e-02 5.0486393e-02 5.1797729e-02
 5.5394791e-02 5.7803262e-02 6.0430683e-02 5.3897634e-02 5.3179000e-02
 5.9528731e-02 5.4635961e-02 5.2479278e-02 5.6175001e-02]Class Weights: [2.1200665e-05 5.2479278e-02 5.4635961e-02 5.3897634e-02 6.0430683e-02
 5.5394791e-02 5.9528731e-02 5.7803262e-02 5.0486393e-02 5.1797729e-02
 5.5394791e-02 5.7803262e-02 6.0430683e-02 5.3897634e-02 5.3179000e-02
 5.9528731e-02 5.4635961e-02 5.2479278e-02 5.6175001e-02]

Class Weights: [2.1200665e-05 5.2479278e-02 5.4635961e-02 5.3897634e-02 6.0430683e-02
 5.5394791e-02 5.9528731e-02 5.7803262e-02 5.0486393e-02 5.1797729e-02
 5.5394791e-02 5.7803262e-02 6.0430683e-02 5.3897634e-02 5.3179000e-02
 5.9528731e-02 5.4635961e-02 5.2479278e-02 5.6175001e-02]
Learning Rate: 0.005
Learning Rate: 0.005
Learning Rate: 0.005
Learning Rate: 0.005

Train Loss: 0.5533, Val Loss: 0.4197
Train Loss: 0.5533, Val Loss: 0.4197
Train Loss: 0.5533, Val Loss: 0.4197Train Loss: 0.5533, Val Loss: 0.4197

Per-Class Precision: [0.99993132 0.67857143 0.76142132 0.48514851 0.24916944 0.60747664
 0.23355263 0.02857143 0.06857143 0.18623482 0.14754098 0.16428571
 0.26293103 0.14671815 0.32888889 0.58258258 0.35151515 0.67647059
 0.77018634]
Per-Class Recall: [0.9905868  0.76       1.         0.98       0.75       0.86666667
 0.568      0.056      0.72       0.92       0.99       0.46
 0.40666667 0.50666667 0.592      0.776      0.77333333 0.92
 0.992     ]
Per-Class F1-Score: [0.99523713 0.71698113 0.86455331 0.64900662 0.37406484 0.71428571
 0.33100233 0.03783784 0.12521739 0.30976431 0.25680934 0.24210526
 0.31937173 0.22754491 0.42285714 0.66552316 0.48333333 0.77966102
 0.86713287]
Support per Class: [293949     75    150    100    100    150    125    125     50     50
    100     50    150     75    125    250    150     75    125]
Weighted Precision: 0.9959, Weighted Recall: 0.9888, Weighted F1-Score: 0.9919
Precision: 0.9959, Recall: 0.9888, F1-Score: 0.9919
Fold 3, Epoch 10, Train Loss: 0.5533, Val Loss: 0.4197, Val Acc: 0.9876
Precision: 0.9959, Recall: 0.9893, F1-Score: 0.9921
Fold 3, Epoch 11, Train Loss: 0.5215, Val Loss: 0.3915, Val Acc: 0.9882
Precision: 0.9958, Recall: 0.9891, F1-Score: 0.9919
Fold 3, Epoch 12, Train Loss: 0.5206, Val Loss: 0.3832, Val Acc: 0.9869
Precision: 0.9958, Recall: 0.9893, F1-Score: 0.9921
Fold 3, Epoch 13, Train Loss: 0.5008, Val Loss: 0.4195, Val Acc: 0.9886
Precision: 0.9960, Recall: 0.9893, F1-Score: 0.9921
Fold 3, Epoch 14, Train Loss: 0.5187, Val Loss: 0.3966, Val Acc: 0.9882
Precision: 0.9960, Recall: 0.9891, F1-Score: 0.9920
Fold 3, Epoch 15, Train Loss: 0.5089, Val Loss: 0.4169, Val Acc: 0.9885
Precision: 0.9958, Recall: 0.9893, F1-Score: 0.9920
Fold 3, Epoch 16, Train Loss: 0.5266, Val Loss: 0.3965, Val Acc: 0.9885
Precision: 0.9961, Recall: 0.9897, F1-Score: 0.9924
Fold 3, Epoch 17, Train Loss: 0.4955, Val Loss: 0.3654, Val Acc: 0.9891
Precision: 0.9958, Recall: 0.9895, F1-Score: 0.9922
Fold 3, Epoch 18, Train Loss: 0.4900, Val Loss: 0.3825, Val Acc: 0.9889
Precision: 0.9961, Recall: 0.9897, F1-Score: 0.9924
Fold 3, Epoch 19, Train Loss: 0.4887, Val Loss: 0.3702, Val Acc: 0.9890

--- Epoch 20 ---
--- Epoch 20 ---
--- Epoch 20 ---



--- Epoch 20 ---
Class Weights: [2.1200665e-05 5.2479278e-02 5.4635961e-02 5.3897634e-02 6.0430683e-02
 5.5394791e-02 5.9528731e-02 5.7803262e-02 5.0486393e-02 5.1797729e-02
 5.5394791e-02 5.7803262e-02 6.0430683e-02 5.3897634e-02 5.3179000e-02
 5.9528731e-02 5.4635961e-02 5.2479278e-02 5.6175001e-02]Class Weights: [2.1200665e-05 5.2479278e-02 5.4635961e-02 5.3897634e-02 6.0430683e-02
 5.5394791e-02 5.9528731e-02 5.7803262e-02 5.0486393e-02 5.1797729e-02
 5.5394791e-02 5.7803262e-02 6.0430683e-02 5.3897634e-02 5.3179000e-02
 5.9528731e-02 5.4635961e-02 5.2479278e-02 5.6175001e-02]Class Weights: [2.1200665e-05 5.2479278e-02 5.4635961e-02 5.3897634e-02 6.0430683e-02
 5.5394791e-02 5.9528731e-02 5.7803262e-02 5.0486393e-02 5.1797729e-02
 5.5394791e-02 5.7803262e-02 6.0430683e-02 5.3897634e-02 5.3179000e-02
 5.9528731e-02 5.4635961e-02 5.2479278e-02 5.6175001e-02]

Class Weights: [2.1200665e-05 5.2479278e-02 5.4635961e-02 5.3897634e-02 6.0430683e-02
 5.5394791e-02 5.9528731e-02 5.7803262e-02 5.0486393e-02 5.1797729e-02
 5.5394791e-02 5.7803262e-02 6.0430683e-02 5.3897634e-02 5.3179000e-02
 5.9528731e-02 5.4635961e-02 5.2479278e-02 5.6175001e-02]
Learning Rate: 0.005Learning Rate: 0.005

Learning Rate: 0.005
Learning Rate: 0.005

Train Loss: 0.4883, Val Loss: 0.3930Train Loss: 0.4883, Val Loss: 0.3930

Train Loss: 0.4883, Val Loss: 0.3930Train Loss: 0.4883, Val Loss: 0.3930

Per-Class Precision: [0.99993133 0.56451613 0.84705882 0.51813472 0.30841121 0.6440678
 0.13505311 0.17391304 0.11210762 0.13477089 0.18992248 0.19148936
 0.4159292  0.1182266  0.29568106 0.62453532 0.47222222 0.61538462
 0.7183908 ]
Per-Class Recall: [0.99081133 0.93333333 0.96       1.         0.66       0.76
 0.712      0.448      0.5        1.         0.98       0.54
 0.31333333 0.64       0.712      0.672      0.68       0.96
 1.        ]
Per-Class F1-Score: [0.99535044 0.70351759 0.9        0.68259386 0.42038217 0.69724771
 0.22704082 0.25055928 0.18315018 0.23752969 0.31818182 0.28272251
 0.35741445 0.1995842  0.41784038 0.64739884 0.55737705 0.75
 0.8361204 ]
Support per Class: [293949     75    150    100    100    150    125    125     50     50
    100     50    150     75    125    250    150     75    125]
Weighted Precision: 0.9961, Weighted Recall: 0.9891, Weighted F1-Score: 0.9921
Precision: 0.9961, Recall: 0.9891, F1-Score: 0.9921
Fold 3, Epoch 20, Train Loss: 0.4883, Val Loss: 0.3930, Val Acc: 0.9885
Precision: 0.9959, Recall: 0.9897, F1-Score: 0.9923
Fold 3, Epoch 21, Train Loss: 0.4773, Val Loss: 0.3710, Val Acc: 0.9891
Precision: 0.9961, Recall: 0.9901, F1-Score: 0.9927
Fold 3, Epoch 22, Train Loss: 0.4841, Val Loss: 0.4096, Val Acc: 0.9896
Precision: 0.9959, Recall: 0.9890, F1-Score: 0.9919
Fold 3, Epoch 23, Train Loss: 0.5014, Val Loss: 0.3834, Val Acc: 0.9866
Precision: 0.9959, Recall: 0.9895, F1-Score: 0.9922
Fold 3, Epoch 24, Train Loss: 0.4848, Val Loss: 0.3704, Val Acc: 0.9890
Precision: 0.9960, Recall: 0.9897, F1-Score: 0.9924
Fold 3, Epoch 25, Train Loss: 0.4633, Val Loss: 0.3750, Val Acc: 0.9892
Precision: 0.9961, Recall: 0.9898, F1-Score: 0.9925
Fold 3, Epoch 26, Train Loss: 0.4942, Val Loss: 0.3978, Val Acc: 0.9888
Precision: 0.9960, Recall: 0.9891, F1-Score: 0.9921
Fold 3, Epoch 27, Train Loss: 0.5018, Val Loss: 0.3715, Val Acc: 0.9887
Precision: 0.9959, Recall: 0.9894, F1-Score: 0.9921
Fold 3, Epoch 28, Train Loss: 0.4936, Val Loss: 0.3823, Val Acc: 0.9879
Precision: 0.9959, Recall: 0.9898, F1-Score: 0.9923
Fold 3, Epoch 29, Train Loss: 0.5094, Val Loss: 0.3784, Val Acc: 0.9889

--- Epoch 30 ---
--- Epoch 30 ---
--- Epoch 30 ---



--- Epoch 30 ---
Class Weights: [2.1200665e-05 5.2479278e-02 5.4635961e-02 5.3897634e-02 6.0430683e-02
 5.5394791e-02 5.9528731e-02 5.7803262e-02 5.0486393e-02 5.1797729e-02
 5.5394791e-02 5.7803262e-02 6.0430683e-02 5.3897634e-02 5.3179000e-02
 5.9528731e-02 5.4635961e-02 5.2479278e-02 5.6175001e-02]Class Weights: [2.1200665e-05 5.2479278e-02 5.4635961e-02 5.3897634e-02 6.0430683e-02
 5.5394791e-02 5.9528731e-02 5.7803262e-02 5.0486393e-02 5.1797729e-02
 5.5394791e-02 5.7803262e-02 6.0430683e-02 5.3897634e-02 5.3179000e-02
 5.9528731e-02 5.4635961e-02 5.2479278e-02 5.6175001e-02]Class Weights: [2.1200665e-05 5.2479278e-02 5.4635961e-02 5.3897634e-02 6.0430683e-02
 5.5394791e-02 5.9528731e-02 5.7803262e-02 5.0486393e-02 5.1797729e-02
 5.5394791e-02 5.7803262e-02 6.0430683e-02 5.3897634e-02 5.3179000e-02
 5.9528731e-02 5.4635961e-02 5.2479278e-02 5.6175001e-02]


Learning Rate: 0.005Class Weights: [2.1200665e-05 5.2479278e-02 5.4635961e-02 5.3897634e-02 6.0430683e-02
 5.5394791e-02 5.9528731e-02 5.7803262e-02 5.0486393e-02 5.1797729e-02
 5.5394791e-02 5.7803262e-02 6.0430683e-02 5.3897634e-02 5.3179000e-02
 5.9528731e-02 5.4635961e-02 5.2479278e-02 5.6175001e-02]Learning Rate: 0.005
Learning Rate: 0.005


Learning Rate: 0.005
Train Loss: 0.5003, Val Loss: 0.3705
Train Loss: 0.5003, Val Loss: 0.3705
Train Loss: 0.5003, Val Loss: 0.3705Train Loss: 0.5003, Val Loss: 0.3705

Per-Class Precision: [0.99993137 0.73333333 0.80213904 0.77966102 0.23913043 0.5
 0.15448505 0.24698795 0.12068966 0.17624521 0.1970339  0.19101124
 0.24444444 0.32876712 0.359375   0.58608059 0.3150358  0.80232558
 0.74404762]
Per-Class Recall: [0.99134884 0.88       1.         0.92       0.88       0.81333333
 0.744      0.328      0.7        0.92       0.93       0.34
 0.73333333 0.32       0.552      0.64       0.88       0.92
 1.        ]
Per-Class F1-Score: [0.99562161 0.8        0.89020772 0.8440367  0.37606838 0.61928934
 0.25584594 0.28178694 0.20588235 0.29581994 0.32517483 0.24460432
 0.36666667 0.32432432 0.43533123 0.61185468 0.46397188 0.85714286
 0.85324232]
Support per Class: [293949     75    150    100    100    150    125    125     50     50
    100     50    150     75    125    250    150     75    125]
Weighted Precision: 0.9961, Weighted Recall: 0.9897, Weighted F1-Score: 0.9924
Precision: 0.9961, Recall: 0.9897, F1-Score: 0.9924
Fold 3, Epoch 30, Train Loss: 0.5003, Val Loss: 0.3705, Val Acc: 0.9893
Precision: 0.9960, Recall: 0.9867, F1-Score: 0.9909
Fold 3, Epoch 31, Train Loss: 0.4989, Val Loss: 0.4010, Val Acc: 0.9858
Precision: 0.9959, Recall: 0.9896, F1-Score: 0.9922
Fold 3, Epoch 32, Train Loss: 0.4975, Val Loss: 0.3864, Val Acc: 0.9889
Precision: 0.9958, Recall: 0.9894, F1-Score: 0.9922
Fold 3, Epoch 33, Train Loss: 0.4673, Val Loss: 0.3832, Val Acc: 0.9884
Precision: 0.9959, Recall: 0.9901, F1-Score: 0.9925
Fold 3, Epoch 34, Train Loss: 0.4714, Val Loss: 0.3653, Val Acc: 0.9897
Precision: 0.9959, Recall: 0.9792, F1-Score: 0.9869
Fold 3, Epoch 35, Train Loss: 0.5027, Val Loss: 0.3567, Val Acc: 0.9775
Precision: 0.9957, Recall: 0.9894, F1-Score: 0.9920
Fold 3, Epoch 36, Train Loss: 0.4866, Val Loss: 0.4019, Val Acc: 0.9887
Precision: 0.9960, Recall: 0.9898, F1-Score: 0.9924
Fold 3, Epoch 37, Train Loss: 0.4993, Val Loss: 0.3713, Val Acc: 0.9891
Precision: 0.9960, Recall: 0.9896, F1-Score: 0.9923
Fold 3, Epoch 38, Train Loss: 0.4806, Val Loss: 0.3592, Val Acc: 0.9890
Precision: 0.9960, Recall: 0.9887, F1-Score: 0.9919
Fold 3, Epoch 39, Train Loss: 0.4854, Val Loss: 0.4295, Val Acc: 0.9880

--- Epoch 40 ---
--- Epoch 40 ---
--- Epoch 40 ---



--- Epoch 40 ---
Class Weights: [2.1200665e-05 5.2479278e-02 5.4635961e-02 5.3897634e-02 6.0430683e-02
 5.5394791e-02 5.9528731e-02 5.7803262e-02 5.0486393e-02 5.1797729e-02
 5.5394791e-02 5.7803262e-02 6.0430683e-02 5.3897634e-02 5.3179000e-02
 5.9528731e-02 5.4635961e-02 5.2479278e-02 5.6175001e-02]Class Weights: [2.1200665e-05 5.2479278e-02 5.4635961e-02 5.3897634e-02 6.0430683e-02
 5.5394791e-02 5.9528731e-02 5.7803262e-02 5.0486393e-02 5.1797729e-02
 5.5394791e-02 5.7803262e-02 6.0430683e-02 5.3897634e-02 5.3179000e-02
 5.9528731e-02 5.4635961e-02 5.2479278e-02 5.6175001e-02]Class Weights: [2.1200665e-05 5.2479278e-02 5.4635961e-02 5.3897634e-02 6.0430683e-02
 5.5394791e-02 5.9528731e-02 5.7803262e-02 5.0486393e-02 5.1797729e-02
 5.5394791e-02 5.7803262e-02 6.0430683e-02 5.3897634e-02 5.3179000e-02
 5.9528731e-02 5.4635961e-02 5.2479278e-02 5.6175001e-02]


Class Weights: [2.1200665e-05 5.2479278e-02 5.4635961e-02 5.3897634e-02 6.0430683e-02
 5.5394791e-02 5.9528731e-02 5.7803262e-02 5.0486393e-02 5.1797729e-02
 5.5394791e-02 5.7803262e-02 6.0430683e-02 5.3897634e-02 5.3179000e-02
 5.9528731e-02 5.4635961e-02 5.2479278e-02 5.6175001e-02]Learning Rate: 0.005Learning Rate: 0.005Learning Rate: 0.005



Learning Rate: 0.005
Train Loss: 0.5325, Val Loss: 0.4033Train Loss: 0.5325, Val Loss: 0.4033
Train Loss: 0.5325, Val Loss: 0.4033
Train Loss: 0.5325, Val Loss: 0.4033

Per-Class Precision: [0.99993005 0.5042735  0.78306878 0.48076923 0.32682927 0.6
 0.305      0.07220217 0.06694561 0.0082231  0.19683258 0.11538462
 0.22181818 0.14937759 0.2257384  0.68811881 0.40562249 0.44375
 0.69662921]
Per-Class Recall: [0.97267553 0.78666667 0.98666667 1.         0.67       0.84
 0.488      0.16       0.64       0.92       0.87       0.78
 0.40666667 0.48       0.856      0.556      0.67333333 0.94666667
 0.992     ]
Per-Class F1-Score: [0.98611451 0.61458333 0.87315634 0.64935065 0.43934426 0.7
 0.37538462 0.09950249 0.12121212 0.0163005  0.32103321 0.20103093
 0.28705882 0.2278481  0.3572621  0.61504425 0.50626566 0.60425532
 0.81848185]
Support per Class: [293949     75    150    100    100    150    125    125     50     50
    100     50    150     75    125    250    150     75    125]
Weighted Precision: 0.9959, Weighted Recall: 0.9708, Weighted F1-Score: 0.9827
Precision: 0.9959, Recall: 0.9708, F1-Score: 0.9827
Fold 3, Epoch 40, Train Loss: 0.5325, Val Loss: 0.4033, Val Acc: 0.9714
Precision: 0.9959, Recall: 0.9901, F1-Score: 0.9925
Fold 3, Epoch 41, Train Loss: 0.5039, Val Loss: 0.3873, Val Acc: 0.9896
Precision: 0.9960, Recall: 0.9899, F1-Score: 0.9925
Fold 3, Epoch 42, Train Loss: 0.4973, Val Loss: 0.3803, Val Acc: 0.9889
Precision: 0.9960, Recall: 0.9899, F1-Score: 0.9925
Fold 3, Epoch 43, Train Loss: 0.5036, Val Loss: 0.3610, Val Acc: 0.9893
Precision: 0.9959, Recall: 0.9900, F1-Score: 0.9925
Fold 3, Epoch 44, Train Loss: 0.4902, Val Loss: 0.3821, Val Acc: 0.9893
Precision: 0.9961, Recall: 0.9894, F1-Score: 0.9922
Fold 3, Epoch 45, Train Loss: 0.4584, Val Loss: 0.3483, Val Acc: 0.9884
Precision: 0.9959, Recall: 0.9900, F1-Score: 0.9925
Fold 3, Epoch 46, Train Loss: 0.4570, Val Loss: 0.3714, Val Acc: 0.9894
Precision: 0.9961, Recall: 0.9898, F1-Score: 0.9925
Fold 3, Epoch 47, Train Loss: 0.4875, Val Loss: 0.3634, Val Acc: 0.9891
Precision: 0.9960, Recall: 0.9900, F1-Score: 0.9925
Fold 3, Epoch 48, Train Loss: 0.4706, Val Loss: 0.3550, Val Acc: 0.9879
Precision: 0.9960, Recall: 0.9896, F1-Score: 0.9923
Fold 3, Epoch 49, Train Loss: 0.4419, Val Loss: 0.3450, Val Acc: 0.9889

--- Epoch 50 ---
--- Epoch 50 ---
--- Epoch 50 ---



--- Epoch 50 ---
Class Weights: [2.1200665e-05 5.2479278e-02 5.4635961e-02 5.3897634e-02 6.0430683e-02
 5.5394791e-02 5.9528731e-02 5.7803262e-02 5.0486393e-02 5.1797729e-02
 5.5394791e-02 5.7803262e-02 6.0430683e-02 5.3897634e-02 5.3179000e-02
 5.9528731e-02 5.4635961e-02 5.2479278e-02 5.6175001e-02]Class Weights: [2.1200665e-05 5.2479278e-02 5.4635961e-02 5.3897634e-02 6.0430683e-02
 5.5394791e-02 5.9528731e-02 5.7803262e-02 5.0486393e-02 5.1797729e-02
 5.5394791e-02 5.7803262e-02 6.0430683e-02 5.3897634e-02 5.3179000e-02
 5.9528731e-02 5.4635961e-02 5.2479278e-02 5.6175001e-02]Class Weights: [2.1200665e-05 5.2479278e-02 5.4635961e-02 5.3897634e-02 6.0430683e-02
 5.5394791e-02 5.9528731e-02 5.7803262e-02 5.0486393e-02 5.1797729e-02
 5.5394791e-02 5.7803262e-02 6.0430683e-02 5.3897634e-02 5.3179000e-02
 5.9528731e-02 5.4635961e-02 5.2479278e-02 5.6175001e-02]

Class Weights: [2.1200665e-05 5.2479278e-02 5.4635961e-02 5.3897634e-02 6.0430683e-02
 5.5394791e-02 5.9528731e-02 5.7803262e-02 5.0486393e-02 5.1797729e-02
 5.5394791e-02 5.7803262e-02 6.0430683e-02 5.3897634e-02 5.3179000e-02
 5.9528731e-02 5.4635961e-02 5.2479278e-02 5.6175001e-02]
Learning Rate: 0.005Learning Rate: 0.005

Learning Rate: 0.005

Learning Rate: 0.005
Train Loss: 0.4716, Val Loss: 0.3758
Train Loss: 0.4716, Val Loss: 0.3758Train Loss: 0.4716, Val Loss: 0.3758
Train Loss: 0.4716, Val Loss: 0.3758

Per-Class Precision: [0.99993138 0.6547619  0.82386364 0.456621   0.28901734 0.67901235
 0.25806452 0.17772512 0.09248555 0.21578947 0.16952055 0.11743772
 0.32307692 0.1659919  0.30798479 0.55952381 0.34431138 0.5
 0.65789474]
Per-Class Recall: [0.99149172 0.73333333 0.96666667 1.         0.5        0.73333333
 0.704      0.6        0.32       0.82       0.99       0.66
 0.42       0.54666667 0.648      0.752      0.76666667 0.90666667
 1.        ]
Per-Class F1-Score: [0.99569367 0.6918239  0.88957055 0.62695925 0.36630037 0.70512821
 0.3776824  0.27422303 0.14349776 0.34166667 0.28947368 0.19939577
 0.36521739 0.25465839 0.41752577 0.64163823 0.47520661 0.64454976
 0.79365079]
Support per Class: [293949     75    150    100    100    150    125    125     50     50
    100     50    150     75    125    250    150     75    125]
Weighted Precision: 0.9960, Weighted Recall: 0.9898, Weighted F1-Score: 0.9924
Precision: 0.9960, Recall: 0.9898, F1-Score: 0.9924
Fold 3, Epoch 50, Train Loss: 0.4716, Val Loss: 0.3758, Val Acc: 0.9893
Precision: 0.9960, Recall: 0.9900, F1-Score: 0.9925
Fold 3, Epoch 51, Train Loss: 0.4886, Val Loss: 0.3505, Val Acc: 0.9895
Precision: 0.9958, Recall: 0.9896, F1-Score: 0.9922
Fold 3, Epoch 52, Train Loss: 0.4624, Val Loss: 0.3833, Val Acc: 0.9889
Precision: 0.9960, Recall: 0.9896, F1-Score: 0.9924
Fold 3, Epoch 53, Train Loss: 0.4621, Val Loss: 0.3588, Val Acc: 0.9888
Precision: 0.9960, Recall: 0.9898, F1-Score: 0.9924
Fold 3, Epoch 54, Train Loss: 0.4443, Val Loss: 0.3529, Val Acc: 0.9893
Precision: 0.9961, Recall: 0.9888, F1-Score: 0.9919
Fold 3, Epoch 55, Train Loss: 0.4774, Val Loss: 0.3820, Val Acc: 0.9883
Precision: 0.9961, Recall: 0.9897, F1-Score: 0.9924
Fold 3, Epoch 56, Train Loss: 0.4692, Val Loss: 0.3903, Val Acc: 0.9892
Precision: 0.9961, Recall: 0.9901, F1-Score: 0.9926
Fold 3, Epoch 57, Train Loss: 0.5284, Val Loss: 0.3551, Val Acc: 0.9896
Precision: 0.9959, Recall: 0.9867, F1-Score: 0.9908
Fold 3, Epoch 58, Train Loss: 0.4595, Val Loss: 0.3936, Val Acc: 0.9859
Precision: 0.9958, Recall: 0.9896, F1-Score: 0.9923
Fold 3, Epoch 59, Train Loss: 0.4700, Val Loss: 0.4538, Val Acc: 0.9890

--- Epoch 60 ---
--- Epoch 60 ---
--- Epoch 60 ---



--- Epoch 60 ---
Class Weights: [2.1200665e-05 5.2479278e-02 5.4635961e-02 5.3897634e-02 6.0430683e-02
 5.5394791e-02 5.9528731e-02 5.7803262e-02 5.0486393e-02 5.1797729e-02
 5.5394791e-02 5.7803262e-02 6.0430683e-02 5.3897634e-02 5.3179000e-02
 5.9528731e-02 5.4635961e-02 5.2479278e-02 5.6175001e-02]Class Weights: [2.1200665e-05 5.2479278e-02 5.4635961e-02 5.3897634e-02 6.0430683e-02
 5.5394791e-02 5.9528731e-02 5.7803262e-02 5.0486393e-02 5.1797729e-02
 5.5394791e-02 5.7803262e-02 6.0430683e-02 5.3897634e-02 5.3179000e-02
 5.9528731e-02 5.4635961e-02 5.2479278e-02 5.6175001e-02]Class Weights: [2.1200665e-05 5.2479278e-02 5.4635961e-02 5.3897634e-02 6.0430683e-02
 5.5394791e-02 5.9528731e-02 5.7803262e-02 5.0486393e-02 5.1797729e-02
 5.5394791e-02 5.7803262e-02 6.0430683e-02 5.3897634e-02 5.3179000e-02
 5.9528731e-02 5.4635961e-02 5.2479278e-02 5.6175001e-02]


Class Weights: [2.1200665e-05 5.2479278e-02 5.4635961e-02 5.3897634e-02 6.0430683e-02
 5.5394791e-02 5.9528731e-02 5.7803262e-02 5.0486393e-02 5.1797729e-02
 5.5394791e-02 5.7803262e-02 6.0430683e-02 5.3897634e-02 5.3179000e-02
 5.9528731e-02 5.4635961e-02 5.2479278e-02 5.6175001e-02]Learning Rate: 0.005Learning Rate: 0.005Learning Rate: 0.005



Learning Rate: 0.005
Train Loss: 0.5110, Val Loss: 0.3902Train Loss: 0.5110, Val Loss: 0.3902
Train Loss: 0.5110, Val Loss: 0.3902Train Loss: 0.5110, Val Loss: 0.3902


Per-Class Precision: [0.99993138 0.56164384 0.83815029 0.55367232 0.33160622 0.6402439
 0.22437673 0.19153675 0.10313901 0.20183486 0.16242661 0.11235955
 0.25159236 0.17228464 0.27745665 0.57738095 0.40350877 0.49635036
 0.6127451 ]
Per-Class Recall: [0.99151213 0.54666667 0.96666667 0.98       0.64       0.7
 0.648      0.688      0.46       0.44       0.83       0.4
 0.52666667 0.61333333 0.768      0.776      0.76666667 0.90666667
 1.        ]
Per-Class F1-Score: [0.99570396 0.55405405 0.89783282 0.70758123 0.43686007 0.66878981
 0.33333333 0.29965157 0.16849817 0.27672956 0.27168576 0.1754386
 0.34051724 0.26900585 0.40764331 0.66211604 0.52873563 0.64150943
 0.75987842]
Support per Class: [293949     75    150    100    100    150    125    125     50     50
    100     50    150     75    125    250    150     75    125]
Weighted Precision: 0.9959, Weighted Recall: 0.9898, Weighted F1-Score: 0.9924
Precision: 0.9959, Recall: 0.9898, F1-Score: 0.9924
Fold 3, Epoch 60, Train Loss: 0.5110, Val Loss: 0.3902, Val Acc: 0.9878
Precision: 0.9958, Recall: 0.9896, F1-Score: 0.9922
Fold 3, Epoch 61, Train Loss: 0.4903, Val Loss: 0.3935, Val Acc: 0.9890
Precision: 0.9959, Recall: 0.9897, F1-Score: 0.9923
Fold 3, Epoch 62, Train Loss: 0.5134, Val Loss: 0.3636, Val Acc: 0.9889
Precision: 0.9959, Recall: 0.9895, F1-Score: 0.9923
Fold 3, Epoch 63, Train Loss: 0.4427, Val Loss: 0.4619, Val Acc: 0.9887
Precision: 0.9959, Recall: 0.9898, F1-Score: 0.9924
Fold 3, Epoch 64, Train Loss: 0.6021, Val Loss: 0.3905, Val Acc: 0.9892
Precision: 0.9960, Recall: 0.9895, F1-Score: 0.9922
Fold 3, Epoch 65, Train Loss: 0.5119, Val Loss: 0.3850, Val Acc: 0.9883
Precision: 0.9960, Recall: 0.9896, F1-Score: 0.9923
Fold 3, Epoch 66, Train Loss: 0.4731, Val Loss: 0.3832, Val Acc: 0.9886
Precision: 0.9960, Recall: 0.9895, F1-Score: 0.9923
Fold 3, Epoch 67, Train Loss: 0.4676, Val Loss: 0.3630, Val Acc: 0.9890
Precision: 0.9961, Recall: 0.9902, F1-Score: 0.9927
Fold 3, Epoch 68, Train Loss: 0.4621, Val Loss: 0.3508, Val Acc: 0.9897
Precision: 0.9959, Recall: 0.9903, F1-Score: 0.9926
Fold 3, Epoch 69, Train Loss: 0.4568, Val Loss: 0.3541, Val Acc: 0.9895

--- Epoch 70 ---
--- Epoch 70 ---
--- Epoch 70 ---



--- Epoch 70 ---
Class Weights: [2.1200665e-05 5.2479278e-02 5.4635961e-02 5.3897634e-02 6.0430683e-02
 5.5394791e-02 5.9528731e-02 5.7803262e-02 5.0486393e-02 5.1797729e-02
 5.5394791e-02 5.7803262e-02 6.0430683e-02 5.3897634e-02 5.3179000e-02
 5.9528731e-02 5.4635961e-02 5.2479278e-02 5.6175001e-02]Class Weights: [2.1200665e-05 5.2479278e-02 5.4635961e-02 5.3897634e-02 6.0430683e-02
 5.5394791e-02 5.9528731e-02 5.7803262e-02 5.0486393e-02 5.1797729e-02
 5.5394791e-02 5.7803262e-02 6.0430683e-02 5.3897634e-02 5.3179000e-02
 5.9528731e-02 5.4635961e-02 5.2479278e-02 5.6175001e-02]Class Weights: [2.1200665e-05 5.2479278e-02 5.4635961e-02 5.3897634e-02 6.0430683e-02
 5.5394791e-02 5.9528731e-02 5.7803262e-02 5.0486393e-02 5.1797729e-02
 5.5394791e-02 5.7803262e-02 6.0430683e-02 5.3897634e-02 5.3179000e-02
 5.9528731e-02 5.4635961e-02 5.2479278e-02 5.6175001e-02]


Class Weights: [2.1200665e-05 5.2479278e-02 5.4635961e-02 5.3897634e-02 6.0430683e-02
 5.5394791e-02 5.9528731e-02 5.7803262e-02 5.0486393e-02 5.1797729e-02
 5.5394791e-02 5.7803262e-02 6.0430683e-02 5.3897634e-02 5.3179000e-02
 5.9528731e-02 5.4635961e-02 5.2479278e-02 5.6175001e-02]Learning Rate: 0.005Learning Rate: 0.005Learning Rate: 0.005



Learning Rate: 0.005
Train Loss: 0.4543, Val Loss: 0.3474Train Loss: 0.4543, Val Loss: 0.3474
Train Loss: 0.4543, Val Loss: 0.3474Train Loss: 0.4543, Val Loss: 0.3474


Per-Class Precision: [0.99993133 0.53225806 0.81967213 0.43103448 0.26978417 0.7
 0.41764706 0.14961832 0.13475177 0.11488251 0.1779661  0.19811321
 0.30798479 0.16245487 0.32432432 0.5975976  0.34925373 0.52554745
 0.74404762]
Per-Class Recall: [0.9907535  0.88       1.         1.         0.75       0.79333333
 0.568      0.784      0.38       0.88       0.84       0.42
 0.54       0.6        0.768      0.796      0.78       0.96
 1.        ]
Per-Class F1-Score: [0.99532126 0.66331658 0.9009009  0.60240964 0.3968254  0.74375
 0.48135593 0.25128205 0.19895288 0.20323326 0.29370629 0.26923077
 0.39225182 0.25568182 0.45605701 0.68267581 0.48247423 0.67924528
 0.85324232]
Support per Class: [293949     75    150    100    100    150    125    125     50     50
    100     50    150     75    125    250    150     75    125]
Weighted Precision: 0.9961, Weighted Recall: 0.9893, Weighted F1-Score: 0.9922
Precision: 0.9961, Recall: 0.9893, F1-Score: 0.9922
Fold 3, Epoch 70, Train Loss: 0.4543, Val Loss: 0.3474, Val Acc: 0.9885
Precision: 0.9960, Recall: 0.9899, F1-Score: 0.9925
Fold 3, Epoch 71, Train Loss: 0.4425, Val Loss: 0.3970, Val Acc: 0.9892
Precision: 0.9961, Recall: 0.9902, F1-Score: 0.9927
Fold 3, Epoch 72, Train Loss: 0.4500, Val Loss: 0.3551, Val Acc: 0.9897
Precision: 0.9960, Recall: 0.9896, F1-Score: 0.9923
Fold 3, Epoch 73, Train Loss: 0.4354, Val Loss: 0.3502, Val Acc: 0.9890
Precision: 0.9960, Recall: 0.9897, F1-Score: 0.9924
Fold 3, Epoch 74, Train Loss: 0.4407, Val Loss: 0.3640, Val Acc: 0.9892
Precision: 0.9960, Recall: 0.9899, F1-Score: 0.9925
Fold 3, Epoch 75, Train Loss: 0.4181, Val Loss: 0.3710, Val Acc: 0.9881
Precision: 0.9960, Recall: 0.9899, F1-Score: 0.9925
Fold 3, Epoch 76, Train Loss: 0.4318, Val Loss: 0.3599, Val Acc: 0.9887
Precision: 0.9960, Recall: 0.9899, F1-Score: 0.9924
Fold 3, Epoch 77, Train Loss: 0.4478, Val Loss: 0.3326, Val Acc: 0.9892
Precision: 0.9961, Recall: 0.9899, F1-Score: 0.9925
Fold 3, Epoch 78, Train Loss: 0.4188, Val Loss: 0.3542, Val Acc: 0.9895
Precision: 0.9960, Recall: 0.9890, F1-Score: 0.9920
Fold 3, Epoch 79, Train Loss: 0.4161, Val Loss: 0.3417, Val Acc: 0.9885

--- Epoch 80 ---
--- Epoch 80 ---
--- Epoch 80 ---



--- Epoch 80 ---
Class Weights: [2.1200665e-05 5.2479278e-02 5.4635961e-02 5.3897634e-02 6.0430683e-02
 5.5394791e-02 5.9528731e-02 5.7803262e-02 5.0486393e-02 5.1797729e-02
 5.5394791e-02 5.7803262e-02 6.0430683e-02 5.3897634e-02 5.3179000e-02
 5.9528731e-02 5.4635961e-02 5.2479278e-02 5.6175001e-02]Class Weights: [2.1200665e-05 5.2479278e-02 5.4635961e-02 5.3897634e-02 6.0430683e-02
 5.5394791e-02 5.9528731e-02 5.7803262e-02 5.0486393e-02 5.1797729e-02
 5.5394791e-02 5.7803262e-02 6.0430683e-02 5.3897634e-02 5.3179000e-02
 5.9528731e-02 5.4635961e-02 5.2479278e-02 5.6175001e-02]Class Weights: [2.1200665e-05 5.2479278e-02 5.4635961e-02 5.3897634e-02 6.0430683e-02
 5.5394791e-02 5.9528731e-02 5.7803262e-02 5.0486393e-02 5.1797729e-02
 5.5394791e-02 5.7803262e-02 6.0430683e-02 5.3897634e-02 5.3179000e-02
 5.9528731e-02 5.4635961e-02 5.2479278e-02 5.6175001e-02]Class Weights: [2.1200665e-05 5.2479278e-02 5.4635961e-02 5.3897634e-02 6.0430683e-02
 5.5394791e-02 5.9528731e-02 5.7803262e-02 5.0486393e-02 5.1797729e-02
 5.5394791e-02 5.7803262e-02 6.0430683e-02 5.3897634e-02 5.3179000e-02
 5.9528731e-02 5.4635961e-02 5.2479278e-02 5.6175001e-02]



Learning Rate: 0.005Learning Rate: 0.005
Learning Rate: 0.005Learning Rate: 0.005


Train Loss: 0.4080, Val Loss: 0.3401
Train Loss: 0.4080, Val Loss: 0.3401Train Loss: 0.4080, Val Loss: 0.3401
Train Loss: 0.4080, Val Loss: 0.3401

Per-Class Precision: [0.99993137 0.65625    0.76923077 0.47619048 0.31932773 0.60576923
 0.21772152 0.21282799 0.11299435 0.15909091 0.18803419 0.15384615
 0.29680365 0.19617225 0.3196347  0.482      0.34228188 0.66990291
 0.70621469]
Per-Class Recall: [0.99127059 0.84       1.         1.         0.76       0.84
 0.688      0.584      0.4        0.98       0.88       0.64
 0.43333333 0.54666667 0.56       0.964      0.68       0.92
 1.        ]
Per-Class F1-Score: [0.99558215 0.73684211 0.86956522 0.64516129 0.44970414 0.70391061
 0.33076923 0.31196581 0.17621145 0.27374302 0.30985915 0.24806202
 0.35230352 0.28873239 0.40697674 0.64266667 0.45535714 0.7752809
 0.82781457]
Support per Class: [293949     75    150    100    100    150    125    125     50     50
    100     50    150     75    125    250    150     75    125]
Weighted Precision: 0.9959, Weighted Recall: 0.9898, Weighted F1-Score: 0.9924
Precision: 0.9959, Recall: 0.9898, F1-Score: 0.9924
Fold 3, Epoch 80, Train Loss: 0.4080, Val Loss: 0.3401, Val Acc: 0.9891
Precision: 0.9960, Recall: 0.9897, F1-Score: 0.9924
Fold 3, Epoch 81, Train Loss: 0.4152, Val Loss: 0.3895, Val Acc: 0.9891
Precision: 0.9960, Recall: 0.9896, F1-Score: 0.9924
Fold 3, Epoch 82, Train Loss: 0.4386, Val Loss: 0.4219, Val Acc: 0.9891
Precision: 0.9959, Recall: 0.9894, F1-Score: 0.9922
Fold 3, Epoch 83, Train Loss: 0.4366, Val Loss: 0.3686, Val Acc: 0.9883
Precision: 0.9959, Recall: 0.9896, F1-Score: 0.9923
Fold 3, Epoch 84, Train Loss: 0.5013, Val Loss: 0.3526, Val Acc: 0.9892
Precision: 0.9961, Recall: 0.9902, F1-Score: 0.9927
Fold 3, Epoch 85, Train Loss: 0.4499, Val Loss: 0.3342, Val Acc: 0.9898
Precision: 0.9959, Recall: 0.9899, F1-Score: 0.9924
Fold 3, Epoch 86, Train Loss: 0.4429, Val Loss: 0.3534, Val Acc: 0.9892
Precision: 0.9959, Recall: 0.9894, F1-Score: 0.9921
Fold 3, Epoch 87, Train Loss: 0.4305, Val Loss: 0.3456, Val Acc: 0.9886
Precision: 0.9959, Recall: 0.9899, F1-Score: 0.9924
Fold 3, Epoch 88, Train Loss: 0.4758, Val Loss: 0.3372, Val Acc: 0.9894
Precision: 0.9959, Recall: 0.9100, F1-Score: 0.9503
Fold 3, Epoch 89, Train Loss: 0.4597, Val Loss: 0.3451, Val Acc: 0.8983

--- Epoch 90 ---
--- Epoch 90 ---
--- Epoch 90 ---



--- Epoch 90 ---
Class Weights: [2.1200665e-05 5.2479278e-02 5.4635961e-02 5.3897634e-02 6.0430683e-02
 5.5394791e-02 5.9528731e-02 5.7803262e-02 5.0486393e-02 5.1797729e-02
 5.5394791e-02 5.7803262e-02 6.0430683e-02 5.3897634e-02 5.3179000e-02
 5.9528731e-02 5.4635961e-02 5.2479278e-02 5.6175001e-02]Class Weights: [2.1200665e-05 5.2479278e-02 5.4635961e-02 5.3897634e-02 6.0430683e-02
 5.5394791e-02 5.9528731e-02 5.7803262e-02 5.0486393e-02 5.1797729e-02
 5.5394791e-02 5.7803262e-02 6.0430683e-02 5.3897634e-02 5.3179000e-02
 5.9528731e-02 5.4635961e-02 5.2479278e-02 5.6175001e-02]Class Weights: [2.1200665e-05 5.2479278e-02 5.4635961e-02 5.3897634e-02 6.0430683e-02
 5.5394791e-02 5.9528731e-02 5.7803262e-02 5.0486393e-02 5.1797729e-02
 5.5394791e-02 5.7803262e-02 6.0430683e-02 5.3897634e-02 5.3179000e-02
 5.9528731e-02 5.4635961e-02 5.2479278e-02 5.6175001e-02]


Learning Rate: 0.005Learning Rate: 0.005
Learning Rate: 0.005

Class Weights: [2.1200665e-05 5.2479278e-02 5.4635961e-02 5.3897634e-02 6.0430683e-02
 5.5394791e-02 5.9528731e-02 5.7803262e-02 5.0486393e-02 5.1797729e-02
 5.5394791e-02 5.7803262e-02 6.0430683e-02 5.3897634e-02 5.3179000e-02
 5.9528731e-02 5.4635961e-02 5.2479278e-02 5.6175001e-02]
Learning Rate: 0.005
Train Loss: 0.4520, Val Loss: 0.3869
Train Loss: 0.4520, Val Loss: 0.3869Train Loss: 0.4520, Val Loss: 0.3869

Train Loss: 0.4520, Val Loss: 0.3869
Per-Class Precision: [0.99993136 0.51181102 0.78947368 0.51308901 0.32113821 0.64423077
 0.25978648 0.14319249 0.09885932 0.15457413 0.16373239 0.14871795
 0.45652174 0.13636364 0.34439834 0.55555556 0.35135135 0.61061947
 0.73099415]
Per-Class Recall: [0.99114132 0.86666667 1.         0.98       0.79       0.89333333
 0.584      0.488      0.52       0.98       0.93       0.58
 0.14       0.64       0.664      0.84       0.69333333 0.92
 1.        ]
Per-Class F1-Score: [0.99551694 0.64356436 0.88235294 0.67353952 0.4566474  0.74860335
 0.35960591 0.22141561 0.16613419 0.26702997 0.27844311 0.23673469
 0.21428571 0.22482436 0.45355191 0.66878981 0.46636771 0.73404255
 0.84459459]
Support per Class: [293949     75    150    100    100    150    125    125     50     50
    100     50    150     75    125    250    150     75    125]
Weighted Precision: 0.9960, Weighted Recall: 0.9895, Weighted F1-Score: 0.9922
Precision: 0.9960, Recall: 0.9895, F1-Score: 0.9922
Fold 3, Epoch 90, Train Loss: 0.4520, Val Loss: 0.3869, Val Acc: 0.9888
Precision: 0.9959, Recall: 0.9897, F1-Score: 0.9924
Fold 3, Epoch 91, Train Loss: 0.4438, Val Loss: 0.4108, Val Acc: 0.9891
Precision: 0.9960, Recall: 0.9899, F1-Score: 0.9925
Fold 3, Epoch 92, Train Loss: 0.4706, Val Loss: 0.3551, Val Acc: 0.9892
Precision: 0.9960, Recall: 0.9900, F1-Score: 0.9925
Fold 3, Epoch 93, Train Loss: 0.4308, Val Loss: 0.3515, Val Acc: 0.9888
Precision: 0.9960, Recall: 0.9902, F1-Score: 0.9927
Fold 3, Epoch 94, Train Loss: 0.4526, Val Loss: 0.3311, Val Acc: 0.9897
Precision: 0.9960, Recall: 0.9901, F1-Score: 0.9926
Fold 3, Epoch 95, Train Loss: 0.4197, Val Loss: 0.3410, Val Acc: 0.9889
Precision: 0.9960, Recall: 0.9901, F1-Score: 0.9926
Fold 3, Epoch 96, Train Loss: 0.3986, Val Loss: 0.3312, Val Acc: 0.9895
Precision: 0.9959, Recall: 0.9896, F1-Score: 0.9923
Fold 3, Epoch 97, Train Loss: 0.3939, Val Loss: 0.3357, Val Acc: 0.9891
Precision: 0.9958, Recall: 0.9898, F1-Score: 0.9923
Fold 3, Epoch 98, Train Loss: 0.4572, Val Loss: 0.4195, Val Acc: 0.9891
Precision: 0.9958, Recall: 0.9887, F1-Score: 0.9917
Fold 3, Epoch 99, Train Loss: 0.5139, Val Loss: 0.6312, Val Acc: 0.9882

--- Epoch 100 ---
--- Epoch 100 ---
--- Epoch 100 ---



--- Epoch 100 ---
Class Weights: [2.1200665e-05 5.2479278e-02 5.4635961e-02 5.3897634e-02 6.0430683e-02
 5.5394791e-02 5.9528731e-02 5.7803262e-02 5.0486393e-02 5.1797729e-02
 5.5394791e-02 5.7803262e-02 6.0430683e-02 5.3897634e-02 5.3179000e-02
 5.9528731e-02 5.4635961e-02 5.2479278e-02 5.6175001e-02]Class Weights: [2.1200665e-05 5.2479278e-02 5.4635961e-02 5.3897634e-02 6.0430683e-02
 5.5394791e-02 5.9528731e-02 5.7803262e-02 5.0486393e-02 5.1797729e-02
 5.5394791e-02 5.7803262e-02 6.0430683e-02 5.3897634e-02 5.3179000e-02
 5.9528731e-02 5.4635961e-02 5.2479278e-02 5.6175001e-02]Class Weights: [2.1200665e-05 5.2479278e-02 5.4635961e-02 5.3897634e-02 6.0430683e-02
 5.5394791e-02 5.9528731e-02 5.7803262e-02 5.0486393e-02 5.1797729e-02
 5.5394791e-02 5.7803262e-02 6.0430683e-02 5.3897634e-02 5.3179000e-02
 5.9528731e-02 5.4635961e-02 5.2479278e-02 5.6175001e-02]Class Weights: [2.1200665e-05 5.2479278e-02 5.4635961e-02 5.3897634e-02 6.0430683e-02
 5.5394791e-02 5.9528731e-02 5.7803262e-02 5.0486393e-02 5.1797729e-02
 5.5394791e-02 5.7803262e-02 6.0430683e-02 5.3897634e-02 5.3179000e-02
 5.9528731e-02 5.4635961e-02 5.2479278e-02 5.6175001e-02]



Learning Rate: 0.005Learning Rate: 0.005Learning Rate: 0.005Learning Rate: 0.005



Train Loss: 0.6897, Val Loss: 0.6596Train Loss: 0.6897, Val Loss: 0.6596Train Loss: 0.6897, Val Loss: 0.6596
Train Loss: 0.6897, Val Loss: 0.6596


Per-Class Precision: [0.99993137 0.59677419 0.83783784 0.42622951 0.27205882 0.65060241
 0.30172414 0.10357143 0.05306122 0.17061611 0.10051813 0.11851852
 0.14423077 0.16182573 0.32211538 0.43830571 0.20495495 0.27067669
 0.61083744]
Per-Class Recall: [0.99129441 0.49333333 0.41333333 0.26       0.37       0.72
 0.28       0.232      0.26       0.72       0.97       0.32
 0.2        0.52       0.536      0.952      0.60666667 0.96
 0.992     ]
Per-Class F1-Score: [0.99559416 0.54014599 0.55357143 0.32298137 0.31355932 0.6835443
 0.29045643 0.14320988 0.08813559 0.27586207 0.18215962 0.17297297
 0.16759777 0.24683544 0.4024024  0.60025221 0.30639731 0.42228739
 0.75609756]
Support per Class: [293949     75    150    100    100    150    125    125     50     50
    100     50    150     75    125    250    150     75    125]
Weighted Precision: 0.9955, Weighted Recall: 0.9884, Weighted F1-Score: 0.9915
Precision: 0.9955, Recall: 0.9884, F1-Score: 0.9915
Fold 3, Epoch 100, Train Loss: 0.6897, Val Loss: 0.6596, Val Acc: 0.9844
Precision: 0.9958, Recall: 0.9897, F1-Score: 0.9923
Fold 3, Epoch 101, Train Loss: 0.5919, Val Loss: 0.4970, Val Acc: 0.9891
Precision: 0.9959, Recall: 0.9894, F1-Score: 0.9922
Fold 3, Epoch 102, Train Loss: 0.5679, Val Loss: 0.3866, Val Acc: 0.9886
Precision: 0.9958, Recall: 0.9898, F1-Score: 0.9923
Fold 3, Epoch 103, Train Loss: 0.4999, Val Loss: 0.3874, Val Acc: 0.9891
Precision: 0.9960, Recall: 0.9881, F1-Score: 0.9915
Fold 3, Epoch 104, Train Loss: 0.4723, Val Loss: 0.3431, Val Acc: 0.9873
Precision: 0.9961, Recall: 0.9904, F1-Score: 0.9928
Fold 3, Epoch 105, Train Loss: 0.4375, Val Loss: 0.3358, Val Acc: 0.9900
Precision: 0.9959, Recall: 0.9889, F1-Score: 0.9919
Fold 3, Epoch 106, Train Loss: 0.4437, Val Loss: 0.3825, Val Acc: 0.9884
Precision: 0.9960, Recall: 0.9878, F1-Score: 0.9914
Fold 3, Epoch 107, Train Loss: 0.4213, Val Loss: 0.3596, Val Acc: 0.9871
Precision: 0.9960, Recall: 0.9904, F1-Score: 0.9927
Fold 3, Epoch 108, Train Loss: 0.4404, Val Loss: 0.3629, Val Acc: 0.9897
Precision: 0.9959, Recall: 0.9900, F1-Score: 0.9925
Fold 3, Epoch 109, Train Loss: 0.4578, Val Loss: 0.3655, Val Acc: 0.9896

--- Epoch 110 ---
--- Epoch 110 ---
--- Epoch 110 ---



--- Epoch 110 ---
Class Weights: [2.1200665e-05 5.2479278e-02 5.4635961e-02 5.3897634e-02 6.0430683e-02
 5.5394791e-02 5.9528731e-02 5.7803262e-02 5.0486393e-02 5.1797729e-02
 5.5394791e-02 5.7803262e-02 6.0430683e-02 5.3897634e-02 5.3179000e-02
 5.9528731e-02 5.4635961e-02 5.2479278e-02 5.6175001e-02]Class Weights: [2.1200665e-05 5.2479278e-02 5.4635961e-02 5.3897634e-02 6.0430683e-02
 5.5394791e-02 5.9528731e-02 5.7803262e-02 5.0486393e-02 5.1797729e-02
 5.5394791e-02 5.7803262e-02 6.0430683e-02 5.3897634e-02 5.3179000e-02
 5.9528731e-02 5.4635961e-02 5.2479278e-02 5.6175001e-02]Class Weights: [2.1200665e-05 5.2479278e-02 5.4635961e-02 5.3897634e-02 6.0430683e-02
 5.5394791e-02 5.9528731e-02 5.7803262e-02 5.0486393e-02 5.1797729e-02
 5.5394791e-02 5.7803262e-02 6.0430683e-02 5.3897634e-02 5.3179000e-02
 5.9528731e-02 5.4635961e-02 5.2479278e-02 5.6175001e-02]


Learning Rate: 0.005Learning Rate: 0.005Learning Rate: 0.005


Class Weights: [2.1200665e-05 5.2479278e-02 5.4635961e-02 5.3897634e-02 6.0430683e-02
 5.5394791e-02 5.9528731e-02 5.7803262e-02 5.0486393e-02 5.1797729e-02
 5.5394791e-02 5.7803262e-02 6.0430683e-02 5.3897634e-02 5.3179000e-02
 5.9528731e-02 5.4635961e-02 5.2479278e-02 5.6175001e-02]
Train Loss: 0.4349, Val Loss: 0.3678Train Loss: 0.4349, Val Loss: 0.3678Learning Rate: 0.005
Train Loss: 0.4349, Val Loss: 0.3678


Train Loss: 0.4349, Val Loss: 0.3678
Per-Class Precision: [0.99993075 0.03219512 0.85142857 0.52356021 0.31660232 0.62162162
 0.27346939 0.08921933 0.08518519 0.04672897 0.19463087 0.18965517
 0.22881356 0.14197531 0.23433875 0.55367232 0.38376384 0.55555556
 0.83561644]
Per-Class Recall: [0.98243913 0.88       0.99333333 1.         0.82       0.92
 0.536      0.192      0.46       1.         0.87       0.44
 0.54       0.30666667 0.808      0.784      0.69333333 1.
 0.976     ]
Per-Class F1-Score: [0.99110777 0.06211765 0.91692308 0.68728522 0.45682451 0.74193548
 0.36216216 0.12182741 0.14375    0.08928571 0.31809872 0.26506024
 0.32142857 0.19409283 0.36330935 0.64900662 0.49406176 0.71428571
 0.900369  ]
Support per Class: [293949     75    150    100    100    150    125    125     50     50
    100     50    150     75    125    250    150     75    125]
Weighted Precision: 0.9958, Weighted Recall: 0.9808, Weighted F1-Score: 0.9877
Precision: 0.9958, Recall: 0.9808, F1-Score: 0.9877
Fold 3, Epoch 110, Train Loss: 0.4349, Val Loss: 0.3678, Val Acc: 0.9762
Precision: 0.9961, Recall: 0.9900, F1-Score: 0.9925
Fold 3, Epoch 111, Train Loss: 0.4312, Val Loss: 0.3514, Val Acc: 0.9892
Precision: 0.9960, Recall: 0.9890, F1-Score: 0.9920
Fold 3, Epoch 112, Train Loss: 0.4257, Val Loss: 0.3664, Val Acc: 0.9886
Precision: 0.9961, Recall: 0.9899, F1-Score: 0.9925
Fold 3, Epoch 113, Train Loss: 0.4445, Val Loss: 0.3350, Val Acc: 0.9891
Precision: 0.9960, Recall: 0.9903, F1-Score: 0.9927
Fold 3, Epoch 114, Train Loss: 0.4366, Val Loss: 0.3466, Val Acc: 0.9898
Precision: 0.9959, Recall: 0.9550, F1-Score: 0.9744
Fold 3, Epoch 115, Train Loss: 0.4321, Val Loss: 0.3315, Val Acc: 0.9591
Precision: 0.9961, Recall: 0.9907, F1-Score: 0.9929
Fold 3, Epoch 116, Train Loss: 0.4127, Val Loss: 0.3339, Val Acc: 0.9903
Precision: 0.9961, Recall: 0.9900, F1-Score: 0.9926
Fold 3, Epoch 117, Train Loss: 0.4177, Val Loss: 0.3688, Val Acc: 0.9891
Precision: 0.9960, Recall: 0.9869, F1-Score: 0.9909
Fold 3, Epoch 118, Train Loss: 0.4217, Val Loss: 0.3318, Val Acc: 0.9859
Precision: 0.9960, Recall: 0.9900, F1-Score: 0.9925
Fold 3, Epoch 119, Train Loss: 0.4166, Val Loss: 0.3390, Val Acc: 0.9896

--- Epoch 120 ---
--- Epoch 120 ---

--- Epoch 120 ---


--- Epoch 120 ---
Class Weights: [2.1200665e-05 5.2479278e-02 5.4635961e-02 5.3897634e-02 6.0430683e-02
 5.5394791e-02 5.9528731e-02 5.7803262e-02 5.0486393e-02 5.1797729e-02
 5.5394791e-02 5.7803262e-02 6.0430683e-02 5.3897634e-02 5.3179000e-02
 5.9528731e-02 5.4635961e-02 5.2479278e-02 5.6175001e-02]Class Weights: [2.1200665e-05 5.2479278e-02 5.4635961e-02 5.3897634e-02 6.0430683e-02
 5.5394791e-02 5.9528731e-02 5.7803262e-02 5.0486393e-02 5.1797729e-02
 5.5394791e-02 5.7803262e-02 6.0430683e-02 5.3897634e-02 5.3179000e-02
 5.9528731e-02 5.4635961e-02 5.2479278e-02 5.6175001e-02]Class Weights: [2.1200665e-05 5.2479278e-02 5.4635961e-02 5.3897634e-02 6.0430683e-02
 5.5394791e-02 5.9528731e-02 5.7803262e-02 5.0486393e-02 5.1797729e-02
 5.5394791e-02 5.7803262e-02 6.0430683e-02 5.3897634e-02 5.3179000e-02
 5.9528731e-02 5.4635961e-02 5.2479278e-02 5.6175001e-02]Class Weights: [2.1200665e-05 5.2479278e-02 5.4635961e-02 5.3897634e-02 6.0430683e-02
 5.5394791e-02 5.9528731e-02 5.7803262e-02 5.0486393e-02 5.1797729e-02
 5.5394791e-02 5.7803262e-02 6.0430683e-02 5.3897634e-02 5.3179000e-02
 5.9528731e-02 5.4635961e-02 5.2479278e-02 5.6175001e-02]



Learning Rate: 0.005Learning Rate: 0.005Learning Rate: 0.005
Learning Rate: 0.005


Train Loss: 0.3965, Val Loss: 0.3222
Train Loss: 0.3965, Val Loss: 0.3222
Train Loss: 0.3965, Val Loss: 0.3222Train Loss: 0.3965, Val Loss: 0.3222

Per-Class Precision: [0.99993135 0.68686869 0.80645161 0.60493827 0.33333333 0.58558559
 0.27361564 0.15961538 0.11538462 0.15974441 0.21144279 0.12393162
 0.34230769 0.17842324 0.39351852 0.55181347 0.33717579 0.76344086
 0.77018634]
Per-Class Recall: [0.9911005  0.90666667 1.         0.98       0.88       0.86666667
 0.672      0.664      0.48       1.         0.85       0.58
 0.59333333 0.57333333 0.68       0.852      0.78       0.94666667
 0.992     ]
Per-Class F1-Score: [0.99549634 0.7816092  0.89285714 0.7480916  0.48351648 0.69892473
 0.38888889 0.25736434 0.18604651 0.27548209 0.33864542 0.20422535
 0.43414634 0.2721519  0.49853372 0.66981132 0.47082495 0.8452381
 0.86713287]
Support per Class: [293949     75    150    100    100    150    125    125     50     50
    100     50    150     75    125    250    150     75    125]
Weighted Precision: 0.9961, Weighted Recall: 0.9898, Weighted F1-Score: 0.9925
Precision: 0.9961, Recall: 0.9898, F1-Score: 0.9925
Fold 3, Epoch 120, Train Loss: 0.3965, Val Loss: 0.3222, Val Acc: 0.9892
Precision: 0.9959, Recall: 0.9891, F1-Score: 0.9920
Fold 3, Epoch 121, Train Loss: 0.3989, Val Loss: 0.3305, Val Acc: 0.9885
Precision: 0.9961, Recall: 0.9905, F1-Score: 0.9928
Fold 3, Epoch 122, Train Loss: 0.3954, Val Loss: 0.3190, Val Acc: 0.9900
Precision: 0.9960, Recall: 0.9877, F1-Score: 0.9913
Fold 3, Epoch 123, Train Loss: 0.3944, Val Loss: 0.3126, Val Acc: 0.9869
Precision: 0.9961, Recall: 0.9905, F1-Score: 0.9928
Fold 3, Epoch 124, Train Loss: 0.3996, Val Loss: 0.3188, Val Acc: 0.9901
Precision: 0.9960, Recall: 0.9789, F1-Score: 0.9869
Fold 3, Epoch 125, Train Loss: 0.3773, Val Loss: 0.3404, Val Acc: 0.9776
Precision: 0.9961, Recall: 0.9904, F1-Score: 0.9928
Fold 3, Epoch 126, Train Loss: 0.3859, Val Loss: 0.3041, Val Acc: 0.9899
Precision: 0.9959, Recall: 0.9895, F1-Score: 0.9922
Fold 3, Epoch 127, Train Loss: 0.4032, Val Loss: 0.3545, Val Acc: 0.9889
Precision: 0.9960, Recall: 0.9901, F1-Score: 0.9926
Fold 3, Epoch 128, Train Loss: 0.4013, Val Loss: 0.3353, Val Acc: 0.9895
Precision: 0.9961, Recall: 0.9903, F1-Score: 0.9928
Fold 3, Epoch 129, Train Loss: 0.3787, Val Loss: 0.3390, Val Acc: 0.9898

--- Epoch 130 ---
--- Epoch 130 ---

--- Epoch 130 ---


--- Epoch 130 ---
Class Weights: [2.1200665e-05 5.2479278e-02 5.4635961e-02 5.3897634e-02 6.0430683e-02
 5.5394791e-02 5.9528731e-02 5.7803262e-02 5.0486393e-02 5.1797729e-02
 5.5394791e-02 5.7803262e-02 6.0430683e-02 5.3897634e-02 5.3179000e-02
 5.9528731e-02 5.4635961e-02 5.2479278e-02 5.6175001e-02]Class Weights: [2.1200665e-05 5.2479278e-02 5.4635961e-02 5.3897634e-02 6.0430683e-02
 5.5394791e-02 5.9528731e-02 5.7803262e-02 5.0486393e-02 5.1797729e-02
 5.5394791e-02 5.7803262e-02 6.0430683e-02 5.3897634e-02 5.3179000e-02
 5.9528731e-02 5.4635961e-02 5.2479278e-02 5.6175001e-02]Class Weights: [2.1200665e-05 5.2479278e-02 5.4635961e-02 5.3897634e-02 6.0430683e-02
 5.5394791e-02 5.9528731e-02 5.7803262e-02 5.0486393e-02 5.1797729e-02
 5.5394791e-02 5.7803262e-02 6.0430683e-02 5.3897634e-02 5.3179000e-02
 5.9528731e-02 5.4635961e-02 5.2479278e-02 5.6175001e-02]

Class Weights: [2.1200665e-05 5.2479278e-02 5.4635961e-02 5.3897634e-02 6.0430683e-02
 5.5394791e-02 5.9528731e-02 5.7803262e-02 5.0486393e-02 5.1797729e-02
 5.5394791e-02 5.7803262e-02 6.0430683e-02 5.3897634e-02 5.3179000e-02
 5.9528731e-02 5.4635961e-02 5.2479278e-02 5.6175001e-02]
Learning Rate: 0.005Learning Rate: 0.005


Learning Rate: 0.005Learning Rate: 0.005

Train Loss: 0.4062, Val Loss: 0.3612Train Loss: 0.4062, Val Loss: 0.3612

Train Loss: 0.4062, Val Loss: 0.3612Train Loss: 0.4062, Val Loss: 0.3612

Per-Class Precision: [0.99993053 0.55752212 0.87730061 0.52659574 0.29893238 0.6377551
 0.21787709 0.05629139 0.07650273 0.01236517 0.19144603 0.11654135
 0.28638498 0.21014493 0.38723404 0.60518732 0.35603715 0.58974359
 0.7607362 ]
Per-Class Recall: [0.97939779 0.84       0.95333333 0.99       0.84       0.83333333
 0.624      0.136      0.56       0.94       0.94       0.62
 0.40666667 0.38666667 0.728      0.84       0.76666667 0.92
 0.992     ]
Per-Class F1-Score: [0.98955766 0.67021277 0.91373802 0.6875     0.44094488 0.72254335
 0.32298137 0.07962529 0.13461538 0.02440924 0.31810491 0.19620253
 0.33608815 0.27230047 0.50555556 0.70351759 0.48625793 0.71875
 0.86111111]
Support per Class: [293949     75    150    100    100    150    125    125     50     50
    100     50    150     75    125    250    150     75    125]
Weighted Precision: 0.9960, Weighted Recall: 0.9778, Weighted F1-Score: 0.9863
Precision: 0.9960, Recall: 0.9778, F1-Score: 0.9863
Fold 3, Epoch 130, Train Loss: 0.4062, Val Loss: 0.3612, Val Acc: 0.9775
Precision: 0.9959, Recall: 0.9887, F1-Score: 0.9918
Fold 3, Epoch 131, Train Loss: 0.3997, Val Loss: 0.3214, Val Acc: 0.9883
Precision: 0.9960, Recall: 0.9903, F1-Score: 0.9927
Fold 3, Epoch 132, Train Loss: 0.3922, Val Loss: 0.3240, Val Acc: 0.9897
Precision: 0.9961, Recall: 0.9866, F1-Score: 0.9908
Fold 3, Epoch 133, Train Loss: 0.3987, Val Loss: 0.3342, Val Acc: 0.9861
Precision: 0.9961, Recall: 0.9906, F1-Score: 0.9929
Fold 3, Epoch 134, Train Loss: 0.4072, Val Loss: 0.3277, Val Acc: 0.9901
Precision: 0.9959, Recall: 0.9896, F1-Score: 0.9922
Fold 3, Epoch 135, Train Loss: 0.4095, Val Loss: 0.3814, Val Acc: 0.9890
Precision: 0.9959, Recall: 0.9886, F1-Score: 0.9917
Fold 3, Epoch 136, Train Loss: 0.4426, Val Loss: 0.3328, Val Acc: 0.9879
Precision: 0.9961, Recall: 0.9898, F1-Score: 0.9925
Fold 3, Epoch 137, Train Loss: 0.4362, Val Loss: 0.3069, Val Acc: 0.9892
Precision: 0.9960, Recall: 0.9901, F1-Score: 0.9926
Fold 3, Epoch 138, Train Loss: 0.4349, Val Loss: 0.3685, Val Acc: 0.9895
Precision: 0.9957, Recall: 0.9888, F1-Score: 0.9917
Fold 3, Epoch 139, Train Loss: 0.4174, Val Loss: 0.3610, Val Acc: 0.9880

--- Epoch 140 ---
--- Epoch 140 ---
--- Epoch 140 ---



--- Epoch 140 ---
Class Weights: [2.1200665e-05 5.2479278e-02 5.4635961e-02 5.3897634e-02 6.0430683e-02
 5.5394791e-02 5.9528731e-02 5.7803262e-02 5.0486393e-02 5.1797729e-02
 5.5394791e-02 5.7803262e-02 6.0430683e-02 5.3897634e-02 5.3179000e-02
 5.9528731e-02 5.4635961e-02 5.2479278e-02 5.6175001e-02]Class Weights: [2.1200665e-05 5.2479278e-02 5.4635961e-02 5.3897634e-02 6.0430683e-02
 5.5394791e-02 5.9528731e-02 5.7803262e-02 5.0486393e-02 5.1797729e-02
 5.5394791e-02 5.7803262e-02 6.0430683e-02 5.3897634e-02 5.3179000e-02
 5.9528731e-02 5.4635961e-02 5.2479278e-02 5.6175001e-02]Class Weights: [2.1200665e-05 5.2479278e-02 5.4635961e-02 5.3897634e-02 6.0430683e-02
 5.5394791e-02 5.9528731e-02 5.7803262e-02 5.0486393e-02 5.1797729e-02
 5.5394791e-02 5.7803262e-02 6.0430683e-02 5.3897634e-02 5.3179000e-02
 5.9528731e-02 5.4635961e-02 5.2479278e-02 5.6175001e-02]

Class Weights: [2.1200665e-05 5.2479278e-02 5.4635961e-02 5.3897634e-02 6.0430683e-02
 5.5394791e-02 5.9528731e-02 5.7803262e-02 5.0486393e-02 5.1797729e-02
 5.5394791e-02 5.7803262e-02 6.0430683e-02 5.3897634e-02 5.3179000e-02
 5.9528731e-02 5.4635961e-02 5.2479278e-02 5.6175001e-02]
Learning Rate: 0.005Learning Rate: 0.005

Learning Rate: 0.005
Learning Rate: 0.005

Train Loss: 0.4099, Val Loss: 0.3319
Train Loss: 0.4099, Val Loss: 0.3319
Train Loss: 0.4099, Val Loss: 0.3319Train Loss: 0.4099, Val Loss: 0.3319

Per-Class Precision: [0.99993935 0.00563132 0.78494624 0.4380531  0.33486239 0.61574074
 0.3377193  0.18975904 0.11673152 0.16917293 0.19772727 0.13492063
 0.27314815 0.17938931 0.48780488 0.50989011 0.3489011  0.67676768
 0.74096386]
Per-Class Recall: [0.95351915 0.85333333 0.97333333 0.99       0.73       0.88666667
 0.616      0.504      0.6        0.9        0.87       0.68
 0.39333333 0.62666667 0.48       0.928      0.84666667 0.89333333
 0.984     ]
Per-Class F1-Score: [0.97617771 0.01118881 0.86904762 0.60736196 0.4591195  0.72677596
 0.43626062 0.27571116 0.19543974 0.28481013 0.32222222 0.22516556
 0.32240437 0.27893175 0.48387097 0.65815603 0.49416342 0.77011494
 0.84536082]
Support per Class: [293949     75    150    100    100    150    125    125     50     50
    100     50    150     75    125    250    150     75    125]
Weighted Precision: 0.9959, Weighted Recall: 0.9523, Weighted F1-Score: 0.9730
Precision: 0.9959, Recall: 0.9523, F1-Score: 0.9730
Fold 3, Epoch 140, Train Loss: 0.4099, Val Loss: 0.3319, Val Acc: 0.9436
Precision: 0.9958, Recall: 0.9899, F1-Score: 0.9923
Fold 3, Epoch 141, Train Loss: 0.3814, Val Loss: 0.3428, Val Acc: 0.9893
Precision: 0.9960, Recall: 0.9836, F1-Score: 0.9893
Fold 3, Epoch 142, Train Loss: 0.4100, Val Loss: 0.3627, Val Acc: 0.9832
Precision: 0.9960, Recall: 0.9901, F1-Score: 0.9925
Fold 3, Epoch 143, Train Loss: 0.4137, Val Loss: 0.3713, Val Acc: 0.9897
Precision: 0.9958, Recall: 0.9713, F1-Score: 0.9829
Fold 3, Epoch 144, Train Loss: 0.4475, Val Loss: 0.3722, Val Acc: 0.9686
Precision: 0.9960, Recall: 0.9903, F1-Score: 0.9927
Fold 3, Epoch 145, Train Loss: 0.4473, Val Loss: 0.3544, Val Acc: 0.9900
Precision: 0.9960, Recall: 0.9897, F1-Score: 0.9924
Fold 3, Epoch 146, Train Loss: 0.4152, Val Loss: 0.3398, Val Acc: 0.9892
Precision: 0.9960, Recall: 0.9883, F1-Score: 0.9916
Fold 3, Epoch 147, Train Loss: 0.3906, Val Loss: 0.3012, Val Acc: 0.9874
Precision: 0.9960, Recall: 0.9903, F1-Score: 0.9927
Fold 3, Epoch 148, Train Loss: 0.3777, Val Loss: 0.3193, Val Acc: 0.9898
Precision: 0.9961, Recall: 0.9890, F1-Score: 0.9920
Fold 3, Epoch 149, Train Loss: 0.3924, Val Loss: 0.3144, Val Acc: 0.9884

--- Epoch 150 ---
--- Epoch 150 ---
--- Epoch 150 ---



--- Epoch 150 ---
Class Weights: [2.1200665e-05 5.2479278e-02 5.4635961e-02 5.3897634e-02 6.0430683e-02
 5.5394791e-02 5.9528731e-02 5.7803262e-02 5.0486393e-02 5.1797729e-02
 5.5394791e-02 5.7803262e-02 6.0430683e-02 5.3897634e-02 5.3179000e-02
 5.9528731e-02 5.4635961e-02 5.2479278e-02 5.6175001e-02]Class Weights: [2.1200665e-05 5.2479278e-02 5.4635961e-02 5.3897634e-02 6.0430683e-02
 5.5394791e-02 5.9528731e-02 5.7803262e-02 5.0486393e-02 5.1797729e-02
 5.5394791e-02 5.7803262e-02 6.0430683e-02 5.3897634e-02 5.3179000e-02
 5.9528731e-02 5.4635961e-02 5.2479278e-02 5.6175001e-02]Class Weights: [2.1200665e-05 5.2479278e-02 5.4635961e-02 5.3897634e-02 6.0430683e-02
 5.5394791e-02 5.9528731e-02 5.7803262e-02 5.0486393e-02 5.1797729e-02
 5.5394791e-02 5.7803262e-02 6.0430683e-02 5.3897634e-02 5.3179000e-02
 5.9528731e-02 5.4635961e-02 5.2479278e-02 5.6175001e-02]


Class Weights: [2.1200665e-05 5.2479278e-02 5.4635961e-02 5.3897634e-02 6.0430683e-02
 5.5394791e-02 5.9528731e-02 5.7803262e-02 5.0486393e-02 5.1797729e-02
 5.5394791e-02 5.7803262e-02 6.0430683e-02 5.3897634e-02 5.3179000e-02
 5.9528731e-02 5.4635961e-02 5.2479278e-02 5.6175001e-02]Learning Rate: 0.005Learning Rate: 0.005Learning Rate: 0.005



Learning Rate: 0.005
Train Loss: 0.3921, Val Loss: 0.3339Train Loss: 0.3921, Val Loss: 0.3339

Train Loss: 0.3921, Val Loss: 0.3339Train Loss: 0.3921, Val Loss: 0.3339

Per-Class Precision: [0.99993141 0.59405941 0.73891626 0.42920354 0.37430168 0.55642023
 0.32666667 0.10227273 0.10457516 0.175      0.20383693 0.20491803
 0.36813187 0.15469613 0.30921053 0.54471545 0.37537538 0.6460177
 0.78343949]
Per-Class Recall: [0.99189655 0.8        1.         0.97       0.67       0.95333333
 0.784      0.144      0.64       0.98       0.85       0.5
 0.44666667 0.74666667 0.752      0.804      0.83333333 0.97333333
 0.984     ]
Per-Class F1-Score: [0.99589778 0.68181818 0.84985836 0.59509202 0.48028674 0.7027027
 0.46117647 0.11960133 0.17977528 0.2969697  0.32882012 0.29069767
 0.40361446 0.25629291 0.43822844 0.64943457 0.51759834 0.77659574
 0.87234043]
Support per Class: [293949     75    150    100    100    150    125    125     50     50
    100     50    150     75    125    250    150     75    125]
Weighted Precision: 0.9960, Weighted Recall: 0.9904, Weighted F1-Score: 0.9927
Precision: 0.9960, Recall: 0.9904, F1-Score: 0.9927
Fold 3, Epoch 150, Train Loss: 0.3921, Val Loss: 0.3339, Val Acc: 0.9899
Completed Fold 3
Starting Fold 4
Precision: 0.9953, Recall: 0.9885, F1-Score: 0.9912
Fold 4, Epoch 1, Train Loss: 2.5344, Val Loss: 1.1206, Val Acc: 0.9878
Precision: 0.9949, Recall: 0.9876, F1-Score: 0.9907
Fold 4, Epoch 2, Train Loss: 1.1199, Val Loss: 0.9233, Val Acc: 0.9862
Precision: 0.9953, Recall: 0.9883, F1-Score: 0.9913
Fold 4, Epoch 3, Train Loss: 0.9396, Val Loss: 0.6701, Val Acc: 0.9879
Precision: 0.9957, Recall: 0.9881, F1-Score: 0.9914
Fold 4, Epoch 4, Train Loss: 0.7786, Val Loss: 0.5324, Val Acc: 0.9876
Precision: 0.9957, Recall: 0.9888, F1-Score: 0.9918
Fold 4, Epoch 5, Train Loss: 0.6317, Val Loss: 0.4258, Val Acc: 0.9882
Precision: 0.9958, Recall: 0.9897, F1-Score: 0.9923
Fold 4, Epoch 6, Train Loss: 0.5765, Val Loss: 0.3605, Val Acc: 0.9894
Precision: 0.9958, Recall: 0.9889, F1-Score: 0.9918
Fold 4, Epoch 7, Train Loss: 0.5367, Val Loss: 0.3334, Val Acc: 0.9883
Precision: 0.9958, Recall: 0.9892, F1-Score: 0.9920
Fold 4, Epoch 8, Train Loss: 0.4901, Val Loss: 0.3288, Val Acc: 0.9887
Precision: 0.9960, Recall: 0.9900, F1-Score: 0.9925
Fold 4, Epoch 9, Train Loss: 0.4812, Val Loss: 0.3047, Val Acc: 0.9897

--- Epoch 10 ---
--- Epoch 10 ---
--- Epoch 10 ---



--- Epoch 10 ---
Class Weights: [2.1213975e-05 5.5429570e-02 5.7839550e-02 5.3931475e-02 5.5429570e-02
 5.7013273e-02 5.5429570e-02 5.5429570e-02 5.3931475e-02 5.7013273e-02
 5.3931475e-02 6.2358264e-02 5.4670259e-02 5.3931475e-02 5.3212386e-02
 5.1165756e-02 5.3931475e-02 6.1398908e-02 5.3931475e-02]Class Weights: [2.1213975e-05 5.5429570e-02 5.7839550e-02 5.3931475e-02 5.5429570e-02
 5.7013273e-02 5.5429570e-02 5.5429570e-02 5.3931475e-02 5.7013273e-02
 5.3931475e-02 6.2358264e-02 5.4670259e-02 5.3931475e-02 5.3212386e-02
 5.1165756e-02 5.3931475e-02 6.1398908e-02 5.3931475e-02]Class Weights: [2.1213975e-05 5.5429570e-02 5.7839550e-02 5.3931475e-02 5.5429570e-02
 5.7013273e-02 5.5429570e-02 5.5429570e-02 5.3931475e-02 5.7013273e-02
 5.3931475e-02 6.2358264e-02 5.4670259e-02 5.3931475e-02 5.3212386e-02
 5.1165756e-02 5.3931475e-02 6.1398908e-02 5.3931475e-02]Class Weights: [2.1213975e-05 5.5429570e-02 5.7839550e-02 5.3931475e-02 5.5429570e-02
 5.7013273e-02 5.5429570e-02 5.5429570e-02 5.3931475e-02 5.7013273e-02
 5.3931475e-02 6.2358264e-02 5.4670259e-02 5.3931475e-02 5.3212386e-02
 5.1165756e-02 5.3931475e-02 6.1398908e-02 5.3931475e-02]



Learning Rate: 0.005Learning Rate: 0.005
Learning Rate: 0.005
Learning Rate: 0.005

Train Loss: 0.4521, Val Loss: 0.2923
Train Loss: 0.4521, Val Loss: 0.2923Train Loss: 0.4521, Val Loss: 0.2923
Train Loss: 0.4521, Val Loss: 0.2923

Per-Class Precision: [0.9999657  0.63513514 0.77894737 0.56343284 0.23361823 0.42990654
 0.4057971  0.26170799 0.16091954 0.30484988 0.05940594 0.36144578
 0.15730337 0.28508772 0.22777778 0.54444444 0.36727273 0.68604651
 0.67567568]
Per-Class Recall: [0.99166182 0.94       0.98666667 0.86285714 0.82       0.92
 0.64       0.76       0.56       0.88       0.96       0.3
 0.56       0.65       0.82       0.784      0.808      0.944
 1.        ]
Per-Class F1-Score: [0.99579645 0.75806452 0.87058824 0.68171558 0.36363636 0.58598726
 0.49667406 0.38934426 0.25       0.45283019 0.11188811 0.32786885
 0.24561404 0.39634146 0.35652174 0.64262295 0.505      0.79461279
 0.80645161]
Support per Class: [293949    150     75    175    100    100    175    125     75    150
     25    200     75    100     50    125    125    125     75]
Weighted Precision: 0.9960, Weighted Recall: 0.9901, Weighted F1-Score: 0.9926
Precision: 0.9960, Recall: 0.9901, F1-Score: 0.9926
Fold 4, Epoch 10, Train Loss: 0.4521, Val Loss: 0.2923, Val Acc: 0.9896
Precision: 0.9960, Recall: 0.9902, F1-Score: 0.9927
Fold 4, Epoch 11, Train Loss: 0.4432, Val Loss: 0.3076, Val Acc: 0.9898
Precision: 0.9960, Recall: 0.9904, F1-Score: 0.9927
Fold 4, Epoch 12, Train Loss: 0.4669, Val Loss: 0.2907, Val Acc: 0.9899
Precision: 0.9958, Recall: 0.9898, F1-Score: 0.9923
Fold 4, Epoch 13, Train Loss: 0.4304, Val Loss: 0.3012, Val Acc: 0.9892
Precision: 0.9961, Recall: 0.9905, F1-Score: 0.9929
Fold 4, Epoch 14, Train Loss: 0.4487, Val Loss: 0.2650, Val Acc: 0.9901
Precision: 0.9956, Recall: 0.9553, F1-Score: 0.9743
Fold 4, Epoch 15, Train Loss: 0.4206, Val Loss: 0.2658, Val Acc: 0.9632
Precision: 0.9960, Recall: 0.9885, F1-Score: 0.9917
Fold 4, Epoch 16, Train Loss: 0.4220, Val Loss: 0.2736, Val Acc: 0.9880
Precision: 0.9959, Recall: 0.9730, F1-Score: 0.9837
Fold 4, Epoch 17, Train Loss: 0.4186, Val Loss: 0.2923, Val Acc: 0.9671
Precision: 0.9961, Recall: 0.9907, F1-Score: 0.9929
Fold 4, Epoch 18, Train Loss: 0.3929, Val Loss: 0.2597, Val Acc: 0.9905
Precision: 0.9960, Recall: 0.9897, F1-Score: 0.9924
Fold 4, Epoch 19, Train Loss: 0.4221, Val Loss: 0.2739, Val Acc: 0.9892

--- Epoch 20 ---
--- Epoch 20 ---

--- Epoch 20 ---


--- Epoch 20 ---
Class Weights: [2.1213975e-05 5.5429570e-02 5.7839550e-02 5.3931475e-02 5.5429570e-02
 5.7013273e-02 5.5429570e-02 5.5429570e-02 5.3931475e-02 5.7013273e-02
 5.3931475e-02 6.2358264e-02 5.4670259e-02 5.3931475e-02 5.3212386e-02
 5.1165756e-02 5.3931475e-02 6.1398908e-02 5.3931475e-02]Class Weights: [2.1213975e-05 5.5429570e-02 5.7839550e-02 5.3931475e-02 5.5429570e-02
 5.7013273e-02 5.5429570e-02 5.5429570e-02 5.3931475e-02 5.7013273e-02
 5.3931475e-02 6.2358264e-02 5.4670259e-02 5.3931475e-02 5.3212386e-02
 5.1165756e-02 5.3931475e-02 6.1398908e-02 5.3931475e-02]Class Weights: [2.1213975e-05 5.5429570e-02 5.7839550e-02 5.3931475e-02 5.5429570e-02
 5.7013273e-02 5.5429570e-02 5.5429570e-02 5.3931475e-02 5.7013273e-02
 5.3931475e-02 6.2358264e-02 5.4670259e-02 5.3931475e-02 5.3212386e-02
 5.1165756e-02 5.3931475e-02 6.1398908e-02 5.3931475e-02]


Learning Rate: 0.005Learning Rate: 0.005Learning Rate: 0.005


Class Weights: [2.1213975e-05 5.5429570e-02 5.7839550e-02 5.3931475e-02 5.5429570e-02
 5.7013273e-02 5.5429570e-02 5.5429570e-02 5.3931475e-02 5.7013273e-02
 5.3931475e-02 6.2358264e-02 5.4670259e-02 5.3931475e-02 5.3212386e-02
 5.1165756e-02 5.3931475e-02 6.1398908e-02 5.3931475e-02]
Train Loss: 0.3926, Val Loss: 0.2785
Train Loss: 0.3926, Val Loss: 0.2785Learning Rate: 0.005Train Loss: 0.3926, Val Loss: 0.2785


Train Loss: 0.3926, Val Loss: 0.2785
Per-Class Precision: [0.99996571 0.61333333 0.69811321 0.45508982 0.20608108 0.55714286
 0.26788686 0.32850242 0.17010309 0.33146067 0.07164179 0.38121547
 0.164      0.26164875 0.26490066 0.61875    0.424      0.66853933
 0.6097561 ]
Per-Class Recall: [0.99200201 0.92       0.98666667 0.86857143 0.61       0.78
 0.92       0.544      0.44       0.78666667 0.96       0.345
 0.54666667 0.73       0.8        0.792      0.848      0.952
 1.        ]
Per-Class F1-Score: [0.99596794 0.736      0.81767956 0.59724951 0.30808081 0.65
 0.41494845 0.40963855 0.24535316 0.46640316 0.13333333 0.36220472
 0.25230769 0.38522427 0.39800995 0.69473684 0.56533333 0.78547855
 0.75757576]
Support per Class: [293949    150     75    175    100    100    175    125     75    150
     25    200     75    100     50    125    125    125     75]
Weighted Precision: 0.9960, Weighted Recall: 0.9904, Weighted F1-Score: 0.9927
Precision: 0.9960, Recall: 0.9904, F1-Score: 0.9927
Fold 4, Epoch 20, Train Loss: 0.3926, Val Loss: 0.2785, Val Acc: 0.9900
Precision: 0.9960, Recall: 0.9904, F1-Score: 0.9927
Fold 4, Epoch 21, Train Loss: 0.3788, Val Loss: 0.2622, Val Acc: 0.9899
Precision: 0.9958, Recall: 0.9868, F1-Score: 0.9907
Fold 4, Epoch 22, Train Loss: 0.4019, Val Loss: 0.2570, Val Acc: 0.9856
Precision: 0.9960, Recall: 0.9907, F1-Score: 0.9928
Fold 4, Epoch 23, Train Loss: 0.3919, Val Loss: 0.2637, Val Acc: 0.9903
Precision: 0.9961, Recall: 0.9894, F1-Score: 0.9923
Fold 4, Epoch 24, Train Loss: 0.3867, Val Loss: 0.2535, Val Acc: 0.9888
Precision: 0.9960, Recall: 0.9904, F1-Score: 0.9928
Fold 4, Epoch 25, Train Loss: 0.3941, Val Loss: 0.2570, Val Acc: 0.9900
Precision: 0.9959, Recall: 0.9898, F1-Score: 0.9924
Fold 4, Epoch 26, Train Loss: 0.3818, Val Loss: 0.2582, Val Acc: 0.9893
Precision: 0.9958, Recall: 0.9875, F1-Score: 0.9910
Fold 4, Epoch 27, Train Loss: 0.3966, Val Loss: 0.2635, Val Acc: 0.9870
Precision: 0.9961, Recall: 0.9907, F1-Score: 0.9930
Fold 4, Epoch 28, Train Loss: 0.3991, Val Loss: 0.2718, Val Acc: 0.9905
Precision: 0.9962, Recall: 0.9900, F1-Score: 0.9926
Fold 4, Epoch 29, Train Loss: 0.3966, Val Loss: 0.2657, Val Acc: 0.9893

--- Epoch 30 ---
--- Epoch 30 ---

--- Epoch 30 ---


--- Epoch 30 ---
Class Weights: [2.1213975e-05 5.5429570e-02 5.7839550e-02 5.3931475e-02 5.5429570e-02
 5.7013273e-02 5.5429570e-02 5.5429570e-02 5.3931475e-02 5.7013273e-02
 5.3931475e-02 6.2358264e-02 5.4670259e-02 5.3931475e-02 5.3212386e-02
 5.1165756e-02 5.3931475e-02 6.1398908e-02 5.3931475e-02]Class Weights: [2.1213975e-05 5.5429570e-02 5.7839550e-02 5.3931475e-02 5.5429570e-02
 5.7013273e-02 5.5429570e-02 5.5429570e-02 5.3931475e-02 5.7013273e-02
 5.3931475e-02 6.2358264e-02 5.4670259e-02 5.3931475e-02 5.3212386e-02
 5.1165756e-02 5.3931475e-02 6.1398908e-02 5.3931475e-02]Class Weights: [2.1213975e-05 5.5429570e-02 5.7839550e-02 5.3931475e-02 5.5429570e-02
 5.7013273e-02 5.5429570e-02 5.5429570e-02 5.3931475e-02 5.7013273e-02
 5.3931475e-02 6.2358264e-02 5.4670259e-02 5.3931475e-02 5.3212386e-02
 5.1165756e-02 5.3931475e-02 6.1398908e-02 5.3931475e-02]


Class Weights: [2.1213975e-05 5.5429570e-02 5.7839550e-02 5.3931475e-02 5.5429570e-02
 5.7013273e-02 5.5429570e-02 5.5429570e-02 5.3931475e-02 5.7013273e-02
 5.3931475e-02 6.2358264e-02 5.4670259e-02 5.3931475e-02 5.3212386e-02
 5.1165756e-02 5.3931475e-02 6.1398908e-02 5.3931475e-02]Learning Rate: 0.005Learning Rate: 0.005Learning Rate: 0.005



Learning Rate: 0.005
Train Loss: 0.4114, Val Loss: 0.2671Train Loss: 0.4114, Val Loss: 0.2671
Train Loss: 0.4114, Val Loss: 0.2671
Train Loss: 0.4114, Val Loss: 0.2671

Per-Class Precision: [0.99996565 0.64383562 0.65486726 0.48923077 0.20795107 0.46892655
 0.24817518 0.24187726 0.14285714 0.17416546 0.08135593 0.34317343
 0.23239437 0.38172043 0.18589744 0.51724138 0.43697479 0.64893617
 0.73529412]
Per-Class Recall: [0.99046433 0.94       0.98666667 0.90857143 0.68       0.83
 0.97142857 0.536      0.37333333 0.8        0.96       0.465
 0.44       0.71       0.58       0.96       0.832      0.976
 1.        ]
Per-Class F1-Score: [0.99519232 0.76422764 0.78723404 0.636      0.31850117 0.59927798
 0.39534884 0.33333333 0.20664207 0.28605483 0.15       0.39490446
 0.30414747 0.4965035  0.2815534  0.67226891 0.57300275 0.77955272
 0.84745763]
Support per Class: [293949    150     75    175    100    100    175    125     75    150
     25    200     75    100     50    125    125    125     75]
Weighted Precision: 0.9958, Weighted Recall: 0.9890, Weighted F1-Score: 0.9919
Precision: 0.9958, Recall: 0.9890, F1-Score: 0.9919
Fold 4, Epoch 30, Train Loss: 0.4114, Val Loss: 0.2671, Val Acc: 0.9884
Precision: 0.9962, Recall: 0.9890, F1-Score: 0.9921
Fold 4, Epoch 31, Train Loss: 0.3889, Val Loss: 0.2640, Val Acc: 0.9886
Precision: 0.9961, Recall: 0.9903, F1-Score: 0.9928
Fold 4, Epoch 32, Train Loss: 0.3917, Val Loss: 0.2630, Val Acc: 0.9902
Precision: 0.9959, Recall: 0.9904, F1-Score: 0.9927
Fold 4, Epoch 33, Train Loss: 0.3612, Val Loss: 0.2505, Val Acc: 0.9900
Precision: 0.9959, Recall: 0.9863, F1-Score: 0.9905
Fold 4, Epoch 34, Train Loss: 0.3782, Val Loss: 0.2575, Val Acc: 0.9853
Precision: 0.9959, Recall: 0.9895, F1-Score: 0.9923
Fold 4, Epoch 35, Train Loss: 0.3655, Val Loss: 0.2782, Val Acc: 0.9891
Precision: 0.9961, Recall: 0.9901, F1-Score: 0.9926
Fold 4, Epoch 36, Train Loss: 0.3876, Val Loss: 0.2626, Val Acc: 0.9898
Precision: 0.9959, Recall: 0.9851, F1-Score: 0.9899
Fold 4, Epoch 37, Train Loss: 0.3806, Val Loss: 0.2577, Val Acc: 0.9829
Precision: 0.9957, Recall: 0.9900, F1-Score: 0.9924
Fold 4, Epoch 38, Train Loss: 0.3894, Val Loss: 0.2900, Val Acc: 0.9896
Precision: 0.9962, Recall: 0.9898, F1-Score: 0.9925
Fold 4, Epoch 39, Train Loss: 0.4080, Val Loss: 0.2669, Val Acc: 0.9895

--- Epoch 40 ---
--- Epoch 40 ---
--- Epoch 40 ---



--- Epoch 40 ---
Class Weights: [2.1213975e-05 5.5429570e-02 5.7839550e-02 5.3931475e-02 5.5429570e-02
 5.7013273e-02 5.5429570e-02 5.5429570e-02 5.3931475e-02 5.7013273e-02
 5.3931475e-02 6.2358264e-02 5.4670259e-02 5.3931475e-02 5.3212386e-02
 5.1165756e-02 5.3931475e-02 6.1398908e-02 5.3931475e-02]Class Weights: [2.1213975e-05 5.5429570e-02 5.7839550e-02 5.3931475e-02 5.5429570e-02
 5.7013273e-02 5.5429570e-02 5.5429570e-02 5.3931475e-02 5.7013273e-02
 5.3931475e-02 6.2358264e-02 5.4670259e-02 5.3931475e-02 5.3212386e-02
 5.1165756e-02 5.3931475e-02 6.1398908e-02 5.3931475e-02]
Class Weights: [2.1213975e-05 5.5429570e-02 5.7839550e-02 5.3931475e-02 5.5429570e-02
 5.7013273e-02 5.5429570e-02 5.5429570e-02 5.3931475e-02 5.7013273e-02
 5.3931475e-02 6.2358264e-02 5.4670259e-02 5.3931475e-02 5.3212386e-02
 5.1165756e-02 5.3931475e-02 6.1398908e-02 5.3931475e-02]

Class Weights: [2.1213975e-05 5.5429570e-02 5.7839550e-02 5.3931475e-02 5.5429570e-02
 5.7013273e-02 5.5429570e-02 5.5429570e-02 5.3931475e-02 5.7013273e-02
 5.3931475e-02 6.2358264e-02 5.4670259e-02 5.3931475e-02 5.3212386e-02
 5.1165756e-02 5.3931475e-02 6.1398908e-02 5.3931475e-02]Learning Rate: 0.005Learning Rate: 0.005Learning Rate: 0.005



Learning Rate: 0.005
Train Loss: 0.3814, Val Loss: 0.2627Train Loss: 0.3814, Val Loss: 0.2627
Train Loss: 0.3814, Val Loss: 0.2627
Train Loss: 0.3814, Val Loss: 0.2627

Per-Class Precision: [0.99996228 0.59745763 0.62711864 0.52805281 0.26642336 0.43781095
 0.37101449 0.21380846 0.1641791  0.30541872 0.09090909 0.30769231
 0.33928571 0.40458015 0.33913043 0.50205761 0.46226415 0.62755102
 0.70093458]
Per-Class Recall: [0.99199861 0.94       0.98666667 0.91428571 0.73       0.88
 0.73142857 0.768      0.44       0.82666667 1.         0.68
 0.50666667 0.53       0.78       0.976      0.784      0.984
 1.        ]
Per-Class F1-Score: [0.99596453 0.73056995 0.76683938 0.66945607 0.39037433 0.58471761
 0.49230769 0.33449477 0.23913043 0.44604317 0.16666667 0.42367601
 0.40641711 0.45887446 0.47272727 0.66304348 0.58160237 0.76635514
 0.82417582]
Support per Class: [293949    150     75    175    100    100    175    125     75    150
     25    200     75    100     50    125    125    125     75]
Weighted Precision: 0.9960, Weighted Recall: 0.9907, Weighted F1-Score: 0.9929
Precision: 0.9960, Recall: 0.9907, F1-Score: 0.9929
Fold 4, Epoch 40, Train Loss: 0.3814, Val Loss: 0.2627, Val Acc: 0.9902
Precision: 0.9960, Recall: 0.9903, F1-Score: 0.9927
Fold 4, Epoch 41, Train Loss: 0.3937, Val Loss: 0.2477, Val Acc: 0.9897
Precision: 0.9960, Recall: 0.9895, F1-Score: 0.9922
Fold 4, Epoch 42, Train Loss: 0.3908, Val Loss: 0.2669, Val Acc: 0.9878
Precision: 0.9956, Recall: 0.9900, F1-Score: 0.9923
Fold 4, Epoch 43, Train Loss: 0.3774, Val Loss: 0.2774, Val Acc: 0.9891
Precision: 0.9960, Recall: 0.9900, F1-Score: 0.9925
Fold 4, Epoch 44, Train Loss: 0.3887, Val Loss: 0.2659, Val Acc: 0.9897
Precision: 0.9961, Recall: 0.9904, F1-Score: 0.9928
Fold 4, Epoch 45, Train Loss: 0.3794, Val Loss: 0.2664, Val Acc: 0.9902
Precision: 0.9960, Recall: 0.9903, F1-Score: 0.9927
Fold 4, Epoch 46, Train Loss: 0.3980, Val Loss: 0.2427, Val Acc: 0.9900
Precision: 0.9958, Recall: 0.9727, F1-Score: 0.9835
Fold 4, Epoch 47, Train Loss: 0.3942, Val Loss: 0.2763, Val Acc: 0.9707
Precision: 0.9961, Recall: 0.9907, F1-Score: 0.9930
Fold 4, Epoch 48, Train Loss: 0.4121, Val Loss: 0.2718, Val Acc: 0.9906
Precision: 0.9960, Recall: 0.9907, F1-Score: 0.9929
Fold 4, Epoch 49, Train Loss: 0.3973, Val Loss: 0.2669, Val Acc: 0.9904

--- Epoch 50 ---
--- Epoch 50 ---
--- Epoch 50 ---



--- Epoch 50 ---
Class Weights: [2.1213975e-05 5.5429570e-02 5.7839550e-02 5.3931475e-02 5.5429570e-02
 5.7013273e-02 5.5429570e-02 5.5429570e-02 5.3931475e-02 5.7013273e-02
 5.3931475e-02 6.2358264e-02 5.4670259e-02 5.3931475e-02 5.3212386e-02
 5.1165756e-02 5.3931475e-02 6.1398908e-02 5.3931475e-02]Class Weights: [2.1213975e-05 5.5429570e-02 5.7839550e-02 5.3931475e-02 5.5429570e-02
 5.7013273e-02 5.5429570e-02 5.5429570e-02 5.3931475e-02 5.7013273e-02
 5.3931475e-02 6.2358264e-02 5.4670259e-02 5.3931475e-02 5.3212386e-02
 5.1165756e-02 5.3931475e-02 6.1398908e-02 5.3931475e-02]Class Weights: [2.1213975e-05 5.5429570e-02 5.7839550e-02 5.3931475e-02 5.5429570e-02
 5.7013273e-02 5.5429570e-02 5.5429570e-02 5.3931475e-02 5.7013273e-02
 5.3931475e-02 6.2358264e-02 5.4670259e-02 5.3931475e-02 5.3212386e-02
 5.1165756e-02 5.3931475e-02 6.1398908e-02 5.3931475e-02]


Learning Rate: 0.005Learning Rate: 0.005Learning Rate: 0.005

Class Weights: [2.1213975e-05 5.5429570e-02 5.7839550e-02 5.3931475e-02 5.5429570e-02
 5.7013273e-02 5.5429570e-02 5.5429570e-02 5.3931475e-02 5.7013273e-02
 5.3931475e-02 6.2358264e-02 5.4670259e-02 5.3931475e-02 5.3212386e-02
 5.1165756e-02 5.3931475e-02 6.1398908e-02 5.3931475e-02]

Learning Rate: 0.005
Train Loss: 0.3984, Val Loss: 0.2653Train Loss: 0.3984, Val Loss: 0.2653

Train Loss: 0.3984, Val Loss: 0.2653
Train Loss: 0.3984, Val Loss: 0.2653
Per-Class Precision: [0.9999812  0.46843854 0.77083333 0.55639098 0.24099723 0.50568182
 0.39382239 0.2173913  0.10046729 0.00536659 0.06705539 0.30208333
 0.16517857 0.31288344 0.23589744 0.51428571 0.4549763  0.52380952
 0.68181818]
Per-Class Recall: [0.90462971 0.94       0.98666667 0.84571429 0.87       0.89
 0.58285714 0.4        0.57333333 0.92666667 0.92       0.58
 0.49333333 0.51       0.92       0.72       0.768      0.968
 1.        ]
Per-Class F1-Score: [0.94991864 0.62527716 0.86549708 0.67120181 0.37744035 0.64492754
 0.47004608 0.28169014 0.17097416 0.01067138 0.125      0.39726027
 0.24749164 0.3878327  0.3755102  0.6        0.57142857 0.67977528
 0.81081081]
Support per Class: [293949    150     75    175    100    100    175    125     75    150
     25    200     75    100     50    125    125    125     75]
Weighted Precision: 0.9957, Weighted Recall: 0.9036, Weighted F1-Score: 0.9467
Precision: 0.9957, Recall: 0.9036, F1-Score: 0.9467
Fold 4, Epoch 50, Train Loss: 0.3984, Val Loss: 0.2653, Val Acc: 0.8999
Precision: 0.9961, Recall: 0.9904, F1-Score: 0.9928
Fold 4, Epoch 51, Train Loss: 0.3872, Val Loss: 0.2838, Val Acc: 0.9902
Precision: 0.9960, Recall: 0.9904, F1-Score: 0.9927
Fold 4, Epoch 52, Train Loss: 0.3776, Val Loss: 0.2606, Val Acc: 0.9899
Precision: 0.9958, Recall: 0.9875, F1-Score: 0.9910
Fold 4, Epoch 53, Train Loss: 0.3850, Val Loss: 0.2562, Val Acc: 0.9856
Precision: 0.9959, Recall: 0.9906, F1-Score: 0.9928
Fold 4, Epoch 54, Train Loss: 0.3855, Val Loss: 0.2847, Val Acc: 0.9902
Precision: 0.9957, Recall: 0.9852, F1-Score: 0.9898
Fold 4, Epoch 55, Train Loss: 0.3899, Val Loss: 0.2867, Val Acc: 0.9847
Precision: 0.9960, Recall: 0.9901, F1-Score: 0.9926
Fold 4, Epoch 56, Train Loss: 0.4214, Val Loss: 0.2858, Val Acc: 0.9898
Precision: 0.9959, Recall: 0.9902, F1-Score: 0.9926
Fold 4, Epoch 57, Train Loss: 0.3972, Val Loss: 0.2562, Val Acc: 0.9896
Precision: 0.9960, Recall: 0.9886, F1-Score: 0.9918
Fold 4, Epoch 58, Train Loss: 0.3924, Val Loss: 0.2632, Val Acc: 0.9878
Precision: 0.9963, Recall: 0.9900, F1-Score: 0.9927
Fold 4, Epoch 59, Train Loss: 0.3904, Val Loss: 0.2712, Val Acc: 0.9897

--- Epoch 60 ---
--- Epoch 60 ---
--- Epoch 60 ---

--- Epoch 60 ---


Class Weights: [2.1213975e-05 5.5429570e-02 5.7839550e-02 5.3931475e-02 5.5429570e-02
 5.7013273e-02 5.5429570e-02 5.5429570e-02 5.3931475e-02 5.7013273e-02
 5.3931475e-02 6.2358264e-02 5.4670259e-02 5.3931475e-02 5.3212386e-02
 5.1165756e-02 5.3931475e-02 6.1398908e-02 5.3931475e-02]Class Weights: [2.1213975e-05 5.5429570e-02 5.7839550e-02 5.3931475e-02 5.5429570e-02
 5.7013273e-02 5.5429570e-02 5.5429570e-02 5.3931475e-02 5.7013273e-02
 5.3931475e-02 6.2358264e-02 5.4670259e-02 5.3931475e-02 5.3212386e-02
 5.1165756e-02 5.3931475e-02 6.1398908e-02 5.3931475e-02]
Class Weights: [2.1213975e-05 5.5429570e-02 5.7839550e-02 5.3931475e-02 5.5429570e-02
 5.7013273e-02 5.5429570e-02 5.5429570e-02 5.3931475e-02 5.7013273e-02
 5.3931475e-02 6.2358264e-02 5.4670259e-02 5.3931475e-02 5.3212386e-02
 5.1165756e-02 5.3931475e-02 6.1398908e-02 5.3931475e-02]
Learning Rate: 0.005
Class Weights: [2.1213975e-05 5.5429570e-02 5.7839550e-02 5.3931475e-02 5.5429570e-02
 5.7013273e-02 5.5429570e-02 5.5429570e-02 5.3931475e-02 5.7013273e-02
 5.3931475e-02 6.2358264e-02 5.4670259e-02 5.3931475e-02 5.3212386e-02
 5.1165756e-02 5.3931475e-02 6.1398908e-02 5.3931475e-02]Learning Rate: 0.005
Learning Rate: 0.005


Learning Rate: 0.005
Train Loss: 0.3918, Val Loss: 0.2613
Train Loss: 0.3918, Val Loss: 0.2613Train Loss: 0.3918, Val Loss: 0.2613

Train Loss: 0.3918, Val Loss: 0.2613
Per-Class Precision: [0.99996227 0.54826255 0.57364341 0.56055363 0.26511628 0.5
 0.42528736 0.26415094 0.169279   0.3020595  0.0625     0.34131737
 0.115625   0.31506849 0.1943128  0.50531915 0.45045045 0.57894737
 0.55970149]
Per-Class Recall: [0.99171965 0.94666667 0.98666667 0.92571429 0.57       0.93
 0.84571429 0.448      0.72       0.88       0.96       0.285
 0.49333333 0.69       0.82       0.76       0.8        0.968
 1.        ]
Per-Class F1-Score: [0.9958239  0.69437653 0.7254902  0.69827586 0.36190476 0.65034965
 0.56596558 0.33234421 0.27411168 0.44974446 0.11735941 0.3106267
 0.18734177 0.43260188 0.31417625 0.60702875 0.57636888 0.7245509
 0.71770335]
Support per Class: [293949    150     75    175    100    100    175    125     75    150
     25    200     75    100     50    125    125    125     75]
Weighted Precision: 0.9959, Weighted Recall: 0.9901, Weighted F1-Score: 0.9925
Precision: 0.9959, Recall: 0.9901, F1-Score: 0.9925
Fold 4, Epoch 60, Train Loss: 0.3918, Val Loss: 0.2613, Val Acc: 0.9893
Precision: 0.9960, Recall: 0.9900, F1-Score: 0.9925
Fold 4, Epoch 61, Train Loss: 0.3640, Val Loss: 0.2631, Val Acc: 0.9895
Precision: 0.9962, Recall: 0.9905, F1-Score: 0.9929
Fold 4, Epoch 62, Train Loss: 0.3771, Val Loss: 0.2395, Val Acc: 0.9903
Precision: 0.9959, Recall: 0.9891, F1-Score: 0.9920
Fold 4, Epoch 63, Train Loss: 0.3759, Val Loss: 0.2542, Val Acc: 0.9885
Precision: 0.9961, Recall: 0.9903, F1-Score: 0.9927
Fold 4, Epoch 64, Train Loss: 0.3954, Val Loss: 0.2434, Val Acc: 0.9898
Precision: 0.9960, Recall: 0.9906, F1-Score: 0.9929
Fold 4, Epoch 65, Train Loss: 0.3792, Val Loss: 0.2582, Val Acc: 0.9904
Precision: 0.9960, Recall: 0.9905, F1-Score: 0.9928
Fold 4, Epoch 66, Train Loss: 0.3910, Val Loss: 0.2696, Val Acc: 0.9900
Precision: 0.9959, Recall: 0.9900, F1-Score: 0.9924
Fold 4, Epoch 67, Train Loss: 0.3756, Val Loss: 0.2645, Val Acc: 0.9892
Precision: 0.9960, Recall: 0.9897, F1-Score: 0.9923
Fold 4, Epoch 68, Train Loss: 0.3719, Val Loss: 0.2759, Val Acc: 0.9890
Precision: 0.9961, Recall: 0.9907, F1-Score: 0.9930
Fold 4, Epoch 69, Train Loss: 0.4003, Val Loss: 0.2672, Val Acc: 0.9906

--- Epoch 70 ---
--- Epoch 70 ---
--- Epoch 70 ---



--- Epoch 70 ---
Class Weights: [2.1213975e-05 5.5429570e-02 5.7839550e-02 5.3931475e-02 5.5429570e-02
 5.7013273e-02 5.5429570e-02 5.5429570e-02 5.3931475e-02 5.7013273e-02
 5.3931475e-02 6.2358264e-02 5.4670259e-02 5.3931475e-02 5.3212386e-02
 5.1165756e-02 5.3931475e-02 6.1398908e-02 5.3931475e-02]Class Weights: [2.1213975e-05 5.5429570e-02 5.7839550e-02 5.3931475e-02 5.5429570e-02
 5.7013273e-02 5.5429570e-02 5.5429570e-02 5.3931475e-02 5.7013273e-02
 5.3931475e-02 6.2358264e-02 5.4670259e-02 5.3931475e-02 5.3212386e-02
 5.1165756e-02 5.3931475e-02 6.1398908e-02 5.3931475e-02]Class Weights: [2.1213975e-05 5.5429570e-02 5.7839550e-02 5.3931475e-02 5.5429570e-02
 5.7013273e-02 5.5429570e-02 5.5429570e-02 5.3931475e-02 5.7013273e-02
 5.3931475e-02 6.2358264e-02 5.4670259e-02 5.3931475e-02 5.3212386e-02
 5.1165756e-02 5.3931475e-02 6.1398908e-02 5.3931475e-02]Class Weights: [2.1213975e-05 5.5429570e-02 5.7839550e-02 5.3931475e-02 5.5429570e-02
 5.7013273e-02 5.5429570e-02 5.5429570e-02 5.3931475e-02 5.7013273e-02
 5.3931475e-02 6.2358264e-02 5.4670259e-02 5.3931475e-02 5.3212386e-02
 5.1165756e-02 5.3931475e-02 6.1398908e-02 5.3931475e-02]



Learning Rate: 0.005Learning Rate: 0.005Learning Rate: 0.005
Learning Rate: 0.005


Train Loss: 0.4125, Val Loss: 0.2652
Train Loss: 0.4125, Val Loss: 0.2652Train Loss: 0.4125, Val Loss: 0.2652
Train Loss: 0.4125, Val Loss: 0.2652

Per-Class Precision: [0.99997938 0.66826923 0.8902439  0.64655172 0.25271739 0.5
 0.33815029 0.15412186 0.12676056 0.14444444 0.06282723 0.32644628
 0.1732852  0.40310078 0.24418605 0.56521739 0.4029304  0.65363128
 0.63478261]
Per-Class Recall: [0.98990301 0.92666667 0.97333333 0.85714286 0.93       0.87
 0.66857143 0.344      0.6        0.95333333 0.96       0.395
 0.64       0.52       0.84       0.832      0.88       0.936
 0.97333333]
Per-Class F1-Score: [0.99491568 0.77653631 0.92993631 0.73710074 0.3974359  0.6350365
 0.44913628 0.21287129 0.20930233 0.25087719 0.11793612 0.35746606
 0.27272727 0.45414847 0.37837838 0.67313916 0.55276382 0.76973684
 0.76842105]
Support per Class: [293949    150     75    175    100    100    175    125     75    150
     25    200     75    100     50    125    125    125     75]
Weighted Precision: 0.9960, Weighted Recall: 0.9883, Weighted F1-Score: 0.9916
Precision: 0.9960, Recall: 0.9883, F1-Score: 0.9916
Fold 4, Epoch 70, Train Loss: 0.4125, Val Loss: 0.2652, Val Acc: 0.9875
Precision: 0.9956, Recall: 0.9894, F1-Score: 0.9920
Fold 4, Epoch 71, Train Loss: 0.4962, Val Loss: 0.4066, Val Acc: 0.9889
Precision: 0.9960, Recall: 0.9898, F1-Score: 0.9924
Fold 4, Epoch 72, Train Loss: 0.5674, Val Loss: 0.3226, Val Acc: 0.9893
Precision: 0.9955, Recall: 0.9892, F1-Score: 0.9919
Fold 4, Epoch 73, Train Loss: 0.5530, Val Loss: 0.4185, Val Acc: 0.9881
Precision: 0.9956, Recall: 0.9892, F1-Score: 0.9919
Fold 4, Epoch 74, Train Loss: 0.5601, Val Loss: 0.3807, Val Acc: 0.9877
Precision: 0.9959, Recall: 0.9899, F1-Score: 0.9924
Fold 4, Epoch 75, Train Loss: 0.4531, Val Loss: 0.3685, Val Acc: 0.9890
Precision: 0.9958, Recall: 0.9875, F1-Score: 0.9911
Fold 4, Epoch 76, Train Loss: 0.4827, Val Loss: 0.2880, Val Acc: 0.9858
Precision: 0.9959, Recall: 0.9897, F1-Score: 0.9923
Fold 4, Epoch 77, Train Loss: 0.4718, Val Loss: 0.3132, Val Acc: 0.9893
Precision: 0.9960, Recall: 0.9900, F1-Score: 0.9925
Fold 4, Epoch 78, Train Loss: 0.3952, Val Loss: 0.2577, Val Acc: 0.9896
Precision: 0.9959, Recall: 0.9557, F1-Score: 0.9748
Fold 4, Epoch 79, Train Loss: 0.3907, Val Loss: 0.2511, Val Acc: 0.9502

--- Epoch 80 ---
--- Epoch 80 ---
--- Epoch 80 ---



--- Epoch 80 ---
Class Weights: [2.1213975e-05 5.5429570e-02 5.7839550e-02 5.3931475e-02 5.5429570e-02
 5.7013273e-02 5.5429570e-02 5.5429570e-02 5.3931475e-02 5.7013273e-02
 5.3931475e-02 6.2358264e-02 5.4670259e-02 5.3931475e-02 5.3212386e-02
 5.1165756e-02 5.3931475e-02 6.1398908e-02 5.3931475e-02]Class Weights: [2.1213975e-05 5.5429570e-02 5.7839550e-02 5.3931475e-02 5.5429570e-02
 5.7013273e-02 5.5429570e-02 5.5429570e-02 5.3931475e-02 5.7013273e-02
 5.3931475e-02 6.2358264e-02 5.4670259e-02 5.3931475e-02 5.3212386e-02
 5.1165756e-02 5.3931475e-02 6.1398908e-02 5.3931475e-02]Class Weights: [2.1213975e-05 5.5429570e-02 5.7839550e-02 5.3931475e-02 5.5429570e-02
 5.7013273e-02 5.5429570e-02 5.5429570e-02 5.3931475e-02 5.7013273e-02
 5.3931475e-02 6.2358264e-02 5.4670259e-02 5.3931475e-02 5.3212386e-02
 5.1165756e-02 5.3931475e-02 6.1398908e-02 5.3931475e-02]


Learning Rate: 0.005Learning Rate: 0.005Learning Rate: 0.005Class Weights: [2.1213975e-05 5.5429570e-02 5.7839550e-02 5.3931475e-02 5.5429570e-02
 5.7013273e-02 5.5429570e-02 5.5429570e-02 5.3931475e-02 5.7013273e-02
 5.3931475e-02 6.2358264e-02 5.4670259e-02 5.3931475e-02 5.3212386e-02
 5.1165756e-02 5.3931475e-02 6.1398908e-02 5.3931475e-02]



Learning Rate: 0.005
Train Loss: 0.3951, Val Loss: 0.2939
Train Loss: 0.3951, Val Loss: 0.2939Train Loss: 0.3951, Val Loss: 0.2939

Train Loss: 0.3951, Val Loss: 0.2939
Per-Class Precision: [0.99996572 0.59641256 0.7047619  0.44011142 0.22627737 0.63865546
 0.4567474  0.29716981 0.08789625 0.29875519 0.05384615 0.2625
 0.15805471 0.33510638 0.25581395 0.61864407 0.51041667 0.59241706
 0.70093458]
Per-Class Recall: [0.99238643 0.88666667 0.98666667 0.90285714 0.62       0.76
 0.75428571 0.504      0.81333333 0.48       0.56       0.21
 0.69333333 0.63       0.88       0.584      0.784      1.
 1.        ]
Per-Class F1-Score: [0.99616166 0.71313673 0.82222222 0.5917603  0.3315508  0.69406393
 0.56896552 0.37388724 0.15864759 0.36828645 0.09824561 0.23333333
 0.25742574 0.4375     0.3963964  0.60082305 0.61829653 0.74404762
 0.82417582]
Support per Class: [293949    150     75    175    100    100    175    125     75    150
     25    200     75    100     50    125    125    125     75]
Weighted Precision: 0.9960, Weighted Recall: 0.9904, Weighted F1-Score: 0.9928
Precision: 0.9960, Recall: 0.9904, F1-Score: 0.9928
Fold 4, Epoch 80, Train Loss: 0.3951, Val Loss: 0.2939, Val Acc: 0.9902
Precision: 0.9960, Recall: 0.9901, F1-Score: 0.9925
Fold 4, Epoch 81, Train Loss: 0.3858, Val Loss: 0.2476, Val Acc: 0.9890
Precision: 0.9959, Recall: 0.9881, F1-Score: 0.9914
Fold 4, Epoch 82, Train Loss: 0.3539, Val Loss: 0.2408, Val Acc: 0.9871
Precision: 0.9961, Recall: 0.9905, F1-Score: 0.9929
Fold 4, Epoch 83, Train Loss: 0.3486, Val Loss: 0.2409, Val Acc: 0.9902
Precision: 0.9960, Recall: 0.9894, F1-Score: 0.9922
Fold 4, Epoch 84, Train Loss: 0.3437, Val Loss: 0.2404, Val Acc: 0.9889
Precision: 0.9959, Recall: 0.9890, F1-Score: 0.9919
Fold 4, Epoch 85, Train Loss: 0.3431, Val Loss: 0.2356, Val Acc: 0.9882
Precision: 0.9960, Recall: 0.9892, F1-Score: 0.9920
Fold 4, Epoch 86, Train Loss: 0.3558, Val Loss: 0.2365, Val Acc: 0.9885
Precision: 0.9961, Recall: 0.9904, F1-Score: 0.9928
Fold 4, Epoch 87, Train Loss: 0.3572, Val Loss: 0.2719, Val Acc: 0.9901
Precision: 0.9955, Recall: 0.9843, F1-Score: 0.9891
Fold 4, Epoch 88, Train Loss: 0.4016, Val Loss: 0.2576, Val Acc: 0.9819
Precision: 0.9959, Recall: 0.9902, F1-Score: 0.9926
Fold 4, Epoch 89, Train Loss: 0.3963, Val Loss: 0.2552, Val Acc: 0.9900

--- Epoch 90 ---
--- Epoch 90 ---
--- Epoch 90 ---



--- Epoch 90 ---
Class Weights: [2.1213975e-05 5.5429570e-02 5.7839550e-02 5.3931475e-02 5.5429570e-02
 5.7013273e-02 5.5429570e-02 5.5429570e-02 5.3931475e-02 5.7013273e-02
 5.3931475e-02 6.2358264e-02 5.4670259e-02 5.3931475e-02 5.3212386e-02
 5.1165756e-02 5.3931475e-02 6.1398908e-02 5.3931475e-02]Class Weights: [2.1213975e-05 5.5429570e-02 5.7839550e-02 5.3931475e-02 5.5429570e-02
 5.7013273e-02 5.5429570e-02 5.5429570e-02 5.3931475e-02 5.7013273e-02
 5.3931475e-02 6.2358264e-02 5.4670259e-02 5.3931475e-02 5.3212386e-02
 5.1165756e-02 5.3931475e-02 6.1398908e-02 5.3931475e-02]Class Weights: [2.1213975e-05 5.5429570e-02 5.7839550e-02 5.3931475e-02 5.5429570e-02
 5.7013273e-02 5.5429570e-02 5.5429570e-02 5.3931475e-02 5.7013273e-02
 5.3931475e-02 6.2358264e-02 5.4670259e-02 5.3931475e-02 5.3212386e-02
 5.1165756e-02 5.3931475e-02 6.1398908e-02 5.3931475e-02]Class Weights: [2.1213975e-05 5.5429570e-02 5.7839550e-02 5.3931475e-02 5.5429570e-02
 5.7013273e-02 5.5429570e-02 5.5429570e-02 5.3931475e-02 5.7013273e-02
 5.3931475e-02 6.2358264e-02 5.4670259e-02 5.3931475e-02 5.3212386e-02
 5.1165756e-02 5.3931475e-02 6.1398908e-02 5.3931475e-02]



Learning Rate: 0.005Learning Rate: 0.005Learning Rate: 0.005
Learning Rate: 0.005


Train Loss: 0.3882, Val Loss: 0.2540
Train Loss: 0.3882, Val Loss: 0.2540Train Loss: 0.3882, Val Loss: 0.2540Train Loss: 0.3882, Val Loss: 0.2540


Per-Class Precision: [0.99996568 0.67487685 0.84269663 0.64830508 0.27380952 0.59440559
 0.33732057 0.26219512 0.1328125  0.19467787 0.05369128 0.28014184
 0.24870466 0.3630137  0.34188034 0.55681818 0.39259259 0.73571429
 0.66964286]
Per-Class Recall: [0.99130802 0.91333333 1.         0.87428571 0.92       0.85
 0.80571429 0.344      0.68       0.92666667 0.96       0.395
 0.64       0.53       0.8        0.784      0.848      0.824
 1.        ]
Per-Class F1-Score: [0.99561803 0.77620397 0.91463415 0.74452555 0.42201835 0.69958848
 0.47554806 0.29757785 0.22222222 0.32175926 0.10169492 0.32780083
 0.35820896 0.43089431 0.47904192 0.65116279 0.53670886 0.77735849
 0.80213904]
Support per Class: [293949    150     75    175    100    100    175    125     75    150
     25    200     75    100     50    125    125    125     75]
Weighted Precision: 0.9961, Weighted Recall: 0.9897, Weighted F1-Score: 0.9925
Precision: 0.9961, Recall: 0.9897, F1-Score: 0.9925
Fold 4, Epoch 90, Train Loss: 0.3882, Val Loss: 0.2540, Val Acc: 0.9892
Precision: 0.9960, Recall: 0.9898, F1-Score: 0.9924
Fold 4, Epoch 91, Train Loss: 0.3746, Val Loss: 0.2468, Val Acc: 0.9895
Precision: 0.9960, Recall: 0.9903, F1-Score: 0.9927
Fold 4, Epoch 92, Train Loss: 0.3640, Val Loss: 0.2478, Val Acc: 0.9902
Precision: 0.9959, Recall: 0.9904, F1-Score: 0.9927
Fold 4, Epoch 93, Train Loss: 0.3652, Val Loss: 0.2575, Val Acc: 0.9898
Precision: 0.9961, Recall: 0.9906, F1-Score: 0.9929
Fold 4, Epoch 94, Train Loss: 0.3703, Val Loss: 0.2503, Val Acc: 0.9902
Precision: 0.9959, Recall: 0.9895, F1-Score: 0.9922
Fold 4, Epoch 95, Train Loss: 0.3741, Val Loss: 0.2305, Val Acc: 0.9890
Precision: 0.9960, Recall: 0.9906, F1-Score: 0.9929
Fold 4, Epoch 96, Train Loss: 0.3818, Val Loss: 0.2434, Val Acc: 0.9904
Precision: 0.9961, Recall: 0.9903, F1-Score: 0.9928
Fold 4, Epoch 97, Train Loss: 0.3690, Val Loss: 0.2511, Val Acc: 0.9898
Precision: 0.9958, Recall: 0.9899, F1-Score: 0.9923
Fold 4, Epoch 98, Train Loss: 0.3541, Val Loss: 0.2472, Val Acc: 0.9892
Precision: 0.9960, Recall: 0.9906, F1-Score: 0.9929
Fold 4, Epoch 99, Train Loss: 0.3736, Val Loss: 0.2503, Val Acc: 0.9903

--- Epoch 100 ---
--- Epoch 100 ---
--- Epoch 100 ---



--- Epoch 100 ---
Class Weights: [2.1213975e-05 5.5429570e-02 5.7839550e-02 5.3931475e-02 5.5429570e-02
 5.7013273e-02 5.5429570e-02 5.5429570e-02 5.3931475e-02 5.7013273e-02
 5.3931475e-02 6.2358264e-02 5.4670259e-02 5.3931475e-02 5.3212386e-02
 5.1165756e-02 5.3931475e-02 6.1398908e-02 5.3931475e-02]Class Weights: [2.1213975e-05 5.5429570e-02 5.7839550e-02 5.3931475e-02 5.5429570e-02
 5.7013273e-02 5.5429570e-02 5.5429570e-02 5.3931475e-02 5.7013273e-02
 5.3931475e-02 6.2358264e-02 5.4670259e-02 5.3931475e-02 5.3212386e-02
 5.1165756e-02 5.3931475e-02 6.1398908e-02 5.3931475e-02]Class Weights: [2.1213975e-05 5.5429570e-02 5.7839550e-02 5.3931475e-02 5.5429570e-02
 5.7013273e-02 5.5429570e-02 5.5429570e-02 5.3931475e-02 5.7013273e-02
 5.3931475e-02 6.2358264e-02 5.4670259e-02 5.3931475e-02 5.3212386e-02
 5.1165756e-02 5.3931475e-02 6.1398908e-02 5.3931475e-02]Class Weights: [2.1213975e-05 5.5429570e-02 5.7839550e-02 5.3931475e-02 5.5429570e-02
 5.7013273e-02 5.5429570e-02 5.5429570e-02 5.3931475e-02 5.7013273e-02
 5.3931475e-02 6.2358264e-02 5.4670259e-02 5.3931475e-02 5.3212386e-02
 5.1165756e-02 5.3931475e-02 6.1398908e-02 5.3931475e-02]



Learning Rate: 0.005Learning Rate: 0.005Learning Rate: 0.005

Learning Rate: 0.005

Train Loss: 0.3537, Val Loss: 0.2438
Train Loss: 0.3537, Val Loss: 0.2438Train Loss: 0.3537, Val Loss: 0.2438Train Loss: 0.3537, Val Loss: 0.2438


Per-Class Precision: [0.99996569 0.60180995 0.80434783 0.67431193 0.25414365 0.46341463
 0.47286822 0.17634409 0.12921348 0.23809524 0.05630027 0.23589744
 0.17840376 0.40322581 0.28985507 0.58757062 0.436      0.63402062
 0.79310345]
Per-Class Recall: [0.99141007 0.88666667 0.98666667 0.84       0.92       0.95
 0.34857143 0.656      0.61333333 0.86666667 0.84       0.46
 0.50666667 0.5        0.8        0.832      0.872      0.984
 0.92      ]
Per-Class F1-Score: [0.9956695  0.71698113 0.88622754 0.7480916  0.3982684  0.62295082
 0.40131579 0.2779661  0.21345708 0.37356322 0.10552764 0.31186441
 0.26388889 0.44642857 0.42553191 0.68874172 0.58133333 0.77115987
 0.85185185]
Support per Class: [293949    150     75    175    100    100    175    125     75    150
     25    200     75    100     50    125    125    125     75]
Weighted Precision: 0.9961, Weighted Recall: 0.9897, Weighted F1-Score: 0.9924
Precision: 0.9961, Recall: 0.9897, F1-Score: 0.9924
Fold 4, Epoch 100, Train Loss: 0.3537, Val Loss: 0.2438, Val Acc: 0.9891
Precision: 0.9959, Recall: 0.9902, F1-Score: 0.9926
Fold 4, Epoch 101, Train Loss: 0.3958, Val Loss: 0.2754, Val Acc: 0.9897
Precision: 0.9960, Recall: 0.9905, F1-Score: 0.9927
Fold 4, Epoch 102, Train Loss: 0.3848, Val Loss: 0.2434, Val Acc: 0.9899
Precision: 0.9961, Recall: 0.9901, F1-Score: 0.9926
Fold 4, Epoch 103, Train Loss: 0.3696, Val Loss: 0.2447, Val Acc: 0.9898
Precision: 0.9961, Recall: 0.9905, F1-Score: 0.9928
Fold 4, Epoch 104, Train Loss: 0.3541, Val Loss: 0.2480, Val Acc: 0.9902
Precision: 0.9959, Recall: 0.9903, F1-Score: 0.9926
Fold 4, Epoch 105, Train Loss: 0.3668, Val Loss: 0.2646, Val Acc: 0.9898
Precision: 0.9958, Recall: 0.9891, F1-Score: 0.9920
Fold 4, Epoch 106, Train Loss: 0.3838, Val Loss: 0.2935, Val Acc: 0.9884
Precision: 0.9959, Recall: 0.9905, F1-Score: 0.9927
Fold 4, Epoch 107, Train Loss: 0.3750, Val Loss: 0.2471, Val Acc: 0.9900
Precision: 0.9960, Recall: 0.9900, F1-Score: 0.9925
Fold 4, Epoch 108, Train Loss: 0.3630, Val Loss: 0.2565, Val Acc: 0.9893
Precision: 0.9957, Recall: 0.9897, F1-Score: 0.9922
Fold 4, Epoch 109, Train Loss: 0.3825, Val Loss: 0.2757, Val Acc: 0.9893

--- Epoch 110 ---
--- Epoch 110 ---

--- Epoch 110 ---


--- Epoch 110 ---
Class Weights: [2.1213975e-05 5.5429570e-02 5.7839550e-02 5.3931475e-02 5.5429570e-02
 5.7013273e-02 5.5429570e-02 5.5429570e-02 5.3931475e-02 5.7013273e-02
 5.3931475e-02 6.2358264e-02 5.4670259e-02 5.3931475e-02 5.3212386e-02
 5.1165756e-02 5.3931475e-02 6.1398908e-02 5.3931475e-02]Class Weights: [2.1213975e-05 5.5429570e-02 5.7839550e-02 5.3931475e-02 5.5429570e-02
 5.7013273e-02 5.5429570e-02 5.5429570e-02 5.3931475e-02 5.7013273e-02
 5.3931475e-02 6.2358264e-02 5.4670259e-02 5.3931475e-02 5.3212386e-02
 5.1165756e-02 5.3931475e-02 6.1398908e-02 5.3931475e-02]Class Weights: [2.1213975e-05 5.5429570e-02 5.7839550e-02 5.3931475e-02 5.5429570e-02
 5.7013273e-02 5.5429570e-02 5.5429570e-02 5.3931475e-02 5.7013273e-02
 5.3931475e-02 6.2358264e-02 5.4670259e-02 5.3931475e-02 5.3212386e-02
 5.1165756e-02 5.3931475e-02 6.1398908e-02 5.3931475e-02]
Class Weights: [2.1213975e-05 5.5429570e-02 5.7839550e-02 5.3931475e-02 5.5429570e-02
 5.7013273e-02 5.5429570e-02 5.5429570e-02 5.3931475e-02 5.7013273e-02
 5.3931475e-02 6.2358264e-02 5.4670259e-02 5.3931475e-02 5.3212386e-02
 5.1165756e-02 5.3931475e-02 6.1398908e-02 5.3931475e-02]


Learning Rate: 0.005Learning Rate: 0.005Learning Rate: 0.005
Learning Rate: 0.005


Train Loss: 0.3798, Val Loss: 0.3071
Train Loss: 0.3798, Val Loss: 0.3071Train Loss: 0.3798, Val Loss: 0.3071Train Loss: 0.3798, Val Loss: 0.3071


Per-Class Precision: [0.99996571 0.6443299  0.68932039 0.5154321  0.25847458 0.53548387
 0.32196162 0.18238994 0.06441718 0.25471698 0.07172996 0.25291829
 0.14361702 0.33962264 0.35087719 0.63194444 0.43426295 0.63265306
 0.62711864]
Per-Class Recall: [0.99206325 0.83333333 0.94666667 0.95428571 0.61       0.83
 0.86285714 0.696      0.28       0.36       0.68       0.325
 0.72       0.54       0.8        0.728      0.872      0.992
 0.98666667]
Per-Class F1-Score: [0.9959988  0.72674419 0.79775281 0.66933868 0.36309524 0.65098039
 0.4689441  0.28903654 0.10473815 0.29834254 0.12977099 0.28446389
 0.23946785 0.41698842 0.48780488 0.67657993 0.57978723 0.77258567
 0.76683938]
Support per Class: [293949    150     75    175    100    100    175    125     75    150
     25    200     75    100     50    125    125    125     75]
Weighted Precision: 0.9959, Weighted Recall: 0.9902, Weighted F1-Score: 0.9926
Precision: 0.9959, Recall: 0.9902, F1-Score: 0.9926
Fold 4, Epoch 110, Train Loss: 0.3798, Val Loss: 0.3071, Val Acc: 0.9899
Precision: 0.9959, Recall: 0.9895, F1-Score: 0.9921
Fold 4, Epoch 111, Train Loss: 0.3728, Val Loss: 0.2431, Val Acc: 0.9885
Precision: 0.9960, Recall: 0.9890, F1-Score: 0.9920
Fold 4, Epoch 112, Train Loss: 0.3734, Val Loss: 0.2449, Val Acc: 0.9885
Precision: 0.9960, Recall: 0.9902, F1-Score: 0.9926
Fold 4, Epoch 113, Train Loss: 0.3477, Val Loss: 0.2318, Val Acc: 0.9899
Precision: 0.9961, Recall: 0.9902, F1-Score: 0.9927
Fold 4, Epoch 114, Train Loss: 0.3665, Val Loss: 0.2673, Val Acc: 0.9898
Precision: 0.9958, Recall: 0.9893, F1-Score: 0.9922
Fold 4, Epoch 115, Train Loss: 0.3637, Val Loss: 0.3098, Val Acc: 0.9891
Precision: 0.9961, Recall: 0.9462, F1-Score: 0.9699
Fold 4, Epoch 116, Train Loss: 0.4090, Val Loss: 0.2362, Val Acc: 0.9528
Precision: 0.9959, Recall: 0.9903, F1-Score: 0.9926
Fold 4, Epoch 117, Train Loss: 0.3463, Val Loss: 0.2580, Val Acc: 0.9897
Precision: 0.9960, Recall: 0.9898, F1-Score: 0.9925
Fold 4, Epoch 118, Train Loss: 0.3734, Val Loss: 0.2511, Val Acc: 0.9896
Precision: 0.9959, Recall: 0.9903, F1-Score: 0.9926
Fold 4, Epoch 119, Train Loss: 0.3769, Val Loss: 0.3100, Val Acc: 0.9897

--- Epoch 120 ---
--- Epoch 120 ---


--- Epoch 120 ---

--- Epoch 120 ---
Class Weights: [2.1213975e-05 5.5429570e-02 5.7839550e-02 5.3931475e-02 5.5429570e-02
 5.7013273e-02 5.5429570e-02 5.5429570e-02 5.3931475e-02 5.7013273e-02
 5.3931475e-02 6.2358264e-02 5.4670259e-02 5.3931475e-02 5.3212386e-02
 5.1165756e-02 5.3931475e-02 6.1398908e-02 5.3931475e-02]Class Weights: [2.1213975e-05 5.5429570e-02 5.7839550e-02 5.3931475e-02 5.5429570e-02
 5.7013273e-02 5.5429570e-02 5.5429570e-02 5.3931475e-02 5.7013273e-02
 5.3931475e-02 6.2358264e-02 5.4670259e-02 5.3931475e-02 5.3212386e-02
 5.1165756e-02 5.3931475e-02 6.1398908e-02 5.3931475e-02]

Class Weights: [2.1213975e-05 5.5429570e-02 5.7839550e-02 5.3931475e-02 5.5429570e-02
 5.7013273e-02 5.5429570e-02 5.5429570e-02 5.3931475e-02 5.7013273e-02
 5.3931475e-02 6.2358264e-02 5.4670259e-02 5.3931475e-02 5.3212386e-02
 5.1165756e-02 5.3931475e-02 6.1398908e-02 5.3931475e-02]Learning Rate: 0.005Learning Rate: 0.005


Learning Rate: 0.005
Class Weights: [2.1213975e-05 5.5429570e-02 5.7839550e-02 5.3931475e-02 5.5429570e-02
 5.7013273e-02 5.5429570e-02 5.5429570e-02 5.3931475e-02 5.7013273e-02
 5.3931475e-02 6.2358264e-02 5.4670259e-02 5.3931475e-02 5.3212386e-02
 5.1165756e-02 5.3931475e-02 6.1398908e-02 5.3931475e-02]
Learning Rate: 0.005
Train Loss: 0.4325, Val Loss: 0.2453Train Loss: 0.4325, Val Loss: 0.2453
Train Loss: 0.4325, Val Loss: 0.2453

Train Loss: 0.4325, Val Loss: 0.2453
Per-Class Precision: [0.99996568 0.51320755 0.77894737 0.48071217 0.24291498 0.53416149
 0.47490347 0.23844282 0.13564669 0.20772947 0.0694864  0.31606218
 0.22282609 0.44036697 0.32283465 0.57575758 0.41353383 0.70056497
 0.69444444]
Per-Class Recall: [0.99120936 0.90666667 0.98666667 0.92571429 0.6        0.86
 0.70285714 0.784      0.57333333 0.86       0.92       0.61
 0.54666667 0.48       0.82       0.912      0.88       0.992
 1.        ]
Per-Class F1-Score: [0.99556827 0.65542169 0.87058824 0.6328125  0.34582133 0.65900383
 0.56682028 0.36567164 0.21938776 0.33463035 0.12921348 0.41638225
 0.31660232 0.45933014 0.46327684 0.70588235 0.56265985 0.82119205
 0.81967213]
Support per Class: [293949    150     75    175    100    100    175    125     75    150
     25    200     75    100     50    125    125    125     75]
Weighted Precision: 0.9960, Weighted Recall: 0.9899, Weighted F1-Score: 0.9924
Precision: 0.9960, Recall: 0.9899, F1-Score: 0.9924
Fold 4, Epoch 120, Train Loss: 0.4325, Val Loss: 0.2453, Val Acc: 0.9891
Precision: 0.9961, Recall: 0.9902, F1-Score: 0.9926
Fold 4, Epoch 121, Train Loss: 0.3625, Val Loss: 0.2447, Val Acc: 0.9896
Precision: 0.9959, Recall: 0.9902, F1-Score: 0.9925
Fold 4, Epoch 122, Train Loss: 0.3461, Val Loss: 0.2411, Val Acc: 0.9894
Precision: 0.9961, Recall: 0.9900, F1-Score: 0.9926
Fold 4, Epoch 123, Train Loss: 0.3849, Val Loss: 0.2595, Val Acc: 0.9891
Precision: 0.9961, Recall: 0.9898, F1-Score: 0.9925
Fold 4, Epoch 124, Train Loss: 0.3658, Val Loss: 0.2630, Val Acc: 0.9896
Precision: 0.9960, Recall: 0.9902, F1-Score: 0.9926
Early stopping triggered for Fold 4 at epoch 125
Completed Fold 4
Starting Fold 5
Precision: 0.9953, Recall: 0.9890, F1-Score: 0.9917
Fold 5, Epoch 1, Train Loss: 1.5524, Val Loss: 0.6341, Val Acc: 0.9889
Precision: 0.9955, Recall: 0.9889, F1-Score: 0.9917
Fold 5, Epoch 2, Train Loss: 0.6489, Val Loss: 0.4463, Val Acc: 0.9893
Precision: 0.9955, Recall: 0.9881, F1-Score: 0.9912
Fold 5, Epoch 3, Train Loss: 0.5040, Val Loss: 0.3345, Val Acc: 0.9883
Precision: 0.9960, Recall: 0.9898, F1-Score: 0.9924
Fold 5, Epoch 4, Train Loss: 0.4228, Val Loss: 0.3024, Val Acc: 0.9900
Precision: 0.9959, Recall: 0.9897, F1-Score: 0.9923
Fold 5, Epoch 5, Train Loss: 0.4094, Val Loss: 0.2545, Val Acc: 0.9897
Precision: 0.9960, Recall: 0.9896, F1-Score: 0.9922
Fold 5, Epoch 6, Train Loss: 0.3607, Val Loss: 0.2381, Val Acc: 0.9897
Precision: 0.9960, Recall: 0.9896, F1-Score: 0.9923
Fold 5, Epoch 7, Train Loss: 0.3614, Val Loss: 0.2421, Val Acc: 0.9898
Precision: 0.9960, Recall: 0.9903, F1-Score: 0.9926
Fold 5, Epoch 8, Train Loss: 0.3537, Val Loss: 0.2308, Val Acc: 0.9903
Precision: 0.9959, Recall: 0.9891, F1-Score: 0.9919
Fold 5, Epoch 9, Train Loss: 0.3404, Val Loss: 0.2251, Val Acc: 0.9893

--- Epoch 10 ---
--- Epoch 10 ---
--- Epoch 10 ---



--- Epoch 10 ---
Class Weights: [2.1204974e-05 5.6186419e-02 5.3908594e-02 5.4647066e-02 5.6186419e-02
 5.6186419e-02 5.3189810e-02 5.7815012e-02 6.2331811e-02 5.5406053e-02
 5.4647066e-02 5.1144049e-02 5.4647066e-02 5.2489944e-02 5.3908594e-02
 6.0442965e-02 6.0442965e-02 5.3908594e-02 5.2489944e-02]Class Weights: [2.1204974e-05 5.6186419e-02 5.3908594e-02 5.4647066e-02 5.6186419e-02
 5.6186419e-02 5.3189810e-02 5.7815012e-02 6.2331811e-02 5.5406053e-02
 5.4647066e-02 5.1144049e-02 5.4647066e-02 5.2489944e-02 5.3908594e-02
 6.0442965e-02 6.0442965e-02 5.3908594e-02 5.2489944e-02]Class Weights: [2.1204974e-05 5.6186419e-02 5.3908594e-02 5.4647066e-02 5.6186419e-02
 5.6186419e-02 5.3189810e-02 5.7815012e-02 6.2331811e-02 5.5406053e-02
 5.4647066e-02 5.1144049e-02 5.4647066e-02 5.2489944e-02 5.3908594e-02
 6.0442965e-02 6.0442965e-02 5.3908594e-02 5.2489944e-02]
Class Weights: [2.1204974e-05 5.6186419e-02 5.3908594e-02 5.4647066e-02 5.6186419e-02
 5.6186419e-02 5.3189810e-02 5.7815012e-02 6.2331811e-02 5.5406053e-02
 5.4647066e-02 5.1144049e-02 5.4647066e-02 5.2489944e-02 5.3908594e-02
 6.0442965e-02 6.0442965e-02 5.3908594e-02 5.2489944e-02]

Learning Rate: 0.005

Learning Rate: 0.005Learning Rate: 0.005
Learning Rate: 0.005

Train Loss: 0.3417, Val Loss: 0.2538
Train Loss: 0.3417, Val Loss: 0.2538Train Loss: 0.3417, Val Loss: 0.2538
Train Loss: 0.3417, Val Loss: 0.2538

Per-Class Precision: [0.99996555 0.61576355 0.88324873 0.47183099 0.19928826 0.61111111
 0.28415301 0.2122905  0.20576132 0.08180301 0.23076923 0.16037736
 0.26666667 0.256      0.38410596 0.64497041 0.32752613 0.83707865
 0.67272727]
Per-Class Recall: [0.98739577 1.         0.99428571 0.89333333 0.74666667 0.88
 0.52       0.50666667 0.66666667 0.98       0.96       0.51
 0.37333333 0.42666667 0.77333333 0.872      0.94       0.99333333
 0.98666667]
Per-Class F1-Score: [0.99364091 0.76219512 0.93548387 0.61751152 0.31460674 0.72131148
 0.36749117 0.2992126  0.31446541 0.15100154 0.37209302 0.24401914
 0.31111111 0.32       0.51327434 0.7414966  0.48578811 0.90853659
 0.8       ]
Support per Class: [293949    125    175     75     75    100    100    150     75    150
    150    100    150     75     75    125    100    150     75]
Weighted Precision: 0.9960, Weighted Recall: 0.9861, Weighted F1-Score: 0.9904
Precision: 0.9960, Recall: 0.9861, F1-Score: 0.9904
Fold 5, Epoch 10, Train Loss: 0.3417, Val Loss: 0.2538, Val Acc: 0.9859
Precision: 0.9961, Recall: 0.9905, F1-Score: 0.9927
Fold 5, Epoch 11, Train Loss: 0.3690, Val Loss: 0.2434, Val Acc: 0.9905
Precision: 0.9961, Recall: 0.9901, F1-Score: 0.9926
Fold 5, Epoch 12, Train Loss: 0.3654, Val Loss: 0.2578, Val Acc: 0.9903
Precision: 0.9960, Recall: 0.9897, F1-Score: 0.9923
Fold 5, Epoch 13, Train Loss: 0.3479, Val Loss: 0.2549, Val Acc: 0.9897
Precision: 0.9960, Recall: 0.9901, F1-Score: 0.9926
Fold 5, Epoch 14, Train Loss: 0.3472, Val Loss: 0.2301, Val Acc: 0.9902
Precision: 0.9959, Recall: 0.9893, F1-Score: 0.9920
Fold 5, Epoch 15, Train Loss: 0.3317, Val Loss: 0.2304, Val Acc: 0.9895
Precision: 0.9960, Recall: 0.9897, F1-Score: 0.9923
Fold 5, Epoch 16, Train Loss: 0.3322, Val Loss: 0.2474, Val Acc: 0.9896
Precision: 0.9958, Recall: 0.9878, F1-Score: 0.9911
Fold 5, Epoch 17, Train Loss: 0.3218, Val Loss: 0.2461, Val Acc: 0.9878
Precision: 0.9962, Recall: 0.9905, F1-Score: 0.9928
Fold 5, Epoch 18, Train Loss: 0.3536, Val Loss: 0.2390, Val Acc: 0.9905
Precision: 0.9958, Recall: 0.9210, F1-Score: 0.9560
Fold 5, Epoch 19, Train Loss: 0.3485, Val Loss: 0.2364, Val Acc: 0.9355

--- Epoch 20 ---
--- Epoch 20 ---


--- Epoch 20 ---

--- Epoch 20 ---
Class Weights: [2.1204974e-05 5.6186419e-02 5.3908594e-02 5.4647066e-02 5.6186419e-02
 5.6186419e-02 5.3189810e-02 5.7815012e-02 6.2331811e-02 5.5406053e-02
 5.4647066e-02 5.1144049e-02 5.4647066e-02 5.2489944e-02 5.3908594e-02
 6.0442965e-02 6.0442965e-02 5.3908594e-02 5.2489944e-02]Class Weights: [2.1204974e-05 5.6186419e-02 5.3908594e-02 5.4647066e-02 5.6186419e-02
 5.6186419e-02 5.3189810e-02 5.7815012e-02 6.2331811e-02 5.5406053e-02
 5.4647066e-02 5.1144049e-02 5.4647066e-02 5.2489944e-02 5.3908594e-02
 6.0442965e-02 6.0442965e-02 5.3908594e-02 5.2489944e-02]

Learning Rate: 0.005Learning Rate: 0.005
Class Weights: [2.1204974e-05 5.6186419e-02 5.3908594e-02 5.4647066e-02 5.6186419e-02
 5.6186419e-02 5.3189810e-02 5.7815012e-02 6.2331811e-02 5.5406053e-02
 5.4647066e-02 5.1144049e-02 5.4647066e-02 5.2489944e-02 5.3908594e-02
 6.0442965e-02 6.0442965e-02 5.3908594e-02 5.2489944e-02]

Learning Rate: 0.005
Train Loss: 0.3346, Val Loss: 0.2703
Train Loss: 0.3346, Val Loss: 0.2703
Train Loss: 0.3346, Val Loss: 0.2703
Class Weights: [2.1204974e-05 5.6186419e-02 5.3908594e-02 5.4647066e-02 5.6186419e-02
 5.6186419e-02 5.3189810e-02 5.7815012e-02 6.2331811e-02 5.5406053e-02
 5.4647066e-02 5.1144049e-02 5.4647066e-02 5.2489944e-02 5.3908594e-02
 6.0442965e-02 6.0442965e-02 5.3908594e-02 5.2489944e-02]
Learning Rate: 0.005
Train Loss: 0.3346, Val Loss: 0.2703
Per-Class Precision: [0.99996569 0.59615385 0.84313725 0.45205479 0.25821596 0.453125
 0.21613833 0.18725869 0.07446809 0.29588015 0.28442438 0.07692308
 0.28666667 0.15       0.35051546 0.6474359  0.37096774 0.81318681
 0.64655172]
Per-Class Recall: [0.99152914 0.992      0.98285714 0.88       0.73333333 0.87
 0.75       0.64666667 0.28       0.52666667 0.84       0.13
 0.57333333 0.64       0.90666667 0.808      0.92       0.98666667
 1.        ]
Per-Class F1-Score: [0.99572955 0.74474474 0.90765172 0.59728507 0.38194444 0.59589041
 0.33557047 0.29041916 0.11764706 0.37889688 0.42495784 0.09665428
 0.38222222 0.24303797 0.50557621 0.71886121 0.52873563 0.89156627
 0.78534031]
Support per Class: [293949    125    175     75     75    100    100    150     75    150
    150    100    150     75     75    125    100    150     75]
Weighted Precision: 0.9960, Weighted Recall: 0.9899, Weighted F1-Score: 0.9925
Precision: 0.9960, Recall: 0.9899, F1-Score: 0.9925
Fold 5, Epoch 20, Train Loss: 0.3346, Val Loss: 0.2703, Val Acc: 0.9900
Precision: 0.9961, Recall: 0.9897, F1-Score: 0.9923
Fold 5, Epoch 21, Train Loss: 0.3468, Val Loss: 0.2304, Val Acc: 0.9896
Precision: 0.9959, Recall: 0.9647, F1-Score: 0.9793
Fold 5, Epoch 22, Train Loss: 0.3622, Val Loss: 0.2386, Val Acc: 0.9704
Precision: 0.9960, Recall: 0.9897, F1-Score: 0.9923
Fold 5, Epoch 23, Train Loss: 0.3391, Val Loss: 0.2530, Val Acc: 0.9900
Precision: 0.9961, Recall: 0.9907, F1-Score: 0.9929
Fold 5, Epoch 24, Train Loss: 0.3614, Val Loss: 0.2365, Val Acc: 0.9906
Precision: 0.9958, Recall: 0.9888, F1-Score: 0.9917
Fold 5, Epoch 25, Train Loss: 0.3468, Val Loss: 0.2404, Val Acc: 0.9885
Precision: 0.9960, Recall: 0.9893, F1-Score: 0.9921
Fold 5, Epoch 26, Train Loss: 0.3546, Val Loss: 0.2394, Val Acc: 0.9894
Precision: 0.9959, Recall: 0.9887, F1-Score: 0.9917
Fold 5, Epoch 27, Train Loss: 0.3469, Val Loss: 0.2359, Val Acc: 0.9889
Precision: 0.9960, Recall: 0.9903, F1-Score: 0.9926
Fold 5, Epoch 28, Train Loss: 0.3271, Val Loss: 0.2668, Val Acc: 0.9901
Precision: 0.9961, Recall: 0.9897, F1-Score: 0.9923
Fold 5, Epoch 29, Train Loss: 0.3518, Val Loss: 0.2431, Val Acc: 0.9898

--- Epoch 30 ---
--- Epoch 30 ---


--- Epoch 30 ---

--- Epoch 30 ---
Class Weights: [2.1204974e-05 5.6186419e-02 5.3908594e-02 5.4647066e-02 5.6186419e-02
 5.6186419e-02 5.3189810e-02 5.7815012e-02 6.2331811e-02 5.5406053e-02
 5.4647066e-02 5.1144049e-02 5.4647066e-02 5.2489944e-02 5.3908594e-02
 6.0442965e-02 6.0442965e-02 5.3908594e-02 5.2489944e-02]Class Weights: [2.1204974e-05 5.6186419e-02 5.3908594e-02 5.4647066e-02 5.6186419e-02
 5.6186419e-02 5.3189810e-02 5.7815012e-02 6.2331811e-02 5.5406053e-02
 5.4647066e-02 5.1144049e-02 5.4647066e-02 5.2489944e-02 5.3908594e-02
 6.0442965e-02 6.0442965e-02 5.3908594e-02 5.2489944e-02]

Class Weights: [2.1204974e-05 5.6186419e-02 5.3908594e-02 5.4647066e-02 5.6186419e-02
 5.6186419e-02 5.3189810e-02 5.7815012e-02 6.2331811e-02 5.5406053e-02
 5.4647066e-02 5.1144049e-02 5.4647066e-02 5.2489944e-02 5.3908594e-02
 6.0442965e-02 6.0442965e-02 5.3908594e-02 5.2489944e-02]Learning Rate: 0.005Class Weights: [2.1204974e-05 5.6186419e-02 5.3908594e-02 5.4647066e-02 5.6186419e-02
 5.6186419e-02 5.3189810e-02 5.7815012e-02 6.2331811e-02 5.5406053e-02
 5.4647066e-02 5.1144049e-02 5.4647066e-02 5.2489944e-02 5.3908594e-02
 6.0442965e-02 6.0442965e-02 5.3908594e-02 5.2489944e-02]Learning Rate: 0.005



Learning Rate: 0.005
Learning Rate: 0.005
Train Loss: 0.3591, Val Loss: 0.2465
Train Loss: 0.3591, Val Loss: 0.2465Train Loss: 0.3591, Val Loss: 0.2465

Train Loss: 0.3591, Val Loss: 0.2465
Per-Class Precision: [0.99997248 0.69101124 0.84134615 0.4751773  0.24505929 0.42477876
 0.19506173 0.19117647 0.17857143 0.12653061 0.3089172  0.13496933
 0.22394678 0.26470588 0.30049261 0.57286432 0.32404181 0.78947368
 0.68807339]
Per-Class Recall: [0.98891644 0.984      1.         0.89333333 0.82666667 0.96
 0.79       0.26       0.8        0.82666667 0.64666667 0.66
 0.67333333 0.36       0.81333333 0.912      0.93       1.
 1.        ]
Per-Class F1-Score: [0.99441373 0.81188119 0.91383812 0.62037037 0.37804878 0.58895706
 0.31287129 0.22033898 0.2919708  0.21946903 0.41810345 0.22410866
 0.33610649 0.30508475 0.43884892 0.7037037  0.48062016 0.88235294
 0.81521739]
Support per Class: [293949    125    175     75     75    100    100    150     75    150
    150    100    150     75     75    125    100    150     75]
Weighted Precision: 0.9959, Weighted Recall: 0.9876, Weighted F1-Score: 0.9911
Precision: 0.9959, Recall: 0.9876, F1-Score: 0.9911
Fold 5, Epoch 30, Train Loss: 0.3591, Val Loss: 0.2465, Val Acc: 0.9872
Precision: 0.9960, Recall: 0.9905, F1-Score: 0.9927
Fold 5, Epoch 31, Train Loss: 0.3505, Val Loss: 0.2545, Val Acc: 0.9906
Precision: 0.9961, Recall: 0.9897, F1-Score: 0.9923
Fold 5, Epoch 32, Train Loss: 0.3703, Val Loss: 0.2391, Val Acc: 0.9898
Precision: 0.9960, Recall: 0.9906, F1-Score: 0.9928
Fold 5, Epoch 33, Train Loss: 0.3434, Val Loss: 0.2556, Val Acc: 0.9905
Precision: 0.9957, Recall: 0.9885, F1-Score: 0.9915
Fold 5, Epoch 34, Train Loss: 0.3357, Val Loss: 0.2682, Val Acc: 0.9888
Precision: 0.9962, Recall: 0.9880, F1-Score: 0.9915
Fold 5, Epoch 35, Train Loss: 0.3418, Val Loss: 0.2304, Val Acc: 0.9889
Precision: 0.9961, Recall: 0.9897, F1-Score: 0.9923
Fold 5, Epoch 36, Train Loss: 0.3319, Val Loss: 0.2588, Val Acc: 0.9898
Precision: 0.9960, Recall: 0.9901, F1-Score: 0.9925
Fold 5, Epoch 37, Train Loss: 0.3426, Val Loss: 0.2429, Val Acc: 0.9900
Precision: 0.9959, Recall: 0.9905, F1-Score: 0.9927
Fold 5, Epoch 38, Train Loss: 0.3347, Val Loss: 0.2444, Val Acc: 0.9905
Precision: 0.9959, Recall: 0.9840, F1-Score: 0.9893
Early stopping triggered for Fold 5 at epoch 39
Completed Fold 5
Starting final training on all data...
Evaluating and Visualizing on Test Data
Saving predictions for ('Normalized1_Defect4x4_ELNOD_L6B43.npy', 'Defect19Class_L6B43.npy'), Shape of predictions: (3654,)
Saving predictions for ('Normalized1_Defect4x4_ELNOD_L8B33.npy', 'Defect19Class_L8B33.npy'), Shape of predictions: (3654,)
Saving predictions for ('Normalized1_Defect4x4_ELNOD_L9B20.npy', 'Defect19Class_L9B20.npy'), Shape of predictions: (3654,)
Saving predictions for ('Normalized1_Defect4x4_ELNOD_L17B44.npy', 'Defect19Class_L17B44.npy'), Shape of predictions: (3654,)
Saving predictions for ('Normalized1_Defect4x4_ELNOD_L3B82.npy', 'Defect19Class_L3B82.npy'), Shape of predictions: (3654,)
Saving predictions for ('Normalized1_Defect4x4_ELNOD_L7B90.npy', 'Defect19Class_L7B90.npy'), Shape of predictions: (3654,)
Saving predictions for ('Normalized1_Defect4x4_ELNOD_L4B74.npy', 'Defect19Class_L4B74.npy'), Shape of predictions: (3654,)
Saving predictions for ('Normalized1_Defect4x4_ELNOD_L2B57.npy', 'Defect19Class_L2B57.npy'), Shape of predictions: (3654,)
Saving predictions for ('Normalized1_Defect4x4_ELNOD_L7B4.npy', 'Defect19Class_L7B4.npy'), Shape of predictions: (3654,)
Saving predictions for ('Normalized1_Defect4x4_ELNOD_L8B42.npy', 'Defect19Class_L8B42.npy'), Shape of predictions: (3654,)
Saving predictions for ('Normalized1_Defect4x4_ELNOD_L5B74.npy', 'Defect19Class_L5B74.npy'), Shape of predictions: (3654,)
Saving predictions for ('Normalized1_Defect4x4_ELNOD_L3B32.npy', 'Defect19Class_L3B32.npy'), Shape of predictions: (3654,)
Saving predictions for ('Normalized1_Defect4x4_ELNOD_L9B61.npy', 'Defect19Class_L9B61.npy'), Shape of predictions: (3654,)
Saving predictions for ('Normalized1_Defect4x4_ELNOD_L6B40.npy', 'Defect19Class_L6B40.npy'), Shape of predictions: (3654,)
Saving predictions for ('Normalized1_Defect4x4_ELNOD_L9B71.npy', 'Defect19Class_L9B71.npy'), Shape of predictions: (3654,)
Saving predictions for ('Normalized1_Defect4x4_ELNOD_L3B16.npy', 'Defect19Class_L3B16.npy'), Shape of predictions: (3654,)
Saving predictions for ('Normalized1_Defect4x4_ELNOD_L11B33.npy', 'Defect19Class_L11B33.npy'), Shape of predictions: (3654,)
Saving predictions for ('Normalized1_Defect4x4_ELNOD_L3B77.npy', 'Defect19Class_L3B77.npy'), Shape of predictions: (3654,)
Saving predictions for ('Normalized1_Defect4x4_ELNOD_L10B9.npy', 'Defect19Class_L10B9.npy'), Shape of predictions: (3654,)
Saving predictions for ('Normalized1_Defect4x4_ELNOD_L11B57.npy', 'Defect19Class_L11B57.npy'), Shape of predictions: (3654,)
Saving predictions for ('Normalized1_Defect4x4_ELNOD_L18B59.npy', 'Defect19Class_L18B59.npy'), Shape of predictions: (3654,)
Saving predictions for ('Normalized1_Defect4x4_ELNOD_L9B17.npy', 'Defect19Class_L9B17.npy'), Shape of predictions: (3654,)
Saving predictions for ('Normalized1_Defect4x4_ELNOD_L4B9.npy', 'Defect19Class_L4B9.npy'), Shape of predictions: (3654,)
Saving predictions for ('Normalized1_Defect4x4_ELNOD_L15B57.npy', 'Defect19Class_L15B57.npy'), Shape of predictions: (3654,)
Saving predictions for ('Normalized1_Defect4x4_ELNOD_L14B57.npy', 'Defect19Class_L14B57.npy'), Shape of predictions: (3654,)
Saving predictions for ('Normalized1_Defect4x4_ELNOD_L15B18.npy', 'Defect19Class_L15B18.npy'), Shape of predictions: (3654,)
Saving predictions for ('Normalized1_Defect4x4_ELNOD_L17B76.npy', 'Defect19Class_L17B76.npy'), Shape of predictions: (3654,)
Saving predictions for ('Normalized1_Defect4x4_ELNOD_L12B77.npy', 'Defect19Class_L12B77.npy'), Shape of predictions: (3654,)
Saving predictions for ('Normalized1_Defect4x4_ELNOD_L4B44.npy', 'Defect19Class_L4B44.npy'), Shape of predictions: (3654,)
Saving predictions for ('Normalized1_Defect4x4_ELNOD_L7B25.npy', 'Defect19Class_L7B25.npy'), Shape of predictions: (3654,)
Saving predictions for ('Normalized1_Defect4x4_ELNOD_L15B47.npy', 'Defect19Class_L15B47.npy'), Shape of predictions: (3654,)
Saving predictions for ('Normalized1_Defect4x4_ELNOD_L15B2.npy', 'Defect19Class_L15B2.npy'), Shape of predictions: (3654,)
Saving predictions for ('Normalized1_Defect4x4_ELNOD_L9B4.npy', 'Defect19Class_L9B4.npy'), Shape of predictions: (3654,)
Saving predictions for ('Normalized1_Defect4x4_ELNOD_L14B28.npy', 'Defect19Class_L14B28.npy'), Shape of predictions: (3654,)
Saving predictions for ('Normalized1_Defect4x4_ELNOD_L13B1.npy', 'Defect19Class_L13B1.npy'), Shape of predictions: (3654,)
Saving predictions for ('Normalized1_Defect4x4_ELNOD_L2B27.npy', 'Defect19Class_L2B27.npy'), Shape of predictions: (3654,)
Saving predictions for ('Normalized1_Defect4x4_ELNOD_L6B88.npy', 'Defect19Class_L6B88.npy'), Shape of predictions: (3654,)
Saving predictions for ('Normalized1_Defect4x4_ELNOD_L10B20.npy', 'Defect19Class_L10B20.npy'), Shape of predictions: (3654,)
Saving predictions for ('Normalized1_Defect4x4_ELNOD_L19B64.npy', 'Defect19Class_L19B64.npy'), Shape of predictions: (3654,)
Saving predictions for ('Normalized1_Defect4x4_ELNOD_L4B32.npy', 'Defect19Class_L4B32.npy'), Shape of predictions: (3654,)
Saving predictions for ('Normalized1_Defect4x4_ELNOD_L9B66.npy', 'Defect19Class_L9B66.npy'), Shape of predictions: (3654,)
Saving predictions for ('Normalized1_Defect4x4_ELNOD_L18B38.npy', 'Defect19Class_L18B38.npy'), Shape of predictions: (3654,)
Saving predictions for ('Normalized1_Defect4x4_ELNOD_L15B76.npy', 'Defect19Class_L15B76.npy'), Shape of predictions: (3654,)
Saving predictions for ('Normalized1_Defect4x4_ELNOD_L15B81.npy', 'Defect19Class_L15B81.npy'), Shape of predictions: (3654,)
Saving predictions for ('Normalized1_Defect4x4_ELNOD_L14B44.npy', 'Defect19Class_L14B44.npy'), Shape of predictions: (3654,)
Saving predictions for ('Normalized1_Defect4x4_ELNOD_L9B42.npy', 'Defect19Class_L9B42.npy'), Shape of predictions: (3654,)
Saving predictions for ('Normalized1_Defect4x4_ELNOD_L5B52.npy', 'Defect19Class_L5B52.npy'), Shape of predictions: (3654,)
Saving predictions for ('Normalized1_Defect4x4_ELNOD_L18B52.npy', 'Defect19Class_L18B52.npy'), Shape of predictions: (3654,)
Saving predictions for ('Normalized1_Defect4x4_ELNOD_L8B51.npy', 'Defect19Class_L8B51.npy'), Shape of predictions: (3654,)
Saving predictions for ('Normalized1_Defect4x4_ELNOD_L6B53.npy', 'Defect19Class_L6B53.npy'), Shape of predictions: (3654,)
Saving predictions for ('Normalized1_Defect4x4_ELNOD_L19B34.npy', 'Defect19Class_L19B34.npy'), Shape of predictions: (3654,)
Saving predictions for ('Normalized1_Defect4x4_ELNOD_L5B33.npy', 'Defect19Class_L5B33.npy'), Shape of predictions: (3654,)
Saving predictions for ('Normalized1_Defect4x4_ELNOD_L11B83.npy', 'Defect19Class_L11B83.npy'), Shape of predictions: (3654,)
Saving predictions for ('Normalized1_Defect4x4_ELNOD_L17B65.npy', 'Defect19Class_L17B65.npy'), Shape of predictions: (3654,)
Saving predictions for ('Normalized1_Defect4x4_ELNOD_L9B22.npy', 'Defect19Class_L9B22.npy'), Shape of predictions: (3654,)
Saving predictions for ('Normalized1_Defect4x4_ELNOD_L2B87.npy', 'Defect19Class_L2B87.npy'), Shape of predictions: (3654,)
Saving predictions for ('Normalized1_Defect4x4_ELNOD_L7B15.npy', 'Defect19Class_L7B15.npy'), Shape of predictions: (3654,)
Saving predictions for ('Normalized1_Defect4x4_ELNOD_L17B75.npy', 'Defect19Class_L17B75.npy'), Shape of predictions: (3654,)
Saving predictions for ('Normalized1_Defect4x4_ELNOD_L19B15.npy', 'Defect19Class_L19B15.npy'), Shape of predictions: (3654,)
Saving predictions for ('Normalized1_Defect4x4_ELNOD_L10B36.npy', 'Defect19Class_L10B36.npy'), Shape of predictions: (3654,)
Saving predictions for ('Normalized1_Defect4x4_ELNOD_L10B2.npy', 'Defect19Class_L10B2.npy'), Shape of predictions: (3654,)
Saving predictions for ('Normalized1_Defect4x4_ELNOD_L10B12.npy', 'Defect19Class_L10B12.npy'), Shape of predictions: (3654,)
Saving predictions for ('Normalized1_Defect4x4_ELNOD_L4B19.npy', 'Defect19Class_L4B19.npy'), Shape of predictions: (3654,)
Saving predictions for ('Normalized1_Defect4x4_ELNOD_L4B4.npy', 'Defect19Class_L4B4.npy'), Shape of predictions: (3654,)
Saving predictions for ('Normalized1_Defect4x4_ELNOD_L14B3.npy', 'Defect19Class_L14B3.npy'), Shape of predictions: (3654,)
Saving predictions for ('Normalized1_Defect4x4_ELNOD_L14B10.npy', 'Defect19Class_L14B10.npy'), Shape of predictions: (3654,)
Saving predictions for ('Normalized1_Defect4x4_ELNOD_L15B60.npy', 'Defect19Class_L15B60.npy'), Shape of predictions: (3654,)
Saving predictions for ('Normalized1_Defect4x4_ELNOD_L7B40.npy', 'Defect19Class_L7B40.npy'), Shape of predictions: (3654,)
Saving predictions for ('Normalized1_Defect4x4_ELNOD_L7B29.npy', 'Defect19Class_L7B29.npy'), Shape of predictions: (3654,)
Saving predictions for ('Normalized1_Defect4x4_ELNOD_L11B88.npy', 'Defect19Class_L11B88.npy'), Shape of predictions: (3654,)
Saving predictions for ('Normalized1_Defect4x4_ELNOD_L11B2.npy', 'Defect19Class_L11B2.npy'), Shape of predictions: (3654,)
Saving predictions for ('Normalized1_Defect4x4_ELNOD_L14B52.npy', 'Defect19Class_L14B52.npy'), Shape of predictions: (3654,)
Saving predictions for ('Normalized1_Defect4x4_ELNOD_L13B32.npy', 'Defect19Class_L13B32.npy'), Shape of predictions: (3654,)
Saving predictions for ('Normalized1_Defect4x4_ELNOD_L14B76.npy', 'Defect19Class_L14B76.npy'), Shape of predictions: (3654,)
Saving predictions for ('Normalized1_Defect4x4_ELNOD_L14B46.npy', 'Defect19Class_L14B46.npy'), Shape of predictions: (3654,)
Saving predictions for ('Normalized1_Defect4x4_ELNOD_L5B22.npy', 'Defect19Class_L5B22.npy'), Shape of predictions: (3654,)
Saving predictions for ('Normalized1_Defect4x4_ELNOD_L12B89.npy', 'Defect19Class_L12B89.npy'), Shape of predictions: (3654,)
Saving predictions for ('Normalized1_Defect4x4_ELNOD_L10B87.npy', 'Defect19Class_L10B87.npy'), Shape of predictions: (3654,)
Saving predictions for ('Normalized1_Defect4x4_ELNOD_L12B4.npy', 'Defect19Class_L12B4.npy'), Shape of predictions: (3654,)
Saving predictions for ('Normalized1_Defect4x4_ELNOD_L13B88.npy', 'Defect19Class_L13B88.npy'), Shape of predictions: (3654,)
Saving predictions for ('Normalized1_Defect4x4_ELNOD_L14B64.npy', 'Defect19Class_L14B64.npy'), Shape of predictions: (3654,)
Saving predictions for ('Normalized1_Defect4x4_ELNOD_L5B30.npy', 'Defect19Class_L5B30.npy'), Shape of predictions: (3654,)
Saving predictions for ('Normalized1_Defect4x4_ELNOD_L2B25.npy', 'Defect19Class_L2B25.npy'), Shape of predictions: (3654,)
Saving predictions for ('Normalized1_Defect4x4_ELNOD_L3B88.npy', 'Defect19Class_L3B88.npy'), Shape of predictions: (3654,)
Saving predictions for ('Normalized1_Defect4x4_ELNOD_L8B11.npy', 'Defect19Class_L8B11.npy'), Shape of predictions: (3654,)
Saving predictions for ('Normalized1_Defect4x4_ELNOD_L8B26.npy', 'Defect19Class_L8B26.npy'), Shape of predictions: (3654,)
Saving predictions for ('Normalized1_Defect4x4_ELNOD_L14B67.npy', 'Defect19Class_L14B67.npy'), Shape of predictions: (3654,)
Saving predictions for ('Normalized1_Defect4x4_ELNOD_L15B88.npy', 'Defect19Class_L15B88.npy'), Shape of predictions: (3654,)
Saving predictions for ('Normalized1_Defect4x4_ELNOD_L5B42.npy', 'Defect19Class_L5B42.npy'), Shape of predictions: (3654,)
Saving predictions for ('Normalized1_Defect4x4_ELNOD_L6B49.npy', 'Defect19Class_L6B49.npy'), Shape of predictions: (3654,)
Saving predictions for ('Normalized1_Defect4x4_ELNOD_L4B71.npy', 'Defect19Class_L4B71.npy'), Shape of predictions: (3654,)
Saving predictions for ('Normalized1_Defect4x4_ELNOD_L2B17.npy', 'Defect19Class_L2B17.npy'), Shape of predictions: (3654,)
Saving predictions for ('Normalized1_Defect4x4_ELNOD_L6B73.npy', 'Defect19Class_L6B73.npy'), Shape of predictions: (3654,)
Saving predictions for ('Normalized1_Defect4x4_ELNOD_L9B9.npy', 'Defect19Class_L9B9.npy'), Shape of predictions: (3654,)
Saving predictions for ('Normalized1_Defect4x4_ELNOD_L5B31.npy', 'Defect19Class_L5B31.npy'), Shape of predictions: (3654,)
Saving predictions for ('Normalized1_Defect4x4_ELNOD_L19B49.npy', 'Defect19Class_L19B49.npy'), Shape of predictions: (3654,)
Saving predictions for ('Normalized1_Defect4x4_ELNOD_L12B5.npy', 'Defect19Class_L12B5.npy'), Shape of predictions: (3654,)
Saving predictions for ('Normalized1_Defect4x4_ELNOD_L4B11.npy', 'Defect19Class_L4B11.npy'), Shape of predictions: (3654,)
Saving predictions for ('Normalized1_Defect4x4_ELNOD_L14B66.npy', 'Defect19Class_L14B66.npy'), Shape of predictions: (3654,)
Saving predictions for ('Normalized1_Defect4x4_ELNOD_L11B9.npy', 'Defect19Class_L11B9.npy'), Shape of predictions: (3654,)
Saving predictions for ('Normalized1_Defect4x4_ELNOD_L6B31.npy', 'Defect19Class_L6B31.npy'), Shape of predictions: (3654,)
Saving predictions for ('Normalized1_Defect4x4_ELNOD_L9B8.npy', 'Defect19Class_L9B8.npy'), Shape of predictions: (3654,)
Saving predictions for ('Normalized1_Defect4x4_ELNOD_L9B89.npy', 'Defect19Class_L9B89.npy'), Shape of predictions: (3654,)
Saving predictions for ('Normalized1_Defect4x4_ELNOD_L9B39.npy', 'Defect19Class_L9B39.npy'), Shape of predictions: (3654,)
Saving predictions for ('Normalized1_Defect4x4_ELNOD_L12B26.npy', 'Defect19Class_L12B26.npy'), Shape of predictions: (3654,)
Saving predictions for ('Normalized1_Defect4x4_ELNOD_L10B5.npy', 'Defect19Class_L10B5.npy'), Shape of predictions: (3654,)
Saving predictions for ('Normalized1_Defect4x4_ELNOD_L2B53.npy', 'Defect19Class_L2B53.npy'), Shape of predictions: (3654,)
Saving predictions for ('Normalized1_Defect4x4_ELNOD_L17B21.npy', 'Defect19Class_L17B21.npy'), Shape of predictions: (3654,)
Saving predictions for ('Normalized1_Defect4x4_ELNOD_L9B87.npy', 'Defect19Class_L9B87.npy'), Shape of predictions: (3654,)
Saving predictions for ('Normalized1_Defect4x4_ELNOD_L7B10.npy', 'Defect19Class_L7B10.npy'), Shape of predictions: (3654,)
Saving predictions for ('Normalized1_Defect4x4_ELNOD_L12B23.npy', 'Defect19Class_L12B23.npy'), Shape of predictions: (3654,)
Saving predictions for ('Normalized1_Defect4x4_ELNOD_L16B53.npy', 'Defect19Class_L16B53.npy'), Shape of predictions: (3654,)
Saving predictions for ('Normalized1_Defect4x4_ELNOD_L10B58.npy', 'Defect19Class_L10B58.npy'), Shape of predictions: (3654,)
Saving predictions for ('Normalized1_Defect4x4_ELNOD_L6B18.npy', 'Defect19Class_L6B18.npy'), Shape of predictions: (3654,)
Saving predictions for ('Normalized1_Defect4x4_ELNOD_L11B32.npy', 'Defect19Class_L11B32.npy'), Shape of predictions: (3654,)
Saving predictions for ('Normalized1_Defect4x4_ELNOD_L11B35.npy', 'Defect19Class_L11B35.npy'), Shape of predictions: (3654,)
Saving predictions for ('Normalized1_Defect4x4_ELNOD_L16B1.npy', 'Defect19Class_L16B1.npy'), Shape of predictions: (3654,)
Saving predictions for ('Normalized1_Defect4x4_ELNOD_L4B49.npy', 'Defect19Class_L4B49.npy'), Shape of predictions: (3654,)
Saving predictions for ('Normalized1_Defect4x4_ELNOD_L19B40.npy', 'Defect19Class_L19B40.npy'), Shape of predictions: (3654,)
Saving predictions for ('Normalized1_Defect4x4_ELNOD_L4B40.npy', 'Defect19Class_L4B40.npy'), Shape of predictions: (3654,)
Saving predictions for ('Normalized1_Defect4x4_ELNOD_L3B15.npy', 'Defect19Class_L3B15.npy'), Shape of predictions: (3654,)
Saving predictions for ('Normalized1_Defect4x4_ELNOD_L13B58.npy', 'Defect19Class_L13B58.npy'), Shape of predictions: (3654,)
Saving predictions for ('Normalized1_Defect4x4_ELNOD_L11B23.npy', 'Defect19Class_L11B23.npy'), Shape of predictions: (3654,)
Saving predictions for ('Normalized1_Defect4x4_ELNOD_L7B83.npy', 'Defect19Class_L7B83.npy'), Shape of predictions: (3654,)
Saving predictions for ('Normalized1_Defect4x4_ELNOD_L3B59.npy', 'Defect19Class_L3B59.npy'), Shape of predictions: (3654,)
Saving predictions for ('Normalized1_Defect4x4_ELNOD_L5B10.npy', 'Defect19Class_L5B10.npy'), Shape of predictions: (3654,)
Saving predictions for ('Normalized1_Defect4x4_ELNOD_L6B25.npy', 'Defect19Class_L6B25.npy'), Shape of predictions: (3654,)
Saving predictions for ('Normalized1_Defect4x4_ELNOD_L9B59.npy', 'Defect19Class_L9B59.npy'), Shape of predictions: (3654,)
Saving predictions for ('Normalized1_Defect4x4_ELNOD_L6B46.npy', 'Defect19Class_L6B46.npy'), Shape of predictions: (3654,)
Saving predictions for ('Normalized1_Defect4x4_ELNOD_L2B70.npy', 'Defect19Class_L2B70.npy'), Shape of predictions: (3654,)
Saving predictions for ('Normalized1_Defect4x4_ELNOD_L8B34.npy', 'Defect19Class_L8B34.npy'), Shape of predictions: (3654,)
Saving predictions for ('Normalized1_Defect4x4_ELNOD_L13B48.npy', 'Defect19Class_L13B48.npy'), Shape of predictions: (3654,)
Saving predictions for ('Normalized1_Defect4x4_ELNOD_L4B41.npy', 'Defect19Class_L4B41.npy'), Shape of predictions: (3654,)
Saving predictions for ('Normalized1_Defect4x4_ELNOD_L5B41.npy', 'Defect19Class_L5B41.npy'), Shape of predictions: (3654,)
Saving predictions for ('Normalized1_Defect4x4_ELNOD_L14B69.npy', 'Defect19Class_L14B69.npy'), Shape of predictions: (3654,)
Saving predictions for ('Normalized1_Defect4x4_ELNOD_L13B69.npy', 'Defect19Class_L13B69.npy'), Shape of predictions: (3654,)
Saving predictions for ('Normalized1_Defect4x4_ELNOD_L4B50.npy', 'Defect19Class_L4B50.npy'), Shape of predictions: (3654,)
Saving predictions for ('Normalized1_Defect4x4_ELNOD_L4B53.npy', 'Defect19Class_L4B53.npy'), Shape of predictions: (3654,)
Saving predictions for ('Normalized1_Defect4x4_ELNOD_L11B55.npy', 'Defect19Class_L11B55.npy'), Shape of predictions: (3654,)
Saving predictions for ('Normalized1_Defect4x4_ELNOD_L13B20.npy', 'Defect19Class_L13B20.npy'), Shape of predictions: (3654,)
Saving predictions for ('Normalized1_Defect4x4_ELNOD_L13B74.npy', 'Defect19Class_L13B74.npy'), Shape of predictions: (3654,)
Saving predictions for ('Normalized1_Defect4x4_ELNOD_L15B29.npy', 'Defect19Class_L15B29.npy'), Shape of predictions: (3654,)
Saving predictions for ('Normalized1_Defect4x4_ELNOD_L2B16.npy', 'Defect19Class_L2B16.npy'), Shape of predictions: (3654,)
Saving predictions for ('Normalized1_Defect4x4_ELNOD_L11B53.npy', 'Defect19Class_L11B53.npy'), Shape of predictions: (3654,)
Saving predictions for ('Normalized1_Defect4x4_ELNOD_L7B78.npy', 'Defect19Class_L7B78.npy'), Shape of predictions: (3654,)
Saving predictions for ('Normalized1_Defect4x4_ELNOD_L3B62.npy', 'Defect19Class_L3B62.npy'), Shape of predictions: (3654,)
Saving predictions for ('Normalized1_Defect4x4_ELNOD_L10B75.npy', 'Defect19Class_L10B75.npy'), Shape of predictions: (3654,)
Saving predictions for ('Normalized1_Defect4x4_ELNOD_L18B56.npy', 'Defect19Class_L18B56.npy'), Shape of predictions: (3654,)
Saving predictions for ('Normalized1_Defect4x4_ELNOD_L5B9.npy', 'Defect19Class_L5B9.npy'), Shape of predictions: (3654,)
Saving predictions for ('Normalized1_Defect4x4_ELNOD_L17B90.npy', 'Defect19Class_L17B90.npy'), Shape of predictions: (3654,)
Saving predictions for ('Normalized1_Defect4x4_ELNOD_L13B90.npy', 'Defect19Class_L13B90.npy'), Shape of predictions: (3654,)
Saving predictions for ('Normalized1_Defect4x4_ELNOD_L17B86.npy', 'Defect19Class_L17B86.npy'), Shape of predictions: (3654,)
Saving predictions for ('Normalized1_Defect4x4_ELNOD_L11B41.npy', 'Defect19Class_L11B41.npy'), Shape of predictions: (3654,)
Saving predictions for ('Normalized1_Defect4x4_ELNOD_L6B60.npy', 'Defect19Class_L6B60.npy'), Shape of predictions: (3654,)
Saving predictions for ('Normalized1_Defect4x4_ELNOD_L17B53.npy', 'Defect19Class_L17B53.npy'), Shape of predictions: (3654,)
Saving predictions for ('Normalized1_Defect4x4_ELNOD_L14B75.npy', 'Defect19Class_L14B75.npy'), Shape of predictions: (3654,)
Saving predictions for ('Normalized1_Defect4x4_ELNOD_L17B63.npy', 'Defect19Class_L17B63.npy'), Shape of predictions: (3654,)
Saving predictions for ('Normalized1_Defect4x4_ELNOD_L19B23.npy', 'Defect19Class_L19B23.npy'), Shape of predictions: (3654,)
Saving predictions for ('Normalized1_Defect4x4_ELNOD_L16B33.npy', 'Defect19Class_L16B33.npy'), Shape of predictions: (3654,)
Saving predictions for ('Normalized1_Defect4x4_ELNOD_L3B31.npy', 'Defect19Class_L3B31.npy'), Shape of predictions: (3654,)
Saving predictions for ('Normalized1_Defect4x4_ELNOD_L19B68.npy', 'Defect19Class_L19B68.npy'), Shape of predictions: (3654,)
Saving predictions for ('Normalized1_Defect4x4_ELNOD_L8B27.npy', 'Defect19Class_L8B27.npy'), Shape of predictions: (3654,)
Saving predictions for ('Normalized1_Defect4x4_ELNOD_L9B29.npy', 'Defect19Class_L9B29.npy'), Shape of predictions: (3654,)
Saving predictions for ('Normalized1_Defect4x4_ELNOD_L4B22.npy', 'Defect19Class_L4B22.npy'), Shape of predictions: (3654,)
Saving predictions for ('Normalized1_Defect4x4_ELNOD_L11B63.npy', 'Defect19Class_L11B63.npy'), Shape of predictions: (3654,)
Saving predictions for ('Normalized1_Defect4x4_ELNOD_L19B17.npy', 'Defect19Class_L19B17.npy'), Shape of predictions: (3654,)
Saving predictions for ('Normalized1_Defect4x4_ELNOD_L15B61.npy', 'Defect19Class_L15B61.npy'), Shape of predictions: (3654,)
Saving predictions for ('Normalized1_Defect4x4_ELNOD_L12B17.npy', 'Defect19Class_L12B17.npy'), Shape of predictions: (3654,)
Saving predictions for ('Normalized1_Defect4x4_ELNOD_L3B35.npy', 'Defect19Class_L3B35.npy'), Shape of predictions: (3654,)
Saving predictions for ('Normalized1_Defect4x4_ELNOD_L15B70.npy', 'Defect19Class_L15B70.npy'), Shape of predictions: (3654,)
Saving predictions for ('Normalized1_Defect4x4_ELNOD_L15B67.npy', 'Defect19Class_L15B67.npy'), Shape of predictions: (3654,)
Saving predictions for ('Normalized1_Defect4x4_ELNOD_L10B46.npy', 'Defect19Class_L10B46.npy'), Shape of predictions: (3654,)
Saving predictions for ('Normalized1_Defect4x4_ELNOD_L10B27.npy', 'Defect19Class_L10B27.npy'), Shape of predictions: (3654,)
Saving predictions for ('Normalized1_Defect4x4_ELNOD_L10B64.npy', 'Defect19Class_L10B64.npy'), Shape of predictions: (3654,)
Saving predictions for ('Normalized1_Defect4x4_ELNOD_L9B30.npy', 'Defect19Class_L9B30.npy'), Shape of predictions: (3654,)
Saving predictions for ('Normalized1_Defect4x4_ELNOD_L13B36.npy', 'Defect19Class_L13B36.npy'), Shape of predictions: (3654,)
Saving predictions for ('Normalized1_Defect4x4_ELNOD_L13B70.npy', 'Defect19Class_L13B70.npy'), Shape of predictions: (3654,)
Saving predictions for ('Normalized1_Defect4x4_ELNOD_L17B29.npy', 'Defect19Class_L17B29.npy'), Shape of predictions: (3654,)
Saving predictions for ('Normalized1_Defect4x4_ELNOD_L13B86.npy', 'Defect19Class_L13B86.npy'), Shape of predictions: (3654,)
Saving predictions for ('Normalized1_Defect4x4_ELNOD_L11B75.npy', 'Defect19Class_L11B75.npy'), Shape of predictions: (3654,)
Saving predictions for ('Normalized1_Defect4x4_ELNOD_L8B47.npy', 'Defect19Class_L8B47.npy'), Shape of predictions: (3654,)
Saving predictions for ('Normalized1_Defect4x4_ELNOD_L11B40.npy', 'Defect19Class_L11B40.npy'), Shape of predictions: (3654,)
Saving predictions for ('Normalized1_Defect4x4_ELNOD_L19B71.npy', 'Defect19Class_L19B71.npy'), Shape of predictions: (3654,)
Saving predictions for ('Normalized1_Defect4x4_ELNOD_L9B24.npy', 'Defect19Class_L9B24.npy'), Shape of predictions: (3654,)
Saving predictions for ('Normalized1_Defect4x4_ELNOD_L10B37.npy', 'Defect19Class_L10B37.npy'), Shape of predictions: (3654,)
Saving predictions for ('Normalized1_Defect4x4_ELNOD_L17B82.npy', 'Defect19Class_L17B82.npy'), Shape of predictions: (3654,)
Saving predictions for ('Normalized1_Defect4x4_ELNOD_L3B81.npy', 'Defect19Class_L3B81.npy'), Shape of predictions: (3654,)
Saving predictions for ('Normalized1_Defect4x4_ELNOD_L5B6.npy', 'Defect19Class_L5B6.npy'), Shape of predictions: (3654,)
Saving predictions for ('Normalized1_Defect4x4_ELNOD_L2B47.npy', 'Defect19Class_L2B47.npy'), Shape of predictions: (3654,)
Saving predictions for ('Normalized1_Defect4x4_ELNOD_L5B76.npy', 'Defect19Class_L5B76.npy'), Shape of predictions: (3654,)
Saving predictions for ('Normalized1_Defect4x4_ELNOD_L10B1.npy', 'Defect19Class_L10B1.npy'), Shape of predictions: (3654,)
Saving predictions for ('Normalized1_Defect4x4_ELNOD_L19B76.npy', 'Defect19Class_L19B76.npy'), Shape of predictions: (3654,)
Saving predictions for ('Normalized1_Defect4x4_ELNOD_L11B70.npy', 'Defect19Class_L11B70.npy'), Shape of predictions: (3654,)
Saving predictions for ('Normalized1_Defect4x4_ELNOD_L15B72.npy', 'Defect19Class_L15B72.npy'), Shape of predictions: (3654,)
Saving predictions for ('Normalized1_Defect4x4_ELNOD_L18B89.npy', 'Defect19Class_L18B89.npy'), Shape of predictions: (3654,)
Saving predictions for ('Normalized1_Defect4x4_ELNOD_L2B80.npy', 'Defect19Class_L2B80.npy'), Shape of predictions: (3654,)
Saving predictions for ('Normalized1_Defect4x4_ELNOD_L14B26.npy', 'Defect19Class_L14B26.npy'), Shape of predictions: (3654,)
Saving predictions for ('Normalized1_Defect4x4_ELNOD_L17B33.npy', 'Defect19Class_L17B33.npy'), Shape of predictions: (3654,)
Saving predictions for ('Normalized1_Defect4x4_ELNOD_L17B60.npy', 'Defect19Class_L17B60.npy'), Shape of predictions: (3654,)
Saving predictions for ('Normalized1_Defect4x4_ELNOD_L15B19.npy', 'Defect19Class_L15B19.npy'), Shape of predictions: (3654,)
Saving predictions for ('Normalized1_Defect4x4_ELNOD_L5B4.npy', 'Defect19Class_L5B4.npy'), Shape of predictions: (3654,)
Saving predictions for ('Normalized1_Defect4x4_ELNOD_L4B45.npy', 'Defect19Class_L4B45.npy'), Shape of predictions: (3654,)
Saving predictions for ('Normalized1_Defect4x4_ELNOD_L12B11.npy', 'Defect19Class_L12B11.npy'), Shape of predictions: (3654,)
Saving predictions for ('Normalized1_Defect4x4_ELNOD_L11B64.npy', 'Defect19Class_L11B64.npy'), Shape of predictions: (3654,)
Saving predictions for ('Normalized1_Defect4x4_ELNOD_L2B51.npy', 'Defect19Class_L2B51.npy'), Shape of predictions: (3654,)
Saving predictions for ('Normalized1_Defect4x4_ELNOD_L7B45.npy', 'Defect19Class_L7B45.npy'), Shape of predictions: (3654,)
Saving predictions for ('Normalized1_Defect4x4_ELNOD_L13B33.npy', 'Defect19Class_L13B33.npy'), Shape of predictions: (3654,)
Saving predictions for ('Normalized1_Defect4x4_ELNOD_L19B33.npy', 'Defect19Class_L19B33.npy'), Shape of predictions: (3654,)
Saving predictions for ('Normalized1_Defect4x4_ELNOD_L9B53.npy', 'Defect19Class_L9B53.npy'), Shape of predictions: (3654,)
Saving predictions for ('Normalized1_Defect4x4_ELNOD_L9B78.npy', 'Defect19Class_L9B78.npy'), Shape of predictions: (3654,)
Saving predictions for ('Normalized1_Defect4x4_ELNOD_L7B31.npy', 'Defect19Class_L7B31.npy'), Shape of predictions: (3654,)
Saving predictions for ('Normalized1_Defect4x4_ELNOD_L14B31.npy', 'Defect19Class_L14B31.npy'), Shape of predictions: (3654,)
Saving predictions for ('Normalized1_Defect4x4_ELNOD_L18B88.npy', 'Defect19Class_L18B88.npy'), Shape of predictions: (3654,)
Saving predictions for ('Normalized1_Defect4x4_ELNOD_L8B41.npy', 'Defect19Class_L8B41.npy'), Shape of predictions: (3654,)
Saving predictions for ('Normalized1_Defect4x4_ELNOD_L17B39.npy', 'Defect19Class_L17B39.npy'), Shape of predictions: (3654,)
Saving predictions for ('Normalized1_Defect4x4_ELNOD_L16B23.npy', 'Defect19Class_L16B23.npy'), Shape of predictions: (3654,)
Saving predictions for ('Normalized1_Defect4x4_ELNOD_L19B36.npy', 'Defect19Class_L19B36.npy'), Shape of predictions: (3654,)
Saving predictions for ('Normalized1_Defect4x4_ELNOD_L19B30.npy', 'Defect19Class_L19B30.npy'), Shape of predictions: (3654,)
Saving predictions for ('Normalized1_Defect4x4_ELNOD_L14B51.npy', 'Defect19Class_L14B51.npy'), Shape of predictions: (3654,)
Saving predictions for ('Normalized1_Defect4x4_ELNOD_L11B68.npy', 'Defect19Class_L11B68.npy'), Shape of predictions: (3654,)
Saving predictions for ('Normalized1_Defect4x4_ELNOD_L4B54.npy', 'Defect19Class_L4B54.npy'), Shape of predictions: (3654,)
Saving predictions for ('Normalized1_Defect4x4_ELNOD_L3B71.npy', 'Defect19Class_L3B71.npy'), Shape of predictions: (3654,)
Saving predictions for ('Normalized1_Defect4x4_ELNOD_L13B79.npy', 'Defect19Class_L13B79.npy'), Shape of predictions: (3654,)
Saving predictions for ('Normalized1_Defect4x4_ELNOD_L6B66.npy', 'Defect19Class_L6B66.npy'), Shape of predictions: (3654,)
Saving predictions for ('Normalized1_Defect4x4_ELNOD_L18B12.npy', 'Defect19Class_L18B12.npy'), Shape of predictions: (3654,)
Saving predictions for ('Normalized1_Defect4x4_ELNOD_L6B11.npy', 'Defect19Class_L6B11.npy'), Shape of predictions: (3654,)
Saving predictions for ('Normalized1_Defect4x4_ELNOD_L13B50.npy', 'Defect19Class_L13B50.npy'), Shape of predictions: (3654,)
Saving predictions for ('Normalized1_Defect4x4_ELNOD_L9B67.npy', 'Defect19Class_L9B67.npy'), Shape of predictions: (3654,)
Saving predictions for ('Normalized1_Defect4x4_ELNOD_L11B25.npy', 'Defect19Class_L11B25.npy'), Shape of predictions: (3654,)
Saving predictions for ('Normalized1_Defect4x4_ELNOD_L5B13.npy', 'Defect19Class_L5B13.npy'), Shape of predictions: (3654,)
Saving predictions for ('Normalized1_Defect4x4_ELNOD_L18B74.npy', 'Defect19Class_L18B74.npy'), Shape of predictions: (3654,)
Saving predictions for ('Normalized1_Defect4x4_ELNOD_L19B77.npy', 'Defect19Class_L19B77.npy'), Shape of predictions: (3654,)
Saving predictions for ('Normalized1_Defect4x4_ELNOD_L15B49.npy', 'Defect19Class_L15B49.npy'), Shape of predictions: (3654,)
Saving predictions for ('Normalized1_Defect4x4_ELNOD_L7B61.npy', 'Defect19Class_L7B61.npy'), Shape of predictions: (3654,)
Saving predictions for ('Normalized1_Defect4x4_ELNOD_L5B5.npy', 'Defect19Class_L5B5.npy'), Shape of predictions: (3654,)
Saving predictions for ('Normalized1_Defect4x4_ELNOD_L3B23.npy', 'Defect19Class_L3B23.npy'), Shape of predictions: (3654,)
Saving predictions for ('Normalized1_Defect4x4_ELNOD_L18B78.npy', 'Defect19Class_L18B78.npy'), Shape of predictions: (3654,)
Saving predictions for ('Normalized1_Defect4x4_ELNOD_L4B14.npy', 'Defect19Class_L4B14.npy'), Shape of predictions: (3654,)
Saving predictions for ('Normalized1_Defect4x4_ELNOD_L14B81.npy', 'Defect19Class_L14B81.npy'), Shape of predictions: (3654,)
Saving predictions for ('Normalized1_Defect4x4_ELNOD_L5B58.npy', 'Defect19Class_L5B58.npy'), Shape of predictions: (3654,)
Saving predictions for ('Normalized1_Defect4x4_ELNOD_L12B85.npy', 'Defect19Class_L12B85.npy'), Shape of predictions: (3654,)
Saving predictions for ('Normalized1_Defect4x4_ELNOD_L17B58.npy', 'Defect19Class_L17B58.npy'), Shape of predictions: (3654,)
Saving predictions for ('Normalized1_Defect4x4_ELNOD_L2B68.npy', 'Defect19Class_L2B68.npy'), Shape of predictions: (3654,)
Saving predictions for ('Normalized1_Defect4x4_ELNOD_L16B34.npy', 'Defect19Class_L16B34.npy'), Shape of predictions: (3654,)
Saving predictions for ('Normalized1_Defect4x4_ELNOD_L16B67.npy', 'Defect19Class_L16B67.npy'), Shape of predictions: (3654,)
Saving predictions for ('Normalized1_Defect4x4_ELNOD_L3B7.npy', 'Defect19Class_L3B7.npy'), Shape of predictions: (3654,)
Saving predictions for ('Normalized1_Defect4x4_ELNOD_L18B42.npy', 'Defect19Class_L18B42.npy'), Shape of predictions: (3654,)
Saving predictions for ('Normalized1_Defect4x4_ELNOD_L19B82.npy', 'Defect19Class_L19B82.npy'), Shape of predictions: (3654,)
Saving predictions for ('Normalized1_Defect4x4_ELNOD_L2B21.npy', 'Defect19Class_L2B21.npy'), Shape of predictions: (3654,)
Saving predictions for ('Normalized1_Defect4x4_ELNOD_L10B40.npy', 'Defect19Class_L10B40.npy'), Shape of predictions: (3654,)
Saving predictions for ('Normalized1_Defect4x4_ELNOD_L6B34.npy', 'Defect19Class_L6B34.npy'), Shape of predictions: (3654,)
Saving predictions for ('Normalized1_Defect4x4_ELNOD_L18B51.npy', 'Defect19Class_L18B51.npy'), Shape of predictions: (3654,)
Saving predictions for ('Normalized1_Defect4x4_ELNOD_L3B21.npy', 'Defect19Class_L3B21.npy'), Shape of predictions: (3654,)
Saving predictions for ('Normalized1_Defect4x4_ELNOD_L2B79.npy', 'Defect19Class_L2B79.npy'), Shape of predictions: (3654,)
Saving predictions for ('Normalized1_Defect4x4_ELNOD_L15B15.npy', 'Defect19Class_L15B15.npy'), Shape of predictions: (3654,)
Saving predictions for ('Normalized1_Defect4x4_ELNOD_L3B39.npy', 'Defect19Class_L3B39.npy'), Shape of predictions: (3654,)
Saving predictions for ('Normalized1_Defect4x4_ELNOD_L2B60.npy', 'Defect19Class_L2B60.npy'), Shape of predictions: (3654,)
Saving predictions for ('Normalized1_Defect4x4_ELNOD_L9B37.npy', 'Defect19Class_L9B37.npy'), Shape of predictions: (3654,)
Saving predictions for ('Normalized1_Defect4x4_ELNOD_L7B28.npy', 'Defect19Class_L7B28.npy'), Shape of predictions: (3654,)
Saving predictions for ('Normalized1_Defect4x4_ELNOD_L15B27.npy', 'Defect19Class_L15B27.npy'), Shape of predictions: (3654,)
Saving predictions for ('Normalized1_Defect4x4_ELNOD_L10B38.npy', 'Defect19Class_L10B38.npy'), Shape of predictions: (3654,)
Saving predictions for ('Normalized1_Defect4x4_ELNOD_L16B58.npy', 'Defect19Class_L16B58.npy'), Shape of predictions: (3654,)
Saving predictions for ('Normalized1_Defect4x4_ELNOD_L15B10.npy', 'Defect19Class_L15B10.npy'), Shape of predictions: (3654,)
Saving predictions for ('Normalized1_Defect4x4_ELNOD_L11B51.npy', 'Defect19Class_L11B51.npy'), Shape of predictions: (3654,)
Saving predictions for ('Normalized1_Defect4x4_ELNOD_L19B79.npy', 'Defect19Class_L19B79.npy'), Shape of predictions: (3654,)
Saving predictions for ('Normalized1_Defect4x4_ELNOD_L2B19.npy', 'Defect19Class_L2B19.npy'), Shape of predictions: (3654,)
Saving predictions for ('Normalized1_Defect4x4_ELNOD_L5B72.npy', 'Defect19Class_L5B72.npy'), Shape of predictions: (3654,)
Saving predictions for ('Normalized1_Defect4x4_ELNOD_L19B57.npy', 'Defect19Class_L19B57.npy'), Shape of predictions: (3654,)
Saving predictions for ('Normalized1_Defect4x4_ELNOD_L19B4.npy', 'Defect19Class_L19B4.npy'), Shape of predictions: (3654,)
Saving predictions for ('Normalized1_Defect4x4_ELNOD_L12B48.npy', 'Defect19Class_L12B48.npy'), Shape of predictions: (3654,)
Saving predictions for ('Normalized1_Defect4x4_ELNOD_L4B68.npy', 'Defect19Class_L4B68.npy'), Shape of predictions: (3654,)
Saving predictions for ('Normalized1_Defect4x4_ELNOD_L12B21.npy', 'Defect19Class_L12B21.npy'), Shape of predictions: (3654,)
Saving predictions for ('Normalized1_Defect4x4_ELNOD_L10B80.npy', 'Defect19Class_L10B80.npy'), Shape of predictions: (3654,)
Saving predictions for ('Normalized1_Defect4x4_ELNOD_L14B34.npy', 'Defect19Class_L14B34.npy'), Shape of predictions: (3654,)
Saving predictions for ('Normalized1_Defect4x4_ELNOD_L11B47.npy', 'Defect19Class_L11B47.npy'), Shape of predictions: (3654,)
Saving predictions for ('Normalized1_Defect4x4_ELNOD_L2B40.npy', 'Defect19Class_L2B40.npy'), Shape of predictions: (3654,)
Saving predictions for ('Normalized1_Defect4x4_ELNOD_L4B37.npy', 'Defect19Class_L4B37.npy'), Shape of predictions: (3654,)
Saving predictions for ('Normalized1_Defect4x4_ELNOD_L19B47.npy', 'Defect19Class_L19B47.npy'), Shape of predictions: (3654,)
Saving predictions for ('Normalized1_Defect4x4_ELNOD_L7B39.npy', 'Defect19Class_L7B39.npy'), Shape of predictions: (3654,)
Saving predictions for ('Normalized1_Defect4x4_ELNOD_L7B5.npy', 'Defect19Class_L7B5.npy'), Shape of predictions: (3654,)
Saving predictions for ('Normalized1_Defect4x4_ELNOD_L6B24.npy', 'Defect19Class_L6B24.npy'), Shape of predictions: (3654,)
Saving predictions for ('Normalized1_Defect4x4_ELNOD_L5B25.npy', 'Defect19Class_L5B25.npy'), Shape of predictions: (3654,)
Saving predictions for ('Normalized1_Defect4x4_ELNOD_L6B36.npy', 'Defect19Class_L6B36.npy'), Shape of predictions: (3654,)
Saving predictions for ('Normalized1_Defect4x4_ELNOD_L10B78.npy', 'Defect19Class_L10B78.npy'), Shape of predictions: (3654,)
Saving predictions for ('Normalized1_Defect4x4_ELNOD_L15B68.npy', 'Defect19Class_L15B68.npy'), Shape of predictions: (3654,)
Saving predictions for ('Normalized1_Defect4x4_ELNOD_L12B56.npy', 'Defect19Class_L12B56.npy'), Shape of predictions: (3654,)
Saving predictions for ('Normalized1_Defect4x4_ELNOD_L14B29.npy', 'Defect19Class_L14B29.npy'), Shape of predictions: (3654,)
Saving predictions for ('Normalized1_Defect4x4_ELNOD_L16B86.npy', 'Defect19Class_L16B86.npy'), Shape of predictions: (3654,)
Saving predictions for ('Normalized1_Defect4x4_ELNOD_L5B71.npy', 'Defect19Class_L5B71.npy'), Shape of predictions: (3654,)
Saving predictions for ('Normalized1_Defect4x4_ELNOD_L5B75.npy', 'Defect19Class_L5B75.npy'), Shape of predictions: (3654,)
Saving predictions for ('Normalized1_Defect4x4_ELNOD_L18B14.npy', 'Defect19Class_L18B14.npy'), Shape of predictions: (3654,)
Saving predictions for ('Normalized1_Defect4x4_ELNOD_L19B54.npy', 'Defect19Class_L19B54.npy'), Shape of predictions: (3654,)
Saving predictions for ('Normalized1_Defect4x4_ELNOD_L7B37.npy', 'Defect19Class_L7B37.npy'), Shape of predictions: (3654,)
Saving predictions for ('Normalized1_Defect4x4_ELNOD_L8B4.npy', 'Defect19Class_L8B4.npy'), Shape of predictions: (3654,)
Saving predictions for ('Normalized1_Defect4x4_ELNOD_L11B31.npy', 'Defect19Class_L11B31.npy'), Shape of predictions: (3654,)
Saving predictions for ('Normalized1_Defect4x4_ELNOD_L18B47.npy', 'Defect19Class_L18B47.npy'), Shape of predictions: (3654,)
Saving predictions for ('Normalized1_Defect4x4_ELNOD_L11B17.npy', 'Defect19Class_L11B17.npy'), Shape of predictions: (3654,)
Saving predictions for ('Normalized1_Defect4x4_ELNOD_L14B62.npy', 'Defect19Class_L14B62.npy'), Shape of predictions: (3654,)
Saving predictions for ('Normalized1_Defect4x4_ELNOD_L4B33.npy', 'Defect19Class_L4B33.npy'), Shape of predictions: (3654,)
Saving predictions for ('Normalized1_Defect4x4_ELNOD_L17B88.npy', 'Defect19Class_L17B88.npy'), Shape of predictions: (3654,)
Saving predictions for ('Normalized1_Defect4x4_ELNOD_L4B42.npy', 'Defect19Class_L4B42.npy'), Shape of predictions: (3654,)
Saving predictions for ('Normalized1_Defect4x4_ELNOD_L18B30.npy', 'Defect19Class_L18B30.npy'), Shape of predictions: (3654,)
Saving predictions for ('Normalized1_Defect4x4_ELNOD_L3B60.npy', 'Defect19Class_L3B60.npy'), Shape of predictions: (3654,)
Saving predictions for ('Normalized1_Defect4x4_ELNOD_L14B22.npy', 'Defect19Class_L14B22.npy'), Shape of predictions: (3654,)
Saving predictions for ('Normalized1_Defect4x4_ELNOD_L4B62.npy', 'Defect19Class_L4B62.npy'), Shape of predictions: (3654,)
Saving predictions for ('Normalized1_Defect4x4_ELNOD_L9B25.npy', 'Defect19Class_L9B25.npy'), Shape of predictions: (3654,)
Saving predictions for ('Normalized1_Defect4x4_ELNOD_L16B60.npy', 'Defect19Class_L16B60.npy'), Shape of predictions: (3654,)
Saving predictions for ('Normalized1_Defect4x4_ELNOD_L2B32.npy', 'Defect19Class_L2B32.npy'), Shape of predictions: (3654,)
Saving predictions for ('Normalized1_Defect4x4_ELNOD_L9B57.npy', 'Defect19Class_L9B57.npy'), Shape of predictions: (3654,)
Saving predictions for ('Normalized1_Defect4x4_ELNOD_L13B68.npy', 'Defect19Class_L13B68.npy'), Shape of predictions: (3654,)
Saving predictions for ('Normalized1_Defect4x4_ELNOD_L17B42.npy', 'Defect19Class_L17B42.npy'), Shape of predictions: (3654,)
Saving predictions for ('Normalized1_Defect4x4_ELNOD_L10B50.npy', 'Defect19Class_L10B50.npy'), Shape of predictions: (3654,)
Saving predictions for ('Normalized1_Defect4x4_ELNOD_L12B79.npy', 'Defect19Class_L12B79.npy'), Shape of predictions: (3654,)
Saving predictions for ('Normalized1_Defect4x4_ELNOD_L14B86.npy', 'Defect19Class_L14B86.npy'), Shape of predictions: (3654,)
Saving predictions for ('Normalized1_Defect4x4_ELNOD_L11B21.npy', 'Defect19Class_L11B21.npy'), Shape of predictions: (3654,)
Saving predictions for ('Normalized1_Defect4x4_ELNOD_L4B77.npy', 'Defect19Class_L4B77.npy'), Shape of predictions: (3654,)
Saving predictions for ('Normalized1_Defect4x4_ELNOD_L3B33.npy', 'Defect19Class_L3B33.npy'), Shape of predictions: (3654,)
Saving predictions for ('Normalized1_Defect4x4_ELNOD_L11B6.npy', 'Defect19Class_L11B6.npy'), Shape of predictions: (3654,)
Saving predictions for ('Normalized1_Defect4x4_ELNOD_L19B1.npy', 'Defect19Class_L19B1.npy'), Shape of predictions: (3654,)
Saving predictions for ('Normalized1_Defect4x4_ELNOD_L15B1.npy', 'Defect19Class_L15B1.npy'), Shape of predictions: (3654,)
Saving predictions for ('Normalized1_Defect4x4_ELNOD_L14B30.npy', 'Defect19Class_L14B30.npy'), Shape of predictions: (3654,)
Saving predictions for ('Normalized1_Defect4x4_ELNOD_L2B37.npy', 'Defect19Class_L2B37.npy'), Shape of predictions: (3654,)
Saving predictions for ('Normalized1_Defect4x4_ELNOD_L14B7.npy', 'Defect19Class_L14B7.npy'), Shape of predictions: (3654,)
Saving predictions for ('Normalized1_Defect4x4_ELNOD_L3B87.npy', 'Defect19Class_L3B87.npy'), Shape of predictions: (3654,)
Test data predictions saved for all test samples in: /home/nishioka/GNN/Predict_data/Predict19Class4x4_Test20241101_213124
Shape of all_preds: (1183896,)
Shape of all_labels: (1183896,)
Shape of all_probs: (1183896, 19)
Balanced Accuracy: 0.50536637955127
Matthews Correlation Coefficient: 0.4530452914302611
ROC AUC Score: 0.9940870997422636

Classification Report:
              precision    recall  f1-score   support

           0       1.00      0.99      0.99   1175796
           1       0.39      0.85      0.53       475
           2       0.43      0.92      0.58       475
           3       0.35      0.87      0.50       575
           4       0.16      0.41      0.23       500
           5       0.23      0.67      0.34       400
           6       0.08      0.42      0.13       400
           7       0.05      0.37      0.10       250
           8       0.21      0.45      0.29       575
           9       0.18      0.42      0.25       475
          10       0.09      0.86      0.17       625
          11       0.08      0.22      0.11       325
          12       0.08      0.09      0.09       400
          13       0.26      0.34      0.29       600
          14       0.39      0.42      0.40       500
          15       0.31      0.48      0.38       225
          16       0.26      0.34      0.29       425
          17       0.40      0.17      0.23       350
          18       0.50      0.31      0.38       525

    accuracy                           0.98   1183896
   macro avg       0.29      0.51      0.33   1183896
weighted avg       0.99      0.98      0.99   1183896

Test Loss: 0.0000, Test Accuracy: 0.9849
Precision: 0.9949, Recall: 0.9849, F1-Score: 0.9894
Balanced Accuracy: 0.5054
Matthews Correlation Coefficient (MCC): 0.4530
ROC AUC Score: 0.9940870997422636
Images have been saved in /home/nishioka/GNN/Predict_truth/pred_vs_true_images_20241101_213124
Test Loss: 0.7230, Test Accuracy: 0.9849
Precision: 0.9949, Recall: 0.9849, F1-Score: 0.9894
