nohup: ignoring input
Using device: NVIDIA GeForce RTX 3090
Using device: NVIDIA GeForce RTX 3090
Using device: NVIDIA GeForce RTX 3090
Using device: NVIDIA GeForce RTX 3090
Rank: 0, World Size: 4, Master Addr: 127.0.0.1, Master Port: 12355
Rank 0 using device: cuda:0
Rank 3 using device: cuda:3
Rank 1 using device: cuda:1
Rank 2 using device: cuda:2
Starting Fold 1
Precision: 0.9933, Recall: 0.4379, F1-Score: 0.6074
Fold 1, Epoch 1, Train Loss: 29.6258, Val Loss: 27.8841, Val Acc: 0.4357
Precision: 0.9818, Recall: 0.0090, F1-Score: 0.0173
Fold 1, Epoch 2, Train Loss: 32.3062, Val Loss: 29.9024, Val Acc: 0.0094
Precision: 0.9929, Recall: 0.9313, F1-Score: 0.9609
Fold 1, Epoch 3, Train Loss: 32.0554, Val Loss: 30.1932, Val Acc: 0.9312
Precision: 0.9923, Recall: 0.9694, F1-Score: 0.9806
Fold 1, Epoch 4, Train Loss: 31.1779, Val Loss: 31.1668, Val Acc: 0.9689
Precision: 0.9931, Recall: 0.9668, F1-Score: 0.9796
Fold 1, Epoch 5, Train Loss: 31.5019, Val Loss: 30.4732, Val Acc: 0.9667
Precision: 0.9931, Recall: 0.9705, F1-Score: 0.9813
Fold 1, Epoch 6, Train Loss: 31.0132, Val Loss: 30.5603, Val Acc: 0.9697
Precision: 0.9934, Recall: 0.9253, F1-Score: 0.9579
Fold 1, Epoch 7, Train Loss: 30.3913, Val Loss: 29.1986, Val Acc: 0.9254
Precision: 0.9927, Recall: 0.9556, F1-Score: 0.9736
Fold 1, Epoch 8, Train Loss: 31.2871, Val Loss: 30.8148, Val Acc: 0.9552
Precision: 0.9930, Recall: 0.9246, F1-Score: 0.9573
Fold 1, Epoch 9, Train Loss: 31.9961, Val Loss: 31.0927, Val Acc: 0.9239
Precision: 0.9933, Recall: 0.8626, F1-Score: 0.9231
Fold 1, Epoch 10, Train Loss: 32.1590, Val Loss: 31.2585, Val Acc: 0.8621
Precision: 0.9932, Recall: 0.9359, F1-Score: 0.9635
Fold 1, Epoch 11, Train Loss: 32.0563, Val Loss: 30.7441, Val Acc: 0.9356
Precision: 0.9931, Recall: 0.9498, F1-Score: 0.9707
Fold 1, Epoch 12, Train Loss: 31.9261, Val Loss: 30.8981, Val Acc: 0.9493
Precision: 0.9936, Recall: 0.9493, F1-Score: 0.9705
Fold 1, Epoch 13, Train Loss: 31.7859, Val Loss: 30.6616, Val Acc: 0.9487
Precision: 0.9933, Recall: 0.9088, F1-Score: 0.9489
Fold 1, Epoch 14, Train Loss: 31.4674, Val Loss: 31.4241, Val Acc: 0.9070
Precision: 0.9936, Recall: 0.9490, F1-Score: 0.9704
Fold 1, Epoch 15, Train Loss: 31.8935, Val Loss: 31.0408, Val Acc: 0.9475
Precision: 0.9936, Recall: 0.9630, F1-Score: 0.9776
Fold 1, Epoch 16, Train Loss: 31.9314, Val Loss: 30.9246, Val Acc: 0.9627
Precision: 0.9932, Recall: 0.9694, F1-Score: 0.9809
Fold 1, Epoch 17, Train Loss: 31.5553, Val Loss: 30.8083, Val Acc: 0.9689
Precision: 0.9932, Recall: 0.9542, F1-Score: 0.9730
Fold 1, Epoch 18, Train Loss: 31.8365, Val Loss: 30.9314, Val Acc: 0.9538
Precision: 0.9935, Recall: 0.9589, F1-Score: 0.9755
Fold 1, Epoch 19, Train Loss: 31.5572, Val Loss: 31.3286, Val Acc: 0.9581
Precision: 0.9932, Recall: 0.9456, F1-Score: 0.9685
Fold 1, Epoch 20, Train Loss: 31.6323, Val Loss: 31.4894, Val Acc: 0.9443
Precision: 0.9937, Recall: 0.9367, F1-Score: 0.9639
Fold 1, Epoch 21, Train Loss: 31.5184, Val Loss: 31.1571, Val Acc: 0.9359
Precision: 0.9935, Recall: 0.9266, F1-Score: 0.9586
Fold 1, Epoch 22, Train Loss: 31.6876, Val Loss: 31.8241, Val Acc: 0.9268
Precision: 0.9934, Recall: 0.9386, F1-Score: 0.9649
Fold 1, Epoch 23, Train Loss: 31.4185, Val Loss: 31.1520, Val Acc: 0.9375
Precision: 0.9927, Recall: 0.9545, F1-Score: 0.9729
Fold 1, Epoch 24, Train Loss: 31.3244, Val Loss: 30.9202, Val Acc: 0.9533
Precision: 0.9936, Recall: 0.9299, F1-Score: 0.9602
Fold 1, Epoch 25, Train Loss: 30.9882, Val Loss: 30.6631, Val Acc: 0.9288
Precision: 0.9936, Recall: 0.9509, F1-Score: 0.9714
Fold 1, Epoch 26, Train Loss: 30.9360, Val Loss: 30.1345, Val Acc: 0.9496
Precision: 0.9934, Recall: 0.9492, F1-Score: 0.9704
Fold 1, Epoch 27, Train Loss: 31.1094, Val Loss: 30.3702, Val Acc: 0.9478
Precision: 0.9938, Recall: 0.8070, F1-Score: 0.8902
Fold 1, Epoch 28, Train Loss: 30.9749, Val Loss: 30.3592, Val Acc: 0.8025
Precision: 0.9935, Recall: 0.9342, F1-Score: 0.9626
Fold 1, Epoch 29, Train Loss: 31.5064, Val Loss: 30.4055, Val Acc: 0.9339
Precision: 0.9938, Recall: 0.9542, F1-Score: 0.9732
Fold 1, Epoch 30, Train Loss: 31.3450, Val Loss: 30.2809, Val Acc: 0.9540
Precision: 0.9936, Recall: 0.9486, F1-Score: 0.9702
Fold 1, Epoch 31, Train Loss: 31.7122, Val Loss: 30.3001, Val Acc: 0.9483
Precision: 0.9937, Recall: 0.9686, F1-Score: 0.9806
Fold 1, Epoch 32, Train Loss: 31.1974, Val Loss: 29.8830, Val Acc: 0.9676
Precision: 0.9935, Recall: 0.9726, F1-Score: 0.9826
Fold 1, Epoch 33, Train Loss: 31.0810, Val Loss: 30.1482, Val Acc: 0.9718
Precision: 0.9935, Recall: 0.9307, F1-Score: 0.9608
Fold 1, Epoch 34, Train Loss: 30.6517, Val Loss: 30.7055, Val Acc: 0.9313
Precision: 0.9941, Recall: 0.9361, F1-Score: 0.9638
Fold 1, Epoch 35, Train Loss: 31.3089, Val Loss: 30.6139, Val Acc: 0.9365
Precision: 0.9936, Recall: 0.9510, F1-Score: 0.9716
Fold 1, Epoch 36, Train Loss: 31.2591, Val Loss: 30.3727, Val Acc: 0.9510
Precision: 0.9936, Recall: 0.9354, F1-Score: 0.9633
Fold 1, Epoch 37, Train Loss: 30.8211, Val Loss: 30.3803, Val Acc: 0.9339
Precision: 0.9934, Recall: 0.9669, F1-Score: 0.9797
Fold 1, Epoch 38, Train Loss: 31.0825, Val Loss: 30.3055, Val Acc: 0.9666
Precision: 0.9933, Recall: 0.9686, F1-Score: 0.9806
Fold 1, Epoch 39, Train Loss: 31.3245, Val Loss: 30.3759, Val Acc: 0.9682
Precision: 0.9934, Recall: 0.9687, F1-Score: 0.9807
Fold 1, Epoch 40, Train Loss: 30.2551, Val Loss: 30.2249, Val Acc: 0.9681
Precision: 0.9934, Recall: 0.9741, F1-Score: 0.9834
Fold 1, Epoch 41, Train Loss: 30.4435, Val Loss: 30.0574, Val Acc: 0.9737
Precision: 0.9936, Recall: 0.9733, F1-Score: 0.9831
Fold 1, Epoch 42, Train Loss: 30.2042, Val Loss: 29.7184, Val Acc: 0.9726
Precision: 0.9934, Recall: 0.9754, F1-Score: 0.9841
Fold 1, Epoch 43, Train Loss: 30.8738, Val Loss: 29.8035, Val Acc: 0.9749
Precision: 0.9936, Recall: 0.9727, F1-Score: 0.9828
Fold 1, Epoch 44, Train Loss: 30.5952, Val Loss: 29.6893, Val Acc: 0.9724
Precision: 0.9936, Recall: 0.9729, F1-Score: 0.9829
Fold 1, Epoch 45, Train Loss: 30.6492, Val Loss: 29.7346, Val Acc: 0.9726
Precision: 0.9937, Recall: 0.9798, F1-Score: 0.9864
Fold 1, Epoch 46, Train Loss: 30.3214, Val Loss: 29.7903, Val Acc: 0.9795
Precision: 0.9935, Recall: 0.9771, F1-Score: 0.9850
Fold 1, Epoch 47, Train Loss: 30.3724, Val Loss: 29.9408, Val Acc: 0.9767
Precision: 0.9937, Recall: 0.9840, F1-Score: 0.9885
Fold 1, Epoch 48, Train Loss: 30.2241, Val Loss: 29.5698, Val Acc: 0.9838
Precision: 0.9932, Recall: 0.4128, F1-Score: 0.5826
Fold 1, Epoch 49, Train Loss: 29.8060, Val Loss: 29.2745, Val Acc: 0.4144
Precision: 0.9937, Recall: 0.9664, F1-Score: 0.9796
Fold 1, Epoch 50, Train Loss: 28.9424, Val Loss: 28.0197, Val Acc: 0.9667
Precision: 0.9933, Recall: 0.9375, F1-Score: 0.9644
Fold 1, Epoch 51, Train Loss: 28.5093, Val Loss: 27.0235, Val Acc: 0.9369
Precision: 0.9933, Recall: 0.9353, F1-Score: 0.9631
Fold 1, Epoch 52, Train Loss: 26.8166, Val Loss: 29.6796, Val Acc: 0.9341
Precision: 0.9934, Recall: 0.7734, F1-Score: 0.8694
Fold 1, Epoch 53, Train Loss: 28.8827, Val Loss: 25.5228, Val Acc: 0.7714
Precision: 0.9936, Recall: 0.8771, F1-Score: 0.9314
Fold 1, Epoch 54, Train Loss: 24.8184, Val Loss: 23.9413, Val Acc: 0.8761
Precision: 0.9604, Recall: 0.0020, F1-Score: 0.0030
Fold 1, Epoch 55, Train Loss: 20.7394, Val Loss: 16.8610, Val Acc: 0.0021
Precision: 0.9933, Recall: 0.8544, F1-Score: 0.9184
Fold 1, Epoch 56, Train Loss: 17.2967, Val Loss: 16.9707, Val Acc: 0.8526
Precision: 0.9929, Recall: 0.7482, F1-Score: 0.8532
Fold 1, Epoch 57, Train Loss: 15.0275, Val Loss: 14.2722, Val Acc: 0.7478
Precision: 0.9931, Recall: 0.7564, F1-Score: 0.8584
Fold 1, Epoch 58, Train Loss: 15.0070, Val Loss: 17.1567, Val Acc: 0.7547
Precision: 0.9932, Recall: 0.3343, F1-Score: 0.4997
Fold 1, Epoch 59, Train Loss: 15.9262, Val Loss: 23.0474, Val Acc: 0.3340
Precision: 0.9918, Recall: 0.0383, F1-Score: 0.0723
Fold 1, Epoch 60, Train Loss: 22.9113, Val Loss: 25.2902, Val Acc: 0.0385
Precision: 0.9928, Recall: 0.9367, F1-Score: 0.9639
Fold 1, Epoch 61, Train Loss: 23.1086, Val Loss: 21.7073, Val Acc: 0.9361
Precision: 0.9930, Recall: 0.9202, F1-Score: 0.9550
Fold 1, Epoch 62, Train Loss: 21.9678, Val Loss: 22.8618, Val Acc: 0.9190
Precision: 0.9934, Recall: 0.4717, F1-Score: 0.6391
Fold 1, Epoch 63, Train Loss: 24.4063, Val Loss: 21.7692, Val Acc: 0.4695
Precision: 0.9933, Recall: 0.9351, F1-Score: 0.9630
Fold 1, Epoch 64, Train Loss: 18.7588, Val Loss: 11.8205, Val Acc: 0.9345
Precision: 0.9933, Recall: 0.1987, F1-Score: 0.3304
Fold 1, Epoch 65, Train Loss: 10.5777, Val Loss: 12.1836, Val Acc: 0.1981
Precision: 0.9933, Recall: 0.3279, F1-Score: 0.4926
Fold 1, Epoch 66, Train Loss: 8.2605, Val Loss: 7.3607, Val Acc: 0.3272
Precision: 0.9933, Recall: 0.1272, F1-Score: 0.2246
Fold 1, Epoch 67, Train Loss: 5.1686, Val Loss: 4.5295, Val Acc: 0.1270
Precision: 0.9933, Recall: 0.4325, F1-Score: 0.6022
Fold 1, Epoch 68, Train Loss: 3.7857, Val Loss: 3.1835, Val Acc: 0.4327
Precision: 0.9934, Recall: 0.7126, F1-Score: 0.8296
Fold 1, Epoch 69, Train Loss: 3.0916, Val Loss: 3.1000, Val Acc: 0.7089
Precision: 0.9936, Recall: 0.8102, F1-Score: 0.8924
Fold 1, Epoch 70, Train Loss: 2.8826, Val Loss: 2.5580, Val Acc: 0.8058
Precision: 0.9935, Recall: 0.8722, F1-Score: 0.9287
Fold 1, Epoch 71, Train Loss: 2.6548, Val Loss: 2.5544, Val Acc: 0.8689
Precision: 0.9938, Recall: 0.9186, F1-Score: 0.9544
Fold 1, Epoch 72, Train Loss: 2.6952, Val Loss: 2.4123, Val Acc: 0.9167
Precision: 0.9938, Recall: 0.9718, F1-Score: 0.9825
Fold 1, Epoch 73, Train Loss: 2.5010, Val Loss: 2.3735, Val Acc: 0.9713
Precision: 0.9939, Recall: 0.9013, F1-Score: 0.9451
Fold 1, Epoch 74, Train Loss: 2.4406, Val Loss: 2.3527, Val Acc: 0.8986
Precision: 0.9935, Recall: 0.9615, F1-Score: 0.9770
Fold 1, Epoch 75, Train Loss: 2.3791, Val Loss: 2.3246, Val Acc: 0.9609
Precision: 0.9935, Recall: 0.9895, F1-Score: 0.9914
Fold 1, Epoch 76, Train Loss: 2.3868, Val Loss: 2.2214, Val Acc: 0.9896
Precision: 0.9935, Recall: 0.9873, F1-Score: 0.9901
Fold 1, Epoch 77, Train Loss: 2.3797, Val Loss: 2.2901, Val Acc: 0.9872
Precision: 0.9939, Recall: 0.9743, F1-Score: 0.9836
Fold 1, Epoch 78, Train Loss: 2.3279, Val Loss: 2.2930, Val Acc: 0.9736
Precision: 0.9938, Recall: 0.9773, F1-Score: 0.9852
Fold 1, Epoch 79, Train Loss: 2.2756, Val Loss: 2.2332, Val Acc: 0.9765
Precision: 0.9938, Recall: 0.9880, F1-Score: 0.9906
Fold 1, Epoch 80, Train Loss: 2.2553, Val Loss: 2.2035, Val Acc: 0.9880
Precision: 0.9940, Recall: 0.9824, F1-Score: 0.9878
Fold 1, Epoch 81, Train Loss: 2.2102, Val Loss: 2.1858, Val Acc: 0.9824
Precision: 0.9943, Recall: 0.9837, F1-Score: 0.9885
Fold 1, Epoch 82, Train Loss: 2.1857, Val Loss: 2.1242, Val Acc: 0.9834
Precision: 0.9941, Recall: 0.9871, F1-Score: 0.9903
Fold 1, Epoch 83, Train Loss: 2.1272, Val Loss: 2.1353, Val Acc: 0.9872
Precision: 0.9943, Recall: 0.9886, F1-Score: 0.9911
Fold 1, Epoch 84, Train Loss: 2.0901, Val Loss: 2.1213, Val Acc: 0.9886
Precision: 0.9942, Recall: 0.9893, F1-Score: 0.9915
Fold 1, Epoch 85, Train Loss: 2.0511, Val Loss: 2.0841, Val Acc: 0.9893
Precision: 0.9939, Recall: 0.9898, F1-Score: 0.9915
Fold 1, Epoch 86, Train Loss: 1.9763, Val Loss: 2.1460, Val Acc: 0.9899
Precision: 0.9940, Recall: 0.9835, F1-Score: 0.9884
Fold 1, Epoch 87, Train Loss: 1.9589, Val Loss: 1.9548, Val Acc: 0.9832
Precision: 0.9938, Recall: 0.9871, F1-Score: 0.9903
Fold 1, Epoch 88, Train Loss: 1.9529, Val Loss: 1.9803, Val Acc: 0.9871
Precision: 0.9943, Recall: 0.9875, F1-Score: 0.9905
Fold 1, Epoch 89, Train Loss: 1.8658, Val Loss: 1.9120, Val Acc: 0.9874
Precision: 0.9941, Recall: 0.9794, F1-Score: 0.9863
Fold 1, Epoch 90, Train Loss: 1.8366, Val Loss: 1.7992, Val Acc: 0.9788
Precision: 0.9940, Recall: 0.9833, F1-Score: 0.9883
Fold 1, Epoch 91, Train Loss: 1.7945, Val Loss: 1.7330, Val Acc: 0.9831
Precision: 0.9945, Recall: 0.9871, F1-Score: 0.9904
Fold 1, Epoch 92, Train Loss: 1.8005, Val Loss: 1.6874, Val Acc: 0.9869
Precision: 0.9943, Recall: 0.9878, F1-Score: 0.9907
Fold 1, Epoch 93, Train Loss: 1.7782, Val Loss: 1.6508, Val Acc: 0.9878
Precision: 0.9943, Recall: 0.9854, F1-Score: 0.9896
Fold 1, Epoch 94, Train Loss: 1.7758, Val Loss: 1.6064, Val Acc: 0.9853
Precision: 0.9941, Recall: 0.9775, F1-Score: 0.9854
Fold 1, Epoch 95, Train Loss: 1.7038, Val Loss: 1.6004, Val Acc: 0.9773
Precision: 0.9943, Recall: 0.9895, F1-Score: 0.9916
Fold 1, Epoch 96, Train Loss: 1.7269, Val Loss: 1.5993, Val Acc: 0.9895
Precision: 0.9942, Recall: 0.9898, F1-Score: 0.9917
Fold 1, Epoch 97, Train Loss: 1.6597, Val Loss: 1.5846, Val Acc: 0.9898
Precision: 0.9943, Recall: 0.9884, F1-Score: 0.9910
Fold 1, Epoch 98, Train Loss: 1.6327, Val Loss: 1.5501, Val Acc: 0.9885
Precision: 0.9943, Recall: 0.9855, F1-Score: 0.9895
Fold 1, Epoch 99, Train Loss: 1.6581, Val Loss: 1.5154, Val Acc: 0.9855

--- Epoch 100 ---
--- Epoch 100 ---
--- Epoch 100 ---



--- Epoch 100 ---
Class Weights: [2.1197900e-05 5.3890608e-02 5.3172067e-02 5.7795726e-02 5.8645662e-02
 5.3172067e-02 5.1790975e-02 5.6167677e-02 5.5387571e-02 5.2472435e-02
 5.7795726e-02 5.0479811e-02 6.0422804e-02 5.2472435e-02 5.8645662e-02
 5.3890608e-02 5.7795726e-02 6.1352387e-02 5.4628838e-02]
Learning Rate: 0.005987369392383786
Train Loss: 1.6504, Val Loss: 1.5014
Class Weights: [2.1197900e-05 5.3890608e-02 5.3172067e-02 5.7795726e-02 5.8645662e-02
 5.3172067e-02 5.1790975e-02 5.6167677e-02 5.5387571e-02 5.2472435e-02
 5.7795726e-02 5.0479811e-02 6.0422804e-02 5.2472435e-02 5.8645662e-02
 5.3890608e-02 5.7795726e-02 6.1352387e-02 5.4628838e-02]
Class Weights: [2.1197900e-05 5.3890608e-02 5.3172067e-02 5.7795726e-02 5.8645662e-02
 5.3172067e-02 5.1790975e-02 5.6167677e-02 5.5387571e-02 5.2472435e-02
 5.7795726e-02 5.0479811e-02 6.0422804e-02 5.2472435e-02 5.8645662e-02
 5.3890608e-02 5.7795726e-02 6.1352387e-02 5.4628838e-02]
Learning Rate: 0.005987369392383786
Class Weights: [2.1197900e-05 5.3890608e-02 5.3172067e-02 5.7795726e-02 5.8645662e-02
 5.3172067e-02 5.1790975e-02 5.6167677e-02 5.5387571e-02 5.2472435e-02
 5.7795726e-02 5.0479811e-02 6.0422804e-02 5.2472435e-02 5.8645662e-02
 5.3890608e-02 5.7795726e-02 6.1352387e-02 5.4628838e-02]Learning Rate: 0.005987369392383786

Learning Rate: 0.005987369392383786
Train Loss: 1.6504, Val Loss: 1.5014
Train Loss: 1.6504, Val Loss: 1.5014
Train Loss: 1.6504, Val Loss: 1.5014
Per-Class Precision: [0.99999309 0.13953488 0.07894737 0.13138686 0.2        0.12027491
 0.2        0.18055556 0.28358209 0.02321238 0.07596513 0.05263158
 0.08333333 0.32275132 0.         0.28865979 0.28125    0.14814815
 0.32222222]
Per-Class Recall: [0.98531378 0.06       0.06       0.24       0.23       0.35
 0.06       0.34666667 0.152      0.696      0.488      0.04
 0.01       0.488      0.         0.56       0.495      0.02285714
 0.16571429]
Per-Class F1-Score: [0.99259917 0.08391608 0.06818182 0.16981132 0.21395349 0.17902813
 0.09230769 0.23744292 0.19791667 0.04492641 0.13146552 0.04545455
 0.01785714 0.38853503 0.         0.38095238 0.35869565 0.03960396
 0.21886792]
Support per Class: [293949    100     50     75    100    100    100     75    125    125
    125     50    100    125    125    100    200    175    175]
Weighted Precision: 0.9944, Weighted Recall: 0.9804, Weighted F1-Score: 0.9870
Precision: 0.9944, Recall: 0.9804, F1-Score: 0.9870
Fold 1, Epoch 100, Train Loss: 1.6504, Val Loss: 1.5014, Val Acc: 0.9799
Precision: 0.9947, Recall: 0.9897, F1-Score: 0.9916
Fold 1, Epoch 101, Train Loss: 1.6297, Val Loss: 1.5142, Val Acc: 0.9899
Precision: 0.9947, Recall: 0.9884, F1-Score: 0.9911
Fold 1, Epoch 102, Train Loss: 1.5601, Val Loss: 1.4503, Val Acc: 0.9884
Precision: 0.9943, Recall: 0.9780, F1-Score: 0.9858
Fold 1, Epoch 103, Train Loss: 1.5453, Val Loss: 1.4112, Val Acc: 0.9771
Precision: 0.9945, Recall: 0.9884, F1-Score: 0.9911
Fold 1, Epoch 104, Train Loss: 1.4966, Val Loss: 1.5146, Val Acc: 0.9886
Precision: 0.9949, Recall: 0.9894, F1-Score: 0.9915
Fold 1, Epoch 105, Train Loss: 1.5394, Val Loss: 1.4224, Val Acc: 0.9894
Precision: 0.9947, Recall: 0.9870, F1-Score: 0.9905
Fold 1, Epoch 106, Train Loss: 1.5354, Val Loss: 1.4364, Val Acc: 0.9869
Precision: 0.9948, Recall: 0.9874, F1-Score: 0.9905
Fold 1, Epoch 107, Train Loss: 1.4692, Val Loss: 1.3718, Val Acc: 0.9873
Precision: 0.9947, Recall: 0.9893, F1-Score: 0.9914
Fold 1, Epoch 108, Train Loss: 1.4930, Val Loss: 1.4774, Val Acc: 0.9895
Precision: 0.9945, Recall: 0.9899, F1-Score: 0.9919
Fold 1, Epoch 109, Train Loss: 1.4908, Val Loss: 1.3142, Val Acc: 0.9899
Precision: 0.9947, Recall: 0.9888, F1-Score: 0.9913
Fold 1, Epoch 110, Train Loss: 1.3751, Val Loss: 1.3363, Val Acc: 0.9889
Precision: 0.9945, Recall: 0.9887, F1-Score: 0.9913
Fold 1, Epoch 111, Train Loss: 1.3662, Val Loss: 1.2755, Val Acc: 0.9887
Precision: 0.9948, Recall: 0.9882, F1-Score: 0.9910
Fold 1, Epoch 112, Train Loss: 1.3995, Val Loss: 1.2889, Val Acc: 0.9883
Precision: 0.9947, Recall: 0.9885, F1-Score: 0.9912
Fold 1, Epoch 113, Train Loss: 1.3684, Val Loss: 1.2706, Val Acc: 0.9885
Precision: 0.9949, Recall: 0.9894, F1-Score: 0.9918
Fold 1, Epoch 114, Train Loss: 1.3796, Val Loss: 1.2432, Val Acc: 0.9892
Precision: 0.9945, Recall: 0.9892, F1-Score: 0.9915
Fold 1, Epoch 115, Train Loss: 1.2987, Val Loss: 1.2929, Val Acc: 0.9893
Precision: 0.9943, Recall: 0.9893, F1-Score: 0.9915
Fold 1, Epoch 116, Train Loss: 1.3222, Val Loss: 1.4965, Val Acc: 0.9894
Precision: 0.9944, Recall: 0.9872, F1-Score: 0.9905
Fold 1, Epoch 117, Train Loss: 1.4232, Val Loss: 1.2621, Val Acc: 0.9874
Precision: 0.9947, Recall: 0.9863, F1-Score: 0.9901
Fold 1, Epoch 118, Train Loss: 1.3887, Val Loss: 1.1951, Val Acc: 0.9862
Precision: 0.9947, Recall: 0.9882, F1-Score: 0.9910
Fold 1, Epoch 119, Train Loss: 1.3089, Val Loss: 1.2078, Val Acc: 0.9884
Precision: 0.9949, Recall: 0.9901, F1-Score: 0.9921
Fold 1, Epoch 120, Train Loss: 1.3351, Val Loss: 1.2194, Val Acc: 0.9901
Precision: 0.9948, Recall: 0.9888, F1-Score: 0.9913
Fold 1, Epoch 121, Train Loss: 1.3437, Val Loss: 1.3023, Val Acc: 0.9888
Precision: 0.9947, Recall: 0.9867, F1-Score: 0.9903
Fold 1, Epoch 122, Train Loss: 1.3382, Val Loss: 1.1828, Val Acc: 0.9868
Precision: 0.9950, Recall: 0.9893, F1-Score: 0.9919
Fold 1, Epoch 123, Train Loss: 1.2619, Val Loss: 1.0967, Val Acc: 0.9891
Precision: 0.9948, Recall: 0.9887, F1-Score: 0.9913
Fold 1, Epoch 124, Train Loss: 1.2741, Val Loss: 1.2248, Val Acc: 0.9884
Precision: 0.9948, Recall: 0.9875, F1-Score: 0.9908
Fold 1, Epoch 125, Train Loss: 1.3171, Val Loss: 1.1711, Val Acc: 0.9875
Precision: 0.9950, Recall: 0.9860, F1-Score: 0.9899
Fold 1, Epoch 126, Train Loss: 1.4436, Val Loss: 1.1496, Val Acc: 0.9861
Precision: 0.9947, Recall: 0.9815, F1-Score: 0.9876
Fold 1, Epoch 127, Train Loss: 1.3027, Val Loss: 1.1425, Val Acc: 0.9814
Precision: 0.9952, Recall: 0.9908, F1-Score: 0.9925
Fold 1, Epoch 128, Train Loss: 1.2162, Val Loss: 1.1884, Val Acc: 0.9907
Precision: 0.9951, Recall: 0.9908, F1-Score: 0.9927
Fold 1, Epoch 129, Train Loss: 1.2051, Val Loss: 1.0389, Val Acc: 0.9907
Precision: 0.9952, Recall: 0.9814, F1-Score: 0.9877
Fold 1, Epoch 130, Train Loss: 1.1824, Val Loss: 1.0909, Val Acc: 0.9813
Precision: 0.9950, Recall: 0.9882, F1-Score: 0.9910
Fold 1, Epoch 131, Train Loss: 1.2137, Val Loss: 1.1447, Val Acc: 0.9880
Precision: 0.9951, Recall: 0.9884, F1-Score: 0.9911
Fold 1, Epoch 132, Train Loss: 1.1334, Val Loss: 1.0628, Val Acc: 0.9882
Precision: 0.9952, Recall: 0.9877, F1-Score: 0.9910
Fold 1, Epoch 133, Train Loss: 1.0917, Val Loss: 1.0202, Val Acc: 0.9879
Precision: 0.9952, Recall: 0.9875, F1-Score: 0.9908
Fold 1, Epoch 134, Train Loss: 1.0364, Val Loss: 0.9787, Val Acc: 0.9874
Precision: 0.9951, Recall: 0.9900, F1-Score: 0.9922
Fold 1, Epoch 135, Train Loss: 1.0216, Val Loss: 1.0051, Val Acc: 0.9897
Precision: 0.9952, Recall: 0.9872, F1-Score: 0.9908
Fold 1, Epoch 136, Train Loss: 1.0660, Val Loss: 0.9423, Val Acc: 0.9871
Precision: 0.9952, Recall: 0.9842, F1-Score: 0.9890
Fold 1, Epoch 137, Train Loss: 1.0239, Val Loss: 1.1808, Val Acc: 0.9840
Precision: 0.9948, Recall: 0.9902, F1-Score: 0.9921
Fold 1, Epoch 138, Train Loss: 0.9722, Val Loss: 0.9534, Val Acc: 0.9903
Precision: 0.9947, Recall: 0.9779, F1-Score: 0.9858
Fold 1, Epoch 139, Train Loss: 1.0657, Val Loss: 1.0207, Val Acc: 0.9776
Precision: 0.9952, Recall: 0.9901, F1-Score: 0.9924
Fold 1, Epoch 140, Train Loss: 1.0048, Val Loss: 0.8717, Val Acc: 0.9901
Precision: 0.9954, Recall: 0.9860, F1-Score: 0.9902
Fold 1, Epoch 141, Train Loss: 0.9445, Val Loss: 0.8879, Val Acc: 0.9858
Precision: 0.9955, Recall: 0.9902, F1-Score: 0.9924
Fold 1, Epoch 142, Train Loss: 0.9669, Val Loss: 0.8559, Val Acc: 0.9902
Precision: 0.9952, Recall: 0.9879, F1-Score: 0.9908
Fold 1, Epoch 143, Train Loss: 0.8967, Val Loss: 1.0846, Val Acc: 0.9878
Precision: 0.9949, Recall: 0.9894, F1-Score: 0.9918
Fold 1, Epoch 144, Train Loss: 1.0001, Val Loss: 1.3988, Val Acc: 0.9892
Precision: 0.9953, Recall: 0.9839, F1-Score: 0.9889
Fold 1, Epoch 145, Train Loss: 1.2062, Val Loss: 0.9486, Val Acc: 0.9837
Precision: 0.9956, Recall: 0.9894, F1-Score: 0.9920
Fold 1, Epoch 146, Train Loss: 1.0675, Val Loss: 1.0338, Val Acc: 0.9894
Precision: 0.9957, Recall: 0.9894, F1-Score: 0.9920
Fold 1, Epoch 147, Train Loss: 0.9776, Val Loss: 0.9888, Val Acc: 0.9893
Precision: 0.9955, Recall: 0.9898, F1-Score: 0.9923
Fold 1, Epoch 148, Train Loss: 0.9055, Val Loss: 0.8006, Val Acc: 0.9897
Precision: 0.9954, Recall: 0.9897, F1-Score: 0.9922
Fold 1, Epoch 149, Train Loss: 0.9324, Val Loss: 0.7902, Val Acc: 0.9895
Precision: 0.9950, Recall: 0.9860, F1-Score: 0.9901
Fold 1, Epoch 150, Train Loss: 1.0615, Val Loss: 0.8950, Val Acc: 0.9861
Precision: 0.9953, Recall: 0.9813, F1-Score: 0.9878
Fold 1, Epoch 151, Train Loss: 0.9945, Val Loss: 0.8394, Val Acc: 0.9812
Precision: 0.9956, Recall: 0.9896, F1-Score: 0.9922
Fold 1, Epoch 152, Train Loss: 0.9030, Val Loss: 0.8423, Val Acc: 0.9894
Precision: 0.9955, Recall: 0.9914, F1-Score: 0.9930
Fold 1, Epoch 153, Train Loss: 0.8357, Val Loss: 0.8283, Val Acc: 0.9914
Precision: 0.9956, Recall: 0.9912, F1-Score: 0.9929
Fold 1, Epoch 154, Train Loss: 0.8317, Val Loss: 0.8153, Val Acc: 0.9911
Precision: 0.9956, Recall: 0.9823, F1-Score: 0.9881
Fold 1, Epoch 155, Train Loss: 0.7922, Val Loss: 0.9879, Val Acc: 0.9820
Precision: 0.9956, Recall: 0.9847, F1-Score: 0.9895
Fold 1, Epoch 156, Train Loss: 0.8800, Val Loss: 0.7102, Val Acc: 0.9846
Precision: 0.9954, Recall: 0.9781, F1-Score: 0.9863
Fold 1, Epoch 157, Train Loss: 0.8996, Val Loss: 0.7240, Val Acc: 0.9779
Precision: 0.9952, Recall: 0.9834, F1-Score: 0.9889
Fold 1, Epoch 158, Train Loss: 0.8768, Val Loss: 0.8597, Val Acc: 0.9834
Precision: 0.9957, Recall: 0.9896, F1-Score: 0.9920
Fold 1, Epoch 159, Train Loss: 0.8527, Val Loss: 1.0753, Val Acc: 0.9894
Precision: 0.9956, Recall: 0.9902, F1-Score: 0.9924
Fold 1, Epoch 160, Train Loss: 0.8491, Val Loss: 0.8385, Val Acc: 0.9901
Precision: 0.9956, Recall: 0.9779, F1-Score: 0.9862
Fold 1, Epoch 161, Train Loss: 0.8380, Val Loss: 0.8295, Val Acc: 0.9778
Precision: 0.9955, Recall: 0.9887, F1-Score: 0.9915
Fold 1, Epoch 162, Train Loss: 0.7855, Val Loss: 0.7610, Val Acc: 0.9885
Precision: 0.9958, Recall: 0.9915, F1-Score: 0.9932
Fold 1, Epoch 163, Train Loss: 0.7080, Val Loss: 0.6403, Val Acc: 0.9913
Precision: 0.9956, Recall: 0.9911, F1-Score: 0.9930
Fold 1, Epoch 164, Train Loss: 0.7077, Val Loss: 0.6297, Val Acc: 0.9911
Precision: 0.9956, Recall: 0.9769, F1-Score: 0.9855
Fold 1, Epoch 165, Train Loss: 0.7004, Val Loss: 0.6601, Val Acc: 0.9771
Precision: 0.9960, Recall: 0.9828, F1-Score: 0.9889
Fold 1, Epoch 166, Train Loss: 0.6981, Val Loss: 0.5694, Val Acc: 0.9825
Precision: 0.9958, Recall: 0.9880, F1-Score: 0.9915
Fold 1, Epoch 167, Train Loss: 0.7738, Val Loss: 0.5975, Val Acc: 0.9880
Precision: 0.9956, Recall: 0.9878, F1-Score: 0.9912
Fold 1, Epoch 168, Train Loss: 0.7451, Val Loss: 0.7098, Val Acc: 0.9879
Precision: 0.9955, Recall: 0.9917, F1-Score: 0.9931
Fold 1, Epoch 169, Train Loss: 0.7148, Val Loss: 0.8002, Val Acc: 0.9915
Precision: 0.9954, Recall: 0.9882, F1-Score: 0.9913
Fold 1, Epoch 170, Train Loss: 0.7244, Val Loss: 0.7555, Val Acc: 0.9883
Precision: 0.9959, Recall: 0.9893, F1-Score: 0.9921
Fold 1, Epoch 171, Train Loss: 0.7078, Val Loss: 0.6194, Val Acc: 0.9891
Precision: 0.9956, Recall: 0.9889, F1-Score: 0.9919
Fold 1, Epoch 172, Train Loss: 0.6808, Val Loss: 0.5728, Val Acc: 0.9889
Precision: 0.9959, Recall: 0.9909, F1-Score: 0.9931
Fold 1, Epoch 173, Train Loss: 0.6653, Val Loss: 0.5339, Val Acc: 0.9910
Precision: 0.9961, Recall: 0.9917, F1-Score: 0.9935
Fold 1, Epoch 174, Train Loss: 0.6392, Val Loss: 0.6872, Val Acc: 0.9915
Precision: 0.9956, Recall: 0.9899, F1-Score: 0.9922
Fold 1, Epoch 175, Train Loss: 0.6016, Val Loss: 0.6284, Val Acc: 0.9895
Precision: 0.9958, Recall: 0.9907, F1-Score: 0.9927
Fold 1, Epoch 176, Train Loss: 0.6746, Val Loss: 0.6366, Val Acc: 0.9904
Precision: 0.9958, Recall: 0.9906, F1-Score: 0.9929
Fold 1, Epoch 177, Train Loss: 0.6414, Val Loss: 0.5545, Val Acc: 0.9905
Precision: 0.9958, Recall: 0.9912, F1-Score: 0.9932
Fold 1, Epoch 178, Train Loss: 0.6221, Val Loss: 0.5312, Val Acc: 0.9910
Precision: 0.9958, Recall: 0.9893, F1-Score: 0.9921
Fold 1, Epoch 179, Train Loss: 0.5953, Val Loss: 0.6996, Val Acc: 0.9889
Precision: 0.9958, Recall: 0.9757, F1-Score: 0.9851
Fold 1, Epoch 180, Train Loss: 0.6335, Val Loss: 0.5760, Val Acc: 0.9751
Precision: 0.9958, Recall: 0.9894, F1-Score: 0.9922
Fold 1, Epoch 181, Train Loss: 0.6052, Val Loss: 0.5094, Val Acc: 0.9893
Precision: 0.9953, Recall: 0.9891, F1-Score: 0.9919
Fold 1, Epoch 182, Train Loss: 0.5743, Val Loss: 0.7663, Val Acc: 0.9889
Precision: 0.9952, Recall: 0.9794, F1-Score: 0.9866
Fold 1, Epoch 183, Train Loss: 0.6939, Val Loss: 0.7530, Val Acc: 0.9788
Precision: 0.9958, Recall: 0.9912, F1-Score: 0.9930
Fold 1, Epoch 184, Train Loss: 0.6253, Val Loss: 0.6881, Val Acc: 0.9912
Precision: 0.9961, Recall: 0.9924, F1-Score: 0.9938
Fold 1, Epoch 185, Train Loss: 0.6254, Val Loss: 0.5350, Val Acc: 0.9923
Precision: 0.9961, Recall: 0.9903, F1-Score: 0.9928
Fold 1, Epoch 186, Train Loss: 0.5838, Val Loss: 0.4983, Val Acc: 0.9899
Precision: 0.9959, Recall: 0.9900, F1-Score: 0.9925
Fold 1, Epoch 187, Train Loss: 0.5919, Val Loss: 0.4586, Val Acc: 0.9900
Precision: 0.9960, Recall: 0.9922, F1-Score: 0.9937
Fold 1, Epoch 188, Train Loss: 0.5209, Val Loss: 0.5182, Val Acc: 0.9920
Precision: 0.9960, Recall: 0.9924, F1-Score: 0.9938
Fold 1, Epoch 189, Train Loss: 0.4888, Val Loss: 0.5487, Val Acc: 0.9920
Precision: 0.9960, Recall: 0.9908, F1-Score: 0.9929
Fold 1, Epoch 190, Train Loss: 0.5029, Val Loss: 0.5562, Val Acc: 0.9905
Precision: 0.9955, Recall: 0.9614, F1-Score: 0.9776
Fold 1, Epoch 191, Train Loss: 0.5586, Val Loss: 0.6263, Val Acc: 0.9612
Precision: 0.9953, Recall: 0.9858, F1-Score: 0.9900
Fold 1, Epoch 192, Train Loss: 0.5687, Val Loss: 0.5408, Val Acc: 0.9860
Precision: 0.9955, Recall: 0.9866, F1-Score: 0.9906
Fold 1, Epoch 193, Train Loss: 0.6193, Val Loss: 0.6672, Val Acc: 0.9864
Precision: 0.9957, Recall: 0.9861, F1-Score: 0.9904
Fold 1, Epoch 194, Train Loss: 0.7061, Val Loss: 0.5836, Val Acc: 0.9862
Precision: 0.9958, Recall: 0.9921, F1-Score: 0.9935
Fold 1, Epoch 195, Train Loss: 0.5725, Val Loss: 0.5409, Val Acc: 0.9920
Precision: 0.9959, Recall: 0.9927, F1-Score: 0.9939
Fold 1, Epoch 196, Train Loss: 0.5228, Val Loss: 0.6590, Val Acc: 0.9925
Precision: 0.9958, Recall: 0.9917, F1-Score: 0.9934
Fold 1, Epoch 197, Train Loss: 0.5213, Val Loss: 0.5299, Val Acc: 0.9914
Precision: 0.9956, Recall: 0.9783, F1-Score: 0.9863
Fold 1, Epoch 198, Train Loss: 0.5211, Val Loss: 0.4885, Val Acc: 0.9779
Precision: 0.9958, Recall: 0.9825, F1-Score: 0.9887
Fold 1, Epoch 199, Train Loss: 0.5138, Val Loss: 0.4017, Val Acc: 0.9823

--- Epoch 200 ---
--- Epoch 200 ---

--- Epoch 200 ---


--- Epoch 200 ---
Class Weights: [2.1197900e-05 5.3890608e-02 5.3172067e-02 5.7795726e-02 5.8645662e-02
 5.3172067e-02 5.1790975e-02 5.6167677e-02 5.5387571e-02 5.2472435e-02
 5.7795726e-02 5.0479811e-02 6.0422804e-02 5.2472435e-02 5.8645662e-02
 5.3890608e-02 5.7795726e-02 6.1352387e-02 5.4628838e-02]Class Weights: [2.1197900e-05 5.3890608e-02 5.3172067e-02 5.7795726e-02 5.8645662e-02
 5.3172067e-02 5.1790975e-02 5.6167677e-02 5.5387571e-02 5.2472435e-02
 5.7795726e-02 5.0479811e-02 6.0422804e-02 5.2472435e-02 5.8645662e-02
 5.3890608e-02 5.7795726e-02 6.1352387e-02 5.4628838e-02]
Class Weights: [2.1197900e-05 5.3890608e-02 5.3172067e-02 5.7795726e-02 5.8645662e-02
 5.3172067e-02 5.1790975e-02 5.6167677e-02 5.5387571e-02 5.2472435e-02
 5.7795726e-02 5.0479811e-02 6.0422804e-02 5.2472435e-02 5.8645662e-02
 5.3890608e-02 5.7795726e-02 6.1352387e-02 5.4628838e-02]

Learning Rate: 0.0035848592240854188
Learning Rate: 0.0035848592240854188Learning Rate: 0.0035848592240854188Class Weights: [2.1197900e-05 5.3890608e-02 5.3172067e-02 5.7795726e-02 5.8645662e-02
 5.3172067e-02 5.1790975e-02 5.6167677e-02 5.5387571e-02 5.2472435e-02
 5.7795726e-02 5.0479811e-02 6.0422804e-02 5.2472435e-02 5.8645662e-02
 5.3890608e-02 5.7795726e-02 6.1352387e-02 5.4628838e-02]


Learning Rate: 0.0035848592240854188
Train Loss: 0.5264, Val Loss: 0.4986
Train Loss: 0.5264, Val Loss: 0.4986Train Loss: 0.5264, Val Loss: 0.4986

Train Loss: 0.5264, Val Loss: 0.4986
Per-Class Precision: [0.99997946 0.67175573 0.42857143 0.79310345 0.36792453 0.4040404
 0.47674419 0.24050633 0.47938144 0.24489796 0.12983425 0.20555556
 0.33333333 0.50413223 0.13863636 0.37222222 0.49689441 0.48538012
 0.63888889]
Per-Class Recall: [0.99357031 0.88       0.72       0.92       0.78       0.4
 0.41       0.50666667 0.744      0.864      0.752      0.74
 0.33       0.488      0.488      0.67       0.8        0.47428571
 0.65714286]
Per-Class F1-Score: [0.99676458 0.76190476 0.53731343 0.85185185 0.5        0.40201005
 0.44086022 0.32618026 0.5830721  0.38162544 0.22143698 0.32173913
 0.33165829 0.49593496 0.2159292  0.47857143 0.61302682 0.47976879
 0.64788732]
Support per Class: [293949    100     50     75    100    100    100     75    125    125
    125     50    100    125    125    100    200    175    175]
Weighted Precision: 0.9960, Weighted Recall: 0.9912, Weighted F1-Score: 0.9933
Precision: 0.9960, Recall: 0.9912, F1-Score: 0.9933
Fold 1, Epoch 200, Train Loss: 0.5264, Val Loss: 0.4986, Val Acc: 0.9912
Precision: 0.9960, Recall: 0.9914, F1-Score: 0.9934
Fold 1, Epoch 201, Train Loss: 0.5183, Val Loss: 0.4525, Val Acc: 0.9914
Precision: 0.9963, Recall: 0.9929, F1-Score: 0.9943
Fold 1, Epoch 202, Train Loss: 0.4741, Val Loss: 0.3872, Val Acc: 0.9927
Precision: 0.9962, Recall: 0.9929, F1-Score: 0.9943
Fold 1, Epoch 203, Train Loss: 0.4920, Val Loss: 0.4049, Val Acc: 0.9928
Precision: 0.9958, Recall: 0.9898, F1-Score: 0.9922
Fold 1, Epoch 204, Train Loss: 0.4529, Val Loss: 0.7079, Val Acc: 0.9897
Precision: 0.9958, Recall: 0.9729, F1-Score: 0.9836
Fold 1, Epoch 205, Train Loss: 0.4559, Val Loss: 0.3775, Val Acc: 0.9727
Precision: 0.9958, Recall: 0.9896, F1-Score: 0.9923
Fold 1, Epoch 206, Train Loss: 0.4237, Val Loss: 0.5312, Val Acc: 0.9894
Precision: 0.9962, Recall: 0.9916, F1-Score: 0.9936
Fold 1, Epoch 207, Train Loss: 0.4208, Val Loss: 0.3728, Val Acc: 0.9915
Precision: 0.9961, Recall: 0.9906, F1-Score: 0.9929
Fold 1, Epoch 208, Train Loss: 0.4079, Val Loss: 0.3847, Val Acc: 0.9903
Precision: 0.9962, Recall: 0.9918, F1-Score: 0.9936
Fold 1, Epoch 209, Train Loss: 0.3863, Val Loss: 0.3580, Val Acc: 0.9915
Precision: 0.9961, Recall: 0.9908, F1-Score: 0.9930
Fold 1, Epoch 210, Train Loss: 0.3937, Val Loss: 0.3749, Val Acc: 0.9906
Precision: 0.9961, Recall: 0.9909, F1-Score: 0.9931
Fold 1, Epoch 211, Train Loss: 0.3963, Val Loss: 0.4314, Val Acc: 0.9910
Precision: 0.9962, Recall: 0.9882, F1-Score: 0.9917
Fold 1, Epoch 212, Train Loss: 0.4229, Val Loss: 0.3304, Val Acc: 0.9880
Precision: 0.9959, Recall: 0.9833, F1-Score: 0.9891
Fold 1, Epoch 213, Train Loss: 0.4464, Val Loss: 1.2044, Val Acc: 0.9831
Precision: 0.9961, Recall: 0.9857, F1-Score: 0.9904
Fold 1, Epoch 214, Train Loss: 0.5148, Val Loss: 0.3450, Val Acc: 0.9859
Precision: 0.9962, Recall: 0.9924, F1-Score: 0.9939
Fold 1, Epoch 215, Train Loss: 0.4585, Val Loss: 0.4436, Val Acc: 0.9925
Precision: 0.9962, Recall: 0.9918, F1-Score: 0.9932
Fold 1, Epoch 216, Train Loss: 0.4010, Val Loss: 0.9647, Val Acc: 0.9919
Precision: 0.9963, Recall: 0.9928, F1-Score: 0.9942
Fold 1, Epoch 217, Train Loss: 0.3834, Val Loss: 0.3645, Val Acc: 0.9927
Precision: 0.9960, Recall: 0.9920, F1-Score: 0.9937
Fold 1, Epoch 218, Train Loss: 0.3615, Val Loss: 0.4696, Val Acc: 0.9918
Precision: 0.9959, Recall: 0.9902, F1-Score: 0.9926
Fold 1, Epoch 219, Train Loss: 0.4071, Val Loss: 0.3903, Val Acc: 0.9901
Precision: 0.9960, Recall: 0.9906, F1-Score: 0.9929
Fold 1, Epoch 220, Train Loss: 0.4573, Val Loss: 0.3473, Val Acc: 0.9904
Precision: 0.9961, Recall: 0.9903, F1-Score: 0.9927
Fold 1, Epoch 221, Train Loss: 0.4462, Val Loss: 0.3559, Val Acc: 0.9901
Precision: 0.9963, Recall: 0.9910, F1-Score: 0.9932
Fold 1, Epoch 222, Train Loss: 0.4101, Val Loss: 0.3267, Val Acc: 0.9909
Precision: 0.9964, Recall: 0.9875, F1-Score: 0.9914
Fold 1, Epoch 223, Train Loss: 0.3572, Val Loss: 0.3253, Val Acc: 0.9872
Precision: 0.9965, Recall: 0.9927, F1-Score: 0.9942
Fold 1, Epoch 224, Train Loss: 0.3300, Val Loss: 0.3083, Val Acc: 0.9924
Precision: 0.9961, Recall: 0.9925, F1-Score: 0.9940
Fold 1, Epoch 225, Train Loss: 0.3464, Val Loss: 0.3497, Val Acc: 0.9924
Precision: 0.9959, Recall: 0.9853, F1-Score: 0.9902
Fold 1, Epoch 226, Train Loss: 0.3822, Val Loss: 0.5352, Val Acc: 0.9853
Precision: 0.9964, Recall: 0.9837, F1-Score: 0.9896
Fold 1, Epoch 227, Train Loss: 0.3580, Val Loss: 0.2786, Val Acc: 0.9833
Precision: 0.9964, Recall: 0.9929, F1-Score: 0.9943
Fold 1, Epoch 228, Train Loss: 0.3381, Val Loss: 0.3231, Val Acc: 0.9928
Precision: 0.9965, Recall: 0.9924, F1-Score: 0.9941
Fold 1, Epoch 229, Train Loss: 0.3362, Val Loss: 0.2877, Val Acc: 0.9923
Precision: 0.9965, Recall: 0.9927, F1-Score: 0.9942
Fold 1, Epoch 230, Train Loss: 0.3510, Val Loss: 0.2927, Val Acc: 0.9924
Precision: 0.9961, Recall: 0.9890, F1-Score: 0.9921
Fold 1, Epoch 231, Train Loss: 0.3248, Val Loss: 0.3516, Val Acc: 0.9887
Precision: 0.9960, Recall: 0.9871, F1-Score: 0.9910
Fold 1, Epoch 232, Train Loss: 0.3080, Val Loss: 0.3059, Val Acc: 0.9866
Precision: 0.9963, Recall: 0.9921, F1-Score: 0.9938
Fold 1, Epoch 233, Train Loss: 0.3181, Val Loss: 0.2973, Val Acc: 0.9918
Precision: 0.9963, Recall: 0.9922, F1-Score: 0.9938
Fold 1, Epoch 234, Train Loss: 0.3607, Val Loss: 0.3213, Val Acc: 0.9922
Precision: 0.9962, Recall: 0.9919, F1-Score: 0.9937
Fold 1, Epoch 235, Train Loss: 0.3224, Val Loss: 0.3587, Val Acc: 0.9917
Precision: 0.9965, Recall: 0.9878, F1-Score: 0.9916
Fold 1, Epoch 236, Train Loss: 0.3435, Val Loss: 0.2932, Val Acc: 0.9875
Precision: 0.9953, Recall: 0.9916, F1-Score: 0.9929
Fold 1, Epoch 237, Train Loss: 0.3795, Val Loss: 1.4353, Val Acc: 0.9914
Precision: 0.9953, Recall: 0.9831, F1-Score: 0.9886
Fold 1, Epoch 238, Train Loss: 0.8884, Val Loss: 0.9132, Val Acc: 0.9827
Precision: 0.9957, Recall: 0.9847, F1-Score: 0.9896
Fold 1, Epoch 239, Train Loss: 0.6115, Val Loss: 0.7079, Val Acc: 0.9842
Precision: 0.9962, Recall: 0.9920, F1-Score: 0.9937
Fold 1, Epoch 240, Train Loss: 0.6173, Val Loss: 0.6735, Val Acc: 0.9920
Precision: 0.9954, Recall: 0.9748, F1-Score: 0.9843
Fold 1, Epoch 241, Train Loss: 0.6373, Val Loss: 1.3692, Val Acc: 0.9739
Precision: 0.9957, Recall: 0.9885, F1-Score: 0.9914
Fold 1, Epoch 242, Train Loss: 0.6021, Val Loss: 1.7623, Val Acc: 0.9885
Precision: 0.9962, Recall: 0.9922, F1-Score: 0.9938
Fold 1, Epoch 243, Train Loss: 0.5403, Val Loss: 0.4111, Val Acc: 0.9919
Precision: 0.9963, Recall: 0.9919, F1-Score: 0.9938
Fold 1, Epoch 244, Train Loss: 0.4655, Val Loss: 0.3752, Val Acc: 0.9915
Precision: 0.9960, Recall: 0.9913, F1-Score: 0.9933
Fold 1, Epoch 245, Train Loss: 0.4199, Val Loss: 0.3727, Val Acc: 0.9911
Precision: 0.9961, Recall: 0.9892, F1-Score: 0.9921
Fold 1, Epoch 246, Train Loss: 0.4044, Val Loss: 0.5001, Val Acc: 0.9888
Precision: 0.9963, Recall: 0.9912, F1-Score: 0.9932
Fold 1, Epoch 247, Train Loss: 0.4043, Val Loss: 0.3598, Val Acc: 0.9905
Precision: 0.9964, Recall: 0.9932, F1-Score: 0.9945
Fold 1, Epoch 248, Train Loss: 0.4037, Val Loss: 0.3747, Val Acc: 0.9929
Precision: 0.9961, Recall: 0.9924, F1-Score: 0.9938
Fold 1, Epoch 249, Train Loss: 0.4218, Val Loss: 0.4340, Val Acc: 0.9920
Precision: 0.9962, Recall: 0.9816, F1-Score: 0.9883
Fold 1, Epoch 250, Train Loss: 0.4162, Val Loss: 0.3430, Val Acc: 0.9811
Precision: 0.9963, Recall: 0.9918, F1-Score: 0.9937
Fold 1, Epoch 251, Train Loss: 0.3817, Val Loss: 0.2797, Val Acc: 0.9917
Precision: 0.9965, Recall: 0.9937, F1-Score: 0.9947
Fold 1, Epoch 252, Train Loss: 0.3486, Val Loss: 0.3344, Val Acc: 0.9933
Precision: 0.9967, Recall: 0.9939, F1-Score: 0.9950
Fold 1, Epoch 253, Train Loss: 0.3493, Val Loss: 0.2737, Val Acc: 0.9936
Precision: 0.9966, Recall: 0.9926, F1-Score: 0.9940
Fold 1, Epoch 254, Train Loss: 0.3221, Val Loss: 0.2886, Val Acc: 0.9924
Precision: 0.9964, Recall: 0.9908, F1-Score: 0.9932
Fold 1, Epoch 255, Train Loss: 0.3303, Val Loss: 0.2957, Val Acc: 0.9908
Precision: 0.9967, Recall: 0.9929, F1-Score: 0.9945
Fold 1, Epoch 256, Train Loss: 0.3318, Val Loss: 0.2738, Val Acc: 0.9928
Precision: 0.9969, Recall: 0.9939, F1-Score: 0.9951
Fold 1, Epoch 257, Train Loss: 0.3121, Val Loss: 0.2441, Val Acc: 0.9936
Precision: 0.9969, Recall: 0.9934, F1-Score: 0.9948
Fold 1, Epoch 258, Train Loss: 0.3141, Val Loss: 0.2576, Val Acc: 0.9930
Precision: 0.9967, Recall: 0.9924, F1-Score: 0.9942
Fold 1, Epoch 259, Train Loss: 0.3087, Val Loss: 0.2497, Val Acc: 0.9922
Precision: 0.9965, Recall: 0.9927, F1-Score: 0.9942
Fold 1, Epoch 260, Train Loss: 0.2952, Val Loss: 0.2610, Val Acc: 0.9925
Precision: 0.9965, Recall: 0.9920, F1-Score: 0.9938
Fold 1, Epoch 261, Train Loss: 0.3302, Val Loss: 0.2606, Val Acc: 0.9916
Precision: 0.9963, Recall: 0.9928, F1-Score: 0.9941
Fold 1, Epoch 262, Train Loss: 0.3034, Val Loss: 0.3173, Val Acc: 0.9925
Precision: 0.9964, Recall: 0.9925, F1-Score: 0.9941
Fold 1, Epoch 263, Train Loss: 0.3491, Val Loss: 0.3437, Val Acc: 0.9922
Precision: 0.9958, Recall: 0.9882, F1-Score: 0.9915
Fold 1, Epoch 264, Train Loss: 0.3997, Val Loss: 1.0478, Val Acc: 0.9883
Precision: 0.9960, Recall: 0.9485, F1-Score: 0.9711
Fold 1, Epoch 265, Train Loss: 0.4223, Val Loss: 0.3824, Val Acc: 0.9485
Precision: 0.9967, Recall: 0.9947, F1-Score: 0.9954
Fold 1, Epoch 266, Train Loss: 0.3424, Val Loss: 0.3027, Val Acc: 0.9944
Precision: 0.9967, Recall: 0.9950, F1-Score: 0.9956
Fold 1, Epoch 267, Train Loss: 0.3108, Val Loss: 0.3467, Val Acc: 0.9947
Precision: 0.9968, Recall: 0.9944, F1-Score: 0.9953
Fold 1, Epoch 268, Train Loss: 0.3030, Val Loss: 0.2628, Val Acc: 0.9941
Precision: 0.9967, Recall: 0.9928, F1-Score: 0.9944
Fold 1, Epoch 269, Train Loss: 0.2807, Val Loss: 0.2265, Val Acc: 0.9928
Precision: 0.9964, Recall: 0.9927, F1-Score: 0.9941
Fold 1, Epoch 270, Train Loss: 0.2749, Val Loss: 0.2271, Val Acc: 0.9925
Precision: 0.9967, Recall: 0.9930, F1-Score: 0.9945
Fold 1, Epoch 271, Train Loss: 0.2662, Val Loss: 0.2315, Val Acc: 0.9928
Precision: 0.9965, Recall: 0.9926, F1-Score: 0.9941
Fold 1, Epoch 272, Train Loss: 0.2623, Val Loss: 0.2459, Val Acc: 0.9924
Precision: 0.9964, Recall: 0.9915, F1-Score: 0.9935
Fold 1, Epoch 273, Train Loss: 0.2618, Val Loss: 0.2272, Val Acc: 0.9911
Precision: 0.9963, Recall: 0.9919, F1-Score: 0.9937
Fold 1, Epoch 274, Train Loss: 0.2700, Val Loss: 0.2415, Val Acc: 0.9915
Precision: 0.9966, Recall: 0.9932, F1-Score: 0.9946
Fold 1, Epoch 275, Train Loss: 0.3007, Val Loss: 0.2180, Val Acc: 0.9929
Precision: 0.9967, Recall: 0.9934, F1-Score: 0.9947
Fold 1, Epoch 276, Train Loss: 0.2792, Val Loss: 0.2471, Val Acc: 0.9930
Precision: 0.9966, Recall: 0.9919, F1-Score: 0.9938
Fold 1, Epoch 277, Train Loss: 0.2830, Val Loss: 0.2133, Val Acc: 0.9919
Precision: 0.9967, Recall: 0.9932, F1-Score: 0.9946
Fold 1, Epoch 278, Train Loss: 0.2757, Val Loss: 0.2339, Val Acc: 0.9930
Precision: 0.9969, Recall: 0.9934, F1-Score: 0.9948
Fold 1, Epoch 279, Train Loss: 0.2801, Val Loss: 0.2150, Val Acc: 0.9932
Precision: 0.9967, Recall: 0.9929, F1-Score: 0.9944
Fold 1, Epoch 280, Train Loss: 0.2658, Val Loss: 0.2174, Val Acc: 0.9927
Precision: 0.9965, Recall: 0.9921, F1-Score: 0.9939
Fold 1, Epoch 281, Train Loss: 0.2689, Val Loss: 0.2514, Val Acc: 0.9920
Precision: 0.9965, Recall: 0.9918, F1-Score: 0.9938
Fold 1, Epoch 282, Train Loss: 0.2720, Val Loss: 0.2122, Val Acc: 0.9919
Precision: 0.9968, Recall: 0.9932, F1-Score: 0.9947
Fold 1, Epoch 283, Train Loss: 0.2939, Val Loss: 0.2121, Val Acc: 0.9931
Precision: 0.9968, Recall: 0.9940, F1-Score: 0.9951
Fold 1, Epoch 284, Train Loss: 0.2624, Val Loss: 0.2228, Val Acc: 0.9938
Precision: 0.9969, Recall: 0.9937, F1-Score: 0.9949
Fold 1, Epoch 285, Train Loss: 0.2883, Val Loss: 0.2121, Val Acc: 0.9935
Precision: 0.9969, Recall: 0.9940, F1-Score: 0.9951
Fold 1, Epoch 286, Train Loss: 0.2488, Val Loss: 0.2207, Val Acc: 0.9939
Precision: 0.9968, Recall: 0.9936, F1-Score: 0.9949
Fold 1, Epoch 287, Train Loss: 0.2626, Val Loss: 0.2187, Val Acc: 0.9935
Precision: 0.9967, Recall: 0.9926, F1-Score: 0.9943
Fold 1, Epoch 288, Train Loss: 0.2497, Val Loss: 0.1956, Val Acc: 0.9924
Precision: 0.9967, Recall: 0.9925, F1-Score: 0.9942
Fold 1, Epoch 289, Train Loss: 0.2562, Val Loss: 0.2016, Val Acc: 0.9922
Precision: 0.9967, Recall: 0.9929, F1-Score: 0.9944
Fold 1, Epoch 290, Train Loss: 0.2349, Val Loss: 0.1944, Val Acc: 0.9927
Precision: 0.9969, Recall: 0.9940, F1-Score: 0.9951
Fold 1, Epoch 291, Train Loss: 0.2340, Val Loss: 0.2092, Val Acc: 0.9937
Precision: 0.9968, Recall: 0.9939, F1-Score: 0.9950
Fold 1, Epoch 292, Train Loss: 0.2221, Val Loss: 0.2052, Val Acc: 0.9937
Precision: 0.9966, Recall: 0.9894, F1-Score: 0.9925
Fold 1, Epoch 293, Train Loss: 0.2371, Val Loss: 0.2034, Val Acc: 0.9893
Precision: 0.9966, Recall: 0.9861, F1-Score: 0.9908
Fold 1, Epoch 294, Train Loss: 0.2272, Val Loss: 0.1934, Val Acc: 0.9861
Precision: 0.9970, Recall: 0.9938, F1-Score: 0.9950
Fold 1, Epoch 295, Train Loss: 0.2277, Val Loss: 0.1872, Val Acc: 0.9936
Precision: 0.9965, Recall: 0.9926, F1-Score: 0.9942
Fold 1, Epoch 296, Train Loss: 0.2327, Val Loss: 0.2186, Val Acc: 0.9925
Precision: 0.9967, Recall: 0.9931, F1-Score: 0.9946
Fold 1, Epoch 297, Train Loss: 0.2464, Val Loss: 0.2067, Val Acc: 0.9930
Precision: 0.9967, Recall: 0.9928, F1-Score: 0.9943
Fold 1, Epoch 298, Train Loss: 0.2785, Val Loss: 0.2194, Val Acc: 0.9924
Precision: 0.9967, Recall: 0.9927, F1-Score: 0.9943
Fold 1, Epoch 299, Train Loss: 0.2479, Val Loss: 0.2068, Val Acc: 0.9924

--- Epoch 300 ---
--- Epoch 300 ---
--- Epoch 300 ---


--- Epoch 300 ---

Class Weights: [2.1197900e-05 5.3890608e-02 5.3172067e-02 5.7795726e-02 5.8645662e-02
 5.3172067e-02 5.1790975e-02 5.6167677e-02 5.5387571e-02 5.2472435e-02
 5.7795726e-02 5.0479811e-02 6.0422804e-02 5.2472435e-02 5.8645662e-02
 5.3890608e-02 5.7795726e-02 6.1352387e-02 5.4628838e-02]Class Weights: [2.1197900e-05 5.3890608e-02 5.3172067e-02 5.7795726e-02 5.8645662e-02
 5.3172067e-02 5.1790975e-02 5.6167677e-02 5.5387571e-02 5.2472435e-02
 5.7795726e-02 5.0479811e-02 6.0422804e-02 5.2472435e-02 5.8645662e-02
 5.3890608e-02 5.7795726e-02 6.1352387e-02 5.4628838e-02]Class Weights: [2.1197900e-05 5.3890608e-02 5.3172067e-02 5.7795726e-02 5.8645662e-02
 5.3172067e-02 5.1790975e-02 5.6167677e-02 5.5387571e-02 5.2472435e-02
 5.7795726e-02 5.0479811e-02 6.0422804e-02 5.2472435e-02 5.8645662e-02
 5.3890608e-02 5.7795726e-02 6.1352387e-02 5.4628838e-02]Class Weights: [2.1197900e-05 5.3890608e-02 5.3172067e-02 5.7795726e-02 5.8645662e-02
 5.3172067e-02 5.1790975e-02 5.6167677e-02 5.5387571e-02 5.2472435e-02
 5.7795726e-02 5.0479811e-02 6.0422804e-02 5.2472435e-02 5.8645662e-02
 5.3890608e-02 5.7795726e-02 6.1352387e-02 5.4628838e-02]



Learning Rate: 0.0021463876394293723Learning Rate: 0.0021463876394293723
Learning Rate: 0.0021463876394293723
Learning Rate: 0.0021463876394293723

Train Loss: 0.2445, Val Loss: 0.2084Train Loss: 0.2445, Val Loss: 0.2084

Train Loss: 0.2445, Val Loss: 0.2084Train Loss: 0.2445, Val Loss: 0.2084

Per-Class Precision: [0.99998974 0.47169811 0.97058824 0.81521739 0.64634146 0.47222222
 0.5483871  0.43801653 0.69822485 0.34516129 0.12990528 0.20725389
 0.43396226 0.58       0.19       0.44508671 0.71830986 0.6588785
 0.70731707]
Per-Class Recall: [0.99445822 1.         0.66       1.         0.53       0.85
 0.85       0.70666667 0.944      0.856      0.768      0.8
 0.69       0.464      0.456      0.77       0.765      0.80571429
 0.82857143]
Per-Class F1-Score: [0.99721631 0.64102564 0.78571429 0.89820359 0.58241758 0.60714286
 0.66666667 0.54081633 0.80272109 0.49195402 0.22222222 0.32921811
 0.53281853 0.51555556 0.26823529 0.56410256 0.7409201  0.72493573
 0.76315789]
Support per Class: [293949    100     50     75    100    100    100     75    125    125
    125     50    100    125    125    100    200    175    175]
Weighted Precision: 0.9968, Weighted Recall: 0.9929, Weighted F1-Score: 0.9945
Precision: 0.9968, Recall: 0.9929, F1-Score: 0.9945
Fold 1, Epoch 300, Train Loss: 0.2445, Val Loss: 0.2084, Val Acc: 0.9930
Precision: 0.9968, Recall: 0.9934, F1-Score: 0.9947
Fold 1, Epoch 301, Train Loss: 0.2469, Val Loss: 0.2035, Val Acc: 0.9933
Precision: 0.9970, Recall: 0.9936, F1-Score: 0.9950
Fold 1, Epoch 302, Train Loss: 0.2317, Val Loss: 0.1985, Val Acc: 0.9935
Precision: 0.9970, Recall: 0.9852, F1-Score: 0.9906
Fold 1, Epoch 303, Train Loss: 0.2290, Val Loss: 0.2019, Val Acc: 0.9851
Precision: 0.9967, Recall: 0.9901, F1-Score: 0.9929
Fold 1, Epoch 304, Train Loss: 0.2414, Val Loss: 0.2038, Val Acc: 0.9900
Precision: 0.9968, Recall: 0.9934, F1-Score: 0.9947
Fold 1, Epoch 305, Train Loss: 0.2541, Val Loss: 0.2185, Val Acc: 0.9934
Precision: 0.9970, Recall: 0.9940, F1-Score: 0.9952
Fold 1, Epoch 306, Train Loss: 0.2385, Val Loss: 0.2003, Val Acc: 0.9939
Precision: 0.9969, Recall: 0.9933, F1-Score: 0.9948
Fold 1, Epoch 307, Train Loss: 0.2455, Val Loss: 0.1826, Val Acc: 0.9933
Precision: 0.9969, Recall: 0.9932, F1-Score: 0.9946
Fold 1, Epoch 308, Train Loss: 0.2229, Val Loss: 0.2037, Val Acc: 0.9931
Precision: 0.9969, Recall: 0.9935, F1-Score: 0.9948
Fold 1, Epoch 309, Train Loss: 0.2356, Val Loss: 0.1782, Val Acc: 0.9935
Precision: 0.9969, Recall: 0.9942, F1-Score: 0.9952
Fold 1, Epoch 310, Train Loss: 0.2333, Val Loss: 0.1841, Val Acc: 0.9941
Precision: 0.9968, Recall: 0.9934, F1-Score: 0.9947
Fold 1, Epoch 311, Train Loss: 0.2214, Val Loss: 0.2020, Val Acc: 0.9934
Precision: 0.9967, Recall: 0.9924, F1-Score: 0.9941
Fold 1, Epoch 312, Train Loss: 0.2238, Val Loss: 0.1725, Val Acc: 0.9922
Precision: 0.9969, Recall: 0.9931, F1-Score: 0.9946
Fold 1, Epoch 313, Train Loss: 0.2199, Val Loss: 0.1678, Val Acc: 0.9929
Precision: 0.9969, Recall: 0.9939, F1-Score: 0.9951
Fold 1, Epoch 314, Train Loss: 0.2297, Val Loss: 0.1758, Val Acc: 0.9939
Precision: 0.9971, Recall: 0.9944, F1-Score: 0.9955
Fold 1, Epoch 315, Train Loss: 0.2083, Val Loss: 0.1781, Val Acc: 0.9943
Precision: 0.9968, Recall: 0.9934, F1-Score: 0.9947
Fold 1, Epoch 316, Train Loss: 0.2173, Val Loss: 0.1793, Val Acc: 0.9930
Precision: 0.9967, Recall: 0.9931, F1-Score: 0.9945
Fold 1, Epoch 317, Train Loss: 0.2115, Val Loss: 0.1777, Val Acc: 0.9930
Precision: 0.9968, Recall: 0.9936, F1-Score: 0.9948
Fold 1, Epoch 318, Train Loss: 0.2042, Val Loss: 0.1858, Val Acc: 0.9934
Precision: 0.9968, Recall: 0.9928, F1-Score: 0.9944
Fold 1, Epoch 319, Train Loss: 0.2294, Val Loss: 0.1824, Val Acc: 0.9926
Precision: 0.9969, Recall: 0.9936, F1-Score: 0.9949
Fold 1, Epoch 320, Train Loss: 0.2099, Val Loss: 0.1854, Val Acc: 0.9934
Precision: 0.9968, Recall: 0.9933, F1-Score: 0.9946
Fold 1, Epoch 321, Train Loss: 0.2209, Val Loss: 0.1769, Val Acc: 0.9931
Precision: 0.9970, Recall: 0.9943, F1-Score: 0.9954
Fold 1, Epoch 322, Train Loss: 0.2256, Val Loss: 0.1923, Val Acc: 0.9941
Precision: 0.9970, Recall: 0.9943, F1-Score: 0.9953
Fold 1, Epoch 323, Train Loss: 0.2243, Val Loss: 0.1850, Val Acc: 0.9940
Precision: 0.9970, Recall: 0.9939, F1-Score: 0.9951
Fold 1, Epoch 324, Train Loss: 0.2194, Val Loss: 0.1654, Val Acc: 0.9938
Precision: 0.9969, Recall: 0.9937, F1-Score: 0.9950
Fold 1, Epoch 325, Train Loss: 0.2257, Val Loss: 0.1727, Val Acc: 0.9935
Precision: 0.9970, Recall: 0.9946, F1-Score: 0.9955
Fold 1, Epoch 326, Train Loss: 0.1980, Val Loss: 0.2027, Val Acc: 0.9944
Precision: 0.9970, Recall: 0.9944, F1-Score: 0.9954
Fold 1, Epoch 327, Train Loss: 0.1959, Val Loss: 0.1776, Val Acc: 0.9943
Precision: 0.9969, Recall: 0.9940, F1-Score: 0.9951
Fold 1, Epoch 328, Train Loss: 0.1997, Val Loss: 0.1710, Val Acc: 0.9939
Precision: 0.9969, Recall: 0.9935, F1-Score: 0.9949
Fold 1, Epoch 329, Train Loss: 0.2074, Val Loss: 0.1614, Val Acc: 0.9934
Precision: 0.9967, Recall: 0.9928, F1-Score: 0.9944
Fold 1, Epoch 330, Train Loss: 0.2007, Val Loss: 0.1645, Val Acc: 0.9926
Precision: 0.9968, Recall: 0.9929, F1-Score: 0.9944
Fold 1, Epoch 331, Train Loss: 0.2092, Val Loss: 0.1779, Val Acc: 0.9927
Precision: 0.9969, Recall: 0.9936, F1-Score: 0.9949
Fold 1, Epoch 332, Train Loss: 0.1980, Val Loss: 0.1707, Val Acc: 0.9934
Precision: 0.9972, Recall: 0.9947, F1-Score: 0.9956
Fold 1, Epoch 333, Train Loss: 0.1994, Val Loss: 0.1901, Val Acc: 0.9946
Precision: 0.9970, Recall: 0.9939, F1-Score: 0.9951
Fold 1, Epoch 334, Train Loss: 0.1961, Val Loss: 0.1964, Val Acc: 0.9937
Precision: 0.9968, Recall: 0.9934, F1-Score: 0.9948
Fold 1, Epoch 335, Train Loss: 0.2088, Val Loss: 0.1828, Val Acc: 0.9933
Precision: 0.9970, Recall: 0.9943, F1-Score: 0.9954
Fold 1, Epoch 336, Train Loss: 0.1981, Val Loss: 0.1700, Val Acc: 0.9940
Precision: 0.9972, Recall: 0.9948, F1-Score: 0.9957
Fold 1, Epoch 337, Train Loss: 0.1987, Val Loss: 0.1687, Val Acc: 0.9945
Precision: 0.9970, Recall: 0.9943, F1-Score: 0.9954
Fold 1, Epoch 338, Train Loss: 0.1803, Val Loss: 0.1677, Val Acc: 0.9941
Precision: 0.9968, Recall: 0.9899, F1-Score: 0.9928
Fold 1, Epoch 339, Train Loss: 0.1819, Val Loss: 0.1637, Val Acc: 0.9900
Precision: 0.9971, Recall: 0.9942, F1-Score: 0.9953
Fold 1, Epoch 340, Train Loss: 0.1878, Val Loss: 0.1503, Val Acc: 0.9940
Precision: 0.9968, Recall: 0.9942, F1-Score: 0.9952
Fold 1, Epoch 341, Train Loss: 0.1885, Val Loss: 0.1908, Val Acc: 0.9939
Precision: 0.9971, Recall: 0.9935, F1-Score: 0.9949
Fold 1, Epoch 342, Train Loss: 0.1916, Val Loss: 0.1564, Val Acc: 0.9935
Precision: 0.9966, Recall: 0.9923, F1-Score: 0.9941
Fold 1, Epoch 343, Train Loss: 0.2100, Val Loss: 0.1703, Val Acc: 0.9924
Precision: 0.9967, Recall: 0.9835, F1-Score: 0.9895
Fold 1, Epoch 344, Train Loss: 0.2096, Val Loss: 0.1838, Val Acc: 0.9834
Precision: 0.9967, Recall: 0.9924, F1-Score: 0.9942
Fold 1, Epoch 345, Train Loss: 0.2271, Val Loss: 0.1899, Val Acc: 0.9921
Precision: 0.9969, Recall: 0.9932, F1-Score: 0.9946
Fold 1, Epoch 346, Train Loss: 0.2258, Val Loss: 0.1799, Val Acc: 0.9931
Precision: 0.9969, Recall: 0.9931, F1-Score: 0.9946
Fold 1, Epoch 347, Train Loss: 0.2381, Val Loss: 0.1800, Val Acc: 0.9930
Precision: 0.9969, Recall: 0.9930, F1-Score: 0.9946
Fold 1, Epoch 348, Train Loss: 0.2109, Val Loss: 0.1811, Val Acc: 0.9929
Precision: 0.9969, Recall: 0.9927, F1-Score: 0.9944
Fold 1, Epoch 349, Train Loss: 0.2100, Val Loss: 0.1793, Val Acc: 0.9927
Precision: 0.9968, Recall: 0.9932, F1-Score: 0.9946
Fold 1, Epoch 350, Train Loss: 0.2041, Val Loss: 0.1754, Val Acc: 0.9931
Precision: 0.9970, Recall: 0.9940, F1-Score: 0.9952
Fold 1, Epoch 351, Train Loss: 0.2009, Val Loss: 0.1807, Val Acc: 0.9939
Precision: 0.9971, Recall: 0.9947, F1-Score: 0.9957
Fold 1, Epoch 352, Train Loss: 0.1956, Val Loss: 0.1890, Val Acc: 0.9946
Precision: 0.9971, Recall: 0.9948, F1-Score: 0.9956
Fold 1, Epoch 353, Train Loss: 0.1960, Val Loss: 0.1812, Val Acc: 0.9945
Precision: 0.9970, Recall: 0.9942, F1-Score: 0.9952
Fold 1, Epoch 354, Train Loss: 0.2018, Val Loss: 0.1561, Val Acc: 0.9939
Precision: 0.9968, Recall: 0.9935, F1-Score: 0.9948
Fold 1, Epoch 355, Train Loss: 0.1773, Val Loss: 0.1696, Val Acc: 0.9933
Precision: 0.9968, Recall: 0.9931, F1-Score: 0.9946
Fold 1, Epoch 356, Train Loss: 0.1765, Val Loss: 0.1574, Val Acc: 0.9930
Precision: 0.9972, Recall: 0.9946, F1-Score: 0.9956
Fold 1, Epoch 357, Train Loss: 0.1776, Val Loss: 0.1556, Val Acc: 0.9944
Precision: 0.9970, Recall: 0.9938, F1-Score: 0.9951
Fold 1, Epoch 358, Train Loss: 0.1893, Val Loss: 0.1501, Val Acc: 0.9935
Precision: 0.9969, Recall: 0.9941, F1-Score: 0.9952
Fold 1, Epoch 359, Train Loss: 0.1845, Val Loss: 0.1669, Val Acc: 0.9939
Precision: 0.9969, Recall: 0.9934, F1-Score: 0.9947
Fold 1, Epoch 360, Train Loss: 0.1784, Val Loss: 0.1665, Val Acc: 0.9931
Precision: 0.9972, Recall: 0.9948, F1-Score: 0.9957
Fold 1, Epoch 361, Train Loss: 0.1852, Val Loss: 0.1649, Val Acc: 0.9946
Precision: 0.9971, Recall: 0.9944, F1-Score: 0.9954
Fold 1, Epoch 362, Train Loss: 0.1866, Val Loss: 0.1736, Val Acc: 0.9944
Precision: 0.9971, Recall: 0.9942, F1-Score: 0.9953
Fold 1, Epoch 363, Train Loss: 0.1834, Val Loss: 0.1685, Val Acc: 0.9939
Precision: 0.9972, Recall: 0.9946, F1-Score: 0.9956
Fold 1, Epoch 364, Train Loss: 0.1790, Val Loss: 0.1714, Val Acc: 0.9944
Precision: 0.9970, Recall: 0.9940, F1-Score: 0.9952
Fold 1, Epoch 365, Train Loss: 0.1736, Val Loss: 0.1739, Val Acc: 0.9938
Precision: 0.9969, Recall: 0.9927, F1-Score: 0.9944
Fold 1, Epoch 366, Train Loss: 0.1721, Val Loss: 0.1536, Val Acc: 0.9925
Precision: 0.9970, Recall: 0.9940, F1-Score: 0.9952
Fold 1, Epoch 367, Train Loss: 0.1696, Val Loss: 0.1753, Val Acc: 0.9937
Precision: 0.9971, Recall: 0.9940, F1-Score: 0.9952
Fold 1, Epoch 368, Train Loss: 0.2114, Val Loss: 0.1435, Val Acc: 0.9938
Precision: 0.9967, Recall: 0.9931, F1-Score: 0.9945
Fold 1, Epoch 369, Train Loss: 0.2557, Val Loss: 0.2397, Val Acc: 0.9930
Precision: 0.9970, Recall: 0.9951, F1-Score: 0.9958
Fold 1, Epoch 370, Train Loss: 0.2249, Val Loss: 0.1879, Val Acc: 0.9948
Precision: 0.9971, Recall: 0.9948, F1-Score: 0.9956
Fold 1, Epoch 371, Train Loss: 0.2082, Val Loss: 0.1749, Val Acc: 0.9945
Precision: 0.9970, Recall: 0.9949, F1-Score: 0.9957
Fold 1, Epoch 372, Train Loss: 0.1934, Val Loss: 0.2227, Val Acc: 0.9947
Precision: 0.9971, Recall: 0.9938, F1-Score: 0.9951
Fold 1, Epoch 373, Train Loss: 0.1875, Val Loss: 0.1557, Val Acc: 0.9938
Precision: 0.9973, Recall: 0.9946, F1-Score: 0.9956
Fold 1, Epoch 374, Train Loss: 0.1841, Val Loss: 0.1618, Val Acc: 0.9945
Precision: 0.9972, Recall: 0.9951, F1-Score: 0.9959
Fold 1, Epoch 375, Train Loss: 0.1737, Val Loss: 0.1722, Val Acc: 0.9949
Precision: 0.9971, Recall: 0.9946, F1-Score: 0.9956
Fold 1, Epoch 376, Train Loss: 0.1931, Val Loss: 0.1616, Val Acc: 0.9945
Precision: 0.9972, Recall: 0.9946, F1-Score: 0.9956
Fold 1, Epoch 377, Train Loss: 0.1852, Val Loss: 0.1507, Val Acc: 0.9944
Precision: 0.9969, Recall: 0.9939, F1-Score: 0.9951
Fold 1, Epoch 378, Train Loss: 0.1702, Val Loss: 0.1599, Val Acc: 0.9937
Precision: 0.9970, Recall: 0.9940, F1-Score: 0.9952
Fold 1, Epoch 379, Train Loss: 0.1662, Val Loss: 0.1548, Val Acc: 0.9937
Precision: 0.9969, Recall: 0.9937, F1-Score: 0.9950
Fold 1, Epoch 380, Train Loss: 0.1695, Val Loss: 0.1632, Val Acc: 0.9936
Precision: 0.9970, Recall: 0.9945, F1-Score: 0.9954
Fold 1, Epoch 381, Train Loss: 0.1788, Val Loss: 0.1510, Val Acc: 0.9942
Precision: 0.9974, Recall: 0.9957, F1-Score: 0.9963
Fold 1, Epoch 382, Train Loss: 0.1735, Val Loss: 0.1460, Val Acc: 0.9955
Precision: 0.9971, Recall: 0.9945, F1-Score: 0.9955
Fold 1, Epoch 383, Train Loss: 0.1852, Val Loss: 0.1592, Val Acc: 0.9943
Precision: 0.9968, Recall: 0.9934, F1-Score: 0.9947
Fold 1, Epoch 384, Train Loss: 0.1726, Val Loss: 0.1515, Val Acc: 0.9932
Precision: 0.9970, Recall: 0.9938, F1-Score: 0.9950
Fold 1, Epoch 385, Train Loss: 0.1677, Val Loss: 0.1392, Val Acc: 0.9936
Precision: 0.9972, Recall: 0.9948, F1-Score: 0.9957
Fold 1, Epoch 386, Train Loss: 0.1529, Val Loss: 0.1433, Val Acc: 0.9946
Precision: 0.9974, Recall: 0.9956, F1-Score: 0.9963
Fold 1, Epoch 387, Train Loss: 0.1541, Val Loss: 0.1388, Val Acc: 0.9954
Precision: 0.9973, Recall: 0.9952, F1-Score: 0.9960
Fold 1, Epoch 388, Train Loss: 0.1434, Val Loss: 0.1397, Val Acc: 0.9949
Precision: 0.9972, Recall: 0.9943, F1-Score: 0.9954
Fold 1, Epoch 389, Train Loss: 0.1563, Val Loss: 0.1384, Val Acc: 0.9942
Precision: 0.9971, Recall: 0.9945, F1-Score: 0.9955
Fold 1, Epoch 390, Train Loss: 0.1553, Val Loss: 0.1645, Val Acc: 0.9945
Precision: 0.9972, Recall: 0.9944, F1-Score: 0.9955
Fold 1, Epoch 391, Train Loss: 0.1494, Val Loss: 0.1447, Val Acc: 0.9943
Precision: 0.9973, Recall: 0.9950, F1-Score: 0.9959
Fold 1, Epoch 392, Train Loss: 0.1416, Val Loss: 0.1374, Val Acc: 0.9948
Precision: 0.9974, Recall: 0.9955, F1-Score: 0.9962
Fold 1, Epoch 393, Train Loss: 0.1386, Val Loss: 0.1304, Val Acc: 0.9954
Precision: 0.9973, Recall: 0.9948, F1-Score: 0.9957
Fold 1, Epoch 394, Train Loss: 0.1509, Val Loss: 0.1536, Val Acc: 0.9945
Precision: 0.9974, Recall: 0.9956, F1-Score: 0.9963
Fold 1, Epoch 395, Train Loss: 0.1595, Val Loss: 0.1490, Val Acc: 0.9954
Precision: 0.9974, Recall: 0.9956, F1-Score: 0.9962
Fold 1, Epoch 396, Train Loss: 0.1454, Val Loss: 0.1350, Val Acc: 0.9953
Precision: 0.9973, Recall: 0.9952, F1-Score: 0.9960
Fold 1, Epoch 397, Train Loss: 0.1443, Val Loss: 0.1367, Val Acc: 0.9950
Precision: 0.9969, Recall: 0.9943, F1-Score: 0.9953
Fold 1, Epoch 398, Train Loss: 0.1573, Val Loss: 0.1503, Val Acc: 0.9942
Precision: 0.9970, Recall: 0.9942, F1-Score: 0.9953
Fold 1, Epoch 399, Train Loss: 0.1620, Val Loss: 0.1436, Val Acc: 0.9942

--- Epoch 400 ---
--- Epoch 400 ---
--- Epoch 400 ---



--- Epoch 400 ---
Class Weights: [2.1197900e-05 5.3890608e-02 5.3172067e-02 5.7795726e-02 5.8645662e-02
 5.3172067e-02 5.1790975e-02 5.6167677e-02 5.5387571e-02 5.2472435e-02
 5.7795726e-02 5.0479811e-02 6.0422804e-02 5.2472435e-02 5.8645662e-02
 5.3890608e-02 5.7795726e-02 6.1352387e-02 5.4628838e-02]Class Weights: [2.1197900e-05 5.3890608e-02 5.3172067e-02 5.7795726e-02 5.8645662e-02
 5.3172067e-02 5.1790975e-02 5.6167677e-02 5.5387571e-02 5.2472435e-02
 5.7795726e-02 5.0479811e-02 6.0422804e-02 5.2472435e-02 5.8645662e-02
 5.3890608e-02 5.7795726e-02 6.1352387e-02 5.4628838e-02]Class Weights: [2.1197900e-05 5.3890608e-02 5.3172067e-02 5.7795726e-02 5.8645662e-02
 5.3172067e-02 5.1790975e-02 5.6167677e-02 5.5387571e-02 5.2472435e-02
 5.7795726e-02 5.0479811e-02 6.0422804e-02 5.2472435e-02 5.8645662e-02
 5.3890608e-02 5.7795726e-02 6.1352387e-02 5.4628838e-02]Class Weights: [2.1197900e-05 5.3890608e-02 5.3172067e-02 5.7795726e-02 5.8645662e-02
 5.3172067e-02 5.1790975e-02 5.6167677e-02 5.5387571e-02 5.2472435e-02
 5.7795726e-02 5.0479811e-02 6.0422804e-02 5.2472435e-02 5.8645662e-02
 5.3890608e-02 5.7795726e-02 6.1352387e-02 5.4628838e-02]



Learning Rate: 0.0012851215656510308Learning Rate: 0.0012851215656510308Learning Rate: 0.0012851215656510308
Learning Rate: 0.0012851215656510308


Train Loss: 0.1710, Val Loss: 0.1656
Train Loss: 0.1710, Val Loss: 0.1656Train Loss: 0.1710, Val Loss: 0.1656Train Loss: 0.1710, Val Loss: 0.1656


Per-Class Precision: [0.99999654 0.02591973 0.81481481 0.68181818 0.6627907  0.49717514
 0.50625    0.55660377 0.7202381  0.35135135 0.19322034 0.34042553
 0.61363636 0.59883721 0.27536232 0.43010753 0.51344086 0.75409836
 0.71875   ]
Per-Class Recall: [0.98346652 0.93       0.88       1.         0.57       0.88
 0.81       0.78666667 0.968      0.936      0.912      0.96
 0.54       0.824      0.456      0.8        0.955      0.52571429
 0.92      ]
Per-Class F1-Score: [0.99166265 0.05043384 0.84615385 0.81081081 0.61290323 0.63537906
 0.62307692 0.6519337  0.82593857 0.51091703 0.31888112 0.5026178
 0.57446809 0.69360269 0.34337349 0.55944056 0.66783217 0.61952862
 0.80701754]
Support per Class: [293949    100     50     75    100    100    100     75    125    125
    125     50    100    125    125    100    200    175    175]
Weighted Precision: 0.9967, Weighted Recall: 0.9823, Weighted F1-Score: 0.9889
Precision: 0.9967, Recall: 0.9823, F1-Score: 0.9889
Fold 1, Epoch 400, Train Loss: 0.1710, Val Loss: 0.1656, Val Acc: 0.9819
Precision: 0.9969, Recall: 0.9908, F1-Score: 0.9933
Fold 1, Epoch 401, Train Loss: 0.1547, Val Loss: 0.1347, Val Acc: 0.9905
Precision: 0.9971, Recall: 0.9938, F1-Score: 0.9951
Fold 1, Epoch 402, Train Loss: 0.1481, Val Loss: 0.1304, Val Acc: 0.9934
Precision: 0.9973, Recall: 0.9946, F1-Score: 0.9956
Fold 1, Epoch 403, Train Loss: 0.1298, Val Loss: 0.1419, Val Acc: 0.9944
Precision: 0.9972, Recall: 0.9945, F1-Score: 0.9956
Fold 1, Epoch 404, Train Loss: 0.1361, Val Loss: 0.1338, Val Acc: 0.9944
Precision: 0.9967, Recall: 0.9878, F1-Score: 0.9917
Fold 1, Epoch 405, Train Loss: 0.1333, Val Loss: 0.1334, Val Acc: 0.9875
Precision: 0.9973, Recall: 0.9943, F1-Score: 0.9954
Fold 1, Epoch 406, Train Loss: 0.1271, Val Loss: 0.1324, Val Acc: 0.9941
Precision: 0.9974, Recall: 0.9954, F1-Score: 0.9961
Fold 1, Epoch 407, Train Loss: 0.1401, Val Loss: 0.1233, Val Acc: 0.9951
Precision: 0.9972, Recall: 0.9948, F1-Score: 0.9957
Fold 1, Epoch 408, Train Loss: 0.1431, Val Loss: 0.1247, Val Acc: 0.9946
Precision: 0.9971, Recall: 0.9942, F1-Score: 0.9953
Fold 1, Epoch 409, Train Loss: 0.1385, Val Loss: 0.1331, Val Acc: 0.9942
Precision: 0.9972, Recall: 0.9948, F1-Score: 0.9958
Fold 1, Epoch 410, Train Loss: 0.1452, Val Loss: 0.1498, Val Acc: 0.9948
Precision: 0.9973, Recall: 0.9934, F1-Score: 0.9950
Fold 1, Epoch 411, Train Loss: 0.1765, Val Loss: 0.1420, Val Acc: 0.9934
Precision: 0.9971, Recall: 0.9939, F1-Score: 0.9952
Fold 1, Epoch 412, Train Loss: 0.1760, Val Loss: 0.1478, Val Acc: 0.9937
Precision: 0.9973, Recall: 0.9951, F1-Score: 0.9959
Fold 1, Epoch 413, Train Loss: 0.1676, Val Loss: 0.1480, Val Acc: 0.9947
Precision: 0.9972, Recall: 0.9950, F1-Score: 0.9958
Fold 1, Epoch 414, Train Loss: 0.1644, Val Loss: 0.1433, Val Acc: 0.9947
Precision: 0.9971, Recall: 0.9943, F1-Score: 0.9954
Fold 1, Epoch 415, Train Loss: 0.1541, Val Loss: 0.1449, Val Acc: 0.9941
Precision: 0.9971, Recall: 0.9938, F1-Score: 0.9951
Fold 1, Epoch 416, Train Loss: 0.1467, Val Loss: 0.1441, Val Acc: 0.9935
Precision: 0.9974, Recall: 0.9948, F1-Score: 0.9958
Fold 1, Epoch 417, Train Loss: 0.1475, Val Loss: 0.1429, Val Acc: 0.9946
Precision: 0.9974, Recall: 0.9950, F1-Score: 0.9959
Fold 1, Epoch 418, Train Loss: 0.1444, Val Loss: 0.1399, Val Acc: 0.9948
Precision: 0.9975, Recall: 0.9956, F1-Score: 0.9963
Fold 1, Epoch 419, Train Loss: 0.1438, Val Loss: 0.1324, Val Acc: 0.9954
Precision: 0.9974, Recall: 0.9952, F1-Score: 0.9960
Fold 1, Epoch 420, Train Loss: 0.1373, Val Loss: 0.1395, Val Acc: 0.9949
Precision: 0.9973, Recall: 0.9951, F1-Score: 0.9960
Fold 1, Epoch 421, Train Loss: 0.1469, Val Loss: 0.1416, Val Acc: 0.9948
Precision: 0.9974, Recall: 0.9952, F1-Score: 0.9960
Fold 1, Epoch 422, Train Loss: 0.1359, Val Loss: 0.1357, Val Acc: 0.9950
Precision: 0.9975, Recall: 0.9954, F1-Score: 0.9962
Fold 1, Epoch 423, Train Loss: 0.1363, Val Loss: 0.1430, Val Acc: 0.9951
Precision: 0.9975, Recall: 0.9956, F1-Score: 0.9963
Fold 1, Epoch 424, Train Loss: 0.1308, Val Loss: 0.1309, Val Acc: 0.9953
Precision: 0.9974, Recall: 0.9955, F1-Score: 0.9962
Fold 1, Epoch 425, Train Loss: 0.1324, Val Loss: 0.1356, Val Acc: 0.9952
Precision: 0.9974, Recall: 0.9951, F1-Score: 0.9960
Fold 1, Epoch 426, Train Loss: 0.1307, Val Loss: 0.1276, Val Acc: 0.9948
Precision: 0.9973, Recall: 0.9946, F1-Score: 0.9956
Fold 1, Epoch 427, Train Loss: 0.1360, Val Loss: 0.1299, Val Acc: 0.9943
Precision: 0.9973, Recall: 0.9946, F1-Score: 0.9956
Fold 1, Epoch 428, Train Loss: 0.1224, Val Loss: 0.1240, Val Acc: 0.9943
Precision: 0.9974, Recall: 0.9953, F1-Score: 0.9961
Fold 1, Epoch 429, Train Loss: 0.1223, Val Loss: 0.1379, Val Acc: 0.9949
Precision: 0.9974, Recall: 0.9952, F1-Score: 0.9960
Fold 1, Epoch 430, Train Loss: 0.1342, Val Loss: 0.1235, Val Acc: 0.9948
Precision: 0.9974, Recall: 0.9948, F1-Score: 0.9958
Fold 1, Epoch 431, Train Loss: 0.1260, Val Loss: 0.1206, Val Acc: 0.9945
Precision: 0.9974, Recall: 0.9954, F1-Score: 0.9961
Fold 1, Epoch 432, Train Loss: 0.1254, Val Loss: 0.1342, Val Acc: 0.9951
Precision: 0.9975, Recall: 0.9958, F1-Score: 0.9964
Fold 1, Epoch 433, Train Loss: 0.1263, Val Loss: 0.1304, Val Acc: 0.9954
Precision: 0.9974, Recall: 0.9952, F1-Score: 0.9960
Fold 1, Epoch 434, Train Loss: 0.1302, Val Loss: 0.1312, Val Acc: 0.9948
Precision: 0.9973, Recall: 0.9951, F1-Score: 0.9959
Fold 1, Epoch 435, Train Loss: 0.1283, Val Loss: 0.1286, Val Acc: 0.9948
Precision: 0.9972, Recall: 0.9949, F1-Score: 0.9958
Fold 1, Epoch 436, Train Loss: 0.1216, Val Loss: 0.1308, Val Acc: 0.9946
Precision: 0.9974, Recall: 0.9952, F1-Score: 0.9960
Fold 1, Epoch 437, Train Loss: 0.1337, Val Loss: 0.1215, Val Acc: 0.9949
Precision: 0.9971, Recall: 0.9947, F1-Score: 0.9956
Fold 1, Epoch 438, Train Loss: 0.1245, Val Loss: 0.1382, Val Acc: 0.9944
Precision: 0.9974, Recall: 0.9951, F1-Score: 0.9960
Fold 1, Epoch 439, Train Loss: 0.1304, Val Loss: 0.1261, Val Acc: 0.9949
Precision: 0.9973, Recall: 0.9952, F1-Score: 0.9960
Fold 1, Epoch 440, Train Loss: 0.1251, Val Loss: 0.1368, Val Acc: 0.9950
Precision: 0.9975, Recall: 0.9955, F1-Score: 0.9962
Fold 1, Epoch 441, Train Loss: 0.1184, Val Loss: 0.1228, Val Acc: 0.9952
Precision: 0.9974, Recall: 0.9957, F1-Score: 0.9963
Fold 1, Epoch 442, Train Loss: 0.1195, Val Loss: 0.1307, Val Acc: 0.9954
Precision: 0.9976, Recall: 0.9959, F1-Score: 0.9965
Fold 1, Epoch 443, Train Loss: 0.1151, Val Loss: 0.1240, Val Acc: 0.9956
Precision: 0.9972, Recall: 0.9947, F1-Score: 0.9956
Fold 1, Epoch 444, Train Loss: 0.1221, Val Loss: 0.1273, Val Acc: 0.9943
Precision: 0.9972, Recall: 0.9947, F1-Score: 0.9956
Fold 1, Epoch 445, Train Loss: 0.1280, Val Loss: 0.1217, Val Acc: 0.9945
Precision: 0.9974, Recall: 0.9953, F1-Score: 0.9960
Fold 1, Epoch 446, Train Loss: 0.1147, Val Loss: 0.1236, Val Acc: 0.9950
Precision: 0.9976, Recall: 0.9957, F1-Score: 0.9964
Fold 1, Epoch 447, Train Loss: 0.1124, Val Loss: 0.1202, Val Acc: 0.9954
Precision: 0.9976, Recall: 0.9958, F1-Score: 0.9965
Fold 1, Epoch 448, Train Loss: 0.1261, Val Loss: 0.1197, Val Acc: 0.9955
Precision: 0.9974, Recall: 0.9955, F1-Score: 0.9962
Fold 1, Epoch 449, Train Loss: 0.1317, Val Loss: 0.1298, Val Acc: 0.9952
Precision: 0.9973, Recall: 0.9946, F1-Score: 0.9956
Fold 1, Epoch 450, Train Loss: 0.1181, Val Loss: 0.1368, Val Acc: 0.9943
Precision: 0.9975, Recall: 0.9956, F1-Score: 0.9963
Fold 1, Epoch 451, Train Loss: 0.1286, Val Loss: 0.1211, Val Acc: 0.9954
Precision: 0.9974, Recall: 0.9957, F1-Score: 0.9963
Fold 1, Epoch 452, Train Loss: 0.1372, Val Loss: 0.1194, Val Acc: 0.9954
Precision: 0.9974, Recall: 0.9955, F1-Score: 0.9962
Fold 1, Epoch 453, Train Loss: 0.1208, Val Loss: 0.1151, Val Acc: 0.9953
Precision: 0.9974, Recall: 0.9957, F1-Score: 0.9963
Fold 1, Epoch 454, Train Loss: 0.1202, Val Loss: 0.1236, Val Acc: 0.9954
Precision: 0.9975, Recall: 0.9953, F1-Score: 0.9961
Fold 1, Epoch 455, Train Loss: 0.1203, Val Loss: 0.1177, Val Acc: 0.9951
Precision: 0.9974, Recall: 0.9949, F1-Score: 0.9958
Fold 1, Epoch 456, Train Loss: 0.1165, Val Loss: 0.1292, Val Acc: 0.9946
Precision: 0.9975, Recall: 0.9953, F1-Score: 0.9961
Fold 1, Epoch 457, Train Loss: 0.1239, Val Loss: 0.1148, Val Acc: 0.9951
Precision: 0.9973, Recall: 0.9953, F1-Score: 0.9960
Fold 1, Epoch 458, Train Loss: 0.1135, Val Loss: 0.1192, Val Acc: 0.9949
Precision: 0.9975, Recall: 0.9956, F1-Score: 0.9963
Fold 1, Epoch 459, Train Loss: 0.1227, Val Loss: 0.1177, Val Acc: 0.9952
Precision: 0.9973, Recall: 0.9951, F1-Score: 0.9959
Fold 1, Epoch 460, Train Loss: 0.1153, Val Loss: 0.1269, Val Acc: 0.9948
Precision: 0.9973, Recall: 0.9951, F1-Score: 0.9959
Fold 1, Epoch 461, Train Loss: 0.1118, Val Loss: 0.1178, Val Acc: 0.9948
Precision: 0.9975, Recall: 0.9958, F1-Score: 0.9964
Fold 1, Epoch 462, Train Loss: 0.1128, Val Loss: 0.1214, Val Acc: 0.9955
Precision: 0.9975, Recall: 0.9956, F1-Score: 0.9963
Fold 1, Epoch 463, Train Loss: 0.1083, Val Loss: 0.1244, Val Acc: 0.9952
Precision: 0.9974, Recall: 0.9954, F1-Score: 0.9962
Fold 1, Epoch 464, Train Loss: 0.1097, Val Loss: 0.1182, Val Acc: 0.9952
Precision: 0.9975, Recall: 0.9957, F1-Score: 0.9963
Fold 1, Epoch 465, Train Loss: 0.1136, Val Loss: 0.1172, Val Acc: 0.9955
Precision: 0.9975, Recall: 0.9956, F1-Score: 0.9963
Fold 1, Epoch 466, Train Loss: 0.1204, Val Loss: 0.1204, Val Acc: 0.9953
Precision: 0.9974, Recall: 0.9954, F1-Score: 0.9961
Fold 1, Epoch 467, Train Loss: 0.1239, Val Loss: 0.1266, Val Acc: 0.9951
Precision: 0.9975, Recall: 0.9953, F1-Score: 0.9961
Fold 1, Epoch 468, Train Loss: 0.1225, Val Loss: 0.1185, Val Acc: 0.9951
Precision: 0.9974, Recall: 0.9956, F1-Score: 0.9963
Fold 1, Epoch 469, Train Loss: 0.1197, Val Loss: 0.1201, Val Acc: 0.9951
Precision: 0.9975, Recall: 0.9943, F1-Score: 0.9955
Fold 1, Epoch 470, Train Loss: 0.1220, Val Loss: 0.1154, Val Acc: 0.9939
Precision: 0.9972, Recall: 0.9868, F1-Score: 0.9916
Fold 1, Epoch 471, Train Loss: 0.1258, Val Loss: 0.1151, Val Acc: 0.9865
Precision: 0.9973, Recall: 0.9931, F1-Score: 0.9948
Fold 1, Epoch 472, Train Loss: 0.1492, Val Loss: 0.1116, Val Acc: 0.9929
Precision: 0.9973, Recall: 0.9939, F1-Score: 0.9952
Fold 1, Epoch 473, Train Loss: 0.1353, Val Loss: 0.1287, Val Acc: 0.9937
Precision: 0.9974, Recall: 0.9952, F1-Score: 0.9961
Fold 1, Epoch 474, Train Loss: 0.1217, Val Loss: 0.1196, Val Acc: 0.9951
Precision: 0.9977, Recall: 0.9964, F1-Score: 0.9968
Fold 1, Epoch 475, Train Loss: 0.1256, Val Loss: 0.1122, Val Acc: 0.9960
Precision: 0.9976, Recall: 0.9961, F1-Score: 0.9967
Fold 1, Epoch 476, Train Loss: 0.1188, Val Loss: 0.1138, Val Acc: 0.9959
Precision: 0.9974, Recall: 0.9956, F1-Score: 0.9962
Fold 1, Epoch 477, Train Loss: 0.1234, Val Loss: 0.1124, Val Acc: 0.9953
Precision: 0.9972, Recall: 0.9949, F1-Score: 0.9958
Fold 1, Epoch 478, Train Loss: 0.1169, Val Loss: 0.1177, Val Acc: 0.9947
Precision: 0.9974, Recall: 0.9952, F1-Score: 0.9960
Fold 1, Epoch 479, Train Loss: 0.1258, Val Loss: 0.1108, Val Acc: 0.9949
Precision: 0.9974, Recall: 0.9956, F1-Score: 0.9963
Fold 1, Epoch 480, Train Loss: 0.1154, Val Loss: 0.1243, Val Acc: 0.9953
Precision: 0.9975, Recall: 0.9957, F1-Score: 0.9963
Fold 1, Epoch 481, Train Loss: 0.1141, Val Loss: 0.1165, Val Acc: 0.9954
Precision: 0.9974, Recall: 0.9954, F1-Score: 0.9961
Fold 1, Epoch 482, Train Loss: 0.1126, Val Loss: 0.1140, Val Acc: 0.9950
Precision: 0.9975, Recall: 0.9955, F1-Score: 0.9962
Fold 1, Epoch 483, Train Loss: 0.1098, Val Loss: 0.1155, Val Acc: 0.9953
Precision: 0.9975, Recall: 0.9959, F1-Score: 0.9965
Fold 1, Epoch 484, Train Loss: 0.1094, Val Loss: 0.1187, Val Acc: 0.9958
Precision: 0.9975, Recall: 0.9957, F1-Score: 0.9964
Fold 1, Epoch 485, Train Loss: 0.1180, Val Loss: 0.1085, Val Acc: 0.9956
Precision: 0.9975, Recall: 0.9958, F1-Score: 0.9964
Fold 1, Epoch 486, Train Loss: 0.1025, Val Loss: 0.1105, Val Acc: 0.9956
Precision: 0.9975, Recall: 0.9956, F1-Score: 0.9963
Fold 1, Epoch 487, Train Loss: 0.1092, Val Loss: 0.1117, Val Acc: 0.9953
Precision: 0.9974, Recall: 0.9955, F1-Score: 0.9962
Fold 1, Epoch 488, Train Loss: 0.1113, Val Loss: 0.1094, Val Acc: 0.9952
Precision: 0.9974, Recall: 0.9954, F1-Score: 0.9961
Fold 1, Epoch 489, Train Loss: 0.1261, Val Loss: 0.1211, Val Acc: 0.9951
Precision: 0.9976, Recall: 0.9957, F1-Score: 0.9964
Fold 1, Epoch 490, Train Loss: 0.1082, Val Loss: 0.1127, Val Acc: 0.9955
Precision: 0.9976, Recall: 0.9958, F1-Score: 0.9964
Fold 1, Epoch 491, Train Loss: 0.1051, Val Loss: 0.1115, Val Acc: 0.9955
Precision: 0.9975, Recall: 0.9957, F1-Score: 0.9964
Fold 1, Epoch 492, Train Loss: 0.1016, Val Loss: 0.1126, Val Acc: 0.9955
Precision: 0.9975, Recall: 0.9956, F1-Score: 0.9963
Fold 1, Epoch 493, Train Loss: 0.1098, Val Loss: 0.1130, Val Acc: 0.9954
Precision: 0.9975, Recall: 0.9956, F1-Score: 0.9963
Fold 1, Epoch 494, Train Loss: 0.1072, Val Loss: 0.1055, Val Acc: 0.9955
Precision: 0.9975, Recall: 0.9955, F1-Score: 0.9963
Fold 1, Epoch 495, Train Loss: 0.1043, Val Loss: 0.1102, Val Acc: 0.9953
Precision: 0.9974, Recall: 0.9954, F1-Score: 0.9961
Fold 1, Epoch 496, Train Loss: 0.1140, Val Loss: 0.1175, Val Acc: 0.9951
Precision: 0.9970, Recall: 0.9866, F1-Score: 0.9913
Fold 1, Epoch 497, Train Loss: 0.1337, Val Loss: 0.1671, Val Acc: 0.9868
Precision: 0.9973, Recall: 0.9944, F1-Score: 0.9955
Fold 1, Epoch 498, Train Loss: 0.1341, Val Loss: 0.1264, Val Acc: 0.9944
Precision: 0.9976, Recall: 0.9958, F1-Score: 0.9965
Fold 1, Epoch 499, Train Loss: 0.1249, Val Loss: 0.1175, Val Acc: 0.9956

--- Epoch 500 ---
--- Epoch 500 ---

--- Epoch 500 ---


--- Epoch 500 ---
Class Weights: [2.1197900e-05 5.3890608e-02 5.3172067e-02 5.7795726e-02 5.8645662e-02
 5.3172067e-02 5.1790975e-02 5.6167677e-02 5.5387571e-02 5.2472435e-02
 5.7795726e-02 5.0479811e-02 6.0422804e-02 5.2472435e-02 5.8645662e-02
 5.3890608e-02 5.7795726e-02 6.1352387e-02 5.4628838e-02]Class Weights: [2.1197900e-05 5.3890608e-02 5.3172067e-02 5.7795726e-02 5.8645662e-02
 5.3172067e-02 5.1790975e-02 5.6167677e-02 5.5387571e-02 5.2472435e-02
 5.7795726e-02 5.0479811e-02 6.0422804e-02 5.2472435e-02 5.8645662e-02
 5.3890608e-02 5.7795726e-02 6.1352387e-02 5.4628838e-02]Class Weights: [2.1197900e-05 5.3890608e-02 5.3172067e-02 5.7795726e-02 5.8645662e-02
 5.3172067e-02 5.1790975e-02 5.6167677e-02 5.5387571e-02 5.2472435e-02
 5.7795726e-02 5.0479811e-02 6.0422804e-02 5.2472435e-02 5.8645662e-02
 5.3890608e-02 5.7795726e-02 6.1352387e-02 5.4628838e-02]

Class Weights: [2.1197900e-05 5.3890608e-02 5.3172067e-02 5.7795726e-02 5.8645662e-02
 5.3172067e-02 5.1790975e-02 5.6167677e-02 5.5387571e-02 5.2472435e-02
 5.7795726e-02 5.0479811e-02 6.0422804e-02 5.2472435e-02 5.8645662e-02
 5.3890608e-02 5.7795726e-02 6.1352387e-02 5.4628838e-02]
Learning Rate: 0.0007694497527671312Learning Rate: 0.0007694497527671312

Learning Rate: 0.0007694497527671312

Learning Rate: 0.0007694497527671312
Train Loss: 0.1192, Val Loss: 0.1256
Train Loss: 0.1192, Val Loss: 0.1256
Train Loss: 0.1192, Val Loss: 0.1256Train Loss: 0.1192, Val Loss: 0.1256

Per-Class Precision: [0.99999317 0.50505051 0.90384615 0.73529412 0.58741259 0.58273381
 0.58479532 0.58823529 0.77160494 0.41059603 0.40217391 0.40322581
 0.73033708 0.69047619 0.38341969 0.55474453 0.72307692 0.82777778
 0.74672489]
Per-Class Recall: [0.99664227 1.         0.94       1.         0.84       0.81
 1.         0.66666667 1.         0.992      0.888      1.
 0.65       0.928      0.592      0.76       0.94       0.85142857
 0.97714286]
Per-Class F1-Score: [0.99831491 0.67114094 0.92156863 0.84745763 0.69135802 0.67782427
 0.73800738 0.625      0.87108014 0.58079625 0.55361596 0.57471264
 0.68783069 0.79180887 0.46540881 0.64135021 0.8173913  0.83943662
 0.84653465]
Support per Class: [293949    100     50     75    100    100    100     75    125    125
    125     50    100    125    125    100    200    175    175]
Weighted Precision: 0.9974, Weighted Recall: 0.9959, Weighted F1-Score: 0.9964
Precision: 0.9974, Recall: 0.9959, F1-Score: 0.9964
Fold 1, Epoch 500, Train Loss: 0.1192, Val Loss: 0.1256, Val Acc: 0.9955
Precision: 0.9975, Recall: 0.9959, F1-Score: 0.9965
Fold 1, Epoch 501, Train Loss: 0.1153, Val Loss: 0.1263, Val Acc: 0.9957
Precision: 0.9974, Recall: 0.9955, F1-Score: 0.9962
Fold 1, Epoch 502, Train Loss: 0.1108, Val Loss: 0.1154, Val Acc: 0.9953
Precision: 0.9976, Recall: 0.9958, F1-Score: 0.9964
Fold 1, Epoch 503, Train Loss: 0.1107, Val Loss: 0.1157, Val Acc: 0.9955
Precision: 0.9976, Recall: 0.9959, F1-Score: 0.9965
Fold 1, Epoch 504, Train Loss: 0.1169, Val Loss: 0.1113, Val Acc: 0.9956
Precision: 0.9974, Recall: 0.9956, F1-Score: 0.9962
Fold 1, Epoch 505, Train Loss: 0.1068, Val Loss: 0.1168, Val Acc: 0.9952
Precision: 0.9973, Recall: 0.9946, F1-Score: 0.9957
Fold 1, Epoch 506, Train Loss: 0.1157, Val Loss: 0.1154, Val Acc: 0.9944
Precision: 0.9972, Recall: 0.9938, F1-Score: 0.9952
Fold 1, Epoch 507, Train Loss: 0.1085, Val Loss: 0.1228, Val Acc: 0.9936
Precision: 0.9974, Recall: 0.9950, F1-Score: 0.9959
Fold 1, Epoch 508, Train Loss: 0.1098, Val Loss: 0.1192, Val Acc: 0.9948
Precision: 0.9976, Recall: 0.9959, F1-Score: 0.9965
Fold 1, Epoch 509, Train Loss: 0.1016, Val Loss: 0.1209, Val Acc: 0.9956
Precision: 0.9975, Recall: 0.9958, F1-Score: 0.9965
Fold 1, Epoch 510, Train Loss: 0.1151, Val Loss: 0.1204, Val Acc: 0.9957
Precision: 0.9974, Recall: 0.9954, F1-Score: 0.9961
Fold 1, Epoch 511, Train Loss: 0.1315, Val Loss: 0.1232, Val Acc: 0.9953
Precision: 0.9973, Recall: 0.9952, F1-Score: 0.9960
Fold 1, Epoch 512, Train Loss: 0.1143, Val Loss: 0.1353, Val Acc: 0.9951
Precision: 0.9976, Recall: 0.9958, F1-Score: 0.9964
Fold 1, Epoch 513, Train Loss: 0.1141, Val Loss: 0.1258, Val Acc: 0.9956
Precision: 0.9976, Recall: 0.9958, F1-Score: 0.9964
Fold 1, Epoch 514, Train Loss: 0.1110, Val Loss: 0.1235, Val Acc: 0.9956
Precision: 0.9975, Recall: 0.9958, F1-Score: 0.9964
Fold 1, Epoch 515, Train Loss: 0.1080, Val Loss: 0.1169, Val Acc: 0.9956
Precision: 0.9975, Recall: 0.9958, F1-Score: 0.9964
Fold 1, Epoch 516, Train Loss: 0.0995, Val Loss: 0.1110, Val Acc: 0.9955
Precision: 0.9976, Recall: 0.9962, F1-Score: 0.9967
Fold 1, Epoch 517, Train Loss: 0.1087, Val Loss: 0.1121, Val Acc: 0.9959
Precision: 0.9975, Recall: 0.9957, F1-Score: 0.9963
Fold 1, Epoch 518, Train Loss: 0.0992, Val Loss: 0.1113, Val Acc: 0.9955
Precision: 0.9974, Recall: 0.9916, F1-Score: 0.9941
Fold 1, Epoch 519, Train Loss: 0.1037, Val Loss: 0.1111, Val Acc: 0.9914
Precision: 0.9974, Recall: 0.9944, F1-Score: 0.9956
Fold 1, Epoch 520, Train Loss: 0.1166, Val Loss: 0.1073, Val Acc: 0.9942
Precision: 0.9975, Recall: 0.9953, F1-Score: 0.9961
Fold 1, Epoch 521, Train Loss: 0.1099, Val Loss: 0.1105, Val Acc: 0.9952
Precision: 0.9973, Recall: 0.9953, F1-Score: 0.9960
Fold 1, Epoch 522, Train Loss: 0.1053, Val Loss: 0.1211, Val Acc: 0.9950
Precision: 0.9976, Recall: 0.9960, F1-Score: 0.9965
Fold 1, Epoch 523, Train Loss: 0.0982, Val Loss: 0.1191, Val Acc: 0.9956
Precision: 0.9976, Recall: 0.9959, F1-Score: 0.9965
Fold 1, Epoch 524, Train Loss: 0.0954, Val Loss: 0.1204, Val Acc: 0.9957
Precision: 0.9976, Recall: 0.9959, F1-Score: 0.9965
Fold 1, Epoch 525, Train Loss: 0.0912, Val Loss: 0.1146, Val Acc: 0.9956
Precision: 0.9977, Recall: 0.9961, F1-Score: 0.9966
Fold 1, Epoch 526, Train Loss: 0.1043, Val Loss: 0.1116, Val Acc: 0.9958
Precision: 0.9975, Recall: 0.9956, F1-Score: 0.9963
Fold 1, Epoch 527, Train Loss: 0.1091, Val Loss: 0.1099, Val Acc: 0.9955
Precision: 0.9975, Recall: 0.9956, F1-Score: 0.9963
Fold 1, Epoch 528, Train Loss: 0.1008, Val Loss: 0.1155, Val Acc: 0.9955
Precision: 0.9975, Recall: 0.9955, F1-Score: 0.9962
Fold 1, Epoch 529, Train Loss: 0.1084, Val Loss: 0.1083, Val Acc: 0.9952
Precision: 0.9975, Recall: 0.9956, F1-Score: 0.9963
Fold 1, Epoch 530, Train Loss: 0.1042, Val Loss: 0.1049, Val Acc: 0.9954
Precision: 0.9975, Recall: 0.9960, F1-Score: 0.9965
Fold 1, Epoch 531, Train Loss: 0.1035, Val Loss: 0.1044, Val Acc: 0.9958
Precision: 0.9975, Recall: 0.9957, F1-Score: 0.9964
Fold 1, Epoch 532, Train Loss: 0.1030, Val Loss: 0.1032, Val Acc: 0.9955
Precision: 0.9976, Recall: 0.9959, F1-Score: 0.9965
Fold 1, Epoch 533, Train Loss: 0.0977, Val Loss: 0.1131, Val Acc: 0.9956
Precision: 0.9977, Recall: 0.9961, F1-Score: 0.9967
Fold 1, Epoch 534, Train Loss: 0.0985, Val Loss: 0.1096, Val Acc: 0.9960
Precision: 0.9974, Recall: 0.9949, F1-Score: 0.9958
Fold 1, Epoch 535, Train Loss: 0.1007, Val Loss: 0.1099, Val Acc: 0.9947
Precision: 0.9975, Recall: 0.9955, F1-Score: 0.9962
Fold 1, Epoch 536, Train Loss: 0.0968, Val Loss: 0.1073, Val Acc: 0.9952
Precision: 0.9975, Recall: 0.9958, F1-Score: 0.9964
Fold 1, Epoch 537, Train Loss: 0.0906, Val Loss: 0.1117, Val Acc: 0.9955
Precision: 0.9976, Recall: 0.9959, F1-Score: 0.9965
Fold 1, Epoch 538, Train Loss: 0.1015, Val Loss: 0.1079, Val Acc: 0.9956
Precision: 0.9976, Recall: 0.9959, F1-Score: 0.9965
Fold 1, Epoch 539, Train Loss: 0.0866, Val Loss: 0.1084, Val Acc: 0.9957
Precision: 0.9976, Recall: 0.9959, F1-Score: 0.9965
Fold 1, Epoch 540, Train Loss: 0.0915, Val Loss: 0.1110, Val Acc: 0.9956
Precision: 0.9976, Recall: 0.9960, F1-Score: 0.9966
Fold 1, Epoch 541, Train Loss: 0.0845, Val Loss: 0.1102, Val Acc: 0.9958
Precision: 0.9976, Recall: 0.9961, F1-Score: 0.9967
Fold 1, Epoch 542, Train Loss: 0.0970, Val Loss: 0.1190, Val Acc: 0.9959
Precision: 0.9975, Recall: 0.9956, F1-Score: 0.9963
Fold 1, Epoch 543, Train Loss: 0.1028, Val Loss: 0.1117, Val Acc: 0.9954
Precision: 0.9975, Recall: 0.9955, F1-Score: 0.9962
Fold 1, Epoch 544, Train Loss: 0.1067, Val Loss: 0.1061, Val Acc: 0.9953
Precision: 0.9975, Recall: 0.9958, F1-Score: 0.9964
Fold 1, Epoch 545, Train Loss: 0.0969, Val Loss: 0.1087, Val Acc: 0.9956
Precision: 0.9977, Recall: 0.9962, F1-Score: 0.9967
Fold 1, Epoch 546, Train Loss: 0.0915, Val Loss: 0.1118, Val Acc: 0.9960
Precision: 0.9976, Recall: 0.9960, F1-Score: 0.9966
Fold 1, Epoch 547, Train Loss: 0.0993, Val Loss: 0.1088, Val Acc: 0.9958
Precision: 0.9975, Recall: 0.9958, F1-Score: 0.9964
Fold 1, Epoch 548, Train Loss: 0.0995, Val Loss: 0.1104, Val Acc: 0.9956
Precision: 0.9975, Recall: 0.9956, F1-Score: 0.9963
Fold 1, Epoch 549, Train Loss: 0.0983, Val Loss: 0.1069, Val Acc: 0.9954
Precision: 0.9975, Recall: 0.9956, F1-Score: 0.9963
Fold 1, Epoch 550, Train Loss: 0.0961, Val Loss: 0.1058, Val Acc: 0.9954
Precision: 0.9975, Recall: 0.9958, F1-Score: 0.9964
Fold 1, Epoch 551, Train Loss: 0.1003, Val Loss: 0.1103, Val Acc: 0.9955
Precision: 0.9973, Recall: 0.9954, F1-Score: 0.9961
Fold 1, Epoch 552, Train Loss: 0.1130, Val Loss: 0.1165, Val Acc: 0.9951
Precision: 0.9975, Recall: 0.9956, F1-Score: 0.9963
Fold 1, Epoch 553, Train Loss: 0.1017, Val Loss: 0.1120, Val Acc: 0.9954
Precision: 0.9974, Recall: 0.9956, F1-Score: 0.9962
Fold 1, Epoch 554, Train Loss: 0.0948, Val Loss: 0.1110, Val Acc: 0.9955
Precision: 0.9977, Recall: 0.9960, F1-Score: 0.9966
Fold 1, Epoch 555, Train Loss: 0.1018, Val Loss: 0.1090, Val Acc: 0.9959
Precision: 0.9974, Recall: 0.9956, F1-Score: 0.9962
Fold 1, Epoch 556, Train Loss: 0.0975, Val Loss: 0.1076, Val Acc: 0.9954
Precision: 0.9976, Recall: 0.9960, F1-Score: 0.9965
Fold 1, Epoch 557, Train Loss: 0.0953, Val Loss: 0.1101, Val Acc: 0.9958
Precision: 0.9978, Recall: 0.9962, F1-Score: 0.9968
Fold 1, Epoch 558, Train Loss: 0.0901, Val Loss: 0.1047, Val Acc: 0.9960
Precision: 0.9977, Recall: 0.9962, F1-Score: 0.9967
Fold 1, Epoch 559, Train Loss: 0.0894, Val Loss: 0.1137, Val Acc: 0.9960
Precision: 0.9974, Recall: 0.9951, F1-Score: 0.9959
Fold 1, Epoch 560, Train Loss: 0.0952, Val Loss: 0.1037, Val Acc: 0.9949
Precision: 0.9974, Recall: 0.9955, F1-Score: 0.9962
Fold 1, Epoch 561, Train Loss: 0.0842, Val Loss: 0.1137, Val Acc: 0.9953
Precision: 0.9975, Recall: 0.9958, F1-Score: 0.9964
Fold 1, Epoch 562, Train Loss: 0.0951, Val Loss: 0.0995, Val Acc: 0.9956
Precision: 0.9977, Recall: 0.9963, F1-Score: 0.9968
Fold 1, Epoch 563, Train Loss: 0.0922, Val Loss: 0.1047, Val Acc: 0.9960
Precision: 0.9975, Recall: 0.9959, F1-Score: 0.9964
Fold 1, Epoch 564, Train Loss: 0.1011, Val Loss: 0.1122, Val Acc: 0.9956
Precision: 0.9974, Recall: 0.9956, F1-Score: 0.9962
Fold 1, Epoch 565, Train Loss: 0.0948, Val Loss: 0.1048, Val Acc: 0.9954
Precision: 0.9977, Recall: 0.9961, F1-Score: 0.9966
Fold 1, Epoch 566, Train Loss: 0.0989, Val Loss: 0.1029, Val Acc: 0.9959
Precision: 0.9977, Recall: 0.9961, F1-Score: 0.9967
Fold 1, Epoch 567, Train Loss: 0.0999, Val Loss: 0.1030, Val Acc: 0.9959
Precision: 0.9977, Recall: 0.9962, F1-Score: 0.9967
Fold 1, Epoch 568, Train Loss: 0.0887, Val Loss: 0.1054, Val Acc: 0.9960
Precision: 0.9976, Recall: 0.9961, F1-Score: 0.9966
Fold 1, Epoch 569, Train Loss: 0.0876, Val Loss: 0.1094, Val Acc: 0.9958
Precision: 0.9977, Recall: 0.9961, F1-Score: 0.9967
Fold 1, Epoch 570, Train Loss: 0.0932, Val Loss: 0.1057, Val Acc: 0.9959
Precision: 0.9976, Recall: 0.9959, F1-Score: 0.9965
Fold 1, Epoch 571, Train Loss: 0.0844, Val Loss: 0.1015, Val Acc: 0.9957
Precision: 0.9975, Recall: 0.9956, F1-Score: 0.9963
Fold 1, Epoch 572, Train Loss: 0.0830, Val Loss: 0.1054, Val Acc: 0.9954
Precision: 0.9976, Recall: 0.9958, F1-Score: 0.9965
Fold 1, Epoch 573, Train Loss: 0.0863, Val Loss: 0.1035, Val Acc: 0.9957
Precision: 0.9975, Recall: 0.9956, F1-Score: 0.9963
Fold 1, Epoch 574, Train Loss: 0.0939, Val Loss: 0.1082, Val Acc: 0.9955
Precision: 0.9974, Recall: 0.9951, F1-Score: 0.9960
Fold 1, Epoch 575, Train Loss: 0.0848, Val Loss: 0.1109, Val Acc: 0.9950
Precision: 0.9976, Recall: 0.9959, F1-Score: 0.9965
Fold 1, Epoch 576, Train Loss: 0.0942, Val Loss: 0.1100, Val Acc: 0.9956
Precision: 0.9976, Recall: 0.9956, F1-Score: 0.9963
Fold 1, Epoch 577, Train Loss: 0.0863, Val Loss: 0.1105, Val Acc: 0.9954
Precision: 0.9976, Recall: 0.9956, F1-Score: 0.9963
Fold 1, Epoch 578, Train Loss: 0.0910, Val Loss: 0.1051, Val Acc: 0.9955
Precision: 0.9976, Recall: 0.9958, F1-Score: 0.9965
Fold 1, Epoch 579, Train Loss: 0.0842, Val Loss: 0.1030, Val Acc: 0.9958
Precision: 0.9977, Recall: 0.9962, F1-Score: 0.9967
Fold 1, Epoch 580, Train Loss: 0.0822, Val Loss: 0.1056, Val Acc: 0.9960
Precision: 0.9977, Recall: 0.9962, F1-Score: 0.9968
Fold 1, Epoch 581, Train Loss: 0.0819, Val Loss: 0.1103, Val Acc: 0.9960
Precision: 0.9978, Recall: 0.9963, F1-Score: 0.9968
Fold 1, Epoch 582, Train Loss: 0.0882, Val Loss: 0.1051, Val Acc: 0.9960
Precision: 0.9977, Recall: 0.9961, F1-Score: 0.9967
Fold 1, Epoch 583, Train Loss: 0.0857, Val Loss: 0.1013, Val Acc: 0.9959
Precision: 0.9976, Recall: 0.9957, F1-Score: 0.9964
Fold 1, Epoch 584, Train Loss: 0.0903, Val Loss: 0.1018, Val Acc: 0.9955
Precision: 0.9976, Recall: 0.9954, F1-Score: 0.9962
Fold 1, Epoch 585, Train Loss: 0.0881, Val Loss: 0.1117, Val Acc: 0.9952
Precision: 0.9974, Recall: 0.9949, F1-Score: 0.9958
Fold 1, Epoch 586, Train Loss: 0.0946, Val Loss: 0.1186, Val Acc: 0.9945
Precision: 0.9976, Recall: 0.9957, F1-Score: 0.9964
Fold 1, Epoch 587, Train Loss: 0.0923, Val Loss: 0.1135, Val Acc: 0.9954
Precision: 0.9976, Recall: 0.9958, F1-Score: 0.9965
Fold 1, Epoch 588, Train Loss: 0.0962, Val Loss: 0.1051, Val Acc: 0.9957
Precision: 0.9977, Recall: 0.9962, F1-Score: 0.9967
Fold 1, Epoch 589, Train Loss: 0.0936, Val Loss: 0.1118, Val Acc: 0.9960
Precision: 0.9977, Recall: 0.9962, F1-Score: 0.9967
Fold 1, Epoch 590, Train Loss: 0.0837, Val Loss: 0.1042, Val Acc: 0.9960
Precision: 0.9976, Recall: 0.9962, F1-Score: 0.9967
Fold 1, Epoch 591, Train Loss: 0.0835, Val Loss: 0.1091, Val Acc: 0.9959
Precision: 0.9976, Recall: 0.9961, F1-Score: 0.9967
Fold 1, Epoch 592, Train Loss: 0.0837, Val Loss: 0.1089, Val Acc: 0.9959
Precision: 0.9977, Recall: 0.9959, F1-Score: 0.9966
Fold 1, Epoch 593, Train Loss: 0.0894, Val Loss: 0.1054, Val Acc: 0.9958
Precision: 0.9976, Recall: 0.9955, F1-Score: 0.9963
Fold 1, Epoch 594, Train Loss: 0.0845, Val Loss: 0.1078, Val Acc: 0.9953
Precision: 0.9976, Recall: 0.9958, F1-Score: 0.9965
Fold 1, Epoch 595, Train Loss: 0.0789, Val Loss: 0.1056, Val Acc: 0.9956
Precision: 0.9977, Recall: 0.9962, F1-Score: 0.9967
Fold 1, Epoch 596, Train Loss: 0.0957, Val Loss: 0.1043, Val Acc: 0.9960
Precision: 0.9976, Recall: 0.9949, F1-Score: 0.9959
Fold 1, Epoch 597, Train Loss: 0.0819, Val Loss: 0.1081, Val Acc: 0.9947
Precision: 0.9977, Recall: 0.9960, F1-Score: 0.9966
Fold 1, Epoch 598, Train Loss: 0.0803, Val Loss: 0.1007, Val Acc: 0.9958
Precision: 0.9977, Recall: 0.9961, F1-Score: 0.9967
Fold 1, Epoch 599, Train Loss: 0.0837, Val Loss: 0.1012, Val Acc: 0.9959

--- Epoch 600 ---
--- Epoch 600 ---

--- Epoch 600 ---


--- Epoch 600 ---
Class Weights: [2.1197900e-05 5.3890608e-02 5.3172067e-02 5.7795726e-02 5.8645662e-02
 5.3172067e-02 5.1790975e-02 5.6167677e-02 5.5387571e-02 5.2472435e-02
 5.7795726e-02 5.0479811e-02 6.0422804e-02 5.2472435e-02 5.8645662e-02
 5.3890608e-02 5.7795726e-02 6.1352387e-02 5.4628838e-02]Class Weights: [2.1197900e-05 5.3890608e-02 5.3172067e-02 5.7795726e-02 5.8645662e-02
 5.3172067e-02 5.1790975e-02 5.6167677e-02 5.5387571e-02 5.2472435e-02
 5.7795726e-02 5.0479811e-02 6.0422804e-02 5.2472435e-02 5.8645662e-02
 5.3890608e-02 5.7795726e-02 6.1352387e-02 5.4628838e-02]Class Weights: [2.1197900e-05 5.3890608e-02 5.3172067e-02 5.7795726e-02 5.8645662e-02
 5.3172067e-02 5.1790975e-02 5.6167677e-02 5.5387571e-02 5.2472435e-02
 5.7795726e-02 5.0479811e-02 6.0422804e-02 5.2472435e-02 5.8645662e-02
 5.3890608e-02 5.7795726e-02 6.1352387e-02 5.4628838e-02]

Class Weights: [2.1197900e-05 5.3890608e-02 5.3172067e-02 5.7795726e-02 5.8645662e-02
 5.3172067e-02 5.1790975e-02 5.6167677e-02 5.5387571e-02 5.2472435e-02
 5.7795726e-02 5.0479811e-02 6.0422804e-02 5.2472435e-02 5.8645662e-02
 5.3890608e-02 5.7795726e-02 6.1352387e-02 5.4628838e-02]
Learning Rate: 0.00046069798986951934
Learning Rate: 0.00046069798986951934
Learning Rate: 0.00046069798986951934
Learning Rate: 0.00046069798986951934

Train Loss: 0.0846, Val Loss: 0.0952Train Loss: 0.0846, Val Loss: 0.0952

Train Loss: 0.0846, Val Loss: 0.0952Train Loss: 0.0846, Val Loss: 0.0952

Per-Class Precision: [1.         0.51282051 1.         0.74257426 0.71311475 0.68292683
 0.69117647 0.61344538 0.85034014 0.52991453 0.37377049 0.41176471
 0.75423729 0.81818182 0.30618893 0.63636364 0.71747212 0.87709497
 0.79262673]
Per-Class Recall: [0.99667629 1.         0.94       1.         0.87       0.84
 0.94       0.97333333 1.         0.992      0.912      0.98
 0.89       0.936      0.752      0.77       0.965      0.89714286
 0.98285714]
Per-Class F1-Score: [0.99833538 0.6779661  0.96907216 0.85227273 0.78378378 0.75336323
 0.79661017 0.75257732 0.91911765 0.6908078  0.53023256 0.57988166
 0.81651376 0.87313433 0.43518519 0.69683258 0.82302772 0.88700565
 0.87755102]
Support per Class: [293949    100     50     75    100    100    100     75    125    125
    125     50    100    125    125    100    200    175    175]
Weighted Precision: 0.9978, Weighted Recall: 0.9962, Weighted F1-Score: 0.9968
Precision: 0.9978, Recall: 0.9962, F1-Score: 0.9968
Fold 1, Epoch 600, Train Loss: 0.0846, Val Loss: 0.0952, Val Acc: 0.9961
Precision: 0.9978, Recall: 0.9962, F1-Score: 0.9968
Fold 1, Epoch 601, Train Loss: 0.0823, Val Loss: 0.1007, Val Acc: 0.9960
Precision: 0.9979, Recall: 0.9966, F1-Score: 0.9970
Fold 1, Epoch 602, Train Loss: 0.0801, Val Loss: 0.0984, Val Acc: 0.9963
Precision: 0.9977, Recall: 0.9960, F1-Score: 0.9966
Fold 1, Epoch 603, Train Loss: 0.0870, Val Loss: 0.1040, Val Acc: 0.9959
Precision: 0.9977, Recall: 0.9961, F1-Score: 0.9967
Fold 1, Epoch 604, Train Loss: 0.0884, Val Loss: 0.1045, Val Acc: 0.9959
Precision: 0.9977, Recall: 0.9960, F1-Score: 0.9966
Fold 1, Epoch 605, Train Loss: 0.0798, Val Loss: 0.0978, Val Acc: 0.9958
Precision: 0.9978, Recall: 0.9965, F1-Score: 0.9970
Fold 1, Epoch 606, Train Loss: 0.0747, Val Loss: 0.1064, Val Acc: 0.9962
Precision: 0.9978, Recall: 0.9964, F1-Score: 0.9969
Fold 1, Epoch 607, Train Loss: 0.0796, Val Loss: 0.0986, Val Acc: 0.9961
Precision: 0.9977, Recall: 0.9962, F1-Score: 0.9968
Fold 1, Epoch 608, Train Loss: 0.0752, Val Loss: 0.0971, Val Acc: 0.9960
Precision: 0.9978, Recall: 0.9962, F1-Score: 0.9968
Fold 1, Epoch 609, Train Loss: 0.0778, Val Loss: 0.0997, Val Acc: 0.9960
Precision: 0.9978, Recall: 0.9963, F1-Score: 0.9968
Fold 1, Epoch 610, Train Loss: 0.0831, Val Loss: 0.1001, Val Acc: 0.9959
Precision: 0.9978, Recall: 0.9963, F1-Score: 0.9968
Fold 1, Epoch 611, Train Loss: 0.0786, Val Loss: 0.1010, Val Acc: 0.9960
Precision: 0.9978, Recall: 0.9963, F1-Score: 0.9968
Fold 1, Epoch 612, Train Loss: 0.0778, Val Loss: 0.0975, Val Acc: 0.9961
Precision: 0.9977, Recall: 0.9963, F1-Score: 0.9968
Fold 1, Epoch 613, Train Loss: 0.0830, Val Loss: 0.1015, Val Acc: 0.9960
Precision: 0.9977, Recall: 0.9959, F1-Score: 0.9966
Fold 1, Epoch 614, Train Loss: 0.0860, Val Loss: 0.1017, Val Acc: 0.9956
Precision: 0.9978, Recall: 0.9959, F1-Score: 0.9966
Fold 1, Epoch 615, Train Loss: 0.0828, Val Loss: 0.1084, Val Acc: 0.9957
Precision: 0.9976, Recall: 0.9953, F1-Score: 0.9962
Fold 1, Epoch 616, Train Loss: 0.1024, Val Loss: 0.0985, Val Acc: 0.9951
Precision: 0.9976, Recall: 0.9954, F1-Score: 0.9962
Fold 1, Epoch 617, Train Loss: 0.0932, Val Loss: 0.0914, Val Acc: 0.9952
Precision: 0.9977, Recall: 0.9960, F1-Score: 0.9966
Fold 1, Epoch 618, Train Loss: 0.0898, Val Loss: 0.0999, Val Acc: 0.9958
Precision: 0.9978, Recall: 0.9963, F1-Score: 0.9968
Fold 1, Epoch 619, Train Loss: 0.0860, Val Loss: 0.1049, Val Acc: 0.9960
Precision: 0.9978, Recall: 0.9961, F1-Score: 0.9967
Fold 1, Epoch 620, Train Loss: 0.0871, Val Loss: 0.0959, Val Acc: 0.9959
Precision: 0.9977, Recall: 0.9959, F1-Score: 0.9966
Fold 1, Epoch 621, Train Loss: 0.0874, Val Loss: 0.0996, Val Acc: 0.9957
Precision: 0.9978, Recall: 0.9959, F1-Score: 0.9966
Fold 1, Epoch 622, Train Loss: 0.0813, Val Loss: 0.0973, Val Acc: 0.9957
Precision: 0.9977, Recall: 0.9959, F1-Score: 0.9966
Fold 1, Epoch 623, Train Loss: 0.0771, Val Loss: 0.0982, Val Acc: 0.9957
Precision: 0.9977, Recall: 0.9960, F1-Score: 0.9966
Fold 1, Epoch 624, Train Loss: 0.0767, Val Loss: 0.0983, Val Acc: 0.9958
Precision: 0.9977, Recall: 0.9960, F1-Score: 0.9966
Fold 1, Epoch 625, Train Loss: 0.0789, Val Loss: 0.0977, Val Acc: 0.9958
Precision: 0.9977, Recall: 0.9962, F1-Score: 0.9967
Fold 1, Epoch 626, Train Loss: 0.0809, Val Loss: 0.0961, Val Acc: 0.9959
Precision: 0.9979, Recall: 0.9964, F1-Score: 0.9969
Fold 1, Epoch 627, Train Loss: 0.0789, Val Loss: 0.0986, Val Acc: 0.9962
Precision: 0.9978, Recall: 0.9962, F1-Score: 0.9968
Fold 1, Epoch 628, Train Loss: 0.0872, Val Loss: 0.0990, Val Acc: 0.9960
Precision: 0.9977, Recall: 0.9959, F1-Score: 0.9966
Fold 1, Epoch 629, Train Loss: 0.0748, Val Loss: 0.1017, Val Acc: 0.9957
Precision: 0.9978, Recall: 0.9961, F1-Score: 0.9967
Fold 1, Epoch 630, Train Loss: 0.0768, Val Loss: 0.0988, Val Acc: 0.9959
Precision: 0.9978, Recall: 0.9962, F1-Score: 0.9968
Fold 1, Epoch 631, Train Loss: 0.0766, Val Loss: 0.1006, Val Acc: 0.9960
Precision: 0.9978, Recall: 0.9963, F1-Score: 0.9968
Fold 1, Epoch 632, Train Loss: 0.0688, Val Loss: 0.0938, Val Acc: 0.9961
Precision: 0.9979, Recall: 0.9964, F1-Score: 0.9969
Fold 1, Epoch 633, Train Loss: 0.0744, Val Loss: 0.0929, Val Acc: 0.9962
Precision: 0.9978, Recall: 0.9963, F1-Score: 0.9969
Fold 1, Epoch 634, Train Loss: 0.0695, Val Loss: 0.0910, Val Acc: 0.9960
Precision: 0.9978, Recall: 0.9962, F1-Score: 0.9968
Fold 1, Epoch 635, Train Loss: 0.0754, Val Loss: 0.0962, Val Acc: 0.9959
Precision: 0.9978, Recall: 0.9963, F1-Score: 0.9968
Fold 1, Epoch 636, Train Loss: 0.0761, Val Loss: 0.0973, Val Acc: 0.9961
Precision: 0.9978, Recall: 0.9962, F1-Score: 0.9968
Fold 1, Epoch 637, Train Loss: 0.0806, Val Loss: 0.0931, Val Acc: 0.9960
Precision: 0.9977, Recall: 0.9961, F1-Score: 0.9967
Fold 1, Epoch 638, Train Loss: 0.0746, Val Loss: 0.0995, Val Acc: 0.9960
Precision: 0.9977, Recall: 0.9960, F1-Score: 0.9966
Fold 1, Epoch 639, Train Loss: 0.0816, Val Loss: 0.0960, Val Acc: 0.9958
Precision: 0.9975, Recall: 0.9925, F1-Score: 0.9946
Fold 1, Epoch 640, Train Loss: 0.0812, Val Loss: 0.1009, Val Acc: 0.9921
Precision: 0.9975, Recall: 0.9946, F1-Score: 0.9958
Fold 1, Epoch 641, Train Loss: 0.0783, Val Loss: 0.1311, Val Acc: 0.9943
Precision: 0.9977, Recall: 0.9960, F1-Score: 0.9966
Fold 1, Epoch 642, Train Loss: 0.0758, Val Loss: 0.0983, Val Acc: 0.9958
Precision: 0.9979, Recall: 0.9965, F1-Score: 0.9970
Fold 1, Epoch 643, Train Loss: 0.0735, Val Loss: 0.1044, Val Acc: 0.9964
Precision: 0.9978, Recall: 0.9964, F1-Score: 0.9969
Fold 1, Epoch 644, Train Loss: 0.0752, Val Loss: 0.1023, Val Acc: 0.9962
Precision: 0.9978, Recall: 0.9963, F1-Score: 0.9968
Fold 1, Epoch 645, Train Loss: 0.0729, Val Loss: 0.0979, Val Acc: 0.9961
Precision: 0.9977, Recall: 0.9962, F1-Score: 0.9967
Fold 1, Epoch 646, Train Loss: 0.0708, Val Loss: 0.0984, Val Acc: 0.9959
Precision: 0.9978, Recall: 0.9963, F1-Score: 0.9968
Fold 1, Epoch 647, Train Loss: 0.0679, Val Loss: 0.0980, Val Acc: 0.9961
Precision: 0.9978, Recall: 0.9964, F1-Score: 0.9969
Fold 1, Epoch 648, Train Loss: 0.0776, Val Loss: 0.0998, Val Acc: 0.9961
Precision: 0.9978, Recall: 0.9966, F1-Score: 0.9970
Fold 1, Epoch 649, Train Loss: 0.0771, Val Loss: 0.0993, Val Acc: 0.9963
Precision: 0.9978, Recall: 0.9966, F1-Score: 0.9970
Fold 1, Epoch 650, Train Loss: 0.0782, Val Loss: 0.0989, Val Acc: 0.9963
Precision: 0.9978, Recall: 0.9965, F1-Score: 0.9969
Fold 1, Epoch 651, Train Loss: 0.0766, Val Loss: 0.0958, Val Acc: 0.9962
Precision: 0.9978, Recall: 0.9964, F1-Score: 0.9969
Fold 1, Epoch 652, Train Loss: 0.0766, Val Loss: 0.0993, Val Acc: 0.9961
Precision: 0.9979, Recall: 0.9967, F1-Score: 0.9971
Fold 1, Epoch 653, Train Loss: 0.0818, Val Loss: 0.0995, Val Acc: 0.9965
Precision: 0.9977, Recall: 0.9962, F1-Score: 0.9967
Fold 1, Epoch 654, Train Loss: 0.0916, Val Loss: 0.1053, Val Acc: 0.9960
Precision: 0.9978, Recall: 0.9965, F1-Score: 0.9970
Fold 1, Epoch 655, Train Loss: 0.0868, Val Loss: 0.0980, Val Acc: 0.9962
Precision: 0.9976, Recall: 0.9960, F1-Score: 0.9966
Fold 1, Epoch 656, Train Loss: 0.0786, Val Loss: 0.0959, Val Acc: 0.9958
Precision: 0.9977, Recall: 0.9961, F1-Score: 0.9967
Fold 1, Epoch 657, Train Loss: 0.0812, Val Loss: 0.0927, Val Acc: 0.9959
Precision: 0.9978, Recall: 0.9965, F1-Score: 0.9970
Fold 1, Epoch 658, Train Loss: 0.0783, Val Loss: 0.0984, Val Acc: 0.9963
Precision: 0.9978, Recall: 0.9967, F1-Score: 0.9971
Fold 1, Epoch 659, Train Loss: 0.0732, Val Loss: 0.0973, Val Acc: 0.9964
Precision: 0.9979, Recall: 0.9967, F1-Score: 0.9971
Fold 1, Epoch 660, Train Loss: 0.0783, Val Loss: 0.0997, Val Acc: 0.9964
Precision: 0.9978, Recall: 0.9966, F1-Score: 0.9970
Fold 1, Epoch 661, Train Loss: 0.0703, Val Loss: 0.0975, Val Acc: 0.9964
Precision: 0.9978, Recall: 0.9966, F1-Score: 0.9970
Fold 1, Epoch 662, Train Loss: 0.0694, Val Loss: 0.0963, Val Acc: 0.9964
Precision: 0.9977, Recall: 0.9963, F1-Score: 0.9968
Fold 1, Epoch 663, Train Loss: 0.0789, Val Loss: 0.0980, Val Acc: 0.9961
Precision: 0.9978, Recall: 0.9963, F1-Score: 0.9968
Fold 1, Epoch 664, Train Loss: 0.0745, Val Loss: 0.1020, Val Acc: 0.9960
Precision: 0.9977, Recall: 0.9961, F1-Score: 0.9967
Fold 1, Epoch 665, Train Loss: 0.0749, Val Loss: 0.1036, Val Acc: 0.9958
Precision: 0.9979, Recall: 0.9965, F1-Score: 0.9970
Fold 1, Epoch 666, Train Loss: 0.0782, Val Loss: 0.0938, Val Acc: 0.9963
Precision: 0.9977, Recall: 0.9964, F1-Score: 0.9969
Fold 1, Epoch 667, Train Loss: 0.0685, Val Loss: 0.1032, Val Acc: 0.9962
Precision: 0.9979, Recall: 0.9966, F1-Score: 0.9971
Fold 1, Epoch 668, Train Loss: 0.0807, Val Loss: 0.0982, Val Acc: 0.9964
Precision: 0.9978, Recall: 0.9963, F1-Score: 0.9969
Fold 1, Epoch 669, Train Loss: 0.0768, Val Loss: 0.0923, Val Acc: 0.9962
Precision: 0.9977, Recall: 0.9962, F1-Score: 0.9968
Fold 1, Epoch 670, Train Loss: 0.0671, Val Loss: 0.0948, Val Acc: 0.9960
Precision: 0.9979, Recall: 0.9966, F1-Score: 0.9970
Fold 1, Epoch 671, Train Loss: 0.0715, Val Loss: 0.0964, Val Acc: 0.9963
Precision: 0.9978, Recall: 0.9965, F1-Score: 0.9970
Fold 1, Epoch 672, Train Loss: 0.0701, Val Loss: 0.0985, Val Acc: 0.9962
Precision: 0.9979, Recall: 0.9966, F1-Score: 0.9970
Fold 1, Epoch 673, Train Loss: 0.0777, Val Loss: 0.0953, Val Acc: 0.9964
Precision: 0.9978, Recall: 0.9964, F1-Score: 0.9969
Fold 1, Epoch 674, Train Loss: 0.0786, Val Loss: 0.0977, Val Acc: 0.9962
Precision: 0.9978, Recall: 0.9964, F1-Score: 0.9969
Fold 1, Epoch 675, Train Loss: 0.0751, Val Loss: 0.0980, Val Acc: 0.9962
Precision: 0.9977, Recall: 0.9962, F1-Score: 0.9967
Fold 1, Epoch 676, Train Loss: 0.0768, Val Loss: 0.0984, Val Acc: 0.9960
Precision: 0.9976, Recall: 0.9961, F1-Score: 0.9967
Fold 1, Epoch 677, Train Loss: 0.0700, Val Loss: 0.0923, Val Acc: 0.9959
Precision: 0.9977, Recall: 0.9963, F1-Score: 0.9968
Fold 1, Epoch 678, Train Loss: 0.0673, Val Loss: 0.0947, Val Acc: 0.9961
Precision: 0.9977, Recall: 0.9964, F1-Score: 0.9969
Fold 1, Epoch 679, Train Loss: 0.0732, Val Loss: 0.0966, Val Acc: 0.9961
Precision: 0.9978, Recall: 0.9965, F1-Score: 0.9970
Fold 1, Epoch 680, Train Loss: 0.0686, Val Loss: 0.1003, Val Acc: 0.9962
Precision: 0.9978, Recall: 0.9964, F1-Score: 0.9969
Fold 1, Epoch 681, Train Loss: 0.0727, Val Loss: 0.0993, Val Acc: 0.9961
Precision: 0.9978, Recall: 0.9964, F1-Score: 0.9969
Fold 1, Epoch 682, Train Loss: 0.0655, Val Loss: 0.0972, Val Acc: 0.9962
Precision: 0.9978, Recall: 0.9966, F1-Score: 0.9970
Fold 1, Epoch 683, Train Loss: 0.0760, Val Loss: 0.0996, Val Acc: 0.9963
Precision: 0.9978, Recall: 0.9966, F1-Score: 0.9970
Fold 1, Epoch 684, Train Loss: 0.0690, Val Loss: 0.0988, Val Acc: 0.9964
Precision: 0.9979, Recall: 0.9966, F1-Score: 0.9971
Fold 1, Epoch 685, Train Loss: 0.0806, Val Loss: 0.1000, Val Acc: 0.9964
Precision: 0.9978, Recall: 0.9963, F1-Score: 0.9968
Fold 1, Epoch 686, Train Loss: 0.0762, Val Loss: 0.1034, Val Acc: 0.9961
Precision: 0.9977, Recall: 0.9962, F1-Score: 0.9967
Fold 1, Epoch 687, Train Loss: 0.0743, Val Loss: 0.0970, Val Acc: 0.9960
Precision: 0.9976, Recall: 0.9960, F1-Score: 0.9966
Fold 1, Epoch 688, Train Loss: 0.0807, Val Loss: 0.1015, Val Acc: 0.9957
Precision: 0.9978, Recall: 0.9964, F1-Score: 0.9968
Fold 1, Epoch 689, Train Loss: 0.0650, Val Loss: 0.1021, Val Acc: 0.9961
Precision: 0.9978, Recall: 0.9965, F1-Score: 0.9970
Fold 1, Epoch 690, Train Loss: 0.0721, Val Loss: 0.1050, Val Acc: 0.9962
Precision: 0.9978, Recall: 0.9964, F1-Score: 0.9969
Fold 1, Epoch 691, Train Loss: 0.0786, Val Loss: 0.1002, Val Acc: 0.9962
Precision: 0.9977, Recall: 0.9962, F1-Score: 0.9968
Fold 1, Epoch 692, Train Loss: 0.0805, Val Loss: 0.0956, Val Acc: 0.9960
Precision: 0.9976, Recall: 0.9959, F1-Score: 0.9965
Fold 1, Epoch 693, Train Loss: 0.0715, Val Loss: 0.1042, Val Acc: 0.9956
Precision: 0.9978, Recall: 0.9963, F1-Score: 0.9968
Fold 1, Epoch 694, Train Loss: 0.0771, Val Loss: 0.0980, Val Acc: 0.9961
Precision: 0.9978, Recall: 0.9964, F1-Score: 0.9969
Fold 1, Epoch 695, Train Loss: 0.0768, Val Loss: 0.0978, Val Acc: 0.9962
Precision: 0.9977, Recall: 0.9963, F1-Score: 0.9968
Fold 1, Epoch 696, Train Loss: 0.0721, Val Loss: 0.1019, Val Acc: 0.9961
Precision: 0.9978, Recall: 0.9964, F1-Score: 0.9969
Fold 1, Epoch 697, Train Loss: 0.0745, Val Loss: 0.0959, Val Acc: 0.9962
Precision: 0.9978, Recall: 0.9963, F1-Score: 0.9968
Fold 1, Epoch 698, Train Loss: 0.0720, Val Loss: 0.1006, Val Acc: 0.9961
Precision: 0.9978, Recall: 0.9962, F1-Score: 0.9968
Fold 1, Epoch 699, Train Loss: 0.0642, Val Loss: 0.0999, Val Acc: 0.9960

--- Epoch 700 ---
--- Epoch 700 ---
--- Epoch 700 ---



--- Epoch 700 ---
Class Weights: [2.1197900e-05 5.3890608e-02 5.3172067e-02 5.7795726e-02 5.8645662e-02
 5.3172067e-02 5.1790975e-02 5.6167677e-02 5.5387571e-02 5.2472435e-02
 5.7795726e-02 5.0479811e-02 6.0422804e-02 5.2472435e-02 5.8645662e-02
 5.3890608e-02 5.7795726e-02 6.1352387e-02 5.4628838e-02]Class Weights: [2.1197900e-05 5.3890608e-02 5.3172067e-02 5.7795726e-02 5.8645662e-02
 5.3172067e-02 5.1790975e-02 5.6167677e-02 5.5387571e-02 5.2472435e-02
 5.7795726e-02 5.0479811e-02 6.0422804e-02 5.2472435e-02 5.8645662e-02
 5.3890608e-02 5.7795726e-02 6.1352387e-02 5.4628838e-02]

Class Weights: [2.1197900e-05 5.3890608e-02 5.3172067e-02 5.7795726e-02 5.8645662e-02
 5.3172067e-02 5.1790975e-02 5.6167677e-02 5.5387571e-02 5.2472435e-02
 5.7795726e-02 5.0479811e-02 6.0422804e-02 5.2472435e-02 5.8645662e-02
 5.3890608e-02 5.7795726e-02 6.1352387e-02 5.4628838e-02]Learning Rate: 0.00027583690436774953Class Weights: [2.1197900e-05 5.3890608e-02 5.3172067e-02 5.7795726e-02 5.8645662e-02
 5.3172067e-02 5.1790975e-02 5.6167677e-02 5.5387571e-02 5.2472435e-02
 5.7795726e-02 5.0479811e-02 6.0422804e-02 5.2472435e-02 5.8645662e-02
 5.3890608e-02 5.7795726e-02 6.1352387e-02 5.4628838e-02]Learning Rate: 0.00027583690436774953



Learning Rate: 0.00027583690436774953
Learning Rate: 0.00027583690436774953
Train Loss: 0.0696, Val Loss: 0.0949Train Loss: 0.0696, Val Loss: 0.0949

Train Loss: 0.0696, Val Loss: 0.0949
Train Loss: 0.0696, Val Loss: 0.0949
Per-Class Precision: [1.         0.53475936 1.         0.72815534 0.76785714 0.67647059
 0.68027211 0.59663866 0.86206897 0.51028807 0.45914397 0.43103448
 0.77358491 0.81333333 0.3372549  0.65972222 0.70588235 0.87362637
 0.78475336]
Per-Class Recall: [0.9968634  1.         1.         1.         0.86       0.92
 1.         0.94666667 1.         0.992      0.944      1.
 0.82       0.976      0.688      0.95       0.96       0.90857143
 1.        ]
Per-Class F1-Score: [0.99842924 0.69686411 1.         0.84269663 0.81132075 0.77966102
 0.8097166  0.73195876 0.92592593 0.67391304 0.61780105 0.60240964
 0.7961165  0.88727273 0.45263158 0.77868852 0.81355932 0.8907563
 0.87939698]
Support per Class: [293949    100     50     75    100    100    100     75    125    125
    125     50    100    125    125    100    200    175    175]
Weighted Precision: 0.9978, Weighted Recall: 0.9965, Weighted F1-Score: 0.9969
Precision: 0.9978, Recall: 0.9965, F1-Score: 0.9969
Fold 1, Epoch 700, Train Loss: 0.0696, Val Loss: 0.0949, Val Acc: 0.9962
Precision: 0.9978, Recall: 0.9966, F1-Score: 0.9970
Fold 1, Epoch 701, Train Loss: 0.0690, Val Loss: 0.0996, Val Acc: 0.9963
Precision: 0.9979, Recall: 0.9965, F1-Score: 0.9970
Fold 1, Epoch 702, Train Loss: 0.0660, Val Loss: 0.0939, Val Acc: 0.9963
Precision: 0.9978, Recall: 0.9964, F1-Score: 0.9969
Fold 1, Epoch 703, Train Loss: 0.0726, Val Loss: 0.0950, Val Acc: 0.9961
Precision: 0.9978, Recall: 0.9963, F1-Score: 0.9968
Fold 1, Epoch 704, Train Loss: 0.0676, Val Loss: 0.0992, Val Acc: 0.9960
Precision: 0.9979, Recall: 0.9966, F1-Score: 0.9970
Fold 1, Epoch 705, Train Loss: 0.0654, Val Loss: 0.0968, Val Acc: 0.9963
Precision: 0.9979, Recall: 0.9966, F1-Score: 0.9970
Fold 1, Epoch 706, Train Loss: 0.0653, Val Loss: 0.0983, Val Acc: 0.9963
Precision: 0.9980, Recall: 0.9967, F1-Score: 0.9972
Fold 1, Epoch 707, Train Loss: 0.0648, Val Loss: 0.0965, Val Acc: 0.9964
Precision: 0.9980, Recall: 0.9968, F1-Score: 0.9972
Fold 1, Epoch 708, Train Loss: 0.0657, Val Loss: 0.0938, Val Acc: 0.9966
Precision: 0.9980, Recall: 0.9968, F1-Score: 0.9972
Fold 1, Epoch 709, Train Loss: 0.0668, Val Loss: 0.0948, Val Acc: 0.9966
Precision: 0.9979, Recall: 0.9967, F1-Score: 0.9971
Fold 1, Epoch 710, Train Loss: 0.0663, Val Loss: 0.0961, Val Acc: 0.9964
Precision: 0.9980, Recall: 0.9968, F1-Score: 0.9972
Fold 1, Epoch 711, Train Loss: 0.0728, Val Loss: 0.0940, Val Acc: 0.9966
Precision: 0.9980, Recall: 0.9969, F1-Score: 0.9972
Fold 1, Epoch 712, Train Loss: 0.0631, Val Loss: 0.0956, Val Acc: 0.9966
Precision: 0.9980, Recall: 0.9969, F1-Score: 0.9973
Fold 1, Epoch 713, Train Loss: 0.0645, Val Loss: 0.0997, Val Acc: 0.9965
Precision: 0.9979, Recall: 0.9969, F1-Score: 0.9972
Fold 1, Epoch 714, Train Loss: 0.0677, Val Loss: 0.1012, Val Acc: 0.9966
Precision: 0.9980, Recall: 0.9968, F1-Score: 0.9972
Fold 1, Epoch 715, Train Loss: 0.0708, Val Loss: 0.0946, Val Acc: 0.9966
Precision: 0.9979, Recall: 0.9969, F1-Score: 0.9972
Fold 1, Epoch 716, Train Loss: 0.0630, Val Loss: 0.0958, Val Acc: 0.9966
Precision: 0.9979, Recall: 0.9968, F1-Score: 0.9972
Fold 1, Epoch 717, Train Loss: 0.0664, Val Loss: 0.0972, Val Acc: 0.9966
Precision: 0.9979, Recall: 0.9966, F1-Score: 0.9971
Fold 1, Epoch 718, Train Loss: 0.0655, Val Loss: 0.0984, Val Acc: 0.9964
Precision: 0.9977, Recall: 0.9961, F1-Score: 0.9966
Fold 1, Epoch 719, Train Loss: 0.0696, Val Loss: 0.0968, Val Acc: 0.9959
Precision: 0.9975, Recall: 0.9951, F1-Score: 0.9960
Fold 1, Epoch 720, Train Loss: 0.0657, Val Loss: 0.0958, Val Acc: 0.9949
Precision: 0.9977, Recall: 0.9958, F1-Score: 0.9965
Fold 1, Epoch 721, Train Loss: 0.0633, Val Loss: 0.0989, Val Acc: 0.9956
Precision: 0.9978, Recall: 0.9962, F1-Score: 0.9968
Fold 1, Epoch 722, Train Loss: 0.0669, Val Loss: 0.0989, Val Acc: 0.9960
Precision: 0.9978, Recall: 0.9964, F1-Score: 0.9969
Fold 1, Epoch 723, Train Loss: 0.0638, Val Loss: 0.0995, Val Acc: 0.9962
Precision: 0.9978, Recall: 0.9963, F1-Score: 0.9968
Fold 1, Epoch 724, Train Loss: 0.0614, Val Loss: 0.0988, Val Acc: 0.9961
Precision: 0.9978, Recall: 0.9964, F1-Score: 0.9969
Fold 1, Epoch 725, Train Loss: 0.0717, Val Loss: 0.0999, Val Acc: 0.9961
Precision: 0.9978, Recall: 0.9963, F1-Score: 0.9968
Fold 1, Epoch 726, Train Loss: 0.0722, Val Loss: 0.1002, Val Acc: 0.9961
Precision: 0.9978, Recall: 0.9963, F1-Score: 0.9969
Fold 1, Epoch 727, Train Loss: 0.0768, Val Loss: 0.0988, Val Acc: 0.9961
Precision: 0.9978, Recall: 0.9965, F1-Score: 0.9970
Fold 1, Epoch 728, Train Loss: 0.0707, Val Loss: 0.1003, Val Acc: 0.9963
Precision: 0.9978, Recall: 0.9965, F1-Score: 0.9970
Fold 1, Epoch 729, Train Loss: 0.0669, Val Loss: 0.0999, Val Acc: 0.9963
Precision: 0.9980, Recall: 0.9968, F1-Score: 0.9972
Fold 1, Epoch 730, Train Loss: 0.0679, Val Loss: 0.0950, Val Acc: 0.9965
Precision: 0.9980, Recall: 0.9967, F1-Score: 0.9972
Fold 1, Epoch 731, Train Loss: 0.0666, Val Loss: 0.0927, Val Acc: 0.9966
Precision: 0.9979, Recall: 0.9966, F1-Score: 0.9970
Fold 1, Epoch 732, Train Loss: 0.0695, Val Loss: 0.0972, Val Acc: 0.9963
Precision: 0.9979, Recall: 0.9965, F1-Score: 0.9970
Fold 1, Epoch 733, Train Loss: 0.0743, Val Loss: 0.0932, Val Acc: 0.9963
Precision: 0.9978, Recall: 0.9962, F1-Score: 0.9968
Fold 1, Epoch 734, Train Loss: 0.0780, Val Loss: 0.0898, Val Acc: 0.9960
Precision: 0.9978, Recall: 0.9963, F1-Score: 0.9968
Fold 1, Epoch 735, Train Loss: 0.0706, Val Loss: 0.0990, Val Acc: 0.9960
Precision: 0.9978, Recall: 0.9964, F1-Score: 0.9969
Fold 1, Epoch 736, Train Loss: 0.0647, Val Loss: 0.0942, Val Acc: 0.9962
Precision: 0.9980, Recall: 0.9968, F1-Score: 0.9972
Fold 1, Epoch 737, Train Loss: 0.0679, Val Loss: 0.0946, Val Acc: 0.9966
Precision: 0.9980, Recall: 0.9970, F1-Score: 0.9973
Fold 1, Epoch 738, Train Loss: 0.0628, Val Loss: 0.0945, Val Acc: 0.9967
Precision: 0.9980, Recall: 0.9968, F1-Score: 0.9972
Fold 1, Epoch 739, Train Loss: 0.0635, Val Loss: 0.0932, Val Acc: 0.9966
Precision: 0.9979, Recall: 0.9966, F1-Score: 0.9970
Fold 1, Epoch 740, Train Loss: 0.0653, Val Loss: 0.0932, Val Acc: 0.9963
Precision: 0.9979, Recall: 0.9966, F1-Score: 0.9970
Fold 1, Epoch 741, Train Loss: 0.0647, Val Loss: 0.0898, Val Acc: 0.9963
Precision: 0.9979, Recall: 0.9966, F1-Score: 0.9971
Fold 1, Epoch 742, Train Loss: 0.0618, Val Loss: 0.0888, Val Acc: 0.9964
Precision: 0.9979, Recall: 0.9967, F1-Score: 0.9971
Fold 1, Epoch 743, Train Loss: 0.0662, Val Loss: 0.0915, Val Acc: 0.9966
Precision: 0.9980, Recall: 0.9967, F1-Score: 0.9972
Fold 1, Epoch 744, Train Loss: 0.0702, Val Loss: 0.0926, Val Acc: 0.9965
Precision: 0.9979, Recall: 0.9967, F1-Score: 0.9972
Fold 1, Epoch 745, Train Loss: 0.0642, Val Loss: 0.0975, Val Acc: 0.9965
Precision: 0.9979, Recall: 0.9967, F1-Score: 0.9971
Fold 1, Epoch 746, Train Loss: 0.0675, Val Loss: 0.0980, Val Acc: 0.9965
Precision: 0.9979, Recall: 0.9966, F1-Score: 0.9971
Fold 1, Epoch 747, Train Loss: 0.0703, Val Loss: 0.0967, Val Acc: 0.9964
Precision: 0.9978, Recall: 0.9965, F1-Score: 0.9970
Fold 1, Epoch 748, Train Loss: 0.0628, Val Loss: 0.0962, Val Acc: 0.9963
Precision: 0.9979, Recall: 0.9966, F1-Score: 0.9970
Fold 1, Epoch 749, Train Loss: 0.0696, Val Loss: 0.0940, Val Acc: 0.9964
Precision: 0.9977, Recall: 0.9962, F1-Score: 0.9967
Fold 1, Epoch 750, Train Loss: 0.0755, Val Loss: 0.0921, Val Acc: 0.9960
Precision: 0.9976, Recall: 0.9958, F1-Score: 0.9965
Fold 1, Epoch 751, Train Loss: 0.0617, Val Loss: 0.0947, Val Acc: 0.9956
Precision: 0.9977, Recall: 0.9959, F1-Score: 0.9966
Fold 1, Epoch 752, Train Loss: 0.0684, Val Loss: 0.0947, Val Acc: 0.9957
Precision: 0.9978, Recall: 0.9962, F1-Score: 0.9968
Fold 1, Epoch 753, Train Loss: 0.0735, Val Loss: 0.0917, Val Acc: 0.9960
Precision: 0.9978, Recall: 0.9962, F1-Score: 0.9968
Fold 1, Epoch 754, Train Loss: 0.0637, Val Loss: 0.0968, Val Acc: 0.9961
Precision: 0.9979, Recall: 0.9965, F1-Score: 0.9970
Fold 1, Epoch 755, Train Loss: 0.0697, Val Loss: 0.0898, Val Acc: 0.9964
Precision: 0.9979, Recall: 0.9967, F1-Score: 0.9971
Fold 1, Epoch 756, Train Loss: 0.0690, Val Loss: 0.0942, Val Acc: 0.9965
Precision: 0.9980, Recall: 0.9968, F1-Score: 0.9972
Fold 1, Epoch 757, Train Loss: 0.0582, Val Loss: 0.0958, Val Acc: 0.9966
Precision: 0.9980, Recall: 0.9968, F1-Score: 0.9972
Fold 1, Epoch 758, Train Loss: 0.0598, Val Loss: 0.0944, Val Acc: 0.9966
Precision: 0.9979, Recall: 0.9966, F1-Score: 0.9971
Fold 1, Epoch 759, Train Loss: 0.0701, Val Loss: 0.0927, Val Acc: 0.9964
Precision: 0.9979, Recall: 0.9965, F1-Score: 0.9970
Fold 1, Epoch 760, Train Loss: 0.0641, Val Loss: 0.0959, Val Acc: 0.9963
Precision: 0.9979, Recall: 0.9965, F1-Score: 0.9970
Fold 1, Epoch 761, Train Loss: 0.0669, Val Loss: 0.0946, Val Acc: 0.9963
Precision: 0.9978, Recall: 0.9964, F1-Score: 0.9969
Fold 1, Epoch 762, Train Loss: 0.0647, Val Loss: 0.0958, Val Acc: 0.9962
Precision: 0.9978, Recall: 0.9964, F1-Score: 0.9969
Fold 1, Epoch 763, Train Loss: 0.0632, Val Loss: 0.0925, Val Acc: 0.9962
Precision: 0.9979, Recall: 0.9964, F1-Score: 0.9969
Fold 1, Epoch 764, Train Loss: 0.0688, Val Loss: 0.0880, Val Acc: 0.9962
Precision: 0.9979, Recall: 0.9966, F1-Score: 0.9970
Fold 1, Epoch 765, Train Loss: 0.0567, Val Loss: 0.0911, Val Acc: 0.9963
Precision: 0.9979, Recall: 0.9967, F1-Score: 0.9972
Fold 1, Epoch 766, Train Loss: 0.0660, Val Loss: 0.0913, Val Acc: 0.9964
Precision: 0.9979, Recall: 0.9966, F1-Score: 0.9971
Fold 1, Epoch 767, Train Loss: 0.0667, Val Loss: 0.0952, Val Acc: 0.9963
Precision: 0.9979, Recall: 0.9965, F1-Score: 0.9970
Fold 1, Epoch 768, Train Loss: 0.0707, Val Loss: 0.0894, Val Acc: 0.9963
Precision: 0.9979, Recall: 0.9966, F1-Score: 0.9970
Fold 1, Epoch 769, Train Loss: 0.0679, Val Loss: 0.0875, Val Acc: 0.9964
Precision: 0.9978, Recall: 0.9965, F1-Score: 0.9970
Fold 1, Epoch 770, Train Loss: 0.0633, Val Loss: 0.0952, Val Acc: 0.9962
Precision: 0.9979, Recall: 0.9966, F1-Score: 0.9971
Fold 1, Epoch 771, Train Loss: 0.0583, Val Loss: 0.0937, Val Acc: 0.9964
Precision: 0.9979, Recall: 0.9964, F1-Score: 0.9970
Fold 1, Epoch 772, Train Loss: 0.0589, Val Loss: 0.0966, Val Acc: 0.9963
Precision: 0.9978, Recall: 0.9963, F1-Score: 0.9969
Fold 1, Epoch 773, Train Loss: 0.0638, Val Loss: 0.0976, Val Acc: 0.9961
Precision: 0.9979, Recall: 0.9965, F1-Score: 0.9970
Fold 1, Epoch 774, Train Loss: 0.0610, Val Loss: 0.0928, Val Acc: 0.9963
Precision: 0.9979, Recall: 0.9965, F1-Score: 0.9969
Fold 1, Epoch 775, Train Loss: 0.0576, Val Loss: 0.0926, Val Acc: 0.9963
Precision: 0.9979, Recall: 0.9966, F1-Score: 0.9971
Fold 1, Epoch 776, Train Loss: 0.0614, Val Loss: 0.0963, Val Acc: 0.9963
Precision: 0.9980, Recall: 0.9968, F1-Score: 0.9972
Fold 1, Epoch 777, Train Loss: 0.0679, Val Loss: 0.0966, Val Acc: 0.9966
Precision: 0.9980, Recall: 0.9968, F1-Score: 0.9972
Fold 1, Epoch 778, Train Loss: 0.0596, Val Loss: 0.0956, Val Acc: 0.9966
Precision: 0.9979, Recall: 0.9966, F1-Score: 0.9971
Fold 1, Epoch 779, Train Loss: 0.0640, Val Loss: 0.0948, Val Acc: 0.9965
Precision: 0.9979, Recall: 0.9966, F1-Score: 0.9971
Fold 1, Epoch 780, Train Loss: 0.0603, Val Loss: 0.0981, Val Acc: 0.9964
Precision: 0.9978, Recall: 0.9965, F1-Score: 0.9970
Fold 1, Epoch 781, Train Loss: 0.0584, Val Loss: 0.0980, Val Acc: 0.9963
Precision: 0.9979, Recall: 0.9966, F1-Score: 0.9971
Fold 1, Epoch 782, Train Loss: 0.0631, Val Loss: 0.0944, Val Acc: 0.9965
Precision: 0.9979, Recall: 0.9965, F1-Score: 0.9970
Fold 1, Epoch 783, Train Loss: 0.0634, Val Loss: 0.0989, Val Acc: 0.9963
Precision: 0.9979, Recall: 0.9965, F1-Score: 0.9970
Fold 1, Epoch 784, Train Loss: 0.0678, Val Loss: 0.0991, Val Acc: 0.9963
Precision: 0.9980, Recall: 0.9967, F1-Score: 0.9971
Fold 1, Epoch 785, Train Loss: 0.0662, Val Loss: 0.0925, Val Acc: 0.9965
Precision: 0.9979, Recall: 0.9964, F1-Score: 0.9969
Fold 1, Epoch 786, Train Loss: 0.0692, Val Loss: 0.0954, Val Acc: 0.9963
Precision: 0.9979, Recall: 0.9965, F1-Score: 0.9970
Fold 1, Epoch 787, Train Loss: 0.0631, Val Loss: 0.0947, Val Acc: 0.9963
Precision: 0.9979, Recall: 0.9964, F1-Score: 0.9969
Fold 1, Epoch 788, Train Loss: 0.0605, Val Loss: 0.0971, Val Acc: 0.9962
Precision: 0.9978, Recall: 0.9962, F1-Score: 0.9968
Fold 1, Epoch 789, Train Loss: 0.0632, Val Loss: 0.1002, Val Acc: 0.9960
Precision: 0.9978, Recall: 0.9960, F1-Score: 0.9967
Fold 1, Epoch 790, Train Loss: 0.0658, Val Loss: 0.0978, Val Acc: 0.9958
Precision: 0.9978, Recall: 0.9960, F1-Score: 0.9967
Fold 1, Epoch 791, Train Loss: 0.0647, Val Loss: 0.0977, Val Acc: 0.9958
Precision: 0.9978, Recall: 0.9964, F1-Score: 0.9969
Fold 1, Epoch 792, Train Loss: 0.0666, Val Loss: 0.0948, Val Acc: 0.9961
Precision: 0.9979, Recall: 0.9966, F1-Score: 0.9971
Fold 1, Epoch 793, Train Loss: 0.0642, Val Loss: 0.0953, Val Acc: 0.9965
Precision: 0.9979, Recall: 0.9967, F1-Score: 0.9971
Fold 1, Epoch 794, Train Loss: 0.0646, Val Loss: 0.0988, Val Acc: 0.9965
Precision: 0.9979, Recall: 0.9966, F1-Score: 0.9970
Fold 1, Epoch 795, Train Loss: 0.0600, Val Loss: 0.0985, Val Acc: 0.9965
Precision: 0.9979, Recall: 0.9967, F1-Score: 0.9972
Fold 1, Epoch 796, Train Loss: 0.0582, Val Loss: 0.0963, Val Acc: 0.9966
Precision: 0.9979, Recall: 0.9967, F1-Score: 0.9971
Fold 1, Epoch 797, Train Loss: 0.0590, Val Loss: 0.0976, Val Acc: 0.9965
Precision: 0.9979, Recall: 0.9967, F1-Score: 0.9971
Fold 1, Epoch 798, Train Loss: 0.0605, Val Loss: 0.0964, Val Acc: 0.9966
Precision: 0.9980, Recall: 0.9969, F1-Score: 0.9972
Fold 1, Epoch 799, Train Loss: 0.0639, Val Loss: 0.0977, Val Acc: 0.9967

--- Epoch 800 ---
--- Epoch 800 ---

--- Epoch 800 ---


--- Epoch 800 ---
Class Weights: [2.1197900e-05 5.3890608e-02 5.3172067e-02 5.7795726e-02 5.8645662e-02
 5.3172067e-02 5.1790975e-02 5.6167677e-02 5.5387571e-02 5.2472435e-02
 5.7795726e-02 5.0479811e-02 6.0422804e-02 5.2472435e-02 5.8645662e-02
 5.3890608e-02 5.7795726e-02 6.1352387e-02 5.4628838e-02]Class Weights: [2.1197900e-05 5.3890608e-02 5.3172067e-02 5.7795726e-02 5.8645662e-02
 5.3172067e-02 5.1790975e-02 5.6167677e-02 5.5387571e-02 5.2472435e-02
 5.7795726e-02 5.0479811e-02 6.0422804e-02 5.2472435e-02 5.8645662e-02
 5.3890608e-02 5.7795726e-02 6.1352387e-02 5.4628838e-02]Class Weights: [2.1197900e-05 5.3890608e-02 5.3172067e-02 5.7795726e-02 5.8645662e-02
 5.3172067e-02 5.1790975e-02 5.6167677e-02 5.5387571e-02 5.2472435e-02
 5.7795726e-02 5.0479811e-02 6.0422804e-02 5.2472435e-02 5.8645662e-02
 5.3890608e-02 5.7795726e-02 6.1352387e-02 5.4628838e-02]Class Weights: [2.1197900e-05 5.3890608e-02 5.3172067e-02 5.7795726e-02 5.8645662e-02
 5.3172067e-02 5.1790975e-02 5.6167677e-02 5.5387571e-02 5.2472435e-02
 5.7795726e-02 5.0479811e-02 6.0422804e-02 5.2472435e-02 5.8645662e-02
 5.3890608e-02 5.7795726e-02 6.1352387e-02 5.4628838e-02]



Learning Rate: 0.00016515374385013573Learning Rate: 0.00016515374385013573
Learning Rate: 0.00016515374385013573Learning Rate: 0.00016515374385013573


Train Loss: 0.0664, Val Loss: 0.0999
Train Loss: 0.0664, Val Loss: 0.0999Train Loss: 0.0664, Val Loss: 0.0999Train Loss: 0.0664, Val Loss: 0.0999


Per-Class Precision: [0.99999659 0.55248619 1.         0.73529412 0.86538462 0.72058824
 0.67346939 0.65137615 0.86206897 0.52991453 0.50434783 0.43478261
 0.75213675 0.82394366 0.40366972 0.6350365  0.75095785 0.90340909
 0.80373832]
Per-Class Recall: [0.99730225 1.         0.98       1.         0.9        0.98
 0.99       0.94666667 1.         0.992      0.928      1.
 0.88       0.936      0.704      0.87       0.98       0.90857143
 0.98285714]
Per-Class F1-Score: [0.9986476  0.71174377 0.98989899 0.84745763 0.88235294 0.83050847
 0.80161943 0.77173913 0.92592593 0.6908078  0.65352113 0.60606061
 0.81105991 0.87640449 0.51311953 0.73417722 0.85032538 0.90598291
 0.88431877]
Support per Class: [293949    100     50     75    100    100    100     75    125    125
    125     50    100    125    125    100    200    175    175]
Weighted Precision: 0.9980, Weighted Recall: 0.9969, Weighted F1-Score: 0.9973
Precision: 0.9980, Recall: 0.9969, F1-Score: 0.9973
Fold 1, Epoch 800, Train Loss: 0.0664, Val Loss: 0.0999, Val Acc: 0.9967
Precision: 0.9980, Recall: 0.9969, F1-Score: 0.9973
Fold 1, Epoch 801, Train Loss: 0.0608, Val Loss: 0.1011, Val Acc: 0.9967
Precision: 0.9979, Recall: 0.9967, F1-Score: 0.9971
Fold 1, Epoch 802, Train Loss: 0.0609, Val Loss: 0.1014, Val Acc: 0.9965
Precision: 0.9979, Recall: 0.9966, F1-Score: 0.9970
Fold 1, Epoch 803, Train Loss: 0.0540, Val Loss: 0.1000, Val Acc: 0.9964
Precision: 0.9979, Recall: 0.9966, F1-Score: 0.9970
Fold 1, Epoch 804, Train Loss: 0.0596, Val Loss: 0.0985, Val Acc: 0.9964
Precision: 0.9979, Recall: 0.9967, F1-Score: 0.9971
Fold 1, Epoch 805, Train Loss: 0.0597, Val Loss: 0.0969, Val Acc: 0.9965
Precision: 0.9979, Recall: 0.9966, F1-Score: 0.9970
Fold 1, Epoch 806, Train Loss: 0.0580, Val Loss: 0.0990, Val Acc: 0.9964
Precision: 0.9979, Recall: 0.9965, F1-Score: 0.9970
Fold 1, Epoch 807, Train Loss: 0.0572, Val Loss: 0.0980, Val Acc: 0.9964
Precision: 0.9979, Recall: 0.9967, F1-Score: 0.9971
Fold 1, Epoch 808, Train Loss: 0.0634, Val Loss: 0.0983, Val Acc: 0.9965
Precision: 0.9978, Recall: 0.9965, F1-Score: 0.9970
Fold 1, Epoch 809, Train Loss: 0.0569, Val Loss: 0.0982, Val Acc: 0.9963
Precision: 0.9978, Recall: 0.9965, F1-Score: 0.9969
Fold 1, Epoch 810, Train Loss: 0.0631, Val Loss: 0.0992, Val Acc: 0.9963
Precision: 0.9978, Recall: 0.9964, F1-Score: 0.9969
Fold 1, Epoch 811, Train Loss: 0.0584, Val Loss: 0.1012, Val Acc: 0.9962
Precision: 0.9979, Recall: 0.9965, F1-Score: 0.9970
Fold 1, Epoch 812, Train Loss: 0.0602, Val Loss: 0.1011, Val Acc: 0.9963
Precision: 0.9979, Recall: 0.9966, F1-Score: 0.9971
Fold 1, Epoch 813, Train Loss: 0.0594, Val Loss: 0.0988, Val Acc: 0.9964
Precision: 0.9979, Recall: 0.9967, F1-Score: 0.9971
Fold 1, Epoch 814, Train Loss: 0.0660, Val Loss: 0.0962, Val Acc: 0.9965
Precision: 0.9979, Recall: 0.9965, F1-Score: 0.9970
Fold 1, Epoch 815, Train Loss: 0.0561, Val Loss: 0.0979, Val Acc: 0.9963
Precision: 0.9979, Recall: 0.9967, F1-Score: 0.9971
Fold 1, Epoch 816, Train Loss: 0.0616, Val Loss: 0.0971, Val Acc: 0.9965
Precision: 0.9979, Recall: 0.9966, F1-Score: 0.9971
Fold 1, Epoch 817, Train Loss: 0.0581, Val Loss: 0.0974, Val Acc: 0.9964
Precision: 0.9979, Recall: 0.9966, F1-Score: 0.9971
Fold 1, Epoch 818, Train Loss: 0.0605, Val Loss: 0.0937, Val Acc: 0.9964
Precision: 0.9979, Recall: 0.9966, F1-Score: 0.9970
Fold 1, Epoch 819, Train Loss: 0.0584, Val Loss: 0.0962, Val Acc: 0.9963
Precision: 0.9980, Recall: 0.9967, F1-Score: 0.9971
Fold 1, Epoch 820, Train Loss: 0.0593, Val Loss: 0.0943, Val Acc: 0.9965
Precision: 0.9980, Recall: 0.9968, F1-Score: 0.9972
Fold 1, Epoch 821, Train Loss: 0.0600, Val Loss: 0.0950, Val Acc: 0.9967
Precision: 0.9980, Recall: 0.9968, F1-Score: 0.9972
Fold 1, Epoch 822, Train Loss: 0.0556, Val Loss: 0.0967, Val Acc: 0.9966
Precision: 0.9979, Recall: 0.9967, F1-Score: 0.9971
Fold 1, Epoch 823, Train Loss: 0.0603, Val Loss: 0.0981, Val Acc: 0.9965
Precision: 0.9979, Recall: 0.9967, F1-Score: 0.9972
Fold 1, Epoch 824, Train Loss: 0.0524, Val Loss: 0.0976, Val Acc: 0.9966
Precision: 0.9980, Recall: 0.9968, F1-Score: 0.9972
Fold 1, Epoch 825, Train Loss: 0.0593, Val Loss: 0.0962, Val Acc: 0.9966
Precision: 0.9979, Recall: 0.9966, F1-Score: 0.9971
Fold 1, Epoch 826, Train Loss: 0.0638, Val Loss: 0.0972, Val Acc: 0.9964
Precision: 0.9979, Recall: 0.9965, F1-Score: 0.9970
Fold 1, Epoch 827, Train Loss: 0.0574, Val Loss: 0.0983, Val Acc: 0.9963
Precision: 0.9978, Recall: 0.9963, F1-Score: 0.9969
Fold 1, Epoch 828, Train Loss: 0.0567, Val Loss: 0.1000, Val Acc: 0.9961
Precision: 0.9979, Recall: 0.9964, F1-Score: 0.9969
Fold 1, Epoch 829, Train Loss: 0.0583, Val Loss: 0.0977, Val Acc: 0.9962
Precision: 0.9979, Recall: 0.9964, F1-Score: 0.9970
Fold 1, Epoch 830, Train Loss: 0.0582, Val Loss: 0.0932, Val Acc: 0.9962
Precision: 0.9978, Recall: 0.9964, F1-Score: 0.9969
Fold 1, Epoch 831, Train Loss: 0.0520, Val Loss: 0.0949, Val Acc: 0.9962
Precision: 0.9979, Recall: 0.9966, F1-Score: 0.9971
Fold 1, Epoch 832, Train Loss: 0.0564, Val Loss: 0.0934, Val Acc: 0.9964
Precision: 0.9979, Recall: 0.9966, F1-Score: 0.9970
Fold 1, Epoch 833, Train Loss: 0.0677, Val Loss: 0.0935, Val Acc: 0.9965
Precision: 0.9979, Recall: 0.9965, F1-Score: 0.9970
Fold 1, Epoch 834, Train Loss: 0.0594, Val Loss: 0.0919, Val Acc: 0.9963
Precision: 0.9979, Recall: 0.9965, F1-Score: 0.9970
Fold 1, Epoch 835, Train Loss: 0.0592, Val Loss: 0.0930, Val Acc: 0.9963
Precision: 0.9979, Recall: 0.9966, F1-Score: 0.9970
Fold 1, Epoch 836, Train Loss: 0.0601, Val Loss: 0.0939, Val Acc: 0.9964
Precision: 0.9980, Recall: 0.9966, F1-Score: 0.9971
Fold 1, Epoch 837, Train Loss: 0.0566, Val Loss: 0.0924, Val Acc: 0.9964
Precision: 0.9979, Recall: 0.9966, F1-Score: 0.9970
Fold 1, Epoch 838, Train Loss: 0.0600, Val Loss: 0.0924, Val Acc: 0.9963
Precision: 0.9979, Recall: 0.9966, F1-Score: 0.9971
Fold 1, Epoch 839, Train Loss: 0.0553, Val Loss: 0.0967, Val Acc: 0.9964
Precision: 0.9979, Recall: 0.9967, F1-Score: 0.9971
Fold 1, Epoch 840, Train Loss: 0.0564, Val Loss: 0.0927, Val Acc: 0.9965
Precision: 0.9979, Recall: 0.9967, F1-Score: 0.9971
Fold 1, Epoch 841, Train Loss: 0.0538, Val Loss: 0.0926, Val Acc: 0.9965
Precision: 0.9980, Recall: 0.9969, F1-Score: 0.9973
Fold 1, Epoch 842, Train Loss: 0.0529, Val Loss: 0.0945, Val Acc: 0.9967
Precision: 0.9980, Recall: 0.9969, F1-Score: 0.9973
Fold 1, Epoch 843, Train Loss: 0.0571, Val Loss: 0.0990, Val Acc: 0.9967
Precision: 0.9980, Recall: 0.9968, F1-Score: 0.9972
Fold 1, Epoch 844, Train Loss: 0.0628, Val Loss: 0.0972, Val Acc: 0.9965
Precision: 0.9979, Recall: 0.9966, F1-Score: 0.9971
Fold 1, Epoch 845, Train Loss: 0.0543, Val Loss: 0.0960, Val Acc: 0.9964
Precision: 0.9980, Recall: 0.9967, F1-Score: 0.9971
Fold 1, Epoch 846, Train Loss: 0.0597, Val Loss: 0.0984, Val Acc: 0.9964
Precision: 0.9979, Recall: 0.9966, F1-Score: 0.9971
Fold 1, Epoch 847, Train Loss: 0.0527, Val Loss: 0.0964, Val Acc: 0.9964
Precision: 0.9980, Recall: 0.9968, F1-Score: 0.9972
Fold 1, Epoch 848, Train Loss: 0.0576, Val Loss: 0.0945, Val Acc: 0.9966
Precision: 0.9980, Recall: 0.9967, F1-Score: 0.9972
Fold 1, Epoch 849, Train Loss: 0.0538, Val Loss: 0.0967, Val Acc: 0.9965
Precision: 0.9979, Recall: 0.9967, F1-Score: 0.9971
Fold 1, Epoch 850, Train Loss: 0.0537, Val Loss: 0.0978, Val Acc: 0.9965
Precision: 0.9980, Recall: 0.9968, F1-Score: 0.9972
Fold 1, Epoch 851, Train Loss: 0.0603, Val Loss: 0.0929, Val Acc: 0.9967
Precision: 0.9980, Recall: 0.9969, F1-Score: 0.9973
Fold 1, Epoch 852, Train Loss: 0.0548, Val Loss: 0.0950, Val Acc: 0.9967
Precision: 0.9979, Recall: 0.9967, F1-Score: 0.9972
Fold 1, Epoch 853, Train Loss: 0.0571, Val Loss: 0.0999, Val Acc: 0.9965
Precision: 0.9979, Recall: 0.9967, F1-Score: 0.9971
Fold 1, Epoch 854, Train Loss: 0.0587, Val Loss: 0.0998, Val Acc: 0.9965
Precision: 0.9979, Recall: 0.9967, F1-Score: 0.9971
Fold 1, Epoch 855, Train Loss: 0.0557, Val Loss: 0.0941, Val Acc: 0.9965
Precision: 0.9979, Recall: 0.9966, F1-Score: 0.9971
Fold 1, Epoch 856, Train Loss: 0.0569, Val Loss: 0.0953, Val Acc: 0.9964
Precision: 0.9979, Recall: 0.9966, F1-Score: 0.9971
Fold 1, Epoch 857, Train Loss: 0.0602, Val Loss: 0.0999, Val Acc: 0.9964
Precision: 0.9979, Recall: 0.9966, F1-Score: 0.9971
Fold 1, Epoch 858, Train Loss: 0.0539, Val Loss: 0.0954, Val Acc: 0.9964
Precision: 0.9979, Recall: 0.9966, F1-Score: 0.9971
Fold 1, Epoch 859, Train Loss: 0.0528, Val Loss: 0.0962, Val Acc: 0.9964
Precision: 0.9979, Recall: 0.9966, F1-Score: 0.9970
Fold 1, Epoch 860, Train Loss: 0.0527, Val Loss: 0.1027, Val Acc: 0.9963
Precision: 0.9979, Recall: 0.9966, F1-Score: 0.9971
Fold 1, Epoch 861, Train Loss: 0.0539, Val Loss: 0.1019, Val Acc: 0.9964
Precision: 0.9980, Recall: 0.9967, F1-Score: 0.9971
Fold 1, Epoch 862, Train Loss: 0.0536, Val Loss: 0.0987, Val Acc: 0.9965
Precision: 0.9980, Recall: 0.9968, F1-Score: 0.9972
Fold 1, Epoch 863, Train Loss: 0.0517, Val Loss: 0.1015, Val Acc: 0.9966
Precision: 0.9980, Recall: 0.9968, F1-Score: 0.9972
Fold 1, Epoch 864, Train Loss: 0.0570, Val Loss: 0.1005, Val Acc: 0.9966
Precision: 0.9980, Recall: 0.9968, F1-Score: 0.9972
Fold 1, Epoch 865, Train Loss: 0.0540, Val Loss: 0.0973, Val Acc: 0.9966
Precision: 0.9980, Recall: 0.9968, F1-Score: 0.9972
Fold 1, Epoch 866, Train Loss: 0.0554, Val Loss: 0.0990, Val Acc: 0.9966
Precision: 0.9980, Recall: 0.9969, F1-Score: 0.9973
Fold 1, Epoch 867, Train Loss: 0.0598, Val Loss: 0.0984, Val Acc: 0.9966
Precision: 0.9980, Recall: 0.9969, F1-Score: 0.9973
Fold 1, Epoch 868, Train Loss: 0.0535, Val Loss: 0.0995, Val Acc: 0.9966
Precision: 0.9980, Recall: 0.9968, F1-Score: 0.9972
Fold 1, Epoch 869, Train Loss: 0.0590, Val Loss: 0.0983, Val Acc: 0.9966
Precision: 0.9980, Recall: 0.9968, F1-Score: 0.9972
Fold 1, Epoch 870, Train Loss: 0.0536, Val Loss: 0.0983, Val Acc: 0.9965
Precision: 0.9980, Recall: 0.9968, F1-Score: 0.9972
Fold 1, Epoch 871, Train Loss: 0.0536, Val Loss: 0.0974, Val Acc: 0.9966
Precision: 0.9980, Recall: 0.9969, F1-Score: 0.9973
Fold 1, Epoch 872, Train Loss: 0.0566, Val Loss: 0.0980, Val Acc: 0.9966
Precision: 0.9980, Recall: 0.9969, F1-Score: 0.9973
Fold 1, Epoch 873, Train Loss: 0.0572, Val Loss: 0.0998, Val Acc: 0.9966
Precision: 0.9980, Recall: 0.9969, F1-Score: 0.9973
Fold 1, Epoch 874, Train Loss: 0.0553, Val Loss: 0.0961, Val Acc: 0.9966
Precision: 0.9980, Recall: 0.9968, F1-Score: 0.9972
Fold 1, Epoch 875, Train Loss: 0.0549, Val Loss: 0.0946, Val Acc: 0.9967
Precision: 0.9980, Recall: 0.9968, F1-Score: 0.9972
Fold 1, Epoch 876, Train Loss: 0.0558, Val Loss: 0.1003, Val Acc: 0.9967
Precision: 0.9980, Recall: 0.9969, F1-Score: 0.9973
Fold 1, Epoch 877, Train Loss: 0.0537, Val Loss: 0.0962, Val Acc: 0.9968
Precision: 0.9980, Recall: 0.9968, F1-Score: 0.9972
Fold 1, Epoch 878, Train Loss: 0.0596, Val Loss: 0.0938, Val Acc: 0.9967
Precision: 0.9979, Recall: 0.9967, F1-Score: 0.9971
Fold 1, Epoch 879, Train Loss: 0.0631, Val Loss: 0.0974, Val Acc: 0.9965
Precision: 0.9979, Recall: 0.9966, F1-Score: 0.9970
Fold 1, Epoch 880, Train Loss: 0.0663, Val Loss: 0.0974, Val Acc: 0.9964
Precision: 0.9978, Recall: 0.9964, F1-Score: 0.9969
Fold 1, Epoch 881, Train Loss: 0.0615, Val Loss: 0.0977, Val Acc: 0.9962
Precision: 0.9979, Recall: 0.9966, F1-Score: 0.9970
Fold 1, Epoch 882, Train Loss: 0.0570, Val Loss: 0.0997, Val Acc: 0.9964
Precision: 0.9979, Recall: 0.9968, F1-Score: 0.9972
Fold 1, Epoch 883, Train Loss: 0.0544, Val Loss: 0.0997, Val Acc: 0.9966
Precision: 0.9979, Recall: 0.9966, F1-Score: 0.9971
Fold 1, Epoch 884, Train Loss: 0.0580, Val Loss: 0.0972, Val Acc: 0.9965
Precision: 0.9978, Recall: 0.9966, F1-Score: 0.9970
Fold 1, Epoch 885, Train Loss: 0.0541, Val Loss: 0.0976, Val Acc: 0.9964
Precision: 0.9979, Recall: 0.9966, F1-Score: 0.9971
Fold 1, Epoch 886, Train Loss: 0.0521, Val Loss: 0.0995, Val Acc: 0.9964
Precision: 0.9979, Recall: 0.9967, F1-Score: 0.9971
Fold 1, Epoch 887, Train Loss: 0.0565, Val Loss: 0.0992, Val Acc: 0.9965
Precision: 0.9979, Recall: 0.9966, F1-Score: 0.9970
Fold 1, Epoch 888, Train Loss: 0.0589, Val Loss: 0.0979, Val Acc: 0.9965
Precision: 0.9979, Recall: 0.9967, F1-Score: 0.9971
Fold 1, Epoch 889, Train Loss: 0.0518, Val Loss: 0.0976, Val Acc: 0.9965
Precision: 0.9979, Recall: 0.9968, F1-Score: 0.9972
Fold 1, Epoch 890, Train Loss: 0.0547, Val Loss: 0.0971, Val Acc: 0.9967
Precision: 0.9980, Recall: 0.9968, F1-Score: 0.9972
Fold 1, Epoch 891, Train Loss: 0.0526, Val Loss: 0.0966, Val Acc: 0.9967
Precision: 0.9979, Recall: 0.9967, F1-Score: 0.9971
Fold 1, Epoch 892, Train Loss: 0.0531, Val Loss: 0.0946, Val Acc: 0.9965
Precision: 0.9979, Recall: 0.9966, F1-Score: 0.9971
Fold 1, Epoch 893, Train Loss: 0.0511, Val Loss: 0.0939, Val Acc: 0.9965
Precision: 0.9979, Recall: 0.9966, F1-Score: 0.9970
Fold 1, Epoch 894, Train Loss: 0.0523, Val Loss: 0.0921, Val Acc: 0.9964
Precision: 0.9979, Recall: 0.9966, F1-Score: 0.9970
Fold 1, Epoch 895, Train Loss: 0.0525, Val Loss: 0.0938, Val Acc: 0.9964
Precision: 0.9980, Recall: 0.9967, F1-Score: 0.9971
Fold 1, Epoch 896, Train Loss: 0.0574, Val Loss: 0.0934, Val Acc: 0.9966
Precision: 0.9980, Recall: 0.9968, F1-Score: 0.9972
Fold 1, Epoch 897, Train Loss: 0.0521, Val Loss: 0.0947, Val Acc: 0.9966
Precision: 0.9980, Recall: 0.9969, F1-Score: 0.9973
Fold 1, Epoch 898, Train Loss: 0.0574, Val Loss: 0.0929, Val Acc: 0.9967
Precision: 0.9980, Recall: 0.9969, F1-Score: 0.9973
Fold 1, Epoch 899, Train Loss: 0.0534, Val Loss: 0.0926, Val Acc: 0.9967

--- Epoch 900 ---
--- Epoch 900 ---
--- Epoch 900 ---



--- Epoch 900 ---
Class Weights: [2.1197900e-05 5.3890608e-02 5.3172067e-02 5.7795726e-02 5.8645662e-02
 5.3172067e-02 5.1790975e-02 5.6167677e-02 5.5387571e-02 5.2472435e-02
 5.7795726e-02 5.0479811e-02 6.0422804e-02 5.2472435e-02 5.8645662e-02
 5.3890608e-02 5.7795726e-02 6.1352387e-02 5.4628838e-02]Class Weights: [2.1197900e-05 5.3890608e-02 5.3172067e-02 5.7795726e-02 5.8645662e-02
 5.3172067e-02 5.1790975e-02 5.6167677e-02 5.5387571e-02 5.2472435e-02
 5.7795726e-02 5.0479811e-02 6.0422804e-02 5.2472435e-02 5.8645662e-02
 5.3890608e-02 5.7795726e-02 6.1352387e-02 5.4628838e-02]Class Weights: [2.1197900e-05 5.3890608e-02 5.3172067e-02 5.7795726e-02 5.8645662e-02
 5.3172067e-02 5.1790975e-02 5.6167677e-02 5.5387571e-02 5.2472435e-02
 5.7795726e-02 5.0479811e-02 6.0422804e-02 5.2472435e-02 5.8645662e-02
 5.3890608e-02 5.7795726e-02 6.1352387e-02 5.4628838e-02]Class Weights: [2.1197900e-05 5.3890608e-02 5.3172067e-02 5.7795726e-02 5.8645662e-02
 5.3172067e-02 5.1790975e-02 5.6167677e-02 5.5387571e-02 5.2472435e-02
 5.7795726e-02 5.0479811e-02 6.0422804e-02 5.2472435e-02 5.8645662e-02
 5.3890608e-02 5.7795726e-02 6.1352387e-02 5.4628838e-02]



Learning Rate: 9.888364709658946e-05Learning Rate: 9.888364709658946e-05Learning Rate: 9.888364709658946e-05
Learning Rate: 9.888364709658946e-05


Train Loss: 0.0528, Val Loss: 0.0948
Train Loss: 0.0528, Val Loss: 0.0948Train Loss: 0.0528, Val Loss: 0.0948Train Loss: 0.0528, Val Loss: 0.0948


Per-Class Precision: [1.         0.56179775 1.         0.74257426 0.82568807 0.72592593
 0.6993007  0.61344538 0.87412587 0.55066079 0.48360656 0.47169811
 0.75       0.8540146  0.35371179 0.61333333 0.7519084  0.90960452
 0.80275229]
Per-Class Recall: [0.99720019 1.         1.         1.         0.9        0.98
 1.         0.97333333 1.         1.         0.944      1.
 0.9        0.936      0.648      0.92       0.985      0.92
 1.        ]
Per-Class F1-Score: [0.99859813 0.71942446 1.         0.85227273 0.86124402 0.83404255
 0.82304527 0.75257732 0.93283582 0.71022727 0.6395664  0.64102564
 0.81818182 0.89312977 0.45762712 0.736      0.85281385 0.91477273
 0.89058524]
Support per Class: [293949    100     50     75    100    100    100     75    125    125
    125     50    100    125    125    100    200    175    175]
Weighted Precision: 0.9980, Weighted Recall: 0.9969, Weighted F1-Score: 0.9972
Precision: 0.9980, Recall: 0.9969, F1-Score: 0.9972
Fold 1, Epoch 900, Train Loss: 0.0528, Val Loss: 0.0948, Val Acc: 0.9967
Precision: 0.9980, Recall: 0.9968, F1-Score: 0.9972
Fold 1, Epoch 901, Train Loss: 0.0521, Val Loss: 0.0964, Val Acc: 0.9966
Precision: 0.9979, Recall: 0.9967, F1-Score: 0.9972
Fold 1, Epoch 902, Train Loss: 0.0571, Val Loss: 0.0986, Val Acc: 0.9965
Precision: 0.9980, Recall: 0.9967, F1-Score: 0.9972
Fold 1, Epoch 903, Train Loss: 0.0558, Val Loss: 0.0992, Val Acc: 0.9965
Precision: 0.9979, Recall: 0.9966, F1-Score: 0.9971
Fold 1, Epoch 904, Train Loss: 0.0569, Val Loss: 0.0955, Val Acc: 0.9964
Precision: 0.9979, Recall: 0.9966, F1-Score: 0.9971
Fold 1, Epoch 905, Train Loss: 0.0571, Val Loss: 0.0990, Val Acc: 0.9964
Precision: 0.9979, Recall: 0.9967, F1-Score: 0.9971
Fold 1, Epoch 906, Train Loss: 0.0553, Val Loss: 0.1010, Val Acc: 0.9965
Precision: 0.9979, Recall: 0.9967, F1-Score: 0.9972
Fold 1, Epoch 907, Train Loss: 0.0587, Val Loss: 0.1012, Val Acc: 0.9966
Precision: 0.9979, Recall: 0.9967, F1-Score: 0.9971
Fold 1, Epoch 908, Train Loss: 0.0544, Val Loss: 0.1015, Val Acc: 0.9966
Precision: 0.9979, Recall: 0.9967, F1-Score: 0.9971
Fold 1, Epoch 909, Train Loss: 0.0512, Val Loss: 0.1015, Val Acc: 0.9965
Precision: 0.9979, Recall: 0.9966, F1-Score: 0.9970
Fold 1, Epoch 910, Train Loss: 0.0529, Val Loss: 0.0971, Val Acc: 0.9964
Precision: 0.9980, Recall: 0.9967, F1-Score: 0.9972
Fold 1, Epoch 911, Train Loss: 0.0545, Val Loss: 0.0957, Val Acc: 0.9966
Precision: 0.9980, Recall: 0.9969, F1-Score: 0.9973
Fold 1, Epoch 912, Train Loss: 0.0524, Val Loss: 0.0971, Val Acc: 0.9966
Precision: 0.9981, Recall: 0.9970, F1-Score: 0.9973
Fold 1, Epoch 913, Train Loss: 0.0493, Val Loss: 0.1001, Val Acc: 0.9967
Precision: 0.9980, Recall: 0.9969, F1-Score: 0.9973
Fold 1, Epoch 914, Train Loss: 0.0514, Val Loss: 0.1012, Val Acc: 0.9967
Precision: 0.9980, Recall: 0.9969, F1-Score: 0.9973
Fold 1, Epoch 915, Train Loss: 0.0523, Val Loss: 0.0996, Val Acc: 0.9967
Precision: 0.9980, Recall: 0.9968, F1-Score: 0.9972
Fold 1, Epoch 916, Train Loss: 0.0574, Val Loss: 0.0997, Val Acc: 0.9966
Precision: 0.9980, Recall: 0.9968, F1-Score: 0.9972
Fold 1, Epoch 917, Train Loss: 0.0555, Val Loss: 0.0981, Val Acc: 0.9965
Precision: 0.9980, Recall: 0.9968, F1-Score: 0.9972
Fold 1, Epoch 918, Train Loss: 0.0548, Val Loss: 0.0960, Val Acc: 0.9965
Precision: 0.9980, Recall: 0.9967, F1-Score: 0.9972
Fold 1, Epoch 919, Train Loss: 0.0535, Val Loss: 0.0957, Val Acc: 0.9966
Precision: 0.9980, Recall: 0.9968, F1-Score: 0.9972
Fold 1, Epoch 920, Train Loss: 0.0554, Val Loss: 0.0974, Val Acc: 0.9966
Precision: 0.9980, Recall: 0.9967, F1-Score: 0.9972
Fold 1, Epoch 921, Train Loss: 0.0514, Val Loss: 0.0952, Val Acc: 0.9966
Precision: 0.9980, Recall: 0.9968, F1-Score: 0.9972
Fold 1, Epoch 922, Train Loss: 0.0523, Val Loss: 0.0962, Val Acc: 0.9966
Precision: 0.9980, Recall: 0.9967, F1-Score: 0.9971
Fold 1, Epoch 923, Train Loss: 0.0542, Val Loss: 0.0973, Val Acc: 0.9965
Precision: 0.9979, Recall: 0.9966, F1-Score: 0.9971
Fold 1, Epoch 924, Train Loss: 0.0518, Val Loss: 0.0962, Val Acc: 0.9965
Precision: 0.9979, Recall: 0.9966, F1-Score: 0.9970
Fold 1, Epoch 925, Train Loss: 0.0498, Val Loss: 0.0956, Val Acc: 0.9963
Precision: 0.9979, Recall: 0.9966, F1-Score: 0.9971
Fold 1, Epoch 926, Train Loss: 0.0525, Val Loss: 0.0960, Val Acc: 0.9964
Precision: 0.9980, Recall: 0.9966, F1-Score: 0.9971
Fold 1, Epoch 927, Train Loss: 0.0520, Val Loss: 0.0952, Val Acc: 0.9964
Precision: 0.9980, Recall: 0.9966, F1-Score: 0.9971
Fold 1, Epoch 928, Train Loss: 0.0540, Val Loss: 0.0920, Val Acc: 0.9964
Precision: 0.9979, Recall: 0.9966, F1-Score: 0.9971
Fold 1, Epoch 929, Train Loss: 0.0542, Val Loss: 0.0912, Val Acc: 0.9964
Precision: 0.9979, Recall: 0.9967, F1-Score: 0.9971
Fold 1, Epoch 930, Train Loss: 0.0491, Val Loss: 0.0958, Val Acc: 0.9965
Precision: 0.9980, Recall: 0.9968, F1-Score: 0.9972
Fold 1, Epoch 931, Train Loss: 0.0551, Val Loss: 0.0960, Val Acc: 0.9966
Precision: 0.9980, Recall: 0.9968, F1-Score: 0.9972
Fold 1, Epoch 932, Train Loss: 0.0539, Val Loss: 0.0964, Val Acc: 0.9966
Precision: 0.9979, Recall: 0.9967, F1-Score: 0.9972
Fold 1, Epoch 933, Train Loss: 0.0470, Val Loss: 0.0962, Val Acc: 0.9966
Precision: 0.9979, Recall: 0.9967, F1-Score: 0.9971
Fold 1, Epoch 934, Train Loss: 0.0503, Val Loss: 0.0974, Val Acc: 0.9964
Precision: 0.9979, Recall: 0.9966, F1-Score: 0.9971
Fold 1, Epoch 935, Train Loss: 0.0554, Val Loss: 0.0939, Val Acc: 0.9964
Precision: 0.9979, Recall: 0.9966, F1-Score: 0.9971
Fold 1, Epoch 936, Train Loss: 0.0496, Val Loss: 0.0946, Val Acc: 0.9964
Precision: 0.9979, Recall: 0.9967, F1-Score: 0.9971
Fold 1, Epoch 937, Train Loss: 0.0512, Val Loss: 0.0974, Val Acc: 0.9964
Precision: 0.9980, Recall: 0.9968, F1-Score: 0.9972
Fold 1, Epoch 938, Train Loss: 0.0561, Val Loss: 0.0977, Val Acc: 0.9966
Precision: 0.9980, Recall: 0.9969, F1-Score: 0.9973
Fold 1, Epoch 939, Train Loss: 0.0469, Val Loss: 0.1003, Val Acc: 0.9967
Precision: 0.9980, Recall: 0.9969, F1-Score: 0.9973
Fold 1, Epoch 940, Train Loss: 0.0506, Val Loss: 0.0988, Val Acc: 0.9967
Precision: 0.9980, Recall: 0.9969, F1-Score: 0.9973
Fold 1, Epoch 941, Train Loss: 0.0508, Val Loss: 0.0975, Val Acc: 0.9966
Precision: 0.9980, Recall: 0.9968, F1-Score: 0.9972
Fold 1, Epoch 942, Train Loss: 0.0487, Val Loss: 0.0953, Val Acc: 0.9966
Precision: 0.9980, Recall: 0.9968, F1-Score: 0.9972
Fold 1, Epoch 943, Train Loss: 0.0497, Val Loss: 0.0953, Val Acc: 0.9966
Precision: 0.9980, Recall: 0.9968, F1-Score: 0.9972
Fold 1, Epoch 944, Train Loss: 0.0524, Val Loss: 0.0972, Val Acc: 0.9966
Precision: 0.9980, Recall: 0.9967, F1-Score: 0.9972
Fold 1, Epoch 945, Train Loss: 0.0530, Val Loss: 0.0960, Val Acc: 0.9965
Precision: 0.9980, Recall: 0.9968, F1-Score: 0.9972
Fold 1, Epoch 946, Train Loss: 0.0507, Val Loss: 0.0931, Val Acc: 0.9966
Precision: 0.9980, Recall: 0.9968, F1-Score: 0.9972
Fold 1, Epoch 947, Train Loss: 0.0526, Val Loss: 0.0940, Val Acc: 0.9966
Precision: 0.9979, Recall: 0.9967, F1-Score: 0.9971
Fold 1, Epoch 948, Train Loss: 0.0497, Val Loss: 0.0975, Val Acc: 0.9965
Precision: 0.9979, Recall: 0.9967, F1-Score: 0.9971
Fold 1, Epoch 949, Train Loss: 0.0534, Val Loss: 0.0956, Val Acc: 0.9965
Precision: 0.9980, Recall: 0.9968, F1-Score: 0.9972
Fold 1, Epoch 950, Train Loss: 0.0492, Val Loss: 0.0949, Val Acc: 0.9966
Precision: 0.9980, Recall: 0.9969, F1-Score: 0.9973
Fold 1, Epoch 951, Train Loss: 0.0490, Val Loss: 0.0955, Val Acc: 0.9967
Precision: 0.9980, Recall: 0.9969, F1-Score: 0.9973
Fold 1, Epoch 952, Train Loss: 0.0471, Val Loss: 0.0962, Val Acc: 0.9967
Precision: 0.9980, Recall: 0.9969, F1-Score: 0.9973
Fold 1, Epoch 953, Train Loss: 0.0474, Val Loss: 0.0943, Val Acc: 0.9967
Precision: 0.9980, Recall: 0.9969, F1-Score: 0.9973
Fold 1, Epoch 954, Train Loss: 0.0550, Val Loss: 0.0929, Val Acc: 0.9967
Precision: 0.9980, Recall: 0.9968, F1-Score: 0.9972
Fold 1, Epoch 955, Train Loss: 0.0504, Val Loss: 0.0933, Val Acc: 0.9966
Precision: 0.9980, Recall: 0.9968, F1-Score: 0.9972
Fold 1, Epoch 956, Train Loss: 0.0511, Val Loss: 0.0933, Val Acc: 0.9966
Precision: 0.9979, Recall: 0.9968, F1-Score: 0.9972
Fold 1, Epoch 957, Train Loss: 0.0507, Val Loss: 0.0954, Val Acc: 0.9966
Precision: 0.9980, Recall: 0.9968, F1-Score: 0.9972
Fold 1, Epoch 958, Train Loss: 0.0512, Val Loss: 0.0928, Val Acc: 0.9966
Precision: 0.9980, Recall: 0.9968, F1-Score: 0.9972
Fold 1, Epoch 959, Train Loss: 0.0535, Val Loss: 0.0924, Val Acc: 0.9967
Precision: 0.9980, Recall: 0.9968, F1-Score: 0.9972
Fold 1, Epoch 960, Train Loss: 0.0510, Val Loss: 0.0922, Val Acc: 0.9967
Precision: 0.9980, Recall: 0.9968, F1-Score: 0.9972
Fold 1, Epoch 961, Train Loss: 0.0492, Val Loss: 0.0938, Val Acc: 0.9966
Precision: 0.9980, Recall: 0.9968, F1-Score: 0.9972
Fold 1, Epoch 962, Train Loss: 0.0525, Val Loss: 0.0937, Val Acc: 0.9967
Precision: 0.9980, Recall: 0.9968, F1-Score: 0.9972
Fold 1, Epoch 963, Train Loss: 0.0528, Val Loss: 0.0935, Val Acc: 0.9967
Precision: 0.9980, Recall: 0.9968, F1-Score: 0.9972
Fold 1, Epoch 964, Train Loss: 0.0556, Val Loss: 0.0980, Val Acc: 0.9966
Precision: 0.9979, Recall: 0.9967, F1-Score: 0.9971
Fold 1, Epoch 965, Train Loss: 0.0497, Val Loss: 0.0964, Val Acc: 0.9966
Precision: 0.9980, Recall: 0.9967, F1-Score: 0.9971
Fold 1, Epoch 966, Train Loss: 0.0506, Val Loss: 0.0971, Val Acc: 0.9966
Precision: 0.9980, Recall: 0.9968, F1-Score: 0.9972
Fold 1, Epoch 967, Train Loss: 0.0540, Val Loss: 0.0946, Val Acc: 0.9966
Precision: 0.9980, Recall: 0.9968, F1-Score: 0.9972
Fold 1, Epoch 968, Train Loss: 0.0514, Val Loss: 0.0963, Val Acc: 0.9966
Precision: 0.9980, Recall: 0.9968, F1-Score: 0.9972
Fold 1, Epoch 969, Train Loss: 0.0529, Val Loss: 0.0971, Val Acc: 0.9966
Precision: 0.9980, Recall: 0.9968, F1-Score: 0.9972
Fold 1, Epoch 970, Train Loss: 0.0560, Val Loss: 0.0953, Val Acc: 0.9966
Precision: 0.9980, Recall: 0.9969, F1-Score: 0.9973
Fold 1, Epoch 971, Train Loss: 0.0491, Val Loss: 0.0958, Val Acc: 0.9967
Precision: 0.9980, Recall: 0.9969, F1-Score: 0.9973
Fold 1, Epoch 972, Train Loss: 0.0516, Val Loss: 0.0960, Val Acc: 0.9967
Precision: 0.9980, Recall: 0.9968, F1-Score: 0.9972
Fold 1, Epoch 973, Train Loss: 0.0510, Val Loss: 0.0954, Val Acc: 0.9966
Precision: 0.9979, Recall: 0.9966, F1-Score: 0.9971
Fold 1, Epoch 974, Train Loss: 0.0489, Val Loss: 0.0957, Val Acc: 0.9965
Precision: 0.9979, Recall: 0.9966, F1-Score: 0.9971
Fold 1, Epoch 975, Train Loss: 0.0536, Val Loss: 0.0961, Val Acc: 0.9965
Precision: 0.9980, Recall: 0.9967, F1-Score: 0.9971
Fold 1, Epoch 976, Train Loss: 0.0502, Val Loss: 0.0989, Val Acc: 0.9965
Precision: 0.9980, Recall: 0.9967, F1-Score: 0.9972
Fold 1, Epoch 977, Train Loss: 0.0532, Val Loss: 0.0957, Val Acc: 0.9966
Precision: 0.9980, Recall: 0.9967, F1-Score: 0.9971
Fold 1, Epoch 978, Train Loss: 0.0540, Val Loss: 0.0940, Val Acc: 0.9966
Precision: 0.9980, Recall: 0.9968, F1-Score: 0.9972
Fold 1, Epoch 979, Train Loss: 0.0477, Val Loss: 0.0939, Val Acc: 0.9966
Precision: 0.9980, Recall: 0.9968, F1-Score: 0.9972
Fold 1, Epoch 980, Train Loss: 0.0529, Val Loss: 0.0956, Val Acc: 0.9966
Precision: 0.9980, Recall: 0.9968, F1-Score: 0.9972
Fold 1, Epoch 981, Train Loss: 0.0549, Val Loss: 0.0945, Val Acc: 0.9967
Precision: 0.9979, Recall: 0.9966, F1-Score: 0.9971
Fold 1, Epoch 982, Train Loss: 0.0533, Val Loss: 0.1009, Val Acc: 0.9965
Precision: 0.9979, Recall: 0.9966, F1-Score: 0.9971
Fold 1, Epoch 983, Train Loss: 0.0524, Val Loss: 0.1002, Val Acc: 0.9964
Precision: 0.9980, Recall: 0.9966, F1-Score: 0.9971
Fold 1, Epoch 984, Train Loss: 0.0519, Val Loss: 0.0961, Val Acc: 0.9965
Precision: 0.9980, Recall: 0.9966, F1-Score: 0.9971
Fold 1, Epoch 985, Train Loss: 0.0522, Val Loss: 0.0965, Val Acc: 0.9965
Precision: 0.9980, Recall: 0.9967, F1-Score: 0.9972
Fold 1, Epoch 986, Train Loss: 0.0518, Val Loss: 0.0957, Val Acc: 0.9966
Precision: 0.9980, Recall: 0.9967, F1-Score: 0.9972
Fold 1, Epoch 987, Train Loss: 0.0471, Val Loss: 0.0972, Val Acc: 0.9966
Precision: 0.9980, Recall: 0.9967, F1-Score: 0.9972
Fold 1, Epoch 988, Train Loss: 0.0518, Val Loss: 0.0948, Val Acc: 0.9966
Precision: 0.9980, Recall: 0.9968, F1-Score: 0.9972
Fold 1, Epoch 989, Train Loss: 0.0477, Val Loss: 0.0967, Val Acc: 0.9966
Precision: 0.9980, Recall: 0.9968, F1-Score: 0.9972
Fold 1, Epoch 990, Train Loss: 0.0448, Val Loss: 0.0971, Val Acc: 0.9967
Precision: 0.9980, Recall: 0.9968, F1-Score: 0.9972
Fold 1, Epoch 991, Train Loss: 0.0499, Val Loss: 0.0988, Val Acc: 0.9966
Precision: 0.9980, Recall: 0.9968, F1-Score: 0.9972
Fold 1, Epoch 992, Train Loss: 0.0484, Val Loss: 0.0954, Val Acc: 0.9966
Precision: 0.9980, Recall: 0.9968, F1-Score: 0.9972
Fold 1, Epoch 993, Train Loss: 0.0460, Val Loss: 0.0950, Val Acc: 0.9967
Precision: 0.9980, Recall: 0.9969, F1-Score: 0.9973
Fold 1, Epoch 994, Train Loss: 0.0507, Val Loss: 0.0951, Val Acc: 0.9967
Precision: 0.9980, Recall: 0.9969, F1-Score: 0.9973
Fold 1, Epoch 995, Train Loss: 0.0514, Val Loss: 0.0987, Val Acc: 0.9967
Precision: 0.9980, Recall: 0.9968, F1-Score: 0.9972
Fold 1, Epoch 996, Train Loss: 0.0501, Val Loss: 0.1020, Val Acc: 0.9966
Precision: 0.9980, Recall: 0.9968, F1-Score: 0.9972
Fold 1, Epoch 997, Train Loss: 0.0528, Val Loss: 0.1015, Val Acc: 0.9966
Precision: 0.9979, Recall: 0.9966, F1-Score: 0.9971
Fold 1, Epoch 998, Train Loss: 0.0550, Val Loss: 0.0994, Val Acc: 0.9965
Precision: 0.9979, Recall: 0.9966, F1-Score: 0.9971
Fold 1, Epoch 999, Train Loss: 0.0501, Val Loss: 0.1007, Val Acc: 0.9964

--- Epoch 1000 ---
--- Epoch 1000 ---
--- Epoch 1000 ---

--- Epoch 1000 ---


Class Weights: [2.1197900e-05 5.3890608e-02 5.3172067e-02 5.7795726e-02 5.8645662e-02
 5.3172067e-02 5.1790975e-02 5.6167677e-02 5.5387571e-02 5.2472435e-02
 5.7795726e-02 5.0479811e-02 6.0422804e-02 5.2472435e-02 5.8645662e-02
 5.3890608e-02 5.7795726e-02 6.1352387e-02 5.4628838e-02]Class Weights: [2.1197900e-05 5.3890608e-02 5.3172067e-02 5.7795726e-02 5.8645662e-02
 5.3172067e-02 5.1790975e-02 5.6167677e-02 5.5387571e-02 5.2472435e-02
 5.7795726e-02 5.0479811e-02 6.0422804e-02 5.2472435e-02 5.8645662e-02
 5.3890608e-02 5.7795726e-02 6.1352387e-02 5.4628838e-02]Class Weights: [2.1197900e-05 5.3890608e-02 5.3172067e-02 5.7795726e-02 5.8645662e-02
 5.3172067e-02 5.1790975e-02 5.6167677e-02 5.5387571e-02 5.2472435e-02
 5.7795726e-02 5.0479811e-02 6.0422804e-02 5.2472435e-02 5.8645662e-02
 5.3890608e-02 5.7795726e-02 6.1352387e-02 5.4628838e-02]Class Weights: [2.1197900e-05 5.3890608e-02 5.3172067e-02 5.7795726e-02 5.8645662e-02
 5.3172067e-02 5.1790975e-02 5.6167677e-02 5.5387571e-02 5.2472435e-02
 5.7795726e-02 5.0479811e-02 6.0422804e-02 5.2472435e-02 5.8645662e-02
 5.3890608e-02 5.7795726e-02 6.1352387e-02 5.4628838e-02]



Learning Rate: 5.920529220333995e-05Learning Rate: 5.920529220333995e-05Learning Rate: 5.920529220333995e-05
Learning Rate: 5.920529220333995e-05


Train Loss: 0.0464, Val Loss: 0.1021Train Loss: 0.0464, Val Loss: 0.1021

Train Loss: 0.0464, Val Loss: 0.1021Train Loss: 0.0464, Val Loss: 0.1021

Per-Class Precision: [1.         0.48780488 1.         0.73529412 0.85576923 0.72794118
 0.69444444 0.60833333 0.86206897 0.50607287 0.48373984 0.46728972
 0.75       0.84722222 0.32608696 0.58709677 0.77470356 0.89385475
 0.83732057]
Per-Class Recall: [0.99705051 1.         1.         1.         0.89       0.99
 1.         0.97333333 1.         1.         0.952      1.
 0.87       0.976      0.6        0.91       0.98       0.91428571
 1.        ]
Per-Class F1-Score: [0.99852308 0.6557377  1.         0.84745763 0.87254902 0.83898305
 0.81967213 0.74871795 0.92592593 0.67204301 0.64150943 0.63694268
 0.80555556 0.9070632  0.42253521 0.71372549 0.86534216 0.9039548
 0.91145833]
Support per Class: [293949    100     50     75    100    100    100     75    125    125
    125     50    100    125    125    100    200    175    175]
Weighted Precision: 0.9980, Weighted Recall: 0.9967, Weighted F1-Score: 0.9971
Precision: 0.9980, Recall: 0.9967, F1-Score: 0.9971
Fold 1, Epoch 1000, Train Loss: 0.0464, Val Loss: 0.1021, Val Acc: 0.9965
Precision: 0.9980, Recall: 0.9968, F1-Score: 0.9972
Fold 1, Epoch 1001, Train Loss: 0.0488, Val Loss: 0.0992, Val Acc: 0.9966
Precision: 0.9980, Recall: 0.9968, F1-Score: 0.9972
Fold 1, Epoch 1002, Train Loss: 0.0514, Val Loss: 0.0985, Val Acc: 0.9966
Precision: 0.9980, Recall: 0.9968, F1-Score: 0.9972
Fold 1, Epoch 1003, Train Loss: 0.0479, Val Loss: 0.0981, Val Acc: 0.9966
Precision: 0.9980, Recall: 0.9968, F1-Score: 0.9972
Fold 1, Epoch 1004, Train Loss: 0.0567, Val Loss: 0.0984, Val Acc: 0.9967
Precision: 0.9980, Recall: 0.9969, F1-Score: 0.9973
Fold 1, Epoch 1005, Train Loss: 0.0523, Val Loss: 0.0978, Val Acc: 0.9967
Precision: 0.9980, Recall: 0.9968, F1-Score: 0.9972
Fold 1, Epoch 1006, Train Loss: 0.0442, Val Loss: 0.0980, Val Acc: 0.9967
Precision: 0.9980, Recall: 0.9969, F1-Score: 0.9973
Fold 1, Epoch 1007, Train Loss: 0.0596, Val Loss: 0.0981, Val Acc: 0.9967
Precision: 0.9980, Recall: 0.9969, F1-Score: 0.9973
Fold 1, Epoch 1008, Train Loss: 0.0474, Val Loss: 0.0974, Val Acc: 0.9967
Precision: 0.9980, Recall: 0.9969, F1-Score: 0.9973
Fold 1, Epoch 1009, Train Loss: 0.0630, Val Loss: 0.0927, Val Acc: 0.9967
Precision: 0.9980, Recall: 0.9968, F1-Score: 0.9972
Fold 1, Epoch 1010, Train Loss: 0.0539, Val Loss: 0.0912, Val Acc: 0.9966
Precision: 0.9980, Recall: 0.9968, F1-Score: 0.9972
Fold 1, Epoch 1011, Train Loss: 0.0552, Val Loss: 0.0911, Val Acc: 0.9967
Precision: 0.9980, Recall: 0.9969, F1-Score: 0.9972
Fold 1, Epoch 1012, Train Loss: 0.0523, Val Loss: 0.0975, Val Acc: 0.9966
Precision: 0.9980, Recall: 0.9969, F1-Score: 0.9973
Fold 1, Epoch 1013, Train Loss: 0.0489, Val Loss: 0.0931, Val Acc: 0.9967
Precision: 0.9980, Recall: 0.9969, F1-Score: 0.9973
Fold 1, Epoch 1014, Train Loss: 0.0475, Val Loss: 0.0942, Val Acc: 0.9967
Precision: 0.9980, Recall: 0.9970, F1-Score: 0.9973
Fold 1, Epoch 1015, Train Loss: 0.0491, Val Loss: 0.0938, Val Acc: 0.9967
Precision: 0.9980, Recall: 0.9970, F1-Score: 0.9973
Fold 1, Epoch 1016, Train Loss: 0.0612, Val Loss: 0.0931, Val Acc: 0.9968
Precision: 0.9980, Recall: 0.9970, F1-Score: 0.9973
Fold 1, Epoch 1017, Train Loss: 0.0488, Val Loss: 0.0934, Val Acc: 0.9968
Precision: 0.9980, Recall: 0.9970, F1-Score: 0.9974
Fold 1, Epoch 1018, Train Loss: 0.0475, Val Loss: 0.0935, Val Acc: 0.9968
Precision: 0.9980, Recall: 0.9970, F1-Score: 0.9974
Fold 1, Epoch 1019, Train Loss: 0.0475, Val Loss: 0.0948, Val Acc: 0.9968
Precision: 0.9980, Recall: 0.9970, F1-Score: 0.9973
Fold 1, Epoch 1020, Train Loss: 0.0455, Val Loss: 0.0948, Val Acc: 0.9968
Precision: 0.9980, Recall: 0.9970, F1-Score: 0.9974
Fold 1, Epoch 1021, Train Loss: 0.0506, Val Loss: 0.0949, Val Acc: 0.9968
Precision: 0.9980, Recall: 0.9970, F1-Score: 0.9973
Fold 1, Epoch 1022, Train Loss: 0.0449, Val Loss: 0.0948, Val Acc: 0.9968
Precision: 0.9980, Recall: 0.9969, F1-Score: 0.9973
Fold 1, Epoch 1023, Train Loss: 0.0509, Val Loss: 0.0955, Val Acc: 0.9968
Precision: 0.9980, Recall: 0.9969, F1-Score: 0.9972
Fold 1, Epoch 1024, Train Loss: 0.0542, Val Loss: 0.0949, Val Acc: 0.9967
Precision: 0.9980, Recall: 0.9968, F1-Score: 0.9972
Fold 1, Epoch 1025, Train Loss: 0.0518, Val Loss: 0.0970, Val Acc: 0.9966
Precision: 0.9980, Recall: 0.9968, F1-Score: 0.9973
Fold 1, Epoch 1026, Train Loss: 0.0505, Val Loss: 0.0954, Val Acc: 0.9967
Precision: 0.9980, Recall: 0.9968, F1-Score: 0.9972
Fold 1, Epoch 1027, Train Loss: 0.0472, Val Loss: 0.0954, Val Acc: 0.9967
Precision: 0.9980, Recall: 0.9968, F1-Score: 0.9972
Fold 1, Epoch 1028, Train Loss: 0.0524, Val Loss: 0.0943, Val Acc: 0.9966
Precision: 0.9980, Recall: 0.9968, F1-Score: 0.9972
Fold 1, Epoch 1029, Train Loss: 0.0442, Val Loss: 0.0934, Val Acc: 0.9967
Precision: 0.9980, Recall: 0.9968, F1-Score: 0.9972
Fold 1, Epoch 1030, Train Loss: 0.0472, Val Loss: 0.0962, Val Acc: 0.9967
Precision: 0.9980, Recall: 0.9967, F1-Score: 0.9972
Fold 1, Epoch 1031, Train Loss: 0.0476, Val Loss: 0.0975, Val Acc: 0.9966
Precision: 0.9980, Recall: 0.9967, F1-Score: 0.9972
Fold 1, Epoch 1032, Train Loss: 0.0472, Val Loss: 0.0957, Val Acc: 0.9966
Precision: 0.9980, Recall: 0.9968, F1-Score: 0.9972
Fold 1, Epoch 1033, Train Loss: 0.0490, Val Loss: 0.0949, Val Acc: 0.9966
Precision: 0.9980, Recall: 0.9968, F1-Score: 0.9972
Fold 1, Epoch 1034, Train Loss: 0.0490, Val Loss: 0.0944, Val Acc: 0.9966
Precision: 0.9980, Recall: 0.9968, F1-Score: 0.9972
Fold 1, Epoch 1035, Train Loss: 0.0464, Val Loss: 0.0958, Val Acc: 0.9967
Precision: 0.9980, Recall: 0.9968, F1-Score: 0.9972
Fold 1, Epoch 1036, Train Loss: 0.0502, Val Loss: 0.0966, Val Acc: 0.9967
Precision: 0.9980, Recall: 0.9969, F1-Score: 0.9973
Fold 1, Epoch 1037, Train Loss: 0.0470, Val Loss: 0.0987, Val Acc: 0.9967
Precision: 0.9980, Recall: 0.9969, F1-Score: 0.9973
Fold 1, Epoch 1038, Train Loss: 0.0517, Val Loss: 0.0968, Val Acc: 0.9967
Precision: 0.9980, Recall: 0.9969, F1-Score: 0.9973
Fold 1, Epoch 1039, Train Loss: 0.0432, Val Loss: 0.0971, Val Acc: 0.9967
Precision: 0.9980, Recall: 0.9969, F1-Score: 0.9973
Fold 1, Epoch 1040, Train Loss: 0.0467, Val Loss: 0.0965, Val Acc: 0.9967
Precision: 0.9980, Recall: 0.9969, F1-Score: 0.9973
Fold 1, Epoch 1041, Train Loss: 0.0498, Val Loss: 0.0957, Val Acc: 0.9967
Precision: 0.9980, Recall: 0.9968, F1-Score: 0.9972
Fold 1, Epoch 1042, Train Loss: 0.0436, Val Loss: 0.0970, Val Acc: 0.9966
Precision: 0.9980, Recall: 0.9969, F1-Score: 0.9973
Fold 1, Epoch 1043, Train Loss: 0.0464, Val Loss: 0.0974, Val Acc: 0.9967
Precision: 0.9980, Recall: 0.9969, F1-Score: 0.9973
Fold 1, Epoch 1044, Train Loss: 0.0448, Val Loss: 0.0965, Val Acc: 0.9967
Precision: 0.9980, Recall: 0.9969, F1-Score: 0.9973
Fold 1, Epoch 1045, Train Loss: 0.0520, Val Loss: 0.0938, Val Acc: 0.9967
Precision: 0.9980, Recall: 0.9969, F1-Score: 0.9973
Fold 1, Epoch 1046, Train Loss: 0.0524, Val Loss: 0.0937, Val Acc: 0.9967
Precision: 0.9981, Recall: 0.9970, F1-Score: 0.9973
Fold 1, Epoch 1047, Train Loss: 0.0499, Val Loss: 0.0933, Val Acc: 0.9968
Precision: 0.9981, Recall: 0.9970, F1-Score: 0.9974
Fold 1, Epoch 1048, Train Loss: 0.0481, Val Loss: 0.0938, Val Acc: 0.9968
Precision: 0.9981, Recall: 0.9970, F1-Score: 0.9974
Fold 1, Epoch 1049, Train Loss: 0.0485, Val Loss: 0.0958, Val Acc: 0.9968
Precision: 0.9981, Recall: 0.9970, F1-Score: 0.9974
Fold 1, Epoch 1050, Train Loss: 0.0461, Val Loss: 0.0976, Val Acc: 0.9968
Precision: 0.9981, Recall: 0.9970, F1-Score: 0.9974
Fold 1, Epoch 1051, Train Loss: 0.0465, Val Loss: 0.0969, Val Acc: 0.9968
Precision: 0.9981, Recall: 0.9970, F1-Score: 0.9974
Fold 1, Epoch 1052, Train Loss: 0.0512, Val Loss: 0.0969, Val Acc: 0.9968
Precision: 0.9981, Recall: 0.9969, F1-Score: 0.9973
Fold 1, Epoch 1053, Train Loss: 0.0560, Val Loss: 0.0960, Val Acc: 0.9968
Precision: 0.9981, Recall: 0.9970, F1-Score: 0.9973
Fold 1, Epoch 1054, Train Loss: 0.0497, Val Loss: 0.0961, Val Acc: 0.9968
Precision: 0.9980, Recall: 0.9969, F1-Score: 0.9973
Fold 1, Epoch 1055, Train Loss: 0.0506, Val Loss: 0.0950, Val Acc: 0.9968
Precision: 0.9981, Recall: 0.9970, F1-Score: 0.9973
Fold 1, Epoch 1056, Train Loss: 0.0481, Val Loss: 0.0963, Val Acc: 0.9968
Precision: 0.9981, Recall: 0.9970, F1-Score: 0.9974
Fold 1, Epoch 1057, Train Loss: 0.0477, Val Loss: 0.0952, Val Acc: 0.9968
Precision: 0.9981, Recall: 0.9970, F1-Score: 0.9974
Fold 1, Epoch 1058, Train Loss: 0.0498, Val Loss: 0.0954, Val Acc: 0.9969
Precision: 0.9981, Recall: 0.9970, F1-Score: 0.9974
Fold 1, Epoch 1059, Train Loss: 0.0501, Val Loss: 0.0963, Val Acc: 0.9968
Precision: 0.9980, Recall: 0.9969, F1-Score: 0.9973
Fold 1, Epoch 1060, Train Loss: 0.0523, Val Loss: 0.0963, Val Acc: 0.9967
Precision: 0.9980, Recall: 0.9969, F1-Score: 0.9973
Fold 1, Epoch 1061, Train Loss: 0.0478, Val Loss: 0.0976, Val Acc: 0.9967
Precision: 0.9980, Recall: 0.9969, F1-Score: 0.9973
Fold 1, Epoch 1062, Train Loss: 0.0491, Val Loss: 0.0951, Val Acc: 0.9967
Precision: 0.9981, Recall: 0.9970, F1-Score: 0.9973
Fold 1, Epoch 1063, Train Loss: 0.0477, Val Loss: 0.0979, Val Acc: 0.9967
Precision: 0.9980, Recall: 0.9969, F1-Score: 0.9973
Fold 1, Epoch 1064, Train Loss: 0.0487, Val Loss: 0.0969, Val Acc: 0.9968
Precision: 0.9980, Recall: 0.9969, F1-Score: 0.9973
Fold 1, Epoch 1065, Train Loss: 0.0447, Val Loss: 0.0972, Val Acc: 0.9968
Precision: 0.9980, Recall: 0.9969, F1-Score: 0.9973
Fold 1, Epoch 1066, Train Loss: 0.0496, Val Loss: 0.0948, Val Acc: 0.9968
Precision: 0.9980, Recall: 0.9969, F1-Score: 0.9973
Fold 1, Epoch 1067, Train Loss: 0.0508, Val Loss: 0.0951, Val Acc: 0.9968
Precision: 0.9980, Recall: 0.9969, F1-Score: 0.9973
Fold 1, Epoch 1068, Train Loss: 0.0446, Val Loss: 0.0954, Val Acc: 0.9968
Precision: 0.9981, Recall: 0.9969, F1-Score: 0.9973
Early stopping triggered for Fold 1 at epoch 1069
Completed Fold 1
Starting Fold 2
Precision: 0.9872, Recall: 0.8931, F1-Score: 0.9377
Fold 2, Epoch 1, Train Loss: 6.4763, Val Loss: 12.7162, Val Acc: 0.8911
Precision: 0.9934, Recall: 0.2922, F1-Score: 0.4510
Fold 2, Epoch 2, Train Loss: 5.7135, Val Loss: 4.3010, Val Acc: 0.2908
Precision: 0.9936, Recall: 0.8914, F1-Score: 0.9396
Fold 2, Epoch 3, Train Loss: 3.2908, Val Loss: 2.7778, Val Acc: 0.8866
Precision: 0.9937, Recall: 0.9451, F1-Score: 0.9684
Fold 2, Epoch 4, Train Loss: 2.6025, Val Loss: 2.4479, Val Acc: 0.9437
Precision: 0.9944, Recall: 0.9365, F1-Score: 0.9642
Fold 2, Epoch 5, Train Loss: 2.3777, Val Loss: 2.3896, Val Acc: 0.9343
Precision: 0.9944, Recall: 0.9463, F1-Score: 0.9694
Fold 2, Epoch 6, Train Loss: 2.2424, Val Loss: 2.2074, Val Acc: 0.9451
Precision: 0.9944, Recall: 0.9604, F1-Score: 0.9767
Fold 2, Epoch 7, Train Loss: 2.0176, Val Loss: 1.9534, Val Acc: 0.9592
Precision: 0.9941, Recall: 0.9561, F1-Score: 0.9744
Fold 2, Epoch 8, Train Loss: 1.9076, Val Loss: 2.0421, Val Acc: 0.9545
Precision: 0.9946, Recall: 0.9610, F1-Score: 0.9771
Fold 2, Epoch 9, Train Loss: 1.9095, Val Loss: 1.8529, Val Acc: 0.9595
Precision: 0.9943, Recall: 0.9801, F1-Score: 0.9869
Fold 2, Epoch 10, Train Loss: 1.6400, Val Loss: 1.9166, Val Acc: 0.9793
Precision: 0.9943, Recall: 0.9833, F1-Score: 0.9883
Fold 2, Epoch 11, Train Loss: 1.6016, Val Loss: 2.1337, Val Acc: 0.9826
Precision: 0.9947, Recall: 0.9796, F1-Score: 0.9866
Fold 2, Epoch 12, Train Loss: 1.5101, Val Loss: 1.8443, Val Acc: 0.9780
Precision: 0.9944, Recall: 0.9662, F1-Score: 0.9799
Fold 2, Epoch 13, Train Loss: 1.3750, Val Loss: 1.6152, Val Acc: 0.9642
Precision: 0.9942, Recall: 0.9710, F1-Score: 0.9821
Fold 2, Epoch 14, Train Loss: 1.3226, Val Loss: 1.5442, Val Acc: 0.9699
Precision: 0.9952, Recall: 0.9476, F1-Score: 0.9703
Fold 2, Epoch 15, Train Loss: 1.2469, Val Loss: 1.1508, Val Acc: 0.9461
Precision: 0.9948, Recall: 0.9491, F1-Score: 0.9709
Fold 2, Epoch 16, Train Loss: 1.1202, Val Loss: 0.9028, Val Acc: 0.9478
Precision: 0.9950, Recall: 0.9860, F1-Score: 0.9898
Fold 2, Epoch 17, Train Loss: 0.9667, Val Loss: 0.9036, Val Acc: 0.9856
Precision: 0.9952, Recall: 0.9724, F1-Score: 0.9829
Fold 2, Epoch 18, Train Loss: 0.8761, Val Loss: 0.8712, Val Acc: 0.9709
Precision: 0.9950, Recall: 0.9901, F1-Score: 0.9921
Fold 2, Epoch 19, Train Loss: 0.8991, Val Loss: 1.4510, Val Acc: 0.9898
Precision: 0.9951, Recall: 0.9822, F1-Score: 0.9882
Fold 2, Epoch 20, Train Loss: 0.9641, Val Loss: 0.8784, Val Acc: 0.9813
Precision: 0.9947, Recall: 0.9875, F1-Score: 0.9906
Fold 2, Epoch 21, Train Loss: 0.8008, Val Loss: 1.4966, Val Acc: 0.9869
Precision: 0.9941, Recall: 0.7917, F1-Score: 0.8807
Fold 2, Epoch 22, Train Loss: 1.3972, Val Loss: 2.8165, Val Acc: 0.7863
Precision: 0.9948, Recall: 0.9784, F1-Score: 0.9861
Fold 2, Epoch 23, Train Loss: 1.2289, Val Loss: 1.2977, Val Acc: 0.9771
Precision: 0.9952, Recall: 0.9475, F1-Score: 0.9704
Fold 2, Epoch 24, Train Loss: 1.0584, Val Loss: 0.9072, Val Acc: 0.9456
Precision: 0.9956, Recall: 0.9841, F1-Score: 0.9893
Fold 2, Epoch 25, Train Loss: 1.0014, Val Loss: 0.9372, Val Acc: 0.9830
Precision: 0.9959, Recall: 0.9834, F1-Score: 0.9889
Fold 2, Epoch 26, Train Loss: 0.8839, Val Loss: 0.8629, Val Acc: 0.9826
Precision: 0.9953, Recall: 0.9897, F1-Score: 0.9919
Fold 2, Epoch 27, Train Loss: 0.8483, Val Loss: 0.9969, Val Acc: 0.9893
Precision: 0.9957, Recall: 0.9698, F1-Score: 0.9820
Fold 2, Epoch 28, Train Loss: 0.8552, Val Loss: 0.6678, Val Acc: 0.9676
Precision: 0.9958, Recall: 0.9828, F1-Score: 0.9889
Fold 2, Epoch 29, Train Loss: 0.7212, Val Loss: 0.9658, Val Acc: 0.9812
Precision: 0.9945, Recall: 0.9756, F1-Score: 0.9845
Fold 2, Epoch 30, Train Loss: 0.7362, Val Loss: 0.7507, Val Acc: 0.9748
Precision: 0.9956, Recall: 0.9906, F1-Score: 0.9926
Fold 2, Epoch 31, Train Loss: 0.7284, Val Loss: 0.5687, Val Acc: 0.9895
Precision: 0.9954, Recall: 0.9911, F1-Score: 0.9927
Fold 2, Epoch 32, Train Loss: 0.6497, Val Loss: 0.6120, Val Acc: 0.9905
Precision: 0.9953, Recall: 0.9836, F1-Score: 0.9888
Fold 2, Epoch 33, Train Loss: 0.6506, Val Loss: 0.5596, Val Acc: 0.9823
Precision: 0.9954, Recall: 0.9892, F1-Score: 0.9918
Fold 2, Epoch 34, Train Loss: 0.5905, Val Loss: 0.5701, Val Acc: 0.9880
Precision: 0.9956, Recall: 0.9807, F1-Score: 0.9874
Fold 2, Epoch 35, Train Loss: 0.5956, Val Loss: 0.4880, Val Acc: 0.9794
Precision: 0.9958, Recall: 0.9900, F1-Score: 0.9924
Fold 2, Epoch 36, Train Loss: 0.5985, Val Loss: 0.5576, Val Acc: 0.9896
Precision: 0.9962, Recall: 0.9902, F1-Score: 0.9924
Fold 2, Epoch 37, Train Loss: 0.6233, Val Loss: 0.5012, Val Acc: 0.9901
Precision: 0.9955, Recall: 0.9873, F1-Score: 0.9909
Fold 2, Epoch 38, Train Loss: 0.5959, Val Loss: 0.6200, Val Acc: 0.9868
Precision: 0.9963, Recall: 0.9703, F1-Score: 0.9828
Fold 2, Epoch 39, Train Loss: 0.5643, Val Loss: 0.5163, Val Acc: 0.9680
Precision: 0.9957, Recall: 0.9905, F1-Score: 0.9927
Fold 2, Epoch 40, Train Loss: 0.5337, Val Loss: 0.6201, Val Acc: 0.9898
Precision: 0.9958, Recall: 0.9815, F1-Score: 0.9882
Fold 2, Epoch 41, Train Loss: 0.5613, Val Loss: 0.4286, Val Acc: 0.9804
Precision: 0.9961, Recall: 0.9916, F1-Score: 0.9935
Fold 2, Epoch 42, Train Loss: 0.4946, Val Loss: 0.4274, Val Acc: 0.9910
Precision: 0.9958, Recall: 0.9752, F1-Score: 0.9848
Fold 2, Epoch 43, Train Loss: 0.4994, Val Loss: 0.4527, Val Acc: 0.9735
Precision: 0.9960, Recall: 0.9908, F1-Score: 0.9931
Fold 2, Epoch 44, Train Loss: 0.6176, Val Loss: 0.6152, Val Acc: 0.9901
Precision: 0.9963, Recall: 0.9917, F1-Score: 0.9936
Fold 2, Epoch 45, Train Loss: 0.5676, Val Loss: 0.5157, Val Acc: 0.9908
Precision: 0.9961, Recall: 0.9880, F1-Score: 0.9917
Fold 2, Epoch 46, Train Loss: 0.5076, Val Loss: 0.6127, Val Acc: 0.9869
Precision: 0.9965, Recall: 0.9760, F1-Score: 0.9857
Fold 2, Epoch 47, Train Loss: 0.5593, Val Loss: 0.4481, Val Acc: 0.9737
Precision: 0.9959, Recall: 0.9903, F1-Score: 0.9926
Fold 2, Epoch 48, Train Loss: 0.6015, Val Loss: 0.4581, Val Acc: 0.9897
Precision: 0.9961, Recall: 0.9895, F1-Score: 0.9924
Fold 2, Epoch 49, Train Loss: 0.5530, Val Loss: 0.4565, Val Acc: 0.9888
Precision: 0.9962, Recall: 0.9769, F1-Score: 0.9860
Fold 2, Epoch 50, Train Loss: 0.4809, Val Loss: 0.7116, Val Acc: 0.9755
Precision: 0.9954, Recall: 0.9798, F1-Score: 0.9869
Fold 2, Epoch 51, Train Loss: 0.5811, Val Loss: 0.8403, Val Acc: 0.9783
Precision: 0.9950, Recall: 0.9832, F1-Score: 0.9887
Fold 2, Epoch 52, Train Loss: 0.7062, Val Loss: 0.7467, Val Acc: 0.9817
Precision: 0.9957, Recall: 0.9926, F1-Score: 0.9938
Fold 2, Epoch 53, Train Loss: 0.6081, Val Loss: 1.4559, Val Acc: 0.9925
Precision: 0.9963, Recall: 0.9649, F1-Score: 0.9798
Fold 2, Epoch 54, Train Loss: 0.5475, Val Loss: 0.5934, Val Acc: 0.9626
Precision: 0.9967, Recall: 0.9904, F1-Score: 0.9930
Fold 2, Epoch 55, Train Loss: 0.5719, Val Loss: 0.4786, Val Acc: 0.9897
Precision: 0.9962, Recall: 0.9811, F1-Score: 0.9882
Fold 2, Epoch 56, Train Loss: 0.5730, Val Loss: 0.4138, Val Acc: 0.9794
Precision: 0.9958, Recall: 0.9657, F1-Score: 0.9800
Fold 2, Epoch 57, Train Loss: 0.5308, Val Loss: 0.4773, Val Acc: 0.9651
Precision: 0.9965, Recall: 0.9927, F1-Score: 0.9942
Fold 2, Epoch 58, Train Loss: 0.5136, Val Loss: 0.3661, Val Acc: 0.9923
Precision: 0.9960, Recall: 0.9911, F1-Score: 0.9931
Fold 2, Epoch 59, Train Loss: 0.4751, Val Loss: 0.3877, Val Acc: 0.9910
Precision: 0.9951, Recall: 0.9889, F1-Score: 0.9916
Fold 2, Epoch 60, Train Loss: 0.4927, Val Loss: 1.0532, Val Acc: 0.9885
Precision: 0.9958, Recall: 0.9817, F1-Score: 0.9881
Fold 2, Epoch 61, Train Loss: 0.6346, Val Loss: 0.4769, Val Acc: 0.9810
Precision: 0.9960, Recall: 0.9895, F1-Score: 0.9925
Fold 2, Epoch 62, Train Loss: 0.5792, Val Loss: 0.4769, Val Acc: 0.9889
Precision: 0.9960, Recall: 0.9684, F1-Score: 0.9814
Fold 2, Epoch 63, Train Loss: 0.4720, Val Loss: 0.4148, Val Acc: 0.9667
Precision: 0.9962, Recall: 0.9924, F1-Score: 0.9939
Fold 2, Epoch 64, Train Loss: 0.4199, Val Loss: 0.3636, Val Acc: 0.9916
Precision: 0.9960, Recall: 0.9914, F1-Score: 0.9933
Fold 2, Epoch 65, Train Loss: 0.4440, Val Loss: 0.3464, Val Acc: 0.9911
Precision: 0.9964, Recall: 0.9909, F1-Score: 0.9932
Fold 2, Epoch 66, Train Loss: 0.4484, Val Loss: 0.3711, Val Acc: 0.9905
Precision: 0.9956, Recall: 0.9917, F1-Score: 0.9931
Fold 2, Epoch 67, Train Loss: 0.5428, Val Loss: 0.9902, Val Acc: 0.9915
Precision: 0.9955, Recall: 0.9802, F1-Score: 0.9873
Fold 2, Epoch 68, Train Loss: 0.6679, Val Loss: 0.5486, Val Acc: 0.9788
Precision: 0.9955, Recall: 0.9925, F1-Score: 0.9936
Fold 2, Epoch 69, Train Loss: 0.5649, Val Loss: 0.6003, Val Acc: 0.9925
Precision: 0.9956, Recall: 0.9555, F1-Score: 0.9742
Fold 2, Epoch 70, Train Loss: 0.5745, Val Loss: 0.4573, Val Acc: 0.9540
Precision: 0.9959, Recall: 0.9911, F1-Score: 0.9931
Fold 2, Epoch 71, Train Loss: 0.4777, Val Loss: 0.3915, Val Acc: 0.9908
Precision: 0.9964, Recall: 0.9914, F1-Score: 0.9934
Fold 2, Epoch 72, Train Loss: 0.4242, Val Loss: 0.3485, Val Acc: 0.9910
Precision: 0.9957, Recall: 0.9895, F1-Score: 0.9920
Fold 2, Epoch 73, Train Loss: 0.4515, Val Loss: 0.3614, Val Acc: 0.9891
Precision: 0.9963, Recall: 0.9891, F1-Score: 0.9922
Fold 2, Epoch 74, Train Loss: 0.4346, Val Loss: 0.3323, Val Acc: 0.9887
Precision: 0.9965, Recall: 0.9836, F1-Score: 0.9895
Fold 2, Epoch 75, Train Loss: 0.4206, Val Loss: 0.3325, Val Acc: 0.9825
Precision: 0.9963, Recall: 0.9867, F1-Score: 0.9910
Fold 2, Epoch 76, Train Loss: 0.4267, Val Loss: 0.3489, Val Acc: 0.9859
Precision: 0.9964, Recall: 0.9927, F1-Score: 0.9941
Fold 2, Epoch 77, Train Loss: 0.3533, Val Loss: 0.3472, Val Acc: 0.9922
Precision: 0.9954, Recall: 0.9767, F1-Score: 0.9854
Fold 2, Epoch 78, Train Loss: 0.3967, Val Loss: 0.6088, Val Acc: 0.9752
Precision: 0.9961, Recall: 0.9907, F1-Score: 0.9930
Fold 2, Epoch 79, Train Loss: 0.4533, Val Loss: 0.3266, Val Acc: 0.9903
Precision: 0.9962, Recall: 0.9930, F1-Score: 0.9940
Fold 2, Epoch 80, Train Loss: 0.4596, Val Loss: 0.7053, Val Acc: 0.9928
Precision: 0.9964, Recall: 0.9906, F1-Score: 0.9929
Fold 2, Epoch 81, Train Loss: 0.4928, Val Loss: 0.3885, Val Acc: 0.9906
Precision: 0.9965, Recall: 0.9919, F1-Score: 0.9938
Fold 2, Epoch 82, Train Loss: 0.4229, Val Loss: 0.3101, Val Acc: 0.9911
Precision: 0.9965, Recall: 0.9750, F1-Score: 0.9850
Fold 2, Epoch 83, Train Loss: 0.4093, Val Loss: 0.3897, Val Acc: 0.9740
Precision: 0.9966, Recall: 0.9888, F1-Score: 0.9922
Fold 2, Epoch 84, Train Loss: 0.3932, Val Loss: 0.3591, Val Acc: 0.9880
Precision: 0.9963, Recall: 0.9900, F1-Score: 0.9928
Fold 2, Epoch 85, Train Loss: 0.3876, Val Loss: 0.4133, Val Acc: 0.9894
Precision: 0.9960, Recall: 0.9622, F1-Score: 0.9783
Fold 2, Epoch 86, Train Loss: 0.4225, Val Loss: 0.3737, Val Acc: 0.9620
Precision: 0.9962, Recall: 0.9842, F1-Score: 0.9896
Fold 2, Epoch 87, Train Loss: 0.4080, Val Loss: 0.4531, Val Acc: 0.9837
Precision: 0.9966, Recall: 0.9938, F1-Score: 0.9948
Fold 2, Epoch 88, Train Loss: 0.4044, Val Loss: 0.2855, Val Acc: 0.9936
Precision: 0.9966, Recall: 0.9932, F1-Score: 0.9945
Fold 2, Epoch 89, Train Loss: 0.3774, Val Loss: 0.3065, Val Acc: 0.9930
Precision: 0.9963, Recall: 0.9902, F1-Score: 0.9929
Fold 2, Epoch 90, Train Loss: 0.3553, Val Loss: 0.6778, Val Acc: 0.9895
Precision: 0.9967, Recall: 0.9930, F1-Score: 0.9945
Fold 2, Epoch 91, Train Loss: 0.3489, Val Loss: 0.4202, Val Acc: 0.9924
Precision: 0.9964, Recall: 0.9903, F1-Score: 0.9928
Fold 2, Epoch 92, Train Loss: 0.3405, Val Loss: 0.3159, Val Acc: 0.9899
Precision: 0.9967, Recall: 0.9871, F1-Score: 0.9910
Fold 2, Epoch 93, Train Loss: 0.3610, Val Loss: 0.2929, Val Acc: 0.9861
Precision: 0.9968, Recall: 0.9935, F1-Score: 0.9948
Fold 2, Epoch 94, Train Loss: 0.3449, Val Loss: 0.3341, Val Acc: 0.9931
Precision: 0.9969, Recall: 0.9932, F1-Score: 0.9947
Fold 2, Epoch 95, Train Loss: 0.3146, Val Loss: 0.2852, Val Acc: 0.9928
Precision: 0.9967, Recall: 0.9931, F1-Score: 0.9945
Fold 2, Epoch 96, Train Loss: 0.2942, Val Loss: 0.2874, Val Acc: 0.9927
Precision: 0.9964, Recall: 0.9859, F1-Score: 0.9906
Fold 2, Epoch 97, Train Loss: 0.3081, Val Loss: 0.2531, Val Acc: 0.9850
Precision: 0.9966, Recall: 0.9935, F1-Score: 0.9947
Fold 2, Epoch 98, Train Loss: 0.3322, Val Loss: 0.2817, Val Acc: 0.9935
Precision: 0.9970, Recall: 0.9943, F1-Score: 0.9954
Fold 2, Epoch 99, Train Loss: 0.2957, Val Loss: 0.2355, Val Acc: 0.9939

--- Epoch 100 ---
--- Epoch 100 ---
--- Epoch 100 ---
--- Epoch 100 ---



Class Weights: [2.1207756e-05 6.1380908e-02 5.8672927e-02 5.7822593e-02 5.6193788e-02
 5.6193788e-02 5.8672927e-02 5.1150758e-02 5.7822593e-02 5.3196788e-02
 5.6193788e-02 5.3915661e-02 5.3915661e-02 5.5413321e-02 5.6193788e-02
 5.5413321e-02 5.3915661e-02 5.4654233e-02 4.9256284e-02]Class Weights: [2.1207756e-05 6.1380908e-02 5.8672927e-02 5.7822593e-02 5.6193788e-02
 5.6193788e-02 5.8672927e-02 5.1150758e-02 5.7822593e-02 5.3196788e-02
 5.6193788e-02 5.3915661e-02 5.3915661e-02 5.5413321e-02 5.6193788e-02
 5.5413321e-02 5.3915661e-02 5.4654233e-02 4.9256284e-02]Class Weights: [2.1207756e-05 6.1380908e-02 5.8672927e-02 5.7822593e-02 5.6193788e-02
 5.6193788e-02 5.8672927e-02 5.1150758e-02 5.7822593e-02 5.3196788e-02
 5.6193788e-02 5.3915661e-02 5.3915661e-02 5.5413321e-02 5.6193788e-02
 5.5413321e-02 5.3915661e-02 5.4654233e-02 4.9256284e-02]Class Weights: [2.1207756e-05 6.1380908e-02 5.8672927e-02 5.7822593e-02 5.6193788e-02
 5.6193788e-02 5.8672927e-02 5.1150758e-02 5.7822593e-02 5.3196788e-02
 5.6193788e-02 5.3915661e-02 5.3915661e-02 5.5413321e-02 5.6193788e-02
 5.5413321e-02 5.3915661e-02 5.4654233e-02 4.9256284e-02]



Learning Rate: 0.005987369392383786Learning Rate: 0.005987369392383786
Learning Rate: 0.005987369392383786
Learning Rate: 0.005987369392383786

Train Loss: 0.3305, Val Loss: 0.5723
Train Loss: 0.3305, Val Loss: 0.5723
Train Loss: 0.3305, Val Loss: 0.5723Train Loss: 0.3305, Val Loss: 0.5723

Per-Class Precision: [1.         0.35877863 0.88973384 0.63551402 0.33146067 0.26490066
 0.64210526 0.32258065 0.22641509 0.01018519 0.2509434  0.18253968
 0.47169811 0.34798535 0.15833333 0.51869159 0.44278607 0.23972603
 0.40264026]
Per-Class Recall: [0.98458576 0.752      0.72       0.68       0.39333333 0.8
 0.61       0.8        0.32       0.66       0.76       0.61333333
 0.14285714 0.95       0.38       0.74       0.89       0.46666667
 0.976     ]
Per-Class F1-Score: [0.99223302 0.48578811 0.79591837 0.65700483 0.3597561  0.39800995
 0.62564103 0.45977011 0.26519337 0.02006079 0.37730496 0.28134557
 0.21929825 0.50938338 0.22352941 0.60989011 0.59136213 0.31674208
 0.57009346]
Support per Class: [293949    125    325    100    150     50    100     25     75     50
    175     75    175    100     50    150    100     75    125]
Weighted Precision: 0.9963, Weighted Recall: 0.9823, Weighted F1-Score: 0.9888
Precision: 0.9963, Recall: 0.9823, F1-Score: 0.9888
Fold 2, Epoch 100, Train Loss: 0.3305, Val Loss: 0.5723, Val Acc: 0.9816
Precision: 0.9954, Recall: 0.8797, F1-Score: 0.9330
Fold 2, Epoch 101, Train Loss: 0.4527, Val Loss: 0.9647, Val Acc: 0.8766
Precision: 0.9965, Recall: 0.9932, F1-Score: 0.9945
Fold 2, Epoch 102, Train Loss: 0.3875, Val Loss: 0.3536, Val Acc: 0.9930
Precision: 0.9963, Recall: 0.9838, F1-Score: 0.9896
Fold 2, Epoch 103, Train Loss: 0.3895, Val Loss: 0.2749, Val Acc: 0.9831
Precision: 0.9964, Recall: 0.9917, F1-Score: 0.9936
Fold 2, Epoch 104, Train Loss: 0.3491, Val Loss: 0.2283, Val Acc: 0.9912
Precision: 0.9964, Recall: 0.9936, F1-Score: 0.9946
Fold 2, Epoch 105, Train Loss: 0.3243, Val Loss: 0.2423, Val Acc: 0.9933
Precision: 0.9966, Recall: 0.9919, F1-Score: 0.9938
Fold 2, Epoch 106, Train Loss: 0.2982, Val Loss: 0.2989, Val Acc: 0.9917
Precision: 0.9964, Recall: 0.9756, F1-Score: 0.9853
Fold 2, Epoch 107, Train Loss: 0.3132, Val Loss: 0.2647, Val Acc: 0.9742
Precision: 0.9969, Recall: 0.9929, F1-Score: 0.9943
Fold 2, Epoch 108, Train Loss: 0.2960, Val Loss: 0.2855, Val Acc: 0.9926
Precision: 0.9970, Recall: 0.9833, F1-Score: 0.9896
Fold 2, Epoch 109, Train Loss: 0.3402, Val Loss: 0.2649, Val Acc: 0.9829
Precision: 0.9967, Recall: 0.9895, F1-Score: 0.9925
Fold 2, Epoch 110, Train Loss: 0.3447, Val Loss: 0.2378, Val Acc: 0.9889
Precision: 0.9968, Recall: 0.9935, F1-Score: 0.9948
Fold 2, Epoch 111, Train Loss: 0.3295, Val Loss: 0.2454, Val Acc: 0.9933
Precision: 0.9968, Recall: 0.9932, F1-Score: 0.9946
Fold 2, Epoch 112, Train Loss: 0.3279, Val Loss: 0.2286, Val Acc: 0.9929
Precision: 0.9965, Recall: 0.9868, F1-Score: 0.9911
Fold 2, Epoch 113, Train Loss: 0.3349, Val Loss: 0.2261, Val Acc: 0.9861
Precision: 0.9968, Recall: 0.9920, F1-Score: 0.9940
Fold 2, Epoch 114, Train Loss: 0.3114, Val Loss: 0.2288, Val Acc: 0.9918
Precision: 0.9963, Recall: 0.9921, F1-Score: 0.9938
Fold 2, Epoch 115, Train Loss: 0.3184, Val Loss: 0.4161, Val Acc: 0.9919
Precision: 0.9962, Recall: 0.9913, F1-Score: 0.9933
Fold 2, Epoch 116, Train Loss: 0.3671, Val Loss: 0.3396, Val Acc: 0.9912
Precision: 0.9966, Recall: 0.9932, F1-Score: 0.9943
Fold 2, Epoch 117, Train Loss: 0.3525, Val Loss: 0.2755, Val Acc: 0.9932
Precision: 0.9967, Recall: 0.9930, F1-Score: 0.9944
Fold 2, Epoch 118, Train Loss: 0.3376, Val Loss: 0.2391, Val Acc: 0.9927
Precision: 0.9967, Recall: 0.9899, F1-Score: 0.9929
Fold 2, Epoch 119, Train Loss: 0.3022, Val Loss: 0.2839, Val Acc: 0.9892
Precision: 0.9970, Recall: 0.9935, F1-Score: 0.9948
Fold 2, Epoch 120, Train Loss: 0.2940, Val Loss: 0.2464, Val Acc: 0.9930
Precision: 0.9959, Recall: 0.9900, F1-Score: 0.9926
Fold 2, Epoch 121, Train Loss: 0.3328, Val Loss: 0.3997, Val Acc: 0.9896
Precision: 0.9957, Recall: 0.9821, F1-Score: 0.9881
Fold 2, Epoch 122, Train Loss: 0.4812, Val Loss: 0.2625, Val Acc: 0.9820
Precision: 0.9971, Recall: 0.9946, F1-Score: 0.9955
Fold 2, Epoch 123, Train Loss: 0.3535, Val Loss: 0.3304, Val Acc: 0.9944
Precision: 0.9970, Recall: 0.9940, F1-Score: 0.9951
Fold 2, Epoch 124, Train Loss: 0.3183, Val Loss: 0.2604, Val Acc: 0.9939
Precision: 0.9968, Recall: 0.9937, F1-Score: 0.9950
Fold 2, Epoch 125, Train Loss: 0.2969, Val Loss: 0.2379, Val Acc: 0.9934
Precision: 0.9966, Recall: 0.9923, F1-Score: 0.9940
Fold 2, Epoch 126, Train Loss: 0.2841, Val Loss: 0.2142, Val Acc: 0.9921
Precision: 0.9964, Recall: 0.9842, F1-Score: 0.9897
Fold 2, Epoch 127, Train Loss: 0.2617, Val Loss: 0.2147, Val Acc: 0.9832
Precision: 0.9966, Recall: 0.9930, F1-Score: 0.9944
Fold 2, Epoch 128, Train Loss: 0.2519, Val Loss: 0.2184, Val Acc: 0.9926
Precision: 0.9970, Recall: 0.9922, F1-Score: 0.9941
Fold 2, Epoch 129, Train Loss: 0.2604, Val Loss: 0.1920, Val Acc: 0.9916
Precision: 0.9966, Recall: 0.9825, F1-Score: 0.9890
Fold 2, Epoch 130, Train Loss: 0.2655, Val Loss: 0.2193, Val Acc: 0.9818
Precision: 0.9969, Recall: 0.9897, F1-Score: 0.9927
Fold 2, Epoch 131, Train Loss: 0.2875, Val Loss: 0.1924, Val Acc: 0.9893
Precision: 0.9966, Recall: 0.9906, F1-Score: 0.9932
Fold 2, Epoch 132, Train Loss: 0.2736, Val Loss: 0.1738, Val Acc: 0.9902
Precision: 0.9967, Recall: 0.9875, F1-Score: 0.9916
Fold 2, Epoch 133, Train Loss: 0.2656, Val Loss: 0.1783, Val Acc: 0.9864
Precision: 0.9968, Recall: 0.9941, F1-Score: 0.9951
Fold 2, Epoch 134, Train Loss: 0.2821, Val Loss: 0.1829, Val Acc: 0.9939
Precision: 0.9964, Recall: 0.9912, F1-Score: 0.9933
Fold 2, Epoch 135, Train Loss: 0.2996, Val Loss: 0.1981, Val Acc: 0.9907
Precision: 0.9968, Recall: 0.9931, F1-Score: 0.9946
Fold 2, Epoch 136, Train Loss: 0.2663, Val Loss: 0.2057, Val Acc: 0.9927
Precision: 0.9972, Recall: 0.9944, F1-Score: 0.9954
Fold 2, Epoch 137, Train Loss: 0.2526, Val Loss: 0.1764, Val Acc: 0.9944
Precision: 0.9960, Recall: 0.9872, F1-Score: 0.9910
Fold 2, Epoch 138, Train Loss: 0.2428, Val Loss: 0.2779, Val Acc: 0.9868
Precision: 0.9965, Recall: 0.9906, F1-Score: 0.9931
Fold 2, Epoch 139, Train Loss: 0.2931, Val Loss: 0.2140, Val Acc: 0.9904
Precision: 0.9971, Recall: 0.9939, F1-Score: 0.9951
Fold 2, Epoch 140, Train Loss: 0.2651, Val Loss: 0.1818, Val Acc: 0.9938
Precision: 0.9969, Recall: 0.9921, F1-Score: 0.9941
Fold 2, Epoch 141, Train Loss: 0.2496, Val Loss: 0.2022, Val Acc: 0.9918
Precision: 0.9971, Recall: 0.9925, F1-Score: 0.9943
Fold 2, Epoch 142, Train Loss: 0.2516, Val Loss: 0.1737, Val Acc: 0.9923
Precision: 0.9969, Recall: 0.9932, F1-Score: 0.9947
Fold 2, Epoch 143, Train Loss: 0.2268, Val Loss: 0.1828, Val Acc: 0.9928
Precision: 0.9968, Recall: 0.9929, F1-Score: 0.9944
Fold 2, Epoch 144, Train Loss: 0.2386, Val Loss: 0.1758, Val Acc: 0.9927
Precision: 0.9968, Recall: 0.9927, F1-Score: 0.9944
Fold 2, Epoch 145, Train Loss: 0.2435, Val Loss: 0.1501, Val Acc: 0.9927
Precision: 0.9971, Recall: 0.9933, F1-Score: 0.9948
Fold 2, Epoch 146, Train Loss: 0.2536, Val Loss: 0.1461, Val Acc: 0.9931
Precision: 0.9971, Recall: 0.9943, F1-Score: 0.9954
Fold 2, Epoch 147, Train Loss: 0.2406, Val Loss: 0.1581, Val Acc: 0.9942
Precision: 0.9968, Recall: 0.9886, F1-Score: 0.9922
Fold 2, Epoch 148, Train Loss: 0.2236, Val Loss: 0.1447, Val Acc: 0.9880
Precision: 0.9969, Recall: 0.9917, F1-Score: 0.9939
Fold 2, Epoch 149, Train Loss: 0.2112, Val Loss: 0.1684, Val Acc: 0.9911
Precision: 0.9969, Recall: 0.9930, F1-Score: 0.9946
Fold 2, Epoch 150, Train Loss: 0.2280, Val Loss: 0.1508, Val Acc: 0.9927
Precision: 0.9973, Recall: 0.9941, F1-Score: 0.9954
Fold 2, Epoch 151, Train Loss: 0.2241, Val Loss: 0.1443, Val Acc: 0.9937
Precision: 0.9973, Recall: 0.9943, F1-Score: 0.9954
Fold 2, Epoch 152, Train Loss: 0.2180, Val Loss: 0.1521, Val Acc: 0.9940
Precision: 0.9973, Recall: 0.9946, F1-Score: 0.9956
Fold 2, Epoch 153, Train Loss: 0.2208, Val Loss: 0.1615, Val Acc: 0.9943
Precision: 0.9973, Recall: 0.9932, F1-Score: 0.9948
Fold 2, Epoch 154, Train Loss: 0.2118, Val Loss: 0.1742, Val Acc: 0.9927
Precision: 0.9972, Recall: 0.9942, F1-Score: 0.9953
Fold 2, Epoch 155, Train Loss: 0.2141, Val Loss: 0.1390, Val Acc: 0.9938
Precision: 0.9973, Recall: 0.9950, F1-Score: 0.9958
Fold 2, Epoch 156, Train Loss: 0.2020, Val Loss: 0.1490, Val Acc: 0.9948
Precision: 0.9964, Recall: 0.9930, F1-Score: 0.9942
Fold 2, Epoch 157, Train Loss: 0.2309, Val Loss: 0.2242, Val Acc: 0.9932
Precision: 0.9971, Recall: 0.9939, F1-Score: 0.9951
Fold 2, Epoch 158, Train Loss: 0.2674, Val Loss: 0.1791, Val Acc: 0.9934
Precision: 0.9972, Recall: 0.9942, F1-Score: 0.9952
Fold 2, Epoch 159, Train Loss: 0.2254, Val Loss: 0.1580, Val Acc: 0.9939
Precision: 0.9969, Recall: 0.9930, F1-Score: 0.9945
Fold 2, Epoch 160, Train Loss: 0.2052, Val Loss: 0.1382, Val Acc: 0.9928
Precision: 0.9971, Recall: 0.9941, F1-Score: 0.9952
Fold 2, Epoch 161, Train Loss: 0.2059, Val Loss: 0.1348, Val Acc: 0.9939
Precision: 0.9970, Recall: 0.9931, F1-Score: 0.9946
Fold 2, Epoch 162, Train Loss: 0.1970, Val Loss: 0.1277, Val Acc: 0.9929
Precision: 0.9968, Recall: 0.9925, F1-Score: 0.9942
Fold 2, Epoch 163, Train Loss: 0.1936, Val Loss: 0.1612, Val Acc: 0.9922
Precision: 0.9970, Recall: 0.9932, F1-Score: 0.9947
Fold 2, Epoch 164, Train Loss: 0.1976, Val Loss: 0.1340, Val Acc: 0.9926
Precision: 0.9972, Recall: 0.9947, F1-Score: 0.9957
Fold 2, Epoch 165, Train Loss: 0.1842, Val Loss: 0.1333, Val Acc: 0.9944
Precision: 0.9971, Recall: 0.9938, F1-Score: 0.9951
Fold 2, Epoch 166, Train Loss: 0.2109, Val Loss: 0.1144, Val Acc: 0.9936
Precision: 0.9969, Recall: 0.9919, F1-Score: 0.9940
Fold 2, Epoch 167, Train Loss: 0.1991, Val Loss: 0.1316, Val Acc: 0.9915
Precision: 0.9972, Recall: 0.9944, F1-Score: 0.9954
Fold 2, Epoch 168, Train Loss: 0.1997, Val Loss: 0.1427, Val Acc: 0.9943
Precision: 0.9972, Recall: 0.9940, F1-Score: 0.9953
Fold 2, Epoch 169, Train Loss: 0.2146, Val Loss: 0.1413, Val Acc: 0.9938
Precision: 0.9969, Recall: 0.9924, F1-Score: 0.9943
Fold 2, Epoch 170, Train Loss: 0.2336, Val Loss: 0.1533, Val Acc: 0.9921
Precision: 0.9971, Recall: 0.9941, F1-Score: 0.9952
Fold 2, Epoch 171, Train Loss: 0.2370, Val Loss: 0.1363, Val Acc: 0.9937
Precision: 0.9970, Recall: 0.9935, F1-Score: 0.9949
Fold 2, Epoch 172, Train Loss: 0.2013, Val Loss: 0.1403, Val Acc: 0.9932
Precision: 0.9971, Recall: 0.9933, F1-Score: 0.9948
Fold 2, Epoch 173, Train Loss: 0.2011, Val Loss: 0.1523, Val Acc: 0.9931
Precision: 0.9966, Recall: 0.9914, F1-Score: 0.9935
Fold 2, Epoch 174, Train Loss: 0.1955, Val Loss: 0.3751, Val Acc: 0.9906
Precision: 0.9958, Recall: 0.9147, F1-Score: 0.9525
Fold 2, Epoch 175, Train Loss: 0.3366, Val Loss: 0.6810, Val Acc: 0.9129
Precision: 0.9973, Recall: 0.9948, F1-Score: 0.9957
Fold 2, Epoch 176, Train Loss: 0.2865, Val Loss: 0.2303, Val Acc: 0.9947
Precision: 0.9967, Recall: 0.9932, F1-Score: 0.9946
Fold 2, Epoch 177, Train Loss: 0.2562, Val Loss: 0.3001, Val Acc: 0.9933
Precision: 0.9965, Recall: 0.9925, F1-Score: 0.9941
Fold 2, Epoch 178, Train Loss: 0.2755, Val Loss: 0.4330, Val Acc: 0.9924
Precision: 0.9968, Recall: 0.9941, F1-Score: 0.9951
Fold 2, Epoch 179, Train Loss: 0.2824, Val Loss: 0.3208, Val Acc: 0.9941
Precision: 0.9971, Recall: 0.9941, F1-Score: 0.9952
Fold 2, Epoch 180, Train Loss: 0.2847, Val Loss: 0.1665, Val Acc: 0.9936
Precision: 0.9968, Recall: 0.9921, F1-Score: 0.9940
Fold 2, Epoch 181, Train Loss: 0.2698, Val Loss: 0.1601, Val Acc: 0.9918
Precision: 0.9967, Recall: 0.9898, F1-Score: 0.9927
Fold 2, Epoch 182, Train Loss: 0.2290, Val Loss: 0.1546, Val Acc: 0.9892
Precision: 0.9971, Recall: 0.9935, F1-Score: 0.9948
Fold 2, Epoch 183, Train Loss: 0.2108, Val Loss: 0.1560, Val Acc: 0.9934
Precision: 0.9973, Recall: 0.9940, F1-Score: 0.9953
Fold 2, Epoch 184, Train Loss: 0.2053, Val Loss: 0.1539, Val Acc: 0.9939
Precision: 0.9970, Recall: 0.9935, F1-Score: 0.9948
Fold 2, Epoch 185, Train Loss: 0.2299, Val Loss: 0.1361, Val Acc: 0.9931
Precision: 0.9966, Recall: 0.9912, F1-Score: 0.9934
Fold 2, Epoch 186, Train Loss: 0.2246, Val Loss: 0.1437, Val Acc: 0.9910
Precision: 0.9974, Recall: 0.9946, F1-Score: 0.9956
Fold 2, Epoch 187, Train Loss: 0.2165, Val Loss: 0.1376, Val Acc: 0.9941
Precision: 0.9973, Recall: 0.9941, F1-Score: 0.9954
Fold 2, Epoch 188, Train Loss: 0.2177, Val Loss: 0.1314, Val Acc: 0.9938
Precision: 0.9974, Recall: 0.9941, F1-Score: 0.9954
Fold 2, Epoch 189, Train Loss: 0.2206, Val Loss: 0.1210, Val Acc: 0.9938
Precision: 0.9970, Recall: 0.9906, F1-Score: 0.9933
Fold 2, Epoch 190, Train Loss: 0.2314, Val Loss: 0.1521, Val Acc: 0.9901
Precision: 0.9974, Recall: 0.9931, F1-Score: 0.9949
Fold 2, Epoch 191, Train Loss: 0.2241, Val Loss: 0.1501, Val Acc: 0.9922
Precision: 0.9975, Recall: 0.9952, F1-Score: 0.9960
Fold 2, Epoch 192, Train Loss: 0.2043, Val Loss: 0.1234, Val Acc: 0.9951
Precision: 0.9975, Recall: 0.9949, F1-Score: 0.9959
Fold 2, Epoch 193, Train Loss: 0.1837, Val Loss: 0.1162, Val Acc: 0.9948
Precision: 0.9973, Recall: 0.9938, F1-Score: 0.9951
Fold 2, Epoch 194, Train Loss: 0.1858, Val Loss: 0.1028, Val Acc: 0.9937
Precision: 0.9971, Recall: 0.9932, F1-Score: 0.9947
Fold 2, Epoch 195, Train Loss: 0.2029, Val Loss: 0.1736, Val Acc: 0.9928
Precision: 0.9971, Recall: 0.9932, F1-Score: 0.9948
Fold 2, Epoch 196, Train Loss: 0.2193, Val Loss: 0.1395, Val Acc: 0.9930
Precision: 0.9972, Recall: 0.9937, F1-Score: 0.9950
Fold 2, Epoch 197, Train Loss: 0.1957, Val Loss: 0.1313, Val Acc: 0.9933
Precision: 0.9971, Recall: 0.9938, F1-Score: 0.9950
Fold 2, Epoch 198, Train Loss: 0.2027, Val Loss: 0.1455, Val Acc: 0.9934
Precision: 0.9976, Recall: 0.9952, F1-Score: 0.9960
Fold 2, Epoch 199, Train Loss: 0.2390, Val Loss: 0.1422, Val Acc: 0.9949

--- Epoch 200 ---
--- Epoch 200 ---
--- Epoch 200 ---



--- Epoch 200 ---
Class Weights: [2.1207756e-05 6.1380908e-02 5.8672927e-02 5.7822593e-02 5.6193788e-02
 5.6193788e-02 5.8672927e-02 5.1150758e-02 5.7822593e-02 5.3196788e-02
 5.6193788e-02 5.3915661e-02 5.3915661e-02 5.5413321e-02 5.6193788e-02
 5.5413321e-02 5.3915661e-02 5.4654233e-02 4.9256284e-02]
Class Weights: [2.1207756e-05 6.1380908e-02 5.8672927e-02 5.7822593e-02 5.6193788e-02
 5.6193788e-02 5.8672927e-02 5.1150758e-02 5.7822593e-02 5.3196788e-02
 5.6193788e-02 5.3915661e-02 5.3915661e-02 5.5413321e-02 5.6193788e-02
 5.5413321e-02 5.3915661e-02 5.4654233e-02 4.9256284e-02]Class Weights: [2.1207756e-05 6.1380908e-02 5.8672927e-02 5.7822593e-02 5.6193788e-02
 5.6193788e-02 5.8672927e-02 5.1150758e-02 5.7822593e-02 5.3196788e-02
 5.6193788e-02 5.3915661e-02 5.3915661e-02 5.5413321e-02 5.6193788e-02
 5.5413321e-02 5.3915661e-02 5.4654233e-02 4.9256284e-02]Class Weights: [2.1207756e-05 6.1380908e-02 5.8672927e-02 5.7822593e-02 5.6193788e-02
 5.6193788e-02 5.8672927e-02 5.1150758e-02 5.7822593e-02 5.3196788e-02
 5.6193788e-02 5.3915661e-02 5.3915661e-02 5.5413321e-02 5.6193788e-02
 5.5413321e-02 5.3915661e-02 5.4654233e-02 4.9256284e-02]Learning Rate: 0.0035848592240854188



Learning Rate: 0.0035848592240854188Learning Rate: 0.0035848592240854188
Learning Rate: 0.0035848592240854188

Train Loss: 0.2324, Val Loss: 0.1212
Train Loss: 0.2324, Val Loss: 0.1212
Train Loss: 0.2324, Val Loss: 0.1212Train Loss: 0.2324, Val Loss: 0.1212

Per-Class Precision: [1.         0.34818942 0.91117479 0.61728395 0.80379747 0.42156863
 0.38888889 0.23469388 0.584      0.13793103 0.3587963  0.27074236
 0.6618705  0.45698925 0.18348624 0.72881356 0.45714286 0.8490566
 0.56682028]
Per-Class Recall: [0.99478821 1.         0.97846154 1.         0.84666667 0.86
 0.63       0.92       0.97333333 0.8        0.88571429 0.82666667
 0.52571429 0.85       0.4        0.86       0.96       0.6
 0.984     ]
Per-Class F1-Score: [0.9973873  0.51652893 0.94362018 0.76335878 0.82467532 0.56578947
 0.48091603 0.37398374 0.73       0.23529412 0.5107084  0.40789474
 0.58598726 0.59440559 0.25157233 0.78899083 0.61935484 0.703125
 0.71929825]
Support per Class: [293949    125    325    100    150     50    100     25     75     50
    175     75    175    100     50    150    100     75    125]
Weighted Precision: 0.9972, Weighted Recall: 0.9938, Weighted F1-Score: 0.9951
Precision: 0.9972, Recall: 0.9938, F1-Score: 0.9951
Fold 2, Epoch 200, Train Loss: 0.2324, Val Loss: 0.1212, Val Acc: 0.9935
Precision: 0.9970, Recall: 0.9932, F1-Score: 0.9947
Fold 2, Epoch 201, Train Loss: 0.2199, Val Loss: 0.1458, Val Acc: 0.9928
Precision: 0.9969, Recall: 0.9932, F1-Score: 0.9947
Fold 2, Epoch 202, Train Loss: 0.2231, Val Loss: 0.1440, Val Acc: 0.9930
Precision: 0.9972, Recall: 0.9923, F1-Score: 0.9943
Fold 2, Epoch 203, Train Loss: 0.2209, Val Loss: 0.1468, Val Acc: 0.9918
Precision: 0.9974, Recall: 0.9911, F1-Score: 0.9938
Fold 2, Epoch 204, Train Loss: 0.1986, Val Loss: 0.1300, Val Acc: 0.9904
Precision: 0.9974, Recall: 0.9946, F1-Score: 0.9956
Fold 2, Epoch 205, Train Loss: 0.2203, Val Loss: 0.1329, Val Acc: 0.9944
Precision: 0.9969, Recall: 0.9811, F1-Score: 0.9885
Fold 2, Epoch 206, Train Loss: 0.2318, Val Loss: 0.1427, Val Acc: 0.9802
Precision: 0.9970, Recall: 0.9928, F1-Score: 0.9944
Fold 2, Epoch 207, Train Loss: 0.1947, Val Loss: 0.1250, Val Acc: 0.9924
Precision: 0.9974, Recall: 0.9950, F1-Score: 0.9959
Fold 2, Epoch 208, Train Loss: 0.1770, Val Loss: 0.1273, Val Acc: 0.9947
Precision: 0.9977, Recall: 0.9957, F1-Score: 0.9964
Fold 2, Epoch 209, Train Loss: 0.1596, Val Loss: 0.1037, Val Acc: 0.9955
Precision: 0.9973, Recall: 0.9942, F1-Score: 0.9954
Fold 2, Epoch 210, Train Loss: 0.1538, Val Loss: 0.1027, Val Acc: 0.9940
Precision: 0.9975, Recall: 0.9945, F1-Score: 0.9957
Fold 2, Epoch 211, Train Loss: 0.1489, Val Loss: 0.1035, Val Acc: 0.9942
Precision: 0.9973, Recall: 0.9945, F1-Score: 0.9955
Fold 2, Epoch 212, Train Loss: 0.1595, Val Loss: 0.0971, Val Acc: 0.9942
Precision: 0.9972, Recall: 0.9946, F1-Score: 0.9955
Fold 2, Epoch 213, Train Loss: 0.1588, Val Loss: 0.0880, Val Acc: 0.9943
Precision: 0.9973, Recall: 0.9947, F1-Score: 0.9956
Fold 2, Epoch 214, Train Loss: 0.1515, Val Loss: 0.0903, Val Acc: 0.9944
Precision: 0.9973, Recall: 0.9928, F1-Score: 0.9947
Fold 2, Epoch 215, Train Loss: 0.1501, Val Loss: 0.1104, Val Acc: 0.9923
Precision: 0.9975, Recall: 0.9945, F1-Score: 0.9956
Fold 2, Epoch 216, Train Loss: 0.1692, Val Loss: 0.0942, Val Acc: 0.9941
Precision: 0.9973, Recall: 0.9921, F1-Score: 0.9941
Fold 2, Epoch 217, Train Loss: 0.1781, Val Loss: 0.1290, Val Acc: 0.9917
Precision: 0.9976, Recall: 0.9940, F1-Score: 0.9954
Fold 2, Epoch 218, Train Loss: 0.1773, Val Loss: 0.1231, Val Acc: 0.9938
Precision: 0.9968, Recall: 0.9936, F1-Score: 0.9947
Fold 2, Epoch 219, Train Loss: 0.2007, Val Loss: 0.2656, Val Acc: 0.9937
Precision: 0.9966, Recall: 0.9771, F1-Score: 0.9861
Fold 2, Epoch 220, Train Loss: 0.2709, Val Loss: 0.1671, Val Acc: 0.9765
Precision: 0.9969, Recall: 0.9918, F1-Score: 0.9939
Fold 2, Epoch 221, Train Loss: 0.2483, Val Loss: 0.2271, Val Acc: 0.9912
Precision: 0.9972, Recall: 0.9930, F1-Score: 0.9946
Fold 2, Epoch 222, Train Loss: 0.2327, Val Loss: 0.2012, Val Acc: 0.9927
Precision: 0.9968, Recall: 0.9906, F1-Score: 0.9932
Fold 2, Epoch 223, Train Loss: 0.2642, Val Loss: 0.1271, Val Acc: 0.9900
Precision: 0.9966, Recall: 0.9932, F1-Score: 0.9946
Fold 2, Epoch 224, Train Loss: 0.2181, Val Loss: 0.1697, Val Acc: 0.9930
Precision: 0.9971, Recall: 0.9938, F1-Score: 0.9950
Fold 2, Epoch 225, Train Loss: 0.2234, Val Loss: 0.1996, Val Acc: 0.9936
Precision: 0.9968, Recall: 0.9923, F1-Score: 0.9941
Fold 2, Epoch 226, Train Loss: 0.2480, Val Loss: 0.1723, Val Acc: 0.9923
Precision: 0.9970, Recall: 0.9934, F1-Score: 0.9948
Fold 2, Epoch 227, Train Loss: 0.2395, Val Loss: 0.1231, Val Acc: 0.9932
Precision: 0.9966, Recall: 0.9921, F1-Score: 0.9939
Fold 2, Epoch 228, Train Loss: 0.2022, Val Loss: 0.1380, Val Acc: 0.9921
Precision: 0.9969, Recall: 0.9920, F1-Score: 0.9939
Fold 2, Epoch 229, Train Loss: 0.1856, Val Loss: 0.1075, Val Acc: 0.9914
Precision: 0.9969, Recall: 0.9929, F1-Score: 0.9945
Fold 2, Epoch 230, Train Loss: 0.1732, Val Loss: 0.1051, Val Acc: 0.9926
Precision: 0.9974, Recall: 0.9947, F1-Score: 0.9957
Fold 2, Epoch 231, Train Loss: 0.1558, Val Loss: 0.1149, Val Acc: 0.9944
Precision: 0.9972, Recall: 0.9941, F1-Score: 0.9953
Fold 2, Epoch 232, Train Loss: 0.1677, Val Loss: 0.1030, Val Acc: 0.9937
Precision: 0.9971, Recall: 0.9936, F1-Score: 0.9950
Fold 2, Epoch 233, Train Loss: 0.1749, Val Loss: 0.1006, Val Acc: 0.9933
Precision: 0.9976, Recall: 0.9955, F1-Score: 0.9963
Fold 2, Epoch 234, Train Loss: 0.1682, Val Loss: 0.1007, Val Acc: 0.9953
Precision: 0.9972, Recall: 0.9934, F1-Score: 0.9949
Fold 2, Epoch 235, Train Loss: 0.1566, Val Loss: 0.1035, Val Acc: 0.9928
Precision: 0.9974, Recall: 0.9932, F1-Score: 0.9949
Fold 2, Epoch 236, Train Loss: 0.1633, Val Loss: 0.1000, Val Acc: 0.9928
Precision: 0.9976, Recall: 0.9947, F1-Score: 0.9958
Fold 2, Epoch 237, Train Loss: 0.1560, Val Loss: 0.1075, Val Acc: 0.9943
Precision: 0.9976, Recall: 0.9952, F1-Score: 0.9961
Fold 2, Epoch 238, Train Loss: 0.1583, Val Loss: 0.1031, Val Acc: 0.9949
Precision: 0.9973, Recall: 0.9931, F1-Score: 0.9949
Fold 2, Epoch 239, Train Loss: 0.1781, Val Loss: 0.1089, Val Acc: 0.9927
Precision: 0.9972, Recall: 0.9930, F1-Score: 0.9946
Fold 2, Epoch 240, Train Loss: 0.1711, Val Loss: 0.1546, Val Acc: 0.9928
Precision: 0.9974, Recall: 0.9943, F1-Score: 0.9955
Fold 2, Epoch 241, Train Loss: 0.1782, Val Loss: 0.1088, Val Acc: 0.9938
Precision: 0.9972, Recall: 0.9944, F1-Score: 0.9954
Fold 2, Epoch 242, Train Loss: 0.1602, Val Loss: 0.1025, Val Acc: 0.9942
Precision: 0.9972, Recall: 0.9935, F1-Score: 0.9950
Fold 2, Epoch 243, Train Loss: 0.1581, Val Loss: 0.0944, Val Acc: 0.9931
Precision: 0.9970, Recall: 0.9935, F1-Score: 0.9948
Fold 2, Epoch 244, Train Loss: 0.1476, Val Loss: 0.0998, Val Acc: 0.9934
Precision: 0.9972, Recall: 0.9943, F1-Score: 0.9954
Fold 2, Epoch 245, Train Loss: 0.1357, Val Loss: 0.0865, Val Acc: 0.9940
Precision: 0.9975, Recall: 0.9954, F1-Score: 0.9962
Fold 2, Epoch 246, Train Loss: 0.1430, Val Loss: 0.0864, Val Acc: 0.9952
Precision: 0.9973, Recall: 0.9945, F1-Score: 0.9955
Fold 2, Epoch 247, Train Loss: 0.1513, Val Loss: 0.0934, Val Acc: 0.9943
Precision: 0.9976, Recall: 0.9948, F1-Score: 0.9959
Fold 2, Epoch 248, Train Loss: 0.1524, Val Loss: 0.0869, Val Acc: 0.9944
Precision: 0.9975, Recall: 0.9949, F1-Score: 0.9958
Fold 2, Epoch 249, Train Loss: 0.1439, Val Loss: 0.0884, Val Acc: 0.9948
Precision: 0.9973, Recall: 0.9943, F1-Score: 0.9954
Fold 2, Epoch 250, Train Loss: 0.1630, Val Loss: 0.0885, Val Acc: 0.9939
Precision: 0.9974, Recall: 0.9940, F1-Score: 0.9953
Fold 2, Epoch 251, Train Loss: 0.1634, Val Loss: 0.0890, Val Acc: 0.9935
Precision: 0.9973, Recall: 0.9945, F1-Score: 0.9955
Fold 2, Epoch 252, Train Loss: 0.1558, Val Loss: 0.0910, Val Acc: 0.9941
Precision: 0.9974, Recall: 0.9942, F1-Score: 0.9954
Fold 2, Epoch 253, Train Loss: 0.1519, Val Loss: 0.1056, Val Acc: 0.9938
Precision: 0.9972, Recall: 0.9938, F1-Score: 0.9952
Fold 2, Epoch 254, Train Loss: 0.1503, Val Loss: 0.0937, Val Acc: 0.9934
Precision: 0.9975, Recall: 0.9949, F1-Score: 0.9959
Fold 2, Epoch 255, Train Loss: 0.1464, Val Loss: 0.0966, Val Acc: 0.9946
Precision: 0.9975, Recall: 0.9951, F1-Score: 0.9960
Fold 2, Epoch 256, Train Loss: 0.1454, Val Loss: 0.0881, Val Acc: 0.9949
Precision: 0.9976, Recall: 0.9958, F1-Score: 0.9965
Fold 2, Epoch 257, Train Loss: 0.1488, Val Loss: 0.0902, Val Acc: 0.9956
Precision: 0.9973, Recall: 0.9946, F1-Score: 0.9956
Fold 2, Epoch 258, Train Loss: 0.1319, Val Loss: 0.0948, Val Acc: 0.9946
Precision: 0.9975, Recall: 0.9940, F1-Score: 0.9954
Fold 2, Epoch 259, Train Loss: 0.1460, Val Loss: 0.0848, Val Acc: 0.9934
Precision: 0.9978, Recall: 0.9950, F1-Score: 0.9960
Fold 2, Epoch 260, Train Loss: 0.1415, Val Loss: 0.0963, Val Acc: 0.9947
Precision: 0.9973, Recall: 0.9935, F1-Score: 0.9951
Fold 2, Epoch 261, Train Loss: 0.1610, Val Loss: 0.0854, Val Acc: 0.9932
Precision: 0.9974, Recall: 0.9931, F1-Score: 0.9949
Fold 2, Epoch 262, Train Loss: 0.1665, Val Loss: 0.1023, Val Acc: 0.9927
Precision: 0.9974, Recall: 0.9946, F1-Score: 0.9957
Fold 2, Epoch 263, Train Loss: 0.1668, Val Loss: 0.0960, Val Acc: 0.9943
Precision: 0.9976, Recall: 0.9951, F1-Score: 0.9961
Fold 2, Epoch 264, Train Loss: 0.1445, Val Loss: 0.0928, Val Acc: 0.9946
Precision: 0.9977, Recall: 0.9955, F1-Score: 0.9963
Fold 2, Epoch 265, Train Loss: 0.1356, Val Loss: 0.1004, Val Acc: 0.9952
Precision: 0.9976, Recall: 0.9952, F1-Score: 0.9961
Fold 2, Epoch 266, Train Loss: 0.1437, Val Loss: 0.0829, Val Acc: 0.9948
Precision: 0.9975, Recall: 0.9951, F1-Score: 0.9960
Fold 2, Epoch 267, Train Loss: 0.1378, Val Loss: 0.0834, Val Acc: 0.9949
Precision: 0.9973, Recall: 0.9943, F1-Score: 0.9954
Fold 2, Epoch 268, Train Loss: 0.1472, Val Loss: 0.0895, Val Acc: 0.9940
Precision: 0.9974, Recall: 0.9945, F1-Score: 0.9956
Fold 2, Epoch 269, Train Loss: 0.1364, Val Loss: 0.0779, Val Acc: 0.9942
Precision: 0.9975, Recall: 0.9950, F1-Score: 0.9959
Fold 2, Epoch 270, Train Loss: 0.1333, Val Loss: 0.0810, Val Acc: 0.9948
Precision: 0.9974, Recall: 0.9951, F1-Score: 0.9959
Fold 2, Epoch 271, Train Loss: 0.1311, Val Loss: 0.0771, Val Acc: 0.9949
Precision: 0.9976, Recall: 0.9950, F1-Score: 0.9960
Fold 2, Epoch 272, Train Loss: 0.1391, Val Loss: 0.0724, Val Acc: 0.9946
Precision: 0.9976, Recall: 0.9945, F1-Score: 0.9957
Fold 2, Epoch 273, Train Loss: 0.1365, Val Loss: 0.0949, Val Acc: 0.9943
Precision: 0.9974, Recall: 0.9939, F1-Score: 0.9953
Fold 2, Epoch 274, Train Loss: 0.1363, Val Loss: 0.0767, Val Acc: 0.9937
Precision: 0.9976, Recall: 0.9947, F1-Score: 0.9958
Fold 2, Epoch 275, Train Loss: 0.1358, Val Loss: 0.0826, Val Acc: 0.9946
Precision: 0.9976, Recall: 0.9955, F1-Score: 0.9963
Fold 2, Epoch 276, Train Loss: 0.1434, Val Loss: 0.0761, Val Acc: 0.9954
Precision: 0.9976, Recall: 0.9953, F1-Score: 0.9962
Fold 2, Epoch 277, Train Loss: 0.1429, Val Loss: 0.0840, Val Acc: 0.9951
Precision: 0.9974, Recall: 0.9948, F1-Score: 0.9958
Fold 2, Epoch 278, Train Loss: 0.1516, Val Loss: 0.0856, Val Acc: 0.9945
Precision: 0.9974, Recall: 0.9943, F1-Score: 0.9954
Fold 2, Epoch 279, Train Loss: 0.1317, Val Loss: 0.0915, Val Acc: 0.9941
Precision: 0.9974, Recall: 0.9924, F1-Score: 0.9945
Fold 2, Epoch 280, Train Loss: 0.1349, Val Loss: 0.0932, Val Acc: 0.9917
Precision: 0.9976, Recall: 0.9945, F1-Score: 0.9957
Fold 2, Epoch 281, Train Loss: 0.1299, Val Loss: 0.0731, Val Acc: 0.9942
Precision: 0.9974, Recall: 0.9942, F1-Score: 0.9954
Fold 2, Epoch 282, Train Loss: 0.1460, Val Loss: 0.0877, Val Acc: 0.9938
Precision: 0.9973, Recall: 0.9945, F1-Score: 0.9956
Fold 2, Epoch 283, Train Loss: 0.1602, Val Loss: 0.1012, Val Acc: 0.9940
Precision: 0.9975, Recall: 0.9945, F1-Score: 0.9957
Fold 2, Epoch 284, Train Loss: 0.1593, Val Loss: 0.0919, Val Acc: 0.9941
Precision: 0.9977, Recall: 0.9950, F1-Score: 0.9961
Fold 2, Epoch 285, Train Loss: 0.1548, Val Loss: 0.0919, Val Acc: 0.9945
Precision: 0.9976, Recall: 0.9952, F1-Score: 0.9961
Fold 2, Epoch 286, Train Loss: 0.1384, Val Loss: 0.0774, Val Acc: 0.9949
Precision: 0.9976, Recall: 0.9951, F1-Score: 0.9960
Fold 2, Epoch 287, Train Loss: 0.1338, Val Loss: 0.0759, Val Acc: 0.9948
Precision: 0.9975, Recall: 0.9948, F1-Score: 0.9959
Fold 2, Epoch 288, Train Loss: 0.1250, Val Loss: 0.0804, Val Acc: 0.9945
Precision: 0.9978, Recall: 0.9953, F1-Score: 0.9962
Fold 2, Epoch 289, Train Loss: 0.1454, Val Loss: 0.0837, Val Acc: 0.9949
Precision: 0.9977, Recall: 0.9949, F1-Score: 0.9959
Fold 2, Epoch 290, Train Loss: 0.1765, Val Loss: 0.0781, Val Acc: 0.9947
Precision: 0.9970, Recall: 0.9939, F1-Score: 0.9951
Fold 2, Epoch 291, Train Loss: 0.1744, Val Loss: 0.1621, Val Acc: 0.9936
Precision: 0.9976, Recall: 0.9945, F1-Score: 0.9957
Fold 2, Epoch 292, Train Loss: 0.1672, Val Loss: 0.0963, Val Acc: 0.9942
Precision: 0.9977, Recall: 0.9953, F1-Score: 0.9962
Fold 2, Epoch 293, Train Loss: 0.1510, Val Loss: 0.0779, Val Acc: 0.9952
Precision: 0.9977, Recall: 0.9954, F1-Score: 0.9963
Fold 2, Epoch 294, Train Loss: 0.1444, Val Loss: 0.0854, Val Acc: 0.9951
Precision: 0.9976, Recall: 0.9954, F1-Score: 0.9962
Fold 2, Epoch 295, Train Loss: 0.1302, Val Loss: 0.0815, Val Acc: 0.9952
Precision: 0.9973, Recall: 0.9941, F1-Score: 0.9953
Fold 2, Epoch 296, Train Loss: 0.1364, Val Loss: 0.0697, Val Acc: 0.9939
Precision: 0.9974, Recall: 0.9935, F1-Score: 0.9951
Fold 2, Epoch 297, Train Loss: 0.1276, Val Loss: 0.0739, Val Acc: 0.9932
Precision: 0.9977, Recall: 0.9953, F1-Score: 0.9962
Fold 2, Epoch 298, Train Loss: 0.1268, Val Loss: 0.0695, Val Acc: 0.9949
Precision: 0.9976, Recall: 0.9953, F1-Score: 0.9961
Fold 2, Epoch 299, Train Loss: 0.1306, Val Loss: 0.0791, Val Acc: 0.9952

--- Epoch 300 ---
--- Epoch 300 ---
--- Epoch 300 ---



--- Epoch 300 ---
Class Weights: [2.1207756e-05 6.1380908e-02 5.8672927e-02 5.7822593e-02 5.6193788e-02
 5.6193788e-02 5.8672927e-02 5.1150758e-02 5.7822593e-02 5.3196788e-02
 5.6193788e-02 5.3915661e-02 5.3915661e-02 5.5413321e-02 5.6193788e-02
 5.5413321e-02 5.3915661e-02 5.4654233e-02 4.9256284e-02]Class Weights: [2.1207756e-05 6.1380908e-02 5.8672927e-02 5.7822593e-02 5.6193788e-02
 5.6193788e-02 5.8672927e-02 5.1150758e-02 5.7822593e-02 5.3196788e-02
 5.6193788e-02 5.3915661e-02 5.3915661e-02 5.5413321e-02 5.6193788e-02
 5.5413321e-02 5.3915661e-02 5.4654233e-02 4.9256284e-02]Class Weights: [2.1207756e-05 6.1380908e-02 5.8672927e-02 5.7822593e-02 5.6193788e-02
 5.6193788e-02 5.8672927e-02 5.1150758e-02 5.7822593e-02 5.3196788e-02
 5.6193788e-02 5.3915661e-02 5.3915661e-02 5.5413321e-02 5.6193788e-02
 5.5413321e-02 5.3915661e-02 5.4654233e-02 4.9256284e-02]Class Weights: [2.1207756e-05 6.1380908e-02 5.8672927e-02 5.7822593e-02 5.6193788e-02
 5.6193788e-02 5.8672927e-02 5.1150758e-02 5.7822593e-02 5.3196788e-02
 5.6193788e-02 5.3915661e-02 5.3915661e-02 5.5413321e-02 5.6193788e-02
 5.5413321e-02 5.3915661e-02 5.4654233e-02 4.9256284e-02]



Learning Rate: 0.0021463876394293723Learning Rate: 0.0021463876394293723Learning Rate: 0.0021463876394293723
Learning Rate: 0.0021463876394293723


Train Loss: 0.1187, Val Loss: 0.0657Train Loss: 0.1187, Val Loss: 0.0657

Train Loss: 0.1187, Val Loss: 0.0657Train Loss: 0.1187, Val Loss: 0.0657

Per-Class Precision: [1.         0.43103448 0.93913043 0.58823529 0.66863905 0.34328358
 0.73484848 0.30864198 0.72115385 0.13424658 0.38265306 0.36597938
 0.63414634 0.77083333 0.17209302 0.856      0.59171598 0.83606557
 0.63586957]
Per-Class Recall: [0.99507738 1.         0.99692308 1.         0.75333333 0.92
 0.97       1.         1.         0.98       0.85714286 0.94666667
 0.89142857 0.74       0.74       0.71333333 1.         0.68
 0.936     ]
Per-Class F1-Score: [0.99753262 0.60240964 0.96716418 0.74074074 0.70846395 0.5
 0.8362069  0.47169811 0.83798883 0.23614458 0.52910053 0.52788104
 0.74109264 0.75510204 0.27924528 0.77818182 0.74349442 0.75
 0.75728155]
Support per Class: [293949    125    325    100    150     50    100     25     75     50
    175     75    175    100     50    150    100     75    125]
Weighted Precision: 0.9975, Weighted Recall: 0.9944, Weighted F1-Score: 0.9956
Precision: 0.9975, Recall: 0.9944, F1-Score: 0.9956
Fold 2, Epoch 300, Train Loss: 0.1187, Val Loss: 0.0657, Val Acc: 0.9941
Precision: 0.9972, Recall: 0.9939, F1-Score: 0.9952
Fold 2, Epoch 301, Train Loss: 0.1141, Val Loss: 0.0693, Val Acc: 0.9933
Precision: 0.9976, Recall: 0.9954, F1-Score: 0.9962
Fold 2, Epoch 302, Train Loss: 0.1325, Val Loss: 0.0590, Val Acc: 0.9952
Precision: 0.9979, Recall: 0.9956, F1-Score: 0.9965
Fold 2, Epoch 303, Train Loss: 0.1292, Val Loss: 0.0660, Val Acc: 0.9954
Precision: 0.9976, Recall: 0.9931, F1-Score: 0.9950
Fold 2, Epoch 304, Train Loss: 0.1279, Val Loss: 0.0701, Val Acc: 0.9925
Precision: 0.9979, Recall: 0.9961, F1-Score: 0.9968
Fold 2, Epoch 305, Train Loss: 0.1435, Val Loss: 0.0667, Val Acc: 0.9959
Precision: 0.9974, Recall: 0.9911, F1-Score: 0.9938
Fold 2, Epoch 306, Train Loss: 0.1592, Val Loss: 0.0812, Val Acc: 0.9905
Precision: 0.9977, Recall: 0.9945, F1-Score: 0.9957
Fold 2, Epoch 307, Train Loss: 0.1388, Val Loss: 0.0816, Val Acc: 0.9942
Precision: 0.9976, Recall: 0.9951, F1-Score: 0.9960
Fold 2, Epoch 308, Train Loss: 0.1399, Val Loss: 0.0715, Val Acc: 0.9950
Precision: 0.9978, Recall: 0.9953, F1-Score: 0.9962
Fold 2, Epoch 309, Train Loss: 0.1223, Val Loss: 0.0718, Val Acc: 0.9951
Precision: 0.9976, Recall: 0.9947, F1-Score: 0.9958
Fold 2, Epoch 310, Train Loss: 0.1281, Val Loss: 0.0710, Val Acc: 0.9944
Precision: 0.9974, Recall: 0.9950, F1-Score: 0.9959
Fold 2, Epoch 311, Train Loss: 0.1298, Val Loss: 0.0769, Val Acc: 0.9948
Precision: 0.9974, Recall: 0.9946, F1-Score: 0.9957
Fold 2, Epoch 312, Train Loss: 0.1268, Val Loss: 0.0746, Val Acc: 0.9943
Precision: 0.9978, Recall: 0.9955, F1-Score: 0.9964
Fold 2, Epoch 313, Train Loss: 0.1463, Val Loss: 0.0711, Val Acc: 0.9953
Precision: 0.9977, Recall: 0.9951, F1-Score: 0.9961
Fold 2, Epoch 314, Train Loss: 0.1291, Val Loss: 0.0716, Val Acc: 0.9947
Precision: 0.9977, Recall: 0.9952, F1-Score: 0.9961
Fold 2, Epoch 315, Train Loss: 0.1279, Val Loss: 0.0706, Val Acc: 0.9948
Precision: 0.9976, Recall: 0.9949, F1-Score: 0.9960
Fold 2, Epoch 316, Train Loss: 0.1150, Val Loss: 0.0819, Val Acc: 0.9947
Precision: 0.9978, Recall: 0.9947, F1-Score: 0.9959
Fold 2, Epoch 317, Train Loss: 0.1160, Val Loss: 0.0690, Val Acc: 0.9944
Precision: 0.9978, Recall: 0.9951, F1-Score: 0.9961
Fold 2, Epoch 318, Train Loss: 0.1184, Val Loss: 0.0659, Val Acc: 0.9948
Precision: 0.9979, Recall: 0.9954, F1-Score: 0.9963
Fold 2, Epoch 319, Train Loss: 0.1238, Val Loss: 0.0638, Val Acc: 0.9952
Precision: 0.9978, Recall: 0.9956, F1-Score: 0.9964
Fold 2, Epoch 320, Train Loss: 0.1173, Val Loss: 0.0674, Val Acc: 0.9955
Precision: 0.9977, Recall: 0.9951, F1-Score: 0.9961
Fold 2, Epoch 321, Train Loss: 0.1165, Val Loss: 0.0632, Val Acc: 0.9950
Precision: 0.9975, Recall: 0.9942, F1-Score: 0.9955
Fold 2, Epoch 322, Train Loss: 0.1134, Val Loss: 0.0594, Val Acc: 0.9940
Precision: 0.9977, Recall: 0.9948, F1-Score: 0.9959
Fold 2, Epoch 323, Train Loss: 0.1122, Val Loss: 0.0639, Val Acc: 0.9946
Precision: 0.9978, Recall: 0.9956, F1-Score: 0.9964
Fold 2, Epoch 324, Train Loss: 0.1253, Val Loss: 0.0725, Val Acc: 0.9955
Precision: 0.9974, Recall: 0.9939, F1-Score: 0.9953
Fold 2, Epoch 325, Train Loss: 0.1448, Val Loss: 0.1287, Val Acc: 0.9934
Precision: 0.9974, Recall: 0.9947, F1-Score: 0.9958
Fold 2, Epoch 326, Train Loss: 0.1970, Val Loss: 0.0802, Val Acc: 0.9945
Precision: 0.9972, Recall: 0.9946, F1-Score: 0.9956
Fold 2, Epoch 327, Train Loss: 0.1795, Val Loss: 0.1596, Val Acc: 0.9943
Precision: 0.9972, Recall: 0.9929, F1-Score: 0.9946
Fold 2, Epoch 328, Train Loss: 0.1819, Val Loss: 0.0869, Val Acc: 0.9924
Precision: 0.9972, Recall: 0.9939, F1-Score: 0.9951
Fold 2, Epoch 329, Train Loss: 0.1639, Val Loss: 0.0945, Val Acc: 0.9937
Precision: 0.9976, Recall: 0.9944, F1-Score: 0.9956
Fold 2, Epoch 330, Train Loss: 0.1876, Val Loss: 0.1041, Val Acc: 0.9940
Precision: 0.9976, Recall: 0.9949, F1-Score: 0.9959
Fold 2, Epoch 331, Train Loss: 0.1494, Val Loss: 0.0884, Val Acc: 0.9946
Precision: 0.9975, Recall: 0.9942, F1-Score: 0.9955
Fold 2, Epoch 332, Train Loss: 0.1385, Val Loss: 0.0777, Val Acc: 0.9936
Precision: 0.9975, Recall: 0.9949, F1-Score: 0.9959
Fold 2, Epoch 333, Train Loss: 0.1403, Val Loss: 0.0794, Val Acc: 0.9945
Precision: 0.9975, Recall: 0.9949, F1-Score: 0.9959
Fold 2, Epoch 334, Train Loss: 0.1359, Val Loss: 0.0743, Val Acc: 0.9944
Precision: 0.9978, Recall: 0.9954, F1-Score: 0.9963
Fold 2, Epoch 335, Train Loss: 0.1202, Val Loss: 0.0719, Val Acc: 0.9950
Precision: 0.9977, Recall: 0.9948, F1-Score: 0.9959
Fold 2, Epoch 336, Train Loss: 0.1240, Val Loss: 0.0624, Val Acc: 0.9945
Precision: 0.9973, Recall: 0.9937, F1-Score: 0.9951
Fold 2, Epoch 337, Train Loss: 0.1248, Val Loss: 0.0694, Val Acc: 0.9933
Precision: 0.9977, Recall: 0.9947, F1-Score: 0.9959
Fold 2, Epoch 338, Train Loss: 0.1163, Val Loss: 0.0683, Val Acc: 0.9944
Precision: 0.9979, Recall: 0.9961, F1-Score: 0.9967
Fold 2, Epoch 339, Train Loss: 0.1088, Val Loss: 0.0603, Val Acc: 0.9959
Precision: 0.9978, Recall: 0.9958, F1-Score: 0.9965
Fold 2, Epoch 340, Train Loss: 0.1101, Val Loss: 0.0640, Val Acc: 0.9957
Precision: 0.9979, Recall: 0.9956, F1-Score: 0.9965
Fold 2, Epoch 341, Train Loss: 0.1105, Val Loss: 0.0606, Val Acc: 0.9954
Precision: 0.9976, Recall: 0.9949, F1-Score: 0.9960
Fold 2, Epoch 342, Train Loss: 0.1047, Val Loss: 0.0621, Val Acc: 0.9945
Precision: 0.9979, Recall: 0.9954, F1-Score: 0.9963
Fold 2, Epoch 343, Train Loss: 0.1080, Val Loss: 0.0612, Val Acc: 0.9950
Precision: 0.9977, Recall: 0.9952, F1-Score: 0.9961
Fold 2, Epoch 344, Train Loss: 0.1221, Val Loss: 0.0603, Val Acc: 0.9948
Precision: 0.9978, Recall: 0.9960, F1-Score: 0.9966
Fold 2, Epoch 345, Train Loss: 0.1105, Val Loss: 0.0701, Val Acc: 0.9957
Precision: 0.9979, Recall: 0.9961, F1-Score: 0.9967
Fold 2, Epoch 346, Train Loss: 0.1108, Val Loss: 0.0701, Val Acc: 0.9956
Precision: 0.9978, Recall: 0.9953, F1-Score: 0.9962
Fold 2, Epoch 347, Train Loss: 0.1043, Val Loss: 0.0690, Val Acc: 0.9950
Precision: 0.9976, Recall: 0.9948, F1-Score: 0.9959
Fold 2, Epoch 348, Train Loss: 0.1007, Val Loss: 0.0701, Val Acc: 0.9943
Precision: 0.9978, Recall: 0.9954, F1-Score: 0.9963
Fold 2, Epoch 349, Train Loss: 0.1011, Val Loss: 0.0603, Val Acc: 0.9952
Precision: 0.9977, Recall: 0.9956, F1-Score: 0.9964
Fold 2, Epoch 350, Train Loss: 0.1014, Val Loss: 0.0576, Val Acc: 0.9953
Precision: 0.9976, Recall: 0.9947, F1-Score: 0.9959
Fold 2, Epoch 351, Train Loss: 0.1220, Val Loss: 0.0647, Val Acc: 0.9945
Precision: 0.9974, Recall: 0.9815, F1-Score: 0.9890
Fold 2, Epoch 352, Train Loss: 0.1264, Val Loss: 0.0683, Val Acc: 0.9796
Precision: 0.9975, Recall: 0.9949, F1-Score: 0.9959
Fold 2, Epoch 353, Train Loss: 0.1573, Val Loss: 0.0794, Val Acc: 0.9948
Precision: 0.9973, Recall: 0.9936, F1-Score: 0.9950
Fold 2, Epoch 354, Train Loss: 0.1424, Val Loss: 0.0885, Val Acc: 0.9933
Precision: 0.9975, Recall: 0.9942, F1-Score: 0.9955
Fold 2, Epoch 355, Train Loss: 0.1367, Val Loss: 0.0732, Val Acc: 0.9937
Precision: 0.9977, Recall: 0.9940, F1-Score: 0.9955
Fold 2, Epoch 356, Train Loss: 0.1194, Val Loss: 0.0825, Val Acc: 0.9937
Precision: 0.9978, Recall: 0.9955, F1-Score: 0.9963
Fold 2, Epoch 357, Train Loss: 0.1321, Val Loss: 0.0717, Val Acc: 0.9954
Precision: 0.9976, Recall: 0.9957, F1-Score: 0.9964
Fold 2, Epoch 358, Train Loss: 0.1282, Val Loss: 0.0636, Val Acc: 0.9956
Precision: 0.9980, Recall: 0.9965, F1-Score: 0.9970
Fold 2, Epoch 359, Train Loss: 0.1313, Val Loss: 0.0700, Val Acc: 0.9963
Precision: 0.9979, Recall: 0.9963, F1-Score: 0.9969
Fold 2, Epoch 360, Train Loss: 0.1142, Val Loss: 0.0620, Val Acc: 0.9960
Precision: 0.9977, Recall: 0.9953, F1-Score: 0.9962
Fold 2, Epoch 361, Train Loss: 0.1183, Val Loss: 0.0604, Val Acc: 0.9950
Precision: 0.9975, Recall: 0.9947, F1-Score: 0.9958
Fold 2, Epoch 362, Train Loss: 0.1166, Val Loss: 0.0651, Val Acc: 0.9944
Precision: 0.9979, Recall: 0.9959, F1-Score: 0.9966
Fold 2, Epoch 363, Train Loss: 0.1089, Val Loss: 0.0598, Val Acc: 0.9957
Precision: 0.9980, Recall: 0.9959, F1-Score: 0.9967
Fold 2, Epoch 364, Train Loss: 0.1040, Val Loss: 0.0562, Val Acc: 0.9958
Precision: 0.9978, Recall: 0.9954, F1-Score: 0.9963
Fold 2, Epoch 365, Train Loss: 0.1046, Val Loss: 0.0628, Val Acc: 0.9951
Precision: 0.9978, Recall: 0.9953, F1-Score: 0.9963
Fold 2, Epoch 366, Train Loss: 0.1057, Val Loss: 0.0541, Val Acc: 0.9950
Precision: 0.9979, Recall: 0.9958, F1-Score: 0.9965
Fold 2, Epoch 367, Train Loss: 0.1007, Val Loss: 0.0555, Val Acc: 0.9955
Precision: 0.9980, Recall: 0.9958, F1-Score: 0.9966
Fold 2, Epoch 368, Train Loss: 0.1012, Val Loss: 0.0608, Val Acc: 0.9956
Precision: 0.9977, Recall: 0.9954, F1-Score: 0.9963
Fold 2, Epoch 369, Train Loss: 0.1091, Val Loss: 0.0674, Val Acc: 0.9952
Precision: 0.9978, Recall: 0.9957, F1-Score: 0.9965
Fold 2, Epoch 370, Train Loss: 0.1118, Val Loss: 0.0669, Val Acc: 0.9956
Precision: 0.9977, Recall: 0.9958, F1-Score: 0.9965
Fold 2, Epoch 371, Train Loss: 0.1044, Val Loss: 0.0554, Val Acc: 0.9956
Precision: 0.9979, Recall: 0.9961, F1-Score: 0.9967
Fold 2, Epoch 372, Train Loss: 0.1074, Val Loss: 0.0562, Val Acc: 0.9959
Precision: 0.9978, Recall: 0.9954, F1-Score: 0.9963
Fold 2, Epoch 373, Train Loss: 0.1133, Val Loss: 0.0607, Val Acc: 0.9951
Precision: 0.9978, Recall: 0.9953, F1-Score: 0.9962
Fold 2, Epoch 374, Train Loss: 0.1238, Val Loss: 0.0608, Val Acc: 0.9950
Precision: 0.9977, Recall: 0.9956, F1-Score: 0.9964
Fold 2, Epoch 375, Train Loss: 0.1194, Val Loss: 0.0559, Val Acc: 0.9953
Precision: 0.9977, Recall: 0.9956, F1-Score: 0.9964
Fold 2, Epoch 376, Train Loss: 0.1015, Val Loss: 0.0538, Val Acc: 0.9953
Precision: 0.9979, Recall: 0.9960, F1-Score: 0.9967
Fold 2, Epoch 377, Train Loss: 0.0941, Val Loss: 0.0525, Val Acc: 0.9957
Precision: 0.9978, Recall: 0.9954, F1-Score: 0.9963
Fold 2, Epoch 378, Train Loss: 0.1014, Val Loss: 0.0479, Val Acc: 0.9950
Precision: 0.9977, Recall: 0.9947, F1-Score: 0.9959
Fold 2, Epoch 379, Train Loss: 0.0932, Val Loss: 0.0549, Val Acc: 0.9943
Precision: 0.9975, Recall: 0.9923, F1-Score: 0.9944
Fold 2, Epoch 380, Train Loss: 0.0987, Val Loss: 0.0721, Val Acc: 0.9917
Precision: 0.9976, Recall: 0.9947, F1-Score: 0.9958
Fold 2, Epoch 381, Train Loss: 0.0961, Val Loss: 0.0534, Val Acc: 0.9944
Precision: 0.9978, Recall: 0.9959, F1-Score: 0.9966
Fold 2, Epoch 382, Train Loss: 0.1023, Val Loss: 0.0560, Val Acc: 0.9956
Precision: 0.9977, Recall: 0.9954, F1-Score: 0.9963
Fold 2, Epoch 383, Train Loss: 0.0942, Val Loss: 0.0594, Val Acc: 0.9952
Precision: 0.9978, Recall: 0.9957, F1-Score: 0.9965
Fold 2, Epoch 384, Train Loss: 0.1047, Val Loss: 0.0512, Val Acc: 0.9955
Precision: 0.9977, Recall: 0.9956, F1-Score: 0.9964
Fold 2, Epoch 385, Train Loss: 0.1008, Val Loss: 0.0612, Val Acc: 0.9954
Precision: 0.9977, Recall: 0.9952, F1-Score: 0.9961
Fold 2, Epoch 386, Train Loss: 0.1069, Val Loss: 0.0602, Val Acc: 0.9949
Precision: 0.9979, Recall: 0.9958, F1-Score: 0.9966
Fold 2, Epoch 387, Train Loss: 0.1044, Val Loss: 0.0542, Val Acc: 0.9955
Precision: 0.9979, Recall: 0.9960, F1-Score: 0.9967
Fold 2, Epoch 388, Train Loss: 0.1012, Val Loss: 0.0560, Val Acc: 0.9957
Precision: 0.9977, Recall: 0.9954, F1-Score: 0.9963
Fold 2, Epoch 389, Train Loss: 0.0986, Val Loss: 0.0812, Val Acc: 0.9951
Precision: 0.9974, Recall: 0.9911, F1-Score: 0.9937
Fold 2, Epoch 390, Train Loss: 0.1114, Val Loss: 0.0592, Val Acc: 0.9906
Precision: 0.9966, Recall: 0.9314, F1-Score: 0.9620
Fold 2, Epoch 391, Train Loss: 0.2083, Val Loss: 0.1910, Val Acc: 0.9291
Precision: 0.9974, Recall: 0.9939, F1-Score: 0.9953
Fold 2, Epoch 392, Train Loss: 0.1589, Val Loss: 0.0987, Val Acc: 0.9937
Precision: 0.9974, Recall: 0.9954, F1-Score: 0.9961
Fold 2, Epoch 393, Train Loss: 0.1592, Val Loss: 0.1507, Val Acc: 0.9952
Precision: 0.9978, Recall: 0.9959, F1-Score: 0.9966
Fold 2, Epoch 394, Train Loss: 0.1260, Val Loss: 0.0792, Val Acc: 0.9958
Precision: 0.9977, Recall: 0.9956, F1-Score: 0.9963
Fold 2, Epoch 395, Train Loss: 0.1247, Val Loss: 0.0675, Val Acc: 0.9954
Precision: 0.9975, Recall: 0.9953, F1-Score: 0.9961
Fold 2, Epoch 396, Train Loss: 0.1182, Val Loss: 0.1373, Val Acc: 0.9953
Precision: 0.9978, Recall: 0.9958, F1-Score: 0.9965
Fold 2, Epoch 397, Train Loss: 0.1037, Val Loss: 0.1407, Val Acc: 0.9956
Precision: 0.9977, Recall: 0.9952, F1-Score: 0.9962
Fold 2, Epoch 398, Train Loss: 0.0957, Val Loss: 0.0679, Val Acc: 0.9950
Precision: 0.9979, Recall: 0.9956, F1-Score: 0.9964
Fold 2, Epoch 399, Train Loss: 0.1049, Val Loss: 0.0518, Val Acc: 0.9953

--- Epoch 400 ---
--- Epoch 400 ---
--- Epoch 400 ---



--- Epoch 400 ---
Class Weights: [2.1207756e-05 6.1380908e-02 5.8672927e-02 5.7822593e-02 5.6193788e-02
 5.6193788e-02 5.8672927e-02 5.1150758e-02 5.7822593e-02 5.3196788e-02
 5.6193788e-02 5.3915661e-02 5.3915661e-02 5.5413321e-02 5.6193788e-02
 5.5413321e-02 5.3915661e-02 5.4654233e-02 4.9256284e-02]Class Weights: [2.1207756e-05 6.1380908e-02 5.8672927e-02 5.7822593e-02 5.6193788e-02
 5.6193788e-02 5.8672927e-02 5.1150758e-02 5.7822593e-02 5.3196788e-02
 5.6193788e-02 5.3915661e-02 5.3915661e-02 5.5413321e-02 5.6193788e-02
 5.5413321e-02 5.3915661e-02 5.4654233e-02 4.9256284e-02]Class Weights: [2.1207756e-05 6.1380908e-02 5.8672927e-02 5.7822593e-02 5.6193788e-02
 5.6193788e-02 5.8672927e-02 5.1150758e-02 5.7822593e-02 5.3196788e-02
 5.6193788e-02 5.3915661e-02 5.3915661e-02 5.5413321e-02 5.6193788e-02
 5.5413321e-02 5.3915661e-02 5.4654233e-02 4.9256284e-02]

Class Weights: [2.1207756e-05 6.1380908e-02 5.8672927e-02 5.7822593e-02 5.6193788e-02
 5.6193788e-02 5.8672927e-02 5.1150758e-02 5.7822593e-02 5.3196788e-02
 5.6193788e-02 5.3915661e-02 5.3915661e-02 5.5413321e-02 5.6193788e-02
 5.5413321e-02 5.3915661e-02 5.4654233e-02 4.9256284e-02]
Learning Rate: 0.0012851215656510308Learning Rate: 0.0012851215656510308

Learning Rate: 0.0012851215656510308

Learning Rate: 0.0012851215656510308
Train Loss: 0.1038, Val Loss: 0.0563
Train Loss: 0.1038, Val Loss: 0.0563Train Loss: 0.1038, Val Loss: 0.0563

Train Loss: 0.1038, Val Loss: 0.0563
Per-Class Precision: [1.         0.30413625 0.92571429 0.51020408 0.73544974 0.4516129
 0.79032258 0.47058824 0.78125    0.245      0.4939759  0.33179724
 0.7535545  0.77868852 0.13855422 0.78321678 0.61728395 0.87692308
 0.66666667]
Per-Class Recall: [0.99561489 1.         0.99692308 1.         0.92666667 0.84
 0.98       0.96       1.         0.98       0.93714286 0.96
 0.90857143 0.95       0.46       0.74666667 1.         0.76
 0.992     ]
Per-Class F1-Score: [0.99780262 0.46641791 0.96       0.67567568 0.820059   0.58741259
 0.875      0.63157895 0.87719298 0.392      0.6469428  0.49315068
 0.8238342  0.85585586 0.21296296 0.76450512 0.76335878 0.81428571
 0.79742765]
Support per Class: [293949    125    325    100    150     50    100     25     75     50
    175     75    175    100     50    150    100     75    125]
Weighted Precision: 0.9977, Weighted Recall: 0.9952, Weighted F1-Score: 0.9961
Precision: 0.9977, Recall: 0.9952, F1-Score: 0.9961
Fold 2, Epoch 400, Train Loss: 0.1038, Val Loss: 0.0563, Val Acc: 0.9949
Precision: 0.9976, Recall: 0.9889, F1-Score: 0.9928
Fold 2, Epoch 401, Train Loss: 0.1021, Val Loss: 0.0559, Val Acc: 0.9887
Precision: 0.9976, Recall: 0.9891, F1-Score: 0.9929
Fold 2, Epoch 402, Train Loss: 0.1019, Val Loss: 0.0525, Val Acc: 0.9888
Precision: 0.9975, Recall: 0.9936, F1-Score: 0.9952
Fold 2, Epoch 403, Train Loss: 0.0995, Val Loss: 0.0545, Val Acc: 0.9932
Precision: 0.9975, Recall: 0.9936, F1-Score: 0.9952
Fold 2, Epoch 404, Train Loss: 0.0922, Val Loss: 0.0635, Val Acc: 0.9931
Precision: 0.9972, Recall: 0.9932, F1-Score: 0.9948
Fold 2, Epoch 405, Train Loss: 0.1194, Val Loss: 0.0701, Val Acc: 0.9930
Precision: 0.9975, Recall: 0.9951, F1-Score: 0.9960
Fold 2, Epoch 406, Train Loss: 0.1097, Val Loss: 0.0571, Val Acc: 0.9949
Precision: 0.9977, Recall: 0.9955, F1-Score: 0.9963
Fold 2, Epoch 407, Train Loss: 0.1168, Val Loss: 0.0648, Val Acc: 0.9954
Precision: 0.9976, Recall: 0.9952, F1-Score: 0.9961
Fold 2, Epoch 408, Train Loss: 0.1183, Val Loss: 0.0751, Val Acc: 0.9949
Precision: 0.9978, Recall: 0.9959, F1-Score: 0.9966
Fold 2, Epoch 409, Train Loss: 0.1003, Val Loss: 0.0593, Val Acc: 0.9957
Precision: 0.9978, Recall: 0.9959, F1-Score: 0.9966
Fold 2, Epoch 410, Train Loss: 0.0944, Val Loss: 0.0657, Val Acc: 0.9956
Precision: 0.9978, Recall: 0.9958, F1-Score: 0.9965
Fold 2, Epoch 411, Train Loss: 0.0936, Val Loss: 0.0561, Val Acc: 0.9956
Precision: 0.9977, Recall: 0.9953, F1-Score: 0.9962
Fold 2, Epoch 412, Train Loss: 0.0829, Val Loss: 0.0519, Val Acc: 0.9951
Precision: 0.9977, Recall: 0.9949, F1-Score: 0.9960
Fold 2, Epoch 413, Train Loss: 0.0826, Val Loss: 0.0471, Val Acc: 0.9947
Precision: 0.9976, Recall: 0.9947, F1-Score: 0.9958
Fold 2, Epoch 414, Train Loss: 0.0879, Val Loss: 0.0501, Val Acc: 0.9944
Precision: 0.9978, Recall: 0.9953, F1-Score: 0.9962
Fold 2, Epoch 415, Train Loss: 0.0851, Val Loss: 0.0489, Val Acc: 0.9951
Precision: 0.9977, Recall: 0.9950, F1-Score: 0.9960
Fold 2, Epoch 416, Train Loss: 0.0819, Val Loss: 0.0480, Val Acc: 0.9948
Precision: 0.9978, Recall: 0.9952, F1-Score: 0.9962
Fold 2, Epoch 417, Train Loss: 0.0869, Val Loss: 0.0489, Val Acc: 0.9950
Precision: 0.9978, Recall: 0.9955, F1-Score: 0.9964
Fold 2, Epoch 418, Train Loss: 0.0811, Val Loss: 0.0530, Val Acc: 0.9954
Precision: 0.9979, Recall: 0.9958, F1-Score: 0.9966
Fold 2, Epoch 419, Train Loss: 0.0846, Val Loss: 0.0453, Val Acc: 0.9957
Precision: 0.9979, Recall: 0.9957, F1-Score: 0.9965
Fold 2, Epoch 420, Train Loss: 0.0912, Val Loss: 0.0442, Val Acc: 0.9955
Precision: 0.9977, Recall: 0.9954, F1-Score: 0.9962
Fold 2, Epoch 421, Train Loss: 0.1011, Val Loss: 0.0582, Val Acc: 0.9952
Precision: 0.9979, Recall: 0.9958, F1-Score: 0.9965
Fold 2, Epoch 422, Train Loss: 0.0971, Val Loss: 0.0549, Val Acc: 0.9956
Precision: 0.9976, Recall: 0.9898, F1-Score: 0.9933
Fold 2, Epoch 423, Train Loss: 0.0940, Val Loss: 0.0481, Val Acc: 0.9894
Precision: 0.9976, Recall: 0.9922, F1-Score: 0.9945
Fold 2, Epoch 424, Train Loss: 0.0946, Val Loss: 0.0473, Val Acc: 0.9918
Precision: 0.9976, Recall: 0.9947, F1-Score: 0.9958
Fold 2, Epoch 425, Train Loss: 0.0914, Val Loss: 0.0522, Val Acc: 0.9945
Precision: 0.9979, Recall: 0.9957, F1-Score: 0.9965
Fold 2, Epoch 426, Train Loss: 0.1029, Val Loss: 0.0522, Val Acc: 0.9955
Precision: 0.9977, Recall: 0.9950, F1-Score: 0.9961
Fold 2, Epoch 427, Train Loss: 0.0962, Val Loss: 0.0531, Val Acc: 0.9948
Precision: 0.9979, Recall: 0.9954, F1-Score: 0.9963
Fold 2, Epoch 428, Train Loss: 0.0950, Val Loss: 0.0500, Val Acc: 0.9952
Precision: 0.9978, Recall: 0.9955, F1-Score: 0.9964
Fold 2, Epoch 429, Train Loss: 0.0882, Val Loss: 0.0544, Val Acc: 0.9953
Precision: 0.9978, Recall: 0.9955, F1-Score: 0.9963
Fold 2, Epoch 430, Train Loss: 0.0899, Val Loss: 0.0448, Val Acc: 0.9953
Precision: 0.9978, Recall: 0.9957, F1-Score: 0.9965
Fold 2, Epoch 431, Train Loss: 0.0906, Val Loss: 0.0448, Val Acc: 0.9955
Precision: 0.9979, Recall: 0.9951, F1-Score: 0.9962
Fold 2, Epoch 432, Train Loss: 0.0832, Val Loss: 0.0393, Val Acc: 0.9949
Precision: 0.9978, Recall: 0.9942, F1-Score: 0.9957
Fold 2, Epoch 433, Train Loss: 0.0810, Val Loss: 0.0426, Val Acc: 0.9939
Precision: 0.9980, Recall: 0.9950, F1-Score: 0.9962
Fold 2, Epoch 434, Train Loss: 0.0752, Val Loss: 0.0470, Val Acc: 0.9947
Precision: 0.9979, Recall: 0.9957, F1-Score: 0.9966
Fold 2, Epoch 435, Train Loss: 0.0825, Val Loss: 0.0452, Val Acc: 0.9954
Precision: 0.9980, Recall: 0.9961, F1-Score: 0.9968
Fold 2, Epoch 436, Train Loss: 0.0894, Val Loss: 0.0452, Val Acc: 0.9958
Precision: 0.9980, Recall: 0.9962, F1-Score: 0.9969
Fold 2, Epoch 437, Train Loss: 0.0933, Val Loss: 0.0453, Val Acc: 0.9960
Precision: 0.9980, Recall: 0.9959, F1-Score: 0.9966
Fold 2, Epoch 438, Train Loss: 0.0860, Val Loss: 0.0455, Val Acc: 0.9957
Precision: 0.9979, Recall: 0.9958, F1-Score: 0.9965
Fold 2, Epoch 439, Train Loss: 0.0834, Val Loss: 0.0523, Val Acc: 0.9956
Precision: 0.9980, Recall: 0.9961, F1-Score: 0.9968
Fold 2, Epoch 440, Train Loss: 0.0756, Val Loss: 0.0480, Val Acc: 0.9960
Precision: 0.9980, Recall: 0.9960, F1-Score: 0.9967
Fold 2, Epoch 441, Train Loss: 0.0828, Val Loss: 0.0491, Val Acc: 0.9959
Precision: 0.9976, Recall: 0.9950, F1-Score: 0.9960
Fold 2, Epoch 442, Train Loss: 0.0924, Val Loss: 0.0615, Val Acc: 0.9948
Precision: 0.9978, Recall: 0.9954, F1-Score: 0.9963
Fold 2, Epoch 443, Train Loss: 0.0928, Val Loss: 0.0452, Val Acc: 0.9951
Precision: 0.9976, Recall: 0.9953, F1-Score: 0.9962
Fold 2, Epoch 444, Train Loss: 0.0990, Val Loss: 0.0507, Val Acc: 0.9950
Precision: 0.9978, Recall: 0.9956, F1-Score: 0.9964
Fold 2, Epoch 445, Train Loss: 0.0812, Val Loss: 0.0535, Val Acc: 0.9954
Precision: 0.9977, Recall: 0.9958, F1-Score: 0.9965
Fold 2, Epoch 446, Train Loss: 0.0854, Val Loss: 0.0545, Val Acc: 0.9956
Precision: 0.9979, Recall: 0.9960, F1-Score: 0.9967
Fold 2, Epoch 447, Train Loss: 0.0793, Val Loss: 0.0479, Val Acc: 0.9958
Precision: 0.9979, Recall: 0.9954, F1-Score: 0.9963
Fold 2, Epoch 448, Train Loss: 0.0855, Val Loss: 0.0445, Val Acc: 0.9951
Precision: 0.9981, Recall: 0.9956, F1-Score: 0.9966
Fold 2, Epoch 449, Train Loss: 0.0781, Val Loss: 0.0451, Val Acc: 0.9953
Precision: 0.9979, Recall: 0.9958, F1-Score: 0.9966
Fold 2, Epoch 450, Train Loss: 0.0827, Val Loss: 0.0504, Val Acc: 0.9956
Precision: 0.9979, Recall: 0.9957, F1-Score: 0.9965
Fold 2, Epoch 451, Train Loss: 0.0847, Val Loss: 0.0452, Val Acc: 0.9956
Precision: 0.9980, Recall: 0.9957, F1-Score: 0.9965
Fold 2, Epoch 452, Train Loss: 0.0855, Val Loss: 0.0473, Val Acc: 0.9955
Precision: 0.9977, Recall: 0.9952, F1-Score: 0.9961
Fold 2, Epoch 453, Train Loss: 0.0929, Val Loss: 0.0494, Val Acc: 0.9950
Precision: 0.9978, Recall: 0.9953, F1-Score: 0.9962
Fold 2, Epoch 454, Train Loss: 0.0857, Val Loss: 0.0501, Val Acc: 0.9952
Precision: 0.9977, Recall: 0.9955, F1-Score: 0.9963
Fold 2, Epoch 455, Train Loss: 0.0800, Val Loss: 0.0435, Val Acc: 0.9952
Precision: 0.9978, Recall: 0.9957, F1-Score: 0.9965
Fold 2, Epoch 456, Train Loss: 0.0758, Val Loss: 0.0443, Val Acc: 0.9955
Precision: 0.9977, Recall: 0.9952, F1-Score: 0.9961
Fold 2, Epoch 457, Train Loss: 0.0784, Val Loss: 0.0419, Val Acc: 0.9950
Precision: 0.9977, Recall: 0.9953, F1-Score: 0.9962
Fold 2, Epoch 458, Train Loss: 0.0825, Val Loss: 0.0385, Val Acc: 0.9950
Precision: 0.9977, Recall: 0.9952, F1-Score: 0.9961
Fold 2, Epoch 459, Train Loss: 0.0764, Val Loss: 0.0380, Val Acc: 0.9949
Precision: 0.9979, Recall: 0.9955, F1-Score: 0.9964
Fold 2, Epoch 460, Train Loss: 0.0775, Val Loss: 0.0411, Val Acc: 0.9953
Precision: 0.9978, Recall: 0.9959, F1-Score: 0.9966
Fold 2, Epoch 461, Train Loss: 0.0736, Val Loss: 0.0413, Val Acc: 0.9956
Precision: 0.9978, Recall: 0.9959, F1-Score: 0.9966
Fold 2, Epoch 462, Train Loss: 0.0728, Val Loss: 0.0368, Val Acc: 0.9957
Precision: 0.9978, Recall: 0.9959, F1-Score: 0.9966
Fold 2, Epoch 463, Train Loss: 0.0703, Val Loss: 0.0393, Val Acc: 0.9957
Precision: 0.9978, Recall: 0.9956, F1-Score: 0.9964
Fold 2, Epoch 464, Train Loss: 0.0699, Val Loss: 0.0385, Val Acc: 0.9955
Precision: 0.9979, Recall: 0.9957, F1-Score: 0.9965
Fold 2, Epoch 465, Train Loss: 0.0707, Val Loss: 0.0396, Val Acc: 0.9956
Precision: 0.9979, Recall: 0.9957, F1-Score: 0.9965
Fold 2, Epoch 466, Train Loss: 0.0693, Val Loss: 0.0384, Val Acc: 0.9955
Precision: 0.9980, Recall: 0.9960, F1-Score: 0.9967
Fold 2, Epoch 467, Train Loss: 0.0806, Val Loss: 0.0384, Val Acc: 0.9958
Precision: 0.9979, Recall: 0.9959, F1-Score: 0.9966
Fold 2, Epoch 468, Train Loss: 0.0896, Val Loss: 0.0495, Val Acc: 0.9956
Precision: 0.9976, Recall: 0.9950, F1-Score: 0.9960
Fold 2, Epoch 469, Train Loss: 0.1065, Val Loss: 0.0643, Val Acc: 0.9947
Precision: 0.9978, Recall: 0.9953, F1-Score: 0.9962
Fold 2, Epoch 470, Train Loss: 0.0896, Val Loss: 0.0478, Val Acc: 0.9950
Precision: 0.9979, Recall: 0.9955, F1-Score: 0.9964
Fold 2, Epoch 471, Train Loss: 0.0898, Val Loss: 0.0477, Val Acc: 0.9953
Precision: 0.9977, Recall: 0.9955, F1-Score: 0.9963
Fold 2, Epoch 472, Train Loss: 0.0981, Val Loss: 0.0581, Val Acc: 0.9953
Precision: 0.9980, Recall: 0.9960, F1-Score: 0.9967
Fold 2, Epoch 473, Train Loss: 0.0966, Val Loss: 0.0474, Val Acc: 0.9958
Precision: 0.9978, Recall: 0.9954, F1-Score: 0.9963
Fold 2, Epoch 474, Train Loss: 0.0945, Val Loss: 0.0447, Val Acc: 0.9953
Precision: 0.9980, Recall: 0.9960, F1-Score: 0.9967
Fold 2, Epoch 475, Train Loss: 0.0934, Val Loss: 0.0434, Val Acc: 0.9958
Precision: 0.9979, Recall: 0.9961, F1-Score: 0.9968
Fold 2, Epoch 476, Train Loss: 0.0927, Val Loss: 0.0522, Val Acc: 0.9959
Precision: 0.9978, Recall: 0.9956, F1-Score: 0.9964
Fold 2, Epoch 477, Train Loss: 0.0814, Val Loss: 0.0482, Val Acc: 0.9953
Precision: 0.9978, Recall: 0.9955, F1-Score: 0.9964
Fold 2, Epoch 478, Train Loss: 0.0807, Val Loss: 0.0450, Val Acc: 0.9952
Precision: 0.9980, Recall: 0.9961, F1-Score: 0.9968
Fold 2, Epoch 479, Train Loss: 0.0782, Val Loss: 0.0434, Val Acc: 0.9959
Precision: 0.9979, Recall: 0.9958, F1-Score: 0.9966
Fold 2, Epoch 480, Train Loss: 0.0759, Val Loss: 0.0466, Val Acc: 0.9956
Precision: 0.9981, Recall: 0.9962, F1-Score: 0.9969
Fold 2, Epoch 481, Train Loss: 0.0784, Val Loss: 0.0427, Val Acc: 0.9960
Precision: 0.9980, Recall: 0.9962, F1-Score: 0.9969
Fold 2, Epoch 482, Train Loss: 0.0764, Val Loss: 0.0476, Val Acc: 0.9961
Precision: 0.9981, Recall: 0.9964, F1-Score: 0.9970
Fold 2, Epoch 483, Train Loss: 0.0752, Val Loss: 0.0437, Val Acc: 0.9961
Precision: 0.9978, Recall: 0.9957, F1-Score: 0.9965
Fold 2, Epoch 484, Train Loss: 0.0815, Val Loss: 0.0494, Val Acc: 0.9954
Precision: 0.9978, Recall: 0.9957, F1-Score: 0.9964
Fold 2, Epoch 485, Train Loss: 0.0912, Val Loss: 0.0456, Val Acc: 0.9955
Precision: 0.9978, Recall: 0.9959, F1-Score: 0.9966
Fold 2, Epoch 486, Train Loss: 0.0830, Val Loss: 0.0481, Val Acc: 0.9956
Precision: 0.9978, Recall: 0.9961, F1-Score: 0.9967
Fold 2, Epoch 487, Train Loss: 0.0746, Val Loss: 0.0456, Val Acc: 0.9958
Precision: 0.9980, Recall: 0.9961, F1-Score: 0.9968
Fold 2, Epoch 488, Train Loss: 0.0846, Val Loss: 0.0377, Val Acc: 0.9959
Precision: 0.9979, Recall: 0.9958, F1-Score: 0.9966
Fold 2, Epoch 489, Train Loss: 0.0687, Val Loss: 0.0420, Val Acc: 0.9956
Precision: 0.9978, Recall: 0.9954, F1-Score: 0.9963
Fold 2, Epoch 490, Train Loss: 0.0727, Val Loss: 0.0439, Val Acc: 0.9951
Precision: 0.9980, Recall: 0.9961, F1-Score: 0.9968
Fold 2, Epoch 491, Train Loss: 0.0664, Val Loss: 0.0483, Val Acc: 0.9959
Precision: 0.9980, Recall: 0.9964, F1-Score: 0.9970
Fold 2, Epoch 492, Train Loss: 0.0716, Val Loss: 0.0423, Val Acc: 0.9962
Precision: 0.9980, Recall: 0.9963, F1-Score: 0.9969
Fold 2, Epoch 493, Train Loss: 0.0701, Val Loss: 0.0396, Val Acc: 0.9961
Precision: 0.9980, Recall: 0.9960, F1-Score: 0.9967
Fold 2, Epoch 494, Train Loss: 0.0653, Val Loss: 0.0386, Val Acc: 0.9957
Precision: 0.9979, Recall: 0.9958, F1-Score: 0.9966
Fold 2, Epoch 495, Train Loss: 0.0691, Val Loss: 0.0397, Val Acc: 0.9955
Precision: 0.9980, Recall: 0.9961, F1-Score: 0.9968
Fold 2, Epoch 496, Train Loss: 0.0659, Val Loss: 0.0382, Val Acc: 0.9959
Precision: 0.9980, Recall: 0.9961, F1-Score: 0.9968
Fold 2, Epoch 497, Train Loss: 0.0658, Val Loss: 0.0407, Val Acc: 0.9960
Precision: 0.9980, Recall: 0.9960, F1-Score: 0.9967
Fold 2, Epoch 498, Train Loss: 0.0699, Val Loss: 0.0411, Val Acc: 0.9958
Precision: 0.9980, Recall: 0.9962, F1-Score: 0.9968
Fold 2, Epoch 499, Train Loss: 0.0681, Val Loss: 0.0397, Val Acc: 0.9960

--- Epoch 500 ---
--- Epoch 500 ---
--- Epoch 500 ---



--- Epoch 500 ---
Class Weights: [2.1207756e-05 6.1380908e-02 5.8672927e-02 5.7822593e-02 5.6193788e-02
 5.6193788e-02 5.8672927e-02 5.1150758e-02 5.7822593e-02 5.3196788e-02
 5.6193788e-02 5.3915661e-02 5.3915661e-02 5.5413321e-02 5.6193788e-02
 5.5413321e-02 5.3915661e-02 5.4654233e-02 4.9256284e-02]Class Weights: [2.1207756e-05 6.1380908e-02 5.8672927e-02 5.7822593e-02 5.6193788e-02
 5.6193788e-02 5.8672927e-02 5.1150758e-02 5.7822593e-02 5.3196788e-02
 5.6193788e-02 5.3915661e-02 5.3915661e-02 5.5413321e-02 5.6193788e-02
 5.5413321e-02 5.3915661e-02 5.4654233e-02 4.9256284e-02]Class Weights: [2.1207756e-05 6.1380908e-02 5.8672927e-02 5.7822593e-02 5.6193788e-02
 5.6193788e-02 5.8672927e-02 5.1150758e-02 5.7822593e-02 5.3196788e-02
 5.6193788e-02 5.3915661e-02 5.3915661e-02 5.5413321e-02 5.6193788e-02
 5.5413321e-02 5.3915661e-02 5.4654233e-02 4.9256284e-02]Class Weights: [2.1207756e-05 6.1380908e-02 5.8672927e-02 5.7822593e-02 5.6193788e-02
 5.6193788e-02 5.8672927e-02 5.1150758e-02 5.7822593e-02 5.3196788e-02
 5.6193788e-02 5.3915661e-02 5.3915661e-02 5.5413321e-02 5.6193788e-02
 5.5413321e-02 5.3915661e-02 5.4654233e-02 4.9256284e-02]



Learning Rate: 0.0007694497527671312Learning Rate: 0.0007694497527671312
Learning Rate: 0.0007694497527671312

Learning Rate: 0.0007694497527671312
Train Loss: 0.0653, Val Loss: 0.0370
Train Loss: 0.0653, Val Loss: 0.0370
Train Loss: 0.0653, Val Loss: 0.0370
Train Loss: 0.0653, Val Loss: 0.0370
Per-Class Precision: [1.         0.41390728 0.95307918 0.55555556 0.72928177 0.50561798
 0.7518797  0.3164557  0.87209302 0.21186441 0.53943218 0.54135338
 0.7635468  0.73387097 0.184      0.8150289  0.64516129 0.98245614
 0.72674419]
Per-Class Recall: [0.99639053 1.         1.         1.         0.88       0.9
 1.         1.         1.         1.         0.97714286 0.96
 0.88571429 0.91       0.46       0.94       1.         0.74666667
 1.        ]
Per-Class F1-Score: [0.998192   0.58548009 0.97597598 0.71428571 0.79758308 0.64748201
 0.8583691  0.48076923 0.93167702 0.34965035 0.69512195 0.69230769
 0.82010582 0.8125     0.26285714 0.87306502 0.78431373 0.84848485
 0.84175084]
Support per Class: [293949    125    325    100    150     50    100     25     75     50
    175     75    175    100     50    150    100     75    125]
Weighted Precision: 0.9979, Weighted Recall: 0.9960, Weighted F1-Score: 0.9967
Precision: 0.9979, Recall: 0.9960, F1-Score: 0.9967
Fold 2, Epoch 500, Train Loss: 0.0653, Val Loss: 0.0370, Val Acc: 0.9959
Precision: 0.9980, Recall: 0.9961, F1-Score: 0.9968
Fold 2, Epoch 501, Train Loss: 0.0781, Val Loss: 0.0375, Val Acc: 0.9959
Precision: 0.9981, Recall: 0.9963, F1-Score: 0.9969
Fold 2, Epoch 502, Train Loss: 0.0620, Val Loss: 0.0386, Val Acc: 0.9962
Precision: 0.9980, Recall: 0.9958, F1-Score: 0.9966
Fold 2, Epoch 503, Train Loss: 0.0714, Val Loss: 0.0337, Val Acc: 0.9957
Precision: 0.9980, Recall: 0.9956, F1-Score: 0.9965
Fold 2, Epoch 504, Train Loss: 0.0675, Val Loss: 0.0360, Val Acc: 0.9955
Precision: 0.9980, Recall: 0.9959, F1-Score: 0.9966
Fold 2, Epoch 505, Train Loss: 0.0659, Val Loss: 0.0376, Val Acc: 0.9957
Precision: 0.9980, Recall: 0.9964, F1-Score: 0.9970
Fold 2, Epoch 506, Train Loss: 0.0641, Val Loss: 0.0353, Val Acc: 0.9962
Precision: 0.9981, Recall: 0.9967, F1-Score: 0.9972
Fold 2, Epoch 507, Train Loss: 0.0645, Val Loss: 0.0360, Val Acc: 0.9966
Precision: 0.9980, Recall: 0.9964, F1-Score: 0.9970
Fold 2, Epoch 508, Train Loss: 0.0717, Val Loss: 0.0363, Val Acc: 0.9962
Precision: 0.9979, Recall: 0.9959, F1-Score: 0.9967
Fold 2, Epoch 509, Train Loss: 0.0759, Val Loss: 0.0390, Val Acc: 0.9956
Precision: 0.9980, Recall: 0.9959, F1-Score: 0.9967
Fold 2, Epoch 510, Train Loss: 0.0816, Val Loss: 0.0353, Val Acc: 0.9957
Precision: 0.9979, Recall: 0.9956, F1-Score: 0.9964
Fold 2, Epoch 511, Train Loss: 0.0827, Val Loss: 0.0449, Val Acc: 0.9952
Precision: 0.9978, Recall: 0.9954, F1-Score: 0.9963
Fold 2, Epoch 512, Train Loss: 0.0866, Val Loss: 0.0539, Val Acc: 0.9951
Precision: 0.9978, Recall: 0.9959, F1-Score: 0.9966
Fold 2, Epoch 513, Train Loss: 0.0867, Val Loss: 0.0449, Val Acc: 0.9956
Precision: 0.9980, Recall: 0.9962, F1-Score: 0.9968
Fold 2, Epoch 514, Train Loss: 0.0869, Val Loss: 0.0392, Val Acc: 0.9959
Precision: 0.9979, Recall: 0.9954, F1-Score: 0.9964
Fold 2, Epoch 515, Train Loss: 0.0778, Val Loss: 0.0453, Val Acc: 0.9951
Precision: 0.9981, Recall: 0.9962, F1-Score: 0.9969
Fold 2, Epoch 516, Train Loss: 0.0728, Val Loss: 0.0455, Val Acc: 0.9959
Precision: 0.9982, Recall: 0.9968, F1-Score: 0.9973
Fold 2, Epoch 517, Train Loss: 0.0755, Val Loss: 0.0393, Val Acc: 0.9966
Precision: 0.9980, Recall: 0.9963, F1-Score: 0.9969
Fold 2, Epoch 518, Train Loss: 0.0727, Val Loss: 0.0424, Val Acc: 0.9962
Precision: 0.9981, Recall: 0.9962, F1-Score: 0.9969
Fold 2, Epoch 519, Train Loss: 0.0705, Val Loss: 0.0366, Val Acc: 0.9960
Precision: 0.9981, Recall: 0.9962, F1-Score: 0.9969
Fold 2, Epoch 520, Train Loss: 0.0704, Val Loss: 0.0389, Val Acc: 0.9959
Precision: 0.9981, Recall: 0.9960, F1-Score: 0.9968
Fold 2, Epoch 521, Train Loss: 0.0703, Val Loss: 0.0359, Val Acc: 0.9957
Precision: 0.9980, Recall: 0.9951, F1-Score: 0.9962
Fold 2, Epoch 522, Train Loss: 0.0723, Val Loss: 0.0373, Val Acc: 0.9948
Precision: 0.9979, Recall: 0.9950, F1-Score: 0.9962
Fold 2, Epoch 523, Train Loss: 0.0750, Val Loss: 0.0380, Val Acc: 0.9949
Precision: 0.9981, Recall: 0.9957, F1-Score: 0.9966
Fold 2, Epoch 524, Train Loss: 0.0679, Val Loss: 0.0424, Val Acc: 0.9955
Precision: 0.9980, Recall: 0.9960, F1-Score: 0.9967
Fold 2, Epoch 525, Train Loss: 0.0721, Val Loss: 0.0418, Val Acc: 0.9957
Precision: 0.9981, Recall: 0.9962, F1-Score: 0.9969
Fold 2, Epoch 526, Train Loss: 0.0602, Val Loss: 0.0397, Val Acc: 0.9959
Precision: 0.9981, Recall: 0.9964, F1-Score: 0.9970
Fold 2, Epoch 527, Train Loss: 0.0672, Val Loss: 0.0362, Val Acc: 0.9962
Precision: 0.9980, Recall: 0.9962, F1-Score: 0.9969
Fold 2, Epoch 528, Train Loss: 0.0652, Val Loss: 0.0367, Val Acc: 0.9960
Precision: 0.9978, Recall: 0.9950, F1-Score: 0.9961
Fold 2, Epoch 529, Train Loss: 0.0734, Val Loss: 0.0386, Val Acc: 0.9947
Precision: 0.9979, Recall: 0.9959, F1-Score: 0.9966
Fold 2, Epoch 530, Train Loss: 0.0672, Val Loss: 0.0351, Val Acc: 0.9956
Precision: 0.9980, Recall: 0.9963, F1-Score: 0.9969
Fold 2, Epoch 531, Train Loss: 0.0690, Val Loss: 0.0344, Val Acc: 0.9962
Precision: 0.9981, Recall: 0.9966, F1-Score: 0.9971
Fold 2, Epoch 532, Train Loss: 0.0743, Val Loss: 0.0360, Val Acc: 0.9964
Precision: 0.9979, Recall: 0.9961, F1-Score: 0.9968
Fold 2, Epoch 533, Train Loss: 0.0801, Val Loss: 0.0458, Val Acc: 0.9959
Precision: 0.9980, Recall: 0.9962, F1-Score: 0.9969
Fold 2, Epoch 534, Train Loss: 0.0737, Val Loss: 0.0448, Val Acc: 0.9961
Precision: 0.9981, Recall: 0.9963, F1-Score: 0.9969
Fold 2, Epoch 535, Train Loss: 0.0638, Val Loss: 0.0359, Val Acc: 0.9960
Precision: 0.9982, Recall: 0.9966, F1-Score: 0.9972
Fold 2, Epoch 536, Train Loss: 0.0681, Val Loss: 0.0335, Val Acc: 0.9964
Precision: 0.9981, Recall: 0.9962, F1-Score: 0.9969
Fold 2, Epoch 537, Train Loss: 0.0620, Val Loss: 0.0333, Val Acc: 0.9960
Precision: 0.9978, Recall: 0.9952, F1-Score: 0.9962
Fold 2, Epoch 538, Train Loss: 0.0790, Val Loss: 0.0418, Val Acc: 0.9948
Precision: 0.9978, Recall: 0.9949, F1-Score: 0.9960
Fold 2, Epoch 539, Train Loss: 0.0730, Val Loss: 0.0381, Val Acc: 0.9946
Precision: 0.9980, Recall: 0.9960, F1-Score: 0.9967
Fold 2, Epoch 540, Train Loss: 0.0711, Val Loss: 0.0378, Val Acc: 0.9958
Precision: 0.9981, Recall: 0.9963, F1-Score: 0.9970
Fold 2, Epoch 541, Train Loss: 0.0765, Val Loss: 0.0331, Val Acc: 0.9962
Precision: 0.9980, Recall: 0.9962, F1-Score: 0.9969
Fold 2, Epoch 542, Train Loss: 0.0776, Val Loss: 0.0404, Val Acc: 0.9960
Precision: 0.9981, Recall: 0.9964, F1-Score: 0.9970
Fold 2, Epoch 543, Train Loss: 0.0816, Val Loss: 0.0388, Val Acc: 0.9961
Precision: 0.9981, Recall: 0.9961, F1-Score: 0.9968
Fold 2, Epoch 544, Train Loss: 0.0668, Val Loss: 0.0392, Val Acc: 0.9957
Precision: 0.9982, Recall: 0.9962, F1-Score: 0.9969
Fold 2, Epoch 545, Train Loss: 0.0661, Val Loss: 0.0362, Val Acc: 0.9959
Precision: 0.9981, Recall: 0.9964, F1-Score: 0.9970
Fold 2, Epoch 546, Train Loss: 0.0681, Val Loss: 0.0356, Val Acc: 0.9962
Precision: 0.9981, Recall: 0.9965, F1-Score: 0.9971
Fold 2, Epoch 547, Train Loss: 0.0652, Val Loss: 0.0384, Val Acc: 0.9964
Precision: 0.9981, Recall: 0.9964, F1-Score: 0.9970
Fold 2, Epoch 548, Train Loss: 0.0713, Val Loss: 0.0392, Val Acc: 0.9961
Precision: 0.9981, Recall: 0.9964, F1-Score: 0.9970
Fold 2, Epoch 549, Train Loss: 0.0708, Val Loss: 0.0373, Val Acc: 0.9962
Precision: 0.9982, Recall: 0.9964, F1-Score: 0.9970
Fold 2, Epoch 550, Train Loss: 0.0739, Val Loss: 0.0379, Val Acc: 0.9962
Precision: 0.9981, Recall: 0.9965, F1-Score: 0.9971
Fold 2, Epoch 551, Train Loss: 0.0636, Val Loss: 0.0365, Val Acc: 0.9962
Precision: 0.9981, Recall: 0.9964, F1-Score: 0.9971
Fold 2, Epoch 552, Train Loss: 0.0668, Val Loss: 0.0341, Val Acc: 0.9962
Precision: 0.9981, Recall: 0.9961, F1-Score: 0.9968
Fold 2, Epoch 553, Train Loss: 0.0694, Val Loss: 0.0345, Val Acc: 0.9958
Precision: 0.9980, Recall: 0.9959, F1-Score: 0.9967
Fold 2, Epoch 554, Train Loss: 0.0661, Val Loss: 0.0362, Val Acc: 0.9956
Precision: 0.9980, Recall: 0.9962, F1-Score: 0.9969
Fold 2, Epoch 555, Train Loss: 0.0618, Val Loss: 0.0368, Val Acc: 0.9959
Precision: 0.9980, Recall: 0.9963, F1-Score: 0.9969
Fold 2, Epoch 556, Train Loss: 0.0705, Val Loss: 0.0358, Val Acc: 0.9961
Precision: 0.9980, Recall: 0.9962, F1-Score: 0.9969
Fold 2, Epoch 557, Train Loss: 0.0645, Val Loss: 0.0360, Val Acc: 0.9960
Precision: 0.9981, Recall: 0.9964, F1-Score: 0.9971
Fold 2, Epoch 558, Train Loss: 0.0647, Val Loss: 0.0355, Val Acc: 0.9962
Precision: 0.9982, Recall: 0.9963, F1-Score: 0.9970
Fold 2, Epoch 559, Train Loss: 0.0597, Val Loss: 0.0331, Val Acc: 0.9961
Precision: 0.9982, Recall: 0.9964, F1-Score: 0.9971
Fold 2, Epoch 560, Train Loss: 0.0634, Val Loss: 0.0348, Val Acc: 0.9962
Precision: 0.9981, Recall: 0.9963, F1-Score: 0.9969
Fold 2, Epoch 561, Train Loss: 0.0610, Val Loss: 0.0325, Val Acc: 0.9961
Precision: 0.9981, Recall: 0.9964, F1-Score: 0.9970
Fold 2, Epoch 562, Train Loss: 0.0598, Val Loss: 0.0310, Val Acc: 0.9962
Precision: 0.9981, Recall: 0.9965, F1-Score: 0.9971
Fold 2, Epoch 563, Train Loss: 0.0608, Val Loss: 0.0348, Val Acc: 0.9962
Precision: 0.9982, Recall: 0.9965, F1-Score: 0.9971
Fold 2, Epoch 564, Train Loss: 0.0574, Val Loss: 0.0325, Val Acc: 0.9963
Precision: 0.9980, Recall: 0.9961, F1-Score: 0.9968
Fold 2, Epoch 565, Train Loss: 0.0578, Val Loss: 0.0346, Val Acc: 0.9958
Precision: 0.9981, Recall: 0.9964, F1-Score: 0.9970
Fold 2, Epoch 566, Train Loss: 0.0658, Val Loss: 0.0309, Val Acc: 0.9961
Precision: 0.9981, Recall: 0.9965, F1-Score: 0.9971
Fold 2, Epoch 567, Train Loss: 0.0565, Val Loss: 0.0331, Val Acc: 0.9962
Precision: 0.9981, Recall: 0.9965, F1-Score: 0.9971
Fold 2, Epoch 568, Train Loss: 0.0611, Val Loss: 0.0323, Val Acc: 0.9962
Precision: 0.9981, Recall: 0.9965, F1-Score: 0.9971
Fold 2, Epoch 569, Train Loss: 0.0583, Val Loss: 0.0333, Val Acc: 0.9963
Precision: 0.9981, Recall: 0.9965, F1-Score: 0.9971
Fold 2, Epoch 570, Train Loss: 0.0585, Val Loss: 0.0328, Val Acc: 0.9963
Precision: 0.9980, Recall: 0.9963, F1-Score: 0.9969
Fold 2, Epoch 571, Train Loss: 0.0600, Val Loss: 0.0308, Val Acc: 0.9961
Precision: 0.9981, Recall: 0.9965, F1-Score: 0.9971
Fold 2, Epoch 572, Train Loss: 0.0654, Val Loss: 0.0356, Val Acc: 0.9963
Precision: 0.9981, Recall: 0.9962, F1-Score: 0.9969
Fold 2, Epoch 573, Train Loss: 0.0661, Val Loss: 0.0348, Val Acc: 0.9960
Precision: 0.9981, Recall: 0.9960, F1-Score: 0.9968
Fold 2, Epoch 574, Train Loss: 0.0566, Val Loss: 0.0321, Val Acc: 0.9958
Precision: 0.9981, Recall: 0.9963, F1-Score: 0.9970
Fold 2, Epoch 575, Train Loss: 0.0575, Val Loss: 0.0297, Val Acc: 0.9961
Precision: 0.9981, Recall: 0.9964, F1-Score: 0.9970
Fold 2, Epoch 576, Train Loss: 0.0587, Val Loss: 0.0308, Val Acc: 0.9961
Precision: 0.9980, Recall: 0.9962, F1-Score: 0.9969
Fold 2, Epoch 577, Train Loss: 0.0560, Val Loss: 0.0322, Val Acc: 0.9959
Precision: 0.9981, Recall: 0.9964, F1-Score: 0.9970
Fold 2, Epoch 578, Train Loss: 0.0655, Val Loss: 0.0376, Val Acc: 0.9961
Precision: 0.9981, Recall: 0.9963, F1-Score: 0.9970
Fold 2, Epoch 579, Train Loss: 0.0618, Val Loss: 0.0332, Val Acc: 0.9961
Precision: 0.9980, Recall: 0.9956, F1-Score: 0.9965
Fold 2, Epoch 580, Train Loss: 0.0581, Val Loss: 0.0317, Val Acc: 0.9954
Precision: 0.9981, Recall: 0.9956, F1-Score: 0.9966
Fold 2, Epoch 581, Train Loss: 0.0639, Val Loss: 0.0299, Val Acc: 0.9953
Precision: 0.9981, Recall: 0.9959, F1-Score: 0.9967
Fold 2, Epoch 582, Train Loss: 0.0599, Val Loss: 0.0329, Val Acc: 0.9956
Precision: 0.9980, Recall: 0.9962, F1-Score: 0.9969
Fold 2, Epoch 583, Train Loss: 0.0536, Val Loss: 0.0325, Val Acc: 0.9959
Precision: 0.9980, Recall: 0.9963, F1-Score: 0.9969
Fold 2, Epoch 584, Train Loss: 0.0554, Val Loss: 0.0312, Val Acc: 0.9960
Precision: 0.9980, Recall: 0.9962, F1-Score: 0.9969
Fold 2, Epoch 585, Train Loss: 0.0548, Val Loss: 0.0299, Val Acc: 0.9960
Precision: 0.9981, Recall: 0.9964, F1-Score: 0.9970
Fold 2, Epoch 586, Train Loss: 0.0497, Val Loss: 0.0290, Val Acc: 0.9961
Precision: 0.9981, Recall: 0.9963, F1-Score: 0.9970
Fold 2, Epoch 587, Train Loss: 0.0521, Val Loss: 0.0287, Val Acc: 0.9961
Precision: 0.9981, Recall: 0.9962, F1-Score: 0.9969
Fold 2, Epoch 588, Train Loss: 0.0559, Val Loss: 0.0283, Val Acc: 0.9960
Precision: 0.9981, Recall: 0.9964, F1-Score: 0.9970
Fold 2, Epoch 589, Train Loss: 0.0529, Val Loss: 0.0301, Val Acc: 0.9961
Precision: 0.9980, Recall: 0.9961, F1-Score: 0.9968
Fold 2, Epoch 590, Train Loss: 0.0557, Val Loss: 0.0292, Val Acc: 0.9960
Precision: 0.9981, Recall: 0.9963, F1-Score: 0.9969
Fold 2, Epoch 591, Train Loss: 0.0593, Val Loss: 0.0303, Val Acc: 0.9960
Precision: 0.9981, Recall: 0.9961, F1-Score: 0.9968
Fold 2, Epoch 592, Train Loss: 0.0628, Val Loss: 0.0306, Val Acc: 0.9959
Precision: 0.9980, Recall: 0.9959, F1-Score: 0.9967
Fold 2, Epoch 593, Train Loss: 0.0622, Val Loss: 0.0325, Val Acc: 0.9957
Precision: 0.9979, Recall: 0.9950, F1-Score: 0.9962
Fold 2, Epoch 594, Train Loss: 0.0583, Val Loss: 0.0302, Val Acc: 0.9948
Precision: 0.9980, Recall: 0.9946, F1-Score: 0.9959
Fold 2, Epoch 595, Train Loss: 0.0561, Val Loss: 0.0308, Val Acc: 0.9943
Precision: 0.9981, Recall: 0.9945, F1-Score: 0.9960
Fold 2, Epoch 596, Train Loss: 0.0569, Val Loss: 0.0345, Val Acc: 0.9943
Precision: 0.9981, Recall: 0.9954, F1-Score: 0.9964
Fold 2, Epoch 597, Train Loss: 0.0529, Val Loss: 0.0298, Val Acc: 0.9951
Precision: 0.9981, Recall: 0.9961, F1-Score: 0.9968
Fold 2, Epoch 598, Train Loss: 0.0556, Val Loss: 0.0306, Val Acc: 0.9959
Precision: 0.9981, Recall: 0.9962, F1-Score: 0.9969
Fold 2, Epoch 599, Train Loss: 0.0540, Val Loss: 0.0300, Val Acc: 0.9960

--- Epoch 600 ---
--- Epoch 600 ---

--- Epoch 600 ---
--- Epoch 600 ---


Class Weights: [2.1207756e-05 6.1380908e-02 5.8672927e-02 5.7822593e-02 5.6193788e-02
 5.6193788e-02 5.8672927e-02 5.1150758e-02 5.7822593e-02 5.3196788e-02
 5.6193788e-02 5.3915661e-02 5.3915661e-02 5.5413321e-02 5.6193788e-02
 5.5413321e-02 5.3915661e-02 5.4654233e-02 4.9256284e-02]Class Weights: [2.1207756e-05 6.1380908e-02 5.8672927e-02 5.7822593e-02 5.6193788e-02
 5.6193788e-02 5.8672927e-02 5.1150758e-02 5.7822593e-02 5.3196788e-02
 5.6193788e-02 5.3915661e-02 5.3915661e-02 5.5413321e-02 5.6193788e-02
 5.5413321e-02 5.3915661e-02 5.4654233e-02 4.9256284e-02]Class Weights: [2.1207756e-05 6.1380908e-02 5.8672927e-02 5.7822593e-02 5.6193788e-02
 5.6193788e-02 5.8672927e-02 5.1150758e-02 5.7822593e-02 5.3196788e-02
 5.6193788e-02 5.3915661e-02 5.3915661e-02 5.5413321e-02 5.6193788e-02
 5.5413321e-02 5.3915661e-02 5.4654233e-02 4.9256284e-02]Class Weights: [2.1207756e-05 6.1380908e-02 5.8672927e-02 5.7822593e-02 5.6193788e-02
 5.6193788e-02 5.8672927e-02 5.1150758e-02 5.7822593e-02 5.3196788e-02
 5.6193788e-02 5.3915661e-02 5.3915661e-02 5.5413321e-02 5.6193788e-02
 5.5413321e-02 5.3915661e-02 5.4654233e-02 4.9256284e-02]



Learning Rate: 0.00046069798986951934Learning Rate: 0.00046069798986951934
Learning Rate: 0.00046069798986951934Learning Rate: 0.00046069798986951934


Train Loss: 0.0576, Val Loss: 0.0322Train Loss: 0.0576, Val Loss: 0.0322Train Loss: 0.0576, Val Loss: 0.0322

Train Loss: 0.0576, Val Loss: 0.0322

Per-Class Precision: [1.         0.41666667 0.95820896 0.5952381  0.69387755 0.52808989
 0.7751938  0.40983607 0.86206897 0.22222222 0.46648794 0.56589147
 0.88421053 0.86725664 0.18666667 0.8427673  0.67114094 0.96226415
 0.73529412]
Per-Class Recall: [0.99642455 1.         0.98769231 1.         0.90666667 0.94
 1.         1.         1.         1.         0.99428571 0.97333333
 0.96       0.98       0.56       0.89333333 1.         0.68
 1.        ]
Per-Class F1-Score: [0.99820907 0.58823529 0.97272727 0.74626866 0.78612717 0.67625899
 0.87336245 0.58139535 0.92592593 0.36363636 0.6350365  0.71568627
 0.92054795 0.92018779 0.28       0.86731392 0.80321285 0.796875
 0.84745763]
Support per Class: [293949    125    325    100    150     50    100     25     75     50
    175     75    175    100     50    150    100     75    125]
Weighted Precision: 0.9981, Weighted Recall: 0.9961, Weighted F1-Score: 0.9968
Precision: 0.9981, Recall: 0.9961, F1-Score: 0.9968
Fold 2, Epoch 600, Train Loss: 0.0576, Val Loss: 0.0322, Val Acc: 0.9959
Precision: 0.9981, Recall: 0.9965, F1-Score: 0.9971
Fold 2, Epoch 601, Train Loss: 0.0646, Val Loss: 0.0291, Val Acc: 0.9963
Precision: 0.9981, Recall: 0.9966, F1-Score: 0.9971
Fold 2, Epoch 602, Train Loss: 0.0577, Val Loss: 0.0274, Val Acc: 0.9964
Precision: 0.9981, Recall: 0.9964, F1-Score: 0.9970
Fold 2, Epoch 603, Train Loss: 0.0570, Val Loss: 0.0292, Val Acc: 0.9963
Precision: 0.9981, Recall: 0.9963, F1-Score: 0.9969
Fold 2, Epoch 604, Train Loss: 0.0583, Val Loss: 0.0279, Val Acc: 0.9961
Precision: 0.9981, Recall: 0.9961, F1-Score: 0.9968
Fold 2, Epoch 605, Train Loss: 0.0580, Val Loss: 0.0283, Val Acc: 0.9959
Precision: 0.9981, Recall: 0.9962, F1-Score: 0.9969
Fold 2, Epoch 606, Train Loss: 0.0568, Val Loss: 0.0320, Val Acc: 0.9959
Precision: 0.9981, Recall: 0.9963, F1-Score: 0.9970
Fold 2, Epoch 607, Train Loss: 0.0542, Val Loss: 0.0287, Val Acc: 0.9960
Precision: 0.9982, Recall: 0.9965, F1-Score: 0.9971
Fold 2, Epoch 608, Train Loss: 0.0550, Val Loss: 0.0268, Val Acc: 0.9963
Precision: 0.9982, Recall: 0.9967, F1-Score: 0.9972
Fold 2, Epoch 609, Train Loss: 0.0537, Val Loss: 0.0273, Val Acc: 0.9965
Precision: 0.9981, Recall: 0.9965, F1-Score: 0.9971
Fold 2, Epoch 610, Train Loss: 0.0533, Val Loss: 0.0284, Val Acc: 0.9963
Precision: 0.9981, Recall: 0.9966, F1-Score: 0.9971
Fold 2, Epoch 611, Train Loss: 0.0594, Val Loss: 0.0309, Val Acc: 0.9965
Precision: 0.9980, Recall: 0.9963, F1-Score: 0.9969
Fold 2, Epoch 612, Train Loss: 0.0619, Val Loss: 0.0314, Val Acc: 0.9961
Precision: 0.9981, Recall: 0.9961, F1-Score: 0.9969
Fold 2, Epoch 613, Train Loss: 0.0590, Val Loss: 0.0296, Val Acc: 0.9959
Precision: 0.9982, Recall: 0.9963, F1-Score: 0.9970
Fold 2, Epoch 614, Train Loss: 0.0671, Val Loss: 0.0289, Val Acc: 0.9961
Precision: 0.9982, Recall: 0.9966, F1-Score: 0.9972
Fold 2, Epoch 615, Train Loss: 0.0560, Val Loss: 0.0326, Val Acc: 0.9963
Precision: 0.9981, Recall: 0.9962, F1-Score: 0.9969
Fold 2, Epoch 616, Train Loss: 0.0577, Val Loss: 0.0313, Val Acc: 0.9960
Precision: 0.9980, Recall: 0.9960, F1-Score: 0.9967
Fold 2, Epoch 617, Train Loss: 0.0624, Val Loss: 0.0298, Val Acc: 0.9958
Precision: 0.9980, Recall: 0.9962, F1-Score: 0.9968
Fold 2, Epoch 618, Train Loss: 0.0550, Val Loss: 0.0325, Val Acc: 0.9960
Precision: 0.9981, Recall: 0.9961, F1-Score: 0.9968
Fold 2, Epoch 619, Train Loss: 0.0527, Val Loss: 0.0280, Val Acc: 0.9959
Precision: 0.9980, Recall: 0.9960, F1-Score: 0.9967
Fold 2, Epoch 620, Train Loss: 0.0547, Val Loss: 0.0267, Val Acc: 0.9958
Precision: 0.9980, Recall: 0.9961, F1-Score: 0.9968
Fold 2, Epoch 621, Train Loss: 0.0577, Val Loss: 0.0293, Val Acc: 0.9960
Precision: 0.9980, Recall: 0.9958, F1-Score: 0.9966
Fold 2, Epoch 622, Train Loss: 0.0517, Val Loss: 0.0323, Val Acc: 0.9955
Precision: 0.9981, Recall: 0.9960, F1-Score: 0.9968
Fold 2, Epoch 623, Train Loss: 0.0583, Val Loss: 0.0286, Val Acc: 0.9957
Precision: 0.9981, Recall: 0.9962, F1-Score: 0.9969
Fold 2, Epoch 624, Train Loss: 0.0626, Val Loss: 0.0300, Val Acc: 0.9960
Precision: 0.9981, Recall: 0.9961, F1-Score: 0.9969
Fold 2, Epoch 625, Train Loss: 0.0617, Val Loss: 0.0326, Val Acc: 0.9959
Precision: 0.9982, Recall: 0.9966, F1-Score: 0.9972
Fold 2, Epoch 626, Train Loss: 0.0648, Val Loss: 0.0340, Val Acc: 0.9964
Precision: 0.9982, Recall: 0.9966, F1-Score: 0.9972
Fold 2, Epoch 627, Train Loss: 0.0641, Val Loss: 0.0372, Val Acc: 0.9964
Precision: 0.9983, Recall: 0.9968, F1-Score: 0.9973
Fold 2, Epoch 628, Train Loss: 0.0598, Val Loss: 0.0307, Val Acc: 0.9965
Precision: 0.9982, Recall: 0.9964, F1-Score: 0.9971
Fold 2, Epoch 629, Train Loss: 0.0540, Val Loss: 0.0294, Val Acc: 0.9962
Precision: 0.9982, Recall: 0.9964, F1-Score: 0.9970
Fold 2, Epoch 630, Train Loss: 0.0534, Val Loss: 0.0301, Val Acc: 0.9961
Precision: 0.9982, Recall: 0.9965, F1-Score: 0.9971
Fold 2, Epoch 631, Train Loss: 0.0475, Val Loss: 0.0297, Val Acc: 0.9962
Precision: 0.9982, Recall: 0.9965, F1-Score: 0.9971
Fold 2, Epoch 632, Train Loss: 0.0575, Val Loss: 0.0266, Val Acc: 0.9963
Precision: 0.9982, Recall: 0.9965, F1-Score: 0.9971
Fold 2, Epoch 633, Train Loss: 0.0518, Val Loss: 0.0300, Val Acc: 0.9963
Precision: 0.9981, Recall: 0.9964, F1-Score: 0.9970
Fold 2, Epoch 634, Train Loss: 0.0544, Val Loss: 0.0284, Val Acc: 0.9962
Precision: 0.9981, Recall: 0.9963, F1-Score: 0.9969
Fold 2, Epoch 635, Train Loss: 0.0476, Val Loss: 0.0285, Val Acc: 0.9960
Precision: 0.9982, Recall: 0.9962, F1-Score: 0.9969
Fold 2, Epoch 636, Train Loss: 0.0579, Val Loss: 0.0282, Val Acc: 0.9960
Precision: 0.9982, Recall: 0.9965, F1-Score: 0.9971
Fold 2, Epoch 637, Train Loss: 0.0535, Val Loss: 0.0301, Val Acc: 0.9963
Precision: 0.9982, Recall: 0.9967, F1-Score: 0.9973
Fold 2, Epoch 638, Train Loss: 0.0502, Val Loss: 0.0273, Val Acc: 0.9966
Precision: 0.9982, Recall: 0.9967, F1-Score: 0.9972
Fold 2, Epoch 639, Train Loss: 0.0575, Val Loss: 0.0265, Val Acc: 0.9965
Precision: 0.9982, Recall: 0.9965, F1-Score: 0.9971
Fold 2, Epoch 640, Train Loss: 0.0532, Val Loss: 0.0295, Val Acc: 0.9963
Precision: 0.9982, Recall: 0.9966, F1-Score: 0.9971
Fold 2, Epoch 641, Train Loss: 0.0528, Val Loss: 0.0341, Val Acc: 0.9963
Precision: 0.9981, Recall: 0.9965, F1-Score: 0.9971
Fold 2, Epoch 642, Train Loss: 0.0482, Val Loss: 0.0301, Val Acc: 0.9963
Precision: 0.9981, Recall: 0.9965, F1-Score: 0.9971
Fold 2, Epoch 643, Train Loss: 0.0558, Val Loss: 0.0277, Val Acc: 0.9963
Precision: 0.9982, Recall: 0.9967, F1-Score: 0.9972
Fold 2, Epoch 644, Train Loss: 0.0475, Val Loss: 0.0282, Val Acc: 0.9964
Precision: 0.9982, Recall: 0.9965, F1-Score: 0.9971
Fold 2, Epoch 645, Train Loss: 0.0503, Val Loss: 0.0277, Val Acc: 0.9962
Precision: 0.9982, Recall: 0.9964, F1-Score: 0.9970
Fold 2, Epoch 646, Train Loss: 0.0467, Val Loss: 0.0260, Val Acc: 0.9961
Precision: 0.9982, Recall: 0.9964, F1-Score: 0.9970
Fold 2, Epoch 647, Train Loss: 0.0552, Val Loss: 0.0266, Val Acc: 0.9961
Precision: 0.9981, Recall: 0.9963, F1-Score: 0.9970
Fold 2, Epoch 648, Train Loss: 0.0508, Val Loss: 0.0270, Val Acc: 0.9961
Precision: 0.9982, Recall: 0.9966, F1-Score: 0.9972
Fold 2, Epoch 649, Train Loss: 0.0598, Val Loss: 0.0282, Val Acc: 0.9963
Precision: 0.9981, Recall: 0.9963, F1-Score: 0.9970
Fold 2, Epoch 650, Train Loss: 0.0519, Val Loss: 0.0303, Val Acc: 0.9961
Precision: 0.9981, Recall: 0.9961, F1-Score: 0.9969
Fold 2, Epoch 651, Train Loss: 0.0545, Val Loss: 0.0294, Val Acc: 0.9959
Precision: 0.9981, Recall: 0.9956, F1-Score: 0.9965
Fold 2, Epoch 652, Train Loss: 0.0500, Val Loss: 0.0285, Val Acc: 0.9955
Precision: 0.9981, Recall: 0.9963, F1-Score: 0.9970
Fold 2, Epoch 653, Train Loss: 0.0497, Val Loss: 0.0262, Val Acc: 0.9961
Precision: 0.9981, Recall: 0.9965, F1-Score: 0.9971
Fold 2, Epoch 654, Train Loss: 0.0576, Val Loss: 0.0286, Val Acc: 0.9964
Precision: 0.9982, Recall: 0.9967, F1-Score: 0.9972
Fold 2, Epoch 655, Train Loss: 0.0545, Val Loss: 0.0304, Val Acc: 0.9965
Precision: 0.9982, Recall: 0.9966, F1-Score: 0.9972
Fold 2, Epoch 656, Train Loss: 0.0515, Val Loss: 0.0284, Val Acc: 0.9964
Precision: 0.9982, Recall: 0.9964, F1-Score: 0.9971
Fold 2, Epoch 657, Train Loss: 0.0559, Val Loss: 0.0289, Val Acc: 0.9963
Precision: 0.9982, Recall: 0.9964, F1-Score: 0.9971
Fold 2, Epoch 658, Train Loss: 0.0549, Val Loss: 0.0280, Val Acc: 0.9962
Precision: 0.9982, Recall: 0.9963, F1-Score: 0.9970
Fold 2, Epoch 659, Train Loss: 0.0554, Val Loss: 0.0292, Val Acc: 0.9960
Precision: 0.9983, Recall: 0.9965, F1-Score: 0.9972
Fold 2, Epoch 660, Train Loss: 0.0499, Val Loss: 0.0299, Val Acc: 0.9963
Precision: 0.9982, Recall: 0.9967, F1-Score: 0.9973
Fold 2, Epoch 661, Train Loss: 0.0500, Val Loss: 0.0264, Val Acc: 0.9966
Precision: 0.9982, Recall: 0.9967, F1-Score: 0.9972
Fold 2, Epoch 662, Train Loss: 0.0486, Val Loss: 0.0254, Val Acc: 0.9965
Precision: 0.9982, Recall: 0.9968, F1-Score: 0.9973
Fold 2, Epoch 663, Train Loss: 0.0553, Val Loss: 0.0268, Val Acc: 0.9966
Precision: 0.9982, Recall: 0.9966, F1-Score: 0.9972
Fold 2, Epoch 664, Train Loss: 0.0526, Val Loss: 0.0271, Val Acc: 0.9965
Precision: 0.9982, Recall: 0.9964, F1-Score: 0.9971
Fold 2, Epoch 665, Train Loss: 0.0530, Val Loss: 0.0278, Val Acc: 0.9962
Precision: 0.9982, Recall: 0.9966, F1-Score: 0.9972
Fold 2, Epoch 666, Train Loss: 0.0560, Val Loss: 0.0266, Val Acc: 0.9964
Precision: 0.9983, Recall: 0.9968, F1-Score: 0.9973
Fold 2, Epoch 667, Train Loss: 0.0518, Val Loss: 0.0275, Val Acc: 0.9967
Precision: 0.9983, Recall: 0.9968, F1-Score: 0.9973
Fold 2, Epoch 668, Train Loss: 0.0540, Val Loss: 0.0244, Val Acc: 0.9966
Precision: 0.9982, Recall: 0.9964, F1-Score: 0.9971
Fold 2, Epoch 669, Train Loss: 0.0519, Val Loss: 0.0282, Val Acc: 0.9963
Precision: 0.9982, Recall: 0.9965, F1-Score: 0.9971
Fold 2, Epoch 670, Train Loss: 0.0553, Val Loss: 0.0280, Val Acc: 0.9963
Precision: 0.9981, Recall: 0.9964, F1-Score: 0.9970
Fold 2, Epoch 671, Train Loss: 0.0512, Val Loss: 0.0272, Val Acc: 0.9962
Precision: 0.9982, Recall: 0.9965, F1-Score: 0.9971
Fold 2, Epoch 672, Train Loss: 0.0490, Val Loss: 0.0260, Val Acc: 0.9964
Precision: 0.9982, Recall: 0.9965, F1-Score: 0.9971
Fold 2, Epoch 673, Train Loss: 0.0497, Val Loss: 0.0264, Val Acc: 0.9963
Precision: 0.9981, Recall: 0.9964, F1-Score: 0.9971
Fold 2, Epoch 674, Train Loss: 0.0513, Val Loss: 0.0270, Val Acc: 0.9962
Precision: 0.9982, Recall: 0.9964, F1-Score: 0.9971
Fold 2, Epoch 675, Train Loss: 0.0472, Val Loss: 0.0283, Val Acc: 0.9962
Precision: 0.9982, Recall: 0.9963, F1-Score: 0.9970
Fold 2, Epoch 676, Train Loss: 0.0514, Val Loss: 0.0272, Val Acc: 0.9961
Precision: 0.9982, Recall: 0.9965, F1-Score: 0.9971
Fold 2, Epoch 677, Train Loss: 0.0471, Val Loss: 0.0258, Val Acc: 0.9962
Precision: 0.9982, Recall: 0.9965, F1-Score: 0.9971
Fold 2, Epoch 678, Train Loss: 0.0499, Val Loss: 0.0278, Val Acc: 0.9963
Precision: 0.9981, Recall: 0.9964, F1-Score: 0.9971
Fold 2, Epoch 679, Train Loss: 0.0503, Val Loss: 0.0270, Val Acc: 0.9963
Precision: 0.9981, Recall: 0.9966, F1-Score: 0.9972
Fold 2, Epoch 680, Train Loss: 0.0492, Val Loss: 0.0269, Val Acc: 0.9964
Precision: 0.9982, Recall: 0.9967, F1-Score: 0.9973
Fold 2, Epoch 681, Train Loss: 0.0537, Val Loss: 0.0268, Val Acc: 0.9965
Precision: 0.9982, Recall: 0.9967, F1-Score: 0.9973
Fold 2, Epoch 682, Train Loss: 0.0522, Val Loss: 0.0282, Val Acc: 0.9965
Precision: 0.9982, Recall: 0.9967, F1-Score: 0.9972
Fold 2, Epoch 683, Train Loss: 0.0465, Val Loss: 0.0299, Val Acc: 0.9965
Precision: 0.9982, Recall: 0.9966, F1-Score: 0.9972
Fold 2, Epoch 684, Train Loss: 0.0455, Val Loss: 0.0280, Val Acc: 0.9964
Precision: 0.9981, Recall: 0.9964, F1-Score: 0.9971
Fold 2, Epoch 685, Train Loss: 0.0488, Val Loss: 0.0265, Val Acc: 0.9963
Precision: 0.9982, Recall: 0.9965, F1-Score: 0.9971
Fold 2, Epoch 686, Train Loss: 0.0485, Val Loss: 0.0267, Val Acc: 0.9963
Precision: 0.9982, Recall: 0.9966, F1-Score: 0.9972
Fold 2, Epoch 687, Train Loss: 0.0443, Val Loss: 0.0250, Val Acc: 0.9964
Precision: 0.9982, Recall: 0.9967, F1-Score: 0.9973
Fold 2, Epoch 688, Train Loss: 0.0458, Val Loss: 0.0241, Val Acc: 0.9965
Precision: 0.9982, Recall: 0.9966, F1-Score: 0.9972
Fold 2, Epoch 689, Train Loss: 0.0547, Val Loss: 0.0258, Val Acc: 0.9964
Precision: 0.9982, Recall: 0.9965, F1-Score: 0.9971
Fold 2, Epoch 690, Train Loss: 0.0567, Val Loss: 0.0264, Val Acc: 0.9964
Precision: 0.9982, Recall: 0.9966, F1-Score: 0.9972
Fold 2, Epoch 691, Train Loss: 0.0580, Val Loss: 0.0268, Val Acc: 0.9964
Precision: 0.9982, Recall: 0.9965, F1-Score: 0.9971
Fold 2, Epoch 692, Train Loss: 0.0499, Val Loss: 0.0319, Val Acc: 0.9963
Precision: 0.9982, Recall: 0.9965, F1-Score: 0.9971
Fold 2, Epoch 693, Train Loss: 0.0489, Val Loss: 0.0297, Val Acc: 0.9963
Precision: 0.9982, Recall: 0.9967, F1-Score: 0.9972
Fold 2, Epoch 694, Train Loss: 0.0481, Val Loss: 0.0269, Val Acc: 0.9965
Precision: 0.9982, Recall: 0.9966, F1-Score: 0.9972
Fold 2, Epoch 695, Train Loss: 0.0581, Val Loss: 0.0256, Val Acc: 0.9965
Precision: 0.9982, Recall: 0.9966, F1-Score: 0.9972
Fold 2, Epoch 696, Train Loss: 0.0557, Val Loss: 0.0261, Val Acc: 0.9964
Precision: 0.9982, Recall: 0.9965, F1-Score: 0.9971
Fold 2, Epoch 697, Train Loss: 0.0581, Val Loss: 0.0285, Val Acc: 0.9962
Precision: 0.9982, Recall: 0.9964, F1-Score: 0.9970
Fold 2, Epoch 698, Train Loss: 0.0553, Val Loss: 0.0299, Val Acc: 0.9961
Precision: 0.9981, Recall: 0.9962, F1-Score: 0.9969
Fold 2, Epoch 699, Train Loss: 0.0601, Val Loss: 0.0309, Val Acc: 0.9960

--- Epoch 700 ---
--- Epoch 700 ---
--- Epoch 700 ---



--- Epoch 700 ---
Class Weights: [2.1207756e-05 6.1380908e-02 5.8672927e-02 5.7822593e-02 5.6193788e-02
 5.6193788e-02 5.8672927e-02 5.1150758e-02 5.7822593e-02 5.3196788e-02
 5.6193788e-02 5.3915661e-02 5.3915661e-02 5.5413321e-02 5.6193788e-02
 5.5413321e-02 5.3915661e-02 5.4654233e-02 4.9256284e-02]Class Weights: [2.1207756e-05 6.1380908e-02 5.8672927e-02 5.7822593e-02 5.6193788e-02
 5.6193788e-02 5.8672927e-02 5.1150758e-02 5.7822593e-02 5.3196788e-02
 5.6193788e-02 5.3915661e-02 5.3915661e-02 5.5413321e-02 5.6193788e-02
 5.5413321e-02 5.3915661e-02 5.4654233e-02 4.9256284e-02]Class Weights: [2.1207756e-05 6.1380908e-02 5.8672927e-02 5.7822593e-02 5.6193788e-02
 5.6193788e-02 5.8672927e-02 5.1150758e-02 5.7822593e-02 5.3196788e-02
 5.6193788e-02 5.3915661e-02 5.3915661e-02 5.5413321e-02 5.6193788e-02
 5.5413321e-02 5.3915661e-02 5.4654233e-02 4.9256284e-02]
Class Weights: [2.1207756e-05 6.1380908e-02 5.8672927e-02 5.7822593e-02 5.6193788e-02
 5.6193788e-02 5.8672927e-02 5.1150758e-02 5.7822593e-02 5.3196788e-02
 5.6193788e-02 5.3915661e-02 5.3915661e-02 5.5413321e-02 5.6193788e-02
 5.5413321e-02 5.3915661e-02 5.4654233e-02 4.9256284e-02]
Learning Rate: 0.00027583690436774953

Learning Rate: 0.00027583690436774953

Learning Rate: 0.00027583690436774953Learning Rate: 0.00027583690436774953

Train Loss: 0.0474, Val Loss: 0.0302Train Loss: 0.0474, Val Loss: 0.0302

Train Loss: 0.0474, Val Loss: 0.0302Train Loss: 0.0474, Val Loss: 0.0302

Per-Class Precision: [1.         0.39184953 0.99079755 0.57803468 0.85185185 0.55294118
 0.7734375  0.30263158 0.85227273 0.19762846 0.55769231 0.52898551
 0.80102041 0.78225806 0.16       0.83333333 0.70921986 0.98148148
 0.71264368]
Per-Class Recall: [0.99647558 1.         0.99384615 1.         0.92       0.94
 0.99       0.92       1.         1.         0.99428571 0.97333333
 0.89714286 0.97       0.48       0.9        1.         0.70666667
 0.992     ]
Per-Class F1-Score: [0.99823468 0.56306306 0.99231951 0.73260073 0.88461538 0.6962963
 0.86842105 0.45544554 0.9202454  0.330033   0.71457906 0.68544601
 0.84636119 0.86607143 0.24       0.86538462 0.82987552 0.82170543
 0.82943144]
Support per Class: [293949    125    325    100    150     50    100     25     75     50
    175     75    175    100     50    150    100     75    125]
Weighted Precision: 0.9981, Weighted Recall: 0.9961, Weighted F1-Score: 0.9969
Precision: 0.9981, Recall: 0.9961, F1-Score: 0.9969
Fold 2, Epoch 700, Train Loss: 0.0474, Val Loss: 0.0302, Val Acc: 0.9960
Precision: 0.9982, Recall: 0.9965, F1-Score: 0.9971
Fold 2, Epoch 701, Train Loss: 0.0503, Val Loss: 0.0286, Val Acc: 0.9963
Precision: 0.9982, Recall: 0.9966, F1-Score: 0.9972
Fold 2, Epoch 702, Train Loss: 0.0471, Val Loss: 0.0274, Val Acc: 0.9965
Precision: 0.9982, Recall: 0.9968, F1-Score: 0.9973
Fold 2, Epoch 703, Train Loss: 0.0530, Val Loss: 0.0275, Val Acc: 0.9966
Precision: 0.9983, Recall: 0.9967, F1-Score: 0.9973
Fold 2, Epoch 704, Train Loss: 0.0553, Val Loss: 0.0278, Val Acc: 0.9965
Precision: 0.9980, Recall: 0.9962, F1-Score: 0.9969
Fold 2, Epoch 705, Train Loss: 0.0574, Val Loss: 0.0297, Val Acc: 0.9961
Precision: 0.9981, Recall: 0.9963, F1-Score: 0.9970
Fold 2, Epoch 706, Train Loss: 0.0522, Val Loss: 0.0295, Val Acc: 0.9962
Precision: 0.9981, Recall: 0.9965, F1-Score: 0.9971
Fold 2, Epoch 707, Train Loss: 0.0490, Val Loss: 0.0266, Val Acc: 0.9964
Precision: 0.9982, Recall: 0.9966, F1-Score: 0.9972
Fold 2, Epoch 708, Train Loss: 0.0529, Val Loss: 0.0262, Val Acc: 0.9965
[2024-11-18 23:20:43,821] torch.distributed.elastic.agent.server.api: [WARNING] Received 1 death signal, shutting down workers
[2024-11-18 23:20:43,822] torch.distributed.elastic.multiprocessing.api: [WARNING] Sending process 1006444 closing signal SIGHUP
[2024-11-18 23:20:43,822] torch.distributed.elastic.multiprocessing.api: [WARNING] Sending process 1006445 closing signal SIGHUP
[2024-11-18 23:20:43,822] torch.distributed.elastic.multiprocessing.api: [WARNING] Sending process 1006446 closing signal SIGHUP
[2024-11-18 23:20:43,822] torch.distributed.elastic.multiprocessing.api: [WARNING] Sending process 1006447 closing signal SIGHUP
Traceback (most recent call last):
  File "/home/nishioka/miniconda3/envs/interstage_gnn_first/bin/torchrun", line 33, in <module>
    sys.exit(load_entry_point('torch==2.2.2', 'console_scripts', 'torchrun')())
             ^^^^^^^^^^^^^^^^^^^^^^^^^^^^^^^^^^^^^^^^^^^^^^^^^^^^^^^^^^^^^^^^^
  File "/home/nishioka/miniconda3/envs/interstage_gnn_first/lib/python3.12/site-packages/torch/distributed/elastic/multiprocessing/errors/__init__.py", line 347, in wrapper
    return f(*args, **kwargs)
           ^^^^^^^^^^^^^^^^^^
  File "/home/nishioka/miniconda3/envs/interstage_gnn_first/lib/python3.12/site-packages/torch/distributed/run.py", line 812, in main
    run(args)
  File "/home/nishioka/miniconda3/envs/interstage_gnn_first/lib/python3.12/site-packages/torch/distributed/run.py", line 803, in run
    elastic_launch(
  File "/home/nishioka/miniconda3/envs/interstage_gnn_first/lib/python3.12/site-packages/torch/distributed/launcher/api.py", line 135, in __call__
    return launch_agent(self._config, self._entrypoint, list(args))
           ^^^^^^^^^^^^^^^^^^^^^^^^^^^^^^^^^^^^^^^^^^^^^^^^^^^^^^^^
  File "/home/nishioka/miniconda3/envs/interstage_gnn_first/lib/python3.12/site-packages/torch/distributed/launcher/api.py", line 259, in launch_agent
    result = agent.run()
             ^^^^^^^^^^^
  File "/home/nishioka/miniconda3/envs/interstage_gnn_first/lib/python3.12/site-packages/torch/distributed/elastic/metrics/api.py", line 123, in wrapper
    result = f(*args, **kwargs)
             ^^^^^^^^^^^^^^^^^^
  File "/home/nishioka/miniconda3/envs/interstage_gnn_first/lib/python3.12/site-packages/torch/distributed/elastic/agent/server/api.py", line 727, in run
    result = self._invoke_run(role)
             ^^^^^^^^^^^^^^^^^^^^^^
  File "/home/nishioka/miniconda3/envs/interstage_gnn_first/lib/python3.12/site-packages/torch/distributed/elastic/agent/server/api.py", line 868, in _invoke_run
    time.sleep(monitor_interval)
  File "/home/nishioka/miniconda3/envs/interstage_gnn_first/lib/python3.12/site-packages/torch/distributed/elastic/multiprocessing/api.py", line 62, in _terminate_process_handler
    raise SignalException(f"Process {os.getpid()} got signal: {sigval}", sigval=sigval)
torch.distributed.elastic.multiprocessing.api.SignalException: Process 1006440 got signal: 1
