nohup: ignoring input
Using device: NVIDIA GeForce RTX 3090
Rank: 0, World Size: 4, Master Addr: 127.0.0.1, Master Port: 12355
Rank 0 using device: cuda:0
Using device: NVIDIA GeForce RTX 3090
Using device: NVIDIA GeForce RTX 3090
Using device: NVIDIA GeForce RTX 3090
Rank 2 using device: cuda:2
Rank 3 using device: cuda:3
Rank 1 using device: cuda:1
Starting Fold 1
Class weights: Class weights: [2.11825747e-05 5.61270683e-02 5.61270683e-02 5.94779380e-02
 5.69288835e-02 5.38516466e-02 5.38516466e-02 4.98127731e-02
 5.94779380e-02 5.61270683e-02 6.13080284e-02 5.17535305e-02
 5.38516466e-02 6.03791189e-02 5.69288835e-02 4.91978006e-02
 5.45893404e-02 5.24344980e-02 5.77539398e-02]
[2.11825747e-05 5.61270683e-02 5.61270683e-02 5.94779380e-02
 5.69288835e-02 5.38516466e-02 5.38516466e-02 4.98127731e-02
 5.94779380e-02 5.61270683e-02 6.13080284e-02 5.17535305e-02
 5.38516466e-02 6.03791189e-02 5.69288835e-02 4.91978006e-02
 5.45893404e-02 5.24344980e-02 5.77539398e-02]
Class weights: [2.11825747e-05 5.61270683e-02 5.61270683e-02 5.94779380e-02
 5.69288835e-02 5.38516466e-02 5.38516466e-02 4.98127731e-02
 5.94779380e-02 5.61270683e-02 6.13080284e-02 5.17535305e-02
 5.38516466e-02 6.03791189e-02 5.69288835e-02 4.91978006e-02
 5.45893404e-02 5.24344980e-02 5.77539398e-02]
Class weights: [2.11825747e-05 5.61270683e-02 5.61270683e-02 5.94779380e-02
 5.69288835e-02 5.38516466e-02 5.38516466e-02 4.98127731e-02
 5.94779380e-02 5.61270683e-02 6.13080284e-02 5.17535305e-02
 5.38516466e-02 6.03791189e-02 5.69288835e-02 4.91978006e-02
 5.45893404e-02 5.24344980e-02 5.77539398e-02]
Class weights: [1.96882259e-05 4.87354469e-02 4.87354469e-02 4.02597170e-02
 4.62986745e-02 5.78733431e-02 5.78733431e-02 9.25973490e-02
 4.02597170e-02 4.87354469e-02 3.70389396e-02 7.12287300e-02
 5.78733431e-02 3.85822288e-02 4.62986745e-02 1.02885943e-01
 5.44690288e-02 6.61409636e-02 4.40939757e-02]
Class weights: Class weights: [1.96882259e-05 4.87354469e-02 4.87354469e-02 4.02597170e-02
 4.62986745e-02 5.78733431e-02 5.78733431e-02 9.25973490e-02
 4.02597170e-02 4.87354469e-02 3.70389396e-02 7.12287300e-02
 5.78733431e-02 3.85822288e-02 4.62986745e-02 1.02885943e-01
 5.44690288e-02 6.61409636e-02 4.40939757e-02]
[1.96882259e-05 4.87354469e-02 4.87354469e-02 4.02597170e-02
 4.62986745e-02 5.78733431e-02 5.78733431e-02 9.25973490e-02
 4.02597170e-02 4.87354469e-02 3.70389396e-02 7.12287300e-02
 5.78733431e-02 3.85822288e-02 4.62986745e-02 1.02885943e-01
 5.44690288e-02 6.61409636e-02 4.40939757e-02]
Class weights: [1.96882259e-05 4.87354469e-02 4.87354469e-02 4.02597170e-02
 4.62986745e-02 5.78733431e-02 5.78733431e-02 9.25973490e-02
 4.02597170e-02 4.87354469e-02 3.70389396e-02 7.12287300e-02
 5.78733431e-02 3.85822288e-02 4.62986745e-02 1.02885943e-01
 5.44690288e-02 6.61409636e-02 4.40939757e-02]
Layer conv1.att_src grad: 3.496335998498523e-10Layer conv1.att_src grad: 3.496335998498523e-10Layer conv1.att_src grad: 3.496335998498523e-10

Layer conv1.att_src grad: 3.496335998498523e-10

Layer conv1.att_dst grad: 1.8647122040915676e-11Layer conv1.att_dst grad: 1.8647122040915676e-11
Layer conv1.att_dst grad: 1.8647122040915676e-11
Layer conv1.att_dst grad: 1.8647122040915676e-11

Layer conv1.bias grad: 3.2428883400825725e-07
Layer conv1.bias grad: 3.2428883400825725e-07
Layer conv1.bias grad: 3.2428883400825725e-07Layer conv1.bias grad: 3.2428883400825725e-07

Layer conv1.lin.weight grad: 1.8672989199330914e-07
Layer conv1.lin.weight grad: 1.8672989199330914e-07
Layer conv1.lin.weight grad: 1.8672989199330914e-07Layer conv1.lin.weight grad: 1.8672989199330914e-07

Layer conv2.att_src grad: 5.714088091579583e-10
Layer conv2.att_src grad: 5.714088091579583e-10
Layer conv2.att_src grad: 5.714088091579583e-10Layer conv2.att_src grad: 5.714088091579583e-10Layer conv2.att_dst grad: 4.572499601174229e-10


Layer conv2.att_dst grad: 4.572499601174229e-10
Layer conv2.bias grad: 3.7671389918614295e-07
Layer conv2.att_dst grad: 4.572499601174229e-10Layer conv2.att_dst grad: 4.572499601174229e-10

Layer conv2.bias grad: 3.7671389918614295e-07
Layer conv2.lin.weight grad: 1.8950073510382026e-08Layer conv2.bias grad: 3.7671389918614295e-07Layer conv2.bias grad: 3.7671389918614295e-07


Layer conv2.lin.weight grad: 1.8950073510382026e-08
Layer conv3.att_src grad: 6.441254751798908e-10
Layer conv2.lin.weight grad: 1.8950073510382026e-08Layer conv2.lin.weight grad: 1.8950073510382026e-08

Layer conv3.att_src grad: 6.441254751798908e-10
Layer conv3.att_dst grad: 2.6789073737099045e-10
Layer conv3.att_src grad: 6.441254751798908e-10Layer conv3.att_src grad: 6.441254751798908e-10
Layer conv3.bias grad: 7.392170005005028e-07Layer conv3.att_dst grad: 2.6789073737099045e-10


Layer conv3.att_dst grad: 2.6789073737099045e-10
Layer conv3.att_dst grad: 2.6789073737099045e-10Layer conv3.bias grad: 7.392170005005028e-07
Layer conv3.lin.weight grad: 1.8811821433928344e-08

Layer conv3.bias grad: 7.392170005005028e-07
Layer conv3.bias grad: 7.392170005005028e-07
Layer conv4.att_src grad: 4.228777328307842e-10
Layer conv3.lin.weight grad: 1.8811821433928344e-08
Layer conv4.att_dst grad: 2.1693413732037925e-10
Layer conv3.lin.weight grad: 1.8811821433928344e-08
Layer conv3.lin.weight grad: 1.8811821433928344e-08
Layer conv4.att_src grad: 4.228777328307842e-10
Layer conv4.bias grad: 9.992731975216884e-07
Layer conv4.att_src grad: 4.228777328307842e-10
Layer conv4.att_src grad: 4.228777328307842e-10
Layer conv4.att_dst grad: 2.1693413732037925e-10
Layer conv4.lin.weight grad: 2.4571257029037952e-08
Layer conv4.att_dst grad: 2.1693413732037925e-10
Layer conv4.att_dst grad: 2.1693413732037925e-10
Layer conv4.bias grad: 9.992731975216884e-07
Layer fc.weight grad: 7.765115839220016e-08
Layer conv4.bias grad: 9.992731975216884e-07
Layer conv4.bias grad: 9.992731975216884e-07
Layer fc.bias grad: 4.538245320873102e-06Layer conv4.lin.weight grad: 2.4571257029037952e-08

Layer conv4.lin.weight grad: 2.4571257029037952e-08
Layer conv4.lin.weight grad: 2.4571257029037952e-08
Layer fc.weight grad: 7.765115839220016e-08
Layer fc.weight grad: 7.765115839220016e-08
Layer fc.weight grad: 7.765115839220016e-08
Layer fc.bias grad: 4.538245320873102e-06
Layer fc.bias grad: 4.538245320873102e-06
Layer fc.bias grad: 4.538245320873102e-06
Layer conv1.att_src grad: 3.4650596281160517e-10Layer conv1.att_src grad: 3.4650596281160517e-10Layer conv1.att_src grad: 3.4650596281160517e-10Layer conv1.att_src grad: 3.4650596281160517e-10



Layer conv1.att_dst grad: 1.8991834146997455e-11Layer conv1.att_dst grad: 1.8991834146997455e-11Layer conv1.att_dst grad: 1.8991834146997455e-11
Layer conv1.att_dst grad: 1.8991834146997455e-11


Layer conv1.bias grad: 2.5094834654737497e-07
Layer conv1.bias grad: 2.5094834654737497e-07Layer conv1.bias grad: 2.5094834654737497e-07
Layer conv1.bias grad: 2.5094834654737497e-07

Layer conv1.lin.weight grad: 1.3934268849880027e-07
Layer conv1.lin.weight grad: 1.3934268849880027e-07Layer conv1.lin.weight grad: 1.3934268849880027e-07

Layer conv1.lin.weight grad: 1.3934268849880027e-07
Layer conv2.att_src grad: 3.606156762092638e-10
Layer conv2.att_src grad: 3.606156762092638e-10Layer conv2.att_src grad: 3.606156762092638e-10

Layer conv2.att_src grad: 3.606156762092638e-10
Layer conv2.att_dst grad: 2.13286305283944e-10
Layer conv2.att_dst grad: 2.13286305283944e-10Layer conv2.att_dst grad: 2.13286305283944e-10
Layer conv2.att_dst grad: 2.13286305283944e-10

Layer conv2.bias grad: 3.383200350981497e-07
Layer conv2.bias grad: 3.383200350981497e-07
Layer conv2.bias grad: 3.383200350981497e-07Layer conv2.bias grad: 3.383200350981497e-07

Layer conv2.lin.weight grad: 1.4813325677209832e-08
Layer conv2.lin.weight grad: 1.4813325677209832e-08
Layer conv2.lin.weight grad: 1.4813325677209832e-08Layer conv2.lin.weight grad: 1.4813325677209832e-08

Layer conv3.att_src grad: 2.900112372472563e-10
Layer conv3.att_src grad: 2.900112372472563e-10
Layer conv3.att_src grad: 2.900112372472563e-10Layer conv3.att_src grad: 2.900112372472563e-10

Layer conv3.att_dst grad: 8.949509189282168e-11
Layer conv3.att_dst grad: 8.949509189282168e-11
Layer conv3.att_dst grad: 8.949509189282168e-11Layer conv3.att_dst grad: 8.949509189282168e-11
Layer conv3.bias grad: 7.911997954579419e-07

Layer conv3.bias grad: 7.911997954579419e-07
Layer conv3.bias grad: 7.911997954579419e-07
Layer conv3.bias grad: 7.911997954579419e-07
Layer conv3.lin.weight grad: 1.598035126448849e-08
Layer conv3.lin.weight grad: 1.598035126448849e-08
Layer conv3.lin.weight grad: 1.598035126448849e-08
Layer conv3.lin.weight grad: 1.598035126448849e-08Layer conv4.att_src grad: 2.060413090143598e-10

Layer conv4.att_src grad: 2.060413090143598e-10
Layer conv4.att_src grad: 2.060413090143598e-10
Layer conv4.att_dst grad: 1.2062026377712698e-10Layer conv4.att_src grad: 2.060413090143598e-10
Layer conv4.att_dst grad: 1.2062026377712698e-10

Layer conv4.att_dst grad: 1.2062026377712698e-10
Layer conv4.bias grad: 1.1148267731186934e-06
Layer conv4.att_dst grad: 1.2062026377712698e-10Layer conv4.bias grad: 1.1148267731186934e-06

Layer conv4.bias grad: 1.1148267731186934e-06
Layer conv4.lin.weight grad: 2.0829029168112356e-08
Layer conv4.bias grad: 1.1148267731186934e-06
Layer conv4.lin.weight grad: 2.0829029168112356e-08
Layer conv4.lin.weight grad: 2.0829029168112356e-08
Layer fc.weight grad: 6.557672094231748e-08
Layer conv4.lin.weight grad: 2.0829029168112356e-08
Layer fc.weight grad: 6.557672094231748e-08
Layer fc.weight grad: 6.557672094231748e-08
Layer fc.bias grad: 5.526319000637159e-06
Layer fc.bias grad: 5.526319000637159e-06Layer fc.weight grad: 6.557672094231748e-08

Layer fc.bias grad: 5.526319000637159e-06
Layer fc.bias grad: 5.526319000637159e-06
Layer conv1.att_src grad: 2.407218868683003e-10Layer conv1.att_src grad: 2.407218868683003e-10Layer conv1.att_src grad: 2.407218868683003e-10Layer conv1.att_src grad: 2.407218868683003e-10



Layer conv1.att_dst grad: 8.354988575987043e-12Layer conv1.att_dst grad: 8.354988575987043e-12Layer conv1.att_dst grad: 8.354988575987043e-12Layer conv1.att_dst grad: 8.354988575987043e-12



Layer conv1.bias grad: 1.4794423464081774e-07Layer conv1.bias grad: 1.4794423464081774e-07
Layer conv1.bias grad: 1.4794423464081774e-07
Layer conv1.bias grad: 1.4794423464081774e-07

Layer conv1.lin.weight grad: 8.205654467019485e-08
Layer conv1.lin.weight grad: 8.205654467019485e-08Layer conv1.lin.weight grad: 8.205654467019485e-08
Layer conv1.lin.weight grad: 8.205654467019485e-08

Layer conv2.att_src grad: 1.342673194848487e-10
Layer conv2.att_src grad: 1.342673194848487e-10
Layer conv2.att_src grad: 1.342673194848487e-10Layer conv2.att_src grad: 1.342673194848487e-10

Layer conv2.att_dst grad: 5.4702093549297004e-11
Layer conv2.att_dst grad: 5.4702093549297004e-11
Layer conv2.att_dst grad: 5.4702093549297004e-11Layer conv2.att_dst grad: 5.4702093549297004e-11

Layer conv2.bias grad: 2.0463861005737272e-07
Layer conv2.bias grad: 2.0463861005737272e-07
Layer conv2.bias grad: 2.0463861005737272e-07Layer conv2.bias grad: 2.0463861005737272e-07

Layer conv2.lin.weight grad: 8.925322703134952e-09
Layer conv2.lin.weight grad: 8.925322703134952e-09
Layer conv2.lin.weight grad: 8.925322703134952e-09Layer conv2.lin.weight grad: 8.925322703134952e-09

Layer conv3.att_src grad: 1.3603000670325827e-10Layer conv3.att_src grad: 1.3603000670325827e-10

Layer conv3.att_src grad: 1.3603000670325827e-10Layer conv3.att_src grad: 1.3603000670325827e-10

Layer conv3.att_dst grad: 5.229396429773381e-11Layer conv3.att_dst grad: 5.229396429773381e-11

Layer conv3.att_dst grad: 5.229396429773381e-11Layer conv3.att_dst grad: 5.229396429773381e-11

Layer conv3.bias grad: 5.054853886576893e-07Layer conv3.bias grad: 5.054853886576893e-07

Layer conv3.bias grad: 5.054853886576893e-07Layer conv3.bias grad: 5.054853886576893e-07

Layer conv3.lin.weight grad: 9.475686901794234e-09Layer conv3.lin.weight grad: 9.475686901794234e-09

Layer conv3.lin.weight grad: 9.475686901794234e-09
Layer conv3.lin.weight grad: 9.475686901794234e-09
Layer conv4.att_src grad: 7.856192085764491e-11Layer conv4.att_src grad: 7.856192085764491e-11

Layer conv4.att_src grad: 7.856192085764491e-11
Layer conv4.att_src grad: 7.856192085764491e-11
Layer conv4.att_dst grad: 3.189817160409447e-11Layer conv4.att_dst grad: 3.189817160409447e-11

Layer conv4.att_dst grad: 3.189817160409447e-11
Layer conv4.att_dst grad: 3.189817160409447e-11
Layer conv4.bias grad: 7.621862323503592e-07
Layer conv4.bias grad: 7.621862323503592e-07Layer conv4.bias grad: 7.621862323503592e-07

Layer conv4.bias grad: 7.621862323503592e-07
Layer conv4.lin.weight grad: 1.1762666396464283e-08
Layer conv4.lin.weight grad: 1.1762666396464283e-08Layer conv4.lin.weight grad: 1.1762666396464283e-08
Layer conv4.lin.weight grad: 1.1762666396464283e-08

Layer fc.weight grad: 3.9272656238154013e-08
Layer fc.weight grad: 3.9272656238154013e-08
Layer fc.weight grad: 3.9272656238154013e-08Layer fc.weight grad: 3.9272656238154013e-08

Layer fc.bias grad: 4.537204404186923e-06
Layer fc.bias grad: 4.537204404186923e-06
Layer fc.bias grad: 4.537204404186923e-06Layer fc.bias grad: 4.537204404186923e-06

Layer conv1.att_src grad: 1.1496556484580367e-10Layer conv1.att_src grad: 1.1496556484580367e-10Layer conv1.att_src grad: 1.1496556484580367e-10Layer conv1.att_src grad: 1.1496556484580367e-10



Layer conv1.att_dst grad: 9.408766300789129e-12Layer conv1.att_dst grad: 9.408766300789129e-12Layer conv1.att_dst grad: 9.408766300789129e-12Layer conv1.att_dst grad: 9.408766300789129e-12



Layer conv1.bias grad: 9.83331602810722e-08Layer conv1.bias grad: 9.83331602810722e-08
Layer conv1.bias grad: 9.83331602810722e-08
Layer conv1.bias grad: 9.83331602810722e-08

Layer conv1.lin.weight grad: 6.537581498378131e-08
Layer conv1.lin.weight grad: 6.537581498378131e-08Layer conv1.lin.weight grad: 6.537581498378131e-08
Layer conv1.lin.weight grad: 6.537581498378131e-08

Layer conv2.att_src grad: 1.1678297218153944e-10
Layer conv2.att_src grad: 1.1678297218153944e-10
Layer conv2.att_src grad: 1.1678297218153944e-10Layer conv2.att_src grad: 1.1678297218153944e-10

Layer conv2.att_dst grad: 7.673248147987977e-11
Layer conv2.att_dst grad: 7.673248147987977e-11Layer conv2.att_dst grad: 7.673248147987977e-11

Layer conv2.att_dst grad: 7.673248147987977e-11
Layer conv2.bias grad: 1.6423749116256658e-07
Layer conv2.bias grad: 1.6423749116256658e-07Layer conv2.bias grad: 1.6423749116256658e-07

Layer conv2.bias grad: 1.6423749116256658e-07
Layer conv2.lin.weight grad: 7.836129078953036e-09
Layer conv2.lin.weight grad: 7.836129078953036e-09Layer conv2.lin.weight grad: 7.836129078953036e-09
Layer conv2.lin.weight grad: 7.836129078953036e-09

Layer conv3.att_src grad: 9.019237440233141e-11
Layer conv3.att_src grad: 9.019237440233141e-11
Layer conv3.att_src grad: 9.019237440233141e-11Layer conv3.att_src grad: 9.019237440233141e-11

Layer conv3.att_dst grad: 3.142465454519794e-11
Layer conv3.att_dst grad: 3.142465454519794e-11
Layer conv3.att_dst grad: 3.142465454519794e-11Layer conv3.att_dst grad: 3.142465454519794e-11

Layer conv3.bias grad: 4.87383601921465e-07
Layer conv3.bias grad: 4.87383601921465e-07
Layer conv3.bias grad: 4.87383601921465e-07Layer conv3.bias grad: 4.87383601921465e-07

Layer conv3.lin.weight grad: 9.156861935366578e-09
Layer conv3.lin.weight grad: 9.156861935366578e-09
Layer conv3.lin.weight grad: 9.156861935366578e-09Layer conv3.lin.weight grad: 9.156861935366578e-09

Layer conv4.att_src grad: 5.895706145508939e-11
Layer conv4.att_src grad: 5.895706145508939e-11
Layer conv4.att_src grad: 5.895706145508939e-11Layer conv4.att_src grad: 5.895706145508939e-11Layer conv4.att_dst grad: 2.6464549301996598e-11


Layer conv4.att_dst grad: 2.6464549301996598e-11
Layer conv4.att_dst grad: 2.6464549301996598e-11Layer conv4.bias grad: 8.858194746608206e-07

Layer conv4.bias grad: 8.858194746608206e-07
Layer conv4.bias grad: 8.858194746608206e-07
Layer conv4.lin.weight grad: 1.2234858459692077e-08
Layer conv4.lin.weight grad: 1.2234858459692077e-08
Layer conv4.att_dst grad: 2.6464549301996598e-11
Layer conv4.lin.weight grad: 1.2234858459692077e-08
Layer fc.weight grad: 3.9037036714262285e-08
Layer fc.weight grad: 3.9037036714262285e-08
Layer conv4.bias grad: 8.858194746608206e-07
Layer fc.bias grad: 4.864652055402985e-06Layer fc.weight grad: 3.9037036714262285e-08

Layer fc.bias grad: 4.864652055402985e-06
Layer conv4.lin.weight grad: 1.2234858459692077e-08
Layer fc.bias grad: 4.864652055402985e-06
Layer fc.weight grad: 3.9037036714262285e-08
Layer fc.bias grad: 4.864652055402985e-06
Layer conv1.att_src grad: 5.5727204101296834e-11Layer conv1.att_src grad: 5.5727204101296834e-11Layer conv1.att_src grad: 5.5727204101296834e-11Layer conv1.att_src grad: 5.5727204101296834e-11



Layer conv1.att_dst grad: 1.2074588724708679e-11Layer conv1.att_dst grad: 1.2074588724708679e-11Layer conv1.att_dst grad: 1.2074588724708679e-11Layer conv1.att_dst grad: 1.2074588724708679e-11



Layer conv1.bias grad: 8.859376521286322e-08Layer conv1.bias grad: 8.859376521286322e-08
Layer conv1.bias grad: 8.859376521286322e-08
Layer conv1.bias grad: 8.859376521286322e-08

Layer conv1.lin.weight grad: 5.4382873315717006e-08
Layer conv1.lin.weight grad: 5.4382873315717006e-08Layer conv1.lin.weight grad: 5.4382873315717006e-08
Layer conv1.lin.weight grad: 5.4382873315717006e-08

Layer conv2.att_src grad: 4.366743425188169e-11
Layer conv2.att_src grad: 4.366743425188169e-11
Layer conv2.att_src grad: 4.366743425188169e-11Layer conv2.att_src grad: 4.366743425188169e-11

Layer conv2.att_dst grad: 1.7693149029218702e-11
Layer conv2.att_dst grad: 1.7693149029218702e-11
Layer conv2.att_dst grad: 1.7693149029218702e-11Layer conv2.att_dst grad: 1.7693149029218702e-11

Layer conv2.bias grad: 1.5892541682660521e-07
Layer conv2.bias grad: 1.5892541682660521e-07
Layer conv2.bias grad: 1.5892541682660521e-07Layer conv2.bias grad: 1.5892541682660521e-07

Layer conv2.lin.weight grad: 6.409889063974106e-09
Layer conv2.lin.weight grad: 6.409889063974106e-09
Layer conv2.lin.weight grad: 6.409889063974106e-09Layer conv2.lin.weight grad: 6.409889063974106e-09

Layer conv3.att_src grad: 5.176837084008845e-11
Layer conv3.att_src grad: 5.176837084008845e-11
Layer conv3.att_src grad: 5.176837084008845e-11
Layer conv3.att_src grad: 5.176837084008845e-11
Layer conv3.att_dst grad: 2.1980743614147258e-11
Layer conv3.att_dst grad: 2.1980743614147258e-11
Layer conv3.att_dst grad: 2.1980743614147258e-11
Layer conv3.att_dst grad: 2.1980743614147258e-11
Layer conv3.bias grad: 4.7140704850789916e-07
Layer conv3.bias grad: 4.7140704850789916e-07
Layer conv3.bias grad: 4.7140704850789916e-07
Layer conv3.bias grad: 4.7140704850789916e-07Layer conv3.lin.weight grad: 6.939115060333734e-09

Layer conv3.lin.weight grad: 6.939115060333734e-09
Layer conv3.lin.weight grad: 6.939115060333734e-09
Layer conv4.att_src grad: 3.070731169341201e-11
Layer conv3.lin.weight grad: 6.939115060333734e-09
Layer conv4.att_src grad: 3.070731169341201e-11Layer conv4.att_src grad: 3.070731169341201e-11

Layer conv4.att_dst grad: 1.535711141587015e-11
Layer conv4.att_src grad: 3.070731169341201e-11
Layer conv4.att_dst grad: 1.535711141587015e-11Layer conv4.att_dst grad: 1.535711141587015e-11

Layer conv4.bias grad: 9.114364729612134e-07
Layer conv4.att_dst grad: 1.535711141587015e-11
Layer conv4.bias grad: 9.114364729612134e-07Layer conv4.bias grad: 9.114364729612134e-07

Layer conv4.lin.weight grad: 9.075153073467845e-09
Layer conv4.bias grad: 9.114364729612134e-07
Layer conv4.lin.weight grad: 9.075153073467845e-09Layer conv4.lin.weight grad: 9.075153073467845e-09

Layer fc.weight grad: 2.911630581081681e-08
Layer conv4.lin.weight grad: 9.075153073467845e-09
Layer fc.bias grad: 5.744219379266724e-06Layer fc.weight grad: 2.911630581081681e-08Layer fc.weight grad: 2.911630581081681e-08


Layer fc.weight grad: 2.911630581081681e-08
Layer fc.bias grad: 5.744219379266724e-06Layer fc.bias grad: 5.744219379266724e-06

Layer fc.bias grad: 5.744219379266724e-06
Layer conv1.att_src grad: 5.771672723087207e-11
Layer conv1.att_dst grad: 1.5796218499897208e-11
Layer conv1.bias grad: 2.2838275981484912e-07
Layer conv1.lin.weight grad: 1.3363857931381062e-07
Layer conv1.att_src grad: 5.771672723087207e-11Layer conv2.att_src grad: 9.116622734506308e-11Layer conv1.att_src grad: 5.771672723087207e-11


Layer conv2.att_dst grad: 5.44684644609994e-11
Layer conv1.att_dst grad: 1.5796218499897208e-11
Layer conv1.att_dst grad: 1.5796218499897208e-11
Layer conv1.att_src grad: 5.771672723087207e-11Layer conv2.bias grad: 4.683331837895821e-07Layer conv1.bias grad: 2.2838275981484912e-07


Layer conv1.lin.weight grad: 1.3363857931381062e-07
Layer conv2.lin.weight grad: 1.671322635843353e-08
Layer conv1.att_dst grad: 1.5796218499897208e-11Layer conv2.att_src grad: 9.116622734506308e-11

Layer conv3.att_src grad: 7.720998840277105e-11
Layer conv2.att_dst grad: 5.44684644609994e-11Layer conv1.bias grad: 2.2838275981484912e-07

Layer conv3.att_dst grad: 1.537995598932529e-11
Layer conv1.bias grad: 2.2838275981484912e-07Layer conv2.bias grad: 4.683331837895821e-07

Layer conv3.bias grad: 1.4613308394473279e-06
Layer conv1.lin.weight grad: 1.3363857931381062e-07
Layer conv2.lin.weight grad: 1.671322635843353e-08
Layer conv3.lin.weight grad: 1.7632764581776428e-08
Layer conv2.att_src grad: 9.116622734506308e-11Layer conv1.lin.weight grad: 1.3363857931381062e-07
Layer conv3.att_src grad: 7.720998840277105e-11

Layer conv4.att_src grad: 1.191320930793438e-10
Layer conv3.att_dst grad: 1.537995598932529e-11
Layer conv2.att_dst grad: 5.44684644609994e-11
Layer conv4.att_dst grad: 5.7236035355678894e-11Layer conv3.bias grad: 1.4613308394473279e-06
Layer conv2.att_src grad: 9.116622734506308e-11

Layer conv2.bias grad: 4.683331837895821e-07
Layer conv4.bias grad: 2.6003342554759e-06
Layer conv3.lin.weight grad: 1.7632764581776428e-08
Layer conv2.att_dst grad: 5.44684644609994e-11
Layer conv4.att_src grad: 1.191320930793438e-10Layer conv4.lin.weight grad: 2.0335908956781168e-08

Layer conv4.att_dst grad: 5.7236035355678894e-11
Layer conv2.lin.weight grad: 1.671322635843353e-08
Layer fc.weight grad: 6.394388663011341e-08
Layer conv2.bias grad: 4.683331837895821e-07
Layer conv4.bias grad: 2.6003342554759e-06
Layer fc.bias grad: 1.5952206013025716e-05
Layer conv3.att_src grad: 7.720998840277105e-11
Layer conv4.lin.weight grad: 2.0335908956781168e-08
Layer conv3.att_dst grad: 1.537995598932529e-11
Layer fc.weight grad: 6.394388663011341e-08Layer conv2.lin.weight grad: 1.671322635843353e-08

Layer fc.bias grad: 1.5952206013025716e-05Layer conv3.bias grad: 1.4613308394473279e-06

Layer conv3.att_src grad: 7.720998840277105e-11
Layer conv3.lin.weight grad: 1.7632764581776428e-08
Layer conv4.att_src grad: 1.191320930793438e-10Layer conv3.att_dst grad: 1.537995598932529e-11

Layer conv4.att_dst grad: 5.7236035355678894e-11
Layer conv3.bias grad: 1.4613308394473279e-06
Layer conv4.bias grad: 2.6003342554759e-06
Layer conv4.lin.weight grad: 2.0335908956781168e-08
Layer conv3.lin.weight grad: 1.7632764581776428e-08
Layer fc.weight grad: 6.394388663011341e-08
Layer conv4.att_src grad: 1.191320930793438e-10
Layer fc.bias grad: 1.5952206013025716e-05
Layer conv4.att_dst grad: 5.7236035355678894e-11
Layer conv4.bias grad: 2.6003342554759e-06
Layer conv4.lin.weight grad: 2.0335908956781168e-08
Layer fc.weight grad: 6.394388663011341e-08
Layer fc.bias grad: 1.5952206013025716e-05
Precision: 0.0000, Recall: 0.0007, F1-Score: 0.0000
Fold 1, Epoch 1, Train Loss: 0.0011, Val Loss: 0.0011, Val Acc: 0.0006
Layer conv1.att_src grad: 2.5023859720474384e-11Layer conv1.att_src grad: 2.5023859720474384e-11Layer conv1.att_src grad: 2.5023859720474384e-11Layer conv1.att_src grad: 2.5023859720474384e-11



Layer conv1.att_dst grad: 6.8858556009909755e-12
Layer conv1.att_dst grad: 6.8858556009909755e-12Layer conv1.att_dst grad: 6.8858556009909755e-12

Layer conv1.att_dst grad: 6.8858556009909755e-12
Layer conv1.bias grad: 3.4860889286392194e-08
Layer conv1.bias grad: 3.4860889286392194e-08
Layer conv1.bias grad: 3.4860889286392194e-08
Layer conv1.bias grad: 3.4860889286392194e-08
Layer conv1.lin.weight grad: 2.109816144013621e-08
Layer conv1.lin.weight grad: 2.109816144013621e-08
Layer conv1.lin.weight grad: 2.109816144013621e-08
Layer conv1.lin.weight grad: 2.109816144013621e-08
Layer conv2.att_src grad: 1.3343988240765992e-11
Layer conv2.att_src grad: 1.3343988240765992e-11
Layer conv2.att_src grad: 1.3343988240765992e-11
Layer conv2.att_src grad: 1.3343988240765992e-11
Layer conv2.att_dst grad: 8.671906075174984e-12
Layer conv2.att_dst grad: 8.671906075174984e-12
Layer conv2.att_dst grad: 8.671906075174984e-12
Layer conv2.att_dst grad: 8.671906075174984e-12
Layer conv2.bias grad: 7.74870869690858e-08
Layer conv2.bias grad: 7.74870869690858e-08
Layer conv2.bias grad: 7.74870869690858e-08
Layer conv2.bias grad: 7.74870869690858e-08
Layer conv2.lin.weight grad: 2.9491409314630346e-09Layer conv2.lin.weight grad: 2.9491409314630346e-09

Layer conv2.lin.weight grad: 2.9491409314630346e-09
Layer conv2.lin.weight grad: 2.9491409314630346e-09
Layer conv3.att_src grad: 9.152505142662193e-12Layer conv3.att_src grad: 9.152505142662193e-12

Layer conv3.att_src grad: 9.152505142662193e-12
Layer conv3.att_src grad: 9.152505142662193e-12
Layer conv3.att_dst grad: 2.045632109884399e-12Layer conv3.att_dst grad: 2.045632109884399e-12
Layer conv3.att_dst grad: 2.045632109884399e-12

Layer conv3.att_dst grad: 2.045632109884399e-12
Layer conv3.bias grad: 3.126446870282962e-07
Layer conv3.bias grad: 3.126446870282962e-07Layer conv3.bias grad: 3.126446870282962e-07
Layer conv3.bias grad: 3.126446870282962e-07

Layer conv3.lin.weight grad: 3.466956055575565e-09
Layer conv3.lin.weight grad: 3.466956055575565e-09
Layer conv3.lin.weight grad: 3.466956055575565e-09Layer conv3.lin.weight grad: 3.466956055575565e-09

Layer conv4.att_src grad: 1.1652403000828038e-11
Layer conv4.att_src grad: 1.1652403000828038e-11
Layer conv4.att_src grad: 1.1652403000828038e-11Layer conv4.att_src grad: 1.1652403000828038e-11

Layer conv4.att_dst grad: 5.391504950824633e-12
Layer conv4.att_dst grad: 5.391504950824633e-12
Layer conv4.att_dst grad: 5.391504950824633e-12Layer conv4.att_dst grad: 5.391504950824633e-12

Layer conv4.bias grad: 6.268533070397098e-07
Layer conv4.bias grad: 6.268533070397098e-07
Layer conv4.bias grad: 6.268533070397098e-07Layer conv4.bias grad: 6.268533070397098e-07

Layer conv4.lin.weight grad: 4.195695346709272e-09
Layer conv4.lin.weight grad: 4.195695346709272e-09
Layer conv4.lin.weight grad: 4.195695346709272e-09
Layer conv4.lin.weight grad: 4.195695346709272e-09
Layer fc.weight grad: 1.8898857589988438e-08Layer fc.weight grad: 1.8898857589988438e-08

Layer fc.weight grad: 1.8898857589988438e-08
Layer fc.weight grad: 1.8898857589988438e-08
Layer fc.bias grad: 5.314582267601509e-06Layer fc.bias grad: 5.314582267601509e-06

Layer fc.bias grad: 5.314582267601509e-06
Layer fc.bias grad: 5.314582267601509e-06
Layer conv1.att_src grad: 5.96825505683185e-11Layer conv1.att_src grad: 5.96825505683185e-11Layer conv1.att_src grad: 5.96825505683185e-11Layer conv1.att_src grad: 5.96825505683185e-11



Layer conv1.att_dst grad: 1.540363149532542e-11Layer conv1.att_dst grad: 1.540363149532542e-11Layer conv1.att_dst grad: 1.540363149532542e-11Layer conv1.att_dst grad: 1.540363149532542e-11



Layer conv1.bias grad: 3.298091399983605e-08Layer conv1.bias grad: 3.298091399983605e-08
Layer conv1.bias grad: 3.298091399983605e-08Layer conv1.bias grad: 3.298091399983605e-08


Layer conv1.lin.weight grad: 1.84833623961822e-08
Layer conv1.lin.weight grad: 1.84833623961822e-08Layer conv1.lin.weight grad: 1.84833623961822e-08

Layer conv1.lin.weight grad: 1.84833623961822e-08
Layer conv2.att_src grad: 7.308200052069669e-12
Layer conv2.att_src grad: 7.308200052069669e-12Layer conv2.att_src grad: 7.308200052069669e-12
Layer conv2.att_src grad: 7.308200052069669e-12

Layer conv2.att_dst grad: 3.982990152973098e-12
Layer conv2.att_dst grad: 3.982990152973098e-12
Layer conv2.att_dst grad: 3.982990152973098e-12Layer conv2.att_dst grad: 3.982990152973098e-12

Layer conv2.bias grad: 8.263488382453943e-08
Layer conv2.bias grad: 8.263488382453943e-08
Layer conv2.bias grad: 8.263488382453943e-08Layer conv2.bias grad: 8.263488382453943e-08

Layer conv2.lin.weight grad: 2.484461081309064e-09
Layer conv2.lin.weight grad: 2.484461081309064e-09
Layer conv2.lin.weight grad: 2.484461081309064e-09Layer conv2.lin.weight grad: 2.484461081309064e-09

Layer conv3.att_src grad: 4.644956728278027e-12
Layer conv3.att_src grad: 4.644956728278027e-12
Layer conv3.att_src grad: 4.644956728278027e-12Layer conv3.att_src grad: 4.644956728278027e-12
Layer conv3.att_dst grad: 9.879886622363165e-13

Layer conv3.att_dst grad: 9.879886622363165e-13
Layer conv3.att_dst grad: 9.879886622363165e-13Layer conv3.att_dst grad: 9.879886622363165e-13Layer conv3.bias grad: 3.3871918958539027e-07

Layer conv3.bias grad: 3.3871918958539027e-07

Layer conv3.bias grad: 3.3871918958539027e-07Layer conv3.bias grad: 3.3871918958539027e-07

Layer conv3.lin.weight grad: 2.7869773155941857e-09Layer conv3.lin.weight grad: 2.7869773155941857e-09

Layer conv3.lin.weight grad: 2.7869773155941857e-09Layer conv3.lin.weight grad: 2.7869773155941857e-09

Layer conv4.att_src grad: 8.318511678095941e-12Layer conv4.att_src grad: 8.318511678095941e-12

Layer conv4.att_src grad: 8.318511678095941e-12Layer conv4.att_src grad: 8.318511678095941e-12
Layer conv4.att_dst grad: 3.1163292432689893e-12Layer conv4.att_dst grad: 3.1163292432689893e-12


Layer conv4.att_dst grad: 3.1163292432689893e-12
Layer conv4.att_dst grad: 3.1163292432689893e-12Layer conv4.bias grad: 6.51929440209642e-07Layer conv4.bias grad: 6.51929440209642e-07


Layer conv4.bias grad: 6.51929440209642e-07
Layer conv4.bias grad: 6.51929440209642e-07
Layer conv4.lin.weight grad: 3.040903528983563e-09Layer conv4.lin.weight grad: 3.040903528983563e-09

Layer conv4.lin.weight grad: 3.040903528983563e-09
Layer conv4.lin.weight grad: 3.040903528983563e-09
Layer fc.weight grad: 1.6920933987307762e-08Layer fc.weight grad: 1.6920933987307762e-08

Layer fc.weight grad: 1.6920933987307762e-08
Layer fc.weight grad: 1.6920933987307762e-08
Layer fc.bias grad: 5.759346549893962e-06Layer fc.bias grad: 5.759346549893962e-06

Layer fc.bias grad: 5.759346549893962e-06
Layer fc.bias grad: 5.759346549893962e-06
Layer conv1.att_src grad: 4.603008946224563e-11Layer conv1.att_src grad: 4.603008946224563e-11Layer conv1.att_src grad: 4.603008946224563e-11Layer conv1.att_src grad: 4.603008946224563e-11



Layer conv1.att_dst grad: 1.838258711917007e-11Layer conv1.att_dst grad: 1.838258711917007e-11Layer conv1.att_dst grad: 1.838258711917007e-11Layer conv1.att_dst grad: 1.838258711917007e-11



Layer conv1.bias grad: 1.4709202744711547e-08Layer conv1.bias grad: 1.4709202744711547e-08
Layer conv1.bias grad: 1.4709202744711547e-08Layer conv1.bias grad: 1.4709202744711547e-08


Layer conv1.lin.weight grad: 7.81624098777911e-09
Layer conv1.lin.weight grad: 7.81624098777911e-09Layer conv1.lin.weight grad: 7.81624098777911e-09Layer conv1.lin.weight grad: 7.81624098777911e-09


Layer conv2.att_src grad: 3.815098410797635e-12
Layer conv2.att_src grad: 3.815098410797635e-12Layer conv2.att_src grad: 3.815098410797635e-12Layer conv2.att_src grad: 3.815098410797635e-12


Layer conv2.att_dst grad: 1.585929087707938e-12
Layer conv2.att_dst grad: 1.585929087707938e-12Layer conv2.att_dst grad: 1.585929087707938e-12Layer conv2.att_dst grad: 1.585929087707938e-12


Layer conv2.bias grad: 4.2375255304705206e-08
Layer conv2.bias grad: 4.2375255304705206e-08Layer conv2.bias grad: 4.2375255304705206e-08
Layer conv2.bias grad: 4.2375255304705206e-08

Layer conv2.lin.weight grad: 1.1778160668995952e-09
Layer conv2.lin.weight grad: 1.1778160668995952e-09Layer conv2.lin.weight grad: 1.1778160668995952e-09
Layer conv2.lin.weight grad: 1.1778160668995952e-09

Layer conv3.att_src grad: 2.0480696132085807e-12
Layer conv3.att_src grad: 2.0480696132085807e-12
Layer conv3.att_src grad: 2.0480696132085807e-12Layer conv3.att_src grad: 2.0480696132085807e-12
Layer conv3.att_dst grad: 7.685569845469753e-13

Layer conv3.att_dst grad: 7.685569845469753e-13
Layer conv3.att_dst grad: 7.685569845469753e-13
Layer conv3.att_dst grad: 7.685569845469753e-13Layer conv3.bias grad: 2.031620738307538e-07

Layer conv3.bias grad: 2.031620738307538e-07
Layer conv3.bias grad: 2.031620738307538e-07
Layer conv3.bias grad: 2.031620738307538e-07
Layer conv3.lin.weight grad: 1.3340097915204296e-09
Layer conv3.lin.weight grad: 1.3340097915204296e-09
Layer conv3.lin.weight grad: 1.3340097915204296e-09
Layer conv3.lin.weight grad: 1.3340097915204296e-09
Layer conv4.att_src grad: 1.9858511536574586e-12
Layer conv4.att_src grad: 1.9858511536574586e-12
Layer conv4.att_src grad: 1.9858511536574586e-12
Layer conv4.att_src grad: 1.9858511536574586e-12
Layer conv4.att_dst grad: 6.549647434649086e-13
Layer conv4.att_dst grad: 6.549647434649086e-13
Layer conv4.att_dst grad: 6.549647434649086e-13
Layer conv4.att_dst grad: 6.549647434649086e-13
Layer conv4.bias grad: 4.924518179905135e-07
Layer conv4.bias grad: 4.924518179905135e-07
Layer conv4.bias grad: 4.924518179905135e-07
Layer conv4.bias grad: 4.924518179905135e-07
Layer conv4.lin.weight grad: 1.6120006440800694e-09
Layer conv4.lin.weight grad: 1.6120006440800694e-09
Layer conv4.lin.weight grad: 1.6120006440800694e-09Layer conv4.lin.weight grad: 1.6120006440800694e-09

Layer fc.weight grad: 1.0722191134959758e-08
Layer fc.weight grad: 1.0722191134959758e-08
Layer fc.weight grad: 1.0722191134959758e-08Layer fc.weight grad: 1.0722191134959758e-08

Layer fc.bias grad: 4.291026925784536e-06
Layer fc.bias grad: 4.291026925784536e-06
Layer fc.bias grad: 4.291026925784536e-06Layer fc.bias grad: 4.291026925784536e-06

Layer conv1.att_src grad: 1.6650476136748082e-11Layer conv1.att_src grad: 1.6650476136748082e-11Layer conv1.att_src grad: 1.6650476136748082e-11Layer conv1.att_src grad: 1.6650476136748082e-11



Layer conv1.att_dst grad: 4.851184558229971e-12Layer conv1.att_dst grad: 4.851184558229971e-12Layer conv1.att_dst grad: 4.851184558229971e-12

Layer conv1.att_dst grad: 4.851184558229971e-12

Layer conv1.bias grad: 1.1332215166248716e-08Layer conv1.bias grad: 1.1332215166248716e-08
Layer conv1.bias grad: 1.1332215166248716e-08
Layer conv1.bias grad: 1.1332215166248716e-08

Layer conv1.lin.weight grad: 6.7188530294970406e-09
Layer conv1.lin.weight grad: 6.7188530294970406e-09
Layer conv1.lin.weight grad: 6.7188530294970406e-09Layer conv1.lin.weight grad: 6.7188530294970406e-09

Layer conv2.att_src grad: 1.927335895046678e-12
Layer conv2.att_src grad: 1.927335895046678e-12
Layer conv2.att_src grad: 1.927335895046678e-12Layer conv2.att_src grad: 1.927335895046678e-12

Layer conv2.att_dst grad: 8.072351381088749e-13
Layer conv2.att_dst grad: 8.072351381088749e-13
Layer conv2.att_dst grad: 8.072351381088749e-13Layer conv2.att_dst grad: 8.072351381088749e-13

Layer conv2.bias grad: 3.758214006666094e-08
Layer conv2.bias grad: 3.758214006666094e-08
Layer conv2.bias grad: 3.758214006666094e-08Layer conv2.bias grad: 3.758214006666094e-08

Layer conv2.lin.weight grad: 1.0783662851565623e-09
Layer conv2.lin.weight grad: 1.0783662851565623e-09
Layer conv2.lin.weight grad: 1.0783662851565623e-09Layer conv2.lin.weight grad: 1.0783662851565623e-09

Layer conv3.att_src grad: 8.924692582179539e-13
Layer conv3.att_src grad: 8.924692582179539e-13
Layer conv3.att_src grad: 8.924692582179539e-13Layer conv3.att_src grad: 8.924692582179539e-13
Layer conv3.att_dst grad: 3.388166483486721e-13

Layer conv3.att_dst grad: 3.388166483486721e-13
Layer conv3.att_dst grad: 3.388166483486721e-13Layer conv3.att_dst grad: 3.388166483486721e-13

Layer conv3.bias grad: 2.1645490733135375e-07
Layer conv3.bias grad: 2.1645490733135375e-07
Layer conv3.bias grad: 2.1645490733135375e-07Layer conv3.bias grad: 2.1645490733135375e-07

Layer conv3.lin.weight grad: 1.2838556884275931e-09
Layer conv3.lin.weight grad: 1.2838556884275931e-09
Layer conv3.lin.weight grad: 1.2838556884275931e-09Layer conv3.lin.weight grad: 1.2838556884275931e-09

Layer conv4.att_src grad: 1.0087322687216127e-12Layer conv4.att_src grad: 1.0087322687216127e-12

Layer conv4.att_src grad: 1.0087322687216127e-12Layer conv4.att_src grad: 1.0087322687216127e-12
Layer conv4.att_dst grad: 3.6753033342412644e-13
Layer conv4.att_dst grad: 3.6753033342412644e-13

Layer conv4.att_dst grad: 3.6753033342412644e-13
Layer conv4.att_dst grad: 3.6753033342412644e-13Layer conv4.bias grad: 5.063580488240405e-07
Layer conv4.bias grad: 5.063580488240405e-07

Layer conv4.bias grad: 5.063580488240405e-07
Layer conv4.bias grad: 5.063580488240405e-07
Layer conv4.lin.weight grad: 1.3731684678219835e-09Layer conv4.lin.weight grad: 1.3731684678219835e-09

Layer conv4.lin.weight grad: 1.3731684678219835e-09
Layer conv4.lin.weight grad: 1.3731684678219835e-09
Layer fc.weight grad: 9.613979834455222e-09
Layer fc.weight grad: 9.613979834455222e-09
Layer fc.weight grad: 9.613979834455222e-09
Layer fc.weight grad: 9.613979834455222e-09
Layer fc.bias grad: 4.5149131437938195e-06
Layer fc.bias grad: 4.5149131437938195e-06
Layer fc.bias grad: 4.5149131437938195e-06
Layer fc.bias grad: 4.5149131437938195e-06
Layer conv1.att_src grad: 5.625593740843371e-12Layer conv1.att_src grad: 5.625593740843371e-12Layer conv1.att_src grad: 5.625593740843371e-12Layer conv1.att_src grad: 5.625593740843371e-12



Layer conv1.att_dst grad: 1.7557926683745007e-12Layer conv1.att_dst grad: 1.7557926683745007e-12Layer conv1.att_dst grad: 1.7557926683745007e-12Layer conv1.att_dst grad: 1.7557926683745007e-12



Layer conv1.bias grad: 6.536816421487401e-09Layer conv1.bias grad: 6.536816421487401e-09
Layer conv1.bias grad: 6.536816421487401e-09Layer conv1.bias grad: 6.536816421487401e-09


Layer conv1.lin.weight grad: 4.280873433515353e-09
Layer conv1.lin.weight grad: 4.280873433515353e-09
Layer conv1.lin.weight grad: 4.280873433515353e-09Layer conv1.lin.weight grad: 4.280873433515353e-09

Layer conv2.att_src grad: 7.239529071709216e-13
Layer conv2.att_src grad: 7.239529071709216e-13
Layer conv2.att_src grad: 7.239529071709216e-13Layer conv2.att_src grad: 7.239529071709216e-13

Layer conv2.att_dst grad: 2.301908663682184e-13
Layer conv2.att_dst grad: 2.301908663682184e-13
Layer conv2.att_dst grad: 2.301908663682184e-13Layer conv2.att_dst grad: 2.301908663682184e-13

Layer conv2.bias grad: 2.5933751146567374e-08
Layer conv2.bias grad: 2.5933751146567374e-08
Layer conv2.bias grad: 2.5933751146567374e-08Layer conv2.bias grad: 2.5933751146567374e-08

Layer conv2.lin.weight grad: 7.859495276818507e-10
Layer conv2.lin.weight grad: 7.859495276818507e-10Layer conv2.lin.weight grad: 7.859495276818507e-10

Layer conv3.att_src grad: 3.267907320615715e-13
Layer conv2.lin.weight grad: 7.859495276818507e-10Layer conv3.att_src grad: 3.267907320615715e-13Layer conv3.att_src grad: 3.267907320615715e-13


Layer conv3.att_dst grad: 1.2960464678465206e-13
Layer conv3.att_dst grad: 1.2960464678465206e-13Layer conv3.att_dst grad: 1.2960464678465206e-13Layer conv3.att_src grad: 3.267907320615715e-13


Layer conv3.bias grad: 1.6549418546674133e-07
Layer conv3.bias grad: 1.6549418546674133e-07Layer conv3.bias grad: 1.6549418546674133e-07
Layer conv3.att_dst grad: 1.2960464678465206e-13

Layer conv3.lin.weight grad: 9.181737037344817e-10
Layer conv3.bias grad: 1.6549418546674133e-07Layer conv3.lin.weight grad: 9.181737037344817e-10

Layer conv3.lin.weight grad: 9.181737037344817e-10Layer conv4.att_src grad: 4.736870617971789e-13

Layer conv4.att_src grad: 4.736870617971789e-13
Layer conv3.lin.weight grad: 9.181737037344817e-10Layer conv4.att_dst grad: 2.312029419911793e-13

Layer conv4.att_src grad: 4.736870617971789e-13
Layer conv4.att_dst grad: 2.312029419911793e-13
Layer conv4.bias grad: 4.66607616544934e-07Layer conv4.att_src grad: 4.736870617971789e-13
Layer conv4.att_dst grad: 2.312029419911793e-13

Layer conv4.bias grad: 4.66607616544934e-07
Layer conv4.att_dst grad: 2.312029419911793e-13Layer conv4.lin.weight grad: 1.007858019264063e-09Layer conv4.bias grad: 4.66607616544934e-07


Layer conv4.lin.weight grad: 1.007858019264063e-09
Layer conv4.bias grad: 4.66607616544934e-07
Layer fc.weight grad: 5.700150573773044e-09
Layer conv4.lin.weight grad: 1.007858019264063e-09
Layer fc.weight grad: 5.700150573773044e-09
Layer fc.bias grad: 3.1870295060798526e-06Layer conv4.lin.weight grad: 1.007858019264063e-09

Layer fc.weight grad: 5.700150573773044e-09
Layer fc.bias grad: 3.1870295060798526e-06
Layer fc.weight grad: 5.700150573773044e-09Layer fc.bias grad: 3.1870295060798526e-06

Layer fc.bias grad: 3.1870295060798526e-06
Layer conv1.att_src grad: 3.640691914608141e-12
Layer conv1.att_dst grad: 1.5026829607023284e-12
Layer conv1.bias grad: 1.857785036918358e-08
Layer conv1.lin.weight grad: 1.2119329539928003e-08
Layer conv2.att_src grad: 1.546617001135786e-12
Layer conv2.att_dst grad: 4.982228822211776e-13
Layer conv2.bias grad: 8.881181656761328e-08
Layer conv1.att_src grad: 3.640691914608141e-12
Layer conv1.att_src grad: 3.640691914608141e-12Layer conv1.att_src grad: 3.640691914608141e-12
Layer conv2.lin.weight grad: 2.34954655731201e-09
Layer conv1.att_dst grad: 1.5026829607023284e-12

Layer conv1.bias grad: 1.857785036918358e-08
Layer conv3.att_src grad: 6.974578250010244e-13
Layer conv1.att_dst grad: 1.5026829607023284e-12
Layer conv1.lin.weight grad: 1.2119329539928003e-08Layer conv3.att_dst grad: 3.095494780641639e-13Layer conv1.att_dst grad: 1.5026829607023284e-12


Layer conv1.bias grad: 1.857785036918358e-08
Layer conv3.bias grad: 6.796674938414071e-07
Layer conv2.att_src grad: 1.546617001135786e-12
Layer conv1.lin.weight grad: 1.2119329539928003e-08
Layer conv1.bias grad: 1.857785036918358e-08Layer conv3.lin.weight grad: 2.814406041551365e-09
Layer conv2.att_dst grad: 4.982228822211776e-13
Layer conv2.att_src grad: 1.546617001135786e-12

Layer conv2.att_dst grad: 4.982228822211776e-13
Layer conv4.att_src grad: 5.270999565640255e-13
Layer conv2.bias grad: 8.881181656761328e-08
Layer conv2.bias grad: 8.881181656761328e-08
Layer conv4.att_dst grad: 1.592499596818689e-13Layer conv1.lin.weight grad: 1.2119329539928003e-08

Layer conv2.lin.weight grad: 2.34954655731201e-09
Layer conv2.lin.weight grad: 2.34954655731201e-09
Layer conv4.bias grad: 2.3762463570164982e-06
Layer conv3.att_src grad: 6.974578250010244e-13
Layer conv3.att_src grad: 6.974578250010244e-13
Layer conv4.lin.weight grad: 3.4570484253038103e-09Layer conv2.att_src grad: 1.546617001135786e-12

Layer conv3.att_dst grad: 3.095494780641639e-13Layer conv3.att_dst grad: 3.095494780641639e-13

Layer fc.weight grad: 2.9852994742896044e-08
Layer conv3.bias grad: 6.796674938414071e-07
Layer conv3.bias grad: 6.796674938414071e-07
Layer conv2.att_dst grad: 4.982228822211776e-13
Layer fc.bias grad: 2.1547557480516843e-05
Layer conv3.lin.weight grad: 2.814406041551365e-09
Layer conv3.lin.weight grad: 2.814406041551365e-09
Layer conv4.att_src grad: 5.270999565640255e-13
Layer conv2.bias grad: 8.881181656761328e-08Layer conv4.att_src grad: 5.270999565640255e-13
Layer conv4.att_dst grad: 1.592499596818689e-13

Layer conv4.bias grad: 2.3762463570164982e-06
Layer conv4.att_dst grad: 1.592499596818689e-13
Layer conv4.lin.weight grad: 3.4570484253038103e-09
Layer conv4.bias grad: 2.3762463570164982e-06
Layer conv2.lin.weight grad: 2.34954655731201e-09
Layer fc.weight grad: 2.9852994742896044e-08
Layer conv4.lin.weight grad: 3.4570484253038103e-09
Layer fc.bias grad: 2.1547557480516843e-05
Layer conv3.att_src grad: 6.974578250010244e-13Layer fc.weight grad: 2.9852994742896044e-08

Layer fc.bias grad: 2.1547557480516843e-05
Layer conv3.att_dst grad: 3.095494780641639e-13
Layer conv3.bias grad: 6.796674938414071e-07
Layer conv3.lin.weight grad: 2.814406041551365e-09
Layer conv4.att_src grad: 5.270999565640255e-13
Layer conv4.att_dst grad: 1.592499596818689e-13
Layer conv4.bias grad: 2.3762463570164982e-06
Layer conv4.lin.weight grad: 3.4570484253038103e-09
Layer fc.weight grad: 2.9852994742896044e-08
Layer fc.bias grad: 2.1547557480516843e-05
Precision: 0.0000, Recall: 0.0004, F1-Score: 0.0000
Fold 1, Epoch 2, Train Loss: 0.0011, Val Loss: 0.0011, Val Acc: 0.0005
Layer conv1.att_src grad: 1.0119038853367845e-12Layer conv1.att_src grad: 1.0119038853367845e-12Layer conv1.att_src grad: 1.0119038853367845e-12Layer conv1.att_src grad: 1.0119038853367845e-12



Layer conv1.att_dst grad: 3.1932163619026455e-13
Layer conv1.att_dst grad: 3.1932163619026455e-13Layer conv1.att_dst grad: 3.1932163619026455e-13

Layer conv1.att_dst grad: 3.1932163619026455e-13
Layer conv1.bias grad: 2.0845560833038235e-09
Layer conv1.bias grad: 2.0845560833038235e-09Layer conv1.bias grad: 2.0845560833038235e-09Layer conv1.bias grad: 2.0845560833038235e-09


Layer conv1.lin.weight grad: 1.2862434450866544e-09
Layer conv1.lin.weight grad: 1.2862434450866544e-09Layer conv1.lin.weight grad: 1.2862434450866544e-09Layer conv1.lin.weight grad: 1.2862434450866544e-09Layer conv2.att_src grad: 1.227189465498324e-13



Layer conv2.att_src grad: 1.227189465498324e-13Layer conv2.att_src grad: 1.227189465498324e-13Layer conv2.att_dst grad: 6.388657913239046e-14Layer conv2.att_src grad: 1.227189465498324e-13



Layer conv2.att_dst grad: 6.388657913239046e-14Layer conv2.att_dst grad: 6.388657913239046e-14

Layer conv2.bias grad: 1.0533801386714003e-08Layer conv2.att_dst grad: 6.388657913239046e-14

Layer conv2.bias grad: 1.0533801386714003e-08Layer conv2.bias grad: 1.0533801386714003e-08

Layer conv2.bias grad: 1.0533801386714003e-08
Layer conv2.lin.weight grad: 2.6463356506134517e-10
Layer conv2.lin.weight grad: 2.6463356506134517e-10Layer conv2.lin.weight grad: 2.6463356506134517e-10

Layer conv2.lin.weight grad: 2.6463356506134517e-10Layer conv3.att_src grad: 5.614340711627454e-14

Layer conv3.att_src grad: 5.614340711627454e-14Layer conv3.att_src grad: 5.614340711627454e-14

Layer conv3.att_dst grad: 3.086554517289959e-14Layer conv3.att_src grad: 5.614340711627454e-14

Layer conv3.att_dst grad: 3.086554517289959e-14Layer conv3.att_dst grad: 3.086554517289959e-14

Layer conv3.bias grad: 8.106580651201512e-08Layer conv3.att_dst grad: 3.086554517289959e-14

Layer conv3.bias grad: 8.106580651201512e-08Layer conv3.bias grad: 8.106580651201512e-08

Layer conv3.bias grad: 8.106580651201512e-08
Layer conv3.lin.weight grad: 2.739563020881519e-10
Layer conv3.lin.weight grad: 2.739563020881519e-10Layer conv3.lin.weight grad: 2.739563020881519e-10

Layer conv3.lin.weight grad: 2.739563020881519e-10Layer conv4.att_src grad: 4.759930785028926e-14

Layer conv4.att_src grad: 4.759930785028926e-14Layer conv4.att_src grad: 4.759930785028926e-14

Layer conv4.att_dst grad: 2.8239090821041875e-14Layer conv4.att_src grad: 4.759930785028926e-14

Layer conv4.att_dst grad: 2.8239090821041875e-14Layer conv4.att_dst grad: 2.8239090821041875e-14

Layer conv4.bias grad: 3.461841515672859e-07Layer conv4.att_dst grad: 2.8239090821041875e-14

Layer conv4.bias grad: 3.461841515672859e-07Layer conv4.bias grad: 3.461841515672859e-07

Layer conv4.bias grad: 3.461841515672859e-07
Layer conv4.lin.weight grad: 3.903157796969481e-10
Layer conv4.lin.weight grad: 3.903157796969481e-10Layer conv4.lin.weight grad: 3.903157796969481e-10

Layer conv4.lin.weight grad: 3.903157796969481e-10Layer fc.weight grad: 5.159372928886796e-09

Layer fc.weight grad: 5.159372928886796e-09Layer fc.weight grad: 5.159372928886796e-09

Layer fc.bias grad: 4.039627583551919e-06Layer fc.weight grad: 5.159372928886796e-09

Layer fc.bias grad: 4.039627583551919e-06Layer fc.bias grad: 4.039627583551919e-06

Layer fc.bias grad: 4.039627583551919e-06
Layer conv1.att_src grad: 8.356625396006845e-13Layer conv1.att_src grad: 8.356625396006845e-13Layer conv1.att_src grad: 8.356625396006845e-13Layer conv1.att_src grad: 8.356625396006845e-13



Layer conv1.att_dst grad: 3.3402886576508473e-13Layer conv1.att_dst grad: 3.3402886576508473e-13Layer conv1.att_dst grad: 3.3402886576508473e-13

Layer conv1.att_dst grad: 3.3402886576508473e-13

Layer conv1.bias grad: 1.5295118505065375e-09Layer conv1.bias grad: 1.5295118505065375e-09

Layer conv1.bias grad: 1.5295118505065375e-09
Layer conv1.bias grad: 1.5295118505065375e-09
Layer conv1.lin.weight grad: 9.424057090257065e-10
Layer conv1.lin.weight grad: 9.424057090257065e-10
Layer conv1.lin.weight grad: 9.424057090257065e-10
Layer conv1.lin.weight grad: 9.424057090257065e-10
Layer conv2.att_src grad: 6.104722304924037e-14
Layer conv2.att_src grad: 6.104722304924037e-14
Layer conv2.att_src grad: 6.104722304924037e-14
Layer conv2.att_src grad: 6.104722304924037e-14
Layer conv2.att_dst grad: 2.863161774726078e-14
Layer conv2.att_dst grad: 2.863161774726078e-14Layer conv2.att_dst grad: 2.863161774726078e-14

Layer conv2.att_dst grad: 2.863161774726078e-14Layer conv2.bias grad: 9.998990968540511e-09

Layer conv2.bias grad: 9.998990968540511e-09Layer conv2.bias grad: 9.998990968540511e-09

Layer conv2.bias grad: 9.998990968540511e-09
Layer conv2.lin.weight grad: 2.181770181186593e-10
Layer conv2.lin.weight grad: 2.181770181186593e-10Layer conv2.lin.weight grad: 2.181770181186593e-10

Layer conv3.att_src grad: 2.397079184993968e-14Layer conv2.lin.weight grad: 2.181770181186593e-10

Layer conv3.att_src grad: 2.397079184993968e-14Layer conv3.att_src grad: 2.397079184993968e-14

Layer conv3.att_dst grad: 1.2567195751384506e-14
Layer conv3.att_dst grad: 1.2567195751384506e-14Layer conv3.att_dst grad: 1.2567195751384506e-14Layer conv3.att_src grad: 2.397079184993968e-14


Layer conv3.bias grad: 9.415980173343996e-08
Layer conv3.bias grad: 9.415980173343996e-08Layer conv3.bias grad: 9.415980173343996e-08

Layer conv3.att_dst grad: 1.2567195751384506e-14
Layer conv3.lin.weight grad: 2.461600367986705e-10
Layer conv3.lin.weight grad: 2.461600367986705e-10Layer conv3.lin.weight grad: 2.461600367986705e-10
Layer conv3.bias grad: 9.415980173343996e-08

Layer conv4.att_src grad: 2.1890719488840138e-14
Layer conv4.att_src grad: 2.1890719488840138e-14
Layer conv4.att_src grad: 2.1890719488840138e-14
Layer conv4.att_dst grad: 9.010462901249284e-15
Layer conv3.lin.weight grad: 2.461600367986705e-10
Layer conv4.att_dst grad: 9.010462901249284e-15
Layer conv4.att_dst grad: 9.010462901249284e-15
Layer conv4.bias grad: 4.021073323201563e-07
Layer conv4.att_src grad: 2.1890719488840138e-14
Layer conv4.bias grad: 4.021073323201563e-07
Layer conv4.bias grad: 4.021073323201563e-07
Layer conv4.lin.weight grad: 3.743370613484842e-10
Layer conv4.att_dst grad: 9.010462901249284e-15
Layer conv4.lin.weight grad: 3.743370613484842e-10
Layer conv4.lin.weight grad: 3.743370613484842e-10
Layer fc.weight grad: 6.583081191280371e-09
Layer conv4.bias grad: 4.021073323201563e-07Layer fc.weight grad: 6.583081191280371e-09

Layer fc.weight grad: 6.583081191280371e-09
Layer fc.bias grad: 5.0923958951898385e-06
Layer fc.bias grad: 5.0923958951898385e-06
Layer fc.bias grad: 5.0923958951898385e-06Layer conv4.lin.weight grad: 3.743370613484842e-10

Layer fc.weight grad: 6.583081191280371e-09
Layer fc.bias grad: 5.0923958951898385e-06
Layer conv1.att_src grad: 1.5311969086325566e-13Layer conv1.att_src grad: 1.5311969086325566e-13Layer conv1.att_src grad: 1.5311969086325566e-13Layer conv1.att_src grad: 1.5311969086325566e-13



Layer conv1.att_dst grad: 5.861137990963508e-14Layer conv1.att_dst grad: 5.861137990963508e-14Layer conv1.att_dst grad: 5.861137990963508e-14

Layer conv1.att_dst grad: 5.861137990963508e-14

Layer conv1.bias grad: 7.621345776698263e-10Layer conv1.bias grad: 7.621345776698263e-10

Layer conv1.bias grad: 7.621345776698263e-10
Layer conv1.bias grad: 7.621345776698263e-10
Layer conv1.lin.weight grad: 5.027607774543696e-10Layer conv1.lin.weight grad: 5.027607774543696e-10
Layer conv1.lin.weight grad: 5.027607774543696e-10

Layer conv1.lin.weight grad: 5.027607774543696e-10
Layer conv2.att_src grad: 2.8049773875132855e-14
Layer conv2.att_src grad: 2.8049773875132855e-14Layer conv2.att_src grad: 2.8049773875132855e-14

Layer conv2.att_src grad: 2.8049773875132855e-14
Layer conv2.att_dst grad: 1.3560254637646606e-14
Layer conv2.att_dst grad: 1.3560254637646606e-14Layer conv2.att_dst grad: 1.3560254637646606e-14

Layer conv2.att_dst grad: 1.3560254637646606e-14
Layer conv2.bias grad: 5.005803327406966e-09
Layer conv2.bias grad: 5.005803327406966e-09Layer conv2.bias grad: 5.005803327406966e-09

Layer conv2.bias grad: 5.005803327406966e-09
Layer conv2.lin.weight grad: 1.0987995235911541e-10
Layer conv2.lin.weight grad: 1.0987995235911541e-10Layer conv2.lin.weight grad: 1.0987995235911541e-10

Layer conv2.lin.weight grad: 1.0987995235911541e-10
Layer conv3.att_src grad: 9.348406177314174e-15
Layer conv3.att_src grad: 9.348406177314174e-15
Layer conv3.att_src grad: 9.348406177314174e-15
Layer conv3.att_src grad: 9.348406177314174e-15
Layer conv3.att_dst grad: 3.857096662462228e-15
Layer conv3.att_dst grad: 3.857096662462228e-15
Layer conv3.att_dst grad: 3.857096662462228e-15
Layer conv3.att_dst grad: 3.857096662462228e-15
Layer conv3.bias grad: 3.557818928356937e-08
Layer conv3.bias grad: 3.557818928356937e-08
Layer conv3.bias grad: 3.557818928356937e-08Layer conv3.bias grad: 3.557818928356937e-08

Layer conv3.lin.weight grad: 1.0073539918886709e-10
Layer conv3.lin.weight grad: 1.0073539918886709e-10
Layer conv3.lin.weight grad: 1.0073539918886709e-10Layer conv3.lin.weight grad: 1.0073539918886709e-10
Layer conv4.att_src grad: 1.1849972297362822e-14

Layer conv4.att_src grad: 1.1849972297362822e-14
Layer conv4.att_src grad: 1.1849972297362822e-14Layer conv4.att_dst grad: 6.515144496219583e-15
Layer conv4.att_src grad: 1.1849972297362822e-14

Layer conv4.att_dst grad: 6.515144496219583e-15
Layer conv4.att_dst grad: 6.515144496219583e-15
Layer conv4.bias grad: 1.769074344792898e-07Layer conv4.att_dst grad: 6.515144496219583e-15

Layer conv4.bias grad: 1.769074344792898e-07
Layer conv4.bias grad: 1.769074344792898e-07
Layer conv4.bias grad: 1.769074344792898e-07
Layer conv4.lin.weight grad: 1.5511354700681323e-10
Layer conv4.lin.weight grad: 1.5511354700681323e-10
Layer conv4.lin.weight grad: 1.5511354700681323e-10
Layer conv4.lin.weight grad: 1.5511354700681323e-10Layer fc.weight grad: 3.4623977018810592e-09

Layer fc.weight grad: 3.4623977018810592e-09
Layer fc.weight grad: 3.4623977018810592e-09
Layer fc.bias grad: 2.6575960418995237e-06
Layer fc.weight grad: 3.4623977018810592e-09Layer fc.bias grad: 2.6575960418995237e-06

Layer fc.bias grad: 2.6575960418995237e-06
Layer fc.bias grad: 2.6575960418995237e-06
Layer conv1.att_src grad: 2.0788754019011174e-13Layer conv1.att_src grad: 2.0788754019011174e-13Layer conv1.att_src grad: 2.0788754019011174e-13Layer conv1.att_src grad: 2.0788754019011174e-13



Layer conv1.att_dst grad: 7.235324942260132e-14Layer conv1.att_dst grad: 7.235324942260132e-14Layer conv1.att_dst grad: 7.235324942260132e-14
Layer conv1.att_dst grad: 7.235324942260132e-14


Layer conv1.bias grad: 6.60885846048842e-10
Layer conv1.bias grad: 6.60885846048842e-10Layer conv1.bias grad: 6.60885846048842e-10
Layer conv1.bias grad: 6.60885846048842e-10

Layer conv1.lin.weight grad: 3.678878035540123e-10
Layer conv1.lin.weight grad: 3.678878035540123e-10
Layer conv1.lin.weight grad: 3.678878035540123e-10Layer conv1.lin.weight grad: 3.678878035540123e-10

Layer conv2.att_src grad: 2.1578154166907934e-14
Layer conv2.att_src grad: 2.1578154166907934e-14
Layer conv2.att_src grad: 2.1578154166907934e-14Layer conv2.att_src grad: 2.1578154166907934e-14

Layer conv2.att_dst grad: 1.1034420176626175e-14
Layer conv2.att_dst grad: 1.1034420176626175e-14
Layer conv2.att_dst grad: 1.1034420176626175e-14Layer conv2.att_dst grad: 1.1034420176626175e-14

Layer conv2.bias grad: 5.0292765507720105e-09
Layer conv2.bias grad: 5.0292765507720105e-09
Layer conv2.bias grad: 5.0292765507720105e-09Layer conv2.bias grad: 5.0292765507720105e-09

Layer conv2.lin.weight grad: 8.676633023174674e-11
Layer conv2.lin.weight grad: 8.676633023174674e-11
Layer conv2.lin.weight grad: 8.676633023174674e-11Layer conv2.lin.weight grad: 8.676633023174674e-11

Layer conv3.att_src grad: 5.2952290108591e-15
Layer conv3.att_src grad: 5.2952290108591e-15
Layer conv3.att_src grad: 5.2952290108591e-15Layer conv3.att_src grad: 5.2952290108591e-15

Layer conv3.att_dst grad: 1.831636750636908e-15
Layer conv3.att_dst grad: 1.831636750636908e-15
Layer conv3.att_dst grad: 1.831636750636908e-15Layer conv3.att_dst grad: 1.831636750636908e-15
Layer conv3.bias grad: 4.676237352896351e-08
Layer conv3.bias grad: 4.676237352896351e-08

Layer conv3.bias grad: 4.676237352896351e-08Layer conv3.bias grad: 4.676237352896351e-08

Layer conv3.lin.weight grad: 8.407897988949031e-11Layer conv3.lin.weight grad: 8.407897988949031e-11

Layer conv3.lin.weight grad: 8.407897988949031e-11Layer conv3.lin.weight grad: 8.407897988949031e-11

Layer conv4.att_src grad: 1.1374607242968342e-14Layer conv4.att_src grad: 1.1374607242968342e-14

Layer conv4.att_src grad: 1.1374607242968342e-14
Layer conv4.att_dst grad: 5.211776360280291e-15Layer conv4.att_src grad: 1.1374607242968342e-14Layer conv4.att_dst grad: 5.211776360280291e-15


Layer conv4.att_dst grad: 5.211776360280291e-15
Layer conv4.bias grad: 2.6542494424575125e-07Layer conv4.att_dst grad: 5.211776360280291e-15Layer conv4.bias grad: 2.6542494424575125e-07


Layer conv4.bias grad: 2.6542494424575125e-07
Layer conv4.bias grad: 2.6542494424575125e-07
Layer conv4.lin.weight grad: 1.9279824958751135e-10
Layer conv4.lin.weight grad: 1.9279824958751135e-10
Layer conv4.lin.weight grad: 1.9279824958751135e-10
Layer conv4.lin.weight grad: 1.9279824958751135e-10
Layer fc.weight grad: 4.814916465534225e-09
Layer fc.weight grad: 4.814916465534225e-09
Layer fc.weight grad: 4.814916465534225e-09
Layer fc.bias grad: 3.7940742458886234e-06Layer fc.weight grad: 4.814916465534225e-09

Layer fc.bias grad: 3.7940742458886234e-06
Layer fc.bias grad: 3.7940742458886234e-06
Layer fc.bias grad: 3.7940742458886234e-06
Layer conv1.att_src grad: 9.059889476007235e-14Layer conv1.att_src grad: 9.059889476007235e-14Layer conv1.att_src grad: 9.059889476007235e-14Layer conv1.att_src grad: 9.059889476007235e-14



Layer conv1.att_dst grad: 3.2289258479435354e-14Layer conv1.att_dst grad: 3.2289258479435354e-14Layer conv1.att_dst grad: 3.2289258479435354e-14Layer conv1.att_dst grad: 3.2289258479435354e-14



Layer conv1.bias grad: 6.428200194363853e-10Layer conv1.bias grad: 6.428200194363853e-10
Layer conv1.bias grad: 6.428200194363853e-10
Layer conv1.bias grad: 6.428200194363853e-10

Layer conv1.lin.weight grad: 3.8522895984272054e-10Layer conv1.lin.weight grad: 3.8522895984272054e-10
Layer conv1.lin.weight grad: 3.8522895984272054e-10Layer conv1.lin.weight grad: 3.8522895984272054e-10


Layer conv2.att_src grad: 1.6071264328024193e-14
Layer conv2.att_src grad: 1.6071264328024193e-14Layer conv2.att_src grad: 1.6071264328024193e-14Layer conv2.att_src grad: 1.6071264328024193e-14


Layer conv2.att_dst grad: 6.96388137585123e-15
Layer conv2.att_dst grad: 6.96388137585123e-15Layer conv2.att_dst grad: 6.96388137585123e-15Layer conv2.att_dst grad: 6.96388137585123e-15


Layer conv2.bias grad: 5.181341578008869e-09
Layer conv2.bias grad: 5.181341578008869e-09Layer conv2.bias grad: 5.181341578008869e-09Layer conv2.bias grad: 5.181341578008869e-09


Layer conv2.lin.weight grad: 8.518397098811192e-11
Layer conv2.lin.weight grad: 8.518397098811192e-11Layer conv2.lin.weight grad: 8.518397098811192e-11Layer conv2.lin.weight grad: 8.518397098811192e-11


Layer conv3.att_src grad: 3.8119595472524675e-15
Layer conv3.att_src grad: 3.8119595472524675e-15Layer conv3.att_src grad: 3.8119595472524675e-15
Layer conv3.att_src grad: 3.8119595472524675e-15
Layer conv3.att_dst grad: 8.042099260564383e-16

Layer conv3.att_dst grad: 8.042099260564383e-16
Layer conv3.att_dst grad: 8.042099260564383e-16
Layer conv3.att_dst grad: 8.042099260564383e-16Layer conv3.bias grad: 4.965563249470506e-08

Layer conv3.bias grad: 4.965563249470506e-08
Layer conv3.bias grad: 4.965563249470506e-08
Layer conv3.bias grad: 4.965563249470506e-08
Layer conv3.lin.weight grad: 8.243299098875667e-11
Layer conv3.lin.weight grad: 8.243299098875667e-11
Layer conv3.lin.weight grad: 8.243299098875667e-11
Layer conv3.lin.weight grad: 8.243299098875667e-11
Layer conv4.att_src grad: 5.803397957234845e-15
Layer conv4.att_src grad: 5.803397957234845e-15
Layer conv4.att_src grad: 5.803397957234845e-15
Layer conv4.att_src grad: 5.803397957234845e-15Layer conv4.att_dst grad: 1.7438122453799641e-15

Layer conv4.att_dst grad: 1.7438122453799641e-15
Layer conv4.att_dst grad: 1.7438122453799641e-15
Layer conv4.att_dst grad: 1.7438122453799641e-15Layer conv4.bias grad: 3.1191308380584815e-07

Layer conv4.bias grad: 3.1191308380584815e-07
Layer conv4.bias grad: 3.1191308380584815e-07
Layer conv4.bias grad: 3.1191308380584815e-07
Layer conv4.lin.weight grad: 2.089292905349538e-10
Layer conv4.lin.weight grad: 2.089292905349538e-10
Layer conv4.lin.weight grad: 2.089292905349538e-10
Layer conv4.lin.weight grad: 2.089292905349538e-10
Layer fc.weight grad: 6.125246976296239e-09
Layer fc.weight grad: 6.125246976296239e-09
Layer fc.weight grad: 6.125246976296239e-09
Layer fc.weight grad: 6.125246976296239e-09Layer fc.bias grad: 5.181691449251957e-06

Layer fc.bias grad: 5.181691449251957e-06
Layer fc.bias grad: 5.181691449251957e-06
Layer fc.bias grad: 5.181691449251957e-06
Layer conv1.att_src grad: 7.773987074737032e-14Layer conv1.att_src grad: 7.773987074737032e-14Layer conv1.att_src grad: 7.773987074737032e-14
Layer conv1.att_src grad: 7.773987074737032e-14


Layer conv1.att_dst grad: 4.245705891893492e-14
Layer conv1.att_dst grad: 4.245705891893492e-14
Layer conv1.att_dst grad: 4.245705891893492e-14
Layer conv1.att_dst grad: 4.245705891893492e-14
Layer conv1.bias grad: 1.7192505197272112e-09
Layer conv1.bias grad: 1.7192505197272112e-09
Layer conv1.bias grad: 1.7192505197272112e-09
Layer conv1.lin.weight grad: 9.195113559457013e-10
Layer conv1.bias grad: 1.7192505197272112e-09
Layer conv1.lin.weight grad: 9.195113559457013e-10
Layer conv2.att_src grad: 3.3946431006893346e-14
Layer conv1.lin.weight grad: 9.195113559457013e-10
Layer conv2.att_src grad: 3.3946431006893346e-14Layer conv1.lin.weight grad: 9.195113559457013e-10
Layer conv2.att_dst grad: 1.8315254505076387e-14

Layer conv2.att_src grad: 3.3946431006893346e-14Layer conv2.bias grad: 1.4733173792080834e-08
Layer conv2.att_dst grad: 1.8315254505076387e-14

Layer conv2.att_src grad: 3.3946431006893346e-14
Layer conv2.bias grad: 1.4733173792080834e-08
Layer conv2.lin.weight grad: 2.093178824713604e-10Layer conv2.att_dst grad: 1.8315254505076387e-14

Layer conv2.att_dst grad: 1.8315254505076387e-14
Layer conv3.att_src grad: 8.362192164298836e-15
Layer conv2.lin.weight grad: 2.093178824713604e-10
Layer conv2.bias grad: 1.4733173792080834e-08
Layer conv3.att_dst grad: 1.5414406159296244e-15
Layer conv2.bias grad: 1.4733173792080834e-08
Layer conv3.att_src grad: 8.362192164298836e-15
Layer conv3.bias grad: 1.4774170153941668e-07
Layer conv2.lin.weight grad: 2.093178824713604e-10
Layer conv3.att_dst grad: 1.5414406159296244e-15
Layer conv3.lin.weight grad: 2.1682894368879602e-10
Layer conv2.lin.weight grad: 2.093178824713604e-10
Layer conv3.bias grad: 1.4774170153941668e-07
Layer conv3.att_src grad: 8.362192164298836e-15
Layer conv4.att_src grad: 1.5794247284822358e-14
Layer conv4.att_dst grad: 6.553745481691856e-15Layer conv3.att_src grad: 8.362192164298836e-15Layer conv3.lin.weight grad: 2.1682894368879602e-10

Layer conv3.att_dst grad: 1.5414406159296244e-15

Layer conv4.bias grad: 1.1067386367358267e-06
Layer conv4.att_src grad: 1.5794247284822358e-14
Layer conv3.att_dst grad: 1.5414406159296244e-15Layer conv3.bias grad: 1.4774170153941668e-07

Layer conv4.lin.weight grad: 6.893230430904396e-10
Layer conv4.att_dst grad: 6.553745481691856e-15
Layer fc.weight grad: 1.857222287071636e-08
Layer conv3.bias grad: 1.4774170153941668e-07
Layer conv3.lin.weight grad: 2.1682894368879602e-10
Layer conv4.bias grad: 1.1067386367358267e-06
Layer fc.bias grad: 1.838631033024285e-05
Layer conv4.lin.weight grad: 6.893230430904396e-10Layer conv4.att_src grad: 1.5794247284822358e-14

Layer conv3.lin.weight grad: 2.1682894368879602e-10
Layer fc.weight grad: 1.857222287071636e-08
Layer conv4.att_dst grad: 6.553745481691856e-15
Layer conv4.att_src grad: 1.5794247284822358e-14
Layer fc.bias grad: 1.838631033024285e-05
Layer conv4.bias grad: 1.1067386367358267e-06
Layer conv4.att_dst grad: 6.553745481691856e-15
Layer conv4.lin.weight grad: 6.893230430904396e-10
Layer conv4.bias grad: 1.1067386367358267e-06
Layer fc.weight grad: 1.857222287071636e-08
Layer conv4.lin.weight grad: 6.893230430904396e-10
Layer fc.bias grad: 1.838631033024285e-05
Layer fc.weight grad: 1.857222287071636e-08
Layer fc.bias grad: 1.838631033024285e-05
Precision: 0.0000, Recall: 0.0004, F1-Score: 0.0000
Fold 1, Epoch 3, Train Loss: 0.0011, Val Loss: 0.0011, Val Acc: 0.0005
Completed Fold 1
Starting Fold 2
Class weights: [2.12166641e-05 5.70205001e-02 5.46771919e-02 5.54365974e-02
 4.92769754e-02 5.46771919e-02 5.54365974e-02 5.70205001e-02
 5.25188817e-02 5.70205001e-02 5.25188817e-02 5.54365974e-02
 5.39383109e-02 5.70205001e-02 6.04762880e-02 5.86975737e-02
 5.39383109e-02 5.78468842e-02 5.70205001e-02]
Class weights: [2.12166641e-05 5.70205001e-02 5.46771919e-02 5.54365974e-02
 4.92769754e-02 5.46771919e-02 5.54365974e-02 5.70205001e-02
 5.25188817e-02 5.70205001e-02 5.25188817e-02 5.54365974e-02
 5.39383109e-02 5.70205001e-02 6.04762880e-02 5.86975737e-02
 5.39383109e-02 5.78468842e-02 5.70205001e-02]
Class weights: [2.12166641e-05 5.70205001e-02 5.46771919e-02 5.54365974e-02
 4.92769754e-02 5.46771919e-02 5.54365974e-02 5.70205001e-02
 5.25188817e-02 5.70205001e-02 5.25188817e-02 5.54365974e-02
 5.39383109e-02 5.70205001e-02 6.04762880e-02 5.86975737e-02
 5.39383109e-02 5.78468842e-02 5.70205001e-02]
Class weights: [2.12166641e-05 5.70205001e-02 5.46771919e-02 5.54365974e-02
 4.92769754e-02 5.46771919e-02 5.54365974e-02 5.70205001e-02
 5.25188817e-02 5.70205001e-02 5.25188817e-02 5.54365974e-02
 5.39383109e-02 5.70205001e-02 6.04762880e-02 5.86975737e-02
 5.39383109e-02 5.78468842e-02 5.70205001e-02]
Class weights: [2.02875088e-05 4.77079434e-02 5.61269922e-02 5.30088260e-02
 1.06017652e-01 5.61269922e-02 5.30088260e-02 4.77079434e-02
 6.81542048e-02 4.77079434e-02 6.81542048e-02 5.30088260e-02
 5.96349292e-02 4.77079434e-02 3.97566195e-02 4.33708576e-02
 5.96349292e-02 4.54361365e-02 4.77079434e-02]
Class weights: [2.02875088e-05 4.77079434e-02 5.61269922e-02 5.30088260e-02
 1.06017652e-01 5.61269922e-02 5.30088260e-02 4.77079434e-02
 6.81542048e-02 4.77079434e-02 6.81542048e-02 5.30088260e-02
 5.96349292e-02 4.77079434e-02 3.97566195e-02 4.33708576e-02
 5.96349292e-02 4.54361365e-02 4.77079434e-02]
Class weights: [2.02875088e-05 4.77079434e-02 5.61269922e-02 5.30088260e-02
 1.06017652e-01 5.61269922e-02 5.30088260e-02 4.77079434e-02
 6.81542048e-02 4.77079434e-02 6.81542048e-02 5.30088260e-02
 5.96349292e-02 4.77079434e-02 3.97566195e-02 4.33708576e-02
 5.96349292e-02 4.54361365e-02 4.77079434e-02]
Class weights: [2.02875088e-05 4.77079434e-02 5.61269922e-02 5.30088260e-02
 1.06017652e-01 5.61269922e-02 5.30088260e-02 4.77079434e-02
 6.81542048e-02 4.77079434e-02 6.81542048e-02 5.30088260e-02
 5.96349292e-02 4.77079434e-02 3.97566195e-02 4.33708576e-02
 5.96349292e-02 4.54361365e-02 4.77079434e-02]
Layer conv1.att_src grad: 8.681866803163935e-14Layer conv1.att_src grad: 8.681866803163935e-14Layer conv1.att_src grad: 8.681866803163935e-14Layer conv1.att_src grad: 8.681866803163935e-14



Layer conv1.att_dst grad: 1.9660044669718782e-14
Layer conv1.att_dst grad: 1.9660044669718782e-14
Layer conv1.att_dst grad: 1.9660044669718782e-14
Layer conv1.att_dst grad: 1.9660044669718782e-14
Layer conv1.bias grad: 3.608441601077317e-10
Layer conv1.bias grad: 3.608441601077317e-10
Layer conv1.bias grad: 3.608441601077317e-10
Layer conv1.bias grad: 3.608441601077317e-10
Layer conv1.lin.weight grad: 2.0846185888601099e-10
Layer conv1.lin.weight grad: 2.0846185888601099e-10
Layer conv1.lin.weight grad: 2.0846185888601099e-10
Layer conv1.lin.weight grad: 2.0846185888601099e-10
Layer conv2.att_src grad: 8.404390498698098e-15
Layer conv2.att_src grad: 8.404390498698098e-15
Layer conv2.att_src grad: 8.404390498698098e-15
Layer conv2.att_src grad: 8.404390498698098e-15
Layer conv2.att_dst grad: 4.550453269129128e-15
Layer conv2.att_dst grad: 4.550453269129128e-15
Layer conv2.att_dst grad: 4.550453269129128e-15
Layer conv2.att_dst grad: 4.550453269129128e-15
Layer conv2.bias grad: 2.546140631665139e-09
Layer conv2.bias grad: 2.546140631665139e-09
Layer conv2.bias grad: 2.546140631665139e-09
Layer conv2.bias grad: 2.546140631665139e-09
Layer conv2.lin.weight grad: 3.6617521514958895e-11
Layer conv2.lin.weight grad: 3.6617521514958895e-11
Layer conv2.lin.weight grad: 3.6617521514958895e-11
Layer conv2.lin.weight grad: 3.6617521514958895e-11
Layer conv3.att_src grad: 1.3508963192800333e-15
Layer conv3.att_src grad: 1.3508963192800333e-15
Layer conv3.att_src grad: 1.3508963192800333e-15
Layer conv3.att_src grad: 1.3508963192800333e-15
Layer conv3.att_dst grad: 2.755416176868368e-16
Layer conv3.att_dst grad: 2.755416176868368e-16
Layer conv3.att_dst grad: 2.755416176868368e-16
Layer conv3.att_dst grad: 2.755416176868368e-16
Layer conv3.bias grad: 2.155327294417475e-08
Layer conv3.bias grad: 2.155327294417475e-08
Layer conv3.bias grad: 2.155327294417475e-08Layer conv3.bias grad: 2.155327294417475e-08

Layer conv3.lin.weight grad: 3.4391132303079885e-11
Layer conv3.lin.weight grad: 3.4391132303079885e-11
Layer conv3.lin.weight grad: 3.4391132303079885e-11Layer conv3.lin.weight grad: 3.4391132303079885e-11

Layer conv4.att_src grad: 2.3860880007671014e-15
Layer conv4.att_src grad: 2.3860880007671014e-15
Layer conv4.att_src grad: 2.3860880007671014e-15Layer conv4.att_src grad: 2.3860880007671014e-15

Layer conv4.att_dst grad: 1.101815799107184e-15
Layer conv4.att_dst grad: 1.101815799107184e-15
Layer conv4.att_dst grad: 1.101815799107184e-15Layer conv4.att_dst grad: 1.101815799107184e-15

Layer conv4.bias grad: 1.8988582439760648e-07
Layer conv4.bias grad: 1.8988582439760648e-07
Layer conv4.bias grad: 1.8988582439760648e-07Layer conv4.bias grad: 1.8988582439760648e-07

Layer conv4.lin.weight grad: 1.1124522830696648e-10
Layer conv4.lin.weight grad: 1.1124522830696648e-10
Layer conv4.lin.weight grad: 1.1124522830696648e-10Layer conv4.lin.weight grad: 1.1124522830696648e-10

Layer fc.weight grad: 3.400149051202561e-09
Layer fc.weight grad: 3.400149051202561e-09
Layer fc.weight grad: 3.400149051202561e-09Layer fc.weight grad: 3.400149051202561e-09
Layer fc.bias grad: 3.969648332713405e-06

Layer fc.bias grad: 3.969648332713405e-06
Layer fc.bias grad: 3.969648332713405e-06
Layer fc.bias grad: 3.969648332713405e-06
Layer conv1.att_src grad: 1.580492667622134e-14Layer conv1.att_src grad: 1.580492667622134e-14Layer conv1.att_src grad: 1.580492667622134e-14Layer conv1.att_src grad: 1.580492667622134e-14



Layer conv1.att_dst grad: 3.3897991733738714e-15Layer conv1.att_dst grad: 3.3897991733738714e-15Layer conv1.att_dst grad: 3.3897991733738714e-15
Layer conv1.att_dst grad: 3.3897991733738714e-15


Layer conv1.bias grad: 8.007063068138365e-11
Layer conv1.bias grad: 8.007063068138365e-11Layer conv1.bias grad: 8.007063068138365e-11
Layer conv1.bias grad: 8.007063068138365e-11

Layer conv1.lin.weight grad: 4.574839812532261e-11
Layer conv1.lin.weight grad: 4.574839812532261e-11
Layer conv1.lin.weight grad: 4.574839812532261e-11Layer conv1.lin.weight grad: 4.574839812532261e-11

Layer conv2.att_src grad: 1.3026485814505995e-15
Layer conv2.att_src grad: 1.3026485814505995e-15
Layer conv2.att_src grad: 1.3026485814505995e-15Layer conv2.att_src grad: 1.3026485814505995e-15

Layer conv2.att_dst grad: 4.607815293229255e-16
Layer conv2.att_dst grad: 4.607815293229255e-16
Layer conv2.att_dst grad: 4.607815293229255e-16Layer conv2.att_dst grad: 4.607815293229255e-16

Layer conv2.bias grad: 8.194777634251693e-10
Layer conv2.bias grad: 8.194777634251693e-10
Layer conv2.bias grad: 8.194777634251693e-10Layer conv2.bias grad: 8.194777634251693e-10

Layer conv2.lin.weight grad: 1.0149239088041995e-11
Layer conv2.lin.weight grad: 1.0149239088041995e-11
Layer conv2.lin.weight grad: 1.0149239088041995e-11Layer conv2.lin.weight grad: 1.0149239088041995e-11

Layer conv3.att_src grad: 4.664641674869362e-16
Layer conv3.att_src grad: 4.664641674869362e-16
Layer conv3.att_src grad: 4.664641674869362e-16Layer conv3.att_src grad: 4.664641674869362e-16

Layer conv3.att_dst grad: 2.525029303264507e-16
Layer conv3.att_dst grad: 2.525029303264507e-16
Layer conv3.att_dst grad: 2.525029303264507e-16Layer conv3.att_dst grad: 2.525029303264507e-16

Layer conv3.bias grad: 1.6398571389686367e-08
Layer conv3.bias grad: 1.6398571389686367e-08
Layer conv3.bias grad: 1.6398571389686367e-08
Layer conv3.bias grad: 1.6398571389686367e-08
Layer conv3.lin.weight grad: 3.188948410892678e-11Layer conv3.lin.weight grad: 3.188948410892678e-11

Layer conv3.lin.weight grad: 3.188948410892678e-11
Layer conv3.lin.weight grad: 3.188948410892678e-11
Layer conv4.att_src grad: 7.914082089048157e-15Layer conv4.att_src grad: 7.914082089048157e-15

Layer conv4.att_src grad: 7.914082089048157e-15
Layer conv4.att_src grad: 7.914082089048157e-15
Layer conv4.att_dst grad: 2.8263863146617274e-15Layer conv4.att_dst grad: 2.8263863146617274e-15

Layer conv4.att_dst grad: 2.8263863146617274e-15
Layer conv4.att_dst grad: 2.8263863146617274e-15Layer conv4.bias grad: 2.01377162056815e-07Layer conv4.bias grad: 2.01377162056815e-07


Layer conv4.bias grad: 2.01377162056815e-07
Layer conv4.bias grad: 2.01377162056815e-07
Layer conv4.lin.weight grad: 3.958197380971029e-10Layer conv4.lin.weight grad: 3.958197380971029e-10

Layer conv4.lin.weight grad: 3.958197380971029e-10
Layer conv4.lin.weight grad: 3.958197380971029e-10Layer fc.weight grad: 7.60571783331443e-09
Layer fc.weight grad: 7.60571783331443e-09

Layer fc.weight grad: 7.60571783331443e-09
Layer fc.bias grad: 4.015178092231508e-06Layer fc.weight grad: 7.60571783331443e-09Layer fc.bias grad: 4.015178092231508e-06


Layer fc.bias grad: 4.015178092231508e-06
Layer fc.bias grad: 4.015178092231508e-06
Layer conv1.att_src grad: 5.970205849603529e-16Layer conv1.att_src grad: 5.970205849603529e-16Layer conv1.att_src grad: 5.970205849603529e-16Layer conv1.att_src grad: 5.970205849603529e-16



Layer conv1.att_dst grad: 8.200921379245913e-17Layer conv1.att_dst grad: 8.200921379245913e-17Layer conv1.att_dst grad: 8.200921379245913e-17
Layer conv1.att_dst grad: 8.200921379245913e-17


Layer conv1.bias grad: 1.2926937298374241e-11
Layer conv1.bias grad: 1.2926937298374241e-11Layer conv1.bias grad: 1.2926937298374241e-11
Layer conv1.bias grad: 1.2926937298374241e-11

Layer conv1.lin.weight grad: 7.640795982033488e-12
Layer conv1.lin.weight grad: 7.640795982033488e-12Layer conv1.lin.weight grad: 7.640795982033488e-12Layer conv1.lin.weight grad: 7.640795982033488e-12


Layer conv2.att_src grad: 9.844901156792182e-17
Layer conv2.att_src grad: 9.844901156792182e-17Layer conv2.att_src grad: 9.844901156792182e-17
Layer conv2.att_src grad: 9.844901156792182e-17

Layer conv2.att_dst grad: 2.210943266024406e-17
Layer conv2.att_dst grad: 2.210943266024406e-17
Layer conv2.att_dst grad: 2.210943266024406e-17Layer conv2.att_dst grad: 2.210943266024406e-17

Layer conv2.bias grad: 2.6296434474382124e-10
Layer conv2.bias grad: 2.6296434474382124e-10
Layer conv2.bias grad: 2.6296434474382124e-10Layer conv2.bias grad: 2.6296434474382124e-10

Layer conv2.lin.weight grad: 2.9450122895902098e-12
Layer conv2.lin.weight grad: 2.9450122895902098e-12
Layer conv2.lin.weight grad: 2.9450122895902098e-12Layer conv2.lin.weight grad: 2.9450122895902098e-12

Layer conv3.att_src grad: 8.531956909720042e-18
Layer conv3.att_src grad: 8.531956909720042e-18
Layer conv3.att_src grad: 8.531956909720042e-18Layer conv3.att_src grad: 8.531956909720042e-18

Layer conv3.att_dst grad: 3.905280144901679e-18
Layer conv3.att_dst grad: 3.905280144901679e-18
Layer conv3.att_dst grad: 3.905280144901679e-18Layer conv3.att_dst grad: 3.905280144901679e-18
Layer conv3.bias grad: 9.799608235994128e-09

Layer conv3.bias grad: 9.799608235994128e-09
Layer conv3.bias grad: 9.799608235994128e-09
Layer conv3.bias grad: 9.799608235994128e-09
Layer conv3.lin.weight grad: 6.323509858102705e-12
Layer conv3.lin.weight grad: 6.323509858102705e-12
Layer conv3.lin.weight grad: 6.323509858102705e-12
Layer conv3.lin.weight grad: 6.323509858102705e-12Layer conv4.att_src grad: 4.4132555310140865e-16

Layer conv4.att_src grad: 4.4132555310140865e-16
Layer conv4.att_src grad: 4.4132555310140865e-16
Layer conv4.att_dst grad: 1.3252668228317923e-16
Layer conv4.att_src grad: 4.4132555310140865e-16
Layer conv4.att_dst grad: 1.3252668228317923e-16
Layer conv4.att_dst grad: 1.3252668228317923e-16
Layer conv4.bias grad: 2.0066499928361736e-07
Layer conv4.att_dst grad: 1.3252668228317923e-16
Layer conv4.bias grad: 2.0066499928361736e-07
Layer conv4.bias grad: 2.0066499928361736e-07
Layer conv4.bias grad: 2.0066499928361736e-07Layer conv4.lin.weight grad: 1.540047811499079e-10

Layer conv4.lin.weight grad: 1.540047811499079e-10
Layer conv4.lin.weight grad: 1.540047811499079e-10
Layer fc.weight grad: 4.859307178861627e-09Layer conv4.lin.weight grad: 1.540047811499079e-10

Layer fc.weight grad: 4.859307178861627e-09
Layer fc.weight grad: 4.859307178861627e-09
Layer fc.bias grad: 4.26479482484865e-06
Layer fc.weight grad: 4.859307178861627e-09Layer fc.bias grad: 4.26479482484865e-06

Layer fc.bias grad: 4.26479482484865e-06
Layer fc.bias grad: 4.26479482484865e-06
Layer conv1.att_src grad: 6.359807124022617e-16Layer conv1.att_src grad: 6.359807124022617e-16Layer conv1.att_src grad: 6.359807124022617e-16Layer conv1.att_src grad: 6.359807124022617e-16



Layer conv1.att_dst grad: 2.575325854974671e-16Layer conv1.att_dst grad: 2.575325854974671e-16

Layer conv1.att_dst grad: 2.575325854974671e-16
Layer conv1.att_dst grad: 2.575325854974671e-16
Layer conv1.bias grad: 7.224139689232523e-12Layer conv1.bias grad: 7.224139689232523e-12
Layer conv1.bias grad: 7.224139689232523e-12
Layer conv1.bias grad: 7.224139689232523e-12

Layer conv1.lin.weight grad: 4.7124478798343805e-12Layer conv1.lin.weight grad: 4.7124478798343805e-12

Layer conv1.lin.weight grad: 4.7124478798343805e-12
Layer conv1.lin.weight grad: 4.7124478798343805e-12
Layer conv2.att_src grad: 4.680661714879901e-17Layer conv2.att_src grad: 4.680661714879901e-17

Layer conv2.att_src grad: 4.680661714879901e-17
Layer conv2.att_src grad: 4.680661714879901e-17
Layer conv2.att_dst grad: 1.539983653085898e-17Layer conv2.att_dst grad: 1.539983653085898e-17

Layer conv2.att_dst grad: 1.539983653085898e-17
Layer conv2.att_dst grad: 1.539983653085898e-17
Layer conv2.bias grad: 1.4966736183730234e-10Layer conv2.bias grad: 1.4966736183730234e-10

Layer conv2.bias grad: 1.4966736183730234e-10
Layer conv2.bias grad: 1.4966736183730234e-10
Layer conv2.lin.weight grad: 1.4751612474953046e-12Layer conv2.lin.weight grad: 1.4751612474953046e-12
Layer conv2.lin.weight grad: 1.4751612474953046e-12

Layer conv2.lin.weight grad: 1.4751612474953046e-12Layer conv3.att_src grad: 1.0849415065170043e-17

Layer conv3.att_src grad: 1.0849415065170043e-17Layer conv3.att_src grad: 1.0849415065170043e-17

Layer conv3.att_dst grad: 2.0587412888520975e-18
Layer conv3.att_dst grad: 2.0587412888520975e-18Layer conv3.att_dst grad: 2.0587412888520975e-18
Layer conv3.att_src grad: 1.0849415065170043e-17

Layer conv3.bias grad: 4.861514302234582e-09
Layer conv3.bias grad: 4.861514302234582e-09
Layer conv3.bias grad: 4.861514302234582e-09
Layer conv3.att_dst grad: 2.0587412888520975e-18
Layer conv3.lin.weight grad: 4.651323597115731e-12
Layer conv3.lin.weight grad: 4.651323597115731e-12
Layer conv3.lin.weight grad: 4.651323597115731e-12
Layer conv3.bias grad: 4.861514302234582e-09
Layer conv4.att_src grad: 2.248240111925483e-16
Layer conv4.att_src grad: 2.248240111925483e-16
Layer conv4.att_src grad: 2.248240111925483e-16
Layer conv4.att_dst grad: 6.901151306917659e-17Layer conv3.lin.weight grad: 4.651323597115731e-12

Layer conv4.att_dst grad: 6.901151306917659e-17
Layer conv4.att_dst grad: 6.901151306917659e-17
Layer conv4.bias grad: 1.310257857767283e-07
Layer conv4.bias grad: 1.310257857767283e-07
Layer conv4.att_src grad: 2.248240111925483e-16Layer conv4.bias grad: 1.310257857767283e-07

Layer conv4.lin.weight grad: 9.486700314198515e-11
Layer conv4.lin.weight grad: 9.486700314198515e-11
Layer conv4.att_dst grad: 6.901151306917659e-17Layer conv4.lin.weight grad: 9.486700314198515e-11

Layer fc.weight grad: 3.3337725913185068e-09
Layer fc.weight grad: 3.3337725913185068e-09
Layer fc.weight grad: 3.3337725913185068e-09Layer conv4.bias grad: 1.310257857767283e-07

Layer fc.bias grad: 4.132496542297304e-06
Layer fc.bias grad: 4.132496542297304e-06
Layer fc.bias grad: 4.132496542297304e-06
Layer conv4.lin.weight grad: 9.486700314198515e-11
Layer fc.weight grad: 3.3337725913185068e-09
Layer fc.bias grad: 4.132496542297304e-06
Layer conv1.att_src grad: 1.1497105359558495e-15Layer conv1.att_src grad: 1.1497105359558495e-15Layer conv1.att_src grad: 1.1497105359558495e-15Layer conv1.att_src grad: 1.1497105359558495e-15



Layer conv1.att_dst grad: 5.675597202636643e-16Layer conv1.att_dst grad: 5.675597202636643e-16
Layer conv1.att_dst grad: 5.675597202636643e-16
Layer conv1.att_dst grad: 5.675597202636643e-16

Layer conv1.bias grad: 1.4045254542738306e-11
Layer conv1.bias grad: 1.4045254542738306e-11
Layer conv1.bias grad: 1.4045254542738306e-11
Layer conv1.bias grad: 1.4045254542738306e-11
Layer conv1.lin.weight grad: 8.957432018341649e-12Layer conv1.lin.weight grad: 8.957432018341649e-12

Layer conv1.lin.weight grad: 8.957432018341649e-12
Layer conv1.lin.weight grad: 8.957432018341649e-12
Layer conv2.att_src grad: 5.731367704768438e-17Layer conv2.att_src grad: 5.731367704768438e-17

Layer conv2.att_src grad: 5.731367704768438e-17
Layer conv2.att_src grad: 5.731367704768438e-17
Layer conv2.att_dst grad: 2.9219900366807036e-17Layer conv2.att_dst grad: 2.9219900366807036e-17
Layer conv2.att_dst grad: 2.9219900366807036e-17

Layer conv2.bias grad: 2.0148673007813755e-10Layer conv2.att_dst grad: 2.9219900366807036e-17
Layer conv2.bias grad: 2.0148673007813755e-10Layer conv2.bias grad: 2.0148673007813755e-10


Layer conv2.lin.weight grad: 1.7681955075468658e-12Layer conv2.bias grad: 2.0148673007813755e-10

Layer conv2.lin.weight grad: 1.7681955075468658e-12Layer conv2.lin.weight grad: 1.7681955075468658e-12

Layer conv3.att_src grad: 5.675503234919057e-17
Layer conv3.att_src grad: 5.675503234919057e-17Layer conv3.att_src grad: 5.675503234919057e-17

Layer conv2.lin.weight grad: 1.7681955075468658e-12
Layer conv3.att_dst grad: 1.6524560627192232e-17
Layer conv3.att_dst grad: 1.6524560627192232e-17Layer conv3.att_dst grad: 1.6524560627192232e-17

Layer conv3.att_src grad: 5.675503234919057e-17
Layer conv3.bias grad: 4.198648095865565e-09
Layer conv3.bias grad: 4.198648095865565e-09Layer conv3.bias grad: 4.198648095865565e-09

Layer conv3.att_dst grad: 1.6524560627192232e-17
Layer conv3.lin.weight grad: 6.1806961458577e-12
Layer conv3.lin.weight grad: 6.1806961458577e-12Layer conv3.lin.weight grad: 6.1806961458577e-12

Layer conv3.bias grad: 4.198648095865565e-09Layer conv4.att_src grad: 4.3364444657746984e-16

Layer conv4.att_src grad: 4.3364444657746984e-16Layer conv4.att_src grad: 4.3364444657746984e-16

Layer conv4.att_dst grad: 6.397912489341628e-17
Layer conv4.att_dst grad: 6.397912489341628e-17Layer conv4.att_dst grad: 6.397912489341628e-17Layer conv3.lin.weight grad: 6.1806961458577e-12


Layer conv4.bias grad: 1.113762664317619e-07
Layer conv4.bias grad: 1.113762664317619e-07Layer conv4.bias grad: 1.113762664317619e-07

Layer conv4.att_src grad: 4.3364444657746984e-16
Layer conv4.lin.weight grad: 1.2872991561607705e-10
Layer conv4.lin.weight grad: 1.2872991561607705e-10Layer conv4.lin.weight grad: 1.2872991561607705e-10

Layer conv4.att_dst grad: 6.397912489341628e-17Layer fc.weight grad: 3.917975277545338e-09

Layer fc.weight grad: 3.917975277545338e-09Layer fc.weight grad: 3.917975277545338e-09

Layer fc.bias grad: 4.489107141125714e-06
Layer conv4.bias grad: 1.113762664317619e-07
Layer fc.bias grad: 4.489107141125714e-06Layer fc.bias grad: 4.489107141125714e-06

Layer conv4.lin.weight grad: 1.2872991561607705e-10
Layer fc.weight grad: 3.917975277545338e-09
Layer fc.bias grad: 4.489107141125714e-06
Layer conv1.att_src grad: 3.921793886006459e-15Layer conv1.att_src grad: 3.921793886006459e-15Layer conv1.att_src grad: 3.921793886006459e-15


Layer conv1.att_dst grad: 2.2821060244039267e-15
Layer conv1.att_dst grad: 2.2821060244039267e-15
Layer conv1.bias grad: 7.653995492962196e-11
Layer conv1.att_dst grad: 2.2821060244039267e-15
Layer conv1.bias grad: 7.653995492962196e-11
Layer conv1.lin.weight grad: 4.813891993360464e-11
Layer conv1.lin.weight grad: 4.813891993360464e-11
Layer conv1.bias grad: 7.653995492962196e-11Layer conv2.att_src grad: 3.5712645473783174e-16

Layer conv2.att_src grad: 3.5712645473783174e-16
Layer conv2.att_dst grad: 1.6954301469492721e-16
Layer conv2.bias grad: 9.497624908760827e-10
Layer conv2.att_dst grad: 1.6954301469492721e-16
Layer conv1.lin.weight grad: 4.813891993360464e-11
Layer conv1.att_src grad: 3.921793886006459e-15
Layer conv2.bias grad: 9.497624908760827e-10Layer conv2.lin.weight grad: 6.8476288007934816e-12

Layer conv1.att_dst grad: 2.2821060244039267e-15
Layer conv2.att_src grad: 3.5712645473783174e-16Layer conv3.att_src grad: 1.5407872094201565e-16

Layer conv2.lin.weight grad: 6.8476288007934816e-12
Layer conv1.bias grad: 7.653995492962196e-11
Layer conv3.att_dst grad: 4.879764750065905e-17
Layer conv3.att_src grad: 1.5407872094201565e-16
Layer conv1.lin.weight grad: 4.813891993360464e-11Layer conv2.att_dst grad: 1.6954301469492721e-16

Layer conv3.bias grad: 2.165448265145642e-08
Layer conv3.att_dst grad: 4.879764750065905e-17
Layer conv2.att_src grad: 3.5712645473783174e-16
Layer conv3.lin.weight grad: 2.4436990625487098e-11
Layer conv2.bias grad: 9.497624908760827e-10Layer conv3.bias grad: 2.165448265145642e-08Layer conv2.att_dst grad: 1.6954301469492721e-16


Layer conv4.att_src grad: 1.1416496410341856e-15
Layer conv2.bias grad: 9.497624908760827e-10
Layer conv4.att_dst grad: 3.8815808909564427e-16
Layer conv3.lin.weight grad: 2.4436990625487098e-11
Layer conv2.lin.weight grad: 6.8476288007934816e-12Layer conv4.bias grad: 4.472771593100333e-07

Layer conv2.lin.weight grad: 6.8476288007934816e-12
Layer conv4.att_src grad: 1.1416496410341856e-15
Layer conv3.att_src grad: 1.5407872094201565e-16Layer conv4.lin.weight grad: 4.171328005231345e-10

Layer conv4.att_dst grad: 3.8815808909564427e-16
Layer conv3.att_dst grad: 4.879764750065905e-17
Layer fc.weight grad: 1.5101862871347294e-08
Layer conv3.att_src grad: 1.5407872094201565e-16
Layer conv4.bias grad: 4.472771593100333e-07
Layer conv3.bias grad: 2.165448265145642e-08
Layer fc.bias grad: 1.860952215793077e-05
Layer conv4.lin.weight grad: 4.171328005231345e-10
Layer conv3.lin.weight grad: 2.4436990625487098e-11
Layer conv3.att_dst grad: 4.879764750065905e-17
Layer conv4.att_src grad: 1.1416496410341856e-15
Layer fc.weight grad: 1.5101862871347294e-08
Layer conv4.att_dst grad: 3.8815808909564427e-16Layer conv3.bias grad: 2.165448265145642e-08

Layer fc.bias grad: 1.860952215793077e-05
Layer conv4.bias grad: 4.472771593100333e-07
Layer conv4.lin.weight grad: 4.171328005231345e-10
Layer conv3.lin.weight grad: 2.4436990625487098e-11
Layer fc.weight grad: 1.5101862871347294e-08
Layer fc.bias grad: 1.860952215793077e-05
Layer conv4.att_src grad: 1.1416496410341856e-15
Layer conv4.att_dst grad: 3.8815808909564427e-16
Layer conv4.bias grad: 4.472771593100333e-07
Layer conv4.lin.weight grad: 4.171328005231345e-10
Layer fc.weight grad: 1.5101862871347294e-08
Layer fc.bias grad: 1.860952215793077e-05
Precision: 0.0000, Recall: 0.0003, F1-Score: 0.0000
Fold 2, Epoch 1, Train Loss: 0.0011, Val Loss: 0.0011, Val Acc: 0.0004
Layer conv1.att_src grad: 6.860002843386739e-16Layer conv1.att_src grad: 6.860002843386739e-16Layer conv1.att_src grad: 6.860002843386739e-16Layer conv1.att_src grad: 6.860002843386739e-16



Layer conv1.att_dst grad: 2.376528545743067e-16Layer conv1.att_dst grad: 2.376528545743067e-16Layer conv1.att_dst grad: 2.376528545743067e-16
Layer conv1.att_dst grad: 2.376528545743067e-16


Layer conv1.bias grad: 1.3479578564457029e-11
Layer conv1.bias grad: 1.3479578564457029e-11Layer conv1.bias grad: 1.3479578564457029e-11
Layer conv1.bias grad: 1.3479578564457029e-11

Layer conv1.lin.weight grad: 8.874493154231722e-12
Layer conv1.lin.weight grad: 8.874493154231722e-12
Layer conv1.lin.weight grad: 8.874493154231722e-12Layer conv1.lin.weight grad: 8.874493154231722e-12

Layer conv2.att_src grad: 4.2254126077217465e-17
Layer conv2.att_src grad: 4.2254126077217465e-17
Layer conv2.att_src grad: 4.2254126077217465e-17Layer conv2.att_src grad: 4.2254126077217465e-17

Layer conv2.att_dst grad: 1.9371069440360737e-17
Layer conv2.att_dst grad: 1.9371069440360737e-17
Layer conv2.att_dst grad: 1.9371069440360737e-17Layer conv2.att_dst grad: 1.9371069440360737e-17

Layer conv2.bias grad: 1.9510119908527912e-10
Layer conv2.bias grad: 1.9510119908527912e-10
Layer conv2.bias grad: 1.9510119908527912e-10Layer conv2.bias grad: 1.9510119908527912e-10

Layer conv2.lin.weight grad: 1.3031010732272863e-12
Layer conv2.lin.weight grad: 1.3031010732272863e-12
Layer conv2.lin.weight grad: 1.3031010732272863e-12Layer conv2.lin.weight grad: 1.3031010732272863e-12

Layer conv3.att_src grad: 5.451520592140928e-18
Layer conv3.att_src grad: 5.451520592140928e-18
Layer conv3.att_src grad: 5.451520592140928e-18Layer conv3.att_src grad: 5.451520592140928e-18

Layer conv3.att_dst grad: 2.88288511458129e-18
Layer conv3.att_dst grad: 2.88288511458129e-18
Layer conv3.att_dst grad: 2.88288511458129e-18Layer conv3.att_dst grad: 2.88288511458129e-18Layer conv3.bias grad: 3.526379632745602e-09


Layer conv3.bias grad: 3.526379632745602e-09
Layer conv3.bias grad: 3.526379632745602e-09Layer conv3.bias grad: 3.526379632745602e-09

Layer conv3.lin.weight grad: 1.7555392903267908e-12
Layer conv3.lin.weight grad: 1.7555392903267908e-12
Layer conv3.lin.weight grad: 1.7555392903267908e-12Layer conv3.lin.weight grad: 1.7555392903267908e-12
Layer conv4.att_src grad: 4.0549899096064263e-17

Layer conv4.att_src grad: 4.0549899096064263e-17
Layer conv4.att_src grad: 4.0549899096064263e-17Layer conv4.att_dst grad: 1.5581951923241105e-17
Layer conv4.att_src grad: 4.0549899096064263e-17
Layer conv4.att_dst grad: 1.5581951923241105e-17

Layer conv4.att_dst grad: 1.5581951923241105e-17
Layer conv4.bias grad: 6.730861912274122e-08
Layer conv4.att_dst grad: 1.5581951923241105e-17Layer conv4.bias grad: 6.730861912274122e-08

Layer conv4.bias grad: 6.730861912274122e-08
Layer conv4.lin.weight grad: 2.5253125979229907e-11Layer conv4.bias grad: 6.730861912274122e-08

Layer conv4.lin.weight grad: 2.5253125979229907e-11
Layer conv4.lin.weight grad: 2.5253125979229907e-11
Layer fc.weight grad: 2.2329029736312123e-09
Layer conv4.lin.weight grad: 2.5253125979229907e-11
Layer fc.weight grad: 2.2329029736312123e-09
Layer fc.weight grad: 2.2329029736312123e-09
Layer fc.bias grad: 3.3992771477642236e-06
Layer fc.weight grad: 2.2329029736312123e-09Layer fc.bias grad: 3.3992771477642236e-06

Layer fc.bias grad: 3.3992771477642236e-06
Layer fc.bias grad: 3.3992771477642236e-06
Layer conv1.att_src grad: 4.4069033133052713e-16Layer conv1.att_src grad: 4.4069033133052713e-16Layer conv1.att_src grad: 4.4069033133052713e-16Layer conv1.att_src grad: 4.4069033133052713e-16



Layer conv1.att_dst grad: 1.5240332947701605e-16Layer conv1.att_dst grad: 1.5240332947701605e-16Layer conv1.att_dst grad: 1.5240332947701605e-16Layer conv1.att_dst grad: 1.5240332947701605e-16



Layer conv1.bias grad: 8.952330196598801e-12Layer conv1.bias grad: 8.952330196598801e-12
Layer conv1.bias grad: 8.952330196598801e-12Layer conv1.bias grad: 8.952330196598801e-12


Layer conv1.lin.weight grad: 5.70075323752528e-12
Layer conv1.lin.weight grad: 5.70075323752528e-12
Layer conv1.lin.weight grad: 5.70075323752528e-12Layer conv1.lin.weight grad: 5.70075323752528e-12

Layer conv2.att_src grad: 2.3288294073307682e-17
Layer conv2.att_src grad: 2.3288294073307682e-17
Layer conv2.att_src grad: 2.3288294073307682e-17Layer conv2.att_src grad: 2.3288294073307682e-17

Layer conv2.att_dst grad: 5.392530206756709e-18
Layer conv2.att_dst grad: 5.392530206756709e-18
Layer conv2.att_dst grad: 5.392530206756709e-18Layer conv2.att_dst grad: 5.392530206756709e-18

Layer conv2.bias grad: 1.3957607292169882e-10
Layer conv2.bias grad: 1.3957607292169882e-10
Layer conv2.bias grad: 1.3957607292169882e-10Layer conv2.bias grad: 1.3957607292169882e-10

Layer conv2.lin.weight grad: 8.006199869736719e-13
Layer conv2.lin.weight grad: 8.006199869736719e-13
Layer conv2.lin.weight grad: 8.006199869736719e-13Layer conv2.lin.weight grad: 8.006199869736719e-13

Layer conv3.att_src grad: 5.889434144329564e-18
Layer conv3.att_src grad: 5.889434144329564e-18
Layer conv3.att_src grad: 5.889434144329564e-18Layer conv3.att_src grad: 5.889434144329564e-18

Layer conv3.att_dst grad: 2.0734998453412686e-18
Layer conv3.att_dst grad: 2.0734998453412686e-18
Layer conv3.att_dst grad: 2.0734998453412686e-18Layer conv3.att_dst grad: 2.0734998453412686e-18

Layer conv3.bias grad: 3.4051153008363144e-09
Layer conv3.bias grad: 3.4051153008363144e-09
Layer conv3.bias grad: 3.4051153008363144e-09Layer conv3.bias grad: 3.4051153008363144e-09

Layer conv3.lin.weight grad: 1.6822843031810697e-12
Layer conv3.lin.weight grad: 1.6822843031810697e-12
Layer conv3.lin.weight grad: 1.6822843031810697e-12Layer conv3.lin.weight grad: 1.6822843031810697e-12
Layer conv4.att_src grad: 5.975433631074864e-17

Layer conv4.att_src grad: 5.975433631074864e-17
Layer conv4.att_src grad: 5.975433631074864e-17Layer conv4.att_dst grad: 2.7735514831413277e-17
Layer conv4.att_src grad: 5.975433631074864e-17

Layer conv4.att_dst grad: 2.7735514831413277e-17
Layer conv4.att_dst grad: 2.7735514831413277e-17
Layer conv4.bias grad: 7.183510319919151e-08Layer conv4.att_dst grad: 2.7735514831413277e-17

Layer conv4.bias grad: 7.183510319919151e-08
Layer conv4.bias grad: 7.183510319919151e-08
Layer conv4.bias grad: 7.183510319919151e-08
Layer conv4.lin.weight grad: 3.083869964948249e-11
Layer conv4.lin.weight grad: 3.083869964948249e-11
Layer conv4.lin.weight grad: 3.083869964948249e-11
Layer conv4.lin.weight grad: 3.083869964948249e-11Layer fc.weight grad: 2.9081945740472293e-09

Layer fc.weight grad: 2.9081945740472293e-09
Layer fc.weight grad: 2.9081945740472293e-09
Layer fc.bias grad: 4.287026968086138e-06Layer fc.weight grad: 2.9081945740472293e-09

Layer fc.bias grad: 4.287026968086138e-06
Layer fc.bias grad: 4.287026968086138e-06
Layer fc.bias grad: 4.287026968086138e-06
Layer conv1.att_src grad: 1.1045292426839335e-16Layer conv1.att_src grad: 1.1045292426839335e-16Layer conv1.att_src grad: 1.1045292426839335e-16Layer conv1.att_src grad: 1.1045292426839335e-16



Layer conv1.att_dst grad: 2.206826222679607e-17Layer conv1.att_dst grad: 2.206826222679607e-17Layer conv1.att_dst grad: 2.206826222679607e-17Layer conv1.att_dst grad: 2.206826222679607e-17



Layer conv1.bias grad: 5.2257768425045814e-12Layer conv1.bias grad: 5.2257768425045814e-12Layer conv1.bias grad: 5.2257768425045814e-12

Layer conv1.bias grad: 5.2257768425045814e-12

Layer conv1.lin.weight grad: 3.0729865267004053e-12
Layer conv1.lin.weight grad: 3.0729865267004053e-12Layer conv1.lin.weight grad: 3.0729865267004053e-12Layer conv1.lin.weight grad: 3.0729865267004053e-12


Layer conv2.att_src grad: 9.688584535098851e-18
Layer conv2.att_src grad: 9.688584535098851e-18Layer conv2.att_src grad: 9.688584535098851e-18Layer conv2.att_src grad: 9.688584535098851e-18


Layer conv2.att_dst grad: 3.81097535121604e-18
Layer conv2.att_dst grad: 3.81097535121604e-18Layer conv2.att_dst grad: 3.81097535121604e-18Layer conv2.att_dst grad: 3.81097535121604e-18


Layer conv2.bias grad: 7.912779459440245e-11
Layer conv2.bias grad: 7.912779459440245e-11Layer conv2.bias grad: 7.912779459440245e-11Layer conv2.bias grad: 7.912779459440245e-11


Layer conv2.lin.weight grad: 4.1977228984468873e-13
Layer conv2.lin.weight grad: 4.1977228984468873e-13Layer conv2.lin.weight grad: 4.1977228984468873e-13
Layer conv2.lin.weight grad: 4.1977228984468873e-13

Layer conv3.att_src grad: 1.1264319761439904e-17
Layer conv3.att_src grad: 1.1264319761439904e-17
Layer conv3.att_src grad: 1.1264319761439904e-17Layer conv3.att_dst grad: 3.512631983783476e-18Layer conv3.att_src grad: 1.1264319761439904e-17


Layer conv3.att_dst grad: 3.512631983783476e-18
Layer conv3.att_dst grad: 3.512631983783476e-18Layer conv3.bias grad: 2.3617208189108396e-09Layer conv3.att_dst grad: 3.512631983783476e-18


Layer conv3.bias grad: 2.3617208189108396e-09
Layer conv3.bias grad: 2.3617208189108396e-09Layer conv3.bias grad: 2.3617208189108396e-09

Layer conv3.lin.weight grad: 2.21689658817803e-12
Layer conv3.lin.weight grad: 2.21689658817803e-12
Layer conv3.lin.weight grad: 2.21689658817803e-12Layer conv4.att_src grad: 1.4376167435600106e-16Layer conv3.lin.weight grad: 2.21689658817803e-12


Layer conv4.att_src grad: 1.4376167435600106e-16
Layer conv4.att_dst grad: 7.271057212428512e-17
Layer conv4.att_src grad: 1.4376167435600106e-16Layer conv4.att_src grad: 1.4376167435600106e-16

Layer conv4.att_dst grad: 7.271057212428512e-17
Layer conv4.bias grad: 5.251257562122191e-08
Layer conv4.att_dst grad: 7.271057212428512e-17Layer conv4.att_dst grad: 7.271057212428512e-17
Layer conv4.bias grad: 5.251257562122191e-08

Layer conv4.lin.weight grad: 4.8664280938304216e-11
Layer conv4.bias grad: 5.251257562122191e-08Layer conv4.bias grad: 5.251257562122191e-08

Layer conv4.lin.weight grad: 4.8664280938304216e-11
Layer fc.weight grad: 3.278876947732101e-09
Layer conv4.lin.weight grad: 4.8664280938304216e-11Layer conv4.lin.weight grad: 4.8664280938304216e-11
Layer fc.weight grad: 3.278876947732101e-09

Layer fc.bias grad: 3.539146746334154e-06
Layer fc.weight grad: 3.278876947732101e-09Layer fc.bias grad: 3.539146746334154e-06
Layer fc.weight grad: 3.278876947732101e-09

Layer fc.bias grad: 3.539146746334154e-06
Layer fc.bias grad: 3.539146746334154e-06
Layer conv1.att_src grad: 5.784335057240414e-17Layer conv1.att_src grad: 5.784335057240414e-17Layer conv1.att_src grad: 5.784335057240414e-17Layer conv1.att_src grad: 5.784335057240414e-17



Layer conv1.att_dst grad: 1.8995071184202308e-17Layer conv1.att_dst grad: 1.8995071184202308e-17Layer conv1.att_dst grad: 1.8995071184202308e-17Layer conv1.att_dst grad: 1.8995071184202308e-17



Layer conv1.bias grad: 2.409534377578737e-12Layer conv1.bias grad: 2.409534377578737e-12
Layer conv1.bias grad: 2.409534377578737e-12Layer conv1.bias grad: 2.409534377578737e-12


Layer conv1.lin.weight grad: 1.4263821243934438e-12
Layer conv1.lin.weight grad: 1.4263821243934438e-12Layer conv1.lin.weight grad: 1.4263821243934438e-12Layer conv1.lin.weight grad: 1.4263821243934438e-12


Layer conv2.att_src grad: 2.952480162213592e-18
Layer conv2.att_src grad: 2.952480162213592e-18Layer conv2.att_src grad: 2.952480162213592e-18Layer conv2.att_src grad: 2.952480162213592e-18


Layer conv2.att_dst grad: 9.878738882264073e-19
Layer conv2.att_dst grad: 9.878738882264073e-19Layer conv2.att_dst grad: 9.878738882264073e-19Layer conv2.att_dst grad: 9.878738882264073e-19


Layer conv2.bias grad: 5.8014440473819207e-11
Layer conv2.bias grad: 5.8014440473819207e-11Layer conv2.bias grad: 5.8014440473819207e-11
Layer conv2.bias grad: 5.8014440473819207e-11

Layer conv2.lin.weight grad: 2.2005199040980167e-13
Layer conv2.lin.weight grad: 2.2005199040980167e-13Layer conv2.lin.weight grad: 2.2005199040980167e-13
Layer conv2.lin.weight grad: 2.2005199040980167e-13

Layer conv3.att_src grad: 5.538690539452991e-18
Layer conv3.att_src grad: 5.538690539452991e-18
Layer conv3.att_dst grad: 1.266247771503445e-18Layer conv3.att_src grad: 5.538690539452991e-18Layer conv3.att_src grad: 5.538690539452991e-18


Layer conv3.att_dst grad: 1.266247771503445e-18
Layer conv3.bias grad: 2.1582102771589007e-09Layer conv3.att_dst grad: 1.266247771503445e-18
Layer conv3.att_dst grad: 1.266247771503445e-18

Layer conv3.bias grad: 2.1582102771589007e-09
Layer conv3.bias grad: 2.1582102771589007e-09Layer conv3.bias grad: 2.1582102771589007e-09
Layer conv3.lin.weight grad: 2.1178098337515383e-12

Layer conv3.lin.weight grad: 2.1178098337515383e-12
Layer conv3.lin.weight grad: 2.1178098337515383e-12Layer conv4.att_src grad: 1.167524274111318e-16

Layer conv3.lin.weight grad: 2.1178098337515383e-12
Layer conv4.att_src grad: 1.167524274111318e-16
Layer conv4.att_dst grad: 5.790411856892473e-17Layer conv4.att_src grad: 1.167524274111318e-16

Layer conv4.att_src grad: 1.167524274111318e-16
Layer conv4.att_dst grad: 5.790411856892473e-17
Layer conv4.bias grad: 5.2725440014000924e-08Layer conv4.att_dst grad: 5.790411856892473e-17

Layer conv4.att_dst grad: 5.790411856892473e-17
Layer conv4.bias grad: 5.2725440014000924e-08
Layer conv4.bias grad: 5.2725440014000924e-08
Layer conv4.lin.weight grad: 5.3969516355945046e-11Layer conv4.bias grad: 5.2725440014000924e-08

Layer conv4.lin.weight grad: 5.3969516355945046e-11
Layer conv4.lin.weight grad: 5.3969516355945046e-11
Layer fc.weight grad: 4.166512468373185e-09
Layer conv4.lin.weight grad: 5.3969516355945046e-11
Layer fc.weight grad: 4.166512468373185e-09
Layer fc.weight grad: 4.166512468373185e-09Layer fc.bias grad: 4.178920789854601e-06

Layer fc.bias grad: 4.178920789854601e-06Layer fc.weight grad: 4.166512468373185e-09

Layer fc.bias grad: 4.178920789854601e-06
Layer fc.bias grad: 4.178920789854601e-06
Layer conv1.att_src grad: 1.1554842136180778e-17Layer conv1.att_src grad: 1.1554842136180778e-17Layer conv1.att_src grad: 1.1554842136180778e-17Layer conv1.att_src grad: 1.1554842136180778e-17



Layer conv1.att_dst grad: 5.47576277435302e-18Layer conv1.att_dst grad: 5.47576277435302e-18Layer conv1.att_dst grad: 5.47576277435302e-18Layer conv1.att_dst grad: 5.47576277435302e-18



Layer conv1.bias grad: 1.2895576533694664e-12
Layer conv1.bias grad: 1.2895576533694664e-12Layer conv1.bias grad: 1.2895576533694664e-12Layer conv1.bias grad: 1.2895576533694664e-12


Layer conv1.lin.weight grad: 8.029502084928863e-13
Layer conv1.lin.weight grad: 8.029502084928863e-13Layer conv1.lin.weight grad: 8.029502084928863e-13Layer conv1.lin.weight grad: 8.029502084928863e-13


Layer conv2.att_src grad: 4.95187847994537e-19
Layer conv2.att_src grad: 4.95187847994537e-19Layer conv2.att_src grad: 4.95187847994537e-19Layer conv2.att_src grad: 4.95187847994537e-19


Layer conv2.att_dst grad: 1.7758761250416265e-19
Layer conv2.att_dst grad: 1.7758761250416265e-19Layer conv2.att_dst grad: 1.7758761250416265e-19Layer conv2.att_dst grad: 1.7758761250416265e-19


Layer conv2.bias grad: 4.362168612437323e-11
Layer conv2.bias grad: 4.362168612437323e-11Layer conv2.bias grad: 4.362168612437323e-11Layer conv2.bias grad: 4.362168612437323e-11


Layer conv2.lin.weight grad: 1.4029326745462756e-13
Layer conv2.lin.weight grad: 1.4029326745462756e-13
Layer conv3.att_src grad: 1.310397089132391e-18Layer conv2.lin.weight grad: 1.4029326745462756e-13
Layer conv2.lin.weight grad: 1.4029326745462756e-13

Layer conv3.att_src grad: 1.310397089132391e-18
Layer conv3.att_dst grad: 2.9247679573318405e-19
Layer conv3.att_src grad: 1.310397089132391e-18Layer conv3.att_src grad: 1.310397089132391e-18

Layer conv3.att_dst grad: 2.9247679573318405e-19
Layer conv3.bias grad: 2.199343818176658e-09
Layer conv3.att_dst grad: 2.9247679573318405e-19Layer conv3.att_dst grad: 2.9247679573318405e-19

Layer conv3.bias grad: 2.199343818176658e-09
Layer conv3.lin.weight grad: 1.487492637744503e-12
Layer conv3.bias grad: 2.199343818176658e-09Layer conv3.bias grad: 2.199343818176658e-09

Layer conv3.lin.weight grad: 1.487492637744503e-12
Layer conv4.att_src grad: 3.8934809097719775e-17
Layer conv3.lin.weight grad: 1.487492637744503e-12Layer conv3.lin.weight grad: 1.487492637744503e-12

Layer conv4.att_src grad: 3.8934809097719775e-17
Layer conv4.att_dst grad: 1.357520844846501e-17
Layer conv4.att_src grad: 3.8934809097719775e-17
Layer conv4.att_src grad: 3.8934809097719775e-17
Layer conv4.att_dst grad: 1.357520844846501e-17
Layer conv4.bias grad: 6.246393979836284e-08
Layer conv4.att_dst grad: 1.357520844846501e-17
Layer conv4.att_dst grad: 1.357520844846501e-17Layer conv4.bias grad: 6.246393979836284e-08

Layer conv4.lin.weight grad: 4.6522938279558446e-11
Layer conv4.bias grad: 6.246393979836284e-08
Layer conv4.bias grad: 6.246393979836284e-08
Layer conv4.lin.weight grad: 4.6522938279558446e-11
Layer fc.weight grad: 4.039822698587159e-09
Layer conv4.lin.weight grad: 4.6522938279558446e-11
Layer conv4.lin.weight grad: 4.6522938279558446e-11Layer fc.weight grad: 4.039822698587159e-09
Layer fc.bias grad: 4.761879154102644e-06

Layer fc.weight grad: 4.039822698587159e-09
Layer fc.bias grad: 4.761879154102644e-06Layer fc.weight grad: 4.039822698587159e-09

Layer fc.bias grad: 4.761879154102644e-06
Layer fc.bias grad: 4.761879154102644e-06
Layer conv1.att_src grad: 5.855232707542334e-18
Layer conv1.att_dst grad: 2.9706119612407544e-18
Layer conv1.att_src grad: 5.855232707542334e-18Layer conv1.att_src grad: 5.855232707542334e-18

Layer conv1.bias grad: 3.2344641288234444e-12
Layer conv1.att_src grad: 5.855232707542334e-18
Layer conv1.att_dst grad: 2.9706119612407544e-18Layer conv1.att_dst grad: 2.9706119612407544e-18Layer conv1.lin.weight grad: 1.7394304312884357e-12

Layer conv1.att_dst grad: 2.9706119612407544e-18

Layer conv1.bias grad: 3.2344641288234444e-12
Layer conv2.att_src grad: 7.461030572475707e-19
Layer conv1.bias grad: 3.2344641288234444e-12Layer conv1.bias grad: 3.2344641288234444e-12

Layer conv1.lin.weight grad: 1.7394304312884357e-12
Layer conv2.att_dst grad: 2.0537033453313433e-19
Layer conv2.att_src grad: 7.461030572475707e-19Layer conv1.lin.weight grad: 1.7394304312884357e-12Layer conv1.lin.weight grad: 1.7394304312884357e-12

Layer conv2.bias grad: 1.2276783756259846e-10

Layer conv2.att_dst grad: 2.0537033453313433e-19
Layer conv2.lin.weight grad: 3.0256838159069266e-13Layer conv2.att_src grad: 7.461030572475707e-19
Layer conv2.att_src grad: 7.461030572475707e-19
Layer conv2.bias grad: 1.2276783756259846e-10

Layer conv3.att_src grad: 4.077671098605054e-19
Layer conv2.lin.weight grad: 3.0256838159069266e-13
Layer conv2.att_dst grad: 2.0537033453313433e-19Layer conv2.att_dst grad: 2.0537033453313433e-19

Layer conv3.att_dst grad: 1.4234754706029572e-19
Layer conv3.att_src grad: 4.077671098605054e-19
Layer conv2.bias grad: 1.2276783756259846e-10Layer conv2.bias grad: 1.2276783756259846e-10
Layer conv3.bias grad: 7.793286016521961e-09
Layer conv3.att_dst grad: 1.4234754706029572e-19

Layer conv3.bias grad: 7.793286016521961e-09
Layer conv3.lin.weight grad: 1.6324848374146828e-12
Layer conv2.lin.weight grad: 3.0256838159069266e-13Layer conv2.lin.weight grad: 3.0256838159069266e-13

Layer conv3.lin.weight grad: 1.6324848374146828e-12
Layer conv4.att_src grad: 3.2528123199929165e-17
Layer conv4.att_src grad: 3.2528123199929165e-17
Layer conv3.att_src grad: 4.077671098605054e-19Layer conv3.att_src grad: 4.077671098605054e-19

Layer conv4.att_dst grad: 8.601426019104083e-18
Layer conv4.att_dst grad: 8.601426019104083e-18
Layer conv4.bias grad: 1.9441060317149095e-07
Layer conv4.bias grad: 1.9441060317149095e-07Layer conv3.att_dst grad: 1.4234754706029572e-19
Layer conv3.att_dst grad: 1.4234754706029572e-19

Layer conv4.lin.weight grad: 5.330259844615881e-11
Layer conv4.lin.weight grad: 5.330259844615881e-11
Layer conv3.bias grad: 7.793286016521961e-09Layer conv3.bias grad: 7.793286016521961e-09

Layer fc.weight grad: 9.41077349381203e-09Layer fc.weight grad: 9.41077349381203e-09

Layer fc.bias grad: 1.60324289026903e-05
Layer fc.bias grad: 1.60324289026903e-05
Layer conv3.lin.weight grad: 1.6324848374146828e-12Layer conv3.lin.weight grad: 1.6324848374146828e-12

Layer conv4.att_src grad: 3.2528123199929165e-17Layer conv4.att_src grad: 3.2528123199929165e-17

Layer conv4.att_dst grad: 8.601426019104083e-18Layer conv4.att_dst grad: 8.601426019104083e-18

Layer conv4.bias grad: 1.9441060317149095e-07Layer conv4.bias grad: 1.9441060317149095e-07

Layer conv4.lin.weight grad: 5.330259844615881e-11Layer conv4.lin.weight grad: 5.330259844615881e-11

Layer fc.weight grad: 9.41077349381203e-09Layer fc.weight grad: 9.41077349381203e-09

Layer fc.bias grad: 1.60324289026903e-05Layer fc.bias grad: 1.60324289026903e-05

Precision: 0.0000, Recall: 0.0005, F1-Score: 0.0000
Fold 2, Epoch 2, Train Loss: 0.0011, Val Loss: 0.0011, Val Acc: 0.0004
Layer conv1.att_src grad: 1.8456595630584376e-18Layer conv1.att_src grad: 1.8456595630584376e-18Layer conv1.att_src grad: 1.8456595630584376e-18Layer conv1.att_src grad: 1.8456595630584376e-18



Layer conv1.att_dst grad: 5.394274317078277e-19
Layer conv1.att_dst grad: 5.394274317078277e-19Layer conv1.att_dst grad: 5.394274317078277e-19
Layer conv1.att_dst grad: 5.394274317078277e-19

Layer conv1.bias grad: 1.0600587248277282e-12
Layer conv1.bias grad: 1.0600587248277282e-12Layer conv1.bias grad: 1.0600587248277282e-12

Layer conv1.bias grad: 1.0600587248277282e-12
Layer conv1.lin.weight grad: 6.593938719698378e-13
Layer conv1.lin.weight grad: 6.593938719698378e-13Layer conv1.lin.weight grad: 6.593938719698378e-13

Layer conv1.lin.weight grad: 6.593938719698378e-13
Layer conv2.att_src grad: 2.3616699252151953e-19
Layer conv2.att_src grad: 2.3616699252151953e-19Layer conv2.att_src grad: 2.3616699252151953e-19

Layer conv2.att_src grad: 2.3616699252151953e-19
Layer conv2.att_dst grad: 1.341674804345764e-19
Layer conv2.att_dst grad: 1.341674804345764e-19Layer conv2.att_dst grad: 1.341674804345764e-19

Layer conv2.att_dst grad: 1.341674804345764e-19
Layer conv2.bias grad: 3.1663737604104014e-11
Layer conv2.bias grad: 3.1663737604104014e-11Layer conv2.bias grad: 3.1663737604104014e-11

Layer conv2.bias grad: 3.1663737604104014e-11
Layer conv2.lin.weight grad: 8.79282744162789e-14
Layer conv2.lin.weight grad: 8.79282744162789e-14Layer conv2.lin.weight grad: 8.79282744162789e-14Layer conv2.lin.weight grad: 8.79282744162789e-14


Layer conv3.att_src grad: 1.7108546882631008e-19
Layer conv3.att_src grad: 1.7108546882631008e-19Layer conv3.att_src grad: 1.7108546882631008e-19Layer conv3.att_src grad: 1.7108546882631008e-19


Layer conv3.att_dst grad: 3.610574549782062e-20
Layer conv3.att_dst grad: 3.610574549782062e-20Layer conv3.att_dst grad: 3.610574549782062e-20
Layer conv3.att_dst grad: 3.610574549782062e-20

Layer conv3.bias grad: 1.2897869439143506e-09
Layer conv3.bias grad: 1.2897869439143506e-09
Layer conv3.bias grad: 1.2897869439143506e-09Layer conv3.bias grad: 1.2897869439143506e-09

Layer conv3.lin.weight grad: 4.3474379369905225e-13
Layer conv3.lin.weight grad: 4.3474379369905225e-13
Layer conv3.lin.weight grad: 4.3474379369905225e-13Layer conv3.lin.weight grad: 4.3474379369905225e-13

Layer conv4.att_src grad: 1.0384158230652855e-17
Layer conv4.att_src grad: 1.0384158230652855e-17
Layer conv4.att_src grad: 1.0384158230652855e-17Layer conv4.att_src grad: 1.0384158230652855e-17

Layer conv4.att_dst grad: 1.7571392433963816e-18
Layer conv4.att_dst grad: 1.7571392433963816e-18
Layer conv4.att_dst grad: 1.7571392433963816e-18Layer conv4.att_dst grad: 1.7571392433963816e-18

Layer conv4.bias grad: 3.5894501593247696e-08
Layer conv4.bias grad: 3.5894501593247696e-08
Layer conv4.bias grad: 3.5894501593247696e-08Layer conv4.bias grad: 3.5894501593247696e-08

Layer conv4.lin.weight grad: 1.2580903333003768e-11
Layer conv4.lin.weight grad: 1.2580903333003768e-11
Layer conv4.lin.weight grad: 1.2580903333003768e-11Layer conv4.lin.weight grad: 1.2580903333003768e-11

Layer fc.weight grad: 1.616767275613995e-09
Layer fc.weight grad: 1.616767275613995e-09
Layer fc.weight grad: 1.616767275613995e-09Layer fc.weight grad: 1.616767275613995e-09
Layer fc.bias grad: 3.891303094860632e-06

Layer fc.bias grad: 3.891303094860632e-06
Layer fc.bias grad: 3.891303094860632e-06
Layer fc.bias grad: 3.891303094860632e-06
Layer conv1.att_src grad: 2.4672183781721148e-18Layer conv1.att_src grad: 2.4672183781721148e-18Layer conv1.att_src grad: 2.4672183781721148e-18Layer conv1.att_src grad: 2.4672183781721148e-18



Layer conv1.att_dst grad: 1.14397382995828e-18Layer conv1.att_dst grad: 1.14397382995828e-18Layer conv1.att_dst grad: 1.14397382995828e-18Layer conv1.att_dst grad: 1.14397382995828e-18



Layer conv1.bias grad: 1.2388883322000943e-12
Layer conv1.bias grad: 1.2388883322000943e-12Layer conv1.bias grad: 1.2388883322000943e-12Layer conv1.bias grad: 1.2388883322000943e-12


Layer conv1.lin.weight grad: 7.552139252506307e-13
Layer conv1.lin.weight grad: 7.552139252506307e-13Layer conv1.lin.weight grad: 7.552139252506307e-13
Layer conv1.lin.weight grad: 7.552139252506307e-13

Layer conv2.att_src grad: 3.889266755423265e-19
Layer conv2.att_src grad: 3.889266755423265e-19
Layer conv2.att_src grad: 3.889266755423265e-19Layer conv2.att_src grad: 3.889266755423265e-19

Layer conv2.att_dst grad: 2.362498656791397e-19
Layer conv2.att_dst grad: 2.362498656791397e-19
Layer conv2.att_dst grad: 2.362498656791397e-19Layer conv2.att_dst grad: 2.362498656791397e-19

Layer conv2.bias grad: 2.7018394466171713e-11
Layer conv2.bias grad: 2.7018394466171713e-11
Layer conv2.bias grad: 2.7018394466171713e-11Layer conv2.bias grad: 2.7018394466171713e-11

Layer conv2.lin.weight grad: 8.847286239125479e-14
Layer conv2.lin.weight grad: 8.847286239125479e-14
Layer conv2.lin.weight grad: 8.847286239125479e-14Layer conv2.lin.weight grad: 8.847286239125479e-14

Layer conv3.att_src grad: 9.594574424506434e-19
Layer conv3.att_src grad: 9.594574424506434e-19
Layer conv3.att_src grad: 9.594574424506434e-19Layer conv3.att_src grad: 9.594574424506434e-19Layer conv3.att_dst grad: 2.467645720356075e-19


Layer conv3.att_dst grad: 2.467645720356075e-19
Layer conv3.att_dst grad: 2.467645720356075e-19Layer conv3.att_dst grad: 2.467645720356075e-19Layer conv3.bias grad: 1.0640291980834604e-09


Layer conv3.bias grad: 1.0640291980834604e-09
Layer conv3.bias grad: 1.0640291980834604e-09Layer conv3.bias grad: 1.0640291980834604e-09

Layer conv3.lin.weight grad: 7.299722892123439e-13
Layer conv3.lin.weight grad: 7.299722892123439e-13
Layer conv3.lin.weight grad: 7.299722892123439e-13Layer conv4.att_src grad: 2.2734375884833997e-17
Layer conv4.att_src grad: 2.2734375884833997e-17Layer conv3.lin.weight grad: 7.299722892123439e-13


Layer conv4.att_src grad: 2.2734375884833997e-17Layer conv4.att_dst grad: 2.031211477295414e-18
Layer conv4.att_dst grad: 2.031211477295414e-18

Layer conv4.att_src grad: 2.2734375884833997e-17
Layer conv4.att_dst grad: 2.031211477295414e-18
Layer conv4.bias grad: 3.0059197797527304e-08Layer conv4.bias grad: 3.0059197797527304e-08

Layer conv4.att_dst grad: 2.031211477295414e-18
Layer conv4.bias grad: 3.0059197797527304e-08
Layer conv4.lin.weight grad: 1.8147483515917884e-11Layer conv4.bias grad: 3.0059197797527304e-08Layer conv4.lin.weight grad: 1.8147483515917884e-11


Layer conv4.lin.weight grad: 1.8147483515917884e-11
Layer fc.weight grad: 1.161892249079699e-09
Layer fc.weight grad: 1.161892249079699e-09Layer conv4.lin.weight grad: 1.8147483515917884e-11

Layer fc.weight grad: 1.161892249079699e-09
Layer fc.bias grad: 2.8247777663636953e-06
Layer fc.bias grad: 2.8247777663636953e-06
Layer fc.weight grad: 1.161892249079699e-09
Layer fc.bias grad: 2.8247777663636953e-06
Layer fc.bias grad: 2.8247777663636953e-06
Layer conv1.att_src grad: 1.0808168531105699e-17Layer conv1.att_src grad: 1.0808168531105699e-17Layer conv1.att_src grad: 1.0808168531105699e-17Layer conv1.att_src grad: 1.0808168531105699e-17



Layer conv1.att_dst grad: 2.0441434121969148e-18Layer conv1.att_dst grad: 2.0441434121969148e-18Layer conv1.att_dst grad: 2.0441434121969148e-18Layer conv1.att_dst grad: 2.0441434121969148e-18



Layer conv1.bias grad: 1.5115576975852085e-12Layer conv1.bias grad: 1.5115576975852085e-12
Layer conv1.bias grad: 1.5115576975852085e-12
Layer conv1.bias grad: 1.5115576975852085e-12

Layer conv1.lin.weight grad: 9.969755056238316e-13Layer conv1.lin.weight grad: 9.969755056238316e-13

Layer conv1.lin.weight grad: 9.969755056238316e-13Layer conv1.lin.weight grad: 9.969755056238316e-13

Layer conv2.att_src grad: 4.49660861055384e-19
Layer conv2.att_src grad: 4.49660861055384e-19
Layer conv2.att_src grad: 4.49660861055384e-19Layer conv2.att_src grad: 4.49660861055384e-19

Layer conv2.att_dst grad: 2.335503100512846e-19
Layer conv2.att_dst grad: 2.335503100512846e-19
Layer conv2.att_dst grad: 2.335503100512846e-19Layer conv2.att_dst grad: 2.335503100512846e-19

Layer conv2.bias grad: 3.2902146285263e-11
Layer conv2.bias grad: 3.2902146285263e-11
Layer conv2.bias grad: 3.2902146285263e-11Layer conv2.bias grad: 3.2902146285263e-11

Layer conv2.lin.weight grad: 1.1395651945949464e-13
Layer conv2.lin.weight grad: 1.1395651945949464e-13
Layer conv2.lin.weight grad: 1.1395651945949464e-13
Layer conv2.lin.weight grad: 1.1395651945949464e-13
Layer conv3.att_src grad: 1.7002608569111634e-18
Layer conv3.att_src grad: 1.7002608569111634e-18
Layer conv3.att_src grad: 1.7002608569111634e-18
Layer conv3.att_src grad: 1.7002608569111634e-18
Layer conv3.att_dst grad: 6.839414681899764e-19
Layer conv3.att_dst grad: 6.839414681899764e-19
Layer conv3.att_dst grad: 6.839414681899764e-19
Layer conv3.att_dst grad: 6.839414681899764e-19
Layer conv3.bias grad: 1.1502285790498945e-09
Layer conv3.bias grad: 1.1502285790498945e-09
Layer conv3.bias grad: 1.1502285790498945e-09
Layer conv3.bias grad: 1.1502285790498945e-09
Layer conv3.lin.weight grad: 8.634107968516491e-13
Layer conv3.lin.weight grad: 8.634107968516491e-13
Layer conv3.lin.weight grad: 8.634107968516491e-13
Layer conv3.lin.weight grad: 8.634107968516491e-13
Layer conv4.att_src grad: 2.679274730878454e-17
Layer conv4.att_src grad: 2.679274730878454e-17
Layer conv4.att_src grad: 2.679274730878454e-17
Layer conv4.att_src grad: 2.679274730878454e-17
Layer conv4.att_dst grad: 5.6554371567475004e-18
Layer conv4.att_dst grad: 5.6554371567475004e-18
Layer conv4.att_dst grad: 5.6554371567475004e-18
Layer conv4.att_dst grad: 5.6554371567475004e-18
Layer conv4.bias grad: 3.326230668676544e-08Layer conv4.bias grad: 3.326230668676544e-08

Layer conv4.bias grad: 3.326230668676544e-08
Layer conv4.lin.weight grad: 2.0490579719090185e-11Layer conv4.lin.weight grad: 2.0490579719090185e-11

Layer conv4.lin.weight grad: 2.0490579719090185e-11
Layer conv4.bias grad: 3.326230668676544e-08Layer fc.weight grad: 1.9273276308240384e-09
Layer fc.weight grad: 1.9273276308240384e-09

Layer fc.weight grad: 1.9273276308240384e-09
Layer fc.bias grad: 4.063904270878993e-06Layer fc.bias grad: 4.063904270878993e-06
Layer fc.bias grad: 4.063904270878993e-06
Layer conv4.lin.weight grad: 2.0490579719090185e-11

Layer fc.weight grad: 1.9273276308240384e-09
Layer fc.bias grad: 4.063904270878993e-06
Layer conv1.att_src grad: 1.1537549925475357e-17Layer conv1.att_src grad: 1.1537549925475357e-17Layer conv1.att_src grad: 1.1537549925475357e-17
Layer conv1.att_src grad: 1.1537549925475357e-17


Layer conv1.att_dst grad: 1.4970408817779373e-18Layer conv1.att_dst grad: 1.4970408817779373e-18
Layer conv1.att_dst grad: 1.4970408817779373e-18
Layer conv1.att_dst grad: 1.4970408817779373e-18

Layer conv1.bias grad: 1.3318573674481193e-12Layer conv1.bias grad: 1.3318573674481193e-12

Layer conv1.bias grad: 1.3318573674481193e-12Layer conv1.bias grad: 1.3318573674481193e-12

Layer conv1.lin.weight grad: 6.860251299325992e-13Layer conv1.lin.weight grad: 6.860251299325992e-13

Layer conv1.lin.weight grad: 6.860251299325992e-13
Layer conv1.lin.weight grad: 6.860251299325992e-13
Layer conv2.att_src grad: 3.43211194821088e-19Layer conv2.att_src grad: 3.43211194821088e-19

Layer conv2.att_src grad: 3.43211194821088e-19Layer conv2.att_src grad: 3.43211194821088e-19

Layer conv2.att_dst grad: 1.9800495033790025e-19Layer conv2.att_dst grad: 1.9800495033790025e-19

Layer conv2.att_dst grad: 1.9800495033790025e-19Layer conv2.att_dst grad: 1.9800495033790025e-19

Layer conv2.bias grad: 2.7273405756034208e-11Layer conv2.bias grad: 2.7273405756034208e-11

Layer conv2.bias grad: 2.7273405756034208e-11Layer conv2.bias grad: 2.7273405756034208e-11

Layer conv2.lin.weight grad: 8.08475262106291e-14Layer conv2.lin.weight grad: 8.08475262106291e-14

Layer conv2.lin.weight grad: 8.08475262106291e-14Layer conv2.lin.weight grad: 8.08475262106291e-14

Layer conv3.att_src grad: 8.25387698575319e-19Layer conv3.att_src grad: 8.25387698575319e-19

Layer conv3.att_src grad: 8.25387698575319e-19Layer conv3.att_src grad: 8.25387698575319e-19

Layer conv3.att_dst grad: 1.5048386358642922e-19Layer conv3.att_dst grad: 1.5048386358642922e-19

Layer conv3.att_dst grad: 1.5048386358642922e-19Layer conv3.att_dst grad: 1.5048386358642922e-19

Layer conv3.bias grad: 9.927962896227882e-10Layer conv3.bias grad: 9.927962896227882e-10

Layer conv3.bias grad: 9.927962896227882e-10Layer conv3.bias grad: 9.927962896227882e-10

Layer conv3.lin.weight grad: 5.664012553245612e-13Layer conv3.lin.weight grad: 5.664012553245612e-13

Layer conv3.lin.weight grad: 5.664012553245612e-13Layer conv3.lin.weight grad: 5.664012553245612e-13

Layer conv4.att_src grad: 1.5380995010866247e-17Layer conv4.att_src grad: 1.5380995010866247e-17

Layer conv4.att_src grad: 1.5380995010866247e-17Layer conv4.att_src grad: 1.5380995010866247e-17

Layer conv4.att_dst grad: 4.61676465953814e-18Layer conv4.att_dst grad: 4.61676465953814e-18

Layer conv4.att_dst grad: 4.61676465953814e-18Layer conv4.att_dst grad: 4.61676465953814e-18

Layer conv4.bias grad: 3.5832307787586615e-08
Layer conv4.bias grad: 3.5832307787586615e-08
Layer conv4.bias grad: 3.5832307787586615e-08Layer conv4.bias grad: 3.5832307787586615e-08

Layer conv4.lin.weight grad: 1.5210702489221184e-11
Layer conv4.lin.weight grad: 1.5210702489221184e-11
Layer conv4.lin.weight grad: 1.5210702489221184e-11Layer conv4.lin.weight grad: 1.5210702489221184e-11

Layer fc.weight grad: 1.5848173884336347e-09
Layer fc.weight grad: 1.5848173884336347e-09
Layer fc.weight grad: 1.5848173884336347e-09Layer fc.weight grad: 1.5848173884336347e-09

Layer fc.bias grad: 3.2342911708838074e-06
Layer fc.bias grad: 3.2342911708838074e-06
Layer fc.bias grad: 3.2342911708838074e-06Layer fc.bias grad: 3.2342911708838074e-06

Layer conv1.att_src grad: 1.680024503610513e-17Layer conv1.att_src grad: 1.680024503610513e-17Layer conv1.att_src grad: 1.680024503610513e-17Layer conv1.att_src grad: 1.680024503610513e-17



Layer conv1.att_dst grad: 1.6841658867448363e-18Layer conv1.att_dst grad: 1.6841658867448363e-18Layer conv1.att_dst grad: 1.6841658867448363e-18Layer conv1.att_dst grad: 1.6841658867448363e-18



Layer conv1.bias grad: 1.43481765097625e-12Layer conv1.bias grad: 1.43481765097625e-12Layer conv1.bias grad: 1.43481765097625e-12Layer conv1.bias grad: 1.43481765097625e-12



Layer conv1.lin.weight grad: 8.565705111353294e-13Layer conv1.lin.weight grad: 8.565705111353294e-13Layer conv1.lin.weight grad: 8.565705111353294e-13
Layer conv1.lin.weight grad: 8.565705111353294e-13


Layer conv2.att_src grad: 2.69333497115475e-19
Layer conv2.att_src grad: 2.69333497115475e-19Layer conv2.att_src grad: 2.69333497115475e-19Layer conv2.att_src grad: 2.69333497115475e-19


Layer conv2.att_dst grad: 1.6275786678352369e-19
Layer conv2.att_dst grad: 1.6275786678352369e-19Layer conv2.att_dst grad: 1.6275786678352369e-19Layer conv2.att_dst grad: 1.6275786678352369e-19


Layer conv2.bias grad: 3.751939037233143e-11
Layer conv2.bias grad: 3.751939037233143e-11Layer conv2.bias grad: 3.751939037233143e-11
Layer conv2.bias grad: 3.751939037233143e-11

Layer conv2.lin.weight grad: 1.1303357203137562e-13
Layer conv2.lin.weight grad: 1.1303357203137562e-13
Layer conv2.lin.weight grad: 1.1303357203137562e-13
Layer conv2.lin.weight grad: 1.1303357203137562e-13
Layer conv3.att_src grad: 2.5032175886231523e-19
Layer conv3.att_src grad: 2.5032175886231523e-19
Layer conv3.att_src grad: 2.5032175886231523e-19Layer conv3.att_src grad: 2.5032175886231523e-19

Layer conv3.att_dst grad: 1.0606399327369314e-19
Layer conv3.att_dst grad: 1.0606399327369314e-19
Layer conv3.att_dst grad: 1.0606399327369314e-19Layer conv3.att_dst grad: 1.0606399327369314e-19
Layer conv3.bias grad: 1.3786941588378454e-09

Layer conv3.bias grad: 1.3786941588378454e-09
Layer conv3.bias grad: 1.3786941588378454e-09Layer conv3.bias grad: 1.3786941588378454e-09

Layer conv3.lin.weight grad: 4.0180158462563287e-13
Layer conv3.lin.weight grad: 4.0180158462563287e-13
Layer conv3.lin.weight grad: 4.0180158462563287e-13Layer conv3.lin.weight grad: 4.0180158462563287e-13Layer conv4.att_src grad: 4.337879888835274e-18


Layer conv4.att_src grad: 4.337879888835274e-18
Layer conv4.att_dst grad: 1.1993208983345093e-18Layer conv4.att_src grad: 4.337879888835274e-18Layer conv4.att_src grad: 4.337879888835274e-18


Layer conv4.att_dst grad: 1.1993208983345093e-18
Layer conv4.bias grad: 5.327543561861603e-08Layer conv4.att_dst grad: 1.1993208983345093e-18
Layer conv4.att_dst grad: 1.1993208983345093e-18
Layer conv4.bias grad: 5.327543561861603e-08

Layer conv4.bias grad: 5.327543561861603e-08Layer conv4.lin.weight grad: 1.0500228291021596e-11
Layer conv4.bias grad: 5.327543561861603e-08

Layer conv4.lin.weight grad: 1.0500228291021596e-11
Layer conv4.lin.weight grad: 1.0500228291021596e-11
Layer fc.weight grad: 1.989548303882316e-09
Layer fc.weight grad: 1.989548303882316e-09Layer conv4.lin.weight grad: 1.0500228291021596e-11

Layer fc.weight grad: 1.989548303882316e-09Layer fc.bias grad: 4.2386700442875735e-06

Layer fc.bias grad: 4.2386700442875735e-06
Layer fc.weight grad: 1.989548303882316e-09
Layer fc.bias grad: 4.2386700442875735e-06
Layer fc.bias grad: 4.2386700442875735e-06
Layer conv1.att_src grad: 5.10840855559577e-18
Layer conv1.att_dst grad: 4.768911298327468e-19
Layer conv1.bias grad: 3.4532086391758643e-12
Layer conv1.att_src grad: 5.10840855559577e-18
Layer conv1.lin.weight grad: 2.037353358935734e-12
Layer conv1.att_dst grad: 4.768911298327468e-19
Layer conv1.att_src grad: 5.10840855559577e-18
Layer conv2.att_src grad: 6.264723713498188e-19
Layer conv1.att_src grad: 5.10840855559577e-18
Layer conv1.bias grad: 3.4532086391758643e-12
Layer conv1.att_dst grad: 4.768911298327468e-19
Layer conv2.att_dst grad: 3.275643497516115e-19Layer conv1.att_dst grad: 4.768911298327468e-19

Layer conv1.lin.weight grad: 2.037353358935734e-12
Layer conv1.bias grad: 3.4532086391758643e-12
Layer conv1.bias grad: 3.4532086391758643e-12
Layer conv2.bias grad: 1.3743173266078657e-10Layer conv2.att_src grad: 6.264723713498188e-19

Layer conv1.lin.weight grad: 2.037353358935734e-12
Layer conv1.lin.weight grad: 2.037353358935734e-12
Layer conv2.att_dst grad: 3.275643497516115e-19
Layer conv2.att_src grad: 6.264723713498188e-19
Layer conv2.lin.weight grad: 3.8927807375147006e-13Layer conv2.att_src grad: 6.264723713498188e-19

Layer conv2.bias grad: 1.3743173266078657e-10
Layer conv2.att_dst grad: 3.275643497516115e-19
Layer conv2.att_dst grad: 3.275643497516115e-19
Layer conv2.bias grad: 1.3743173266078657e-10Layer conv3.att_src grad: 6.239702533944224e-19
Layer conv2.lin.weight grad: 3.8927807375147006e-13

Layer conv2.bias grad: 1.3743173266078657e-10
Layer conv2.lin.weight grad: 3.8927807375147006e-13Layer conv3.att_src grad: 6.239702533944224e-19

Layer conv3.att_dst grad: 2.231210876412453e-19Layer conv2.lin.weight grad: 3.8927807375147006e-13

Layer conv3.att_dst grad: 2.231210876412453e-19Layer conv3.att_src grad: 6.239702533944224e-19

Layer conv3.att_src grad: 6.239702533944224e-19
Layer conv3.bias grad: 6.183923151326098e-09
Layer conv3.bias grad: 6.183923151326098e-09Layer conv3.att_dst grad: 2.231210876412453e-19

Layer conv3.att_dst grad: 2.231210876412453e-19
Layer conv3.bias grad: 6.183923151326098e-09Layer conv3.bias grad: 6.183923151326098e-09

Layer conv3.lin.weight grad: 1.5687622641896715e-12Layer conv3.lin.weight grad: 1.5687622641896715e-12

Layer conv3.lin.weight grad: 1.5687622641896715e-12Layer conv3.lin.weight grad: 1.5687622641896715e-12

Layer conv4.att_src grad: 2.0637870078706097e-17
Layer conv4.att_src grad: 2.0637870078706097e-17
Layer conv4.att_src grad: 2.0637870078706097e-17
Layer conv4.att_src grad: 2.0637870078706097e-17Layer conv4.att_dst grad: 9.676590416216833e-18

Layer conv4.att_dst grad: 9.676590416216833e-18Layer conv4.att_dst grad: 9.676590416216833e-18

Layer conv4.att_dst grad: 9.676590416216833e-18Layer conv4.bias grad: 2.663205123099033e-07

Layer conv4.bias grad: 2.663205123099033e-07
Layer conv4.bias grad: 2.663205123099033e-07
Layer conv4.bias grad: 2.663205123099033e-07Layer conv4.lin.weight grad: 6.847840350321377e-11

Layer conv4.lin.weight grad: 6.847840350321377e-11
Layer conv4.lin.weight grad: 6.847840350321377e-11
Layer fc.weight grad: 6.291132503832841e-09
Layer conv4.lin.weight grad: 6.847840350321377e-11Layer fc.weight grad: 6.291132503832841e-09

Layer fc.weight grad: 6.291132503832841e-09
Layer fc.bias grad: 1.3192288861318957e-05
Layer fc.bias grad: 1.3192288861318957e-05
Layer fc.bias grad: 1.3192288861318957e-05
Layer fc.weight grad: 6.291132503832841e-09
Layer fc.bias grad: 1.3192288861318957e-05
Precision: 0.0000, Recall: 0.0005, F1-Score: 0.0000
Fold 2, Epoch 3, Train Loss: 0.0011, Val Loss: 0.0011, Val Acc: 0.0004
Completed Fold 2
Starting Fold 3
Class weights: [2.12006644e-05 5.24792767e-02 5.46359593e-02 5.38976355e-02
 6.04306823e-02 5.53947921e-02 5.95287318e-02 5.78032613e-02
 5.04863928e-02 5.17977277e-02 5.53947921e-02 5.78032613e-02
 6.04306823e-02 5.38976355e-02 5.31790004e-02 5.95287318e-02
 5.46359593e-02 5.24792767e-02 5.61750004e-02]
Class weights: [2.12006644e-05 5.24792767e-02 5.46359593e-02 5.38976355e-02
 6.04306823e-02 5.53947921e-02 5.95287318e-02 5.78032613e-02
 5.04863928e-02 5.17977277e-02 5.53947921e-02 5.78032613e-02
 6.04306823e-02 5.38976355e-02 5.31790004e-02 5.95287318e-02
 5.46359593e-02 5.24792767e-02 5.61750004e-02]
Class weights: Class weights: [2.12006644e-05 5.24792767e-02 5.46359593e-02 5.38976355e-02
 6.04306823e-02 5.53947921e-02 5.95287318e-02 5.78032613e-02
 5.04863928e-02 5.17977277e-02 5.53947921e-02 5.78032613e-02
 6.04306823e-02 5.38976355e-02 5.31790004e-02 5.95287318e-02
 5.46359593e-02 5.24792767e-02 5.61750004e-02]
[2.12006644e-05 5.24792767e-02 5.46359593e-02 5.38976355e-02
 6.04306823e-02 5.53947921e-02 5.95287318e-02 5.78032613e-02
 5.04863928e-02 5.17977277e-02 5.53947921e-02 5.78032613e-02
 6.04306823e-02 5.38976355e-02 5.31790004e-02 5.95287318e-02
 5.46359593e-02 5.24792767e-02 5.61750004e-02]
Class weights: [2.02633130e-05 6.80729210e-02 5.60600526e-02 5.95638058e-02
 3.97092039e-02 5.29456052e-02 4.14356910e-02 4.53819473e-02
 8.66382630e-02 7.33092995e-02 5.29456052e-02 4.53819473e-02
 3.97092039e-02 5.95638058e-02 6.35347262e-02 4.14356910e-02
 5.60600526e-02 6.80729210e-02 5.01589944e-02]
Class weights: [2.02633130e-05 6.80729210e-02 5.60600526e-02 5.95638058e-02
 3.97092039e-02 5.29456052e-02 4.14356910e-02 4.53819473e-02
 8.66382630e-02 7.33092995e-02 5.29456052e-02 4.53819473e-02
 3.97092039e-02 5.95638058e-02 6.35347262e-02 4.14356910e-02
 5.60600526e-02 6.80729210e-02 5.01589944e-02]
Class weights: [2.02633130e-05 6.80729210e-02 5.60600526e-02 5.95638058e-02
 3.97092039e-02 5.29456052e-02 4.14356910e-02 4.53819473e-02
 8.66382630e-02 7.33092995e-02 5.29456052e-02 4.53819473e-02
 3.97092039e-02 5.95638058e-02 6.35347262e-02 4.14356910e-02
 5.60600526e-02 6.80729210e-02 5.01589944e-02]
Class weights: [2.02633130e-05 6.80729210e-02 5.60600526e-02 5.95638058e-02
 3.97092039e-02 5.29456052e-02 4.14356910e-02 4.53819473e-02
 8.66382630e-02 7.33092995e-02 5.29456052e-02 4.53819473e-02
 3.97092039e-02 5.95638058e-02 6.35347262e-02 4.14356910e-02
 5.60600526e-02 6.80729210e-02 5.01589944e-02]
Layer conv1.att_src grad: 5.927077479645627e-18Layer conv1.att_src grad: 5.927077479645627e-18Layer conv1.att_src grad: 5.927077479645627e-18Layer conv1.att_src grad: 5.927077479645627e-18



Layer conv1.att_dst grad: 3.979905846525587e-19
Layer conv1.att_dst grad: 3.979905846525587e-19Layer conv1.att_dst grad: 3.979905846525587e-19
Layer conv1.att_dst grad: 3.979905846525587e-19

Layer conv1.bias grad: 4.984824402212706e-13
Layer conv1.bias grad: 4.984824402212706e-13
Layer conv1.bias grad: 4.984824402212706e-13Layer conv1.bias grad: 4.984824402212706e-13

Layer conv1.lin.weight grad: 2.956165043657699e-13
Layer conv1.lin.weight grad: 2.956165043657699e-13
Layer conv1.lin.weight grad: 2.956165043657699e-13Layer conv1.lin.weight grad: 2.956165043657699e-13

Layer conv2.att_src grad: 9.28329550325719e-20
Layer conv2.att_src grad: 9.28329550325719e-20
Layer conv2.att_dst grad: 4.938766180896241e-20
Layer conv2.att_src grad: 9.28329550325719e-20Layer conv2.att_src grad: 9.28329550325719e-20

Layer conv2.bias grad: 1.547647079935821e-11Layer conv2.att_dst grad: 4.938766180896241e-20

Layer conv2.att_dst grad: 4.938766180896241e-20Layer conv2.att_dst grad: 4.938766180896241e-20

Layer conv2.bias grad: 1.547647079935821e-11
Layer conv2.lin.weight grad: 5.424635485815413e-14
Layer conv2.bias grad: 1.547647079935821e-11Layer conv2.bias grad: 1.547647079935821e-11

Layer conv3.att_src grad: 1.7102644173478618e-19
Layer conv2.lin.weight grad: 5.424635485815413e-14
Layer conv2.lin.weight grad: 5.424635485815413e-14Layer conv2.lin.weight grad: 5.424635485815413e-14
Layer conv3.att_dst grad: 5.736699173329557e-20

Layer conv3.att_src grad: 1.7102644173478618e-19
Layer conv3.bias grad: 9.5757468621116e-10
Layer conv3.att_src grad: 1.7102644173478618e-19Layer conv3.att_src grad: 1.7102644173478618e-19

Layer conv3.att_dst grad: 5.736699173329557e-20
Layer conv3.lin.weight grad: 4.415594951311108e-13
Layer conv3.att_dst grad: 5.736699173329557e-20Layer conv3.att_dst grad: 5.736699173329557e-20

Layer conv3.bias grad: 9.5757468621116e-10
Layer conv4.att_src grad: 1.2027881085900866e-17
Layer conv3.bias grad: 9.5757468621116e-10Layer conv3.bias grad: 9.5757468621116e-10

Layer conv3.lin.weight grad: 4.415594951311108e-13Layer conv4.att_dst grad: 2.1111708912078523e-18

Layer conv3.lin.weight grad: 4.415594951311108e-13Layer conv3.lin.weight grad: 4.415594951311108e-13
Layer conv4.bias grad: 4.479712956140247e-08

Layer conv4.att_src grad: 1.2027881085900866e-17
Layer conv4.att_src grad: 1.2027881085900866e-17Layer conv4.lin.weight grad: 2.1736562202945287e-11Layer conv4.att_src grad: 1.2027881085900866e-17

Layer conv4.att_dst grad: 2.1111708912078523e-18

Layer fc.weight grad: 1.5568826228218313e-09Layer conv4.att_dst grad: 2.1111708912078523e-18
Layer conv4.att_dst grad: 2.1111708912078523e-18Layer conv4.bias grad: 4.479712956140247e-08


Layer fc.bias grad: 3.110442776232958e-06
Layer conv4.bias grad: 4.479712956140247e-08Layer conv4.bias grad: 4.479712956140247e-08

Layer conv4.lin.weight grad: 2.1736562202945287e-11
Layer conv4.lin.weight grad: 2.1736562202945287e-11Layer conv4.lin.weight grad: 2.1736562202945287e-11
Layer fc.weight grad: 1.5568826228218313e-09

Layer fc.weight grad: 1.5568826228218313e-09Layer fc.bias grad: 3.110442776232958e-06
Layer fc.weight grad: 1.5568826228218313e-09

Layer fc.bias grad: 3.110442776232958e-06
Layer fc.bias grad: 3.110442776232958e-06
Layer conv1.att_src grad: 2.643968180792853e-17Layer conv1.att_src grad: 2.643968180792853e-17Layer conv1.att_src grad: 2.643968180792853e-17Layer conv1.att_src grad: 2.643968180792853e-17



Layer conv1.att_dst grad: 1.9957785753712456e-18Layer conv1.att_dst grad: 1.9957785753712456e-18Layer conv1.att_dst grad: 1.9957785753712456e-18
Layer conv1.att_dst grad: 1.9957785753712456e-18


Layer conv1.bias grad: 4.456166772387471e-12
Layer conv1.bias grad: 4.456166772387471e-12Layer conv1.bias grad: 4.456166772387471e-12
Layer conv1.bias grad: 4.456166772387471e-12

Layer conv1.lin.weight grad: 2.596374070601426e-12
Layer conv1.lin.weight grad: 2.596374070601426e-12Layer conv1.lin.weight grad: 2.596374070601426e-12
Layer conv1.lin.weight grad: 2.596374070601426e-12

Layer conv2.att_src grad: 3.975432505471689e-18
Layer conv2.att_src grad: 3.975432505471689e-18Layer conv2.att_dst grad: 2.1757807280834505e-18Layer conv2.att_src grad: 3.975432505471689e-18Layer conv2.att_src grad: 3.975432505471689e-18



Layer conv2.bias grad: 6.601520025073526e-11
Layer conv2.att_dst grad: 2.1757807280834505e-18Layer conv2.att_dst grad: 2.1757807280834505e-18
Layer conv2.att_dst grad: 2.1757807280834505e-18

Layer conv2.lin.weight grad: 2.0714038936799767e-13
Layer conv2.bias grad: 6.601520025073526e-11Layer conv2.bias grad: 6.601520025073526e-11
Layer conv2.bias grad: 6.601520025073526e-11

Layer conv3.att_src grad: 2.6509128583436033e-17
Layer conv2.lin.weight grad: 2.0714038936799767e-13Layer conv2.lin.weight grad: 2.0714038936799767e-13
Layer conv2.lin.weight grad: 2.0714038936799767e-13

Layer conv3.att_dst grad: 8.031587912561202e-18
Layer conv3.bias grad: 1.5410795972670144e-09Layer conv3.att_src grad: 2.6509128583436033e-17
Layer conv3.att_src grad: 2.6509128583436033e-17
Layer conv3.att_src grad: 2.6509128583436033e-17

Layer conv3.lin.weight grad: 3.103192616066286e-12
Layer conv3.att_dst grad: 8.031587912561202e-18Layer conv3.att_dst grad: 8.031587912561202e-18
Layer conv3.att_dst grad: 8.031587912561202e-18

Layer conv4.att_src grad: 3.431552021382437e-16
Layer conv3.bias grad: 1.5410795972670144e-09Layer conv3.bias grad: 1.5410795972670144e-09
Layer conv3.bias grad: 1.5410795972670144e-09

Layer conv4.att_dst grad: 8.68648500149291e-17
Layer conv3.lin.weight grad: 3.103192616066286e-12Layer conv4.bias grad: 3.874907861245447e-08
Layer conv3.lin.weight grad: 3.103192616066286e-12
Layer conv3.lin.weight grad: 3.103192616066286e-12

Layer conv4.lin.weight grad: 7.110920186015335e-11Layer conv4.att_src grad: 3.431552021382437e-16

Layer conv4.att_src grad: 3.431552021382437e-16Layer conv4.att_src grad: 3.431552021382437e-16

Layer fc.weight grad: 7.73885044935696e-09
Layer conv4.att_dst grad: 8.68648500149291e-17
Layer conv4.att_dst grad: 8.68648500149291e-17Layer conv4.att_dst grad: 8.68648500149291e-17

Layer fc.bias grad: 4.281387646187795e-06
Layer conv4.bias grad: 3.874907861245447e-08
Layer conv4.bias grad: 3.874907861245447e-08Layer conv4.bias grad: 3.874907861245447e-08

Layer conv4.lin.weight grad: 7.110920186015335e-11
Layer conv4.lin.weight grad: 7.110920186015335e-11Layer conv4.lin.weight grad: 7.110920186015335e-11

Layer fc.weight grad: 7.73885044935696e-09
Layer fc.weight grad: 7.73885044935696e-09Layer fc.weight grad: 7.73885044935696e-09

Layer fc.bias grad: 4.281387646187795e-06
Layer fc.bias grad: 4.281387646187795e-06Layer fc.bias grad: 4.281387646187795e-06

Layer conv1.att_src grad: 1.6367823446195964e-19Layer conv1.att_src grad: 1.6367823446195964e-19Layer conv1.att_src grad: 1.6367823446195964e-19Layer conv1.att_src grad: 1.6367823446195964e-19



Layer conv1.att_dst grad: 6.197434250877618e-20Layer conv1.att_dst grad: 6.197434250877618e-20Layer conv1.att_dst grad: 6.197434250877618e-20
Layer conv1.att_dst grad: 6.197434250877618e-20


Layer conv1.bias grad: 1.7545744046033873e-13
Layer conv1.bias grad: 1.7545744046033873e-13Layer conv1.bias grad: 1.7545744046033873e-13Layer conv1.bias grad: 1.7545744046033873e-13


Layer conv1.lin.weight grad: 1.0583047161056083e-13
Layer conv1.lin.weight grad: 1.0583047161056083e-13Layer conv1.lin.weight grad: 1.0583047161056083e-13
Layer conv1.lin.weight grad: 1.0583047161056083e-13

Layer conv2.att_src grad: 4.903251213608019e-21
Layer conv2.att_src grad: 4.903251213608019e-21
Layer conv2.att_src grad: 4.903251213608019e-21Layer conv2.att_src grad: 4.903251213608019e-21

Layer conv2.att_dst grad: 2.289687634335065e-21
Layer conv2.att_dst grad: 2.289687634335065e-21
Layer conv2.att_dst grad: 2.289687634335065e-21Layer conv2.att_dst grad: 2.289687634335065e-21

Layer conv2.bias grad: 6.231681403540135e-12
Layer conv2.bias grad: 6.231681403540135e-12
Layer conv2.bias grad: 6.231681403540135e-12Layer conv2.bias grad: 6.231681403540135e-12

Layer conv2.lin.weight grad: 8.095880770517348e-15
Layer conv2.lin.weight grad: 8.095880770517348e-15
Layer conv2.lin.weight grad: 8.095880770517348e-15
Layer conv2.lin.weight grad: 8.095880770517348e-15
Layer conv3.att_src grad: 5.520444434404932e-20
Layer conv3.att_src grad: 5.520444434404932e-20
Layer conv3.att_src grad: 5.520444434404932e-20
Layer conv3.att_dst grad: 2.5502390259728986e-20
Layer conv3.att_src grad: 5.520444434404932e-20
Layer conv3.att_dst grad: 2.5502390259728986e-20
Layer conv3.att_dst grad: 2.5502390259728986e-20
Layer conv3.bias grad: 3.7427144716772887e-10
Layer conv3.att_dst grad: 2.5502390259728986e-20
Layer conv3.bias grad: 3.7427144716772887e-10
Layer conv3.bias grad: 3.7427144716772887e-10
Layer conv3.bias grad: 3.7427144716772887e-10Layer conv3.lin.weight grad: 2.1405471254017094e-13

Layer conv3.lin.weight grad: 2.1405471254017094e-13
Layer conv3.lin.weight grad: 2.1405471254017094e-13
Layer conv4.att_src grad: 2.5914890303184064e-18
Layer conv3.lin.weight grad: 2.1405471254017094e-13
Layer conv4.att_src grad: 2.5914890303184064e-18
Layer conv4.att_src grad: 2.5914890303184064e-18
Layer conv4.att_dst grad: 1.1373558680699729e-18
Layer conv4.att_dst grad: 1.1373558680699729e-18Layer conv4.att_src grad: 2.5914890303184064e-18

Layer conv4.att_dst grad: 1.1373558680699729e-18
Layer conv4.bias grad: 2.014886746337652e-08
Layer conv4.bias grad: 2.014886746337652e-08
Layer conv4.att_dst grad: 1.1373558680699729e-18
Layer conv4.bias grad: 2.014886746337652e-08
Layer conv4.lin.weight grad: 1.0560741517395833e-11
Layer conv4.lin.weight grad: 1.0560741517395833e-11Layer conv4.bias grad: 2.014886746337652e-08

Layer conv4.lin.weight grad: 1.0560741517395833e-11
Layer fc.weight grad: 2.0997199534633637e-09
Layer fc.weight grad: 2.0997199534633637e-09
Layer conv4.lin.weight grad: 1.0560741517395833e-11
Layer fc.weight grad: 2.0997199534633637e-09
Layer fc.bias grad: 4.3906802602577955e-06
Layer fc.bias grad: 4.3906802602577955e-06
Layer fc.weight grad: 2.0997199534633637e-09
Layer fc.bias grad: 4.3906802602577955e-06
Layer fc.bias grad: 4.3906802602577955e-06
Layer conv1.att_src grad: 2.7476179233717184e-19Layer conv1.att_src grad: 2.7476179233717184e-19Layer conv1.att_src grad: 2.7476179233717184e-19Layer conv1.att_src grad: 2.7476179233717184e-19



Layer conv1.att_dst grad: 1.4767793770167864e-19Layer conv1.att_dst grad: 1.4767793770167864e-19Layer conv1.att_dst grad: 1.4767793770167864e-19

Layer conv1.att_dst grad: 1.4767793770167864e-19

Layer conv1.bias grad: 2.9020004715246683e-13Layer conv1.bias grad: 2.9020004715246683e-13

Layer conv1.bias grad: 2.9020004715246683e-13Layer conv1.bias grad: 2.9020004715246683e-13

Layer conv1.lin.weight grad: 1.6442001839894749e-13Layer conv1.lin.weight grad: 1.6442001839894749e-13Layer conv1.lin.weight grad: 1.6442001839894749e-13
Layer conv1.lin.weight grad: 1.6442001839894749e-13


Layer conv2.att_src grad: 1.1333015780068635e-20
Layer conv2.att_src grad: 1.1333015780068635e-20Layer conv2.att_src grad: 1.1333015780068635e-20Layer conv2.att_src grad: 1.1333015780068635e-20


Layer conv2.att_dst grad: 5.194109404290545e-21
Layer conv2.att_dst grad: 5.194109404290545e-21Layer conv2.att_dst grad: 5.194109404290545e-21Layer conv2.att_dst grad: 5.194109404290545e-21


Layer conv2.bias grad: 9.993565003307836e-12
Layer conv2.bias grad: 9.993565003307836e-12Layer conv2.bias grad: 9.993565003307836e-12Layer conv2.bias grad: 9.993565003307836e-12


Layer conv2.lin.weight grad: 1.4669600983171355e-14
Layer conv2.lin.weight grad: 1.4669600983171355e-14Layer conv2.lin.weight grad: 1.4669600983171355e-14Layer conv2.lin.weight grad: 1.4669600983171355e-14


Layer conv3.att_src grad: 3.7115578575617866e-19
Layer conv3.att_src grad: 3.7115578575617866e-19Layer conv3.att_src grad: 3.7115578575617866e-19Layer conv3.att_src grad: 3.7115578575617866e-19

Layer conv3.att_dst grad: 8.881726457726545e-20

Layer conv3.att_dst grad: 8.881726457726545e-20Layer conv3.att_dst grad: 8.881726457726545e-20Layer conv3.att_dst grad: 8.881726457726545e-20

Layer conv3.bias grad: 5.15443854265385e-10

Layer conv3.bias grad: 5.15443854265385e-10Layer conv3.bias grad: 5.15443854265385e-10
Layer conv3.bias grad: 5.15443854265385e-10

Layer conv3.lin.weight grad: 4.66518859133791e-13
Layer conv3.lin.weight grad: 4.66518859133791e-13
Layer conv3.lin.weight grad: 4.66518859133791e-13Layer conv3.lin.weight grad: 4.66518859133791e-13Layer conv4.att_src grad: 1.0749396521403194e-17


Layer conv4.att_src grad: 1.0749396521403194e-17
Layer conv4.att_dst grad: 5.3655376490078785e-18Layer conv4.att_src grad: 1.0749396521403194e-17Layer conv4.att_src grad: 1.0749396521403194e-17


Layer conv4.att_dst grad: 5.3655376490078785e-18
Layer conv4.bias grad: 2.6239311168296808e-08Layer conv4.att_dst grad: 5.3655376490078785e-18
Layer conv4.att_dst grad: 5.3655376490078785e-18

Layer conv4.bias grad: 2.6239311168296808e-08
Layer conv4.bias grad: 2.6239311168296808e-08Layer conv4.lin.weight grad: 2.598935650022227e-11Layer conv4.bias grad: 2.6239311168296808e-08


Layer conv4.lin.weight grad: 2.598935650022227e-11
Layer fc.weight grad: 5.162557936699841e-09Layer conv4.lin.weight grad: 2.598935650022227e-11
Layer conv4.lin.weight grad: 2.598935650022227e-11

Layer fc.weight grad: 5.162557936699841e-09
Layer fc.bias grad: 5.4476677178172395e-06
Layer fc.weight grad: 5.162557936699841e-09Layer fc.bias grad: 5.4476677178172395e-06Layer fc.weight grad: 5.162557936699841e-09


Layer fc.bias grad: 5.4476677178172395e-06
Layer fc.bias grad: 5.4476677178172395e-06
Layer conv1.att_src grad: 6.2807633659610504e-18Layer conv1.att_src grad: 6.2807633659610504e-18Layer conv1.att_src grad: 6.2807633659610504e-18Layer conv1.att_src grad: 6.2807633659610504e-18



Layer conv1.att_dst grad: 2.5936417678625756e-18Layer conv1.att_dst grad: 2.5936417678625756e-18Layer conv1.att_dst grad: 2.5936417678625756e-18

Layer conv1.att_dst grad: 2.5936417678625756e-18

Layer conv1.bias grad: 1.5396042730639325e-12Layer conv1.bias grad: 1.5396042730639325e-12

Layer conv1.bias grad: 1.5396042730639325e-12Layer conv1.bias grad: 1.5396042730639325e-12

Layer conv1.lin.weight grad: 9.666452751092014e-13Layer conv1.lin.weight grad: 9.666452751092014e-13

Layer conv1.lin.weight grad: 9.666452751092014e-13Layer conv1.lin.weight grad: 9.666452751092014e-13

Layer conv2.att_src grad: 2.655956488731069e-19Layer conv2.att_src grad: 2.655956488731069e-19

Layer conv2.att_src grad: 2.655956488731069e-19Layer conv2.att_src grad: 2.655956488731069e-19

Layer conv2.att_dst grad: 1.7858687253352085e-19
Layer conv2.att_dst grad: 1.7858687253352085e-19
Layer conv2.att_dst grad: 1.7858687253352085e-19Layer conv2.att_dst grad: 1.7858687253352085e-19

Layer conv2.bias grad: 3.2245921210982686e-11
Layer conv2.bias grad: 3.2245921210982686e-11
Layer conv2.bias grad: 3.2245921210982686e-11Layer conv2.bias grad: 3.2245921210982686e-11

Layer conv2.lin.weight grad: 7.603199482768969e-14
Layer conv2.lin.weight grad: 7.603199482768969e-14
Layer conv2.lin.weight grad: 7.603199482768969e-14Layer conv2.lin.weight grad: 7.603199482768969e-14

Layer conv3.att_src grad: 5.304069444098757e-18
Layer conv3.att_src grad: 5.304069444098757e-18
Layer conv3.att_src grad: 5.304069444098757e-18Layer conv3.att_src grad: 5.304069444098757e-18

Layer conv3.att_dst grad: 2.1748232665244204e-18
Layer conv3.att_dst grad: 2.1748232665244204e-18
Layer conv3.att_dst grad: 2.1748232665244204e-18Layer conv3.att_dst grad: 2.1748232665244204e-18

Layer conv3.bias grad: 1.105894487096748e-09
Layer conv3.bias grad: 1.105894487096748e-09
Layer conv3.bias grad: 1.105894487096748e-09Layer conv3.bias grad: 1.105894487096748e-09

Layer conv3.lin.weight grad: 1.5967956124018912e-12
Layer conv3.lin.weight grad: 1.5967956124018912e-12
Layer conv3.lin.weight grad: 1.5967956124018912e-12Layer conv3.lin.weight grad: 1.5967956124018912e-12Layer conv4.att_src grad: 9.31512837039892e-17


Layer conv4.att_src grad: 9.31512837039892e-17
Layer conv4.att_dst grad: 2.757137738246438e-17Layer conv4.att_src grad: 9.31512837039892e-17Layer conv4.att_src grad: 9.31512837039892e-17


Layer conv4.att_dst grad: 2.757137738246438e-17
Layer conv4.bias grad: 3.1219101970236807e-08Layer conv4.att_dst grad: 2.757137738246438e-17
Layer conv4.att_dst grad: 2.757137738246438e-17
Layer conv4.bias grad: 3.1219101970236807e-08

Layer conv4.bias grad: 3.1219101970236807e-08Layer conv4.lin.weight grad: 4.9322837480936244e-11

Layer conv4.bias grad: 3.1219101970236807e-08Layer conv4.lin.weight grad: 4.9322837480936244e-11

Layer fc.weight grad: 6.729274915073802e-09Layer conv4.lin.weight grad: 4.9322837480936244e-11

Layer fc.weight grad: 6.729274915073802e-09Layer conv4.lin.weight grad: 4.9322837480936244e-11

Layer fc.bias grad: 4.42096961705829e-06
Layer fc.weight grad: 6.729274915073802e-09
Layer fc.bias grad: 4.42096961705829e-06
Layer fc.weight grad: 6.729274915073802e-09
Layer fc.bias grad: 4.42096961705829e-06
Layer fc.bias grad: 4.42096961705829e-06
Layer conv1.att_src grad: 8.560829649001205e-18
Layer conv1.att_dst grad: 4.43632596225766e-18
Layer conv1.bias grad: 3.086735294449694e-12
Layer conv1.lin.weight grad: 1.814053464735399e-12
Layer conv1.att_src grad: 8.560829649001205e-18
Layer conv2.att_src grad: 4.924664237792375e-19
Layer conv1.att_src grad: 8.560829649001205e-18
Layer conv1.att_src grad: 8.560829649001205e-18
Layer conv2.att_dst grad: 2.731535464312156e-19
Layer conv1.att_dst grad: 4.43632596225766e-18
Layer conv1.att_dst grad: 4.43632596225766e-18
Layer conv1.att_dst grad: 4.43632596225766e-18
Layer conv2.bias grad: 9.889250529582228e-11
Layer conv1.bias grad: 3.086735294449694e-12
Layer conv1.bias grad: 3.086735294449694e-12
Layer conv1.bias grad: 3.086735294449694e-12
Layer conv1.lin.weight grad: 1.814053464735399e-12
Layer conv2.lin.weight grad: 1.998504714582211e-13Layer conv1.lin.weight grad: 1.814053464735399e-12

Layer conv2.att_src grad: 4.924664237792375e-19
Layer conv1.lin.weight grad: 1.814053464735399e-12
Layer conv2.att_src grad: 4.924664237792375e-19Layer conv3.att_src grad: 7.303425782414447e-18

Layer conv2.att_dst grad: 2.731535464312156e-19
Layer conv2.att_src grad: 4.924664237792375e-19Layer conv2.bias grad: 9.889250529582228e-11Layer conv2.att_dst grad: 2.731535464312156e-19


Layer conv3.att_dst grad: 1.906228209051408e-18
Layer conv2.lin.weight grad: 1.998504714582211e-13Layer conv2.bias grad: 9.889250529582228e-11Layer conv2.att_dst grad: 2.731535464312156e-19

Layer conv3.bias grad: 3.987548069517288e-09

Layer conv3.att_src grad: 7.303425782414447e-18
Layer conv2.bias grad: 9.889250529582228e-11
Layer conv2.lin.weight grad: 1.998504714582211e-13
Layer conv3.lin.weight grad: 4.412241839252262e-12
Layer conv3.att_dst grad: 1.906228209051408e-18
Layer conv3.bias grad: 3.987548069517288e-09Layer conv3.att_src grad: 7.303425782414447e-18

Layer conv4.att_src grad: 1.7671165305088737e-16Layer conv2.lin.weight grad: 1.998504714582211e-13

Layer conv3.lin.weight grad: 4.412241839252262e-12
Layer conv3.att_dst grad: 1.906228209051408e-18
Layer conv4.att_dst grad: 2.940648915194185e-17
Layer conv3.att_src grad: 7.303425782414447e-18
Layer conv4.att_src grad: 1.7671165305088737e-16
Layer conv3.bias grad: 3.987548069517288e-09
Layer conv4.att_dst grad: 2.940648915194185e-17Layer conv4.bias grad: 1.6100237587579613e-07

Layer conv3.att_dst grad: 1.906228209051408e-18
Layer conv3.lin.weight grad: 4.412241839252262e-12
Layer conv4.bias grad: 1.6100237587579613e-07
Layer conv4.lin.weight grad: 1.9571624876313365e-10Layer conv3.bias grad: 3.987548069517288e-09

Layer conv4.lin.weight grad: 1.9571624876313365e-10
Layer conv4.att_src grad: 1.7671165305088737e-16
Layer fc.weight grad: 1.9452254917950995e-08Layer fc.weight grad: 1.9452254917950995e-08

Layer conv3.lin.weight grad: 4.412241839252262e-12
Layer conv4.att_dst grad: 2.940648915194185e-17
Layer fc.bias grad: 1.606785190233495e-05
Layer fc.bias grad: 1.606785190233495e-05
Layer conv4.bias grad: 1.6100237587579613e-07Layer conv4.att_src grad: 1.7671165305088737e-16

Layer conv4.att_dst grad: 2.940648915194185e-17Layer conv4.lin.weight grad: 1.9571624876313365e-10

Layer conv4.bias grad: 1.6100237587579613e-07Layer fc.weight grad: 1.9452254917950995e-08

Layer fc.bias grad: 1.606785190233495e-05
Layer conv4.lin.weight grad: 1.9571624876313365e-10
Layer fc.weight grad: 1.9452254917950995e-08
Layer fc.bias grad: 1.606785190233495e-05
Precision: 0.0000, Recall: 0.0003, F1-Score: 0.0000
Fold 3, Epoch 1, Train Loss: 0.0011, Val Loss: 0.0011, Val Acc: 0.0005
Layer conv1.att_src grad: 1.5315475223618052e-19Layer conv1.att_src grad: 1.5315475223618052e-19Layer conv1.att_src grad: 1.5315475223618052e-19Layer conv1.att_src grad: 1.5315475223618052e-19



Layer conv1.att_dst grad: 5.140870638349954e-20
Layer conv1.att_dst grad: 5.140870638349954e-20
Layer conv1.att_dst grad: 5.140870638349954e-20Layer conv1.att_dst grad: 5.140870638349954e-20

Layer conv1.bias grad: 6.361451214973238e-14Layer conv1.bias grad: 6.361451214973238e-14

Layer conv1.bias grad: 6.361451214973238e-14Layer conv1.bias grad: 6.361451214973238e-14

Layer conv1.lin.weight grad: 3.676379133846913e-14
Layer conv1.lin.weight grad: 3.676379133846913e-14
Layer conv1.lin.weight grad: 3.676379133846913e-14Layer conv1.lin.weight grad: 3.676379133846913e-14

Layer conv2.att_src grad: 5.072703685733482e-21
Layer conv2.att_src grad: 5.072703685733482e-21Layer conv2.att_src grad: 5.072703685733482e-21
Layer conv2.att_src grad: 5.072703685733482e-21

Layer conv2.att_dst grad: 2.0833331325875775e-21
Layer conv2.att_dst grad: 2.0833331325875775e-21Layer conv2.att_dst grad: 2.0833331325875775e-21Layer conv2.att_dst grad: 2.0833331325875775e-21


Layer conv2.bias grad: 4.012637878220149e-12
Layer conv2.bias grad: 4.012637878220149e-12Layer conv2.bias grad: 4.012637878220149e-12

Layer conv2.bias grad: 4.012637878220149e-12
Layer conv2.lin.weight grad: 6.748290738467803e-15
Layer conv2.lin.weight grad: 6.748290738467803e-15Layer conv2.lin.weight grad: 6.748290738467803e-15

Layer conv2.lin.weight grad: 6.748290738467803e-15Layer conv3.att_src grad: 1.2788570930413532e-20

Layer conv3.att_src grad: 1.2788570930413532e-20Layer conv3.att_src grad: 1.2788570930413532e-20

Layer conv3.att_dst grad: 8.013394579051284e-21
Layer conv3.att_src grad: 1.2788570930413532e-20
Layer conv3.att_dst grad: 8.013394579051284e-21Layer conv3.att_dst grad: 8.013394579051284e-21

Layer conv3.bias grad: 4.2818168455305283e-10
Layer conv3.att_dst grad: 8.013394579051284e-21
Layer conv3.bias grad: 4.2818168455305283e-10Layer conv3.bias grad: 4.2818168455305283e-10

Layer conv3.lin.weight grad: 1.5229946481471607e-13
Layer conv3.bias grad: 4.2818168455305283e-10
Layer conv3.lin.weight grad: 1.5229946481471607e-13Layer conv3.lin.weight grad: 1.5229946481471607e-13

Layer conv4.att_src grad: 1.121590322582595e-18
Layer conv3.lin.weight grad: 1.5229946481471607e-13
Layer conv4.att_src grad: 1.121590322582595e-18Layer conv4.att_src grad: 1.121590322582595e-18Layer conv4.att_dst grad: 2.7023502058558125e-19


Layer conv4.att_src grad: 1.121590322582595e-18
Layer conv4.att_dst grad: 2.7023502058558125e-19
Layer conv4.bias grad: 3.2059173094012294e-08Layer conv4.att_dst grad: 2.7023502058558125e-19

Layer conv4.bias grad: 3.2059173094012294e-08Layer conv4.att_dst grad: 2.7023502058558125e-19

Layer conv4.bias grad: 3.2059173094012294e-08
Layer conv4.lin.weight grad: 1.2613089392377042e-11
Layer conv4.lin.weight grad: 1.2613089392377042e-11
Layer conv4.bias grad: 3.2059173094012294e-08Layer conv4.lin.weight grad: 1.2613089392377042e-11
Layer fc.weight grad: 2.15750195486919e-09

Layer fc.weight grad: 2.15750195486919e-09
Layer fc.bias grad: 4.605358299158979e-06
Layer fc.weight grad: 2.15750195486919e-09Layer conv4.lin.weight grad: 1.2613089392377042e-11

Layer fc.bias grad: 4.605358299158979e-06
Layer fc.bias grad: 4.605358299158979e-06
Layer fc.weight grad: 2.15750195486919e-09
Layer fc.bias grad: 4.605358299158979e-06
Layer conv1.att_src grad: 5.265689284727365e-20Layer conv1.att_src grad: 5.265689284727365e-20Layer conv1.att_src grad: 5.265689284727365e-20Layer conv1.att_src grad: 5.265689284727365e-20



Layer conv1.att_dst grad: 2.08331156449934e-20Layer conv1.att_dst grad: 2.08331156449934e-20Layer conv1.att_dst grad: 2.08331156449934e-20Layer conv1.att_dst grad: 2.08331156449934e-20



Layer conv1.bias grad: 3.960572578991066e-14Layer conv1.bias grad: 3.960572578991066e-14
Layer conv1.bias grad: 3.960572578991066e-14Layer conv1.bias grad: 3.960572578991066e-14


Layer conv1.lin.weight grad: 2.343726951338672e-14
Layer conv1.lin.weight grad: 2.343726951338672e-14Layer conv1.lin.weight grad: 2.343726951338672e-14Layer conv1.lin.weight grad: 2.343726951338672e-14


Layer conv2.att_src grad: 1.771533499527144e-21
Layer conv2.att_src grad: 1.771533499527144e-21Layer conv2.att_src grad: 1.771533499527144e-21Layer conv2.att_src grad: 1.771533499527144e-21


Layer conv2.att_dst grad: 1.034623212235192e-21
Layer conv2.att_dst grad: 1.034623212235192e-21Layer conv2.att_dst grad: 1.034623212235192e-21Layer conv2.att_dst grad: 1.034623212235192e-21


Layer conv2.bias grad: 2.749483366676353e-12
Layer conv2.bias grad: 2.749483366676353e-12Layer conv2.bias grad: 2.749483366676353e-12Layer conv2.bias grad: 2.749483366676353e-12


Layer conv2.lin.weight grad: 4.1771527202634755e-15
Layer conv2.lin.weight grad: 4.1771527202634755e-15Layer conv2.lin.weight grad: 4.1771527202634755e-15
Layer conv2.lin.weight grad: 4.1771527202634755e-15

Layer conv3.att_src grad: 1.3252956911766764e-20
Layer conv3.att_src grad: 1.3252956911766764e-20Layer conv3.att_src grad: 1.3252956911766764e-20
Layer conv3.att_dst grad: 4.0268985910478355e-21Layer conv3.att_src grad: 1.3252956911766764e-20


Layer conv3.att_dst grad: 4.0268985910478355e-21
Layer conv3.att_dst grad: 4.0268985910478355e-21Layer conv3.bias grad: 2.7339394637060366e-10
Layer conv3.att_dst grad: 4.0268985910478355e-21

Layer conv3.bias grad: 2.7339394637060366e-10
Layer conv3.bias grad: 2.7339394637060366e-10
Layer conv3.bias grad: 2.7339394637060366e-10
Layer conv3.lin.weight grad: 1.2380903051910364e-13
Layer conv3.lin.weight grad: 1.2380903051910364e-13
Layer conv3.lin.weight grad: 1.2380903051910364e-13
Layer conv3.lin.weight grad: 1.2380903051910364e-13Layer conv4.att_src grad: 1.2763787694532648e-18

Layer conv4.att_src grad: 1.2763787694532648e-18
Layer conv4.att_src grad: 1.2763787694532648e-18
Layer conv4.att_dst grad: 4.084914098843721e-19Layer conv4.att_src grad: 1.2763787694532648e-18

Layer conv4.att_dst grad: 4.084914098843721e-19Layer conv4.att_dst grad: 4.084914098843721e-19

Layer conv4.bias grad: 2.76682996513955e-08Layer conv4.att_dst grad: 4.084914098843721e-19

Layer conv4.bias grad: 2.76682996513955e-08Layer conv4.bias grad: 2.76682996513955e-08

Layer conv4.bias grad: 2.76682996513955e-08
Layer conv4.lin.weight grad: 1.1469889274473566e-11
Layer conv4.lin.weight grad: 1.1469889274473566e-11
Layer conv4.lin.weight grad: 1.1469889274473566e-11
Layer conv4.lin.weight grad: 1.1469889274473566e-11
Layer fc.weight grad: 1.7884494996067701e-09
Layer fc.weight grad: 1.7884494996067701e-09Layer fc.weight grad: 1.7884494996067701e-09

Layer fc.weight grad: 1.7884494996067701e-09
Layer fc.bias grad: 4.4729690671374556e-06
Layer fc.bias grad: 4.4729690671374556e-06Layer fc.bias grad: 4.4729690671374556e-06

Layer fc.bias grad: 4.4729690671374556e-06
Layer conv1.att_src grad: 2.287476735654076e-19Layer conv1.att_src grad: 2.287476735654076e-19Layer conv1.att_src grad: 2.287476735654076e-19
Layer conv1.att_src grad: 2.287476735654076e-19


Layer conv1.att_dst grad: 3.584127065282813e-20
Layer conv1.att_dst grad: 3.584127065282813e-20
Layer conv1.att_dst grad: 3.584127065282813e-20Layer conv1.att_dst grad: 3.584127065282813e-20

Layer conv1.bias grad: 2.6658723514295934e-13
Layer conv1.bias grad: 2.6658723514295934e-13
Layer conv1.bias grad: 2.6658723514295934e-13
Layer conv1.bias grad: 2.6658723514295934e-13
Layer conv1.lin.weight grad: 1.5433139521122546e-13Layer conv1.lin.weight grad: 1.5433139521122546e-13

Layer conv1.lin.weight grad: 1.5433139521122546e-13
Layer conv1.lin.weight grad: 1.5433139521122546e-13
Layer conv2.att_src grad: 1.8298262663090128e-20Layer conv2.att_src grad: 1.8298262663090128e-20

Layer conv2.att_src grad: 1.8298262663090128e-20
Layer conv2.att_src grad: 1.8298262663090128e-20
Layer conv2.att_dst grad: 8.21567982070528e-21Layer conv2.att_dst grad: 8.21567982070528e-21

Layer conv2.att_dst grad: 8.21567982070528e-21
Layer conv2.att_dst grad: 8.21567982070528e-21
Layer conv2.bias grad: 8.386040993568766e-12Layer conv2.bias grad: 8.386040993568766e-12

Layer conv2.bias grad: 8.386040993568766e-12
Layer conv2.bias grad: 8.386040993568766e-12
Layer conv2.lin.weight grad: 1.4093698200135472e-14Layer conv2.lin.weight grad: 1.4093698200135472e-14

Layer conv2.lin.weight grad: 1.4093698200135472e-14
Layer conv2.lin.weight grad: 1.4093698200135472e-14
Layer conv3.att_src grad: 3.8062602149293342e-19
Layer conv3.att_src grad: 3.8062602149293342e-19
Layer conv3.att_src grad: 3.8062602149293342e-19
Layer conv3.att_src grad: 3.8062602149293342e-19
Layer conv3.att_dst grad: 5.465347097025511e-20
Layer conv3.att_dst grad: 5.465347097025511e-20
Layer conv3.att_dst grad: 5.465347097025511e-20
Layer conv3.att_dst grad: 5.465347097025511e-20
Layer conv3.bias grad: 4.074348636251557e-10
Layer conv3.bias grad: 4.074348636251557e-10
Layer conv3.bias grad: 4.074348636251557e-10Layer conv3.bias grad: 4.074348636251557e-10

Layer conv3.lin.weight grad: 4.0080601598074805e-13
Layer conv3.lin.weight grad: 4.0080601598074805e-13
Layer conv3.lin.weight grad: 4.0080601598074805e-13Layer conv3.lin.weight grad: 4.0080601598074805e-13

Layer conv4.att_src grad: 1.3512063134863936e-17
Layer conv4.att_src grad: 1.3512063134863936e-17
Layer conv4.att_src grad: 1.3512063134863936e-17Layer conv4.att_src grad: 1.3512063134863936e-17

Layer conv4.att_dst grad: 3.121523205785235e-18
Layer conv4.att_dst grad: 3.121523205785235e-18
Layer conv4.att_dst grad: 3.121523205785235e-18Layer conv4.att_dst grad: 3.121523205785235e-18

Layer conv4.bias grad: 2.2630809226598103e-08
Layer conv4.bias grad: 2.2630809226598103e-08
Layer conv4.bias grad: 2.2630809226598103e-08Layer conv4.bias grad: 2.2630809226598103e-08

Layer conv4.lin.weight grad: 2.022913954402572e-11
Layer conv4.lin.weight grad: 2.022913954402572e-11
Layer conv4.lin.weight grad: 2.022913954402572e-11Layer conv4.lin.weight grad: 2.022913954402572e-11

Layer fc.weight grad: 3.729878184088875e-09
Layer fc.weight grad: 3.729878184088875e-09
Layer fc.weight grad: 3.729878184088875e-09Layer fc.weight grad: 3.729878184088875e-09

Layer fc.bias grad: 4.250389338267269e-06
Layer fc.bias grad: 4.250389338267269e-06
Layer fc.bias grad: 4.250389338267269e-06Layer fc.bias grad: 4.250389338267269e-06

Layer conv1.att_src grad: 3.9090443853754663e-19Layer conv1.att_src grad: 3.9090443853754663e-19Layer conv1.att_src grad: 3.9090443853754663e-19Layer conv1.att_src grad: 3.9090443853754663e-19



Layer conv1.att_dst grad: 1.1414827496941824e-19Layer conv1.att_dst grad: 1.1414827496941824e-19Layer conv1.att_dst grad: 1.1414827496941824e-19
Layer conv1.att_dst grad: 1.1414827496941824e-19


Layer conv1.bias grad: 3.92506231509937e-13
Layer conv1.bias grad: 3.92506231509937e-13
Layer conv1.bias grad: 3.92506231509937e-13Layer conv1.bias grad: 3.92506231509937e-13

Layer conv1.lin.weight grad: 2.2855434450401446e-13
Layer conv1.lin.weight grad: 2.2855434450401446e-13
Layer conv1.lin.weight grad: 2.2855434450401446e-13Layer conv1.lin.weight grad: 2.2855434450401446e-13

Layer conv2.att_src grad: 2.0381282775670514e-20
Layer conv2.att_src grad: 2.0381282775670514e-20
Layer conv2.att_src grad: 2.0381282775670514e-20Layer conv2.att_src grad: 2.0381282775670514e-20

Layer conv2.att_dst grad: 1.1376472650589645e-20
Layer conv2.att_dst grad: 1.1376472650589645e-20
Layer conv2.att_dst grad: 1.1376472650589645e-20Layer conv2.att_dst grad: 1.1376472650589645e-20

Layer conv2.bias grad: 1.300815965360469e-11
Layer conv2.bias grad: 1.300815965360469e-11
Layer conv2.bias grad: 1.300815965360469e-11Layer conv2.bias grad: 1.300815965360469e-11

Layer conv2.lin.weight grad: 1.830999951267162e-14
Layer conv2.lin.weight grad: 1.830999951267162e-14
Layer conv2.lin.weight grad: 1.830999951267162e-14Layer conv2.lin.weight grad: 1.830999951267162e-14

Layer conv3.att_src grad: 8.135248429167546e-19Layer conv3.att_src grad: 8.135248429167546e-19

Layer conv3.att_src grad: 8.135248429167546e-19Layer conv3.att_src grad: 8.135248429167546e-19

Layer conv3.att_dst grad: 4.342086619237989e-19Layer conv3.att_dst grad: 4.342086619237989e-19

Layer conv3.att_dst grad: 4.342086619237989e-19Layer conv3.att_dst grad: 4.342086619237989e-19

Layer conv3.bias grad: 5.068309105737967e-10Layer conv3.bias grad: 5.068309105737967e-10

Layer conv3.bias grad: 5.068309105737967e-10Layer conv3.bias grad: 5.068309105737967e-10

Layer conv3.lin.weight grad: 5.357132380930107e-13Layer conv3.lin.weight grad: 5.357132380930107e-13

Layer conv3.lin.weight grad: 5.357132380930107e-13
Layer conv3.lin.weight grad: 5.357132380930107e-13
Layer conv4.att_src grad: 1.499480754392239e-17Layer conv4.att_src grad: 1.499480754392239e-17

Layer conv4.att_src grad: 1.499480754392239e-17
Layer conv4.att_src grad: 1.499480754392239e-17Layer conv4.att_dst grad: 5.459162086639693e-18Layer conv4.att_dst grad: 5.459162086639693e-18


Layer conv4.att_dst grad: 5.459162086639693e-18
Layer conv4.bias grad: 2.51832688036302e-08Layer conv4.att_dst grad: 5.459162086639693e-18Layer conv4.bias grad: 2.51832688036302e-08


Layer conv4.bias grad: 2.51832688036302e-08
Layer conv4.bias grad: 2.51832688036302e-08Layer conv4.lin.weight grad: 2.4079694835310583e-11

Layer conv4.lin.weight grad: 2.4079694835310583e-11
Layer conv4.lin.weight grad: 2.4079694835310583e-11
Layer fc.weight grad: 5.263015800949233e-09Layer conv4.lin.weight grad: 2.4079694835310583e-11
Layer fc.weight grad: 5.263015800949233e-09

Layer fc.weight grad: 5.263015800949233e-09
Layer fc.bias grad: 5.474941190186655e-06
Layer fc.bias grad: 5.474941190186655e-06
Layer fc.weight grad: 5.263015800949233e-09
Layer fc.bias grad: 5.474941190186655e-06
Layer fc.bias grad: 5.474941190186655e-06
Layer conv1.att_src grad: 5.430840740784979e-20Layer conv1.att_src grad: 5.430840740784979e-20Layer conv1.att_src grad: 5.430840740784979e-20Layer conv1.att_src grad: 5.430840740784979e-20



Layer conv1.att_dst grad: 1.2034832485586563e-20Layer conv1.att_dst grad: 1.2034832485586563e-20Layer conv1.att_dst grad: 1.2034832485586563e-20
Layer conv1.att_dst grad: 1.2034832485586563e-20


Layer conv1.bias grad: 6.783576521687817e-14
Layer conv1.bias grad: 6.783576521687817e-14Layer conv1.bias grad: 6.783576521687817e-14
Layer conv1.bias grad: 6.783576521687817e-14

Layer conv1.lin.weight grad: 3.953666211152333e-14
Layer conv1.lin.weight grad: 3.953666211152333e-14Layer conv1.lin.weight grad: 3.953666211152333e-14

Layer conv1.lin.weight grad: 3.953666211152333e-14
Layer conv2.att_src grad: 1.740713953515833e-21
Layer conv2.att_src grad: 1.740713953515833e-21Layer conv2.att_src grad: 1.740713953515833e-21
Layer conv2.att_src grad: 1.740713953515833e-21

Layer conv2.att_dst grad: 1.0253228829505474e-21
Layer conv2.att_dst grad: 1.0253228829505474e-21
Layer conv2.att_dst grad: 1.0253228829505474e-21Layer conv2.att_dst grad: 1.0253228829505474e-21

Layer conv2.bias grad: 2.67599636026572e-12
Layer conv2.bias grad: 2.67599636026572e-12
Layer conv2.bias grad: 2.67599636026572e-12Layer conv2.bias grad: 2.67599636026572e-12

Layer conv2.lin.weight grad: 2.8701088848495735e-15
Layer conv2.lin.weight grad: 2.8701088848495735e-15
Layer conv2.lin.weight grad: 2.8701088848495735e-15Layer conv2.lin.weight grad: 2.8701088848495735e-15

Layer conv3.att_src grad: 7.339653062070002e-20
Layer conv3.att_src grad: 7.339653062070002e-20
Layer conv3.att_src grad: 7.339653062070002e-20Layer conv3.att_src grad: 7.339653062070002e-20

Layer conv3.att_dst grad: 3.8305545095200167e-20
Layer conv3.att_dst grad: 3.8305545095200167e-20
Layer conv3.att_dst grad: 3.8305545095200167e-20Layer conv3.att_dst grad: 3.8305545095200167e-20

Layer conv3.bias grad: 1.591600740091792e-10
Layer conv3.bias grad: 1.591600740091792e-10
Layer conv3.bias grad: 1.591600740091792e-10Layer conv3.bias grad: 1.591600740091792e-10

Layer conv3.lin.weight grad: 1.1882323196123895e-13
Layer conv3.lin.weight grad: 1.1882323196123895e-13
Layer conv3.lin.weight grad: 1.1882323196123895e-13Layer conv3.lin.weight grad: 1.1882323196123895e-13

Layer conv4.att_src grad: 2.5151785168830925e-18
Layer conv4.att_src grad: 2.5151785168830925e-18
Layer conv4.att_src grad: 2.5151785168830925e-18Layer conv4.att_src grad: 2.5151785168830925e-18

Layer conv4.att_dst grad: 1.005812643978115e-18
Layer conv4.att_dst grad: 1.005812643978115e-18
Layer conv4.att_dst grad: 1.005812643978115e-18Layer conv4.att_dst grad: 1.005812643978115e-18

Layer conv4.bias grad: 1.0973296049598957e-08
Layer conv4.bias grad: 1.0973296049598957e-08
Layer conv4.bias grad: 1.0973296049598957e-08Layer conv4.bias grad: 1.0973296049598957e-08

Layer conv4.lin.weight grad: 7.300685229971737e-12
Layer conv4.lin.weight grad: 7.300685229971737e-12
Layer conv4.lin.weight grad: 7.300685229971737e-12Layer conv4.lin.weight grad: 7.300685229971737e-12

Layer fc.weight grad: 2.6104940431537216e-09
Layer fc.weight grad: 2.6104940431537216e-09
Layer fc.weight grad: 2.6104940431537216e-09Layer fc.bias grad: 3.751832309717429e-06Layer fc.weight grad: 2.6104940431537216e-09


Layer fc.bias grad: 3.751832309717429e-06
Layer fc.bias grad: 3.751832309717429e-06
Layer fc.bias grad: 3.751832309717429e-06
Layer conv1.att_src grad: 1.1832602577791903e-21Layer conv1.att_src grad: 1.1832602577791903e-21Layer conv1.att_src grad: 1.1832602577791903e-21


Layer conv1.att_dst grad: 4.354652046081263e-22Layer conv1.att_dst grad: 4.354652046081263e-22

Layer conv1.att_dst grad: 4.354652046081263e-22
Layer conv1.bias grad: 1.0383062004582985e-14
Layer conv1.bias grad: 1.0383062004582985e-14
Layer conv1.bias grad: 1.0383062004582985e-14
Layer conv1.lin.weight grad: 6.7423280500356064e-15
Layer conv1.lin.weight grad: 6.7423280500356064e-15
Layer conv2.att_src grad: 4.942805532432917e-23Layer conv1.lin.weight grad: 6.7423280500356064e-15

Layer conv2.att_src grad: 4.942805532432917e-23
Layer conv2.att_dst grad: 2.2499837096172144e-23
Layer conv2.att_dst grad: 2.2499837096172144e-23
Layer conv2.att_src grad: 4.942805532432917e-23
Layer conv2.bias grad: 1.041654067689135e-12
Layer conv2.bias grad: 1.041654067689135e-12
Layer conv2.att_dst grad: 2.2499837096172144e-23
Layer conv2.lin.weight grad: 6.659812429654697e-16Layer conv1.att_src grad: 1.1832602577791903e-21

Layer conv2.lin.weight grad: 6.659812429654697e-16
Layer conv2.bias grad: 1.041654067689135e-12
Layer conv3.att_src grad: 1.3679131834022735e-21
Layer conv3.att_src grad: 1.3679131834022735e-21
Layer conv1.att_dst grad: 4.354652046081263e-22Layer conv3.att_dst grad: 6.450996006729057e-22

Layer conv3.att_dst grad: 6.450996006729057e-22
Layer conv2.lin.weight grad: 6.659812429654697e-16
Layer conv3.bias grad: 1.7336511393128973e-10
Layer conv3.bias grad: 1.7336511393128973e-10
Layer conv1.bias grad: 1.0383062004582985e-14
Layer conv3.att_src grad: 1.3679131834022735e-21
Layer conv3.lin.weight grad: 3.5843689941052886e-14
Layer conv3.lin.weight grad: 3.5843689941052886e-14
Layer conv4.att_src grad: 1.204067881074798e-19
Layer conv1.lin.weight grad: 6.7423280500356064e-15Layer conv3.att_dst grad: 6.450996006729057e-22

Layer conv4.att_src grad: 1.204067881074798e-19
Layer conv4.att_dst grad: 4.501557606309351e-20
Layer conv4.att_dst grad: 4.501557606309351e-20
Layer conv3.bias grad: 1.7336511393128973e-10
Layer conv4.bias grad: 2.5124379021690402e-08
Layer conv2.att_src grad: 4.942805532432917e-23
Layer conv4.bias grad: 2.5124379021690402e-08
Layer conv4.lin.weight grad: 4.325174766950379e-12
Layer conv3.lin.weight grad: 3.5843689941052886e-14
Layer conv2.att_dst grad: 2.2499837096172144e-23Layer conv4.lin.weight grad: 4.325174766950379e-12

Layer fc.weight grad: 2.7371984678836725e-09
Layer conv4.att_src grad: 1.204067881074798e-19Layer fc.weight grad: 2.7371984678836725e-09
Layer fc.bias grad: 1.0457982170919422e-05

Layer conv2.bias grad: 1.041654067689135e-12
Layer fc.bias grad: 1.0457982170919422e-05
Layer conv4.att_dst grad: 4.501557606309351e-20
Layer conv2.lin.weight grad: 6.659812429654697e-16
Layer conv4.bias grad: 2.5124379021690402e-08
Layer conv3.att_src grad: 1.3679131834022735e-21
Layer conv4.lin.weight grad: 4.325174766950379e-12
Layer conv3.att_dst grad: 6.450996006729057e-22
Layer fc.weight grad: 2.7371984678836725e-09
Layer conv3.bias grad: 1.7336511393128973e-10Layer fc.bias grad: 1.0457982170919422e-05

Layer conv3.lin.weight grad: 3.5843689941052886e-14
Layer conv4.att_src grad: 1.204067881074798e-19
Layer conv4.att_dst grad: 4.501557606309351e-20
Layer conv4.bias grad: 2.5124379021690402e-08
Layer conv4.lin.weight grad: 4.325174766950379e-12
Layer fc.weight grad: 2.7371984678836725e-09
Layer fc.bias grad: 1.0457982170919422e-05
Precision: 0.0000, Recall: 0.0003, F1-Score: 0.0000
Fold 3, Epoch 2, Train Loss: 0.0011, Val Loss: 0.0011, Val Acc: 0.0005
Layer conv1.att_src grad: 1.3322732504492453e-20Layer conv1.att_src grad: 1.3322732504492453e-20Layer conv1.att_src grad: 1.3322732504492453e-20Layer conv1.att_src grad: 1.3322732504492453e-20



Layer conv1.att_dst grad: 4.505371280518261e-21Layer conv1.att_dst grad: 4.505371280518261e-21Layer conv1.att_dst grad: 4.505371280518261e-21
Layer conv1.att_dst grad: 4.505371280518261e-21


Layer conv1.bias grad: 1.736078728692414e-14
Layer conv1.bias grad: 1.736078728692414e-14
Layer conv1.bias grad: 1.736078728692414e-14
Layer conv1.bias grad: 1.736078728692414e-14
Layer conv1.lin.weight grad: 1.0174710534283267e-14
Layer conv1.lin.weight grad: 1.0174710534283267e-14Layer conv1.lin.weight grad: 1.0174710534283267e-14

Layer conv1.lin.weight grad: 1.0174710534283267e-14
Layer conv2.att_src grad: 1.7646312316637244e-22
Layer conv2.att_src grad: 1.7646312316637244e-22Layer conv2.att_src grad: 1.7646312316637244e-22

Layer conv2.att_src grad: 1.7646312316637244e-22
Layer conv2.att_dst grad: 3.9002747279966914e-23
Layer conv2.att_dst grad: 3.9002747279966914e-23Layer conv2.att_dst grad: 3.9002747279966914e-23
Layer conv2.att_dst grad: 3.9002747279966914e-23

Layer conv2.bias grad: 1.3644081524322171e-12
Layer conv2.bias grad: 1.3644081524322171e-12
Layer conv2.bias grad: 1.3644081524322171e-12Layer conv2.bias grad: 1.3644081524322171e-12

Layer conv2.lin.weight grad: 1.0469733803877834e-15
Layer conv2.lin.weight grad: 1.0469733803877834e-15
Layer conv2.lin.weight grad: 1.0469733803877834e-15Layer conv2.lin.weight grad: 1.0469733803877834e-15

Layer conv3.att_src grad: 4.655175789714888e-21
Layer conv3.att_src grad: 4.655175789714888e-21
Layer conv3.att_src grad: 4.655175789714888e-21Layer conv3.att_src grad: 4.655175789714888e-21

Layer conv3.att_dst grad: 1.2607270550041668e-21
Layer conv3.att_dst grad: 1.2607270550041668e-21
Layer conv3.att_dst grad: 1.2607270550041668e-21Layer conv3.att_dst grad: 1.2607270550041668e-21

Layer conv3.bias grad: 1.8337173446347776e-10
Layer conv3.bias grad: 1.8337173446347776e-10
Layer conv3.bias grad: 1.8337173446347776e-10Layer conv3.bias grad: 1.8337173446347776e-10

Layer conv3.lin.weight grad: 6.46048630716621e-14
Layer conv3.lin.weight grad: 6.46048630716621e-14
Layer conv3.lin.weight grad: 6.46048630716621e-14Layer conv3.lin.weight grad: 6.46048630716621e-14

Layer conv4.att_src grad: 3.0091509780638476e-19
Layer conv4.att_src grad: 3.0091509780638476e-19
Layer conv4.att_src grad: 3.0091509780638476e-19Layer conv4.att_src grad: 3.0091509780638476e-19

Layer conv4.att_dst grad: 1.2378928472857398e-19
Layer conv4.att_dst grad: 1.2378928472857398e-19
Layer conv4.att_dst grad: 1.2378928472857398e-19Layer conv4.att_dst grad: 1.2378928472857398e-19

Layer conv4.bias grad: 1.7224060400167218e-08Layer conv4.bias grad: 1.7224060400167218e-08

Layer conv4.bias grad: 1.7224060400167218e-08Layer conv4.bias grad: 1.7224060400167218e-08

Layer conv4.lin.weight grad: 6.5239129203031876e-12Layer conv4.lin.weight grad: 6.5239129203031876e-12

Layer conv4.lin.weight grad: 6.5239129203031876e-12Layer conv4.lin.weight grad: 6.5239129203031876e-12

Layer fc.weight grad: 1.7863516221794384e-09Layer fc.weight grad: 1.7863516221794384e-09

Layer fc.weight grad: 1.7863516221794384e-09Layer fc.weight grad: 1.7863516221794384e-09

Layer fc.bias grad: 5.646262707159622e-06Layer fc.bias grad: 5.646262707159622e-06

Layer fc.bias grad: 5.646262707159622e-06Layer fc.bias grad: 5.646262707159622e-06

Layer conv1.att_src grad: 6.258446575871647e-20Layer conv1.att_src grad: 6.258446575871647e-20Layer conv1.att_src grad: 6.258446575871647e-20Layer conv1.att_src grad: 6.258446575871647e-20



Layer conv1.att_dst grad: 6.4526675335674606e-21Layer conv1.att_dst grad: 6.4526675335674606e-21Layer conv1.att_dst grad: 6.4526675335674606e-21Layer conv1.att_dst grad: 6.4526675335674606e-21



Layer conv1.bias grad: 1.398588005390583e-13Layer conv1.bias grad: 1.398588005390583e-13Layer conv1.bias grad: 1.398588005390583e-13Layer conv1.bias grad: 1.398588005390583e-13



Layer conv1.lin.weight grad: 8.553043256281923e-14Layer conv1.lin.weight grad: 8.553043256281923e-14Layer conv1.lin.weight grad: 8.553043256281923e-14
Layer conv1.lin.weight grad: 8.553043256281923e-14


Layer conv2.att_src grad: 3.279927436827959e-21
Layer conv2.att_src grad: 3.279927436827959e-21Layer conv2.att_src grad: 3.279927436827959e-21
Layer conv2.att_src grad: 3.279927436827959e-21

Layer conv2.att_dst grad: 1.1550102021301396e-21
Layer conv2.att_dst grad: 1.1550102021301396e-21
Layer conv2.att_dst grad: 1.1550102021301396e-21Layer conv2.att_dst grad: 1.1550102021301396e-21

Layer conv2.bias grad: 5.890956125687019e-12
Layer conv2.bias grad: 5.890956125687019e-12
Layer conv2.bias grad: 5.890956125687019e-12Layer conv2.bias grad: 5.890956125687019e-12

Layer conv2.lin.weight grad: 6.99577047224946e-15
Layer conv2.lin.weight grad: 6.99577047224946e-15
Layer conv2.lin.weight grad: 6.99577047224946e-15Layer conv2.lin.weight grad: 6.99577047224946e-15

Layer conv3.att_src grad: 1.1947421951500869e-19
Layer conv3.att_src grad: 1.1947421951500869e-19
Layer conv3.att_src grad: 1.1947421951500869e-19Layer conv3.att_src grad: 1.1947421951500869e-19

Layer conv3.att_dst grad: 1.1329244191904562e-20Layer conv3.att_dst grad: 1.1329244191904562e-20

Layer conv3.att_dst grad: 1.1329244191904562e-20Layer conv3.att_dst grad: 1.1329244191904562e-20

Layer conv3.bias grad: 4.040402457050618e-10Layer conv3.bias grad: 4.040402457050618e-10

Layer conv3.bias grad: 4.040402457050618e-10Layer conv3.bias grad: 4.040402457050618e-10

Layer conv3.lin.weight grad: 2.8622351884444175e-13Layer conv3.lin.weight grad: 2.8622351884444175e-13

Layer conv3.lin.weight grad: 2.8622351884444175e-13Layer conv3.lin.weight grad: 2.8622351884444175e-13

Layer conv4.att_src grad: 4.468907365815205e-18Layer conv4.att_src grad: 4.468907365815205e-18

Layer conv4.att_src grad: 4.468907365815205e-18Layer conv4.att_src grad: 4.468907365815205e-18

Layer conv4.att_dst grad: 1.416710684155922e-18Layer conv4.att_dst grad: 1.416710684155922e-18

Layer conv4.att_dst grad: 1.416710684155922e-18Layer conv4.att_dst grad: 1.416710684155922e-18

Layer conv4.bias grad: 2.4037221990624857e-08Layer conv4.bias grad: 2.4037221990624857e-08
Layer conv4.bias grad: 2.4037221990624857e-08
Layer conv4.bias grad: 2.4037221990624857e-08

Layer conv4.lin.weight grad: 1.8569012646962868e-11
Layer conv4.lin.weight grad: 1.8569012646962868e-11Layer conv4.lin.weight grad: 1.8569012646962868e-11
Layer conv4.lin.weight grad: 1.8569012646962868e-11

Layer fc.weight grad: 3.4097087375783985e-09
Layer fc.weight grad: 3.4097087375783985e-09
Layer fc.weight grad: 3.4097087375783985e-09Layer fc.weight grad: 3.4097087375783985e-09

Layer fc.bias grad: 4.820789399673231e-06
Layer fc.bias grad: 4.820789399673231e-06
Layer fc.bias grad: 4.820789399673231e-06Layer fc.bias grad: 4.820789399673231e-06

Layer conv1.att_src grad: 1.6019171987883691e-19Layer conv1.att_src grad: 1.6019171987883691e-19Layer conv1.att_src grad: 1.6019171987883691e-19Layer conv1.att_src grad: 1.6019171987883691e-19



Layer conv1.att_dst grad: 1.2658256864400185e-20Layer conv1.att_dst grad: 1.2658256864400185e-20Layer conv1.att_dst grad: 1.2658256864400185e-20Layer conv1.att_dst grad: 1.2658256864400185e-20



Layer conv1.bias grad: 1.7740951936684457e-13Layer conv1.bias grad: 1.7740951936684457e-13Layer conv1.bias grad: 1.7740951936684457e-13
Layer conv1.bias grad: 1.7740951936684457e-13


Layer conv1.lin.weight grad: 9.474449762063297e-14Layer conv1.lin.weight grad: 9.474449762063297e-14Layer conv1.lin.weight grad: 9.474449762063297e-14

Layer conv1.lin.weight grad: 9.474449762063297e-14

Layer conv2.att_src grad: 6.903168755195236e-21Layer conv2.att_src grad: 6.903168755195236e-21
Layer conv2.att_src grad: 6.903168755195236e-21
Layer conv2.att_src grad: 6.903168755195236e-21

Layer conv2.att_dst grad: 1.2494622727389045e-21
Layer conv2.att_dst grad: 1.2494622727389045e-21
Layer conv2.att_dst grad: 1.2494622727389045e-21Layer conv2.att_dst grad: 1.2494622727389045e-21

Layer conv2.bias grad: 6.1505427487174025e-12
Layer conv2.bias grad: 6.1505427487174025e-12
Layer conv2.bias grad: 6.1505427487174025e-12Layer conv2.bias grad: 6.1505427487174025e-12

Layer conv2.lin.weight grad: 7.986966733060548e-15Layer conv2.lin.weight grad: 7.986966733060548e-15

Layer conv2.lin.weight grad: 7.986966733060548e-15Layer conv2.lin.weight grad: 7.986966733060548e-15

Layer conv3.att_src grad: 2.3058300639890375e-19Layer conv3.att_src grad: 2.3058300639890375e-19

Layer conv3.att_src grad: 2.3058300639890375e-19Layer conv3.att_src grad: 2.3058300639890375e-19

Layer conv3.att_dst grad: 5.1435877327917346e-20Layer conv3.att_dst grad: 5.1435877327917346e-20

Layer conv3.att_dst grad: 5.1435877327917346e-20
Layer conv3.att_dst grad: 5.1435877327917346e-20
Layer conv3.bias grad: 4.1199726963370153e-10Layer conv3.bias grad: 4.1199726963370153e-10

Layer conv3.bias grad: 4.1199726963370153e-10
Layer conv3.bias grad: 4.1199726963370153e-10
Layer conv3.lin.weight grad: 3.1846769145416065e-13Layer conv3.lin.weight grad: 3.1846769145416065e-13
Layer conv3.lin.weight grad: 3.1846769145416065e-13

Layer conv3.lin.weight grad: 3.1846769145416065e-13
Layer conv4.att_src grad: 5.774200440375414e-18
Layer conv4.att_src grad: 5.774200440375414e-18Layer conv4.att_src grad: 5.774200440375414e-18
Layer conv4.att_src grad: 5.774200440375414e-18

Layer conv4.att_dst grad: 1.846970437534181e-18
Layer conv4.att_dst grad: 1.846970437534181e-18Layer conv4.att_dst grad: 1.846970437534181e-18
Layer conv4.att_dst grad: 1.846970437534181e-18

Layer conv4.bias grad: 2.500526363746758e-08
Layer conv4.bias grad: 2.500526363746758e-08Layer conv4.bias grad: 2.500526363746758e-08
Layer conv4.bias grad: 2.500526363746758e-08

Layer conv4.lin.weight grad: 2.133499280021489e-11
Layer conv4.lin.weight grad: 2.133499280021489e-11
Layer conv4.lin.weight grad: 2.133499280021489e-11Layer conv4.lin.weight grad: 2.133499280021489e-11

Layer fc.weight grad: 3.7010405851134465e-09
Layer fc.weight grad: 3.7010405851134465e-09
Layer fc.weight grad: 3.7010405851134465e-09Layer fc.weight grad: 3.7010405851134465e-09

Layer fc.bias grad: 4.531720605882583e-06
Layer fc.bias grad: 4.531720605882583e-06
Layer fc.bias grad: 4.531720605882583e-06Layer fc.bias grad: 4.531720605882583e-06

Layer conv1.att_src grad: 2.362074662103978e-20Layer conv1.att_src grad: 2.362074662103978e-20Layer conv1.att_src grad: 2.362074662103978e-20Layer conv1.att_src grad: 2.362074662103978e-20



Layer conv1.att_dst grad: 6.186406253101667e-21Layer conv1.att_dst grad: 6.186406253101667e-21Layer conv1.att_dst grad: 6.186406253101667e-21Layer conv1.att_dst grad: 6.186406253101667e-21



Layer conv1.bias grad: 4.4116708170730684e-14Layer conv1.bias grad: 4.4116708170730684e-14
Layer conv1.bias grad: 4.4116708170730684e-14
Layer conv1.bias grad: 4.4116708170730684e-14

Layer conv1.lin.weight grad: 3.150787736185684e-14
Layer conv1.lin.weight grad: 3.150787736185684e-14
Layer conv1.lin.weight grad: 3.150787736185684e-14Layer conv1.lin.weight grad: 3.150787736185684e-14

Layer conv2.att_src grad: 1.1280711954402428e-21
Layer conv2.att_src grad: 1.1280711954402428e-21
Layer conv2.att_src grad: 1.1280711954402428e-21Layer conv2.att_src grad: 1.1280711954402428e-21

Layer conv2.att_dst grad: 2.549535841672872e-22
Layer conv2.att_dst grad: 2.549535841672872e-22
Layer conv2.att_dst grad: 2.549535841672872e-22Layer conv2.att_dst grad: 2.549535841672872e-22

Layer conv2.bias grad: 1.8043459521638328e-12
Layer conv2.bias grad: 1.8043459521638328e-12
Layer conv2.bias grad: 1.8043459521638328e-12Layer conv2.bias grad: 1.8043459521638328e-12

Layer conv2.lin.weight grad: 2.6828176182339125e-15Layer conv2.lin.weight grad: 2.6828176182339125e-15

Layer conv2.lin.weight grad: 2.6828176182339125e-15Layer conv2.lin.weight grad: 2.6828176182339125e-15

Layer conv3.att_src grad: 4.004002328627596e-20Layer conv3.att_src grad: 4.004002328627596e-20

Layer conv3.att_src grad: 4.004002328627596e-20Layer conv3.att_src grad: 4.004002328627596e-20

Layer conv3.att_dst grad: 8.761479276703196e-21Layer conv3.att_dst grad: 8.761479276703196e-21

Layer conv3.att_dst grad: 8.761479276703196e-21Layer conv3.att_dst grad: 8.761479276703196e-21

Layer conv3.bias grad: 1.650023034871495e-10Layer conv3.bias grad: 1.650023034871495e-10

Layer conv3.bias grad: 1.650023034871495e-10Layer conv3.bias grad: 1.650023034871495e-10

Layer conv3.lin.weight grad: 9.551401688881814e-14Layer conv3.lin.weight grad: 9.551401688881814e-14

Layer conv3.lin.weight grad: 9.551401688881814e-14Layer conv3.lin.weight grad: 9.551401688881814e-14

Layer conv4.att_src grad: 1.929496179297065e-18Layer conv4.att_src grad: 1.929496179297065e-18

Layer conv4.att_src grad: 1.929496179297065e-18
Layer conv4.att_src grad: 1.929496179297065e-18
Layer conv4.att_dst grad: 7.562894762984315e-19Layer conv4.att_dst grad: 7.562894762984315e-19

Layer conv4.att_dst grad: 7.562894762984315e-19
Layer conv4.att_dst grad: 7.562894762984315e-19
Layer conv4.bias grad: 1.4987925567311322e-08Layer conv4.bias grad: 1.4987925567311322e-08

Layer conv4.bias grad: 1.4987925567311322e-08
Layer conv4.bias grad: 1.4987925567311322e-08
Layer conv4.lin.weight grad: 9.632865685671455e-12Layer conv4.lin.weight grad: 9.632865685671455e-12

Layer conv4.lin.weight grad: 9.632865685671455e-12
Layer conv4.lin.weight grad: 9.632865685671455e-12
Layer fc.weight grad: 2.0140171752558444e-09Layer fc.weight grad: 2.0140171752558444e-09

Layer fc.weight grad: 2.0140171752558444e-09
Layer fc.weight grad: 2.0140171752558444e-09
Layer fc.bias grad: 3.121848749287892e-06Layer fc.bias grad: 3.121848749287892e-06

Layer fc.bias grad: 3.121848749287892e-06
Layer fc.bias grad: 3.121848749287892e-06
Layer conv1.att_src grad: 2.471521158461114e-21Layer conv1.att_src grad: 2.471521158461114e-21Layer conv1.att_src grad: 2.471521158461114e-21Layer conv1.att_src grad: 2.471521158461114e-21



Layer conv1.att_dst grad: 3.2392683593260664e-22Layer conv1.att_dst grad: 3.2392683593260664e-22Layer conv1.att_dst grad: 3.2392683593260664e-22Layer conv1.att_dst grad: 3.2392683593260664e-22



Layer conv1.bias grad: 5.694604621973029e-15Layer conv1.bias grad: 5.694604621973029e-15Layer conv1.bias grad: 5.694604621973029e-15
Layer conv1.bias grad: 5.694604621973029e-15


Layer conv1.lin.weight grad: 3.5267398369894214e-15
Layer conv1.lin.weight grad: 3.5267398369894214e-15Layer conv1.lin.weight grad: 3.5267398369894214e-15Layer conv1.lin.weight grad: 3.5267398369894214e-15


Layer conv2.att_src grad: 2.6470417001308304e-23
Layer conv2.att_src grad: 2.6470417001308304e-23Layer conv2.att_src grad: 2.6470417001308304e-23Layer conv2.att_src grad: 2.6470417001308304e-23


Layer conv2.att_dst grad: 9.330756438619953e-24
Layer conv2.att_dst grad: 9.330756438619953e-24
Layer conv2.att_dst grad: 9.330756438619953e-24Layer conv2.att_dst grad: 9.330756438619953e-24

Layer conv2.bias grad: 4.927646832242338e-13
Layer conv2.bias grad: 4.927646832242338e-13
Layer conv2.bias grad: 4.927646832242338e-13
Layer conv2.bias grad: 4.927646832242338e-13
Layer conv2.lin.weight grad: 5.034624078043264e-16
Layer conv2.lin.weight grad: 5.034624078043264e-16
Layer conv2.lin.weight grad: 5.034624078043264e-16
Layer conv2.lin.weight grad: 5.034624078043264e-16
Layer conv3.att_src grad: 7.547770149185727e-22
Layer conv3.att_src grad: 7.547770149185727e-22
Layer conv3.att_src grad: 7.547770149185727e-22
Layer conv3.att_dst grad: 3.5242718136966586e-22Layer conv3.att_src grad: 7.547770149185727e-22

Layer conv3.att_dst grad: 3.5242718136966586e-22
Layer conv3.att_dst grad: 3.5242718136966586e-22
Layer conv3.bias grad: 9.371978887395827e-11
Layer conv3.att_dst grad: 3.5242718136966586e-22
Layer conv3.bias grad: 9.371978887395827e-11
Layer conv3.bias grad: 9.371978887395827e-11
Layer conv3.bias grad: 9.371978887395827e-11
Layer conv3.lin.weight grad: 1.9263270720302345e-14
Layer conv3.lin.weight grad: 1.9263270720302345e-14
Layer conv3.lin.weight grad: 1.9263270720302345e-14
Layer conv4.att_src grad: 7.196577957962178e-20Layer conv3.lin.weight grad: 1.9263270720302345e-14

Layer conv4.att_src grad: 7.196577957962178e-20
Layer conv4.att_src grad: 7.196577957962178e-20
Layer conv4.att_dst grad: 2.248513426875531e-20
Layer conv4.att_src grad: 7.196577957962178e-20
Layer conv4.att_dst grad: 2.248513426875531e-20
Layer conv4.att_dst grad: 2.248513426875531e-20
Layer conv4.bias grad: 1.666142068756926e-08
Layer conv4.att_dst grad: 2.248513426875531e-20
Layer conv4.bias grad: 1.666142068756926e-08
Layer conv4.bias grad: 1.666142068756926e-08
Layer conv4.lin.weight grad: 3.96881225800394e-12
Layer conv4.bias grad: 1.666142068756926e-08
Layer conv4.lin.weight grad: 3.96881225800394e-12
Layer conv4.lin.weight grad: 3.96881225800394e-12
Layer fc.weight grad: 1.525770731980458e-09
Layer conv4.lin.weight grad: 3.96881225800394e-12
Layer fc.weight grad: 1.525770731980458e-09
Layer fc.weight grad: 1.525770731980458e-09
Layer fc.bias grad: 4.662958872359013e-06
Layer fc.weight grad: 1.525770731980458e-09
Layer fc.bias grad: 4.662958872359013e-06
Layer fc.bias grad: 4.662958872359013e-06
Layer fc.bias grad: 4.662958872359013e-06
Layer conv1.att_src grad: 3.2252343597391164e-21
Layer conv1.att_src grad: 3.2252343597391164e-21Layer conv1.att_dst grad: 9.515241753388782e-22

Layer conv1.att_src grad: 3.2252343597391164e-21
Layer conv1.bias grad: 1.7855557866140216e-14
Layer conv1.att_dst grad: 9.515241753388782e-22
Layer conv1.att_dst grad: 9.515241753388782e-22Layer conv1.lin.weight grad: 1.0620234617945978e-14

Layer conv1.bias grad: 1.7855557866140216e-14
Layer conv2.att_src grad: 1.7951677217604677e-22
Layer conv1.bias grad: 1.7855557866140216e-14
Layer conv1.lin.weight grad: 1.0620234617945978e-14
Layer conv2.att_dst grad: 8.836942291498265e-23
Layer conv1.lin.weight grad: 1.0620234617945978e-14
Layer conv2.att_src grad: 1.7951677217604677e-22
Layer conv2.bias grad: 1.8537836196652613e-12
Layer conv1.att_src grad: 3.2252343597391164e-21
Layer conv2.att_src grad: 1.7951677217604677e-22
Layer conv2.att_dst grad: 8.836942291498265e-23
Layer conv2.lin.weight grad: 1.4192183144429204e-15
Layer conv1.att_dst grad: 9.515241753388782e-22Layer conv2.att_dst grad: 8.836942291498265e-23

Layer conv2.bias grad: 1.8537836196652613e-12Layer conv3.att_src grad: 1.3434292633107182e-21

Layer conv2.bias grad: 1.8537836196652613e-12
Layer conv1.bias grad: 1.7855557866140216e-14Layer conv3.att_dst grad: 2.5309687065366107e-22

Layer conv2.lin.weight grad: 1.4192183144429204e-15
Layer conv3.bias grad: 2.678872956796141e-10
Layer conv2.lin.weight grad: 1.4192183144429204e-15
Layer conv1.lin.weight grad: 1.0620234617945978e-14
Layer conv3.att_src grad: 1.3434292633107182e-21
Layer conv3.lin.weight grad: 5.028379242936337e-14
Layer conv3.att_src grad: 1.3434292633107182e-21
Layer conv2.att_src grad: 1.7951677217604677e-22Layer conv3.att_dst grad: 2.5309687065366107e-22

Layer conv4.att_src grad: 1.425064949848766e-19
Layer conv3.att_dst grad: 2.5309687065366107e-22
Layer conv3.bias grad: 2.678872956796141e-10Layer conv2.att_dst grad: 8.836942291498265e-23

Layer conv4.att_dst grad: 8.716302613678157e-20
Layer conv3.bias grad: 2.678872956796141e-10
Layer conv4.bias grad: 3.7332174684934216e-08
Layer conv2.bias grad: 1.8537836196652613e-12
Layer conv3.lin.weight grad: 5.028379242936337e-14
Layer conv3.lin.weight grad: 5.028379242936337e-14Layer conv4.lin.weight grad: 7.255257158944595e-12

Layer conv4.att_src grad: 1.425064949848766e-19
Layer conv2.lin.weight grad: 1.4192183144429204e-15
Layer fc.weight grad: 3.0574673903771554e-09
Layer conv4.att_src grad: 1.425064949848766e-19
Layer conv4.att_dst grad: 8.716302613678157e-20
Layer fc.bias grad: 1.574264570081141e-05Layer conv3.att_src grad: 1.3434292633107182e-21

Layer conv4.att_dst grad: 8.716302613678157e-20
Layer conv4.bias grad: 3.7332174684934216e-08
Layer conv3.att_dst grad: 2.5309687065366107e-22
Layer conv4.bias grad: 3.7332174684934216e-08
Layer conv4.lin.weight grad: 7.255257158944595e-12
Layer conv3.bias grad: 2.678872956796141e-10
Layer conv4.lin.weight grad: 7.255257158944595e-12
Layer fc.weight grad: 3.0574673903771554e-09
Layer conv3.lin.weight grad: 5.028379242936337e-14Layer fc.weight grad: 3.0574673903771554e-09

Layer fc.bias grad: 1.574264570081141e-05
Layer fc.bias grad: 1.574264570081141e-05Layer conv4.att_src grad: 1.425064949848766e-19

Layer conv4.att_dst grad: 8.716302613678157e-20
Layer conv4.bias grad: 3.7332174684934216e-08
Layer conv4.lin.weight grad: 7.255257158944595e-12
Layer fc.weight grad: 3.0574673903771554e-09
Layer fc.bias grad: 1.574264570081141e-05
Precision: 0.0000, Recall: 0.0003, F1-Score: 0.0000
Fold 3, Epoch 3, Train Loss: 0.0011, Val Loss: 0.0011, Val Acc: 0.0005
Completed Fold 3
Starting Fold 4
Class weights: [2.12139744e-05 5.54295695e-02 5.78395507e-02 5.39314730e-02
 5.54295695e-02 5.70132714e-02 5.54295695e-02 5.54295695e-02
 5.39314730e-02 5.70132714e-02 5.39314730e-02 6.23582656e-02
 5.46702603e-02 5.39314730e-02 5.32123867e-02 5.11657564e-02
 5.39314730e-02 6.13989077e-02 5.39314730e-02]
Class weights: [2.12139744e-05 5.54295695e-02 5.78395507e-02 5.39314730e-02
 5.54295695e-02 5.70132714e-02 5.54295695e-02 5.54295695e-02
 5.39314730e-02 5.70132714e-02 5.39314730e-02 6.23582656e-02
 5.46702603e-02 5.39314730e-02 5.32123867e-02 5.11657564e-02
 5.39314730e-02 6.13989077e-02 5.39314730e-02]
Class weights: [2.12139744e-05 5.54295695e-02 5.78395507e-02 5.39314730e-02
 5.54295695e-02 5.70132714e-02 5.54295695e-02 5.54295695e-02
 5.39314730e-02 5.70132714e-02 5.39314730e-02 6.23582656e-02
 5.46702603e-02 5.39314730e-02 5.32123867e-02 5.11657564e-02
 5.39314730e-02 6.13989077e-02 5.39314730e-02]
Class weights: [2.12139744e-05 5.54295695e-02 5.78395507e-02 5.39314730e-02
 5.54295695e-02 5.70132714e-02 5.54295695e-02 5.54295695e-02
 5.39314730e-02 5.70132714e-02 5.39314730e-02 6.23582656e-02
 5.46702603e-02 5.39314730e-02 5.32123867e-02 5.11657564e-02
 5.39314730e-02 6.13989077e-02 5.39314730e-02]
Class weights: [2.05999527e-05 5.38252044e-02 4.61358895e-02 6.05533550e-02
 5.38252044e-02 4.84426840e-02 5.38252044e-02 5.38252044e-02
 6.05533550e-02 4.84426840e-02 6.05533550e-02 3.72636031e-02
 5.69913929e-02 6.05533550e-02 6.45902453e-02 8.07378066e-02
 6.05533550e-02 3.87541472e-02 6.05533550e-02]
Class weights: [2.05999527e-05 5.38252044e-02 4.61358895e-02 6.05533550e-02
 5.38252044e-02 4.84426840e-02 5.38252044e-02 5.38252044e-02
 6.05533550e-02 4.84426840e-02 6.05533550e-02 3.72636031e-02
 5.69913929e-02 6.05533550e-02 6.45902453e-02 8.07378066e-02
 6.05533550e-02 3.87541472e-02 6.05533550e-02]
Class weights: [2.05999527e-05 5.38252044e-02 4.61358895e-02 6.05533550e-02
 5.38252044e-02 4.84426840e-02 5.38252044e-02 5.38252044e-02
 6.05533550e-02 4.84426840e-02 6.05533550e-02 3.72636031e-02
 5.69913929e-02 6.05533550e-02 6.45902453e-02 8.07378066e-02
 6.05533550e-02 3.87541472e-02 6.05533550e-02]
Class weights: [2.05999527e-05 5.38252044e-02 4.61358895e-02 6.05533550e-02
 5.38252044e-02 4.84426840e-02 5.38252044e-02 5.38252044e-02
 6.05533550e-02 4.84426840e-02 6.05533550e-02 3.72636031e-02
 5.69913929e-02 6.05533550e-02 6.45902453e-02 8.07378066e-02
 6.05533550e-02 3.87541472e-02 6.05533550e-02]
Layer conv1.att_src grad: 9.109959805896703e-21Layer conv1.att_src grad: 9.109959805896703e-21Layer conv1.att_src grad: 9.109959805896703e-21Layer conv1.att_src grad: 9.109959805896703e-21



Layer conv1.att_dst grad: 3.6418872133763154e-21
Layer conv1.att_dst grad: 3.6418872133763154e-21Layer conv1.att_dst grad: 3.6418872133763154e-21
Layer conv1.att_dst grad: 3.6418872133763154e-21

Layer conv1.bias grad: 2.888537526573101e-14
Layer conv1.bias grad: 2.888537526573101e-14
Layer conv1.bias grad: 2.888537526573101e-14
Layer conv1.bias grad: 2.888537526573101e-14
Layer conv1.lin.weight grad: 1.6835252471063787e-14
Layer conv1.lin.weight grad: 1.6835252471063787e-14
Layer conv1.lin.weight grad: 1.6835252471063787e-14Layer conv1.lin.weight grad: 1.6835252471063787e-14

Layer conv2.att_src grad: 3.8412267853013434e-22
Layer conv2.att_src grad: 3.8412267853013434e-22
Layer conv2.att_src grad: 3.8412267853013434e-22Layer conv2.att_src grad: 3.8412267853013434e-22

Layer conv2.att_dst grad: 6.908350296543315e-23
Layer conv2.att_dst grad: 6.908350296543315e-23
Layer conv2.att_dst grad: 6.908350296543315e-23Layer conv2.att_dst grad: 6.908350296543315e-23

Layer conv2.bias grad: 1.4950498521473787e-12
Layer conv2.bias grad: 1.4950498521473787e-12
Layer conv2.bias grad: 1.4950498521473787e-12Layer conv2.bias grad: 1.4950498521473787e-12

Layer conv2.lin.weight grad: 1.4250920644156553e-15
Layer conv2.lin.weight grad: 1.4250920644156553e-15
Layer conv2.lin.weight grad: 1.4250920644156553e-15Layer conv2.lin.weight grad: 1.4250920644156553e-15

Layer conv3.att_src grad: 1.0030082722881873e-20
Layer conv3.att_src grad: 1.0030082722881873e-20
Layer conv3.att_src grad: 1.0030082722881873e-20Layer conv3.att_src grad: 1.0030082722881873e-20Layer conv3.att_dst grad: 3.8230765221327245e-21


Layer conv3.att_dst grad: 3.8230765221327245e-21
Layer conv3.att_dst grad: 3.8230765221327245e-21Layer conv3.att_dst grad: 3.8230765221327245e-21
Layer conv3.bias grad: 1.391009529783105e-10
Layer conv3.bias grad: 1.391009529783105e-10

Layer conv3.bias grad: 1.391009529783105e-10
Layer conv3.bias grad: 1.391009529783105e-10
Layer conv3.lin.weight grad: 6.846636430545006e-14Layer conv3.lin.weight grad: 6.846636430545006e-14

Layer conv3.lin.weight grad: 6.846636430545006e-14
Layer conv3.lin.weight grad: 6.846636430545006e-14
Layer conv4.att_src grad: 5.477973104347338e-19Layer conv4.att_src grad: 5.477973104347338e-19

Layer conv4.att_src grad: 5.477973104347338e-19
Layer conv4.att_src grad: 5.477973104347338e-19
Layer conv4.att_dst grad: 2.3956675653790076e-19Layer conv4.att_dst grad: 2.3956675653790076e-19

Layer conv4.att_dst grad: 2.3956675653790076e-19
Layer conv4.att_dst grad: 2.3956675653790076e-19
Layer conv4.bias grad: 1.3197928083741317e-08Layer conv4.bias grad: 1.3197928083741317e-08

Layer conv4.bias grad: 1.3197928083741317e-08
Layer conv4.bias grad: 1.3197928083741317e-08
Layer conv4.lin.weight grad: 6.077026035167243e-12Layer conv4.lin.weight grad: 6.077026035167243e-12

Layer conv4.lin.weight grad: 6.077026035167243e-12
Layer conv4.lin.weight grad: 6.077026035167243e-12
Layer fc.weight grad: 1.827141771215679e-09Layer fc.weight grad: 1.827141771215679e-09

Layer fc.weight grad: 1.827141771215679e-09
Layer fc.weight grad: 1.827141771215679e-09
Layer fc.bias grad: 5.03165347254253e-06Layer fc.bias grad: 5.03165347254253e-06

Layer fc.bias grad: 5.03165347254253e-06
Layer fc.bias grad: 5.03165347254253e-06
Layer conv1.att_src grad: 6.713932541028327e-17Layer conv1.att_src grad: 6.713932541028327e-17Layer conv1.att_src grad: 6.713932541028327e-17Layer conv1.att_src grad: 6.713932541028327e-17



Layer conv1.att_dst grad: 9.150061005005391e-18Layer conv1.att_dst grad: 9.150061005005391e-18Layer conv1.att_dst grad: 9.150061005005391e-18


Layer conv1.att_dst grad: 9.150061005005391e-18
Layer conv1.bias grad: 4.833949213134403e-12Layer conv1.bias grad: 4.833949213134403e-12
Layer conv1.bias grad: 4.833949213134403e-12
Layer conv1.bias grad: 4.833949213134403e-12

Layer conv1.lin.weight grad: 3.2679787695388818e-12
Layer conv1.lin.weight grad: 3.2679787695388818e-12Layer conv1.lin.weight grad: 3.2679787695388818e-12
Layer conv1.lin.weight grad: 3.2679787695388818e-12

Layer conv2.att_src grad: 2.760999637731295e-18
Layer conv2.att_src grad: 2.760999637731295e-18
Layer conv2.att_src grad: 2.760999637731295e-18Layer conv2.att_src grad: 2.760999637731295e-18

Layer conv2.att_dst grad: 6.224667492335307e-19
Layer conv2.att_dst grad: 6.224667492335307e-19
Layer conv2.att_dst grad: 6.224667492335307e-19Layer conv2.att_dst grad: 6.224667492335307e-19

Layer conv2.bias grad: 6.892578174877428e-11
Layer conv2.bias grad: 6.892578174877428e-11
Layer conv2.bias grad: 6.892578174877428e-11Layer conv2.bias grad: 6.892578174877428e-11

Layer conv2.lin.weight grad: 1.975208733552558e-13
Layer conv2.lin.weight grad: 1.975208733552558e-13
Layer conv2.lin.weight grad: 1.975208733552558e-13Layer conv2.lin.weight grad: 1.975208733552558e-13

Layer conv3.att_src grad: 4.5350190318109543e-17
Layer conv3.att_src grad: 4.5350190318109543e-17
Layer conv3.att_src grad: 4.5350190318109543e-17Layer conv3.att_src grad: 4.5350190318109543e-17

Layer conv3.att_dst grad: 8.981277282555783e-18
Layer conv3.att_dst grad: 8.981277282555783e-18
Layer conv3.att_dst grad: 8.981277282555783e-18Layer conv3.att_dst grad: 8.981277282555783e-18

Layer conv3.bias grad: 1.483735356799798e-09
Layer conv3.bias grad: 1.483735356799798e-09
Layer conv3.bias grad: 1.483735356799798e-09Layer conv3.bias grad: 1.483735356799798e-09

Layer conv3.lin.weight grad: 2.872785559784874e-12
Layer conv3.lin.weight grad: 2.872785559784874e-12
Layer conv3.lin.weight grad: 2.872785559784874e-12Layer conv3.lin.weight grad: 2.872785559784874e-12

Layer conv4.att_src grad: 4.4049241678844524e-16
Layer conv4.att_src grad: 4.4049241678844524e-16
Layer conv4.att_src grad: 4.4049241678844524e-16Layer conv4.att_src grad: 4.4049241678844524e-16Layer conv4.att_dst grad: 8.547375060029663e-17


Layer conv4.att_dst grad: 8.547375060029663e-17
Layer conv4.att_dst grad: 8.547375060029663e-17Layer conv4.att_dst grad: 8.547375060029663e-17Layer conv4.bias grad: 3.174084284296441e-08

Layer conv4.bias grad: 3.174084284296441e-08

Layer conv4.bias grad: 3.174084284296441e-08Layer conv4.bias grad: 3.174084284296441e-08

Layer conv4.lin.weight grad: 6.780105643588996e-11Layer conv4.lin.weight grad: 6.780105643588996e-11

Layer conv4.lin.weight grad: 6.780105643588996e-11Layer conv4.lin.weight grad: 6.780105643588996e-11

Layer fc.weight grad: 8.072403190340083e-09Layer fc.weight grad: 8.072403190340083e-09

Layer fc.weight grad: 8.072403190340083e-09Layer fc.weight grad: 8.072403190340083e-09

Layer fc.bias grad: 3.7091288049850846e-06Layer fc.bias grad: 3.7091288049850846e-06

Layer fc.bias grad: 3.7091288049850846e-06Layer fc.bias grad: 3.7091288049850846e-06

Layer conv1.att_src grad: 5.661592466179449e-20Layer conv1.att_src grad: 5.661592466179449e-20Layer conv1.att_src grad: 5.661592466179449e-20Layer conv1.att_src grad: 5.661592466179449e-20



Layer conv1.att_dst grad: 4.138732359733368e-21Layer conv1.att_dst grad: 4.138732359733368e-21Layer conv1.att_dst grad: 4.138732359733368e-21
Layer conv1.att_dst grad: 4.138732359733368e-21


Layer conv1.bias grad: 3.475126138458365e-14
Layer conv1.bias grad: 3.475126138458365e-14Layer conv1.bias grad: 3.475126138458365e-14

Layer conv1.bias grad: 3.475126138458365e-14
Layer conv1.lin.weight grad: 2.239799735655537e-14
Layer conv1.lin.weight grad: 2.239799735655537e-14Layer conv1.lin.weight grad: 2.239799735655537e-14

Layer conv1.lin.weight grad: 2.239799735655537e-14
Layer conv2.att_src grad: 7.67075217591449e-22
Layer conv2.att_src grad: 7.67075217591449e-22Layer conv2.att_src grad: 7.67075217591449e-22

Layer conv2.att_src grad: 7.67075217591449e-22
Layer conv2.att_dst grad: 4.800318825159256e-22
Layer conv2.att_dst grad: 4.800318825159256e-22Layer conv2.att_dst grad: 4.800318825159256e-22

Layer conv2.bias grad: 1.4034310822849672e-12Layer conv2.att_dst grad: 4.800318825159256e-22

Layer conv2.bias grad: 1.4034310822849672e-12Layer conv2.bias grad: 1.4034310822849672e-12

Layer conv2.bias grad: 1.4034310822849672e-12
Layer conv2.lin.weight grad: 1.5107103664823568e-15
Layer conv2.lin.weight grad: 1.5107103664823568e-15
Layer conv2.lin.weight grad: 1.5107103664823568e-15
Layer conv3.att_src grad: 2.876636902426794e-20
Layer conv2.lin.weight grad: 1.5107103664823568e-15
Layer conv3.att_src grad: 2.876636902426794e-20
Layer conv3.att_src grad: 2.876636902426794e-20
Layer conv3.att_dst grad: 4.66756209237366e-21
Layer conv3.att_dst grad: 4.66756209237366e-21Layer conv3.att_src grad: 2.876636902426794e-20
Layer conv3.att_dst grad: 4.66756209237366e-21

Layer conv3.bias grad: 1.1922676734776871e-10
Layer conv3.bias grad: 1.1922676734776871e-10
Layer conv3.bias grad: 1.1922676734776871e-10
Layer conv3.att_dst grad: 4.66756209237366e-21
Layer conv3.lin.weight grad: 6.829459280001046e-14
Layer conv3.lin.weight grad: 6.829459280001046e-14
Layer conv3.lin.weight grad: 6.829459280001046e-14Layer conv3.bias grad: 1.1922676734776871e-10

Layer conv4.att_src grad: 1.123524270854744e-18
Layer conv4.att_src grad: 1.123524270854744e-18
Layer conv4.att_src grad: 1.123524270854744e-18Layer conv4.att_dst grad: 3.5912576206569613e-19

Layer conv3.lin.weight grad: 6.829459280001046e-14
Layer conv4.att_dst grad: 3.5912576206569613e-19
Layer conv4.att_dst grad: 3.5912576206569613e-19Layer conv4.bias grad: 9.353986030191663e-09

Layer conv4.bias grad: 9.353986030191663e-09Layer conv4.att_src grad: 1.123524270854744e-18

Layer conv4.bias grad: 9.353986030191663e-09
Layer conv4.lin.weight grad: 5.835517832841752e-12
Layer conv4.lin.weight grad: 5.835517832841752e-12
Layer conv4.att_dst grad: 3.5912576206569613e-19
Layer conv4.lin.weight grad: 5.835517832841752e-12
Layer fc.weight grad: 2.001670607043593e-09
Layer fc.weight grad: 2.001670607043593e-09
Layer conv4.bias grad: 9.353986030191663e-09
Layer fc.bias grad: 3.295070655440213e-06Layer fc.weight grad: 2.001670607043593e-09

Layer fc.bias grad: 3.295070655440213e-06
Layer conv4.lin.weight grad: 5.835517832841752e-12Layer fc.bias grad: 3.295070655440213e-06

Layer fc.weight grad: 2.001670607043593e-09
Layer fc.bias grad: 3.295070655440213e-06
Layer conv1.att_src grad: 9.031904975344668e-20Layer conv1.att_src grad: 9.031904975344668e-20Layer conv1.att_src grad: 9.031904975344668e-20Layer conv1.att_src grad: 9.031904975344668e-20



Layer conv1.att_dst grad: 1.649733052643593e-20Layer conv1.att_dst grad: 1.649733052643593e-20Layer conv1.att_dst grad: 1.649733052643593e-20Layer conv1.att_dst grad: 1.649733052643593e-20



Layer conv1.bias grad: 3.1716485991359344e-13Layer conv1.bias grad: 3.1716485991359344e-13
Layer conv1.bias grad: 3.1716485991359344e-13
Layer conv1.bias grad: 3.1716485991359344e-13

Layer conv1.lin.weight grad: 1.9182157490020557e-13Layer conv1.lin.weight grad: 1.9182157490020557e-13

Layer conv1.lin.weight grad: 1.9182157490020557e-13Layer conv1.lin.weight grad: 1.9182157490020557e-13

Layer conv2.att_src grad: 1.703204301572751e-20Layer conv2.att_src grad: 1.703204301572751e-20

Layer conv2.att_src grad: 1.703204301572751e-20Layer conv2.att_src grad: 1.703204301572751e-20

Layer conv2.att_dst grad: 6.898061076471434e-21Layer conv2.att_dst grad: 6.898061076471434e-21

Layer conv2.att_dst grad: 6.898061076471434e-21
Layer conv2.bias grad: 8.783056747174722e-12Layer conv2.bias grad: 8.783056747174722e-12

Layer conv2.bias grad: 8.783056747174722e-12
Layer conv2.att_dst grad: 6.898061076471434e-21
Layer conv2.lin.weight grad: 1.2138107495030317e-14Layer conv2.lin.weight grad: 1.2138107495030317e-14Layer conv2.lin.weight grad: 1.2138107495030317e-14


Layer conv2.bias grad: 8.783056747174722e-12
Layer conv3.att_src grad: 1.7934873172707633e-19Layer conv3.att_src grad: 1.7934873172707633e-19Layer conv3.att_src grad: 1.7934873172707633e-19


Layer conv2.lin.weight grad: 1.2138107495030317e-14
Layer conv3.att_dst grad: 6.859846301523765e-20Layer conv3.att_dst grad: 6.859846301523765e-20
Layer conv3.att_dst grad: 6.859846301523765e-20

Layer conv3.att_src grad: 1.7934873172707633e-19
Layer conv3.bias grad: 4.086396498959033e-10
Layer conv3.bias grad: 4.086396498959033e-10Layer conv3.bias grad: 4.086396498959033e-10

Layer conv3.att_dst grad: 6.859846301523765e-20
Layer conv3.lin.weight grad: 3.698770890264713e-13
Layer conv3.bias grad: 4.086396498959033e-10
Layer conv3.lin.weight grad: 3.698770890264713e-13Layer conv3.lin.weight grad: 3.698770890264713e-13

Layer conv4.att_src grad: 8.307243370152661e-18
Layer conv3.lin.weight grad: 3.698770890264713e-13Layer conv4.att_src grad: 8.307243370152661e-18
Layer conv4.att_src grad: 8.307243370152661e-18

Layer conv4.att_dst grad: 3.890276742951192e-18
Layer conv4.att_src grad: 8.307243370152661e-18Layer conv4.att_dst grad: 3.890276742951192e-18Layer conv4.att_dst grad: 3.890276742951192e-18


Layer conv4.bias grad: 2.116811614882863e-08
Layer conv4.att_dst grad: 3.890276742951192e-18Layer conv4.bias grad: 2.116811614882863e-08
Layer conv4.bias grad: 2.116811614882863e-08

Layer conv4.lin.weight grad: 1.724900777766436e-11
Layer conv4.bias grad: 2.116811614882863e-08
Layer conv4.lin.weight grad: 1.724900777766436e-11Layer conv4.lin.weight grad: 1.724900777766436e-11

Layer fc.weight grad: 5.012536608006712e-09
Layer conv4.lin.weight grad: 1.724900777766436e-11
Layer fc.weight grad: 5.012536608006712e-09Layer fc.bias grad: 5.750900982093299e-06Layer fc.weight grad: 5.012536608006712e-09


Layer fc.weight grad: 5.012536608006712e-09
Layer fc.bias grad: 5.750900982093299e-06
Layer fc.bias grad: 5.750900982093299e-06
Layer fc.bias grad: 5.750900982093299e-06
Layer conv1.att_src grad: 3.4729996926845294e-18Layer conv1.att_src grad: 3.4729996926845294e-18Layer conv1.att_src grad: 3.4729996926845294e-18Layer conv1.att_src grad: 3.4729996926845294e-18



Layer conv1.att_dst grad: 1.8251153434735526e-19Layer conv1.att_dst grad: 1.8251153434735526e-19Layer conv1.att_dst grad: 1.8251153434735526e-19Layer conv1.att_dst grad: 1.8251153434735526e-19



Layer conv1.bias grad: 1.4819673266330824e-12Layer conv1.bias grad: 1.4819673266330824e-12
Layer conv1.bias grad: 1.4819673266330824e-12Layer conv1.bias grad: 1.4819673266330824e-12


Layer conv1.lin.weight grad: 7.849715885979713e-13
Layer conv1.lin.weight grad: 7.849715885979713e-13Layer conv1.lin.weight grad: 7.849715885979713e-13Layer conv1.lin.weight grad: 7.849715885979713e-13


Layer conv2.att_src grad: 3.608022762215821e-19
Layer conv2.att_src grad: 3.608022762215821e-19Layer conv2.att_src grad: 3.608022762215821e-19
Layer conv2.att_src grad: 3.608022762215821e-19

Layer conv2.att_dst grad: 9.829510003589804e-20
Layer conv2.att_dst grad: 9.829510003589804e-20
Layer conv2.att_dst grad: 9.829510003589804e-20Layer conv2.att_dst grad: 9.829510003589804e-20

Layer conv2.bias grad: 2.7952955922172507e-11
Layer conv2.bias grad: 2.7952955922172507e-11
Layer conv2.bias grad: 2.7952955922172507e-11Layer conv2.bias grad: 2.7952955922172507e-11

Layer conv2.lin.weight grad: 5.585285787470737e-14
Layer conv2.lin.weight grad: 5.585285787470737e-14
Layer conv2.lin.weight grad: 5.585285787470737e-14Layer conv2.lin.weight grad: 5.585285787470737e-14

Layer conv3.att_src grad: 3.83792572275363e-18
Layer conv3.att_src grad: 3.83792572275363e-18
Layer conv3.att_src grad: 3.83792572275363e-18
Layer conv3.att_src grad: 3.83792572275363e-18Layer conv3.att_dst grad: 2.480104197754466e-18

Layer conv3.att_dst grad: 2.480104197754466e-18
Layer conv3.att_dst grad: 2.480104197754466e-18
Layer conv3.bias grad: 8.094893089172217e-10Layer conv3.att_dst grad: 2.480104197754466e-18

Layer conv3.bias grad: 8.094893089172217e-10
Layer conv3.bias grad: 8.094893089172217e-10
Layer conv3.bias grad: 8.094893089172217e-10
Layer conv3.lin.weight grad: 1.1730779108515277e-12
Layer conv3.lin.weight grad: 1.1730779108515277e-12
Layer conv3.lin.weight grad: 1.1730779108515277e-12
Layer conv4.att_src grad: 8.309358801851204e-17Layer conv3.lin.weight grad: 1.1730779108515277e-12

Layer conv4.att_src grad: 8.309358801851204e-17
Layer conv4.att_src grad: 8.309358801851204e-17
Layer conv4.att_dst grad: 4.795096196926202e-17
Layer conv4.att_src grad: 8.309358801851204e-17
Layer conv4.att_dst grad: 4.795096196926202e-17
Layer conv4.att_dst grad: 4.795096196926202e-17
Layer conv4.bias grad: 2.4357191819035506e-08
Layer conv4.att_dst grad: 4.795096196926202e-17
Layer conv4.bias grad: 2.4357191819035506e-08
Layer conv4.bias grad: 2.4357191819035506e-08
Layer conv4.lin.weight grad: 3.2205092759252096e-11Layer conv4.bias grad: 2.4357191819035506e-08

Layer conv4.lin.weight grad: 3.2205092759252096e-11
Layer conv4.lin.weight grad: 3.2205092759252096e-11
Layer fc.weight grad: 6.125989937544318e-09
Layer conv4.lin.weight grad: 3.2205092759252096e-11
Layer fc.weight grad: 6.125989937544318e-09
Layer fc.weight grad: 6.125989937544318e-09
Layer fc.bias grad: 4.532566435955232e-06
Layer fc.weight grad: 6.125989937544318e-09Layer fc.bias grad: 4.532566435955232e-06

Layer fc.bias grad: 4.532566435955232e-06
Layer fc.bias grad: 4.532566435955232e-06
Layer conv1.att_src grad: 3.7603752138813107e-19
Layer conv1.att_dst grad: 1.5269918251381694e-19
Layer conv1.bias grad: 1.9194923428500488e-12
Layer conv1.lin.weight grad: 1.3216851658254258e-12
Layer conv1.att_src grad: 3.7603752138813107e-19Layer conv2.att_src grad: 2.5198886383873343e-19

Layer conv1.att_src grad: 3.7603752138813107e-19
Layer conv2.att_dst grad: 5.877068492105538e-20
Layer conv1.att_src grad: 3.7603752138813107e-19
Layer conv1.att_dst grad: 1.5269918251381694e-19
Layer conv1.att_dst grad: 1.5269918251381694e-19
Layer conv2.bias grad: 4.037999101758061e-11
Layer conv1.att_dst grad: 1.5269918251381694e-19Layer conv1.bias grad: 1.9194923428500488e-12

Layer conv1.bias grad: 1.9194923428500488e-12
Layer conv2.lin.weight grad: 7.672699552530721e-14
Layer conv1.bias grad: 1.9194923428500488e-12
Layer conv1.lin.weight grad: 1.3216851658254258e-12Layer conv1.lin.weight grad: 1.3216851658254258e-12

Layer conv3.att_src grad: 1.8398601997838283e-18
Layer conv1.lin.weight grad: 1.3216851658254258e-12
Layer conv3.att_dst grad: 9.44604897564371e-19Layer conv2.att_src grad: 2.5198886383873343e-19

Layer conv2.att_src grad: 2.5198886383873343e-19
Layer conv3.bias grad: 1.5452070734056633e-09Layer conv2.att_src grad: 2.5198886383873343e-19
Layer conv2.att_dst grad: 5.877068492105538e-20

Layer conv2.att_dst grad: 5.877068492105538e-20
Layer conv2.bias grad: 4.037999101758061e-11Layer conv3.lin.weight grad: 1.7252348638238657e-12Layer conv2.att_dst grad: 5.877068492105538e-20


Layer conv2.bias grad: 4.037999101758061e-11
Layer conv4.att_src grad: 8.912299353019477e-17Layer conv2.bias grad: 4.037999101758061e-11

Layer conv2.lin.weight grad: 7.672699552530721e-14
Layer conv2.lin.weight grad: 7.672699552530721e-14
Layer conv4.att_dst grad: 4.403794768563297e-17
Layer conv3.att_src grad: 1.8398601997838283e-18Layer conv2.lin.weight grad: 7.672699552530721e-14

Layer conv4.bias grad: 5.981960526924013e-08
Layer conv3.att_src grad: 1.8398601997838283e-18
Layer conv3.att_dst grad: 9.44604897564371e-19
Layer conv3.att_src grad: 1.8398601997838283e-18
Layer conv4.lin.weight grad: 6.142927139185517e-11
Layer conv3.att_dst grad: 9.44604897564371e-19
Layer conv3.bias grad: 1.5452070734056633e-09
Layer conv3.att_dst grad: 9.44604897564371e-19
Layer fc.weight grad: 1.3752082139717459e-08
Layer conv3.bias grad: 1.5452070734056633e-09
Layer conv3.lin.weight grad: 1.7252348638238657e-12
Layer conv3.bias grad: 1.5452070734056633e-09
Layer fc.bias grad: 1.323759261140367e-05
Layer conv4.att_src grad: 8.912299353019477e-17Layer conv3.lin.weight grad: 1.7252348638238657e-12

Layer conv3.lin.weight grad: 1.7252348638238657e-12
Layer conv4.att_dst grad: 4.403794768563297e-17
Layer conv4.att_src grad: 8.912299353019477e-17
Layer conv4.att_src grad: 8.912299353019477e-17
Layer conv4.bias grad: 5.981960526924013e-08
Layer conv4.att_dst grad: 4.403794768563297e-17
Layer conv4.att_dst grad: 4.403794768563297e-17
Layer conv4.lin.weight grad: 6.142927139185517e-11
Layer conv4.bias grad: 5.981960526924013e-08
Layer conv4.bias grad: 5.981960526924013e-08
Layer fc.weight grad: 1.3752082139717459e-08
Layer conv4.lin.weight grad: 6.142927139185517e-11Layer conv4.lin.weight grad: 6.142927139185517e-11

Layer fc.bias grad: 1.323759261140367e-05
Layer fc.weight grad: 1.3752082139717459e-08Layer fc.weight grad: 1.3752082139717459e-08

Layer fc.bias grad: 1.323759261140367e-05
Layer fc.bias grad: 1.323759261140367e-05
Precision: 0.0000, Recall: 0.0003, F1-Score: 0.0000
Fold 4, Epoch 1, Train Loss: 0.0011, Val Loss: 0.0011, Val Acc: 0.0003
Layer conv1.att_src grad: 2.0717730007994005e-21Layer conv1.att_src grad: 2.0717730007994005e-21Layer conv1.att_src grad: 2.0717730007994005e-21Layer conv1.att_src grad: 2.0717730007994005e-21



Layer conv1.att_dst grad: 7.216957478940079e-22
Layer conv1.att_dst grad: 7.216957478940079e-22Layer conv1.att_dst grad: 7.216957478940079e-22
Layer conv1.att_dst grad: 7.216957478940079e-22

Layer conv1.bias grad: 7.324673365668305e-15
Layer conv1.bias grad: 7.324673365668305e-15
Layer conv1.bias grad: 7.324673365668305e-15
Layer conv1.lin.weight grad: 3.979934227505994e-15
Layer conv1.lin.weight grad: 3.979934227505994e-15Layer conv1.bias grad: 7.324673365668305e-15
Layer conv1.lin.weight grad: 3.979934227505994e-15

Layer conv2.att_src grad: 4.2457244914576626e-23
Layer conv2.att_src grad: 4.2457244914576626e-23
Layer conv2.att_src grad: 4.2457244914576626e-23Layer conv2.att_dst grad: 1.599399708117497e-23

Layer conv1.lin.weight grad: 3.979934227505994e-15
Layer conv2.att_dst grad: 1.599399708117497e-23
Layer conv2.att_dst grad: 1.599399708117497e-23Layer conv2.bias grad: 5.77047090666305e-13

Layer conv2.att_src grad: 4.2457244914576626e-23
Layer conv2.bias grad: 5.77047090666305e-13
Layer conv2.bias grad: 5.77047090666305e-13
Layer conv2.att_dst grad: 1.599399708117497e-23
Layer conv2.lin.weight grad: 3.327785720783457e-16
Layer conv2.lin.weight grad: 3.327785720783457e-16
Layer conv2.bias grad: 5.77047090666305e-13
Layer conv2.lin.weight grad: 3.327785720783457e-16
Layer conv3.att_src grad: 8.136543617100013e-22
Layer conv3.att_src grad: 8.136543617100013e-22
Layer conv3.att_src grad: 8.136543617100013e-22
Layer conv3.att_dst grad: 3.724187594870409e-22Layer conv2.lin.weight grad: 3.327785720783457e-16

Layer conv3.att_dst grad: 3.724187594870409e-22
Layer conv3.att_dst grad: 3.724187594870409e-22
Layer conv3.bias grad: 6.574743527387739e-11
Layer conv3.att_src grad: 8.136543617100013e-22
Layer conv3.bias grad: 6.574743527387739e-11
Layer conv3.bias grad: 6.574743527387739e-11
Layer conv3.att_dst grad: 3.724187594870409e-22
Layer conv3.lin.weight grad: 2.3040038166178764e-14
Layer conv3.lin.weight grad: 2.3040038166178764e-14
Layer conv3.lin.weight grad: 2.3040038166178764e-14
Layer conv3.bias grad: 6.574743527387739e-11
Layer conv4.att_src grad: 9.061525796092309e-20
Layer conv4.att_src grad: 9.061525796092309e-20
Layer conv4.att_src grad: 9.061525796092309e-20
Layer conv3.lin.weight grad: 2.3040038166178764e-14Layer conv4.att_dst grad: 1.8094278631564844e-20

Layer conv4.att_dst grad: 1.8094278631564844e-20Layer conv4.att_dst grad: 1.8094278631564844e-20

Layer conv4.bias grad: 8.325555356236691e-09Layer conv4.att_src grad: 9.061525796092309e-20

Layer conv4.bias grad: 8.325555356236691e-09Layer conv4.bias grad: 8.325555356236691e-09

Layer conv4.att_dst grad: 1.8094278631564844e-20
Layer conv4.lin.weight grad: 2.6261792220039215e-12
Layer conv4.lin.weight grad: 2.6261792220039215e-12Layer conv4.lin.weight grad: 2.6261792220039215e-12

Layer conv4.bias grad: 8.325555356236691e-09
Layer fc.weight grad: 1.6408193692640793e-09
Layer fc.weight grad: 1.6408193692640793e-09Layer fc.weight grad: 1.6408193692640793e-09
Layer conv4.lin.weight grad: 2.6261792220039215e-12
Layer fc.bias grad: 4.784229986398714e-06

Layer fc.bias grad: 4.784229986398714e-06
Layer fc.bias grad: 4.784229986398714e-06
Layer fc.weight grad: 1.6408193692640793e-09
Layer fc.bias grad: 4.784229986398714e-06
Layer conv1.att_src grad: 9.636183192593243e-21Layer conv1.att_src grad: 9.636183192593243e-21Layer conv1.att_src grad: 9.636183192593243e-21Layer conv1.att_src grad: 9.636183192593243e-21



Layer conv1.att_dst grad: 5.0512398028661514e-21Layer conv1.att_dst grad: 5.0512398028661514e-21Layer conv1.att_dst grad: 5.0512398028661514e-21
Layer conv1.att_dst grad: 5.0512398028661514e-21


Layer conv1.bias grad: 1.9817594491973976e-14
Layer conv1.bias grad: 1.9817594491973976e-14Layer conv1.bias grad: 1.9817594491973976e-14Layer conv1.bias grad: 1.9817594491973976e-14


Layer conv1.lin.weight grad: 1.106673363653098e-14
Layer conv1.lin.weight grad: 1.106673363653098e-14Layer conv1.lin.weight grad: 1.106673363653098e-14Layer conv1.lin.weight grad: 1.106673363653098e-14


Layer conv2.att_src grad: 6.713294655852195e-23
Layer conv2.att_src grad: 6.713294655852195e-23Layer conv2.att_src grad: 6.713294655852195e-23Layer conv2.att_src grad: 6.713294655852195e-23


Layer conv2.att_dst grad: 1.0969317568655337e-23
Layer conv2.att_dst grad: 1.0969317568655337e-23Layer conv2.att_dst grad: 1.0969317568655337e-23Layer conv2.att_dst grad: 1.0969317568655337e-23


Layer conv2.bias grad: 1.0760860518627124e-12
Layer conv2.bias grad: 1.0760860518627124e-12Layer conv2.bias grad: 1.0760860518627124e-12Layer conv2.bias grad: 1.0760860518627124e-12


Layer conv2.lin.weight grad: 6.683018485431505e-16
Layer conv2.lin.weight grad: 6.683018485431505e-16Layer conv2.lin.weight grad: 6.683018485431505e-16Layer conv2.lin.weight grad: 6.683018485431505e-16


Layer conv3.att_src grad: 5.754594547335545e-21
Layer conv3.att_src grad: 5.754594547335545e-21Layer conv3.att_src grad: 5.754594547335545e-21Layer conv3.att_dst grad: 2.5554872607773488e-21Layer conv3.att_src grad: 5.754594547335545e-21



Layer conv3.att_dst grad: 2.5554872607773488e-21Layer conv3.att_dst grad: 2.5554872607773488e-21Layer conv3.bias grad: 1.1326403703826315e-10
Layer conv3.att_dst grad: 2.5554872607773488e-21


Layer conv3.bias grad: 1.1326403703826315e-10
Layer conv3.bias grad: 1.1326403703826315e-10Layer conv3.bias grad: 1.1326403703826315e-10

Layer conv3.lin.weight grad: 5.122491040826689e-14
Layer conv3.lin.weight grad: 5.122491040826689e-14
Layer conv3.lin.weight grad: 5.122491040826689e-14Layer conv3.lin.weight grad: 5.122491040826689e-14Layer conv4.att_src grad: 2.798203119756633e-19


Layer conv4.att_src grad: 2.798203119756633e-19
Layer conv4.att_src grad: 2.798203119756633e-19Layer conv4.att_dst grad: 1.2758354927365765e-19Layer conv4.att_src grad: 2.798203119756633e-19


Layer conv4.att_dst grad: 1.2758354927365765e-19
Layer conv4.att_dst grad: 1.2758354927365765e-19Layer conv4.bias grad: 1.1532683252823972e-08Layer conv4.att_dst grad: 1.2758354927365765e-19


Layer conv4.bias grad: 1.1532683252823972e-08
Layer conv4.bias grad: 1.1532683252823972e-08
Layer conv4.bias grad: 1.1532683252823972e-08
Layer conv4.lin.weight grad: 5.696037391755837e-12
Layer conv4.lin.weight grad: 5.696037391755837e-12
Layer conv4.lin.weight grad: 5.696037391755837e-12
Layer conv4.lin.weight grad: 5.696037391755837e-12Layer fc.weight grad: 2.8101898585930485e-09

Layer fc.weight grad: 2.8101898585930485e-09
Layer fc.weight grad: 2.8101898585930485e-09
Layer fc.bias grad: 5.700183464796282e-06Layer fc.weight grad: 2.8101898585930485e-09

Layer fc.bias grad: 5.700183464796282e-06
Layer fc.bias grad: 5.700183464796282e-06
Layer fc.bias grad: 5.700183464796282e-06
Layer conv1.att_src grad: 6.9683390521722785e-19Layer conv1.att_src grad: 6.9683390521722785e-19Layer conv1.att_src grad: 6.9683390521722785e-19Layer conv1.att_src grad: 6.9683390521722785e-19



Layer conv1.att_dst grad: 4.446384788699034e-19Layer conv1.att_dst grad: 4.446384788699034e-19Layer conv1.att_dst grad: 4.446384788699034e-19

Layer conv1.att_dst grad: 4.446384788699034e-19

Layer conv1.bias grad: 2.749264032576859e-13Layer conv1.bias grad: 2.749264032576859e-13

Layer conv1.bias grad: 2.749264032576859e-13Layer conv1.bias grad: 2.749264032576859e-13

Layer conv1.lin.weight grad: 1.6155387574587343e-13
Layer conv1.lin.weight grad: 1.6155387574587343e-13
Layer conv1.lin.weight grad: 1.6155387574587343e-13Layer conv1.lin.weight grad: 1.6155387574587343e-13

Layer conv2.att_src grad: 1.2648336351604518e-20
Layer conv2.att_src grad: 1.2648336351604518e-20
Layer conv2.att_src grad: 1.2648336351604518e-20Layer conv2.att_src grad: 1.2648336351604518e-20

Layer conv2.att_dst grad: 3.412914895651114e-21
Layer conv2.att_dst grad: 3.412914895651114e-21
Layer conv2.att_dst grad: 3.412914895651114e-21Layer conv2.att_dst grad: 3.412914895651114e-21

Layer conv2.bias grad: 7.787923084201509e-12
Layer conv2.bias grad: 7.787923084201509e-12
Layer conv2.bias grad: 7.787923084201509e-12Layer conv2.bias grad: 7.787923084201509e-12

Layer conv2.lin.weight grad: 1.0713769078179482e-14
Layer conv2.lin.weight grad: 1.0713769078179482e-14
Layer conv2.lin.weight grad: 1.0713769078179482e-14Layer conv2.lin.weight grad: 1.0713769078179482e-14

Layer conv3.att_src grad: 4.375019264363139e-19
Layer conv3.att_src grad: 4.375019264363139e-19
Layer conv3.att_src grad: 4.375019264363139e-19Layer conv3.att_src grad: 4.375019264363139e-19Layer conv3.att_dst grad: 2.65969922250893e-19


Layer conv3.att_dst grad: 2.65969922250893e-19
Layer conv3.att_dst grad: 2.65969922250893e-19
Layer conv3.bias grad: 3.6524283597572094e-10Layer conv3.att_dst grad: 2.65969922250893e-19
Layer conv3.bias grad: 3.6524283597572094e-10

Layer conv3.bias grad: 3.6524283597572094e-10
Layer conv3.bias grad: 3.6524283597572094e-10
Layer conv3.lin.weight grad: 3.4903522671929366e-13
Layer conv3.lin.weight grad: 3.4903522671929366e-13
Layer conv3.lin.weight grad: 3.4903522671929366e-13
Layer conv4.att_src grad: 1.1198961739700252e-17Layer conv3.lin.weight grad: 3.4903522671929366e-13

Layer conv4.att_src grad: 1.1198961739700252e-17
Layer conv4.att_src grad: 1.1198961739700252e-17
Layer conv4.att_dst grad: 3.558462339212283e-18
Layer conv4.att_dst grad: 3.558462339212283e-18Layer conv4.att_src grad: 1.1198961739700252e-17

Layer conv4.att_dst grad: 3.558462339212283e-18
Layer conv4.bias grad: 1.8013034619457358e-08
Layer conv4.bias grad: 1.8013034619457358e-08Layer conv4.att_dst grad: 3.558462339212283e-18

Layer conv4.bias grad: 1.8013034619457358e-08
Layer conv4.lin.weight grad: 1.878966426893669e-11
Layer conv4.bias grad: 1.8013034619457358e-08
Layer conv4.lin.weight grad: 1.878966426893669e-11
Layer conv4.lin.weight grad: 1.878966426893669e-11
Layer fc.weight grad: 4.351663918100712e-09
Layer conv4.lin.weight grad: 1.878966426893669e-11Layer fc.weight grad: 4.351663918100712e-09

Layer fc.weight grad: 4.351663918100712e-09
Layer fc.bias grad: 4.067322151968256e-06
Layer fc.bias grad: 4.067322151968256e-06Layer fc.weight grad: 4.351663918100712e-09

Layer fc.bias grad: 4.067322151968256e-06
Layer fc.bias grad: 4.067322151968256e-06
Layer conv1.att_src grad: 6.122820879414716e-19Layer conv1.att_src grad: 6.122820879414716e-19Layer conv1.att_src grad: 6.122820879414716e-19Layer conv1.att_src grad: 6.122820879414716e-19



Layer conv1.att_dst grad: 3.0490595991861756e-19Layer conv1.att_dst grad: 3.0490595991861756e-19Layer conv1.att_dst grad: 3.0490595991861756e-19
Layer conv1.att_dst grad: 3.0490595991861756e-19


Layer conv1.bias grad: 5.390401124592825e-13
Layer conv1.bias grad: 5.390401124592825e-13Layer conv1.bias grad: 5.390401124592825e-13
Layer conv1.bias grad: 5.390401124592825e-13

Layer conv1.lin.weight grad: 3.270551689714407e-13
Layer conv1.lin.weight grad: 3.270551689714407e-13
Layer conv1.lin.weight grad: 3.270551689714407e-13Layer conv1.lin.weight grad: 3.270551689714407e-13

Layer conv2.att_src grad: 2.6890992248071105e-20
Layer conv2.att_src grad: 2.6890992248071105e-20
Layer conv2.att_src grad: 2.6890992248071105e-20
Layer conv2.att_src grad: 2.6890992248071105e-20
Layer conv2.att_dst grad: 4.246792924667694e-21
Layer conv2.att_dst grad: 4.246792924667694e-21Layer conv2.att_dst grad: 4.246792924667694e-21
Layer conv2.att_dst grad: 4.246792924667694e-21

Layer conv2.bias grad: 1.4189916602846964e-11
Layer conv2.bias grad: 1.4189916602846964e-11
Layer conv2.bias grad: 1.4189916602846964e-11Layer conv2.bias grad: 1.4189916602846964e-11

Layer conv2.lin.weight grad: 1.9992569476020086e-14
Layer conv2.lin.weight grad: 1.9992569476020086e-14
Layer conv2.lin.weight grad: 1.9992569476020086e-14Layer conv2.lin.weight grad: 1.9992569476020086e-14

Layer conv3.att_src grad: 6.09392952856977e-19
Layer conv3.att_src grad: 6.09392952856977e-19
Layer conv3.att_src grad: 6.09392952856977e-19
Layer conv3.att_src grad: 6.09392952856977e-19
Layer conv3.att_dst grad: 2.3314923085177295e-19
Layer conv3.att_dst grad: 2.3314923085177295e-19
Layer conv3.att_dst grad: 2.3314923085177295e-19
Layer conv3.att_dst grad: 2.3314923085177295e-19
Layer conv3.bias grad: 6.195807200626291e-10
Layer conv3.bias grad: 6.195807200626291e-10
Layer conv3.bias grad: 6.195807200626291e-10
Layer conv3.bias grad: 6.195807200626291e-10
Layer conv3.lin.weight grad: 6.209971772919154e-13
Layer conv3.lin.weight grad: 6.209971772919154e-13
Layer conv3.lin.weight grad: 6.209971772919154e-13
Layer conv3.lin.weight grad: 6.209971772919154e-13
Layer conv4.att_src grad: 1.4573810662441076e-17
Layer conv4.att_src grad: 1.4573810662441076e-17
Layer conv4.att_src grad: 1.4573810662441076e-17
Layer conv4.att_src grad: 1.4573810662441076e-17Layer conv4.att_dst grad: 2.5506035605914416e-18

Layer conv4.att_dst grad: 2.5506035605914416e-18
Layer conv4.att_dst grad: 2.5506035605914416e-18
Layer conv4.att_dst grad: 2.5506035605914416e-18Layer conv4.bias grad: 2.996733883264824e-08

Layer conv4.bias grad: 2.996733883264824e-08
Layer conv4.bias grad: 2.996733883264824e-08
Layer conv4.bias grad: 2.996733883264824e-08
Layer conv4.lin.weight grad: 3.270770113084076e-11
Layer conv4.lin.weight grad: 3.270770113084076e-11
Layer conv4.lin.weight grad: 3.270770113084076e-11
Layer conv4.lin.weight grad: 3.270770113084076e-11
Layer fc.weight grad: 7.290434922424538e-09
Layer fc.weight grad: 7.290434922424538e-09
Layer fc.weight grad: 7.290434922424538e-09
Layer fc.bias grad: 6.3588813645765185e-06Layer fc.weight grad: 7.290434922424538e-09

Layer fc.bias grad: 6.3588813645765185e-06
Layer fc.bias grad: 6.3588813645765185e-06
Layer fc.bias grad: 6.3588813645765185e-06
Layer conv1.att_src grad: 4.124861170939836e-20Layer conv1.att_src grad: 4.124861170939836e-20Layer conv1.att_src grad: 4.124861170939836e-20Layer conv1.att_src grad: 4.124861170939836e-20



Layer conv1.att_dst grad: 7.918030509505437e-21Layer conv1.att_dst grad: 7.918030509505437e-21Layer conv1.att_dst grad: 7.918030509505437e-21Layer conv1.att_dst grad: 7.918030509505437e-21



Layer conv1.bias grad: 9.42032977774461e-14Layer conv1.bias grad: 9.42032977774461e-14
Layer conv1.bias grad: 9.42032977774461e-14
Layer conv1.bias grad: 9.42032977774461e-14

Layer conv1.lin.weight grad: 6.529295875669361e-14
Layer conv1.lin.weight grad: 6.529295875669361e-14
Layer conv1.lin.weight grad: 6.529295875669361e-14Layer conv1.lin.weight grad: 6.529295875669361e-14

Layer conv2.att_src grad: 2.409781496139407e-21
Layer conv2.att_src grad: 2.409781496139407e-21
Layer conv2.att_src grad: 2.409781496139407e-21Layer conv2.att_src grad: 2.409781496139407e-21

Layer conv2.att_dst grad: 1.096715476448871e-21
Layer conv2.att_dst grad: 1.096715476448871e-21
Layer conv2.att_dst grad: 1.096715476448871e-21Layer conv2.att_dst grad: 1.096715476448871e-21

Layer conv2.bias grad: 3.947157704853321e-12
Layer conv2.bias grad: 3.947157704853321e-12
Layer conv2.bias grad: 3.947157704853321e-12Layer conv2.bias grad: 3.947157704853321e-12

Layer conv2.lin.weight grad: 4.1736337218841076e-15
Layer conv2.lin.weight grad: 4.1736337218841076e-15
Layer conv2.lin.weight grad: 4.1736337218841076e-15Layer conv2.lin.weight grad: 4.1736337218841076e-15

Layer conv3.att_src grad: 5.306675114727087e-20
Layer conv3.att_src grad: 5.306675114727087e-20
Layer conv3.att_src grad: 5.306675114727087e-20Layer conv3.att_src grad: 5.306675114727087e-20

Layer conv3.att_dst grad: 1.444589675791028e-20
Layer conv3.att_dst grad: 1.444589675791028e-20
Layer conv3.att_dst grad: 1.444589675791028e-20Layer conv3.att_dst grad: 1.444589675791028e-20

Layer conv3.bias grad: 2.5131030589875536e-10Layer conv3.bias grad: 2.5131030589875536e-10

Layer conv3.bias grad: 2.5131030589875536e-10Layer conv3.bias grad: 2.5131030589875536e-10

Layer conv3.lin.weight grad: 1.6924456898870927e-13Layer conv3.lin.weight grad: 1.6924456898870927e-13

Layer conv3.lin.weight grad: 1.6924456898870927e-13Layer conv3.lin.weight grad: 1.6924456898870927e-13

Layer conv4.att_src grad: 3.0416082528307213e-18Layer conv4.att_src grad: 3.0416082528307213e-18

Layer conv4.att_src grad: 3.0416082528307213e-18
Layer conv4.att_src grad: 3.0416082528307213e-18Layer conv4.att_dst grad: 1.4591257142330739e-18
Layer conv4.att_dst grad: 1.4591257142330739e-18

Layer conv4.att_dst grad: 1.4591257142330739e-18
Layer conv4.att_dst grad: 1.4591257142330739e-18
Layer conv4.bias grad: 1.5371892203575044e-08Layer conv4.bias grad: 1.5371892203575044e-08

Layer conv4.bias grad: 1.5371892203575044e-08
Layer conv4.bias grad: 1.5371892203575044e-08
Layer conv4.lin.weight grad: 1.1402042504604637e-11Layer conv4.lin.weight grad: 1.1402042504604637e-11

Layer conv4.lin.weight grad: 1.1402042504604637e-11
Layer conv4.lin.weight grad: 1.1402042504604637e-11
Layer fc.weight grad: 3.4560874162536948e-09Layer fc.weight grad: 3.4560874162536948e-09

Layer fc.weight grad: 3.4560874162536948e-09
Layer fc.weight grad: 3.4560874162536948e-09
Layer fc.bias grad: 4.3030436245317105e-06Layer fc.bias grad: 4.3030436245317105e-06

Layer fc.bias grad: 4.3030436245317105e-06
Layer fc.bias grad: 4.3030436245317105e-06
Layer conv1.att_src grad: 4.832742396759033e-23Layer conv1.att_src grad: 4.832742396759033e-23

Layer conv1.att_src grad: 4.832742396759033e-23
Layer conv1.att_dst grad: 2.5141240018552454e-23
Layer conv1.att_dst grad: 2.5141240018552454e-23Layer conv1.att_dst grad: 2.5141240018552454e-23

Layer conv1.att_src grad: 4.832742396759033e-23Layer conv1.bias grad: 2.5280676633858672e-15

Layer conv1.bias grad: 2.5280676633858672e-15Layer conv1.bias grad: 2.5280676633858672e-15

Layer conv1.lin.weight grad: 1.4128842020633527e-15Layer conv1.att_dst grad: 2.5141240018552454e-23

Layer conv1.lin.weight grad: 1.4128842020633527e-15Layer conv1.lin.weight grad: 1.4128842020633527e-15

Layer conv1.bias grad: 2.5280676633858672e-15Layer conv2.att_src grad: 2.130856088825798e-24

Layer conv2.att_src grad: 2.130856088825798e-24Layer conv2.att_src grad: 2.130856088825798e-24

Layer conv2.att_dst grad: 9.97477538189424e-25
Layer conv1.lin.weight grad: 1.4128842020633527e-15
Layer conv2.att_dst grad: 9.97477538189424e-25Layer conv2.att_dst grad: 9.97477538189424e-25

Layer conv2.bias grad: 3.3478371442262345e-13
Layer conv2.att_src grad: 2.130856088825798e-24
Layer conv2.bias grad: 3.3478371442262345e-13Layer conv2.bias grad: 3.3478371442262345e-13

Layer conv2.lin.weight grad: 1.0135567791831886e-16Layer conv2.att_dst grad: 9.97477538189424e-25

Layer conv2.lin.weight grad: 1.0135567791831886e-16Layer conv2.lin.weight grad: 1.0135567791831886e-16

Layer conv2.bias grad: 3.3478371442262345e-13Layer conv3.att_src grad: 1.05638616804891e-22

Layer conv3.att_src grad: 1.05638616804891e-22Layer conv3.att_src grad: 1.05638616804891e-22

Layer conv3.att_dst grad: 3.502377073935558e-23
Layer conv2.lin.weight grad: 1.0135567791831886e-16
Layer conv3.att_dst grad: 3.502377073935558e-23Layer conv3.att_dst grad: 3.502377073935558e-23

Layer conv3.bias grad: 8.802644030359019e-11
Layer conv3.att_src grad: 1.05638616804891e-22
Layer conv3.bias grad: 8.802644030359019e-11Layer conv3.bias grad: 8.802644030359019e-11

Layer conv3.lin.weight grad: 1.2720500244508062e-14
Layer conv3.att_dst grad: 3.502377073935558e-23
Layer conv3.lin.weight grad: 1.2720500244508062e-14Layer conv3.lin.weight grad: 1.2720500244508062e-14

Layer conv4.att_src grad: 1.6853675733797227e-20Layer conv3.bias grad: 8.802644030359019e-11

Layer conv4.att_src grad: 1.6853675733797227e-20Layer conv4.att_src grad: 1.6853675733797227e-20

Layer conv4.att_dst grad: 6.954378828371798e-21
Layer conv3.lin.weight grad: 1.2720500244508062e-14
Layer conv4.att_dst grad: 6.954378828371798e-21Layer conv4.att_dst grad: 6.954378828371798e-21

Layer conv4.bias grad: 1.7993734502397274e-08
Layer conv4.att_src grad: 1.6853675733797227e-20
Layer conv4.bias grad: 1.7993734502397274e-08Layer conv4.bias grad: 1.7993734502397274e-08

Layer conv4.lin.weight grad: 2.9235227520102436e-12
Layer conv4.att_dst grad: 6.954378828371798e-21
Layer conv4.lin.weight grad: 2.9235227520102436e-12Layer conv4.lin.weight grad: 2.9235227520102436e-12

Layer fc.weight grad: 3.59995722121198e-09
Layer conv4.bias grad: 1.7993734502397274e-08
Layer fc.weight grad: 3.59995722121198e-09Layer fc.weight grad: 3.59995722121198e-09

Layer fc.bias grad: 1.567674735269975e-05
Layer conv4.lin.weight grad: 2.9235227520102436e-12
Layer fc.bias grad: 1.567674735269975e-05Layer fc.bias grad: 1.567674735269975e-05

Layer fc.weight grad: 3.59995722121198e-09
Layer fc.bias grad: 1.567674735269975e-05
Precision: 0.0000, Recall: 0.0004, F1-Score: 0.0000
Fold 4, Epoch 2, Train Loss: 0.0011, Val Loss: 0.0011, Val Acc: 0.0003
Layer conv1.att_src grad: 1.6447375764462404e-21Layer conv1.att_src grad: 1.6447375764462404e-21Layer conv1.att_src grad: 1.6447375764462404e-21Layer conv1.att_src grad: 1.6447375764462404e-21



Layer conv1.att_dst grad: 3.1407458800423314e-23
Layer conv1.att_dst grad: 3.1407458800423314e-23Layer conv1.att_dst grad: 3.1407458800423314e-23

Layer conv1.att_dst grad: 3.1407458800423314e-23
Layer conv1.bias grad: 8.291768150998219e-15
Layer conv1.bias grad: 8.291768150998219e-15Layer conv1.bias grad: 8.291768150998219e-15
Layer conv1.bias grad: 8.291768150998219e-15

Layer conv1.lin.weight grad: 4.543699451924196e-15
Layer conv1.lin.weight grad: 4.543699451924196e-15
Layer conv1.lin.weight grad: 4.543699451924196e-15Layer conv1.lin.weight grad: 4.543699451924196e-15

Layer conv2.att_src grad: 3.2214371998599404e-23
Layer conv2.att_src grad: 3.2214371998599404e-23
Layer conv2.att_src grad: 3.2214371998599404e-23Layer conv2.att_src grad: 3.2214371998599404e-23Layer conv2.att_dst grad: 1.5364527099575674e-23


Layer conv2.att_dst grad: 1.5364527099575674e-23
Layer conv2.att_dst grad: 1.5364527099575674e-23Layer conv2.att_dst grad: 1.5364527099575674e-23Layer conv2.bias grad: 5.628101608888547e-13


Layer conv2.bias grad: 5.628101608888547e-13
Layer conv2.bias grad: 5.628101608888547e-13Layer conv2.bias grad: 5.628101608888547e-13

Layer conv2.lin.weight grad: 3.089983073726384e-16
Layer conv2.lin.weight grad: 3.089983073726384e-16
Layer conv2.lin.weight grad: 3.089983073726384e-16Layer conv3.att_src grad: 1.980577953852563e-21Layer conv2.lin.weight grad: 3.089983073726384e-16


Layer conv3.att_src grad: 1.980577953852563e-21
Layer conv3.att_dst grad: 5.124084001404278e-22Layer conv3.att_src grad: 1.980577953852563e-21

Layer conv3.att_src grad: 1.980577953852563e-21Layer conv3.att_dst grad: 5.124084001404278e-22

Layer conv3.bias grad: 5.884258358346273e-11Layer conv3.att_dst grad: 5.124084001404278e-22

Layer conv3.att_dst grad: 5.124084001404278e-22Layer conv3.bias grad: 5.884258358346273e-11

Layer conv3.bias grad: 5.884258358346273e-11
Layer conv3.lin.weight grad: 2.241688957941093e-14Layer conv3.bias grad: 5.884258358346273e-11

Layer conv3.lin.weight grad: 2.241688957941093e-14
Layer conv3.lin.weight grad: 2.241688957941093e-14
Layer conv4.att_src grad: 8.356033791403489e-20
Layer conv3.lin.weight grad: 2.241688957941093e-14Layer conv4.att_src grad: 8.356033791403489e-20

Layer conv4.att_src grad: 8.356033791403489e-20Layer conv4.att_dst grad: 5.019850883559178e-20

Layer conv4.att_dst grad: 5.019850883559178e-20
Layer conv4.att_src grad: 8.356033791403489e-20
Layer conv4.att_dst grad: 5.019850883559178e-20Layer conv4.bias grad: 7.513943245385235e-09

Layer conv4.bias grad: 7.513943245385235e-09
Layer conv4.att_dst grad: 5.019850883559178e-20
Layer conv4.bias grad: 7.513943245385235e-09
Layer conv4.lin.weight grad: 2.6709539528019244e-12Layer conv4.bias grad: 7.513943245385235e-09Layer conv4.lin.weight grad: 2.6709539528019244e-12


Layer conv4.lin.weight grad: 2.6709539528019244e-12
Layer fc.weight grad: 1.432205021245636e-09Layer fc.weight grad: 1.432205021245636e-09Layer conv4.lin.weight grad: 2.6709539528019244e-12


Layer fc.weight grad: 1.432205021245636e-09
Layer fc.bias grad: 5.193674951442517e-06Layer fc.bias grad: 5.193674951442517e-06

Layer fc.weight grad: 1.432205021245636e-09
Layer fc.bias grad: 5.193674951442517e-06
Layer fc.bias grad: 5.193674951442517e-06
Layer conv1.att_src grad: 1.1151042184538077e-19Layer conv1.att_src grad: 1.1151042184538077e-19Layer conv1.att_src grad: 1.1151042184538077e-19Layer conv1.att_src grad: 1.1151042184538077e-19



Layer conv1.att_dst grad: 6.96432195938734e-21Layer conv1.att_dst grad: 6.96432195938734e-21Layer conv1.att_dst grad: 6.96432195938734e-21Layer conv1.att_dst grad: 6.96432195938734e-21



Layer conv1.bias grad: 6.827549051298398e-14Layer conv1.bias grad: 6.827549051298398e-14Layer conv1.bias grad: 6.827549051298398e-14
Layer conv1.bias grad: 6.827549051298398e-14


Layer conv1.lin.weight grad: 4.807998888346071e-14
Layer conv1.lin.weight grad: 4.807998888346071e-14Layer conv1.lin.weight grad: 4.807998888346071e-14Layer conv1.lin.weight grad: 4.807998888346071e-14


Layer conv2.att_src grad: 2.585306960301172e-21
Layer conv2.att_src grad: 2.585306960301172e-21Layer conv2.att_src grad: 2.585306960301172e-21Layer conv2.att_src grad: 2.585306960301172e-21


Layer conv2.att_dst grad: 5.097883217060374e-22
Layer conv2.att_dst grad: 5.097883217060374e-22Layer conv2.att_dst grad: 5.097883217060374e-22
Layer conv2.att_dst grad: 5.097883217060374e-22

Layer conv2.bias grad: 2.1866831262373765e-12
Layer conv2.bias grad: 2.1866831262373765e-12
Layer conv2.bias grad: 2.1866831262373765e-12Layer conv2.bias grad: 2.1866831262373765e-12

Layer conv2.lin.weight grad: 2.866656166798328e-15
Layer conv2.lin.weight grad: 2.866656166798328e-15
Layer conv2.lin.weight grad: 2.866656166798328e-15
Layer conv2.lin.weight grad: 2.866656166798328e-15
Layer conv3.att_src grad: 7.881070561084662e-20
Layer conv3.att_src grad: 7.881070561084662e-20
Layer conv3.att_src grad: 7.881070561084662e-20
Layer conv3.att_src grad: 7.881070561084662e-20Layer conv3.att_dst grad: 1.3606429605204e-20

Layer conv3.att_dst grad: 1.3606429605204e-20
Layer conv3.att_dst grad: 1.3606429605204e-20
Layer conv3.att_dst grad: 1.3606429605204e-20Layer conv3.bias grad: 1.2228115742196621e-10

Layer conv3.bias grad: 1.2228115742196621e-10
Layer conv3.bias grad: 1.2228115742196621e-10
Layer conv3.bias grad: 1.2228115742196621e-10
Layer conv3.lin.weight grad: 9.019164809529606e-14
Layer conv3.lin.weight grad: 9.019164809529606e-14
Layer conv3.lin.weight grad: 9.019164809529606e-14
Layer conv3.lin.weight grad: 9.019164809529606e-14
Layer conv4.att_src grad: 2.6883096938371257e-18
Layer conv4.att_src grad: 2.6883096938371257e-18
Layer conv4.att_src grad: 2.6883096938371257e-18
Layer conv4.att_src grad: 2.6883096938371257e-18Layer conv4.att_dst grad: 2.045806872408759e-18

Layer conv4.att_dst grad: 2.045806872408759e-18
Layer conv4.att_dst grad: 2.045806872408759e-18
Layer conv4.att_dst grad: 2.045806872408759e-18
Layer conv4.bias grad: 8.208276724985808e-09
Layer conv4.bias grad: 8.208276724985808e-09
Layer conv4.bias grad: 8.208276724985808e-09
Layer conv4.bias grad: 8.208276724985808e-09
Layer conv4.lin.weight grad: 5.532156763937701e-12
Layer conv4.lin.weight grad: 5.532156763937701e-12
Layer conv4.lin.weight grad: 5.532156763937701e-12
Layer conv4.lin.weight grad: 5.532156763937701e-12
Layer fc.weight grad: 2.0255803701019204e-09
Layer fc.weight grad: 2.0255803701019204e-09
Layer fc.weight grad: 2.0255803701019204e-09
Layer fc.weight grad: 2.0255803701019204e-09
Layer fc.bias grad: 3.227862634958001e-06
Layer fc.bias grad: 3.227862634958001e-06
Layer fc.bias grad: 3.227862634958001e-06
Layer fc.bias grad: 3.227862634958001e-06
Layer conv1.att_src grad: 2.3735017099020007e-19Layer conv1.att_src grad: 2.3735017099020007e-19Layer conv1.att_src grad: 2.3735017099020007e-19
Layer conv1.att_src grad: 2.3735017099020007e-19


Layer conv1.att_dst grad: 4.580813141219295e-20Layer conv1.att_dst grad: 4.580813141219295e-20
Layer conv1.att_dst grad: 4.580813141219295e-20
Layer conv1.att_dst grad: 4.580813141219295e-20

Layer conv1.bias grad: 1.7902934451759223e-13Layer conv1.bias grad: 1.7902934451759223e-13

Layer conv1.bias grad: 1.7902934451759223e-13Layer conv1.bias grad: 1.7902934451759223e-13

Layer conv1.lin.weight grad: 1.1240077065714088e-13Layer conv1.lin.weight grad: 1.1240077065714088e-13

Layer conv1.lin.weight grad: 1.1240077065714088e-13
Layer conv1.lin.weight grad: 1.1240077065714088e-13
Layer conv2.att_src grad: 5.888806217309408e-21Layer conv2.att_src grad: 5.888806217309408e-21

Layer conv2.att_src grad: 5.888806217309408e-21Layer conv2.att_src grad: 5.888806217309408e-21

Layer conv2.att_dst grad: 8.056559432197844e-22Layer conv2.att_dst grad: 8.056559432197844e-22

Layer conv2.att_dst grad: 8.056559432197844e-22Layer conv2.att_dst grad: 8.056559432197844e-22

Layer conv2.bias grad: 5.671157987663378e-12Layer conv2.bias grad: 5.671157987663378e-12

Layer conv2.bias grad: 5.671157987663378e-12Layer conv2.bias grad: 5.671157987663378e-12

Layer conv2.lin.weight grad: 6.9164543070685675e-15Layer conv2.lin.weight grad: 6.9164543070685675e-15

Layer conv2.lin.weight grad: 6.9164543070685675e-15Layer conv2.lin.weight grad: 6.9164543070685675e-15

Layer conv3.att_src grad: 1.85669761624871e-19Layer conv3.att_src grad: 1.85669761624871e-19

Layer conv3.att_src grad: 1.85669761624871e-19Layer conv3.att_src grad: 1.85669761624871e-19

Layer conv3.att_dst grad: 5.744249781358517e-20Layer conv3.att_dst grad: 5.744249781358517e-20

Layer conv3.att_dst grad: 5.744249781358517e-20Layer conv3.att_dst grad: 5.744249781358517e-20

Layer conv3.bias grad: 2.9299623838241473e-10Layer conv3.bias grad: 2.9299623838241473e-10

Layer conv3.bias grad: 2.9299623838241473e-10Layer conv3.bias grad: 2.9299623838241473e-10

Layer conv3.lin.weight grad: 2.2964123007687687e-13Layer conv3.lin.weight grad: 2.2964123007687687e-13

Layer conv3.lin.weight grad: 2.2964123007687687e-13Layer conv3.lin.weight grad: 2.2964123007687687e-13

Layer conv4.att_src grad: 2.7848170626988406e-18Layer conv4.att_src grad: 2.7848170626988406e-18

Layer conv4.att_src grad: 2.7848170626988406e-18Layer conv4.att_src grad: 2.7848170626988406e-18

Layer conv4.att_dst grad: 1.4146347710111436e-18Layer conv4.att_dst grad: 1.4146347710111436e-18

Layer conv4.att_dst grad: 1.4146347710111436e-18Layer conv4.att_dst grad: 1.4146347710111436e-18

Layer conv4.bias grad: 1.6331753727172327e-08Layer conv4.bias grad: 1.6331753727172327e-08

Layer conv4.bias grad: 1.6331753727172327e-08Layer conv4.bias grad: 1.6331753727172327e-08

Layer conv4.lin.weight grad: 1.1525495835496002e-11Layer conv4.lin.weight grad: 1.1525495835496002e-11

Layer conv4.lin.weight grad: 1.1525495835496002e-11Layer conv4.lin.weight grad: 1.1525495835496002e-11

Layer fc.weight grad: 4.049536261874209e-09Layer fc.weight grad: 4.049536261874209e-09

Layer fc.weight grad: 4.049536261874209e-09Layer fc.weight grad: 4.049536261874209e-09

Layer fc.bias grad: 5.552742550207768e-06Layer fc.bias grad: 5.552742550207768e-06

Layer fc.bias grad: 5.552742550207768e-06Layer fc.bias grad: 5.552742550207768e-06

Layer conv1.att_src grad: 3.536096952261892e-20Layer conv1.att_src grad: 3.536096952261892e-20Layer conv1.att_src grad: 3.536096952261892e-20
Layer conv1.att_src grad: 3.536096952261892e-20


Layer conv1.att_dst grad: 4.183477257096875e-21
Layer conv1.att_dst grad: 4.183477257096875e-21Layer conv1.att_dst grad: 4.183477257096875e-21
Layer conv1.att_dst grad: 4.183477257096875e-21

Layer conv1.bias grad: 4.6608228480024896e-14
Layer conv1.bias grad: 4.6608228480024896e-14
Layer conv1.bias grad: 4.6608228480024896e-14Layer conv1.bias grad: 4.6608228480024896e-14

Layer conv1.lin.weight grad: 2.907575439095589e-14
Layer conv1.lin.weight grad: 2.907575439095589e-14
Layer conv1.lin.weight grad: 2.907575439095589e-14Layer conv1.lin.weight grad: 2.907575439095589e-14

Layer conv2.att_src grad: 6.519290408975554e-22
Layer conv2.att_src grad: 6.519290408975554e-22
Layer conv2.att_src grad: 6.519290408975554e-22
Layer conv2.att_src grad: 6.519290408975554e-22
Layer conv2.att_dst grad: 8.429632580204758e-23
Layer conv2.att_dst grad: 8.429632580204758e-23
Layer conv2.att_dst grad: 8.429632580204758e-23
Layer conv2.att_dst grad: 8.429632580204758e-23
Layer conv2.bias grad: 2.1567116582216217e-12
Layer conv2.bias grad: 2.1567116582216217e-12
Layer conv2.bias grad: 2.1567116582216217e-12
Layer conv2.bias grad: 2.1567116582216217e-12
Layer conv2.lin.weight grad: 1.8681802930803e-15
Layer conv2.lin.weight grad: 1.8681802930803e-15
Layer conv2.lin.weight grad: 1.8681802930803e-15
Layer conv2.lin.weight grad: 1.8681802930803e-15
Layer conv3.att_src grad: 2.7603101051425496e-20
Layer conv3.att_src grad: 2.7603101051425496e-20
Layer conv3.att_src grad: 2.7603101051425496e-20Layer conv3.att_src grad: 2.7603101051425496e-20
Layer conv3.att_dst grad: 8.7941294848856e-21

Layer conv3.att_dst grad: 8.7941294848856e-21
Layer conv3.att_dst grad: 8.7941294848856e-21Layer conv3.att_dst grad: 8.7941294848856e-21
Layer conv3.bias grad: 1.436007701638431e-10

Layer conv3.bias grad: 1.436007701638431e-10
Layer conv3.bias grad: 1.436007701638431e-10
Layer conv3.bias grad: 1.436007701638431e-10
Layer conv3.lin.weight grad: 8.152068023447104e-14
Layer conv3.lin.weight grad: 8.152068023447104e-14
Layer conv3.lin.weight grad: 8.152068023447104e-14
Layer conv3.lin.weight grad: 8.152068023447104e-14Layer conv4.att_src grad: 6.899586384596285e-19

Layer conv4.att_src grad: 6.899586384596285e-19
Layer conv4.att_src grad: 6.899586384596285e-19Layer conv4.att_dst grad: 5.036272098928975e-19
Layer conv4.att_src grad: 6.899586384596285e-19

Layer conv4.att_dst grad: 5.036272098928975e-19
Layer conv4.att_dst grad: 5.036272098928975e-19Layer conv4.bias grad: 1.0699332086971935e-08
Layer conv4.att_dst grad: 5.036272098928975e-19
Layer conv4.bias grad: 1.0699332086971935e-08

Layer conv4.bias grad: 1.0699332086971935e-08
Layer conv4.bias grad: 1.0699332086971935e-08Layer conv4.lin.weight grad: 5.411848053027413e-12

Layer conv4.lin.weight grad: 5.411848053027413e-12
Layer conv4.lin.weight grad: 5.411848053027413e-12
Layer conv4.lin.weight grad: 5.411848053027413e-12Layer fc.weight grad: 2.8803313067982117e-09
Layer fc.weight grad: 2.8803313067982117e-09

Layer fc.weight grad: 2.8803313067982117e-09
Layer fc.weight grad: 2.8803313067982117e-09Layer fc.bias grad: 4.9460213631391525e-06Layer fc.bias grad: 4.9460213631391525e-06


Layer fc.bias grad: 4.9460213631391525e-06
Layer fc.bias grad: 4.9460213631391525e-06
Layer conv1.att_src grad: 6.205641206325852e-23Layer conv1.att_src grad: 6.205641206325852e-23Layer conv1.att_src grad: 6.205641206325852e-23Layer conv1.att_src grad: 6.205641206325852e-23



Layer conv1.att_dst grad: 1.3389815771746608e-23Layer conv1.att_dst grad: 1.3389815771746608e-23Layer conv1.att_dst grad: 1.3389815771746608e-23
Layer conv1.att_dst grad: 1.3389815771746608e-23


Layer conv1.bias grad: 7.802836275766685e-16
Layer conv1.bias grad: 7.802836275766685e-16Layer conv1.bias grad: 7.802836275766685e-16
Layer conv1.bias grad: 7.802836275766685e-16

Layer conv1.lin.weight grad: 5.2595970876251905e-16
Layer conv1.lin.weight grad: 5.2595970876251905e-16Layer conv1.lin.weight grad: 5.2595970876251905e-16
Layer conv1.lin.weight grad: 5.2595970876251905e-16

Layer conv2.att_src grad: 6.579605313560646e-25
Layer conv2.att_src grad: 6.579605313560646e-25
Layer conv2.att_src grad: 6.579605313560646e-25Layer conv2.att_src grad: 6.579605313560646e-25

Layer conv2.att_dst grad: 2.8356004599002537e-25
Layer conv2.att_dst grad: 2.8356004599002537e-25
Layer conv2.att_dst grad: 2.8356004599002537e-25Layer conv2.att_dst grad: 2.8356004599002537e-25

Layer conv2.bias grad: 8.559898124517462e-14
Layer conv2.bias grad: 8.559898124517462e-14
Layer conv2.bias grad: 8.559898124517462e-14Layer conv2.bias grad: 8.559898124517462e-14

Layer conv2.lin.weight grad: 3.203671505034611e-17
Layer conv2.lin.weight grad: 3.203671505034611e-17
Layer conv2.lin.weight grad: 3.203671505034611e-17Layer conv2.lin.weight grad: 3.203671505034611e-17

Layer conv3.att_src grad: 7.571305214758708e-23
Layer conv3.att_src grad: 7.571305214758708e-23
Layer conv3.att_src grad: 7.571305214758708e-23Layer conv3.att_dst grad: 1.3453197590037495e-23Layer conv3.att_src grad: 7.571305214758708e-23


Layer conv3.att_dst grad: 1.3453197590037495e-23
Layer conv3.att_dst grad: 1.3453197590037495e-23Layer conv3.bias grad: 1.6390510476638198e-11Layer conv3.att_dst grad: 1.3453197590037495e-23


Layer conv3.bias grad: 1.6390510476638198e-11
Layer conv3.bias grad: 1.6390510476638198e-11Layer conv3.bias grad: 1.6390510476638198e-11

Layer conv3.lin.weight grad: 2.9433384830297336e-15
Layer conv3.lin.weight grad: 2.9433384830297336e-15
Layer conv3.lin.weight grad: 2.9433384830297336e-15Layer conv3.lin.weight grad: 2.9433384830297336e-15Layer conv4.att_src grad: 4.498165358004316e-21


Layer conv4.att_src grad: 4.498165358004316e-21
Layer conv4.att_dst grad: 3.0659033390590993e-21Layer conv4.att_src grad: 4.498165358004316e-21Layer conv4.att_src grad: 4.498165358004316e-21
Layer conv4.att_dst grad: 3.0659033390590993e-21


Layer conv4.bias grad: 3.3961586876074534e-09
Layer conv4.att_dst grad: 3.0659033390590993e-21Layer conv4.att_dst grad: 3.0659033390590993e-21Layer conv4.bias grad: 3.3961586876074534e-09


Layer conv4.lin.weight grad: 5.125369529832002e-13
Layer conv4.bias grad: 3.3961586876074534e-09Layer conv4.bias grad: 3.3961586876074534e-09

Layer conv4.lin.weight grad: 5.125369529832002e-13
Layer fc.weight grad: 9.362723929484673e-10
Layer conv4.lin.weight grad: 5.125369529832002e-13Layer conv4.lin.weight grad: 5.125369529832002e-13
Layer fc.weight grad: 9.362723929484673e-10

Layer fc.bias grad: 3.486022478682571e-06
Layer fc.weight grad: 9.362723929484673e-10Layer fc.bias grad: 3.486022478682571e-06

Layer fc.weight grad: 9.362723929484673e-10
Layer fc.bias grad: 3.486022478682571e-06
Layer fc.bias grad: 3.486022478682571e-06
Layer conv1.att_src grad: 1.280595141679995e-22
Layer conv1.att_dst grad: 3.194076348223255e-23
Layer conv1.bias grad: 8.564200204856567e-15
Layer conv1.att_src grad: 1.280595141679995e-22Layer conv1.lin.weight grad: 4.855743425077365e-15

Layer conv1.att_src grad: 1.280595141679995e-22
Layer conv2.att_src grad: 7.051234779039824e-24
Layer conv1.att_dst grad: 3.194076348223255e-23
Layer conv1.att_dst grad: 3.194076348223255e-23
Layer conv2.att_dst grad: 2.411415850274235e-24
Layer conv1.att_src grad: 1.280595141679995e-22Layer conv1.bias grad: 8.564200204856567e-15Layer conv1.bias grad: 8.564200204856567e-15


Layer conv2.bias grad: 1.1520205362575142e-12
Layer conv1.lin.weight grad: 4.855743425077365e-15
Layer conv1.att_dst grad: 3.194076348223255e-23
Layer conv1.lin.weight grad: 4.855743425077365e-15
Layer conv2.lin.weight grad: 3.24984148427932e-16
Layer conv1.bias grad: 8.564200204856567e-15
Layer conv2.att_src grad: 7.051234779039824e-24
Layer conv2.att_src grad: 7.051234779039824e-24
Layer conv3.att_src grad: 3.620516630665967e-22
Layer conv1.lin.weight grad: 4.855743425077365e-15Layer conv2.att_dst grad: 2.411415850274235e-24

Layer conv2.att_dst grad: 2.411415850274235e-24
Layer conv3.att_dst grad: 4.955848243095479e-23
Layer conv2.bias grad: 1.1520205362575142e-12
Layer conv2.att_src grad: 7.051234779039824e-24
Layer conv3.bias grad: 2.1493874735600826e-10
Layer conv2.bias grad: 1.1520205362575142e-12
Layer conv2.att_dst grad: 2.411415850274235e-24
Layer conv2.lin.weight grad: 3.24984148427932e-16
Layer conv3.lin.weight grad: 5.165869630934655e-14
Layer conv2.lin.weight grad: 3.24984148427932e-16Layer conv2.bias grad: 1.1520205362575142e-12

Layer conv3.att_src grad: 3.620516630665967e-22Layer conv4.att_src grad: 9.896306776758021e-20

Layer conv4.att_dst grad: 4.2737788843586695e-20Layer conv3.att_dst grad: 4.955848243095479e-23
Layer conv2.lin.weight grad: 3.24984148427932e-16
Layer conv3.att_src grad: 3.620516630665967e-22

Layer conv4.bias grad: 3.553106608933376e-08
Layer conv3.bias grad: 2.1493874735600826e-10
Layer conv3.att_src grad: 3.620516630665967e-22
Layer conv3.att_dst grad: 4.955848243095479e-23
Layer conv4.lin.weight grad: 9.132861134020231e-12
Layer conv3.att_dst grad: 4.955848243095479e-23
Layer conv3.lin.weight grad: 5.165869630934655e-14
Layer conv3.bias grad: 2.1493874735600826e-10
Layer fc.weight grad: 5.685225623608403e-09
Layer conv3.bias grad: 2.1493874735600826e-10
Layer conv4.att_src grad: 9.896306776758021e-20
Layer fc.bias grad: 2.581416083557997e-05
Layer conv3.lin.weight grad: 5.165869630934655e-14Layer conv4.att_dst grad: 4.2737788843586695e-20Layer conv3.lin.weight grad: 5.165869630934655e-14


Layer conv4.bias grad: 3.553106608933376e-08
Layer conv4.att_src grad: 9.896306776758021e-20
Layer conv4.att_src grad: 9.896306776758021e-20
Layer conv4.lin.weight grad: 9.132861134020231e-12Layer conv4.att_dst grad: 4.2737788843586695e-20

Layer conv4.att_dst grad: 4.2737788843586695e-20
Layer conv4.bias grad: 3.553106608933376e-08Layer fc.weight grad: 5.685225623608403e-09

Layer conv4.bias grad: 3.553106608933376e-08
Layer fc.bias grad: 2.581416083557997e-05Layer conv4.lin.weight grad: 9.132861134020231e-12

Layer conv4.lin.weight grad: 9.132861134020231e-12Layer fc.weight grad: 5.685225623608403e-09

Layer fc.bias grad: 2.581416083557997e-05
Layer fc.weight grad: 5.685225623608403e-09
Layer fc.bias grad: 2.581416083557997e-05
Precision: 0.0000, Recall: 0.0004, F1-Score: 0.0000
Fold 4, Epoch 3, Train Loss: 0.0011, Val Loss: 0.0011, Val Acc: 0.0003
Completed Fold 4
Starting Fold 5
Class weights: [2.12049743e-05 5.61864201e-02 5.39085923e-02 5.46470661e-02
 5.61864201e-02 5.61864201e-02 5.31898110e-02 5.78150120e-02
 6.23318098e-02 5.54060532e-02 5.46470661e-02 5.11440491e-02
 5.46470661e-02 5.24899451e-02 5.39085923e-02 6.04429671e-02
 6.04429671e-02 5.39085923e-02 5.24899451e-02]
Class weights: [2.12049743e-05 5.61864201e-02 5.39085923e-02 5.46470661e-02
 5.61864201e-02 5.61864201e-02 5.31898110e-02 5.78150120e-02
 6.23318098e-02 5.54060532e-02 5.46470661e-02 5.11440491e-02
 5.46470661e-02 5.24899451e-02 5.39085923e-02 6.04429671e-02
 6.04429671e-02 5.39085923e-02 5.24899451e-02]
Class weights: [2.12049743e-05 5.61864201e-02 5.39085923e-02 5.46470661e-02
 5.61864201e-02 5.61864201e-02 5.31898110e-02 5.78150120e-02
 6.23318098e-02 5.54060532e-02 5.46470661e-02 5.11440491e-02
 5.46470661e-02 5.24899451e-02 5.39085923e-02 6.04429671e-02
 6.04429671e-02 5.39085923e-02 5.24899451e-02]
Class weights: [2.12049743e-05 5.61864201e-02 5.39085923e-02 5.46470661e-02
 5.61864201e-02 5.61864201e-02 5.31898110e-02 5.78150120e-02
 6.23318098e-02 5.54060532e-02 5.46470661e-02 5.11440491e-02
 5.46470661e-02 5.24899451e-02 5.39085923e-02 6.04429671e-02
 6.04429671e-02 5.39085923e-02 5.24899451e-02]
Class weights: [2.04500545e-05 5.06212470e-02 6.01127308e-02 5.65766878e-02
 5.06212470e-02 5.06212470e-02 6.41202462e-02 4.58001758e-02
 3.69924497e-02 5.34335385e-02 5.65766878e-02 8.01503077e-02
 5.65766878e-02 6.87002638e-02 6.01127308e-02 4.00751539e-02
 4.00751539e-02 6.01127308e-02 6.87002638e-02]
Class weights: [2.04500545e-05 5.06212470e-02 6.01127308e-02 5.65766878e-02
 5.06212470e-02 5.06212470e-02 6.41202462e-02 4.58001758e-02
 3.69924497e-02 5.34335385e-02 5.65766878e-02 8.01503077e-02
 5.65766878e-02 6.87002638e-02 6.01127308e-02 4.00751539e-02
 4.00751539e-02 6.01127308e-02 6.87002638e-02]
Class weights: [2.04500545e-05 5.06212470e-02 6.01127308e-02 5.65766878e-02
 5.06212470e-02 5.06212470e-02 6.41202462e-02 4.58001758e-02
 3.69924497e-02 5.34335385e-02 5.65766878e-02 8.01503077e-02
 5.65766878e-02 6.87002638e-02 6.01127308e-02 4.00751539e-02
 4.00751539e-02 6.01127308e-02 6.87002638e-02]
Class weights: [2.04500545e-05 5.06212470e-02 6.01127308e-02 5.65766878e-02
 5.06212470e-02 5.06212470e-02 6.41202462e-02 4.58001758e-02
 3.69924497e-02 5.34335385e-02 5.65766878e-02 8.01503077e-02
 5.65766878e-02 6.87002638e-02 6.01127308e-02 4.00751539e-02
 4.00751539e-02 6.01127308e-02 6.87002638e-02]
Layer conv1.att_src grad: 1.2961905658421739e-20Layer conv1.att_src grad: 1.2961905658421739e-20Layer conv1.att_src grad: 1.2961905658421739e-20Layer conv1.att_src grad: 1.2961905658421739e-20



Layer conv1.att_dst grad: 6.1243244902043584e-21
Layer conv1.att_dst grad: 6.1243244902043584e-21Layer conv1.att_dst grad: 6.1243244902043584e-21Layer conv1.att_dst grad: 6.1243244902043584e-21


Layer conv1.bias grad: 2.6174139692116717e-14
Layer conv1.bias grad: 2.6174139692116717e-14Layer conv1.bias grad: 2.6174139692116717e-14Layer conv1.bias grad: 2.6174139692116717e-14


Layer conv1.lin.weight grad: 1.4343273069912163e-14
Layer conv1.lin.weight grad: 1.4343273069912163e-14Layer conv1.lin.weight grad: 1.4343273069912163e-14
Layer conv1.lin.weight grad: 1.4343273069912163e-14

Layer conv2.att_src grad: 1.919959963385659e-22
Layer conv2.att_src grad: 1.919959963385659e-22
Layer conv2.att_src grad: 1.919959963385659e-22Layer conv2.att_src grad: 1.919959963385659e-22

Layer conv2.att_dst grad: 7.528282634254127e-23
Layer conv2.att_dst grad: 7.528282634254127e-23
Layer conv2.att_dst grad: 7.528282634254127e-23Layer conv2.att_dst grad: 7.528282634254127e-23

Layer conv2.bias grad: 1.664845670178161e-12
Layer conv2.bias grad: 1.664845670178161e-12
Layer conv2.bias grad: 1.664845670178161e-12Layer conv2.bias grad: 1.664845670178161e-12

Layer conv2.lin.weight grad: 1.117438157148987e-15
Layer conv2.lin.weight grad: 1.117438157148987e-15
Layer conv2.lin.weight grad: 1.117438157148987e-15Layer conv2.lin.weight grad: 1.117438157148987e-15

Layer conv3.att_src grad: 8.527574571458221e-21
Layer conv3.att_src grad: 8.527574571458221e-21
Layer conv3.att_src grad: 8.527574571458221e-21Layer conv3.att_dst grad: 2.8860079136485465e-21Layer conv3.att_src grad: 8.527574571458221e-21


Layer conv3.att_dst grad: 2.8860079136485465e-21
Layer conv3.att_dst grad: 2.8860079136485465e-21Layer conv3.bias grad: 1.5650677975820315e-10
Layer conv3.att_dst grad: 2.8860079136485465e-21

Layer conv3.bias grad: 1.5650677975820315e-10
Layer conv3.bias grad: 1.5650677975820315e-10
Layer conv3.bias grad: 1.5650677975820315e-10
Layer conv3.lin.weight grad: 8.113750285792393e-14
Layer conv3.lin.weight grad: 8.113750285792393e-14
Layer conv3.lin.weight grad: 8.113750285792393e-14
Layer conv3.lin.weight grad: 8.113750285792393e-14
Layer conv4.att_src grad: 6.666770197338641e-19
Layer conv4.att_src grad: 6.666770197338641e-19
Layer conv4.att_src grad: 6.666770197338641e-19
Layer conv4.att_src grad: 6.666770197338641e-19Layer conv4.att_dst grad: 1.943073237528175e-19
Layer conv4.att_dst grad: 1.943073237528175e-19

Layer conv4.att_dst grad: 1.943073237528175e-19
Layer conv4.att_dst grad: 1.943073237528175e-19
Layer conv4.bias grad: 1.2205076060922693e-08Layer conv4.bias grad: 1.2205076060922693e-08

Layer conv4.bias grad: 1.2205076060922693e-08
Layer conv4.bias grad: 1.2205076060922693e-08
Layer conv4.lin.weight grad: 6.8759004566432136e-12Layer conv4.lin.weight grad: 6.8759004566432136e-12

Layer conv4.lin.weight grad: 6.8759004566432136e-12
Layer conv4.lin.weight grad: 6.8759004566432136e-12
Layer fc.weight grad: 2.5518627211340572e-09
Layer fc.weight grad: 2.5518627211340572e-09
Layer fc.weight grad: 2.5518627211340572e-09
Layer fc.weight grad: 2.5518627211340572e-09
Layer fc.bias grad: 4.881705990555929e-06
Layer fc.bias grad: 4.881705990555929e-06
Layer fc.bias grad: 4.881705990555929e-06
Layer fc.bias grad: 4.881705990555929e-06
Layer conv1.att_src grad: 3.4917302050390577e-17Layer conv1.att_src grad: 3.4917302050390577e-17Layer conv1.att_src grad: 3.4917302050390577e-17Layer conv1.att_src grad: 3.4917302050390577e-17



Layer conv1.att_dst grad: 5.101299868809066e-19Layer conv1.att_dst grad: 5.101299868809066e-19Layer conv1.att_dst grad: 5.101299868809066e-19Layer conv1.att_dst grad: 5.101299868809066e-19



Layer conv1.bias grad: 6.1422420968848535e-12Layer conv1.bias grad: 6.1422420968848535e-12
Layer conv1.bias grad: 6.1422420968848535e-12
Layer conv1.bias grad: 6.1422420968848535e-12

Layer conv1.lin.weight grad: 3.613503593569156e-12
Layer conv1.lin.weight grad: 3.613503593569156e-12Layer conv1.lin.weight grad: 3.613503593569156e-12

Layer conv1.lin.weight grad: 3.613503593569156e-12
Layer conv2.att_src grad: 3.023845996742217e-18
Layer conv2.att_src grad: 3.023845996742217e-18Layer conv2.att_src grad: 3.023845996742217e-18

Layer conv2.att_src grad: 3.023845996742217e-18
Layer conv2.att_dst grad: 4.05652681118455e-19
Layer conv2.att_dst grad: 4.05652681118455e-19Layer conv2.att_dst grad: 4.05652681118455e-19

Layer conv2.att_dst grad: 4.05652681118455e-19
Layer conv2.bias grad: 8.089463127136653e-11
Layer conv2.bias grad: 8.089463127136653e-11Layer conv2.bias grad: 8.089463127136653e-11

Layer conv2.bias grad: 8.089463127136653e-11
Layer conv2.lin.weight grad: 2.495188029718459e-13
Layer conv2.lin.weight grad: 2.495188029718459e-13Layer conv2.lin.weight grad: 2.495188029718459e-13
Layer conv2.lin.weight grad: 2.495188029718459e-13

Layer conv3.att_src grad: 3.238734698583999e-17
Layer conv3.att_src grad: 3.238734698583999e-17Layer conv3.att_src grad: 3.238734698583999e-17
Layer conv3.att_src grad: 3.238734698583999e-17

Layer conv3.att_dst grad: 1.1741838721357578e-17
Layer conv3.att_dst grad: 1.1741838721357578e-17Layer conv3.att_dst grad: 1.1741838721357578e-17
Layer conv3.att_dst grad: 1.1741838721357578e-17
Layer conv3.bias grad: 1.6414514192319984e-09

Layer conv3.bias grad: 1.6414514192319984e-09
Layer conv3.bias grad: 1.6414514192319984e-09
Layer conv3.bias grad: 1.6414514192319984e-09
Layer conv3.lin.weight grad: 3.214757670136348e-12
Layer conv3.lin.weight grad: 3.214757670136348e-12Layer conv3.lin.weight grad: 3.214757670136348e-12
Layer conv3.lin.weight grad: 3.214757670136348e-12

Layer conv4.att_src grad: 3.013621465344633e-16
Layer conv4.att_src grad: 3.013621465344633e-16
Layer conv4.att_src grad: 3.013621465344633e-16Layer conv4.att_dst grad: 4.723170195686756e-17Layer conv4.att_src grad: 3.013621465344633e-16


Layer conv4.att_dst grad: 4.723170195686756e-17
Layer conv4.att_dst grad: 4.723170195686756e-17Layer conv4.bias grad: 3.625621403102741e-08
Layer conv4.att_dst grad: 4.723170195686756e-17

Layer conv4.bias grad: 3.625621403102741e-08
Layer conv4.bias grad: 3.625621403102741e-08
Layer conv4.bias grad: 3.625621403102741e-08
Layer conv4.lin.weight grad: 6.496032878278157e-11
Layer conv4.lin.weight grad: 6.496032878278157e-11
Layer conv4.lin.weight grad: 6.496032878278157e-11
Layer conv4.lin.weight grad: 6.496032878278157e-11Layer fc.weight grad: 9.100249442894892e-09

Layer fc.weight grad: 9.100249442894892e-09
Layer fc.weight grad: 9.100249442894892e-09
Layer fc.bias grad: 5.072432941233274e-06Layer fc.weight grad: 9.100249442894892e-09

Layer fc.bias grad: 5.072432941233274e-06
Layer fc.bias grad: 5.072432941233274e-06
Layer fc.bias grad: 5.072432941233274e-06
Layer conv1.att_src grad: 3.059716528909214e-20Layer conv1.att_src grad: 3.059716528909214e-20Layer conv1.att_src grad: 3.059716528909214e-20Layer conv1.att_src grad: 3.059716528909214e-20



Layer conv1.att_dst grad: 1.003382926944537e-20Layer conv1.att_dst grad: 1.003382926944537e-20Layer conv1.att_dst grad: 1.003382926944537e-20Layer conv1.att_dst grad: 1.003382926944537e-20



Layer conv1.bias grad: 4.107812993838639e-14Layer conv1.bias grad: 4.107812993838639e-14Layer conv1.bias grad: 4.107812993838639e-14

Layer conv1.bias grad: 4.107812993838639e-14

Layer conv1.lin.weight grad: 2.3701896158636118e-14Layer conv1.lin.weight grad: 2.3701896158636118e-14

Layer conv1.lin.weight grad: 2.3701896158636118e-14Layer conv1.lin.weight grad: 2.3701896158636118e-14

Layer conv2.att_src grad: 5.838305285910429e-22Layer conv2.att_src grad: 5.838305285910429e-22

Layer conv2.att_src grad: 5.838305285910429e-22Layer conv2.att_src grad: 5.838305285910429e-22

Layer conv2.att_dst grad: 9.06838966346904e-23Layer conv2.att_dst grad: 9.06838966346904e-23

Layer conv2.att_dst grad: 9.06838966346904e-23Layer conv2.att_dst grad: 9.06838966346904e-23

Layer conv2.bias grad: 1.9369610082531352e-12Layer conv2.bias grad: 1.9369610082531352e-12

Layer conv2.bias grad: 1.9369610082531352e-12
Layer conv2.bias grad: 1.9369610082531352e-12
Layer conv2.lin.weight grad: 1.7809058298434797e-15Layer conv2.lin.weight grad: 1.7809058298434797e-15
Layer conv2.lin.weight grad: 1.7809058298434797e-15Layer conv2.lin.weight grad: 1.7809058298434797e-15


Layer conv3.att_src grad: 1.6042555672942226e-20
Layer conv3.att_src grad: 1.6042555672942226e-20Layer conv3.att_src grad: 1.6042555672942226e-20Layer conv3.att_src grad: 1.6042555672942226e-20


Layer conv3.att_dst grad: 4.897056244743108e-21
Layer conv3.att_dst grad: 4.897056244743108e-21Layer conv3.att_dst grad: 4.897056244743108e-21
Layer conv3.att_dst grad: 4.897056244743108e-21

Layer conv3.bias grad: 1.390581816362868e-10
Layer conv3.bias grad: 1.390581816362868e-10
Layer conv3.bias grad: 1.390581816362868e-10Layer conv3.bias grad: 1.390581816362868e-10

Layer conv3.lin.weight grad: 8.220045466782872e-14
Layer conv3.lin.weight grad: 8.220045466782872e-14Layer conv3.lin.weight grad: 8.220045466782872e-14

Layer conv3.lin.weight grad: 8.220045466782872e-14
Layer conv4.att_src grad: 9.033784226298812e-19
Layer conv4.att_src grad: 9.033784226298812e-19Layer conv4.att_src grad: 9.033784226298812e-19

Layer conv4.att_dst grad: 3.2313717571565114e-19Layer conv4.att_src grad: 9.033784226298812e-19

Layer conv4.att_dst grad: 3.2313717571565114e-19Layer conv4.att_dst grad: 3.2313717571565114e-19

Layer conv4.bias grad: 1.0637689840109488e-08Layer conv4.att_dst grad: 3.2313717571565114e-19

Layer conv4.bias grad: 1.0637689840109488e-08Layer conv4.bias grad: 1.0637689840109488e-08

Layer conv4.bias grad: 1.0637689840109488e-08
Layer conv4.lin.weight grad: 5.7284767207566034e-12
Layer conv4.lin.weight grad: 5.7284767207566034e-12Layer conv4.lin.weight grad: 5.7284767207566034e-12

Layer conv4.lin.weight grad: 5.7284767207566034e-12Layer fc.weight grad: 2.3731743237220826e-09

Layer fc.weight grad: 2.3731743237220826e-09Layer fc.weight grad: 2.3731743237220826e-09

Layer fc.bias grad: 4.708399501396343e-06Layer fc.weight grad: 2.3731743237220826e-09

Layer fc.bias grad: 4.708399501396343e-06Layer fc.bias grad: 4.708399501396343e-06

Layer fc.bias grad: 4.708399501396343e-06
Layer conv1.att_src grad: 4.0845938248502983e-19Layer conv1.att_src grad: 4.0845938248502983e-19Layer conv1.att_src grad: 4.0845938248502983e-19
Layer conv1.att_src grad: 4.0845938248502983e-19


Layer conv1.att_dst grad: 1.398968403186741e-20Layer conv1.att_dst grad: 1.398968403186741e-20Layer conv1.att_dst grad: 1.398968403186741e-20Layer conv1.att_dst grad: 1.398968403186741e-20



Layer conv1.bias grad: 1.7355751167832945e-13Layer conv1.bias grad: 1.7355751167832945e-13
Layer conv1.bias grad: 1.7355751167832945e-13Layer conv1.bias grad: 1.7355751167832945e-13


Layer conv1.lin.weight grad: 1.1003094865357638e-13
Layer conv1.lin.weight grad: 1.1003094865357638e-13Layer conv1.lin.weight grad: 1.1003094865357638e-13
Layer conv1.lin.weight grad: 1.1003094865357638e-13

Layer conv2.att_src grad: 8.929495491866628e-21
Layer conv2.att_src grad: 8.929495491866628e-21
Layer conv2.att_src grad: 8.929495491866628e-21Layer conv2.att_src grad: 8.929495491866628e-21

Layer conv2.att_dst grad: 2.638457959470714e-21
Layer conv2.att_dst grad: 2.638457959470714e-21
Layer conv2.att_dst grad: 2.638457959470714e-21Layer conv2.att_dst grad: 2.638457959470714e-21

Layer conv2.bias grad: 5.948901093955072e-12
Layer conv2.bias grad: 5.948901093955072e-12
Layer conv2.bias grad: 5.948901093955072e-12Layer conv2.bias grad: 5.948901093955072e-12

Layer conv2.lin.weight grad: 8.176913024449377e-15
Layer conv2.lin.weight grad: 8.176913024449377e-15
Layer conv2.lin.weight grad: 8.176913024449377e-15Layer conv2.lin.weight grad: 8.176913024449377e-15

Layer conv3.att_src grad: 3.8846500536294533e-19
Layer conv3.att_src grad: 3.8846500536294533e-19
Layer conv3.att_src grad: 3.8846500536294533e-19Layer conv3.att_src grad: 3.8846500536294533e-19

Layer conv3.att_dst grad: 1.7458486933241273e-19
Layer conv3.att_dst grad: 1.7458486933241273e-19
Layer conv3.att_dst grad: 1.7458486933241273e-19Layer conv3.att_dst grad: 1.7458486933241273e-19
Layer conv3.bias grad: 3.187753394584547e-10

Layer conv3.bias grad: 3.187753394584547e-10
Layer conv3.bias grad: 3.187753394584547e-10
Layer conv3.bias grad: 3.187753394584547e-10
Layer conv3.lin.weight grad: 2.727872181612634e-13
Layer conv3.lin.weight grad: 2.727872181612634e-13
Layer conv3.lin.weight grad: 2.727872181612634e-13
Layer conv4.att_src grad: 9.612598069668505e-18Layer conv4.att_src grad: 9.612598069668505e-18
Layer conv3.lin.weight grad: 2.727872181612634e-13

Layer conv4.att_src grad: 9.612598069668505e-18
Layer conv4.att_dst grad: 2.1341857441860684e-18
Layer conv4.att_dst grad: 2.1341857441860684e-18
Layer conv4.att_src grad: 9.612598069668505e-18
Layer conv4.att_dst grad: 2.1341857441860684e-18
Layer conv4.bias grad: 1.5054535396075153e-08
Layer conv4.bias grad: 1.5054535396075153e-08
Layer conv4.att_dst grad: 2.1341857441860684e-18
Layer conv4.bias grad: 1.5054535396075153e-08
Layer conv4.lin.weight grad: 1.412688369062387e-11
Layer conv4.bias grad: 1.5054535396075153e-08Layer conv4.lin.weight grad: 1.412688369062387e-11

Layer conv4.lin.weight grad: 1.412688369062387e-11
Layer fc.weight grad: 3.531918313370852e-09
Layer fc.weight grad: 3.531918313370852e-09Layer conv4.lin.weight grad: 1.412688369062387e-11

Layer fc.weight grad: 3.531918313370852e-09Layer fc.bias grad: 3.5799967008642852e-06

Layer fc.bias grad: 3.5799967008642852e-06
Layer fc.weight grad: 3.531918313370852e-09
Layer fc.bias grad: 3.5799967008642852e-06
Layer fc.bias grad: 3.5799967008642852e-06
Layer conv1.att_src grad: 6.261094251765458e-18Layer conv1.att_src grad: 6.261094251765458e-18Layer conv1.att_src grad: 6.261094251765458e-18Layer conv1.att_src grad: 6.261094251765458e-18



Layer conv1.att_dst grad: 1.7207646997423982e-19Layer conv1.att_dst grad: 1.7207646997423982e-19Layer conv1.att_dst grad: 1.7207646997423982e-19


Layer conv1.att_dst grad: 1.7207646997423982e-19
Layer conv1.bias grad: 1.6526475283759612e-12Layer conv1.bias grad: 1.6526475283759612e-12

Layer conv1.bias grad: 1.6526475283759612e-12Layer conv1.bias grad: 1.6526475283759612e-12

Layer conv1.lin.weight grad: 8.926896765196202e-13Layer conv1.lin.weight grad: 8.926896765196202e-13

Layer conv1.lin.weight grad: 8.926896765196202e-13Layer conv1.lin.weight grad: 8.926896765196202e-13

Layer conv2.att_src grad: 2.464580499198683e-19Layer conv2.att_src grad: 2.464580499198683e-19

Layer conv2.att_src grad: 2.464580499198683e-19Layer conv2.att_src grad: 2.464580499198683e-19

Layer conv2.att_dst grad: 1.0553100461587343e-19Layer conv2.att_dst grad: 1.0553100461587343e-19

Layer conv2.att_dst grad: 1.0553100461587343e-19Layer conv2.att_dst grad: 1.0553100461587343e-19

Layer conv2.bias grad: 2.7854652612235853e-11Layer conv2.bias grad: 2.7854652612235853e-11

Layer conv2.bias grad: 2.7854652612235853e-11Layer conv2.bias grad: 2.7854652612235853e-11

Layer conv2.lin.weight grad: 5.767875597712663e-14Layer conv2.lin.weight grad: 5.767875597712663e-14

Layer conv2.lin.weight grad: 5.767875597712663e-14Layer conv2.lin.weight grad: 5.767875597712663e-14

Layer conv3.att_src grad: 5.470022968082514e-18Layer conv3.att_src grad: 5.470022968082514e-18

Layer conv3.att_src grad: 5.470022968082514e-18Layer conv3.att_src grad: 5.470022968082514e-18

Layer conv3.att_dst grad: 1.419602610974984e-18Layer conv3.att_dst grad: 1.419602610974984e-18

Layer conv3.att_dst grad: 1.419602610974984e-18Layer conv3.att_dst grad: 1.419602610974984e-18

Layer conv3.bias grad: 8.06685940268892e-10Layer conv3.bias grad: 8.06685940268892e-10

Layer conv3.bias grad: 8.06685940268892e-10Layer conv3.bias grad: 8.06685940268892e-10

Layer conv3.lin.weight grad: 1.1209149927693396e-12Layer conv3.lin.weight grad: 1.1209149927693396e-12

Layer conv3.lin.weight grad: 1.1209149927693396e-12Layer conv3.lin.weight grad: 1.1209149927693396e-12

Layer conv4.att_src grad: 9.384301845432035e-17Layer conv4.att_src grad: 9.384301845432035e-17

Layer conv4.att_src grad: 9.384301845432035e-17Layer conv4.att_src grad: 9.384301845432035e-17

Layer conv4.att_dst grad: 2.6819663765917015e-17Layer conv4.att_dst grad: 2.6819663765917015e-17

Layer conv4.att_dst grad: 2.6819663765917015e-17Layer conv4.att_dst grad: 2.6819663765917015e-17

Layer conv4.bias grad: 2.7527129020654684e-08Layer conv4.bias grad: 2.7527129020654684e-08Layer conv4.bias grad: 2.7527129020654684e-08Layer conv4.bias grad: 2.7527129020654684e-08



Layer conv4.lin.weight grad: 4.1620831781052914e-11Layer conv4.lin.weight grad: 4.1620831781052914e-11Layer conv4.lin.weight grad: 4.1620831781052914e-11
Layer conv4.lin.weight grad: 4.1620831781052914e-11


Layer fc.weight grad: 7.250034794736848e-09
Layer fc.weight grad: 7.250034794736848e-09Layer fc.weight grad: 7.250034794736848e-09Layer fc.weight grad: 7.250034794736848e-09


Layer fc.bias grad: 4.580435415846296e-06
Layer fc.bias grad: 4.580435415846296e-06Layer fc.bias grad: 4.580435415846296e-06Layer fc.bias grad: 4.580435415846296e-06


Layer conv1.att_src grad: 1.5980004468891423e-18Layer conv1.att_src grad: 1.5980004468891423e-18Layer conv1.att_src grad: 1.5980004468891423e-18


Layer conv1.att_src grad: 1.5980004468891423e-18Layer conv1.att_dst grad: 1.7911951949466175e-21Layer conv1.att_dst grad: 1.7911951949466175e-21
Layer conv1.att_dst grad: 1.7911951949466175e-21


Layer conv1.bias grad: 2.674768826566032e-12
Layer conv1.bias grad: 2.674768826566032e-12
Layer conv1.att_dst grad: 1.7911951949466175e-21Layer conv1.bias grad: 2.674768826566032e-12

Layer conv1.lin.weight grad: 1.506319916889931e-12
Layer conv1.lin.weight grad: 1.506319916889931e-12
Layer conv1.bias grad: 2.674768826566032e-12
Layer conv1.lin.weight grad: 1.506319916889931e-12
Layer conv2.att_src grad: 1.872985319497762e-19
Layer conv2.att_src grad: 1.872985319497762e-19
Layer conv1.lin.weight grad: 1.506319916889931e-12
Layer conv2.att_src grad: 1.872985319497762e-19
Layer conv2.att_dst grad: 7.357257791950603e-20
Layer conv2.att_dst grad: 7.357257791950603e-20
Layer conv2.att_src grad: 1.872985319497762e-19Layer conv2.att_dst grad: 7.357257791950603e-20
Layer conv2.bias grad: 6.480784658924321e-11

Layer conv2.bias grad: 6.480784658924321e-11
Layer conv2.att_dst grad: 7.357257791950603e-20
Layer conv2.bias grad: 6.480784658924321e-11
Layer conv2.lin.weight grad: 1.0089247959223918e-13
Layer conv2.lin.weight grad: 1.0089247959223918e-13
Layer conv2.bias grad: 6.480784658924321e-11
Layer conv3.att_src grad: 4.992210359047383e-18
Layer conv2.lin.weight grad: 1.0089247959223918e-13
Layer conv3.att_src grad: 4.992210359047383e-18
Layer conv3.att_dst grad: 1.000219145278455e-18
Layer conv2.lin.weight grad: 1.0089247959223918e-13
Layer conv3.att_src grad: 4.992210359047383e-18
Layer conv3.att_dst grad: 1.000219145278455e-18
Layer conv3.bias grad: 2.601230564280854e-09
Layer conv3.att_src grad: 4.992210359047383e-18
Layer conv3.att_dst grad: 1.000219145278455e-18Layer conv3.bias grad: 2.601230564280854e-09

Layer conv3.lin.weight grad: 2.7802690705236444e-12
Layer conv3.att_dst grad: 1.000219145278455e-18
Layer conv3.bias grad: 2.601230564280854e-09
Layer conv3.lin.weight grad: 2.7802690705236444e-12Layer conv4.att_src grad: 1.189845974551633e-16

Layer conv3.bias grad: 2.601230564280854e-09
Layer conv4.att_dst grad: 3.5700526285192537e-17
Layer conv3.lin.weight grad: 2.7802690705236444e-12Layer conv4.att_src grad: 1.189845974551633e-16

Layer conv3.lin.weight grad: 2.7802690705236444e-12Layer conv4.bias grad: 9.946298717977697e-08

Layer conv4.att_dst grad: 3.5700526285192537e-17
Layer conv4.att_src grad: 1.189845974551633e-16
Layer conv4.lin.weight grad: 1.1598477733798518e-10
Layer conv4.att_src grad: 1.189845974551633e-16
Layer conv4.bias grad: 9.946298717977697e-08
Layer conv4.att_dst grad: 3.5700526285192537e-17
Layer fc.weight grad: 1.9582781618510126e-08
Layer conv4.att_dst grad: 3.5700526285192537e-17
Layer conv4.lin.weight grad: 1.1598477733798518e-10
Layer conv4.bias grad: 9.946298717977697e-08
Layer fc.bias grad: 1.6059999325079843e-05
Layer conv4.bias grad: 9.946298717977697e-08
Layer fc.weight grad: 1.9582781618510126e-08
Layer conv4.lin.weight grad: 1.1598477733798518e-10
Layer conv4.lin.weight grad: 1.1598477733798518e-10
Layer fc.bias grad: 1.6059999325079843e-05
Layer fc.weight grad: 1.9582781618510126e-08
Layer fc.weight grad: 1.9582781618510126e-08
Layer fc.bias grad: 1.6059999325079843e-05
Layer fc.bias grad: 1.6059999325079843e-05
Precision: 0.0000, Recall: 0.0003, F1-Score: 0.0000
Fold 5, Epoch 1, Train Loss: 0.0011, Val Loss: 0.0011, Val Acc: 0.0005
Layer conv1.att_src grad: 1.165183857234849e-21Layer conv1.att_src grad: 1.165183857234849e-21Layer conv1.att_src grad: 1.165183857234849e-21Layer conv1.att_src grad: 1.165183857234849e-21



Layer conv1.att_dst grad: 1.5001249079656708e-22
Layer conv1.att_dst grad: 1.5001249079656708e-22Layer conv1.att_dst grad: 1.5001249079656708e-22
Layer conv1.att_dst grad: 1.5001249079656708e-22

Layer conv1.bias grad: 4.219501403010875e-15
Layer conv1.bias grad: 4.219501403010875e-15
Layer conv1.bias grad: 4.219501403010875e-15Layer conv1.bias grad: 4.219501403010875e-15

Layer conv1.lin.weight grad: 2.538998623570184e-15
Layer conv1.lin.weight grad: 2.538998623570184e-15
Layer conv1.lin.weight grad: 2.538998623570184e-15
Layer conv1.lin.weight grad: 2.538998623570184e-15
Layer conv2.att_src grad: 1.228014170245122e-23
Layer conv2.att_src grad: 1.228014170245122e-23
Layer conv2.att_src grad: 1.228014170245122e-23
Layer conv2.att_src grad: 1.228014170245122e-23
Layer conv2.att_dst grad: 5.242641780632199e-24
Layer conv2.att_dst grad: 5.242641780632199e-24
Layer conv2.att_dst grad: 5.242641780632199e-24
Layer conv2.att_dst grad: 5.242641780632199e-24
Layer conv2.bias grad: 2.854009888662856e-13
Layer conv2.bias grad: 2.854009888662856e-13
Layer conv2.bias grad: 2.854009888662856e-13
Layer conv2.bias grad: 2.854009888662856e-13
Layer conv2.lin.weight grad: 1.6820785254203802e-16
Layer conv2.lin.weight grad: 1.6820785254203802e-16Layer conv2.lin.weight grad: 1.6820785254203802e-16

Layer conv2.lin.weight grad: 1.6820785254203802e-16
Layer conv3.att_src grad: 1.031764430801769e-21
Layer conv3.att_src grad: 1.031764430801769e-21Layer conv3.att_src grad: 1.031764430801769e-21

Layer conv3.att_src grad: 1.031764430801769e-21
Layer conv3.att_dst grad: 4.513026538203819e-22
Layer conv3.att_dst grad: 4.513026538203819e-22Layer conv3.att_dst grad: 4.513026538203819e-22

Layer conv3.att_dst grad: 4.513026538203819e-22
Layer conv3.bias grad: 3.621721672564249e-11
Layer conv3.bias grad: 3.621721672564249e-11Layer conv3.bias grad: 3.621721672564249e-11

Layer conv3.bias grad: 3.621721672564249e-11
Layer conv3.lin.weight grad: 1.19497155090997e-14
Layer conv3.lin.weight grad: 1.19497155090997e-14Layer conv3.lin.weight grad: 1.19497155090997e-14

Layer conv3.lin.weight grad: 1.19497155090997e-14
Layer conv4.att_src grad: 6.401198562552693e-20
Layer conv4.att_src grad: 6.401198562552693e-20Layer conv4.att_src grad: 6.401198562552693e-20

Layer conv4.att_src grad: 6.401198562552693e-20Layer conv4.att_dst grad: 1.4798044669897723e-20

Layer conv4.att_dst grad: 1.4798044669897723e-20Layer conv4.att_dst grad: 1.4798044669897723e-20

Layer conv4.att_dst grad: 1.4798044669897723e-20Layer conv4.bias grad: 5.2516035964345065e-09

Layer conv4.bias grad: 5.2516035964345065e-09Layer conv4.bias grad: 5.2516035964345065e-09

Layer conv4.bias grad: 5.2516035964345065e-09
Layer conv4.lin.weight grad: 1.8763731887694313e-12
Layer conv4.lin.weight grad: 1.8763731887694313e-12Layer conv4.lin.weight grad: 1.8763731887694313e-12

Layer conv4.lin.weight grad: 1.8763731887694313e-12
Layer fc.weight grad: 1.1472499616971277e-09
Layer fc.weight grad: 1.1472499616971277e-09Layer fc.weight grad: 1.1472499616971277e-09

Layer fc.weight grad: 1.1472499616971277e-09Layer fc.bias grad: 2.9542284210037906e-06

Layer fc.bias grad: 2.9542284210037906e-06Layer fc.bias grad: 2.9542284210037906e-06

Layer fc.bias grad: 2.9542284210037906e-06
Layer conv1.att_src grad: 5.9857010556646185e-21Layer conv1.att_src grad: 5.9857010556646185e-21Layer conv1.att_src grad: 5.9857010556646185e-21Layer conv1.att_src grad: 5.9857010556646185e-21



Layer conv1.att_dst grad: 3.1984157142906945e-22Layer conv1.att_dst grad: 3.1984157142906945e-22Layer conv1.att_dst grad: 3.1984157142906945e-22
Layer conv1.att_dst grad: 3.1984157142906945e-22


Layer conv1.bias grad: 1.6441659977397237e-14
Layer conv1.bias grad: 1.6441659977397237e-14Layer conv1.bias grad: 1.6441659977397237e-14Layer conv1.bias grad: 1.6441659977397237e-14


Layer conv1.lin.weight grad: 9.330293224770088e-15
Layer conv1.lin.weight grad: 9.330293224770088e-15Layer conv1.lin.weight grad: 9.330293224770088e-15
Layer conv1.lin.weight grad: 9.330293224770088e-15

Layer conv2.att_src grad: 1.25465588050339e-22
Layer conv2.att_src grad: 1.25465588050339e-22
Layer conv2.att_src grad: 1.25465588050339e-22Layer conv2.att_src grad: 1.25465588050339e-22

Layer conv2.att_dst grad: 2.597119742149186e-23
Layer conv2.att_dst grad: 2.597119742149186e-23
Layer conv2.att_dst grad: 2.597119742149186e-23Layer conv2.att_dst grad: 2.597119742149186e-23

Layer conv2.bias grad: 9.955803542682773e-13
Layer conv2.bias grad: 9.955803542682773e-13
Layer conv2.bias grad: 9.955803542682773e-13Layer conv2.bias grad: 9.955803542682773e-13

Layer conv2.lin.weight grad: 6.746199202362795e-16
Layer conv2.lin.weight grad: 6.746199202362795e-16
Layer conv2.lin.weight grad: 6.746199202362795e-16Layer conv2.lin.weight grad: 6.746199202362795e-16
Layer conv3.att_src grad: 5.031770362315611e-21

Layer conv3.att_src grad: 5.031770362315611e-21
Layer conv3.att_dst grad: 2.306560018567873e-21Layer conv3.att_src grad: 5.031770362315611e-21
Layer conv3.att_src grad: 5.031770362315611e-21

Layer conv3.att_dst grad: 2.306560018567873e-21
Layer conv3.bias grad: 8.849615484862738e-11
Layer conv3.att_dst grad: 2.306560018567873e-21Layer conv3.att_dst grad: 2.306560018567873e-21

Layer conv3.bias grad: 8.849615484862738e-11
Layer conv3.lin.weight grad: 4.16837923769911e-14Layer conv3.bias grad: 8.849615484862738e-11Layer conv3.bias grad: 8.849615484862738e-11


Layer conv3.lin.weight grad: 4.16837923769911e-14
Layer conv4.att_src grad: 1.9741290873916249e-19
Layer conv3.lin.weight grad: 4.16837923769911e-14Layer conv3.lin.weight grad: 4.16837923769911e-14
Layer conv4.att_src grad: 1.9741290873916249e-19

Layer conv4.att_dst grad: 6.117415512605623e-20
Layer conv4.att_src grad: 1.9741290873916249e-19Layer conv4.att_dst grad: 6.117415512605623e-20
Layer conv4.att_src grad: 1.9741290873916249e-19

Layer conv4.bias grad: 8.3689499774664e-09
Layer conv4.att_dst grad: 6.117415512605623e-20
Layer conv4.bias grad: 8.3689499774664e-09Layer conv4.att_dst grad: 6.117415512605623e-20

Layer conv4.lin.weight grad: 3.587551696687674e-12
Layer conv4.bias grad: 8.3689499774664e-09
Layer conv4.bias grad: 8.3689499774664e-09
Layer conv4.lin.weight grad: 3.587551696687674e-12
Layer fc.weight grad: 1.6020822446449756e-09
Layer conv4.lin.weight grad: 3.587551696687674e-12
Layer conv4.lin.weight grad: 3.587551696687674e-12Layer fc.weight grad: 1.6020822446449756e-09

Layer fc.bias grad: 4.0516015360481106e-06
Layer fc.weight grad: 1.6020822446449756e-09
Layer fc.bias grad: 4.0516015360481106e-06Layer fc.weight grad: 1.6020822446449756e-09

Layer fc.bias grad: 4.0516015360481106e-06
Layer fc.bias grad: 4.0516015360481106e-06
Layer conv1.att_src grad: 5.084939787256415e-19Layer conv1.att_src grad: 5.084939787256415e-19Layer conv1.att_src grad: 5.084939787256415e-19Layer conv1.att_src grad: 5.084939787256415e-19



Layer conv1.att_dst grad: 4.283827836331482e-21Layer conv1.att_dst grad: 4.283827836331482e-21Layer conv1.att_dst grad: 4.283827836331482e-21Layer conv1.att_dst grad: 4.283827836331482e-21



Layer conv1.bias grad: 2.792489004789511e-13Layer conv1.bias grad: 2.792489004789511e-13
Layer conv1.bias grad: 2.792489004789511e-13
Layer conv1.bias grad: 2.792489004789511e-13

Layer conv1.lin.weight grad: 1.9222956017771187e-13
Layer conv1.lin.weight grad: 1.9222956017771187e-13Layer conv1.lin.weight grad: 1.9222956017771187e-13

Layer conv1.lin.weight grad: 1.9222956017771187e-13
Layer conv2.att_src grad: 2.4848074239328202e-20
Layer conv2.att_src grad: 2.4848074239328202e-20Layer conv2.att_src grad: 2.4848074239328202e-20
Layer conv2.att_src grad: 2.4848074239328202e-20

Layer conv2.att_dst grad: 7.42084407036635e-21
Layer conv2.att_dst grad: 7.42084407036635e-21Layer conv2.att_dst grad: 7.42084407036635e-21Layer conv2.att_dst grad: 7.42084407036635e-21


Layer conv2.bias grad: 6.597944413044843e-12
Layer conv2.bias grad: 6.597944413044843e-12Layer conv2.bias grad: 6.597944413044843e-12
Layer conv2.bias grad: 6.597944413044843e-12

Layer conv2.lin.weight grad: 1.2130707815203104e-14
Layer conv2.lin.weight grad: 1.2130707815203104e-14
Layer conv2.lin.weight grad: 1.2130707815203104e-14Layer conv2.lin.weight grad: 1.2130707815203104e-14

Layer conv3.att_src grad: 5.458556590431304e-19
Layer conv3.att_src grad: 5.458556590431304e-19
Layer conv3.att_src grad: 5.458556590431304e-19Layer conv3.att_dst grad: 3.816803407318147e-19Layer conv3.att_src grad: 5.458556590431304e-19


Layer conv3.att_dst grad: 3.816803407318147e-19
Layer conv3.att_dst grad: 3.816803407318147e-19Layer conv3.bias grad: 2.949170352373187e-10
Layer conv3.att_dst grad: 3.816803407318147e-19

Layer conv3.bias grad: 2.949170352373187e-10
Layer conv3.bias grad: 2.949170352373187e-10
Layer conv3.bias grad: 2.949170352373187e-10
Layer conv3.lin.weight grad: 2.8763336113943327e-13
Layer conv3.lin.weight grad: 2.8763336113943327e-13
Layer conv3.lin.weight grad: 2.8763336113943327e-13
Layer conv3.lin.weight grad: 2.8763336113943327e-13
Layer conv4.att_src grad: 9.413538709618844e-18
Layer conv4.att_src grad: 9.413538709618844e-18
Layer conv4.att_src grad: 9.413538709618844e-18
Layer conv4.att_src grad: 9.413538709618844e-18Layer conv4.att_dst grad: 4.15944545017901e-18

Layer conv4.att_dst grad: 4.15944545017901e-18
Layer conv4.att_dst grad: 4.15944545017901e-18
Layer conv4.att_dst grad: 4.15944545017901e-18Layer conv4.bias grad: 1.5119690388587514e-08

Layer conv4.bias grad: 1.5119690388587514e-08
Layer conv4.bias grad: 1.5119690388587514e-08
Layer conv4.bias grad: 1.5119690388587514e-08
Layer conv4.lin.weight grad: 1.3390693068271453e-11
Layer conv4.lin.weight grad: 1.3390693068271453e-11
Layer conv4.lin.weight grad: 1.3390693068271453e-11
Layer conv4.lin.weight grad: 1.3390693068271453e-11
Layer fc.weight grad: 3.6339669051699275e-09
Layer fc.weight grad: 3.6339669051699275e-09
Layer fc.weight grad: 3.6339669051699275e-09
Layer fc.weight grad: 3.6339669051699275e-09Layer fc.bias grad: 4.170116426394088e-06

Layer fc.bias grad: 4.170116426394088e-06
Layer fc.bias grad: 4.170116426394088e-06
Layer fc.bias grad: 4.170116426394088e-06
Layer conv1.att_src grad: 5.328121581565114e-19Layer conv1.att_src grad: 5.328121581565114e-19Layer conv1.att_src grad: 5.328121581565114e-19Layer conv1.att_src grad: 5.328121581565114e-19



Layer conv1.att_dst grad: 3.444981876878182e-21Layer conv1.att_dst grad: 3.444981876878182e-21Layer conv1.att_dst grad: 3.444981876878182e-21Layer conv1.att_dst grad: 3.444981876878182e-21



Layer conv1.bias grad: 4.2340165661708395e-13Layer conv1.bias grad: 4.2340165661708395e-13
Layer conv1.bias grad: 4.2340165661708395e-13
Layer conv1.bias grad: 4.2340165661708395e-13

Layer conv1.lin.weight grad: 2.583901246178827e-13
Layer conv1.lin.weight grad: 2.583901246178827e-13
Layer conv1.lin.weight grad: 2.583901246178827e-13
Layer conv1.lin.weight grad: 2.583901246178827e-13
Layer conv2.att_src grad: 3.1435907043175305e-20
Layer conv2.att_src grad: 3.1435907043175305e-20
Layer conv2.att_src grad: 3.1435907043175305e-20
Layer conv2.att_src grad: 3.1435907043175305e-20
Layer conv2.att_dst grad: 5.691364101986039e-21
Layer conv2.att_dst grad: 5.691364101986039e-21
Layer conv2.att_dst grad: 5.691364101986039e-21
Layer conv2.att_dst grad: 5.691364101986039e-21
Layer conv2.bias grad: 1.1314031309050954e-11
Layer conv2.bias grad: 1.1314031309050954e-11
Layer conv2.bias grad: 1.1314031309050954e-11
Layer conv2.bias grad: 1.1314031309050954e-11
Layer conv2.lin.weight grad: 1.819606680500234e-14
Layer conv2.lin.weight grad: 1.819606680500234e-14
Layer conv2.lin.weight grad: 1.819606680500234e-14
Layer conv2.lin.weight grad: 1.819606680500234e-14
Layer conv3.att_src grad: 9.112504937243952e-19
Layer conv3.att_src grad: 9.112504937243952e-19
Layer conv3.att_src grad: 9.112504937243952e-19
Layer conv3.att_src grad: 9.112504937243952e-19
Layer conv3.att_dst grad: 6.63794140202752e-19
Layer conv3.att_dst grad: 6.63794140202752e-19Layer conv3.att_dst grad: 6.63794140202752e-19Layer conv3.att_dst grad: 6.63794140202752e-19


Layer conv3.bias grad: 4.410367349105826e-10
Layer conv3.bias grad: 4.410367349105826e-10Layer conv3.bias grad: 4.410367349105826e-10Layer conv3.bias grad: 4.410367349105826e-10


Layer conv3.lin.weight grad: 4.4567241607243457e-13
Layer conv3.lin.weight grad: 4.4567241607243457e-13Layer conv3.lin.weight grad: 4.4567241607243457e-13
Layer conv3.lin.weight grad: 4.4567241607243457e-13
Layer conv4.att_src grad: 1.1984134812025386e-17

Layer conv4.att_src grad: 1.1984134812025386e-17
Layer conv4.att_src grad: 1.1984134812025386e-17Layer conv4.att_dst grad: 3.60252211453992e-18
Layer conv4.att_src grad: 1.1984134812025386e-17

Layer conv4.att_dst grad: 3.60252211453992e-18
Layer conv4.att_dst grad: 3.60252211453992e-18
Layer conv4.bias grad: 2.112212271754288e-08Layer conv4.att_dst grad: 3.60252211453992e-18

Layer conv4.bias grad: 2.112212271754288e-08
Layer conv4.bias grad: 2.112212271754288e-08
Layer conv4.bias grad: 2.112212271754288e-08
Layer conv4.lin.weight grad: 1.9399183648349805e-11
Layer conv4.lin.weight grad: 1.9399183648349805e-11
Layer conv4.lin.weight grad: 1.9399183648349805e-11
Layer conv4.lin.weight grad: 1.9399183648349805e-11Layer fc.weight grad: 5.1409818624392756e-09

Layer fc.weight grad: 5.1409818624392756e-09
Layer fc.weight grad: 5.1409818624392756e-09
Layer fc.bias grad: 5.471385520650074e-06
Layer fc.weight grad: 5.1409818624392756e-09
Layer fc.bias grad: 5.471385520650074e-06
Layer fc.bias grad: 5.471385520650074e-06
Layer fc.bias grad: 5.471385520650074e-06
Layer conv1.att_src grad: 6.320210472000362e-20Layer conv1.att_src grad: 6.320210472000362e-20Layer conv1.att_src grad: 6.320210472000362e-20Layer conv1.att_src grad: 6.320210472000362e-20



Layer conv1.att_dst grad: 1.7950879521457318e-21Layer conv1.att_dst grad: 1.7950879521457318e-21Layer conv1.att_dst grad: 1.7950879521457318e-21

Layer conv1.att_dst grad: 1.7950879521457318e-21

Layer conv1.bias grad: 6.233030855774119e-14Layer conv1.bias grad: 6.233030855774119e-14

Layer conv1.bias grad: 6.233030855774119e-14Layer conv1.bias grad: 6.233030855774119e-14

Layer conv1.lin.weight grad: 4.367047766158996e-14Layer conv1.lin.weight grad: 4.367047766158996e-14
Layer conv1.lin.weight grad: 4.367047766158996e-14
Layer conv1.lin.weight grad: 4.367047766158996e-14

Layer conv2.att_src grad: 2.331985321087508e-21
Layer conv2.att_src grad: 2.331985321087508e-21Layer conv2.att_src grad: 2.331985321087508e-21
Layer conv2.att_src grad: 2.331985321087508e-21

Layer conv2.att_dst grad: 7.521406291515496e-22
Layer conv2.att_dst grad: 7.521406291515496e-22
Layer conv2.att_dst grad: 7.521406291515496e-22Layer conv2.att_dst grad: 7.521406291515496e-22

Layer conv2.bias grad: 2.4272376643319493e-12
Layer conv2.bias grad: 2.4272376643319493e-12
Layer conv2.bias grad: 2.4272376643319493e-12Layer conv2.bias grad: 2.4272376643319493e-12

Layer conv2.lin.weight grad: 3.019607447182879e-15
Layer conv2.lin.weight grad: 3.019607447182879e-15
Layer conv2.lin.weight grad: 3.019607447182879e-15Layer conv2.lin.weight grad: 3.019607447182879e-15

Layer conv3.att_src grad: 7.039789104027019e-20
Layer conv3.att_src grad: 7.039789104027019e-20
Layer conv3.att_src grad: 7.039789104027019e-20
Layer conv3.att_dst grad: 4.3867229653019695e-20
Layer conv3.att_dst grad: 4.3867229653019695e-20
Layer conv3.att_dst grad: 4.3867229653019695e-20
Layer conv3.bias grad: 1.627353252153796e-10
Layer conv3.bias grad: 1.627353252153796e-10
Layer conv3.bias grad: 1.627353252153796e-10
Layer conv3.att_src grad: 7.039789104027019e-20
Layer conv3.lin.weight grad: 1.0915181654575293e-13
Layer conv3.lin.weight grad: 1.0915181654575293e-13
Layer conv3.lin.weight grad: 1.0915181654575293e-13
Layer conv3.att_dst grad: 4.3867229653019695e-20
Layer conv4.att_src grad: 1.3818120375098863e-18
Layer conv4.att_src grad: 1.3818120375098863e-18
Layer conv4.att_src grad: 1.3818120375098863e-18Layer conv3.bias grad: 1.627353252153796e-10

Layer conv4.att_dst grad: 5.505544585127379e-19
Layer conv4.att_dst grad: 5.505544585127379e-19
Layer conv4.att_dst grad: 5.505544585127379e-19
Layer conv3.lin.weight grad: 1.0915181654575293e-13
Layer conv4.bias grad: 1.0866017419175478e-08
Layer conv4.bias grad: 1.0866017419175478e-08
Layer conv4.bias grad: 1.0866017419175478e-08
Layer conv4.att_src grad: 1.3818120375098863e-18
Layer conv4.lin.weight grad: 6.614242140101645e-12
Layer conv4.lin.weight grad: 6.614242140101645e-12Layer conv4.lin.weight grad: 6.614242140101645e-12

Layer conv4.att_dst grad: 5.505544585127379e-19
Layer fc.weight grad: 2.6716087120348675e-09
Layer fc.weight grad: 2.6716087120348675e-09Layer fc.weight grad: 2.6716087120348675e-09

Layer conv4.bias grad: 1.0866017419175478e-08
Layer fc.bias grad: 4.0491186155122705e-06
Layer fc.bias grad: 4.0491186155122705e-06Layer fc.bias grad: 4.0491186155122705e-06

Layer conv4.lin.weight grad: 6.614242140101645e-12
Layer fc.weight grad: 2.6716087120348675e-09
Layer fc.bias grad: 4.0491186155122705e-06
Layer conv1.att_src grad: 1.9516488214927492e-23
Layer conv1.att_src grad: 1.9516488214927492e-23
Layer conv1.att_src grad: 1.9516488214927492e-23
Layer conv1.att_dst grad: 2.8596562801669027e-24
Layer conv1.att_dst grad: 2.8596562801669027e-24
Layer conv1.att_src grad: 1.9516488214927492e-23
Layer conv1.att_dst grad: 2.8596562801669027e-24
Layer conv1.bias grad: 7.46339470429722e-16
Layer conv1.bias grad: 7.46339470429722e-16
Layer conv1.att_dst grad: 2.8596562801669027e-24
Layer conv1.bias grad: 7.46339470429722e-16
Layer conv1.lin.weight grad: 4.333517966941935e-16
Layer conv1.lin.weight grad: 4.333517966941935e-16
Layer conv1.bias grad: 7.46339470429722e-16
Layer conv1.lin.weight grad: 4.333517966941935e-16
Layer conv2.att_src grad: 2.2297387679153136e-25
Layer conv2.att_src grad: 2.2297387679153136e-25
Layer conv1.lin.weight grad: 4.333517966941935e-16
Layer conv2.att_src grad: 2.2297387679153136e-25Layer conv2.att_dst grad: 5.444904089705249e-26

Layer conv2.att_dst grad: 5.444904089705249e-26
Layer conv2.att_src grad: 2.2297387679153136e-25
Layer conv2.att_dst grad: 5.444904089705249e-26Layer conv2.bias grad: 1.4579890029661757e-13

Layer conv2.bias grad: 1.4579890029661757e-13Layer conv2.att_dst grad: 5.444904089705249e-26

Layer conv2.bias grad: 1.4579890029661757e-13
Layer conv2.lin.weight grad: 3.494946283260664e-17
Layer conv2.bias grad: 1.4579890029661757e-13
Layer conv2.lin.weight grad: 3.494946283260664e-17Layer conv3.att_src grad: 2.6069095059829788e-23Layer conv2.lin.weight grad: 3.494946283260664e-17


Layer conv2.lin.weight grad: 3.494946283260664e-17
Layer conv3.att_dst grad: 5.764977351554334e-24
Layer conv3.att_src grad: 2.6069095059829788e-23
Layer conv3.att_src grad: 2.6069095059829788e-23
Layer conv3.bias grad: 3.545400084625783e-11Layer conv3.att_src grad: 2.6069095059829788e-23
Layer conv3.att_dst grad: 5.764977351554334e-24

Layer conv3.att_dst grad: 5.764977351554334e-24
Layer conv3.bias grad: 3.545400084625783e-11Layer conv3.att_dst grad: 5.764977351554334e-24Layer conv3.lin.weight grad: 4.60455326347026e-15


Layer conv3.bias grad: 3.545400084625783e-11
Layer conv3.bias grad: 3.545400084625783e-11Layer conv4.att_src grad: 2.9585435350440992e-21
Layer conv3.lin.weight grad: 4.60455326347026e-15

Layer conv3.lin.weight grad: 4.60455326347026e-15
Layer conv4.att_dst grad: 1.160201588462316e-21
Layer conv4.att_src grad: 2.9585435350440992e-21Layer conv3.lin.weight grad: 4.60455326347026e-15

Layer conv4.att_src grad: 2.9585435350440992e-21
Layer conv4.bias grad: 1.207914568368551e-08
Layer conv4.att_dst grad: 1.160201588462316e-21
Layer conv4.att_src grad: 2.9585435350440992e-21
Layer conv4.att_dst grad: 1.160201588462316e-21Layer conv4.lin.weight grad: 1.3672728314123583e-12

Layer conv4.bias grad: 1.207914568368551e-08
Layer conv4.att_dst grad: 1.160201588462316e-21
Layer fc.weight grad: 3.462736097858965e-09Layer conv4.bias grad: 1.207914568368551e-08

Layer conv4.lin.weight grad: 1.3672728314123583e-12
Layer conv4.bias grad: 1.207914568368551e-08
Layer fc.bias grad: 1.8395747247268446e-05
Layer fc.weight grad: 3.462736097858965e-09Layer conv4.lin.weight grad: 1.3672728314123583e-12Layer conv4.lin.weight grad: 1.3672728314123583e-12


Layer fc.bias grad: 1.8395747247268446e-05
Layer fc.weight grad: 3.462736097858965e-09Layer fc.weight grad: 3.462736097858965e-09

Layer fc.bias grad: 1.8395747247268446e-05
Layer fc.bias grad: 1.8395747247268446e-05
Precision: 0.0000, Recall: 0.0003, F1-Score: 0.0000
Fold 5, Epoch 2, Train Loss: 0.0011, Val Loss: 0.0011, Val Acc: 0.0003
Layer conv1.att_src grad: 2.217086379712198e-21Layer conv1.att_src grad: 2.217086379712198e-21Layer conv1.att_src grad: 2.217086379712198e-21Layer conv1.att_src grad: 2.217086379712198e-21



Layer conv1.att_dst grad: 1.9684656951613783e-22
Layer conv1.att_dst grad: 1.9684656951613783e-22Layer conv1.att_dst grad: 1.9684656951613783e-22Layer conv1.att_dst grad: 1.9684656951613783e-22


Layer conv1.bias grad: 8.810417436030341e-15
Layer conv1.bias grad: 8.810417436030341e-15Layer conv1.bias grad: 8.810417436030341e-15
Layer conv1.bias grad: 8.810417436030341e-15

Layer conv1.lin.weight grad: 5.085651883884705e-15
Layer conv1.lin.weight grad: 5.085651883884705e-15
Layer conv1.lin.weight grad: 5.085651883884705e-15Layer conv1.lin.weight grad: 5.085651883884705e-15

Layer conv2.att_src grad: 2.735019254813423e-23
Layer conv2.att_src grad: 2.735019254813423e-23
Layer conv2.att_src grad: 2.735019254813423e-23Layer conv2.att_src grad: 2.735019254813423e-23

Layer conv2.att_dst grad: 7.013058644392559e-24
Layer conv2.att_dst grad: 7.013058644392559e-24
Layer conv2.att_dst grad: 7.013058644392559e-24
Layer conv2.att_dst grad: 7.013058644392559e-24
Layer conv2.bias grad: 6.015262073166827e-13
Layer conv2.bias grad: 6.015262073166827e-13
Layer conv2.bias grad: 6.015262073166827e-13
Layer conv2.bias grad: 6.015262073166827e-13
Layer conv2.lin.weight grad: 3.36374571046575e-16
Layer conv2.lin.weight grad: 3.36374571046575e-16
Layer conv2.lin.weight grad: 3.36374571046575e-16
Layer conv2.lin.weight grad: 3.36374571046575e-16
Layer conv3.att_src grad: 2.126590276149161e-21
Layer conv3.att_src grad: 2.126590276149161e-21
Layer conv3.att_src grad: 2.126590276149161e-21
Layer conv3.att_src grad: 2.126590276149161e-21
Layer conv3.att_dst grad: 2.9415194370819994e-22
Layer conv3.att_dst grad: 2.9415194370819994e-22
Layer conv3.att_dst grad: 2.9415194370819994e-22
Layer conv3.att_dst grad: 2.9415194370819994e-22
Layer conv3.bias grad: 7.158030418397132e-11
Layer conv3.bias grad: 7.158030418397132e-11
Layer conv3.bias grad: 7.158030418397132e-11
Layer conv3.bias grad: 7.158030418397132e-11
Layer conv3.lin.weight grad: 2.8612569670342924e-14
Layer conv3.lin.weight grad: 2.8612569670342924e-14
Layer conv3.lin.weight grad: 2.8612569670342924e-14
Layer conv3.lin.weight grad: 2.8612569670342924e-14
Layer conv4.att_src grad: 1.5833573337942106e-19
Layer conv4.att_src grad: 1.5833573337942106e-19
Layer conv4.att_src grad: 1.5833573337942106e-19
Layer conv4.att_src grad: 1.5833573337942106e-19
Layer conv4.att_dst grad: 7.620659240851337e-20
Layer conv4.att_dst grad: 7.620659240851337e-20
Layer conv4.att_dst grad: 7.620659240851337e-20
Layer conv4.att_dst grad: 7.620659240851337e-20
Layer conv4.bias grad: 8.02422039924977e-09
Layer conv4.bias grad: 8.02422039924977e-09
Layer conv4.bias grad: 8.02422039924977e-09
Layer conv4.bias grad: 8.02422039924977e-09
Layer conv4.lin.weight grad: 3.4707020243884834e-12Layer conv4.lin.weight grad: 3.4707020243884834e-12

Layer conv4.lin.weight grad: 3.4707020243884834e-12
Layer conv4.lin.weight grad: 3.4707020243884834e-12
Layer fc.weight grad: 2.0612160867017337e-09Layer fc.weight grad: 2.0612160867017337e-09

Layer fc.weight grad: 2.0612160867017337e-09
Layer fc.weight grad: 2.0612160867017337e-09
Layer fc.bias grad: 5.260312263999367e-06Layer fc.bias grad: 5.260312263999367e-06

Layer fc.bias grad: 5.260312263999367e-06
Layer fc.bias grad: 5.260312263999367e-06
Layer conv1.att_src grad: 8.744682663506968e-20Layer conv1.att_src grad: 8.744682663506968e-20Layer conv1.att_src grad: 8.744682663506968e-20
Layer conv1.att_src grad: 8.744682663506968e-20


Layer conv1.att_dst grad: 3.721841408942311e-21Layer conv1.att_dst grad: 3.721841408942311e-21Layer conv1.att_dst grad: 3.721841408942311e-21

Layer conv1.att_dst grad: 3.721841408942311e-21

Layer conv1.bias grad: 1.321068905310585e-13
Layer conv1.bias grad: 1.321068905310585e-13
Layer conv1.bias grad: 1.321068905310585e-13
Layer conv1.bias grad: 1.321068905310585e-13
Layer conv1.lin.weight grad: 7.920964231744598e-14
Layer conv1.lin.weight grad: 7.920964231744598e-14
Layer conv1.lin.weight grad: 7.920964231744598e-14
Layer conv1.lin.weight grad: 7.920964231744598e-14
Layer conv2.att_src grad: 2.506843951659759e-21
Layer conv2.att_src grad: 2.506843951659759e-21
Layer conv2.att_src grad: 2.506843951659759e-21
Layer conv2.att_src grad: 2.506843951659759e-21
Layer conv2.att_dst grad: 4.990313891588947e-22
Layer conv2.att_dst grad: 4.990313891588947e-22
Layer conv2.att_dst grad: 4.990313891588947e-22
Layer conv2.att_dst grad: 4.990313891588947e-22
Layer conv2.bias grad: 5.0076704935508864e-12
Layer conv2.bias grad: 5.0076704935508864e-12
Layer conv2.bias grad: 5.0076704935508864e-12
Layer conv2.bias grad: 5.0076704935508864e-12
Layer conv2.lin.weight grad: 4.847521276258367e-15
Layer conv2.lin.weight grad: 4.847521276258367e-15
Layer conv2.lin.weight grad: 4.847521276258367e-15
Layer conv2.lin.weight grad: 4.847521276258367e-15
Layer conv3.att_src grad: 9.935045325054499e-20Layer conv3.att_src grad: 9.935045325054499e-20

Layer conv3.att_src grad: 9.935045325054499e-20
Layer conv3.att_src grad: 9.935045325054499e-20
Layer conv3.att_dst grad: 2.5547688091789067e-20Layer conv3.att_dst grad: 2.5547688091789067e-20
Layer conv3.att_dst grad: 2.5547688091789067e-20

Layer conv3.att_dst grad: 2.5547688091789067e-20
Layer conv3.bias grad: 3.195552711332539e-10
Layer conv3.bias grad: 3.195552711332539e-10Layer conv3.bias grad: 3.195552711332539e-10

Layer conv3.bias grad: 3.195552711332539e-10
Layer conv3.lin.weight grad: 2.2938571072987635e-13
Layer conv3.lin.weight grad: 2.2938571072987635e-13Layer conv3.lin.weight grad: 2.2938571072987635e-13Layer conv3.lin.weight grad: 2.2938571072987635e-13


Layer conv4.att_src grad: 3.4165834933665753e-18
Layer conv4.att_src grad: 3.4165834933665753e-18Layer conv4.att_src grad: 3.4165834933665753e-18
Layer conv4.att_src grad: 3.4165834933665753e-18

Layer conv4.att_dst grad: 1.3833996039005287e-18
Layer conv4.att_dst grad: 1.3833996039005287e-18
Layer conv4.att_dst grad: 1.3833996039005287e-18Layer conv4.att_dst grad: 1.3833996039005287e-18

Layer conv4.bias grad: 1.7855413148026855e-08
Layer conv4.bias grad: 1.7855413148026855e-08
Layer conv4.bias grad: 1.7855413148026855e-08Layer conv4.bias grad: 1.7855413148026855e-08

Layer conv4.lin.weight grad: 1.4009941644299584e-11
Layer conv4.lin.weight grad: 1.4009941644299584e-11
Layer conv4.lin.weight grad: 1.4009941644299584e-11Layer conv4.lin.weight grad: 1.4009941644299584e-11

Layer fc.weight grad: 4.279003817941884e-09
Layer fc.weight grad: 4.279003817941884e-09
Layer fc.weight grad: 4.279003817941884e-09Layer fc.weight grad: 4.279003817941884e-09

Layer fc.bias grad: 5.4513084251084365e-06
Layer fc.bias grad: 5.4513084251084365e-06
Layer fc.bias grad: 5.4513084251084365e-06Layer fc.bias grad: 5.4513084251084365e-06

Layer conv1.att_src grad: 2.2580226434986524e-19Layer conv1.att_src grad: 2.2580226434986524e-19Layer conv1.att_src grad: 2.2580226434986524e-19Layer conv1.att_src grad: 2.2580226434986524e-19



Layer conv1.att_dst grad: 2.3076594256124868e-21Layer conv1.att_dst grad: 2.3076594256124868e-21Layer conv1.att_dst grad: 2.3076594256124868e-21

Layer conv1.att_dst grad: 2.3076594256124868e-21

Layer conv1.bias grad: 1.3885905771580942e-13Layer conv1.bias grad: 1.3885905771580942e-13

Layer conv1.bias grad: 1.3885905771580942e-13Layer conv1.bias grad: 1.3885905771580942e-13

Layer conv1.lin.weight grad: 7.61559733461134e-14Layer conv1.lin.weight grad: 7.61559733461134e-14

Layer conv1.lin.weight grad: 7.61559733461134e-14Layer conv1.lin.weight grad: 7.61559733461134e-14

Layer conv2.att_src grad: 3.236802569462963e-21Layer conv2.att_src grad: 3.236802569462963e-21
Layer conv2.att_src grad: 3.236802569462963e-21Layer conv2.att_src grad: 3.236802569462963e-21


Layer conv2.att_dst grad: 9.615566685177639e-22
Layer conv2.att_dst grad: 9.615566685177639e-22Layer conv2.att_dst grad: 9.615566685177639e-22Layer conv2.att_dst grad: 9.615566685177639e-22


Layer conv2.bias grad: 4.71391849166114e-12
Layer conv2.bias grad: 4.71391849166114e-12Layer conv2.bias grad: 4.71391849166114e-12
Layer conv2.bias grad: 4.71391849166114e-12

Layer conv2.lin.weight grad: 5.1144120405757776e-15
Layer conv2.lin.weight grad: 5.1144120405757776e-15
Layer conv2.lin.weight grad: 5.1144120405757776e-15Layer conv2.lin.weight grad: 5.1144120405757776e-15

Layer conv3.att_src grad: 1.1825754023151975e-19
Layer conv3.att_src grad: 1.1825754023151975e-19
Layer conv3.att_src grad: 1.1825754023151975e-19Layer conv3.att_src grad: 1.1825754023151975e-19

Layer conv3.att_dst grad: 3.587438372672439e-20
Layer conv3.att_dst grad: 3.587438372672439e-20
Layer conv3.att_dst grad: 3.587438372672439e-20Layer conv3.att_dst grad: 3.587438372672439e-20

Layer conv3.bias grad: 2.818045241603784e-10
Layer conv3.bias grad: 2.818045241603784e-10
Layer conv3.bias grad: 2.818045241603784e-10Layer conv3.bias grad: 2.818045241603784e-10

Layer conv3.lin.weight grad: 2.103613100769633e-13
Layer conv3.lin.weight grad: 2.103613100769633e-13
Layer conv3.lin.weight grad: 2.103613100769633e-13Layer conv3.lin.weight grad: 2.103613100769633e-13
Layer conv4.att_src grad: 4.113398787020021e-18

Layer conv4.att_src grad: 4.113398787020021e-18
Layer conv4.att_src grad: 4.113398787020021e-18Layer conv4.att_dst grad: 8.878890520695195e-19
Layer conv4.att_src grad: 4.113398787020021e-18

Layer conv4.att_dst grad: 8.878890520695195e-19
Layer conv4.att_dst grad: 8.878890520695195e-19
Layer conv4.bias grad: 1.6923896950515882e-08Layer conv4.att_dst grad: 8.878890520695195e-19

Layer conv4.bias grad: 1.6923896950515882e-08
Layer conv4.bias grad: 1.6923896950515882e-08
Layer conv4.bias grad: 1.6923896950515882e-08
Layer conv4.lin.weight grad: 1.3895135909935963e-11
Layer conv4.lin.weight grad: 1.3895135909935963e-11
Layer conv4.lin.weight grad: 1.3895135909935963e-11
Layer conv4.lin.weight grad: 1.3895135909935963e-11Layer fc.weight grad: 3.830580741492895e-09

Layer fc.weight grad: 3.830580741492895e-09
Layer fc.weight grad: 3.830580741492895e-09
Layer fc.bias grad: 4.43911903857952e-06Layer fc.weight grad: 3.830580741492895e-09
Layer fc.bias grad: 4.43911903857952e-06

Layer fc.bias grad: 4.43911903857952e-06
Layer fc.bias grad: 4.43911903857952e-06
Layer conv1.att_src grad: 3.295442970206367e-20Layer conv1.att_src grad: 3.295442970206367e-20Layer conv1.att_src grad: 3.295442970206367e-20
Layer conv1.att_src grad: 3.295442970206367e-20


Layer conv1.att_dst grad: 6.931467076509912e-22Layer conv1.att_dst grad: 6.931467076509912e-22

Layer conv1.att_dst grad: 6.931467076509912e-22Layer conv1.att_dst grad: 6.931467076509912e-22

Layer conv1.bias grad: 3.6700345182587996e-14Layer conv1.bias grad: 3.6700345182587996e-14

Layer conv1.bias grad: 3.6700345182587996e-14Layer conv1.bias grad: 3.6700345182587996e-14

Layer conv1.lin.weight grad: 2.4418270885644654e-14Layer conv1.lin.weight grad: 2.4418270885644654e-14

Layer conv1.lin.weight grad: 2.4418270885644654e-14Layer conv1.lin.weight grad: 2.4418270885644654e-14

Layer conv2.att_src grad: 3.6808355860518073e-22Layer conv2.att_src grad: 3.6808355860518073e-22

Layer conv2.att_src grad: 3.6808355860518073e-22Layer conv2.att_src grad: 3.6808355860518073e-22

Layer conv2.att_dst grad: 1.109924643073322e-22Layer conv2.att_dst grad: 1.109924643073322e-22

Layer conv2.att_dst grad: 1.109924643073322e-22Layer conv2.att_dst grad: 1.109924643073322e-22

Layer conv2.bias grad: 1.8146486917280935e-12Layer conv2.bias grad: 1.8146486917280935e-12

Layer conv2.bias grad: 1.8146486917280935e-12Layer conv2.bias grad: 1.8146486917280935e-12

Layer conv2.lin.weight grad: 1.5088602347673166e-15Layer conv2.lin.weight grad: 1.5088602347673166e-15

Layer conv2.lin.weight grad: 1.5088602347673166e-15Layer conv2.lin.weight grad: 1.5088602347673166e-15

Layer conv3.att_src grad: 1.59063293658124e-20Layer conv3.att_src grad: 1.59063293658124e-20

Layer conv3.att_src grad: 1.59063293658124e-20
Layer conv3.att_src grad: 1.59063293658124e-20
Layer conv3.att_dst grad: 4.636226972118245e-21Layer conv3.att_dst grad: 4.636226972118245e-21

Layer conv3.att_dst grad: 4.636226972118245e-21
Layer conv3.att_dst grad: 4.636226972118245e-21
Layer conv3.bias grad: 1.5627463212375403e-10Layer conv3.bias grad: 1.5627463212375403e-10
Layer conv3.bias grad: 1.5627463212375403e-10

Layer conv3.bias grad: 1.5627463212375403e-10
Layer conv3.lin.weight grad: 8.059897963885038e-14Layer conv3.lin.weight grad: 8.059897963885038e-14
Layer conv3.lin.weight grad: 8.059897963885038e-14
Layer conv3.lin.weight grad: 8.059897963885038e-14

Layer conv4.att_src grad: 7.686340612662315e-19Layer conv4.att_src grad: 7.686340612662315e-19

Layer conv4.att_src grad: 7.686340612662315e-19Layer conv4.att_src grad: 7.686340612662315e-19

Layer conv4.att_dst grad: 1.23544749459988e-19Layer conv4.att_dst grad: 1.23544749459988e-19

Layer conv4.att_dst grad: 1.23544749459988e-19Layer conv4.att_dst grad: 1.23544749459988e-19

Layer conv4.bias grad: 1.2304649743555274e-08Layer conv4.bias grad: 1.2304649743555274e-08

Layer conv4.bias grad: 1.2304649743555274e-08Layer conv4.bias grad: 1.2304649743555274e-08

Layer conv4.lin.weight grad: 6.9501817495654095e-12Layer conv4.lin.weight grad: 6.9501817495654095e-12

Layer conv4.lin.weight grad: 6.9501817495654095e-12Layer conv4.lin.weight grad: 6.9501817495654095e-12

Layer fc.weight grad: 2.659011011374446e-09Layer fc.weight grad: 2.659011011374446e-09

Layer fc.weight grad: 2.659011011374446e-09Layer fc.weight grad: 2.659011011374446e-09

Layer fc.bias grad: 4.1360458453709725e-06Layer fc.bias grad: 4.1360458453709725e-06

Layer fc.bias grad: 4.1360458453709725e-06Layer fc.bias grad: 4.1360458453709725e-06

Layer conv1.att_src grad: 1.27724011625009e-23Layer conv1.att_src grad: 1.27724011625009e-23Layer conv1.att_src grad: 1.27724011625009e-23Layer conv1.att_src grad: 1.27724011625009e-23



Layer conv1.att_dst grad: 3.022270686662578e-24Layer conv1.att_dst grad: 3.022270686662578e-24Layer conv1.att_dst grad: 3.022270686662578e-24

Layer conv1.att_dst grad: 3.022270686662578e-24

Layer conv1.bias grad: 3.200673868669168e-16Layer conv1.bias grad: 3.200673868669168e-16

Layer conv1.bias grad: 3.200673868669168e-16Layer conv1.bias grad: 3.200673868669168e-16

Layer conv1.lin.weight grad: 1.5983027317721936e-16
Layer conv1.lin.weight grad: 1.5983027317721936e-16
Layer conv1.lin.weight grad: 1.5983027317721936e-16Layer conv1.lin.weight grad: 1.5983027317721936e-16

Layer conv2.att_src grad: 1.3479560877755722e-25
Layer conv2.att_src grad: 1.3479560877755722e-25
Layer conv2.att_src grad: 1.3479560877755722e-25Layer conv2.att_src grad: 1.3479560877755722e-25

Layer conv2.att_dst grad: 4.759024661577765e-26
Layer conv2.att_dst grad: 4.759024661577765e-26
Layer conv2.att_dst grad: 4.759024661577765e-26Layer conv2.att_dst grad: 4.759024661577765e-26

Layer conv2.bias grad: 4.363080602647236e-14
Layer conv2.bias grad: 4.363080602647236e-14
Layer conv2.bias grad: 4.363080602647236e-14Layer conv2.bias grad: 4.363080602647236e-14

Layer conv2.lin.weight grad: 1.1964989716747846e-17
Layer conv2.lin.weight grad: 1.1964989716747846e-17
Layer conv2.lin.weight grad: 1.1964989716747846e-17Layer conv2.lin.weight grad: 1.1964989716747846e-17

Layer conv3.att_src grad: 9.258548055660548e-24
Layer conv3.att_src grad: 9.258548055660548e-24
Layer conv3.att_src grad: 9.258548055660548e-24Layer conv3.att_src grad: 9.258548055660548e-24

Layer conv3.att_dst grad: 1.684648750701111e-24
Layer conv3.att_dst grad: 1.684648750701111e-24
Layer conv3.att_dst grad: 1.684648750701111e-24Layer conv3.att_dst grad: 1.684648750701111e-24

Layer conv3.bias grad: 1.0906527417309242e-11
Layer conv3.bias grad: 1.0906527417309242e-11
Layer conv3.bias grad: 1.0906527417309242e-11Layer conv3.bias grad: 1.0906527417309242e-11

Layer conv3.lin.weight grad: 1.4026786197192409e-15
Layer conv3.lin.weight grad: 1.4026786197192409e-15
Layer conv3.lin.weight grad: 1.4026786197192409e-15Layer conv3.lin.weight grad: 1.4026786197192409e-15

Layer conv4.att_src grad: 2.1334203727060838e-21
Layer conv4.att_src grad: 2.1334203727060838e-21
Layer conv4.att_src grad: 2.1334203727060838e-21
Layer conv4.att_src grad: 2.1334203727060838e-21Layer conv4.att_dst grad: 1.0472718458548292e-21

Layer conv4.att_dst grad: 1.0472718458548292e-21
Layer conv4.att_dst grad: 1.0472718458548292e-21
Layer conv4.att_dst grad: 1.0472718458548292e-21Layer conv4.bias grad: 2.864164461158225e-09
Layer conv4.bias grad: 2.864164461158225e-09

Layer conv4.bias grad: 2.864164461158225e-09
Layer conv4.bias grad: 2.864164461158225e-09
Layer conv4.lin.weight grad: 4.121261708636692e-13
Layer conv4.lin.weight grad: 4.121261708636692e-13
Layer conv4.lin.weight grad: 4.121261708636692e-13
Layer conv4.lin.weight grad: 4.121261708636692e-13
Layer fc.weight grad: 6.524331630508584e-10
Layer fc.weight grad: 6.524331630508584e-10
Layer fc.weight grad: 6.524331630508584e-10
Layer fc.weight grad: 6.524331630508584e-10
Layer fc.bias grad: 2.792852683342062e-06
Layer fc.bias grad: 2.792852683342062e-06
Layer fc.bias grad: 2.792852683342062e-06
Layer fc.bias grad: 2.792852683342062e-06
Layer conv1.att_src grad: 1.0295151043710581e-22Layer conv1.att_src grad: 1.0295151043710581e-22

Layer conv1.att_dst grad: 5.883320844605961e-23Layer conv1.att_dst grad: 5.883320844605961e-23

Layer conv1.bias grad: 4.985534707101615e-15Layer conv1.bias grad: 4.985534707101615e-15

Layer conv1.att_src grad: 1.0295151043710581e-22
Layer conv1.lin.weight grad: 3.0392346828784188e-15Layer conv1.lin.weight grad: 3.0392346828784188e-15

Layer conv1.att_dst grad: 5.883320844605961e-23
Layer conv1.bias grad: 4.985534707101615e-15
Layer conv2.att_src grad: 7.120700292631776e-24Layer conv2.att_src grad: 7.120700292631776e-24

Layer conv1.att_src grad: 1.0295151043710581e-22
Layer conv1.lin.weight grad: 3.0392346828784188e-15
Layer conv2.att_dst grad: 1.0599245563076246e-24Layer conv2.att_dst grad: 1.0599245563076246e-24

Layer conv2.att_src grad: 7.120700292631776e-24Layer conv1.att_dst grad: 5.883320844605961e-23

Layer conv2.att_dst grad: 1.0599245563076246e-24
Layer conv1.bias grad: 4.985534707101615e-15Layer conv2.bias grad: 5.642858142557161e-13Layer conv2.bias grad: 5.642858142557161e-13


Layer conv2.bias grad: 5.642858142557161e-13
Layer conv1.lin.weight grad: 3.0392346828784188e-15
Layer conv2.lin.weight grad: 2.196999383176926e-16
Layer conv2.lin.weight grad: 2.196999383176926e-16Layer conv2.lin.weight grad: 2.196999383176926e-16

Layer conv3.att_src grad: 5.820750417087748e-22
Layer conv2.att_src grad: 7.120700292631776e-24
Layer conv3.att_dst grad: 1.4786073068261383e-22
Layer conv3.att_src grad: 5.820750417087748e-22Layer conv3.att_src grad: 5.820750417087748e-22
Layer conv2.att_dst grad: 1.0599245563076246e-24

Layer conv3.bias grad: 9.832391845154831e-11
Layer conv2.bias grad: 5.642858142557161e-13
Layer conv3.att_dst grad: 1.4786073068261383e-22Layer conv3.lin.weight grad: 2.63034968697555e-14
Layer conv3.att_dst grad: 1.4786073068261383e-22

Layer conv4.att_src grad: 5.0126201617827284e-20
Layer conv2.lin.weight grad: 2.196999383176926e-16
Layer conv3.bias grad: 9.832391845154831e-11
Layer conv3.bias grad: 9.832391845154831e-11
Layer conv4.att_dst grad: 1.7015494556715047e-20
Layer conv3.att_src grad: 5.820750417087748e-22
Layer conv4.bias grad: 1.508572822217502e-08
Layer conv3.lin.weight grad: 2.63034968697555e-14
Layer conv3.lin.weight grad: 2.63034968697555e-14Layer conv3.att_dst grad: 1.4786073068261383e-22

Layer conv4.lin.weight grad: 3.790109719126189e-12
Layer conv3.bias grad: 9.832391845154831e-11Layer fc.weight grad: 2.7074402719762247e-09

Layer conv4.att_src grad: 5.0126201617827284e-20
Layer conv4.att_src grad: 5.0126201617827284e-20
Layer fc.bias grad: 1.6030729966587387e-05
Layer conv3.lin.weight grad: 2.63034968697555e-14
Layer conv4.att_dst grad: 1.7015494556715047e-20
Layer conv4.att_dst grad: 1.7015494556715047e-20
Layer conv4.att_src grad: 5.0126201617827284e-20
Layer conv4.bias grad: 1.508572822217502e-08
Layer conv4.bias grad: 1.508572822217502e-08
Layer conv4.att_dst grad: 1.7015494556715047e-20
Layer conv4.lin.weight grad: 3.790109719126189e-12
Layer conv4.bias grad: 1.508572822217502e-08Layer conv4.lin.weight grad: 3.790109719126189e-12

Layer conv4.lin.weight grad: 3.790109719126189e-12
Layer fc.weight grad: 2.7074402719762247e-09
Layer fc.weight grad: 2.7074402719762247e-09
Layer fc.weight grad: 2.7074402719762247e-09
Layer fc.bias grad: 1.6030729966587387e-05
Layer fc.bias grad: 1.6030729966587387e-05
Layer fc.bias grad: 1.6030729966587387e-05
Precision: 0.0000, Recall: 0.0003, F1-Score: 0.0000
Fold 5, Epoch 3, Train Loss: 0.0011, Val Loss: 0.0011, Val Acc: 0.0004
Completed Fold 5
Starting final training on all data...
Class weights: [2.11825747e-05 5.61270683e-02 5.61270683e-02 5.94779380e-02
 5.69288835e-02 5.38516466e-02 5.38516466e-02 4.98127731e-02
 5.94779380e-02 5.61270683e-02 6.13080284e-02 5.17535305e-02
 5.38516466e-02 6.03791189e-02 5.69288835e-02 4.91978006e-02
 5.45893404e-02 5.24344980e-02 5.77539398e-02]
Class weights: [1.96882259e-05 4.87354469e-02 4.87354469e-02 4.02597170e-02
 4.62986745e-02 5.78733431e-02 5.78733431e-02 9.25973490e-02
 4.02597170e-02 4.87354469e-02 3.70389396e-02 7.12287300e-02
 5.78733431e-02 3.85822288e-02 4.62986745e-02 1.02885943e-01
 5.44690288e-02 6.61409636e-02 4.40939757e-02]
Test Loss: 0.0011, Test Accuracy: 0.0006
Precision: 0.0000, Recall: 0.0006, F1-Score: 0.0000
