nohup: ignoring input
Using device: NVIDIA GeForce RTX 3090
Using device: NVIDIA GeForce RTX 3090
Using device: NVIDIA GeForce RTX 3090
Using device: NVIDIA GeForce RTX 3090
Rank: 0, World Size: 4, Master Addr: 127.0.0.1, Master Port: 12355
Rank 0 using device: cuda:0
Rank 2 using device: cuda:2
Rank 3 using device: cuda:3
Total valid pairs: 1620Total valid pairs: 1620

Rank 1 using device: cuda:1
Total valid pairs: 1620
Total valid pairs: 1620
Starting Fold 1
Pair 1:Pair 1:Pair 1:


Data file: /home/nishioka/GNN/Defect_4x4_Normalized1/Normalized1_Defect4x4_ELNOD_L17B5.npyData file: /home/nishioka/GNN/Defect_4x4_Normalized1/Normalized1_Defect4x4_ELNOD_L17B5.npy
Data file: /home/nishioka/GNN/Defect_4x4_Normalized1/Normalized1_Defect4x4_ELNOD_L17B5.npy
Label file: /home/nishioka/GNN/Defect19Class_OneHot_test2/Defect19Class_L17B5.npy
Label file: /home/nishioka/GNN/Defect19Class_OneHot_test2/Defect19Class_L17B5.npy
Label file: /home/nishioka/GNN/Defect19Class_OneHot_test2/Defect19Class_L17B5.npy
x shape: torch.Size([3654, 4])

y shape: torch.Size([3654])
x shape: torch.Size([3654, 4])x shape: torch.Size([3654, 4])

y shape: torch.Size([3654])y shape: torch.Size([3654])

Pair 1:
Data file: /home/nishioka/GNN/Defect_4x4_Normalized1/Normalized1_Defect4x4_ELNOD_L17B5.npy
Label file: /home/nishioka/GNN/Defect19Class_OneHot_test2/Defect19Class_L17B5.npy
x shape: torch.Size([3654, 4])
y shape: torch.Size([3654])
Sample x: tensor([[0.0110, 0.0000, 0.0000, 0.7766],
        [0.0110, 0.0000, 0.0357, 0.7705]])Sample x: tensor([[0.0110, 0.0000, 0.0000, 0.7766],
        [0.0110, 0.0000, 0.0357, 0.7705]])Sample x: tensor([[0.0110, 0.0000, 0.0000, 0.7766],
        [0.0110, 0.0000, 0.0357, 0.7705]])


Sample y: tensor([0, 0])
Sample y: tensor([0, 0])Sample y: tensor([0, 0])

Sample x: tensor([[0.0110, 0.0000, 0.0000, 0.7766],
        [0.0110, 0.0000, 0.0357, 0.7705]])
Sample y: tensor([0, 0])
Pair 2:
Pair 2:Pair 2:Data file: /home/nishioka/GNN/Defect_4x4_Normalized1/Normalized1_Defect4x4_ELNOD_L11B87.npy


Data file: /home/nishioka/GNN/Defect_4x4_Normalized1/Normalized1_Defect4x4_ELNOD_L11B87.npyData file: /home/nishioka/GNN/Defect_4x4_Normalized1/Normalized1_Defect4x4_ELNOD_L11B87.npyLabel file: /home/nishioka/GNN/Defect19Class_OneHot_test2/Defect19Class_L11B87.npy


Label file: /home/nishioka/GNN/Defect19Class_OneHot_test2/Defect19Class_L11B87.npyLabel file: /home/nishioka/GNN/Defect19Class_OneHot_test2/Defect19Class_L11B87.npy

x shape: torch.Size([3654, 4])
x shape: torch.Size([3654, 4])x shape: torch.Size([3654, 4])y shape: torch.Size([3654])


y shape: torch.Size([3654])y shape: torch.Size([3654])

Pair 2:
Data file: /home/nishioka/GNN/Defect_4x4_Normalized1/Normalized1_Defect4x4_ELNOD_L11B87.npy
Label file: /home/nishioka/GNN/Defect19Class_OneHot_test2/Defect19Class_L11B87.npy
x shape: torch.Size([3654, 4])
y shape: torch.Size([3654])
Sample x: tensor([[0.0110, 0.0000, 0.0000, 0.7021],
        [0.0110, 0.0000, 0.0357, 0.6920]])Sample x: tensor([[0.0110, 0.0000, 0.0000, 0.7021],
        [0.0110, 0.0000, 0.0357, 0.6920]])Sample x: tensor([[0.0110, 0.0000, 0.0000, 0.7021],
        [0.0110, 0.0000, 0.0357, 0.6920]])


Sample y: tensor([0, 0])Sample y: tensor([0, 0])Sample y: tensor([0, 0])


Sample x: tensor([[0.0110, 0.0000, 0.0000, 0.7021],
        [0.0110, 0.0000, 0.0357, 0.6920]])
Sample y: tensor([0, 0])
Pair 3:
Pair 3:Data file: /home/nishioka/GNN/Defect_4x4_Normalized1/Normalized1_Defect4x4_ELNOD_L2B9.npy

Data file: /home/nishioka/GNN/Defect_4x4_Normalized1/Normalized1_Defect4x4_ELNOD_L2B9.npyLabel file: /home/nishioka/GNN/Defect19Class_OneHot_test2/Defect19Class_L2B9.npy

Label file: /home/nishioka/GNN/Defect19Class_OneHot_test2/Defect19Class_L2B9.npy
x shape: torch.Size([3654, 4])
x shape: torch.Size([3654, 4])y shape: torch.Size([3654])

y shape: torch.Size([3654])
Pair 3:
Data file: /home/nishioka/GNN/Defect_4x4_Normalized1/Normalized1_Defect4x4_ELNOD_L2B9.npy
Label file: /home/nishioka/GNN/Defect19Class_OneHot_test2/Defect19Class_L2B9.npy
x shape: torch.Size([3654, 4])
y shape: torch.Size([3654])
Sample x: tensor([[0.0110, 0.0000, 0.0000, 0.5476],
        [0.0110, 0.0000, 0.0357, 0.5359]])
Sample x: tensor([[0.0110, 0.0000, 0.0000, 0.5476],
        [0.0110, 0.0000, 0.0357, 0.5359]])
Sample y: tensor([0, 0])
Sample y: tensor([0, 0])
Sample x: tensor([[0.0110, 0.0000, 0.0000, 0.5476],
        [0.0110, 0.0000, 0.0357, 0.5359]])
Pair 3:
Data file: /home/nishioka/GNN/Defect_4x4_Normalized1/Normalized1_Defect4x4_ELNOD_L2B9.npy
Label file: /home/nishioka/GNN/Defect19Class_OneHot_test2/Defect19Class_L2B9.npy
Sample y: tensor([0, 0])
x shape: torch.Size([3654, 4])
y shape: torch.Size([3654])
Sample x: tensor([[0.0110, 0.0000, 0.0000, 0.5476],
        [0.0110, 0.0000, 0.0357, 0.5359]])
Sample y: tensor([0, 0])
Pair 1:
Data file: /home/nishioka/GNN/Defect_4x4_Normalized1/Normalized1_Defect4x4_ELNOD_L18B74.npy
Label file: /home/nishioka/GNN/Defect19Class_OneHot_test2/Defect19Class_L18B74.npy
x shape: torch.Size([3654, 4])
y shape: torch.Size([3654])
Sample x: tensor([[0.0110, 0.0000, 0.0000, 0.6969],
        [0.0110, 0.0000, 0.0357, 0.6920]])
Sample y: tensor([0, 0])
Pair 2:
Data file: /home/nishioka/GNN/Defect_4x4_Normalized1/Normalized1_Defect4x4_ELNOD_L8B51.npy
Label file: /home/nishioka/GNN/Defect19Class_OneHot_test2/Defect19Class_L8B51.npy
x shape: torch.Size([3654, 4])
y shape: torch.Size([3654])
Sample x: tensor([[0.0110, 0.0000, 0.0000, 0.7479],
        [0.0110, 0.0000, 0.0357, 0.7406]])
Sample y: tensor([0, 0])
Pair 3:
Data file: /home/nishioka/GNN/Defect_4x4_Normalized1/Normalized1_Defect4x4_ELNOD_L6B40.npy
Label file: /home/nishioka/GNN/Defect19Class_OneHot_test2/Defect19Class_L6B40.npy
x shape: torch.Size([3654, 4])
y shape: torch.Size([3654])
Sample x: tensor([[0.0110, 0.0000, 0.0000, 0.7031],
        [0.0110, 0.0000, 0.0357, 0.6937]])
Sample y: tensor([0, 0])
Pair 1:
Data file: /home/nishioka/GNN/Defect_4x4_Normalized1/Normalized1_Defect4x4_ELNOD_L18B74.npy
Label file: /home/nishioka/GNN/Defect19Class_OneHot_test2/Defect19Class_L18B74.npy
x shape: torch.Size([3654, 4])
y shape: torch.Size([3654])
Sample x: tensor([[0.0110, 0.0000, 0.0000, 0.6969],
        [0.0110, 0.0000, 0.0357, 0.6920]])
Sample y: tensor([0, 0])
Pair 2:
Data file: /home/nishioka/GNN/Defect_4x4_Normalized1/Normalized1_Defect4x4_ELNOD_L8B51.npy
Label file: /home/nishioka/GNN/Defect19Class_OneHot_test2/Defect19Class_L8B51.npy
x shape: torch.Size([3654, 4])
y shape: torch.Size([3654])
Sample x: tensor([[0.0110, 0.0000, 0.0000, 0.7479],
        [0.0110, 0.0000, 0.0357, 0.7406]])
Sample y: tensor([0, 0])
Pair 3:
Data file: /home/nishioka/GNN/Defect_4x4_Normalized1/Normalized1_Defect4x4_ELNOD_L6B40.npy
Label file: /home/nishioka/GNN/Defect19Class_OneHot_test2/Defect19Class_L6B40.npy
x shape: torch.Size([3654, 4])
y shape: torch.Size([3654])
Sample x: tensor([[0.0110, 0.0000, 0.0000, 0.7031],
        [0.0110, 0.0000, 0.0357, 0.6937]])
Sample y: tensor([0, 0])
Pair 1:
Data file: /home/nishioka/GNN/Defect_4x4_Normalized1/Normalized1_Defect4x4_ELNOD_L18B74.npy
Label file: /home/nishioka/GNN/Defect19Class_OneHot_test2/Defect19Class_L18B74.npy
x shape: torch.Size([3654, 4])
y shape: torch.Size([3654])
Sample x: tensor([[0.0110, 0.0000, 0.0000, 0.6969],
        [0.0110, 0.0000, 0.0357, 0.6920]])
Sample y: tensor([0, 0])
Pair 2:
Data file: /home/nishioka/GNN/Defect_4x4_Normalized1/Normalized1_Defect4x4_ELNOD_L8B51.npy
Label file: /home/nishioka/GNN/Defect19Class_OneHot_test2/Defect19Class_L8B51.npy
x shape: torch.Size([3654, 4])
y shape: torch.Size([3654])
Sample x: tensor([[0.0110, 0.0000, 0.0000, 0.7479],
        [0.0110, 0.0000, 0.0357, 0.7406]])
Sample y: tensor([0, 0])
Pair 3:
Data file: /home/nishioka/GNN/Defect_4x4_Normalized1/Normalized1_Defect4x4_ELNOD_L6B40.npy
Label file: /home/nishioka/GNN/Defect19Class_OneHot_test2/Defect19Class_L6B40.npy
x shape: torch.Size([3654, 4])
y shape: torch.Size([3654])
Sample x: tensor([[0.0110, 0.0000, 0.0000, 0.7031],
        [0.0110, 0.0000, 0.0357, 0.6937]])
Sample y: tensor([0, 0])
Pair 1:
Data file: /home/nishioka/GNN/Defect_4x4_Normalized1/Normalized1_Defect4x4_ELNOD_L18B74.npy
Label file: /home/nishioka/GNN/Defect19Class_OneHot_test2/Defect19Class_L18B74.npy
x shape: torch.Size([3654, 4])
y shape: torch.Size([3654])
Sample x: tensor([[0.0110, 0.0000, 0.0000, 0.6969],
        [0.0110, 0.0000, 0.0357, 0.6920]])
Sample y: tensor([0, 0])
Pair 2:
Data file: /home/nishioka/GNN/Defect_4x4_Normalized1/Normalized1_Defect4x4_ELNOD_L8B51.npy
Label file: /home/nishioka/GNN/Defect19Class_OneHot_test2/Defect19Class_L8B51.npy
x shape: torch.Size([3654, 4])
y shape: torch.Size([3654])
Sample x: tensor([[0.0110, 0.0000, 0.0000, 0.7479],
        [0.0110, 0.0000, 0.0357, 0.7406]])
Sample y: tensor([0, 0])
Pair 3:
Data file: /home/nishioka/GNN/Defect_4x4_Normalized1/Normalized1_Defect4x4_ELNOD_L6B40.npy
Label file: /home/nishioka/GNN/Defect19Class_OneHot_test2/Defect19Class_L6B40.npy
x shape: torch.Size([3654, 4])
y shape: torch.Size([3654])
Sample x: tensor([[0.0110, 0.0000, 0.0000, 0.7031],
        [0.0110, 0.0000, 0.0357, 0.6937]])
Sample y: tensor([0, 0])
Precision: 0.0000, Recall: 0.0006, F1-Score: 0.0000
Fold 1, Epoch 1, Train Loss: 2.9403, Val Loss: 2.9224, Val Acc: 0.0003
Precision: 0.0000, Recall: 0.0007, F1-Score: 0.0001
Fold 1, Epoch 2, Train Loss: 2.8877, Val Loss: 2.8890, Val Acc: 0.0004
Precision: 0.0001, Recall: 0.0005, F1-Score: 0.0001
Fold 1, Epoch 3, Train Loss: 2.7655, Val Loss: 2.6615, Val Acc: 0.0004
Precision: 0.0000, Recall: 0.0005, F1-Score: 0.0000
Fold 1, Epoch 4, Train Loss: 2.5717, Val Loss: 2.5791, Val Acc: 0.0005
Precision: 0.0000, Recall: 0.0011, F1-Score: 0.0000
Fold 1, Epoch 5, Train Loss: 2.4979, Val Loss: 2.3801, Val Acc: 0.0009
Precision: 0.0000, Recall: 0.0010, F1-Score: 0.0000
Fold 1, Epoch 6, Train Loss: 2.4080, Val Loss: 2.3325, Val Acc: 0.0009
Precision: 0.0000, Recall: 0.0006, F1-Score: 0.0000
Fold 1, Epoch 7, Train Loss: 2.3855, Val Loss: 2.3274, Val Acc: 0.0005
Precision: 0.0000, Recall: 0.0010, F1-Score: 0.0001
Fold 1, Epoch 8, Train Loss: 2.3336, Val Loss: 2.3828, Val Acc: 0.0007
Precision: 0.0000, Recall: 0.0009, F1-Score: 0.0001
Fold 1, Epoch 9, Train Loss: 2.3329, Val Loss: 2.3473, Val Acc: 0.0007
Precision: 0.0001, Recall: 0.0009, F1-Score: 0.0001
Fold 1, Epoch 10, Train Loss: 2.3356, Val Loss: 2.2686, Val Acc: 0.0007
Precision: 0.0000, Recall: 0.0009, F1-Score: 0.0001
Fold 1, Epoch 11, Train Loss: 2.2830, Val Loss: 2.2513, Val Acc: 0.0010
Precision: 0.0000, Recall: 0.0008, F1-Score: 0.0000
Fold 1, Epoch 12, Train Loss: 2.3311, Val Loss: 2.2413, Val Acc: 0.0010
Precision: 0.0000, Recall: 0.0008, F1-Score: 0.0000
Fold 1, Epoch 13, Train Loss: 2.2791, Val Loss: 2.2945, Val Acc: 0.0008
Precision: 0.0000, Recall: 0.0007, F1-Score: 0.0000
Fold 1, Epoch 14, Train Loss: 2.2842, Val Loss: 2.2793, Val Acc: 0.0007
Precision: 0.0000, Recall: 0.0008, F1-Score: 0.0000
Fold 1, Epoch 15, Train Loss: 2.2589, Val Loss: 2.2772, Val Acc: 0.0007
Precision: 0.0000, Recall: 0.0010, F1-Score: 0.0001
Fold 1, Epoch 16, Train Loss: 2.2515, Val Loss: 2.1866, Val Acc: 0.0011
Precision: 0.0000, Recall: 0.0008, F1-Score: 0.0001
Fold 1, Epoch 17, Train Loss: 2.2288, Val Loss: 2.2432, Val Acc: 0.0010
Precision: 0.0001, Recall: 0.0007, F1-Score: 0.0001
Fold 1, Epoch 18, Train Loss: 2.2705, Val Loss: 2.3014, Val Acc: 0.0009
Precision: 0.0001, Recall: 0.0008, F1-Score: 0.0001
Fold 1, Epoch 19, Train Loss: 2.2730, Val Loss: 2.2120, Val Acc: 0.0007
Precision: 0.0001, Recall: 0.0010, F1-Score: 0.0001
Fold 1, Epoch 20, Train Loss: 2.2398, Val Loss: 2.2001, Val Acc: 0.0012
Precision: 0.0001, Recall: 0.0014, F1-Score: 0.0001
Fold 1, Epoch 21, Train Loss: 2.1891, Val Loss: 2.1906, Val Acc: 0.0012
Precision: 0.9936, Recall: 0.0018, F1-Score: 0.0004
Fold 1, Epoch 22, Train Loss: 2.1829, Val Loss: 2.0922, Val Acc: 0.0018
Precision: 0.0001, Recall: 0.0010, F1-Score: 0.0001
Fold 1, Epoch 23, Train Loss: 2.1563, Val Loss: 2.2692, Val Acc: 0.0011
Precision: 0.0001, Recall: 0.0015, F1-Score: 0.0001
Fold 1, Epoch 24, Train Loss: 2.1950, Val Loss: 2.1030, Val Acc: 0.0013
Precision: 0.0003, Recall: 0.0014, F1-Score: 0.0002
Fold 1, Epoch 25, Train Loss: 2.1785, Val Loss: 2.0962, Val Acc: 0.0015
Precision: 0.0001, Recall: 0.0012, F1-Score: 0.0001
Fold 1, Epoch 26, Train Loss: 2.1288, Val Loss: 2.0966, Val Acc: 0.0013
Precision: 0.0001, Recall: 0.0014, F1-Score: 0.0001
Fold 1, Epoch 27, Train Loss: 2.1084, Val Loss: 2.0816, Val Acc: 0.0011
Precision: 0.9932, Recall: 0.0015, F1-Score: 0.0003
Fold 1, Epoch 28, Train Loss: 2.0879, Val Loss: 2.0540, Val Acc: 0.0016
Precision: 0.9933, Recall: 0.0021, F1-Score: 0.0006
Fold 1, Epoch 29, Train Loss: 2.0687, Val Loss: 2.0052, Val Acc: 0.0019
Precision: 0.9932, Recall: 0.0012, F1-Score: 0.0003
Fold 1, Epoch 30, Train Loss: 2.0441, Val Loss: 2.1323, Val Acc: 0.0014
Precision: 0.9933, Recall: 0.0020, F1-Score: 0.0013
Fold 1, Epoch 31, Train Loss: 2.0931, Val Loss: 2.0254, Val Acc: 0.0022
Precision: 0.9933, Recall: 0.0015, F1-Score: 0.0004
Fold 1, Epoch 32, Train Loss: 2.0444, Val Loss: 2.0770, Val Acc: 0.0015
Precision: 0.9933, Recall: 0.0018, F1-Score: 0.0007
Fold 1, Epoch 33, Train Loss: 2.0260, Val Loss: 2.0332, Val Acc: 0.0019
Precision: 0.9932, Recall: 0.0038, F1-Score: 0.0047
Fold 1, Epoch 34, Train Loss: 2.0553, Val Loss: 1.9903, Val Acc: 0.0044
Precision: 0.9932, Recall: 0.0948, F1-Score: 0.1713
Fold 1, Epoch 35, Train Loss: 2.0138, Val Loss: 2.2861, Val Acc: 0.0916
Precision: 0.0001, Recall: 0.0014, F1-Score: 0.0002
Fold 1, Epoch 36, Train Loss: 2.1169, Val Loss: 2.0541, Val Acc: 0.0014
Precision: 0.9934, Recall: 0.0017, F1-Score: 0.0005
Fold 1, Epoch 37, Train Loss: 2.0001, Val Loss: 2.0004, Val Acc: 0.0013
Precision: 0.9933, Recall: 0.0019, F1-Score: 0.0010
Fold 1, Epoch 38, Train Loss: 1.9746, Val Loss: 2.0138, Val Acc: 0.0018
Precision: 0.9932, Recall: 0.0016, F1-Score: 0.0007
Fold 1, Epoch 39, Train Loss: 2.0251, Val Loss: 2.0929, Val Acc: 0.0015
Precision: 0.9934, Recall: 0.0018, F1-Score: 0.0009
Fold 1, Epoch 40, Train Loss: 2.0786, Val Loss: 2.0271, Val Acc: 0.0020
Precision: 0.9933, Recall: 0.0016, F1-Score: 0.0007
Fold 1, Epoch 41, Train Loss: 2.0859, Val Loss: 2.0850, Val Acc: 0.0016
Precision: 0.9934, Recall: 0.0014, F1-Score: 0.0005
Fold 1, Epoch 42, Train Loss: 2.0388, Val Loss: 2.1433, Val Acc: 0.0017
Precision: 0.9933, Recall: 0.0016, F1-Score: 0.0005
Fold 1, Epoch 43, Train Loss: 2.0558, Val Loss: 2.0725, Val Acc: 0.0017
Precision: 0.9934, Recall: 0.0012, F1-Score: 0.0005
Fold 1, Epoch 44, Train Loss: 2.0261, Val Loss: 2.1475, Val Acc: 0.0015
Precision: 0.9933, Recall: 0.0016, F1-Score: 0.0009
Fold 1, Epoch 45, Train Loss: 2.0731, Val Loss: 2.0868, Val Acc: 0.0018
Precision: 0.9933, Recall: 0.0019, F1-Score: 0.0006
Fold 1, Epoch 46, Train Loss: 2.1185, Val Loss: 1.9523, Val Acc: 0.0021
Precision: 0.9934, Recall: 0.0014, F1-Score: 0.0004
Fold 1, Epoch 47, Train Loss: 2.1262, Val Loss: 2.0394, Val Acc: 0.0015
Precision: 0.0001, Recall: 0.0012, F1-Score: 0.0002
Fold 1, Epoch 48, Train Loss: 2.1219, Val Loss: 2.0805, Val Acc: 0.0015
Precision: 0.9933, Recall: 0.0015, F1-Score: 0.0004
Fold 1, Epoch 49, Train Loss: 2.0629, Val Loss: 2.0173, Val Acc: 0.0017
Precision: 0.9934, Recall: 0.0017, F1-Score: 0.0005
Fold 1, Epoch 50, Train Loss: 2.0500, Val Loss: 1.9524, Val Acc: 0.0018
Precision: 0.9935, Recall: 0.0022, F1-Score: 0.0010
Fold 1, Epoch 51, Train Loss: 1.9960, Val Loss: 1.9246, Val Acc: 0.0022
Precision: 0.9933, Recall: 0.0021, F1-Score: 0.0016
Fold 1, Epoch 52, Train Loss: 1.9501, Val Loss: 2.0248, Val Acc: 0.0022
Precision: 0.9935, Recall: 0.0020, F1-Score: 0.0011
Fold 1, Epoch 53, Train Loss: 1.9618, Val Loss: 1.9500, Val Acc: 0.0019
Precision: 0.9935, Recall: 0.0041, F1-Score: 0.0050
Fold 1, Epoch 54, Train Loss: 1.9415, Val Loss: 1.8594, Val Acc: 0.0049
Precision: 0.9934, Recall: 0.0042, F1-Score: 0.0049
Fold 1, Epoch 55, Train Loss: 1.8862, Val Loss: 1.8030, Val Acc: 0.0046
Precision: 0.9936, Recall: 0.0257, F1-Score: 0.0470
Fold 1, Epoch 56, Train Loss: 1.8574, Val Loss: 1.8294, Val Acc: 0.0266
Precision: 0.9935, Recall: 0.0070, F1-Score: 0.0108
Fold 1, Epoch 57, Train Loss: 1.8526, Val Loss: 1.9196, Val Acc: 0.0086
Precision: 0.9933, Recall: 0.0050, F1-Score: 0.0072
Fold 1, Epoch 58, Train Loss: 1.8790, Val Loss: 1.9327, Val Acc: 0.0065
Precision: 0.9935, Recall: 0.0544, F1-Score: 0.1002
Fold 1, Epoch 59, Train Loss: 1.9240, Val Loss: 1.7971, Val Acc: 0.0542
Precision: 0.9934, Recall: 0.0046, F1-Score: 0.0059
Fold 1, Epoch 60, Train Loss: 1.9256, Val Loss: 1.8038, Val Acc: 0.0052
Precision: 0.9934, Recall: 0.0746, F1-Score: 0.1359
Fold 1, Epoch 61, Train Loss: 1.9733, Val Loss: 1.8365, Val Acc: 0.0731
Precision: 0.9935, Recall: 0.0018, F1-Score: 0.0005
Fold 1, Epoch 62, Train Loss: 1.9245, Val Loss: 1.8542, Val Acc: 0.0020
Precision: 0.9934, Recall: 0.0020, F1-Score: 0.0009
Fold 1, Epoch 63, Train Loss: 1.8688, Val Loss: 1.8646, Val Acc: 0.0021
Precision: 0.9935, Recall: 0.0026, F1-Score: 0.0015
Fold 1, Epoch 64, Train Loss: 1.8678, Val Loss: 1.7782, Val Acc: 0.0026
Precision: 0.9935, Recall: 0.0031, F1-Score: 0.0026
Fold 1, Epoch 65, Train Loss: 1.8475, Val Loss: 1.7983, Val Acc: 0.0032
Precision: 0.9939, Recall: 0.0039, F1-Score: 0.0045
Fold 1, Epoch 66, Train Loss: 1.8289, Val Loss: 1.7868, Val Acc: 0.0046
Precision: 0.9934, Recall: 0.0036, F1-Score: 0.0032
Fold 1, Epoch 67, Train Loss: 1.8152, Val Loss: 1.7398, Val Acc: 0.0036
Precision: 0.9934, Recall: 0.0053, F1-Score: 0.0080
Fold 1, Epoch 68, Train Loss: 1.8532, Val Loss: 1.9944, Val Acc: 0.0064
Precision: 0.9934, Recall: 0.0020, F1-Score: 0.0006
Fold 1, Epoch 69, Train Loss: 1.9700, Val Loss: 1.8615, Val Acc: 0.0023
Precision: 0.9935, Recall: 0.0033, F1-Score: 0.0032
Fold 1, Epoch 70, Train Loss: 1.8949, Val Loss: 1.8176, Val Acc: 0.0037
Precision: 0.9935, Recall: 0.0241, F1-Score: 0.0435
Fold 1, Epoch 71, Train Loss: 1.9007, Val Loss: 1.7498, Val Acc: 0.0247
Precision: 0.9935, Recall: 0.0118, F1-Score: 0.0199
Fold 1, Epoch 72, Train Loss: 1.8514, Val Loss: 1.7588, Val Acc: 0.0130
Precision: 0.9935, Recall: 0.0147, F1-Score: 0.0255
Fold 1, Epoch 73, Train Loss: 1.7726, Val Loss: 1.8431, Val Acc: 0.0158
Precision: 0.9935, Recall: 0.0025, F1-Score: 0.0019
Fold 1, Epoch 74, Train Loss: 1.8305, Val Loss: 1.9070, Val Acc: 0.0025
Precision: 0.9934, Recall: 0.0045, F1-Score: 0.0059
Fold 1, Epoch 75, Train Loss: 1.8220, Val Loss: 1.7905, Val Acc: 0.0052
Precision: 0.9934, Recall: 0.0791, F1-Score: 0.1431
Fold 1, Epoch 76, Train Loss: 1.8063, Val Loss: 1.7064, Val Acc: 0.0769
Precision: 0.9936, Recall: 0.0465, F1-Score: 0.0850
Fold 1, Epoch 77, Train Loss: 1.7559, Val Loss: 1.6650, Val Acc: 0.0460
Precision: 0.9935, Recall: 0.0069, F1-Score: 0.0090
Fold 1, Epoch 78, Train Loss: 1.7333, Val Loss: 1.6128, Val Acc: 0.0078
Precision: 0.9935, Recall: 0.0683, F1-Score: 0.1242
Fold 1, Epoch 79, Train Loss: 1.6919, Val Loss: 1.6778, Val Acc: 0.0669
Precision: 0.9936, Recall: 0.0684, F1-Score: 0.1244
Fold 1, Epoch 80, Train Loss: 1.7401, Val Loss: 1.6886, Val Acc: 0.0666
Precision: 0.9935, Recall: 0.0022, F1-Score: 0.0010
Fold 1, Epoch 81, Train Loss: 1.7829, Val Loss: 1.7886, Val Acc: 0.0023
Precision: 0.9935, Recall: 0.0110, F1-Score: 0.0185
Fold 1, Epoch 82, Train Loss: 1.7840, Val Loss: 1.8627, Val Acc: 0.0120
Precision: 0.9936, Recall: 0.0085, F1-Score: 0.0125
Fold 1, Epoch 83, Train Loss: 1.8087, Val Loss: 1.6455, Val Acc: 0.0094
Precision: 0.9934, Recall: 0.1204, F1-Score: 0.2118
Fold 1, Epoch 84, Train Loss: 1.7363, Val Loss: 1.7418, Val Acc: 0.1152
Precision: 0.9935, Recall: 0.0066, F1-Score: 0.0094
Fold 1, Epoch 85, Train Loss: 1.7153, Val Loss: 1.8014, Val Acc: 0.0075
Precision: 0.9935, Recall: 0.0357, F1-Score: 0.0655
Fold 1, Epoch 86, Train Loss: 1.7652, Val Loss: 1.7521, Val Acc: 0.0358
Precision: 0.9936, Recall: 0.1062, F1-Score: 0.1883
Fold 1, Epoch 87, Train Loss: 1.7720, Val Loss: 1.6122, Val Acc: 0.1028
Precision: 0.9935, Recall: 0.0055, F1-Score: 0.0065
Fold 1, Epoch 88, Train Loss: 1.6863, Val Loss: 1.6150, Val Acc: 0.0063
Precision: 0.9936, Recall: 0.0038, F1-Score: 0.0027
Fold 1, Epoch 89, Train Loss: 1.7321, Val Loss: 1.5778, Val Acc: 0.0039
Precision: 0.9936, Recall: 0.0060, F1-Score: 0.0080
Fold 1, Epoch 90, Train Loss: 1.6513, Val Loss: 1.6073, Val Acc: 0.0071
Precision: 0.9935, Recall: 0.0535, F1-Score: 0.0983
Fold 1, Epoch 91, Train Loss: 1.6754, Val Loss: 1.6953, Val Acc: 0.0531
Precision: 0.9936, Recall: 0.0331, F1-Score: 0.0602
Fold 1, Epoch 92, Train Loss: 1.6435, Val Loss: 1.6111, Val Acc: 0.0330
Precision: 0.9937, Recall: 0.0072, F1-Score: 0.0099
Fold 1, Epoch 93, Train Loss: 1.6433, Val Loss: 1.5866, Val Acc: 0.0085
Precision: 0.9936, Recall: 0.1904, F1-Score: 0.3167
Fold 1, Epoch 94, Train Loss: 1.6471, Val Loss: 1.6171, Val Acc: 0.1834
Precision: 0.9936, Recall: 0.0149, F1-Score: 0.0260
Fold 1, Epoch 95, Train Loss: 1.6551, Val Loss: 1.7311, Val Acc: 0.0162
Precision: 0.9937, Recall: 0.0662, F1-Score: 0.1208
Fold 1, Epoch 96, Train Loss: 1.6976, Val Loss: 1.5816, Val Acc: 0.0649
Precision: 0.9936, Recall: 0.0983, F1-Score: 0.1755
Fold 1, Epoch 97, Train Loss: 1.6495, Val Loss: 1.6519, Val Acc: 0.0952
Precision: 0.9936, Recall: 0.0052, F1-Score: 0.0060
Fold 1, Epoch 98, Train Loss: 1.6192, Val Loss: 1.6568, Val Acc: 0.0057
Precision: 0.9936, Recall: 0.0353, F1-Score: 0.0641
Fold 1, Epoch 99, Train Loss: 1.7229, Val Loss: 1.5947, Val Acc: 0.0350
Precision: 0.9935, Recall: 0.1305, F1-Score: 0.2271
Fold 1, Epoch 100, Train Loss: 1.6871, Val Loss: 1.5672, Val Acc: 0.1252
Precision: 0.9936, Recall: 0.0301, F1-Score: 0.0541
Fold 1, Epoch 101, Train Loss: 1.6326, Val Loss: 1.5997, Val Acc: 0.0302
Precision: 0.9936, Recall: 0.0469, F1-Score: 0.0858
Fold 1, Epoch 102, Train Loss: 1.6704, Val Loss: 1.6431, Val Acc: 0.0464
Precision: 0.9936, Recall: 0.0238, F1-Score: 0.0426
Fold 1, Epoch 103, Train Loss: 1.6367, Val Loss: 1.6921, Val Acc: 0.0249
Precision: 0.9936, Recall: 0.0423, F1-Score: 0.0776
Fold 1, Epoch 104, Train Loss: 1.5927, Val Loss: 1.7313, Val Acc: 0.0420
Precision: 0.9936, Recall: 0.0497, F1-Score: 0.0908
Fold 1, Epoch 105, Train Loss: 1.6612, Val Loss: 1.6225, Val Acc: 0.0488
Precision: 0.9938, Recall: 0.0403, F1-Score: 0.0732
Fold 1, Epoch 106, Train Loss: 1.6483, Val Loss: 1.4886, Val Acc: 0.0402
Precision: 0.9937, Recall: 0.0083, F1-Score: 0.0120
Fold 1, Epoch 107, Train Loss: 1.5971, Val Loss: 1.4957, Val Acc: 0.0094
Precision: 0.9937, Recall: 0.0791, F1-Score: 0.1433
Fold 1, Epoch 108, Train Loss: 1.5970, Val Loss: 1.6738, Val Acc: 0.0779
Precision: 0.9936, Recall: 0.0525, F1-Score: 0.0959
Fold 1, Epoch 109, Train Loss: 1.6260, Val Loss: 1.5700, Val Acc: 0.0523
Precision: 0.9936, Recall: 0.1155, F1-Score: 0.2036
Fold 1, Epoch 110, Train Loss: 1.6323, Val Loss: 1.5994, Val Acc: 0.1116
Precision: 0.9937, Recall: 0.0144, F1-Score: 0.0242
Fold 1, Epoch 111, Train Loss: 1.6083, Val Loss: 1.5337, Val Acc: 0.0157
Precision: 0.9937, Recall: 0.0275, F1-Score: 0.0488
Fold 1, Epoch 112, Train Loss: 1.6178, Val Loss: 1.4685, Val Acc: 0.0282
Precision: 0.9937, Recall: 0.0611, F1-Score: 0.1106
Fold 1, Epoch 113, Train Loss: 1.5005, Val Loss: 1.4688, Val Acc: 0.0609
Precision: 0.9937, Recall: 0.0530, F1-Score: 0.0967
Fold 1, Epoch 114, Train Loss: 1.5500, Val Loss: 1.4770, Val Acc: 0.0538
Precision: 0.9935, Recall: 0.0575, F1-Score: 0.1049
Fold 1, Epoch 115, Train Loss: 1.6050, Val Loss: 1.6429, Val Acc: 0.0573
Precision: 0.9938, Recall: 0.1326, F1-Score: 0.2299
Fold 1, Epoch 116, Train Loss: 1.5954, Val Loss: 1.4464, Val Acc: 0.1279
Precision: 0.9937, Recall: 0.0973, F1-Score: 0.1732
Fold 1, Epoch 117, Train Loss: 1.4760, Val Loss: 1.4331, Val Acc: 0.0953
Precision: 0.9936, Recall: 0.0739, F1-Score: 0.1340
Fold 1, Epoch 118, Train Loss: 1.5351, Val Loss: 1.5523, Val Acc: 0.0729
Precision: 0.9936, Recall: 0.0733, F1-Score: 0.1327
Fold 1, Epoch 119, Train Loss: 1.5365, Val Loss: 1.5406, Val Acc: 0.0722
Precision: 0.9937, Recall: 0.0786, F1-Score: 0.1418
Fold 1, Epoch 120, Train Loss: 1.5818, Val Loss: 1.5426, Val Acc: 0.0770
Precision: 0.9937, Recall: 0.0962, F1-Score: 0.1713
Fold 1, Epoch 121, Train Loss: 1.5592, Val Loss: 1.4184, Val Acc: 0.0937
Precision: 0.9937, Recall: 0.1056, F1-Score: 0.1872
Fold 1, Epoch 122, Train Loss: 1.5277, Val Loss: 1.4638, Val Acc: 0.1025
Precision: 0.9937, Recall: 0.0767, F1-Score: 0.1381
Fold 1, Epoch 123, Train Loss: 1.5149, Val Loss: 1.4639, Val Acc: 0.0757
Precision: 0.9939, Recall: 0.2029, F1-Score: 0.3335
Fold 1, Epoch 124, Train Loss: 1.5024, Val Loss: 1.4713, Val Acc: 0.1948
Precision: 0.9937, Recall: 0.1740, F1-Score: 0.2923
Fold 1, Epoch 125, Train Loss: 1.4867, Val Loss: 1.4094, Val Acc: 0.1679
Precision: 0.9938, Recall: 0.0733, F1-Score: 0.1321
Fold 1, Epoch 126, Train Loss: 1.4698, Val Loss: 1.4808, Val Acc: 0.0722
Precision: 0.9938, Recall: 0.0934, F1-Score: 0.1666
Fold 1, Epoch 127, Train Loss: 1.4631, Val Loss: 1.3908, Val Acc: 0.0914
Precision: 0.9937, Recall: 0.1116, F1-Score: 0.1969
Fold 1, Epoch 128, Train Loss: 1.4869, Val Loss: 1.4909, Val Acc: 0.1087
Precision: 0.9937, Recall: 0.1193, F1-Score: 0.2094
Fold 1, Epoch 129, Train Loss: 1.4889, Val Loss: 1.5280, Val Acc: 0.1161
Precision: 0.9937, Recall: 0.1609, F1-Score: 0.2736
Fold 1, Epoch 130, Train Loss: 1.5064, Val Loss: 1.5077, Val Acc: 0.1557
Precision: 0.9937, Recall: 0.1632, F1-Score: 0.2767
Fold 1, Epoch 131, Train Loss: 1.5200, Val Loss: 1.4284, Val Acc: 0.1575
Precision: 0.9937, Recall: 0.1146, F1-Score: 0.2016
Fold 1, Epoch 132, Train Loss: 1.5095, Val Loss: 1.4916, Val Acc: 0.1108
Precision: 0.9937, Recall: 0.2155, F1-Score: 0.3507
Fold 1, Epoch 133, Train Loss: 1.5188, Val Loss: 1.4536, Val Acc: 0.2049
Precision: 0.9937, Recall: 0.0423, F1-Score: 0.0763
Fold 1, Epoch 134, Train Loss: 1.5993, Val Loss: 1.4228, Val Acc: 0.0424
Precision: 0.9938, Recall: 0.0928, F1-Score: 0.1653
Fold 1, Epoch 135, Train Loss: 1.5526, Val Loss: 1.4177, Val Acc: 0.0902
Precision: 0.9938, Recall: 0.0832, F1-Score: 0.1492
Fold 1, Epoch 136, Train Loss: 1.5180, Val Loss: 1.4053, Val Acc: 0.0809
Precision: 0.9937, Recall: 0.1725, F1-Score: 0.2904
Fold 1, Epoch 137, Train Loss: 1.4928, Val Loss: 1.4210, Val Acc: 0.1654
Precision: 0.9938, Recall: 0.0885, F1-Score: 0.1589
Fold 1, Epoch 138, Train Loss: 1.4757, Val Loss: 1.4723, Val Acc: 0.0865
Precision: 0.9937, Recall: 0.1049, F1-Score: 0.1859
Fold 1, Epoch 139, Train Loss: 1.5003, Val Loss: 1.3965, Val Acc: 0.1023
Precision: 0.9939, Recall: 0.1082, F1-Score: 0.1910
Fold 1, Epoch 140, Train Loss: 1.5049, Val Loss: 1.3863, Val Acc: 0.1052
Precision: 0.9938, Recall: 0.1434, F1-Score: 0.2468
Fold 1, Epoch 141, Train Loss: 1.4794, Val Loss: 1.3943, Val Acc: 0.1378
Precision: 0.9937, Recall: 0.1071, F1-Score: 0.1890
Fold 1, Epoch 142, Train Loss: 1.4084, Val Loss: 1.4292, Val Acc: 0.1039
Precision: 0.9937, Recall: 0.1489, F1-Score: 0.2548
Fold 1, Epoch 143, Train Loss: 1.4512, Val Loss: 1.3824, Val Acc: 0.1436
Precision: 0.9938, Recall: 0.1258, F1-Score: 0.2196
Fold 1, Epoch 144, Train Loss: 1.5049, Val Loss: 1.3976, Val Acc: 0.1226
Precision: 0.9938, Recall: 0.2766, F1-Score: 0.4301
Fold 1, Epoch 145, Train Loss: 1.4851, Val Loss: 1.4976, Val Acc: 0.2642
Precision: 0.9938, Recall: 0.0817, F1-Score: 0.1468
Fold 1, Epoch 146, Train Loss: 1.5210, Val Loss: 1.4339, Val Acc: 0.0800
Precision: 0.9938, Recall: 0.0863, F1-Score: 0.1544
Fold 1, Epoch 147, Train Loss: 1.5069, Val Loss: 1.3971, Val Acc: 0.0849
Precision: 0.9937, Recall: 0.2686, F1-Score: 0.4198
Fold 1, Epoch 148, Train Loss: 1.5071, Val Loss: 1.3980, Val Acc: 0.2559
Precision: 0.9937, Recall: 0.0522, F1-Score: 0.0944
Fold 1, Epoch 149, Train Loss: 1.4703, Val Loss: 1.4048, Val Acc: 0.0523
Precision: 0.9938, Recall: 0.1488, F1-Score: 0.2552
Fold 1, Epoch 150, Train Loss: 1.4054, Val Loss: 1.3724, Val Acc: 0.1443
Precision: 0.9938, Recall: 0.1351, F1-Score: 0.2336
Fold 1, Epoch 151, Train Loss: 1.4427, Val Loss: 1.3880, Val Acc: 0.1312
Precision: 0.9938, Recall: 0.1824, F1-Score: 0.3046
Fold 1, Epoch 152, Train Loss: 1.4761, Val Loss: 1.3785, Val Acc: 0.1751
Precision: 0.9937, Recall: 0.1171, F1-Score: 0.2054
Fold 1, Epoch 153, Train Loss: 1.4424, Val Loss: 1.3771, Val Acc: 0.1138
Precision: 0.9937, Recall: 0.2455, F1-Score: 0.3908
Fold 1, Epoch 154, Train Loss: 1.4728, Val Loss: 1.4480, Val Acc: 0.2349
Precision: 0.9937, Recall: 0.0569, F1-Score: 0.1033
Fold 1, Epoch 155, Train Loss: 1.4666, Val Loss: 1.4033, Val Acc: 0.0573
Precision: 0.9937, Recall: 0.1546, F1-Score: 0.2638
Fold 1, Epoch 156, Train Loss: 1.4422, Val Loss: 1.4230, Val Acc: 0.1494
Precision: 0.9939, Recall: 0.0614, F1-Score: 0.1118
Fold 1, Epoch 157, Train Loss: 1.4816, Val Loss: 1.4459, Val Acc: 0.0610
Precision: 0.9939, Recall: 0.2009, F1-Score: 0.3311
Fold 1, Epoch 158, Train Loss: 1.4923, Val Loss: 1.4647, Val Acc: 0.1929
Precision: 0.9937, Recall: 0.1090, F1-Score: 0.1932
Fold 1, Epoch 159, Train Loss: 1.4705, Val Loss: 1.5462, Val Acc: 0.1058
Precision: 0.9939, Recall: 0.0731, F1-Score: 0.1319
Fold 1, Epoch 160, Train Loss: 1.6065, Val Loss: 1.3953, Val Acc: 0.0717
Precision: 0.9938, Recall: 0.0454, F1-Score: 0.0820
Fold 1, Epoch 161, Train Loss: 1.4437, Val Loss: 1.3817, Val Acc: 0.0455
Precision: 0.9937, Recall: 0.1330, F1-Score: 0.2303
Fold 1, Epoch 162, Train Loss: 1.4367, Val Loss: 1.3422, Val Acc: 0.1280
Precision: 0.9939, Recall: 0.0606, F1-Score: 0.1097
Fold 1, Epoch 163, Train Loss: 1.4553, Val Loss: 1.4011, Val Acc: 0.0610
Precision: 0.9937, Recall: 0.0608, F1-Score: 0.1096
Fold 1, Epoch 164, Train Loss: 1.4824, Val Loss: 1.3934, Val Acc: 0.0603
Precision: 0.9937, Recall: 0.2790, F1-Score: 0.4329
Fold 1, Epoch 165, Train Loss: 1.4238, Val Loss: 1.4146, Val Acc: 0.2665
Precision: 0.9938, Recall: 0.1841, F1-Score: 0.3069
Fold 1, Epoch 166, Train Loss: 1.4508, Val Loss: 1.3601, Val Acc: 0.1768
Precision: 0.9938, Recall: 0.0485, F1-Score: 0.0873
Fold 1, Epoch 167, Train Loss: 1.4370, Val Loss: 1.3526, Val Acc: 0.0487
Precision: 0.9938, Recall: 0.1143, F1-Score: 0.2008
Fold 1, Epoch 168, Train Loss: 1.4218, Val Loss: 1.3871, Val Acc: 0.1107
Precision: 0.9938, Recall: 0.0972, F1-Score: 0.1731
Fold 1, Epoch 169, Train Loss: 1.4555, Val Loss: 1.4534, Val Acc: 0.0942
Precision: 0.9938, Recall: 0.2057, F1-Score: 0.3375
Fold 1, Epoch 170, Train Loss: 1.4163, Val Loss: 1.3506, Val Acc: 0.1967
Precision: 0.9939, Recall: 0.2235, F1-Score: 0.3619
Fold 1, Epoch 171, Train Loss: 1.3619, Val Loss: 1.4308, Val Acc: 0.2145
Precision: 0.9938, Recall: 0.1524, F1-Score: 0.2604
Fold 1, Epoch 172, Train Loss: 1.4673, Val Loss: 1.3580, Val Acc: 0.1469
Precision: 0.9938, Recall: 0.1869, F1-Score: 0.3114
Fold 1, Epoch 173, Train Loss: 1.4996, Val Loss: 1.4637, Val Acc: 0.1786
Precision: 0.9938, Recall: 0.1201, F1-Score: 0.2100
Fold 1, Epoch 174, Train Loss: 1.4610, Val Loss: 1.3879, Val Acc: 0.1162
Precision: 0.9939, Recall: 0.0607, F1-Score: 0.1099
Fold 1, Epoch 175, Train Loss: 1.3875, Val Loss: 1.3779, Val Acc: 0.0605
Precision: 0.9937, Recall: 0.1428, F1-Score: 0.2463
Fold 1, Epoch 176, Train Loss: 1.3777, Val Loss: 1.4326, Val Acc: 0.1379
Precision: 0.9937, Recall: 0.1431, F1-Score: 0.2468
Fold 1, Epoch 177, Train Loss: 1.4167, Val Loss: 1.4302, Val Acc: 0.1384
Precision: 0.9937, Recall: 0.1397, F1-Score: 0.2410
Fold 1, Epoch 178, Train Loss: 1.4732, Val Loss: 1.3580, Val Acc: 0.1353
Precision: 0.9938, Recall: 0.1576, F1-Score: 0.2683
Fold 1, Epoch 179, Train Loss: 1.3867, Val Loss: 1.3902, Val Acc: 0.1523
Precision: 0.9939, Recall: 0.3311, F1-Score: 0.4943
Fold 1, Epoch 180, Train Loss: 1.3939, Val Loss: 1.4466, Val Acc: 0.3154
Precision: 0.9938, Recall: 0.1531, F1-Score: 0.2614
Fold 1, Epoch 181, Train Loss: 1.3951, Val Loss: 1.3487, Val Acc: 0.1480
Precision: 0.9937, Recall: 0.1124, F1-Score: 0.1976
Fold 1, Epoch 182, Train Loss: 1.3936, Val Loss: 1.2964, Val Acc: 0.1092
Precision: 0.9938, Recall: 0.2552, F1-Score: 0.4027
Fold 1, Epoch 183, Train Loss: 1.3775, Val Loss: 1.3045, Val Acc: 0.2435
Precision: 0.9937, Recall: 0.1602, F1-Score: 0.2725
Fold 1, Epoch 184, Train Loss: 1.3807, Val Loss: 1.4812, Val Acc: 0.1551
Precision: 0.9938, Recall: 0.1991, F1-Score: 0.3283
Fold 1, Epoch 185, Train Loss: 1.4966, Val Loss: 1.3591, Val Acc: 0.1913
Precision: 0.9938, Recall: 0.1378, F1-Score: 0.2384
Fold 1, Epoch 186, Train Loss: 1.3484, Val Loss: 1.3812, Val Acc: 0.1334
Precision: 0.9939, Recall: 0.2655, F1-Score: 0.4159
Fold 1, Epoch 187, Train Loss: 1.3873, Val Loss: 1.3538, Val Acc: 0.2526
Precision: 0.9937, Recall: 0.0419, F1-Score: 0.0754
Fold 1, Epoch 188, Train Loss: 1.3804, Val Loss: 1.3654, Val Acc: 0.0424
Precision: 0.9938, Recall: 0.1690, F1-Score: 0.2848
Fold 1, Epoch 189, Train Loss: 1.3858, Val Loss: 1.3193, Val Acc: 0.1626
Precision: 0.9936, Recall: 0.2600, F1-Score: 0.4090
Fold 1, Epoch 190, Train Loss: 1.3671, Val Loss: 1.3021, Val Acc: 0.2482
Precision: 0.9938, Recall: 0.1909, F1-Score: 0.3167
Fold 1, Epoch 191, Train Loss: 1.3935, Val Loss: 1.3344, Val Acc: 0.1830
Precision: 0.9938, Recall: 0.1560, F1-Score: 0.2656
Fold 1, Epoch 192, Train Loss: 1.3691, Val Loss: 1.3053, Val Acc: 0.1504
Precision: 0.9938, Recall: 0.1655, F1-Score: 0.2797
Fold 1, Epoch 193, Train Loss: 1.3446, Val Loss: 1.3389, Val Acc: 0.1594
Precision: 0.9937, Recall: 0.2740, F1-Score: 0.4264
Fold 1, Epoch 194, Train Loss: 1.3568, Val Loss: 1.3820, Val Acc: 0.2612
Precision: 0.9938, Recall: 0.1677, F1-Score: 0.2830
Fold 1, Epoch 195, Train Loss: 1.3844, Val Loss: 1.2722, Val Acc: 0.1619
Precision: 0.9937, Recall: 0.2486, F1-Score: 0.3942
Fold 1, Epoch 196, Train Loss: 1.4151, Val Loss: 1.2680, Val Acc: 0.2373
Precision: 0.9938, Recall: 0.2302, F1-Score: 0.3702
Fold 1, Epoch 197, Train Loss: 1.4049, Val Loss: 1.2747, Val Acc: 0.2197
Precision: 0.9938, Recall: 0.2568, F1-Score: 0.4051
Fold 1, Epoch 198, Train Loss: 1.3667, Val Loss: 1.3469, Val Acc: 0.2455
Precision: 0.9937, Recall: 0.1572, F1-Score: 0.2675
Fold 1, Epoch 199, Train Loss: 1.4624, Val Loss: 1.3540, Val Acc: 0.1518
Precision: 0.9935, Recall: 0.2671, F1-Score: 0.4180
Fold 1, Epoch 200, Train Loss: 1.4090, Val Loss: 1.4144, Val Acc: 0.2547
Precision: 0.9938, Recall: 0.1593, F1-Score: 0.2707
Fold 1, Epoch 201, Train Loss: 1.4060, Val Loss: 1.3676, Val Acc: 0.1535
Precision: 0.9938, Recall: 0.2322, F1-Score: 0.3731
Fold 1, Epoch 202, Train Loss: 1.4337, Val Loss: 1.4131, Val Acc: 0.2222
Precision: 0.9936, Recall: 0.2831, F1-Score: 0.4376
Fold 1, Epoch 203, Train Loss: 1.3540, Val Loss: 1.3383, Val Acc: 0.2700
Precision: 0.9937, Recall: 0.2343, F1-Score: 0.3757
Fold 1, Epoch 204, Train Loss: 1.3652, Val Loss: 1.2842, Val Acc: 0.2239
Precision: 0.9938, Recall: 0.1929, F1-Score: 0.3191
Fold 1, Epoch 205, Train Loss: 1.3057, Val Loss: 1.2622, Val Acc: 0.1832
Precision: 0.9938, Recall: 0.2164, F1-Score: 0.3514
Fold 1, Epoch 206, Train Loss: 1.2991, Val Loss: 1.2771, Val Acc: 0.2061
Precision: 0.9937, Recall: 0.1642, F1-Score: 0.2785
Fold 1, Epoch 207, Train Loss: 1.3207, Val Loss: 1.4223, Val Acc: 0.1576
Precision: 0.9937, Recall: 0.2798, F1-Score: 0.4336
Fold 1, Epoch 208, Train Loss: 1.4115, Val Loss: 1.2804, Val Acc: 0.2668
Precision: 0.9937, Recall: 0.0987, F1-Score: 0.1755
Fold 1, Epoch 209, Train Loss: 1.3790, Val Loss: 1.2472, Val Acc: 0.0972
Precision: 0.9937, Recall: 0.2381, F1-Score: 0.3806
Fold 1, Epoch 210, Train Loss: 1.3024, Val Loss: 1.2506, Val Acc: 0.2276
Precision: 0.9939, Recall: 0.2828, F1-Score: 0.4372
Fold 1, Epoch 211, Train Loss: 1.3282, Val Loss: 1.3096, Val Acc: 0.2692
Precision: 0.9938, Recall: 0.2352, F1-Score: 0.3770
Fold 1, Epoch 212, Train Loss: 1.3287, Val Loss: 1.2740, Val Acc: 0.2248
Precision: 0.9938, Recall: 0.1628, F1-Score: 0.2757
Fold 1, Epoch 213, Train Loss: 1.3174, Val Loss: 1.2747, Val Acc: 0.1568
Precision: 0.9938, Recall: 0.2143, F1-Score: 0.3485
Fold 1, Epoch 214, Train Loss: 1.3130, Val Loss: 1.2562, Val Acc: 0.2049
Precision: 0.9938, Recall: 0.2606, F1-Score: 0.4097
Fold 1, Epoch 215, Train Loss: 1.3276, Val Loss: 1.3433, Val Acc: 0.2482
Precision: 0.9938, Recall: 0.0781, F1-Score: 0.1398
Fold 1, Epoch 216, Train Loss: 1.3433, Val Loss: 1.2740, Val Acc: 0.0751
Precision: 0.9937, Recall: 0.2326, F1-Score: 0.3734
Fold 1, Epoch 217, Train Loss: 1.3312, Val Loss: 1.2743, Val Acc: 0.2215
Precision: 0.9938, Recall: 0.2496, F1-Score: 0.3957
Fold 1, Epoch 218, Train Loss: 1.2763, Val Loss: 1.2775, Val Acc: 0.2380
Precision: 0.9937, Recall: 0.2728, F1-Score: 0.4249
Fold 1, Epoch 219, Train Loss: 1.3835, Val Loss: 1.2611, Val Acc: 0.2603
Precision: 0.9937, Recall: 0.2483, F1-Score: 0.3939
Fold 1, Epoch 220, Train Loss: 1.3454, Val Loss: 1.3251, Val Acc: 0.2369
Precision: 0.9938, Recall: 0.1882, F1-Score: 0.3126
Fold 1, Epoch 221, Train Loss: 1.3616, Val Loss: 1.3569, Val Acc: 0.1800
Precision: 0.9938, Recall: 0.2129, F1-Score: 0.3470
Fold 1, Epoch 222, Train Loss: 1.3701, Val Loss: 1.2929, Val Acc: 0.2037
Precision: 0.9938, Recall: 0.1791, F1-Score: 0.2997
Fold 1, Epoch 223, Train Loss: 1.3529, Val Loss: 1.2570, Val Acc: 0.1722
Precision: 0.9937, Recall: 0.2708, F1-Score: 0.4220
Fold 1, Epoch 224, Train Loss: 1.2910, Val Loss: 1.2366, Val Acc: 0.2581
Precision: 0.9938, Recall: 0.1990, F1-Score: 0.3276
Fold 1, Epoch 225, Train Loss: 1.2645, Val Loss: 1.2305, Val Acc: 0.1909
Precision: 0.9938, Recall: 0.2035, F1-Score: 0.3341
Fold 1, Epoch 226, Train Loss: 1.2994, Val Loss: 1.2382, Val Acc: 0.1950
Precision: 0.9939, Recall: 0.1620, F1-Score: 0.2746
Fold 1, Epoch 227, Train Loss: 1.2980, Val Loss: 1.2778, Val Acc: 0.1560
Precision: 0.9938, Recall: 0.2852, F1-Score: 0.4402
Fold 1, Epoch 228, Train Loss: 1.3451, Val Loss: 1.4101, Val Acc: 0.2696
Precision: 0.9938, Recall: 0.1284, F1-Score: 0.2235
Fold 1, Epoch 229, Train Loss: 1.3961, Val Loss: 1.3145, Val Acc: 0.1247
Precision: 0.9938, Recall: 0.2529, F1-Score: 0.3997
Fold 1, Epoch 230, Train Loss: 1.3776, Val Loss: 1.2446, Val Acc: 0.2420
Precision: 0.9938, Recall: 0.1051, F1-Score: 0.1851
Fold 1, Epoch 231, Train Loss: 1.3517, Val Loss: 1.2352, Val Acc: 0.1037
Precision: 0.9938, Recall: 0.1712, F1-Score: 0.2883
Fold 1, Epoch 232, Train Loss: 1.2903, Val Loss: 1.2788, Val Acc: 0.1654
Precision: 0.9939, Recall: 0.2578, F1-Score: 0.4062
Fold 1, Epoch 233, Train Loss: 1.3152, Val Loss: 1.2731, Val Acc: 0.2454
Precision: 0.9937, Recall: 0.0969, F1-Score: 0.1724
Fold 1, Epoch 234, Train Loss: 1.2861, Val Loss: 1.5003, Val Acc: 0.0938
Precision: 0.9935, Recall: 0.3278, F1-Score: 0.4901
Fold 1, Epoch 235, Train Loss: 1.4254, Val Loss: 1.3527, Val Acc: 0.3116
Precision: 0.9938, Recall: 0.0036, F1-Score: 0.0009
Fold 1, Epoch 236, Train Loss: 1.3776, Val Loss: 1.2797, Val Acc: 0.0033
Precision: 0.0005, Recall: 0.0031, F1-Score: 0.0008
Fold 1, Epoch 237, Train Loss: 1.3695, Val Loss: 1.3077, Val Acc: 0.0032
Precision: 0.9937, Recall: 0.0230, F1-Score: 0.0400
Fold 1, Epoch 238, Train Loss: 1.2969, Val Loss: 1.3386, Val Acc: 0.0240
Precision: 0.9938, Recall: 0.2640, F1-Score: 0.4140
Fold 1, Epoch 239, Train Loss: 1.3420, Val Loss: 1.2998, Val Acc: 0.2528
Precision: 0.9938, Recall: 0.0934, F1-Score: 0.1663
Fold 1, Epoch 240, Train Loss: 1.3436, Val Loss: 1.2916, Val Acc: 0.0919
Precision: 0.9937, Recall: 0.0964, F1-Score: 0.1721
Fold 1, Epoch 241, Train Loss: 1.3486, Val Loss: 1.6352, Val Acc: 0.0942
Precision: 0.9937, Recall: 0.1480, F1-Score: 0.2540
Fold 1, Epoch 242, Train Loss: 1.5161, Val Loss: 1.3710, Val Acc: 0.1429
Precision: 0.9937, Recall: 0.2508, F1-Score: 0.3973
Fold 1, Epoch 243, Train Loss: 1.4502, Val Loss: 1.3417, Val Acc: 0.2393
Precision: 0.9938, Recall: 0.1280, F1-Score: 0.2229
Fold 1, Epoch 244, Train Loss: 1.3862, Val Loss: 1.3515, Val Acc: 0.1245
Precision: 0.9938, Recall: 0.2232, F1-Score: 0.3607
Fold 1, Epoch 245, Train Loss: 1.3278, Val Loss: 1.2467, Val Acc: 0.2140
Precision: 0.9938, Recall: 0.1879, F1-Score: 0.3123
Fold 1, Epoch 246, Train Loss: 1.2559, Val Loss: 1.2424, Val Acc: 0.1813
Precision: 0.9938, Recall: 0.2137, F1-Score: 0.3480
Fold 1, Epoch 247, Train Loss: 1.2909, Val Loss: 1.2670, Val Acc: 0.2049
Precision: 0.9937, Recall: 0.2874, F1-Score: 0.4428
Fold 1, Epoch 248, Train Loss: 1.2725, Val Loss: 1.2580, Val Acc: 0.2735
Precision: 0.9938, Recall: 0.2052, F1-Score: 0.3365
Fold 1, Epoch 249, Train Loss: 1.3659, Val Loss: 1.2481, Val Acc: 0.1958
Precision: 0.9938, Recall: 0.1788, F1-Score: 0.2991
Fold 1, Epoch 250, Train Loss: 1.2707, Val Loss: 1.2500, Val Acc: 0.1717
Precision: 0.9938, Recall: 0.1368, F1-Score: 0.2361
Fold 1, Epoch 251, Train Loss: 1.2973, Val Loss: 1.2579, Val Acc: 0.1330
Precision: 0.9938, Recall: 0.2726, F1-Score: 0.4243
Fold 1, Epoch 252, Train Loss: 1.2303, Val Loss: 1.2283, Val Acc: 0.2593
Precision: 0.9938, Recall: 0.1562, F1-Score: 0.2662
Fold 1, Epoch 253, Train Loss: 1.2704, Val Loss: 1.2852, Val Acc: 0.1510
Precision: 0.9938, Recall: 0.2217, F1-Score: 0.3590
Fold 1, Epoch 254, Train Loss: 1.3294, Val Loss: 1.2151, Val Acc: 0.2124
Precision: 0.9938, Recall: 0.0730, F1-Score: 0.1313
Fold 1, Epoch 255, Train Loss: 1.3274, Val Loss: 1.2534, Val Acc: 0.0725
Precision: 0.9938, Recall: 0.2812, F1-Score: 0.4353
Fold 1, Epoch 256, Train Loss: 1.3192, Val Loss: 1.3042, Val Acc: 0.2679
Precision: 0.9938, Recall: 0.2703, F1-Score: 0.4216
Fold 1, Epoch 257, Train Loss: 1.2805, Val Loss: 1.2762, Val Acc: 0.2572
Precision: 0.9937, Recall: 0.1289, F1-Score: 0.2240
Fold 1, Epoch 258, Train Loss: 1.3100, Val Loss: 1.2984, Val Acc: 0.1248
Precision: 0.9938, Recall: 0.0879, F1-Score: 0.1568
Fold 1, Epoch 259, Train Loss: 1.2792, Val Loss: 1.2345, Val Acc: 0.0877
Precision: 0.9938, Recall: 0.2746, F1-Score: 0.4271
Fold 1, Epoch 260, Train Loss: 1.2342, Val Loss: 1.2617, Val Acc: 0.2616
Precision: 0.9939, Recall: 0.1914, F1-Score: 0.3173
Fold 1, Epoch 261, Train Loss: 1.2866, Val Loss: 1.2507, Val Acc: 0.1842
Precision: 0.9937, Recall: 0.2381, F1-Score: 0.3809
Fold 1, Epoch 262, Train Loss: 1.2145, Val Loss: 1.2936, Val Acc: 0.2276
Precision: 0.9939, Recall: 0.2604, F1-Score: 0.4096
Fold 1, Epoch 263, Train Loss: 1.2495, Val Loss: 1.2280, Val Acc: 0.2479
Precision: 0.9938, Recall: 0.1773, F1-Score: 0.2973
Fold 1, Epoch 264, Train Loss: 1.3074, Val Loss: 1.3417, Val Acc: 0.1705
Precision: 0.9937, Recall: 0.2024, F1-Score: 0.3333
Fold 1, Epoch 265, Train Loss: 1.2862, Val Loss: 1.4340, Val Acc: 0.1937
Precision: 0.9938, Recall: 0.1127, F1-Score: 0.1980
Fold 1, Epoch 266, Train Loss: 1.3953, Val Loss: 1.1966, Val Acc: 0.1104
Precision: 0.9938, Recall: 0.1201, F1-Score: 0.2101
Fold 1, Epoch 267, Train Loss: 1.2766, Val Loss: 1.2830, Val Acc: 0.1168
Precision: 0.9936, Recall: 0.3808, F1-Score: 0.5479
Fold 1, Epoch 268, Train Loss: 1.2908, Val Loss: 1.2559, Val Acc: 0.3599
Precision: 0.9938, Recall: 0.0614, F1-Score: 0.1107
Fold 1, Epoch 269, Train Loss: 1.3095, Val Loss: 1.2555, Val Acc: 0.0618
Precision: 0.9938, Recall: 0.1384, F1-Score: 0.2388
Fold 1, Epoch 270, Train Loss: 1.2485, Val Loss: 1.2527, Val Acc: 0.1348
Precision: 0.9936, Recall: 0.3366, F1-Score: 0.4995
Fold 1, Epoch 271, Train Loss: 1.2116, Val Loss: 1.1888, Val Acc: 0.3188
Precision: 0.9939, Recall: 0.2021, F1-Score: 0.3321
Fold 1, Epoch 272, Train Loss: 1.2613, Val Loss: 1.2504, Val Acc: 0.1935
Precision: 0.9938, Recall: 0.1228, F1-Score: 0.2144
Fold 1, Epoch 273, Train Loss: 1.2487, Val Loss: 1.2398, Val Acc: 0.1197
Precision: 0.9937, Recall: 0.2109, F1-Score: 0.3444
Fold 1, Epoch 274, Train Loss: 1.2710, Val Loss: 1.3535, Val Acc: 0.1990
Precision: 0.9938, Recall: 0.2962, F1-Score: 0.4533
Fold 1, Epoch 275, Train Loss: 1.3081, Val Loss: 1.2407, Val Acc: 0.2818
Precision: 0.9938, Recall: 0.1789, F1-Score: 0.2993
Fold 1, Epoch 276, Train Loss: 1.2669, Val Loss: 1.3487, Val Acc: 0.1716
Precision: 0.9938, Recall: 0.2021, F1-Score: 0.3320
Fold 1, Epoch 277, Train Loss: 1.3221, Val Loss: 1.2100, Val Acc: 0.1937
Precision: 0.9938, Recall: 0.2589, F1-Score: 0.4077
Fold 1, Epoch 278, Train Loss: 1.2543, Val Loss: 1.2734, Val Acc: 0.2463
Precision: 0.9939, Recall: 0.2547, F1-Score: 0.4021
Fold 1, Epoch 279, Train Loss: 1.3075, Val Loss: 1.2396, Val Acc: 0.2425
Precision: 0.9939, Recall: 0.2691, F1-Score: 0.4202
Fold 1, Epoch 280, Train Loss: 1.2502, Val Loss: 1.1755, Val Acc: 0.2560
Precision: 0.9938, Recall: 0.1568, F1-Score: 0.2665
Fold 1, Epoch 281, Train Loss: 1.2209, Val Loss: 1.2077, Val Acc: 0.1506
Precision: 0.9938, Recall: 0.2850, F1-Score: 0.4398
Fold 1, Epoch 282, Train Loss: 1.2150, Val Loss: 1.2585, Val Acc: 0.2700
Precision: 0.9938, Recall: 0.2537, F1-Score: 0.4007
Fold 1, Epoch 283, Train Loss: 1.2340, Val Loss: 1.1826, Val Acc: 0.2404
Precision: 0.9938, Recall: 0.2044, F1-Score: 0.3355
Fold 1, Epoch 284, Train Loss: 1.2227, Val Loss: 1.3373, Val Acc: 0.1956
Precision: 0.9939, Recall: 0.2025, F1-Score: 0.3328
Fold 1, Epoch 285, Train Loss: 1.2526, Val Loss: 1.2110, Val Acc: 0.1943
Precision: 0.9938, Recall: 0.2988, F1-Score: 0.4563
Fold 1, Epoch 286, Train Loss: 1.2717, Val Loss: 1.1897, Val Acc: 0.2844
Precision: 0.9937, Recall: 0.2807, F1-Score: 0.4345
Fold 1, Epoch 287, Train Loss: 1.2173, Val Loss: 1.3017, Val Acc: 0.2662
Precision: 0.9937, Recall: 0.2235, F1-Score: 0.3614
Fold 1, Epoch 288, Train Loss: 1.2394, Val Loss: 1.3374, Val Acc: 0.2130
Precision: 0.9939, Recall: 0.2000, F1-Score: 0.3294
Fold 1, Epoch 289, Train Loss: 1.3168, Val Loss: 1.2314, Val Acc: 0.1911
Precision: 0.9938, Recall: 0.3090, F1-Score: 0.4686
Fold 1, Epoch 290, Train Loss: 1.2467, Val Loss: 1.1902, Val Acc: 0.2938
Precision: 0.9939, Recall: 0.1768, F1-Score: 0.2962
Fold 1, Epoch 291, Train Loss: 1.2524, Val Loss: 1.1597, Val Acc: 0.1703
Precision: 0.9937, Recall: 0.2753, F1-Score: 0.4279
Fold 1, Epoch 292, Train Loss: 1.2744, Val Loss: 1.2494, Val Acc: 0.2620
Precision: 0.9939, Recall: 0.1458, F1-Score: 0.2499
Fold 1, Epoch 293, Train Loss: 1.2790, Val Loss: 1.2142, Val Acc: 0.1395
Precision: 0.9938, Recall: 0.2279, F1-Score: 0.3673
Fold 1, Epoch 294, Train Loss: 1.2236, Val Loss: 1.2267, Val Acc: 0.2179
Precision: 0.9938, Recall: 0.2330, F1-Score: 0.3735
Fold 1, Epoch 295, Train Loss: 1.3154, Val Loss: 1.1567, Val Acc: 0.2223
Precision: 0.9938, Recall: 0.2945, F1-Score: 0.4512
Fold 1, Epoch 296, Train Loss: 1.2225, Val Loss: 1.1953, Val Acc: 0.2798
Precision: 0.9938, Recall: 0.1513, F1-Score: 0.2587
Fold 1, Epoch 297, Train Loss: 1.2727, Val Loss: 1.2437, Val Acc: 0.1462
Precision: 0.9938, Recall: 0.1347, F1-Score: 0.2324
Fold 1, Epoch 298, Train Loss: 1.2615, Val Loss: 1.1775, Val Acc: 0.1308
Precision: 0.9938, Recall: 0.2575, F1-Score: 0.4055
Fold 1, Epoch 299, Train Loss: 1.2504, Val Loss: 1.1809, Val Acc: 0.2460
Pair 1:
Pair 1:Data file: /home/nishioka/GNN/Defect_4x4_Normalized1/Normalized1_Defect4x4_ELNOD_L17B5.npy

Data file: /home/nishioka/GNN/Defect_4x4_Normalized1/Normalized1_Defect4x4_ELNOD_L17B5.npyLabel file: /home/nishioka/GNN/Defect19Class_OneHot_test2/Defect19Class_L17B5.npy

Label file: /home/nishioka/GNN/Defect19Class_OneHot_test2/Defect19Class_L17B5.npy
x shape: torch.Size([3654, 4])x shape: torch.Size([3654, 4])

y shape: torch.Size([3654])y shape: torch.Size([3654])

Pair 1:
Data file: /home/nishioka/GNN/Defect_4x4_Normalized1/Normalized1_Defect4x4_ELNOD_L17B5.npy
Label file: /home/nishioka/GNN/Defect19Class_OneHot_test2/Defect19Class_L17B5.npy
x shape: torch.Size([3654, 4])
y shape: torch.Size([3654])
Sample x: tensor([[0.0110, 0.0000, 0.0000, 0.7766],
        [0.0110, 0.0000, 0.0357, 0.7705]])Sample x: tensor([[0.0110, 0.0000, 0.0000, 0.7766],
        [0.0110, 0.0000, 0.0357, 0.7705]])

Sample y: tensor([0, 0])Sample y: tensor([0, 0])

Sample x: tensor([[0.0110, 0.0000, 0.0000, 0.7766],
        [0.0110, 0.0000, 0.0357, 0.7705]])
Sample y: tensor([0, 0])
Pair 2:
Data file: /home/nishioka/GNN/Defect_4x4_Normalized1/Normalized1_Defect4x4_ELNOD_L11B87.npy
Label file: /home/nishioka/GNN/Defect19Class_OneHot_test2/Defect19Class_L11B87.npy
Pair 2:
x shape: torch.Size([3654, 4])Data file: /home/nishioka/GNN/Defect_4x4_Normalized1/Normalized1_Defect4x4_ELNOD_L11B87.npy

y shape: torch.Size([3654])Label file: /home/nishioka/GNN/Defect19Class_OneHot_test2/Defect19Class_L11B87.npy

x shape: torch.Size([3654, 4])
y shape: torch.Size([3654])
Pair 2:
Data file: /home/nishioka/GNN/Defect_4x4_Normalized1/Normalized1_Defect4x4_ELNOD_L11B87.npy
Label file: /home/nishioka/GNN/Defect19Class_OneHot_test2/Defect19Class_L11B87.npy
x shape: torch.Size([3654, 4])
y shape: torch.Size([3654])
Sample x: tensor([[0.0110, 0.0000, 0.0000, 0.7021],
        [0.0110, 0.0000, 0.0357, 0.6920]])
Sample x: tensor([[0.0110, 0.0000, 0.0000, 0.7021],
        [0.0110, 0.0000, 0.0357, 0.6920]])
Sample y: tensor([0, 0])
Sample y: tensor([0, 0])
Sample x: tensor([[0.0110, 0.0000, 0.0000, 0.7021],
        [0.0110, 0.0000, 0.0357, 0.6920]])
Sample y: tensor([0, 0])
Pair 3:
Data file: /home/nishioka/GNN/Defect_4x4_Normalized1/Normalized1_Defect4x4_ELNOD_L2B9.npy
Label file: /home/nishioka/GNN/Defect19Class_OneHot_test2/Defect19Class_L2B9.npy
x shape: torch.Size([3654, 4])Pair 3:

y shape: torch.Size([3654])Data file: /home/nishioka/GNN/Defect_4x4_Normalized1/Normalized1_Defect4x4_ELNOD_L2B9.npy

Label file: /home/nishioka/GNN/Defect19Class_OneHot_test2/Defect19Class_L2B9.npy
x shape: torch.Size([3654, 4])
y shape: torch.Size([3654])
Sample x: tensor([[0.0110, 0.0000, 0.0000, 0.5476],
        [0.0110, 0.0000, 0.0357, 0.5359]])Sample x: tensor([[0.0110, 0.0000, 0.0000, 0.5476],
        [0.0110, 0.0000, 0.0357, 0.5359]])

Sample y: tensor([0, 0])
Pair 3:
Data file: /home/nishioka/GNN/Defect_4x4_Normalized1/Normalized1_Defect4x4_ELNOD_L2B9.npy
Label file: /home/nishioka/GNN/Defect19Class_OneHot_test2/Defect19Class_L2B9.npy
x shape: torch.Size([3654, 4])
y shape: torch.Size([3654])
Sample y: tensor([0, 0])
Sample x: tensor([[0.0110, 0.0000, 0.0000, 0.5476],
        [0.0110, 0.0000, 0.0357, 0.5359]])
Sample y: tensor([0, 0])
Precision: 0.9938, Recall: 0.2878, F1-Score: 0.4429
Fold 1, Epoch 300, Train Loss: 1.2370, Val Loss: 1.1663, Val Acc: 0.2733
Completed Fold 1
Starting Fold 2
Pair 1:
Data file: /home/nishioka/GNN/Defect_4x4_Normalized1/Normalized1_Defect4x4_ELNOD_L17B5.npy
Label file: /home/nishioka/GNN/Defect19Class_OneHot_test2/Defect19Class_L17B5.npy
x shape: torch.Size([3654, 4])
y shape: torch.Size([3654])
Sample x: tensor([[0.0110, 0.0000, 0.0000, 0.7766],
        [0.0110, 0.0000, 0.0357, 0.7705]])
Sample y: tensor([0, 0])
Pair 2:
Data file: /home/nishioka/GNN/Defect_4x4_Normalized1/Normalized1_Defect4x4_ELNOD_L11B87.npy
Label file: /home/nishioka/GNN/Defect19Class_OneHot_test2/Defect19Class_L11B87.npy
x shape: torch.Size([3654, 4])
y shape: torch.Size([3654])
Sample x: tensor([[0.0110, 0.0000, 0.0000, 0.7021],
        [0.0110, 0.0000, 0.0357, 0.6920]])
Sample y: tensor([0, 0])
Pair 3:
Data file: /home/nishioka/GNN/Defect_4x4_Normalized1/Normalized1_Defect4x4_ELNOD_L2B9.npy
Label file: /home/nishioka/GNN/Defect19Class_OneHot_test2/Defect19Class_L2B9.npy
x shape: torch.Size([3654, 4])
y shape: torch.Size([3654])
Sample x: tensor([[0.0110, 0.0000, 0.0000, 0.5476],
        [0.0110, 0.0000, 0.0357, 0.5359]])
Sample y: tensor([0, 0])
Pair 1:
Data file: /home/nishioka/GNN/Defect_4x4_Normalized1/Normalized1_Defect4x4_ELNOD_L11B44.npy
Label file: /home/nishioka/GNN/Defect19Class_OneHot_test2/Defect19Class_L11B44.npy
x shape: torch.Size([3654, 4])
y shape: torch.Size([3654])
Sample x: tensor([[0.0110, 0.0000, 0.0000, 0.6208],
        [0.0110, 0.0000, 0.0357, 0.6121]])
Sample y: tensor([0, 0])
Pair 2:
Data file: /home/nishioka/GNN/Defect_4x4_Normalized1/Normalized1_Defect4x4_ELNOD_L18B60.npy
Label file: /home/nishioka/GNN/Defect19Class_OneHot_test2/Defect19Class_L18B60.npy
x shape: torch.Size([3654, 4])
y shape: torch.Size([3654])
Sample x: tensor([[0.0110, 0.0000, 0.0000, 0.5756],
        [0.0110, 0.0000, 0.0357, 0.5702]])
Sample y: tensor([0, 0])
Pair 3:
Data file: /home/nishioka/GNN/Defect_4x4_Normalized1/Normalized1_Defect4x4_ELNOD_L15B7.npy
Label file: /home/nishioka/GNN/Defect19Class_OneHot_test2/Defect19Class_L15B7.npy
x shape: torch.Size([3654, 4])
y shape: torch.Size([3654])
Sample x: tensor([[0.0110, 0.0000, 0.0000, 0.5735],
        [0.0110, 0.0000, 0.0357, 0.5670]])
Sample y: tensor([0, 0])
Pair 1:
Data file: /home/nishioka/GNN/Defect_4x4_Normalized1/Normalized1_Defect4x4_ELNOD_L11B44.npy
Label file: /home/nishioka/GNN/Defect19Class_OneHot_test2/Defect19Class_L11B44.npy
x shape: torch.Size([3654, 4])
y shape: torch.Size([3654])
Sample x: tensor([[0.0110, 0.0000, 0.0000, 0.6208],
        [0.0110, 0.0000, 0.0357, 0.6121]])
Sample y: tensor([0, 0])
Pair 2:
Data file: /home/nishioka/GNN/Defect_4x4_Normalized1/Normalized1_Defect4x4_ELNOD_L18B60.npy
Label file: /home/nishioka/GNN/Defect19Class_OneHot_test2/Defect19Class_L18B60.npy
x shape: torch.Size([3654, 4])
y shape: torch.Size([3654])
Sample x: tensor([[0.0110, 0.0000, 0.0000, 0.5756],
        [0.0110, 0.0000, 0.0357, 0.5702]])
Sample y: tensor([0, 0])
Pair 3:
Data file: /home/nishioka/GNN/Defect_4x4_Normalized1/Normalized1_Defect4x4_ELNOD_L15B7.npy
Label file: /home/nishioka/GNN/Defect19Class_OneHot_test2/Defect19Class_L15B7.npy
x shape: torch.Size([3654, 4])
y shape: torch.Size([3654])
Pair 1:
Data file: /home/nishioka/GNN/Defect_4x4_Normalized1/Normalized1_Defect4x4_ELNOD_L11B44.npy
Label file: /home/nishioka/GNN/Defect19Class_OneHot_test2/Defect19Class_L11B44.npy
x shape: torch.Size([3654, 4])
y shape: torch.Size([3654])
Sample x: tensor([[0.0110, 0.0000, 0.0000, 0.5735],
        [0.0110, 0.0000, 0.0357, 0.5670]])
Sample y: tensor([0, 0])
Sample x: tensor([[0.0110, 0.0000, 0.0000, 0.6208],
        [0.0110, 0.0000, 0.0357, 0.6121]])
Sample y: tensor([0, 0])
Pair 2:
Data file: /home/nishioka/GNN/Defect_4x4_Normalized1/Normalized1_Defect4x4_ELNOD_L18B60.npy
Label file: /home/nishioka/GNN/Defect19Class_OneHot_test2/Defect19Class_L18B60.npy
x shape: torch.Size([3654, 4])
y shape: torch.Size([3654])
Sample x: tensor([[0.0110, 0.0000, 0.0000, 0.5756],
        [0.0110, 0.0000, 0.0357, 0.5702]])
Sample y: tensor([0, 0])
Pair 3:
Data file: /home/nishioka/GNN/Defect_4x4_Normalized1/Normalized1_Defect4x4_ELNOD_L15B7.npy
Label file: /home/nishioka/GNN/Defect19Class_OneHot_test2/Defect19Class_L15B7.npy
x shape: torch.Size([3654, 4])
y shape: torch.Size([3654])
Sample x: tensor([[0.0110, 0.0000, 0.0000, 0.5735],
        [0.0110, 0.0000, 0.0357, 0.5670]])
Sample y: tensor([0, 0])
Pair 1:
Data file: /home/nishioka/GNN/Defect_4x4_Normalized1/Normalized1_Defect4x4_ELNOD_L11B44.npy
Label file: /home/nishioka/GNN/Defect19Class_OneHot_test2/Defect19Class_L11B44.npy
x shape: torch.Size([3654, 4])
y shape: torch.Size([3654])
Sample x: tensor([[0.0110, 0.0000, 0.0000, 0.6208],
        [0.0110, 0.0000, 0.0357, 0.6121]])
Sample y: tensor([0, 0])
Pair 2:
Data file: /home/nishioka/GNN/Defect_4x4_Normalized1/Normalized1_Defect4x4_ELNOD_L18B60.npy
Label file: /home/nishioka/GNN/Defect19Class_OneHot_test2/Defect19Class_L18B60.npy
x shape: torch.Size([3654, 4])
y shape: torch.Size([3654])
Sample x: tensor([[0.0110, 0.0000, 0.0000, 0.5756],
        [0.0110, 0.0000, 0.0357, 0.5702]])
Sample y: tensor([0, 0])
Pair 3:
Data file: /home/nishioka/GNN/Defect_4x4_Normalized1/Normalized1_Defect4x4_ELNOD_L15B7.npy
Label file: /home/nishioka/GNN/Defect19Class_OneHot_test2/Defect19Class_L15B7.npy
x shape: torch.Size([3654, 4])
y shape: torch.Size([3654])
Sample x: tensor([[0.0110, 0.0000, 0.0000, 0.5735],
        [0.0110, 0.0000, 0.0357, 0.5670]])
Sample y: tensor([0, 0])
Precision: 0.9935, Recall: 0.2196, F1-Score: 0.3562
Fold 2, Epoch 1, Train Loss: 1.5718, Val Loss: 1.2920, Val Acc: 0.2230
Precision: 0.9935, Recall: 0.0990, F1-Score: 0.1749
Fold 2, Epoch 2, Train Loss: 1.3363, Val Loss: 1.2564, Val Acc: 0.1008
Precision: 0.9936, Recall: 0.1559, F1-Score: 0.2655
Fold 2, Epoch 3, Train Loss: 1.2697, Val Loss: 1.2918, Val Acc: 0.1616
Precision: 0.9938, Recall: 0.1761, F1-Score: 0.2950
Fold 2, Epoch 4, Train Loss: 1.2497, Val Loss: 1.2210, Val Acc: 0.1794
Precision: 0.9937, Recall: 0.2498, F1-Score: 0.3957
Fold 2, Epoch 5, Train Loss: 1.2355, Val Loss: 1.2002, Val Acc: 0.2560
Precision: 0.9936, Recall: 0.2175, F1-Score: 0.3531
Fold 2, Epoch 6, Train Loss: 1.2371, Val Loss: 1.2272, Val Acc: 0.2199
Precision: 0.9937, Recall: 0.1534, F1-Score: 0.2614
Fold 2, Epoch 7, Train Loss: 1.2214, Val Loss: 1.2221, Val Acc: 0.1590
Precision: 0.9937, Recall: 0.1665, F1-Score: 0.2813
Fold 2, Epoch 8, Train Loss: 1.2020, Val Loss: 1.2358, Val Acc: 0.1741
Precision: 0.9936, Recall: 0.2389, F1-Score: 0.3817
Fold 2, Epoch 9, Train Loss: 1.2397, Val Loss: 1.3170, Val Acc: 0.2450
Precision: 0.9936, Recall: 0.1605, F1-Score: 0.2717
Fold 2, Epoch 10, Train Loss: 1.2459, Val Loss: 1.2468, Val Acc: 0.1646
Precision: 0.9937, Recall: 0.1575, F1-Score: 0.2680
Fold 2, Epoch 11, Train Loss: 1.1815, Val Loss: 1.2676, Val Acc: 0.1629
Precision: 0.9937, Recall: 0.2776, F1-Score: 0.4305
Fold 2, Epoch 12, Train Loss: 1.2001, Val Loss: 1.2049, Val Acc: 0.2840
Precision: 0.9937, Recall: 0.2446, F1-Score: 0.3890
Fold 2, Epoch 13, Train Loss: 1.2361, Val Loss: 1.2466, Val Acc: 0.2474
Precision: 0.9938, Recall: 0.1755, F1-Score: 0.2945
Fold 2, Epoch 14, Train Loss: 1.2106, Val Loss: 1.2023, Val Acc: 0.1764
Precision: 0.9936, Recall: 0.2040, F1-Score: 0.3352
Fold 2, Epoch 15, Train Loss: 1.2051, Val Loss: 1.3280, Val Acc: 0.2089
Precision: 0.9937, Recall: 0.1424, F1-Score: 0.2451
Fold 2, Epoch 16, Train Loss: 1.2829, Val Loss: 1.2444, Val Acc: 0.1462
Precision: 0.9937, Recall: 0.0963, F1-Score: 0.1712
Fold 2, Epoch 17, Train Loss: 1.2517, Val Loss: 1.3204, Val Acc: 0.0998
Precision: 0.9936, Recall: 0.1735, F1-Score: 0.2911
Fold 2, Epoch 18, Train Loss: 1.2356, Val Loss: 1.3105, Val Acc: 0.1795
Precision: 0.9937, Recall: 0.2295, F1-Score: 0.3694
Fold 2, Epoch 19, Train Loss: 1.2512, Val Loss: 1.2447, Val Acc: 0.2351
Precision: 0.9936, Recall: 0.1674, F1-Score: 0.2824
Fold 2, Epoch 20, Train Loss: 1.2326, Val Loss: 1.2555, Val Acc: 0.1717
Precision: 0.9936, Recall: 0.2456, F1-Score: 0.3904
Fold 2, Epoch 21, Train Loss: 1.2338, Val Loss: 1.3041, Val Acc: 0.2501
Precision: 0.9936, Recall: 0.1963, F1-Score: 0.3241
Fold 2, Epoch 22, Train Loss: 1.2138, Val Loss: 1.3023, Val Acc: 0.1998
Precision: 0.9936, Recall: 0.1352, F1-Score: 0.2335
Fold 2, Epoch 23, Train Loss: 1.2673, Val Loss: 1.2478, Val Acc: 0.1387
Precision: 0.9936, Recall: 0.2079, F1-Score: 0.3402
Fold 2, Epoch 24, Train Loss: 1.2872, Val Loss: 1.3517, Val Acc: 0.2114
Precision: 0.9936, Recall: 0.2242, F1-Score: 0.3621
Fold 2, Epoch 25, Train Loss: 1.3235, Val Loss: 1.2567, Val Acc: 0.2279
Precision: 0.9937, Recall: 0.1517, F1-Score: 0.2597
Fold 2, Epoch 26, Train Loss: 1.2960, Val Loss: 1.4647, Val Acc: 0.1557
Precision: 0.9935, Recall: 0.2789, F1-Score: 0.4321
Fold 2, Epoch 27, Train Loss: 1.3072, Val Loss: 1.3207, Val Acc: 0.2841
Precision: 0.9936, Recall: 0.2363, F1-Score: 0.3787
Fold 2, Epoch 28, Train Loss: 1.2465, Val Loss: 1.4912, Val Acc: 0.2402
Precision: 0.9935, Recall: 0.2616, F1-Score: 0.4108
Fold 2, Epoch 29, Train Loss: 1.2783, Val Loss: 1.2644, Val Acc: 0.2648
Precision: 0.9937, Recall: 0.1876, F1-Score: 0.3121
Fold 2, Epoch 30, Train Loss: 1.2341, Val Loss: 1.2769, Val Acc: 0.1914
Precision: 0.9936, Recall: 0.2727, F1-Score: 0.4246
Fold 2, Epoch 31, Train Loss: 1.2305, Val Loss: 1.3356, Val Acc: 0.2783
Precision: 0.9936, Recall: 0.2560, F1-Score: 0.4038
Fold 2, Epoch 32, Train Loss: 1.3010, Val Loss: 1.4364, Val Acc: 0.2596
Precision: 0.9937, Recall: 0.1634, F1-Score: 0.2761
Fold 2, Epoch 33, Train Loss: 1.3022, Val Loss: 1.2478, Val Acc: 0.1633
Precision: 0.9937, Recall: 0.2298, F1-Score: 0.3695
Fold 2, Epoch 34, Train Loss: 1.2717, Val Loss: 1.2256, Val Acc: 0.2325
Precision: 0.9936, Recall: 0.1922, F1-Score: 0.3182
Fold 2, Epoch 35, Train Loss: 1.1889, Val Loss: 1.2389, Val Acc: 0.1947
Precision: 0.9937, Recall: 0.2360, F1-Score: 0.3778
Fold 2, Epoch 36, Train Loss: 1.2129, Val Loss: 1.3266, Val Acc: 0.2390
Precision: 0.9936, Recall: 0.2005, F1-Score: 0.3297
Fold 2, Epoch 37, Train Loss: 1.2159, Val Loss: 1.2245, Val Acc: 0.2029
Precision: 0.9936, Recall: 0.2859, F1-Score: 0.4410
Fold 2, Epoch 38, Train Loss: 1.2251, Val Loss: 1.4520, Val Acc: 0.2893
Precision: 0.9937, Recall: 0.2180, F1-Score: 0.3536
Fold 2, Epoch 39, Train Loss: 1.3467, Val Loss: 1.2002, Val Acc: 0.2195
Precision: 0.9937, Recall: 0.1921, F1-Score: 0.3180
Fold 2, Epoch 40, Train Loss: 1.2054, Val Loss: 1.2076, Val Acc: 0.1941
Precision: 0.9936, Recall: 0.2688, F1-Score: 0.4199
Fold 2, Epoch 41, Train Loss: 1.2500, Val Loss: 1.2562, Val Acc: 0.2730
Precision: 0.9937, Recall: 0.1626, F1-Score: 0.2756
Fold 2, Epoch 42, Train Loss: 1.2585, Val Loss: 1.2681, Val Acc: 0.1638
Precision: 0.9936, Recall: 0.2438, F1-Score: 0.3880
Fold 2, Epoch 43, Train Loss: 1.1755, Val Loss: 1.2337, Val Acc: 0.2460
Precision: 0.9936, Recall: 0.2086, F1-Score: 0.3407
Fold 2, Epoch 44, Train Loss: 1.2016, Val Loss: 1.2287, Val Acc: 0.2103
Precision: 0.9935, Recall: 0.2910, F1-Score: 0.4467
Fold 2, Epoch 45, Train Loss: 1.1805, Val Loss: 1.2242, Val Acc: 0.2960
Precision: 0.9936, Recall: 0.1438, F1-Score: 0.2469
Fold 2, Epoch 46, Train Loss: 1.1997, Val Loss: 1.2607, Val Acc: 0.1446
Precision: 0.9936, Recall: 0.2054, F1-Score: 0.3367
Fold 2, Epoch 47, Train Loss: 1.2898, Val Loss: 1.3387, Val Acc: 0.2095
Precision: 0.9937, Recall: 0.1987, F1-Score: 0.3272
Fold 2, Epoch 48, Train Loss: 1.2623, Val Loss: 1.2445, Val Acc: 0.2045
Precision: 0.9937, Recall: 0.2539, F1-Score: 0.4011
Fold 2, Epoch 49, Train Loss: 1.2416, Val Loss: 1.2094, Val Acc: 0.2589
Precision: 0.9936, Recall: 0.1387, F1-Score: 0.2391
Fold 2, Epoch 50, Train Loss: 1.2268, Val Loss: 1.2716, Val Acc: 0.1397
Precision: 0.9936, Recall: 0.2515, F1-Score: 0.3975
Fold 2, Epoch 51, Train Loss: 1.2361, Val Loss: 1.1947, Val Acc: 0.2536
Precision: 0.9936, Recall: 0.1943, F1-Score: 0.3210
Fold 2, Epoch 52, Train Loss: 1.1755, Val Loss: 1.2797, Val Acc: 0.1955
Precision: 0.9936, Recall: 0.2639, F1-Score: 0.4139
Fold 2, Epoch 53, Train Loss: 1.2204, Val Loss: 1.3057, Val Acc: 0.2685
Precision: 0.9937, Recall: 0.2428, F1-Score: 0.3864
Fold 2, Epoch 54, Train Loss: 1.2646, Val Loss: 1.1967, Val Acc: 0.2470
Precision: 0.9937, Recall: 0.1889, F1-Score: 0.3135
Fold 2, Epoch 55, Train Loss: 1.1903, Val Loss: 1.2622, Val Acc: 0.1901
Precision: 0.9936, Recall: 0.2361, F1-Score: 0.3776
Fold 2, Epoch 56, Train Loss: 1.1742, Val Loss: 1.2410, Val Acc: 0.2394
Precision: 0.9936, Recall: 0.1800, F1-Score: 0.3007
Fold 2, Epoch 57, Train Loss: 1.2420, Val Loss: 1.2753, Val Acc: 0.1832
Precision: 0.9936, Recall: 0.2229, F1-Score: 0.3602
Fold 2, Epoch 58, Train Loss: 1.2968, Val Loss: 1.2594, Val Acc: 0.2238
Precision: 0.9937, Recall: 0.2622, F1-Score: 0.4114
Fold 2, Epoch 59, Train Loss: 1.2208, Val Loss: 1.2087, Val Acc: 0.2633
Precision: 0.9936, Recall: 0.1965, F1-Score: 0.3245
Fold 2, Epoch 60, Train Loss: 1.2268, Val Loss: 1.3487, Val Acc: 0.1996
Precision: 0.9935, Recall: 0.2243, F1-Score: 0.3628
Fold 2, Epoch 61, Train Loss: 1.2619, Val Loss: 1.5409, Val Acc: 0.2286
Precision: 0.9937, Recall: 0.1119, F1-Score: 0.1968
Fold 2, Epoch 62, Train Loss: 1.3664, Val Loss: 1.3666, Val Acc: 0.1153
Precision: 0.9937, Recall: 0.1380, F1-Score: 0.2383
Fold 2, Epoch 63, Train Loss: 1.2785, Val Loss: 1.2948, Val Acc: 0.1435
Precision: 0.9937, Recall: 0.2322, F1-Score: 0.3724
Fold 2, Epoch 64, Train Loss: 1.2654, Val Loss: 1.2200, Val Acc: 0.2345
Precision: 0.9938, Recall: 0.1194, F1-Score: 0.2084
Fold 2, Epoch 65, Train Loss: 1.2267, Val Loss: 1.2366, Val Acc: 0.1165
Precision: 0.9936, Recall: 0.2258, F1-Score: 0.3643
Fold 2, Epoch 66, Train Loss: 1.1972, Val Loss: 1.2468, Val Acc: 0.2259
Precision: 0.9936, Recall: 0.2314, F1-Score: 0.3719
Fold 2, Epoch 67, Train Loss: 1.1833, Val Loss: 1.2340, Val Acc: 0.2330
Precision: 0.9936, Recall: 0.2360, F1-Score: 0.3780
Fold 2, Epoch 68, Train Loss: 1.2221, Val Loss: 1.2570, Val Acc: 0.2372
Precision: 0.9936, Recall: 0.2015, F1-Score: 0.3312
Fold 2, Epoch 69, Train Loss: 1.1947, Val Loss: 1.2413, Val Acc: 0.2051
Precision: 0.9937, Recall: 0.1935, F1-Score: 0.3200
Fold 2, Epoch 70, Train Loss: 1.1762, Val Loss: 1.2233, Val Acc: 0.1977
Precision: 0.9937, Recall: 0.2514, F1-Score: 0.3975
Fold 2, Epoch 71, Train Loss: 1.1653, Val Loss: 1.1845, Val Acc: 0.2552
Precision: 0.9937, Recall: 0.2509, F1-Score: 0.3968
Fold 2, Epoch 72, Train Loss: 1.1706, Val Loss: 1.1792, Val Acc: 0.2537
Precision: 0.9937, Recall: 0.1999, F1-Score: 0.3292
Fold 2, Epoch 73, Train Loss: 1.2170, Val Loss: 1.2970, Val Acc: 0.2026
Precision: 0.9935, Recall: 0.2419, F1-Score: 0.3850
Fold 2, Epoch 74, Train Loss: 1.2686, Val Loss: 1.1726, Val Acc: 0.2466
Precision: 0.9937, Recall: 0.2570, F1-Score: 0.4049
Fold 2, Epoch 75, Train Loss: 1.2458, Val Loss: 1.2322, Val Acc: 0.2609
Precision: 0.9937, Recall: 0.2483, F1-Score: 0.3940
Fold 2, Epoch 76, Train Loss: 1.2015, Val Loss: 1.2851, Val Acc: 0.2515
Precision: 0.9937, Recall: 0.2624, F1-Score: 0.4117
Fold 2, Epoch 77, Train Loss: 1.2962, Val Loss: 1.2261, Val Acc: 0.2645
Precision: 0.9937, Recall: 0.1781, F1-Score: 0.2976
Fold 2, Epoch 78, Train Loss: 1.2269, Val Loss: 1.2330, Val Acc: 0.1795
Precision: 0.9936, Recall: 0.1395, F1-Score: 0.2400
Fold 2, Epoch 79, Train Loss: 1.2305, Val Loss: 1.3096, Val Acc: 0.1422
Precision: 0.9936, Recall: 0.2723, F1-Score: 0.4236
Fold 2, Epoch 80, Train Loss: 1.1997, Val Loss: 1.2023, Val Acc: 0.2789
Precision: 0.9936, Recall: 0.2287, F1-Score: 0.3679
Fold 2, Epoch 81, Train Loss: 1.2034, Val Loss: 1.1956, Val Acc: 0.2342
Precision: 0.9936, Recall: 0.2105, F1-Score: 0.3436
Fold 2, Epoch 82, Train Loss: 1.2002, Val Loss: 1.2166, Val Acc: 0.2151
Precision: 0.9935, Recall: 0.2135, F1-Score: 0.3481
Fold 2, Epoch 83, Train Loss: 1.1913, Val Loss: 1.2901, Val Acc: 0.2176
Precision: 0.9938, Recall: 0.1920, F1-Score: 0.3180
Fold 2, Epoch 84, Train Loss: 1.2091, Val Loss: 1.2572, Val Acc: 0.1968
Precision: 0.9936, Recall: 0.2626, F1-Score: 0.4118
Fold 2, Epoch 85, Train Loss: 1.2139, Val Loss: 1.1747, Val Acc: 0.2661
Precision: 0.9936, Recall: 0.2869, F1-Score: 0.4419
Fold 2, Epoch 86, Train Loss: 1.2204, Val Loss: 1.2952, Val Acc: 0.2931
Precision: 0.9936, Recall: 0.1659, F1-Score: 0.2800
Fold 2, Epoch 87, Train Loss: 1.2387, Val Loss: 1.2675, Val Acc: 0.1703
Precision: 0.9935, Recall: 0.2492, F1-Score: 0.3951
Fold 2, Epoch 88, Train Loss: 1.2377, Val Loss: 1.2552, Val Acc: 0.2547
Precision: 0.9936, Recall: 0.2579, F1-Score: 0.4060
Fold 2, Epoch 89, Train Loss: 1.1893, Val Loss: 1.2162, Val Acc: 0.2635
Precision: 0.9937, Recall: 0.2777, F1-Score: 0.4306
Fold 2, Epoch 90, Train Loss: 1.2067, Val Loss: 1.1930, Val Acc: 0.2828
Precision: 0.9937, Recall: 0.2289, F1-Score: 0.3687
Fold 2, Epoch 91, Train Loss: 1.1908, Val Loss: 1.1758, Val Acc: 0.2316
Precision: 0.9937, Recall: 0.2410, F1-Score: 0.3840
Fold 2, Epoch 92, Train Loss: 1.1721, Val Loss: 1.1917, Val Acc: 0.2456
Precision: 0.9936, Recall: 0.1947, F1-Score: 0.3218
Fold 2, Epoch 93, Train Loss: 1.1503, Val Loss: 1.2445, Val Acc: 0.2003
Precision: 0.9936, Recall: 0.2095, F1-Score: 0.3420
Fold 2, Epoch 94, Train Loss: 1.2506, Val Loss: 1.2388, Val Acc: 0.2154
Precision: 0.9937, Recall: 0.1932, F1-Score: 0.3194
Fold 2, Epoch 95, Train Loss: 1.1920, Val Loss: 1.2784, Val Acc: 0.1980
Precision: 0.9936, Recall: 0.2589, F1-Score: 0.4070
Fold 2, Epoch 96, Train Loss: 1.1439, Val Loss: 1.2473, Val Acc: 0.2635
Precision: 0.9936, Recall: 0.2011, F1-Score: 0.3308
Fold 2, Epoch 97, Train Loss: 1.1830, Val Loss: 1.3153, Val Acc: 0.2039
Precision: 0.9936, Recall: 0.2283, F1-Score: 0.3677
Fold 2, Epoch 98, Train Loss: 1.1966, Val Loss: 1.2407, Val Acc: 0.2314
Precision: 0.9935, Recall: 0.2122, F1-Score: 0.3459
Fold 2, Epoch 99, Train Loss: 1.1945, Val Loss: 1.3101, Val Acc: 0.2138
Precision: 0.9936, Recall: 0.2267, F1-Score: 0.3650
Fold 2, Epoch 100, Train Loss: 1.2764, Val Loss: 1.2087, Val Acc: 0.2314
Precision: 0.9936, Recall: 0.2527, F1-Score: 0.3991
Fold 2, Epoch 101, Train Loss: 1.3387, Val Loss: 1.2391, Val Acc: 0.2591
Precision: 0.9936, Recall: 0.1882, F1-Score: 0.3120
Fold 2, Epoch 102, Train Loss: 1.2670, Val Loss: 1.2464, Val Acc: 0.1920
Precision: 0.9937, Recall: 0.2715, F1-Score: 0.4231
Fold 2, Epoch 103, Train Loss: 1.2056, Val Loss: 1.2118, Val Acc: 0.2793
Precision: 0.9937, Recall: 0.1447, F1-Score: 0.2482
Fold 2, Epoch 104, Train Loss: 1.1769, Val Loss: 1.1839, Val Acc: 0.1468
Precision: 0.9935, Recall: 0.2378, F1-Score: 0.3802
Fold 2, Epoch 105, Train Loss: 1.1537, Val Loss: 1.2003, Val Acc: 0.2391
Precision: 0.9936, Recall: 0.2321, F1-Score: 0.3728
Fold 2, Epoch 106, Train Loss: 1.2192, Val Loss: 1.2749, Val Acc: 0.2327
Precision: 0.9935, Recall: 0.2775, F1-Score: 0.4301
Fold 2, Epoch 107, Train Loss: 1.2226, Val Loss: 1.2246, Val Acc: 0.2809
Precision: 0.9937, Recall: 0.2009, F1-Score: 0.3302
Fold 2, Epoch 108, Train Loss: 1.1880, Val Loss: 1.2186, Val Acc: 0.2032
Precision: 0.9937, Recall: 0.2255, F1-Score: 0.3636
Fold 2, Epoch 109, Train Loss: 1.1395, Val Loss: 1.1731, Val Acc: 0.2300
Precision: 0.9937, Recall: 0.2711, F1-Score: 0.4225
Fold 2, Epoch 110, Train Loss: 1.1866, Val Loss: 1.2218, Val Acc: 0.2748
Precision: 0.9936, Recall: 0.2358, F1-Score: 0.3769
Fold 2, Epoch 111, Train Loss: 1.2289, Val Loss: 1.1672, Val Acc: 0.2396
Precision: 0.9935, Recall: 0.3105, F1-Score: 0.4702
Fold 2, Epoch 112, Train Loss: 1.1370, Val Loss: 1.2987, Val Acc: 0.3183
Precision: 0.9937, Recall: 0.2534, F1-Score: 0.3999
Fold 2, Epoch 113, Train Loss: 1.2619, Val Loss: 1.2097, Val Acc: 0.2575
Precision: 0.9936, Recall: 0.2575, F1-Score: 0.4054
Fold 2, Epoch 114, Train Loss: 1.1479, Val Loss: 1.2296, Val Acc: 0.2608
Precision: 0.9936, Recall: 0.2365, F1-Score: 0.3785
Fold 2, Epoch 115, Train Loss: 1.1443, Val Loss: 1.2521, Val Acc: 0.2405
Precision: 0.9937, Recall: 0.1946, F1-Score: 0.3217
Fold 2, Epoch 116, Train Loss: 1.2298, Val Loss: 1.2068, Val Acc: 0.1981
Precision: 0.9937, Recall: 0.2490, F1-Score: 0.3944
Fold 2, Epoch 117, Train Loss: 1.1862, Val Loss: 1.2068, Val Acc: 0.2513
Precision: 0.9936, Recall: 0.2117, F1-Score: 0.3454
Fold 2, Epoch 118, Train Loss: 1.1478, Val Loss: 1.2614, Val Acc: 0.2162
Precision: 0.9937, Recall: 0.2002, F1-Score: 0.3295
Fold 2, Epoch 119, Train Loss: 1.2029, Val Loss: 1.2027, Val Acc: 0.2041
Precision: 0.9936, Recall: 0.3212, F1-Score: 0.4827
Fold 2, Epoch 120, Train Loss: 1.1760, Val Loss: 1.3738, Val Acc: 0.3281
Precision: 0.9936, Recall: 0.2642, F1-Score: 0.4139
Fold 2, Epoch 121, Train Loss: 1.2183, Val Loss: 1.2983, Val Acc: 0.2690
Precision: 0.9936, Recall: 0.1680, F1-Score: 0.2834
Fold 2, Epoch 122, Train Loss: 1.2213, Val Loss: 1.2284, Val Acc: 0.1709
Precision: 0.9935, Recall: 0.2938, F1-Score: 0.4501
Fold 2, Epoch 123, Train Loss: 1.2540, Val Loss: 1.2277, Val Acc: 0.3000
Precision: 0.9936, Recall: 0.1998, F1-Score: 0.3284
Fold 2, Epoch 124, Train Loss: 1.2160, Val Loss: 1.2101, Val Acc: 0.2036
Precision: 0.9937, Recall: 0.2550, F1-Score: 0.4023
Fold 2, Epoch 125, Train Loss: 1.2028, Val Loss: 1.2110, Val Acc: 0.2596
Precision: 0.9936, Recall: 0.3099, F1-Score: 0.4688
Fold 2, Epoch 126, Train Loss: 1.1675, Val Loss: 1.1821, Val Acc: 0.3142
Precision: 0.9936, Recall: 0.2263, F1-Score: 0.3649
Fold 2, Epoch 127, Train Loss: 1.1849, Val Loss: 1.2792, Val Acc: 0.2282
Precision: 0.9936, Recall: 0.2640, F1-Score: 0.4140
Fold 2, Epoch 128, Train Loss: 1.2131, Val Loss: 1.3130, Val Acc: 0.2678
Precision: 0.9936, Recall: 0.2772, F1-Score: 0.4301
Fold 2, Epoch 129, Train Loss: 1.2065, Val Loss: 1.2505, Val Acc: 0.2820
Precision: 0.9937, Recall: 0.2840, F1-Score: 0.4385
Fold 2, Epoch 130, Train Loss: 1.2573, Val Loss: 1.2441, Val Acc: 0.2881
Precision: 0.9937, Recall: 0.2679, F1-Score: 0.4184
Fold 2, Epoch 131, Train Loss: 1.2069, Val Loss: 1.1685, Val Acc: 0.2703
Precision: 0.9937, Recall: 0.1772, F1-Score: 0.2964
Fold 2, Epoch 132, Train Loss: 1.1542, Val Loss: 1.2489, Val Acc: 0.1784
Precision: 0.9937, Recall: 0.2245, F1-Score: 0.3626
Fold 2, Epoch 133, Train Loss: 1.1478, Val Loss: 1.2470, Val Acc: 0.2304
Precision: 0.9936, Recall: 0.2253, F1-Score: 0.3633
Fold 2, Epoch 134, Train Loss: 1.1309, Val Loss: 1.2033, Val Acc: 0.2294
Precision: 0.9937, Recall: 0.2650, F1-Score: 0.4148
Fold 2, Epoch 135, Train Loss: 1.1267, Val Loss: 1.1734, Val Acc: 0.2701
Precision: 0.9938, Recall: 0.2327, F1-Score: 0.3732
Fold 2, Epoch 136, Train Loss: 1.1136, Val Loss: 1.2097, Val Acc: 0.2353
Precision: 0.9937, Recall: 0.2573, F1-Score: 0.4051
Fold 2, Epoch 137, Train Loss: 1.1411, Val Loss: 1.2241, Val Acc: 0.2614
Precision: 0.9937, Recall: 0.2912, F1-Score: 0.4470
Fold 2, Epoch 138, Train Loss: 1.1789, Val Loss: 1.1808, Val Acc: 0.2955
Precision: 0.9937, Recall: 0.1958, F1-Score: 0.3230
Fold 2, Epoch 139, Train Loss: 1.1606, Val Loss: 1.1683, Val Acc: 0.1972
Precision: 0.9936, Recall: 0.2414, F1-Score: 0.3846
Fold 2, Epoch 140, Train Loss: 1.1396, Val Loss: 1.1462, Val Acc: 0.2445
Precision: 0.9938, Recall: 0.2358, F1-Score: 0.3776
Fold 2, Epoch 141, Train Loss: 1.1338, Val Loss: 1.1910, Val Acc: 0.2408
Precision: 0.9937, Recall: 0.2100, F1-Score: 0.3431
Fold 2, Epoch 142, Train Loss: 1.1538, Val Loss: 1.2924, Val Acc: 0.2139
Precision: 0.9937, Recall: 0.2616, F1-Score: 0.4104
Fold 2, Epoch 143, Train Loss: 1.2094, Val Loss: 1.2066, Val Acc: 0.2672
Precision: 0.9935, Recall: 0.2065, F1-Score: 0.3385
Fold 2, Epoch 144, Train Loss: 1.1463, Val Loss: 1.2542, Val Acc: 0.2097
Precision: 0.9936, Recall: 0.2719, F1-Score: 0.4237
Fold 2, Epoch 145, Train Loss: 1.2313, Val Loss: 1.2112, Val Acc: 0.2763
Precision: 0.9936, Recall: 0.2780, F1-Score: 0.4312
Fold 2, Epoch 146, Train Loss: 1.2210, Val Loss: 1.3313, Val Acc: 0.2828
Precision: 0.9936, Recall: 0.2516, F1-Score: 0.3981
Fold 2, Epoch 147, Train Loss: 1.2098, Val Loss: 1.2878, Val Acc: 0.2559
Precision: 0.9936, Recall: 0.2543, F1-Score: 0.4014
Fold 2, Epoch 148, Train Loss: 1.1748, Val Loss: 1.2212, Val Acc: 0.2577
Precision: 0.9935, Recall: 0.3245, F1-Score: 0.4864
Fold 2, Epoch 149, Train Loss: 1.1920, Val Loss: 1.3965, Val Acc: 0.3338
Precision: 0.9936, Recall: 0.2777, F1-Score: 0.4306
Fold 2, Epoch 150, Train Loss: 1.2696, Val Loss: 1.2829, Val Acc: 0.2827
Precision: 0.9937, Recall: 0.2396, F1-Score: 0.3821
Fold 2, Epoch 151, Train Loss: 1.1941, Val Loss: 1.2490, Val Acc: 0.2432
Precision: 0.9936, Recall: 0.2523, F1-Score: 0.3985
Fold 2, Epoch 152, Train Loss: 1.1765, Val Loss: 1.2022, Val Acc: 0.2568
Precision: 0.9937, Recall: 0.2543, F1-Score: 0.4011
Fold 2, Epoch 153, Train Loss: 1.1490, Val Loss: 1.2434, Val Acc: 0.2578
Precision: 0.9936, Recall: 0.2065, F1-Score: 0.3379
Fold 2, Epoch 154, Train Loss: 1.2165, Val Loss: 1.2191, Val Acc: 0.2105
Precision: 0.9937, Recall: 0.2300, F1-Score: 0.3700
Fold 2, Epoch 155, Train Loss: 1.1594, Val Loss: 1.2768, Val Acc: 0.2339
Precision: 0.9937, Recall: 0.2563, F1-Score: 0.4040
Fold 2, Epoch 156, Train Loss: 1.1429, Val Loss: 1.1970, Val Acc: 0.2605
Precision: 0.9937, Recall: 0.2591, F1-Score: 0.4071
Fold 2, Epoch 157, Train Loss: 1.1255, Val Loss: 1.1687, Val Acc: 0.2627
Precision: 0.9936, Recall: 0.2503, F1-Score: 0.3960
Fold 2, Epoch 158, Train Loss: 1.1703, Val Loss: 1.2001, Val Acc: 0.2535
Precision: 0.9936, Recall: 0.2546, F1-Score: 0.4017
Fold 2, Epoch 159, Train Loss: 1.2020, Val Loss: 1.1866, Val Acc: 0.2606
Precision: 0.9936, Recall: 0.1763, F1-Score: 0.2950
Fold 2, Epoch 160, Train Loss: 1.1972, Val Loss: 1.2293, Val Acc: 0.1806
Precision: 0.9936, Recall: 0.2684, F1-Score: 0.4188
Fold 2, Epoch 161, Train Loss: 1.1217, Val Loss: 1.1471, Val Acc: 0.2736
Precision: 0.9936, Recall: 0.2518, F1-Score: 0.3982
Fold 2, Epoch 162, Train Loss: 1.1357, Val Loss: 1.1760, Val Acc: 0.2575
Precision: 0.9936, Recall: 0.2595, F1-Score: 0.4079
Fold 2, Epoch 163, Train Loss: 1.1209, Val Loss: 1.2091, Val Acc: 0.2646
Precision: 0.9937, Recall: 0.2043, F1-Score: 0.3346
Fold 2, Epoch 164, Train Loss: 1.1334, Val Loss: 1.2096, Val Acc: 0.2069
Precision: 0.9937, Recall: 0.2551, F1-Score: 0.4027
Fold 2, Epoch 165, Train Loss: 1.1608, Val Loss: 1.2309, Val Acc: 0.2614
Precision: 0.9936, Recall: 0.2270, F1-Score: 0.3655
Fold 2, Epoch 166, Train Loss: 1.1263, Val Loss: 1.2022, Val Acc: 0.2315
Precision: 0.9938, Recall: 0.2554, F1-Score: 0.4023
Fold 2, Epoch 167, Train Loss: 1.1777, Val Loss: 1.2048, Val Acc: 0.2598
Precision: 0.9936, Recall: 0.2730, F1-Score: 0.4244
Fold 2, Epoch 168, Train Loss: 1.1539, Val Loss: 1.1930, Val Acc: 0.2793
Precision: 0.9936, Recall: 0.2856, F1-Score: 0.4398
Fold 2, Epoch 169, Train Loss: 1.1235, Val Loss: 1.1910, Val Acc: 0.2906
Precision: 0.9936, Recall: 0.2241, F1-Score: 0.3619
Fold 2, Epoch 170, Train Loss: 1.1183, Val Loss: 1.2120, Val Acc: 0.2257
Precision: 0.9936, Recall: 0.1927, F1-Score: 0.3188
Fold 2, Epoch 171, Train Loss: 1.1547, Val Loss: 1.2581, Val Acc: 0.1955
Precision: 0.9936, Recall: 0.2615, F1-Score: 0.4106
Fold 2, Epoch 172, Train Loss: 1.1204, Val Loss: 1.2161, Val Acc: 0.2680
Precision: 0.9936, Recall: 0.2132, F1-Score: 0.3473
Fold 2, Epoch 173, Train Loss: 1.1643, Val Loss: 1.2150, Val Acc: 0.2173
Precision: 0.9936, Recall: 0.2857, F1-Score: 0.4404
Fold 2, Epoch 174, Train Loss: 1.1305, Val Loss: 1.2188, Val Acc: 0.2905
Precision: 0.9936, Recall: 0.2557, F1-Score: 0.4027
Fold 2, Epoch 175, Train Loss: 1.1341, Val Loss: 1.1869, Val Acc: 0.2595
Precision: 0.9937, Recall: 0.1622, F1-Score: 0.2742
Fold 2, Epoch 176, Train Loss: 1.1216, Val Loss: 1.2083, Val Acc: 0.1628
Precision: 0.9937, Recall: 0.2672, F1-Score: 0.4171
Fold 2, Epoch 177, Train Loss: 1.1466, Val Loss: 1.1818, Val Acc: 0.2703
Precision: 0.9936, Recall: 0.2710, F1-Score: 0.4219
Fold 2, Epoch 178, Train Loss: 1.1402, Val Loss: 1.1709, Val Acc: 0.2758
Precision: 0.9937, Recall: 0.2109, F1-Score: 0.3437
Fold 2, Epoch 179, Train Loss: 1.1585, Val Loss: 1.1803, Val Acc: 0.2131
Precision: 0.9936, Recall: 0.2953, F1-Score: 0.4515
Fold 2, Epoch 180, Train Loss: 1.1664, Val Loss: 1.1818, Val Acc: 0.3006
Precision: 0.9937, Recall: 0.2471, F1-Score: 0.3917
Fold 2, Epoch 181, Train Loss: 1.1038, Val Loss: 1.1914, Val Acc: 0.2508
Precision: 0.9936, Recall: 0.2399, F1-Score: 0.3827
Fold 2, Epoch 182, Train Loss: 1.0717, Val Loss: 1.1764, Val Acc: 0.2420
Precision: 0.9936, Recall: 0.2761, F1-Score: 0.4289
Fold 2, Epoch 183, Train Loss: 1.1171, Val Loss: 1.2641, Val Acc: 0.2799
Precision: 0.9937, Recall: 0.2632, F1-Score: 0.4132
Fold 2, Epoch 184, Train Loss: 1.1680, Val Loss: 1.4807, Val Acc: 0.2694
Precision: 0.9935, Recall: 0.3057, F1-Score: 0.4652
Fold 2, Epoch 185, Train Loss: 1.2278, Val Loss: 1.6879, Val Acc: 0.3146
Precision: 0.9936, Recall: 0.2624, F1-Score: 0.4125
Fold 2, Epoch 186, Train Loss: 1.3834, Val Loss: 1.4752, Val Acc: 0.2677
Precision: 0.9936, Recall: 0.1974, F1-Score: 0.3254
Fold 2, Epoch 187, Train Loss: 1.3831, Val Loss: 1.2693, Val Acc: 0.1996
Precision: 0.9937, Recall: 0.3003, F1-Score: 0.4582
Fold 2, Epoch 188, Train Loss: 1.2530, Val Loss: 1.3009, Val Acc: 0.3049
Precision: 0.9937, Recall: 0.1447, F1-Score: 0.2479
Fold 2, Epoch 189, Train Loss: 1.1857, Val Loss: 1.2150, Val Acc: 0.1441
Pair 1:
Data file: /home/nishioka/GNN/Defect_4x4_Normalized1/Normalized1_Defect4x4_ELNOD_L11B87.npy
Label file: /home/nishioka/GNN/Defect19Class_OneHot_test2/Defect19Class_L11B87.npy
x shape: torch.Size([3654, 4])
y shape: torch.Size([3654])
Pair 1:
Data file: /home/nishioka/GNN/Defect_4x4_Normalized1/Normalized1_Defect4x4_ELNOD_L11B87.npy
Label file: /home/nishioka/GNN/Defect19Class_OneHot_test2/Defect19Class_L11B87.npy
x shape: torch.Size([3654, 4])
y shape: torch.Size([3654])
Sample x: tensor([[0.0110, 0.0000, 0.0000, 0.7021],
        [0.0110, 0.0000, 0.0357, 0.6920]])
Pair 1:
Data file: /home/nishioka/GNN/Defect_4x4_Normalized1/Normalized1_Defect4x4_ELNOD_L11B87.npy
Sample y: tensor([0, 0])Label file: /home/nishioka/GNN/Defect19Class_OneHot_test2/Defect19Class_L11B87.npy

x shape: torch.Size([3654, 4])
y shape: torch.Size([3654])
Sample x: tensor([[0.0110, 0.0000, 0.0000, 0.7021],
        [0.0110, 0.0000, 0.0357, 0.6920]])
Sample y: tensor([0, 0])
Sample x: tensor([[0.0110, 0.0000, 0.0000, 0.7021],
        [0.0110, 0.0000, 0.0357, 0.6920]])
Sample y: tensor([0, 0])
Pair 2:
Data file: /home/nishioka/GNN/Defect_4x4_Normalized1/Normalized1_Defect4x4_ELNOD_L16B71.npy
Label file: /home/nishioka/GNN/Defect19Class_OneHot_test2/Defect19Class_L16B71.npy
x shape: torch.Size([3654, 4])
y shape: torch.Size([3654])
Pair 2:
Data file: /home/nishioka/GNN/Defect_4x4_Normalized1/Normalized1_Defect4x4_ELNOD_L16B71.npy
Label file: /home/nishioka/GNN/Defect19Class_OneHot_test2/Defect19Class_L16B71.npy
x shape: torch.Size([3654, 4])
y shape: torch.Size([3654])
Sample x: tensor([[0.0110, 0.0000, 0.0000, 0.6866],
        [0.0110, 0.0000, 0.0357, 0.6787]])
Pair 2:
Sample x: tensor([[0.0110, 0.0000, 0.0000, 0.6866],
        [0.0110, 0.0000, 0.0357, 0.6787]])Data file: /home/nishioka/GNN/Defect_4x4_Normalized1/Normalized1_Defect4x4_ELNOD_L16B71.npy

Label file: /home/nishioka/GNN/Defect19Class_OneHot_test2/Defect19Class_L16B71.npy
Sample y: tensor([0, 0])
x shape: torch.Size([3654, 4])
y shape: torch.Size([3654])
Sample y: tensor([0, 0])
Sample x: tensor([[0.0110, 0.0000, 0.0000, 0.6866],
        [0.0110, 0.0000, 0.0357, 0.6787]])
Sample y: tensor([0, 0])
Pair 3:
Data file: /home/nishioka/GNN/Defect_4x4_Normalized1/Normalized1_Defect4x4_ELNOD_L18B48.npy
Label file: /home/nishioka/GNN/Defect19Class_OneHot_test2/Defect19Class_L18B48.npy
x shape: torch.Size([3654, 4])
y shape: torch.Size([3654])
Pair 3:
Data file: /home/nishioka/GNN/Defect_4x4_Normalized1/Normalized1_Defect4x4_ELNOD_L18B48.npy
Label file: /home/nishioka/GNN/Defect19Class_OneHot_test2/Defect19Class_L18B48.npy
x shape: torch.Size([3654, 4])
y shape: torch.Size([3654])
Sample x: tensor([[0.0110, 0.0000, 0.0000, 0.6054],
        [0.0110, 0.0000, 0.0357, 0.6009]])
Pair 3:Sample y: tensor([0, 0])

Data file: /home/nishioka/GNN/Defect_4x4_Normalized1/Normalized1_Defect4x4_ELNOD_L18B48.npy
Label file: /home/nishioka/GNN/Defect19Class_OneHot_test2/Defect19Class_L18B48.npy
x shape: torch.Size([3654, 4])
y shape: torch.Size([3654])
Sample x: tensor([[0.0110, 0.0000, 0.0000, 0.6054],
        [0.0110, 0.0000, 0.0357, 0.6009]])
Sample y: tensor([0, 0])
Sample x: tensor([[0.0110, 0.0000, 0.0000, 0.6054],
        [0.0110, 0.0000, 0.0357, 0.6009]])
Sample y: tensor([0, 0])
Precision: 0.9936, Recall: 0.2542, F1-Score: 0.4012
Early stopping triggered for Fold 2 at epoch 190
Completed Fold 2
Starting Fold 3
Pair 1:
Data file: /home/nishioka/GNN/Defect_4x4_Normalized1/Normalized1_Defect4x4_ELNOD_L11B87.npy
Label file: /home/nishioka/GNN/Defect19Class_OneHot_test2/Defect19Class_L11B87.npy
x shape: torch.Size([3654, 4])
y shape: torch.Size([3654])
Sample x: tensor([[0.0110, 0.0000, 0.0000, 0.7021],
        [0.0110, 0.0000, 0.0357, 0.6920]])
Sample y: tensor([0, 0])
Pair 2:
Data file: /home/nishioka/GNN/Defect_4x4_Normalized1/Normalized1_Defect4x4_ELNOD_L16B71.npy
Label file: /home/nishioka/GNN/Defect19Class_OneHot_test2/Defect19Class_L16B71.npy
x shape: torch.Size([3654, 4])
y shape: torch.Size([3654])
Sample x: tensor([[0.0110, 0.0000, 0.0000, 0.6866],
        [0.0110, 0.0000, 0.0357, 0.6787]])
Sample y: tensor([0, 0])
Pair 3:
Data file: /home/nishioka/GNN/Defect_4x4_Normalized1/Normalized1_Defect4x4_ELNOD_L18B48.npy
Label file: /home/nishioka/GNN/Defect19Class_OneHot_test2/Defect19Class_L18B48.npy
x shape: torch.Size([3654, 4])
y shape: torch.Size([3654])
Sample x: tensor([[0.0110, 0.0000, 0.0000, 0.6054],
        [0.0110, 0.0000, 0.0357, 0.6009]])
Sample y: tensor([0, 0])
Pair 1:
Data file: /home/nishioka/GNN/Defect_4x4_Normalized1/Normalized1_Defect4x4_ELNOD_L17B5.npy
Label file: /home/nishioka/GNN/Defect19Class_OneHot_test2/Defect19Class_L17B5.npy
x shape: torch.Size([3654, 4])
y shape: torch.Size([3654])
Pair 1:
Data file: /home/nishioka/GNN/Defect_4x4_Normalized1/Normalized1_Defect4x4_ELNOD_L17B5.npy
Label file: /home/nishioka/GNN/Defect19Class_OneHot_test2/Defect19Class_L17B5.npy
x shape: torch.Size([3654, 4])
y shape: torch.Size([3654])
Pair 1:
Data file: /home/nishioka/GNN/Defect_4x4_Normalized1/Normalized1_Defect4x4_ELNOD_L17B5.npy
Label file: /home/nishioka/GNN/Defect19Class_OneHot_test2/Defect19Class_L17B5.npy
x shape: torch.Size([3654, 4])
y shape: torch.Size([3654])
Sample x: tensor([[0.0110, 0.0000, 0.0000, 0.7766],
        [0.0110, 0.0000, 0.0357, 0.7705]])
Sample x: tensor([[0.0110, 0.0000, 0.0000, 0.7766],
        [0.0110, 0.0000, 0.0357, 0.7705]])Pair 1:

Data file: /home/nishioka/GNN/Defect_4x4_Normalized1/Normalized1_Defect4x4_ELNOD_L17B5.npy
Label file: /home/nishioka/GNN/Defect19Class_OneHot_test2/Defect19Class_L17B5.npy
x shape: torch.Size([3654, 4])
y shape: torch.Size([3654])
Sample y: tensor([0, 0])
Sample y: tensor([0, 0])
Sample x: tensor([[0.0110, 0.0000, 0.0000, 0.7766],
        [0.0110, 0.0000, 0.0357, 0.7705]])
Sample y: tensor([0, 0])
Sample x: tensor([[0.0110, 0.0000, 0.0000, 0.7766],
        [0.0110, 0.0000, 0.0357, 0.7705]])
Sample y: tensor([0, 0])
Pair 2:
Data file: /home/nishioka/GNN/Defect_4x4_Normalized1/Normalized1_Defect4x4_ELNOD_L2B9.npy
Label file: /home/nishioka/GNN/Defect19Class_OneHot_test2/Defect19Class_L2B9.npy
x shape: torch.Size([3654, 4])
Pair 2:y shape: torch.Size([3654])

Data file: /home/nishioka/GNN/Defect_4x4_Normalized1/Normalized1_Defect4x4_ELNOD_L2B9.npy
Label file: /home/nishioka/GNN/Defect19Class_OneHot_test2/Defect19Class_L2B9.npy
Pair 2:x shape: torch.Size([3654, 4])

Data file: /home/nishioka/GNN/Defect_4x4_Normalized1/Normalized1_Defect4x4_ELNOD_L2B9.npyy shape: torch.Size([3654])

Label file: /home/nishioka/GNN/Defect19Class_OneHot_test2/Defect19Class_L2B9.npy
x shape: torch.Size([3654, 4])
y shape: torch.Size([3654])
Sample x: tensor([[0.0110, 0.0000, 0.0000, 0.5476],
        [0.0110, 0.0000, 0.0357, 0.5359]])
Pair 2:
Data file: /home/nishioka/GNN/Defect_4x4_Normalized1/Normalized1_Defect4x4_ELNOD_L2B9.npySample x: tensor([[0.0110, 0.0000, 0.0000, 0.5476],
        [0.0110, 0.0000, 0.0357, 0.5359]])

Label file: /home/nishioka/GNN/Defect19Class_OneHot_test2/Defect19Class_L2B9.npy
x shape: torch.Size([3654, 4])
y shape: torch.Size([3654])Sample x: tensor([[0.0110, 0.0000, 0.0000, 0.5476],
        [0.0110, 0.0000, 0.0357, 0.5359]])

Sample y: tensor([0, 0])
Sample y: tensor([0, 0])
Sample y: tensor([0, 0])
Sample x: tensor([[0.0110, 0.0000, 0.0000, 0.5476],
        [0.0110, 0.0000, 0.0357, 0.5359]])
Sample y: tensor([0, 0])
Pair 3:
Data file: /home/nishioka/GNN/Defect_4x4_Normalized1/Normalized1_Defect4x4_ELNOD_L11B78.npy
Label file: /home/nishioka/GNN/Defect19Class_OneHot_test2/Defect19Class_L11B78.npy
x shape: torch.Size([3654, 4])
y shape: torch.Size([3654])
Pair 3:
Data file: /home/nishioka/GNN/Defect_4x4_Normalized1/Normalized1_Defect4x4_ELNOD_L11B78.npy
Label file: /home/nishioka/GNN/Defect19Class_OneHot_test2/Defect19Class_L11B78.npy
Pair 3:x shape: torch.Size([3654, 4])

Data file: /home/nishioka/GNN/Defect_4x4_Normalized1/Normalized1_Defect4x4_ELNOD_L11B78.npyy shape: torch.Size([3654])

Label file: /home/nishioka/GNN/Defect19Class_OneHot_test2/Defect19Class_L11B78.npy
x shape: torch.Size([3654, 4])
y shape: torch.Size([3654])
Sample x: tensor([[0.0110, 0.0000, 0.0000, 0.5790],
        [0.0110, 0.0000, 0.0357, 0.5722]])
Sample x: tensor([[0.0110, 0.0000, 0.0000, 0.5790],
        [0.0110, 0.0000, 0.0357, 0.5722]])
Sample y: tensor([0, 0])
Pair 3:
Data file: /home/nishioka/GNN/Defect_4x4_Normalized1/Normalized1_Defect4x4_ELNOD_L11B78.npy
Sample x: tensor([[0.0110, 0.0000, 0.0000, 0.5790],
        [0.0110, 0.0000, 0.0357, 0.5722]])Label file: /home/nishioka/GNN/Defect19Class_OneHot_test2/Defect19Class_L11B78.npy

x shape: torch.Size([3654, 4])
y shape: torch.Size([3654])
Sample y: tensor([0, 0])
Sample y: tensor([0, 0])
Sample x: tensor([[0.0110, 0.0000, 0.0000, 0.5790],
        [0.0110, 0.0000, 0.0357, 0.5722]])
Sample y: tensor([0, 0])
Precision: 0.9938, Recall: 0.2295, F1-Score: 0.3697
Fold 3, Epoch 1, Train Loss: 1.7626, Val Loss: 1.3702, Val Acc: 0.2330
Precision: 0.9938, Recall: 0.1638, F1-Score: 0.2774
Fold 3, Epoch 2, Train Loss: 1.4123, Val Loss: 1.2429, Val Acc: 0.1672
Precision: 0.9939, Recall: 0.2394, F1-Score: 0.3823
Fold 3, Epoch 3, Train Loss: 1.2915, Val Loss: 1.1595, Val Acc: 0.2424
Precision: 0.9939, Recall: 0.2655, F1-Score: 0.4158
Fold 3, Epoch 4, Train Loss: 1.2063, Val Loss: 1.1437, Val Acc: 0.2692
Precision: 0.9939, Recall: 0.2633, F1-Score: 0.4128
Fold 3, Epoch 5, Train Loss: 1.1835, Val Loss: 1.1147, Val Acc: 0.2652
Precision: 0.9939, Recall: 0.3177, F1-Score: 0.4782
Fold 3, Epoch 6, Train Loss: 1.1799, Val Loss: 1.1113, Val Acc: 0.3184
Precision: 0.9938, Recall: 0.2420, F1-Score: 0.3851
Fold 3, Epoch 7, Train Loss: 1.1045, Val Loss: 1.0837, Val Acc: 0.2440
Precision: 0.9938, Recall: 0.2285, F1-Score: 0.3671
Fold 3, Epoch 8, Train Loss: 1.1752, Val Loss: 1.0553, Val Acc: 0.2310
Precision: 0.9938, Recall: 0.2422, F1-Score: 0.3858
Fold 3, Epoch 9, Train Loss: 1.1746, Val Loss: 1.1177, Val Acc: 0.2481
Precision: 0.9938, Recall: 0.2873, F1-Score: 0.4423
Fold 3, Epoch 10, Train Loss: 1.2125, Val Loss: 1.1160, Val Acc: 0.2902
Precision: 0.9937, Recall: 0.2038, F1-Score: 0.3346
Fold 3, Epoch 11, Train Loss: 1.1694, Val Loss: 1.1663, Val Acc: 0.2058
Precision: 0.9938, Recall: 0.2090, F1-Score: 0.3412
Fold 3, Epoch 12, Train Loss: 1.2288, Val Loss: 1.1208, Val Acc: 0.2109
Precision: 0.9938, Recall: 0.2821, F1-Score: 0.4357
Fold 3, Epoch 13, Train Loss: 1.1891, Val Loss: 1.1190, Val Acc: 0.2834
Precision: 0.9938, Recall: 0.2162, F1-Score: 0.3512
Fold 3, Epoch 14, Train Loss: 1.1556, Val Loss: 1.0762, Val Acc: 0.2183
Precision: 0.9938, Recall: 0.2716, F1-Score: 0.4235
Fold 3, Epoch 15, Train Loss: 1.1644, Val Loss: 1.1686, Val Acc: 0.2745
Precision: 0.9938, Recall: 0.2292, F1-Score: 0.3686
Fold 3, Epoch 16, Train Loss: 1.1750, Val Loss: 1.0968, Val Acc: 0.2330
Precision: 0.9938, Recall: 0.2534, F1-Score: 0.4001
Fold 3, Epoch 17, Train Loss: 1.1831, Val Loss: 1.1143, Val Acc: 0.2562
Precision: 0.9938, Recall: 0.2810, F1-Score: 0.4342
Fold 3, Epoch 18, Train Loss: 1.1868, Val Loss: 1.0931, Val Acc: 0.2867
Precision: 0.9938, Recall: 0.1912, F1-Score: 0.3162
Fold 3, Epoch 19, Train Loss: 1.1869, Val Loss: 1.0999, Val Acc: 0.1938
Precision: 0.9939, Recall: 0.2764, F1-Score: 0.4289
Fold 3, Epoch 20, Train Loss: 1.1541, Val Loss: 1.0918, Val Acc: 0.2819
Precision: 0.9939, Recall: 0.2425, F1-Score: 0.3862
Fold 3, Epoch 21, Train Loss: 1.1499, Val Loss: 1.1003, Val Acc: 0.2468
Precision: 0.9938, Recall: 0.2119, F1-Score: 0.3454
Fold 3, Epoch 22, Train Loss: 1.1549, Val Loss: 1.1248, Val Acc: 0.2154
Precision: 0.9938, Recall: 0.2177, F1-Score: 0.3536
Fold 3, Epoch 23, Train Loss: 1.1592, Val Loss: 1.2167, Val Acc: 0.2221
Precision: 0.9937, Recall: 0.2361, F1-Score: 0.3779
Fold 3, Epoch 24, Train Loss: 1.1582, Val Loss: 1.1490, Val Acc: 0.2403
Precision: 0.9938, Recall: 0.1750, F1-Score: 0.2935
Fold 3, Epoch 25, Train Loss: 1.1503, Val Loss: 1.2155, Val Acc: 0.1779
Precision: 0.9938, Recall: 0.3003, F1-Score: 0.4576
Fold 3, Epoch 26, Train Loss: 1.1757, Val Loss: 1.1072, Val Acc: 0.3038
Precision: 0.9938, Recall: 0.1842, F1-Score: 0.3067
Fold 3, Epoch 27, Train Loss: 1.1368, Val Loss: 1.1771, Val Acc: 0.1859
Precision: 0.9938, Recall: 0.2551, F1-Score: 0.4025
Fold 3, Epoch 28, Train Loss: 1.1718, Val Loss: 1.1181, Val Acc: 0.2579
Precision: 0.9938, Recall: 0.2557, F1-Score: 0.4031
Fold 3, Epoch 29, Train Loss: 1.1403, Val Loss: 1.1720, Val Acc: 0.2618
Precision: 0.9939, Recall: 0.1350, F1-Score: 0.2330
Fold 3, Epoch 30, Train Loss: 1.2259, Val Loss: 1.2127, Val Acc: 0.1352
Precision: 0.9938, Recall: 0.2337, F1-Score: 0.3752
Fold 3, Epoch 31, Train Loss: 1.2150, Val Loss: 1.3312, Val Acc: 0.2379
Precision: 0.9938, Recall: 0.1885, F1-Score: 0.3130
Fold 3, Epoch 32, Train Loss: 1.2454, Val Loss: 1.2360, Val Acc: 0.1904
Precision: 0.9938, Recall: 0.2501, F1-Score: 0.3967
Fold 3, Epoch 33, Train Loss: 1.1882, Val Loss: 1.2728, Val Acc: 0.2543
Precision: 0.9937, Recall: 0.2087, F1-Score: 0.3410
Fold 3, Epoch 34, Train Loss: 1.2492, Val Loss: 1.3435, Val Acc: 0.2113
Precision: 0.9938, Recall: 0.1931, F1-Score: 0.3194
Fold 3, Epoch 35, Train Loss: 1.3246, Val Loss: 1.2014, Val Acc: 0.1952
Precision: 0.9938, Recall: 0.2095, F1-Score: 0.3421
Fold 3, Epoch 36, Train Loss: 1.2404, Val Loss: 1.1244, Val Acc: 0.2121
Precision: 0.9938, Recall: 0.2723, F1-Score: 0.4238
Fold 3, Epoch 37, Train Loss: 1.1737, Val Loss: 1.0973, Val Acc: 0.2760
Precision: 0.9939, Recall: 0.2253, F1-Score: 0.3634
Fold 3, Epoch 38, Train Loss: 1.1489, Val Loss: 1.0941, Val Acc: 0.2289
Precision: 0.9938, Recall: 0.2745, F1-Score: 0.4265
Fold 3, Epoch 39, Train Loss: 1.1345, Val Loss: 1.1684, Val Acc: 0.2785
Precision: 0.9938, Recall: 0.2778, F1-Score: 0.4307
Fold 3, Epoch 40, Train Loss: 1.1885, Val Loss: 1.1354, Val Acc: 0.2802
Precision: 0.9938, Recall: 0.1252, F1-Score: 0.2179
Fold 3, Epoch 41, Train Loss: 1.1809, Val Loss: 1.1593, Val Acc: 0.1266
Precision: 0.9937, Recall: 0.2615, F1-Score: 0.4105
Fold 3, Epoch 42, Train Loss: 1.1645, Val Loss: 1.1414, Val Acc: 0.2672
Precision: 0.9939, Recall: 0.1973, F1-Score: 0.3258
Fold 3, Epoch 43, Train Loss: 1.1940, Val Loss: 1.2837, Val Acc: 0.1996
Precision: 0.9937, Recall: 0.2593, F1-Score: 0.4075
Fold 3, Epoch 44, Train Loss: 1.2245, Val Loss: 1.1151, Val Acc: 0.2606
Precision: 0.9938, Recall: 0.2597, F1-Score: 0.4081
Fold 3, Epoch 45, Train Loss: 1.2033, Val Loss: 1.1229, Val Acc: 0.2610
Precision: 0.9937, Recall: 0.2560, F1-Score: 0.4034
Fold 3, Epoch 46, Train Loss: 1.1415, Val Loss: 1.1230, Val Acc: 0.2594
Precision: 0.9938, Recall: 0.2241, F1-Score: 0.3620
Fold 3, Epoch 47, Train Loss: 1.1315, Val Loss: 1.0907, Val Acc: 0.2263
Precision: 0.9939, Recall: 0.2573, F1-Score: 0.4051
Fold 3, Epoch 48, Train Loss: 1.1553, Val Loss: 1.0947, Val Acc: 0.2602
Precision: 0.9939, Recall: 0.2435, F1-Score: 0.3873
Fold 3, Epoch 49, Train Loss: 1.0886, Val Loss: 1.1153, Val Acc: 0.2453
Precision: 0.9938, Recall: 0.2804, F1-Score: 0.4337
Fold 3, Epoch 50, Train Loss: 1.1627, Val Loss: 1.0754, Val Acc: 0.2812
Precision: 0.9939, Recall: 0.2017, F1-Score: 0.3313
Fold 3, Epoch 51, Train Loss: 1.1863, Val Loss: 1.1061, Val Acc: 0.2041
Precision: 0.9939, Recall: 0.2944, F1-Score: 0.4509
Fold 3, Epoch 52, Train Loss: 1.1683, Val Loss: 1.1039, Val Acc: 0.3003
Precision: 0.9938, Recall: 0.1813, F1-Score: 0.3027
Fold 3, Epoch 53, Train Loss: 1.1776, Val Loss: 1.2098, Val Acc: 0.1827
Precision: 0.9937, Recall: 0.2326, F1-Score: 0.3730
Fold 3, Epoch 54, Train Loss: 1.1481, Val Loss: 1.0985, Val Acc: 0.2345
Precision: 0.9938, Recall: 0.2236, F1-Score: 0.3609
Fold 3, Epoch 55, Train Loss: 1.1437, Val Loss: 1.1301, Val Acc: 0.2274
Precision: 0.9938, Recall: 0.2406, F1-Score: 0.3837
Fold 3, Epoch 56, Train Loss: 1.1402, Val Loss: 1.1328, Val Acc: 0.2460
Precision: 0.9938, Recall: 0.3214, F1-Score: 0.4827
Fold 3, Epoch 57, Train Loss: 1.1970, Val Loss: 1.1245, Val Acc: 0.3285
Pair 1:
Data file: /home/nishioka/GNN/Defect_4x4_Normalized1/Normalized1_Defect4x4_ELNOD_L17B5.npy
Label file: /home/nishioka/GNN/Defect19Class_OneHot_test2/Defect19Class_L17B5.npy
x shape: torch.Size([3654, 4])
y shape: torch.Size([3654])
Pair 1:Pair 1:

Data file: /home/nishioka/GNN/Defect_4x4_Normalized1/Normalized1_Defect4x4_ELNOD_L17B5.npyData file: /home/nishioka/GNN/Defect_4x4_Normalized1/Normalized1_Defect4x4_ELNOD_L17B5.npy

Label file: /home/nishioka/GNN/Defect19Class_OneHot_test2/Defect19Class_L17B5.npyLabel file: /home/nishioka/GNN/Defect19Class_OneHot_test2/Defect19Class_L17B5.npy

x shape: torch.Size([3654, 4])x shape: torch.Size([3654, 4])

y shape: torch.Size([3654])y shape: torch.Size([3654])

Sample x: tensor([[0.0110, 0.0000, 0.0000, 0.7766],
        [0.0110, 0.0000, 0.0357, 0.7705]])
Sample x: tensor([[0.0110, 0.0000, 0.0000, 0.7766],
        [0.0110, 0.0000, 0.0357, 0.7705]])Sample x: tensor([[0.0110, 0.0000, 0.0000, 0.7766],
        [0.0110, 0.0000, 0.0357, 0.7705]])

Sample y: tensor([0, 0])
Sample y: tensor([0, 0])Sample y: tensor([0, 0])

Pair 2:
Data file: /home/nishioka/GNN/Defect_4x4_Normalized1/Normalized1_Defect4x4_ELNOD_L11B87.npy
Label file: /home/nishioka/GNN/Defect19Class_OneHot_test2/Defect19Class_L11B87.npy
x shape: torch.Size([3654, 4])
y shape: torch.Size([3654])
Pair 2:
Pair 2:Data file: /home/nishioka/GNN/Defect_4x4_Normalized1/Normalized1_Defect4x4_ELNOD_L11B87.npy

Data file: /home/nishioka/GNN/Defect_4x4_Normalized1/Normalized1_Defect4x4_ELNOD_L11B87.npyLabel file: /home/nishioka/GNN/Defect19Class_OneHot_test2/Defect19Class_L11B87.npy

Label file: /home/nishioka/GNN/Defect19Class_OneHot_test2/Defect19Class_L11B87.npy
x shape: torch.Size([3654, 4])
x shape: torch.Size([3654, 4])y shape: torch.Size([3654])

y shape: torch.Size([3654])
Sample x: tensor([[0.0110, 0.0000, 0.0000, 0.7021],
        [0.0110, 0.0000, 0.0357, 0.6920]])
Sample x: tensor([[0.0110, 0.0000, 0.0000, 0.7021],
        [0.0110, 0.0000, 0.0357, 0.6920]])
Sample x: tensor([[0.0110, 0.0000, 0.0000, 0.7021],
        [0.0110, 0.0000, 0.0357, 0.6920]])
Sample y: tensor([0, 0])
Sample y: tensor([0, 0])
Sample y: tensor([0, 0])
Pair 3:
Pair 3:Data file: /home/nishioka/GNN/Defect_4x4_Normalized1/Normalized1_Defect4x4_ELNOD_L2B9.npy

Data file: /home/nishioka/GNN/Defect_4x4_Normalized1/Normalized1_Defect4x4_ELNOD_L2B9.npyLabel file: /home/nishioka/GNN/Defect19Class_OneHot_test2/Defect19Class_L2B9.npy

Label file: /home/nishioka/GNN/Defect19Class_OneHot_test2/Defect19Class_L2B9.npy
x shape: torch.Size([3654, 4])
x shape: torch.Size([3654, 4])y shape: torch.Size([3654])

y shape: torch.Size([3654])Pair 3:

Data file: /home/nishioka/GNN/Defect_4x4_Normalized1/Normalized1_Defect4x4_ELNOD_L2B9.npy
Label file: /home/nishioka/GNN/Defect19Class_OneHot_test2/Defect19Class_L2B9.npy
x shape: torch.Size([3654, 4])
y shape: torch.Size([3654])
Sample x: tensor([[0.0110, 0.0000, 0.0000, 0.5476],
        [0.0110, 0.0000, 0.0357, 0.5359]])
Sample x: tensor([[0.0110, 0.0000, 0.0000, 0.5476],
        [0.0110, 0.0000, 0.0357, 0.5359]])
Sample x: tensor([[0.0110, 0.0000, 0.0000, 0.5476],
        [0.0110, 0.0000, 0.0357, 0.5359]])
Sample y: tensor([0, 0])
Sample y: tensor([0, 0])
Sample y: tensor([0, 0])
Precision: 0.9938, Recall: 0.1971, F1-Score: 0.3252
Early stopping triggered for Fold 3 at epoch 58
Completed Fold 3
Starting Fold 4
Pair 1:
Data file: /home/nishioka/GNN/Defect_4x4_Normalized1/Normalized1_Defect4x4_ELNOD_L17B5.npy
Label file: /home/nishioka/GNN/Defect19Class_OneHot_test2/Defect19Class_L17B5.npy
x shape: torch.Size([3654, 4])
y shape: torch.Size([3654])
Sample x: tensor([[0.0110, 0.0000, 0.0000, 0.7766],
        [0.0110, 0.0000, 0.0357, 0.7705]])
Sample y: tensor([0, 0])
Pair 2:
Data file: /home/nishioka/GNN/Defect_4x4_Normalized1/Normalized1_Defect4x4_ELNOD_L11B87.npy
Label file: /home/nishioka/GNN/Defect19Class_OneHot_test2/Defect19Class_L11B87.npy
x shape: torch.Size([3654, 4])
y shape: torch.Size([3654])
Sample x: tensor([[0.0110, 0.0000, 0.0000, 0.7021],
        [0.0110, 0.0000, 0.0357, 0.6920]])
Sample y: tensor([0, 0])
Pair 3:
Data file: /home/nishioka/GNN/Defect_4x4_Normalized1/Normalized1_Defect4x4_ELNOD_L2B9.npy
Label file: /home/nishioka/GNN/Defect19Class_OneHot_test2/Defect19Class_L2B9.npy
x shape: torch.Size([3654, 4])
y shape: torch.Size([3654])
Sample x: tensor([[0.0110, 0.0000, 0.0000, 0.5476],
        [0.0110, 0.0000, 0.0357, 0.5359]])
Sample y: tensor([0, 0])
Pair 1:
Data file: /home/nishioka/GNN/Defect_4x4_Normalized1/Normalized1_Defect4x4_ELNOD_L16B71.npy
Label file: /home/nishioka/GNN/Defect19Class_OneHot_test2/Defect19Class_L16B71.npy
x shape: torch.Size([3654, 4])
y shape: torch.Size([3654])
Sample x: tensor([[0.0110, 0.0000, 0.0000, 0.6866],
        [0.0110, 0.0000, 0.0357, 0.6787]])
Sample y: tensor([0, 0])
Pair 2:
Data file: /home/nishioka/GNN/Defect_4x4_Normalized1/Normalized1_Defect4x4_ELNOD_L18B48.npy
Label file: /home/nishioka/GNN/Defect19Class_OneHot_test2/Defect19Class_L18B48.npy
x shape: torch.Size([3654, 4])
y shape: torch.Size([3654])
Sample x: tensor([[0.0110, 0.0000, 0.0000, 0.6054],
        [0.0110, 0.0000, 0.0357, 0.6009]])
Sample y: tensor([0, 0])
Pair 3:
Data file: /home/nishioka/GNN/Defect_4x4_Normalized1/Normalized1_Defect4x4_ELNOD_L2B30.npy
Label file: /home/nishioka/GNN/Defect19Class_OneHot_test2/Defect19Class_L2B30.npy
x shape: torch.Size([3654, 4])
y shape: torch.Size([3654])
Sample x: tensor([[0.0110, 0.0000, 0.0000, 0.6080],
        [0.0110, 0.0000, 0.0357, 0.6036]])
Sample y: tensor([0, 0])
Pair 1:
Data file: /home/nishioka/GNN/Defect_4x4_Normalized1/Normalized1_Defect4x4_ELNOD_L16B71.npy
Label file: /home/nishioka/GNN/Defect19Class_OneHot_test2/Defect19Class_L16B71.npy
x shape: torch.Size([3654, 4])
y shape: torch.Size([3654])
Sample x: tensor([[0.0110, 0.0000, 0.0000, 0.6866],
        [0.0110, 0.0000, 0.0357, 0.6787]])
Sample y: tensor([0, 0])
Pair 2:
Data file: /home/nishioka/GNN/Defect_4x4_Normalized1/Normalized1_Defect4x4_ELNOD_L18B48.npy
Label file: /home/nishioka/GNN/Defect19Class_OneHot_test2/Defect19Class_L18B48.npy
x shape: torch.Size([3654, 4])
y shape: torch.Size([3654])
Sample x: tensor([[0.0110, 0.0000, 0.0000, 0.6054],
        [0.0110, 0.0000, 0.0357, 0.6009]])
Sample y: tensor([0, 0])
Pair 3:
Data file: /home/nishioka/GNN/Defect_4x4_Normalized1/Normalized1_Defect4x4_ELNOD_L2B30.npy
Label file: /home/nishioka/GNN/Defect19Class_OneHot_test2/Defect19Class_L2B30.npy
x shape: torch.Size([3654, 4])
y shape: torch.Size([3654])
Sample x: tensor([[0.0110, 0.0000, 0.0000, 0.6080],
        [0.0110, 0.0000, 0.0357, 0.6036]])
Sample y: tensor([0, 0])
Pair 1:
Data file: /home/nishioka/GNN/Defect_4x4_Normalized1/Normalized1_Defect4x4_ELNOD_L16B71.npy
Label file: /home/nishioka/GNN/Defect19Class_OneHot_test2/Defect19Class_L16B71.npy
x shape: torch.Size([3654, 4])
y shape: torch.Size([3654])
Sample x: tensor([[0.0110, 0.0000, 0.0000, 0.6866],
        [0.0110, 0.0000, 0.0357, 0.6787]])
Sample y: tensor([0, 0])
Pair 2:
Data file: /home/nishioka/GNN/Defect_4x4_Normalized1/Normalized1_Defect4x4_ELNOD_L18B48.npy
Label file: /home/nishioka/GNN/Defect19Class_OneHot_test2/Defect19Class_L18B48.npy
x shape: torch.Size([3654, 4])
y shape: torch.Size([3654])
Sample x: tensor([[0.0110, 0.0000, 0.0000, 0.6054],
        [0.0110, 0.0000, 0.0357, 0.6009]])
Sample y: tensor([0, 0])
Pair 3:
Data file: /home/nishioka/GNN/Defect_4x4_Normalized1/Normalized1_Defect4x4_ELNOD_L2B30.npy
Label file: /home/nishioka/GNN/Defect19Class_OneHot_test2/Defect19Class_L2B30.npy
x shape: torch.Size([3654, 4])
y shape: torch.Size([3654])
Sample x: tensor([[0.0110, 0.0000, 0.0000, 0.6080],
        [0.0110, 0.0000, 0.0357, 0.6036]])
Sample y: tensor([0, 0])
Pair 1:
Data file: /home/nishioka/GNN/Defect_4x4_Normalized1/Normalized1_Defect4x4_ELNOD_L16B71.npy
Label file: /home/nishioka/GNN/Defect19Class_OneHot_test2/Defect19Class_L16B71.npy
x shape: torch.Size([3654, 4])
y shape: torch.Size([3654])
Sample x: tensor([[0.0110, 0.0000, 0.0000, 0.6866],
        [0.0110, 0.0000, 0.0357, 0.6787]])
Sample y: tensor([0, 0])
Pair 2:
Data file: /home/nishioka/GNN/Defect_4x4_Normalized1/Normalized1_Defect4x4_ELNOD_L18B48.npy
Label file: /home/nishioka/GNN/Defect19Class_OneHot_test2/Defect19Class_L18B48.npy
x shape: torch.Size([3654, 4])
y shape: torch.Size([3654])
Sample x: tensor([[0.0110, 0.0000, 0.0000, 0.6054],
        [0.0110, 0.0000, 0.0357, 0.6009]])
Sample y: tensor([0, 0])
Pair 3:
Data file: /home/nishioka/GNN/Defect_4x4_Normalized1/Normalized1_Defect4x4_ELNOD_L2B30.npy
Label file: /home/nishioka/GNN/Defect19Class_OneHot_test2/Defect19Class_L2B30.npy
x shape: torch.Size([3654, 4])
y shape: torch.Size([3654])
Sample x: tensor([[0.0110, 0.0000, 0.0000, 0.6080],
        [0.0110, 0.0000, 0.0357, 0.6036]])
Sample y: tensor([0, 0])
Precision: 0.9940, Recall: 0.1525, F1-Score: 0.2604
Fold 4, Epoch 1, Train Loss: 1.7070, Val Loss: 1.2838, Val Acc: 0.1538
Precision: 0.9939, Recall: 0.0669, F1-Score: 0.1201
Fold 4, Epoch 2, Train Loss: 1.3517, Val Loss: 1.1765, Val Acc: 0.0690
Precision: 0.9940, Recall: 0.1320, F1-Score: 0.2282
Fold 4, Epoch 3, Train Loss: 1.3295, Val Loss: 1.1022, Val Acc: 0.1346
Precision: 0.9940, Recall: 0.2563, F1-Score: 0.4036
Fold 4, Epoch 4, Train Loss: 1.2480, Val Loss: 1.0707, Val Acc: 0.2603
Precision: 0.9940, Recall: 0.2806, F1-Score: 0.4338
Fold 4, Epoch 5, Train Loss: 1.1683, Val Loss: 1.0384, Val Acc: 0.2846
Precision: 0.9939, Recall: 0.2868, F1-Score: 0.4418
Fold 4, Epoch 6, Train Loss: 1.1257, Val Loss: 1.0341, Val Acc: 0.2918
Precision: 0.9939, Recall: 0.2819, F1-Score: 0.4359
Fold 4, Epoch 7, Train Loss: 1.1320, Val Loss: 1.0664, Val Acc: 0.2888
Precision: 0.9940, Recall: 0.2308, F1-Score: 0.3708
Fold 4, Epoch 8, Train Loss: 1.1510, Val Loss: 1.0609, Val Acc: 0.2365
Precision: 0.9940, Recall: 0.3086, F1-Score: 0.4678
Fold 4, Epoch 9, Train Loss: 1.1884, Val Loss: 1.0985, Val Acc: 0.3165
Precision: 0.9940, Recall: 0.2038, F1-Score: 0.3342
Fold 4, Epoch 10, Train Loss: 1.1669, Val Loss: 1.0116, Val Acc: 0.2058
Precision: 0.9940, Recall: 0.2808, F1-Score: 0.4344
Fold 4, Epoch 11, Train Loss: 1.1980, Val Loss: 1.0060, Val Acc: 0.2853
Precision: 0.9939, Recall: 0.3167, F1-Score: 0.4768
Fold 4, Epoch 12, Train Loss: 1.1593, Val Loss: 1.0456, Val Acc: 0.3237
Precision: 0.9940, Recall: 0.2091, F1-Score: 0.3414
Fold 4, Epoch 13, Train Loss: 1.1714, Val Loss: 1.0126, Val Acc: 0.2121
Precision: 0.9938, Recall: 0.2672, F1-Score: 0.4172
Fold 4, Epoch 14, Train Loss: 1.1466, Val Loss: 1.0338, Val Acc: 0.2746
Precision: 0.9938, Recall: 0.2520, F1-Score: 0.3978
Fold 4, Epoch 15, Train Loss: 1.1882, Val Loss: 1.0195, Val Acc: 0.2559
Precision: 0.9939, Recall: 0.2068, F1-Score: 0.3382
Fold 4, Epoch 16, Train Loss: 1.1756, Val Loss: 1.0467, Val Acc: 0.2080
Precision: 0.9940, Recall: 0.2890, F1-Score: 0.4442
Fold 4, Epoch 17, Train Loss: 1.1628, Val Loss: 1.0688, Val Acc: 0.2922
Precision: 0.9940, Recall: 0.1932, F1-Score: 0.3195
Fold 4, Epoch 18, Train Loss: 1.1041, Val Loss: 1.1032, Val Acc: 0.1958
Precision: 0.9940, Recall: 0.2529, F1-Score: 0.3993
Fold 4, Epoch 19, Train Loss: 1.1777, Val Loss: 1.0350, Val Acc: 0.2556
Precision: 0.9940, Recall: 0.2483, F1-Score: 0.3937
Fold 4, Epoch 20, Train Loss: 1.1683, Val Loss: 1.0186, Val Acc: 0.2532
Precision: 0.9940, Recall: 0.2765, F1-Score: 0.4293
Fold 4, Epoch 21, Train Loss: 1.0507, Val Loss: 1.0404, Val Acc: 0.2807
Precision: 0.9940, Recall: 0.2921, F1-Score: 0.4482
Fold 4, Epoch 22, Train Loss: 1.1196, Val Loss: 1.0365, Val Acc: 0.2969
Precision: 0.9940, Recall: 0.2726, F1-Score: 0.4243
Fold 4, Epoch 23, Train Loss: 1.1137, Val Loss: 1.0335, Val Acc: 0.2779
Precision: 0.9940, Recall: 0.2766, F1-Score: 0.4293
Fold 4, Epoch 24, Train Loss: 1.1535, Val Loss: 1.0045, Val Acc: 0.2813
Precision: 0.9940, Recall: 0.2387, F1-Score: 0.3808
Fold 4, Epoch 25, Train Loss: 1.0781, Val Loss: 0.9875, Val Acc: 0.2422
Precision: 0.9940, Recall: 0.2775, F1-Score: 0.4304
Fold 4, Epoch 26, Train Loss: 1.0973, Val Loss: 1.0004, Val Acc: 0.2806
Precision: 0.9940, Recall: 0.2616, F1-Score: 0.4107
Fold 4, Epoch 27, Train Loss: 1.1122, Val Loss: 1.0234, Val Acc: 0.2646
Precision: 0.9940, Recall: 0.2582, F1-Score: 0.4064
Fold 4, Epoch 28, Train Loss: 1.1563, Val Loss: 1.0324, Val Acc: 0.2635
Precision: 0.9939, Recall: 0.2823, F1-Score: 0.4365
Fold 4, Epoch 29, Train Loss: 1.0993, Val Loss: 1.0804, Val Acc: 0.2888
Precision: 0.9939, Recall: 0.2782, F1-Score: 0.4310
Fold 4, Epoch 30, Train Loss: 1.1685, Val Loss: 1.0259, Val Acc: 0.2853
Precision: 0.9940, Recall: 0.2571, F1-Score: 0.4050
Fold 4, Epoch 31, Train Loss: 1.1387, Val Loss: 1.0685, Val Acc: 0.2604
Precision: 0.9938, Recall: 0.2328, F1-Score: 0.3733
Fold 4, Epoch 32, Train Loss: 1.1738, Val Loss: 1.0467, Val Acc: 0.2371
Precision: 0.9940, Recall: 0.3235, F1-Score: 0.4852
Fold 4, Epoch 33, Train Loss: 1.1196, Val Loss: 1.0785, Val Acc: 0.3300
Precision: 0.9940, Recall: 0.2581, F1-Score: 0.4064
Fold 4, Epoch 34, Train Loss: 1.1605, Val Loss: 1.0794, Val Acc: 0.2642
Precision: 0.9940, Recall: 0.2531, F1-Score: 0.3996
Fold 4, Epoch 35, Train Loss: 1.1439, Val Loss: 1.0189, Val Acc: 0.2575
Precision: 0.9939, Recall: 0.2297, F1-Score: 0.3689
Fold 4, Epoch 36, Train Loss: 1.0870, Val Loss: 1.0177, Val Acc: 0.2332
Precision: 0.9940, Recall: 0.2921, F1-Score: 0.4484
Fold 4, Epoch 37, Train Loss: 1.1244, Val Loss: 1.0579, Val Acc: 0.2971
Precision: 0.9940, Recall: 0.2652, F1-Score: 0.4149
Fold 4, Epoch 38, Train Loss: 1.1840, Val Loss: 1.0222, Val Acc: 0.2688
Precision: 0.9940, Recall: 0.2222, F1-Score: 0.3593
Fold 4, Epoch 39, Train Loss: 1.1745, Val Loss: 1.0617, Val Acc: 0.2247
Precision: 0.9938, Recall: 0.2754, F1-Score: 0.4275
Fold 4, Epoch 40, Train Loss: 1.1242, Val Loss: 1.0769, Val Acc: 0.2807
Precision: 0.9939, Recall: 0.2239, F1-Score: 0.3616
Fold 4, Epoch 41, Train Loss: 1.1557, Val Loss: 1.1749, Val Acc: 0.2270
Precision: 0.9937, Recall: 0.3611, F1-Score: 0.5269
Fold 4, Epoch 42, Train Loss: 1.2540, Val Loss: 1.2168, Val Acc: 0.3672
Precision: 0.9939, Recall: 0.1395, F1-Score: 0.2402
Fold 4, Epoch 43, Train Loss: 1.1513, Val Loss: 1.1824, Val Acc: 0.1432
Precision: 0.9939, Recall: 0.2898, F1-Score: 0.4452
Fold 4, Epoch 44, Train Loss: 1.2180, Val Loss: 1.0447, Val Acc: 0.3003
Precision: 0.9940, Recall: 0.2929, F1-Score: 0.4489
Fold 4, Epoch 45, Train Loss: 1.1548, Val Loss: 1.0116, Val Acc: 0.2995
Precision: 0.9939, Recall: 0.2065, F1-Score: 0.3382
Fold 4, Epoch 46, Train Loss: 1.1526, Val Loss: 1.0820, Val Acc: 0.2106
Precision: 0.9939, Recall: 0.2654, F1-Score: 0.4158
Fold 4, Epoch 47, Train Loss: 1.2417, Val Loss: 1.1941, Val Acc: 0.2688
Precision: 0.9939, Recall: 0.1631, F1-Score: 0.2758
Fold 4, Epoch 48, Train Loss: 1.2271, Val Loss: 1.1183, Val Acc: 0.1646
Precision: 0.9940, Recall: 0.2582, F1-Score: 0.4061
Fold 4, Epoch 49, Train Loss: 1.1767, Val Loss: 1.0610, Val Acc: 0.2604
Precision: 0.9940, Recall: 0.2131, F1-Score: 0.3469
Fold 4, Epoch 50, Train Loss: 1.1655, Val Loss: 1.0565, Val Acc: 0.2163
Precision: 0.9939, Recall: 0.2132, F1-Score: 0.3472
Fold 4, Epoch 51, Train Loss: 1.1361, Val Loss: 1.0721, Val Acc: 0.2169
Precision: 0.9939, Recall: 0.2833, F1-Score: 0.4375
Fold 4, Epoch 52, Train Loss: 1.1150, Val Loss: 1.1198, Val Acc: 0.2894
Precision: 0.9939, Recall: 0.2421, F1-Score: 0.3856
Fold 4, Epoch 53, Train Loss: 1.1522, Val Loss: 1.0616, Val Acc: 0.2446
Precision: 0.9938, Recall: 0.2668, F1-Score: 0.4165
Fold 4, Epoch 54, Train Loss: 1.1821, Val Loss: 1.0361, Val Acc: 0.2719
Precision: 0.9939, Recall: 0.2179, F1-Score: 0.3535
Fold 4, Epoch 55, Train Loss: 1.1049, Val Loss: 1.0169, Val Acc: 0.2232
Precision: 0.9939, Recall: 0.3023, F1-Score: 0.4601
Fold 4, Epoch 56, Train Loss: 1.1352, Val Loss: 0.9892, Val Acc: 0.3088
Precision: 0.9939, Recall: 0.2593, F1-Score: 0.4076
Fold 4, Epoch 57, Train Loss: 1.0759, Val Loss: 1.0236, Val Acc: 0.2644
Precision: 0.9941, Recall: 0.2665, F1-Score: 0.4166
Fold 4, Epoch 58, Train Loss: 1.0981, Val Loss: 1.0155, Val Acc: 0.2706
Precision: 0.9940, Recall: 0.2908, F1-Score: 0.4468
Fold 4, Epoch 59, Train Loss: 1.1448, Val Loss: 1.1276, Val Acc: 0.2970
Precision: 0.9939, Recall: 0.2618, F1-Score: 0.4109
Fold 4, Epoch 60, Train Loss: 1.2338, Val Loss: 1.0836, Val Acc: 0.2647
Precision: 0.9938, Recall: 0.2322, F1-Score: 0.3727
Fold 4, Epoch 61, Train Loss: 1.1789, Val Loss: 1.1882, Val Acc: 0.2337
Precision: 0.9940, Recall: 0.2202, F1-Score: 0.3567
Fold 4, Epoch 62, Train Loss: 1.2449, Val Loss: 1.0963, Val Acc: 0.2220
Precision: 0.9939, Recall: 0.2472, F1-Score: 0.3922
Fold 4, Epoch 63, Train Loss: 1.1998, Val Loss: 1.0113, Val Acc: 0.2515
Precision: 0.9938, Recall: 0.2462, F1-Score: 0.3909
Fold 4, Epoch 64, Train Loss: 1.1728, Val Loss: 1.0547, Val Acc: 0.2515
Precision: 0.9940, Recall: 0.2679, F1-Score: 0.4183
Fold 4, Epoch 65, Train Loss: 1.1498, Val Loss: 1.0621, Val Acc: 0.2729
Precision: 0.9940, Recall: 0.2879, F1-Score: 0.4427
Fold 4, Epoch 66, Train Loss: 1.1188, Val Loss: 1.0446, Val Acc: 0.2943
Precision: 0.9940, Recall: 0.2304, F1-Score: 0.3699
Fold 4, Epoch 67, Train Loss: 1.0978, Val Loss: 1.0315, Val Acc: 0.2355
Precision: 0.9939, Recall: 0.2811, F1-Score: 0.4347
Fold 4, Epoch 68, Train Loss: 1.1437, Val Loss: 1.0775, Val Acc: 0.2863
Precision: 0.9939, Recall: 0.3100, F1-Score: 0.4693
Fold 4, Epoch 69, Train Loss: 1.1374, Val Loss: 1.0928, Val Acc: 0.3150
Precision: 0.9940, Recall: 0.1817, F1-Score: 0.3032
Fold 4, Epoch 70, Train Loss: 1.1501, Val Loss: 1.0972, Val Acc: 0.1838
Precision: 0.9939, Recall: 0.3255, F1-Score: 0.4869
Fold 4, Epoch 71, Train Loss: 1.1499, Val Loss: 1.0188, Val Acc: 0.3290
Precision: 0.9940, Recall: 0.1850, F1-Score: 0.3074
Fold 4, Epoch 72, Train Loss: 1.1678, Val Loss: 1.0279, Val Acc: 0.1871
Precision: 0.9939, Recall: 0.2531, F1-Score: 0.3997
Fold 4, Epoch 73, Train Loss: 1.1656, Val Loss: 1.0689, Val Acc: 0.2589
Precision: 0.9938, Recall: 0.3018, F1-Score: 0.4599
Fold 4, Epoch 74, Train Loss: 1.1790, Val Loss: 1.2968, Val Acc: 0.3063
Pair 1:Pair 1:

Data file: /home/nishioka/GNN/Defect_4x4_Normalized1/Normalized1_Defect4x4_ELNOD_L17B5.npyData file: /home/nishioka/GNN/Defect_4x4_Normalized1/Normalized1_Defect4x4_ELNOD_L17B5.npy

Label file: /home/nishioka/GNN/Defect19Class_OneHot_test2/Defect19Class_L17B5.npyLabel file: /home/nishioka/GNN/Defect19Class_OneHot_test2/Defect19Class_L17B5.npy

x shape: torch.Size([3654, 4])x shape: torch.Size([3654, 4])

y shape: torch.Size([3654])y shape: torch.Size([3654])

Sample x: tensor([[0.0110, 0.0000, 0.0000, 0.7766],
        [0.0110, 0.0000, 0.0357, 0.7705]])Sample x: tensor([[0.0110, 0.0000, 0.0000, 0.7766],
        [0.0110, 0.0000, 0.0357, 0.7705]])

Sample y: tensor([0, 0])Sample y: tensor([0, 0])

Pair 1:
Data file: /home/nishioka/GNN/Defect_4x4_Normalized1/Normalized1_Defect4x4_ELNOD_L17B5.npy
Label file: /home/nishioka/GNN/Defect19Class_OneHot_test2/Defect19Class_L17B5.npy
x shape: torch.Size([3654, 4])
y shape: torch.Size([3654])
Sample x: tensor([[0.0110, 0.0000, 0.0000, 0.7766],
        [0.0110, 0.0000, 0.0357, 0.7705]])
Pair 2:
Data file: /home/nishioka/GNN/Defect_4x4_Normalized1/Normalized1_Defect4x4_ELNOD_L2B9.npy
Label file: /home/nishioka/GNN/Defect19Class_OneHot_test2/Defect19Class_L2B9.npySample y: tensor([0, 0])

x shape: torch.Size([3654, 4])
y shape: torch.Size([3654])
Pair 2:
Data file: /home/nishioka/GNN/Defect_4x4_Normalized1/Normalized1_Defect4x4_ELNOD_L2B9.npy
Label file: /home/nishioka/GNN/Defect19Class_OneHot_test2/Defect19Class_L2B9.npy
x shape: torch.Size([3654, 4])
y shape: torch.Size([3654])
Sample x: tensor([[0.0110, 0.0000, 0.0000, 0.5476],
        [0.0110, 0.0000, 0.0357, 0.5359]])
Sample y: tensor([0, 0])
Sample x: tensor([[0.0110, 0.0000, 0.0000, 0.5476],
        [0.0110, 0.0000, 0.0357, 0.5359]])
Sample y: tensor([0, 0])
Pair 2:
Data file: /home/nishioka/GNN/Defect_4x4_Normalized1/Normalized1_Defect4x4_ELNOD_L2B9.npy
Label file: /home/nishioka/GNN/Defect19Class_OneHot_test2/Defect19Class_L2B9.npy
x shape: torch.Size([3654, 4])
y shape: torch.Size([3654])
Pair 3:
Data file: /home/nishioka/GNN/Defect_4x4_Normalized1/Normalized1_Defect4x4_ELNOD_L11B78.npy
Label file: /home/nishioka/GNN/Defect19Class_OneHot_test2/Defect19Class_L11B78.npy
x shape: torch.Size([3654, 4])
y shape: torch.Size([3654])
Pair 3:
Data file: /home/nishioka/GNN/Defect_4x4_Normalized1/Normalized1_Defect4x4_ELNOD_L11B78.npy
Label file: /home/nishioka/GNN/Defect19Class_OneHot_test2/Defect19Class_L11B78.npy
x shape: torch.Size([3654, 4])
y shape: torch.Size([3654])
Sample x: tensor([[0.0110, 0.0000, 0.0000, 0.5790],
        [0.0110, 0.0000, 0.0357, 0.5722]])
Sample y: tensor([0, 0])
Sample x: tensor([[0.0110, 0.0000, 0.0000, 0.5476],
        [0.0110, 0.0000, 0.0357, 0.5359]])
Sample x: tensor([[0.0110, 0.0000, 0.0000, 0.5790],
        [0.0110, 0.0000, 0.0357, 0.5722]])
Sample y: tensor([0, 0])
Sample y: tensor([0, 0])
Pair 3:
Data file: /home/nishioka/GNN/Defect_4x4_Normalized1/Normalized1_Defect4x4_ELNOD_L11B78.npy
Label file: /home/nishioka/GNN/Defect19Class_OneHot_test2/Defect19Class_L11B78.npy
x shape: torch.Size([3654, 4])
y shape: torch.Size([3654])
Sample x: tensor([[0.0110, 0.0000, 0.0000, 0.5790],
        [0.0110, 0.0000, 0.0357, 0.5722]])
Sample y: tensor([0, 0])
Precision: 0.9939, Recall: 0.2601, F1-Score: 0.4089
Early stopping triggered for Fold 4 at epoch 75
Completed Fold 4
Starting Fold 5
Pair 1:
Data file: /home/nishioka/GNN/Defect_4x4_Normalized1/Normalized1_Defect4x4_ELNOD_L17B5.npy
Label file: /home/nishioka/GNN/Defect19Class_OneHot_test2/Defect19Class_L17B5.npy
x shape: torch.Size([3654, 4])
y shape: torch.Size([3654])
Sample x: tensor([[0.0110, 0.0000, 0.0000, 0.7766],
        [0.0110, 0.0000, 0.0357, 0.7705]])
Sample y: tensor([0, 0])
Pair 2:
Data file: /home/nishioka/GNN/Defect_4x4_Normalized1/Normalized1_Defect4x4_ELNOD_L2B9.npy
Label file: /home/nishioka/GNN/Defect19Class_OneHot_test2/Defect19Class_L2B9.npy
x shape: torch.Size([3654, 4])
y shape: torch.Size([3654])
Sample x: tensor([[0.0110, 0.0000, 0.0000, 0.5476],
        [0.0110, 0.0000, 0.0357, 0.5359]])
Sample y: tensor([0, 0])
Pair 3:
Data file: /home/nishioka/GNN/Defect_4x4_Normalized1/Normalized1_Defect4x4_ELNOD_L11B78.npy
Label file: /home/nishioka/GNN/Defect19Class_OneHot_test2/Defect19Class_L11B78.npy
x shape: torch.Size([3654, 4])
y shape: torch.Size([3654])
Sample x: tensor([[0.0110, 0.0000, 0.0000, 0.5790],
        [0.0110, 0.0000, 0.0357, 0.5722]])
Sample y: tensor([0, 0])
Pair 1:
Data file: /home/nishioka/GNN/Defect_4x4_Normalized1/Normalized1_Defect4x4_ELNOD_L11B87.npy
Label file: /home/nishioka/GNN/Defect19Class_OneHot_test2/Defect19Class_L11B87.npy
x shape: torch.Size([3654, 4])
y shape: torch.Size([3654])
Sample x: tensor([[0.0110, 0.0000, 0.0000, 0.7021],
        [0.0110, 0.0000, 0.0357, 0.6920]])
Sample y: tensor([0, 0])
Pair 2:
Data file: /home/nishioka/GNN/Defect_4x4_Normalized1/Normalized1_Defect4x4_ELNOD_L5B11.npy
Label file: /home/nishioka/GNN/Defect19Class_OneHot_test2/Defect19Class_L5B11.npy
x shape: torch.Size([3654, 4])
y shape: torch.Size([3654])
Sample x: tensor([[0.0110, 0.0000, 0.0000, 0.7512],
        [0.0110, 0.0000, 0.0357, 0.7422]])
Sample y: tensor([0, 0])
Pair 3:
Data file: /home/nishioka/GNN/Defect_4x4_Normalized1/Normalized1_Defect4x4_ELNOD_L2B24.npy
Label file: /home/nishioka/GNN/Defect19Class_OneHot_test2/Defect19Class_L2B24.npy
x shape: torch.Size([3654, 4])
y shape: torch.Size([3654])
Sample x: tensor([[0.0110, 0.0000, 0.0000, 0.6084],
        [0.0110, 0.0000, 0.0357, 0.6040]])
Sample y: tensor([0, 0])
Pair 1:
Data file: /home/nishioka/GNN/Defect_4x4_Normalized1/Normalized1_Defect4x4_ELNOD_L11B87.npy
Label file: /home/nishioka/GNN/Defect19Class_OneHot_test2/Defect19Class_L11B87.npy
x shape: torch.Size([3654, 4])
y shape: torch.Size([3654])
Sample x: tensor([[0.0110, 0.0000, 0.0000, 0.7021],
        [0.0110, 0.0000, 0.0357, 0.6920]])
Sample y: tensor([0, 0])
Pair 1:
Data file: /home/nishioka/GNN/Defect_4x4_Normalized1/Normalized1_Defect4x4_ELNOD_L11B87.npy
Label file: /home/nishioka/GNN/Defect19Class_OneHot_test2/Defect19Class_L11B87.npy
x shape: torch.Size([3654, 4])
y shape: torch.Size([3654])
Sample x: tensor([[0.0110, 0.0000, 0.0000, 0.7021],
        [0.0110, 0.0000, 0.0357, 0.6920]])
Sample y: tensor([0, 0])
Pair 2:
Data file: /home/nishioka/GNN/Defect_4x4_Normalized1/Normalized1_Defect4x4_ELNOD_L5B11.npy
Label file: /home/nishioka/GNN/Defect19Class_OneHot_test2/Defect19Class_L5B11.npy
x shape: torch.Size([3654, 4])
y shape: torch.Size([3654])
Sample x: tensor([[0.0110, 0.0000, 0.0000, 0.7512],
        [0.0110, 0.0000, 0.0357, 0.7422]])
Sample y: tensor([0, 0])
Pair 2:
Data file: /home/nishioka/GNN/Defect_4x4_Normalized1/Normalized1_Defect4x4_ELNOD_L5B11.npy
Label file: /home/nishioka/GNN/Defect19Class_OneHot_test2/Defect19Class_L5B11.npy
x shape: torch.Size([3654, 4])
y shape: torch.Size([3654])
Sample x: tensor([[0.0110, 0.0000, 0.0000, 0.7512],
        [0.0110, 0.0000, 0.0357, 0.7422]])
Sample y: tensor([0, 0])
Pair 3:
Data file: /home/nishioka/GNN/Defect_4x4_Normalized1/Normalized1_Defect4x4_ELNOD_L2B24.npy
Label file: /home/nishioka/GNN/Defect19Class_OneHot_test2/Defect19Class_L2B24.npy
x shape: torch.Size([3654, 4])
y shape: torch.Size([3654])
Sample x: tensor([[0.0110, 0.0000, 0.0000, 0.6084],
        [0.0110, 0.0000, 0.0357, 0.6040]])
Sample y: tensor([0, 0])
Pair 3:
Data file: /home/nishioka/GNN/Defect_4x4_Normalized1/Normalized1_Defect4x4_ELNOD_L2B24.npy
Label file: /home/nishioka/GNN/Defect19Class_OneHot_test2/Defect19Class_L2B24.npy
x shape: torch.Size([3654, 4])
y shape: torch.Size([3654])
Sample x: tensor([[0.0110, 0.0000, 0.0000, 0.6084],
        [0.0110, 0.0000, 0.0357, 0.6040]])
Sample y: tensor([0, 0])
Pair 1:
Data file: /home/nishioka/GNN/Defect_4x4_Normalized1/Normalized1_Defect4x4_ELNOD_L11B87.npy
Label file: /home/nishioka/GNN/Defect19Class_OneHot_test2/Defect19Class_L11B87.npy
x shape: torch.Size([3654, 4])
y shape: torch.Size([3654])
Sample x: tensor([[0.0110, 0.0000, 0.0000, 0.7021],
        [0.0110, 0.0000, 0.0357, 0.6920]])
Sample y: tensor([0, 0])
Pair 2:
Data file: /home/nishioka/GNN/Defect_4x4_Normalized1/Normalized1_Defect4x4_ELNOD_L5B11.npy
Label file: /home/nishioka/GNN/Defect19Class_OneHot_test2/Defect19Class_L5B11.npy
x shape: torch.Size([3654, 4])
y shape: torch.Size([3654])
Sample x: tensor([[0.0110, 0.0000, 0.0000, 0.7512],
        [0.0110, 0.0000, 0.0357, 0.7422]])
Sample y: tensor([0, 0])
Pair 3:
Data file: /home/nishioka/GNN/Defect_4x4_Normalized1/Normalized1_Defect4x4_ELNOD_L2B24.npy
Label file: /home/nishioka/GNN/Defect19Class_OneHot_test2/Defect19Class_L2B24.npy
x shape: torch.Size([3654, 4])
y shape: torch.Size([3654])
Sample x: tensor([[0.0110, 0.0000, 0.0000, 0.6084],
        [0.0110, 0.0000, 0.0357, 0.6040]])
Sample y: tensor([0, 0])
Precision: 0.9937, Recall: 0.1719, F1-Score: 0.2895
Fold 5, Epoch 1, Train Loss: 1.7884, Val Loss: 1.3175, Val Acc: 0.1829
Precision: 0.9939, Recall: 0.1519, F1-Score: 0.2594
Fold 5, Epoch 2, Train Loss: 1.3369, Val Loss: 1.2884, Val Acc: 0.1628
Precision: 0.9937, Recall: 0.2652, F1-Score: 0.4155
Fold 5, Epoch 3, Train Loss: 1.2523, Val Loss: 1.2371, Val Acc: 0.2895
Precision: 0.9938, Recall: 0.1988, F1-Score: 0.3273
Fold 5, Epoch 4, Train Loss: 1.1856, Val Loss: 1.1370, Val Acc: 0.2131
Precision: 0.9938, Recall: 0.2563, F1-Score: 0.4036
Fold 5, Epoch 5, Train Loss: 1.1673, Val Loss: 1.1086, Val Acc: 0.2713
Precision: 0.9938, Recall: 0.2955, F1-Score: 0.4519
Fold 5, Epoch 6, Train Loss: 1.1107, Val Loss: 1.1174, Val Acc: 0.3149
Precision: 0.9938, Recall: 0.2746, F1-Score: 0.4267
Fold 5, Epoch 7, Train Loss: 1.1334, Val Loss: 1.1181, Val Acc: 0.2920
Precision: 0.9939, Recall: 0.2319, F1-Score: 0.3726
Fold 5, Epoch 8, Train Loss: 1.1150, Val Loss: 1.1277, Val Acc: 0.2474
Precision: 0.9938, Recall: 0.3074, F1-Score: 0.4663
Fold 5, Epoch 9, Train Loss: 1.1165, Val Loss: 1.1614, Val Acc: 0.3271
Precision: 0.9938, Recall: 0.2302, F1-Score: 0.3700
Fold 5, Epoch 10, Train Loss: 1.1798, Val Loss: 1.1175, Val Acc: 0.2450
Precision: 0.9938, Recall: 0.1916, F1-Score: 0.3168
Fold 5, Epoch 11, Train Loss: 1.1352, Val Loss: 1.2211, Val Acc: 0.2062
Precision: 0.9938, Recall: 0.2245, F1-Score: 0.3619
Fold 5, Epoch 12, Train Loss: 1.1915, Val Loss: 1.1528, Val Acc: 0.2432
Precision: 0.9937, Recall: 0.3101, F1-Score: 0.4694
Fold 5, Epoch 13, Train Loss: 1.1379, Val Loss: 1.1539, Val Acc: 0.3310
Precision: 0.9938, Recall: 0.1945, F1-Score: 0.3207
Fold 5, Epoch 14, Train Loss: 1.1482, Val Loss: 1.1675, Val Acc: 0.2077
Precision: 0.9939, Recall: 0.2936, F1-Score: 0.4496
Fold 5, Epoch 15, Train Loss: 1.1174, Val Loss: 1.1604, Val Acc: 0.3173
Precision: 0.9939, Recall: 0.2586, F1-Score: 0.4064
Fold 5, Epoch 16, Train Loss: 1.1337, Val Loss: 1.1022, Val Acc: 0.2738
Precision: 0.9939, Recall: 0.2476, F1-Score: 0.3927
Fold 5, Epoch 17, Train Loss: 1.0747, Val Loss: 1.1456, Val Acc: 0.2659
Precision: 0.9938, Recall: 0.2977, F1-Score: 0.4547
Fold 5, Epoch 18, Train Loss: 1.1081, Val Loss: 1.1483, Val Acc: 0.3196
Precision: 0.9939, Recall: 0.1883, F1-Score: 0.3121
Fold 5, Epoch 19, Train Loss: 1.0997, Val Loss: 1.1219, Val Acc: 0.1987
Precision: 0.9938, Recall: 0.2912, F1-Score: 0.4469
Fold 5, Epoch 20, Train Loss: 1.1371, Val Loss: 1.1308, Val Acc: 0.3130
Precision: 0.9939, Recall: 0.2348, F1-Score: 0.3760
Fold 5, Epoch 21, Train Loss: 1.0734, Val Loss: 1.1427, Val Acc: 0.2498
Precision: 0.9937, Recall: 0.2304, F1-Score: 0.3700
Fold 5, Epoch 22, Train Loss: 1.1206, Val Loss: 1.1638, Val Acc: 0.2454
Precision: 0.9938, Recall: 0.2515, F1-Score: 0.3977
Fold 5, Epoch 23, Train Loss: 1.1964, Val Loss: 1.1935, Val Acc: 0.2712
Precision: 0.9939, Recall: 0.2109, F1-Score: 0.3443
Fold 5, Epoch 24, Train Loss: 1.1777, Val Loss: 1.1565, Val Acc: 0.2261
Precision: 0.9939, Recall: 0.3210, F1-Score: 0.4818
Fold 5, Epoch 25, Train Loss: 1.1826, Val Loss: 1.1800, Val Acc: 0.3431
Precision: 0.9938, Recall: 0.1983, F1-Score: 0.3261
Fold 5, Epoch 26, Train Loss: 1.2000, Val Loss: 1.1194, Val Acc: 0.2099
Precision: 0.9939, Recall: 0.2502, F1-Score: 0.3962
Fold 5, Epoch 27, Train Loss: 1.1751, Val Loss: 1.2168, Val Acc: 0.2680
Precision: 0.9939, Recall: 0.3345, F1-Score: 0.4978
Fold 5, Epoch 28, Train Loss: 1.1981, Val Loss: 1.3045, Val Acc: 0.3585
Precision: 0.9939, Recall: 0.3003, F1-Score: 0.4580
Fold 5, Epoch 29, Train Loss: 1.2078, Val Loss: 1.1959, Val Acc: 0.3204
Precision: 0.9939, Recall: 0.2588, F1-Score: 0.4071
Fold 5, Epoch 30, Train Loss: 1.1442, Val Loss: 1.2447, Val Acc: 0.2732
Precision: 0.9939, Recall: 0.1817, F1-Score: 0.3026
Fold 5, Epoch 31, Train Loss: 1.2001, Val Loss: 1.1513, Val Acc: 0.1898
Precision: 0.9938, Recall: 0.3112, F1-Score: 0.4706
Fold 5, Epoch 32, Train Loss: 1.1179, Val Loss: 1.1336, Val Acc: 0.3298
Precision: 0.9938, Recall: 0.2244, F1-Score: 0.3619
Fold 5, Epoch 33, Train Loss: 1.0886, Val Loss: 1.1173, Val Acc: 0.2380
Precision: 0.9939, Recall: 0.2835, F1-Score: 0.4372
Fold 5, Epoch 34, Train Loss: 1.0838, Val Loss: 1.0976, Val Acc: 0.3043
Precision: 0.9939, Recall: 0.2865, F1-Score: 0.4410
Fold 5, Epoch 35, Train Loss: 1.1126, Val Loss: 1.1204, Val Acc: 0.3056
Precision: 0.9939, Recall: 0.2415, F1-Score: 0.3849
Fold 5, Epoch 36, Train Loss: 1.0913, Val Loss: 1.1364, Val Acc: 0.2573
Precision: 0.9939, Recall: 0.2478, F1-Score: 0.3929
Fold 5, Epoch 37, Train Loss: 1.1009, Val Loss: 1.1496, Val Acc: 0.2650
Precision: 0.9939, Recall: 0.2752, F1-Score: 0.4275
Fold 5, Epoch 38, Train Loss: 1.0858, Val Loss: 1.1649, Val Acc: 0.2933
Precision: 0.9940, Recall: 0.2042, F1-Score: 0.3351
Fold 5, Epoch 39, Train Loss: 1.1129, Val Loss: 1.2850, Val Acc: 0.2200
Precision: 0.9938, Recall: 0.2472, F1-Score: 0.3921
Fold 5, Epoch 40, Train Loss: 1.1417, Val Loss: 1.2767, Val Acc: 0.2649
Precision: 0.9939, Recall: 0.2274, F1-Score: 0.3661
Fold 5, Epoch 41, Train Loss: 1.1301, Val Loss: 1.2050, Val Acc: 0.2438
Precision: 0.9938, Recall: 0.2511, F1-Score: 0.3967
Fold 5, Epoch 42, Train Loss: 1.1502, Val Loss: 1.1423, Val Acc: 0.2715
Precision: 0.9937, Recall: 0.2628, F1-Score: 0.4121
Fold 5, Epoch 43, Train Loss: 1.0780, Val Loss: 1.1701, Val Acc: 0.2846
Precision: 0.9939, Recall: 0.2602, F1-Score: 0.4087
Fold 5, Epoch 44, Train Loss: 1.0984, Val Loss: 1.1309, Val Acc: 0.2804
Precision: 0.9939, Recall: 0.2414, F1-Score: 0.3846
Fold 5, Epoch 45, Train Loss: 1.1471, Val Loss: 1.1086, Val Acc: 0.2594
Precision: 0.9939, Recall: 0.2654, F1-Score: 0.4155
Fold 5, Epoch 46, Train Loss: 1.0782, Val Loss: 1.1829, Val Acc: 0.2840
Precision: 0.9938, Recall: 0.2311, F1-Score: 0.3709
Fold 5, Epoch 47, Train Loss: 1.1069, Val Loss: 1.1405, Val Acc: 0.2473
Precision: 0.9939, Recall: 0.2295, F1-Score: 0.3686
Fold 5, Epoch 48, Train Loss: 1.0976, Val Loss: 1.1216, Val Acc: 0.2458
Precision: 0.9939, Recall: 0.3468, F1-Score: 0.5113
Fold 5, Epoch 49, Train Loss: 1.0732, Val Loss: 1.2146, Val Acc: 0.3701
Precision: 0.9939, Recall: 0.1871, F1-Score: 0.3108
Fold 5, Epoch 50, Train Loss: 1.1728, Val Loss: 1.1752, Val Acc: 0.1977
Precision: 0.9938, Recall: 0.2235, F1-Score: 0.3609
Fold 5, Epoch 51, Train Loss: 1.1554, Val Loss: 1.1786, Val Acc: 0.2435
Precision: 0.9939, Recall: 0.2612, F1-Score: 0.4102
Fold 5, Epoch 52, Train Loss: 1.1728, Val Loss: 1.1663, Val Acc: 0.2796
Precision: 0.9938, Recall: 0.2481, F1-Score: 0.3934
Fold 5, Epoch 53, Train Loss: 1.1706, Val Loss: 1.1750, Val Acc: 0.2692
Precision: 0.9938, Recall: 0.2373, F1-Score: 0.3790
Fold 5, Epoch 54, Train Loss: 1.1239, Val Loss: 1.1408, Val Acc: 0.2534
Precision: 0.9939, Recall: 0.2868, F1-Score: 0.4417
Fold 5, Epoch 55, Train Loss: 1.0892, Val Loss: 1.1143, Val Acc: 0.3058
Precision: 0.9938, Recall: 0.2695, F1-Score: 0.4203
Fold 5, Epoch 56, Train Loss: 1.0449, Val Loss: 1.1155, Val Acc: 0.2896
Precision: 0.9937, Recall: 0.2275, F1-Score: 0.3662
Fold 5, Epoch 57, Train Loss: 1.1196, Val Loss: 1.1827, Val Acc: 0.2459
Precision: 0.9939, Recall: 0.2633, F1-Score: 0.4127
Fold 5, Epoch 58, Train Loss: 1.1300, Val Loss: 1.1983, Val Acc: 0.2784
Precision: 0.9939, Recall: 0.2470, F1-Score: 0.3919
Fold 5, Epoch 59, Train Loss: 1.1101, Val Loss: 1.1448, Val Acc: 0.2598
Precision: 0.9937, Recall: 0.2545, F1-Score: 0.4017
Fold 5, Epoch 60, Train Loss: 1.1244, Val Loss: 1.1684, Val Acc: 0.2723
Precision: 0.9937, Recall: 0.2629, F1-Score: 0.4120
Fold 5, Epoch 61, Train Loss: 1.1192, Val Loss: 1.1397, Val Acc: 0.2830
Precision: 0.9938, Recall: 0.2775, F1-Score: 0.4301
Fold 5, Epoch 62, Train Loss: 1.0786, Val Loss: 1.1664, Val Acc: 0.3006
Precision: 0.9937, Recall: 0.1998, F1-Score: 0.3284
Fold 5, Epoch 63, Train Loss: 1.1379, Val Loss: 1.2244, Val Acc: 0.2135
Precision: 0.9937, Recall: 0.2218, F1-Score: 0.3590
Fold 5, Epoch 64, Train Loss: 1.1178, Val Loss: 1.2607, Val Acc: 0.2325
Precision: 0.9939, Recall: 0.2950, F1-Score: 0.4517
Fold 5, Epoch 65, Train Loss: 1.2221, Val Loss: 1.1533, Val Acc: 0.3155
Precision: 0.9939, Recall: 0.2615, F1-Score: 0.4108
Fold 5, Epoch 66, Train Loss: 1.1931, Val Loss: 1.2476, Val Acc: 0.2808
Precision: 0.9939, Recall: 0.2407, F1-Score: 0.3839
Fold 5, Epoch 67, Train Loss: 1.2392, Val Loss: 1.1802, Val Acc: 0.2598
Precision: 0.9938, Recall: 0.2545, F1-Score: 0.4012
Fold 5, Epoch 68, Train Loss: 1.1428, Val Loss: 1.1785, Val Acc: 0.2721
Precision: 0.9939, Recall: 0.1950, F1-Score: 0.3217
Fold 5, Epoch 69, Train Loss: 1.1505, Val Loss: 1.1982, Val Acc: 0.2032
Precision: 0.9938, Recall: 0.2858, F1-Score: 0.4408
Fold 5, Epoch 70, Train Loss: 1.1125, Val Loss: 1.1976, Val Acc: 0.3041
Precision: 0.9939, Recall: 0.2621, F1-Score: 0.4113
Fold 5, Epoch 71, Train Loss: 1.0987, Val Loss: 1.1774, Val Acc: 0.2825
Precision: 0.9939, Recall: 0.1706, F1-Score: 0.2874
Fold 5, Epoch 72, Train Loss: 1.1032, Val Loss: 1.2418, Val Acc: 0.1822
Precision: 0.9938, Recall: 0.2331, F1-Score: 0.3743
Fold 5, Epoch 73, Train Loss: 1.1079, Val Loss: 1.1801, Val Acc: 0.2428
Precision: 0.9938, Recall: 0.3031, F1-Score: 0.4609
Fold 5, Epoch 74, Train Loss: 1.1172, Val Loss: 1.1198, Val Acc: 0.3214
Precision: 0.9939, Recall: 0.2094, F1-Score: 0.3420
Fold 5, Epoch 75, Train Loss: 1.0804, Val Loss: 1.1601, Val Acc: 0.2238
Precision: 0.9939, Recall: 0.2450, F1-Score: 0.3899
Fold 5, Epoch 76, Train Loss: 1.0897, Val Loss: 1.2147, Val Acc: 0.2642
Precision: 0.9937, Recall: 0.2434, F1-Score: 0.3873
Fold 5, Epoch 77, Train Loss: 1.1296, Val Loss: 1.2020, Val Acc: 0.2604
Precision: 0.9938, Recall: 0.2319, F1-Score: 0.3724
Fold 5, Epoch 78, Train Loss: 1.1294, Val Loss: 1.1615, Val Acc: 0.2459
Precision: 0.9938, Recall: 0.3194, F1-Score: 0.4801
Fold 5, Epoch 79, Train Loss: 1.1769, Val Loss: 1.1208, Val Acc: 0.3411
Precision: 0.9939, Recall: 0.2803, F1-Score: 0.4338
Fold 5, Epoch 80, Train Loss: 1.1123, Val Loss: 1.1685, Val Acc: 0.2977
Precision: 0.9939, Recall: 0.2414, F1-Score: 0.3848
Fold 5, Epoch 81, Train Loss: 1.1030, Val Loss: 1.1800, Val Acc: 0.2543
Precision: 0.9937, Recall: 0.2884, F1-Score: 0.4441
Fold 5, Epoch 82, Train Loss: 1.1021, Val Loss: 1.1846, Val Acc: 0.3097
Precision: 0.9938, Recall: 0.3041, F1-Score: 0.4626
Fold 5, Epoch 83, Train Loss: 1.1040, Val Loss: 1.2374, Val Acc: 0.3267
Precision: 0.9937, Recall: 0.2613, F1-Score: 0.4102
Early stopping triggered for Fold 5 at epoch 84
Completed Fold 5
Starting final training on all data...
Pair 1:
Data file: /home/nishioka/GNN/Defect_4x4_Normalized1/Normalized1_Defect4x4_ELNOD_L4B24.npy
Label file: /home/nishioka/GNN/Defect19Class_OneHot_test2/Defect19Class_L4B24.npy
x shape: torch.Size([3654, 4])
y shape: torch.Size([3654])
Sample x: tensor([[0.0110, 0.0000, 0.0000, 0.6828],
        [0.0110, 0.0000, 0.0357, 0.6772]])
Sample y: tensor([0, 0])
Pair 2:
Data file: /home/nishioka/GNN/Defect_4x4_Normalized1/Normalized1_Defect4x4_ELNOD_L6B23.npy
Label file: /home/nishioka/GNN/Defect19Class_OneHot_test2/Defect19Class_L6B23.npy
x shape: torch.Size([3654, 4])
y shape: torch.Size([3654])
Sample x: tensor([[0.0110, 0.0000, 0.0000, 0.7105],
        [0.0110, 0.0000, 0.0357, 0.7009]])
Sample y: tensor([0, 0])
Pair 3:
Data file: /home/nishioka/GNN/Defect_4x4_Normalized1/Normalized1_Defect4x4_ELNOD_L7B86.npy
Label file: /home/nishioka/GNN/Defect19Class_OneHot_test2/Defect19Class_L7B86.npy
x shape: torch.Size([3654, 4])
y shape: torch.Size([3654])
Sample x: tensor([[0.0110, 0.0000, 0.0000, 0.7604],
        [0.0110, 0.0000, 0.0357, 0.7529]])
Sample y: tensor([0, 0])
Pair 1:
Data file: /home/nishioka/GNN/Defect_4x4_Normalized1/Normalized1_Defect4x4_ELNOD_L6B43.npy
Label file: /home/nishioka/GNN/Defect19Class_OneHot_test2/Defect19Class_L6B43.npy
x shape: torch.Size([3654, 4])
y shape: torch.Size([3654])
Sample x: tensor([[0.0110, 0.0000, 0.0000, 0.7178],
        [0.0110, 0.0000, 0.0357, 0.7089]])
Sample y: tensor([0, 0])
Pair 2:
Data file: /home/nishioka/GNN/Defect_4x4_Normalized1/Normalized1_Defect4x4_ELNOD_L8B33.npy
Label file: /home/nishioka/GNN/Defect19Class_OneHot_test2/Defect19Class_L8B33.npy
x shape: torch.Size([3654, 4])
y shape: torch.Size([3654])
Sample x: tensor([[0.0110, 0.0000, 0.0000, 0.7886],
        [0.0110, 0.0000, 0.0357, 0.7828]])
Sample y: tensor([0, 0])
Pair 3:
Data file: /home/nishioka/GNN/Defect_4x4_Normalized1/Normalized1_Defect4x4_ELNOD_L9B20.npy
Label file: /home/nishioka/GNN/Defect19Class_OneHot_test2/Defect19Class_L9B20.npy
x shape: torch.Size([3654, 4])
y shape: torch.Size([3654])
Sample x: tensor([[0.0110, 0.0000, 0.0000, 0.7661],
        [0.0110, 0.0000, 0.0357, 0.7600]])
Sample y: tensor([0, 0])
Test Loss: 1.0906, Test Accuracy: 0.2223
Precision: 0.9939, Recall: 0.2223, F1-Score: 0.3593
