nohup: ignoring input
Using device: NVIDIA GeForce RTX 3090
Using device: NVIDIA GeForce RTX 3090
Rank: 0, World Size: 4, Master Addr: 127.0.0.1, Master Port: 12355
Rank 0 using device: cuda:0
Using device: NVIDIA GeForce RTX 3090
Using device: NVIDIA GeForce RTX 3090
Rank 1 using device: cuda:1
Rank 3 using device: cuda:3
Rank 2 using device: cuda:2
Starting Fold 1
Precision: 0.9877, Recall: 0.9931, F1-Score: 0.9904
Fold 1, Epoch 1, Train Loss: 2.7250, Val Loss: 2.7130, Val Acc: 0.9932
Precision: 0.9899, Recall: 0.9569, F1-Score: 0.9730
Fold 1, Epoch 2, Train Loss: 2.7074, Val Loss: 2.6861, Val Acc: 0.9573
Precision: 0.9912, Recall: 0.9213, F1-Score: 0.9548
Fold 1, Epoch 3, Train Loss: 2.6652, Val Loss: 2.6309, Val Acc: 0.9215
Precision: 0.9923, Recall: 0.8905, F1-Score: 0.9385
Fold 1, Epoch 4, Train Loss: 2.6258, Val Loss: 2.6004, Val Acc: 0.9040
Precision: 0.9928, Recall: 0.8013, F1-Score: 0.8866
Fold 1, Epoch 5, Train Loss: 2.5925, Val Loss: 2.5847, Val Acc: 0.7789
Precision: 0.9922, Recall: 0.9323, F1-Score: 0.9612
Fold 1, Epoch 6, Train Loss: 2.5606, Val Loss: 2.5582, Val Acc: 0.9501
Precision: 0.9925, Recall: 0.9112, F1-Score: 0.9500
Fold 1, Epoch 7, Train Loss: 2.5543, Val Loss: 2.5453, Val Acc: 0.9283
Precision: 0.9930, Recall: 0.8608, F1-Score: 0.9220
Fold 1, Epoch 8, Train Loss: 2.5304, Val Loss: 2.5165, Val Acc: 0.8632
Precision: 0.9930, Recall: 0.8611, F1-Score: 0.9221
Fold 1, Epoch 9, Train Loss: 2.5045, Val Loss: 2.5099, Val Acc: 0.8643

--- Epoch 10 ---
--- Epoch 10 ---


--- Epoch 10 ---

--- Epoch 10 ---
Class Weights: [2.1182575e-05 5.6127068e-02 5.6127068e-02 5.9477936e-02 5.6928884e-02
 5.3851645e-02 5.3851645e-02 4.9812771e-02 5.9477936e-02 5.6127068e-02
 6.1308030e-02 5.1753532e-02 5.3851645e-02 6.0379118e-02 5.6928884e-02
 4.9197800e-02 5.4589339e-02 5.2434497e-02 5.7753939e-02]Class Weights: [2.1182575e-05 5.6127068e-02 5.6127068e-02 5.9477936e-02 5.6928884e-02
 5.3851645e-02 5.3851645e-02 4.9812771e-02 5.9477936e-02 5.6127068e-02
 6.1308030e-02 5.1753532e-02 5.3851645e-02 6.0379118e-02 5.6928884e-02
 4.9197800e-02 5.4589339e-02 5.2434497e-02 5.7753939e-02]Class Weights: [2.1182575e-05 5.6127068e-02 5.6127068e-02 5.9477936e-02 5.6928884e-02
 5.3851645e-02 5.3851645e-02 4.9812771e-02 5.9477936e-02 5.6127068e-02
 6.1308030e-02 5.1753532e-02 5.3851645e-02 6.0379118e-02 5.6928884e-02
 4.9197800e-02 5.4589339e-02 5.2434497e-02 5.7753939e-02]Class Weights: [2.1182575e-05 5.6127068e-02 5.6127068e-02 5.9477936e-02 5.6928884e-02
 5.3851645e-02 5.3851645e-02 4.9812771e-02 5.9477936e-02 5.6127068e-02
 6.1308030e-02 5.1753532e-02 5.3851645e-02 6.0379118e-02 5.6928884e-02
 4.9197800e-02 5.4589339e-02 5.2434497e-02 5.7753939e-02]



Learning Rate: 0.005Learning Rate: 0.005
Learning Rate: 0.005Learning Rate: 0.005


Train Loss: 2.5260, Val Loss: 2.4871
Train Loss: 2.5260, Val Loss: 2.4871Train Loss: 2.5260, Val Loss: 2.4871Train Loss: 2.5260, Val Loss: 2.4871


Per-Class Precision: [0.99981566 0.         0.02762431 0.         0.         0.
 0.         0.         0.01804511 0.0014298  0.         0.00144587
 0.         0.         0.         0.         0.         0.
 0.        ]
Per-Class Recall: [0.90411602 0.         0.8        0.         0.         0.
 0.         0.         0.12       0.13333333 0.         0.10666667
 0.         0.         0.         0.         0.         0.
 0.        ]
Per-Class F1-Score: [0.94956071 0.         0.05340454 0.         0.         0.
 0.         0.         0.03137255 0.00282925 0.         0.00285307
 0.         0.         0.         0.         0.         0.
 0.        ]
Support per Class: [293949    100    150    150    100    100    100     75    100     75
    125    150    125    175     75    100    175     75     75]
Weighted Precision: 0.9930, Weighted Recall: 0.8985, Weighted F1-Score: 0.9431
Precision: 0.9930, Recall: 0.8985, F1-Score: 0.9431
Fold 1, Epoch 10, Train Loss: 2.5260, Val Loss: 2.4871, Val Acc: 0.9143
Precision: 0.9931, Recall: 0.8901, F1-Score: 0.9385
Fold 1, Epoch 11, Train Loss: 2.4908, Val Loss: 2.4857, Val Acc: 0.9041
Precision: 0.9931, Recall: 0.9695, F1-Score: 0.9810
Fold 1, Epoch 12, Train Loss: 2.4716, Val Loss: 2.4844, Val Acc: 0.9731
Precision: 0.9931, Recall: 0.9580, F1-Score: 0.9751
Fold 1, Epoch 13, Train Loss: 2.4693, Val Loss: 2.4079, Val Acc: 0.9644
Precision: 0.9932, Recall: 0.9649, F1-Score: 0.9786
Fold 1, Epoch 14, Train Loss: 2.4284, Val Loss: 2.4122, Val Acc: 0.9697
Precision: 0.9931, Recall: 0.9773, F1-Score: 0.9850
Fold 1, Epoch 15, Train Loss: 2.4088, Val Loss: 2.4498, Val Acc: 0.9791
Precision: 0.9934, Recall: 0.9771, F1-Score: 0.9850
Fold 1, Epoch 16, Train Loss: 2.4153, Val Loss: 2.3777, Val Acc: 0.9795
Precision: 0.9932, Recall: 0.9733, F1-Score: 0.9830
Fold 1, Epoch 17, Train Loss: 2.3800, Val Loss: 2.3679, Val Acc: 0.9758
Precision: 0.9932, Recall: 0.9538, F1-Score: 0.9730
Fold 1, Epoch 18, Train Loss: 2.3847, Val Loss: 2.3799, Val Acc: 0.9628
Precision: 0.9933, Recall: 0.9830, F1-Score: 0.9879
Fold 1, Epoch 19, Train Loss: 2.3800, Val Loss: 2.3358, Val Acc: 0.9821

--- Epoch 20 ---
--- Epoch 20 ---
--- Epoch 20 ---



--- Epoch 20 ---
Class Weights: [2.1182575e-05 5.6127068e-02 5.6127068e-02 5.9477936e-02 5.6928884e-02
 5.3851645e-02 5.3851645e-02 4.9812771e-02 5.9477936e-02 5.6127068e-02
 6.1308030e-02 5.1753532e-02 5.3851645e-02 6.0379118e-02 5.6928884e-02
 4.9197800e-02 5.4589339e-02 5.2434497e-02 5.7753939e-02]
Class Weights: [2.1182575e-05 5.6127068e-02 5.6127068e-02 5.9477936e-02 5.6928884e-02
 5.3851645e-02 5.3851645e-02 4.9812771e-02 5.9477936e-02 5.6127068e-02
 6.1308030e-02 5.1753532e-02 5.3851645e-02 6.0379118e-02 5.6928884e-02
 4.9197800e-02 5.4589339e-02 5.2434497e-02 5.7753939e-02]Class Weights: [2.1182575e-05 5.6127068e-02 5.6127068e-02 5.9477936e-02 5.6928884e-02
 5.3851645e-02 5.3851645e-02 4.9812771e-02 5.9477936e-02 5.6127068e-02
 6.1308030e-02 5.1753532e-02 5.3851645e-02 6.0379118e-02 5.6928884e-02
 4.9197800e-02 5.4589339e-02 5.2434497e-02 5.7753939e-02]
Learning Rate: 0.005

Learning Rate: 0.005
Learning Rate: 0.005
Class Weights: [2.1182575e-05 5.6127068e-02 5.6127068e-02 5.9477936e-02 5.6928884e-02
 5.3851645e-02 5.3851645e-02 4.9812771e-02 5.9477936e-02 5.6127068e-02
 6.1308030e-02 5.1753532e-02 5.3851645e-02 6.0379118e-02 5.6928884e-02
 4.9197800e-02 5.4589339e-02 5.2434497e-02 5.7753939e-02]
Learning Rate: 0.005
Train Loss: 2.3750, Val Loss: 2.3349Train Loss: 2.3750, Val Loss: 2.3349

Train Loss: 2.3750, Val Loss: 2.3349
Train Loss: 2.3750, Val Loss: 2.3349
Per-Class Precision: [0.9999346  0.         0.17293233 0.16438356 0.         0.03030303
 0.01292308 0.         0.         0.0078125  0.125      0.
 0.08943089 0.10638298 0.00413565 0.         0.         0.
 0.03145796]
Per-Class Recall: [0.98829389 0.         0.15333333 0.32       0.         0.01
 0.21       0.         0.         0.01333333 0.008      0.
 0.176      0.02857143 0.06666667 0.         0.         0.
 0.69333333]
Per-Class F1-Score: [0.99408017 0.         0.16254417 0.21719457 0.         0.01503759
 0.02434783 0.         0.         0.00985222 0.01503759 0.
 0.11859838 0.04504505 0.00778816 0.         0.         0.
 0.06018519]
Support per Class: [293949    100    150    150    100    100    100     75    100     75
    125    150    125    175     75    100    175     75     75]
Weighted Precision: 0.9934, Weighted Recall: 0.9821, Weighted F1-Score: 0.9876
Precision: 0.9934, Recall: 0.9821, F1-Score: 0.9876
Fold 1, Epoch 20, Train Loss: 2.3750, Val Loss: 2.3349, Val Acc: 0.9821
Precision: 0.9933, Recall: 0.9751, F1-Score: 0.9839
Fold 1, Epoch 21, Train Loss: 2.3539, Val Loss: 2.3330, Val Acc: 0.9770
Precision: 0.9932, Recall: 0.9697, F1-Score: 0.9811
Fold 1, Epoch 22, Train Loss: 2.3353, Val Loss: 2.3249, Val Acc: 0.9726
Precision: 0.9933, Recall: 0.9745, F1-Score: 0.9837
Fold 1, Epoch 23, Train Loss: 2.3511, Val Loss: 2.3234, Val Acc: 0.9769
Precision: 0.9934, Recall: 0.9741, F1-Score: 0.9835
Fold 1, Epoch 24, Train Loss: 2.3353, Val Loss: 2.2798, Val Acc: 0.9759
Precision: 0.9934, Recall: 0.9592, F1-Score: 0.9757
Fold 1, Epoch 25, Train Loss: 2.3262, Val Loss: 2.2927, Val Acc: 0.9656
Precision: 0.9934, Recall: 0.9797, F1-Score: 0.9863
Fold 1, Epoch 26, Train Loss: 2.3346, Val Loss: 2.3256, Val Acc: 0.9801
Precision: 0.9934, Recall: 0.9695, F1-Score: 0.9811
Fold 1, Epoch 27, Train Loss: 2.3439, Val Loss: 2.3345, Val Acc: 0.9729
Precision: 0.9934, Recall: 0.9825, F1-Score: 0.9877
Fold 1, Epoch 28, Train Loss: 2.3244, Val Loss: 2.2691, Val Acc: 0.9824
Precision: 0.9935, Recall: 0.9738, F1-Score: 0.9833
Fold 1, Epoch 29, Train Loss: 2.2773, Val Loss: 2.2514, Val Acc: 0.9744

--- Epoch 30 ---
--- Epoch 30 ---
--- Epoch 30 ---



--- Epoch 30 ---
Class Weights: [2.1182575e-05 5.6127068e-02 5.6127068e-02 5.9477936e-02 5.6928884e-02
 5.3851645e-02 5.3851645e-02 4.9812771e-02 5.9477936e-02 5.6127068e-02
 6.1308030e-02 5.1753532e-02 5.3851645e-02 6.0379118e-02 5.6928884e-02
 4.9197800e-02 5.4589339e-02 5.2434497e-02 5.7753939e-02]Class Weights: [2.1182575e-05 5.6127068e-02 5.6127068e-02 5.9477936e-02 5.6928884e-02
 5.3851645e-02 5.3851645e-02 4.9812771e-02 5.9477936e-02 5.6127068e-02
 6.1308030e-02 5.1753532e-02 5.3851645e-02 6.0379118e-02 5.6928884e-02
 4.9197800e-02 5.4589339e-02 5.2434497e-02 5.7753939e-02]Class Weights: [2.1182575e-05 5.6127068e-02 5.6127068e-02 5.9477936e-02 5.6928884e-02
 5.3851645e-02 5.3851645e-02 4.9812771e-02 5.9477936e-02 5.6127068e-02
 6.1308030e-02 5.1753532e-02 5.3851645e-02 6.0379118e-02 5.6928884e-02
 4.9197800e-02 5.4589339e-02 5.2434497e-02 5.7753939e-02]


Class Weights: [2.1182575e-05 5.6127068e-02 5.6127068e-02 5.9477936e-02 5.6928884e-02
 5.3851645e-02 5.3851645e-02 4.9812771e-02 5.9477936e-02 5.6127068e-02
 6.1308030e-02 5.1753532e-02 5.3851645e-02 6.0379118e-02 5.6928884e-02
 4.9197800e-02 5.4589339e-02 5.2434497e-02 5.7753939e-02]Learning Rate: 0.005Learning Rate: 0.005Learning Rate: 0.005



Train Loss: 2.2556, Val Loss: 2.2286Train Loss: 2.2556, Val Loss: 2.2286
Train Loss: 2.2556, Val Loss: 2.2286

Learning Rate: 0.005
Train Loss: 2.2556, Val Loss: 2.2286
Per-Class Precision: [0.99997248 0.02150538 0.22627737 0.28358209 0.         0.03617021
 0.02099738 0.01209677 0.         0.02155887 0.06049251 0.
 0.10526316 0.         0.         0.         0.         0.
 0.06926407]
Per-Class Recall: [0.98898789 0.16       0.20666667 0.25333333 0.         0.17
 0.16       0.04       0.         0.17333333 0.904      0.
 0.048      0.         0.         0.         0.         0.
 0.21333333]
Per-Class F1-Score: [0.99444985 0.03791469 0.21602787 0.26760563 0.         0.05964912
 0.03712297 0.01857585 0.         0.03834808 0.11339689 0.
 0.06593407 0.         0.         0.         0.         0.
 0.10457516]
Support per Class: [293949    100    150    150    100    100    100     75    100     75
    125    150    125    175     75    100    175     75     75]
Weighted Precision: 0.9935, Weighted Recall: 0.9831, Weighted F1-Score: 0.9881
Precision: 0.9935, Recall: 0.9831, F1-Score: 0.9881
Fold 1, Epoch 30, Train Loss: 2.2556, Val Loss: 2.2286, Val Acc: 0.9825
Precision: 0.9939, Recall: 0.9733, F1-Score: 0.9830
Fold 1, Epoch 31, Train Loss: 2.2536, Val Loss: 2.1884, Val Acc: 0.9748
Precision: 0.9935, Recall: 0.9842, F1-Score: 0.9886
Fold 1, Epoch 32, Train Loss: 2.2493, Val Loss: 2.4202, Val Acc: 0.9835
Precision: 0.9932, Recall: 0.9733, F1-Score: 0.9830
Fold 1, Epoch 33, Train Loss: 2.3379, Val Loss: 2.3814, Val Acc: 0.9759
Precision: 0.9934, Recall: 0.9579, F1-Score: 0.9751
Fold 1, Epoch 34, Train Loss: 2.3624, Val Loss: 2.2693, Val Acc: 0.9645
Precision: 0.9936, Recall: 0.9815, F1-Score: 0.9874
Fold 1, Epoch 35, Train Loss: 2.2837, Val Loss: 2.2172, Val Acc: 0.9813
Precision: 0.9935, Recall: 0.9846, F1-Score: 0.9889
Fold 1, Epoch 36, Train Loss: 2.2313, Val Loss: 2.2506, Val Acc: 0.9843
Precision: 0.9934, Recall: 0.9802, F1-Score: 0.9866
Fold 1, Epoch 37, Train Loss: 2.2153, Val Loss: 2.2110, Val Acc: 0.9790
Precision: 0.9935, Recall: 0.9792, F1-Score: 0.9860
Fold 1, Epoch 38, Train Loss: 2.2400, Val Loss: 2.1728, Val Acc: 0.9801
Precision: 0.9935, Recall: 0.9786, F1-Score: 0.9857
Fold 1, Epoch 39, Train Loss: 2.2206, Val Loss: 2.1834, Val Acc: 0.9785

--- Epoch 40 ---
--- Epoch 40 ---
--- Epoch 40 ---



--- Epoch 40 ---
Class Weights: [2.1182575e-05 5.6127068e-02 5.6127068e-02 5.9477936e-02 5.6928884e-02
 5.3851645e-02 5.3851645e-02 4.9812771e-02 5.9477936e-02 5.6127068e-02
 6.1308030e-02 5.1753532e-02 5.3851645e-02 6.0379118e-02 5.6928884e-02
 4.9197800e-02 5.4589339e-02 5.2434497e-02 5.7753939e-02]Class Weights: [2.1182575e-05 5.6127068e-02 5.6127068e-02 5.9477936e-02 5.6928884e-02
 5.3851645e-02 5.3851645e-02 4.9812771e-02 5.9477936e-02 5.6127068e-02
 6.1308030e-02 5.1753532e-02 5.3851645e-02 6.0379118e-02 5.6928884e-02
 4.9197800e-02 5.4589339e-02 5.2434497e-02 5.7753939e-02]Class Weights: [2.1182575e-05 5.6127068e-02 5.6127068e-02 5.9477936e-02 5.6928884e-02
 5.3851645e-02 5.3851645e-02 4.9812771e-02 5.9477936e-02 5.6127068e-02
 6.1308030e-02 5.1753532e-02 5.3851645e-02 6.0379118e-02 5.6928884e-02
 4.9197800e-02 5.4589339e-02 5.2434497e-02 5.7753939e-02]
Class Weights: [2.1182575e-05 5.6127068e-02 5.6127068e-02 5.9477936e-02 5.6928884e-02
 5.3851645e-02 5.3851645e-02 4.9812771e-02 5.9477936e-02 5.6127068e-02
 6.1308030e-02 5.1753532e-02 5.3851645e-02 6.0379118e-02 5.6928884e-02
 4.9197800e-02 5.4589339e-02 5.2434497e-02 5.7753939e-02]


Learning Rate: 0.005Learning Rate: 0.005
Learning Rate: 0.005Learning Rate: 0.005


Train Loss: 2.1934, Val Loss: 2.2221
Train Loss: 2.1934, Val Loss: 2.2221Train Loss: 2.1934, Val Loss: 2.2221Train Loss: 2.1934, Val Loss: 2.2221


Per-Class Precision: [0.99996904 0.10679612 0.22222222 0.02439024 0.03768116 0.03680982
 0.04449153 0.06578947 0.         0.05660377 0.03603604 0.09039548
 0.         0.17073171 0.0201751  0.         0.         0.13043478
 0.        ]
Per-Class Recall: [0.98877696 0.33       0.05333333 0.00666667 0.13       0.24
 0.21       0.06666667 0.         0.12       0.064      0.10666667
 0.         0.08       0.70666667 0.         0.         0.12
 0.        ]
Per-Class F1-Score: [0.99434151 0.16136919 0.08602151 0.0104712  0.05842697 0.06382979
 0.07342657 0.06622517 0.         0.07692308 0.04610951 0.09785933
 0.         0.10894942 0.0392302  0.         0.         0.125
 0.        ]
Support per Class: [293949    100    150    150    100    100    100     75    100     75
    125    150    125    175     75    100    175     75     75]
Weighted Precision: 0.9936, Weighted Recall: 0.9827, Weighted F1-Score: 0.9879
Precision: 0.9936, Recall: 0.9827, F1-Score: 0.9879
Fold 1, Epoch 40, Train Loss: 2.1934, Val Loss: 2.2221, Val Acc: 0.9825
Precision: 0.9937, Recall: 0.9702, F1-Score: 0.9816
Fold 1, Epoch 41, Train Loss: 2.2205, Val Loss: 2.1425, Val Acc: 0.9725
Precision: 0.9937, Recall: 0.9799, F1-Score: 0.9865
Fold 1, Epoch 42, Train Loss: 2.1770, Val Loss: 2.1202, Val Acc: 0.9801
Precision: 0.9936, Recall: 0.9778, F1-Score: 0.9854
Fold 1, Epoch 43, Train Loss: 2.1626, Val Loss: 2.1329, Val Acc: 0.9773
Precision: 0.9936, Recall: 0.9830, F1-Score: 0.9880
Fold 1, Epoch 44, Train Loss: 2.1561, Val Loss: 2.1324, Val Acc: 0.9824
Precision: 0.9936, Recall: 0.9488, F1-Score: 0.9704
Fold 1, Epoch 45, Train Loss: 2.1428, Val Loss: 2.0807, Val Acc: 0.9551
Precision: 0.9938, Recall: 0.9799, F1-Score: 0.9865
Fold 1, Epoch 46, Train Loss: 2.1516, Val Loss: 2.0473, Val Acc: 0.9811
Precision: 0.9938, Recall: 0.9655, F1-Score: 0.9790
Fold 1, Epoch 47, Train Loss: 2.1201, Val Loss: 2.0299, Val Acc: 0.9697
Precision: 0.9936, Recall: 0.9828, F1-Score: 0.9879
Fold 1, Epoch 48, Train Loss: 2.1112, Val Loss: 2.0536, Val Acc: 0.9821
Precision: 0.9938, Recall: 0.9759, F1-Score: 0.9844
Fold 1, Epoch 49, Train Loss: 2.1239, Val Loss: 1.9967, Val Acc: 0.9768

--- Epoch 50 ---
--- Epoch 50 ---


--- Epoch 50 ---
--- Epoch 50 ---

Class Weights: [2.1182575e-05 5.6127068e-02 5.6127068e-02 5.9477936e-02 5.6928884e-02
 5.3851645e-02 5.3851645e-02 4.9812771e-02 5.9477936e-02 5.6127068e-02
 6.1308030e-02 5.1753532e-02 5.3851645e-02 6.0379118e-02 5.6928884e-02
 4.9197800e-02 5.4589339e-02 5.2434497e-02 5.7753939e-02]Class Weights: [2.1182575e-05 5.6127068e-02 5.6127068e-02 5.9477936e-02 5.6928884e-02
 5.3851645e-02 5.3851645e-02 4.9812771e-02 5.9477936e-02 5.6127068e-02
 6.1308030e-02 5.1753532e-02 5.3851645e-02 6.0379118e-02 5.6928884e-02
 4.9197800e-02 5.4589339e-02 5.2434497e-02 5.7753939e-02]
Class Weights: [2.1182575e-05 5.6127068e-02 5.6127068e-02 5.9477936e-02 5.6928884e-02
 5.3851645e-02 5.3851645e-02 4.9812771e-02 5.9477936e-02 5.6127068e-02
 6.1308030e-02 5.1753532e-02 5.3851645e-02 6.0379118e-02 5.6928884e-02
 4.9197800e-02 5.4589339e-02 5.2434497e-02 5.7753939e-02]Class Weights: [2.1182575e-05 5.6127068e-02 5.6127068e-02 5.9477936e-02 5.6928884e-02
 5.3851645e-02 5.3851645e-02 4.9812771e-02 5.9477936e-02 5.6127068e-02
 6.1308030e-02 5.1753532e-02 5.3851645e-02 6.0379118e-02 5.6928884e-02
 4.9197800e-02 5.4589339e-02 5.2434497e-02 5.7753939e-02]

Learning Rate: 0.005

Learning Rate: 0.005Learning Rate: 0.005Learning Rate: 0.005


Train Loss: 2.0966, Val Loss: 2.0488
Train Loss: 2.0966, Val Loss: 2.0488Train Loss: 2.0966, Val Loss: 2.0488
Train Loss: 2.0966, Val Loss: 2.0488

Per-Class Precision: [0.9999965  0.32       0.32307692 0.22539683 0.05848787 0.02173913
 0.04896907 0.03246753 0.01980198 0.03448276 0.15       0.04523107
 0.16666667 0.         0.00297775 0.05177112 0.         0.21153846
 0.18181818]
Per-Class Recall: [0.97311779 0.16       0.28       0.47333333 0.41       0.01
 0.19       0.06666667 0.02       0.34666667 0.024      0.30666667
 0.072      0.         0.22666667 0.19       0.         0.14666667
 0.16      ]
Per-Class F1-Score: [0.98637407 0.21333333 0.3        0.30537634 0.10237203 0.01369863
 0.07786885 0.04366812 0.0199005  0.06272618 0.04137931 0.07883462
 0.10055866 0.         0.00587828 0.08137045 0.         0.17322835
 0.17021277]
Support per Class: [293949    100    150    150    100    100    100     75    100     75
    125    150    125    175     75    100    175     75     75]
Weighted Precision: 0.9939, Weighted Recall: 0.9676, Weighted F1-Score: 0.9803
Precision: 0.9939, Recall: 0.9676, F1-Score: 0.9803
Fold 1, Epoch 50, Train Loss: 2.0966, Val Loss: 2.0488, Val Acc: 0.9720
Precision: 0.9939, Recall: 0.9694, F1-Score: 0.9812
Fold 1, Epoch 51, Train Loss: 2.0996, Val Loss: 2.0299, Val Acc: 0.9730
Precision: 0.9935, Recall: 0.9813, F1-Score: 0.9871
Fold 1, Epoch 52, Train Loss: 2.0830, Val Loss: 2.0558, Val Acc: 0.9808
Precision: 0.9936, Recall: 0.9645, F1-Score: 0.9785
Fold 1, Epoch 53, Train Loss: 2.0764, Val Loss: 2.0009, Val Acc: 0.9698
Precision: 0.9938, Recall: 0.9795, F1-Score: 0.9862
Fold 1, Epoch 54, Train Loss: 2.0400, Val Loss: 1.9799, Val Acc: 0.9802
Precision: 0.9935, Recall: 0.9646, F1-Score: 0.9786
Fold 1, Epoch 55, Train Loss: 2.0607, Val Loss: 2.1245, Val Acc: 0.9684
Precision: 0.9935, Recall: 0.9779, F1-Score: 0.9854
Fold 1, Epoch 56, Train Loss: 2.0759, Val Loss: 2.0736, Val Acc: 0.9789
Precision: 0.9938, Recall: 0.9775, F1-Score: 0.9853
Fold 1, Epoch 57, Train Loss: 2.0493, Val Loss: 1.9827, Val Acc: 0.9788
Precision: 0.9937, Recall: 0.9784, F1-Score: 0.9857
Fold 1, Epoch 58, Train Loss: 2.0139, Val Loss: 1.9827, Val Acc: 0.9789
Precision: 0.9938, Recall: 0.9778, F1-Score: 0.9853
Fold 1, Epoch 59, Train Loss: 2.0135, Val Loss: 2.0341, Val Acc: 0.9795

--- Epoch 60 ---
--- Epoch 60 ---
--- Epoch 60 ---



--- Epoch 60 ---
Class Weights: [2.1182575e-05 5.6127068e-02 5.6127068e-02 5.9477936e-02 5.6928884e-02
 5.3851645e-02 5.3851645e-02 4.9812771e-02 5.9477936e-02 5.6127068e-02
 6.1308030e-02 5.1753532e-02 5.3851645e-02 6.0379118e-02 5.6928884e-02
 4.9197800e-02 5.4589339e-02 5.2434497e-02 5.7753939e-02]Class Weights: [2.1182575e-05 5.6127068e-02 5.6127068e-02 5.9477936e-02 5.6928884e-02
 5.3851645e-02 5.3851645e-02 4.9812771e-02 5.9477936e-02 5.6127068e-02
 6.1308030e-02 5.1753532e-02 5.3851645e-02 6.0379118e-02 5.6928884e-02
 4.9197800e-02 5.4589339e-02 5.2434497e-02 5.7753939e-02]Class Weights: [2.1182575e-05 5.6127068e-02 5.6127068e-02 5.9477936e-02 5.6928884e-02
 5.3851645e-02 5.3851645e-02 4.9812771e-02 5.9477936e-02 5.6127068e-02
 6.1308030e-02 5.1753532e-02 5.3851645e-02 6.0379118e-02 5.6928884e-02
 4.9197800e-02 5.4589339e-02 5.2434497e-02 5.7753939e-02]


Class Weights: [2.1182575e-05 5.6127068e-02 5.6127068e-02 5.9477936e-02 5.6928884e-02
 5.3851645e-02 5.3851645e-02 4.9812771e-02 5.9477936e-02 5.6127068e-02
 6.1308030e-02 5.1753532e-02 5.3851645e-02 6.0379118e-02 5.6928884e-02
 4.9197800e-02 5.4589339e-02 5.2434497e-02 5.7753939e-02]Learning Rate: 0.005Learning Rate: 0.005Learning Rate: 0.005



Learning Rate: 0.005
Train Loss: 2.0489, Val Loss: 1.8939Train Loss: 2.0489, Val Loss: 1.8939Train Loss: 2.0489, Val Loss: 1.8939
Train Loss: 2.0489, Val Loss: 1.8939


Per-Class Precision: [0.99999308 0.23129252 0.4875     0.19653179 0.02547771 0.01976285
 0.04362416 0.01565217 0.11409396 0.04020752 0.03225806 0.
 0.         0.39655172 0.03203661 0.02631579 0.         0.25714286
 0.13888889]
Per-Class Recall: [0.98318076 0.34       0.26       0.68       0.12       0.05
 0.13       0.12       0.34       0.41333333 0.744      0.
 0.         0.13142857 0.18666667 0.01       0.         0.12
 0.13333333]
Per-Class F1-Score: [0.99151565 0.27530364 0.33913043 0.30493274 0.04203152 0.02832861
 0.06532663 0.02769231 0.17085427 0.07328605 0.06183511 0.
 0.         0.19742489 0.0546875  0.01449275 0.         0.16363636
 0.13605442]
Support per Class: [293949    100    150    150    100    100    100     75    100     75
    125    150    125    175     75    100    175     75     75]
Weighted Precision: 0.9940, Weighted Recall: 0.9779, Weighted F1-Score: 0.9855
Precision: 0.9940, Recall: 0.9779, F1-Score: 0.9855
Fold 1, Epoch 60, Train Loss: 2.0489, Val Loss: 1.8939, Val Acc: 0.9786
Precision: 0.9938, Recall: 0.9638, F1-Score: 0.9783
Fold 1, Epoch 61, Train Loss: 2.0079, Val Loss: 1.9654, Val Acc: 0.9696
Precision: 0.9943, Recall: 0.9739, F1-Score: 0.9834
Fold 1, Epoch 62, Train Loss: 2.0652, Val Loss: 1.9428, Val Acc: 0.9757
Precision: 0.9936, Recall: 0.9812, F1-Score: 0.9871
Fold 1, Epoch 63, Train Loss: 2.0401, Val Loss: 1.9572, Val Acc: 0.9812
Precision: 0.9937, Recall: 0.9831, F1-Score: 0.9881
Fold 1, Epoch 64, Train Loss: 2.0174, Val Loss: 1.9536, Val Acc: 0.9825
Precision: 0.9937, Recall: 0.9651, F1-Score: 0.9788
Fold 1, Epoch 65, Train Loss: 1.9924, Val Loss: 1.9139, Val Acc: 0.9683
Precision: 0.9935, Recall: 0.9829, F1-Score: 0.9880
Fold 1, Epoch 66, Train Loss: 1.9686, Val Loss: 1.9796, Val Acc: 0.9827
Precision: 0.9938, Recall: 0.9581, F1-Score: 0.9752
Fold 1, Epoch 67, Train Loss: 1.9317, Val Loss: 1.8102, Val Acc: 0.9638
Precision: 0.9940, Recall: 0.9750, F1-Score: 0.9840
Fold 1, Epoch 68, Train Loss: 1.8901, Val Loss: 1.8343, Val Acc: 0.9777
Precision: 0.9938, Recall: 0.9820, F1-Score: 0.9875
Fold 1, Epoch 69, Train Loss: 1.8847, Val Loss: 1.8199, Val Acc: 0.9816

--- Epoch 70 ---

--- Epoch 70 ---
--- Epoch 70 ---

Class Weights: [2.1182575e-05 5.6127068e-02 5.6127068e-02 5.9477936e-02 5.6928884e-02
 5.3851645e-02 5.3851645e-02 4.9812771e-02 5.9477936e-02 5.6127068e-02
 6.1308030e-02 5.1753532e-02 5.3851645e-02 6.0379118e-02 5.6928884e-02
 4.9197800e-02 5.4589339e-02 5.2434497e-02 5.7753939e-02]
Learning Rate: 0.005
Class Weights: [2.1182575e-05 5.6127068e-02 5.6127068e-02 5.9477936e-02 5.6928884e-02
 5.3851645e-02 5.3851645e-02 4.9812771e-02 5.9477936e-02 5.6127068e-02
 6.1308030e-02 5.1753532e-02 5.3851645e-02 6.0379118e-02 5.6928884e-02
 4.9197800e-02 5.4589339e-02 5.2434497e-02 5.7753939e-02]Class Weights: [2.1182575e-05 5.6127068e-02 5.6127068e-02 5.9477936e-02 5.6928884e-02
 5.3851645e-02 5.3851645e-02 4.9812771e-02 5.9477936e-02 5.6127068e-02
 6.1308030e-02 5.1753532e-02 5.3851645e-02 6.0379118e-02 5.6928884e-02
 4.9197800e-02 5.4589339e-02 5.2434497e-02 5.7753939e-02]

Learning Rate: 0.005Learning Rate: 0.005

Train Loss: 1.8564, Val Loss: 1.7066
Train Loss: 1.8564, Val Loss: 1.7066

--- Epoch 70 ---
Class Weights: [2.1182575e-05 5.6127068e-02 5.6127068e-02 5.9477936e-02 5.6928884e-02
 5.3851645e-02 5.3851645e-02 4.9812771e-02 5.9477936e-02 5.6127068e-02
 6.1308030e-02 5.1753532e-02 5.3851645e-02 6.0379118e-02 5.6928884e-02
 4.9197800e-02 5.4589339e-02 5.2434497e-02 5.7753939e-02]
Learning Rate: 0.005
Train Loss: 1.8564, Val Loss: 1.7066
Train Loss: 1.8564, Val Loss: 1.7066
Per-Class Precision: [0.99999653 0.24683544 0.31395349 0.17965368 0.02535211 0.03557312
 0.         0.05496829 0.1023622  0.03926702 0.01678397 0.03162055
 0.07194245 0.16129032 0.02702703 0.17647059 0.         0.11242604
 0.28205128]
Per-Class Recall: [0.98059187 0.39       0.18       0.55333333 0.09       0.09
 0.         0.69333333 0.13       0.2        0.496      0.05333333
 0.16       0.02857143 0.08       0.18       0.         0.50666667
 0.14666667]
Per-Class F1-Score: [0.99019914 0.30232558 0.22881356 0.27124183 0.03956044 0.0509915
 0.         0.10186092 0.11453744 0.06564551 0.03246923 0.03970223
 0.09925558 0.04854369 0.04040404 0.17821782 0.         0.18401937
 0.19298246]
Support per Class: [293949    100    150    150    100    100    100     75    100     75
    125    150    125    175     75    100    175     75     75]
Weighted Precision: 0.9939, Weighted Recall: 0.9753, Weighted F1-Score: 0.9842
Precision: 0.9939, Recall: 0.9753, F1-Score: 0.9842
Fold 1, Epoch 70, Train Loss: 1.8564, Val Loss: 1.7066, Val Acc: 0.9777
Precision: 0.9940, Recall: 0.9768, F1-Score: 0.9849
Fold 1, Epoch 71, Train Loss: 1.7844, Val Loss: 1.6477, Val Acc: 0.9787
Precision: 0.9939, Recall: 0.9765, F1-Score: 0.9847
Fold 1, Epoch 72, Train Loss: 1.7466, Val Loss: 1.6164, Val Acc: 0.9786
Precision: 0.9938, Recall: 0.9844, F1-Score: 0.9888
Fold 1, Epoch 73, Train Loss: 1.7209, Val Loss: 1.9490, Val Acc: 0.9835
Precision: 0.9940, Recall: 0.9755, F1-Score: 0.9843
Fold 1, Epoch 74, Train Loss: 1.8172, Val Loss: 1.6311, Val Acc: 0.9779
Precision: 0.9939, Recall: 0.9741, F1-Score: 0.9836
Fold 1, Epoch 75, Train Loss: 1.7441, Val Loss: 1.6301, Val Acc: 0.9771
Precision: 0.9940, Recall: 0.9739, F1-Score: 0.9834
Fold 1, Epoch 76, Train Loss: 1.7052, Val Loss: 1.5810, Val Acc: 0.9763
Precision: 0.9939, Recall: 0.9774, F1-Score: 0.9853
Fold 1, Epoch 77, Train Loss: 1.6846, Val Loss: 1.5666, Val Acc: 0.9790
Precision: 0.9940, Recall: 0.9802, F1-Score: 0.9866
Fold 1, Epoch 78, Train Loss: 1.6415, Val Loss: 1.4862, Val Acc: 0.9809
Precision: 0.9939, Recall: 0.9736, F1-Score: 0.9833
Fold 1, Epoch 79, Train Loss: 1.6437, Val Loss: 1.5563, Val Acc: 0.9763

--- Epoch 80 ---
--- Epoch 80 ---
--- Epoch 80 ---



--- Epoch 80 ---
Class Weights: [2.1182575e-05 5.6127068e-02 5.6127068e-02 5.9477936e-02 5.6928884e-02
 5.3851645e-02 5.3851645e-02 4.9812771e-02 5.9477936e-02 5.6127068e-02
 6.1308030e-02 5.1753532e-02 5.3851645e-02 6.0379118e-02 5.6928884e-02
 4.9197800e-02 5.4589339e-02 5.2434497e-02 5.7753939e-02]Class Weights: [2.1182575e-05 5.6127068e-02 5.6127068e-02 5.9477936e-02 5.6928884e-02
 5.3851645e-02 5.3851645e-02 4.9812771e-02 5.9477936e-02 5.6127068e-02
 6.1308030e-02 5.1753532e-02 5.3851645e-02 6.0379118e-02 5.6928884e-02
 4.9197800e-02 5.4589339e-02 5.2434497e-02 5.7753939e-02]Class Weights: [2.1182575e-05 5.6127068e-02 5.6127068e-02 5.9477936e-02 5.6928884e-02
 5.3851645e-02 5.3851645e-02 4.9812771e-02 5.9477936e-02 5.6127068e-02
 6.1308030e-02 5.1753532e-02 5.3851645e-02 6.0379118e-02 5.6928884e-02
 4.9197800e-02 5.4589339e-02 5.2434497e-02 5.7753939e-02]


Learning Rate: 0.005Class Weights: [2.1182575e-05 5.6127068e-02 5.6127068e-02 5.9477936e-02 5.6928884e-02
 5.3851645e-02 5.3851645e-02 4.9812771e-02 5.9477936e-02 5.6127068e-02
 6.1308030e-02 5.1753532e-02 5.3851645e-02 6.0379118e-02 5.6928884e-02
 4.9197800e-02 5.4589339e-02 5.2434497e-02 5.7753939e-02]Learning Rate: 0.005
Learning Rate: 0.005


Learning Rate: 0.005
Train Loss: 1.6545, Val Loss: 1.4991
Train Loss: 1.6545, Val Loss: 1.4991Train Loss: 1.6545, Val Loss: 1.4991

Train Loss: 1.6545, Val Loss: 1.4991
Per-Class Precision: [1.         0.27142857 0.27573529 0.21365639 0.03664921 0.09881423
 0.         0.07022901 0.08333333 0.04618474 0.01354445 0.04761905
 0.08898305 0.         0.0754717  0.13190184 0.22       0.18181818
 0.21115538]
Per-Class Recall: [0.97447176 0.19       0.5        0.64666667 0.07       0.25
 0.         0.61333333 0.05       0.61333333 0.568      0.00666667
 0.336      0.         0.05333333 0.43       0.12571429 0.05333333
 0.70666667]
Per-Class F1-Score: [0.98707085 0.22352941 0.35545024 0.32119205 0.04810997 0.14164306
 0.         0.1260274  0.0625     0.08590103 0.02645798 0.01169591
 0.14070352 0.         0.0625     0.20187793 0.16       0.08247423
 0.32515337]
Support per Class: [293949    100    150    150    100    100    100     75    100     75
    125    150    125    175     75    100    175     75     75]
Weighted Precision: 0.9940, Weighted Recall: 0.9697, Weighted F1-Score: 0.9812
Precision: 0.9940, Recall: 0.9697, F1-Score: 0.9812
Fold 1, Epoch 80, Train Loss: 1.6545, Val Loss: 1.4991, Val Acc: 0.9735
Precision: 0.9943, Recall: 0.9784, F1-Score: 0.9858
Fold 1, Epoch 81, Train Loss: 1.6083, Val Loss: 1.4469, Val Acc: 0.9790
Precision: 0.9941, Recall: 0.9717, F1-Score: 0.9824
Fold 1, Epoch 82, Train Loss: 1.6082, Val Loss: 1.5289, Val Acc: 0.9752
Precision: 0.9941, Recall: 0.9807, F1-Score: 0.9869
Fold 1, Epoch 83, Train Loss: 1.6429, Val Loss: 1.4235, Val Acc: 0.9811
Precision: 0.9941, Recall: 0.9804, F1-Score: 0.9868
Fold 1, Epoch 84, Train Loss: 1.5841, Val Loss: 1.5566, Val Acc: 0.9807
Precision: 0.9941, Recall: 0.9704, F1-Score: 0.9816
Fold 1, Epoch 85, Train Loss: 1.6523, Val Loss: 1.4343, Val Acc: 0.9742
Precision: 0.9941, Recall: 0.9795, F1-Score: 0.9863
Fold 1, Epoch 86, Train Loss: 1.5864, Val Loss: 1.4733, Val Acc: 0.9803
Precision: 0.9945, Recall: 0.9704, F1-Score: 0.9817
Fold 1, Epoch 87, Train Loss: 1.5545, Val Loss: 1.3992, Val Acc: 0.9742
Precision: 0.9943, Recall: 0.9824, F1-Score: 0.9880
Fold 1, Epoch 88, Train Loss: 1.5364, Val Loss: 1.5995, Val Acc: 0.9824
Precision: 0.9944, Recall: 0.9784, F1-Score: 0.9856
Fold 1, Epoch 89, Train Loss: 1.6112, Val Loss: 1.4579, Val Acc: 0.9800

--- Epoch 90 ---
--- Epoch 90 ---


--- Epoch 90 ---
--- Epoch 90 ---

Class Weights: [2.1182575e-05 5.6127068e-02 5.6127068e-02 5.9477936e-02 5.6928884e-02
 5.3851645e-02 5.3851645e-02 4.9812771e-02 5.9477936e-02 5.6127068e-02
 6.1308030e-02 5.1753532e-02 5.3851645e-02 6.0379118e-02 5.6928884e-02
 4.9197800e-02 5.4589339e-02 5.2434497e-02 5.7753939e-02]Class Weights: [2.1182575e-05 5.6127068e-02 5.6127068e-02 5.9477936e-02 5.6928884e-02
 5.3851645e-02 5.3851645e-02 4.9812771e-02 5.9477936e-02 5.6127068e-02
 6.1308030e-02 5.1753532e-02 5.3851645e-02 6.0379118e-02 5.6928884e-02
 4.9197800e-02 5.4589339e-02 5.2434497e-02 5.7753939e-02]Class Weights: [2.1182575e-05 5.6127068e-02 5.6127068e-02 5.9477936e-02 5.6928884e-02
 5.3851645e-02 5.3851645e-02 4.9812771e-02 5.9477936e-02 5.6127068e-02
 6.1308030e-02 5.1753532e-02 5.3851645e-02 6.0379118e-02 5.6928884e-02
 4.9197800e-02 5.4589339e-02 5.2434497e-02 5.7753939e-02]Class Weights: [2.1182575e-05 5.6127068e-02 5.6127068e-02 5.9477936e-02 5.6928884e-02
 5.3851645e-02 5.3851645e-02 4.9812771e-02 5.9477936e-02 5.6127068e-02
 6.1308030e-02 5.1753532e-02 5.3851645e-02 6.0379118e-02 5.6928884e-02
 4.9197800e-02 5.4589339e-02 5.2434497e-02 5.7753939e-02]



Learning Rate: 0.005
Learning Rate: 0.005Learning Rate: 0.005Learning Rate: 0.005


Train Loss: 1.5786, Val Loss: 1.4226
Train Loss: 1.5786, Val Loss: 1.4226Train Loss: 1.5786, Val Loss: 1.4226Train Loss: 1.5786, Val Loss: 1.4226


Per-Class Precision: [1.         0.31313131 0.234375   0.2907489  0.09913793 0.44444444
 0.08333333 0.05362776 0.06811146 0.05391304 0.01814238 0.05084746
 0.26086957 0.2        0.0754717  0.13833992 0.5        0.175
 0.19491525]
Per-Class Recall: [0.97550255 0.31       0.3        0.44       0.69       0.16
 0.01       0.22666667 0.44       0.41333333 0.736      0.22
 0.048      0.00571429 0.05333333 0.35       0.04571429 0.28
 0.61333333]
Per-Class F1-Score: [0.98759938 0.31155779 0.26315789 0.35013263 0.17336683 0.23529412
 0.01785714 0.08673469 0.11796247 0.09538462 0.03541186 0.08260325
 0.08108108 0.01111111 0.0625     0.19830028 0.08376963 0.21538462
 0.29581994]
Support per Class: [293949    100    150    150    100    100    100     75    100     75
    125    150    125    175     75    100    175     75     75]
Weighted Precision: 0.9945, Weighted Recall: 0.9707, Weighted F1-Score: 0.9818
Precision: 0.9945, Recall: 0.9707, F1-Score: 0.9818
Fold 1, Epoch 90, Train Loss: 1.5786, Val Loss: 1.4226, Val Acc: 0.9743
Precision: 0.9944, Recall: 0.9787, F1-Score: 0.9860
Fold 1, Epoch 91, Train Loss: 1.5272, Val Loss: 1.3929, Val Acc: 0.9797
Precision: 0.9943, Recall: 0.9843, F1-Score: 0.9888
Fold 1, Epoch 92, Train Loss: 1.5061, Val Loss: 1.3519, Val Acc: 0.9837
Precision: 0.9938, Recall: 0.9642, F1-Score: 0.9784
Fold 1, Epoch 93, Train Loss: 1.4894, Val Loss: 1.5475, Val Acc: 0.9682
Precision: 0.9944, Recall: 0.9861, F1-Score: 0.9896
Fold 1, Epoch 94, Train Loss: 1.6193, Val Loss: 1.3531, Val Acc: 0.9854
Precision: 0.9941, Recall: 0.9741, F1-Score: 0.9836
Fold 1, Epoch 95, Train Loss: 1.5044, Val Loss: 1.6535, Val Acc: 0.9762
Precision: 0.9939, Recall: 0.9865, F1-Score: 0.9899
Fold 1, Epoch 96, Train Loss: 1.5697, Val Loss: 1.7030, Val Acc: 0.9862
Precision: 0.9938, Recall: 0.9826, F1-Score: 0.9878
Fold 1, Epoch 97, Train Loss: 1.6052, Val Loss: 1.6842, Val Acc: 0.9824
Precision: 0.9941, Recall: 0.9840, F1-Score: 0.9886
Fold 1, Epoch 98, Train Loss: 1.5734, Val Loss: 1.5517, Val Acc: 0.9838
Precision: 0.9943, Recall: 0.9851, F1-Score: 0.9892
Fold 1, Epoch 99, Train Loss: 1.5671, Val Loss: 1.4732, Val Acc: 0.9843

--- Epoch 100 ---
--- Epoch 100 ---
--- Epoch 100 ---


Class Weights: [2.1182575e-05 5.6127068e-02 5.6127068e-02 5.9477936e-02 5.6928884e-02
 5.3851645e-02 5.3851645e-02 4.9812771e-02 5.9477936e-02 5.6127068e-02
 6.1308030e-02 5.1753532e-02 5.3851645e-02 6.0379118e-02 5.6928884e-02
 4.9197800e-02 5.4589339e-02 5.2434497e-02 5.7753939e-02]Class Weights: [2.1182575e-05 5.6127068e-02 5.6127068e-02 5.9477936e-02 5.6928884e-02
 5.3851645e-02 5.3851645e-02 4.9812771e-02 5.9477936e-02 5.6127068e-02
 6.1308030e-02 5.1753532e-02 5.3851645e-02 6.0379118e-02 5.6928884e-02
 4.9197800e-02 5.4589339e-02 5.2434497e-02 5.7753939e-02]Class Weights: [2.1182575e-05 5.6127068e-02 5.6127068e-02 5.9477936e-02 5.6928884e-02
 5.3851645e-02 5.3851645e-02 4.9812771e-02 5.9477936e-02 5.6127068e-02
 6.1308030e-02 5.1753532e-02 5.3851645e-02 6.0379118e-02 5.6928884e-02
 4.9197800e-02 5.4589339e-02 5.2434497e-02 5.7753939e-02]


Learning Rate: 0.005Learning Rate: 0.005
Learning Rate: 0.005

Train Loss: 1.4669, Val Loss: 1.3888
Train Loss: 1.4669, Val Loss: 1.3888

--- Epoch 100 ---
Class Weights: [2.1182575e-05 5.6127068e-02 5.6127068e-02 5.9477936e-02 5.6928884e-02
 5.3851645e-02 5.3851645e-02 4.9812771e-02 5.9477936e-02 5.6127068e-02
 6.1308030e-02 5.1753532e-02 5.3851645e-02 6.0379118e-02 5.6928884e-02
 4.9197800e-02 5.4589339e-02 5.2434497e-02 5.7753939e-02]
Learning Rate: 0.005
Train Loss: 1.4669, Val Loss: 1.3888
Train Loss: 1.4669, Val Loss: 1.3888
Per-Class Precision: [1.         0.34722222 0.35294118 0.2122807  0.08411215 0.09121622
 0.09677419 0.06315789 0.06909091 0.04375    0.18141593 0.02777778
 0.08783784 0.17016317 0.02936858 0.27102804 0.66666667 0.20320856
 0.2578125 ]
Per-Class Recall: [0.99029083 0.5        0.2        0.80666667 0.36       0.27
 0.33       0.4        0.19       0.18666667 0.328      0.00666667
 0.104      0.41714286 0.26666667 0.29       0.01142857 0.50666667
 0.44      ]
Per-Class F1-Score: [0.99512173 0.40983607 0.25531915 0.33611111 0.13636364 0.13636364
 0.14965986 0.10909091 0.10133333 0.07088608 0.23361823 0.01075269
 0.0952381  0.24172185 0.05291005 0.28019324 0.02247191 0.29007634
 0.32512315]
Support per Class: [293949    100    150    150    100    100    100     75    100     75
    125    150    125    175     75    100    175     75     75]
Weighted Precision: 0.9945, Weighted Recall: 0.9856, Weighted F1-Score: 0.9895
Precision: 0.9945, Recall: 0.9856, F1-Score: 0.9895
Fold 1, Epoch 100, Train Loss: 1.4669, Val Loss: 1.3888, Val Acc: 0.9848
Precision: 0.9941, Recall: 0.9843, F1-Score: 0.9887
Fold 1, Epoch 101, Train Loss: 1.4623, Val Loss: 1.4568, Val Acc: 0.9835
Precision: 0.9945, Recall: 0.9830, F1-Score: 0.9881
Fold 1, Epoch 102, Train Loss: 1.4863, Val Loss: 1.3618, Val Acc: 0.9824
Precision: 0.9952, Recall: 0.9843, F1-Score: 0.9889
Fold 1, Epoch 103, Train Loss: 1.4812, Val Loss: 1.2806, Val Acc: 0.9836
Precision: 0.9941, Recall: 0.9737, F1-Score: 0.9834
Fold 1, Epoch 104, Train Loss: 1.4250, Val Loss: 1.3135, Val Acc: 0.9762
Precision: 0.9941, Recall: 0.9745, F1-Score: 0.9838
Fold 1, Epoch 105, Train Loss: 1.4360, Val Loss: 1.2918, Val Acc: 0.9773
Precision: 0.9939, Recall: 0.9778, F1-Score: 0.9854
Fold 1, Epoch 106, Train Loss: 1.4372, Val Loss: 1.4138, Val Acc: 0.9795
Precision: 0.9940, Recall: 0.9685, F1-Score: 0.9806
Fold 1, Epoch 107, Train Loss: 1.4952, Val Loss: 1.2868, Val Acc: 0.9722
Precision: 0.9942, Recall: 0.9858, F1-Score: 0.9895
Fold 1, Epoch 108, Train Loss: 1.4749, Val Loss: 1.2655, Val Acc: 0.9855
Precision: 0.9948, Recall: 0.9799, F1-Score: 0.9866
Fold 1, Epoch 109, Train Loss: 1.4002, Val Loss: 1.2313, Val Acc: 0.9808

--- Epoch 110 ---
--- Epoch 110 ---


--- Epoch 110 ---

--- Epoch 110 ---
Class Weights: [2.1182575e-05 5.6127068e-02 5.6127068e-02 5.9477936e-02 5.6928884e-02
 5.3851645e-02 5.3851645e-02 4.9812771e-02 5.9477936e-02 5.6127068e-02
 6.1308030e-02 5.1753532e-02 5.3851645e-02 6.0379118e-02 5.6928884e-02
 4.9197800e-02 5.4589339e-02 5.2434497e-02 5.7753939e-02]Class Weights: [2.1182575e-05 5.6127068e-02 5.6127068e-02 5.9477936e-02 5.6928884e-02
 5.3851645e-02 5.3851645e-02 4.9812771e-02 5.9477936e-02 5.6127068e-02
 6.1308030e-02 5.1753532e-02 5.3851645e-02 6.0379118e-02 5.6928884e-02
 4.9197800e-02 5.4589339e-02 5.2434497e-02 5.7753939e-02]Class Weights: [2.1182575e-05 5.6127068e-02 5.6127068e-02 5.9477936e-02 5.6928884e-02
 5.3851645e-02 5.3851645e-02 4.9812771e-02 5.9477936e-02 5.6127068e-02
 6.1308030e-02 5.1753532e-02 5.3851645e-02 6.0379118e-02 5.6928884e-02
 4.9197800e-02 5.4589339e-02 5.2434497e-02 5.7753939e-02]

Class Weights: [2.1182575e-05 5.6127068e-02 5.6127068e-02 5.9477936e-02 5.6928884e-02
 5.3851645e-02 5.3851645e-02 4.9812771e-02 5.9477936e-02 5.6127068e-02
 6.1308030e-02 5.1753532e-02 5.3851645e-02 6.0379118e-02 5.6928884e-02
 4.9197800e-02 5.4589339e-02 5.2434497e-02 5.7753939e-02]
Learning Rate: 0.005
Learning Rate: 0.005
Learning Rate: 0.005
Learning Rate: 0.005

Train Loss: 1.3812, Val Loss: 1.1921
Train Loss: 1.3812, Val Loss: 1.1921Train Loss: 1.3812, Val Loss: 1.1921Train Loss: 1.3812, Val Loss: 1.1921


Per-Class Precision: [1.         0.32931727 0.57391304 0.25431034 0.14671815 0.14166667
 0.         0.11252269 0.23076923 0.0669746  0.08307453 0.04347826
 0.19512195 0.30487805 0.00678426 0.24590164 0.31428571 0.30985915
 0.26415094]
Per-Class Recall: [0.98251397 0.82       0.44       0.78666667 0.38       0.68
 0.         0.82666667 0.03       0.38666667 0.856      0.02666667
 0.064      0.42857143 0.2        0.3        0.12571429 0.58666667
 0.18666667]
Per-Class F1-Score: [0.99117987 0.46991404 0.49811321 0.38436482 0.21169916 0.23448276
 0.         0.19808307 0.05309735 0.11417323 0.15145081 0.03305785
 0.09638554 0.35629454 0.01312336 0.27027027 0.17959184 0.40552995
 0.21875   ]
Support per Class: [293949    100    150    150    100    100    100     75    100     75
    125    150    125    175     75    100    175     75     75]
Weighted Precision: 0.9946, Weighted Recall: 0.9784, Weighted F1-Score: 0.9859
Precision: 0.9946, Recall: 0.9784, F1-Score: 0.9859
Fold 1, Epoch 110, Train Loss: 1.3812, Val Loss: 1.1921, Val Acc: 0.9802
Precision: 0.9941, Recall: 0.9807, F1-Score: 0.9870
Fold 1, Epoch 111, Train Loss: 1.3669, Val Loss: 1.2789, Val Acc: 0.9812
Precision: 0.9939, Recall: 0.9754, F1-Score: 0.9841
Fold 1, Epoch 112, Train Loss: 1.4049, Val Loss: 1.3611, Val Acc: 0.9767
Precision: 0.9947, Recall: 0.9857, F1-Score: 0.9897
Fold 1, Epoch 113, Train Loss: 1.4212, Val Loss: 1.1810, Val Acc: 0.9849
Precision: 0.9946, Recall: 0.9812, F1-Score: 0.9875
Fold 1, Epoch 114, Train Loss: 1.3550, Val Loss: 1.1576, Val Acc: 0.9822
Precision: 0.9945, Recall: 0.9839, F1-Score: 0.9886
Fold 1, Epoch 115, Train Loss: 1.3210, Val Loss: 1.1751, Val Acc: 0.9837
Precision: 0.9945, Recall: 0.9760, F1-Score: 0.9846
Fold 1, Epoch 116, Train Loss: 1.3060, Val Loss: 1.1608, Val Acc: 0.9782
Precision: 0.9944, Recall: 0.9827, F1-Score: 0.9881
Fold 1, Epoch 117, Train Loss: 1.2752, Val Loss: 1.2013, Val Acc: 0.9825
Precision: 0.9945, Recall: 0.9743, F1-Score: 0.9839
Fold 1, Epoch 118, Train Loss: 1.3551, Val Loss: 1.2085, Val Acc: 0.9768
Precision: 0.9944, Recall: 0.9839, F1-Score: 0.9886
Fold 1, Epoch 119, Train Loss: 1.3223, Val Loss: 1.1597, Val Acc: 0.9837

--- Epoch 120 ---
--- Epoch 120 ---
--- Epoch 120 ---



--- Epoch 120 ---
Class Weights: [2.1182575e-05 5.6127068e-02 5.6127068e-02 5.9477936e-02 5.6928884e-02
 5.3851645e-02 5.3851645e-02 4.9812771e-02 5.9477936e-02 5.6127068e-02
 6.1308030e-02 5.1753532e-02 5.3851645e-02 6.0379118e-02 5.6928884e-02
 4.9197800e-02 5.4589339e-02 5.2434497e-02 5.7753939e-02]Class Weights: [2.1182575e-05 5.6127068e-02 5.6127068e-02 5.9477936e-02 5.6928884e-02
 5.3851645e-02 5.3851645e-02 4.9812771e-02 5.9477936e-02 5.6127068e-02
 6.1308030e-02 5.1753532e-02 5.3851645e-02 6.0379118e-02 5.6928884e-02
 4.9197800e-02 5.4589339e-02 5.2434497e-02 5.7753939e-02]Class Weights: [2.1182575e-05 5.6127068e-02 5.6127068e-02 5.9477936e-02 5.6928884e-02
 5.3851645e-02 5.3851645e-02 4.9812771e-02 5.9477936e-02 5.6127068e-02
 6.1308030e-02 5.1753532e-02 5.3851645e-02 6.0379118e-02 5.6928884e-02
 4.9197800e-02 5.4589339e-02 5.2434497e-02 5.7753939e-02]


Class Weights: [2.1182575e-05 5.6127068e-02 5.6127068e-02 5.9477936e-02 5.6928884e-02
 5.3851645e-02 5.3851645e-02 4.9812771e-02 5.9477936e-02 5.6127068e-02
 6.1308030e-02 5.1753532e-02 5.3851645e-02 6.0379118e-02 5.6928884e-02
 4.9197800e-02 5.4589339e-02 5.2434497e-02 5.7753939e-02]Learning Rate: 0.005Learning Rate: 0.005Learning Rate: 0.005



Learning Rate: 0.005
Train Loss: 1.3307, Val Loss: 1.1374Train Loss: 1.3307, Val Loss: 1.1374Train Loss: 1.3307, Val Loss: 1.1374
Train Loss: 1.3307, Val Loss: 1.1374


Per-Class Precision: [1.         0.30538922 0.5530303  0.28959276 0.14423077 0.17679558
 0.07228916 0.02380952 0.14587738 0.02978056 0.03928811 0.06113537
 0.14018692 0.36734694 0.08461538 0.39175258 0.28205128 0.28225806
 0.25      ]
Per-Class Recall: [0.98187441 0.51       0.48666667 0.85333333 0.45       0.64
 0.48       0.06666667 0.69       0.25333333 0.936      0.09333333
 0.12       0.10285714 0.14666667 0.38       0.06285714 0.46666667
 0.66666667]
Per-Class F1-Score: [0.99085432 0.38202247 0.5177305  0.43243243 0.2184466  0.27705628
 0.12565445 0.03508772 0.2408377  0.05329593 0.07541089 0.07387863
 0.12931034 0.16071429 0.10731707 0.3857868  0.10280374 0.35175879
 0.36363636]
Support per Class: [293949    100    150    150    100    100    100     75    100     75
    125    150    125    175     75    100    175     75     75]
Weighted Precision: 0.9947, Weighted Recall: 0.9779, Weighted F1-Score: 0.9856
Precision: 0.9947, Recall: 0.9779, F1-Score: 0.9856
Fold 1, Epoch 120, Train Loss: 1.3307, Val Loss: 1.1374, Val Acc: 0.9796
Precision: 0.9944, Recall: 0.9860, F1-Score: 0.9897
Fold 1, Epoch 121, Train Loss: 1.2689, Val Loss: 1.2414, Val Acc: 0.9854
Precision: 0.9945, Recall: 0.9797, F1-Score: 0.9864
Fold 1, Epoch 122, Train Loss: 1.2861, Val Loss: 1.1156, Val Acc: 0.9804
Precision: 0.9945, Recall: 0.9847, F1-Score: 0.9891
Fold 1, Epoch 123, Train Loss: 1.2860, Val Loss: 1.1028, Val Acc: 0.9839
Precision: 0.9946, Recall: 0.9804, F1-Score: 0.9868
Fold 1, Epoch 124, Train Loss: 1.2390, Val Loss: 1.0911, Val Acc: 0.9813
Precision: 0.9946, Recall: 0.9826, F1-Score: 0.9882
Fold 1, Epoch 125, Train Loss: 1.3004, Val Loss: 1.1751, Val Acc: 0.9825
Precision: 0.9946, Recall: 0.9785, F1-Score: 0.9859
Fold 1, Epoch 126, Train Loss: 1.2968, Val Loss: 1.1028, Val Acc: 0.9799
Precision: 0.9944, Recall: 0.9857, F1-Score: 0.9896
Fold 1, Epoch 127, Train Loss: 1.2536, Val Loss: 1.1058, Val Acc: 0.9852
Precision: 0.9945, Recall: 0.9753, F1-Score: 0.9843
Fold 1, Epoch 128, Train Loss: 1.2517, Val Loss: 1.0480, Val Acc: 0.9777
Precision: 0.9946, Recall: 0.9828, F1-Score: 0.9881
Fold 1, Epoch 129, Train Loss: 1.1977, Val Loss: 1.0830, Val Acc: 0.9828

--- Epoch 130 ---
--- Epoch 130 ---
--- Epoch 130 ---



--- Epoch 130 ---
Class Weights: [2.1182575e-05 5.6127068e-02 5.6127068e-02 5.9477936e-02 5.6928884e-02
 5.3851645e-02 5.3851645e-02 4.9812771e-02 5.9477936e-02 5.6127068e-02
 6.1308030e-02 5.1753532e-02 5.3851645e-02 6.0379118e-02 5.6928884e-02
 4.9197800e-02 5.4589339e-02 5.2434497e-02 5.7753939e-02]Class Weights: [2.1182575e-05 5.6127068e-02 5.6127068e-02 5.9477936e-02 5.6928884e-02
 5.3851645e-02 5.3851645e-02 4.9812771e-02 5.9477936e-02 5.6127068e-02
 6.1308030e-02 5.1753532e-02 5.3851645e-02 6.0379118e-02 5.6928884e-02
 4.9197800e-02 5.4589339e-02 5.2434497e-02 5.7753939e-02]Class Weights: [2.1182575e-05 5.6127068e-02 5.6127068e-02 5.9477936e-02 5.6928884e-02
 5.3851645e-02 5.3851645e-02 4.9812771e-02 5.9477936e-02 5.6127068e-02
 6.1308030e-02 5.1753532e-02 5.3851645e-02 6.0379118e-02 5.6928884e-02
 4.9197800e-02 5.4589339e-02 5.2434497e-02 5.7753939e-02]Class Weights: [2.1182575e-05 5.6127068e-02 5.6127068e-02 5.9477936e-02 5.6928884e-02
 5.3851645e-02 5.3851645e-02 4.9812771e-02 5.9477936e-02 5.6127068e-02
 6.1308030e-02 5.1753532e-02 5.3851645e-02 6.0379118e-02 5.6928884e-02
 4.9197800e-02 5.4589339e-02 5.2434497e-02 5.7753939e-02]



Learning Rate: 0.005Learning Rate: 0.005
Learning Rate: 0.005Learning Rate: 0.005


Train Loss: 1.2613, Val Loss: 1.1393
Train Loss: 1.2613, Val Loss: 1.1393Train Loss: 1.2613, Val Loss: 1.1393
Train Loss: 1.2613, Val Loss: 1.1393

Per-Class Precision: [1.         0.21       0.46268657 0.23327616 0.13478261 0.24166667
 0.15151515 0.04       0.09565217 0.05284553 0.04543303 0.0552381
 0.09859155 0.29411765 0.13846154 0.3960396  0.28947368 0.25
 0.2       ]
Per-Class Recall: [0.98477287 0.84       0.82666667 0.90666667 0.31       0.58
 0.4        0.12       0.77       0.34666667 0.768      0.19333333
 0.056      0.02857143 0.12       0.4        0.12571429 0.05333333
 0.02666667]
Per-Class F1-Score: [0.99232802 0.336      0.59330144 0.37107776 0.18787879 0.34117647
 0.21978022 0.06       0.17016575 0.09171076 0.08579088 0.08592593
 0.07142857 0.05208333 0.12857143 0.39800995 0.1752988  0.08791209
 0.04705882]
Support per Class: [293949    100    150    150    100    100    100     75    100     75
    125    150    125    175     75    100    175     75     75]
Weighted Precision: 0.9945, Weighted Recall: 0.9807, Weighted F1-Score: 0.9869
Precision: 0.9945, Recall: 0.9807, F1-Score: 0.9869
Fold 1, Epoch 130, Train Loss: 1.2613, Val Loss: 1.1393, Val Acc: 0.9815
Precision: 0.9949, Recall: 0.9860, F1-Score: 0.9898
Fold 1, Epoch 131, Train Loss: 1.2811, Val Loss: 1.1135, Val Acc: 0.9854
Precision: 0.9946, Recall: 0.9842, F1-Score: 0.9888
Fold 1, Epoch 132, Train Loss: 1.2256, Val Loss: 1.1399, Val Acc: 0.9838
Precision: 0.9947, Recall: 0.9773, F1-Score: 0.9854
Fold 1, Epoch 133, Train Loss: 1.2472, Val Loss: 1.1856, Val Acc: 0.9796
Precision: 0.9945, Recall: 0.9793, F1-Score: 0.9862
Fold 1, Epoch 134, Train Loss: 1.2581, Val Loss: 1.0692, Val Acc: 0.9803
Precision: 0.9947, Recall: 0.9845, F1-Score: 0.9891
Fold 1, Epoch 135, Train Loss: 1.2566, Val Loss: 1.0186, Val Acc: 0.9839
Precision: 0.9946, Recall: 0.9841, F1-Score: 0.9887
Fold 1, Epoch 136, Train Loss: 1.1932, Val Loss: 1.1099, Val Acc: 0.9836
Precision: 0.9948, Recall: 0.9850, F1-Score: 0.9893
Fold 1, Epoch 137, Train Loss: 1.2386, Val Loss: 1.0648, Val Acc: 0.9845
Precision: 0.9946, Recall: 0.9754, F1-Score: 0.9844
Fold 1, Epoch 138, Train Loss: 1.2150, Val Loss: 1.0708, Val Acc: 0.9779
Precision: 0.9946, Recall: 0.9867, F1-Score: 0.9902
Fold 1, Epoch 139, Train Loss: 1.2162, Val Loss: 1.0316, Val Acc: 0.9861

--- Epoch 140 ---
--- Epoch 140 ---
--- Epoch 140 ---



--- Epoch 140 ---
Class Weights: [2.1182575e-05 5.6127068e-02 5.6127068e-02 5.9477936e-02 5.6928884e-02
 5.3851645e-02 5.3851645e-02 4.9812771e-02 5.9477936e-02 5.6127068e-02
 6.1308030e-02 5.1753532e-02 5.3851645e-02 6.0379118e-02 5.6928884e-02
 4.9197800e-02 5.4589339e-02 5.2434497e-02 5.7753939e-02]Class Weights: [2.1182575e-05 5.6127068e-02 5.6127068e-02 5.9477936e-02 5.6928884e-02
 5.3851645e-02 5.3851645e-02 4.9812771e-02 5.9477936e-02 5.6127068e-02
 6.1308030e-02 5.1753532e-02 5.3851645e-02 6.0379118e-02 5.6928884e-02
 4.9197800e-02 5.4589339e-02 5.2434497e-02 5.7753939e-02]

Learning Rate: 0.005Learning Rate: 0.005
Class Weights: [2.1182575e-05 5.6127068e-02 5.6127068e-02 5.9477936e-02 5.6928884e-02
 5.3851645e-02 5.3851645e-02 4.9812771e-02 5.9477936e-02 5.6127068e-02
 6.1308030e-02 5.1753532e-02 5.3851645e-02 6.0379118e-02 5.6928884e-02
 4.9197800e-02 5.4589339e-02 5.2434497e-02 5.7753939e-02]

Learning Rate: 0.005
Train Loss: 1.2387, Val Loss: 0.9901
Class Weights: [2.1182575e-05 5.6127068e-02 5.6127068e-02 5.9477936e-02 5.6928884e-02
 5.3851645e-02 5.3851645e-02 4.9812771e-02 5.9477936e-02 5.6127068e-02
 6.1308030e-02 5.1753532e-02 5.3851645e-02 6.0379118e-02 5.6928884e-02
 4.9197800e-02 5.4589339e-02 5.2434497e-02 5.7753939e-02]
Learning Rate: 0.005
Train Loss: 1.2387, Val Loss: 0.9901
Train Loss: 1.2387, Val Loss: 0.9901
Train Loss: 1.2387, Val Loss: 0.9901
Per-Class Precision: [1.         0.37569061 0.58064516 0.32963989 0.1322314  0.26938776
 0.09967846 0.06197183 0.11486486 0.06115108 0.06643559 0.11627907
 0.16546763 0.26262626 0.12598425 0.53521127 0.33870968 0.35135135
 0.33333333]
Per-Class Recall: [0.98665755 0.68       0.84       0.79333333 0.48       0.66
 0.31       0.29333333 0.68       0.45333333 0.92       0.03333333
 0.368      0.29714286 0.21333333 0.38       0.24       0.34666667
 0.53333333]
Per-Class F1-Score: [0.99328397 0.48398577 0.6866485  0.46575342 0.20734341 0.3826087
 0.15085158 0.10232558 0.19653179 0.10776545 0.12392241 0.05181347
 0.22828784 0.27882038 0.15841584 0.44444444 0.28093645 0.34899329
 0.41025641]
Support per Class: [293949    100    150    150    100    100    100     75    100     75
    125    150    125    175     75    100    175     75     75]
Weighted Precision: 0.9949, Weighted Recall: 0.9832, Weighted F1-Score: 0.9885
Precision: 0.9949, Recall: 0.9832, F1-Score: 0.9885
Fold 1, Epoch 140, Train Loss: 1.2387, Val Loss: 0.9901, Val Acc: 0.9830
Precision: 0.9947, Recall: 0.9862, F1-Score: 0.9898
Fold 1, Epoch 141, Train Loss: 1.1966, Val Loss: 1.1779, Val Acc: 0.9856
Precision: 0.9950, Recall: 0.9853, F1-Score: 0.9895
Fold 1, Epoch 142, Train Loss: 1.2330, Val Loss: 1.1437, Val Acc: 0.9845
Precision: 0.9949, Recall: 0.9861, F1-Score: 0.9900
Fold 1, Epoch 143, Train Loss: 1.2170, Val Loss: 1.0250, Val Acc: 0.9854
Precision: 0.9947, Recall: 0.9858, F1-Score: 0.9898
Fold 1, Epoch 144, Train Loss: 1.1796, Val Loss: 1.0331, Val Acc: 0.9849
Precision: 0.9947, Recall: 0.9797, F1-Score: 0.9865
Fold 1, Epoch 145, Train Loss: 1.2067, Val Loss: 1.0102, Val Acc: 0.9807
Precision: 0.9949, Recall: 0.9827, F1-Score: 0.9883
Fold 1, Epoch 146, Train Loss: 1.1582, Val Loss: 1.0049, Val Acc: 0.9833
Precision: 0.9950, Recall: 0.9808, F1-Score: 0.9873
Fold 1, Epoch 147, Train Loss: 1.1612, Val Loss: 0.9693, Val Acc: 0.9815
Precision: 0.9951, Recall: 0.9806, F1-Score: 0.9873
Fold 1, Epoch 148, Train Loss: 1.1447, Val Loss: 1.0777, Val Acc: 0.9816
Precision: 0.9947, Recall: 0.9854, F1-Score: 0.9895
Fold 1, Epoch 149, Train Loss: 1.1810, Val Loss: 1.0060, Val Acc: 0.9847

--- Epoch 150 ---
--- Epoch 150 ---
--- Epoch 150 ---



--- Epoch 150 ---
Class Weights: [2.1182575e-05 5.6127068e-02 5.6127068e-02 5.9477936e-02 5.6928884e-02
 5.3851645e-02 5.3851645e-02 4.9812771e-02 5.9477936e-02 5.6127068e-02
 6.1308030e-02 5.1753532e-02 5.3851645e-02 6.0379118e-02 5.6928884e-02
 4.9197800e-02 5.4589339e-02 5.2434497e-02 5.7753939e-02]Class Weights: [2.1182575e-05 5.6127068e-02 5.6127068e-02 5.9477936e-02 5.6928884e-02
 5.3851645e-02 5.3851645e-02 4.9812771e-02 5.9477936e-02 5.6127068e-02
 6.1308030e-02 5.1753532e-02 5.3851645e-02 6.0379118e-02 5.6928884e-02
 4.9197800e-02 5.4589339e-02 5.2434497e-02 5.7753939e-02]Class Weights: [2.1182575e-05 5.6127068e-02 5.6127068e-02 5.9477936e-02 5.6928884e-02
 5.3851645e-02 5.3851645e-02 4.9812771e-02 5.9477936e-02 5.6127068e-02
 6.1308030e-02 5.1753532e-02 5.3851645e-02 6.0379118e-02 5.6928884e-02
 4.9197800e-02 5.4589339e-02 5.2434497e-02 5.7753939e-02]

Class Weights: [2.1182575e-05 5.6127068e-02 5.6127068e-02 5.9477936e-02 5.6928884e-02
 5.3851645e-02 5.3851645e-02 4.9812771e-02 5.9477936e-02 5.6127068e-02
 6.1308030e-02 5.1753532e-02 5.3851645e-02 6.0379118e-02 5.6928884e-02
 4.9197800e-02 5.4589339e-02 5.2434497e-02 5.7753939e-02]
Learning Rate: 0.005Learning Rate: 0.005

Learning Rate: 0.005
Learning Rate: 0.005

Train Loss: 1.1791, Val Loss: 0.9864
Train Loss: 1.1791, Val Loss: 0.9864
Train Loss: 1.1791, Val Loss: 0.9864Train Loss: 1.1791, Val Loss: 0.9864

Per-Class Precision: [1.         0.12449799 0.4789916  0.43494424 0.1452381  0.26948052
 0.04316547 0.07177033 0.08518519 0.05144695 0.15447154 0.07142857
 0.13793103 0.1653944  0.02863777 0.20817844 0.38043478 0.3877551
 0.2754491 ]
Per-Class Recall: [0.98462318 0.62       0.76       0.78       0.61       0.83
 0.18       0.2        0.23       0.42666667 0.76       0.04666667
 0.352      0.37142857 0.49333333 0.56       0.2        0.25333333
 0.61333333]
Per-Class F1-Score: [0.99225202 0.20735786 0.58762887 0.55847255 0.23461538 0.40686275
 0.0696325  0.1056338  0.12432432 0.09182209 0.25675676 0.05645161
 0.1981982  0.22887324 0.05413314 0.30352304 0.26217228 0.30645161
 0.38016529]
Support per Class: [293949    100    150    150    100    100    100     75    100     75
    125    150    125    175     75    100    175     75     75]
Weighted Precision: 0.9946, Weighted Recall: 0.9810, Weighted F1-Score: 0.9872
Precision: 0.9946, Recall: 0.9810, F1-Score: 0.9872
Fold 1, Epoch 150, Train Loss: 1.1791, Val Loss: 0.9864, Val Acc: 0.9818
Precision: 0.9950, Recall: 0.9831, F1-Score: 0.9884
Fold 1, Epoch 151, Train Loss: 1.1868, Val Loss: 0.9619, Val Acc: 0.9836
Precision: 0.9947, Recall: 0.9711, F1-Score: 0.9820
Fold 1, Epoch 152, Train Loss: 1.1312, Val Loss: 0.9471, Val Acc: 0.9749
Precision: 0.9950, Recall: 0.9851, F1-Score: 0.9896
Fold 1, Epoch 153, Train Loss: 1.1363, Val Loss: 0.9694, Val Acc: 0.9847
Precision: 0.9948, Recall: 0.9800, F1-Score: 0.9870
Fold 1, Epoch 154, Train Loss: 1.1267, Val Loss: 0.9328, Val Acc: 0.9809
Precision: 0.9945, Recall: 0.9818, F1-Score: 0.9876
Fold 1, Epoch 155, Train Loss: 1.1374, Val Loss: 0.9831, Val Acc: 0.9824
Precision: 0.9945, Recall: 0.9796, F1-Score: 0.9864
Fold 1, Epoch 156, Train Loss: 1.1385, Val Loss: 0.9722, Val Acc: 0.9810
Precision: 0.9947, Recall: 0.9831, F1-Score: 0.9883
Fold 1, Epoch 157, Train Loss: 1.1312, Val Loss: 1.0224, Val Acc: 0.9830
Precision: 0.9951, Recall: 0.9710, F1-Score: 0.9823
Fold 1, Epoch 158, Train Loss: 1.0832, Val Loss: 0.9946, Val Acc: 0.9740
Precision: 0.9950, Recall: 0.9784, F1-Score: 0.9861
Fold 1, Epoch 159, Train Loss: 1.0836, Val Loss: 0.9105, Val Acc: 0.9804

--- Epoch 160 ---
--- Epoch 160 ---
--- Epoch 160 ---



--- Epoch 160 ---
Class Weights: [2.1182575e-05 5.6127068e-02 5.6127068e-02 5.9477936e-02 5.6928884e-02
 5.3851645e-02 5.3851645e-02 4.9812771e-02 5.9477936e-02 5.6127068e-02
 6.1308030e-02 5.1753532e-02 5.3851645e-02 6.0379118e-02 5.6928884e-02
 4.9197800e-02 5.4589339e-02 5.2434497e-02 5.7753939e-02]Class Weights: [2.1182575e-05 5.6127068e-02 5.6127068e-02 5.9477936e-02 5.6928884e-02
 5.3851645e-02 5.3851645e-02 4.9812771e-02 5.9477936e-02 5.6127068e-02
 6.1308030e-02 5.1753532e-02 5.3851645e-02 6.0379118e-02 5.6928884e-02
 4.9197800e-02 5.4589339e-02 5.2434497e-02 5.7753939e-02]Class Weights: [2.1182575e-05 5.6127068e-02 5.6127068e-02 5.9477936e-02 5.6928884e-02
 5.3851645e-02 5.3851645e-02 4.9812771e-02 5.9477936e-02 5.6127068e-02
 6.1308030e-02 5.1753532e-02 5.3851645e-02 6.0379118e-02 5.6928884e-02
 4.9197800e-02 5.4589339e-02 5.2434497e-02 5.7753939e-02]


Class Weights: [2.1182575e-05 5.6127068e-02 5.6127068e-02 5.9477936e-02 5.6928884e-02
 5.3851645e-02 5.3851645e-02 4.9812771e-02 5.9477936e-02 5.6127068e-02
 6.1308030e-02 5.1753532e-02 5.3851645e-02 6.0379118e-02 5.6928884e-02
 4.9197800e-02 5.4589339e-02 5.2434497e-02 5.7753939e-02]Learning Rate: 0.005Learning Rate: 0.005Learning Rate: 0.005



Learning Rate: 0.005
Train Loss: 1.1521, Val Loss: 0.9528Train Loss: 1.1521, Val Loss: 0.9528Train Loss: 1.1521, Val Loss: 0.9528
Train Loss: 1.1521, Val Loss: 0.9528


Per-Class Precision: [1.         0.37209302 0.58385093 0.38953488 0.13986014 0.35051546
 0.16915423 0.04535147 0.11272142 0.07990868 0.06427221 0.03846154
 0.1026393  0.28735632 0.13907285 0.38983051 0.26008969 0.27272727
 0.37037037]
Per-Class Recall: [0.9862153  0.16       0.62666667 0.89333333 0.6        0.68
 0.34       0.26666667 0.7        0.46666667 0.816      0.01333333
 0.56       0.14285714 0.28       0.46       0.33142857 0.52
 0.8       ]
Per-Class F1-Score: [0.99305981 0.22377622 0.60450161 0.54251012 0.2268431  0.46258503
 0.22591362 0.07751938 0.19417476 0.13645224 0.11915888 0.01980198
 0.17348203 0.19083969 0.18584071 0.42201835 0.29145729 0.35779817
 0.50632911]
Support per Class: [293949    100    150    150    100    100    100     75    100     75
    125    150    125    175     75    100    175     75     75]
Weighted Precision: 0.9948, Weighted Recall: 0.9827, Weighted F1-Score: 0.9882
Precision: 0.9948, Recall: 0.9827, F1-Score: 0.9882
Fold 1, Epoch 160, Train Loss: 1.1521, Val Loss: 0.9528, Val Acc: 0.9829
Precision: 0.9952, Recall: 0.9859, F1-Score: 0.9900
Fold 1, Epoch 161, Train Loss: 1.1534, Val Loss: 0.9168, Val Acc: 0.9856
Precision: 0.9953, Recall: 0.9779, F1-Score: 0.9857
Fold 1, Epoch 162, Train Loss: 1.1433, Val Loss: 1.0186, Val Acc: 0.9802
Precision: 0.9948, Recall: 0.9783, F1-Score: 0.9859
Fold 1, Epoch 163, Train Loss: 1.1603, Val Loss: 0.9989, Val Acc: 0.9792
Precision: 0.9944, Recall: 0.9779, F1-Score: 0.9857
Fold 1, Epoch 164, Train Loss: 1.1710, Val Loss: 1.0273, Val Acc: 0.9796
Precision: 0.9950, Recall: 0.9857, F1-Score: 0.9897
Fold 1, Epoch 165, Train Loss: 1.1906, Val Loss: 0.9380, Val Acc: 0.9852
Precision: 0.9949, Recall: 0.9830, F1-Score: 0.9884
Fold 1, Epoch 166, Train Loss: 1.1428, Val Loss: 0.9222, Val Acc: 0.9834
Precision: 0.9947, Recall: 0.9839, F1-Score: 0.9889
Fold 1, Epoch 167, Train Loss: 1.1065, Val Loss: 1.1764, Val Acc: 0.9840
Precision: 0.9945, Recall: 0.9799, F1-Score: 0.9866
Fold 1, Epoch 168, Train Loss: 1.1952, Val Loss: 0.9161, Val Acc: 0.9816
Precision: 0.9949, Recall: 0.9827, F1-Score: 0.9881
Fold 1, Epoch 169, Train Loss: 1.1209, Val Loss: 0.9740, Val Acc: 0.9829

--- Epoch 170 ---
--- Epoch 170 ---
--- Epoch 170 ---



--- Epoch 170 ---
Class Weights: [2.1182575e-05 5.6127068e-02 5.6127068e-02 5.9477936e-02 5.6928884e-02
 5.3851645e-02 5.3851645e-02 4.9812771e-02 5.9477936e-02 5.6127068e-02
 6.1308030e-02 5.1753532e-02 5.3851645e-02 6.0379118e-02 5.6928884e-02
 4.9197800e-02 5.4589339e-02 5.2434497e-02 5.7753939e-02]Class Weights: [2.1182575e-05 5.6127068e-02 5.6127068e-02 5.9477936e-02 5.6928884e-02
 5.3851645e-02 5.3851645e-02 4.9812771e-02 5.9477936e-02 5.6127068e-02
 6.1308030e-02 5.1753532e-02 5.3851645e-02 6.0379118e-02 5.6928884e-02
 4.9197800e-02 5.4589339e-02 5.2434497e-02 5.7753939e-02]Class Weights: [2.1182575e-05 5.6127068e-02 5.6127068e-02 5.9477936e-02 5.6928884e-02
 5.3851645e-02 5.3851645e-02 4.9812771e-02 5.9477936e-02 5.6127068e-02
 6.1308030e-02 5.1753532e-02 5.3851645e-02 6.0379118e-02 5.6928884e-02
 4.9197800e-02 5.4589339e-02 5.2434497e-02 5.7753939e-02]Class Weights: [2.1182575e-05 5.6127068e-02 5.6127068e-02 5.9477936e-02 5.6928884e-02
 5.3851645e-02 5.3851645e-02 4.9812771e-02 5.9477936e-02 5.6127068e-02
 6.1308030e-02 5.1753532e-02 5.3851645e-02 6.0379118e-02 5.6928884e-02
 4.9197800e-02 5.4589339e-02 5.2434497e-02 5.7753939e-02]



Learning Rate: 0.005Learning Rate: 0.005
Learning Rate: 0.005Learning Rate: 0.005


Train Loss: 1.0861, Val Loss: 0.9111
Train Loss: 1.0861, Val Loss: 0.9111Train Loss: 1.0861, Val Loss: 0.9111Train Loss: 1.0861, Val Loss: 0.9111


Per-Class Precision: [1.         0.38738739 0.63461538 0.26078431 0.10526316 0.33502538
 0.25       0.07692308 0.12987013 0.05913978 0.05918058 0.06944444
 0.1505102  0.65517241 0.11574074 0.45333333 0.28467153 0.43181818
 0.33793103]
Per-Class Recall: [0.98636498 0.43       0.88       0.88666667 0.48       0.66
 0.42       0.32       0.7        0.29333333 0.936      0.03333333
 0.472      0.21714286 0.33333333 0.34       0.22285714 0.50666667
 0.65333333]
Per-Class F1-Score: [0.99313569 0.40758294 0.73743017 0.4030303  0.17266187 0.44444444
 0.31343284 0.12403101 0.21909233 0.098434   0.11132255 0.04504505
 0.22823985 0.32618026 0.17182131 0.38857143 0.25       0.46625767
 0.44545455]
Support per Class: [293949    100    150    150    100    100    100     75    100     75
    125    150    125    175     75    100    175     75     75]
Weighted Precision: 0.9951, Weighted Recall: 0.9829, Weighted F1-Score: 0.9884
Precision: 0.9951, Recall: 0.9829, F1-Score: 0.9884
Fold 1, Epoch 170, Train Loss: 1.0861, Val Loss: 0.9111, Val Acc: 0.9835
Precision: 0.9951, Recall: 0.9830, F1-Score: 0.9885
Fold 1, Epoch 171, Train Loss: 1.0653, Val Loss: 0.8680, Val Acc: 0.9836
Precision: 0.9949, Recall: 0.9829, F1-Score: 0.9884
Fold 1, Epoch 172, Train Loss: 1.0687, Val Loss: 0.8884, Val Acc: 0.9835
Precision: 0.9951, Recall: 0.9710, F1-Score: 0.9823
Fold 1, Epoch 173, Train Loss: 1.0710, Val Loss: 0.8674, Val Acc: 0.9749
Precision: 0.9951, Recall: 0.9879, F1-Score: 0.9911
Fold 1, Epoch 174, Train Loss: 1.0893, Val Loss: 1.0027, Val Acc: 0.9873
Precision: 0.9949, Recall: 0.9780, F1-Score: 0.9858
Fold 1, Epoch 175, Train Loss: 1.0768, Val Loss: 0.9201, Val Acc: 0.9801
Precision: 0.9951, Recall: 0.9847, F1-Score: 0.9894
Fold 1, Epoch 176, Train Loss: 1.0627, Val Loss: 0.8699, Val Acc: 0.9848
Precision: 0.9950, Recall: 0.9856, F1-Score: 0.9897
Fold 1, Epoch 177, Train Loss: 1.0120, Val Loss: 0.8483, Val Acc: 0.9853
Precision: 0.9951, Recall: 0.9868, F1-Score: 0.9903
Fold 1, Epoch 178, Train Loss: 1.0334, Val Loss: 0.8447, Val Acc: 0.9861
Precision: 0.9949, Recall: 0.9747, F1-Score: 0.9839
Fold 1, Epoch 179, Train Loss: 1.0150, Val Loss: 1.0874, Val Acc: 0.9775

--- Epoch 180 ---
--- Epoch 180 ---
--- Epoch 180 ---



--- Epoch 180 ---
Class Weights: [2.1182575e-05 5.6127068e-02 5.6127068e-02 5.9477936e-02 5.6928884e-02
 5.3851645e-02 5.3851645e-02 4.9812771e-02 5.9477936e-02 5.6127068e-02
 6.1308030e-02 5.1753532e-02 5.3851645e-02 6.0379118e-02 5.6928884e-02
 4.9197800e-02 5.4589339e-02 5.2434497e-02 5.7753939e-02]Class Weights: [2.1182575e-05 5.6127068e-02 5.6127068e-02 5.9477936e-02 5.6928884e-02
 5.3851645e-02 5.3851645e-02 4.9812771e-02 5.9477936e-02 5.6127068e-02
 6.1308030e-02 5.1753532e-02 5.3851645e-02 6.0379118e-02 5.6928884e-02
 4.9197800e-02 5.4589339e-02 5.2434497e-02 5.7753939e-02]Class Weights: [2.1182575e-05 5.6127068e-02 5.6127068e-02 5.9477936e-02 5.6928884e-02
 5.3851645e-02 5.3851645e-02 4.9812771e-02 5.9477936e-02 5.6127068e-02
 6.1308030e-02 5.1753532e-02 5.3851645e-02 6.0379118e-02 5.6928884e-02
 4.9197800e-02 5.4589339e-02 5.2434497e-02 5.7753939e-02]


Class Weights: [2.1182575e-05 5.6127068e-02 5.6127068e-02 5.9477936e-02 5.6928884e-02
 5.3851645e-02 5.3851645e-02 4.9812771e-02 5.9477936e-02 5.6127068e-02
 6.1308030e-02 5.1753532e-02 5.3851645e-02 6.0379118e-02 5.6928884e-02
 4.9197800e-02 5.4589339e-02 5.2434497e-02 5.7753939e-02]Learning Rate: 0.005Learning Rate: 0.005Learning Rate: 0.005



Learning Rate: 0.005
Train Loss: 1.1111, Val Loss: 0.9661Train Loss: 1.1111, Val Loss: 0.9661Train Loss: 1.1111, Val Loss: 0.9661

Train Loss: 1.1111, Val Loss: 0.9661

Per-Class Precision: [1.         0.07735584 0.49411765 0.36148649 0.10510949 0.39490446
 0.09237875 0.17065868 0.15436242 0.06343284 0.14567527 0.06104651
 0.06060606 0.85714286 0.1557377  0.43137255 0.234375   0.225
 0.37735849]
Per-Class Recall: [0.98832791 0.55       0.84       0.71333333 0.72       0.62
 0.4        0.76       0.23       0.68       0.768      0.14
 0.048      0.27428571 0.25333333 0.44       0.08571429 0.24
 0.53333333]
Per-Class F1-Score: [0.99412969 0.13563502 0.62222222 0.47982063 0.18343949 0.48249027
 0.15009381 0.27872861 0.18473896 0.11604096 0.24489796 0.08502024
 0.05357143 0.41558442 0.1928934  0.43564356 0.12552301 0.23225806
 0.44198895]
Support per Class: [293949    100    150    150    100    100    100     75    100     75
    125    150    125    175     75    100    175     75     75]
Weighted Precision: 0.9950, Weighted Recall: 0.9846, Weighted F1-Score: 0.9892
Precision: 0.9950, Recall: 0.9846, F1-Score: 0.9892
Fold 1, Epoch 180, Train Loss: 1.1111, Val Loss: 0.9661, Val Acc: 0.9846
Precision: 0.9952, Recall: 0.9850, F1-Score: 0.9897
Fold 1, Epoch 181, Train Loss: 1.0573, Val Loss: 0.9103, Val Acc: 0.9850
Precision: 0.9950, Recall: 0.9819, F1-Score: 0.9878
Fold 1, Epoch 182, Train Loss: 1.0544, Val Loss: 0.9007, Val Acc: 0.9826
Precision: 0.9950, Recall: 0.9808, F1-Score: 0.9873
Fold 1, Epoch 183, Train Loss: 1.1047, Val Loss: 0.8796, Val Acc: 0.9823
Precision: 0.9950, Recall: 0.9869, F1-Score: 0.9905
Fold 1, Epoch 184, Train Loss: 1.0374, Val Loss: 0.9087, Val Acc: 0.9863
Precision: 0.9948, Recall: 0.9824, F1-Score: 0.9880
Fold 1, Epoch 185, Train Loss: 1.0212, Val Loss: 0.8396, Val Acc: 0.9829
Precision: 0.9950, Recall: 0.9866, F1-Score: 0.9902
Fold 1, Epoch 186, Train Loss: 0.9940, Val Loss: 0.8123, Val Acc: 0.9864
Precision: 0.9950, Recall: 0.9775, F1-Score: 0.9854
Fold 1, Epoch 187, Train Loss: 1.0226, Val Loss: 1.0437, Val Acc: 0.9793
Precision: 0.9950, Recall: 0.9877, F1-Score: 0.9909
Fold 1, Epoch 188, Train Loss: 1.0838, Val Loss: 1.0215, Val Acc: 0.9868
Precision: 0.9949, Recall: 0.9762, F1-Score: 0.9847
Fold 1, Epoch 189, Train Loss: 1.0793, Val Loss: 0.9318, Val Acc: 0.9782

--- Epoch 190 ---
--- Epoch 190 ---

--- Epoch 190 ---


--- Epoch 190 ---
Class Weights: [2.1182575e-05 5.6127068e-02 5.6127068e-02 5.9477936e-02 5.6928884e-02
 5.3851645e-02 5.3851645e-02 4.9812771e-02 5.9477936e-02 5.6127068e-02
 6.1308030e-02 5.1753532e-02 5.3851645e-02 6.0379118e-02 5.6928884e-02
 4.9197800e-02 5.4589339e-02 5.2434497e-02 5.7753939e-02]Class Weights: [2.1182575e-05 5.6127068e-02 5.6127068e-02 5.9477936e-02 5.6928884e-02
 5.3851645e-02 5.3851645e-02 4.9812771e-02 5.9477936e-02 5.6127068e-02
 6.1308030e-02 5.1753532e-02 5.3851645e-02 6.0379118e-02 5.6928884e-02
 4.9197800e-02 5.4589339e-02 5.2434497e-02 5.7753939e-02]
Class Weights: [2.1182575e-05 5.6127068e-02 5.6127068e-02 5.9477936e-02 5.6928884e-02
 5.3851645e-02 5.3851645e-02 4.9812771e-02 5.9477936e-02 5.6127068e-02
 6.1308030e-02 5.1753532e-02 5.3851645e-02 6.0379118e-02 5.6928884e-02
 4.9197800e-02 5.4589339e-02 5.2434497e-02 5.7753939e-02]
Learning Rate: 0.005

Learning Rate: 0.005
Learning Rate: 0.005
Class Weights: [2.1182575e-05 5.6127068e-02 5.6127068e-02 5.9477936e-02 5.6928884e-02
 5.3851645e-02 5.3851645e-02 4.9812771e-02 5.9477936e-02 5.6127068e-02
 6.1308030e-02 5.1753532e-02 5.3851645e-02 6.0379118e-02 5.6928884e-02
 4.9197800e-02 5.4589339e-02 5.2434497e-02 5.7753939e-02]
Learning Rate: 0.005
Train Loss: 1.0340, Val Loss: 0.9701Train Loss: 1.0340, Val Loss: 0.9701

Train Loss: 1.0340, Val Loss: 0.9701
Train Loss: 1.0340, Val Loss: 0.9701
Per-Class Precision: [1.         0.39351852 0.46518987 0.4095941  0.14414414 0.23636364
 0.1294964  0.15416667 0.10540915 0.09322034 0.1588785  0.06912442
 0.13229572 0.63013699 0.20168067 0.40186916 0.26       0.
 0.41891892]
Per-Class Recall: [0.99119915 0.85       0.98       0.74       0.48       0.78
 0.36       0.49333333 0.76       0.44       0.816      0.1
 0.272      0.26285714 0.32       0.43       0.07428571 0.
 0.41333333]
Per-Class F1-Score: [0.99558013 0.53797468 0.63090129 0.52731591 0.22170901 0.3627907
 0.19047619 0.23492063 0.18514007 0.15384615 0.26597132 0.08174387
 0.17801047 0.37096774 0.24742268 0.41545894 0.11555556 0.
 0.41610738]
Support per Class: [293949    100    150    150    100    100    100     75    100     75
    125    150    125    175     75    100    175     75     75]
Weighted Precision: 0.9950, Weighted Recall: 0.9877, Weighted F1-Score: 0.9908
Precision: 0.9950, Recall: 0.9877, F1-Score: 0.9908
Fold 1, Epoch 190, Train Loss: 1.0340, Val Loss: 0.9701, Val Acc: 0.9871
Precision: 0.9951, Recall: 0.9845, F1-Score: 0.9893
Fold 1, Epoch 191, Train Loss: 1.0138, Val Loss: 0.8446, Val Acc: 0.9848
Precision: 0.9951, Recall: 0.9852, F1-Score: 0.9896
Fold 1, Epoch 192, Train Loss: 0.9629, Val Loss: 0.8449, Val Acc: 0.9851
Precision: 0.9948, Recall: 0.9746, F1-Score: 0.9840
Fold 1, Epoch 193, Train Loss: 0.9743, Val Loss: 0.7811, Val Acc: 0.9772
Precision: 0.9951, Recall: 0.9841, F1-Score: 0.9890
Fold 1, Epoch 194, Train Loss: 0.9763, Val Loss: 0.9489, Val Acc: 0.9842
Precision: 0.9951, Recall: 0.9804, F1-Score: 0.9869
Fold 1, Epoch 195, Train Loss: 0.9952, Val Loss: 0.9821, Val Acc: 0.9813
Precision: 0.9951, Recall: 0.9879, F1-Score: 0.9909
Fold 1, Epoch 196, Train Loss: 1.0454, Val Loss: 0.8544, Val Acc: 0.9875
Precision: 0.9951, Recall: 0.9860, F1-Score: 0.9900
Fold 1, Epoch 197, Train Loss: 1.0162, Val Loss: 0.7652, Val Acc: 0.9856
Precision: 0.9951, Recall: 0.9794, F1-Score: 0.9866
Fold 1, Epoch 198, Train Loss: 0.9676, Val Loss: 0.7601, Val Acc: 0.9812
Precision: 0.9951, Recall: 0.9832, F1-Score: 0.9886
Fold 1, Epoch 199, Train Loss: 0.9736, Val Loss: 0.8004, Val Acc: 0.9838

--- Epoch 200 ---
--- Epoch 200 ---
--- Epoch 200 ---



--- Epoch 200 ---
Class Weights: [2.1182575e-05 5.6127068e-02 5.6127068e-02 5.9477936e-02 5.6928884e-02
 5.3851645e-02 5.3851645e-02 4.9812771e-02 5.9477936e-02 5.6127068e-02
 6.1308030e-02 5.1753532e-02 5.3851645e-02 6.0379118e-02 5.6928884e-02
 4.9197800e-02 5.4589339e-02 5.2434497e-02 5.7753939e-02]Class Weights: [2.1182575e-05 5.6127068e-02 5.6127068e-02 5.9477936e-02 5.6928884e-02
 5.3851645e-02 5.3851645e-02 4.9812771e-02 5.9477936e-02 5.6127068e-02
 6.1308030e-02 5.1753532e-02 5.3851645e-02 6.0379118e-02 5.6928884e-02
 4.9197800e-02 5.4589339e-02 5.2434497e-02 5.7753939e-02]Class Weights: [2.1182575e-05 5.6127068e-02 5.6127068e-02 5.9477936e-02 5.6928884e-02
 5.3851645e-02 5.3851645e-02 4.9812771e-02 5.9477936e-02 5.6127068e-02
 6.1308030e-02 5.1753532e-02 5.3851645e-02 6.0379118e-02 5.6928884e-02
 4.9197800e-02 5.4589339e-02 5.2434497e-02 5.7753939e-02]

Class Weights: [2.1182575e-05 5.6127068e-02 5.6127068e-02 5.9477936e-02 5.6928884e-02
 5.3851645e-02 5.3851645e-02 4.9812771e-02 5.9477936e-02 5.6127068e-02
 6.1308030e-02 5.1753532e-02 5.3851645e-02 6.0379118e-02 5.6928884e-02
 4.9197800e-02 5.4589339e-02 5.2434497e-02 5.7753939e-02]Learning Rate: 0.005

Learning Rate: 0.005

Learning Rate: 0.005Learning Rate: 0.005

Train Loss: 0.9481, Val Loss: 1.0272Train Loss: 0.9481, Val Loss: 1.0272

Train Loss: 0.9481, Val Loss: 1.0272Train Loss: 0.9481, Val Loss: 1.0272

Per-Class Precision: [1.         0.03789474 0.4980695  0.28846154 0.11442786 0.1965812
 0.09037037 0.06169666 0.18390805 0.04819277 0.11160714 0.07746479
 0.26923077 0.51079137 0.02445652 0.29268293 0.33636364 0.40625
 0.39506173]
Per-Class Recall: [0.98143896 0.72       0.86       0.9        0.46       0.69
 0.61       0.64       0.16       0.21333333 0.4        0.22
 0.112      0.40571429 0.24       0.6        0.21142857 0.17333333
 0.42666667]
Per-Class F1-Score: [0.99063254 0.072      0.63080685 0.4368932  0.18326693 0.3059867
 0.15741935 0.11254396 0.17112299 0.07862408 0.17452007 0.11458333
 0.15819209 0.4522293  0.04438964 0.39344262 0.25964912 0.24299065
 0.41025641]
Support per Class: [293949    100    150    150    100    100    100     75    100     75
    125    150    125    175     75    100    175     75     75]
Weighted Precision: 0.9948, Weighted Recall: 0.9778, Weighted F1-Score: 0.9857
Precision: 0.9948, Recall: 0.9778, F1-Score: 0.9857
Fold 1, Epoch 200, Train Loss: 0.9481, Val Loss: 1.0272, Val Acc: 0.9798
Precision: 0.9950, Recall: 0.9849, F1-Score: 0.9893
Fold 1, Epoch 201, Train Loss: 1.0120, Val Loss: 0.7978, Val Acc: 0.9851
Precision: 0.9953, Recall: 0.9862, F1-Score: 0.9903
Fold 1, Epoch 202, Train Loss: 1.0019, Val Loss: 0.7867, Val Acc: 0.9859
Precision: 0.9954, Recall: 0.9851, F1-Score: 0.9896
Fold 1, Epoch 203, Train Loss: 0.9229, Val Loss: 0.8018, Val Acc: 0.9853
Precision: 0.9954, Recall: 0.9806, F1-Score: 0.9874
Fold 1, Epoch 204, Train Loss: 0.9495, Val Loss: 0.7695, Val Acc: 0.9820
Precision: 0.9950, Recall: 0.9836, F1-Score: 0.9887
Fold 1, Epoch 205, Train Loss: 0.9622, Val Loss: 0.8685, Val Acc: 0.9840
Precision: 0.9953, Recall: 0.9866, F1-Score: 0.9904
Fold 1, Epoch 206, Train Loss: 0.9359, Val Loss: 0.7913, Val Acc: 0.9864
Precision: 0.9953, Recall: 0.9786, F1-Score: 0.9862
Fold 1, Epoch 207, Train Loss: 0.9197, Val Loss: 0.7602, Val Acc: 0.9807
Precision: 0.9951, Recall: 0.9877, F1-Score: 0.9908
Fold 1, Epoch 208, Train Loss: 0.9287, Val Loss: 0.7388, Val Acc: 0.9871
Precision: 0.9952, Recall: 0.9846, F1-Score: 0.9892
Fold 1, Epoch 209, Train Loss: 0.9162, Val Loss: 0.7983, Val Acc: 0.9847

--- Epoch 210 ---
--- Epoch 210 ---
--- Epoch 210 ---



--- Epoch 210 ---
Class Weights: [2.1182575e-05 5.6127068e-02 5.6127068e-02 5.9477936e-02 5.6928884e-02
 5.3851645e-02 5.3851645e-02 4.9812771e-02 5.9477936e-02 5.6127068e-02
 6.1308030e-02 5.1753532e-02 5.3851645e-02 6.0379118e-02 5.6928884e-02
 4.9197800e-02 5.4589339e-02 5.2434497e-02 5.7753939e-02]Class Weights: [2.1182575e-05 5.6127068e-02 5.6127068e-02 5.9477936e-02 5.6928884e-02
 5.3851645e-02 5.3851645e-02 4.9812771e-02 5.9477936e-02 5.6127068e-02
 6.1308030e-02 5.1753532e-02 5.3851645e-02 6.0379118e-02 5.6928884e-02
 4.9197800e-02 5.4589339e-02 5.2434497e-02 5.7753939e-02]Class Weights: [2.1182575e-05 5.6127068e-02 5.6127068e-02 5.9477936e-02 5.6928884e-02
 5.3851645e-02 5.3851645e-02 4.9812771e-02 5.9477936e-02 5.6127068e-02
 6.1308030e-02 5.1753532e-02 5.3851645e-02 6.0379118e-02 5.6928884e-02
 4.9197800e-02 5.4589339e-02 5.2434497e-02 5.7753939e-02]Class Weights: [2.1182575e-05 5.6127068e-02 5.6127068e-02 5.9477936e-02 5.6928884e-02
 5.3851645e-02 5.3851645e-02 4.9812771e-02 5.9477936e-02 5.6127068e-02
 6.1308030e-02 5.1753532e-02 5.3851645e-02 6.0379118e-02 5.6928884e-02
 4.9197800e-02 5.4589339e-02 5.2434497e-02 5.7753939e-02]

Learning Rate: 0.005Learning Rate: 0.005

Learning Rate: 0.005
Train Loss: 0.9045, Val Loss: 0.8276


Learning Rate: 0.005Train Loss: 0.9045, Val Loss: 0.8276

Train Loss: 0.9045, Val Loss: 0.8276
Train Loss: 0.9045, Val Loss: 0.8276
Per-Class Precision: [1.         0.09082218 0.5017301  0.32824427 0.13597734 0.18575064
 0.15339233 0.11447811 0.11627907 0.05604396 0.16512059 0.08606557
 0.17821782 0.85714286 0.07882883 0.575      0.38016529 0.64
 0.65625   ]
Per-Class Recall: [0.98611664 0.95       0.96666667 0.86       0.48       0.73
 0.52       0.45333333 0.5        0.68       0.712      0.14
 0.144      0.34285714 0.46666667 0.46       0.26285714 0.21333333
 0.28      ]
Per-Class F1-Score: [0.9930098  0.16579407 0.66059226 0.47513812 0.21192053 0.29614604
 0.23690205 0.1827957  0.18867925 0.1035533  0.26807229 0.10659898
 0.15929204 0.48979592 0.13487476 0.51111111 0.31081081 0.32
 0.39252336]
Support per Class: [293949    100    150    150    100    100    100     75    100     75
    125    150    125    175     75    100    175     75     75]
Weighted Precision: 0.9953, Weighted Recall: 0.9828, Weighted F1-Score: 0.9883
Precision: 0.9953, Recall: 0.9828, F1-Score: 0.9883
Fold 1, Epoch 210, Train Loss: 0.9045, Val Loss: 0.8276, Val Acc: 0.9834
Precision: 0.9951, Recall: 0.9836, F1-Score: 0.9888
Fold 1, Epoch 211, Train Loss: 0.9452, Val Loss: 0.7410, Val Acc: 0.9843
Precision: 0.9953, Recall: 0.9844, F1-Score: 0.9892
Fold 1, Epoch 212, Train Loss: 0.9288, Val Loss: 0.7080, Val Acc: 0.9848
Precision: 0.9953, Recall: 0.9839, F1-Score: 0.9890
Fold 1, Epoch 213, Train Loss: 0.9091, Val Loss: 0.8288, Val Acc: 0.9837
Precision: 0.9950, Recall: 0.9842, F1-Score: 0.9890
Fold 1, Epoch 214, Train Loss: 0.8949, Val Loss: 0.8401, Val Acc: 0.9843
Precision: 0.9955, Recall: 0.9872, F1-Score: 0.9907
Fold 1, Epoch 215, Train Loss: 0.8996, Val Loss: 0.7068, Val Acc: 0.9868
Precision: 0.9953, Recall: 0.9740, F1-Score: 0.9839
Fold 1, Epoch 216, Train Loss: 0.9204, Val Loss: 0.7281, Val Acc: 0.9766
Precision: 0.9953, Recall: 0.9850, F1-Score: 0.9895
Fold 1, Epoch 217, Train Loss: 0.9349, Val Loss: 0.8579, Val Acc: 0.9848
Precision: 0.9953, Recall: 0.9852, F1-Score: 0.9896
Fold 1, Epoch 218, Train Loss: 0.9228, Val Loss: 0.6375, Val Acc: 0.9856
Precision: 0.9951, Recall: 0.9796, F1-Score: 0.9865
Fold 1, Epoch 219, Train Loss: 0.9719, Val Loss: 0.7676, Val Acc: 0.9813

--- Epoch 220 ---
--- Epoch 220 ---

--- Epoch 220 ---


--- Epoch 220 ---
Class Weights: [2.1182575e-05 5.6127068e-02 5.6127068e-02 5.9477936e-02 5.6928884e-02
 5.3851645e-02 5.3851645e-02 4.9812771e-02 5.9477936e-02 5.6127068e-02
 6.1308030e-02 5.1753532e-02 5.3851645e-02 6.0379118e-02 5.6928884e-02
 4.9197800e-02 5.4589339e-02 5.2434497e-02 5.7753939e-02]Class Weights: [2.1182575e-05 5.6127068e-02 5.6127068e-02 5.9477936e-02 5.6928884e-02
 5.3851645e-02 5.3851645e-02 4.9812771e-02 5.9477936e-02 5.6127068e-02
 6.1308030e-02 5.1753532e-02 5.3851645e-02 6.0379118e-02 5.6928884e-02
 4.9197800e-02 5.4589339e-02 5.2434497e-02 5.7753939e-02]Class Weights: [2.1182575e-05 5.6127068e-02 5.6127068e-02 5.9477936e-02 5.6928884e-02
 5.3851645e-02 5.3851645e-02 4.9812771e-02 5.9477936e-02 5.6127068e-02
 6.1308030e-02 5.1753532e-02 5.3851645e-02 6.0379118e-02 5.6928884e-02
 4.9197800e-02 5.4589339e-02 5.2434497e-02 5.7753939e-02]Class Weights: [2.1182575e-05 5.6127068e-02 5.6127068e-02 5.9477936e-02 5.6928884e-02
 5.3851645e-02 5.3851645e-02 4.9812771e-02 5.9477936e-02 5.6127068e-02
 6.1308030e-02 5.1753532e-02 5.3851645e-02 6.0379118e-02 5.6928884e-02
 4.9197800e-02 5.4589339e-02 5.2434497e-02 5.7753939e-02]



Learning Rate: 0.005Learning Rate: 0.005Learning Rate: 0.005

Learning Rate: 0.005

Train Loss: 0.9263, Val Loss: 0.8474Train Loss: 0.9263, Val Loss: 0.8474

Train Loss: 0.9263, Val Loss: 0.8474Train Loss: 0.9263, Val Loss: 0.8474

Per-Class Precision: [1.         0.02098361 0.5627907  0.33953488 0.09550562 0.18122271
 0.25396825 0.08       0.09513274 0.02586207 0.17234043 0.09638554
 0.38461538 0.46875    0.12149533 0.36597938 0.5045045  0.4789916
 0.47058824]
Per-Class Recall: [0.97601625 0.96       0.80666667 0.97333333 0.17       0.83
 0.48       0.8        0.43       0.04       0.648      0.21333333
 0.24       0.42857143 0.34666667 0.71       0.32       0.76
 0.21333333]
Per-Class F1-Score: [0.98786257 0.04106952 0.6630137  0.50344828 0.12230216 0.29749104
 0.33217993 0.14545455 0.1557971  0.03141361 0.27226891 0.13278008
 0.2955665  0.44776119 0.1799308  0.4829932  0.39160839 0.58762887
 0.29357798]
Support per Class: [293949    100    150    150    100    100    100     75    100     75
    125    150    125    175     75    100    175     75     75]
Weighted Precision: 0.9951, Weighted Recall: 0.9729, Weighted F1-Score: 0.9833
Precision: 0.9951, Recall: 0.9729, F1-Score: 0.9833
Fold 1, Epoch 220, Train Loss: 0.9263, Val Loss: 0.8474, Val Acc: 0.9747
Precision: 0.9955, Recall: 0.9845, F1-Score: 0.9894
Fold 1, Epoch 221, Train Loss: 0.9795, Val Loss: 0.7547, Val Acc: 0.9849
Precision: 0.9949, Recall: 0.9818, F1-Score: 0.9877
Fold 1, Epoch 222, Train Loss: 0.9105, Val Loss: 0.8586, Val Acc: 0.9828
Precision: 0.9955, Recall: 0.9872, F1-Score: 0.9908
Fold 1, Epoch 223, Train Loss: 0.9880, Val Loss: 0.6875, Val Acc: 0.9870
Precision: 0.9954, Recall: 0.9839, F1-Score: 0.9890
Fold 1, Epoch 224, Train Loss: 0.9442, Val Loss: 0.7134, Val Acc: 0.9844
Precision: 0.9952, Recall: 0.9812, F1-Score: 0.9876
Fold 1, Epoch 225, Train Loss: 0.8387, Val Loss: 0.7251, Val Acc: 0.9825
Precision: 0.9953, Recall: 0.9801, F1-Score: 0.9870
Fold 1, Epoch 226, Train Loss: 0.8594, Val Loss: 0.6550, Val Acc: 0.9813
Precision: 0.9954, Recall: 0.9849, F1-Score: 0.9895
Fold 1, Epoch 227, Train Loss: 0.8462, Val Loss: 0.6793, Val Acc: 0.9855
Precision: 0.9953, Recall: 0.9841, F1-Score: 0.9890
Fold 1, Epoch 228, Train Loss: 0.8562, Val Loss: 0.7143, Val Acc: 0.9842
Precision: 0.9955, Recall: 0.9860, F1-Score: 0.9902
Fold 1, Epoch 229, Train Loss: 0.8471, Val Loss: 0.6134, Val Acc: 0.9855

--- Epoch 230 ---
--- Epoch 230 ---
--- Epoch 230 ---



--- Epoch 230 ---
Class Weights: [2.1182575e-05 5.6127068e-02 5.6127068e-02 5.9477936e-02 5.6928884e-02
 5.3851645e-02 5.3851645e-02 4.9812771e-02 5.9477936e-02 5.6127068e-02
 6.1308030e-02 5.1753532e-02 5.3851645e-02 6.0379118e-02 5.6928884e-02
 4.9197800e-02 5.4589339e-02 5.2434497e-02 5.7753939e-02]Class Weights: [2.1182575e-05 5.6127068e-02 5.6127068e-02 5.9477936e-02 5.6928884e-02
 5.3851645e-02 5.3851645e-02 4.9812771e-02 5.9477936e-02 5.6127068e-02
 6.1308030e-02 5.1753532e-02 5.3851645e-02 6.0379118e-02 5.6928884e-02
 4.9197800e-02 5.4589339e-02 5.2434497e-02 5.7753939e-02]Class Weights: [2.1182575e-05 5.6127068e-02 5.6127068e-02 5.9477936e-02 5.6928884e-02
 5.3851645e-02 5.3851645e-02 4.9812771e-02 5.9477936e-02 5.6127068e-02
 6.1308030e-02 5.1753532e-02 5.3851645e-02 6.0379118e-02 5.6928884e-02
 4.9197800e-02 5.4589339e-02 5.2434497e-02 5.7753939e-02]Class Weights: [2.1182575e-05 5.6127068e-02 5.6127068e-02 5.9477936e-02 5.6928884e-02
 5.3851645e-02 5.3851645e-02 4.9812771e-02 5.9477936e-02 5.6127068e-02
 6.1308030e-02 5.1753532e-02 5.3851645e-02 6.0379118e-02 5.6928884e-02
 4.9197800e-02 5.4589339e-02 5.2434497e-02 5.7753939e-02]



Learning Rate: 0.005Learning Rate: 0.005Learning Rate: 0.005
Learning Rate: 0.005


Train Loss: 0.8178, Val Loss: 0.6237Train Loss: 0.8178, Val Loss: 0.6237Train Loss: 0.8178, Val Loss: 0.6237
Train Loss: 0.8178, Val Loss: 0.6237


Per-Class Precision: [1.         0.17319588 0.80916031 0.77358491 0.19783198 0.70526316
 0.09575923 0.48148148 0.24344569 0.13270142 0.30985915 0.21198157
 0.21578947 0.26185958 0.06283662 0.45882353 0.47945205 0.36945813
 0.47887324]
Per-Class Recall: [0.98823605 0.84       0.70666667 0.82       0.73       0.67
 0.7        0.34666667 0.65       0.37333333 0.704      0.30666667
 0.328      0.78857143 0.93333333 0.39       0.6        1.
 0.90666667]
Per-Class F1-Score: [0.99408322 0.28717949 0.7544484  0.7961165  0.31130064 0.68717949
 0.16847172 0.40310078 0.35422343 0.1958042  0.43031785 0.2506812
 0.26031746 0.39316239 0.11774601 0.42162162 0.53299492 0.53956835
 0.62672811]
Support per Class: [293949    100    150    150    100    100    100     75    100     75
    125    150    125    175     75    100    175     75     75]
Weighted Precision: 0.9957, Weighted Recall: 0.9859, Weighted F1-Score: 0.9903
Precision: 0.9957, Recall: 0.9859, F1-Score: 0.9903
Fold 1, Epoch 230, Train Loss: 0.8178, Val Loss: 0.6237, Val Acc: 0.9862
Precision: 0.9950, Recall: 0.9773, F1-Score: 0.9854
Fold 1, Epoch 231, Train Loss: 0.8423, Val Loss: 0.8556, Val Acc: 0.9796
Precision: 0.9954, Recall: 0.9819, F1-Score: 0.9880
Fold 1, Epoch 232, Train Loss: 0.8674, Val Loss: 0.6730, Val Acc: 0.9832
Precision: 0.9955, Recall: 0.9865, F1-Score: 0.9905
Fold 1, Epoch 233, Train Loss: 0.8566, Val Loss: 0.6545, Val Acc: 0.9864
Precision: 0.9953, Recall: 0.9733, F1-Score: 0.9836
Fold 1, Epoch 234, Train Loss: 0.7857, Val Loss: 0.6217, Val Acc: 0.9778
Precision: 0.9958, Recall: 0.9773, F1-Score: 0.9858
Fold 1, Epoch 235, Train Loss: 0.8023, Val Loss: 0.6267, Val Acc: 0.9803
Precision: 0.9956, Recall: 0.9863, F1-Score: 0.9903
Fold 1, Epoch 236, Train Loss: 0.8202, Val Loss: 0.6144, Val Acc: 0.9862
Precision: 0.9952, Recall: 0.9727, F1-Score: 0.9831
Fold 1, Epoch 237, Train Loss: 0.8368, Val Loss: 0.6925, Val Acc: 0.9768
Precision: 0.9953, Recall: 0.9559, F1-Score: 0.9745
Fold 1, Epoch 238, Train Loss: 0.8095, Val Loss: 0.6310, Val Acc: 0.9645
Precision: 0.9955, Recall: 0.9866, F1-Score: 0.9905
Fold 1, Epoch 239, Train Loss: 0.7845, Val Loss: 0.6213, Val Acc: 0.9867

--- Epoch 240 ---
--- Epoch 240 ---
--- Epoch 240 ---



--- Epoch 240 ---
Class Weights: [2.1182575e-05 5.6127068e-02 5.6127068e-02 5.9477936e-02 5.6928884e-02
 5.3851645e-02 5.3851645e-02 4.9812771e-02 5.9477936e-02 5.6127068e-02
 6.1308030e-02 5.1753532e-02 5.3851645e-02 6.0379118e-02 5.6928884e-02
 4.9197800e-02 5.4589339e-02 5.2434497e-02 5.7753939e-02]Class Weights: [2.1182575e-05 5.6127068e-02 5.6127068e-02 5.9477936e-02 5.6928884e-02
 5.3851645e-02 5.3851645e-02 4.9812771e-02 5.9477936e-02 5.6127068e-02
 6.1308030e-02 5.1753532e-02 5.3851645e-02 6.0379118e-02 5.6928884e-02
 4.9197800e-02 5.4589339e-02 5.2434497e-02 5.7753939e-02]Class Weights: [2.1182575e-05 5.6127068e-02 5.6127068e-02 5.9477936e-02 5.6928884e-02
 5.3851645e-02 5.3851645e-02 4.9812771e-02 5.9477936e-02 5.6127068e-02
 6.1308030e-02 5.1753532e-02 5.3851645e-02 6.0379118e-02 5.6928884e-02
 4.9197800e-02 5.4589339e-02 5.2434497e-02 5.7753939e-02]


Learning Rate: 0.005Learning Rate: 0.005Class Weights: [2.1182575e-05 5.6127068e-02 5.6127068e-02 5.9477936e-02 5.6928884e-02
 5.3851645e-02 5.3851645e-02 4.9812771e-02 5.9477936e-02 5.6127068e-02
 6.1308030e-02 5.1753532e-02 5.3851645e-02 6.0379118e-02 5.6928884e-02
 4.9197800e-02 5.4589339e-02 5.2434497e-02 5.7753939e-02]
Learning Rate: 0.005


Learning Rate: 0.005
Train Loss: 0.7881, Val Loss: 0.7483Train Loss: 0.7881, Val Loss: 0.7483

Train Loss: 0.7881, Val Loss: 0.7483
Train Loss: 0.7881, Val Loss: 0.7483
Per-Class Precision: [1.         0.03306092 0.54379562 0.45833333 0.16535433 0.33497537
 0.14244186 0.09108911 0.16176471 0.09315589 0.26426426 0.2
 0.15254237 0.47598253 0.0566343  0.5        0.3047619  0.53333333
 0.8       ]
Per-Class Recall: [0.98079599 0.89       0.99333333 0.80666667 0.84       0.68
 0.49       0.61333333 0.66       0.65333333 0.704      0.11333333
 0.432      0.62285714 0.46666667 0.56       0.18285714 0.42666667
 0.53333333]
Per-Class F1-Score: [0.9903049  0.06375358 0.70283019 0.58454106 0.27631579 0.44884488
 0.22072072 0.15862069 0.25984252 0.16306156 0.38427948 0.14468085
 0.22546973 0.53960396 0.1010101  0.52830189 0.22857143 0.47407407
 0.64      ]
Support per Class: [293949    100    150    150    100    100    100     75    100     75
    125    150    125    175     75    100    175     75     75]
Weighted Precision: 0.9953, Weighted Recall: 0.9781, Weighted F1-Score: 0.9860
Precision: 0.9953, Recall: 0.9781, F1-Score: 0.9860
Fold 1, Epoch 240, Train Loss: 0.7881, Val Loss: 0.7483, Val Acc: 0.9804
Precision: 0.9955, Recall: 0.9861, F1-Score: 0.9903
Fold 1, Epoch 241, Train Loss: 0.8329, Val Loss: 0.6218, Val Acc: 0.9862
Precision: 0.9953, Recall: 0.9766, F1-Score: 0.9853
Fold 1, Epoch 242, Train Loss: 0.8634, Val Loss: 0.6724, Val Acc: 0.9770
Precision: 0.9954, Recall: 0.9885, F1-Score: 0.9915
Fold 1, Epoch 243, Train Loss: 0.9002, Val Loss: 0.7897, Val Acc: 0.9878
Precision: 0.9955, Recall: 0.9718, F1-Score: 0.9829
Fold 1, Epoch 244, Train Loss: 0.8956, Val Loss: 0.6131, Val Acc: 0.9769
Precision: 0.9957, Recall: 0.9826, F1-Score: 0.9886
Fold 1, Epoch 245, Train Loss: 0.7541, Val Loss: 0.6292, Val Acc: 0.9840
Precision: 0.9953, Recall: 0.9860, F1-Score: 0.9901
Fold 1, Epoch 246, Train Loss: 0.7741, Val Loss: 0.5941, Val Acc: 0.9857
Precision: 0.9955, Recall: 0.9829, F1-Score: 0.9885
Fold 1, Epoch 247, Train Loss: 0.7636, Val Loss: 0.5881, Val Acc: 0.9840
Precision: 0.9953, Recall: 0.9668, F1-Score: 0.9799
Fold 1, Epoch 248, Train Loss: 0.7526, Val Loss: 1.0263, Val Acc: 0.9713
Precision: 0.9952, Recall: 0.9805, F1-Score: 0.9872
Fold 1, Epoch 249, Train Loss: 0.9631, Val Loss: 0.8650, Val Acc: 0.9820

--- Epoch 250 ---
--- Epoch 250 ---
--- Epoch 250 ---


--- Epoch 250 ---

Class Weights: [2.1182575e-05 5.6127068e-02 5.6127068e-02 5.9477936e-02 5.6928884e-02
 5.3851645e-02 5.3851645e-02 4.9812771e-02 5.9477936e-02 5.6127068e-02
 6.1308030e-02 5.1753532e-02 5.3851645e-02 6.0379118e-02 5.6928884e-02
 4.9197800e-02 5.4589339e-02 5.2434497e-02 5.7753939e-02]Class Weights: [2.1182575e-05 5.6127068e-02 5.6127068e-02 5.9477936e-02 5.6928884e-02
 5.3851645e-02 5.3851645e-02 4.9812771e-02 5.9477936e-02 5.6127068e-02
 6.1308030e-02 5.1753532e-02 5.3851645e-02 6.0379118e-02 5.6928884e-02
 4.9197800e-02 5.4589339e-02 5.2434497e-02 5.7753939e-02]Class Weights: [2.1182575e-05 5.6127068e-02 5.6127068e-02 5.9477936e-02 5.6928884e-02
 5.3851645e-02 5.3851645e-02 4.9812771e-02 5.9477936e-02 5.6127068e-02
 6.1308030e-02 5.1753532e-02 5.3851645e-02 6.0379118e-02 5.6928884e-02
 4.9197800e-02 5.4589339e-02 5.2434497e-02 5.7753939e-02]Class Weights: [2.1182575e-05 5.6127068e-02 5.6127068e-02 5.9477936e-02 5.6928884e-02
 5.3851645e-02 5.3851645e-02 4.9812771e-02 5.9477936e-02 5.6127068e-02
 6.1308030e-02 5.1753532e-02 5.3851645e-02 6.0379118e-02 5.6928884e-02
 4.9197800e-02 5.4589339e-02 5.2434497e-02 5.7753939e-02]



Learning Rate: 0.005Learning Rate: 0.005
Learning Rate: 0.005Learning Rate: 0.005


Train Loss: 0.9414, Val Loss: 0.6607
Train Loss: 0.9414, Val Loss: 0.6607Train Loss: 0.9414, Val Loss: 0.6607Train Loss: 0.9414, Val Loss: 0.6607


Per-Class Precision: [1.         0.73417722 0.82608696 0.67379679 0.21407625 0.44505495
 0.12658228 0.29069767 0.19823789 0.11015119 0.14566285 0.14224138
 0.05323194 0.39215686 0.30275229 0.23837209 0.50224215 0.35148515
 0.47096774]
Per-Class Recall: [0.98799452 0.58       0.38       0.84       0.73       0.81
 0.6        0.33333333 0.45       0.68       0.712      0.22
 0.56       0.57142857 0.44       0.82       0.64       0.94666667
 0.97333333]
Per-Class F1-Score: [0.99396101 0.64804469 0.52054795 0.74777448 0.33106576 0.57446809
 0.20905923 0.31055901 0.27522936 0.18959108 0.24184783 0.17277487
 0.09722222 0.46511628 0.35869565 0.36936937 0.56281407 0.51263538
 0.63478261]
Support per Class: [293949    100    150    150    100    100    100     75    100     75
    125    150    125    175     75    100    175     75     75]
Weighted Precision: 0.9957, Weighted Recall: 0.9854, Weighted F1-Score: 0.9900
Precision: 0.9957, Recall: 0.9854, F1-Score: 0.9900
Fold 1, Epoch 250, Train Loss: 0.9414, Val Loss: 0.6607, Val Acc: 0.9857
Precision: 0.9955, Recall: 0.9793, F1-Score: 0.9868
Fold 1, Epoch 251, Train Loss: 0.8520, Val Loss: 0.6150, Val Acc: 0.9817
Precision: 0.9953, Recall: 0.9855, F1-Score: 0.9898
Fold 1, Epoch 252, Train Loss: 0.7773, Val Loss: 0.6760, Val Acc: 0.9854
Precision: 0.9953, Recall: 0.9596, F1-Score: 0.9765
Fold 1, Epoch 253, Train Loss: 0.7906, Val Loss: 0.6671, Val Acc: 0.9674
Precision: 0.9953, Recall: 0.9780, F1-Score: 0.9859
Fold 1, Epoch 254, Train Loss: 0.8028, Val Loss: 0.5372, Val Acc: 0.9811
Precision: 0.9956, Recall: 0.9876, F1-Score: 0.9911
Fold 1, Epoch 255, Train Loss: 0.8005, Val Loss: 0.6232, Val Acc: 0.9874
Precision: 0.9954, Recall: 0.9820, F1-Score: 0.9881
Fold 1, Epoch 256, Train Loss: 0.8147, Val Loss: 0.6403, Val Acc: 0.9829
Precision: 0.9953, Recall: 0.9825, F1-Score: 0.9882
Fold 1, Epoch 257, Train Loss: 0.7621, Val Loss: 0.7223, Val Acc: 0.9830
Precision: 0.9955, Recall: 0.9828, F1-Score: 0.9886
Fold 1, Epoch 258, Train Loss: 0.8183, Val Loss: 0.5769, Val Acc: 0.9837
Precision: 0.9955, Recall: 0.9742, F1-Score: 0.9840
Fold 1, Epoch 259, Train Loss: 0.7534, Val Loss: 0.5190, Val Acc: 0.9778

--- Epoch 260 ---
--- Epoch 260 ---
--- Epoch 260 ---



--- Epoch 260 ---
Class Weights: [2.1182575e-05 5.6127068e-02 5.6127068e-02 5.9477936e-02 5.6928884e-02
 5.3851645e-02 5.3851645e-02 4.9812771e-02 5.9477936e-02 5.6127068e-02
 6.1308030e-02 5.1753532e-02 5.3851645e-02 6.0379118e-02 5.6928884e-02
 4.9197800e-02 5.4589339e-02 5.2434497e-02 5.7753939e-02]Class Weights: [2.1182575e-05 5.6127068e-02 5.6127068e-02 5.9477936e-02 5.6928884e-02
 5.3851645e-02 5.3851645e-02 4.9812771e-02 5.9477936e-02 5.6127068e-02
 6.1308030e-02 5.1753532e-02 5.3851645e-02 6.0379118e-02 5.6928884e-02
 4.9197800e-02 5.4589339e-02 5.2434497e-02 5.7753939e-02]Class Weights: [2.1182575e-05 5.6127068e-02 5.6127068e-02 5.9477936e-02 5.6928884e-02
 5.3851645e-02 5.3851645e-02 4.9812771e-02 5.9477936e-02 5.6127068e-02
 6.1308030e-02 5.1753532e-02 5.3851645e-02 6.0379118e-02 5.6928884e-02
 4.9197800e-02 5.4589339e-02 5.2434497e-02 5.7753939e-02]
Class Weights: [2.1182575e-05 5.6127068e-02 5.6127068e-02 5.9477936e-02 5.6928884e-02
 5.3851645e-02 5.3851645e-02 4.9812771e-02 5.9477936e-02 5.6127068e-02
 6.1308030e-02 5.1753532e-02 5.3851645e-02 6.0379118e-02 5.6928884e-02
 4.9197800e-02 5.4589339e-02 5.2434497e-02 5.7753939e-02]

Learning Rate: 0.005

Learning Rate: 0.005Learning Rate: 0.005
Learning Rate: 0.005

Train Loss: 0.7682, Val Loss: 0.6535
Train Loss: 0.7682, Val Loss: 0.6535
Train Loss: 0.7682, Val Loss: 0.6535Train Loss: 0.7682, Val Loss: 0.6535

Per-Class Precision: [1.         0.15909091 0.72682927 0.50579151 0.1487965  0.45033113
 0.10344828 0.14173228 0.13793103 0.12387792 0.27181208 0.20994475
 0.22361809 0.60493827 0.16140351 0.45864662 0.48514851 0.69318182
 0.73255814]
Per-Class Recall: [0.98985538 0.98       0.99333333 0.87333333 0.68       0.68
 0.51       0.96       0.04       0.92       0.648      0.25333333
 0.712      0.56       0.61333333 0.61       0.28       0.81333333
 0.84      ]
Per-Class F1-Score: [0.99490183 0.27374302 0.83943662 0.6405868  0.24416517 0.54183267
 0.17200675 0.24699828 0.0620155  0.21835443 0.38297872 0.22960725
 0.34034417 0.58160237 0.25555556 0.52360515 0.35507246 0.74846626
 0.7826087 ]
Support per Class: [293949    100    150    150    100    100    100     75    100     75
    125    150    125    175     75    100    175     75     75]
Weighted Precision: 0.9957, Weighted Recall: 0.9875, Weighted F1-Score: 0.9910
Precision: 0.9957, Recall: 0.9875, F1-Score: 0.9910
Fold 1, Epoch 260, Train Loss: 0.7682, Val Loss: 0.6535, Val Acc: 0.9873
Precision: 0.9955, Recall: 0.9737, F1-Score: 0.9839
Fold 1, Epoch 261, Train Loss: 0.7765, Val Loss: 0.5691, Val Acc: 0.9778
Precision: 0.9958, Recall: 0.9861, F1-Score: 0.9903
Fold 1, Epoch 262, Train Loss: 0.7165, Val Loss: 0.5605, Val Acc: 0.9864
Precision: 0.9954, Recall: 0.9872, F1-Score: 0.9908
Fold 1, Epoch 263, Train Loss: 0.7282, Val Loss: 0.5874, Val Acc: 0.9866
Precision: 0.9956, Recall: 0.9828, F1-Score: 0.9886
Fold 1, Epoch 264, Train Loss: 0.7170, Val Loss: 0.5069, Val Acc: 0.9839
Precision: 0.9960, Recall: 0.9743, F1-Score: 0.9843
Fold 1, Epoch 265, Train Loss: 0.7105, Val Loss: 0.5383, Val Acc: 0.9771
Precision: 0.9957, Recall: 0.9827, F1-Score: 0.9886
Fold 1, Epoch 266, Train Loss: 0.7709, Val Loss: 0.5402, Val Acc: 0.9839
Precision: 0.9954, Recall: 0.9889, F1-Score: 0.9917
Fold 1, Epoch 267, Train Loss: 0.7310, Val Loss: 0.6487, Val Acc: 0.9880
Precision: 0.9954, Recall: 0.9752, F1-Score: 0.9845
Fold 1, Epoch 268, Train Loss: 0.7555, Val Loss: 0.6048, Val Acc: 0.9786
Precision: 0.9956, Recall: 0.9834, F1-Score: 0.9889
Fold 1, Epoch 269, Train Loss: 0.7631, Val Loss: 0.5220, Val Acc: 0.9843

--- Epoch 270 ---
--- Epoch 270 ---
--- Epoch 270 ---


--- Epoch 270 ---

Class Weights: [2.1182575e-05 5.6127068e-02 5.6127068e-02 5.9477936e-02 5.6928884e-02
 5.3851645e-02 5.3851645e-02 4.9812771e-02 5.9477936e-02 5.6127068e-02
 6.1308030e-02 5.1753532e-02 5.3851645e-02 6.0379118e-02 5.6928884e-02
 4.9197800e-02 5.4589339e-02 5.2434497e-02 5.7753939e-02]Class Weights: [2.1182575e-05 5.6127068e-02 5.6127068e-02 5.9477936e-02 5.6928884e-02
 5.3851645e-02 5.3851645e-02 4.9812771e-02 5.9477936e-02 5.6127068e-02
 6.1308030e-02 5.1753532e-02 5.3851645e-02 6.0379118e-02 5.6928884e-02
 4.9197800e-02 5.4589339e-02 5.2434497e-02 5.7753939e-02]Class Weights: [2.1182575e-05 5.6127068e-02 5.6127068e-02 5.9477936e-02 5.6928884e-02
 5.3851645e-02 5.3851645e-02 4.9812771e-02 5.9477936e-02 5.6127068e-02
 6.1308030e-02 5.1753532e-02 5.3851645e-02 6.0379118e-02 5.6928884e-02
 4.9197800e-02 5.4589339e-02 5.2434497e-02 5.7753939e-02]Class Weights: [2.1182575e-05 5.6127068e-02 5.6127068e-02 5.9477936e-02 5.6928884e-02
 5.3851645e-02 5.3851645e-02 4.9812771e-02 5.9477936e-02 5.6127068e-02
 6.1308030e-02 5.1753532e-02 5.3851645e-02 6.0379118e-02 5.6928884e-02
 4.9197800e-02 5.4589339e-02 5.2434497e-02 5.7753939e-02]



Learning Rate: 0.005Learning Rate: 0.005
Learning Rate: 0.005Learning Rate: 0.005


Train Loss: 0.7391, Val Loss: 0.5806Train Loss: 0.7391, Val Loss: 0.5806

Train Loss: 0.7391, Val Loss: 0.5806Train Loss: 0.7391, Val Loss: 0.5806

Per-Class Precision: [1.         0.03002167 0.64102564 0.61386139 0.1637931  0.31086142
 0.14385965 0.08805031 0.34615385 0.10828025 0.21902655 0.22262774
 0.28985507 0.34857143 0.22488038 0.44067797 0.57978723 0.61157025
 0.58333333]
Per-Class Recall: [0.98019384 0.97       1.         0.82666667 0.76       0.83
 0.41       0.74666667 0.54       0.68       0.792      0.40666667
 0.16       0.69714286 0.62666667 0.52       0.62285714 0.98666667
 0.93333333]
Per-Class F1-Score: [0.98999787 0.05824077 0.78125    0.70454545 0.26950355 0.45231608
 0.21298701 0.15752461 0.421875   0.18681319 0.34315425 0.28773585
 0.20618557 0.4647619  0.33098592 0.47706422 0.60055096 0.75510204
 0.71794872]
Support per Class: [293949    100    150    150    100    100    100     75    100     75
    125    150    125    175     75    100    175     75     75]
Weighted Precision: 0.9956, Weighted Recall: 0.9782, Weighted F1-Score: 0.9862
Precision: 0.9956, Recall: 0.9782, F1-Score: 0.9862
Fold 1, Epoch 270, Train Loss: 0.7391, Val Loss: 0.5806, Val Acc: 0.9804
Precision: 0.9955, Recall: 0.9874, F1-Score: 0.9909
Fold 1, Epoch 271, Train Loss: 0.7096, Val Loss: 0.5981, Val Acc: 0.9872
Precision: 0.9955, Recall: 0.9691, F1-Score: 0.9815
Fold 1, Epoch 272, Train Loss: 0.7206, Val Loss: 0.5221, Val Acc: 0.9739
Precision: 0.9957, Recall: 0.9858, F1-Score: 0.9901
Fold 1, Epoch 273, Train Loss: 0.6915, Val Loss: 0.5064, Val Acc: 0.9863
Precision: 0.9955, Recall: 0.9767, F1-Score: 0.9854
Fold 1, Epoch 274, Train Loss: 0.6855, Val Loss: 0.5023, Val Acc: 0.9793
Precision: 0.9958, Recall: 0.9808, F1-Score: 0.9876
Fold 1, Epoch 275, Train Loss: 0.6898, Val Loss: 0.5381, Val Acc: 0.9831
Precision: 0.9957, Recall: 0.9649, F1-Score: 0.9794
Fold 1, Epoch 276, Train Loss: 0.7273, Val Loss: 0.5248, Val Acc: 0.9675
Precision: 0.9957, Recall: 0.9779, F1-Score: 0.9861
Fold 1, Epoch 277, Train Loss: 0.6889, Val Loss: 0.4819, Val Acc: 0.9810
Precision: 0.9960, Recall: 0.9872, F1-Score: 0.9911
Fold 1, Epoch 278, Train Loss: 0.6502, Val Loss: 0.4529, Val Acc: 0.9871
Precision: 0.9958, Recall: 0.9832, F1-Score: 0.9888
Fold 1, Epoch 279, Train Loss: 0.6420, Val Loss: 0.4602, Val Acc: 0.9841

--- Epoch 280 ---
--- Epoch 280 ---
--- Epoch 280 ---



--- Epoch 280 ---
Class Weights: [2.1182575e-05 5.6127068e-02 5.6127068e-02 5.9477936e-02 5.6928884e-02
 5.3851645e-02 5.3851645e-02 4.9812771e-02 5.9477936e-02 5.6127068e-02
 6.1308030e-02 5.1753532e-02 5.3851645e-02 6.0379118e-02 5.6928884e-02
 4.9197800e-02 5.4589339e-02 5.2434497e-02 5.7753939e-02]Class Weights: [2.1182575e-05 5.6127068e-02 5.6127068e-02 5.9477936e-02 5.6928884e-02
 5.3851645e-02 5.3851645e-02 4.9812771e-02 5.9477936e-02 5.6127068e-02
 6.1308030e-02 5.1753532e-02 5.3851645e-02 6.0379118e-02 5.6928884e-02
 4.9197800e-02 5.4589339e-02 5.2434497e-02 5.7753939e-02]Class Weights: [2.1182575e-05 5.6127068e-02 5.6127068e-02 5.9477936e-02 5.6928884e-02
 5.3851645e-02 5.3851645e-02 4.9812771e-02 5.9477936e-02 5.6127068e-02
 6.1308030e-02 5.1753532e-02 5.3851645e-02 6.0379118e-02 5.6928884e-02
 4.9197800e-02 5.4589339e-02 5.2434497e-02 5.7753939e-02]


Learning Rate: 0.005Learning Rate: 0.005
Learning Rate: 0.005

Class Weights: [2.1182575e-05 5.6127068e-02 5.6127068e-02 5.9477936e-02 5.6928884e-02
 5.3851645e-02 5.3851645e-02 4.9812771e-02 5.9477936e-02 5.6127068e-02
 6.1308030e-02 5.1753532e-02 5.3851645e-02 6.0379118e-02 5.6928884e-02
 4.9197800e-02 5.4589339e-02 5.2434497e-02 5.7753939e-02]
Learning Rate: 0.005
Train Loss: 0.6801, Val Loss: 0.5360
Train Loss: 0.6801, Val Loss: 0.5360Train Loss: 0.6801, Val Loss: 0.5360

Train Loss: 0.6801, Val Loss: 0.5360
Per-Class Precision: [1.         0.12143928 0.75625    0.83333333 0.2919708  0.625
 0.19886364 0.16080402 0.57831325 0.16538462 0.12255965 0.13421053
 0.12307692 0.34661355 0.09591474 0.40425532 0.45564516 0.38860104
 0.48026316]
Per-Class Recall: [0.98722568 0.81       0.80666667 0.83333333 0.8        0.7
 0.35       0.85333333 0.48       0.57333333 0.904      0.34
 0.64       0.49714286 0.72       0.57       0.64571429 1.
 0.97333333]
Per-Class F1-Score: [0.99357178 0.21121252 0.78064516 0.83333333 0.42780749 0.66037736
 0.25362319 0.27061311 0.52459016 0.25671642 0.21585482 0.19245283
 0.20645161 0.4084507  0.169279   0.47302905 0.53427896 0.55970149
 0.64317181]
Support per Class: [293949    100    150    150    100    100    100     75    100     75
    125    150    125    175     75    100    175     75     75]
Weighted Precision: 0.9957, Weighted Recall: 0.9851, Weighted F1-Score: 0.9898
Precision: 0.9957, Recall: 0.9851, F1-Score: 0.9898
Fold 1, Epoch 280, Train Loss: 0.6801, Val Loss: 0.5360, Val Acc: 0.9855
Precision: 0.9955, Recall: 0.9828, F1-Score: 0.9884
Fold 1, Epoch 281, Train Loss: 0.7248, Val Loss: 1.0415, Val Acc: 0.9835
Precision: 0.9959, Recall: 0.9850, F1-Score: 0.9899
Fold 1, Epoch 282, Train Loss: 0.9044, Val Loss: 0.5357, Val Acc: 0.9854
Precision: 0.9954, Recall: 0.9834, F1-Score: 0.9887
Fold 1, Epoch 283, Train Loss: 0.7371, Val Loss: 0.5178, Val Acc: 0.9845
Precision: 0.9956, Recall: 0.9590, F1-Score: 0.9763
Fold 1, Epoch 284, Train Loss: 0.6800, Val Loss: 0.5752, Val Acc: 0.9674
Precision: 0.9957, Recall: 0.9840, F1-Score: 0.9892
Fold 1, Epoch 285, Train Loss: 0.6865, Val Loss: 0.5198, Val Acc: 0.9846
Precision: 0.9957, Recall: 0.9759, F1-Score: 0.9851
Fold 1, Epoch 286, Train Loss: 0.6538, Val Loss: 0.5769, Val Acc: 0.9786
Precision: 0.9955, Recall: 0.9848, F1-Score: 0.9896
Fold 1, Epoch 287, Train Loss: 0.7093, Val Loss: 0.4960, Val Acc: 0.9851
Precision: 0.9955, Recall: 0.9642, F1-Score: 0.9788
Fold 1, Epoch 288, Train Loss: 0.6752, Val Loss: 0.6299, Val Acc: 0.9708
Precision: 0.9957, Recall: 0.9838, F1-Score: 0.9890
Fold 1, Epoch 289, Train Loss: 0.7038, Val Loss: 0.5225, Val Acc: 0.9847

--- Epoch 290 ---
--- Epoch 290 ---

--- Epoch 290 ---


--- Epoch 290 ---
Class Weights: [2.1182575e-05 5.6127068e-02 5.6127068e-02 5.9477936e-02 5.6928884e-02
 5.3851645e-02 5.3851645e-02 4.9812771e-02 5.9477936e-02 5.6127068e-02
 6.1308030e-02 5.1753532e-02 5.3851645e-02 6.0379118e-02 5.6928884e-02
 4.9197800e-02 5.4589339e-02 5.2434497e-02 5.7753939e-02]Class Weights: [2.1182575e-05 5.6127068e-02 5.6127068e-02 5.9477936e-02 5.6928884e-02
 5.3851645e-02 5.3851645e-02 4.9812771e-02 5.9477936e-02 5.6127068e-02
 6.1308030e-02 5.1753532e-02 5.3851645e-02 6.0379118e-02 5.6928884e-02
 4.9197800e-02 5.4589339e-02 5.2434497e-02 5.7753939e-02]Class Weights: [2.1182575e-05 5.6127068e-02 5.6127068e-02 5.9477936e-02 5.6928884e-02
 5.3851645e-02 5.3851645e-02 4.9812771e-02 5.9477936e-02 5.6127068e-02
 6.1308030e-02 5.1753532e-02 5.3851645e-02 6.0379118e-02 5.6928884e-02
 4.9197800e-02 5.4589339e-02 5.2434497e-02 5.7753939e-02]
Class Weights: [2.1182575e-05 5.6127068e-02 5.6127068e-02 5.9477936e-02 5.6928884e-02
 5.3851645e-02 5.3851645e-02 4.9812771e-02 5.9477936e-02 5.6127068e-02
 6.1308030e-02 5.1753532e-02 5.3851645e-02 6.0379118e-02 5.6928884e-02
 4.9197800e-02 5.4589339e-02 5.2434497e-02 5.7753939e-02]


Learning Rate: 0.005Learning Rate: 0.005Learning Rate: 0.005
Learning Rate: 0.005


Train Loss: 0.6822, Val Loss: 0.5295
Train Loss: 0.6822, Val Loss: 0.5295Train Loss: 0.6822, Val Loss: 0.5295Train Loss: 0.6822, Val Loss: 0.5295


Per-Class Precision: [1.         0.04701273 0.76142132 0.70967742 0.21533923 0.46060606
 0.19847328 0.05785124 0.14230769 0.13675214 0.17681159 0.13461538
 0.03571429 0.34716981 0.04982206 0.55294118 0.51102941 0.62184874
 0.74257426]
Per-Class Recall: [0.98201729 0.96       1.         0.88       0.73       0.76
 0.26       0.28       0.37       0.85333333 0.976      0.32666667
 0.04       0.52571429 0.74666667 0.47       0.79428571 0.98666667
 1.        ]
Per-Class F1-Score: [0.99092707 0.08963585 0.86455331 0.78571429 0.33257403 0.57358491
 0.22510823 0.09589041 0.20555556 0.23572744 0.2993865  0.19066148
 0.03773585 0.41818182 0.09341118 0.50810811 0.62192394 0.7628866
 0.85227273]
Support per Class: [293949    100    150    150    100    100    100     75    100     75
    125    150    125    175     75    100    175     75     75]
Weighted Precision: 0.9955, Weighted Recall: 0.9798, Weighted F1-Score: 0.9870
Precision: 0.9955, Recall: 0.9798, F1-Score: 0.9870
Fold 1, Epoch 290, Train Loss: 0.6822, Val Loss: 0.5295, Val Acc: 0.9822
Precision: 0.9957, Recall: 0.9813, F1-Score: 0.9878
Fold 1, Epoch 291, Train Loss: 0.7021, Val Loss: 0.4796, Val Acc: 0.9830
Precision: 0.9953, Recall: 0.9718, F1-Score: 0.9828
Fold 1, Epoch 292, Train Loss: 0.7227, Val Loss: 0.7506, Val Acc: 0.9762
Precision: 0.9957, Recall: 0.9772, F1-Score: 0.9855
Fold 1, Epoch 293, Train Loss: 0.7648, Val Loss: 1.1511, Val Acc: 0.9798
Precision: 0.9958, Recall: 0.9885, F1-Score: 0.9916
Fold 1, Epoch 294, Train Loss: 1.1090, Val Loss: 0.6899, Val Acc: 0.9879
Precision: 0.9955, Recall: 0.9812, F1-Score: 0.9877
Fold 1, Epoch 295, Train Loss: 0.9260, Val Loss: 0.6285, Val Acc: 0.9826
Precision: 0.9952, Recall: 0.9845, F1-Score: 0.9893
Fold 1, Epoch 296, Train Loss: 0.8327, Val Loss: 0.6938, Val Acc: 0.9852
Precision: 0.9955, Recall: 0.9351, F1-Score: 0.9637
Fold 1, Epoch 297, Train Loss: 0.8353, Val Loss: 0.5572, Val Acc: 0.9444
Precision: 0.9956, Recall: 0.9734, F1-Score: 0.9838
Fold 1, Epoch 298, Train Loss: 0.7312, Val Loss: 0.5415, Val Acc: 0.9768
Precision: 0.9958, Recall: 0.9880, F1-Score: 0.9914
Fold 1, Epoch 299, Train Loss: 0.6977, Val Loss: 0.5328, Val Acc: 0.9868

--- Epoch 300 ---
--- Epoch 300 ---
--- Epoch 300 ---
--- Epoch 300 ---



Class Weights: [2.1182575e-05 5.6127068e-02 5.6127068e-02 5.9477936e-02 5.6928884e-02
 5.3851645e-02 5.3851645e-02 4.9812771e-02 5.9477936e-02 5.6127068e-02
 6.1308030e-02 5.1753532e-02 5.3851645e-02 6.0379118e-02 5.6928884e-02
 4.9197800e-02 5.4589339e-02 5.2434497e-02 5.7753939e-02]Class Weights: [2.1182575e-05 5.6127068e-02 5.6127068e-02 5.9477936e-02 5.6928884e-02
 5.3851645e-02 5.3851645e-02 4.9812771e-02 5.9477936e-02 5.6127068e-02
 6.1308030e-02 5.1753532e-02 5.3851645e-02 6.0379118e-02 5.6928884e-02
 4.9197800e-02 5.4589339e-02 5.2434497e-02 5.7753939e-02]Class Weights: [2.1182575e-05 5.6127068e-02 5.6127068e-02 5.9477936e-02 5.6928884e-02
 5.3851645e-02 5.3851645e-02 4.9812771e-02 5.9477936e-02 5.6127068e-02
 6.1308030e-02 5.1753532e-02 5.3851645e-02 6.0379118e-02 5.6928884e-02
 4.9197800e-02 5.4589339e-02 5.2434497e-02 5.7753939e-02]Class Weights: [2.1182575e-05 5.6127068e-02 5.6127068e-02 5.9477936e-02 5.6928884e-02
 5.3851645e-02 5.3851645e-02 4.9812771e-02 5.9477936e-02 5.6127068e-02
 6.1308030e-02 5.1753532e-02 5.3851645e-02 6.0379118e-02 5.6928884e-02
 4.9197800e-02 5.4589339e-02 5.2434497e-02 5.7753939e-02]



Learning Rate: 0.005Learning Rate: 0.005
Learning Rate: 0.005
Learning Rate: 0.005

Train Loss: 0.6832, Val Loss: 0.4908
Train Loss: 0.6832, Val Loss: 0.4908Train Loss: 0.6832, Val Loss: 0.4908

Train Loss: 0.6832, Val Loss: 0.4908
Per-Class Precision: [1.         0.784      0.76842105 0.56910569 0.2074928  0.4009434
 0.16428571 0.19186047 0.21276596 0.1511879  0.29757785 0.16272966
 0.1686747  0.44811321 0.10561056 0.46       0.46961326 0.576
 0.79347826]
Per-Class Recall: [0.99052217 0.98       0.97333333 0.93333333 0.72       0.85
 0.69       0.44       0.5        0.93333333 0.688      0.41333333
 0.56       0.54285714 0.85333333 0.46       0.48571429 0.96
 0.97333333]
Per-Class F1-Score: [0.99523852 0.87111111 0.85882353 0.70707071 0.32214765 0.54487179
 0.26538462 0.26720648 0.29850746 0.26022305 0.41545894 0.23352166
 0.25925926 0.49095607 0.18795888 0.46       0.47752809 0.72
 0.8742515 ]
Support per Class: [293949    100    150    150    100    100    100     75    100     75
    125    150    125    175     75    100    175     75     75]
Weighted Precision: 0.9959, Weighted Recall: 0.9885, Weighted F1-Score: 0.9917
Precision: 0.9959, Recall: 0.9885, F1-Score: 0.9917
Fold 1, Epoch 300, Train Loss: 0.6832, Val Loss: 0.4908, Val Acc: 0.9880
Precision: 0.9955, Recall: 0.9863, F1-Score: 0.9903
Fold 1, Epoch 301, Train Loss: 0.6245, Val Loss: 0.4821, Val Acc: 0.9861
Precision: 0.9957, Recall: 0.9874, F1-Score: 0.9910
Fold 1, Epoch 302, Train Loss: 0.6294, Val Loss: 0.4628, Val Acc: 0.9871
Precision: 0.9956, Recall: 0.9830, F1-Score: 0.9887
Fold 1, Epoch 303, Train Loss: 0.6341, Val Loss: 0.5089, Val Acc: 0.9839
Precision: 0.9962, Recall: 0.9899, F1-Score: 0.9926
Fold 1, Epoch 304, Train Loss: 0.6669, Val Loss: 0.5042, Val Acc: 0.9890
Precision: 0.9953, Recall: 0.9136, F1-Score: 0.9520
Fold 1, Epoch 305, Train Loss: 0.6360, Val Loss: 0.7273, Val Acc: 0.9267
Precision: 0.9960, Recall: 0.9895, F1-Score: 0.9923
Fold 1, Epoch 306, Train Loss: 0.7415, Val Loss: 0.4942, Val Acc: 0.9882
Precision: 0.9956, Recall: 0.9858, F1-Score: 0.9901
Fold 1, Epoch 307, Train Loss: 0.6920, Val Loss: 0.5264, Val Acc: 0.9862
Precision: 0.9961, Recall: 0.9895, F1-Score: 0.9923
Fold 1, Epoch 308, Train Loss: 0.6597, Val Loss: 0.4820, Val Acc: 0.9888
Precision: 0.9958, Recall: 0.9822, F1-Score: 0.9883
Fold 1, Epoch 309, Train Loss: 0.6472, Val Loss: 0.4872, Val Acc: 0.9834

--- Epoch 310 ---
--- Epoch 310 ---
--- Epoch 310 ---


--- Epoch 310 ---

Class Weights: [2.1182575e-05 5.6127068e-02 5.6127068e-02 5.9477936e-02 5.6928884e-02
 5.3851645e-02 5.3851645e-02 4.9812771e-02 5.9477936e-02 5.6127068e-02
 6.1308030e-02 5.1753532e-02 5.3851645e-02 6.0379118e-02 5.6928884e-02
 4.9197800e-02 5.4589339e-02 5.2434497e-02 5.7753939e-02]Class Weights: [2.1182575e-05 5.6127068e-02 5.6127068e-02 5.9477936e-02 5.6928884e-02
 5.3851645e-02 5.3851645e-02 4.9812771e-02 5.9477936e-02 5.6127068e-02
 6.1308030e-02 5.1753532e-02 5.3851645e-02 6.0379118e-02 5.6928884e-02
 4.9197800e-02 5.4589339e-02 5.2434497e-02 5.7753939e-02]Class Weights: [2.1182575e-05 5.6127068e-02 5.6127068e-02 5.9477936e-02 5.6928884e-02
 5.3851645e-02 5.3851645e-02 4.9812771e-02 5.9477936e-02 5.6127068e-02
 6.1308030e-02 5.1753532e-02 5.3851645e-02 6.0379118e-02 5.6928884e-02
 4.9197800e-02 5.4589339e-02 5.2434497e-02 5.7753939e-02]Class Weights: [2.1182575e-05 5.6127068e-02 5.6127068e-02 5.9477936e-02 5.6928884e-02
 5.3851645e-02 5.3851645e-02 4.9812771e-02 5.9477936e-02 5.6127068e-02
 6.1308030e-02 5.1753532e-02 5.3851645e-02 6.0379118e-02 5.6928884e-02
 4.9197800e-02 5.4589339e-02 5.2434497e-02 5.7753939e-02]



Learning Rate: 0.005Learning Rate: 0.005
Learning Rate: 0.005
Learning Rate: 0.005

Train Loss: 0.6584, Val Loss: 0.4698
Train Loss: 0.6584, Val Loss: 0.4698
Train Loss: 0.6584, Val Loss: 0.4698Train Loss: 0.6584, Val Loss: 0.4698

Per-Class Precision: [1.         0.8220339  0.7877095  0.76646707 0.22527473 0.56097561
 0.26315789 0.19047619 0.24250681 0.11587983 0.16200295 0.21450151
 0.12962963 0.23198594 0.34146341 0.38219895 0.49212598 0.51020408
 0.73737374]
Per-Class Recall: [0.99126719 0.97       0.94       0.85333333 0.82       0.69
 0.55       0.53333333 0.89       0.36       0.88       0.47333333
 0.28       0.75428571 0.37333333 0.73       0.71428571 1.
 0.97333333]
Per-Class F1-Score: [0.99561445 0.88990826 0.85714286 0.80757098 0.35344828 0.61883408
 0.35598706 0.28070175 0.38115632 0.17532468 0.27363184 0.2952183
 0.17721519 0.35483871 0.3566879  0.50171821 0.58275058 0.67567568
 0.83908046]
Support per Class: [293949    100    150    150    100    100    100     75    100     75
    125    150    125    175     75    100    175     75     75]
Weighted Precision: 0.9959, Weighted Recall: 0.9894, Weighted F1-Score: 0.9922
Precision: 0.9959, Recall: 0.9894, F1-Score: 0.9922
Fold 1, Epoch 310, Train Loss: 0.6584, Val Loss: 0.4698, Val Acc: 0.9885
Precision: 0.9958, Recall: 0.9899, F1-Score: 0.9924
Fold 1, Epoch 311, Train Loss: 0.6693, Val Loss: 0.4868, Val Acc: 0.9894
Precision: 0.9957, Recall: 0.9802, F1-Score: 0.9872
Fold 1, Epoch 312, Train Loss: 0.6768, Val Loss: 0.4758, Val Acc: 0.9818
Precision: 0.9957, Recall: 0.9879, F1-Score: 0.9913
Fold 1, Epoch 313, Train Loss: 0.6525, Val Loss: 0.5336, Val Acc: 0.9874
Precision: 0.9957, Recall: 0.9853, F1-Score: 0.9899
Fold 1, Epoch 314, Train Loss: 0.6654, Val Loss: 0.4294, Val Acc: 0.9861
Precision: 0.9959, Recall: 0.9881, F1-Score: 0.9914
Fold 1, Epoch 315, Train Loss: 0.6089, Val Loss: 0.4380, Val Acc: 0.9876
Precision: 0.9961, Recall: 0.9895, F1-Score: 0.9923
Fold 1, Epoch 316, Train Loss: 0.5940, Val Loss: 0.4441, Val Acc: 0.9885
Precision: 0.9955, Recall: 0.9637, F1-Score: 0.9786
Fold 1, Epoch 317, Train Loss: 0.6243, Val Loss: 0.5400, Val Acc: 0.9677
Precision: 0.9960, Recall: 0.9902, F1-Score: 0.9926
Fold 1, Epoch 318, Train Loss: 0.6808, Val Loss: 0.4425, Val Acc: 0.9899
Precision: 0.9956, Recall: 0.9791, F1-Score: 0.9865
Fold 1, Epoch 319, Train Loss: 0.6121, Val Loss: 0.4560, Val Acc: 0.9812

--- Epoch 320 ---
--- Epoch 320 ---


--- Epoch 320 ---
--- Epoch 320 ---

Class Weights: [2.1182575e-05 5.6127068e-02 5.6127068e-02 5.9477936e-02 5.6928884e-02
 5.3851645e-02 5.3851645e-02 4.9812771e-02 5.9477936e-02 5.6127068e-02
 6.1308030e-02 5.1753532e-02 5.3851645e-02 6.0379118e-02 5.6928884e-02
 4.9197800e-02 5.4589339e-02 5.2434497e-02 5.7753939e-02]Class Weights: [2.1182575e-05 5.6127068e-02 5.6127068e-02 5.9477936e-02 5.6928884e-02
 5.3851645e-02 5.3851645e-02 4.9812771e-02 5.9477936e-02 5.6127068e-02
 6.1308030e-02 5.1753532e-02 5.3851645e-02 6.0379118e-02 5.6928884e-02
 4.9197800e-02 5.4589339e-02 5.2434497e-02 5.7753939e-02]Class Weights: [2.1182575e-05 5.6127068e-02 5.6127068e-02 5.9477936e-02 5.6928884e-02
 5.3851645e-02 5.3851645e-02 4.9812771e-02 5.9477936e-02 5.6127068e-02
 6.1308030e-02 5.1753532e-02 5.3851645e-02 6.0379118e-02 5.6928884e-02
 4.9197800e-02 5.4589339e-02 5.2434497e-02 5.7753939e-02]Class Weights: [2.1182575e-05 5.6127068e-02 5.6127068e-02 5.9477936e-02 5.6928884e-02
 5.3851645e-02 5.3851645e-02 4.9812771e-02 5.9477936e-02 5.6127068e-02
 6.1308030e-02 5.1753532e-02 5.3851645e-02 6.0379118e-02 5.6928884e-02
 4.9197800e-02 5.4589339e-02 5.2434497e-02 5.7753939e-02]



Learning Rate: 0.005Learning Rate: 0.005Learning Rate: 0.005
Learning Rate: 0.005


Train Loss: 0.6150, Val Loss: 0.4645
Train Loss: 0.6150, Val Loss: 0.4645Train Loss: 0.6150, Val Loss: 0.4645Train Loss: 0.6150, Val Loss: 0.4645


Per-Class Precision: [1.         0.59146341 0.82022472 0.71257485 0.23564955 0.49681529
 0.21182266 0.10644258 0.23131673 0.17191977 0.17663818 0.14108911
 0.11618257 0.59230769 0.34       0.42424242 0.58823529 0.64102564
 0.67889908]
Per-Class Recall: [0.99200201 0.97       0.97333333 0.79333333 0.78       0.78
 0.43       0.50666667 0.65       0.8        0.992      0.38
 0.224      0.44       0.68       0.56       0.68571429 1.
 0.98666667]
Per-Class F1-Score: [0.99598495 0.73484848 0.8902439  0.75078864 0.36194896 0.60700389
 0.28382838 0.17592593 0.34120735 0.28301887 0.29987908 0.20577617
 0.15300546 0.50491803 0.45333333 0.48275862 0.63324538 0.78125
 0.80434783]
Support per Class: [293949    100    150    150    100    100    100     75    100     75
    125    150    125    175     75    100    175     75     75]
Weighted Precision: 0.9961, Weighted Recall: 0.9899, Weighted F1-Score: 0.9926
Precision: 0.9961, Recall: 0.9899, F1-Score: 0.9926
Fold 1, Epoch 320, Train Loss: 0.6150, Val Loss: 0.4645, Val Acc: 0.9895
Precision: 0.9958, Recall: 0.9717, F1-Score: 0.9830
Fold 1, Epoch 321, Train Loss: 0.6018, Val Loss: 0.4557, Val Acc: 0.9721
Precision: 0.9955, Recall: 0.9859, F1-Score: 0.9902
Fold 1, Epoch 322, Train Loss: 0.6185, Val Loss: 0.5269, Val Acc: 0.9865
Precision: 0.9956, Recall: 0.9738, F1-Score: 0.9838
Fold 1, Epoch 323, Train Loss: 0.6630, Val Loss: 0.4499, Val Acc: 0.9776
Precision: 0.9960, Recall: 0.9898, F1-Score: 0.9924
Fold 1, Epoch 324, Train Loss: 0.6229, Val Loss: 0.4618, Val Acc: 0.9892
Precision: 0.9958, Recall: 0.9865, F1-Score: 0.9906
Fold 1, Epoch 325, Train Loss: 0.6539, Val Loss: 0.4467, Val Acc: 0.9865
Precision: 0.9961, Recall: 0.9893, F1-Score: 0.9922
Fold 1, Epoch 326, Train Loss: 0.6474, Val Loss: 0.4238, Val Acc: 0.9889
Precision: 0.9957, Recall: 0.9622, F1-Score: 0.9780
Fold 1, Epoch 327, Train Loss: 0.5986, Val Loss: 0.4336, Val Acc: 0.9687
Precision: 0.9958, Recall: 0.9885, F1-Score: 0.9916
Fold 1, Epoch 328, Train Loss: 0.5814, Val Loss: 0.5104, Val Acc: 0.9879
Precision: 0.9958, Recall: 0.9865, F1-Score: 0.9906
Fold 1, Epoch 329, Train Loss: 0.6289, Val Loss: 0.4397, Val Acc: 0.9868

--- Epoch 330 ---
--- Epoch 330 ---
--- Epoch 330 ---



--- Epoch 330 ---
Class Weights: [2.1182575e-05 5.6127068e-02 5.6127068e-02 5.9477936e-02 5.6928884e-02
 5.3851645e-02 5.3851645e-02 4.9812771e-02 5.9477936e-02 5.6127068e-02
 6.1308030e-02 5.1753532e-02 5.3851645e-02 6.0379118e-02 5.6928884e-02
 4.9197800e-02 5.4589339e-02 5.2434497e-02 5.7753939e-02]Class Weights: [2.1182575e-05 5.6127068e-02 5.6127068e-02 5.9477936e-02 5.6928884e-02
 5.3851645e-02 5.3851645e-02 4.9812771e-02 5.9477936e-02 5.6127068e-02
 6.1308030e-02 5.1753532e-02 5.3851645e-02 6.0379118e-02 5.6928884e-02
 4.9197800e-02 5.4589339e-02 5.2434497e-02 5.7753939e-02]Class Weights: [2.1182575e-05 5.6127068e-02 5.6127068e-02 5.9477936e-02 5.6928884e-02
 5.3851645e-02 5.3851645e-02 4.9812771e-02 5.9477936e-02 5.6127068e-02
 6.1308030e-02 5.1753532e-02 5.3851645e-02 6.0379118e-02 5.6928884e-02
 4.9197800e-02 5.4589339e-02 5.2434497e-02 5.7753939e-02]


Learning Rate: 0.005Class Weights: [2.1182575e-05 5.6127068e-02 5.6127068e-02 5.9477936e-02 5.6928884e-02
 5.3851645e-02 5.3851645e-02 4.9812771e-02 5.9477936e-02 5.6127068e-02
 6.1308030e-02 5.1753532e-02 5.3851645e-02 6.0379118e-02 5.6928884e-02
 4.9197800e-02 5.4589339e-02 5.2434497e-02 5.7753939e-02]Learning Rate: 0.005
Learning Rate: 0.005


Learning Rate: 0.005
Train Loss: 0.6290, Val Loss: 0.4307
Train Loss: 0.6290, Val Loss: 0.4307Train Loss: 0.6290, Val Loss: 0.4307

Train Loss: 0.6290, Val Loss: 0.4307
Per-Class Precision: [1.         0.01734958 0.84795322 0.6        0.20588235 0.49659864
 0.23015873 0.12837838 0.28888889 0.16829268 0.2103321  0.21910112
 0.13170732 0.26254181 0.30894309 0.41059603 0.51525424 0.64102564
 0.84146341]
Per-Class Recall: [0.97375395 0.94       0.96666667 0.94       0.7        0.73
 0.58       0.50666667 0.52       0.92       0.912      0.26
 0.216      0.89714286 0.50666667 0.62       0.86857143 1.
 0.92      ]
Per-Class F1-Score: [0.98670247 0.03407032 0.90342679 0.73246753 0.31818182 0.59109312
 0.32954545 0.20485175 0.37142857 0.28453608 0.34182909 0.23780488
 0.16363636 0.40620957 0.38383838 0.4940239  0.64680851 0.78125
 0.87898089]
Support per Class: [293949    100    150    150    100    100    100     75    100     75
    125    150    125    175     75    100    175     75     75]
Weighted Precision: 0.9957, Weighted Recall: 0.9721, Weighted F1-Score: 0.9831
Precision: 0.9957, Recall: 0.9721, F1-Score: 0.9831
Fold 1, Epoch 330, Train Loss: 0.6290, Val Loss: 0.4307, Val Acc: 0.9767
Precision: 0.9960, Recall: 0.9896, F1-Score: 0.9923
Fold 1, Epoch 331, Train Loss: 0.5814, Val Loss: 0.4756, Val Acc: 0.9890
Precision: 0.9957, Recall: 0.9811, F1-Score: 0.9877
Fold 1, Epoch 332, Train Loss: 0.6113, Val Loss: 0.4770, Val Acc: 0.9825
Precision: 0.9958, Recall: 0.9776, F1-Score: 0.9859
Fold 1, Epoch 333, Train Loss: 0.5916, Val Loss: 0.4533, Val Acc: 0.9802
Precision: 0.9956, Recall: 0.9854, F1-Score: 0.9899
Fold 1, Epoch 334, Train Loss: 0.6147, Val Loss: 0.4693, Val Acc: 0.9855
Precision: 0.9953, Recall: 0.9779, F1-Score: 0.9859
Fold 1, Epoch 335, Train Loss: 0.6688, Val Loss: 0.9138, Val Acc: 0.9802
Precision: 0.9960, Recall: 0.9900, F1-Score: 0.9925
Fold 1, Epoch 336, Train Loss: 0.7907, Val Loss: 0.4732, Val Acc: 0.9893
Precision: 0.9959, Recall: 0.9887, F1-Score: 0.9918
Fold 1, Epoch 337, Train Loss: 0.6669, Val Loss: 0.4840, Val Acc: 0.9876
Precision: 0.9960, Recall: 0.9892, F1-Score: 0.9921
Fold 1, Epoch 338, Train Loss: 0.6161, Val Loss: 0.4697, Val Acc: 0.9884
Precision: 0.9958, Recall: 0.9816, F1-Score: 0.9880
Fold 1, Epoch 339, Train Loss: 0.6139, Val Loss: 0.4621, Val Acc: 0.9833

--- Epoch 340 ---
--- Epoch 340 ---
--- Epoch 340 ---


--- Epoch 340 ---
Class Weights: [2.1182575e-05 5.6127068e-02 5.6127068e-02 5.9477936e-02 5.6928884e-02
 5.3851645e-02 5.3851645e-02 4.9812771e-02 5.9477936e-02 5.6127068e-02
 6.1308030e-02 5.1753532e-02 5.3851645e-02 6.0379118e-02 5.6928884e-02
 4.9197800e-02 5.4589339e-02 5.2434497e-02 5.7753939e-02]Class Weights: [2.1182575e-05 5.6127068e-02 5.6127068e-02 5.9477936e-02 5.6928884e-02
 5.3851645e-02 5.3851645e-02 4.9812771e-02 5.9477936e-02 5.6127068e-02
 6.1308030e-02 5.1753532e-02 5.3851645e-02 6.0379118e-02 5.6928884e-02
 4.9197800e-02 5.4589339e-02 5.2434497e-02 5.7753939e-02]Class Weights: [2.1182575e-05 5.6127068e-02 5.6127068e-02 5.9477936e-02 5.6928884e-02
 5.3851645e-02 5.3851645e-02 4.9812771e-02 5.9477936e-02 5.6127068e-02
 6.1308030e-02 5.1753532e-02 5.3851645e-02 6.0379118e-02 5.6928884e-02
 4.9197800e-02 5.4589339e-02 5.2434497e-02 5.7753939e-02]


Learning Rate: 0.005Learning Rate: 0.005
Learning Rate: 0.005

Train Loss: 0.6069, Val Loss: 0.4429Train Loss: 0.6069, Val Loss: 0.4429Train Loss: 0.6069, Val Loss: 0.4429



Class Weights: [2.1182575e-05 5.6127068e-02 5.6127068e-02 5.9477936e-02 5.6928884e-02
 5.3851645e-02 5.3851645e-02 4.9812771e-02 5.9477936e-02 5.6127068e-02
 6.1308030e-02 5.1753532e-02 5.3851645e-02 6.0379118e-02 5.6928884e-02
 4.9197800e-02 5.4589339e-02 5.2434497e-02 5.7753939e-02]
Learning Rate: 0.005
Train Loss: 0.6069, Val Loss: 0.4429
Per-Class Precision: [1.         0.04416961 0.83146067 0.64705882 0.21410579 0.53472222
 0.35211268 0.14285714 0.24418605 0.10320781 0.22429907 0.13926941
 0.256917   0.48108108 0.23222749 0.4180791  0.45296167 0.69158879
 0.67272727]
Per-Class Recall: [0.983606   1.         0.98666667 0.95333333 0.85       0.77
 0.5        0.78666667 0.42       0.98666667 0.768      0.40666667
 0.52       0.50857143 0.65333333 0.74       0.74285714 0.98666667
 0.98666667]
Per-Class F1-Score: [0.99173525 0.08460237 0.90243902 0.77088949 0.34205231 0.63114754
 0.41322314 0.24180328 0.30882353 0.18686869 0.34719711 0.20748299
 0.34391534 0.49444444 0.34265734 0.53429603 0.56277056 0.81318681
 0.8       ]
Support per Class: [293949    100    150    150    100    100    100     75    100     75
    125    150    125    175     75    100    175     75     75]
Weighted Precision: 0.9958, Weighted Recall: 0.9819, Weighted F1-Score: 0.9882
Precision: 0.9958, Recall: 0.9819, F1-Score: 0.9882
Fold 1, Epoch 340, Train Loss: 0.6069, Val Loss: 0.4429, Val Acc: 0.9828
Precision: 0.9956, Recall: 0.9878, F1-Score: 0.9912
Fold 1, Epoch 341, Train Loss: 0.6070, Val Loss: 0.5085, Val Acc: 0.9875
Precision: 0.9957, Recall: 0.9895, F1-Score: 0.9921
Fold 1, Epoch 342, Train Loss: 0.6193, Val Loss: 0.4472, Val Acc: 0.9890
Precision: 0.9960, Recall: 0.9820, F1-Score: 0.9883
Fold 1, Epoch 343, Train Loss: 0.6232, Val Loss: 0.5023, Val Acc: 0.9834
Precision: 0.9959, Recall: 0.9891, F1-Score: 0.9920
Fold 1, Epoch 344, Train Loss: 0.6736, Val Loss: 0.4789, Val Acc: 0.9881
Precision: 0.9955, Recall: 0.9793, F1-Score: 0.9867
Fold 1, Epoch 345, Train Loss: 0.5941, Val Loss: 0.5141, Val Acc: 0.9808
Precision: 0.9957, Recall: 0.9888, F1-Score: 0.9918
Fold 1, Epoch 346, Train Loss: 0.6224, Val Loss: 0.4671, Val Acc: 0.9880
Precision: 0.9962, Recall: 0.9902, F1-Score: 0.9927
Fold 1, Epoch 347, Train Loss: 0.6309, Val Loss: 0.4199, Val Acc: 0.9895
Precision: 0.9954, Recall: 0.9719, F1-Score: 0.9827
Fold 1, Epoch 348, Train Loss: 0.5915, Val Loss: 0.4282, Val Acc: 0.9740
Precision: 0.9961, Recall: 0.9899, F1-Score: 0.9926
Fold 1, Epoch 349, Train Loss: 0.5826, Val Loss: 0.4547, Val Acc: 0.9891

--- Epoch 350 ---
--- Epoch 350 ---

--- Epoch 350 ---


--- Epoch 350 ---
Class Weights: [2.1182575e-05 5.6127068e-02 5.6127068e-02 5.9477936e-02 5.6928884e-02
 5.3851645e-02 5.3851645e-02 4.9812771e-02 5.9477936e-02 5.6127068e-02
 6.1308030e-02 5.1753532e-02 5.3851645e-02 6.0379118e-02 5.6928884e-02
 4.9197800e-02 5.4589339e-02 5.2434497e-02 5.7753939e-02]Class Weights: [2.1182575e-05 5.6127068e-02 5.6127068e-02 5.9477936e-02 5.6928884e-02
 5.3851645e-02 5.3851645e-02 4.9812771e-02 5.9477936e-02 5.6127068e-02
 6.1308030e-02 5.1753532e-02 5.3851645e-02 6.0379118e-02 5.6928884e-02
 4.9197800e-02 5.4589339e-02 5.2434497e-02 5.7753939e-02]Class Weights: [2.1182575e-05 5.6127068e-02 5.6127068e-02 5.9477936e-02 5.6928884e-02
 5.3851645e-02 5.3851645e-02 4.9812771e-02 5.9477936e-02 5.6127068e-02
 6.1308030e-02 5.1753532e-02 5.3851645e-02 6.0379118e-02 5.6928884e-02
 4.9197800e-02 5.4589339e-02 5.2434497e-02 5.7753939e-02]Class Weights: [2.1182575e-05 5.6127068e-02 5.6127068e-02 5.9477936e-02 5.6928884e-02
 5.3851645e-02 5.3851645e-02 4.9812771e-02 5.9477936e-02 5.6127068e-02
 6.1308030e-02 5.1753532e-02 5.3851645e-02 6.0379118e-02 5.6928884e-02
 4.9197800e-02 5.4589339e-02 5.2434497e-02 5.7753939e-02]



Learning Rate: 0.005Learning Rate: 0.005Learning Rate: 0.005
Learning Rate: 0.005


Train Loss: 0.5878, Val Loss: 0.4348
Train Loss: 0.5878, Val Loss: 0.4348Train Loss: 0.5878, Val Loss: 0.4348
Train Loss: 0.5878, Val Loss: 0.4348

Per-Class Precision: [1.         0.44247788 0.85714286 0.80681818 0.24225352 0.58646617
 0.26229508 0.07741935 0.18075802 0.14880952 0.08668243 0.15009747
 0.10175439 0.52531646 0.27155172 0.54255319 0.42209632 0.7254902
 0.70093458]
Per-Class Recall: [0.98864429 1.         1.         0.94666667 0.86       0.78
 0.48       0.16       0.62       1.         0.88       0.51333333
 0.232      0.47428571 0.84       0.51       0.85142857 0.98666667
 1.        ]
Per-Class F1-Score: [0.99428972 0.61349693 0.92307692 0.87116564 0.37802198 0.6695279
 0.33922261 0.10434783 0.27990971 0.25906736 0.15781923 0.23227753
 0.14146341 0.4984985  0.41042345 0.5257732  0.56439394 0.83615819
 0.82417582]
Support per Class: [293949    100    150    150    100    100    100     75    100     75
    125    150    125    175     75    100    175     75     75]
Weighted Precision: 0.9960, Weighted Recall: 0.9868, Weighted F1-Score: 0.9908
Precision: 0.9960, Recall: 0.9868, F1-Score: 0.9908
Fold 1, Epoch 350, Train Loss: 0.5878, Val Loss: 0.4348, Val Acc: 0.9869
Precision: 0.9957, Recall: 0.9795, F1-Score: 0.9869
Fold 1, Epoch 351, Train Loss: 0.6140, Val Loss: 0.4719, Val Acc: 0.9820
Precision: 0.9957, Recall: 0.9853, F1-Score: 0.9899
Fold 1, Epoch 352, Train Loss: 0.5997, Val Loss: 0.5125, Val Acc: 0.9853
Precision: 0.9958, Recall: 0.9895, F1-Score: 0.9921
Fold 1, Epoch 353, Train Loss: 0.6145, Val Loss: 0.6378, Val Acc: 0.9884
Precision: 0.9948, Recall: 0.9808, F1-Score: 0.9868
Fold 1, Epoch 354, Train Loss: 0.7851, Val Loss: 1.5998, Val Acc: 0.9818
Precision: 0.9956, Recall: 0.9888, F1-Score: 0.9917
Fold 1, Epoch 355, Train Loss: 1.0238, Val Loss: 0.6249, Val Acc: 0.9881
Precision: 0.9955, Recall: 0.9864, F1-Score: 0.9904
Fold 1, Epoch 356, Train Loss: 0.7723, Val Loss: 0.7380, Val Acc: 0.9859
Precision: 0.9958, Recall: 0.9890, F1-Score: 0.9919
Fold 1, Epoch 357, Train Loss: 0.7269, Val Loss: 0.6180, Val Acc: 0.9883
Precision: 0.9956, Recall: 0.9829, F1-Score: 0.9886
Fold 1, Epoch 358, Train Loss: 0.7150, Val Loss: 0.5166, Val Acc: 0.9836
Precision: 0.9958, Recall: 0.9869, F1-Score: 0.9907
Fold 1, Epoch 359, Train Loss: 0.6370, Val Loss: 0.4818, Val Acc: 0.9868

--- Epoch 360 ---

--- Epoch 360 ---
--- Epoch 360 ---


--- Epoch 360 ---
Class Weights: [2.1182575e-05 5.6127068e-02 5.6127068e-02 5.9477936e-02 5.6928884e-02
 5.3851645e-02 5.3851645e-02 4.9812771e-02 5.9477936e-02 5.6127068e-02
 6.1308030e-02 5.1753532e-02 5.3851645e-02 6.0379118e-02 5.6928884e-02
 4.9197800e-02 5.4589339e-02 5.2434497e-02 5.7753939e-02]
Class Weights: [2.1182575e-05 5.6127068e-02 5.6127068e-02 5.9477936e-02 5.6928884e-02
 5.3851645e-02 5.3851645e-02 4.9812771e-02 5.9477936e-02 5.6127068e-02
 6.1308030e-02 5.1753532e-02 5.3851645e-02 6.0379118e-02 5.6928884e-02
 4.9197800e-02 5.4589339e-02 5.2434497e-02 5.7753939e-02]Learning Rate: 0.005Class Weights: [2.1182575e-05 5.6127068e-02 5.6127068e-02 5.9477936e-02 5.6928884e-02
 5.3851645e-02 5.3851645e-02 4.9812771e-02 5.9477936e-02 5.6127068e-02
 6.1308030e-02 5.1753532e-02 5.3851645e-02 6.0379118e-02 5.6928884e-02
 4.9197800e-02 5.4589339e-02 5.2434497e-02 5.7753939e-02]

Class Weights: [2.1182575e-05 5.6127068e-02 5.6127068e-02 5.9477936e-02 5.6928884e-02
 5.3851645e-02 5.3851645e-02 4.9812771e-02 5.9477936e-02 5.6127068e-02
 6.1308030e-02 5.1753532e-02 5.3851645e-02 6.0379118e-02 5.6928884e-02
 4.9197800e-02 5.4589339e-02 5.2434497e-02 5.7753939e-02]
Learning Rate: 0.005

Learning Rate: 0.005
Learning Rate: 0.005
Train Loss: 0.6315, Val Loss: 0.4488
Train Loss: 0.6315, Val Loss: 0.4488
Train Loss: 0.6315, Val Loss: 0.4488
Train Loss: 0.6315, Val Loss: 0.4488
Per-Class Precision: [1.         0.05476326 0.74       0.55212355 0.19487179 0.51408451
 0.2455516  0.07662835 0.21666667 0.19426752 0.25423729 0.19637462
 0.18209877 0.49189189 0.25757576 0.37558685 0.50224215 0.48387097
 0.76041667]
Per-Class Recall: [0.98634797 0.96       0.98666667 0.95333333 0.76       0.73
 0.69       0.26666667 0.65       0.81333333 0.84       0.43333333
 0.472      0.52       0.68       0.8        0.64       1.
 0.97333333]
Per-Class F1-Score: [0.99312707 0.10361576 0.84571429 0.6992665  0.31020408 0.60330579
 0.36220472 0.11904762 0.325      0.31362468 0.39033457 0.27027027
 0.26280624 0.50555556 0.37362637 0.51118211 0.56281407 0.65217391
 0.85380117]
Support per Class: [293949    100    150    150    100    100    100     75    100     75
    125    150    125    175     75    100    175     75     75]
Weighted Precision: 0.9957, Weighted Recall: 0.9845, Weighted F1-Score: 0.9895
Precision: 0.9957, Recall: 0.9845, F1-Score: 0.9895
Fold 1, Epoch 360, Train Loss: 0.6315, Val Loss: 0.4488, Val Acc: 0.9854
Precision: 0.9957, Recall: 0.9852, F1-Score: 0.9898
Fold 1, Epoch 361, Train Loss: 0.5965, Val Loss: 0.4673, Val Acc: 0.9853
Precision: 0.9957, Recall: 0.9879, F1-Score: 0.9912
Fold 1, Epoch 362, Train Loss: 0.5787, Val Loss: 0.4191, Val Acc: 0.9878
Precision: 0.9956, Recall: 0.9862, F1-Score: 0.9903
Fold 1, Epoch 363, Train Loss: 0.5678, Val Loss: 0.4530, Val Acc: 0.9864
Precision: 0.9957, Recall: 0.9871, F1-Score: 0.9909
Fold 1, Epoch 364, Train Loss: 0.5672, Val Loss: 0.4639, Val Acc: 0.9867
Precision: 0.9959, Recall: 0.9853, F1-Score: 0.9900
Fold 1, Epoch 365, Train Loss: 0.5721, Val Loss: 0.4250, Val Acc: 0.9857
Precision: 0.9960, Recall: 0.9895, F1-Score: 0.9923
Fold 1, Epoch 366, Train Loss: 0.5878, Val Loss: 0.4390, Val Acc: 0.9889
Precision: 0.9958, Recall: 0.9865, F1-Score: 0.9905
Fold 1, Epoch 367, Train Loss: 0.5604, Val Loss: 0.4297, Val Acc: 0.9867
Precision: 0.9963, Recall: 0.9903, F1-Score: 0.9928
Fold 1, Epoch 368, Train Loss: 0.5826, Val Loss: 0.4070, Val Acc: 0.9897
Precision: 0.9956, Recall: 0.9784, F1-Score: 0.9862
Fold 1, Epoch 369, Train Loss: 0.5557, Val Loss: 0.4181, Val Acc: 0.9808

--- Epoch 370 ---
--- Epoch 370 ---


--- Epoch 370 ---

--- Epoch 370 ---
Class Weights: [2.1182575e-05 5.6127068e-02 5.6127068e-02 5.9477936e-02 5.6928884e-02
 5.3851645e-02 5.3851645e-02 4.9812771e-02 5.9477936e-02 5.6127068e-02
 6.1308030e-02 5.1753532e-02 5.3851645e-02 6.0379118e-02 5.6928884e-02
 4.9197800e-02 5.4589339e-02 5.2434497e-02 5.7753939e-02]Class Weights: [2.1182575e-05 5.6127068e-02 5.6127068e-02 5.9477936e-02 5.6928884e-02
 5.3851645e-02 5.3851645e-02 4.9812771e-02 5.9477936e-02 5.6127068e-02
 6.1308030e-02 5.1753532e-02 5.3851645e-02 6.0379118e-02 5.6928884e-02
 4.9197800e-02 5.4589339e-02 5.2434497e-02 5.7753939e-02]Class Weights: [2.1182575e-05 5.6127068e-02 5.6127068e-02 5.9477936e-02 5.6928884e-02
 5.3851645e-02 5.3851645e-02 4.9812771e-02 5.9477936e-02 5.6127068e-02
 6.1308030e-02 5.1753532e-02 5.3851645e-02 6.0379118e-02 5.6928884e-02
 4.9197800e-02 5.4589339e-02 5.2434497e-02 5.7753939e-02]
Class Weights: [2.1182575e-05 5.6127068e-02 5.6127068e-02 5.9477936e-02 5.6928884e-02
 5.3851645e-02 5.3851645e-02 4.9812771e-02 5.9477936e-02 5.6127068e-02
 6.1308030e-02 5.1753532e-02 5.3851645e-02 6.0379118e-02 5.6928884e-02
 4.9197800e-02 5.4589339e-02 5.2434497e-02 5.7753939e-02]


Learning Rate: 0.005Learning Rate: 0.005
Learning Rate: 0.005Learning Rate: 0.005


Train Loss: 0.5584, Val Loss: 0.3970
Train Loss: 0.5584, Val Loss: 0.3970Train Loss: 0.5584, Val Loss: 0.3970Train Loss: 0.5584, Val Loss: 0.3970


Per-Class Precision: [1.         0.80672269 0.80769231 0.80503145 0.23579545 0.41624365
 0.30593607 0.18819188 0.29739777 0.18895349 0.24507659 0.20175439
 0.20600858 0.30831099 0.27358491 0.43939394 0.55       0.56589147
 0.84883721]
Per-Class Recall: [0.99213809 0.96       0.98       0.85333333 0.83       0.82
 0.67       0.68       0.8        0.86666667 0.896      0.46
 0.384      0.65714286 0.77333333 0.58       0.81714286 0.97333333
 0.97333333]
Per-Class F1-Score: [0.99605353 0.87671233 0.88554217 0.82847896 0.36725664 0.55218855
 0.4200627  0.29479769 0.43360434 0.31026253 0.38487973 0.2804878
 0.26815642 0.41970803 0.40418118 0.5        0.65747126 0.71568627
 0.9068323 ]
Support per Class: [293949    100    150    150    100    100    100     75    100     75
    125    150    125    175     75    100    175     75     75]
Weighted Precision: 0.9961, Weighted Recall: 0.9906, Weighted F1-Score: 0.9929
Precision: 0.9961, Recall: 0.9906, F1-Score: 0.9929
Fold 1, Epoch 370, Train Loss: 0.5584, Val Loss: 0.3970, Val Acc: 0.9900
Precision: 0.9959, Recall: 0.9283, F1-Score: 0.9602
Fold 1, Epoch 371, Train Loss: 0.5633, Val Loss: 0.4266, Val Acc: 0.9366
Precision: 0.9959, Recall: 0.9893, F1-Score: 0.9921
Fold 1, Epoch 372, Train Loss: 0.5794, Val Loss: 0.4353, Val Acc: 0.9888
Precision: 0.9955, Recall: 0.9839, F1-Score: 0.9891
Fold 1, Epoch 373, Train Loss: 0.5651, Val Loss: 0.4576, Val Acc: 0.9845
Precision: 0.9957, Recall: 0.9832, F1-Score: 0.9888
Fold 1, Epoch 374, Train Loss: 0.6294, Val Loss: 0.4104, Val Acc: 0.9844
Precision: 0.9961, Recall: 0.9901, F1-Score: 0.9926
Fold 1, Epoch 375, Train Loss: 0.5578, Val Loss: 0.4140, Val Acc: 0.9895
Precision: 0.9960, Recall: 0.9881, F1-Score: 0.9915
Fold 1, Epoch 376, Train Loss: 0.5484, Val Loss: 0.4182, Val Acc: 0.9866
Precision: 0.9962, Recall: 0.9903, F1-Score: 0.9928
Fold 1, Epoch 377, Train Loss: 0.5505, Val Loss: 0.4281, Val Acc: 0.9895
Precision: 0.9958, Recall: 0.9661, F1-Score: 0.9801
Fold 1, Epoch 378, Train Loss: 0.5937, Val Loss: 0.4109, Val Acc: 0.9729
Precision: 0.9960, Recall: 0.9901, F1-Score: 0.9926
Fold 1, Epoch 379, Train Loss: 0.6085, Val Loss: 0.4318, Val Acc: 0.9896

--- Epoch 380 ---
--- Epoch 380 ---

--- Epoch 380 ---


--- Epoch 380 ---
Class Weights: [2.1182575e-05 5.6127068e-02 5.6127068e-02 5.9477936e-02 5.6928884e-02
 5.3851645e-02 5.3851645e-02 4.9812771e-02 5.9477936e-02 5.6127068e-02
 6.1308030e-02 5.1753532e-02 5.3851645e-02 6.0379118e-02 5.6928884e-02
 4.9197800e-02 5.4589339e-02 5.2434497e-02 5.7753939e-02]Class Weights: [2.1182575e-05 5.6127068e-02 5.6127068e-02 5.9477936e-02 5.6928884e-02
 5.3851645e-02 5.3851645e-02 4.9812771e-02 5.9477936e-02 5.6127068e-02
 6.1308030e-02 5.1753532e-02 5.3851645e-02 6.0379118e-02 5.6928884e-02
 4.9197800e-02 5.4589339e-02 5.2434497e-02 5.7753939e-02]Class Weights: [2.1182575e-05 5.6127068e-02 5.6127068e-02 5.9477936e-02 5.6928884e-02
 5.3851645e-02 5.3851645e-02 4.9812771e-02 5.9477936e-02 5.6127068e-02
 6.1308030e-02 5.1753532e-02 5.3851645e-02 6.0379118e-02 5.6928884e-02
 4.9197800e-02 5.4589339e-02 5.2434497e-02 5.7753939e-02]


Class Weights: [2.1182575e-05 5.6127068e-02 5.6127068e-02 5.9477936e-02 5.6928884e-02
 5.3851645e-02 5.3851645e-02 4.9812771e-02 5.9477936e-02 5.6127068e-02
 6.1308030e-02 5.1753532e-02 5.3851645e-02 6.0379118e-02 5.6928884e-02
 4.9197800e-02 5.4589339e-02 5.2434497e-02 5.7753939e-02]Learning Rate: 0.005Learning Rate: 0.005Learning Rate: 0.005



Learning Rate: 0.005
Train Loss: 0.5920, Val Loss: 0.4588Train Loss: 0.5920, Val Loss: 0.4588Train Loss: 0.5920, Val Loss: 0.4588
Train Loss: 0.5920, Val Loss: 0.4588


Per-Class Precision: [1.         0.76744186 0.77514793 0.85       0.22651934 0.52597403
 0.23666667 0.26548673 0.21161826 0.12053571 0.1223671  0.13756614
 0.09484536 0.624      0.34355828 0.37837838 0.38834951 0.5112782
 0.78723404]
Per-Class Recall: [0.98968529 0.99       0.87333333 0.68       0.82       0.81
 0.71       0.4        0.51       0.72       0.976      0.52
 0.368      0.44571429 0.74666667 0.56       0.68571429 0.90666667
 0.98666667]
Per-Class F1-Score: [0.99481591 0.86462882 0.82131661 0.75555556 0.35497835 0.63779528
 0.355      0.31914894 0.29912023 0.20650096 0.21746881 0.21757322
 0.15081967 0.52       0.47058824 0.4516129  0.49586777 0.65384615
 0.87573964]
Support per Class: [293949    100    150    150    100    100    100     75    100     75
    125    150    125    175     75    100    175     75     75]
Weighted Precision: 0.9960, Weighted Recall: 0.9876, Weighted F1-Score: 0.9913
Precision: 0.9960, Recall: 0.9876, F1-Score: 0.9913
Fold 1, Epoch 380, Train Loss: 0.5920, Val Loss: 0.4588, Val Acc: 0.9872
Precision: 0.9958, Recall: 0.9853, F1-Score: 0.9900
Fold 1, Epoch 381, Train Loss: 0.6111, Val Loss: 0.4278, Val Acc: 0.9857
Precision: 0.9960, Recall: 0.9885, F1-Score: 0.9917
Fold 1, Epoch 382, Train Loss: 0.6073, Val Loss: 0.4637, Val Acc: 0.9879
Precision: 0.9960, Recall: 0.9885, F1-Score: 0.9918
Fold 1, Epoch 383, Train Loss: 0.6185, Val Loss: 0.4713, Val Acc: 0.9879
Precision: 0.9957, Recall: 0.9882, F1-Score: 0.9914
Fold 1, Epoch 384, Train Loss: 0.6130, Val Loss: 0.4290, Val Acc: 0.9872
Precision: 0.9956, Recall: 0.9801, F1-Score: 0.9871
Fold 1, Epoch 385, Train Loss: 0.5427, Val Loss: 0.4448, Val Acc: 0.9810
Precision: 0.9959, Recall: 0.9894, F1-Score: 0.9921
Fold 1, Epoch 386, Train Loss: 0.5812, Val Loss: 0.4259, Val Acc: 0.9888
Precision: 0.9958, Recall: 0.9883, F1-Score: 0.9915
Fold 1, Epoch 387, Train Loss: 0.5491, Val Loss: 0.4043, Val Acc: 0.9881
Precision: 0.9959, Recall: 0.9899, F1-Score: 0.9924
Fold 1, Epoch 388, Train Loss: 0.5522, Val Loss: 0.4224, Val Acc: 0.9892
Precision: 0.9961, Recall: 0.9888, F1-Score: 0.9919
Fold 1, Epoch 389, Train Loss: 0.5459, Val Loss: 0.3871, Val Acc: 0.9883

--- Epoch 390 ---

--- Epoch 390 ---
--- Epoch 390 ---


--- Epoch 390 ---
Class Weights: [2.1182575e-05 5.6127068e-02 5.6127068e-02 5.9477936e-02 5.6928884e-02
 5.3851645e-02 5.3851645e-02 4.9812771e-02 5.9477936e-02 5.6127068e-02
 6.1308030e-02 5.1753532e-02 5.3851645e-02 6.0379118e-02 5.6928884e-02
 4.9197800e-02 5.4589339e-02 5.2434497e-02 5.7753939e-02]Class Weights: [2.1182575e-05 5.6127068e-02 5.6127068e-02 5.9477936e-02 5.6928884e-02
 5.3851645e-02 5.3851645e-02 4.9812771e-02 5.9477936e-02 5.6127068e-02
 6.1308030e-02 5.1753532e-02 5.3851645e-02 6.0379118e-02 5.6928884e-02
 4.9197800e-02 5.4589339e-02 5.2434497e-02 5.7753939e-02]Class Weights: [2.1182575e-05 5.6127068e-02 5.6127068e-02 5.9477936e-02 5.6928884e-02
 5.3851645e-02 5.3851645e-02 4.9812771e-02 5.9477936e-02 5.6127068e-02
 6.1308030e-02 5.1753532e-02 5.3851645e-02 6.0379118e-02 5.6928884e-02
 4.9197800e-02 5.4589339e-02 5.2434497e-02 5.7753939e-02]


Learning Rate: 0.005Learning Rate: 0.005
Learning Rate: 0.005

Train Loss: 0.5710, Val Loss: 0.4165
Train Loss: 0.5710, Val Loss: 0.4165Train Loss: 0.5710, Val Loss: 0.4165

Class Weights: [2.1182575e-05 5.6127068e-02 5.6127068e-02 5.9477936e-02 5.6928884e-02
 5.3851645e-02 5.3851645e-02 4.9812771e-02 5.9477936e-02 5.6127068e-02
 6.1308030e-02 5.1753532e-02 5.3851645e-02 6.0379118e-02 5.6928884e-02
 4.9197800e-02 5.4589339e-02 5.2434497e-02 5.7753939e-02]
Learning Rate: 0.005
Train Loss: 0.5710, Val Loss: 0.4165
Per-Class Precision: [1.         0.45971564 0.74257426 0.56967213 0.21086262 0.57723577
 0.20107239 0.17985612 0.33990148 0.16746411 0.12756757 0.20658683
 0.24892704 0.32345013 0.33950617 0.58208955 0.47058824 0.51020408
 0.7628866 ]
Per-Class Recall: [0.99002888 0.97       1.         0.92666667 0.66       0.71
 0.75       0.66666667 0.69       0.93333333 0.944      0.46
 0.464      0.68571429 0.73333333 0.39       0.68571429 1.
 0.98666667]
Per-Class F1-Score: [0.99498946 0.62379421 0.85227273 0.70558376 0.31961259 0.6367713
 0.31712474 0.28328612 0.45544554 0.28397566 0.2247619  0.28512397
 0.32402235 0.43956044 0.46413502 0.46706587 0.55813953 0.67567568
 0.86046512]
Support per Class: [293949    100    150    150    100    100    100     75    100     75
    125    150    125    175     75    100    175     75     75]
Weighted Precision: 0.9959, Weighted Recall: 0.9884, Weighted F1-Score: 0.9915
Precision: 0.9959, Recall: 0.9884, F1-Score: 0.9915
Fold 1, Epoch 390, Train Loss: 0.5710, Val Loss: 0.4165, Val Acc: 0.9877
Precision: 0.9959, Recall: 0.9871, F1-Score: 0.9909
Fold 1, Epoch 391, Train Loss: 0.5694, Val Loss: 0.4073, Val Acc: 0.9875
Precision: 0.9956, Recall: 0.9772, F1-Score: 0.9857
Fold 1, Epoch 392, Train Loss: 0.5992, Val Loss: 0.4574, Val Acc: 0.9793
Precision: 0.9961, Recall: 0.9903, F1-Score: 0.9927
Fold 1, Epoch 393, Train Loss: 0.6268, Val Loss: 0.4609, Val Acc: 0.9898
Precision: 0.9960, Recall: 0.9904, F1-Score: 0.9927
Fold 1, Epoch 394, Train Loss: 0.6405, Val Loss: 0.4590, Val Acc: 0.9895
Precision: 0.9956, Recall: 0.9873, F1-Score: 0.9909
Fold 1, Epoch 395, Train Loss: 0.5736, Val Loss: 0.4873, Val Acc: 0.9869
Precision: 0.9958, Recall: 0.9831, F1-Score: 0.9888
Fold 1, Epoch 396, Train Loss: 0.5948, Val Loss: 0.4325, Val Acc: 0.9837
Precision: 0.9958, Recall: 0.9904, F1-Score: 0.9927
Fold 1, Epoch 397, Train Loss: 0.5492, Val Loss: 0.4300, Val Acc: 0.9899
Precision: 0.9958, Recall: 0.9882, F1-Score: 0.9914
Fold 1, Epoch 398, Train Loss: 0.5617, Val Loss: 0.4023, Val Acc: 0.9876
Precision: 0.9960, Recall: 0.9898, F1-Score: 0.9924
Fold 1, Epoch 399, Train Loss: 0.5369, Val Loss: 0.4055, Val Acc: 0.9893

--- Epoch 400 ---

--- Epoch 400 ---
--- Epoch 400 ---


--- Epoch 400 ---
Class Weights: [2.1182575e-05 5.6127068e-02 5.6127068e-02 5.9477936e-02 5.6928884e-02
 5.3851645e-02 5.3851645e-02 4.9812771e-02 5.9477936e-02 5.6127068e-02
 6.1308030e-02 5.1753532e-02 5.3851645e-02 6.0379118e-02 5.6928884e-02
 4.9197800e-02 5.4589339e-02 5.2434497e-02 5.7753939e-02]
Learning Rate: 0.005
Class Weights: [2.1182575e-05 5.6127068e-02 5.6127068e-02 5.9477936e-02 5.6928884e-02
 5.3851645e-02 5.3851645e-02 4.9812771e-02 5.9477936e-02 5.6127068e-02
 6.1308030e-02 5.1753532e-02 5.3851645e-02 6.0379118e-02 5.6928884e-02
 4.9197800e-02 5.4589339e-02 5.2434497e-02 5.7753939e-02]Class Weights: [2.1182575e-05 5.6127068e-02 5.6127068e-02 5.9477936e-02 5.6928884e-02
 5.3851645e-02 5.3851645e-02 4.9812771e-02 5.9477936e-02 5.6127068e-02
 6.1308030e-02 5.1753532e-02 5.3851645e-02 6.0379118e-02 5.6928884e-02
 4.9197800e-02 5.4589339e-02 5.2434497e-02 5.7753939e-02]
Class Weights: [2.1182575e-05 5.6127068e-02 5.6127068e-02 5.9477936e-02 5.6928884e-02
 5.3851645e-02 5.3851645e-02 4.9812771e-02 5.9477936e-02 5.6127068e-02
 6.1308030e-02 5.1753532e-02 5.3851645e-02 6.0379118e-02 5.6928884e-02
 4.9197800e-02 5.4589339e-02 5.2434497e-02 5.7753939e-02]
Learning Rate: 0.005

Train Loss: 0.5532, Val Loss: 0.4276Learning Rate: 0.005

Learning Rate: 0.005
Train Loss: 0.5532, Val Loss: 0.4276
Train Loss: 0.5532, Val Loss: 0.4276
Train Loss: 0.5532, Val Loss: 0.4276
Per-Class Precision: [1.         0.33788396 0.8        0.6980198  0.19883041 0.45502646
 0.36842105 0.10229645 0.24390244 0.16233766 0.18066561 0.14354067
 0.09638554 0.45876289 0.3525641  0.40883978 0.54151625 0.57480315
 0.68224299]
Per-Class Recall: [0.99096102 0.99       0.96       0.94       0.68       0.86
 0.42       0.65333333 0.4        1.         0.912      0.4
 0.128      0.50857143 0.73333333 0.74       0.85714286 0.97333333
 0.97333333]
Per-Class F1-Score: [0.99545999 0.50381679 0.87272727 0.80113636 0.30769231 0.59515571
 0.39252336 0.17689531 0.3030303  0.27932961 0.3015873  0.21126761
 0.10996564 0.48238482 0.47619048 0.52669039 0.66371681 0.72277228
 0.8021978 ]
Support per Class: [293949    100    150    150    100    100    100     75    100     75
    125    150    125    175     75    100    175     75     75]
Weighted Precision: 0.9959, Weighted Recall: 0.9891, Weighted F1-Score: 0.9920
Precision: 0.9959, Recall: 0.9891, F1-Score: 0.9920
Fold 1, Epoch 400, Train Loss: 0.5532, Val Loss: 0.4276, Val Acc: 0.9882
Precision: 0.9961, Recall: 0.9903, F1-Score: 0.9928
Fold 1, Epoch 401, Train Loss: 0.5391, Val Loss: 0.4086, Val Acc: 0.9897
Precision: 0.9959, Recall: 0.9855, F1-Score: 0.9901
Fold 1, Epoch 402, Train Loss: 0.5458, Val Loss: 0.4280, Val Acc: 0.9858
Precision: 0.9958, Recall: 0.9878, F1-Score: 0.9912
Fold 1, Epoch 403, Train Loss: 0.5228, Val Loss: 0.3989, Val Acc: 0.9876
Precision: 0.9960, Recall: 0.9901, F1-Score: 0.9926
Fold 1, Epoch 404, Train Loss: 0.5075, Val Loss: 0.4093, Val Acc: 0.9894
Precision: 0.9962, Recall: 0.9901, F1-Score: 0.9927
Fold 1, Epoch 405, Train Loss: 0.5645, Val Loss: 0.3949, Val Acc: 0.9889
Precision: 0.9961, Recall: 0.9903, F1-Score: 0.9927
Fold 1, Epoch 406, Train Loss: 0.5802, Val Loss: 0.3894, Val Acc: 0.9899
Precision: 0.9959, Recall: 0.9895, F1-Score: 0.9922
Fold 1, Epoch 407, Train Loss: 0.5338, Val Loss: 0.4139, Val Acc: 0.9885
Precision: 0.9960, Recall: 0.9896, F1-Score: 0.9923
Fold 1, Epoch 408, Train Loss: 0.5394, Val Loss: 0.3977, Val Acc: 0.9891
Precision: 0.9957, Recall: 0.9891, F1-Score: 0.9919
Fold 1, Epoch 409, Train Loss: 0.5481, Val Loss: 0.4138, Val Acc: 0.9886

--- Epoch 410 ---
--- Epoch 410 ---
--- Epoch 410 ---



--- Epoch 410 ---
Class Weights: [2.1182575e-05 5.6127068e-02 5.6127068e-02 5.9477936e-02 5.6928884e-02
 5.3851645e-02 5.3851645e-02 4.9812771e-02 5.9477936e-02 5.6127068e-02
 6.1308030e-02 5.1753532e-02 5.3851645e-02 6.0379118e-02 5.6928884e-02
 4.9197800e-02 5.4589339e-02 5.2434497e-02 5.7753939e-02]Class Weights: [2.1182575e-05 5.6127068e-02 5.6127068e-02 5.9477936e-02 5.6928884e-02
 5.3851645e-02 5.3851645e-02 4.9812771e-02 5.9477936e-02 5.6127068e-02
 6.1308030e-02 5.1753532e-02 5.3851645e-02 6.0379118e-02 5.6928884e-02
 4.9197800e-02 5.4589339e-02 5.2434497e-02 5.7753939e-02]Class Weights: [2.1182575e-05 5.6127068e-02 5.6127068e-02 5.9477936e-02 5.6928884e-02
 5.3851645e-02 5.3851645e-02 4.9812771e-02 5.9477936e-02 5.6127068e-02
 6.1308030e-02 5.1753532e-02 5.3851645e-02 6.0379118e-02 5.6928884e-02
 4.9197800e-02 5.4589339e-02 5.2434497e-02 5.7753939e-02]


Learning Rate: 0.005Learning Rate: 0.005
Learning Rate: 0.005

Train Loss: 0.5647, Val Loss: 0.3970
Train Loss: 0.5647, Val Loss: 0.3970Train Loss: 0.5647, Val Loss: 0.3970

Class Weights: [2.1182575e-05 5.6127068e-02 5.6127068e-02 5.9477936e-02 5.6928884e-02
 5.3851645e-02 5.3851645e-02 4.9812771e-02 5.9477936e-02 5.6127068e-02
 6.1308030e-02 5.1753532e-02 5.3851645e-02 6.0379118e-02 5.6928884e-02
 4.9197800e-02 5.4589339e-02 5.2434497e-02 5.7753939e-02]
Learning Rate: 0.005
Train Loss: 0.5647, Val Loss: 0.3970
Per-Class Precision: [1.         0.20382166 0.70754717 0.81656805 0.26779661 0.48484848
 0.19883041 0.16571429 0.24404762 0.17808219 0.24235808 0.18232044
 0.17088608 0.39272727 0.21678322 0.45045045 0.48201439 0.52447552
 0.75789474]
Per-Class Recall: [0.99043031 0.96       1.         0.92       0.79       0.8
 0.68       0.77333333 0.41       0.86666667 0.888      0.22
 0.648      0.61714286 0.82666667 0.5        0.76571429 1.
 0.96      ]
Per-Class F1-Score: [0.99519215 0.33625219 0.82872928 0.86520376 0.4        0.60377358
 0.30769231 0.27294118 0.30597015 0.29545455 0.38078902 0.19939577
 0.27045075 0.48       0.3434903  0.47393365 0.59161148 0.68807339
 0.84705882]
Support per Class: [293949    100    150    150    100    100    100     75    100     75
    125    150    125    175     75    100    175     75     75]
Weighted Precision: 0.9958, Weighted Recall: 0.9887, Weighted F1-Score: 0.9917
Precision: 0.9958, Recall: 0.9887, F1-Score: 0.9917
Fold 1, Epoch 410, Train Loss: 0.5647, Val Loss: 0.3970, Val Acc: 0.9880
Precision: 0.9960, Recall: 0.9906, F1-Score: 0.9928
Fold 1, Epoch 411, Train Loss: 0.5108, Val Loss: 0.4062, Val Acc: 0.9899
Precision: 0.9958, Recall: 0.9808, F1-Score: 0.9876
Fold 1, Epoch 412, Train Loss: 0.5432, Val Loss: 0.3872, Val Acc: 0.9823
Precision: 0.9959, Recall: 0.9907, F1-Score: 0.9929
Fold 1, Epoch 413, Train Loss: 0.5292, Val Loss: 0.3963, Val Acc: 0.9902
Precision: 0.9959, Recall: 0.9595, F1-Score: 0.9767
Fold 1, Epoch 414, Train Loss: 0.5458, Val Loss: 0.3904, Val Acc: 0.9621
Precision: 0.9959, Recall: 0.9899, F1-Score: 0.9923
Fold 1, Epoch 415, Train Loss: 0.5354, Val Loss: 0.3762, Val Acc: 0.9893
Precision: 0.9961, Recall: 0.9899, F1-Score: 0.9925
Fold 1, Epoch 416, Train Loss: 0.5054, Val Loss: 0.3821, Val Acc: 0.9891
Precision: 0.9961, Recall: 0.9902, F1-Score: 0.9927
Fold 1, Epoch 417, Train Loss: 0.5412, Val Loss: 0.3759, Val Acc: 0.9898
Precision: 0.9959, Recall: 0.9902, F1-Score: 0.9926
Fold 1, Epoch 418, Train Loss: 0.5403, Val Loss: 0.4009, Val Acc: 0.9896
Precision: 0.9959, Recall: 0.9867, F1-Score: 0.9907
Fold 1, Epoch 419, Train Loss: 0.5344, Val Loss: 0.3986, Val Acc: 0.9860

--- Epoch 420 ---

--- Epoch 420 ---

--- Epoch 420 ---

--- Epoch 420 ---
Class Weights: [2.1182575e-05 5.6127068e-02 5.6127068e-02 5.9477936e-02 5.6928884e-02
 5.3851645e-02 5.3851645e-02 4.9812771e-02 5.9477936e-02 5.6127068e-02
 6.1308030e-02 5.1753532e-02 5.3851645e-02 6.0379118e-02 5.6928884e-02
 4.9197800e-02 5.4589339e-02 5.2434497e-02 5.7753939e-02]Class Weights: [2.1182575e-05 5.6127068e-02 5.6127068e-02 5.9477936e-02 5.6928884e-02
 5.3851645e-02 5.3851645e-02 4.9812771e-02 5.9477936e-02 5.6127068e-02
 6.1308030e-02 5.1753532e-02 5.3851645e-02 6.0379118e-02 5.6928884e-02
 4.9197800e-02 5.4589339e-02 5.2434497e-02 5.7753939e-02]

Learning Rate: 0.005Learning Rate: 0.005
Class Weights: [2.1182575e-05 5.6127068e-02 5.6127068e-02 5.9477936e-02 5.6928884e-02
 5.3851645e-02 5.3851645e-02 4.9812771e-02 5.9477936e-02 5.6127068e-02
 6.1308030e-02 5.1753532e-02 5.3851645e-02 6.0379118e-02 5.6928884e-02
 4.9197800e-02 5.4589339e-02 5.2434497e-02 5.7753939e-02]

Learning Rate: 0.005
Train Loss: 0.5184, Val Loss: 0.3864
Class Weights: [2.1182575e-05 5.6127068e-02 5.6127068e-02 5.9477936e-02 5.6928884e-02
 5.3851645e-02 5.3851645e-02 4.9812771e-02 5.9477936e-02 5.6127068e-02
 6.1308030e-02 5.1753532e-02 5.3851645e-02 6.0379118e-02 5.6928884e-02
 4.9197800e-02 5.4589339e-02 5.2434497e-02 5.7753939e-02]Train Loss: 0.5184, Val Loss: 0.3864

Train Loss: 0.5184, Val Loss: 0.3864
Learning Rate: 0.005
Train Loss: 0.5184, Val Loss: 0.3864
Per-Class Precision: [1.         0.10645161 0.63829787 0.73056995 0.22981366 0.66666667
 0.18809524 0.44827586 0.36419753 0.17274939 0.20613288 0.18779343
 0.11610487 0.36956522 0.41322314 0.45625    0.48754448 0.46875
 0.71153846]
Per-Class Recall: [0.98912737 0.99       1.         0.94       0.74       0.72
 0.79       0.34666667 0.59       0.94666667 0.968      0.53333333
 0.248      0.58285714 0.66666667 0.73       0.78285714 1.
 0.98666667]
Per-Class F1-Score: [0.99453397 0.19223301 0.77922078 0.82215743 0.3507109  0.69230769
 0.30384615 0.39097744 0.45038168 0.29218107 0.33988764 0.27777778
 0.15816327 0.45232816 0.51020408 0.56153846 0.60087719 0.63829787
 0.82681564]
Support per Class: [293949    100    150    150    100    100    100     75    100     75
    125    150    125    175     75    100    175     75     75]
Weighted Precision: 0.9958, Weighted Recall: 0.9875, Weighted F1-Score: 0.9911
Precision: 0.9958, Recall: 0.9875, F1-Score: 0.9911
Fold 1, Epoch 420, Train Loss: 0.5184, Val Loss: 0.3864, Val Acc: 0.9868
Precision: 0.9962, Recall: 0.9904, F1-Score: 0.9928
Fold 1, Epoch 421, Train Loss: 0.5320, Val Loss: 0.3863, Val Acc: 0.9899
Precision: 0.9959, Recall: 0.9890, F1-Score: 0.9919
Fold 1, Epoch 422, Train Loss: 0.5208, Val Loss: 0.3842, Val Acc: 0.9880
Precision: 0.9958, Recall: 0.9881, F1-Score: 0.9914
Fold 1, Epoch 423, Train Loss: 0.5302, Val Loss: 0.3895, Val Acc: 0.9878
Precision: 0.9958, Recall: 0.9870, F1-Score: 0.9907
Fold 1, Epoch 424, Train Loss: 0.5156, Val Loss: 0.3753, Val Acc: 0.9868
Precision: 0.9960, Recall: 0.9898, F1-Score: 0.9924
Fold 1, Epoch 425, Train Loss: 0.5126, Val Loss: 0.4091, Val Acc: 0.9891
Precision: 0.9959, Recall: 0.9852, F1-Score: 0.9899
Fold 1, Epoch 426, Train Loss: 0.5126, Val Loss: 0.3815, Val Acc: 0.9855
Precision: 0.9959, Recall: 0.9900, F1-Score: 0.9925
Fold 1, Epoch 427, Train Loss: 0.5053, Val Loss: 0.4187, Val Acc: 0.9894
Precision: 0.9956, Recall: 0.9828, F1-Score: 0.9886
Fold 1, Epoch 428, Train Loss: 0.5359, Val Loss: 0.4502, Val Acc: 0.9838
Precision: 0.9961, Recall: 0.9903, F1-Score: 0.9928
Fold 1, Epoch 429, Train Loss: 0.5599, Val Loss: 0.4324, Val Acc: 0.9900

--- Epoch 430 ---

--- Epoch 430 ---

--- Epoch 430 ---

--- Epoch 430 ---
Class Weights: [2.1182575e-05 5.6127068e-02 5.6127068e-02 5.9477936e-02 5.6928884e-02
 5.3851645e-02 5.3851645e-02 4.9812771e-02 5.9477936e-02 5.6127068e-02
 6.1308030e-02 5.1753532e-02 5.3851645e-02 6.0379118e-02 5.6928884e-02
 4.9197800e-02 5.4589339e-02 5.2434497e-02 5.7753939e-02]
Class Weights: [2.1182575e-05 5.6127068e-02 5.6127068e-02 5.9477936e-02 5.6928884e-02
 5.3851645e-02 5.3851645e-02 4.9812771e-02 5.9477936e-02 5.6127068e-02
 6.1308030e-02 5.1753532e-02 5.3851645e-02 6.0379118e-02 5.6928884e-02
 4.9197800e-02 5.4589339e-02 5.2434497e-02 5.7753939e-02]Class Weights: [2.1182575e-05 5.6127068e-02 5.6127068e-02 5.9477936e-02 5.6928884e-02
 5.3851645e-02 5.3851645e-02 4.9812771e-02 5.9477936e-02 5.6127068e-02
 6.1308030e-02 5.1753532e-02 5.3851645e-02 6.0379118e-02 5.6928884e-02
 4.9197800e-02 5.4589339e-02 5.2434497e-02 5.7753939e-02]Learning Rate: 0.005


Learning Rate: 0.005Learning Rate: 0.005Class Weights: [2.1182575e-05 5.6127068e-02 5.6127068e-02 5.9477936e-02 5.6928884e-02
 5.3851645e-02 5.3851645e-02 4.9812771e-02 5.9477936e-02 5.6127068e-02
 6.1308030e-02 5.1753532e-02 5.3851645e-02 6.0379118e-02 5.6928884e-02
 4.9197800e-02 5.4589339e-02 5.2434497e-02 5.7753939e-02]


Learning Rate: 0.005
Train Loss: 0.6039, Val Loss: 0.4067
Train Loss: 0.6039, Val Loss: 0.4067
Train Loss: 0.6039, Val Loss: 0.4067
Train Loss: 0.6039, Val Loss: 0.4067
Per-Class Precision: [1.         0.09677419 0.78074866 0.69607843 0.24269006 0.48125
 0.34259259 0.20979021 0.26956522 0.07590759 0.2885906  0.16952055
 0.19615385 0.52459016 0.23770492 0.44198895 0.43971631 0.55725191
 0.79347826]
Per-Class Recall: [0.98711681 0.99       0.97333333 0.94666667 0.83       0.77
 0.74       0.8        0.62       0.92       0.688      0.66
 0.408      0.54857143 0.77333333 0.8        0.70857143 0.97333333
 0.97333333]
Per-Class F1-Score: [0.99351664 0.17631345 0.86646884 0.80225989 0.37556561 0.59230769
 0.46835443 0.33240997 0.37575758 0.1402439  0.40661939 0.26975477
 0.26493506 0.53631285 0.36363636 0.56939502 0.54266958 0.70873786
 0.8742515 ]
Support per Class: [293949    100    150    150    100    100    100     75    100     75
    125    150    125    175     75    100    175     75     75]
Weighted Precision: 0.9959, Weighted Recall: 0.9856, Weighted F1-Score: 0.9901
Precision: 0.9959, Recall: 0.9856, F1-Score: 0.9901
Fold 1, Epoch 430, Train Loss: 0.6039, Val Loss: 0.4067, Val Acc: 0.9849
Precision: 0.9961, Recall: 0.9905, F1-Score: 0.9928
Fold 1, Epoch 431, Train Loss: 0.5442, Val Loss: 0.4156, Val Acc: 0.9899
Precision: 0.9959, Recall: 0.9891, F1-Score: 0.9919
Fold 1, Epoch 432, Train Loss: 0.5129, Val Loss: 0.4385, Val Acc: 0.9880
Precision: 0.9959, Recall: 0.9861, F1-Score: 0.9903
Fold 1, Epoch 433, Train Loss: 0.5495, Val Loss: 0.3930, Val Acc: 0.9863
Precision: 0.9959, Recall: 0.9901, F1-Score: 0.9926
Fold 1, Epoch 434, Train Loss: 0.5407, Val Loss: 0.4254, Val Acc: 0.9893
Precision: 0.9961, Recall: 0.9906, F1-Score: 0.9929
Fold 1, Epoch 435, Train Loss: 0.5496, Val Loss: 0.4126, Val Acc: 0.9901
Precision: 0.9959, Recall: 0.9862, F1-Score: 0.9903
Fold 1, Epoch 436, Train Loss: 0.5148, Val Loss: 0.3868, Val Acc: 0.9860
Precision: 0.9960, Recall: 0.9903, F1-Score: 0.9927
Fold 1, Epoch 437, Train Loss: 0.5299, Val Loss: 0.3842, Val Acc: 0.9896
Precision: 0.9958, Recall: 0.9903, F1-Score: 0.9926
Fold 1, Epoch 438, Train Loss: 0.5322, Val Loss: 0.4028, Val Acc: 0.9893
Precision: 0.9960, Recall: 0.9898, F1-Score: 0.9924
Fold 1, Epoch 439, Train Loss: 0.5001, Val Loss: 0.3713, Val Acc: 0.9893

--- Epoch 440 ---
--- Epoch 440 ---

--- Epoch 440 ---


--- Epoch 440 ---
Class Weights: [2.1182575e-05 5.6127068e-02 5.6127068e-02 5.9477936e-02 5.6928884e-02
 5.3851645e-02 5.3851645e-02 4.9812771e-02 5.9477936e-02 5.6127068e-02
 6.1308030e-02 5.1753532e-02 5.3851645e-02 6.0379118e-02 5.6928884e-02
 4.9197800e-02 5.4589339e-02 5.2434497e-02 5.7753939e-02]Class Weights: [2.1182575e-05 5.6127068e-02 5.6127068e-02 5.9477936e-02 5.6928884e-02
 5.3851645e-02 5.3851645e-02 4.9812771e-02 5.9477936e-02 5.6127068e-02
 6.1308030e-02 5.1753532e-02 5.3851645e-02 6.0379118e-02 5.6928884e-02
 4.9197800e-02 5.4589339e-02 5.2434497e-02 5.7753939e-02]Class Weights: [2.1182575e-05 5.6127068e-02 5.6127068e-02 5.9477936e-02 5.6928884e-02
 5.3851645e-02 5.3851645e-02 4.9812771e-02 5.9477936e-02 5.6127068e-02
 6.1308030e-02 5.1753532e-02 5.3851645e-02 6.0379118e-02 5.6928884e-02
 4.9197800e-02 5.4589339e-02 5.2434497e-02 5.7753939e-02]


Class Weights: [2.1182575e-05 5.6127068e-02 5.6127068e-02 5.9477936e-02 5.6928884e-02
 5.3851645e-02 5.3851645e-02 4.9812771e-02 5.9477936e-02 5.6127068e-02
 6.1308030e-02 5.1753532e-02 5.3851645e-02 6.0379118e-02 5.6928884e-02
 4.9197800e-02 5.4589339e-02 5.2434497e-02 5.7753939e-02]Learning Rate: 0.005Learning Rate: 0.005Learning Rate: 0.005



Learning Rate: 0.005
Train Loss: 0.5081, Val Loss: 0.4253
Train Loss: 0.5081, Val Loss: 0.4253Train Loss: 0.5081, Val Loss: 0.4253Train Loss: 0.5081, Val Loss: 0.4253


Per-Class Precision: [1.         0.46829268 0.78804348 0.61261261 0.22796353 0.55905512
 0.48863636 0.06796117 0.20610687 0.1871345  0.21676892 0.24226804
 0.12262774 0.42944785 0.34090909 0.57954545 0.46581197 0.5
 0.74      ]
Per-Class Recall: [0.99182511 0.96       0.96666667 0.90666667 0.75       0.71
 0.43       0.28       0.81       0.85333333 0.848      0.31333333
 0.672      0.4        0.6        0.51       0.62285714 0.96
 0.98666667]
Per-Class F1-Score: [0.99589578 0.6295082  0.86826347 0.7311828  0.34965035 0.62555066
 0.45744681 0.109375   0.32860041 0.30695444 0.34527687 0.27325581
 0.20740741 0.41420118 0.43478261 0.54255319 0.53300733 0.65753425
 0.84571429]
Support per Class: [293949    100    150    150    100    100    100     75    100     75
    125    150    125    175     75    100    175     75     75]
Weighted Precision: 0.9960, Weighted Recall: 0.9897, Weighted F1-Score: 0.9924
Precision: 0.9960, Recall: 0.9897, F1-Score: 0.9924
Fold 1, Epoch 440, Train Loss: 0.5081, Val Loss: 0.4253, Val Acc: 0.9892
Precision: 0.9958, Recall: 0.9857, F1-Score: 0.9902
Fold 1, Epoch 441, Train Loss: 0.5376, Val Loss: 0.3897, Val Acc: 0.9864
Precision: 0.9960, Recall: 0.9901, F1-Score: 0.9926
Fold 1, Epoch 442, Train Loss: 0.5371, Val Loss: 0.4316, Val Acc: 0.9896
Precision: 0.9959, Recall: 0.9869, F1-Score: 0.9908
Fold 1, Epoch 443, Train Loss: 0.5590, Val Loss: 0.4032, Val Acc: 0.9871
Precision: 0.9960, Recall: 0.9832, F1-Score: 0.9890
Fold 1, Epoch 444, Train Loss: 0.5384, Val Loss: 0.4031, Val Acc: 0.9846
Precision: 0.9961, Recall: 0.9906, F1-Score: 0.9929
Fold 1, Epoch 445, Train Loss: 0.5180, Val Loss: 0.3829, Val Acc: 0.9897
Precision: 0.9962, Recall: 0.9904, F1-Score: 0.9928
Fold 1, Epoch 446, Train Loss: 0.5139, Val Loss: 0.3750, Val Acc: 0.9897
Precision: 0.9959, Recall: 0.9905, F1-Score: 0.9927
Fold 1, Epoch 447, Train Loss: 0.5041, Val Loss: 0.3829, Val Acc: 0.9901
Precision: 0.9959, Recall: 0.9854, F1-Score: 0.9900
Fold 1, Epoch 448, Train Loss: 0.4826, Val Loss: 0.3713, Val Acc: 0.9852
Precision: 0.9958, Recall: 0.9602, F1-Score: 0.9770
Fold 1, Epoch 449, Train Loss: 0.4968, Val Loss: 0.3744, Val Acc: 0.9681

--- Epoch 450 ---
--- Epoch 450 ---
--- Epoch 450 ---



--- Epoch 450 ---
Class Weights: [2.1182575e-05 5.6127068e-02 5.6127068e-02 5.9477936e-02 5.6928884e-02
 5.3851645e-02 5.3851645e-02 4.9812771e-02 5.9477936e-02 5.6127068e-02
 6.1308030e-02 5.1753532e-02 5.3851645e-02 6.0379118e-02 5.6928884e-02
 4.9197800e-02 5.4589339e-02 5.2434497e-02 5.7753939e-02]Class Weights: [2.1182575e-05 5.6127068e-02 5.6127068e-02 5.9477936e-02 5.6928884e-02
 5.3851645e-02 5.3851645e-02 4.9812771e-02 5.9477936e-02 5.6127068e-02
 6.1308030e-02 5.1753532e-02 5.3851645e-02 6.0379118e-02 5.6928884e-02
 4.9197800e-02 5.4589339e-02 5.2434497e-02 5.7753939e-02]Class Weights: [2.1182575e-05 5.6127068e-02 5.6127068e-02 5.9477936e-02 5.6928884e-02
 5.3851645e-02 5.3851645e-02 4.9812771e-02 5.9477936e-02 5.6127068e-02
 6.1308030e-02 5.1753532e-02 5.3851645e-02 6.0379118e-02 5.6928884e-02
 4.9197800e-02 5.4589339e-02 5.2434497e-02 5.7753939e-02]

Class Weights: [2.1182575e-05 5.6127068e-02 5.6127068e-02 5.9477936e-02 5.6928884e-02
 5.3851645e-02 5.3851645e-02 4.9812771e-02 5.9477936e-02 5.6127068e-02
 6.1308030e-02 5.1753532e-02 5.3851645e-02 6.0379118e-02 5.6928884e-02
 4.9197800e-02 5.4589339e-02 5.2434497e-02 5.7753939e-02]
Learning Rate: 0.005Learning Rate: 0.005

Learning Rate: 0.005

Learning Rate: 0.005
Train Loss: 0.5087, Val Loss: 0.3894
Train Loss: 0.5087, Val Loss: 0.3894Train Loss: 0.5087, Val Loss: 0.3894Train Loss: 0.5087, Val Loss: 0.3894


Per-Class Precision: [1.         0.10749186 0.72463768 0.6122449  0.25233645 0.65486726
 0.43478261 0.18338109 0.33653846 0.15432099 0.17103448 0.14492754
 0.10280374 0.51048951 0.4122807  0.48611111 0.5        0.48387097
 0.8021978 ]
Per-Class Recall: [0.98927705 0.99       1.         1.         0.81       0.74
 0.5        0.85333333 0.35       1.         0.992      0.33333333
 0.264      0.41714286 0.62666667 0.7        0.79428571 1.
 0.97333333]
Per-Class F1-Score: [0.99460963 0.19392752 0.84033613 0.75949367 0.3847981  0.69483568
 0.46511628 0.30188679 0.34313725 0.26737968 0.29176471 0.2020202
 0.14798206 0.4591195  0.4973545  0.57377049 0.61368653 0.65217391
 0.87951807]
Support per Class: [293949    100    150    150    100    100    100     75    100     75
    125    150    125    175     75    100    175     75     75]
Weighted Precision: 0.9959, Weighted Recall: 0.9874, Weighted F1-Score: 0.9911
Precision: 0.9959, Recall: 0.9874, F1-Score: 0.9911
Fold 1, Epoch 450, Train Loss: 0.5087, Val Loss: 0.3894, Val Acc: 0.9874
Precision: 0.9963, Recall: 0.9908, F1-Score: 0.9931
Fold 1, Epoch 451, Train Loss: 0.5079, Val Loss: 0.3744, Val Acc: 0.9903
Precision: 0.9960, Recall: 0.9894, F1-Score: 0.9922
Fold 1, Epoch 452, Train Loss: 0.4960, Val Loss: 0.4021, Val Acc: 0.9889
Precision: 0.9961, Recall: 0.9907, F1-Score: 0.9929
Fold 1, Epoch 453, Train Loss: 0.4926, Val Loss: 0.3766, Val Acc: 0.9901
Precision: 0.9960, Recall: 0.9878, F1-Score: 0.9913
Fold 1, Epoch 454, Train Loss: 0.5099, Val Loss: 0.3775, Val Acc: 0.9877
Precision: 0.9959, Recall: 0.9877, F1-Score: 0.9912
Fold 1, Epoch 455, Train Loss: 0.5040, Val Loss: 0.3722, Val Acc: 0.9871
Precision: 0.9960, Recall: 0.9902, F1-Score: 0.9926
Fold 1, Epoch 456, Train Loss: 0.5141, Val Loss: 0.3805, Val Acc: 0.9894
Precision: 0.9958, Recall: 0.9881, F1-Score: 0.9914
Fold 1, Epoch 457, Train Loss: 0.5050, Val Loss: 0.3983, Val Acc: 0.9873
Precision: 0.9960, Recall: 0.9897, F1-Score: 0.9923
Fold 1, Epoch 458, Train Loss: 0.5308, Val Loss: 0.3784, Val Acc: 0.9893
Precision: 0.9962, Recall: 0.9906, F1-Score: 0.9929
Fold 1, Epoch 459, Train Loss: 0.5405, Val Loss: 0.3823, Val Acc: 0.9901

--- Epoch 460 ---
--- Epoch 460 ---
--- Epoch 460 ---



--- Epoch 460 ---
Class Weights: [2.1182575e-05 5.6127068e-02 5.6127068e-02 5.9477936e-02 5.6928884e-02
 5.3851645e-02 5.3851645e-02 4.9812771e-02 5.9477936e-02 5.6127068e-02
 6.1308030e-02 5.1753532e-02 5.3851645e-02 6.0379118e-02 5.6928884e-02
 4.9197800e-02 5.4589339e-02 5.2434497e-02 5.7753939e-02]Class Weights: [2.1182575e-05 5.6127068e-02 5.6127068e-02 5.9477936e-02 5.6928884e-02
 5.3851645e-02 5.3851645e-02 4.9812771e-02 5.9477936e-02 5.6127068e-02
 6.1308030e-02 5.1753532e-02 5.3851645e-02 6.0379118e-02 5.6928884e-02
 4.9197800e-02 5.4589339e-02 5.2434497e-02 5.7753939e-02]Class Weights: [2.1182575e-05 5.6127068e-02 5.6127068e-02 5.9477936e-02 5.6928884e-02
 5.3851645e-02 5.3851645e-02 4.9812771e-02 5.9477936e-02 5.6127068e-02
 6.1308030e-02 5.1753532e-02 5.3851645e-02 6.0379118e-02 5.6928884e-02
 4.9197800e-02 5.4589339e-02 5.2434497e-02 5.7753939e-02]
Class Weights: [2.1182575e-05 5.6127068e-02 5.6127068e-02 5.9477936e-02 5.6928884e-02
 5.3851645e-02 5.3851645e-02 4.9812771e-02 5.9477936e-02 5.6127068e-02
 6.1308030e-02 5.1753532e-02 5.3851645e-02 6.0379118e-02 5.6928884e-02
 4.9197800e-02 5.4589339e-02 5.2434497e-02 5.7753939e-02]

Learning Rate: 0.005

Learning Rate: 0.005Learning Rate: 0.005Learning Rate: 0.005


Train Loss: 0.5120, Val Loss: 0.4139
Train Loss: 0.5120, Val Loss: 0.4139Train Loss: 0.5120, Val Loss: 0.4139Train Loss: 0.5120, Val Loss: 0.4139


Per-Class Precision: [1.         0.78861789 0.67741935 0.5229682  0.25252525 0.51824818
 0.49206349 0.09090909 0.23170732 0.14070352 0.23076923 0.18974359
 0.14622642 0.51298701 0.20848057 0.42261905 0.52564103 0.42857143
 0.8       ]
Per-Class Recall: [0.99225716 0.97       0.98       0.98666667 0.5        0.71
 0.62       0.22666667 0.57       0.74666667 0.864      0.49333333
 0.496      0.45142857 0.78666667 0.71       0.70285714 1.
 0.96      ]
Per-Class F1-Score: [0.99611353 0.86995516 0.80108992 0.68360277 0.33557047 0.59915612
 0.54867257 0.12977099 0.32947977 0.23678647 0.36424958 0.27407407
 0.22586521 0.48024316 0.32960894 0.52985075 0.60146699 0.6
 0.87272727]
Support per Class: [293949    100    150    150    100    100    100     75    100     75
    125    150    125    175     75    100    175     75     75]
Weighted Precision: 0.9960, Weighted Recall: 0.9903, Weighted F1-Score: 0.9927
Precision: 0.9960, Recall: 0.9903, F1-Score: 0.9927
Fold 1, Epoch 460, Train Loss: 0.5120, Val Loss: 0.4139, Val Acc: 0.9899
Precision: 0.9958, Recall: 0.9863, F1-Score: 0.9904
Fold 1, Epoch 461, Train Loss: 0.5796, Val Loss: 0.4178, Val Acc: 0.9866
Precision: 0.9958, Recall: 0.9904, F1-Score: 0.9927
Fold 1, Epoch 462, Train Loss: 0.6174, Val Loss: 0.5575, Val Acc: 0.9898
Precision: 0.9957, Recall: 0.9887, F1-Score: 0.9916
Fold 1, Epoch 463, Train Loss: 0.6866, Val Loss: 0.5304, Val Acc: 0.9883
Precision: 0.9958, Recall: 0.9885, F1-Score: 0.9916
Fold 1, Epoch 464, Train Loss: 0.5648, Val Loss: 0.4404, Val Acc: 0.9879
Precision: 0.9959, Recall: 0.9891, F1-Score: 0.9920
Fold 1, Epoch 465, Train Loss: 0.5564, Val Loss: 0.3812, Val Acc: 0.9882
Precision: 0.9960, Recall: 0.9893, F1-Score: 0.9921
Fold 1, Epoch 466, Train Loss: 0.5601, Val Loss: 0.5957, Val Acc: 0.9886
Precision: 0.9957, Recall: 0.9842, F1-Score: 0.9892
Fold 1, Epoch 467, Train Loss: 0.9373, Val Loss: 0.9168, Val Acc: 0.9849
Precision: 0.9955, Recall: 0.9851, F1-Score: 0.9896
Fold 1, Epoch 468, Train Loss: 0.8802, Val Loss: 0.6417, Val Acc: 0.9854
Precision: 0.9956, Recall: 0.9895, F1-Score: 0.9920
Fold 1, Epoch 469, Train Loss: 0.7078, Val Loss: 0.6178, Val Acc: 0.9888

--- Epoch 470 ---
--- Epoch 470 ---
--- Epoch 470 ---


--- Epoch 470 ---

Class Weights: [2.1182575e-05 5.6127068e-02 5.6127068e-02 5.9477936e-02 5.6928884e-02
 5.3851645e-02 5.3851645e-02 4.9812771e-02 5.9477936e-02 5.6127068e-02
 6.1308030e-02 5.1753532e-02 5.3851645e-02 6.0379118e-02 5.6928884e-02
 4.9197800e-02 5.4589339e-02 5.2434497e-02 5.7753939e-02]Class Weights: [2.1182575e-05 5.6127068e-02 5.6127068e-02 5.9477936e-02 5.6928884e-02
 5.3851645e-02 5.3851645e-02 4.9812771e-02 5.9477936e-02 5.6127068e-02
 6.1308030e-02 5.1753532e-02 5.3851645e-02 6.0379118e-02 5.6928884e-02
 4.9197800e-02 5.4589339e-02 5.2434497e-02 5.7753939e-02]Class Weights: [2.1182575e-05 5.6127068e-02 5.6127068e-02 5.9477936e-02 5.6928884e-02
 5.3851645e-02 5.3851645e-02 4.9812771e-02 5.9477936e-02 5.6127068e-02
 6.1308030e-02 5.1753532e-02 5.3851645e-02 6.0379118e-02 5.6928884e-02
 4.9197800e-02 5.4589339e-02 5.2434497e-02 5.7753939e-02]Class Weights: [2.1182575e-05 5.6127068e-02 5.6127068e-02 5.9477936e-02 5.6928884e-02
 5.3851645e-02 5.3851645e-02 4.9812771e-02 5.9477936e-02 5.6127068e-02
 6.1308030e-02 5.1753532e-02 5.3851645e-02 6.0379118e-02 5.6928884e-02
 4.9197800e-02 5.4589339e-02 5.2434497e-02 5.7753939e-02]



Learning Rate: 0.005Learning Rate: 0.005Learning Rate: 0.005
Learning Rate: 0.005


Train Loss: 0.6321, Val Loss: 0.6552
Train Loss: 0.6321, Val Loss: 0.6552Train Loss: 0.6321, Val Loss: 0.6552Train Loss: 0.6321, Val Loss: 0.6552


Per-Class Precision: [1.         0.88118812 0.58467742 0.42580645 0.17410714 0.44736842
 0.1349481  0.09215686 0.20673077 0.17343173 0.25157233 0.07207207
 0.16289593 0.46632124 0.25203252 0.55797101 0.43165468 0.52873563
 0.74736842]
Per-Class Recall: [0.99167543 0.89       0.96666667 0.88       0.78       0.68
 0.78       0.62666667 0.43       0.62666667 0.64       0.05333333
 0.576      0.51428571 0.41333333 0.77       0.34285714 0.61333333
 0.94666667]
Per-Class F1-Score: [0.99582032 0.88557214 0.72864322 0.57391304 0.28467153 0.53968254
 0.2300885  0.16068376 0.27922078 0.2716763  0.36117381 0.06130268
 0.25396825 0.48913043 0.31313131 0.64705882 0.38216561 0.56790123
 0.83529412]
Support per Class: [293949    100    150    150    100    100    100     75    100     75
    125    150    125    175     75    100    175     75     75]
Weighted Precision: 0.9957, Weighted Recall: 0.9892, Weighted F1-Score: 0.9920
Precision: 0.9957, Recall: 0.9892, F1-Score: 0.9920
Fold 1, Epoch 470, Train Loss: 0.6321, Val Loss: 0.6552, Val Acc: 0.9886
Precision: 0.9958, Recall: 0.9872, F1-Score: 0.9909
Fold 1, Epoch 471, Train Loss: 0.5950, Val Loss: 0.4215, Val Acc: 0.9869
Precision: 0.9957, Recall: 0.9698, F1-Score: 0.9819
Fold 1, Epoch 472, Train Loss: 0.5511, Val Loss: 0.3875, Val Acc: 0.9745
Precision: 0.9960, Recall: 0.9883, F1-Score: 0.9915
Fold 1, Epoch 473, Train Loss: 0.5161, Val Loss: 0.3878, Val Acc: 0.9881
Precision: 0.9961, Recall: 0.9907, F1-Score: 0.9930
Fold 1, Epoch 474, Train Loss: 0.5011, Val Loss: 0.3922, Val Acc: 0.9898
Precision: 0.9961, Recall: 0.9896, F1-Score: 0.9924
Fold 1, Epoch 475, Train Loss: 0.5146, Val Loss: 0.3881, Val Acc: 0.9887
Precision: 0.9961, Recall: 0.9904, F1-Score: 0.9927
Fold 1, Epoch 476, Train Loss: 0.5216, Val Loss: 0.3849, Val Acc: 0.9897
Precision: 0.9959, Recall: 0.9572, F1-Score: 0.9755
Fold 1, Epoch 477, Train Loss: 0.5162, Val Loss: 0.4065, Val Acc: 0.9646
Precision: 0.9959, Recall: 0.9895, F1-Score: 0.9921
Fold 1, Epoch 478, Train Loss: 0.5034, Val Loss: 0.3817, Val Acc: 0.9891
Precision: 0.9959, Recall: 0.9905, F1-Score: 0.9927
Fold 1, Epoch 479, Train Loss: 0.4942, Val Loss: 0.3706, Val Acc: 0.9898

--- Epoch 480 ---
--- Epoch 480 ---
--- Epoch 480 ---



--- Epoch 480 ---
Class Weights: [2.1182575e-05 5.6127068e-02 5.6127068e-02 5.9477936e-02 5.6928884e-02
 5.3851645e-02 5.3851645e-02 4.9812771e-02 5.9477936e-02 5.6127068e-02
 6.1308030e-02 5.1753532e-02 5.3851645e-02 6.0379118e-02 5.6928884e-02
 4.9197800e-02 5.4589339e-02 5.2434497e-02 5.7753939e-02]Class Weights: [2.1182575e-05 5.6127068e-02 5.6127068e-02 5.9477936e-02 5.6928884e-02
 5.3851645e-02 5.3851645e-02 4.9812771e-02 5.9477936e-02 5.6127068e-02
 6.1308030e-02 5.1753532e-02 5.3851645e-02 6.0379118e-02 5.6928884e-02
 4.9197800e-02 5.4589339e-02 5.2434497e-02 5.7753939e-02]Class Weights: [2.1182575e-05 5.6127068e-02 5.6127068e-02 5.9477936e-02 5.6928884e-02
 5.3851645e-02 5.3851645e-02 4.9812771e-02 5.9477936e-02 5.6127068e-02
 6.1308030e-02 5.1753532e-02 5.3851645e-02 6.0379118e-02 5.6928884e-02
 4.9197800e-02 5.4589339e-02 5.2434497e-02 5.7753939e-02]
Class Weights: [2.1182575e-05 5.6127068e-02 5.6127068e-02 5.9477936e-02 5.6928884e-02
 5.3851645e-02 5.3851645e-02 4.9812771e-02 5.9477936e-02 5.6127068e-02
 6.1308030e-02 5.1753532e-02 5.3851645e-02 6.0379118e-02 5.6928884e-02
 4.9197800e-02 5.4589339e-02 5.2434497e-02 5.7753939e-02]

Learning Rate: 0.005
Learning Rate: 0.005
Learning Rate: 0.005
Learning Rate: 0.005

Train Loss: 0.5157, Val Loss: 0.3704
Train Loss: 0.5157, Val Loss: 0.3704Train Loss: 0.5157, Val Loss: 0.3704
Train Loss: 0.5157, Val Loss: 0.3704

Per-Class Precision: [1.         0.01081081 0.77894737 0.69711538 0.26689189 0.49693252
 0.24316109 0.15789474 0.35384615 0.17523364 0.23314066 0.21505376
 0.22089552 0.31081081 0.43925234 0.42723005 0.51369863 0.55555556
 0.71428571]
Per-Class Recall: [0.96072108 1.         0.98666667 0.96666667 0.79       0.81
 0.8        0.8        0.23       1.         0.968      0.26666667
 0.592      0.65714286 0.62666667 0.91       0.85714286 1.
 1.        ]
Per-Class F1-Score: [0.9799671  0.02139037 0.87058824 0.81005587 0.3989899  0.61596958
 0.37296037 0.26373626 0.27878788 0.29821074 0.3757764  0.23809524
 0.32173913 0.42201835 0.51648352 0.58146965 0.64239829 0.71428571
 0.83333333]
Support per Class: [293949    100    150    150    100    100    100     75    100     75
    125    150    125    175     75    100    175     75     75]
Weighted Precision: 0.9958, Weighted Recall: 0.9595, Weighted F1-Score: 0.9766
Precision: 0.9958, Recall: 0.9595, F1-Score: 0.9766
Fold 1, Epoch 480, Train Loss: 0.5157, Val Loss: 0.3704, Val Acc: 0.9677
Precision: 0.9962, Recall: 0.9902, F1-Score: 0.9927
Fold 1, Epoch 481, Train Loss: 0.5209, Val Loss: 0.4043, Val Acc: 0.9898
Precision: 0.9963, Recall: 0.9907, F1-Score: 0.9930
Fold 1, Epoch 482, Train Loss: 0.5260, Val Loss: 0.3737, Val Acc: 0.9902
Precision: 0.9959, Recall: 0.9905, F1-Score: 0.9927
Fold 1, Epoch 483, Train Loss: 0.5015, Val Loss: 0.3767, Val Acc: 0.9900
Precision: 0.9960, Recall: 0.9907, F1-Score: 0.9929
Fold 1, Epoch 484, Train Loss: 0.4959, Val Loss: 0.3528, Val Acc: 0.9901
Precision: 0.9960, Recall: 0.9889, F1-Score: 0.9919
Fold 1, Epoch 485, Train Loss: 0.5245, Val Loss: 0.3893, Val Acc: 0.9885
Precision: 0.9961, Recall: 0.9906, F1-Score: 0.9929
Fold 1, Epoch 486, Train Loss: 0.5132, Val Loss: 0.3936, Val Acc: 0.9900
Precision: 0.9961, Recall: 0.9907, F1-Score: 0.9929
Fold 1, Epoch 487, Train Loss: 0.4921, Val Loss: 0.3913, Val Acc: 0.9901
Precision: 0.9962, Recall: 0.9903, F1-Score: 0.9928
Fold 1, Epoch 488, Train Loss: 0.5388, Val Loss: 0.4244, Val Acc: 0.9897
Precision: 0.9953, Recall: 0.9855, F1-Score: 0.9893
Fold 1, Epoch 489, Train Loss: 0.7070, Val Loss: 1.9229, Val Acc: 0.9856

--- Epoch 490 ---
--- Epoch 490 ---
--- Epoch 490 ---



--- Epoch 490 ---
Class Weights: [2.1182575e-05 5.6127068e-02 5.6127068e-02 5.9477936e-02 5.6928884e-02
 5.3851645e-02 5.3851645e-02 4.9812771e-02 5.9477936e-02 5.6127068e-02
 6.1308030e-02 5.1753532e-02 5.3851645e-02 6.0379118e-02 5.6928884e-02
 4.9197800e-02 5.4589339e-02 5.2434497e-02 5.7753939e-02]Class Weights: [2.1182575e-05 5.6127068e-02 5.6127068e-02 5.9477936e-02 5.6928884e-02
 5.3851645e-02 5.3851645e-02 4.9812771e-02 5.9477936e-02 5.6127068e-02
 6.1308030e-02 5.1753532e-02 5.3851645e-02 6.0379118e-02 5.6928884e-02
 4.9197800e-02 5.4589339e-02 5.2434497e-02 5.7753939e-02]Class Weights: [2.1182575e-05 5.6127068e-02 5.6127068e-02 5.9477936e-02 5.6928884e-02
 5.3851645e-02 5.3851645e-02 4.9812771e-02 5.9477936e-02 5.6127068e-02
 6.1308030e-02 5.1753532e-02 5.3851645e-02 6.0379118e-02 5.6928884e-02
 4.9197800e-02 5.4589339e-02 5.2434497e-02 5.7753939e-02]
Class Weights: [2.1182575e-05 5.6127068e-02 5.6127068e-02 5.9477936e-02 5.6928884e-02
 5.3851645e-02 5.3851645e-02 4.9812771e-02 5.9477936e-02 5.6127068e-02
 6.1308030e-02 5.1753532e-02 5.3851645e-02 6.0379118e-02 5.6928884e-02
 4.9197800e-02 5.4589339e-02 5.2434497e-02 5.7753939e-02]

Learning Rate: 0.005
Learning Rate: 0.005
Learning Rate: 0.005
Learning Rate: 0.005

Train Loss: 0.9517, Val Loss: 0.7457
Train Loss: 0.9517, Val Loss: 0.7457
Train Loss: 0.9517, Val Loss: 0.7457Train Loss: 0.9517, Val Loss: 0.7457

Per-Class Precision: [1.         0.1610306  0.6147541  0.55378486 0.2345679  0.38071066
 0.13020833 0.09897611 0.15010571 0.11409396 0.20701754 0.11347518
 0.43478261 0.58196721 0.2745098  0.51136364 0.6625     0.55072464
 0.42857143]
Per-Class Recall: [0.99082834 1.         1.         0.92666667 0.76       0.75
 0.5        0.77333333 0.71       0.45333333 0.944      0.21333333
 0.08       0.40571429 0.37333333 0.45       0.30285714 0.50666667
 0.04      ]
Per-Class F1-Score: [0.99539304 0.27739251 0.76142132 0.69326683 0.35849057 0.50505051
 0.20661157 0.17549168 0.2478185  0.18230563 0.33956835 0.14814815
 0.13513514 0.47811448 0.31638418 0.4787234  0.41568627 0.52777778
 0.07317073]
Support per Class: [293949    100    150    150    100    100    100     75    100     75
    125    150    125    175     75    100    175     75     75]
Weighted Precision: 0.9957, Weighted Recall: 0.9879, Weighted F1-Score: 0.9911
Precision: 0.9957, Recall: 0.9879, F1-Score: 0.9911
Fold 1, Epoch 490, Train Loss: 0.9517, Val Loss: 0.7457, Val Acc: 0.9877
Precision: 0.9958, Recall: 0.9872, F1-Score: 0.9909
Fold 1, Epoch 491, Train Loss: 0.7852, Val Loss: 0.6352, Val Acc: 0.9870
Precision: 0.9957, Recall: 0.9890, F1-Score: 0.9918
Fold 1, Epoch 492, Train Loss: 0.6857, Val Loss: 0.4953, Val Acc: 0.9885
Precision: 0.9958, Recall: 0.9900, F1-Score: 0.9924
Fold 1, Epoch 493, Train Loss: 0.5766, Val Loss: 0.4136, Val Acc: 0.9895
Precision: 0.9958, Recall: 0.9893, F1-Score: 0.9920
Fold 1, Epoch 494, Train Loss: 0.5439, Val Loss: 0.3854, Val Acc: 0.9886
Precision: 0.9962, Recall: 0.9906, F1-Score: 0.9929
Fold 1, Epoch 495, Train Loss: 0.5288, Val Loss: 0.4097, Val Acc: 0.9901
Precision: 0.9961, Recall: 0.9893, F1-Score: 0.9922
Fold 1, Epoch 496, Train Loss: 0.5603, Val Loss: 0.4089, Val Acc: 0.9883
Precision: 0.9957, Recall: 0.9906, F1-Score: 0.9927
Fold 1, Epoch 497, Train Loss: 0.5262, Val Loss: 0.4345, Val Acc: 0.9902
Precision: 0.9959, Recall: 0.9901, F1-Score: 0.9925
Fold 1, Epoch 498, Train Loss: 0.5512, Val Loss: 0.3870, Val Acc: 0.9890
Precision: 0.9962, Recall: 0.9907, F1-Score: 0.9930
Fold 1, Epoch 499, Train Loss: 0.5410, Val Loss: 0.3797, Val Acc: 0.9901

--- Epoch 500 ---
--- Epoch 500 ---
--- Epoch 500 ---



--- Epoch 500 ---
Class Weights: [2.1182575e-05 5.6127068e-02 5.6127068e-02 5.9477936e-02 5.6928884e-02
 5.3851645e-02 5.3851645e-02 4.9812771e-02 5.9477936e-02 5.6127068e-02
 6.1308030e-02 5.1753532e-02 5.3851645e-02 6.0379118e-02 5.6928884e-02
 4.9197800e-02 5.4589339e-02 5.2434497e-02 5.7753939e-02]Class Weights: [2.1182575e-05 5.6127068e-02 5.6127068e-02 5.9477936e-02 5.6928884e-02
 5.3851645e-02 5.3851645e-02 4.9812771e-02 5.9477936e-02 5.6127068e-02
 6.1308030e-02 5.1753532e-02 5.3851645e-02 6.0379118e-02 5.6928884e-02
 4.9197800e-02 5.4589339e-02 5.2434497e-02 5.7753939e-02]Class Weights: [2.1182575e-05 5.6127068e-02 5.6127068e-02 5.9477936e-02 5.6928884e-02
 5.3851645e-02 5.3851645e-02 4.9812771e-02 5.9477936e-02 5.6127068e-02
 6.1308030e-02 5.1753532e-02 5.3851645e-02 6.0379118e-02 5.6928884e-02
 4.9197800e-02 5.4589339e-02 5.2434497e-02 5.7753939e-02]

Class Weights: [2.1182575e-05 5.6127068e-02 5.6127068e-02 5.9477936e-02 5.6928884e-02
 5.3851645e-02 5.3851645e-02 4.9812771e-02 5.9477936e-02 5.6127068e-02
 6.1308030e-02 5.1753532e-02 5.3851645e-02 6.0379118e-02 5.6928884e-02
 4.9197800e-02 5.4589339e-02 5.2434497e-02 5.7753939e-02]
Learning Rate: 0.005Learning Rate: 0.005

Learning Rate: 0.005

Learning Rate: 0.005
Train Loss: 0.5553, Val Loss: 0.4163
Train Loss: 0.5553, Val Loss: 0.4163Train Loss: 0.5553, Val Loss: 0.4163
Train Loss: 0.5553, Val Loss: 0.4163

Per-Class Precision: [1.         0.28735632 0.69767442 0.80113636 0.28846154 0.6
 0.17260274 0.16182573 0.33027523 0.07955801 0.18238022 0.22222222
 0.12886598 0.49275362 0.2481203  0.54237288 0.49206349 0.39267016
 0.56153846]
Per-Class Recall: [0.98958663 1.         1.         0.94       0.75       0.78
 0.63       0.52       0.36       0.96       0.944      0.2
 0.6        0.38857143 0.88       0.32       0.53142857 1.
 0.97333333]
Per-Class F1-Score: [0.99476606 0.44642857 0.82191781 0.86503067 0.41666667 0.67826087
 0.27096774 0.24683544 0.34449761 0.14693878 0.30569948 0.21052632
 0.21216407 0.43450479 0.38709677 0.40251572 0.51098901 0.56390977
 0.71219512]
Support per Class: [293949    100    150    150    100    100    100     75    100     75
    125    150    125    175     75    100    175     75     75]
Weighted Precision: 0.9959, Weighted Recall: 0.9875, Weighted F1-Score: 0.9911
Precision: 0.9959, Recall: 0.9875, F1-Score: 0.9911
Fold 1, Epoch 500, Train Loss: 0.5553, Val Loss: 0.4163, Val Acc: 0.9870
Precision: 0.9961, Recall: 0.9909, F1-Score: 0.9930
Fold 1, Epoch 501, Train Loss: 0.5268, Val Loss: 0.3785, Val Acc: 0.9905
Precision: 0.9959, Recall: 0.9891, F1-Score: 0.9919
Fold 1, Epoch 502, Train Loss: 0.5139, Val Loss: 0.3739, Val Acc: 0.9886
Precision: 0.9959, Recall: 0.9901, F1-Score: 0.9925
Fold 1, Epoch 503, Train Loss: 0.5061, Val Loss: 0.3847, Val Acc: 0.9895
Precision: 0.9959, Recall: 0.9909, F1-Score: 0.9929
Fold 1, Epoch 504, Train Loss: 0.5025, Val Loss: 0.3799, Val Acc: 0.9903
Precision: 0.9959, Recall: 0.9881, F1-Score: 0.9914
Fold 1, Epoch 505, Train Loss: 0.4942, Val Loss: 0.3511, Val Acc: 0.9878
Precision: 0.9960, Recall: 0.9898, F1-Score: 0.9924
Fold 1, Epoch 506, Train Loss: 0.5045, Val Loss: 0.3750, Val Acc: 0.9893
Precision: 0.9958, Recall: 0.9899, F1-Score: 0.9923
Fold 1, Epoch 507, Train Loss: 0.4864, Val Loss: 0.3610, Val Acc: 0.9894
Precision: 0.9961, Recall: 0.9910, F1-Score: 0.9930
Fold 1, Epoch 508, Train Loss: 0.4901, Val Loss: 0.3461, Val Acc: 0.9905
Precision: 0.9962, Recall: 0.9905, F1-Score: 0.9929
Fold 1, Epoch 509, Train Loss: 0.4813, Val Loss: 0.3599, Val Acc: 0.9899

--- Epoch 510 ---
--- Epoch 510 ---
--- Epoch 510 ---



--- Epoch 510 ---
Class Weights: [2.1182575e-05 5.6127068e-02 5.6127068e-02 5.9477936e-02 5.6928884e-02
 5.3851645e-02 5.3851645e-02 4.9812771e-02 5.9477936e-02 5.6127068e-02
 6.1308030e-02 5.1753532e-02 5.3851645e-02 6.0379118e-02 5.6928884e-02
 4.9197800e-02 5.4589339e-02 5.2434497e-02 5.7753939e-02]Class Weights: [2.1182575e-05 5.6127068e-02 5.6127068e-02 5.9477936e-02 5.6928884e-02
 5.3851645e-02 5.3851645e-02 4.9812771e-02 5.9477936e-02 5.6127068e-02
 6.1308030e-02 5.1753532e-02 5.3851645e-02 6.0379118e-02 5.6928884e-02
 4.9197800e-02 5.4589339e-02 5.2434497e-02 5.7753939e-02]Class Weights: [2.1182575e-05 5.6127068e-02 5.6127068e-02 5.9477936e-02 5.6928884e-02
 5.3851645e-02 5.3851645e-02 4.9812771e-02 5.9477936e-02 5.6127068e-02
 6.1308030e-02 5.1753532e-02 5.3851645e-02 6.0379118e-02 5.6928884e-02
 4.9197800e-02 5.4589339e-02 5.2434497e-02 5.7753939e-02]


Class Weights: [2.1182575e-05 5.6127068e-02 5.6127068e-02 5.9477936e-02 5.6928884e-02
 5.3851645e-02 5.3851645e-02 4.9812771e-02 5.9477936e-02 5.6127068e-02
 6.1308030e-02 5.1753532e-02 5.3851645e-02 6.0379118e-02 5.6928884e-02
 4.9197800e-02 5.4589339e-02 5.2434497e-02 5.7753939e-02]Learning Rate: 0.005Learning Rate: 0.005Learning Rate: 0.005



Learning Rate: 0.005
Train Loss: 0.4624, Val Loss: 0.3593Train Loss: 0.4624, Val Loss: 0.3593Train Loss: 0.4624, Val Loss: 0.3593
Train Loss: 0.4624, Val Loss: 0.3593


Per-Class Precision: [1.         0.65131579 0.66079295 0.83006536 0.24473684 0.58461538
 0.35023041 0.23602484 0.26470588 0.17745803 0.22580645 0.20797721
 0.212      0.43564356 0.35064935 0.46470588 0.45833333 0.63559322
 0.5859375 ]
Per-Class Recall: [0.99230819 0.99       1.         0.84666667 0.93       0.76
 0.76       0.50666667 0.36       0.98666667 0.952      0.48666667
 0.424      0.75428571 0.72       0.79       0.81714286 1.
 1.        ]
Per-Class F1-Score: [0.99613925 0.78571429 0.79575597 0.83828383 0.3875     0.66086957
 0.47949527 0.3220339  0.30508475 0.30081301 0.36503067 0.29141717
 0.28266667 0.55230126 0.47161572 0.58518519 0.58726899 0.77720207
 0.73891626]
Support per Class: [293949    100    150    150    100    100    100     75    100     75
    125    150    125    175     75    100    175     75     75]
Weighted Precision: 0.9961, Weighted Recall: 0.9908, Weighted F1-Score: 0.9930
Precision: 0.9961, Recall: 0.9908, F1-Score: 0.9930
Fold 1, Epoch 510, Train Loss: 0.4624, Val Loss: 0.3593, Val Acc: 0.9904
Precision: 0.9960, Recall: 0.9902, F1-Score: 0.9926
Fold 1, Epoch 511, Train Loss: 0.4870, Val Loss: 0.3435, Val Acc: 0.9897
Precision: 0.9960, Recall: 0.9907, F1-Score: 0.9929
Fold 1, Epoch 512, Train Loss: 0.4680, Val Loss: 0.3612, Val Acc: 0.9900
Precision: 0.9963, Recall: 0.9908, F1-Score: 0.9931
Fold 1, Epoch 513, Train Loss: 0.4607, Val Loss: 0.3478, Val Acc: 0.9900
Precision: 0.9962, Recall: 0.9910, F1-Score: 0.9931
Fold 1, Epoch 514, Train Loss: 0.4615, Val Loss: 0.3475, Val Acc: 0.9902
Precision: 0.9960, Recall: 0.9900, F1-Score: 0.9924
Fold 1, Epoch 515, Train Loss: 0.4776, Val Loss: 0.3456, Val Acc: 0.9894
Precision: 0.9961, Recall: 0.9906, F1-Score: 0.9929
Fold 1, Epoch 516, Train Loss: 0.4771, Val Loss: 0.3603, Val Acc: 0.9901
Precision: 0.9958, Recall: 0.9880, F1-Score: 0.9913
Fold 1, Epoch 517, Train Loss: 0.4881, Val Loss: 0.3656, Val Acc: 0.9878
Precision: 0.9961, Recall: 0.9911, F1-Score: 0.9931
Fold 1, Epoch 518, Train Loss: 0.4913, Val Loss: 0.3540, Val Acc: 0.9908
Precision: 0.9962, Recall: 0.9901, F1-Score: 0.9926
Fold 1, Epoch 519, Train Loss: 0.5061, Val Loss: 0.3798, Val Acc: 0.9897

--- Epoch 520 ---
--- Epoch 520 ---


--- Epoch 520 ---

--- Epoch 520 ---
Class Weights: [2.1182575e-05 5.6127068e-02 5.6127068e-02 5.9477936e-02 5.6928884e-02
 5.3851645e-02 5.3851645e-02 4.9812771e-02 5.9477936e-02 5.6127068e-02
 6.1308030e-02 5.1753532e-02 5.3851645e-02 6.0379118e-02 5.6928884e-02
 4.9197800e-02 5.4589339e-02 5.2434497e-02 5.7753939e-02]Class Weights: [2.1182575e-05 5.6127068e-02 5.6127068e-02 5.9477936e-02 5.6928884e-02
 5.3851645e-02 5.3851645e-02 4.9812771e-02 5.9477936e-02 5.6127068e-02
 6.1308030e-02 5.1753532e-02 5.3851645e-02 6.0379118e-02 5.6928884e-02
 4.9197800e-02 5.4589339e-02 5.2434497e-02 5.7753939e-02]
Class Weights: [2.1182575e-05 5.6127068e-02 5.6127068e-02 5.9477936e-02 5.6928884e-02
 5.3851645e-02 5.3851645e-02 4.9812771e-02 5.9477936e-02 5.6127068e-02
 6.1308030e-02 5.1753532e-02 5.3851645e-02 6.0379118e-02 5.6928884e-02
 4.9197800e-02 5.4589339e-02 5.2434497e-02 5.7753939e-02]
Learning Rate: 0.005

Class Weights: [2.1182575e-05 5.6127068e-02 5.6127068e-02 5.9477936e-02 5.6928884e-02
 5.3851645e-02 5.3851645e-02 4.9812771e-02 5.9477936e-02 5.6127068e-02
 6.1308030e-02 5.1753532e-02 5.3851645e-02 6.0379118e-02 5.6928884e-02
 4.9197800e-02 5.4589339e-02 5.2434497e-02 5.7753939e-02]Learning Rate: 0.005Learning Rate: 0.005


Learning Rate: 0.005
Train Loss: 0.5236, Val Loss: 0.3856
Train Loss: 0.5236, Val Loss: 0.3856Train Loss: 0.5236, Val Loss: 0.3856

Train Loss: 0.5236, Val Loss: 0.3856
Per-Class Precision: [1.         0.47619048 0.66968326 0.55762082 0.32568807 0.49152542
 0.53571429 0.18897638 0.14285714 0.20114943 0.21908894 0.17291066
 0.18794326 0.46236559 0.25       0.51034483 0.49013158 0.47770701
 0.65217391]
Per-Class Recall: [0.9921449  1.         0.98666667 1.         0.71       0.87
 0.6        0.96       0.12       0.93333333 0.808      0.4
 0.424      0.73714286 0.74666667 0.74       0.85142857 1.
 1.        ]
Per-Class F1-Score: [0.99605696 0.64516129 0.79784367 0.71599045 0.44654088 0.62815884
 0.56603774 0.31578947 0.13043478 0.33096927 0.3447099  0.24144869
 0.26044226 0.56828194 0.37458194 0.60408163 0.62212944 0.64655172
 0.78947368]
Support per Class: [293949    100    150    150    100    100    100     75    100     75
    125    150    125    175     75    100    175     75     75]
Weighted Precision: 0.9959, Weighted Recall: 0.9906, Weighted F1-Score: 0.9927
Precision: 0.9959, Recall: 0.9906, F1-Score: 0.9927
Fold 1, Epoch 520, Train Loss: 0.5236, Val Loss: 0.3856, Val Acc: 0.9900
Precision: 0.9961, Recall: 0.9906, F1-Score: 0.9928
Fold 1, Epoch 521, Train Loss: 0.5148, Val Loss: 0.3683, Val Acc: 0.9896
Precision: 0.9962, Recall: 0.9906, F1-Score: 0.9930
Fold 1, Epoch 522, Train Loss: 0.4855, Val Loss: 0.4061, Val Acc: 0.9901
Precision: 0.9960, Recall: 0.9902, F1-Score: 0.9926
Fold 1, Epoch 523, Train Loss: 0.4818, Val Loss: 0.3744, Val Acc: 0.9894
Precision: 0.9962, Recall: 0.9908, F1-Score: 0.9930
Fold 1, Epoch 524, Train Loss: 0.4797, Val Loss: 0.3418, Val Acc: 0.9902
Precision: 0.9961, Recall: 0.9909, F1-Score: 0.9930
Fold 1, Epoch 525, Train Loss: 0.4736, Val Loss: 0.3320, Val Acc: 0.9903
Precision: 0.9961, Recall: 0.9909, F1-Score: 0.9930
Fold 1, Epoch 526, Train Loss: 0.4740, Val Loss: 0.3661, Val Acc: 0.9901
Precision: 0.9961, Recall: 0.9905, F1-Score: 0.9928
Fold 1, Epoch 527, Train Loss: 0.4611, Val Loss: 0.3539, Val Acc: 0.9899
Precision: 0.9958, Recall: 0.9695, F1-Score: 0.9818
Fold 1, Epoch 528, Train Loss: 0.4697, Val Loss: 0.3661, Val Acc: 0.9726
Precision: 0.9962, Recall: 0.9913, F1-Score: 0.9933
Fold 1, Epoch 529, Train Loss: 0.4618, Val Loss: 0.3644, Val Acc: 0.9909

--- Epoch 530 ---
--- Epoch 530 ---


--- Epoch 530 ---

--- Epoch 530 ---
Class Weights: [2.1182575e-05 5.6127068e-02 5.6127068e-02 5.9477936e-02 5.6928884e-02
 5.3851645e-02 5.3851645e-02 4.9812771e-02 5.9477936e-02 5.6127068e-02
 6.1308030e-02 5.1753532e-02 5.3851645e-02 6.0379118e-02 5.6928884e-02
 4.9197800e-02 5.4589339e-02 5.2434497e-02 5.7753939e-02]Class Weights: [2.1182575e-05 5.6127068e-02 5.6127068e-02 5.9477936e-02 5.6928884e-02
 5.3851645e-02 5.3851645e-02 4.9812771e-02 5.9477936e-02 5.6127068e-02
 6.1308030e-02 5.1753532e-02 5.3851645e-02 6.0379118e-02 5.6928884e-02
 4.9197800e-02 5.4589339e-02 5.2434497e-02 5.7753939e-02]Class Weights: [2.1182575e-05 5.6127068e-02 5.6127068e-02 5.9477936e-02 5.6928884e-02
 5.3851645e-02 5.3851645e-02 4.9812771e-02 5.9477936e-02 5.6127068e-02
 6.1308030e-02 5.1753532e-02 5.3851645e-02 6.0379118e-02 5.6928884e-02
 4.9197800e-02 5.4589339e-02 5.2434497e-02 5.7753939e-02]Class Weights: [2.1182575e-05 5.6127068e-02 5.6127068e-02 5.9477936e-02 5.6928884e-02
 5.3851645e-02 5.3851645e-02 4.9812771e-02 5.9477936e-02 5.6127068e-02
 6.1308030e-02 5.1753532e-02 5.3851645e-02 6.0379118e-02 5.6928884e-02
 4.9197800e-02 5.4589339e-02 5.2434497e-02 5.7753939e-02]



Learning Rate: 0.005Learning Rate: 0.005Learning Rate: 0.005
Learning Rate: 0.005


Train Loss: 0.4988, Val Loss: 0.3707Train Loss: 0.4988, Val Loss: 0.3707Train Loss: 0.4988, Val Loss: 0.3707

Train Loss: 0.4988, Val Loss: 0.3707

Per-Class Precision: [1.         0.82051282 0.65502183 0.5509434  0.24897959 0.39583333
 0.24925816 0.22222222 0.37012987 0.2260274  0.24484536 0.3125
 0.16201117 0.25       0.30645161 0.41004184 0.46153846 0.64655172
 0.7826087 ]
Per-Class Recall: [0.9921585  0.96       1.         0.97333333 0.61       0.76
 0.84       0.61333333 0.57       0.88       0.76       0.33333333
 0.232      0.93714286 0.50666667 0.98       0.89142857 1.
 0.96      ]
Per-Class F1-Score: [0.99606382 0.88479263 0.79155673 0.70361446 0.35362319 0.52054795
 0.38443936 0.32624113 0.4488189  0.35967302 0.37037037 0.32258065
 0.19078947 0.39470517 0.38190955 0.57817109 0.60818713 0.78534031
 0.86227545]
Support per Class: [293949    100    150    150    100    100    100     75    100     75
    125    150    125    175     75    100    175     75     75]
Weighted Precision: 0.9959, Weighted Recall: 0.9906, Weighted F1-Score: 0.9928
Precision: 0.9959, Recall: 0.9906, F1-Score: 0.9928
Fold 1, Epoch 530, Train Loss: 0.4988, Val Loss: 0.3707, Val Acc: 0.9899
Precision: 0.9961, Recall: 0.9908, F1-Score: 0.9930
Fold 1, Epoch 531, Train Loss: 0.5302, Val Loss: 0.3428, Val Acc: 0.9904
Precision: 0.9963, Recall: 0.9910, F1-Score: 0.9932
Fold 1, Epoch 532, Train Loss: 0.5076, Val Loss: 0.3631, Val Acc: 0.9906
Precision: 0.9961, Recall: 0.9908, F1-Score: 0.9929
Fold 1, Epoch 533, Train Loss: 0.5125, Val Loss: 0.3625, Val Acc: 0.9901
Precision: 0.9962, Recall: 0.9910, F1-Score: 0.9931
Fold 1, Epoch 534, Train Loss: 0.4996, Val Loss: 0.3627, Val Acc: 0.9905
Precision: 0.9961, Recall: 0.9904, F1-Score: 0.9927
Fold 1, Epoch 535, Train Loss: 0.4804, Val Loss: 0.3427, Val Acc: 0.9897
Precision: 0.9962, Recall: 0.9909, F1-Score: 0.9931
Fold 1, Epoch 536, Train Loss: 0.4839, Val Loss: 0.3548, Val Acc: 0.9903
Precision: 0.9959, Recall: 0.9903, F1-Score: 0.9926
Fold 1, Epoch 537, Train Loss: 0.4778, Val Loss: 0.3599, Val Acc: 0.9899
Precision: 0.9960, Recall: 0.9900, F1-Score: 0.9924
Fold 1, Epoch 538, Train Loss: 0.4747, Val Loss: 0.3503, Val Acc: 0.9894
Precision: 0.9958, Recall: 0.9895, F1-Score: 0.9921
Fold 1, Epoch 539, Train Loss: 0.4643, Val Loss: 0.3763, Val Acc: 0.9889

--- Epoch 540 ---
--- Epoch 540 ---
--- Epoch 540 ---



--- Epoch 540 ---
Class Weights: [2.1182575e-05 5.6127068e-02 5.6127068e-02 5.9477936e-02 5.6928884e-02
 5.3851645e-02 5.3851645e-02 4.9812771e-02 5.9477936e-02 5.6127068e-02
 6.1308030e-02 5.1753532e-02 5.3851645e-02 6.0379118e-02 5.6928884e-02
 4.9197800e-02 5.4589339e-02 5.2434497e-02 5.7753939e-02]Class Weights: [2.1182575e-05 5.6127068e-02 5.6127068e-02 5.9477936e-02 5.6928884e-02
 5.3851645e-02 5.3851645e-02 4.9812771e-02 5.9477936e-02 5.6127068e-02
 6.1308030e-02 5.1753532e-02 5.3851645e-02 6.0379118e-02 5.6928884e-02
 4.9197800e-02 5.4589339e-02 5.2434497e-02 5.7753939e-02]
Class Weights: [2.1182575e-05 5.6127068e-02 5.6127068e-02 5.9477936e-02 5.6928884e-02
 5.3851645e-02 5.3851645e-02 4.9812771e-02 5.9477936e-02 5.6127068e-02
 6.1308030e-02 5.1753532e-02 5.3851645e-02 6.0379118e-02 5.6928884e-02
 4.9197800e-02 5.4589339e-02 5.2434497e-02 5.7753939e-02]Class Weights: [2.1182575e-05 5.6127068e-02 5.6127068e-02 5.9477936e-02 5.6928884e-02
 5.3851645e-02 5.3851645e-02 4.9812771e-02 5.9477936e-02 5.6127068e-02
 6.1308030e-02 5.1753532e-02 5.3851645e-02 6.0379118e-02 5.6928884e-02
 4.9197800e-02 5.4589339e-02 5.2434497e-02 5.7753939e-02]
Learning Rate: 0.005


Learning Rate: 0.005Learning Rate: 0.005
Learning Rate: 0.005

Train Loss: 0.4906, Val Loss: 0.4845
Train Loss: 0.4906, Val Loss: 0.4845Train Loss: 0.4906, Val Loss: 0.4845
Train Loss: 0.4906, Val Loss: 0.4845

Per-Class Precision: [1.         0.32225914 0.63948498 0.40322581 0.29213483 0.55714286
 0.42105263 0.15789474 0.17670683 0.17249417 0.24153499 0.18159204
 0.18965517 0.54314721 0.27777778 0.55737705 0.37628866 0.76271186
 0.82022472]
Per-Class Recall: [0.99191356 0.97       0.99333333 1.         0.78       0.78
 0.72       0.2        0.88       0.98666667 0.856      0.48666667
 0.264      0.61142857 0.8        0.68       0.41714286 0.6
 0.97333333]
Per-Class F1-Score: [0.99594037 0.48379052 0.77806789 0.57471264 0.42506812 0.65
 0.53136531 0.17647059 0.29431438 0.29365079 0.37676056 0.26449275
 0.22073579 0.57526882 0.41237113 0.61261261 0.39566396 0.67164179
 0.8902439 ]
Support per Class: [293949    100    150    150    100    100    100     75    100     75
    125    150    125    175     75    100    175     75     75]
Weighted Precision: 0.9958, Weighted Recall: 0.9900, Weighted F1-Score: 0.9924
Precision: 0.9958, Recall: 0.9900, F1-Score: 0.9924
Fold 1, Epoch 540, Train Loss: 0.4906, Val Loss: 0.4845, Val Acc: 0.9896
Precision: 0.9958, Recall: 0.9890, F1-Score: 0.9919
Fold 1, Epoch 541, Train Loss: 0.7745, Val Loss: 0.5115, Val Acc: 0.9881
Precision: 0.9957, Recall: 0.9904, F1-Score: 0.9926
Fold 1, Epoch 542, Train Loss: 0.7778, Val Loss: 0.4684, Val Acc: 0.9897
Precision: 0.9961, Recall: 0.9883, F1-Score: 0.9916
Fold 1, Epoch 543, Train Loss: 0.5637, Val Loss: 0.3998, Val Acc: 0.9878
Precision: 0.9961, Recall: 0.9906, F1-Score: 0.9929
Fold 1, Epoch 544, Train Loss: 0.5188, Val Loss: 0.3788, Val Acc: 0.9900
Precision: 0.9961, Recall: 0.9906, F1-Score: 0.9928
Fold 1, Epoch 545, Train Loss: 0.4982, Val Loss: 0.3595, Val Acc: 0.9899
Precision: 0.9960, Recall: 0.9909, F1-Score: 0.9930
Fold 1, Epoch 546, Train Loss: 0.4954, Val Loss: 0.3541, Val Acc: 0.9903
Precision: 0.9961, Recall: 0.9897, F1-Score: 0.9923
Fold 1, Epoch 547, Train Loss: 0.4842, Val Loss: 0.3585, Val Acc: 0.9894
Precision: 0.9961, Recall: 0.9891, F1-Score: 0.9919
Fold 1, Epoch 548, Train Loss: 0.5005, Val Loss: 0.3797, Val Acc: 0.9888
Precision: 0.9959, Recall: 0.9876, F1-Score: 0.9912
Fold 1, Epoch 549, Train Loss: 0.4955, Val Loss: 0.3738, Val Acc: 0.9874

--- Epoch 550 ---
--- Epoch 550 ---
--- Epoch 550 ---



--- Epoch 550 ---
Class Weights: [2.1182575e-05 5.6127068e-02 5.6127068e-02 5.9477936e-02 5.6928884e-02
 5.3851645e-02 5.3851645e-02 4.9812771e-02 5.9477936e-02 5.6127068e-02
 6.1308030e-02 5.1753532e-02 5.3851645e-02 6.0379118e-02 5.6928884e-02
 4.9197800e-02 5.4589339e-02 5.2434497e-02 5.7753939e-02]Class Weights: [2.1182575e-05 5.6127068e-02 5.6127068e-02 5.9477936e-02 5.6928884e-02
 5.3851645e-02 5.3851645e-02 4.9812771e-02 5.9477936e-02 5.6127068e-02
 6.1308030e-02 5.1753532e-02 5.3851645e-02 6.0379118e-02 5.6928884e-02
 4.9197800e-02 5.4589339e-02 5.2434497e-02 5.7753939e-02]Class Weights: [2.1182575e-05 5.6127068e-02 5.6127068e-02 5.9477936e-02 5.6928884e-02
 5.3851645e-02 5.3851645e-02 4.9812771e-02 5.9477936e-02 5.6127068e-02
 6.1308030e-02 5.1753532e-02 5.3851645e-02 6.0379118e-02 5.6928884e-02
 4.9197800e-02 5.4589339e-02 5.2434497e-02 5.7753939e-02]


Learning Rate: 0.005Learning Rate: 0.005
Learning Rate: 0.005
Class Weights: [2.1182575e-05 5.6127068e-02 5.6127068e-02 5.9477936e-02 5.6928884e-02
 5.3851645e-02 5.3851645e-02 4.9812771e-02 5.9477936e-02 5.6127068e-02
 6.1308030e-02 5.1753532e-02 5.3851645e-02 6.0379118e-02 5.6928884e-02
 4.9197800e-02 5.4589339e-02 5.2434497e-02 5.7753939e-02]

Learning Rate: 0.005
Train Loss: 0.4878, Val Loss: 0.3486Train Loss: 0.4878, Val Loss: 0.3486

Train Loss: 0.4878, Val Loss: 0.3486
Train Loss: 0.4878, Val Loss: 0.3486
Per-Class Precision: [1.         0.75572519 0.64377682 0.59756098 0.33333333 0.375
 0.32283465 0.38297872 0.20723684 0.2005814  0.22344322 0.20670391
 0.16731518 0.4957265  0.33510638 0.515625   0.47712418 0.5323741
 0.71568627]
Per-Class Recall: [0.99231159 0.99       1.         0.98       0.76       0.9
 0.82       0.24       0.63       0.92       0.976      0.49333333
 0.344      0.66285714 0.84       0.66       0.83428571 0.98666667
 0.97333333]
Per-Class F1-Score: [0.99614096 0.85714286 0.78328982 0.74242424 0.46341463 0.52941176
 0.46327684 0.29508197 0.31188119 0.32935561 0.36363636 0.29133858
 0.22513089 0.56723716 0.47908745 0.57894737 0.60706861 0.69158879
 0.82485876]
Support per Class: [293949    100    150    150    100    100    100     75    100     75
    125    150    125    175     75    100    175     75     75]
Weighted Precision: 0.9960, Weighted Recall: 0.9908, Weighted F1-Score: 0.9929
Precision: 0.9960, Recall: 0.9908, F1-Score: 0.9929
Fold 1, Epoch 550, Train Loss: 0.4878, Val Loss: 0.3486, Val Acc: 0.9905
Precision: 0.9962, Recall: 0.9904, F1-Score: 0.9928
Fold 1, Epoch 551, Train Loss: 0.4798, Val Loss: 0.3717, Val Acc: 0.9899
Precision: 0.9961, Recall: 0.9907, F1-Score: 0.9929
Fold 1, Epoch 552, Train Loss: 0.4918, Val Loss: 0.3598, Val Acc: 0.9898
Precision: 0.9963, Recall: 0.9911, F1-Score: 0.9932
Fold 1, Epoch 553, Train Loss: 0.5034, Val Loss: 0.3559, Val Acc: 0.9907
Precision: 0.9960, Recall: 0.9896, F1-Score: 0.9922
Fold 1, Epoch 554, Train Loss: 0.4955, Val Loss: 0.3667, Val Acc: 0.9891
Precision: 0.9960, Recall: 0.9901, F1-Score: 0.9925
Fold 1, Epoch 555, Train Loss: 0.5128, Val Loss: 0.3635, Val Acc: 0.9894
Precision: 0.9961, Recall: 0.9907, F1-Score: 0.9929
Fold 1, Epoch 556, Train Loss: 0.4861, Val Loss: 0.3710, Val Acc: 0.9902
Precision: 0.9959, Recall: 0.9553, F1-Score: 0.9745
Fold 1, Epoch 557, Train Loss: 0.4732, Val Loss: 0.4133, Val Acc: 0.9601
Precision: 0.9958, Recall: 0.9890, F1-Score: 0.9919
Fold 1, Epoch 558, Train Loss: 0.5098, Val Loss: 0.3537, Val Acc: 0.9887
Precision: 0.9959, Recall: 0.9896, F1-Score: 0.9922
Fold 1, Epoch 559, Train Loss: 0.5183, Val Loss: 0.3728, Val Acc: 0.9891

--- Epoch 560 ---
--- Epoch 560 ---
--- Epoch 560 ---



--- Epoch 560 ---
Class Weights: [2.1182575e-05 5.6127068e-02 5.6127068e-02 5.9477936e-02 5.6928884e-02
 5.3851645e-02 5.3851645e-02 4.9812771e-02 5.9477936e-02 5.6127068e-02
 6.1308030e-02 5.1753532e-02 5.3851645e-02 6.0379118e-02 5.6928884e-02
 4.9197800e-02 5.4589339e-02 5.2434497e-02 5.7753939e-02]Class Weights: [2.1182575e-05 5.6127068e-02 5.6127068e-02 5.9477936e-02 5.6928884e-02
 5.3851645e-02 5.3851645e-02 4.9812771e-02 5.9477936e-02 5.6127068e-02
 6.1308030e-02 5.1753532e-02 5.3851645e-02 6.0379118e-02 5.6928884e-02
 4.9197800e-02 5.4589339e-02 5.2434497e-02 5.7753939e-02]Class Weights: [2.1182575e-05 5.6127068e-02 5.6127068e-02 5.9477936e-02 5.6928884e-02
 5.3851645e-02 5.3851645e-02 4.9812771e-02 5.9477936e-02 5.6127068e-02
 6.1308030e-02 5.1753532e-02 5.3851645e-02 6.0379118e-02 5.6928884e-02
 4.9197800e-02 5.4589339e-02 5.2434497e-02 5.7753939e-02]Class Weights: [2.1182575e-05 5.6127068e-02 5.6127068e-02 5.9477936e-02 5.6928884e-02
 5.3851645e-02 5.3851645e-02 4.9812771e-02 5.9477936e-02 5.6127068e-02
 6.1308030e-02 5.1753532e-02 5.3851645e-02 6.0379118e-02 5.6928884e-02
 4.9197800e-02 5.4589339e-02 5.2434497e-02 5.7753939e-02]



Learning Rate: 0.005Learning Rate: 0.005Learning Rate: 0.005

Learning Rate: 0.005

Train Loss: 0.4684, Val Loss: 0.3662Train Loss: 0.4684, Val Loss: 0.3662
Train Loss: 0.4684, Val Loss: 0.3662Train Loss: 0.4684, Val Loss: 0.3662


Per-Class Precision: [1.         0.20081967 0.75376884 0.63636364 0.28629032 0.46745562
 0.26666667 0.25465839 0.26141079 0.22697368 0.24022346 0.1257485
 0.14795244 0.58389262 0.32214765 0.50877193 0.47692308 0.56818182
 0.78888889]
Per-Class Recall: [0.99105627 0.98       1.         0.98       0.71       0.79
 0.84       0.54666667 0.63       0.92       0.688      0.14
 0.896      0.49714286 0.64       0.87       0.88571429 1.
 0.94666667]
Per-Class F1-Score: [0.99550805 0.33333333 0.85959885 0.77165354 0.40804598 0.58736059
 0.40481928 0.34745763 0.36950147 0.36411609 0.35610766 0.13249211
 0.25396825 0.53703704 0.42857143 0.64206642 0.62       0.72463768
 0.86060606]
Support per Class: [293949    100    150    150    100    100    100     75    100     75
    125    150    125    175     75    100    175     75     75]
Weighted Precision: 0.9959, Weighted Recall: 0.9895, Weighted F1-Score: 0.9922
Precision: 0.9959, Recall: 0.9895, F1-Score: 0.9922
Fold 1, Epoch 560, Train Loss: 0.4684, Val Loss: 0.3662, Val Acc: 0.9891
Precision: 0.9961, Recall: 0.9909, F1-Score: 0.9930
Fold 1, Epoch 561, Train Loss: 0.4861, Val Loss: 0.3510, Val Acc: 0.9902
Precision: 0.9960, Recall: 0.9907, F1-Score: 0.9928
Fold 1, Epoch 562, Train Loss: 0.4883, Val Loss: 0.3510, Val Acc: 0.9902
Precision: 0.9961, Recall: 0.9906, F1-Score: 0.9929
Fold 1, Epoch 563, Train Loss: 0.4634, Val Loss: 0.3588, Val Acc: 0.9902
Precision: 0.9962, Recall: 0.9911, F1-Score: 0.9932
Fold 1, Epoch 564, Train Loss: 0.4739, Val Loss: 0.3481, Val Acc: 0.9905
Precision: 0.9960, Recall: 0.9887, F1-Score: 0.9919
Fold 1, Epoch 565, Train Loss: 0.4731, Val Loss: 0.3405, Val Acc: 0.9881
Precision: 0.9960, Recall: 0.9905, F1-Score: 0.9927
Fold 1, Epoch 566, Train Loss: 0.4809, Val Loss: 0.3575, Val Acc: 0.9901
Precision: 0.9958, Recall: 0.9835, F1-Score: 0.9890
Fold 1, Epoch 567, Train Loss: 0.5054, Val Loss: 0.3531, Val Acc: 0.9845
Precision: 0.9963, Recall: 0.9913, F1-Score: 0.9933
Fold 1, Epoch 568, Train Loss: 0.4843, Val Loss: 0.3391, Val Acc: 0.9909
Precision: 0.9960, Recall: 0.9899, F1-Score: 0.9924
Fold 1, Epoch 569, Train Loss: 0.4580, Val Loss: 0.3551, Val Acc: 0.9896

--- Epoch 570 ---
--- Epoch 570 ---
--- Epoch 570 ---



--- Epoch 570 ---
Class Weights: [2.1182575e-05 5.6127068e-02 5.6127068e-02 5.9477936e-02 5.6928884e-02
 5.3851645e-02 5.3851645e-02 4.9812771e-02 5.9477936e-02 5.6127068e-02
 6.1308030e-02 5.1753532e-02 5.3851645e-02 6.0379118e-02 5.6928884e-02
 4.9197800e-02 5.4589339e-02 5.2434497e-02 5.7753939e-02]Class Weights: [2.1182575e-05 5.6127068e-02 5.6127068e-02 5.9477936e-02 5.6928884e-02
 5.3851645e-02 5.3851645e-02 4.9812771e-02 5.9477936e-02 5.6127068e-02
 6.1308030e-02 5.1753532e-02 5.3851645e-02 6.0379118e-02 5.6928884e-02
 4.9197800e-02 5.4589339e-02 5.2434497e-02 5.7753939e-02]Class Weights: [2.1182575e-05 5.6127068e-02 5.6127068e-02 5.9477936e-02 5.6928884e-02
 5.3851645e-02 5.3851645e-02 4.9812771e-02 5.9477936e-02 5.6127068e-02
 6.1308030e-02 5.1753532e-02 5.3851645e-02 6.0379118e-02 5.6928884e-02
 4.9197800e-02 5.4589339e-02 5.2434497e-02 5.7753939e-02]Class Weights: [2.1182575e-05 5.6127068e-02 5.6127068e-02 5.9477936e-02 5.6928884e-02
 5.3851645e-02 5.3851645e-02 4.9812771e-02 5.9477936e-02 5.6127068e-02
 6.1308030e-02 5.1753532e-02 5.3851645e-02 6.0379118e-02 5.6928884e-02
 4.9197800e-02 5.4589339e-02 5.2434497e-02 5.7753939e-02]



Learning Rate: 0.005Learning Rate: 0.005Learning Rate: 0.005

Learning Rate: 0.005

Train Loss: 0.4470, Val Loss: 0.3482
Train Loss: 0.4470, Val Loss: 0.3482Train Loss: 0.4470, Val Loss: 0.3482
Train Loss: 0.4470, Val Loss: 0.3482

Per-Class Precision: [1.         0.56896552 0.78212291 0.5648855  0.30147059 0.47133758
 0.40625    0.20454545 0.33333333 0.22641509 0.28615385 0.18204489
 0.20786517 0.51489362 0.25641026 0.42342342 0.49295775 0.58139535
 0.70192308]
Per-Class Recall: [0.992332   0.99       0.93333333 0.98666667 0.82       0.74
 0.78       0.72       0.7        0.96       0.744      0.48666667
 0.592      0.69142857 0.66666667 0.94       0.8        1.
 0.97333333]
Per-Class F1-Score: [0.99615125 0.72262774 0.85106383 0.7184466  0.44086022 0.57587549
 0.53424658 0.31858407 0.4516129  0.36641221 0.41333333 0.26497278
 0.30769231 0.5902439  0.37037037 0.58385093 0.61002179 0.73529412
 0.81564246]
Support per Class: [293949    100    150    150    100    100    100     75    100     75
    125    150    125    175     75    100    175     75     75]
Weighted Precision: 0.9961, Weighted Recall: 0.9910, Weighted F1-Score: 0.9931
Precision: 0.9961, Recall: 0.9910, F1-Score: 0.9931
Fold 1, Epoch 570, Train Loss: 0.4470, Val Loss: 0.3482, Val Acc: 0.9904
Precision: 0.9960, Recall: 0.9755, F1-Score: 0.9850
Fold 1, Epoch 571, Train Loss: 0.4463, Val Loss: 0.3343, Val Acc: 0.9796
Precision: 0.9962, Recall: 0.9907, F1-Score: 0.9929
Fold 1, Epoch 572, Train Loss: 0.4514, Val Loss: 0.3359, Val Acc: 0.9901
Precision: 0.9963, Recall: 0.9909, F1-Score: 0.9932
Fold 1, Epoch 573, Train Loss: 0.4831, Val Loss: 0.3584, Val Acc: 0.9903
Precision: 0.9961, Recall: 0.9906, F1-Score: 0.9928
Fold 1, Epoch 574, Train Loss: 0.4677, Val Loss: 0.3478, Val Acc: 0.9900
Precision: 0.9960, Recall: 0.9908, F1-Score: 0.9929
Fold 1, Epoch 575, Train Loss: 0.4470, Val Loss: 0.3534, Val Acc: 0.9901
Precision: 0.9961, Recall: 0.9906, F1-Score: 0.9928
Fold 1, Epoch 576, Train Loss: 0.4508, Val Loss: 0.3442, Val Acc: 0.9899
Precision: 0.9960, Recall: 0.9908, F1-Score: 0.9929
Fold 1, Epoch 577, Train Loss: 0.4625, Val Loss: 0.3351, Val Acc: 0.9903
Precision: 0.9961, Recall: 0.9894, F1-Score: 0.9922
Fold 1, Epoch 578, Train Loss: 0.4509, Val Loss: 0.3553, Val Acc: 0.9885
Precision: 0.9963, Recall: 0.9904, F1-Score: 0.9929
Fold 1, Epoch 579, Train Loss: 0.4602, Val Loss: 0.3731, Val Acc: 0.9899

--- Epoch 580 ---
--- Epoch 580 ---
--- Epoch 580 ---



--- Epoch 580 ---
Class Weights: [2.1182575e-05 5.6127068e-02 5.6127068e-02 5.9477936e-02 5.6928884e-02
 5.3851645e-02 5.3851645e-02 4.9812771e-02 5.9477936e-02 5.6127068e-02
 6.1308030e-02 5.1753532e-02 5.3851645e-02 6.0379118e-02 5.6928884e-02
 4.9197800e-02 5.4589339e-02 5.2434497e-02 5.7753939e-02]Class Weights: [2.1182575e-05 5.6127068e-02 5.6127068e-02 5.9477936e-02 5.6928884e-02
 5.3851645e-02 5.3851645e-02 4.9812771e-02 5.9477936e-02 5.6127068e-02
 6.1308030e-02 5.1753532e-02 5.3851645e-02 6.0379118e-02 5.6928884e-02
 4.9197800e-02 5.4589339e-02 5.2434497e-02 5.7753939e-02]Class Weights: [2.1182575e-05 5.6127068e-02 5.6127068e-02 5.9477936e-02 5.6928884e-02
 5.3851645e-02 5.3851645e-02 4.9812771e-02 5.9477936e-02 5.6127068e-02
 6.1308030e-02 5.1753532e-02 5.3851645e-02 6.0379118e-02 5.6928884e-02
 4.9197800e-02 5.4589339e-02 5.2434497e-02 5.7753939e-02]


Class Weights: [2.1182575e-05 5.6127068e-02 5.6127068e-02 5.9477936e-02 5.6928884e-02
 5.3851645e-02 5.3851645e-02 4.9812771e-02 5.9477936e-02 5.6127068e-02
 6.1308030e-02 5.1753532e-02 5.3851645e-02 6.0379118e-02 5.6928884e-02
 4.9197800e-02 5.4589339e-02 5.2434497e-02 5.7753939e-02]Learning Rate: 0.005Learning Rate: 0.005Learning Rate: 0.005



Learning Rate: 0.005
Train Loss: 0.4721, Val Loss: 0.3412Train Loss: 0.4721, Val Loss: 0.3412Train Loss: 0.4721, Val Loss: 0.3412Train Loss: 0.4721, Val Loss: 0.3412



Per-Class Precision: [1.         0.42194093 0.71090047 0.68396226 0.33093525 0.57342657
 0.41340782 0.24723247 0.359375   0.20916905 0.22868217 0.18145161
 0.22330097 0.55932203 0.39097744 0.46927374 0.4689441  0.6147541
 0.6147541 ]
Per-Class Recall: [0.99225036 1.         1.         0.96666667 0.92       0.82
 0.74       0.89333333 0.69       0.97333333 0.944      0.3
 0.736      0.56571429 0.69333333 0.84       0.86285714 1.
 1.        ]
Per-Class F1-Score: [0.99611011 0.59347181 0.83102493 0.80110497 0.48677249 0.67489712
 0.53046595 0.38728324 0.47260274 0.34433962 0.36817473 0.22613065
 0.34264432 0.5625     0.5        0.60215054 0.60764588 0.76142132
 0.76142132]
Support per Class: [293949    100    150    150    100    100    100     75    100     75
    125    150    125    175     75    100    175     75     75]
Weighted Precision: 0.9961, Weighted Recall: 0.9910, Weighted F1-Score: 0.9931
Precision: 0.9961, Recall: 0.9910, F1-Score: 0.9931
Fold 1, Epoch 580, Train Loss: 0.4721, Val Loss: 0.3412, Val Acc: 0.9904
Precision: 0.9960, Recall: 0.9903, F1-Score: 0.9926
Fold 1, Epoch 581, Train Loss: 0.4380, Val Loss: 0.3278, Val Acc: 0.9896
Precision: 0.9960, Recall: 0.9905, F1-Score: 0.9928
Fold 1, Epoch 582, Train Loss: 0.4551, Val Loss: 0.3181, Val Acc: 0.9900
Precision: 0.9961, Recall: 0.9898, F1-Score: 0.9924
Fold 1, Epoch 583, Train Loss: 0.4365, Val Loss: 0.3529, Val Acc: 0.9893
Precision: 0.9962, Recall: 0.9909, F1-Score: 0.9931
Fold 1, Epoch 584, Train Loss: 0.4491, Val Loss: 0.3437, Val Acc: 0.9903
Precision: 0.9960, Recall: 0.9885, F1-Score: 0.9916
Fold 1, Epoch 585, Train Loss: 0.4465, Val Loss: 0.3265, Val Acc: 0.9883
Precision: 0.9959, Recall: 0.9740, F1-Score: 0.9842
Fold 1, Epoch 586, Train Loss: 0.4477, Val Loss: 0.3674, Val Acc: 0.9786
Precision: 0.9961, Recall: 0.9913, F1-Score: 0.9932
Fold 1, Epoch 587, Train Loss: 0.4520, Val Loss: 0.3578, Val Acc: 0.9904
Precision: 0.9961, Recall: 0.9904, F1-Score: 0.9927
Fold 1, Epoch 588, Train Loss: 0.4581, Val Loss: 0.3265, Val Acc: 0.9897
Precision: 0.9964, Recall: 0.9910, F1-Score: 0.9932
Fold 1, Epoch 589, Train Loss: 0.4538, Val Loss: 0.3506, Val Acc: 0.9905

--- Epoch 590 ---
--- Epoch 590 ---
--- Epoch 590 ---



--- Epoch 590 ---
Class Weights: [2.1182575e-05 5.6127068e-02 5.6127068e-02 5.9477936e-02 5.6928884e-02
 5.3851645e-02 5.3851645e-02 4.9812771e-02 5.9477936e-02 5.6127068e-02
 6.1308030e-02 5.1753532e-02 5.3851645e-02 6.0379118e-02 5.6928884e-02
 4.9197800e-02 5.4589339e-02 5.2434497e-02 5.7753939e-02]Class Weights: [2.1182575e-05 5.6127068e-02 5.6127068e-02 5.9477936e-02 5.6928884e-02
 5.3851645e-02 5.3851645e-02 4.9812771e-02 5.9477936e-02 5.6127068e-02
 6.1308030e-02 5.1753532e-02 5.3851645e-02 6.0379118e-02 5.6928884e-02
 4.9197800e-02 5.4589339e-02 5.2434497e-02 5.7753939e-02]Class Weights: [2.1182575e-05 5.6127068e-02 5.6127068e-02 5.9477936e-02 5.6928884e-02
 5.3851645e-02 5.3851645e-02 4.9812771e-02 5.9477936e-02 5.6127068e-02
 6.1308030e-02 5.1753532e-02 5.3851645e-02 6.0379118e-02 5.6928884e-02
 4.9197800e-02 5.4589339e-02 5.2434497e-02 5.7753939e-02]


Learning Rate: 0.005Learning Rate: 0.005
Learning Rate: 0.005

Class Weights: [2.1182575e-05 5.6127068e-02 5.6127068e-02 5.9477936e-02 5.6928884e-02
 5.3851645e-02 5.3851645e-02 4.9812771e-02 5.9477936e-02 5.6127068e-02
 6.1308030e-02 5.1753532e-02 5.3851645e-02 6.0379118e-02 5.6928884e-02
 4.9197800e-02 5.4589339e-02 5.2434497e-02 5.7753939e-02]
Learning Rate: 0.005
Train Loss: 0.4576, Val Loss: 0.3373
Train Loss: 0.4576, Val Loss: 0.3373Train Loss: 0.4576, Val Loss: 0.3373

Train Loss: 0.4576, Val Loss: 0.3373
Per-Class Precision: [1.         0.05380435 0.76923077 0.55185185 0.33864542 0.7
 0.3804878  0.2034632  0.26962457 0.24901186 0.23858921 0.19257541
 0.23636364 0.45859873 0.38311688 0.624      0.51245552 0.53956835
 0.5       ]
Per-Class Recall: [0.98688888 0.99       1.         0.99333333 0.85       0.7
 0.78       0.62666667 0.79       0.84       0.92       0.55333333
 0.312      0.82285714 0.78666667 0.78       0.82285714 1.
 1.        ]
Per-Class F1-Score: [0.99340118 0.10206186 0.86956522 0.70952381 0.48433048 0.7
 0.51147541 0.30718954 0.40203562 0.38414634 0.37891269 0.28571429
 0.26896552 0.58895706 0.51528384 0.69333333 0.63157895 0.70093458
 0.66666667]
Support per Class: [293949    100    150    150    100    100    100     75    100     75
    125    150    125    175     75    100    175     75     75]
Weighted Precision: 0.9960, Weighted Recall: 0.9857, Weighted F1-Score: 0.9902
Precision: 0.9960, Recall: 0.9857, F1-Score: 0.9902
Fold 1, Epoch 590, Train Loss: 0.4576, Val Loss: 0.3373, Val Acc: 0.9866
Precision: 0.9960, Recall: 0.9888, F1-Score: 0.9918
Fold 1, Epoch 591, Train Loss: 0.4589, Val Loss: 0.3281, Val Acc: 0.9885
Precision: 0.9963, Recall: 0.9912, F1-Score: 0.9932
Fold 1, Epoch 592, Train Loss: 0.4488, Val Loss: 0.3301, Val Acc: 0.9906
Precision: 0.9960, Recall: 0.9901, F1-Score: 0.9925
Fold 1, Epoch 593, Train Loss: 0.4528, Val Loss: 0.3470, Val Acc: 0.9894
Precision: 0.9960, Recall: 0.9891, F1-Score: 0.9920
Fold 1, Epoch 594, Train Loss: 0.4328, Val Loss: 0.3374, Val Acc: 0.9886
Precision: 0.9962, Recall: 0.9910, F1-Score: 0.9931
Fold 1, Epoch 595, Train Loss: 0.4554, Val Loss: 0.3367, Val Acc: 0.9903
Precision: 0.9960, Recall: 0.9896, F1-Score: 0.9922
Fold 1, Epoch 596, Train Loss: 0.4804, Val Loss: 0.3394, Val Acc: 0.9891
Precision: 0.9961, Recall: 0.9909, F1-Score: 0.9930
Fold 1, Epoch 597, Train Loss: 0.4554, Val Loss: 0.3452, Val Acc: 0.9902
Precision: 0.9961, Recall: 0.9911, F1-Score: 0.9931
Fold 1, Epoch 598, Train Loss: 0.4744, Val Loss: 0.3376, Val Acc: 0.9904
Precision: 0.9960, Recall: 0.9903, F1-Score: 0.9926
Fold 1, Epoch 599, Train Loss: 0.4411, Val Loss: 0.3370, Val Acc: 0.9898

--- Epoch 600 ---

--- Epoch 600 ---
--- Epoch 600 ---


--- Epoch 600 ---
Class Weights: [2.1182575e-05 5.6127068e-02 5.6127068e-02 5.9477936e-02 5.6928884e-02
 5.3851645e-02 5.3851645e-02 4.9812771e-02 5.9477936e-02 5.6127068e-02
 6.1308030e-02 5.1753532e-02 5.3851645e-02 6.0379118e-02 5.6928884e-02
 4.9197800e-02 5.4589339e-02 5.2434497e-02 5.7753939e-02]
Learning Rate: 0.005
Class Weights: [2.1182575e-05 5.6127068e-02 5.6127068e-02 5.9477936e-02 5.6928884e-02
 5.3851645e-02 5.3851645e-02 4.9812771e-02 5.9477936e-02 5.6127068e-02
 6.1308030e-02 5.1753532e-02 5.3851645e-02 6.0379118e-02 5.6928884e-02
 4.9197800e-02 5.4589339e-02 5.2434497e-02 5.7753939e-02]Class Weights: [2.1182575e-05 5.6127068e-02 5.6127068e-02 5.9477936e-02 5.6928884e-02
 5.3851645e-02 5.3851645e-02 4.9812771e-02 5.9477936e-02 5.6127068e-02
 6.1308030e-02 5.1753532e-02 5.3851645e-02 6.0379118e-02 5.6928884e-02
 4.9197800e-02 5.4589339e-02 5.2434497e-02 5.7753939e-02]Class Weights: [2.1182575e-05 5.6127068e-02 5.6127068e-02 5.9477936e-02 5.6928884e-02
 5.3851645e-02 5.3851645e-02 4.9812771e-02 5.9477936e-02 5.6127068e-02
 6.1308030e-02 5.1753532e-02 5.3851645e-02 6.0379118e-02 5.6928884e-02
 4.9197800e-02 5.4589339e-02 5.2434497e-02 5.7753939e-02]


Train Loss: 0.4688, Val Loss: 0.3317Learning Rate: 0.005Learning Rate: 0.005

Learning Rate: 0.005

Train Loss: 0.4688, Val Loss: 0.3317
Train Loss: 0.4688, Val Loss: 0.3317Train Loss: 0.4688, Val Loss: 0.3317

Per-Class Precision: [1.         0.80165289 0.79679144 0.75735294 0.25936599 0.47159091
 0.24860335 0.25531915 0.26369863 0.20930233 0.24948025 0.19596542
 0.17808219 0.47037037 0.35326087 0.55172414 0.55859375 0.65789474
 0.80898876]
Per-Class Recall: [0.9924987  0.97       0.99333333 0.68666667 0.9        0.83
 0.89       0.16       0.77       0.96       0.96       0.45333333
 0.52       0.72571429 0.86666667 0.64       0.81714286 1.
 0.96      ]
Per-Class F1-Score: [0.99623523 0.87782805 0.884273   0.72027972 0.40268456 0.60144928
 0.38864629 0.19672131 0.39285714 0.34367542 0.3960396  0.27364185
 0.26530612 0.57078652 0.5019305  0.59259259 0.66357309 0.79365079
 0.87804878]
Support per Class: [293949    100    150    150    100    100    100     75    100     75
    125    150    125    175     75    100    175     75     75]
Weighted Precision: 0.9963, Weighted Recall: 0.9910, Weighted F1-Score: 0.9932
Precision: 0.9963, Recall: 0.9910, F1-Score: 0.9932
Fold 1, Epoch 600, Train Loss: 0.4688, Val Loss: 0.3317, Val Acc: 0.9905
Precision: 0.9963, Recall: 0.9912, F1-Score: 0.9933
Fold 1, Epoch 601, Train Loss: 0.4693, Val Loss: 0.3389, Val Acc: 0.9905
Precision: 0.9960, Recall: 0.9902, F1-Score: 0.9925
Fold 1, Epoch 602, Train Loss: 0.4503, Val Loss: 0.3538, Val Acc: 0.9894
Precision: 0.9961, Recall: 0.9902, F1-Score: 0.9927
Fold 1, Epoch 603, Train Loss: 0.4605, Val Loss: 0.3539, Val Acc: 0.9895
Precision: 0.9962, Recall: 0.9909, F1-Score: 0.9930
Fold 1, Epoch 604, Train Loss: 0.4661, Val Loss: 0.3340, Val Acc: 0.9904
Precision: 0.9960, Recall: 0.9906, F1-Score: 0.9928
Fold 1, Epoch 605, Train Loss: 0.4474, Val Loss: 0.3403, Val Acc: 0.9899
Precision: 0.9960, Recall: 0.9911, F1-Score: 0.9931
Fold 1, Epoch 606, Train Loss: 0.4748, Val Loss: 0.3386, Val Acc: 0.9905
Precision: 0.9961, Recall: 0.9904, F1-Score: 0.9928
Fold 1, Epoch 607, Train Loss: 0.4710, Val Loss: 0.3359, Val Acc: 0.9897
Precision: 0.9961, Recall: 0.9906, F1-Score: 0.9928
Fold 1, Epoch 608, Train Loss: 0.4519, Val Loss: 0.3454, Val Acc: 0.9899
Precision: 0.9960, Recall: 0.9549, F1-Score: 0.9743
Fold 1, Epoch 609, Train Loss: 0.4318, Val Loss: 0.3136, Val Acc: 0.9654

--- Epoch 610 ---
--- Epoch 610 ---
--- Epoch 610 ---



--- Epoch 610 ---
Class Weights: [2.1182575e-05 5.6127068e-02 5.6127068e-02 5.9477936e-02 5.6928884e-02
 5.3851645e-02 5.3851645e-02 4.9812771e-02 5.9477936e-02 5.6127068e-02
 6.1308030e-02 5.1753532e-02 5.3851645e-02 6.0379118e-02 5.6928884e-02
 4.9197800e-02 5.4589339e-02 5.2434497e-02 5.7753939e-02]Class Weights: [2.1182575e-05 5.6127068e-02 5.6127068e-02 5.9477936e-02 5.6928884e-02
 5.3851645e-02 5.3851645e-02 4.9812771e-02 5.9477936e-02 5.6127068e-02
 6.1308030e-02 5.1753532e-02 5.3851645e-02 6.0379118e-02 5.6928884e-02
 4.9197800e-02 5.4589339e-02 5.2434497e-02 5.7753939e-02]Class Weights: [2.1182575e-05 5.6127068e-02 5.6127068e-02 5.9477936e-02 5.6928884e-02
 5.3851645e-02 5.3851645e-02 4.9812771e-02 5.9477936e-02 5.6127068e-02
 6.1308030e-02 5.1753532e-02 5.3851645e-02 6.0379118e-02 5.6928884e-02
 4.9197800e-02 5.4589339e-02 5.2434497e-02 5.7753939e-02]


Class Weights: [2.1182575e-05 5.6127068e-02 5.6127068e-02 5.9477936e-02 5.6928884e-02
 5.3851645e-02 5.3851645e-02 4.9812771e-02 5.9477936e-02 5.6127068e-02
 6.1308030e-02 5.1753532e-02 5.3851645e-02 6.0379118e-02 5.6928884e-02
 4.9197800e-02 5.4589339e-02 5.2434497e-02 5.7753939e-02]Learning Rate: 0.005Learning Rate: 0.005Learning Rate: 0.005



Learning Rate: 0.005
Train Loss: 0.4424, Val Loss: 0.3085Train Loss: 0.4424, Val Loss: 0.3085

Train Loss: 0.4424, Val Loss: 0.3085
Train Loss: 0.4424, Val Loss: 0.3085
Per-Class Precision: [1.         0.58139535 0.8021978  0.63318777 0.32669323 0.44623656
 0.34418605 0.18181818 0.20654912 0.20325203 0.25181598 0.29439252
 0.17782027 0.49327354 0.31472081 0.43684211 0.48453608 0.66666667
 0.70754717]
Per-Class Recall: [0.99221634 1.         0.97333333 0.96666667 0.82       0.83
 0.74       0.10666667 0.82       1.         0.832      0.42
 0.744      0.62857143 0.82666667 0.83       0.80571429 0.98666667
 1.        ]
Per-Class F1-Score: [0.99609296 0.73529412 0.87951807 0.7651715  0.46723647 0.58041958
 0.46984127 0.13445378 0.32997988 0.33783784 0.3866171  0.34615385
 0.28703704 0.55276382 0.45588235 0.57241379 0.60515021 0.79569892
 0.82872928]
Support per Class: [293949    100    150    150    100    100    100     75    100     75
    125    150    125    175     75    100    175     75     75]
Weighted Precision: 0.9961, Weighted Recall: 0.9908, Weighted F1-Score: 0.9930
Precision: 0.9961, Recall: 0.9908, F1-Score: 0.9930
Fold 1, Epoch 610, Train Loss: 0.4424, Val Loss: 0.3085, Val Acc: 0.9905
Precision: 0.9960, Recall: 0.9905, F1-Score: 0.9927
Fold 1, Epoch 611, Train Loss: 0.4229, Val Loss: 0.3452, Val Acc: 0.9899
Precision: 0.9961, Recall: 0.9903, F1-Score: 0.9927
Fold 1, Epoch 612, Train Loss: 0.4710, Val Loss: 0.3273, Val Acc: 0.9896
Precision: 0.9959, Recall: 0.9766, F1-Score: 0.9855
Fold 1, Epoch 613, Train Loss: 0.4282, Val Loss: 0.3333, Val Acc: 0.9807
Precision: 0.9960, Recall: 0.9878, F1-Score: 0.9912
Fold 1, Epoch 614, Train Loss: 0.4703, Val Loss: 0.3397, Val Acc: 0.9875
Precision: 0.9964, Recall: 0.9911, F1-Score: 0.9932
Fold 1, Epoch 615, Train Loss: 0.4635, Val Loss: 0.3412, Val Acc: 0.9905
Precision: 0.9960, Recall: 0.9908, F1-Score: 0.9929
Fold 1, Epoch 616, Train Loss: 0.4501, Val Loss: 0.3478, Val Acc: 0.9901
Precision: 0.9959, Recall: 0.9903, F1-Score: 0.9925
Fold 1, Epoch 617, Train Loss: 0.4440, Val Loss: 0.3541, Val Acc: 0.9898
Precision: 0.9959, Recall: 0.9814, F1-Score: 0.9879
Fold 1, Epoch 618, Train Loss: 0.4620, Val Loss: 0.3267, Val Acc: 0.9816
Precision: 0.9960, Recall: 0.9910, F1-Score: 0.9930
Fold 1, Epoch 619, Train Loss: 0.4548, Val Loss: 0.3288, Val Acc: 0.9903

--- Epoch 620 ---
--- Epoch 620 ---


--- Epoch 620 ---

--- Epoch 620 ---
Class Weights: [2.1182575e-05 5.6127068e-02 5.6127068e-02 5.9477936e-02 5.6928884e-02
 5.3851645e-02 5.3851645e-02 4.9812771e-02 5.9477936e-02 5.6127068e-02
 6.1308030e-02 5.1753532e-02 5.3851645e-02 6.0379118e-02 5.6928884e-02
 4.9197800e-02 5.4589339e-02 5.2434497e-02 5.7753939e-02]Class Weights: [2.1182575e-05 5.6127068e-02 5.6127068e-02 5.9477936e-02 5.6928884e-02
 5.3851645e-02 5.3851645e-02 4.9812771e-02 5.9477936e-02 5.6127068e-02
 6.1308030e-02 5.1753532e-02 5.3851645e-02 6.0379118e-02 5.6928884e-02
 4.9197800e-02 5.4589339e-02 5.2434497e-02 5.7753939e-02]Class Weights: [2.1182575e-05 5.6127068e-02 5.6127068e-02 5.9477936e-02 5.6928884e-02
 5.3851645e-02 5.3851645e-02 4.9812771e-02 5.9477936e-02 5.6127068e-02
 6.1308030e-02 5.1753532e-02 5.3851645e-02 6.0379118e-02 5.6928884e-02
 4.9197800e-02 5.4589339e-02 5.2434497e-02 5.7753939e-02]

Class Weights: [2.1182575e-05 5.6127068e-02 5.6127068e-02 5.9477936e-02 5.6928884e-02
 5.3851645e-02 5.3851645e-02 4.9812771e-02 5.9477936e-02 5.6127068e-02
 6.1308030e-02 5.1753532e-02 5.3851645e-02 6.0379118e-02 5.6928884e-02
 4.9197800e-02 5.4589339e-02 5.2434497e-02 5.7753939e-02]
Learning Rate: 0.005
Learning Rate: 0.005
Learning Rate: 0.005
Learning Rate: 0.005

Train Loss: 0.4493, Val Loss: 0.3507
Train Loss: 0.4493, Val Loss: 0.3507Train Loss: 0.4493, Val Loss: 0.3507
Train Loss: 0.4493, Val Loss: 0.3507

Per-Class Precision: [1.         0.70289855 0.77319588 0.59760956 0.40782123 0.4969697
 0.34825871 0.27391304 0.35602094 0.16629712 0.24634146 0.17706577
 0.19784173 0.51020408 0.53333333 0.47263682 0.55185185 0.65217391
 0.58064516]
Per-Class Recall: [0.99233881 0.97       1.         1.         0.73       0.82
 0.7        0.84       0.68       1.         0.808      0.7
 0.44       0.57142857 0.64       0.95       0.85142857 1.
 0.96      ]
Per-Class F1-Score: [0.99615467 0.81512605 0.87209302 0.74812968 0.52329749 0.61886792
 0.46511628 0.41311475 0.46735395 0.2851711  0.37757009 0.28263795
 0.27295285 0.53908356 0.58181818 0.63122924 0.66966292 0.78947368
 0.72361809]
Support per Class: [293949    100    150    150    100    100    100     75    100     75
    125    150    125    175     75    100    175     75     75]
Weighted Precision: 0.9963, Weighted Recall: 0.9910, Weighted F1-Score: 0.9932
Precision: 0.9963, Recall: 0.9910, F1-Score: 0.9932
Fold 1, Epoch 620, Train Loss: 0.4493, Val Loss: 0.3507, Val Acc: 0.9904
Precision: 0.9961, Recall: 0.9908, F1-Score: 0.9929
Fold 1, Epoch 621, Train Loss: 0.4587, Val Loss: 0.3433, Val Acc: 0.9904
Precision: 0.9960, Recall: 0.9842, F1-Score: 0.9895
Fold 1, Epoch 622, Train Loss: 0.4382, Val Loss: 0.3307, Val Acc: 0.9856
Precision: 0.9960, Recall: 0.9888, F1-Score: 0.9918
Fold 1, Epoch 623, Train Loss: 0.4264, Val Loss: 0.3218, Val Acc: 0.9884
Precision: 0.9961, Recall: 0.9911, F1-Score: 0.9931
Fold 1, Epoch 624, Train Loss: 0.4295, Val Loss: 0.3279, Val Acc: 0.9904
Precision: 0.9960, Recall: 0.9903, F1-Score: 0.9927
Fold 1, Epoch 625, Train Loss: 0.4708, Val Loss: 0.3678, Val Acc: 0.9899
Precision: 0.9962, Recall: 0.9907, F1-Score: 0.9930
Fold 1, Epoch 626, Train Loss: 0.4947, Val Loss: 0.3520, Val Acc: 0.9902
Precision: 0.9960, Recall: 0.9899, F1-Score: 0.9924
Fold 1, Epoch 627, Train Loss: 0.4801, Val Loss: 0.3857, Val Acc: 0.9892
Precision: 0.9960, Recall: 0.9908, F1-Score: 0.9929
Fold 1, Epoch 628, Train Loss: 0.4637, Val Loss: 0.3447, Val Acc: 0.9904
Precision: 0.9959, Recall: 0.9904, F1-Score: 0.9926
Fold 1, Epoch 629, Train Loss: 0.4442, Val Loss: 0.3469, Val Acc: 0.9900

--- Epoch 630 ---
--- Epoch 630 ---
--- Epoch 630 ---



--- Epoch 630 ---
Class Weights: [2.1182575e-05 5.6127068e-02 5.6127068e-02 5.9477936e-02 5.6928884e-02
 5.3851645e-02 5.3851645e-02 4.9812771e-02 5.9477936e-02 5.6127068e-02
 6.1308030e-02 5.1753532e-02 5.3851645e-02 6.0379118e-02 5.6928884e-02
 4.9197800e-02 5.4589339e-02 5.2434497e-02 5.7753939e-02]
Class Weights: [2.1182575e-05 5.6127068e-02 5.6127068e-02 5.9477936e-02 5.6928884e-02
 5.3851645e-02 5.3851645e-02 4.9812771e-02 5.9477936e-02 5.6127068e-02
 6.1308030e-02 5.1753532e-02 5.3851645e-02 6.0379118e-02 5.6928884e-02
 4.9197800e-02 5.4589339e-02 5.2434497e-02 5.7753939e-02]Learning Rate: 0.005
Class Weights: [2.1182575e-05 5.6127068e-02 5.6127068e-02 5.9477936e-02 5.6928884e-02
 5.3851645e-02 5.3851645e-02 4.9812771e-02 5.9477936e-02 5.6127068e-02
 6.1308030e-02 5.1753532e-02 5.3851645e-02 6.0379118e-02 5.6928884e-02
 4.9197800e-02 5.4589339e-02 5.2434497e-02 5.7753939e-02]
Learning Rate: 0.005

Learning Rate: 0.005
Train Loss: 0.4636, Val Loss: 0.3521
Train Loss: 0.4636, Val Loss: 0.3521Train Loss: 0.4636, Val Loss: 0.3521

Class Weights: [2.1182575e-05 5.6127068e-02 5.6127068e-02 5.9477936e-02 5.6928884e-02
 5.3851645e-02 5.3851645e-02 4.9812771e-02 5.9477936e-02 5.6127068e-02
 6.1308030e-02 5.1753532e-02 5.3851645e-02 6.0379118e-02 5.6928884e-02
 4.9197800e-02 5.4589339e-02 5.2434497e-02 5.7753939e-02]
Learning Rate: 0.005
Train Loss: 0.4636, Val Loss: 0.3521
Per-Class Precision: [1.         0.53551913 0.68181818 0.83225806 0.32713755 0.46590909
 0.21169916 0.23555556 0.37593985 0.2005571  0.23287671 0.2687747
 0.16025641 0.50282486 0.29385965 0.63768116 0.57370518 0.53956835
 0.51034483]
Per-Class Recall: [0.99219252 0.98       1.         0.86       0.88       0.82
 0.76       0.70666667 0.5        0.96       0.952      0.45333333
 0.6        0.50857143 0.89333333 0.44       0.82285714 1.
 0.98666667]
Per-Class F1-Score: [0.99608096 0.69257951 0.81081081 0.84590164 0.47696477 0.5942029
 0.33115468 0.35333333 0.42918455 0.33179724 0.37421384 0.33746898
 0.2529511  0.50568182 0.44224422 0.52071006 0.67605634 0.70093458
 0.67272727]
Support per Class: [293949    100    150    150    100    100    100     75    100     75
    125    150    125    175     75    100    175     75     75]
Weighted Precision: 0.9962, Weighted Recall: 0.9907, Weighted F1-Score: 0.9929
Precision: 0.9962, Recall: 0.9907, F1-Score: 0.9929
Fold 1, Epoch 630, Train Loss: 0.4636, Val Loss: 0.3521, Val Acc: 0.9900
Precision: 0.9960, Recall: 0.9893, F1-Score: 0.9920
Fold 1, Epoch 631, Train Loss: 0.4685, Val Loss: 0.3308, Val Acc: 0.9890
Precision: 0.9958, Recall: 0.9904, F1-Score: 0.9925
Fold 1, Epoch 632, Train Loss: 0.4556, Val Loss: 0.3316, Val Acc: 0.9900
Precision: 0.9962, Recall: 0.9911, F1-Score: 0.9932
Fold 1, Epoch 633, Train Loss: 0.4760, Val Loss: 0.3793, Val Acc: 0.9907
Precision: 0.9960, Recall: 0.9909, F1-Score: 0.9930
Fold 1, Epoch 634, Train Loss: 0.4614, Val Loss: 0.3517, Val Acc: 0.9904
Precision: 0.9961, Recall: 0.9907, F1-Score: 0.9929
Fold 1, Epoch 635, Train Loss: 0.4541, Val Loss: 0.3396, Val Acc: 0.9904
Precision: 0.9960, Recall: 0.9906, F1-Score: 0.9928
Fold 1, Epoch 636, Train Loss: 0.4590, Val Loss: 0.3274, Val Acc: 0.9903
Precision: 0.9963, Recall: 0.9909, F1-Score: 0.9931
Fold 1, Epoch 637, Train Loss: 0.4662, Val Loss: 0.3434, Val Acc: 0.9905
Precision: 0.9960, Recall: 0.9909, F1-Score: 0.9929
Fold 1, Epoch 638, Train Loss: 0.4326, Val Loss: 0.3386, Val Acc: 0.9903
Precision: 0.9959, Recall: 0.9819, F1-Score: 0.9882
Fold 1, Epoch 639, Train Loss: 0.4453, Val Loss: 0.3217, Val Acc: 0.9844

--- Epoch 640 ---
--- Epoch 640 ---
--- Epoch 640 ---



--- Epoch 640 ---
Class Weights: [2.1182575e-05 5.6127068e-02 5.6127068e-02 5.9477936e-02 5.6928884e-02
 5.3851645e-02 5.3851645e-02 4.9812771e-02 5.9477936e-02 5.6127068e-02
 6.1308030e-02 5.1753532e-02 5.3851645e-02 6.0379118e-02 5.6928884e-02
 4.9197800e-02 5.4589339e-02 5.2434497e-02 5.7753939e-02]Class Weights: [2.1182575e-05 5.6127068e-02 5.6127068e-02 5.9477936e-02 5.6928884e-02
 5.3851645e-02 5.3851645e-02 4.9812771e-02 5.9477936e-02 5.6127068e-02
 6.1308030e-02 5.1753532e-02 5.3851645e-02 6.0379118e-02 5.6928884e-02
 4.9197800e-02 5.4589339e-02 5.2434497e-02 5.7753939e-02]Class Weights: [2.1182575e-05 5.6127068e-02 5.6127068e-02 5.9477936e-02 5.6928884e-02
 5.3851645e-02 5.3851645e-02 4.9812771e-02 5.9477936e-02 5.6127068e-02
 6.1308030e-02 5.1753532e-02 5.3851645e-02 6.0379118e-02 5.6928884e-02
 4.9197800e-02 5.4589339e-02 5.2434497e-02 5.7753939e-02]

Class Weights: [2.1182575e-05 5.6127068e-02 5.6127068e-02 5.9477936e-02 5.6928884e-02
 5.3851645e-02 5.3851645e-02 4.9812771e-02 5.9477936e-02 5.6127068e-02
 6.1308030e-02 5.1753532e-02 5.3851645e-02 6.0379118e-02 5.6928884e-02
 4.9197800e-02 5.4589339e-02 5.2434497e-02 5.7753939e-02]
Learning Rate: 0.005
Learning Rate: 0.005
Learning Rate: 0.005
Learning Rate: 0.005

Train Loss: 0.4184, Val Loss: 0.3327Train Loss: 0.4184, Val Loss: 0.3327

Train Loss: 0.4184, Val Loss: 0.3327Train Loss: 0.4184, Val Loss: 0.3327

Per-Class Precision: [1.         0.71014493 0.78534031 0.57086614 0.31178707 0.39512195
 0.37113402 0.36842105 0.21895425 0.19132653 0.20862069 0.224
 0.16295026 0.65217391 0.39455782 0.4375     0.46223565 0.5952381
 0.72277228]
Per-Class Recall: [0.99220613 0.98       1.         0.96666667 0.82       0.81
 0.72       0.28       0.67       1.         0.968      0.18666667
 0.76       0.42857143 0.77333333 0.91       0.87428571 1.
 0.97333333]
Per-Class F1-Score: [0.99608782 0.82352941 0.8797654  0.71782178 0.45179063 0.53114754
 0.48979592 0.31818182 0.33004926 0.32119914 0.34326241 0.20363636
 0.26836158 0.51724138 0.52252252 0.59090909 0.60474308 0.74626866
 0.82954545]
Support per Class: [293949    100    150    150    100    100    100     75    100     75
    125    150    125    175     75    100    175     75     75]
Weighted Precision: 0.9962, Weighted Recall: 0.9907, Weighted F1-Score: 0.9929
Precision: 0.9962, Recall: 0.9907, F1-Score: 0.9929
Fold 1, Epoch 640, Train Loss: 0.4184, Val Loss: 0.3327, Val Acc: 0.9903
Precision: 0.9961, Recall: 0.9905, F1-Score: 0.9928
Fold 1, Epoch 641, Train Loss: 0.4573, Val Loss: 0.3281, Val Acc: 0.9900
Precision: 0.9962, Recall: 0.9911, F1-Score: 0.9932
Fold 1, Epoch 642, Train Loss: 0.4380, Val Loss: 0.3533, Val Acc: 0.9905
Precision: 0.9963, Recall: 0.9908, F1-Score: 0.9930
Fold 1, Epoch 643, Train Loss: 0.4496, Val Loss: 0.3386, Val Acc: 0.9899
Precision: 0.9961, Recall: 0.9907, F1-Score: 0.9928
Fold 1, Epoch 644, Train Loss: 0.4372, Val Loss: 0.3145, Val Acc: 0.9902
Precision: 0.9962, Recall: 0.9914, F1-Score: 0.9933
Fold 1, Epoch 645, Train Loss: 0.4245, Val Loss: 0.3133, Val Acc: 0.9909
Precision: 0.9960, Recall: 0.9894, F1-Score: 0.9922
Fold 1, Epoch 646, Train Loss: 0.4147, Val Loss: 0.3276, Val Acc: 0.9885
Precision: 0.9962, Recall: 0.9912, F1-Score: 0.9932
Fold 1, Epoch 647, Train Loss: 0.4567, Val Loss: 0.3517, Val Acc: 0.9909
Precision: 0.9960, Recall: 0.9903, F1-Score: 0.9927
Fold 1, Epoch 648, Train Loss: 0.4633, Val Loss: 0.3307, Val Acc: 0.9898
Precision: 0.9961, Recall: 0.9907, F1-Score: 0.9929
Fold 1, Epoch 649, Train Loss: 0.4771, Val Loss: 0.3361, Val Acc: 0.9901

--- Epoch 650 ---
--- Epoch 650 ---
--- Epoch 650 ---



--- Epoch 650 ---
Class Weights: [2.1182575e-05 5.6127068e-02 5.6127068e-02 5.9477936e-02 5.6928884e-02
 5.3851645e-02 5.3851645e-02 4.9812771e-02 5.9477936e-02 5.6127068e-02
 6.1308030e-02 5.1753532e-02 5.3851645e-02 6.0379118e-02 5.6928884e-02
 4.9197800e-02 5.4589339e-02 5.2434497e-02 5.7753939e-02]Class Weights: [2.1182575e-05 5.6127068e-02 5.6127068e-02 5.9477936e-02 5.6928884e-02
 5.3851645e-02 5.3851645e-02 4.9812771e-02 5.9477936e-02 5.6127068e-02
 6.1308030e-02 5.1753532e-02 5.3851645e-02 6.0379118e-02 5.6928884e-02
 4.9197800e-02 5.4589339e-02 5.2434497e-02 5.7753939e-02]Class Weights: [2.1182575e-05 5.6127068e-02 5.6127068e-02 5.9477936e-02 5.6928884e-02
 5.3851645e-02 5.3851645e-02 4.9812771e-02 5.9477936e-02 5.6127068e-02
 6.1308030e-02 5.1753532e-02 5.3851645e-02 6.0379118e-02 5.6928884e-02
 4.9197800e-02 5.4589339e-02 5.2434497e-02 5.7753939e-02]
Class Weights: [2.1182575e-05 5.6127068e-02 5.6127068e-02 5.9477936e-02 5.6928884e-02
 5.3851645e-02 5.3851645e-02 4.9812771e-02 5.9477936e-02 5.6127068e-02
 6.1308030e-02 5.1753532e-02 5.3851645e-02 6.0379118e-02 5.6928884e-02
 4.9197800e-02 5.4589339e-02 5.2434497e-02 5.7753939e-02]


Learning Rate: 0.005Learning Rate: 0.005
Learning Rate: 0.005Learning Rate: 0.005


Train Loss: 0.4318, Val Loss: 0.3216
Train Loss: 0.4318, Val Loss: 0.3216Train Loss: 0.4318, Val Loss: 0.3216Train Loss: 0.4318, Val Loss: 0.3216


Per-Class Precision: [1.         0.56069364 0.74257426 0.56704981 0.30888031 0.41777778
 0.44186047 0.24742268 0.24783862 0.25531915 0.2484472  0.192
 0.16778523 0.49308756 0.33774834 0.53658537 0.46932515 0.5859375
 0.65454545]
Per-Class Recall: [0.99236262 0.97       1.         0.98666667 0.8        0.94
 0.76       0.32       0.86       0.96       0.96       0.48
 0.4        0.61142857 0.68       0.88       0.87428571 1.
 0.96      ]
Per-Class F1-Score: [0.99616667 0.71062271 0.85227273 0.72019465 0.44568245 0.57846154
 0.55882353 0.27906977 0.38478747 0.40336134 0.39473684 0.27428571
 0.23640662 0.54591837 0.45132743 0.66666667 0.61077844 0.73891626
 0.77837838]
Support per Class: [293949    100    150    150    100    100    100     75    100     75
    125    150    125    175     75    100    175     75     75]
Weighted Precision: 0.9960, Weighted Recall: 0.9910, Weighted F1-Score: 0.9930
Precision: 0.9960, Recall: 0.9910, F1-Score: 0.9930
Fold 1, Epoch 650, Train Loss: 0.4318, Val Loss: 0.3216, Val Acc: 0.9906
Precision: 0.9960, Recall: 0.9904, F1-Score: 0.9927
Fold 1, Epoch 651, Train Loss: 0.4230, Val Loss: 0.3419, Val Acc: 0.9898
Precision: 0.9962, Recall: 0.9912, F1-Score: 0.9932
Fold 1, Epoch 652, Train Loss: 0.4390, Val Loss: 0.3273, Val Acc: 0.9906
Precision: 0.9961, Recall: 0.9910, F1-Score: 0.9931
Fold 1, Epoch 653, Train Loss: 0.4329, Val Loss: 0.3397, Val Acc: 0.9905
Precision: 0.9961, Recall: 0.9906, F1-Score: 0.9928
Fold 1, Epoch 654, Train Loss: 0.4322, Val Loss: 0.3368, Val Acc: 0.9901
Precision: 0.9961, Recall: 0.9911, F1-Score: 0.9931
Fold 1, Epoch 655, Train Loss: 0.4367, Val Loss: 0.3266, Val Acc: 0.9905
Precision: 0.9957, Recall: 0.9630, F1-Score: 0.9784
Fold 1, Epoch 656, Train Loss: 0.4195, Val Loss: 0.3653, Val Acc: 0.9711
Precision: 0.9962, Recall: 0.9912, F1-Score: 0.9932
Fold 1, Epoch 657, Train Loss: 0.4421, Val Loss: 0.3308, Val Acc: 0.9906
Precision: 0.9962, Recall: 0.9910, F1-Score: 0.9931
Fold 1, Epoch 658, Train Loss: 0.4151, Val Loss: 0.3522, Val Acc: 0.9904
Precision: 0.9960, Recall: 0.9910, F1-Score: 0.9930
Fold 1, Epoch 659, Train Loss: 0.4428, Val Loss: 0.3214, Val Acc: 0.9905

--- Epoch 660 ---
--- Epoch 660 ---
--- Epoch 660 ---



--- Epoch 660 ---
Class Weights: [2.1182575e-05 5.6127068e-02 5.6127068e-02 5.9477936e-02 5.6928884e-02
 5.3851645e-02 5.3851645e-02 4.9812771e-02 5.9477936e-02 5.6127068e-02
 6.1308030e-02 5.1753532e-02 5.3851645e-02 6.0379118e-02 5.6928884e-02
 4.9197800e-02 5.4589339e-02 5.2434497e-02 5.7753939e-02]Class Weights: [2.1182575e-05 5.6127068e-02 5.6127068e-02 5.9477936e-02 5.6928884e-02
 5.3851645e-02 5.3851645e-02 4.9812771e-02 5.9477936e-02 5.6127068e-02
 6.1308030e-02 5.1753532e-02 5.3851645e-02 6.0379118e-02 5.6928884e-02
 4.9197800e-02 5.4589339e-02 5.2434497e-02 5.7753939e-02]Class Weights: [2.1182575e-05 5.6127068e-02 5.6127068e-02 5.9477936e-02 5.6928884e-02
 5.3851645e-02 5.3851645e-02 4.9812771e-02 5.9477936e-02 5.6127068e-02
 6.1308030e-02 5.1753532e-02 5.3851645e-02 6.0379118e-02 5.6928884e-02
 4.9197800e-02 5.4589339e-02 5.2434497e-02 5.7753939e-02]

Class Weights: [2.1182575e-05 5.6127068e-02 5.6127068e-02 5.9477936e-02 5.6928884e-02
 5.3851645e-02 5.3851645e-02 4.9812771e-02 5.9477936e-02 5.6127068e-02
 6.1308030e-02 5.1753532e-02 5.3851645e-02 6.0379118e-02 5.6928884e-02
 4.9197800e-02 5.4589339e-02 5.2434497e-02 5.7753939e-02]
Learning Rate: 0.005Learning Rate: 0.005

Learning Rate: 0.005

Learning Rate: 0.005
Train Loss: 0.4682, Val Loss: 0.3222
Train Loss: 0.4682, Val Loss: 0.3222Train Loss: 0.4682, Val Loss: 0.3222
Train Loss: 0.4682, Val Loss: 0.3222

Per-Class Precision: [1.         0.61111111 0.75773196 0.52447552 0.34817814 0.5472973
 0.45864662 0.18023256 0.23214286 0.18987342 0.1943128  0.25362319
 0.17090909 0.38095238 0.34104046 0.56923077 0.40452261 0.83908046
 0.68181818]
Per-Class Recall: [0.99219933 0.99       0.98       1.         0.86       0.81
 0.61       0.41333333 0.65       1.         0.984      0.23333333
 0.376      0.77714286 0.78666667 0.74       0.92       0.97333333
 1.        ]
Per-Class F1-Score: [0.99608439 0.75572519 0.85465116 0.68807339 0.49567723 0.65322581
 0.52360515 0.25101215 0.34210526 0.31914894 0.32453826 0.24305556
 0.235      0.5112782  0.47580645 0.64347826 0.56195462 0.90123457
 0.81081081]
Support per Class: [293949    100    150    150    100    100    100     75    100     75
    125    150    125    175     75    100    175     75     75]
Weighted Precision: 0.9961, Weighted Recall: 0.9907, Weighted F1-Score: 0.9929
Precision: 0.9961, Recall: 0.9907, F1-Score: 0.9929
Fold 1, Epoch 660, Train Loss: 0.4682, Val Loss: 0.3222, Val Acc: 0.9904
Precision: 0.9961, Recall: 0.9885, F1-Score: 0.9917
Fold 1, Epoch 661, Train Loss: 0.4308, Val Loss: 0.3203, Val Acc: 0.9881
Precision: 0.9960, Recall: 0.9898, F1-Score: 0.9923
Fold 1, Epoch 662, Train Loss: 0.4324, Val Loss: 0.3143, Val Acc: 0.9893
Precision: 0.9961, Recall: 0.9913, F1-Score: 0.9932
Fold 1, Epoch 663, Train Loss: 0.4597, Val Loss: 0.3168, Val Acc: 0.9908
Precision: 0.9959, Recall: 0.9887, F1-Score: 0.9917
Fold 1, Epoch 664, Train Loss: 0.4522, Val Loss: 0.3238, Val Acc: 0.9883
Precision: 0.9963, Recall: 0.9912, F1-Score: 0.9933
Fold 1, Epoch 665, Train Loss: 0.4362, Val Loss: 0.3316, Val Acc: 0.9908
Precision: 0.9959, Recall: 0.9850, F1-Score: 0.9898
Fold 1, Epoch 666, Train Loss: 0.4379, Val Loss: 0.3446, Val Acc: 0.9854
Precision: 0.9960, Recall: 0.9908, F1-Score: 0.9929
Fold 1, Epoch 667, Train Loss: 0.4478, Val Loss: 0.3618, Val Acc: 0.9904
Precision: 0.9962, Recall: 0.9911, F1-Score: 0.9932
Fold 1, Epoch 668, Train Loss: 0.4553, Val Loss: 0.3237, Val Acc: 0.9906
Precision: 0.9962, Recall: 0.9909, F1-Score: 0.9931
Fold 1, Epoch 669, Train Loss: 0.4149, Val Loss: 0.3286, Val Acc: 0.9905

--- Epoch 670 ---
--- Epoch 670 ---
--- Epoch 670 ---



--- Epoch 670 ---
Class Weights: [2.1182575e-05 5.6127068e-02 5.6127068e-02 5.9477936e-02 5.6928884e-02
 5.3851645e-02 5.3851645e-02 4.9812771e-02 5.9477936e-02 5.6127068e-02
 6.1308030e-02 5.1753532e-02 5.3851645e-02 6.0379118e-02 5.6928884e-02
 4.9197800e-02 5.4589339e-02 5.2434497e-02 5.7753939e-02]Class Weights: [2.1182575e-05 5.6127068e-02 5.6127068e-02 5.9477936e-02 5.6928884e-02
 5.3851645e-02 5.3851645e-02 4.9812771e-02 5.9477936e-02 5.6127068e-02
 6.1308030e-02 5.1753532e-02 5.3851645e-02 6.0379118e-02 5.6928884e-02
 4.9197800e-02 5.4589339e-02 5.2434497e-02 5.7753939e-02]Class Weights: [2.1182575e-05 5.6127068e-02 5.6127068e-02 5.9477936e-02 5.6928884e-02
 5.3851645e-02 5.3851645e-02 4.9812771e-02 5.9477936e-02 5.6127068e-02
 6.1308030e-02 5.1753532e-02 5.3851645e-02 6.0379118e-02 5.6928884e-02
 4.9197800e-02 5.4589339e-02 5.2434497e-02 5.7753939e-02]
Class Weights: [2.1182575e-05 5.6127068e-02 5.6127068e-02 5.9477936e-02 5.6928884e-02
 5.3851645e-02 5.3851645e-02 4.9812771e-02 5.9477936e-02 5.6127068e-02
 6.1308030e-02 5.1753532e-02 5.3851645e-02 6.0379118e-02 5.6928884e-02
 4.9197800e-02 5.4589339e-02 5.2434497e-02 5.7753939e-02]

Learning Rate: 0.005

Learning Rate: 0.005Learning Rate: 0.005
Learning Rate: 0.005

Train Loss: 0.4256, Val Loss: 0.3252
Train Loss: 0.4256, Val Loss: 0.3252Train Loss: 0.4256, Val Loss: 0.3252
Train Loss: 0.4256, Val Loss: 0.3252

Per-Class Precision: [1.         0.01206434 0.83333333 0.65437788 0.37051793 0.49122807
 0.42567568 0.14234875 0.29241877 0.20498615 0.22142857 0.18352941
 0.18930041 0.5505618  0.38011696 0.61290323 0.50163934 0.67567568
 0.5952381 ]
Per-Class Recall: [0.96492589 0.99       1.         0.94666667 0.93       0.84
 0.63       0.53333333 0.81       0.98666667 0.992      0.52
 0.368      0.56       0.86666667 0.76       0.87428571 1.
 1.        ]
Per-Class F1-Score: [0.98214991 0.02383819 0.90909091 0.77384196 0.52991453 0.6199262
 0.50806452 0.2247191  0.42970822 0.33944954 0.3620438  0.27130435
 0.25       0.55524079 0.52845528 0.67857143 0.6375     0.80645161
 0.74626866]
Support per Class: [293949    100    150    150    100    100    100     75    100     75
    125    150    125    175     75    100    175     75     75]
Weighted Precision: 0.9961, Weighted Recall: 0.9638, Weighted F1-Score: 0.9790
Precision: 0.9961, Recall: 0.9638, F1-Score: 0.9790
Fold 1, Epoch 670, Train Loss: 0.4256, Val Loss: 0.3252, Val Acc: 0.9718
Precision: 0.9960, Recall: 0.9907, F1-Score: 0.9929
Fold 1, Epoch 671, Train Loss: 0.4578, Val Loss: 0.3675, Val Acc: 0.9903
Precision: 0.9962, Recall: 0.9908, F1-Score: 0.9930
Fold 1, Epoch 672, Train Loss: 0.4764, Val Loss: 0.3784, Val Acc: 0.9903
Precision: 0.9962, Recall: 0.9912, F1-Score: 0.9932
Fold 1, Epoch 673, Train Loss: 0.4589, Val Loss: 0.3414, Val Acc: 0.9907
Precision: 0.9961, Recall: 0.9907, F1-Score: 0.9929
Fold 1, Epoch 674, Train Loss: 0.4400, Val Loss: 0.3253, Val Acc: 0.9901
Precision: 0.9962, Recall: 0.9911, F1-Score: 0.9931
Fold 1, Epoch 675, Train Loss: 0.4404, Val Loss: 0.3220, Val Acc: 0.9907
Precision: 0.9958, Recall: 0.9291, F1-Score: 0.9606
Fold 1, Epoch 676, Train Loss: 0.4462, Val Loss: 0.3200, Val Acc: 0.9383
Precision: 0.9961, Recall: 0.9912, F1-Score: 0.9932
Fold 1, Epoch 677, Train Loss: 0.4617, Val Loss: 0.3418, Val Acc: 0.9908
Precision: 0.9962, Recall: 0.9909, F1-Score: 0.9930
Fold 1, Epoch 678, Train Loss: 0.4318, Val Loss: 0.3261, Val Acc: 0.9903
Precision: 0.9960, Recall: 0.9907, F1-Score: 0.9929
Fold 1, Epoch 679, Train Loss: 0.4192, Val Loss: 0.3730, Val Acc: 0.9902

--- Epoch 680 ---
--- Epoch 680 ---
--- Epoch 680 ---



--- Epoch 680 ---
Class Weights: [2.1182575e-05 5.6127068e-02 5.6127068e-02 5.9477936e-02 5.6928884e-02
 5.3851645e-02 5.3851645e-02 4.9812771e-02 5.9477936e-02 5.6127068e-02
 6.1308030e-02 5.1753532e-02 5.3851645e-02 6.0379118e-02 5.6928884e-02
 4.9197800e-02 5.4589339e-02 5.2434497e-02 5.7753939e-02]Class Weights: [2.1182575e-05 5.6127068e-02 5.6127068e-02 5.9477936e-02 5.6928884e-02
 5.3851645e-02 5.3851645e-02 4.9812771e-02 5.9477936e-02 5.6127068e-02
 6.1308030e-02 5.1753532e-02 5.3851645e-02 6.0379118e-02 5.6928884e-02
 4.9197800e-02 5.4589339e-02 5.2434497e-02 5.7753939e-02]Class Weights: [2.1182575e-05 5.6127068e-02 5.6127068e-02 5.9477936e-02 5.6928884e-02
 5.3851645e-02 5.3851645e-02 4.9812771e-02 5.9477936e-02 5.6127068e-02
 6.1308030e-02 5.1753532e-02 5.3851645e-02 6.0379118e-02 5.6928884e-02
 4.9197800e-02 5.4589339e-02 5.2434497e-02 5.7753939e-02]Class Weights: [2.1182575e-05 5.6127068e-02 5.6127068e-02 5.9477936e-02 5.6928884e-02
 5.3851645e-02 5.3851645e-02 4.9812771e-02 5.9477936e-02 5.6127068e-02
 6.1308030e-02 5.1753532e-02 5.3851645e-02 6.0379118e-02 5.6928884e-02
 4.9197800e-02 5.4589339e-02 5.2434497e-02 5.7753939e-02]



Learning Rate: 0.005Learning Rate: 0.005
Learning Rate: 0.005Learning Rate: 0.005


Train Loss: 0.4731, Val Loss: 0.3521
Train Loss: 0.4731, Val Loss: 0.3521Train Loss: 0.4731, Val Loss: 0.3521
Train Loss: 0.4731, Val Loss: 0.3521

Per-Class Precision: [1.         0.73643411 0.74626866 0.54681648 0.3974359  0.43157895
 0.47321429 0.14328358 0.32919255 0.19407008 0.2247191  0.2245614
 0.06122449 0.40559441 0.35443038 0.5323741  0.48837209 0.75757576
 0.6       ]
Per-Class Recall: [0.99236262 0.95       1.         0.97333333 0.93       0.82
 0.53       0.64       0.53       0.96       0.96       0.42666667
 0.168      0.66285714 0.74666667 0.74       0.84       1.
 1.        ]
Per-Class F1-Score: [0.99616667 0.82969432 0.85470085 0.70023981 0.55688623 0.56551724
 0.5        0.23414634 0.40613027 0.32286996 0.36418816 0.29425287
 0.08974359 0.5032538  0.4806867  0.61924686 0.61764706 0.86206897
 0.75      ]
Support per Class: [293949    100    150    150    100    100    100     75    100     75
    125    150    125    175     75    100    175     75     75]
Weighted Precision: 0.9961, Weighted Recall: 0.9908, Weighted F1-Score: 0.9930
Precision: 0.9961, Recall: 0.9908, F1-Score: 0.9930
Fold 1, Epoch 680, Train Loss: 0.4731, Val Loss: 0.3521, Val Acc: 0.9904
Precision: 0.9962, Recall: 0.9907, F1-Score: 0.9929
Fold 1, Epoch 681, Train Loss: 0.4563, Val Loss: 0.3382, Val Acc: 0.9902
Precision: 0.9961, Recall: 0.9909, F1-Score: 0.9930
Fold 1, Epoch 682, Train Loss: 0.4705, Val Loss: 0.3358, Val Acc: 0.9903
Precision: 0.9961, Recall: 0.9912, F1-Score: 0.9931
Fold 1, Epoch 683, Train Loss: 0.4608, Val Loss: 0.3301, Val Acc: 0.9906
Precision: 0.9962, Recall: 0.9908, F1-Score: 0.9930
Fold 1, Epoch 684, Train Loss: 0.4408, Val Loss: 0.3503, Val Acc: 0.9903
Precision: 0.9962, Recall: 0.9910, F1-Score: 0.9931
Fold 1, Epoch 685, Train Loss: 0.4494, Val Loss: 0.3632, Val Acc: 0.9904
Precision: 0.9953, Recall: 0.9893, F1-Score: 0.9919
Fold 1, Epoch 686, Train Loss: 0.9627, Val Loss: 0.8757, Val Acc: 0.9886
Precision: 0.9954, Recall: 0.9895, F1-Score: 0.9920
Fold 1, Epoch 687, Train Loss: 0.8597, Val Loss: 0.7797, Val Acc: 0.9892
Precision: 0.9956, Recall: 0.9887, F1-Score: 0.9916
Fold 1, Epoch 688, Train Loss: 0.8749, Val Loss: 0.6444, Val Acc: 0.9881
Precision: 0.9960, Recall: 0.9901, F1-Score: 0.9926
Fold 1, Epoch 689, Train Loss: 0.7247, Val Loss: 0.5191, Val Acc: 0.9897

--- Epoch 690 ---
--- Epoch 690 ---


--- Epoch 690 ---
Class Weights: [2.1182575e-05 5.6127068e-02 5.6127068e-02 5.9477936e-02 5.6928884e-02
 5.3851645e-02 5.3851645e-02 4.9812771e-02 5.9477936e-02 5.6127068e-02
 6.1308030e-02 5.1753532e-02 5.3851645e-02 6.0379118e-02 5.6928884e-02
 4.9197800e-02 5.4589339e-02 5.2434497e-02 5.7753939e-02]Class Weights: [2.1182575e-05 5.6127068e-02 5.6127068e-02 5.9477936e-02 5.6928884e-02
 5.3851645e-02 5.3851645e-02 4.9812771e-02 5.9477936e-02 5.6127068e-02
 6.1308030e-02 5.1753532e-02 5.3851645e-02 6.0379118e-02 5.6928884e-02
 4.9197800e-02 5.4589339e-02 5.2434497e-02 5.7753939e-02]Class Weights: [2.1182575e-05 5.6127068e-02 5.6127068e-02 5.9477936e-02 5.6928884e-02
 5.3851645e-02 5.3851645e-02 4.9812771e-02 5.9477936e-02 5.6127068e-02
 6.1308030e-02 5.1753532e-02 5.3851645e-02 6.0379118e-02 5.6928884e-02
 4.9197800e-02 5.4589339e-02 5.2434497e-02 5.7753939e-02]


Learning Rate: 0.005Learning Rate: 0.005
Learning Rate: 0.005

Train Loss: 0.5945, Val Loss: 0.3910Train Loss: 0.5945, Val Loss: 0.3910
Train Loss: 0.5945, Val Loss: 0.3910


--- Epoch 690 ---
Class Weights: [2.1182575e-05 5.6127068e-02 5.6127068e-02 5.9477936e-02 5.6928884e-02
 5.3851645e-02 5.3851645e-02 4.9812771e-02 5.9477936e-02 5.6127068e-02
 6.1308030e-02 5.1753532e-02 5.3851645e-02 6.0379118e-02 5.6928884e-02
 4.9197800e-02 5.4589339e-02 5.2434497e-02 5.7753939e-02]
Learning Rate: 0.005
Train Loss: 0.5945, Val Loss: 0.3910
Per-Class Precision: [1.         0.49746193 0.76142132 0.55       0.21907216 0.45355191
 0.29910714 0.2519084  0.16901408 0.16519174 0.17580872 0.19771863
 0.19463087 0.53191489 0.35664336 0.45736434 0.625      0.5859375
 0.68041237]
Per-Class Recall: [0.99169584 0.98       1.         0.88       0.85       0.83
 0.67       0.44       0.72       0.74666667 1.         0.34666667
 0.464      0.57142857 0.68       0.59       0.65714286 1.
 0.88      ]
Per-Class F1-Score: [0.99583061 0.65993266 0.86455331 0.67692308 0.34836066 0.58657244
 0.41358025 0.32038835 0.27376426 0.2705314  0.29904306 0.25181598
 0.27423168 0.55096419 0.46788991 0.51528384 0.64066852 0.73891626
 0.76744186]
Support per Class: [293949    100    150    150    100    100    100     75    100     75
    125    150    125    175     75    100    175     75     75]
Weighted Precision: 0.9960, Weighted Recall: 0.9899, Weighted F1-Score: 0.9925
Precision: 0.9960, Recall: 0.9899, F1-Score: 0.9925
Fold 1, Epoch 690, Train Loss: 0.5945, Val Loss: 0.3910, Val Acc: 0.9895
Precision: 0.9957, Recall: 0.9899, F1-Score: 0.9923
Fold 1, Epoch 691, Train Loss: 0.5109, Val Loss: 0.4431, Val Acc: 0.9893
Precision: 0.9960, Recall: 0.9898, F1-Score: 0.9924
Fold 1, Epoch 692, Train Loss: 0.5089, Val Loss: 0.3444, Val Acc: 0.9893
Precision: 0.9962, Recall: 0.9912, F1-Score: 0.9932
Fold 1, Epoch 693, Train Loss: 0.4775, Val Loss: 0.3772, Val Acc: 0.9906
Precision: 0.9960, Recall: 0.9906, F1-Score: 0.9927
Fold 1, Epoch 694, Train Loss: 0.4530, Val Loss: 0.3382, Val Acc: 0.9897
Precision: 0.9962, Recall: 0.9913, F1-Score: 0.9933
Fold 1, Epoch 695, Train Loss: 0.4520, Val Loss: 0.3174, Val Acc: 0.9907
Precision: 0.9961, Recall: 0.9910, F1-Score: 0.9930
Fold 1, Epoch 696, Train Loss: 0.4168, Val Loss: 0.3213, Val Acc: 0.9905
Precision: 0.9962, Recall: 0.9912, F1-Score: 0.9932
Fold 1, Epoch 697, Train Loss: 0.4405, Val Loss: 0.3041, Val Acc: 0.9907
Precision: 0.9961, Recall: 0.9909, F1-Score: 0.9930
Fold 1, Epoch 698, Train Loss: 0.4370, Val Loss: 0.3414, Val Acc: 0.9901
Precision: 0.9962, Recall: 0.9907, F1-Score: 0.9930
Fold 1, Epoch 699, Train Loss: 0.4483, Val Loss: 0.3931, Val Acc: 0.9899

--- Epoch 700 ---
--- Epoch 700 ---
--- Epoch 700 ---


--- Epoch 700 ---

Class Weights: [2.1182575e-05 5.6127068e-02 5.6127068e-02 5.9477936e-02 5.6928884e-02
 5.3851645e-02 5.3851645e-02 4.9812771e-02 5.9477936e-02 5.6127068e-02
 6.1308030e-02 5.1753532e-02 5.3851645e-02 6.0379118e-02 5.6928884e-02
 4.9197800e-02 5.4589339e-02 5.2434497e-02 5.7753939e-02]Class Weights: [2.1182575e-05 5.6127068e-02 5.6127068e-02 5.9477936e-02 5.6928884e-02
 5.3851645e-02 5.3851645e-02 4.9812771e-02 5.9477936e-02 5.6127068e-02
 6.1308030e-02 5.1753532e-02 5.3851645e-02 6.0379118e-02 5.6928884e-02
 4.9197800e-02 5.4589339e-02 5.2434497e-02 5.7753939e-02]Class Weights: [2.1182575e-05 5.6127068e-02 5.6127068e-02 5.9477936e-02 5.6928884e-02
 5.3851645e-02 5.3851645e-02 4.9812771e-02 5.9477936e-02 5.6127068e-02
 6.1308030e-02 5.1753532e-02 5.3851645e-02 6.0379118e-02 5.6928884e-02
 4.9197800e-02 5.4589339e-02 5.2434497e-02 5.7753939e-02]Class Weights: [2.1182575e-05 5.6127068e-02 5.6127068e-02 5.9477936e-02 5.6928884e-02
 5.3851645e-02 5.3851645e-02 4.9812771e-02 5.9477936e-02 5.6127068e-02
 6.1308030e-02 5.1753532e-02 5.3851645e-02 6.0379118e-02 5.6928884e-02
 4.9197800e-02 5.4589339e-02 5.2434497e-02 5.7753939e-02]



Learning Rate: 0.005Learning Rate: 0.005
Learning Rate: 0.005
Learning Rate: 0.005

Train Loss: 0.4665, Val Loss: 0.3305Train Loss: 0.4665, Val Loss: 0.3305

Train Loss: 0.4665, Val Loss: 0.3305Train Loss: 0.4665, Val Loss: 0.3305

Per-Class Precision: [1.         0.54945055 0.79679144 0.57421875 0.33905579 0.39800995
 0.35849057 0.30434783 0.31223629 0.25252525 0.26954178 0.04727273
 0.19480519 0.50627615 0.27272727 0.49746193 0.50865052 0.57692308
 0.5323741 ]
Per-Class Recall: [0.99237283 1.         0.99333333 0.98       0.79       0.8
 0.76       0.74666667 0.74       1.         0.8        0.08666667
 0.72       0.69142857 0.64       0.98       0.84       1.
 0.98666667]
Per-Class F1-Score: [0.99617181 0.70921986 0.884273   0.72413793 0.47447447 0.53156146
 0.48717949 0.43243243 0.43916914 0.40322581 0.40322581 0.06117647
 0.30664395 0.58454106 0.38247012 0.65993266 0.63362069 0.73170732
 0.69158879]
Support per Class: [293949    100    150    150    100    100    100     75    100     75
    125    150    125    175     75    100    175     75     75]
Weighted Precision: 0.9960, Weighted Recall: 0.9910, Weighted F1-Score: 0.9930
Precision: 0.9960, Recall: 0.9910, F1-Score: 0.9930
Fold 1, Epoch 700, Train Loss: 0.4665, Val Loss: 0.3305, Val Acc: 0.9903
Precision: 0.9960, Recall: 0.9896, F1-Score: 0.9923
Fold 1, Epoch 701, Train Loss: 0.4275, Val Loss: 0.3400, Val Acc: 0.9887
Precision: 0.9962, Recall: 0.9909, F1-Score: 0.9931
Fold 1, Epoch 702, Train Loss: 0.4319, Val Loss: 0.3212, Val Acc: 0.9904
Precision: 0.9962, Recall: 0.9909, F1-Score: 0.9930
Fold 1, Epoch 703, Train Loss: 0.4608, Val Loss: 0.2960, Val Acc: 0.9905
Precision: 0.9960, Recall: 0.9907, F1-Score: 0.9928
Fold 1, Epoch 704, Train Loss: 0.4395, Val Loss: 0.3352, Val Acc: 0.9901
Precision: 0.9962, Recall: 0.9910, F1-Score: 0.9931
Fold 1, Epoch 705, Train Loss: 0.4255, Val Loss: 0.3320, Val Acc: 0.9905
Precision: 0.9961, Recall: 0.9908, F1-Score: 0.9929
Fold 1, Epoch 706, Train Loss: 0.4282, Val Loss: 0.3183, Val Acc: 0.9903
Precision: 0.9961, Recall: 0.9908, F1-Score: 0.9929
Fold 1, Epoch 707, Train Loss: 0.4409, Val Loss: 0.3245, Val Acc: 0.9901
Precision: 0.9961, Recall: 0.9909, F1-Score: 0.9931
Fold 1, Epoch 708, Train Loss: 0.4360, Val Loss: 0.3589, Val Acc: 0.9903
Precision: 0.9961, Recall: 0.9909, F1-Score: 0.9930
Fold 1, Epoch 709, Train Loss: 0.4346, Val Loss: 0.3388, Val Acc: 0.9904

--- Epoch 710 ---
--- Epoch 710 ---
--- Epoch 710 ---



--- Epoch 710 ---
Class Weights: [2.1182575e-05 5.6127068e-02 5.6127068e-02 5.9477936e-02 5.6928884e-02
 5.3851645e-02 5.3851645e-02 4.9812771e-02 5.9477936e-02 5.6127068e-02
 6.1308030e-02 5.1753532e-02 5.3851645e-02 6.0379118e-02 5.6928884e-02
 4.9197800e-02 5.4589339e-02 5.2434497e-02 5.7753939e-02]Class Weights: [2.1182575e-05 5.6127068e-02 5.6127068e-02 5.9477936e-02 5.6928884e-02
 5.3851645e-02 5.3851645e-02 4.9812771e-02 5.9477936e-02 5.6127068e-02
 6.1308030e-02 5.1753532e-02 5.3851645e-02 6.0379118e-02 5.6928884e-02
 4.9197800e-02 5.4589339e-02 5.2434497e-02 5.7753939e-02]Class Weights: [2.1182575e-05 5.6127068e-02 5.6127068e-02 5.9477936e-02 5.6928884e-02
 5.3851645e-02 5.3851645e-02 4.9812771e-02 5.9477936e-02 5.6127068e-02
 6.1308030e-02 5.1753532e-02 5.3851645e-02 6.0379118e-02 5.6928884e-02
 4.9197800e-02 5.4589339e-02 5.2434497e-02 5.7753939e-02]Class Weights: [2.1182575e-05 5.6127068e-02 5.6127068e-02 5.9477936e-02 5.6928884e-02
 5.3851645e-02 5.3851645e-02 4.9812771e-02 5.9477936e-02 5.6127068e-02
 6.1308030e-02 5.1753532e-02 5.3851645e-02 6.0379118e-02 5.6928884e-02
 4.9197800e-02 5.4589339e-02 5.2434497e-02 5.7753939e-02]



Learning Rate: 0.005Learning Rate: 0.005
Learning Rate: 0.005
Learning Rate: 0.005

Train Loss: 0.4232, Val Loss: 0.2987
Train Loss: 0.4232, Val Loss: 0.2987Train Loss: 0.4232, Val Loss: 0.2987Train Loss: 0.4232, Val Loss: 0.2987


Per-Class Precision: [1.         0.09460738 0.85227273 0.62184874 0.40969163 0.40566038
 0.30877193 0.37837838 0.3219697  0.24172185 0.23766816 0.23376623
 0.18685832 0.48109966 0.34355828 0.46116505 0.53612167 0.63559322
 0.53191489]
Per-Class Recall: [0.98939952 1.         1.         0.98666667 0.93       0.86
 0.88       0.56       0.85       0.97333333 0.848      0.24
 0.728      0.8        0.74666667 0.95       0.80571429 1.
 1.        ]
Per-Class F1-Score: [0.99467152 0.17286085 0.9202454  0.7628866  0.56880734 0.55128205
 0.45714286 0.4516129  0.46703297 0.3872679  0.37127846 0.23684211
 0.29738562 0.60085837 0.47058824 0.62091503 0.64383562 0.77720207
 0.69444444]
Support per Class: [293949    100    150    150    100    100    100     75    100     75
    125    150    125    175     75    100    175     75     75]
Weighted Precision: 0.9960, Weighted Recall: 0.9883, Weighted F1-Score: 0.9915
Precision: 0.9960, Recall: 0.9883, F1-Score: 0.9915
Fold 1, Epoch 710, Train Loss: 0.4232, Val Loss: 0.2987, Val Acc: 0.9887
Precision: 0.9962, Recall: 0.9366, F1-Score: 0.9649
Fold 1, Epoch 711, Train Loss: 0.4313, Val Loss: 0.3594, Val Acc: 0.9453
Precision: 0.9962, Recall: 0.9914, F1-Score: 0.9933
Fold 1, Epoch 712, Train Loss: 0.4471, Val Loss: 0.3172, Val Acc: 0.9910
Precision: 0.9962, Recall: 0.9909, F1-Score: 0.9930
Fold 1, Epoch 713, Train Loss: 0.4143, Val Loss: 0.3130, Val Acc: 0.9905
Precision: 0.9961, Recall: 0.9908, F1-Score: 0.9930
Fold 1, Epoch 714, Train Loss: 0.4296, Val Loss: 0.3334, Val Acc: 0.9904
Precision: 0.9963, Recall: 0.9909, F1-Score: 0.9931
Fold 1, Epoch 715, Train Loss: 0.4127, Val Loss: 0.3206, Val Acc: 0.9903
Precision: 0.9962, Recall: 0.9911, F1-Score: 0.9932
Fold 1, Epoch 716, Train Loss: 0.3884, Val Loss: 0.3094, Val Acc: 0.9906
Precision: 0.9962, Recall: 0.9912, F1-Score: 0.9933
Fold 1, Epoch 717, Train Loss: 0.4320, Val Loss: 0.3036, Val Acc: 0.9908
Precision: 0.9962, Recall: 0.9909, F1-Score: 0.9931
Fold 1, Epoch 718, Train Loss: 0.4174, Val Loss: 0.3210, Val Acc: 0.9905
Precision: 0.9962, Recall: 0.9912, F1-Score: 0.9932
Fold 1, Epoch 719, Train Loss: 0.4440, Val Loss: 0.3058, Val Acc: 0.9907

--- Epoch 720 ---
--- Epoch 720 ---

--- Epoch 720 ---


--- Epoch 720 ---
Class Weights: [2.1182575e-05 5.6127068e-02 5.6127068e-02 5.9477936e-02 5.6928884e-02
 5.3851645e-02 5.3851645e-02 4.9812771e-02 5.9477936e-02 5.6127068e-02
 6.1308030e-02 5.1753532e-02 5.3851645e-02 6.0379118e-02 5.6928884e-02
 4.9197800e-02 5.4589339e-02 5.2434497e-02 5.7753939e-02]Class Weights: [2.1182575e-05 5.6127068e-02 5.6127068e-02 5.9477936e-02 5.6928884e-02
 5.3851645e-02 5.3851645e-02 4.9812771e-02 5.9477936e-02 5.6127068e-02
 6.1308030e-02 5.1753532e-02 5.3851645e-02 6.0379118e-02 5.6928884e-02
 4.9197800e-02 5.4589339e-02 5.2434497e-02 5.7753939e-02]

Class Weights: [2.1182575e-05 5.6127068e-02 5.6127068e-02 5.9477936e-02 5.6928884e-02
 5.3851645e-02 5.3851645e-02 4.9812771e-02 5.9477936e-02 5.6127068e-02
 6.1308030e-02 5.1753532e-02 5.3851645e-02 6.0379118e-02 5.6928884e-02
 4.9197800e-02 5.4589339e-02 5.2434497e-02 5.7753939e-02]Learning Rate: 0.005Learning Rate: 0.005


Learning Rate: 0.005
Class Weights: [2.1182575e-05 5.6127068e-02 5.6127068e-02 5.9477936e-02 5.6928884e-02
 5.3851645e-02 5.3851645e-02 4.9812771e-02 5.9477936e-02 5.6127068e-02
 6.1308030e-02 5.1753532e-02 5.3851645e-02 6.0379118e-02 5.6928884e-02
 4.9197800e-02 5.4589339e-02 5.2434497e-02 5.7753939e-02]
Learning Rate: 0.005
Train Loss: 0.4245, Val Loss: 0.3249Train Loss: 0.4245, Val Loss: 0.3249
Train Loss: 0.4245, Val Loss: 0.3249

Train Loss: 0.4245, Val Loss: 0.3249
Per-Class Precision: [1.         0.53296703 0.82417582 0.6359447  0.37280702 0.4213198
 0.44827586 0.15106383 0.312      0.22580645 0.25062035 0.18394649
 0.18548387 0.36683417 0.40625    0.6728972  0.54307116 0.625
 0.54961832]
Per-Class Recall: [0.99221634 0.97       1.         0.92       0.85       0.83
 0.65       0.94666667 0.39       0.93333333 0.808      0.36666667
 0.552      0.83428571 0.86666667 0.72       0.82857143 1.
 0.96      ]
Per-Class F1-Score: [0.99609296 0.68794326 0.90361446 0.7520436  0.51829268 0.55892256
 0.53061224 0.26055046 0.34666667 0.36363636 0.38257576 0.24498886
 0.277666   0.5095986  0.55319149 0.69565217 0.6561086  0.76923077
 0.69902913]
Support per Class: [293949    100    150    150    100    100    100     75    100     75
    125    150    125    175     75    100    175     75     75]
Weighted Precision: 0.9961, Weighted Recall: 0.9908, Weighted F1-Score: 0.9930
Precision: 0.9961, Recall: 0.9908, F1-Score: 0.9930
Fold 1, Epoch 720, Train Loss: 0.4245, Val Loss: 0.3249, Val Acc: 0.9903
Precision: 0.9962, Recall: 0.9911, F1-Score: 0.9932
Fold 1, Epoch 721, Train Loss: 0.4226, Val Loss: 0.3053, Val Acc: 0.9906
Precision: 0.9961, Recall: 0.9888, F1-Score: 0.9918
Fold 1, Epoch 722, Train Loss: 0.4131, Val Loss: 0.3052, Val Acc: 0.9885
Precision: 0.9962, Recall: 0.9911, F1-Score: 0.9932
Fold 1, Epoch 723, Train Loss: 0.4325, Val Loss: 0.3246, Val Acc: 0.9907
Precision: 0.9962, Recall: 0.9911, F1-Score: 0.9931
Fold 1, Epoch 724, Train Loss: 0.4079, Val Loss: 0.3241, Val Acc: 0.9906
Precision: 0.9959, Recall: 0.9887, F1-Score: 0.9917
Fold 1, Epoch 725, Train Loss: 0.4247, Val Loss: 0.3054, Val Acc: 0.9883
Precision: 0.9963, Recall: 0.9909, F1-Score: 0.9932
Fold 1, Epoch 726, Train Loss: 0.4373, Val Loss: 0.3633, Val Acc: 0.9905
Precision: 0.9961, Recall: 0.9908, F1-Score: 0.9930
Fold 1, Epoch 727, Train Loss: 0.4317, Val Loss: 0.3121, Val Acc: 0.9902
Precision: 0.9959, Recall: 0.9715, F1-Score: 0.9829
Fold 1, Epoch 728, Train Loss: 0.4058, Val Loss: 0.3220, Val Acc: 0.9769
Precision: 0.9961, Recall: 0.9885, F1-Score: 0.9917
Fold 1, Epoch 729, Train Loss: 0.4114, Val Loss: 0.3192, Val Acc: 0.9878

--- Epoch 730 ---
--- Epoch 730 ---


--- Epoch 730 ---
--- Epoch 730 ---

Class Weights: [2.1182575e-05 5.6127068e-02 5.6127068e-02 5.9477936e-02 5.6928884e-02
 5.3851645e-02 5.3851645e-02 4.9812771e-02 5.9477936e-02 5.6127068e-02
 6.1308030e-02 5.1753532e-02 5.3851645e-02 6.0379118e-02 5.6928884e-02
 4.9197800e-02 5.4589339e-02 5.2434497e-02 5.7753939e-02]Class Weights: [2.1182575e-05 5.6127068e-02 5.6127068e-02 5.9477936e-02 5.6928884e-02
 5.3851645e-02 5.3851645e-02 4.9812771e-02 5.9477936e-02 5.6127068e-02
 6.1308030e-02 5.1753532e-02 5.3851645e-02 6.0379118e-02 5.6928884e-02
 4.9197800e-02 5.4589339e-02 5.2434497e-02 5.7753939e-02]Class Weights: [2.1182575e-05 5.6127068e-02 5.6127068e-02 5.9477936e-02 5.6928884e-02
 5.3851645e-02 5.3851645e-02 4.9812771e-02 5.9477936e-02 5.6127068e-02
 6.1308030e-02 5.1753532e-02 5.3851645e-02 6.0379118e-02 5.6928884e-02
 4.9197800e-02 5.4589339e-02 5.2434497e-02 5.7753939e-02]Class Weights: [2.1182575e-05 5.6127068e-02 5.6127068e-02 5.9477936e-02 5.6928884e-02
 5.3851645e-02 5.3851645e-02 4.9812771e-02 5.9477936e-02 5.6127068e-02
 6.1308030e-02 5.1753532e-02 5.3851645e-02 6.0379118e-02 5.6928884e-02
 4.9197800e-02 5.4589339e-02 5.2434497e-02 5.7753939e-02]



Learning Rate: 0.005Learning Rate: 0.005
Learning Rate: 0.005
Learning Rate: 0.005

Train Loss: 0.4354, Val Loss: 0.3316Train Loss: 0.4354, Val Loss: 0.3316Train Loss: 0.4354, Val Loss: 0.3316


Train Loss: 0.4354, Val Loss: 0.3316
Per-Class Precision: [1.         0.68309859 0.84883721 0.52919708 0.33467742 0.38624339
 0.30740741 0.2300885  0.35810811 0.26199262 0.28851541 0.16129032
 0.20240481 0.44444444 0.32116788 0.40243902 0.52112676 0.72815534
 0.56818182]
Per-Class Recall: [0.99257694 0.97       0.97333333 0.96666667 0.83       0.73
 0.83       0.69333333 0.53       0.94666667 0.824      0.26666667
 0.808      0.66285714 0.58666667 0.99       0.84571429 1.
 1.        ]
Per-Class F1-Score: [0.99627465 0.80165289 0.9068323  0.68396226 0.47701149 0.50519031
 0.44864865 0.34551495 0.42741935 0.41040462 0.42738589 0.20100503
 0.32371795 0.53211009 0.41509434 0.57225434 0.64488017 0.84269663
 0.72463768]
Support per Class: [293949    100    150    150    100    100    100     75    100     75
    125    150    125    175     75    100    175     75     75]
Weighted Precision: 0.9961, Weighted Recall: 0.9912, Weighted F1-Score: 0.9932
Precision: 0.9961, Recall: 0.9912, F1-Score: 0.9932
Fold 1, Epoch 730, Train Loss: 0.4354, Val Loss: 0.3316, Val Acc: 0.9907
Precision: 0.9961, Recall: 0.9911, F1-Score: 0.9931
Fold 1, Epoch 731, Train Loss: 0.4921, Val Loss: 0.3079, Val Acc: 0.9907
Precision: 0.9960, Recall: 0.9900, F1-Score: 0.9924
Fold 1, Epoch 732, Train Loss: 0.4537, Val Loss: 0.3051, Val Acc: 0.9895
Precision: 0.9962, Recall: 0.9912, F1-Score: 0.9932
Fold 1, Epoch 733, Train Loss: 0.4359, Val Loss: 0.3311, Val Acc: 0.9909
Precision: 0.9961, Recall: 0.9907, F1-Score: 0.9929
Fold 1, Epoch 734, Train Loss: 0.4333, Val Loss: 0.3315, Val Acc: 0.9901
Precision: 0.9962, Recall: 0.9910, F1-Score: 0.9931
Fold 1, Epoch 735, Train Loss: 0.4298, Val Loss: 0.3620, Val Acc: 0.9905
Precision: 0.9960, Recall: 0.9905, F1-Score: 0.9928
Fold 1, Epoch 736, Train Loss: 0.4431, Val Loss: 0.3300, Val Acc: 0.9902
Precision: 0.9961, Recall: 0.9908, F1-Score: 0.9930
Fold 1, Epoch 737, Train Loss: 0.4314, Val Loss: 0.3421, Val Acc: 0.9904
Precision: 0.9961, Recall: 0.9909, F1-Score: 0.9930
Fold 1, Epoch 738, Train Loss: 0.4022, Val Loss: 0.3206, Val Acc: 0.9904
Precision: 0.9959, Recall: 0.9867, F1-Score: 0.9907
Fold 1, Epoch 739, Train Loss: 0.4045, Val Loss: 0.3277, Val Acc: 0.9877

--- Epoch 740 ---
--- Epoch 740 ---
--- Epoch 740 ---



--- Epoch 740 ---
Class Weights: [2.1182575e-05 5.6127068e-02 5.6127068e-02 5.9477936e-02 5.6928884e-02
 5.3851645e-02 5.3851645e-02 4.9812771e-02 5.9477936e-02 5.6127068e-02
 6.1308030e-02 5.1753532e-02 5.3851645e-02 6.0379118e-02 5.6928884e-02
 4.9197800e-02 5.4589339e-02 5.2434497e-02 5.7753939e-02]Class Weights: [2.1182575e-05 5.6127068e-02 5.6127068e-02 5.9477936e-02 5.6928884e-02
 5.3851645e-02 5.3851645e-02 4.9812771e-02 5.9477936e-02 5.6127068e-02
 6.1308030e-02 5.1753532e-02 5.3851645e-02 6.0379118e-02 5.6928884e-02
 4.9197800e-02 5.4589339e-02 5.2434497e-02 5.7753939e-02]Class Weights: [2.1182575e-05 5.6127068e-02 5.6127068e-02 5.9477936e-02 5.6928884e-02
 5.3851645e-02 5.3851645e-02 4.9812771e-02 5.9477936e-02 5.6127068e-02
 6.1308030e-02 5.1753532e-02 5.3851645e-02 6.0379118e-02 5.6928884e-02
 4.9197800e-02 5.4589339e-02 5.2434497e-02 5.7753939e-02]


Learning Rate: 0.005Learning Rate: 0.005
Learning Rate: 0.005
Class Weights: [2.1182575e-05 5.6127068e-02 5.6127068e-02 5.9477936e-02 5.6928884e-02
 5.3851645e-02 5.3851645e-02 4.9812771e-02 5.9477936e-02 5.6127068e-02
 6.1308030e-02 5.1753532e-02 5.3851645e-02 6.0379118e-02 5.6928884e-02
 4.9197800e-02 5.4589339e-02 5.2434497e-02 5.7753939e-02]

Learning Rate: 0.005
Train Loss: 0.4207, Val Loss: 0.2967
Train Loss: 0.4207, Val Loss: 0.2967
Train Loss: 0.4207, Val Loss: 0.2967
Train Loss: 0.4207, Val Loss: 0.2967
Per-Class Precision: [1.         0.55555556 0.78125    0.59760956 0.39726027 0.52287582
 0.34615385 0.37142857 0.31531532 0.17857143 0.24791667 0.20618557
 0.27777778 0.40718563 0.37820513 0.47540984 0.53962264 0.6097561
 0.53571429]
Per-Class Recall: [0.99229798 1.         1.         1.         0.87       0.8
 0.81       0.69333333 0.7        1.         0.952      0.4
 0.68       0.77714286 0.78666667 0.87       0.81714286 1.
 1.        ]
Per-Class F1-Score: [0.9961341  0.71428571 0.87719298 0.74812968 0.54545455 0.63241107
 0.48502994 0.48372093 0.43478261 0.3030303  0.39338843 0.27210884
 0.39443155 0.53438114 0.51082251 0.61484099 0.65       0.75757576
 0.69767442]
Support per Class: [293949    100    150    150    100    100    100     75    100     75
    125    150    125    175     75    100    175     75     75]
Weighted Precision: 0.9962, Weighted Recall: 0.9912, Weighted F1-Score: 0.9932
Precision: 0.9962, Recall: 0.9912, F1-Score: 0.9932
Fold 1, Epoch 740, Train Loss: 0.4207, Val Loss: 0.2967, Val Acc: 0.9907
Precision: 0.9962, Recall: 0.9912, F1-Score: 0.9932
Fold 1, Epoch 741, Train Loss: 0.4219, Val Loss: 0.3053, Val Acc: 0.9907
Precision: 0.9962, Recall: 0.9912, F1-Score: 0.9933
Fold 1, Epoch 742, Train Loss: 0.4067, Val Loss: 0.3136, Val Acc: 0.9908
Precision: 0.9960, Recall: 0.9900, F1-Score: 0.9925
Fold 1, Epoch 743, Train Loss: 0.4024, Val Loss: 0.3353, Val Acc: 0.9896
Precision: 0.9963, Recall: 0.9909, F1-Score: 0.9931
Fold 1, Epoch 744, Train Loss: 0.4283, Val Loss: 0.3259, Val Acc: 0.9904
Precision: 0.9960, Recall: 0.9810, F1-Score: 0.9878
Fold 1, Epoch 745, Train Loss: 0.4403, Val Loss: 0.3082, Val Acc: 0.9836
Precision: 0.9962, Recall: 0.9912, F1-Score: 0.9932
Fold 1, Epoch 746, Train Loss: 0.4319, Val Loss: 0.3092, Val Acc: 0.9906
Precision: 0.9963, Recall: 0.9913, F1-Score: 0.9933
Fold 1, Epoch 747, Train Loss: 0.4063, Val Loss: 0.3146, Val Acc: 0.9907
Precision: 0.9961, Recall: 0.9908, F1-Score: 0.9930
Fold 1, Epoch 748, Train Loss: 0.4133, Val Loss: 0.3321, Val Acc: 0.9903
Precision: 0.9962, Recall: 0.9910, F1-Score: 0.9932
Fold 1, Epoch 749, Train Loss: 0.4504, Val Loss: 0.3404, Val Acc: 0.9904

--- Epoch 750 ---
--- Epoch 750 ---
--- Epoch 750 ---



--- Epoch 750 ---
Class Weights: [2.1182575e-05 5.6127068e-02 5.6127068e-02 5.9477936e-02 5.6928884e-02
 5.3851645e-02 5.3851645e-02 4.9812771e-02 5.9477936e-02 5.6127068e-02
 6.1308030e-02 5.1753532e-02 5.3851645e-02 6.0379118e-02 5.6928884e-02
 4.9197800e-02 5.4589339e-02 5.2434497e-02 5.7753939e-02]Class Weights: [2.1182575e-05 5.6127068e-02 5.6127068e-02 5.9477936e-02 5.6928884e-02
 5.3851645e-02 5.3851645e-02 4.9812771e-02 5.9477936e-02 5.6127068e-02
 6.1308030e-02 5.1753532e-02 5.3851645e-02 6.0379118e-02 5.6928884e-02
 4.9197800e-02 5.4589339e-02 5.2434497e-02 5.7753939e-02]Class Weights: [2.1182575e-05 5.6127068e-02 5.6127068e-02 5.9477936e-02 5.6928884e-02
 5.3851645e-02 5.3851645e-02 4.9812771e-02 5.9477936e-02 5.6127068e-02
 6.1308030e-02 5.1753532e-02 5.3851645e-02 6.0379118e-02 5.6928884e-02
 4.9197800e-02 5.4589339e-02 5.2434497e-02 5.7753939e-02]Class Weights: [2.1182575e-05 5.6127068e-02 5.6127068e-02 5.9477936e-02 5.6928884e-02
 5.3851645e-02 5.3851645e-02 4.9812771e-02 5.9477936e-02 5.6127068e-02
 6.1308030e-02 5.1753532e-02 5.3851645e-02 6.0379118e-02 5.6928884e-02
 4.9197800e-02 5.4589339e-02 5.2434497e-02 5.7753939e-02]



Learning Rate: 0.005Learning Rate: 0.005Learning Rate: 0.005
Learning Rate: 0.005


Train Loss: 0.4590, Val Loss: 0.3016
Train Loss: 0.4590, Val Loss: 0.3016Train Loss: 0.4590, Val Loss: 0.3016
Train Loss: 0.4590, Val Loss: 0.3016

Per-Class Precision: [1.         0.64285714 0.85549133 0.59437751 0.41964286 0.48538012
 0.36818182 0.23648649 0.30769231 0.20221607 0.26277372 0.1928839
 0.22250639 0.61142857 0.40131579 0.65263158 0.50165017 0.58139535
 0.63888889]
Per-Class Recall: [0.99231499 0.99       0.98666667 0.98666667 0.94       0.83
 0.81       0.46666667 0.88       0.97333333 0.864      0.68666667
 0.696      0.61142857 0.81333333 0.62       0.86857143 1.
 0.92      ]
Per-Class F1-Score: [0.99614267 0.77952756 0.91640867 0.74185464 0.58024691 0.61254613
 0.50625    0.31390135 0.45595855 0.33486239 0.40298507 0.30116959
 0.3372093  0.61142857 0.53744493 0.63589744 0.63598326 0.73529412
 0.75409836]
Support per Class: [293949    100    150    150    100    100    100     75    100     75
    125    150    125    175     75    100    175     75     75]
Weighted Precision: 0.9963, Weighted Recall: 0.9912, Weighted F1-Score: 0.9933
Precision: 0.9963, Recall: 0.9912, F1-Score: 0.9933
Fold 1, Epoch 750, Train Loss: 0.4590, Val Loss: 0.3016, Val Acc: 0.9906
Precision: 0.9963, Recall: 0.9909, F1-Score: 0.9931
Fold 1, Epoch 751, Train Loss: 0.4398, Val Loss: 0.3295, Val Acc: 0.9902
Precision: 0.9961, Recall: 0.9913, F1-Score: 0.9932
Fold 1, Epoch 752, Train Loss: 0.4284, Val Loss: 0.3295, Val Acc: 0.9908
Precision: 0.9960, Recall: 0.9882, F1-Score: 0.9914
Fold 1, Epoch 753, Train Loss: 0.4101, Val Loss: 0.3077, Val Acc: 0.9886
Precision: 0.9963, Recall: 0.9912, F1-Score: 0.9933
Fold 1, Epoch 754, Train Loss: 0.3985, Val Loss: 0.3072, Val Acc: 0.9906
Precision: 0.9962, Recall: 0.9911, F1-Score: 0.9932
Fold 1, Epoch 755, Train Loss: 0.4124, Val Loss: 0.3268, Val Acc: 0.9905
Precision: 0.9962, Recall: 0.9911, F1-Score: 0.9932
Fold 1, Epoch 756, Train Loss: 0.4441, Val Loss: 0.3114, Val Acc: 0.9906
Precision: 0.9962, Recall: 0.9912, F1-Score: 0.9932
Fold 1, Epoch 757, Train Loss: 0.4331, Val Loss: 0.3182, Val Acc: 0.9906
Precision: 0.9959, Recall: 0.9902, F1-Score: 0.9925
Fold 1, Epoch 758, Train Loss: 0.4460, Val Loss: 0.3987, Val Acc: 0.9895
Precision: 0.9962, Recall: 0.9900, F1-Score: 0.9925
Fold 1, Epoch 759, Train Loss: 0.4533, Val Loss: 0.3126, Val Acc: 0.9898

--- Epoch 760 ---

--- Epoch 760 ---

--- Epoch 760 ---
--- Epoch 760 ---

Class Weights: [2.1182575e-05 5.6127068e-02 5.6127068e-02 5.9477936e-02 5.6928884e-02
 5.3851645e-02 5.3851645e-02 4.9812771e-02 5.9477936e-02 5.6127068e-02
 6.1308030e-02 5.1753532e-02 5.3851645e-02 6.0379118e-02 5.6928884e-02
 4.9197800e-02 5.4589339e-02 5.2434497e-02 5.7753939e-02]
Learning Rate: 0.005
Class Weights: [2.1182575e-05 5.6127068e-02 5.6127068e-02 5.9477936e-02 5.6928884e-02
 5.3851645e-02 5.3851645e-02 4.9812771e-02 5.9477936e-02 5.6127068e-02
 6.1308030e-02 5.1753532e-02 5.3851645e-02 6.0379118e-02 5.6928884e-02
 4.9197800e-02 5.4589339e-02 5.2434497e-02 5.7753939e-02]Class Weights: [2.1182575e-05 5.6127068e-02 5.6127068e-02 5.9477936e-02 5.6928884e-02
 5.3851645e-02 5.3851645e-02 4.9812771e-02 5.9477936e-02 5.6127068e-02
 6.1308030e-02 5.1753532e-02 5.3851645e-02 6.0379118e-02 5.6928884e-02
 4.9197800e-02 5.4589339e-02 5.2434497e-02 5.7753939e-02]
Class Weights: [2.1182575e-05 5.6127068e-02 5.6127068e-02 5.9477936e-02 5.6928884e-02
 5.3851645e-02 5.3851645e-02 4.9812771e-02 5.9477936e-02 5.6127068e-02
 6.1308030e-02 5.1753532e-02 5.3851645e-02 6.0379118e-02 5.6928884e-02
 4.9197800e-02 5.4589339e-02 5.2434497e-02 5.7753939e-02]

Learning Rate: 0.005Train Loss: 0.4362, Val Loss: 0.3641
Learning Rate: 0.005Learning Rate: 0.005


Train Loss: 0.4362, Val Loss: 0.3641Train Loss: 0.4362, Val Loss: 0.3641

Train Loss: 0.4362, Val Loss: 0.3641
Per-Class Precision: [1.         0.72058824 0.84090909 0.62025316 0.37155963 0.4640884
 0.5        0.11734694 0.2361516  0.21556886 0.21364452 0.17990654
 0.09542744 0.52054795 0.35260116 0.65517241 0.5        0.67272727
 0.61538462]
Per-Class Recall: [0.9923252  0.98       0.98666667 0.98       0.81       0.84
 0.5        0.30666667 0.81       0.96       0.952      0.51333333
 0.384      0.21714286 0.81333333 0.57       0.89142857 0.98666667
 0.96      ]
Per-Class F1-Score: [0.99614782 0.83050847 0.90797546 0.75968992 0.50943396 0.59786477
 0.5        0.1697417  0.36568849 0.35207824 0.34897361 0.26643599
 0.15286624 0.30645161 0.49193548 0.60962567 0.64065708 0.8
 0.75      ]
Support per Class: [293949    100    150    150    100    100    100     75    100     75
    125    150    125    175     75    100    175     75     75]
Weighted Precision: 0.9962, Weighted Recall: 0.9906, Weighted F1-Score: 0.9929
Precision: 0.9962, Recall: 0.9906, F1-Score: 0.9929
Fold 1, Epoch 760, Train Loss: 0.4362, Val Loss: 0.3641, Val Acc: 0.9903
Precision: 0.9962, Recall: 0.9911, F1-Score: 0.9931
Fold 1, Epoch 761, Train Loss: 0.4579, Val Loss: 0.2946, Val Acc: 0.9905
Precision: 0.9962, Recall: 0.9912, F1-Score: 0.9932
Fold 1, Epoch 762, Train Loss: 0.4394, Val Loss: 0.3138, Val Acc: 0.9907
Precision: 0.9962, Recall: 0.9906, F1-Score: 0.9928
Fold 1, Epoch 763, Train Loss: 0.4092, Val Loss: 0.3255, Val Acc: 0.9898
Precision: 0.9963, Recall: 0.9912, F1-Score: 0.9933
Fold 1, Epoch 764, Train Loss: 0.4351, Val Loss: 0.3212, Val Acc: 0.9905
Precision: 0.9960, Recall: 0.9910, F1-Score: 0.9930
Fold 1, Epoch 765, Train Loss: 0.4448, Val Loss: 0.3139, Val Acc: 0.9905
Precision: 0.9962, Recall: 0.9909, F1-Score: 0.9930
Fold 1, Epoch 766, Train Loss: 0.4203, Val Loss: 0.3001, Val Acc: 0.9902
Precision: 0.9961, Recall: 0.9900, F1-Score: 0.9925
Fold 1, Epoch 767, Train Loss: 0.4090, Val Loss: 0.3104, Val Acc: 0.9896
Precision: 0.9962, Recall: 0.9912, F1-Score: 0.9933
Fold 1, Epoch 768, Train Loss: 0.4081, Val Loss: 0.3196, Val Acc: 0.9907
Precision: 0.9963, Recall: 0.9913, F1-Score: 0.9933
Fold 1, Epoch 769, Train Loss: 0.4232, Val Loss: 0.3049, Val Acc: 0.9907

--- Epoch 770 ---
--- Epoch 770 ---

--- Epoch 770 ---


--- Epoch 770 ---
Class Weights: [2.1182575e-05 5.6127068e-02 5.6127068e-02 5.9477936e-02 5.6928884e-02
 5.3851645e-02 5.3851645e-02 4.9812771e-02 5.9477936e-02 5.6127068e-02
 6.1308030e-02 5.1753532e-02 5.3851645e-02 6.0379118e-02 5.6928884e-02
 4.9197800e-02 5.4589339e-02 5.2434497e-02 5.7753939e-02]Class Weights: [2.1182575e-05 5.6127068e-02 5.6127068e-02 5.9477936e-02 5.6928884e-02
 5.3851645e-02 5.3851645e-02 4.9812771e-02 5.9477936e-02 5.6127068e-02
 6.1308030e-02 5.1753532e-02 5.3851645e-02 6.0379118e-02 5.6928884e-02
 4.9197800e-02 5.4589339e-02 5.2434497e-02 5.7753939e-02]Class Weights: [2.1182575e-05 5.6127068e-02 5.6127068e-02 5.9477936e-02 5.6928884e-02
 5.3851645e-02 5.3851645e-02 4.9812771e-02 5.9477936e-02 5.6127068e-02
 6.1308030e-02 5.1753532e-02 5.3851645e-02 6.0379118e-02 5.6928884e-02
 4.9197800e-02 5.4589339e-02 5.2434497e-02 5.7753939e-02]
Class Weights: [2.1182575e-05 5.6127068e-02 5.6127068e-02 5.9477936e-02 5.6928884e-02
 5.3851645e-02 5.3851645e-02 4.9812771e-02 5.9477936e-02 5.6127068e-02
 6.1308030e-02 5.1753532e-02 5.3851645e-02 6.0379118e-02 5.6928884e-02
 4.9197800e-02 5.4589339e-02 5.2434497e-02 5.7753939e-02]


Learning Rate: 0.005Learning Rate: 0.005
Learning Rate: 0.005Learning Rate: 0.005


Train Loss: 0.4114, Val Loss: 0.3529
Train Loss: 0.4114, Val Loss: 0.3529Train Loss: 0.4114, Val Loss: 0.3529Train Loss: 0.4114, Val Loss: 0.3529


Per-Class Precision: [1.         0.59876543 0.73170732 0.40650407 0.38613861 0.42713568
 0.38333333 0.20952381 0.28195489 0.22560976 0.23529412 0.21800948
 0.20554273 0.58636364 0.34848485 0.4921466  0.46443515 0.62626263
 0.64285714]
Per-Class Recall: [0.99233881 0.97       1.         1.         0.78       0.85
 0.92       0.58666667 0.75       0.98666667 0.864      0.30666667
 0.712      0.73714286 0.61333333 0.94       0.63428571 0.82666667
 0.96      ]
Per-Class F1-Score: [0.99615467 0.74045802 0.84507042 0.57803468 0.51655629 0.56856187
 0.54117647 0.30877193 0.40983607 0.36724566 0.36986301 0.25484765
 0.31899642 0.65316456 0.44444444 0.64604811 0.53623188 0.71264368
 0.77005348]
Support per Class: [293949    100    150    150    100    100    100     75    100     75
    125    150    125    175     75    100    175     75     75]
Weighted Precision: 0.9960, Weighted Recall: 0.9910, Weighted F1-Score: 0.9930
Precision: 0.9960, Recall: 0.9910, F1-Score: 0.9930
Fold 1, Epoch 770, Train Loss: 0.4114, Val Loss: 0.3529, Val Acc: 0.9903
Precision: 0.9963, Recall: 0.9910, F1-Score: 0.9932
Fold 1, Epoch 771, Train Loss: 0.4276, Val Loss: 0.3197, Val Acc: 0.9904
Precision: 0.9961, Recall: 0.9894, F1-Score: 0.9918
Fold 1, Epoch 772, Train Loss: 0.7372, Val Loss: 1.7653, Val Acc: 0.9889
Precision: 0.9951, Recall: 0.9881, F1-Score: 0.9909
Fold 1, Epoch 773, Train Loss: 1.2189, Val Loss: 0.8761, Val Acc: 0.9878
Precision: 0.9951, Recall: 0.9888, F1-Score: 0.9915
Fold 1, Epoch 774, Train Loss: 1.0244, Val Loss: 0.8839, Val Acc: 0.9884
Precision: 0.9953, Recall: 0.9894, F1-Score: 0.9918
Fold 1, Epoch 775, Train Loss: 0.9631, Val Loss: 0.7418, Val Acc: 0.9889
Precision: 0.9953, Recall: 0.9895, F1-Score: 0.9919
Fold 1, Epoch 776, Train Loss: 0.8420, Val Loss: 0.7319, Val Acc: 0.9892
Precision: 0.9952, Recall: 0.9884, F1-Score: 0.9913
Fold 1, Epoch 777, Train Loss: 0.8205, Val Loss: 0.6862, Val Acc: 0.9881
Precision: 0.9953, Recall: 0.9896, F1-Score: 0.9920
Fold 1, Epoch 778, Train Loss: 0.7809, Val Loss: 0.7040, Val Acc: 0.9891
Precision: 0.9953, Recall: 0.9888, F1-Score: 0.9916
Fold 1, Epoch 779, Train Loss: 0.8100, Val Loss: 0.5883, Val Acc: 0.9885

--- Epoch 780 ---
--- Epoch 780 ---
--- Epoch 780 ---



--- Epoch 780 ---
Class Weights: [2.1182575e-05 5.6127068e-02 5.6127068e-02 5.9477936e-02 5.6928884e-02
 5.3851645e-02 5.3851645e-02 4.9812771e-02 5.9477936e-02 5.6127068e-02
 6.1308030e-02 5.1753532e-02 5.3851645e-02 6.0379118e-02 5.6928884e-02
 4.9197800e-02 5.4589339e-02 5.2434497e-02 5.7753939e-02]Class Weights: [2.1182575e-05 5.6127068e-02 5.6127068e-02 5.9477936e-02 5.6928884e-02
 5.3851645e-02 5.3851645e-02 4.9812771e-02 5.9477936e-02 5.6127068e-02
 6.1308030e-02 5.1753532e-02 5.3851645e-02 6.0379118e-02 5.6928884e-02
 4.9197800e-02 5.4589339e-02 5.2434497e-02 5.7753939e-02]Class Weights: [2.1182575e-05 5.6127068e-02 5.6127068e-02 5.9477936e-02 5.6928884e-02
 5.3851645e-02 5.3851645e-02 4.9812771e-02 5.9477936e-02 5.6127068e-02
 6.1308030e-02 5.1753532e-02 5.3851645e-02 6.0379118e-02 5.6928884e-02
 4.9197800e-02 5.4589339e-02 5.2434497e-02 5.7753939e-02]Class Weights: [2.1182575e-05 5.6127068e-02 5.6127068e-02 5.9477936e-02 5.6928884e-02
 5.3851645e-02 5.3851645e-02 4.9812771e-02 5.9477936e-02 5.6127068e-02
 6.1308030e-02 5.1753532e-02 5.3851645e-02 6.0379118e-02 5.6928884e-02
 4.9197800e-02 5.4589339e-02 5.2434497e-02 5.7753939e-02]



Learning Rate: 0.005Learning Rate: 0.005Learning Rate: 0.005

Learning Rate: 0.005

Train Loss: 0.7266, Val Loss: 0.5948Train Loss: 0.7266, Val Loss: 0.5948
Train Loss: 0.7266, Val Loss: 0.5948
Train Loss: 0.7266, Val Loss: 0.5948

Per-Class Precision: [1.         0.26373626 0.52941176 0.44551282 0.4375     0.3872549
 0.23939394 0.21256039 0.24444444 0.13527851 0.19292605 0.136
 0.40268456 0.46153846 0.22516556 0.55491329 0.29147982 0.21232877
 0.27419355]
Per-Class Recall: [0.99253272 0.48       0.54       0.92666667 0.77       0.79
 0.79       0.58666667 0.66       0.68       0.96       0.11333333
 0.48       0.61714286 0.45333333 0.96       0.37142857 0.41333333
 0.68      ]
Per-Class F1-Score: [0.99625237 0.34042553 0.53465347 0.6017316  0.55797101 0.51973684
 0.36744186 0.31205674 0.35675676 0.22566372 0.32128514 0.12363636
 0.4379562  0.52811736 0.30088496 0.7032967  0.32663317 0.28054299
 0.3908046 ]
Support per Class: [293949    100    150    150    100    100    100     75    100     75
    125    150    125    175     75    100    175     75     75]
Weighted Precision: 0.9954, Weighted Recall: 0.9900, Weighted F1-Score: 0.9922
Precision: 0.9954, Recall: 0.9900, F1-Score: 0.9922
Fold 1, Epoch 780, Train Loss: 0.7266, Val Loss: 0.5948, Val Acc: 0.9897
Precision: 0.9955, Recall: 0.9900, F1-Score: 0.9923
Fold 1, Epoch 781, Train Loss: 0.7405, Val Loss: 0.6162, Val Acc: 0.9895
Precision: 0.9956, Recall: 0.9901, F1-Score: 0.9924
Fold 1, Epoch 782, Train Loss: 0.7204, Val Loss: 0.5876, Val Acc: 0.9899
Precision: 0.9955, Recall: 0.9897, F1-Score: 0.9922
Fold 1, Epoch 783, Train Loss: 0.6758, Val Loss: 0.5896, Val Acc: 0.9892
Precision: 0.9956, Recall: 0.9896, F1-Score: 0.9921
Fold 1, Epoch 784, Train Loss: 0.6932, Val Loss: 0.5652, Val Acc: 0.9889
Precision: 0.9956, Recall: 0.9904, F1-Score: 0.9926
Fold 1, Epoch 785, Train Loss: 0.6835, Val Loss: 0.5174, Val Acc: 0.9901
Precision: 0.9957, Recall: 0.9902, F1-Score: 0.9926
Fold 1, Epoch 786, Train Loss: 0.6615, Val Loss: 0.5032, Val Acc: 0.9898
Precision: 0.9957, Recall: 0.9901, F1-Score: 0.9924
Fold 1, Epoch 787, Train Loss: 0.7152, Val Loss: 0.5110, Val Acc: 0.9897
Precision: 0.9958, Recall: 0.9902, F1-Score: 0.9925
Fold 1, Epoch 788, Train Loss: 0.6428, Val Loss: 0.4694, Val Acc: 0.9897
Precision: 0.9959, Recall: 0.9904, F1-Score: 0.9927
Fold 1, Epoch 789, Train Loss: 0.6005, Val Loss: 0.4665, Val Acc: 0.9898

--- Epoch 790 ---
--- Epoch 790 ---
--- Epoch 790 ---



--- Epoch 790 ---
Class Weights: [2.1182575e-05 5.6127068e-02 5.6127068e-02 5.9477936e-02 5.6928884e-02
 5.3851645e-02 5.3851645e-02 4.9812771e-02 5.9477936e-02 5.6127068e-02
 6.1308030e-02 5.1753532e-02 5.3851645e-02 6.0379118e-02 5.6928884e-02
 4.9197800e-02 5.4589339e-02 5.2434497e-02 5.7753939e-02]Class Weights: [2.1182575e-05 5.6127068e-02 5.6127068e-02 5.9477936e-02 5.6928884e-02
 5.3851645e-02 5.3851645e-02 4.9812771e-02 5.9477936e-02 5.6127068e-02
 6.1308030e-02 5.1753532e-02 5.3851645e-02 6.0379118e-02 5.6928884e-02
 4.9197800e-02 5.4589339e-02 5.2434497e-02 5.7753939e-02]Class Weights: [2.1182575e-05 5.6127068e-02 5.6127068e-02 5.9477936e-02 5.6928884e-02
 5.3851645e-02 5.3851645e-02 4.9812771e-02 5.9477936e-02 5.6127068e-02
 6.1308030e-02 5.1753532e-02 5.3851645e-02 6.0379118e-02 5.6928884e-02
 4.9197800e-02 5.4589339e-02 5.2434497e-02 5.7753939e-02]Class Weights: [2.1182575e-05 5.6127068e-02 5.6127068e-02 5.9477936e-02 5.6928884e-02
 5.3851645e-02 5.3851645e-02 4.9812771e-02 5.9477936e-02 5.6127068e-02
 6.1308030e-02 5.1753532e-02 5.3851645e-02 6.0379118e-02 5.6928884e-02
 4.9197800e-02 5.4589339e-02 5.2434497e-02 5.7753939e-02]



Learning Rate: 0.005Learning Rate: 0.005Learning Rate: 0.005
Learning Rate: 0.005


Train Loss: 0.5958, Val Loss: 0.4623
Train Loss: 0.5958, Val Loss: 0.4623Train Loss: 0.5958, Val Loss: 0.4623Train Loss: 0.5958, Val Loss: 0.4623


Per-Class Precision: [1.         0.3877551  0.56038647 0.5248227  0.36507937 0.51612903
 0.35220126 0.21759259 0.18644068 0.12077295 0.21223709 0.14774775
 0.3961039  0.45955882 0.34170854 0.48965517 0.42528736 0.35828877
 0.45341615]
Per-Class Recall: [0.99203944 0.76       0.77333333 0.98666667 0.69       0.8
 0.56       0.62666667 0.33       0.66666667 0.888      0.54666667
 0.488      0.71428571 0.90666667 0.71       0.42285714 0.89333333
 0.97333333]
Per-Class F1-Score: [0.99600381 0.51351351 0.64985994 0.68518519 0.47750865 0.62745098
 0.43243243 0.32302405 0.23826715 0.20449898 0.34259259 0.23262411
 0.43727599 0.55928412 0.49635036 0.57959184 0.42406877 0.51145038
 0.61864407]
Support per Class: [293949    100    150    150    100    100    100     75    100     75
    125    150    125    175     75    100    175     75     75]
Weighted Precision: 0.9957, Weighted Recall: 0.9900, Weighted F1-Score: 0.9924
Precision: 0.9957, Recall: 0.9900, F1-Score: 0.9924
Fold 1, Epoch 790, Train Loss: 0.5958, Val Loss: 0.4623, Val Acc: 0.9896
Precision: 0.9960, Recall: 0.9905, F1-Score: 0.9928
Fold 1, Epoch 791, Train Loss: 0.5942, Val Loss: 0.4773, Val Acc: 0.9897
Precision: 0.9959, Recall: 0.9901, F1-Score: 0.9925
Fold 1, Epoch 792, Train Loss: 0.5922, Val Loss: 0.4829, Val Acc: 0.9894
Precision: 0.9960, Recall: 0.9905, F1-Score: 0.9928
Fold 1, Epoch 793, Train Loss: 0.5276, Val Loss: 0.3868, Val Acc: 0.9897
Precision: 0.9961, Recall: 0.9909, F1-Score: 0.9930
Fold 1, Epoch 794, Train Loss: 0.5665, Val Loss: 0.3991, Val Acc: 0.9906
Precision: 0.9961, Recall: 0.9908, F1-Score: 0.9930
Fold 1, Epoch 795, Train Loss: 0.5573, Val Loss: 0.3761, Val Acc: 0.9899
Precision: 0.9961, Recall: 0.9908, F1-Score: 0.9930
Fold 1, Epoch 796, Train Loss: 0.5443, Val Loss: 0.3551, Val Acc: 0.9904
Precision: 0.9962, Recall: 0.9913, F1-Score: 0.9933
Fold 1, Epoch 797, Train Loss: 0.5040, Val Loss: 0.3444, Val Acc: 0.9908
Precision: 0.9962, Recall: 0.9910, F1-Score: 0.9931
Fold 1, Epoch 798, Train Loss: 0.5018, Val Loss: 0.3442, Val Acc: 0.9903
Precision: 0.9961, Recall: 0.9908, F1-Score: 0.9930
Fold 1, Epoch 799, Train Loss: 0.4713, Val Loss: 0.3386, Val Acc: 0.9904

--- Epoch 800 ---
--- Epoch 800 ---
--- Epoch 800 ---



--- Epoch 800 ---
Class Weights: [2.1182575e-05 5.6127068e-02 5.6127068e-02 5.9477936e-02 5.6928884e-02
 5.3851645e-02 5.3851645e-02 4.9812771e-02 5.9477936e-02 5.6127068e-02
 6.1308030e-02 5.1753532e-02 5.3851645e-02 6.0379118e-02 5.6928884e-02
 4.9197800e-02 5.4589339e-02 5.2434497e-02 5.7753939e-02]Class Weights: [2.1182575e-05 5.6127068e-02 5.6127068e-02 5.9477936e-02 5.6928884e-02
 5.3851645e-02 5.3851645e-02 4.9812771e-02 5.9477936e-02 5.6127068e-02
 6.1308030e-02 5.1753532e-02 5.3851645e-02 6.0379118e-02 5.6928884e-02
 4.9197800e-02 5.4589339e-02 5.2434497e-02 5.7753939e-02]Class Weights: [2.1182575e-05 5.6127068e-02 5.6127068e-02 5.9477936e-02 5.6928884e-02
 5.3851645e-02 5.3851645e-02 4.9812771e-02 5.9477936e-02 5.6127068e-02
 6.1308030e-02 5.1753532e-02 5.3851645e-02 6.0379118e-02 5.6928884e-02
 4.9197800e-02 5.4589339e-02 5.2434497e-02 5.7753939e-02]

Class Weights: [2.1182575e-05 5.6127068e-02 5.6127068e-02 5.9477936e-02 5.6928884e-02
 5.3851645e-02 5.3851645e-02 4.9812771e-02 5.9477936e-02 5.6127068e-02
 6.1308030e-02 5.1753532e-02 5.3851645e-02 6.0379118e-02 5.6928884e-02
 4.9197800e-02 5.4589339e-02 5.2434497e-02 5.7753939e-02]
Learning Rate: 0.005Learning Rate: 0.005


Learning Rate: 0.005Learning Rate: 0.005

Train Loss: 0.4656, Val Loss: 0.3242Train Loss: 0.4656, Val Loss: 0.3242

Train Loss: 0.4656, Val Loss: 0.3242Train Loss: 0.4656, Val Loss: 0.3242

Per-Class Precision: [1.         0.20833333 0.86705202 0.58893281 0.45454545 0.46368715
 0.45251397 0.17842324 0.22905028 0.22727273 0.22391304 0.17105263
 0.256      0.47368421 0.33796296 0.67816092 0.50724638 0.65454545
 0.64655172]
Per-Class Recall: [0.99148832 1.         1.         0.99333333 0.9        0.83
 0.81       0.57333333 0.82       0.86666667 0.824      0.43333333
 0.512      0.77142857 0.97333333 0.59       0.8        0.96
 1.        ]
Per-Class F1-Score: [0.99572597 0.34482759 0.92879257 0.73945409 0.60402685 0.59498208
 0.58064516 0.2721519  0.3580786  0.3601108  0.35213675 0.24528302
 0.34133333 0.58695652 0.50171821 0.63101604 0.62084257 0.77837838
 0.78534031]
Support per Class: [293949    100    150    150    100    100    100     75    100     75
    125    150    125    175     75    100    175     75     75]
Weighted Precision: 0.9961, Weighted Recall: 0.9902, Weighted F1-Score: 0.9926
Precision: 0.9961, Recall: 0.9902, F1-Score: 0.9926
Fold 1, Epoch 800, Train Loss: 0.4656, Val Loss: 0.3242, Val Acc: 0.9900
Precision: 0.9960, Recall: 0.9908, F1-Score: 0.9930
Fold 1, Epoch 801, Train Loss: 0.4590, Val Loss: 0.3395, Val Acc: 0.9905
Precision: 0.9961, Recall: 0.9908, F1-Score: 0.9930
Fold 1, Epoch 802, Train Loss: 0.4854, Val Loss: 0.4730, Val Acc: 0.9901
Precision: 0.9958, Recall: 0.9874, F1-Score: 0.9910
Fold 1, Epoch 803, Train Loss: 0.5903, Val Loss: 0.6698, Val Acc: 0.9872
Precision: 0.9958, Recall: 0.9904, F1-Score: 0.9926
Fold 1, Epoch 804, Train Loss: 0.6635, Val Loss: 0.4845, Val Acc: 0.9901
Precision: 0.9957, Recall: 0.9892, F1-Score: 0.9919
Fold 1, Epoch 805, Train Loss: 0.6259, Val Loss: 0.6780, Val Acc: 0.9884
Precision: 0.9960, Recall: 0.9900, F1-Score: 0.9924
Fold 1, Epoch 806, Train Loss: 0.6973, Val Loss: 0.5460, Val Acc: 0.9895
Precision: 0.9961, Recall: 0.9911, F1-Score: 0.9931
Fold 1, Epoch 807, Train Loss: 0.6188, Val Loss: 0.3806, Val Acc: 0.9906
Precision: 0.9960, Recall: 0.9867, F1-Score: 0.9907
Fold 1, Epoch 808, Train Loss: 0.5108, Val Loss: 0.3817, Val Acc: 0.9872
Precision: 0.9963, Recall: 0.9913, F1-Score: 0.9934
Fold 1, Epoch 809, Train Loss: 0.4735, Val Loss: 0.3670, Val Acc: 0.9907

--- Epoch 810 ---
--- Epoch 810 ---
--- Epoch 810 ---



--- Epoch 810 ---
Class Weights: [2.1182575e-05 5.6127068e-02 5.6127068e-02 5.9477936e-02 5.6928884e-02
 5.3851645e-02 5.3851645e-02 4.9812771e-02 5.9477936e-02 5.6127068e-02
 6.1308030e-02 5.1753532e-02 5.3851645e-02 6.0379118e-02 5.6928884e-02
 4.9197800e-02 5.4589339e-02 5.2434497e-02 5.7753939e-02]Class Weights: [2.1182575e-05 5.6127068e-02 5.6127068e-02 5.9477936e-02 5.6928884e-02
 5.3851645e-02 5.3851645e-02 4.9812771e-02 5.9477936e-02 5.6127068e-02
 6.1308030e-02 5.1753532e-02 5.3851645e-02 6.0379118e-02 5.6928884e-02
 4.9197800e-02 5.4589339e-02 5.2434497e-02 5.7753939e-02]Class Weights: [2.1182575e-05 5.6127068e-02 5.6127068e-02 5.9477936e-02 5.6928884e-02
 5.3851645e-02 5.3851645e-02 4.9812771e-02 5.9477936e-02 5.6127068e-02
 6.1308030e-02 5.1753532e-02 5.3851645e-02 6.0379118e-02 5.6928884e-02
 4.9197800e-02 5.4589339e-02 5.2434497e-02 5.7753939e-02]Class Weights: [2.1182575e-05 5.6127068e-02 5.6127068e-02 5.9477936e-02 5.6928884e-02
 5.3851645e-02 5.3851645e-02 4.9812771e-02 5.9477936e-02 5.6127068e-02
 6.1308030e-02 5.1753532e-02 5.3851645e-02 6.0379118e-02 5.6928884e-02
 4.9197800e-02 5.4589339e-02 5.2434497e-02 5.7753939e-02]



Learning Rate: 0.005Learning Rate: 0.005Learning Rate: 0.005
Learning Rate: 0.005


Train Loss: 0.4924, Val Loss: 0.4085Train Loss: 0.4924, Val Loss: 0.4085Train Loss: 0.4924, Val Loss: 0.4085Train Loss: 0.4924, Val Loss: 0.4085



Per-Class Precision: [1.         0.75806452 0.69668246 0.44117647 0.36213992 0.36651584
 0.25626741 0.16911765 0.21637427 0.20977011 0.27033493 0.18064516
 0.20520231 0.42307692 0.41747573 0.48039216 0.48677249 0.6744186
 0.65454545]
Per-Class Recall: [0.99235241 0.94       0.98       1.         0.88       0.81
 0.92       0.30666667 0.74       0.97333333 0.904      0.18666667
 0.568      0.81714286 0.57333333 0.98       0.52571429 0.77333333
 0.96      ]
Per-Class F1-Score: [0.99616153 0.83928571 0.81440443 0.6122449  0.51311953 0.5046729
 0.40087146 0.21800948 0.33484163 0.34515366 0.41620626 0.18360656
 0.3014862  0.55750487 0.48314607 0.64473684 0.50549451 0.72049689
 0.77837838]
Support per Class: [293949    100    150    150    100    100    100     75    100     75
    125    150    125    175     75    100    175     75     75]
Weighted Precision: 0.9959, Weighted Recall: 0.9908, Weighted F1-Score: 0.9928
Precision: 0.9959, Recall: 0.9908, F1-Score: 0.9928
Fold 1, Epoch 810, Train Loss: 0.4924, Val Loss: 0.4085, Val Acc: 0.9903
Precision: 0.9959, Recall: 0.9888, F1-Score: 0.9917
Fold 1, Epoch 811, Train Loss: 0.5089, Val Loss: 0.3329, Val Acc: 0.9891
Precision: 0.9961, Recall: 0.9896, F1-Score: 0.9923
Fold 1, Epoch 812, Train Loss: 0.5149, Val Loss: 0.3358, Val Acc: 0.9896
Precision: 0.9963, Recall: 0.9907, F1-Score: 0.9930
Fold 1, Epoch 813, Train Loss: 0.4578, Val Loss: 0.3525, Val Acc: 0.9903
Precision: 0.9962, Recall: 0.9909, F1-Score: 0.9930
Fold 1, Epoch 814, Train Loss: 0.4893, Val Loss: 0.3141, Val Acc: 0.9904
Precision: 0.9960, Recall: 0.9892, F1-Score: 0.9921
Fold 1, Epoch 815, Train Loss: 0.4396, Val Loss: 0.3353, Val Acc: 0.9890
Precision: 0.9961, Recall: 0.9909, F1-Score: 0.9930
Fold 1, Epoch 816, Train Loss: 0.4139, Val Loss: 0.3430, Val Acc: 0.9902
Precision: 0.9962, Recall: 0.9910, F1-Score: 0.9931
Fold 1, Epoch 817, Train Loss: 0.4526, Val Loss: 0.3159, Val Acc: 0.9904
Precision: 0.9963, Recall: 0.9913, F1-Score: 0.9933
Fold 1, Epoch 818, Train Loss: 0.4460, Val Loss: 0.3173, Val Acc: 0.9907
Precision: 0.9963, Recall: 0.9914, F1-Score: 0.9934
Fold 1, Epoch 819, Train Loss: 0.4337, Val Loss: 0.3169, Val Acc: 0.9908

--- Epoch 820 ---
--- Epoch 820 ---
--- Epoch 820 ---



--- Epoch 820 ---
Class Weights: [2.1182575e-05 5.6127068e-02 5.6127068e-02 5.9477936e-02 5.6928884e-02
 5.3851645e-02 5.3851645e-02 4.9812771e-02 5.9477936e-02 5.6127068e-02
 6.1308030e-02 5.1753532e-02 5.3851645e-02 6.0379118e-02 5.6928884e-02
 4.9197800e-02 5.4589339e-02 5.2434497e-02 5.7753939e-02]Class Weights: [2.1182575e-05 5.6127068e-02 5.6127068e-02 5.9477936e-02 5.6928884e-02
 5.3851645e-02 5.3851645e-02 4.9812771e-02 5.9477936e-02 5.6127068e-02
 6.1308030e-02 5.1753532e-02 5.3851645e-02 6.0379118e-02 5.6928884e-02
 4.9197800e-02 5.4589339e-02 5.2434497e-02 5.7753939e-02]Class Weights: [2.1182575e-05 5.6127068e-02 5.6127068e-02 5.9477936e-02 5.6928884e-02
 5.3851645e-02 5.3851645e-02 4.9812771e-02 5.9477936e-02 5.6127068e-02
 6.1308030e-02 5.1753532e-02 5.3851645e-02 6.0379118e-02 5.6928884e-02
 4.9197800e-02 5.4589339e-02 5.2434497e-02 5.7753939e-02]Class Weights: [2.1182575e-05 5.6127068e-02 5.6127068e-02 5.9477936e-02 5.6928884e-02
 5.3851645e-02 5.3851645e-02 4.9812771e-02 5.9477936e-02 5.6127068e-02
 6.1308030e-02 5.1753532e-02 5.3851645e-02 6.0379118e-02 5.6928884e-02
 4.9197800e-02 5.4589339e-02 5.2434497e-02 5.7753939e-02]



Learning Rate: 0.005Learning Rate: 0.005
Learning Rate: 0.005
Learning Rate: 0.005

Train Loss: 0.4419, Val Loss: 0.3147Train Loss: 0.4419, Val Loss: 0.3147

Train Loss: 0.4419, Val Loss: 0.3147Train Loss: 0.4419, Val Loss: 0.3147

Per-Class Precision: [1.         0.67832168 0.86549708 0.67906977 0.42222222 0.44262295
 0.52427184 0.172      0.23837209 0.19259259 0.22689076 0.25446429
 0.18631179 0.54883721 0.32804233 0.47752809 0.53333333 0.70093458
 0.5952381 ]
Per-Class Recall: [0.99254973 0.97       0.98666667 0.97333333 0.95       0.81
 0.54       0.57333333 0.82       0.69333333 0.864      0.38
 0.784      0.67428571 0.82666667 0.85       0.82285714 1.
 1.        ]
Per-Class F1-Score: [0.99626094 0.79835391 0.92211838 0.8        0.58461538 0.57243816
 0.5320197  0.26461538 0.36936937 0.30144928 0.359401   0.30481283
 0.30107527 0.60512821 0.46969697 0.61151079 0.64719101 0.82417582
 0.74626866]
Support per Class: [293949    100    150    150    100    100    100     75    100     75
    125    150    125    175     75    100    175     75     75]
Weighted Precision: 0.9963, Weighted Recall: 0.9912, Weighted F1-Score: 0.9933
Precision: 0.9963, Recall: 0.9912, F1-Score: 0.9933
Fold 1, Epoch 820, Train Loss: 0.4419, Val Loss: 0.3147, Val Acc: 0.9907
Precision: 0.9963, Recall: 0.9915, F1-Score: 0.9935
Fold 1, Epoch 821, Train Loss: 0.4649, Val Loss: 0.3029, Val Acc: 0.9911
Precision: 0.9961, Recall: 0.9907, F1-Score: 0.9929
Fold 1, Epoch 822, Train Loss: 0.4346, Val Loss: 0.3182, Val Acc: 0.9902
Precision: 0.9962, Recall: 0.9914, F1-Score: 0.9933
Fold 1, Epoch 823, Train Loss: 0.4273, Val Loss: 0.2969, Val Acc: 0.9910
Precision: 0.9962, Recall: 0.9912, F1-Score: 0.9932
Fold 1, Epoch 824, Train Loss: 0.4154, Val Loss: 0.3425, Val Acc: 0.9906
Precision: 0.9963, Recall: 0.9916, F1-Score: 0.9935
Fold 1, Epoch 825, Train Loss: 0.4356, Val Loss: 0.2977, Val Acc: 0.9910
Precision: 0.9960, Recall: 0.9857, F1-Score: 0.9902
Fold 1, Epoch 826, Train Loss: 0.4064, Val Loss: 0.3093, Val Acc: 0.9870
Precision: 0.9963, Recall: 0.9915, F1-Score: 0.9934
Fold 1, Epoch 827, Train Loss: 0.4234, Val Loss: 0.3004, Val Acc: 0.9909
Precision: 0.9963, Recall: 0.9912, F1-Score: 0.9932
Fold 1, Epoch 828, Train Loss: 0.4118, Val Loss: 0.3115, Val Acc: 0.9906
Precision: 0.9960, Recall: 0.9906, F1-Score: 0.9928
Fold 1, Epoch 829, Train Loss: 0.3983, Val Loss: 0.3087, Val Acc: 0.9901

--- Epoch 830 ---
--- Epoch 830 ---
--- Epoch 830 ---



--- Epoch 830 ---
Class Weights: [2.1182575e-05 5.6127068e-02 5.6127068e-02 5.9477936e-02 5.6928884e-02
 5.3851645e-02 5.3851645e-02 4.9812771e-02 5.9477936e-02 5.6127068e-02
 6.1308030e-02 5.1753532e-02 5.3851645e-02 6.0379118e-02 5.6928884e-02
 4.9197800e-02 5.4589339e-02 5.2434497e-02 5.7753939e-02]Class Weights: [2.1182575e-05 5.6127068e-02 5.6127068e-02 5.9477936e-02 5.6928884e-02
 5.3851645e-02 5.3851645e-02 4.9812771e-02 5.9477936e-02 5.6127068e-02
 6.1308030e-02 5.1753532e-02 5.3851645e-02 6.0379118e-02 5.6928884e-02
 4.9197800e-02 5.4589339e-02 5.2434497e-02 5.7753939e-02]

Class Weights: [2.1182575e-05 5.6127068e-02 5.6127068e-02 5.9477936e-02 5.6928884e-02
 5.3851645e-02 5.3851645e-02 4.9812771e-02 5.9477936e-02 5.6127068e-02
 6.1308030e-02 5.1753532e-02 5.3851645e-02 6.0379118e-02 5.6928884e-02
 4.9197800e-02 5.4589339e-02 5.2434497e-02 5.7753939e-02]Learning Rate: 0.005Learning Rate: 0.005Class Weights: [2.1182575e-05 5.6127068e-02 5.6127068e-02 5.9477936e-02 5.6928884e-02
 5.3851645e-02 5.3851645e-02 4.9812771e-02 5.9477936e-02 5.6127068e-02
 6.1308030e-02 5.1753532e-02 5.3851645e-02 6.0379118e-02 5.6928884e-02
 4.9197800e-02 5.4589339e-02 5.2434497e-02 5.7753939e-02]



Learning Rate: 0.005
Learning Rate: 0.005
Train Loss: 0.4212, Val Loss: 0.3000Train Loss: 0.4212, Val Loss: 0.3000

Train Loss: 0.4212, Val Loss: 0.3000
Train Loss: 0.4212, Val Loss: 0.3000
Per-Class Precision: [1.         0.03777184 0.72906404 0.70754717 0.39393939 0.45355191
 0.46621622 0.20795107 0.26461538 0.29910714 0.27722772 0.19419643
 0.30291971 0.51330798 0.36781609 0.625      0.55709343 0.67567568
 0.6302521 ]
Per-Class Recall: [0.9841231  0.99       0.98666667 1.         0.91       0.83
 0.69       0.90666667 0.86       0.89333333 0.896      0.58
 0.664      0.77142857 0.85333333 0.85       0.92       1.
 1.        ]
Per-Class F1-Score: [0.99199802 0.07276736 0.83852691 0.82872928 0.54984894 0.58657244
 0.55645161 0.33830846 0.40470588 0.44816054 0.42344045 0.2909699
 0.4160401  0.61643836 0.51405622 0.72033898 0.69396552 0.80645161
 0.77319588]
Support per Class: [293949    100    150    150    100    100    100     75    100     75
    125    150    125    175     75    100    175     75     75]
Weighted Precision: 0.9962, Weighted Recall: 0.9833, Weighted F1-Score: 0.9890
Precision: 0.9962, Recall: 0.9833, F1-Score: 0.9890
Fold 1, Epoch 830, Train Loss: 0.4212, Val Loss: 0.3000, Val Acc: 0.9852
Precision: 0.9963, Recall: 0.9912, F1-Score: 0.9932
Fold 1, Epoch 831, Train Loss: 0.4006, Val Loss: 0.2962, Val Acc: 0.9906
Precision: 0.9964, Recall: 0.9916, F1-Score: 0.9935
Fold 1, Epoch 832, Train Loss: 0.3960, Val Loss: 0.2928, Val Acc: 0.9910
Precision: 0.9962, Recall: 0.9910, F1-Score: 0.9931
Fold 1, Epoch 833, Train Loss: 0.4474, Val Loss: 0.3089, Val Acc: 0.9905
Precision: 0.9962, Recall: 0.9913, F1-Score: 0.9933
Fold 1, Epoch 834, Train Loss: 0.4328, Val Loss: 0.2897, Val Acc: 0.9907
Precision: 0.9963, Recall: 0.9915, F1-Score: 0.9934
Fold 1, Epoch 835, Train Loss: 0.4273, Val Loss: 0.3122, Val Acc: 0.9909
Precision: 0.9963, Recall: 0.9911, F1-Score: 0.9932
Fold 1, Epoch 836, Train Loss: 0.4101, Val Loss: 0.3015, Val Acc: 0.9906
Precision: 0.9961, Recall: 0.9909, F1-Score: 0.9930
Fold 1, Epoch 837, Train Loss: 0.4143, Val Loss: 0.3267, Val Acc: 0.9905
Precision: 0.9961, Recall: 0.9889, F1-Score: 0.9919
Fold 1, Epoch 838, Train Loss: 0.4263, Val Loss: 0.3097, Val Acc: 0.9893
Precision: 0.9962, Recall: 0.9908, F1-Score: 0.9930
Fold 1, Epoch 839, Train Loss: 0.4167, Val Loss: 0.3498, Val Acc: 0.9904

--- Epoch 840 ---
--- Epoch 840 ---


--- Epoch 840 ---

--- Epoch 840 ---
Class Weights: [2.1182575e-05 5.6127068e-02 5.6127068e-02 5.9477936e-02 5.6928884e-02
 5.3851645e-02 5.3851645e-02 4.9812771e-02 5.9477936e-02 5.6127068e-02
 6.1308030e-02 5.1753532e-02 5.3851645e-02 6.0379118e-02 5.6928884e-02
 4.9197800e-02 5.4589339e-02 5.2434497e-02 5.7753939e-02]Class Weights: [2.1182575e-05 5.6127068e-02 5.6127068e-02 5.9477936e-02 5.6928884e-02
 5.3851645e-02 5.3851645e-02 4.9812771e-02 5.9477936e-02 5.6127068e-02
 6.1308030e-02 5.1753532e-02 5.3851645e-02 6.0379118e-02 5.6928884e-02
 4.9197800e-02 5.4589339e-02 5.2434497e-02 5.7753939e-02]Class Weights: [2.1182575e-05 5.6127068e-02 5.6127068e-02 5.9477936e-02 5.6928884e-02
 5.3851645e-02 5.3851645e-02 4.9812771e-02 5.9477936e-02 5.6127068e-02
 6.1308030e-02 5.1753532e-02 5.3851645e-02 6.0379118e-02 5.6928884e-02
 4.9197800e-02 5.4589339e-02 5.2434497e-02 5.7753939e-02]


Learning Rate: 0.005Learning Rate: 0.005Learning Rate: 0.005

Class Weights: [2.1182575e-05 5.6127068e-02 5.6127068e-02 5.9477936e-02 5.6928884e-02
 5.3851645e-02 5.3851645e-02 4.9812771e-02 5.9477936e-02 5.6127068e-02
 6.1308030e-02 5.1753532e-02 5.3851645e-02 6.0379118e-02 5.6928884e-02
 4.9197800e-02 5.4589339e-02 5.2434497e-02 5.7753939e-02]

Learning Rate: 0.005
Train Loss: 0.4357, Val Loss: 0.3437Train Loss: 0.4357, Val Loss: 0.3437

Train Loss: 0.4357, Val Loss: 0.3437
Train Loss: 0.4357, Val Loss: 0.3437
Per-Class Precision: [1.         0.56321839 0.86705202 0.55555556 0.39393939 0.52229299
 0.43262411 0.08597285 0.24452555 0.17661098 0.24724062 0.1609589
 0.04861111 0.53164557 0.31651376 0.6875     0.48961424 0.74
 0.61983471]
Per-Class Recall: [0.99225716 0.98       1.         1.         0.78       0.82
 0.61       0.25333333 0.67       0.98666667 0.896      0.62666667
 0.056      0.72       0.92       0.55       0.94285714 0.98666667
 1.        ]
Per-Class F1-Score: [0.99611353 0.71532847 0.92879257 0.71428571 0.52348993 0.6381323
 0.50622407 0.12837838 0.35828877 0.29959514 0.38754325 0.25613079
 0.05204461 0.61165049 0.47098976 0.61111111 0.64453125 0.84571429
 0.76530612]
Support per Class: [293949    100    150    150    100    100    100     75    100     75
    125    150    125    175     75    100    175     75     75]
Weighted Precision: 0.9961, Weighted Recall: 0.9907, Weighted F1-Score: 0.9930
Precision: 0.9961, Recall: 0.9907, F1-Score: 0.9930
Fold 1, Epoch 840, Train Loss: 0.4357, Val Loss: 0.3437, Val Acc: 0.9903
Precision: 0.9962, Recall: 0.9909, F1-Score: 0.9931
Fold 1, Epoch 841, Train Loss: 0.4274, Val Loss: 0.2972, Val Acc: 0.9907
Precision: 0.9961, Recall: 0.9912, F1-Score: 0.9932
Fold 1, Epoch 842, Train Loss: 0.4226, Val Loss: 0.3166, Val Acc: 0.9907
Precision: 0.9963, Recall: 0.9912, F1-Score: 0.9933
Fold 1, Epoch 843, Train Loss: 0.4406, Val Loss: 0.3089, Val Acc: 0.9907
Precision: 0.9960, Recall: 0.9895, F1-Score: 0.9922
Fold 1, Epoch 844, Train Loss: 0.4013, Val Loss: 0.2988, Val Acc: 0.9894
Precision: 0.9961, Recall: 0.9906, F1-Score: 0.9929
Fold 1, Epoch 845, Train Loss: 0.4200, Val Loss: 0.3036, Val Acc: 0.9900
Precision: 0.9963, Recall: 0.9915, F1-Score: 0.9934
Fold 1, Epoch 846, Train Loss: 0.4182, Val Loss: 0.3048, Val Acc: 0.9910
Precision: 0.9962, Recall: 0.9914, F1-Score: 0.9933
Fold 1, Epoch 847, Train Loss: 0.4063, Val Loss: 0.2994, Val Acc: 0.9908
Precision: 0.9961, Recall: 0.9789, F1-Score: 0.9868
Fold 1, Epoch 848, Train Loss: 0.4109, Val Loss: 0.2803, Val Acc: 0.9818
Precision: 0.9963, Recall: 0.9912, F1-Score: 0.9932
Fold 1, Epoch 849, Train Loss: 0.3772, Val Loss: 0.2945, Val Acc: 0.9907

--- Epoch 850 ---
--- Epoch 850 ---
--- Epoch 850 ---



--- Epoch 850 ---
Class Weights: [2.1182575e-05 5.6127068e-02 5.6127068e-02 5.9477936e-02 5.6928884e-02
 5.3851645e-02 5.3851645e-02 4.9812771e-02 5.9477936e-02 5.6127068e-02
 6.1308030e-02 5.1753532e-02 5.3851645e-02 6.0379118e-02 5.6928884e-02
 4.9197800e-02 5.4589339e-02 5.2434497e-02 5.7753939e-02]Class Weights: [2.1182575e-05 5.6127068e-02 5.6127068e-02 5.9477936e-02 5.6928884e-02
 5.3851645e-02 5.3851645e-02 4.9812771e-02 5.9477936e-02 5.6127068e-02
 6.1308030e-02 5.1753532e-02 5.3851645e-02 6.0379118e-02 5.6928884e-02
 4.9197800e-02 5.4589339e-02 5.2434497e-02 5.7753939e-02]Class Weights: [2.1182575e-05 5.6127068e-02 5.6127068e-02 5.9477936e-02 5.6928884e-02
 5.3851645e-02 5.3851645e-02 4.9812771e-02 5.9477936e-02 5.6127068e-02
 6.1308030e-02 5.1753532e-02 5.3851645e-02 6.0379118e-02 5.6928884e-02
 4.9197800e-02 5.4589339e-02 5.2434497e-02 5.7753939e-02]


Learning Rate: 0.005Class Weights: [2.1182575e-05 5.6127068e-02 5.6127068e-02 5.9477936e-02 5.6928884e-02
 5.3851645e-02 5.3851645e-02 4.9812771e-02 5.9477936e-02 5.6127068e-02
 6.1308030e-02 5.1753532e-02 5.3851645e-02 6.0379118e-02 5.6928884e-02
 4.9197800e-02 5.4589339e-02 5.2434497e-02 5.7753939e-02]Learning Rate: 0.005
Learning Rate: 0.005


Learning Rate: 0.005
Train Loss: 0.4185, Val Loss: 0.3017
Train Loss: 0.4185, Val Loss: 0.3017Train Loss: 0.4185, Val Loss: 0.3017
Train Loss: 0.4185, Val Loss: 0.3017

Per-Class Precision: [1.         0.68345324 0.61570248 0.61764706 0.40191388 0.4695122
 0.42675159 0.17261905 0.33632287 0.00287268 0.24340771 0.17317073
 0.24894515 0.49090909 0.43356643 0.6171875  0.60504202 0.64485981
 0.6       ]
Per-Class Recall: [0.90492568 0.95       0.99333333 0.98       0.84       0.77
 0.67       0.77333333 0.75       1.         0.96       0.47333333
 0.472      0.77142857 0.82666667 0.79       0.82285714 0.92
 1.        ]
Per-Class F1-Score: [0.95009028 0.79497908 0.76020408 0.75773196 0.54368932 0.58333333
 0.52140078 0.28223844 0.46439628 0.00572891 0.38834951 0.25357143
 0.32596685 0.6        0.56880734 0.69298246 0.69733656 0.75824176
 0.75      ]
Support per Class: [293949    100    150    150    100    100    100     75    100     75
    125    150    125    175     75    100    175     75     75]
Weighted Precision: 0.9962, Weighted Recall: 0.9043, Weighted F1-Score: 0.9474
Precision: 0.9962, Recall: 0.9043, F1-Score: 0.9474
Fold 1, Epoch 850, Train Loss: 0.4185, Val Loss: 0.3017, Val Acc: 0.9161
Precision: 0.9963, Recall: 0.9912, F1-Score: 0.9933
Fold 1, Epoch 851, Train Loss: 0.3840, Val Loss: 0.3009, Val Acc: 0.9908
Precision: 0.9963, Recall: 0.9912, F1-Score: 0.9932
Fold 1, Epoch 852, Train Loss: 0.4034, Val Loss: 0.3050, Val Acc: 0.9908
Precision: 0.9962, Recall: 0.9912, F1-Score: 0.9932
Fold 1, Epoch 853, Train Loss: 0.3964, Val Loss: 0.3087, Val Acc: 0.9907
Precision: 0.9963, Recall: 0.9913, F1-Score: 0.9933
Fold 1, Epoch 854, Train Loss: 0.4124, Val Loss: 0.3126, Val Acc: 0.9906
Precision: 0.9963, Recall: 0.9911, F1-Score: 0.9932
Fold 1, Epoch 855, Train Loss: 0.4390, Val Loss: 0.3024, Val Acc: 0.9907
Precision: 0.9960, Recall: 0.9907, F1-Score: 0.9928
Fold 1, Epoch 856, Train Loss: 0.4223, Val Loss: 0.3155, Val Acc: 0.9902
Precision: 0.9962, Recall: 0.9912, F1-Score: 0.9932
Fold 1, Epoch 857, Train Loss: 0.4021, Val Loss: 0.3308, Val Acc: 0.9904
Precision: 0.9965, Recall: 0.9917, F1-Score: 0.9936
Fold 1, Epoch 858, Train Loss: 0.4199, Val Loss: 0.2878, Val Acc: 0.9911
Precision: 0.9961, Recall: 0.9909, F1-Score: 0.9930
Fold 1, Epoch 859, Train Loss: 0.4141, Val Loss: 0.2943, Val Acc: 0.9904

--- Epoch 860 ---
--- Epoch 860 ---
--- Epoch 860 ---



--- Epoch 860 ---
Class Weights: [2.1182575e-05 5.6127068e-02 5.6127068e-02 5.9477936e-02 5.6928884e-02
 5.3851645e-02 5.3851645e-02 4.9812771e-02 5.9477936e-02 5.6127068e-02
 6.1308030e-02 5.1753532e-02 5.3851645e-02 6.0379118e-02 5.6928884e-02
 4.9197800e-02 5.4589339e-02 5.2434497e-02 5.7753939e-02]Class Weights: [2.1182575e-05 5.6127068e-02 5.6127068e-02 5.9477936e-02 5.6928884e-02
 5.3851645e-02 5.3851645e-02 4.9812771e-02 5.9477936e-02 5.6127068e-02
 6.1308030e-02 5.1753532e-02 5.3851645e-02 6.0379118e-02 5.6928884e-02
 4.9197800e-02 5.4589339e-02 5.2434497e-02 5.7753939e-02]Class Weights: [2.1182575e-05 5.6127068e-02 5.6127068e-02 5.9477936e-02 5.6928884e-02
 5.3851645e-02 5.3851645e-02 4.9812771e-02 5.9477936e-02 5.6127068e-02
 6.1308030e-02 5.1753532e-02 5.3851645e-02 6.0379118e-02 5.6928884e-02
 4.9197800e-02 5.4589339e-02 5.2434497e-02 5.7753939e-02]Class Weights: [2.1182575e-05 5.6127068e-02 5.6127068e-02 5.9477936e-02 5.6928884e-02
 5.3851645e-02 5.3851645e-02 4.9812771e-02 5.9477936e-02 5.6127068e-02
 6.1308030e-02 5.1753532e-02 5.3851645e-02 6.0379118e-02 5.6928884e-02
 4.9197800e-02 5.4589339e-02 5.2434497e-02 5.7753939e-02]



Learning Rate: 0.005Learning Rate: 0.005Learning Rate: 0.005
Learning Rate: 0.005


Train Loss: 0.3960, Val Loss: 0.3235
Train Loss: 0.3960, Val Loss: 0.3235Train Loss: 0.3960, Val Loss: 0.3235Train Loss: 0.3960, Val Loss: 0.3235


Per-Class Precision: [1.         0.61728395 0.75126904 0.53191489 0.38190955 0.44262295
 0.35678392 0.35245902 0.37563452 0.18959108 0.21714286 0.184573
 0.32947977 0.40350877 0.28037383 0.43891403 0.51369863 0.60833333
 0.49668874]
Per-Class Recall: [0.99256334 1.         0.98666667 1.         0.76       0.81
 0.71       0.57333333 0.74       0.68       0.912      0.44666667
 0.456      0.78857143 0.8        0.97       0.85714286 0.97333333
 1.        ]
Per-Class F1-Score: [0.99626779 0.76335878 0.85302594 0.69444444 0.5083612  0.57243816
 0.47491639 0.43654822 0.4983165  0.29651163 0.35076923 0.26120858
 0.38255034 0.53384913 0.41522491 0.60436137 0.64239829 0.74871795
 0.66371681]
Support per Class: [293949    100    150    150    100    100    100     75    100     75
    125    150    125    175     75    100    175     75     75]
Weighted Precision: 0.9960, Weighted Recall: 0.9913, Weighted F1-Score: 0.9932
Precision: 0.9960, Recall: 0.9913, F1-Score: 0.9932
Fold 1, Epoch 860, Train Loss: 0.3960, Val Loss: 0.3235, Val Acc: 0.9909
Precision: 0.9958, Recall: 0.9885, F1-Score: 0.9916
Fold 1, Epoch 861, Train Loss: 0.4681, Val Loss: 0.8683, Val Acc: 0.9878
Precision: 0.9962, Recall: 0.9911, F1-Score: 0.9932
Fold 1, Epoch 862, Train Loss: 0.8535, Val Loss: 0.4146, Val Acc: 0.9907
Precision: 0.9957, Recall: 0.9849, F1-Score: 0.9897
Fold 1, Epoch 863, Train Loss: 0.7064, Val Loss: 0.5624, Val Acc: 0.9855
Precision: 0.9959, Recall: 0.9905, F1-Score: 0.9927
Fold 1, Epoch 864, Train Loss: 0.6941, Val Loss: 0.4710, Val Acc: 0.9901
Precision: 0.9962, Recall: 0.9907, F1-Score: 0.9929
Fold 1, Epoch 865, Train Loss: 0.5675, Val Loss: 0.3813, Val Acc: 0.9902
Precision: 0.9962, Recall: 0.9910, F1-Score: 0.9932
Fold 1, Epoch 866, Train Loss: 0.5231, Val Loss: 0.3376, Val Acc: 0.9905
Precision: 0.9962, Recall: 0.9909, F1-Score: 0.9931
Fold 1, Epoch 867, Train Loss: 0.4481, Val Loss: 0.3463, Val Acc: 0.9904
Precision: 0.9961, Recall: 0.9908, F1-Score: 0.9930
Fold 1, Epoch 868, Train Loss: 0.4757, Val Loss: 0.3251, Val Acc: 0.9905
Precision: 0.9960, Recall: 0.9835, F1-Score: 0.9891
Fold 1, Epoch 869, Train Loss: 0.4366, Val Loss: 0.3362, Val Acc: 0.9857

--- Epoch 870 ---
--- Epoch 870 ---
--- Epoch 870 ---



--- Epoch 870 ---
Class Weights: [2.1182575e-05 5.6127068e-02 5.6127068e-02 5.9477936e-02 5.6928884e-02
 5.3851645e-02 5.3851645e-02 4.9812771e-02 5.9477936e-02 5.6127068e-02
 6.1308030e-02 5.1753532e-02 5.3851645e-02 6.0379118e-02 5.6928884e-02
 4.9197800e-02 5.4589339e-02 5.2434497e-02 5.7753939e-02]Class Weights: [2.1182575e-05 5.6127068e-02 5.6127068e-02 5.9477936e-02 5.6928884e-02
 5.3851645e-02 5.3851645e-02 4.9812771e-02 5.9477936e-02 5.6127068e-02
 6.1308030e-02 5.1753532e-02 5.3851645e-02 6.0379118e-02 5.6928884e-02
 4.9197800e-02 5.4589339e-02 5.2434497e-02 5.7753939e-02]Class Weights: [2.1182575e-05 5.6127068e-02 5.6127068e-02 5.9477936e-02 5.6928884e-02
 5.3851645e-02 5.3851645e-02 4.9812771e-02 5.9477936e-02 5.6127068e-02
 6.1308030e-02 5.1753532e-02 5.3851645e-02 6.0379118e-02 5.6928884e-02
 4.9197800e-02 5.4589339e-02 5.2434497e-02 5.7753939e-02]Class Weights: [2.1182575e-05 5.6127068e-02 5.6127068e-02 5.9477936e-02 5.6928884e-02
 5.3851645e-02 5.3851645e-02 4.9812771e-02 5.9477936e-02 5.6127068e-02
 6.1308030e-02 5.1753532e-02 5.3851645e-02 6.0379118e-02 5.6928884e-02
 4.9197800e-02 5.4589339e-02 5.2434497e-02 5.7753939e-02]



Learning Rate: 0.005Learning Rate: 0.005Learning Rate: 0.005
Learning Rate: 0.005


Train Loss: 0.4076, Val Loss: 0.3064
Train Loss: 0.4076, Val Loss: 0.3064Train Loss: 0.4076, Val Loss: 0.3064Train Loss: 0.4076, Val Loss: 0.3064


Per-Class Precision: [1.         0.71851852 0.72330097 0.57251908 0.39378238 0.42473118
 0.51908397 0.19480519 0.29042904 0.25177305 0.2310757  0.18490566
 0.18274112 0.5        0.38461538 0.62608696 0.5862069  0.52083333
 0.66371681]
Per-Class Recall: [0.99240344 0.97       0.99333333 1.         0.76       0.79
 0.68       0.8        0.88       0.94666667 0.928      0.65333333
 0.288      0.66857143 0.8        0.72       0.87428571 1.
 1.        ]
Per-Class F1-Score: [0.99618724 0.82553191 0.83707865 0.72815534 0.51877133 0.55244755
 0.58874459 0.31331593 0.43672457 0.3977591  0.37001595 0.28823529
 0.22360248 0.57212714 0.51948052 0.66976744 0.70183486 0.68493151
 0.79787234]
Support per Class: [293949    100    150    150    100    100    100     75    100     75
    125    150    125    175     75    100    175     75     75]
Weighted Precision: 0.9962, Weighted Recall: 0.9912, Weighted F1-Score: 0.9932
Precision: 0.9962, Recall: 0.9912, F1-Score: 0.9932
Fold 1, Epoch 870, Train Loss: 0.4076, Val Loss: 0.3064, Val Acc: 0.9907
Precision: 0.9963, Recall: 0.9908, F1-Score: 0.9930
Fold 1, Epoch 871, Train Loss: 0.4072, Val Loss: 0.3038, Val Acc: 0.9902
Precision: 0.9963, Recall: 0.9915, F1-Score: 0.9934
Fold 1, Epoch 872, Train Loss: 0.4011, Val Loss: 0.2806, Val Acc: 0.9910
Precision: 0.9962, Recall: 0.9914, F1-Score: 0.9933
Fold 1, Epoch 873, Train Loss: 0.4140, Val Loss: 0.2899, Val Acc: 0.9909
Precision: 0.9961, Recall: 0.9857, F1-Score: 0.9903
Fold 1, Epoch 874, Train Loss: 0.4161, Val Loss: 0.2935, Val Acc: 0.9859
Precision: 0.9962, Recall: 0.9910, F1-Score: 0.9931
Fold 1, Epoch 875, Train Loss: 0.3902, Val Loss: 0.2845, Val Acc: 0.9906
Precision: 0.9964, Recall: 0.9917, F1-Score: 0.9936
Fold 1, Epoch 876, Train Loss: 0.4015, Val Loss: 0.2881, Val Acc: 0.9912
Precision: 0.9963, Recall: 0.9911, F1-Score: 0.9932
Fold 1, Epoch 877, Train Loss: 0.4505, Val Loss: 0.3060, Val Acc: 0.9905
Precision: 0.9961, Recall: 0.9860, F1-Score: 0.9904
Fold 1, Epoch 878, Train Loss: 0.4094, Val Loss: 0.3044, Val Acc: 0.9874
Precision: 0.9962, Recall: 0.9912, F1-Score: 0.9932
Fold 1, Epoch 879, Train Loss: 0.4074, Val Loss: 0.2897, Val Acc: 0.9907

--- Epoch 880 ---
--- Epoch 880 ---
--- Epoch 880 ---



--- Epoch 880 ---
Class Weights: [2.1182575e-05 5.6127068e-02 5.6127068e-02 5.9477936e-02 5.6928884e-02
 5.3851645e-02 5.3851645e-02 4.9812771e-02 5.9477936e-02 5.6127068e-02
 6.1308030e-02 5.1753532e-02 5.3851645e-02 6.0379118e-02 5.6928884e-02
 4.9197800e-02 5.4589339e-02 5.2434497e-02 5.7753939e-02]Class Weights: [2.1182575e-05 5.6127068e-02 5.6127068e-02 5.9477936e-02 5.6928884e-02
 5.3851645e-02 5.3851645e-02 4.9812771e-02 5.9477936e-02 5.6127068e-02
 6.1308030e-02 5.1753532e-02 5.3851645e-02 6.0379118e-02 5.6928884e-02
 4.9197800e-02 5.4589339e-02 5.2434497e-02 5.7753939e-02]Class Weights: [2.1182575e-05 5.6127068e-02 5.6127068e-02 5.9477936e-02 5.6928884e-02
 5.3851645e-02 5.3851645e-02 4.9812771e-02 5.9477936e-02 5.6127068e-02
 6.1308030e-02 5.1753532e-02 5.3851645e-02 6.0379118e-02 5.6928884e-02
 4.9197800e-02 5.4589339e-02 5.2434497e-02 5.7753939e-02]


Class Weights: [2.1182575e-05 5.6127068e-02 5.6127068e-02 5.9477936e-02 5.6928884e-02
 5.3851645e-02 5.3851645e-02 4.9812771e-02 5.9477936e-02 5.6127068e-02
 6.1308030e-02 5.1753532e-02 5.3851645e-02 6.0379118e-02 5.6928884e-02
 4.9197800e-02 5.4589339e-02 5.2434497e-02 5.7753939e-02]Learning Rate: 0.005Learning Rate: 0.005Learning Rate: 0.005



Learning Rate: 0.005
Train Loss: 0.4288, Val Loss: 0.3175Train Loss: 0.4288, Val Loss: 0.3175Train Loss: 0.4288, Val Loss: 0.3175
Train Loss: 0.4288, Val Loss: 0.3175


Per-Class Precision: [1.         0.51578947 0.72463768 0.70646766 0.39316239 0.42857143
 0.40271493 0.24423963 0.2659176  0.26223776 0.26243094 0.22372881
 0.22409639 0.47619048 0.34117647 0.56547619 0.52922078 0.71428571
 0.53191489]
Per-Class Recall: [0.99245788 0.98       1.         0.94666667 0.92       0.78
 0.89       0.70666667 0.71       1.         0.76       0.44
 0.744      0.74285714 0.77333333 0.95       0.93142857 1.
 1.        ]
Per-Class F1-Score: [0.99621466 0.67586207 0.84033613 0.80911681 0.5508982  0.55319149
 0.55451713 0.3630137  0.38692098 0.41551247 0.39014374 0.29662921
 0.34444444 0.58035714 0.47346939 0.70895522 0.67494824 0.83333333
 0.69444444]
Support per Class: [293949    100    150    150    100    100    100     75    100     75
    125    150    125    175     75    100    175     75     75]
Weighted Precision: 0.9962, Weighted Recall: 0.9914, Weighted F1-Score: 0.9933
Precision: 0.9962, Recall: 0.9914, F1-Score: 0.9933
Fold 1, Epoch 880, Train Loss: 0.4288, Val Loss: 0.3175, Val Acc: 0.9907
Precision: 0.9962, Recall: 0.9873, F1-Score: 0.9911
Fold 1, Epoch 881, Train Loss: 0.4208, Val Loss: 0.2950, Val Acc: 0.9875
Precision: 0.9963, Recall: 0.9911, F1-Score: 0.9932
Fold 1, Epoch 882, Train Loss: 0.3913, Val Loss: 0.2878, Val Acc: 0.9908
Precision: 0.9963, Recall: 0.9914, F1-Score: 0.9933
Fold 1, Epoch 883, Train Loss: 0.4098, Val Loss: 0.2779, Val Acc: 0.9909
Precision: 0.9963, Recall: 0.9914, F1-Score: 0.9933
Fold 1, Epoch 884, Train Loss: 0.4017, Val Loss: 0.2685, Val Acc: 0.9909
Precision: 0.9963, Recall: 0.9905, F1-Score: 0.9928
Fold 1, Epoch 885, Train Loss: 0.3914, Val Loss: 0.2821, Val Acc: 0.9900
Precision: 0.9962, Recall: 0.9913, F1-Score: 0.9933
Fold 1, Epoch 886, Train Loss: 0.3931, Val Loss: 0.2982, Val Acc: 0.9907
Precision: 0.9963, Recall: 0.9911, F1-Score: 0.9932
Fold 1, Epoch 887, Train Loss: 0.3805, Val Loss: 0.2736, Val Acc: 0.9907
Precision: 0.9961, Recall: 0.9912, F1-Score: 0.9931
Fold 1, Epoch 888, Train Loss: 0.3944, Val Loss: 0.2744, Val Acc: 0.9906
Precision: 0.9964, Recall: 0.9915, F1-Score: 0.9934
Fold 1, Epoch 889, Train Loss: 0.3969, Val Loss: 0.2919, Val Acc: 0.9909

--- Epoch 890 ---
--- Epoch 890 ---
--- Epoch 890 ---



--- Epoch 890 ---
Class Weights: [2.1182575e-05 5.6127068e-02 5.6127068e-02 5.9477936e-02 5.6928884e-02
 5.3851645e-02 5.3851645e-02 4.9812771e-02 5.9477936e-02 5.6127068e-02
 6.1308030e-02 5.1753532e-02 5.3851645e-02 6.0379118e-02 5.6928884e-02
 4.9197800e-02 5.4589339e-02 5.2434497e-02 5.7753939e-02]Class Weights: [2.1182575e-05 5.6127068e-02 5.6127068e-02 5.9477936e-02 5.6928884e-02
 5.3851645e-02 5.3851645e-02 4.9812771e-02 5.9477936e-02 5.6127068e-02
 6.1308030e-02 5.1753532e-02 5.3851645e-02 6.0379118e-02 5.6928884e-02
 4.9197800e-02 5.4589339e-02 5.2434497e-02 5.7753939e-02]Class Weights: [2.1182575e-05 5.6127068e-02 5.6127068e-02 5.9477936e-02 5.6928884e-02
 5.3851645e-02 5.3851645e-02 4.9812771e-02 5.9477936e-02 5.6127068e-02
 6.1308030e-02 5.1753532e-02 5.3851645e-02 6.0379118e-02 5.6928884e-02
 4.9197800e-02 5.4589339e-02 5.2434497e-02 5.7753939e-02]

Class Weights: [2.1182575e-05 5.6127068e-02 5.6127068e-02 5.9477936e-02 5.6928884e-02
 5.3851645e-02 5.3851645e-02 4.9812771e-02 5.9477936e-02 5.6127068e-02
 6.1308030e-02 5.1753532e-02 5.3851645e-02 6.0379118e-02 5.6928884e-02
 4.9197800e-02 5.4589339e-02 5.2434497e-02 5.7753939e-02]
Learning Rate: 0.005Learning Rate: 0.005


Learning Rate: 0.005Learning Rate: 0.005

Train Loss: 0.4052, Val Loss: 0.2778Train Loss: 0.4052, Val Loss: 0.2778

Train Loss: 0.4052, Val Loss: 0.2778Train Loss: 0.4052, Val Loss: 0.2778

Per-Class Precision: [1.         0.20746888 0.81420765 0.72375691 0.36078431 0.42986425
 0.37391304 0.33333333 0.33730159 0.17772512 0.26506024 0.18556701
 0.2325     0.57560976 0.44202899 0.47368421 0.53207547 0.64655172
 0.53191489]
Per-Class Recall: [0.99113452 1.         0.99333333 0.87333333 0.92       0.95
 0.86       0.65333333 0.85       1.         0.88       0.48
 0.744      0.67428571 0.81333333 0.9        0.80571429 1.
 1.        ]
Per-Class F1-Score: [0.99554752 0.34364261 0.89489489 0.79154079 0.51830986 0.59190031
 0.52121212 0.44144144 0.48295455 0.30181087 0.40740741 0.26765799
 0.35428571 0.62105263 0.57276995 0.62068966 0.64090909 0.78534031
 0.69444444]
Support per Class: [293949    100    150    150    100    100    100     75    100     75
    125    150    125    175     75    100    175     75     75]
Weighted Precision: 0.9962, Weighted Recall: 0.9901, Weighted F1-Score: 0.9925
Precision: 0.9962, Recall: 0.9901, F1-Score: 0.9925
Fold 1, Epoch 890, Train Loss: 0.4052, Val Loss: 0.2778, Val Acc: 0.9897
Precision: 0.9962, Recall: 0.9914, F1-Score: 0.9933
Fold 1, Epoch 891, Train Loss: 0.3866, Val Loss: 0.2787, Val Acc: 0.9909
Precision: 0.9962, Recall: 0.9910, F1-Score: 0.9931
Fold 1, Epoch 892, Train Loss: 0.3985, Val Loss: 0.3146, Val Acc: 0.9903
Precision: 0.9961, Recall: 0.9912, F1-Score: 0.9931
Fold 1, Epoch 893, Train Loss: 0.4046, Val Loss: 0.3037, Val Acc: 0.9906
Precision: 0.9961, Recall: 0.9912, F1-Score: 0.9931
Fold 1, Epoch 894, Train Loss: 0.4176, Val Loss: 0.2827, Val Acc: 0.9905
Precision: 0.9963, Recall: 0.9915, F1-Score: 0.9934
Fold 1, Epoch 895, Train Loss: 0.3795, Val Loss: 0.2838, Val Acc: 0.9909
Precision: 0.9963, Recall: 0.9916, F1-Score: 0.9935
Fold 1, Epoch 896, Train Loss: 0.3757, Val Loss: 0.2728, Val Acc: 0.9909
Precision: 0.9962, Recall: 0.9913, F1-Score: 0.9932
Fold 1, Epoch 897, Train Loss: 0.3798, Val Loss: 0.2670, Val Acc: 0.9907
Precision: 0.9963, Recall: 0.9914, F1-Score: 0.9933
Fold 1, Epoch 898, Train Loss: 0.4047, Val Loss: 0.2643, Val Acc: 0.9909
Precision: 0.9963, Recall: 0.9912, F1-Score: 0.9933
Fold 1, Epoch 899, Train Loss: 0.3991, Val Loss: 0.2706, Val Acc: 0.9907

--- Epoch 900 ---
--- Epoch 900 ---
--- Epoch 900 ---



--- Epoch 900 ---
Class Weights: [2.1182575e-05 5.6127068e-02 5.6127068e-02 5.9477936e-02 5.6928884e-02
 5.3851645e-02 5.3851645e-02 4.9812771e-02 5.9477936e-02 5.6127068e-02
 6.1308030e-02 5.1753532e-02 5.3851645e-02 6.0379118e-02 5.6928884e-02
 4.9197800e-02 5.4589339e-02 5.2434497e-02 5.7753939e-02]Class Weights: [2.1182575e-05 5.6127068e-02 5.6127068e-02 5.9477936e-02 5.6928884e-02
 5.3851645e-02 5.3851645e-02 4.9812771e-02 5.9477936e-02 5.6127068e-02
 6.1308030e-02 5.1753532e-02 5.3851645e-02 6.0379118e-02 5.6928884e-02
 4.9197800e-02 5.4589339e-02 5.2434497e-02 5.7753939e-02]Class Weights: [2.1182575e-05 5.6127068e-02 5.6127068e-02 5.9477936e-02 5.6928884e-02
 5.3851645e-02 5.3851645e-02 4.9812771e-02 5.9477936e-02 5.6127068e-02
 6.1308030e-02 5.1753532e-02 5.3851645e-02 6.0379118e-02 5.6928884e-02
 4.9197800e-02 5.4589339e-02 5.2434497e-02 5.7753939e-02]Class Weights: [2.1182575e-05 5.6127068e-02 5.6127068e-02 5.9477936e-02 5.6928884e-02
 5.3851645e-02 5.3851645e-02 4.9812771e-02 5.9477936e-02 5.6127068e-02
 6.1308030e-02 5.1753532e-02 5.3851645e-02 6.0379118e-02 5.6928884e-02
 4.9197800e-02 5.4589339e-02 5.2434497e-02 5.7753939e-02]



Learning Rate: 0.005Learning Rate: 0.005Learning Rate: 0.005
Learning Rate: 0.005


Train Loss: 0.3767, Val Loss: 0.2875
Train Loss: 0.3767, Val Loss: 0.2875Train Loss: 0.3767, Val Loss: 0.2875Train Loss: 0.3767, Val Loss: 0.2875


Per-Class Precision: [1.         0.49019608 0.64502165 0.69483568 0.38916256 0.47674419
 0.47169811 0.32682927 0.33333333 0.19893899 0.21923077 0.20920502
 0.30877193 0.57142857 0.18393782 0.57692308 0.56666667 0.54887218
 0.5       ]
Per-Class Recall: [0.99222654 1.         0.99333333 0.98666667 0.79       0.82
 0.75       0.89333333 0.72       1.         0.912      0.33333333
 0.704      0.70857143 0.94666667 0.75       0.87428571 0.97333333
 1.        ]
Per-Class F1-Score: [0.99609811 0.65789474 0.78215223 0.815427   0.52145215 0.60294118
 0.57915058 0.47857143 0.4556962  0.33185841 0.35348837 0.25706941
 0.42926829 0.63265306 0.30802603 0.65217391 0.68764045 0.70192308
 0.66666667]
Support per Class: [293949    100    150    150    100    100    100     75    100     75
    125    150    125    175     75    100    175     75     75]
Weighted Precision: 0.9962, Weighted Recall: 0.9911, Weighted F1-Score: 0.9931
Precision: 0.9962, Recall: 0.9911, F1-Score: 0.9931
Fold 1, Epoch 900, Train Loss: 0.3767, Val Loss: 0.2875, Val Acc: 0.9906
Precision: 0.9963, Recall: 0.9915, F1-Score: 0.9934
Fold 1, Epoch 901, Train Loss: 0.3921, Val Loss: 0.2724, Val Acc: 0.9909
Precision: 0.9962, Recall: 0.9913, F1-Score: 0.9933
Fold 1, Epoch 902, Train Loss: 0.3863, Val Loss: 0.2878, Val Acc: 0.9908
Precision: 0.9962, Recall: 0.9912, F1-Score: 0.9932
Fold 1, Epoch 903, Train Loss: 0.4269, Val Loss: 0.3027, Val Acc: 0.9907
Precision: 0.9961, Recall: 0.9912, F1-Score: 0.9932
Fold 1, Epoch 904, Train Loss: 0.4156, Val Loss: 0.3075, Val Acc: 0.9906
Precision: 0.9963, Recall: 0.9914, F1-Score: 0.9933
Fold 1, Epoch 905, Train Loss: 0.4043, Val Loss: 0.2944, Val Acc: 0.9907
Precision: 0.9963, Recall: 0.9912, F1-Score: 0.9933
Fold 1, Epoch 906, Train Loss: 0.4274, Val Loss: 0.2946, Val Acc: 0.9906
Precision: 0.9963, Recall: 0.9912, F1-Score: 0.9932
Fold 1, Epoch 907, Train Loss: 0.3856, Val Loss: 0.3006, Val Acc: 0.9908
Precision: 0.9964, Recall: 0.9912, F1-Score: 0.9933
Fold 1, Epoch 908, Train Loss: 0.3969, Val Loss: 0.2609, Val Acc: 0.9908
Precision: 0.9963, Recall: 0.9913, F1-Score: 0.9933
Fold 1, Epoch 909, Train Loss: 0.3638, Val Loss: 0.2777, Val Acc: 0.9907

--- Epoch 910 ---
--- Epoch 910 ---


--- Epoch 910 ---

--- Epoch 910 ---
Class Weights: [2.1182575e-05 5.6127068e-02 5.6127068e-02 5.9477936e-02 5.6928884e-02
 5.3851645e-02 5.3851645e-02 4.9812771e-02 5.9477936e-02 5.6127068e-02
 6.1308030e-02 5.1753532e-02 5.3851645e-02 6.0379118e-02 5.6928884e-02
 4.9197800e-02 5.4589339e-02 5.2434497e-02 5.7753939e-02]Class Weights: [2.1182575e-05 5.6127068e-02 5.6127068e-02 5.9477936e-02 5.6928884e-02
 5.3851645e-02 5.3851645e-02 4.9812771e-02 5.9477936e-02 5.6127068e-02
 6.1308030e-02 5.1753532e-02 5.3851645e-02 6.0379118e-02 5.6928884e-02
 4.9197800e-02 5.4589339e-02 5.2434497e-02 5.7753939e-02]

Class Weights: [2.1182575e-05 5.6127068e-02 5.6127068e-02 5.9477936e-02 5.6928884e-02
 5.3851645e-02 5.3851645e-02 4.9812771e-02 5.9477936e-02 5.6127068e-02
 6.1308030e-02 5.1753532e-02 5.3851645e-02 6.0379118e-02 5.6928884e-02
 4.9197800e-02 5.4589339e-02 5.2434497e-02 5.7753939e-02]Learning Rate: 0.005Learning Rate: 0.005


Learning Rate: 0.005
Train Loss: 0.3812, Val Loss: 0.2809Train Loss: 0.3812, Val Loss: 0.2809Train Loss: 0.3812, Val Loss: 0.2809


Class Weights: [2.1182575e-05 5.6127068e-02 5.6127068e-02 5.9477936e-02 5.6928884e-02
 5.3851645e-02 5.3851645e-02 4.9812771e-02 5.9477936e-02 5.6127068e-02
 6.1308030e-02 5.1753532e-02 5.3851645e-02 6.0379118e-02 5.6928884e-02
 4.9197800e-02 5.4589339e-02 5.2434497e-02 5.7753939e-02]
Learning Rate: 0.005
Train Loss: 0.3812, Val Loss: 0.2809
Per-Class Precision: [1.         0.09107636 0.6097561  0.63675214 0.43147208 0.45405405
 0.52531646 0.26839827 0.38410596 0.17857143 0.25761124 0.24038462
 0.25174825 0.4516129  0.33009709 0.65289256 0.57358491 0.57364341
 0.51369863]
Per-Class Recall: [0.98939612 0.99       1.         0.99333333 0.85       0.84
 0.83       0.82666667 0.58       1.         0.88       0.5
 0.576      0.88       0.90666667 0.79       0.86857143 0.98666667
 1.        ]
Per-Class F1-Score: [0.9946698  0.16680708 0.75757576 0.77604167 0.57239057 0.58947368
 0.64341085 0.40522876 0.46215139 0.3030303  0.39855072 0.32467532
 0.35036496 0.59689922 0.48398577 0.71493213 0.69090909 0.7254902
 0.67873303]
Support per Class: [293949    100    150    150    100    100    100     75    100     75
    125    150    125    175     75    100    175     75     75]
Weighted Precision: 0.9961, Weighted Recall: 0.9884, Weighted F1-Score: 0.9916
Precision: 0.9961, Recall: 0.9884, F1-Score: 0.9916
Fold 1, Epoch 910, Train Loss: 0.3812, Val Loss: 0.2809, Val Acc: 0.9888
Precision: 0.9961, Recall: 0.9576, F1-Score: 0.9758
Fold 1, Epoch 911, Train Loss: 0.4252, Val Loss: 0.3053, Val Acc: 0.9621
Precision: 0.9963, Recall: 0.9914, F1-Score: 0.9933
Fold 1, Epoch 912, Train Loss: 0.4100, Val Loss: 0.2808, Val Acc: 0.9908
Precision: 0.9964, Recall: 0.9913, F1-Score: 0.9934
Fold 1, Epoch 913, Train Loss: 0.3815, Val Loss: 0.2791, Val Acc: 0.9907
Precision: 0.9963, Recall: 0.9914, F1-Score: 0.9933
Fold 1, Epoch 914, Train Loss: 0.3841, Val Loss: 0.2616, Val Acc: 0.9908
Precision: 0.9961, Recall: 0.9913, F1-Score: 0.9932
Fold 1, Epoch 915, Train Loss: 0.3881, Val Loss: 0.2687, Val Acc: 0.9908
Precision: 0.9963, Recall: 0.9914, F1-Score: 0.9933
Fold 1, Epoch 916, Train Loss: 0.3738, Val Loss: 0.2686, Val Acc: 0.9910
Precision: 0.9964, Recall: 0.9914, F1-Score: 0.9934
Fold 1, Epoch 917, Train Loss: 0.4072, Val Loss: 0.2850, Val Acc: 0.9909
Precision: 0.9961, Recall: 0.9766, F1-Score: 0.9856
Fold 1, Epoch 918, Train Loss: 0.3844, Val Loss: 0.2969, Val Acc: 0.9807
Precision: 0.9962, Recall: 0.9911, F1-Score: 0.9932
Fold 1, Epoch 919, Train Loss: 0.3739, Val Loss: 0.2836, Val Acc: 0.9906

--- Epoch 920 ---
--- Epoch 920 ---
--- Epoch 920 ---



--- Epoch 920 ---
Class Weights: [2.1182575e-05 5.6127068e-02 5.6127068e-02 5.9477936e-02 5.6928884e-02
 5.3851645e-02 5.3851645e-02 4.9812771e-02 5.9477936e-02 5.6127068e-02
 6.1308030e-02 5.1753532e-02 5.3851645e-02 6.0379118e-02 5.6928884e-02
 4.9197800e-02 5.4589339e-02 5.2434497e-02 5.7753939e-02]Class Weights: [2.1182575e-05 5.6127068e-02 5.6127068e-02 5.9477936e-02 5.6928884e-02
 5.3851645e-02 5.3851645e-02 4.9812771e-02 5.9477936e-02 5.6127068e-02
 6.1308030e-02 5.1753532e-02 5.3851645e-02 6.0379118e-02 5.6928884e-02
 4.9197800e-02 5.4589339e-02 5.2434497e-02 5.7753939e-02]Class Weights: [2.1182575e-05 5.6127068e-02 5.6127068e-02 5.9477936e-02 5.6928884e-02
 5.3851645e-02 5.3851645e-02 4.9812771e-02 5.9477936e-02 5.6127068e-02
 6.1308030e-02 5.1753532e-02 5.3851645e-02 6.0379118e-02 5.6928884e-02
 4.9197800e-02 5.4589339e-02 5.2434497e-02 5.7753939e-02]


Class Weights: [2.1182575e-05 5.6127068e-02 5.6127068e-02 5.9477936e-02 5.6928884e-02
 5.3851645e-02 5.3851645e-02 4.9812771e-02 5.9477936e-02 5.6127068e-02
 6.1308030e-02 5.1753532e-02 5.3851645e-02 6.0379118e-02 5.6928884e-02
 4.9197800e-02 5.4589339e-02 5.2434497e-02 5.7753939e-02]Learning Rate: 0.005Learning Rate: 0.005Learning Rate: 0.005



Learning Rate: 0.005
Train Loss: 0.3715, Val Loss: 0.2722Train Loss: 0.3715, Val Loss: 0.2722Train Loss: 0.3715, Val Loss: 0.2722


Train Loss: 0.3715, Val Loss: 0.2722
Per-Class Precision: [1.         0.76377953 0.85465116 0.53703704 0.40707965 0.54362416
 0.40930233 0.29518072 0.252149   0.22530864 0.23851204 0.19178082
 0.22033898 0.6011236  0.52066116 0.60645161 0.53198653 0.79787234
 0.64102564]
Per-Class Recall: [0.99236942 0.97       0.98       0.96666667 0.92       0.81
 0.88       0.65333333 0.88       0.97333333 0.872      0.56
 0.728      0.61142857 0.84       0.94       0.90285714 1.
 1.        ]
Per-Class F1-Score: [0.9961701  0.85462555 0.91304348 0.69047619 0.56441718 0.65060241
 0.55873016 0.406639   0.39198218 0.36591479 0.37457045 0.28571429
 0.33828996 0.60623229 0.64285714 0.7372549  0.66949153 0.88757396
 0.78125   ]
Support per Class: [293949    100    150    150    100    100    100     75    100     75
    125    150    125    175     75    100    175     75     75]
Weighted Precision: 0.9965, Weighted Recall: 0.9914, Weighted F1-Score: 0.9934
Precision: 0.9965, Recall: 0.9914, F1-Score: 0.9934
Fold 1, Epoch 920, Train Loss: 0.3715, Val Loss: 0.2722, Val Acc: 0.9908
Precision: 0.9964, Recall: 0.9915, F1-Score: 0.9934
Fold 1, Epoch 921, Train Loss: 0.3515, Val Loss: 0.2768, Val Acc: 0.9909
Precision: 0.9963, Recall: 0.9858, F1-Score: 0.9904
Fold 1, Epoch 922, Train Loss: 0.3705, Val Loss: 0.2620, Val Acc: 0.9874
Precision: 0.9960, Recall: 0.9848, F1-Score: 0.9898
Fold 1, Epoch 923, Train Loss: 0.3793, Val Loss: 0.2877, Val Acc: 0.9866
Precision: 0.9964, Recall: 0.9916, F1-Score: 0.9935
Fold 1, Epoch 924, Train Loss: 0.3808, Val Loss: 0.2647, Val Acc: 0.9911
Precision: 0.9964, Recall: 0.9911, F1-Score: 0.9932
Fold 1, Epoch 925, Train Loss: 0.3940, Val Loss: 0.2848, Val Acc: 0.9906
Precision: 0.9963, Recall: 0.9910, F1-Score: 0.9932
Fold 1, Epoch 926, Train Loss: 0.4013, Val Loss: 0.2948, Val Acc: 0.9905
Precision: 0.9963, Recall: 0.9914, F1-Score: 0.9934
Fold 1, Epoch 927, Train Loss: 0.3809, Val Loss: 0.2722, Val Acc: 0.9909
Precision: 0.9964, Recall: 0.9916, F1-Score: 0.9935
Fold 1, Epoch 928, Train Loss: 0.3759, Val Loss: 0.2651, Val Acc: 0.9911
Precision: 0.9963, Recall: 0.9914, F1-Score: 0.9934
Fold 1, Epoch 929, Train Loss: 0.3793, Val Loss: 0.2658, Val Acc: 0.9909

--- Epoch 930 ---
--- Epoch 930 ---


--- Epoch 930 ---
Class Weights: [2.1182575e-05 5.6127068e-02 5.6127068e-02 5.9477936e-02 5.6928884e-02
 5.3851645e-02 5.3851645e-02 4.9812771e-02 5.9477936e-02 5.6127068e-02
 6.1308030e-02 5.1753532e-02 5.3851645e-02 6.0379118e-02 5.6928884e-02
 4.9197800e-02 5.4589339e-02 5.2434497e-02 5.7753939e-02]Class Weights: [2.1182575e-05 5.6127068e-02 5.6127068e-02 5.9477936e-02 5.6928884e-02
 5.3851645e-02 5.3851645e-02 4.9812771e-02 5.9477936e-02 5.6127068e-02
 6.1308030e-02 5.1753532e-02 5.3851645e-02 6.0379118e-02 5.6928884e-02
 4.9197800e-02 5.4589339e-02 5.2434497e-02 5.7753939e-02]
Class Weights: [2.1182575e-05 5.6127068e-02 5.6127068e-02 5.9477936e-02 5.6928884e-02
 5.3851645e-02 5.3851645e-02 4.9812771e-02 5.9477936e-02 5.6127068e-02
 6.1308030e-02 5.1753532e-02 5.3851645e-02 6.0379118e-02 5.6928884e-02
 4.9197800e-02 5.4589339e-02 5.2434497e-02 5.7753939e-02]
Learning Rate: 0.005

Learning Rate: 0.005Learning Rate: 0.005

Train Loss: 0.3706, Val Loss: 0.3022Train Loss: 0.3706, Val Loss: 0.3022Train Loss: 0.3706, Val Loss: 0.3022



--- Epoch 930 ---
Class Weights: [2.1182575e-05 5.6127068e-02 5.6127068e-02 5.9477936e-02 5.6928884e-02
 5.3851645e-02 5.3851645e-02 4.9812771e-02 5.9477936e-02 5.6127068e-02
 6.1308030e-02 5.1753532e-02 5.3851645e-02 6.0379118e-02 5.6928884e-02
 4.9197800e-02 5.4589339e-02 5.2434497e-02 5.7753939e-02]
Learning Rate: 0.005
Train Loss: 0.3706, Val Loss: 0.3022
Per-Class Precision: [1.         0.54696133 0.71980676 0.65333333 0.43939394 0.46892655
 0.40853659 0.19178082 0.33944954 0.1953125  0.24206349 0.17919075
 0.24930748 0.62962963 0.42384106 0.49238579 0.5198556  0.64912281
 0.51020408]
Per-Class Recall: [0.99236602 0.99       0.99333333 0.98       0.87       0.83
 0.67       0.93333333 0.37       1.         0.976      0.41333333
 0.72       0.58285714 0.85333333 0.97       0.82285714 0.98666667
 1.        ]
Per-Class F1-Score: [0.99616839 0.70462633 0.83473389 0.784      0.58389262 0.59927798
 0.50757576 0.31818182 0.35406699 0.32679739 0.38791733 0.25
 0.37037037 0.60534125 0.56637168 0.65319865 0.63716814 0.78306878
 0.67567568]
Support per Class: [293949    100    150    150    100    100    100     75    100     75
    125    150    125    175     75    100    175     75     75]
Weighted Precision: 0.9962, Weighted Recall: 0.9911, Weighted F1-Score: 0.9932
Precision: 0.9962, Recall: 0.9911, F1-Score: 0.9932
Fold 1, Epoch 930, Train Loss: 0.3706, Val Loss: 0.3022, Val Acc: 0.9907
Precision: 0.9963, Recall: 0.9914, F1-Score: 0.9933
Fold 1, Epoch 931, Train Loss: 0.3875, Val Loss: 0.2695, Val Acc: 0.9909
Precision: 0.9961, Recall: 0.9906, F1-Score: 0.9928
Fold 1, Epoch 932, Train Loss: 0.3709, Val Loss: 0.2662, Val Acc: 0.9902
Precision: 0.9961, Recall: 0.9894, F1-Score: 0.9921
Fold 1, Epoch 933, Train Loss: 0.4229, Val Loss: 0.2759, Val Acc: 0.9897
Precision: 0.9962, Recall: 0.9829, F1-Score: 0.9889
Fold 1, Epoch 934, Train Loss: 0.3879, Val Loss: 0.2865, Val Acc: 0.9852
Precision: 0.9961, Recall: 0.9913, F1-Score: 0.9932
Fold 1, Epoch 935, Train Loss: 0.3696, Val Loss: 0.2845, Val Acc: 0.9907
Precision: 0.9962, Recall: 0.9914, F1-Score: 0.9933
Fold 1, Epoch 936, Train Loss: 0.3968, Val Loss: 0.2771, Val Acc: 0.9909
Precision: 0.9963, Recall: 0.9909, F1-Score: 0.9930
Fold 1, Epoch 937, Train Loss: 0.4121, Val Loss: 0.2961, Val Acc: 0.9903
Precision: 0.9963, Recall: 0.9916, F1-Score: 0.9935
Fold 1, Epoch 938, Train Loss: 0.3974, Val Loss: 0.2840, Val Acc: 0.9911
Precision: 0.9961, Recall: 0.9913, F1-Score: 0.9932
Fold 1, Epoch 939, Train Loss: 0.3964, Val Loss: 0.2778, Val Acc: 0.9908

--- Epoch 940 ---
--- Epoch 940 ---

--- Epoch 940 ---


--- Epoch 940 ---
Class Weights: [2.1182575e-05 5.6127068e-02 5.6127068e-02 5.9477936e-02 5.6928884e-02
 5.3851645e-02 5.3851645e-02 4.9812771e-02 5.9477936e-02 5.6127068e-02
 6.1308030e-02 5.1753532e-02 5.3851645e-02 6.0379118e-02 5.6928884e-02
 4.9197800e-02 5.4589339e-02 5.2434497e-02 5.7753939e-02]Class Weights: [2.1182575e-05 5.6127068e-02 5.6127068e-02 5.9477936e-02 5.6928884e-02
 5.3851645e-02 5.3851645e-02 4.9812771e-02 5.9477936e-02 5.6127068e-02
 6.1308030e-02 5.1753532e-02 5.3851645e-02 6.0379118e-02 5.6928884e-02
 4.9197800e-02 5.4589339e-02 5.2434497e-02 5.7753939e-02]Class Weights: [2.1182575e-05 5.6127068e-02 5.6127068e-02 5.9477936e-02 5.6928884e-02
 5.3851645e-02 5.3851645e-02 4.9812771e-02 5.9477936e-02 5.6127068e-02
 6.1308030e-02 5.1753532e-02 5.3851645e-02 6.0379118e-02 5.6928884e-02
 4.9197800e-02 5.4589339e-02 5.2434497e-02 5.7753939e-02]


Learning Rate: 0.005Learning Rate: 0.005
Learning Rate: 0.005

Class Weights: [2.1182575e-05 5.6127068e-02 5.6127068e-02 5.9477936e-02 5.6928884e-02
 5.3851645e-02 5.3851645e-02 4.9812771e-02 5.9477936e-02 5.6127068e-02
 6.1308030e-02 5.1753532e-02 5.3851645e-02 6.0379118e-02 5.6928884e-02
 4.9197800e-02 5.4589339e-02 5.2434497e-02 5.7753939e-02]
Learning Rate: 0.005
Train Loss: 0.4130, Val Loss: 0.2916
Train Loss: 0.4130, Val Loss: 0.2916Train Loss: 0.4130, Val Loss: 0.2916

Train Loss: 0.4130, Val Loss: 0.2916
Per-Class Precision: [1.         0.69230769 0.73170732 0.65502183 0.41071429 0.39215686
 0.46107784 0.25416667 0.31698113 0.26223776 0.28618421 0.1484375
 0.18318966 0.52222222 0.42424242 0.41525424 0.46417445 0.70754717
 0.62393162]
Per-Class Recall: [0.99209727 0.99       1.         1.         0.92       1.
 0.77       0.81333333 0.84       1.         0.696      0.38
 0.68       0.80571429 0.74666667 0.98       0.85142857 1.
 0.97333333]
Per-Class F1-Score: [0.99603296 0.81481481 0.84507042 0.79155673 0.56790123 0.56338028
 0.57677903 0.38730159 0.46027397 0.41551247 0.40559441 0.21348315
 0.28862479 0.63370787 0.5410628  0.58333333 0.60080645 0.82872928
 0.76041667]
Support per Class: [293949    100    150    150    100    100    100     75    100     75
    125    150    125    175     75    100    175     75     75]
Weighted Precision: 0.9962, Weighted Recall: 0.9911, Weighted F1-Score: 0.9931
Precision: 0.9962, Recall: 0.9911, F1-Score: 0.9931
Fold 1, Epoch 940, Train Loss: 0.4130, Val Loss: 0.2916, Val Acc: 0.9904
Precision: 0.9963, Recall: 0.9913, F1-Score: 0.9933
Fold 1, Epoch 941, Train Loss: 0.3977, Val Loss: 0.3036, Val Acc: 0.9907
Precision: 0.9963, Recall: 0.9912, F1-Score: 0.9933
Fold 1, Epoch 942, Train Loss: 0.3956, Val Loss: 0.2757, Val Acc: 0.9906
Precision: 0.9962, Recall: 0.9912, F1-Score: 0.9932
Fold 1, Epoch 943, Train Loss: 0.3746, Val Loss: 0.2904, Val Acc: 0.9906
Precision: 0.9962, Recall: 0.9852, F1-Score: 0.9900
Fold 1, Epoch 944, Train Loss: 0.3830, Val Loss: 0.2802, Val Acc: 0.9869
Precision: 0.9963, Recall: 0.9914, F1-Score: 0.9934
Fold 1, Epoch 945, Train Loss: 0.3760, Val Loss: 0.2715, Val Acc: 0.9909
Precision: 0.9962, Recall: 0.9911, F1-Score: 0.9931
Fold 1, Epoch 946, Train Loss: 0.3849, Val Loss: 0.2712, Val Acc: 0.9905
Precision: 0.9963, Recall: 0.9912, F1-Score: 0.9932
Fold 1, Epoch 947, Train Loss: 0.3837, Val Loss: 0.2824, Val Acc: 0.9909
Precision: 0.9962, Recall: 0.9909, F1-Score: 0.9930
Fold 1, Epoch 948, Train Loss: 0.3654, Val Loss: 0.2675, Val Acc: 0.9904
Precision: 0.9962, Recall: 0.9883, F1-Score: 0.9916
Fold 1, Epoch 949, Train Loss: 0.3746, Val Loss: 0.2777, Val Acc: 0.9887

--- Epoch 950 ---
--- Epoch 950 ---
--- Epoch 950 ---



--- Epoch 950 ---
Class Weights: [2.1182575e-05 5.6127068e-02 5.6127068e-02 5.9477936e-02 5.6928884e-02
 5.3851645e-02 5.3851645e-02 4.9812771e-02 5.9477936e-02 5.6127068e-02
 6.1308030e-02 5.1753532e-02 5.3851645e-02 6.0379118e-02 5.6928884e-02
 4.9197800e-02 5.4589339e-02 5.2434497e-02 5.7753939e-02]Class Weights: [2.1182575e-05 5.6127068e-02 5.6127068e-02 5.9477936e-02 5.6928884e-02
 5.3851645e-02 5.3851645e-02 4.9812771e-02 5.9477936e-02 5.6127068e-02
 6.1308030e-02 5.1753532e-02 5.3851645e-02 6.0379118e-02 5.6928884e-02
 4.9197800e-02 5.4589339e-02 5.2434497e-02 5.7753939e-02]Class Weights: [2.1182575e-05 5.6127068e-02 5.6127068e-02 5.9477936e-02 5.6928884e-02
 5.3851645e-02 5.3851645e-02 4.9812771e-02 5.9477936e-02 5.6127068e-02
 6.1308030e-02 5.1753532e-02 5.3851645e-02 6.0379118e-02 5.6928884e-02
 4.9197800e-02 5.4589339e-02 5.2434497e-02 5.7753939e-02]

Class Weights: [2.1182575e-05 5.6127068e-02 5.6127068e-02 5.9477936e-02 5.6928884e-02
 5.3851645e-02 5.3851645e-02 4.9812771e-02 5.9477936e-02 5.6127068e-02
 6.1308030e-02 5.1753532e-02 5.3851645e-02 6.0379118e-02 5.6928884e-02
 4.9197800e-02 5.4589339e-02 5.2434497e-02 5.7753939e-02]
Learning Rate: 0.005

Learning Rate: 0.005
Train Loss: 0.3615, Val Loss: 0.3758
Train Loss: 0.3615, Val Loss: 0.3758
Learning Rate: 0.005
Learning Rate: 0.005
Train Loss: 0.3615, Val Loss: 0.3758
Train Loss: 0.3615, Val Loss: 0.3758
Per-Class Precision: [1.         0.62893082 0.80645161 0.67149758 0.37209302 0.61940299
 0.45555556 0.06060606 0.17073171 0.1503006  0.17531557 0.12793734
 0.12315271 0.42777778 0.44354839 0.575      0.52877698 0.66071429
 0.55555556]
Per-Class Recall: [0.99260076 1.         1.         0.92666667 0.96       0.83
 0.41       0.10666667 0.49       1.         1.         0.32666667
 0.2        0.44       0.73333333 0.69       0.84       0.98666667
 1.        ]
Per-Class F1-Score: [0.99628664 0.77220077 0.89285714 0.77871148 0.53631285 0.70940171
 0.43157895 0.07729469 0.25322997 0.26132404 0.29832936 0.18386492
 0.15243902 0.43380282 0.55276382 0.62727273 0.64900662 0.79144385
 0.71428571]
Support per Class: [293949    100    150    150    100    100    100     75    100     75
    125    150    125    175     75    100    175     75     75]
Weighted Precision: 0.9961, Weighted Recall: 0.9907, Weighted F1-Score: 0.9930
Precision: 0.9961, Recall: 0.9907, F1-Score: 0.9930
Fold 1, Epoch 950, Train Loss: 0.3615, Val Loss: 0.3758, Val Acc: 0.9904
Precision: 0.9963, Recall: 0.9915, F1-Score: 0.9934
Fold 1, Epoch 951, Train Loss: 0.4006, Val Loss: 0.2628, Val Acc: 0.9910
Precision: 0.9962, Recall: 0.9912, F1-Score: 0.9932
Fold 1, Epoch 952, Train Loss: 0.3591, Val Loss: 0.2932, Val Acc: 0.9906
Precision: 0.9963, Recall: 0.9913, F1-Score: 0.9934
Fold 1, Epoch 953, Train Loss: 0.4016, Val Loss: 0.3197, Val Acc: 0.9909
Precision: 0.9962, Recall: 0.9910, F1-Score: 0.9932
Fold 1, Epoch 954, Train Loss: 0.4115, Val Loss: 0.2847, Val Acc: 0.9906
Precision: 0.9960, Recall: 0.9904, F1-Score: 0.9927
Fold 1, Epoch 955, Train Loss: 0.4613, Val Loss: 0.4024, Val Acc: 0.9899
Precision: 0.9961, Recall: 0.9910, F1-Score: 0.9931
Fold 1, Epoch 956, Train Loss: 0.5495, Val Loss: 0.3542, Val Acc: 0.9908
Precision: 0.9962, Recall: 0.9911, F1-Score: 0.9932
Fold 1, Epoch 957, Train Loss: 0.4921, Val Loss: 0.3039, Val Acc: 0.9906
Precision: 0.9962, Recall: 0.9911, F1-Score: 0.9931
Fold 1, Epoch 958, Train Loss: 0.4090, Val Loss: 0.3082, Val Acc: 0.9905
Precision: 0.9961, Recall: 0.9911, F1-Score: 0.9931
Fold 1, Epoch 959, Train Loss: 0.3945, Val Loss: 0.2816, Val Acc: 0.9906

--- Epoch 960 ---
--- Epoch 960 ---
--- Epoch 960 ---



--- Epoch 960 ---
Class Weights: [2.1182575e-05 5.6127068e-02 5.6127068e-02 5.9477936e-02 5.6928884e-02
 5.3851645e-02 5.3851645e-02 4.9812771e-02 5.9477936e-02 5.6127068e-02
 6.1308030e-02 5.1753532e-02 5.3851645e-02 6.0379118e-02 5.6928884e-02
 4.9197800e-02 5.4589339e-02 5.2434497e-02 5.7753939e-02]Class Weights: [2.1182575e-05 5.6127068e-02 5.6127068e-02 5.9477936e-02 5.6928884e-02
 5.3851645e-02 5.3851645e-02 4.9812771e-02 5.9477936e-02 5.6127068e-02
 6.1308030e-02 5.1753532e-02 5.3851645e-02 6.0379118e-02 5.6928884e-02
 4.9197800e-02 5.4589339e-02 5.2434497e-02 5.7753939e-02]Class Weights: [2.1182575e-05 5.6127068e-02 5.6127068e-02 5.9477936e-02 5.6928884e-02
 5.3851645e-02 5.3851645e-02 4.9812771e-02 5.9477936e-02 5.6127068e-02
 6.1308030e-02 5.1753532e-02 5.3851645e-02 6.0379118e-02 5.6928884e-02
 4.9197800e-02 5.4589339e-02 5.2434497e-02 5.7753939e-02]Class Weights: [2.1182575e-05 5.6127068e-02 5.6127068e-02 5.9477936e-02 5.6928884e-02
 5.3851645e-02 5.3851645e-02 4.9812771e-02 5.9477936e-02 5.6127068e-02
 6.1308030e-02 5.1753532e-02 5.3851645e-02 6.0379118e-02 5.6928884e-02
 4.9197800e-02 5.4589339e-02 5.2434497e-02 5.7753939e-02]



Learning Rate: 0.005Learning Rate: 0.005Learning Rate: 0.005
Learning Rate: 0.005


Train Loss: 0.3718, Val Loss: 0.2828
Train Loss: 0.3718, Val Loss: 0.2828Train Loss: 0.3718, Val Loss: 0.2828Train Loss: 0.3718, Val Loss: 0.2828


Per-Class Precision: [1.         0.5952381  0.67567568 0.70531401 0.43367347 0.49079755
 0.47619048 0.25225225 0.27666667 0.19272727 0.2243346  0.17713004
 0.38953488 0.45400593 0.47540984 0.61349693 0.50152905 0.6147541
 0.6460177 ]
Per-Class Recall: [0.99257694 1.         1.         0.97333333 0.85       0.8
 0.6        0.74666667 0.83       0.70666667 0.944      0.52666667
 0.536      0.87428571 0.77333333 1.         0.93714286 1.
 0.97333333]
Per-Class F1-Score: [0.99627465 0.74626866 0.80645161 0.81792717 0.57432432 0.60836502
 0.53097345 0.37710438 0.415      0.30285714 0.3625192  0.26510067
 0.45117845 0.59765625 0.58883249 0.76045627 0.65338645 0.76142132
 0.77659574]
Support per Class: [293949    100    150    150    100    100    100     75    100     75
    125    150    125    175     75    100    175     75     75]
Weighted Precision: 0.9963, Weighted Recall: 0.9915, Weighted F1-Score: 0.9934
Precision: 0.9963, Recall: 0.9915, F1-Score: 0.9934
Fold 1, Epoch 960, Train Loss: 0.3718, Val Loss: 0.2828, Val Acc: 0.9910
Precision: 0.9964, Recall: 0.9913, F1-Score: 0.9934
Fold 1, Epoch 961, Train Loss: 0.3767, Val Loss: 0.2729, Val Acc: 0.9907
Precision: 0.9962, Recall: 0.9913, F1-Score: 0.9933
Fold 1, Epoch 962, Train Loss: 0.3565, Val Loss: 0.2493, Val Acc: 0.9909
Precision: 0.9964, Recall: 0.9915, F1-Score: 0.9935
Fold 1, Epoch 963, Train Loss: 0.3765, Val Loss: 0.2619, Val Acc: 0.9910
Precision: 0.9964, Recall: 0.9914, F1-Score: 0.9934
Fold 1, Epoch 964, Train Loss: 0.3929, Val Loss: 0.2744, Val Acc: 0.9909
Precision: 0.9963, Recall: 0.9913, F1-Score: 0.9933
Fold 1, Epoch 965, Train Loss: 0.3759, Val Loss: 0.2780, Val Acc: 0.9908
Precision: 0.9964, Recall: 0.9915, F1-Score: 0.9934
Fold 1, Epoch 966, Train Loss: 0.3680, Val Loss: 0.2614, Val Acc: 0.9910
Precision: 0.9963, Recall: 0.9914, F1-Score: 0.9933
Fold 1, Epoch 967, Train Loss: 0.3581, Val Loss: 0.2596, Val Acc: 0.9909
Precision: 0.9963, Recall: 0.9914, F1-Score: 0.9933
Fold 1, Epoch 968, Train Loss: 0.3644, Val Loss: 0.2516, Val Acc: 0.9909
Precision: 0.9963, Recall: 0.9818, F1-Score: 0.9884
Fold 1, Epoch 969, Train Loss: 0.3637, Val Loss: 0.2517, Val Acc: 0.9844

--- Epoch 970 ---
--- Epoch 970 ---
--- Epoch 970 ---



--- Epoch 970 ---
Class Weights: [2.1182575e-05 5.6127068e-02 5.6127068e-02 5.9477936e-02 5.6928884e-02
 5.3851645e-02 5.3851645e-02 4.9812771e-02 5.9477936e-02 5.6127068e-02
 6.1308030e-02 5.1753532e-02 5.3851645e-02 6.0379118e-02 5.6928884e-02
 4.9197800e-02 5.4589339e-02 5.2434497e-02 5.7753939e-02]Class Weights: [2.1182575e-05 5.6127068e-02 5.6127068e-02 5.9477936e-02 5.6928884e-02
 5.3851645e-02 5.3851645e-02 4.9812771e-02 5.9477936e-02 5.6127068e-02
 6.1308030e-02 5.1753532e-02 5.3851645e-02 6.0379118e-02 5.6928884e-02
 4.9197800e-02 5.4589339e-02 5.2434497e-02 5.7753939e-02]Class Weights: [2.1182575e-05 5.6127068e-02 5.6127068e-02 5.9477936e-02 5.6928884e-02
 5.3851645e-02 5.3851645e-02 4.9812771e-02 5.9477936e-02 5.6127068e-02
 6.1308030e-02 5.1753532e-02 5.3851645e-02 6.0379118e-02 5.6928884e-02
 4.9197800e-02 5.4589339e-02 5.2434497e-02 5.7753939e-02]

Class Weights: [2.1182575e-05 5.6127068e-02 5.6127068e-02 5.9477936e-02 5.6928884e-02
 5.3851645e-02 5.3851645e-02 4.9812771e-02 5.9477936e-02 5.6127068e-02
 6.1308030e-02 5.1753532e-02 5.3851645e-02 6.0379118e-02 5.6928884e-02
 4.9197800e-02 5.4589339e-02 5.2434497e-02 5.7753939e-02]
Learning Rate: 0.005Learning Rate: 0.005

Learning Rate: 0.005

Learning Rate: 0.005
Train Loss: 0.3358, Val Loss: 0.2745
Train Loss: 0.3358, Val Loss: 0.2745
Train Loss: 0.3358, Val Loss: 0.2745Train Loss: 0.3358, Val Loss: 0.2745

Per-Class Precision: [1.         0.65131579 0.74257426 0.54347826 0.44382022 0.44102564
 0.44230769 0.21782178 0.43421053 0.23734177 0.29781421 0.20091324
 0.26843658 0.6576087  0.32038835 0.55747126 0.56206897 0.53956835
 0.63793103]
Per-Class Recall: [0.99248509 0.99       1.         1.         0.79       0.86
 0.92       0.88       0.66       1.         0.872      0.58666667
 0.728      0.69142857 0.88       0.97       0.93142857 1.
 0.98666667]
Per-Class F1-Score: [0.99622837 0.78571429 0.85227273 0.70422535 0.56834532 0.58305085
 0.5974026  0.34920635 0.52380952 0.38363171 0.44399185 0.29931973
 0.39224138 0.67409471 0.46975089 0.7080292  0.70107527 0.70093458
 0.77486911]
Support per Class: [293949    100    150    150    100    100    100     75    100     75
    125    150    125    175     75    100    175     75     75]
Weighted Precision: 0.9964, Weighted Recall: 0.9916, Weighted F1-Score: 0.9935
Precision: 0.9964, Recall: 0.9916, F1-Score: 0.9935
Fold 1, Epoch 970, Train Loss: 0.3358, Val Loss: 0.2745, Val Acc: 0.9910
Precision: 0.9963, Recall: 0.9910, F1-Score: 0.9931
Fold 1, Epoch 971, Train Loss: 0.3420, Val Loss: 0.2476, Val Acc: 0.9904
Precision: 0.9963, Recall: 0.9917, F1-Score: 0.9935
Fold 1, Epoch 972, Train Loss: 0.3360, Val Loss: 0.2570, Val Acc: 0.9911
Precision: 0.9963, Recall: 0.9913, F1-Score: 0.9933
Fold 1, Epoch 973, Train Loss: 0.3607, Val Loss: 0.2717, Val Acc: 0.9907
Precision: 0.9964, Recall: 0.9914, F1-Score: 0.9934
Fold 1, Epoch 974, Train Loss: 0.3753, Val Loss: 0.2662, Val Acc: 0.9909
Precision: 0.9960, Recall: 0.9724, F1-Score: 0.9834
Fold 1, Epoch 975, Train Loss: 0.3648, Val Loss: 0.2704, Val Acc: 0.9777
Precision: 0.9963, Recall: 0.9912, F1-Score: 0.9933
Fold 1, Epoch 976, Train Loss: 0.3799, Val Loss: 0.2479, Val Acc: 0.9909
Precision: 0.9964, Recall: 0.9915, F1-Score: 0.9935
Fold 1, Epoch 977, Train Loss: 0.3593, Val Loss: 0.2744, Val Acc: 0.9909
Precision: 0.9961, Recall: 0.9907, F1-Score: 0.9929
Fold 1, Epoch 978, Train Loss: 0.3694, Val Loss: 0.2977, Val Acc: 0.9902
Precision: 0.9963, Recall: 0.9912, F1-Score: 0.9933
Fold 1, Epoch 979, Train Loss: 0.3668, Val Loss: 0.2884, Val Acc: 0.9909

--- Epoch 980 ---
--- Epoch 980 ---
--- Epoch 980 ---



--- Epoch 980 ---
Class Weights: [2.1182575e-05 5.6127068e-02 5.6127068e-02 5.9477936e-02 5.6928884e-02
 5.3851645e-02 5.3851645e-02 4.9812771e-02 5.9477936e-02 5.6127068e-02
 6.1308030e-02 5.1753532e-02 5.3851645e-02 6.0379118e-02 5.6928884e-02
 4.9197800e-02 5.4589339e-02 5.2434497e-02 5.7753939e-02]Class Weights: [2.1182575e-05 5.6127068e-02 5.6127068e-02 5.9477936e-02 5.6928884e-02
 5.3851645e-02 5.3851645e-02 4.9812771e-02 5.9477936e-02 5.6127068e-02
 6.1308030e-02 5.1753532e-02 5.3851645e-02 6.0379118e-02 5.6928884e-02
 4.9197800e-02 5.4589339e-02 5.2434497e-02 5.7753939e-02]Class Weights: [2.1182575e-05 5.6127068e-02 5.6127068e-02 5.9477936e-02 5.6928884e-02
 5.3851645e-02 5.3851645e-02 4.9812771e-02 5.9477936e-02 5.6127068e-02
 6.1308030e-02 5.1753532e-02 5.3851645e-02 6.0379118e-02 5.6928884e-02
 4.9197800e-02 5.4589339e-02 5.2434497e-02 5.7753939e-02]


Learning Rate: 0.005Learning Rate: 0.005Learning Rate: 0.005


Train Loss: 0.3977, Val Loss: 0.2736Train Loss: 0.3977, Val Loss: 0.2736Train Loss: 0.3977, Val Loss: 0.2736


Class Weights: [2.1182575e-05 5.6127068e-02 5.6127068e-02 5.9477936e-02 5.6928884e-02
 5.3851645e-02 5.3851645e-02 4.9812771e-02 5.9477936e-02 5.6127068e-02
 6.1308030e-02 5.1753532e-02 5.3851645e-02 6.0379118e-02 5.6928884e-02
 4.9197800e-02 5.4589339e-02 5.2434497e-02 5.7753939e-02]
Learning Rate: 0.005
Train Loss: 0.3977, Val Loss: 0.2736
Per-Class Precision: [1.         0.71532847 0.78125    0.6122449  0.46892655 0.45263158
 0.43046358 0.21212121 0.2265861  0.17201835 0.24032587 0.17013233
 0.26431718 0.50179211 0.55752212 0.55621302 0.54385965 0.74
 0.54347826]
Per-Class Recall: [0.99218572 0.98       1.         1.         0.83       0.86
 0.65       0.37333333 0.75       1.         0.944      0.6
 0.48       0.8        0.84       0.94       0.88571429 0.98666667
 1.        ]
Per-Class F1-Score: [0.99607753 0.82700422 0.87719298 0.75949367 0.59927798 0.59310345
 0.51792829 0.2705314  0.34802784 0.29354207 0.38311688 0.26509573
 0.34090909 0.61674009 0.67021277 0.69888476 0.67391304 0.84571429
 0.70422535]
Support per Class: [293949    100    150    150    100    100    100     75    100     75
    125    150    125    175     75    100    175     75     75]
Weighted Precision: 0.9963, Weighted Recall: 0.9911, Weighted F1-Score: 0.9932
Precision: 0.9963, Recall: 0.9911, F1-Score: 0.9932
Fold 1, Epoch 980, Train Loss: 0.3977, Val Loss: 0.2736, Val Acc: 0.9905
Precision: 0.9962, Recall: 0.9914, F1-Score: 0.9933
Fold 1, Epoch 981, Train Loss: 0.3639, Val Loss: 0.2615, Val Acc: 0.9909
Precision: 0.9964, Recall: 0.9913, F1-Score: 0.9933
Fold 1, Epoch 982, Train Loss: 0.3633, Val Loss: 0.2586, Val Acc: 0.9906
Precision: 0.9965, Recall: 0.9915, F1-Score: 0.9935
Fold 1, Epoch 983, Train Loss: 0.3795, Val Loss: 0.2681, Val Acc: 0.9909
Precision: 0.9963, Recall: 0.9708, F1-Score: 0.9829
Fold 1, Epoch 984, Train Loss: 0.3511, Val Loss: 0.2657, Val Acc: 0.9735
Precision: 0.9964, Recall: 0.9917, F1-Score: 0.9936
Fold 1, Epoch 985, Train Loss: 0.3427, Val Loss: 0.2462, Val Acc: 0.9913
Precision: 0.9961, Recall: 0.9912, F1-Score: 0.9932
Fold 1, Epoch 986, Train Loss: 0.3479, Val Loss: 0.2664, Val Acc: 0.9907
Precision: 0.9965, Recall: 0.9917, F1-Score: 0.9936
Fold 1, Epoch 987, Train Loss: 0.3789, Val Loss: 0.2628, Val Acc: 0.9912
Precision: 0.9964, Recall: 0.9914, F1-Score: 0.9934
Fold 1, Epoch 988, Train Loss: 0.3804, Val Loss: 0.2631, Val Acc: 0.9908
Precision: 0.9962, Recall: 0.9914, F1-Score: 0.9933
Fold 1, Epoch 989, Train Loss: 0.3520, Val Loss: 0.2622, Val Acc: 0.9909

--- Epoch 990 ---
--- Epoch 990 ---
--- Epoch 990 ---



--- Epoch 990 ---
Class Weights: [2.1182575e-05 5.6127068e-02 5.6127068e-02 5.9477936e-02 5.6928884e-02
 5.3851645e-02 5.3851645e-02 4.9812771e-02 5.9477936e-02 5.6127068e-02
 6.1308030e-02 5.1753532e-02 5.3851645e-02 6.0379118e-02 5.6928884e-02
 4.9197800e-02 5.4589339e-02 5.2434497e-02 5.7753939e-02]Class Weights: [2.1182575e-05 5.6127068e-02 5.6127068e-02 5.9477936e-02 5.6928884e-02
 5.3851645e-02 5.3851645e-02 4.9812771e-02 5.9477936e-02 5.6127068e-02
 6.1308030e-02 5.1753532e-02 5.3851645e-02 6.0379118e-02 5.6928884e-02
 4.9197800e-02 5.4589339e-02 5.2434497e-02 5.7753939e-02]Class Weights: [2.1182575e-05 5.6127068e-02 5.6127068e-02 5.9477936e-02 5.6928884e-02
 5.3851645e-02 5.3851645e-02 4.9812771e-02 5.9477936e-02 5.6127068e-02
 6.1308030e-02 5.1753532e-02 5.3851645e-02 6.0379118e-02 5.6928884e-02
 4.9197800e-02 5.4589339e-02 5.2434497e-02 5.7753939e-02]Class Weights: [2.1182575e-05 5.6127068e-02 5.6127068e-02 5.9477936e-02 5.6928884e-02
 5.3851645e-02 5.3851645e-02 4.9812771e-02 5.9477936e-02 5.6127068e-02
 6.1308030e-02 5.1753532e-02 5.3851645e-02 6.0379118e-02 5.6928884e-02
 4.9197800e-02 5.4589339e-02 5.2434497e-02 5.7753939e-02]



Learning Rate: 0.005Learning Rate: 0.005
Learning Rate: 0.005Learning Rate: 0.005


Train Loss: 0.3670, Val Loss: 0.2480
Train Loss: 0.3670, Val Loss: 0.2480Train Loss: 0.3670, Val Loss: 0.2480
Train Loss: 0.3670, Val Loss: 0.2480

Per-Class Precision: [1.         0.46046512 0.74242424 0.63316583 0.32881356 0.51875
 0.37198068 0.33098592 0.28807947 0.22058824 0.24894515 0.2231405
 0.25236593 0.3902439  0.4        0.53191489 0.53284672 0.73737374
 0.58139535]
Per-Class Recall: [0.99219593 0.99       0.98       0.84       0.97       0.83
 0.77       0.62666667 0.87       1.         0.944      0.36
 0.64       0.91428571 0.93333333 0.75       0.83428571 0.97333333
 1.        ]
Per-Class F1-Score: [0.99608268 0.62857143 0.84482759 0.72206304 0.49113924 0.63846154
 0.50162866 0.43317972 0.43283582 0.36144578 0.39398998 0.2755102
 0.36199095 0.54700855 0.56       0.62240664 0.65033408 0.83908046
 0.73529412]
Support per Class: [293949    100    150    150    100    100    100     75    100     75
    125    150    125    175     75    100    175     75     75]
Weighted Precision: 0.9961, Weighted Recall: 0.9911, Weighted F1-Score: 0.9931
Precision: 0.9961, Recall: 0.9911, F1-Score: 0.9931
Fold 1, Epoch 990, Train Loss: 0.3670, Val Loss: 0.2480, Val Acc: 0.9907
Precision: 0.9963, Recall: 0.9906, F1-Score: 0.9930
Fold 1, Epoch 991, Train Loss: 0.3807, Val Loss: 0.2986, Val Acc: 0.9901
Precision: 0.9962, Recall: 0.9910, F1-Score: 0.9931
Fold 1, Epoch 992, Train Loss: 0.3866, Val Loss: 0.3041, Val Acc: 0.9906
Precision: 0.9964, Recall: 0.9900, F1-Score: 0.9927
Fold 1, Epoch 993, Train Loss: 0.3824, Val Loss: 0.2780, Val Acc: 0.9893
Precision: 0.9964, Recall: 0.9914, F1-Score: 0.9934
Fold 1, Epoch 994, Train Loss: 0.3650, Val Loss: 0.2689, Val Acc: 0.9909
Precision: 0.9962, Recall: 0.9914, F1-Score: 0.9933
Fold 1, Epoch 995, Train Loss: 0.3674, Val Loss: 0.2472, Val Acc: 0.9909
Precision: 0.9964, Recall: 0.9916, F1-Score: 0.9935
Fold 1, Epoch 996, Train Loss: 0.3538, Val Loss: 0.2592, Val Acc: 0.9912
Precision: 0.9963, Recall: 0.9910, F1-Score: 0.9931
Fold 1, Epoch 997, Train Loss: 0.3695, Val Loss: 0.2866, Val Acc: 0.9905
Precision: 0.9962, Recall: 0.9895, F1-Score: 0.9922
Fold 1, Epoch 998, Train Loss: 0.3801, Val Loss: 0.2653, Val Acc: 0.9892
Precision: 0.9963, Recall: 0.9909, F1-Score: 0.9931
Fold 1, Epoch 999, Train Loss: 0.3630, Val Loss: 0.2577, Val Acc: 0.9903

--- Epoch 1000 ---
--- Epoch 1000 ---

--- Epoch 1000 ---


--- Epoch 1000 ---
Class Weights: [2.1182575e-05 5.6127068e-02 5.6127068e-02 5.9477936e-02 5.6928884e-02
 5.3851645e-02 5.3851645e-02 4.9812771e-02 5.9477936e-02 5.6127068e-02
 6.1308030e-02 5.1753532e-02 5.3851645e-02 6.0379118e-02 5.6928884e-02
 4.9197800e-02 5.4589339e-02 5.2434497e-02 5.7753939e-02]Class Weights: [2.1182575e-05 5.6127068e-02 5.6127068e-02 5.9477936e-02 5.6928884e-02
 5.3851645e-02 5.3851645e-02 4.9812771e-02 5.9477936e-02 5.6127068e-02
 6.1308030e-02 5.1753532e-02 5.3851645e-02 6.0379118e-02 5.6928884e-02
 4.9197800e-02 5.4589339e-02 5.2434497e-02 5.7753939e-02]
Class Weights: [2.1182575e-05 5.6127068e-02 5.6127068e-02 5.9477936e-02 5.6928884e-02
 5.3851645e-02 5.3851645e-02 4.9812771e-02 5.9477936e-02 5.6127068e-02
 6.1308030e-02 5.1753532e-02 5.3851645e-02 6.0379118e-02 5.6928884e-02
 4.9197800e-02 5.4589339e-02 5.2434497e-02 5.7753939e-02]Class Weights: [2.1182575e-05 5.6127068e-02 5.6127068e-02 5.9477936e-02 5.6928884e-02
 5.3851645e-02 5.3851645e-02 4.9812771e-02 5.9477936e-02 5.6127068e-02
 6.1308030e-02 5.1753532e-02 5.3851645e-02 6.0379118e-02 5.6928884e-02
 4.9197800e-02 5.4589339e-02 5.2434497e-02 5.7753939e-02]
Learning Rate: 0.005


Learning Rate: 0.005Learning Rate: 0.005Learning Rate: 0.005


Train Loss: 0.3427, Val Loss: 0.2538
Train Loss: 0.3427, Val Loss: 0.2538
Train Loss: 0.3427, Val Loss: 0.2538Train Loss: 0.3427, Val Loss: 0.2538

Per-Class Precision: [1.         0.625      0.82872928 0.53846154 0.42790698 0.51744186
 0.50314465 0.26767677 0.30689655 0.21802326 0.25235849 0.19101124
 0.33027523 0.48805461 0.37572254 0.59477124 0.50306748 0.68807339
 0.57251908]
Per-Class Recall: [0.99245107 1.         1.         0.98       0.92       0.89
 0.8        0.70666667 0.89       1.         0.856      0.68
 0.288      0.81714286 0.86666667 0.91       0.93714286 1.
 1.        ]
Per-Class F1-Score: [0.99621124 0.76923077 0.90634441 0.69503546 0.58412698 0.65441176
 0.61776062 0.38827839 0.45641026 0.35799523 0.38979964 0.29824561
 0.30769231 0.61111111 0.52419355 0.71936759 0.65469062 0.81521739
 0.72815534]
Support per Class: [293949    100    150    150    100    100    100     75    100     75
    125    150    125    175     75    100    175     75     75]
Weighted Precision: 0.9963, Weighted Recall: 0.9915, Weighted F1-Score: 0.9934
Precision: 0.9963, Recall: 0.9915, F1-Score: 0.9934
Fold 1, Epoch 1000, Train Loss: 0.3427, Val Loss: 0.2538, Val Acc: 0.9910
Precision: 0.9962, Recall: 0.9912, F1-Score: 0.9932
Fold 1, Epoch 1001, Train Loss: 0.3466, Val Loss: 0.2444, Val Acc: 0.9907
Precision: 0.9964, Recall: 0.9914, F1-Score: 0.9934
Fold 1, Epoch 1002, Train Loss: 0.3466, Val Loss: 0.2727, Val Acc: 0.9909
Precision: 0.9962, Recall: 0.9879, F1-Score: 0.9915
Fold 1, Epoch 1003, Train Loss: 0.3569, Val Loss: 0.2693, Val Acc: 0.9877
Precision: 0.9964, Recall: 0.9913, F1-Score: 0.9934
Fold 1, Epoch 1004, Train Loss: 0.3590, Val Loss: 0.2843, Val Acc: 0.9909
Precision: 0.9963, Recall: 0.9915, F1-Score: 0.9934
Fold 1, Epoch 1005, Train Loss: 0.3688, Val Loss: 0.2399, Val Acc: 0.9911
Precision: 0.9964, Recall: 0.9916, F1-Score: 0.9935
Fold 1, Epoch 1006, Train Loss: 0.3606, Val Loss: 0.2411, Val Acc: 0.9910
Precision: 0.9963, Recall: 0.9913, F1-Score: 0.9933
Fold 1, Epoch 1007, Train Loss: 0.3396, Val Loss: 0.2395, Val Acc: 0.9907
Precision: 0.9963, Recall: 0.9914, F1-Score: 0.9934
Fold 1, Epoch 1008, Train Loss: 0.3384, Val Loss: 0.2586, Val Acc: 0.9908
Precision: 0.9965, Recall: 0.9916, F1-Score: 0.9935
Fold 1, Epoch 1009, Train Loss: 0.3673, Val Loss: 0.2488, Val Acc: 0.9911

--- Epoch 1010 ---
--- Epoch 1010 ---
--- Epoch 1010 ---



--- Epoch 1010 ---
Class Weights: [2.1182575e-05 5.6127068e-02 5.6127068e-02 5.9477936e-02 5.6928884e-02
 5.3851645e-02 5.3851645e-02 4.9812771e-02 5.9477936e-02 5.6127068e-02
 6.1308030e-02 5.1753532e-02 5.3851645e-02 6.0379118e-02 5.6928884e-02
 4.9197800e-02 5.4589339e-02 5.2434497e-02 5.7753939e-02]Class Weights: [2.1182575e-05 5.6127068e-02 5.6127068e-02 5.9477936e-02 5.6928884e-02
 5.3851645e-02 5.3851645e-02 4.9812771e-02 5.9477936e-02 5.6127068e-02
 6.1308030e-02 5.1753532e-02 5.3851645e-02 6.0379118e-02 5.6928884e-02
 4.9197800e-02 5.4589339e-02 5.2434497e-02 5.7753939e-02]Class Weights: [2.1182575e-05 5.6127068e-02 5.6127068e-02 5.9477936e-02 5.6928884e-02
 5.3851645e-02 5.3851645e-02 4.9812771e-02 5.9477936e-02 5.6127068e-02
 6.1308030e-02 5.1753532e-02 5.3851645e-02 6.0379118e-02 5.6928884e-02
 4.9197800e-02 5.4589339e-02 5.2434497e-02 5.7753939e-02]Class Weights: [2.1182575e-05 5.6127068e-02 5.6127068e-02 5.9477936e-02 5.6928884e-02
 5.3851645e-02 5.3851645e-02 4.9812771e-02 5.9477936e-02 5.6127068e-02
 6.1308030e-02 5.1753532e-02 5.3851645e-02 6.0379118e-02 5.6928884e-02
 4.9197800e-02 5.4589339e-02 5.2434497e-02 5.7753939e-02]



Learning Rate: 0.005Learning Rate: 0.005
Learning Rate: 0.005Learning Rate: 0.005


Train Loss: 0.3592, Val Loss: 0.2548
Train Loss: 0.3592, Val Loss: 0.2548Train Loss: 0.3592, Val Loss: 0.2548Train Loss: 0.3592, Val Loss: 0.2548


Per-Class Precision: [1.         0.61349693 0.88690476 0.59745763 0.37596899 0.53205128
 0.42380952 0.28289474 0.26605505 0.23343849 0.27093596 0.21680217
 0.21846154 0.45977011 0.18897638 0.46280992 0.5125448  0.74747475
 0.67567568]
Per-Class Recall: [0.99183192 1.         0.99333333 0.94       0.97       0.83
 0.89       0.57333333 0.87       0.98666667 0.88       0.53333333
 0.568      0.91428571 0.96       0.56       0.81714286 0.98666667
 1.        ]
Per-Class F1-Score: [0.99589921 0.76045627 0.93710692 0.73056995 0.54189944 0.6484375
 0.57419355 0.37885463 0.40749415 0.37755102 0.41431262 0.30828516
 0.31555556 0.61185468 0.31578947 0.50678733 0.62995595 0.85057471
 0.80645161]
Support per Class: [293949    100    150    150    100    100    100     75    100     75
    125    150    125    175     75    100    175     75     75]
Weighted Precision: 0.9962, Weighted Recall: 0.9908, Weighted F1-Score: 0.9930
Precision: 0.9962, Recall: 0.9908, F1-Score: 0.9930
Fold 1, Epoch 1010, Train Loss: 0.3592, Val Loss: 0.2548, Val Acc: 0.9896
Precision: 0.9963, Recall: 0.9913, F1-Score: 0.9933
Fold 1, Epoch 1011, Train Loss: 0.3713, Val Loss: 0.2899, Val Acc: 0.9909
Precision: 0.9962, Recall: 0.9910, F1-Score: 0.9931
Fold 1, Epoch 1012, Train Loss: 0.3925, Val Loss: 0.2949, Val Acc: 0.9905
Precision: 0.9964, Recall: 0.9915, F1-Score: 0.9935
Fold 1, Epoch 1013, Train Loss: 0.3907, Val Loss: 0.2829, Val Acc: 0.9910
Precision: 0.9963, Recall: 0.9912, F1-Score: 0.9932
Fold 1, Epoch 1014, Train Loss: 0.3672, Val Loss: 0.2712, Val Acc: 0.9905
Precision: 0.9963, Recall: 0.9915, F1-Score: 0.9934
Fold 1, Epoch 1015, Train Loss: 0.3696, Val Loss: 0.2832, Val Acc: 0.9910
Precision: 0.9963, Recall: 0.9915, F1-Score: 0.9934
Fold 1, Epoch 1016, Train Loss: 0.5488, Val Loss: 0.2908, Val Acc: 0.9909
Precision: 0.9958, Recall: 0.9898, F1-Score: 0.9920
Fold 1, Epoch 1017, Train Loss: 0.7941, Val Loss: 0.7083, Val Acc: 0.9891
Precision: 0.9952, Recall: 0.9895, F1-Score: 0.9919
Fold 1, Epoch 1018, Train Loss: 0.8699, Val Loss: 0.7167, Val Acc: 0.9888
Precision: 0.9960, Recall: 0.9903, F1-Score: 0.9927
Fold 1, Epoch 1019, Train Loss: 0.7086, Val Loss: 0.4773, Val Acc: 0.9895

--- Epoch 1020 ---
--- Epoch 1020 ---
--- Epoch 1020 ---



--- Epoch 1020 ---
Class Weights: [2.1182575e-05 5.6127068e-02 5.6127068e-02 5.9477936e-02 5.6928884e-02
 5.3851645e-02 5.3851645e-02 4.9812771e-02 5.9477936e-02 5.6127068e-02
 6.1308030e-02 5.1753532e-02 5.3851645e-02 6.0379118e-02 5.6928884e-02
 4.9197800e-02 5.4589339e-02 5.2434497e-02 5.7753939e-02]Class Weights: [2.1182575e-05 5.6127068e-02 5.6127068e-02 5.9477936e-02 5.6928884e-02
 5.3851645e-02 5.3851645e-02 4.9812771e-02 5.9477936e-02 5.6127068e-02
 6.1308030e-02 5.1753532e-02 5.3851645e-02 6.0379118e-02 5.6928884e-02
 4.9197800e-02 5.4589339e-02 5.2434497e-02 5.7753939e-02]Class Weights: [2.1182575e-05 5.6127068e-02 5.6127068e-02 5.9477936e-02 5.6928884e-02
 5.3851645e-02 5.3851645e-02 4.9812771e-02 5.9477936e-02 5.6127068e-02
 6.1308030e-02 5.1753532e-02 5.3851645e-02 6.0379118e-02 5.6928884e-02
 4.9197800e-02 5.4589339e-02 5.2434497e-02 5.7753939e-02]


Class Weights: [2.1182575e-05 5.6127068e-02 5.6127068e-02 5.9477936e-02 5.6928884e-02
 5.3851645e-02 5.3851645e-02 4.9812771e-02 5.9477936e-02 5.6127068e-02
 6.1308030e-02 5.1753532e-02 5.3851645e-02 6.0379118e-02 5.6928884e-02
 4.9197800e-02 5.4589339e-02 5.2434497e-02 5.7753939e-02]Learning Rate: 0.005Learning Rate: 0.005
Learning Rate: 0.005


Learning Rate: 0.005
Train Loss: 0.5228, Val Loss: 0.3749Train Loss: 0.5228, Val Loss: 0.3749Train Loss: 0.5228, Val Loss: 0.3749

Train Loss: 0.5228, Val Loss: 0.3749

Per-Class Precision: [1.         0.55113636 0.78609626 0.71597633 0.31189711 0.46938776
 0.40298507 0.625      0.21134021 0.18770227 0.24299065 0.21938776
 0.18493151 0.55450237 0.18452381 0.4        0.3872679  0.52816901
 0.6173913 ]
Per-Class Recall: [0.99216531 0.97       0.98       0.80666667 0.97       0.92
 0.81       0.2        0.82       0.77333333 0.832      0.57333333
 0.216      0.66857143 0.82666667 0.88       0.83428571 1.
 0.94666667]
Per-Class F1-Score: [0.99606725 0.70289855 0.87240356 0.75862069 0.47201946 0.62162162
 0.53820598 0.3030303  0.33606557 0.30208333 0.3761302  0.31734317
 0.19926199 0.60621762 0.30170316 0.55       0.52898551 0.69124424
 0.74736842]
Support per Class: [293949    100    150    150    100    100    100     75    100     75
    125    150    125    175     75    100    175     75     75]
Weighted Precision: 0.9961, Weighted Recall: 0.9907, Weighted F1-Score: 0.9928
Precision: 0.9961, Recall: 0.9907, F1-Score: 0.9928
Fold 1, Epoch 1020, Train Loss: 0.5228, Val Loss: 0.3749, Val Acc: 0.9901
Precision: 0.9961, Recall: 0.9819, F1-Score: 0.9883
Fold 1, Epoch 1021, Train Loss: 0.4669, Val Loss: 0.3256, Val Acc: 0.9826
Precision: 0.9963, Recall: 0.9912, F1-Score: 0.9933
Fold 1, Epoch 1022, Train Loss: 0.4211, Val Loss: 0.2864, Val Acc: 0.9907
Precision: 0.9963, Recall: 0.9917, F1-Score: 0.9936
Fold 1, Epoch 1023, Train Loss: 0.3796, Val Loss: 0.2866, Val Acc: 0.9911
Precision: 0.9962, Recall: 0.9900, F1-Score: 0.9926
Fold 1, Epoch 1024, Train Loss: 0.4168, Val Loss: 0.2818, Val Acc: 0.9893
Precision: 0.9959, Recall: 0.9905, F1-Score: 0.9927
Fold 1, Epoch 1025, Train Loss: 0.4065, Val Loss: 0.3643, Val Acc: 0.9897
Precision: 0.9960, Recall: 0.9822, F1-Score: 0.9884
Fold 1, Epoch 1026, Train Loss: 0.4232, Val Loss: 0.2939, Val Acc: 0.9848
Precision: 0.9963, Recall: 0.9914, F1-Score: 0.9933
Fold 1, Epoch 1027, Train Loss: 0.3677, Val Loss: 0.2496, Val Acc: 0.9909
Precision: 0.9962, Recall: 0.9912, F1-Score: 0.9932
Fold 1, Epoch 1028, Train Loss: 0.3637, Val Loss: 0.2831, Val Acc: 0.9906
Precision: 0.9962, Recall: 0.9911, F1-Score: 0.9932
Fold 1, Epoch 1029, Train Loss: 0.3756, Val Loss: 0.2679, Val Acc: 0.9907

--- Epoch 1030 ---
--- Epoch 1030 ---
--- Epoch 1030 ---



--- Epoch 1030 ---
Class Weights: [2.1182575e-05 5.6127068e-02 5.6127068e-02 5.9477936e-02 5.6928884e-02
 5.3851645e-02 5.3851645e-02 4.9812771e-02 5.9477936e-02 5.6127068e-02
 6.1308030e-02 5.1753532e-02 5.3851645e-02 6.0379118e-02 5.6928884e-02
 4.9197800e-02 5.4589339e-02 5.2434497e-02 5.7753939e-02]Class Weights: [2.1182575e-05 5.6127068e-02 5.6127068e-02 5.9477936e-02 5.6928884e-02
 5.3851645e-02 5.3851645e-02 4.9812771e-02 5.9477936e-02 5.6127068e-02
 6.1308030e-02 5.1753532e-02 5.3851645e-02 6.0379118e-02 5.6928884e-02
 4.9197800e-02 5.4589339e-02 5.2434497e-02 5.7753939e-02]Class Weights: [2.1182575e-05 5.6127068e-02 5.6127068e-02 5.9477936e-02 5.6928884e-02
 5.3851645e-02 5.3851645e-02 4.9812771e-02 5.9477936e-02 5.6127068e-02
 6.1308030e-02 5.1753532e-02 5.3851645e-02 6.0379118e-02 5.6928884e-02
 4.9197800e-02 5.4589339e-02 5.2434497e-02 5.7753939e-02]


Class Weights: [2.1182575e-05 5.6127068e-02 5.6127068e-02 5.9477936e-02 5.6928884e-02
 5.3851645e-02 5.3851645e-02 4.9812771e-02 5.9477936e-02 5.6127068e-02
 6.1308030e-02 5.1753532e-02 5.3851645e-02 6.0379118e-02 5.6928884e-02
 4.9197800e-02 5.4589339e-02 5.2434497e-02 5.7753939e-02]Learning Rate: 0.005Learning Rate: 0.005Learning Rate: 0.005



Learning Rate: 0.005
Train Loss: 0.3935, Val Loss: 0.2527Train Loss: 0.3935, Val Loss: 0.2527Train Loss: 0.3935, Val Loss: 0.2527
Train Loss: 0.3935, Val Loss: 0.2527


Per-Class Precision: [1.         0.69230769 0.82417582 0.60669456 0.4025974  0.50617284
 0.43979058 0.22540984 0.26959248 0.24422442 0.2535545  0.21925134
 0.25484765 0.46381579 0.38461538 0.6875     0.53721683 0.79787234
 0.6097561 ]
Per-Class Recall: [0.99237623 0.99       1.         0.96666667 0.93       0.82
 0.84       0.73333333 0.86       0.98666667 0.856      0.54666667
 0.736      0.80571429 0.86666667 0.66       0.94857143 1.
 1.        ]
Per-Class F1-Score: [0.99617353 0.81481481 0.90361446 0.74550129 0.56193353 0.6259542
 0.57731959 0.34482759 0.41050119 0.39153439 0.39122486 0.3129771
 0.37860082 0.58872651 0.53278689 0.67346939 0.68595041 0.88757396
 0.75757576]
Support per Class: [293949    100    150    150    100    100    100     75    100     75
    125    150    125    175     75    100    175     75     75]
Weighted Precision: 0.9964, Weighted Recall: 0.9915, Weighted F1-Score: 0.9934
Precision: 0.9964, Recall: 0.9915, F1-Score: 0.9934
Fold 1, Epoch 1030, Train Loss: 0.3935, Val Loss: 0.2527, Val Acc: 0.9910
Precision: 0.9964, Recall: 0.9912, F1-Score: 0.9934
Fold 1, Epoch 1031, Train Loss: 0.3755, Val Loss: 0.2899, Val Acc: 0.9905
Precision: 0.9963, Recall: 0.9911, F1-Score: 0.9932
Fold 1, Epoch 1032, Train Loss: 0.3982, Val Loss: 0.3019, Val Acc: 0.9907
Precision: 0.9961, Recall: 0.9779, F1-Score: 0.9863
Fold 1, Epoch 1033, Train Loss: 0.3788, Val Loss: 0.2629, Val Acc: 0.9811
Precision: 0.9963, Recall: 0.9917, F1-Score: 0.9935
Fold 1, Epoch 1034, Train Loss: 0.3542, Val Loss: 0.2570, Val Acc: 0.9910
Precision: 0.9964, Recall: 0.9912, F1-Score: 0.9933
Fold 1, Epoch 1035, Train Loss: 0.3571, Val Loss: 0.2614, Val Acc: 0.9906
Precision: 0.9962, Recall: 0.9707, F1-Score: 0.9826
Fold 1, Epoch 1036, Train Loss: 0.3580, Val Loss: 0.2548, Val Acc: 0.9761
Precision: 0.9963, Recall: 0.9911, F1-Score: 0.9932
Fold 1, Epoch 1037, Train Loss: 0.3706, Val Loss: 0.2464, Val Acc: 0.9905
Precision: 0.9964, Recall: 0.9916, F1-Score: 0.9935
Fold 1, Epoch 1038, Train Loss: 0.3522, Val Loss: 0.2726, Val Acc: 0.9909
Precision: 0.9962, Recall: 0.9911, F1-Score: 0.9931
Fold 1, Epoch 1039, Train Loss: 0.3617, Val Loss: 0.2885, Val Acc: 0.9907

--- Epoch 1040 ---
--- Epoch 1040 ---
--- Epoch 1040 ---


--- Epoch 1040 ---

Class Weights: [2.1182575e-05 5.6127068e-02 5.6127068e-02 5.9477936e-02 5.6928884e-02
 5.3851645e-02 5.3851645e-02 4.9812771e-02 5.9477936e-02 5.6127068e-02
 6.1308030e-02 5.1753532e-02 5.3851645e-02 6.0379118e-02 5.6928884e-02
 4.9197800e-02 5.4589339e-02 5.2434497e-02 5.7753939e-02]Class Weights: [2.1182575e-05 5.6127068e-02 5.6127068e-02 5.9477936e-02 5.6928884e-02
 5.3851645e-02 5.3851645e-02 4.9812771e-02 5.9477936e-02 5.6127068e-02
 6.1308030e-02 5.1753532e-02 5.3851645e-02 6.0379118e-02 5.6928884e-02
 4.9197800e-02 5.4589339e-02 5.2434497e-02 5.7753939e-02]Class Weights: [2.1182575e-05 5.6127068e-02 5.6127068e-02 5.9477936e-02 5.6928884e-02
 5.3851645e-02 5.3851645e-02 4.9812771e-02 5.9477936e-02 5.6127068e-02
 6.1308030e-02 5.1753532e-02 5.3851645e-02 6.0379118e-02 5.6928884e-02
 4.9197800e-02 5.4589339e-02 5.2434497e-02 5.7753939e-02]
Class Weights: [2.1182575e-05 5.6127068e-02 5.6127068e-02 5.9477936e-02 5.6928884e-02
 5.3851645e-02 5.3851645e-02 4.9812771e-02 5.9477936e-02 5.6127068e-02
 6.1308030e-02 5.1753532e-02 5.3851645e-02 6.0379118e-02 5.6928884e-02
 4.9197800e-02 5.4589339e-02 5.2434497e-02 5.7753939e-02]

Learning Rate: 0.005

Learning Rate: 0.005Learning Rate: 0.005Learning Rate: 0.005


Train Loss: 0.3933, Val Loss: 0.2462
Train Loss: 0.3933, Val Loss: 0.2462Train Loss: 0.3933, Val Loss: 0.2462Train Loss: 0.3933, Val Loss: 0.2462


Per-Class Precision: [1.         0.60493827 0.91463415 0.51567944 0.41441441 0.53896104
 0.45744681 0.24311927 0.28526646 0.23364486 0.25233645 0.25468165
 0.23970944 0.46579805 0.40714286 0.52380952 0.52750809 0.72815534
 0.64655172]
Per-Class Recall: [0.99223675 0.98       1.         0.98666667 0.92       0.83
 0.86       0.70666667 0.91       1.         0.864      0.45333333
 0.792      0.81714286 0.76       0.99       0.93142857 1.
 1.        ]
Per-Class F1-Score: [0.99610325 0.7480916  0.95541401 0.67734554 0.57142857 0.65354331
 0.59722222 0.36177474 0.43436754 0.37878788 0.39059675 0.32613909
 0.36802974 0.593361   0.53023256 0.68512111 0.67355372 0.84269663
 0.78534031]
Support per Class: [293949    100    150    150    100    100    100     75    100     75
    125    150    125    175     75    100    175     75     75]
Weighted Precision: 0.9963, Weighted Recall: 0.9914, Weighted F1-Score: 0.9933
Precision: 0.9963, Recall: 0.9914, F1-Score: 0.9933
Fold 1, Epoch 1040, Train Loss: 0.3933, Val Loss: 0.2462, Val Acc: 0.9907
Precision: 0.9963, Recall: 0.9913, F1-Score: 0.9933
Fold 1, Epoch 1041, Train Loss: 0.3539, Val Loss: 0.2427, Val Acc: 0.9908
Precision: 0.9963, Recall: 0.9912, F1-Score: 0.9933
Fold 1, Epoch 1042, Train Loss: 0.3379, Val Loss: 0.2634, Val Acc: 0.9907
Precision: 0.9964, Recall: 0.9914, F1-Score: 0.9934
Fold 1, Epoch 1043, Train Loss: 0.3471, Val Loss: 0.2542, Val Acc: 0.9908
Precision: 0.9964, Recall: 0.9909, F1-Score: 0.9931
Fold 1, Epoch 1044, Train Loss: 0.3562, Val Loss: 0.2533, Val Acc: 0.9902
Precision: 0.9963, Recall: 0.9916, F1-Score: 0.9934
Fold 1, Epoch 1045, Train Loss: 0.3548, Val Loss: 0.2628, Val Acc: 0.9909
Precision: 0.9964, Recall: 0.9913, F1-Score: 0.9933
Fold 1, Epoch 1046, Train Loss: 0.3710, Val Loss: 0.2586, Val Acc: 0.9907
Precision: 0.9963, Recall: 0.9908, F1-Score: 0.9930
Fold 1, Epoch 1047, Train Loss: 0.3559, Val Loss: 0.2640, Val Acc: 0.9901
Precision: 0.9964, Recall: 0.9915, F1-Score: 0.9934
Fold 1, Epoch 1048, Train Loss: 0.3545, Val Loss: 0.2475, Val Acc: 0.9910
Precision: 0.9962, Recall: 0.9914, F1-Score: 0.9933
Fold 1, Epoch 1049, Train Loss: 0.3491, Val Loss: 0.2419, Val Acc: 0.9910

--- Epoch 1050 ---
--- Epoch 1050 ---
--- Epoch 1050 ---
--- Epoch 1050 ---



Class Weights: [2.1182575e-05 5.6127068e-02 5.6127068e-02 5.9477936e-02 5.6928884e-02
 5.3851645e-02 5.3851645e-02 4.9812771e-02 5.9477936e-02 5.6127068e-02
 6.1308030e-02 5.1753532e-02 5.3851645e-02 6.0379118e-02 5.6928884e-02
 4.9197800e-02 5.4589339e-02 5.2434497e-02 5.7753939e-02]Class Weights: [2.1182575e-05 5.6127068e-02 5.6127068e-02 5.9477936e-02 5.6928884e-02
 5.3851645e-02 5.3851645e-02 4.9812771e-02 5.9477936e-02 5.6127068e-02
 6.1308030e-02 5.1753532e-02 5.3851645e-02 6.0379118e-02 5.6928884e-02
 4.9197800e-02 5.4589339e-02 5.2434497e-02 5.7753939e-02]Class Weights: [2.1182575e-05 5.6127068e-02 5.6127068e-02 5.9477936e-02 5.6928884e-02
 5.3851645e-02 5.3851645e-02 4.9812771e-02 5.9477936e-02 5.6127068e-02
 6.1308030e-02 5.1753532e-02 5.3851645e-02 6.0379118e-02 5.6928884e-02
 4.9197800e-02 5.4589339e-02 5.2434497e-02 5.7753939e-02]Class Weights: [2.1182575e-05 5.6127068e-02 5.6127068e-02 5.9477936e-02 5.6928884e-02
 5.3851645e-02 5.3851645e-02 4.9812771e-02 5.9477936e-02 5.6127068e-02
 6.1308030e-02 5.1753532e-02 5.3851645e-02 6.0379118e-02 5.6928884e-02
 4.9197800e-02 5.4589339e-02 5.2434497e-02 5.7753939e-02]



Learning Rate: 0.005Learning Rate: 0.005
Learning Rate: 0.005Learning Rate: 0.005


Train Loss: 0.3478, Val Loss: 0.2614
Train Loss: 0.3478, Val Loss: 0.2614Train Loss: 0.3478, Val Loss: 0.2614
Train Loss: 0.3478, Val Loss: 0.2614

Per-Class Precision: [1.         0.63694268 0.9125     0.55725191 0.34686347 0.63076923
 0.38666667 0.18926554 0.35483871 0.2027027  0.25333333 0.19729207
 0.35658915 0.51648352 0.43537415 0.59146341 0.50625    0.75257732
 0.67272727]
Per-Class Recall: [0.99200201 1.         0.97333333 0.97333333 0.94       0.82
 0.87       0.89333333 0.66       1.         0.76       0.68
 0.736      0.80571429 0.85333333 0.97       0.92571429 0.97333333
 0.98666667]
Per-Class F1-Score: [0.99598495 0.77821012 0.94193548 0.70873786 0.50673854 0.71304348
 0.53538462 0.31235431 0.46153846 0.33707865 0.38       0.30584708
 0.48041775 0.62946429 0.57657658 0.73484848 0.65454545 0.84883721
 0.8       ]
Support per Class: [293949    100    150    150    100    100    100     75    100     75
    125    150    125    175     75    100    175     75     75]
Weighted Precision: 0.9964, Weighted Recall: 0.9912, Weighted F1-Score: 0.9933
Precision: 0.9964, Recall: 0.9912, F1-Score: 0.9933
Fold 1, Epoch 1050, Train Loss: 0.3478, Val Loss: 0.2614, Val Acc: 0.9903
Precision: 0.9964, Recall: 0.9914, F1-Score: 0.9934
Fold 1, Epoch 1051, Train Loss: 0.3620, Val Loss: 0.2671, Val Acc: 0.9908
Precision: 0.9962, Recall: 0.9913, F1-Score: 0.9933
Fold 1, Epoch 1052, Train Loss: 0.3580, Val Loss: 0.2621, Val Acc: 0.9906
Precision: 0.9962, Recall: 0.9900, F1-Score: 0.9925
Fold 1, Epoch 1053, Train Loss: 0.3581, Val Loss: 0.2624, Val Acc: 0.9896
Precision: 0.9965, Recall: 0.9915, F1-Score: 0.9935
Fold 1, Epoch 1054, Train Loss: 0.3571, Val Loss: 0.2576, Val Acc: 0.9909
Precision: 0.9963, Recall: 0.9915, F1-Score: 0.9934
Fold 1, Epoch 1055, Train Loss: 0.3532, Val Loss: 0.2648, Val Acc: 0.9909
Precision: 0.9964, Recall: 0.9916, F1-Score: 0.9935
Fold 1, Epoch 1056, Train Loss: 0.3643, Val Loss: 0.2504, Val Acc: 0.9909
Precision: 0.9963, Recall: 0.9900, F1-Score: 0.9925
Fold 1, Epoch 1057, Train Loss: 0.3627, Val Loss: 0.2506, Val Acc: 0.9895
Precision: 0.9963, Recall: 0.9914, F1-Score: 0.9933
Fold 1, Epoch 1058, Train Loss: 0.3399, Val Loss: 0.2537, Val Acc: 0.9908
Precision: 0.9963, Recall: 0.9911, F1-Score: 0.9933
Fold 1, Epoch 1059, Train Loss: 0.3556, Val Loss: 0.2650, Val Acc: 0.9906

--- Epoch 1060 ---
--- Epoch 1060 ---

--- Epoch 1060 ---

Class Weights: [2.1182575e-05 5.6127068e-02 5.6127068e-02 5.9477936e-02 5.6928884e-02
 5.3851645e-02 5.3851645e-02 4.9812771e-02 5.9477936e-02 5.6127068e-02
 6.1308030e-02 5.1753532e-02 5.3851645e-02 6.0379118e-02 5.6928884e-02
 4.9197800e-02 5.4589339e-02 5.2434497e-02 5.7753939e-02]Class Weights: [2.1182575e-05 5.6127068e-02 5.6127068e-02 5.9477936e-02 5.6928884e-02
 5.3851645e-02 5.3851645e-02 4.9812771e-02 5.9477936e-02 5.6127068e-02
 6.1308030e-02 5.1753532e-02 5.3851645e-02 6.0379118e-02 5.6928884e-02
 4.9197800e-02 5.4589339e-02 5.2434497e-02 5.7753939e-02]
Class Weights: [2.1182575e-05 5.6127068e-02 5.6127068e-02 5.9477936e-02 5.6928884e-02
 5.3851645e-02 5.3851645e-02 4.9812771e-02 5.9477936e-02 5.6127068e-02
 6.1308030e-02 5.1753532e-02 5.3851645e-02 6.0379118e-02 5.6928884e-02
 4.9197800e-02 5.4589339e-02 5.2434497e-02 5.7753939e-02]
Learning Rate: 0.005

Learning Rate: 0.005
Learning Rate: 0.005
Train Loss: 0.3538, Val Loss: 0.2607Train Loss: 0.3538, Val Loss: 0.2607
Train Loss: 0.3538, Val Loss: 0.2607


--- Epoch 1060 ---
Class Weights: [2.1182575e-05 5.6127068e-02 5.6127068e-02 5.9477936e-02 5.6928884e-02
 5.3851645e-02 5.3851645e-02 4.9812771e-02 5.9477936e-02 5.6127068e-02
 6.1308030e-02 5.1753532e-02 5.3851645e-02 6.0379118e-02 5.6928884e-02
 4.9197800e-02 5.4589339e-02 5.2434497e-02 5.7753939e-02]
Learning Rate: 0.005
Train Loss: 0.3538, Val Loss: 0.2607
Per-Class Precision: [1.         0.5952381  0.76530612 0.60728745 0.47826087 0.51204819
 0.5        0.25296443 0.27419355 0.17169374 0.19138756 0.21513944
 0.2969697  0.59734513 0.46428571 0.51111111 0.58130081 0.55555556
 0.55555556]
Per-Class Recall: [0.99220273 1.         1.         1.         0.88       0.85
 0.77       0.85333333 0.68       0.98666667 0.96       0.36
 0.784      0.77142857 0.86666667 0.92       0.81714286 1.
 1.        ]
Per-Class F1-Score: [0.99608611 0.74626866 0.86705202 0.75566751 0.61971831 0.63909774
 0.60629921 0.3902439  0.3908046  0.29249012 0.31914894 0.26932668
 0.43076923 0.67331671 0.60465116 0.65714286 0.67933492 0.71428571
 0.71428571]
Support per Class: [293949    100    150    150    100    100    100     75    100     75
    125    150    125    175     75    100    175     75     75]
Weighted Precision: 0.9963, Weighted Recall: 0.9912, Weighted F1-Score: 0.9933
Precision: 0.9963, Recall: 0.9912, F1-Score: 0.9933
Fold 1, Epoch 1060, Train Loss: 0.3538, Val Loss: 0.2607, Val Acc: 0.9907
Precision: 0.9963, Recall: 0.9914, F1-Score: 0.9934
Fold 1, Epoch 1061, Train Loss: 0.3435, Val Loss: 0.2594, Val Acc: 0.9909
Precision: 0.9964, Recall: 0.9916, F1-Score: 0.9935
Fold 1, Epoch 1062, Train Loss: 0.3464, Val Loss: 0.2461, Val Acc: 0.9910
Precision: 0.9964, Recall: 0.9913, F1-Score: 0.9934
Fold 1, Epoch 1063, Train Loss: 0.3748, Val Loss: 0.2718, Val Acc: 0.9907
Precision: 0.9964, Recall: 0.9914, F1-Score: 0.9934
Fold 1, Epoch 1064, Train Loss: 0.3675, Val Loss: 0.2648, Val Acc: 0.9910
Precision: 0.9962, Recall: 0.9898, F1-Score: 0.9925
Fold 1, Epoch 1065, Train Loss: 0.3417, Val Loss: 0.2686, Val Acc: 0.9889
Precision: 0.9962, Recall: 0.9912, F1-Score: 0.9932
Fold 1, Epoch 1066, Train Loss: 0.3562, Val Loss: 0.2627, Val Acc: 0.9908
Precision: 0.9963, Recall: 0.9910, F1-Score: 0.9932
Fold 1, Epoch 1067, Train Loss: 0.3584, Val Loss: 0.2523, Val Acc: 0.9906
Precision: 0.9962, Recall: 0.9901, F1-Score: 0.9926
Fold 1, Epoch 1068, Train Loss: 0.3263, Val Loss: 0.2593, Val Acc: 0.9900
Precision: 0.9962, Recall: 0.9904, F1-Score: 0.9929
Fold 1, Epoch 1069, Train Loss: 0.3598, Val Loss: 0.3253, Val Acc: 0.9899

--- Epoch 1070 ---
--- Epoch 1070 ---
--- Epoch 1070 ---



--- Epoch 1070 ---
Class Weights: [2.1182575e-05 5.6127068e-02 5.6127068e-02 5.9477936e-02 5.6928884e-02
 5.3851645e-02 5.3851645e-02 4.9812771e-02 5.9477936e-02 5.6127068e-02
 6.1308030e-02 5.1753532e-02 5.3851645e-02 6.0379118e-02 5.6928884e-02
 4.9197800e-02 5.4589339e-02 5.2434497e-02 5.7753939e-02]Class Weights: [2.1182575e-05 5.6127068e-02 5.6127068e-02 5.9477936e-02 5.6928884e-02
 5.3851645e-02 5.3851645e-02 4.9812771e-02 5.9477936e-02 5.6127068e-02
 6.1308030e-02 5.1753532e-02 5.3851645e-02 6.0379118e-02 5.6928884e-02
 4.9197800e-02 5.4589339e-02 5.2434497e-02 5.7753939e-02]Class Weights: [2.1182575e-05 5.6127068e-02 5.6127068e-02 5.9477936e-02 5.6928884e-02
 5.3851645e-02 5.3851645e-02 4.9812771e-02 5.9477936e-02 5.6127068e-02
 6.1308030e-02 5.1753532e-02 5.3851645e-02 6.0379118e-02 5.6928884e-02
 4.9197800e-02 5.4589339e-02 5.2434497e-02 5.7753939e-02]


Learning Rate: 0.005Learning Rate: 0.005
Learning Rate: 0.005
Class Weights: [2.1182575e-05 5.6127068e-02 5.6127068e-02 5.9477936e-02 5.6928884e-02
 5.3851645e-02 5.3851645e-02 4.9812771e-02 5.9477936e-02 5.6127068e-02
 6.1308030e-02 5.1753532e-02 5.3851645e-02 6.0379118e-02 5.6928884e-02
 4.9197800e-02 5.4589339e-02 5.2434497e-02 5.7753939e-02]

Learning Rate: 0.005
Train Loss: 0.4289, Val Loss: 0.3765Train Loss: 0.4289, Val Loss: 0.3765

Train Loss: 0.4289, Val Loss: 0.3765
Train Loss: 0.4289, Val Loss: 0.3765
Per-Class Precision: [1.         0.68794326 0.87573964 0.50179211 0.38559322 0.45901639
 0.625      0.07978723 0.224      0.17486339 0.24009901 0.17049808
 0.09487179 0.49206349 0.50925926 0.51322751 0.54137931 0.71287129
 0.51369863]
Per-Class Recall: [0.99231159 0.97       0.98666667 0.93333333 0.91       0.84
 0.45       0.2        0.84       0.85333333 0.776      0.59333333
 0.296      0.35428571 0.73333333 0.97       0.89714286 0.96
 1.        ]
Per-Class F1-Score: [0.99614096 0.80497925 0.92789969 0.65268065 0.54166667 0.59363958
 0.52325581 0.11406844 0.35368421 0.29024943 0.36672968 0.26488095
 0.14368932 0.41196013 0.6010929  0.67128028 0.67526882 0.81818182
 0.67873303]
Support per Class: [293949    100    150    150    100    100    100     75    100     75
    125    150    125    175     75    100    175     75     75]
Weighted Precision: 0.9962, Weighted Recall: 0.9906, Weighted F1-Score: 0.9929
Precision: 0.9962, Recall: 0.9906, F1-Score: 0.9929
Fold 1, Epoch 1070, Train Loss: 0.4289, Val Loss: 0.3765, Val Acc: 0.9901
Precision: 0.9962, Recall: 0.9912, F1-Score: 0.9932
Fold 1, Epoch 1071, Train Loss: 0.4002, Val Loss: 0.2734, Val Acc: 0.9907
Precision: 0.9963, Recall: 0.9914, F1-Score: 0.9933
Fold 1, Epoch 1072, Train Loss: 0.3769, Val Loss: 0.2542, Val Acc: 0.9909
Precision: 0.9964, Recall: 0.9913, F1-Score: 0.9933
Fold 1, Epoch 1073, Train Loss: 0.3744, Val Loss: 0.2874, Val Acc: 0.9906
Precision: 0.9960, Recall: 0.9909, F1-Score: 0.9929
Fold 1, Epoch 1074, Train Loss: 0.3595, Val Loss: 0.2810, Val Acc: 0.9903
Precision: 0.9963, Recall: 0.9913, F1-Score: 0.9933
Fold 1, Epoch 1075, Train Loss: 0.3747, Val Loss: 0.2443, Val Acc: 0.9909
Precision: 0.9964, Recall: 0.9912, F1-Score: 0.9933
Fold 1, Epoch 1076, Train Loss: 0.3471, Val Loss: 0.2784, Val Acc: 0.9907
Precision: 0.9963, Recall: 0.9912, F1-Score: 0.9932
Fold 1, Epoch 1077, Train Loss: 0.3677, Val Loss: 0.2827, Val Acc: 0.9906
Precision: 0.9964, Recall: 0.9912, F1-Score: 0.9933
Fold 1, Epoch 1078, Train Loss: 0.3566, Val Loss: 0.2505, Val Acc: 0.9905
Precision: 0.9964, Recall: 0.9914, F1-Score: 0.9934
Fold 1, Epoch 1079, Train Loss: 0.3769, Val Loss: 0.2446, Val Acc: 0.9908

--- Epoch 1080 ---
--- Epoch 1080 ---
--- Epoch 1080 ---



--- Epoch 1080 ---
Class Weights: [2.1182575e-05 5.6127068e-02 5.6127068e-02 5.9477936e-02 5.6928884e-02
 5.3851645e-02 5.3851645e-02 4.9812771e-02 5.9477936e-02 5.6127068e-02
 6.1308030e-02 5.1753532e-02 5.3851645e-02 6.0379118e-02 5.6928884e-02
 4.9197800e-02 5.4589339e-02 5.2434497e-02 5.7753939e-02]Class Weights: [2.1182575e-05 5.6127068e-02 5.6127068e-02 5.9477936e-02 5.6928884e-02
 5.3851645e-02 5.3851645e-02 4.9812771e-02 5.9477936e-02 5.6127068e-02
 6.1308030e-02 5.1753532e-02 5.3851645e-02 6.0379118e-02 5.6928884e-02
 4.9197800e-02 5.4589339e-02 5.2434497e-02 5.7753939e-02]Class Weights: [2.1182575e-05 5.6127068e-02 5.6127068e-02 5.9477936e-02 5.6928884e-02
 5.3851645e-02 5.3851645e-02 4.9812771e-02 5.9477936e-02 5.6127068e-02
 6.1308030e-02 5.1753532e-02 5.3851645e-02 6.0379118e-02 5.6928884e-02
 4.9197800e-02 5.4589339e-02 5.2434497e-02 5.7753939e-02]Class Weights: [2.1182575e-05 5.6127068e-02 5.6127068e-02 5.9477936e-02 5.6928884e-02
 5.3851645e-02 5.3851645e-02 4.9812771e-02 5.9477936e-02 5.6127068e-02
 6.1308030e-02 5.1753532e-02 5.3851645e-02 6.0379118e-02 5.6928884e-02
 4.9197800e-02 5.4589339e-02 5.2434497e-02 5.7753939e-02]



Learning Rate: 0.005Learning Rate: 0.005
Learning Rate: 0.005
Learning Rate: 0.005

Train Loss: 0.3553, Val Loss: 0.2393Train Loss: 0.3553, Val Loss: 0.2393

Train Loss: 0.3553, Val Loss: 0.2393Train Loss: 0.3553, Val Loss: 0.2393

Per-Class Precision: [1.         0.5755814  0.86705202 0.58964143 0.40540541 0.51497006
 0.40182648 0.33       0.2        0.14910537 0.22933884 0.19936709
 0.20427553 0.48874598 0.36683417 0.625      0.59695817 0.5859375
 0.54814815]
Per-Class Recall: [0.99175707 0.99       1.         0.98666667 0.9        0.86
 0.88       0.44       0.56       1.         0.888      0.42
 0.688      0.86857143 0.97333333 0.65       0.89714286 1.
 0.98666667]
Per-Class F1-Score: [0.99586148 0.72794118 0.92879257 0.73815461 0.55900621 0.64419476
 0.55172414 0.37714286 0.29473684 0.25951557 0.36453202 0.27038627
 0.31501832 0.6255144  0.53284672 0.6372549  0.71689498 0.73891626
 0.7047619 ]
Support per Class: [293949    100    150    150    100    100    100     75    100     75
    125    150    125    175     75    100    175     75     75]
Weighted Precision: 0.9962, Weighted Recall: 0.9907, Weighted F1-Score: 0.9929
Precision: 0.9962, Recall: 0.9907, F1-Score: 0.9929
Fold 1, Epoch 1080, Train Loss: 0.3553, Val Loss: 0.2393, Val Acc: 0.9903
Precision: 0.9965, Recall: 0.9917, F1-Score: 0.9936
Fold 1, Epoch 1081, Train Loss: 0.3485, Val Loss: 0.2497, Val Acc: 0.9912
Precision: 0.9964, Recall: 0.9914, F1-Score: 0.9934
Fold 1, Epoch 1082, Train Loss: 0.3488, Val Loss: 0.2381, Val Acc: 0.9908
Precision: 0.9963, Recall: 0.9912, F1-Score: 0.9933
Fold 1, Epoch 1083, Train Loss: 0.3523, Val Loss: 0.2705, Val Acc: 0.9905
Precision: 0.9963, Recall: 0.9912, F1-Score: 0.9932
Fold 1, Epoch 1084, Train Loss: 0.3678, Val Loss: 0.2728, Val Acc: 0.9906
Precision: 0.9964, Recall: 0.9915, F1-Score: 0.9934
Fold 1, Epoch 1085, Train Loss: 0.3747, Val Loss: 0.2483, Val Acc: 0.9910
Precision: 0.9963, Recall: 0.9902, F1-Score: 0.9927
Fold 1, Epoch 1086, Train Loss: 0.3409, Val Loss: 0.2539, Val Acc: 0.9901
Precision: 0.9963, Recall: 0.9912, F1-Score: 0.9933
Fold 1, Epoch 1087, Train Loss: 0.3352, Val Loss: 0.2439, Val Acc: 0.9907
Precision: 0.9964, Recall: 0.9913, F1-Score: 0.9933
Fold 1, Epoch 1088, Train Loss: 0.3405, Val Loss: 0.2408, Val Acc: 0.9909
Precision: 0.9963, Recall: 0.9914, F1-Score: 0.9934
Fold 1, Epoch 1089, Train Loss: 0.3393, Val Loss: 0.2477, Val Acc: 0.9910

--- Epoch 1090 ---
--- Epoch 1090 ---
--- Epoch 1090 ---



--- Epoch 1090 ---
Class Weights: [2.1182575e-05 5.6127068e-02 5.6127068e-02 5.9477936e-02 5.6928884e-02
 5.3851645e-02 5.3851645e-02 4.9812771e-02 5.9477936e-02 5.6127068e-02
 6.1308030e-02 5.1753532e-02 5.3851645e-02 6.0379118e-02 5.6928884e-02
 4.9197800e-02 5.4589339e-02 5.2434497e-02 5.7753939e-02]Class Weights: [2.1182575e-05 5.6127068e-02 5.6127068e-02 5.9477936e-02 5.6928884e-02
 5.3851645e-02 5.3851645e-02 4.9812771e-02 5.9477936e-02 5.6127068e-02
 6.1308030e-02 5.1753532e-02 5.3851645e-02 6.0379118e-02 5.6928884e-02
 4.9197800e-02 5.4589339e-02 5.2434497e-02 5.7753939e-02]Class Weights: [2.1182575e-05 5.6127068e-02 5.6127068e-02 5.9477936e-02 5.6928884e-02
 5.3851645e-02 5.3851645e-02 4.9812771e-02 5.9477936e-02 5.6127068e-02
 6.1308030e-02 5.1753532e-02 5.3851645e-02 6.0379118e-02 5.6928884e-02
 4.9197800e-02 5.4589339e-02 5.2434497e-02 5.7753939e-02]

Class Weights: [2.1182575e-05 5.6127068e-02 5.6127068e-02 5.9477936e-02 5.6928884e-02
 5.3851645e-02 5.3851645e-02 4.9812771e-02 5.9477936e-02 5.6127068e-02
 6.1308030e-02 5.1753532e-02 5.3851645e-02 6.0379118e-02 5.6928884e-02
 4.9197800e-02 5.4589339e-02 5.2434497e-02 5.7753939e-02]
Learning Rate: 0.005Learning Rate: 0.005


Learning Rate: 0.005Learning Rate: 0.005

Train Loss: 0.3890, Val Loss: 0.2641
Train Loss: 0.3890, Val Loss: 0.2641
Train Loss: 0.3890, Val Loss: 0.2641Train Loss: 0.3890, Val Loss: 0.2641

Per-Class Precision: [1.         0.0665336  0.82758621 0.53571429 0.35955056 0.58441558
 0.5060241  0.26829268 0.21777778 0.19280206 0.21272727 0.20860927
 0.3115942  0.53461538 0.36809816 0.45248869 0.5        0.72
 0.68181818]
Per-Class Recall: [0.98763051 1.         0.96       1.         0.96       0.9
 0.84       0.73333333 0.49       1.         0.936      0.42
 0.688      0.79428571 0.8        1.         0.90285714 0.96
 1.        ]
Per-Class F1-Score: [0.99377676 0.12476606 0.88888889 0.69767442 0.52316076 0.70866142
 0.63157895 0.39285714 0.30153846 0.32327586 0.34666667 0.27876106
 0.42892768 0.63908046 0.50420168 0.62305296 0.64358452 0.82285714
 0.81081081]
Support per Class: [293949    100    150    150    100    100    100     75    100     75
    125    150    125    175     75    100    175     75     75]
Weighted Precision: 0.9961, Weighted Recall: 0.9867, Weighted F1-Score: 0.9907
Precision: 0.9961, Recall: 0.9867, F1-Score: 0.9907
Fold 1, Epoch 1090, Train Loss: 0.3890, Val Loss: 0.2641, Val Acc: 0.9875
Precision: 0.9963, Recall: 0.9911, F1-Score: 0.9932
Fold 1, Epoch 1091, Train Loss: 0.3891, Val Loss: 0.2753, Val Acc: 0.9907
Precision: 0.9962, Recall: 0.9909, F1-Score: 0.9930
Fold 1, Epoch 1092, Train Loss: 0.3760, Val Loss: 0.2506, Val Acc: 0.9905
Precision: 0.9963, Recall: 0.9911, F1-Score: 0.9932
Fold 1, Epoch 1093, Train Loss: 0.3627, Val Loss: 0.2664, Val Acc: 0.9905
Precision: 0.9964, Recall: 0.9913, F1-Score: 0.9933
Fold 1, Epoch 1094, Train Loss: 0.3639, Val Loss: 0.2624, Val Acc: 0.9906
Precision: 0.9962, Recall: 0.9910, F1-Score: 0.9931
Fold 1, Epoch 1095, Train Loss: 0.3490, Val Loss: 0.2466, Val Acc: 0.9905
Precision: 0.9963, Recall: 0.9912, F1-Score: 0.9932
Fold 1, Epoch 1096, Train Loss: 0.3462, Val Loss: 0.2607, Val Acc: 0.9907
Precision: 0.9963, Recall: 0.9914, F1-Score: 0.9934
Fold 1, Epoch 1097, Train Loss: 0.3493, Val Loss: 0.2661, Val Acc: 0.9909
Precision: 0.9963, Recall: 0.9909, F1-Score: 0.9931
Fold 1, Epoch 1098, Train Loss: 0.3541, Val Loss: 0.2865, Val Acc: 0.9903
Precision: 0.9962, Recall: 0.9912, F1-Score: 0.9932
Fold 1, Epoch 1099, Train Loss: 0.3574, Val Loss: 0.2490, Val Acc: 0.9907

--- Epoch 1100 ---
--- Epoch 1100 ---
--- Epoch 1100 ---



--- Epoch 1100 ---
Class Weights: [2.1182575e-05 5.6127068e-02 5.6127068e-02 5.9477936e-02 5.6928884e-02
 5.3851645e-02 5.3851645e-02 4.9812771e-02 5.9477936e-02 5.6127068e-02
 6.1308030e-02 5.1753532e-02 5.3851645e-02 6.0379118e-02 5.6928884e-02
 4.9197800e-02 5.4589339e-02 5.2434497e-02 5.7753939e-02]Class Weights: [2.1182575e-05 5.6127068e-02 5.6127068e-02 5.9477936e-02 5.6928884e-02
 5.3851645e-02 5.3851645e-02 4.9812771e-02 5.9477936e-02 5.6127068e-02
 6.1308030e-02 5.1753532e-02 5.3851645e-02 6.0379118e-02 5.6928884e-02
 4.9197800e-02 5.4589339e-02 5.2434497e-02 5.7753939e-02]Class Weights: [2.1182575e-05 5.6127068e-02 5.6127068e-02 5.9477936e-02 5.6928884e-02
 5.3851645e-02 5.3851645e-02 4.9812771e-02 5.9477936e-02 5.6127068e-02
 6.1308030e-02 5.1753532e-02 5.3851645e-02 6.0379118e-02 5.6928884e-02
 4.9197800e-02 5.4589339e-02 5.2434497e-02 5.7753939e-02]

Class Weights: [2.1182575e-05 5.6127068e-02 5.6127068e-02 5.9477936e-02 5.6928884e-02
 5.3851645e-02 5.3851645e-02 4.9812771e-02 5.9477936e-02 5.6127068e-02
 6.1308030e-02 5.1753532e-02 5.3851645e-02 6.0379118e-02 5.6928884e-02
 4.9197800e-02 5.4589339e-02 5.2434497e-02 5.7753939e-02]
Learning Rate: 0.005Learning Rate: 0.005

Learning Rate: 0.005
Learning Rate: 0.005

Train Loss: 0.3499, Val Loss: 0.2569
Train Loss: 0.3499, Val Loss: 0.2569Train Loss: 0.3499, Val Loss: 0.2569
Train Loss: 0.3499, Val Loss: 0.2569

Per-Class Precision: [1.         0.69230769 0.86046512 0.5122807  0.37142857 0.54362416
 0.44171779 0.21938776 0.26934985 0.22590361 0.23359073 0.20655738
 0.26842105 0.54411765 0.37222222 0.64179104 0.52050473 0.63559322
 0.71428571]
Per-Class Recall: [0.99236602 0.99       0.98666667 0.97333333 0.91       0.81
 0.72       0.57333333 0.87       1.         0.968      0.42
 0.816      0.63428571 0.89333333 0.86       0.94285714 1.
 1.        ]
Per-Class F1-Score: [0.99616839 0.81481481 0.91925466 0.67126437 0.52753623 0.65060241
 0.54752852 0.31734317 0.41134752 0.36855037 0.37636081 0.27692308
 0.4039604  0.58575198 0.5254902  0.73504274 0.67073171 0.77720207
 0.83333333]
Support per Class: [293949    100    150    150    100    100    100     75    100     75
    125    150    125    175     75    100    175     75     75]
Weighted Precision: 0.9963, Weighted Recall: 0.9913, Weighted F1-Score: 0.9933
Precision: 0.9963, Recall: 0.9913, F1-Score: 0.9933
Fold 1, Epoch 1100, Train Loss: 0.3499, Val Loss: 0.2569, Val Acc: 0.9909
Precision: 0.9963, Recall: 0.9912, F1-Score: 0.9932
Fold 1, Epoch 1101, Train Loss: 0.3428, Val Loss: 0.2477, Val Acc: 0.9907
Precision: 0.9964, Recall: 0.9915, F1-Score: 0.9934
Fold 1, Epoch 1102, Train Loss: 0.3332, Val Loss: 0.2477, Val Acc: 0.9909
Precision: 0.9963, Recall: 0.9910, F1-Score: 0.9931
Fold 1, Epoch 1103, Train Loss: 0.3348, Val Loss: 0.2402, Val Acc: 0.9904
Precision: 0.9965, Recall: 0.9916, F1-Score: 0.9935
Fold 1, Epoch 1104, Train Loss: 0.3432, Val Loss: 0.2391, Val Acc: 0.9911
Precision: 0.9964, Recall: 0.9915, F1-Score: 0.9934
Fold 1, Epoch 1105, Train Loss: 0.3099, Val Loss: 0.2437, Val Acc: 0.9910
Precision: 0.9963, Recall: 0.9913, F1-Score: 0.9933
Fold 1, Epoch 1106, Train Loss: 0.3349, Val Loss: 0.2611, Val Acc: 0.9908
Precision: 0.9963, Recall: 0.9912, F1-Score: 0.9933
Fold 1, Epoch 1107, Train Loss: 0.3617, Val Loss: 0.2791, Val Acc: 0.9908
Precision: 0.9963, Recall: 0.9907, F1-Score: 0.9930
Fold 1, Epoch 1108, Train Loss: 0.3854, Val Loss: 0.2741, Val Acc: 0.9902
Precision: 0.9963, Recall: 0.9911, F1-Score: 0.9932
Fold 1, Epoch 1109, Train Loss: 0.3639, Val Loss: 0.2825, Val Acc: 0.9907

--- Epoch 1110 ---
--- Epoch 1110 ---
--- Epoch 1110 ---



--- Epoch 1110 ---
Class Weights: [2.1182575e-05 5.6127068e-02 5.6127068e-02 5.9477936e-02 5.6928884e-02
 5.3851645e-02 5.3851645e-02 4.9812771e-02 5.9477936e-02 5.6127068e-02
 6.1308030e-02 5.1753532e-02 5.3851645e-02 6.0379118e-02 5.6928884e-02
 4.9197800e-02 5.4589339e-02 5.2434497e-02 5.7753939e-02]Class Weights: [2.1182575e-05 5.6127068e-02 5.6127068e-02 5.9477936e-02 5.6928884e-02
 5.3851645e-02 5.3851645e-02 4.9812771e-02 5.9477936e-02 5.6127068e-02
 6.1308030e-02 5.1753532e-02 5.3851645e-02 6.0379118e-02 5.6928884e-02
 4.9197800e-02 5.4589339e-02 5.2434497e-02 5.7753939e-02]Class Weights: [2.1182575e-05 5.6127068e-02 5.6127068e-02 5.9477936e-02 5.6928884e-02
 5.3851645e-02 5.3851645e-02 4.9812771e-02 5.9477936e-02 5.6127068e-02
 6.1308030e-02 5.1753532e-02 5.3851645e-02 6.0379118e-02 5.6928884e-02
 4.9197800e-02 5.4589339e-02 5.2434497e-02 5.7753939e-02]


Learning Rate: 0.005Learning Rate: 0.005
Class Weights: [2.1182575e-05 5.6127068e-02 5.6127068e-02 5.9477936e-02 5.6928884e-02
 5.3851645e-02 5.3851645e-02 4.9812771e-02 5.9477936e-02 5.6127068e-02
 6.1308030e-02 5.1753532e-02 5.3851645e-02 6.0379118e-02 5.6928884e-02
 4.9197800e-02 5.4589339e-02 5.2434497e-02 5.7753939e-02]Learning Rate: 0.005


Learning Rate: 0.005
Train Loss: 0.3688, Val Loss: 0.2596
Train Loss: 0.3688, Val Loss: 0.2596
Train Loss: 0.3688, Val Loss: 0.2596
Train Loss: 0.3688, Val Loss: 0.2596
Per-Class Precision: [1.         0.56896552 0.82122905 0.46728972 0.47513812 0.5398773
 0.5177305  0.20577617 0.28215768 0.18987342 0.2392638  0.19266055
 0.2327044  0.5443038  0.39520958 0.65413534 0.51132686 0.6147541
 0.66055046]
Per-Class Recall: [0.9921483  0.99       0.98       1.         0.86       0.88
 0.73       0.76       0.68       1.         0.936      0.28
 0.888      0.73714286 0.88       0.87       0.90285714 1.
 0.96      ]
Per-Class F1-Score: [0.99605868 0.72262774 0.89361702 0.63694268 0.61209964 0.66920152
 0.60580913 0.32386364 0.39882698 0.31914894 0.38110749 0.22826087
 0.36877076 0.62621359 0.54545455 0.74678112 0.65289256 0.76142132
 0.7826087 ]
Support per Class: [293949    100    150    150    100    100    100     75    100     75
    125    150    125    175     75    100    175     75     75]
Weighted Precision: 0.9963, Weighted Recall: 0.9911, Weighted F1-Score: 0.9932
Precision: 0.9963, Recall: 0.9911, F1-Score: 0.9932
Fold 1, Epoch 1110, Train Loss: 0.3688, Val Loss: 0.2596, Val Acc: 0.9906
Precision: 0.9963, Recall: 0.9911, F1-Score: 0.9932
Fold 1, Epoch 1111, Train Loss: 0.3537, Val Loss: 0.2586, Val Acc: 0.9906
Precision: 0.9963, Recall: 0.9914, F1-Score: 0.9934
Fold 1, Epoch 1112, Train Loss: 0.3590, Val Loss: 0.2642, Val Acc: 0.9909
Precision: 0.9962, Recall: 0.9911, F1-Score: 0.9931
Fold 1, Epoch 1113, Train Loss: 0.3460, Val Loss: 0.2378, Val Acc: 0.9906
Precision: 0.9963, Recall: 0.9912, F1-Score: 0.9933
Fold 1, Epoch 1114, Train Loss: 0.3433, Val Loss: 0.2633, Val Acc: 0.9908
Precision: 0.9964, Recall: 0.9914, F1-Score: 0.9934
Fold 1, Epoch 1115, Train Loss: 0.3280, Val Loss: 0.2277, Val Acc: 0.9909
Precision: 0.9964, Recall: 0.9915, F1-Score: 0.9935
Fold 1, Epoch 1116, Train Loss: 0.3413, Val Loss: 0.2435, Val Acc: 0.9910
Precision: 0.9963, Recall: 0.9304, F1-Score: 0.9615
Fold 1, Epoch 1117, Train Loss: 0.3432, Val Loss: 0.2475, Val Acc: 0.9372
Precision: 0.9963, Recall: 0.9914, F1-Score: 0.9933
Fold 1, Epoch 1118, Train Loss: 0.3397, Val Loss: 0.2399, Val Acc: 0.9910
Precision: 0.9964, Recall: 0.9916, F1-Score: 0.9935
Fold 1, Epoch 1119, Train Loss: 0.3291, Val Loss: 0.2495, Val Acc: 0.9910

--- Epoch 1120 ---

--- Epoch 1120 ---
--- Epoch 1120 ---
--- Epoch 1120 ---


Class Weights: [2.1182575e-05 5.6127068e-02 5.6127068e-02 5.9477936e-02 5.6928884e-02
 5.3851645e-02 5.3851645e-02 4.9812771e-02 5.9477936e-02 5.6127068e-02
 6.1308030e-02 5.1753532e-02 5.3851645e-02 6.0379118e-02 5.6928884e-02
 4.9197800e-02 5.4589339e-02 5.2434497e-02 5.7753939e-02]
Class Weights: [2.1182575e-05 5.6127068e-02 5.6127068e-02 5.9477936e-02 5.6928884e-02
 5.3851645e-02 5.3851645e-02 4.9812771e-02 5.9477936e-02 5.6127068e-02
 6.1308030e-02 5.1753532e-02 5.3851645e-02 6.0379118e-02 5.6928884e-02
 4.9197800e-02 5.4589339e-02 5.2434497e-02 5.7753939e-02]Learning Rate: 0.005Class Weights: [2.1182575e-05 5.6127068e-02 5.6127068e-02 5.9477936e-02 5.6928884e-02
 5.3851645e-02 5.3851645e-02 4.9812771e-02 5.9477936e-02 5.6127068e-02
 6.1308030e-02 5.1753532e-02 5.3851645e-02 6.0379118e-02 5.6928884e-02
 4.9197800e-02 5.4589339e-02 5.2434497e-02 5.7753939e-02]Class Weights: [2.1182575e-05 5.6127068e-02 5.6127068e-02 5.9477936e-02 5.6928884e-02
 5.3851645e-02 5.3851645e-02 4.9812771e-02 5.9477936e-02 5.6127068e-02
 6.1308030e-02 5.1753532e-02 5.3851645e-02 6.0379118e-02 5.6928884e-02
 4.9197800e-02 5.4589339e-02 5.2434497e-02 5.7753939e-02]



Learning Rate: 0.005
Learning Rate: 0.005Learning Rate: 0.005

Train Loss: 0.3384, Val Loss: 0.2490
Train Loss: 0.3384, Val Loss: 0.2490
Train Loss: 0.3384, Val Loss: 0.2490Train Loss: 0.3384, Val Loss: 0.2490

Per-Class Precision: [1.         0.67114094 0.79365079 0.56538462 0.41818182 0.58865248
 0.47619048 0.22440945 0.32014388 0.20718232 0.21453287 0.23127036
 0.33110368 0.46494465 0.49206349 0.56790123 0.58299595 0.50694444
 0.5952381 ]
Per-Class Recall: [0.99239664 1.         1.         0.98       0.92       0.83
 0.7        0.76       0.89       1.         0.992      0.47333333
 0.792      0.72       0.82666667 0.92       0.82285714 0.97333333
 1.        ]
Per-Class F1-Score: [0.99618381 0.80321285 0.88495575 0.71707317 0.575      0.68879668
 0.56680162 0.34650456 0.47089947 0.34324943 0.35277383 0.3107221
 0.46698113 0.56502242 0.61691542 0.70229008 0.68246445 0.66666667
 0.74626866]
Support per Class: [293949    100    150    150    100    100    100     75    100     75
    125    150    125    175     75    100    175     75     75]
Weighted Precision: 0.9964, Weighted Recall: 0.9914, Weighted F1-Score: 0.9934
Precision: 0.9964, Recall: 0.9914, F1-Score: 0.9934
Fold 1, Epoch 1120, Train Loss: 0.3384, Val Loss: 0.2490, Val Acc: 0.9909
Precision: 0.9964, Recall: 0.9913, F1-Score: 0.9934
Fold 1, Epoch 1121, Train Loss: 0.3401, Val Loss: 0.2445, Val Acc: 0.9909
Precision: 0.9963, Recall: 0.9913, F1-Score: 0.9933
Fold 1, Epoch 1122, Train Loss: 0.3415, Val Loss: 0.2365, Val Acc: 0.9908
Precision: 0.9963, Recall: 0.9912, F1-Score: 0.9932
Fold 1, Epoch 1123, Train Loss: 0.3350, Val Loss: 0.2387, Val Acc: 0.9906
Precision: 0.9964, Recall: 0.9917, F1-Score: 0.9936
Fold 1, Epoch 1124, Train Loss: 0.3316, Val Loss: 0.2379, Val Acc: 0.9913
Precision: 0.9963, Recall: 0.9914, F1-Score: 0.9933
Fold 1, Epoch 1125, Train Loss: 0.3411, Val Loss: 0.2376, Val Acc: 0.9908
Precision: 0.9964, Recall: 0.9912, F1-Score: 0.9933
Fold 1, Epoch 1126, Train Loss: 0.3268, Val Loss: 0.2459, Val Acc: 0.9907
Precision: 0.9964, Recall: 0.9911, F1-Score: 0.9932
Fold 1, Epoch 1127, Train Loss: 0.3214, Val Loss: 0.2292, Val Acc: 0.9905
Precision: 0.9964, Recall: 0.9915, F1-Score: 0.9934
Fold 1, Epoch 1128, Train Loss: 0.3134, Val Loss: 0.2574, Val Acc: 0.9910
Precision: 0.9964, Recall: 0.9909, F1-Score: 0.9931
Fold 1, Epoch 1129, Train Loss: 0.3386, Val Loss: 0.2351, Val Acc: 0.9903

--- Epoch 1130 ---
--- Epoch 1130 ---

--- Epoch 1130 ---


--- Epoch 1130 ---
Class Weights: [2.1182575e-05 5.6127068e-02 5.6127068e-02 5.9477936e-02 5.6928884e-02
 5.3851645e-02 5.3851645e-02 4.9812771e-02 5.9477936e-02 5.6127068e-02
 6.1308030e-02 5.1753532e-02 5.3851645e-02 6.0379118e-02 5.6928884e-02
 4.9197800e-02 5.4589339e-02 5.2434497e-02 5.7753939e-02]Class Weights: [2.1182575e-05 5.6127068e-02 5.6127068e-02 5.9477936e-02 5.6928884e-02
 5.3851645e-02 5.3851645e-02 4.9812771e-02 5.9477936e-02 5.6127068e-02
 6.1308030e-02 5.1753532e-02 5.3851645e-02 6.0379118e-02 5.6928884e-02
 4.9197800e-02 5.4589339e-02 5.2434497e-02 5.7753939e-02]Class Weights: [2.1182575e-05 5.6127068e-02 5.6127068e-02 5.9477936e-02 5.6928884e-02
 5.3851645e-02 5.3851645e-02 4.9812771e-02 5.9477936e-02 5.6127068e-02
 6.1308030e-02 5.1753532e-02 5.3851645e-02 6.0379118e-02 5.6928884e-02
 4.9197800e-02 5.4589339e-02 5.2434497e-02 5.7753939e-02]


Learning Rate: 0.005Learning Rate: 0.005
Learning Rate: 0.005

Train Loss: 0.3366, Val Loss: 0.2595Train Loss: 0.3366, Val Loss: 0.2595
Train Loss: 0.3366, Val Loss: 0.2595

Class Weights: [2.1182575e-05 5.6127068e-02 5.6127068e-02 5.9477936e-02 5.6928884e-02
 5.3851645e-02 5.3851645e-02 4.9812771e-02 5.9477936e-02 5.6127068e-02
 6.1308030e-02 5.1753532e-02 5.3851645e-02 6.0379118e-02 5.6928884e-02
 4.9197800e-02 5.4589339e-02 5.2434497e-02 5.7753939e-02]
Learning Rate: 0.005
Train Loss: 0.3366, Val Loss: 0.2595
Per-Class Precision: [1.         0.68531469 0.75757576 0.52816901 0.48314607 0.56756757
 0.49019608 0.21403509 0.32936508 0.21958457 0.18491124 0.17630058
 0.25628141 0.57627119 0.55045872 0.67692308 0.56776557 0.51369863
 0.625     ]
Per-Class Recall: [0.99255653 0.98       1.         1.         0.86       0.84
 0.75       0.81333333 0.83       0.98666667 1.         0.40666667
 0.408      0.77714286 0.8        0.88       0.88571429 1.
 1.        ]
Per-Class F1-Score: [0.99626436 0.80658436 0.86206897 0.69124424 0.61870504 0.67741935
 0.59288538 0.33888889 0.47159091 0.3592233  0.31210986 0.24596774
 0.31481481 0.66180049 0.65217391 0.76521739 0.69196429 0.67873303
 0.76923077]
Support per Class: [293949    100    150    150    100    100    100     75    100     75
    125    150    125    175     75    100    175     75     75]
Weighted Precision: 0.9964, Weighted Recall: 0.9915, Weighted F1-Score: 0.9935
Precision: 0.9964, Recall: 0.9915, F1-Score: 0.9935
Fold 1, Epoch 1130, Train Loss: 0.3366, Val Loss: 0.2595, Val Acc: 0.9910
Precision: 0.9964, Recall: 0.9908, F1-Score: 0.9931
Fold 1, Epoch 1131, Train Loss: 0.3821, Val Loss: 0.2538, Val Acc: 0.9903
Precision: 0.9963, Recall: 0.9912, F1-Score: 0.9933
Fold 1, Epoch 1132, Train Loss: 0.3598, Val Loss: 0.2758, Val Acc: 0.9909
Precision: 0.9960, Recall: 0.9898, F1-Score: 0.9923
Fold 1, Epoch 1133, Train Loss: 0.3809, Val Loss: 0.2748, Val Acc: 0.9898
Precision: 0.9963, Recall: 0.9909, F1-Score: 0.9932
Fold 1, Epoch 1134, Train Loss: 0.3475, Val Loss: 0.3273, Val Acc: 0.9907
Precision: 0.9963, Recall: 0.9910, F1-Score: 0.9932
Fold 1, Epoch 1135, Train Loss: 0.3872, Val Loss: 0.2710, Val Acc: 0.9904
Precision: 0.9962, Recall: 0.9906, F1-Score: 0.9928
Fold 1, Epoch 1136, Train Loss: 0.3461, Val Loss: 0.2669, Val Acc: 0.9903
Precision: 0.9961, Recall: 0.9629, F1-Score: 0.9786
Fold 1, Epoch 1137, Train Loss: 0.3678, Val Loss: 0.2919, Val Acc: 0.9713
Precision: 0.9962, Recall: 0.9913, F1-Score: 0.9933
Fold 1, Epoch 1138, Train Loss: 0.3706, Val Loss: 0.2824, Val Acc: 0.9910
Precision: 0.9964, Recall: 0.9912, F1-Score: 0.9933
Fold 1, Epoch 1139, Train Loss: 0.3653, Val Loss: 0.2476, Val Acc: 0.9907

--- Epoch 1140 ---
--- Epoch 1140 ---

--- Epoch 1140 ---


--- Epoch 1140 ---
Class Weights: [2.1182575e-05 5.6127068e-02 5.6127068e-02 5.9477936e-02 5.6928884e-02
 5.3851645e-02 5.3851645e-02 4.9812771e-02 5.9477936e-02 5.6127068e-02
 6.1308030e-02 5.1753532e-02 5.3851645e-02 6.0379118e-02 5.6928884e-02
 4.9197800e-02 5.4589339e-02 5.2434497e-02 5.7753939e-02]Class Weights: [2.1182575e-05 5.6127068e-02 5.6127068e-02 5.9477936e-02 5.6928884e-02
 5.3851645e-02 5.3851645e-02 4.9812771e-02 5.9477936e-02 5.6127068e-02
 6.1308030e-02 5.1753532e-02 5.3851645e-02 6.0379118e-02 5.6928884e-02
 4.9197800e-02 5.4589339e-02 5.2434497e-02 5.7753939e-02]Class Weights: [2.1182575e-05 5.6127068e-02 5.6127068e-02 5.9477936e-02 5.6928884e-02
 5.3851645e-02 5.3851645e-02 4.9812771e-02 5.9477936e-02 5.6127068e-02
 6.1308030e-02 5.1753532e-02 5.3851645e-02 6.0379118e-02 5.6928884e-02
 4.9197800e-02 5.4589339e-02 5.2434497e-02 5.7753939e-02]
Class Weights: [2.1182575e-05 5.6127068e-02 5.6127068e-02 5.9477936e-02 5.6928884e-02
 5.3851645e-02 5.3851645e-02 4.9812771e-02 5.9477936e-02 5.6127068e-02
 6.1308030e-02 5.1753532e-02 5.3851645e-02 6.0379118e-02 5.6928884e-02
 4.9197800e-02 5.4589339e-02 5.2434497e-02 5.7753939e-02]

Learning Rate: 0.005

Learning Rate: 0.005Learning Rate: 0.005Learning Rate: 0.005


Train Loss: 0.3422, Val Loss: 0.2461
Train Loss: 0.3422, Val Loss: 0.2461Train Loss: 0.3422, Val Loss: 0.2461Train Loss: 0.3422, Val Loss: 0.2461


Per-Class Precision: [1.         0.02403268 0.77777778 0.6460177  0.3852459  0.5483871
 0.44886364 0.21176471 0.36986301 0.21981424 0.24008811 0.20909091
 0.29181495 0.44615385 0.32876712 0.51497006 0.55371901 0.60683761
 0.52816901]
Per-Class Recall: [0.97861874 1.         0.98       0.97333333 0.94       0.85
 0.79       0.96       0.81       0.94666667 0.872      0.46
 0.656      0.82857143 0.96       0.86       0.76571429 0.94666667
 1.        ]
Per-Class F1-Score: [0.98919385 0.04693734 0.86725664 0.77659574 0.54651163 0.66666667
 0.57246377 0.34698795 0.50783699 0.35678392 0.37651123 0.2875
 0.40394089 0.58       0.48979592 0.64419476 0.64268585 0.73958333
 0.69124424]
Support per Class: [293949    100    150    150    100    100    100     75    100     75
    125    150    125    175     75    100    175     75     75]
Weighted Precision: 0.9961, Weighted Recall: 0.9777, Weighted F1-Score: 0.9861
Precision: 0.9961, Recall: 0.9777, F1-Score: 0.9861
Fold 1, Epoch 1140, Train Loss: 0.3422, Val Loss: 0.2461, Val Acc: 0.9817
Precision: 0.9962, Recall: 0.9849, F1-Score: 0.9898
Fold 1, Epoch 1141, Train Loss: 0.3376, Val Loss: 0.2661, Val Acc: 0.9865
Precision: 0.9960, Recall: 0.9758, F1-Score: 0.9851
Fold 1, Epoch 1142, Train Loss: 0.3436, Val Loss: 0.2542, Val Acc: 0.9768
Precision: 0.9964, Recall: 0.9915, F1-Score: 0.9935
Fold 1, Epoch 1143, Train Loss: 0.3558, Val Loss: 0.2474, Val Acc: 0.9911
Precision: 0.9964, Recall: 0.9914, F1-Score: 0.9934
Fold 1, Epoch 1144, Train Loss: 0.3263, Val Loss: 0.2509, Val Acc: 0.9908
Precision: 0.9961, Recall: 0.9588, F1-Score: 0.9764
Fold 1, Epoch 1145, Train Loss: 0.3493, Val Loss: 0.2357, Val Acc: 0.9658
Precision: 0.9965, Recall: 0.9917, F1-Score: 0.9936
Fold 1, Epoch 1146, Train Loss: 0.3196, Val Loss: 0.2344, Val Acc: 0.9913
Precision: 0.9965, Recall: 0.9913, F1-Score: 0.9934
Fold 1, Epoch 1147, Train Loss: 0.3459, Val Loss: 0.2375, Val Acc: 0.9907
Precision: 0.9960, Recall: 0.9889, F1-Score: 0.9919
Fold 1, Epoch 1148, Train Loss: 0.3409, Val Loss: 0.3025, Val Acc: 0.9891
Precision: 0.9962, Recall: 0.9910, F1-Score: 0.9932
Fold 1, Epoch 1149, Train Loss: 0.3939, Val Loss: 0.2923, Val Acc: 0.9907

--- Epoch 1150 ---
--- Epoch 1150 ---
--- Epoch 1150 ---



--- Epoch 1150 ---
Class Weights: [2.1182575e-05 5.6127068e-02 5.6127068e-02 5.9477936e-02 5.6928884e-02
 5.3851645e-02 5.3851645e-02 4.9812771e-02 5.9477936e-02 5.6127068e-02
 6.1308030e-02 5.1753532e-02 5.3851645e-02 6.0379118e-02 5.6928884e-02
 4.9197800e-02 5.4589339e-02 5.2434497e-02 5.7753939e-02]Class Weights: [2.1182575e-05 5.6127068e-02 5.6127068e-02 5.9477936e-02 5.6928884e-02
 5.3851645e-02 5.3851645e-02 4.9812771e-02 5.9477936e-02 5.6127068e-02
 6.1308030e-02 5.1753532e-02 5.3851645e-02 6.0379118e-02 5.6928884e-02
 4.9197800e-02 5.4589339e-02 5.2434497e-02 5.7753939e-02]Class Weights: [2.1182575e-05 5.6127068e-02 5.6127068e-02 5.9477936e-02 5.6928884e-02
 5.3851645e-02 5.3851645e-02 4.9812771e-02 5.9477936e-02 5.6127068e-02
 6.1308030e-02 5.1753532e-02 5.3851645e-02 6.0379118e-02 5.6928884e-02
 4.9197800e-02 5.4589339e-02 5.2434497e-02 5.7753939e-02]


Learning Rate: 0.005Learning Rate: 0.005
Learning Rate: 0.005
Class Weights: [2.1182575e-05 5.6127068e-02 5.6127068e-02 5.9477936e-02 5.6928884e-02
 5.3851645e-02 5.3851645e-02 4.9812771e-02 5.9477936e-02 5.6127068e-02
 6.1308030e-02 5.1753532e-02 5.3851645e-02 6.0379118e-02 5.6928884e-02
 4.9197800e-02 5.4589339e-02 5.2434497e-02 5.7753939e-02]

Learning Rate: 0.005
Train Loss: 0.3783, Val Loss: 0.2727Train Loss: 0.3783, Val Loss: 0.2727

Train Loss: 0.3783, Val Loss: 0.2727
Train Loss: 0.3783, Val Loss: 0.2727
Per-Class Precision: [1.         0.76190476 0.88095238 0.52851711 0.43414634 0.51234568
 0.28484848 0.14084507 0.22163588 0.21656051 0.26165803 0.18323587
 0.23880597 0.59770115 0.49193548 0.59440559 0.4984326  0.84269663
 0.7254902 ]
Per-Class Recall: [0.99236262 0.96       0.98666667 0.92666667 0.89       0.83
 0.94       0.13333333 0.84       0.90666667 0.808      0.62666667
 0.768      0.59428571 0.81333333 0.85       0.90857143 1.
 0.98666667]
Per-Class F1-Score: [0.99616667 0.84955752 0.93081761 0.67312349 0.58360656 0.63358779
 0.4372093  0.1369863  0.35073069 0.3496144  0.39530333 0.28355958
 0.36432638 0.59598854 0.61306533 0.69958848 0.6437247  0.91463415
 0.83615819]
Support per Class: [293949    100    150    150    100    100    100     75    100     75
    125    150    125    175     75    100    175     75     75]
Weighted Precision: 0.9964, Weighted Recall: 0.9912, Weighted F1-Score: 0.9933
Precision: 0.9964, Recall: 0.9912, F1-Score: 0.9933
Fold 1, Epoch 1150, Train Loss: 0.3783, Val Loss: 0.2727, Val Acc: 0.9907
Precision: 0.9962, Recall: 0.9897, F1-Score: 0.9923
Fold 1, Epoch 1151, Train Loss: 0.3744, Val Loss: 0.2695, Val Acc: 0.9893
Precision: 0.9962, Recall: 0.9912, F1-Score: 0.9932
Fold 1, Epoch 1152, Train Loss: 0.3553, Val Loss: 0.2616, Val Acc: 0.9908
Precision: 0.9963, Recall: 0.9912, F1-Score: 0.9933
Fold 1, Epoch 1153, Train Loss: 0.3532, Val Loss: 0.2477, Val Acc: 0.9908
Precision: 0.9962, Recall: 0.9646, F1-Score: 0.9794
Fold 1, Epoch 1154, Train Loss: 0.3370, Val Loss: 0.2568, Val Acc: 0.9708
Precision: 0.9965, Recall: 0.9915, F1-Score: 0.9935
Fold 1, Epoch 1155, Train Loss: 0.3682, Val Loss: 0.2441, Val Acc: 0.9909
Precision: 0.9964, Recall: 0.9914, F1-Score: 0.9934
Fold 1, Epoch 1156, Train Loss: 0.3611, Val Loss: 0.2618, Val Acc: 0.9909
Precision: 0.9963, Recall: 0.9913, F1-Score: 0.9933
Fold 1, Epoch 1157, Train Loss: 0.3470, Val Loss: 0.2366, Val Acc: 0.9906
Precision: 0.9963, Recall: 0.9916, F1-Score: 0.9934
Fold 1, Epoch 1158, Train Loss: 0.3465, Val Loss: 0.2325, Val Acc: 0.9911
Precision: 0.9964, Recall: 0.9914, F1-Score: 0.9934
Fold 1, Epoch 1159, Train Loss: 0.3198, Val Loss: 0.2360, Val Acc: 0.9907

--- Epoch 1160 ---
--- Epoch 1160 ---
--- Epoch 1160 ---



--- Epoch 1160 ---
Class Weights: [2.1182575e-05 5.6127068e-02 5.6127068e-02 5.9477936e-02 5.6928884e-02
 5.3851645e-02 5.3851645e-02 4.9812771e-02 5.9477936e-02 5.6127068e-02
 6.1308030e-02 5.1753532e-02 5.3851645e-02 6.0379118e-02 5.6928884e-02
 4.9197800e-02 5.4589339e-02 5.2434497e-02 5.7753939e-02]Class Weights: [2.1182575e-05 5.6127068e-02 5.6127068e-02 5.9477936e-02 5.6928884e-02
 5.3851645e-02 5.3851645e-02 4.9812771e-02 5.9477936e-02 5.6127068e-02
 6.1308030e-02 5.1753532e-02 5.3851645e-02 6.0379118e-02 5.6928884e-02
 4.9197800e-02 5.4589339e-02 5.2434497e-02 5.7753939e-02]Class Weights: [2.1182575e-05 5.6127068e-02 5.6127068e-02 5.9477936e-02 5.6928884e-02
 5.3851645e-02 5.3851645e-02 4.9812771e-02 5.9477936e-02 5.6127068e-02
 6.1308030e-02 5.1753532e-02 5.3851645e-02 6.0379118e-02 5.6928884e-02
 4.9197800e-02 5.4589339e-02 5.2434497e-02 5.7753939e-02]Class Weights: [2.1182575e-05 5.6127068e-02 5.6127068e-02 5.9477936e-02 5.6928884e-02
 5.3851645e-02 5.3851645e-02 4.9812771e-02 5.9477936e-02 5.6127068e-02
 6.1308030e-02 5.1753532e-02 5.3851645e-02 6.0379118e-02 5.6928884e-02
 4.9197800e-02 5.4589339e-02 5.2434497e-02 5.7753939e-02]



Learning Rate: 0.005Learning Rate: 0.005
Learning Rate: 0.005Learning Rate: 0.005


Train Loss: 0.3391, Val Loss: 0.2310
Train Loss: 0.3391, Val Loss: 0.2310Train Loss: 0.3391, Val Loss: 0.2310Train Loss: 0.3391, Val Loss: 0.2310


Per-Class Precision: [1.         0.79032258 0.90243902 0.48534202 0.42574257 0.57638889
 0.49079755 0.20982143 0.28846154 0.18564356 0.24266145 0.23178808
 0.28735632 0.54365079 0.43918919 0.58860759 0.52866242 0.70093458
 0.68807339]
Per-Class Recall: [0.99228438 0.98       0.98666667 0.99333333 0.86       0.83
 0.8        0.62666667 0.9        1.         0.992      0.46666667
 0.8        0.78285714 0.86666667 0.93       0.94857143 1.
 1.        ]
Per-Class F1-Score: [0.99612725 0.875      0.94267516 0.65207877 0.56953642 0.68032787
 0.60836502 0.31438127 0.4368932  0.3131524  0.38993711 0.30973451
 0.42283298 0.64168618 0.58295964 0.72093023 0.67893661 0.82417582
 0.81521739]
Support per Class: [293949    100    150    150    100    100    100     75    100     75
    125    150    125    175     75    100    175     75     75]
Weighted Precision: 0.9965, Weighted Recall: 0.9914, Weighted F1-Score: 0.9934
Precision: 0.9965, Recall: 0.9914, F1-Score: 0.9934
Fold 1, Epoch 1160, Train Loss: 0.3391, Val Loss: 0.2310, Val Acc: 0.9910
Precision: 0.9965, Recall: 0.9916, F1-Score: 0.9935
Fold 1, Epoch 1161, Train Loss: 0.3211, Val Loss: 0.2309, Val Acc: 0.9910
Precision: 0.9964, Recall: 0.9915, F1-Score: 0.9934
Fold 1, Epoch 1162, Train Loss: 0.3389, Val Loss: 0.2266, Val Acc: 0.9910
Precision: 0.9963, Recall: 0.9907, F1-Score: 0.9929
Fold 1, Epoch 1163, Train Loss: 0.3284, Val Loss: 0.2322, Val Acc: 0.9902
Precision: 0.9964, Recall: 0.9915, F1-Score: 0.9934
Fold 1, Epoch 1164, Train Loss: 0.3338, Val Loss: 0.2335, Val Acc: 0.9910
Precision: 0.9961, Recall: 0.9902, F1-Score: 0.9926
Fold 1, Epoch 1165, Train Loss: 0.3377, Val Loss: 0.2466, Val Acc: 0.9895
Precision: 0.9965, Recall: 0.9916, F1-Score: 0.9935
Fold 1, Epoch 1166, Train Loss: 0.3342, Val Loss: 0.2321, Val Acc: 0.9911
Precision: 0.9964, Recall: 0.9916, F1-Score: 0.9935
Fold 1, Epoch 1167, Train Loss: 0.3405, Val Loss: 0.2329, Val Acc: 0.9911
Precision: 0.9963, Recall: 0.9910, F1-Score: 0.9931
Fold 1, Epoch 1168, Train Loss: 0.3458, Val Loss: 0.2549, Val Acc: 0.9904
Precision: 0.9963, Recall: 0.9914, F1-Score: 0.9933
Fold 1, Epoch 1169, Train Loss: 0.3421, Val Loss: 0.2427, Val Acc: 0.9910

--- Epoch 1170 ---
--- Epoch 1170 ---
--- Epoch 1170 ---



--- Epoch 1170 ---
Class Weights: [2.1182575e-05 5.6127068e-02 5.6127068e-02 5.9477936e-02 5.6928884e-02
 5.3851645e-02 5.3851645e-02 4.9812771e-02 5.9477936e-02 5.6127068e-02
 6.1308030e-02 5.1753532e-02 5.3851645e-02 6.0379118e-02 5.6928884e-02
 4.9197800e-02 5.4589339e-02 5.2434497e-02 5.7753939e-02]Class Weights: [2.1182575e-05 5.6127068e-02 5.6127068e-02 5.9477936e-02 5.6928884e-02
 5.3851645e-02 5.3851645e-02 4.9812771e-02 5.9477936e-02 5.6127068e-02
 6.1308030e-02 5.1753532e-02 5.3851645e-02 6.0379118e-02 5.6928884e-02
 4.9197800e-02 5.4589339e-02 5.2434497e-02 5.7753939e-02]
Class Weights: [2.1182575e-05 5.6127068e-02 5.6127068e-02 5.9477936e-02 5.6928884e-02
 5.3851645e-02 5.3851645e-02 4.9812771e-02 5.9477936e-02 5.6127068e-02
 6.1308030e-02 5.1753532e-02 5.3851645e-02 6.0379118e-02 5.6928884e-02
 4.9197800e-02 5.4589339e-02 5.2434497e-02 5.7753939e-02]
Learning Rate: 0.005

Learning Rate: 0.005Learning Rate: 0.005

Train Loss: 0.3345, Val Loss: 0.2544
Train Loss: 0.3345, Val Loss: 0.2544Train Loss: 0.3345, Val Loss: 0.2544

Class Weights: [2.1182575e-05 5.6127068e-02 5.6127068e-02 5.9477936e-02 5.6928884e-02
 5.3851645e-02 5.3851645e-02 4.9812771e-02 5.9477936e-02 5.6127068e-02
 6.1308030e-02 5.1753532e-02 5.3851645e-02 6.0379118e-02 5.6928884e-02
 4.9197800e-02 5.4589339e-02 5.2434497e-02 5.7753939e-02]
Learning Rate: 0.005
Train Loss: 0.3345, Val Loss: 0.2544
Per-Class Precision: [1.         0.78571429 0.77604167 0.48208469 0.35682819 0.52980132
 0.45054945 0.32240437 0.2371134  0.16483516 0.21466905 0.22440945
 0.35689046 0.4858156  0.36734694 0.65853659 0.52848101 0.65217391
 0.74257426]
Per-Class Recall: [0.99244427 0.99       0.99333333 0.98666667 0.81       0.8
 0.82       0.78666667 0.46       1.         0.96       0.38
 0.808      0.78285714 0.96       0.81       0.95428571 1.
 1.        ]
Per-Class F1-Score: [0.99620781 0.87610619 0.87134503 0.64770241 0.49541284 0.6374502
 0.58156028 0.45736434 0.31292517 0.28301887 0.35087719 0.28217822
 0.49509804 0.59956236 0.53136531 0.7264574  0.6802444  0.78947368
 0.85227273]
Support per Class: [293949    100    150    150    100    100    100     75    100     75
    125    150    125    175     75    100    175     75     75]
Weighted Precision: 0.9963, Weighted Recall: 0.9914, Weighted F1-Score: 0.9934
Precision: 0.9963, Recall: 0.9914, F1-Score: 0.9934
Fold 1, Epoch 1170, Train Loss: 0.3345, Val Loss: 0.2544, Val Acc: 0.9910
Precision: 0.9963, Recall: 0.9908, F1-Score: 0.9929
Fold 1, Epoch 1171, Train Loss: 0.3778, Val Loss: 0.2290, Val Acc: 0.9903
Precision: 0.9963, Recall: 0.9914, F1-Score: 0.9933
Fold 1, Epoch 1172, Train Loss: 0.3583, Val Loss: 0.2496, Val Acc: 0.9909
Precision: 0.9962, Recall: 0.9913, F1-Score: 0.9932
Fold 1, Epoch 1173, Train Loss: 0.3531, Val Loss: 0.2518, Val Acc: 0.9909
Precision: 0.9964, Recall: 0.9915, F1-Score: 0.9934
Fold 1, Epoch 1174, Train Loss: 0.3536, Val Loss: 0.2461, Val Acc: 0.9910
Precision: 0.9964, Recall: 0.9912, F1-Score: 0.9933
Fold 1, Epoch 1175, Train Loss: 0.3474, Val Loss: 0.2474, Val Acc: 0.9905
Precision: 0.9962, Recall: 0.9904, F1-Score: 0.9928
Fold 1, Epoch 1176, Train Loss: 0.3452, Val Loss: 0.2435, Val Acc: 0.9900
Precision: 0.9964, Recall: 0.9915, F1-Score: 0.9934
Fold 1, Epoch 1177, Train Loss: 0.3431, Val Loss: 0.2467, Val Acc: 0.9909
Precision: 0.9963, Recall: 0.9914, F1-Score: 0.9933
Fold 1, Epoch 1178, Train Loss: 0.3543, Val Loss: 0.2596, Val Acc: 0.9908
Precision: 0.9962, Recall: 0.9913, F1-Score: 0.9932
Fold 1, Epoch 1179, Train Loss: 0.3468, Val Loss: 0.2515, Val Acc: 0.9908

--- Epoch 1180 ---
--- Epoch 1180 ---
--- Epoch 1180 ---



--- Epoch 1180 ---
Class Weights: [2.1182575e-05 5.6127068e-02 5.6127068e-02 5.9477936e-02 5.6928884e-02
 5.3851645e-02 5.3851645e-02 4.9812771e-02 5.9477936e-02 5.6127068e-02
 6.1308030e-02 5.1753532e-02 5.3851645e-02 6.0379118e-02 5.6928884e-02
 4.9197800e-02 5.4589339e-02 5.2434497e-02 5.7753939e-02]Class Weights: [2.1182575e-05 5.6127068e-02 5.6127068e-02 5.9477936e-02 5.6928884e-02
 5.3851645e-02 5.3851645e-02 4.9812771e-02 5.9477936e-02 5.6127068e-02
 6.1308030e-02 5.1753532e-02 5.3851645e-02 6.0379118e-02 5.6928884e-02
 4.9197800e-02 5.4589339e-02 5.2434497e-02 5.7753939e-02]Class Weights: [2.1182575e-05 5.6127068e-02 5.6127068e-02 5.9477936e-02 5.6928884e-02
 5.3851645e-02 5.3851645e-02 4.9812771e-02 5.9477936e-02 5.6127068e-02
 6.1308030e-02 5.1753532e-02 5.3851645e-02 6.0379118e-02 5.6928884e-02
 4.9197800e-02 5.4589339e-02 5.2434497e-02 5.7753939e-02]
Class Weights: [2.1182575e-05 5.6127068e-02 5.6127068e-02 5.9477936e-02 5.6928884e-02
 5.3851645e-02 5.3851645e-02 4.9812771e-02 5.9477936e-02 5.6127068e-02
 6.1308030e-02 5.1753532e-02 5.3851645e-02 6.0379118e-02 5.6928884e-02
 4.9197800e-02 5.4589339e-02 5.2434497e-02 5.7753939e-02]

Learning Rate: 0.005

Learning Rate: 0.005Learning Rate: 0.005
Learning Rate: 0.005

Train Loss: 0.3391, Val Loss: 0.2719
Train Loss: 0.3391, Val Loss: 0.2719Train Loss: 0.3391, Val Loss: 0.2719Train Loss: 0.3391, Val Loss: 0.2719


Per-Class Precision: [1.         0.75968992 0.8525641  0.51567944 0.36538462 0.49112426
 0.34033613 0.17538462 0.3196347  0.25783972 0.26098901 0.17883212
 0.21325052 0.52707581 0.36423841 0.51282051 0.47916667 0.82142857
 0.72115385]
Per-Class Recall: [0.99213129 0.98       0.88666667 0.98666667 0.95       0.83
 0.81       0.76       0.7        0.98666667 0.76       0.32666667
 0.824      0.83428571 0.73333333 1.         0.92       0.92
 1.        ]
Per-Class F1-Score: [0.9960501  0.8558952  0.86928105 0.67734554 0.52777778 0.61710037
 0.47928994 0.285      0.43887147 0.40883978 0.38854806 0.23113208
 0.33881579 0.6460177  0.48672566 0.6779661  0.63013699 0.86792453
 0.83798883]
Support per Class: [293949    100    150    150    100    100    100     75    100     75
    125    150    125    175     75    100    175     75     75]
Weighted Precision: 0.9963, Weighted Recall: 0.9911, Weighted F1-Score: 0.9931
Precision: 0.9963, Recall: 0.9911, F1-Score: 0.9931
Fold 1, Epoch 1180, Train Loss: 0.3391, Val Loss: 0.2719, Val Acc: 0.9904
Precision: 0.9963, Recall: 0.9912, F1-Score: 0.9933
Fold 1, Epoch 1181, Train Loss: 0.3502, Val Loss: 0.2772, Val Acc: 0.9906
Precision: 0.9964, Recall: 0.9916, F1-Score: 0.9935
Fold 1, Epoch 1182, Train Loss: 0.3635, Val Loss: 0.2429, Val Acc: 0.9910
Precision: 0.9963, Recall: 0.9912, F1-Score: 0.9932
Fold 1, Epoch 1183, Train Loss: 0.3459, Val Loss: 0.2572, Val Acc: 0.9906
Precision: 0.9963, Recall: 0.9912, F1-Score: 0.9932
Fold 1, Epoch 1184, Train Loss: 0.3283, Val Loss: 0.2305, Val Acc: 0.9904
Precision: 0.9963, Recall: 0.9918, F1-Score: 0.9935
Fold 1, Epoch 1185, Train Loss: 0.3390, Val Loss: 0.2574, Val Acc: 0.9912
Precision: 0.9962, Recall: 0.9894, F1-Score: 0.9922
Fold 1, Epoch 1186, Train Loss: 0.3321, Val Loss: 0.2439, Val Acc: 0.9891
Precision: 0.9963, Recall: 0.9901, F1-Score: 0.9925
Fold 1, Epoch 1187, Train Loss: 0.3592, Val Loss: 0.2419, Val Acc: 0.9895
Precision: 0.9964, Recall: 0.9917, F1-Score: 0.9935
Fold 1, Epoch 1188, Train Loss: 0.3199, Val Loss: 0.2386, Val Acc: 0.9910
Precision: 0.9964, Recall: 0.9917, F1-Score: 0.9935
Fold 1, Epoch 1189, Train Loss: 0.3422, Val Loss: 0.2315, Val Acc: 0.9910

--- Epoch 1190 ---
--- Epoch 1190 ---
--- Epoch 1190 ---



--- Epoch 1190 ---
Class Weights: [2.1182575e-05 5.6127068e-02 5.6127068e-02 5.9477936e-02 5.6928884e-02
 5.3851645e-02 5.3851645e-02 4.9812771e-02 5.9477936e-02 5.6127068e-02
 6.1308030e-02 5.1753532e-02 5.3851645e-02 6.0379118e-02 5.6928884e-02
 4.9197800e-02 5.4589339e-02 5.2434497e-02 5.7753939e-02]Class Weights: [2.1182575e-05 5.6127068e-02 5.6127068e-02 5.9477936e-02 5.6928884e-02
 5.3851645e-02 5.3851645e-02 4.9812771e-02 5.9477936e-02 5.6127068e-02
 6.1308030e-02 5.1753532e-02 5.3851645e-02 6.0379118e-02 5.6928884e-02
 4.9197800e-02 5.4589339e-02 5.2434497e-02 5.7753939e-02]Class Weights: [2.1182575e-05 5.6127068e-02 5.6127068e-02 5.9477936e-02 5.6928884e-02
 5.3851645e-02 5.3851645e-02 4.9812771e-02 5.9477936e-02 5.6127068e-02
 6.1308030e-02 5.1753532e-02 5.3851645e-02 6.0379118e-02 5.6928884e-02
 4.9197800e-02 5.4589339e-02 5.2434497e-02 5.7753939e-02]Class Weights: [2.1182575e-05 5.6127068e-02 5.6127068e-02 5.9477936e-02 5.6928884e-02
 5.3851645e-02 5.3851645e-02 4.9812771e-02 5.9477936e-02 5.6127068e-02
 6.1308030e-02 5.1753532e-02 5.3851645e-02 6.0379118e-02 5.6928884e-02
 4.9197800e-02 5.4589339e-02 5.2434497e-02 5.7753939e-02]



Learning Rate: 0.005Learning Rate: 0.005Learning Rate: 0.005Learning Rate: 0.005



Train Loss: 0.3289, Val Loss: 0.2714Train Loss: 0.3289, Val Loss: 0.2714
Train Loss: 0.3289, Val Loss: 0.2714
Train Loss: 0.3289, Val Loss: 0.2714

Per-Class Precision: [1.         0.63291139 0.64912281 0.5859375  0.40952381 0.52287582
 0.40721649 0.18475073 0.39772727 0.24666667 0.26030928 0.12152778
 0.2513369  0.45192308 0.45454545 0.57988166 0.54125413 0.60504202
 0.58139535]
Per-Class Recall: [0.99246128 1.         0.98666667 1.         0.86       0.8
 0.79       0.84       0.7        0.98666667 0.808      0.23333333
 0.752      0.80571429 0.86666667 0.98       0.93714286 0.96
 1.        ]
Per-Class F1-Score: [0.99621638 0.7751938  0.78306878 0.73891626 0.55483871 0.63241107
 0.53741497 0.30288462 0.50724638 0.39466667 0.39376218 0.15981735
 0.37675351 0.57905544 0.59633028 0.72862454 0.68619247 0.74226804
 0.73529412]
Support per Class: [293949    100    150    150    100    100    100     75    100     75
    125    150    125    175     75    100    175     75     75]
Weighted Precision: 0.9962, Weighted Recall: 0.9914, Weighted F1-Score: 0.9933
Precision: 0.9962, Recall: 0.9914, F1-Score: 0.9933
Fold 1, Epoch 1190, Train Loss: 0.3289, Val Loss: 0.2714, Val Acc: 0.9907
Precision: 0.9961, Recall: 0.9904, F1-Score: 0.9927
Fold 1, Epoch 1191, Train Loss: 0.3448, Val Loss: 0.2835, Val Acc: 0.9900
Precision: 0.9963, Recall: 0.9915, F1-Score: 0.9934
Fold 1, Epoch 1192, Train Loss: 0.3864, Val Loss: 0.2505, Val Acc: 0.9910
Precision: 0.9963, Recall: 0.9910, F1-Score: 0.9932
Fold 1, Epoch 1193, Train Loss: 0.3542, Val Loss: 0.2943, Val Acc: 0.9904
Precision: 0.9963, Recall: 0.9913, F1-Score: 0.9933
Fold 1, Epoch 1194, Train Loss: 0.3694, Val Loss: 0.2957, Val Acc: 0.9906
Precision: 0.9961, Recall: 0.9910, F1-Score: 0.9930
Fold 1, Epoch 1195, Train Loss: 0.3792, Val Loss: 0.2682, Val Acc: 0.9904
Precision: 0.9964, Recall: 0.9917, F1-Score: 0.9935
Fold 1, Epoch 1196, Train Loss: 0.3672, Val Loss: 0.2466, Val Acc: 0.9910
Precision: 0.9964, Recall: 0.9914, F1-Score: 0.9934
Fold 1, Epoch 1197, Train Loss: 0.3458, Val Loss: 0.2591, Val Acc: 0.9907
Precision: 0.9964, Recall: 0.9915, F1-Score: 0.9934
Fold 1, Epoch 1198, Train Loss: 0.3537, Val Loss: 0.2528, Val Acc: 0.9909
Precision: 0.9963, Recall: 0.9916, F1-Score: 0.9935
Fold 1, Epoch 1199, Train Loss: 0.3174, Val Loss: 0.2384, Val Acc: 0.9911

--- Epoch 1200 ---
--- Epoch 1200 ---

--- Epoch 1200 ---


--- Epoch 1200 ---
Class Weights: [2.1182575e-05 5.6127068e-02 5.6127068e-02 5.9477936e-02 5.6928884e-02
 5.3851645e-02 5.3851645e-02 4.9812771e-02 5.9477936e-02 5.6127068e-02
 6.1308030e-02 5.1753532e-02 5.3851645e-02 6.0379118e-02 5.6928884e-02
 4.9197800e-02 5.4589339e-02 5.2434497e-02 5.7753939e-02]Class Weights: [2.1182575e-05 5.6127068e-02 5.6127068e-02 5.9477936e-02 5.6928884e-02
 5.3851645e-02 5.3851645e-02 4.9812771e-02 5.9477936e-02 5.6127068e-02
 6.1308030e-02 5.1753532e-02 5.3851645e-02 6.0379118e-02 5.6928884e-02
 4.9197800e-02 5.4589339e-02 5.2434497e-02 5.7753939e-02]Class Weights: [2.1182575e-05 5.6127068e-02 5.6127068e-02 5.9477936e-02 5.6928884e-02
 5.3851645e-02 5.3851645e-02 4.9812771e-02 5.9477936e-02 5.6127068e-02
 6.1308030e-02 5.1753532e-02 5.3851645e-02 6.0379118e-02 5.6928884e-02
 4.9197800e-02 5.4589339e-02 5.2434497e-02 5.7753939e-02]
Class Weights: [2.1182575e-05 5.6127068e-02 5.6127068e-02 5.9477936e-02 5.6928884e-02
 5.3851645e-02 5.3851645e-02 4.9812771e-02 5.9477936e-02 5.6127068e-02
 6.1308030e-02 5.1753532e-02 5.3851645e-02 6.0379118e-02 5.6928884e-02
 4.9197800e-02 5.4589339e-02 5.2434497e-02 5.7753939e-02]

Learning Rate: 0.005

Learning Rate: 0.005Learning Rate: 0.005
Learning Rate: 0.005

Train Loss: 0.3388, Val Loss: 0.2496
Train Loss: 0.3388, Val Loss: 0.2496
Train Loss: 0.3388, Val Loss: 0.2496Train Loss: 0.3388, Val Loss: 0.2496

Per-Class Precision: [1.         0.25322997 0.86826347 0.55555556 0.35231317 0.60629921
 0.55072464 0.26446281 0.265625   0.22522523 0.28246753 0.2025641
 0.22765957 0.56910569 0.3255814  0.51020408 0.51162791 0.65486726
 0.67592593]
Per-Class Recall: [0.99140667 0.98       0.96666667 0.93333333 0.99       0.77
 0.76       0.85333333 0.85       1.         0.696      0.52666667
 0.856      0.8        0.74666667 1.         0.88       0.98666667
 0.97333333]
Per-Class F1-Score: [0.9956848  0.40246407 0.9148265  0.69651741 0.51968504 0.6784141
 0.63865546 0.40378549 0.4047619  0.36764706 0.40184758 0.29259259
 0.35966387 0.66508314 0.4534413  0.67567568 0.64705882 0.78723404
 0.79781421]
Support per Class: [293949    100    150    150    100    100    100     75    100     75
    125    150    125    175     75    100    175     75     75]
Weighted Precision: 0.9962, Weighted Recall: 0.9905, Weighted F1-Score: 0.9928
Precision: 0.9962, Recall: 0.9905, F1-Score: 0.9928
Fold 1, Epoch 1200, Train Loss: 0.3388, Val Loss: 0.2496, Val Acc: 0.9900
Precision: 0.9963, Recall: 0.9914, F1-Score: 0.9933
Fold 1, Epoch 1201, Train Loss: 0.3472, Val Loss: 0.2295, Val Acc: 0.9907
Precision: 0.9964, Recall: 0.9915, F1-Score: 0.9934
Fold 1, Epoch 1202, Train Loss: 0.3287, Val Loss: 0.2321, Val Acc: 0.9909
Precision: 0.9965, Recall: 0.9915, F1-Score: 0.9935
Fold 1, Epoch 1203, Train Loss: 0.3422, Val Loss: 0.2418, Val Acc: 0.9908
Precision: 0.9964, Recall: 0.9914, F1-Score: 0.9934
Fold 1, Epoch 1204, Train Loss: 0.3308, Val Loss: 0.2390, Val Acc: 0.9907
Precision: 0.9964, Recall: 0.9915, F1-Score: 0.9934
Fold 1, Epoch 1205, Train Loss: 0.3287, Val Loss: 0.2540, Val Acc: 0.9909
Precision: 0.9964, Recall: 0.9906, F1-Score: 0.9929
Fold 1, Epoch 1206, Train Loss: 0.3401, Val Loss: 0.2748, Val Acc: 0.9899
Precision: 0.9964, Recall: 0.9916, F1-Score: 0.9935
Fold 1, Epoch 1207, Train Loss: 0.3376, Val Loss: 0.2344, Val Acc: 0.9909
Precision: 0.9964, Recall: 0.9913, F1-Score: 0.9934
Fold 1, Epoch 1208, Train Loss: 0.3320, Val Loss: 0.2363, Val Acc: 0.9908
Precision: 0.9963, Recall: 0.9914, F1-Score: 0.9933
Fold 1, Epoch 1209, Train Loss: 0.3363, Val Loss: 0.2657, Val Acc: 0.9908

--- Epoch 1210 ---
--- Epoch 1210 ---
--- Epoch 1210 ---



--- Epoch 1210 ---
Class Weights: [2.1182575e-05 5.6127068e-02 5.6127068e-02 5.9477936e-02 5.6928884e-02
 5.3851645e-02 5.3851645e-02 4.9812771e-02 5.9477936e-02 5.6127068e-02
 6.1308030e-02 5.1753532e-02 5.3851645e-02 6.0379118e-02 5.6928884e-02
 4.9197800e-02 5.4589339e-02 5.2434497e-02 5.7753939e-02]Class Weights: [2.1182575e-05 5.6127068e-02 5.6127068e-02 5.9477936e-02 5.6928884e-02
 5.3851645e-02 5.3851645e-02 4.9812771e-02 5.9477936e-02 5.6127068e-02
 6.1308030e-02 5.1753532e-02 5.3851645e-02 6.0379118e-02 5.6928884e-02
 4.9197800e-02 5.4589339e-02 5.2434497e-02 5.7753939e-02]Class Weights: [2.1182575e-05 5.6127068e-02 5.6127068e-02 5.9477936e-02 5.6928884e-02
 5.3851645e-02 5.3851645e-02 4.9812771e-02 5.9477936e-02 5.6127068e-02
 6.1308030e-02 5.1753532e-02 5.3851645e-02 6.0379118e-02 5.6928884e-02
 4.9197800e-02 5.4589339e-02 5.2434497e-02 5.7753939e-02]Class Weights: [2.1182575e-05 5.6127068e-02 5.6127068e-02 5.9477936e-02 5.6928884e-02
 5.3851645e-02 5.3851645e-02 4.9812771e-02 5.9477936e-02 5.6127068e-02
 6.1308030e-02 5.1753532e-02 5.3851645e-02 6.0379118e-02 5.6928884e-02
 4.9197800e-02 5.4589339e-02 5.2434497e-02 5.7753939e-02]



Learning Rate: 0.005Learning Rate: 0.005Learning Rate: 0.005
Learning Rate: 0.005


Train Loss: 0.3284, Val Loss: 0.2279
Train Loss: 0.3284, Val Loss: 0.2279Train Loss: 0.3284, Val Loss: 0.2279Train Loss: 0.3284, Val Loss: 0.2279


Per-Class Precision: [1.         0.792      0.86982249 0.50357143 0.35102041 0.48809524
 0.42079208 0.26106195 0.33461538 0.21126761 0.28611898 0.23157895
 0.33739837 0.42735043 0.40251572 0.6796875  0.48830409 0.75757576
 0.68807339]
Per-Class Recall: [0.99228778 0.99       0.98       0.94       0.86       0.82
 0.85       0.78666667 0.87       1.         0.808      0.73333333
 0.664      0.85714286 0.85333333 0.87       0.95428571 1.
 1.        ]
Per-Class F1-Score: [0.99612896 0.88       0.92163009 0.65581395 0.49855072 0.6119403
 0.56291391 0.39202658 0.48333333 0.34883721 0.42259414 0.352
 0.44743935 0.57034221 0.54700855 0.76315789 0.64603482 0.86206897
 0.81521739]
Support per Class: [293949    100    150    150    100    100    100     75    100     75
    125    150    125    175     75    100    175     75     75]
Weighted Precision: 0.9964, Weighted Recall: 0.9915, Weighted F1-Score: 0.9934
Precision: 0.9964, Recall: 0.9915, F1-Score: 0.9934
Fold 1, Epoch 1210, Train Loss: 0.3284, Val Loss: 0.2279, Val Acc: 0.9909
Precision: 0.9965, Recall: 0.9916, F1-Score: 0.9936
Fold 1, Epoch 1211, Train Loss: 0.3150, Val Loss: 0.2430, Val Acc: 0.9908
Precision: 0.9963, Recall: 0.9906, F1-Score: 0.9929
Fold 1, Epoch 1212, Train Loss: 0.3488, Val Loss: 0.2265, Val Acc: 0.9902
Precision: 0.9964, Recall: 0.9913, F1-Score: 0.9933
Fold 1, Epoch 1213, Train Loss: 0.3103, Val Loss: 0.2430, Val Acc: 0.9908
Precision: 0.9963, Recall: 0.9911, F1-Score: 0.9931
Fold 1, Epoch 1214, Train Loss: 0.3130, Val Loss: 0.2350, Val Acc: 0.9904
Precision: 0.9964, Recall: 0.9917, F1-Score: 0.9935
Fold 1, Epoch 1215, Train Loss: 0.3097, Val Loss: 0.2347, Val Acc: 0.9911
Precision: 0.9964, Recall: 0.9916, F1-Score: 0.9935
Fold 1, Epoch 1216, Train Loss: 0.3302, Val Loss: 0.2378, Val Acc: 0.9911
Precision: 0.9963, Recall: 0.9913, F1-Score: 0.9933
Fold 1, Epoch 1217, Train Loss: 0.3443, Val Loss: 0.2524, Val Acc: 0.9905
Precision: 0.9964, Recall: 0.9782, F1-Score: 0.9866
Fold 1, Epoch 1218, Train Loss: 0.3396, Val Loss: 0.2630, Val Acc: 0.9785
Precision: 0.9965, Recall: 0.9914, F1-Score: 0.9934
Fold 1, Epoch 1219, Train Loss: 0.3494, Val Loss: 0.2314, Val Acc: 0.9910

--- Epoch 1220 ---
--- Epoch 1220 ---

--- Epoch 1220 ---
--- Epoch 1220 ---


Class Weights: [2.1182575e-05 5.6127068e-02 5.6127068e-02 5.9477936e-02 5.6928884e-02
 5.3851645e-02 5.3851645e-02 4.9812771e-02 5.9477936e-02 5.6127068e-02
 6.1308030e-02 5.1753532e-02 5.3851645e-02 6.0379118e-02 5.6928884e-02
 4.9197800e-02 5.4589339e-02 5.2434497e-02 5.7753939e-02]
Learning Rate: 0.005
Class Weights: [2.1182575e-05 5.6127068e-02 5.6127068e-02 5.9477936e-02 5.6928884e-02
 5.3851645e-02 5.3851645e-02 4.9812771e-02 5.9477936e-02 5.6127068e-02
 6.1308030e-02 5.1753532e-02 5.3851645e-02 6.0379118e-02 5.6928884e-02
 4.9197800e-02 5.4589339e-02 5.2434497e-02 5.7753939e-02]Class Weights: [2.1182575e-05 5.6127068e-02 5.6127068e-02 5.9477936e-02 5.6928884e-02
 5.3851645e-02 5.3851645e-02 4.9812771e-02 5.9477936e-02 5.6127068e-02
 6.1308030e-02 5.1753532e-02 5.3851645e-02 6.0379118e-02 5.6928884e-02
 4.9197800e-02 5.4589339e-02 5.2434497e-02 5.7753939e-02]Class Weights: [2.1182575e-05 5.6127068e-02 5.6127068e-02 5.9477936e-02 5.6928884e-02
 5.3851645e-02 5.3851645e-02 4.9812771e-02 5.9477936e-02 5.6127068e-02
 6.1308030e-02 5.1753532e-02 5.3851645e-02 6.0379118e-02 5.6928884e-02
 4.9197800e-02 5.4589339e-02 5.2434497e-02 5.7753939e-02]


Learning Rate: 0.005Learning Rate: 0.005
Learning Rate: 0.005

Train Loss: 0.3299, Val Loss: 0.2376
Train Loss: 0.3299, Val Loss: 0.2376Train Loss: 0.3299, Val Loss: 0.2376
Train Loss: 0.3299, Val Loss: 0.2376

Per-Class Precision: [1.         0.56818182 0.72463768 0.4601227  0.41363636 0.608
 0.35950413 0.17201166 0.40764331 0.13357401 0.25114155 0.21993127
 0.27213115 0.43315508 0.44370861 0.64788732 0.58426966 0.44642857
 0.64102564]
Per-Class Recall: [0.99122977 1.         1.         1.         0.91       0.76
 0.87       0.78666667 0.64       0.98666667 0.88       0.42666667
 0.664      0.92571429 0.89333333 0.92       0.89142857 1.
 1.        ]
Per-Class F1-Score: [0.99559557 0.72463768 0.84033613 0.6302521  0.56875    0.67555556
 0.50877193 0.28229665 0.49805447 0.23529412 0.39076377 0.29024943
 0.38604651 0.59016393 0.59292035 0.76033058 0.70588235 0.61728395
 0.78125   ]
Support per Class: [293949    100    150    150    100    100    100     75    100     75
    125    150    125    175     75    100    175     75     75]
Weighted Precision: 0.9962, Weighted Recall: 0.9903, Weighted F1-Score: 0.9927
Precision: 0.9962, Recall: 0.9903, F1-Score: 0.9927
Fold 1, Epoch 1220, Train Loss: 0.3299, Val Loss: 0.2376, Val Acc: 0.9893
Precision: 0.9964, Recall: 0.9916, F1-Score: 0.9935
Fold 1, Epoch 1221, Train Loss: 0.3410, Val Loss: 0.2352, Val Acc: 0.9911
Precision: 0.9963, Recall: 0.9913, F1-Score: 0.9933
Fold 1, Epoch 1222, Train Loss: 0.3203, Val Loss: 0.2477, Val Acc: 0.9907
Precision: 0.9965, Recall: 0.9909, F1-Score: 0.9932
Fold 1, Epoch 1223, Train Loss: 0.3345, Val Loss: 0.2456, Val Acc: 0.9904
Precision: 0.9964, Recall: 0.9917, F1-Score: 0.9936
Fold 1, Epoch 1224, Train Loss: 0.3183, Val Loss: 0.2490, Val Acc: 0.9913
Precision: 0.9961, Recall: 0.9748, F1-Score: 0.9846
Fold 1, Epoch 1225, Train Loss: 0.3431, Val Loss: 0.2668, Val Acc: 0.9780
Precision: 0.9961, Recall: 0.9705, F1-Score: 0.9825
Fold 1, Epoch 1226, Train Loss: 0.3507, Val Loss: 0.2680, Val Acc: 0.9755
Precision: 0.9963, Recall: 0.9903, F1-Score: 0.9928
Fold 1, Epoch 1227, Train Loss: 0.3535, Val Loss: 0.2464, Val Acc: 0.9898
Precision: 0.9964, Recall: 0.9916, F1-Score: 0.9935
Fold 1, Epoch 1228, Train Loss: 0.3379, Val Loss: 0.2343, Val Acc: 0.9912
Precision: 0.9963, Recall: 0.9914, F1-Score: 0.9933
Fold 1, Epoch 1229, Train Loss: 0.3272, Val Loss: 0.2606, Val Acc: 0.9908

--- Epoch 1230 ---
--- Epoch 1230 ---

--- Epoch 1230 ---

--- Epoch 1230 ---

Class Weights: [2.1182575e-05 5.6127068e-02 5.6127068e-02 5.9477936e-02 5.6928884e-02
 5.3851645e-02 5.3851645e-02 4.9812771e-02 5.9477936e-02 5.6127068e-02
 6.1308030e-02 5.1753532e-02 5.3851645e-02 6.0379118e-02 5.6928884e-02
 4.9197800e-02 5.4589339e-02 5.2434497e-02 5.7753939e-02]Class Weights: [2.1182575e-05 5.6127068e-02 5.6127068e-02 5.9477936e-02 5.6928884e-02
 5.3851645e-02 5.3851645e-02 4.9812771e-02 5.9477936e-02 5.6127068e-02
 6.1308030e-02 5.1753532e-02 5.3851645e-02 6.0379118e-02 5.6928884e-02
 4.9197800e-02 5.4589339e-02 5.2434497e-02 5.7753939e-02]Class Weights: [2.1182575e-05 5.6127068e-02 5.6127068e-02 5.9477936e-02 5.6928884e-02
 5.3851645e-02 5.3851645e-02 4.9812771e-02 5.9477936e-02 5.6127068e-02
 6.1308030e-02 5.1753532e-02 5.3851645e-02 6.0379118e-02 5.6928884e-02
 4.9197800e-02 5.4589339e-02 5.2434497e-02 5.7753939e-02]Class Weights: [2.1182575e-05 5.6127068e-02 5.6127068e-02 5.9477936e-02 5.6928884e-02
 5.3851645e-02 5.3851645e-02 4.9812771e-02 5.9477936e-02 5.6127068e-02
 6.1308030e-02 5.1753532e-02 5.3851645e-02 6.0379118e-02 5.6928884e-02
 4.9197800e-02 5.4589339e-02 5.2434497e-02 5.7753939e-02]



Learning Rate: 0.005Learning Rate: 0.005Learning Rate: 0.005
Learning Rate: 0.005


Train Loss: 0.3612, Val Loss: 0.2280Train Loss: 0.3612, Val Loss: 0.2280
Train Loss: 0.3612, Val Loss: 0.2280
Train Loss: 0.3612, Val Loss: 0.2280

Per-Class Precision: [1.         0.61728395 0.94904459 0.5033557  0.47282609 0.45505618
 0.42079208 0.20661157 0.28145695 0.24820144 0.25269978 0.23579545
 0.29120879 0.50915751 0.44666667 0.68595041 0.55821918 0.69444444
 0.66371681]
Per-Class Recall: [0.99246808 1.         0.99333333 1.         0.87       0.81
 0.85       0.66666667 0.85       0.92       0.936      0.55333333
 0.848      0.79428571 0.89333333 0.83       0.93142857 1.
 1.        ]
Per-Class F1-Score: [0.9962198  0.76335878 0.97068404 0.66964286 0.61267606 0.58273381
 0.56291391 0.31545741 0.42288557 0.39093484 0.39795918 0.33067729
 0.43353783 0.62053571 0.59555556 0.75113122 0.69807281 0.81967213
 0.79787234]
Support per Class: [293949    100    150    150    100    100    100     75    100     75
    125    150    125    175     75    100    175     75     75]
Weighted Precision: 0.9964, Weighted Recall: 0.9916, Weighted F1-Score: 0.9935
Precision: 0.9964, Recall: 0.9916, F1-Score: 0.9935
Fold 1, Epoch 1230, Train Loss: 0.3612, Val Loss: 0.2280, Val Acc: 0.9911
Precision: 0.9965, Recall: 0.9916, F1-Score: 0.9935
Fold 1, Epoch 1231, Train Loss: 0.3459, Val Loss: 0.2585, Val Acc: 0.9910
Precision: 0.9963, Recall: 0.9763, F1-Score: 0.9856
Fold 1, Epoch 1232, Train Loss: 0.3671, Val Loss: 0.2454, Val Acc: 0.9807
Precision: 0.9962, Recall: 0.9910, F1-Score: 0.9930
Fold 1, Epoch 1233, Train Loss: 0.3502, Val Loss: 0.2700, Val Acc: 0.9904
Precision: 0.9964, Recall: 0.9917, F1-Score: 0.9935
Fold 1, Epoch 1234, Train Loss: 0.3364, Val Loss: 0.2321, Val Acc: 0.9910
Precision: 0.9963, Recall: 0.9910, F1-Score: 0.9931
Fold 1, Epoch 1235, Train Loss: 0.3265, Val Loss: 0.2308, Val Acc: 0.9903
Precision: 0.9964, Recall: 0.9915, F1-Score: 0.9935
Fold 1, Epoch 1236, Train Loss: 0.3178, Val Loss: 0.2352, Val Acc: 0.9911
Precision: 0.9965, Recall: 0.9915, F1-Score: 0.9935
Fold 1, Epoch 1237, Train Loss: 0.3258, Val Loss: 0.2200, Val Acc: 0.9910
Precision: 0.9964, Recall: 0.9831, F1-Score: 0.9891
Fold 1, Epoch 1238, Train Loss: 0.3525, Val Loss: 0.4715, Val Acc: 0.9851
Precision: 0.9961, Recall: 0.9900, F1-Score: 0.9924
Fold 1, Epoch 1239, Train Loss: 0.6527, Val Loss: 0.5972, Val Acc: 0.9898

--- Epoch 1240 ---
--- Epoch 1240 ---

--- Epoch 1240 ---

--- Epoch 1240 ---

Class Weights: [2.1182575e-05 5.6127068e-02 5.6127068e-02 5.9477936e-02 5.6928884e-02
 5.3851645e-02 5.3851645e-02 4.9812771e-02 5.9477936e-02 5.6127068e-02
 6.1308030e-02 5.1753532e-02 5.3851645e-02 6.0379118e-02 5.6928884e-02
 4.9197800e-02 5.4589339e-02 5.2434497e-02 5.7753939e-02]Class Weights: [2.1182575e-05 5.6127068e-02 5.6127068e-02 5.9477936e-02 5.6928884e-02
 5.3851645e-02 5.3851645e-02 4.9812771e-02 5.9477936e-02 5.6127068e-02
 6.1308030e-02 5.1753532e-02 5.3851645e-02 6.0379118e-02 5.6928884e-02
 4.9197800e-02 5.4589339e-02 5.2434497e-02 5.7753939e-02]Class Weights: [2.1182575e-05 5.6127068e-02 5.6127068e-02 5.9477936e-02 5.6928884e-02
 5.3851645e-02 5.3851645e-02 4.9812771e-02 5.9477936e-02 5.6127068e-02
 6.1308030e-02 5.1753532e-02 5.3851645e-02 6.0379118e-02 5.6928884e-02
 4.9197800e-02 5.4589339e-02 5.2434497e-02 5.7753939e-02]Class Weights: [2.1182575e-05 5.6127068e-02 5.6127068e-02 5.9477936e-02 5.6928884e-02
 5.3851645e-02 5.3851645e-02 4.9812771e-02 5.9477936e-02 5.6127068e-02
 6.1308030e-02 5.1753532e-02 5.3851645e-02 6.0379118e-02 5.6928884e-02
 4.9197800e-02 5.4589339e-02 5.2434497e-02 5.7753939e-02]



Learning Rate: 0.005Learning Rate: 0.005Learning Rate: 0.005
Learning Rate: 0.005


Train Loss: 0.6846, Val Loss: 0.4210
Train Loss: 0.6846, Val Loss: 0.4210Train Loss: 0.6846, Val Loss: 0.4210
Train Loss: 0.6846, Val Loss: 0.4210

Per-Class Precision: [1.         0.5952381  0.81005587 0.45422535 0.26443769 0.51552795
 0.23428571 0.10344828 0.28679245 0.15206186 0.18267717 0.20394737
 0.26071429 0.63513514 0.48113208 0.69421488 0.62303665 0.58823529
 0.77173913]
Per-Class Recall: [0.99208706 1.         0.96666667 0.86       0.87       0.83
 0.41       0.56       0.76       0.78666667 0.928      0.41333333
 0.584      0.53714286 0.68       0.84       0.68       0.93333333
 0.94666667]
Per-Class F1-Score: [0.99602782 0.74626866 0.88145897 0.59447005 0.40559441 0.63601533
 0.29818182 0.17463617 0.41643836 0.25485961 0.30526316 0.27312775
 0.36049383 0.58204334 0.56353591 0.760181   0.65027322 0.72164948
 0.8502994 ]
Support per Class: [293949    100    150    150    100    100    100     75    100     75
    125    150    125    175     75    100    175     75     75]
Weighted Precision: 0.9962, Weighted Recall: 0.9904, Weighted F1-Score: 0.9929
Precision: 0.9962, Recall: 0.9904, F1-Score: 0.9929
Fold 1, Epoch 1240, Train Loss: 0.6846, Val Loss: 0.4210, Val Acc: 0.9900
Precision: 0.9960, Recall: 0.9903, F1-Score: 0.9926
Fold 1, Epoch 1241, Train Loss: 0.5511, Val Loss: 0.3731, Val Acc: 0.9898
Precision: 0.9962, Recall: 0.9911, F1-Score: 0.9932
Fold 1, Epoch 1242, Train Loss: 0.5139, Val Loss: 0.2830, Val Acc: 0.9906
Precision: 0.9963, Recall: 0.9912, F1-Score: 0.9933
Fold 1, Epoch 1243, Train Loss: 0.4019, Val Loss: 0.3044, Val Acc: 0.9906
Precision: 0.9963, Recall: 0.9913, F1-Score: 0.9933
Fold 1, Epoch 1244, Train Loss: 0.4194, Val Loss: 0.2756, Val Acc: 0.9907
Precision: 0.9962, Recall: 0.9912, F1-Score: 0.9932
Fold 1, Epoch 1245, Train Loss: 0.3706, Val Loss: 0.2928, Val Acc: 0.9907
Precision: 0.9963, Recall: 0.9903, F1-Score: 0.9927
Fold 1, Epoch 1246, Train Loss: 0.3766, Val Loss: 0.2535, Val Acc: 0.9903
Precision: 0.9963, Recall: 0.9913, F1-Score: 0.9933
Fold 1, Epoch 1247, Train Loss: 0.3614, Val Loss: 0.2462, Val Acc: 0.9908
Precision: 0.9964, Recall: 0.9917, F1-Score: 0.9935
Fold 1, Epoch 1248, Train Loss: 0.3351, Val Loss: 0.2311, Val Acc: 0.9913
Precision: 0.9965, Recall: 0.9916, F1-Score: 0.9935
Fold 1, Epoch 1249, Train Loss: 0.3287, Val Loss: 0.2347, Val Acc: 0.9911

--- Epoch 1250 ---
--- Epoch 1250 ---
--- Epoch 1250 ---


--- Epoch 1250 ---
Class Weights: [2.1182575e-05 5.6127068e-02 5.6127068e-02 5.9477936e-02 5.6928884e-02
 5.3851645e-02 5.3851645e-02 4.9812771e-02 5.9477936e-02 5.6127068e-02
 6.1308030e-02 5.1753532e-02 5.3851645e-02 6.0379118e-02 5.6928884e-02
 4.9197800e-02 5.4589339e-02 5.2434497e-02 5.7753939e-02]Class Weights: [2.1182575e-05 5.6127068e-02 5.6127068e-02 5.9477936e-02 5.6928884e-02
 5.3851645e-02 5.3851645e-02 4.9812771e-02 5.9477936e-02 5.6127068e-02
 6.1308030e-02 5.1753532e-02 5.3851645e-02 6.0379118e-02 5.6928884e-02
 4.9197800e-02 5.4589339e-02 5.2434497e-02 5.7753939e-02]

Class Weights: [2.1182575e-05 5.6127068e-02 5.6127068e-02 5.9477936e-02 5.6928884e-02
 5.3851645e-02 5.3851645e-02 4.9812771e-02 5.9477936e-02 5.6127068e-02
 6.1308030e-02 5.1753532e-02 5.3851645e-02 6.0379118e-02 5.6928884e-02
 4.9197800e-02 5.4589339e-02 5.2434497e-02 5.7753939e-02]Learning Rate: 0.005Learning Rate: 0.005


Learning Rate: 0.005
Train Loss: 0.3270, Val Loss: 0.2405
Train Loss: 0.3270, Val Loss: 0.2405Train Loss: 0.3270, Val Loss: 0.2405


Class Weights: [2.1182575e-05 5.6127068e-02 5.6127068e-02 5.9477936e-02 5.6928884e-02
 5.3851645e-02 5.3851645e-02 4.9812771e-02 5.9477936e-02 5.6127068e-02
 6.1308030e-02 5.1753532e-02 5.3851645e-02 6.0379118e-02 5.6928884e-02
 4.9197800e-02 5.4589339e-02 5.2434497e-02 5.7753939e-02]
Learning Rate: 0.005
Train Loss: 0.3270, Val Loss: 0.2405
Per-Class Precision: [1.         0.51282051 0.83798883 0.48543689 0.4973262  0.53896104
 0.44723618 0.20748299 0.35502959 0.19839142 0.21699819 0.22105263
 0.33809524 0.53310105 0.41317365 0.68595041 0.51735016 0.6097561
 0.70754717]
Per-Class Recall: [0.99218232 1.         1.         1.         0.93       0.83
 0.89       0.81333333 0.6        0.98666667 0.96       0.56
 0.568      0.87428571 0.92       0.83       0.93714286 1.
 1.        ]
Per-Class F1-Score: [0.99607582 0.6779661  0.9118541  0.65359477 0.64808362 0.65354331
 0.59531773 0.33062331 0.44609665 0.33035714 0.3539823  0.31698113
 0.4238806  0.66233766 0.57024793 0.75113122 0.66666667 0.75757576
 0.82872928]
Support per Class: [293949    100    150    150    100    100    100     75    100     75
    125    150    125    175     75    100    175     75     75]
Weighted Precision: 0.9964, Weighted Recall: 0.9913, Weighted F1-Score: 0.9933
Precision: 0.9964, Recall: 0.9913, F1-Score: 0.9933
Fold 1, Epoch 1250, Train Loss: 0.3270, Val Loss: 0.2405, Val Acc: 0.9907
Precision: 0.9963, Recall: 0.9911, F1-Score: 0.9932
Fold 1, Epoch 1251, Train Loss: 0.3152, Val Loss: 0.2849, Val Acc: 0.9907
Precision: 0.9960, Recall: 0.9741, F1-Score: 0.9843
Fold 1, Epoch 1252, Train Loss: 0.3646, Val Loss: 0.2837, Val Acc: 0.9756
Precision: 0.9963, Recall: 0.9906, F1-Score: 0.9930
Fold 1, Epoch 1253, Train Loss: 0.3716, Val Loss: 0.2661, Val Acc: 0.9904
Precision: 0.9965, Recall: 0.9915, F1-Score: 0.9935
Fold 1, Epoch 1254, Train Loss: 0.3344, Val Loss: 0.2409, Val Acc: 0.9910
Precision: 0.9963, Recall: 0.9914, F1-Score: 0.9933
Fold 1, Epoch 1255, Train Loss: 0.3514, Val Loss: 0.2449, Val Acc: 0.9909
Precision: 0.9963, Recall: 0.9914, F1-Score: 0.9934
Fold 1, Epoch 1256, Train Loss: 0.3386, Val Loss: 0.2716, Val Acc: 0.9909
Precision: 0.9963, Recall: 0.9907, F1-Score: 0.9930
Fold 1, Epoch 1257, Train Loss: 0.3422, Val Loss: 0.2512, Val Acc: 0.9901
Precision: 0.9964, Recall: 0.9914, F1-Score: 0.9934
Fold 1, Epoch 1258, Train Loss: 0.3267, Val Loss: 0.2334, Val Acc: 0.9910
Precision: 0.9964, Recall: 0.9912, F1-Score: 0.9933
Fold 1, Epoch 1259, Train Loss: 0.3196, Val Loss: 0.2528, Val Acc: 0.9908

--- Epoch 1260 ---
--- Epoch 1260 ---
--- Epoch 1260 ---

--- Epoch 1260 ---


Class Weights: [2.1182575e-05 5.6127068e-02 5.6127068e-02 5.9477936e-02 5.6928884e-02
 5.3851645e-02 5.3851645e-02 4.9812771e-02 5.9477936e-02 5.6127068e-02
 6.1308030e-02 5.1753532e-02 5.3851645e-02 6.0379118e-02 5.6928884e-02
 4.9197800e-02 5.4589339e-02 5.2434497e-02 5.7753939e-02]Class Weights: [2.1182575e-05 5.6127068e-02 5.6127068e-02 5.9477936e-02 5.6928884e-02
 5.3851645e-02 5.3851645e-02 4.9812771e-02 5.9477936e-02 5.6127068e-02
 6.1308030e-02 5.1753532e-02 5.3851645e-02 6.0379118e-02 5.6928884e-02
 4.9197800e-02 5.4589339e-02 5.2434497e-02 5.7753939e-02]Class Weights: [2.1182575e-05 5.6127068e-02 5.6127068e-02 5.9477936e-02 5.6928884e-02
 5.3851645e-02 5.3851645e-02 4.9812771e-02 5.9477936e-02 5.6127068e-02
 6.1308030e-02 5.1753532e-02 5.3851645e-02 6.0379118e-02 5.6928884e-02
 4.9197800e-02 5.4589339e-02 5.2434497e-02 5.7753939e-02]Class Weights: [2.1182575e-05 5.6127068e-02 5.6127068e-02 5.9477936e-02 5.6928884e-02
 5.3851645e-02 5.3851645e-02 4.9812771e-02 5.9477936e-02 5.6127068e-02
 6.1308030e-02 5.1753532e-02 5.3851645e-02 6.0379118e-02 5.6928884e-02
 4.9197800e-02 5.4589339e-02 5.2434497e-02 5.7753939e-02]



Learning Rate: 0.005Learning Rate: 0.005Learning Rate: 0.005
Learning Rate: 0.005


Train Loss: 0.3312, Val Loss: 0.2326
Train Loss: 0.3312, Val Loss: 0.2326Train Loss: 0.3312, Val Loss: 0.2326Train Loss: 0.3312, Val Loss: 0.2326


Per-Class Precision: [1.         0.57803468 0.91975309 0.58964143 0.39748954 0.48876404
 0.49707602 0.24242424 0.26923077 0.19132653 0.21052632 0.22591362
 0.23890785 0.53068592 0.41212121 0.53658537 0.53146853 0.66371681
 0.69444444]
Per-Class Recall: [0.99216871 1.         0.99333333 0.98666667 0.95       0.87
 0.85       0.64       0.77       1.         0.96       0.45333333
 0.56       0.84       0.90666667 0.88       0.86857143 1.
 1.        ]
Per-Class F1-Score: [0.99606896 0.73260073 0.95512821 0.73815461 0.56047198 0.62589928
 0.62730627 0.35164835 0.39896373 0.32119914 0.34532374 0.30155211
 0.33492823 0.65044248 0.56666667 0.66666667 0.65943601 0.79787234
 0.81967213]
Support per Class: [293949    100    150    150    100    100    100     75    100     75
    125    150    125    175     75    100    175     75     75]
Weighted Precision: 0.9963, Weighted Recall: 0.9912, Weighted F1-Score: 0.9933
Precision: 0.9963, Recall: 0.9912, F1-Score: 0.9933
Fold 1, Epoch 1260, Train Loss: 0.3312, Val Loss: 0.2326, Val Acc: 0.9906
Precision: 0.9961, Recall: 0.9853, F1-Score: 0.9900
Fold 1, Epoch 1261, Train Loss: 0.3407, Val Loss: 0.2234, Val Acc: 0.9864
Precision: 0.9963, Recall: 0.9910, F1-Score: 0.9931
Fold 1, Epoch 1262, Train Loss: 0.3519, Val Loss: 0.2377, Val Acc: 0.9902
Precision: 0.9963, Recall: 0.9900, F1-Score: 0.9925
Fold 1, Epoch 1263, Train Loss: 0.3187, Val Loss: 0.2450, Val Acc: 0.9897
Precision: 0.9962, Recall: 0.9898, F1-Score: 0.9924
Fold 1, Epoch 1264, Train Loss: 0.3373, Val Loss: 0.2346, Val Acc: 0.9895
Precision: 0.9965, Recall: 0.9915, F1-Score: 0.9935
Fold 1, Epoch 1265, Train Loss: 0.3305, Val Loss: 0.2370, Val Acc: 0.9909
Precision: 0.9963, Recall: 0.9912, F1-Score: 0.9933
Fold 1, Epoch 1266, Train Loss: 0.3217, Val Loss: 0.2409, Val Acc: 0.9909
Precision: 0.9963, Recall: 0.9912, F1-Score: 0.9933
Fold 1, Epoch 1267, Train Loss: 0.3471, Val Loss: 0.2728, Val Acc: 0.9907
Precision: 0.9960, Recall: 0.9717, F1-Score: 0.9830
Fold 1, Epoch 1268, Train Loss: 0.3290, Val Loss: 0.2480, Val Acc: 0.9751
Precision: 0.9965, Recall: 0.9913, F1-Score: 0.9934
Fold 1, Epoch 1269, Train Loss: 0.3162, Val Loss: 0.2362, Val Acc: 0.9908

--- Epoch 1270 ---
--- Epoch 1270 ---
--- Epoch 1270 ---



--- Epoch 1270 ---
Class Weights: [2.1182575e-05 5.6127068e-02 5.6127068e-02 5.9477936e-02 5.6928884e-02
 5.3851645e-02 5.3851645e-02 4.9812771e-02 5.9477936e-02 5.6127068e-02
 6.1308030e-02 5.1753532e-02 5.3851645e-02 6.0379118e-02 5.6928884e-02
 4.9197800e-02 5.4589339e-02 5.2434497e-02 5.7753939e-02]Class Weights: [2.1182575e-05 5.6127068e-02 5.6127068e-02 5.9477936e-02 5.6928884e-02
 5.3851645e-02 5.3851645e-02 4.9812771e-02 5.9477936e-02 5.6127068e-02
 6.1308030e-02 5.1753532e-02 5.3851645e-02 6.0379118e-02 5.6928884e-02
 4.9197800e-02 5.4589339e-02 5.2434497e-02 5.7753939e-02]Class Weights: [2.1182575e-05 5.6127068e-02 5.6127068e-02 5.9477936e-02 5.6928884e-02
 5.3851645e-02 5.3851645e-02 4.9812771e-02 5.9477936e-02 5.6127068e-02
 6.1308030e-02 5.1753532e-02 5.3851645e-02 6.0379118e-02 5.6928884e-02
 4.9197800e-02 5.4589339e-02 5.2434497e-02 5.7753939e-02]Class Weights: [2.1182575e-05 5.6127068e-02 5.6127068e-02 5.9477936e-02 5.6928884e-02
 5.3851645e-02 5.3851645e-02 4.9812771e-02 5.9477936e-02 5.6127068e-02
 6.1308030e-02 5.1753532e-02 5.3851645e-02 6.0379118e-02 5.6928884e-02
 4.9197800e-02 5.4589339e-02 5.2434497e-02 5.7753939e-02]



Learning Rate: 0.005Learning Rate: 0.005Learning Rate: 0.005
Learning Rate: 0.005


Train Loss: 0.3265, Val Loss: 0.2564Train Loss: 0.3265, Val Loss: 0.2564Train Loss: 0.3265, Val Loss: 0.2564
Train Loss: 0.3265, Val Loss: 0.2564


Per-Class Precision: [1.         0.72463768 0.75       0.57751938 0.50306748 0.51234568
 0.41397849 0.20524017 0.28037383 0.23300971 0.21746881 0.25454545
 0.26517572 0.51838235 0.5        0.52027027 0.62679426 0.50694444
 0.52083333]
Per-Class Recall: [0.99259055 1.         1.         0.99333333 0.82       0.83
 0.77       0.62666667 0.9        0.96       0.976      0.56
 0.664      0.80571429 0.77333333 0.77       0.74857143 0.97333333
 1.        ]
Per-Class F1-Score: [0.9962815  0.84033613 0.85714286 0.73039216 0.62357414 0.63358779
 0.53846154 0.30921053 0.42755344 0.375      0.35568513 0.35
 0.37899543 0.63087248 0.60732984 0.62096774 0.68229167 0.66666667
 0.68493151]
Support per Class: [293949    100    150    150    100    100    100     75    100     75
    125    150    125    175     75    100    175     75     75]
Weighted Precision: 0.9963, Weighted Recall: 0.9915, Weighted F1-Score: 0.9934
Precision: 0.9963, Recall: 0.9915, F1-Score: 0.9934
Fold 1, Epoch 1270, Train Loss: 0.3265, Val Loss: 0.2564, Val Acc: 0.9911
Precision: 0.9963, Recall: 0.9908, F1-Score: 0.9930
Fold 1, Epoch 1271, Train Loss: 0.3639, Val Loss: 0.2329, Val Acc: 0.9903
Precision: 0.9962, Recall: 0.9911, F1-Score: 0.9931
Fold 1, Epoch 1272, Train Loss: 0.3334, Val Loss: 0.2338, Val Acc: 0.9907
Precision: 0.9963, Recall: 0.9914, F1-Score: 0.9933
Fold 1, Epoch 1273, Train Loss: 0.3386, Val Loss: 0.2587, Val Acc: 0.9909
Precision: 0.9963, Recall: 0.9910, F1-Score: 0.9931
Fold 1, Epoch 1274, Train Loss: 0.3385, Val Loss: 0.2480, Val Acc: 0.9905
Precision: 0.9964, Recall: 0.9910, F1-Score: 0.9932
Fold 1, Epoch 1275, Train Loss: 0.3365, Val Loss: 0.2485, Val Acc: 0.9903
Precision: 0.9963, Recall: 0.9916, F1-Score: 0.9935
Fold 1, Epoch 1276, Train Loss: 0.3316, Val Loss: 0.2379, Val Acc: 0.9912
Precision: 0.9963, Recall: 0.9901, F1-Score: 0.9926
Fold 1, Epoch 1277, Train Loss: 0.3122, Val Loss: 0.2262, Val Acc: 0.9900
Precision: 0.9961, Recall: 0.9715, F1-Score: 0.9830
Fold 1, Epoch 1278, Train Loss: 0.3450, Val Loss: 0.2388, Val Acc: 0.9773
Precision: 0.9963, Recall: 0.9915, F1-Score: 0.9934
Fold 1, Epoch 1279, Train Loss: 0.3597, Val Loss: 0.2172, Val Acc: 0.9911

--- Epoch 1280 ---
--- Epoch 1280 ---
--- Epoch 1280 ---



--- Epoch 1280 ---
Class Weights: [2.1182575e-05 5.6127068e-02 5.6127068e-02 5.9477936e-02 5.6928884e-02
 5.3851645e-02 5.3851645e-02 4.9812771e-02 5.9477936e-02 5.6127068e-02
 6.1308030e-02 5.1753532e-02 5.3851645e-02 6.0379118e-02 5.6928884e-02
 4.9197800e-02 5.4589339e-02 5.2434497e-02 5.7753939e-02]Class Weights: [2.1182575e-05 5.6127068e-02 5.6127068e-02 5.9477936e-02 5.6928884e-02
 5.3851645e-02 5.3851645e-02 4.9812771e-02 5.9477936e-02 5.6127068e-02
 6.1308030e-02 5.1753532e-02 5.3851645e-02 6.0379118e-02 5.6928884e-02
 4.9197800e-02 5.4589339e-02 5.2434497e-02 5.7753939e-02]Class Weights: [2.1182575e-05 5.6127068e-02 5.6127068e-02 5.9477936e-02 5.6928884e-02
 5.3851645e-02 5.3851645e-02 4.9812771e-02 5.9477936e-02 5.6127068e-02
 6.1308030e-02 5.1753532e-02 5.3851645e-02 6.0379118e-02 5.6928884e-02
 4.9197800e-02 5.4589339e-02 5.2434497e-02 5.7753939e-02]

Class Weights: [2.1182575e-05 5.6127068e-02 5.6127068e-02 5.9477936e-02 5.6928884e-02
 5.3851645e-02 5.3851645e-02 4.9812771e-02 5.9477936e-02 5.6127068e-02
 6.1308030e-02 5.1753532e-02 5.3851645e-02 6.0379118e-02 5.6928884e-02
 4.9197800e-02 5.4589339e-02 5.2434497e-02 5.7753939e-02]
Learning Rate: 0.005Learning Rate: 0.005

Learning Rate: 0.005
Learning Rate: 0.005

Train Loss: 0.3375, Val Loss: 0.2658
Train Loss: 0.3375, Val Loss: 0.2658
Train Loss: 0.3375, Val Loss: 0.2658Train Loss: 0.3375, Val Loss: 0.2658

Per-Class Precision: [1.         0.67114094 0.87209302 0.45151515 0.39712919 0.60689655
 0.47058824 0.27604167 0.27631579 0.16741071 0.2034188  0.18808777
 0.36893204 0.51260504 0.36363636 0.55688623 0.53442623 0.57251908
 0.73267327]
Per-Class Recall: [0.9923218  1.         1.         0.99333333 0.83       0.88
 0.8        0.70666667 0.63       1.         0.952      0.4
 0.608      0.69714286 0.90666667 0.93       0.93142857 1.
 0.98666667]
Per-Class F1-Score: [0.9961461  0.80321285 0.93167702 0.62083333 0.53721683 0.71836735
 0.59259259 0.39700375 0.38414634 0.28680688 0.33521127 0.25586354
 0.4592145  0.59079903 0.51908397 0.69662921 0.67916667 0.72815534
 0.84090909]
Support per Class: [293949    100    150    150    100    100    100     75    100     75
    125    150    125    175     75    100    175     75     75]
Weighted Precision: 0.9963, Weighted Recall: 0.9912, Weighted F1-Score: 0.9933
Precision: 0.9963, Recall: 0.9912, F1-Score: 0.9933
Fold 1, Epoch 1280, Train Loss: 0.3375, Val Loss: 0.2658, Val Acc: 0.9907
Precision: 0.9963, Recall: 0.9913, F1-Score: 0.9933
Fold 1, Epoch 1281, Train Loss: 0.3533, Val Loss: 0.2317, Val Acc: 0.9905
Precision: 0.9962, Recall: 0.9909, F1-Score: 0.9930
Fold 1, Epoch 1282, Train Loss: 0.3303, Val Loss: 0.2258, Val Acc: 0.9902
Precision: 0.9963, Recall: 0.9911, F1-Score: 0.9933
Fold 1, Epoch 1283, Train Loss: 0.3474, Val Loss: 0.2559, Val Acc: 0.9907
Precision: 0.9960, Recall: 0.9742, F1-Score: 0.9844
Fold 1, Epoch 1284, Train Loss: 0.3482, Val Loss: 0.3063, Val Acc: 0.9787
Precision: 0.9962, Recall: 0.9909, F1-Score: 0.9931
Fold 1, Epoch 1285, Train Loss: 0.3732, Val Loss: 0.2771, Val Acc: 0.9905
Precision: 0.9964, Recall: 0.9914, F1-Score: 0.9934
Fold 1, Epoch 1286, Train Loss: 0.3571, Val Loss: 0.2487, Val Acc: 0.9909
Precision: 0.9962, Recall: 0.9830, F1-Score: 0.9890
Fold 1, Epoch 1287, Train Loss: 0.3316, Val Loss: 0.2302, Val Acc: 0.9850
Precision: 0.9963, Recall: 0.9914, F1-Score: 0.9933
Fold 1, Epoch 1288, Train Loss: 0.3302, Val Loss: 0.2228, Val Acc: 0.9908
Precision: 0.9964, Recall: 0.9914, F1-Score: 0.9934
Fold 1, Epoch 1289, Train Loss: 0.3487, Val Loss: 0.2255, Val Acc: 0.9909

--- Epoch 1290 ---
--- Epoch 1290 ---
--- Epoch 1290 ---



--- Epoch 1290 ---
Class Weights: [2.1182575e-05 5.6127068e-02 5.6127068e-02 5.9477936e-02 5.6928884e-02
 5.3851645e-02 5.3851645e-02 4.9812771e-02 5.9477936e-02 5.6127068e-02
 6.1308030e-02 5.1753532e-02 5.3851645e-02 6.0379118e-02 5.6928884e-02
 4.9197800e-02 5.4589339e-02 5.2434497e-02 5.7753939e-02]Class Weights: [2.1182575e-05 5.6127068e-02 5.6127068e-02 5.9477936e-02 5.6928884e-02
 5.3851645e-02 5.3851645e-02 4.9812771e-02 5.9477936e-02 5.6127068e-02
 6.1308030e-02 5.1753532e-02 5.3851645e-02 6.0379118e-02 5.6928884e-02
 4.9197800e-02 5.4589339e-02 5.2434497e-02 5.7753939e-02]Class Weights: [2.1182575e-05 5.6127068e-02 5.6127068e-02 5.9477936e-02 5.6928884e-02
 5.3851645e-02 5.3851645e-02 4.9812771e-02 5.9477936e-02 5.6127068e-02
 6.1308030e-02 5.1753532e-02 5.3851645e-02 6.0379118e-02 5.6928884e-02
 4.9197800e-02 5.4589339e-02 5.2434497e-02 5.7753939e-02]
Class Weights: [2.1182575e-05 5.6127068e-02 5.6127068e-02 5.9477936e-02 5.6928884e-02
 5.3851645e-02 5.3851645e-02 4.9812771e-02 5.9477936e-02 5.6127068e-02
 6.1308030e-02 5.1753532e-02 5.3851645e-02 6.0379118e-02 5.6928884e-02
 4.9197800e-02 5.4589339e-02 5.2434497e-02 5.7753939e-02]

Learning Rate: 0.005

Learning Rate: 0.005Learning Rate: 0.005
Learning Rate: 0.005

Train Loss: 0.3314, Val Loss: 0.2275
Train Loss: 0.3314, Val Loss: 0.2275
Train Loss: 0.3314, Val Loss: 0.2275
Train Loss: 0.3314, Val Loss: 0.2275
Per-Class Precision: [1.         0.29498525 0.82122905 0.60084034 0.39271255 0.57432432
 0.57142857 0.26976744 0.27070064 0.20107239 0.22056075 0.23423423
 0.26347305 0.58482143 0.52755906 0.49479167 0.57024793 0.51020408
 0.625     ]
Per-Class Recall: [0.99178429 1.         0.98       0.95333333 0.97       0.85
 0.76       0.77333333 0.85       1.         0.944      0.52
 0.704      0.74857143 0.89333333 0.95       0.78857143 1.
 1.        ]
Per-Class F1-Score: [0.9958752  0.45558087 0.89361702 0.7371134  0.55907781 0.68548387
 0.65236052 0.4        0.41062802 0.33482143 0.35757576 0.32298137
 0.38344227 0.6566416  0.66336634 0.65068493 0.6618705  0.67567568
 0.76923077]
Support per Class: [293949    100    150    150    100    100    100     75    100     75
    125    150    125    175     75    100    175     75     75]
Weighted Precision: 0.9963, Weighted Recall: 0.9908, Weighted F1-Score: 0.9930
Precision: 0.9963, Recall: 0.9908, F1-Score: 0.9930
Fold 1, Epoch 1290, Train Loss: 0.3314, Val Loss: 0.2275, Val Acc: 0.9904
Precision: 0.9964, Recall: 0.9914, F1-Score: 0.9934
Fold 1, Epoch 1291, Train Loss: 0.3227, Val Loss: 0.2216, Val Acc: 0.9908
Precision: 0.9963, Recall: 0.9915, F1-Score: 0.9933
Fold 1, Epoch 1292, Train Loss: 0.3165, Val Loss: 0.2242, Val Acc: 0.9910
Precision: 0.9962, Recall: 0.9876, F1-Score: 0.9912
Fold 1, Epoch 1293, Train Loss: 0.3127, Val Loss: 0.2355, Val Acc: 0.9877
Precision: 0.9964, Recall: 0.9917, F1-Score: 0.9936
Fold 1, Epoch 1294, Train Loss: 0.3464, Val Loss: 0.2473, Val Acc: 0.9911
Precision: 0.9963, Recall: 0.9914, F1-Score: 0.9933
Fold 1, Epoch 1295, Train Loss: 0.3240, Val Loss: 0.2345, Val Acc: 0.9908
Precision: 0.9965, Recall: 0.9913, F1-Score: 0.9933
Fold 1, Epoch 1296, Train Loss: 0.3282, Val Loss: 0.2278, Val Acc: 0.9905
Precision: 0.9961, Recall: 0.9851, F1-Score: 0.9899
Fold 1, Epoch 1297, Train Loss: 0.3245, Val Loss: 0.2468, Val Acc: 0.9864
Precision: 0.9964, Recall: 0.9914, F1-Score: 0.9934
Fold 1, Epoch 1298, Train Loss: 0.3486, Val Loss: 0.2671, Val Acc: 0.9907
Precision: 0.9963, Recall: 0.9909, F1-Score: 0.9931
Fold 1, Epoch 1299, Train Loss: 0.3622, Val Loss: 0.2461, Val Acc: 0.9902

--- Epoch 1300 ---
--- Epoch 1300 ---
--- Epoch 1300 ---



--- Epoch 1300 ---
Class Weights: [2.1182575e-05 5.6127068e-02 5.6127068e-02 5.9477936e-02 5.6928884e-02
 5.3851645e-02 5.3851645e-02 4.9812771e-02 5.9477936e-02 5.6127068e-02
 6.1308030e-02 5.1753532e-02 5.3851645e-02 6.0379118e-02 5.6928884e-02
 4.9197800e-02 5.4589339e-02 5.2434497e-02 5.7753939e-02]Class Weights: [2.1182575e-05 5.6127068e-02 5.6127068e-02 5.9477936e-02 5.6928884e-02
 5.3851645e-02 5.3851645e-02 4.9812771e-02 5.9477936e-02 5.6127068e-02
 6.1308030e-02 5.1753532e-02 5.3851645e-02 6.0379118e-02 5.6928884e-02
 4.9197800e-02 5.4589339e-02 5.2434497e-02 5.7753939e-02]Class Weights: [2.1182575e-05 5.6127068e-02 5.6127068e-02 5.9477936e-02 5.6928884e-02
 5.3851645e-02 5.3851645e-02 4.9812771e-02 5.9477936e-02 5.6127068e-02
 6.1308030e-02 5.1753532e-02 5.3851645e-02 6.0379118e-02 5.6928884e-02
 4.9197800e-02 5.4589339e-02 5.2434497e-02 5.7753939e-02]
Class Weights: [2.1182575e-05 5.6127068e-02 5.6127068e-02 5.9477936e-02 5.6928884e-02
 5.3851645e-02 5.3851645e-02 4.9812771e-02 5.9477936e-02 5.6127068e-02
 6.1308030e-02 5.1753532e-02 5.3851645e-02 6.0379118e-02 5.6928884e-02
 4.9197800e-02 5.4589339e-02 5.2434497e-02 5.7753939e-02]


Learning Rate: 0.005Learning Rate: 0.005
Learning Rate: 0.005Learning Rate: 0.005


Train Loss: 0.3541, Val Loss: 0.2431
Train Loss: 0.3541, Val Loss: 0.2431Train Loss: 0.3541, Val Loss: 0.2431Train Loss: 0.3541, Val Loss: 0.2431


Per-Class Precision: [1.         0.74074074 0.76530612 0.48484848 0.39004149 0.54901961
 0.47337278 0.20186335 0.39156627 0.20491803 0.22037037 0.19325153
 0.33333333 0.48852459 0.34682081 0.39837398 0.50393701 0.54347826
 0.61983471]
Per-Class Recall: [0.99212448 1.         1.         0.96       0.94       0.84
 0.8        0.86666667 0.65       1.         0.952      0.42
 0.512      0.85142857 0.8        0.98       0.73142857 1.
 1.        ]
Per-Class F1-Score: [0.99604667 0.85106383 0.86705202 0.6442953  0.55131965 0.66403162
 0.59479554 0.32745592 0.4887218  0.34013605 0.35789474 0.26470588
 0.40378549 0.62083333 0.48387097 0.56647399 0.5967366  0.70422535
 0.76530612]
Support per Class: [293949    100    150    150    100    100    100     75    100     75
    125    150    125    175     75    100    175     75     75]
Weighted Precision: 0.9962, Weighted Recall: 0.9910, Weighted F1-Score: 0.9931
Precision: 0.9962, Recall: 0.9910, F1-Score: 0.9931
Fold 1, Epoch 1300, Train Loss: 0.3541, Val Loss: 0.2431, Val Acc: 0.9906
Precision: 0.9964, Recall: 0.9912, F1-Score: 0.9933
Fold 1, Epoch 1301, Train Loss: 0.3453, Val Loss: 0.2491, Val Acc: 0.9907
Precision: 0.9962, Recall: 0.9913, F1-Score: 0.9932
Fold 1, Epoch 1302, Train Loss: 0.3469, Val Loss: 0.2468, Val Acc: 0.9907
Precision: 0.9963, Recall: 0.9908, F1-Score: 0.9930
Fold 1, Epoch 1303, Train Loss: 0.3584, Val Loss: 0.2484, Val Acc: 0.9901
Precision: 0.9964, Recall: 0.9916, F1-Score: 0.9935
Fold 1, Epoch 1304, Train Loss: 0.3464, Val Loss: 0.2393, Val Acc: 0.9911
Precision: 0.9964, Recall: 0.9896, F1-Score: 0.9924
Fold 1, Epoch 1305, Train Loss: 0.3540, Val Loss: 0.2518, Val Acc: 0.9896
Precision: 0.9964, Recall: 0.9914, F1-Score: 0.9934
Fold 1, Epoch 1306, Train Loss: 0.3422, Val Loss: 0.2432, Val Acc: 0.9908
Precision: 0.9963, Recall: 0.9913, F1-Score: 0.9933
Fold 1, Epoch 1307, Train Loss: 0.3381, Val Loss: 0.2391, Val Acc: 0.9907
Precision: 0.9960, Recall: 0.9881, F1-Score: 0.9911
Fold 1, Epoch 1308, Train Loss: 0.3806, Val Loss: 2.0686, Val Acc: 0.9878
Precision: 0.9956, Recall: 0.9892, F1-Score: 0.9917
Fold 1, Epoch 1309, Train Loss: 1.2159, Val Loss: 0.7271, Val Acc: 0.9890

--- Epoch 1310 ---
--- Epoch 1310 ---
--- Epoch 1310 ---

--- Epoch 1310 ---


Class Weights: [2.1182575e-05 5.6127068e-02 5.6127068e-02 5.9477936e-02 5.6928884e-02
 5.3851645e-02 5.3851645e-02 4.9812771e-02 5.9477936e-02 5.6127068e-02
 6.1308030e-02 5.1753532e-02 5.3851645e-02 6.0379118e-02 5.6928884e-02
 4.9197800e-02 5.4589339e-02 5.2434497e-02 5.7753939e-02]Class Weights: [2.1182575e-05 5.6127068e-02 5.6127068e-02 5.9477936e-02 5.6928884e-02
 5.3851645e-02 5.3851645e-02 4.9812771e-02 5.9477936e-02 5.6127068e-02
 6.1308030e-02 5.1753532e-02 5.3851645e-02 6.0379118e-02 5.6928884e-02
 4.9197800e-02 5.4589339e-02 5.2434497e-02 5.7753939e-02]Class Weights: [2.1182575e-05 5.6127068e-02 5.6127068e-02 5.9477936e-02 5.6928884e-02
 5.3851645e-02 5.3851645e-02 4.9812771e-02 5.9477936e-02 5.6127068e-02
 6.1308030e-02 5.1753532e-02 5.3851645e-02 6.0379118e-02 5.6928884e-02
 4.9197800e-02 5.4589339e-02 5.2434497e-02 5.7753939e-02]


Learning Rate: 0.005Learning Rate: 0.005
Learning Rate: 0.005
Class Weights: [2.1182575e-05 5.6127068e-02 5.6127068e-02 5.9477936e-02 5.6928884e-02
 5.3851645e-02 5.3851645e-02 4.9812771e-02 5.9477936e-02 5.6127068e-02
 6.1308030e-02 5.1753532e-02 5.3851645e-02 6.0379118e-02 5.6928884e-02
 4.9197800e-02 5.4589339e-02 5.2434497e-02 5.7753939e-02]

Learning Rate: 0.005
Train Loss: 0.9021, Val Loss: 0.7324Train Loss: 0.9021, Val Loss: 0.7324

Train Loss: 0.9021, Val Loss: 0.7324
Train Loss: 0.9021, Val Loss: 0.7324
Per-Class Precision: [1.         0.4        0.60126582 0.49029126 0.30620155 0.33898305
 0.35672515 0.12091503 0.20440252 0.13043478 0.19959267 0.16326531
 0.17857143 0.46478873 0.30555556 0.84883721 0.54716981 0.19620253
 0.26373626]
Per-Class Recall: [0.99242045 0.4        0.63333333 0.67333333 0.79       0.8
 0.61       0.49333333 0.65       0.68       0.784      0.21333333
 0.56       0.56571429 0.14666667 0.73       0.33142857 0.82666667
 0.96      ]
Per-Class F1-Score: [0.99619581 0.4        0.61688312 0.56741573 0.44134078 0.47619048
 0.4501845  0.19422572 0.31100478 0.21888412 0.31818182 0.1849711
 0.27079304 0.51030928 0.1981982  0.78494624 0.41281139 0.31713555
 0.4137931 ]
Support per Class: [293949    100    150    150    100    100    100     75    100     75
    125    150    125    175     75    100    175     75     75]
Weighted Precision: 0.9956, Weighted Recall: 0.9896, Weighted F1-Score: 0.9922
Precision: 0.9956, Recall: 0.9896, F1-Score: 0.9922
Fold 1, Epoch 1310, Train Loss: 0.9021, Val Loss: 0.7324, Val Acc: 0.9893
Precision: 0.9957, Recall: 0.9891, F1-Score: 0.9917
Fold 1, Epoch 1311, Train Loss: 0.7641, Val Loss: 0.6714, Val Acc: 0.9884
Precision: 0.9959, Recall: 0.9904, F1-Score: 0.9927
Fold 1, Epoch 1312, Train Loss: 0.6395, Val Loss: 0.4890, Val Acc: 0.9900
Precision: 0.9961, Recall: 0.9907, F1-Score: 0.9928
Fold 1, Epoch 1313, Train Loss: 0.5475, Val Loss: 0.3721, Val Acc: 0.9903
Precision: 0.9963, Recall: 0.9912, F1-Score: 0.9933
Fold 1, Epoch 1314, Train Loss: 0.4841, Val Loss: 0.3119, Val Acc: 0.9908
Precision: 0.9963, Recall: 0.9912, F1-Score: 0.9932
Fold 1, Epoch 1315, Train Loss: 0.4353, Val Loss: 0.3350, Val Acc: 0.9908
Precision: 0.9962, Recall: 0.9907, F1-Score: 0.9929
Fold 1, Epoch 1316, Train Loss: 0.4261, Val Loss: 0.3922, Val Acc: 0.9902
Precision: 0.9963, Recall: 0.9917, F1-Score: 0.9935
Fold 1, Epoch 1317, Train Loss: 0.4530, Val Loss: 0.2734, Val Acc: 0.9912
Precision: 0.9963, Recall: 0.9909, F1-Score: 0.9931
Fold 1, Epoch 1318, Train Loss: 0.4210, Val Loss: 0.3270, Val Acc: 0.9905
Precision: 0.9963, Recall: 0.9917, F1-Score: 0.9935
Fold 1, Epoch 1319, Train Loss: 0.4403, Val Loss: 0.2603, Val Acc: 0.9912

--- Epoch 1320 ---
--- Epoch 1320 ---
--- Epoch 1320 ---



--- Epoch 1320 ---
Class Weights: [2.1182575e-05 5.6127068e-02 5.6127068e-02 5.9477936e-02 5.6928884e-02
 5.3851645e-02 5.3851645e-02 4.9812771e-02 5.9477936e-02 5.6127068e-02
 6.1308030e-02 5.1753532e-02 5.3851645e-02 6.0379118e-02 5.6928884e-02
 4.9197800e-02 5.4589339e-02 5.2434497e-02 5.7753939e-02]Class Weights: [2.1182575e-05 5.6127068e-02 5.6127068e-02 5.9477936e-02 5.6928884e-02
 5.3851645e-02 5.3851645e-02 4.9812771e-02 5.9477936e-02 5.6127068e-02
 6.1308030e-02 5.1753532e-02 5.3851645e-02 6.0379118e-02 5.6928884e-02
 4.9197800e-02 5.4589339e-02 5.2434497e-02 5.7753939e-02]Class Weights: [2.1182575e-05 5.6127068e-02 5.6127068e-02 5.9477936e-02 5.6928884e-02
 5.3851645e-02 5.3851645e-02 4.9812771e-02 5.9477936e-02 5.6127068e-02
 6.1308030e-02 5.1753532e-02 5.3851645e-02 6.0379118e-02 5.6928884e-02
 4.9197800e-02 5.4589339e-02 5.2434497e-02 5.7753939e-02]


Class Weights: [2.1182575e-05 5.6127068e-02 5.6127068e-02 5.9477936e-02 5.6928884e-02
 5.3851645e-02 5.3851645e-02 4.9812771e-02 5.9477936e-02 5.6127068e-02
 6.1308030e-02 5.1753532e-02 5.3851645e-02 6.0379118e-02 5.6928884e-02
 4.9197800e-02 5.4589339e-02 5.2434497e-02 5.7753939e-02]Learning Rate: 0.005Learning Rate: 0.005Learning Rate: 0.005



Learning Rate: 0.005
Train Loss: 0.4103, Val Loss: 0.2779Train Loss: 0.4103, Val Loss: 0.2779
Train Loss: 0.4103, Val Loss: 0.2779Train Loss: 0.4103, Val Loss: 0.2779


Per-Class Precision: [1.         0.32673267 0.86705202 0.40871935 0.41777778 0.41262136
 0.48765432 0.25619835 0.23809524 0.24262295 0.27559055 0.18085106
 0.34615385 0.59130435 0.36585366 0.53804348 0.5        0.69791667
 0.60483871]
Per-Class Recall: [0.99175707 0.99       1.         1.         0.94       0.85
 0.79       0.82666667 0.8        0.98666667 0.84       0.45333333
 0.864      0.77714286 0.8        0.99       0.74857143 0.89333333
 1.        ]
Per-Class F1-Score: [0.99586148 0.49131514 0.92879257 0.58027079 0.57846154 0.55555556
 0.60305344 0.39116719 0.36697248 0.38947368 0.41501976 0.25855513
 0.49427918 0.67160494 0.50209205 0.6971831  0.59954233 0.78362573
 0.75376884]
Support per Class: [293949    100    150    150    100    100    100     75    100     75
    125    150    125    175     75    100    175     75     75]
Weighted Precision: 0.9962, Weighted Recall: 0.9908, Weighted F1-Score: 0.9929
Precision: 0.9962, Recall: 0.9908, F1-Score: 0.9929
Fold 1, Epoch 1320, Train Loss: 0.4103, Val Loss: 0.2779, Val Acc: 0.9903
Precision: 0.9963, Recall: 0.9914, F1-Score: 0.9934
Fold 1, Epoch 1321, Train Loss: 0.3667, Val Loss: 0.2538, Val Acc: 0.9909
Precision: 0.9964, Recall: 0.9918, F1-Score: 0.9936
Fold 1, Epoch 1322, Train Loss: 0.3475, Val Loss: 0.2428, Val Acc: 0.9912
Precision: 0.9964, Recall: 0.9915, F1-Score: 0.9934
Fold 1, Epoch 1323, Train Loss: 0.3606, Val Loss: 0.2330, Val Acc: 0.9910
Precision: 0.9964, Recall: 0.9914, F1-Score: 0.9934
Fold 1, Epoch 1324, Train Loss: 0.3615, Val Loss: 0.2341, Val Acc: 0.9910
Precision: 0.9961, Recall: 0.8998, F1-Score: 0.9448
Fold 1, Epoch 1325, Train Loss: 0.3485, Val Loss: 0.2588, Val Acc: 0.8878
Precision: 0.9964, Recall: 0.9917, F1-Score: 0.9936
Fold 1, Epoch 1326, Train Loss: 0.3886, Val Loss: 0.2376, Val Acc: 0.9912
Precision: 0.9964, Recall: 0.9915, F1-Score: 0.9934
Fold 1, Epoch 1327, Train Loss: 0.3664, Val Loss: 0.2418, Val Acc: 0.9909
Precision: 0.9963, Recall: 0.9915, F1-Score: 0.9934
Fold 1, Epoch 1328, Train Loss: 0.3772, Val Loss: 0.2370, Val Acc: 0.9909
Precision: 0.9961, Recall: 0.9793, F1-Score: 0.9870
Fold 1, Epoch 1329, Train Loss: 0.3645, Val Loss: 0.2686, Val Acc: 0.9813

--- Epoch 1330 ---
--- Epoch 1330 ---


--- Epoch 1330 ---

--- Epoch 1330 ---
Class Weights: [2.1182575e-05 5.6127068e-02 5.6127068e-02 5.9477936e-02 5.6928884e-02
 5.3851645e-02 5.3851645e-02 4.9812771e-02 5.9477936e-02 5.6127068e-02
 6.1308030e-02 5.1753532e-02 5.3851645e-02 6.0379118e-02 5.6928884e-02
 4.9197800e-02 5.4589339e-02 5.2434497e-02 5.7753939e-02]Class Weights: [2.1182575e-05 5.6127068e-02 5.6127068e-02 5.9477936e-02 5.6928884e-02
 5.3851645e-02 5.3851645e-02 4.9812771e-02 5.9477936e-02 5.6127068e-02
 6.1308030e-02 5.1753532e-02 5.3851645e-02 6.0379118e-02 5.6928884e-02
 4.9197800e-02 5.4589339e-02 5.2434497e-02 5.7753939e-02]Class Weights: [2.1182575e-05 5.6127068e-02 5.6127068e-02 5.9477936e-02 5.6928884e-02
 5.3851645e-02 5.3851645e-02 4.9812771e-02 5.9477936e-02 5.6127068e-02
 6.1308030e-02 5.1753532e-02 5.3851645e-02 6.0379118e-02 5.6928884e-02
 4.9197800e-02 5.4589339e-02 5.2434497e-02 5.7753939e-02]

Class Weights: [2.1182575e-05 5.6127068e-02 5.6127068e-02 5.9477936e-02 5.6928884e-02
 5.3851645e-02 5.3851645e-02 4.9812771e-02 5.9477936e-02 5.6127068e-02
 6.1308030e-02 5.1753532e-02 5.3851645e-02 6.0379118e-02 5.6928884e-02
 4.9197800e-02 5.4589339e-02 5.2434497e-02 5.7753939e-02]
Learning Rate: 0.005Learning Rate: 0.005

Learning Rate: 0.005

Learning Rate: 0.005
Train Loss: 0.3771, Val Loss: 0.2666
Train Loss: 0.3771, Val Loss: 0.2666Train Loss: 0.3771, Val Loss: 0.2666Train Loss: 0.3771, Val Loss: 0.2666


Per-Class Precision: [1.         0.00987069 0.64502165 0.52280702 0.34220532 0.40639269
 0.29245283 0.2849162  0.27741935 0.25714286 0.2410148  0.20833333
 0.34050179 0.53405018 0.50909091 0.51295337 0.56315789 0.53658537
 0.63478261]
Per-Class Recall: [0.95843837 1.         0.99333333 0.99333333 0.9        0.89
 0.93       0.68       0.86       0.96       0.912      0.36666667
 0.76       0.85142857 0.74666667 0.99       0.61142857 0.88
 0.97333333]
Per-Class F1-Score: [0.97877818 0.01954843 0.78215223 0.68505747 0.49586777 0.55799373
 0.44497608 0.4015748  0.4195122  0.4056338  0.3812709  0.26570048
 0.47029703 0.65638767 0.60540541 0.67576792 0.58630137 0.66666667
 0.76842105]
Support per Class: [293949    100    150    150    100    100    100     75    100     75
    125    150    125    175     75    100    175     75     75]
Weighted Precision: 0.9959, Weighted Recall: 0.9576, Weighted F1-Score: 0.9757
Precision: 0.9959, Recall: 0.9576, F1-Score: 0.9757
Fold 1, Epoch 1330, Train Loss: 0.3771, Val Loss: 0.2666, Val Acc: 0.9652
Precision: 0.9962, Recall: 0.9897, F1-Score: 0.9923
Fold 1, Epoch 1331, Train Loss: 0.4121, Val Loss: 0.2575, Val Acc: 0.9895
Precision: 0.9964, Recall: 0.9914, F1-Score: 0.9933
Fold 1, Epoch 1332, Train Loss: 0.3921, Val Loss: 0.2508, Val Acc: 0.9907
Precision: 0.9962, Recall: 0.9913, F1-Score: 0.9933
Fold 1, Epoch 1333, Train Loss: 0.3527, Val Loss: 0.2363, Val Acc: 0.9909
Precision: 0.9964, Recall: 0.9916, F1-Score: 0.9935
Fold 1, Epoch 1334, Train Loss: 0.3467, Val Loss: 0.2400, Val Acc: 0.9910
Precision: 0.9963, Recall: 0.9913, F1-Score: 0.9933
Fold 1, Epoch 1335, Train Loss: 0.3411, Val Loss: 0.2600, Val Acc: 0.9905
Precision: 0.9963, Recall: 0.9916, F1-Score: 0.9934
Fold 1, Epoch 1336, Train Loss: 0.3659, Val Loss: 0.2434, Val Acc: 0.9911
Precision: 0.9964, Recall: 0.9915, F1-Score: 0.9935
Fold 1, Epoch 1337, Train Loss: 0.3388, Val Loss: 0.2581, Val Acc: 0.9910
Precision: 0.9965, Recall: 0.9916, F1-Score: 0.9935
Fold 1, Epoch 1338, Train Loss: 0.3660, Val Loss: 0.2318, Val Acc: 0.9910
Precision: 0.9963, Recall: 0.9914, F1-Score: 0.9933
Fold 1, Epoch 1339, Train Loss: 0.3466, Val Loss: 0.2329, Val Acc: 0.9909

--- Epoch 1340 ---
--- Epoch 1340 ---
--- Epoch 1340 ---



--- Epoch 1340 ---
Class Weights: [2.1182575e-05 5.6127068e-02 5.6127068e-02 5.9477936e-02 5.6928884e-02
 5.3851645e-02 5.3851645e-02 4.9812771e-02 5.9477936e-02 5.6127068e-02
 6.1308030e-02 5.1753532e-02 5.3851645e-02 6.0379118e-02 5.6928884e-02
 4.9197800e-02 5.4589339e-02 5.2434497e-02 5.7753939e-02]Class Weights: [2.1182575e-05 5.6127068e-02 5.6127068e-02 5.9477936e-02 5.6928884e-02
 5.3851645e-02 5.3851645e-02 4.9812771e-02 5.9477936e-02 5.6127068e-02
 6.1308030e-02 5.1753532e-02 5.3851645e-02 6.0379118e-02 5.6928884e-02
 4.9197800e-02 5.4589339e-02 5.2434497e-02 5.7753939e-02]Class Weights: [2.1182575e-05 5.6127068e-02 5.6127068e-02 5.9477936e-02 5.6928884e-02
 5.3851645e-02 5.3851645e-02 4.9812771e-02 5.9477936e-02 5.6127068e-02
 6.1308030e-02 5.1753532e-02 5.3851645e-02 6.0379118e-02 5.6928884e-02
 4.9197800e-02 5.4589339e-02 5.2434497e-02 5.7753939e-02]

Class Weights: [2.1182575e-05 5.6127068e-02 5.6127068e-02 5.9477936e-02 5.6928884e-02
 5.3851645e-02 5.3851645e-02 4.9812771e-02 5.9477936e-02 5.6127068e-02
 6.1308030e-02 5.1753532e-02 5.3851645e-02 6.0379118e-02 5.6928884e-02
 4.9197800e-02 5.4589339e-02 5.2434497e-02 5.7753939e-02]Learning Rate: 0.005
Learning Rate: 0.005

Learning Rate: 0.005
Train Loss: 0.3318, Val Loss: 0.2373Train Loss: 0.3318, Val Loss: 0.2373Train Loss: 0.3318, Val Loss: 0.2373



Learning Rate: 0.005
Train Loss: 0.3318, Val Loss: 0.2373
Per-Class Precision: [1.         0.68531469 0.75757576 0.51408451 0.4025974  0.61290323
 0.29153605 0.24752475 0.34230769 0.24324324 0.26497696 0.24358974
 0.28199052 0.57560976 0.34090909 0.55151515 0.54827586 0.57692308
 0.71428571]
Per-Class Recall: [0.99227417 0.98       1.         0.97333333 0.93       0.76
 0.93       0.66666667 0.89       0.96       0.92       0.50666667
 0.952      0.67428571 0.8        0.91       0.90857143 1.
 1.        ]
Per-Class F1-Score: [0.99612211 0.80658436 0.86206897 0.67281106 0.56193353 0.67857143
 0.44391408 0.36101083 0.49444444 0.38814016 0.41144902 0.32900433
 0.43510055 0.62105263 0.47808765 0.68679245 0.68387097 0.73170732
 0.83333333]
Support per Class: [293949    100    150    150    100    100    100     75    100     75
    125    150    125    175     75    100    175     75     75]
Weighted Precision: 0.9963, Weighted Recall: 0.9914, Weighted F1-Score: 0.9933
Precision: 0.9963, Recall: 0.9914, F1-Score: 0.9933
Fold 1, Epoch 1340, Train Loss: 0.3318, Val Loss: 0.2373, Val Acc: 0.9908
Precision: 0.9964, Recall: 0.9916, F1-Score: 0.9935
Fold 1, Epoch 1341, Train Loss: 0.3184, Val Loss: 0.2172, Val Acc: 0.9911
Precision: 0.9964, Recall: 0.9915, F1-Score: 0.9934
Fold 1, Epoch 1342, Train Loss: 0.3073, Val Loss: 0.2188, Val Acc: 0.9910
Precision: 0.9964, Recall: 0.9916, F1-Score: 0.9935
Fold 1, Epoch 1343, Train Loss: 0.3200, Val Loss: 0.2141, Val Acc: 0.9912
Precision: 0.9964, Recall: 0.9915, F1-Score: 0.9934
Fold 1, Epoch 1344, Train Loss: 0.3331, Val Loss: 0.2181, Val Acc: 0.9911
Precision: 0.9963, Recall: 0.9912, F1-Score: 0.9933
Fold 1, Epoch 1345, Train Loss: 0.3314, Val Loss: 0.2404, Val Acc: 0.9906
Precision: 0.9965, Recall: 0.9918, F1-Score: 0.9936
Fold 1, Epoch 1346, Train Loss: 0.3711, Val Loss: 0.2330, Val Acc: 0.9912
Precision: 0.9962, Recall: 0.9905, F1-Score: 0.9927
Fold 1, Epoch 1347, Train Loss: 0.3495, Val Loss: 0.2299, Val Acc: 0.9900
Precision: 0.9964, Recall: 0.9915, F1-Score: 0.9934
Fold 1, Epoch 1348, Train Loss: 0.3377, Val Loss: 0.2332, Val Acc: 0.9912
Precision: 0.9962, Recall: 0.9901, F1-Score: 0.9926
Fold 1, Epoch 1349, Train Loss: 0.3509, Val Loss: 0.2176, Val Acc: 0.9892

--- Epoch 1350 ---
--- Epoch 1350 ---
--- Epoch 1350 ---



--- Epoch 1350 ---
Class Weights: [2.1182575e-05 5.6127068e-02 5.6127068e-02 5.9477936e-02 5.6928884e-02
 5.3851645e-02 5.3851645e-02 4.9812771e-02 5.9477936e-02 5.6127068e-02
 6.1308030e-02 5.1753532e-02 5.3851645e-02 6.0379118e-02 5.6928884e-02
 4.9197800e-02 5.4589339e-02 5.2434497e-02 5.7753939e-02]Class Weights: [2.1182575e-05 5.6127068e-02 5.6127068e-02 5.9477936e-02 5.6928884e-02
 5.3851645e-02 5.3851645e-02 4.9812771e-02 5.9477936e-02 5.6127068e-02
 6.1308030e-02 5.1753532e-02 5.3851645e-02 6.0379118e-02 5.6928884e-02
 4.9197800e-02 5.4589339e-02 5.2434497e-02 5.7753939e-02]Class Weights: [2.1182575e-05 5.6127068e-02 5.6127068e-02 5.9477936e-02 5.6928884e-02
 5.3851645e-02 5.3851645e-02 4.9812771e-02 5.9477936e-02 5.6127068e-02
 6.1308030e-02 5.1753532e-02 5.3851645e-02 6.0379118e-02 5.6928884e-02
 4.9197800e-02 5.4589339e-02 5.2434497e-02 5.7753939e-02]


Learning Rate: 0.005
Learning Rate: 0.005Learning Rate: 0.005Class Weights: [2.1182575e-05 5.6127068e-02 5.6127068e-02 5.9477936e-02 5.6928884e-02
 5.3851645e-02 5.3851645e-02 4.9812771e-02 5.9477936e-02 5.6127068e-02
 6.1308030e-02 5.1753532e-02 5.3851645e-02 6.0379118e-02 5.6928884e-02
 4.9197800e-02 5.4589339e-02 5.2434497e-02 5.7753939e-02]


Learning Rate: 0.005
Train Loss: 0.3125, Val Loss: 0.2311
Train Loss: 0.3125, Val Loss: 0.2311Train Loss: 0.3125, Val Loss: 0.2311

Train Loss: 0.3125, Val Loss: 0.2311
Per-Class Precision: [1.         0.27624309 0.67873303 0.59839357 0.39380531 0.54140127
 0.41860465 0.26267281 0.29927007 0.2293578  0.26004728 0.25093633
 0.25327511 0.62702703 0.33173077 0.63043478 0.56934307 0.52816901
 0.6147541 ]
Per-Class Recall: [0.99169924 1.         1.         0.99333333 0.89       0.85
 0.9        0.76       0.82       1.         0.88       0.44666667
 0.928      0.66285714 0.92       0.87       0.89142857 1.
 1.        ]
Per-Class F1-Score: [0.99583232 0.43290043 0.80862534 0.74686717 0.54601227 0.6614786
 0.57142857 0.39041096 0.43850267 0.37313433 0.40145985 0.32134293
 0.39794168 0.64444444 0.48763251 0.73109244 0.69487751 0.69124424
 0.76142132]
Support per Class: [293949    100    150    150    100    100    100     75    100     75
    125    150    125    175     75    100    175     75     75]
Weighted Precision: 0.9962, Weighted Recall: 0.9908, Weighted F1-Score: 0.9929
Precision: 0.9962, Recall: 0.9908, F1-Score: 0.9929
Fold 1, Epoch 1350, Train Loss: 0.3125, Val Loss: 0.2311, Val Acc: 0.9905
Precision: 0.9962, Recall: 0.9600, F1-Score: 0.9771
Fold 1, Epoch 1351, Train Loss: 0.3573, Val Loss: 0.2364, Val Acc: 0.9673
Precision: 0.9964, Recall: 0.9914, F1-Score: 0.9933
Fold 1, Epoch 1352, Train Loss: 0.3341, Val Loss: 0.2338, Val Acc: 0.9910
Precision: 0.9965, Recall: 0.9911, F1-Score: 0.9933
Fold 1, Epoch 1353, Train Loss: 0.3332, Val Loss: 0.2472, Val Acc: 0.9905
Precision: 0.9963, Recall: 0.9916, F1-Score: 0.9934
Fold 1, Epoch 1354, Train Loss: 0.3403, Val Loss: 0.2267, Val Acc: 0.9909
Precision: 0.9962, Recall: 0.9897, F1-Score: 0.9923
Fold 1, Epoch 1355, Train Loss: 0.3180, Val Loss: 0.2346, Val Acc: 0.9893
Precision: 0.9965, Recall: 0.9917, F1-Score: 0.9936
Fold 1, Epoch 1356, Train Loss: 0.3148, Val Loss: 0.2227, Val Acc: 0.9911
Precision: 0.9963, Recall: 0.9863, F1-Score: 0.9907
Fold 1, Epoch 1357, Train Loss: 0.3413, Val Loss: 0.2242, Val Acc: 0.9872
Precision: 0.9963, Recall: 0.9918, F1-Score: 0.9935
Fold 1, Epoch 1358, Train Loss: 0.3500, Val Loss: 0.2358, Val Acc: 0.9910
Precision: 0.9963, Recall: 0.9912, F1-Score: 0.9932
Fold 1, Epoch 1359, Train Loss: 0.3271, Val Loss: 0.2502, Val Acc: 0.9906

--- Epoch 1360 ---
--- Epoch 1360 ---
--- Epoch 1360 ---



--- Epoch 1360 ---
Class Weights: [2.1182575e-05 5.6127068e-02 5.6127068e-02 5.9477936e-02 5.6928884e-02
 5.3851645e-02 5.3851645e-02 4.9812771e-02 5.9477936e-02 5.6127068e-02
 6.1308030e-02 5.1753532e-02 5.3851645e-02 6.0379118e-02 5.6928884e-02
 4.9197800e-02 5.4589339e-02 5.2434497e-02 5.7753939e-02]Class Weights: [2.1182575e-05 5.6127068e-02 5.6127068e-02 5.9477936e-02 5.6928884e-02
 5.3851645e-02 5.3851645e-02 4.9812771e-02 5.9477936e-02 5.6127068e-02
 6.1308030e-02 5.1753532e-02 5.3851645e-02 6.0379118e-02 5.6928884e-02
 4.9197800e-02 5.4589339e-02 5.2434497e-02 5.7753939e-02]Class Weights: [2.1182575e-05 5.6127068e-02 5.6127068e-02 5.9477936e-02 5.6928884e-02
 5.3851645e-02 5.3851645e-02 4.9812771e-02 5.9477936e-02 5.6127068e-02
 6.1308030e-02 5.1753532e-02 5.3851645e-02 6.0379118e-02 5.6928884e-02
 4.9197800e-02 5.4589339e-02 5.2434497e-02 5.7753939e-02]

Class Weights: [2.1182575e-05 5.6127068e-02 5.6127068e-02 5.9477936e-02 5.6928884e-02
 5.3851645e-02 5.3851645e-02 4.9812771e-02 5.9477936e-02 5.6127068e-02
 6.1308030e-02 5.1753532e-02 5.3851645e-02 6.0379118e-02 5.6928884e-02
 4.9197800e-02 5.4589339e-02 5.2434497e-02 5.7753939e-02]
Learning Rate: 0.005
Learning Rate: 0.005
Learning Rate: 0.005
Learning Rate: 0.005

Train Loss: 0.3497, Val Loss: 0.2382
Train Loss: 0.3497, Val Loss: 0.2382
Train Loss: 0.3497, Val Loss: 0.2382Train Loss: 0.3497, Val Loss: 0.2382

Per-Class Precision: [1.         0.63461538 0.84571429 0.48231511 0.46428571 0.54362416
 0.35521236 0.18421053 0.33187773 0.26639344 0.34090909 0.1966759
 0.22718053 0.52173913 0.47244094 0.53513514 0.57857143 0.59055118
 0.6097561 ]
Per-Class Recall: [0.99225036 0.99       0.98666667 1.         0.91       0.81
 0.92       0.74666667 0.76       0.86666667 0.84       0.47333333
 0.896      0.82285714 0.8        0.99       0.92571429 1.
 1.        ]
Per-Class F1-Score: [0.99611011 0.7734375  0.91076923 0.65075922 0.61486486 0.65060241
 0.51253482 0.29551451 0.46200608 0.40752351 0.48498845 0.2778865
 0.36245955 0.63858093 0.59405941 0.69473684 0.71208791 0.74257426
 0.75757576]
Support per Class: [293949    100    150    150    100    100    100     75    100     75
    125    150    125    175     75    100    175     75     75]
Weighted Precision: 0.9963, Weighted Recall: 0.9914, Weighted F1-Score: 0.9933
Precision: 0.9963, Recall: 0.9914, F1-Score: 0.9933
Fold 1, Epoch 1360, Train Loss: 0.3497, Val Loss: 0.2382, Val Acc: 0.9908
Precision: 0.9961, Recall: 0.9901, F1-Score: 0.9925
Fold 1, Epoch 1361, Train Loss: 0.3301, Val Loss: 0.2181, Val Acc: 0.9898
Precision: 0.9963, Recall: 0.9911, F1-Score: 0.9932
Fold 1, Epoch 1362, Train Loss: 0.3336, Val Loss: 0.2403, Val Acc: 0.9906
Precision: 0.9963, Recall: 0.9916, F1-Score: 0.9934
Fold 1, Epoch 1363, Train Loss: 0.3520, Val Loss: 0.2321, Val Acc: 0.9911
Precision: 0.9963, Recall: 0.9914, F1-Score: 0.9933
Fold 1, Epoch 1364, Train Loss: 0.3393, Val Loss: 0.2230, Val Acc: 0.9907
Precision: 0.9965, Recall: 0.9909, F1-Score: 0.9932
Fold 1, Epoch 1365, Train Loss: 0.3272, Val Loss: 0.2325, Val Acc: 0.9902
Precision: 0.9964, Recall: 0.9917, F1-Score: 0.9936
Fold 1, Epoch 1366, Train Loss: 0.3389, Val Loss: 0.2234, Val Acc: 0.9913
Precision: 0.9961, Recall: 0.9454, F1-Score: 0.9694
Fold 1, Epoch 1367, Train Loss: 0.3403, Val Loss: 0.2232, Val Acc: 0.9495
Precision: 0.9963, Recall: 0.9910, F1-Score: 0.9931
Fold 1, Epoch 1368, Train Loss: 0.3536, Val Loss: 0.2192, Val Acc: 0.9904
Precision: 0.9963, Recall: 0.9913, F1-Score: 0.9932
Fold 1, Epoch 1369, Train Loss: 0.3281, Val Loss: 0.2249, Val Acc: 0.9908

--- Epoch 1370 ---
--- Epoch 1370 ---
--- Epoch 1370 ---



--- Epoch 1370 ---
Class Weights: [2.1182575e-05 5.6127068e-02 5.6127068e-02 5.9477936e-02 5.6928884e-02
 5.3851645e-02 5.3851645e-02 4.9812771e-02 5.9477936e-02 5.6127068e-02
 6.1308030e-02 5.1753532e-02 5.3851645e-02 6.0379118e-02 5.6928884e-02
 4.9197800e-02 5.4589339e-02 5.2434497e-02 5.7753939e-02]Class Weights: [2.1182575e-05 5.6127068e-02 5.6127068e-02 5.9477936e-02 5.6928884e-02
 5.3851645e-02 5.3851645e-02 4.9812771e-02 5.9477936e-02 5.6127068e-02
 6.1308030e-02 5.1753532e-02 5.3851645e-02 6.0379118e-02 5.6928884e-02
 4.9197800e-02 5.4589339e-02 5.2434497e-02 5.7753939e-02]

Class Weights: [2.1182575e-05 5.6127068e-02 5.6127068e-02 5.9477936e-02 5.6928884e-02
 5.3851645e-02 5.3851645e-02 4.9812771e-02 5.9477936e-02 5.6127068e-02
 6.1308030e-02 5.1753532e-02 5.3851645e-02 6.0379118e-02 5.6928884e-02
 4.9197800e-02 5.4589339e-02 5.2434497e-02 5.7753939e-02]Learning Rate: 0.005
Learning Rate: 0.005

Learning Rate: 0.005
Class Weights: [2.1182575e-05 5.6127068e-02 5.6127068e-02 5.9477936e-02 5.6928884e-02
 5.3851645e-02 5.3851645e-02 4.9812771e-02 5.9477936e-02 5.6127068e-02
 6.1308030e-02 5.1753532e-02 5.3851645e-02 6.0379118e-02 5.6928884e-02
 4.9197800e-02 5.4589339e-02 5.2434497e-02 5.7753939e-02]
Learning Rate: 0.005
Train Loss: 0.3131, Val Loss: 0.2322Train Loss: 0.3131, Val Loss: 0.2322Train Loss: 0.3131, Val Loss: 0.2322


Train Loss: 0.3131, Val Loss: 0.2322
Per-Class Precision: [1.         0.59281437 0.78534031 0.53024911 0.44497608 0.61654135
 0.47089947 0.24796748 0.28636364 0.19280206 0.24024641 0.22589532
 0.28813559 0.58878505 0.51666667 0.55279503 0.59245283 0.46875
 0.6097561 ]
Per-Class Recall: [0.99235582 0.99       1.         0.99333333 0.93       0.82
 0.89       0.81333333 0.63       1.         0.936      0.54666667
 0.816      0.72       0.82666667 0.89       0.89714286 1.
 1.        ]
Per-Class F1-Score: [0.99616324 0.74157303 0.8797654  0.69141531 0.60194175 0.70386266
 0.61591696 0.38006231 0.39375    0.32327586 0.38235294 0.31968811
 0.42588727 0.64781491 0.63589744 0.68199234 0.71363636 0.63829787
 0.75757576]
Support per Class: [293949    100    150    150    100    100    100     75    100     75
    125    150    125    175     75    100    175     75     75]
Weighted Precision: 0.9964, Weighted Recall: 0.9915, Weighted F1-Score: 0.9934
Precision: 0.9964, Recall: 0.9915, F1-Score: 0.9934
Fold 1, Epoch 1370, Train Loss: 0.3131, Val Loss: 0.2322, Val Acc: 0.9909
Precision: 0.9963, Recall: 0.9888, F1-Score: 0.9920
Fold 1, Epoch 1371, Train Loss: 0.3148, Val Loss: 0.2546, Val Acc: 0.9880
Precision: 0.9964, Recall: 0.9916, F1-Score: 0.9935
Fold 1, Epoch 1372, Train Loss: 0.3405, Val Loss: 0.2347, Val Acc: 0.9912
Precision: 0.9963, Recall: 0.9913, F1-Score: 0.9933
Fold 1, Epoch 1373, Train Loss: 0.3186, Val Loss: 0.2204, Val Acc: 0.9909
Precision: 0.9964, Recall: 0.9913, F1-Score: 0.9934
Fold 1, Epoch 1374, Train Loss: 0.3134, Val Loss: 0.2229, Val Acc: 0.9909
Precision: 0.9964, Recall: 0.9912, F1-Score: 0.9933
Fold 1, Epoch 1375, Train Loss: 0.2966, Val Loss: 0.2130, Val Acc: 0.9907
Precision: 0.9963, Recall: 0.9914, F1-Score: 0.9933
Fold 1, Epoch 1376, Train Loss: 0.3094, Val Loss: 0.2135, Val Acc: 0.9909
Precision: 0.9964, Recall: 0.9906, F1-Score: 0.9929
Fold 1, Epoch 1377, Train Loss: 0.3194, Val Loss: 0.2446, Val Acc: 0.9900
Precision: 0.9965, Recall: 0.9916, F1-Score: 0.9935
Fold 1, Epoch 1378, Train Loss: 0.3640, Val Loss: 0.2491, Val Acc: 0.9911
Precision: 0.9964, Recall: 0.9915, F1-Score: 0.9934
Fold 1, Epoch 1379, Train Loss: 0.3519, Val Loss: 0.2434, Val Acc: 0.9908

--- Epoch 1380 ---
--- Epoch 1380 ---
--- Epoch 1380 ---



--- Epoch 1380 ---
Class Weights: [2.1182575e-05 5.6127068e-02 5.6127068e-02 5.9477936e-02 5.6928884e-02
 5.3851645e-02 5.3851645e-02 4.9812771e-02 5.9477936e-02 5.6127068e-02
 6.1308030e-02 5.1753532e-02 5.3851645e-02 6.0379118e-02 5.6928884e-02
 4.9197800e-02 5.4589339e-02 5.2434497e-02 5.7753939e-02]Class Weights: [2.1182575e-05 5.6127068e-02 5.6127068e-02 5.9477936e-02 5.6928884e-02
 5.3851645e-02 5.3851645e-02 4.9812771e-02 5.9477936e-02 5.6127068e-02
 6.1308030e-02 5.1753532e-02 5.3851645e-02 6.0379118e-02 5.6928884e-02
 4.9197800e-02 5.4589339e-02 5.2434497e-02 5.7753939e-02]Class Weights: [2.1182575e-05 5.6127068e-02 5.6127068e-02 5.9477936e-02 5.6928884e-02
 5.3851645e-02 5.3851645e-02 4.9812771e-02 5.9477936e-02 5.6127068e-02
 6.1308030e-02 5.1753532e-02 5.3851645e-02 6.0379118e-02 5.6928884e-02
 4.9197800e-02 5.4589339e-02 5.2434497e-02 5.7753939e-02]Class Weights: [2.1182575e-05 5.6127068e-02 5.6127068e-02 5.9477936e-02 5.6928884e-02
 5.3851645e-02 5.3851645e-02 4.9812771e-02 5.9477936e-02 5.6127068e-02
 6.1308030e-02 5.1753532e-02 5.3851645e-02 6.0379118e-02 5.6928884e-02
 4.9197800e-02 5.4589339e-02 5.2434497e-02 5.7753939e-02]



Learning Rate: 0.005Learning Rate: 0.005
Learning Rate: 0.005Learning Rate: 0.005


Train Loss: 0.3511, Val Loss: 0.2249
Train Loss: 0.3511, Val Loss: 0.2249Train Loss: 0.3511, Val Loss: 0.2249
Train Loss: 0.3511, Val Loss: 0.2249

Per-Class Precision: [1.         0.66442953 0.76142132 0.47923323 0.4159292  0.52941176
 0.45989305 0.2797619  0.29787234 0.1967655  0.23673469 0.2201087
 0.43386243 0.41644562 0.43046358 0.58278146 0.57818182 0.53191489
 0.64655172]
Per-Class Recall: [0.99218912 0.99       1.         1.         0.94       0.9
 0.86       0.62666667 0.84       0.97333333 0.928      0.54
 0.656      0.89714286 0.86666667 0.88       0.90857143 1.
 1.        ]
Per-Class F1-Score: [0.99607925 0.79518072 0.86455331 0.64794816 0.57668712 0.66666667
 0.59930314 0.38683128 0.43979058 0.32735426 0.37723577 0.31274131
 0.52229299 0.56884058 0.57522124 0.70119522 0.70666667 0.69444444
 0.78534031]
Support per Class: [293949    100    150    150    100    100    100     75    100     75
    125    150    125    175     75    100    175     75     75]
Weighted Precision: 0.9963, Weighted Recall: 0.9914, Weighted F1-Score: 0.9933
Precision: 0.9963, Recall: 0.9914, F1-Score: 0.9933
Fold 1, Epoch 1380, Train Loss: 0.3511, Val Loss: 0.2249, Val Acc: 0.9909
Precision: 0.9965, Recall: 0.9916, F1-Score: 0.9935
Fold 1, Epoch 1381, Train Loss: 0.3501, Val Loss: 0.2267, Val Acc: 0.9911
Precision: 0.9963, Recall: 0.9913, F1-Score: 0.9932
Fold 1, Epoch 1382, Train Loss: 0.3639, Val Loss: 0.2256, Val Acc: 0.9908
Precision: 0.9961, Recall: 0.9907, F1-Score: 0.9928
Fold 1, Epoch 1383, Train Loss: 0.3341, Val Loss: 0.7713, Val Acc: 0.9900
Precision: 0.9956, Recall: 0.9754, F1-Score: 0.9846
Fold 1, Epoch 1384, Train Loss: 0.7745, Val Loss: 0.8712, Val Acc: 0.9793
Precision: 0.9959, Recall: 0.9903, F1-Score: 0.9927
Fold 1, Epoch 1385, Train Loss: 0.7367, Val Loss: 0.4900, Val Acc: 0.9899
Precision: 0.9963, Recall: 0.9912, F1-Score: 0.9933
Fold 1, Epoch 1386, Train Loss: 0.4982, Val Loss: 0.2940, Val Acc: 0.9907
Precision: 0.9961, Recall: 0.9832, F1-Score: 0.9890
Fold 1, Epoch 1387, Train Loss: 0.4262, Val Loss: 0.2630, Val Acc: 0.9851
Precision: 0.9964, Recall: 0.9914, F1-Score: 0.9934
Fold 1, Epoch 1388, Train Loss: 0.3689, Val Loss: 0.2307, Val Acc: 0.9909
Precision: 0.9964, Recall: 0.9915, F1-Score: 0.9934
Fold 1, Epoch 1389, Train Loss: 0.3583, Val Loss: 0.2345, Val Acc: 0.9910

--- Epoch 1390 ---
--- Epoch 1390 ---
--- Epoch 1390 ---



--- Epoch 1390 ---
Class Weights: [2.1182575e-05 5.6127068e-02 5.6127068e-02 5.9477936e-02 5.6928884e-02
 5.3851645e-02 5.3851645e-02 4.9812771e-02 5.9477936e-02 5.6127068e-02
 6.1308030e-02 5.1753532e-02 5.3851645e-02 6.0379118e-02 5.6928884e-02
 4.9197800e-02 5.4589339e-02 5.2434497e-02 5.7753939e-02]Class Weights: [2.1182575e-05 5.6127068e-02 5.6127068e-02 5.9477936e-02 5.6928884e-02
 5.3851645e-02 5.3851645e-02 4.9812771e-02 5.9477936e-02 5.6127068e-02
 6.1308030e-02 5.1753532e-02 5.3851645e-02 6.0379118e-02 5.6928884e-02
 4.9197800e-02 5.4589339e-02 5.2434497e-02 5.7753939e-02]Class Weights: [2.1182575e-05 5.6127068e-02 5.6127068e-02 5.9477936e-02 5.6928884e-02
 5.3851645e-02 5.3851645e-02 4.9812771e-02 5.9477936e-02 5.6127068e-02
 6.1308030e-02 5.1753532e-02 5.3851645e-02 6.0379118e-02 5.6928884e-02
 4.9197800e-02 5.4589339e-02 5.2434497e-02 5.7753939e-02]Class Weights: [2.1182575e-05 5.6127068e-02 5.6127068e-02 5.9477936e-02 5.6928884e-02
 5.3851645e-02 5.3851645e-02 4.9812771e-02 5.9477936e-02 5.6127068e-02
 6.1308030e-02 5.1753532e-02 5.3851645e-02 6.0379118e-02 5.6928884e-02
 4.9197800e-02 5.4589339e-02 5.2434497e-02 5.7753939e-02]



Learning Rate: 0.005Learning Rate: 0.005Learning Rate: 0.005
Learning Rate: 0.005


Train Loss: 0.3650, Val Loss: 0.2465
Train Loss: 0.3650, Val Loss: 0.2465
Train Loss: 0.3650, Val Loss: 0.2465Train Loss: 0.3650, Val Loss: 0.2465

Per-Class Precision: [1.         0.44495413 0.80874317 0.56349206 0.40343348 0.54487179
 0.54929577 0.19869707 0.26567164 0.22829582 0.28415301 0.2319202
 0.26923077 0.66169154 0.4109589  0.51381215 0.54882155 0.62184874
 0.7047619 ]
Per-Class Recall: [0.99202583 0.97       0.98666667 0.94666667 0.94       0.85
 0.78       0.81333333 0.89       0.94666667 0.832      0.62
 0.896      0.76       0.8        0.93       0.93142857 0.98666667
 0.98666667]
Per-Class F1-Score: [0.99599695 0.61006289 0.88888889 0.70646766 0.56456456 0.6640625
 0.6446281  0.31937173 0.4091954  0.36787565 0.42362525 0.33756806
 0.41404806 0.70744681 0.54298643 0.66192171 0.69067797 0.7628866
 0.82222222]
Support per Class: [293949    100    150    150    100    100    100     75    100     75
    125    150    125    175     75    100    175     75     75]
Weighted Precision: 0.9964, Weighted Recall: 0.9912, Weighted F1-Score: 0.9933
Precision: 0.9964, Recall: 0.9912, F1-Score: 0.9933
Fold 1, Epoch 1390, Train Loss: 0.3650, Val Loss: 0.2465, Val Acc: 0.9906
Precision: 0.9962, Recall: 0.9828, F1-Score: 0.9888
Fold 1, Epoch 1391, Train Loss: 0.3359, Val Loss: 0.2254, Val Acc: 0.9848
Precision: 0.9965, Recall: 0.9917, F1-Score: 0.9935
Fold 1, Epoch 1392, Train Loss: 0.3292, Val Loss: 0.2149, Val Acc: 0.9911
Precision: 0.9964, Recall: 0.9918, F1-Score: 0.9936
Fold 1, Epoch 1393, Train Loss: 0.3266, Val Loss: 0.2181, Val Acc: 0.9913
Precision: 0.9965, Recall: 0.9913, F1-Score: 0.9934
Fold 1, Epoch 1394, Train Loss: 0.3117, Val Loss: 0.2494, Val Acc: 0.9906
Precision: 0.9964, Recall: 0.9917, F1-Score: 0.9935
Fold 1, Epoch 1395, Train Loss: 0.3457, Val Loss: 0.2266, Val Acc: 0.9911
Precision: 0.9964, Recall: 0.9916, F1-Score: 0.9935
Fold 1, Epoch 1396, Train Loss: 0.3410, Val Loss: 0.2257, Val Acc: 0.9910
Precision: 0.9963, Recall: 0.9913, F1-Score: 0.9933
Fold 1, Epoch 1397, Train Loss: 0.3384, Val Loss: 0.2353, Val Acc: 0.9906
Precision: 0.9964, Recall: 0.9916, F1-Score: 0.9935
Fold 1, Epoch 1398, Train Loss: 0.3311, Val Loss: 0.2292, Val Acc: 0.9910
Precision: 0.9965, Recall: 0.9917, F1-Score: 0.9935
Fold 1, Epoch 1399, Train Loss: 0.3282, Val Loss: 0.2164, Val Acc: 0.9911

--- Epoch 1400 ---
--- Epoch 1400 ---
--- Epoch 1400 ---



--- Epoch 1400 ---
Class Weights: [2.1182575e-05 5.6127068e-02 5.6127068e-02 5.9477936e-02 5.6928884e-02
 5.3851645e-02 5.3851645e-02 4.9812771e-02 5.9477936e-02 5.6127068e-02
 6.1308030e-02 5.1753532e-02 5.3851645e-02 6.0379118e-02 5.6928884e-02
 4.9197800e-02 5.4589339e-02 5.2434497e-02 5.7753939e-02]Class Weights: [2.1182575e-05 5.6127068e-02 5.6127068e-02 5.9477936e-02 5.6928884e-02
 5.3851645e-02 5.3851645e-02 4.9812771e-02 5.9477936e-02 5.6127068e-02
 6.1308030e-02 5.1753532e-02 5.3851645e-02 6.0379118e-02 5.6928884e-02
 4.9197800e-02 5.4589339e-02 5.2434497e-02 5.7753939e-02]Class Weights: [2.1182575e-05 5.6127068e-02 5.6127068e-02 5.9477936e-02 5.6928884e-02
 5.3851645e-02 5.3851645e-02 4.9812771e-02 5.9477936e-02 5.6127068e-02
 6.1308030e-02 5.1753532e-02 5.3851645e-02 6.0379118e-02 5.6928884e-02
 4.9197800e-02 5.4589339e-02 5.2434497e-02 5.7753939e-02]Class Weights: [2.1182575e-05 5.6127068e-02 5.6127068e-02 5.9477936e-02 5.6928884e-02
 5.3851645e-02 5.3851645e-02 4.9812771e-02 5.9477936e-02 5.6127068e-02
 6.1308030e-02 5.1753532e-02 5.3851645e-02 6.0379118e-02 5.6928884e-02
 4.9197800e-02 5.4589339e-02 5.2434497e-02 5.7753939e-02]



Learning Rate: 0.005Learning Rate: 0.005
Learning Rate: 0.005Learning Rate: 0.005


Train Loss: 0.3326, Val Loss: 0.2140
Train Loss: 0.3326, Val Loss: 0.2140Train Loss: 0.3326, Val Loss: 0.2140Train Loss: 0.3326, Val Loss: 0.2140


Per-Class Precision: [1.         0.64516129 0.90361446 0.58333333 0.37209302 0.55263158
 0.45226131 0.27777778 0.24477612 0.21203438 0.23552124 0.25
 0.2585034  0.59745763 0.45394737 0.62903226 0.53114754 0.68181818
 0.6302521 ]
Per-Class Recall: [0.99224355 1.         1.         0.93333333 0.96       0.84
 0.9        0.6        0.82       0.98666667 0.976      0.47333333
 0.912      0.80571429 0.92       0.78       0.92571429 1.
 1.        ]
Per-Class F1-Score: [0.99610668 0.78431373 0.94936709 0.71794872 0.53631285 0.66666667
 0.60200669 0.37974684 0.37701149 0.3490566  0.37947123 0.32718894
 0.40282686 0.68613139 0.60792952 0.69642857 0.675      0.81081081
 0.77319588]
Support per Class: [293949    100    150    150    100    100    100     75    100     75
    125    150    125    175     75    100    175     75     75]
Weighted Precision: 0.9965, Weighted Recall: 0.9914, Weighted F1-Score: 0.9934
Precision: 0.9965, Recall: 0.9914, F1-Score: 0.9934
Fold 1, Epoch 1400, Train Loss: 0.3326, Val Loss: 0.2140, Val Acc: 0.9910
Precision: 0.9964, Recall: 0.9914, F1-Score: 0.9934
Fold 1, Epoch 1401, Train Loss: 0.3348, Val Loss: 0.2212, Val Acc: 0.9908
Precision: 0.9964, Recall: 0.9907, F1-Score: 0.9930
Fold 1, Epoch 1402, Train Loss: 0.3251, Val Loss: 0.2209, Val Acc: 0.9902
Precision: 0.9964, Recall: 0.9914, F1-Score: 0.9933
Fold 1, Epoch 1403, Train Loss: 0.3367, Val Loss: 0.2106, Val Acc: 0.9908
Precision: 0.9964, Recall: 0.9915, F1-Score: 0.9934
Fold 1, Epoch 1404, Train Loss: 0.3324, Val Loss: 0.2384, Val Acc: 0.9911
Precision: 0.9965, Recall: 0.9915, F1-Score: 0.9934
Fold 1, Epoch 1405, Train Loss: 0.3244, Val Loss: 0.2248, Val Acc: 0.9910
Precision: 0.9964, Recall: 0.9913, F1-Score: 0.9934
Fold 1, Epoch 1406, Train Loss: 0.3344, Val Loss: 0.2283, Val Acc: 0.9907
Precision: 0.9961, Recall: 0.9868, F1-Score: 0.9907
Fold 1, Epoch 1407, Train Loss: 0.3253, Val Loss: 0.2335, Val Acc: 0.9875
Precision: 0.9961, Recall: 0.9790, F1-Score: 0.9868
Fold 1, Epoch 1408, Train Loss: 0.3454, Val Loss: 0.2183, Val Acc: 0.9823
Precision: 0.9964, Recall: 0.9917, F1-Score: 0.9935
Fold 1, Epoch 1409, Train Loss: 0.3338, Val Loss: 0.2274, Val Acc: 0.9912

--- Epoch 1410 ---
--- Epoch 1410 ---
--- Epoch 1410 ---



--- Epoch 1410 ---
Class Weights: [2.1182575e-05 5.6127068e-02 5.6127068e-02 5.9477936e-02 5.6928884e-02
 5.3851645e-02 5.3851645e-02 4.9812771e-02 5.9477936e-02 5.6127068e-02
 6.1308030e-02 5.1753532e-02 5.3851645e-02 6.0379118e-02 5.6928884e-02
 4.9197800e-02 5.4589339e-02 5.2434497e-02 5.7753939e-02]Class Weights: [2.1182575e-05 5.6127068e-02 5.6127068e-02 5.9477936e-02 5.6928884e-02
 5.3851645e-02 5.3851645e-02 4.9812771e-02 5.9477936e-02 5.6127068e-02
 6.1308030e-02 5.1753532e-02 5.3851645e-02 6.0379118e-02 5.6928884e-02
 4.9197800e-02 5.4589339e-02 5.2434497e-02 5.7753939e-02]Class Weights: [2.1182575e-05 5.6127068e-02 5.6127068e-02 5.9477936e-02 5.6928884e-02
 5.3851645e-02 5.3851645e-02 4.9812771e-02 5.9477936e-02 5.6127068e-02
 6.1308030e-02 5.1753532e-02 5.3851645e-02 6.0379118e-02 5.6928884e-02
 4.9197800e-02 5.4589339e-02 5.2434497e-02 5.7753939e-02]Class Weights: [2.1182575e-05 5.6127068e-02 5.6127068e-02 5.9477936e-02 5.6928884e-02
 5.3851645e-02 5.3851645e-02 4.9812771e-02 5.9477936e-02 5.6127068e-02
 6.1308030e-02 5.1753532e-02 5.3851645e-02 6.0379118e-02 5.6928884e-02
 4.9197800e-02 5.4589339e-02 5.2434497e-02 5.7753939e-02]



Learning Rate: 0.005Learning Rate: 0.005Learning Rate: 0.005
Learning Rate: 0.005


Train Loss: 0.3345, Val Loss: 0.2161
Train Loss: 0.3345, Val Loss: 0.2161Train Loss: 0.3345, Val Loss: 0.2161Train Loss: 0.3345, Val Loss: 0.2161


Per-Class Precision: [1.         0.69230769 0.84745763 0.52650177 0.39655172 0.56395349
 0.2807571  0.27472527 0.2970297  0.2172524  0.29467085 0.22520107
 0.24065421 0.46036585 0.46153846 0.61744966 0.57342657 0.51724138
 0.66964286]
Per-Class Recall: [0.99190336 0.99       1.         0.99333333 0.92       0.97
 0.89       0.66666667 0.9        0.90666667 0.752      0.56
 0.824      0.86285714 0.88       0.92       0.93714286 1.
 1.        ]
Per-Class F1-Score: [0.99593522 0.81481481 0.91743119 0.68822171 0.55421687 0.71323529
 0.42685851 0.38910506 0.44665012 0.35051546 0.42342342 0.32122371
 0.37251356 0.60039761 0.60550459 0.73895582 0.71149675 0.68181818
 0.80213904]
Support per Class: [293949    100    150    150    100    100    100     75    100     75
    125    150    125    175     75    100    175     75     75]
Weighted Precision: 0.9963, Weighted Recall: 0.9912, Weighted F1-Score: 0.9932
Precision: 0.9963, Recall: 0.9912, F1-Score: 0.9932
Fold 1, Epoch 1410, Train Loss: 0.3345, Val Loss: 0.2161, Val Acc: 0.9905
Precision: 0.9964, Recall: 0.9915, F1-Score: 0.9934
Fold 1, Epoch 1411, Train Loss: 0.3285, Val Loss: 0.2279, Val Acc: 0.9911
Precision: 0.9962, Recall: 0.9906, F1-Score: 0.9928
Fold 1, Epoch 1412, Train Loss: 0.3429, Val Loss: 0.2335, Val Acc: 0.9900
Precision: 0.9963, Recall: 0.9914, F1-Score: 0.9933
Fold 1, Epoch 1413, Train Loss: 0.3195, Val Loss: 0.2319, Val Acc: 0.9908
Precision: 0.9963, Recall: 0.9913, F1-Score: 0.9933
Fold 1, Epoch 1414, Train Loss: 0.3284, Val Loss: 0.2345, Val Acc: 0.9908
Precision: 0.9962, Recall: 0.9914, F1-Score: 0.9933
Fold 1, Epoch 1415, Train Loss: 0.3212, Val Loss: 0.2440, Val Acc: 0.9910
Precision: 0.9962, Recall: 0.9706, F1-Score: 0.9825
Fold 1, Epoch 1416, Train Loss: 0.3294, Val Loss: 0.2353, Val Acc: 0.9764
Precision: 0.9964, Recall: 0.9914, F1-Score: 0.9934
Fold 1, Epoch 1417, Train Loss: 0.3387, Val Loss: 0.2428, Val Acc: 0.9907
Precision: 0.9963, Recall: 0.9914, F1-Score: 0.9934
Fold 1, Epoch 1418, Train Loss: 0.3213, Val Loss: 0.2558, Val Acc: 0.9909
Precision: 0.9963, Recall: 0.9913, F1-Score: 0.9933
Fold 1, Epoch 1419, Train Loss: 0.3285, Val Loss: 0.2558, Val Acc: 0.9908

--- Epoch 1420 ---
--- Epoch 1420 ---
--- Epoch 1420 ---

--- Epoch 1420 ---


Class Weights: [2.1182575e-05 5.6127068e-02 5.6127068e-02 5.9477936e-02 5.6928884e-02
 5.3851645e-02 5.3851645e-02 4.9812771e-02 5.9477936e-02 5.6127068e-02
 6.1308030e-02 5.1753532e-02 5.3851645e-02 6.0379118e-02 5.6928884e-02
 4.9197800e-02 5.4589339e-02 5.2434497e-02 5.7753939e-02]Class Weights: [2.1182575e-05 5.6127068e-02 5.6127068e-02 5.9477936e-02 5.6928884e-02
 5.3851645e-02 5.3851645e-02 4.9812771e-02 5.9477936e-02 5.6127068e-02
 6.1308030e-02 5.1753532e-02 5.3851645e-02 6.0379118e-02 5.6928884e-02
 4.9197800e-02 5.4589339e-02 5.2434497e-02 5.7753939e-02]Class Weights: [2.1182575e-05 5.6127068e-02 5.6127068e-02 5.9477936e-02 5.6928884e-02
 5.3851645e-02 5.3851645e-02 4.9812771e-02 5.9477936e-02 5.6127068e-02
 6.1308030e-02 5.1753532e-02 5.3851645e-02 6.0379118e-02 5.6928884e-02
 4.9197800e-02 5.4589339e-02 5.2434497e-02 5.7753939e-02]
Class Weights: [2.1182575e-05 5.6127068e-02 5.6127068e-02 5.9477936e-02 5.6928884e-02
 5.3851645e-02 5.3851645e-02 4.9812771e-02 5.9477936e-02 5.6127068e-02
 6.1308030e-02 5.1753532e-02 5.3851645e-02 6.0379118e-02 5.6928884e-02
 4.9197800e-02 5.4589339e-02 5.2434497e-02 5.7753939e-02]

Learning Rate: 0.005

Learning Rate: 0.005Learning Rate: 0.005
Learning Rate: 0.005

Train Loss: 0.3404, Val Loss: 0.2439
Train Loss: 0.3404, Val Loss: 0.2439Train Loss: 0.3404, Val Loss: 0.2439
Train Loss: 0.3404, Val Loss: 0.2439

Per-Class Precision: [1.         0.31230284 0.86627907 0.55430712 0.40598291 0.55629139
 0.58208955 0.13479053 0.45054945 0.21935484 0.26570048 0.1986532
 0.23974082 0.54752852 0.4676259  0.63448276 0.53420195 0.58139535
 0.65789474]
Per-Class Recall: [0.99159378 0.99       0.99333333 0.98666667 0.95       0.84
 0.78       0.98666667 0.41       0.90666667 0.88       0.39333333
 0.888      0.82285714 0.86666667 0.92       0.93714286 1.
 1.        ]
Per-Class F1-Score: [0.99577915 0.47482014 0.92546584 0.70983213 0.56886228 0.66932271
 0.66666667 0.23717949 0.42931937 0.35324675 0.40816327 0.2639821
 0.37755102 0.65753425 0.60747664 0.75102041 0.68049793 0.73529412
 0.79365079]
Support per Class: [293949    100    150    150    100    100    100     75    100     75
    125    150    125    175     75    100    175     75     75]
Weighted Precision: 0.9963, Weighted Recall: 0.9907, Weighted F1-Score: 0.9929
Precision: 0.9963, Recall: 0.9907, F1-Score: 0.9929
Fold 1, Epoch 1420, Train Loss: 0.3404, Val Loss: 0.2439, Val Acc: 0.9901
Precision: 0.9962, Recall: 0.9912, F1-Score: 0.9932
Fold 1, Epoch 1421, Train Loss: 0.3358, Val Loss: 0.2361, Val Acc: 0.9906
Precision: 0.9965, Recall: 0.9918, F1-Score: 0.9936
Fold 1, Epoch 1422, Train Loss: 0.3220, Val Loss: 0.2132, Val Acc: 0.9913
Precision: 0.9964, Recall: 0.9914, F1-Score: 0.9934
Fold 1, Epoch 1423, Train Loss: 0.3293, Val Loss: 0.2238, Val Acc: 0.9908
Precision: 0.9963, Recall: 0.9908, F1-Score: 0.9930
Fold 1, Epoch 1424, Train Loss: 0.3116, Val Loss: 0.2198, Val Acc: 0.9901
Precision: 0.9965, Recall: 0.9915, F1-Score: 0.9935
Fold 1, Epoch 1425, Train Loss: 0.3226, Val Loss: 0.2157, Val Acc: 0.9911
Precision: 0.9961, Recall: 0.9638, F1-Score: 0.9790
Fold 1, Epoch 1426, Train Loss: 0.3117, Val Loss: 0.2157, Val Acc: 0.9710
Precision: 0.9964, Recall: 0.9916, F1-Score: 0.9935
Fold 1, Epoch 1427, Train Loss: 0.3083, Val Loss: 0.2249, Val Acc: 0.9912
Precision: 0.9963, Recall: 0.9895, F1-Score: 0.9924
Fold 1, Epoch 1428, Train Loss: 0.3274, Val Loss: 0.2269, Val Acc: 0.9894
Precision: 0.9961, Recall: 0.9745, F1-Score: 0.9845
Fold 1, Epoch 1429, Train Loss: 0.3126, Val Loss: 0.2207, Val Acc: 0.9794

--- Epoch 1430 ---
--- Epoch 1430 ---
--- Epoch 1430 ---



--- Epoch 1430 ---
Class Weights: [2.1182575e-05 5.6127068e-02 5.6127068e-02 5.9477936e-02 5.6928884e-02
 5.3851645e-02 5.3851645e-02 4.9812771e-02 5.9477936e-02 5.6127068e-02
 6.1308030e-02 5.1753532e-02 5.3851645e-02 6.0379118e-02 5.6928884e-02
 4.9197800e-02 5.4589339e-02 5.2434497e-02 5.7753939e-02]Class Weights: [2.1182575e-05 5.6127068e-02 5.6127068e-02 5.9477936e-02 5.6928884e-02
 5.3851645e-02 5.3851645e-02 4.9812771e-02 5.9477936e-02 5.6127068e-02
 6.1308030e-02 5.1753532e-02 5.3851645e-02 6.0379118e-02 5.6928884e-02
 4.9197800e-02 5.4589339e-02 5.2434497e-02 5.7753939e-02]Class Weights: [2.1182575e-05 5.6127068e-02 5.6127068e-02 5.9477936e-02 5.6928884e-02
 5.3851645e-02 5.3851645e-02 4.9812771e-02 5.9477936e-02 5.6127068e-02
 6.1308030e-02 5.1753532e-02 5.3851645e-02 6.0379118e-02 5.6928884e-02
 4.9197800e-02 5.4589339e-02 5.2434497e-02 5.7753939e-02]


Class Weights: [2.1182575e-05 5.6127068e-02 5.6127068e-02 5.9477936e-02 5.6928884e-02
 5.3851645e-02 5.3851645e-02 4.9812771e-02 5.9477936e-02 5.6127068e-02
 6.1308030e-02 5.1753532e-02 5.3851645e-02 6.0379118e-02 5.6928884e-02
 4.9197800e-02 5.4589339e-02 5.2434497e-02 5.7753939e-02]Learning Rate: 0.005Learning Rate: 0.005Learning Rate: 0.005



Learning Rate: 0.005
Train Loss: 0.3092, Val Loss: 0.2413Train Loss: 0.3092, Val Loss: 0.2413Train Loss: 0.3092, Val Loss: 0.2413Train Loss: 0.3092, Val Loss: 0.2413



Per-Class Precision: [1.         0.67567568 0.81967213 0.53874539 0.39655172 0.57638889
 0.51492537 0.22844828 0.31474104 0.18472906 0.23484848 0.18961625
 0.36125654 0.50757576 0.44295302 0.52272727 0.53333333 0.6097561
 0.65789474]
Per-Class Recall: [0.99240004 1.         1.         0.97333333 0.92       0.83
 0.69       0.70666667 0.79       1.         0.992      0.56
 0.552      0.76571429 0.88       0.92       0.82285714 1.
 1.        ]
Per-Class F1-Score: [0.99618553 0.80645161 0.9009009  0.6935867  0.55421687 0.68032787
 0.58974359 0.34527687 0.45014245 0.31185031 0.3797856  0.28330523
 0.43670886 0.61047836 0.58928571 0.66666667 0.64719101 0.75757576
 0.79365079]
Support per Class: [293949    100    150    150    100    100    100     75    100     75
    125    150    125    175     75    100    175     75     75]
Weighted Precision: 0.9964, Weighted Recall: 0.9914, Weighted F1-Score: 0.9934
Precision: 0.9964, Recall: 0.9914, F1-Score: 0.9934
Fold 1, Epoch 1430, Train Loss: 0.3092, Val Loss: 0.2413, Val Acc: 0.9910
Precision: 0.9963, Recall: 0.9911, F1-Score: 0.9932
Fold 1, Epoch 1431, Train Loss: 0.3096, Val Loss: 0.2339, Val Acc: 0.9906
Precision: 0.9963, Recall: 0.9912, F1-Score: 0.9933
Fold 1, Epoch 1432, Train Loss: 0.3211, Val Loss: 0.2491, Val Acc: 0.9908
Precision: 0.9964, Recall: 0.9915, F1-Score: 0.9934
Fold 1, Epoch 1433, Train Loss: 0.3409, Val Loss: 0.2243, Val Acc: 0.9910
Precision: 0.9965, Recall: 0.9916, F1-Score: 0.9935
Fold 1, Epoch 1434, Train Loss: 0.3124, Val Loss: 0.2219, Val Acc: 0.9911
Precision: 0.9964, Recall: 0.9915, F1-Score: 0.9934
Fold 1, Epoch 1435, Train Loss: 0.3217, Val Loss: 0.2288, Val Acc: 0.9910
Precision: 0.9963, Recall: 0.9890, F1-Score: 0.9920
Fold 1, Epoch 1436, Train Loss: 0.3070, Val Loss: 0.2110, Val Acc: 0.9889
Precision: 0.9965, Recall: 0.9917, F1-Score: 0.9935
Fold 1, Epoch 1437, Train Loss: 0.3197, Val Loss: 0.2317, Val Acc: 0.9910
Precision: 0.9964, Recall: 0.9916, F1-Score: 0.9935
Fold 1, Epoch 1438, Train Loss: 0.3266, Val Loss: 0.2213, Val Acc: 0.9911
Precision: 0.9964, Recall: 0.9915, F1-Score: 0.9934
Fold 1, Epoch 1439, Train Loss: 0.3022, Val Loss: 0.2248, Val Acc: 0.9910

--- Epoch 1440 ---
--- Epoch 1440 ---

--- Epoch 1440 ---


--- Epoch 1440 ---
Class Weights: [2.1182575e-05 5.6127068e-02 5.6127068e-02 5.9477936e-02 5.6928884e-02
 5.3851645e-02 5.3851645e-02 4.9812771e-02 5.9477936e-02 5.6127068e-02
 6.1308030e-02 5.1753532e-02 5.3851645e-02 6.0379118e-02 5.6928884e-02
 4.9197800e-02 5.4589339e-02 5.2434497e-02 5.7753939e-02]Class Weights: [2.1182575e-05 5.6127068e-02 5.6127068e-02 5.9477936e-02 5.6928884e-02
 5.3851645e-02 5.3851645e-02 4.9812771e-02 5.9477936e-02 5.6127068e-02
 6.1308030e-02 5.1753532e-02 5.3851645e-02 6.0379118e-02 5.6928884e-02
 4.9197800e-02 5.4589339e-02 5.2434497e-02 5.7753939e-02]Class Weights: [2.1182575e-05 5.6127068e-02 5.6127068e-02 5.9477936e-02 5.6928884e-02
 5.3851645e-02 5.3851645e-02 4.9812771e-02 5.9477936e-02 5.6127068e-02
 6.1308030e-02 5.1753532e-02 5.3851645e-02 6.0379118e-02 5.6928884e-02
 4.9197800e-02 5.4589339e-02 5.2434497e-02 5.7753939e-02]
Class Weights: [2.1182575e-05 5.6127068e-02 5.6127068e-02 5.9477936e-02 5.6928884e-02
 5.3851645e-02 5.3851645e-02 4.9812771e-02 5.9477936e-02 5.6127068e-02
 6.1308030e-02 5.1753532e-02 5.3851645e-02 6.0379118e-02 5.6928884e-02
 4.9197800e-02 5.4589339e-02 5.2434497e-02 5.7753939e-02]

Learning Rate: 0.005

Learning Rate: 0.005Learning Rate: 0.005Learning Rate: 0.005


Train Loss: 0.3221, Val Loss: 0.2154
Train Loss: 0.3221, Val Loss: 0.2154Train Loss: 0.3221, Val Loss: 0.2154
Train Loss: 0.3221, Val Loss: 0.2154

Per-Class Precision: [1.         0.05809859 0.87209302 0.49       0.43518519 0.57638889
 0.51829268 0.23157895 0.31205674 0.20391061 0.25178147 0.22289157
 0.28403756 0.6069869  0.36363636 0.67889908 0.51070336 0.72115385
 0.64102564]
Per-Class Recall: [0.98685826 0.99       1.         0.98       0.94       0.83
 0.85       0.88       0.88       0.97333333 0.848      0.49333333
 0.968      0.79428571 0.96       0.74       0.95428571 1.
 1.        ]
Per-Class F1-Score: [0.99338567 0.1097561  0.93167702 0.65333333 0.59493671 0.68032787
 0.64393939 0.36666667 0.46073298 0.33718245 0.38827839 0.30705394
 0.43920145 0.68811881 0.52747253 0.70813397 0.66533865 0.83798883
 0.78125   ]
Support per Class: [293949    100    150    150    100    100    100     75    100     75
    125    150    125    175     75    100    175     75     75]
Weighted Precision: 0.9963, Weighted Recall: 0.9861, Weighted F1-Score: 0.9905
Precision: 0.9963, Recall: 0.9861, F1-Score: 0.9905
Fold 1, Epoch 1440, Train Loss: 0.3221, Val Loss: 0.2154, Val Acc: 0.9872
Precision: 0.9965, Recall: 0.9918, F1-Score: 0.9936
Fold 1, Epoch 1441, Train Loss: 0.3211, Val Loss: 0.2392, Val Acc: 0.9912
Precision: 0.9964, Recall: 0.9914, F1-Score: 0.9934
Fold 1, Epoch 1442, Train Loss: 0.3250, Val Loss: 0.2273, Val Acc: 0.9909
Precision: 0.9962, Recall: 0.9869, F1-Score: 0.9909
Fold 1, Epoch 1443, Train Loss: 0.3424, Val Loss: 0.2193, Val Acc: 0.9876
Precision: 0.9965, Recall: 0.9915, F1-Score: 0.9935
Fold 1, Epoch 1444, Train Loss: 0.3211, Val Loss: 0.2288, Val Acc: 0.9910
Precision: 0.9964, Recall: 0.9915, F1-Score: 0.9934
Fold 1, Epoch 1445, Train Loss: 0.3137, Val Loss: 0.2089, Val Acc: 0.9910
Precision: 0.9964, Recall: 0.9916, F1-Score: 0.9935
Fold 1, Epoch 1446, Train Loss: 0.3123, Val Loss: 0.2218, Val Acc: 0.9910
Precision: 0.9963, Recall: 0.9914, F1-Score: 0.9933
Fold 1, Epoch 1447, Train Loss: 0.3012, Val Loss: 0.2118, Val Acc: 0.9909
Precision: 0.9964, Recall: 0.9912, F1-Score: 0.9933
Fold 1, Epoch 1448, Train Loss: 0.3195, Val Loss: 0.2238, Val Acc: 0.9906
Precision: 0.9964, Recall: 0.9914, F1-Score: 0.9934
Fold 1, Epoch 1449, Train Loss: 0.3229, Val Loss: 0.2154, Val Acc: 0.9909

--- Epoch 1450 ---
--- Epoch 1450 ---
--- Epoch 1450 ---



--- Epoch 1450 ---
Class Weights: [2.1182575e-05 5.6127068e-02 5.6127068e-02 5.9477936e-02 5.6928884e-02
 5.3851645e-02 5.3851645e-02 4.9812771e-02 5.9477936e-02 5.6127068e-02
 6.1308030e-02 5.1753532e-02 5.3851645e-02 6.0379118e-02 5.6928884e-02
 4.9197800e-02 5.4589339e-02 5.2434497e-02 5.7753939e-02]Class Weights: [2.1182575e-05 5.6127068e-02 5.6127068e-02 5.9477936e-02 5.6928884e-02
 5.3851645e-02 5.3851645e-02 4.9812771e-02 5.9477936e-02 5.6127068e-02
 6.1308030e-02 5.1753532e-02 5.3851645e-02 6.0379118e-02 5.6928884e-02
 4.9197800e-02 5.4589339e-02 5.2434497e-02 5.7753939e-02]Class Weights: [2.1182575e-05 5.6127068e-02 5.6127068e-02 5.9477936e-02 5.6928884e-02
 5.3851645e-02 5.3851645e-02 4.9812771e-02 5.9477936e-02 5.6127068e-02
 6.1308030e-02 5.1753532e-02 5.3851645e-02 6.0379118e-02 5.6928884e-02
 4.9197800e-02 5.4589339e-02 5.2434497e-02 5.7753939e-02]Class Weights: [2.1182575e-05 5.6127068e-02 5.6127068e-02 5.9477936e-02 5.6928884e-02
 5.3851645e-02 5.3851645e-02 4.9812771e-02 5.9477936e-02 5.6127068e-02
 6.1308030e-02 5.1753532e-02 5.3851645e-02 6.0379118e-02 5.6928884e-02
 4.9197800e-02 5.4589339e-02 5.2434497e-02 5.7753939e-02]



Learning Rate: 0.005Learning Rate: 0.005Learning Rate: 0.005Learning Rate: 0.005



Train Loss: 0.3244, Val Loss: 0.2223Train Loss: 0.3244, Val Loss: 0.2223Train Loss: 0.3244, Val Loss: 0.2223

Train Loss: 0.3244, Val Loss: 0.2223

Per-Class Precision: [1.         0.65359477 0.79787234 0.54545455 0.42857143 0.55263158
 0.42592593 0.23550725 0.37619048 0.22508039 0.25446429 0.2247191
 0.52147239 0.49       0.41463415 0.53703704 0.58555133 0.65789474
 0.64655172]
Per-Class Recall: [0.99274024 1.         1.         1.         0.87       0.84
 0.92       0.86666667 0.79       0.93333333 0.912      0.66666667
 0.68       0.84       0.90666667 0.87       0.88       1.
 1.        ]
Per-Class F1-Score: [0.99635689 0.79051383 0.88757396 0.70588235 0.57425743 0.66666667
 0.58227848 0.37037037 0.50967742 0.3626943  0.39790576 0.33613445
 0.59027778 0.61894737 0.56903766 0.66412214 0.70319635 0.79365079
 0.78534031]
Support per Class: [293949    100    150    150    100    100    100     75    100     75
    125    150    125    175     75    100    175     75     75]
Weighted Precision: 0.9965, Weighted Recall: 0.9920, Weighted F1-Score: 0.9937
Precision: 0.9965, Recall: 0.9920, F1-Score: 0.9937
Fold 1, Epoch 1450, Train Loss: 0.3244, Val Loss: 0.2223, Val Acc: 0.9915
Precision: 0.9965, Recall: 0.9914, F1-Score: 0.9935
Fold 1, Epoch 1451, Train Loss: 0.3338, Val Loss: 0.2356, Val Acc: 0.9909
Precision: 0.9964, Recall: 0.9913, F1-Score: 0.9933
Fold 1, Epoch 1452, Train Loss: 0.3336, Val Loss: 0.2239, Val Acc: 0.9908
Precision: 0.9961, Recall: 0.9765, F1-Score: 0.9856
Fold 1, Epoch 1453, Train Loss: 0.3472, Val Loss: 0.2550, Val Acc: 0.9805
Precision: 0.9962, Recall: 0.9914, F1-Score: 0.9933
Fold 1, Epoch 1454, Train Loss: 0.3225, Val Loss: 0.2520, Val Acc: 0.9909
Precision: 0.9960, Recall: 0.9841, F1-Score: 0.9894
Fold 1, Epoch 1455, Train Loss: 0.3080, Val Loss: 0.2565, Val Acc: 0.9859
Precision: 0.9964, Recall: 0.9909, F1-Score: 0.9931
Fold 1, Epoch 1456, Train Loss: 0.3276, Val Loss: 0.2307, Val Acc: 0.9903
Precision: 0.9964, Recall: 0.9913, F1-Score: 0.9933
Fold 1, Epoch 1457, Train Loss: 0.3316, Val Loss: 0.2283, Val Acc: 0.9909
Precision: 0.9964, Recall: 0.9915, F1-Score: 0.9935
Fold 1, Epoch 1458, Train Loss: 0.3270, Val Loss: 0.2253, Val Acc: 0.9912
Precision: 0.9964, Recall: 0.9914, F1-Score: 0.9934
Fold 1, Epoch 1459, Train Loss: 0.3262, Val Loss: 0.2227, Val Acc: 0.9909

--- Epoch 1460 ---
--- Epoch 1460 ---
--- Epoch 1460 ---



--- Epoch 1460 ---
Class Weights: [2.1182575e-05 5.6127068e-02 5.6127068e-02 5.9477936e-02 5.6928884e-02
 5.3851645e-02 5.3851645e-02 4.9812771e-02 5.9477936e-02 5.6127068e-02
 6.1308030e-02 5.1753532e-02 5.3851645e-02 6.0379118e-02 5.6928884e-02
 4.9197800e-02 5.4589339e-02 5.2434497e-02 5.7753939e-02]Class Weights: [2.1182575e-05 5.6127068e-02 5.6127068e-02 5.9477936e-02 5.6928884e-02
 5.3851645e-02 5.3851645e-02 4.9812771e-02 5.9477936e-02 5.6127068e-02
 6.1308030e-02 5.1753532e-02 5.3851645e-02 6.0379118e-02 5.6928884e-02
 4.9197800e-02 5.4589339e-02 5.2434497e-02 5.7753939e-02]Class Weights: [2.1182575e-05 5.6127068e-02 5.6127068e-02 5.9477936e-02 5.6928884e-02
 5.3851645e-02 5.3851645e-02 4.9812771e-02 5.9477936e-02 5.6127068e-02
 6.1308030e-02 5.1753532e-02 5.3851645e-02 6.0379118e-02 5.6928884e-02
 4.9197800e-02 5.4589339e-02 5.2434497e-02 5.7753939e-02]


Class Weights: [2.1182575e-05 5.6127068e-02 5.6127068e-02 5.9477936e-02 5.6928884e-02
 5.3851645e-02 5.3851645e-02 4.9812771e-02 5.9477936e-02 5.6127068e-02
 6.1308030e-02 5.1753532e-02 5.3851645e-02 6.0379118e-02 5.6928884e-02
 4.9197800e-02 5.4589339e-02 5.2434497e-02 5.7753939e-02]Learning Rate: 0.005Learning Rate: 0.005Learning Rate: 0.005



Learning Rate: 0.005
Train Loss: 0.3132, Val Loss: 0.2207Train Loss: 0.3132, Val Loss: 0.2207Train Loss: 0.3132, Val Loss: 0.2207Train Loss: 0.3132, Val Loss: 0.2207



Per-Class Precision: [1.         0.68794326 0.70093458 0.55639098 0.40254237 0.58156028
 0.52121212 0.20677966 0.28089888 0.22641509 0.26558891 0.27491409
 0.26442308 0.55639098 0.44303797 0.58709677 0.58974359 0.53571429
 0.63157895]
Per-Class Recall: [0.99229798 0.97       1.         0.98666667 0.95       0.82
 0.86       0.81333333 0.75       0.96       0.92       0.53333333
 0.88       0.84571429 0.93333333 0.91       0.92       1.
 0.96      ]
Per-Class F1-Score: [0.9961341  0.80497925 0.82417582 0.71153846 0.56547619 0.68049793
 0.6490566  0.32972973 0.40871935 0.36641221 0.41218638 0.36281179
 0.40665434 0.67120181 0.60085837 0.71372549 0.71875    0.69767442
 0.76190476]
Support per Class: [293949    100    150    150    100    100    100     75    100     75
    125    150    125    175     75    100    175     75     75]
Weighted Precision: 0.9964, Weighted Recall: 0.9915, Weighted F1-Score: 0.9934
Precision: 0.9964, Recall: 0.9915, F1-Score: 0.9934
Fold 1, Epoch 1460, Train Loss: 0.3132, Val Loss: 0.2207, Val Acc: 0.9910
Precision: 0.9964, Recall: 0.9912, F1-Score: 0.9933
Fold 1, Epoch 1461, Train Loss: 0.3139, Val Loss: 0.2043, Val Acc: 0.9907
Precision: 0.9964, Recall: 0.9917, F1-Score: 0.9936
Fold 1, Epoch 1462, Train Loss: 0.3034, Val Loss: 0.2316, Val Acc: 0.9910
Precision: 0.9963, Recall: 0.9915, F1-Score: 0.9934
Fold 1, Epoch 1463, Train Loss: 0.3273, Val Loss: 0.2297, Val Acc: 0.9908
Precision: 0.9963, Recall: 0.9911, F1-Score: 0.9931
Fold 1, Epoch 1464, Train Loss: 0.3040, Val Loss: 0.2098, Val Acc: 0.9907
Precision: 0.9964, Recall: 0.9916, F1-Score: 0.9935
Fold 1, Epoch 1465, Train Loss: 0.3048, Val Loss: 0.2089, Val Acc: 0.9911
Precision: 0.9964, Recall: 0.9913, F1-Score: 0.9933
Fold 1, Epoch 1466, Train Loss: 0.2933, Val Loss: 0.2408, Val Acc: 0.9909
Precision: 0.9964, Recall: 0.9914, F1-Score: 0.9934
Fold 1, Epoch 1467, Train Loss: 0.3295, Val Loss: 0.2248, Val Acc: 0.9907
Precision: 0.9964, Recall: 0.9917, F1-Score: 0.9935
Fold 1, Epoch 1468, Train Loss: 0.3332, Val Loss: 0.2251, Val Acc: 0.9912
Precision: 0.9964, Recall: 0.9912, F1-Score: 0.9933
Fold 1, Epoch 1469, Train Loss: 0.3379, Val Loss: 0.2496, Val Acc: 0.9907

--- Epoch 1470 ---
--- Epoch 1470 ---
--- Epoch 1470 ---



--- Epoch 1470 ---
Class Weights: [2.1182575e-05 5.6127068e-02 5.6127068e-02 5.9477936e-02 5.6928884e-02
 5.3851645e-02 5.3851645e-02 4.9812771e-02 5.9477936e-02 5.6127068e-02
 6.1308030e-02 5.1753532e-02 5.3851645e-02 6.0379118e-02 5.6928884e-02
 4.9197800e-02 5.4589339e-02 5.2434497e-02 5.7753939e-02]Class Weights: [2.1182575e-05 5.6127068e-02 5.6127068e-02 5.9477936e-02 5.6928884e-02
 5.3851645e-02 5.3851645e-02 4.9812771e-02 5.9477936e-02 5.6127068e-02
 6.1308030e-02 5.1753532e-02 5.3851645e-02 6.0379118e-02 5.6928884e-02
 4.9197800e-02 5.4589339e-02 5.2434497e-02 5.7753939e-02]Class Weights: [2.1182575e-05 5.6127068e-02 5.6127068e-02 5.9477936e-02 5.6928884e-02
 5.3851645e-02 5.3851645e-02 4.9812771e-02 5.9477936e-02 5.6127068e-02
 6.1308030e-02 5.1753532e-02 5.3851645e-02 6.0379118e-02 5.6928884e-02
 4.9197800e-02 5.4589339e-02 5.2434497e-02 5.7753939e-02]Class Weights: [2.1182575e-05 5.6127068e-02 5.6127068e-02 5.9477936e-02 5.6928884e-02
 5.3851645e-02 5.3851645e-02 4.9812771e-02 5.9477936e-02 5.6127068e-02
 6.1308030e-02 5.1753532e-02 5.3851645e-02 6.0379118e-02 5.6928884e-02
 4.9197800e-02 5.4589339e-02 5.2434497e-02 5.7753939e-02]



Learning Rate: 0.005Learning Rate: 0.005Learning Rate: 0.005
Learning Rate: 0.005


Train Loss: 0.3506, Val Loss: 0.2708
Train Loss: 0.3506, Val Loss: 0.2708Train Loss: 0.3506, Val Loss: 0.2708Train Loss: 0.3506, Val Loss: 0.2708


Per-Class Precision: [1.         0.57803468 0.81967213 0.47169811 0.37117904 0.6350365
 0.5620915  0.26153846 0.3125     0.17401392 0.18638574 0.17894737
 0.34883721 0.58515284 0.35675676 0.55882353 0.57195572 0.53956835
 0.58139535]
Per-Class Recall: [0.99222994 1.         1.         1.         0.85       0.87
 0.86       0.90666667 0.55       1.         0.92       0.45333333
 0.36       0.76571429 0.88       0.95       0.88571429 1.
 1.        ]
Per-Class F1-Score: [0.99609982 0.73260073 0.9009009  0.64102564 0.51671733 0.73417722
 0.6798419  0.40597015 0.39855072 0.29644269 0.30997305 0.25660377
 0.35433071 0.66336634 0.50769231 0.7037037  0.69506726 0.70093458
 0.73529412]
Support per Class: [293949    100    150    150    100    100    100     75    100     75
    125    150    125    175     75    100    175     75     75]
Weighted Precision: 0.9963, Weighted Recall: 0.9911, Weighted F1-Score: 0.9932
Precision: 0.9963, Recall: 0.9911, F1-Score: 0.9932
Fold 1, Epoch 1470, Train Loss: 0.3506, Val Loss: 0.2708, Val Acc: 0.9907
Precision: 0.9964, Recall: 0.9914, F1-Score: 0.9933
Fold 1, Epoch 1471, Train Loss: 0.3383, Val Loss: 0.2257, Val Acc: 0.9909
Precision: 0.9964, Recall: 0.9910, F1-Score: 0.9932
Fold 1, Epoch 1472, Train Loss: 0.3154, Val Loss: 0.2495, Val Acc: 0.9906
Precision: 0.9963, Recall: 0.9912, F1-Score: 0.9933
Fold 1, Epoch 1473, Train Loss: 0.3376, Val Loss: 0.2361, Val Acc: 0.9909
Precision: 0.9964, Recall: 0.9912, F1-Score: 0.9932
Fold 1, Epoch 1474, Train Loss: 0.3246, Val Loss: 0.2174, Val Acc: 0.9907
Precision: 0.9964, Recall: 0.9914, F1-Score: 0.9934
Fold 1, Epoch 1475, Train Loss: 0.3317, Val Loss: 0.2301, Val Acc: 0.9909
Precision: 0.9964, Recall: 0.9916, F1-Score: 0.9935
Fold 1, Epoch 1476, Train Loss: 0.3149, Val Loss: 0.2229, Val Acc: 0.9910
Precision: 0.9964, Recall: 0.9915, F1-Score: 0.9934
Fold 1, Epoch 1477, Train Loss: 0.3305, Val Loss: 0.2188, Val Acc: 0.9909
Precision: 0.9964, Recall: 0.9913, F1-Score: 0.9933
Fold 1, Epoch 1478, Train Loss: 0.3213, Val Loss: 0.2259, Val Acc: 0.9908
Precision: 0.9964, Recall: 0.9912, F1-Score: 0.9933
Fold 1, Epoch 1479, Train Loss: 0.3060, Val Loss: 0.2322, Val Acc: 0.9906

--- Epoch 1480 ---
--- Epoch 1480 ---

--- Epoch 1480 ---


--- Epoch 1480 ---
Class Weights: [2.1182575e-05 5.6127068e-02 5.6127068e-02 5.9477936e-02 5.6928884e-02
 5.3851645e-02 5.3851645e-02 4.9812771e-02 5.9477936e-02 5.6127068e-02
 6.1308030e-02 5.1753532e-02 5.3851645e-02 6.0379118e-02 5.6928884e-02
 4.9197800e-02 5.4589339e-02 5.2434497e-02 5.7753939e-02]Class Weights: [2.1182575e-05 5.6127068e-02 5.6127068e-02 5.9477936e-02 5.6928884e-02
 5.3851645e-02 5.3851645e-02 4.9812771e-02 5.9477936e-02 5.6127068e-02
 6.1308030e-02 5.1753532e-02 5.3851645e-02 6.0379118e-02 5.6928884e-02
 4.9197800e-02 5.4589339e-02 5.2434497e-02 5.7753939e-02]Class Weights: [2.1182575e-05 5.6127068e-02 5.6127068e-02 5.9477936e-02 5.6928884e-02
 5.3851645e-02 5.3851645e-02 4.9812771e-02 5.9477936e-02 5.6127068e-02
 6.1308030e-02 5.1753532e-02 5.3851645e-02 6.0379118e-02 5.6928884e-02
 4.9197800e-02 5.4589339e-02 5.2434497e-02 5.7753939e-02]Class Weights: [2.1182575e-05 5.6127068e-02 5.6127068e-02 5.9477936e-02 5.6928884e-02
 5.3851645e-02 5.3851645e-02 4.9812771e-02 5.9477936e-02 5.6127068e-02
 6.1308030e-02 5.1753532e-02 5.3851645e-02 6.0379118e-02 5.6928884e-02
 4.9197800e-02 5.4589339e-02 5.2434497e-02 5.7753939e-02]



Learning Rate: 0.005Learning Rate: 0.005
Learning Rate: 0.005Learning Rate: 0.005


Train Loss: 0.3455, Val Loss: 0.2428
Train Loss: 0.3455, Val Loss: 0.2428Train Loss: 0.3455, Val Loss: 0.2428Train Loss: 0.3455, Val Loss: 0.2428


Per-Class Precision: [1.         0.66       0.86227545 0.3968254  0.33755274 0.63636364
 0.5703125  0.26086957 0.30597015 0.14231499 0.2        0.27888446
 0.33118971 0.56888889 0.37857143 0.53932584 0.48688047 0.7047619
 0.68807339]
Per-Class Recall: [0.99169924 0.99       0.96       1.         0.8        0.7
 0.73       0.88       0.82       1.         0.936      0.46666667
 0.824      0.73142857 0.70666667 0.96       0.95428571 0.98666667
 1.        ]
Per-Class F1-Score: [0.99583232 0.792      0.90851735 0.56818182 0.47477745 0.66666667
 0.64035088 0.40243902 0.44565217 0.24916944 0.32957746 0.34912718
 0.47247706 0.64       0.49302326 0.69064748 0.64478764 0.82222222
 0.81521739]
Support per Class: [293949    100    150    150    100    100    100     75    100     75
    125    150    125    175     75    100    175     75     75]
Weighted Precision: 0.9964, Weighted Recall: 0.9907, Weighted F1-Score: 0.9930
Precision: 0.9964, Recall: 0.9907, F1-Score: 0.9930
Fold 1, Epoch 1480, Train Loss: 0.3455, Val Loss: 0.2428, Val Acc: 0.9902
Precision: 0.9962, Recall: 0.9912, F1-Score: 0.9931
Fold 1, Epoch 1481, Train Loss: 0.3242, Val Loss: 0.2412, Val Acc: 0.9906
Precision: 0.9964, Recall: 0.9914, F1-Score: 0.9934
Fold 1, Epoch 1482, Train Loss: 0.3472, Val Loss: 0.2424, Val Acc: 0.9908
Precision: 0.9963, Recall: 0.9908, F1-Score: 0.9930
Fold 1, Epoch 1483, Train Loss: 0.3385, Val Loss: 0.2544, Val Acc: 0.9901
Precision: 0.9961, Recall: 0.9910, F1-Score: 0.9930
Fold 1, Epoch 1484, Train Loss: 0.3506, Val Loss: 0.2485, Val Acc: 0.9904
Precision: 0.9963, Recall: 0.9914, F1-Score: 0.9933
Fold 1, Epoch 1485, Train Loss: 0.3247, Val Loss: 0.2101, Val Acc: 0.9909
Precision: 0.9965, Recall: 0.9916, F1-Score: 0.9935
Fold 1, Epoch 1486, Train Loss: 0.3180, Val Loss: 0.2251, Val Acc: 0.9911
Precision: 0.9963, Recall: 0.9914, F1-Score: 0.9933
Fold 1, Epoch 1487, Train Loss: 0.3186, Val Loss: 0.2396, Val Acc: 0.9908
Precision: 0.9962, Recall: 0.9903, F1-Score: 0.9926
Fold 1, Epoch 1488, Train Loss: 0.3224, Val Loss: 0.2094, Val Acc: 0.9901
Precision: 0.9965, Recall: 0.9914, F1-Score: 0.9934
Fold 1, Epoch 1489, Train Loss: 0.3076, Val Loss: 0.2128, Val Acc: 0.9909

--- Epoch 1490 ---
--- Epoch 1490 ---
--- Epoch 1490 ---



--- Epoch 1490 ---
Class Weights: [2.1182575e-05 5.6127068e-02 5.6127068e-02 5.9477936e-02 5.6928884e-02
 5.3851645e-02 5.3851645e-02 4.9812771e-02 5.9477936e-02 5.6127068e-02
 6.1308030e-02 5.1753532e-02 5.3851645e-02 6.0379118e-02 5.6928884e-02
 4.9197800e-02 5.4589339e-02 5.2434497e-02 5.7753939e-02]Class Weights: [2.1182575e-05 5.6127068e-02 5.6127068e-02 5.9477936e-02 5.6928884e-02
 5.3851645e-02 5.3851645e-02 4.9812771e-02 5.9477936e-02 5.6127068e-02
 6.1308030e-02 5.1753532e-02 5.3851645e-02 6.0379118e-02 5.6928884e-02
 4.9197800e-02 5.4589339e-02 5.2434497e-02 5.7753939e-02]Class Weights: [2.1182575e-05 5.6127068e-02 5.6127068e-02 5.9477936e-02 5.6928884e-02
 5.3851645e-02 5.3851645e-02 4.9812771e-02 5.9477936e-02 5.6127068e-02
 6.1308030e-02 5.1753532e-02 5.3851645e-02 6.0379118e-02 5.6928884e-02
 4.9197800e-02 5.4589339e-02 5.2434497e-02 5.7753939e-02]

Class Weights: [2.1182575e-05 5.6127068e-02 5.6127068e-02 5.9477936e-02 5.6928884e-02
 5.3851645e-02 5.3851645e-02 4.9812771e-02 5.9477936e-02 5.6127068e-02
 6.1308030e-02 5.1753532e-02 5.3851645e-02 6.0379118e-02 5.6928884e-02
 4.9197800e-02 5.4589339e-02 5.2434497e-02 5.7753939e-02]
Learning Rate: 0.005Learning Rate: 0.005

Learning Rate: 0.005
Learning Rate: 0.005

Train Loss: 0.3068, Val Loss: 0.2236
Train Loss: 0.3068, Val Loss: 0.2236
Train Loss: 0.3068, Val Loss: 0.2236Train Loss: 0.3068, Val Loss: 0.2236

Per-Class Precision: [1.         0.5952381  0.85714286 0.59751037 0.34532374 0.5443038
 0.4        0.2527881  0.33333333 0.18796992 0.22365989 0.18287938
 0.29705882 0.55805243 0.51239669 0.50761421 0.61507937 0.592
 0.64655172]
Per-Class Recall: [0.99222994 1.         1.         0.96       0.96       0.86
 0.9        0.90666667 0.6        1.         0.968      0.31333333
 0.808      0.85142857 0.82666667 1.         0.88571429 0.98666667
 1.        ]
Per-Class F1-Score: [0.99609982 0.74626866 0.92307692 0.73657289 0.50793651 0.66666667
 0.55384615 0.39534884 0.42857143 0.3164557  0.36336336 0.23095823
 0.4344086  0.67420814 0.63265306 0.67340067 0.72599532 0.74
 0.78534031]
Support per Class: [293949    100    150    150    100    100    100     75    100     75
    125    150    125    175     75    100    175     75     75]
Weighted Precision: 0.9964, Weighted Recall: 0.9914, Weighted F1-Score: 0.9933
Precision: 0.9964, Recall: 0.9914, F1-Score: 0.9933
Fold 1, Epoch 1490, Train Loss: 0.3068, Val Loss: 0.2236, Val Acc: 0.9908
Precision: 0.9962, Recall: 0.9801, F1-Score: 0.9874
Fold 1, Epoch 1491, Train Loss: 0.3202, Val Loss: 0.2279, Val Acc: 0.9831
Precision: 0.9964, Recall: 0.9914, F1-Score: 0.9934
Fold 1, Epoch 1492, Train Loss: 0.3357, Val Loss: 0.2682, Val Acc: 0.9909
Precision: 0.9963, Recall: 0.9909, F1-Score: 0.9931
Fold 1, Epoch 1493, Train Loss: 0.3212, Val Loss: 0.2705, Val Acc: 0.9906
Precision: 0.9964, Recall: 0.9914, F1-Score: 0.9934
Fold 1, Epoch 1494, Train Loss: 0.3454, Val Loss: 0.2386, Val Acc: 0.9910
Precision: 0.9962, Recall: 0.9819, F1-Score: 0.9884
Fold 1, Epoch 1495, Train Loss: 0.3195, Val Loss: 0.2410, Val Acc: 0.9837
Precision: 0.9965, Recall: 0.9917, F1-Score: 0.9936
Fold 1, Epoch 1496, Train Loss: 0.3393, Val Loss: 0.2126, Val Acc: 0.9912
Precision: 0.9965, Recall: 0.9917, F1-Score: 0.9936
Fold 1, Epoch 1497, Train Loss: 0.3182, Val Loss: 0.2188, Val Acc: 0.9909
Precision: 0.9963, Recall: 0.9914, F1-Score: 0.9933
Fold 1, Epoch 1498, Train Loss: 0.3391, Val Loss: 0.2215, Val Acc: 0.9908
Precision: 0.9962, Recall: 0.9884, F1-Score: 0.9916
Fold 1, Epoch 1499, Train Loss: 0.3063, Val Loss: 0.2192, Val Acc: 0.9886

--- Epoch 1500 ---
--- Epoch 1500 ---
--- Epoch 1500 ---



--- Epoch 1500 ---
Class Weights: [2.1182575e-05 5.6127068e-02 5.6127068e-02 5.9477936e-02 5.6928884e-02
 5.3851645e-02 5.3851645e-02 4.9812771e-02 5.9477936e-02 5.6127068e-02
 6.1308030e-02 5.1753532e-02 5.3851645e-02 6.0379118e-02 5.6928884e-02
 4.9197800e-02 5.4589339e-02 5.2434497e-02 5.7753939e-02]Class Weights: [2.1182575e-05 5.6127068e-02 5.6127068e-02 5.9477936e-02 5.6928884e-02
 5.3851645e-02 5.3851645e-02 4.9812771e-02 5.9477936e-02 5.6127068e-02
 6.1308030e-02 5.1753532e-02 5.3851645e-02 6.0379118e-02 5.6928884e-02
 4.9197800e-02 5.4589339e-02 5.2434497e-02 5.7753939e-02]Class Weights: [2.1182575e-05 5.6127068e-02 5.6127068e-02 5.9477936e-02 5.6928884e-02
 5.3851645e-02 5.3851645e-02 4.9812771e-02 5.9477936e-02 5.6127068e-02
 6.1308030e-02 5.1753532e-02 5.3851645e-02 6.0379118e-02 5.6928884e-02
 4.9197800e-02 5.4589339e-02 5.2434497e-02 5.7753939e-02]


Class Weights: [2.1182575e-05 5.6127068e-02 5.6127068e-02 5.9477936e-02 5.6928884e-02
 5.3851645e-02 5.3851645e-02 4.9812771e-02 5.9477936e-02 5.6127068e-02
 6.1308030e-02 5.1753532e-02 5.3851645e-02 6.0379118e-02 5.6928884e-02
 4.9197800e-02 5.4589339e-02 5.2434497e-02 5.7753939e-02]Learning Rate: 0.005Learning Rate: 0.005Learning Rate: 0.005



Learning Rate: 0.005
Train Loss: 0.3254, Val Loss: 0.2149Train Loss: 0.3254, Val Loss: 0.2149Train Loss: 0.3254, Val Loss: 0.2149

Train Loss: 0.3254, Val Loss: 0.2149

Per-Class Precision: [1.         0.61349693 0.87573964 0.49337748 0.44210526 0.52201258
 0.43979058 0.29591837 0.29411765 0.20441989 0.23976608 0.25757576
 0.30864198 0.51785714 0.39534884 0.64761905 0.53225806 0.72115385
 0.59055118]
Per-Class Recall: [0.99230819 1.         0.98666667 0.99333333 0.84       0.83
 0.84       0.77333333 0.85       0.98666667 0.984      0.56666667
 0.8        0.82857143 0.90666667 0.68       0.94285714 1.
 1.        ]
Per-Class F1-Score: [0.99613925 0.76045627 0.92789969 0.65929204 0.57931034 0.64092664
 0.57731959 0.42804428 0.43701799 0.33867277 0.38557994 0.35416667
 0.4454343  0.63736264 0.55060729 0.66341463 0.68041237 0.83798883
 0.74257426]
Support per Class: [293949    100    150    150    100    100    100     75    100     75
    125    150    125    175     75    100    175     75     75]
Weighted Precision: 0.9964, Weighted Recall: 0.9915, Weighted F1-Score: 0.9934
Precision: 0.9964, Recall: 0.9915, F1-Score: 0.9934
Fold 1, Epoch 1500, Train Loss: 0.3254, Val Loss: 0.2149, Val Acc: 0.9911
Completed Fold 1
Starting Fold 2
Precision: 0.9955, Recall: 0.9834, F1-Score: 0.9887
Fold 2, Epoch 1, Train Loss: 0.7759, Val Loss: 1.6325, Val Acc: 0.9831
Precision: 0.9956, Recall: 0.9122, F1-Score: 0.9513
Fold 2, Epoch 2, Train Loss: 0.9148, Val Loss: 0.3472, Val Acc: 0.9117
Precision: 0.9959, Recall: 0.9895, F1-Score: 0.9922
Fold 2, Epoch 3, Train Loss: 0.5290, Val Loss: 0.3998, Val Acc: 0.9897
Precision: 0.9960, Recall: 0.9903, F1-Score: 0.9926
Fold 2, Epoch 4, Train Loss: 0.4045, Val Loss: 0.2699, Val Acc: 0.9905
Precision: 0.9961, Recall: 0.9903, F1-Score: 0.9927
Fold 2, Epoch 5, Train Loss: 0.3515, Val Loss: 0.2150, Val Acc: 0.9905
Precision: 0.9960, Recall: 0.9903, F1-Score: 0.9925
Fold 2, Epoch 6, Train Loss: 0.3201, Val Loss: 0.2303, Val Acc: 0.9904
Precision: 0.9959, Recall: 0.9901, F1-Score: 0.9924
Fold 2, Epoch 7, Train Loss: 0.3094, Val Loss: 0.2311, Val Acc: 0.9904
Precision: 0.9961, Recall: 0.9904, F1-Score: 0.9927
Fold 2, Epoch 8, Train Loss: 0.3051, Val Loss: 0.2109, Val Acc: 0.9907
Precision: 0.9962, Recall: 0.9907, F1-Score: 0.9929
Fold 2, Epoch 9, Train Loss: 0.2890, Val Loss: 0.2194, Val Acc: 0.9909

--- Epoch 10 ---
--- Epoch 10 ---
--- Epoch 10 ---



--- Epoch 10 ---
Class Weights: [2.1216663e-05 5.7020500e-02 5.4677192e-02 5.5436596e-02 4.9276974e-02
 5.4677192e-02 5.5436596e-02 5.7020500e-02 5.2518882e-02 5.7020500e-02
 5.2518882e-02 5.5436596e-02 5.3938311e-02 5.7020500e-02 6.0476288e-02
 5.8697574e-02 5.3938311e-02 5.7846885e-02 5.7020500e-02]Class Weights: [2.1216663e-05 5.7020500e-02 5.4677192e-02 5.5436596e-02 4.9276974e-02
 5.4677192e-02 5.5436596e-02 5.7020500e-02 5.2518882e-02 5.7020500e-02
 5.2518882e-02 5.5436596e-02 5.3938311e-02 5.7020500e-02 6.0476288e-02
 5.8697574e-02 5.3938311e-02 5.7846885e-02 5.7020500e-02]Class Weights: [2.1216663e-05 5.7020500e-02 5.4677192e-02 5.5436596e-02 4.9276974e-02
 5.4677192e-02 5.5436596e-02 5.7020500e-02 5.2518882e-02 5.7020500e-02
 5.2518882e-02 5.5436596e-02 5.3938311e-02 5.7020500e-02 6.0476288e-02
 5.8697574e-02 5.3938311e-02 5.7846885e-02 5.7020500e-02]
Class Weights: [2.1216663e-05 5.7020500e-02 5.4677192e-02 5.5436596e-02 4.9276974e-02
 5.4677192e-02 5.5436596e-02 5.7020500e-02 5.2518882e-02 5.7020500e-02
 5.2518882e-02 5.5436596e-02 5.3938311e-02 5.7020500e-02 6.0476288e-02
 5.8697574e-02 5.3938311e-02 5.7846885e-02 5.7020500e-02]
Learning Rate: 0.005


Learning Rate: 0.005Learning Rate: 0.005
Learning Rate: 0.005

Train Loss: 0.3010, Val Loss: 0.2101
Train Loss: 0.3010, Val Loss: 0.2101
Train Loss: 0.3010, Val Loss: 0.2101Train Loss: 0.3010, Val Loss: 0.2101

Per-Class Precision: [0.99994854 0.68807339 0.75757576 0.47916667 0.34975369 0.53658537
 0.55665025 0.26979472 0.34274194 0.26286765 0.17558887 0.12546125
 0.27016129 0.57065217 0.65400844 0.51492537 0.40350877 0.52105263
 0.57647059]
Per-Class Recall: [0.99153254 1.         1.         0.92       0.94666667 0.88
 0.904      0.736      0.85       0.81714286 0.82       0.68
 0.89333333 0.84       0.88571429 0.92       0.78857143 0.99
 0.98      ]
Per-Class F1-Score: [0.99572276 0.81521739 0.86206897 0.63013699 0.51079137 0.66666667
 0.68902439 0.39484979 0.48850575 0.39777469 0.28924162 0.21183801
 0.41486068 0.67961165 0.75242718 0.66028708 0.53384913 0.68275862
 0.72592593]
Support per Class: [293949    150     75    100     75     75    125    125    100    175
    100     50     75    125    175     75    175    100    150]
Weighted Precision: 0.9963, Weighted Recall: 0.9908, Weighted F1-Score: 0.9930
Precision: 0.9963, Recall: 0.9908, F1-Score: 0.9930
Fold 2, Epoch 10, Train Loss: 0.3010, Val Loss: 0.2101, Val Acc: 0.9909
Precision: 0.9961, Recall: 0.9902, F1-Score: 0.9926
Fold 2, Epoch 11, Train Loss: 0.2993, Val Loss: 0.2097, Val Acc: 0.9904
Precision: 0.9962, Recall: 0.9908, F1-Score: 0.9929
Fold 2, Epoch 12, Train Loss: 0.3034, Val Loss: 0.2448, Val Acc: 0.9909
Precision: 0.9962, Recall: 0.9902, F1-Score: 0.9927
Fold 2, Epoch 13, Train Loss: 0.3382, Val Loss: 0.2402, Val Acc: 0.9903
Precision: 0.9960, Recall: 0.9902, F1-Score: 0.9926
Fold 2, Epoch 14, Train Loss: 0.3159, Val Loss: 0.2465, Val Acc: 0.9905
Precision: 0.9961, Recall: 0.9904, F1-Score: 0.9927
Fold 2, Epoch 15, Train Loss: 0.3247, Val Loss: 0.2206, Val Acc: 0.9905
Precision: 0.9962, Recall: 0.9905, F1-Score: 0.9928
Fold 2, Epoch 16, Train Loss: 0.3458, Val Loss: 0.2516, Val Acc: 0.9907
Precision: 0.9960, Recall: 0.9902, F1-Score: 0.9926
Fold 2, Epoch 17, Train Loss: 0.3123, Val Loss: 0.2474, Val Acc: 0.9905
Precision: 0.9961, Recall: 0.9904, F1-Score: 0.9927
Fold 2, Epoch 18, Train Loss: 0.3145, Val Loss: 0.2467, Val Acc: 0.9905
Precision: 0.9961, Recall: 0.9903, F1-Score: 0.9926
Fold 2, Epoch 19, Train Loss: 0.2965, Val Loss: 0.2237, Val Acc: 0.9905

--- Epoch 20 ---
--- Epoch 20 ---
--- Epoch 20 ---



--- Epoch 20 ---
Class Weights: [2.1216663e-05 5.7020500e-02 5.4677192e-02 5.5436596e-02 4.9276974e-02
 5.4677192e-02 5.5436596e-02 5.7020500e-02 5.2518882e-02 5.7020500e-02
 5.2518882e-02 5.5436596e-02 5.3938311e-02 5.7020500e-02 6.0476288e-02
 5.8697574e-02 5.3938311e-02 5.7846885e-02 5.7020500e-02]Class Weights: [2.1216663e-05 5.7020500e-02 5.4677192e-02 5.5436596e-02 4.9276974e-02
 5.4677192e-02 5.5436596e-02 5.7020500e-02 5.2518882e-02 5.7020500e-02
 5.2518882e-02 5.5436596e-02 5.3938311e-02 5.7020500e-02 6.0476288e-02
 5.8697574e-02 5.3938311e-02 5.7846885e-02 5.7020500e-02]Class Weights: [2.1216663e-05 5.7020500e-02 5.4677192e-02 5.5436596e-02 4.9276974e-02
 5.4677192e-02 5.5436596e-02 5.7020500e-02 5.2518882e-02 5.7020500e-02
 5.2518882e-02 5.5436596e-02 5.3938311e-02 5.7020500e-02 6.0476288e-02
 5.8697574e-02 5.3938311e-02 5.7846885e-02 5.7020500e-02]Class Weights: [2.1216663e-05 5.7020500e-02 5.4677192e-02 5.5436596e-02 4.9276974e-02
 5.4677192e-02 5.5436596e-02 5.7020500e-02 5.2518882e-02 5.7020500e-02
 5.2518882e-02 5.5436596e-02 5.3938311e-02 5.7020500e-02 6.0476288e-02
 5.8697574e-02 5.3938311e-02 5.7846885e-02 5.7020500e-02]



Learning Rate: 0.005Learning Rate: 0.005Learning Rate: 0.005
Learning Rate: 0.005


Train Loss: 0.2912, Val Loss: 0.2340Train Loss: 0.2912, Val Loss: 0.2340
Train Loss: 0.2912, Val Loss: 0.2340Train Loss: 0.2912, Val Loss: 0.2340


Per-Class Precision: [0.99994854 0.72115385 0.72815534 0.48924731 0.34653465 0.47552448
 0.63793103 0.3        0.28070175 0.2248062  0.17125984 0.10843373
 0.26818182 0.55072464 0.56485356 0.36868687 0.39617486 0.55
 0.60330579]
Per-Class Recall: [0.99159038 1.         1.         0.91       0.93333333 0.90666667
 0.888      0.504      0.8        0.82857143 0.87       0.36
 0.78666667 0.912      0.77142857 0.97333333 0.82857143 0.99
 0.97333333]
Per-Class F1-Score: [0.99575192 0.83798883 0.84269663 0.63636364 0.50541516 0.62385321
 0.74247492 0.3761194  0.41558442 0.35365854 0.28618421 0.16666667
 0.4        0.68674699 0.65217391 0.53479853 0.53604436 0.70714286
 0.74489796]
Support per Class: [293949    150     75    100     75     75    125    125    100    175
    100     50     75    125    175     75    175    100    150]
Weighted Precision: 0.9962, Weighted Recall: 0.9906, Weighted F1-Score: 0.9929
Precision: 0.9962, Recall: 0.9906, F1-Score: 0.9929
Fold 2, Epoch 20, Train Loss: 0.2912, Val Loss: 0.2340, Val Acc: 0.9908
Precision: 0.9958, Recall: 0.9873, F1-Score: 0.9909
Fold 2, Epoch 21, Train Loss: 0.3112, Val Loss: 0.2870, Val Acc: 0.9876
Precision: 0.9961, Recall: 0.9904, F1-Score: 0.9928
Fold 2, Epoch 22, Train Loss: 0.3398, Val Loss: 0.2847, Val Acc: 0.9905
Precision: 0.9962, Recall: 0.9905, F1-Score: 0.9928
Fold 2, Epoch 23, Train Loss: 0.3285, Val Loss: 0.2303, Val Acc: 0.9907
Precision: 0.9960, Recall: 0.9903, F1-Score: 0.9926
Fold 2, Epoch 24, Train Loss: 0.3092, Val Loss: 0.2344, Val Acc: 0.9905
Precision: 0.9963, Recall: 0.9907, F1-Score: 0.9929
Fold 2, Epoch 25, Train Loss: 0.3334, Val Loss: 0.2251, Val Acc: 0.9908
Precision: 0.9960, Recall: 0.9901, F1-Score: 0.9925
Fold 2, Epoch 26, Train Loss: 0.3136, Val Loss: 0.2692, Val Acc: 0.9902
Precision: 0.9961, Recall: 0.9902, F1-Score: 0.9925
Fold 2, Epoch 27, Train Loss: 0.3339, Val Loss: 0.2257, Val Acc: 0.9904
Precision: 0.9961, Recall: 0.9903, F1-Score: 0.9926
Fold 2, Epoch 28, Train Loss: 0.3040, Val Loss: 0.2429, Val Acc: 0.9905
Precision: 0.9961, Recall: 0.9907, F1-Score: 0.9928
Fold 2, Epoch 29, Train Loss: 0.3169, Val Loss: 0.2359, Val Acc: 0.9908

--- Epoch 30 ---
--- Epoch 30 ---
--- Epoch 30 ---



--- Epoch 30 ---
Class Weights: [2.1216663e-05 5.7020500e-02 5.4677192e-02 5.5436596e-02 4.9276974e-02
 5.4677192e-02 5.5436596e-02 5.7020500e-02 5.2518882e-02 5.7020500e-02
 5.2518882e-02 5.5436596e-02 5.3938311e-02 5.7020500e-02 6.0476288e-02
 5.8697574e-02 5.3938311e-02 5.7846885e-02 5.7020500e-02]Class Weights: [2.1216663e-05 5.7020500e-02 5.4677192e-02 5.5436596e-02 4.9276974e-02
 5.4677192e-02 5.5436596e-02 5.7020500e-02 5.2518882e-02 5.7020500e-02
 5.2518882e-02 5.5436596e-02 5.3938311e-02 5.7020500e-02 6.0476288e-02
 5.8697574e-02 5.3938311e-02 5.7846885e-02 5.7020500e-02]Class Weights: [2.1216663e-05 5.7020500e-02 5.4677192e-02 5.5436596e-02 4.9276974e-02
 5.4677192e-02 5.5436596e-02 5.7020500e-02 5.2518882e-02 5.7020500e-02
 5.2518882e-02 5.5436596e-02 5.3938311e-02 5.7020500e-02 6.0476288e-02
 5.8697574e-02 5.3938311e-02 5.7846885e-02 5.7020500e-02]
Class Weights: [2.1216663e-05 5.7020500e-02 5.4677192e-02 5.5436596e-02 4.9276974e-02
 5.4677192e-02 5.5436596e-02 5.7020500e-02 5.2518882e-02 5.7020500e-02
 5.2518882e-02 5.5436596e-02 5.3938311e-02 5.7020500e-02 6.0476288e-02
 5.8697574e-02 5.3938311e-02 5.7846885e-02 5.7020500e-02]

Learning Rate: 0.005

Learning Rate: 0.005Learning Rate: 0.005Learning Rate: 0.005


Train Loss: 0.3158, Val Loss: 0.2223
Train Loss: 0.3158, Val Loss: 0.2223Train Loss: 0.3158, Val Loss: 0.2223Train Loss: 0.3158, Val Loss: 0.2223


Per-Class Precision: [0.99994852 0.65217391 0.80645161 0.50810811 0.34449761 0.52238806
 0.3117207  0.27443609 0.27848101 0.25575448 0.17286652 0.121875
 0.30693069 0.54245283 0.60465116 0.48648649 0.4244186  0.62264151
 0.57587549]
Per-Class Recall: [0.99125018 1.         1.         0.94       0.96       0.93333333
 1.         0.584      0.88       0.57142857 0.79       0.78
 0.82666667 0.92       0.89142857 0.96       0.83428571 0.99
 0.98666667]
Per-Class F1-Score: [0.99558035 0.78947368 0.89285714 0.65964912 0.50704225 0.66985646
 0.47528517 0.37340153 0.42307692 0.35335689 0.28366248 0.21081081
 0.44765343 0.68249258 0.72055427 0.64573991 0.56262042 0.76447876
 0.72727273]
Support per Class: [293949    150     75    100     75     75    125    125    100    175
    100     50     75    125    175     75    175    100    150]
Weighted Precision: 0.9961, Weighted Recall: 0.9904, Weighted F1-Score: 0.9927
Precision: 0.9961, Recall: 0.9904, F1-Score: 0.9927
Fold 2, Epoch 30, Train Loss: 0.3158, Val Loss: 0.2223, Val Acc: 0.9905
Precision: 0.9962, Recall: 0.9906, F1-Score: 0.9929
Fold 2, Epoch 31, Train Loss: 0.3238, Val Loss: 0.2214, Val Acc: 0.9908
Precision: 0.9961, Recall: 0.9905, F1-Score: 0.9927
Fold 2, Epoch 32, Train Loss: 0.3151, Val Loss: 0.2269, Val Acc: 0.9906
Precision: 0.9960, Recall: 0.9902, F1-Score: 0.9925
Fold 2, Epoch 33, Train Loss: 0.2929, Val Loss: 0.2186, Val Acc: 0.9904
Precision: 0.9961, Recall: 0.9906, F1-Score: 0.9929
Fold 2, Epoch 34, Train Loss: 0.3016, Val Loss: 0.2350, Val Acc: 0.9908
Precision: 0.9961, Recall: 0.9902, F1-Score: 0.9927
Fold 2, Epoch 35, Train Loss: 0.3063, Val Loss: 0.2376, Val Acc: 0.9904
Precision: 0.9961, Recall: 0.9902, F1-Score: 0.9925
Fold 2, Epoch 36, Train Loss: 0.3489, Val Loss: 0.2221, Val Acc: 0.9904
Precision: 0.9962, Recall: 0.9906, F1-Score: 0.9929
Fold 2, Epoch 37, Train Loss: 0.3383, Val Loss: 0.2344, Val Acc: 0.9908
Precision: 0.9961, Recall: 0.9901, F1-Score: 0.9925
Fold 2, Epoch 38, Train Loss: 0.3243, Val Loss: 0.2580, Val Acc: 0.9903
Precision: 0.9961, Recall: 0.9905, F1-Score: 0.9927
Fold 2, Epoch 39, Train Loss: 0.3328, Val Loss: 0.2287, Val Acc: 0.9907

--- Epoch 40 ---
--- Epoch 40 ---
--- Epoch 40 ---


--- Epoch 40 ---

Class Weights: [2.1216663e-05 5.7020500e-02 5.4677192e-02 5.5436596e-02 4.9276974e-02
 5.4677192e-02 5.5436596e-02 5.7020500e-02 5.2518882e-02 5.7020500e-02
 5.2518882e-02 5.5436596e-02 5.3938311e-02 5.7020500e-02 6.0476288e-02
 5.8697574e-02 5.3938311e-02 5.7846885e-02 5.7020500e-02]Class Weights: [2.1216663e-05 5.7020500e-02 5.4677192e-02 5.5436596e-02 4.9276974e-02
 5.4677192e-02 5.5436596e-02 5.7020500e-02 5.2518882e-02 5.7020500e-02
 5.2518882e-02 5.5436596e-02 5.3938311e-02 5.7020500e-02 6.0476288e-02
 5.8697574e-02 5.3938311e-02 5.7846885e-02 5.7020500e-02]Class Weights: [2.1216663e-05 5.7020500e-02 5.4677192e-02 5.5436596e-02 4.9276974e-02
 5.4677192e-02 5.5436596e-02 5.7020500e-02 5.2518882e-02 5.7020500e-02
 5.2518882e-02 5.5436596e-02 5.3938311e-02 5.7020500e-02 6.0476288e-02
 5.8697574e-02 5.3938311e-02 5.7846885e-02 5.7020500e-02]Class Weights: [2.1216663e-05 5.7020500e-02 5.4677192e-02 5.5436596e-02 4.9276974e-02
 5.4677192e-02 5.5436596e-02 5.7020500e-02 5.2518882e-02 5.7020500e-02
 5.2518882e-02 5.5436596e-02 5.3938311e-02 5.7020500e-02 6.0476288e-02
 5.8697574e-02 5.3938311e-02 5.7846885e-02 5.7020500e-02]



Learning Rate: 0.005Learning Rate: 0.005Learning Rate: 0.005

Learning Rate: 0.005

Train Loss: 0.3258, Val Loss: 0.2366Train Loss: 0.3258, Val Loss: 0.2366
Train Loss: 0.3258, Val Loss: 0.2366Train Loss: 0.3258, Val Loss: 0.2366


Per-Class Precision: [0.99994853 0.625      0.80645161 0.50561798 0.36470588 0.44171779
 0.42585551 0.34297521 0.3125     0.22809668 0.16605839 0.11483254
 0.2195122  0.56069364 0.62735849 0.34123223 0.41993958 0.49748744
 0.5951417 ]
Per-Class Recall: [0.99139987 1.         1.         0.9        0.82666667 0.96
 0.896      0.664      0.6        0.86285714 0.91       0.48
 0.6        0.776      0.76       0.96       0.79428571 0.99
 0.98      ]
Per-Class F1-Score: [0.99565585 0.76923077 0.89285714 0.64748201 0.50612245 0.60504202
 0.57731959 0.45231608 0.4109589  0.36081243 0.2808642  0.18532819
 0.32142857 0.65100671 0.6873385  0.5034965  0.54940711 0.66220736
 0.74055416]
Support per Class: [293949    150     75    100     75     75    125    125    100    175
    100     50     75    125    175     75    175    100    150]
Weighted Precision: 0.9961, Weighted Recall: 0.9904, Weighted F1-Score: 0.9927
Precision: 0.9961, Recall: 0.9904, F1-Score: 0.9927
Fold 2, Epoch 40, Train Loss: 0.3258, Val Loss: 0.2366, Val Acc: 0.9905
Precision: 0.9961, Recall: 0.9903, F1-Score: 0.9926
Fold 2, Epoch 41, Train Loss: 0.3287, Val Loss: 0.2312, Val Acc: 0.9905
Precision: 0.9961, Recall: 0.9905, F1-Score: 0.9927
Fold 2, Epoch 42, Train Loss: 0.3062, Val Loss: 0.2256, Val Acc: 0.9907
Precision: 0.9959, Recall: 0.9902, F1-Score: 0.9925
Fold 2, Epoch 43, Train Loss: 0.3104, Val Loss: 0.2479, Val Acc: 0.9904
Precision: 0.9961, Recall: 0.9905, F1-Score: 0.9928
Fold 2, Epoch 44, Train Loss: 0.3115, Val Loss: 0.2331, Val Acc: 0.9907
Precision: 0.9960, Recall: 0.9904, F1-Score: 0.9927
Fold 2, Epoch 45, Train Loss: 0.3100, Val Loss: 0.2339, Val Acc: 0.9906
Precision: 0.9957, Recall: 0.9547, F1-Score: 0.9739
Fold 2, Epoch 46, Train Loss: 0.3040, Val Loss: 0.2191, Val Acc: 0.9535
Precision: 0.9962, Recall: 0.9905, F1-Score: 0.9928
Fold 2, Epoch 47, Train Loss: 0.2932, Val Loss: 0.2339, Val Acc: 0.9907
Precision: 0.9961, Recall: 0.9902, F1-Score: 0.9926
Fold 2, Epoch 48, Train Loss: 0.2991, Val Loss: 0.2187, Val Acc: 0.9904
Precision: 0.9961, Recall: 0.9888, F1-Score: 0.9919
Fold 2, Epoch 49, Train Loss: 0.3268, Val Loss: 0.2249, Val Acc: 0.9892

--- Epoch 50 ---
--- Epoch 50 ---
--- Epoch 50 ---



--- Epoch 50 ---
Class Weights: [2.1216663e-05 5.7020500e-02 5.4677192e-02 5.5436596e-02 4.9276974e-02
 5.4677192e-02 5.5436596e-02 5.7020500e-02 5.2518882e-02 5.7020500e-02
 5.2518882e-02 5.5436596e-02 5.3938311e-02 5.7020500e-02 6.0476288e-02
 5.8697574e-02 5.3938311e-02 5.7846885e-02 5.7020500e-02]Class Weights: [2.1216663e-05 5.7020500e-02 5.4677192e-02 5.5436596e-02 4.9276974e-02
 5.4677192e-02 5.5436596e-02 5.7020500e-02 5.2518882e-02 5.7020500e-02
 5.2518882e-02 5.5436596e-02 5.3938311e-02 5.7020500e-02 6.0476288e-02
 5.8697574e-02 5.3938311e-02 5.7846885e-02 5.7020500e-02]Class Weights: [2.1216663e-05 5.7020500e-02 5.4677192e-02 5.5436596e-02 4.9276974e-02
 5.4677192e-02 5.5436596e-02 5.7020500e-02 5.2518882e-02 5.7020500e-02
 5.2518882e-02 5.5436596e-02 5.3938311e-02 5.7020500e-02 6.0476288e-02
 5.8697574e-02 5.3938311e-02 5.7846885e-02 5.7020500e-02]
Class Weights: [2.1216663e-05 5.7020500e-02 5.4677192e-02 5.5436596e-02 4.9276974e-02
 5.4677192e-02 5.5436596e-02 5.7020500e-02 5.2518882e-02 5.7020500e-02
 5.2518882e-02 5.5436596e-02 5.3938311e-02 5.7020500e-02 6.0476288e-02
 5.8697574e-02 5.3938311e-02 5.7846885e-02 5.7020500e-02]

Learning Rate: 0.005

Learning Rate: 0.005Learning Rate: 0.005
Learning Rate: 0.005

Train Loss: 0.2890, Val Loss: 0.2517
Train Loss: 0.2890, Val Loss: 0.2517
Train Loss: 0.2890, Val Loss: 0.2517Train Loss: 0.2890, Val Loss: 0.2517

Per-Class Precision: [0.99994854 0.66666667 0.78125    0.47       0.33809524 0.6741573
 0.56862745 0.34101382 0.25513196 0.23743501 0.15408805 0.15463918
 0.21863799 0.56593407 0.62385321 0.53043478 0.36443149 0.47596154
 0.57539683]
Per-Class Recall: [0.99156656 1.         1.         0.94       0.94666667 0.8
 0.928      0.592      0.87       0.78285714 0.98       0.3
 0.81333333 0.824      0.77714286 0.81333333 0.71428571 0.99
 0.96666667]
Per-Class F1-Score: [0.99573991 0.8        0.87719298 0.62666667 0.49824561 0.73170732
 0.70516717 0.43274854 0.39455782 0.3643617  0.26630435 0.20408163
 0.34463277 0.67100977 0.69211196 0.64210526 0.48262548 0.64285714
 0.72139303]
Support per Class: [293949    150     75    100     75     75    125    125    100    175
    100     50     75    125    175     75    175    100    150]
Weighted Precision: 0.9962, Weighted Recall: 0.9905, Weighted F1-Score: 0.9928
Precision: 0.9962, Recall: 0.9905, F1-Score: 0.9928
Fold 2, Epoch 50, Train Loss: 0.2890, Val Loss: 0.2517, Val Acc: 0.9906
Precision: 0.9961, Recall: 0.9903, F1-Score: 0.9926
Fold 2, Epoch 51, Train Loss: 0.3193, Val Loss: 0.2414, Val Acc: 0.9904
Precision: 0.9960, Recall: 0.9901, F1-Score: 0.9925
Fold 2, Epoch 52, Train Loss: 0.3140, Val Loss: 0.2270, Val Acc: 0.9904
Precision: 0.9962, Recall: 0.9903, F1-Score: 0.9927
Fold 2, Epoch 53, Train Loss: 0.2825, Val Loss: 0.2212, Val Acc: 0.9904
Precision: 0.9961, Recall: 0.9906, F1-Score: 0.9928
Fold 2, Epoch 54, Train Loss: 0.2890, Val Loss: 0.2129, Val Acc: 0.9907
Precision: 0.9961, Recall: 0.9902, F1-Score: 0.9926
Fold 2, Epoch 55, Train Loss: 0.2996, Val Loss: 0.2147, Val Acc: 0.9904
Precision: 0.9959, Recall: 0.9901, F1-Score: 0.9924
Fold 2, Epoch 56, Train Loss: 0.2808, Val Loss: 0.2416, Val Acc: 0.9903
Precision: 0.9961, Recall: 0.9904, F1-Score: 0.9927
Fold 2, Epoch 57, Train Loss: 0.2985, Val Loss: 0.2190, Val Acc: 0.9907
Precision: 0.9962, Recall: 0.9903, F1-Score: 0.9927
Fold 2, Epoch 58, Train Loss: 0.3355, Val Loss: 0.2248, Val Acc: 0.9905
Precision: 0.9961, Recall: 0.9905, F1-Score: 0.9927
Fold 2, Epoch 59, Train Loss: 0.3174, Val Loss: 0.2315, Val Acc: 0.9906

--- Epoch 60 ---
--- Epoch 60 ---
--- Epoch 60 ---



--- Epoch 60 ---
Class Weights: [2.1216663e-05 5.7020500e-02 5.4677192e-02 5.5436596e-02 4.9276974e-02
 5.4677192e-02 5.5436596e-02 5.7020500e-02 5.2518882e-02 5.7020500e-02
 5.2518882e-02 5.5436596e-02 5.3938311e-02 5.7020500e-02 6.0476288e-02
 5.8697574e-02 5.3938311e-02 5.7846885e-02 5.7020500e-02]Class Weights: [2.1216663e-05 5.7020500e-02 5.4677192e-02 5.5436596e-02 4.9276974e-02
 5.4677192e-02 5.5436596e-02 5.7020500e-02 5.2518882e-02 5.7020500e-02
 5.2518882e-02 5.5436596e-02 5.3938311e-02 5.7020500e-02 6.0476288e-02
 5.8697574e-02 5.3938311e-02 5.7846885e-02 5.7020500e-02]Class Weights: [2.1216663e-05 5.7020500e-02 5.4677192e-02 5.5436596e-02 4.9276974e-02
 5.4677192e-02 5.5436596e-02 5.7020500e-02 5.2518882e-02 5.7020500e-02
 5.2518882e-02 5.5436596e-02 5.3938311e-02 5.7020500e-02 6.0476288e-02
 5.8697574e-02 5.3938311e-02 5.7846885e-02 5.7020500e-02]

Class Weights: [2.1216663e-05 5.7020500e-02 5.4677192e-02 5.5436596e-02 4.9276974e-02
 5.4677192e-02 5.5436596e-02 5.7020500e-02 5.2518882e-02 5.7020500e-02
 5.2518882e-02 5.5436596e-02 5.3938311e-02 5.7020500e-02 6.0476288e-02
 5.8697574e-02 5.3938311e-02 5.7846885e-02 5.7020500e-02]
Learning Rate: 0.005
Learning Rate: 0.005
Learning Rate: 0.005
Learning Rate: 0.005

Train Loss: 0.3053, Val Loss: 0.2784
Train Loss: 0.3053, Val Loss: 0.2784Train Loss: 0.3053, Val Loss: 0.2784
Train Loss: 0.3053, Val Loss: 0.2784

Per-Class Precision: [0.99994852 0.68181818 0.75       0.49484536 0.342723   0.50364964
 0.53080569 0.28248588 0.22629969 0.23575949 0.1377709  0.11377246
 0.1627907  0.59848485 0.64824121 0.34782609 0.43413174 0.41949153
 0.66190476]
Per-Class Recall: [0.99118895 1.         1.         0.96       0.97333333 0.92
 0.896      0.4        0.74       0.85142857 0.89       0.38
 0.56       0.632      0.73714286 0.96       0.82857143 0.99
 0.92666667]
Per-Class F1-Score: [0.99554947 0.81081081 0.85714286 0.65306122 0.50694444 0.6509434
 0.66666667 0.33112583 0.34660422 0.3692689  0.2386059  0.17511521
 0.25225225 0.61478599 0.68983957 0.5106383  0.5697446  0.58928571
 0.77222222]
Support per Class: [293949    150     75    100     75     75    125    125    100    175
    100     50     75    125    175     75    175    100    150]
Weighted Precision: 0.9961, Weighted Recall: 0.9900, Weighted F1-Score: 0.9925
Precision: 0.9961, Recall: 0.9900, F1-Score: 0.9925
Fold 2, Epoch 60, Train Loss: 0.3053, Val Loss: 0.2784, Val Acc: 0.9902
Precision: 0.9960, Recall: 0.9901, F1-Score: 0.9925
Fold 2, Epoch 61, Train Loss: 0.3175, Val Loss: 0.3111, Val Acc: 0.9902
Precision: 0.9961, Recall: 0.9903, F1-Score: 0.9926
Fold 2, Epoch 62, Train Loss: 0.3400, Val Loss: 0.2485, Val Acc: 0.9904
Precision: 0.9961, Recall: 0.9903, F1-Score: 0.9926
Fold 2, Epoch 63, Train Loss: 0.3104, Val Loss: 0.2410, Val Acc: 0.9905
Precision: 0.9961, Recall: 0.9903, F1-Score: 0.9926
Fold 2, Epoch 64, Train Loss: 0.3195, Val Loss: 0.2260, Val Acc: 0.9904
Precision: 0.9960, Recall: 0.9904, F1-Score: 0.9927
Fold 2, Epoch 65, Train Loss: 0.3133, Val Loss: 0.2426, Val Acc: 0.9906
Precision: 0.9959, Recall: 0.9899, F1-Score: 0.9924
Fold 2, Epoch 66, Train Loss: 0.3086, Val Loss: 0.2434, Val Acc: 0.9902
Precision: 0.9958, Recall: 0.9901, F1-Score: 0.9925
Fold 2, Epoch 67, Train Loss: 0.3131, Val Loss: 0.2772, Val Acc: 0.9905
Precision: 0.9961, Recall: 0.9902, F1-Score: 0.9926
Fold 2, Epoch 68, Train Loss: 0.3014, Val Loss: 0.2416, Val Acc: 0.9903
Precision: 0.9962, Recall: 0.9904, F1-Score: 0.9927
Fold 2, Epoch 69, Train Loss: 0.3014, Val Loss: 0.2217, Val Acc: 0.9905

--- Epoch 70 ---
--- Epoch 70 ---
--- Epoch 70 ---



--- Epoch 70 ---
Class Weights: [2.1216663e-05 5.7020500e-02 5.4677192e-02 5.5436596e-02 4.9276974e-02
 5.4677192e-02 5.5436596e-02 5.7020500e-02 5.2518882e-02 5.7020500e-02
 5.2518882e-02 5.5436596e-02 5.3938311e-02 5.7020500e-02 6.0476288e-02
 5.8697574e-02 5.3938311e-02 5.7846885e-02 5.7020500e-02]Class Weights: [2.1216663e-05 5.7020500e-02 5.4677192e-02 5.5436596e-02 4.9276974e-02
 5.4677192e-02 5.5436596e-02 5.7020500e-02 5.2518882e-02 5.7020500e-02
 5.2518882e-02 5.5436596e-02 5.3938311e-02 5.7020500e-02 6.0476288e-02
 5.8697574e-02 5.3938311e-02 5.7846885e-02 5.7020500e-02]Class Weights: [2.1216663e-05 5.7020500e-02 5.4677192e-02 5.5436596e-02 4.9276974e-02
 5.4677192e-02 5.5436596e-02 5.7020500e-02 5.2518882e-02 5.7020500e-02
 5.2518882e-02 5.5436596e-02 5.3938311e-02 5.7020500e-02 6.0476288e-02
 5.8697574e-02 5.3938311e-02 5.7846885e-02 5.7020500e-02]Class Weights: [2.1216663e-05 5.7020500e-02 5.4677192e-02 5.5436596e-02 4.9276974e-02
 5.4677192e-02 5.5436596e-02 5.7020500e-02 5.2518882e-02 5.7020500e-02
 5.2518882e-02 5.5436596e-02 5.3938311e-02 5.7020500e-02 6.0476288e-02
 5.8697574e-02 5.3938311e-02 5.7846885e-02 5.7020500e-02]



Learning Rate: 0.005Learning Rate: 0.005
Learning Rate: 0.005
Learning Rate: 0.005

Train Loss: 0.3070, Val Loss: 0.2251Train Loss: 0.3070, Val Loss: 0.2251
Train Loss: 0.3070, Val Loss: 0.2251
Train Loss: 0.3070, Val Loss: 0.2251

Per-Class Precision: [0.99994853 0.67264574 0.6        0.54117647 0.4011976  0.48507463
 0.46031746 0.27388535 0.33076923 0.25660377 0.15300546 0.15028902
 0.25660377 0.50877193 0.59215686 0.54054054 0.45090909 0.41078838
 0.55984556]
Per-Class Recall: [0.99142368 1.         1.         0.92       0.89333333 0.86666667
 0.928      0.688      0.86       0.77714286 0.84       0.52
 0.90666667 0.928      0.86285714 0.8        0.70857143 0.99
 0.96666667]
Per-Class F1-Score: [0.99566786 0.80428954 0.75       0.68148148 0.55371901 0.62200957
 0.61538462 0.39179954 0.47777778 0.3858156  0.25885978 0.23318386
 0.4        0.6572238  0.70232558 0.64516129 0.55111111 0.58064516
 0.70904645]
Support per Class: [293949    150     75    100     75     75    125    125    100    175
    100     50     75    125    175     75    175    100    150]
Weighted Precision: 0.9961, Weighted Recall: 0.9905, Weighted F1-Score: 0.9928
Precision: 0.9961, Recall: 0.9905, F1-Score: 0.9928
Fold 2, Epoch 70, Train Loss: 0.3070, Val Loss: 0.2251, Val Acc: 0.9907
Precision: 0.9961, Recall: 0.9900, F1-Score: 0.9925
Fold 2, Epoch 71, Train Loss: 0.2864, Val Loss: 0.2164, Val Acc: 0.9901
Precision: 0.9961, Recall: 0.9904, F1-Score: 0.9928
Fold 2, Epoch 72, Train Loss: 0.2972, Val Loss: 0.2741, Val Acc: 0.9905
Precision: 0.9961, Recall: 0.9904, F1-Score: 0.9927
Fold 2, Epoch 73, Train Loss: 0.3290, Val Loss: 0.2501, Val Acc: 0.9905
Precision: 0.9959, Recall: 0.9894, F1-Score: 0.9920
Fold 2, Epoch 74, Train Loss: 0.3005, Val Loss: 0.2337, Val Acc: 0.9898
Precision: 0.9959, Recall: 0.9863, F1-Score: 0.9904
Fold 2, Epoch 75, Train Loss: 0.3168, Val Loss: 0.2252, Val Acc: 0.9874
Precision: 0.9959, Recall: 0.9902, F1-Score: 0.9924
Fold 2, Epoch 76, Train Loss: 0.3332, Val Loss: 0.2497, Val Acc: 0.9905
Precision: 0.9962, Recall: 0.9902, F1-Score: 0.9926
Fold 2, Epoch 77, Train Loss: 0.3218, Val Loss: 0.2410, Val Acc: 0.9904
Precision: 0.9958, Recall: 0.9856, F1-Score: 0.9900
Fold 2, Epoch 78, Train Loss: 0.3332, Val Loss: 0.2381, Val Acc: 0.9861
Precision: 0.9958, Recall: 0.9897, F1-Score: 0.9921
Fold 2, Epoch 79, Train Loss: 0.2958, Val Loss: 0.2455, Val Acc: 0.9900

--- Epoch 80 ---
--- Epoch 80 ---
--- Epoch 80 ---


--- Epoch 80 ---

Class Weights: [2.1216663e-05 5.7020500e-02 5.4677192e-02 5.5436596e-02 4.9276974e-02
 5.4677192e-02 5.5436596e-02 5.7020500e-02 5.2518882e-02 5.7020500e-02
 5.2518882e-02 5.5436596e-02 5.3938311e-02 5.7020500e-02 6.0476288e-02
 5.8697574e-02 5.3938311e-02 5.7846885e-02 5.7020500e-02]Class Weights: [2.1216663e-05 5.7020500e-02 5.4677192e-02 5.5436596e-02 4.9276974e-02
 5.4677192e-02 5.5436596e-02 5.7020500e-02 5.2518882e-02 5.7020500e-02
 5.2518882e-02 5.5436596e-02 5.3938311e-02 5.7020500e-02 6.0476288e-02
 5.8697574e-02 5.3938311e-02 5.7846885e-02 5.7020500e-02]Class Weights: [2.1216663e-05 5.7020500e-02 5.4677192e-02 5.5436596e-02 4.9276974e-02
 5.4677192e-02 5.5436596e-02 5.7020500e-02 5.2518882e-02 5.7020500e-02
 5.2518882e-02 5.5436596e-02 5.3938311e-02 5.7020500e-02 6.0476288e-02
 5.8697574e-02 5.3938311e-02 5.7846885e-02 5.7020500e-02]
Class Weights: [2.1216663e-05 5.7020500e-02 5.4677192e-02 5.5436596e-02 4.9276974e-02
 5.4677192e-02 5.5436596e-02 5.7020500e-02 5.2518882e-02 5.7020500e-02
 5.2518882e-02 5.5436596e-02 5.3938311e-02 5.7020500e-02 6.0476288e-02
 5.8697574e-02 5.3938311e-02 5.7846885e-02 5.7020500e-02]


Learning Rate: 0.005Learning Rate: 0.005Learning Rate: 0.005
Learning Rate: 0.005


Train Loss: 0.3033, Val Loss: 0.2901
Train Loss: 0.3033, Val Loss: 0.2901Train Loss: 0.3033, Val Loss: 0.2901Train Loss: 0.3033, Val Loss: 0.2901


Per-Class Precision: [0.99994853 0.65217391 0.63559322 0.59731544 0.35638298 0.52892562
 0.57471264 0.30859375 0.27536232 0.23030303 0.14417178 0.15204678
 0.24352332 0.46052632 0.62254902 0.52173913 0.41868512 0.45327103
 0.5212766 ]
Per-Class Recall: [0.9914611  1.         1.         0.89       0.89333333 0.85333333
 0.8        0.632      0.76       0.86857143 0.94       0.52
 0.62666667 0.84       0.72571429 0.8        0.69142857 0.97
 0.98      ]
Per-Class F1-Score: [0.99568673 0.78947368 0.77720207 0.71485944 0.5095057  0.65306122
 0.66889632 0.41469816 0.40425532 0.36407186 0.25       0.23529412
 0.35074627 0.59490085 0.6701847  0.63157895 0.52155172 0.61783439
 0.68055556]
Support per Class: [293949    150     75    100     75     75    125    125    100    175
    100     50     75    125    175     75    175    100    150]
Weighted Precision: 0.9961, Weighted Recall: 0.9903, Weighted F1-Score: 0.9927
Precision: 0.9961, Recall: 0.9903, F1-Score: 0.9927
Fold 2, Epoch 80, Train Loss: 0.3033, Val Loss: 0.2901, Val Acc: 0.9903
Precision: 0.9961, Recall: 0.9901, F1-Score: 0.9926
Fold 2, Epoch 81, Train Loss: 0.3306, Val Loss: 0.2448, Val Acc: 0.9903
Precision: 0.9960, Recall: 0.9903, F1-Score: 0.9926
Fold 2, Epoch 82, Train Loss: 0.3130, Val Loss: 0.2562, Val Acc: 0.9905
Precision: 0.9962, Recall: 0.9904, F1-Score: 0.9928
Fold 2, Epoch 83, Train Loss: 0.3029, Val Loss: 0.2662, Val Acc: 0.9906
Precision: 0.9959, Recall: 0.9895, F1-Score: 0.9921
Fold 2, Epoch 84, Train Loss: 0.3122, Val Loss: 0.2440, Val Acc: 0.9898
Precision: 0.9961, Recall: 0.9903, F1-Score: 0.9926
Fold 2, Epoch 85, Train Loss: 0.3084, Val Loss: 0.2348, Val Acc: 0.9904
Precision: 0.9961, Recall: 0.9903, F1-Score: 0.9926
Fold 2, Epoch 86, Train Loss: 0.3112, Val Loss: 0.2380, Val Acc: 0.9904
Precision: 0.9961, Recall: 0.9890, F1-Score: 0.9920
Fold 2, Epoch 87, Train Loss: 0.3010, Val Loss: 0.2272, Val Acc: 0.9895
Precision: 0.9961, Recall: 0.9907, F1-Score: 0.9929
Fold 2, Epoch 88, Train Loss: 0.3000, Val Loss: 0.2308, Val Acc: 0.9909
Precision: 0.9960, Recall: 0.9900, F1-Score: 0.9924
Fold 2, Epoch 89, Train Loss: 0.2764, Val Loss: 0.2116, Val Acc: 0.9902

--- Epoch 90 ---
--- Epoch 90 ---


--- Epoch 90 ---
--- Epoch 90 ---

Class Weights: [2.1216663e-05 5.7020500e-02 5.4677192e-02 5.5436596e-02 4.9276974e-02
 5.4677192e-02 5.5436596e-02 5.7020500e-02 5.2518882e-02 5.7020500e-02
 5.2518882e-02 5.5436596e-02 5.3938311e-02 5.7020500e-02 6.0476288e-02
 5.8697574e-02 5.3938311e-02 5.7846885e-02 5.7020500e-02]Class Weights: [2.1216663e-05 5.7020500e-02 5.4677192e-02 5.5436596e-02 4.9276974e-02
 5.4677192e-02 5.5436596e-02 5.7020500e-02 5.2518882e-02 5.7020500e-02
 5.2518882e-02 5.5436596e-02 5.3938311e-02 5.7020500e-02 6.0476288e-02
 5.8697574e-02 5.3938311e-02 5.7846885e-02 5.7020500e-02]

Learning Rate: 0.005Learning Rate: 0.005Class Weights: [2.1216663e-05 5.7020500e-02 5.4677192e-02 5.5436596e-02 4.9276974e-02
 5.4677192e-02 5.5436596e-02 5.7020500e-02 5.2518882e-02 5.7020500e-02
 5.2518882e-02 5.5436596e-02 5.3938311e-02 5.7020500e-02 6.0476288e-02
 5.8697574e-02 5.3938311e-02 5.7846885e-02 5.7020500e-02]
Class Weights: [2.1216663e-05 5.7020500e-02 5.4677192e-02 5.5436596e-02 4.9276974e-02
 5.4677192e-02 5.5436596e-02 5.7020500e-02 5.2518882e-02 5.7020500e-02
 5.2518882e-02 5.5436596e-02 5.3938311e-02 5.7020500e-02 6.0476288e-02
 5.8697574e-02 5.3938311e-02 5.7846885e-02 5.7020500e-02]


Learning Rate: 0.005Learning Rate: 0.005

Train Loss: 0.3008, Val Loss: 0.2296
Train Loss: 0.3008, Val Loss: 0.2296
Train Loss: 0.3008, Val Loss: 0.2296
Train Loss: 0.3008, Val Loss: 0.2296
Per-Class Precision: [0.99994852 0.65065502 0.6147541  0.50810811 0.35294118 0.41463415
 0.52803738 0.15818182 0.27891156 0.31561462 0.17471264 0.15060241
 0.20738636 0.57731959 0.56043956 0.50757576 0.39939024 0.41841004
 0.59751037]
Per-Class Recall: [0.99116854 0.99333333 1.         0.94       0.88       0.90666667
 0.904      0.696      0.82       0.54285714 0.76       0.5
 0.97333333 0.896      0.87428571 0.89333333 0.74857143 1.
 0.96      ]
Per-Class F1-Score: [0.99553917 0.78627968 0.76142132 0.65964912 0.50381679 0.56903766
 0.66666667 0.25777778 0.41624365 0.39915966 0.28411215 0.23148148
 0.34192037 0.70219436 0.68303571 0.647343   0.52087475 0.5899705
 0.73657289]
Support per Class: [293949    150     75    100     75     75    125    125    100    175
    100     50     75    125    175     75    175    100    150]
Weighted Precision: 0.9961, Weighted Recall: 0.9902, Weighted F1-Score: 0.9925
Precision: 0.9961, Recall: 0.9902, F1-Score: 0.9925
Fold 2, Epoch 90, Train Loss: 0.3008, Val Loss: 0.2296, Val Acc: 0.9904
Precision: 0.9961, Recall: 0.9905, F1-Score: 0.9928
Fold 2, Epoch 91, Train Loss: 0.2897, Val Loss: 0.2291, Val Acc: 0.9908
Precision: 0.9959, Recall: 0.9902, F1-Score: 0.9925
Fold 2, Epoch 92, Train Loss: 0.3127, Val Loss: 0.2389, Val Acc: 0.9905
Precision: 0.9961, Recall: 0.9901, F1-Score: 0.9925
Fold 2, Epoch 93, Train Loss: 0.3063, Val Loss: 0.2496, Val Acc: 0.9902
Precision: 0.9961, Recall: 0.9903, F1-Score: 0.9926
Fold 2, Epoch 94, Train Loss: 0.3369, Val Loss: 0.2275, Val Acc: 0.9904
Precision: 0.9959, Recall: 0.9899, F1-Score: 0.9923
Fold 2, Epoch 95, Train Loss: 0.3025, Val Loss: 0.2987, Val Acc: 0.9900
Precision: 0.9961, Recall: 0.9904, F1-Score: 0.9927
Fold 2, Epoch 96, Train Loss: 0.3339, Val Loss: 0.2610, Val Acc: 0.9905
Precision: 0.9962, Recall: 0.9903, F1-Score: 0.9927
Fold 2, Epoch 97, Train Loss: 0.3133, Val Loss: 0.2443, Val Acc: 0.9905
Precision: 0.9958, Recall: 0.9837, F1-Score: 0.9890
Fold 2, Epoch 98, Train Loss: 0.2966, Val Loss: 0.2161, Val Acc: 0.9843
Precision: 0.9961, Recall: 0.9901, F1-Score: 0.9925
Fold 2, Epoch 99, Train Loss: 0.2848, Val Loss: 0.2357, Val Acc: 0.9903

--- Epoch 100 ---
--- Epoch 100 ---
--- Epoch 100 ---



--- Epoch 100 ---
Class Weights: [2.1216663e-05 5.7020500e-02 5.4677192e-02 5.5436596e-02 4.9276974e-02
 5.4677192e-02 5.5436596e-02 5.7020500e-02 5.2518882e-02 5.7020500e-02
 5.2518882e-02 5.5436596e-02 5.3938311e-02 5.7020500e-02 6.0476288e-02
 5.8697574e-02 5.3938311e-02 5.7846885e-02 5.7020500e-02]Class Weights: [2.1216663e-05 5.7020500e-02 5.4677192e-02 5.5436596e-02 4.9276974e-02
 5.4677192e-02 5.5436596e-02 5.7020500e-02 5.2518882e-02 5.7020500e-02
 5.2518882e-02 5.5436596e-02 5.3938311e-02 5.7020500e-02 6.0476288e-02
 5.8697574e-02 5.3938311e-02 5.7846885e-02 5.7020500e-02]Class Weights: [2.1216663e-05 5.7020500e-02 5.4677192e-02 5.5436596e-02 4.9276974e-02
 5.4677192e-02 5.5436596e-02 5.7020500e-02 5.2518882e-02 5.7020500e-02
 5.2518882e-02 5.5436596e-02 5.3938311e-02 5.7020500e-02 6.0476288e-02
 5.8697574e-02 5.3938311e-02 5.7846885e-02 5.7020500e-02]Class Weights: [2.1216663e-05 5.7020500e-02 5.4677192e-02 5.5436596e-02 4.9276974e-02
 5.4677192e-02 5.5436596e-02 5.7020500e-02 5.2518882e-02 5.7020500e-02
 5.2518882e-02 5.5436596e-02 5.3938311e-02 5.7020500e-02 6.0476288e-02
 5.8697574e-02 5.3938311e-02 5.7846885e-02 5.7020500e-02]



Learning Rate: 0.005Learning Rate: 0.005
Learning Rate: 0.005Learning Rate: 0.005


Train Loss: 0.3242, Val Loss: 0.2149
Train Loss: 0.3242, Val Loss: 0.2149Train Loss: 0.3242, Val Loss: 0.2149Train Loss: 0.3242, Val Loss: 0.2149


Per-Class Precision: [0.99994852 0.58365759 0.71428571 0.45544554 0.33165829 0.52459016
 0.42508711 0.33603239 0.37142857 0.25       0.17433414 0.10951009
 0.2628866  0.53623188 0.58245614 0.59405941 0.42857143 0.33112583
 0.61965812]
Per-Class Recall: [0.99117874 1.         1.         0.92       0.88       0.85333333
 0.976      0.664      0.78       0.82285714 0.72       0.76
 0.68       0.888      0.94857143 0.8        0.77142857 1.
 0.96666667]
Per-Class F1-Score: [0.99554432 0.73710074 0.83333333 0.60927152 0.48175182 0.64974619
 0.59223301 0.44623656 0.50322581 0.38348868 0.28070175 0.19143577
 0.37918216 0.6686747  0.72173913 0.68181818 0.55102041 0.49751244
 0.75520833]
Support per Class: [293949    150     75    100     75     75    125    125    100    175
    100     50     75    125    175     75    175    100    150]
Weighted Precision: 0.9961, Weighted Recall: 0.9903, Weighted F1-Score: 0.9926
Precision: 0.9961, Recall: 0.9903, F1-Score: 0.9926
Fold 2, Epoch 100, Train Loss: 0.3242, Val Loss: 0.2149, Val Acc: 0.9905
Precision: 0.9959, Recall: 0.9891, F1-Score: 0.9918
Fold 2, Epoch 101, Train Loss: 0.2910, Val Loss: 0.2267, Val Acc: 0.9894
Precision: 0.9962, Recall: 0.9901, F1-Score: 0.9926
Fold 2, Epoch 102, Train Loss: 0.2988, Val Loss: 0.2456, Val Acc: 0.9903
Precision: 0.9961, Recall: 0.9903, F1-Score: 0.9926
Fold 2, Epoch 103, Train Loss: 0.3056, Val Loss: 0.2192, Val Acc: 0.9904
Precision: 0.9960, Recall: 0.9903, F1-Score: 0.9925
Fold 2, Epoch 104, Train Loss: 0.3005, Val Loss: 0.2230, Val Acc: 0.9904
Precision: 0.9961, Recall: 0.9904, F1-Score: 0.9927
Fold 2, Epoch 105, Train Loss: 0.2917, Val Loss: 0.2372, Val Acc: 0.9906
Precision: 0.9961, Recall: 0.9903, F1-Score: 0.9927
Fold 2, Epoch 106, Train Loss: 0.2948, Val Loss: 0.2284, Val Acc: 0.9905
Precision: 0.9961, Recall: 0.9902, F1-Score: 0.9926
Fold 2, Epoch 107, Train Loss: 0.2922, Val Loss: 0.2304, Val Acc: 0.9905
Precision: 0.9961, Recall: 0.9901, F1-Score: 0.9926
Fold 2, Epoch 108, Train Loss: 0.3131, Val Loss: 0.2420, Val Acc: 0.9902
Precision: 0.9959, Recall: 0.9904, F1-Score: 0.9926
Fold 2, Epoch 109, Train Loss: 0.3269, Val Loss: 0.2458, Val Acc: 0.9905

--- Epoch 110 ---
--- Epoch 110 ---
--- Epoch 110 ---



--- Epoch 110 ---
Class Weights: [2.1216663e-05 5.7020500e-02 5.4677192e-02 5.5436596e-02 4.9276974e-02
 5.4677192e-02 5.5436596e-02 5.7020500e-02 5.2518882e-02 5.7020500e-02
 5.2518882e-02 5.5436596e-02 5.3938311e-02 5.7020500e-02 6.0476288e-02
 5.8697574e-02 5.3938311e-02 5.7846885e-02 5.7020500e-02]Class Weights: [2.1216663e-05 5.7020500e-02 5.4677192e-02 5.5436596e-02 4.9276974e-02
 5.4677192e-02 5.5436596e-02 5.7020500e-02 5.2518882e-02 5.7020500e-02
 5.2518882e-02 5.5436596e-02 5.3938311e-02 5.7020500e-02 6.0476288e-02
 5.8697574e-02 5.3938311e-02 5.7846885e-02 5.7020500e-02]Class Weights: [2.1216663e-05 5.7020500e-02 5.4677192e-02 5.5436596e-02 4.9276974e-02
 5.4677192e-02 5.5436596e-02 5.7020500e-02 5.2518882e-02 5.7020500e-02
 5.2518882e-02 5.5436596e-02 5.3938311e-02 5.7020500e-02 6.0476288e-02
 5.8697574e-02 5.3938311e-02 5.7846885e-02 5.7020500e-02]


Learning Rate: 0.005Learning Rate: 0.005
Learning Rate: 0.005

Train Loss: 0.3201, Val Loss: 0.2446Train Loss: 0.3201, Val Loss: 0.2446
Train Loss: 0.3201, Val Loss: 0.2446

Class Weights: [2.1216663e-05 5.7020500e-02 5.4677192e-02 5.5436596e-02 4.9276974e-02
 5.4677192e-02 5.5436596e-02 5.7020500e-02 5.2518882e-02 5.7020500e-02
 5.2518882e-02 5.5436596e-02 5.3938311e-02 5.7020500e-02 6.0476288e-02
 5.8697574e-02 5.3938311e-02 5.7846885e-02 5.7020500e-02]
Learning Rate: 0.005
Train Loss: 0.3201, Val Loss: 0.2446
Per-Class Precision: [0.99994852 0.72277228 0.70093458 0.56050955 0.25454545 0.42857143
 0.58278146 0.23640662 0.32022472 0.25396825 0.20900322 0.1
 0.2459893  0.40213523 0.42696629 0.3        0.40721649 0.46046512
 0.675     ]
Per-Class Recall: [0.99127059 0.97333333 1.         0.88       0.93333333 0.84
 0.704      0.8        0.57       0.82285714 0.65       0.58
 0.61333333 0.904      0.65142857 0.92       0.90285714 0.99
 0.9       ]
Per-Class F1-Score: [0.99559065 0.82954545 0.82417582 0.6848249  0.4        0.56756757
 0.63768116 0.3649635  0.41007194 0.38814016 0.3163017  0.17058824
 0.35114504 0.55665025 0.5158371  0.45245902 0.56127886 0.62857143
 0.77142857]
Support per Class: [293949    150     75    100     75     75    125    125    100    175
    100     50     75    125    175     75    175    100    150]
Weighted Precision: 0.9960, Weighted Recall: 0.9901, Weighted F1-Score: 0.9925
Precision: 0.9960, Recall: 0.9901, F1-Score: 0.9925
Fold 2, Epoch 110, Train Loss: 0.3201, Val Loss: 0.2446, Val Acc: 0.9904
Precision: 0.9962, Recall: 0.9907, F1-Score: 0.9929
Early stopping triggered for Fold 2 at epoch 111
Completed Fold 2
Starting Fold 3
Precision: 0.9961, Recall: 0.9903, F1-Score: 0.9928
Fold 3, Epoch 1, Train Loss: 1.4269, Val Loss: 0.5625, Val Acc: 0.9899
Precision: 0.9960, Recall: 0.9898, F1-Score: 0.9924
Fold 3, Epoch 2, Train Loss: 0.5722, Val Loss: 0.3818, Val Acc: 0.9891
Precision: 0.9963, Recall: 0.9905, F1-Score: 0.9929
Fold 3, Epoch 3, Train Loss: 0.4297, Val Loss: 0.2890, Val Acc: 0.9899
Precision: 0.9963, Recall: 0.9906, F1-Score: 0.9929
Fold 3, Epoch 4, Train Loss: 0.3744, Val Loss: 0.2427, Val Acc: 0.9901
Precision: 0.9963, Recall: 0.9903, F1-Score: 0.9928
Fold 3, Epoch 5, Train Loss: 0.3314, Val Loss: 0.2531, Val Acc: 0.9899
Precision: 0.9963, Recall: 0.9907, F1-Score: 0.9929
Fold 3, Epoch 6, Train Loss: 0.3170, Val Loss: 0.2271, Val Acc: 0.9903
Precision: 0.9962, Recall: 0.9903, F1-Score: 0.9927
Fold 3, Epoch 7, Train Loss: 0.2971, Val Loss: 0.2229, Val Acc: 0.9900
Precision: 0.9963, Recall: 0.9905, F1-Score: 0.9928
Fold 3, Epoch 8, Train Loss: 0.2928, Val Loss: 0.1996, Val Acc: 0.9902
Precision: 0.9963, Recall: 0.9905, F1-Score: 0.9929
Fold 3, Epoch 9, Train Loss: 0.3032, Val Loss: 0.2337, Val Acc: 0.9903

--- Epoch 10 ---
--- Epoch 10 ---
--- Epoch 10 ---



--- Epoch 10 ---
Class Weights: [2.1200665e-05 5.2479278e-02 5.4635961e-02 5.3897634e-02 6.0430683e-02
 5.5394791e-02 5.9528731e-02 5.7803262e-02 5.0486393e-02 5.1797729e-02
 5.5394791e-02 5.7803262e-02 6.0430683e-02 5.3897634e-02 5.3179000e-02
 5.9528731e-02 5.4635961e-02 5.2479278e-02 5.6175001e-02]Class Weights: [2.1200665e-05 5.2479278e-02 5.4635961e-02 5.3897634e-02 6.0430683e-02
 5.5394791e-02 5.9528731e-02 5.7803262e-02 5.0486393e-02 5.1797729e-02
 5.5394791e-02 5.7803262e-02 6.0430683e-02 5.3897634e-02 5.3179000e-02
 5.9528731e-02 5.4635961e-02 5.2479278e-02 5.6175001e-02]Class Weights: [2.1200665e-05 5.2479278e-02 5.4635961e-02 5.3897634e-02 6.0430683e-02
 5.5394791e-02 5.9528731e-02 5.7803262e-02 5.0486393e-02 5.1797729e-02
 5.5394791e-02 5.7803262e-02 6.0430683e-02 5.3897634e-02 5.3179000e-02
 5.9528731e-02 5.4635961e-02 5.2479278e-02 5.6175001e-02]

Class Weights: [2.1200665e-05 5.2479278e-02 5.4635961e-02 5.3897634e-02 6.0430683e-02
 5.5394791e-02 5.9528731e-02 5.7803262e-02 5.0486393e-02 5.1797729e-02
 5.5394791e-02 5.7803262e-02 6.0430683e-02 5.3897634e-02 5.3179000e-02
 5.9528731e-02 5.4635961e-02 5.2479278e-02 5.6175001e-02]
Learning Rate: 0.005
Learning Rate: 0.005
Learning Rate: 0.005
Learning Rate: 0.005

Train Loss: 0.3048, Val Loss: 0.2614
Train Loss: 0.3048, Val Loss: 0.2614
Train Loss: 0.3048, Val Loss: 0.2614Train Loss: 0.3048, Val Loss: 0.2614

Per-Class Precision: [0.99993085 0.69148936 0.77720207 0.47619048 0.03737958 0.7044335
 0.61797753 0.35820896 0.13186813 0.13333333 0.15372168 0.13756614
 0.396      0.37037037 0.46733668 0.61852861 0.37982196 0.51020408
 0.68306011]
Per-Class Recall: [0.98386795 0.86666667 1.         1.         0.97       0.95333333
 0.88       0.576      0.72       1.         0.95       0.52
 0.66       0.66666667 0.744      0.908      0.85333333 1.
 1.        ]
Per-Class F1-Score: [0.99183437 0.76923077 0.87463557 0.64516129 0.07198516 0.8101983
 0.72607261 0.44171779 0.22291022 0.23529412 0.26462396 0.21757322
 0.495      0.47619048 0.57407407 0.73581848 0.52566735 0.67567568
 0.81168831]
Support per Class: [293949     75    150    100    100    150    125    125     50     50
    100     50    150     75    125    250    150     75    125]
Weighted Precision: 0.9963, Weighted Recall: 0.9830, Weighted F1-Score: 0.9891
Precision: 0.9963, Recall: 0.9830, F1-Score: 0.9891
Fold 3, Epoch 10, Train Loss: 0.3048, Val Loss: 0.2614, Val Acc: 0.9774
Precision: 0.9965, Recall: 0.9907, F1-Score: 0.9931
Fold 3, Epoch 11, Train Loss: 0.3130, Val Loss: 0.2305, Val Acc: 0.9902
Precision: 0.9963, Recall: 0.9837, F1-Score: 0.9893
Fold 3, Epoch 12, Train Loss: 0.3224, Val Loss: 0.2133, Val Acc: 0.9778
Precision: 0.9963, Recall: 0.9908, F1-Score: 0.9930
Fold 3, Epoch 13, Train Loss: 0.3082, Val Loss: 0.2053, Val Acc: 0.9904
Precision: 0.9963, Recall: 0.9908, F1-Score: 0.9930
Fold 3, Epoch 14, Train Loss: 0.2890, Val Loss: 0.2239, Val Acc: 0.9903
Precision: 0.9964, Recall: 0.9907, F1-Score: 0.9930
Fold 3, Epoch 15, Train Loss: 0.3183, Val Loss: 0.2021, Val Acc: 0.9903
Precision: 0.9962, Recall: 0.9907, F1-Score: 0.9929
Fold 3, Epoch 16, Train Loss: 0.3313, Val Loss: 0.2343, Val Acc: 0.9902
Precision: 0.9964, Recall: 0.9907, F1-Score: 0.9931
Fold 3, Epoch 17, Train Loss: 0.3095, Val Loss: 0.2290, Val Acc: 0.9903
Precision: 0.9964, Recall: 0.9907, F1-Score: 0.9930
Fold 3, Epoch 18, Train Loss: 0.3160, Val Loss: 0.2096, Val Acc: 0.9904
Precision: 0.9964, Recall: 0.9908, F1-Score: 0.9930
Fold 3, Epoch 19, Train Loss: 0.2878, Val Loss: 0.2162, Val Acc: 0.9902

--- Epoch 20 ---
--- Epoch 20 ---
--- Epoch 20 ---



--- Epoch 20 ---
Class Weights: [2.1200665e-05 5.2479278e-02 5.4635961e-02 5.3897634e-02 6.0430683e-02
 5.5394791e-02 5.9528731e-02 5.7803262e-02 5.0486393e-02 5.1797729e-02
 5.5394791e-02 5.7803262e-02 6.0430683e-02 5.3897634e-02 5.3179000e-02
 5.9528731e-02 5.4635961e-02 5.2479278e-02 5.6175001e-02]Class Weights: [2.1200665e-05 5.2479278e-02 5.4635961e-02 5.3897634e-02 6.0430683e-02
 5.5394791e-02 5.9528731e-02 5.7803262e-02 5.0486393e-02 5.1797729e-02
 5.5394791e-02 5.7803262e-02 6.0430683e-02 5.3897634e-02 5.3179000e-02
 5.9528731e-02 5.4635961e-02 5.2479278e-02 5.6175001e-02]Class Weights: [2.1200665e-05 5.2479278e-02 5.4635961e-02 5.3897634e-02 6.0430683e-02
 5.5394791e-02 5.9528731e-02 5.7803262e-02 5.0486393e-02 5.1797729e-02
 5.5394791e-02 5.7803262e-02 6.0430683e-02 5.3897634e-02 5.3179000e-02
 5.9528731e-02 5.4635961e-02 5.2479278e-02 5.6175001e-02]Class Weights: [2.1200665e-05 5.2479278e-02 5.4635961e-02 5.3897634e-02 6.0430683e-02
 5.5394791e-02 5.9528731e-02 5.7803262e-02 5.0486393e-02 5.1797729e-02
 5.5394791e-02 5.7803262e-02 6.0430683e-02 5.3897634e-02 5.3179000e-02
 5.9528731e-02 5.4635961e-02 5.2479278e-02 5.6175001e-02]



Learning Rate: 0.005Learning Rate: 0.005Learning Rate: 0.005
Learning Rate: 0.005


Train Loss: 0.2969, Val Loss: 0.2219Train Loss: 0.2969, Val Loss: 0.2219
Train Loss: 0.2969, Val Loss: 0.2219
Train Loss: 0.2969, Val Loss: 0.2219

Per-Class Precision: [0.99993138 0.62264151 0.78534031 0.41493776 0.42857143 0.72727273
 0.41666667 0.24817518 0.24137931 0.14084507 0.18201754 0.12244898
 0.41090909 0.25726141 0.38214286 0.65016502 0.43944637 0.47435897
 0.68508287]
Per-Class Recall: [0.99150193 0.88       1.         1.         0.81       0.90666667
 0.84       0.816      0.7        1.         0.83       0.6
 0.75333333 0.82666667 0.856      0.788      0.84666667 0.98666667
 0.992     ]
Per-Class F1-Score: [0.99569881 0.72928177 0.8797654  0.58651026 0.56055363 0.80712166
 0.55702918 0.38059701 0.35897436 0.24691358 0.29856115 0.20338983
 0.53176471 0.39240506 0.52839506 0.7124774  0.5785877  0.64069264
 0.81045752]
Support per Class: [293949     75    150    100    100    150    125    125     50     50
    100     50    150     75    125    250    150     75    125]
Weighted Precision: 0.9963, Weighted Recall: 0.9906, Weighted F1-Score: 0.9929
Precision: 0.9963, Recall: 0.9906, F1-Score: 0.9929
Fold 3, Epoch 20, Train Loss: 0.2969, Val Loss: 0.2219, Val Acc: 0.9903
Precision: 0.9963, Recall: 0.9906, F1-Score: 0.9929
Fold 3, Epoch 21, Train Loss: 0.2950, Val Loss: 0.2201, Val Acc: 0.9902
Precision: 0.9964, Recall: 0.9907, F1-Score: 0.9930
Fold 3, Epoch 22, Train Loss: 0.2795, Val Loss: 0.2319, Val Acc: 0.9903
Precision: 0.9963, Recall: 0.9905, F1-Score: 0.9929
Fold 3, Epoch 23, Train Loss: 0.3103, Val Loss: 0.2515, Val Acc: 0.9901
Precision: 0.9961, Recall: 0.9904, F1-Score: 0.9927
Fold 3, Epoch 24, Train Loss: 0.3191, Val Loss: 0.2339, Val Acc: 0.9901
Precision: 0.9964, Recall: 0.9907, F1-Score: 0.9930
Fold 3, Epoch 25, Train Loss: 0.2951, Val Loss: 0.2467, Val Acc: 0.9902
Precision: 0.9964, Recall: 0.9906, F1-Score: 0.9930
Fold 3, Epoch 26, Train Loss: 0.3197, Val Loss: 0.2303, Val Acc: 0.9902
Precision: 0.9961, Recall: 0.9904, F1-Score: 0.9926
Fold 3, Epoch 27, Train Loss: 0.3169, Val Loss: 0.2164, Val Acc: 0.9900
Precision: 0.9963, Recall: 0.9905, F1-Score: 0.9928
Fold 3, Epoch 28, Train Loss: 0.3019, Val Loss: 0.2302, Val Acc: 0.9899
Precision: 0.9960, Recall: 0.9904, F1-Score: 0.9927
Fold 3, Epoch 29, Train Loss: 0.3037, Val Loss: 0.2310, Val Acc: 0.9901

--- Epoch 30 ---
--- Epoch 30 ---

--- Epoch 30 ---


--- Epoch 30 ---
Class Weights: [2.1200665e-05 5.2479278e-02 5.4635961e-02 5.3897634e-02 6.0430683e-02
 5.5394791e-02 5.9528731e-02 5.7803262e-02 5.0486393e-02 5.1797729e-02
 5.5394791e-02 5.7803262e-02 6.0430683e-02 5.3897634e-02 5.3179000e-02
 5.9528731e-02 5.4635961e-02 5.2479278e-02 5.6175001e-02]Class Weights: [2.1200665e-05 5.2479278e-02 5.4635961e-02 5.3897634e-02 6.0430683e-02
 5.5394791e-02 5.9528731e-02 5.7803262e-02 5.0486393e-02 5.1797729e-02
 5.5394791e-02 5.7803262e-02 6.0430683e-02 5.3897634e-02 5.3179000e-02
 5.9528731e-02 5.4635961e-02 5.2479278e-02 5.6175001e-02]Class Weights: [2.1200665e-05 5.2479278e-02 5.4635961e-02 5.3897634e-02 6.0430683e-02
 5.5394791e-02 5.9528731e-02 5.7803262e-02 5.0486393e-02 5.1797729e-02
 5.5394791e-02 5.7803262e-02 6.0430683e-02 5.3897634e-02 5.3179000e-02
 5.9528731e-02 5.4635961e-02 5.2479278e-02 5.6175001e-02]


Class Weights: [2.1200665e-05 5.2479278e-02 5.4635961e-02 5.3897634e-02 6.0430683e-02
 5.5394791e-02 5.9528731e-02 5.7803262e-02 5.0486393e-02 5.1797729e-02
 5.5394791e-02 5.7803262e-02 6.0430683e-02 5.3897634e-02 5.3179000e-02
 5.9528731e-02 5.4635961e-02 5.2479278e-02 5.6175001e-02]Learning Rate: 0.005Learning Rate: 0.005Learning Rate: 0.005



Learning Rate: 0.005
Train Loss: 0.3106, Val Loss: 0.2161Train Loss: 0.3106, Val Loss: 0.2161Train Loss: 0.3106, Val Loss: 0.2161
Train Loss: 0.3106, Val Loss: 0.2161


Per-Class Precision: [0.99993138 0.66666667 0.68807339 0.51282051 0.36144578 0.68656716
 0.31754875 0.32994924 0.13978495 0.12720848 0.21393035 0.12962963
 0.31566265 0.44954128 0.39849624 0.67365269 0.368      0.50340136
 0.73964497]
Per-Class Recall: [0.99148832 0.82666667 1.         1.         0.9        0.92
 0.912      0.52       0.78       0.72       0.86       0.56
 0.87333333 0.65333333 0.848      0.9        0.92       0.98666667
 1.        ]
Per-Class F1-Score: [0.99569195 0.73809524 0.81521739 0.6779661  0.51575931 0.78632479
 0.47107438 0.40372671 0.23708207 0.21621622 0.34262948 0.21052632
 0.46371681 0.5326087  0.54219949 0.77054795 0.52571429 0.66666667
 0.85034014]
Support per Class: [293949     75    150    100    100    150    125    125     50     50
    100     50    150     75    125    250    150     75    125]
Weighted Precision: 0.9963, Weighted Recall: 0.9906, Weighted F1-Score: 0.9929
Precision: 0.9963, Recall: 0.9906, F1-Score: 0.9929
Fold 3, Epoch 30, Train Loss: 0.3106, Val Loss: 0.2161, Val Acc: 0.9902
Precision: 0.9963, Recall: 0.9907, F1-Score: 0.9930
Fold 3, Epoch 31, Train Loss: 0.2984, Val Loss: 0.2189, Val Acc: 0.9902
Precision: 0.9964, Recall: 0.9910, F1-Score: 0.9932
Fold 3, Epoch 32, Train Loss: 0.3058, Val Loss: 0.2097, Val Acc: 0.9906
Precision: 0.9963, Recall: 0.9906, F1-Score: 0.9929
Fold 3, Epoch 33, Train Loss: 0.2812, Val Loss: 0.2320, Val Acc: 0.9902
Precision: 0.9962, Recall: 0.9907, F1-Score: 0.9929
Fold 3, Epoch 34, Train Loss: 0.2936, Val Loss: 0.2256, Val Acc: 0.9902
Precision: 0.9963, Recall: 0.9907, F1-Score: 0.9930
Fold 3, Epoch 35, Train Loss: 0.3093, Val Loss: 0.2188, Val Acc: 0.9902
Precision: 0.9962, Recall: 0.9904, F1-Score: 0.9927
Fold 3, Epoch 36, Train Loss: 0.2970, Val Loss: 0.2123, Val Acc: 0.9902
Precision: 0.9963, Recall: 0.9906, F1-Score: 0.9929
Fold 3, Epoch 37, Train Loss: 0.2914, Val Loss: 0.2206, Val Acc: 0.9902
Precision: 0.9963, Recall: 0.9909, F1-Score: 0.9931
Fold 3, Epoch 38, Train Loss: 0.2866, Val Loss: 0.2015, Val Acc: 0.9904
Precision: 0.9963, Recall: 0.9908, F1-Score: 0.9930
Fold 3, Epoch 39, Train Loss: 0.3012, Val Loss: 0.2181, Val Acc: 0.9904

--- Epoch 40 ---
--- Epoch 40 ---
--- Epoch 40 ---



--- Epoch 40 ---
Class Weights: [2.1200665e-05 5.2479278e-02 5.4635961e-02 5.3897634e-02 6.0430683e-02
 5.5394791e-02 5.9528731e-02 5.7803262e-02 5.0486393e-02 5.1797729e-02
 5.5394791e-02 5.7803262e-02 6.0430683e-02 5.3897634e-02 5.3179000e-02
 5.9528731e-02 5.4635961e-02 5.2479278e-02 5.6175001e-02]Class Weights: [2.1200665e-05 5.2479278e-02 5.4635961e-02 5.3897634e-02 6.0430683e-02
 5.5394791e-02 5.9528731e-02 5.7803262e-02 5.0486393e-02 5.1797729e-02
 5.5394791e-02 5.7803262e-02 6.0430683e-02 5.3897634e-02 5.3179000e-02
 5.9528731e-02 5.4635961e-02 5.2479278e-02 5.6175001e-02]Class Weights: [2.1200665e-05 5.2479278e-02 5.4635961e-02 5.3897634e-02 6.0430683e-02
 5.5394791e-02 5.9528731e-02 5.7803262e-02 5.0486393e-02 5.1797729e-02
 5.5394791e-02 5.7803262e-02 6.0430683e-02 5.3897634e-02 5.3179000e-02
 5.9528731e-02 5.4635961e-02 5.2479278e-02 5.6175001e-02]

Class Weights: [2.1200665e-05 5.2479278e-02 5.4635961e-02 5.3897634e-02 6.0430683e-02
 5.5394791e-02 5.9528731e-02 5.7803262e-02 5.0486393e-02 5.1797729e-02
 5.5394791e-02 5.7803262e-02 6.0430683e-02 5.3897634e-02 5.3179000e-02
 5.9528731e-02 5.4635961e-02 5.2479278e-02 5.6175001e-02]Learning Rate: 0.005
Learning Rate: 0.005


Learning Rate: 0.005Learning Rate: 0.005

Train Loss: 0.3278, Val Loss: 0.2143Train Loss: 0.3278, Val Loss: 0.2143

Train Loss: 0.3278, Val Loss: 0.2143Train Loss: 0.3278, Val Loss: 0.2143

Per-Class Precision: [0.99993137 0.528      0.79679144 0.4        0.38709677 0.75132275
 0.64539007 0.22075055 0.12543554 0.14814815 0.25867508 0.09230769
 0.30769231 0.36290323 0.39393939 0.65349544 0.4368932  0.5034965
 0.6127451 ]
Per-Class Recall: [0.99125358 0.88       0.99333333 1.         0.84       0.94666667
 0.728      0.8        0.72       0.8        0.82       0.72
 0.77333333 0.6        0.832      0.86       0.9        0.96
 1.        ]
Per-Class F1-Score: [0.99557357 0.66       0.884273   0.57142857 0.52996845 0.83775811
 0.68421053 0.34602076 0.21364985 0.25       0.39328537 0.16363636
 0.4402277  0.45226131 0.53470437 0.74265976 0.58823529 0.66055046
 0.75987842]
Support per Class: [293949     75    150    100    100    150    125    125     50     50
    100     50    150     75    125    250    150     75    125]
Weighted Precision: 0.9964, Weighted Recall: 0.9903, Weighted F1-Score: 0.9928
Precision: 0.9964, Recall: 0.9903, F1-Score: 0.9928
Fold 3, Epoch 40, Train Loss: 0.3278, Val Loss: 0.2143, Val Acc: 0.9899
Precision: 0.9961, Recall: 0.9905, F1-Score: 0.9928
Fold 3, Epoch 41, Train Loss: 0.3144, Val Loss: 0.2579, Val Acc: 0.9900
Precision: 0.9962, Recall: 0.9906, F1-Score: 0.9929
Fold 3, Epoch 42, Train Loss: 0.3050, Val Loss: 0.2264, Val Acc: 0.9902
Precision: 0.9964, Recall: 0.9909, F1-Score: 0.9931
Fold 3, Epoch 43, Train Loss: 0.2959, Val Loss: 0.2213, Val Acc: 0.9905
Precision: 0.9962, Recall: 0.9907, F1-Score: 0.9929
Fold 3, Epoch 44, Train Loss: 0.3033, Val Loss: 0.2165, Val Acc: 0.9903
Precision: 0.9962, Recall: 0.9905, F1-Score: 0.9928
Fold 3, Epoch 45, Train Loss: 0.2906, Val Loss: 0.2166, Val Acc: 0.9901
Precision: 0.9962, Recall: 0.9905, F1-Score: 0.9928
Fold 3, Epoch 46, Train Loss: 0.2966, Val Loss: 0.2407, Val Acc: 0.9901
Precision: 0.9963, Recall: 0.9908, F1-Score: 0.9930
Fold 3, Epoch 47, Train Loss: 0.3124, Val Loss: 0.2197, Val Acc: 0.9903
Precision: 0.9963, Recall: 0.9908, F1-Score: 0.9930
Fold 3, Epoch 48, Train Loss: 0.3052, Val Loss: 0.2111, Val Acc: 0.9904
Precision: 0.9963, Recall: 0.9907, F1-Score: 0.9930
Fold 3, Epoch 49, Train Loss: 0.2886, Val Loss: 0.2105, Val Acc: 0.9904

--- Epoch 50 ---
--- Epoch 50 ---

--- Epoch 50 ---


--- Epoch 50 ---
Class Weights: [2.1200665e-05 5.2479278e-02 5.4635961e-02 5.3897634e-02 6.0430683e-02
 5.5394791e-02 5.9528731e-02 5.7803262e-02 5.0486393e-02 5.1797729e-02
 5.5394791e-02 5.7803262e-02 6.0430683e-02 5.3897634e-02 5.3179000e-02
 5.9528731e-02 5.4635961e-02 5.2479278e-02 5.6175001e-02]Class Weights: [2.1200665e-05 5.2479278e-02 5.4635961e-02 5.3897634e-02 6.0430683e-02
 5.5394791e-02 5.9528731e-02 5.7803262e-02 5.0486393e-02 5.1797729e-02
 5.5394791e-02 5.7803262e-02 6.0430683e-02 5.3897634e-02 5.3179000e-02
 5.9528731e-02 5.4635961e-02 5.2479278e-02 5.6175001e-02]Class Weights: [2.1200665e-05 5.2479278e-02 5.4635961e-02 5.3897634e-02 6.0430683e-02
 5.5394791e-02 5.9528731e-02 5.7803262e-02 5.0486393e-02 5.1797729e-02
 5.5394791e-02 5.7803262e-02 6.0430683e-02 5.3897634e-02 5.3179000e-02
 5.9528731e-02 5.4635961e-02 5.2479278e-02 5.6175001e-02]
Class Weights: [2.1200665e-05 5.2479278e-02 5.4635961e-02 5.3897634e-02 6.0430683e-02
 5.5394791e-02 5.9528731e-02 5.7803262e-02 5.0486393e-02 5.1797729e-02
 5.5394791e-02 5.7803262e-02 6.0430683e-02 5.3897634e-02 5.3179000e-02
 5.9528731e-02 5.4635961e-02 5.2479278e-02 5.6175001e-02]

Learning Rate: 0.005

Learning Rate: 0.005Learning Rate: 0.005
Learning Rate: 0.005

Train Loss: 0.3099, Val Loss: 0.2170
Train Loss: 0.3099, Val Loss: 0.2170Train Loss: 0.3099, Val Loss: 0.2170Train Loss: 0.3099, Val Loss: 0.2170


Per-Class Precision: [0.99993138 0.57657658 0.75376884 0.35087719 0.41538462 0.73714286
 0.56770833 0.24864865 0.15662651 0.12871287 0.16981132 0.12987013
 0.41697417 0.42519685 0.46601942 0.64772727 0.39481268 0.41714286
 0.70224719]
Per-Class Recall: [0.99144409 0.85333333 1.         1.         0.81       0.86
 0.872      0.736      0.78       0.78       0.81       0.8
 0.75333333 0.72       0.768      0.912      0.91333333 0.97333333
 1.        ]
Per-Class F1-Score: [0.99566965 0.68817204 0.85959885 0.51948052 0.54915254 0.79384615
 0.68769716 0.37171717 0.26086957 0.22096317 0.28076256 0.22346369
 0.5368171  0.53465347 0.58006042 0.75747508 0.55130785 0.584
 0.82508251]
Support per Class: [293949     75    150    100    100    150    125    125     50     50
    100     50    150     75    125    250    150     75    125]
Weighted Precision: 0.9964, Weighted Recall: 0.9906, Weighted F1-Score: 0.9930
Precision: 0.9964, Recall: 0.9906, F1-Score: 0.9930
Fold 3, Epoch 50, Train Loss: 0.3099, Val Loss: 0.2170, Val Acc: 0.9903
Precision: 0.9962, Recall: 0.9905, F1-Score: 0.9928
Fold 3, Epoch 51, Train Loss: 0.3059, Val Loss: 0.2234, Val Acc: 0.9902
Precision: 0.9962, Recall: 0.9903, F1-Score: 0.9927
Fold 3, Epoch 52, Train Loss: 0.3033, Val Loss: 0.2454, Val Acc: 0.9898
Precision: 0.9963, Recall: 0.9907, F1-Score: 0.9930
Fold 3, Epoch 53, Train Loss: 0.2977, Val Loss: 0.2068, Val Acc: 0.9902
Precision: 0.9964, Recall: 0.9906, F1-Score: 0.9930
Fold 3, Epoch 54, Train Loss: 0.2718, Val Loss: 0.2194, Val Acc: 0.9901
Precision: 0.9963, Recall: 0.9907, F1-Score: 0.9930
Fold 3, Epoch 55, Train Loss: 0.3055, Val Loss: 0.2173, Val Acc: 0.9903
Precision: 0.9963, Recall: 0.9907, F1-Score: 0.9930
Fold 3, Epoch 56, Train Loss: 0.2825, Val Loss: 0.2210, Val Acc: 0.9902
Precision: 0.9963, Recall: 0.9906, F1-Score: 0.9929
Fold 3, Epoch 57, Train Loss: 0.2971, Val Loss: 0.2181, Val Acc: 0.9901
Precision: 0.9961, Recall: 0.9655, F1-Score: 0.9799
Fold 3, Epoch 58, Train Loss: 0.3015, Val Loss: 0.2347, Val Acc: 0.9595
Precision: 0.9963, Recall: 0.9905, F1-Score: 0.9929
Fold 3, Epoch 59, Train Loss: 0.3101, Val Loss: 0.2994, Val Acc: 0.9901

--- Epoch 60 ---
--- Epoch 60 ---
--- Epoch 60 ---



--- Epoch 60 ---
Class Weights: [2.1200665e-05 5.2479278e-02 5.4635961e-02 5.3897634e-02 6.0430683e-02
 5.5394791e-02 5.9528731e-02 5.7803262e-02 5.0486393e-02 5.1797729e-02
 5.5394791e-02 5.7803262e-02 6.0430683e-02 5.3897634e-02 5.3179000e-02
 5.9528731e-02 5.4635961e-02 5.2479278e-02 5.6175001e-02]Class Weights: [2.1200665e-05 5.2479278e-02 5.4635961e-02 5.3897634e-02 6.0430683e-02
 5.5394791e-02 5.9528731e-02 5.7803262e-02 5.0486393e-02 5.1797729e-02
 5.5394791e-02 5.7803262e-02 6.0430683e-02 5.3897634e-02 5.3179000e-02
 5.9528731e-02 5.4635961e-02 5.2479278e-02 5.6175001e-02]Class Weights: [2.1200665e-05 5.2479278e-02 5.4635961e-02 5.3897634e-02 6.0430683e-02
 5.5394791e-02 5.9528731e-02 5.7803262e-02 5.0486393e-02 5.1797729e-02
 5.5394791e-02 5.7803262e-02 6.0430683e-02 5.3897634e-02 5.3179000e-02
 5.9528731e-02 5.4635961e-02 5.2479278e-02 5.6175001e-02]
Class Weights: [2.1200665e-05 5.2479278e-02 5.4635961e-02 5.3897634e-02 6.0430683e-02
 5.5394791e-02 5.9528731e-02 5.7803262e-02 5.0486393e-02 5.1797729e-02
 5.5394791e-02 5.7803262e-02 6.0430683e-02 5.3897634e-02 5.3179000e-02
 5.9528731e-02 5.4635961e-02 5.2479278e-02 5.6175001e-02]

Learning Rate: 0.005

Learning Rate: 0.005Learning Rate: 0.005Learning Rate: 0.005


Train Loss: 0.3090, Val Loss: 0.2533
Train Loss: 0.3090, Val Loss: 0.2533Train Loss: 0.3090, Val Loss: 0.2533Train Loss: 0.3090, Val Loss: 0.2533


Per-Class Precision: [0.99993137 0.59649123 0.77720207 0.44748858 0.31884058 0.72864322
 0.57692308 0.26984127 0.10232558 0.11316397 0.18162839 0.09246575
 0.38235294 0.37692308 0.41949153 0.62666667 0.39882698 0.40106952
 0.69060773]
Per-Class Recall: [0.99136925 0.90666667 1.         0.98       0.88       0.96666667
 0.84       0.544      0.44       0.98       0.87       0.54
 0.60666667 0.65333333 0.792      0.94       0.90666667 1.
 1.        ]
Per-Class F1-Score: [0.9956319  0.71957672 0.87463557 0.61442006 0.46808511 0.83094556
 0.68403909 0.36074271 0.16603774 0.20289855 0.30051813 0.15789474
 0.46907216 0.47804878 0.54847645 0.752      0.55397149 0.57251908
 0.81699346]
Support per Class: [293949     75    150    100    100    150    125    125     50     50
    100     50    150     75    125    250    150     75    125]
Weighted Precision: 0.9963, Weighted Recall: 0.9904, Weighted F1-Score: 0.9929
Precision: 0.9963, Recall: 0.9904, F1-Score: 0.9929
Fold 3, Epoch 60, Train Loss: 0.3090, Val Loss: 0.2533, Val Acc: 0.9900
Precision: 0.9962, Recall: 0.9904, F1-Score: 0.9928
Fold 3, Epoch 61, Train Loss: 0.3002, Val Loss: 0.2411, Val Acc: 0.9900
Precision: 0.9963, Recall: 0.9906, F1-Score: 0.9929
Fold 3, Epoch 62, Train Loss: 0.3194, Val Loss: 0.2387, Val Acc: 0.9901
Precision: 0.9963, Recall: 0.9907, F1-Score: 0.9930
Fold 3, Epoch 63, Train Loss: 0.2815, Val Loss: 0.2247, Val Acc: 0.9905
Precision: 0.9962, Recall: 0.9904, F1-Score: 0.9928
Fold 3, Epoch 64, Train Loss: 0.2853, Val Loss: 0.2135, Val Acc: 0.9901
Precision: 0.9963, Recall: 0.9907, F1-Score: 0.9929
Fold 3, Epoch 65, Train Loss: 0.2975, Val Loss: 0.2150, Val Acc: 0.9903
Precision: 0.9965, Recall: 0.9905, F1-Score: 0.9930
Fold 3, Epoch 66, Train Loss: 0.2870, Val Loss: 0.2420, Val Acc: 0.9901
Precision: 0.9963, Recall: 0.9907, F1-Score: 0.9930
Fold 3, Epoch 67, Train Loss: 0.3037, Val Loss: 0.2394, Val Acc: 0.9903
Precision: 0.9964, Recall: 0.9906, F1-Score: 0.9930
Fold 3, Epoch 68, Train Loss: 0.2996, Val Loss: 0.2486, Val Acc: 0.9901
Precision: 0.9963, Recall: 0.9910, F1-Score: 0.9931
Fold 3, Epoch 69, Train Loss: 0.3094, Val Loss: 0.2125, Val Acc: 0.9907

--- Epoch 70 ---
--- Epoch 70 ---

--- Epoch 70 ---


--- Epoch 70 ---
Class Weights: [2.1200665e-05 5.2479278e-02 5.4635961e-02 5.3897634e-02 6.0430683e-02
 5.5394791e-02 5.9528731e-02 5.7803262e-02 5.0486393e-02 5.1797729e-02
 5.5394791e-02 5.7803262e-02 6.0430683e-02 5.3897634e-02 5.3179000e-02
 5.9528731e-02 5.4635961e-02 5.2479278e-02 5.6175001e-02]Class Weights: [2.1200665e-05 5.2479278e-02 5.4635961e-02 5.3897634e-02 6.0430683e-02
 5.5394791e-02 5.9528731e-02 5.7803262e-02 5.0486393e-02 5.1797729e-02
 5.5394791e-02 5.7803262e-02 6.0430683e-02 5.3897634e-02 5.3179000e-02
 5.9528731e-02 5.4635961e-02 5.2479278e-02 5.6175001e-02]
Class Weights: [2.1200665e-05 5.2479278e-02 5.4635961e-02 5.3897634e-02 6.0430683e-02
 5.5394791e-02 5.9528731e-02 5.7803262e-02 5.0486393e-02 5.1797729e-02
 5.5394791e-02 5.7803262e-02 6.0430683e-02 5.3897634e-02 5.3179000e-02
 5.9528731e-02 5.4635961e-02 5.2479278e-02 5.6175001e-02]
Learning Rate: 0.005

Learning Rate: 0.005
Learning Rate: 0.005
Train Loss: 0.2855, Val Loss: 0.2307Train Loss: 0.2855, Val Loss: 0.2307
Train Loss: 0.2855, Val Loss: 0.2307

Class Weights: [2.1200665e-05 5.2479278e-02 5.4635961e-02 5.3897634e-02 6.0430683e-02
 5.5394791e-02 5.9528731e-02 5.7803262e-02 5.0486393e-02 5.1797729e-02
 5.5394791e-02 5.7803262e-02 6.0430683e-02 5.3897634e-02 5.3179000e-02
 5.9528731e-02 5.4635961e-02 5.2479278e-02 5.6175001e-02]
Learning Rate: 0.005
Train Loss: 0.2855, Val Loss: 0.2307
Per-Class Precision: [0.99993822 0.53543307 0.75376884 0.40322581 0.33898305 0.72486772
 0.51295337 0.25852273 0.18243243 0.12562814 0.18860511 0.20261438
 0.29479769 0.30810811 0.32248521 0.65538462 0.39762611 0.41573034
 0.69832402]
Per-Class Recall: [0.99104266 0.90666667 1.         1.         0.8        0.91333333
 0.792      0.728      0.54       1.         0.96       0.62
 0.68       0.76       0.872      0.852      0.89333333 0.98666667
 1.        ]
Per-Class F1-Score: [0.99547057 0.67326733 0.85959885 0.57471264 0.47619048 0.80825959
 0.62264151 0.38155136 0.27272727 0.22321429 0.31527094 0.30541872
 0.41129032 0.43846154 0.47084233 0.74086957 0.55030801 0.58498024
 0.82236842]
Support per Class: [293949     75    150    100    100    150    125    125     50     50
    100     50    150     75    125    250    150     75    125]
Weighted Precision: 0.9962, Weighted Recall: 0.9902, Weighted F1-Score: 0.9926
Precision: 0.9962, Recall: 0.9902, F1-Score: 0.9926
Fold 3, Epoch 70, Train Loss: 0.2855, Val Loss: 0.2307, Val Acc: 0.9894
Precision: 0.9962, Recall: 0.9906, F1-Score: 0.9928
Fold 3, Epoch 71, Train Loss: 0.2917, Val Loss: 0.2269, Val Acc: 0.9903
Precision: 0.9962, Recall: 0.9901, F1-Score: 0.9926
Fold 3, Epoch 72, Train Loss: 0.3086, Val Loss: 0.2156, Val Acc: 0.9896
Precision: 0.9961, Recall: 0.9905, F1-Score: 0.9928
Fold 3, Epoch 73, Train Loss: 0.3163, Val Loss: 0.2339, Val Acc: 0.9901
Precision: 0.9964, Recall: 0.9906, F1-Score: 0.9930
Fold 3, Epoch 74, Train Loss: 0.3031, Val Loss: 0.2621, Val Acc: 0.9903
Precision: 0.9962, Recall: 0.9906, F1-Score: 0.9929
Fold 3, Epoch 75, Train Loss: 0.2920, Val Loss: 0.2488, Val Acc: 0.9902
Precision: 0.9962, Recall: 0.9906, F1-Score: 0.9929
Fold 3, Epoch 76, Train Loss: 0.2955, Val Loss: 0.2487, Val Acc: 0.9901
Precision: 0.9963, Recall: 0.9905, F1-Score: 0.9928
Fold 3, Epoch 77, Train Loss: 0.3165, Val Loss: 0.2383, Val Acc: 0.9900
Precision: 0.9964, Recall: 0.9908, F1-Score: 0.9931
Fold 3, Epoch 78, Train Loss: 0.3014, Val Loss: 0.2326, Val Acc: 0.9904
Precision: 0.9963, Recall: 0.9908, F1-Score: 0.9930
Fold 3, Epoch 79, Train Loss: 0.2993, Val Loss: 0.2195, Val Acc: 0.9904

--- Epoch 80 ---

--- Epoch 80 ---
--- Epoch 80 ---


--- Epoch 80 ---
Class Weights: [2.1200665e-05 5.2479278e-02 5.4635961e-02 5.3897634e-02 6.0430683e-02
 5.5394791e-02 5.9528731e-02 5.7803262e-02 5.0486393e-02 5.1797729e-02
 5.5394791e-02 5.7803262e-02 6.0430683e-02 5.3897634e-02 5.3179000e-02
 5.9528731e-02 5.4635961e-02 5.2479278e-02 5.6175001e-02]
Learning Rate: 0.005
Class Weights: [2.1200665e-05 5.2479278e-02 5.4635961e-02 5.3897634e-02 6.0430683e-02
 5.5394791e-02 5.9528731e-02 5.7803262e-02 5.0486393e-02 5.1797729e-02
 5.5394791e-02 5.7803262e-02 6.0430683e-02 5.3897634e-02 5.3179000e-02
 5.9528731e-02 5.4635961e-02 5.2479278e-02 5.6175001e-02]Class Weights: [2.1200665e-05 5.2479278e-02 5.4635961e-02 5.3897634e-02 6.0430683e-02
 5.5394791e-02 5.9528731e-02 5.7803262e-02 5.0486393e-02 5.1797729e-02
 5.5394791e-02 5.7803262e-02 6.0430683e-02 5.3897634e-02 5.3179000e-02
 5.9528731e-02 5.4635961e-02 5.2479278e-02 5.6175001e-02]

Class Weights: [2.1200665e-05 5.2479278e-02 5.4635961e-02 5.3897634e-02 6.0430683e-02
 5.5394791e-02 5.9528731e-02 5.7803262e-02 5.0486393e-02 5.1797729e-02
 5.5394791e-02 5.7803262e-02 6.0430683e-02 5.3897634e-02 5.3179000e-02
 5.9528731e-02 5.4635961e-02 5.2479278e-02 5.6175001e-02]Learning Rate: 0.005Learning Rate: 0.005


Learning Rate: 0.005
Train Loss: 0.2972, Val Loss: 0.2501
Train Loss: 0.2972, Val Loss: 0.2501
Train Loss: 0.2972, Val Loss: 0.2501Train Loss: 0.2972, Val Loss: 0.2501

Per-Class Precision: [0.99993137 0.62264151 0.70754717 0.30283912 0.33636364 0.69021739
 0.47368421 0.27607362 0.16384181 0.14714715 0.18041237 0.09665428
 0.47368421 0.34104046 0.37878788 0.56594724 0.38202247 0.39344262
 0.65445026]
Per-Class Recall: [0.99133183 0.88       1.         0.96       0.74       0.84666667
 0.864      0.72       0.58       0.98       0.7        0.52
 0.66       0.78666667 0.8        0.944      0.90666667 0.96
 1.        ]
Per-Class F1-Score: [0.99561303 0.72928177 0.82872928 0.46043165 0.4625     0.76047904
 0.61189802 0.39911308 0.25550661 0.25587467 0.28688525 0.1630094
 0.55153203 0.47580645 0.51413882 0.70764618 0.53754941 0.55813953
 0.79113924]
Support per Class: [293949     75    150    100    100    150    125    125     50     50
    100     50    150     75    125    250    150     75    125]
Weighted Precision: 0.9962, Weighted Recall: 0.9903, Weighted F1-Score: 0.9927
Precision: 0.9962, Recall: 0.9903, F1-Score: 0.9927
Fold 3, Epoch 80, Train Loss: 0.2972, Val Loss: 0.2501, Val Acc: 0.9899
Precision: 0.9964, Recall: 0.9906, F1-Score: 0.9929
Fold 3, Epoch 81, Train Loss: 0.3054, Val Loss: 0.2295, Val Acc: 0.9900
Precision: 0.9964, Recall: 0.9910, F1-Score: 0.9932
Fold 3, Epoch 82, Train Loss: 0.2951, Val Loss: 0.2208, Val Acc: 0.9905
Precision: 0.9964, Recall: 0.9907, F1-Score: 0.9930
Fold 3, Epoch 83, Train Loss: 0.2798, Val Loss: 0.2356, Val Acc: 0.9901
Precision: 0.9962, Recall: 0.9904, F1-Score: 0.9927
Fold 3, Epoch 84, Train Loss: 0.3234, Val Loss: 0.2407, Val Acc: 0.9900
Precision: 0.9963, Recall: 0.9903, F1-Score: 0.9928
Fold 3, Epoch 85, Train Loss: 0.3174, Val Loss: 0.2373, Val Acc: 0.9897
Precision: 0.9962, Recall: 0.9907, F1-Score: 0.9929
Fold 3, Epoch 86, Train Loss: 0.2953, Val Loss: 0.2238, Val Acc: 0.9903
Precision: 0.9963, Recall: 0.9908, F1-Score: 0.9931
Fold 3, Epoch 87, Train Loss: 0.2905, Val Loss: 0.2202, Val Acc: 0.9903
Precision: 0.9963, Recall: 0.9906, F1-Score: 0.9929
Fold 3, Epoch 88, Train Loss: 0.3270, Val Loss: 0.2357, Val Acc: 0.9903
Precision: 0.9961, Recall: 0.9850, F1-Score: 0.9899
Fold 3, Epoch 89, Train Loss: 0.3047, Val Loss: 0.2202, Val Acc: 0.9796

--- Epoch 90 ---
--- Epoch 90 ---
--- Epoch 90 ---



--- Epoch 90 ---
Class Weights: [2.1200665e-05 5.2479278e-02 5.4635961e-02 5.3897634e-02 6.0430683e-02
 5.5394791e-02 5.9528731e-02 5.7803262e-02 5.0486393e-02 5.1797729e-02
 5.5394791e-02 5.7803262e-02 6.0430683e-02 5.3897634e-02 5.3179000e-02
 5.9528731e-02 5.4635961e-02 5.2479278e-02 5.6175001e-02]Class Weights: [2.1200665e-05 5.2479278e-02 5.4635961e-02 5.3897634e-02 6.0430683e-02
 5.5394791e-02 5.9528731e-02 5.7803262e-02 5.0486393e-02 5.1797729e-02
 5.5394791e-02 5.7803262e-02 6.0430683e-02 5.3897634e-02 5.3179000e-02
 5.9528731e-02 5.4635961e-02 5.2479278e-02 5.6175001e-02]Class Weights: [2.1200665e-05 5.2479278e-02 5.4635961e-02 5.3897634e-02 6.0430683e-02
 5.5394791e-02 5.9528731e-02 5.7803262e-02 5.0486393e-02 5.1797729e-02
 5.5394791e-02 5.7803262e-02 6.0430683e-02 5.3897634e-02 5.3179000e-02
 5.9528731e-02 5.4635961e-02 5.2479278e-02 5.6175001e-02]Class Weights: [2.1200665e-05 5.2479278e-02 5.4635961e-02 5.3897634e-02 6.0430683e-02
 5.5394791e-02 5.9528731e-02 5.7803262e-02 5.0486393e-02 5.1797729e-02
 5.5394791e-02 5.7803262e-02 6.0430683e-02 5.3897634e-02 5.3179000e-02
 5.9528731e-02 5.4635961e-02 5.2479278e-02 5.6175001e-02]

Learning Rate: 0.005Learning Rate: 0.005

Learning Rate: 0.005
Train Loss: 0.2853, Val Loss: 0.2194

Learning Rate: 0.005
Train Loss: 0.2853, Val Loss: 0.2194

Train Loss: 0.2853, Val Loss: 0.2194
Train Loss: 0.2853, Val Loss: 0.2194
Per-Class Precision: [0.99993139 0.6        0.77720207 0.42372881 0.40703518 0.65454545
 0.55978261 0.27005348 0.15714286 0.1552795  0.20623501 0.12211221
 0.46846847 0.28909953 0.41044776 0.68168168 0.43769968 0.50684932
 0.6377551 ]
Per-Class Recall: [0.99165842 0.88       1.         1.         0.81       0.96
 0.824      0.808      0.66       1.         0.86       0.74
 0.69333333 0.81333333 0.88       0.908      0.91333333 0.98666667
 1.        ]
Per-Class F1-Score: [0.99577772 0.71351351 0.87463557 0.5952381  0.54180602 0.77837838
 0.66666667 0.40480962 0.25384615 0.2688172  0.33268859 0.20963173
 0.55913978 0.42657343 0.55979644 0.7787307  0.59179266 0.66968326
 0.7788162 ]
Support per Class: [293949     75    150    100    100    150    125    125     50     50
    100     50    150     75    125    250    150     75    125]
Weighted Precision: 0.9964, Weighted Recall: 0.9909, Weighted F1-Score: 0.9931
Precision: 0.9964, Recall: 0.9909, F1-Score: 0.9931
Fold 3, Epoch 90, Train Loss: 0.2853, Val Loss: 0.2194, Val Acc: 0.9905
Precision: 0.9963, Recall: 0.9905, F1-Score: 0.9929
Fold 3, Epoch 91, Train Loss: 0.2832, Val Loss: 0.2326, Val Acc: 0.9897
Precision: 0.9963, Recall: 0.9910, F1-Score: 0.9931
Fold 3, Epoch 92, Train Loss: 0.2820, Val Loss: 0.2131, Val Acc: 0.9906
Precision: 0.9964, Recall: 0.9909, F1-Score: 0.9932
Fold 3, Epoch 93, Train Loss: 0.2869, Val Loss: 0.2352, Val Acc: 0.9905
Precision: 0.9963, Recall: 0.9907, F1-Score: 0.9929
Fold 3, Epoch 94, Train Loss: 0.3117, Val Loss: 0.2161, Val Acc: 0.9902
Precision: 0.9962, Recall: 0.9905, F1-Score: 0.9929
Fold 3, Epoch 95, Train Loss: 0.3099, Val Loss: 0.2416, Val Acc: 0.9900
Precision: 0.9963, Recall: 0.9907, F1-Score: 0.9930
Fold 3, Epoch 96, Train Loss: 0.2908, Val Loss: 0.2230, Val Acc: 0.9902
Precision: 0.9962, Recall: 0.9906, F1-Score: 0.9929
Fold 3, Epoch 97, Train Loss: 0.2835, Val Loss: 0.2240, Val Acc: 0.9903
Precision: 0.9962, Recall: 0.9903, F1-Score: 0.9927
Fold 3, Epoch 98, Train Loss: 0.2937, Val Loss: 0.2487, Val Acc: 0.9897
Precision: 0.9960, Recall: 0.9904, F1-Score: 0.9927
Fold 3, Epoch 99, Train Loss: 0.3071, Val Loss: 0.2738, Val Acc: 0.9897

--- Epoch 100 ---
--- Epoch 100 ---
--- Epoch 100 ---



--- Epoch 100 ---
Class Weights: [2.1200665e-05 5.2479278e-02 5.4635961e-02 5.3897634e-02 6.0430683e-02
 5.5394791e-02 5.9528731e-02 5.7803262e-02 5.0486393e-02 5.1797729e-02
 5.5394791e-02 5.7803262e-02 6.0430683e-02 5.3897634e-02 5.3179000e-02
 5.9528731e-02 5.4635961e-02 5.2479278e-02 5.6175001e-02]Class Weights: [2.1200665e-05 5.2479278e-02 5.4635961e-02 5.3897634e-02 6.0430683e-02
 5.5394791e-02 5.9528731e-02 5.7803262e-02 5.0486393e-02 5.1797729e-02
 5.5394791e-02 5.7803262e-02 6.0430683e-02 5.3897634e-02 5.3179000e-02
 5.9528731e-02 5.4635961e-02 5.2479278e-02 5.6175001e-02]Class Weights: [2.1200665e-05 5.2479278e-02 5.4635961e-02 5.3897634e-02 6.0430683e-02
 5.5394791e-02 5.9528731e-02 5.7803262e-02 5.0486393e-02 5.1797729e-02
 5.5394791e-02 5.7803262e-02 6.0430683e-02 5.3897634e-02 5.3179000e-02
 5.9528731e-02 5.4635961e-02 5.2479278e-02 5.6175001e-02]

Class Weights: [2.1200665e-05 5.2479278e-02 5.4635961e-02 5.3897634e-02 6.0430683e-02
 5.5394791e-02 5.9528731e-02 5.7803262e-02 5.0486393e-02 5.1797729e-02
 5.5394791e-02 5.7803262e-02 6.0430683e-02 5.3897634e-02 5.3179000e-02
 5.9528731e-02 5.4635961e-02 5.2479278e-02 5.6175001e-02]
Learning Rate: 0.005Learning Rate: 0.005

Learning Rate: 0.005
Learning Rate: 0.005

Train Loss: 0.3239, Val Loss: 0.2323Train Loss: 0.3239, Val Loss: 0.2323

Train Loss: 0.3239, Val Loss: 0.2323Train Loss: 0.3239, Val Loss: 0.2323

Per-Class Precision: [0.99993139 0.65625    0.72682927 0.41493776 0.38624339 0.67317073
 0.64900662 0.23262032 0.13913043 0.13661202 0.19340659 0.13777778
 0.30143541 0.42105263 0.48108108 0.63037249 0.41358025 0.4625
 0.67759563]
Per-Class Recall: [0.99154955 0.84       0.99333333 1.         0.73       0.92
 0.784      0.696      0.64       1.         0.88       0.62
 0.84       0.74666667 0.712      0.88       0.89333333 0.98666667
 0.992     ]
Per-Class F1-Score: [0.99572283 0.73684211 0.83943662 0.58651026 0.50519031 0.77746479
 0.71014493 0.34869739 0.22857143 0.24038462 0.31711712 0.22545455
 0.44366197 0.53846154 0.57419355 0.7345576  0.56540084 0.62978723
 0.80519481]
Support per Class: [293949     75    150    100    100    150    125    125     50     50
    100     50    150     75    125    250    150     75    125]
Weighted Precision: 0.9964, Weighted Recall: 0.9906, Weighted F1-Score: 0.9930
Precision: 0.9964, Recall: 0.9906, F1-Score: 0.9930
Fold 3, Epoch 100, Train Loss: 0.3239, Val Loss: 0.2323, Val Acc: 0.9902
Precision: 0.9962, Recall: 0.9905, F1-Score: 0.9928
Fold 3, Epoch 101, Train Loss: 0.3036, Val Loss: 0.2335, Val Acc: 0.9901
Precision: 0.9962, Recall: 0.9903, F1-Score: 0.9927
Fold 3, Epoch 102, Train Loss: 0.3132, Val Loss: 0.2481, Val Acc: 0.9897
Precision: 0.9962, Recall: 0.9906, F1-Score: 0.9929
Fold 3, Epoch 103, Train Loss: 0.3332, Val Loss: 0.2422, Val Acc: 0.9901
Precision: 0.9962, Recall: 0.9907, F1-Score: 0.9930
Fold 3, Epoch 104, Train Loss: 0.3211, Val Loss: 0.2339, Val Acc: 0.9902
Precision: 0.9962, Recall: 0.9907, F1-Score: 0.9929
Fold 3, Epoch 105, Train Loss: 0.3031, Val Loss: 0.2407, Val Acc: 0.9902
Precision: 0.9961, Recall: 0.9903, F1-Score: 0.9926
Fold 3, Epoch 106, Train Loss: 0.3020, Val Loss: 0.2647, Val Acc: 0.9897
Precision: 0.9961, Recall: 0.9904, F1-Score: 0.9927
Fold 3, Epoch 107, Train Loss: 0.3012, Val Loss: 0.2446, Val Acc: 0.9896
Precision: 0.9961, Recall: 0.9906, F1-Score: 0.9928
Early stopping triggered for Fold 3 at epoch 108
Completed Fold 3
Starting Fold 4
Precision: 0.9960, Recall: 0.9901, F1-Score: 0.9925
Fold 4, Epoch 1, Train Loss: 1.0145, Val Loss: 0.3096, Val Acc: 0.9893
Precision: 0.9961, Recall: 0.9909, F1-Score: 0.9931
Fold 4, Epoch 2, Train Loss: 0.7103, Val Loss: 0.3982, Val Acc: 0.9905
Precision: 0.9962, Recall: 0.9908, F1-Score: 0.9930
Fold 4, Epoch 3, Train Loss: 0.5059, Val Loss: 0.2683, Val Acc: 0.9903
Precision: 0.9962, Recall: 0.9909, F1-Score: 0.9931
Fold 4, Epoch 4, Train Loss: 0.3978, Val Loss: 0.2432, Val Acc: 0.9904
Precision: 0.9963, Recall: 0.9911, F1-Score: 0.9932
Fold 4, Epoch 5, Train Loss: 0.3280, Val Loss: 0.2031, Val Acc: 0.9907
Precision: 0.9962, Recall: 0.9910, F1-Score: 0.9931
Fold 4, Epoch 6, Train Loss: 0.3178, Val Loss: 0.1920, Val Acc: 0.9905
Precision: 0.9963, Recall: 0.9910, F1-Score: 0.9931
Fold 4, Epoch 7, Train Loss: 0.3161, Val Loss: 0.1739, Val Acc: 0.9905
Precision: 0.9963, Recall: 0.9913, F1-Score: 0.9933
Fold 4, Epoch 8, Train Loss: 0.2987, Val Loss: 0.1854, Val Acc: 0.9909
Precision: 0.9963, Recall: 0.9911, F1-Score: 0.9932
Fold 4, Epoch 9, Train Loss: 0.3120, Val Loss: 0.1885, Val Acc: 0.9908

--- Epoch 10 ---
--- Epoch 10 ---
--- Epoch 10 ---



--- Epoch 10 ---
Class Weights: [2.1213975e-05 5.5429570e-02 5.7839550e-02 5.3931475e-02 5.5429570e-02
 5.7013273e-02 5.5429570e-02 5.5429570e-02 5.3931475e-02 5.7013273e-02
 5.3931475e-02 6.2358264e-02 5.4670259e-02 5.3931475e-02 5.3212386e-02
 5.1165756e-02 5.3931475e-02 6.1398908e-02 5.3931475e-02]Class Weights: [2.1213975e-05 5.5429570e-02 5.7839550e-02 5.3931475e-02 5.5429570e-02
 5.7013273e-02 5.5429570e-02 5.5429570e-02 5.3931475e-02 5.7013273e-02
 5.3931475e-02 6.2358264e-02 5.4670259e-02 5.3931475e-02 5.3212386e-02
 5.1165756e-02 5.3931475e-02 6.1398908e-02 5.3931475e-02]Class Weights: [2.1213975e-05 5.5429570e-02 5.7839550e-02 5.3931475e-02 5.5429570e-02
 5.7013273e-02 5.5429570e-02 5.5429570e-02 5.3931475e-02 5.7013273e-02
 5.3931475e-02 6.2358264e-02 5.4670259e-02 5.3931475e-02 5.3212386e-02
 5.1165756e-02 5.3931475e-02 6.1398908e-02 5.3931475e-02]
Class Weights: [2.1213975e-05 5.5429570e-02 5.7839550e-02 5.3931475e-02 5.5429570e-02
 5.7013273e-02 5.5429570e-02 5.5429570e-02 5.3931475e-02 5.7013273e-02
 5.3931475e-02 6.2358264e-02 5.4670259e-02 5.3931475e-02 5.3212386e-02
 5.1165756e-02 5.3931475e-02 6.1398908e-02 5.3931475e-02]


Learning Rate: 0.005Learning Rate: 0.005
Learning Rate: 0.005
Learning Rate: 0.005

Train Loss: 0.3062, Val Loss: 0.1715
Train Loss: 0.3062, Val Loss: 0.1715
Train Loss: 0.3062, Val Loss: 0.1715Train Loss: 0.3062, Val Loss: 0.1715

Per-Class Precision: [0.99996571 0.64253394 0.82222222 0.55033557 0.25786164 0.52910053
 0.60538117 0.33236152 0.24806202 0.3034188  0.06811989 0.46311475
 0.24444444 0.50340136 0.40336134 0.66081871 0.4351145  0.57075472
 0.64655172]
Per-Class Recall: [0.99217211 0.94666667 0.98666667 0.93714286 0.82       1.
 0.77142857 0.912      0.85333333 0.94666667 1.         0.565
 0.88       0.74       0.96       0.904      0.912      0.968
 1.        ]
Per-Class F1-Score: [0.99605367 0.76549865 0.8969697  0.69344609 0.3923445  0.69204152
 0.67839196 0.48717949 0.38438438 0.45954693 0.12755102 0.50900901
 0.3826087  0.59919028 0.56804734 0.76351351 0.58914729 0.71810089
 0.78534031]
Support per Class: [293949    150     75    175    100    100    175    125     75    150
     25    200     75    100     50    125    125    125     75]
Weighted Precision: 0.9965, Weighted Recall: 0.9914, Weighted F1-Score: 0.9934
Precision: 0.9965, Recall: 0.9914, F1-Score: 0.9934
Fold 4, Epoch 10, Train Loss: 0.3062, Val Loss: 0.1715, Val Acc: 0.9910
Precision: 0.9964, Recall: 0.9910, F1-Score: 0.9931
Fold 4, Epoch 11, Train Loss: 0.2988, Val Loss: 0.1748, Val Acc: 0.9899
Precision: 0.9962, Recall: 0.9911, F1-Score: 0.9932
Fold 4, Epoch 12, Train Loss: 0.3089, Val Loss: 0.1964, Val Acc: 0.9907
Precision: 0.9962, Recall: 0.9911, F1-Score: 0.9931
Fold 4, Epoch 13, Train Loss: 0.2982, Val Loss: 0.1808, Val Acc: 0.9905
Precision: 0.9963, Recall: 0.9914, F1-Score: 0.9933
Fold 4, Epoch 14, Train Loss: 0.2931, Val Loss: 0.1647, Val Acc: 0.9908
Precision: 0.9963, Recall: 0.9909, F1-Score: 0.9930
Fold 4, Epoch 15, Train Loss: 0.2800, Val Loss: 0.1753, Val Acc: 0.9894
Precision: 0.9964, Recall: 0.9913, F1-Score: 0.9933
Fold 4, Epoch 16, Train Loss: 0.2856, Val Loss: 0.1637, Val Acc: 0.9908
Precision: 0.9962, Recall: 0.9910, F1-Score: 0.9930
Fold 4, Epoch 17, Train Loss: 0.2966, Val Loss: 0.1697, Val Acc: 0.9905
Precision: 0.9964, Recall: 0.9913, F1-Score: 0.9934
Fold 4, Epoch 18, Train Loss: 0.2771, Val Loss: 0.1768, Val Acc: 0.9909
Precision: 0.9963, Recall: 0.9908, F1-Score: 0.9930
Fold 4, Epoch 19, Train Loss: 0.3051, Val Loss: 0.1755, Val Acc: 0.9904

--- Epoch 20 ---
--- Epoch 20 ---
--- Epoch 20 ---



--- Epoch 20 ---
Class Weights: [2.1213975e-05 5.5429570e-02 5.7839550e-02 5.3931475e-02 5.5429570e-02
 5.7013273e-02 5.5429570e-02 5.5429570e-02 5.3931475e-02 5.7013273e-02
 5.3931475e-02 6.2358264e-02 5.4670259e-02 5.3931475e-02 5.3212386e-02
 5.1165756e-02 5.3931475e-02 6.1398908e-02 5.3931475e-02]Class Weights: [2.1213975e-05 5.5429570e-02 5.7839550e-02 5.3931475e-02 5.5429570e-02
 5.7013273e-02 5.5429570e-02 5.5429570e-02 5.3931475e-02 5.7013273e-02
 5.3931475e-02 6.2358264e-02 5.4670259e-02 5.3931475e-02 5.3212386e-02
 5.1165756e-02 5.3931475e-02 6.1398908e-02 5.3931475e-02]Class Weights: [2.1213975e-05 5.5429570e-02 5.7839550e-02 5.3931475e-02 5.5429570e-02
 5.7013273e-02 5.5429570e-02 5.5429570e-02 5.3931475e-02 5.7013273e-02
 5.3931475e-02 6.2358264e-02 5.4670259e-02 5.3931475e-02 5.3212386e-02
 5.1165756e-02 5.3931475e-02 6.1398908e-02 5.3931475e-02]


Learning Rate: 0.005Learning Rate: 0.005Learning Rate: 0.005


Class Weights: [2.1213975e-05 5.5429570e-02 5.7839550e-02 5.3931475e-02 5.5429570e-02
 5.7013273e-02 5.5429570e-02 5.5429570e-02 5.3931475e-02 5.7013273e-02
 5.3931475e-02 6.2358264e-02 5.4670259e-02 5.3931475e-02 5.3212386e-02
 5.1165756e-02 5.3931475e-02 6.1398908e-02 5.3931475e-02]
Learning Rate: 0.005
Train Loss: 0.2898, Val Loss: 0.1814
Train Loss: 0.2898, Val Loss: 0.1814Train Loss: 0.2898, Val Loss: 0.1814

Train Loss: 0.2898, Val Loss: 0.1814
Per-Class Precision: [0.99996229 0.61711712 0.71428571 0.46974063 0.26642336 0.51075269
 0.4168798  0.35106383 0.25490196 0.34933333 0.07407407 0.39102564
 0.31736527 0.44385027 0.36363636 0.62694301 0.47107438 0.56363636
 0.55555556]
Per-Class Recall: [0.99226737 0.91333333 1.         0.93142857 0.73       0.95
 0.93142857 0.792      0.69333333 0.87333333 0.96       0.61
 0.70666667 0.83       0.88       0.968      0.912      0.992
 1.        ]
Per-Class F1-Score: [0.99609997 0.73655914 0.83333333 0.62452107 0.39037433 0.66433566
 0.57597173 0.48648649 0.37275986 0.49904762 0.13753582 0.4765625
 0.43801653 0.57839721 0.51461988 0.76100629 0.62125341 0.71884058
 0.71428571]
Support per Class: [293949    150     75    175    100    100    175    125     75    150
     25    200     75    100     50    125    125    125     75]
Weighted Precision: 0.9962, Weighted Recall: 0.9914, Weighted F1-Score: 0.9933
Precision: 0.9962, Recall: 0.9914, F1-Score: 0.9933
Fold 4, Epoch 20, Train Loss: 0.2898, Val Loss: 0.1814, Val Acc: 0.9912
Precision: 0.9962, Recall: 0.9911, F1-Score: 0.9931
Fold 4, Epoch 21, Train Loss: 0.2763, Val Loss: 0.1726, Val Acc: 0.9906
Precision: 0.9962, Recall: 0.9912, F1-Score: 0.9931
Fold 4, Epoch 22, Train Loss: 0.2856, Val Loss: 0.1717, Val Acc: 0.9907
Precision: 0.9962, Recall: 0.9912, F1-Score: 0.9932
Fold 4, Epoch 23, Train Loss: 0.2880, Val Loss: 0.1730, Val Acc: 0.9906
Precision: 0.9964, Recall: 0.9912, F1-Score: 0.9933
Fold 4, Epoch 24, Train Loss: 0.2860, Val Loss: 0.1623, Val Acc: 0.9907
Precision: 0.9962, Recall: 0.9911, F1-Score: 0.9931
Fold 4, Epoch 25, Train Loss: 0.3056, Val Loss: 0.1761, Val Acc: 0.9906
Precision: 0.9962, Recall: 0.9908, F1-Score: 0.9929
Fold 4, Epoch 26, Train Loss: 0.2979, Val Loss: 0.1844, Val Acc: 0.9903
Precision: 0.9962, Recall: 0.9910, F1-Score: 0.9931
Fold 4, Epoch 27, Train Loss: 0.2969, Val Loss: 0.1697, Val Acc: 0.9904
Precision: 0.9962, Recall: 0.9905, F1-Score: 0.9928
Fold 4, Epoch 28, Train Loss: 0.2906, Val Loss: 0.1738, Val Acc: 0.9884
Precision: 0.9963, Recall: 0.9907, F1-Score: 0.9930
Fold 4, Epoch 29, Train Loss: 0.3063, Val Loss: 0.1692, Val Acc: 0.9902

--- Epoch 30 ---
--- Epoch 30 ---

--- Epoch 30 ---


--- Epoch 30 ---
Class Weights: [2.1213975e-05 5.5429570e-02 5.7839550e-02 5.3931475e-02 5.5429570e-02
 5.7013273e-02 5.5429570e-02 5.5429570e-02 5.3931475e-02 5.7013273e-02
 5.3931475e-02 6.2358264e-02 5.4670259e-02 5.3931475e-02 5.3212386e-02
 5.1165756e-02 5.3931475e-02 6.1398908e-02 5.3931475e-02]Class Weights: [2.1213975e-05 5.5429570e-02 5.7839550e-02 5.3931475e-02 5.5429570e-02
 5.7013273e-02 5.5429570e-02 5.5429570e-02 5.3931475e-02 5.7013273e-02
 5.3931475e-02 6.2358264e-02 5.4670259e-02 5.3931475e-02 5.3212386e-02
 5.1165756e-02 5.3931475e-02 6.1398908e-02 5.3931475e-02]Class Weights: [2.1213975e-05 5.5429570e-02 5.7839550e-02 5.3931475e-02 5.5429570e-02
 5.7013273e-02 5.5429570e-02 5.5429570e-02 5.3931475e-02 5.7013273e-02
 5.3931475e-02 6.2358264e-02 5.4670259e-02 5.3931475e-02 5.3212386e-02
 5.1165756e-02 5.3931475e-02 6.1398908e-02 5.3931475e-02]Class Weights: [2.1213975e-05 5.5429570e-02 5.7839550e-02 5.3931475e-02 5.5429570e-02
 5.7013273e-02 5.5429570e-02 5.5429570e-02 5.3931475e-02 5.7013273e-02
 5.3931475e-02 6.2358264e-02 5.4670259e-02 5.3931475e-02 5.3212386e-02
 5.1165756e-02 5.3931475e-02 6.1398908e-02 5.3931475e-02]



Learning Rate: 0.005Learning Rate: 0.005
Learning Rate: 0.005Learning Rate: 0.005


Train Loss: 0.3190, Val Loss: 0.1972
Train Loss: 0.3190, Val Loss: 0.1972Train Loss: 0.3190, Val Loss: 0.1972Train Loss: 0.3190, Val Loss: 0.1972


Per-Class Precision: [0.99996571 0.61946903 0.73529412 0.44562334 0.32142857 0.58783784
 0.3271028  0.27234043 0.25842697 0.32736573 0.06849315 0.39114391
 0.2173913  0.47159091 0.38738739 0.63020833 0.47457627 0.54385965
 0.64655172]
Per-Class Recall: [0.99217892 0.93333333 1.         0.96       0.72       0.87
 1.         0.512      0.61333333 0.85333333 0.8        0.53
 0.8        0.83       0.86       0.968      0.896      0.992
 1.        ]
Per-Class F1-Score: [0.9960571  0.74468085 0.84745763 0.60869565 0.44444444 0.7016129
 0.49295775 0.35555556 0.36363636 0.47319778 0.12618297 0.45010616
 0.34188034 0.60144928 0.53416149 0.76340694 0.62049861 0.70254958
 0.78534031]
Support per Class: [293949    150     75    175    100    100    175    125     75    150
     25    200     75    100     50    125    125    125     75]
Weighted Precision: 0.9961, Weighted Recall: 0.9911, Weighted F1-Score: 0.9931
Precision: 0.9961, Recall: 0.9911, F1-Score: 0.9931
Fold 4, Epoch 30, Train Loss: 0.3190, Val Loss: 0.1972, Val Acc: 0.9907
Precision: 0.9965, Recall: 0.9908, F1-Score: 0.9931
Fold 4, Epoch 31, Train Loss: 0.3098, Val Loss: 0.1893, Val Acc: 0.9904
Precision: 0.9964, Recall: 0.9911, F1-Score: 0.9933
Fold 4, Epoch 32, Train Loss: 0.3176, Val Loss: 0.1816, Val Acc: 0.9907
Precision: 0.9962, Recall: 0.9911, F1-Score: 0.9931
Fold 4, Epoch 33, Train Loss: 0.2842, Val Loss: 0.1843, Val Acc: 0.9904
Precision: 0.9963, Recall: 0.9907, F1-Score: 0.9930
Fold 4, Epoch 34, Train Loss: 0.2901, Val Loss: 0.2037, Val Acc: 0.9901
Precision: 0.9965, Recall: 0.9913, F1-Score: 0.9934
Fold 4, Epoch 35, Train Loss: 0.3052, Val Loss: 0.1781, Val Acc: 0.9909
Precision: 0.9963, Recall: 0.9911, F1-Score: 0.9932
Fold 4, Epoch 36, Train Loss: 0.3033, Val Loss: 0.1879, Val Acc: 0.9907
Precision: 0.9963, Recall: 0.9912, F1-Score: 0.9933
Fold 4, Epoch 37, Train Loss: 0.3015, Val Loss: 0.1709, Val Acc: 0.9907
Precision: 0.9962, Recall: 0.9912, F1-Score: 0.9932
Fold 4, Epoch 38, Train Loss: 0.2979, Val Loss: 0.1949, Val Acc: 0.9907
Precision: 0.9964, Recall: 0.9913, F1-Score: 0.9933
Fold 4, Epoch 39, Train Loss: 0.3139, Val Loss: 0.1711, Val Acc: 0.9908

--- Epoch 40 ---

--- Epoch 40 ---

--- Epoch 40 ---

--- Epoch 40 ---
Class Weights: [2.1213975e-05 5.5429570e-02 5.7839550e-02 5.3931475e-02 5.5429570e-02
 5.7013273e-02 5.5429570e-02 5.5429570e-02 5.3931475e-02 5.7013273e-02
 5.3931475e-02 6.2358264e-02 5.4670259e-02 5.3931475e-02 5.3212386e-02
 5.1165756e-02 5.3931475e-02 6.1398908e-02 5.3931475e-02]Class Weights: [2.1213975e-05 5.5429570e-02 5.7839550e-02 5.3931475e-02 5.5429570e-02
 5.7013273e-02 5.5429570e-02 5.5429570e-02 5.3931475e-02 5.7013273e-02
 5.3931475e-02 6.2358264e-02 5.4670259e-02 5.3931475e-02 5.3212386e-02
 5.1165756e-02 5.3931475e-02 6.1398908e-02 5.3931475e-02]Class Weights: [2.1213975e-05 5.5429570e-02 5.7839550e-02 5.3931475e-02 5.5429570e-02
 5.7013273e-02 5.5429570e-02 5.5429570e-02 5.3931475e-02 5.7013273e-02
 5.3931475e-02 6.2358264e-02 5.4670259e-02 5.3931475e-02 5.3212386e-02
 5.1165756e-02 5.3931475e-02 6.1398908e-02 5.3931475e-02]

Class Weights: [2.1213975e-05 5.5429570e-02 5.7839550e-02 5.3931475e-02 5.5429570e-02
 5.7013273e-02 5.5429570e-02 5.5429570e-02 5.3931475e-02 5.7013273e-02
 5.3931475e-02 6.2358264e-02 5.4670259e-02 5.3931475e-02 5.3212386e-02
 5.1165756e-02 5.3931475e-02 6.1398908e-02 5.3931475e-02]
Learning Rate: 0.005Learning Rate: 0.005Learning Rate: 0.005



Learning Rate: 0.005
Train Loss: 0.2778, Val Loss: 0.1697
Train Loss: 0.2778, Val Loss: 0.1697Train Loss: 0.2778, Val Loss: 0.1697Train Loss: 0.2778, Val Loss: 0.1697


Per-Class Precision: [0.99996571 0.59401709 0.72115385 0.51975684 0.36111111 0.59259259
 0.54480287 0.31315789 0.25892857 0.28991597 0.08361204 0.41564792
 0.3125     0.5        0.37142857 0.57407407 0.48523207 0.59615385
 0.5859375 ]
Per-Class Recall: [0.99201562 0.92666667 1.         0.97714286 0.91       0.96
 0.86857143 0.952      0.77333333 0.92       1.         0.85
 0.66666667 0.8        0.78       0.992      0.92       0.992
 1.        ]
Per-Class F1-Score: [0.9959748  0.72395833 0.83798883 0.67857143 0.51704545 0.73282443
 0.66960352 0.47128713 0.38795987 0.44089457 0.15432099 0.55829228
 0.42553191 0.61538462 0.50322581 0.72727273 0.63535912 0.74474474
 0.73891626]
Support per Class: [293949    150     75    175    100    100    175    125     75    150
     25    200     75    100     50    125    125    125     75]
Weighted Precision: 0.9964, Weighted Recall: 0.9914, Weighted F1-Score: 0.9933
Precision: 0.9964, Recall: 0.9914, F1-Score: 0.9933
Fold 4, Epoch 40, Train Loss: 0.2778, Val Loss: 0.1697, Val Acc: 0.9908
Precision: 0.9964, Recall: 0.9914, F1-Score: 0.9935
Fold 4, Epoch 41, Train Loss: 0.2935, Val Loss: 0.1715, Val Acc: 0.9911
Precision: 0.9965, Recall: 0.9914, F1-Score: 0.9934
Fold 4, Epoch 42, Train Loss: 0.2943, Val Loss: 0.1738, Val Acc: 0.9907
Precision: 0.9962, Recall: 0.9912, F1-Score: 0.9932
Fold 4, Epoch 43, Train Loss: 0.3028, Val Loss: 0.1844, Val Acc: 0.9906
Precision: 0.9961, Recall: 0.9909, F1-Score: 0.9930
Fold 4, Epoch 44, Train Loss: 0.3031, Val Loss: 0.1896, Val Acc: 0.9905
Precision: 0.9963, Recall: 0.9912, F1-Score: 0.9932
Fold 4, Epoch 45, Train Loss: 0.2855, Val Loss: 0.1732, Val Acc: 0.9907
Precision: 0.9963, Recall: 0.9912, F1-Score: 0.9933
Fold 4, Epoch 46, Train Loss: 0.2888, Val Loss: 0.1748, Val Acc: 0.9906
Precision: 0.9962, Recall: 0.8927, F1-Score: 0.9409
Fold 4, Epoch 47, Train Loss: 0.3161, Val Loss: 0.1963, Val Acc: 0.8862
Precision: 0.9964, Recall: 0.9916, F1-Score: 0.9935
Fold 4, Epoch 48, Train Loss: 0.3300, Val Loss: 0.1909, Val Acc: 0.9913
Precision: 0.9962, Recall: 0.9912, F1-Score: 0.9932
Fold 4, Epoch 49, Train Loss: 0.3073, Val Loss: 0.1874, Val Acc: 0.9906

--- Epoch 50 ---
--- Epoch 50 ---
--- Epoch 50 ---



--- Epoch 50 ---
Class Weights: [2.1213975e-05 5.5429570e-02 5.7839550e-02 5.3931475e-02 5.5429570e-02
 5.7013273e-02 5.5429570e-02 5.5429570e-02 5.3931475e-02 5.7013273e-02
 5.3931475e-02 6.2358264e-02 5.4670259e-02 5.3931475e-02 5.3212386e-02
 5.1165756e-02 5.3931475e-02 6.1398908e-02 5.3931475e-02]Class Weights: [2.1213975e-05 5.5429570e-02 5.7839550e-02 5.3931475e-02 5.5429570e-02
 5.7013273e-02 5.5429570e-02 5.5429570e-02 5.3931475e-02 5.7013273e-02
 5.3931475e-02 6.2358264e-02 5.4670259e-02 5.3931475e-02 5.3212386e-02
 5.1165756e-02 5.3931475e-02 6.1398908e-02 5.3931475e-02]Class Weights: [2.1213975e-05 5.5429570e-02 5.7839550e-02 5.3931475e-02 5.5429570e-02
 5.7013273e-02 5.5429570e-02 5.5429570e-02 5.3931475e-02 5.7013273e-02
 5.3931475e-02 6.2358264e-02 5.4670259e-02 5.3931475e-02 5.3212386e-02
 5.1165756e-02 5.3931475e-02 6.1398908e-02 5.3931475e-02]


Class Weights: [2.1213975e-05 5.5429570e-02 5.7839550e-02 5.3931475e-02 5.5429570e-02
 5.7013273e-02 5.5429570e-02 5.5429570e-02 5.3931475e-02 5.7013273e-02
 5.3931475e-02 6.2358264e-02 5.4670259e-02 5.3931475e-02 5.3212386e-02
 5.1165756e-02 5.3931475e-02 6.1398908e-02 5.3931475e-02]Learning Rate: 0.005Learning Rate: 0.005Learning Rate: 0.005



Learning Rate: 0.005
Train Loss: 0.3205, Val Loss: 0.1833Train Loss: 0.3205, Val Loss: 0.1833Train Loss: 0.3205, Val Loss: 0.1833

Train Loss: 0.3205, Val Loss: 0.1833

Per-Class Precision: [0.9999657  0.59166667 0.86206897 0.63934426 0.29754601 0.61006289
 0.50841751 0.39130435 0.21863799 0.25176056 0.06666667 0.40740741
 0.27173913 0.45355191 0.23557692 0.5480226  0.46543779 0.64921466
 0.58139535]
Per-Class Recall: [0.99174687 0.94666667 1.         0.89142857 0.97       0.97
 0.86285714 0.792      0.81333333 0.95333333 1.         0.66
 0.66666667 0.83       0.98       0.776      0.808      0.992
 1.        ]
Per-Class F1-Score: [0.99583933 0.72820513 0.92592593 0.74463007 0.45539906 0.74903475
 0.63983051 0.52380952 0.34463277 0.39832869 0.125      0.50381679
 0.38610039 0.58657244 0.37984496 0.64238411 0.59064327 0.78481013
 0.73529412]
Support per Class: [293949    150     75    175    100    100    175    125     75    150
     25    200     75    100     50    125    125    125     75]
Weighted Precision: 0.9964, Weighted Recall: 0.9909, Weighted F1-Score: 0.9931
Precision: 0.9964, Recall: 0.9909, F1-Score: 0.9931
Fold 4, Epoch 50, Train Loss: 0.3205, Val Loss: 0.1833, Val Acc: 0.9892
Precision: 0.9964, Recall: 0.9913, F1-Score: 0.9933
Fold 4, Epoch 51, Train Loss: 0.2992, Val Loss: 0.2116, Val Acc: 0.9909
Precision: 0.9962, Recall: 0.9911, F1-Score: 0.9931
Fold 4, Epoch 52, Train Loss: 0.3027, Val Loss: 0.1866, Val Acc: 0.9905
Precision: 0.9962, Recall: 0.9910, F1-Score: 0.9930
Fold 4, Epoch 53, Train Loss: 0.3022, Val Loss: 0.1789, Val Acc: 0.9896
Precision: 0.9962, Recall: 0.9912, F1-Score: 0.9932
Fold 4, Epoch 54, Train Loss: 0.3019, Val Loss: 0.1937, Val Acc: 0.9908
Precision: 0.9963, Recall: 0.9912, F1-Score: 0.9933
Fold 4, Epoch 55, Train Loss: 0.2908, Val Loss: 0.1766, Val Acc: 0.9908
Precision: 0.9965, Recall: 0.9915, F1-Score: 0.9935
Fold 4, Epoch 56, Train Loss: 0.3071, Val Loss: 0.1680, Val Acc: 0.9910
Precision: 0.9963, Recall: 0.9911, F1-Score: 0.9932
Fold 4, Epoch 57, Train Loss: 0.2875, Val Loss: 0.1736, Val Acc: 0.9903
Precision: 0.9962, Recall: 0.9910, F1-Score: 0.9931
Fold 4, Epoch 58, Train Loss: 0.2938, Val Loss: 0.1799, Val Acc: 0.9906
Precision: 0.9965, Recall: 0.9912, F1-Score: 0.9934
Fold 4, Epoch 59, Train Loss: 0.3175, Val Loss: 0.1775, Val Acc: 0.9907

--- Epoch 60 ---
--- Epoch 60 ---


--- Epoch 60 ---

--- Epoch 60 ---
Class Weights: [2.1213975e-05 5.5429570e-02 5.7839550e-02 5.3931475e-02 5.5429570e-02
 5.7013273e-02 5.5429570e-02 5.5429570e-02 5.3931475e-02 5.7013273e-02
 5.3931475e-02 6.2358264e-02 5.4670259e-02 5.3931475e-02 5.3212386e-02
 5.1165756e-02 5.3931475e-02 6.1398908e-02 5.3931475e-02]Class Weights: [2.1213975e-05 5.5429570e-02 5.7839550e-02 5.3931475e-02 5.5429570e-02
 5.7013273e-02 5.5429570e-02 5.5429570e-02 5.3931475e-02 5.7013273e-02
 5.3931475e-02 6.2358264e-02 5.4670259e-02 5.3931475e-02 5.3212386e-02
 5.1165756e-02 5.3931475e-02 6.1398908e-02 5.3931475e-02]Class Weights: [2.1213975e-05 5.5429570e-02 5.7839550e-02 5.3931475e-02 5.5429570e-02
 5.7013273e-02 5.5429570e-02 5.5429570e-02 5.3931475e-02 5.7013273e-02
 5.3931475e-02 6.2358264e-02 5.4670259e-02 5.3931475e-02 5.3212386e-02
 5.1165756e-02 5.3931475e-02 6.1398908e-02 5.3931475e-02]


Learning Rate: 0.005Class Weights: [2.1213975e-05 5.5429570e-02 5.7839550e-02 5.3931475e-02 5.5429570e-02
 5.7013273e-02 5.5429570e-02 5.5429570e-02 5.3931475e-02 5.7013273e-02
 5.3931475e-02 6.2358264e-02 5.4670259e-02 5.3931475e-02 5.3212386e-02
 5.1165756e-02 5.3931475e-02 6.1398908e-02 5.3931475e-02]Learning Rate: 0.005
Learning Rate: 0.005


Learning Rate: 0.005
Train Loss: 0.3138, Val Loss: 0.2049
Train Loss: 0.3138, Val Loss: 0.2049Train Loss: 0.3138, Val Loss: 0.2049

Train Loss: 0.3138, Val Loss: 0.2049
Per-Class Precision: [0.99996571 0.57028112 0.70093458 0.50461538 0.34552846 0.50253807
 0.53763441 0.36807818 0.24375    0.24232082 0.0529661  0.46902655
 0.36       0.405      0.34745763 0.56221198 0.48       0.63934426
 0.47770701]
Per-Class Recall: [0.99195779 0.94666667 1.         0.93714286 0.85       0.99
 0.85714286 0.904      0.52       0.94666667 1.         0.53
 0.6        0.81       0.82       0.976      0.864      0.936
 1.        ]
Per-Class F1-Score: [0.99594565 0.71177945 0.82417582 0.656      0.49132948 0.66666667
 0.66079295 0.52314815 0.33191489 0.38586957 0.10060362 0.49765258
 0.45       0.54       0.48809524 0.71345029 0.61714286 0.75974026
 0.64655172]
Support per Class: [293949    150     75    175    100    100    175    125     75    150
     25    200     75    100     50    125    125    125     75]
Weighted Precision: 0.9963, Weighted Recall: 0.9910, Weighted F1-Score: 0.9931
Precision: 0.9963, Recall: 0.9910, F1-Score: 0.9931
Fold 4, Epoch 60, Train Loss: 0.3138, Val Loss: 0.2049, Val Acc: 0.9904
Precision: 0.9963, Recall: 0.9912, F1-Score: 0.9933
Fold 4, Epoch 61, Train Loss: 0.3025, Val Loss: 0.1910, Val Acc: 0.9909
Precision: 0.9963, Recall: 0.9912, F1-Score: 0.9933
Fold 4, Epoch 62, Train Loss: 0.3041, Val Loss: 0.1730, Val Acc: 0.9909
Precision: 0.9963, Recall: 0.9911, F1-Score: 0.9931
Fold 4, Epoch 63, Train Loss: 0.2879, Val Loss: 0.1750, Val Acc: 0.9907
Precision: 0.9963, Recall: 0.9912, F1-Score: 0.9932
Fold 4, Epoch 64, Train Loss: 0.3008, Val Loss: 0.1723, Val Acc: 0.9904
Precision: 0.9962, Recall: 0.9912, F1-Score: 0.9931
Fold 4, Epoch 65, Train Loss: 0.2993, Val Loss: 0.1894, Val Acc: 0.9907
Precision: 0.9963, Recall: 0.9914, F1-Score: 0.9933
Fold 4, Epoch 66, Train Loss: 0.3103, Val Loss: 0.1938, Val Acc: 0.9908
Precision: 0.9961, Recall: 0.9910, F1-Score: 0.9931
Fold 4, Epoch 67, Train Loss: 0.2869, Val Loss: 0.1913, Val Acc: 0.9905
Precision: 0.9963, Recall: 0.9912, F1-Score: 0.9932
Fold 4, Epoch 68, Train Loss: 0.2904, Val Loss: 0.1748, Val Acc: 0.9907
Precision: 0.9964, Recall: 0.9913, F1-Score: 0.9933
Fold 4, Epoch 69, Train Loss: 0.2812, Val Loss: 0.1700, Val Acc: 0.9909

--- Epoch 70 ---
--- Epoch 70 ---
--- Epoch 70 ---



--- Epoch 70 ---
Class Weights: [2.1213975e-05 5.5429570e-02 5.7839550e-02 5.3931475e-02 5.5429570e-02
 5.7013273e-02 5.5429570e-02 5.5429570e-02 5.3931475e-02 5.7013273e-02
 5.3931475e-02 6.2358264e-02 5.4670259e-02 5.3931475e-02 5.3212386e-02
 5.1165756e-02 5.3931475e-02 6.1398908e-02 5.3931475e-02]Class Weights: [2.1213975e-05 5.5429570e-02 5.7839550e-02 5.3931475e-02 5.5429570e-02
 5.7013273e-02 5.5429570e-02 5.5429570e-02 5.3931475e-02 5.7013273e-02
 5.3931475e-02 6.2358264e-02 5.4670259e-02 5.3931475e-02 5.3212386e-02
 5.1165756e-02 5.3931475e-02 6.1398908e-02 5.3931475e-02]Class Weights: [2.1213975e-05 5.5429570e-02 5.7839550e-02 5.3931475e-02 5.5429570e-02
 5.7013273e-02 5.5429570e-02 5.5429570e-02 5.3931475e-02 5.7013273e-02
 5.3931475e-02 6.2358264e-02 5.4670259e-02 5.3931475e-02 5.3212386e-02
 5.1165756e-02 5.3931475e-02 6.1398908e-02 5.3931475e-02]


Learning Rate: 0.005Learning Rate: 0.005
Learning Rate: 0.005

Class Weights: [2.1213975e-05 5.5429570e-02 5.7839550e-02 5.3931475e-02 5.5429570e-02
 5.7013273e-02 5.5429570e-02 5.5429570e-02 5.3931475e-02 5.7013273e-02
 5.3931475e-02 6.2358264e-02 5.4670259e-02 5.3931475e-02 5.3212386e-02
 5.1165756e-02 5.3931475e-02 6.1398908e-02 5.3931475e-02]
Learning Rate: 0.005
Train Loss: 0.2845, Val Loss: 0.1682Train Loss: 0.2845, Val Loss: 0.1682
Train Loss: 0.2845, Val Loss: 0.1682

Train Loss: 0.2845, Val Loss: 0.1682
Per-Class Precision: [0.99996571 0.62053571 0.82417582 0.58801498 0.31132075 0.58333333
 0.49342105 0.38162544 0.25116279 0.26765799 0.06578947 0.48770492
 0.26068376 0.49390244 0.34027778 0.65625    0.45967742 0.56363636
 0.64102564]
Per-Class Recall: [0.99216191 0.92666667 1.         0.89714286 0.99       0.98
 0.85714286 0.864      0.72       0.96       1.         0.595
 0.81333333 0.81       0.98       0.84       0.912      0.992
 1.        ]
Per-Class F1-Score: [0.99604852 0.74331551 0.90361446 0.71040724 0.47368421 0.73134328
 0.6263048  0.52941176 0.37241379 0.41860465 0.12345679 0.53603604
 0.39482201 0.61363636 0.50515464 0.73684211 0.61126005 0.71884058
 0.78125   ]
Support per Class: [293949    150     75    175    100    100    175    125     75    150
     25    200     75    100     50    125    125    125     75]
Weighted Precision: 0.9964, Weighted Recall: 0.9914, Weighted F1-Score: 0.9934
Precision: 0.9964, Recall: 0.9914, F1-Score: 0.9934
Fold 4, Epoch 70, Train Loss: 0.2845, Val Loss: 0.1682, Val Acc: 0.9910
Precision: 0.9962, Recall: 0.9911, F1-Score: 0.9931
Fold 4, Epoch 71, Train Loss: 0.2879, Val Loss: 0.1787, Val Acc: 0.9904
Precision: 0.9963, Recall: 0.9911, F1-Score: 0.9932
Fold 4, Epoch 72, Train Loss: 0.2942, Val Loss: 0.2113, Val Acc: 0.9907
Precision: 0.9963, Recall: 0.9912, F1-Score: 0.9932
Fold 4, Epoch 73, Train Loss: 0.3166, Val Loss: 0.1772, Val Acc: 0.9908
Precision: 0.9963, Recall: 0.9910, F1-Score: 0.9931
Fold 4, Epoch 74, Train Loss: 0.3474, Val Loss: 0.1923, Val Acc: 0.9906
Precision: 0.9963, Recall: 0.9909, F1-Score: 0.9931
Fold 4, Epoch 75, Train Loss: 0.3050, Val Loss: 0.1971, Val Acc: 0.9892
Precision: 0.9962, Recall: 0.9911, F1-Score: 0.9931
Fold 4, Epoch 76, Train Loss: 0.3113, Val Loss: 0.1887, Val Acc: 0.9906
Precision: 0.9963, Recall: 0.9907, F1-Score: 0.9929
Fold 4, Epoch 77, Train Loss: 0.3048, Val Loss: 0.1781, Val Acc: 0.9901
Precision: 0.9963, Recall: 0.9912, F1-Score: 0.9932
Fold 4, Epoch 78, Train Loss: 0.2857, Val Loss: 0.1790, Val Acc: 0.9908
Precision: 0.9962, Recall: 0.9901, F1-Score: 0.9926
Fold 4, Epoch 79, Train Loss: 0.2980, Val Loss: 0.1714, Val Acc: 0.9893

--- Epoch 80 ---
--- Epoch 80 ---
--- Epoch 80 ---


--- Epoch 80 ---

Class Weights: [2.1213975e-05 5.5429570e-02 5.7839550e-02 5.3931475e-02 5.5429570e-02
 5.7013273e-02 5.5429570e-02 5.5429570e-02 5.3931475e-02 5.7013273e-02
 5.3931475e-02 6.2358264e-02 5.4670259e-02 5.3931475e-02 5.3212386e-02
 5.1165756e-02 5.3931475e-02 6.1398908e-02 5.3931475e-02]Class Weights: [2.1213975e-05 5.5429570e-02 5.7839550e-02 5.3931475e-02 5.5429570e-02
 5.7013273e-02 5.5429570e-02 5.5429570e-02 5.3931475e-02 5.7013273e-02
 5.3931475e-02 6.2358264e-02 5.4670259e-02 5.3931475e-02 5.3212386e-02
 5.1165756e-02 5.3931475e-02 6.1398908e-02 5.3931475e-02]Class Weights: [2.1213975e-05 5.5429570e-02 5.7839550e-02 5.3931475e-02 5.5429570e-02
 5.7013273e-02 5.5429570e-02 5.5429570e-02 5.3931475e-02 5.7013273e-02
 5.3931475e-02 6.2358264e-02 5.4670259e-02 5.3931475e-02 5.3212386e-02
 5.1165756e-02 5.3931475e-02 6.1398908e-02 5.3931475e-02]Class Weights: [2.1213975e-05 5.5429570e-02 5.7839550e-02 5.3931475e-02 5.5429570e-02
 5.7013273e-02 5.5429570e-02 5.5429570e-02 5.3931475e-02 5.7013273e-02
 5.3931475e-02 6.2358264e-02 5.4670259e-02 5.3931475e-02 5.3212386e-02
 5.1165756e-02 5.3931475e-02 6.1398908e-02 5.3931475e-02]



Learning Rate: 0.005Learning Rate: 0.005
Learning Rate: 0.005
Learning Rate: 0.005

Train Loss: 0.3014, Val Loss: 0.2490Train Loss: 0.3014, Val Loss: 0.2490

Train Loss: 0.3014, Val Loss: 0.2490Train Loss: 0.3014, Val Loss: 0.2490

Per-Class Precision: [0.99996572 0.57575758 0.74747475 0.50617284 0.3032491  0.624
 0.6023622  0.328125   0.12473118 0.30935252 0.08636364 0.33738602
 0.21825397 0.41871921 0.31944444 0.67283951 0.47639485 0.5952381
 0.62711864]
Per-Class Recall: [0.99241705 0.88666667 0.98666667 0.93714286 0.84       0.78
 0.87428571 0.84       0.77333333 0.57333333 0.76       0.555
 0.73333333 0.85       0.92       0.872      0.888      1.
 0.98666667]
Per-Class F1-Score: [0.99617709 0.69816273 0.85057471 0.65731463 0.44562334 0.69333333
 0.71328671 0.47191011 0.21481481 0.40186916 0.15510204 0.41965974
 0.33639144 0.56105611 0.4742268  0.75958188 0.62011173 0.74626866
 0.76683938]
Support per Class: [293949    150     75    175    100    100    175    125     75    150
     25    200     75    100     50    125    125    125     75]
Weighted Precision: 0.9963, Weighted Recall: 0.9913, Weighted F1-Score: 0.9933
Precision: 0.9963, Recall: 0.9913, F1-Score: 0.9933
Fold 4, Epoch 80, Train Loss: 0.3014, Val Loss: 0.2490, Val Acc: 0.9907
Precision: 0.9962, Recall: 0.9908, F1-Score: 0.9930
Fold 4, Epoch 81, Train Loss: 0.3169, Val Loss: 0.1858, Val Acc: 0.9903
Precision: 0.9963, Recall: 0.9911, F1-Score: 0.9932
Fold 4, Epoch 82, Train Loss: 0.2904, Val Loss: 0.1908, Val Acc: 0.9906
Precision: 0.9964, Recall: 0.9913, F1-Score: 0.9934
Fold 4, Epoch 83, Train Loss: 0.2901, Val Loss: 0.1758, Val Acc: 0.9909
Precision: 0.9964, Recall: 0.9912, F1-Score: 0.9933
Fold 4, Epoch 84, Train Loss: 0.2930, Val Loss: 0.1754, Val Acc: 0.9907
Precision: 0.9965, Recall: 0.9914, F1-Score: 0.9934
Fold 4, Epoch 85, Train Loss: 0.2838, Val Loss: 0.1639, Val Acc: 0.9909
Precision: 0.9964, Recall: 0.9913, F1-Score: 0.9934
Fold 4, Epoch 86, Train Loss: 0.2917, Val Loss: 0.1749, Val Acc: 0.9908
Precision: 0.9963, Recall: 0.9910, F1-Score: 0.9932
Fold 4, Epoch 87, Train Loss: 0.2993, Val Loss: 0.1976, Val Acc: 0.9905
Precision: 0.9962, Recall: 0.9910, F1-Score: 0.9931
Fold 4, Epoch 88, Train Loss: 0.3088, Val Loss: 0.1826, Val Acc: 0.9904
Precision: 0.9962, Recall: 0.9910, F1-Score: 0.9931
Fold 4, Epoch 89, Train Loss: 0.3051, Val Loss: 0.1961, Val Acc: 0.9905

--- Epoch 90 ---
--- Epoch 90 ---
--- Epoch 90 ---



--- Epoch 90 ---
Class Weights: [2.1213975e-05 5.5429570e-02 5.7839550e-02 5.3931475e-02 5.5429570e-02
 5.7013273e-02 5.5429570e-02 5.5429570e-02 5.3931475e-02 5.7013273e-02
 5.3931475e-02 6.2358264e-02 5.4670259e-02 5.3931475e-02 5.3212386e-02
 5.1165756e-02 5.3931475e-02 6.1398908e-02 5.3931475e-02]Class Weights: [2.1213975e-05 5.5429570e-02 5.7839550e-02 5.3931475e-02 5.5429570e-02
 5.7013273e-02 5.5429570e-02 5.5429570e-02 5.3931475e-02 5.7013273e-02
 5.3931475e-02 6.2358264e-02 5.4670259e-02 5.3931475e-02 5.3212386e-02
 5.1165756e-02 5.3931475e-02 6.1398908e-02 5.3931475e-02]Class Weights: [2.1213975e-05 5.5429570e-02 5.7839550e-02 5.3931475e-02 5.5429570e-02
 5.7013273e-02 5.5429570e-02 5.5429570e-02 5.3931475e-02 5.7013273e-02
 5.3931475e-02 6.2358264e-02 5.4670259e-02 5.3931475e-02 5.3212386e-02
 5.1165756e-02 5.3931475e-02 6.1398908e-02 5.3931475e-02]

Class Weights: [2.1213975e-05 5.5429570e-02 5.7839550e-02 5.3931475e-02 5.5429570e-02
 5.7013273e-02 5.5429570e-02 5.5429570e-02 5.3931475e-02 5.7013273e-02
 5.3931475e-02 6.2358264e-02 5.4670259e-02 5.3931475e-02 5.3212386e-02
 5.1165756e-02 5.3931475e-02 6.1398908e-02 5.3931475e-02]
Learning Rate: 0.005Learning Rate: 0.005

Learning Rate: 0.005

Learning Rate: 0.005
Train Loss: 0.3190, Val Loss: 0.1841Train Loss: 0.3190, Val Loss: 0.1841Train Loss: 0.3190, Val Loss: 0.1841


Train Loss: 0.3190, Val Loss: 0.1841
Per-Class Precision: [0.99996914 0.63425926 0.92405063 0.54193548 0.2962963  0.53409091
 0.48543689 0.330033   0.20955882 0.29183673 0.06097561 0.38461538
 0.33522727 0.49677419 0.35344828 0.60493827 0.40780142 0.7012987
 0.6097561 ]
Per-Class Recall: [0.99210407 0.91333333 0.97333333 0.96       0.8        0.94
 0.85714286 0.8        0.76       0.95333333 0.8        0.8
 0.78666667 0.77       0.82       0.784      0.92       0.864
 1.        ]
Per-Class F1-Score: [0.99602108 0.74863388 0.94805195 0.69278351 0.43243243 0.68115942
 0.61983471 0.46728972 0.32853026 0.446875   0.11331445 0.51948052
 0.47011952 0.60392157 0.4939759  0.68292683 0.56511057 0.77419355
 0.75757576]
Support per Class: [293949    150     75    175    100    100    175    125     75    150
     25    200     75    100     50    125    125    125     75]
Weighted Precision: 0.9964, Weighted Recall: 0.9912, Weighted F1-Score: 0.9933
Precision: 0.9964, Recall: 0.9912, F1-Score: 0.9933
Fold 4, Epoch 90, Train Loss: 0.3190, Val Loss: 0.1841, Val Acc: 0.9908
Precision: 0.9962, Recall: 0.9907, F1-Score: 0.9929
Fold 4, Epoch 91, Train Loss: 0.3022, Val Loss: 0.1938, Val Acc: 0.9902
Precision: 0.9962, Recall: 0.9912, F1-Score: 0.9932
Fold 4, Epoch 92, Train Loss: 0.3040, Val Loss: 0.1889, Val Acc: 0.9908
Precision: 0.9963, Recall: 0.9910, F1-Score: 0.9931
Fold 4, Epoch 93, Train Loss: 0.3085, Val Loss: 0.1875, Val Acc: 0.9905
Precision: 0.9962, Recall: 0.9912, F1-Score: 0.9932
Fold 4, Epoch 94, Train Loss: 0.3029, Val Loss: 0.2126, Val Acc: 0.9907
Precision: 0.9961, Recall: 0.9907, F1-Score: 0.9928
Fold 4, Epoch 95, Train Loss: 0.3153, Val Loss: 0.1922, Val Acc: 0.9900
Precision: 0.9964, Recall: 0.9913, F1-Score: 0.9934
Fold 4, Epoch 96, Train Loss: 0.3166, Val Loss: 0.1982, Val Acc: 0.9909
Precision: 0.9963, Recall: 0.9911, F1-Score: 0.9931
Fold 4, Epoch 97, Train Loss: 0.3129, Val Loss: 0.1784, Val Acc: 0.9905
Precision: 0.9962, Recall: 0.9910, F1-Score: 0.9931
Fold 4, Epoch 98, Train Loss: 0.2847, Val Loss: 0.1899, Val Acc: 0.9901
Precision: 0.9962, Recall: 0.9911, F1-Score: 0.9931
Fold 4, Epoch 99, Train Loss: 0.2928, Val Loss: 0.1794, Val Acc: 0.9906

--- Epoch 100 ---
--- Epoch 100 ---


--- Epoch 100 ---

--- Epoch 100 ---
Class Weights: [2.1213975e-05 5.5429570e-02 5.7839550e-02 5.3931475e-02 5.5429570e-02
 5.7013273e-02 5.5429570e-02 5.5429570e-02 5.3931475e-02 5.7013273e-02
 5.3931475e-02 6.2358264e-02 5.4670259e-02 5.3931475e-02 5.3212386e-02
 5.1165756e-02 5.3931475e-02 6.1398908e-02 5.3931475e-02]Class Weights: [2.1213975e-05 5.5429570e-02 5.7839550e-02 5.3931475e-02 5.5429570e-02
 5.7013273e-02 5.5429570e-02 5.5429570e-02 5.3931475e-02 5.7013273e-02
 5.3931475e-02 6.2358264e-02 5.4670259e-02 5.3931475e-02 5.3212386e-02
 5.1165756e-02 5.3931475e-02 6.1398908e-02 5.3931475e-02]

Learning Rate: 0.005Learning Rate: 0.005
Class Weights: [2.1213975e-05 5.5429570e-02 5.7839550e-02 5.3931475e-02 5.5429570e-02
 5.7013273e-02 5.5429570e-02 5.5429570e-02 5.3931475e-02 5.7013273e-02
 5.3931475e-02 6.2358264e-02 5.4670259e-02 5.3931475e-02 5.3212386e-02
 5.1165756e-02 5.3931475e-02 6.1398908e-02 5.3931475e-02]

Learning Rate: 0.005
Class Weights: [2.1213975e-05 5.5429570e-02 5.7839550e-02 5.3931475e-02 5.5429570e-02
 5.7013273e-02 5.5429570e-02 5.5429570e-02 5.3931475e-02 5.7013273e-02
 5.3931475e-02 6.2358264e-02 5.4670259e-02 5.3931475e-02 5.3212386e-02
 5.1165756e-02 5.3931475e-02 6.1398908e-02 5.3931475e-02]Train Loss: 0.2824, Val Loss: 0.1781

Learning Rate: 0.005
Train Loss: 0.2824, Val Loss: 0.1781
Train Loss: 0.2824, Val Loss: 0.1781
Train Loss: 0.2824, Val Loss: 0.1781
Per-Class Precision: [0.99996571 0.62672811 0.83146067 0.54516129 0.24043716 0.57931034
 0.54372624 0.30726257 0.23148148 0.30277186 0.06647399 0.37746479
 0.31097561 0.49358974 0.36190476 0.55251142 0.41970803 0.57075472
 0.74257426]
Per-Class Recall: [0.99200542 0.90666667 0.98666667 0.96571429 0.88       0.84
 0.81714286 0.88       0.66666667 0.94666667 0.92       0.67
 0.68       0.77       0.76       0.968      0.92       0.968
 1.        ]
Per-Class F1-Score: [0.99596966 0.74114441 0.90243902 0.69690722 0.3776824  0.68571429
 0.65296804 0.45548654 0.34364261 0.45880452 0.12398922 0.48288288
 0.42677824 0.6015625  0.49032258 0.70348837 0.5764411  0.71810089
 0.85227273]
Support per Class: [293949    150     75    175    100    100    175    125     75    150
     25    200     75    100     50    125    125    125     75]
Weighted Precision: 0.9963, Weighted Recall: 0.9911, Weighted F1-Score: 0.9932
Precision: 0.9963, Recall: 0.9911, F1-Score: 0.9932
Fold 4, Epoch 100, Train Loss: 0.2824, Val Loss: 0.1781, Val Acc: 0.9906
Precision: 0.9964, Recall: 0.9913, F1-Score: 0.9934
Fold 4, Epoch 101, Train Loss: 0.3320, Val Loss: 0.1766, Val Acc: 0.9909
Precision: 0.9961, Recall: 0.9912, F1-Score: 0.9931
Fold 4, Epoch 102, Train Loss: 0.3124, Val Loss: 0.1902, Val Acc: 0.9907
Precision: 0.9962, Recall: 0.9910, F1-Score: 0.9931
Fold 4, Epoch 103, Train Loss: 0.3143, Val Loss: 0.2093, Val Acc: 0.9906
Precision: 0.9961, Recall: 0.9911, F1-Score: 0.9931
Fold 4, Epoch 104, Train Loss: 0.2782, Val Loss: 0.1916, Val Acc: 0.9907
Precision: 0.9963, Recall: 0.9910, F1-Score: 0.9931
Fold 4, Epoch 105, Train Loss: 0.2883, Val Loss: 0.1965, Val Acc: 0.9905
Precision: 0.9962, Recall: 0.9912, F1-Score: 0.9932
Fold 4, Epoch 106, Train Loss: 0.2995, Val Loss: 0.1852, Val Acc: 0.9908
Precision: 0.9963, Recall: 0.9912, F1-Score: 0.9933
Fold 4, Epoch 107, Train Loss: 0.2867, Val Loss: 0.1982, Val Acc: 0.9908
Precision: 0.9963, Recall: 0.9909, F1-Score: 0.9931
Fold 4, Epoch 108, Train Loss: 0.2847, Val Loss: 0.1753, Val Acc: 0.9905
Precision: 0.9963, Recall: 0.9913, F1-Score: 0.9933
Fold 4, Epoch 109, Train Loss: 0.2942, Val Loss: 0.1739, Val Acc: 0.9908

--- Epoch 110 ---
--- Epoch 110 ---
--- Epoch 110 ---



--- Epoch 110 ---
Class Weights: [2.1213975e-05 5.5429570e-02 5.7839550e-02 5.3931475e-02 5.5429570e-02
 5.7013273e-02 5.5429570e-02 5.5429570e-02 5.3931475e-02 5.7013273e-02
 5.3931475e-02 6.2358264e-02 5.4670259e-02 5.3931475e-02 5.3212386e-02
 5.1165756e-02 5.3931475e-02 6.1398908e-02 5.3931475e-02]Class Weights: [2.1213975e-05 5.5429570e-02 5.7839550e-02 5.3931475e-02 5.5429570e-02
 5.7013273e-02 5.5429570e-02 5.5429570e-02 5.3931475e-02 5.7013273e-02
 5.3931475e-02 6.2358264e-02 5.4670259e-02 5.3931475e-02 5.3212386e-02
 5.1165756e-02 5.3931475e-02 6.1398908e-02 5.3931475e-02]Class Weights: [2.1213975e-05 5.5429570e-02 5.7839550e-02 5.3931475e-02 5.5429570e-02
 5.7013273e-02 5.5429570e-02 5.5429570e-02 5.3931475e-02 5.7013273e-02
 5.3931475e-02 6.2358264e-02 5.4670259e-02 5.3931475e-02 5.3212386e-02
 5.1165756e-02 5.3931475e-02 6.1398908e-02 5.3931475e-02]Class Weights: [2.1213975e-05 5.5429570e-02 5.7839550e-02 5.3931475e-02 5.5429570e-02
 5.7013273e-02 5.5429570e-02 5.5429570e-02 5.3931475e-02 5.7013273e-02
 5.3931475e-02 6.2358264e-02 5.4670259e-02 5.3931475e-02 5.3212386e-02
 5.1165756e-02 5.3931475e-02 6.1398908e-02 5.3931475e-02]



Learning Rate: 0.005Learning Rate: 0.005Learning Rate: 0.005
Learning Rate: 0.005


Train Loss: 0.2865, Val Loss: 0.1907
Train Loss: 0.2865, Val Loss: 0.1907Train Loss: 0.2865, Val Loss: 0.1907

Train Loss: 0.2865, Val Loss: 0.1907
Per-Class Precision: [0.99996571 0.61674009 0.80434783 0.42929293 0.28054299 0.54705882
 0.37914692 0.35315985 0.20952381 0.32093023 0.07984791 0.32653061
 0.19714286 0.4691358  0.34328358 0.75       0.42028986 0.51037344
 0.68807339]
Per-Class Recall: [0.99204624 0.93333333 0.98666667 0.97142857 0.62       0.93
 0.91428571 0.76       0.58666667 0.92       0.84       0.4
 0.92       0.76       0.92       0.816      0.928      0.984
 1.        ]
Per-Class F1-Score: [0.99599023 0.74270557 0.88622754 0.59544658 0.38629283 0.68888889
 0.5360134  0.4822335  0.30877193 0.47586207 0.14583333 0.35955056
 0.32470588 0.58015267 0.5        0.7816092  0.57855362 0.67213115
 0.81521739]
Support per Class: [293949    150     75    175    100    100    175    125     75    150
     25    200     75    100     50    125    125    125     75]
Weighted Precision: 0.9961, Weighted Recall: 0.9909, Weighted F1-Score: 0.9930
Precision: 0.9961, Recall: 0.9909, F1-Score: 0.9930
Fold 4, Epoch 110, Train Loss: 0.2865, Val Loss: 0.1907, Val Acc: 0.9906
Precision: 0.9962, Recall: 0.9911, F1-Score: 0.9931
Fold 4, Epoch 111, Train Loss: 0.2743, Val Loss: 0.1914, Val Acc: 0.9905
Precision: 0.9963, Recall: 0.9909, F1-Score: 0.9931
Fold 4, Epoch 112, Train Loss: 0.2947, Val Loss: 0.1788, Val Acc: 0.9905
Precision: 0.9962, Recall: 0.9911, F1-Score: 0.9932
Fold 4, Epoch 113, Train Loss: 0.2938, Val Loss: 0.1982, Val Acc: 0.9907
Precision: 0.9962, Recall: 0.9906, F1-Score: 0.9930
Fold 4, Epoch 114, Train Loss: 0.3205, Val Loss: 0.2371, Val Acc: 0.9902
Precision: 0.9963, Recall: 0.9909, F1-Score: 0.9931
Fold 4, Epoch 115, Train Loss: 0.3415, Val Loss: 0.2141, Val Acc: 0.9905
Precision: 0.9963, Recall: 0.9525, F1-Score: 0.9733
Fold 4, Epoch 116, Train Loss: 0.3294, Val Loss: 0.2160, Val Acc: 0.9540
Precision: 0.9961, Recall: 0.9908, F1-Score: 0.9930
Fold 4, Epoch 117, Train Loss: 0.3026, Val Loss: 0.2298, Val Acc: 0.9903
Precision: 0.9963, Recall: 0.9910, F1-Score: 0.9931
Fold 4, Epoch 118, Train Loss: 0.3401, Val Loss: 0.1936, Val Acc: 0.9906
Precision: 0.9963, Recall: 0.9911, F1-Score: 0.9932
Fold 4, Epoch 119, Train Loss: 0.3027, Val Loss: 0.1852, Val Acc: 0.9906

--- Epoch 120 ---
--- Epoch 120 ---
--- Epoch 120 ---



--- Epoch 120 ---
Class Weights: [2.1213975e-05 5.5429570e-02 5.7839550e-02 5.3931475e-02 5.5429570e-02
 5.7013273e-02 5.5429570e-02 5.5429570e-02 5.3931475e-02 5.7013273e-02
 5.3931475e-02 6.2358264e-02 5.4670259e-02 5.3931475e-02 5.3212386e-02
 5.1165756e-02 5.3931475e-02 6.1398908e-02 5.3931475e-02]Class Weights: [2.1213975e-05 5.5429570e-02 5.7839550e-02 5.3931475e-02 5.5429570e-02
 5.7013273e-02 5.5429570e-02 5.5429570e-02 5.3931475e-02 5.7013273e-02
 5.3931475e-02 6.2358264e-02 5.4670259e-02 5.3931475e-02 5.3212386e-02
 5.1165756e-02 5.3931475e-02 6.1398908e-02 5.3931475e-02]Class Weights: [2.1213975e-05 5.5429570e-02 5.7839550e-02 5.3931475e-02 5.5429570e-02
 5.7013273e-02 5.5429570e-02 5.5429570e-02 5.3931475e-02 5.7013273e-02
 5.3931475e-02 6.2358264e-02 5.4670259e-02 5.3931475e-02 5.3212386e-02
 5.1165756e-02 5.3931475e-02 6.1398908e-02 5.3931475e-02]

Class Weights: [2.1213975e-05 5.5429570e-02 5.7839550e-02 5.3931475e-02 5.5429570e-02
 5.7013273e-02 5.5429570e-02 5.5429570e-02 5.3931475e-02 5.7013273e-02
 5.3931475e-02 6.2358264e-02 5.4670259e-02 5.3931475e-02 5.3212386e-02
 5.1165756e-02 5.3931475e-02 6.1398908e-02 5.3931475e-02]
Learning Rate: 0.005Learning Rate: 0.005


Learning Rate: 0.005Learning Rate: 0.005

Train Loss: 0.3099, Val Loss: 0.1859
Train Loss: 0.3099, Val Loss: 0.1859
Train Loss: 0.3099, Val Loss: 0.1859Train Loss: 0.3099, Val Loss: 0.1859

Per-Class Precision: [0.99996571 0.63981043 0.74257426 0.42525773 0.27638191 0.59210526
 0.54151625 0.40740741 0.22265625 0.26459854 0.06593407 0.41530055
 0.27       0.50704225 0.40869565 0.65088757 0.44444444 0.56053812
 0.67567568]
Per-Class Recall: [0.99207686 0.9        1.         0.94285714 0.55       0.9
 0.85714286 0.88       0.76       0.96666667 0.96       0.76
 0.72       0.72       0.94       0.88       0.896      1.
 1.        ]
Per-Class F1-Score: [0.99600566 0.74792244 0.85227273 0.58614565 0.36789298 0.71428571
 0.66371681 0.55696203 0.34441088 0.41547278 0.12339332 0.53710247
 0.39272727 0.59504132 0.56969697 0.74829932 0.59416446 0.7183908
 0.80645161]
Support per Class: [293949    150     75    175    100    100    175    125     75    150
     25    200     75    100     50    125    125    125     75]
Weighted Precision: 0.9963, Weighted Recall: 0.9912, Weighted F1-Score: 0.9933
Precision: 0.9963, Recall: 0.9912, F1-Score: 0.9933
Fold 4, Epoch 120, Train Loss: 0.3099, Val Loss: 0.1859, Val Acc: 0.9908
Precision: 0.9963, Recall: 0.9913, F1-Score: 0.9933
Fold 4, Epoch 121, Train Loss: 0.3086, Val Loss: 0.1840, Val Acc: 0.9907
Precision: 0.9964, Recall: 0.9910, F1-Score: 0.9932
Fold 4, Epoch 122, Train Loss: 0.2782, Val Loss: 0.1874, Val Acc: 0.9904
Precision: 0.9964, Recall: 0.9909, F1-Score: 0.9932
Fold 4, Epoch 123, Train Loss: 0.3188, Val Loss: 0.1924, Val Acc: 0.9905
Precision: 0.9963, Recall: 0.9909, F1-Score: 0.9931
Early stopping triggered for Fold 4 at epoch 124
Completed Fold 4
Starting Fold 5
Precision: 0.9959, Recall: 0.9893, F1-Score: 0.9921
Fold 5, Epoch 1, Train Loss: 1.4329, Val Loss: 0.7942, Val Acc: 0.9897
Precision: 0.9953, Recall: 0.9883, F1-Score: 0.9912
Fold 5, Epoch 2, Train Loss: 0.8599, Val Loss: 0.5964, Val Acc: 0.9888
Precision: 0.9957, Recall: 0.9889, F1-Score: 0.9917
Fold 5, Epoch 3, Train Loss: 0.6437, Val Loss: 0.4122, Val Acc: 0.9892
Precision: 0.9961, Recall: 0.9828, F1-Score: 0.9887
Fold 5, Epoch 4, Train Loss: 0.4505, Val Loss: 0.2701, Val Acc: 0.9851
Precision: 0.9961, Recall: 0.9901, F1-Score: 0.9925
Fold 5, Epoch 5, Train Loss: 0.3744, Val Loss: 0.2091, Val Acc: 0.9899
Precision: 0.9961, Recall: 0.9902, F1-Score: 0.9926
Fold 5, Epoch 6, Train Loss: 0.3284, Val Loss: 0.2014, Val Acc: 0.9905
Precision: 0.9961, Recall: 0.9901, F1-Score: 0.9925
Fold 5, Epoch 7, Train Loss: 0.3220, Val Loss: 0.2059, Val Acc: 0.9904
Precision: 0.9962, Recall: 0.9905, F1-Score: 0.9927
Fold 5, Epoch 8, Train Loss: 0.3079, Val Loss: 0.1838, Val Acc: 0.9907
Precision: 0.9962, Recall: 0.9906, F1-Score: 0.9928
Fold 5, Epoch 9, Train Loss: 0.2832, Val Loss: 0.1823, Val Acc: 0.9909

--- Epoch 10 ---
--- Epoch 10 ---
--- Epoch 10 ---



--- Epoch 10 ---
Class Weights: [2.1204974e-05 5.6186419e-02 5.3908594e-02 5.4647066e-02 5.6186419e-02
 5.6186419e-02 5.3189810e-02 5.7815012e-02 6.2331811e-02 5.5406053e-02
 5.4647066e-02 5.1144049e-02 5.4647066e-02 5.2489944e-02 5.3908594e-02
 6.0442965e-02 6.0442965e-02 5.3908594e-02 5.2489944e-02]Class Weights: [2.1204974e-05 5.6186419e-02 5.3908594e-02 5.4647066e-02 5.6186419e-02
 5.6186419e-02 5.3189810e-02 5.7815012e-02 6.2331811e-02 5.5406053e-02
 5.4647066e-02 5.1144049e-02 5.4647066e-02 5.2489944e-02 5.3908594e-02
 6.0442965e-02 6.0442965e-02 5.3908594e-02 5.2489944e-02]Class Weights: [2.1204974e-05 5.6186419e-02 5.3908594e-02 5.4647066e-02 5.6186419e-02
 5.6186419e-02 5.3189810e-02 5.7815012e-02 6.2331811e-02 5.5406053e-02
 5.4647066e-02 5.1144049e-02 5.4647066e-02 5.2489944e-02 5.3908594e-02
 6.0442965e-02 6.0442965e-02 5.3908594e-02 5.2489944e-02]
Class Weights: [2.1204974e-05 5.6186419e-02 5.3908594e-02 5.4647066e-02 5.6186419e-02
 5.6186419e-02 5.3189810e-02 5.7815012e-02 6.2331811e-02 5.5406053e-02
 5.4647066e-02 5.1144049e-02 5.4647066e-02 5.2489944e-02 5.3908594e-02
 6.0442965e-02 6.0442965e-02 5.3908594e-02 5.2489944e-02]


Learning Rate: 0.005Learning Rate: 0.005

Learning Rate: 0.005Learning Rate: 0.005

Train Loss: 0.3033, Val Loss: 0.1714Train Loss: 0.3033, Val Loss: 0.1714

Train Loss: 0.3033, Val Loss: 0.1714Train Loss: 0.3033, Val Loss: 0.1714

Per-Class Precision: [0.99996568 0.50200803 0.78475336 0.36898396 0.25396825 0.57142857
 0.59055118 0.39805825 0.30612245 0.20893372 0.24954792 0.25882353
 0.40531561 0.39370079 0.45588235 0.63684211 0.36575875 0.72115385
 0.66371681]
Per-Class Recall: [0.99129781 1.         1.         0.92       0.85333333 0.84
 0.75       0.82       1.         0.96666667 0.92       0.66
 0.81333333 0.66666667 0.82666667 0.968      0.94       1.
 1.        ]
Per-Class F1-Score: [0.99561288 0.6684492  0.87939698 0.52671756 0.39143731 0.68016194
 0.66079295 0.53594771 0.46875    0.3436019  0.39260313 0.37183099
 0.54101996 0.4950495  0.58767773 0.76825397 0.52661064 0.83798883
 0.79787234]
Support per Class: [293949    125    175     75     75    100    100    150     75    150
    150    100    150     75     75    125    100    150     75]
Weighted Precision: 0.9963, Weighted Recall: 0.9906, Weighted F1-Score: 0.9929
Precision: 0.9963, Recall: 0.9906, F1-Score: 0.9929
Fold 5, Epoch 10, Train Loss: 0.3033, Val Loss: 0.1714, Val Acc: 0.9909
Precision: 0.9962, Recall: 0.9910, F1-Score: 0.9931
Fold 5, Epoch 11, Train Loss: 0.3008, Val Loss: 0.1880, Val Acc: 0.9913
Precision: 0.9961, Recall: 0.9901, F1-Score: 0.9926
Fold 5, Epoch 12, Train Loss: 0.3164, Val Loss: 0.1989, Val Acc: 0.9904
Precision: 0.9962, Recall: 0.9906, F1-Score: 0.9928
Fold 5, Epoch 13, Train Loss: 0.2922, Val Loss: 0.1810, Val Acc: 0.9909
Precision: 0.9962, Recall: 0.9907, F1-Score: 0.9929
Fold 5, Epoch 14, Train Loss: 0.2939, Val Loss: 0.1799, Val Acc: 0.9909
Precision: 0.9963, Recall: 0.9908, F1-Score: 0.9929
Fold 5, Epoch 15, Train Loss: 0.2644, Val Loss: 0.1791, Val Acc: 0.9911
Precision: 0.9963, Recall: 0.9896, F1-Score: 0.9923
Fold 5, Epoch 16, Train Loss: 0.2867, Val Loss: 0.1756, Val Acc: 0.9896
Precision: 0.9962, Recall: 0.9903, F1-Score: 0.9927
Fold 5, Epoch 17, Train Loss: 0.2716, Val Loss: 0.1847, Val Acc: 0.9907
Precision: 0.9962, Recall: 0.9907, F1-Score: 0.9928
Fold 5, Epoch 18, Train Loss: 0.3024, Val Loss: 0.1842, Val Acc: 0.9910
Precision: 0.9961, Recall: 0.9864, F1-Score: 0.9905
Fold 5, Epoch 19, Train Loss: 0.2840, Val Loss: 0.1771, Val Acc: 0.9874

--- Epoch 20 ---
--- Epoch 20 ---
--- Epoch 20 ---



--- Epoch 20 ---
Class Weights: [2.1204974e-05 5.6186419e-02 5.3908594e-02 5.4647066e-02 5.6186419e-02
 5.6186419e-02 5.3189810e-02 5.7815012e-02 6.2331811e-02 5.5406053e-02
 5.4647066e-02 5.1144049e-02 5.4647066e-02 5.2489944e-02 5.3908594e-02
 6.0442965e-02 6.0442965e-02 5.3908594e-02 5.2489944e-02]Class Weights: [2.1204974e-05 5.6186419e-02 5.3908594e-02 5.4647066e-02 5.6186419e-02
 5.6186419e-02 5.3189810e-02 5.7815012e-02 6.2331811e-02 5.5406053e-02
 5.4647066e-02 5.1144049e-02 5.4647066e-02 5.2489944e-02 5.3908594e-02
 6.0442965e-02 6.0442965e-02 5.3908594e-02 5.2489944e-02]Class Weights: [2.1204974e-05 5.6186419e-02 5.3908594e-02 5.4647066e-02 5.6186419e-02
 5.6186419e-02 5.3189810e-02 5.7815012e-02 6.2331811e-02 5.5406053e-02
 5.4647066e-02 5.1144049e-02 5.4647066e-02 5.2489944e-02 5.3908594e-02
 6.0442965e-02 6.0442965e-02 5.3908594e-02 5.2489944e-02]

Class Weights: [2.1204974e-05 5.6186419e-02 5.3908594e-02 5.4647066e-02 5.6186419e-02
 5.6186419e-02 5.3189810e-02 5.7815012e-02 6.2331811e-02 5.5406053e-02
 5.4647066e-02 5.1144049e-02 5.4647066e-02 5.2489944e-02 5.3908594e-02
 6.0442965e-02 6.0442965e-02 5.3908594e-02 5.2489944e-02]
Learning Rate: 0.005Learning Rate: 0.005


Learning Rate: 0.005Learning Rate: 0.005

Train Loss: 0.2811, Val Loss: 0.2030Train Loss: 0.2811, Val Loss: 0.2030

Train Loss: 0.2811, Val Loss: 0.2030Train Loss: 0.2811, Val Loss: 0.2030

Per-Class Precision: [0.9999657  0.54585153 0.83173077 0.36507937 0.27822581 0.47894737
 0.41397849 0.26973684 0.22580645 0.23486683 0.26401869 0.20512821
 0.2875     0.31818182 0.3622449  0.74264706 0.38095238 0.78010471
 0.625     ]
Per-Class Recall: [0.99167883 1.         0.98857143 0.92       0.92       0.91
 0.77       0.82       0.74666667 0.64666667 0.75333333 0.4
 0.76666667 0.74666667 0.94666667 0.808      0.96       0.99333333
 1.        ]
Per-Class F1-Score: [0.99580502 0.70621469 0.90339426 0.52272727 0.42724458 0.62758621
 0.53846154 0.40594059 0.34674923 0.34458259 0.39100346 0.27118644
 0.41818182 0.44621514 0.52398524 0.77394636 0.54545455 0.87390029
 0.76923077]
Support per Class: [293949    125    175     75     75    100    100    150     75    150
    150    100    150     75     75    125    100    150     75]
Weighted Precision: 0.9961, Weighted Recall: 0.9906, Weighted F1-Score: 0.9928
Precision: 0.9961, Recall: 0.9906, F1-Score: 0.9928
Fold 5, Epoch 20, Train Loss: 0.2811, Val Loss: 0.2030, Val Acc: 0.9908
Precision: 0.9963, Recall: 0.9898, F1-Score: 0.9924
Fold 5, Epoch 21, Train Loss: 0.2856, Val Loss: 0.1801, Val Acc: 0.9899
Precision: 0.9961, Recall: 0.9842, F1-Score: 0.9894
Fold 5, Epoch 22, Train Loss: 0.3051, Val Loss: 0.1889, Val Acc: 0.9851
Precision: 0.9963, Recall: 0.9907, F1-Score: 0.9929
Fold 5, Epoch 23, Train Loss: 0.2886, Val Loss: 0.1915, Val Acc: 0.9909
Precision: 0.9962, Recall: 0.9908, F1-Score: 0.9930
Fold 5, Epoch 24, Train Loss: 0.3048, Val Loss: 0.1860, Val Acc: 0.9911
Precision: 0.9961, Recall: 0.9905, F1-Score: 0.9927
Fold 5, Epoch 25, Train Loss: 0.3065, Val Loss: 0.1895, Val Acc: 0.9907
Precision: 0.9962, Recall: 0.9900, F1-Score: 0.9926
Fold 5, Epoch 26, Train Loss: 0.3104, Val Loss: 0.2039, Val Acc: 0.9900
Precision: 0.9962, Recall: 0.9904, F1-Score: 0.9927
Fold 5, Epoch 27, Train Loss: 0.3015, Val Loss: 0.1937, Val Acc: 0.9906
Precision: 0.9962, Recall: 0.9908, F1-Score: 0.9929
Fold 5, Epoch 28, Train Loss: 0.2944, Val Loss: 0.2103, Val Acc: 0.9911
Precision: 0.9962, Recall: 0.9905, F1-Score: 0.9928
Fold 5, Epoch 29, Train Loss: 0.2921, Val Loss: 0.1939, Val Acc: 0.9906

--- Epoch 30 ---
--- Epoch 30 ---
--- Epoch 30 ---


--- Epoch 30 ---

Class Weights: [2.1204974e-05 5.6186419e-02 5.3908594e-02 5.4647066e-02 5.6186419e-02
 5.6186419e-02 5.3189810e-02 5.7815012e-02 6.2331811e-02 5.5406053e-02
 5.4647066e-02 5.1144049e-02 5.4647066e-02 5.2489944e-02 5.3908594e-02
 6.0442965e-02 6.0442965e-02 5.3908594e-02 5.2489944e-02]Class Weights: [2.1204974e-05 5.6186419e-02 5.3908594e-02 5.4647066e-02 5.6186419e-02
 5.6186419e-02 5.3189810e-02 5.7815012e-02 6.2331811e-02 5.5406053e-02
 5.4647066e-02 5.1144049e-02 5.4647066e-02 5.2489944e-02 5.3908594e-02
 6.0442965e-02 6.0442965e-02 5.3908594e-02 5.2489944e-02]Class Weights: [2.1204974e-05 5.6186419e-02 5.3908594e-02 5.4647066e-02 5.6186419e-02
 5.6186419e-02 5.3189810e-02 5.7815012e-02 6.2331811e-02 5.5406053e-02
 5.4647066e-02 5.1144049e-02 5.4647066e-02 5.2489944e-02 5.3908594e-02
 6.0442965e-02 6.0442965e-02 5.3908594e-02 5.2489944e-02]Class Weights: [2.1204974e-05 5.6186419e-02 5.3908594e-02 5.4647066e-02 5.6186419e-02
 5.6186419e-02 5.3189810e-02 5.7815012e-02 6.2331811e-02 5.5406053e-02
 5.4647066e-02 5.1144049e-02 5.4647066e-02 5.2489944e-02 5.3908594e-02
 6.0442965e-02 6.0442965e-02 5.3908594e-02 5.2489944e-02]



Learning Rate: 0.005Learning Rate: 0.005
Learning Rate: 0.005
Learning Rate: 0.005

Train Loss: 0.2933, Val Loss: 0.2038Train Loss: 0.2933, Val Loss: 0.2038

Train Loss: 0.2933, Val Loss: 0.2038Train Loss: 0.2933, Val Loss: 0.2038

Per-Class Precision: [0.99996568 0.5186722  0.78636364 0.40522876 0.25793651 0.53416149
 0.30215827 0.33695652 0.2437276  0.2400722  0.32417582 0.16666667
 0.3100304  0.38461538 0.46808511 0.67052023 0.41517857 0.71634615
 0.65789474]
Per-Class Recall: [0.99129101 1.         0.98857143 0.82666667 0.86666667 0.86
 0.84       0.62       0.90666667 0.88666667 0.78666667 0.84
 0.68       0.53333333 0.88       0.928      0.93       0.99333333
 1.        ]
Per-Class F1-Score: [0.99560945 0.68306011 0.87594937 0.54385965 0.39755352 0.65900383
 0.44444444 0.43661972 0.38418079 0.37784091 0.45914397 0.2781457
 0.42588727 0.44692737 0.61111111 0.77852349 0.57407407 0.83240223
 0.79365079]
Support per Class: [293949    125    175     75     75    100    100    150     75    150
    150    100    150     75     75    125    100    150     75]
Weighted Precision: 0.9962, Weighted Recall: 0.9904, Weighted F1-Score: 0.9927
Precision: 0.9962, Recall: 0.9904, F1-Score: 0.9927
Fold 5, Epoch 30, Train Loss: 0.2933, Val Loss: 0.2038, Val Acc: 0.9906
Precision: 0.9963, Recall: 0.9910, F1-Score: 0.9931
Fold 5, Epoch 31, Train Loss: 0.2939, Val Loss: 0.1928, Val Acc: 0.9912
Precision: 0.9963, Recall: 0.9907, F1-Score: 0.9929
Fold 5, Epoch 32, Train Loss: 0.2900, Val Loss: 0.1812, Val Acc: 0.9909
Precision: 0.9963, Recall: 0.9904, F1-Score: 0.9927
Fold 5, Epoch 33, Train Loss: 0.2805, Val Loss: 0.1822, Val Acc: 0.9908
Precision: 0.9960, Recall: 0.9902, F1-Score: 0.9925
Fold 5, Epoch 34, Train Loss: 0.2645, Val Loss: 0.1992, Val Acc: 0.9905
Precision: 0.9964, Recall: 0.9909, F1-Score: 0.9931
Fold 5, Epoch 35, Train Loss: 0.2894, Val Loss: 0.1815, Val Acc: 0.9912
Precision: 0.9962, Recall: 0.9906, F1-Score: 0.9928
Fold 5, Epoch 36, Train Loss: 0.2872, Val Loss: 0.2017, Val Acc: 0.9908
Precision: 0.9961, Recall: 0.9843, F1-Score: 0.9894
Fold 5, Epoch 37, Train Loss: 0.2930, Val Loss: 0.2014, Val Acc: 0.9859
Precision: 0.9962, Recall: 0.9909, F1-Score: 0.9930
Fold 5, Epoch 38, Train Loss: 0.3047, Val Loss: 0.1918, Val Acc: 0.9912
Precision: 0.9962, Recall: 0.9904, F1-Score: 0.9927
Fold 5, Epoch 39, Train Loss: 0.2771, Val Loss: 0.2221, Val Acc: 0.9906

--- Epoch 40 ---
--- Epoch 40 ---

--- Epoch 40 ---


--- Epoch 40 ---
Class Weights: [2.1204974e-05 5.6186419e-02 5.3908594e-02 5.4647066e-02 5.6186419e-02
 5.6186419e-02 5.3189810e-02 5.7815012e-02 6.2331811e-02 5.5406053e-02
 5.4647066e-02 5.1144049e-02 5.4647066e-02 5.2489944e-02 5.3908594e-02
 6.0442965e-02 6.0442965e-02 5.3908594e-02 5.2489944e-02]
Learning Rate: 0.005
Train Loss: 0.2843, Val Loss: 0.2146
Class Weights: [2.1204974e-05 5.6186419e-02 5.3908594e-02 5.4647066e-02 5.6186419e-02
 5.6186419e-02 5.3189810e-02 5.7815012e-02 6.2331811e-02 5.5406053e-02
 5.4647066e-02 5.1144049e-02 5.4647066e-02 5.2489944e-02 5.3908594e-02
 6.0442965e-02 6.0442965e-02 5.3908594e-02 5.2489944e-02]Class Weights: [2.1204974e-05 5.6186419e-02 5.3908594e-02 5.4647066e-02 5.6186419e-02
 5.6186419e-02 5.3189810e-02 5.7815012e-02 6.2331811e-02 5.5406053e-02
 5.4647066e-02 5.1144049e-02 5.4647066e-02 5.2489944e-02 5.3908594e-02
 6.0442965e-02 6.0442965e-02 5.3908594e-02 5.2489944e-02]Class Weights: [2.1204974e-05 5.6186419e-02 5.3908594e-02 5.4647066e-02 5.6186419e-02
 5.6186419e-02 5.3189810e-02 5.7815012e-02 6.2331811e-02 5.5406053e-02
 5.4647066e-02 5.1144049e-02 5.4647066e-02 5.2489944e-02 5.3908594e-02
 6.0442965e-02 6.0442965e-02 5.3908594e-02 5.2489944e-02]


Learning Rate: 0.005Learning Rate: 0.005
Learning Rate: 0.005

Train Loss: 0.2843, Val Loss: 0.2146
Train Loss: 0.2843, Val Loss: 0.2146Train Loss: 0.2843, Val Loss: 0.2146

Per-Class Precision: [0.99996568 0.62189055 0.91208791 0.34871795 0.23741007 0.52222222
 0.52554745 0.27751196 0.23300971 0.18556701 0.22966507 0.2014652
 0.3875     0.40449438 0.38150289 0.6519337  0.38114754 0.78947368
 0.71428571]
Per-Class Recall: [0.99124338 1.         0.94857143 0.90666667 0.88       0.94
 0.72       0.38666667 0.96       0.96       0.96       0.55
 0.62       0.48       0.88       0.944      0.93       1.
 1.        ]
Per-Class F1-Score: [0.99558543 0.76687117 0.92997199 0.5037037  0.37393768 0.67142857
 0.60759494 0.32311978 0.375      0.31101512 0.37065637 0.29490617
 0.47692308 0.43902439 0.53225806 0.77124183 0.54069767 0.88235294
 0.83333333]
Support per Class: [293949    125    175     75     75    100    100    150     75    150
    150    100    150     75     75    125    100    150     75]
Weighted Precision: 0.9963, Weighted Recall: 0.9902, Weighted F1-Score: 0.9927
Precision: 0.9963, Recall: 0.9902, F1-Score: 0.9927
Fold 5, Epoch 40, Train Loss: 0.2843, Val Loss: 0.2146, Val Acc: 0.9905
Precision: 0.9961, Recall: 0.9905, F1-Score: 0.9928
Fold 5, Epoch 41, Train Loss: 0.2962, Val Loss: 0.2165, Val Acc: 0.9908
Precision: 0.9960, Recall: 0.9726, F1-Score: 0.9834
Fold 5, Epoch 42, Train Loss: 0.2846, Val Loss: 0.2067, Val Acc: 0.9774
Precision: 0.9963, Recall: 0.9903, F1-Score: 0.9928
Fold 5, Epoch 43, Train Loss: 0.2990, Val Loss: 0.2203, Val Acc: 0.9907
Precision: 0.9960, Recall: 0.9899, F1-Score: 0.9923
Fold 5, Epoch 44, Train Loss: 0.3303, Val Loss: 0.2185, Val Acc: 0.9901
Precision: 0.9962, Recall: 0.9906, F1-Score: 0.9928
Fold 5, Epoch 45, Train Loss: 0.3184, Val Loss: 0.1947, Val Acc: 0.9908
Precision: 0.9962, Recall: 0.9887, F1-Score: 0.9918
Fold 5, Epoch 46, Train Loss: 0.3043, Val Loss: 0.1968, Val Acc: 0.9891
Precision: 0.9961, Recall: 0.9905, F1-Score: 0.9927
Fold 5, Epoch 47, Train Loss: 0.2875, Val Loss: 0.1925, Val Acc: 0.9906
Precision: 0.9961, Recall: 0.9908, F1-Score: 0.9929
Fold 5, Epoch 48, Train Loss: 0.3056, Val Loss: 0.1954, Val Acc: 0.9910
Precision: 0.9962, Recall: 0.9906, F1-Score: 0.9929
Fold 5, Epoch 49, Train Loss: 0.2965, Val Loss: 0.1985, Val Acc: 0.9909

--- Epoch 50 ---
--- Epoch 50 ---
--- Epoch 50 ---


Class Weights: [2.1204974e-05 5.6186419e-02 5.3908594e-02 5.4647066e-02 5.6186419e-02
 5.6186419e-02 5.3189810e-02 5.7815012e-02 6.2331811e-02 5.5406053e-02
 5.4647066e-02 5.1144049e-02 5.4647066e-02 5.2489944e-02 5.3908594e-02
 6.0442965e-02 6.0442965e-02 5.3908594e-02 5.2489944e-02]Class Weights: [2.1204974e-05 5.6186419e-02 5.3908594e-02 5.4647066e-02 5.6186419e-02
 5.6186419e-02 5.3189810e-02 5.7815012e-02 6.2331811e-02 5.5406053e-02
 5.4647066e-02 5.1144049e-02 5.4647066e-02 5.2489944e-02 5.3908594e-02
 6.0442965e-02 6.0442965e-02 5.3908594e-02 5.2489944e-02]Class Weights: [2.1204974e-05 5.6186419e-02 5.3908594e-02 5.4647066e-02 5.6186419e-02
 5.6186419e-02 5.3189810e-02 5.7815012e-02 6.2331811e-02 5.5406053e-02
 5.4647066e-02 5.1144049e-02 5.4647066e-02 5.2489944e-02 5.3908594e-02
 6.0442965e-02 6.0442965e-02 5.3908594e-02 5.2489944e-02]


Learning Rate: 0.005Learning Rate: 0.005
Learning Rate: 0.005

Train Loss: 0.3003, Val Loss: 0.2089Train Loss: 0.3003, Val Loss: 0.2089


--- Epoch 50 ---
Class Weights: [2.1204974e-05 5.6186419e-02 5.3908594e-02 5.4647066e-02 5.6186419e-02
 5.6186419e-02 5.3189810e-02 5.7815012e-02 6.2331811e-02 5.5406053e-02
 5.4647066e-02 5.1144049e-02 5.4647066e-02 5.2489944e-02 5.3908594e-02
 6.0442965e-02 6.0442965e-02 5.3908594e-02 5.2489944e-02]
Learning Rate: 0.005
Train Loss: 0.3003, Val Loss: 0.2089
Train Loss: 0.3003, Val Loss: 0.2089
Per-Class Precision: [0.99996569 0.46992481 0.78899083 0.34782609 0.256      0.56962025
 0.51351351 0.28940568 0.19839142 0.27039627 0.25626204 0.21705426
 0.3538961  0.36885246 0.35384615 0.72108844 0.43518519 0.67906977
 0.53956835]
Per-Class Recall: [0.99143729 1.         0.98285714 0.85333333 0.85333333 0.9
 0.76       0.74666667 0.98666667 0.77333333 0.88666667 0.56
 0.72666667 0.6        0.92       0.848      0.94       0.97333333
 1.        ]
Per-Class F1-Score: [0.99568323 0.63938619 0.87531807 0.49420849 0.39384615 0.69767442
 0.61290323 0.41713222 0.33035714 0.40069085 0.39760837 0.31284916
 0.47598253 0.45685279 0.51111111 0.77941176 0.59493671 0.8
 0.70093458]
Support per Class: [293949    125    175     75     75    100    100    150     75    150
    150    100    150     75     75    125    100    150     75]
Weighted Precision: 0.9961, Weighted Recall: 0.9905, Weighted F1-Score: 0.9927
Precision: 0.9961, Recall: 0.9905, F1-Score: 0.9927
Fold 5, Epoch 50, Train Loss: 0.3003, Val Loss: 0.2089, Val Acc: 0.9907
Precision: 0.9961, Recall: 0.9900, F1-Score: 0.9925
Fold 5, Epoch 51, Train Loss: 0.2878, Val Loss: 0.2041, Val Acc: 0.9903
Precision: 0.9962, Recall: 0.9905, F1-Score: 0.9928
Fold 5, Epoch 52, Train Loss: 0.2989, Val Loss: 0.2183, Val Acc: 0.9908
Precision: 0.9962, Recall: 0.9904, F1-Score: 0.9928
Fold 5, Epoch 53, Train Loss: 0.3207, Val Loss: 0.2249, Val Acc: 0.9908
Precision: 0.9961, Recall: 0.9905, F1-Score: 0.9928
Fold 5, Epoch 54, Train Loss: 0.3145, Val Loss: 0.2051, Val Acc: 0.9907
Precision: 0.9962, Recall: 0.9906, F1-Score: 0.9928
Fold 5, Epoch 55, Train Loss: 0.3068, Val Loss: 0.2198, Val Acc: 0.9908
Precision: 0.9963, Recall: 0.9906, F1-Score: 0.9929
Fold 5, Epoch 56, Train Loss: 0.2920, Val Loss: 0.2091, Val Acc: 0.9909
Precision: 0.9961, Recall: 0.9898, F1-Score: 0.9924
Fold 5, Epoch 57, Train Loss: 0.3177, Val Loss: 0.2152, Val Acc: 0.9900
Precision: 0.9962, Recall: 0.9906, F1-Score: 0.9928
Fold 5, Epoch 58, Train Loss: 0.3193, Val Loss: 0.2003, Val Acc: 0.9910
Precision: 0.9963, Recall: 0.9894, F1-Score: 0.9923
Fold 5, Epoch 59, Train Loss: 0.2827, Val Loss: 0.2273, Val Acc: 0.9900

--- Epoch 60 ---
--- Epoch 60 ---
--- Epoch 60 ---



--- Epoch 60 ---
Class Weights: [2.1204974e-05 5.6186419e-02 5.3908594e-02 5.4647066e-02 5.6186419e-02
 5.6186419e-02 5.3189810e-02 5.7815012e-02 6.2331811e-02 5.5406053e-02
 5.4647066e-02 5.1144049e-02 5.4647066e-02 5.2489944e-02 5.3908594e-02
 6.0442965e-02 6.0442965e-02 5.3908594e-02 5.2489944e-02]Class Weights: [2.1204974e-05 5.6186419e-02 5.3908594e-02 5.4647066e-02 5.6186419e-02
 5.6186419e-02 5.3189810e-02 5.7815012e-02 6.2331811e-02 5.5406053e-02
 5.4647066e-02 5.1144049e-02 5.4647066e-02 5.2489944e-02 5.3908594e-02
 6.0442965e-02 6.0442965e-02 5.3908594e-02 5.2489944e-02]Class Weights: [2.1204974e-05 5.6186419e-02 5.3908594e-02 5.4647066e-02 5.6186419e-02
 5.6186419e-02 5.3189810e-02 5.7815012e-02 6.2331811e-02 5.5406053e-02
 5.4647066e-02 5.1144049e-02 5.4647066e-02 5.2489944e-02 5.3908594e-02
 6.0442965e-02 6.0442965e-02 5.3908594e-02 5.2489944e-02]Class Weights: [2.1204974e-05 5.6186419e-02 5.3908594e-02 5.4647066e-02 5.6186419e-02
 5.6186419e-02 5.3189810e-02 5.7815012e-02 6.2331811e-02 5.5406053e-02
 5.4647066e-02 5.1144049e-02 5.4647066e-02 5.2489944e-02 5.3908594e-02
 6.0442965e-02 6.0442965e-02 5.3908594e-02 5.2489944e-02]



Learning Rate: 0.005Learning Rate: 0.005
Learning Rate: 0.005Learning Rate: 0.005


Train Loss: 0.3159, Val Loss: 0.2401
Train Loss: 0.3159, Val Loss: 0.2401Train Loss: 0.3159, Val Loss: 0.2401Train Loss: 0.3159, Val Loss: 0.2401


Per-Class Precision: [0.99996569 0.51229508 0.80660377 0.3625731  0.17922078 0.52197802
 0.41011236 0.25652174 0.21192053 0.25544554 0.27708333 0.20136519
 0.30396476 0.185      0.34408602 0.65714286 0.38559322 0.61666667
 0.57692308]
Per-Class Recall: [0.99140667 1.         0.97714286 0.82666667 0.92       0.95
 0.73       0.39333333 0.85333333 0.86       0.88666667 0.59
 0.46       0.49333333 0.85333333 0.736      0.91       0.98666667
 1.        ]
Per-Class F1-Score: [0.99566779 0.67750678 0.88372093 0.50406504 0.3        0.67375887
 0.52517986 0.31052632 0.33952255 0.39389313 0.42222222 0.30025445
 0.36604775 0.26909091 0.49042146 0.69433962 0.54166667 0.75897436
 0.73170732]
Support per Class: [293949    125    175     75     75    100    100    150     75    150
    150    100    150     75     75    125    100    150     75]
Weighted Precision: 0.9959, Weighted Recall: 0.9901, Weighted F1-Score: 0.9925
Precision: 0.9959, Recall: 0.9901, F1-Score: 0.9925
Fold 5, Epoch 60, Train Loss: 0.3159, Val Loss: 0.2401, Val Acc: 0.9904
Precision: 0.9961, Recall: 0.9901, F1-Score: 0.9925
Fold 5, Epoch 61, Train Loss: 0.3040, Val Loss: 0.2152, Val Acc: 0.9902
Precision: 0.9962, Recall: 0.9905, F1-Score: 0.9928
Fold 5, Epoch 62, Train Loss: 0.3150, Val Loss: 0.2275, Val Acc: 0.9908
Precision: 0.9960, Recall: 0.9904, F1-Score: 0.9926
Fold 5, Epoch 63, Train Loss: 0.3137, Val Loss: 0.2029, Val Acc: 0.9908
Precision: 0.9961, Recall: 0.9900, F1-Score: 0.9925
Fold 5, Epoch 64, Train Loss: 0.3048, Val Loss: 0.1981, Val Acc: 0.9904
Precision: 0.9961, Recall: 0.9904, F1-Score: 0.9927
Fold 5, Epoch 65, Train Loss: 0.3146, Val Loss: 0.2107, Val Acc: 0.9907
Precision: 0.9962, Recall: 0.9906, F1-Score: 0.9928
Fold 5, Epoch 66, Train Loss: 0.3238, Val Loss: 0.1869, Val Acc: 0.9909
Precision: 0.9962, Recall: 0.9901, F1-Score: 0.9925
Fold 5, Epoch 67, Train Loss: 0.3068, Val Loss: 0.2012, Val Acc: 0.9903
Precision: 0.9962, Recall: 0.9906, F1-Score: 0.9928
Fold 5, Epoch 68, Train Loss: 0.2902, Val Loss: 0.1977, Val Acc: 0.9908
Precision: 0.9961, Recall: 0.9903, F1-Score: 0.9926
Fold 5, Epoch 69, Train Loss: 0.2740, Val Loss: 0.1892, Val Acc: 0.9905

--- Epoch 70 ---
--- Epoch 70 ---
--- Epoch 70 ---



--- Epoch 70 ---
Class Weights: [2.1204974e-05 5.6186419e-02 5.3908594e-02 5.4647066e-02 5.6186419e-02
 5.6186419e-02 5.3189810e-02 5.7815012e-02 6.2331811e-02 5.5406053e-02
 5.4647066e-02 5.1144049e-02 5.4647066e-02 5.2489944e-02 5.3908594e-02
 6.0442965e-02 6.0442965e-02 5.3908594e-02 5.2489944e-02]Class Weights: [2.1204974e-05 5.6186419e-02 5.3908594e-02 5.4647066e-02 5.6186419e-02
 5.6186419e-02 5.3189810e-02 5.7815012e-02 6.2331811e-02 5.5406053e-02
 5.4647066e-02 5.1144049e-02 5.4647066e-02 5.2489944e-02 5.3908594e-02
 6.0442965e-02 6.0442965e-02 5.3908594e-02 5.2489944e-02]Class Weights: [2.1204974e-05 5.6186419e-02 5.3908594e-02 5.4647066e-02 5.6186419e-02
 5.6186419e-02 5.3189810e-02 5.7815012e-02 6.2331811e-02 5.5406053e-02
 5.4647066e-02 5.1144049e-02 5.4647066e-02 5.2489944e-02 5.3908594e-02
 6.0442965e-02 6.0442965e-02 5.3908594e-02 5.2489944e-02]
Class Weights: [2.1204974e-05 5.6186419e-02 5.3908594e-02 5.4647066e-02 5.6186419e-02
 5.6186419e-02 5.3189810e-02 5.7815012e-02 6.2331811e-02 5.5406053e-02
 5.4647066e-02 5.1144049e-02 5.4647066e-02 5.2489944e-02 5.3908594e-02
 6.0442965e-02 6.0442965e-02 5.3908594e-02 5.2489944e-02]

Learning Rate: 0.005

Learning Rate: 0.005Learning Rate: 0.005Learning Rate: 0.005


Train Loss: 0.2801, Val Loss: 0.1853
Train Loss: 0.2801, Val Loss: 0.1853Train Loss: 0.2801, Val Loss: 0.1853Train Loss: 0.2801, Val Loss: 0.1853


Per-Class Precision: [0.9999657  0.63451777 0.76419214 0.37288136 0.22711864 0.52694611
 0.61016949 0.34745763 0.21035599 0.26105263 0.29516539 0.22375691
 0.38951311 0.33333333 0.4        0.65895954 0.39330544 0.71497585
 0.58139535]
Per-Class Recall: [0.99182851 1.         1.         0.88       0.89333333 0.88
 0.72       0.82       0.86666667 0.82666667 0.77333333 0.81
 0.69333333 0.69333333 0.90666667 0.912      0.94       0.98666667
 1.        ]
Per-Class F1-Score: [0.99588049 0.77639752 0.86633663 0.52380952 0.36216216 0.65917603
 0.66055046 0.48809524 0.33854167 0.3968     0.42725599 0.35064935
 0.49880096 0.45021645 0.55510204 0.76510067 0.55457227 0.82913165
 0.73529412]
Support per Class: [293949    125    175     75     75    100    100    150     75    150
    150    100    150     75     75    125    100    150     75]
Weighted Precision: 0.9963, Weighted Recall: 0.9910, Weighted F1-Score: 0.9931
Precision: 0.9963, Recall: 0.9910, F1-Score: 0.9931
Fold 5, Epoch 70, Train Loss: 0.2801, Val Loss: 0.1853, Val Acc: 0.9913
Precision: 0.9963, Recall: 0.9905, F1-Score: 0.9928
Fold 5, Epoch 71, Train Loss: 0.2839, Val Loss: 0.1830, Val Acc: 0.9908
Precision: 0.9962, Recall: 0.9907, F1-Score: 0.9928
Fold 5, Epoch 72, Train Loss: 0.2769, Val Loss: 0.1940, Val Acc: 0.9909
Precision: 0.9964, Recall: 0.9910, F1-Score: 0.9931
Fold 5, Epoch 73, Train Loss: 0.2746, Val Loss: 0.1855, Val Acc: 0.9913
Precision: 0.9961, Recall: 0.9903, F1-Score: 0.9926
Fold 5, Epoch 74, Train Loss: 0.2915, Val Loss: 0.1850, Val Acc: 0.9906
Precision: 0.9962, Recall: 0.9908, F1-Score: 0.9930
Fold 5, Epoch 75, Train Loss: 0.2787, Val Loss: 0.1989, Val Acc: 0.9910
Precision: 0.9962, Recall: 0.9904, F1-Score: 0.9927
Fold 5, Epoch 76, Train Loss: 0.2749, Val Loss: 0.1780, Val Acc: 0.9907
Precision: 0.9962, Recall: 0.9906, F1-Score: 0.9928
Fold 5, Epoch 77, Train Loss: 0.2819, Val Loss: 0.1817, Val Acc: 0.9910
Precision: 0.9962, Recall: 0.9906, F1-Score: 0.9928
Fold 5, Epoch 78, Train Loss: 0.2796, Val Loss: 0.1932, Val Acc: 0.9908
Precision: 0.9964, Recall: 0.9905, F1-Score: 0.9929
Fold 5, Epoch 79, Train Loss: 0.3176, Val Loss: 0.1942, Val Acc: 0.9909

--- Epoch 80 ---
--- Epoch 80 ---
--- Epoch 80 ---



--- Epoch 80 ---
Class Weights: [2.1204974e-05 5.6186419e-02 5.3908594e-02 5.4647066e-02 5.6186419e-02
 5.6186419e-02 5.3189810e-02 5.7815012e-02 6.2331811e-02 5.5406053e-02
 5.4647066e-02 5.1144049e-02 5.4647066e-02 5.2489944e-02 5.3908594e-02
 6.0442965e-02 6.0442965e-02 5.3908594e-02 5.2489944e-02]Class Weights: [2.1204974e-05 5.6186419e-02 5.3908594e-02 5.4647066e-02 5.6186419e-02
 5.6186419e-02 5.3189810e-02 5.7815012e-02 6.2331811e-02 5.5406053e-02
 5.4647066e-02 5.1144049e-02 5.4647066e-02 5.2489944e-02 5.3908594e-02
 6.0442965e-02 6.0442965e-02 5.3908594e-02 5.2489944e-02]Class Weights: [2.1204974e-05 5.6186419e-02 5.3908594e-02 5.4647066e-02 5.6186419e-02
 5.6186419e-02 5.3189810e-02 5.7815012e-02 6.2331811e-02 5.5406053e-02
 5.4647066e-02 5.1144049e-02 5.4647066e-02 5.2489944e-02 5.3908594e-02
 6.0442965e-02 6.0442965e-02 5.3908594e-02 5.2489944e-02]


Learning Rate: 0.005Class Weights: [2.1204974e-05 5.6186419e-02 5.3908594e-02 5.4647066e-02 5.6186419e-02
 5.6186419e-02 5.3189810e-02 5.7815012e-02 6.2331811e-02 5.5406053e-02
 5.4647066e-02 5.1144049e-02 5.4647066e-02 5.2489944e-02 5.3908594e-02
 6.0442965e-02 6.0442965e-02 5.3908594e-02 5.2489944e-02]Learning Rate: 0.005
Learning Rate: 0.005


Learning Rate: 0.005
Train Loss: 0.3108, Val Loss: 0.1935
Train Loss: 0.3108, Val Loss: 0.1935
Train Loss: 0.3108, Val Loss: 0.1935
Train Loss: 0.3108, Val Loss: 0.1935
Per-Class Precision: [0.99996568 0.43252595 0.77419355 0.41614907 0.23228346 0.49162011
 0.44512195 0.37463977 0.21148036 0.21442886 0.25792812 0.20080321
 0.37337662 0.28571429 0.35483871 0.67231638 0.4173913  0.74
 0.52447552]
Per-Class Recall: [0.99131482 1.         0.96       0.89333333 0.78666667 0.88
 0.73       0.86666667 0.93333333 0.71333333 0.81333333 0.5
 0.76666667 0.61333333 0.88       0.952      0.96       0.98666667
 1.        ]
Per-Class F1-Score: [0.99562146 0.60386473 0.85714286 0.56779661 0.35866261 0.63082437
 0.5530303  0.52313883 0.34482759 0.32973806 0.39165329 0.28653295
 0.50218341 0.38983051 0.50574713 0.78807947 0.58181818 0.84571429
 0.68807339]
Support per Class: [293949    125    175     75     75    100    100    150     75    150
    150    100    150     75     75    125    100    150     75]
Weighted Precision: 0.9961, Weighted Recall: 0.9904, Weighted F1-Score: 0.9926
Precision: 0.9961, Recall: 0.9904, F1-Score: 0.9926
Fold 5, Epoch 80, Train Loss: 0.3108, Val Loss: 0.1935, Val Acc: 0.9907
Precision: 0.9962, Recall: 0.9905, F1-Score: 0.9927
Fold 5, Epoch 81, Train Loss: 0.2929, Val Loss: 0.2015, Val Acc: 0.9908
Precision: 0.9963, Recall: 0.9905, F1-Score: 0.9928
Fold 5, Epoch 82, Train Loss: 0.2830, Val Loss: 0.1845, Val Acc: 0.9910
Precision: 0.9962, Recall: 0.9905, F1-Score: 0.9927
Fold 5, Epoch 83, Train Loss: 0.2724, Val Loss: 0.2068, Val Acc: 0.9907
Precision: 0.9961, Recall: 0.9818, F1-Score: 0.9882
Fold 5, Epoch 84, Train Loss: 0.2871, Val Loss: 0.1910, Val Acc: 0.9842
Precision: 0.9962, Recall: 0.9905, F1-Score: 0.9928
Fold 5, Epoch 85, Train Loss: 0.2809, Val Loss: 0.1874, Val Acc: 0.9909
Precision: 0.9963, Recall: 0.9908, F1-Score: 0.9930
Fold 5, Epoch 86, Train Loss: 0.3059, Val Loss: 0.2112, Val Acc: 0.9910
Precision: 0.9960, Recall: 0.9880, F1-Score: 0.9913
Fold 5, Epoch 87, Train Loss: 0.2992, Val Loss: 0.2101, Val Acc: 0.9878
Precision: 0.9960, Recall: 0.9757, F1-Score: 0.9850
Fold 5, Epoch 88, Train Loss: 0.3241, Val Loss: 0.1982, Val Acc: 0.9795
Precision: 0.9962, Recall: 0.9903, F1-Score: 0.9927
Fold 5, Epoch 89, Train Loss: 0.3051, Val Loss: 0.2123, Val Acc: 0.9906

--- Epoch 90 ---
--- Epoch 90 ---


--- Epoch 90 ---
--- Epoch 90 ---

Class Weights: [2.1204974e-05 5.6186419e-02 5.3908594e-02 5.4647066e-02 5.6186419e-02
 5.6186419e-02 5.3189810e-02 5.7815012e-02 6.2331811e-02 5.5406053e-02
 5.4647066e-02 5.1144049e-02 5.4647066e-02 5.2489944e-02 5.3908594e-02
 6.0442965e-02 6.0442965e-02 5.3908594e-02 5.2489944e-02]Class Weights: [2.1204974e-05 5.6186419e-02 5.3908594e-02 5.4647066e-02 5.6186419e-02
 5.6186419e-02 5.3189810e-02 5.7815012e-02 6.2331811e-02 5.5406053e-02
 5.4647066e-02 5.1144049e-02 5.4647066e-02 5.2489944e-02 5.3908594e-02
 6.0442965e-02 6.0442965e-02 5.3908594e-02 5.2489944e-02]Class Weights: [2.1204974e-05 5.6186419e-02 5.3908594e-02 5.4647066e-02 5.6186419e-02
 5.6186419e-02 5.3189810e-02 5.7815012e-02 6.2331811e-02 5.5406053e-02
 5.4647066e-02 5.1144049e-02 5.4647066e-02 5.2489944e-02 5.3908594e-02
 6.0442965e-02 6.0442965e-02 5.3908594e-02 5.2489944e-02]Class Weights: [2.1204974e-05 5.6186419e-02 5.3908594e-02 5.4647066e-02 5.6186419e-02
 5.6186419e-02 5.3189810e-02 5.7815012e-02 6.2331811e-02 5.5406053e-02
 5.4647066e-02 5.1144049e-02 5.4647066e-02 5.2489944e-02 5.3908594e-02
 6.0442965e-02 6.0442965e-02 5.3908594e-02 5.2489944e-02]



Learning Rate: 0.005Learning Rate: 0.005Learning Rate: 0.005
Learning Rate: 0.005


Train Loss: 0.3109, Val Loss: 0.2084Train Loss: 0.3109, Val Loss: 0.2084Train Loss: 0.3109, Val Loss: 0.2084

Train Loss: 0.3109, Val Loss: 0.2084

Per-Class Precision: [0.99996568 0.55066079 0.72803347 0.35449735 0.2893401  0.54794521
 0.37333333 0.33962264 0.23263889 0.19674797 0.25047438 0.24535316
 0.35646688 0.41221374 0.40963855 0.64772727 0.39189189 0.69444444
 0.67567568]
Per-Class Recall: [0.9912774  1.         0.99428571 0.89333333 0.76       0.8
 0.84       0.72       0.89333333 0.80666667 0.88       0.66
 0.75333333 0.72       0.90666667 0.912      0.87       1.
 1.        ]
Per-Class F1-Score: [0.99560259 0.71022727 0.84057971 0.50757576 0.41911765 0.6504065
 0.51692308 0.46153846 0.36914601 0.31633987 0.38995569 0.35772358
 0.48394004 0.52427184 0.56431535 0.75747508 0.54037267 0.81967213
 0.80645161]
Support per Class: [293949    125    175     75     75    100    100    150     75    150
    150    100    150     75     75    125    100    150     75]
Weighted Precision: 0.9961, Weighted Recall: 0.9904, Weighted F1-Score: 0.9927
Precision: 0.9961, Recall: 0.9904, F1-Score: 0.9927
Fold 5, Epoch 90, Train Loss: 0.3109, Val Loss: 0.2084, Val Acc: 0.9906
Precision: 0.9959, Recall: 0.9680, F1-Score: 0.9810
Fold 5, Epoch 91, Train Loss: 0.2794, Val Loss: 0.2031, Val Acc: 0.9739
Precision: 0.9962, Recall: 0.9907, F1-Score: 0.9929
Fold 5, Epoch 92, Train Loss: 0.2684, Val Loss: 0.2021, Val Acc: 0.9910
Precision: 0.9961, Recall: 0.9903, F1-Score: 0.9927
Fold 5, Epoch 93, Train Loss: 0.2845, Val Loss: 0.2290, Val Acc: 0.9906
Precision: 0.9962, Recall: 0.9903, F1-Score: 0.9927
Fold 5, Epoch 94, Train Loss: 0.2930, Val Loss: 0.1977, Val Acc: 0.9903
Precision: 0.9963, Recall: 0.9907, F1-Score: 0.9929
Fold 5, Epoch 95, Train Loss: 0.2881, Val Loss: 0.2147, Val Acc: 0.9909
Precision: 0.9963, Recall: 0.9902, F1-Score: 0.9926
Fold 5, Epoch 96, Train Loss: 0.3137, Val Loss: 0.1824, Val Acc: 0.9906
Precision: 0.9961, Recall: 0.9906, F1-Score: 0.9928
Fold 5, Epoch 97, Train Loss: 0.3062, Val Loss: 0.2169, Val Acc: 0.9909
Precision: 0.9961, Recall: 0.9897, F1-Score: 0.9923
Fold 5, Epoch 98, Train Loss: 0.3196, Val Loss: 0.2544, Val Acc: 0.9898
Precision: 0.9960, Recall: 0.9905, F1-Score: 0.9927
Fold 5, Epoch 99, Train Loss: 0.3119, Val Loss: 0.2205, Val Acc: 0.9907

--- Epoch 100 ---
--- Epoch 100 ---

--- Epoch 100 ---


--- Epoch 100 ---
Class Weights: [2.1204974e-05 5.6186419e-02 5.3908594e-02 5.4647066e-02 5.6186419e-02
 5.6186419e-02 5.3189810e-02 5.7815012e-02 6.2331811e-02 5.5406053e-02
 5.4647066e-02 5.1144049e-02 5.4647066e-02 5.2489944e-02 5.3908594e-02
 6.0442965e-02 6.0442965e-02 5.3908594e-02 5.2489944e-02]Class Weights: [2.1204974e-05 5.6186419e-02 5.3908594e-02 5.4647066e-02 5.6186419e-02
 5.6186419e-02 5.3189810e-02 5.7815012e-02 6.2331811e-02 5.5406053e-02
 5.4647066e-02 5.1144049e-02 5.4647066e-02 5.2489944e-02 5.3908594e-02
 6.0442965e-02 6.0442965e-02 5.3908594e-02 5.2489944e-02]Class Weights: [2.1204974e-05 5.6186419e-02 5.3908594e-02 5.4647066e-02 5.6186419e-02
 5.6186419e-02 5.3189810e-02 5.7815012e-02 6.2331811e-02 5.5406053e-02
 5.4647066e-02 5.1144049e-02 5.4647066e-02 5.2489944e-02 5.3908594e-02
 6.0442965e-02 6.0442965e-02 5.3908594e-02 5.2489944e-02]
Class Weights: [2.1204974e-05 5.6186419e-02 5.3908594e-02 5.4647066e-02 5.6186419e-02
 5.6186419e-02 5.3189810e-02 5.7815012e-02 6.2331811e-02 5.5406053e-02
 5.4647066e-02 5.1144049e-02 5.4647066e-02 5.2489944e-02 5.3908594e-02
 6.0442965e-02 6.0442965e-02 5.3908594e-02 5.2489944e-02]


Learning Rate: 0.005Learning Rate: 0.005Learning Rate: 0.005
Learning Rate: 0.005


Train Loss: 0.3039, Val Loss: 0.2021Train Loss: 0.3039, Val Loss: 0.2021
Train Loss: 0.3039, Val Loss: 0.2021Train Loss: 0.3039, Val Loss: 0.2021


Per-Class Precision: [0.99996568 0.65789474 0.8254717  0.35233161 0.25806452 0.46276596
 0.26384365 0.42682927 0.27118644 0.19190405 0.26790451 0.15632754
 0.36697248 0.34228188 0.42068966 0.63783784 0.4159292  0.68493151
 0.68181818]
Per-Class Recall: [0.9911107  1.         1.         0.90666667 0.85333333 0.87
 0.81       0.7        0.85333333 0.85333333 0.67333333 0.63
 0.8        0.68       0.81333333 0.944      0.94       1.
 1.        ]
Per-Class F1-Score: [0.9955185  0.79365079 0.90439276 0.50746269 0.39628483 0.60416667
 0.3980344  0.53030303 0.41157556 0.31334149 0.38330171 0.25049702
 0.50314465 0.45535714 0.55454545 0.76129032 0.57668712 0.81300813
 0.81081081]
Support per Class: [293949    125    175     75     75    100    100    150     75    150
    150    100    150     75     75    125    100    150     75]
Weighted Precision: 0.9962, Weighted Recall: 0.9902, Weighted F1-Score: 0.9926
Precision: 0.9962, Recall: 0.9902, F1-Score: 0.9926
Fold 5, Epoch 100, Train Loss: 0.3039, Val Loss: 0.2021, Val Acc: 0.9903
Precision: 0.9963, Recall: 0.9906, F1-Score: 0.9929
Fold 5, Epoch 101, Train Loss: 0.2924, Val Loss: 0.2227, Val Acc: 0.9908
Precision: 0.9962, Recall: 0.9905, F1-Score: 0.9928
Fold 5, Epoch 102, Train Loss: 0.2969, Val Loss: 0.2017, Val Acc: 0.9908
Precision: 0.9962, Recall: 0.9902, F1-Score: 0.9926
Fold 5, Epoch 103, Train Loss: 0.2851, Val Loss: 0.2084, Val Acc: 0.9902
Precision: 0.9962, Recall: 0.9905, F1-Score: 0.9928
Fold 5, Epoch 104, Train Loss: 0.2837, Val Loss: 0.1843, Val Acc: 0.9907
Precision: 0.9963, Recall: 0.9907, F1-Score: 0.9929
Fold 5, Epoch 105, Train Loss: 0.3013, Val Loss: 0.1883, Val Acc: 0.9910
Precision: 0.9963, Recall: 0.9908, F1-Score: 0.9930
Fold 5, Epoch 106, Train Loss: 0.3029, Val Loss: 0.1957, Val Acc: 0.9910
Precision: 0.9961, Recall: 0.9905, F1-Score: 0.9928
Fold 5, Epoch 107, Train Loss: 0.2952, Val Loss: 0.2136, Val Acc: 0.9908
Precision: 0.9961, Recall: 0.9907, F1-Score: 0.9929
Fold 5, Epoch 108, Train Loss: 0.2932, Val Loss: 0.2025, Val Acc: 0.9909
Precision: 0.9962, Recall: 0.9863, F1-Score: 0.9906
Fold 5, Epoch 109, Train Loss: 0.2956, Val Loss: 0.1892, Val Acc: 0.9863

--- Epoch 110 ---
--- Epoch 110 ---
--- Epoch 110 ---



--- Epoch 110 ---
Class Weights: [2.1204974e-05 5.6186419e-02 5.3908594e-02 5.4647066e-02 5.6186419e-02
 5.6186419e-02 5.3189810e-02 5.7815012e-02 6.2331811e-02 5.5406053e-02
 5.4647066e-02 5.1144049e-02 5.4647066e-02 5.2489944e-02 5.3908594e-02
 6.0442965e-02 6.0442965e-02 5.3908594e-02 5.2489944e-02]Class Weights: [2.1204974e-05 5.6186419e-02 5.3908594e-02 5.4647066e-02 5.6186419e-02
 5.6186419e-02 5.3189810e-02 5.7815012e-02 6.2331811e-02 5.5406053e-02
 5.4647066e-02 5.1144049e-02 5.4647066e-02 5.2489944e-02 5.3908594e-02
 6.0442965e-02 6.0442965e-02 5.3908594e-02 5.2489944e-02]Class Weights: [2.1204974e-05 5.6186419e-02 5.3908594e-02 5.4647066e-02 5.6186419e-02
 5.6186419e-02 5.3189810e-02 5.7815012e-02 6.2331811e-02 5.5406053e-02
 5.4647066e-02 5.1144049e-02 5.4647066e-02 5.2489944e-02 5.3908594e-02
 6.0442965e-02 6.0442965e-02 5.3908594e-02 5.2489944e-02]


Learning Rate: 0.005Learning Rate: 0.005
Class Weights: [2.1204974e-05 5.6186419e-02 5.3908594e-02 5.4647066e-02 5.6186419e-02
 5.6186419e-02 5.3189810e-02 5.7815012e-02 6.2331811e-02 5.5406053e-02
 5.4647066e-02 5.1144049e-02 5.4647066e-02 5.2489944e-02 5.3908594e-02
 6.0442965e-02 6.0442965e-02 5.3908594e-02 5.2489944e-02]Learning Rate: 0.005


Learning Rate: 0.005
Train Loss: 0.2685, Val Loss: 0.2058
Train Loss: 0.2685, Val Loss: 0.2058
Train Loss: 0.2685, Val Loss: 0.2058
Train Loss: 0.2685, Val Loss: 0.2058
Per-Class Precision: [0.99996568 0.58937198 0.74152542 0.35978836 0.26938776 0.51445087
 0.359447   0.38745387 0.3015873  0.20089955 0.26470588 0.27155172
 0.36503067 0.30864198 0.21671827 0.65131579 0.40707965 0.59055118
 0.66363636]
Per-Class Recall: [0.99113452 0.976      1.         0.90666667 0.88       0.89
 0.78       0.7        0.76       0.89333333 0.78       0.63
 0.79333333 0.66666667 0.93333333 0.792      0.92       1.
 0.97333333]
Per-Class F1-Score: [0.99553051 0.73493976 0.85158151 0.51515152 0.4125     0.65201465
 0.49211356 0.49881235 0.43181818 0.32802938 0.39527027 0.37951807
 0.5        0.42194093 0.35175879 0.71480144 0.56441718 0.74257426
 0.78918919]
Support per Class: [293949    125    175     75     75    100    100    150     75    150
    150    100    150     75     75    125    100    150     75]
Weighted Precision: 0.9961, Weighted Recall: 0.9902, Weighted F1-Score: 0.9925
Precision: 0.9961, Recall: 0.9902, F1-Score: 0.9925
Early stopping triggered for Fold 5 at epoch 110
Completed Fold 5
Starting final training on all data...
Evaluating and Visualizing on Test Data
Test data predictions saved for all test samples in: /home/nishioka/GNN/Predict_data/Predict19Class4x4_Test20241104_191158
Shape of all_preds: (1183896,)
Shape of all_labels: (1183896,)
Shape of all_probs: (1183896, 19)
Balanced Accuracy: 0.863326328853181
Matthews Correlation Coefficient: 0.6232579295157293
ROC AUC Score: 0.9989393369253263

Classification Report:
              precision    recall  f1-score   support

           0       1.00      0.99      1.00   1175796
           1       0.65      1.00      0.79       475
           2       0.82      0.99      0.90       475
           3       0.51      0.98      0.67       575
           4       0.43      0.91      0.58       500
           5       0.61      0.87      0.72       400
           6       0.49      0.84      0.62       400
           7       0.14      0.55      0.23       250
           8       0.29      0.79      0.42       575
           9       0.21      0.89      0.34       475
          10       0.27      0.89      0.42       625
          11       0.18      0.56      0.27       325
          12       0.23      0.86      0.37       400
          13       0.54      0.81      0.65       600
          14       0.58      0.88      0.70       500
          15       0.58      0.83      0.68       225
          16       0.42      0.96      0.59       425
          17       0.62      0.84      0.71       350
          18       0.62      0.96      0.75       525

    accuracy                           0.99   1183896
   macro avg       0.48      0.86      0.60   1183896
weighted avg       1.00      0.99      0.99   1183896

Test Loss: 0.0000, Test Accuracy: 0.9907
Precision: 0.9963, Recall: 0.9907, F1-Score: 0.9929
Balanced Accuracy: 0.8633
Matthews Correlation Coefficient (MCC): 0.6233
ROC AUC Score: 0.9989393369253263
Images have been saved in /home/nishioka/GNN/Predict_truth/pred_vs_true_images_20241104_191158
Test Loss: 0.1947, Test Accuracy: 0.9907
Precision: 0.9963, Recall: 0.9907, F1-Score: 0.9929
