nohup: ignoring input
Using device: NVIDIA GeForce RTX 3090
Rank: 0, World Size: 4, Master Addr: 127.0.0.1, Master Port: 12355
Rank 0 using device: cuda:0
Using device: NVIDIA GeForce RTX 3090
Using device: NVIDIA GeForce RTX 3090
Using device: NVIDIA GeForce RTX 3090
Rank 3 using device: cuda:3
Rank 2 using device: cuda:2
Rank 1 using device: cuda:1
Total valid pairs: 1620
Total valid pairs: 1620
Total valid pairs: 1620
Total valid pairs: 1620
Starting Fold 1
Pair 1:
Data file: /home/nishioka/GNN/Defect_4x4_Normalized1/Normalized1_Defect4x4_ELNOD_L17B5.npy
Label file: /home/nishioka/GNN/Defect19Class_OneHot_test3/Defect19Class_L17B5.npy
Pair 1:
x shape: torch.Size([3654, 4])Data file: /home/nishioka/GNN/Defect_4x4_Normalized1/Normalized1_Defect4x4_ELNOD_L17B5.npy

y shape: torch.Size([3654])Label file: /home/nishioka/GNN/Defect19Class_OneHot_test3/Defect19Class_L17B5.npy

x shape: torch.Size([3654, 4])
y shape: torch.Size([3654])
Pair 1:
Data file: /home/nishioka/GNN/Defect_4x4_Normalized1/Normalized1_Defect4x4_ELNOD_L17B5.npy
Label file: /home/nishioka/GNN/Defect19Class_OneHot_test3/Defect19Class_L17B5.npy
x shape: torch.Size([3654, 4])
y shape: torch.Size([3654])
Sample x: tensor([[0.0110, 0.0000, 0.0000, 0.7766],
        [0.0110, 0.0000, 0.0357, 0.7705]])Sample x: tensor([[0.0110, 0.0000, 0.0000, 0.7766],
        [0.0110, 0.0000, 0.0357, 0.7705]])

Sample y: tensor([0, 0])Sample y: tensor([0, 0])

Sample x: tensor([[0.0110, 0.0000, 0.0000, 0.7766],
        [0.0110, 0.0000, 0.0357, 0.7705]])
Pair 1:
Data file: /home/nishioka/GNN/Defect_4x4_Normalized1/Normalized1_Defect4x4_ELNOD_L17B5.npy
Label file: /home/nishioka/GNN/Defect19Class_OneHot_test3/Defect19Class_L17B5.npy
Sample y: tensor([0, 0])x shape: torch.Size([3654, 4])

y shape: torch.Size([3654])
Sample x: tensor([[0.0110, 0.0000, 0.0000, 0.7766],
        [0.0110, 0.0000, 0.0357, 0.7705]])
Sample y: tensor([0, 0])
Pair 2:
Data file: /home/nishioka/GNN/Defect_4x4_Normalized1/Normalized1_Defect4x4_ELNOD_L11B87.npy
Label file: /home/nishioka/GNN/Defect19Class_OneHot_test3/Defect19Class_L11B87.npy
x shape: torch.Size([3654, 4])
y shape: torch.Size([3654])
Pair 2:
Data file: /home/nishioka/GNN/Defect_4x4_Normalized1/Normalized1_Defect4x4_ELNOD_L11B87.npy
Label file: /home/nishioka/GNN/Defect19Class_OneHot_test3/Defect19Class_L11B87.npy
Pair 2:
x shape: torch.Size([3654, 4])Data file: /home/nishioka/GNN/Defect_4x4_Normalized1/Normalized1_Defect4x4_ELNOD_L11B87.npy

y shape: torch.Size([3654])Label file: /home/nishioka/GNN/Defect19Class_OneHot_test3/Defect19Class_L11B87.npy

x shape: torch.Size([3654, 4])
y shape: torch.Size([3654])
Sample x: tensor([[0.0110, 0.0000, 0.0000, 0.7021],
        [0.0110, 0.0000, 0.0357, 0.6920]])
Sample y: tensor([0, 0])
Sample x: tensor([[0.0110, 0.0000, 0.0000, 0.7021],
        [0.0110, 0.0000, 0.0357, 0.6920]])
Sample x: tensor([[0.0110, 0.0000, 0.0000, 0.7021],
        [0.0110, 0.0000, 0.0357, 0.6920]])
Sample y: tensor([0, 0])
Sample y: tensor([0, 0])
Pair 2:
Data file: /home/nishioka/GNN/Defect_4x4_Normalized1/Normalized1_Defect4x4_ELNOD_L11B87.npy
Label file: /home/nishioka/GNN/Defect19Class_OneHot_test3/Defect19Class_L11B87.npy
x shape: torch.Size([3654, 4])
y shape: torch.Size([3654])
Sample x: tensor([[0.0110, 0.0000, 0.0000, 0.7021],
        [0.0110, 0.0000, 0.0357, 0.6920]])
Sample y: tensor([0, 0])
Pair 3:
Data file: /home/nishioka/GNN/Defect_4x4_Normalized1/Normalized1_Defect4x4_ELNOD_L2B9.npy
Label file: /home/nishioka/GNN/Defect19Class_OneHot_test3/Defect19Class_L2B9.npy
x shape: torch.Size([3654, 4])
y shape: torch.Size([3654])
Pair 3:
Data file: /home/nishioka/GNN/Defect_4x4_Normalized1/Normalized1_Defect4x4_ELNOD_L2B9.npy
Label file: /home/nishioka/GNN/Defect19Class_OneHot_test3/Defect19Class_L2B9.npy
x shape: torch.Size([3654, 4])
y shape: torch.Size([3654])
Pair 3:
Data file: /home/nishioka/GNN/Defect_4x4_Normalized1/Normalized1_Defect4x4_ELNOD_L2B9.npy
Label file: /home/nishioka/GNN/Defect19Class_OneHot_test3/Defect19Class_L2B9.npy
x shape: torch.Size([3654, 4])
y shape: torch.Size([3654])
Sample x: tensor([[0.0110, 0.0000, 0.0000, 0.5476],
        [0.0110, 0.0000, 0.0357, 0.5359]])
Sample x: tensor([[0.0110, 0.0000, 0.0000, 0.5476],
        [0.0110, 0.0000, 0.0357, 0.5359]])
Sample y: tensor([0, 0])
Sample x: tensor([[0.0110, 0.0000, 0.0000, 0.5476],
        [0.0110, 0.0000, 0.0357, 0.5359]])
Sample y: tensor([0, 0])
Sample y: tensor([0, 0])
Pair 3:
Data file: /home/nishioka/GNN/Defect_4x4_Normalized1/Normalized1_Defect4x4_ELNOD_L2B9.npy
Label file: /home/nishioka/GNN/Defect19Class_OneHot_test3/Defect19Class_L2B9.npy
x shape: torch.Size([3654, 4])
y shape: torch.Size([3654])
Sample x: tensor([[0.0110, 0.0000, 0.0000, 0.5476],
        [0.0110, 0.0000, 0.0357, 0.5359]])
Sample y: tensor([0, 0])
Class weights: [2.11825747e-05 2.80635341e+00 2.80635341e+00 2.97389690e+00
 2.84644418e+00 2.69258233e+00 2.69258233e+00 2.49063865e+00
 2.97389690e+00 2.80635341e+00 3.06540142e+00 2.58767652e+00
 2.69258233e+00 3.01895595e+00 2.84644418e+00 2.45989003e+00
 2.72946702e+00 2.62172490e+00 2.88769699e+00]
Class weights: [2.11825747e-05 2.80635341e+00 2.80635341e+00 2.97389690e+00
 2.84644418e+00 2.69258233e+00 2.69258233e+00 2.49063865e+00
 2.97389690e+00 2.80635341e+00 3.06540142e+00 2.58767652e+00
 2.69258233e+00 3.01895595e+00 2.84644418e+00 2.45989003e+00
 2.72946702e+00 2.62172490e+00 2.88769699e+00]
Pair 1:
Data file: /home/nishioka/GNN/Defect_4x4_Normalized1/Normalized1_Defect4x4_ELNOD_L18B74.npy
Label file: /home/nishioka/GNN/Defect19Class_OneHot_test3/Defect19Class_L18B74.npy
x shape: torch.Size([3654, 4])
y shape: torch.Size([3654])
Sample x: tensor([[0.0110, 0.0000, 0.0000, 0.6969],
        [0.0110, 0.0000, 0.0357, 0.6920]])
Sample y: tensor([0, 0])
Pair 1:
Data file: /home/nishioka/GNN/Defect_4x4_Normalized1/Normalized1_Defect4x4_ELNOD_L18B74.npy
Label file: /home/nishioka/GNN/Defect19Class_OneHot_test3/Defect19Class_L18B74.npy
x shape: torch.Size([3654, 4])
y shape: torch.Size([3654])
Sample x: tensor([[0.0110, 0.0000, 0.0000, 0.6969],
        [0.0110, 0.0000, 0.0357, 0.6920]])
Sample y: tensor([0, 0])
Pair 2:
Data file: /home/nishioka/GNN/Defect_4x4_Normalized1/Normalized1_Defect4x4_ELNOD_L8B51.npy
Label file: /home/nishioka/GNN/Defect19Class_OneHot_test3/Defect19Class_L8B51.npy
x shape: torch.Size([3654, 4])
y shape: torch.Size([3654])
Sample x: tensor([[0.0110, 0.0000, 0.0000, 0.7479],
        [0.0110, 0.0000, 0.0357, 0.7406]])
Sample y: tensor([0, 0])
Pair 2:
Data file: /home/nishioka/GNN/Defect_4x4_Normalized1/Normalized1_Defect4x4_ELNOD_L8B51.npy
Label file: /home/nishioka/GNN/Defect19Class_OneHot_test3/Defect19Class_L8B51.npy
x shape: torch.Size([3654, 4])
y shape: torch.Size([3654])
Sample x: tensor([[0.0110, 0.0000, 0.0000, 0.7479],
        [0.0110, 0.0000, 0.0357, 0.7406]])
Sample y: tensor([0, 0])
Pair 3:
Data file: /home/nishioka/GNN/Defect_4x4_Normalized1/Normalized1_Defect4x4_ELNOD_L6B40.npy
Label file: /home/nishioka/GNN/Defect19Class_OneHot_test3/Defect19Class_L6B40.npy
x shape: torch.Size([3654, 4])
y shape: torch.Size([3654])
Sample x: tensor([[0.0110, 0.0000, 0.0000, 0.7031],
        [0.0110, 0.0000, 0.0357, 0.6937]])
Sample y: tensor([0, 0])
Pair 3:
Data file: /home/nishioka/GNN/Defect_4x4_Normalized1/Normalized1_Defect4x4_ELNOD_L6B40.npy
Label file: /home/nishioka/GNN/Defect19Class_OneHot_test3/Defect19Class_L6B40.npy
x shape: torch.Size([3654, 4])
y shape: torch.Size([3654])
Sample x: tensor([[0.0110, 0.0000, 0.0000, 0.7031],
        [0.0110, 0.0000, 0.0357, 0.6937]])
Sample y: tensor([0, 0])
Class weights: [2.11825747e-05 2.80635341e+00 2.80635341e+00 2.97389690e+00
 2.84644418e+00 2.69258233e+00 2.69258233e+00 2.49063865e+00
 2.97389690e+00 2.80635341e+00 3.06540142e+00 2.58767652e+00
 2.69258233e+00 3.01895595e+00 2.84644418e+00 2.45989003e+00
 2.72946702e+00 2.62172490e+00 2.88769699e+00]
Pair 1:
Data file: /home/nishioka/GNN/Defect_4x4_Normalized1/Normalized1_Defect4x4_ELNOD_L18B74.npy
Label file: /home/nishioka/GNN/Defect19Class_OneHot_test3/Defect19Class_L18B74.npy
x shape: torch.Size([3654, 4])
y shape: torch.Size([3654])
Sample x: tensor([[0.0110, 0.0000, 0.0000, 0.6969],
        [0.0110, 0.0000, 0.0357, 0.6920]])
Sample y: tensor([0, 0])
Pair 2:
Data file: /home/nishioka/GNN/Defect_4x4_Normalized1/Normalized1_Defect4x4_ELNOD_L8B51.npy
Label file: /home/nishioka/GNN/Defect19Class_OneHot_test3/Defect19Class_L8B51.npy
x shape: torch.Size([3654, 4])
y shape: torch.Size([3654])
Sample x: tensor([[0.0110, 0.0000, 0.0000, 0.7479],
        [0.0110, 0.0000, 0.0357, 0.7406]])
Sample y: tensor([0, 0])
Pair 3:
Data file: /home/nishioka/GNN/Defect_4x4_Normalized1/Normalized1_Defect4x4_ELNOD_L6B40.npy
Label file: /home/nishioka/GNN/Defect19Class_OneHot_test3/Defect19Class_L6B40.npy
x shape: torch.Size([3654, 4])
y shape: torch.Size([3654])
Sample x: tensor([[0.0110, 0.0000, 0.0000, 0.7031],
        [0.0110, 0.0000, 0.0357, 0.6937]])
Sample y: tensor([0, 0])
Class weights: [2.11825747e-05 2.80635341e+00 2.80635341e+00 2.97389690e+00
 2.84644418e+00 2.69258233e+00 2.69258233e+00 2.49063865e+00
 2.97389690e+00 2.80635341e+00 3.06540142e+00 2.58767652e+00
 2.69258233e+00 3.01895595e+00 2.84644418e+00 2.45989003e+00
 2.72946702e+00 2.62172490e+00 2.88769699e+00]
Pair 1:
Data file: /home/nishioka/GNN/Defect_4x4_Normalized1/Normalized1_Defect4x4_ELNOD_L18B74.npy
Label file: /home/nishioka/GNN/Defect19Class_OneHot_test3/Defect19Class_L18B74.npy
x shape: torch.Size([3654, 4])
y shape: torch.Size([3654])
Sample x: tensor([[0.0110, 0.0000, 0.0000, 0.6969],
        [0.0110, 0.0000, 0.0357, 0.6920]])
Sample y: tensor([0, 0])
Pair 2:
Data file: /home/nishioka/GNN/Defect_4x4_Normalized1/Normalized1_Defect4x4_ELNOD_L8B51.npy
Label file: /home/nishioka/GNN/Defect19Class_OneHot_test3/Defect19Class_L8B51.npy
x shape: torch.Size([3654, 4])
y shape: torch.Size([3654])
Sample x: tensor([[0.0110, 0.0000, 0.0000, 0.7479],
        [0.0110, 0.0000, 0.0357, 0.7406]])
Sample y: tensor([0, 0])
Pair 3:
Data file: /home/nishioka/GNN/Defect_4x4_Normalized1/Normalized1_Defect4x4_ELNOD_L6B40.npy
Label file: /home/nishioka/GNN/Defect19Class_OneHot_test3/Defect19Class_L6B40.npy
x shape: torch.Size([3654, 4])
y shape: torch.Size([3654])
Sample x: tensor([[0.0110, 0.0000, 0.0000, 0.7031],
        [0.0110, 0.0000, 0.0357, 0.6937]])
Sample y: tensor([0, 0])
Class weights: [1.96882259e-05 2.43677234e+00 2.43677234e+00 2.01298585e+00
 2.31493373e+00 2.89366716e+00 2.89366716e+00 4.62986745e+00
 2.01298585e+00 2.43677234e+00 1.85194698e+00 3.56143650e+00
 2.89366716e+00 1.92911144e+00 2.31493373e+00 5.14429717e+00
 2.72345144e+00 3.30704818e+00 2.20469879e+00]
Class weights: [1.96882259e-05 2.43677234e+00 2.43677234e+00 2.01298585e+00
 2.31493373e+00 2.89366716e+00 2.89366716e+00 4.62986745e+00
 2.01298585e+00 2.43677234e+00 1.85194698e+00 3.56143650e+00
 2.89366716e+00 1.92911144e+00 2.31493373e+00 5.14429717e+00
 2.72345144e+00 3.30704818e+00 2.20469879e+00]
Class weights: [1.96882259e-05 2.43677234e+00 2.43677234e+00 2.01298585e+00
 2.31493373e+00 2.89366716e+00 2.89366716e+00 4.62986745e+00
 2.01298585e+00 2.43677234e+00 1.85194698e+00 3.56143650e+00
 2.89366716e+00 1.92911144e+00 2.31493373e+00 5.14429717e+00
 2.72345144e+00 3.30704818e+00 2.20469879e+00]
Class weights: [1.96882259e-05 2.43677234e+00 2.43677234e+00 2.01298585e+00
 2.31493373e+00 2.89366716e+00 2.89366716e+00 4.62986745e+00
 2.01298585e+00 2.43677234e+00 1.85194698e+00 3.56143650e+00
 2.89366716e+00 1.92911144e+00 2.31493373e+00 5.14429717e+00
 2.72345144e+00 3.30704818e+00 2.20469879e+00]
Precision: 0.0000, Recall: 0.0005, F1-Score: 0.0000
Fold 1, Epoch 1, Train Loss: 2.9429, Val Loss: 2.9340, Val Acc: 0.0004
Precision: 0.0000, Recall: 0.0003, F1-Score: 0.0000
Fold 1, Epoch 2, Train Loss: 2.9243, Val Loss: 2.9167, Val Acc: 0.0004
Precision: 0.0000, Recall: 0.0004, F1-Score: 0.0000
Fold 1, Epoch 3, Train Loss: 2.9113, Val Loss: 2.9058, Val Acc: 0.0005
Precision: 0.0000, Recall: 0.0004, F1-Score: 0.0000
Fold 1, Epoch 4, Train Loss: 2.9285, Val Loss: 2.9159, Val Acc: 0.0005
Precision: 0.0000, Recall: 0.0003, F1-Score: 0.0000
Fold 1, Epoch 5, Train Loss: 2.9096, Val Loss: 2.9206, Val Acc: 0.0002
Precision: 0.0000, Recall: 0.0003, F1-Score: 0.0000
Fold 1, Epoch 6, Train Loss: 2.9023, Val Loss: 2.9171, Val Acc: 0.0002
Precision: 0.0000, Recall: 0.0003, F1-Score: 0.0000
Fold 1, Epoch 7, Train Loss: 2.9042, Val Loss: 2.9176, Val Acc: 0.0003
Precision: 0.0000, Recall: 0.0003, F1-Score: 0.0000
Fold 1, Epoch 8, Train Loss: 2.8990, Val Loss: 2.9096, Val Acc: 0.0003
Precision: 0.0000, Recall: 0.0003, F1-Score: 0.0001
Fold 1, Epoch 9, Train Loss: 2.8937, Val Loss: 2.9152, Val Acc: 0.0003

--- Epoch 10 ---
--- Epoch 10 ---
--- Epoch 10 ---



--- Epoch 10 ---
Class Weights: [2.1182575e-05 2.8063533e+00 2.8063533e+00 2.9738970e+00 2.8464441e+00
 2.6925824e+00 2.6925824e+00 2.4906387e+00 2.9738970e+00 2.8063533e+00
 3.0654013e+00 2.5876765e+00 2.6925824e+00 3.0189559e+00 2.8464441e+00
 2.4598901e+00 2.7294669e+00 2.6217248e+00 2.8876970e+00]Class Weights: [2.1182575e-05 2.8063533e+00 2.8063533e+00 2.9738970e+00 2.8464441e+00
 2.6925824e+00 2.6925824e+00 2.4906387e+00 2.9738970e+00 2.8063533e+00
 3.0654013e+00 2.5876765e+00 2.6925824e+00 3.0189559e+00 2.8464441e+00
 2.4598901e+00 2.7294669e+00 2.6217248e+00 2.8876970e+00]Class Weights: [2.1182575e-05 2.8063533e+00 2.8063533e+00 2.9738970e+00 2.8464441e+00
 2.6925824e+00 2.6925824e+00 2.4906387e+00 2.9738970e+00 2.8063533e+00
 3.0654013e+00 2.5876765e+00 2.6925824e+00 3.0189559e+00 2.8464441e+00
 2.4598901e+00 2.7294669e+00 2.6217248e+00 2.8876970e+00]


Learning Rate: 0.001Learning Rate: 0.001Learning Rate: 0.001


Train Loss: 2.9109, Val Loss: 2.9122Train Loss: 2.9109, Val Loss: 2.9122Train Loss: 2.9109, Val Loss: 2.9122


Class Weights: [2.1182575e-05 2.8063533e+00 2.8063533e+00 2.9738970e+00 2.8464441e+00
 2.6925824e+00 2.6925824e+00 2.4906387e+00 2.9738970e+00 2.8063533e+00
 3.0654013e+00 2.5876765e+00 2.6925824e+00 3.0189559e+00 2.8464441e+00
 2.4598901e+00 2.7294669e+00 2.6217248e+00 2.8876970e+00]
Learning Rate: 0.001
Train Loss: 2.9109, Val Loss: 2.9122
Per-Class Precision: [0.        0.        0.        0.        0.        0.        0.
 0.        0.        0.        0.        0.0005068 0.        0.
 0.        0.        0.        0.        0.       ]
Per-Class Recall: [0. 0. 0. 0. 0. 0. 0. 0. 0. 0. 0. 1. 0. 0. 0. 0. 0. 0. 0.]
Per-Class F1-Score: [0.         0.         0.         0.         0.         0.
 0.         0.         0.         0.         0.         0.00101309
 0.         0.         0.         0.         0.         0.
 0.        ]
Support per Class: [293949    100    150    150    100    100    100     75    100     75
    125    150    125    175     75    100    175     75     75]
Weighted Precision: 0.0000, Weighted Recall: 0.0005, Weighted F1-Score: 0.0000
Precision: 0.0000, Recall: 0.0005, F1-Score: 0.0000
Fold 1, Epoch 10, Train Loss: 2.9109, Val Loss: 2.9122, Val Acc: 0.0003
Precision: 0.0000, Recall: 0.0005, F1-Score: 0.0000
Fold 1, Epoch 11, Train Loss: 2.9060, Val Loss: 2.9019, Val Acc: 0.0003
Precision: 0.0000, Recall: 0.0005, F1-Score: 0.0000
Fold 1, Epoch 12, Train Loss: 2.8979, Val Loss: 2.8912, Val Acc: 0.0005
Precision: 0.0000, Recall: 0.0004, F1-Score: 0.0000
Fold 1, Epoch 13, Train Loss: 2.9018, Val Loss: 2.8872, Val Acc: 0.0004
Precision: 0.0001, Recall: 0.0004, F1-Score: 0.0001
Fold 1, Epoch 14, Train Loss: 2.9020, Val Loss: 2.8854, Val Acc: 0.0005
Precision: 0.0000, Recall: 0.0004, F1-Score: 0.0000
Fold 1, Epoch 15, Train Loss: 2.8968, Val Loss: 2.8905, Val Acc: 0.0003
Precision: 0.0000, Recall: 0.0004, F1-Score: 0.0000
Fold 1, Epoch 16, Train Loss: 2.8952, Val Loss: 2.9007, Val Acc: 0.0004
Precision: 0.0000, Recall: 0.0004, F1-Score: 0.0000
Fold 1, Epoch 17, Train Loss: 2.8960, Val Loss: 2.9035, Val Acc: 0.0002
Precision: 0.0000, Recall: 0.0004, F1-Score: 0.0000
Fold 1, Epoch 18, Train Loss: 2.8905, Val Loss: 2.8994, Val Acc: 0.0004
Precision: 0.0000, Recall: 0.0004, F1-Score: 0.0000
Fold 1, Epoch 19, Train Loss: 2.8833, Val Loss: 2.8915, Val Acc: 0.0004

--- Epoch 20 ---
--- Epoch 20 ---
--- Epoch 20 ---



--- Epoch 20 ---
Class Weights: [2.1182575e-05 2.8063533e+00 2.8063533e+00 2.9738970e+00 2.8464441e+00
 2.6925824e+00 2.6925824e+00 2.4906387e+00 2.9738970e+00 2.8063533e+00
 3.0654013e+00 2.5876765e+00 2.6925824e+00 3.0189559e+00 2.8464441e+00
 2.4598901e+00 2.7294669e+00 2.6217248e+00 2.8876970e+00]Class Weights: [2.1182575e-05 2.8063533e+00 2.8063533e+00 2.9738970e+00 2.8464441e+00
 2.6925824e+00 2.6925824e+00 2.4906387e+00 2.9738970e+00 2.8063533e+00
 3.0654013e+00 2.5876765e+00 2.6925824e+00 3.0189559e+00 2.8464441e+00
 2.4598901e+00 2.7294669e+00 2.6217248e+00 2.8876970e+00]Class Weights: [2.1182575e-05 2.8063533e+00 2.8063533e+00 2.9738970e+00 2.8464441e+00
 2.6925824e+00 2.6925824e+00 2.4906387e+00 2.9738970e+00 2.8063533e+00
 3.0654013e+00 2.5876765e+00 2.6925824e+00 3.0189559e+00 2.8464441e+00
 2.4598901e+00 2.7294669e+00 2.6217248e+00 2.8876970e+00]
Class Weights: [2.1182575e-05 2.8063533e+00 2.8063533e+00 2.9738970e+00 2.8464441e+00
 2.6925824e+00 2.6925824e+00 2.4906387e+00 2.9738970e+00 2.8063533e+00
 3.0654013e+00 2.5876765e+00 2.6925824e+00 3.0189559e+00 2.8464441e+00
 2.4598901e+00 2.7294669e+00 2.6217248e+00 2.8876970e+00]
Learning Rate: 0.001


Learning Rate: 0.001Learning Rate: 0.001
Learning Rate: 0.001

Train Loss: 2.8785, Val Loss: 2.8825
Train Loss: 2.8785, Val Loss: 2.8825Train Loss: 2.8785, Val Loss: 2.8825

Train Loss: 2.8785, Val Loss: 2.8825
Per-Class Precision: [0.         0.         0.         0.         0.         0.
 0.00017633 0.         0.         0.         0.         0.00040023
 0.         0.         0.         0.         0.         0.
 0.00410317]
Per-Class Recall: [0.         0.         0.         0.         0.         0.
 0.47       0.         0.         0.         0.         0.04666667
 0.         0.         0.         0.         0.         0.
 0.65333333]
Per-Class F1-Score: [0.         0.         0.         0.         0.         0.
 0.00035253 0.         0.         0.         0.         0.00079365
 0.         0.         0.         0.         0.         0.
 0.00815511]
Support per Class: [293949    100    150    150    100    100    100     75    100     75
    125    150    125    175     75    100    175     75     75]
Weighted Precision: 0.0000, Weighted Recall: 0.0003, Weighted F1-Score: 0.0000
Precision: 0.0000, Recall: 0.0003, F1-Score: 0.0000
Fold 1, Epoch 20, Train Loss: 2.8785, Val Loss: 2.8825, Val Acc: 0.0005
Precision: 0.0000, Recall: 0.0005, F1-Score: 0.0001
Fold 1, Epoch 21, Train Loss: 2.8829, Val Loss: 2.8986, Val Acc: 0.0004
Precision: 0.0000, Recall: 0.0005, F1-Score: 0.0000
Fold 1, Epoch 22, Train Loss: 2.8830, Val Loss: 2.8854, Val Acc: 0.0003
Precision: 0.0000, Recall: 0.0005, F1-Score: 0.0000
Fold 1, Epoch 23, Train Loss: 2.8807, Val Loss: 2.8834, Val Acc: 0.0004
Precision: 0.0000, Recall: 0.0004, F1-Score: 0.0000
Fold 1, Epoch 24, Train Loss: 2.8857, Val Loss: 2.8812, Val Acc: 0.0004
Precision: 0.0000, Recall: 0.0004, F1-Score: 0.0000
Fold 1, Epoch 25, Train Loss: 2.8710, Val Loss: 2.8759, Val Acc: 0.0004
Precision: 0.0000, Recall: 0.0004, F1-Score: 0.0000
Fold 1, Epoch 26, Train Loss: 2.8732, Val Loss: 2.8809, Val Acc: 0.0003
Precision: 0.0000, Recall: 0.0004, F1-Score: 0.0000
Fold 1, Epoch 27, Train Loss: 2.8693, Val Loss: 2.8948, Val Acc: 0.0003
Precision: 0.0000, Recall: 0.0005, F1-Score: 0.0000
Fold 1, Epoch 28, Train Loss: 2.8635, Val Loss: 2.8857, Val Acc: 0.0003
Precision: 0.0000, Recall: 0.0004, F1-Score: 0.0000
Fold 1, Epoch 29, Train Loss: 2.8708, Val Loss: 2.8976, Val Acc: 0.0003

--- Epoch 30 ---
--- Epoch 30 ---
--- Epoch 30 ---



--- Epoch 30 ---
Class Weights: [2.1182575e-05 2.8063533e+00 2.8063533e+00 2.9738970e+00 2.8464441e+00
 2.6925824e+00 2.6925824e+00 2.4906387e+00 2.9738970e+00 2.8063533e+00
 3.0654013e+00 2.5876765e+00 2.6925824e+00 3.0189559e+00 2.8464441e+00
 2.4598901e+00 2.7294669e+00 2.6217248e+00 2.8876970e+00]Class Weights: [2.1182575e-05 2.8063533e+00 2.8063533e+00 2.9738970e+00 2.8464441e+00
 2.6925824e+00 2.6925824e+00 2.4906387e+00 2.9738970e+00 2.8063533e+00
 3.0654013e+00 2.5876765e+00 2.6925824e+00 3.0189559e+00 2.8464441e+00
 2.4598901e+00 2.7294669e+00 2.6217248e+00 2.8876970e+00]Class Weights: [2.1182575e-05 2.8063533e+00 2.8063533e+00 2.9738970e+00 2.8464441e+00
 2.6925824e+00 2.6925824e+00 2.4906387e+00 2.9738970e+00 2.8063533e+00
 3.0654013e+00 2.5876765e+00 2.6925824e+00 3.0189559e+00 2.8464441e+00
 2.4598901e+00 2.7294669e+00 2.6217248e+00 2.8876970e+00]

Class Weights: [2.1182575e-05 2.8063533e+00 2.8063533e+00 2.9738970e+00 2.8464441e+00
 2.6925824e+00 2.6925824e+00 2.4906387e+00 2.9738970e+00 2.8063533e+00
 3.0654013e+00 2.5876765e+00 2.6925824e+00 3.0189559e+00 2.8464441e+00
 2.4598901e+00 2.7294669e+00 2.6217248e+00 2.8876970e+00]
Learning Rate: 0.001Learning Rate: 0.001

Learning Rate: 0.001
Learning Rate: 0.001

Train Loss: 2.8864, Val Loss: 2.8795
Train Loss: 2.8864, Val Loss: 2.8795
Train Loss: 2.8864, Val Loss: 2.8795Train Loss: 2.8864, Val Loss: 2.8795

Pair 1:Pair 1:

Data file: /home/nishioka/GNN/Defect_4x4_Normalized1/Normalized1_Defect4x4_ELNOD_L17B5.npyPair 1:Data file: /home/nishioka/GNN/Defect_4x4_Normalized1/Normalized1_Defect4x4_ELNOD_L17B5.npy


Label file: /home/nishioka/GNN/Defect19Class_OneHot_test3/Defect19Class_L17B5.npyData file: /home/nishioka/GNN/Defect_4x4_Normalized1/Normalized1_Defect4x4_ELNOD_L17B5.npyLabel file: /home/nishioka/GNN/Defect19Class_OneHot_test3/Defect19Class_L17B5.npy


Label file: /home/nishioka/GNN/Defect19Class_OneHot_test3/Defect19Class_L17B5.npy
x shape: torch.Size([3654, 4])
x shape: torch.Size([3654, 4])y shape: torch.Size([3654])x shape: torch.Size([3654, 4])


y shape: torch.Size([3654])y shape: torch.Size([3654])

Sample x: tensor([[0.0110, 0.0000, 0.0000, 0.7766],
        [0.0110, 0.0000, 0.0357, 0.7705]])Sample x: tensor([[0.0110, 0.0000, 0.0000, 0.7766],
        [0.0110, 0.0000, 0.0357, 0.7705]])Sample x: tensor([[0.0110, 0.0000, 0.0000, 0.7766],
        [0.0110, 0.0000, 0.0357, 0.7705]])


Sample y: tensor([0, 0])Sample y: tensor([0, 0])
Sample y: tensor([0, 0])

Pair 2:
Data file: /home/nishioka/GNN/Defect_4x4_Normalized1/Normalized1_Defect4x4_ELNOD_L11B87.npy
Label file: /home/nishioka/GNN/Defect19Class_OneHot_test3/Defect19Class_L11B87.npyPair 2:

Pair 2:Data file: /home/nishioka/GNN/Defect_4x4_Normalized1/Normalized1_Defect4x4_ELNOD_L11B87.npyx shape: torch.Size([3654, 4])


Data file: /home/nishioka/GNN/Defect_4x4_Normalized1/Normalized1_Defect4x4_ELNOD_L11B87.npyLabel file: /home/nishioka/GNN/Defect19Class_OneHot_test3/Defect19Class_L11B87.npyy shape: torch.Size([3654])


Label file: /home/nishioka/GNN/Defect19Class_OneHot_test3/Defect19Class_L11B87.npy
x shape: torch.Size([3654, 4])
x shape: torch.Size([3654, 4])y shape: torch.Size([3654])

y shape: torch.Size([3654])
Sample x: tensor([[0.0110, 0.0000, 0.0000, 0.7021],
        [0.0110, 0.0000, 0.0357, 0.6920]])
Sample x: tensor([[0.0110, 0.0000, 0.0000, 0.7021],
        [0.0110, 0.0000, 0.0357, 0.6920]])Sample x: tensor([[0.0110, 0.0000, 0.0000, 0.7021],
        [0.0110, 0.0000, 0.0357, 0.6920]])

Sample y: tensor([0, 0])
Sample y: tensor([0, 0])Sample y: tensor([0, 0])

Pair 3:
Data file: /home/nishioka/GNN/Defect_4x4_Normalized1/Normalized1_Defect4x4_ELNOD_L2B9.npyPair 3:

Label file: /home/nishioka/GNN/Defect19Class_OneHot_test3/Defect19Class_L2B9.npyData file: /home/nishioka/GNN/Defect_4x4_Normalized1/Normalized1_Defect4x4_ELNOD_L2B9.npy

Label file: /home/nishioka/GNN/Defect19Class_OneHot_test3/Defect19Class_L2B9.npy
x shape: torch.Size([3654, 4])
x shape: torch.Size([3654, 4])y shape: torch.Size([3654])

y shape: torch.Size([3654])
Pair 3:
Data file: /home/nishioka/GNN/Defect_4x4_Normalized1/Normalized1_Defect4x4_ELNOD_L2B9.npy
Label file: /home/nishioka/GNN/Defect19Class_OneHot_test3/Defect19Class_L2B9.npy
x shape: torch.Size([3654, 4])
y shape: torch.Size([3654])
Sample x: tensor([[0.0110, 0.0000, 0.0000, 0.5476],
        [0.0110, 0.0000, 0.0357, 0.5359]])Sample x: tensor([[0.0110, 0.0000, 0.0000, 0.5476],
        [0.0110, 0.0000, 0.0357, 0.5359]])

Sample x: tensor([[0.0110, 0.0000, 0.0000, 0.5476],
        [0.0110, 0.0000, 0.0357, 0.5359]])
Sample y: tensor([0, 0])
Sample y: tensor([0, 0])
Sample y: tensor([0, 0])
Per-Class Precision: [0.00000000e+00 0.00000000e+00 0.00000000e+00 1.07009096e-03
 1.75561798e-04 0.00000000e+00 4.59337679e-04 9.01124152e-05
 0.00000000e+00 2.32937340e-04 0.00000000e+00 0.00000000e+00
 0.00000000e+00 0.00000000e+00 0.00000000e+00 2.66666667e-01
 0.00000000e+00 0.00000000e+00 3.65007909e-03]
Per-Class Recall: [0.         0.         0.         0.01333333 0.01       0.
 0.21       0.26666667 0.         0.01333333 0.         0.
 0.         0.         0.         0.04       0.         0.
 0.8       ]
Per-Class F1-Score: [0.         0.         0.         0.00198118 0.00034507 0.
 0.00091667 0.00018016 0.         0.00045788 0.         0.
 0.         0.         0.         0.06956522 0.         0.
 0.007267  ]
Support per Class: [293949    100    150    150    100    100    100     75    100     75
    125    150    125    175     75    100    175     75     75]
Weighted Precision: 0.0001, Weighted Recall: 0.0004, Weighted F1-Score: 0.0000
Precision: 0.0001, Recall: 0.0004, F1-Score: 0.0000
Fold 1, Epoch 30, Train Loss: 2.8864, Val Loss: 2.8795, Val Acc: 0.0005
Completed Fold 1
Starting Fold 2
Pair 1:
Data file: /home/nishioka/GNN/Defect_4x4_Normalized1/Normalized1_Defect4x4_ELNOD_L17B5.npy
Label file: /home/nishioka/GNN/Defect19Class_OneHot_test3/Defect19Class_L17B5.npy
x shape: torch.Size([3654, 4])
y shape: torch.Size([3654])
Sample x: tensor([[0.0110, 0.0000, 0.0000, 0.7766],
        [0.0110, 0.0000, 0.0357, 0.7705]])
Sample y: tensor([0, 0])
Pair 2:
Data file: /home/nishioka/GNN/Defect_4x4_Normalized1/Normalized1_Defect4x4_ELNOD_L11B87.npy
Label file: /home/nishioka/GNN/Defect19Class_OneHot_test3/Defect19Class_L11B87.npy
x shape: torch.Size([3654, 4])
y shape: torch.Size([3654])
Sample x: tensor([[0.0110, 0.0000, 0.0000, 0.7021],
        [0.0110, 0.0000, 0.0357, 0.6920]])
Sample y: tensor([0, 0])
Pair 3:
Data file: /home/nishioka/GNN/Defect_4x4_Normalized1/Normalized1_Defect4x4_ELNOD_L2B9.npy
Label file: /home/nishioka/GNN/Defect19Class_OneHot_test3/Defect19Class_L2B9.npy
x shape: torch.Size([3654, 4])
y shape: torch.Size([3654])
Sample x: tensor([[0.0110, 0.0000, 0.0000, 0.5476],
        [0.0110, 0.0000, 0.0357, 0.5359]])
Sample y: tensor([0, 0])
Class weights: [2.12166641e-05 2.85102501e+00 2.73385960e+00 2.77182987e+00
 2.46384877e+00 2.73385960e+00 2.77182987e+00 2.85102501e+00
 2.62594409e+00 2.85102501e+00 2.62594409e+00 2.77182987e+00
 2.69691555e+00 2.85102501e+00 3.02381440e+00 2.93487868e+00
 2.69691555e+00 2.89234421e+00 2.85102501e+00]
Class weights: [2.12166641e-05 2.85102501e+00 2.73385960e+00 2.77182987e+00
 2.46384877e+00 2.73385960e+00 2.77182987e+00 2.85102501e+00
 2.62594409e+00 2.85102501e+00 2.62594409e+00 2.77182987e+00
 2.69691555e+00 2.85102501e+00 3.02381440e+00 2.93487868e+00
 2.69691555e+00 2.89234421e+00 2.85102501e+00]
Pair 1:
Data file: /home/nishioka/GNN/Defect_4x4_Normalized1/Normalized1_Defect4x4_ELNOD_L11B44.npy
Label file: /home/nishioka/GNN/Defect19Class_OneHot_test3/Defect19Class_L11B44.npy
x shape: torch.Size([3654, 4])
y shape: torch.Size([3654])
Sample x: tensor([[0.0110, 0.0000, 0.0000, 0.6208],
        [0.0110, 0.0000, 0.0357, 0.6121]])
Sample y: tensor([0, 0])
Pair 2:
Data file: /home/nishioka/GNN/Defect_4x4_Normalized1/Normalized1_Defect4x4_ELNOD_L18B60.npy
Label file: /home/nishioka/GNN/Defect19Class_OneHot_test3/Defect19Class_L18B60.npy
x shape: torch.Size([3654, 4])
y shape: torch.Size([3654])
Sample x: tensor([[0.0110, 0.0000, 0.0000, 0.5756],
        [0.0110, 0.0000, 0.0357, 0.5702]])
Sample y: tensor([0, 0])
Pair 1:
Data file: /home/nishioka/GNN/Defect_4x4_Normalized1/Normalized1_Defect4x4_ELNOD_L11B44.npy
Label file: /home/nishioka/GNN/Defect19Class_OneHot_test3/Defect19Class_L11B44.npy
x shape: torch.Size([3654, 4])
y shape: torch.Size([3654])
Sample x: tensor([[0.0110, 0.0000, 0.0000, 0.6208],
        [0.0110, 0.0000, 0.0357, 0.6121]])
Sample y: tensor([0, 0])
Pair 3:
Data file: /home/nishioka/GNN/Defect_4x4_Normalized1/Normalized1_Defect4x4_ELNOD_L15B7.npy
Label file: /home/nishioka/GNN/Defect19Class_OneHot_test3/Defect19Class_L15B7.npy
x shape: torch.Size([3654, 4])
y shape: torch.Size([3654])
Sample x: tensor([[0.0110, 0.0000, 0.0000, 0.5735],
        [0.0110, 0.0000, 0.0357, 0.5670]])
Sample y: tensor([0, 0])
Pair 2:
Data file: /home/nishioka/GNN/Defect_4x4_Normalized1/Normalized1_Defect4x4_ELNOD_L18B60.npy
Label file: /home/nishioka/GNN/Defect19Class_OneHot_test3/Defect19Class_L18B60.npy
x shape: torch.Size([3654, 4])
y shape: torch.Size([3654])
Sample x: tensor([[0.0110, 0.0000, 0.0000, 0.5756],
        [0.0110, 0.0000, 0.0357, 0.5702]])
Sample y: tensor([0, 0])
Pair 3:
Data file: /home/nishioka/GNN/Defect_4x4_Normalized1/Normalized1_Defect4x4_ELNOD_L15B7.npy
Label file: /home/nishioka/GNN/Defect19Class_OneHot_test3/Defect19Class_L15B7.npy
x shape: torch.Size([3654, 4])
y shape: torch.Size([3654])
Sample x: tensor([[0.0110, 0.0000, 0.0000, 0.5735],
        [0.0110, 0.0000, 0.0357, 0.5670]])
Sample y: tensor([0, 0])
Class weights: [2.12166641e-05 2.85102501e+00 2.73385960e+00 2.77182987e+00
 2.46384877e+00 2.73385960e+00 2.77182987e+00 2.85102501e+00
 2.62594409e+00 2.85102501e+00 2.62594409e+00 2.77182987e+00
 2.69691555e+00 2.85102501e+00 3.02381440e+00 2.93487868e+00
 2.69691555e+00 2.89234421e+00 2.85102501e+00]
Pair 1:
Data file: /home/nishioka/GNN/Defect_4x4_Normalized1/Normalized1_Defect4x4_ELNOD_L11B44.npy
Label file: /home/nishioka/GNN/Defect19Class_OneHot_test3/Defect19Class_L11B44.npy
x shape: torch.Size([3654, 4])
y shape: torch.Size([3654])
Sample x: tensor([[0.0110, 0.0000, 0.0000, 0.6208],
        [0.0110, 0.0000, 0.0357, 0.6121]])
Sample y: tensor([0, 0])
Pair 2:
Data file: /home/nishioka/GNN/Defect_4x4_Normalized1/Normalized1_Defect4x4_ELNOD_L18B60.npy
Label file: /home/nishioka/GNN/Defect19Class_OneHot_test3/Defect19Class_L18B60.npy
x shape: torch.Size([3654, 4])
y shape: torch.Size([3654])
Sample x: tensor([[0.0110, 0.0000, 0.0000, 0.5756],
        [0.0110, 0.0000, 0.0357, 0.5702]])
Sample y: tensor([0, 0])
Pair 3:
Data file: /home/nishioka/GNN/Defect_4x4_Normalized1/Normalized1_Defect4x4_ELNOD_L15B7.npy
Label file: /home/nishioka/GNN/Defect19Class_OneHot_test3/Defect19Class_L15B7.npy
x shape: torch.Size([3654, 4])
y shape: torch.Size([3654])
Sample x: tensor([[0.0110, 0.0000, 0.0000, 0.5735],
        [0.0110, 0.0000, 0.0357, 0.5670]])
Sample y: tensor([0, 0])
Class weights: [2.02875088e-05 2.38539717e+00 2.80634961e+00 2.65044130e+00
 5.30088260e+00 2.80634961e+00 2.65044130e+00 2.38539717e+00
 3.40771024e+00 2.38539717e+00 3.40771024e+00 2.65044130e+00
 2.98174646e+00 2.38539717e+00 1.98783097e+00 2.16854288e+00
 2.98174646e+00 2.27180683e+00 2.38539717e+00]
Class weights: [2.02875088e-05 2.38539717e+00 2.80634961e+00 2.65044130e+00
 5.30088260e+00 2.80634961e+00 2.65044130e+00 2.38539717e+00
 3.40771024e+00 2.38539717e+00 3.40771024e+00 2.65044130e+00
 2.98174646e+00 2.38539717e+00 1.98783097e+00 2.16854288e+00
 2.98174646e+00 2.27180683e+00 2.38539717e+00]
Class weights: [2.02875088e-05 2.38539717e+00 2.80634961e+00 2.65044130e+00
 5.30088260e+00 2.80634961e+00 2.65044130e+00 2.38539717e+00
 3.40771024e+00 2.38539717e+00 3.40771024e+00 2.65044130e+00
 2.98174646e+00 2.38539717e+00 1.98783097e+00 2.16854288e+00
 2.98174646e+00 2.27180683e+00 2.38539717e+00]
Class weights: [2.12166641e-05 2.85102501e+00 2.73385960e+00 2.77182987e+00
 2.46384877e+00 2.73385960e+00 2.77182987e+00 2.85102501e+00
 2.62594409e+00 2.85102501e+00 2.62594409e+00 2.77182987e+00
 2.69691555e+00 2.85102501e+00 3.02381440e+00 2.93487868e+00
 2.69691555e+00 2.89234421e+00 2.85102501e+00]
Pair 1:
Data file: /home/nishioka/GNN/Defect_4x4_Normalized1/Normalized1_Defect4x4_ELNOD_L11B44.npy
Label file: /home/nishioka/GNN/Defect19Class_OneHot_test3/Defect19Class_L11B44.npy
x shape: torch.Size([3654, 4])
y shape: torch.Size([3654])
Sample x: tensor([[0.0110, 0.0000, 0.0000, 0.6208],
        [0.0110, 0.0000, 0.0357, 0.6121]])
Sample y: tensor([0, 0])
Pair 2:
Data file: /home/nishioka/GNN/Defect_4x4_Normalized1/Normalized1_Defect4x4_ELNOD_L18B60.npy
Label file: /home/nishioka/GNN/Defect19Class_OneHot_test3/Defect19Class_L18B60.npy
x shape: torch.Size([3654, 4])
y shape: torch.Size([3654])
Sample x: tensor([[0.0110, 0.0000, 0.0000, 0.5756],
        [0.0110, 0.0000, 0.0357, 0.5702]])
Sample y: tensor([0, 0])
Pair 3:
Data file: /home/nishioka/GNN/Defect_4x4_Normalized1/Normalized1_Defect4x4_ELNOD_L15B7.npy
Label file: /home/nishioka/GNN/Defect19Class_OneHot_test3/Defect19Class_L15B7.npy
x shape: torch.Size([3654, 4])
y shape: torch.Size([3654])
Sample x: tensor([[0.0110, 0.0000, 0.0000, 0.5735],
        [0.0110, 0.0000, 0.0357, 0.5670]])
Sample y: tensor([0, 0])
Class weights: [2.02875088e-05 2.38539717e+00 2.80634961e+00 2.65044130e+00
 5.30088260e+00 2.80634961e+00 2.65044130e+00 2.38539717e+00
 3.40771024e+00 2.38539717e+00 3.40771024e+00 2.65044130e+00
 2.98174646e+00 2.38539717e+00 1.98783097e+00 2.16854288e+00
 2.98174646e+00 2.27180683e+00 2.38539717e+00]
Precision: 0.0000, Recall: 0.0007, F1-Score: 0.0000
Fold 2, Epoch 1, Train Loss: 2.8664, Val Loss: 2.8471, Val Acc: 0.0006
Precision: 0.0000, Recall: 0.0005, F1-Score: 0.0000
Fold 2, Epoch 2, Train Loss: 2.8475, Val Loss: 2.8581, Val Acc: 0.0006
Precision: 0.0000, Recall: 0.0005, F1-Score: 0.0000
Fold 2, Epoch 3, Train Loss: 2.8575, Val Loss: 2.8433, Val Acc: 0.0006
Precision: 0.0000, Recall: 0.0005, F1-Score: 0.0000
Fold 2, Epoch 4, Train Loss: 2.8557, Val Loss: 2.8494, Val Acc: 0.0006
Precision: 0.0000, Recall: 0.0004, F1-Score: 0.0000
Fold 2, Epoch 5, Train Loss: 2.8468, Val Loss: 2.8459, Val Acc: 0.0005
Precision: 0.0000, Recall: 0.0006, F1-Score: 0.0001
Fold 2, Epoch 6, Train Loss: 2.8496, Val Loss: 2.8497, Val Acc: 0.0005
Precision: 0.0000, Recall: 0.0006, F1-Score: 0.0000
Fold 2, Epoch 7, Train Loss: 2.8440, Val Loss: 2.8292, Val Acc: 0.0005
Precision: 0.0000, Recall: 0.0005, F1-Score: 0.0000
Fold 2, Epoch 8, Train Loss: 2.8454, Val Loss: 2.8295, Val Acc: 0.0005
Precision: 0.0000, Recall: 0.0007, F1-Score: 0.0000
Fold 2, Epoch 9, Train Loss: 2.8455, Val Loss: 2.8325, Val Acc: 0.0006

--- Epoch 10 ---
--- Epoch 10 ---
--- Epoch 10 ---



--- Epoch 10 ---
Class Weights: [2.1216663e-05 2.8510251e+00 2.7338595e+00 2.7718298e+00 2.4638488e+00
 2.7338595e+00 2.7718298e+00 2.8510251e+00 2.6259441e+00 2.8510251e+00
 2.6259441e+00 2.7718298e+00 2.6969156e+00 2.8510251e+00 3.0238144e+00
 2.9348786e+00 2.6969156e+00 2.8923442e+00 2.8510251e+00]Class Weights: [2.1216663e-05 2.8510251e+00 2.7338595e+00 2.7718298e+00 2.4638488e+00
 2.7338595e+00 2.7718298e+00 2.8510251e+00 2.6259441e+00 2.8510251e+00
 2.6259441e+00 2.7718298e+00 2.6969156e+00 2.8510251e+00 3.0238144e+00
 2.9348786e+00 2.6969156e+00 2.8923442e+00 2.8510251e+00]
Class Weights: [2.1216663e-05 2.8510251e+00 2.7338595e+00 2.7718298e+00 2.4638488e+00
 2.7338595e+00 2.7718298e+00 2.8510251e+00 2.6259441e+00 2.8510251e+00
 2.6259441e+00 2.7718298e+00 2.6969156e+00 2.8510251e+00 3.0238144e+00
 2.9348786e+00 2.6969156e+00 2.8923442e+00 2.8510251e+00]

Learning Rate: 0.001Class Weights: [2.1216663e-05 2.8510251e+00 2.7338595e+00 2.7718298e+00 2.4638488e+00
 2.7338595e+00 2.7718298e+00 2.8510251e+00 2.6259441e+00 2.8510251e+00
 2.6259441e+00 2.7718298e+00 2.6969156e+00 2.8510251e+00 3.0238144e+00
 2.9348786e+00 2.6969156e+00 2.8923442e+00 2.8510251e+00]
Learning Rate: 0.001Learning Rate: 0.001


Learning Rate: 0.001
Train Loss: 2.8308, Val Loss: 2.8387
Train Loss: 2.8308, Val Loss: 2.8387Train Loss: 2.8308, Val Loss: 2.8387

Train Loss: 2.8308, Val Loss: 2.8387
Per-Class Precision: [0.00000000e+00 0.00000000e+00 0.00000000e+00 0.00000000e+00
 0.00000000e+00 0.00000000e+00 5.09025990e-04 9.58457705e-05
 0.00000000e+00 0.00000000e+00 0.00000000e+00 0.00000000e+00
 0.00000000e+00 0.00000000e+00 0.00000000e+00 0.00000000e+00
 0.00000000e+00 5.59105431e-03 8.41686434e-03]
Per-Class Recall: [0.         0.         0.         0.         0.         0.
 0.552      0.112      0.         0.         0.         0.
 0.         0.         0.         0.         0.         0.07
 0.73333333]
Per-Class F1-Score: [0.         0.         0.         0.         0.         0.
 0.00101711 0.00019153 0.         0.         0.         0.
 0.         0.         0.         0.         0.         0.01035503
 0.01664271]
Support per Class: [293949    150     75    100     75     75    125    125    100    175
    100     50     75    125    175     75    175    100    150]
Weighted Precision: 0.0000, Weighted Recall: 0.0007, Weighted F1-Score: 0.0000
Precision: 0.0000, Recall: 0.0007, F1-Score: 0.0000
Fold 2, Epoch 10, Train Loss: 2.8308, Val Loss: 2.8387, Val Acc: 0.0006
Precision: 0.0000, Recall: 0.0007, F1-Score: 0.0000
Fold 2, Epoch 11, Train Loss: 2.8386, Val Loss: 2.8276, Val Acc: 0.0006
Precision: 0.0000, Recall: 0.0004, F1-Score: 0.0000
Fold 2, Epoch 12, Train Loss: 2.8536, Val Loss: 2.8104, Val Acc: 0.0006
Precision: 0.0000, Recall: 0.0006, F1-Score: 0.0001
Fold 2, Epoch 13, Train Loss: 2.8451, Val Loss: 2.8282, Val Acc: 0.0006
Precision: 0.0001, Recall: 0.0006, F1-Score: 0.0001
Fold 2, Epoch 14, Train Loss: 2.8341, Val Loss: 2.8209, Val Acc: 0.0006
Precision: 0.0000, Recall: 0.0005, F1-Score: 0.0000
Fold 2, Epoch 15, Train Loss: 2.8325, Val Loss: 2.8139, Val Acc: 0.0005
Precision: 0.0000, Recall: 0.0005, F1-Score: 0.0000
Fold 2, Epoch 16, Train Loss: 2.8396, Val Loss: 2.8108, Val Acc: 0.0006
Precision: 0.0000, Recall: 0.0004, F1-Score: 0.0000
Fold 2, Epoch 17, Train Loss: 2.8252, Val Loss: 2.8089, Val Acc: 0.0006
Precision: 0.0000, Recall: 0.0004, F1-Score: 0.0000
Fold 2, Epoch 18, Train Loss: 2.8221, Val Loss: 2.8042, Val Acc: 0.0005
Precision: 0.0000, Recall: 0.0006, F1-Score: 0.0000
Fold 2, Epoch 19, Train Loss: 2.8216, Val Loss: 2.8069, Val Acc: 0.0006

--- Epoch 20 ---
--- Epoch 20 ---

--- Epoch 20 ---


--- Epoch 20 ---
Class Weights: [2.1216663e-05 2.8510251e+00 2.7338595e+00 2.7718298e+00 2.4638488e+00
 2.7338595e+00 2.7718298e+00 2.8510251e+00 2.6259441e+00 2.8510251e+00
 2.6259441e+00 2.7718298e+00 2.6969156e+00 2.8510251e+00 3.0238144e+00
 2.9348786e+00 2.6969156e+00 2.8923442e+00 2.8510251e+00]Class Weights: [2.1216663e-05 2.8510251e+00 2.7338595e+00 2.7718298e+00 2.4638488e+00
 2.7338595e+00 2.7718298e+00 2.8510251e+00 2.6259441e+00 2.8510251e+00
 2.6259441e+00 2.7718298e+00 2.6969156e+00 2.8510251e+00 3.0238144e+00
 2.9348786e+00 2.6969156e+00 2.8923442e+00 2.8510251e+00]Class Weights: [2.1216663e-05 2.8510251e+00 2.7338595e+00 2.7718298e+00 2.4638488e+00
 2.7338595e+00 2.7718298e+00 2.8510251e+00 2.6259441e+00 2.8510251e+00
 2.6259441e+00 2.7718298e+00 2.6969156e+00 2.8510251e+00 3.0238144e+00
 2.9348786e+00 2.6969156e+00 2.8923442e+00 2.8510251e+00]


Class Weights: [2.1216663e-05 2.8510251e+00 2.7338595e+00 2.7718298e+00 2.4638488e+00
 2.7338595e+00 2.7718298e+00 2.8510251e+00 2.6259441e+00 2.8510251e+00
 2.6259441e+00 2.7718298e+00 2.6969156e+00 2.8510251e+00 3.0238144e+00
 2.9348786e+00 2.6969156e+00 2.8923442e+00 2.8510251e+00]Learning Rate: 0.001Learning Rate: 0.001Learning Rate: 0.001



Learning Rate: 0.001
Train Loss: 2.8197, Val Loss: 2.7928Train Loss: 2.8197, Val Loss: 2.7928Train Loss: 2.8197, Val Loss: 2.7928

Train Loss: 2.8197, Val Loss: 2.7928

Per-Class Precision: [0.         0.00129534 0.         0.         0.00742574 0.
 0.         0.00018491 0.0037037  0.00011959 0.         0.
 0.         0.         0.         0.00267785 0.04326923 0.
 0.        ]
Per-Class Recall: [0.         0.02       0.         0.         0.12       0.
 0.         0.376      0.01       0.00571429 0.         0.
 0.         0.         0.         0.8        0.05142857 0.
 0.        ]
Per-Class F1-Score: [0.         0.00243309 0.         0.         0.01398601 0.
 0.         0.00036964 0.00540541 0.00023427 0.         0.
 0.         0.         0.         0.00533784 0.04699739 0.
 0.        ]
Support per Class: [293949    150     75    100     75     75    125    125    100    175
    100     50     75    125    175     75    175    100    150]
Weighted Precision: 0.0000, Weighted Recall: 0.0004, Weighted F1-Score: 0.0000
Precision: 0.0000, Recall: 0.0004, F1-Score: 0.0000
Fold 2, Epoch 20, Train Loss: 2.8197, Val Loss: 2.7928, Val Acc: 0.0006
Precision: 0.0001, Recall: 0.0006, F1-Score: 0.0001
Fold 2, Epoch 21, Train Loss: 2.8197, Val Loss: 2.7923, Val Acc: 0.0006
Precision: 0.0001, Recall: 0.0009, F1-Score: 0.0001
Fold 2, Epoch 22, Train Loss: 2.8098, Val Loss: 2.7950, Val Acc: 0.0008
Precision: 0.0000, Recall: 0.0007, F1-Score: 0.0000
Fold 2, Epoch 23, Train Loss: 2.7974, Val Loss: 2.8068, Val Acc: 0.0007
Precision: 0.0000, Recall: 0.0008, F1-Score: 0.0000
Fold 2, Epoch 24, Train Loss: 2.8137, Val Loss: 2.8180, Val Acc: 0.0007
Precision: 0.0000, Recall: 0.0008, F1-Score: 0.0001
Fold 2, Epoch 25, Train Loss: 2.8149, Val Loss: 2.7872, Val Acc: 0.0007
Precision: 0.0001, Recall: 0.0006, F1-Score: 0.0001
Fold 2, Epoch 26, Train Loss: 2.8042, Val Loss: 2.7764, Val Acc: 0.0006
Precision: 0.0000, Recall: 0.0005, F1-Score: 0.0001
Fold 2, Epoch 27, Train Loss: 2.7936, Val Loss: 2.7786, Val Acc: 0.0007
Precision: 0.0000, Recall: 0.0004, F1-Score: 0.0000
Fold 2, Epoch 28, Train Loss: 2.7986, Val Loss: 2.7702, Val Acc: 0.0006
Precision: 0.0000, Recall: 0.0006, F1-Score: 0.0000
Fold 2, Epoch 29, Train Loss: 2.7797, Val Loss: 2.7856, Val Acc: 0.0005

--- Epoch 30 ---
--- Epoch 30 ---
--- Epoch 30 ---



--- Epoch 30 ---
Class Weights: [2.1216663e-05 2.8510251e+00 2.7338595e+00 2.7718298e+00 2.4638488e+00
 2.7338595e+00 2.7718298e+00 2.8510251e+00 2.6259441e+00 2.8510251e+00
 2.6259441e+00 2.7718298e+00 2.6969156e+00 2.8510251e+00 3.0238144e+00
 2.9348786e+00 2.6969156e+00 2.8923442e+00 2.8510251e+00]Class Weights: [2.1216663e-05 2.8510251e+00 2.7338595e+00 2.7718298e+00 2.4638488e+00
 2.7338595e+00 2.7718298e+00 2.8510251e+00 2.6259441e+00 2.8510251e+00
 2.6259441e+00 2.7718298e+00 2.6969156e+00 2.8510251e+00 3.0238144e+00
 2.9348786e+00 2.6969156e+00 2.8923442e+00 2.8510251e+00]Class Weights: [2.1216663e-05 2.8510251e+00 2.7338595e+00 2.7718298e+00 2.4638488e+00
 2.7338595e+00 2.7718298e+00 2.8510251e+00 2.6259441e+00 2.8510251e+00
 2.6259441e+00 2.7718298e+00 2.6969156e+00 2.8510251e+00 3.0238144e+00
 2.9348786e+00 2.6969156e+00 2.8923442e+00 2.8510251e+00]


Learning Rate: 0.001Learning Rate: 0.001
Learning Rate: 0.001

Class Weights: [2.1216663e-05 2.8510251e+00 2.7338595e+00 2.7718298e+00 2.4638488e+00
 2.7338595e+00 2.7718298e+00 2.8510251e+00 2.6259441e+00 2.8510251e+00
 2.6259441e+00 2.7718298e+00 2.6969156e+00 2.8510251e+00 3.0238144e+00
 2.9348786e+00 2.6969156e+00 2.8923442e+00 2.8510251e+00]
Learning Rate: 0.001
Train Loss: 2.7911, Val Loss: 2.7720
Train Loss: 2.7911, Val Loss: 2.7720Train Loss: 2.7911, Val Loss: 2.7720

Train Loss: 2.7911, Val Loss: 2.7720
Pair 1:Pair 1:

Data file: /home/nishioka/GNN/Defect_4x4_Normalized1/Normalized1_Defect4x4_ELNOD_L11B87.npyData file: /home/nishioka/GNN/Defect_4x4_Normalized1/Normalized1_Defect4x4_ELNOD_L11B87.npy

Label file: /home/nishioka/GNN/Defect19Class_OneHot_test3/Defect19Class_L11B87.npyLabel file: /home/nishioka/GNN/Defect19Class_OneHot_test3/Defect19Class_L11B87.npy

x shape: torch.Size([3654, 4])x shape: torch.Size([3654, 4])

y shape: torch.Size([3654])y shape: torch.Size([3654])

Sample x: tensor([[0.0110, 0.0000, 0.0000, 0.7021],
        [0.0110, 0.0000, 0.0357, 0.6920]])Sample x: tensor([[0.0110, 0.0000, 0.0000, 0.7021],
        [0.0110, 0.0000, 0.0357, 0.6920]])

Sample y: tensor([0, 0])Sample y: tensor([0, 0])

Pair 1:
Data file: /home/nishioka/GNN/Defect_4x4_Normalized1/Normalized1_Defect4x4_ELNOD_L11B87.npy
Label file: /home/nishioka/GNN/Defect19Class_OneHot_test3/Defect19Class_L11B87.npy
x shape: torch.Size([3654, 4])
y shape: torch.Size([3654])
Sample x: tensor([[0.0110, 0.0000, 0.0000, 0.7021],
        [0.0110, 0.0000, 0.0357, 0.6920]])
Sample y: tensor([0, 0])
Pair 2:
Data file: /home/nishioka/GNN/Defect_4x4_Normalized1/Normalized1_Defect4x4_ELNOD_L16B71.npy
Label file: /home/nishioka/GNN/Defect19Class_OneHot_test3/Defect19Class_L16B71.npy
x shape: torch.Size([3654, 4])
y shape: torch.Size([3654])
Pair 2:
Data file: /home/nishioka/GNN/Defect_4x4_Normalized1/Normalized1_Defect4x4_ELNOD_L16B71.npy
Label file: /home/nishioka/GNN/Defect19Class_OneHot_test3/Defect19Class_L16B71.npy
x shape: torch.Size([3654, 4])
y shape: torch.Size([3654])
Sample x: tensor([[0.0110, 0.0000, 0.0000, 0.6866],
        [0.0110, 0.0000, 0.0357, 0.6787]])
Sample y: tensor([0, 0])
Sample x: tensor([[0.0110, 0.0000, 0.0000, 0.6866],
        [0.0110, 0.0000, 0.0357, 0.6787]])
Sample y: tensor([0, 0])
Pair 2:
Data file: /home/nishioka/GNN/Defect_4x4_Normalized1/Normalized1_Defect4x4_ELNOD_L16B71.npy
Label file: /home/nishioka/GNN/Defect19Class_OneHot_test3/Defect19Class_L16B71.npy
x shape: torch.Size([3654, 4])
y shape: torch.Size([3654])
Pair 3:
Data file: /home/nishioka/GNN/Defect_4x4_Normalized1/Normalized1_Defect4x4_ELNOD_L18B48.npy
Label file: /home/nishioka/GNN/Defect19Class_OneHot_test3/Defect19Class_L18B48.npy
x shape: torch.Size([3654, 4])
y shape: torch.Size([3654])
Sample x: tensor([[0.0110, 0.0000, 0.0000, 0.6866],
        [0.0110, 0.0000, 0.0357, 0.6787]])
Pair 3:
Data file: /home/nishioka/GNN/Defect_4x4_Normalized1/Normalized1_Defect4x4_ELNOD_L18B48.npy
Label file: /home/nishioka/GNN/Defect19Class_OneHot_test3/Defect19Class_L18B48.npy
x shape: torch.Size([3654, 4])
y shape: torch.Size([3654])
Sample x: tensor([[0.0110, 0.0000, 0.0000, 0.6054],
        [0.0110, 0.0000, 0.0357, 0.6009]])
Sample y: tensor([0, 0])Sample y: tensor([0, 0])

Sample x: tensor([[0.0110, 0.0000, 0.0000, 0.6054],
        [0.0110, 0.0000, 0.0357, 0.6009]])
Sample y: tensor([0, 0])
Pair 3:
Data file: /home/nishioka/GNN/Defect_4x4_Normalized1/Normalized1_Defect4x4_ELNOD_L18B48.npy
Label file: /home/nishioka/GNN/Defect19Class_OneHot_test3/Defect19Class_L18B48.npy
x shape: torch.Size([3654, 4])
y shape: torch.Size([3654])
Sample x: tensor([[0.0110, 0.0000, 0.0000, 0.6054],
        [0.0110, 0.0000, 0.0357, 0.6009]])
Sample y: tensor([0, 0])
Per-Class Precision: [0.         0.         0.         0.0447205  0.         0.
 0.         0.         0.00016112 0.00011299 0.         0.
 0.00028686 0.         0.         0.         0.         0.00246949
 0.00215123]
Per-Class Recall: [0.         0.         0.         0.36       0.         0.
 0.         0.         0.29       0.01142857 0.         0.
 0.01333333 0.         0.         0.         0.         0.17
 0.71333333]
Per-Class F1-Score: [0.         0.         0.         0.07955801 0.         0.
 0.         0.         0.00032206 0.00022378 0.         0.
 0.00056164 0.         0.         0.         0.         0.00486827
 0.00428952]
Support per Class: [293949    150     75    100     75     75    125    125    100    175
    100     50     75    125    175     75    175    100    150]
Weighted Precision: 0.0000, Weighted Recall: 0.0006, Weighted F1-Score: 0.0000
Precision: 0.0000, Recall: 0.0006, F1-Score: 0.0000
Fold 2, Epoch 30, Train Loss: 2.7911, Val Loss: 2.7720, Val Acc: 0.0006
Completed Fold 2
Starting Fold 3
Pair 1:
Data file: /home/nishioka/GNN/Defect_4x4_Normalized1/Normalized1_Defect4x4_ELNOD_L11B87.npy
Label file: /home/nishioka/GNN/Defect19Class_OneHot_test3/Defect19Class_L11B87.npy
x shape: torch.Size([3654, 4])
y shape: torch.Size([3654])
Sample x: tensor([[0.0110, 0.0000, 0.0000, 0.7021],
        [0.0110, 0.0000, 0.0357, 0.6920]])
Sample y: tensor([0, 0])
Pair 2:
Data file: /home/nishioka/GNN/Defect_4x4_Normalized1/Normalized1_Defect4x4_ELNOD_L16B71.npy
Label file: /home/nishioka/GNN/Defect19Class_OneHot_test3/Defect19Class_L16B71.npy
x shape: torch.Size([3654, 4])
y shape: torch.Size([3654])
Sample x: tensor([[0.0110, 0.0000, 0.0000, 0.6866],
        [0.0110, 0.0000, 0.0357, 0.6787]])
Sample y: tensor([0, 0])
Pair 3:
Data file: /home/nishioka/GNN/Defect_4x4_Normalized1/Normalized1_Defect4x4_ELNOD_L18B48.npy
Label file: /home/nishioka/GNN/Defect19Class_OneHot_test3/Defect19Class_L18B48.npy
x shape: torch.Size([3654, 4])
y shape: torch.Size([3654])
Sample x: tensor([[0.0110, 0.0000, 0.0000, 0.6054],
        [0.0110, 0.0000, 0.0357, 0.6009]])
Sample y: tensor([0, 0])
Class weights: [2.12006644e-05 2.62396384e+00 2.73179797e+00 2.69488178e+00
 3.02153411e+00 2.76973960e+00 2.97643659e+00 2.89016307e+00
 2.52431964e+00 2.58988638e+00 2.76973960e+00 2.89016307e+00
 3.02153411e+00 2.69488178e+00 2.65895002e+00 2.97643659e+00
 2.73179797e+00 2.62396384e+00 2.80875002e+00]
Class weights: [2.12006644e-05 2.62396384e+00 2.73179797e+00 2.69488178e+00
 3.02153411e+00 2.76973960e+00 2.97643659e+00 2.89016307e+00
 2.52431964e+00 2.58988638e+00 2.76973960e+00 2.89016307e+00
 3.02153411e+00 2.69488178e+00 2.65895002e+00 2.97643659e+00
 2.73179797e+00 2.62396384e+00 2.80875002e+00]
Class weights: [2.12006644e-05 2.62396384e+00 2.73179797e+00 2.69488178e+00
 3.02153411e+00 2.76973960e+00 2.97643659e+00 2.89016307e+00
 2.52431964e+00 2.58988638e+00 2.76973960e+00 2.89016307e+00
 3.02153411e+00 2.69488178e+00 2.65895002e+00 2.97643659e+00
 2.73179797e+00 2.62396384e+00 2.80875002e+00]
Pair 1:
Data file: /home/nishioka/GNN/Defect_4x4_Normalized1/Normalized1_Defect4x4_ELNOD_L17B5.npy
Label file: /home/nishioka/GNN/Defect19Class_OneHot_test3/Defect19Class_L17B5.npy
x shape: torch.Size([3654, 4])
y shape: torch.Size([3654])
Sample x: tensor([[0.0110, 0.0000, 0.0000, 0.7766],
        [0.0110, 0.0000, 0.0357, 0.7705]])
Sample y: tensor([0, 0])
Pair 2:
Data file: /home/nishioka/GNN/Defect_4x4_Normalized1/Normalized1_Defect4x4_ELNOD_L2B9.npy
Label file: /home/nishioka/GNN/Defect19Class_OneHot_test3/Defect19Class_L2B9.npy
x shape: torch.Size([3654, 4])
y shape: torch.Size([3654])
Sample x: tensor([[0.0110, 0.0000, 0.0000, 0.5476],
        [0.0110, 0.0000, 0.0357, 0.5359]])
Sample y: tensor([0, 0])
Pair 3:
Data file: /home/nishioka/GNN/Defect_4x4_Normalized1/Normalized1_Defect4x4_ELNOD_L11B78.npy
Label file: /home/nishioka/GNN/Defect19Class_OneHot_test3/Defect19Class_L11B78.npy
x shape: torch.Size([3654, 4])
y shape: torch.Size([3654])
Pair 1:
Data file: /home/nishioka/GNN/Defect_4x4_Normalized1/Normalized1_Defect4x4_ELNOD_L17B5.npy
Label file: /home/nishioka/GNN/Defect19Class_OneHot_test3/Defect19Class_L17B5.npy
x shape: torch.Size([3654, 4])
y shape: torch.Size([3654])
Sample x: tensor([[0.0110, 0.0000, 0.0000, 0.5790],
        [0.0110, 0.0000, 0.0357, 0.5722]])
Sample y: tensor([0, 0])
Sample x: tensor([[0.0110, 0.0000, 0.0000, 0.7766],
        [0.0110, 0.0000, 0.0357, 0.7705]])
Sample y: tensor([0, 0])
Pair 2:
Data file: /home/nishioka/GNN/Defect_4x4_Normalized1/Normalized1_Defect4x4_ELNOD_L2B9.npy
Label file: /home/nishioka/GNN/Defect19Class_OneHot_test3/Defect19Class_L2B9.npy
x shape: torch.Size([3654, 4])
y shape: torch.Size([3654])
Sample x: tensor([[0.0110, 0.0000, 0.0000, 0.5476],
        [0.0110, 0.0000, 0.0357, 0.5359]])
Sample y: tensor([0, 0])
Class weights: [2.12006644e-05 2.62396384e+00 2.73179797e+00 2.69488178e+00
 3.02153411e+00 2.76973960e+00 2.97643659e+00 2.89016307e+00
 2.52431964e+00 2.58988638e+00 2.76973960e+00 2.89016307e+00
 3.02153411e+00 2.69488178e+00 2.65895002e+00 2.97643659e+00
 2.73179797e+00 2.62396384e+00 2.80875002e+00]
Pair 3:
Data file: /home/nishioka/GNN/Defect_4x4_Normalized1/Normalized1_Defect4x4_ELNOD_L11B78.npy
Label file: /home/nishioka/GNN/Defect19Class_OneHot_test3/Defect19Class_L11B78.npy
x shape: torch.Size([3654, 4])
y shape: torch.Size([3654])
Pair 1:
Data file: /home/nishioka/GNN/Defect_4x4_Normalized1/Normalized1_Defect4x4_ELNOD_L17B5.npy
Label file: /home/nishioka/GNN/Defect19Class_OneHot_test3/Defect19Class_L17B5.npy
x shape: torch.Size([3654, 4])
y shape: torch.Size([3654])
Sample x: tensor([[0.0110, 0.0000, 0.0000, 0.5790],
        [0.0110, 0.0000, 0.0357, 0.5722]])
Sample y: tensor([0, 0])
Sample x: tensor([[0.0110, 0.0000, 0.0000, 0.7766],
        [0.0110, 0.0000, 0.0357, 0.7705]])
Sample y: tensor([0, 0])
Pair 2:
Data file: /home/nishioka/GNN/Defect_4x4_Normalized1/Normalized1_Defect4x4_ELNOD_L2B9.npy
Label file: /home/nishioka/GNN/Defect19Class_OneHot_test3/Defect19Class_L2B9.npy
x shape: torch.Size([3654, 4])
y shape: torch.Size([3654])
Sample x: tensor([[0.0110, 0.0000, 0.0000, 0.5476],
        [0.0110, 0.0000, 0.0357, 0.5359]])
Sample y: tensor([0, 0])
Pair 3:
Data file: /home/nishioka/GNN/Defect_4x4_Normalized1/Normalized1_Defect4x4_ELNOD_L11B78.npy
Label file: /home/nishioka/GNN/Defect19Class_OneHot_test3/Defect19Class_L11B78.npy
x shape: torch.Size([3654, 4])
y shape: torch.Size([3654])
Sample x: tensor([[0.0110, 0.0000, 0.0000, 0.5790],
        [0.0110, 0.0000, 0.0357, 0.5722]])
Sample y: tensor([0, 0])
Pair 1:
Data file: /home/nishioka/GNN/Defect_4x4_Normalized1/Normalized1_Defect4x4_ELNOD_L17B5.npy
Label file: /home/nishioka/GNN/Defect19Class_OneHot_test3/Defect19Class_L17B5.npy
x shape: torch.Size([3654, 4])
y shape: torch.Size([3654])
Sample x: tensor([[0.0110, 0.0000, 0.0000, 0.7766],
        [0.0110, 0.0000, 0.0357, 0.7705]])
Sample y: tensor([0, 0])
Pair 2:
Data file: /home/nishioka/GNN/Defect_4x4_Normalized1/Normalized1_Defect4x4_ELNOD_L2B9.npy
Label file: /home/nishioka/GNN/Defect19Class_OneHot_test3/Defect19Class_L2B9.npy
x shape: torch.Size([3654, 4])
y shape: torch.Size([3654])
Sample x: tensor([[0.0110, 0.0000, 0.0000, 0.5476],
        [0.0110, 0.0000, 0.0357, 0.5359]])
Sample y: tensor([0, 0])
Pair 3:
Data file: /home/nishioka/GNN/Defect_4x4_Normalized1/Normalized1_Defect4x4_ELNOD_L11B78.npy
Label file: /home/nishioka/GNN/Defect19Class_OneHot_test3/Defect19Class_L11B78.npy
x shape: torch.Size([3654, 4])
y shape: torch.Size([3654])
Sample x: tensor([[0.0110, 0.0000, 0.0000, 0.5790],
        [0.0110, 0.0000, 0.0357, 0.5722]])
Sample y: tensor([0, 0])
Class weights: [2.02633130e-05 3.40364605e+00 2.80300263e+00 2.97819029e+00
 1.98546019e+00 2.64728026e+00 2.07178455e+00 2.26909737e+00
 4.33191315e+00 3.66546497e+00 2.64728026e+00 2.26909737e+00
 1.98546019e+00 2.97819029e+00 3.17673631e+00 2.07178455e+00
 2.80300263e+00 3.40364605e+00 2.50794972e+00]
Class weights: [2.02633130e-05 3.40364605e+00 2.80300263e+00 2.97819029e+00
 1.98546019e+00 2.64728026e+00 2.07178455e+00 2.26909737e+00
 4.33191315e+00 3.66546497e+00 2.64728026e+00 2.26909737e+00
 1.98546019e+00 2.97819029e+00 3.17673631e+00 2.07178455e+00
 2.80300263e+00 3.40364605e+00 2.50794972e+00]
Class weights: [2.02633130e-05 3.40364605e+00 2.80300263e+00 2.97819029e+00
 1.98546019e+00 2.64728026e+00 2.07178455e+00 2.26909737e+00
 4.33191315e+00 3.66546497e+00 2.64728026e+00 2.26909737e+00
 1.98546019e+00 2.97819029e+00 3.17673631e+00 2.07178455e+00
 2.80300263e+00 3.40364605e+00 2.50794972e+00]
Class weights: [2.02633130e-05 3.40364605e+00 2.80300263e+00 2.97819029e+00
 1.98546019e+00 2.64728026e+00 2.07178455e+00 2.26909737e+00
 4.33191315e+00 3.66546497e+00 2.64728026e+00 2.26909737e+00
 1.98546019e+00 2.97819029e+00 3.17673631e+00 2.07178455e+00
 2.80300263e+00 3.40364605e+00 2.50794972e+00]
Precision: 0.0000, Recall: 0.0006, F1-Score: 0.0001
Fold 3, Epoch 1, Train Loss: 2.7982, Val Loss: 2.7702, Val Acc: 0.0006
Precision: 0.0001, Recall: 0.0006, F1-Score: 0.0001
Fold 3, Epoch 2, Train Loss: 2.7807, Val Loss: 2.7828, Val Acc: 0.0006
Precision: 0.0002, Recall: 0.0007, F1-Score: 0.0002
Fold 3, Epoch 3, Train Loss: 2.7715, Val Loss: 2.7592, Val Acc: 0.0007
Precision: 0.0001, Recall: 0.0008, F1-Score: 0.0002
Fold 3, Epoch 4, Train Loss: 2.7554, Val Loss: 2.7533, Val Acc: 0.0007
Precision: 0.0002, Recall: 0.0007, F1-Score: 0.0003
Fold 3, Epoch 5, Train Loss: 2.7432, Val Loss: 2.7556, Val Acc: 0.0006
Precision: 0.0002, Recall: 0.0007, F1-Score: 0.0003
Fold 3, Epoch 6, Train Loss: 2.7503, Val Loss: 2.7688, Val Acc: 0.0006
Precision: 0.0001, Recall: 0.0006, F1-Score: 0.0002
Fold 3, Epoch 7, Train Loss: 2.7446, Val Loss: 2.7556, Val Acc: 0.0005
Precision: 0.0002, Recall: 0.0006, F1-Score: 0.0002
Fold 3, Epoch 8, Train Loss: 2.7493, Val Loss: 2.7342, Val Acc: 0.0006
Precision: 0.0002, Recall: 0.0008, F1-Score: 0.0002
Fold 3, Epoch 9, Train Loss: 2.7448, Val Loss: 2.7276, Val Acc: 0.0007

--- Epoch 10 ---
--- Epoch 10 ---
--- Epoch 10 ---



--- Epoch 10 ---
Class Weights: [2.1200665e-05 2.6239638e+00 2.7317979e+00 2.6948817e+00 3.0215342e+00
 2.7697396e+00 2.9764366e+00 2.8901632e+00 2.5243196e+00 2.5898864e+00
 2.7697396e+00 2.8901632e+00 3.0215342e+00 2.6948817e+00 2.6589501e+00
 2.9764366e+00 2.7317979e+00 2.6239638e+00 2.8087499e+00]Class Weights: [2.1200665e-05 2.6239638e+00 2.7317979e+00 2.6948817e+00 3.0215342e+00
 2.7697396e+00 2.9764366e+00 2.8901632e+00 2.5243196e+00 2.5898864e+00
 2.7697396e+00 2.8901632e+00 3.0215342e+00 2.6948817e+00 2.6589501e+00
 2.9764366e+00 2.7317979e+00 2.6239638e+00 2.8087499e+00]Class Weights: [2.1200665e-05 2.6239638e+00 2.7317979e+00 2.6948817e+00 3.0215342e+00
 2.7697396e+00 2.9764366e+00 2.8901632e+00 2.5243196e+00 2.5898864e+00
 2.7697396e+00 2.8901632e+00 3.0215342e+00 2.6948817e+00 2.6589501e+00
 2.9764366e+00 2.7317979e+00 2.6239638e+00 2.8087499e+00]


Class Weights: [2.1200665e-05 2.6239638e+00 2.7317979e+00 2.6948817e+00 3.0215342e+00
 2.7697396e+00 2.9764366e+00 2.8901632e+00 2.5243196e+00 2.5898864e+00
 2.7697396e+00 2.8901632e+00 3.0215342e+00 2.6948817e+00 2.6589501e+00
 2.9764366e+00 2.7317979e+00 2.6239638e+00 2.8087499e+00]Learning Rate: 0.001Learning Rate: 0.001Learning Rate: 0.001



Learning Rate: 0.001
Train Loss: 2.7486, Val Loss: 2.7551
Train Loss: 2.7486, Val Loss: 2.7551Train Loss: 2.7486, Val Loss: 2.7551

Train Loss: 2.7486, Val Loss: 2.7551
Per-Class Precision: [0.00000000e+00 0.00000000e+00 4.34782609e-02 1.00000000e-01
 0.00000000e+00 7.81250000e-03 0.00000000e+00 0.00000000e+00
 8.23203359e-05 0.00000000e+00 3.75939850e-04 1.54416306e-04
 1.67672703e-04 0.00000000e+00 0.00000000e+00 3.00075019e-02
 0.00000000e+00 3.69003690e-02 0.00000000e+00]
Per-Class Recall: [0.         0.         0.32666667 0.16       0.         0.02
 0.         0.         0.3        0.         0.25       0.04
 0.03333333 0.         0.         0.16       0.         0.4
 0.        ]
Per-Class F1-Score: [0.         0.         0.07674236 0.12307692 0.         0.01123596
 0.         0.         0.0001646  0.         0.00075075 0.00030764
 0.00033367 0.         0.         0.05053696 0.         0.06756757
 0.        ]
Support per Class: [293949     75    150    100    100    150    125    125     50     50
    100     50    150     75    125    250    150     75    125]
Weighted Precision: 0.0001, Weighted Recall: 0.0006, Weighted F1-Score: 0.0001
Precision: 0.0001, Recall: 0.0006, F1-Score: 0.0001
Fold 3, Epoch 10, Train Loss: 2.7486, Val Loss: 2.7551, Val Acc: 0.0006
Precision: 0.0002, Recall: 0.0006, F1-Score: 0.0002
Fold 3, Epoch 11, Train Loss: 2.7496, Val Loss: 2.7281, Val Acc: 0.0006
Precision: 0.0005, Recall: 0.0008, F1-Score: 0.0002
Fold 3, Epoch 12, Train Loss: 2.7313, Val Loss: 2.7245, Val Acc: 0.0007
Precision: 0.0001, Recall: 0.0007, F1-Score: 0.0001
Fold 3, Epoch 13, Train Loss: 2.7159, Val Loss: 2.7187, Val Acc: 0.0007
Precision: 0.0001, Recall: 0.0007, F1-Score: 0.0001
Fold 3, Epoch 14, Train Loss: 2.7174, Val Loss: 2.7130, Val Acc: 0.0007
Precision: 0.0001, Recall: 0.0008, F1-Score: 0.0002
Fold 3, Epoch 15, Train Loss: 2.7441, Val Loss: 2.7326, Val Acc: 0.0007
Precision: 0.0002, Recall: 0.0008, F1-Score: 0.0002
Fold 3, Epoch 16, Train Loss: 2.7295, Val Loss: 2.7168, Val Acc: 0.0007
Precision: 0.0001, Recall: 0.0006, F1-Score: 0.0001
Fold 3, Epoch 17, Train Loss: 2.7058, Val Loss: 2.7274, Val Acc: 0.0007
Precision: 0.0002, Recall: 0.0007, F1-Score: 0.0001
Fold 3, Epoch 18, Train Loss: 2.7074, Val Loss: 2.7081, Val Acc: 0.0007
Precision: 0.0002, Recall: 0.0008, F1-Score: 0.0002
Fold 3, Epoch 19, Train Loss: 2.6991, Val Loss: 2.7096, Val Acc: 0.0007

--- Epoch 20 ---
--- Epoch 20 ---
--- Epoch 20 ---



--- Epoch 20 ---
Class Weights: [2.1200665e-05 2.6239638e+00 2.7317979e+00 2.6948817e+00 3.0215342e+00
 2.7697396e+00 2.9764366e+00 2.8901632e+00 2.5243196e+00 2.5898864e+00
 2.7697396e+00 2.8901632e+00 3.0215342e+00 2.6948817e+00 2.6589501e+00
 2.9764366e+00 2.7317979e+00 2.6239638e+00 2.8087499e+00]Class Weights: [2.1200665e-05 2.6239638e+00 2.7317979e+00 2.6948817e+00 3.0215342e+00
 2.7697396e+00 2.9764366e+00 2.8901632e+00 2.5243196e+00 2.5898864e+00
 2.7697396e+00 2.8901632e+00 3.0215342e+00 2.6948817e+00 2.6589501e+00
 2.9764366e+00 2.7317979e+00 2.6239638e+00 2.8087499e+00]Class Weights: [2.1200665e-05 2.6239638e+00 2.7317979e+00 2.6948817e+00 3.0215342e+00
 2.7697396e+00 2.9764366e+00 2.8901632e+00 2.5243196e+00 2.5898864e+00
 2.7697396e+00 2.8901632e+00 3.0215342e+00 2.6948817e+00 2.6589501e+00
 2.9764366e+00 2.7317979e+00 2.6239638e+00 2.8087499e+00]


Learning Rate: 0.001Learning Rate: 0.001
Learning Rate: 0.001
Class Weights: [2.1200665e-05 2.6239638e+00 2.7317979e+00 2.6948817e+00 3.0215342e+00
 2.7697396e+00 2.9764366e+00 2.8901632e+00 2.5243196e+00 2.5898864e+00
 2.7697396e+00 2.8901632e+00 3.0215342e+00 2.6948817e+00 2.6589501e+00
 2.9764366e+00 2.7317979e+00 2.6239638e+00 2.8087499e+00]

Learning Rate: 0.001
Train Loss: 2.6994, Val Loss: 2.6894Train Loss: 2.6994, Val Loss: 2.6894

Train Loss: 2.6994, Val Loss: 2.6894Train Loss: 2.6994, Val Loss: 2.6894

Per-Class Precision: [0.00000000e+00 9.00900901e-03 0.00000000e+00 5.40958269e-02
 0.00000000e+00 0.00000000e+00 0.00000000e+00 2.83193860e-04
 0.00000000e+00 1.07420616e-04 1.00060036e-03 0.00000000e+00
 0.00000000e+00 1.21045836e-04 0.00000000e+00 7.79392338e-02
 1.11650485e-01 0.00000000e+00 0.00000000e+00]
Per-Class Recall: [0.         0.02666667 0.         0.35       0.         0.
 0.         0.32       0.         0.2        0.35       0.
 0.         0.04       0.         0.236      0.15333333 0.
 0.        ]
Per-Class F1-Score: [0.         0.01346801 0.         0.09370817 0.         0.
 0.         0.00056589 0.         0.00021473 0.0019955  0.
 0.         0.00024136 0.         0.11717974 0.12921348 0.
 0.        ]
Support per Class: [293949     75    150    100    100    150    125    125     50     50
    100     50    150     75    125    250    150     75    125]
Weighted Precision: 0.0001, Weighted Recall: 0.0007, Weighted F1-Score: 0.0002
Precision: 0.0001, Recall: 0.0007, F1-Score: 0.0002
Fold 3, Epoch 20, Train Loss: 2.6994, Val Loss: 2.6894, Val Acc: 0.0007
Precision: 0.0002, Recall: 0.0008, F1-Score: 0.0002
Fold 3, Epoch 21, Train Loss: 2.6835, Val Loss: 2.6903, Val Acc: 0.0007
Precision: 0.0008, Recall: 0.0007, F1-Score: 0.0003
Fold 3, Epoch 22, Train Loss: 2.6773, Val Loss: 2.6596, Val Acc: 0.0007
Precision: 0.0002, Recall: 0.0008, F1-Score: 0.0002
Fold 3, Epoch 23, Train Loss: 2.6737, Val Loss: 2.6711, Val Acc: 0.0008
Precision: 0.0002, Recall: 0.0006, F1-Score: 0.0002
Fold 3, Epoch 24, Train Loss: 2.6587, Val Loss: 2.6845, Val Acc: 0.0007
Precision: 0.0002, Recall: 0.0006, F1-Score: 0.0002
Fold 3, Epoch 25, Train Loss: 2.6486, Val Loss: 2.6620, Val Acc: 0.0007
Precision: 0.0001, Recall: 0.0007, F1-Score: 0.0002
Fold 3, Epoch 26, Train Loss: 2.6560, Val Loss: 2.6397, Val Acc: 0.0007
Precision: 0.0003, Recall: 0.0006, F1-Score: 0.0002
Fold 3, Epoch 27, Train Loss: 2.6489, Val Loss: 2.6616, Val Acc: 0.0007
Precision: 0.0001, Recall: 0.0007, F1-Score: 0.0002
Fold 3, Epoch 28, Train Loss: 2.6559, Val Loss: 2.6393, Val Acc: 0.0008
Precision: 0.0003, Recall: 0.0009, F1-Score: 0.0003
Fold 3, Epoch 29, Train Loss: 2.6473, Val Loss: 2.6237, Val Acc: 0.0008

--- Epoch 30 ---
--- Epoch 30 ---
--- Epoch 30 ---



--- Epoch 30 ---
Class Weights: [2.1200665e-05 2.6239638e+00 2.7317979e+00 2.6948817e+00 3.0215342e+00
 2.7697396e+00 2.9764366e+00 2.8901632e+00 2.5243196e+00 2.5898864e+00
 2.7697396e+00 2.8901632e+00 3.0215342e+00 2.6948817e+00 2.6589501e+00
 2.9764366e+00 2.7317979e+00 2.6239638e+00 2.8087499e+00]Class Weights: [2.1200665e-05 2.6239638e+00 2.7317979e+00 2.6948817e+00 3.0215342e+00
 2.7697396e+00 2.9764366e+00 2.8901632e+00 2.5243196e+00 2.5898864e+00
 2.7697396e+00 2.8901632e+00 3.0215342e+00 2.6948817e+00 2.6589501e+00
 2.9764366e+00 2.7317979e+00 2.6239638e+00 2.8087499e+00]Class Weights: [2.1200665e-05 2.6239638e+00 2.7317979e+00 2.6948817e+00 3.0215342e+00
 2.7697396e+00 2.9764366e+00 2.8901632e+00 2.5243196e+00 2.5898864e+00
 2.7697396e+00 2.8901632e+00 3.0215342e+00 2.6948817e+00 2.6589501e+00
 2.9764366e+00 2.7317979e+00 2.6239638e+00 2.8087499e+00]

Class Weights: [2.1200665e-05 2.6239638e+00 2.7317979e+00 2.6948817e+00 3.0215342e+00
 2.7697396e+00 2.9764366e+00 2.8901632e+00 2.5243196e+00 2.5898864e+00
 2.7697396e+00 2.8901632e+00 3.0215342e+00 2.6948817e+00 2.6589501e+00
 2.9764366e+00 2.7317979e+00 2.6239638e+00 2.8087499e+00]
Learning Rate: 0.001Learning Rate: 0.001

Learning Rate: 0.001
Learning Rate: 0.001

Train Loss: 2.6166, Val Loss: 2.5746
Train Loss: 2.6166, Val Loss: 2.5746Train Loss: 2.6166, Val Loss: 2.5746
Train Loss: 2.6166, Val Loss: 2.5746

Pair 1:Pair 1:

Data file: /home/nishioka/GNN/Defect_4x4_Normalized1/Normalized1_Defect4x4_ELNOD_L17B5.npyData file: /home/nishioka/GNN/Defect_4x4_Normalized1/Normalized1_Defect4x4_ELNOD_L17B5.npy

Label file: /home/nishioka/GNN/Defect19Class_OneHot_test3/Defect19Class_L17B5.npyLabel file: /home/nishioka/GNN/Defect19Class_OneHot_test3/Defect19Class_L17B5.npy

x shape: torch.Size([3654, 4])x shape: torch.Size([3654, 4])

y shape: torch.Size([3654])y shape: torch.Size([3654])

Pair 1:
Data file: /home/nishioka/GNN/Defect_4x4_Normalized1/Normalized1_Defect4x4_ELNOD_L17B5.npy
Label file: /home/nishioka/GNN/Defect19Class_OneHot_test3/Defect19Class_L17B5.npy
x shape: torch.Size([3654, 4])
y shape: torch.Size([3654])
Sample x: tensor([[0.0110, 0.0000, 0.0000, 0.7766],
        [0.0110, 0.0000, 0.0357, 0.7705]])Sample x: tensor([[0.0110, 0.0000, 0.0000, 0.7766],
        [0.0110, 0.0000, 0.0357, 0.7705]])

Sample y: tensor([0, 0])Sample y: tensor([0, 0])

Sample x: tensor([[0.0110, 0.0000, 0.0000, 0.7766],
        [0.0110, 0.0000, 0.0357, 0.7705]])
Sample y: tensor([0, 0])
Pair 2:
Data file: /home/nishioka/GNN/Defect_4x4_Normalized1/Normalized1_Defect4x4_ELNOD_L11B87.npy
Label file: /home/nishioka/GNN/Defect19Class_OneHot_test3/Defect19Class_L11B87.npy
x shape: torch.Size([3654, 4])
y shape: torch.Size([3654])
Pair 2:
Data file: /home/nishioka/GNN/Defect_4x4_Normalized1/Normalized1_Defect4x4_ELNOD_L11B87.npy
Label file: /home/nishioka/GNN/Defect19Class_OneHot_test3/Defect19Class_L11B87.npy
x shape: torch.Size([3654, 4])
y shape: torch.Size([3654])
Sample x: tensor([[0.0110, 0.0000, 0.0000, 0.7021],
        [0.0110, 0.0000, 0.0357, 0.6920]])
Sample y: tensor([0, 0])
Sample x: tensor([[0.0110, 0.0000, 0.0000, 0.7021],
        [0.0110, 0.0000, 0.0357, 0.6920]])
Pair 2:
Data file: /home/nishioka/GNN/Defect_4x4_Normalized1/Normalized1_Defect4x4_ELNOD_L11B87.npy
Label file: /home/nishioka/GNN/Defect19Class_OneHot_test3/Defect19Class_L11B87.npy
Sample y: tensor([0, 0])x shape: torch.Size([3654, 4])

y shape: torch.Size([3654])
Sample x: tensor([[0.0110, 0.0000, 0.0000, 0.7021],
        [0.0110, 0.0000, 0.0357, 0.6920]])
Sample y: tensor([0, 0])
Pair 3:
Data file: /home/nishioka/GNN/Defect_4x4_Normalized1/Normalized1_Defect4x4_ELNOD_L2B9.npy
Label file: /home/nishioka/GNN/Defect19Class_OneHot_test3/Defect19Class_L2B9.npy
x shape: torch.Size([3654, 4])
y shape: torch.Size([3654])
Pair 3:
Data file: /home/nishioka/GNN/Defect_4x4_Normalized1/Normalized1_Defect4x4_ELNOD_L2B9.npy
Label file: /home/nishioka/GNN/Defect19Class_OneHot_test3/Defect19Class_L2B9.npy
x shape: torch.Size([3654, 4])
y shape: torch.Size([3654])
Sample x: tensor([[0.0110, 0.0000, 0.0000, 0.5476],
        [0.0110, 0.0000, 0.0357, 0.5359]])
Sample x: tensor([[0.0110, 0.0000, 0.0000, 0.5476],
        [0.0110, 0.0000, 0.0357, 0.5359]])
Sample y: tensor([0, 0])
Sample y: tensor([0, 0])
Pair 3:
Data file: /home/nishioka/GNN/Defect_4x4_Normalized1/Normalized1_Defect4x4_ELNOD_L2B9.npy
Label file: /home/nishioka/GNN/Defect19Class_OneHot_test3/Defect19Class_L2B9.npy
x shape: torch.Size([3654, 4])
y shape: torch.Size([3654])
Sample x: tensor([[0.0110, 0.0000, 0.0000, 0.5476],
        [0.0110, 0.0000, 0.0357, 0.5359]])
Sample y: tensor([0, 0])
Per-Class Precision: [0.00000000e+00 0.00000000e+00 6.69745958e-02 1.13924051e-01
 0.00000000e+00 1.21654501e-02 2.67515126e-04 0.00000000e+00
 0.00000000e+00 6.98909701e-05 1.32382892e-03 0.00000000e+00
 9.45683802e-04 3.75000000e-01 0.00000000e+00 8.20189274e-02
 1.33333333e-02 0.00000000e+00 0.00000000e+00]
Per-Class Recall: [0.         0.         0.19333333 0.27       0.         0.03333333
 0.376      0.         0.         0.08       0.26       0.
 0.26       0.04       0.         0.312      0.00666667 0.
 0.        ]
Per-Class F1-Score: [0.00000000e+00 0.00000000e+00 9.94854202e-02 1.60237389e-01
 0.00000000e+00 1.78253119e-02 5.34649861e-04 0.00000000e+00
 0.00000000e+00 1.39659928e-04 2.63424519e-03 0.00000000e+00
 1.88451317e-03 7.22891566e-02 0.00000000e+00 1.29891757e-01
 8.88888889e-03 0.00000000e+00 0.00000000e+00]
Support per Class: [293949     75    150    100    100    150    125    125     50     50
    100     50    150     75    125    250    150     75    125]
Weighted Precision: 0.0003, Weighted Recall: 0.0009, Weighted F1-Score: 0.0002
Precision: 0.0003, Recall: 0.0009, F1-Score: 0.0002
Fold 3, Epoch 30, Train Loss: 2.6166, Val Loss: 2.5746, Val Acc: 0.0008
Completed Fold 3
Starting Fold 4
Pair 1:
Data file: /home/nishioka/GNN/Defect_4x4_Normalized1/Normalized1_Defect4x4_ELNOD_L17B5.npy
Label file: /home/nishioka/GNN/Defect19Class_OneHot_test3/Defect19Class_L17B5.npy
x shape: torch.Size([3654, 4])
y shape: torch.Size([3654])
Sample x: tensor([[0.0110, 0.0000, 0.0000, 0.7766],
        [0.0110, 0.0000, 0.0357, 0.7705]])
Sample y: tensor([0, 0])
Pair 2:
Data file: /home/nishioka/GNN/Defect_4x4_Normalized1/Normalized1_Defect4x4_ELNOD_L11B87.npy
Label file: /home/nishioka/GNN/Defect19Class_OneHot_test3/Defect19Class_L11B87.npy
x shape: torch.Size([3654, 4])
y shape: torch.Size([3654])
Sample x: tensor([[0.0110, 0.0000, 0.0000, 0.7021],
        [0.0110, 0.0000, 0.0357, 0.6920]])
Sample y: tensor([0, 0])
Pair 3:
Data file: /home/nishioka/GNN/Defect_4x4_Normalized1/Normalized1_Defect4x4_ELNOD_L2B9.npy
Label file: /home/nishioka/GNN/Defect19Class_OneHot_test3/Defect19Class_L2B9.npy
x shape: torch.Size([3654, 4])
y shape: torch.Size([3654])
Sample x: tensor([[0.0110, 0.0000, 0.0000, 0.5476],
        [0.0110, 0.0000, 0.0357, 0.5359]])
Sample y: tensor([0, 0])
Class weights: [2.12139744e-05 2.77147847e+00 2.89197754e+00 2.69657365e+00
 2.77147847e+00 2.85066357e+00 2.77147847e+00 2.77147847e+00
 2.69657365e+00 2.85066357e+00 2.69657365e+00 3.11791328e+00
 2.73351301e+00 2.69657365e+00 2.66061933e+00 2.55828782e+00
 2.69657365e+00 3.06994539e+00 2.69657365e+00]
Class weights: [2.12139744e-05 2.77147847e+00 2.89197754e+00 2.69657365e+00
 2.77147847e+00 2.85066357e+00 2.77147847e+00 2.77147847e+00
 2.69657365e+00 2.85066357e+00 2.69657365e+00 3.11791328e+00
 2.73351301e+00 2.69657365e+00 2.66061933e+00 2.55828782e+00
 2.69657365e+00 3.06994539e+00 2.69657365e+00]
Class weights: [2.12139744e-05 2.77147847e+00 2.89197754e+00 2.69657365e+00
 2.77147847e+00 2.85066357e+00 2.77147847e+00 2.77147847e+00
 2.69657365e+00 2.85066357e+00 2.69657365e+00 3.11791328e+00
 2.73351301e+00 2.69657365e+00 2.66061933e+00 2.55828782e+00
 2.69657365e+00 3.06994539e+00 2.69657365e+00]
Pair 1:
Data file: /home/nishioka/GNN/Defect_4x4_Normalized1/Normalized1_Defect4x4_ELNOD_L16B71.npy
Label file: /home/nishioka/GNN/Defect19Class_OneHot_test3/Defect19Class_L16B71.npy
x shape: torch.Size([3654, 4])
y shape: torch.Size([3654])
Pair 1:
Data file: /home/nishioka/GNN/Defect_4x4_Normalized1/Normalized1_Defect4x4_ELNOD_L16B71.npy
Label file: /home/nishioka/GNN/Defect19Class_OneHot_test3/Defect19Class_L16B71.npy
x shape: torch.Size([3654, 4])
y shape: torch.Size([3654])
Sample x: tensor([[0.0110, 0.0000, 0.0000, 0.6866],
        [0.0110, 0.0000, 0.0357, 0.6787]])
Sample y: tensor([0, 0])
Sample x: tensor([[0.0110, 0.0000, 0.0000, 0.6866],
        [0.0110, 0.0000, 0.0357, 0.6787]])
Pair 1:
Data file: /home/nishioka/GNN/Defect_4x4_Normalized1/Normalized1_Defect4x4_ELNOD_L16B71.npy
Label file: /home/nishioka/GNN/Defect19Class_OneHot_test3/Defect19Class_L16B71.npy
x shape: torch.Size([3654, 4])
y shape: torch.Size([3654])
Sample y: tensor([0, 0])
Sample x: tensor([[0.0110, 0.0000, 0.0000, 0.6866],
        [0.0110, 0.0000, 0.0357, 0.6787]])
Sample y: tensor([0, 0])
Pair 2:
Data file: /home/nishioka/GNN/Defect_4x4_Normalized1/Normalized1_Defect4x4_ELNOD_L18B48.npy
Label file: /home/nishioka/GNN/Defect19Class_OneHot_test3/Defect19Class_L18B48.npy
x shape: torch.Size([3654, 4])
y shape: torch.Size([3654])
Pair 2:
Data file: /home/nishioka/GNN/Defect_4x4_Normalized1/Normalized1_Defect4x4_ELNOD_L18B48.npy
Label file: /home/nishioka/GNN/Defect19Class_OneHot_test3/Defect19Class_L18B48.npy
x shape: torch.Size([3654, 4])
y shape: torch.Size([3654])
Sample x: tensor([[0.0110, 0.0000, 0.0000, 0.6054],
        [0.0110, 0.0000, 0.0357, 0.6009]])
Sample y: tensor([0, 0])
Sample x: tensor([[0.0110, 0.0000, 0.0000, 0.6054],
        [0.0110, 0.0000, 0.0357, 0.6009]])
Pair 2:
Data file: /home/nishioka/GNN/Defect_4x4_Normalized1/Normalized1_Defect4x4_ELNOD_L18B48.npy
Label file: /home/nishioka/GNN/Defect19Class_OneHot_test3/Defect19Class_L18B48.npy
x shape: torch.Size([3654, 4])
y shape: torch.Size([3654])
Sample y: tensor([0, 0])
Sample x: tensor([[0.0110, 0.0000, 0.0000, 0.6054],
        [0.0110, 0.0000, 0.0357, 0.6009]])
Sample y: tensor([0, 0])
Class weights: [2.12139744e-05 2.77147847e+00 2.89197754e+00 2.69657365e+00
 2.77147847e+00 2.85066357e+00 2.77147847e+00 2.77147847e+00
 2.69657365e+00 2.85066357e+00 2.69657365e+00 3.11791328e+00
 2.73351301e+00 2.69657365e+00 2.66061933e+00 2.55828782e+00
 2.69657365e+00 3.06994539e+00 2.69657365e+00]
Pair 3:
Data file: /home/nishioka/GNN/Defect_4x4_Normalized1/Normalized1_Defect4x4_ELNOD_L2B30.npy
Label file: /home/nishioka/GNN/Defect19Class_OneHot_test3/Defect19Class_L2B30.npy
x shape: torch.Size([3654, 4])
y shape: torch.Size([3654])
Pair 3:
Data file: /home/nishioka/GNN/Defect_4x4_Normalized1/Normalized1_Defect4x4_ELNOD_L2B30.npy
Label file: /home/nishioka/GNN/Defect19Class_OneHot_test3/Defect19Class_L2B30.npy
x shape: torch.Size([3654, 4])
y shape: torch.Size([3654])
Sample x: tensor([[0.0110, 0.0000, 0.0000, 0.6080],
        [0.0110, 0.0000, 0.0357, 0.6036]])
Sample x: tensor([[0.0110, 0.0000, 0.0000, 0.6080],
        [0.0110, 0.0000, 0.0357, 0.6036]])
Sample y: tensor([0, 0])
Sample y: tensor([0, 0])
Pair 3:
Data file: /home/nishioka/GNN/Defect_4x4_Normalized1/Normalized1_Defect4x4_ELNOD_L2B30.npy
Label file: /home/nishioka/GNN/Defect19Class_OneHot_test3/Defect19Class_L2B30.npy
x shape: torch.Size([3654, 4])
y shape: torch.Size([3654])
Sample x: tensor([[0.0110, 0.0000, 0.0000, 0.6080],
        [0.0110, 0.0000, 0.0357, 0.6036]])
Sample y: tensor([0, 0])
Pair 1:
Data file: /home/nishioka/GNN/Defect_4x4_Normalized1/Normalized1_Defect4x4_ELNOD_L16B71.npy
Label file: /home/nishioka/GNN/Defect19Class_OneHot_test3/Defect19Class_L16B71.npy
x shape: torch.Size([3654, 4])
y shape: torch.Size([3654])
Sample x: tensor([[0.0110, 0.0000, 0.0000, 0.6866],
        [0.0110, 0.0000, 0.0357, 0.6787]])
Sample y: tensor([0, 0])
Pair 2:
Data file: /home/nishioka/GNN/Defect_4x4_Normalized1/Normalized1_Defect4x4_ELNOD_L18B48.npy
Label file: /home/nishioka/GNN/Defect19Class_OneHot_test3/Defect19Class_L18B48.npy
x shape: torch.Size([3654, 4])
y shape: torch.Size([3654])
Sample x: tensor([[0.0110, 0.0000, 0.0000, 0.6054],
        [0.0110, 0.0000, 0.0357, 0.6009]])
Sample y: tensor([0, 0])
Pair 3:
Data file: /home/nishioka/GNN/Defect_4x4_Normalized1/Normalized1_Defect4x4_ELNOD_L2B30.npy
Label file: /home/nishioka/GNN/Defect19Class_OneHot_test3/Defect19Class_L2B30.npy
x shape: torch.Size([3654, 4])
y shape: torch.Size([3654])
Sample x: tensor([[0.0110, 0.0000, 0.0000, 0.6080],
        [0.0110, 0.0000, 0.0357, 0.6036]])
Sample y: tensor([0, 0])
Class weights: Class weights: [2.05999527e-05 2.69126022e+00 2.30679448e+00 3.02766775e+00
 2.69126022e+00 2.42213420e+00 2.69126022e+00 2.69126022e+00
 3.02766775e+00 2.42213420e+00 3.02766775e+00 1.86318015e+00
 2.84956965e+00 3.02766775e+00 3.22951227e+00 4.03689033e+00
 3.02766775e+00 1.93770736e+00 3.02766775e+00]
[2.05999527e-05 2.69126022e+00 2.30679448e+00 3.02766775e+00
 2.69126022e+00 2.42213420e+00 2.69126022e+00 2.69126022e+00
 3.02766775e+00 2.42213420e+00 3.02766775e+00 1.86318015e+00
 2.84956965e+00 3.02766775e+00 3.22951227e+00 4.03689033e+00
 3.02766775e+00 1.93770736e+00 3.02766775e+00]
Class weights: [2.05999527e-05 2.69126022e+00 2.30679448e+00 3.02766775e+00
 2.69126022e+00 2.42213420e+00 2.69126022e+00 2.69126022e+00
 3.02766775e+00 2.42213420e+00 3.02766775e+00 1.86318015e+00
 2.84956965e+00 3.02766775e+00 3.22951227e+00 4.03689033e+00
 3.02766775e+00 1.93770736e+00 3.02766775e+00]
Class weights: [2.05999527e-05 2.69126022e+00 2.30679448e+00 3.02766775e+00
 2.69126022e+00 2.42213420e+00 2.69126022e+00 2.69126022e+00
 3.02766775e+00 2.42213420e+00 3.02766775e+00 1.86318015e+00
 2.84956965e+00 3.02766775e+00 3.22951227e+00 4.03689033e+00
 3.02766775e+00 1.93770736e+00 3.02766775e+00]
Precision: 0.0002, Recall: 0.0007, F1-Score: 0.0003
Fold 4, Epoch 1, Train Loss: 2.7156, Val Loss: 2.5885, Val Acc: 0.0009
Precision: 0.0004, Recall: 0.0009, F1-Score: 0.0004
Fold 4, Epoch 2, Train Loss: 2.6256, Val Loss: 2.6032, Val Acc: 0.0008
Precision: 0.0003, Recall: 0.0006, F1-Score: 0.0002
Fold 4, Epoch 3, Train Loss: 2.6289, Val Loss: 2.5927, Val Acc: 0.0008
Precision: 0.0002, Recall: 0.0006, F1-Score: 0.0002
Fold 4, Epoch 4, Train Loss: 2.6038, Val Loss: 2.5807, Val Acc: 0.0008
Precision: 0.0002, Recall: 0.0008, F1-Score: 0.0002
Fold 4, Epoch 5, Train Loss: 2.5970, Val Loss: 2.5517, Val Acc: 0.0009
Precision: 0.0003, Recall: 0.0009, F1-Score: 0.0003
Fold 4, Epoch 6, Train Loss: 2.5873, Val Loss: 2.5410, Val Acc: 0.0008
Precision: 0.0002, Recall: 0.0009, F1-Score: 0.0003
Fold 4, Epoch 7, Train Loss: 2.5716, Val Loss: 2.5302, Val Acc: 0.0009
Precision: 0.0003, Recall: 0.0010, F1-Score: 0.0003
Fold 4, Epoch 8, Train Loss: 2.5595, Val Loss: 2.5241, Val Acc: 0.0009
Precision: 0.0004, Recall: 0.0010, F1-Score: 0.0004
Fold 4, Epoch 9, Train Loss: 2.5438, Val Loss: 2.5099, Val Acc: 0.0010

--- Epoch 10 ---
--- Epoch 10 ---
--- Epoch 10 ---



--- Epoch 10 ---
Class Weights: [2.1213975e-05 2.7714784e+00 2.8919775e+00 2.6965737e+00 2.7714784e+00
 2.8506637e+00 2.7714784e+00 2.7714784e+00 2.6965737e+00 2.8506637e+00
 2.6965737e+00 3.1179132e+00 2.7335131e+00 2.6965737e+00 2.6606193e+00
 2.5582879e+00 2.6965737e+00 3.0699453e+00 2.6965737e+00]Class Weights: [2.1213975e-05 2.7714784e+00 2.8919775e+00 2.6965737e+00 2.7714784e+00
 2.8506637e+00 2.7714784e+00 2.7714784e+00 2.6965737e+00 2.8506637e+00
 2.6965737e+00 3.1179132e+00 2.7335131e+00 2.6965737e+00 2.6606193e+00
 2.5582879e+00 2.6965737e+00 3.0699453e+00 2.6965737e+00]Class Weights: [2.1213975e-05 2.7714784e+00 2.8919775e+00 2.6965737e+00 2.7714784e+00
 2.8506637e+00 2.7714784e+00 2.7714784e+00 2.6965737e+00 2.8506637e+00
 2.6965737e+00 3.1179132e+00 2.7335131e+00 2.6965737e+00 2.6606193e+00
 2.5582879e+00 2.6965737e+00 3.0699453e+00 2.6965737e+00]


Learning Rate: 0.001Learning Rate: 0.001Learning Rate: 0.001


Class Weights: [2.1213975e-05 2.7714784e+00 2.8919775e+00 2.6965737e+00 2.7714784e+00
 2.8506637e+00 2.7714784e+00 2.7714784e+00 2.6965737e+00 2.8506637e+00
 2.6965737e+00 3.1179132e+00 2.7335131e+00 2.6965737e+00 2.6606193e+00
 2.5582879e+00 2.6965737e+00 3.0699453e+00 2.6965737e+00]Train Loss: 2.5464, Val Loss: 2.5590
Train Loss: 2.5464, Val Loss: 2.5590
Train Loss: 2.5464, Val Loss: 2.5590
Learning Rate: 0.001

Train Loss: 2.5464, Val Loss: 2.5590
Per-Class Precision: [0.00000000e+00 0.00000000e+00 1.11111111e-01 2.30158730e-01
 2.27272727e-02 0.00000000e+00 2.85714286e-01 2.55398694e-04
 0.00000000e+00 2.88544773e-04 4.57896424e-04 0.00000000e+00
 1.07650352e-04 0.00000000e+00 0.00000000e+00 3.94736842e-02
 3.59589041e-02 4.16666667e-01 1.21212121e-01]
Per-Class Recall: [0.         0.         0.02666667 0.33142857 0.01       0.
 0.01142857 0.376      0.         0.02       0.8        0.
 0.08       0.         0.         0.312      0.168      0.08
 0.16      ]
Per-Class F1-Score: [0.00000000e+00 0.00000000e+00 4.30107527e-02 2.71662763e-01
 1.38888889e-02 0.00000000e+00 2.19780220e-02 5.10450663e-04
 0.00000000e+00 5.68882147e-04 9.15268975e-04 0.00000000e+00
 2.15011378e-04 0.00000000e+00 0.00000000e+00 7.00808625e-02
 5.92383639e-02 1.34228188e-01 1.37931034e-01]
Support per Class: [293949    150     75    175    100    100    175    125     75    150
     25    200     75    100     50    125    125    125     75]
Weighted Precision: 0.0006, Weighted Recall: 0.0007, Weighted F1-Score: 0.0003
Precision: 0.0006, Recall: 0.0007, F1-Score: 0.0003
Fold 4, Epoch 10, Train Loss: 2.5464, Val Loss: 2.5590, Val Acc: 0.0008
Precision: 0.0003, Recall: 0.0005, F1-Score: 0.0001
Fold 4, Epoch 11, Train Loss: 2.5629, Val Loss: 2.5869, Val Acc: 0.0007
Precision: 0.0005, Recall: 0.0008, F1-Score: 0.0003
Fold 4, Epoch 12, Train Loss: 2.6048, Val Loss: 2.4669, Val Acc: 0.0010
Precision: 0.0003, Recall: 0.0007, F1-Score: 0.0003
Fold 4, Epoch 13, Train Loss: 2.5668, Val Loss: 2.5453, Val Acc: 0.0008
Precision: 0.0003, Recall: 0.0008, F1-Score: 0.0003
Fold 4, Epoch 14, Train Loss: 2.5440, Val Loss: 2.4713, Val Acc: 0.0010
Precision: 0.0003, Recall: 0.0010, F1-Score: 0.0003
Fold 4, Epoch 15, Train Loss: 2.5067, Val Loss: 2.4499, Val Acc: 0.0011
Precision: 0.0005, Recall: 0.0012, F1-Score: 0.0004
Fold 4, Epoch 16, Train Loss: 2.4760, Val Loss: 2.4227, Val Acc: 0.0012
Precision: 0.0005, Recall: 0.0013, F1-Score: 0.0004
Fold 4, Epoch 17, Train Loss: 2.4543, Val Loss: 2.3923, Val Acc: 0.0012
Precision: 0.0004, Recall: 0.0011, F1-Score: 0.0003
Fold 4, Epoch 18, Train Loss: 2.4253, Val Loss: 2.3735, Val Acc: 0.0012
Precision: 0.0006, Recall: 0.0008, F1-Score: 0.0002
Fold 4, Epoch 19, Train Loss: 2.4210, Val Loss: 2.4863, Val Acc: 0.0009

--- Epoch 20 ---
--- Epoch 20 ---
--- Epoch 20 ---



--- Epoch 20 ---
Class Weights: [2.1213975e-05 2.7714784e+00 2.8919775e+00 2.6965737e+00 2.7714784e+00
 2.8506637e+00 2.7714784e+00 2.7714784e+00 2.6965737e+00 2.8506637e+00
 2.6965737e+00 3.1179132e+00 2.7335131e+00 2.6965737e+00 2.6606193e+00
 2.5582879e+00 2.6965737e+00 3.0699453e+00 2.6965737e+00]Class Weights: [2.1213975e-05 2.7714784e+00 2.8919775e+00 2.6965737e+00 2.7714784e+00
 2.8506637e+00 2.7714784e+00 2.7714784e+00 2.6965737e+00 2.8506637e+00
 2.6965737e+00 3.1179132e+00 2.7335131e+00 2.6965737e+00 2.6606193e+00
 2.5582879e+00 2.6965737e+00 3.0699453e+00 2.6965737e+00]

Class Weights: [2.1213975e-05 2.7714784e+00 2.8919775e+00 2.6965737e+00 2.7714784e+00
 2.8506637e+00 2.7714784e+00 2.7714784e+00 2.6965737e+00 2.8506637e+00
 2.6965737e+00 3.1179132e+00 2.7335131e+00 2.6965737e+00 2.6606193e+00
 2.5582879e+00 2.6965737e+00 3.0699453e+00 2.6965737e+00]Learning Rate: 0.001Learning Rate: 0.001


Class Weights: [2.1213975e-05 2.7714784e+00 2.8919775e+00 2.6965737e+00 2.7714784e+00
 2.8506637e+00 2.7714784e+00 2.7714784e+00 2.6965737e+00 2.8506637e+00
 2.6965737e+00 3.1179132e+00 2.7335131e+00 2.6965737e+00 2.6606193e+00
 2.5582879e+00 2.6965737e+00 3.0699453e+00 2.6965737e+00]Learning Rate: 0.001

Learning Rate: 0.001
Train Loss: 2.4747, Val Loss: 2.3306Train Loss: 2.4747, Val Loss: 2.3306

Train Loss: 2.4747, Val Loss: 2.3306
Train Loss: 2.4747, Val Loss: 2.3306
Per-Class Precision: [0.00000000e+00 4.59453251e-03 1.83150183e-03 2.20779221e-01
 4.91132333e-02 4.25531915e-03 5.97000669e-04 0.00000000e+00
 4.39261163e-05 6.64666985e-04 4.65910856e-04 3.04161482e-03
 4.96968492e-05 3.33333333e-01 1.58227848e-02 0.00000000e+00
 8.57142857e-02 3.60576923e-02 0.00000000e+00]
Per-Class Recall: [0.         0.13333333 0.10666667 0.09714286 0.36       0.01
 0.42857143 0.         0.02666667 0.26       0.36       0.22
 0.01333333 0.07       0.2        0.         0.024      0.36
 0.        ]
Per-Class F1-Score: [0.00000000e+00 8.88296691e-03 3.60117038e-03 1.34920635e-01
 8.64345738e-02 5.97014925e-03 1.19234041e-03 0.00000000e+00
 8.77077578e-05 1.32594431e-03 9.30617309e-04 6.00027274e-03
 9.90246076e-05 1.15702479e-01 2.93255132e-02 0.00000000e+00
 3.75000000e-02 6.55498908e-02 0.00000000e+00]
Support per Class: [293949    150     75    175    100    100    175    125     75    150
     25    200     75    100     50    125    125    125     75]
Weighted Precision: 0.0003, Weighted Recall: 0.0011, Weighted F1-Score: 0.0002
Precision: 0.0003, Recall: 0.0011, F1-Score: 0.0002
Fold 4, Epoch 20, Train Loss: 2.4747, Val Loss: 2.3306, Val Acc: 0.0012
Precision: 0.0002, Recall: 0.0012, F1-Score: 0.0002
Fold 4, Epoch 21, Train Loss: 2.4099, Val Loss: 2.3389, Val Acc: 0.0012
Precision: 0.0001, Recall: 0.0012, F1-Score: 0.0002
Fold 4, Epoch 22, Train Loss: 2.3857, Val Loss: 2.3181, Val Acc: 0.0012
Precision: 0.0002, Recall: 0.0013, F1-Score: 0.0003
Fold 4, Epoch 23, Train Loss: 2.3761, Val Loss: 2.2783, Val Acc: 0.0012
Precision: 0.0005, Recall: 0.0010, F1-Score: 0.0002
Fold 4, Epoch 24, Train Loss: 2.3526, Val Loss: 2.3503, Val Acc: 0.0011
Precision: 0.0004, Recall: 0.0010, F1-Score: 0.0002
Fold 4, Epoch 25, Train Loss: 2.4076, Val Loss: 2.2385, Val Acc: 0.0013
Precision: 0.0004, Recall: 0.0012, F1-Score: 0.0003
Fold 4, Epoch 26, Train Loss: 2.3248, Val Loss: 2.2942, Val Acc: 0.0013
Precision: 0.0003, Recall: 0.0013, F1-Score: 0.0003
Fold 4, Epoch 27, Train Loss: 2.3439, Val Loss: 2.2643, Val Acc: 0.0013
Precision: 0.0004, Recall: 0.0013, F1-Score: 0.0003
Fold 4, Epoch 28, Train Loss: 2.3485, Val Loss: 2.2331, Val Acc: 0.0013
Precision: 0.0001, Recall: 0.0014, F1-Score: 0.0002
Fold 4, Epoch 29, Train Loss: 2.3156, Val Loss: 2.2192, Val Acc: 0.0014

--- Epoch 30 ---
--- Epoch 30 ---
--- Epoch 30 ---



--- Epoch 30 ---
Class Weights: [2.1213975e-05 2.7714784e+00 2.8919775e+00 2.6965737e+00 2.7714784e+00
 2.8506637e+00 2.7714784e+00 2.7714784e+00 2.6965737e+00 2.8506637e+00
 2.6965737e+00 3.1179132e+00 2.7335131e+00 2.6965737e+00 2.6606193e+00
 2.5582879e+00 2.6965737e+00 3.0699453e+00 2.6965737e+00]Class Weights: [2.1213975e-05 2.7714784e+00 2.8919775e+00 2.6965737e+00 2.7714784e+00
 2.8506637e+00 2.7714784e+00 2.7714784e+00 2.6965737e+00 2.8506637e+00
 2.6965737e+00 3.1179132e+00 2.7335131e+00 2.6965737e+00 2.6606193e+00
 2.5582879e+00 2.6965737e+00 3.0699453e+00 2.6965737e+00]Class Weights: [2.1213975e-05 2.7714784e+00 2.8919775e+00 2.6965737e+00 2.7714784e+00
 2.8506637e+00 2.7714784e+00 2.7714784e+00 2.6965737e+00 2.8506637e+00
 2.6965737e+00 3.1179132e+00 2.7335131e+00 2.6965737e+00 2.6606193e+00
 2.5582879e+00 2.6965737e+00 3.0699453e+00 2.6965737e+00]


Class Weights: [2.1213975e-05 2.7714784e+00 2.8919775e+00 2.6965737e+00 2.7714784e+00
 2.8506637e+00 2.7714784e+00 2.7714784e+00 2.6965737e+00 2.8506637e+00
 2.6965737e+00 3.1179132e+00 2.7335131e+00 2.6965737e+00 2.6606193e+00
 2.5582879e+00 2.6965737e+00 3.0699453e+00 2.6965737e+00]Learning Rate: 0.001Learning Rate: 0.001Learning Rate: 0.001



Learning Rate: 0.001
Train Loss: 2.2925, Val Loss: 2.1840Train Loss: 2.2925, Val Loss: 2.1840Train Loss: 2.2925, Val Loss: 2.1840Train Loss: 2.2925, Val Loss: 2.1840



Pair 1:
Data file: /home/nishioka/GNN/Defect_4x4_Normalized1/Normalized1_Defect4x4_ELNOD_L17B5.npy
Label file: /home/nishioka/GNN/Defect19Class_OneHot_test3/Defect19Class_L17B5.npy
x shape: torch.Size([3654, 4])
y shape: torch.Size([3654])
Pair 1:
Data file: /home/nishioka/GNN/Defect_4x4_Normalized1/Normalized1_Defect4x4_ELNOD_L17B5.npy
Label file: /home/nishioka/GNN/Defect19Class_OneHot_test3/Defect19Class_L17B5.npy
Pair 1:
Data file: /home/nishioka/GNN/Defect_4x4_Normalized1/Normalized1_Defect4x4_ELNOD_L17B5.npyx shape: torch.Size([3654, 4])

Label file: /home/nishioka/GNN/Defect19Class_OneHot_test3/Defect19Class_L17B5.npy
y shape: torch.Size([3654])
x shape: torch.Size([3654, 4])
y shape: torch.Size([3654])
Sample x: tensor([[0.0110, 0.0000, 0.0000, 0.7766],
        [0.0110, 0.0000, 0.0357, 0.7705]])
Sample x: tensor([[0.0110, 0.0000, 0.0000, 0.7766],
        [0.0110, 0.0000, 0.0357, 0.7705]])
Sample x: tensor([[0.0110, 0.0000, 0.0000, 0.7766],
        [0.0110, 0.0000, 0.0357, 0.7705]])
Sample y: tensor([0, 0])
Sample y: tensor([0, 0])
Sample y: tensor([0, 0])
Pair 2:
Data file: /home/nishioka/GNN/Defect_4x4_Normalized1/Normalized1_Defect4x4_ELNOD_L2B9.npy
Label file: /home/nishioka/GNN/Defect19Class_OneHot_test3/Defect19Class_L2B9.npy
Pair 2:x shape: torch.Size([3654, 4])Pair 2:


Data file: /home/nishioka/GNN/Defect_4x4_Normalized1/Normalized1_Defect4x4_ELNOD_L2B9.npyy shape: torch.Size([3654])Data file: /home/nishioka/GNN/Defect_4x4_Normalized1/Normalized1_Defect4x4_ELNOD_L2B9.npy


Label file: /home/nishioka/GNN/Defect19Class_OneHot_test3/Defect19Class_L2B9.npyLabel file: /home/nishioka/GNN/Defect19Class_OneHot_test3/Defect19Class_L2B9.npy

x shape: torch.Size([3654, 4])x shape: torch.Size([3654, 4])

y shape: torch.Size([3654])y shape: torch.Size([3654])

Sample x: tensor([[0.0110, 0.0000, 0.0000, 0.5476],
        [0.0110, 0.0000, 0.0357, 0.5359]])
Sample x: tensor([[0.0110, 0.0000, 0.0000, 0.5476],
        [0.0110, 0.0000, 0.0357, 0.5359]])
Sample x: tensor([[0.0110, 0.0000, 0.0000, 0.5476],
        [0.0110, 0.0000, 0.0357, 0.5359]])
Sample y: tensor([0, 0])
Sample y: tensor([0, 0])
Sample y: tensor([0, 0])
Pair 3:
Data file: /home/nishioka/GNN/Defect_4x4_Normalized1/Normalized1_Defect4x4_ELNOD_L11B78.npy
Label file: /home/nishioka/GNN/Defect19Class_OneHot_test3/Defect19Class_L11B78.npy
x shape: torch.Size([3654, 4])
y shape: torch.Size([3654])
Pair 3:Pair 3:

Data file: /home/nishioka/GNN/Defect_4x4_Normalized1/Normalized1_Defect4x4_ELNOD_L11B78.npyData file: /home/nishioka/GNN/Defect_4x4_Normalized1/Normalized1_Defect4x4_ELNOD_L11B78.npy

Label file: /home/nishioka/GNN/Defect19Class_OneHot_test3/Defect19Class_L11B78.npyLabel file: /home/nishioka/GNN/Defect19Class_OneHot_test3/Defect19Class_L11B78.npy

x shape: torch.Size([3654, 4])x shape: torch.Size([3654, 4])

y shape: torch.Size([3654])y shape: torch.Size([3654])

Sample x: tensor([[0.0110, 0.0000, 0.0000, 0.5790],
        [0.0110, 0.0000, 0.0357, 0.5722]])
Sample x: tensor([[0.0110, 0.0000, 0.0000, 0.5790],
        [0.0110, 0.0000, 0.0357, 0.5722]])Sample x: tensor([[0.0110, 0.0000, 0.0000, 0.5790],
        [0.0110, 0.0000, 0.0357, 0.5722]])Sample y: tensor([0, 0])


Sample y: tensor([0, 0])
Sample y: tensor([0, 0])
Per-Class Precision: [0.         0.00404415 0.00744325 0.33653846 0.         0.00074645
 0.00051081 0.         0.         0.0022479  0.00089127 0.
 0.0005325  0.1147541  0.01348315 0.11904762 0.02634593 0.
 0.00034454]
Per-Class Recall: [0.         0.64       0.26666667 0.2        0.         0.12
 0.48571429 0.         0.         0.28666667 0.48       0.
 0.26666667 0.07       0.12       0.04       0.368      0.
 0.06666667]
Per-Class F1-Score: [0.         0.00803751 0.01448226 0.25089606 0.         0.00148368
 0.00102054 0.         0.         0.00446081 0.00177923 0.
 0.00106287 0.08695652 0.02424242 0.05988024 0.04917157 0.
 0.00068554]
Support per Class: [293949    150     75    175    100    100    175    125     75    150
     25    200     75    100     50    125    125    125     75]
Weighted Precision: 0.0003, Weighted Recall: 0.0013, Weighted F1-Score: 0.0002
Precision: 0.0003, Recall: 0.0013, F1-Score: 0.0002
Fold 4, Epoch 30, Train Loss: 2.2925, Val Loss: 2.1840, Val Acc: 0.0013
Completed Fold 4
Starting Fold 5
Pair 1:
Data file: /home/nishioka/GNN/Defect_4x4_Normalized1/Normalized1_Defect4x4_ELNOD_L17B5.npy
Label file: /home/nishioka/GNN/Defect19Class_OneHot_test3/Defect19Class_L17B5.npy
x shape: torch.Size([3654, 4])
y shape: torch.Size([3654])
Sample x: tensor([[0.0110, 0.0000, 0.0000, 0.7766],
        [0.0110, 0.0000, 0.0357, 0.7705]])
Sample y: tensor([0, 0])
Pair 2:
Data file: /home/nishioka/GNN/Defect_4x4_Normalized1/Normalized1_Defect4x4_ELNOD_L2B9.npy
Label file: /home/nishioka/GNN/Defect19Class_OneHot_test3/Defect19Class_L2B9.npy
x shape: torch.Size([3654, 4])
y shape: torch.Size([3654])
Sample x: tensor([[0.0110, 0.0000, 0.0000, 0.5476],
        [0.0110, 0.0000, 0.0357, 0.5359]])
Sample y: tensor([0, 0])
Pair 3:
Data file: /home/nishioka/GNN/Defect_4x4_Normalized1/Normalized1_Defect4x4_ELNOD_L11B78.npy
Label file: /home/nishioka/GNN/Defect19Class_OneHot_test3/Defect19Class_L11B78.npy
x shape: torch.Size([3654, 4])
y shape: torch.Size([3654])
Sample x: tensor([[0.0110, 0.0000, 0.0000, 0.5790],
        [0.0110, 0.0000, 0.0357, 0.5722]])
Sample y: tensor([0, 0])
Class weights: [2.12049743e-05 2.80932101e+00 2.69542961e+00 2.73235331e+00
 2.80932101e+00 2.80932101e+00 2.65949055e+00 2.89075060e+00
 3.11659049e+00 2.77030266e+00 2.73235331e+00 2.55720245e+00
 2.73235331e+00 2.62449726e+00 2.69542961e+00 3.02214835e+00
 3.02214835e+00 2.69542961e+00 2.62449726e+00]
Pair 1:
Data file: /home/nishioka/GNN/Defect_4x4_Normalized1/Normalized1_Defect4x4_ELNOD_L11B87.npy
Label file: /home/nishioka/GNN/Defect19Class_OneHot_test3/Defect19Class_L11B87.npy
x shape: torch.Size([3654, 4])
y shape: torch.Size([3654])
Sample x: tensor([[0.0110, 0.0000, 0.0000, 0.7021],
        [0.0110, 0.0000, 0.0357, 0.6920]])
Sample y: tensor([0, 0])
Pair 2:
Data file: /home/nishioka/GNN/Defect_4x4_Normalized1/Normalized1_Defect4x4_ELNOD_L5B11.npy
Label file: /home/nishioka/GNN/Defect19Class_OneHot_test3/Defect19Class_L5B11.npy
x shape: torch.Size([3654, 4])
y shape: torch.Size([3654])
Sample x: tensor([[0.0110, 0.0000, 0.0000, 0.7512],
        [0.0110, 0.0000, 0.0357, 0.7422]])
Sample y: tensor([0, 0])
Pair 3:
Data file: /home/nishioka/GNN/Defect_4x4_Normalized1/Normalized1_Defect4x4_ELNOD_L2B24.npy
Label file: /home/nishioka/GNN/Defect19Class_OneHot_test3/Defect19Class_L2B24.npy
x shape: torch.Size([3654, 4])
y shape: torch.Size([3654])
Sample x: tensor([[0.0110, 0.0000, 0.0000, 0.6084],
        [0.0110, 0.0000, 0.0357, 0.6040]])
Sample y: tensor([0, 0])
Class weights: [2.12049743e-05 2.80932101e+00 2.69542961e+00 2.73235331e+00
 2.80932101e+00 2.80932101e+00 2.65949055e+00 2.89075060e+00
 3.11659049e+00 2.77030266e+00 2.73235331e+00 2.55720245e+00
 2.73235331e+00 2.62449726e+00 2.69542961e+00 3.02214835e+00
 3.02214835e+00 2.69542961e+00 2.62449726e+00]
Pair 1:
Data file: /home/nishioka/GNN/Defect_4x4_Normalized1/Normalized1_Defect4x4_ELNOD_L11B87.npy
Label file: /home/nishioka/GNN/Defect19Class_OneHot_test3/Defect19Class_L11B87.npy
x shape: torch.Size([3654, 4])
y shape: torch.Size([3654])
Sample x: tensor([[0.0110, 0.0000, 0.0000, 0.7021],
        [0.0110, 0.0000, 0.0357, 0.6920]])
Sample y: tensor([0, 0])
Pair 2:
Data file: /home/nishioka/GNN/Defect_4x4_Normalized1/Normalized1_Defect4x4_ELNOD_L5B11.npy
Label file: /home/nishioka/GNN/Defect19Class_OneHot_test3/Defect19Class_L5B11.npy
x shape: torch.Size([3654, 4])
y shape: torch.Size([3654])
Sample x: tensor([[0.0110, 0.0000, 0.0000, 0.7512],
        [0.0110, 0.0000, 0.0357, 0.7422]])
Sample y: tensor([0, 0])
Class weights: [2.12049743e-05 2.80932101e+00 2.69542961e+00 2.73235331e+00
 2.80932101e+00 2.80932101e+00 2.65949055e+00 2.89075060e+00
 3.11659049e+00 2.77030266e+00 2.73235331e+00 2.55720245e+00
 2.73235331e+00 2.62449726e+00 2.69542961e+00 3.02214835e+00
 3.02214835e+00 2.69542961e+00 2.62449726e+00]
Pair 3:
Data file: /home/nishioka/GNN/Defect_4x4_Normalized1/Normalized1_Defect4x4_ELNOD_L2B24.npy
Label file: /home/nishioka/GNN/Defect19Class_OneHot_test3/Defect19Class_L2B24.npy
x shape: torch.Size([3654, 4])
y shape: torch.Size([3654])
Sample x: tensor([[0.0110, 0.0000, 0.0000, 0.6084],
        [0.0110, 0.0000, 0.0357, 0.6040]])
Sample y: tensor([0, 0])
Pair 1:
Data file: /home/nishioka/GNN/Defect_4x4_Normalized1/Normalized1_Defect4x4_ELNOD_L11B87.npy
Label file: /home/nishioka/GNN/Defect19Class_OneHot_test3/Defect19Class_L11B87.npy
x shape: torch.Size([3654, 4])
y shape: torch.Size([3654])
Sample x: tensor([[0.0110, 0.0000, 0.0000, 0.7021],
        [0.0110, 0.0000, 0.0357, 0.6920]])
Sample y: tensor([0, 0])
Pair 2:
Data file: /home/nishioka/GNN/Defect_4x4_Normalized1/Normalized1_Defect4x4_ELNOD_L5B11.npy
Label file: /home/nishioka/GNN/Defect19Class_OneHot_test3/Defect19Class_L5B11.npy
x shape: torch.Size([3654, 4])
y shape: torch.Size([3654])
Sample x: tensor([[0.0110, 0.0000, 0.0000, 0.7512],
        [0.0110, 0.0000, 0.0357, 0.7422]])
Sample y: tensor([0, 0])
Pair 3:
Data file: /home/nishioka/GNN/Defect_4x4_Normalized1/Normalized1_Defect4x4_ELNOD_L2B24.npy
Label file: /home/nishioka/GNN/Defect19Class_OneHot_test3/Defect19Class_L2B24.npy
x shape: torch.Size([3654, 4])
y shape: torch.Size([3654])
Sample x: tensor([[0.0110, 0.0000, 0.0000, 0.6084],
        [0.0110, 0.0000, 0.0357, 0.6040]])
Sample y: tensor([0, 0])
Class weights: [2.04500545e-05 2.53106235e+00 3.00563654e+00 2.82883439e+00
 2.53106235e+00 2.53106235e+00 3.20601231e+00 2.29000879e+00
 1.84962249e+00 2.67167692e+00 2.82883439e+00 4.00751539e+00
 2.82883439e+00 3.43501319e+00 3.00563654e+00 2.00375769e+00
 2.00375769e+00 3.00563654e+00 3.43501319e+00]
Class weights: [2.04500545e-05 2.53106235e+00 3.00563654e+00 2.82883439e+00
 2.53106235e+00 2.53106235e+00 3.20601231e+00 2.29000879e+00
 1.84962249e+00 2.67167692e+00 2.82883439e+00 4.00751539e+00
 2.82883439e+00 3.43501319e+00 3.00563654e+00 2.00375769e+00
 2.00375769e+00 3.00563654e+00 3.43501319e+00]
Class weights: [2.04500545e-05 2.53106235e+00 3.00563654e+00 2.82883439e+00
 2.53106235e+00 2.53106235e+00 3.20601231e+00 2.29000879e+00
 1.84962249e+00 2.67167692e+00 2.82883439e+00 4.00751539e+00
 2.82883439e+00 3.43501319e+00 3.00563654e+00 2.00375769e+00
 2.00375769e+00 3.00563654e+00 3.43501319e+00]
Class weights: [2.12049743e-05 2.80932101e+00 2.69542961e+00 2.73235331e+00
 2.80932101e+00 2.80932101e+00 2.65949055e+00 2.89075060e+00
 3.11659049e+00 2.77030266e+00 2.73235331e+00 2.55720245e+00
 2.73235331e+00 2.62449726e+00 2.69542961e+00 3.02214835e+00
 3.02214835e+00 2.69542961e+00 2.62449726e+00]
Pair 1:
Data file: /home/nishioka/GNN/Defect_4x4_Normalized1/Normalized1_Defect4x4_ELNOD_L11B87.npy
Label file: /home/nishioka/GNN/Defect19Class_OneHot_test3/Defect19Class_L11B87.npy
x shape: torch.Size([3654, 4])
y shape: torch.Size([3654])
Sample x: tensor([[0.0110, 0.0000, 0.0000, 0.7021],
        [0.0110, 0.0000, 0.0357, 0.6920]])
Sample y: tensor([0, 0])
Pair 2:
Data file: /home/nishioka/GNN/Defect_4x4_Normalized1/Normalized1_Defect4x4_ELNOD_L5B11.npy
Label file: /home/nishioka/GNN/Defect19Class_OneHot_test3/Defect19Class_L5B11.npy
x shape: torch.Size([3654, 4])
y shape: torch.Size([3654])
Sample x: tensor([[0.0110, 0.0000, 0.0000, 0.7512],
        [0.0110, 0.0000, 0.0357, 0.7422]])
Sample y: tensor([0, 0])
Pair 3:
Data file: /home/nishioka/GNN/Defect_4x4_Normalized1/Normalized1_Defect4x4_ELNOD_L2B24.npy
Label file: /home/nishioka/GNN/Defect19Class_OneHot_test3/Defect19Class_L2B24.npy
x shape: torch.Size([3654, 4])
y shape: torch.Size([3654])
Sample x: tensor([[0.0110, 0.0000, 0.0000, 0.6084],
        [0.0110, 0.0000, 0.0357, 0.6040]])
Sample y: tensor([0, 0])
Class weights: [2.04500545e-05 2.53106235e+00 3.00563654e+00 2.82883439e+00
 2.53106235e+00 2.53106235e+00 3.20601231e+00 2.29000879e+00
 1.84962249e+00 2.67167692e+00 2.82883439e+00 4.00751539e+00
 2.82883439e+00 3.43501319e+00 3.00563654e+00 2.00375769e+00
 2.00375769e+00 3.00563654e+00 3.43501319e+00]
Precision: 0.0001, Recall: 0.0014, F1-Score: 0.0001
Fold 5, Epoch 1, Train Loss: 2.6526, Val Loss: 2.3074, Val Acc: 0.0012
Precision: 0.0002, Recall: 0.0014, F1-Score: 0.0002
Fold 5, Epoch 2, Train Loss: 2.3751, Val Loss: 2.3191, Val Acc: 0.0012
Precision: 0.0002, Recall: 0.0013, F1-Score: 0.0002
Fold 5, Epoch 3, Train Loss: 2.3023, Val Loss: 2.2267, Val Acc: 0.0013
Precision: 0.0001, Recall: 0.0011, F1-Score: 0.0001
Fold 5, Epoch 4, Train Loss: 2.2829, Val Loss: 2.2284, Val Acc: 0.0012
Precision: 0.0003, Recall: 0.0014, F1-Score: 0.0003
Fold 5, Epoch 5, Train Loss: 2.2554, Val Loss: 2.2101, Val Acc: 0.0013
Precision: 0.0002, Recall: 0.0012, F1-Score: 0.0002
Fold 5, Epoch 6, Train Loss: 2.2324, Val Loss: 2.2070, Val Acc: 0.0012
Precision: 0.0001, Recall: 0.0012, F1-Score: 0.0001
Fold 5, Epoch 7, Train Loss: 2.2357, Val Loss: 2.1701, Val Acc: 0.0014
Precision: 0.0001, Recall: 0.0012, F1-Score: 0.0001
Fold 5, Epoch 8, Train Loss: 2.1931, Val Loss: 2.1674, Val Acc: 0.0013
Precision: 0.0001, Recall: 0.0014, F1-Score: 0.0001
Fold 5, Epoch 9, Train Loss: 2.2037, Val Loss: 2.1528, Val Acc: 0.0014

--- Epoch 10 ---
--- Epoch 10 ---
--- Epoch 10 ---



--- Epoch 10 ---
Class Weights: [2.1204974e-05 2.8093209e+00 2.6954296e+00 2.7323532e+00 2.8093209e+00
 2.8093209e+00 2.6594906e+00 2.8907506e+00 3.1165905e+00 2.7703028e+00
 2.7323532e+00 2.5572023e+00 2.7323532e+00 2.6244972e+00 2.6954296e+00
 3.0221484e+00 3.0221484e+00 2.6954296e+00 2.6244972e+00]Class Weights: [2.1204974e-05 2.8093209e+00 2.6954296e+00 2.7323532e+00 2.8093209e+00
 2.8093209e+00 2.6594906e+00 2.8907506e+00 3.1165905e+00 2.7703028e+00
 2.7323532e+00 2.5572023e+00 2.7323532e+00 2.6244972e+00 2.6954296e+00
 3.0221484e+00 3.0221484e+00 2.6954296e+00 2.6244972e+00]Class Weights: [2.1204974e-05 2.8093209e+00 2.6954296e+00 2.7323532e+00 2.8093209e+00
 2.8093209e+00 2.6594906e+00 2.8907506e+00 3.1165905e+00 2.7703028e+00
 2.7323532e+00 2.5572023e+00 2.7323532e+00 2.6244972e+00 2.6954296e+00
 3.0221484e+00 3.0221484e+00 2.6954296e+00 2.6244972e+00]


Class Weights: [2.1204974e-05 2.8093209e+00 2.6954296e+00 2.7323532e+00 2.8093209e+00
 2.8093209e+00 2.6594906e+00 2.8907506e+00 3.1165905e+00 2.7703028e+00
 2.7323532e+00 2.5572023e+00 2.7323532e+00 2.6244972e+00 2.6954296e+00
 3.0221484e+00 3.0221484e+00 2.6954296e+00 2.6244972e+00]Learning Rate: 0.001Learning Rate: 0.001Learning Rate: 0.001



Learning Rate: 0.001
Train Loss: 2.2130, Val Loss: 2.1443Train Loss: 2.2130, Val Loss: 2.1443
Train Loss: 2.2130, Val Loss: 2.1443
Train Loss: 2.2130, Val Loss: 2.1443

Per-Class Precision: [1.00000000e+00 2.87368834e-03 8.17531509e-03 2.74193548e-01
 0.00000000e+00 9.44524904e-04 0.00000000e+00 2.36318408e-04
 1.64383562e-01 9.81084687e-04 6.05581885e-03 0.00000000e+00
 1.53947658e-04 7.37265416e-03 1.09890110e-02 3.36134454e-03
 2.68096515e-02 6.98649278e-03 1.56366053e-03]
Per-Class Recall: [0.00934856 0.528      0.41142857 0.22666667 0.         0.15
 0.         0.12666667 0.16       0.5        0.15333333 0.
 0.04666667 0.14666667 0.02666667 0.256      0.1        0.1
 0.53333333]
Per-Class F1-Score: [0.01852395 0.00571627 0.01603206 0.24817518 0.         0.00187723
 0.         0.00047176 0.16216216 0.00195833 0.01165147 0.
 0.00030688 0.01403957 0.0155642  0.00663556 0.0422833  0.01306051
 0.00311818]
Support per Class: [293949    125    175     75     75    100    100    150     75    150
    150    100    150     75     75    125    100    150     75]
Weighted Precision: 0.9933, Weighted Recall: 0.0107, Weighted F1-Score: 0.0186
Precision: 0.9933, Recall: 0.0107, F1-Score: 0.0186
Fold 5, Epoch 10, Train Loss: 2.2130, Val Loss: 2.1443, Val Acc: 0.0116
Precision: 0.9934, Recall: 0.0193, F1-Score: 0.0353
Fold 5, Epoch 11, Train Loss: 2.2207, Val Loss: 2.1892, Val Acc: 0.0211
Precision: 0.9934, Recall: 0.0061, F1-Score: 0.0094
Fold 5, Epoch 12, Train Loss: 2.2393, Val Loss: 2.1228, Val Acc: 0.0058
Precision: 0.9933, Recall: 0.0403, F1-Score: 0.0747
Fold 5, Epoch 13, Train Loss: 2.1922, Val Loss: 2.1335, Val Acc: 0.0446
Precision: 0.9934, Recall: 0.0974, F1-Score: 0.1753
Fold 5, Epoch 14, Train Loss: 2.1650, Val Loss: 2.1034, Val Acc: 0.1095
Precision: 0.0002, Recall: 0.0016, F1-Score: 0.0002
Fold 5, Epoch 15, Train Loss: 2.1649, Val Loss: 2.1140, Val Acc: 0.0015
Precision: 0.9935, Recall: 0.0200, F1-Score: 0.0366
Fold 5, Epoch 16, Train Loss: 2.1687, Val Loss: 2.0903, Val Acc: 0.0210
Precision: 0.9934, Recall: 0.0830, F1-Score: 0.1512
Fold 5, Epoch 17, Train Loss: 2.1611, Val Loss: 2.1552, Val Acc: 0.0919
Precision: 0.9933, Recall: 0.1228, F1-Score: 0.2167
Fold 5, Epoch 18, Train Loss: 2.1397, Val Loss: 2.1538, Val Acc: 0.1395
Precision: 0.9933, Recall: 0.0189, F1-Score: 0.0348
Fold 5, Epoch 19, Train Loss: 2.1394, Val Loss: 2.2645, Val Acc: 0.0210

--- Epoch 20 ---
--- Epoch 20 ---


--- Epoch 20 ---

--- Epoch 20 ---
Class Weights: [2.1204974e-05 2.8093209e+00 2.6954296e+00 2.7323532e+00 2.8093209e+00
 2.8093209e+00 2.6594906e+00 2.8907506e+00 3.1165905e+00 2.7703028e+00
 2.7323532e+00 2.5572023e+00 2.7323532e+00 2.6244972e+00 2.6954296e+00
 3.0221484e+00 3.0221484e+00 2.6954296e+00 2.6244972e+00]Class Weights: [2.1204974e-05 2.8093209e+00 2.6954296e+00 2.7323532e+00 2.8093209e+00
 2.8093209e+00 2.6594906e+00 2.8907506e+00 3.1165905e+00 2.7703028e+00
 2.7323532e+00 2.5572023e+00 2.7323532e+00 2.6244972e+00 2.6954296e+00
 3.0221484e+00 3.0221484e+00 2.6954296e+00 2.6244972e+00]

Class Weights: [2.1204974e-05 2.8093209e+00 2.6954296e+00 2.7323532e+00 2.8093209e+00
 2.8093209e+00 2.6594906e+00 2.8907506e+00 3.1165905e+00 2.7703028e+00
 2.7323532e+00 2.5572023e+00 2.7323532e+00 2.6244972e+00 2.6954296e+00
 3.0221484e+00 3.0221484e+00 2.6954296e+00 2.6244972e+00]Learning Rate: 0.001
Learning Rate: 0.001

Learning Rate: 0.001
Class Weights: [2.1204974e-05 2.8093209e+00 2.6954296e+00 2.7323532e+00 2.8093209e+00
 2.8093209e+00 2.6594906e+00 2.8907506e+00 3.1165905e+00 2.7703028e+00
 2.7323532e+00 2.5572023e+00 2.7323532e+00 2.6244972e+00 2.6954296e+00
 3.0221484e+00 3.0221484e+00 2.6954296e+00 2.6244972e+00]
Learning Rate: 0.001
Train Loss: 2.2125, Val Loss: 2.1349
Train Loss: 2.2125, Val Loss: 2.1349Train Loss: 2.2125, Val Loss: 2.1349

Train Loss: 2.2125, Val Loss: 2.1349
Per-Class Precision: [1.00000000e+00 2.08652107e-03 2.07738250e-03 1.13268608e-01
 2.09731544e-04 8.06544533e-04 3.84615385e-02 8.36234815e-05
 3.72894432e-03 1.63529867e-03 5.91715976e-03 1.41975309e-01
 2.32072407e-04 0.00000000e+00 2.68336315e-03 3.41113106e-02
 2.33236152e-02 5.04443911e-03 5.53666060e-04]
Per-Class Recall: [0.03133877 0.48       0.04571429 0.46666667 0.02666667 0.21
 0.05       0.07333333 0.38666667 0.36666667 0.02       0.23
 0.02       0.         0.32       0.304      0.08       0.28
 0.09333333]
Per-Class F1-Score: [6.07729886e-02 4.15498078e-03 3.97416791e-03 1.82291667e-01
 4.16189783e-04 1.60691740e-03 4.34782609e-02 1.67056465e-04
 7.38665308e-03 3.25607554e-03 9.13242009e-03 1.75572519e-01
 4.58820830e-04 0.00000000e+00 5.32209779e-03 6.13397902e-02
 3.61173815e-02 9.91033506e-03 1.10080201e-03]
Support per Class: [293949    125    175     75     75    100    100    150     75    150
    150    100    150     75     75    125    100    150     75]
Weighted Precision: 0.9933, Weighted Recall: 0.0324, Weighted F1-Score: 0.0605
Precision: 0.9933, Recall: 0.0324, F1-Score: 0.0605
Fold 5, Epoch 20, Train Loss: 2.2125, Val Loss: 2.1349, Val Acc: 0.0346
Precision: 0.9933, Recall: 0.0454, F1-Score: 0.0848
Fold 5, Epoch 21, Train Loss: 2.1812, Val Loss: 2.1026, Val Acc: 0.0505
Precision: 0.9933, Recall: 0.1405, F1-Score: 0.2441
Fold 5, Epoch 22, Train Loss: 2.1419, Val Loss: 2.0738, Val Acc: 0.1611
Precision: 0.9934, Recall: 0.1032, F1-Score: 0.1846
Fold 5, Epoch 23, Train Loss: 2.1366, Val Loss: 2.0920, Val Acc: 0.1169
Precision: 0.9933, Recall: 0.0674, F1-Score: 0.1236
Fold 5, Epoch 24, Train Loss: 2.1272, Val Loss: 2.0857, Val Acc: 0.0778
Precision: 0.9933, Recall: 0.0719, F1-Score: 0.1318
Fold 5, Epoch 25, Train Loss: 2.1326, Val Loss: 2.1164, Val Acc: 0.0818
Precision: 0.9937, Recall: 0.1225, F1-Score: 0.2159
Fold 5, Epoch 26, Train Loss: 2.1380, Val Loss: 2.0397, Val Acc: 0.1406
Precision: 0.9933, Recall: 0.1005, F1-Score: 0.1807
Fold 5, Epoch 27, Train Loss: 2.1005, Val Loss: 2.0452, Val Acc: 0.1156
Precision: 0.9933, Recall: 0.0671, F1-Score: 0.1239
Fold 5, Epoch 28, Train Loss: 2.1005, Val Loss: 2.0932, Val Acc: 0.0764
Precision: 0.9933, Recall: 0.0806, F1-Score: 0.1468
Fold 5, Epoch 29, Train Loss: 2.0911, Val Loss: 2.0797, Val Acc: 0.0914

--- Epoch 30 ---
--- Epoch 30 ---
--- Epoch 30 ---



--- Epoch 30 ---
Class Weights: [2.1204974e-05 2.8093209e+00 2.6954296e+00 2.7323532e+00 2.8093209e+00
 2.8093209e+00 2.6594906e+00 2.8907506e+00 3.1165905e+00 2.7703028e+00
 2.7323532e+00 2.5572023e+00 2.7323532e+00 2.6244972e+00 2.6954296e+00
 3.0221484e+00 3.0221484e+00 2.6954296e+00 2.6244972e+00]Class Weights: [2.1204974e-05 2.8093209e+00 2.6954296e+00 2.7323532e+00 2.8093209e+00
 2.8093209e+00 2.6594906e+00 2.8907506e+00 3.1165905e+00 2.7703028e+00
 2.7323532e+00 2.5572023e+00 2.7323532e+00 2.6244972e+00 2.6954296e+00
 3.0221484e+00 3.0221484e+00 2.6954296e+00 2.6244972e+00]Class Weights: [2.1204974e-05 2.8093209e+00 2.6954296e+00 2.7323532e+00 2.8093209e+00
 2.8093209e+00 2.6594906e+00 2.8907506e+00 3.1165905e+00 2.7703028e+00
 2.7323532e+00 2.5572023e+00 2.7323532e+00 2.6244972e+00 2.6954296e+00
 3.0221484e+00 3.0221484e+00 2.6954296e+00 2.6244972e+00]


Class Weights: [2.1204974e-05 2.8093209e+00 2.6954296e+00 2.7323532e+00 2.8093209e+00
 2.8093209e+00 2.6594906e+00 2.8907506e+00 3.1165905e+00 2.7703028e+00
 2.7323532e+00 2.5572023e+00 2.7323532e+00 2.6244972e+00 2.6954296e+00
 3.0221484e+00 3.0221484e+00 2.6954296e+00 2.6244972e+00]Learning Rate: 0.001Learning Rate: 0.001Learning Rate: 0.001



Learning Rate: 0.001
Train Loss: 2.1019, Val Loss: 2.1005Train Loss: 2.1019, Val Loss: 2.1005

Train Loss: 2.1019, Val Loss: 2.1005Train Loss: 2.1019, Val Loss: 2.1005

Per-Class Precision: [1.00000000e+00 1.57001773e-03 5.74228620e-03 3.68421053e-01
 0.00000000e+00 2.83152430e-03 2.04081633e-01 3.69450384e-04
 0.00000000e+00 2.79635258e-03 9.89847716e-02 9.52380952e-02
 2.56419023e-03 0.00000000e+00 4.87804878e-02 0.00000000e+00
 3.74000516e-03 3.57557880e-04 1.26662445e-03]
Per-Class Recall: [0.08764105 0.248      0.42857143 0.09333333 0.         0.42
 0.1        0.31333333 0.         0.46       0.26       0.02
 0.5        0.         0.02666667 0.         0.58       0.02666667
 0.24      ]
Per-Class F1-Score: [0.16115805 0.00312028 0.01133273 0.14893617 0.         0.00562513
 0.13422819 0.00073803 0.         0.00555891 0.14338235 0.03305785
 0.00510221 0.         0.03448276 0.         0.00743209 0.00070565
 0.00251995]
Support per Class: [293949    125    175     75     75    100    100    150     75    150
    150    100    150     75     75    125    100    150     75]
Weighted Precision: 0.9934, Weighted Recall: 0.0887, Weighted F1-Score: 0.1603
Precision: 0.9934, Recall: 0.0887, F1-Score: 0.1603
Fold 5, Epoch 30, Train Loss: 2.1019, Val Loss: 2.1005, Val Acc: 0.0990
Completed Fold 5
Starting final training on all data...
Pair 1:
Data file: /home/nishioka/GNN/Defect_4x4_Normalized1/Normalized1_Defect4x4_ELNOD_L4B24.npy
Label file: /home/nishioka/GNN/Defect19Class_OneHot_test3/Defect19Class_L4B24.npy
x shape: torch.Size([3654, 4])
y shape: torch.Size([3654])
Sample x: tensor([[0.0110, 0.0000, 0.0000, 0.6828],
        [0.0110, 0.0000, 0.0357, 0.6772]])
Sample y: tensor([0, 0])
Pair 2:
Data file: /home/nishioka/GNN/Defect_4x4_Normalized1/Normalized1_Defect4x4_ELNOD_L6B23.npy
Label file: /home/nishioka/GNN/Defect19Class_OneHot_test3/Defect19Class_L6B23.npy
x shape: torch.Size([3654, 4])
y shape: torch.Size([3654])
Sample x: tensor([[0.0110, 0.0000, 0.0000, 0.7105],
        [0.0110, 0.0000, 0.0357, 0.7009]])
Sample y: tensor([0, 0])
Pair 3:
Data file: /home/nishioka/GNN/Defect_4x4_Normalized1/Normalized1_Defect4x4_ELNOD_L7B86.npy
Label file: /home/nishioka/GNN/Defect19Class_OneHot_test3/Defect19Class_L7B86.npy
x shape: torch.Size([3654, 4])
y shape: torch.Size([3654])
Sample x: tensor([[0.0110, 0.0000, 0.0000, 0.7604],
        [0.0110, 0.0000, 0.0357, 0.7529]])
Sample y: tensor([0, 0])
Class weights: [2.11825747e-05 2.80635341e+00 2.80635341e+00 2.97389690e+00
 2.84644418e+00 2.69258233e+00 2.69258233e+00 2.49063865e+00
 2.97389690e+00 2.80635341e+00 3.06540142e+00 2.58767652e+00
 2.69258233e+00 3.01895595e+00 2.84644418e+00 2.45989003e+00
 2.72946702e+00 2.62172490e+00 2.88769699e+00]
Pair 1:
Data file: /home/nishioka/GNN/Defect_4x4_Normalized1/Normalized1_Defect4x4_ELNOD_L6B43.npy
Label file: /home/nishioka/GNN/Defect19Class_OneHot_test3/Defect19Class_L6B43.npy
x shape: torch.Size([3654, 4])
y shape: torch.Size([3654])
Sample x: tensor([[0.0110, 0.0000, 0.0000, 0.7178],
        [0.0110, 0.0000, 0.0357, 0.7089]])
Sample y: tensor([0, 0])
Pair 2:
Data file: /home/nishioka/GNN/Defect_4x4_Normalized1/Normalized1_Defect4x4_ELNOD_L8B33.npy
Label file: /home/nishioka/GNN/Defect19Class_OneHot_test3/Defect19Class_L8B33.npy
x shape: torch.Size([3654, 4])
y shape: torch.Size([3654])
Sample x: tensor([[0.0110, 0.0000, 0.0000, 0.7886],
        [0.0110, 0.0000, 0.0357, 0.7828]])
Sample y: tensor([0, 0])
Pair 3:
Data file: /home/nishioka/GNN/Defect_4x4_Normalized1/Normalized1_Defect4x4_ELNOD_L9B20.npy
Label file: /home/nishioka/GNN/Defect19Class_OneHot_test3/Defect19Class_L9B20.npy
x shape: torch.Size([3654, 4])
y shape: torch.Size([3654])
Sample x: tensor([[0.0110, 0.0000, 0.0000, 0.7661],
        [0.0110, 0.0000, 0.0357, 0.7600]])
Sample y: tensor([0, 0])
Class weights: [1.96882259e-05 2.43677234e+00 2.43677234e+00 2.01298585e+00
 2.31493373e+00 2.89366716e+00 2.89366716e+00 4.62986745e+00
 2.01298585e+00 2.43677234e+00 1.85194698e+00 3.56143650e+00
 2.89366716e+00 1.92911144e+00 2.31493373e+00 5.14429717e+00
 2.72345144e+00 3.30704818e+00 2.20469879e+00]

Classification Report:
               precision    recall  f1-score   support

           0       0.00      0.00      0.00   1175796
           1       0.00      0.00      0.00       475
           2       0.00      0.00      0.00       475
           3       0.00      0.00      0.00       575
           4       0.09      0.00      0.00       500
           5       0.00      0.00      0.00       400
           6       0.00      0.00      0.00       400
           7       0.00      0.00      0.00       250
           8       0.00      0.00      0.00       575
           9       0.00      0.45      0.00       475
          10       0.00      0.00      0.00       625
          11       0.00      0.00      0.00       325
          12       0.00      0.09      0.00       400
          13       0.00      0.05      0.01       600
          14       0.00      0.00      0.00       500
          15       0.01      0.68      0.02       225
          16       0.00      0.00      0.00       425
          17       0.00      0.00      0.00       350
          18       0.00      0.00      0.00       525

    accuracy                           0.00   1183896
   macro avg       0.01      0.07      0.00   1183896
weighted avg       0.00      0.00      0.00   1183896

Test Loss: 2.8664, Test Accuracy: 0.0004
Precision: 0.0000, Recall: 0.0004, F1-Score: 0.0000
