nohup: ignoring input
Using device: NVIDIA GeForce RTX 3090
Using device: NVIDIA GeForce RTX 3090
Using device: NVIDIA GeForce RTX 3090
Using device: NVIDIA GeForce RTX 3090
Rank: 0, World Size: 4, Master Addr: 127.0.0.1, Master Port: 12355
Rank 0 using device: cuda:0
Rank 2 using device: cuda:2
Rank 1 using device: cuda:1
Rank 3 using device: cuda:3
Starting Fold 1
Class weights: [2.11825747e-05 5.61270683e-02 5.61270683e-02 5.94779380e-02
 5.69288835e-02 5.38516466e-02 5.38516466e-02 4.98127731e-02
 5.94779380e-02 5.61270683e-02 6.13080284e-02 5.17535305e-02
 5.38516466e-02 6.03791189e-02 5.69288835e-02 4.91978006e-02
 5.45893404e-02 5.24344980e-02 5.77539398e-02]
Class weights: [2.11825747e-05 5.61270683e-02 5.61270683e-02 5.94779380e-02
 5.69288835e-02 5.38516466e-02 5.38516466e-02 4.98127731e-02
 5.94779380e-02 5.61270683e-02 6.13080284e-02 5.17535305e-02
 5.38516466e-02 6.03791189e-02 5.69288835e-02 4.91978006e-02
 5.45893404e-02 5.24344980e-02 5.77539398e-02]
Class weights: [2.11825747e-05 5.61270683e-02 5.61270683e-02 5.94779380e-02
 5.69288835e-02 5.38516466e-02 5.38516466e-02 4.98127731e-02
 5.94779380e-02 5.61270683e-02 6.13080284e-02 5.17535305e-02
 5.38516466e-02 6.03791189e-02 5.69288835e-02 4.91978006e-02
 5.45893404e-02 5.24344980e-02 5.77539398e-02]
Class weights: [2.11825747e-05 5.61270683e-02 5.61270683e-02 5.94779380e-02
 5.69288835e-02 5.38516466e-02 5.38516466e-02 4.98127731e-02
 5.94779380e-02 5.61270683e-02 6.13080284e-02 5.17535305e-02
 5.38516466e-02 6.03791189e-02 5.69288835e-02 4.91978006e-02
 5.45893404e-02 5.24344980e-02 5.77539398e-02]
Class weights: [1.96882259e-05 4.87354469e-02 4.87354469e-02 4.02597170e-02
 4.62986745e-02 5.78733431e-02 5.78733431e-02 9.25973490e-02
 4.02597170e-02 4.87354469e-02 3.70389396e-02 7.12287300e-02
 5.78733431e-02 3.85822288e-02 4.62986745e-02 1.02885943e-01
 5.44690288e-02 6.61409636e-02 4.40939757e-02]
Class weights: [1.96882259e-05 4.87354469e-02 4.87354469e-02 4.02597170e-02
 4.62986745e-02 5.78733431e-02 5.78733431e-02 9.25973490e-02
 4.02597170e-02 4.87354469e-02 3.70389396e-02 7.12287300e-02
 5.78733431e-02 3.85822288e-02 4.62986745e-02 1.02885943e-01
 5.44690288e-02 6.61409636e-02 4.40939757e-02]
Class weights: [1.96882259e-05 4.87354469e-02 4.87354469e-02 4.02597170e-02
 4.62986745e-02 5.78733431e-02 5.78733431e-02 9.25973490e-02
 4.02597170e-02 4.87354469e-02 3.70389396e-02 7.12287300e-02
 5.78733431e-02 3.85822288e-02 4.62986745e-02 1.02885943e-01
 5.44690288e-02 6.61409636e-02 4.40939757e-02]
Class weights: [1.96882259e-05 4.87354469e-02 4.87354469e-02 4.02597170e-02
 4.62986745e-02 5.78733431e-02 5.78733431e-02 9.25973490e-02
 4.02597170e-02 4.87354469e-02 3.70389396e-02 7.12287300e-02
 5.78733431e-02 3.85822288e-02 4.62986745e-02 1.02885943e-01
 5.44690288e-02 6.61409636e-02 4.40939757e-02]
Softmax output at epoch 1: tensor([[0.0528, 0.0523, 0.0513, 0.0526, 0.0519, 0.0515, 0.0524, 0.0519, 0.0519,
         0.0527, 0.0556, 0.0524, 0.0514, 0.0548, 0.0528, 0.0550, 0.0537, 0.0509,
         0.0520]], device='cuda:1', grad_fn=<SliceBackward0>)
pt values at epoch 1: tensor([0.0528], device='cuda:1', grad_fn=<SliceBackward0>)
Softmax output at epoch 1: tensor([[0.0529, 0.0522, 0.0510, 0.0526, 0.0517, 0.0512, 0.0524, 0.0517, 0.0518,
         0.0528, 0.0563, 0.0523, 0.0511, 0.0554, 0.0529, 0.0557, 0.0539, 0.0504,
         0.0518]], device='cuda:3', grad_fn=<SliceBackward0>)
pt values at epoch 1: tensor([0.0529], device='cuda:3', grad_fn=<SliceBackward0>)
Softmax output at epoch 1: tensor([[0.0528, 0.0522, 0.0510, 0.0526, 0.0518, 0.0512, 0.0524, 0.0517, 0.0518,
         0.0528, 0.0563, 0.0523, 0.0511, 0.0554, 0.0529, 0.0556, 0.0539, 0.0505,
         0.0519]], device='cuda:0', grad_fn=<SliceBackward0>)
pt values at epoch 1: tensor([0.0528], device='cuda:0', grad_fn=<SliceBackward0>)
Softmax output at epoch 1: tensor([[0.0528, 0.0522, 0.0510, 0.0526, 0.0517, 0.0512, 0.0524, 0.0517, 0.0518,
         0.0528, 0.0563, 0.0523, 0.0511, 0.0554, 0.0529, 0.0556, 0.0539, 0.0504,
         0.0519]], device='cuda:2', grad_fn=<SliceBackward0>)
pt values at epoch 1: tensor([0.0528], device='cuda:2', grad_fn=<SliceBackward0>)
Layer conv1.att_src grad: 3.496335998498523e-10Layer conv1.att_src grad: 3.496335998498523e-10
Layer conv1.att_src grad: 3.496335998498523e-10
Layer conv1.att_src grad: 3.496335998498523e-10

Layer conv1.att_dst grad: 1.8647122040915676e-11
Layer conv1.att_dst grad: 1.8647122040915676e-11Layer conv1.att_dst grad: 1.8647122040915676e-11

Layer conv1.att_dst grad: 1.8647122040915676e-11
Layer conv1.bias grad: 3.2428883400825725e-07
Layer conv1.bias grad: 3.2428883400825725e-07
Layer conv1.bias grad: 3.2428883400825725e-07
Layer conv1.bias grad: 3.2428883400825725e-07
Layer conv1.lin.weight grad: 1.8672989199330914e-07
Layer conv1.lin.weight grad: 1.8672989199330914e-07
Layer conv1.lin.weight grad: 1.8672989199330914e-07
Layer conv1.lin.weight grad: 1.8672989199330914e-07
Layer conv2.att_src grad: 5.714088091579583e-10Layer conv2.att_src grad: 5.714088091579583e-10

Layer conv2.att_src grad: 5.714088091579583e-10
Layer conv2.att_src grad: 5.714088091579583e-10
Layer conv2.att_dst grad: 4.572499601174229e-10
Layer conv2.att_dst grad: 4.572499601174229e-10
Layer conv2.att_dst grad: 4.572499601174229e-10
Layer conv2.att_dst grad: 4.572499601174229e-10
Layer conv2.bias grad: 3.7671389918614295e-07
Layer conv2.bias grad: 3.7671389918614295e-07
Layer conv2.bias grad: 3.7671389918614295e-07
Layer conv2.bias grad: 3.7671389918614295e-07
Layer conv2.lin.weight grad: 1.8950073510382026e-08
Layer conv2.lin.weight grad: 1.8950073510382026e-08
Layer conv2.lin.weight grad: 1.8950073510382026e-08
Layer conv3.att_src grad: 6.441254751798908e-10Layer conv2.lin.weight grad: 1.8950073510382026e-08

Layer conv3.att_src grad: 6.441254751798908e-10
Layer conv3.att_dst grad: 2.6789073737099045e-10
Layer conv3.att_src grad: 6.441254751798908e-10
Layer conv3.att_src grad: 6.441254751798908e-10
Layer conv3.att_dst grad: 2.6789073737099045e-10
Layer conv3.bias grad: 7.392170005005028e-07
Layer conv3.att_dst grad: 2.6789073737099045e-10
Layer conv3.att_dst grad: 2.6789073737099045e-10
Layer conv3.bias grad: 7.392170005005028e-07
Layer conv3.lin.weight grad: 1.8811821433928344e-08
Layer conv3.bias grad: 7.392170005005028e-07
Layer conv3.bias grad: 7.392170005005028e-07
Layer conv3.lin.weight grad: 1.8811821433928344e-08Layer conv4.att_src grad: 4.228777328307842e-10

Layer conv3.lin.weight grad: 1.8811821433928344e-08
Layer conv3.lin.weight grad: 1.8811821433928344e-08
Layer conv4.att_dst grad: 2.1693413732037925e-10
Layer conv4.att_src grad: 4.228777328307842e-10
Layer conv4.att_src grad: 4.228777328307842e-10
Layer conv4.att_src grad: 4.228777328307842e-10Layer conv4.bias grad: 9.992731975216884e-07

Layer conv4.att_dst grad: 2.1693413732037925e-10
Layer conv4.att_dst grad: 2.1693413732037925e-10
Layer conv4.att_dst grad: 2.1693413732037925e-10Layer conv4.lin.weight grad: 2.4571257029037952e-08

Layer conv4.bias grad: 9.992731975216884e-07
Layer conv4.bias grad: 9.992731975216884e-07
Layer fc.weight grad: 7.765115839220016e-08Layer conv4.bias grad: 9.992731975216884e-07

Layer conv4.lin.weight grad: 2.4571257029037952e-08
Layer conv4.lin.weight grad: 2.4571257029037952e-08Layer fc.bias grad: 4.538245320873102e-06

Layer conv4.lin.weight grad: 2.4571257029037952e-08
Layer fc.weight grad: 7.765115839220016e-08
Layer fc.weight grad: 7.765115839220016e-08
Layer fc.weight grad: 7.765115839220016e-08
Layer fc.bias grad: 4.538245320873102e-06
Layer fc.bias grad: 4.538245320873102e-06
Layer fc.bias grad: 4.538245320873102e-06
Softmax output at epoch 1: tensor([[0.0540, 0.0508, 0.0527, 0.0503, 0.0523, 0.0543, 0.0537, 0.0517, 0.0506,
         0.0521, 0.0553, 0.0531, 0.0532, 0.0534, 0.0520, 0.0526, 0.0523, 0.0526,
         0.0529]], device='cuda:3', grad_fn=<SliceBackward0>)
Softmax output at epoch 1: tensor([[0.0541, 0.0507, 0.0527, 0.0504, 0.0523, 0.0542, 0.0537, 0.0515, 0.0505,
         0.0519, 0.0556, 0.0530, 0.0532, 0.0537, 0.0520, 0.0527, 0.0524, 0.0525,
         0.0528]], device='cuda:1', grad_fn=<SliceBackward0>)
Softmax output at epoch 1: tensor([[0.0542, 0.0506, 0.0527, 0.0504, 0.0523, 0.0542, 0.0537, 0.0513, 0.0505,
         0.0519, 0.0557, 0.0530, 0.0532, 0.0539, 0.0520, 0.0527, 0.0524, 0.0524,
         0.0528]], device='cuda:0', grad_fn=<SliceBackward0>)
pt values at epoch 1: tensor([0.0540], device='cuda:3', grad_fn=<SliceBackward0>)
pt values at epoch 1: tensor([0.0541], device='cuda:1', grad_fn=<SliceBackward0>)
pt values at epoch 1: tensor([0.0542], device='cuda:0', grad_fn=<SliceBackward0>)
Softmax output at epoch 1: tensor([[0.0542, 0.0506, 0.0527, 0.0504, 0.0523, 0.0542, 0.0537, 0.0513, 0.0505,
         0.0519, 0.0557, 0.0530, 0.0532, 0.0539, 0.0520, 0.0527, 0.0524, 0.0524,
         0.0528]], device='cuda:2', grad_fn=<SliceBackward0>)
pt values at epoch 1: tensor([0.0542], device='cuda:2', grad_fn=<SliceBackward0>)
Layer conv1.att_src grad: 3.4650596281160517e-10Layer conv1.att_src grad: 3.4650596281160517e-10Layer conv1.att_src grad: 3.4650596281160517e-10
Layer conv1.att_src grad: 3.4650596281160517e-10


Layer conv1.att_dst grad: 1.8991834146997455e-11Layer conv1.att_dst grad: 1.8991834146997455e-11
Layer conv1.att_dst grad: 1.8991834146997455e-11

Layer conv1.att_dst grad: 1.8991834146997455e-11
Layer conv1.bias grad: 2.5094834654737497e-07
Layer conv1.bias grad: 2.5094834654737497e-07
Layer conv1.bias grad: 2.5094834654737497e-07
Layer conv1.bias grad: 2.5094834654737497e-07
Layer conv1.lin.weight grad: 1.3934268849880027e-07
Layer conv1.lin.weight grad: 1.3934268849880027e-07
Layer conv1.lin.weight grad: 1.3934268849880027e-07
Layer conv1.lin.weight grad: 1.3934268849880027e-07
Layer conv2.att_src grad: 3.606156762092638e-10
Layer conv2.att_src grad: 3.606156762092638e-10
Layer conv2.att_src grad: 3.606156762092638e-10
Layer conv2.att_src grad: 3.606156762092638e-10
Layer conv2.att_dst grad: 2.13286305283944e-10
Layer conv2.att_dst grad: 2.13286305283944e-10
Layer conv2.att_dst grad: 2.13286305283944e-10
Layer conv2.bias grad: 3.383200350981497e-07Layer conv2.att_dst grad: 2.13286305283944e-10
Layer conv2.bias grad: 3.383200350981497e-07

Layer conv2.bias grad: 3.383200350981497e-07
Layer conv2.lin.weight grad: 1.4813325677209832e-08
Layer conv2.lin.weight grad: 1.4813325677209832e-08
Layer conv3.att_src grad: 2.900112372472563e-10
Layer conv2.lin.weight grad: 1.4813325677209832e-08Layer conv3.att_src grad: 2.900112372472563e-10

Layer conv2.bias grad: 3.383200350981497e-07
Layer conv3.att_dst grad: 8.949509189282168e-11
Layer conv3.att_dst grad: 8.949509189282168e-11
Layer conv3.att_src grad: 2.900112372472563e-10
Layer conv3.bias grad: 7.911997954579419e-07
Layer conv3.bias grad: 7.911997954579419e-07Layer conv2.lin.weight grad: 1.4813325677209832e-08

Layer conv3.att_dst grad: 8.949509189282168e-11
Layer conv3.lin.weight grad: 1.598035126448849e-08
Layer conv3.lin.weight grad: 1.598035126448849e-08
Layer conv3.att_src grad: 2.900112372472563e-10
Layer conv3.bias grad: 7.911997954579419e-07
Layer conv4.att_src grad: 2.060413090143598e-10
Layer conv4.att_src grad: 2.060413090143598e-10
Layer conv3.att_dst grad: 8.949509189282168e-11
Layer conv3.lin.weight grad: 1.598035126448849e-08
Layer conv4.att_dst grad: 1.2062026377712698e-10
Layer conv4.att_dst grad: 1.2062026377712698e-10
Layer conv3.bias grad: 7.911997954579419e-07
Layer conv4.bias grad: 1.1148267731186934e-06
Layer conv4.bias grad: 1.1148267731186934e-06
Layer conv4.att_src grad: 2.060413090143598e-10
Layer conv3.lin.weight grad: 1.598035126448849e-08
Layer conv4.lin.weight grad: 2.0829029168112356e-08
Layer conv4.lin.weight grad: 2.0829029168112356e-08
Layer conv4.att_dst grad: 1.2062026377712698e-10
Layer fc.weight grad: 6.557672094231748e-08Layer conv4.att_src grad: 2.060413090143598e-10
Layer fc.weight grad: 6.557672094231748e-08

Layer conv4.bias grad: 1.1148267731186934e-06
Layer fc.bias grad: 5.526319000637159e-06
Layer fc.bias grad: 5.526319000637159e-06
Layer conv4.att_dst grad: 1.2062026377712698e-10
Layer conv4.lin.weight grad: 2.0829029168112356e-08
Layer conv4.bias grad: 1.1148267731186934e-06
Layer fc.weight grad: 6.557672094231748e-08
Layer conv4.lin.weight grad: 2.0829029168112356e-08
Layer fc.bias grad: 5.526319000637159e-06
Layer fc.weight grad: 6.557672094231748e-08
Layer fc.bias grad: 5.526319000637159e-06
Softmax output at epoch 1: tensor([[0.0527, 0.0520, 0.0535, 0.0506, 0.0520, 0.0537, 0.0537, 0.0522, 0.0507,
         0.0523, 0.0534, 0.0526, 0.0528, 0.0533, 0.0533, 0.0534, 0.0518, 0.0519,
         0.0541]], device='cuda:3', grad_fn=<SliceBackward0>)
Softmax output at epoch 1: tensor([[0.0527, 0.0520, 0.0535, 0.0506, 0.0520, 0.0538, 0.0537, 0.0522, 0.0507,
         0.0524, 0.0534, 0.0526, 0.0528, 0.0532, 0.0533, 0.0533, 0.0518, 0.0519,
         0.0541]], device='cuda:1', grad_fn=<SliceBackward0>)
Softmax output at epoch 1: tensor([[0.0527, 0.0520, 0.0535, 0.0506, 0.0520, 0.0538, 0.0537, 0.0522, 0.0507,
         0.0524, 0.0534, 0.0526, 0.0528, 0.0532, 0.0533, 0.0533, 0.0518, 0.0519,
         0.0541]], device='cuda:0', grad_fn=<SliceBackward0>)
pt values at epoch 1: tensor([0.0527], device='cuda:3', grad_fn=<SliceBackward0>)
pt values at epoch 1: tensor([0.0527], device='cuda:1', grad_fn=<SliceBackward0>)
pt values at epoch 1: tensor([0.0527], device='cuda:0', grad_fn=<SliceBackward0>)
Softmax output at epoch 1: tensor([[0.0528, 0.0520, 0.0535, 0.0507, 0.0522, 0.0539, 0.0537, 0.0523, 0.0509,
         0.0525, 0.0531, 0.0527, 0.0529, 0.0529, 0.0532, 0.0531, 0.0517, 0.0522,
         0.0539]], device='cuda:2', grad_fn=<SliceBackward0>)
pt values at epoch 1: tensor([0.0528], device='cuda:2', grad_fn=<SliceBackward0>)
Layer conv1.att_src grad: 2.407218868683003e-10Layer conv1.att_src grad: 2.407218868683003e-10Layer conv1.att_src grad: 2.407218868683003e-10Layer conv1.att_src grad: 2.407218868683003e-10



Layer conv1.att_dst grad: 8.354988575987043e-12Layer conv1.att_dst grad: 8.354988575987043e-12
Layer conv1.att_dst grad: 8.354988575987043e-12
Layer conv1.att_dst grad: 8.354988575987043e-12

Layer conv1.bias grad: 1.4794423464081774e-07
Layer conv1.bias grad: 1.4794423464081774e-07
Layer conv1.bias grad: 1.4794423464081774e-07
Layer conv1.bias grad: 1.4794423464081774e-07
Layer conv1.lin.weight grad: 8.205654467019485e-08
Layer conv1.lin.weight grad: 8.205654467019485e-08
Layer conv1.lin.weight grad: 8.205654467019485e-08
Layer conv1.lin.weight grad: 8.205654467019485e-08
Layer conv2.att_src grad: 1.342673194848487e-10
Layer conv2.att_src grad: 1.342673194848487e-10
Layer conv2.att_src grad: 1.342673194848487e-10
Layer conv2.att_src grad: 1.342673194848487e-10
Layer conv2.att_dst grad: 5.4702093549297004e-11
Layer conv2.att_dst grad: 5.4702093549297004e-11
Layer conv2.att_dst grad: 5.4702093549297004e-11
Layer conv2.bias grad: 2.0463861005737272e-07Layer conv2.att_dst grad: 5.4702093549297004e-11
Layer conv2.bias grad: 2.0463861005737272e-07

Layer conv2.bias grad: 2.0463861005737272e-07
Layer conv2.lin.weight grad: 8.925322703134952e-09Layer conv2.bias grad: 2.0463861005737272e-07

Layer conv2.lin.weight grad: 8.925322703134952e-09Layer conv2.lin.weight grad: 8.925322703134952e-09

Layer conv3.att_src grad: 1.3603000670325827e-10
Layer conv3.att_src grad: 1.3603000670325827e-10Layer conv3.att_src grad: 1.3603000670325827e-10

Layer conv2.lin.weight grad: 8.925322703134952e-09
Layer conv3.att_dst grad: 5.229396429773381e-11
Layer conv3.att_dst grad: 5.229396429773381e-11Layer conv3.att_dst grad: 5.229396429773381e-11

Layer conv3.att_src grad: 1.3603000670325827e-10
Layer conv3.bias grad: 5.054853886576893e-07
Layer conv3.bias grad: 5.054853886576893e-07Layer conv3.bias grad: 5.054853886576893e-07

Layer conv3.att_dst grad: 5.229396429773381e-11
Layer conv3.lin.weight grad: 9.475686901794234e-09
Layer conv3.lin.weight grad: 9.475686901794234e-09Layer conv3.lin.weight grad: 9.475686901794234e-09

Layer conv3.bias grad: 5.054853886576893e-07Layer conv4.att_src grad: 7.856192085764491e-11

Layer conv4.att_src grad: 7.856192085764491e-11
Layer conv4.att_src grad: 7.856192085764491e-11
Layer conv4.att_dst grad: 3.189817160409447e-11
Layer conv3.lin.weight grad: 9.475686901794234e-09Layer conv4.att_dst grad: 3.189817160409447e-11

Layer conv4.att_dst grad: 3.189817160409447e-11
Layer conv4.bias grad: 7.621862323503592e-07
Layer conv4.bias grad: 7.621862323503592e-07Layer conv4.bias grad: 7.621862323503592e-07
Layer conv4.att_src grad: 7.856192085764491e-11

Layer conv4.lin.weight grad: 1.1762666396464283e-08
Layer conv4.lin.weight grad: 1.1762666396464283e-08Layer conv4.lin.weight grad: 1.1762666396464283e-08
Layer conv4.att_dst grad: 3.189817160409447e-11

Layer fc.weight grad: 3.9272656238154013e-08
Layer fc.weight grad: 3.9272656238154013e-08
Layer fc.weight grad: 3.9272656238154013e-08Layer fc.bias grad: 4.537204404186923e-06Layer conv4.bias grad: 7.621862323503592e-07


Layer fc.bias grad: 4.537204404186923e-06
Layer fc.bias grad: 4.537204404186923e-06
Layer conv4.lin.weight grad: 1.1762666396464283e-08
Layer fc.weight grad: 3.9272656238154013e-08
Layer fc.bias grad: 4.537204404186923e-06
Softmax output at epoch 1: tensor([[0.0529, 0.0522, 0.0530, 0.0521, 0.0528, 0.0532, 0.0531, 0.0526, 0.0510,
         0.0523, 0.0527, 0.0534, 0.0527, 0.0529, 0.0522, 0.0529, 0.0522, 0.0521,
         0.0539]], device='cuda:0', grad_fn=<SliceBackward0>)
pt values at epoch 1: tensor([0.0529], device='cuda:0', grad_fn=<SliceBackward0>)
Softmax output at epoch 1: tensor([[0.0529, 0.0522, 0.0530, 0.0521, 0.0528, 0.0532, 0.0531, 0.0527, 0.0511,
         0.0523, 0.0527, 0.0533, 0.0527, 0.0528, 0.0522, 0.0529, 0.0522, 0.0521,
         0.0538]], device='cuda:3', grad_fn=<SliceBackward0>)
Softmax output at epoch 1: tensor([[0.0529, 0.0522, 0.0530, 0.0521, 0.0527, 0.0531, 0.0531, 0.0526, 0.0509,
         0.0522, 0.0528, 0.0534, 0.0527, 0.0530, 0.0521, 0.0529, 0.0522, 0.0520,
         0.0539]], device='cuda:1', grad_fn=<SliceBackward0>)
pt values at epoch 1: tensor([0.0529], device='cuda:3', grad_fn=<SliceBackward0>)
pt values at epoch 1: tensor([0.0529], device='cuda:1', grad_fn=<SliceBackward0>)
Softmax output at epoch 1: tensor([[0.0528, 0.0522, 0.0530, 0.0521, 0.0528, 0.0532, 0.0531, 0.0527, 0.0511,
         0.0523, 0.0526, 0.0533, 0.0527, 0.0528, 0.0523, 0.0528, 0.0522, 0.0521,
         0.0538]], device='cuda:2', grad_fn=<SliceBackward0>)
pt values at epoch 1: tensor([0.0528], device='cuda:2', grad_fn=<SliceBackward0>)
Layer conv1.att_src grad: 1.1496556484580367e-10Layer conv1.att_src grad: 1.1496556484580367e-10Layer conv1.att_src grad: 1.1496556484580367e-10Layer conv1.att_src grad: 1.1496556484580367e-10



Layer conv1.att_dst grad: 9.408766300789129e-12Layer conv1.att_dst grad: 9.408766300789129e-12Layer conv1.att_dst grad: 9.408766300789129e-12Layer conv1.att_dst grad: 9.408766300789129e-12



Layer conv1.bias grad: 9.83331602810722e-08Layer conv1.bias grad: 9.83331602810722e-08

Layer conv1.bias grad: 9.83331602810722e-08Layer conv1.bias grad: 9.83331602810722e-08

Layer conv1.lin.weight grad: 6.537581498378131e-08Layer conv1.lin.weight grad: 6.537581498378131e-08

Layer conv1.lin.weight grad: 6.537581498378131e-08
Layer conv1.lin.weight grad: 6.537581498378131e-08
Layer conv2.att_src grad: 1.1678297218153944e-10Layer conv2.att_src grad: 1.1678297218153944e-10Layer conv2.att_src grad: 1.1678297218153944e-10


Layer conv2.att_src grad: 1.1678297218153944e-10
Layer conv2.att_dst grad: 7.673248147987977e-11Layer conv2.att_dst grad: 7.673248147987977e-11
Layer conv2.att_dst grad: 7.673248147987977e-11

Layer conv2.att_dst grad: 7.673248147987977e-11
Layer conv2.bias grad: 1.6423749116256658e-07
Layer conv2.bias grad: 1.6423749116256658e-07Layer conv2.bias grad: 1.6423749116256658e-07

Layer conv2.bias grad: 1.6423749116256658e-07
Layer conv2.lin.weight grad: 7.836129078953036e-09
Layer conv2.lin.weight grad: 7.836129078953036e-09Layer conv2.lin.weight grad: 7.836129078953036e-09

Layer conv2.lin.weight grad: 7.836129078953036e-09
Layer conv3.att_src grad: 9.019237440233141e-11
Layer conv3.att_src grad: 9.019237440233141e-11Layer conv3.att_src grad: 9.019237440233141e-11

Layer conv3.att_dst grad: 3.142465454519794e-11
Layer conv3.att_src grad: 9.019237440233141e-11
Layer conv3.att_dst grad: 3.142465454519794e-11Layer conv3.att_dst grad: 3.142465454519794e-11

Layer conv3.bias grad: 4.87383601921465e-07
Layer conv3.att_dst grad: 3.142465454519794e-11Layer conv3.bias grad: 4.87383601921465e-07
Layer conv3.bias grad: 4.87383601921465e-07

Layer conv3.lin.weight grad: 9.156861935366578e-09
Layer conv3.bias grad: 4.87383601921465e-07
Layer conv3.lin.weight grad: 9.156861935366578e-09Layer conv3.lin.weight grad: 9.156861935366578e-09

Layer conv4.att_src grad: 5.895706145508939e-11
Layer conv4.att_src grad: 5.895706145508939e-11Layer conv3.lin.weight grad: 9.156861935366578e-09Layer conv4.att_src grad: 5.895706145508939e-11

Layer conv4.att_dst grad: 2.6464549301996598e-11

Layer conv4.att_dst grad: 2.6464549301996598e-11
Layer conv4.att_dst grad: 2.6464549301996598e-11Layer conv4.bias grad: 8.858194746608206e-07

Layer conv4.att_src grad: 5.895706145508939e-11
Layer conv4.bias grad: 8.858194746608206e-07
Layer conv4.bias grad: 8.858194746608206e-07
Layer conv4.lin.weight grad: 1.2234858459692077e-08
Layer conv4.att_dst grad: 2.6464549301996598e-11
Layer conv4.lin.weight grad: 1.2234858459692077e-08
Layer conv4.lin.weight grad: 1.2234858459692077e-08
Layer fc.weight grad: 3.9037036714262285e-08
Layer conv4.bias grad: 8.858194746608206e-07
Layer fc.weight grad: 3.9037036714262285e-08
Layer fc.weight grad: 3.9037036714262285e-08Layer fc.bias grad: 4.864652055402985e-06

Layer conv4.lin.weight grad: 1.2234858459692077e-08
Layer fc.bias grad: 4.864652055402985e-06
Layer fc.bias grad: 4.864652055402985e-06
Layer fc.weight grad: 3.9037036714262285e-08
Layer fc.bias grad: 4.864652055402985e-06
Softmax output at epoch 1: tensor([[0.0520, 0.0529, 0.0526, 0.0529, 0.0528, 0.0526, 0.0530, 0.0526, 0.0525,
         0.0522, 0.0527, 0.0530, 0.0516, 0.0526, 0.0535, 0.0527, 0.0527, 0.0523,
         0.0528]], device='cuda:3', grad_fn=<SliceBackward0>)
Softmax output at epoch 1: tensor([[0.0520, 0.0528, 0.0526, 0.0530, 0.0528, 0.0526, 0.0530, 0.0525, 0.0525,
         0.0521, 0.0528, 0.0531, 0.0515, 0.0527, 0.0535, 0.0527, 0.0527, 0.0522,
         0.0528]], device='cuda:0', grad_fn=<SliceBackward0>)
Softmax output at epoch 1: tensor([[0.0520, 0.0528, 0.0526, 0.0530, 0.0528, 0.0526, 0.0530, 0.0525, 0.0525,
         0.0521, 0.0528, 0.0531, 0.0516, 0.0527, 0.0535, 0.0527, 0.0527, 0.0522,
         0.0528]], device='cuda:1', grad_fn=<SliceBackward0>)pt values at epoch 1: tensor([0.0520], device='cuda:3', grad_fn=<SliceBackward0>)

pt values at epoch 1: tensor([0.0520], device='cuda:0', grad_fn=<SliceBackward0>)
pt values at epoch 1: tensor([0.0520], device='cuda:1', grad_fn=<SliceBackward0>)
Softmax output at epoch 1: tensor([[0.0520, 0.0528, 0.0526, 0.0530, 0.0528, 0.0526, 0.0530, 0.0525, 0.0525,
         0.0522, 0.0528, 0.0531, 0.0516, 0.0527, 0.0535, 0.0527, 0.0527, 0.0522,
         0.0528]], device='cuda:2', grad_fn=<SliceBackward0>)
pt values at epoch 1: tensor([0.0520], device='cuda:2', grad_fn=<SliceBackward0>)
Layer conv1.att_src grad: 5.5727204101296834e-11Layer conv1.att_src grad: 5.5727204101296834e-11Layer conv1.att_src grad: 5.5727204101296834e-11Layer conv1.att_src grad: 5.5727204101296834e-11



Layer conv1.att_dst grad: 1.2074588724708679e-11Layer conv1.att_dst grad: 1.2074588724708679e-11Layer conv1.att_dst grad: 1.2074588724708679e-11Layer conv1.att_dst grad: 1.2074588724708679e-11



Layer conv1.bias grad: 8.859376521286322e-08Layer conv1.bias grad: 8.859376521286322e-08Layer conv1.bias grad: 8.859376521286322e-08


Layer conv1.bias grad: 8.859376521286322e-08
Layer conv1.lin.weight grad: 5.4382873315717006e-08Layer conv1.lin.weight grad: 5.4382873315717006e-08
Layer conv1.lin.weight grad: 5.4382873315717006e-08

Layer conv1.lin.weight grad: 5.4382873315717006e-08
Layer conv2.att_src grad: 4.366743425188169e-11
Layer conv2.att_src grad: 4.366743425188169e-11Layer conv2.att_src grad: 4.366743425188169e-11

Layer conv2.att_src grad: 4.366743425188169e-11
Layer conv2.att_dst grad: 1.7693149029218702e-11
Layer conv2.att_dst grad: 1.7693149029218702e-11Layer conv2.att_dst grad: 1.7693149029218702e-11

Layer conv2.att_dst grad: 1.7693149029218702e-11
Layer conv2.bias grad: 1.5892541682660521e-07
Layer conv2.bias grad: 1.5892541682660521e-07Layer conv2.bias grad: 1.5892541682660521e-07

Layer conv2.bias grad: 1.5892541682660521e-07
Layer conv2.lin.weight grad: 6.409889063974106e-09
Layer conv2.lin.weight grad: 6.409889063974106e-09Layer conv2.lin.weight grad: 6.409889063974106e-09

Layer conv3.att_src grad: 5.176837084008845e-11Layer conv2.lin.weight grad: 6.409889063974106e-09

Layer conv3.att_src grad: 5.176837084008845e-11Layer conv3.att_src grad: 5.176837084008845e-11

Layer conv3.att_dst grad: 2.1980743614147258e-11
Layer conv3.att_dst grad: 2.1980743614147258e-11Layer conv3.att_dst grad: 2.1980743614147258e-11

Layer conv3.att_src grad: 5.176837084008845e-11
Layer conv3.bias grad: 4.7140704850789916e-07
Layer conv3.bias grad: 4.7140704850789916e-07Layer conv3.bias grad: 4.7140704850789916e-07

Layer conv3.att_dst grad: 2.1980743614147258e-11
Layer conv3.lin.weight grad: 6.939115060333734e-09
Layer conv3.lin.weight grad: 6.939115060333734e-09Layer conv3.lin.weight grad: 6.939115060333734e-09

Layer conv3.bias grad: 4.7140704850789916e-07
Layer conv4.att_src grad: 3.070731169341201e-11
Layer conv4.att_src grad: 3.070731169341201e-11Layer conv4.att_src grad: 3.070731169341201e-11

Layer conv3.lin.weight grad: 6.939115060333734e-09Layer conv4.att_dst grad: 1.535711141587015e-11

Layer conv4.att_dst grad: 1.535711141587015e-11Layer conv4.att_dst grad: 1.535711141587015e-11

Layer conv4.bias grad: 9.114364729612134e-07
Layer conv4.att_src grad: 3.070731169341201e-11
Layer conv4.bias grad: 9.114364729612134e-07Layer conv4.bias grad: 9.114364729612134e-07

Layer conv4.lin.weight grad: 9.075153073467845e-09
Layer conv4.att_dst grad: 1.535711141587015e-11
Layer conv4.lin.weight grad: 9.075153073467845e-09Layer conv4.lin.weight grad: 9.075153073467845e-09

Layer fc.weight grad: 2.911630581081681e-08
Layer conv4.bias grad: 9.114364729612134e-07
Layer fc.weight grad: 2.911630581081681e-08Layer fc.weight grad: 2.911630581081681e-08

Layer fc.bias grad: 5.744219379266724e-06
Layer conv4.lin.weight grad: 9.075153073467845e-09Layer fc.bias grad: 5.744219379266724e-06Layer fc.bias grad: 5.744219379266724e-06


Layer fc.weight grad: 2.911630581081681e-08
Layer fc.bias grad: 5.744219379266724e-06
Softmax output at epoch 1: tensor([[0.0524, 0.0528, 0.0525, 0.0533, 0.0526, 0.0523, 0.0525, 0.0525, 0.0528,
         0.0526, 0.0524, 0.0527, 0.0520, 0.0529, 0.0531, 0.0530, 0.0527, 0.0523,
         0.0525]], device='cuda:3', grad_fn=<SliceBackward0>)
Softmax output at epoch 1: tensor([[0.0524, 0.0528, 0.0525, 0.0534, 0.0526, 0.0523, 0.0525, 0.0525, 0.0527,
         0.0526, 0.0525, 0.0528, 0.0520, 0.0529, 0.0531, 0.0531, 0.0527, 0.0523,
         0.0525]], device='cuda:1', grad_fn=<SliceBackward0>)Softmax output at epoch 1: tensor([[0.0523, 0.0529, 0.0525, 0.0532, 0.0526, 0.0524, 0.0525, 0.0526, 0.0528,
         0.0526, 0.0524, 0.0526, 0.0521, 0.0528, 0.0531, 0.0530, 0.0528, 0.0523,
         0.0525]], device='cuda:0', grad_fn=<SliceBackward0>)

Softmax output at epoch 1: tensor([[0.0524, 0.0528, 0.0525, 0.0534, 0.0526, 0.0523, 0.0525, 0.0525, 0.0527,
         0.0526, 0.0525, 0.0528, 0.0520, 0.0530, 0.0531, 0.0531, 0.0526, 0.0522,
         0.0525]], device='cuda:2', grad_fn=<SliceBackward0>)
pt values at epoch 1: tensor([0.0524], device='cuda:3', grad_fn=<SliceBackward0>)
pt values at epoch 1: tensor([0.0524], device='cuda:1', grad_fn=<SliceBackward0>)pt values at epoch 1: tensor([0.0523], device='cuda:0', grad_fn=<SliceBackward0>)

pt values at epoch 1: tensor([0.0524], device='cuda:2', grad_fn=<SliceBackward0>)
Layer conv1.att_src grad: 5.7716689066955595e-11Layer conv1.att_src grad: 5.7716689066955595e-11Layer conv1.att_src grad: 5.7716689066955595e-11


Layer conv1.att_dst grad: 1.5796197683215496e-11
Layer conv1.att_dst grad: 1.5796197683215496e-11
Layer conv1.att_dst grad: 1.5796197683215496e-11
Layer conv1.bias grad: 2.2838275981484912e-07
Layer conv1.bias grad: 2.2838275981484912e-07
Layer conv1.bias grad: 2.2838275981484912e-07
Layer conv1.lin.weight grad: 1.3363857931381062e-07
Layer conv1.lin.weight grad: 1.3363857931381062e-07
Layer conv1.lin.weight grad: 1.3363857931381062e-07Layer conv2.att_src grad: 9.116622734506308e-11

Layer conv2.att_src grad: 9.116622734506308e-11
Layer conv2.att_dst grad: 5.44684644609994e-11
Layer conv2.att_src grad: 9.116622734506308e-11
Layer conv2.att_dst grad: 5.44684644609994e-11
Layer conv2.bias grad: 4.683331553678727e-07Layer conv1.att_src grad: 5.7716689066955595e-11

Layer conv2.bias grad: 4.683331553678727e-07
Layer conv2.att_dst grad: 5.44684644609994e-11
Layer conv2.lin.weight grad: 1.671322635843353e-08Layer conv1.att_dst grad: 1.5796197683215496e-11

Layer conv2.lin.weight grad: 1.671322635843353e-08Layer conv2.bias grad: 4.683331553678727e-07

Layer conv3.att_src grad: 7.720998840277105e-11Layer conv1.bias grad: 2.2838275981484912e-07

Layer conv3.att_src grad: 7.720998840277105e-11
Layer conv3.att_dst grad: 1.537995078515486e-11
Layer conv1.lin.weight grad: 1.3363857931381062e-07Layer conv2.lin.weight grad: 1.671322635843353e-08

Layer conv3.att_dst grad: 1.537995078515486e-11
Layer conv3.bias grad: 1.4613309531341656e-06
Layer conv2.att_src grad: 9.116622734506308e-11
Layer conv3.bias grad: 1.4613309531341656e-06Layer conv3.att_src grad: 7.720998840277105e-11

Layer conv3.lin.weight grad: 1.7632764581776428e-08
Layer conv2.att_dst grad: 5.44684644609994e-11
Layer conv4.att_src grad: 1.191321069571316e-10
Layer conv3.lin.weight grad: 1.7632764581776428e-08Layer conv3.att_dst grad: 1.537995078515486e-11

Layer conv2.bias grad: 4.683331553678727e-07
Layer conv4.att_dst grad: 5.7236035355678894e-11
Layer conv4.att_src grad: 1.191321069571316e-10
Layer conv3.bias grad: 1.4613309531341656e-06
Layer conv2.lin.weight grad: 1.671322635843353e-08
Layer conv4.bias grad: 2.6003342554759e-06
Layer conv4.att_dst grad: 5.7236035355678894e-11
Layer conv3.att_src grad: 7.720998840277105e-11
Layer conv4.lin.weight grad: 2.0335908956781168e-08
Layer conv3.lin.weight grad: 1.7632764581776428e-08
Layer conv4.bias grad: 2.6003342554759e-06
Layer conv3.att_dst grad: 1.537995078515486e-11
Layer fc.weight grad: 6.394388663011341e-08
Layer conv4.att_src grad: 1.191321069571316e-10
Layer conv4.lin.weight grad: 2.0335908956781168e-08
Layer conv3.bias grad: 1.4613309531341656e-06
Layer fc.bias grad: 1.5952206013025716e-05
Layer fc.weight grad: 6.394388663011341e-08Layer conv4.att_dst grad: 5.7236035355678894e-11

Layer conv3.lin.weight grad: 1.7632764581776428e-08
Layer fc.bias grad: 1.5952206013025716e-05
Layer conv4.att_src grad: 1.191321069571316e-10
Layer conv4.bias grad: 2.6003342554759e-06
Layer conv4.att_dst grad: 5.7236035355678894e-11
Layer conv4.lin.weight grad: 2.0335908956781168e-08
Layer conv4.bias grad: 2.6003342554759e-06
Layer fc.weight grad: 6.394388663011341e-08
Layer conv4.lin.weight grad: 2.0335908956781168e-08
Layer fc.weight grad: 6.394388663011341e-08
Layer fc.bias grad: 1.5952206013025716e-05
Layer fc.bias grad: 1.5952206013025716e-05
Softmax output at epoch 2: tensor([[0.0523, 0.0526, 0.0522, 0.0535, 0.0526, 0.0520, 0.0526, 0.0525, 0.0532,
         0.0524, 0.0529, 0.0527, 0.0517, 0.0534, 0.0528, 0.0531, 0.0531, 0.0521,
         0.0523]], device='cuda:3', grad_fn=<SliceBackward0>)
Softmax output at epoch 2: tensor([[0.0523, 0.0526, 0.0522, 0.0535, 0.0526, 0.0520, 0.0526, 0.0525, 0.0532,
         0.0524, 0.0529, 0.0527, 0.0518, 0.0534, 0.0528, 0.0531, 0.0531, 0.0521,
         0.0523]], device='cuda:1', grad_fn=<SliceBackward0>)
pt values at epoch 2: tensor([0.0523], device='cuda:3', grad_fn=<SliceBackward0>)
pt values at epoch 2: tensor([0.0523], device='cuda:1', grad_fn=<SliceBackward0>)
Softmax output at epoch 2: tensor([[0.0523, 0.0526, 0.0522, 0.0535, 0.0526, 0.0520, 0.0526, 0.0525, 0.0532,
         0.0524, 0.0529, 0.0527, 0.0518, 0.0534, 0.0528, 0.0531, 0.0531, 0.0521,
         0.0523]], device='cuda:2', grad_fn=<SliceBackward0>)
pt values at epoch 2: tensor([0.0523], device='cuda:2', grad_fn=<SliceBackward0>)
Precision: 0.0000, Recall: 0.0007, F1-Score: 0.0000
Fold 1, Epoch 1, Train Loss: 0.0011, Val Loss: 0.0011, Val Acc: 0.0006
Softmax output at epoch 2: tensor([[0.0523, 0.0526, 0.0522, 0.0534, 0.0526, 0.0520, 0.0526, 0.0525, 0.0532,
         0.0524, 0.0529, 0.0527, 0.0518, 0.0533, 0.0528, 0.0531, 0.0531, 0.0521,
         0.0523]], device='cuda:0', grad_fn=<SliceBackward0>)
pt values at epoch 2: tensor([0.0523], device='cuda:0', grad_fn=<SliceBackward0>)
Layer conv1.att_src grad: 2.5023854516303956e-11Layer conv1.att_src grad: 2.5023854516303956e-11Layer conv1.att_src grad: 2.5023854516303956e-11Layer conv1.att_src grad: 2.5023854516303956e-11



Layer conv1.att_dst grad: 6.8858608051614034e-12
Layer conv1.att_dst grad: 6.8858608051614034e-12Layer conv1.att_dst grad: 6.8858608051614034e-12Layer conv1.att_dst grad: 6.8858608051614034e-12


Layer conv1.bias grad: 3.4860889286392194e-08
Layer conv1.bias grad: 3.4860889286392194e-08Layer conv1.bias grad: 3.4860889286392194e-08
Layer conv1.bias grad: 3.4860889286392194e-08

Layer conv1.lin.weight grad: 2.109815966377937e-08
Layer conv1.lin.weight grad: 2.109815966377937e-08
Layer conv1.lin.weight grad: 2.109815966377937e-08Layer conv1.lin.weight grad: 2.109815966377937e-08

Layer conv2.att_src grad: 1.334398910812773e-11
Layer conv2.att_src grad: 1.334398910812773e-11
Layer conv2.att_src grad: 1.334398910812773e-11Layer conv2.att_src grad: 1.334398910812773e-11

Layer conv2.att_dst grad: 8.671906942536722e-12
Layer conv2.att_dst grad: 8.671906942536722e-12
Layer conv2.att_dst grad: 8.671906942536722e-12Layer conv2.att_dst grad: 8.671906942536722e-12

Layer conv2.bias grad: 7.74870869690858e-08
Layer conv2.bias grad: 7.74870869690858e-08
Layer conv2.bias grad: 7.74870869690858e-08Layer conv2.bias grad: 7.74870869690858e-08

Layer conv2.lin.weight grad: 2.9491409314630346e-09
Layer conv2.lin.weight grad: 2.9491409314630346e-09
Layer conv2.lin.weight grad: 2.9491409314630346e-09Layer conv2.lin.weight grad: 2.9491409314630346e-09

Layer conv3.att_src grad: 9.152505142662193e-12
Layer conv3.att_src grad: 9.152505142662193e-12
Layer conv3.att_src grad: 9.152505142662193e-12Layer conv3.att_src grad: 9.152505142662193e-12

Layer conv3.att_dst grad: 2.0456314593630953e-12
Layer conv3.att_dst grad: 2.0456314593630953e-12
Layer conv3.att_dst grad: 2.0456314593630953e-12Layer conv3.att_dst grad: 2.0456314593630953e-12

Layer conv3.bias grad: 3.1264465860658675e-07
Layer conv3.bias grad: 3.1264465860658675e-07
Layer conv3.bias grad: 3.1264465860658675e-07
Layer conv3.bias grad: 3.1264465860658675e-07
Layer conv3.lin.weight grad: 3.466956055575565e-09
Layer conv3.lin.weight grad: 3.466956055575565e-09
Layer conv3.lin.weight grad: 3.466956055575565e-09
Layer conv3.lin.weight grad: 3.466956055575565e-09
Layer conv4.att_src grad: 1.1652403000828038e-11
Layer conv4.att_src grad: 1.1652403000828038e-11
Layer conv4.att_src grad: 1.1652403000828038e-11
Layer conv4.att_src grad: 1.1652403000828038e-11Layer conv4.att_dst grad: 5.391506685548109e-12

Layer conv4.att_dst grad: 5.391506685548109e-12
Layer conv4.att_dst grad: 5.391506685548109e-12
Layer conv4.att_dst grad: 5.391506685548109e-12Layer conv4.bias grad: 6.268533070397098e-07

Layer conv4.bias grad: 6.268533070397098e-07
Layer conv4.bias grad: 6.268533070397098e-07
Layer conv4.bias grad: 6.268533070397098e-07
Layer conv4.lin.weight grad: 4.195695346709272e-09
Layer conv4.lin.weight grad: 4.195695346709272e-09
Layer conv4.lin.weight grad: 4.195695346709272e-09
Layer conv4.lin.weight grad: 4.195695346709272e-09
Layer fc.weight grad: 1.8898857589988438e-08
Layer fc.weight grad: 1.8898857589988438e-08
Layer fc.weight grad: 1.8898857589988438e-08
Layer fc.weight grad: 1.8898857589988438e-08Layer fc.bias grad: 5.314582267601509e-06

Layer fc.bias grad: 5.314582267601509e-06
Layer fc.bias grad: 5.314582267601509e-06
Layer fc.bias grad: 5.314582267601509e-06
Softmax output at epoch 2: tensor([[0.0524, 0.0524, 0.0517, 0.0534, 0.0525, 0.0519, 0.0530, 0.0521, 0.0532,
         0.0522, 0.0534, 0.0527, 0.0517, 0.0537, 0.0528, 0.0532, 0.0531, 0.0522,
         0.0524]], device='cuda:3', grad_fn=<SliceBackward0>)
Softmax output at epoch 2: tensor([[0.0524, 0.0524, 0.0517, 0.0534, 0.0525, 0.0519, 0.0530, 0.0521, 0.0532,
         0.0522, 0.0534, 0.0527, 0.0517, 0.0537, 0.0528, 0.0532, 0.0531, 0.0522,
         0.0524]], device='cuda:2', grad_fn=<SliceBackward0>)
Softmax output at epoch 2: tensor([[0.0524, 0.0524, 0.0517, 0.0534, 0.0525, 0.0519, 0.0530, 0.0521, 0.0532,
         0.0522, 0.0534, 0.0527, 0.0517, 0.0537, 0.0528, 0.0532, 0.0531, 0.0522,
         0.0524]], device='cuda:0', grad_fn=<SliceBackward0>)
Softmax output at epoch 2: tensor([[0.0524, 0.0524, 0.0517, 0.0534, 0.0525, 0.0519, 0.0530, 0.0521, 0.0532,
         0.0522, 0.0534, 0.0527, 0.0517, 0.0537, 0.0528, 0.0532, 0.0531, 0.0522,
         0.0524]], device='cuda:1', grad_fn=<SliceBackward0>)
pt values at epoch 2: tensor([0.0524], device='cuda:3', grad_fn=<SliceBackward0>)
pt values at epoch 2: tensor([0.0524], device='cuda:2', grad_fn=<SliceBackward0>)
pt values at epoch 2: tensor([0.0524], device='cuda:0', grad_fn=<SliceBackward0>)
pt values at epoch 2: tensor([0.0524], device='cuda:1', grad_fn=<SliceBackward0>)
Layer conv1.att_src grad: 5.96825505683185e-11Layer conv1.att_src grad: 5.96825505683185e-11Layer conv1.att_src grad: 5.96825505683185e-11Layer conv1.att_src grad: 5.96825505683185e-11



Layer conv1.att_dst grad: 1.5403629760601945e-11Layer conv1.att_dst grad: 1.5403629760601945e-11Layer conv1.att_dst grad: 1.5403629760601945e-11Layer conv1.att_dst grad: 1.5403629760601945e-11



Layer conv1.bias grad: 3.298091399983605e-08Layer conv1.bias grad: 3.298091399983605e-08
Layer conv1.bias grad: 3.298091399983605e-08Layer conv1.bias grad: 3.298091399983605e-08


Layer conv1.lin.weight grad: 1.84833623961822e-08
Layer conv1.lin.weight grad: 1.84833623961822e-08Layer conv1.lin.weight grad: 1.84833623961822e-08

Layer conv1.lin.weight grad: 1.84833623961822e-08
Layer conv2.att_src grad: 7.308200919431407e-12
Layer conv2.att_src grad: 7.308200919431407e-12Layer conv2.att_src grad: 7.308200919431407e-12

Layer conv2.att_src grad: 7.308200919431407e-12
Layer conv2.att_dst grad: 3.982991454015705e-12
Layer conv2.att_dst grad: 3.982991454015705e-12Layer conv2.att_dst grad: 3.982991454015705e-12

Layer conv2.att_dst grad: 3.982991454015705e-12
Layer conv2.bias grad: 8.263488382453943e-08
Layer conv2.bias grad: 8.263488382453943e-08Layer conv2.bias grad: 8.263488382453943e-08
Layer conv2.bias grad: 8.263488382453943e-08

Layer conv2.lin.weight grad: 2.484461303353669e-09
Layer conv2.lin.weight grad: 2.484461303353669e-09
Layer conv2.lin.weight grad: 2.484461303353669e-09Layer conv2.lin.weight grad: 2.484461303353669e-09

Layer conv3.att_src grad: 4.644956294597158e-12
Layer conv3.att_src grad: 4.644956294597158e-12
Layer conv3.att_src grad: 4.644956294597158e-12Layer conv3.att_src grad: 4.644956294597158e-12

Layer conv3.att_dst grad: 9.879881201352303e-13
Layer conv3.att_dst grad: 9.879881201352303e-13
Layer conv3.att_dst grad: 9.879881201352303e-13Layer conv3.att_dst grad: 9.879881201352303e-13

Layer conv3.bias grad: 3.3871918958539027e-07
Layer conv3.bias grad: 3.3871918958539027e-07
Layer conv3.bias grad: 3.3871918958539027e-07Layer conv3.bias grad: 3.3871918958539027e-07

Layer conv3.lin.weight grad: 2.7869773155941857e-09
Layer conv3.lin.weight grad: 2.7869773155941857e-09
Layer conv3.lin.weight grad: 2.7869773155941857e-09Layer conv3.lin.weight grad: 2.7869773155941857e-09

Layer conv4.att_src grad: 8.318509943372465e-12
Layer conv4.att_src grad: 8.318509943372465e-12
Layer conv4.att_src grad: 8.318509943372465e-12Layer conv4.att_src grad: 8.318509943372465e-12Layer conv4.att_dst grad: 3.1163279422263823e-12


Layer conv4.att_dst grad: 3.1163279422263823e-12
Layer conv4.att_dst grad: 3.1163279422263823e-12Layer conv4.att_dst grad: 3.1163279422263823e-12
Layer conv4.bias grad: 6.51929440209642e-07

Layer conv4.bias grad: 6.51929440209642e-07
Layer conv4.bias grad: 6.51929440209642e-07
Layer conv4.bias grad: 6.51929440209642e-07
Layer conv4.lin.weight grad: 3.040903528983563e-09
Layer conv4.lin.weight grad: 3.040903528983563e-09
Layer conv4.lin.weight grad: 3.040903528983563e-09
Layer conv4.lin.weight grad: 3.040903528983563e-09
Layer fc.weight grad: 1.6920933987307762e-08
Layer fc.weight grad: 1.6920933987307762e-08
Layer fc.weight grad: 1.6920933987307762e-08
Layer fc.weight grad: 1.6920933987307762e-08Layer fc.bias grad: 5.759346549893962e-06
Layer fc.bias grad: 5.759346549893962e-06

Layer fc.bias grad: 5.759346549893962e-06
Layer fc.bias grad: 5.759346549893962e-06
Softmax output at epoch 2: tensor([[0.0527, 0.0523, 0.0518, 0.0532, 0.0523, 0.0519, 0.0532, 0.0523, 0.0533,
         0.0521, 0.0535, 0.0527, 0.0520, 0.0535, 0.0528, 0.0532, 0.0529, 0.0521,
         0.0524]], device='cuda:2', grad_fn=<SliceBackward0>)Softmax output at epoch 2: tensor([[0.0527, 0.0523, 0.0518, 0.0532, 0.0523, 0.0519, 0.0532, 0.0523, 0.0533,
         0.0521, 0.0535, 0.0527, 0.0520, 0.0535, 0.0528, 0.0532, 0.0529, 0.0521,
         0.0524]], device='cuda:0', grad_fn=<SliceBackward0>)

Softmax output at epoch 2: tensor([[0.0527, 0.0523, 0.0518, 0.0532, 0.0523, 0.0519, 0.0532, 0.0523, 0.0533,
         0.0521, 0.0535, 0.0527, 0.0520, 0.0535, 0.0528, 0.0532, 0.0529, 0.0521,
         0.0524]], device='cuda:3', grad_fn=<SliceBackward0>)
Softmax output at epoch 2: tensor([[0.0527, 0.0523, 0.0517, 0.0532, 0.0522, 0.0519, 0.0532, 0.0523, 0.0533,
         0.0521, 0.0535, 0.0527, 0.0520, 0.0535, 0.0528, 0.0532, 0.0529, 0.0521,
         0.0524]], device='cuda:1', grad_fn=<SliceBackward0>)
pt values at epoch 2: tensor([0.0527], device='cuda:2', grad_fn=<SliceBackward0>)
pt values at epoch 2: tensor([0.0527], device='cuda:0', grad_fn=<SliceBackward0>)
pt values at epoch 2: tensor([0.0527], device='cuda:3', grad_fn=<SliceBackward0>)
pt values at epoch 2: tensor([0.0527], device='cuda:1', grad_fn=<SliceBackward0>)
Layer conv1.att_src grad: 4.603009640113953e-11Layer conv1.att_src grad: 4.603009640113953e-11Layer conv1.att_src grad: 4.603009640113953e-11Layer conv1.att_src grad: 4.603009640113953e-11



Layer conv1.att_dst grad: 1.8382580180276165e-11Layer conv1.att_dst grad: 1.8382580180276165e-11Layer conv1.att_dst grad: 1.8382580180276165e-11Layer conv1.att_dst grad: 1.8382580180276165e-11



Layer conv1.bias grad: 1.4709201856533127e-08Layer conv1.bias grad: 1.4709201856533127e-08
Layer conv1.bias grad: 1.4709201856533127e-08Layer conv1.bias grad: 1.4709201856533127e-08


Layer conv1.lin.weight grad: 7.81624098777911e-09
Layer conv1.lin.weight grad: 7.81624098777911e-09Layer conv1.lin.weight grad: 7.81624098777911e-09
Layer conv1.lin.weight grad: 7.81624098777911e-09

Layer conv2.att_src grad: 3.815098410797635e-12
Layer conv2.att_src grad: 3.815098410797635e-12
Layer conv2.att_src grad: 3.815098410797635e-12Layer conv2.att_src grad: 3.815098410797635e-12

Layer conv2.att_dst grad: 1.585929087707938e-12
Layer conv2.att_dst grad: 1.585929087707938e-12
Layer conv2.att_dst grad: 1.585929087707938e-12Layer conv2.att_dst grad: 1.585929087707938e-12

Layer conv2.bias grad: 4.2375255304705206e-08
Layer conv2.bias grad: 4.2375255304705206e-08
Layer conv2.bias grad: 4.2375255304705206e-08Layer conv2.bias grad: 4.2375255304705206e-08

Layer conv2.lin.weight grad: 1.1778160668995952e-09
Layer conv2.lin.weight grad: 1.1778160668995952e-09
Layer conv2.lin.weight grad: 1.1778160668995952e-09Layer conv2.lin.weight grad: 1.1778160668995952e-09

Layer conv3.att_src grad: 2.0480696132085807e-12
Layer conv3.att_src grad: 2.0480696132085807e-12
Layer conv3.att_src grad: 2.0480696132085807e-12Layer conv3.att_src grad: 2.0480696132085807e-12

Layer conv3.att_dst grad: 7.685567677065408e-13
Layer conv3.att_dst grad: 7.685567677065408e-13
Layer conv3.att_dst grad: 7.685567677065408e-13Layer conv3.att_dst grad: 7.685567677065408e-13

Layer conv3.bias grad: 2.031620738307538e-07
Layer conv3.bias grad: 2.031620738307538e-07
Layer conv3.bias grad: 2.031620738307538e-07Layer conv3.bias grad: 2.031620738307538e-07

Layer conv3.lin.weight grad: 1.3340097915204296e-09
Layer conv3.lin.weight grad: 1.3340097915204296e-09
Layer conv3.lin.weight grad: 1.3340097915204296e-09Layer conv3.lin.weight grad: 1.3340097915204296e-09

Layer conv4.att_src grad: 1.9858511536574586e-12
Layer conv4.att_src grad: 1.9858511536574586e-12
Layer conv4.att_src grad: 1.9858511536574586e-12Layer conv4.att_src grad: 1.9858511536574586e-12Layer conv4.att_dst grad: 6.549646892548e-13


Layer conv4.att_dst grad: 6.549646892548e-13
Layer conv4.att_dst grad: 6.549646892548e-13Layer conv4.att_dst grad: 6.549646892548e-13Layer conv4.bias grad: 4.924517611470947e-07


Layer conv4.bias grad: 4.924517611470947e-07
Layer conv4.bias grad: 4.924517611470947e-07Layer conv4.bias grad: 4.924517611470947e-07

Layer conv4.lin.weight grad: 1.6120006440800694e-09
Layer conv4.lin.weight grad: 1.6120006440800694e-09
Layer conv4.lin.weight grad: 1.6120006440800694e-09Layer conv4.lin.weight grad: 1.6120006440800694e-09
Layer fc.weight grad: 1.0722191134959758e-08
Layer fc.weight grad: 1.0722191134959758e-08

Layer fc.weight grad: 1.0722191134959758e-08Layer fc.bias grad: 4.291026925784536e-06
Layer fc.weight grad: 1.0722191134959758e-08Layer fc.bias grad: 4.291026925784536e-06


Layer fc.bias grad: 4.291026925784536e-06
Layer fc.bias grad: 4.291026925784536e-06
Softmax output at epoch 2: tensor([[0.0528, 0.0522, 0.0519, 0.0531, 0.0524, 0.0520, 0.0533, 0.0522, 0.0533,
         0.0521, 0.0534, 0.0526, 0.0521, 0.0534, 0.0527, 0.0531, 0.0528, 0.0522,
         0.0525]], device='cuda:0', grad_fn=<SliceBackward0>)
Softmax output at epoch 2: tensor([[0.0528, 0.0522, 0.0519, 0.0531, 0.0524, 0.0520, 0.0533, 0.0522, 0.0533,
         0.0521, 0.0534, 0.0526, 0.0521, 0.0534, 0.0527, 0.0531, 0.0528, 0.0522,
         0.0525]], device='cuda:3', grad_fn=<SliceBackward0>)
Softmax output at epoch 2: tensor([[0.0528, 0.0522, 0.0519, 0.0531, 0.0524, 0.0520, 0.0533, 0.0522, 0.0533,
         0.0521, 0.0534, 0.0526, 0.0521, 0.0534, 0.0527, 0.0531, 0.0528, 0.0522,
         0.0525]], device='cuda:2', grad_fn=<SliceBackward0>)
pt values at epoch 2: tensor([0.0528], device='cuda:0', grad_fn=<SliceBackward0>)
pt values at epoch 2: tensor([0.0528], device='cuda:3', grad_fn=<SliceBackward0>)
pt values at epoch 2: tensor([0.0528], device='cuda:2', grad_fn=<SliceBackward0>)
Softmax output at epoch 2: tensor([[0.0528, 0.0522, 0.0519, 0.0531, 0.0524, 0.0520, 0.0533, 0.0522, 0.0533,
         0.0521, 0.0534, 0.0526, 0.0521, 0.0534, 0.0527, 0.0531, 0.0528, 0.0522,
         0.0525]], device='cuda:1', grad_fn=<SliceBackward0>)
pt values at epoch 2: tensor([0.0528], device='cuda:1', grad_fn=<SliceBackward0>)
Layer conv1.att_src grad: 1.6650476136748082e-11Layer conv1.att_src grad: 1.6650476136748082e-11Layer conv1.att_src grad: 1.6650476136748082e-11Layer conv1.att_src grad: 1.6650476136748082e-11



Layer conv1.att_dst grad: 4.851185425591709e-12Layer conv1.att_dst grad: 4.851185425591709e-12Layer conv1.att_dst grad: 4.851185425591709e-12Layer conv1.att_dst grad: 4.851185425591709e-12



Layer conv1.bias grad: 1.1332215166248716e-08
Layer conv1.bias grad: 1.1332215166248716e-08Layer conv1.bias grad: 1.1332215166248716e-08Layer conv1.bias grad: 1.1332215166248716e-08


Layer conv1.lin.weight grad: 6.7188530294970406e-09
Layer conv1.lin.weight grad: 6.7188530294970406e-09Layer conv1.lin.weight grad: 6.7188530294970406e-09
Layer conv1.lin.weight grad: 6.7188530294970406e-09

Layer conv2.att_src grad: 1.927335461365809e-12
Layer conv2.att_src grad: 1.927335461365809e-12
Layer conv2.att_src grad: 1.927335461365809e-12Layer conv2.att_src grad: 1.927335461365809e-12

Layer conv2.att_dst grad: 8.072350838987663e-13
Layer conv2.att_dst grad: 8.072350838987663e-13
Layer conv2.att_dst grad: 8.072350838987663e-13
Layer conv2.att_dst grad: 8.072350838987663e-13
Layer conv2.bias grad: 3.758214006666094e-08
Layer conv2.bias grad: 3.758214006666094e-08
Layer conv2.bias grad: 3.758214006666094e-08
Layer conv2.bias grad: 3.758214006666094e-08
Layer conv2.lin.weight grad: 1.0783662851565623e-09
Layer conv2.lin.weight grad: 1.0783662851565623e-09
Layer conv2.lin.weight grad: 1.0783662851565623e-09
Layer conv2.lin.weight grad: 1.0783662851565623e-09
Layer conv3.att_src grad: 8.924693124280625e-13
Layer conv3.att_src grad: 8.924693124280625e-13Layer conv3.att_src grad: 8.924693124280625e-13

Layer conv3.att_src grad: 8.924693124280625e-13
Layer conv3.att_dst grad: 3.388166212436178e-13
Layer conv3.att_dst grad: 3.388166212436178e-13Layer conv3.att_dst grad: 3.388166212436178e-13

Layer conv3.att_dst grad: 3.388166212436178e-13
Layer conv3.bias grad: 2.1645492154220847e-07
Layer conv3.bias grad: 2.1645492154220847e-07Layer conv3.bias grad: 2.1645492154220847e-07
Layer conv3.bias grad: 2.1645492154220847e-07

Layer conv3.lin.weight grad: 1.2838556884275931e-09
Layer conv3.lin.weight grad: 1.2838556884275931e-09
Layer conv3.lin.weight grad: 1.2838556884275931e-09Layer conv3.lin.weight grad: 1.2838556884275931e-09

Layer conv4.att_src grad: 1.0087320518811782e-12
Layer conv4.att_src grad: 1.0087320518811782e-12
Layer conv4.att_src grad: 1.0087320518811782e-12Layer conv4.att_src grad: 1.0087320518811782e-12

Layer conv4.att_dst grad: 3.675302250039092e-13
Layer conv4.att_dst grad: 3.675302250039092e-13
Layer conv4.att_dst grad: 3.675302250039092e-13Layer conv4.att_dst grad: 3.675302250039092e-13

Layer conv4.bias grad: 5.063581056674593e-07
Layer conv4.bias grad: 5.063581056674593e-07
Layer conv4.bias grad: 5.063581056674593e-07Layer conv4.bias grad: 5.063581056674593e-07

Layer conv4.lin.weight grad: 1.3731684678219835e-09
Layer conv4.lin.weight grad: 1.3731684678219835e-09
Layer conv4.lin.weight grad: 1.3731684678219835e-09Layer conv4.lin.weight grad: 1.3731684678219835e-09

Layer fc.weight grad: 9.613978946276802e-09
Layer fc.weight grad: 9.613978946276802e-09
Layer fc.weight grad: 9.613978946276802e-09
Layer fc.weight grad: 9.613978946276802e-09Layer fc.bias grad: 4.5149131437938195e-06

Layer fc.bias grad: 4.5149131437938195e-06
Layer fc.bias grad: 4.5149131437938195e-06
Layer fc.bias grad: 4.5149131437938195e-06
Softmax output at epoch 2: tensor([[0.0528, 0.0522, 0.0520, 0.0530, 0.0525, 0.0522, 0.0532, 0.0523, 0.0532,
         0.0522, 0.0532, 0.0527, 0.0522, 0.0532, 0.0526, 0.0529, 0.0528, 0.0522,
         0.0525]], device='cuda:2', grad_fn=<SliceBackward0>)
Softmax output at epoch 2: tensor([[0.0528, 0.0522, 0.0520, 0.0530, 0.0525, 0.0522, 0.0532, 0.0523, 0.0532,
         0.0522, 0.0532, 0.0527, 0.0522, 0.0532, 0.0526, 0.0529, 0.0528, 0.0522,
         0.0525]], device='cuda:3', grad_fn=<SliceBackward0>)Softmax output at epoch 2: tensor([[0.0528, 0.0522, 0.0520, 0.0530, 0.0525, 0.0522, 0.0532, 0.0523, 0.0532,
         0.0522, 0.0532, 0.0527, 0.0522, 0.0532, 0.0526, 0.0529, 0.0528, 0.0522,
         0.0525]], device='cuda:0', grad_fn=<SliceBackward0>)

Softmax output at epoch 2: tensor([[0.0528, 0.0522, 0.0520, 0.0530, 0.0525, 0.0522, 0.0532, 0.0523, 0.0532,
         0.0522, 0.0532, 0.0527, 0.0522, 0.0532, 0.0526, 0.0529, 0.0528, 0.0522,
         0.0525]], device='cuda:1', grad_fn=<SliceBackward0>)
pt values at epoch 2: tensor([0.0528], device='cuda:2', grad_fn=<SliceBackward0>)
pt values at epoch 2: tensor([0.0528], device='cuda:3', grad_fn=<SliceBackward0>)pt values at epoch 2: tensor([0.0528], device='cuda:0', grad_fn=<SliceBackward0>)

pt values at epoch 2: tensor([0.0528], device='cuda:1', grad_fn=<SliceBackward0>)
Layer conv1.att_src grad: 5.625595041885978e-12Layer conv1.att_src grad: 5.625595041885978e-12Layer conv1.att_src grad: 5.625595041885978e-12Layer conv1.att_src grad: 5.625595041885978e-12



Layer conv1.att_dst grad: 1.7557911504914592e-12Layer conv1.att_dst grad: 1.7557911504914592e-12Layer conv1.att_dst grad: 1.7557911504914592e-12


Layer conv1.att_dst grad: 1.7557911504914592e-12
Layer conv1.bias grad: 6.536816865576611e-09Layer conv1.bias grad: 6.536816865576611e-09Layer conv1.bias grad: 6.536816865576611e-09


Layer conv1.bias grad: 6.536816865576611e-09
Layer conv1.lin.weight grad: 4.280873433515353e-09Layer conv1.lin.weight grad: 4.280873433515353e-09
Layer conv1.lin.weight grad: 4.280873433515353e-09

Layer conv1.lin.weight grad: 4.280873433515353e-09
Layer conv2.att_src grad: 7.23952852960813e-13
Layer conv2.att_src grad: 7.23952852960813e-13Layer conv2.att_src grad: 7.23952852960813e-13

Layer conv2.att_src grad: 7.23952852960813e-13
Layer conv2.att_dst grad: 2.301908663682184e-13
Layer conv2.att_dst grad: 2.301908663682184e-13Layer conv2.att_dst grad: 2.301908663682184e-13

Layer conv2.bias grad: 2.5933752922924214e-08
Layer conv2.att_dst grad: 2.301908663682184e-13
Layer conv2.bias grad: 2.5933752922924214e-08Layer conv2.bias grad: 2.5933752922924214e-08

Layer conv2.bias grad: 2.5933752922924214e-08Layer conv2.lin.weight grad: 7.859495276818507e-10

Layer conv2.lin.weight grad: 7.859495276818507e-10Layer conv2.lin.weight grad: 7.859495276818507e-10

Layer conv3.att_src grad: 3.2679062364135425e-13
Layer conv2.lin.weight grad: 7.859495276818507e-10
Layer conv3.att_src grad: 3.2679062364135425e-13Layer conv3.att_src grad: 3.2679062364135425e-13

Layer conv3.att_dst grad: 1.2960445704927187e-13
Layer conv3.att_src grad: 3.2679062364135425e-13Layer conv3.att_dst grad: 1.2960445704927187e-13
Layer conv3.att_dst grad: 1.2960445704927187e-13
Layer conv3.bias grad: 1.6549418546674133e-07

Layer conv3.bias grad: 1.6549418546674133e-07Layer conv3.att_dst grad: 1.2960445704927187e-13
Layer conv3.bias grad: 1.6549418546674133e-07

Layer conv3.lin.weight grad: 9.181737592456329e-10
Layer conv3.lin.weight grad: 9.181737592456329e-10Layer conv3.bias grad: 1.6549418546674133e-07
Layer conv3.lin.weight grad: 9.181737592456329e-10
Layer conv4.att_src grad: 4.736867365365272e-13

Layer conv4.att_src grad: 4.736867365365272e-13
Layer conv4.att_dst grad: 2.3120242699514737e-13Layer conv4.att_src grad: 4.736867365365272e-13

Layer conv3.lin.weight grad: 9.181737592456329e-10
Layer conv4.att_dst grad: 2.3120242699514737e-13
Layer conv4.bias grad: 4.6660767338835285e-07Layer conv4.att_dst grad: 2.3120242699514737e-13

Layer conv4.att_src grad: 4.736867365365272e-13
Layer conv4.bias grad: 4.6660767338835285e-07
Layer conv4.bias grad: 4.6660767338835285e-07
Layer conv4.lin.weight grad: 1.007858019264063e-09
Layer conv4.att_dst grad: 2.3120242699514737e-13
Layer conv4.lin.weight grad: 1.007858019264063e-09
Layer conv4.lin.weight grad: 1.007858019264063e-09
Layer fc.weight grad: 5.700150573773044e-09
Layer conv4.bias grad: 4.6660767338835285e-07
Layer fc.weight grad: 5.700150573773044e-09
Layer fc.weight grad: 5.700150573773044e-09Layer fc.bias grad: 3.1870295060798526e-06

Layer fc.bias grad: 3.1870295060798526e-06
Layer conv4.lin.weight grad: 1.007858019264063e-09
Layer fc.bias grad: 3.1870295060798526e-06
Layer fc.weight grad: 5.700150573773044e-09
Layer fc.bias grad: 3.1870295060798526e-06
Softmax output at epoch 2: tensor([[0.0528, 0.0523, 0.0521, 0.0529, 0.0526, 0.0522, 0.0531, 0.0524, 0.0531,
         0.0523, 0.0532, 0.0527, 0.0522, 0.0531, 0.0526, 0.0529, 0.0528, 0.0523,
         0.0524]], device='cuda:3', grad_fn=<SliceBackward0>)Softmax output at epoch 2: tensor([[0.0528, 0.0523, 0.0521, 0.0529, 0.0526, 0.0522, 0.0531, 0.0524, 0.0531,
         0.0523, 0.0532, 0.0527, 0.0522, 0.0531, 0.0526, 0.0529, 0.0528, 0.0523,
         0.0524]], device='cuda:1', grad_fn=<SliceBackward0>)
Softmax output at epoch 2: tensor([[0.0528, 0.0523, 0.0521, 0.0529, 0.0526, 0.0522, 0.0531, 0.0524, 0.0531,
         0.0523, 0.0532, 0.0527, 0.0522, 0.0531, 0.0526, 0.0529, 0.0528, 0.0523,
         0.0524]], device='cuda:0', grad_fn=<SliceBackward0>)

pt values at epoch 2: tensor([0.0528], device='cuda:3', grad_fn=<SliceBackward0>)
pt values at epoch 2: tensor([0.0528], device='cuda:1', grad_fn=<SliceBackward0>)pt values at epoch 2: tensor([0.0528], device='cuda:0', grad_fn=<SliceBackward0>)

Softmax output at epoch 2: tensor([[0.0528, 0.0523, 0.0521, 0.0529, 0.0526, 0.0522, 0.0531, 0.0524, 0.0531,
         0.0523, 0.0532, 0.0527, 0.0522, 0.0531, 0.0526, 0.0529, 0.0528, 0.0523,
         0.0524]], device='cuda:2', grad_fn=<SliceBackward0>)
pt values at epoch 2: tensor([0.0528], device='cuda:2', grad_fn=<SliceBackward0>)
Layer conv1.att_src grad: 3.640693215650748e-12Layer conv1.att_src grad: 3.640693215650748e-12Layer conv1.att_src grad: 3.640693215650748e-12

Layer conv1.att_src grad: 3.640693215650748e-12

Layer conv1.att_dst grad: 1.5026850206864562e-12
Layer conv1.att_dst grad: 1.5026850206864562e-12
Layer conv1.att_dst grad: 1.5026850206864562e-12
Layer conv1.att_dst grad: 1.5026850206864562e-12
Layer conv1.bias grad: 1.857785036918358e-08
Layer conv1.bias grad: 1.857785036918358e-08
Layer conv1.bias grad: 1.857785036918358e-08
Layer conv1.bias grad: 1.857785036918358e-08
Layer conv1.lin.weight grad: 1.2119330428106423e-08
Layer conv1.lin.weight grad: 1.2119330428106423e-08
Layer conv1.lin.weight grad: 1.2119330428106423e-08
Layer conv2.att_src grad: 1.5466167842953515e-12
Layer conv2.att_src grad: 1.5466167842953515e-12Layer conv1.lin.weight grad: 1.2119330428106423e-08

Layer conv2.att_dst grad: 4.982226653807431e-13
Layer conv2.att_src grad: 1.5466167842953515e-12
Layer conv2.att_dst grad: 4.982226653807431e-13
Layer conv2.att_src grad: 1.5466167842953515e-12Layer conv2.bias grad: 8.881181656761328e-08

Layer conv2.att_dst grad: 4.982226653807431e-13Layer conv2.bias grad: 8.881181656761328e-08

Layer conv2.lin.weight grad: 2.34954655731201e-09Layer conv2.att_dst grad: 4.982226653807431e-13

Layer conv2.bias grad: 8.881181656761328e-08
Layer conv2.lin.weight grad: 2.34954655731201e-09
Layer conv3.att_src grad: 6.974579334212416e-13
Layer conv2.bias grad: 8.881181656761328e-08
Layer conv3.att_src grad: 6.974579334212416e-13
Layer conv2.lin.weight grad: 2.34954655731201e-09
Layer conv3.att_dst grad: 3.095494780641639e-13
Layer conv3.att_dst grad: 3.095494780641639e-13
Layer conv3.bias grad: 6.796674938414071e-07
Layer conv2.lin.weight grad: 2.34954655731201e-09
Layer conv3.att_src grad: 6.974579334212416e-13
Layer conv3.bias grad: 6.796674938414071e-07
Layer conv3.lin.weight grad: 2.814406041551365e-09
Layer conv3.att_dst grad: 3.095494780641639e-13
Layer conv3.att_src grad: 6.974579334212416e-13
Layer conv3.lin.weight grad: 2.814406041551365e-09
Layer conv4.att_src grad: 5.270999023539169e-13
Layer conv3.bias grad: 6.796674938414071e-07
Layer conv4.att_src grad: 5.270999023539169e-13Layer conv3.att_dst grad: 3.095494780641639e-13
Layer conv4.att_dst grad: 1.5924994612934174e-13

Layer conv4.att_dst grad: 1.5924994612934174e-13
Layer conv4.bias grad: 2.3762463570164982e-06Layer conv3.lin.weight grad: 2.814406041551365e-09

Layer conv3.bias grad: 6.796674938414071e-07
Layer conv4.bias grad: 2.3762463570164982e-06
Layer conv4.lin.weight grad: 3.4570484253038103e-09
Layer conv4.att_src grad: 5.270999023539169e-13
Layer conv3.lin.weight grad: 2.814406041551365e-09
Layer conv4.lin.weight grad: 3.4570484253038103e-09
Layer fc.weight grad: 2.9852994742896044e-08
Layer conv4.att_dst grad: 1.5924994612934174e-13
Layer fc.bias grad: 2.1547557480516843e-05
Layer fc.weight grad: 2.9852994742896044e-08
Layer conv4.att_src grad: 5.270999023539169e-13
Layer conv4.bias grad: 2.3762463570164982e-06
Layer fc.bias grad: 2.1547557480516843e-05
Layer conv4.att_dst grad: 1.5924994612934174e-13
Layer conv4.lin.weight grad: 3.4570484253038103e-09
Layer conv4.bias grad: 2.3762463570164982e-06
Layer fc.weight grad: 2.9852994742896044e-08
Layer conv4.lin.weight grad: 3.4570484253038103e-09
Layer fc.bias grad: 2.1547557480516843e-05
Layer fc.weight grad: 2.9852994742896044e-08
Layer fc.bias grad: 2.1547557480516843e-05
Softmax output at epoch 3: tensor([[0.0528, 0.0522, 0.0521, 0.0529, 0.0528, 0.0522, 0.0529, 0.0523, 0.0529,
         0.0525, 0.0534, 0.0528, 0.0521, 0.0529, 0.0527, 0.0531, 0.0527, 0.0522,
         0.0526]], device='cuda:3', grad_fn=<SliceBackward0>)Softmax output at epoch 3: tensor([[0.0528, 0.0522, 0.0521, 0.0529, 0.0528, 0.0522, 0.0529, 0.0523, 0.0529,
         0.0525, 0.0534, 0.0528, 0.0521, 0.0529, 0.0527, 0.0531, 0.0527, 0.0522,
         0.0526]], device='cuda:1', grad_fn=<SliceBackward0>)

pt values at epoch 3: tensor([0.0528], device='cuda:3', grad_fn=<SliceBackward0>)pt values at epoch 3: tensor([0.0528], device='cuda:1', grad_fn=<SliceBackward0>)

Softmax output at epoch 3: tensor([[0.0528, 0.0522, 0.0521, 0.0529, 0.0528, 0.0522, 0.0529, 0.0523, 0.0529,
         0.0525, 0.0534, 0.0528, 0.0521, 0.0529, 0.0527, 0.0531, 0.0527, 0.0522,
         0.0526]], device='cuda:2', grad_fn=<SliceBackward0>)
pt values at epoch 3: tensor([0.0528], device='cuda:2', grad_fn=<SliceBackward0>)
Precision: 0.0000, Recall: 0.0004, F1-Score: 0.0000
Fold 1, Epoch 2, Train Loss: 0.0011, Val Loss: 0.0011, Val Acc: 0.0005
Softmax output at epoch 3: tensor([[0.0528, 0.0522, 0.0521, 0.0529, 0.0528, 0.0522, 0.0529, 0.0523, 0.0529,
         0.0525, 0.0534, 0.0528, 0.0521, 0.0529, 0.0527, 0.0531, 0.0527, 0.0522,
         0.0526]], device='cuda:0', grad_fn=<SliceBackward0>)
pt values at epoch 3: tensor([0.0528], device='cuda:0', grad_fn=<SliceBackward0>)
Layer conv1.att_src grad: 1.0119038853367845e-12Layer conv1.att_src grad: 1.0119038853367845e-12Layer conv1.att_src grad: 1.0119038853367845e-12Layer conv1.att_src grad: 1.0119038853367845e-12



Layer conv1.att_dst grad: 3.193217988205904e-13
Layer conv1.att_dst grad: 3.193217988205904e-13
Layer conv1.att_dst grad: 3.193217988205904e-13Layer conv1.att_dst grad: 3.193217988205904e-13

Layer conv1.bias grad: 2.0845560833038235e-09
Layer conv1.bias grad: 2.0845560833038235e-09
Layer conv1.bias grad: 2.0845560833038235e-09Layer conv1.bias grad: 2.0845560833038235e-09

Layer conv1.lin.weight grad: 1.286243556108957e-09
Layer conv1.lin.weight grad: 1.286243556108957e-09
Layer conv1.lin.weight grad: 1.286243556108957e-09Layer conv1.lin.weight grad: 1.286243556108957e-09

Layer conv2.att_src grad: 1.227189465498324e-13
Layer conv2.att_src grad: 1.227189465498324e-13
Layer conv2.att_dst grad: 6.38865655798633e-14Layer conv2.att_src grad: 1.227189465498324e-13
Layer conv2.att_src grad: 1.227189465498324e-13

Layer conv2.att_dst grad: 6.38865655798633e-14
Layer conv2.bias grad: 1.0533802274892423e-08
Layer conv2.att_dst grad: 6.38865655798633e-14Layer conv2.att_dst grad: 6.38865655798633e-14

Layer conv2.bias grad: 1.0533802274892423e-08
Layer conv2.bias grad: 1.0533802274892423e-08Layer conv2.bias grad: 1.0533802274892423e-08
Layer conv2.lin.weight grad: 2.6463356506134517e-10

Layer conv2.lin.weight grad: 2.6463356506134517e-10
Layer conv3.att_src grad: 5.614346471451495e-14
Layer conv2.lin.weight grad: 2.6463356506134517e-10
Layer conv2.lin.weight grad: 2.6463356506134517e-10
Layer conv3.att_src grad: 5.614346471451495e-14
Layer conv3.att_dst grad: 3.0865602771140005e-14
Layer conv3.att_src grad: 5.614346471451495e-14Layer conv3.att_dst grad: 3.0865602771140005e-14
Layer conv3.att_src grad: 5.614346471451495e-14

Layer conv3.bias grad: 8.106580651201512e-08
Layer conv3.att_dst grad: 3.0865602771140005e-14
Layer conv3.bias grad: 8.106580651201512e-08Layer conv3.att_dst grad: 3.0865602771140005e-14

Layer conv3.lin.weight grad: 2.739563020881519e-10
Layer conv3.bias grad: 8.106580651201512e-08
Layer conv3.bias grad: 8.106580651201512e-08
Layer conv3.lin.weight grad: 2.739563020881519e-10
Layer conv4.att_src grad: 4.7599301074025685e-14
Layer conv3.lin.weight grad: 2.739563020881519e-10
Layer conv3.lin.weight grad: 2.739563020881519e-10Layer conv4.att_src grad: 4.7599301074025685e-14

Layer conv4.att_dst grad: 2.823909251510777e-14
Layer conv4.att_src grad: 4.7599301074025685e-14
Layer conv4.att_dst grad: 2.823909251510777e-14
Layer conv4.att_src grad: 4.7599301074025685e-14
Layer conv4.bias grad: 3.461841515672859e-07
Layer conv4.att_dst grad: 2.823909251510777e-14
Layer conv4.bias grad: 3.461841515672859e-07
Layer conv4.att_dst grad: 2.823909251510777e-14
Layer conv4.lin.weight grad: 3.903158074525237e-10
Layer conv4.bias grad: 3.461841515672859e-07
Layer conv4.bias grad: 3.461841515672859e-07Layer conv4.lin.weight grad: 3.903158074525237e-10

Layer fc.weight grad: 5.159372928886796e-09
Layer conv4.lin.weight grad: 3.903158074525237e-10
Layer fc.weight grad: 5.159372928886796e-09Layer conv4.lin.weight grad: 3.903158074525237e-10

Layer fc.bias grad: 4.039627583551919e-06
Layer fc.weight grad: 5.159372928886796e-09
Layer fc.bias grad: 4.039627583551919e-06
Layer fc.weight grad: 5.159372928886796e-09
Layer fc.bias grad: 4.039627583551919e-06
Layer fc.bias grad: 4.039627583551919e-06
Softmax output at epoch 3: tensor([[0.0527, 0.0521, 0.0522, 0.0528, 0.0529, 0.0523, 0.0528, 0.0522, 0.0528,
         0.0526, 0.0535, 0.0529, 0.0520, 0.0528, 0.0528, 0.0531, 0.0526, 0.0521,
         0.0528]], device='cuda:1', grad_fn=<SliceBackward0>)
Softmax output at epoch 3: tensor([[0.0527, 0.0521, 0.0522, 0.0528, 0.0529, 0.0523, 0.0528, 0.0522, 0.0528,
         0.0526, 0.0535, 0.0529, 0.0520, 0.0528, 0.0528, 0.0531, 0.0526, 0.0521,
         0.0528]], device='cuda:0', grad_fn=<SliceBackward0>)
Softmax output at epoch 3: tensor([[0.0527, 0.0521, 0.0522, 0.0528, 0.0529, 0.0523, 0.0528, 0.0522, 0.0528,
         0.0526, 0.0535, 0.0529, 0.0520, 0.0528, 0.0528, 0.0531, 0.0526, 0.0521,
         0.0528]], device='cuda:2', grad_fn=<SliceBackward0>)
Softmax output at epoch 3: tensor([[0.0527, 0.0521, 0.0522, 0.0528, 0.0529, 0.0523, 0.0528, 0.0522, 0.0528,
         0.0526, 0.0535, 0.0529, 0.0520, 0.0528, 0.0528, 0.0531, 0.0526, 0.0521,
         0.0528]], device='cuda:3', grad_fn=<SliceBackward0>)
pt values at epoch 3: tensor([0.0527], device='cuda:1', grad_fn=<SliceBackward0>)
pt values at epoch 3: tensor([0.0527], device='cuda:0', grad_fn=<SliceBackward0>)
pt values at epoch 3: tensor([0.0527], device='cuda:2', grad_fn=<SliceBackward0>)
pt values at epoch 3: tensor([0.0527], device='cuda:3', grad_fn=<SliceBackward0>)
Layer conv1.att_src grad: 8.356625396006845e-13Layer conv1.att_src grad: 8.356625396006845e-13Layer conv1.att_src grad: 8.356625396006845e-13Layer conv1.att_src grad: 8.356625396006845e-13



Layer conv1.att_dst grad: 3.340290012903563e-13Layer conv1.att_dst grad: 3.340290012903563e-13Layer conv1.att_dst grad: 3.340290012903563e-13Layer conv1.att_dst grad: 3.340290012903563e-13



Layer conv1.bias grad: 1.5295118505065375e-09Layer conv1.bias grad: 1.5295118505065375e-09Layer conv1.bias grad: 1.5295118505065375e-09
Layer conv1.bias grad: 1.5295118505065375e-09


Layer conv1.lin.weight grad: 9.424057090257065e-10
Layer conv1.lin.weight grad: 9.424057090257065e-10
Layer conv1.lin.weight grad: 9.424057090257065e-10Layer conv1.lin.weight grad: 9.424057090257065e-10

Layer conv2.att_src grad: 6.104722304924037e-14
Layer conv2.att_src grad: 6.104722304924037e-14
Layer conv2.att_src grad: 6.104722304924037e-14Layer conv2.att_src grad: 6.104722304924037e-14

Layer conv2.att_dst grad: 2.863161774726078e-14
Layer conv2.att_dst grad: 2.863161774726078e-14
Layer conv2.att_dst grad: 2.863161774726078e-14Layer conv2.att_dst grad: 2.863161774726078e-14

Layer conv2.bias grad: 9.99899185671893e-09
Layer conv2.bias grad: 9.99899185671893e-09
Layer conv2.bias grad: 9.99899185671893e-09Layer conv2.bias grad: 9.99899185671893e-09

Layer conv2.lin.weight grad: 2.181770181186593e-10
Layer conv2.lin.weight grad: 2.181770181186593e-10
Layer conv2.lin.weight grad: 2.181770181186593e-10Layer conv2.lin.weight grad: 2.181770181186593e-10

Layer conv3.att_src grad: 2.3970795238071468e-14
Layer conv3.att_src grad: 2.3970795238071468e-14
Layer conv3.att_src grad: 2.3970795238071468e-14Layer conv3.att_src grad: 2.3970795238071468e-14

Layer conv3.att_dst grad: 1.2567196598417454e-14
Layer conv3.att_dst grad: 1.2567196598417454e-14
Layer conv3.att_dst grad: 1.2567196598417454e-14Layer conv3.att_dst grad: 1.2567196598417454e-14

Layer conv3.bias grad: 9.415980173343996e-08
Layer conv3.bias grad: 9.415980173343996e-08
Layer conv3.bias grad: 9.415980173343996e-08Layer conv3.bias grad: 9.415980173343996e-08

Layer conv3.lin.weight grad: 2.461600367986705e-10
Layer conv3.lin.weight grad: 2.461600367986705e-10
Layer conv3.lin.weight grad: 2.461600367986705e-10Layer conv3.lin.weight grad: 2.461600367986705e-10

Layer conv4.att_src grad: 2.1890722876971927e-14
Layer conv4.att_src grad: 2.1890722876971927e-14
Layer conv4.att_src grad: 2.1890722876971927e-14Layer conv4.att_src grad: 2.1890722876971927e-14

Layer conv4.att_dst grad: 9.010462054216337e-15
Layer conv4.att_dst grad: 9.010462054216337e-15
Layer conv4.att_dst grad: 9.010462054216337e-15Layer conv4.att_dst grad: 9.010462054216337e-15
Layer conv4.bias grad: 4.021073323201563e-07
Layer conv4.bias grad: 4.021073323201563e-07

Layer conv4.bias grad: 4.021073323201563e-07
Layer conv4.bias grad: 4.021073323201563e-07
Layer conv4.lin.weight grad: 3.743370613484842e-10Layer conv4.lin.weight grad: 3.743370613484842e-10

Layer conv4.lin.weight grad: 3.743370613484842e-10
Layer conv4.lin.weight grad: 3.743370613484842e-10
Layer fc.weight grad: 6.583081191280371e-09Layer fc.weight grad: 6.583081191280371e-09

Layer fc.weight grad: 6.583081191280371e-09Layer fc.weight grad: 6.583081191280371e-09

Layer fc.bias grad: 5.0923958951898385e-06Layer fc.bias grad: 5.0923958951898385e-06

Layer fc.bias grad: 5.0923958951898385e-06Layer fc.bias grad: 5.0923958951898385e-06

Softmax output at epoch 3: tensor([[0.0527, 0.0520, 0.0523, 0.0528, 0.0530, 0.0523, 0.0526, 0.0522, 0.0527,
         0.0526, 0.0536, 0.0530, 0.0521, 0.0527, 0.0528, 0.0531, 0.0526, 0.0520,
         0.0529]], device='cuda:3', grad_fn=<SliceBackward0>)Softmax output at epoch 3: tensor([[0.0527, 0.0520, 0.0523, 0.0528, 0.0530, 0.0523, 0.0526, 0.0522, 0.0527,
         0.0526, 0.0536, 0.0530, 0.0521, 0.0527, 0.0528, 0.0531, 0.0526, 0.0520,
         0.0529]], device='cuda:2', grad_fn=<SliceBackward0>)

Softmax output at epoch 3: tensor([[0.0527, 0.0520, 0.0523, 0.0528, 0.0530, 0.0523, 0.0526, 0.0522, 0.0527,
         0.0526, 0.0536, 0.0530, 0.0521, 0.0527, 0.0528, 0.0531, 0.0526, 0.0520,
         0.0529]], device='cuda:0', grad_fn=<SliceBackward0>)
Softmax output at epoch 3: tensor([[0.0527, 0.0520, 0.0523, 0.0528, 0.0530, 0.0523, 0.0526, 0.0522, 0.0527,
         0.0526, 0.0536, 0.0530, 0.0521, 0.0527, 0.0528, 0.0531, 0.0526, 0.0520,
         0.0529]], device='cuda:1', grad_fn=<SliceBackward0>)
pt values at epoch 3: tensor([0.0527], device='cuda:3', grad_fn=<SliceBackward0>)pt values at epoch 3: tensor([0.0527], device='cuda:2', grad_fn=<SliceBackward0>)

pt values at epoch 3: tensor([0.0527], device='cuda:0', grad_fn=<SliceBackward0>)
pt values at epoch 3: tensor([0.0527], device='cuda:1', grad_fn=<SliceBackward0>)
Layer conv1.att_src grad: 1.5311978573094576e-13Layer conv1.att_src grad: 1.5311978573094576e-13Layer conv1.att_src grad: 1.5311978573094576e-13
Layer conv1.att_src grad: 1.5311978573094576e-13


Layer conv1.att_dst grad: 5.861148155358875e-14
Layer conv1.att_dst grad: 5.861148155358875e-14Layer conv1.att_dst grad: 5.861148155358875e-14
Layer conv1.att_dst grad: 5.861148155358875e-14

Layer conv1.bias grad: 7.621345776698263e-10
Layer conv1.bias grad: 7.621345776698263e-10
Layer conv1.bias grad: 7.621345776698263e-10Layer conv1.bias grad: 7.621345776698263e-10

Layer conv1.lin.weight grad: 5.027607219432184e-10
Layer conv1.lin.weight grad: 5.027607219432184e-10
Layer conv1.lin.weight grad: 5.027607219432184e-10Layer conv1.lin.weight grad: 5.027607219432184e-10

Layer conv2.att_src grad: 2.804978742766001e-14
Layer conv2.att_src grad: 2.804978742766001e-14
Layer conv2.att_src grad: 2.804978742766001e-14Layer conv2.att_src grad: 2.804978742766001e-14

Layer conv2.att_dst grad: 1.3560313082919967e-14
Layer conv2.att_dst grad: 1.3560313082919967e-14
Layer conv2.att_dst grad: 1.3560313082919967e-14Layer conv2.att_dst grad: 1.3560313082919967e-14

Layer conv2.bias grad: 5.005803327406966e-09
Layer conv2.bias grad: 5.005803327406966e-09
Layer conv2.bias grad: 5.005803327406966e-09Layer conv2.bias grad: 5.005803327406966e-09

Layer conv2.lin.weight grad: 1.0987995929800931e-10
Layer conv2.lin.weight grad: 1.0987995929800931e-10
Layer conv2.lin.weight grad: 1.0987995929800931e-10Layer conv2.lin.weight grad: 1.0987995929800931e-10

Layer conv3.att_src grad: 9.348406177314174e-15
Layer conv3.att_src grad: 9.348406177314174e-15
Layer conv3.att_src grad: 9.348406177314174e-15Layer conv3.att_src grad: 9.348406177314174e-15

Layer conv3.att_dst grad: 3.857095815429281e-15
Layer conv3.att_dst grad: 3.857095815429281e-15
Layer conv3.att_dst grad: 3.857095815429281e-15Layer conv3.att_dst grad: 3.857095815429281e-15
Layer conv3.bias grad: 3.557819283628305e-08

Layer conv3.bias grad: 3.557819283628305e-08
Layer conv3.bias grad: 3.557819283628305e-08
Layer conv3.bias grad: 3.557819283628305e-08
Layer conv3.lin.weight grad: 1.0073539918886709e-10
Layer conv3.lin.weight grad: 1.0073539918886709e-10
Layer conv3.lin.weight grad: 1.0073539918886709e-10
Layer conv3.lin.weight grad: 1.0073539918886709e-10
Layer conv4.att_src grad: 1.1849970603296928e-14
Layer conv4.att_src grad: 1.1849970603296928e-14
Layer conv4.att_src grad: 1.1849970603296928e-14
Layer conv4.att_src grad: 1.1849970603296928e-14Layer conv4.att_dst grad: 6.515147037318425e-15
Layer conv4.att_dst grad: 6.515147037318425e-15

Layer conv4.att_dst grad: 6.515147037318425e-15
Layer conv4.att_dst grad: 6.515147037318425e-15
Layer conv4.bias grad: 1.7690746290099923e-07Layer conv4.bias grad: 1.7690746290099923e-07

Layer conv4.bias grad: 1.7690746290099923e-07
Layer conv4.bias grad: 1.7690746290099923e-07
Layer conv4.lin.weight grad: 1.5511356088460104e-10Layer conv4.lin.weight grad: 1.5511356088460104e-10

Layer conv4.lin.weight grad: 1.5511356088460104e-10
Layer conv4.lin.weight grad: 1.5511356088460104e-10
Layer fc.weight grad: 3.4623977018810592e-09Layer fc.weight grad: 3.4623977018810592e-09

Layer fc.weight grad: 3.4623977018810592e-09
Layer fc.weight grad: 3.4623977018810592e-09
Layer fc.bias grad: 2.6575960418995237e-06Layer fc.bias grad: 2.6575960418995237e-06

Layer fc.bias grad: 2.6575960418995237e-06
Layer fc.bias grad: 2.6575960418995237e-06
Softmax output at epoch 3: tensor([[0.0527, 0.0520, 0.0523, 0.0527, 0.0531, 0.0523, 0.0526, 0.0522, 0.0527,
         0.0526, 0.0536, 0.0530, 0.0522, 0.0526, 0.0528, 0.0531, 0.0526, 0.0520,
         0.0530]], device='cuda:3', grad_fn=<SliceBackward0>)Softmax output at epoch 3: tensor([[0.0527, 0.0520, 0.0523, 0.0527, 0.0531, 0.0523, 0.0526, 0.0522, 0.0527,
         0.0526, 0.0536, 0.0530, 0.0522, 0.0526, 0.0528, 0.0531, 0.0526, 0.0520,
         0.0530]], device='cuda:2', grad_fn=<SliceBackward0>)Softmax output at epoch 3: tensor([[0.0527, 0.0520, 0.0523, 0.0527, 0.0531, 0.0523, 0.0526, 0.0522, 0.0527,
         0.0526, 0.0536, 0.0530, 0.0522, 0.0526, 0.0528, 0.0531, 0.0526, 0.0520,
         0.0530]], device='cuda:0', grad_fn=<SliceBackward0>)


Softmax output at epoch 3: tensor([[0.0527, 0.0520, 0.0523, 0.0527, 0.0531, 0.0523, 0.0526, 0.0522, 0.0527,
         0.0526, 0.0536, 0.0530, 0.0522, 0.0526, 0.0528, 0.0531, 0.0526, 0.0520,
         0.0530]], device='cuda:1', grad_fn=<SliceBackward0>)
pt values at epoch 3: tensor([0.0527], device='cuda:3', grad_fn=<SliceBackward0>)
pt values at epoch 3: tensor([0.0527], device='cuda:0', grad_fn=<SliceBackward0>)
pt values at epoch 3: tensor([0.0527], device='cuda:2', grad_fn=<SliceBackward0>)
pt values at epoch 3: tensor([0.0527], device='cuda:1', grad_fn=<SliceBackward0>)
Layer conv1.att_src grad: 2.0788752663758459e-13Layer conv1.att_src grad: 2.0788752663758459e-13Layer conv1.att_src grad: 2.0788752663758459e-13
Layer conv1.att_src grad: 2.0788752663758459e-13


Layer conv1.att_dst grad: 7.23532561988649e-14
Layer conv1.att_dst grad: 7.23532561988649e-14Layer conv1.att_dst grad: 7.23532561988649e-14Layer conv1.att_dst grad: 7.23532561988649e-14


Layer conv1.bias grad: 6.608857905376908e-10
Layer conv1.bias grad: 6.608857905376908e-10Layer conv1.bias grad: 6.608857905376908e-10Layer conv1.bias grad: 6.608857905376908e-10


Layer conv1.lin.weight grad: 3.678878035540123e-10
Layer conv1.lin.weight grad: 3.678878035540123e-10Layer conv1.lin.weight grad: 3.678878035540123e-10
Layer conv1.lin.weight grad: 3.678878035540123e-10

Layer conv2.att_src grad: 2.1578157555039723e-14
Layer conv2.att_src grad: 2.1578157555039723e-14
Layer conv2.att_src grad: 2.1578157555039723e-14Layer conv2.att_src grad: 2.1578157555039723e-14

Layer conv2.att_dst grad: 1.1034420176626175e-14
Layer conv2.att_dst grad: 1.1034420176626175e-14
Layer conv2.att_dst grad: 1.1034420176626175e-14Layer conv2.att_dst grad: 1.1034420176626175e-14

Layer conv2.bias grad: 5.029275662593591e-09
Layer conv2.bias grad: 5.029275662593591e-09
Layer conv2.bias grad: 5.029275662593591e-09Layer conv2.bias grad: 5.029275662593591e-09

Layer conv2.lin.weight grad: 8.676632329285283e-11
Layer conv2.lin.weight grad: 8.676632329285283e-11
Layer conv2.lin.weight grad: 8.676632329285283e-11Layer conv2.lin.weight grad: 8.676632329285283e-11

Layer conv3.att_src grad: 5.2952290108591e-15
Layer conv3.att_src grad: 5.2952290108591e-15
Layer conv3.att_src grad: 5.2952290108591e-15Layer conv3.att_dst grad: 1.8316363271204342e-15Layer conv3.att_src grad: 5.2952290108591e-15


Layer conv3.att_dst grad: 1.8316363271204342e-15
Layer conv3.att_dst grad: 1.8316363271204342e-15Layer conv3.bias grad: 4.676237352896351e-08Layer conv3.att_dst grad: 1.8316363271204342e-15


Layer conv3.bias grad: 4.676237352896351e-08
Layer conv3.bias grad: 4.676237352896351e-08Layer conv3.bias grad: 4.676237352896351e-08

Layer conv3.lin.weight grad: 8.407897988949031e-11
Layer conv3.lin.weight grad: 8.407897988949031e-11
Layer conv3.lin.weight grad: 8.407897988949031e-11Layer conv3.lin.weight grad: 8.407897988949031e-11Layer conv4.att_src grad: 1.1374608937034236e-14

Layer conv4.att_src grad: 1.1374608937034236e-14

Layer conv4.att_src grad: 1.1374608937034236e-14Layer conv4.att_src grad: 1.1374608937034236e-14Layer conv4.att_dst grad: 5.211781018961501e-15
Layer conv4.att_dst grad: 5.211781018961501e-15


Layer conv4.att_dst grad: 5.211781018961501e-15
Layer conv4.att_dst grad: 5.211781018961501e-15Layer conv4.bias grad: 2.6542494424575125e-07
Layer conv4.bias grad: 2.6542494424575125e-07

Layer conv4.bias grad: 2.6542494424575125e-07
Layer conv4.bias grad: 2.6542494424575125e-07
Layer conv4.lin.weight grad: 1.9279824958751135e-10Layer conv4.lin.weight grad: 1.9279824958751135e-10

Layer conv4.lin.weight grad: 1.9279824958751135e-10
Layer conv4.lin.weight grad: 1.9279824958751135e-10
Layer fc.weight grad: 4.814916465534225e-09Layer fc.weight grad: 4.814916465534225e-09

Layer fc.weight grad: 4.814916465534225e-09
Layer fc.weight grad: 4.814916465534225e-09
Layer fc.bias grad: 3.7940742458886234e-06Layer fc.bias grad: 3.7940742458886234e-06

Layer fc.bias grad: 3.7940742458886234e-06
Layer fc.bias grad: 3.7940742458886234e-06
Softmax output at epoch 3: tensor([[0.0526, 0.0520, 0.0524, 0.0528, 0.0531, 0.0523, 0.0525, 0.0521, 0.0526,
         0.0527, 0.0536, 0.0529, 0.0523, 0.0525, 0.0528, 0.0531, 0.0526, 0.0520,
         0.0530]], device='cuda:3', grad_fn=<SliceBackward0>)
Softmax output at epoch 3: tensor([[0.0526, 0.0520, 0.0524, 0.0528, 0.0531, 0.0523, 0.0525, 0.0521, 0.0526,
         0.0527, 0.0536, 0.0529, 0.0523, 0.0525, 0.0528, 0.0531, 0.0526, 0.0520,
         0.0530]], device='cuda:0', grad_fn=<SliceBackward0>)
Softmax output at epoch 3: tensor([[0.0526, 0.0520, 0.0524, 0.0528, 0.0531, 0.0523, 0.0525, 0.0521, 0.0526,
         0.0527, 0.0536, 0.0529, 0.0523, 0.0525, 0.0528, 0.0531, 0.0526, 0.0520,
         0.0530]], device='cuda:1', grad_fn=<SliceBackward0>)
pt values at epoch 3: tensor([0.0526], device='cuda:3', grad_fn=<SliceBackward0>)
pt values at epoch 3: tensor([0.0526], device='cuda:0', grad_fn=<SliceBackward0>)
Softmax output at epoch 3: tensor([[0.0526, 0.0520, 0.0524, 0.0528, 0.0531, 0.0523, 0.0525, 0.0521, 0.0526,
         0.0527, 0.0536, 0.0529, 0.0523, 0.0525, 0.0528, 0.0531, 0.0526, 0.0520,
         0.0530]], device='cuda:2', grad_fn=<SliceBackward0>)
pt values at epoch 3: tensor([0.0526], device='cuda:1', grad_fn=<SliceBackward0>)
pt values at epoch 3: tensor([0.0526], device='cuda:2', grad_fn=<SliceBackward0>)
Layer conv1.att_src grad: 9.059889476007235e-14Layer conv1.att_src grad: 9.059889476007235e-14Layer conv1.att_src grad: 9.059889476007235e-14Layer conv1.att_src grad: 9.059889476007235e-14



Layer conv1.att_dst grad: 3.2289258479435354e-14Layer conv1.att_dst grad: 3.2289258479435354e-14Layer conv1.att_dst grad: 3.2289258479435354e-14
Layer conv1.att_dst grad: 3.2289258479435354e-14


Layer conv1.bias grad: 6.428199639252341e-10
Layer conv1.bias grad: 6.428199639252341e-10Layer conv1.bias grad: 6.428199639252341e-10
Layer conv1.bias grad: 6.428199639252341e-10

Layer conv1.lin.weight grad: 3.852289043315693e-10
Layer conv1.lin.weight grad: 3.852289043315693e-10
Layer conv1.lin.weight grad: 3.852289043315693e-10Layer conv1.lin.weight grad: 3.852289043315693e-10

Layer conv2.att_src grad: 1.6071264328024193e-14
Layer conv2.att_src grad: 1.6071264328024193e-14
Layer conv2.att_src grad: 1.6071264328024193e-14Layer conv2.att_src grad: 1.6071264328024193e-14

Layer conv2.att_dst grad: 6.963886458048914e-15
Layer conv2.att_dst grad: 6.963886458048914e-15
Layer conv2.att_dst grad: 6.963886458048914e-15Layer conv2.att_dst grad: 6.963886458048914e-15

Layer conv2.bias grad: 5.181341578008869e-09Layer conv2.bias grad: 5.181341578008869e-09

Layer conv2.bias grad: 5.181341578008869e-09Layer conv2.bias grad: 5.181341578008869e-09

Layer conv2.lin.weight grad: 8.518396404921802e-11Layer conv2.lin.weight grad: 8.518396404921802e-11

Layer conv2.lin.weight grad: 8.518396404921802e-11Layer conv2.lin.weight grad: 8.518396404921802e-11

Layer conv3.att_src grad: 3.81195870021952e-15Layer conv3.att_src grad: 3.81195870021952e-15

Layer conv3.att_src grad: 3.81195870021952e-15Layer conv3.att_src grad: 3.81195870021952e-15

Layer conv3.att_dst grad: 8.042102966333527e-16Layer conv3.att_dst grad: 8.042102966333527e-16

Layer conv3.att_dst grad: 8.042102966333527e-16Layer conv3.att_dst grad: 8.042102966333527e-16

Layer conv3.bias grad: 4.965562894199138e-08Layer conv3.bias grad: 4.965562894199138e-08

Layer conv3.bias grad: 4.965562894199138e-08Layer conv3.bias grad: 4.965562894199138e-08

Layer conv3.lin.weight grad: 8.243298404986277e-11Layer conv3.lin.weight grad: 8.243298404986277e-11

Layer conv3.lin.weight grad: 8.243298404986277e-11Layer conv3.lin.weight grad: 8.243298404986277e-11

Layer conv4.att_src grad: 5.803397957234845e-15Layer conv4.att_src grad: 5.803397957234845e-15

Layer conv4.att_src grad: 5.803397957234845e-15Layer conv4.att_src grad: 5.803397957234845e-15

Layer conv4.att_dst grad: 1.743811927742609e-15Layer conv4.att_dst grad: 1.743811927742609e-15

Layer conv4.att_dst grad: 1.743811927742609e-15Layer conv4.att_dst grad: 1.743811927742609e-15

Layer conv4.bias grad: 3.119130553841387e-07Layer conv4.bias grad: 3.119130553841387e-07

Layer conv4.bias grad: 3.119130553841387e-07Layer conv4.bias grad: 3.119130553841387e-07

Layer conv4.lin.weight grad: 2.089292905349538e-10Layer conv4.lin.weight grad: 2.089292905349538e-10

Layer conv4.lin.weight grad: 2.089292905349538e-10Layer conv4.lin.weight grad: 2.089292905349538e-10

Layer fc.weight grad: 6.125246976296239e-09Layer fc.weight grad: 6.125246976296239e-09

Layer fc.weight grad: 6.125246976296239e-09Layer fc.weight grad: 6.125246976296239e-09

Layer fc.bias grad: 5.181691449251957e-06Layer fc.bias grad: 5.181691449251957e-06

Layer fc.bias grad: 5.181691449251957e-06Layer fc.bias grad: 5.181691449251957e-06

Softmax output at epoch 3: tensor([[0.0526, 0.0521, 0.0524, 0.0528, 0.0532, 0.0523, 0.0524, 0.0521, 0.0526,
         0.0527, 0.0535, 0.0529, 0.0523, 0.0524, 0.0528, 0.0532, 0.0526, 0.0521,
         0.0530]], device='cuda:3', grad_fn=<SliceBackward0>)Softmax output at epoch 3: tensor([[0.0526, 0.0521, 0.0524, 0.0528, 0.0532, 0.0523, 0.0524, 0.0521, 0.0526,
         0.0527, 0.0535, 0.0529, 0.0523, 0.0524, 0.0528, 0.0532, 0.0526, 0.0521,
         0.0530]], device='cuda:2', grad_fn=<SliceBackward0>)Softmax output at epoch 3: tensor([[0.0526, 0.0521, 0.0524, 0.0528, 0.0532, 0.0523, 0.0524, 0.0521, 0.0526,
         0.0527, 0.0535, 0.0529, 0.0523, 0.0524, 0.0528, 0.0532, 0.0526, 0.0521,
         0.0530]], device='cuda:1', grad_fn=<SliceBackward0>)

Softmax output at epoch 3: tensor([[0.0526, 0.0521, 0.0524, 0.0528, 0.0532, 0.0523, 0.0524, 0.0521, 0.0526,
         0.0527, 0.0535, 0.0529, 0.0523, 0.0524, 0.0528, 0.0532, 0.0526, 0.0521,
         0.0530]], device='cuda:0', grad_fn=<SliceBackward0>)

pt values at epoch 3: tensor([0.0526], device='cuda:3', grad_fn=<SliceBackward0>)
pt values at epoch 3: tensor([0.0526], device='cuda:1', grad_fn=<SliceBackward0>)pt values at epoch 3: tensor([0.0526], device='cuda:0', grad_fn=<SliceBackward0>)

pt values at epoch 3: tensor([0.0526], device='cuda:2', grad_fn=<SliceBackward0>)
Layer conv1.att_src grad: 7.773988429989748e-14Layer conv1.att_src grad: 7.773988429989748e-14

Layer conv1.att_dst grad: 4.245709957651639e-14
Layer conv1.att_dst grad: 4.245709957651639e-14
Layer conv1.bias grad: 1.7192505197272112e-09
Layer conv1.bias grad: 1.7192505197272112e-09
Layer conv1.lin.weight grad: 9.195113559457013e-10
Layer conv1.att_src grad: 7.773988429989748e-14
Layer conv2.att_src grad: 3.3946431006893346e-14
Layer conv1.att_dst grad: 4.245709957651639e-14
Layer conv1.lin.weight grad: 9.195113559457013e-10
Layer conv1.bias grad: 1.7192505197272112e-09
Layer conv2.att_dst grad: 1.8315251116944598e-14
Layer conv1.att_src grad: 7.773988429989748e-14
Layer conv1.lin.weight grad: 9.195113559457013e-10
Layer conv2.bias grad: 1.4733173792080834e-08Layer conv1.att_dst grad: 4.245709957651639e-14Layer conv2.att_src grad: 3.3946431006893346e-14

Layer conv2.att_src grad: 3.3946431006893346e-14

Layer conv1.bias grad: 1.7192505197272112e-09
Layer conv2.att_dst grad: 1.8315251116944598e-14
Layer conv2.lin.weight grad: 2.093178824713604e-10Layer conv2.bias grad: 1.4733173792080834e-08Layer conv1.lin.weight grad: 9.195113559457013e-10


Layer conv2.att_dst grad: 1.8315251116944598e-14
Layer conv2.att_src grad: 3.3946431006893346e-14
Layer conv2.lin.weight grad: 2.093178824713604e-10
Layer conv3.att_src grad: 8.362192164298836e-15
Layer conv2.att_dst grad: 1.8315251116944598e-14
Layer conv3.att_src grad: 8.362192164298836e-15
Layer conv2.bias grad: 1.4733173792080834e-08
Layer conv3.att_dst grad: 1.5414397688966771e-15
Layer conv3.att_dst grad: 1.5414397688966771e-15Layer conv2.bias grad: 1.4733173792080834e-08

Layer conv3.bias grad: 1.4774170153941668e-07
Layer conv3.bias grad: 1.4774170153941668e-07Layer conv2.lin.weight grad: 2.093178824713604e-10

Layer conv3.lin.weight grad: 2.1682894368879602e-10Layer conv2.lin.weight grad: 2.093178824713604e-10

Layer conv4.att_src grad: 1.5794247284822358e-14Layer conv3.att_src grad: 8.362192164298836e-15

Layer conv3.lin.weight grad: 2.1682894368879602e-10
Layer conv4.att_dst grad: 6.553744634658909e-15
Layer conv3.att_dst grad: 1.5414397688966771e-15Layer conv3.att_src grad: 8.362192164298836e-15

Layer conv4.bias grad: 1.1067386367358267e-06
Layer conv4.att_src grad: 1.5794247284822358e-14
Layer conv3.bias grad: 1.4774170153941668e-07
Layer conv4.lin.weight grad: 6.893230430904396e-10
Layer conv3.att_dst grad: 1.5414397688966771e-15
Layer conv4.att_dst grad: 6.553744634658909e-15Layer fc.weight grad: 1.857222109435952e-08

Layer conv3.lin.weight grad: 2.1682894368879602e-10
Layer fc.bias grad: 1.838631033024285e-05
Layer conv4.att_src grad: 1.5794247284822358e-14
Layer conv4.bias grad: 1.1067386367358267e-06
Layer conv3.bias grad: 1.4774170153941668e-07
Layer conv4.att_dst grad: 6.553744634658909e-15
Layer conv4.lin.weight grad: 6.893230430904396e-10
Layer conv4.bias grad: 1.1067386367358267e-06
Layer conv3.lin.weight grad: 2.1682894368879602e-10
Layer fc.weight grad: 1.857222109435952e-08Layer conv4.lin.weight grad: 6.893230430904396e-10

Layer fc.weight grad: 1.857222109435952e-08
Layer fc.bias grad: 1.838631033024285e-05
Layer conv4.att_src grad: 1.5794247284822358e-14
Layer fc.bias grad: 1.838631033024285e-05
Layer conv4.att_dst grad: 6.553744634658909e-15
Layer conv4.bias grad: 1.1067386367358267e-06
Layer conv4.lin.weight grad: 6.893230430904396e-10
Layer fc.weight grad: 1.857222109435952e-08
Layer fc.bias grad: 1.838631033024285e-05
Precision: 0.0000, Recall: 0.0004, F1-Score: 0.0000
Fold 1, Epoch 3, Train Loss: 0.0011, Val Loss: 0.0011, Val Acc: 0.0005
Completed Fold 1
Starting Fold 2
Class weights: [2.12166641e-05 5.70205001e-02 5.46771919e-02 5.54365974e-02
 4.92769754e-02 5.46771919e-02 5.54365974e-02 5.70205001e-02
 5.25188817e-02 5.70205001e-02 5.25188817e-02 5.54365974e-02
 5.39383109e-02 5.70205001e-02 6.04762880e-02 5.86975737e-02
 5.39383109e-02 5.78468842e-02 5.70205001e-02]
Class weights: [2.12166641e-05 5.70205001e-02 5.46771919e-02 5.54365974e-02
 4.92769754e-02 5.46771919e-02 5.54365974e-02 5.70205001e-02
 5.25188817e-02 5.70205001e-02 5.25188817e-02 5.54365974e-02
 5.39383109e-02 5.70205001e-02 6.04762880e-02 5.86975737e-02
 5.39383109e-02 5.78468842e-02 5.70205001e-02]
Class weights: [2.12166641e-05 5.70205001e-02 5.46771919e-02 5.54365974e-02
 4.92769754e-02 5.46771919e-02 5.54365974e-02 5.70205001e-02
 5.25188817e-02 5.70205001e-02 5.25188817e-02 5.54365974e-02
 5.39383109e-02 5.70205001e-02 6.04762880e-02 5.86975737e-02
 5.39383109e-02 5.78468842e-02 5.70205001e-02]
Class weights: [2.12166641e-05 5.70205001e-02 5.46771919e-02 5.54365974e-02
 4.92769754e-02 5.46771919e-02 5.54365974e-02 5.70205001e-02
 5.25188817e-02 5.70205001e-02 5.25188817e-02 5.54365974e-02
 5.39383109e-02 5.70205001e-02 6.04762880e-02 5.86975737e-02
 5.39383109e-02 5.78468842e-02 5.70205001e-02]
Class weights: [2.02875088e-05 4.77079434e-02 5.61269922e-02 5.30088260e-02
 1.06017652e-01 5.61269922e-02 5.30088260e-02 4.77079434e-02
 6.81542048e-02 4.77079434e-02 6.81542048e-02 5.30088260e-02
 5.96349292e-02 4.77079434e-02 3.97566195e-02 4.33708576e-02
 5.96349292e-02 4.54361365e-02 4.77079434e-02]
Class weights: [2.02875088e-05 4.77079434e-02 5.61269922e-02 5.30088260e-02
 1.06017652e-01 5.61269922e-02 5.30088260e-02 4.77079434e-02
 6.81542048e-02 4.77079434e-02 6.81542048e-02 5.30088260e-02
 5.96349292e-02 4.77079434e-02 3.97566195e-02 4.33708576e-02
 5.96349292e-02 4.54361365e-02 4.77079434e-02]
Softmax output at epoch 1: tensor([[0.0527, 0.0522, 0.0524, 0.0529, 0.0532, 0.0523, 0.0526, 0.0522, 0.0525,
         0.0527, 0.0535, 0.0528, 0.0522, 0.0522, 0.0528, 0.0533, 0.0525, 0.0521,
         0.0530]], device='cuda:1', grad_fn=<SliceBackward0>)
Softmax output at epoch 1: tensor([[0.0527, 0.0522, 0.0524, 0.0529, 0.0532, 0.0523, 0.0526, 0.0522, 0.0525,
         0.0527, 0.0535, 0.0528, 0.0522, 0.0522, 0.0528, 0.0533, 0.0525, 0.0521,
         0.0530]], device='cuda:2', grad_fn=<SliceBackward0>)
pt values at epoch 1: tensor([0.0527], device='cuda:1', grad_fn=<SliceBackward0>)
pt values at epoch 1: tensor([0.0527], device='cuda:2', grad_fn=<SliceBackward0>)
Class weights: [2.02875088e-05 4.77079434e-02 5.61269922e-02 5.30088260e-02
 1.06017652e-01 5.61269922e-02 5.30088260e-02 4.77079434e-02
 6.81542048e-02 4.77079434e-02 6.81542048e-02 5.30088260e-02
 5.96349292e-02 4.77079434e-02 3.97566195e-02 4.33708576e-02
 5.96349292e-02 4.54361365e-02 4.77079434e-02]
Softmax output at epoch 1: tensor([[0.0527, 0.0522, 0.0524, 0.0529, 0.0532, 0.0523, 0.0526, 0.0522, 0.0525,
         0.0527, 0.0535, 0.0528, 0.0522, 0.0522, 0.0528, 0.0533, 0.0525, 0.0521,
         0.0530]], device='cuda:3', grad_fn=<SliceBackward0>)
pt values at epoch 1: tensor([0.0527], device='cuda:3', grad_fn=<SliceBackward0>)
Class weights: [2.02875088e-05 4.77079434e-02 5.61269922e-02 5.30088260e-02
 1.06017652e-01 5.61269922e-02 5.30088260e-02 4.77079434e-02
 6.81542048e-02 4.77079434e-02 6.81542048e-02 5.30088260e-02
 5.96349292e-02 4.77079434e-02 3.97566195e-02 4.33708576e-02
 5.96349292e-02 4.54361365e-02 4.77079434e-02]
Softmax output at epoch 1: tensor([[0.0527, 0.0522, 0.0524, 0.0529, 0.0532, 0.0523, 0.0526, 0.0522, 0.0525,
         0.0527, 0.0535, 0.0528, 0.0522, 0.0522, 0.0528, 0.0533, 0.0525, 0.0521,
         0.0530]], device='cuda:0', grad_fn=<SliceBackward0>)
pt values at epoch 1: tensor([0.0527], device='cuda:0', grad_fn=<SliceBackward0>)
Layer conv1.att_src grad: 8.681866803163935e-14Layer conv1.att_src grad: 8.681866803163935e-14Layer conv1.att_src grad: 8.681866803163935e-14Layer conv1.att_src grad: 8.681866803163935e-14



Layer conv1.att_dst grad: 1.9660046363784676e-14
Layer conv1.att_dst grad: 1.9660046363784676e-14Layer conv1.att_dst grad: 1.9660046363784676e-14Layer conv1.att_dst grad: 1.9660046363784676e-14


Layer conv1.bias grad: 3.608441601077317e-10
Layer conv1.bias grad: 3.608441601077317e-10Layer conv1.bias grad: 3.608441601077317e-10Layer conv1.bias grad: 3.608441601077317e-10


Layer conv1.lin.weight grad: 2.0846185888601099e-10
Layer conv1.lin.weight grad: 2.0846185888601099e-10Layer conv1.lin.weight grad: 2.0846185888601099e-10
Layer conv1.lin.weight grad: 2.0846185888601099e-10

Layer conv2.att_src grad: 8.40438965166515e-15
Layer conv2.att_src grad: 8.40438965166515e-15
Layer conv2.att_src grad: 8.40438965166515e-15Layer conv2.att_src grad: 8.40438965166515e-15

Layer conv2.att_dst grad: 4.550449880997339e-15
Layer conv2.att_dst grad: 4.550449880997339e-15
Layer conv2.att_dst grad: 4.550449880997339e-15Layer conv2.att_dst grad: 4.550449880997339e-15

Layer conv2.bias grad: 2.546140631665139e-09Layer conv2.bias grad: 2.546140631665139e-09

Layer conv2.bias grad: 2.546140631665139e-09Layer conv2.bias grad: 2.546140631665139e-09

Layer conv2.lin.weight grad: 3.6617521514958895e-11
Layer conv2.lin.weight grad: 3.6617521514958895e-11
Layer conv2.lin.weight grad: 3.6617521514958895e-11
Layer conv2.lin.weight grad: 3.6617521514958895e-11
Layer conv3.att_src grad: 1.3508966369173885e-15
Layer conv3.att_src grad: 1.3508966369173885e-15Layer conv3.att_src grad: 1.3508966369173885e-15
Layer conv3.att_src grad: 1.3508966369173885e-15

Layer conv3.att_dst grad: 2.755379648572518e-16
Layer conv3.att_dst grad: 2.755379648572518e-16Layer conv3.att_dst grad: 2.755379648572518e-16Layer conv3.att_dst grad: 2.755379648572518e-16


Layer conv3.bias grad: 2.155327294417475e-08
Layer conv3.bias grad: 2.155327294417475e-08Layer conv3.bias grad: 2.155327294417475e-08

Layer conv3.bias grad: 2.155327294417475e-08
Layer conv3.lin.weight grad: 3.4391128833632933e-11
Layer conv3.lin.weight grad: 3.4391128833632933e-11Layer conv3.lin.weight grad: 3.4391128833632933e-11

Layer conv4.att_src grad: 2.3860880007671014e-15Layer conv3.lin.weight grad: 3.4391128833632933e-11

Layer conv4.att_src grad: 2.3860880007671014e-15Layer conv4.att_src grad: 2.3860880007671014e-15

Layer conv4.att_dst grad: 1.1018156932280656e-15
Layer conv4.att_src grad: 2.3860880007671014e-15
Layer conv4.att_dst grad: 1.1018156932280656e-15Layer conv4.att_dst grad: 1.1018156932280656e-15

Layer conv4.bias grad: 1.898858386084612e-07
Layer conv4.att_dst grad: 1.1018156932280656e-15
Layer conv4.bias grad: 1.898858386084612e-07Layer conv4.bias grad: 1.898858386084612e-07

Layer conv4.lin.weight grad: 1.1124522830696648e-10
Layer conv4.bias grad: 1.898858386084612e-07
Layer conv4.lin.weight grad: 1.1124522830696648e-10Layer conv4.lin.weight grad: 1.1124522830696648e-10

Layer fc.weight grad: 3.400149051202561e-09
Layer conv4.lin.weight grad: 1.1124522830696648e-10
Layer fc.weight grad: 3.400149051202561e-09Layer fc.weight grad: 3.400149051202561e-09Layer fc.bias grad: 3.969648332713405e-06


Layer fc.weight grad: 3.400149051202561e-09Layer fc.bias grad: 3.969648332713405e-06
Layer fc.bias grad: 3.969648332713405e-06

Layer fc.bias grad: 3.969648332713405e-06
Softmax output at epoch 1: tensor([[0.0528, 0.0518, 0.0526, 0.0532, 0.0534, 0.0524, 0.0523, 0.0524, 0.0522,
         0.0530, 0.0531, 0.0529, 0.0520, 0.0528, 0.0524, 0.0529, 0.0528, 0.0518,
         0.0533]], device='cuda:1', grad_fn=<SliceBackward0>)
pt values at epoch 1: tensor([0.0528], device='cuda:1', grad_fn=<SliceBackward0>)
Softmax output at epoch 1: tensor([[0.0528, 0.0518, 0.0526, 0.0532, 0.0534, 0.0524, 0.0523, 0.0524, 0.0522,
         0.0530, 0.0531, 0.0529, 0.0520, 0.0528, 0.0524, 0.0529, 0.0528, 0.0518,
         0.0533]], device='cuda:3', grad_fn=<SliceBackward0>)
Softmax output at epoch 1: tensor([[0.0528, 0.0518, 0.0526, 0.0532, 0.0534, 0.0524, 0.0523, 0.0524, 0.0522,
         0.0530, 0.0531, 0.0529, 0.0520, 0.0528, 0.0524, 0.0529, 0.0528, 0.0518,
         0.0533]], device='cuda:2', grad_fn=<SliceBackward0>)
pt values at epoch 1: tensor([0.0528], device='cuda:3', grad_fn=<SliceBackward0>)
pt values at epoch 1: tensor([0.0528], device='cuda:2', grad_fn=<SliceBackward0>)
Softmax output at epoch 1: tensor([[0.0528, 0.0518, 0.0526, 0.0532, 0.0534, 0.0524, 0.0523, 0.0524, 0.0522,
         0.0530, 0.0531, 0.0529, 0.0520, 0.0528, 0.0524, 0.0529, 0.0528, 0.0518,
         0.0533]], device='cuda:0', grad_fn=<SliceBackward0>)
pt values at epoch 1: tensor([0.0528], device='cuda:0', grad_fn=<SliceBackward0>)
Layer conv1.att_src grad: 1.5804928370287234e-14Layer conv1.att_src grad: 1.5804928370287234e-14Layer conv1.att_src grad: 1.5804928370287234e-14

Layer conv1.att_src grad: 1.5804928370287234e-14

Layer conv1.att_dst grad: 3.389799596890345e-15Layer conv1.att_dst grad: 3.389799596890345e-15Layer conv1.att_dst grad: 3.389799596890345e-15

Layer conv1.att_dst grad: 3.389799596890345e-15

Layer conv1.bias grad: 8.007063068138365e-11
Layer conv1.bias grad: 8.007063068138365e-11Layer conv1.bias grad: 8.007063068138365e-11

Layer conv1.bias grad: 8.007063068138365e-11
Layer conv1.lin.weight grad: 4.574840159476956e-11
Layer conv1.lin.weight grad: 4.574840159476956e-11Layer conv1.lin.weight grad: 4.574840159476956e-11

Layer conv1.lin.weight grad: 4.574840159476956e-11
Layer conv2.att_src grad: 1.3026487932088363e-15
Layer conv2.att_src grad: 1.3026487932088363e-15
Layer conv2.att_src grad: 1.3026487932088363e-15
Layer conv2.att_src grad: 1.3026487932088363e-15
Layer conv2.att_dst grad: 4.607816881416031e-16
Layer conv2.att_dst grad: 4.607816881416031e-16
Layer conv2.att_dst grad: 4.607816881416031e-16Layer conv2.bias grad: 8.194775968917156e-10
Layer conv2.att_dst grad: 4.607816881416031e-16

Layer conv2.bias grad: 8.194775968917156e-10
Layer conv2.bias grad: 8.194775968917156e-10
Layer conv2.bias grad: 8.194775968917156e-10
Layer conv2.lin.weight grad: 1.0149239088041995e-11
Layer conv2.lin.weight grad: 1.0149239088041995e-11
Layer conv3.att_src grad: 4.664640086682586e-16
Layer conv2.lin.weight grad: 1.0149239088041995e-11
Layer conv2.lin.weight grad: 1.0149239088041995e-11
Layer conv3.att_src grad: 4.664640086682586e-16
Layer conv3.att_dst grad: 2.525028244473323e-16
Layer conv3.att_src grad: 4.664640086682586e-16Layer conv3.att_dst grad: 2.525028244473323e-16

Layer conv3.att_src grad: 4.664640086682586e-16
Layer conv3.bias grad: 1.6398571389686367e-08
Layer conv3.bias grad: 1.6398571389686367e-08
Layer conv3.att_dst grad: 2.525028244473323e-16
Layer conv3.att_dst grad: 2.525028244473323e-16
Layer conv3.lin.weight grad: 3.188948063947983e-11
Layer conv3.lin.weight grad: 3.188948063947983e-11
Layer conv3.bias grad: 1.6398571389686367e-08
Layer conv3.bias grad: 1.6398571389686367e-08
Layer conv4.att_src grad: 7.91408124201521e-15
Layer conv4.att_src grad: 7.91408124201521e-15
Layer conv4.att_dst grad: 2.826384408837596e-15
Layer conv3.lin.weight grad: 3.188948063947983e-11
Layer conv3.lin.weight grad: 3.188948063947983e-11
Layer conv4.att_dst grad: 2.826384408837596e-15
Layer conv4.bias grad: 2.01377162056815e-07
Layer conv4.att_src grad: 7.91408124201521e-15
Layer conv4.att_src grad: 7.91408124201521e-15
Layer conv4.bias grad: 2.01377162056815e-07
Layer conv4.lin.weight grad: 3.9581976585267853e-10
Layer conv4.att_dst grad: 2.826384408837596e-15
Layer conv4.att_dst grad: 2.826384408837596e-15
Layer conv4.lin.weight grad: 3.9581976585267853e-10
Layer fc.weight grad: 7.60571694513601e-09
Layer conv4.bias grad: 2.01377162056815e-07
Layer conv4.bias grad: 2.01377162056815e-07Layer fc.weight grad: 7.60571694513601e-09

Layer fc.bias grad: 4.015178092231508e-06
Layer fc.bias grad: 4.015178092231508e-06
Layer conv4.lin.weight grad: 3.9581976585267853e-10
Layer conv4.lin.weight grad: 3.9581976585267853e-10
Layer fc.weight grad: 7.60571694513601e-09
Layer fc.weight grad: 7.60571694513601e-09
Layer fc.bias grad: 4.015178092231508e-06
Layer fc.bias grad: 4.015178092231508e-06
Softmax output at epoch 1: tensor([[0.0527, 0.0520, 0.0528, 0.0533, 0.0532, 0.0526, 0.0524, 0.0527, 0.0519,
         0.0528, 0.0529, 0.0528, 0.0521, 0.0529, 0.0525, 0.0526, 0.0527, 0.0519,
         0.0531]], device='cuda:3', grad_fn=<SliceBackward0>)
Softmax output at epoch 1: tensor([[0.0527, 0.0520, 0.0528, 0.0533, 0.0532, 0.0526, 0.0524, 0.0527, 0.0519,
         0.0528, 0.0529, 0.0528, 0.0521, 0.0529, 0.0525, 0.0526, 0.0527, 0.0519,
         0.0531]], device='cuda:2', grad_fn=<SliceBackward0>)
pt values at epoch 1: tensor([0.0527], device='cuda:3', grad_fn=<SliceBackward0>)
pt values at epoch 1: tensor([0.0527], device='cuda:2', grad_fn=<SliceBackward0>)
Softmax output at epoch 1: tensor([[0.0527, 0.0520, 0.0528, 0.0533, 0.0532, 0.0526, 0.0524, 0.0527, 0.0519,
         0.0528, 0.0529, 0.0528, 0.0521, 0.0529, 0.0525, 0.0526, 0.0527, 0.0519,
         0.0531]], device='cuda:0', grad_fn=<SliceBackward0>)
Softmax output at epoch 1: tensor([[0.0527, 0.0520, 0.0528, 0.0533, 0.0532, 0.0526, 0.0524, 0.0527, 0.0519,
         0.0528, 0.0529, 0.0528, 0.0521, 0.0529, 0.0525, 0.0526, 0.0527, 0.0519,
         0.0531]], device='cuda:1', grad_fn=<SliceBackward0>)
pt values at epoch 1: tensor([0.0527], device='cuda:0', grad_fn=<SliceBackward0>)
pt values at epoch 1: tensor([0.0527], device='cuda:1', grad_fn=<SliceBackward0>)
Layer conv1.att_src grad: 5.970207967185897e-16Layer conv1.att_src grad: 5.970207967185897e-16Layer conv1.att_src grad: 5.970207967185897e-16
Layer conv1.att_src grad: 5.970207967185897e-16


Layer conv1.att_dst grad: 8.200906820867132e-17
Layer conv1.att_dst grad: 8.200906820867132e-17Layer conv1.att_dst grad: 8.200906820867132e-17Layer conv1.att_dst grad: 8.200906820867132e-17


Layer conv1.bias grad: 1.2926940767821193e-11
Layer conv1.bias grad: 1.2926940767821193e-11Layer conv1.bias grad: 1.2926940767821193e-11

Layer conv1.bias grad: 1.2926940767821193e-11
Layer conv1.lin.weight grad: 7.640797716756964e-12Layer conv1.lin.weight grad: 7.640797716756964e-12Layer conv1.lin.weight grad: 7.640797716756964e-12


Layer conv1.lin.weight grad: 7.640797716756964e-12
Layer conv2.att_src grad: 9.844905127259123e-17Layer conv2.att_src grad: 9.844905127259123e-17
Layer conv2.att_src grad: 9.844905127259123e-17

Layer conv2.att_src grad: 9.844905127259123e-17
Layer conv2.att_dst grad: 2.210945582130121e-17
Layer conv2.att_dst grad: 2.210945582130121e-17
Layer conv2.att_dst grad: 2.210945582130121e-17
Layer conv2.att_dst grad: 2.210945582130121e-17
Layer conv2.bias grad: 2.629644280105481e-10
Layer conv2.bias grad: 2.629644280105481e-10
Layer conv2.bias grad: 2.629644280105481e-10
Layer conv2.bias grad: 2.629644280105481e-10
Layer conv2.lin.weight grad: 2.9450127232710788e-12
Layer conv2.lin.weight grad: 2.9450127232710788e-12
Layer conv2.lin.weight grad: 2.9450127232710788e-12
Layer conv2.lin.weight grad: 2.9450127232710788e-12
Layer conv3.att_src grad: 8.531968490248617e-18
Layer conv3.att_src grad: 8.531968490248617e-18
Layer conv3.att_src grad: 8.531968490248617e-18
Layer conv3.att_dst grad: 3.905307028271587e-18Layer conv3.att_src grad: 8.531968490248617e-18
Layer conv3.att_dst grad: 3.905307028271587e-18

Layer conv3.att_dst grad: 3.905307028271587e-18Layer conv3.bias grad: 9.799608235994128e-09

Layer conv3.bias grad: 9.799608235994128e-09
Layer conv3.att_dst grad: 3.905307028271587e-18
Layer conv3.bias grad: 9.799608235994128e-09
Layer conv3.lin.weight grad: 6.323510291783574e-12
Layer conv3.lin.weight grad: 6.323510291783574e-12Layer conv3.bias grad: 9.799608235994128e-09

Layer conv4.att_src grad: 4.4132579132942506e-16
Layer conv4.att_src grad: 4.4132579132942506e-16Layer conv3.lin.weight grad: 6.323510291783574e-12

Layer conv3.lin.weight grad: 6.323510291783574e-12
Layer conv4.att_dst grad: 1.3252697345075484e-16
Layer conv4.att_dst grad: 1.3252697345075484e-16
Layer conv4.att_src grad: 4.4132579132942506e-16
Layer conv4.att_src grad: 4.4132579132942506e-16Layer conv4.bias grad: 2.006650277053268e-07

Layer conv4.bias grad: 2.006650277053268e-07
Layer conv4.att_dst grad: 1.3252697345075484e-16
Layer conv4.att_dst grad: 1.3252697345075484e-16Layer conv4.lin.weight grad: 1.540047811499079e-10

Layer conv4.lin.weight grad: 1.540047811499079e-10
Layer conv4.bias grad: 2.006650277053268e-07
Layer fc.weight grad: 4.859307178861627e-09Layer conv4.bias grad: 2.006650277053268e-07
Layer fc.weight grad: 4.859307178861627e-09

Layer conv4.lin.weight grad: 1.540047811499079e-10
Layer fc.bias grad: 4.26479482484865e-06
Layer fc.bias grad: 4.26479482484865e-06
Layer conv4.lin.weight grad: 1.540047811499079e-10
Layer fc.weight grad: 4.859307178861627e-09
Layer fc.weight grad: 4.859307178861627e-09
Layer fc.bias grad: 4.26479482484865e-06
Layer fc.bias grad: 4.26479482484865e-06
Softmax output at epoch 1: tensor([[0.0525, 0.0521, 0.0528, 0.0532, 0.0530, 0.0527, 0.0525, 0.0529, 0.0520,
         0.0526, 0.0527, 0.0529, 0.0524, 0.0531, 0.0525, 0.0525, 0.0527, 0.0521,
         0.0529]], device='cuda:3', grad_fn=<SliceBackward0>)
Softmax output at epoch 1: tensor([[0.0525, 0.0521, 0.0528, 0.0532, 0.0530, 0.0527, 0.0525, 0.0529, 0.0520,
         0.0526, 0.0527, 0.0529, 0.0524, 0.0531, 0.0525, 0.0525, 0.0527, 0.0521,
         0.0529]], device='cuda:2', grad_fn=<SliceBackward0>)
pt values at epoch 1: tensor([0.0525], device='cuda:3', grad_fn=<SliceBackward0>)
pt values at epoch 1: tensor([0.0525], device='cuda:2', grad_fn=<SliceBackward0>)
Softmax output at epoch 1: tensor([[0.0525, 0.0521, 0.0528, 0.0532, 0.0530, 0.0527, 0.0525, 0.0529, 0.0520,
         0.0526, 0.0527, 0.0529, 0.0524, 0.0531, 0.0525, 0.0525, 0.0527, 0.0521,
         0.0529]], device='cuda:0', grad_fn=<SliceBackward0>)
Softmax output at epoch 1: tensor([[0.0525, 0.0521, 0.0528, 0.0532, 0.0530, 0.0527, 0.0525, 0.0529, 0.0520,
         0.0526, 0.0527, 0.0529, 0.0524, 0.0531, 0.0525, 0.0525, 0.0527, 0.0521,
         0.0529]], device='cuda:1', grad_fn=<SliceBackward0>)
pt values at epoch 1: tensor([0.0525], device='cuda:0', grad_fn=<SliceBackward0>)
pt values at epoch 1: tensor([0.0525], device='cuda:1', grad_fn=<SliceBackward0>)
Layer conv1.att_src grad: 6.359807653418209e-16Layer conv1.att_src grad: 6.359807653418209e-16Layer conv1.att_src grad: 6.359807653418209e-16

Layer conv1.att_src grad: 6.359807653418209e-16

Layer conv1.att_dst grad: 2.575326384370263e-16
Layer conv1.att_dst grad: 2.575326384370263e-16Layer conv1.att_dst grad: 2.575326384370263e-16

Layer conv1.att_dst grad: 2.575326384370263e-16
Layer conv1.bias grad: 7.224140556594261e-12
Layer conv1.bias grad: 7.224140556594261e-12Layer conv1.bias grad: 7.224140556594261e-12

Layer conv1.bias grad: 7.224140556594261e-12
Layer conv1.lin.weight grad: 4.7124483135152495e-12
Layer conv1.lin.weight grad: 4.7124483135152495e-12Layer conv1.lin.weight grad: 4.7124483135152495e-12

Layer conv1.lin.weight grad: 4.7124483135152495e-12
Layer conv2.att_src grad: 4.680661384007656e-17
Layer conv2.att_src grad: 4.680661384007656e-17Layer conv2.att_src grad: 4.680661384007656e-17

Layer conv2.att_src grad: 4.680661384007656e-17Layer conv2.att_dst grad: 1.539983983958143e-17

Layer conv2.att_dst grad: 1.539983983958143e-17Layer conv2.att_dst grad: 1.539983983958143e-17

Layer conv2.bias grad: 1.4966736183730234e-10
Layer conv2.att_dst grad: 1.539983983958143e-17
Layer conv2.bias grad: 1.4966736183730234e-10Layer conv2.bias grad: 1.4966736183730234e-10

Layer conv2.bias grad: 1.4966736183730234e-10Layer conv2.lin.weight grad: 1.4751613559155219e-12

Layer conv2.lin.weight grad: 1.4751613559155219e-12Layer conv2.lin.weight grad: 1.4751613559155219e-12

Layer conv3.att_src grad: 1.0849413410808818e-17
Layer conv2.lin.weight grad: 1.4751613559155219e-12
Layer conv3.att_src grad: 1.0849413410808818e-17Layer conv3.att_src grad: 1.0849413410808818e-17

Layer conv3.att_dst grad: 2.0587410820569444e-18
Layer conv3.att_dst grad: 2.0587410820569444e-18Layer conv3.att_dst grad: 2.0587410820569444e-18
Layer conv3.att_src grad: 1.0849413410808818e-17

Layer conv3.bias grad: 4.861514302234582e-09
Layer conv3.bias grad: 4.861514302234582e-09
Layer conv3.bias grad: 4.861514302234582e-09
Layer conv3.att_dst grad: 2.0587410820569444e-18
Layer conv3.lin.weight grad: 4.651323597115731e-12
Layer conv3.lin.weight grad: 4.651323597115731e-12
Layer conv3.lin.weight grad: 4.651323597115731e-12
Layer conv3.bias grad: 4.861514302234582e-09
Layer conv4.att_src grad: 2.248239847227687e-16
Layer conv4.att_src grad: 2.248239847227687e-16
Layer conv4.att_src grad: 2.248239847227687e-16
Layer conv4.att_dst grad: 6.901155277384599e-17
Layer conv3.lin.weight grad: 4.651323597115731e-12
Layer conv4.att_dst grad: 6.901155277384599e-17
Layer conv4.att_dst grad: 6.901155277384599e-17
Layer conv4.bias grad: 1.3102577156587358e-07
Layer conv4.att_src grad: 2.248239847227687e-16
Layer conv4.bias grad: 1.3102577156587358e-07
Layer conv4.bias grad: 1.3102577156587358e-07
Layer conv4.lin.weight grad: 9.486700314198515e-11
Layer conv4.att_dst grad: 6.901155277384599e-17
Layer conv4.lin.weight grad: 9.486700314198515e-11
Layer conv4.lin.weight grad: 9.486700314198515e-11
Layer fc.weight grad: 3.3337725913185068e-09
Layer conv4.bias grad: 1.3102577156587358e-07Layer fc.weight grad: 3.3337725913185068e-09

Layer fc.weight grad: 3.3337725913185068e-09Layer fc.bias grad: 4.132496542297304e-06

Layer fc.bias grad: 4.132496542297304e-06
Layer fc.bias grad: 4.132496542297304e-06
Layer conv4.lin.weight grad: 9.486700314198515e-11
Layer fc.weight grad: 3.3337725913185068e-09
Layer fc.bias grad: 4.132496542297304e-06
Softmax output at epoch 1: tensor([[0.0525, 0.0523, 0.0528, 0.0530, 0.0528, 0.0526, 0.0524, 0.0530, 0.0521,
         0.0525, 0.0526, 0.0529, 0.0526, 0.0531, 0.0525, 0.0524, 0.0527, 0.0523,
         0.0527]], device='cuda:0', grad_fn=<SliceBackward0>)
Softmax output at epoch 1: tensor([[0.0525, 0.0523, 0.0528, 0.0530, 0.0528, 0.0526, 0.0524, 0.0530, 0.0521,
         0.0525, 0.0526, 0.0529, 0.0526, 0.0531, 0.0525, 0.0524, 0.0527, 0.0523,
         0.0527]], device='cuda:2', grad_fn=<SliceBackward0>)
pt values at epoch 1: tensor([0.0525], device='cuda:0', grad_fn=<SliceBackward0>)
pt values at epoch 1: tensor([0.0525], device='cuda:2', grad_fn=<SliceBackward0>)
Softmax output at epoch 1: tensor([[0.0525, 0.0523, 0.0528, 0.0530, 0.0528, 0.0526, 0.0524, 0.0530, 0.0521,
         0.0525, 0.0526, 0.0529, 0.0526, 0.0531, 0.0525, 0.0524, 0.0527, 0.0523,
         0.0527]], device='cuda:1', grad_fn=<SliceBackward0>)
Softmax output at epoch 1: tensor([[0.0525, 0.0523, 0.0528, 0.0530, 0.0528, 0.0526, 0.0524, 0.0530, 0.0521,
         0.0525, 0.0526, 0.0529, 0.0526, 0.0531, 0.0525, 0.0524, 0.0527, 0.0523,
         0.0527]], device='cuda:3', grad_fn=<SliceBackward0>)
pt values at epoch 1: tensor([0.0525], device='cuda:1', grad_fn=<SliceBackward0>)
pt values at epoch 1: tensor([0.0525], device='cuda:3', grad_fn=<SliceBackward0>)
Layer conv1.att_src grad: 1.149710641834968e-15Layer conv1.att_src grad: 1.149710641834968e-15Layer conv1.att_src grad: 1.149710641834968e-15Layer conv1.att_src grad: 1.149710641834968e-15



Layer conv1.att_dst grad: 5.675597732032235e-16Layer conv1.att_dst grad: 5.675597732032235e-16Layer conv1.att_dst grad: 5.675597732032235e-16Layer conv1.att_dst grad: 5.675597732032235e-16



Layer conv1.bias grad: 1.4045276226781755e-11Layer conv1.bias grad: 1.4045276226781755e-11
Layer conv1.bias grad: 1.4045276226781755e-11Layer conv1.bias grad: 1.4045276226781755e-11


Layer conv1.lin.weight grad: 8.957437222512077e-12
Layer conv1.lin.weight grad: 8.957437222512077e-12Layer conv1.lin.weight grad: 8.957437222512077e-12
Layer conv1.lin.weight grad: 8.957437222512077e-12

Layer conv2.att_src grad: 5.731362410812518e-17
Layer conv2.att_src grad: 5.731362410812518e-17
Layer conv2.att_src grad: 5.731362410812518e-17Layer conv2.att_src grad: 5.731362410812518e-17

Layer conv2.att_dst grad: 2.92201551384357e-17
Layer conv2.att_dst grad: 2.92201551384357e-17
Layer conv2.att_dst grad: 2.92201551384357e-17Layer conv2.att_dst grad: 2.92201551384357e-17

Layer conv2.bias grad: 2.0148720192292302e-10
Layer conv2.bias grad: 2.0148720192292302e-10
Layer conv2.bias grad: 2.0148720192292302e-10Layer conv2.bias grad: 2.0148720192292302e-10

Layer conv2.lin.weight grad: 1.7681963749086038e-12
Layer conv2.lin.weight grad: 1.7681963749086038e-12
Layer conv2.lin.weight grad: 1.7681963749086038e-12Layer conv2.lin.weight grad: 1.7681963749086038e-12

Layer conv3.att_src grad: 5.675515146319878e-17
Layer conv3.att_src grad: 5.675515146319878e-17
Layer conv3.att_src grad: 5.675515146319878e-17Layer conv3.att_src grad: 5.675515146319878e-17

Layer conv3.att_dst grad: 1.6524638382169812e-17
Layer conv3.att_dst grad: 1.6524638382169812e-17
Layer conv3.att_dst grad: 1.6524638382169812e-17Layer conv3.att_dst grad: 1.6524638382169812e-17

Layer conv3.bias grad: 4.198657421738972e-09
Layer conv3.bias grad: 4.198657421738972e-09
Layer conv3.bias grad: 4.198657421738972e-09Layer conv3.bias grad: 4.198657421738972e-09

Layer conv3.lin.weight grad: 6.180710023645508e-12
Layer conv3.lin.weight grad: 6.180710023645508e-12
Layer conv3.lin.weight grad: 6.180710023645508e-12Layer conv3.lin.weight grad: 6.180710023645508e-12

Layer conv4.att_src grad: 4.3364439363791064e-16
Layer conv4.att_src grad: 4.3364439363791064e-16
Layer conv4.att_src grad: 4.3364439363791064e-16Layer conv4.att_src grad: 4.3364439363791064e-16
Layer conv4.att_dst grad: 6.397906533641218e-17

Layer conv4.att_dst grad: 6.397906533641218e-17
Layer conv4.att_dst grad: 6.397906533641218e-17
Layer conv4.bias grad: 1.1137640854030906e-07
Layer conv4.att_dst grad: 6.397906533641218e-17Layer conv4.bias grad: 1.1137640854030906e-07

Layer conv4.bias grad: 1.1137640854030906e-07
Layer conv4.lin.weight grad: 1.2873008214953074e-10
Layer conv4.bias grad: 1.1137640854030906e-07
Layer conv4.lin.weight grad: 1.2873008214953074e-10
Layer conv4.lin.weight grad: 1.2873008214953074e-10
Layer fc.weight grad: 3.9179766098129676e-09
Layer conv4.lin.weight grad: 1.2873008214953074e-10Layer fc.weight grad: 3.9179766098129676e-09

Layer fc.weight grad: 3.9179766098129676e-09
Layer fc.bias grad: 4.489107141125714e-06
Layer fc.bias grad: 4.489107141125714e-06
Layer fc.weight grad: 3.9179766098129676e-09
Layer fc.bias grad: 4.489107141125714e-06
Layer fc.bias grad: 4.489107141125714e-06
Softmax output at epoch 1: tensor([[0.0525, 0.0525, 0.0527, 0.0528, 0.0526, 0.0527, 0.0525, 0.0529, 0.0523,
         0.0525, 0.0526, 0.0528, 0.0528, 0.0530, 0.0526, 0.0524, 0.0526, 0.0526,
         0.0526]], device='cuda:3', grad_fn=<SliceBackward0>)
Softmax output at epoch 1: tensor([[0.0525, 0.0525, 0.0527, 0.0528, 0.0526, 0.0527, 0.0525, 0.0529, 0.0523,
         0.0525, 0.0526, 0.0528, 0.0528, 0.0530, 0.0526, 0.0524, 0.0526, 0.0526,
         0.0526]], device='cuda:1', grad_fn=<SliceBackward0>)Softmax output at epoch 1: tensor([[0.0525, 0.0525, 0.0527, 0.0528, 0.0526, 0.0527, 0.0525, 0.0529, 0.0523,
         0.0525, 0.0526, 0.0528, 0.0528, 0.0530, 0.0526, 0.0524, 0.0526, 0.0526,
         0.0526]], device='cuda:0', grad_fn=<SliceBackward0>)

Softmax output at epoch 1: tensor([[0.0525, 0.0525, 0.0527, 0.0528, 0.0526, 0.0527, 0.0525, 0.0529, 0.0523,
         0.0525, 0.0526, 0.0528, 0.0528, 0.0530, 0.0526, 0.0524, 0.0526, 0.0526,
         0.0526]], device='cuda:2', grad_fn=<SliceBackward0>)
pt values at epoch 1: tensor([0.0525], device='cuda:3', grad_fn=<SliceBackward0>)
pt values at epoch 1: tensor([0.0525], device='cuda:1', grad_fn=<SliceBackward0>)
pt values at epoch 1: tensor([0.0525], device='cuda:0', grad_fn=<SliceBackward0>)
pt values at epoch 1: tensor([0.0525], device='cuda:2', grad_fn=<SliceBackward0>)
Layer conv1.att_src grad: 3.921793462489985e-15Layer conv1.att_src grad: 3.921793462489985e-15Layer conv1.att_src grad: 3.921793462489985e-15


Layer conv1.att_dst grad: 2.2821053891292162e-15Layer conv1.att_dst grad: 2.2821053891292162e-15

Layer conv1.att_dst grad: 2.2821053891292162e-15
Layer conv1.att_src grad: 3.921793462489985e-15Layer conv1.bias grad: 7.653995492962196e-11Layer conv1.bias grad: 7.653995492962196e-11


Layer conv1.bias grad: 7.653995492962196e-11
Layer conv1.att_dst grad: 2.2821053891292162e-15
Layer conv1.lin.weight grad: 4.813891993360464e-11
Layer conv1.lin.weight grad: 4.813891993360464e-11
Layer conv1.lin.weight grad: 4.813891993360464e-11
Layer conv1.bias grad: 7.653995492962196e-11
Layer conv2.att_src grad: 3.5712642826805213e-16
Layer conv2.att_src grad: 3.5712642826805213e-16
Layer conv2.att_src grad: 3.5712642826805213e-16Layer conv1.lin.weight grad: 4.813891993360464e-11Layer conv2.att_dst grad: 1.69542961755368e-16


Layer conv2.att_dst grad: 1.69542961755368e-16
Layer conv2.bias grad: 9.497624908760827e-10
Layer conv2.att_src grad: 3.5712642826805213e-16Layer conv2.bias grad: 9.497624908760827e-10Layer conv2.att_dst grad: 1.69542961755368e-16


Layer conv2.lin.weight grad: 6.8476288007934816e-12Layer conv2.att_dst grad: 1.69542961755368e-16

Layer conv2.bias grad: 9.497624908760827e-10Layer conv2.lin.weight grad: 6.8476288007934816e-12

Layer conv2.bias grad: 9.497624908760827e-10Layer conv3.att_src grad: 1.5407868123734625e-16

Layer conv3.att_src grad: 1.5407868123734625e-16
Layer conv2.lin.weight grad: 6.8476288007934816e-12
Layer conv3.att_dst grad: 4.879766073554885e-17
Layer conv2.lin.weight grad: 6.8476288007934816e-12Layer conv3.att_dst grad: 4.879766073554885e-17

Layer conv3.bias grad: 2.165448265145642e-08
Layer conv3.att_src grad: 1.5407868123734625e-16
Layer conv3.bias grad: 2.165448265145642e-08
Layer conv3.att_src grad: 1.5407868123734625e-16
Layer conv3.lin.weight grad: 2.4436990625487098e-11
Layer conv3.att_dst grad: 4.879766073554885e-17
Layer conv3.att_dst grad: 4.879766073554885e-17Layer conv3.lin.weight grad: 2.4436990625487098e-11

Layer conv4.att_src grad: 1.141647946968291e-15
Layer conv3.bias grad: 2.165448265145642e-08
Layer conv3.bias grad: 2.165448265145642e-08Layer conv4.att_src grad: 1.141647946968291e-15

Layer conv4.att_dst grad: 3.881558126945985e-16
Layer conv4.att_dst grad: 3.881558126945985e-16
Layer conv3.lin.weight grad: 2.4436990625487098e-11Layer conv4.bias grad: 4.472771593100333e-07Layer conv3.lin.weight grad: 2.4436990625487098e-11


Layer conv4.bias grad: 4.472771593100333e-07
Layer conv4.lin.weight grad: 4.1713252296737835e-10Layer conv4.att_src grad: 1.141647946968291e-15

Layer conv4.att_src grad: 1.141647946968291e-15
Layer conv4.lin.weight grad: 4.1713252296737835e-10
Layer fc.weight grad: 1.5101861094990454e-08Layer conv4.att_dst grad: 3.881558126945985e-16

Layer conv4.att_dst grad: 3.881558126945985e-16
Layer fc.weight grad: 1.5101861094990454e-08
Layer fc.bias grad: 1.860952215793077e-05
Layer conv4.bias grad: 4.472771593100333e-07
Layer conv4.bias grad: 4.472771593100333e-07
Layer fc.bias grad: 1.860952215793077e-05
Layer conv4.lin.weight grad: 4.1713252296737835e-10
Layer conv4.lin.weight grad: 4.1713252296737835e-10
Layer fc.weight grad: 1.5101861094990454e-08
Layer fc.weight grad: 1.5101861094990454e-08Layer fc.bias grad: 1.860952215793077e-05

Layer fc.bias grad: 1.860952215793077e-05
Softmax output at epoch 2: tensor([[0.0526, 0.0527, 0.0529, 0.0526, 0.0524, 0.0528, 0.0526, 0.0529, 0.0523,
         0.0526, 0.0525, 0.0526, 0.0527, 0.0528, 0.0527, 0.0525, 0.0528, 0.0526,
         0.0524]], device='cuda:2', grad_fn=<SliceBackward0>)Softmax output at epoch 2: tensor([[0.0526, 0.0527, 0.0529, 0.0526, 0.0524, 0.0528, 0.0526, 0.0529, 0.0523,
         0.0526, 0.0525, 0.0526, 0.0527, 0.0528, 0.0527, 0.0525, 0.0528, 0.0526,
         0.0524]], device='cuda:3', grad_fn=<SliceBackward0>)

Softmax output at epoch 2: tensor([[0.0526, 0.0527, 0.0529, 0.0526, 0.0524, 0.0528, 0.0526, 0.0529, 0.0523,
         0.0526, 0.0525, 0.0526, 0.0527, 0.0528, 0.0527, 0.0525, 0.0528, 0.0526,
         0.0524]], device='cuda:1', grad_fn=<SliceBackward0>)
pt values at epoch 2: tensor([0.0526], device='cuda:3', grad_fn=<SliceBackward0>)
pt values at epoch 2: tensor([0.0526], device='cuda:2', grad_fn=<SliceBackward0>)
pt values at epoch 2: tensor([0.0526], device='cuda:1', grad_fn=<SliceBackward0>)
Precision: 0.0000, Recall: 0.0003, F1-Score: 0.0000
Fold 2, Epoch 1, Train Loss: 0.0011, Val Loss: 0.0011, Val Acc: 0.0004
Softmax output at epoch 2: tensor([[0.0526, 0.0527, 0.0529, 0.0526, 0.0524, 0.0528, 0.0526, 0.0529, 0.0523,
         0.0526, 0.0525, 0.0526, 0.0527, 0.0528, 0.0527, 0.0525, 0.0528, 0.0526,
         0.0524]], device='cuda:0', grad_fn=<SliceBackward0>)
pt values at epoch 2: tensor([0.0526], device='cuda:0', grad_fn=<SliceBackward0>)
Layer conv1.att_src grad: 6.860002313991147e-16Layer conv1.att_src grad: 6.860002313991147e-16Layer conv1.att_src grad: 6.860002313991147e-16Layer conv1.att_src grad: 6.860002313991147e-16



Layer conv1.att_dst grad: 2.376528016347475e-16Layer conv1.att_dst grad: 2.376528016347475e-16Layer conv1.att_dst grad: 2.376528016347475e-16
Layer conv1.att_dst grad: 2.376528016347475e-16


Layer conv1.bias grad: 1.3479578564457029e-11
Layer conv1.bias grad: 1.3479578564457029e-11Layer conv1.bias grad: 1.3479578564457029e-11
Layer conv1.bias grad: 1.3479578564457029e-11

Layer conv1.lin.weight grad: 8.874492286869984e-12
Layer conv1.lin.weight grad: 8.874492286869984e-12
Layer conv1.lin.weight grad: 8.874492286869984e-12
Layer conv1.lin.weight grad: 8.874492286869984e-12
Layer conv2.att_src grad: 4.2254145929552166e-17
Layer conv2.att_src grad: 4.2254145929552166e-17
Layer conv2.att_src grad: 4.2254145929552166e-17
Layer conv2.att_src grad: 4.2254145929552166e-17
Layer conv2.att_dst grad: 1.9371104181946464e-17
Layer conv2.att_dst grad: 1.9371104181946464e-17
Layer conv2.att_dst grad: 1.9371104181946464e-17
Layer conv2.att_dst grad: 1.9371104181946464e-17
Layer conv2.bias grad: 1.951011713297035e-10
Layer conv2.bias grad: 1.951011713297035e-10Layer conv2.bias grad: 1.951011713297035e-10Layer conv2.bias grad: 1.951011713297035e-10


Layer conv2.lin.weight grad: 1.3031008563868518e-12
Layer conv2.lin.weight grad: 1.3031008563868518e-12Layer conv2.lin.weight grad: 1.3031008563868518e-12Layer conv2.lin.weight grad: 1.3031008563868518e-12


Layer conv3.att_src grad: 5.4515048757092895e-18
Layer conv3.att_src grad: 5.4515048757092895e-18Layer conv3.att_src grad: 5.4515048757092895e-18Layer conv3.att_src grad: 5.4515048757092895e-18


Layer conv3.att_dst grad: 2.8828700185351108e-18
Layer conv3.att_dst grad: 2.8828700185351108e-18Layer conv3.att_dst grad: 2.8828700185351108e-18
Layer conv3.att_dst grad: 2.8828700185351108e-18
Layer conv3.bias grad: 3.526380298879417e-09

Layer conv3.bias grad: 3.526380298879417e-09
Layer conv3.bias grad: 3.526380298879417e-09
Layer conv3.bias grad: 3.526380298879417e-09
Layer conv3.lin.weight grad: 1.755539398747008e-12
Layer conv3.lin.weight grad: 1.755539398747008e-12
Layer conv3.lin.weight grad: 1.755539398747008e-12
Layer conv3.lin.weight grad: 1.755539398747008e-12
Layer conv4.att_src grad: 4.0549909022231614e-17
Layer conv4.att_src grad: 4.0549909022231614e-17Layer conv4.att_dst grad: 1.5581897329320676e-17

Layer conv4.att_src grad: 4.0549909022231614e-17Layer conv4.att_src grad: 4.0549909022231614e-17

Layer conv4.bias grad: 6.730862622816858e-08Layer conv4.att_dst grad: 1.5581897329320676e-17

Layer conv4.att_dst grad: 1.5581897329320676e-17Layer conv4.att_dst grad: 1.5581897329320676e-17

Layer conv4.bias grad: 6.730862622816858e-08
Layer conv4.lin.weight grad: 2.525312944867686e-11
Layer conv4.bias grad: 6.730862622816858e-08Layer conv4.bias grad: 6.730862622816858e-08

Layer conv4.lin.weight grad: 2.525312944867686e-11Layer fc.weight grad: 2.2329029736312123e-09

Layer conv4.lin.weight grad: 2.525312944867686e-11Layer conv4.lin.weight grad: 2.525312944867686e-11

Layer fc.bias grad: 3.3992771477642236e-06Layer fc.weight grad: 2.2329029736312123e-09

Layer fc.weight grad: 2.2329029736312123e-09Layer fc.weight grad: 2.2329029736312123e-09

Layer fc.bias grad: 3.3992771477642236e-06
Layer fc.bias grad: 3.3992771477642236e-06Layer fc.bias grad: 3.3992771477642236e-06

Softmax output at epoch 2: tensor([[0.0527, 0.0529, 0.0530, 0.0525, 0.0522, 0.0528, 0.0527, 0.0528, 0.0523,
         0.0526, 0.0524, 0.0525, 0.0527, 0.0527, 0.0527, 0.0525, 0.0529, 0.0526,
         0.0523]], device='cuda:2', grad_fn=<SliceBackward0>)Softmax output at epoch 2: tensor([[0.0527, 0.0529, 0.0530, 0.0525, 0.0522, 0.0528, 0.0527, 0.0528, 0.0523,
         0.0526, 0.0524, 0.0525, 0.0527, 0.0527, 0.0527, 0.0525, 0.0529, 0.0526,
         0.0523]], device='cuda:3', grad_fn=<SliceBackward0>)

Softmax output at epoch 2: tensor([[0.0527, 0.0529, 0.0530, 0.0525, 0.0522, 0.0528, 0.0527, 0.0528, 0.0523,
         0.0526, 0.0524, 0.0525, 0.0527, 0.0527, 0.0527, 0.0525, 0.0529, 0.0526,
         0.0523]], device='cuda:0', grad_fn=<SliceBackward0>)
Softmax output at epoch 2: tensor([[0.0527, 0.0529, 0.0530, 0.0525, 0.0522, 0.0528, 0.0527, 0.0528, 0.0523,
         0.0526, 0.0524, 0.0525, 0.0527, 0.0527, 0.0527, 0.0525, 0.0529, 0.0526,
         0.0523]], device='cuda:1', grad_fn=<SliceBackward0>)
pt values at epoch 2: tensor([0.0527], device='cuda:2', grad_fn=<SliceBackward0>)pt values at epoch 2: tensor([0.0527], device='cuda:3', grad_fn=<SliceBackward0>)

pt values at epoch 2: tensor([0.0527], device='cuda:0', grad_fn=<SliceBackward0>)
pt values at epoch 2: tensor([0.0527], device='cuda:1', grad_fn=<SliceBackward0>)
Layer conv1.att_src grad: 4.406900136931719e-16Layer conv1.att_src grad: 4.406900136931719e-16Layer conv1.att_src grad: 4.406900136931719e-16Layer conv1.att_src grad: 4.406900136931719e-16



Layer conv1.att_dst grad: 1.5240322359789764e-16Layer conv1.att_dst grad: 1.5240322359789764e-16Layer conv1.att_dst grad: 1.5240322359789764e-16Layer conv1.att_dst grad: 1.5240322359789764e-16



Layer conv1.bias grad: 8.952333666045753e-12Layer conv1.bias grad: 8.952333666045753e-12
Layer conv1.bias grad: 8.952333666045753e-12
Layer conv1.bias grad: 8.952333666045753e-12

Layer conv1.lin.weight grad: 5.700756706972232e-12
Layer conv1.lin.weight grad: 5.700756706972232e-12
Layer conv1.lin.weight grad: 5.700756706972232e-12
Layer conv1.lin.weight grad: 5.700756706972232e-12
Layer conv2.att_src grad: 2.3288259331721954e-17
Layer conv2.att_src grad: 2.3288259331721954e-17
Layer conv2.att_src grad: 2.3288259331721954e-17
Layer conv2.att_src grad: 2.3288259331721954e-17
Layer conv2.att_dst grad: 5.392534756250078e-18
Layer conv2.att_dst grad: 5.392534756250078e-18
Layer conv2.att_dst grad: 5.392534756250078e-18
Layer conv2.att_dst grad: 5.392534756250078e-18
Layer conv2.bias grad: 1.3957597577718417e-10
Layer conv2.bias grad: 1.3957597577718417e-10
Layer conv2.bias grad: 1.3957597577718417e-10
Layer conv2.bias grad: 1.3957597577718417e-10
Layer conv2.lin.weight grad: 8.006193364523684e-13
Layer conv2.lin.weight grad: 8.006193364523684e-13
Layer conv2.lin.weight grad: 8.006193364523684e-13
Layer conv2.lin.weight grad: 8.006193364523684e-13
Layer conv3.att_src grad: 5.889435798690789e-18
Layer conv3.att_src grad: 5.889435798690789e-18
Layer conv3.att_src grad: 5.889435798690789e-18
Layer conv3.att_src grad: 5.889435798690789e-18
Layer conv3.att_dst grad: 2.0735056356055565e-18
Layer conv3.att_dst grad: 2.0735056356055565e-18
Layer conv3.att_dst grad: 2.0735056356055565e-18
Layer conv3.att_dst grad: 2.0735056356055565e-18
Layer conv3.bias grad: 3.405116411059339e-09
Layer conv3.bias grad: 3.405116411059339e-09
Layer conv3.bias grad: 3.405116411059339e-09
Layer conv3.bias grad: 3.405116411059339e-09
Layer conv3.lin.weight grad: 1.6822843031810697e-12
Layer conv3.lin.weight grad: 1.6822843031810697e-12
Layer conv3.lin.weight grad: 1.6822843031810697e-12
Layer conv3.lin.weight grad: 1.6822843031810697e-12
Layer conv4.att_src grad: 5.978542506689084e-17
Layer conv4.att_src grad: 5.978542506689084e-17
Layer conv4.att_src grad: 5.978542506689084e-17
Layer conv4.att_src grad: 5.978542506689084e-17
Layer conv4.att_dst grad: 2.777843888775988e-17
Layer conv4.att_dst grad: 2.777843888775988e-17
Layer conv4.att_dst grad: 2.777843888775988e-17
Layer conv4.att_dst grad: 2.777843888775988e-17
Layer conv4.bias grad: 7.183498951235379e-08
Layer conv4.bias grad: 7.183498951235379e-08
Layer conv4.bias grad: 7.183498951235379e-08
Layer conv4.bias grad: 7.183498951235379e-08
Layer conv4.lin.weight grad: 3.083869618003554e-11
Layer conv4.lin.weight grad: 3.083869618003554e-11
Layer conv4.lin.weight grad: 3.083869618003554e-11
Layer conv4.lin.weight grad: 3.083869618003554e-11
Layer fc.weight grad: 2.908194796091834e-09
Layer fc.weight grad: 2.908194796091834e-09
Layer fc.weight grad: 2.908194796091834e-09
Layer fc.weight grad: 2.908194796091834e-09
Layer fc.bias grad: 4.287026968086138e-06
Layer fc.bias grad: 4.287026968086138e-06
Layer fc.bias grad: 4.287026968086138e-06
Layer fc.bias grad: 4.287026968086138e-06
Softmax output at epoch 2: tensor([[0.0528, 0.0530, 0.0531, 0.0525, 0.0521, 0.0529, 0.0527, 0.0528, 0.0523,
         0.0526, 0.0525, 0.0523, 0.0527, 0.0526, 0.0527, 0.0525, 0.0529, 0.0527,
         0.0522]], device='cuda:3', grad_fn=<SliceBackward0>)Softmax output at epoch 2: tensor([[0.0528, 0.0530, 0.0531, 0.0525, 0.0521, 0.0529, 0.0527, 0.0528, 0.0523,
         0.0526, 0.0525, 0.0523, 0.0527, 0.0526, 0.0527, 0.0525, 0.0529, 0.0527,
         0.0522]], device='cuda:2', grad_fn=<SliceBackward0>)Softmax output at epoch 2: tensor([[0.0528, 0.0530, 0.0531, 0.0525, 0.0521, 0.0529, 0.0527, 0.0528, 0.0523,
         0.0526, 0.0525, 0.0523, 0.0527, 0.0526, 0.0527, 0.0525, 0.0529, 0.0527,
         0.0522]], device='cuda:1', grad_fn=<SliceBackward0>)


pt values at epoch 2: tensor([0.0528], device='cuda:2', grad_fn=<SliceBackward0>)pt values at epoch 2: tensor([0.0528], device='cuda:3', grad_fn=<SliceBackward0>)
pt values at epoch 2: tensor([0.0528], device='cuda:1', grad_fn=<SliceBackward0>)

Softmax output at epoch 2: tensor([[0.0528, 0.0530, 0.0531, 0.0525, 0.0521, 0.0529, 0.0527, 0.0528, 0.0523,
         0.0526, 0.0525, 0.0523, 0.0527, 0.0526, 0.0527, 0.0525, 0.0529, 0.0527,
         0.0522]], device='cuda:0', grad_fn=<SliceBackward0>)
pt values at epoch 2: tensor([0.0528], device='cuda:0', grad_fn=<SliceBackward0>)
Layer conv1.att_src grad: 1.1045292426839335e-16Layer conv1.att_src grad: 1.1045292426839335e-16Layer conv1.att_src grad: 1.1045292426839335e-16Layer conv1.att_src grad: 1.1045292426839335e-16



Layer conv1.att_dst grad: 2.2068263881157295e-17Layer conv1.att_dst grad: 2.2068263881157295e-17Layer conv1.att_dst grad: 2.2068263881157295e-17
Layer conv1.att_dst grad: 2.2068263881157295e-17


Layer conv1.bias grad: 5.2257764088237124e-12
Layer conv1.bias grad: 5.2257764088237124e-12Layer conv1.bias grad: 5.2257764088237124e-12
Layer conv1.bias grad: 5.2257764088237124e-12

Layer conv1.lin.weight grad: 3.0729863098599708e-12
Layer conv1.lin.weight grad: 3.0729863098599708e-12
Layer conv1.lin.weight grad: 3.0729863098599708e-12Layer conv1.lin.weight grad: 3.0729863098599708e-12

Layer conv2.att_src grad: 9.688584535098851e-18
Layer conv2.att_src grad: 9.688584535098851e-18
Layer conv2.att_src grad: 9.688584535098851e-18Layer conv2.att_src grad: 9.688584535098851e-18

Layer conv2.att_dst grad: 3.810974524035427e-18
Layer conv2.att_dst grad: 3.810974524035427e-18
Layer conv2.att_dst grad: 3.810974524035427e-18Layer conv2.att_dst grad: 3.810974524035427e-18

Layer conv2.bias grad: 7.912780847219025e-11
Layer conv2.bias grad: 7.912780847219025e-11
Layer conv2.bias grad: 7.912780847219025e-11Layer conv2.bias grad: 7.912780847219025e-11

Layer conv2.lin.weight grad: 4.1977228984468873e-13
Layer conv2.lin.weight grad: 4.1977228984468873e-13
Layer conv2.lin.weight grad: 4.1977228984468873e-13Layer conv2.lin.weight grad: 4.1977228984468873e-13

Layer conv3.att_src grad: 1.1264313971175616e-17
Layer conv3.att_src grad: 1.1264313971175616e-17
Layer conv3.att_src grad: 1.1264313971175616e-17Layer conv3.att_src grad: 1.1264313971175616e-17

Layer conv3.att_dst grad: 3.512616680942144e-18
Layer conv3.att_dst grad: 3.512616680942144e-18
Layer conv3.att_dst grad: 3.512616680942144e-18Layer conv3.att_dst grad: 3.512616680942144e-18

Layer conv3.bias grad: 2.3617208189108396e-09
Layer conv3.bias grad: 2.3617208189108396e-09
Layer conv3.bias grad: 2.3617208189108396e-09Layer conv3.bias grad: 2.3617208189108396e-09

Layer conv3.lin.weight grad: 2.2168968050184645e-12
Layer conv3.lin.weight grad: 2.2168968050184645e-12
Layer conv3.lin.weight grad: 2.2168968050184645e-12Layer conv3.lin.weight grad: 2.2168968050184645e-12

Layer conv4.att_src grad: 1.4376170082578066e-16
Layer conv4.att_src grad: 1.4376170082578066e-16
Layer conv4.att_src grad: 1.4376170082578066e-16Layer conv4.att_dst grad: 7.271104858031795e-17Layer conv4.att_src grad: 1.4376170082578066e-16


Layer conv4.att_dst grad: 7.271104858031795e-17
Layer conv4.att_dst grad: 7.271104858031795e-17Layer conv4.bias grad: 5.2512572068508234e-08Layer conv4.att_dst grad: 7.271104858031795e-17


Layer conv4.bias grad: 5.2512572068508234e-08
Layer conv4.bias grad: 5.2512572068508234e-08Layer conv4.bias grad: 5.2512572068508234e-08
Layer conv4.lin.weight grad: 4.866432604111459e-11

Layer conv4.lin.weight grad: 4.866432604111459e-11
Layer conv4.lin.weight grad: 4.866432604111459e-11
Layer fc.weight grad: 3.2788780579551258e-09Layer conv4.lin.weight grad: 4.866432604111459e-11
Layer fc.weight grad: 3.2788780579551258e-09

Layer fc.weight grad: 3.2788780579551258e-09
Layer fc.bias grad: 3.539147201081505e-06
Layer fc.bias grad: 3.539147201081505e-06
Layer fc.weight grad: 3.2788780579551258e-09
Layer fc.bias grad: 3.539147201081505e-06
Layer fc.bias grad: 3.539147201081505e-06
Softmax output at epoch 2: tensor([[0.0528, 0.0532, 0.0532, 0.0525, 0.0520, 0.0529, 0.0527, 0.0528, 0.0523,
         0.0527, 0.0524, 0.0522, 0.0526, 0.0525, 0.0528, 0.0526, 0.0530, 0.0527,
         0.0521]], device='cuda:0', grad_fn=<SliceBackward0>)
Softmax output at epoch 2: tensor([[0.0528, 0.0532, 0.0532, 0.0525, 0.0520, 0.0529, 0.0527, 0.0528, 0.0523,
         0.0527, 0.0524, 0.0522, 0.0526, 0.0525, 0.0528, 0.0526, 0.0530, 0.0527,
         0.0521]], device='cuda:2', grad_fn=<SliceBackward0>)Softmax output at epoch 2: tensor([[0.0528, 0.0532, 0.0532, 0.0525, 0.0520, 0.0529, 0.0527, 0.0528, 0.0523,
         0.0527, 0.0524, 0.0522, 0.0526, 0.0525, 0.0528, 0.0526, 0.0530, 0.0527,
         0.0521]], device='cuda:3', grad_fn=<SliceBackward0>)

Softmax output at epoch 2: tensor([[0.0528, 0.0532, 0.0532, 0.0525, 0.0520, 0.0529, 0.0527, 0.0528, 0.0523,
         0.0527, 0.0524, 0.0522, 0.0526, 0.0525, 0.0528, 0.0526, 0.0530, 0.0527,
         0.0521]], device='cuda:1', grad_fn=<SliceBackward0>)
pt values at epoch 2: tensor([0.0528], device='cuda:0', grad_fn=<SliceBackward0>)
pt values at epoch 2: tensor([0.0528], device='cuda:2', grad_fn=<SliceBackward0>)
pt values at epoch 2: tensor([0.0528], device='cuda:3', grad_fn=<SliceBackward0>)
pt values at epoch 2: tensor([0.0528], device='cuda:1', grad_fn=<SliceBackward0>)
Layer conv1.att_src grad: 5.784331086773473e-17Layer conv1.att_src grad: 5.784331086773473e-17Layer conv1.att_src grad: 5.784331086773473e-17Layer conv1.att_src grad: 5.784331086773473e-17



Layer conv1.att_dst grad: 1.8995071184202308e-17Layer conv1.att_dst grad: 1.8995071184202308e-17
Layer conv1.att_dst grad: 1.8995071184202308e-17Layer conv1.att_dst grad: 1.8995071184202308e-17


Layer conv1.bias grad: 2.4095729751760775e-12
Layer conv1.bias grad: 2.4095729751760775e-12Layer conv1.bias grad: 2.4095729751760775e-12
Layer conv1.bias grad: 2.4095729751760775e-12

Layer conv1.lin.weight grad: 1.42638266649453e-12
Layer conv1.lin.weight grad: 1.42638266649453e-12Layer conv1.lin.weight grad: 1.42638266649453e-12
Layer conv1.lin.weight grad: 1.42638266649453e-12

Layer conv2.att_src grad: 2.9525347561340205e-18
Layer conv2.att_src grad: 2.9525347561340205e-18
Layer conv2.att_src grad: 2.9525347561340205e-18Layer conv2.att_src grad: 2.9525347561340205e-18

Layer conv2.att_dst grad: 9.878107123071235e-19
Layer conv2.att_dst grad: 9.878107123071235e-19
Layer conv2.att_dst grad: 9.878107123071235e-19Layer conv2.att_dst grad: 9.878107123071235e-19

Layer conv2.bias grad: 5.801291391716035e-11
Layer conv2.bias grad: 5.801291391716035e-11
Layer conv2.bias grad: 5.801291391716035e-11Layer conv2.bias grad: 5.801291391716035e-11

Layer conv2.lin.weight grad: 2.2004974069029376e-13
Layer conv2.lin.weight grad: 2.2004974069029376e-13
Layer conv2.lin.weight grad: 2.2004974069029376e-13Layer conv2.lin.weight grad: 2.2004974069029376e-13

Layer conv3.att_src grad: 5.538661588131552e-18
Layer conv3.att_src grad: 5.538661588131552e-18
Layer conv3.att_src grad: 5.538661588131552e-18Layer conv3.att_src grad: 5.538661588131552e-18

Layer conv3.att_dst grad: 1.2662491156719405e-18
Layer conv3.att_dst grad: 1.2662491156719405e-18
Layer conv3.att_dst grad: 1.2662491156719405e-18Layer conv3.att_dst grad: 1.2662491156719405e-18

Layer conv3.bias grad: 2.1581991749286544e-09
Layer conv3.bias grad: 2.1581991749286544e-09
Layer conv3.bias grad: 2.1581991749286544e-09Layer conv3.bias grad: 2.1581991749286544e-09

Layer conv3.lin.weight grad: 2.117799208570248e-12
Layer conv3.lin.weight grad: 2.117799208570248e-12Layer conv3.lin.weight grad: 2.117799208570248e-12

Layer conv4.att_src grad: 1.167523877064624e-16
Layer conv3.lin.weight grad: 2.117799208570248e-12
Layer conv4.att_src grad: 1.167523877064624e-16Layer conv4.att_src grad: 1.167523877064624e-16

Layer conv4.att_dst grad: 5.790396636769202e-17
Layer conv4.att_src grad: 1.167523877064624e-16
Layer conv4.att_dst grad: 5.790396636769202e-17Layer conv4.att_dst grad: 5.790396636769202e-17
Layer conv4.bias grad: 5.2725440014000924e-08

Layer conv4.att_dst grad: 5.790396636769202e-17
Layer conv4.bias grad: 5.2725440014000924e-08
Layer conv4.bias grad: 5.2725440014000924e-08
Layer conv4.lin.weight grad: 5.3969519825392e-11
Layer conv4.bias grad: 5.2725440014000924e-08
Layer conv4.lin.weight grad: 5.3969519825392e-11
Layer conv4.lin.weight grad: 5.3969519825392e-11
Layer fc.weight grad: 4.166514688819234e-09
Layer conv4.lin.weight grad: 5.3969519825392e-11
Layer fc.weight grad: 4.166514688819234e-09
Layer fc.weight grad: 4.166514688819234e-09Layer fc.bias grad: 4.178920789854601e-06

Layer fc.weight grad: 4.166514688819234e-09Layer fc.bias grad: 4.178920789854601e-06

Layer fc.bias grad: 4.178920789854601e-06
Layer fc.bias grad: 4.178920789854601e-06
Softmax output at epoch 2: tensor([[0.0528, 0.0532, 0.0532, 0.0525, 0.0519, 0.0529, 0.0527, 0.0527, 0.0524,
         0.0526, 0.0524, 0.0522, 0.0526, 0.0524, 0.0527, 0.0527, 0.0531, 0.0528,
         0.0520]], device='cuda:0', grad_fn=<SliceBackward0>)
Softmax output at epoch 2: tensor([[0.0528, 0.0532, 0.0532, 0.0525, 0.0519, 0.0529, 0.0527, 0.0527, 0.0524,
         0.0526, 0.0524, 0.0522, 0.0526, 0.0524, 0.0527, 0.0527, 0.0531, 0.0528,
         0.0520]], device='cuda:2', grad_fn=<SliceBackward0>)Softmax output at epoch 2: tensor([[0.0528, 0.0532, 0.0532, 0.0525, 0.0519, 0.0529, 0.0527, 0.0527, 0.0524,
         0.0526, 0.0524, 0.0522, 0.0526, 0.0524, 0.0527, 0.0527, 0.0531, 0.0528,
         0.0520]], device='cuda:3', grad_fn=<SliceBackward0>)

Softmax output at epoch 2: tensor([[0.0528, 0.0532, 0.0532, 0.0525, 0.0519, 0.0529, 0.0527, 0.0527, 0.0524,
         0.0526, 0.0524, 0.0522, 0.0526, 0.0524, 0.0527, 0.0527, 0.0531, 0.0528,
         0.0520]], device='cuda:1', grad_fn=<SliceBackward0>)
pt values at epoch 2: tensor([0.0528], device='cuda:0', grad_fn=<SliceBackward0>)
pt values at epoch 2: tensor([0.0528], device='cuda:2', grad_fn=<SliceBackward0>)
pt values at epoch 2: tensor([0.0528], device='cuda:3', grad_fn=<SliceBackward0>)
pt values at epoch 2: tensor([0.0528], device='cuda:1', grad_fn=<SliceBackward0>)
Layer conv1.att_src grad: 1.1554844617722616e-17Layer conv1.att_src grad: 1.1554844617722616e-17Layer conv1.att_src grad: 1.1554844617722616e-17Layer conv1.att_src grad: 1.1554844617722616e-17



Layer conv1.att_dst grad: 5.475760292811182e-18Layer conv1.att_dst grad: 5.475760292811182e-18Layer conv1.att_dst grad: 5.475760292811182e-18Layer conv1.att_dst grad: 5.475760292811182e-18



Layer conv1.bias grad: 1.2895574365290319e-12Layer conv1.bias grad: 1.2895574365290319e-12Layer conv1.bias grad: 1.2895574365290319e-12
Layer conv1.bias grad: 1.2895574365290319e-12


Layer conv1.lin.weight grad: 8.029502084928863e-13
Layer conv1.lin.weight grad: 8.029502084928863e-13Layer conv1.lin.weight grad: 8.029502084928863e-13
Layer conv1.lin.weight grad: 8.029502084928863e-13

Layer conv2.att_src grad: 4.951877962957487e-19
Layer conv2.att_src grad: 4.951877962957487e-19
Layer conv2.att_src grad: 4.951877962957487e-19Layer conv2.att_src grad: 4.951877962957487e-19

Layer conv2.att_dst grad: 1.775875866547685e-19
Layer conv2.att_dst grad: 1.775875866547685e-19
Layer conv2.att_dst grad: 1.775875866547685e-19Layer conv2.att_dst grad: 1.775875866547685e-19

Layer conv2.bias grad: 4.362168612437323e-11
Layer conv2.bias grad: 4.362168612437323e-11
Layer conv2.bias grad: 4.362168612437323e-11Layer conv2.bias grad: 4.362168612437323e-11

Layer conv2.lin.weight grad: 1.4029326745462756e-13
Layer conv2.lin.weight grad: 1.4029326745462756e-13
Layer conv2.lin.weight grad: 1.4029326745462756e-13Layer conv2.lin.weight grad: 1.4029326745462756e-13

Layer conv3.att_src grad: 1.3103988468911926e-18
Layer conv3.att_src grad: 1.3103988468911926e-18
Layer conv3.att_src grad: 1.3103988468911926e-18Layer conv3.att_src grad: 1.3103988468911926e-18

Layer conv3.att_dst grad: 2.92478243299256e-19
Layer conv3.att_dst grad: 2.92478243299256e-19
Layer conv3.att_dst grad: 2.92478243299256e-19Layer conv3.att_dst grad: 2.92478243299256e-19

Layer conv3.bias grad: 2.199343818176658e-09
Layer conv3.bias grad: 2.199343818176658e-09
Layer conv3.bias grad: 2.199343818176658e-09Layer conv3.bias grad: 2.199343818176658e-09

Layer conv3.lin.weight grad: 1.4874924209040685e-12
Layer conv3.lin.weight grad: 1.4874924209040685e-12
Layer conv3.lin.weight grad: 1.4874924209040685e-12Layer conv3.lin.weight grad: 1.4874924209040685e-12

Layer conv4.att_src grad: 3.8934792554107524e-17
Layer conv4.att_src grad: 3.8934792554107524e-17Layer conv4.att_src grad: 3.8934792554107524e-17Layer conv4.att_dst grad: 1.3575160471989481e-17


Layer conv4.att_src grad: 3.8934792554107524e-17Layer conv4.att_dst grad: 1.3575160471989481e-17Layer conv4.att_dst grad: 1.3575160471989481e-17
Layer conv4.bias grad: 6.246393979836284e-08


Layer conv4.att_dst grad: 1.3575160471989481e-17Layer conv4.bias grad: 6.246393979836284e-08
Layer conv4.bias grad: 6.246393979836284e-08

Layer conv4.lin.weight grad: 4.652294521845235e-11
Layer conv4.bias grad: 6.246393979836284e-08
Layer conv4.lin.weight grad: 4.652294521845235e-11Layer conv4.lin.weight grad: 4.652294521845235e-11Layer fc.weight grad: 4.039824919033208e-09


Layer conv4.lin.weight grad: 4.652294521845235e-11
Layer fc.bias grad: 4.761879154102644e-06Layer fc.weight grad: 4.039824919033208e-09Layer fc.weight grad: 4.039824919033208e-09


Layer fc.weight grad: 4.039824919033208e-09
Layer fc.bias grad: 4.761879154102644e-06Layer fc.bias grad: 4.761879154102644e-06

Layer fc.bias grad: 4.761879154102644e-06
Softmax output at epoch 2: tensor([[0.0527, 0.0533, 0.0533, 0.0524, 0.0519, 0.0529, 0.0528, 0.0527, 0.0524,
         0.0527, 0.0525, 0.0522, 0.0526, 0.0524, 0.0528, 0.0527, 0.0531, 0.0527,
         0.0520]], device='cuda:3', grad_fn=<SliceBackward0>)Softmax output at epoch 2: tensor([[0.0527, 0.0533, 0.0533, 0.0524, 0.0519, 0.0529, 0.0528, 0.0527, 0.0524,
         0.0527, 0.0525, 0.0522, 0.0526, 0.0524, 0.0528, 0.0527, 0.0531, 0.0527,
         0.0520]], device='cuda:2', grad_fn=<SliceBackward0>)
Softmax output at epoch 2: tensor([[0.0527, 0.0533, 0.0533, 0.0524, 0.0519, 0.0529, 0.0528, 0.0527, 0.0524,
         0.0527, 0.0525, 0.0522, 0.0526, 0.0524, 0.0528, 0.0527, 0.0531, 0.0527,
         0.0520]], device='cuda:1', grad_fn=<SliceBackward0>)
Softmax output at epoch 2: tensor([[0.0527, 0.0533, 0.0533, 0.0524, 0.0519, 0.0529, 0.0528, 0.0527, 0.0524,
         0.0527, 0.0525, 0.0522, 0.0526, 0.0524, 0.0528, 0.0527, 0.0531, 0.0527,
         0.0520]], device='cuda:0', grad_fn=<SliceBackward0>)

pt values at epoch 2: tensor([0.0527], device='cuda:3', grad_fn=<SliceBackward0>)pt values at epoch 2: tensor([0.0527], device='cuda:2', grad_fn=<SliceBackward0>)

pt values at epoch 2: tensor([0.0527], device='cuda:1', grad_fn=<SliceBackward0>)pt values at epoch 2: tensor([0.0527], device='cuda:0', grad_fn=<SliceBackward0>)

Layer conv1.att_src grad: 5.855231466771415e-18Layer conv1.att_src grad: 5.855231466771415e-18Layer conv1.att_src grad: 5.855231466771415e-18


Layer conv1.att_src grad: 5.855231466771415e-18
Layer conv1.att_dst grad: 2.9706148563728983e-18Layer conv1.att_dst grad: 2.9706148563728983e-18Layer conv1.att_dst grad: 2.9706148563728983e-18


Layer conv1.att_dst grad: 2.9706148563728983e-18
Layer conv1.bias grad: 3.2344641288234444e-12
Layer conv1.bias grad: 3.2344641288234444e-12Layer conv1.bias grad: 3.2344641288234444e-12

Layer conv1.bias grad: 3.2344641288234444e-12
Layer conv1.lin.weight grad: 1.7394302144480012e-12
Layer conv1.lin.weight grad: 1.7394302144480012e-12
Layer conv1.lin.weight grad: 1.7394302144480012e-12
Layer conv2.att_src grad: 7.461025402596879e-19
Layer conv1.lin.weight grad: 1.7394302144480012e-12Layer conv2.att_src grad: 7.461025402596879e-19

Layer conv2.att_src grad: 7.461025402596879e-19
Layer conv2.att_dst grad: 2.0537019236146655e-19
Layer conv2.att_dst grad: 2.0537019236146655e-19
Layer conv2.att_dst grad: 2.0537019236146655e-19
Layer conv2.att_src grad: 7.461025402596879e-19
Layer conv2.bias grad: 1.2276779592923504e-10
Layer conv2.bias grad: 1.2276779592923504e-10
Layer conv2.bias grad: 1.2276779592923504e-10
Layer conv2.att_dst grad: 2.0537019236146655e-19
Layer conv2.lin.weight grad: 3.0256835448563835e-13
Layer conv2.lin.weight grad: 3.0256835448563835e-13
Layer conv2.lin.weight grad: 3.0256835448563835e-13
Layer conv3.att_src grad: 4.0776721325808195e-19
Layer conv2.bias grad: 1.2276779592923504e-10
Layer conv3.att_src grad: 4.0776721325808195e-19
Layer conv3.att_src grad: 4.0776721325808195e-19
Layer conv3.att_dst grad: 1.4234783140363128e-19
Layer conv3.att_dst grad: 1.4234783140363128e-19Layer conv2.lin.weight grad: 3.0256835448563835e-13
Layer conv3.att_dst grad: 1.4234783140363128e-19
Layer conv3.bias grad: 7.793286016521961e-09

Layer conv3.bias grad: 7.793286016521961e-09
Layer conv3.bias grad: 7.793286016521961e-09
Layer conv3.lin.weight grad: 1.6324844037338138e-12Layer conv3.att_src grad: 4.0776721325808195e-19

Layer conv3.lin.weight grad: 1.6324844037338138e-12Layer conv3.lin.weight grad: 1.6324844037338138e-12
Layer conv4.att_src grad: 3.2528143052263866e-17

Layer conv3.att_dst grad: 1.4234783140363128e-19
Layer conv4.att_dst grad: 8.601430982187758e-18Layer conv4.att_src grad: 3.2528143052263866e-17
Layer conv4.att_src grad: 3.2528143052263866e-17

Layer conv3.bias grad: 7.793286016521961e-09
Layer conv4.bias grad: 1.9441060317149095e-07
Layer conv4.att_dst grad: 8.601430982187758e-18Layer conv4.att_dst grad: 8.601430982187758e-18

Layer conv3.lin.weight grad: 1.6324844037338138e-12
Layer conv4.lin.weight grad: 5.3302605385052715e-11
Layer conv4.bias grad: 1.9441060317149095e-07Layer conv4.bias grad: 1.9441060317149095e-07

Layer fc.weight grad: 9.41077438199045e-09
Layer conv4.att_src grad: 3.2528143052263866e-17
Layer conv4.lin.weight grad: 5.3302605385052715e-11Layer conv4.lin.weight grad: 5.3302605385052715e-11

Layer fc.bias grad: 1.60324289026903e-05
Layer conv4.att_dst grad: 8.601430982187758e-18Layer fc.weight grad: 9.41077438199045e-09
Layer fc.weight grad: 9.41077438199045e-09

Layer fc.bias grad: 1.60324289026903e-05Layer fc.bias grad: 1.60324289026903e-05
Layer conv4.bias grad: 1.9441060317149095e-07

Layer conv4.lin.weight grad: 5.3302605385052715e-11
Layer fc.weight grad: 9.41077438199045e-09
Layer fc.bias grad: 1.60324289026903e-05
Softmax output at epoch 3: tensor([[0.0526, 0.0534, 0.0533, 0.0524, 0.0519, 0.0528, 0.0528, 0.0527, 0.0525,
         0.0527, 0.0525, 0.0521, 0.0527, 0.0523, 0.0528, 0.0528, 0.0530, 0.0527,
         0.0520]], device='cuda:3', grad_fn=<SliceBackward0>)
Softmax output at epoch 3: tensor([[0.0526, 0.0534, 0.0533, 0.0524, 0.0519, 0.0528, 0.0528, 0.0527, 0.0525,
         0.0527, 0.0525, 0.0521, 0.0527, 0.0523, 0.0528, 0.0528, 0.0530, 0.0527,
         0.0520]], device='cuda:2', grad_fn=<SliceBackward0>)
Softmax output at epoch 3: tensor([[0.0526, 0.0534, 0.0533, 0.0524, 0.0519, 0.0528, 0.0528, 0.0527, 0.0525,
         0.0527, 0.0525, 0.0521, 0.0527, 0.0523, 0.0528, 0.0528, 0.0530, 0.0527,
         0.0520]], device='cuda:1', grad_fn=<SliceBackward0>)
pt values at epoch 3: tensor([0.0526], device='cuda:3', grad_fn=<SliceBackward0>)pt values at epoch 3: tensor([0.0526], device='cuda:2', grad_fn=<SliceBackward0>)

pt values at epoch 3: tensor([0.0526], device='cuda:1', grad_fn=<SliceBackward0>)
Precision: 0.0000, Recall: 0.0005, F1-Score: 0.0000
Fold 2, Epoch 2, Train Loss: 0.0011, Val Loss: 0.0011, Val Acc: 0.0004
Softmax output at epoch 3: tensor([[0.0526, 0.0534, 0.0533, 0.0524, 0.0519, 0.0528, 0.0528, 0.0527, 0.0525,
         0.0527, 0.0525, 0.0521, 0.0527, 0.0523, 0.0528, 0.0528, 0.0530, 0.0527,
         0.0520]], device='cuda:0', grad_fn=<SliceBackward0>)
pt values at epoch 3: tensor([0.0526], device='cuda:0', grad_fn=<SliceBackward0>)
Layer conv1.att_src grad: 1.8456595630584376e-18Layer conv1.att_src grad: 1.8456595630584376e-18Layer conv1.att_src grad: 1.8456595630584376e-18Layer conv1.att_src grad: 1.8456595630584376e-18



Layer conv1.att_dst grad: 5.394284656835934e-19
Layer conv1.att_dst grad: 5.394284656835934e-19Layer conv1.att_dst grad: 5.394284656835934e-19Layer conv1.att_dst grad: 5.394284656835934e-19


Layer conv1.bias grad: 1.0600598090299007e-12
Layer conv1.bias grad: 1.0600598090299007e-12Layer conv1.bias grad: 1.0600598090299007e-12Layer conv1.bias grad: 1.0600598090299007e-12


Layer conv1.lin.weight grad: 6.593941972304895e-13
Layer conv1.lin.weight grad: 6.593941972304895e-13Layer conv2.att_src grad: 2.361623137811798e-19
Layer conv1.lin.weight grad: 6.593941972304895e-13Layer conv1.lin.weight grad: 6.593941972304895e-13


Layer conv2.att_src grad: 2.361623137811798e-19Layer conv2.att_dst grad: 1.3416435265788519e-19

Layer conv2.att_src grad: 2.361623137811798e-19Layer conv2.att_src grad: 2.361623137811798e-19

Layer conv2.att_dst grad: 1.3416435265788519e-19Layer conv2.bias grad: 3.1663706379081447e-11

Layer conv2.att_dst grad: 1.3416435265788519e-19Layer conv2.att_dst grad: 1.3416435265788519e-19

Layer conv2.bias grad: 3.1663706379081447e-11
Layer conv2.lin.weight grad: 8.792815921979807e-14Layer conv2.bias grad: 3.1663706379081447e-11Layer conv2.bias grad: 3.1663706379081447e-11


Layer conv2.lin.weight grad: 8.792815921979807e-14
Layer conv3.att_src grad: 1.710855076004013e-19
Layer conv2.lin.weight grad: 8.792815921979807e-14Layer conv2.lin.weight grad: 8.792815921979807e-14

Layer conv3.att_src grad: 1.710855076004013e-19
Layer conv3.att_dst grad: 3.610614293225556e-20
Layer conv3.att_src grad: 1.710855076004013e-19Layer conv3.att_src grad: 1.710855076004013e-19

Layer conv3.att_dst grad: 3.610614293225556e-20
Layer conv3.bias grad: 1.289786832892048e-09
Layer conv3.att_dst grad: 3.610614293225556e-20Layer conv3.att_dst grad: 3.610614293225556e-20

Layer conv3.bias grad: 1.289786832892048e-09
Layer conv3.lin.weight grad: 4.3474382080410656e-13
Layer conv3.bias grad: 1.289786832892048e-09
Layer conv3.bias grad: 1.289786832892048e-09
Layer conv3.lin.weight grad: 4.3474382080410656e-13
Layer conv4.att_src grad: 1.0384158230652855e-17
Layer conv3.lin.weight grad: 4.3474382080410656e-13
Layer conv3.lin.weight grad: 4.3474382080410656e-13
Layer conv4.att_src grad: 1.0384158230652855e-17
Layer conv4.att_dst grad: 1.7571408977576067e-18
Layer conv4.att_src grad: 1.0384158230652855e-17
Layer conv4.att_src grad: 1.0384158230652855e-17
Layer conv4.att_dst grad: 1.7571408977576067e-18
Layer conv4.bias grad: 3.5894501593247696e-08
Layer conv4.att_dst grad: 1.7571408977576067e-18
Layer conv4.att_dst grad: 1.7571408977576067e-18
Layer conv4.bias grad: 3.5894501593247696e-08
Layer conv4.lin.weight grad: 1.2580905067727244e-11
Layer conv4.bias grad: 3.5894501593247696e-08
Layer conv4.bias grad: 3.5894501593247696e-08
Layer conv4.lin.weight grad: 1.2580905067727244e-11
Layer fc.weight grad: 1.6167674976586e-09
Layer conv4.lin.weight grad: 1.2580905067727244e-11
Layer conv4.lin.weight grad: 1.2580905067727244e-11
Layer fc.weight grad: 1.6167674976586e-09
Layer fc.bias grad: 3.891303094860632e-06
Layer fc.weight grad: 1.6167674976586e-09
Layer fc.weight grad: 1.6167674976586e-09
Layer fc.bias grad: 3.891303094860632e-06
Layer fc.bias grad: 3.891303094860632e-06
Layer fc.bias grad: 3.891303094860632e-06
Softmax output at epoch 3: tensor([[0.0526, 0.0535, 0.0533, 0.0524, 0.0518, 0.0527, 0.0529, 0.0528, 0.0526,
         0.0528, 0.0526, 0.0520, 0.0527, 0.0522, 0.0529, 0.0529, 0.0529, 0.0527,
         0.0519]], device='cuda:0', grad_fn=<SliceBackward0>)
Softmax output at epoch 3: tensor([[0.0526, 0.0535, 0.0533, 0.0524, 0.0518, 0.0527, 0.0529, 0.0528, 0.0526,
         0.0528, 0.0526, 0.0520, 0.0527, 0.0522, 0.0529, 0.0529, 0.0529, 0.0527,
         0.0519]], device='cuda:3', grad_fn=<SliceBackward0>)
Softmax output at epoch 3: tensor([[0.0526, 0.0535, 0.0533, 0.0524, 0.0518, 0.0527, 0.0529, 0.0528, 0.0526,
         0.0528, 0.0526, 0.0520, 0.0527, 0.0522, 0.0529, 0.0529, 0.0529, 0.0527,
         0.0519]], device='cuda:1', grad_fn=<SliceBackward0>)
Softmax output at epoch 3: tensor([[0.0526, 0.0535, 0.0533, 0.0524, 0.0518, 0.0527, 0.0529, 0.0528, 0.0526,
         0.0528, 0.0526, 0.0520, 0.0527, 0.0522, 0.0529, 0.0529, 0.0529, 0.0527,
         0.0519]], device='cuda:2', grad_fn=<SliceBackward0>)
pt values at epoch 3: tensor([0.0526], device='cuda:0', grad_fn=<SliceBackward0>)
pt values at epoch 3: tensor([0.0526], device='cuda:1', grad_fn=<SliceBackward0>)pt values at epoch 3: tensor([0.0526], device='cuda:3', grad_fn=<SliceBackward0>)

pt values at epoch 3: tensor([0.0526], device='cuda:2', grad_fn=<SliceBackward0>)
Layer conv1.att_src grad: 2.4672183781721148e-18Layer conv1.att_src grad: 2.4672183781721148e-18Layer conv1.att_src grad: 2.4672183781721148e-18Layer conv1.att_src grad: 2.4672183781721148e-18



Layer conv1.att_dst grad: 1.1439742435485862e-18Layer conv1.att_dst grad: 1.1439742435485862e-18Layer conv1.att_dst grad: 1.1439742435485862e-18Layer conv1.att_dst grad: 1.1439742435485862e-18



Layer conv1.bias grad: 1.2388887658809633e-12Layer conv1.bias grad: 1.2388887658809633e-12
Layer conv1.bias grad: 1.2388887658809633e-12Layer conv1.bias grad: 1.2388887658809633e-12


Layer conv1.lin.weight grad: 7.552139252506307e-13
Layer conv1.lin.weight grad: 7.552139252506307e-13Layer conv1.lin.weight grad: 7.552139252506307e-13
Layer conv1.lin.weight grad: 7.552139252506307e-13

Layer conv2.att_src grad: 3.8892672724111477e-19
Layer conv2.att_src grad: 3.8892672724111477e-19
Layer conv2.att_src grad: 3.8892672724111477e-19Layer conv2.att_src grad: 3.8892672724111477e-19

Layer conv2.att_dst grad: 2.3624971058277484e-19
Layer conv2.att_dst grad: 2.3624971058277484e-19
Layer conv2.att_dst grad: 2.3624971058277484e-19
Layer conv2.att_dst grad: 2.3624971058277484e-19
Layer conv2.bias grad: 2.701839967034214e-11
Layer conv2.bias grad: 2.701839967034214e-11
Layer conv2.bias grad: 2.701839967034214e-11
Layer conv2.bias grad: 2.701839967034214e-11
Layer conv2.lin.weight grad: 8.847286239125479e-14
Layer conv2.lin.weight grad: 8.847286239125479e-14
Layer conv2.lin.weight grad: 8.847286239125479e-14
Layer conv2.lin.weight grad: 8.847286239125479e-14
Layer conv3.att_src grad: 9.594554778966886e-19
Layer conv3.att_src grad: 9.594554778966886e-19
Layer conv3.att_src grad: 9.594554778966886e-19
Layer conv3.att_src grad: 9.594554778966886e-19
Layer conv3.att_dst grad: 2.4676020348799745e-19
Layer conv3.att_dst grad: 2.4676020348799745e-19
Layer conv3.att_dst grad: 2.4676020348799745e-19
Layer conv3.att_dst grad: 2.4676020348799745e-19
Layer conv3.bias grad: 1.0640293091057629e-09
Layer conv3.bias grad: 1.0640293091057629e-09
Layer conv3.bias grad: 1.0640293091057629e-09
Layer conv3.bias grad: 1.0640293091057629e-09
Layer conv3.lin.weight grad: 7.299725060527784e-13
Layer conv3.lin.weight grad: 7.299725060527784e-13
Layer conv3.lin.weight grad: 7.299725060527784e-13
Layer conv3.lin.weight grad: 7.299725060527784e-13
Layer conv4.att_src grad: 2.2734389119723798e-17
Layer conv4.att_src grad: 2.2734389119723798e-17
Layer conv4.att_src grad: 2.2734389119723798e-17
Layer conv4.att_src grad: 2.2734389119723798e-17
Layer conv4.att_dst grad: 2.0311986559959193e-18
Layer conv4.att_dst grad: 2.0311986559959193e-18
Layer conv4.att_dst grad: 2.0311986559959193e-18
Layer conv4.att_dst grad: 2.0311986559959193e-18
Layer conv4.bias grad: 3.005920490295466e-08
Layer conv4.bias grad: 3.005920490295466e-08
Layer conv4.bias grad: 3.005920490295466e-08
Layer conv4.bias grad: 3.005920490295466e-08
Layer conv4.lin.weight grad: 1.8147464433959648e-11
Layer conv4.lin.weight grad: 1.8147464433959648e-11
Layer conv4.lin.weight grad: 1.8147464433959648e-11
Layer conv4.lin.weight grad: 1.8147464433959648e-11
Layer fc.weight grad: 1.161892249079699e-09
Layer fc.weight grad: 1.161892249079699e-09
Layer fc.weight grad: 1.161892249079699e-09
Layer fc.weight grad: 1.161892249079699e-09
Layer fc.bias grad: 2.8247777663636953e-06
Layer fc.bias grad: 2.8247777663636953e-06
Layer fc.bias grad: 2.8247777663636953e-06
Layer fc.bias grad: 2.8247777663636953e-06
Softmax output at epoch 3: tensor([[0.0525, 0.0535, 0.0532, 0.0524, 0.0518, 0.0526, 0.0529, 0.0528, 0.0526,
         0.0528, 0.0526, 0.0519, 0.0528, 0.0522, 0.0529, 0.0529, 0.0528, 0.0527,
         0.0519]], device='cuda:0', grad_fn=<SliceBackward0>)
Softmax output at epoch 3: tensor([[0.0525, 0.0535, 0.0532, 0.0524, 0.0518, 0.0526, 0.0529, 0.0528, 0.0526,
         0.0528, 0.0526, 0.0519, 0.0528, 0.0522, 0.0529, 0.0529, 0.0528, 0.0527,
         0.0519]], device='cuda:1', grad_fn=<SliceBackward0>)
Softmax output at epoch 3: tensor([[0.0525, 0.0535, 0.0532, 0.0524, 0.0518, 0.0526, 0.0529, 0.0528, 0.0526,
         0.0528, 0.0526, 0.0519, 0.0528, 0.0522, 0.0529, 0.0529, 0.0528, 0.0527,
         0.0519]], device='cuda:2', grad_fn=<SliceBackward0>)
Softmax output at epoch 3: tensor([[0.0525, 0.0535, 0.0532, 0.0524, 0.0518, 0.0526, 0.0529, 0.0528, 0.0526,
         0.0528, 0.0526, 0.0519, 0.0528, 0.0522, 0.0529, 0.0529, 0.0528, 0.0527,
         0.0519]], device='cuda:3', grad_fn=<SliceBackward0>)
pt values at epoch 3: tensor([0.0525], device='cuda:0', grad_fn=<SliceBackward0>)
pt values at epoch 3: tensor([0.0525], device='cuda:1', grad_fn=<SliceBackward0>)
pt values at epoch 3: tensor([0.0525], device='cuda:2', grad_fn=<SliceBackward0>)
pt values at epoch 3: tensor([0.0525], device='cuda:3', grad_fn=<SliceBackward0>)
Layer conv1.att_src grad: 1.0808170185466924e-17Layer conv1.att_src grad: 1.0808170185466924e-17Layer conv1.att_src grad: 1.0808170185466924e-17Layer conv1.att_src grad: 1.0808170185466924e-17



Layer conv1.att_dst grad: 2.044146720919365e-18Layer conv1.att_dst grad: 2.044146720919365e-18Layer conv1.att_dst grad: 2.044146720919365e-18


Layer conv1.att_dst grad: 2.044146720919365e-18
Layer conv1.bias grad: 1.5115037043170187e-12Layer conv1.bias grad: 1.5115037043170187e-12Layer conv1.bias grad: 1.5115037043170187e-12


Layer conv1.bias grad: 1.5115037043170187e-12
Layer conv1.lin.weight grad: 9.97110055113437e-13Layer conv1.lin.weight grad: 9.97110055113437e-13

Layer conv1.lin.weight grad: 9.97110055113437e-13
Layer conv1.lin.weight grad: 9.97110055113437e-13
Layer conv2.att_src grad: 4.495672862485889e-19Layer conv2.att_src grad: 4.495672862485889e-19

Layer conv2.att_src grad: 4.495672862485889e-19
Layer conv2.att_src grad: 4.495672862485889e-19
Layer conv2.att_dst grad: 2.331648438858349e-19Layer conv2.att_dst grad: 2.331648438858349e-19

Layer conv2.att_dst grad: 2.331648438858349e-19
Layer conv2.att_dst grad: 2.331648438858349e-19
Layer conv2.bias grad: 3.289997441147108e-11Layer conv2.bias grad: 3.289997441147108e-11
Layer conv2.bias grad: 3.289997441147108e-11

Layer conv2.bias grad: 3.289997441147108e-11
Layer conv2.lin.weight grad: 1.1396095113587468e-13Layer conv2.lin.weight grad: 1.1396095113587468e-13
Layer conv2.lin.weight grad: 1.1396095113587468e-13

Layer conv2.lin.weight grad: 1.1396095113587468e-13Layer conv3.att_src grad: 1.7001300589768035e-18Layer conv3.att_src grad: 1.7001300589768035e-18
Layer conv3.att_src grad: 1.7001300589768035e-18


Layer conv3.att_dst grad: 6.838671253324232e-19Layer conv3.att_dst grad: 6.838671253324232e-19Layer conv3.att_dst grad: 6.838671253324232e-19

Layer conv3.att_src grad: 1.7001300589768035e-18

Layer conv3.bias grad: 1.1502512275995969e-09Layer conv3.bias grad: 1.1502512275995969e-09

Layer conv3.bias grad: 1.1502512275995969e-09
Layer conv3.att_dst grad: 6.838671253324232e-19
Layer conv3.lin.weight grad: 8.634239156979362e-13Layer conv3.lin.weight grad: 8.634239156979362e-13

Layer conv3.lin.weight grad: 8.634239156979362e-13Layer conv3.bias grad: 1.1502512275995969e-09

Layer conv4.att_src grad: 2.6786080233047363e-17Layer conv4.att_src grad: 2.6786080233047363e-17

Layer conv4.att_src grad: 2.6786080233047363e-17
Layer conv3.lin.weight grad: 8.634239156979362e-13
Layer conv4.att_dst grad: 5.647426739695537e-18Layer conv4.att_dst grad: 5.647426739695537e-18

Layer conv4.att_dst grad: 5.647426739695537e-18
Layer conv4.att_src grad: 2.6786080233047363e-17
Layer conv4.bias grad: 3.3258650944389956e-08Layer conv4.bias grad: 3.3258650944389956e-08

Layer conv4.bias grad: 3.3258650944389956e-08
Layer conv4.att_dst grad: 5.647426739695537e-18
Layer conv4.lin.weight grad: 2.0488988977662714e-11Layer conv4.lin.weight grad: 2.0488988977662714e-11

Layer conv4.lin.weight grad: 2.0488988977662714e-11
Layer conv4.bias grad: 3.3258650944389956e-08
Layer fc.weight grad: 1.9273276308240384e-09Layer fc.weight grad: 1.9273276308240384e-09

Layer fc.weight grad: 1.9273276308240384e-09
Layer fc.bias grad: 4.063904270878993e-06Layer fc.bias grad: 4.063904270878993e-06
Layer conv4.lin.weight grad: 2.0488988977662714e-11Layer fc.bias grad: 4.063904270878993e-06


Layer fc.weight grad: 1.9273276308240384e-09
Layer fc.bias grad: 4.063904270878993e-06
Softmax output at epoch 3: tensor([[0.0526, 0.0535, 0.0532, 0.0524, 0.0518, 0.0525, 0.0530, 0.0529, 0.0526,
         0.0528, 0.0527, 0.0519, 0.0529, 0.0522, 0.0529, 0.0529, 0.0527, 0.0527,
         0.0519]], device='cuda:0', grad_fn=<SliceBackward0>)
Softmax output at epoch 3: tensor([[0.0526, 0.0535, 0.0532, 0.0524, 0.0518, 0.0525, 0.0530, 0.0529, 0.0526,
         0.0528, 0.0527, 0.0519, 0.0529, 0.0522, 0.0529, 0.0529, 0.0527, 0.0527,
         0.0519]], device='cuda:3', grad_fn=<SliceBackward0>)
Softmax output at epoch 3: tensor([[0.0526, 0.0535, 0.0532, 0.0524, 0.0518, 0.0525, 0.0530, 0.0529, 0.0526,
         0.0528, 0.0527, 0.0519, 0.0529, 0.0522, 0.0529, 0.0529, 0.0527, 0.0527,
         0.0519]], device='cuda:1', grad_fn=<SliceBackward0>)
pt values at epoch 3: tensor([0.0526], device='cuda:0', grad_fn=<SliceBackward0>)
pt values at epoch 3: tensor([0.0526], device='cuda:3', grad_fn=<SliceBackward0>)
pt values at epoch 3: tensor([0.0526], device='cuda:1', grad_fn=<SliceBackward0>)
Softmax output at epoch 3: tensor([[0.0526, 0.0535, 0.0532, 0.0524, 0.0518, 0.0525, 0.0530, 0.0529, 0.0526,
         0.0528, 0.0527, 0.0519, 0.0529, 0.0522, 0.0529, 0.0529, 0.0527, 0.0527,
         0.0519]], device='cuda:2', grad_fn=<SliceBackward0>)
pt values at epoch 3: tensor([0.0526], device='cuda:2', grad_fn=<SliceBackward0>)
Layer conv1.att_src grad: 1.1537633470717225e-17Layer conv1.att_src grad: 1.1537633470717225e-17Layer conv1.att_src grad: 1.1537633470717225e-17Layer conv1.att_src grad: 1.1537633470717225e-17



Layer conv1.att_dst grad: 1.4970413987658201e-18Layer conv1.att_dst grad: 1.4970413987658201e-18Layer conv1.att_dst grad: 1.4970413987658201e-18


Layer conv1.att_dst grad: 1.4970413987658201e-18
Layer conv1.bias grad: 1.3318875082685144e-12Layer conv1.bias grad: 1.3318875082685144e-12Layer conv1.bias grad: 1.3318875082685144e-12


Layer conv1.bias grad: 1.3318875082685144e-12
Layer conv1.lin.weight grad: 6.860284909593339e-13Layer conv1.lin.weight grad: 6.860284909593339e-13
Layer conv1.lin.weight grad: 6.860284909593339e-13

Layer conv1.lin.weight grad: 6.860284909593339e-13
Layer conv2.att_src grad: 3.4321651979628132e-19
Layer conv2.att_src grad: 3.4321651979628132e-19Layer conv2.att_src grad: 3.4321651979628132e-19

Layer conv2.att_src grad: 3.4321651979628132e-19
Layer conv2.att_dst grad: 1.9802230820606679e-19
Layer conv2.att_dst grad: 1.9802230820606679e-19Layer conv2.att_dst grad: 1.9802230820606679e-19

Layer conv2.att_dst grad: 1.9802230820606679e-19
Layer conv2.bias grad: 2.727360698395742e-11
Layer conv2.bias grad: 2.727360698395742e-11Layer conv2.bias grad: 2.727360698395742e-11

Layer conv2.bias grad: 2.727360698395742e-11
Layer conv2.lin.weight grad: 8.084800732534314e-14
Layer conv2.lin.weight grad: 8.084800732534314e-14Layer conv2.lin.weight grad: 8.084800732534314e-14

Layer conv3.att_src grad: 8.253867679971299e-19
Layer conv2.lin.weight grad: 8.084800732534314e-14
Layer conv3.att_src grad: 8.253867679971299e-19Layer conv3.att_src grad: 8.253867679971299e-19

Layer conv3.att_dst grad: 1.5048348877021416e-19
Layer conv3.att_src grad: 8.253867679971299e-19Layer conv3.att_dst grad: 1.5048348877021416e-19
Layer conv3.att_dst grad: 1.5048348877021416e-19

Layer conv3.bias grad: 9.927964006450907e-10
Layer conv3.bias grad: 9.927964006450907e-10Layer conv3.bias grad: 9.927964006450907e-10Layer conv3.att_dst grad: 1.5048348877021416e-19


Layer conv3.lin.weight grad: 5.664012553245612e-13
Layer conv3.lin.weight grad: 5.664012553245612e-13Layer conv3.bias grad: 9.927964006450907e-10Layer conv3.lin.weight grad: 5.664012553245612e-13


Layer conv4.att_src grad: 1.5380996665227472e-17
Layer conv4.att_src grad: 1.5380996665227472e-17
Layer conv4.att_src grad: 1.5380996665227472e-17Layer conv4.att_dst grad: 4.616730745133025e-18

Layer conv3.lin.weight grad: 5.664012553245612e-13
Layer conv4.att_dst grad: 4.616730745133025e-18
Layer conv4.att_dst grad: 4.616730745133025e-18Layer conv4.bias grad: 3.5832307787586615e-08

Layer conv4.att_src grad: 1.5380996665227472e-17
Layer conv4.bias grad: 3.5832307787586615e-08
Layer conv4.bias grad: 3.5832307787586615e-08
Layer conv4.lin.weight grad: 1.521072157117942e-11
Layer conv4.att_dst grad: 4.616730745133025e-18
Layer conv4.lin.weight grad: 1.521072157117942e-11
Layer conv4.lin.weight grad: 1.521072157117942e-11
Layer fc.weight grad: 1.5848368173365657e-09
Layer conv4.bias grad: 3.5832307787586615e-08
Layer fc.weight grad: 1.5848368173365657e-09
Layer fc.weight grad: 1.5848368173365657e-09Layer fc.bias grad: 3.2342907161364565e-06

Layer fc.bias grad: 3.2342907161364565e-06Layer conv4.lin.weight grad: 1.521072157117942e-11

Layer fc.bias grad: 3.2342907161364565e-06
Layer fc.weight grad: 1.5848368173365657e-09
Layer fc.bias grad: 3.2342907161364565e-06
Softmax output at epoch 3: tensor([[0.0526, 0.0535, 0.0532, 0.0525, 0.0518, 0.0524, 0.0530, 0.0529, 0.0527,
         0.0528, 0.0527, 0.0519, 0.0529, 0.0523, 0.0529, 0.0529, 0.0526, 0.0526,
         0.0519]], device='cuda:0', grad_fn=<SliceBackward0>)
Softmax output at epoch 3: tensor([[0.0526, 0.0535, 0.0532, 0.0525, 0.0518, 0.0524, 0.0530, 0.0529, 0.0527,
         0.0528, 0.0527, 0.0519, 0.0529, 0.0523, 0.0529, 0.0529, 0.0526, 0.0526,
         0.0519]], device='cuda:3', grad_fn=<SliceBackward0>)
Softmax output at epoch 3: tensor([[0.0526, 0.0535, 0.0532, 0.0525, 0.0518, 0.0524, 0.0530, 0.0529, 0.0527,
         0.0528, 0.0527, 0.0519, 0.0529, 0.0523, 0.0529, 0.0529, 0.0526, 0.0526,
         0.0519]], device='cuda:1', grad_fn=<SliceBackward0>)
pt values at epoch 3: tensor([0.0526], device='cuda:0', grad_fn=<SliceBackward0>)
pt values at epoch 3: tensor([0.0526], device='cuda:3', grad_fn=<SliceBackward0>)
pt values at epoch 3: tensor([0.0526], device='cuda:1', grad_fn=<SliceBackward0>)
Softmax output at epoch 3: tensor([[0.0526, 0.0535, 0.0532, 0.0525, 0.0518, 0.0524, 0.0530, 0.0529, 0.0527,
         0.0528, 0.0527, 0.0519, 0.0529, 0.0523, 0.0529, 0.0529, 0.0526, 0.0526,
         0.0519]], device='cuda:2', grad_fn=<SliceBackward0>)
pt values at epoch 3: tensor([0.0526], device='cuda:2', grad_fn=<SliceBackward0>)
Layer conv1.att_src grad: 1.680024503610513e-17Layer conv1.att_src grad: 1.680024503610513e-17Layer conv1.att_src grad: 1.680024503610513e-17Layer conv1.att_src grad: 1.680024503610513e-17



Layer conv1.att_dst grad: 1.6841651629618004e-18
Layer conv1.att_dst grad: 1.6841651629618004e-18Layer conv1.att_dst grad: 1.6841651629618004e-18

Layer conv1.att_dst grad: 1.6841651629618004e-18
Layer conv1.bias grad: 1.4348164583538603e-12
Layer conv1.bias grad: 1.4348164583538603e-12Layer conv1.bias grad: 1.4348164583538603e-12

Layer conv1.bias grad: 1.4348164583538603e-12
Layer conv1.lin.weight grad: 8.565701858746777e-13
Layer conv1.lin.weight grad: 8.565701858746777e-13Layer conv1.lin.weight grad: 8.565701858746777e-13

Layer conv1.lin.weight grad: 8.565701858746777e-13
Layer conv2.att_src grad: 2.6933352296486916e-19
Layer conv2.att_src grad: 2.6933352296486916e-19Layer conv2.att_src grad: 2.6933352296486916e-19

Layer conv2.att_src grad: 2.6933352296486916e-19
Layer conv2.att_dst grad: 1.6275793140700904e-19
Layer conv2.att_dst grad: 1.6275793140700904e-19Layer conv2.att_dst grad: 1.6275793140700904e-19

Layer conv2.att_dst grad: 1.6275793140700904e-19
Layer conv2.bias grad: 3.751939037233143e-11
Layer conv2.bias grad: 3.751939037233143e-11Layer conv2.bias grad: 3.751939037233143e-11

Layer conv2.bias grad: 3.751939037233143e-11
Layer conv2.lin.weight grad: 1.130335788076392e-13
Layer conv2.lin.weight grad: 1.130335788076392e-13Layer conv2.lin.weight grad: 1.130335788076392e-13

Layer conv2.lin.weight grad: 1.130335788076392e-13
Layer conv3.att_src grad: 2.5032165546473866e-19
Layer conv3.att_src grad: 2.5032165546473866e-19Layer conv3.att_src grad: 2.5032165546473866e-19

Layer conv3.att_src grad: 2.5032165546473866e-19Layer conv3.att_dst grad: 1.0606353444694712e-19

Layer conv3.att_dst grad: 1.0606353444694712e-19Layer conv3.att_dst grad: 1.0606353444694712e-19

Layer conv3.att_dst grad: 1.0606353444694712e-19Layer conv3.bias grad: 1.3786944919047528e-09

Layer conv3.bias grad: 1.3786944919047528e-09Layer conv3.bias grad: 1.3786944919047528e-09

Layer conv3.bias grad: 1.3786944919047528e-09
Layer conv3.lin.weight grad: 4.0180172015090443e-13
Layer conv3.lin.weight grad: 4.0180172015090443e-13Layer conv3.lin.weight grad: 4.0180172015090443e-13

Layer conv3.lin.weight grad: 4.0180172015090443e-13Layer conv4.att_src grad: 4.3379212478659016e-18

Layer conv4.att_src grad: 4.3379212478659016e-18Layer conv4.att_src grad: 4.3379212478659016e-18
Layer conv4.att_dst grad: 1.1993984465169361e-18Layer conv4.att_src grad: 4.3379212478659016e-18


Layer conv4.att_dst grad: 1.1993984465169361e-18
Layer conv4.bias grad: 5.327542851318867e-08Layer conv4.att_dst grad: 1.1993984465169361e-18Layer conv4.att_dst grad: 1.1993984465169361e-18


Layer conv4.bias grad: 5.327542851318867e-08
Layer conv4.bias grad: 5.327542851318867e-08Layer conv4.bias grad: 5.327542851318867e-08
Layer conv4.lin.weight grad: 1.0500273393831971e-11

Layer conv4.lin.weight grad: 1.0500273393831971e-11
Layer conv4.lin.weight grad: 1.0500273393831971e-11Layer fc.weight grad: 1.9895767255917463e-09
Layer conv4.lin.weight grad: 1.0500273393831971e-11

Layer fc.weight grad: 1.9895767255917463e-09
Layer fc.weight grad: 1.9895767255917463e-09Layer fc.bias grad: 4.2386700442875735e-06

Layer fc.weight grad: 1.9895767255917463e-09
Layer fc.bias grad: 4.2386700442875735e-06
Layer fc.bias grad: 4.2386700442875735e-06
Layer fc.bias grad: 4.2386700442875735e-06
Softmax output at epoch 3: tensor([[0.0526, 0.0534, 0.0531, 0.0525, 0.0519, 0.0523, 0.0529, 0.0529, 0.0527,
         0.0528, 0.0527, 0.0519, 0.0529, 0.0523, 0.0529, 0.0528, 0.0526, 0.0526,
         0.0520]], device='cuda:3', grad_fn=<SliceBackward0>)Softmax output at epoch 3: tensor([[0.0526, 0.0534, 0.0531, 0.0525, 0.0519, 0.0523, 0.0529, 0.0529, 0.0527,
         0.0528, 0.0527, 0.0519, 0.0529, 0.0523, 0.0529, 0.0528, 0.0526, 0.0526,
         0.0520]], device='cuda:0', grad_fn=<SliceBackward0>)Softmax output at epoch 3: tensor([[0.0526, 0.0534, 0.0531, 0.0525, 0.0519, 0.0523, 0.0529, 0.0529, 0.0527,
         0.0528, 0.0527, 0.0519, 0.0529, 0.0523, 0.0529, 0.0528, 0.0526, 0.0526,
         0.0520]], device='cuda:1', grad_fn=<SliceBackward0>)


Softmax output at epoch 3: tensor([[0.0526, 0.0534, 0.0531, 0.0525, 0.0519, 0.0523, 0.0529, 0.0529, 0.0527,
         0.0528, 0.0527, 0.0519, 0.0529, 0.0523, 0.0529, 0.0528, 0.0526, 0.0526,
         0.0520]], device='cuda:2', grad_fn=<SliceBackward0>)
pt values at epoch 3: tensor([0.0526], device='cuda:1', grad_fn=<SliceBackward0>)pt values at epoch 3: tensor([0.0526], device='cuda:0', grad_fn=<SliceBackward0>)
pt values at epoch 3: tensor([0.0526], device='cuda:3', grad_fn=<SliceBackward0>)

pt values at epoch 3: tensor([0.0526], device='cuda:2', grad_fn=<SliceBackward0>)
Layer conv1.att_src grad: 5.108406074053932e-18Layer conv1.att_src grad: 5.108406074053932e-18

Layer conv1.att_dst grad: 4.768882347006029e-19
Layer conv1.att_dst grad: 4.768882347006029e-19
Layer conv1.bias grad: 3.4532086391758643e-12
Layer conv1.bias grad: 3.4532086391758643e-12
Layer conv1.lin.weight grad: 2.037353358935734e-12
Layer conv2.att_src grad: 6.264725781449719e-19
Layer conv1.lin.weight grad: 2.037353358935734e-12
Layer conv2.att_dst grad: 3.275645306973705e-19
Layer conv2.att_src grad: 6.264725781449719e-19
Layer conv2.bias grad: 1.3743174653857437e-10
Layer conv2.att_dst grad: 3.275645306973705e-19
Layer conv2.lin.weight grad: 3.8927807375147006e-13
Layer conv2.bias grad: 1.3743174653857437e-10
Layer conv3.att_src grad: 6.239705635871521e-19
Layer conv3.att_dst grad: 2.2312116518942774e-19
Layer conv2.lin.weight grad: 3.8927807375147006e-13Layer conv1.att_src grad: 5.108406074053932e-18

Layer conv3.bias grad: 6.183923151326098e-09Layer conv1.att_src grad: 5.108406074053932e-18

Layer conv3.att_src grad: 6.239705635871521e-19Layer conv1.att_dst grad: 4.768882347006029e-19
Layer conv3.lin.weight grad: 1.568762481030106e-12

Layer conv1.att_dst grad: 4.768882347006029e-19
Layer conv4.att_src grad: 2.0637868424344872e-17Layer conv3.att_dst grad: 2.2312116518942774e-19Layer conv1.bias grad: 3.4532086391758643e-12


Layer conv1.bias grad: 3.4532086391758643e-12
Layer conv4.att_dst grad: 9.676592070578058e-18
Layer conv3.bias grad: 6.183923151326098e-09
Layer conv1.lin.weight grad: 2.037353358935734e-12
Layer conv4.bias grad: 2.663205123099033e-07
Layer conv1.lin.weight grad: 2.037353358935734e-12
Layer conv2.att_src grad: 6.264725781449719e-19
Layer conv3.lin.weight grad: 1.568762481030106e-12
Layer conv4.lin.weight grad: 6.847841044210767e-11
Layer conv2.att_dst grad: 3.275645306973705e-19
Layer conv2.att_src grad: 6.264725781449719e-19Layer conv4.att_src grad: 2.0637868424344872e-17
Layer fc.weight grad: 6.291157372828593e-09

Layer conv2.bias grad: 1.3743174653857437e-10
Layer fc.bias grad: 1.3192288861318957e-05
Layer conv4.att_dst grad: 9.676592070578058e-18Layer conv2.att_dst grad: 3.275645306973705e-19

Layer conv2.lin.weight grad: 3.8927807375147006e-13
Layer conv4.bias grad: 2.663205123099033e-07
Layer conv2.bias grad: 1.3743174653857437e-10
Layer conv3.att_src grad: 6.239705635871521e-19
Layer conv4.lin.weight grad: 6.847841044210767e-11
Layer conv3.att_dst grad: 2.2312116518942774e-19
Layer conv2.lin.weight grad: 3.8927807375147006e-13
Layer conv3.bias grad: 6.183923151326098e-09
Layer fc.weight grad: 6.291157372828593e-09
Layer conv3.att_src grad: 6.239705635871521e-19
Layer conv3.lin.weight grad: 1.568762481030106e-12Layer fc.bias grad: 1.3192288861318957e-05

Layer conv3.att_dst grad: 2.2312116518942774e-19
Layer conv4.att_src grad: 2.0637868424344872e-17
Layer conv4.att_dst grad: 9.676592070578058e-18
Layer conv3.bias grad: 6.183923151326098e-09
Layer conv4.bias grad: 2.663205123099033e-07
Layer conv3.lin.weight grad: 1.568762481030106e-12
Layer conv4.lin.weight grad: 6.847841044210767e-11
Layer fc.weight grad: 6.291157372828593e-09Layer conv4.att_src grad: 2.0637868424344872e-17

Layer fc.bias grad: 1.3192288861318957e-05
Layer conv4.att_dst grad: 9.676592070578058e-18
Layer conv4.bias grad: 2.663205123099033e-07
Layer conv4.lin.weight grad: 6.847841044210767e-11
Layer fc.weight grad: 6.291157372828593e-09
Layer fc.bias grad: 1.3192288861318957e-05
Precision: 0.0000, Recall: 0.0005, F1-Score: 0.0000
Fold 2, Epoch 3, Train Loss: 0.0011, Val Loss: 0.0011, Val Acc: 0.0004
Completed Fold 2
Starting Fold 3
Class weights: [2.12006644e-05 5.24792767e-02 5.46359593e-02 5.38976355e-02
 6.04306823e-02 5.53947921e-02 5.95287318e-02 5.78032613e-02
 5.04863928e-02 5.17977277e-02 5.53947921e-02 5.78032613e-02
 6.04306823e-02 5.38976355e-02 5.31790004e-02 5.95287318e-02
 5.46359593e-02 5.24792767e-02 5.61750004e-02]
Class weights: [2.12006644e-05 5.24792767e-02 5.46359593e-02 5.38976355e-02
 6.04306823e-02 5.53947921e-02 5.95287318e-02 5.78032613e-02
 5.04863928e-02 5.17977277e-02 5.53947921e-02 5.78032613e-02
 6.04306823e-02 5.38976355e-02 5.31790004e-02 5.95287318e-02
 5.46359593e-02 5.24792767e-02 5.61750004e-02]
Class weights: [2.12006644e-05 5.24792767e-02 5.46359593e-02 5.38976355e-02
 6.04306823e-02 5.53947921e-02 5.95287318e-02 5.78032613e-02
 5.04863928e-02 5.17977277e-02 5.53947921e-02 5.78032613e-02
 6.04306823e-02 5.38976355e-02 5.31790004e-02 5.95287318e-02
 5.46359593e-02 5.24792767e-02 5.61750004e-02]
Class weights: [2.12006644e-05 5.24792767e-02 5.46359593e-02 5.38976355e-02
 6.04306823e-02 5.53947921e-02 5.95287318e-02 5.78032613e-02
 5.04863928e-02 5.17977277e-02 5.53947921e-02 5.78032613e-02
 6.04306823e-02 5.38976355e-02 5.31790004e-02 5.95287318e-02
 5.46359593e-02 5.24792767e-02 5.61750004e-02]
Class weights: [2.02633130e-05 6.80729210e-02 5.60600526e-02 5.95638058e-02
 3.97092039e-02 5.29456052e-02 4.14356910e-02 4.53819473e-02
 8.66382630e-02 7.33092995e-02 5.29456052e-02 4.53819473e-02
 3.97092039e-02 5.95638058e-02 6.35347262e-02 4.14356910e-02
 5.60600526e-02 6.80729210e-02 5.01589944e-02]
Class weights: [2.02633130e-05 6.80729210e-02 5.60600526e-02 5.95638058e-02
 3.97092039e-02 5.29456052e-02 4.14356910e-02 4.53819473e-02
 8.66382630e-02 7.33092995e-02 5.29456052e-02 4.53819473e-02
 3.97092039e-02 5.95638058e-02 6.35347262e-02 4.14356910e-02
 5.60600526e-02 6.80729210e-02 5.01589944e-02]
Softmax output at epoch 1: tensor([[0.0527, 0.0534, 0.0531, 0.0526, 0.0519, 0.0523, 0.0528, 0.0528, 0.0527,
         0.0528, 0.0528, 0.0520, 0.0530, 0.0523, 0.0528, 0.0528, 0.0525, 0.0526,
         0.0521]], device='cuda:3', grad_fn=<SliceBackward0>)
pt values at epoch 1: tensor([0.0527], device='cuda:3', grad_fn=<SliceBackward0>)
Softmax output at epoch 1: tensor([[0.0527, 0.0534, 0.0531, 0.0526, 0.0519, 0.0523, 0.0528, 0.0528, 0.0527,
         0.0528, 0.0528, 0.0520, 0.0530, 0.0523, 0.0528, 0.0528, 0.0525, 0.0526,
         0.0521]], device='cuda:1', grad_fn=<SliceBackward0>)
pt values at epoch 1: tensor([0.0527], device='cuda:1', grad_fn=<SliceBackward0>)
Class weights: [2.02633130e-05 6.80729210e-02 5.60600526e-02 5.95638058e-02
 3.97092039e-02 5.29456052e-02 4.14356910e-02 4.53819473e-02
 8.66382630e-02 7.33092995e-02 5.29456052e-02 4.53819473e-02
 3.97092039e-02 5.95638058e-02 6.35347262e-02 4.14356910e-02
 5.60600526e-02 6.80729210e-02 5.01589944e-02]
Softmax output at epoch 1: tensor([[0.0527, 0.0534, 0.0531, 0.0526, 0.0519, 0.0523, 0.0528, 0.0528, 0.0527,
         0.0528, 0.0528, 0.0520, 0.0530, 0.0523, 0.0528, 0.0528, 0.0525, 0.0526,
         0.0521]], device='cuda:2', grad_fn=<SliceBackward0>)
pt values at epoch 1: tensor([0.0527], device='cuda:2', grad_fn=<SliceBackward0>)
Class weights: [2.02633130e-05 6.80729210e-02 5.60600526e-02 5.95638058e-02
 3.97092039e-02 5.29456052e-02 4.14356910e-02 4.53819473e-02
 8.66382630e-02 7.33092995e-02 5.29456052e-02 4.53819473e-02
 3.97092039e-02 5.95638058e-02 6.35347262e-02 4.14356910e-02
 5.60600526e-02 6.80729210e-02 5.01589944e-02]
Softmax output at epoch 1: tensor([[0.0527, 0.0534, 0.0531, 0.0526, 0.0519, 0.0523, 0.0528, 0.0528, 0.0527,
         0.0528, 0.0528, 0.0520, 0.0530, 0.0523, 0.0528, 0.0528, 0.0525, 0.0526,
         0.0521]], device='cuda:0', grad_fn=<SliceBackward0>)
pt values at epoch 1: tensor([0.0527], device='cuda:0', grad_fn=<SliceBackward0>)
Layer conv1.att_src grad: 5.9270770660553206e-18Layer conv1.att_src grad: 5.9270770660553206e-18Layer conv1.att_src grad: 5.9270770660553206e-18Layer conv1.att_src grad: 5.9270770660553206e-18



Layer conv1.att_dst grad: 3.979904037067997e-19
Layer conv1.att_dst grad: 3.979904037067997e-19Layer conv1.att_dst grad: 3.979904037067997e-19

Layer conv1.att_dst grad: 3.979904037067997e-19
Layer conv1.bias grad: 4.984787539338842e-13Layer conv1.bias grad: 4.984787539338842e-13Layer conv1.bias grad: 4.984787539338842e-13


Layer conv1.bias grad: 4.984787539338842e-13
Layer conv1.lin.weight grad: 2.956162333152268e-13Layer conv1.lin.weight grad: 2.956162333152268e-13Layer conv1.lin.weight grad: 2.956162333152268e-13
Layer conv1.lin.weight grad: 2.956162333152268e-13


Layer conv2.att_src grad: 9.283290979613215e-20
Layer conv2.att_src grad: 9.283290979613215e-20Layer conv2.att_src grad: 9.283290979613215e-20
Layer conv2.att_src grad: 9.283290979613215e-20

Layer conv2.att_dst grad: 4.938756164256011e-20
Layer conv2.att_dst grad: 4.938756164256011e-20
Layer conv2.att_dst grad: 4.938756164256011e-20
Layer conv2.att_dst grad: 4.938756164256011e-20
Layer conv2.bias grad: 1.547645345212345e-11
Layer conv2.bias grad: 1.547645345212345e-11
Layer conv2.bias grad: 1.547645345212345e-11
Layer conv2.bias grad: 1.547645345212345e-11
Layer conv2.lin.weight grad: 5.424634130562697e-14
Layer conv2.lin.weight grad: 5.424634130562697e-14
Layer conv2.lin.weight grad: 5.424634130562697e-14
Layer conv2.lin.weight grad: 5.424634130562697e-14
Layer conv3.att_src grad: 1.7102664852993931e-19
Layer conv3.att_src grad: 1.7102664852993931e-19
Layer conv3.att_src grad: 1.7102664852993931e-19
Layer conv3.att_dst grad: 5.736724376488845e-20Layer conv3.att_src grad: 1.7102664852993931e-19

Layer conv3.att_dst grad: 5.736724376488845e-20Layer conv3.att_dst grad: 5.736724376488845e-20

Layer conv3.bias grad: 9.575755743895797e-10
Layer conv3.att_dst grad: 5.736724376488845e-20Layer conv3.bias grad: 9.575755743895797e-10Layer conv3.bias grad: 9.575755743895797e-10


Layer conv3.lin.weight grad: 4.4155984749681687e-13
Layer conv3.bias grad: 9.575755743895797e-10
Layer conv3.lin.weight grad: 4.4155984749681687e-13Layer conv3.lin.weight grad: 4.4155984749681687e-13

Layer conv4.att_src grad: 1.2027894320790667e-17
Layer conv4.att_src grad: 1.2027894320790667e-17Layer conv4.att_src grad: 1.2027894320790667e-17
Layer conv3.lin.weight grad: 4.4155984749681687e-13

Layer conv4.att_dst grad: 2.1111835057121938e-18
Layer conv4.att_dst grad: 2.1111835057121938e-18
Layer conv4.att_dst grad: 2.1111835057121938e-18
Layer conv4.att_src grad: 1.2027894320790667e-17Layer conv4.bias grad: 4.479718285210765e-08

Layer conv4.bias grad: 4.479718285210765e-08
Layer conv4.bias grad: 4.479718285210765e-08
Layer conv4.att_dst grad: 2.1111835057121938e-18Layer conv4.lin.weight grad: 2.173656914183919e-11

Layer conv4.lin.weight grad: 2.173656914183919e-11
Layer conv4.lin.weight grad: 2.173656914183919e-11
Layer fc.weight grad: 1.5568825117995289e-09Layer conv4.bias grad: 4.479718285210765e-08

Layer fc.weight grad: 1.5568825117995289e-09
Layer fc.weight grad: 1.5568825117995289e-09
Layer fc.bias grad: 3.110442776232958e-06
Layer fc.bias grad: 3.110442776232958e-06Layer conv4.lin.weight grad: 2.173656914183919e-11

Layer fc.bias grad: 3.110442776232958e-06
Layer fc.weight grad: 1.5568825117995289e-09
Layer fc.bias grad: 3.110442776232958e-06
Softmax output at epoch 1: tensor([[0.0525, 0.0532, 0.0529, 0.0523, 0.0522, 0.0526, 0.0526, 0.0526, 0.0525,
         0.0526, 0.0526, 0.0523, 0.0534, 0.0522, 0.0531, 0.0526, 0.0528, 0.0525,
         0.0524]], device='cuda:3', grad_fn=<SliceBackward0>)
Softmax output at epoch 1: tensor([[0.0525, 0.0532, 0.0529, 0.0523, 0.0522, 0.0526, 0.0526, 0.0526, 0.0525,
         0.0526, 0.0526, 0.0523, 0.0534, 0.0522, 0.0531, 0.0526, 0.0528, 0.0525,
         0.0524]], device='cuda:1', grad_fn=<SliceBackward0>)
Softmax output at epoch 1: tensor([[0.0525, 0.0532, 0.0529, 0.0523, 0.0522, 0.0526, 0.0526, 0.0526, 0.0525,
         0.0526, 0.0526, 0.0523, 0.0534, 0.0522, 0.0531, 0.0526, 0.0528, 0.0525,
         0.0524]], device='cuda:2', grad_fn=<SliceBackward0>)
pt values at epoch 1: tensor([0.0525], device='cuda:3', grad_fn=<SliceBackward0>)
pt values at epoch 1: tensor([0.0525], device='cuda:1', grad_fn=<SliceBackward0>)
pt values at epoch 1: tensor([0.0525], device='cuda:2', grad_fn=<SliceBackward0>)
Softmax output at epoch 1: tensor([[0.0525, 0.0532, 0.0529, 0.0523, 0.0522, 0.0526, 0.0526, 0.0526, 0.0525,
         0.0526, 0.0526, 0.0523, 0.0534, 0.0522, 0.0531, 0.0526, 0.0528, 0.0525,
         0.0524]], device='cuda:0', grad_fn=<SliceBackward0>)
pt values at epoch 1: tensor([0.0525], device='cuda:0', grad_fn=<SliceBackward0>)
Layer conv1.att_src grad: 2.643793480247482e-17Layer conv1.att_src grad: 2.643793480247482e-17Layer conv1.att_src grad: 2.643793480247482e-17Layer conv1.att_src grad: 2.643793480247482e-17



Layer conv1.att_dst grad: 1.9968450179759795e-18Layer conv1.att_dst grad: 1.9968450179759795e-18Layer conv1.att_dst grad: 1.9968450179759795e-18
Layer conv1.att_dst grad: 1.9968450179759795e-18


Layer conv1.bias grad: 4.457307786753795e-12
Layer conv1.bias grad: 4.457307786753795e-12Layer conv1.bias grad: 4.457307786753795e-12

Layer conv1.bias grad: 4.457307786753795e-12
Layer conv1.lin.weight grad: 2.5967693707135142e-12
Layer conv1.lin.weight grad: 2.5967693707135142e-12Layer conv1.lin.weight grad: 2.5967693707135142e-12

Layer conv1.lin.weight grad: 2.5967693707135142e-12
Layer conv2.att_src grad: 3.9754862722115046e-18
Layer conv2.att_src grad: 3.9754862722115046e-18Layer conv2.att_src grad: 3.9754862722115046e-18

Layer conv2.att_src grad: 3.9754862722115046e-18
Layer conv2.att_dst grad: 2.1758208463431593e-18
Layer conv2.att_dst grad: 2.1758208463431593e-18Layer conv2.att_dst grad: 2.1758208463431593e-18

Layer conv2.att_dst grad: 2.1758208463431593e-18Layer conv2.bias grad: 6.602456081861163e-11

Layer conv2.bias grad: 6.602456081861163e-11Layer conv2.bias grad: 6.602456081861163e-11

Layer conv2.bias grad: 6.602456081861163e-11
Layer conv2.lin.weight grad: 2.0716767060516283e-13
Layer conv2.lin.weight grad: 2.0716767060516283e-13Layer conv2.lin.weight grad: 2.0716767060516283e-13

Layer conv3.att_src grad: 2.6507452715515e-17
Layer conv3.att_src grad: 2.6507452715515e-17Layer conv3.att_src grad: 2.6507452715515e-17

Layer conv3.att_dst grad: 8.031531664279549e-18
Layer conv3.att_dst grad: 8.031531664279549e-18Layer conv3.att_dst grad: 8.031531664279549e-18

Layer conv3.bias grad: 1.5412443543638688e-09
Layer conv3.bias grad: 1.5412443543638688e-09Layer conv3.bias grad: 1.5412443543638688e-09
Layer conv2.lin.weight grad: 2.0716767060516283e-13

Layer conv3.lin.weight grad: 3.1035209124841145e-12
Layer conv3.lin.weight grad: 3.1035209124841145e-12
Layer conv3.lin.weight grad: 3.1035209124841145e-12
Layer conv4.att_src grad: 3.427354708430996e-16Layer conv3.att_src grad: 2.6507452715515e-17

Layer conv4.att_src grad: 3.427354708430996e-16
Layer conv4.att_src grad: 3.427354708430996e-16
Layer conv4.att_dst grad: 8.600475423144137e-17
Layer conv3.att_dst grad: 8.031531664279549e-18
Layer conv4.att_dst grad: 8.600475423144137e-17
Layer conv4.att_dst grad: 8.600475423144137e-17
Layer conv4.bias grad: 3.874907861245447e-08
Layer conv4.bias grad: 3.874907861245447e-08Layer conv3.bias grad: 1.5412443543638688e-09

Layer conv4.bias grad: 3.874907861245447e-08
Layer conv4.lin.weight grad: 7.110878552651911e-11
Layer conv4.lin.weight grad: 7.110878552651911e-11
Layer conv4.lin.weight grad: 7.110878552651911e-11
Layer conv3.lin.weight grad: 3.1035209124841145e-12
Layer fc.weight grad: 7.738841567572763e-09
Layer fc.weight grad: 7.738841567572763e-09
Layer fc.weight grad: 7.738841567572763e-09
Layer conv4.att_src grad: 3.427354708430996e-16
Layer fc.bias grad: 4.281388100935146e-06
Layer fc.bias grad: 4.281388100935146e-06
Layer fc.bias grad: 4.281388100935146e-06
Layer conv4.att_dst grad: 8.600475423144137e-17
Layer conv4.bias grad: 3.874907861245447e-08
Layer conv4.lin.weight grad: 7.110878552651911e-11
Layer fc.weight grad: 7.738841567572763e-09
Layer fc.bias grad: 4.281388100935146e-06
Softmax output at epoch 1: tensor([[0.0526, 0.0530, 0.0526, 0.0524, 0.0524, 0.0529, 0.0526, 0.0524, 0.0523,
         0.0526, 0.0524, 0.0526, 0.0533, 0.0524, 0.0529, 0.0528, 0.0527, 0.0522,
         0.0527]], device='cuda:3', grad_fn=<SliceBackward0>)
Softmax output at epoch 1: tensor([[0.0526, 0.0530, 0.0526, 0.0524, 0.0524, 0.0529, 0.0526, 0.0524, 0.0523,
         0.0526, 0.0524, 0.0526, 0.0533, 0.0524, 0.0529, 0.0528, 0.0527, 0.0522,
         0.0527]], device='cuda:2', grad_fn=<SliceBackward0>)
Softmax output at epoch 1: tensor([[0.0526, 0.0530, 0.0526, 0.0524, 0.0524, 0.0529, 0.0526, 0.0524, 0.0523,
         0.0526, 0.0524, 0.0526, 0.0533, 0.0524, 0.0529, 0.0528, 0.0527, 0.0522,
         0.0527]], device='cuda:1', grad_fn=<SliceBackward0>)
pt values at epoch 1: tensor([0.0526], device='cuda:3', grad_fn=<SliceBackward0>)
pt values at epoch 1: tensor([0.0526], device='cuda:2', grad_fn=<SliceBackward0>)
pt values at epoch 1: tensor([0.0526], device='cuda:1', grad_fn=<SliceBackward0>)
Softmax output at epoch 1: tensor([[0.0526, 0.0530, 0.0526, 0.0524, 0.0524, 0.0529, 0.0526, 0.0524, 0.0523,
         0.0526, 0.0524, 0.0526, 0.0533, 0.0524, 0.0529, 0.0528, 0.0527, 0.0522,
         0.0527]], device='cuda:0', grad_fn=<SliceBackward0>)
pt values at epoch 1: tensor([0.0526], device='cuda:0', grad_fn=<SliceBackward0>)
Layer conv1.att_src grad: 1.6367823446195964e-19Layer conv1.att_src grad: 1.6367823446195964e-19Layer conv1.att_src grad: 1.6367823446195964e-19

Layer conv1.att_src grad: 1.6367823446195964e-19

Layer conv1.att_dst grad: 6.197430373468497e-20Layer conv1.att_dst grad: 6.197430373468497e-20Layer conv1.att_dst grad: 6.197430373468497e-20


Layer conv1.att_dst grad: 6.197430373468497e-20
Layer conv1.bias grad: 1.7545741335528442e-13Layer conv1.bias grad: 1.7545741335528442e-13
Layer conv1.bias grad: 1.7545741335528442e-13

Layer conv1.bias grad: 1.7545741335528442e-13
Layer conv1.lin.weight grad: 1.0583045805803368e-13
Layer conv1.lin.weight grad: 1.0583045805803368e-13Layer conv1.lin.weight grad: 1.0583045805803368e-13

Layer conv1.lin.weight grad: 1.0583045805803368e-13
Layer conv2.att_src grad: 4.903245559053051e-21
Layer conv2.att_src grad: 4.903245559053051e-21Layer conv2.att_src grad: 4.903245559053051e-21

Layer conv2.att_src grad: 4.903245559053051e-21
Layer conv2.att_dst grad: 2.289674709637994e-21
Layer conv2.att_dst grad: 2.289674709637994e-21Layer conv2.att_dst grad: 2.289674709637994e-21

Layer conv2.att_dst grad: 2.289674709637994e-21Layer conv2.bias grad: 6.231680969859266e-12

Layer conv2.bias grad: 6.231680969859266e-12Layer conv2.bias grad: 6.231680969859266e-12

Layer conv2.bias grad: 6.231680969859266e-12
Layer conv2.lin.weight grad: 8.095880770517348e-15
Layer conv2.lin.weight grad: 8.095880770517348e-15Layer conv2.lin.weight grad: 8.095880770517348e-15

Layer conv3.att_src grad: 5.498096340699222e-20
Layer conv2.lin.weight grad: 8.095880770517348e-15
Layer conv3.att_src grad: 5.498096340699222e-20Layer conv3.att_src grad: 5.498096340699222e-20

Layer conv3.att_dst grad: 2.5206573024338977e-20
Layer conv3.att_src grad: 5.498096340699222e-20Layer conv3.att_dst grad: 2.5206573024338977e-20
Layer conv3.att_dst grad: 2.5206573024338977e-20

Layer conv3.bias grad: 3.7427144716772887e-10
Layer conv3.bias grad: 3.7427144716772887e-10Layer conv3.bias grad: 3.7427144716772887e-10Layer conv3.att_dst grad: 2.5206573024338977e-20


Layer conv3.lin.weight grad: 2.1405782962141684e-13
Layer conv3.lin.weight grad: 2.1405782962141684e-13Layer conv3.bias grad: 3.7427144716772887e-10Layer conv3.lin.weight grad: 2.1405782962141684e-13

Layer conv4.att_src grad: 2.595725849415903e-18

Layer conv4.att_src grad: 2.595725849415903e-18
Layer conv4.att_dst grad: 1.144250728668332e-18Layer conv4.att_src grad: 2.595725849415903e-18

Layer conv3.lin.weight grad: 2.1405782962141684e-13
Layer conv4.att_dst grad: 1.144250728668332e-18
Layer conv4.bias grad: 2.0148871016090197e-08Layer conv4.att_dst grad: 1.144250728668332e-18

Layer conv4.att_src grad: 2.595725849415903e-18
Layer conv4.bias grad: 2.0148871016090197e-08
Layer conv4.bias grad: 2.0148871016090197e-08
Layer conv4.lin.weight grad: 1.0560736313225405e-11
Layer conv4.att_dst grad: 1.144250728668332e-18
Layer conv4.lin.weight grad: 1.0560736313225405e-11
Layer conv4.lin.weight grad: 1.0560736313225405e-11Layer fc.weight grad: 2.099656892795565e-09

Layer conv4.bias grad: 2.0148871016090197e-08
Layer fc.weight grad: 2.099656892795565e-09
Layer fc.bias grad: 4.3906802602577955e-06Layer fc.weight grad: 2.099656892795565e-09

Layer fc.bias grad: 4.3906802602577955e-06
Layer conv4.lin.weight grad: 1.0560736313225405e-11
Layer fc.bias grad: 4.3906802602577955e-06
Layer fc.weight grad: 2.099656892795565e-09
Layer fc.bias grad: 4.3906802602577955e-06
Softmax output at epoch 1: tensor([[0.0528, 0.0528, 0.0524, 0.0523, 0.0526, 0.0528, 0.0528, 0.0524, 0.0522,
         0.0527, 0.0525, 0.0528, 0.0532, 0.0524, 0.0528, 0.0527, 0.0528, 0.0523,
         0.0528]], device='cuda:3', grad_fn=<SliceBackward0>)
Softmax output at epoch 1: tensor([[0.0528, 0.0528, 0.0524, 0.0523, 0.0526, 0.0528, 0.0528, 0.0524, 0.0522,
         0.0527, 0.0525, 0.0528, 0.0532, 0.0524, 0.0528, 0.0527, 0.0528, 0.0523,
         0.0528]], device='cuda:1', grad_fn=<SliceBackward0>)Softmax output at epoch 1: tensor([[0.0528, 0.0528, 0.0524, 0.0523, 0.0526, 0.0528, 0.0528, 0.0524, 0.0522,
         0.0527, 0.0525, 0.0528, 0.0532, 0.0524, 0.0528, 0.0527, 0.0528, 0.0523,
         0.0528]], device='cuda:2', grad_fn=<SliceBackward0>)

pt values at epoch 1: tensor([0.0528], device='cuda:3', grad_fn=<SliceBackward0>)
pt values at epoch 1: tensor([0.0528], device='cuda:1', grad_fn=<SliceBackward0>)pt values at epoch 1: tensor([0.0528], device='cuda:2', grad_fn=<SliceBackward0>)

Softmax output at epoch 1: tensor([[0.0528, 0.0528, 0.0524, 0.0523, 0.0526, 0.0528, 0.0528, 0.0524, 0.0522,
         0.0527, 0.0525, 0.0528, 0.0532, 0.0524, 0.0528, 0.0527, 0.0528, 0.0523,
         0.0528]], device='cuda:0', grad_fn=<SliceBackward0>)
pt values at epoch 1: tensor([0.0528], device='cuda:0', grad_fn=<SliceBackward0>)
Layer conv1.att_src grad: 2.747623093250547e-19Layer conv1.att_src grad: 2.747623093250547e-19Layer conv1.att_src grad: 2.747623093250547e-19
Layer conv1.att_src grad: 2.747623093250547e-19


Layer conv1.att_dst grad: 1.4767801524986107e-19
Layer conv1.att_dst grad: 1.4767801524986107e-19Layer conv1.att_dst grad: 1.4767801524986107e-19

Layer conv1.att_dst grad: 1.4767801524986107e-19
Layer conv1.bias grad: 2.901999387322496e-13
Layer conv1.bias grad: 2.901999387322496e-13Layer conv1.bias grad: 2.901999387322496e-13

Layer conv1.bias grad: 2.901999387322496e-13
Layer conv1.lin.weight grad: 1.6441996418883886e-13
Layer conv1.lin.weight grad: 1.6441996418883886e-13Layer conv1.lin.weight grad: 1.6441996418883886e-13

Layer conv1.lin.weight grad: 1.6441996418883886e-13Layer conv2.att_src grad: 1.1333015780068635e-20

Layer conv2.att_src grad: 1.1333015780068635e-20Layer conv2.att_src grad: 1.1333015780068635e-20

Layer conv2.att_dst grad: 5.194106980909844e-21
Layer conv2.att_src grad: 1.1333015780068635e-20
Layer conv2.att_dst grad: 5.194106980909844e-21Layer conv2.att_dst grad: 5.194106980909844e-21

Layer conv2.bias grad: 9.993561533860884e-12
Layer conv2.att_dst grad: 5.194106980909844e-21Layer conv2.bias grad: 9.993561533860884e-12Layer conv2.bias grad: 9.993561533860884e-12


Layer conv2.lin.weight grad: 1.4669594206907777e-14
Layer conv2.bias grad: 9.993561533860884e-12
Layer conv2.lin.weight grad: 1.4669594206907777e-14Layer conv2.lin.weight grad: 1.4669594206907777e-14

Layer conv3.att_src grad: 3.6971938662248033e-19
Layer conv3.att_src grad: 3.6971938662248033e-19Layer conv3.att_src grad: 3.6971938662248033e-19

Layer conv2.lin.weight grad: 1.4669594206907777e-14Layer conv3.att_dst grad: 9.03613845987032e-20

Layer conv3.att_dst grad: 9.03613845987032e-20Layer conv3.att_dst grad: 9.03613845987032e-20

Layer conv3.bias grad: 5.154439097765362e-10
Layer conv3.att_src grad: 3.6971938662248033e-19
Layer conv3.bias grad: 5.154439097765362e-10Layer conv3.bias grad: 5.154439097765362e-10

Layer conv3.lin.weight grad: 4.665132212824941e-13
Layer conv3.att_dst grad: 9.03613845987032e-20
Layer conv3.lin.weight grad: 4.665132212824941e-13Layer conv3.lin.weight grad: 4.665132212824941e-13

Layer conv4.att_src grad: 1.0749394039861356e-17
Layer conv3.bias grad: 5.154439097765362e-10
Layer conv4.att_src grad: 1.0749394039861356e-17Layer conv4.att_src grad: 1.0749394039861356e-17
Layer conv4.att_dst grad: 5.365532272333897e-18

Layer conv3.lin.weight grad: 4.665132212824941e-13
Layer conv4.att_dst grad: 5.365532272333897e-18
Layer conv4.att_dst grad: 5.365532272333897e-18Layer conv4.bias grad: 2.623930761558313e-08

Layer conv4.bias grad: 2.623930761558313e-08Layer conv4.att_src grad: 1.0749394039861356e-17
Layer conv4.bias grad: 2.623930761558313e-08

Layer conv4.lin.weight grad: 2.598935650022227e-11
Layer conv4.lin.weight grad: 2.598935650022227e-11
Layer conv4.att_dst grad: 5.365532272333897e-18Layer conv4.lin.weight grad: 2.598935650022227e-11
Layer fc.weight grad: 5.162653415879959e-09

Layer fc.weight grad: 5.162653415879959e-09
Layer conv4.bias grad: 2.623930761558313e-08Layer fc.bias grad: 5.4476677178172395e-06Layer fc.weight grad: 5.162653415879959e-09


Layer fc.bias grad: 5.4476677178172395e-06
Layer fc.bias grad: 5.4476677178172395e-06
Layer conv4.lin.weight grad: 2.598935650022227e-11
Layer fc.weight grad: 5.162653415879959e-09
Layer fc.bias grad: 5.4476677178172395e-06
Softmax output at epoch 1: tensor([[0.0528, 0.0525, 0.0525, 0.0523, 0.0528, 0.0527, 0.0528, 0.0524, 0.0522,
         0.0526, 0.0526, 0.0531, 0.0529, 0.0525, 0.0527, 0.0527, 0.0527, 0.0524,
         0.0528]], device='cuda:2', grad_fn=<SliceBackward0>)
Softmax output at epoch 1: tensor([[0.0528, 0.0525, 0.0525, 0.0523, 0.0528, 0.0527, 0.0528, 0.0524, 0.0522,
         0.0526, 0.0526, 0.0531, 0.0529, 0.0525, 0.0527, 0.0527, 0.0527, 0.0524,
         0.0528]], device='cuda:3', grad_fn=<SliceBackward0>)
Softmax output at epoch 1: tensor([[0.0528, 0.0525, 0.0525, 0.0523, 0.0528, 0.0527, 0.0528, 0.0524, 0.0522,
         0.0526, 0.0526, 0.0531, 0.0529, 0.0525, 0.0527, 0.0527, 0.0527, 0.0524,
         0.0528]], device='cuda:1', grad_fn=<SliceBackward0>)
pt values at epoch 1: tensor([0.0528], device='cuda:2', grad_fn=<SliceBackward0>)
pt values at epoch 1: tensor([0.0528], device='cuda:3', grad_fn=<SliceBackward0>)
pt values at epoch 1: tensor([0.0528], device='cuda:1', grad_fn=<SliceBackward0>)
Softmax output at epoch 1: tensor([[0.0528, 0.0525, 0.0525, 0.0523, 0.0528, 0.0527, 0.0528, 0.0524, 0.0522,
         0.0526, 0.0526, 0.0531, 0.0529, 0.0525, 0.0527, 0.0527, 0.0527, 0.0524,
         0.0528]], device='cuda:0', grad_fn=<SliceBackward0>)
pt values at epoch 1: tensor([0.0528], device='cuda:0', grad_fn=<SliceBackward0>)
Layer conv1.att_src grad: 6.2904140821677066e-18Layer conv1.att_src grad: 6.2904140821677066e-18Layer conv1.att_src grad: 6.2904140821677066e-18Layer conv1.att_src grad: 6.2904140821677066e-18



Layer conv1.att_dst grad: 2.5918856634221255e-18Layer conv1.att_dst grad: 2.5918856634221255e-18
Layer conv1.att_dst grad: 2.5918856634221255e-18
Layer conv1.att_dst grad: 2.5918856634221255e-18

Layer conv1.bias grad: 1.539215803425531e-12
Layer conv1.bias grad: 1.539215803425531e-12
Layer conv1.bias grad: 1.539215803425531e-12
Layer conv1.bias grad: 1.539215803425531e-12
Layer conv1.lin.weight grad: 9.666063522512092e-13
Layer conv1.lin.weight grad: 9.666063522512092e-13Layer conv1.lin.weight grad: 9.666063522512092e-13

Layer conv1.lin.weight grad: 9.666063522512092e-13
Layer conv2.att_src grad: 2.65281371939125e-19
Layer conv2.att_src grad: 2.65281371939125e-19Layer conv2.att_src grad: 2.65281371939125e-19

Layer conv2.att_src grad: 2.65281371939125e-19
Layer conv2.att_dst grad: 1.781481307667439e-19
Layer conv2.att_dst grad: 1.781481307667439e-19Layer conv2.att_dst grad: 1.781481307667439e-19

Layer conv2.att_dst grad: 1.781481307667439e-19Layer conv2.bias grad: 3.223744188263211e-11

Layer conv2.bias grad: 3.223744188263211e-11Layer conv2.bias grad: 3.223744188263211e-11

Layer conv2.bias grad: 3.223744188263211e-11
Layer conv2.lin.weight grad: 7.601914025568215e-14
Layer conv2.lin.weight grad: 7.601914025568215e-14Layer conv2.lin.weight grad: 7.601914025568215e-14

Layer conv3.att_src grad: 5.318713436073089e-18
Layer conv2.lin.weight grad: 7.601914025568215e-14
Layer conv3.att_src grad: 5.318713436073089e-18Layer conv3.att_src grad: 5.318713436073089e-18

Layer conv3.att_dst grad: 2.191600143708221e-18
Layer conv3.att_dst grad: 2.191600143708221e-18Layer conv3.att_src grad: 5.318713436073089e-18Layer conv3.att_dst grad: 2.191600143708221e-18


Layer conv3.bias grad: 1.105894487096748e-09
Layer conv3.bias grad: 1.105894487096748e-09
Layer conv3.bias grad: 1.105894487096748e-09
Layer conv3.att_dst grad: 2.191600143708221e-18
Layer conv3.lin.weight grad: 1.5967847703801663e-12
Layer conv3.lin.weight grad: 1.5967847703801663e-12
Layer conv3.lin.weight grad: 1.5967847703801663e-12Layer conv3.bias grad: 1.105894487096748e-09

Layer conv4.att_src grad: 9.317899756323218e-17
Layer conv4.att_src grad: 9.317899756323218e-17
Layer conv4.att_src grad: 9.317899756323218e-17
Layer conv4.att_dst grad: 2.774537482431491e-17
Layer conv3.lin.weight grad: 1.5967847703801663e-12
Layer conv4.att_dst grad: 2.774537482431491e-17
Layer conv4.att_dst grad: 2.774537482431491e-17
Layer conv4.bias grad: 3.1219101970236807e-08
Layer conv4.att_src grad: 9.317899756323218e-17
Layer conv4.bias grad: 3.1219101970236807e-08
Layer conv4.bias grad: 3.1219101970236807e-08
Layer conv4.lin.weight grad: 4.93232087117601e-11
Layer conv4.att_dst grad: 2.774537482431491e-17
Layer conv4.lin.weight grad: 4.93232087117601e-11
Layer conv4.lin.weight grad: 4.93232087117601e-11
Layer fc.weight grad: 6.7292793559659e-09
Layer conv4.bias grad: 3.1219101970236807e-08Layer fc.weight grad: 6.7292793559659e-09

Layer fc.weight grad: 6.7292793559659e-09
Layer fc.bias grad: 4.42096961705829e-06
Layer fc.bias grad: 4.42096961705829e-06
Layer fc.bias grad: 4.42096961705829e-06
Layer conv4.lin.weight grad: 4.93232087117601e-11
Layer fc.weight grad: 6.7292793559659e-09
Layer fc.bias grad: 4.42096961705829e-06
Softmax output at epoch 1: tensor([[0.0528, 0.0524, 0.0525, 0.0524, 0.0528, 0.0527, 0.0528, 0.0525, 0.0523,
         0.0526, 0.0526, 0.0531, 0.0528, 0.0526, 0.0526, 0.0526, 0.0527, 0.0525,
         0.0528]], device='cuda:2', grad_fn=<SliceBackward0>)Softmax output at epoch 1: tensor([[0.0528, 0.0524, 0.0525, 0.0524, 0.0528, 0.0527, 0.0528, 0.0525, 0.0523,
         0.0526, 0.0526, 0.0531, 0.0528, 0.0526, 0.0526, 0.0526, 0.0527, 0.0525,
         0.0528]], device='cuda:3', grad_fn=<SliceBackward0>)
Softmax output at epoch 1: tensor([[0.0528, 0.0524, 0.0525, 0.0524, 0.0528, 0.0527, 0.0528, 0.0525, 0.0523,
         0.0526, 0.0526, 0.0531, 0.0528, 0.0526, 0.0526, 0.0526, 0.0527, 0.0525,
         0.0528]], device='cuda:1', grad_fn=<SliceBackward0>)

pt values at epoch 1: tensor([0.0528], device='cuda:2', grad_fn=<SliceBackward0>)
pt values at epoch 1: tensor([0.0528], device='cuda:1', grad_fn=<SliceBackward0>)
pt values at epoch 1: tensor([0.0528], device='cuda:3', grad_fn=<SliceBackward0>)
Softmax output at epoch 1: tensor([[0.0528, 0.0524, 0.0525, 0.0524, 0.0528, 0.0527, 0.0528, 0.0525, 0.0523,
         0.0526, 0.0526, 0.0531, 0.0528, 0.0526, 0.0526, 0.0526, 0.0527, 0.0525,
         0.0528]], device='cuda:0', grad_fn=<SliceBackward0>)
pt values at epoch 1: tensor([0.0528], device='cuda:0', grad_fn=<SliceBackward0>)
Layer conv1.att_src grad: 8.560832957723655e-18Layer conv1.att_src grad: 8.560832957723655e-18Layer conv1.att_src grad: 8.560832957723655e-18


Layer conv1.att_dst grad: 4.436328857389804e-18
Layer conv1.att_dst grad: 4.436328857389804e-18Layer conv1.att_dst grad: 4.436328857389804e-18

Layer conv1.bias grad: 3.086735294449694e-12
Layer conv1.bias grad: 3.086735294449694e-12Layer conv1.bias grad: 3.086735294449694e-12

Layer conv1.lin.weight grad: 1.814053464735399e-12
Layer conv1.lin.weight grad: 1.814053464735399e-12
Layer conv1.att_src grad: 8.560832957723655e-18
Layer conv2.att_src grad: 4.924664237792375e-19
Layer conv1.att_dst grad: 4.436328857389804e-18
Layer conv2.att_src grad: 4.924664237792375e-19Layer conv1.lin.weight grad: 1.814053464735399e-12

Layer conv1.bias grad: 3.086735294449694e-12
Layer conv2.att_dst grad: 2.731535464312156e-19
Layer conv1.lin.weight grad: 1.814053464735399e-12
Layer conv2.att_dst grad: 2.731535464312156e-19
Layer conv2.bias grad: 9.889250529582228e-11Layer conv2.att_src grad: 4.924664237792375e-19Layer conv2.att_src grad: 4.924664237792375e-19


Layer conv2.att_dst grad: 2.731535464312156e-19
Layer conv2.bias grad: 9.889250529582228e-11
Layer conv2.att_dst grad: 2.731535464312156e-19Layer conv2.bias grad: 9.889250529582228e-11

Layer conv2.lin.weight grad: 1.998504714582211e-13
Layer conv2.lin.weight grad: 1.998504714582211e-13
Layer conv2.lin.weight grad: 1.998504714582211e-13Layer conv2.bias grad: 9.889250529582228e-11

Layer conv3.att_src grad: 7.303428263956285e-18
Layer conv3.att_src grad: 7.303428263956285e-18
Layer conv3.att_dst grad: 1.9062302770029393e-18
Layer conv3.att_dst grad: 1.9062302770029393e-18Layer conv3.att_src grad: 7.303428263956285e-18

Layer conv3.bias grad: 3.987547625428078e-09
Layer conv2.lin.weight grad: 1.998504714582211e-13
Layer conv3.lin.weight grad: 4.412242272933131e-12
Layer conv3.bias grad: 3.987547625428078e-09
Layer conv3.att_dst grad: 1.9062302770029393e-18
Layer conv4.att_src grad: 1.7671076631327071e-16Layer conv3.att_src grad: 7.303428263956285e-18

Layer conv4.att_dst grad: 2.94065189304439e-17
Layer conv3.lin.weight grad: 4.412242272933131e-12Layer conv3.bias grad: 3.987547625428078e-09

Layer conv4.bias grad: 1.6100237587579613e-07Layer conv3.att_dst grad: 1.9062302770029393e-18

Layer conv4.lin.weight grad: 1.9571613774083119e-10
Layer conv4.att_src grad: 1.7671076631327071e-16
Layer conv3.lin.weight grad: 4.412242272933131e-12Layer conv3.bias grad: 3.987547625428078e-09
Layer fc.weight grad: 1.9452254917950995e-08

Layer conv4.att_dst grad: 2.94065189304439e-17Layer fc.bias grad: 1.606785190233495e-05

Layer conv4.att_src grad: 1.7671076631327071e-16
Layer conv3.lin.weight grad: 4.412242272933131e-12
Layer conv4.bias grad: 1.6100237587579613e-07
Layer conv4.att_dst grad: 2.94065189304439e-17
Layer conv4.att_src grad: 1.7671076631327071e-16
Layer conv4.lin.weight grad: 1.9571613774083119e-10
Layer conv4.bias grad: 1.6100237587579613e-07
Layer conv4.att_dst grad: 2.94065189304439e-17
Layer fc.weight grad: 1.9452254917950995e-08
Layer conv4.lin.weight grad: 1.9571613774083119e-10Layer conv4.bias grad: 1.6100237587579613e-07
Layer fc.bias grad: 1.606785190233495e-05

Layer fc.weight grad: 1.9452254917950995e-08
Layer conv4.lin.weight grad: 1.9571613774083119e-10
Layer fc.bias grad: 1.606785190233495e-05Layer fc.weight grad: 1.9452254917950995e-08

Layer fc.bias grad: 1.606785190233495e-05
Softmax output at epoch 2: tensor([[0.0527, 0.0523, 0.0525, 0.0525, 0.0530, 0.0527, 0.0528, 0.0526, 0.0525,
         0.0526, 0.0527, 0.0529, 0.0526, 0.0525, 0.0525, 0.0527, 0.0526, 0.0526,
         0.0527]], device='cuda:2', grad_fn=<SliceBackward0>)
Softmax output at epoch 2: tensor([[0.0527, 0.0523, 0.0525, 0.0525, 0.0530, 0.0527, 0.0528, 0.0526, 0.0525,
         0.0526, 0.0527, 0.0529, 0.0526, 0.0525, 0.0525, 0.0527, 0.0526, 0.0526,
         0.0527]], device='cuda:3', grad_fn=<SliceBackward0>)Softmax output at epoch 2: tensor([[0.0527, 0.0523, 0.0525, 0.0525, 0.0530, 0.0527, 0.0528, 0.0526, 0.0525,
         0.0526, 0.0527, 0.0529, 0.0526, 0.0525, 0.0525, 0.0527, 0.0526, 0.0526,
         0.0527]], device='cuda:1', grad_fn=<SliceBackward0>)

pt values at epoch 2: tensor([0.0527], device='cuda:2', grad_fn=<SliceBackward0>)
pt values at epoch 2: tensor([0.0527], device='cuda:1', grad_fn=<SliceBackward0>)pt values at epoch 2: tensor([0.0527], device='cuda:3', grad_fn=<SliceBackward0>)

Precision: 0.0000, Recall: 0.0003, F1-Score: 0.0000
Fold 3, Epoch 1, Train Loss: 0.0011, Val Loss: 0.0011, Val Acc: 0.0005
Softmax output at epoch 2: tensor([[0.0527, 0.0523, 0.0525, 0.0525, 0.0530, 0.0527, 0.0528, 0.0526, 0.0525,
         0.0526, 0.0527, 0.0529, 0.0526, 0.0525, 0.0525, 0.0527, 0.0526, 0.0526,
         0.0527]], device='cuda:0', grad_fn=<SliceBackward0>)
pt values at epoch 2: tensor([0.0527], device='cuda:0', grad_fn=<SliceBackward0>)
Layer conv1.att_src grad: 1.5315477808557467e-19Layer conv1.att_src grad: 1.5315477808557467e-19Layer conv1.att_src grad: 1.5315477808557467e-19Layer conv1.att_src grad: 1.5315477808557467e-19



Layer conv1.att_dst grad: 5.140871930819661e-20Layer conv1.att_dst grad: 5.140871930819661e-20Layer conv1.att_dst grad: 5.140871930819661e-20Layer conv1.att_dst grad: 5.140871930819661e-20



Layer conv1.bias grad: 6.361306880559026e-14Layer conv1.bias grad: 6.361306880559026e-14

Layer conv1.bias grad: 6.361306880559026e-14Layer conv1.bias grad: 6.361306880559026e-14

Layer conv1.lin.weight grad: 3.6763259401778256e-14
Layer conv1.lin.weight grad: 3.6763259401778256e-14
Layer conv1.lin.weight grad: 3.6763259401778256e-14Layer conv1.lin.weight grad: 3.6763259401778256e-14

Layer conv2.att_src grad: 5.074395609359451e-21
Layer conv2.att_src grad: 5.074395609359451e-21
Layer conv2.att_src grad: 5.074395609359451e-21Layer conv2.att_src grad: 5.074395609359451e-21

Layer conv2.att_dst grad: 2.08451493457602e-21
Layer conv2.att_dst grad: 2.08451493457602e-21
Layer conv2.att_dst grad: 2.08451493457602e-21Layer conv2.att_dst grad: 2.08451493457602e-21

Layer conv2.bias grad: 4.0128109168868775e-12
Layer conv2.bias grad: 4.0128109168868775e-12
Layer conv2.bias grad: 4.0128109168868775e-12Layer conv2.bias grad: 4.0128109168868775e-12

Layer conv2.lin.weight grad: 6.748525790110666e-15Layer conv2.lin.weight grad: 6.748525790110666e-15

Layer conv2.lin.weight grad: 6.748525790110666e-15Layer conv2.lin.weight grad: 6.748525790110666e-15

Layer conv3.att_src grad: 1.2787605617101031e-20Layer conv3.att_src grad: 1.2787605617101031e-20

Layer conv3.att_src grad: 1.2787605617101031e-20Layer conv3.att_src grad: 1.2787605617101031e-20

Layer conv3.att_dst grad: 8.012085953472831e-21Layer conv3.att_dst grad: 8.012085953472831e-21

Layer conv3.att_dst grad: 8.012085953472831e-21Layer conv3.att_dst grad: 8.012085953472831e-21

Layer conv3.bias grad: 4.281703047670504e-10Layer conv3.bias grad: 4.281703047670504e-10

Layer conv3.bias grad: 4.281703047670504e-10Layer conv3.bias grad: 4.281703047670504e-10

Layer conv3.lin.weight grad: 1.5229749969827844e-13Layer conv3.lin.weight grad: 1.5229749969827844e-13

Layer conv3.lin.weight grad: 1.5229749969827844e-13
Layer conv3.lin.weight grad: 1.5229749969827844e-13
Layer conv4.att_src grad: 1.1225527472253005e-18Layer conv4.att_src grad: 1.1225527472253005e-18

Layer conv4.att_src grad: 1.1225527472253005e-18
Layer conv4.att_src grad: 1.1225527472253005e-18
Layer conv4.att_dst grad: 2.718942673461802e-19Layer conv4.att_dst grad: 2.718942673461802e-19Layer conv4.att_dst grad: 2.718942673461802e-19
Layer conv4.att_dst grad: 2.718942673461802e-19


Layer conv4.bias grad: 3.206075049888568e-08Layer conv4.bias grad: 3.206075049888568e-08
Layer conv4.bias grad: 3.206075049888568e-08
Layer conv4.bias grad: 3.206075049888568e-08

Layer conv4.lin.weight grad: 1.2613421591922691e-11
Layer conv4.lin.weight grad: 1.2613421591922691e-11Layer conv4.lin.weight grad: 1.2613421591922691e-11
Layer conv4.lin.weight grad: 1.2613421591922691e-11

Layer fc.weight grad: 2.1575035091814243e-09
Layer fc.weight grad: 2.1575035091814243e-09Layer fc.weight grad: 2.1575035091814243e-09
Layer fc.weight grad: 2.1575035091814243e-09

Layer fc.bias grad: 4.605358299158979e-06
Layer fc.bias grad: 4.605358299158979e-06
Layer fc.bias grad: 4.605358299158979e-06Layer fc.bias grad: 4.605358299158979e-06

Softmax output at epoch 2: tensor([[0.0526, 0.0523, 0.0526, 0.0526, 0.0530, 0.0528, 0.0527, 0.0527, 0.0526,
         0.0526, 0.0528, 0.0529, 0.0525, 0.0526, 0.0523, 0.0527, 0.0524, 0.0527,
         0.0526]], device='cuda:2', grad_fn=<SliceBackward0>)
Softmax output at epoch 2: tensor([[0.0526, 0.0523, 0.0526, 0.0526, 0.0530, 0.0528, 0.0527, 0.0527, 0.0526,
         0.0526, 0.0528, 0.0529, 0.0525, 0.0526, 0.0523, 0.0527, 0.0524, 0.0527,
         0.0526]], device='cuda:1', grad_fn=<SliceBackward0>)Softmax output at epoch 2: tensor([[0.0526, 0.0523, 0.0526, 0.0526, 0.0530, 0.0528, 0.0527, 0.0527, 0.0526,
         0.0526, 0.0528, 0.0529, 0.0525, 0.0526, 0.0523, 0.0527, 0.0524, 0.0527,
         0.0526]], device='cuda:3', grad_fn=<SliceBackward0>)

Softmax output at epoch 2: tensor([[0.0526, 0.0523, 0.0526, 0.0526, 0.0530, 0.0528, 0.0527, 0.0527, 0.0526,
         0.0526, 0.0528, 0.0529, 0.0525, 0.0526, 0.0523, 0.0527, 0.0524, 0.0527,
         0.0526]], device='cuda:0', grad_fn=<SliceBackward0>)
pt values at epoch 2: tensor([0.0526], device='cuda:2', grad_fn=<SliceBackward0>)
pt values at epoch 2: tensor([0.0526], device='cuda:3', grad_fn=<SliceBackward0>)
pt values at epoch 2: tensor([0.0526], device='cuda:1', grad_fn=<SliceBackward0>)
pt values at epoch 2: tensor([0.0526], device='cuda:0', grad_fn=<SliceBackward0>)
Layer conv1.att_src grad: 5.2657028556592895e-20Layer conv1.att_src grad: 5.2657028556592895e-20Layer conv1.att_src grad: 5.2657028556592895e-20Layer conv1.att_src grad: 5.2657028556592895e-20



Layer conv1.att_dst grad: 2.0833175421717354e-20Layer conv1.att_dst grad: 2.0833175421717354e-20Layer conv1.att_dst grad: 2.0833175421717354e-20Layer conv1.att_dst grad: 2.0833175421717354e-20



Layer conv1.bias grad: 3.9605742730569604e-14Layer conv1.bias grad: 3.9605742730569604e-14
Layer conv1.bias grad: 3.9605742730569604e-14Layer conv1.bias grad: 3.9605742730569604e-14


Layer conv1.lin.weight grad: 2.3437274595584402e-14
Layer conv1.lin.weight grad: 2.3437274595584402e-14Layer conv1.lin.weight grad: 2.3437274595584402e-14Layer conv1.lin.weight grad: 2.3437274595584402e-14


Layer conv2.att_src grad: 1.7715345092691028e-21
Layer conv2.att_src grad: 1.7715345092691028e-21Layer conv2.att_src grad: 1.7715345092691028e-21
Layer conv2.att_src grad: 1.7715345092691028e-21

Layer conv2.att_dst grad: 1.0346241210029549e-21
Layer conv2.att_dst grad: 1.0346241210029549e-21
Layer conv2.att_dst grad: 1.0346241210029549e-21Layer conv2.att_dst grad: 1.0346241210029549e-21

Layer conv2.bias grad: 2.7494831498359185e-12
Layer conv2.bias grad: 2.7494831498359185e-12
Layer conv2.bias grad: 2.7494831498359185e-12Layer conv2.bias grad: 2.7494831498359185e-12

Layer conv2.lin.weight grad: 4.177153143779949e-15
Layer conv2.lin.weight grad: 4.177153143779949e-15
Layer conv2.lin.weight grad: 4.177153143779949e-15Layer conv2.lin.weight grad: 4.177153143779949e-15

Layer conv3.att_src grad: 1.3252954488386063e-20
Layer conv3.att_src grad: 1.3252954488386063e-20
Layer conv3.att_src grad: 1.3252954488386063e-20Layer conv3.att_src grad: 1.3252954488386063e-20

Layer conv3.att_dst grad: 4.026896571563918e-21
Layer conv3.att_dst grad: 4.026896571563918e-21
Layer conv3.att_dst grad: 4.026896571563918e-21Layer conv3.att_dst grad: 4.026896571563918e-21

Layer conv3.bias grad: 2.7339394637060366e-10
Layer conv3.bias grad: 2.7339394637060366e-10
Layer conv3.bias grad: 2.7339394637060366e-10Layer conv3.bias grad: 2.7339394637060366e-10

Layer conv3.lin.weight grad: 1.2380900341404932e-13
Layer conv3.lin.weight grad: 1.2380900341404932e-13
Layer conv3.lin.weight grad: 1.2380900341404932e-13Layer conv3.lin.weight grad: 1.2380900341404932e-13

Layer conv4.att_src grad: 1.2778318155967908e-18
Layer conv4.att_src grad: 1.2778318155967908e-18
Layer conv4.att_src grad: 1.2778318155967908e-18Layer conv4.att_src grad: 1.2778318155967908e-18Layer conv4.att_dst grad: 4.1054100834591367e-19


Layer conv4.att_dst grad: 4.1054100834591367e-19
Layer conv4.att_dst grad: 4.1054100834591367e-19Layer conv4.att_dst grad: 4.1054100834591367e-19
Layer conv4.bias grad: 2.766829787503866e-08

Layer conv4.bias grad: 2.766829787503866e-08
Layer conv4.bias grad: 2.766829787503866e-08
Layer conv4.bias grad: 2.766829787503866e-08
Layer conv4.lin.weight grad: 1.1469886672388352e-11
Layer conv4.lin.weight grad: 1.1469886672388352e-11
Layer conv4.lin.weight grad: 1.1469886672388352e-11
Layer conv4.lin.weight grad: 1.1469886672388352e-11
Layer fc.weight grad: 1.7883837744037123e-09
Layer fc.weight grad: 1.7883837744037123e-09
Layer fc.weight grad: 1.7883837744037123e-09
Layer fc.weight grad: 1.7883837744037123e-09Layer fc.bias grad: 4.472968612390105e-06

Layer fc.bias grad: 4.472968612390105e-06
Layer fc.bias grad: 4.472968612390105e-06
Layer fc.bias grad: 4.472968612390105e-06
Softmax output at epoch 2: tensor([[0.0525, 0.0523, 0.0527, 0.0527, 0.0531, 0.0527, 0.0527, 0.0528, 0.0527,
         0.0525, 0.0529, 0.0528, 0.0524, 0.0526, 0.0522, 0.0527, 0.0523, 0.0529,
         0.0526]], device='cuda:2', grad_fn=<SliceBackward0>)
Softmax output at epoch 2: tensor([[0.0525, 0.0523, 0.0527, 0.0527, 0.0531, 0.0527, 0.0527, 0.0528, 0.0527,
         0.0525, 0.0529, 0.0528, 0.0524, 0.0526, 0.0522, 0.0527, 0.0523, 0.0529,
         0.0526]], device='cuda:0', grad_fn=<SliceBackward0>)Softmax output at epoch 2: tensor([[0.0525, 0.0523, 0.0527, 0.0527, 0.0531, 0.0527, 0.0527, 0.0528, 0.0527,
         0.0525, 0.0529, 0.0528, 0.0524, 0.0526, 0.0522, 0.0527, 0.0523, 0.0529,
         0.0526]], device='cuda:3', grad_fn=<SliceBackward0>)

Softmax output at epoch 2: tensor([[0.0525, 0.0523, 0.0527, 0.0527, 0.0531, 0.0527, 0.0527, 0.0528, 0.0527,
         0.0525, 0.0529, 0.0528, 0.0524, 0.0526, 0.0522, 0.0527, 0.0523, 0.0529,
         0.0526]], device='cuda:1', grad_fn=<SliceBackward0>)
pt values at epoch 2: tensor([0.0525], device='cuda:2', grad_fn=<SliceBackward0>)
pt values at epoch 2: tensor([0.0525], device='cuda:0', grad_fn=<SliceBackward0>)
pt values at epoch 2: tensor([0.0525], device='cuda:3', grad_fn=<SliceBackward0>)
pt values at epoch 2: tensor([0.0525], device='cuda:1', grad_fn=<SliceBackward0>)
Layer conv1.att_src grad: 2.287478803605607e-19Layer conv1.att_src grad: 2.287478803605607e-19Layer conv1.att_src grad: 2.287478803605607e-19Layer conv1.att_src grad: 2.287478803605607e-19



Layer conv1.att_dst grad: 3.58411931046457e-20Layer conv1.att_dst grad: 3.58411931046457e-20Layer conv1.att_dst grad: 3.58411931046457e-20Layer conv1.att_dst grad: 3.58411931046457e-20



Layer conv1.bias grad: 2.6658720803790503e-13Layer conv1.bias grad: 2.6658720803790503e-13
Layer conv1.bias grad: 2.6658720803790503e-13
Layer conv1.bias grad: 2.6658720803790503e-13

Layer conv1.lin.weight grad: 1.543313816586983e-13Layer conv1.lin.weight grad: 1.543313816586983e-13

Layer conv1.lin.weight grad: 1.543313816586983e-13Layer conv1.lin.weight grad: 1.543313816586983e-13

Layer conv2.att_src grad: 1.8298269125438663e-20Layer conv2.att_src grad: 1.8298269125438663e-20

Layer conv2.att_src grad: 1.8298269125438663e-20Layer conv2.att_src grad: 1.8298269125438663e-20

Layer conv2.att_dst grad: 8.215688706434516e-21Layer conv2.att_dst grad: 8.215688706434516e-21

Layer conv2.att_dst grad: 8.215688706434516e-21Layer conv2.att_dst grad: 8.215688706434516e-21

Layer conv2.bias grad: 8.386040993568766e-12Layer conv2.bias grad: 8.386040993568766e-12

Layer conv2.bias grad: 8.386040993568766e-12Layer conv2.bias grad: 8.386040993568766e-12

Layer conv2.lin.weight grad: 1.4093696506069578e-14Layer conv2.lin.weight grad: 1.4093696506069578e-14

Layer conv2.lin.weight grad: 1.4093696506069578e-14Layer conv2.lin.weight grad: 1.4093696506069578e-14

Layer conv3.att_src grad: 3.8014832468918405e-19Layer conv3.att_src grad: 3.8014832468918405e-19

Layer conv3.att_src grad: 3.8014832468918405e-19Layer conv3.att_src grad: 3.8014832468918405e-19

Layer conv3.att_dst grad: 5.470517622088821e-20Layer conv3.att_dst grad: 5.470517622088821e-20

Layer conv3.att_dst grad: 5.470517622088821e-20Layer conv3.att_dst grad: 5.470517622088821e-20

Layer conv3.bias grad: 4.0743478035842884e-10Layer conv3.bias grad: 4.0743478035842884e-10

Layer conv3.bias grad: 4.0743478035842884e-10Layer conv3.bias grad: 4.0743478035842884e-10

Layer conv3.lin.weight grad: 4.0081154541182773e-13Layer conv3.lin.weight grad: 4.0081154541182773e-13

Layer conv3.lin.weight grad: 4.0081154541182773e-13Layer conv3.lin.weight grad: 4.0081154541182773e-13

Layer conv4.att_src grad: 1.3512556134509018e-17Layer conv4.att_src grad: 1.3512556134509018e-17

Layer conv4.att_src grad: 1.3512556134509018e-17Layer conv4.att_src grad: 1.3512556134509018e-17

Layer conv4.att_dst grad: 3.1171995327234203e-18Layer conv4.att_dst grad: 3.1171995327234203e-18

Layer conv4.att_dst grad: 3.1171995327234203e-18Layer conv4.att_dst grad: 3.1171995327234203e-18

Layer conv4.bias grad: 2.2630812779311782e-08Layer conv4.bias grad: 2.2630812779311782e-08

Layer conv4.bias grad: 2.2630812779311782e-08Layer conv4.bias grad: 2.2630812779311782e-08

Layer conv4.lin.weight grad: 2.0229132605131817e-11Layer conv4.lin.weight grad: 2.0229132605131817e-11

Layer conv4.lin.weight grad: 2.0229132605131817e-11Layer conv4.lin.weight grad: 2.0229132605131817e-11

Layer fc.weight grad: 3.729820008402385e-09Layer fc.weight grad: 3.729820008402385e-09

Layer fc.weight grad: 3.729820008402385e-09Layer fc.weight grad: 3.729820008402385e-09

Layer fc.bias grad: 4.250389338267269e-06Layer fc.bias grad: 4.250389338267269e-06

Layer fc.bias grad: 4.250389338267269e-06Layer fc.bias grad: 4.250389338267269e-06

Softmax output at epoch 2: tensor([[0.0525, 0.0524, 0.0528, 0.0528, 0.0532, 0.0526, 0.0526, 0.0529, 0.0528,
         0.0525, 0.0530, 0.0527, 0.0523, 0.0525, 0.0521, 0.0527, 0.0522, 0.0530,
         0.0525]], device='cuda:2', grad_fn=<SliceBackward0>)
Softmax output at epoch 2: tensor([[0.0525, 0.0524, 0.0528, 0.0528, 0.0532, 0.0526, 0.0526, 0.0529, 0.0528,
         0.0525, 0.0530, 0.0527, 0.0523, 0.0525, 0.0521, 0.0527, 0.0522, 0.0530,
         0.0525]], device='cuda:0', grad_fn=<SliceBackward0>)
Softmax output at epoch 2: tensor([[0.0525, 0.0524, 0.0528, 0.0528, 0.0532, 0.0526, 0.0526, 0.0529, 0.0528,
         0.0525, 0.0530, 0.0527, 0.0523, 0.0525, 0.0521, 0.0527, 0.0522, 0.0530,
         0.0525]], device='cuda:3', grad_fn=<SliceBackward0>)
Softmax output at epoch 2: tensor([[0.0525, 0.0524, 0.0528, 0.0528, 0.0532, 0.0526, 0.0526, 0.0529, 0.0528,
         0.0525, 0.0530, 0.0527, 0.0523, 0.0525, 0.0521, 0.0527, 0.0522, 0.0530,
         0.0525]], device='cuda:1', grad_fn=<SliceBackward0>)
pt values at epoch 2: tensor([0.0525], device='cuda:2', grad_fn=<SliceBackward0>)
pt values at epoch 2: tensor([0.0525], device='cuda:0', grad_fn=<SliceBackward0>)
pt values at epoch 2: tensor([0.0525], device='cuda:3', grad_fn=<SliceBackward0>)
pt values at epoch 2: tensor([0.0525], device='cuda:1', grad_fn=<SliceBackward0>)
Layer conv1.att_src grad: 3.9090425759178764e-19Layer conv1.att_src grad: 3.9090425759178764e-19Layer conv1.att_src grad: 3.9090425759178764e-19Layer conv1.att_src grad: 3.9090425759178764e-19



Layer conv1.att_dst grad: 1.1414823619532702e-19Layer conv1.att_dst grad: 1.1414823619532702e-19Layer conv1.att_dst grad: 1.1414823619532702e-19Layer conv1.att_dst grad: 1.1414823619532702e-19



Layer conv1.bias grad: 3.92506231509937e-13Layer conv1.bias grad: 3.92506231509937e-13
Layer conv1.bias grad: 3.92506231509937e-13Layer conv1.bias grad: 3.92506231509937e-13


Layer conv1.lin.weight grad: 2.285543987141231e-13
Layer conv1.lin.weight grad: 2.285543987141231e-13Layer conv1.lin.weight grad: 2.285543987141231e-13Layer conv1.lin.weight grad: 2.285543987141231e-13


Layer conv2.att_src grad: 2.0381229461295095e-20
Layer conv2.att_src grad: 2.0381229461295095e-20Layer conv2.att_src grad: 2.0381229461295095e-20
Layer conv2.att_src grad: 2.0381229461295095e-20

Layer conv2.att_dst grad: 1.1376407219310723e-20
Layer conv2.att_dst grad: 1.1376407219310723e-20
Layer conv2.att_dst grad: 1.1376407219310723e-20Layer conv2.att_dst grad: 1.1376407219310723e-20

Layer conv2.bias grad: 1.300816399041338e-11
Layer conv2.bias grad: 1.300816399041338e-11
Layer conv2.bias grad: 1.300816399041338e-11Layer conv2.bias grad: 1.300816399041338e-11

Layer conv2.lin.weight grad: 1.831000290080341e-14
Layer conv2.lin.weight grad: 1.831000290080341e-14
Layer conv2.lin.weight grad: 1.831000290080341e-14Layer conv2.lin.weight grad: 1.831000290080341e-14

Layer conv3.att_src grad: 8.135255150010023e-19
Layer conv3.att_src grad: 8.135255150010023e-19
Layer conv3.att_src grad: 8.135255150010023e-19Layer conv3.att_src grad: 8.135255150010023e-19

Layer conv3.att_dst grad: 4.3421181554988425e-19
Layer conv3.att_dst grad: 4.3421181554988425e-19
Layer conv3.att_dst grad: 4.3421181554988425e-19Layer conv3.att_dst grad: 4.3421181554988425e-19

Layer conv3.bias grad: 5.068310215960992e-10
Layer conv3.bias grad: 5.068310215960992e-10
Layer conv3.bias grad: 5.068310215960992e-10Layer conv3.bias grad: 5.068310215960992e-10

Layer conv3.lin.weight grad: 5.357138886143142e-13
Layer conv3.lin.weight grad: 5.357138886143142e-13
Layer conv3.lin.weight grad: 5.357138886143142e-13Layer conv3.lin.weight grad: 5.357138886143142e-13

Layer conv4.att_src grad: 1.4994835668063217e-17
Layer conv4.att_src grad: 1.4994835668063217e-17
Layer conv4.att_src grad: 1.4994835668063217e-17Layer conv4.att_dst grad: 5.4591960010448076e-18Layer conv4.att_src grad: 1.4994835668063217e-17


Layer conv4.att_dst grad: 5.4591960010448076e-18
Layer conv4.att_dst grad: 5.4591960010448076e-18Layer conv4.bias grad: 2.5183275909057556e-08
Layer conv4.att_dst grad: 5.4591960010448076e-18
Layer conv4.bias grad: 2.5183275909057556e-08

Layer conv4.bias grad: 2.5183275909057556e-08
Layer conv4.bias grad: 2.5183275909057556e-08Layer conv4.lin.weight grad: 2.407970524365144e-11

Layer conv4.lin.weight grad: 2.407970524365144e-11
Layer conv4.lin.weight grad: 2.407970524365144e-11
Layer fc.weight grad: 5.262982050169285e-09Layer conv4.lin.weight grad: 2.407970524365144e-11
Layer fc.weight grad: 5.262982050169285e-09

Layer fc.weight grad: 5.262982050169285e-09
Layer fc.bias grad: 5.474941190186655e-06
Layer fc.bias grad: 5.474941190186655e-06Layer fc.weight grad: 5.262982050169285e-09

Layer fc.bias grad: 5.474941190186655e-06
Layer fc.bias grad: 5.474941190186655e-06
Softmax output at epoch 2: tensor([[0.0525, 0.0525, 0.0528, 0.0529, 0.0532, 0.0526, 0.0526, 0.0530, 0.0528,
         0.0525, 0.0531, 0.0526, 0.0522, 0.0525, 0.0521, 0.0527, 0.0522, 0.0529,
         0.0525]], device='cuda:2', grad_fn=<SliceBackward0>)
Softmax output at epoch 2: tensor([[0.0525, 0.0525, 0.0528, 0.0529, 0.0532, 0.0526, 0.0526, 0.0530, 0.0528,
         0.0525, 0.0531, 0.0526, 0.0522, 0.0525, 0.0521, 0.0527, 0.0522, 0.0529,
         0.0525]], device='cuda:3', grad_fn=<SliceBackward0>)
Softmax output at epoch 2: tensor([[0.0525, 0.0525, 0.0528, 0.0529, 0.0532, 0.0526, 0.0526, 0.0530, 0.0528,
         0.0525, 0.0531, 0.0526, 0.0522, 0.0525, 0.0521, 0.0527, 0.0522, 0.0529,
         0.0525]], device='cuda:0', grad_fn=<SliceBackward0>)
Softmax output at epoch 2: tensor([[0.0525, 0.0525, 0.0528, 0.0529, 0.0532, 0.0526, 0.0526, 0.0530, 0.0528,
         0.0525, 0.0531, 0.0526, 0.0522, 0.0525, 0.0521, 0.0527, 0.0522, 0.0529,
         0.0525]], device='cuda:1', grad_fn=<SliceBackward0>)
pt values at epoch 2: tensor([0.0525], device='cuda:2', grad_fn=<SliceBackward0>)
pt values at epoch 2: tensor([0.0525], device='cuda:3', grad_fn=<SliceBackward0>)
pt values at epoch 2: tensor([0.0525], device='cuda:0', grad_fn=<SliceBackward0>)
pt values at epoch 2: tensor([0.0525], device='cuda:1', grad_fn=<SliceBackward0>)
Layer conv1.att_src grad: 5.430843971959246e-20Layer conv1.att_src grad: 5.430843971959246e-20Layer conv1.att_src grad: 5.430843971959246e-20Layer conv1.att_src grad: 5.430843971959246e-20



Layer conv1.att_dst grad: 1.2034881760994146e-20Layer conv1.att_dst grad: 1.2034881760994146e-20Layer conv1.att_dst grad: 1.2034881760994146e-20Layer conv1.att_dst grad: 1.2034881760994146e-20



Layer conv1.bias grad: 6.783785230606021e-14Layer conv1.bias grad: 6.783785230606021e-14
Layer conv1.bias grad: 6.783785230606021e-14
Layer conv1.bias grad: 6.783785230606021e-14

Layer conv1.lin.weight grad: 3.953718049568705e-14
Layer conv1.lin.weight grad: 3.953718049568705e-14Layer conv1.lin.weight grad: 3.953718049568705e-14
Layer conv1.lin.weight grad: 3.953718049568705e-14

Layer conv2.att_src grad: 1.740712337928699e-21
Layer conv2.att_src grad: 1.740712337928699e-21
Layer conv2.att_src grad: 1.740712337928699e-21Layer conv2.att_src grad: 1.740712337928699e-21

Layer conv2.att_dst grad: 1.0253174303439705e-21
Layer conv2.att_dst grad: 1.0253174303439705e-21
Layer conv2.att_dst grad: 1.0253174303439705e-21Layer conv2.att_dst grad: 1.0253174303439705e-21

Layer conv2.bias grad: 2.6759978781487614e-12
Layer conv2.bias grad: 2.6759978781487614e-12
Layer conv2.bias grad: 2.6759978781487614e-12Layer conv2.bias grad: 2.6759978781487614e-12

Layer conv2.lin.weight grad: 2.8701101553989944e-15
Layer conv2.lin.weight grad: 2.8701101553989944e-15
Layer conv2.lin.weight grad: 2.8701101553989944e-15Layer conv2.lin.weight grad: 2.8701101553989944e-15

Layer conv3.att_src grad: 7.322020544090698e-20
Layer conv3.att_src grad: 7.322020544090698e-20
Layer conv3.att_src grad: 7.322020544090698e-20Layer conv3.att_src grad: 7.322020544090698e-20

Layer conv3.att_dst grad: 3.8568814712190774e-20
Layer conv3.att_dst grad: 3.8568814712190774e-20
Layer conv3.att_dst grad: 3.8568814712190774e-20Layer conv3.att_dst grad: 3.8568814712190774e-20

Layer conv3.bias grad: 1.59160087886967e-10
Layer conv3.bias grad: 1.59160087886967e-10
Layer conv3.bias grad: 1.59160087886967e-10Layer conv3.bias grad: 1.59160087886967e-10

Layer conv3.lin.weight grad: 1.1882147013270866e-13
Layer conv3.lin.weight grad: 1.1882147013270866e-13
Layer conv3.lin.weight grad: 1.1882147013270866e-13Layer conv3.lin.weight grad: 1.1882147013270866e-13

Layer conv4.att_src grad: 2.515195680880803e-18
Layer conv4.att_src grad: 2.515195680880803e-18
Layer conv4.att_src grad: 2.515195680880803e-18Layer conv4.att_src grad: 2.515195680880803e-18Layer conv4.att_dst grad: 1.0058408715165185e-18


Layer conv4.att_dst grad: 1.0058408715165185e-18
Layer conv4.att_dst grad: 1.0058408715165185e-18Layer conv4.att_dst grad: 1.0058408715165185e-18
Layer conv4.bias grad: 1.0973304043204735e-08
Layer conv4.bias grad: 1.0973304043204735e-08

Layer conv4.bias grad: 1.0973304043204735e-08
Layer conv4.bias grad: 1.0973304043204735e-08
Layer conv4.lin.weight grad: 7.300696505674331e-12Layer conv4.lin.weight grad: 7.300696505674331e-12

Layer conv4.lin.weight grad: 7.300696505674331e-12Layer conv4.lin.weight grad: 7.300696505674331e-12

Layer fc.weight grad: 2.610498706090425e-09
Layer fc.weight grad: 2.610498706090425e-09
Layer fc.weight grad: 2.610498706090425e-09Layer fc.weight grad: 2.610498706090425e-09

Layer fc.bias grad: 3.751832309717429e-06
Layer fc.bias grad: 3.751832309717429e-06
Layer fc.bias grad: 3.751832309717429e-06
Layer fc.bias grad: 3.751832309717429e-06
Softmax output at epoch 2: tensor([[0.0526, 0.0525, 0.0528, 0.0529, 0.0532, 0.0526, 0.0526, 0.0530, 0.0529,
         0.0525, 0.0531, 0.0525, 0.0521, 0.0525, 0.0520, 0.0527, 0.0522, 0.0529,
         0.0524]], device='cuda:0', grad_fn=<SliceBackward0>)Softmax output at epoch 2: tensor([[0.0526, 0.0525, 0.0528, 0.0529, 0.0532, 0.0526, 0.0526, 0.0530, 0.0529,
         0.0525, 0.0531, 0.0525, 0.0521, 0.0525, 0.0520, 0.0527, 0.0522, 0.0529,
         0.0524]], device='cuda:2', grad_fn=<SliceBackward0>)

Softmax output at epoch 2: tensor([[0.0526, 0.0525, 0.0528, 0.0529, 0.0532, 0.0526, 0.0526, 0.0530, 0.0529,
         0.0525, 0.0531, 0.0525, 0.0521, 0.0525, 0.0520, 0.0527, 0.0522, 0.0529,
         0.0524]], device='cuda:1', grad_fn=<SliceBackward0>)Softmax output at epoch 2: tensor([[0.0526, 0.0525, 0.0528, 0.0529, 0.0532, 0.0526, 0.0526, 0.0530, 0.0529,
         0.0525, 0.0531, 0.0525, 0.0521, 0.0525, 0.0520, 0.0527, 0.0522, 0.0529,
         0.0524]], device='cuda:3', grad_fn=<SliceBackward0>)

pt values at epoch 2: tensor([0.0526], device='cuda:0', grad_fn=<SliceBackward0>)
pt values at epoch 2: tensor([0.0526], device='cuda:2', grad_fn=<SliceBackward0>)pt values at epoch 2: tensor([0.0526], device='cuda:1', grad_fn=<SliceBackward0>)
pt values at epoch 2: tensor([0.0526], device='cuda:3', grad_fn=<SliceBackward0>)

Layer conv1.att_src grad: 1.1818179423654076e-21
Layer conv1.att_dst grad: 4.359939559847906e-22
Layer conv1.bias grad: 1.0381799925491576e-14
Layer conv1.lin.weight grad: 6.7421997245440974e-15
Layer conv2.att_src grad: 4.944515782875436e-23
Layer conv2.att_dst grad: 2.252327257594445e-23
Layer conv2.bias grad: 1.0413084240365467e-12
Layer conv1.att_src grad: 1.1818179423654076e-21Layer conv2.lin.weight grad: 6.658648818143407e-16

Layer conv3.att_src grad: 1.360034065924475e-21
Layer conv1.att_dst grad: 4.359939559847906e-22
Layer conv3.att_dst grad: 6.255729077533083e-22
Layer conv3.bias grad: 1.7333509627626142e-10
Layer conv1.bias grad: 1.0381799925491576e-14Layer conv1.att_src grad: 1.1818179423654076e-21

Layer conv3.lin.weight grad: 3.58359107904653e-14
Layer conv1.att_src grad: 1.1818179423654076e-21
Layer conv4.att_src grad: 1.2032333333849144e-19
Layer conv1.lin.weight grad: 6.7421997245440974e-15
Layer conv1.att_dst grad: 4.359939559847906e-22
Layer conv4.att_dst grad: 4.508466826246156e-20
Layer conv1.att_dst grad: 4.359939559847906e-22
Layer conv2.att_src grad: 4.944515782875436e-23Layer conv4.bias grad: 2.513065844311768e-08

Layer conv1.bias grad: 1.0381799925491576e-14
Layer conv1.bias grad: 1.0381799925491576e-14
Layer conv2.att_dst grad: 2.252327257594445e-23
Layer conv1.lin.weight grad: 6.7421997245440974e-15
Layer conv1.lin.weight grad: 6.7421997245440974e-15
Layer conv2.bias grad: 1.0413084240365467e-12
Layer conv4.lin.weight grad: 4.3262784847619695e-12
Layer conv2.att_src grad: 4.944515782875436e-23
Layer conv2.att_src grad: 4.944515782875436e-23
Layer conv2.lin.weight grad: 6.658648818143407e-16
Layer fc.weight grad: 2.73719158450092e-09
Layer conv2.att_dst grad: 2.252327257594445e-23
Layer conv2.att_dst grad: 2.252327257594445e-23Layer conv3.att_src grad: 1.360034065924475e-21

Layer fc.bias grad: 1.0457982170919422e-05
Layer conv2.bias grad: 1.0413084240365467e-12
Layer conv3.att_dst grad: 6.255729077533083e-22
Layer conv2.bias grad: 1.0413084240365467e-12
Layer conv2.lin.weight grad: 6.658648818143407e-16
Layer conv3.bias grad: 1.7333509627626142e-10
Layer conv3.att_src grad: 1.360034065924475e-21Layer conv2.lin.weight grad: 6.658648818143407e-16

Layer conv3.lin.weight grad: 3.58359107904653e-14
Layer conv3.att_dst grad: 6.255729077533083e-22
Layer conv3.att_src grad: 1.360034065924475e-21
Layer conv4.att_src grad: 1.2032333333849144e-19
Layer conv3.bias grad: 1.7333509627626142e-10
Layer conv4.att_dst grad: 4.508466826246156e-20Layer conv3.att_dst grad: 6.255729077533083e-22

Layer conv3.lin.weight grad: 3.58359107904653e-14
Layer conv4.bias grad: 2.513065844311768e-08
Layer conv3.bias grad: 1.7333509627626142e-10
Layer conv4.att_src grad: 1.2032333333849144e-19
Layer conv4.lin.weight grad: 4.3262784847619695e-12
Layer conv4.att_dst grad: 4.508466826246156e-20
Layer conv3.lin.weight grad: 3.58359107904653e-14
Layer fc.weight grad: 2.73719158450092e-09
Layer conv4.bias grad: 2.513065844311768e-08
Layer conv4.att_src grad: 1.2032333333849144e-19
Layer fc.bias grad: 1.0457982170919422e-05
Layer conv4.lin.weight grad: 4.3262784847619695e-12
Layer conv4.att_dst grad: 4.508466826246156e-20
Layer fc.weight grad: 2.73719158450092e-09
Layer conv4.bias grad: 2.513065844311768e-08
Layer fc.bias grad: 1.0457982170919422e-05
Layer conv4.lin.weight grad: 4.3262784847619695e-12
Layer fc.weight grad: 2.73719158450092e-09
Layer fc.bias grad: 1.0457982170919422e-05
Softmax output at epoch 3: tensor([[0.0526, 0.0526, 0.0527, 0.0529, 0.0533, 0.0526, 0.0526, 0.0530, 0.0529,
         0.0526, 0.0531, 0.0524, 0.0520, 0.0524, 0.0521, 0.0527, 0.0521, 0.0529,
         0.0524]], device='cuda:2', grad_fn=<SliceBackward0>)Softmax output at epoch 3: tensor([[0.0526, 0.0526, 0.0527, 0.0529, 0.0533, 0.0526, 0.0526, 0.0530, 0.0529,
         0.0526, 0.0531, 0.0524, 0.0520, 0.0524, 0.0521, 0.0527, 0.0521, 0.0529,
         0.0524]], device='cuda:3', grad_fn=<SliceBackward0>)

Softmax output at epoch 3: tensor([[0.0526, 0.0526, 0.0527, 0.0529, 0.0533, 0.0526, 0.0526, 0.0530, 0.0529,
         0.0526, 0.0531, 0.0524, 0.0520, 0.0524, 0.0521, 0.0527, 0.0521, 0.0529,
         0.0524]], device='cuda:1', grad_fn=<SliceBackward0>)
pt values at epoch 3: tensor([0.0526], device='cuda:3', grad_fn=<SliceBackward0>)pt values at epoch 3: tensor([0.0526], device='cuda:2', grad_fn=<SliceBackward0>)

pt values at epoch 3: tensor([0.0526], device='cuda:1', grad_fn=<SliceBackward0>)
Precision: 0.0000, Recall: 0.0003, F1-Score: 0.0000
Fold 3, Epoch 2, Train Loss: 0.0011, Val Loss: 0.0011, Val Acc: 0.0005
Softmax output at epoch 3: tensor([[0.0526, 0.0526, 0.0527, 0.0529, 0.0533, 0.0526, 0.0526, 0.0530, 0.0529,
         0.0526, 0.0531, 0.0524, 0.0520, 0.0524, 0.0521, 0.0527, 0.0521, 0.0529,
         0.0524]], device='cuda:0', grad_fn=<SliceBackward0>)
pt values at epoch 3: tensor([0.0526], device='cuda:0', grad_fn=<SliceBackward0>)
Layer conv1.att_src grad: 1.3322734120079587e-20Layer conv1.att_src grad: 1.3322734120079587e-20Layer conv1.att_src grad: 1.3322734120079587e-20Layer conv1.att_src grad: 1.3322734120079587e-20



Layer conv1.att_dst grad: 4.505372896105395e-21Layer conv1.att_dst grad: 4.505372896105395e-21Layer conv1.att_dst grad: 4.505372896105395e-21Layer conv1.att_dst grad: 4.505372896105395e-21



Layer conv1.bias grad: 1.736078389879235e-14Layer conv1.bias grad: 1.736078389879235e-14
Layer conv1.bias grad: 1.736078389879235e-14
Layer conv1.bias grad: 1.736078389879235e-14

Layer conv1.lin.weight grad: 1.0174707146151478e-14
Layer conv1.lin.weight grad: 1.0174707146151478e-14Layer conv1.lin.weight grad: 1.0174707146151478e-14
Layer conv1.lin.weight grad: 1.0174707146151478e-14

Layer conv2.att_src grad: 1.764631610316959e-22
Layer conv2.att_src grad: 1.764631610316959e-22Layer conv2.att_src grad: 1.764631610316959e-22
Layer conv2.att_src grad: 1.764631610316959e-22

Layer conv2.att_dst grad: 3.90029113630352e-23
Layer conv2.att_dst grad: 3.90029113630352e-23
Layer conv2.att_dst grad: 3.90029113630352e-23Layer conv2.att_dst grad: 3.90029113630352e-23

Layer conv2.bias grad: 1.3644081524322171e-12
Layer conv2.bias grad: 1.3644081524322171e-12
Layer conv2.bias grad: 1.3644081524322171e-12Layer conv2.bias grad: 1.3644081524322171e-12

Layer conv2.lin.weight grad: 1.0469733803877834e-15
Layer conv2.lin.weight grad: 1.0469733803877834e-15
Layer conv2.lin.weight grad: 1.0469733803877834e-15Layer conv2.lin.weight grad: 1.0469733803877834e-15

Layer conv3.att_src grad: 4.6551794247859396e-21
Layer conv3.att_src grad: 4.6551794247859396e-21
Layer conv3.att_src grad: 4.6551794247859396e-21
Layer conv3.att_src grad: 4.6551794247859396e-21
Layer conv3.att_dst grad: 1.260715442971642e-21
Layer conv3.att_dst grad: 1.260715442971642e-21
Layer conv3.att_dst grad: 1.260715442971642e-21
Layer conv3.att_dst grad: 1.260715442971642e-21
Layer conv3.bias grad: 1.8337173446347776e-10
Layer conv3.bias grad: 1.8337173446347776e-10
Layer conv3.bias grad: 1.8337173446347776e-10
Layer conv3.bias grad: 1.8337173446347776e-10
Layer conv3.lin.weight grad: 6.460484274287137e-14
Layer conv3.lin.weight grad: 6.460484274287137e-14
Layer conv3.lin.weight grad: 6.460484274287137e-14
Layer conv3.lin.weight grad: 6.460484274287137e-14
Layer conv4.att_src grad: 3.0101485061837983e-19
Layer conv4.att_src grad: 3.0101485061837983e-19Layer conv4.att_src grad: 3.0101485061837983e-19

Layer conv4.att_src grad: 3.0101485061837983e-19
Layer conv4.att_dst grad: 1.2272992485783498e-19
Layer conv4.att_dst grad: 1.2272992485783498e-19Layer conv4.att_dst grad: 1.2272992485783498e-19

Layer conv4.att_dst grad: 1.2272992485783498e-19
Layer conv4.bias grad: 1.7224067505594576e-08
Layer conv4.bias grad: 1.7224067505594576e-08Layer conv4.bias grad: 1.7224067505594576e-08
Layer conv4.bias grad: 1.7224067505594576e-08

Layer conv4.lin.weight grad: 6.524016570030877e-12
Layer conv4.lin.weight grad: 6.524016570030877e-12
Layer conv4.lin.weight grad: 6.524016570030877e-12Layer conv4.lin.weight grad: 6.524016570030877e-12

Layer fc.weight grad: 1.786328973629736e-09
Layer fc.weight grad: 1.786328973629736e-09
Layer fc.weight grad: 1.786328973629736e-09Layer fc.weight grad: 1.786328973629736e-09

Layer fc.bias grad: 5.646262707159622e-06
Layer fc.bias grad: 5.646262707159622e-06
Layer fc.bias grad: 5.646262707159622e-06Layer fc.bias grad: 5.646262707159622e-06

Softmax output at epoch 3: tensor([[0.0527, 0.0526, 0.0526, 0.0529, 0.0533, 0.0526, 0.0526, 0.0530, 0.0530,
         0.0527, 0.0531, 0.0524, 0.0519, 0.0523, 0.0522, 0.0528, 0.0520, 0.0528,
         0.0524]], device='cuda:2', grad_fn=<SliceBackward0>)
Softmax output at epoch 3: tensor([[0.0527, 0.0526, 0.0526, 0.0529, 0.0533, 0.0526, 0.0526, 0.0530, 0.0530,
         0.0527, 0.0531, 0.0524, 0.0519, 0.0523, 0.0522, 0.0528, 0.0520, 0.0528,
         0.0524]], device='cuda:3', grad_fn=<SliceBackward0>)
Softmax output at epoch 3: tensor([[0.0527, 0.0526, 0.0526, 0.0529, 0.0533, 0.0526, 0.0526, 0.0530, 0.0530,
         0.0527, 0.0531, 0.0524, 0.0519, 0.0523, 0.0522, 0.0528, 0.0520, 0.0528,
         0.0524]], device='cuda:0', grad_fn=<SliceBackward0>)Softmax output at epoch 3: tensor([[0.0527, 0.0526, 0.0526, 0.0529, 0.0533, 0.0526, 0.0526, 0.0530, 0.0530,
         0.0527, 0.0531, 0.0524, 0.0519, 0.0523, 0.0522, 0.0528, 0.0520, 0.0528,
         0.0524]], device='cuda:1', grad_fn=<SliceBackward0>)

pt values at epoch 3: tensor([0.0527], device='cuda:2', grad_fn=<SliceBackward0>)
pt values at epoch 3: tensor([0.0527], device='cuda:3', grad_fn=<SliceBackward0>)
pt values at epoch 3: tensor([0.0527], device='cuda:1', grad_fn=<SliceBackward0>)pt values at epoch 3: tensor([0.0527], device='cuda:0', grad_fn=<SliceBackward0>)

Layer conv1.att_src grad: 6.258444637167086e-20Layer conv1.att_src grad: 6.258444637167086e-20Layer conv1.att_src grad: 6.258444637167086e-20Layer conv1.att_src grad: 6.258444637167086e-20



Layer conv1.att_dst grad: 6.452660263425358e-21Layer conv1.att_dst grad: 6.452660263425358e-21Layer conv1.att_dst grad: 6.452660263425358e-21
Layer conv1.att_dst grad: 6.452660263425358e-21


Layer conv1.bias grad: 1.398588005390583e-13
Layer conv1.bias grad: 1.398588005390583e-13Layer conv1.bias grad: 1.398588005390583e-13
Layer conv1.bias grad: 1.398588005390583e-13

Layer conv1.lin.weight grad: 8.553042578655565e-14
Layer conv1.lin.weight grad: 8.553042578655565e-14Layer conv1.lin.weight grad: 8.553042578655565e-14
Layer conv1.lin.weight grad: 8.553042578655565e-14

Layer conv2.att_src grad: 3.279926629034392e-21
Layer conv2.att_src grad: 3.279926629034392e-21
Layer conv2.att_src grad: 3.279926629034392e-21Layer conv2.att_src grad: 3.279926629034392e-21

Layer conv2.att_dst grad: 1.1550103031043354e-21
Layer conv2.att_dst grad: 1.1550103031043354e-21
Layer conv2.att_dst grad: 1.1550103031043354e-21Layer conv2.att_dst grad: 1.1550103031043354e-21

Layer conv2.bias grad: 5.890956125687019e-12
Layer conv2.bias grad: 5.890956125687019e-12
Layer conv2.bias grad: 5.890956125687019e-12Layer conv2.bias grad: 5.890956125687019e-12

Layer conv2.lin.weight grad: 6.9957700487329865e-15
Layer conv2.lin.weight grad: 6.9957700487329865e-15
Layer conv2.lin.weight grad: 6.9957700487329865e-15Layer conv2.lin.weight grad: 6.9957700487329865e-15

Layer conv3.att_src grad: 1.1947688200260534e-19
Layer conv3.att_src grad: 1.1947688200260534e-19
Layer conv3.att_src grad: 1.1947688200260534e-19Layer conv3.att_src grad: 1.1947688200260534e-19

Layer conv3.att_dst grad: 1.1330013211380295e-20
Layer conv3.att_dst grad: 1.1330013211380295e-20
Layer conv3.att_dst grad: 1.1330013211380295e-20
Layer conv3.att_dst grad: 1.1330013211380295e-20Layer conv3.bias grad: 4.040402457050618e-10

Layer conv3.bias grad: 4.040402457050618e-10
Layer conv3.bias grad: 4.040402457050618e-10
Layer conv3.bias grad: 4.040402457050618e-10
Layer conv3.lin.weight grad: 2.862234646343331e-13
Layer conv3.lin.weight grad: 2.862234646343331e-13
Layer conv3.lin.weight grad: 2.862234646343331e-13
Layer conv3.lin.weight grad: 2.862234646343331e-13
Layer conv4.att_src grad: 4.470982348381794e-18
Layer conv4.att_src grad: 4.470982348381794e-18
Layer conv4.att_src grad: 4.470982348381794e-18
Layer conv4.att_src grad: 4.470982348381794e-18Layer conv4.att_dst grad: 1.4221643893320606e-18

Layer conv4.att_dst grad: 1.4221643893320606e-18
Layer conv4.att_dst grad: 1.4221643893320606e-18
Layer conv4.att_dst grad: 1.4221643893320606e-18Layer conv4.bias grad: 2.4037220214268018e-08

Layer conv4.bias grad: 2.4037220214268018e-08
Layer conv4.bias grad: 2.4037220214268018e-08
Layer conv4.lin.weight grad: 1.856908030117843e-11
Layer conv4.lin.weight grad: 1.856908030117843e-11
Layer conv4.lin.weight grad: 1.856908030117843e-11
Layer fc.weight grad: 3.4096814260919928e-09
Layer fc.weight grad: 3.4096814260919928e-09
Layer conv4.bias grad: 2.4037220214268018e-08
Layer fc.weight grad: 3.4096814260919928e-09
Layer fc.bias grad: 4.820789399673231e-06
Layer fc.bias grad: 4.820789399673231e-06
Layer fc.bias grad: 4.820789399673231e-06
Layer conv4.lin.weight grad: 1.856908030117843e-11
Layer fc.weight grad: 3.4096814260919928e-09
Layer fc.bias grad: 4.820789399673231e-06
Softmax output at epoch 3: tensor([[0.0527, 0.0526, 0.0526, 0.0529, 0.0532, 0.0526, 0.0525, 0.0529, 0.0530,
         0.0529, 0.0531, 0.0524, 0.0519, 0.0523, 0.0523, 0.0529, 0.0520, 0.0528,
         0.0524]], device='cuda:0', grad_fn=<SliceBackward0>)
Softmax output at epoch 3: tensor([[0.0527, 0.0526, 0.0526, 0.0529, 0.0532, 0.0526, 0.0525, 0.0529, 0.0530,
         0.0529, 0.0531, 0.0524, 0.0519, 0.0523, 0.0523, 0.0529, 0.0520, 0.0528,
         0.0524]], device='cuda:2', grad_fn=<SliceBackward0>)
Softmax output at epoch 3: tensor([[0.0527, 0.0526, 0.0526, 0.0529, 0.0532, 0.0526, 0.0525, 0.0529, 0.0530,
         0.0529, 0.0531, 0.0524, 0.0519, 0.0523, 0.0523, 0.0529, 0.0520, 0.0528,
         0.0524]], device='cuda:3', grad_fn=<SliceBackward0>)
Softmax output at epoch 3: tensor([[0.0527, 0.0526, 0.0526, 0.0529, 0.0532, 0.0526, 0.0525, 0.0529, 0.0530,
         0.0529, 0.0531, 0.0524, 0.0519, 0.0523, 0.0523, 0.0529, 0.0520, 0.0528,
         0.0524]], device='cuda:1', grad_fn=<SliceBackward0>)
pt values at epoch 3: tensor([0.0527], device='cuda:0', grad_fn=<SliceBackward0>)
pt values at epoch 3: tensor([0.0527], device='cuda:2', grad_fn=<SliceBackward0>)
pt values at epoch 3: tensor([0.0527], device='cuda:3', grad_fn=<SliceBackward0>)
pt values at epoch 3: tensor([0.0527], device='cuda:1', grad_fn=<SliceBackward0>)
Layer conv1.att_src grad: 1.6019169402944277e-19Layer conv1.att_src grad: 1.6019169402944277e-19Layer conv1.att_src grad: 1.6019169402944277e-19Layer conv1.att_src grad: 1.6019169402944277e-19



Layer conv1.att_dst grad: 1.2658255248813051e-20Layer conv1.att_dst grad: 1.2658255248813051e-20Layer conv1.att_dst grad: 1.2658255248813051e-20
Layer conv1.att_dst grad: 1.2658255248813051e-20


Layer conv1.bias grad: 1.7740954647189888e-13
Layer conv1.bias grad: 1.7740954647189888e-13Layer conv1.bias grad: 1.7740954647189888e-13
Layer conv1.bias grad: 1.7740954647189888e-13

Layer conv1.lin.weight grad: 9.474452472568728e-14
Layer conv1.lin.weight grad: 9.474452472568728e-14Layer conv1.lin.weight grad: 9.474452472568728e-14
Layer conv1.lin.weight grad: 9.474452472568728e-14

Layer conv2.att_src grad: 6.903166331814535e-21
Layer conv2.att_src grad: 6.903166331814535e-21
Layer conv2.att_src grad: 6.903166331814535e-21Layer conv2.att_src grad: 6.903166331814535e-21

Layer conv2.att_dst grad: 1.249462676635688e-21
Layer conv2.att_dst grad: 1.249462676635688e-21
Layer conv2.att_dst grad: 1.249462676635688e-21Layer conv2.att_dst grad: 1.249462676635688e-21

Layer conv2.bias grad: 6.1505444834408785e-12
Layer conv2.bias grad: 6.1505444834408785e-12
Layer conv2.bias grad: 6.1505444834408785e-12Layer conv2.bias grad: 6.1505444834408785e-12

Layer conv2.lin.weight grad: 7.986967580093495e-15
Layer conv2.lin.weight grad: 7.986967580093495e-15
Layer conv2.lin.weight grad: 7.986967580093495e-15Layer conv2.lin.weight grad: 7.986967580093495e-15

Layer conv3.att_src grad: 2.305829805495096e-19
Layer conv3.att_src grad: 2.305829805495096e-19
Layer conv3.att_src grad: 2.305829805495096e-19Layer conv3.att_src grad: 2.305829805495096e-19

Layer conv3.att_dst grad: 5.14357513121209e-20
Layer conv3.att_dst grad: 5.14357513121209e-20
Layer conv3.att_dst grad: 5.14357513121209e-20Layer conv3.att_dst grad: 5.14357513121209e-20

Layer conv3.bias grad: 4.1199732514485277e-10
Layer conv3.bias grad: 4.1199732514485277e-10
Layer conv3.bias grad: 4.1199732514485277e-10
Layer conv3.lin.weight grad: 3.184677456642693e-13
Layer conv3.lin.weight grad: 3.184677456642693e-13
Layer conv3.lin.weight grad: 3.184677456642693e-13
Layer conv3.bias grad: 4.1199732514485277e-10Layer conv4.att_src grad: 5.774202508326945e-18

Layer conv4.att_src grad: 5.774202508326945e-18
Layer conv4.att_src grad: 5.774202508326945e-18
Layer conv4.att_dst grad: 1.846958443415299e-18
Layer conv4.att_dst grad: 1.846958443415299e-18
Layer conv3.lin.weight grad: 3.184677456642693e-13
Layer conv4.att_dst grad: 1.846958443415299e-18
Layer conv4.bias grad: 2.500525830839706e-08
Layer conv4.bias grad: 2.500525830839706e-08
Layer conv4.bias grad: 2.500525830839706e-08Layer conv4.att_src grad: 5.774202508326945e-18

Layer conv4.lin.weight grad: 2.1334985861320988e-11Layer conv4.lin.weight grad: 2.1334985861320988e-11

Layer conv4.att_dst grad: 1.846958443415299e-18
Layer conv4.lin.weight grad: 2.1334985861320988e-11
Layer fc.weight grad: 3.701018158608349e-09Layer fc.weight grad: 3.701018158608349e-09
Layer conv4.bias grad: 2.500525830839706e-08

Layer fc.weight grad: 3.701018158608349e-09
Layer fc.bias grad: 4.531720605882583e-06
Layer fc.bias grad: 4.531720605882583e-06
Layer conv4.lin.weight grad: 2.1334985861320988e-11Layer fc.bias grad: 4.531720605882583e-06

Layer fc.weight grad: 3.701018158608349e-09
Layer fc.bias grad: 4.531720605882583e-06
Softmax output at epoch 3: tensor([[0.0527, 0.0525, 0.0526, 0.0529, 0.0533, 0.0527, 0.0525, 0.0528, 0.0530,
         0.0530, 0.0532, 0.0523, 0.0518, 0.0523, 0.0525, 0.0529, 0.0520, 0.0527,
         0.0524]], device='cuda:2', grad_fn=<SliceBackward0>)
Softmax output at epoch 3: tensor([[0.0527, 0.0525, 0.0526, 0.0529, 0.0533, 0.0527, 0.0525, 0.0528, 0.0530,
         0.0530, 0.0532, 0.0523, 0.0518, 0.0523, 0.0525, 0.0529, 0.0520, 0.0527,
         0.0524]], device='cuda:0', grad_fn=<SliceBackward0>)
Softmax output at epoch 3: tensor([[0.0527, 0.0525, 0.0526, 0.0529, 0.0533, 0.0527, 0.0525, 0.0528, 0.0530,
         0.0530, 0.0532, 0.0523, 0.0518, 0.0523, 0.0525, 0.0529, 0.0520, 0.0527,
         0.0524]], device='cuda:1', grad_fn=<SliceBackward0>)
Softmax output at epoch 3: tensor([[0.0527, 0.0525, 0.0526, 0.0529, 0.0533, 0.0527, 0.0525, 0.0528, 0.0530,
         0.0530, 0.0532, 0.0523, 0.0518, 0.0523, 0.0525, 0.0529, 0.0520, 0.0527,
         0.0524]], device='cuda:3', grad_fn=<SliceBackward0>)
pt values at epoch 3: tensor([0.0527], device='cuda:0', grad_fn=<SliceBackward0>)pt values at epoch 3: tensor([0.0527], device='cuda:2', grad_fn=<SliceBackward0>)

pt values at epoch 3: tensor([0.0527], device='cuda:1', grad_fn=<SliceBackward0>)
pt values at epoch 3: tensor([0.0527], device='cuda:3', grad_fn=<SliceBackward0>)
Layer conv1.att_src grad: 2.3620827400396476e-20Layer conv1.att_src grad: 2.3620827400396476e-20Layer conv1.att_src grad: 2.3620827400396476e-20Layer conv1.att_src grad: 2.3620827400396476e-20



Layer conv1.att_dst grad: 6.186418773901955e-21Layer conv1.att_dst grad: 6.186418773901955e-21Layer conv1.att_dst grad: 6.186418773901955e-21Layer conv1.att_dst grad: 6.186418773901955e-21



Layer conv1.bias grad: 4.411686402479298e-14Layer conv1.bias grad: 4.411686402479298e-14
Layer conv1.bias grad: 4.411686402479298e-14
Layer conv1.bias grad: 4.411686402479298e-14

Layer conv1.lin.weight grad: 3.150801966339198e-14
Layer conv1.lin.weight grad: 3.150801966339198e-14
Layer conv1.lin.weight grad: 3.150801966339198e-14Layer conv1.lin.weight grad: 3.150801966339198e-14

Layer conv2.att_src grad: 1.1280710944660469e-21
Layer conv2.att_src grad: 1.1280710944660469e-21
Layer conv2.att_src grad: 1.1280710944660469e-21Layer conv2.att_src grad: 1.1280710944660469e-21

Layer conv2.att_dst grad: 2.549534074624444e-22
Layer conv2.att_dst grad: 2.549534074624444e-22
Layer conv2.att_dst grad: 2.549534074624444e-22Layer conv2.att_dst grad: 2.549534074624444e-22

Layer conv2.bias grad: 1.8043523489566504e-12
Layer conv2.bias grad: 1.8043523489566504e-12
Layer conv2.bias grad: 1.8043523489566504e-12Layer conv2.bias grad: 1.8043523489566504e-12

Layer conv2.lin.weight grad: 2.6828265120798587e-15
Layer conv2.lin.weight grad: 2.6828265120798587e-15
Layer conv2.lin.weight grad: 2.6828265120798587e-15Layer conv2.lin.weight grad: 2.6828265120798587e-15

Layer conv3.att_src grad: 4.0040071753889974e-20
Layer conv3.att_src grad: 4.0040071753889974e-20
Layer conv3.att_src grad: 4.0040071753889974e-20Layer conv3.att_src grad: 4.0040071753889974e-20

Layer conv3.att_dst grad: 8.7615842898669e-21
Layer conv3.att_dst grad: 8.7615842898669e-21
Layer conv3.att_dst grad: 8.7615842898669e-21Layer conv3.att_dst grad: 8.7615842898669e-21

Layer conv3.bias grad: 1.6500226185378608e-10Layer conv3.bias grad: 1.6500226185378608e-10

Layer conv3.bias grad: 1.6500226185378608e-10Layer conv3.bias grad: 1.6500226185378608e-10

Layer conv3.lin.weight grad: 9.55139965600274e-14Layer conv3.lin.weight grad: 9.55139965600274e-14

Layer conv3.lin.weight grad: 9.55139965600274e-14Layer conv3.lin.weight grad: 9.55139965600274e-14

Layer conv4.att_src grad: 1.929467641565932e-18Layer conv4.att_src grad: 1.929467641565932e-18

Layer conv4.att_src grad: 1.929467641565932e-18Layer conv4.att_src grad: 1.929467641565932e-18

Layer conv4.att_dst grad: 7.5628404792566165e-19Layer conv4.att_dst grad: 7.5628404792566165e-19

Layer conv4.att_dst grad: 7.5628404792566165e-19Layer conv4.att_dst grad: 7.5628404792566165e-19

Layer conv4.bias grad: 1.4987918461883964e-08Layer conv4.bias grad: 1.4987918461883964e-08

Layer conv4.bias grad: 1.4987918461883964e-08Layer conv4.bias grad: 1.4987918461883964e-08

Layer conv4.lin.weight grad: 9.632824052308031e-12Layer conv4.lin.weight grad: 9.632824052308031e-12

Layer conv4.lin.weight grad: 9.632824052308031e-12Layer conv4.lin.weight grad: 9.632824052308031e-12

Layer fc.weight grad: 2.0140105139176967e-09Layer fc.weight grad: 2.0140105139176967e-09

Layer fc.weight grad: 2.0140105139176967e-09Layer fc.weight grad: 2.0140105139176967e-09

Layer fc.bias grad: 3.121848749287892e-06Layer fc.bias grad: 3.121848749287892e-06

Layer fc.bias grad: 3.121848749287892e-06Layer fc.bias grad: 3.121848749287892e-06

Softmax output at epoch 3: tensor([[0.0526, 0.0525, 0.0526, 0.0528, 0.0533, 0.0527, 0.0526, 0.0528, 0.0530,
         0.0530, 0.0532, 0.0523, 0.0519, 0.0522, 0.0525, 0.0529, 0.0520, 0.0526,
         0.0524]], device='cuda:2', grad_fn=<SliceBackward0>)Softmax output at epoch 3: tensor([[0.0526, 0.0525, 0.0526, 0.0528, 0.0533, 0.0527, 0.0526, 0.0528, 0.0530,
         0.0530, 0.0532, 0.0523, 0.0519, 0.0522, 0.0525, 0.0529, 0.0520, 0.0526,
         0.0524]], device='cuda:0', grad_fn=<SliceBackward0>)

Softmax output at epoch 3: tensor([[0.0526, 0.0525, 0.0526, 0.0528, 0.0533, 0.0527, 0.0526, 0.0528, 0.0530,
         0.0530, 0.0532, 0.0523, 0.0519, 0.0522, 0.0525, 0.0529, 0.0520, 0.0526,
         0.0524]], device='cuda:3', grad_fn=<SliceBackward0>)
Softmax output at epoch 3: tensor([[0.0526, 0.0525, 0.0526, 0.0528, 0.0533, 0.0527, 0.0526, 0.0528, 0.0530,
         0.0530, 0.0532, 0.0523, 0.0519, 0.0522, 0.0525, 0.0529, 0.0520, 0.0526,
         0.0524]], device='cuda:1', grad_fn=<SliceBackward0>)
pt values at epoch 3: tensor([0.0526], device='cuda:0', grad_fn=<SliceBackward0>)
pt values at epoch 3: tensor([0.0526], device='cuda:2', grad_fn=<SliceBackward0>)
pt values at epoch 3: tensor([0.0526], device='cuda:3', grad_fn=<SliceBackward0>)
pt values at epoch 3: tensor([0.0526], device='cuda:1', grad_fn=<SliceBackward0>)
Layer conv1.att_src grad: 2.4715175233900627e-21Layer conv1.att_src grad: 2.4715175233900627e-21Layer conv1.att_src grad: 2.4715175233900627e-21Layer conv1.att_src grad: 2.4715175233900627e-21



Layer conv1.att_dst grad: 3.23925018397081e-22Layer conv1.att_dst grad: 3.23925018397081e-22Layer conv1.att_dst grad: 3.23925018397081e-22
Layer conv1.att_dst grad: 3.23925018397081e-22


Layer conv1.bias grad: 5.694610974720134e-15
Layer conv1.bias grad: 5.694610974720134e-15Layer conv1.bias grad: 5.694610974720134e-15

Layer conv1.bias grad: 5.694610974720134e-15
Layer conv1.lin.weight grad: 3.5267451309453418e-15
Layer conv1.lin.weight grad: 3.5267451309453418e-15Layer conv1.lin.weight grad: 3.5267451309453418e-15

Layer conv1.lin.weight grad: 3.5267451309453418e-15
Layer conv2.att_src grad: 2.6470492731955205e-23
Layer conv2.att_src grad: 2.6470492731955205e-23Layer conv2.att_src grad: 2.6470492731955205e-23

Layer conv2.att_src grad: 2.6470492731955205e-23
Layer conv2.att_dst grad: 9.330842424458622e-24
Layer conv2.att_dst grad: 9.330842424458622e-24Layer conv2.att_dst grad: 9.330842424458622e-24

Layer conv2.att_dst grad: 9.330842424458622e-24
Layer conv2.bias grad: 4.927647374343425e-13
Layer conv2.bias grad: 4.927647374343425e-13Layer conv2.bias grad: 4.927647374343425e-13

Layer conv2.bias grad: 4.927647374343425e-13
Layer conv2.lin.weight grad: 5.034626195625632e-16
Layer conv2.lin.weight grad: 5.034626195625632e-16Layer conv2.lin.weight grad: 5.034626195625632e-16

Layer conv3.att_src grad: 7.4964192170059295e-22Layer conv2.lin.weight grad: 5.034626195625632e-16

Layer conv3.att_src grad: 7.4964192170059295e-22Layer conv3.att_src grad: 7.4964192170059295e-22

Layer conv3.att_dst grad: 3.3940050036069783e-22
Layer conv3.att_src grad: 7.4964192170059295e-22Layer conv3.att_dst grad: 3.3940050036069783e-22
Layer conv3.att_dst grad: 3.3940050036069783e-22

Layer conv3.bias grad: 9.371980969063998e-11
Layer conv3.bias grad: 9.371980969063998e-11Layer conv3.bias grad: 9.371980969063998e-11Layer conv3.att_dst grad: 3.3940050036069783e-22


Layer conv3.lin.weight grad: 1.926428377170726e-14
Layer conv3.lin.weight grad: 1.926428377170726e-14Layer conv3.bias grad: 9.371980969063998e-11Layer conv3.lin.weight grad: 1.926428377170726e-14


Layer conv4.att_src grad: 7.196590236424395e-20
Layer conv4.att_src grad: 7.196590236424395e-20
Layer conv4.att_dst grad: 2.2485260284551755e-20Layer conv4.att_src grad: 7.196590236424395e-20

Layer conv3.lin.weight grad: 1.926428377170726e-14
Layer conv4.att_dst grad: 2.2485260284551755e-20
Layer conv4.bias grad: 1.666142068756926e-08Layer conv4.att_dst grad: 2.2485260284551755e-20

Layer conv4.att_src grad: 7.196590236424395e-20
Layer conv4.bias grad: 1.666142068756926e-08
Layer conv4.bias grad: 1.666142068756926e-08
Layer conv4.lin.weight grad: 3.968810089599595e-12
Layer conv4.att_dst grad: 2.2485260284551755e-20
Layer conv4.lin.weight grad: 3.968810089599595e-12
Layer conv4.lin.weight grad: 3.968810089599595e-12Layer fc.weight grad: 1.5257477503638484e-09

Layer conv4.bias grad: 1.666142068756926e-08
Layer fc.weight grad: 1.5257477503638484e-09
Layer fc.bias grad: 4.662958872359013e-06Layer fc.weight grad: 1.5257477503638484e-09

Layer fc.bias grad: 4.662958872359013e-06Layer conv4.lin.weight grad: 3.968810089599595e-12

Layer fc.bias grad: 4.662958872359013e-06
Layer fc.weight grad: 1.5257477503638484e-09
Layer fc.bias grad: 4.662958872359013e-06
Softmax output at epoch 3: tensor([[0.0526, 0.0526, 0.0525, 0.0528, 0.0532, 0.0527, 0.0526, 0.0527, 0.0529,
         0.0531, 0.0531, 0.0523, 0.0519, 0.0522, 0.0526, 0.0528, 0.0521, 0.0526,
         0.0524]], device='cuda:2', grad_fn=<SliceBackward0>)
Softmax output at epoch 3: tensor([[0.0526, 0.0526, 0.0525, 0.0528, 0.0532, 0.0527, 0.0526, 0.0527, 0.0529,
         0.0531, 0.0531, 0.0523, 0.0519, 0.0522, 0.0526, 0.0528, 0.0521, 0.0526,
         0.0524]], device='cuda:1', grad_fn=<SliceBackward0>)Softmax output at epoch 3: tensor([[0.0526, 0.0526, 0.0525, 0.0528, 0.0532, 0.0527, 0.0526, 0.0527, 0.0529,
         0.0531, 0.0531, 0.0523, 0.0519, 0.0522, 0.0526, 0.0528, 0.0521, 0.0526,
         0.0524]], device='cuda:3', grad_fn=<SliceBackward0>)

pt values at epoch 3: tensor([0.0526], device='cuda:2', grad_fn=<SliceBackward0>)
pt values at epoch 3: tensor([0.0526], device='cuda:1', grad_fn=<SliceBackward0>)pt values at epoch 3: tensor([0.0526], device='cuda:3', grad_fn=<SliceBackward0>)

Softmax output at epoch 3: tensor([[0.0526, 0.0526, 0.0525, 0.0528, 0.0532, 0.0527, 0.0526, 0.0527, 0.0529,
         0.0531, 0.0531, 0.0523, 0.0519, 0.0522, 0.0526, 0.0528, 0.0521, 0.0526,
         0.0524]], device='cuda:0', grad_fn=<SliceBackward0>)
pt values at epoch 3: tensor([0.0526], device='cuda:0', grad_fn=<SliceBackward0>)
Layer conv1.att_src grad: 3.2252420337780023e-21Layer conv1.att_src grad: 3.2252420337780023e-21Layer conv1.att_src grad: 3.2252420337780023e-21
Layer conv1.att_src grad: 3.2252420337780023e-21


Layer conv1.att_dst grad: 9.515302337906303e-22
Layer conv1.att_dst grad: 9.515302337906303e-22
Layer conv1.att_dst grad: 9.515302337906303e-22
Layer conv1.att_dst grad: 9.515302337906303e-22
Layer conv1.bias grad: 1.785555956020611e-14Layer conv1.bias grad: 1.785555956020611e-14

Layer conv1.bias grad: 1.785555956020611e-14
Layer conv1.bias grad: 1.785555956020611e-14
Layer conv1.lin.weight grad: 1.0620239700143662e-14
Layer conv1.lin.weight grad: 1.0620239700143662e-14
Layer conv1.lin.weight grad: 1.0620239700143662e-14
Layer conv2.att_src grad: 1.795168226631447e-22
Layer conv1.lin.weight grad: 1.0620239700143662e-14Layer conv2.att_src grad: 1.795168226631447e-22

Layer conv2.att_src grad: 1.795168226631447e-22
Layer conv2.att_dst grad: 8.836954913272748e-23
Layer conv2.att_dst grad: 8.836954913272748e-23
Layer conv2.att_dst grad: 8.836954913272748e-23
Layer conv2.att_src grad: 1.795168226631447e-22
Layer conv2.bias grad: 1.8537829691439578e-12
Layer conv2.bias grad: 1.8537829691439578e-12
Layer conv2.bias grad: 1.8537829691439578e-12
Layer conv2.att_dst grad: 8.836954913272748e-23
Layer conv2.lin.weight grad: 1.4192174674099731e-15
Layer conv2.lin.weight grad: 1.4192174674099731e-15
Layer conv2.lin.weight grad: 1.4192174674099731e-15
Layer conv3.att_src grad: 1.3434193678395231e-21Layer conv2.bias grad: 1.8537829691439578e-12

Layer conv3.att_src grad: 1.3434193678395231e-21
Layer conv3.att_src grad: 1.3434193678395231e-21
Layer conv3.att_dst grad: 2.5310371165543115e-22
Layer conv3.att_dst grad: 2.5310371165543115e-22
Layer conv3.att_dst grad: 2.5310371165543115e-22Layer conv2.lin.weight grad: 1.4192174674099731e-15

Layer conv3.bias grad: 2.6788732343518973e-10
Layer conv3.bias grad: 2.6788732343518973e-10
Layer conv3.bias grad: 2.6788732343518973e-10
Layer conv3.lin.weight grad: 5.0283684009146123e-14
Layer conv3.att_src grad: 1.3434193678395231e-21
Layer conv3.lin.weight grad: 5.0283684009146123e-14
Layer conv3.lin.weight grad: 5.0283684009146123e-14Layer conv4.att_src grad: 1.4250644328608833e-19

Layer conv3.att_dst grad: 2.5310371165543115e-22
Layer conv4.att_src grad: 1.4250644328608833e-19Layer conv4.att_dst grad: 8.716343326473931e-20

Layer conv4.att_src grad: 1.4250644328608833e-19
Layer conv3.bias grad: 2.6788732343518973e-10
Layer conv4.bias grad: 3.733218534307525e-08Layer conv4.att_dst grad: 8.716343326473931e-20

Layer conv4.att_dst grad: 8.716343326473931e-20
Layer conv4.lin.weight grad: 7.255240245390704e-12Layer conv4.bias grad: 3.733218534307525e-08
Layer conv4.bias grad: 3.733218534307525e-08
Layer conv3.lin.weight grad: 5.0283684009146123e-14

Layer fc.weight grad: 3.057389008631617e-09
Layer conv4.lin.weight grad: 7.255240245390704e-12
Layer conv4.lin.weight grad: 7.255240245390704e-12
Layer conv4.att_src grad: 1.4250644328608833e-19
Layer fc.bias grad: 1.574264570081141e-05
Layer fc.weight grad: 3.057389008631617e-09Layer fc.weight grad: 3.057389008631617e-09

Layer conv4.att_dst grad: 8.716343326473931e-20
Layer fc.bias grad: 1.574264570081141e-05Layer fc.bias grad: 1.574264570081141e-05

Layer conv4.bias grad: 3.733218534307525e-08
Layer conv4.lin.weight grad: 7.255240245390704e-12
Layer fc.weight grad: 3.057389008631617e-09
Layer fc.bias grad: 1.574264570081141e-05
Precision: 0.0000, Recall: 0.0003, F1-Score: 0.0000
Fold 3, Epoch 3, Train Loss: 0.0011, Val Loss: 0.0011, Val Acc: 0.0005
Completed Fold 3
Starting Fold 4
Class weights: [2.12139744e-05 5.54295695e-02 5.78395507e-02 5.39314730e-02
 5.54295695e-02 5.70132714e-02 5.54295695e-02 5.54295695e-02
 5.39314730e-02 5.70132714e-02 5.39314730e-02 6.23582656e-02
 5.46702603e-02 5.39314730e-02 5.32123867e-02 5.11657564e-02
 5.39314730e-02 6.13989077e-02 5.39314730e-02]
Class weights: [2.12139744e-05 5.54295695e-02 5.78395507e-02 5.39314730e-02
 5.54295695e-02 5.70132714e-02 5.54295695e-02 5.54295695e-02
 5.39314730e-02 5.70132714e-02 5.39314730e-02 6.23582656e-02
 5.46702603e-02 5.39314730e-02 5.32123867e-02 5.11657564e-02
 5.39314730e-02 6.13989077e-02 5.39314730e-02]
Class weights: [2.12139744e-05 5.54295695e-02 5.78395507e-02 5.39314730e-02
 5.54295695e-02 5.70132714e-02 5.54295695e-02 5.54295695e-02
 5.39314730e-02 5.70132714e-02 5.39314730e-02 6.23582656e-02
 5.46702603e-02 5.39314730e-02 5.32123867e-02 5.11657564e-02
 5.39314730e-02 6.13989077e-02 5.39314730e-02]
Class weights: [2.12139744e-05 5.54295695e-02 5.78395507e-02 5.39314730e-02
 5.54295695e-02 5.70132714e-02 5.54295695e-02 5.54295695e-02
 5.39314730e-02 5.70132714e-02 5.39314730e-02 6.23582656e-02
 5.46702603e-02 5.39314730e-02 5.32123867e-02 5.11657564e-02
 5.39314730e-02 6.13989077e-02 5.39314730e-02]
Class weights: [2.05999527e-05 5.38252044e-02 4.61358895e-02 6.05533550e-02
 5.38252044e-02 4.84426840e-02 5.38252044e-02 5.38252044e-02
 6.05533550e-02 4.84426840e-02 6.05533550e-02 3.72636031e-02
 5.69913929e-02 6.05533550e-02 6.45902453e-02 8.07378066e-02
 6.05533550e-02 3.87541472e-02 6.05533550e-02]
Class weights: Class weights: [2.05999527e-05 5.38252044e-02 4.61358895e-02 6.05533550e-02
 5.38252044e-02 4.84426840e-02 5.38252044e-02 5.38252044e-02
 6.05533550e-02 4.84426840e-02 6.05533550e-02 3.72636031e-02
 5.69913929e-02 6.05533550e-02 6.45902453e-02 8.07378066e-02
 6.05533550e-02 3.87541472e-02 6.05533550e-02]
[2.05999527e-05 5.38252044e-02 4.61358895e-02 6.05533550e-02
 5.38252044e-02 4.84426840e-02 5.38252044e-02 5.38252044e-02
 6.05533550e-02 4.84426840e-02 6.05533550e-02 3.72636031e-02
 5.69913929e-02 6.05533550e-02 6.45902453e-02 8.07378066e-02
 6.05533550e-02 3.87541472e-02 6.05533550e-02]
Class weights: [2.05999527e-05 5.38252044e-02 4.61358895e-02 6.05533550e-02
 5.38252044e-02 4.84426840e-02 5.38252044e-02 5.38252044e-02
 6.05533550e-02 4.84426840e-02 6.05533550e-02 3.72636031e-02
 5.69913929e-02 6.05533550e-02 6.45902453e-02 8.07378066e-02
 6.05533550e-02 3.87541472e-02 6.05533550e-02]
Softmax output at epoch 1: tensor([[0.0525, 0.0527, 0.0524, 0.0528, 0.0532, 0.0527, 0.0527, 0.0526, 0.0528,
         0.0531, 0.0531, 0.0523, 0.0519, 0.0522, 0.0527, 0.0529, 0.0522, 0.0525,
         0.0525]], device='cuda:3', grad_fn=<SliceBackward0>)
pt values at epoch 1: tensor([0.0525], device='cuda:3', grad_fn=<SliceBackward0>)
Softmax output at epoch 1: tensor([[0.0525, 0.0527, 0.0524, 0.0528, 0.0532, 0.0527, 0.0527, 0.0526, 0.0528,
         0.0531, 0.0531, 0.0523, 0.0519, 0.0522, 0.0527, 0.0529, 0.0522, 0.0525,
         0.0525]], device='cuda:2', grad_fn=<SliceBackward0>)
pt values at epoch 1: tensor([0.0525], device='cuda:2', grad_fn=<SliceBackward0>)
Softmax output at epoch 1: tensor([[0.0525, 0.0527, 0.0524, 0.0528, 0.0532, 0.0527, 0.0527, 0.0526, 0.0528,
         0.0531, 0.0531, 0.0523, 0.0519, 0.0522, 0.0527, 0.0529, 0.0522, 0.0525,
         0.0525]], device='cuda:1', grad_fn=<SliceBackward0>)
pt values at epoch 1: tensor([0.0525], device='cuda:1', grad_fn=<SliceBackward0>)
Softmax output at epoch 1: tensor([[0.0525, 0.0527, 0.0524, 0.0528, 0.0532, 0.0527, 0.0527, 0.0526, 0.0528,
         0.0531, 0.0531, 0.0523, 0.0519, 0.0522, 0.0527, 0.0529, 0.0522, 0.0525,
         0.0525]], device='cuda:0', grad_fn=<SliceBackward0>)
pt values at epoch 1: tensor([0.0525], device='cuda:0', grad_fn=<SliceBackward0>)
Layer conv1.att_src grad: 9.109903260347017e-21Layer conv1.att_src grad: 9.109903260347017e-21Layer conv1.att_src grad: 9.109903260347017e-21
Layer conv1.att_src grad: 9.109903260347017e-21


Layer conv1.att_dst grad: 3.641858940601472e-21Layer conv1.att_dst grad: 3.641858940601472e-21
Layer conv1.att_dst grad: 3.641858940601472e-21
Layer conv1.att_dst grad: 3.641858940601472e-21

Layer conv1.bias grad: 2.8885368489467433e-14
Layer conv1.bias grad: 2.8885368489467433e-14Layer conv1.bias grad: 2.8885368489467433e-14
Layer conv1.bias grad: 2.8885368489467433e-14

Layer conv1.lin.weight grad: 1.6835249082931998e-14
Layer conv1.lin.weight grad: 1.6835249082931998e-14Layer conv1.lin.weight grad: 1.6835249082931998e-14

Layer conv1.lin.weight grad: 1.6835249082931998e-14
Layer conv2.att_src grad: 3.8412265328658537e-22Layer conv2.att_src grad: 3.8412265328658537e-22

Layer conv2.att_src grad: 3.8412265328658537e-22
Layer conv2.att_src grad: 3.8412265328658537e-22
Layer conv2.att_dst grad: 6.908365442672695e-23
Layer conv2.att_dst grad: 6.908365442672695e-23
Layer conv2.att_dst grad: 6.908365442672695e-23
Layer conv2.att_dst grad: 6.908365442672695e-23
Layer conv2.bias grad: 1.4950493100462925e-12
Layer conv2.bias grad: 1.4950493100462925e-12
Layer conv2.bias grad: 1.4950493100462925e-12
Layer conv2.bias grad: 1.4950493100462925e-12
Layer conv2.lin.weight grad: 1.4250918526574185e-15
Layer conv2.lin.weight grad: 1.4250918526574185e-15
Layer conv2.lin.weight grad: 1.4250918526574185e-15
Layer conv2.lin.weight grad: 1.4250918526574185e-15
Layer conv3.att_src grad: 1.0026277207387989e-20
Layer conv3.att_src grad: 1.0026277207387989e-20
Layer conv3.att_dst grad: 3.81899999189713e-21Layer conv3.att_src grad: 1.0026277207387989e-20

Layer conv3.att_src grad: 1.0026277207387989e-20
Layer conv3.att_dst grad: 3.81899999189713e-21Layer conv3.bias grad: 1.3910089746715926e-10

Layer conv3.att_dst grad: 3.81899999189713e-21
Layer conv3.att_dst grad: 3.81899999189713e-21
Layer conv3.bias grad: 1.3910089746715926e-10
Layer conv3.lin.weight grad: 6.846487352746289e-14Layer conv3.bias grad: 1.3910089746715926e-10

Layer conv3.bias grad: 1.3910089746715926e-10
Layer conv4.att_src grad: 5.477948288928961e-19
Layer conv3.lin.weight grad: 6.846487352746289e-14
Layer conv3.lin.weight grad: 6.846487352746289e-14
Layer conv3.lin.weight grad: 6.846487352746289e-14
Layer conv4.att_dst grad: 2.3956326686969155e-19
Layer conv4.att_src grad: 5.477948288928961e-19
Layer conv4.att_src grad: 5.477948288928961e-19
Layer conv4.att_src grad: 5.477948288928961e-19
Layer conv4.bias grad: 1.3197924531027638e-08
Layer conv4.att_dst grad: 2.3956326686969155e-19
Layer conv4.att_dst grad: 2.3956326686969155e-19
Layer conv4.att_dst grad: 2.3956326686969155e-19
Layer conv4.lin.weight grad: 6.0770234330820294e-12
Layer conv4.bias grad: 1.3197924531027638e-08
Layer conv4.bias grad: 1.3197924531027638e-08
Layer conv4.bias grad: 1.3197924531027638e-08Layer fc.weight grad: 1.8271073543019156e-09

Layer conv4.lin.weight grad: 6.0770234330820294e-12
Layer fc.bias grad: 5.03165347254253e-06Layer conv4.lin.weight grad: 6.0770234330820294e-12

Layer conv4.lin.weight grad: 6.0770234330820294e-12
Layer fc.weight grad: 1.8271073543019156e-09
Layer fc.weight grad: 1.8271073543019156e-09
Layer fc.weight grad: 1.8271073543019156e-09
Layer fc.bias grad: 5.03165347254253e-06
Layer fc.bias grad: 5.03165347254253e-06
Layer fc.bias grad: 5.03165347254253e-06
Softmax output at epoch 1: tensor([[0.0529, 0.0525, 0.0527, 0.0531, 0.0530, 0.0530, 0.0525, 0.0524, 0.0531,
         0.0529, 0.0528, 0.0521, 0.0522, 0.0526, 0.0525, 0.0527, 0.0519, 0.0528,
         0.0522]], device='cuda:0', grad_fn=<SliceBackward0>)
pt values at epoch 1: tensor([0.0529], device='cuda:0', grad_fn=<SliceBackward0>)
Softmax output at epoch 1: tensor([[0.0529, 0.0525, 0.0527, 0.0531, 0.0530, 0.0530, 0.0525, 0.0524, 0.0531,
         0.0529, 0.0528, 0.0521, 0.0522, 0.0526, 0.0525, 0.0527, 0.0519, 0.0528,
         0.0522]], device='cuda:1', grad_fn=<SliceBackward0>)
Softmax output at epoch 1: tensor([[0.0529, 0.0525, 0.0527, 0.0531, 0.0530, 0.0530, 0.0525, 0.0524, 0.0531,
         0.0529, 0.0528, 0.0521, 0.0522, 0.0526, 0.0525, 0.0527, 0.0519, 0.0528,
         0.0522]], device='cuda:2', grad_fn=<SliceBackward0>)
Softmax output at epoch 1: tensor([[0.0529, 0.0525, 0.0527, 0.0531, 0.0530, 0.0530, 0.0525, 0.0524, 0.0531,
         0.0529, 0.0528, 0.0521, 0.0522, 0.0526, 0.0525, 0.0527, 0.0519, 0.0528,
         0.0522]], device='cuda:3', grad_fn=<SliceBackward0>)
pt values at epoch 1: tensor([0.0529], device='cuda:1', grad_fn=<SliceBackward0>)
pt values at epoch 1: tensor([0.0529], device='cuda:2', grad_fn=<SliceBackward0>)
pt values at epoch 1: tensor([0.0529], device='cuda:3', grad_fn=<SliceBackward0>)
Layer conv1.att_src grad: 6.713935188006287e-17Layer conv1.att_src grad: 6.713935188006287e-17Layer conv1.att_src grad: 6.713935188006287e-17Layer conv1.att_src grad: 6.713935188006287e-17



Layer conv1.att_dst grad: 9.150065140908454e-18
Layer conv1.att_dst grad: 9.150065140908454e-18Layer conv1.att_dst grad: 9.150065140908454e-18Layer conv1.att_dst grad: 9.150065140908454e-18


Layer conv1.bias grad: 4.833948345772665e-12
Layer conv1.bias grad: 4.833948345772665e-12Layer conv1.bias grad: 4.833948345772665e-12
Layer conv1.bias grad: 4.833948345772665e-12

Layer conv1.lin.weight grad: 3.2679783358580128e-12
Layer conv1.lin.weight grad: 3.2679783358580128e-12Layer conv1.lin.weight grad: 3.2679783358580128e-12
Layer conv1.lin.weight grad: 3.2679783358580128e-12
Layer conv2.att_src grad: 2.760999430936142e-18

Layer conv2.att_dst grad: 6.224666975347425e-19Layer conv2.att_src grad: 2.760999430936142e-18

Layer conv2.att_src grad: 2.760999430936142e-18Layer conv2.att_src grad: 2.760999430936142e-18

Layer conv2.bias grad: 6.892578174877428e-11
Layer conv2.att_dst grad: 6.224666975347425e-19
Layer conv2.att_dst grad: 6.224666975347425e-19Layer conv2.att_dst grad: 6.224666975347425e-19

Layer conv2.lin.weight grad: 1.975208733552558e-13Layer conv2.bias grad: 6.892578174877428e-11

Layer conv2.bias grad: 6.892578174877428e-11Layer conv2.bias grad: 6.892578174877428e-11

Layer conv3.att_src grad: 4.5350193626831993e-17
Layer conv2.lin.weight grad: 1.975208733552558e-13
Layer conv2.lin.weight grad: 1.975208733552558e-13Layer conv2.lin.weight grad: 1.975208733552558e-13
Layer conv3.att_dst grad: 8.981264047665983e-18

Layer conv3.att_src grad: 4.5350193626831993e-17
Layer conv3.bias grad: 1.4837354678221004e-09
Layer conv3.att_src grad: 4.5350193626831993e-17
Layer conv3.att_src grad: 4.5350193626831993e-17
Layer conv3.att_dst grad: 8.981264047665983e-18
Layer conv3.lin.weight grad: 2.8727857766253084e-12
Layer conv3.att_dst grad: 8.981264047665983e-18
Layer conv3.att_dst grad: 8.981264047665983e-18
Layer conv3.bias grad: 1.4837354678221004e-09
Layer conv4.att_src grad: 4.4049069625277113e-16
Layer conv3.bias grad: 1.4837354678221004e-09
Layer conv3.bias grad: 1.4837354678221004e-09
Layer conv4.att_dst grad: 8.547230799730833e-17
Layer conv3.lin.weight grad: 2.8727857766253084e-12
Layer conv3.lin.weight grad: 2.8727857766253084e-12
Layer conv3.lin.weight grad: 2.8727857766253084e-12Layer conv4.bias grad: 3.174083929025073e-08

Layer conv4.att_src grad: 4.4049069625277113e-16
Layer conv4.att_src grad: 4.4049069625277113e-16
Layer conv4.lin.weight grad: 6.780100092473873e-11
Layer conv4.att_src grad: 4.4049069625277113e-16
Layer conv4.att_dst grad: 8.547230799730833e-17
Layer conv4.att_dst grad: 8.547230799730833e-17Layer fc.weight grad: 8.072416513016378e-09

Layer conv4.att_dst grad: 8.547230799730833e-17
Layer conv4.bias grad: 3.174083929025073e-08
Layer fc.bias grad: 3.7091288049850846e-06
Layer conv4.bias grad: 3.174083929025073e-08
Layer conv4.bias grad: 3.174083929025073e-08
Layer conv4.lin.weight grad: 6.780100092473873e-11
Layer conv4.lin.weight grad: 6.780100092473873e-11
Layer conv4.lin.weight grad: 6.780100092473873e-11
Layer fc.weight grad: 8.072416513016378e-09
Layer fc.weight grad: 8.072416513016378e-09
Layer fc.weight grad: 8.072416513016378e-09
Layer fc.bias grad: 3.7091288049850846e-06
Layer fc.bias grad: 3.7091288049850846e-06
Layer fc.bias grad: 3.7091288049850846e-06
Softmax output at epoch 1: tensor([[0.0527, 0.0524, 0.0529, 0.0531, 0.0528, 0.0529, 0.0524, 0.0526, 0.0531,
         0.0526, 0.0526, 0.0522, 0.0525, 0.0525, 0.0527, 0.0529, 0.0521, 0.0528,
         0.0523]], device='cuda:0', grad_fn=<SliceBackward0>)
pt values at epoch 1: tensor([0.0527], device='cuda:0', grad_fn=<SliceBackward0>)
Softmax output at epoch 1: tensor([[0.0527, 0.0524, 0.0529, 0.0531, 0.0528, 0.0529, 0.0524, 0.0526, 0.0531,
         0.0526, 0.0526, 0.0522, 0.0525, 0.0525, 0.0527, 0.0529, 0.0521, 0.0528,
         0.0523]], device='cuda:1', grad_fn=<SliceBackward0>)
Softmax output at epoch 1: tensor([[0.0527, 0.0524, 0.0529, 0.0531, 0.0528, 0.0529, 0.0524, 0.0526, 0.0531,
         0.0526, 0.0526, 0.0522, 0.0525, 0.0525, 0.0527, 0.0529, 0.0521, 0.0528,
         0.0523]], device='cuda:3', grad_fn=<SliceBackward0>)
Softmax output at epoch 1: tensor([[0.0527, 0.0524, 0.0529, 0.0531, 0.0528, 0.0529, 0.0524, 0.0526, 0.0531,
         0.0526, 0.0526, 0.0522, 0.0525, 0.0525, 0.0527, 0.0529, 0.0521, 0.0528,
         0.0523]], device='cuda:2', grad_fn=<SliceBackward0>)
pt values at epoch 1: tensor([0.0527], device='cuda:1', grad_fn=<SliceBackward0>)
pt values at epoch 1: tensor([0.0527], device='cuda:3', grad_fn=<SliceBackward0>)
pt values at epoch 1: tensor([0.0527], device='cuda:2', grad_fn=<SliceBackward0>)
Layer conv1.att_src grad: 5.661592466179449e-20Layer conv1.att_src grad: 5.661592466179449e-20Layer conv1.att_src grad: 5.661592466179449e-20
Layer conv1.att_src grad: 5.661592466179449e-20


Layer conv1.att_dst grad: 4.138723070107348e-21Layer conv1.att_dst grad: 4.138723070107348e-21Layer conv1.att_dst grad: 4.138723070107348e-21

Layer conv1.att_dst grad: 4.138723070107348e-21

Layer conv1.bias grad: 3.475126138458365e-14Layer conv1.bias grad: 3.475126138458365e-14

Layer conv1.bias grad: 3.475126138458365e-14
Layer conv1.bias grad: 3.475126138458365e-14
Layer conv1.lin.weight grad: 2.2397999050621266e-14Layer conv1.lin.weight grad: 2.2397999050621266e-14

Layer conv1.lin.weight grad: 2.2397999050621266e-14
Layer conv1.lin.weight grad: 2.2397999050621266e-14
Layer conv2.att_src grad: 7.670751671043511e-22
Layer conv2.att_src grad: 7.670751671043511e-22
Layer conv2.att_src grad: 7.670751671043511e-22
Layer conv2.att_src grad: 7.670751671043511e-22
Layer conv2.att_dst grad: 4.800317815417297e-22
Layer conv2.att_dst grad: 4.800317815417297e-22
Layer conv2.att_dst grad: 4.800317815417297e-22
Layer conv2.att_dst grad: 4.800317815417297e-22
Layer conv2.bias grad: 1.40343097386475e-12
Layer conv2.bias grad: 1.40343097386475e-12
Layer conv2.bias grad: 1.40343097386475e-12
Layer conv2.bias grad: 1.40343097386475e-12
Layer conv2.lin.weight grad: 1.5107102606032384e-15Layer conv2.lin.weight grad: 1.5107102606032384e-15

Layer conv2.lin.weight grad: 1.5107102606032384e-15
Layer conv3.att_src grad: 2.876636579309367e-20Layer conv2.lin.weight grad: 1.5107102606032384e-15Layer conv3.att_src grad: 2.876636579309367e-20
Layer conv3.att_src grad: 2.876636579309367e-20


Layer conv3.att_dst grad: 4.6675584573026084e-21
Layer conv3.att_dst grad: 4.6675584573026084e-21Layer conv3.att_dst grad: 4.6675584573026084e-21

Layer conv3.att_src grad: 2.876636579309367e-20
Layer conv3.bias grad: 1.192267534699809e-10
Layer conv3.bias grad: 1.192267534699809e-10Layer conv3.bias grad: 1.192267534699809e-10

Layer conv3.att_dst grad: 4.6675584573026084e-21
Layer conv3.lin.weight grad: 6.829458602374688e-14
Layer conv3.lin.weight grad: 6.829458602374688e-14Layer conv3.lin.weight grad: 6.829458602374688e-14

Layer conv3.bias grad: 1.192267534699809e-10
Layer conv4.att_src grad: 1.1235209621322938e-18
Layer conv4.att_src grad: 1.1235209621322938e-18Layer conv4.att_src grad: 1.1235209621322938e-18

Layer conv3.lin.weight grad: 6.829458602374688e-14
Layer conv4.att_dst grad: 3.5911030412799905e-19
Layer conv4.att_dst grad: 3.5911030412799905e-19Layer conv4.att_dst grad: 3.5911030412799905e-19

Layer conv4.bias grad: 9.353986030191663e-09
Layer conv4.att_src grad: 1.1235209621322938e-18
Layer conv4.bias grad: 9.353986030191663e-09Layer conv4.bias grad: 9.353986030191663e-09

Layer conv4.lin.weight grad: 5.835524771735656e-12
Layer conv4.att_dst grad: 3.5911030412799905e-19
Layer conv4.lin.weight grad: 5.835524771735656e-12Layer conv4.lin.weight grad: 5.835524771735656e-12

Layer fc.weight grad: 2.001676602247926e-09
Layer conv4.bias grad: 9.353986030191663e-09
Layer fc.weight grad: 2.001676602247926e-09Layer fc.weight grad: 2.001676602247926e-09
Layer fc.bias grad: 3.295070655440213e-06

Layer conv4.lin.weight grad: 5.835524771735656e-12
Layer fc.bias grad: 3.295070655440213e-06
Layer fc.bias grad: 3.295070655440213e-06
Layer fc.weight grad: 2.001676602247926e-09
Layer fc.bias grad: 3.295070655440213e-06
Softmax output at epoch 1: tensor([[0.0526, 0.0524, 0.0530, 0.0531, 0.0527, 0.0529, 0.0524, 0.0528, 0.0530,
         0.0524, 0.0524, 0.0524, 0.0526, 0.0523, 0.0529, 0.0528, 0.0523, 0.0526,
         0.0524]], device='cuda:2', grad_fn=<SliceBackward0>)
Softmax output at epoch 1: tensor([[0.0526, 0.0524, 0.0530, 0.0531, 0.0527, 0.0529, 0.0524, 0.0528, 0.0530,
         0.0524, 0.0524, 0.0524, 0.0526, 0.0523, 0.0529, 0.0528, 0.0523, 0.0526,
         0.0524]], device='cuda:0', grad_fn=<SliceBackward0>)
Softmax output at epoch 1: tensor([[0.0526, 0.0524, 0.0530, 0.0531, 0.0527, 0.0529, 0.0524, 0.0528, 0.0530,
         0.0524, 0.0524, 0.0524, 0.0526, 0.0523, 0.0529, 0.0528, 0.0523, 0.0526,
         0.0524]], device='cuda:1', grad_fn=<SliceBackward0>)
pt values at epoch 1: tensor([0.0526], device='cuda:2', grad_fn=<SliceBackward0>)
pt values at epoch 1: tensor([0.0526], device='cuda:0', grad_fn=<SliceBackward0>)
pt values at epoch 1: tensor([0.0526], device='cuda:1', grad_fn=<SliceBackward0>)
Softmax output at epoch 1: tensor([[0.0526, 0.0524, 0.0530, 0.0531, 0.0527, 0.0529, 0.0524, 0.0528, 0.0530,
         0.0524, 0.0524, 0.0524, 0.0526, 0.0523, 0.0529, 0.0528, 0.0523, 0.0526,
         0.0524]], device='cuda:3', grad_fn=<SliceBackward0>)
pt values at epoch 1: tensor([0.0526], device='cuda:3', grad_fn=<SliceBackward0>)
Layer conv1.att_src grad: 9.03189269688245e-20Layer conv1.att_src grad: 9.03189269688245e-20Layer conv1.att_src grad: 9.03189269688245e-20
Layer conv1.att_src grad: 9.03189269688245e-20


Layer conv1.att_dst grad: 1.6497315986151726e-20Layer conv1.att_dst grad: 1.6497315986151726e-20Layer conv1.att_dst grad: 1.6497315986151726e-20

Layer conv1.att_dst grad: 1.6497315986151726e-20

Layer conv1.bias grad: 3.1716488701864776e-13Layer conv1.bias grad: 3.1716488701864776e-13
Layer conv1.bias grad: 3.1716488701864776e-13
Layer conv1.bias grad: 3.1716488701864776e-13

Layer conv1.lin.weight grad: 1.9182160200525988e-13
Layer conv1.lin.weight grad: 1.9182160200525988e-13
Layer conv1.lin.weight grad: 1.9182160200525988e-13Layer conv1.lin.weight grad: 1.9182160200525988e-13

Layer conv2.att_src grad: 1.703203493779184e-20
Layer conv2.att_src grad: 1.703203493779184e-20
Layer conv2.att_src grad: 1.703203493779184e-20Layer conv2.att_src grad: 1.703203493779184e-20

Layer conv2.att_dst grad: 6.898057845297167e-21
Layer conv2.att_dst grad: 6.898057845297167e-21
Layer conv2.att_dst grad: 6.898057845297167e-21Layer conv2.att_dst grad: 6.898057845297167e-21

Layer conv2.bias grad: 8.783055879812984e-12
Layer conv2.bias grad: 8.783055879812984e-12
Layer conv2.bias grad: 8.783055879812984e-12Layer conv2.bias grad: 8.783055879812984e-12

Layer conv2.lin.weight grad: 1.2138107495030317e-14
Layer conv2.lin.weight grad: 1.2138107495030317e-14
Layer conv2.lin.weight grad: 1.2138107495030317e-14Layer conv2.lin.weight grad: 1.2138107495030317e-14

Layer conv3.att_src grad: 1.7959567098931755e-19
Layer conv3.att_src grad: 1.7959567098931755e-19
Layer conv3.att_src grad: 1.7959567098931755e-19Layer conv3.att_src grad: 1.7959567098931755e-19

Layer conv3.att_dst grad: 6.904975466287068e-20
Layer conv3.att_dst grad: 6.904975466287068e-20
Layer conv3.att_dst grad: 6.904975466287068e-20Layer conv3.att_dst grad: 6.904975466287068e-20

Layer conv3.bias grad: 4.086396776514789e-10Layer conv3.bias grad: 4.086396776514789e-10

Layer conv3.bias grad: 4.086396776514789e-10Layer conv3.bias grad: 4.086396776514789e-10

Layer conv3.lin.weight grad: 3.6988026031782584e-13Layer conv3.lin.weight grad: 3.6988026031782584e-13

Layer conv3.lin.weight grad: 3.6988026031782584e-13Layer conv3.lin.weight grad: 3.6988026031782584e-13

Layer conv4.att_src grad: 8.307247506055724e-18Layer conv4.att_src grad: 8.307247506055724e-18

Layer conv4.att_src grad: 8.307247506055724e-18Layer conv4.att_src grad: 8.307247506055724e-18

Layer conv4.att_dst grad: 3.890306521453244e-18Layer conv4.att_dst grad: 3.890306521453244e-18

Layer conv4.att_dst grad: 3.890306521453244e-18Layer conv4.att_dst grad: 3.890306521453244e-18

Layer conv4.bias grad: 2.1168112596114952e-08Layer conv4.bias grad: 2.1168112596114952e-08

Layer conv4.bias grad: 2.1168112596114952e-08Layer conv4.bias grad: 2.1168112596114952e-08

Layer conv4.lin.weight grad: 1.724900777766436e-11Layer conv4.lin.weight grad: 1.724900777766436e-11

Layer conv4.lin.weight grad: 1.724900777766436e-11Layer conv4.lin.weight grad: 1.724900777766436e-11

Layer fc.weight grad: 5.012547266147749e-09Layer fc.weight grad: 5.012547266147749e-09

Layer fc.weight grad: 5.012547266147749e-09Layer fc.weight grad: 5.012547266147749e-09

Layer fc.bias grad: 5.750900982093299e-06Layer fc.bias grad: 5.750900982093299e-06

Layer fc.bias grad: 5.750900982093299e-06Layer fc.bias grad: 5.750900982093299e-06

Softmax output at epoch 1: tensor([[0.0525, 0.0524, 0.0529, 0.0529, 0.0526, 0.0527, 0.0524, 0.0529, 0.0529,
         0.0522, 0.0524, 0.0525, 0.0527, 0.0524, 0.0529, 0.0529, 0.0525, 0.0527,
         0.0526]], device='cuda:2', grad_fn=<SliceBackward0>)Softmax output at epoch 1: tensor([[0.0525, 0.0524, 0.0529, 0.0529, 0.0526, 0.0527, 0.0524, 0.0529, 0.0529,
         0.0522, 0.0524, 0.0525, 0.0527, 0.0524, 0.0529, 0.0529, 0.0525, 0.0527,
         0.0526]], device='cuda:3', grad_fn=<SliceBackward0>)

Softmax output at epoch 1: tensor([[0.0525, 0.0524, 0.0529, 0.0529, 0.0526, 0.0527, 0.0524, 0.0529, 0.0529,
         0.0522, 0.0524, 0.0525, 0.0527, 0.0524, 0.0529, 0.0529, 0.0525, 0.0527,
         0.0526]], device='cuda:0', grad_fn=<SliceBackward0>)
Softmax output at epoch 1: tensor([[0.0525, 0.0524, 0.0529, 0.0529, 0.0526, 0.0527, 0.0524, 0.0529, 0.0529,
         0.0522, 0.0524, 0.0525, 0.0527, 0.0524, 0.0529, 0.0529, 0.0525, 0.0527,
         0.0526]], device='cuda:1', grad_fn=<SliceBackward0>)
pt values at epoch 1: tensor([0.0525], device='cuda:3', grad_fn=<SliceBackward0>)
pt values at epoch 1: tensor([0.0525], device='cuda:2', grad_fn=<SliceBackward0>)
pt values at epoch 1: tensor([0.0525], device='cuda:0', grad_fn=<SliceBackward0>)
pt values at epoch 1: tensor([0.0525], device='cuda:1', grad_fn=<SliceBackward0>)
Layer conv1.att_src grad: 3.473000519865142e-18Layer conv1.att_src grad: 3.473000519865142e-18Layer conv1.att_src grad: 3.473000519865142e-18Layer conv1.att_src grad: 3.473000519865142e-18



Layer conv1.att_dst grad: 1.8251132755220212e-19Layer conv1.att_dst grad: 1.8251132755220212e-19Layer conv1.att_dst grad: 1.8251132755220212e-19Layer conv1.att_dst grad: 1.8251132755220212e-19



Layer conv1.bias grad: 1.4819671097926479e-12Layer conv1.bias grad: 1.4819671097926479e-12
Layer conv1.bias grad: 1.4819671097926479e-12
Layer conv1.bias grad: 1.4819671097926479e-12

Layer conv1.lin.weight grad: 7.849714801777541e-13Layer conv1.lin.weight grad: 7.849714801777541e-13

Layer conv1.lin.weight grad: 7.849714801777541e-13Layer conv1.lin.weight grad: 7.849714801777541e-13

Layer conv2.att_src grad: 3.6080230207097627e-19Layer conv2.att_src grad: 3.6080230207097627e-19

Layer conv2.att_src grad: 3.6080230207097627e-19Layer conv2.att_src grad: 3.6080230207097627e-19

Layer conv2.att_dst grad: 9.829520343347461e-20Layer conv2.att_dst grad: 9.829520343347461e-20

Layer conv2.att_dst grad: 9.829520343347461e-20Layer conv2.att_dst grad: 9.829520343347461e-20

Layer conv2.bias grad: 2.7952955922172507e-11Layer conv2.bias grad: 2.7952955922172507e-11
Layer conv2.bias grad: 2.7952955922172507e-11Layer conv2.bias grad: 2.7952955922172507e-11


Layer conv2.lin.weight grad: 5.585285109844379e-14
Layer conv2.lin.weight grad: 5.585285109844379e-14Layer conv2.lin.weight grad: 5.585285109844379e-14
Layer conv2.lin.weight grad: 5.585285109844379e-14

Layer conv3.att_src grad: 3.8256048675296525e-18
Layer conv3.att_src grad: 3.8256048675296525e-18
Layer conv3.att_src grad: 3.8256048675296525e-18Layer conv3.att_src grad: 3.8256048675296525e-18

Layer conv3.att_dst grad: 2.467471495439556e-18
Layer conv3.att_dst grad: 2.467471495439556e-18
Layer conv3.att_dst grad: 2.467471495439556e-18Layer conv3.att_dst grad: 2.467471495439556e-18

Layer conv3.bias grad: 8.094893089172217e-10
Layer conv3.bias grad: 8.094893089172217e-10
Layer conv3.bias grad: 8.094893089172217e-10Layer conv3.bias grad: 8.094893089172217e-10

Layer conv3.lin.weight grad: 1.1730844160645626e-12
Layer conv3.lin.weight grad: 1.1730844160645626e-12
Layer conv3.lin.weight grad: 1.1730844160645626e-12Layer conv3.lin.weight grad: 1.1730844160645626e-12

Layer conv4.att_src grad: 8.307289526830841e-17
Layer conv4.att_src grad: 8.307289526830841e-17
Layer conv4.att_src grad: 8.307289526830841e-17Layer conv4.att_src grad: 8.307289526830841e-17

Layer conv4.att_dst grad: 4.792449218966032e-17
Layer conv4.att_dst grad: 4.792449218966032e-17
Layer conv4.att_dst grad: 4.792449218966032e-17Layer conv4.att_dst grad: 4.792449218966032e-17
Layer conv4.bias grad: 2.4357190042678667e-08

Layer conv4.bias grad: 2.4357190042678667e-08
Layer conv4.bias grad: 2.4357190042678667e-08
Layer conv4.bias grad: 2.4357190042678667e-08
Layer conv4.lin.weight grad: 3.220508582035819e-11
Layer conv4.lin.weight grad: 3.220508582035819e-11
Layer conv4.lin.weight grad: 3.220508582035819e-11Layer conv4.lin.weight grad: 3.220508582035819e-11

Layer fc.weight grad: 6.126004592488243e-09
Layer fc.weight grad: 6.126004592488243e-09
Layer fc.weight grad: 6.126004592488243e-09Layer fc.weight grad: 6.126004592488243e-09Layer fc.bias grad: 4.532566435955232e-06


Layer fc.bias grad: 4.532566435955232e-06
Layer fc.bias grad: 4.532566435955232e-06Layer fc.bias grad: 4.532566435955232e-06

Softmax output at epoch 1: tensor([[0.0526, 0.0525, 0.0528, 0.0528, 0.0525, 0.0526, 0.0525, 0.0529, 0.0527,
         0.0522, 0.0524, 0.0526, 0.0528, 0.0525, 0.0528, 0.0528, 0.0526, 0.0527,
         0.0528]], device='cuda:3', grad_fn=<SliceBackward0>)
Softmax output at epoch 1: tensor([[0.0526, 0.0525, 0.0528, 0.0528, 0.0525, 0.0526, 0.0525, 0.0529, 0.0527,
         0.0522, 0.0524, 0.0526, 0.0528, 0.0525, 0.0528, 0.0528, 0.0526, 0.0527,
         0.0528]], device='cuda:1', grad_fn=<SliceBackward0>)Softmax output at epoch 1: tensor([[0.0526, 0.0525, 0.0528, 0.0528, 0.0525, 0.0526, 0.0525, 0.0529, 0.0527,
         0.0522, 0.0524, 0.0526, 0.0528, 0.0525, 0.0528, 0.0528, 0.0526, 0.0527,
         0.0528]], device='cuda:0', grad_fn=<SliceBackward0>)
Softmax output at epoch 1: tensor([[0.0526, 0.0525, 0.0528, 0.0528, 0.0525, 0.0526, 0.0525, 0.0529, 0.0527,
         0.0522, 0.0524, 0.0526, 0.0528, 0.0525, 0.0528, 0.0528, 0.0526, 0.0527,
         0.0528]], device='cuda:2', grad_fn=<SliceBackward0>)

pt values at epoch 1: tensor([0.0526], device='cuda:3', grad_fn=<SliceBackward0>)
pt values at epoch 1: tensor([0.0526], device='cuda:1', grad_fn=<SliceBackward0>)
pt values at epoch 1: tensor([0.0526], device='cuda:0', grad_fn=<SliceBackward0>)pt values at epoch 1: tensor([0.0526], device='cuda:2', grad_fn=<SliceBackward0>)

Layer conv1.att_src grad: 3.760379608278315e-19
Layer conv1.att_src grad: 3.760379608278315e-19Layer conv1.att_src grad: 3.760379608278315e-19

Layer conv1.att_dst grad: 1.526991566644228e-19
Layer conv1.bias grad: 1.9194923428500488e-12
Layer conv1.att_dst grad: 1.526991566644228e-19
Layer conv1.att_dst grad: 1.526991566644228e-19
Layer conv1.lin.weight grad: 1.3216851658254258e-12
Layer conv1.bias grad: 1.9194923428500488e-12
Layer conv2.att_src grad: 2.5198888968812757e-19
Layer conv1.bias grad: 1.9194923428500488e-12
Layer conv2.att_dst grad: 5.877071723279806e-20
Layer conv1.lin.weight grad: 1.3216851658254258e-12Layer conv2.bias grad: 4.037999101758061e-11

Layer conv1.lin.weight grad: 1.3216851658254258e-12
Layer conv2.lin.weight grad: 7.672699552530721e-14
Layer conv2.att_src grad: 2.5198888968812757e-19
Layer conv2.att_src grad: 2.5198888968812757e-19
Layer conv3.att_src grad: 1.8399251334619137e-18
Layer conv2.att_dst grad: 5.877071723279806e-20Layer conv3.att_dst grad: 9.446435682580078e-19

Layer conv2.att_dst grad: 5.877071723279806e-20
Layer conv3.bias grad: 1.5452070734056633e-09
Layer conv2.bias grad: 4.037999101758061e-11
Layer conv2.bias grad: 4.037999101758061e-11Layer conv1.att_src grad: 3.760379608278315e-19Layer conv3.lin.weight grad: 1.7252453805849388e-12


Layer conv4.att_src grad: 8.912297367786006e-17
Layer conv2.lin.weight grad: 7.672699552530721e-14
Layer conv1.att_dst grad: 1.526991566644228e-19
Layer conv4.att_dst grad: 4.403792783329827e-17
Layer conv2.lin.weight grad: 7.672699552530721e-14
Layer conv4.bias grad: 5.981960526924013e-08Layer conv3.att_src grad: 1.8399251334619137e-18

Layer conv1.bias grad: 1.9194923428500488e-12
Layer conv3.att_src grad: 1.8399251334619137e-18
Layer conv4.lin.weight grad: 6.142926445296126e-11
Layer conv3.att_dst grad: 9.446435682580078e-19
Layer fc.weight grad: 1.3752092797858495e-08
Layer conv1.lin.weight grad: 1.3216851658254258e-12
Layer conv3.att_dst grad: 9.446435682580078e-19
Layer fc.bias grad: 1.323759261140367e-05
Layer conv3.bias grad: 1.5452070734056633e-09
Layer conv2.att_src grad: 2.5198888968812757e-19Layer conv3.bias grad: 1.5452070734056633e-09

Layer conv3.lin.weight grad: 1.7252453805849388e-12
Layer conv2.att_dst grad: 5.877071723279806e-20
Layer conv3.lin.weight grad: 1.7252453805849388e-12
Layer conv4.att_src grad: 8.912297367786006e-17
Layer conv2.bias grad: 4.037999101758061e-11
Layer conv4.att_src grad: 8.912297367786006e-17
Layer conv4.att_dst grad: 4.403792783329827e-17
Layer conv2.lin.weight grad: 7.672699552530721e-14
Layer conv4.att_dst grad: 4.403792783329827e-17
Layer conv4.bias grad: 5.981960526924013e-08
Layer conv3.att_src grad: 1.8399251334619137e-18
Layer conv4.bias grad: 5.981960526924013e-08
Layer conv4.lin.weight grad: 6.142926445296126e-11
Layer conv3.att_dst grad: 9.446435682580078e-19
Layer conv4.lin.weight grad: 6.142926445296126e-11
Layer fc.weight grad: 1.3752092797858495e-08
Layer conv3.bias grad: 1.5452070734056633e-09
Layer fc.weight grad: 1.3752092797858495e-08
Layer fc.bias grad: 1.323759261140367e-05
Layer conv3.lin.weight grad: 1.7252453805849388e-12
Layer fc.bias grad: 1.323759261140367e-05
Layer conv4.att_src grad: 8.912297367786006e-17
Layer conv4.att_dst grad: 4.403792783329827e-17
Layer conv4.bias grad: 5.981960526924013e-08
Layer conv4.lin.weight grad: 6.142926445296126e-11
Layer fc.weight grad: 1.3752092797858495e-08
Layer fc.bias grad: 1.323759261140367e-05
Softmax output at epoch 2: tensor([[0.0526, 0.0526, 0.0527, 0.0527, 0.0525, 0.0527, 0.0526, 0.0528, 0.0525,
         0.0523, 0.0523, 0.0527, 0.0528, 0.0526, 0.0528, 0.0526, 0.0528, 0.0525,
         0.0529]], device='cuda:3', grad_fn=<SliceBackward0>)
Softmax output at epoch 2: tensor([[0.0526, 0.0526, 0.0527, 0.0527, 0.0525, 0.0527, 0.0526, 0.0528, 0.0525,
         0.0523, 0.0523, 0.0527, 0.0528, 0.0526, 0.0528, 0.0526, 0.0528, 0.0525,
         0.0529]], device='cuda:2', grad_fn=<SliceBackward0>)
pt values at epoch 2: tensor([0.0526], device='cuda:3', grad_fn=<SliceBackward0>)
pt values at epoch 2: tensor([0.0526], device='cuda:2', grad_fn=<SliceBackward0>)
Softmax output at epoch 2: tensor([[0.0526, 0.0526, 0.0527, 0.0527, 0.0525, 0.0527, 0.0526, 0.0528, 0.0525,
         0.0523, 0.0523, 0.0527, 0.0528, 0.0526, 0.0528, 0.0526, 0.0528, 0.0525,
         0.0529]], device='cuda:1', grad_fn=<SliceBackward0>)
pt values at epoch 2: tensor([0.0526], device='cuda:1', grad_fn=<SliceBackward0>)
Precision: 0.0000, Recall: 0.0003, F1-Score: 0.0000
Fold 4, Epoch 1, Train Loss: 0.0011, Val Loss: 0.0011, Val Acc: 0.0003
Softmax output at epoch 2: tensor([[0.0526, 0.0526, 0.0527, 0.0527, 0.0525, 0.0527, 0.0526, 0.0528, 0.0525,
         0.0523, 0.0523, 0.0527, 0.0528, 0.0526, 0.0528, 0.0526, 0.0528, 0.0525,
         0.0529]], device='cuda:0', grad_fn=<SliceBackward0>)
pt values at epoch 2: tensor([0.0526], device='cuda:0', grad_fn=<SliceBackward0>)
Layer conv1.att_src grad: 2.0717705774186996e-21Layer conv1.att_src grad: 2.0717705774186996e-21
Layer conv1.att_src grad: 2.0717705774186996e-21
Layer conv1.att_src grad: 2.0717705774186996e-21

Layer conv1.att_dst grad: 7.216940313326781e-22
Layer conv1.att_dst grad: 7.216940313326781e-22Layer conv1.att_dst grad: 7.216940313326781e-22
Layer conv1.bias grad: 7.324678447865988e-15Layer conv1.att_dst grad: 7.216940313326781e-22


Layer conv1.bias grad: 7.324678447865988e-15
Layer conv1.bias grad: 7.324678447865988e-15Layer conv1.bias grad: 7.324678447865988e-15
Layer conv1.lin.weight grad: 3.9799371921213095e-15

Layer conv1.lin.weight grad: 3.9799371921213095e-15
Layer conv2.att_src grad: 4.2457235448245763e-23Layer conv1.lin.weight grad: 3.9799371921213095e-15

Layer conv1.lin.weight grad: 3.9799371921213095e-15
Layer conv2.att_src grad: 4.2457235448245763e-23
Layer conv2.att_dst grad: 1.5994006547505833e-23
Layer conv2.att_src grad: 4.2457235448245763e-23
Layer conv2.att_src grad: 4.2457235448245763e-23
Layer conv2.att_dst grad: 1.5994006547505833e-23
Layer conv2.bias grad: 5.770474159269567e-13
Layer conv2.att_dst grad: 1.5994006547505833e-23
Layer conv2.att_dst grad: 1.5994006547505833e-23
Layer conv2.bias grad: 5.770474159269567e-13
Layer conv2.bias grad: 5.770474159269567e-13
Layer conv2.bias grad: 5.770474159269567e-13Layer conv2.lin.weight grad: 3.327787044272437e-16

Layer conv2.lin.weight grad: 3.327787044272437e-16
Layer conv3.att_src grad: 8.127512989892532e-22Layer conv2.lin.weight grad: 3.327787044272437e-16

Layer conv2.lin.weight grad: 3.327787044272437e-16
Layer conv3.att_src grad: 8.127512989892532e-22
Layer conv3.att_dst grad: 3.711564053338445e-22
Layer conv3.att_src grad: 8.127512989892532e-22
Layer conv3.att_src grad: 8.127512989892532e-22
Layer conv3.att_dst grad: 3.711564053338445e-22
Layer conv3.bias grad: 6.574747690724081e-11
Layer conv3.att_dst grad: 3.711564053338445e-22
Layer conv3.att_dst grad: 3.711564053338445e-22
Layer conv3.bias grad: 6.574747690724081e-11
Layer conv3.bias grad: 6.574747690724081e-11
Layer conv3.lin.weight grad: 2.3040414248807345e-14Layer conv3.bias grad: 6.574747690724081e-11

Layer conv3.lin.weight grad: 2.3040414248807345e-14
Layer conv3.lin.weight grad: 2.3040414248807345e-14Layer conv4.att_src grad: 9.06153678208482e-20

Layer conv3.lin.weight grad: 2.3040414248807345e-14
Layer conv4.att_src grad: 9.06153678208482e-20
Layer conv4.att_dst grad: 1.8094572668423213e-20Layer conv4.att_src grad: 9.06153678208482e-20

Layer conv4.att_src grad: 9.06153678208482e-20
Layer conv4.att_dst grad: 1.8094572668423213e-20
Layer conv4.bias grad: 8.32555713259353e-09Layer conv4.att_dst grad: 1.8094572668423213e-20

Layer conv4.att_dst grad: 1.8094572668423213e-20
Layer conv4.bias grad: 8.32555713259353e-09
Layer conv4.bias grad: 8.32555713259353e-09
Layer conv4.lin.weight grad: 2.6261813904082665e-12Layer conv4.bias grad: 8.32555713259353e-09

Layer conv4.lin.weight grad: 2.6261813904082665e-12
Layer conv4.lin.weight grad: 2.6261813904082665e-12
Layer fc.weight grad: 1.6408150393942833e-09
Layer conv4.lin.weight grad: 2.6261813904082665e-12
Layer fc.weight grad: 1.6408150393942833e-09
Layer fc.bias grad: 4.784229986398714e-06Layer fc.weight grad: 1.6408150393942833e-09

Layer fc.weight grad: 1.6408150393942833e-09
Layer fc.bias grad: 4.784229986398714e-06
Layer fc.bias grad: 4.784229986398714e-06
Layer fc.bias grad: 4.784229986398714e-06
Softmax output at epoch 2: tensor([[0.0527, 0.0527, 0.0525, 0.0525, 0.0525, 0.0527, 0.0528, 0.0528, 0.0524,
         0.0524, 0.0522, 0.0527, 0.0527, 0.0526, 0.0527, 0.0525, 0.0529, 0.0524,
         0.0531]], device='cuda:0', grad_fn=<SliceBackward0>)
Softmax output at epoch 2: tensor([[0.0527, 0.0527, 0.0525, 0.0525, 0.0525, 0.0527, 0.0528, 0.0528, 0.0524,
         0.0524, 0.0522, 0.0527, 0.0527, 0.0526, 0.0527, 0.0525, 0.0529, 0.0524,
         0.0531]], device='cuda:3', grad_fn=<SliceBackward0>)
Softmax output at epoch 2: tensor([[0.0527, 0.0527, 0.0525, 0.0525, 0.0525, 0.0527, 0.0528, 0.0528, 0.0524,
         0.0524, 0.0522, 0.0527, 0.0527, 0.0526, 0.0527, 0.0525, 0.0529, 0.0524,
         0.0531]], device='cuda:2', grad_fn=<SliceBackward0>)
pt values at epoch 2: tensor([0.0527], device='cuda:0', grad_fn=<SliceBackward0>)
pt values at epoch 2: tensor([0.0527], device='cuda:3', grad_fn=<SliceBackward0>)
Softmax output at epoch 2: tensor([[0.0527, 0.0527, 0.0525, 0.0525, 0.0525, 0.0527, 0.0528, 0.0528, 0.0524,
         0.0524, 0.0522, 0.0527, 0.0527, 0.0526, 0.0527, 0.0525, 0.0529, 0.0524,
         0.0531]], device='cuda:1', grad_fn=<SliceBackward0>)
pt values at epoch 2: tensor([0.0527], device='cuda:2', grad_fn=<SliceBackward0>)
pt values at epoch 2: tensor([0.0527], device='cuda:1', grad_fn=<SliceBackward0>)
Layer conv1.att_src grad: 9.63618400038681e-21Layer conv1.att_src grad: 9.63618400038681e-21Layer conv1.att_src grad: 9.63618400038681e-21
Layer conv1.att_src grad: 9.63618400038681e-21


Layer conv1.att_dst grad: 5.0512373794854506e-21
Layer conv1.att_dst grad: 5.0512373794854506e-21
Layer conv1.att_dst grad: 5.0512373794854506e-21
Layer conv1.att_dst grad: 5.0512373794854506e-21
Layer conv1.bias grad: 1.9817591103842187e-14
Layer conv1.bias grad: 1.9817591103842187e-14
Layer conv1.bias grad: 1.9817591103842187e-14
Layer conv1.bias grad: 1.9817591103842187e-14
Layer conv1.lin.weight grad: 1.106673363653098e-14
Layer conv1.lin.weight grad: 1.106673363653098e-14
Layer conv1.lin.weight grad: 1.106673363653098e-14
Layer conv1.lin.weight grad: 1.106673363653098e-14
Layer conv2.att_src grad: 6.713297180207092e-23
Layer conv2.att_src grad: 6.713297180207092e-23
Layer conv2.att_src grad: 6.713297180207092e-23
Layer conv2.att_src grad: 6.713297180207092e-23
Layer conv2.att_dst grad: 1.0969316779794432e-23
Layer conv2.att_dst grad: 1.0969316779794432e-23
Layer conv2.att_dst grad: 1.0969316779794432e-23
Layer conv2.att_dst grad: 1.0969316779794432e-23
Layer conv2.bias grad: 1.0760856181818435e-12
Layer conv2.bias grad: 1.0760856181818435e-12
Layer conv2.bias grad: 1.0760856181818435e-12
Layer conv2.bias grad: 1.0760856181818435e-12
Layer conv2.lin.weight grad: 6.683015838453545e-16
Layer conv2.lin.weight grad: 6.683015838453545e-16
Layer conv2.lin.weight grad: 6.683015838453545e-16
Layer conv2.lin.weight grad: 6.683015838453545e-16Layer conv3.att_src grad: 5.754592931748411e-21

Layer conv3.att_src grad: 5.754592931748411e-21
Layer conv3.att_src grad: 5.754592931748411e-21
Layer conv3.att_dst grad: 2.5554812023255967e-21
Layer conv3.att_src grad: 5.754592931748411e-21Layer conv3.att_dst grad: 2.5554812023255967e-21

Layer conv3.att_dst grad: 2.5554812023255967e-21
Layer conv3.bias grad: 1.1326402316047535e-10
Layer conv3.att_dst grad: 2.5554812023255967e-21Layer conv3.bias grad: 1.1326402316047535e-10
Layer conv3.bias grad: 1.1326402316047535e-10

Layer conv3.lin.weight grad: 5.12249070201351e-14Layer conv3.bias grad: 1.1326402316047535e-10

Layer conv3.lin.weight grad: 5.12249070201351e-14Layer conv3.lin.weight grad: 5.12249070201351e-14

Layer conv4.att_src grad: 2.798198725359629e-19
Layer conv3.lin.weight grad: 5.12249070201351e-14
Layer conv4.att_src grad: 2.798198725359629e-19Layer conv4.att_src grad: 2.798198725359629e-19

Layer conv4.att_dst grad: 1.2758301936107773e-19
Layer conv4.att_src grad: 2.798198725359629e-19
Layer conv4.att_dst grad: 1.2758301936107773e-19Layer conv4.att_dst grad: 1.2758301936107773e-19

Layer conv4.bias grad: 1.1532681476467133e-08
Layer conv4.bias grad: 1.1532681476467133e-08Layer conv4.bias grad: 1.1532681476467133e-08
Layer conv4.att_dst grad: 1.2758301936107773e-19

Layer conv4.lin.weight grad: 5.696035223351492e-12
Layer conv4.lin.weight grad: 5.696035223351492e-12
Layer conv4.bias grad: 1.1532681476467133e-08
Layer conv4.lin.weight grad: 5.696035223351492e-12
Layer fc.weight grad: 2.8102133953211705e-09
Layer fc.weight grad: 2.8102133953211705e-09Layer conv4.lin.weight grad: 5.696035223351492e-12

Layer fc.weight grad: 2.8102133953211705e-09Layer fc.bias grad: 5.700183464796282e-06

Layer fc.bias grad: 5.700183464796282e-06
Layer fc.weight grad: 2.8102133953211705e-09
Layer fc.bias grad: 5.700183464796282e-06
Layer fc.bias grad: 5.700183464796282e-06
Softmax output at epoch 2: tensor([[0.0527, 0.0528, 0.0524, 0.0525, 0.0526, 0.0528, 0.0529, 0.0527, 0.0523,
         0.0525, 0.0522, 0.0527, 0.0527, 0.0527, 0.0527, 0.0523, 0.0530, 0.0523,
         0.0533]], device='cuda:3', grad_fn=<SliceBackward0>)
Softmax output at epoch 2: tensor([[0.0527, 0.0528, 0.0524, 0.0525, 0.0526, 0.0528, 0.0529, 0.0527, 0.0523,
         0.0525, 0.0522, 0.0527, 0.0527, 0.0527, 0.0527, 0.0523, 0.0530, 0.0523,
         0.0533]], device='cuda:2', grad_fn=<SliceBackward0>)
Softmax output at epoch 2: tensor([[0.0527, 0.0528, 0.0524, 0.0525, 0.0526, 0.0528, 0.0529, 0.0527, 0.0523,
         0.0525, 0.0522, 0.0527, 0.0527, 0.0527, 0.0527, 0.0523, 0.0530, 0.0523,
         0.0533]], device='cuda:0', grad_fn=<SliceBackward0>)
Softmax output at epoch 2: tensor([[0.0527, 0.0528, 0.0524, 0.0525, 0.0526, 0.0528, 0.0529, 0.0527, 0.0523,
         0.0525, 0.0522, 0.0527, 0.0527, 0.0527, 0.0527, 0.0523, 0.0530, 0.0523,
         0.0533]], device='cuda:1', grad_fn=<SliceBackward0>)
pt values at epoch 2: tensor([0.0527], device='cuda:3', grad_fn=<SliceBackward0>)
pt values at epoch 2: tensor([0.0527], device='cuda:2', grad_fn=<SliceBackward0>)
pt values at epoch 2: tensor([0.0527], device='cuda:0', grad_fn=<SliceBackward0>)
pt values at epoch 2: tensor([0.0527], device='cuda:1', grad_fn=<SliceBackward0>)
Layer conv1.att_src grad: 6.968340603135927e-19Layer conv1.att_src grad: 6.968340603135927e-19Layer conv1.att_src grad: 6.968340603135927e-19Layer conv1.att_src grad: 6.968340603135927e-19



Layer conv1.att_dst grad: 4.446385305686917e-19Layer conv1.att_dst grad: 4.446385305686917e-19Layer conv1.att_dst grad: 4.446385305686917e-19Layer conv1.att_dst grad: 4.446385305686917e-19



Layer conv1.bias grad: 2.7492643036274023e-13Layer conv1.bias grad: 2.7492643036274023e-13Layer conv1.bias grad: 2.7492643036274023e-13
Layer conv1.bias grad: 2.7492643036274023e-13


Layer conv1.lin.weight grad: 1.6155387574587343e-13
Layer conv1.lin.weight grad: 1.6155387574587343e-13
Layer conv1.lin.weight grad: 1.6155387574587343e-13Layer conv1.lin.weight grad: 1.6155387574587343e-13

Layer conv2.att_src grad: 1.2648337159398085e-20
Layer conv2.att_src grad: 1.2648337159398085e-20
Layer conv2.att_src grad: 1.2648337159398085e-20Layer conv2.att_src grad: 1.2648337159398085e-20

Layer conv2.att_dst grad: 3.412917722928599e-21
Layer conv2.att_dst grad: 3.412917722928599e-21
Layer conv2.att_dst grad: 3.412917722928599e-21Layer conv2.att_dst grad: 3.412917722928599e-21

Layer conv2.bias grad: 7.787923084201509e-12
Layer conv2.bias grad: 7.787923084201509e-12
Layer conv2.bias grad: 7.787923084201509e-12Layer conv2.bias grad: 7.787923084201509e-12

Layer conv2.lin.weight grad: 1.0713768231146534e-14Layer conv2.lin.weight grad: 1.0713768231146534e-14

Layer conv2.lin.weight grad: 1.0713768231146534e-14Layer conv2.lin.weight grad: 1.0713768231146534e-14

Layer conv3.att_src grad: 4.375021849302553e-19Layer conv3.att_src grad: 4.375021849302553e-19

Layer conv3.att_src grad: 4.375021849302553e-19Layer conv3.att_src grad: 4.375021849302553e-19

Layer conv3.att_dst grad: 2.659704133893817e-19Layer conv3.att_dst grad: 2.659704133893817e-19

Layer conv3.att_dst grad: 2.659704133893817e-19Layer conv3.att_dst grad: 2.659704133893817e-19

Layer conv3.bias grad: 3.6524283597572094e-10Layer conv3.bias grad: 3.6524283597572094e-10

Layer conv3.bias grad: 3.6524283597572094e-10Layer conv3.bias grad: 3.6524283597572094e-10

Layer conv3.lin.weight grad: 3.4903525382434797e-13Layer conv3.lin.weight grad: 3.4903525382434797e-13

Layer conv3.lin.weight grad: 3.4903525382434797e-13Layer conv3.lin.weight grad: 3.4903525382434797e-13

Layer conv4.att_src grad: 1.120736920344624e-17Layer conv4.att_src grad: 1.120736920344624e-17

Layer conv4.att_src grad: 1.120736920344624e-17Layer conv4.att_src grad: 1.120736920344624e-17

Layer conv4.att_dst grad: 3.602019188727488e-18Layer conv4.att_dst grad: 3.602019188727488e-18

Layer conv4.att_dst grad: 3.602019188727488e-18Layer conv4.att_dst grad: 3.602019188727488e-18

Layer conv4.bias grad: 1.8013034619457358e-08Layer conv4.bias grad: 1.8013034619457358e-08

Layer conv4.bias grad: 1.8013034619457358e-08Layer conv4.bias grad: 1.8013034619457358e-08

Layer conv4.lin.weight grad: 1.8789650391148882e-11Layer conv4.lin.weight grad: 1.8789650391148882e-11

Layer conv4.lin.weight grad: 1.8789650391148882e-11Layer conv4.lin.weight grad: 1.8789650391148882e-11

Layer fc.weight grad: 4.3516807934906865e-09Layer fc.weight grad: 4.3516807934906865e-09

Layer fc.weight grad: 4.3516807934906865e-09Layer fc.weight grad: 4.3516807934906865e-09

Layer fc.bias grad: 4.067322151968256e-06Layer fc.bias grad: 4.067322151968256e-06

Layer fc.bias grad: 4.067322151968256e-06Layer fc.bias grad: 4.067322151968256e-06

Softmax output at epoch 2: tensor([[0.0527, 0.0528, 0.0522, 0.0525, 0.0526, 0.0528, 0.0530, 0.0527, 0.0523,
         0.0525, 0.0522, 0.0528, 0.0527, 0.0526, 0.0527, 0.0522, 0.0530, 0.0522,
         0.0534]], device='cuda:3', grad_fn=<SliceBackward0>)
Softmax output at epoch 2: tensor([[0.0527, 0.0528, 0.0522, 0.0525, 0.0526, 0.0528, 0.0530, 0.0527, 0.0523,
         0.0525, 0.0522, 0.0528, 0.0527, 0.0526, 0.0527, 0.0522, 0.0530, 0.0522,
         0.0534]], device='cuda:2', grad_fn=<SliceBackward0>)
Softmax output at epoch 2: tensor([[0.0527, 0.0528, 0.0522, 0.0525, 0.0526, 0.0528, 0.0530, 0.0527, 0.0523,
         0.0525, 0.0522, 0.0528, 0.0527, 0.0526, 0.0527, 0.0522, 0.0530, 0.0522,
         0.0534]], device='cuda:0', grad_fn=<SliceBackward0>)
Softmax output at epoch 2: tensor([[0.0527, 0.0528, 0.0522, 0.0525, 0.0526, 0.0528, 0.0530, 0.0527, 0.0523,
         0.0525, 0.0522, 0.0528, 0.0527, 0.0526, 0.0527, 0.0522, 0.0530, 0.0522,
         0.0534]], device='cuda:1', grad_fn=<SliceBackward0>)
pt values at epoch 2: tensor([0.0527], device='cuda:3', grad_fn=<SliceBackward0>)
pt values at epoch 2: tensor([0.0527], device='cuda:2', grad_fn=<SliceBackward0>)
pt values at epoch 2: tensor([0.0527], device='cuda:0', grad_fn=<SliceBackward0>)
pt values at epoch 2: tensor([0.0527], device='cuda:1', grad_fn=<SliceBackward0>)
Layer conv1.att_src grad: 6.122816743511653e-19Layer conv1.att_src grad: 6.122816743511653e-19Layer conv1.att_src grad: 6.122816743511653e-19Layer conv1.att_src grad: 6.122816743511653e-19



Layer conv1.att_dst grad: 3.0490583067164684e-19Layer conv1.att_dst grad: 3.0490583067164684e-19Layer conv1.att_dst grad: 3.0490583067164684e-19Layer conv1.att_dst grad: 3.0490583067164684e-19



Layer conv1.bias grad: 5.390401124592825e-13Layer conv1.bias grad: 5.390401124592825e-13
Layer conv1.bias grad: 5.390401124592825e-13
Layer conv1.bias grad: 5.390401124592825e-13

Layer conv1.lin.weight grad: 3.270551418663864e-13
Layer conv1.lin.weight grad: 3.270551418663864e-13Layer conv1.lin.weight grad: 3.270551418663864e-13Layer conv1.lin.weight grad: 3.270551418663864e-13


Layer conv2.att_src grad: 2.689099386365824e-20
Layer conv2.att_src grad: 2.689099386365824e-20Layer conv2.att_src grad: 2.689099386365824e-20
Layer conv2.att_src grad: 2.689099386365824e-20

Layer conv2.att_dst grad: 4.246798983119446e-21
Layer conv2.att_dst grad: 4.246798983119446e-21
Layer conv2.att_dst grad: 4.246798983119446e-21Layer conv2.att_dst grad: 4.246798983119446e-21

Layer conv2.bias grad: 1.4189912266038274e-11
Layer conv2.bias grad: 1.4189912266038274e-11
Layer conv2.bias grad: 1.4189912266038274e-11Layer conv2.bias grad: 1.4189912266038274e-11

Layer conv2.lin.weight grad: 1.9992566087888297e-14
Layer conv2.lin.weight grad: 1.9992566087888297e-14
Layer conv2.lin.weight grad: 1.9992566087888297e-14Layer conv2.lin.weight grad: 1.9992566087888297e-14

Layer conv3.att_src grad: 6.093929011581887e-19
Layer conv3.att_src grad: 6.093929011581887e-19
Layer conv3.att_src grad: 6.093929011581887e-19Layer conv3.att_src grad: 6.093929011581887e-19

Layer conv3.att_dst grad: 2.3314904990601395e-19
Layer conv3.att_dst grad: 2.3314904990601395e-19
Layer conv3.att_dst grad: 2.3314904990601395e-19Layer conv3.att_dst grad: 2.3314904990601395e-19

Layer conv3.bias grad: 6.195807200626291e-10
Layer conv3.bias grad: 6.195807200626291e-10
Layer conv3.bias grad: 6.195807200626291e-10Layer conv3.bias grad: 6.195807200626291e-10

Layer conv3.lin.weight grad: 6.209972857121326e-13
Layer conv3.lin.weight grad: 6.209972857121326e-13
Layer conv3.lin.weight grad: 6.209972857121326e-13Layer conv3.lin.weight grad: 6.209972857121326e-13

Layer conv4.att_src grad: 1.457377592085535e-17
Layer conv4.att_src grad: 1.457377592085535e-17
Layer conv4.att_src grad: 1.457377592085535e-17Layer conv4.att_src grad: 1.457377592085535e-17

Layer conv4.att_dst grad: 2.5505514482128507e-18
Layer conv4.att_dst grad: 2.5505514482128507e-18
Layer conv4.att_dst grad: 2.5505514482128507e-18Layer conv4.att_dst grad: 2.5505514482128507e-18

Layer conv4.bias grad: 2.996733172722088e-08
Layer conv4.bias grad: 2.996733172722088e-08
Layer conv4.bias grad: 2.996733172722088e-08Layer conv4.bias grad: 2.996733172722088e-08

Layer conv4.lin.weight grad: 3.270765949747734e-11
Layer conv4.lin.weight grad: 3.270765949747734e-11
Layer conv4.lin.weight grad: 3.270765949747734e-11Layer conv4.lin.weight grad: 3.270765949747734e-11

Layer fc.weight grad: 7.2904540182605615e-09
Layer fc.weight grad: 7.2904540182605615e-09
Layer fc.weight grad: 7.2904540182605615e-09Layer fc.weight grad: 7.2904540182605615e-09Layer fc.bias grad: 6.358881819323869e-06

Layer fc.bias grad: 6.358881819323869e-06

Layer fc.bias grad: 6.358881819323869e-06Layer fc.bias grad: 6.358881819323869e-06

Softmax output at epoch 2: tensor([[0.0527, 0.0529, 0.0522, 0.0525, 0.0526, 0.0529, 0.0530, 0.0527, 0.0522,
         0.0526, 0.0522, 0.0528, 0.0527, 0.0527, 0.0527, 0.0521, 0.0531, 0.0522,
         0.0533]], device='cuda:3', grad_fn=<SliceBackward0>)
Softmax output at epoch 2: tensor([[0.0527, 0.0529, 0.0522, 0.0525, 0.0526, 0.0529, 0.0530, 0.0527, 0.0522,
         0.0526, 0.0522, 0.0528, 0.0527, 0.0527, 0.0527, 0.0521, 0.0531, 0.0522,
         0.0533]], device='cuda:1', grad_fn=<SliceBackward0>)Softmax output at epoch 2: tensor([[0.0527, 0.0529, 0.0522, 0.0525, 0.0526, 0.0529, 0.0530, 0.0527, 0.0522,
         0.0526, 0.0522, 0.0528, 0.0527, 0.0527, 0.0527, 0.0521, 0.0531, 0.0522,
         0.0533]], device='cuda:0', grad_fn=<SliceBackward0>)

Softmax output at epoch 2: tensor([[0.0527, 0.0529, 0.0522, 0.0525, 0.0526, 0.0529, 0.0530, 0.0527, 0.0522,
         0.0526, 0.0522, 0.0528, 0.0527, 0.0527, 0.0527, 0.0521, 0.0531, 0.0522,
         0.0533]], device='cuda:2', grad_fn=<SliceBackward0>)
pt values at epoch 2: tensor([0.0527], device='cuda:3', grad_fn=<SliceBackward0>)
pt values at epoch 2: tensor([0.0527], device='cuda:0', grad_fn=<SliceBackward0>)pt values at epoch 2: tensor([0.0527], device='cuda:1', grad_fn=<SliceBackward0>)

pt values at epoch 2: tensor([0.0527], device='cuda:2', grad_fn=<SliceBackward0>)
Layer conv1.att_src grad: 4.1248543854738734e-20Layer conv1.att_src grad: 4.1248543854738734e-20Layer conv1.att_src grad: 4.1248543854738734e-20Layer conv1.att_src grad: 4.1248543854738734e-20



Layer conv1.att_dst grad: 7.918023239363334e-21Layer conv1.att_dst grad: 7.918023239363334e-21Layer conv1.att_dst grad: 7.918023239363334e-21Layer conv1.att_dst grad: 7.918023239363334e-21



Layer conv1.bias grad: 9.420329100118252e-14Layer conv1.bias grad: 9.420329100118252e-14
Layer conv1.bias grad: 9.420329100118252e-14
Layer conv1.bias grad: 9.420329100118252e-14

Layer conv1.lin.weight grad: 6.529295198043003e-14Layer conv1.lin.weight grad: 6.529295198043003e-14

Layer conv1.lin.weight grad: 6.529295198043003e-14Layer conv1.lin.weight grad: 6.529295198043003e-14

Layer conv2.att_src grad: 2.409783919520108e-21Layer conv2.att_src grad: 2.409783919520108e-21

Layer conv2.att_src grad: 2.409783919520108e-21Layer conv2.att_src grad: 2.409783919520108e-21

Layer conv2.att_dst grad: 1.0967168900876132e-21Layer conv2.att_dst grad: 1.0967168900876132e-21

Layer conv2.att_dst grad: 1.0967168900876132e-21Layer conv2.att_dst grad: 1.0967168900876132e-21

Layer conv2.bias grad: 3.947157704853321e-12Layer conv2.bias grad: 3.947157704853321e-12

Layer conv2.bias grad: 3.947157704853321e-12Layer conv2.bias grad: 3.947157704853321e-12

Layer conv2.lin.weight grad: 4.173633298367634e-15
Layer conv2.lin.weight grad: 4.173633298367634e-15
Layer conv2.lin.weight grad: 4.173633298367634e-15Layer conv2.lin.weight grad: 4.173633298367634e-15

Layer conv3.att_src grad: 5.3066773765490745e-20
Layer conv3.att_src grad: 5.3066773765490745e-20
Layer conv3.att_src grad: 5.3066773765490745e-20Layer conv3.att_src grad: 5.3066773765490745e-20

Layer conv3.att_dst grad: 1.444589675791028e-20
Layer conv3.att_dst grad: 1.444589675791028e-20
Layer conv3.att_dst grad: 1.444589675791028e-20Layer conv3.att_dst grad: 1.444589675791028e-20

Layer conv3.bias grad: 2.5131030589875536e-10
Layer conv3.bias grad: 2.5131030589875536e-10
Layer conv3.bias grad: 2.5131030589875536e-10Layer conv3.bias grad: 2.5131030589875536e-10

Layer conv3.lin.weight grad: 1.6924458254123642e-13
Layer conv3.lin.weight grad: 1.6924458254123642e-13
Layer conv3.lin.weight grad: 1.6924458254123642e-13Layer conv3.lin.weight grad: 1.6924458254123642e-13

Layer conv4.att_src grad: 3.0415935703748485e-18
Layer conv4.att_src grad: 3.0415935703748485e-18
Layer conv4.att_src grad: 3.0415935703748485e-18Layer conv4.att_src grad: 3.0415935703748485e-18

Layer conv4.att_dst grad: 1.4591248870524613e-18
Layer conv4.att_dst grad: 1.4591248870524613e-18
Layer conv4.att_dst grad: 1.4591248870524613e-18Layer conv4.att_dst grad: 1.4591248870524613e-18
Layer conv4.bias grad: 1.5371892203575044e-08
Layer conv4.bias grad: 1.5371892203575044e-08

Layer conv4.bias grad: 1.5371892203575044e-08
Layer conv4.bias grad: 1.5371892203575044e-08
Layer conv4.lin.weight grad: 1.1402021687922925e-11Layer conv4.lin.weight grad: 1.1402021687922925e-11

Layer conv4.lin.weight grad: 1.1402021687922925e-11
Layer conv4.lin.weight grad: 1.1402021687922925e-11
Layer fc.weight grad: 3.4560962980378918e-09Layer fc.weight grad: 3.4560962980378918e-09

Layer fc.weight grad: 3.4560962980378918e-09
Layer fc.weight grad: 3.4560962980378918e-09
Layer fc.bias grad: 4.3030436245317105e-06Layer fc.bias grad: 4.3030436245317105e-06

Layer fc.bias grad: 4.3030436245317105e-06Layer fc.bias grad: 4.3030436245317105e-06

Softmax output at epoch 2: tensor([[0.0526, 0.0530, 0.0522, 0.0525, 0.0526, 0.0529, 0.0530, 0.0526, 0.0522,
         0.0527, 0.0523, 0.0528, 0.0527, 0.0527, 0.0527, 0.0521, 0.0531, 0.0522,
         0.0532]], device='cuda:2', grad_fn=<SliceBackward0>)Softmax output at epoch 2: tensor([[0.0526, 0.0530, 0.0522, 0.0525, 0.0526, 0.0529, 0.0530, 0.0526, 0.0522,
         0.0527, 0.0523, 0.0528, 0.0527, 0.0527, 0.0527, 0.0521, 0.0531, 0.0522,
         0.0532]], device='cuda:3', grad_fn=<SliceBackward0>)Softmax output at epoch 2: tensor([[0.0526, 0.0530, 0.0522, 0.0525, 0.0526, 0.0529, 0.0530, 0.0526, 0.0522,
         0.0527, 0.0523, 0.0528, 0.0527, 0.0527, 0.0527, 0.0521, 0.0531, 0.0522,
         0.0532]], device='cuda:0', grad_fn=<SliceBackward0>)
Softmax output at epoch 2: tensor([[0.0526, 0.0530, 0.0522, 0.0525, 0.0526, 0.0529, 0.0530, 0.0526, 0.0522,
         0.0527, 0.0523, 0.0528, 0.0527, 0.0527, 0.0527, 0.0521, 0.0531, 0.0522,
         0.0532]], device='cuda:1', grad_fn=<SliceBackward0>)


pt values at epoch 2: tensor([0.0526], device='cuda:2', grad_fn=<SliceBackward0>)pt values at epoch 2: tensor([0.0526], device='cuda:1', grad_fn=<SliceBackward0>)
pt values at epoch 2: tensor([0.0526], device='cuda:3', grad_fn=<SliceBackward0>)pt values at epoch 2: tensor([0.0526], device='cuda:0', grad_fn=<SliceBackward0>)


Layer conv1.att_src grad: 4.8327512320011714e-23Layer conv1.att_src grad: 4.8327512320011714e-23

Layer conv1.att_dst grad: 2.514136623629729e-23
Layer conv1.att_dst grad: 2.514136623629729e-23
Layer conv1.bias grad: 2.5280672398693936e-15
Layer conv1.bias grad: 2.5280672398693936e-15Layer conv1.lin.weight grad: 1.4128848373380631e-15

Layer conv2.att_src grad: 2.130862005282587e-24Layer conv1.att_src grad: 4.8327512320011714e-23

Layer conv1.lin.weight grad: 1.4128848373380631e-15
Layer conv1.att_dst grad: 2.514136623629729e-23
Layer conv2.att_dst grad: 9.974802992025923e-25
Layer conv1.att_src grad: 4.8327512320011714e-23
Layer conv1.bias grad: 2.5280672398693936e-15
Layer conv2.bias grad: 3.347833620569174e-13
Layer conv2.att_src grad: 2.130862005282587e-24
Layer conv1.att_dst grad: 2.514136623629729e-23Layer conv1.lin.weight grad: 1.4128848373380631e-15

Layer conv2.lin.weight grad: 1.0135562497875966e-16
Layer conv2.att_src grad: 2.130862005282587e-24
Layer conv2.att_dst grad: 9.974802992025923e-25
Layer conv1.bias grad: 2.5280672398693936e-15
Layer conv3.att_src grad: 1.0563887555126791e-22
Layer conv2.att_dst grad: 9.974802992025923e-25
Layer conv2.bias grad: 3.347833620569174e-13
Layer conv3.att_dst grad: 3.502405472928146e-23Layer conv2.bias grad: 3.347833620569174e-13

Layer conv1.lin.weight grad: 1.4128848373380631e-15
Layer conv3.bias grad: 8.802641948690848e-11
Layer conv2.lin.weight grad: 1.0135562497875966e-16
Layer conv2.lin.weight grad: 1.0135562497875966e-16
Layer conv3.lin.weight grad: 1.2720506173738693e-14Layer conv3.att_src grad: 1.0563887555126791e-22

Layer conv2.att_src grad: 2.130862005282587e-24
Layer conv3.att_dst grad: 3.502405472928146e-23
Layer conv4.att_src grad: 1.6853077966557687e-20
Layer conv3.att_src grad: 1.0563887555126791e-22
Layer conv2.att_dst grad: 9.974802992025923e-25Layer conv3.bias grad: 8.802641948690848e-11

Layer conv4.att_dst grad: 6.953588806263324e-21
Layer conv3.att_dst grad: 3.502405472928146e-23
Layer conv3.lin.weight grad: 1.2720506173738693e-14Layer conv4.bias grad: 1.7993723844256237e-08

Layer conv2.bias grad: 3.347833620569174e-13
Layer conv4.att_src grad: 1.6853077966557687e-20
Layer conv4.lin.weight grad: 2.9234982490411454e-12
Layer conv3.bias grad: 8.802641948690848e-11
Layer conv4.att_dst grad: 6.953588806263324e-21
Layer fc.weight grad: 3.6000089576049277e-09
Layer conv2.lin.weight grad: 1.0135562497875966e-16
Layer conv4.bias grad: 1.7993723844256237e-08
Layer conv3.lin.weight grad: 1.2720506173738693e-14Layer fc.bias grad: 1.567674735269975e-05

Layer conv4.lin.weight grad: 2.9234982490411454e-12
Layer conv3.att_src grad: 1.0563887555126791e-22
Layer fc.weight grad: 3.6000089576049277e-09
Layer conv4.att_src grad: 1.6853077966557687e-20
Layer fc.bias grad: 1.567674735269975e-05
Layer conv3.att_dst grad: 3.502405472928146e-23
Layer conv4.att_dst grad: 6.953588806263324e-21
Layer conv3.bias grad: 8.802641948690848e-11
Layer conv4.bias grad: 1.7993723844256237e-08
Layer conv3.lin.weight grad: 1.2720506173738693e-14
Layer conv4.lin.weight grad: 2.9234982490411454e-12
Layer conv4.att_src grad: 1.6853077966557687e-20
Layer fc.weight grad: 3.6000089576049277e-09
Layer conv4.att_dst grad: 6.953588806263324e-21
Layer fc.bias grad: 1.567674735269975e-05
Layer conv4.bias grad: 1.7993723844256237e-08
Layer conv4.lin.weight grad: 2.9234982490411454e-12
Layer fc.weight grad: 3.6000089576049277e-09
Layer fc.bias grad: 1.567674735269975e-05
Softmax output at epoch 3: tensor([[0.0526, 0.0531, 0.0522, 0.0524, 0.0526, 0.0529, 0.0529, 0.0527, 0.0521,
         0.0528, 0.0522, 0.0528, 0.0528, 0.0528, 0.0525, 0.0521, 0.0532, 0.0521,
         0.0531]], device='cuda:3', grad_fn=<SliceBackward0>)
Softmax output at epoch 3: tensor([[0.0526, 0.0531, 0.0522, 0.0524, 0.0526, 0.0529, 0.0529, 0.0527, 0.0521,
         0.0528, 0.0522, 0.0528, 0.0528, 0.0528, 0.0525, 0.0521, 0.0532, 0.0521,
         0.0531]], device='cuda:2', grad_fn=<SliceBackward0>)
Softmax output at epoch 3: tensor([[0.0526, 0.0531, 0.0522, 0.0524, 0.0526, 0.0529, 0.0529, 0.0527, 0.0521,
         0.0528, 0.0522, 0.0528, 0.0528, 0.0528, 0.0525, 0.0521, 0.0532, 0.0521,
         0.0531]], device='cuda:1', grad_fn=<SliceBackward0>)
pt values at epoch 3: tensor([0.0526], device='cuda:3', grad_fn=<SliceBackward0>)
pt values at epoch 3: tensor([0.0526], device='cuda:2', grad_fn=<SliceBackward0>)
pt values at epoch 3: tensor([0.0526], device='cuda:1', grad_fn=<SliceBackward0>)
Precision: 0.0000, Recall: 0.0004, F1-Score: 0.0000
Fold 4, Epoch 2, Train Loss: 0.0011, Val Loss: 0.0011, Val Acc: 0.0003
Softmax output at epoch 3: tensor([[0.0526, 0.0531, 0.0522, 0.0524, 0.0526, 0.0529, 0.0529, 0.0527, 0.0521,
         0.0528, 0.0522, 0.0528, 0.0528, 0.0528, 0.0525, 0.0521, 0.0532, 0.0521,
         0.0531]], device='cuda:0', grad_fn=<SliceBackward0>)
pt values at epoch 3: tensor([0.0526], device='cuda:0', grad_fn=<SliceBackward0>)
Layer conv1.att_src grad: 1.6447444426915595e-21Layer conv1.att_src grad: 1.6447444426915595e-21Layer conv1.att_src grad: 1.6447444426915595e-21Layer conv1.att_src grad: 1.6447444426915595e-21



Layer conv1.att_dst grad: 3.140798260406438e-23
Layer conv1.att_dst grad: 3.140798260406438e-23Layer conv1.att_dst grad: 3.140798260406438e-23
Layer conv1.att_dst grad: 3.140798260406438e-23

Layer conv1.bias grad: 8.291731728581487e-15
Layer conv1.bias grad: 8.291731728581487e-15
Layer conv1.bias grad: 8.291731728581487e-15
Layer conv1.bias grad: 8.291731728581487e-15
Layer conv1.lin.weight grad: 4.54369055807825e-15
Layer conv1.lin.weight grad: 4.54369055807825e-15
Layer conv1.lin.weight grad: 4.54369055807825e-15
Layer conv1.lin.weight grad: 4.54369055807825e-15
Layer conv2.att_src grad: 3.2214375154043025e-23
Layer conv2.att_src grad: 3.2214375154043025e-23
Layer conv2.att_src grad: 3.2214375154043025e-23
Layer conv2.att_src grad: 3.2214375154043025e-23
Layer conv2.att_dst grad: 1.5364539721350158e-23
Layer conv2.att_dst grad: 1.5364539721350158e-23
Layer conv2.att_dst grad: 1.5364539721350158e-23
Layer conv2.att_dst grad: 1.5364539721350158e-23
Layer conv2.bias grad: 5.628095103675512e-13
Layer conv2.bias grad: 5.628095103675512e-13
Layer conv2.bias grad: 5.628095103675512e-13
Layer conv2.bias grad: 5.628095103675512e-13
Layer conv2.lin.weight grad: 3.089979632655036e-16
Layer conv2.lin.weight grad: 3.089979632655036e-16
Layer conv2.lin.weight grad: 3.089979632655036e-16
Layer conv2.lin.weight grad: 3.089979632655036e-16
Layer conv3.att_src grad: 1.9877860977988168e-21
Layer conv3.att_src grad: 1.9877860977988168e-21
Layer conv3.att_src grad: 1.9877860977988168e-21
Layer conv3.att_src grad: 1.9877860977988168e-21
Layer conv3.att_dst grad: 5.211015210982185e-22
Layer conv3.att_dst grad: 5.211015210982185e-22
Layer conv3.att_dst grad: 5.211015210982185e-22
Layer conv3.att_dst grad: 5.211015210982185e-22
Layer conv3.bias grad: 5.884254888899321e-11
Layer conv3.bias grad: 5.884254888899321e-11
Layer conv3.bias grad: 5.884254888899321e-11
Layer conv3.bias grad: 5.884254888899321e-11
Layer conv3.lin.weight grad: 2.2416366113049528e-14
Layer conv3.lin.weight grad: 2.2416366113049528e-14
Layer conv3.lin.weight grad: 2.2416366113049528e-14
Layer conv3.lin.weight grad: 2.2416366113049528e-14
Layer conv4.att_src grad: 8.355154265767798e-20
Layer conv4.att_src grad: 8.355154265767798e-20
Layer conv4.att_src grad: 8.355154265767798e-20
Layer conv4.att_src grad: 8.355154265767798e-20
Layer conv4.att_dst grad: 5.0188686065817715e-20
Layer conv4.att_dst grad: 5.0188686065817715e-20
Layer conv4.att_dst grad: 5.0188686065817715e-20
Layer conv4.att_dst grad: 5.0188686065817715e-20
Layer conv4.bias grad: 7.513949462634173e-09
Layer conv4.bias grad: 7.513949462634173e-09
Layer conv4.bias grad: 7.513949462634173e-09
Layer conv4.bias grad: 7.513949462634173e-09
Layer conv4.lin.weight grad: 2.670955037004097e-12
Layer conv4.lin.weight grad: 2.670955037004097e-12
Layer conv4.lin.weight grad: 2.670955037004097e-12
Layer conv4.lin.weight grad: 2.670955037004097e-12
Layer fc.weight grad: 1.4322004693312351e-09
Layer fc.weight grad: 1.4322004693312351e-09
Layer fc.weight grad: 1.4322004693312351e-09
Layer fc.weight grad: 1.4322004693312351e-09
Layer fc.bias grad: 5.193674951442517e-06
Layer fc.bias grad: 5.193674951442517e-06
Layer fc.bias grad: 5.193674951442517e-06
Layer fc.bias grad: 5.193674951442517e-06
Softmax output at epoch 3: tensor([[0.0526, 0.0531, 0.0522, 0.0523, 0.0526, 0.0530, 0.0529, 0.0528, 0.0521,
         0.0529, 0.0522, 0.0527, 0.0529, 0.0528, 0.0524, 0.0521, 0.0533, 0.0521,
         0.0531]], device='cuda:2', grad_fn=<SliceBackward0>)
Softmax output at epoch 3: tensor([[0.0526, 0.0531, 0.0522, 0.0523, 0.0526, 0.0530, 0.0529, 0.0528, 0.0521,
         0.0529, 0.0522, 0.0527, 0.0529, 0.0528, 0.0524, 0.0521, 0.0533, 0.0521,
         0.0531]], device='cuda:3', grad_fn=<SliceBackward0>)
Softmax output at epoch 3: tensor([[0.0526, 0.0531, 0.0522, 0.0523, 0.0526, 0.0530, 0.0529, 0.0528, 0.0521,
         0.0529, 0.0522, 0.0527, 0.0529, 0.0528, 0.0524, 0.0521, 0.0533, 0.0521,
         0.0531]], device='cuda:1', grad_fn=<SliceBackward0>)
Softmax output at epoch 3: tensor([[0.0526, 0.0531, 0.0522, 0.0523, 0.0526, 0.0530, 0.0529, 0.0528, 0.0521,
         0.0529, 0.0522, 0.0527, 0.0529, 0.0528, 0.0524, 0.0521, 0.0533, 0.0521,
         0.0531]], device='cuda:0', grad_fn=<SliceBackward0>)
pt values at epoch 3: tensor([0.0526], device='cuda:2', grad_fn=<SliceBackward0>)
pt values at epoch 3: tensor([0.0526], device='cuda:3', grad_fn=<SliceBackward0>)
pt values at epoch 3: tensor([0.0526], device='cuda:1', grad_fn=<SliceBackward0>)
pt values at epoch 3: tensor([0.0526], device='cuda:0', grad_fn=<SliceBackward0>)
Layer conv1.att_src grad: 1.1151051231826027e-19Layer conv1.att_src grad: 1.1151051231826027e-19Layer conv1.att_src grad: 1.1151051231826027e-19Layer conv1.att_src grad: 1.1151051231826027e-19



Layer conv1.att_dst grad: 6.964337307465112e-21Layer conv1.att_dst grad: 6.964337307465112e-21Layer conv1.att_dst grad: 6.964337307465112e-21Layer conv1.att_dst grad: 6.964337307465112e-21



Layer conv1.bias grad: 6.827547696045683e-14Layer conv1.bias grad: 6.827547696045683e-14
Layer conv1.bias grad: 6.827547696045683e-14
Layer conv1.bias grad: 6.827547696045683e-14

Layer conv1.lin.weight grad: 4.80799922715925e-14Layer conv1.lin.weight grad: 4.80799922715925e-14

Layer conv1.lin.weight grad: 4.80799922715925e-14Layer conv1.lin.weight grad: 4.80799922715925e-14

Layer conv2.att_src grad: 2.585306152507605e-21Layer conv2.att_src grad: 2.585306152507605e-21

Layer conv2.att_src grad: 2.585306152507605e-21Layer conv2.att_src grad: 2.585306152507605e-21

Layer conv2.att_dst grad: 5.097864031963159e-22Layer conv2.att_dst grad: 5.097864031963159e-22

Layer conv2.att_dst grad: 5.097864031963159e-22Layer conv2.att_dst grad: 5.097864031963159e-22

Layer conv2.bias grad: 2.1866831262373765e-12Layer conv2.bias grad: 2.1866831262373765e-12

Layer conv2.bias grad: 2.1866831262373765e-12Layer conv2.bias grad: 2.1866831262373765e-12

Layer conv2.lin.weight grad: 2.8666559550400914e-15Layer conv2.lin.weight grad: 2.8666559550400914e-15

Layer conv2.lin.weight grad: 2.8666559550400914e-15Layer conv2.lin.weight grad: 2.8666559550400914e-15

Layer conv3.att_src grad: 7.901916804990705e-20Layer conv3.att_src grad: 7.901916804990705e-20

Layer conv3.att_src grad: 7.901916804990705e-20Layer conv3.att_src grad: 7.901916804990705e-20

Layer conv3.att_dst grad: 1.3829059127841538e-20Layer conv3.att_dst grad: 1.3829059127841538e-20

Layer conv3.att_dst grad: 1.3829059127841538e-20Layer conv3.att_dst grad: 1.3829059127841538e-20

Layer conv3.bias grad: 1.2228115742196621e-10Layer conv3.bias grad: 1.2228115742196621e-10

Layer conv3.bias grad: 1.2228115742196621e-10Layer conv3.bias grad: 1.2228115742196621e-10

Layer conv3.lin.weight grad: 9.019112632300055e-14Layer conv3.lin.weight grad: 9.019112632300055e-14

Layer conv3.lin.weight grad: 9.019112632300055e-14Layer conv3.lin.weight grad: 9.019112632300055e-14

Layer conv4.att_src grad: 2.6883136229450353e-18Layer conv4.att_src grad: 2.6883136229450353e-18

Layer conv4.att_src grad: 2.6883136229450353e-18Layer conv4.att_src grad: 2.6883136229450353e-18

Layer conv4.att_dst grad: 2.0458103879263623e-18Layer conv4.att_dst grad: 2.0458103879263623e-18

Layer conv4.att_dst grad: 2.0458103879263623e-18Layer conv4.att_dst grad: 2.0458103879263623e-18

Layer conv4.bias grad: 8.208276724985808e-09Layer conv4.bias grad: 8.208276724985808e-09

Layer conv4.bias grad: 8.208276724985808e-09Layer conv4.bias grad: 8.208276724985808e-09

Layer conv4.lin.weight grad: 5.53215719761857e-12Layer conv4.lin.weight grad: 5.53215719761857e-12Layer conv4.lin.weight grad: 5.53215719761857e-12

Layer conv4.lin.weight grad: 5.53215719761857e-12

Layer fc.weight grad: 2.0255808141911302e-09Layer fc.weight grad: 2.0255808141911302e-09
Layer fc.weight grad: 2.0255808141911302e-09
Layer fc.weight grad: 2.0255808141911302e-09

Layer fc.bias grad: 3.227862634958001e-06
Layer fc.bias grad: 3.227862634958001e-06
Layer fc.bias grad: 3.227862634958001e-06Layer fc.bias grad: 3.227862634958001e-06

Softmax output at epoch 3: tensor([[0.0526, 0.0531, 0.0523, 0.0522, 0.0525, 0.0529, 0.0528, 0.0529, 0.0521,
         0.0529, 0.0522, 0.0527, 0.0530, 0.0528, 0.0523, 0.0521, 0.0534, 0.0521,
         0.0530]], device='cuda:2', grad_fn=<SliceBackward0>)
Softmax output at epoch 3: tensor([[0.0526, 0.0531, 0.0523, 0.0522, 0.0525, 0.0529, 0.0528, 0.0529, 0.0521,
         0.0529, 0.0522, 0.0527, 0.0530, 0.0528, 0.0523, 0.0521, 0.0534, 0.0521,
         0.0530]], device='cuda:0', grad_fn=<SliceBackward0>)
Softmax output at epoch 3: tensor([[0.0526, 0.0531, 0.0523, 0.0522, 0.0525, 0.0529, 0.0528, 0.0529, 0.0521,
         0.0529, 0.0522, 0.0527, 0.0530, 0.0528, 0.0523, 0.0521, 0.0534, 0.0521,
         0.0530]], device='cuda:3', grad_fn=<SliceBackward0>)
Softmax output at epoch 3: tensor([[0.0526, 0.0531, 0.0523, 0.0522, 0.0525, 0.0529, 0.0528, 0.0529, 0.0521,
         0.0529, 0.0522, 0.0527, 0.0530, 0.0528, 0.0523, 0.0521, 0.0534, 0.0521,
         0.0530]], device='cuda:1', grad_fn=<SliceBackward0>)
pt values at epoch 3: tensor([0.0526], device='cuda:2', grad_fn=<SliceBackward0>)
pt values at epoch 3: tensor([0.0526], device='cuda:0', grad_fn=<SliceBackward0>)pt values at epoch 3: tensor([0.0526], device='cuda:3', grad_fn=<SliceBackward0>)

pt values at epoch 3: tensor([0.0526], device='cuda:1', grad_fn=<SliceBackward0>)
Layer conv1.att_src grad: 2.373500158938352e-19Layer conv1.att_src grad: 2.373500158938352e-19Layer conv1.att_src grad: 2.373500158938352e-19Layer conv1.att_src grad: 2.373500158938352e-19



Layer conv1.att_dst grad: 4.580816049276136e-20Layer conv1.att_dst grad: 4.580816049276136e-20Layer conv1.att_dst grad: 4.580816049276136e-20Layer conv1.att_dst grad: 4.580816049276136e-20



Layer conv1.bias grad: 1.7902939872770085e-13Layer conv1.bias grad: 1.7902939872770085e-13
Layer conv1.bias grad: 1.7902939872770085e-13

Layer conv1.bias grad: 1.7902939872770085e-13
Layer conv1.lin.weight grad: 1.1240077065714088e-13
Layer conv1.lin.weight grad: 1.1240077065714088e-13Layer conv1.lin.weight grad: 1.1240077065714088e-13

Layer conv1.lin.weight grad: 1.1240077065714088e-13
Layer conv2.att_src grad: 5.888808640690109e-21
Layer conv2.att_src grad: 5.888808640690109e-21Layer conv2.att_src grad: 5.888808640690109e-21

Layer conv2.att_src grad: 5.888808640690109e-21
Layer conv2.att_dst grad: 8.056596287779336e-22
Layer conv2.att_dst grad: 8.056596287779336e-22Layer conv2.att_dst grad: 8.056596287779336e-22

Layer conv2.att_dst grad: 8.056596287779336e-22
Layer conv2.bias grad: 5.671159288705985e-12
Layer conv2.bias grad: 5.671159288705985e-12Layer conv2.bias grad: 5.671159288705985e-12

Layer conv2.bias grad: 5.671159288705985e-12
Layer conv2.lin.weight grad: 6.916455154101515e-15
Layer conv2.lin.weight grad: 6.916455154101515e-15Layer conv2.lin.weight grad: 6.916455154101515e-15

Layer conv3.att_src grad: 1.8559110191849604e-19Layer conv2.lin.weight grad: 6.916455154101515e-15

Layer conv3.att_src grad: 1.8559110191849604e-19Layer conv3.att_src grad: 1.8559110191849604e-19

Layer conv3.att_dst grad: 5.727540732984946e-20
Layer conv3.att_src grad: 1.8559110191849604e-19
Layer conv3.att_dst grad: 5.727540732984946e-20Layer conv3.att_dst grad: 5.727540732984946e-20

Layer conv3.bias grad: 2.9299629389356596e-10
Layer conv3.att_dst grad: 5.727540732984946e-20Layer conv3.bias grad: 2.9299629389356596e-10
Layer conv3.bias grad: 2.9299629389356596e-10

Layer conv3.lin.weight grad: 2.29641934808289e-13
Layer conv3.bias grad: 2.9299629389356596e-10
Layer conv3.lin.weight grad: 2.29641934808289e-13Layer conv3.lin.weight grad: 2.29641934808289e-13

Layer conv4.att_src grad: 2.7848180966746063e-18
Layer conv4.att_src grad: 2.7848180966746063e-18Layer conv4.att_src grad: 2.7848180966746063e-18Layer conv3.lin.weight grad: 2.29641934808289e-13


Layer conv4.att_dst grad: 1.414638286528747e-18
Layer conv4.att_dst grad: 1.414638286528747e-18Layer conv4.att_dst grad: 1.414638286528747e-18

Layer conv4.bias grad: 1.6331755503529166e-08Layer conv4.att_src grad: 2.7848180966746063e-18

Layer conv4.bias grad: 1.6331755503529166e-08Layer conv4.bias grad: 1.6331755503529166e-08

Layer conv4.lin.weight grad: 1.1525498437581216e-11Layer conv4.att_dst grad: 1.414638286528747e-18

Layer conv4.lin.weight grad: 1.1525498437581216e-11Layer conv4.lin.weight grad: 1.1525498437581216e-11

Layer fc.weight grad: 4.049542923212357e-09Layer conv4.bias grad: 1.6331755503529166e-08

Layer fc.weight grad: 4.049542923212357e-09Layer fc.weight grad: 4.049542923212357e-09

Layer fc.bias grad: 5.552742550207768e-06
Layer conv4.lin.weight grad: 1.1525498437581216e-11
Layer fc.bias grad: 5.552742550207768e-06Layer fc.bias grad: 5.552742550207768e-06

Layer fc.weight grad: 4.049542923212357e-09
Layer fc.bias grad: 5.552742550207768e-06
Softmax output at epoch 3: tensor([[0.0526, 0.0531, 0.0523, 0.0522, 0.0525, 0.0530, 0.0528, 0.0529, 0.0521,
         0.0529, 0.0522, 0.0526, 0.0531, 0.0528, 0.0523, 0.0522, 0.0535, 0.0521,
         0.0529]], device='cuda:2', grad_fn=<SliceBackward0>)
Softmax output at epoch 3: tensor([[0.0526, 0.0531, 0.0523, 0.0522, 0.0525, 0.0530, 0.0528, 0.0529, 0.0521,
         0.0529, 0.0522, 0.0526, 0.0531, 0.0528, 0.0523, 0.0522, 0.0535, 0.0521,
         0.0529]], device='cuda:0', grad_fn=<SliceBackward0>)
Softmax output at epoch 3: tensor([[0.0526, 0.0531, 0.0523, 0.0522, 0.0525, 0.0530, 0.0528, 0.0529, 0.0521,
         0.0529, 0.0522, 0.0526, 0.0531, 0.0528, 0.0523, 0.0522, 0.0535, 0.0521,
         0.0529]], device='cuda:1', grad_fn=<SliceBackward0>)
pt values at epoch 3: tensor([0.0526], device='cuda:2', grad_fn=<SliceBackward0>)
pt values at epoch 3: tensor([0.0526], device='cuda:0', grad_fn=<SliceBackward0>)
pt values at epoch 3: tensor([0.0526], device='cuda:1', grad_fn=<SliceBackward0>)
Softmax output at epoch 3: tensor([[0.0526, 0.0531, 0.0523, 0.0522, 0.0525, 0.0530, 0.0528, 0.0529, 0.0521,
         0.0529, 0.0522, 0.0526, 0.0531, 0.0528, 0.0523, 0.0522, 0.0535, 0.0521,
         0.0529]], device='cuda:3', grad_fn=<SliceBackward0>)
pt values at epoch 3: tensor([0.0526], device='cuda:3', grad_fn=<SliceBackward0>)
Layer conv1.att_src grad: 3.53609113614821e-20Layer conv1.att_src grad: 3.53609113614821e-20Layer conv1.att_src grad: 3.53609113614821e-20Layer conv1.att_src grad: 3.53609113614821e-20



Layer conv1.att_dst grad: 4.1835172428784386e-21Layer conv1.att_dst grad: 4.1835172428784386e-21Layer conv1.att_dst grad: 4.1835172428784386e-21Layer conv1.att_dst grad: 4.1835172428784386e-21



Layer conv1.bias grad: 4.6608231868156685e-14Layer conv1.bias grad: 4.6608231868156685e-14

Layer conv1.bias grad: 4.6608231868156685e-14Layer conv1.bias grad: 4.6608231868156685e-14

Layer conv1.lin.weight grad: 2.907575777908768e-14Layer conv1.lin.weight grad: 2.907575777908768e-14

Layer conv1.lin.weight grad: 2.907575777908768e-14
Layer conv1.lin.weight grad: 2.907575777908768e-14
Layer conv2.att_src grad: 6.51928586513674e-22Layer conv2.att_src grad: 6.51928586513674e-22

Layer conv2.att_src grad: 6.51928586513674e-22
Layer conv2.att_src grad: 6.51928586513674e-22
Layer conv2.att_dst grad: 8.429656561576277e-23Layer conv2.att_dst grad: 8.429656561576277e-23

Layer conv2.att_dst grad: 8.429656561576277e-23
Layer conv2.att_dst grad: 8.429656561576277e-23
Layer conv2.bias grad: 2.156711875062056e-12Layer conv2.bias grad: 2.156711875062056e-12
Layer conv2.bias grad: 2.156711875062056e-12

Layer conv2.bias grad: 2.156711875062056e-12
Layer conv2.lin.weight grad: 1.8681800813220633e-15
Layer conv2.lin.weight grad: 1.8681800813220633e-15Layer conv2.lin.weight grad: 1.8681800813220633e-15

Layer conv2.lin.weight grad: 1.8681800813220633e-15
Layer conv3.att_src grad: 2.7608597278855e-20
Layer conv3.att_src grad: 2.7608597278855e-20Layer conv3.att_src grad: 2.7608597278855e-20

Layer conv3.att_dst grad: 8.810405717466001e-21
Layer conv3.att_src grad: 2.7608597278855e-20
Layer conv3.att_dst grad: 8.810405717466001e-21
Layer conv3.att_dst grad: 8.810405717466001e-21
Layer conv3.bias grad: 1.4360082567499433e-10
Layer conv3.att_dst grad: 8.810405717466001e-21Layer conv3.bias grad: 1.4360082567499433e-10

Layer conv3.bias grad: 1.4360082567499433e-10
Layer conv3.lin.weight grad: 8.152190673817866e-14
Layer conv3.bias grad: 1.4360082567499433e-10
Layer conv3.lin.weight grad: 8.152190673817866e-14
Layer conv3.lin.weight grad: 8.152190673817866e-14
Layer conv4.att_src grad: 6.899511421353272e-19
Layer conv4.att_src grad: 6.899511421353272e-19
Layer conv4.att_src grad: 6.899511421353272e-19Layer conv3.lin.weight grad: 8.152190673817866e-14

Layer conv4.att_dst grad: 5.036176456170649e-19
Layer conv4.att_dst grad: 5.036176456170649e-19
Layer conv4.att_dst grad: 5.036176456170649e-19
Layer conv4.bias grad: 1.0699332975150355e-08Layer conv4.att_src grad: 6.899511421353272e-19

Layer conv4.bias grad: 1.0699332975150355e-08
Layer conv4.bias grad: 1.0699332975150355e-08
Layer conv4.lin.weight grad: 5.411850655112627e-12Layer conv4.att_dst grad: 5.036176456170649e-19

Layer conv4.lin.weight grad: 5.411850655112627e-12
Layer conv4.lin.weight grad: 5.411850655112627e-12
Layer fc.weight grad: 2.8803459617421368e-09
Layer conv4.bias grad: 1.0699332975150355e-08
Layer fc.weight grad: 2.8803459617421368e-09
Layer fc.weight grad: 2.8803459617421368e-09
Layer fc.bias grad: 4.9460213631391525e-06
Layer fc.bias grad: 4.9460213631391525e-06Layer conv4.lin.weight grad: 5.411850655112627e-12

Layer fc.bias grad: 4.9460213631391525e-06
Layer fc.weight grad: 2.8803459617421368e-09
Layer fc.bias grad: 4.9460213631391525e-06
Softmax output at epoch 3: tensor([[0.0526, 0.0531, 0.0524, 0.0522, 0.0525, 0.0530, 0.0528, 0.0530, 0.0520,
         0.0529, 0.0522, 0.0526, 0.0532, 0.0528, 0.0522, 0.0522, 0.0535, 0.0522,
         0.0528]], device='cuda:2', grad_fn=<SliceBackward0>)
Softmax output at epoch 3: tensor([[0.0526, 0.0531, 0.0524, 0.0522, 0.0525, 0.0530, 0.0528, 0.0530, 0.0520,
         0.0529, 0.0522, 0.0526, 0.0532, 0.0528, 0.0522, 0.0522, 0.0535, 0.0522,
         0.0528]], device='cuda:0', grad_fn=<SliceBackward0>)
Softmax output at epoch 3: tensor([[0.0526, 0.0531, 0.0524, 0.0522, 0.0525, 0.0530, 0.0528, 0.0530, 0.0520,
         0.0529, 0.0522, 0.0526, 0.0532, 0.0528, 0.0522, 0.0522, 0.0535, 0.0522,
         0.0528]], device='cuda:1', grad_fn=<SliceBackward0>)
pt values at epoch 3: tensor([0.0526], device='cuda:2', grad_fn=<SliceBackward0>)
pt values at epoch 3: tensor([0.0526], device='cuda:0', grad_fn=<SliceBackward0>)
pt values at epoch 3: tensor([0.0526], device='cuda:1', grad_fn=<SliceBackward0>)
Softmax output at epoch 3: tensor([[0.0526, 0.0531, 0.0524, 0.0522, 0.0525, 0.0530, 0.0528, 0.0530, 0.0520,
         0.0529, 0.0522, 0.0526, 0.0532, 0.0528, 0.0522, 0.0522, 0.0535, 0.0522,
         0.0528]], device='cuda:3', grad_fn=<SliceBackward0>)
pt values at epoch 3: tensor([0.0526], device='cuda:3', grad_fn=<SliceBackward0>)
Layer conv1.att_src grad: 6.205658245721405e-23Layer conv1.att_src grad: 6.205658245721405e-23Layer conv1.att_src grad: 6.205658245721405e-23Layer conv1.att_src grad: 6.205658245721405e-23



Layer conv1.att_dst grad: 1.3389883613784457e-23Layer conv1.att_dst grad: 1.3389883613784457e-23Layer conv1.att_dst grad: 1.3389883613784457e-23Layer conv1.att_dst grad: 1.3389883613784457e-23



Layer conv1.bias grad: 7.802835746371093e-16Layer conv1.bias grad: 7.802835746371093e-16

Layer conv1.bias grad: 7.802835746371093e-16Layer conv1.bias grad: 7.802835746371093e-16

Layer conv1.lin.weight grad: 5.2595970876251905e-16Layer conv1.lin.weight grad: 5.2595970876251905e-16

Layer conv1.lin.weight grad: 5.2595970876251905e-16
Layer conv1.lin.weight grad: 5.2595970876251905e-16
Layer conv2.att_src grad: 6.5795890433044755e-25Layer conv2.att_src grad: 6.5795890433044755e-25

Layer conv2.att_src grad: 6.5795890433044755e-25
Layer conv2.att_src grad: 6.5795890433044755e-25
Layer conv2.att_dst grad: 2.8355555934362693e-25Layer conv2.att_dst grad: 2.8355555934362693e-25

Layer conv2.att_dst grad: 2.8355555934362693e-25
Layer conv2.att_dst grad: 2.8355555934362693e-25
Layer conv2.bias grad: 8.559921163813627e-14Layer conv2.bias grad: 8.559921163813627e-14

Layer conv2.bias grad: 8.559921163813627e-14
Layer conv2.bias grad: 8.559921163813627e-14
Layer conv2.lin.weight grad: 3.2036744828848164e-17Layer conv2.lin.weight grad: 3.2036744828848164e-17
Layer conv2.lin.weight grad: 3.2036744828848164e-17

Layer conv2.lin.weight grad: 3.2036744828848164e-17Layer conv3.att_src grad: 7.570636891799805e-23
Layer conv3.att_src grad: 7.570636891799805e-23
Layer conv3.att_src grad: 7.570636891799805e-23

Layer conv3.att_dst grad: 1.336736952354945e-23
Layer conv3.att_dst grad: 1.336736952354945e-23Layer conv3.att_dst grad: 1.336736952354945e-23Layer conv3.att_src grad: 7.570636891799805e-23


Layer conv3.bias grad: 1.6390520884979054e-11
Layer conv3.bias grad: 1.6390520884979054e-11Layer conv3.bias grad: 1.6390520884979054e-11

Layer conv3.att_dst grad: 1.336736952354945e-23
Layer conv3.lin.weight grad: 2.9435409239041274e-15
Layer conv3.lin.weight grad: 2.9435409239041274e-15Layer conv3.lin.weight grad: 2.9435409239041274e-15Layer conv3.bias grad: 1.6390520884979054e-11


Layer conv4.att_src grad: 4.480579692051895e-21
Layer conv4.att_src grad: 4.480579692051895e-21
Layer conv3.lin.weight grad: 2.9435409239041274e-15
Layer conv4.att_dst grad: 3.046527602562325e-21
Layer conv4.att_dst grad: 3.046527602562325e-21
Layer conv4.bias grad: 3.396162684410342e-09
Layer conv4.att_src grad: 4.480579692051895e-21
Layer conv4.bias grad: 3.396162684410342e-09
Layer conv4.att_src grad: 4.480579692051895e-21
Layer conv4.lin.weight grad: 5.125389045471107e-13
Layer conv4.att_dst grad: 3.046527602562325e-21
Layer conv4.lin.weight grad: 5.125389045471107e-13
Layer conv4.att_dst grad: 3.046527602562325e-21
Layer fc.weight grad: 9.362844943794357e-10
Layer conv4.bias grad: 3.396162684410342e-09
Layer fc.weight grad: 9.362844943794357e-10
Layer conv4.bias grad: 3.396162684410342e-09
Layer fc.bias grad: 3.486022478682571e-06
Layer fc.bias grad: 3.486022478682571e-06Layer conv4.lin.weight grad: 5.125389045471107e-13

Layer conv4.lin.weight grad: 5.125389045471107e-13
Layer fc.weight grad: 9.362844943794357e-10Layer fc.weight grad: 9.362844943794357e-10

Layer fc.bias grad: 3.486022478682571e-06
Layer fc.bias grad: 3.486022478682571e-06
Softmax output at epoch 3: tensor([[0.0527, 0.0531, 0.0524, 0.0522, 0.0525, 0.0529, 0.0527, 0.0530, 0.0520,
         0.0529, 0.0522, 0.0526, 0.0532, 0.0528, 0.0522, 0.0523, 0.0534, 0.0522,
         0.0526]], device='cuda:2', grad_fn=<SliceBackward0>)
Softmax output at epoch 3: tensor([[0.0527, 0.0531, 0.0524, 0.0522, 0.0525, 0.0529, 0.0527, 0.0530, 0.0520,
         0.0529, 0.0522, 0.0526, 0.0532, 0.0528, 0.0522, 0.0523, 0.0534, 0.0522,
         0.0526]], device='cuda:0', grad_fn=<SliceBackward0>)
Softmax output at epoch 3: tensor([[0.0527, 0.0531, 0.0524, 0.0522, 0.0525, 0.0529, 0.0527, 0.0530, 0.0520,
         0.0529, 0.0522, 0.0526, 0.0532, 0.0528, 0.0522, 0.0523, 0.0534, 0.0522,
         0.0526]], device='cuda:1', grad_fn=<SliceBackward0>)
pt values at epoch 3: tensor([0.0527], device='cuda:2', grad_fn=<SliceBackward0>)
pt values at epoch 3: tensor([0.0527], device='cuda:0', grad_fn=<SliceBackward0>)
pt values at epoch 3: tensor([0.0527], device='cuda:1', grad_fn=<SliceBackward0>)
Softmax output at epoch 3: tensor([[0.0527, 0.0531, 0.0524, 0.0522, 0.0525, 0.0529, 0.0527, 0.0530, 0.0520,
         0.0529, 0.0522, 0.0526, 0.0532, 0.0528, 0.0522, 0.0523, 0.0534, 0.0522,
         0.0526]], device='cuda:3', grad_fn=<SliceBackward0>)
pt values at epoch 3: tensor([0.0527], device='cuda:3', grad_fn=<SliceBackward0>)
Layer conv1.att_src grad: 1.2805964038574432e-22Layer conv1.att_src grad: 1.2805964038574432e-22Layer conv1.att_src grad: 1.2805964038574432e-22
Layer conv1.att_src grad: 1.2805964038574432e-22

Layer conv1.att_dst grad: 3.1940861300984795e-23
Layer conv1.att_dst grad: 3.1940861300984795e-23

Layer conv1.att_dst grad: 3.1940861300984795e-23
Layer conv1.bias grad: 8.564204440021303e-15
Layer conv1.bias grad: 8.564204440021303e-15
Layer conv1.bias grad: 8.564204440021303e-15
Layer conv1.att_dst grad: 3.1940861300984795e-23Layer conv1.lin.weight grad: 4.855746813209154e-15

Layer conv1.lin.weight grad: 4.855746813209154e-15
Layer conv1.bias grad: 8.564204440021303e-15Layer conv1.lin.weight grad: 4.855746813209154e-15Layer conv2.att_src grad: 7.051234779039824e-24


Layer conv2.att_src grad: 7.051234779039824e-24
Layer conv2.att_dst grad: 2.4114190057178558e-24
Layer conv1.lin.weight grad: 4.855746813209154e-15
Layer conv2.att_src grad: 7.051234779039824e-24
Layer conv2.att_dst grad: 2.4114190057178558e-24
Layer conv2.bias grad: 1.152020427837297e-12
Layer conv2.att_src grad: 7.051234779039824e-24
Layer conv2.att_dst grad: 2.4114190057178558e-24
Layer conv2.bias grad: 1.152020427837297e-12
Layer conv2.att_dst grad: 2.4114190057178558e-24
Layer conv2.lin.weight grad: 3.24984016079034e-16
Layer conv2.bias grad: 1.152020427837297e-12
Layer conv2.bias grad: 1.152020427837297e-12
Layer conv2.lin.weight grad: 3.24984016079034e-16
Layer conv3.att_src grad: 3.6201859401744985e-22
Layer conv2.lin.weight grad: 3.24984016079034e-16Layer conv3.att_src grad: 3.6201859401744985e-22

Layer conv3.att_dst grad: 4.957930204796538e-23
Layer conv3.att_src grad: 3.6201859401744985e-22Layer conv3.att_dst grad: 4.957930204796538e-23
Layer conv3.bias grad: 2.1493877511158388e-10
Layer conv2.lin.weight grad: 3.24984016079034e-16

Layer conv3.att_dst grad: 4.957930204796538e-23
Layer conv3.bias grad: 2.1493877511158388e-10
Layer conv3.lin.weight grad: 5.16614881299407e-14
Layer conv3.att_src grad: 3.6201859401744985e-22
Layer conv3.bias grad: 2.1493877511158388e-10
Layer conv3.lin.weight grad: 5.16614881299407e-14Layer conv4.att_src grad: 9.896492892395846e-20

Layer conv3.att_dst grad: 4.957930204796538e-23
Layer conv3.lin.weight grad: 5.16614881299407e-14
Layer conv4.att_dst grad: 4.2738418922568913e-20
Layer conv4.att_src grad: 9.896492892395846e-20
Layer conv3.bias grad: 2.1493877511158388e-10Layer conv4.att_src grad: 9.896492892395846e-20

Layer conv4.bias grad: 3.553109806375687e-08
Layer conv4.att_dst grad: 4.2738418922568913e-20
Layer conv4.att_dst grad: 4.2738418922568913e-20
Layer conv3.lin.weight grad: 5.16614881299407e-14
Layer conv4.lin.weight grad: 9.132918379894939e-12
Layer conv4.bias grad: 3.553109806375687e-08
Layer conv4.bias grad: 3.553109806375687e-08
Layer conv4.att_src grad: 9.896492892395846e-20
Layer fc.weight grad: 5.685258486209932e-09
Layer conv4.lin.weight grad: 9.132918379894939e-12Layer conv4.lin.weight grad: 9.132918379894939e-12

Layer fc.bias grad: 2.581416083557997e-05Layer conv4.att_dst grad: 4.2738418922568913e-20

Layer fc.weight grad: 5.685258486209932e-09
Layer fc.weight grad: 5.685258486209932e-09
Layer conv4.bias grad: 3.553109806375687e-08Layer fc.bias grad: 2.581416083557997e-05

Layer fc.bias grad: 2.581416083557997e-05
Layer conv4.lin.weight grad: 9.132918379894939e-12
Layer fc.weight grad: 5.685258486209932e-09
Layer fc.bias grad: 2.581416083557997e-05
Precision: 0.0000, Recall: 0.0004, F1-Score: 0.0000
Fold 4, Epoch 3, Train Loss: 0.0011, Val Loss: 0.0011, Val Acc: 0.0003
Completed Fold 4
Starting Fold 5
Class weights: [2.12049743e-05 5.61864201e-02 5.39085923e-02 5.46470661e-02
 5.61864201e-02 5.61864201e-02 5.31898110e-02 5.78150120e-02
 6.23318098e-02 5.54060532e-02 5.46470661e-02 5.11440491e-02
 5.46470661e-02 5.24899451e-02 5.39085923e-02 6.04429671e-02
 6.04429671e-02 5.39085923e-02 5.24899451e-02]
Class weights: [2.12049743e-05 5.61864201e-02 5.39085923e-02 5.46470661e-02
 5.61864201e-02 5.61864201e-02 5.31898110e-02 5.78150120e-02
 6.23318098e-02 5.54060532e-02 5.46470661e-02 5.11440491e-02
 5.46470661e-02 5.24899451e-02 5.39085923e-02 6.04429671e-02
 6.04429671e-02 5.39085923e-02 5.24899451e-02]
Class weights: [2.12049743e-05 5.61864201e-02 5.39085923e-02 5.46470661e-02
 5.61864201e-02 5.61864201e-02 5.31898110e-02 5.78150120e-02
 6.23318098e-02 5.54060532e-02 5.46470661e-02 5.11440491e-02
 5.46470661e-02 5.24899451e-02 5.39085923e-02 6.04429671e-02
 6.04429671e-02 5.39085923e-02 5.24899451e-02]
Class weights: [2.12049743e-05 5.61864201e-02 5.39085923e-02 5.46470661e-02
 5.61864201e-02 5.61864201e-02 5.31898110e-02 5.78150120e-02
 6.23318098e-02 5.54060532e-02 5.46470661e-02 5.11440491e-02
 5.46470661e-02 5.24899451e-02 5.39085923e-02 6.04429671e-02
 6.04429671e-02 5.39085923e-02 5.24899451e-02]
Class weights: [2.04500545e-05 5.06212470e-02 6.01127308e-02 5.65766878e-02
 5.06212470e-02 5.06212470e-02 6.41202462e-02 4.58001758e-02
 3.69924497e-02 5.34335385e-02 5.65766878e-02 8.01503077e-02
 5.65766878e-02 6.87002638e-02 6.01127308e-02 4.00751539e-02
 4.00751539e-02 6.01127308e-02 6.87002638e-02]
Class weights: [2.04500545e-05 5.06212470e-02 6.01127308e-02 5.65766878e-02
 5.06212470e-02 5.06212470e-02 6.41202462e-02 4.58001758e-02
 3.69924497e-02 5.34335385e-02 5.65766878e-02 8.01503077e-02
 5.65766878e-02 6.87002638e-02 6.01127308e-02 4.00751539e-02
 4.00751539e-02 6.01127308e-02 6.87002638e-02]
Class weights: [2.04500545e-05 5.06212470e-02 6.01127308e-02 5.65766878e-02
 5.06212470e-02 5.06212470e-02 6.41202462e-02 4.58001758e-02
 3.69924497e-02 5.34335385e-02 5.65766878e-02 8.01503077e-02
 5.65766878e-02 6.87002638e-02 6.01127308e-02 4.00751539e-02
 4.00751539e-02 6.01127308e-02 6.87002638e-02]
Class weights: [2.04500545e-05 5.06212470e-02 6.01127308e-02 5.65766878e-02
 5.06212470e-02 5.06212470e-02 6.41202462e-02 4.58001758e-02
 3.69924497e-02 5.34335385e-02 5.65766878e-02 8.01503077e-02
 5.65766878e-02 6.87002638e-02 6.01127308e-02 4.00751539e-02
 4.00751539e-02 6.01127308e-02 6.87002638e-02]
Softmax output at epoch 1: tensor([[0.0527, 0.0530, 0.0525, 0.0522, 0.0526, 0.0529, 0.0526, 0.0529, 0.0521,
         0.0528, 0.0522, 0.0525, 0.0532, 0.0529, 0.0521, 0.0525, 0.0535, 0.0521,
         0.0527]], device='cuda:2', grad_fn=<SliceBackward0>)
Softmax output at epoch 1: tensor([[0.0527, 0.0530, 0.0525, 0.0522, 0.0526, 0.0529, 0.0526, 0.0529, 0.0521,
         0.0528, 0.0522, 0.0525, 0.0532, 0.0529, 0.0521, 0.0525, 0.0535, 0.0521,
         0.0527]], device='cuda:0', grad_fn=<SliceBackward0>)
pt values at epoch 1: tensor([0.0527], device='cuda:2', grad_fn=<SliceBackward0>)
pt values at epoch 1: tensor([0.0527], device='cuda:0', grad_fn=<SliceBackward0>)
Softmax output at epoch 1: tensor([[0.0527, 0.0530, 0.0525, 0.0522, 0.0526, 0.0529, 0.0526, 0.0529, 0.0521,
         0.0528, 0.0522, 0.0525, 0.0532, 0.0529, 0.0521, 0.0525, 0.0535, 0.0521,
         0.0527]], device='cuda:1', grad_fn=<SliceBackward0>)
pt values at epoch 1: tensor([0.0527], device='cuda:1', grad_fn=<SliceBackward0>)
Softmax output at epoch 1: tensor([[0.0527, 0.0530, 0.0525, 0.0522, 0.0526, 0.0529, 0.0526, 0.0529, 0.0521,
         0.0528, 0.0522, 0.0525, 0.0532, 0.0529, 0.0521, 0.0525, 0.0535, 0.0521,
         0.0527]], device='cuda:3', grad_fn=<SliceBackward0>)
pt values at epoch 1: tensor([0.0527], device='cuda:3', grad_fn=<SliceBackward0>)
Layer conv1.att_src grad: 1.2961907274008873e-20Layer conv1.att_src grad: 1.2961907274008873e-20Layer conv1.att_src grad: 1.2961907274008873e-20Layer conv1.att_src grad: 1.2961907274008873e-20



Layer conv1.att_dst grad: 6.124324894101142e-21Layer conv1.att_dst grad: 6.124324894101142e-21Layer conv1.att_dst grad: 6.124324894101142e-21
Layer conv1.att_dst grad: 6.124324894101142e-21


Layer conv1.bias grad: 2.6174122751457772e-14
Layer conv1.bias grad: 2.6174122751457772e-14
Layer conv1.bias grad: 2.6174122751457772e-14Layer conv1.bias grad: 2.6174122751457772e-14

Layer conv1.lin.weight grad: 1.4343266293648585e-14
Layer conv1.lin.weight grad: 1.4343266293648585e-14
Layer conv1.lin.weight grad: 1.4343266293648585e-14Layer conv1.lin.weight grad: 1.4343266293648585e-14

Layer conv2.att_src grad: 1.9199613517808522e-22
Layer conv2.att_src grad: 1.9199613517808522e-22
Layer conv2.att_src grad: 1.9199613517808522e-22Layer conv2.att_src grad: 1.9199613517808522e-22
Layer conv2.att_dst grad: 7.528298411472231e-23
Layer conv2.att_dst grad: 7.528298411472231e-23

Layer conv2.att_dst grad: 7.528298411472231e-23Layer conv2.bias grad: 1.6648442607153369e-12Layer conv2.bias grad: 1.6648442607153369e-12Layer conv2.att_dst grad: 7.528298411472231e-23



Layer conv2.bias grad: 1.6648442607153369e-12
Layer conv2.bias grad: 1.6648442607153369e-12Layer conv2.lin.weight grad: 1.1174372042369214e-15
Layer conv2.lin.weight grad: 1.1174372042369214e-15

Layer conv3.att_src grad: 8.53528576884829e-21Layer conv2.lin.weight grad: 1.1174372042369214e-15Layer conv3.att_src grad: 8.53528576884829e-21


Layer conv2.lin.weight grad: 1.1174372042369214e-15
Layer conv3.att_dst grad: 2.8940076952904076e-21
Layer conv3.att_dst grad: 2.8940076952904076e-21
Layer conv3.att_src grad: 8.53528576884829e-21
Layer conv3.att_src grad: 8.53528576884829e-21
Layer conv3.bias grad: 1.565066964914763e-10
Layer conv3.bias grad: 1.565066964914763e-10
Layer conv3.att_dst grad: 2.8940076952904076e-21
Layer conv3.att_dst grad: 2.8940076952904076e-21
Layer conv3.lin.weight grad: 8.11374486478153e-14
Layer conv3.lin.weight grad: 8.11374486478153e-14
Layer conv3.bias grad: 1.565066964914763e-10
Layer conv3.bias grad: 1.565066964914763e-10
Layer conv4.att_src grad: 6.666789325890307e-19
Layer conv4.att_src grad: 6.666789325890307e-19
Layer conv3.lin.weight grad: 8.11374486478153e-14
Layer conv4.att_dst grad: 1.943096114241991e-19Layer conv3.lin.weight grad: 8.11374486478153e-14

Layer conv4.att_dst grad: 1.943096114241991e-19
Layer conv4.att_src grad: 6.666789325890307e-19Layer conv4.bias grad: 1.220508227817163e-08

Layer conv4.bias grad: 1.220508227817163e-08
Layer conv4.att_src grad: 6.666789325890307e-19
Layer conv4.att_dst grad: 1.943096114241991e-19Layer conv4.lin.weight grad: 6.8759043597710345e-12

Layer conv4.lin.weight grad: 6.8759043597710345e-12
Layer conv4.att_dst grad: 1.943096114241991e-19
Layer fc.weight grad: 2.5518642754462917e-09Layer conv4.bias grad: 1.220508227817163e-08
Layer fc.weight grad: 2.5518642754462917e-09

Layer conv4.bias grad: 1.220508227817163e-08
Layer fc.bias grad: 4.881705990555929e-06
Layer fc.bias grad: 4.881705990555929e-06
Layer conv4.lin.weight grad: 6.8759043597710345e-12
Layer conv4.lin.weight grad: 6.8759043597710345e-12
Layer fc.weight grad: 2.5518642754462917e-09
Layer fc.weight grad: 2.5518642754462917e-09
Layer fc.bias grad: 4.881705990555929e-06
Layer fc.bias grad: 4.881705990555929e-06
Softmax output at epoch 1: tensor([[0.0524, 0.0527, 0.0527, 0.0524, 0.0528, 0.0531, 0.0523, 0.0526, 0.0523,
         0.0530, 0.0524, 0.0527, 0.0528, 0.0526, 0.0523, 0.0525, 0.0531, 0.0524,
         0.0529]], device='cuda:0', grad_fn=<SliceBackward0>)
Softmax output at epoch 1: tensor([[0.0524, 0.0527, 0.0527, 0.0524, 0.0528, 0.0531, 0.0523, 0.0526, 0.0523,
         0.0530, 0.0524, 0.0527, 0.0528, 0.0526, 0.0523, 0.0525, 0.0531, 0.0524,
         0.0529]], device='cuda:2', grad_fn=<SliceBackward0>)
pt values at epoch 1: tensor([0.0524], device='cuda:0', grad_fn=<SliceBackward0>)
pt values at epoch 1: tensor([0.0524], device='cuda:2', grad_fn=<SliceBackward0>)
Softmax output at epoch 1: tensor([[0.0524, 0.0527, 0.0527, 0.0524, 0.0528, 0.0531, 0.0523, 0.0526, 0.0523,
         0.0530, 0.0524, 0.0527, 0.0528, 0.0526, 0.0523, 0.0525, 0.0531, 0.0524,
         0.0529]], device='cuda:3', grad_fn=<SliceBackward0>)Softmax output at epoch 1: tensor([[0.0524, 0.0527, 0.0527, 0.0524, 0.0528, 0.0531, 0.0523, 0.0526, 0.0523,
         0.0530, 0.0524, 0.0527, 0.0528, 0.0526, 0.0523, 0.0525, 0.0531, 0.0524,
         0.0529]], device='cuda:1', grad_fn=<SliceBackward0>)

pt values at epoch 1: tensor([0.0524], device='cuda:1', grad_fn=<SliceBackward0>)
pt values at epoch 1: tensor([0.0524], device='cuda:3', grad_fn=<SliceBackward0>)
Layer conv1.att_src grad: 3.4917298741668127e-17Layer conv1.att_src grad: 3.4917298741668127e-17Layer conv1.att_src grad: 3.4917298741668127e-17
Layer conv1.att_src grad: 3.4917298741668127e-17


Layer conv1.att_dst grad: 5.101274019414923e-19
Layer conv1.att_dst grad: 5.101274019414923e-19
Layer conv1.att_dst grad: 5.101274019414923e-19
Layer conv1.att_dst grad: 5.101274019414923e-19
Layer conv1.bias grad: 6.1422425305657224e-12
Layer conv1.bias grad: 6.1422425305657224e-12Layer conv1.bias grad: 6.1422425305657224e-12

Layer conv1.bias grad: 6.1422425305657224e-12
Layer conv1.lin.weight grad: 3.613503593569156e-12
Layer conv1.lin.weight grad: 3.613503593569156e-12Layer conv1.lin.weight grad: 3.613503593569156e-12

Layer conv1.lin.weight grad: 3.613503593569156e-12
Layer conv2.att_src grad: 3.023845996742217e-18
Layer conv2.att_src grad: 3.023845996742217e-18Layer conv2.att_src grad: 3.023845996742217e-18

Layer conv2.att_dst grad: 4.056522675281487e-19
Layer conv2.att_src grad: 3.023845996742217e-18
Layer conv2.att_dst grad: 4.056522675281487e-19Layer conv2.att_dst grad: 4.056522675281487e-19

Layer conv2.bias grad: 8.089463127136653e-11
Layer conv2.att_dst grad: 4.056522675281487e-19
Layer conv2.bias grad: 8.089463127136653e-11Layer conv2.bias grad: 8.089463127136653e-11

Layer conv2.lin.weight grad: 2.495187758667916e-13
Layer conv2.bias grad: 8.089463127136653e-11
Layer conv2.lin.weight grad: 2.495187758667916e-13Layer conv2.lin.weight grad: 2.495187758667916e-13

Layer conv3.att_src grad: 3.219877958467995e-17
Layer conv2.lin.weight grad: 2.495187758667916e-13
Layer conv3.att_src grad: 3.219877958467995e-17Layer conv3.att_dst grad: 1.1425023583666094e-17Layer conv3.att_src grad: 3.219877958467995e-17


Layer conv3.att_src grad: 3.219877958467995e-17Layer conv3.att_dst grad: 1.1425023583666094e-17
Layer conv3.bias grad: 1.6414511971873935e-09
Layer conv3.att_dst grad: 1.1425023583666094e-17

Layer conv3.bias grad: 1.6414511971873935e-09Layer conv3.att_dst grad: 1.1425023583666094e-17
Layer conv3.bias grad: 1.6414511971873935e-09

Layer conv3.lin.weight grad: 3.2147706805624177e-12
Layer conv3.lin.weight grad: 3.2147706805624177e-12Layer conv3.bias grad: 1.6414511971873935e-09
Layer conv4.att_src grad: 3.0136174948776925e-16
Layer conv3.lin.weight grad: 3.2147706805624177e-12

Layer conv4.att_src grad: 3.0136174948776925e-16
Layer conv4.att_dst grad: 4.723151666841035e-17
Layer conv4.att_src grad: 3.0136174948776925e-16
Layer conv3.lin.weight grad: 3.2147706805624177e-12
Layer conv4.att_dst grad: 4.723151666841035e-17
Layer conv4.bias grad: 3.625621403102741e-08
Layer conv4.att_dst grad: 4.723151666841035e-17
Layer conv4.att_src grad: 3.0136174948776925e-16
Layer conv4.bias grad: 3.625621403102741e-08
Layer conv4.lin.weight grad: 6.496030102720596e-11Layer conv4.bias grad: 3.625621403102741e-08

Layer conv4.att_dst grad: 4.723151666841035e-17
Layer conv4.lin.weight grad: 6.496030102720596e-11
Layer fc.weight grad: 9.10025566014383e-09
Layer conv4.lin.weight grad: 6.496030102720596e-11
Layer conv4.bias grad: 3.625621403102741e-08
Layer fc.weight grad: 9.10025566014383e-09
Layer fc.bias grad: 5.072432941233274e-06
Layer fc.weight grad: 9.10025566014383e-09
Layer fc.bias grad: 5.072432941233274e-06Layer conv4.lin.weight grad: 6.496030102720596e-11

Layer fc.bias grad: 5.072432941233274e-06
Layer fc.weight grad: 9.10025566014383e-09
Layer fc.bias grad: 5.072432941233274e-06
Softmax output at epoch 1: tensor([[0.0525, 0.0527, 0.0527, 0.0526, 0.0529, 0.0529, 0.0520, 0.0525, 0.0525,
         0.0530, 0.0525, 0.0528, 0.0526, 0.0525, 0.0526, 0.0524, 0.0530, 0.0526,
         0.0527]], device='cuda:2', grad_fn=<SliceBackward0>)
Softmax output at epoch 1: tensor([[0.0525, 0.0527, 0.0527, 0.0526, 0.0529, 0.0529, 0.0520, 0.0525, 0.0525,
         0.0530, 0.0525, 0.0528, 0.0526, 0.0525, 0.0526, 0.0524, 0.0530, 0.0526,
         0.0527]], device='cuda:0', grad_fn=<SliceBackward0>)
Softmax output at epoch 1: tensor([[0.0525, 0.0527, 0.0527, 0.0526, 0.0529, 0.0529, 0.0520, 0.0525, 0.0525,
         0.0530, 0.0525, 0.0528, 0.0526, 0.0525, 0.0526, 0.0524, 0.0530, 0.0526,
         0.0527]], device='cuda:1', grad_fn=<SliceBackward0>)
pt values at epoch 1: tensor([0.0525], device='cuda:2', grad_fn=<SliceBackward0>)
pt values at epoch 1: tensor([0.0525], device='cuda:0', grad_fn=<SliceBackward0>)
pt values at epoch 1: tensor([0.0525], device='cuda:1', grad_fn=<SliceBackward0>)
Softmax output at epoch 1: tensor([[0.0525, 0.0527, 0.0527, 0.0526, 0.0529, 0.0529, 0.0520, 0.0525, 0.0525,
         0.0530, 0.0525, 0.0528, 0.0526, 0.0525, 0.0526, 0.0524, 0.0530, 0.0526,
         0.0527]], device='cuda:3', grad_fn=<SliceBackward0>)
pt values at epoch 1: tensor([0.0525], device='cuda:3', grad_fn=<SliceBackward0>)
Layer conv1.att_src grad: 3.059718144496348e-20Layer conv1.att_src grad: 3.059718144496348e-20Layer conv1.att_src grad: 3.059718144496348e-20
Layer conv1.att_src grad: 3.059718144496348e-20


Layer conv1.att_dst grad: 1.0033841386348874e-20
Layer conv1.att_dst grad: 1.0033841386348874e-20
Layer conv1.att_dst grad: 1.0033841386348874e-20Layer conv1.att_dst grad: 1.0033841386348874e-20

Layer conv1.bias grad: 4.1078133326518176e-14
Layer conv1.bias grad: 4.1078133326518176e-14
Layer conv1.bias grad: 4.1078133326518176e-14
Layer conv1.bias grad: 4.1078133326518176e-14
Layer conv1.lin.weight grad: 2.3701896158636118e-14
Layer conv1.lin.weight grad: 2.3701896158636118e-14
Layer conv1.lin.weight grad: 2.3701896158636118e-14
Layer conv1.lin.weight grad: 2.3701896158636118e-14
Layer conv2.att_src grad: 5.838303771297491e-22
Layer conv2.att_src grad: 5.838303771297491e-22
Layer conv2.att_src grad: 5.838303771297491e-22
Layer conv2.att_dst grad: 9.068390925646489e-23Layer conv2.att_src grad: 5.838303771297491e-22
Layer conv2.att_dst grad: 9.068390925646489e-23

Layer conv2.att_dst grad: 9.068390925646489e-23
Layer conv2.bias grad: 1.9369607914127007e-12
Layer conv2.bias grad: 1.9369607914127007e-12
Layer conv2.att_dst grad: 9.068390925646489e-23Layer conv2.bias grad: 1.9369607914127007e-12

Layer conv2.lin.weight grad: 1.780905406327006e-15
Layer conv2.lin.weight grad: 1.780905406327006e-15Layer conv2.bias grad: 1.9369607914127007e-12

Layer conv2.lin.weight grad: 1.780905406327006e-15
Layer conv3.att_src grad: 1.6001653853473467e-20
Layer conv3.att_src grad: 1.6001653853473467e-20
Layer conv3.att_src grad: 1.6001653853473467e-20
Layer conv2.lin.weight grad: 1.780905406327006e-15
Layer conv3.att_dst grad: 4.830123681476287e-21
Layer conv3.att_dst grad: 4.830123681476287e-21
Layer conv3.att_dst grad: 4.830123681476287e-21
Layer conv3.att_src grad: 1.6001653853473467e-20Layer conv3.bias grad: 1.39058167758499e-10

Layer conv3.bias grad: 1.39058167758499e-10
Layer conv3.bias grad: 1.39058167758499e-10
Layer conv3.att_dst grad: 4.830123681476287e-21
Layer conv3.lin.weight grad: 8.220014295970413e-14Layer conv3.lin.weight grad: 8.220014295970413e-14

Layer conv3.lin.weight grad: 8.220014295970413e-14
Layer conv3.bias grad: 1.39058167758499e-10
Layer conv4.att_src grad: 9.033786294250343e-19Layer conv4.att_src grad: 9.033786294250343e-19

Layer conv4.att_src grad: 9.033786294250343e-19
Layer conv4.att_dst grad: 3.231377702517164e-19Layer conv4.att_dst grad: 3.231377702517164e-19
Layer conv4.att_dst grad: 3.231377702517164e-19
Layer conv3.lin.weight grad: 8.220014295970413e-14

Layer conv4.bias grad: 1.0637689840109488e-08
Layer conv4.bias grad: 1.0637689840109488e-08
Layer conv4.bias grad: 1.0637689840109488e-08
Layer conv4.att_src grad: 9.033786294250343e-19
Layer conv4.lin.weight grad: 5.7284767207566034e-12
Layer conv4.lin.weight grad: 5.7284767207566034e-12
Layer conv4.lin.weight grad: 5.7284767207566034e-12
Layer conv4.att_dst grad: 3.231377702517164e-19
Layer fc.weight grad: 2.3731723253206383e-09
Layer fc.weight grad: 2.3731723253206383e-09
Layer fc.weight grad: 2.3731723253206383e-09
Layer conv4.bias grad: 1.0637689840109488e-08
Layer fc.bias grad: 4.708399501396343e-06
Layer fc.bias grad: 4.708399501396343e-06
Layer fc.bias grad: 4.708399501396343e-06
Layer conv4.lin.weight grad: 5.7284767207566034e-12
Layer fc.weight grad: 2.3731723253206383e-09
Layer fc.bias grad: 4.708399501396343e-06
Softmax output at epoch 1: tensor([[0.0527, 0.0527, 0.0528, 0.0527, 0.0528, 0.0527, 0.0520, 0.0523, 0.0528,
         0.0528, 0.0525, 0.0530, 0.0526, 0.0526, 0.0527, 0.0523, 0.0528, 0.0528,
         0.0525]], device='cuda:2', grad_fn=<SliceBackward0>)
Softmax output at epoch 1: tensor([[0.0527, 0.0527, 0.0528, 0.0527, 0.0528, 0.0527, 0.0520, 0.0523, 0.0528,
         0.0528, 0.0525, 0.0530, 0.0526, 0.0526, 0.0527, 0.0523, 0.0528, 0.0528,
         0.0525]], device='cuda:0', grad_fn=<SliceBackward0>)
Softmax output at epoch 1: tensor([[0.0527, 0.0527, 0.0528, 0.0527, 0.0528, 0.0527, 0.0520, 0.0523, 0.0528,
         0.0528, 0.0525, 0.0530, 0.0526, 0.0526, 0.0527, 0.0523, 0.0528, 0.0528,
         0.0525]], device='cuda:1', grad_fn=<SliceBackward0>)
pt values at epoch 1: tensor([0.0527], device='cuda:2', grad_fn=<SliceBackward0>)
pt values at epoch 1: tensor([0.0527], device='cuda:0', grad_fn=<SliceBackward0>)
pt values at epoch 1: tensor([0.0527], device='cuda:1', grad_fn=<SliceBackward0>)
Softmax output at epoch 1: tensor([[0.0527, 0.0527, 0.0528, 0.0527, 0.0528, 0.0527, 0.0520, 0.0523, 0.0528,
         0.0528, 0.0525, 0.0530, 0.0526, 0.0526, 0.0527, 0.0523, 0.0528, 0.0528,
         0.0525]], device='cuda:3', grad_fn=<SliceBackward0>)
pt values at epoch 1: tensor([0.0527], device='cuda:3', grad_fn=<SliceBackward0>)
Layer conv1.att_src grad: 4.084594341838181e-19Layer conv1.att_src grad: 4.084594341838181e-19Layer conv1.att_src grad: 4.084594341838181e-19
Layer conv1.att_src grad: 4.084594341838181e-19


Layer conv1.att_dst grad: 1.398966302923467e-20Layer conv1.att_dst grad: 1.398966302923467e-20Layer conv1.att_dst grad: 1.398966302923467e-20
Layer conv1.att_dst grad: 1.398966302923467e-20


Layer conv1.bias grad: 1.7355745746822082e-13
Layer conv1.bias grad: 1.7355745746822082e-13Layer conv1.bias grad: 1.7355745746822082e-13
Layer conv1.bias grad: 1.7355745746822082e-13

Layer conv1.lin.weight grad: 1.1003093510104922e-13
Layer conv1.lin.weight grad: 1.1003093510104922e-13
Layer conv1.lin.weight grad: 1.1003093510104922e-13Layer conv1.lin.weight grad: 1.1003093510104922e-13

Layer conv2.att_src grad: 8.929499530834463e-21
Layer conv2.att_src grad: 8.929499530834463e-21
Layer conv2.att_src grad: 8.929499530834463e-21Layer conv2.att_src grad: 8.929499530834463e-21

Layer conv2.att_dst grad: 2.638461190644982e-21
Layer conv2.att_dst grad: 2.638461190644982e-21
Layer conv2.att_dst grad: 2.638461190644982e-21Layer conv2.att_dst grad: 2.638461190644982e-21

Layer conv2.bias grad: 5.948900660274203e-12
Layer conv2.bias grad: 5.948900660274203e-12
Layer conv2.bias grad: 5.948900660274203e-12Layer conv2.bias grad: 5.948900660274203e-12

Layer conv2.lin.weight grad: 8.176913871482325e-15
Layer conv2.lin.weight grad: 8.176913871482325e-15
Layer conv2.lin.weight grad: 8.176913871482325e-15Layer conv2.lin.weight grad: 8.176913871482325e-15

Layer conv3.att_src grad: 3.8846422988112106e-19
Layer conv3.att_src grad: 3.8846422988112106e-19
Layer conv3.att_src grad: 3.8846422988112106e-19Layer conv3.att_src grad: 3.8846422988112106e-19

Layer conv3.att_dst grad: 1.745838095072529e-19
Layer conv3.att_dst grad: 1.745838095072529e-19
Layer conv3.att_dst grad: 1.745838095072529e-19Layer conv3.att_dst grad: 1.745838095072529e-19

Layer conv3.bias grad: 3.187753117028791e-10
Layer conv3.bias grad: 3.187753117028791e-10
Layer conv3.bias grad: 3.187753117028791e-10Layer conv3.bias grad: 3.187753117028791e-10

Layer conv3.lin.weight grad: 2.727872452663177e-13
Layer conv3.lin.weight grad: 2.727872452663177e-13
Layer conv3.lin.weight grad: 2.727872452663177e-13Layer conv3.lin.weight grad: 2.727872452663177e-13

Layer conv4.att_src grad: 9.61258979786238e-18
Layer conv4.att_src grad: 9.61258979786238e-18
Layer conv4.att_src grad: 9.61258979786238e-18Layer conv4.att_src grad: 9.61258979786238e-18Layer conv4.att_dst grad: 2.134177472379943e-18

Layer conv4.att_dst grad: 2.134177472379943e-18

Layer conv4.att_dst grad: 2.134177472379943e-18Layer conv4.att_dst grad: 2.134177472379943e-18

Layer conv4.bias grad: 1.5054533619718313e-08Layer conv4.bias grad: 1.5054533619718313e-08

Layer conv4.bias grad: 1.5054533619718313e-08Layer conv4.bias grad: 1.5054533619718313e-08

Layer conv4.lin.weight grad: 1.4126876751729966e-11
Layer conv4.lin.weight grad: 1.4126876751729966e-11
Layer conv4.lin.weight grad: 1.4126876751729966e-11Layer conv4.lin.weight grad: 1.4126876751729966e-11

Layer fc.weight grad: 3.5319116520327043e-09
Layer fc.weight grad: 3.5319116520327043e-09
Layer fc.weight grad: 3.5319116520327043e-09Layer fc.weight grad: 3.5319116520327043e-09Layer fc.bias grad: 3.5799967008642852e-06Layer fc.bias grad: 3.5799967008642852e-06



Layer fc.bias grad: 3.5799967008642852e-06Layer fc.bias grad: 3.5799967008642852e-06

Softmax output at epoch 1: tensor([[0.0528, 0.0527, 0.0528, 0.0528, 0.0528, 0.0525, 0.0520, 0.0521, 0.0529,
         0.0527, 0.0525, 0.0530, 0.0526, 0.0527, 0.0527, 0.0524, 0.0526, 0.0530,
         0.0525]], device='cuda:2', grad_fn=<SliceBackward0>)
Softmax output at epoch 1: tensor([[0.0528, 0.0527, 0.0528, 0.0528, 0.0528, 0.0525, 0.0520, 0.0521, 0.0529,
         0.0527, 0.0525, 0.0530, 0.0526, 0.0527, 0.0527, 0.0524, 0.0526, 0.0530,
         0.0525]], device='cuda:0', grad_fn=<SliceBackward0>)
Softmax output at epoch 1: tensor([[0.0528, 0.0527, 0.0528, 0.0528, 0.0528, 0.0525, 0.0520, 0.0521, 0.0529,
         0.0527, 0.0525, 0.0530, 0.0526, 0.0527, 0.0527, 0.0524, 0.0526, 0.0530,
         0.0525]], device='cuda:3', grad_fn=<SliceBackward0>)
Softmax output at epoch 1: tensor([[0.0528, 0.0527, 0.0528, 0.0528, 0.0528, 0.0525, 0.0520, 0.0521, 0.0529,
         0.0527, 0.0525, 0.0530, 0.0526, 0.0527, 0.0527, 0.0524, 0.0526, 0.0530,
         0.0525]], device='cuda:1', grad_fn=<SliceBackward0>)
pt values at epoch 1: tensor([0.0528], device='cuda:2', grad_fn=<SliceBackward0>)
pt values at epoch 1: tensor([0.0528], device='cuda:0', grad_fn=<SliceBackward0>)
pt values at epoch 1: tensor([0.0528], device='cuda:3', grad_fn=<SliceBackward0>)
pt values at epoch 1: tensor([0.0528], device='cuda:1', grad_fn=<SliceBackward0>)
Layer conv1.att_src grad: 6.261095078946071e-18Layer conv1.att_src grad: 6.261095078946071e-18Layer conv1.att_src grad: 6.261095078946071e-18
Layer conv1.att_src grad: 6.261095078946071e-18


Layer conv1.att_dst grad: 1.7207674139287831e-19Layer conv1.att_dst grad: 1.7207674139287831e-19

Layer conv1.att_dst grad: 1.7207674139287831e-19Layer conv1.att_dst grad: 1.7207674139287831e-19

Layer conv1.bias grad: 1.652647419955744e-12Layer conv1.bias grad: 1.652647419955744e-12

Layer conv1.bias grad: 1.652647419955744e-12Layer conv1.bias grad: 1.652647419955744e-12

Layer conv1.lin.weight grad: 8.926896223095115e-13Layer conv1.lin.weight grad: 8.926896223095115e-13

Layer conv1.lin.weight grad: 8.926896223095115e-13Layer conv1.lin.weight grad: 8.926896223095115e-13

Layer conv2.att_src grad: 2.464580240704742e-19Layer conv2.att_src grad: 2.464580240704742e-19

Layer conv2.att_src grad: 2.464580240704742e-19Layer conv2.att_src grad: 2.464580240704742e-19

Layer conv2.att_dst grad: 1.0553091414299393e-19Layer conv2.att_dst grad: 1.0553091414299393e-19

Layer conv2.att_dst grad: 1.0553091414299393e-19Layer conv2.att_dst grad: 1.0553091414299393e-19

Layer conv2.bias grad: 2.785465434695933e-11Layer conv2.bias grad: 2.785465434695933e-11

Layer conv2.bias grad: 2.785465434695933e-11Layer conv2.bias grad: 2.785465434695933e-11

Layer conv2.lin.weight grad: 5.767875597712663e-14Layer conv2.lin.weight grad: 5.767875597712663e-14

Layer conv2.lin.weight grad: 5.767875597712663e-14Layer conv2.lin.weight grad: 5.767875597712663e-14

Layer conv3.att_src grad: 5.470024622443739e-18Layer conv3.att_src grad: 5.470024622443739e-18

Layer conv3.att_src grad: 5.470024622443739e-18Layer conv3.att_src grad: 5.470024622443739e-18

Layer conv3.att_dst grad: 1.4196024041798308e-18Layer conv3.att_dst grad: 1.4196024041798308e-18

Layer conv3.att_dst grad: 1.4196024041798308e-18Layer conv3.att_dst grad: 1.4196024041798308e-18

Layer conv3.bias grad: 8.066862178246481e-10Layer conv3.bias grad: 8.066862178246481e-10

Layer conv3.bias grad: 8.066862178246481e-10Layer conv3.bias grad: 8.066862178246481e-10

Layer conv3.lin.weight grad: 1.1209154264502086e-12Layer conv3.lin.weight grad: 1.1209154264502086e-12

Layer conv3.lin.weight grad: 1.1209154264502086e-12Layer conv3.lin.weight grad: 1.1209154264502086e-12

Layer conv4.att_src grad: 9.388313340530672e-17Layer conv4.att_src grad: 9.388313340530672e-17

Layer conv4.att_src grad: 9.388313340530672e-17Layer conv4.att_src grad: 9.388313340530672e-17

Layer conv4.att_dst grad: 2.704021162391958e-17Layer conv4.att_dst grad: 2.704021162391958e-17

Layer conv4.att_dst grad: 2.704021162391958e-17
Layer conv4.att_dst grad: 2.704021162391958e-17
Layer conv4.bias grad: 2.7527134349725202e-08Layer conv4.bias grad: 2.7527134349725202e-08

Layer conv4.bias grad: 2.7527134349725202e-08
Layer conv4.bias grad: 2.7527134349725202e-08
Layer conv4.lin.weight grad: 4.162083871994682e-11Layer conv4.lin.weight grad: 4.162083871994682e-11

Layer conv4.lin.weight grad: 4.162083871994682e-11Layer conv4.lin.weight grad: 4.162083871994682e-11

Layer fc.weight grad: 7.250050337859193e-09Layer fc.weight grad: 7.250050337859193e-09

Layer fc.weight grad: 7.250050337859193e-09Layer fc.weight grad: 7.250050337859193e-09

Layer fc.bias grad: 4.580435415846296e-06Layer fc.bias grad: 4.580435415846296e-06

Layer fc.bias grad: 4.580435415846296e-06Layer fc.bias grad: 4.580435415846296e-06

Softmax output at epoch 1: tensor([[0.0527, 0.0527, 0.0527, 0.0528, 0.0527, 0.0524, 0.0522, 0.0522, 0.0529,
         0.0526, 0.0526, 0.0529, 0.0526, 0.0527, 0.0527, 0.0525, 0.0525, 0.0530,
         0.0525]], device='cuda:2', grad_fn=<SliceBackward0>)Softmax output at epoch 1: tensor([[0.0527, 0.0527, 0.0527, 0.0528, 0.0527, 0.0524, 0.0522, 0.0522, 0.0529,
         0.0526, 0.0526, 0.0529, 0.0526, 0.0527, 0.0527, 0.0525, 0.0525, 0.0530,
         0.0525]], device='cuda:0', grad_fn=<SliceBackward0>)
Softmax output at epoch 1: tensor([[0.0527, 0.0527, 0.0527, 0.0528, 0.0527, 0.0524, 0.0522, 0.0522, 0.0529,
         0.0526, 0.0526, 0.0529, 0.0526, 0.0527, 0.0527, 0.0525, 0.0525, 0.0530,
         0.0525]], device='cuda:1', grad_fn=<SliceBackward0>)

Softmax output at epoch 1: tensor([[0.0527, 0.0527, 0.0527, 0.0528, 0.0527, 0.0524, 0.0522, 0.0522, 0.0529,
         0.0526, 0.0526, 0.0529, 0.0526, 0.0527, 0.0527, 0.0525, 0.0525, 0.0530,
         0.0525]], device='cuda:3', grad_fn=<SliceBackward0>)
pt values at epoch 1: tensor([0.0527], device='cuda:1', grad_fn=<SliceBackward0>)pt values at epoch 1: tensor([0.0527], device='cuda:0', grad_fn=<SliceBackward0>)pt values at epoch 1: tensor([0.0527], device='cuda:2', grad_fn=<SliceBackward0>)


pt values at epoch 1: tensor([0.0527], device='cuda:3', grad_fn=<SliceBackward0>)
Layer conv1.att_src grad: 1.5980002400939891e-18
Layer conv1.att_src grad: 1.5980002400939891e-18
Layer conv1.att_dst grad: 1.791238613850841e-21
Layer conv1.att_dst grad: 1.791238613850841e-21
Layer conv1.bias grad: 2.674768826566032e-12
Layer conv1.bias grad: 2.674768826566032e-12
Layer conv1.att_src grad: 1.5980002400939891e-18
Layer conv1.lin.weight grad: 1.5063200253101483e-12
Layer conv1.lin.weight grad: 1.5063200253101483e-12
Layer conv2.att_src grad: 1.8729855779917034e-19
Layer conv2.att_src grad: 1.8729855779917034e-19
Layer conv1.att_dst grad: 1.791238613850841e-21
Layer conv2.att_dst grad: 7.357263608064285e-20
Layer conv2.att_dst grad: 7.357263608064285e-20
Layer conv1.bias grad: 2.674768826566032e-12Layer conv2.bias grad: 6.480785352813712e-11

Layer conv2.bias grad: 6.480785352813712e-11
Layer conv1.att_src grad: 1.5980002400939891e-18
Layer conv2.lin.weight grad: 1.0089248636850276e-13
Layer conv2.lin.weight grad: 1.0089248636850276e-13
Layer conv1.lin.weight grad: 1.5063200253101483e-12Layer conv1.att_dst grad: 1.791238613850841e-21

Layer conv3.att_src grad: 4.992211186227996e-18
Layer conv3.att_src grad: 4.992211186227996e-18
Layer conv1.bias grad: 2.674768826566032e-12
Layer conv2.att_src grad: 1.8729855779917034e-19Layer conv3.att_dst grad: 1.0002187316881487e-18

Layer conv3.att_dst grad: 1.0002187316881487e-18
Layer conv1.lin.weight grad: 1.5063200253101483e-12
Layer conv3.bias grad: 2.601230564280854e-09
Layer conv3.bias grad: 2.601230564280854e-09
Layer conv2.att_dst grad: 7.357263608064285e-20Layer conv2.att_src grad: 1.8729855779917034e-19

Layer conv3.lin.weight grad: 2.7802690705236444e-12
Layer conv3.lin.weight grad: 2.7802690705236444e-12Layer conv2.att_dst grad: 7.357263608064285e-20

Layer conv2.bias grad: 6.480785352813712e-11
Layer conv4.att_src grad: 1.1898455775049389e-16
Layer conv2.bias grad: 6.480785352813712e-11
Layer conv4.att_src grad: 1.1898455775049389e-16
Layer conv4.att_dst grad: 3.5700513050302736e-17
Layer conv2.lin.weight grad: 1.0089248636850276e-13Layer conv4.att_dst grad: 3.5700513050302736e-17
Layer conv2.lin.weight grad: 1.0089248636850276e-13

Layer conv4.bias grad: 9.946299428520433e-08
Layer conv3.att_src grad: 4.992211186227996e-18
Layer conv4.bias grad: 9.946299428520433e-08
Layer conv3.att_src grad: 4.992211186227996e-18Layer conv4.lin.weight grad: 1.1598477733798518e-10
Layer conv3.att_dst grad: 1.0002187316881487e-18

Layer conv4.lin.weight grad: 1.1598477733798518e-10
Layer conv3.bias grad: 2.601230564280854e-09
Layer fc.weight grad: 1.958288642356365e-08
Layer conv3.att_dst grad: 1.0002187316881487e-18
Layer fc.weight grad: 1.958288642356365e-08
Layer conv3.lin.weight grad: 2.7802690705236444e-12
Layer fc.bias grad: 1.6059999325079843e-05
Layer fc.bias grad: 1.6059999325079843e-05
Layer conv3.bias grad: 2.601230564280854e-09
Layer conv4.att_src grad: 1.1898455775049389e-16
Layer conv4.att_dst grad: 3.5700513050302736e-17
Layer conv3.lin.weight grad: 2.7802690705236444e-12
Layer conv4.bias grad: 9.946299428520433e-08
Layer conv4.lin.weight grad: 1.1598477733798518e-10
Layer conv4.att_src grad: 1.1898455775049389e-16
Layer fc.weight grad: 1.958288642356365e-08
Layer conv4.att_dst grad: 3.5700513050302736e-17
Layer fc.bias grad: 1.6059999325079843e-05
Layer conv4.bias grad: 9.946299428520433e-08
Layer conv4.lin.weight grad: 1.1598477733798518e-10
Layer fc.weight grad: 1.958288642356365e-08
Layer fc.bias grad: 1.6059999325079843e-05
Softmax output at epoch 2: tensor([[0.0527, 0.0526, 0.0527, 0.0528, 0.0527, 0.0525, 0.0523, 0.0524, 0.0531,
         0.0525, 0.0525, 0.0528, 0.0524, 0.0526, 0.0527, 0.0526, 0.0525, 0.0530,
         0.0526]], device='cuda:2', grad_fn=<SliceBackward0>)
Softmax output at epoch 2: tensor([[0.0527, 0.0526, 0.0527, 0.0528, 0.0527, 0.0525, 0.0523, 0.0524, 0.0531,
         0.0525, 0.0525, 0.0528, 0.0524, 0.0526, 0.0527, 0.0526, 0.0525, 0.0530,
         0.0526]], device='cuda:3', grad_fn=<SliceBackward0>)
Softmax output at epoch 2: tensor([[0.0527, 0.0526, 0.0527, 0.0528, 0.0527, 0.0525, 0.0523, 0.0524, 0.0531,
         0.0525, 0.0525, 0.0528, 0.0524, 0.0526, 0.0527, 0.0526, 0.0525, 0.0530,
         0.0526]], device='cuda:1', grad_fn=<SliceBackward0>)
pt values at epoch 2: tensor([0.0527], device='cuda:2', grad_fn=<SliceBackward0>)
pt values at epoch 2: tensor([0.0527], device='cuda:3', grad_fn=<SliceBackward0>)
pt values at epoch 2: tensor([0.0527], device='cuda:1', grad_fn=<SliceBackward0>)
Precision: 0.0000, Recall: 0.0003, F1-Score: 0.0000
Fold 5, Epoch 1, Train Loss: 0.0011, Val Loss: 0.0011, Val Acc: 0.0005
Softmax output at epoch 2: tensor([[0.0527, 0.0526, 0.0527, 0.0528, 0.0527, 0.0525, 0.0523, 0.0524, 0.0531,
         0.0525, 0.0525, 0.0528, 0.0524, 0.0526, 0.0527, 0.0526, 0.0525, 0.0530,
         0.0526]], device='cuda:0', grad_fn=<SliceBackward0>)
pt values at epoch 2: tensor([0.0527], device='cuda:0', grad_fn=<SliceBackward0>)
Layer conv1.att_src grad: 1.1651837562606532e-21Layer conv1.att_src grad: 1.1651837562606532e-21Layer conv1.att_src grad: 1.1651837562606532e-21Layer conv1.att_src grad: 1.1651837562606532e-21



Layer conv1.att_dst grad: 1.5001238982237121e-22
Layer conv1.att_dst grad: 1.5001238982237121e-22Layer conv1.att_dst grad: 1.5001238982237121e-22

Layer conv1.bias grad: 4.219501403010875e-15Layer conv1.att_dst grad: 1.5001238982237121e-22

Layer conv1.bias grad: 4.219501403010875e-15
Layer conv1.lin.weight grad: 2.5390003176360785e-15Layer conv1.bias grad: 4.219501403010875e-15

Layer conv1.lin.weight grad: 2.5390003176360785e-15
Layer conv2.att_src grad: 1.2280136180424884e-23
Layer conv1.lin.weight grad: 2.5390003176360785e-15Layer conv1.bias grad: 4.219501403010875e-15

Layer conv2.att_src grad: 1.2280136180424884e-23
Layer conv2.att_dst grad: 5.242625214553189e-24
Layer conv2.att_src grad: 1.2280136180424884e-23
Layer conv2.att_dst grad: 5.242625214553189e-24
Layer conv1.lin.weight grad: 2.5390003176360785e-15Layer conv2.bias grad: 2.8540107018144856e-13

Layer conv2.att_dst grad: 5.242625214553189e-24
Layer conv2.bias grad: 2.8540107018144856e-13
Layer conv2.att_src grad: 1.2280136180424884e-23
Layer conv2.lin.weight grad: 1.6820785254203802e-16
Layer conv2.bias grad: 2.8540107018144856e-13
Layer conv2.lin.weight grad: 1.6820785254203802e-16
Layer conv2.att_dst grad: 5.242625214553189e-24
Layer conv3.att_src grad: 1.0317656424921195e-21
Layer conv2.lin.weight grad: 1.6820785254203802e-16
Layer conv3.att_src grad: 1.0317656424921195e-21
Layer conv2.bias grad: 2.8540107018144856e-13
Layer conv3.att_dst grad: 4.513040169720262e-22
Layer conv3.att_src grad: 1.0317656424921195e-21Layer conv3.att_dst grad: 4.513040169720262e-22

Layer conv3.bias grad: 3.6217230603430295e-11
Layer conv2.lin.weight grad: 1.6820785254203802e-16
Layer conv3.att_dst grad: 4.513040169720262e-22Layer conv3.bias grad: 3.6217230603430295e-11

Layer conv3.lin.weight grad: 1.1949720591297383e-14Layer conv3.att_src grad: 1.0317656424921195e-21

Layer conv3.bias grad: 3.6217230603430295e-11
Layer conv3.lin.weight grad: 1.1949720591297383e-14
Layer conv3.att_dst grad: 4.513040169720262e-22Layer conv4.att_src grad: 6.401196623848132e-20

Layer conv3.lin.weight grad: 1.1949720591297383e-14
Layer conv4.att_src grad: 6.401196623848132e-20
Layer conv3.bias grad: 3.6217230603430295e-11Layer conv4.att_dst grad: 1.479801882050358e-20

Layer conv4.att_src grad: 6.401196623848132e-20Layer conv4.att_dst grad: 1.479801882050358e-20

Layer conv4.bias grad: 5.2516035964345065e-09
Layer conv3.lin.weight grad: 1.1949720591297383e-14
Layer conv4.att_dst grad: 1.479801882050358e-20Layer conv4.bias grad: 5.2516035964345065e-09

Layer conv4.lin.weight grad: 1.8763727550885623e-12
Layer conv4.att_src grad: 6.401196623848132e-20
Layer conv4.bias grad: 5.2516035964345065e-09
Layer conv4.lin.weight grad: 1.8763727550885623e-12
Layer fc.weight grad: 1.1472710559345956e-09Layer conv4.att_dst grad: 1.479801882050358e-20

Layer conv4.lin.weight grad: 1.8763727550885623e-12
Layer fc.weight grad: 1.1472710559345956e-09
Layer fc.bias grad: 2.954228193630115e-06Layer conv4.bias grad: 5.2516035964345065e-09

Layer fc.weight grad: 1.1472710559345956e-09Layer fc.bias grad: 2.954228193630115e-06

Layer conv4.lin.weight grad: 1.8763727550885623e-12
Layer fc.bias grad: 2.954228193630115e-06
Layer fc.weight grad: 1.1472710559345956e-09
Layer fc.bias grad: 2.954228193630115e-06
Softmax output at epoch 2: tensor([[0.0526, 0.0525, 0.0526, 0.0528, 0.0526, 0.0527, 0.0525, 0.0525, 0.0531,
         0.0524, 0.0525, 0.0528, 0.0524, 0.0525, 0.0527, 0.0528, 0.0524, 0.0530,
         0.0528]], device='cuda:2', grad_fn=<SliceBackward0>)
Softmax output at epoch 2: tensor([[0.0526, 0.0525, 0.0526, 0.0528, 0.0526, 0.0527, 0.0525, 0.0525, 0.0531,
         0.0524, 0.0525, 0.0528, 0.0524, 0.0525, 0.0527, 0.0528, 0.0524, 0.0530,
         0.0528]], device='cuda:0', grad_fn=<SliceBackward0>)
Softmax output at epoch 2: tensor([[0.0526, 0.0525, 0.0526, 0.0528, 0.0526, 0.0527, 0.0525, 0.0525, 0.0531,
         0.0524, 0.0525, 0.0528, 0.0524, 0.0525, 0.0527, 0.0528, 0.0524, 0.0530,
         0.0528]], device='cuda:1', grad_fn=<SliceBackward0>)
Softmax output at epoch 2: tensor([[0.0526, 0.0525, 0.0526, 0.0528, 0.0526, 0.0527, 0.0525, 0.0525, 0.0531,
         0.0524, 0.0525, 0.0528, 0.0524, 0.0525, 0.0527, 0.0528, 0.0524, 0.0530,
         0.0528]], device='cuda:3', grad_fn=<SliceBackward0>)
pt values at epoch 2: tensor([0.0526], device='cuda:2', grad_fn=<SliceBackward0>)
pt values at epoch 2: tensor([0.0526], device='cuda:0', grad_fn=<SliceBackward0>)
pt values at epoch 2: tensor([0.0526], device='cuda:1', grad_fn=<SliceBackward0>)
pt values at epoch 2: tensor([0.0526], device='cuda:3', grad_fn=<SliceBackward0>)
Layer conv1.att_src grad: 5.9856994400774846e-21Layer conv1.att_src grad: 5.9856994400774846e-21Layer conv1.att_src grad: 5.9856994400774846e-21Layer conv1.att_src grad: 5.9856994400774846e-21



Layer conv1.att_dst grad: 3.198412937500308e-22Layer conv1.att_dst grad: 3.198412937500308e-22Layer conv1.att_dst grad: 3.198412937500308e-22
Layer conv1.att_dst grad: 3.198412937500308e-22


Layer conv1.bias grad: 1.6441663365529026e-14
Layer conv1.bias grad: 1.6441663365529026e-14Layer conv1.bias grad: 1.6441663365529026e-14
Layer conv1.bias grad: 1.6441663365529026e-14

Layer conv1.lin.weight grad: 9.330294918835982e-15
Layer conv1.lin.weight grad: 9.330294918835982e-15
Layer conv1.lin.weight grad: 9.330294918835982e-15Layer conv1.lin.weight grad: 9.330294918835982e-15

Layer conv2.att_src grad: 1.2546560067211348e-22
Layer conv2.att_src grad: 1.2546560067211348e-22
Layer conv2.att_src grad: 1.2546560067211348e-22Layer conv2.att_src grad: 1.2546560067211348e-22

Layer conv2.att_dst grad: 2.5971219509597206e-23Layer conv2.att_dst grad: 2.5971219509597206e-23

Layer conv2.att_dst grad: 2.5971219509597206e-23Layer conv2.att_dst grad: 2.5971219509597206e-23

Layer conv2.bias grad: 9.955803542682773e-13Layer conv2.bias grad: 9.955803542682773e-13

Layer conv2.bias grad: 9.955803542682773e-13Layer conv2.bias grad: 9.955803542682773e-13

Layer conv2.lin.weight grad: 6.746200261153979e-16Layer conv2.lin.weight grad: 6.746200261153979e-16

Layer conv2.lin.weight grad: 6.746200261153979e-16Layer conv2.lin.weight grad: 6.746200261153979e-16

Layer conv3.att_src grad: 5.036670438092708e-21Layer conv3.att_src grad: 5.036670438092708e-21

Layer conv3.att_src grad: 5.036670438092708e-21Layer conv3.att_src grad: 5.036670438092708e-21

Layer conv3.att_dst grad: 2.3101429869340633e-21Layer conv3.att_dst grad: 2.3101429869340633e-21

Layer conv3.att_dst grad: 2.3101429869340633e-21Layer conv3.att_dst grad: 2.3101429869340633e-21

Layer conv3.bias grad: 8.849615484862738e-11Layer conv3.bias grad: 8.849615484862738e-11

Layer conv3.bias grad: 8.849615484862738e-11Layer conv3.bias grad: 8.849615484862738e-11

Layer conv3.lin.weight grad: 4.168355181963408e-14Layer conv3.lin.weight grad: 4.168355181963408e-14

Layer conv3.lin.weight grad: 4.168355181963408e-14Layer conv3.lin.weight grad: 4.168355181963408e-14

Layer conv4.att_src grad: 1.9741329648007462e-19Layer conv4.att_src grad: 1.9741329648007462e-19

Layer conv4.att_src grad: 1.9741329648007462e-19Layer conv4.att_src grad: 1.9741329648007462e-19

Layer conv4.att_dst grad: 6.117422621189012e-20Layer conv4.att_dst grad: 6.117422621189012e-20

Layer conv4.att_dst grad: 6.117422621189012e-20Layer conv4.att_dst grad: 6.117422621189012e-20

Layer conv4.bias grad: 8.3689499774664e-09Layer conv4.bias grad: 8.3689499774664e-09

Layer conv4.bias grad: 8.3689499774664e-09Layer conv4.bias grad: 8.3689499774664e-09

Layer conv4.lin.weight grad: 3.5875514798472397e-12Layer conv4.lin.weight grad: 3.5875514798472397e-12

Layer conv4.lin.weight grad: 3.5875514798472397e-12Layer conv4.lin.weight grad: 3.5875514798472397e-12

Layer fc.weight grad: 1.6020800241989264e-09Layer fc.weight grad: 1.6020800241989264e-09

Layer fc.weight grad: 1.6020800241989264e-09Layer fc.weight grad: 1.6020800241989264e-09

Layer fc.bias grad: 4.0516015360481106e-06Layer fc.bias grad: 4.0516015360481106e-06

Layer fc.bias grad: 4.0516015360481106e-06Layer fc.bias grad: 4.0516015360481106e-06

Softmax output at epoch 2: tensor([[0.0526, 0.0524, 0.0525, 0.0528, 0.0527, 0.0528, 0.0526, 0.0527, 0.0531,
         0.0524, 0.0524, 0.0527, 0.0523, 0.0524, 0.0526, 0.0528, 0.0524, 0.0529,
         0.0529]], device='cuda:0', grad_fn=<SliceBackward0>)
Softmax output at epoch 2: tensor([[0.0526, 0.0524, 0.0525, 0.0528, 0.0527, 0.0528, 0.0526, 0.0527, 0.0531,
         0.0524, 0.0524, 0.0527, 0.0523, 0.0524, 0.0526, 0.0528, 0.0524, 0.0529,
         0.0529]], device='cuda:1', grad_fn=<SliceBackward0>)
Softmax output at epoch 2: tensor([[0.0526, 0.0524, 0.0525, 0.0528, 0.0527, 0.0528, 0.0526, 0.0527, 0.0531,
         0.0524, 0.0524, 0.0527, 0.0523, 0.0524, 0.0526, 0.0528, 0.0524, 0.0529,
         0.0529]], device='cuda:3', grad_fn=<SliceBackward0>)
Softmax output at epoch 2: tensor([[0.0526, 0.0524, 0.0525, 0.0528, 0.0527, 0.0528, 0.0526, 0.0527, 0.0531,
         0.0524, 0.0524, 0.0527, 0.0523, 0.0524, 0.0526, 0.0528, 0.0524, 0.0529,
         0.0529]], device='cuda:2', grad_fn=<SliceBackward0>)
pt values at epoch 2: tensor([0.0526], device='cuda:0', grad_fn=<SliceBackward0>)
pt values at epoch 2: tensor([0.0526], device='cuda:1', grad_fn=<SliceBackward0>)
pt values at epoch 2: tensor([0.0526], device='cuda:3', grad_fn=<SliceBackward0>)
pt values at epoch 2: tensor([0.0526], device='cuda:2', grad_fn=<SliceBackward0>)
Layer conv1.att_src grad: 5.084940304244298e-19Layer conv1.att_src grad: 5.084940304244298e-19Layer conv1.att_src grad: 5.084940304244298e-19Layer conv1.att_src grad: 5.084940304244298e-19



Layer conv1.att_dst grad: 4.283852877932057e-21Layer conv1.att_dst grad: 4.283852877932057e-21Layer conv1.att_dst grad: 4.283852877932057e-21
Layer conv1.att_dst grad: 4.283852877932057e-21


Layer conv1.bias grad: 2.792489004789511e-13
Layer conv1.bias grad: 2.792489004789511e-13Layer conv1.bias grad: 2.792489004789511e-13
Layer conv1.bias grad: 2.792489004789511e-13

Layer conv1.lin.weight grad: 1.9222953307265755e-13
Layer conv1.lin.weight grad: 1.9222953307265755e-13
Layer conv1.lin.weight grad: 1.9222953307265755e-13Layer conv1.lin.weight grad: 1.9222953307265755e-13

Layer conv2.att_src grad: 2.4848074239328202e-20
Layer conv2.att_src grad: 2.4848074239328202e-20
Layer conv2.att_src grad: 2.4848074239328202e-20Layer conv2.att_src grad: 2.4848074239328202e-20

Layer conv2.att_dst grad: 7.420837608017814e-21
Layer conv2.att_dst grad: 7.420837608017814e-21
Layer conv2.att_dst grad: 7.420837608017814e-21Layer conv2.att_dst grad: 7.420837608017814e-21

Layer conv2.bias grad: 6.597943979363974e-12
Layer conv2.bias grad: 6.597943979363974e-12
Layer conv2.bias grad: 6.597943979363974e-12Layer conv2.bias grad: 6.597943979363974e-12

Layer conv2.lin.weight grad: 1.2130706968170157e-14
Layer conv2.lin.weight grad: 1.2130706968170157e-14
Layer conv2.lin.weight grad: 1.2130706968170157e-14Layer conv2.lin.weight grad: 1.2130706968170157e-14

Layer conv3.att_src grad: 5.453549562785944e-19
Layer conv3.att_src grad: 5.453549562785944e-19
Layer conv3.att_src grad: 5.453549562785944e-19Layer conv3.att_src grad: 5.453549562785944e-19

Layer conv3.att_dst grad: 3.8112240740864767e-19
Layer conv3.att_dst grad: 3.8112240740864767e-19
Layer conv3.att_dst grad: 3.8112240740864767e-19Layer conv3.att_dst grad: 3.8112240740864767e-19

Layer conv3.bias grad: 2.949170352373187e-10
Layer conv3.bias grad: 2.949170352373187e-10
Layer conv3.bias grad: 2.949170352373187e-10Layer conv3.bias grad: 2.949170352373187e-10

Layer conv3.lin.weight grad: 2.876338219253566e-13
Layer conv3.lin.weight grad: 2.876338219253566e-13
Layer conv3.lin.weight grad: 2.876338219253566e-13Layer conv3.lin.weight grad: 2.876338219253566e-13

Layer conv4.att_src grad: 9.416892099822134e-18
Layer conv4.att_src grad: 9.416892099822134e-18
Layer conv4.att_src grad: 9.416892099822134e-18Layer conv4.att_dst grad: 4.168419946234904e-18Layer conv4.att_src grad: 9.416892099822134e-18


Layer conv4.att_dst grad: 4.168419946234904e-18
Layer conv4.att_dst grad: 4.168419946234904e-18Layer conv4.bias grad: 1.5119688612230675e-08
Layer conv4.att_dst grad: 4.168419946234904e-18
Layer conv4.bias grad: 1.5119688612230675e-08

Layer conv4.bias grad: 1.5119688612230675e-08
Layer conv4.bias grad: 1.5119688612230675e-08Layer conv4.lin.weight grad: 1.3390693068271453e-11

Layer conv4.lin.weight grad: 1.3390693068271453e-11
Layer conv4.lin.weight grad: 1.3390693068271453e-11
Layer fc.weight grad: 3.6339675713037423e-09Layer conv4.lin.weight grad: 1.3390693068271453e-11
Layer fc.weight grad: 3.6339675713037423e-09

Layer fc.weight grad: 3.6339675713037423e-09
Layer fc.bias grad: 4.170116426394088e-06
Layer fc.bias grad: 4.170116426394088e-06Layer fc.weight grad: 3.6339675713037423e-09

Layer fc.bias grad: 4.170116426394088e-06
Layer fc.bias grad: 4.170116426394088e-06
Softmax output at epoch 2: tensor([[0.0526, 0.0523, 0.0524, 0.0529, 0.0527, 0.0528, 0.0527, 0.0528, 0.0531,
         0.0523, 0.0524, 0.0526, 0.0523, 0.0524, 0.0526, 0.0528, 0.0524, 0.0528,
         0.0530]], device='cuda:2', grad_fn=<SliceBackward0>)
Softmax output at epoch 2: tensor([[0.0526, 0.0523, 0.0524, 0.0529, 0.0527, 0.0528, 0.0527, 0.0528, 0.0531,
         0.0523, 0.0524, 0.0526, 0.0523, 0.0524, 0.0526, 0.0528, 0.0524, 0.0528,
         0.0530]], device='cuda:3', grad_fn=<SliceBackward0>)Softmax output at epoch 2: tensor([[0.0526, 0.0523, 0.0524, 0.0529, 0.0527, 0.0528, 0.0527, 0.0528, 0.0531,
         0.0523, 0.0524, 0.0526, 0.0523, 0.0524, 0.0526, 0.0528, 0.0524, 0.0528,
         0.0530]], device='cuda:0', grad_fn=<SliceBackward0>)

Softmax output at epoch 2: tensor([[0.0526, 0.0523, 0.0524, 0.0529, 0.0527, 0.0528, 0.0527, 0.0528, 0.0531,
         0.0523, 0.0524, 0.0526, 0.0523, 0.0524, 0.0526, 0.0528, 0.0524, 0.0528,
         0.0530]], device='cuda:1', grad_fn=<SliceBackward0>)
pt values at epoch 2: tensor([0.0526], device='cuda:2', grad_fn=<SliceBackward0>)
pt values at epoch 2: tensor([0.0526], device='cuda:0', grad_fn=<SliceBackward0>)
pt values at epoch 2: tensor([0.0526], device='cuda:3', grad_fn=<SliceBackward0>)
pt values at epoch 2: tensor([0.0526], device='cuda:1', grad_fn=<SliceBackward0>)
Layer conv1.att_src grad: 5.328121064577231e-19Layer conv1.att_src grad: 5.328121064577231e-19Layer conv1.att_src grad: 5.328121064577231e-19Layer conv1.att_src grad: 5.328121064577231e-19



Layer conv1.att_dst grad: 3.44494552616767e-21
Layer conv1.att_dst grad: 3.44494552616767e-21Layer conv1.att_dst grad: 3.44494552616767e-21
Layer conv1.att_dst grad: 3.44494552616767e-21

Layer conv1.bias grad: 4.2340165661708395e-13
Layer conv1.bias grad: 4.2340165661708395e-13
Layer conv1.bias grad: 4.2340165661708395e-13
Layer conv1.bias grad: 4.2340165661708395e-13
Layer conv1.lin.weight grad: 2.583900975128284e-13
Layer conv1.lin.weight grad: 2.583900975128284e-13
Layer conv1.lin.weight grad: 2.583900975128284e-13
Layer conv1.lin.weight grad: 2.583900975128284e-13
Layer conv2.att_src grad: 3.1435907043175305e-20
Layer conv2.att_src grad: 3.1435907043175305e-20
Layer conv2.att_src grad: 3.1435907043175305e-20
Layer conv2.att_dst grad: 5.691379853960594e-21Layer conv2.att_src grad: 3.1435907043175305e-20

Layer conv2.att_dst grad: 5.691379853960594e-21
Layer conv2.att_dst grad: 5.691379853960594e-21
Layer conv2.bias grad: 1.1314030441689216e-11
Layer conv2.bias grad: 1.1314030441689216e-11Layer conv2.att_dst grad: 5.691379853960594e-21
Layer conv2.bias grad: 1.1314030441689216e-11

Layer conv2.lin.weight grad: 1.819606680500234e-14
Layer conv2.bias grad: 1.1314030441689216e-11Layer conv2.lin.weight grad: 1.819606680500234e-14

Layer conv2.lin.weight grad: 1.819606680500234e-14
Layer conv3.att_src grad: 9.117389438761078e-19
Layer conv3.att_src grad: 9.117389438761078e-19
Layer conv3.att_src grad: 9.117389438761078e-19
Layer conv2.lin.weight grad: 1.819606680500234e-14
Layer conv3.att_dst grad: 6.635972712169644e-19
Layer conv3.att_dst grad: 6.635972712169644e-19
Layer conv3.att_dst grad: 6.635972712169644e-19
Layer conv3.att_src grad: 9.117389438761078e-19Layer conv3.bias grad: 4.41036707155007e-10

Layer conv3.bias grad: 4.41036707155007e-10
Layer conv3.bias grad: 4.41036707155007e-10
Layer conv3.att_dst grad: 6.635972712169644e-19
Layer conv3.lin.weight grad: 4.4567507236775716e-13
Layer conv3.lin.weight grad: 4.4567507236775716e-13
Layer conv3.lin.weight grad: 4.4567507236775716e-13
Layer conv3.bias grad: 4.41036707155007e-10
Layer conv4.att_src grad: 1.1984136466386611e-17
Layer conv4.att_src grad: 1.1984136466386611e-17
Layer conv4.att_src grad: 1.1984136466386611e-17
Layer conv4.att_dst grad: 3.60252211453992e-18
Layer conv4.att_dst grad: 3.60252211453992e-18
Layer conv4.att_dst grad: 3.60252211453992e-18Layer conv3.lin.weight grad: 4.4567507236775716e-13

Layer conv4.bias grad: 2.112212271754288e-08
Layer conv4.bias grad: 2.112212271754288e-08
Layer conv4.bias grad: 2.112212271754288e-08
Layer conv4.att_src grad: 1.1984136466386611e-17
Layer conv4.lin.weight grad: 1.9399180178902853e-11
Layer conv4.lin.weight grad: 1.9399180178902853e-11
Layer conv4.lin.weight grad: 1.9399180178902853e-11
Layer conv4.att_dst grad: 3.60252211453992e-18
Layer fc.weight grad: 5.140987635599004e-09
Layer fc.weight grad: 5.140987635599004e-09Layer fc.weight grad: 5.140987635599004e-09

Layer conv4.bias grad: 2.112212271754288e-08
Layer fc.bias grad: 5.471385520650074e-06
Layer fc.bias grad: 5.471385520650074e-06Layer fc.bias grad: 5.471385520650074e-06

Layer conv4.lin.weight grad: 1.9399180178902853e-11
Layer fc.weight grad: 5.140987635599004e-09
Layer fc.bias grad: 5.471385520650074e-06
Softmax output at epoch 2: tensor([[0.0526, 0.0522, 0.0524, 0.0529, 0.0527, 0.0529, 0.0529, 0.0529, 0.0529,
         0.0523, 0.0524, 0.0526, 0.0522, 0.0523, 0.0526, 0.0529, 0.0525, 0.0527,
         0.0531]], device='cuda:2', grad_fn=<SliceBackward0>)
Softmax output at epoch 2: tensor([[0.0526, 0.0522, 0.0524, 0.0529, 0.0527, 0.0529, 0.0529, 0.0529, 0.0529,
         0.0523, 0.0524, 0.0526, 0.0522, 0.0523, 0.0526, 0.0529, 0.0525, 0.0527,
         0.0531]], device='cuda:0', grad_fn=<SliceBackward0>)
Softmax output at epoch 2: tensor([[0.0526, 0.0522, 0.0524, 0.0529, 0.0527, 0.0529, 0.0529, 0.0529, 0.0529,
         0.0523, 0.0524, 0.0526, 0.0522, 0.0523, 0.0526, 0.0529, 0.0525, 0.0527,
         0.0531]], device='cuda:1', grad_fn=<SliceBackward0>)
pt values at epoch 2: tensor([0.0526], device='cuda:2', grad_fn=<SliceBackward0>)
pt values at epoch 2: tensor([0.0526], device='cuda:0', grad_fn=<SliceBackward0>)
pt values at epoch 2: tensor([0.0526], device='cuda:1', grad_fn=<SliceBackward0>)
Softmax output at epoch 2: tensor([[0.0526, 0.0522, 0.0524, 0.0529, 0.0527, 0.0529, 0.0529, 0.0529, 0.0529,
         0.0523, 0.0524, 0.0526, 0.0522, 0.0523, 0.0526, 0.0529, 0.0525, 0.0527,
         0.0531]], device='cuda:3', grad_fn=<SliceBackward0>)
pt values at epoch 2: tensor([0.0526], device='cuda:3', grad_fn=<SliceBackward0>)
Layer conv1.att_src grad: 6.320211764470069e-20Layer conv1.att_src grad: 6.320211764470069e-20Layer conv1.att_src grad: 6.320211764470069e-20
Layer conv1.att_src grad: 6.320211764470069e-20


Layer conv1.att_dst grad: 1.795086942403773e-21Layer conv1.att_dst grad: 1.795086942403773e-21Layer conv1.att_dst grad: 1.795086942403773e-21

Layer conv1.att_dst grad: 1.795086942403773e-21

Layer conv1.bias grad: 6.233031533400477e-14Layer conv1.bias grad: 6.233031533400477e-14

Layer conv1.bias grad: 6.233031533400477e-14
Layer conv1.bias grad: 6.233031533400477e-14
Layer conv1.lin.weight grad: 4.367047766158996e-14
Layer conv1.lin.weight grad: 4.367047766158996e-14Layer conv1.lin.weight grad: 4.367047766158996e-14

Layer conv1.lin.weight grad: 4.367047766158996e-14
Layer conv2.att_src grad: 2.3319865327778586e-21
Layer conv2.att_src grad: 2.3319865327778586e-21Layer conv2.att_src grad: 2.3319865327778586e-21

Layer conv2.att_src grad: 2.3319865327778586e-21
Layer conv2.att_dst grad: 7.5214123499672485e-22
Layer conv2.att_dst grad: 7.5214123499672485e-22Layer conv2.att_dst grad: 7.5214123499672485e-22

Layer conv2.att_dst grad: 7.5214123499672485e-22Layer conv2.bias grad: 2.4272380980128183e-12

Layer conv2.bias grad: 2.4272380980128183e-12Layer conv2.bias grad: 2.4272380980128183e-12

Layer conv2.bias grad: 2.4272380980128183e-12
Layer conv2.lin.weight grad: 3.019607447182879e-15
Layer conv2.lin.weight grad: 3.019607447182879e-15Layer conv2.lin.weight grad: 3.019607447182879e-15

Layer conv3.att_src grad: 7.029155955746591e-20
Layer conv2.lin.weight grad: 3.019607447182879e-15
Layer conv3.att_src grad: 7.029155955746591e-20Layer conv3.att_src grad: 7.029155955746591e-20

Layer conv3.att_dst grad: 4.384943880750127e-20
Layer conv3.att_dst grad: 4.384943880750127e-20Layer conv3.att_dst grad: 4.384943880750127e-20Layer conv3.att_src grad: 7.029155955746591e-20


Layer conv3.bias grad: 1.627353390931674e-10
Layer conv3.bias grad: 1.627353390931674e-10Layer conv3.bias grad: 1.627353390931674e-10

Layer conv3.att_dst grad: 4.384943880750127e-20
Layer conv3.lin.weight grad: 1.0915335475758514e-13
Layer conv3.lin.weight grad: 1.0915335475758514e-13Layer conv3.lin.weight grad: 1.0915335475758514e-13Layer conv3.bias grad: 1.627353390931674e-10


Layer conv4.att_src grad: 1.3818128646904988e-18
Layer conv4.att_src grad: 1.3818128646904988e-18Layer conv4.att_src grad: 1.3818128646904988e-18
Layer conv4.att_dst grad: 5.505530109466659e-19
Layer conv3.lin.weight grad: 1.0915335475758514e-13

Layer conv4.att_dst grad: 5.505530109466659e-19
Layer conv4.att_dst grad: 5.505530109466659e-19Layer conv4.bias grad: 1.0866017419175478e-08

Layer conv4.att_src grad: 1.3818128646904988e-18
Layer conv4.bias grad: 1.0866017419175478e-08
Layer conv4.bias grad: 1.0866017419175478e-08
Layer conv4.lin.weight grad: 6.614242140101645e-12
Layer conv4.att_dst grad: 5.505530109466659e-19
Layer conv4.lin.weight grad: 6.614242140101645e-12
Layer conv4.lin.weight grad: 6.614242140101645e-12Layer fc.weight grad: 2.67161603950683e-09

Layer conv4.bias grad: 1.0866017419175478e-08
Layer fc.weight grad: 2.67161603950683e-09
Layer fc.bias grad: 4.049119070259621e-06
Layer fc.weight grad: 2.67161603950683e-09
Layer fc.bias grad: 4.049119070259621e-06
Layer conv4.lin.weight grad: 6.614242140101645e-12
Layer fc.bias grad: 4.049119070259621e-06
Layer fc.weight grad: 2.67161603950683e-09
Layer fc.bias grad: 4.049119070259621e-06
Softmax output at epoch 2: tensor([[0.0527, 0.0522, 0.0524, 0.0528, 0.0527, 0.0529, 0.0529, 0.0530, 0.0529,
         0.0523, 0.0524, 0.0526, 0.0522, 0.0523, 0.0525, 0.0529, 0.0525, 0.0526,
         0.0531]], device='cuda:2', grad_fn=<SliceBackward0>)Softmax output at epoch 2: tensor([[0.0527, 0.0522, 0.0524, 0.0528, 0.0527, 0.0529, 0.0529, 0.0530, 0.0529,
         0.0523, 0.0524, 0.0526, 0.0522, 0.0523, 0.0525, 0.0529, 0.0525, 0.0526,
         0.0531]], device='cuda:0', grad_fn=<SliceBackward0>)

Softmax output at epoch 2: tensor([[0.0527, 0.0522, 0.0524, 0.0528, 0.0527, 0.0529, 0.0529, 0.0530, 0.0529,
         0.0523, 0.0524, 0.0526, 0.0522, 0.0523, 0.0525, 0.0529, 0.0525, 0.0526,
         0.0531]], device='cuda:1', grad_fn=<SliceBackward0>)
pt values at epoch 2: tensor([0.0527], device='cuda:0', grad_fn=<SliceBackward0>)pt values at epoch 2: tensor([0.0527], device='cuda:2', grad_fn=<SliceBackward0>)

pt values at epoch 2: tensor([0.0527], device='cuda:1', grad_fn=<SliceBackward0>)
Softmax output at epoch 2: tensor([[0.0527, 0.0522, 0.0524, 0.0528, 0.0527, 0.0529, 0.0529, 0.0530, 0.0529,
         0.0523, 0.0524, 0.0526, 0.0522, 0.0523, 0.0525, 0.0529, 0.0525, 0.0526,
         0.0531]], device='cuda:3', grad_fn=<SliceBackward0>)
pt values at epoch 2: tensor([0.0527], device='cuda:3', grad_fn=<SliceBackward0>)
Layer conv1.att_src grad: 1.9516652297995777e-23Layer conv1.att_src grad: 1.9516652297995777e-23Layer conv1.att_src grad: 1.9516652297995777e-23
Layer conv1.att_src grad: 1.9516652297995777e-23


Layer conv1.att_dst grad: 2.8597793424681172e-24
Layer conv1.att_dst grad: 2.8597793424681172e-24
Layer conv1.att_dst grad: 2.8597793424681172e-24
Layer conv1.att_dst grad: 2.8597793424681172e-24
Layer conv1.bias grad: 7.463406351000245e-16Layer conv1.bias grad: 7.463406351000245e-16

Layer conv1.bias grad: 7.463406351000245e-16
Layer conv1.bias grad: 7.463406351000245e-16
Layer conv1.lin.weight grad: 4.333522731502263e-16Layer conv1.lin.weight grad: 4.333522731502263e-16

Layer conv1.lin.weight grad: 4.333522731502263e-16
Layer conv1.lin.weight grad: 4.333522731502263e-16
Layer conv2.att_src grad: 2.229740247029511e-25
Layer conv2.att_src grad: 2.229740247029511e-25
Layer conv2.att_src grad: 2.229740247029511e-25
Layer conv2.att_dst grad: 5.444904706002831e-26Layer conv2.att_src grad: 2.229740247029511e-25

Layer conv2.att_dst grad: 5.444904706002831e-26
Layer conv2.bias grad: 1.4579909003199776e-13Layer conv2.att_dst grad: 5.444904706002831e-26

Layer conv2.bias grad: 1.4579909003199776e-13Layer conv2.att_dst grad: 5.444904706002831e-26

Layer conv2.lin.weight grad: 3.494949922855359e-17Layer conv2.bias grad: 1.4579909003199776e-13

Layer conv2.bias grad: 1.4579909003199776e-13
Layer conv2.lin.weight grad: 3.494949922855359e-17
Layer conv3.att_src grad: 2.6105912775998263e-23
Layer conv3.att_src grad: 2.6105912775998263e-23Layer conv2.lin.weight grad: 3.494949922855359e-17

Layer conv2.lin.weight grad: 3.494949922855359e-17
Layer conv3.att_dst grad: 5.899619341996551e-24
Layer conv3.att_dst grad: 5.899619341996551e-24
Layer conv3.att_src grad: 2.6105912775998263e-23
Layer conv3.bias grad: 3.545402860183344e-11Layer conv3.att_src grad: 2.6105912775998263e-23

Layer conv3.bias grad: 3.545402860183344e-11
Layer conv3.att_dst grad: 5.899619341996551e-24
Layer conv3.lin.weight grad: 4.6049255344505786e-15Layer conv3.att_dst grad: 5.899619341996551e-24

Layer conv3.lin.weight grad: 4.6049255344505786e-15
Layer conv3.bias grad: 3.545402860183344e-11
Layer conv4.att_src grad: 2.9585562577927786e-21
Layer conv3.bias grad: 3.545402860183344e-11
Layer conv4.att_src grad: 2.9585562577927786e-21
Layer conv4.att_dst grad: 1.1602192589465929e-21
Layer conv3.lin.weight grad: 4.6049255344505786e-15
Layer conv3.lin.weight grad: 4.6049255344505786e-15
Layer conv4.att_dst grad: 1.1602192589465929e-21Layer conv4.bias grad: 1.207914834822077e-08

Layer conv4.att_src grad: 2.9585562577927786e-21
Layer conv4.att_src grad: 2.9585562577927786e-21
Layer conv4.bias grad: 1.207914834822077e-08Layer conv4.lin.weight grad: 1.3672751082369206e-12

Layer conv4.att_dst grad: 1.1602192589465929e-21
Layer conv4.att_dst grad: 1.1602192589465929e-21
Layer fc.weight grad: 3.462774289531012e-09Layer conv4.lin.weight grad: 1.3672751082369206e-12

Layer conv4.bias grad: 1.207914834822077e-08
Layer conv4.bias grad: 1.207914834822077e-08
Layer fc.bias grad: 1.8395747247268446e-05
Layer fc.weight grad: 3.462774289531012e-09
Layer conv4.lin.weight grad: 1.3672751082369206e-12
Layer conv4.lin.weight grad: 1.3672751082369206e-12
Layer fc.bias grad: 1.8395747247268446e-05
Layer fc.weight grad: 3.462774289531012e-09
Layer fc.weight grad: 3.462774289531012e-09
Layer fc.bias grad: 1.8395747247268446e-05
Layer fc.bias grad: 1.8395747247268446e-05
Softmax output at epoch 3: tensor([[0.0528, 0.0523, 0.0524, 0.0529, 0.0527, 0.0530, 0.0530, 0.0530, 0.0527,
         0.0523, 0.0523, 0.0525, 0.0523, 0.0523, 0.0524, 0.0528, 0.0526, 0.0527,
         0.0531]], device='cuda:2', grad_fn=<SliceBackward0>)Softmax output at epoch 3: tensor([[0.0528, 0.0523, 0.0524, 0.0529, 0.0527, 0.0530, 0.0530, 0.0530, 0.0527,
         0.0523, 0.0523, 0.0525, 0.0523, 0.0523, 0.0524, 0.0528, 0.0526, 0.0527,
         0.0531]], device='cuda:1', grad_fn=<SliceBackward0>)

pt values at epoch 3: tensor([0.0528], device='cuda:2', grad_fn=<SliceBackward0>)pt values at epoch 3: tensor([0.0528], device='cuda:1', grad_fn=<SliceBackward0>)

Softmax output at epoch 3: tensor([[0.0528, 0.0523, 0.0524, 0.0529, 0.0527, 0.0530, 0.0530, 0.0530, 0.0527,
         0.0523, 0.0523, 0.0525, 0.0523, 0.0523, 0.0524, 0.0528, 0.0526, 0.0527,
         0.0531]], device='cuda:3', grad_fn=<SliceBackward0>)
pt values at epoch 3: tensor([0.0528], device='cuda:3', grad_fn=<SliceBackward0>)
Precision: 0.0000, Recall: 0.0003, F1-Score: 0.0000
Fold 5, Epoch 2, Train Loss: 0.0011, Val Loss: 0.0011, Val Acc: 0.0003
Softmax output at epoch 3: tensor([[0.0528, 0.0523, 0.0524, 0.0529, 0.0527, 0.0530, 0.0530, 0.0530, 0.0527,
         0.0523, 0.0523, 0.0525, 0.0523, 0.0523, 0.0524, 0.0528, 0.0526, 0.0527,
         0.0531]], device='cuda:0', grad_fn=<SliceBackward0>)
pt values at epoch 3: tensor([0.0528], device='cuda:0', grad_fn=<SliceBackward0>)
Layer conv1.att_src grad: 2.2170867836089815e-21Layer conv1.att_src grad: 2.2170867836089815e-21Layer conv1.att_src grad: 2.2170867836089815e-21Layer conv1.att_src grad: 2.2170867836089815e-21



Layer conv1.att_dst grad: 1.968462918370992e-22
Layer conv1.att_dst grad: 1.968462918370992e-22Layer conv1.att_dst grad: 1.968462918370992e-22

Layer conv1.att_dst grad: 1.968462918370992e-22
Layer conv1.bias grad: 8.810421671195078e-15
Layer conv1.bias grad: 8.810421671195078e-15Layer conv1.bias grad: 8.810421671195078e-15
Layer conv1.bias grad: 8.810421671195078e-15

Layer conv1.lin.weight grad: 5.0856535779505996e-15
Layer conv1.lin.weight grad: 5.0856535779505996e-15Layer conv2.att_src grad: 2.735019885902147e-23Layer conv1.lin.weight grad: 5.0856535779505996e-15
Layer conv1.lin.weight grad: 5.0856535779505996e-15


Layer conv2.att_dst grad: 7.013053122366222e-24
Layer conv2.att_src grad: 2.735019885902147e-23Layer conv2.att_src grad: 2.735019885902147e-23Layer conv2.att_src grad: 2.735019885902147e-23


Layer conv2.bias grad: 6.015266409975517e-13
Layer conv2.att_dst grad: 7.013053122366222e-24Layer conv2.att_dst grad: 7.013053122366222e-24Layer conv2.att_dst grad: 7.013053122366222e-24


Layer conv2.lin.weight grad: 3.36374703395473e-16
Layer conv2.bias grad: 6.015266409975517e-13Layer conv2.bias grad: 6.015266409975517e-13
Layer conv2.bias grad: 6.015266409975517e-13

Layer conv3.att_src grad: 2.1265904780975527e-21
Layer conv2.lin.weight grad: 3.36374703395473e-16
Layer conv2.lin.weight grad: 3.36374703395473e-16Layer conv2.lin.weight grad: 3.36374703395473e-16

Layer conv3.att_dst grad: 2.9415123688882886e-22
Layer conv3.att_src grad: 2.1265904780975527e-21
Layer conv3.bias grad: 7.158031806175913e-11Layer conv3.att_src grad: 2.1265904780975527e-21Layer conv3.att_src grad: 2.1265904780975527e-21


Layer conv3.att_dst grad: 2.9415123688882886e-22
Layer conv3.att_dst grad: 2.9415123688882886e-22Layer conv3.att_dst grad: 2.9415123688882886e-22

Layer conv3.lin.weight grad: 2.86125764466065e-14
Layer conv3.bias grad: 7.158031806175913e-11
Layer conv3.bias grad: 7.158031806175913e-11Layer conv3.bias grad: 7.158031806175913e-11

Layer conv4.att_src grad: 1.5833578507820934e-19
Layer conv3.lin.weight grad: 2.86125764466065e-14
Layer conv4.att_dst grad: 7.620660533321044e-20
Layer conv3.lin.weight grad: 2.86125764466065e-14Layer conv3.lin.weight grad: 2.86125764466065e-14

Layer conv4.att_src grad: 1.5833578507820934e-19
Layer conv4.bias grad: 8.02422128742819e-09
Layer conv4.att_src grad: 1.5833578507820934e-19Layer conv4.att_src grad: 1.5833578507820934e-19

Layer conv4.att_dst grad: 7.620660533321044e-20
Layer conv4.lin.weight grad: 3.4707028917502214e-12
Layer conv4.att_dst grad: 7.620660533321044e-20Layer conv4.att_dst grad: 7.620660533321044e-20

Layer conv4.bias grad: 8.02422128742819e-09
Layer fc.weight grad: 2.06118255796639e-09
Layer conv4.bias grad: 8.02422128742819e-09Layer conv4.bias grad: 8.02422128742819e-09

Layer conv4.lin.weight grad: 3.4707028917502214e-12
Layer fc.bias grad: 5.260312263999367e-06
Layer conv4.lin.weight grad: 3.4707028917502214e-12Layer conv4.lin.weight grad: 3.4707028917502214e-12

Layer fc.weight grad: 2.06118255796639e-09
Layer fc.weight grad: 2.06118255796639e-09Layer fc.weight grad: 2.06118255796639e-09Layer fc.bias grad: 5.260312263999367e-06


Layer fc.bias grad: 5.260312263999367e-06Layer fc.bias grad: 5.260312263999367e-06

Softmax output at epoch 3: tensor([[0.0528, 0.0523, 0.0524, 0.0530, 0.0527, 0.0531, 0.0531, 0.0530, 0.0526,
         0.0522, 0.0523, 0.0524, 0.0523, 0.0523, 0.0524, 0.0527, 0.0526, 0.0527,
         0.0531]], device='cuda:0', grad_fn=<SliceBackward0>)
Softmax output at epoch 3: tensor([[0.0528, 0.0523, 0.0524, 0.0530, 0.0527, 0.0531, 0.0531, 0.0530, 0.0526,
         0.0522, 0.0523, 0.0524, 0.0523, 0.0523, 0.0524, 0.0527, 0.0526, 0.0527,
         0.0531]], device='cuda:3', grad_fn=<SliceBackward0>)
Softmax output at epoch 3: tensor([[0.0528, 0.0523, 0.0524, 0.0530, 0.0527, 0.0531, 0.0531, 0.0530, 0.0526,
         0.0522, 0.0523, 0.0524, 0.0523, 0.0523, 0.0524, 0.0527, 0.0526, 0.0527,
         0.0531]], device='cuda:2', grad_fn=<SliceBackward0>)
Softmax output at epoch 3: tensor([[0.0528, 0.0523, 0.0524, 0.0530, 0.0527, 0.0531, 0.0531, 0.0530, 0.0526,
         0.0522, 0.0523, 0.0524, 0.0523, 0.0523, 0.0524, 0.0527, 0.0526, 0.0527,
         0.0531]], device='cuda:1', grad_fn=<SliceBackward0>)
pt values at epoch 3: tensor([0.0528], device='cuda:0', grad_fn=<SliceBackward0>)
pt values at epoch 3: tensor([0.0528], device='cuda:3', grad_fn=<SliceBackward0>)
pt values at epoch 3: tensor([0.0528], device='cuda:2', grad_fn=<SliceBackward0>)
pt values at epoch 3: tensor([0.0528], device='cuda:1', grad_fn=<SliceBackward0>)
Layer conv1.att_src grad: 8.744684602211529e-20Layer conv1.att_src grad: 8.744684602211529e-20Layer conv1.att_src grad: 8.744684602211529e-20
Layer conv1.att_src grad: 8.744684602211529e-20


Layer conv1.att_dst grad: 3.721842620632662e-21
Layer conv1.att_dst grad: 3.721842620632662e-21Layer conv1.att_dst grad: 3.721842620632662e-21Layer conv1.att_dst grad: 3.721842620632662e-21


Layer conv1.bias grad: 1.321068905310585e-13
Layer conv1.bias grad: 1.321068905310585e-13Layer conv1.bias grad: 1.321068905310585e-13Layer conv1.bias grad: 1.321068905310585e-13


Layer conv1.lin.weight grad: 7.920964909370956e-14
Layer conv1.lin.weight grad: 7.920964909370956e-14Layer conv1.lin.weight grad: 7.920964909370956e-14Layer conv1.lin.weight grad: 7.920964909370956e-14


Layer conv2.att_src grad: 2.506844759453326e-21
Layer conv2.att_src grad: 2.506844759453326e-21Layer conv2.att_src grad: 2.506844759453326e-21
Layer conv2.att_src grad: 2.506844759453326e-21
Layer conv2.att_dst grad: 4.9903219695246165e-22

Layer conv2.att_dst grad: 4.9903219695246165e-22
Layer conv2.att_dst grad: 4.9903219695246165e-22
Layer conv2.att_dst grad: 4.9903219695246165e-22Layer conv2.bias grad: 5.0076696261891485e-12

Layer conv2.bias grad: 5.0076696261891485e-12
Layer conv2.bias grad: 5.0076696261891485e-12
Layer conv2.bias grad: 5.0076696261891485e-12
Layer conv2.lin.weight grad: 4.84752042922542e-15
Layer conv2.lin.weight grad: 4.84752042922542e-15Layer conv2.lin.weight grad: 4.84752042922542e-15

Layer conv2.lin.weight grad: 4.84752042922542e-15
Layer conv3.att_src grad: 9.935045325054499e-20
Layer conv3.att_src grad: 9.935045325054499e-20Layer conv3.att_src grad: 9.935045325054499e-20
Layer conv3.att_src grad: 9.935045325054499e-20
Layer conv3.att_dst grad: 2.5547696169724737e-20

Layer conv3.att_dst grad: 2.5547696169724737e-20
Layer conv3.att_dst grad: 2.5547696169724737e-20
Layer conv3.att_dst grad: 2.5547696169724737e-20Layer conv3.bias grad: 3.1955518786652704e-10

Layer conv3.bias grad: 3.1955518786652704e-10
Layer conv3.bias grad: 3.1955518786652704e-10
Layer conv3.bias grad: 3.1955518786652704e-10
Layer conv3.lin.weight grad: 2.293856294147134e-13
Layer conv3.lin.weight grad: 2.293856294147134e-13
Layer conv3.lin.weight grad: 2.293856294147134e-13
Layer conv3.lin.weight grad: 2.293856294147134e-13
Layer conv4.att_src grad: 3.416583079776269e-18
Layer conv4.att_src grad: 3.416583079776269e-18
Layer conv4.att_src grad: 3.416583079776269e-18
Layer conv4.att_src grad: 3.416583079776269e-18
Layer conv4.att_dst grad: 1.3833991903102224e-18
Layer conv4.att_dst grad: 1.3833991903102224e-18
Layer conv4.att_dst grad: 1.3833991903102224e-18
Layer conv4.att_dst grad: 1.3833991903102224e-18
Layer conv4.bias grad: 1.7855409595313176e-08
Layer conv4.bias grad: 1.7855409595313176e-08
Layer conv4.bias grad: 1.7855409595313176e-08
Layer conv4.bias grad: 1.7855409595313176e-08
Layer conv4.lin.weight grad: 1.4009938174852632e-11
Layer conv4.lin.weight grad: 1.4009938174852632e-11
Layer conv4.lin.weight grad: 1.4009938174852632e-11
Layer conv4.lin.weight grad: 1.4009938174852632e-11
Layer fc.weight grad: 4.2789913834440085e-09
Layer fc.weight grad: 4.2789913834440085e-09
Layer fc.weight grad: 4.2789913834440085e-09
Layer fc.weight grad: 4.2789913834440085e-09
Layer fc.bias grad: 5.4513084251084365e-06
Layer fc.bias grad: 5.4513084251084365e-06
Layer fc.bias grad: 5.4513084251084365e-06
Layer fc.bias grad: 5.4513084251084365e-06
Softmax output at epoch 3: tensor([[0.0528, 0.0524, 0.0524, 0.0530, 0.0526, 0.0532, 0.0531, 0.0530, 0.0526,
         0.0523, 0.0523, 0.0523, 0.0523, 0.0524, 0.0523, 0.0527, 0.0526, 0.0528,
         0.0531]], device='cuda:3', grad_fn=<SliceBackward0>)
Softmax output at epoch 3: tensor([[0.0528, 0.0524, 0.0524, 0.0530, 0.0526, 0.0532, 0.0531, 0.0530, 0.0526,
         0.0523, 0.0523, 0.0523, 0.0523, 0.0524, 0.0523, 0.0527, 0.0526, 0.0528,
         0.0531]], device='cuda:2', grad_fn=<SliceBackward0>)
Softmax output at epoch 3: tensor([[0.0528, 0.0524, 0.0524, 0.0530, 0.0526, 0.0532, 0.0531, 0.0530, 0.0526,
         0.0523, 0.0523, 0.0523, 0.0523, 0.0524, 0.0523, 0.0527, 0.0526, 0.0528,
         0.0531]], device='cuda:0', grad_fn=<SliceBackward0>)
Softmax output at epoch 3: tensor([[0.0528, 0.0524, 0.0524, 0.0530, 0.0526, 0.0532, 0.0531, 0.0530, 0.0526,
         0.0523, 0.0523, 0.0523, 0.0523, 0.0524, 0.0523, 0.0527, 0.0526, 0.0528,
         0.0531]], device='cuda:1', grad_fn=<SliceBackward0>)
pt values at epoch 3: tensor([0.0528], device='cuda:3', grad_fn=<SliceBackward0>)
pt values at epoch 3: tensor([0.0528], device='cuda:2', grad_fn=<SliceBackward0>)
pt values at epoch 3: tensor([0.0528], device='cuda:0', grad_fn=<SliceBackward0>)
pt values at epoch 3: tensor([0.0528], device='cuda:1', grad_fn=<SliceBackward0>)
Layer conv1.att_src grad: 2.2580231604865353e-19Layer conv1.att_src grad: 2.2580231604865353e-19Layer conv1.att_src grad: 2.2580231604865353e-19

Layer conv1.att_src grad: 2.2580231604865353e-19

Layer conv1.att_dst grad: 2.3076557905414356e-21Layer conv1.att_dst grad: 2.3076557905414356e-21

Layer conv1.att_dst grad: 2.3076557905414356e-21Layer conv1.att_dst grad: 2.3076557905414356e-21

Layer conv1.bias grad: 1.3885907126833658e-13Layer conv1.bias grad: 1.3885907126833658e-13

Layer conv1.bias grad: 1.3885907126833658e-13Layer conv1.bias grad: 1.3885907126833658e-13

Layer conv1.lin.weight grad: 7.61559733461134e-14Layer conv1.lin.weight grad: 7.61559733461134e-14

Layer conv1.lin.weight grad: 7.61559733461134e-14Layer conv1.lin.weight grad: 7.61559733461134e-14

Layer conv2.att_src grad: 3.236802367514571e-21Layer conv2.att_src grad: 3.236802367514571e-21

Layer conv2.att_src grad: 3.236802367514571e-21Layer conv2.att_src grad: 3.236802367514571e-21

Layer conv2.att_dst grad: 9.61557274362939e-22Layer conv2.att_dst grad: 9.61557274362939e-22

Layer conv2.att_dst grad: 9.61557274362939e-22Layer conv2.att_dst grad: 9.61557274362939e-22

Layer conv2.bias grad: 4.713918057980271e-12Layer conv2.bias grad: 4.713918057980271e-12

Layer conv2.bias grad: 4.713918057980271e-12Layer conv2.bias grad: 4.713918057980271e-12

Layer conv2.lin.weight grad: 5.1144120405757776e-15Layer conv2.lin.weight grad: 5.1144120405757776e-15

Layer conv2.lin.weight grad: 5.1144120405757776e-15Layer conv2.lin.weight grad: 5.1144120405757776e-15

Layer conv3.att_src grad: 1.1825754023151975e-19Layer conv3.att_src grad: 1.1825754023151975e-19

Layer conv3.att_src grad: 1.1825754023151975e-19Layer conv3.att_src grad: 1.1825754023151975e-19

Layer conv3.att_dst grad: 3.5874422500815605e-20Layer conv3.att_dst grad: 3.5874422500815605e-20

Layer conv3.att_dst grad: 3.5874422500815605e-20Layer conv3.att_dst grad: 3.5874422500815605e-20

Layer conv3.bias grad: 2.818045241603784e-10Layer conv3.bias grad: 2.818045241603784e-10

Layer conv3.bias grad: 2.818045241603784e-10Layer conv3.bias grad: 2.818045241603784e-10

Layer conv3.lin.weight grad: 2.1036132362949045e-13Layer conv3.lin.weight grad: 2.1036132362949045e-13

Layer conv3.lin.weight grad: 2.1036132362949045e-13Layer conv3.lin.weight grad: 2.1036132362949045e-13

Layer conv4.att_src grad: 4.1134000277909395e-18Layer conv4.att_src grad: 4.1134000277909395e-18

Layer conv4.att_src grad: 4.1134000277909395e-18Layer conv4.att_src grad: 4.1134000277909395e-18

Layer conv4.att_dst grad: 8.878917404065103e-19Layer conv4.att_dst grad: 8.878917404065103e-19

Layer conv4.att_dst grad: 8.878917404065103e-19Layer conv4.att_dst grad: 8.878917404065103e-19

Layer conv4.bias grad: 1.6923896950515882e-08Layer conv4.bias grad: 1.6923896950515882e-08

Layer conv4.bias grad: 1.6923896950515882e-08Layer conv4.bias grad: 1.6923896950515882e-08

Layer conv4.lin.weight grad: 1.3895135042574225e-11Layer conv4.lin.weight grad: 1.3895135042574225e-11

Layer conv4.lin.weight grad: 1.3895135042574225e-11Layer conv4.lin.weight grad: 1.3895135042574225e-11

Layer fc.weight grad: 3.830593620079981e-09Layer fc.weight grad: 3.830593620079981e-09

Layer fc.weight grad: 3.830593620079981e-09Layer fc.weight grad: 3.830593620079981e-09

Layer fc.bias grad: 4.43911903857952e-06Layer fc.bias grad: 4.43911903857952e-06

Layer fc.bias grad: 4.43911903857952e-06Layer fc.bias grad: 4.43911903857952e-06

Softmax output at epoch 3: tensor([[0.0527, 0.0525, 0.0524, 0.0530, 0.0526, 0.0532, 0.0531, 0.0529, 0.0525,
         0.0523, 0.0523, 0.0523, 0.0524, 0.0524, 0.0522, 0.0526, 0.0527, 0.0528,
         0.0531]], device='cuda:3', grad_fn=<SliceBackward0>)
Softmax output at epoch 3: tensor([[0.0527, 0.0525, 0.0524, 0.0530, 0.0526, 0.0532, 0.0531, 0.0529, 0.0525,
         0.0523, 0.0523, 0.0523, 0.0524, 0.0524, 0.0522, 0.0526, 0.0527, 0.0528,
         0.0531]], device='cuda:0', grad_fn=<SliceBackward0>)
Softmax output at epoch 3: tensor([[0.0527, 0.0525, 0.0524, 0.0530, 0.0526, 0.0532, 0.0531, 0.0529, 0.0525,
         0.0523, 0.0523, 0.0523, 0.0524, 0.0524, 0.0522, 0.0526, 0.0527, 0.0528,
         0.0531]], device='cuda:2', grad_fn=<SliceBackward0>)
Softmax output at epoch 3: tensor([[0.0527, 0.0525, 0.0524, 0.0530, 0.0526, 0.0532, 0.0531, 0.0529, 0.0525,
         0.0523, 0.0523, 0.0523, 0.0524, 0.0524, 0.0522, 0.0526, 0.0527, 0.0528,
         0.0531]], device='cuda:1', grad_fn=<SliceBackward0>)
pt values at epoch 3: tensor([0.0527], device='cuda:3', grad_fn=<SliceBackward0>)pt values at epoch 3: tensor([0.0527], device='cuda:0', grad_fn=<SliceBackward0>)

pt values at epoch 3: tensor([0.0527], device='cuda:2', grad_fn=<SliceBackward0>)
pt values at epoch 3: tensor([0.0527], device='cuda:1', grad_fn=<SliceBackward0>)
Layer conv1.att_src grad: 3.29544264708894e-20Layer conv1.att_src grad: 3.29544264708894e-20Layer conv1.att_src grad: 3.29544264708894e-20
Layer conv1.att_src grad: 3.29544264708894e-20


Layer conv1.att_dst grad: 6.93146859112285e-22Layer conv1.att_dst grad: 6.93146859112285e-22Layer conv1.att_dst grad: 6.93146859112285e-22
Layer conv1.att_dst grad: 6.93146859112285e-22


Layer conv1.bias grad: 3.670033163006084e-14
Layer conv1.bias grad: 3.670033163006084e-14Layer conv1.bias grad: 3.670033163006084e-14
Layer conv1.bias grad: 3.670033163006084e-14

Layer conv1.lin.weight grad: 2.441826241531518e-14
Layer conv1.lin.weight grad: 2.441826241531518e-14
Layer conv1.lin.weight grad: 2.441826241531518e-14Layer conv1.lin.weight grad: 2.441826241531518e-14

Layer conv2.att_src grad: 3.680832556825931e-22
Layer conv2.att_src grad: 3.680832556825931e-22
Layer conv2.att_src grad: 3.680832556825931e-22Layer conv2.att_src grad: 3.680832556825931e-22

Layer conv2.att_dst grad: 1.109920099234508e-22
Layer conv2.att_dst grad: 1.109920099234508e-22
Layer conv2.att_dst grad: 1.109920099234508e-22Layer conv2.att_dst grad: 1.109920099234508e-22

Layer conv2.bias grad: 1.8146477159461383e-12
Layer conv2.bias grad: 1.8146477159461383e-12
Layer conv2.bias grad: 1.8146477159461383e-12Layer conv2.bias grad: 1.8146477159461383e-12

Layer conv2.lin.weight grad: 1.5088597053717246e-15
Layer conv2.lin.weight grad: 1.5088597053717246e-15
Layer conv2.lin.weight grad: 1.5088597053717246e-15Layer conv2.lin.weight grad: 1.5088597053717246e-15

Layer conv3.att_src grad: 1.5906343906096605e-20
Layer conv3.att_src grad: 1.5906343906096605e-20
Layer conv3.att_src grad: 1.5906343906096605e-20Layer conv3.att_src grad: 1.5906343906096605e-20

Layer conv3.att_dst grad: 4.6362289916021625e-21
Layer conv3.att_dst grad: 4.6362289916021625e-21
Layer conv3.att_dst grad: 4.6362289916021625e-21Layer conv3.att_dst grad: 4.6362289916021625e-21

Layer conv3.bias grad: 1.562745766126028e-10
Layer conv3.bias grad: 1.562745766126028e-10
Layer conv3.bias grad: 1.562745766126028e-10Layer conv3.bias grad: 1.562745766126028e-10

Layer conv3.lin.weight grad: 8.059895253379606e-14
Layer conv3.lin.weight grad: 8.059895253379606e-14
Layer conv3.lin.weight grad: 8.059895253379606e-14Layer conv3.lin.weight grad: 8.059895253379606e-14

Layer conv4.att_src grad: 7.686330789892541e-19
Layer conv4.att_src grad: 7.686330789892541e-19
Layer conv4.att_src grad: 7.686330789892541e-19Layer conv4.att_src grad: 7.686330789892541e-19

Layer conv4.att_dst grad: 1.2354611947787753e-19
Layer conv4.att_dst grad: 1.2354611947787753e-19
Layer conv4.att_dst grad: 1.2354611947787753e-19Layer conv4.att_dst grad: 1.2354611947787753e-19

Layer conv4.bias grad: 1.2304653296268953e-08Layer conv4.bias grad: 1.2304653296268953e-08

Layer conv4.bias grad: 1.2304653296268953e-08Layer conv4.bias grad: 1.2304653296268953e-08

Layer conv4.lin.weight grad: 6.9501817495654095e-12Layer conv4.lin.weight grad: 6.9501817495654095e-12

Layer conv4.lin.weight grad: 6.9501817495654095e-12Layer conv4.lin.weight grad: 6.9501817495654095e-12

Layer fc.weight grad: 2.6590394330838762e-09
Layer fc.weight grad: 2.6590394330838762e-09
Layer fc.weight grad: 2.6590394330838762e-09Layer fc.weight grad: 2.6590394330838762e-09

Layer fc.bias grad: 4.136045390623622e-06
Layer fc.bias grad: 4.136045390623622e-06
Layer fc.bias grad: 4.136045390623622e-06Layer fc.bias grad: 4.136045390623622e-06

Softmax output at epoch 3: tensor([[0.0527, 0.0526, 0.0523, 0.0530, 0.0526, 0.0532, 0.0531, 0.0529, 0.0524,
         0.0524, 0.0523, 0.0522, 0.0525, 0.0524, 0.0522, 0.0526, 0.0527, 0.0529,
         0.0530]], device='cuda:0', grad_fn=<SliceBackward0>)
Softmax output at epoch 3: tensor([[0.0527, 0.0526, 0.0523, 0.0530, 0.0526, 0.0532, 0.0531, 0.0529, 0.0524,
         0.0524, 0.0523, 0.0522, 0.0525, 0.0524, 0.0522, 0.0526, 0.0527, 0.0529,
         0.0530]], device='cuda:3', grad_fn=<SliceBackward0>)
Softmax output at epoch 3: tensor([[0.0527, 0.0526, 0.0523, 0.0530, 0.0526, 0.0532, 0.0531, 0.0529, 0.0524,
         0.0524, 0.0523, 0.0522, 0.0525, 0.0524, 0.0522, 0.0526, 0.0527, 0.0529,
         0.0530]], device='cuda:2', grad_fn=<SliceBackward0>)
Softmax output at epoch 3: tensor([[0.0527, 0.0526, 0.0523, 0.0530, 0.0526, 0.0532, 0.0531, 0.0529, 0.0524,
         0.0524, 0.0523, 0.0522, 0.0525, 0.0524, 0.0522, 0.0526, 0.0527, 0.0529,
         0.0530]], device='cuda:1', grad_fn=<SliceBackward0>)
pt values at epoch 3: tensor([0.0527], device='cuda:0', grad_fn=<SliceBackward0>)
pt values at epoch 3: tensor([0.0527], device='cuda:3', grad_fn=<SliceBackward0>)
pt values at epoch 3: tensor([0.0527], device='cuda:2', grad_fn=<SliceBackward0>)
pt values at epoch 3: tensor([0.0527], device='cuda:1', grad_fn=<SliceBackward0>)
Layer conv1.att_src grad: 1.2772357775151112e-23Layer conv1.att_src grad: 1.2772357775151112e-23Layer conv1.att_src grad: 1.2772357775151112e-23Layer conv1.att_src grad: 1.2772357775151112e-23



Layer conv1.att_dst grad: 3.0222643757753362e-24Layer conv1.att_dst grad: 3.0222643757753362e-24Layer conv1.att_dst grad: 3.0222643757753362e-24Layer conv1.att_dst grad: 3.0222643757753362e-24



Layer conv1.bias grad: 3.200672809877984e-16Layer conv1.bias grad: 3.200672809877984e-16
Layer conv1.bias grad: 3.200672809877984e-16Layer conv1.bias grad: 3.200672809877984e-16


Layer conv1.lin.weight grad: 1.5983028641210916e-16
Layer conv1.lin.weight grad: 1.5983028641210916e-16Layer conv1.lin.weight grad: 1.5983028641210916e-16Layer conv1.lin.weight grad: 1.5983028641210916e-16


Layer conv2.att_src grad: 1.347955717997023e-25
Layer conv2.att_src grad: 1.347955717997023e-25Layer conv2.att_src grad: 1.347955717997023e-25Layer conv2.att_src grad: 1.347955717997023e-25


Layer conv2.att_dst grad: 4.759013260072494e-26
Layer conv2.att_dst grad: 4.759013260072494e-26Layer conv2.att_dst grad: 4.759013260072494e-26Layer conv2.att_dst grad: 4.759013260072494e-26


Layer conv2.bias grad: 4.363080263834057e-14
Layer conv2.bias grad: 4.363080263834057e-14Layer conv2.bias grad: 4.363080263834057e-14Layer conv2.bias grad: 4.363080263834057e-14


Layer conv2.lin.weight grad: 1.1964993852650909e-17
Layer conv2.lin.weight grad: 1.1964993852650909e-17Layer conv2.lin.weight grad: 1.1964993852650909e-17
Layer conv2.lin.weight grad: 1.1964993852650909e-17

Layer conv3.att_src grad: 9.258563832878652e-24
Layer conv3.att_src grad: 9.258563832878652e-24
Layer conv3.att_src grad: 9.258563832878652e-24Layer conv3.att_src grad: 9.258563832878652e-24
Layer conv3.att_dst grad: 1.6846698527303255e-24

Layer conv3.att_dst grad: 1.6846698527303255e-24
Layer conv3.att_dst grad: 1.6846698527303255e-24
Layer conv3.att_dst grad: 1.6846698527303255e-24Layer conv3.bias grad: 1.0906529152032718e-11

Layer conv3.bias grad: 1.0906529152032718e-11
Layer conv3.bias grad: 1.0906529152032718e-11
Layer conv3.bias grad: 1.0906529152032718e-11
Layer conv3.lin.weight grad: 1.4026793608730697e-15
Layer conv3.lin.weight grad: 1.4026793608730697e-15
Layer conv3.lin.weight grad: 1.4026793608730697e-15
Layer conv3.lin.weight grad: 1.4026793608730697e-15Layer conv4.att_src grad: 2.1334114869768474e-21

Layer conv4.att_src grad: 2.1334114869768474e-21
Layer conv4.att_src grad: 2.1334114869768474e-21
Layer conv4.att_dst grad: 1.0472646766869226e-21
Layer conv4.att_src grad: 2.1334114869768474e-21
Layer conv4.att_dst grad: 1.0472646766869226e-21
Layer conv4.att_dst grad: 1.0472646766869226e-21
Layer conv4.bias grad: 2.8641666816042743e-09
Layer conv4.att_dst grad: 1.0472646766869226e-21
Layer conv4.bias grad: 2.8641666816042743e-09
Layer conv4.bias grad: 2.8641666816042743e-09
Layer conv4.bias grad: 2.8641666816042743e-09Layer conv4.lin.weight grad: 4.1212606244345196e-13

Layer conv4.lin.weight grad: 4.1212606244345196e-13Layer conv4.lin.weight grad: 4.1212606244345196e-13

Layer fc.weight grad: 6.524548123998386e-10Layer conv4.lin.weight grad: 4.1212606244345196e-13

Layer fc.weight grad: 6.524548123998386e-10Layer fc.weight grad: 6.524548123998386e-10

Layer fc.bias grad: 2.792852683342062e-06
Layer fc.weight grad: 6.524548123998386e-10
Layer fc.bias grad: 2.792852683342062e-06Layer fc.bias grad: 2.792852683342062e-06

Layer fc.bias grad: 2.792852683342062e-06
Softmax output at epoch 3: tensor([[0.0526, 0.0526, 0.0523, 0.0531, 0.0526, 0.0532, 0.0531, 0.0529, 0.0523,
         0.0524, 0.0523, 0.0522, 0.0525, 0.0525, 0.0522, 0.0525, 0.0528, 0.0529,
         0.0530]], device='cuda:3', grad_fn=<SliceBackward0>)Softmax output at epoch 3: tensor([[0.0526, 0.0526, 0.0523, 0.0531, 0.0526, 0.0532, 0.0531, 0.0529, 0.0523,
         0.0524, 0.0523, 0.0522, 0.0525, 0.0525, 0.0522, 0.0525, 0.0528, 0.0529,
         0.0530]], device='cuda:0', grad_fn=<SliceBackward0>)
Softmax output at epoch 3: tensor([[0.0526, 0.0526, 0.0523, 0.0531, 0.0526, 0.0532, 0.0531, 0.0529, 0.0523,
         0.0524, 0.0523, 0.0522, 0.0525, 0.0525, 0.0522, 0.0525, 0.0528, 0.0529,
         0.0530]], device='cuda:2', grad_fn=<SliceBackward0>)

Softmax output at epoch 3: tensor([[0.0526, 0.0526, 0.0523, 0.0531, 0.0526, 0.0532, 0.0531, 0.0529, 0.0523,
         0.0524, 0.0523, 0.0522, 0.0525, 0.0525, 0.0522, 0.0525, 0.0528, 0.0529,
         0.0530]], device='cuda:1', grad_fn=<SliceBackward0>)
pt values at epoch 3: tensor([0.0526], device='cuda:3', grad_fn=<SliceBackward0>)
pt values at epoch 3: tensor([0.0526], device='cuda:0', grad_fn=<SliceBackward0>)
pt values at epoch 3: tensor([0.0526], device='cuda:2', grad_fn=<SliceBackward0>)
pt values at epoch 3: tensor([0.0526], device='cuda:1', grad_fn=<SliceBackward0>)
Layer conv1.att_src grad: 1.0295189540122755e-22Layer conv1.att_src grad: 1.0295189540122755e-22Layer conv1.att_src grad: 1.0295189540122755e-22


Layer conv1.att_dst grad: 5.88334482597748e-23
Layer conv1.att_dst grad: 5.88334482597748e-23
Layer conv1.att_dst grad: 5.88334482597748e-23
Layer conv1.bias grad: 4.98553767171693e-15
Layer conv1.bias grad: 4.98553767171693e-15
Layer conv1.lin.weight grad: 3.039234259361945e-15
Layer conv1.bias grad: 4.98553767171693e-15
Layer conv1.lin.weight grad: 3.039234259361945e-15
Layer conv2.att_src grad: 7.120708181240829e-24
Layer conv2.att_src grad: 7.120708181240829e-24
Layer conv2.att_dst grad: 1.059925542383756e-24
Layer conv1.lin.weight grad: 3.039234259361945e-15
Layer conv2.bias grad: 5.642854889950644e-13Layer conv2.att_dst grad: 1.059925542383756e-24

Layer conv2.att_src grad: 7.120708181240829e-24
Layer conv2.lin.weight grad: 2.196998324385742e-16Layer conv2.bias grad: 5.642854889950644e-13

Layer conv3.att_src grad: 5.819913341004e-22
Layer conv2.att_dst grad: 1.059925542383756e-24
Layer conv2.lin.weight grad: 2.196998324385742e-16
Layer conv3.att_dst grad: 1.47772820023336e-22
Layer conv1.att_src grad: 1.0295189540122755e-22
Layer conv3.att_src grad: 5.819913341004e-22Layer conv3.bias grad: 9.832389069597269e-11
Layer conv2.bias grad: 5.642854889950644e-13

Layer conv1.att_dst grad: 5.88334482597748e-23
Layer conv3.att_dst grad: 1.47772820023336e-22
Layer conv3.lin.weight grad: 2.6302300859233976e-14
Layer conv1.bias grad: 4.98553767171693e-15
Layer conv2.lin.weight grad: 2.196998324385742e-16Layer conv3.bias grad: 9.832389069597269e-11Layer conv4.att_src grad: 5.012629855305532e-20


Layer conv1.lin.weight grad: 3.039234259361945e-15
Layer conv4.att_dst grad: 1.701631365939193e-20
Layer conv3.lin.weight grad: 2.6302300859233976e-14Layer conv2.att_src grad: 7.120708181240829e-24

Layer conv3.att_src grad: 5.819913341004e-22
Layer conv4.bias grad: 1.5085717564033985e-08
Layer conv2.att_dst grad: 1.059925542383756e-24
Layer conv4.att_src grad: 5.012629855305532e-20
Layer conv4.lin.weight grad: 3.79010494863663e-12
Layer conv3.att_dst grad: 1.47772820023336e-22
Layer conv2.bias grad: 5.642854889950644e-13
Layer conv4.att_dst grad: 1.701631365939193e-20
Layer fc.weight grad: 2.707397417367474e-09
Layer conv2.lin.weight grad: 2.196998324385742e-16Layer conv3.bias grad: 9.832389069597269e-11

Layer fc.bias grad: 1.6030729966587387e-05Layer conv4.bias grad: 1.5085717564033985e-08

Layer conv3.att_src grad: 5.819913341004e-22
Layer conv4.lin.weight grad: 3.79010494863663e-12
Layer conv3.lin.weight grad: 2.6302300859233976e-14Layer conv3.att_dst grad: 1.47772820023336e-22

Layer fc.weight grad: 2.707397417367474e-09
Layer conv3.bias grad: 9.832389069597269e-11
Layer conv4.att_src grad: 5.012629855305532e-20
Layer fc.bias grad: 1.6030729966587387e-05
Layer conv3.lin.weight grad: 2.6302300859233976e-14
Layer conv4.att_src grad: 5.012629855305532e-20
Layer conv4.att_dst grad: 1.701631365939193e-20
Layer conv4.att_dst grad: 1.701631365939193e-20
Layer conv4.bias grad: 1.5085717564033985e-08
Layer conv4.bias grad: 1.5085717564033985e-08
Layer conv4.lin.weight grad: 3.79010494863663e-12
Layer conv4.lin.weight grad: 3.79010494863663e-12
Layer fc.weight grad: 2.707397417367474e-09
Layer fc.bias grad: 1.6030729966587387e-05
Layer fc.weight grad: 2.707397417367474e-09
Layer fc.bias grad: 1.6030729966587387e-05
Precision: 0.0000, Recall: 0.0003, F1-Score: 0.0000
Fold 5, Epoch 3, Train Loss: 0.0011, Val Loss: 0.0011, Val Acc: 0.0004
Completed Fold 5
Starting final training on all data...
Class weights: [2.11825747e-05 5.61270683e-02 5.61270683e-02 5.94779380e-02
 5.69288835e-02 5.38516466e-02 5.38516466e-02 4.98127731e-02
 5.94779380e-02 5.61270683e-02 6.13080284e-02 5.17535305e-02
 5.38516466e-02 6.03791189e-02 5.69288835e-02 4.91978006e-02
 5.45893404e-02 5.24344980e-02 5.77539398e-02]
Class weights: [1.96882259e-05 4.87354469e-02 4.87354469e-02 4.02597170e-02
 4.62986745e-02 5.78733431e-02 5.78733431e-02 9.25973490e-02
 4.02597170e-02 4.87354469e-02 3.70389396e-02 7.12287300e-02
 5.78733431e-02 3.85822288e-02 4.62986745e-02 1.02885943e-01
 5.44690288e-02 6.61409636e-02 4.40939757e-02]
Test Loss: 0.0011, Test Accuracy: 0.0006
Precision: 0.0000, Recall: 0.0006, F1-Score: 0.0000
