filename,original_min,original_max,normalized_min,normalized_max,normalized_mean,normalized_std
Defect_L10_B100_el2515_H4_W4.npy,-272.1282,4775.37794,0.0031264841139105734,0.9864611319028531,0.4053703863046514,0.10504667351620554
Defect_L10_B101_el2803_H4_W4.npy,-272.1721,4775.3525199999995,0.0031179316941926764,0.986456179681686,0.40535835037925794,0.10504864412693066
Defect_L10_B102_el2807_H4_W4.npy,-272.1668,4775.41409,0.0031189642186688644,0.9864681744990444,0.4053570863094465,0.10504975255345676
Defect_L10_B103_el2811_H4_W4.npy,-272.155,4775.49817,0.003121263046747944,0.9864845546231874,0.40535884515279175,0.10506030856156358
Defect_L10_B104_el2815_H4_W4.npy,-272.0805,4775.78192,0.003135776834196309,0.9865398336458516,0.4053679413340307,0.10507129654080649
Defect_L10_B105_el2835_H4_W4.npy,-272.04060000000004,4775.95644,0.0031435499901585743,0.9865738329235091,0.40542055891831424,0.10499824712489111
Defect_L10_B106_el2839_H4_W4.npy,-272.1201,4775.803970000001,0.0031280621230157,0.9865441293373045,0.405376335754515,0.10504932124128794
Defect_L10_B107_el2843_H4_W4.npy,-272.1462,4775.60748,0.003122977427010292,0.986505849953469,0.40536318013998296,0.10504803086082386
Defect_L10_B108_el2847_H4_W4.npy,-272.1466,4775.474859999999,0.0031228995006347387,0.9864800134636514,0.4053595055346107,0.10504186311602243
Defect_L10_B109_el2851_H4_W4.npy,-272.13480000000004,4775.37927,0.0031251983287137962,0.9864613910080519,0.40536007286319375,0.10504371238944023
Defect_L10_B10_el151_H4_W4.npy,-272.1571,4775.44755,0.0031208539332762374,0.9864746930403601,0.4053760255918007,0.10503097917769343
Defect_L10_B110_el3139_H4_W4.npy,-272.1856,4775.27668,0.003115301679017465,0.9864414048408795,0.4053638667267849,0.10504828962201253
Defect_L10_B111_el3143_H4_W4.npy,-272.20450000000005,4775.22255,0.0031116196577721696,0.9864308594541068,0.4053655468757634,0.10504375035269546
Defect_L10_B112_el3147_H4_W4.npy,-272.2164,4774.99447,0.0031093013480992153,0.9863864258347613,0.40537533779867346,0.10504270705900451
Defect_L10_B113_el3151_H4_W4.npy,-272.0491,4774.723139999999,0.0031418940546778943,0.9863335664260584,0.40539995789413596,0.10502855101877667
Defect_L10_B114_el3171_H4_W4.npy,-272.46130000000005,4774.51749,0.0030615909246615646,0.9862935025282229,0.4054866619051497,0.10504167110550454
Defect_L10_B115_el3175_H4_W4.npy,-272.1939,4774.588809999999,0.0031136847067245676,0.9863073968009853,0.40542208965483584,0.10511702848385886
Defect_L10_B116_el3179_H4_W4.npy,-272.1108,4774.83165,0.003129873911247509,0.986354705903589,0.405373062912962,0.10506270161965851
Defect_L10_B117_el3183_H4_W4.npy,-272.1055,4775.0563,0.003130906435723697,0.9863984713042638,0.405362456413407,0.10505769211631927
Defect_L10_B118_el3187_H4_W4.npy,-272.1161,4775.17405,0.0031288413867713097,0.9864214108810697,0.40536030874543477,0.10505778293987181
Defect_L10_B119_el3475_H4_W4.npy,-272.1917,4775.37127,0.003114113301790149,0.9864598324805405,0.4053718226940611,0.10505677994396019
Defect_L10_B11_el155_H4_W4.npy,-272.1571,4775.44743,0.0031208539332762374,0.9864746696624475,0.4053760318926278,0.10503663811730377
Defect_L10_B120_el3479_H4_W4.npy,-272.1909,4775.38298,0.003114269154541277,0.9864621137751851,0.4053715070296777,0.1050422674942497
Defect_L10_B121_el3483_H4_W4.npy,-272.1732,4775.3565100000005,0.00311771739665988,0.9864569569972824,0.4053749006802998,0.10502875201210929
Defect_L10_B122_el3487_H4_W4.npy,-271.82,4775.52771,0.0031865263862808557,0.9864903094860228,0.40537890428329915,0.10500923351289271
Defect_L10_B123_el3491_H4_W4.npy,-272.327,4777.32821,0.0030877547052564126,0.9868410755840197,0.40537987129270425,0.10499065158679877
Defect_L10_B124_el3495_H4_W4.npy,-273.21000000000004,4772.9145499999995,0.002915732231203974,0.9859812242671157,0.40538330360325847,0.10495251524842043
Defect_L10_B125_el3499_H4_W4.npy,-271.3923,4774.19999,0.003269849163350196,0.9862316484676208,0.40538866488745895,0.10492527901494127
Defect_L10_B126_el3503_H4_W4.npy,-272.1798,4776.0725600000005,0.003116431611463114,0.9865964549503348,0.4053842757387792,0.10494788447620532
Defect_L10_B127_el3507_H4_W4.npy,-272.22950000000003,4775.2913,0.003106749259299568,0.9864442530499063,0.40538438486135203,0.10496731089961574
Defect_L10_B128_el3511_H4_W4.npy,-272.1449,4775.0422,0.0031232306877308704,0.9863957243995253,0.4053833619047695,0.10499066501288842
Defect_L10_B129_el3515_H4_W4.npy,-272.0947,4775.02506,0.0031330104478638657,0.9863923852543325,0.40537736324132234,0.10502322804585622
Defect_L10_B12_el159_H4_W4.npy,-272.1561,4775.437279999999,0.003121048749215148,0.9864726922806675,0.4053762735013116,0.10504332959775996
Defect_L10_B130_el3519_H4_W4.npy,-272.0898,4775.1157299999995,0.0031339650459644894,0.9864100492155128,0.40537162680473077,0.105045924694166
Defect_L10_B131_el3523_H4_W4.npy,-272.10179999999997,4775.19306,0.00313162725469765,0.9864251143320684,0.40536999213458763,0.10506567367597723
Defect_L10_B132_el3811_H4_W4.npy,-272.21999999999997,4775.461249999999,0.00310860001071917,0.986477362018723,0.40536918035560177,0.10507944520395207
Defect_L10_B133_el3815_H4_W4.npy,-272.18039999999996,4775.57287,0.0031163147218997785,0.9864991073738236,0.4053710998237968,0.10505389229528583
Defect_L10_B134_el3819_H4_W4.npy,-272.118,4775.70774,0.0031284712364873964,0.9865253821995036,0.4053766709279427,0.10502547483087872
Defect_L10_B135_el3823_H4_W4.npy,-271.615,4776.01424,0.0032264636537562186,0.9865850932847778,0.40538195241233005,0.10499199164456885
Defect_L10_B136_el3827_H4_W4.npy,-272.3668,4778.7067400000005,0.0030800010308880215,0.9871096352002775,0.4053836944628937,0.10496785455961027
Defect_L10_B137_el3831_H4_W4.npy,-273.8784,4770.96594,0.002785517257640397,0.9856016039804075,0.4054089912557381,0.10499510513673865
Defect_L10_B138_el3835_H4_W4.npy,-271.04900000000004,4774.03765,0.0033367294751760054,0.9862000220480991,0.4053920953016497,0.10490026652481144
Defect_L10_B139_el3839_H4_W4.npy,-272.015,4776.3778,0.0031485372781945332,0.9866559205675258,0.405384190004201,0.10494023613912425
Defect_L10_B13_el163_H4_W4.npy,-272.1553,4775.43689,0.0031212046019662653,0.9864726163024514,0.4053769226934367,0.10505304503896254
Defect_L10_B140_el3843_H4_W4.npy,-272.1514,4775.47764,0.0031219643841279895,0.9864805550519617,0.40537874869977597,0.10498938478621136
Defect_L10_B141_el3847_H4_W4.npy,-272.1195,4775.42029,0.0031281790125790355,0.9864693823578656,0.40537805237679914,0.1050100475127633
Defect_L10_B142_el3851_H4_W4.npy,-272.0938,4775.38095,0.00313318578220888,0.986461718298829,0.4053736217037248,0.10503268226128086
Defect_L10_B143_el3855_H4_W4.npy,-272.0798,4775.36544,0.003135913205353541,0.9864586967036166,0.4053701437081887,0.1050474814712441
Defect_L10_B144_el3859_H4_W4.npy,-272.0754,4775.32464,0.003136770395484715,0.9864507482133094,0.4053703255722094,0.1050619879766171
Defect_L10_B145_el4147_H4_W4.npy,-272.2129,4775.60573,0.003109983203885386,0.986505509025576,0.4053593436638753,0.10508267038870911
Defect_L10_B146_el4151_H4_W4.npy,-272.08680000000004,4775.75575,0.0031345494937811995,0.9865347353127305,0.40536729588667575,0.10506958892495677
Defect_L10_B147_el4155_H4_W4.npy,-271.8923,4776.09705,0.003172441193898083,0.9866012259926785,0.40538746668324677,0.10504699708644517
Defect_L10_B148_el4159_H4_W4.npy,-271.2277,4777.02688,0.003301915866893822,0.9867823716971498,0.40542725031406324,0.10499278120827352
Defect_L10_B149_el4179_H4_W4.npy,-272.0285,4776.48628,0.003145907263019322,0.9866770542005782,0.40548123345575127,0.10489748474707455
Defect_L10_B14_el451_H4_W4.npy,-272.1576,4775.44737,0.0031207565253067874,0.9864746579734911,0.40537798002925607,0.1050019354686157
Defect_L10_B150_el4183_H4_W4.npy,-272.2789,4776.2248,0.003097125351917701,0.9866261137288734,0.405418623325023,0.10499418546840258
Defect_L10_B151_el4187_H4_W4.npy,-272.23179999999996,4775.8598,0.003106301182640101,0.9865550059111734,0.40538282908303624,0.10503977275079786
Defect_L10_B152_el4191_H4_W4.npy,-272.1535,4775.6472699999995,0.0031215552706562936,0.9865136016796779,0.40536594344658133,0.10505658601313814
Defect_L10_B153_el4195_H4_W4.npy,-272.0947,4775.51477,0.0031330104478638657,0.9864877885677732,0.4053605273174709,0.10506627763773987
Defect_L10_B154_el4483_H4_W4.npy,-272.3211,4775.77282,0.0030889041192959468,0.9865380608208075,0.4053568233683918,0.10505650985121212
Defect_L10_B155_el4487_H4_W4.npy,-272.2475,4775.6343099999995,0.0031032425723992976,0.9865110768651097,0.40535845635945184,0.1050547531157567
Defect_L10_B156_el4491_H4_W4.npy,-272.1305,4775.445250000001,0.0031260360372510954,0.9864742449637007,0.4053623809371183,0.10505151400632164
Defect_L10_B157_el4495_H4_W4.npy,-271.8561,4775.31951,0.0031794935308864067,0.9864497488075429,0.4053693491838595,0.10503799121278903
Defect_L10_B158_el4515_H4_W4.npy,-272.2407,4775.52779,0.003104567320783846,0.9864903250712979,0.4053886164221089,0.10496990312097064
Defect_L10_B159_el4519_H4_W4.npy,-272.1694,4775.53468,0.003118457697227719,0.9864916673531168,0.40537637234686086,0.10500700320801234
Defect_L10_B15_el455_H4_W4.npy,-272.1558,4775.447099999999,0.0031211071939968157,0.9864746053731875,0.4053763842037915,0.10499764006584857
Defect_L10_B160_el4523_H4_W4.npy,-272.16990000000004,4775.66163,0.0031183602892582577,0.9865163992365606,0.40536634712300795,0.10503222163957288
Defect_L10_B161_el4527_H4_W4.npy,-272.1465,4775.75953,0.003122918982228624,0.9865354717169795,0.4053591837421722,0.10504570176016755
Defect_L10_B162_el4531_H4_W4.npy,-272.11629999999997,4775.796469999999,0.003128802423583539,0.9865426682177625,0.4053556527957742,0.10505306656441041
Defect_L10_B163_el4819_H4_W4.npy,-272.39899999999994,4776.3818,0.003073727957655319,0.9866566998312815,0.40535751286695393,0.10505532934659605
Defect_L10_B164_el4823_H4_W4.npy,-272.2998,4776.30816,0.003093053698794606,0.9866423535855404,0.40536396492392995,0.10504494796060562
Defect_L10_B165_el4827_H4_W4.npy,-272.1197,4776.29843,0.0031281400493912534,0.986640458026455,0.40537738621010505,0.10502479372324261
Defect_L10_B166_el4831_H4_W4.npy,-271.613,4776.48859,0.003226853285634029,0.986677504225397,0.4053981939643323,0.10497964632446703
Defect_L10_B167_el4851_H4_W4.npy,-272.2206,4776.628110000001,0.0031084831211558236,0.986704684945193,0.4053939102943731,0.10499067980648584
Defect_L10_B168_el4855_H4_W4.npy,-272.118,4776.7731,0.0031284712364873964,0.9867329313081747,0.40538325295458977,0.10502853135802563
Defect_L10_B169_el4859_H4_W4.npy,-272.0981,4776.57772,0.0031323480736715915,0.9866948681700316,0.4053701755003247,0.10505082753866213
Defect_L10_B16_el459_H4_W4.npy,-272.154,4775.45716,0.0031214578626868436,0.9864765652215329,0.40537653313870764,0.1049992025202713
Defect_L10_B170_el4863_H4_W4.npy,-272.0935,4776.46605,0.0031332442269905473,0.9866731130741341,0.405362114775717,0.10505796507061232
Defect_L10_B171_el4867_H4_W4.npy,-272.1,4776.40916,0.003131977923387667,0.9866620299953699,0.4053584050790821,0.10506152169739677
Defect_L10_B172_el5155_H4_W4.npy,-272.1737,4775.6395299999995,0.0031176199886904306,0.9865120938043108,0.4053657752660558,0.10506521435552153
Defect_L10_B173_el5159_H4_W4.npy,-272.0943,4775.2428500000005,0.0031330883742394303,0.9864348142176665,0.40536882109212957,0.10505455041253656
Defect_L10_B174_el5163_H4_W4.npy,-271.9448,4774.49582,0.0031622133571056095,0.9862892808668269,0.40537822164267423,0.10504056293589875
Defect_L10_B175_el5167_H4_W4.npy,-270.6527,4773.5497700000005,0.0034139350317637603,0.9861049752478266,0.4053934395539176,0.10500990111736883
Defect_L10_B176_el5187_H4_W4.npy,-272.4434,4775.4857600000005,0.003065078129967961,0.9864821369573857,0.4054386839984495,0.1049048371931774
Defect_L10_B177_el5191_H4_W4.npy,-272.26480000000004,4776.368729999999,0.003099872256656248,0.9866541535869597,0.4054134670344755,0.10497770816949918
Defect_L10_B178_el5195_H4_W4.npy,-272.19460000000004,4777.1383000000005,0.003113548335567324,0.9868040780890626,0.40538948310205786,0.10503189673153522
Defect_L10_B179_el5199_H4_W4.npy,-272.17560000000003,4777.56918,0.0031172498384065056,0.9868880203808176,0.40537335587548096,0.10506201179415973
Defect_L10_B17_el463_H4_W4.npy,-272.15200000000004,4775.45733,0.003121847494564643,0.9864765983402426,0.40537659123124725,0.10500186832489733
Defect_L10_B180_el5203_H4_W4.npy,-272.1798,4777.76775,0.003116431611463114,0.9869267049818057,0.4053655703547954,0.1050830836746315
Defect_L10_B181_el5491_H4_W4.npy,-272.0773,4774.834,0.003136400245200801,0.9863551637210454,0.4053736021499543,0.105046111922938
Defect_L10_B182_el5495_H4_W4.npy,-272.0759,4774.7767699999995,0.003136672987515265,0.9863440144048619,0.40537260264032177,0.10503555449347256
Defect_L10_B183_el5499_H4_W4.npy,-272.0783,4774.63083,0.0031362054292618903,0.9863155829667383,0.4053742276322124,0.10502753596981984
Defect_L10_B184_el5503_H4_W4.npy,-271.38140000000004,4774.53798,0.0032719726570842396,0.986297494306811,0.4053764367035414,0.10501435378206857
Defect_L10_B185_el5507_H4_W4.npy,-270.85060000000004,4780.17876,0.003375380957454602,0.9873964081586631,0.40537921960894585,0.10499481979568741
Defect_L10_B186_el5511_H4_W4.npy,-278.5635,4750.45558,0.0018727851022802152,0.9816058589397438,0.4053822853991165,0.10496807150598128
Defect_L10_B187_el5515_H4_W4.npy,-267.0977,4789.191529999999,0.004106505694568283,0.9891522394083408,0.4053844353609091,0.1049541348839796
Defect_L10_B188_el5519_H4_W4.npy,-272.60360000000003,4775.04173,0.003033868616555498,0.986395632836034,0.4053821878358537,0.10497452890721097
Defect_L10_B189_el5523_H4_W4.npy,-272.40189999999996,4775.538689999999,0.003073162991432494,0.9864924485650317,0.40538048746964495,0.10499264410415714
Defect_L10_B18_el467_H4_W4.npy,-272.1567,4775.45703,0.0031209318596518015,0.9864765398954608,0.40537657355413886,0.10500515987295961
Defect_L10_B190_el5527_H4_W4.npy,-272.2997,4776.0107800000005,0.0030930731803885027,0.9865844192216292,0.4053791261649987,0.10500244484278232
Defect_L10_B191_el5531_H4_W4.npy,-272.2693,4776.4967,0.0030989955849311883,0.9866790841826615,0.4053771125154295,0.10501696520295366
Defect_L10_B192_el5535_H4_W4.npy,-272.2575,4776.993189999999,0.003101294413010257,0.9867758083481679,0.4053748346705099,0.10503327881972496
Defect_L10_B193_el5539_H4_W4.npy,-272.2629,4777.37207,0.0031002424069401725,0.9868496202111001,0.40537498114618054,0.1050535515265023
Defect_L10_B194_el5827_H4_W4.npy,-272.1008,4774.9208100000005,0.0031318220706365494,0.9863720756927018,0.405375925439638,0.10503718519774968
Defect_L10_B195_el5831_H4_W4.npy,-272.102,4774.88721,0.0031315882915098677,0.9863655298771545,0.4053747197656278,0.10502837327510219
Defect_L10_B196_el5835_H4_W4.npy,-272.10769999999997,4774.80428,0.003130477840658115,0.9863493737913412,0.40537556594065444,0.10502327911402415
Defect_L10_B197_el5839_H4_W4.npy,-271.67789999999997,4774.75755,0.0032142097311991516,0.9863402700425162,0.4053767199643055,0.10501558736821034
Defect_L10_B198_el5843_H4_W4.npy,-271.3704,4778.50011,0.0032741156324121905,0.9870693803828215,0.4053777562998515,0.10500650914748347
Defect_L10_B199_el5847_H4_W4.npy,-275.937,4761.5842299999995,0.0023844691658121563,0.9837738973382303,0.4053781393462491,0.10499961325385619
Defect_L10_B19_el471_H4_W4.npy,-272.15860000000004,4775.436549999999,0.003120561709367877,0.9864725500650321,0.40537647021007794,0.10500897155103227
Defect_L10_B1_el115_H4_W4.npy,-272.1572,4775.44741,0.0031208344516823515,0.9864746657661286,0.40537797980653184,0.10497508363640269
Defect_L10_B200_el5851_H4_W4.npy,-269.2036,4783.68112,0.003696242808829871,0.9880787237104438,0.4053784061307243,0.10499775185990265
Defect_L10_B201_el5855_H4_W4.npy,-272.4256,4775.35957,0.0030685458536804603,0.9864575531340553,0.405377273650294,0.10500516734291629
Defect_L10_B202_el5859_H4_W4.npy,-272.3093,4775.558300000001,0.0030912029473750156,0.9864962689055938,0.4053776137108234,0.10500829828582948
Defect_L10_B203_el5863_H4_W4.npy,-272.25829999999996,4775.77077,0.0031011385602591397,0.9865376614481328,0.40537744741864257,0.10500941275650419
Defect_L10_B204_el5867_H4_W4.npy,-272.2378,4775.93431,0.00310513228700667,0.986569521646781,0.40537679552846273,0.10501153795936176
Defect_L10_B205_el5871_H4_W4.npy,-272.2267,4776.098840000001,0.003107294743928507,0.9866015747132092,0.4053762569432779,0.1050142348728514
Defect_L10_B206_el5875_H4_W4.npy,-272.2305,4776.17535,0.0031065544433606686,0.9866164800806947,0.40537792154054664,0.10502214919804943
Defect_L10_B207_el6163_H4_W4.npy,-272.1304,4775.08894,0.0031260555188449813,0.9864048300965096,0.4053765122716603,0.10504089040915328
Defect_L10_B208_el6167_H4_W4.npy,-272.1333,4775.04374,0.0031254905526221567,0.9863960244160712,0.40537546840119026,0.10503305672661965
Defect_L10_B209_el6171_H4_W4.npy,-272.1408,4774.94666,0.003124029433080376,0.9863771116847223,0.40537591340604295,0.105027905283624
Defect_L10_B20_el475_H4_W4.npy,-272.1565,4775.43701,0.0031209708228395836,0.986472639680364,0.40537639804149767,0.10501305989842315
Defect_L10_B210_el6175_H4_W4.npy,-271.8871,4774.90755,0.0031734542367803857,0.9863694924333518,0.4053765427469377,0.10502128785663051
Defect_L10_B211_el6179_H4_W4.npy,-271.7414,4776.99272,0.0032018389190787266,0.9867757167846768,0.4053770663912709,0.10501427640920999
Defect_L10_B212_el6183_H4_W4.npy,-274.2461,4767.98204,0.002713883436905311,0.9850202927003112,0.40537708613143636,0.1050095163833511
Defect_L10_B213_el6187_H4_W4.npy,-270.4919,4779.95287,0.0034452614347395584,0.9873524011862241,0.40537696583382504,0.10500779880896394
Defect_L10_B214_el6191_H4_W4.npy,-272.2819,4775.57349,0.003096540904100991,0.9864992281597057,0.40537651703978084,0.10500904293308484
Defect_L10_B215_el6195_H4_W4.npy,-272.2448,4775.54532,0.0031037685754343397,0.9864937401947068,0.40537701561543,0.10500804746760539
Defect_L10_B216_el6199_H4_W4.npy,-272.2181,4775.587710000001,0.0031089701610030837,0.9865019984423571,0.4053772189506949,0.10500600004304776
Defect_L10_B217_el6203_H4_W4.npy,-272.20390000000003,4775.61879,0.003111736547335516,0.9865080533217382,0.40537718434044057,0.10500406574150668
Defect_L10_B218_el6207_H4_W4.npy,-272.1937,4775.65075,0.0031137236699123497,0.9865142796391454,0.4053771594827113,0.10500278424933725
Defect_L10_B219_el6211_H4_W4.npy,-272.196,4775.62347,0.0031132755932528604,0.9865089650603323,0.40537872974228367,0.10500612774655912
Defect_L10_B21_el479_H4_W4.npy,-272.1574,4775.43732,0.0031207954884945694,0.9864727000733051,0.40537636406858396,0.10501704459794375
Defect_L10_B22_el483_H4_W4.npy,-272.1586,4775.4477,0.0031205617093678878,0.9864747222627509,0.405376322295938,0.105021250498091
Defect_L10_B23_el487_H4_W4.npy,-272.1585,4775.4376999999995,0.003120581190961773,0.9864727741033619,0.4053761932982405,0.10502581619573748
Defect_L10_B24_el491_H4_W4.npy,-272.1574,4775.43755,0.0031207954884945694,0.986472744880971,0.4053760131109947,0.10503035060482833
Defect_L10_B25_el495_H4_W4.npy,-272.15619999999996,4775.4373,0.0031210292676212624,0.9864726961769863,0.4053758204295065,0.10503482534593743
Defect_L10_B26_el499_H4_W4.npy,-272.1544,4775.43661,0.0031213799363112795,0.9864725617539885,0.4053771434304376,0.10504324998292972
Defect_L10_B27_el787_H4_W4.npy,-272.15770000000003,4775.4470599999995,0.0031207370437128907,0.98647459758055,0.4053776526643894,0.10501360064477964
Defect_L10_B28_el791_H4_W4.npy,-272.1546,4775.45679,0.0031213409731234974,0.9864764931396356,0.40537588885223347,0.10500685794735197
Defect_L10_B29_el795_H4_W4.npy,-272.15240000000006,4775.45715,0.0031217695681890786,0.9864765632733736,0.405376320804257,0.1050074006447631
Defect_L10_B2_el119_H4_W4.npy,-272.1558,4775.4472399999995,0.0031211071939968157,0.986474632647419,0.4053771969592935,0.10498083283231359
Defect_L10_B30_el799_H4_W4.npy,-272.1488,4775.46739,0.003122470905569146,0.986478558188588,0.40537654085200775,0.10500858356165475
Defect_L10_B31_el803_H4_W4.npy,-272.1594,4775.466820000001,0.0031204058566167594,0.986478447143503,0.40537661235143485,0.10500994693055721
Defect_L10_B32_el807_H4_W4.npy,-272.1617,4775.41597,0.003119957779957281,0.9864685407530095,0.40537653087913283,0.1050116483784124
Defect_L10_B33_el811_H4_W4.npy,-272.156,4775.426780000001,0.0031210682308090336,0.9864706467133092,0.4053765135345324,0.10501356876263476
Defect_L10_B34_el815_H4_W4.npy,-272.15659999999997,4775.43725,0.003120951341245698,0.9864726864361893,0.40537656207469697,0.10501521371711629
Defect_L10_B35_el819_H4_W4.npy,-272.15909999999997,4775.43776,0.003120464301398438,0.9864727857923182,0.40537656628096325,0.10501733711193685
Defect_L10_B36_el823_H4_W4.npy,-272.159,4775.43773,0.0031204837829923236,0.98647277994784,0.4053763614262106,0.10502013249846419
Defect_L10_B37_el827_H4_W4.npy,-272.1576,4775.437449999999,0.0031207565253067874,0.9864727253993771,0.4053760056375141,0.10502287609859712
Defect_L10_B38_el831_H4_W4.npy,-272.1563,4775.437279999999,0.0031210097860273657,0.9864726922806675,0.40537545317475465,0.1050257622362017
Defect_L10_B39_el835_H4_W4.npy,-272.1536,4775.42608,0.0031215357890624082,0.9864705103421519,0.4053769928526913,0.10503480101028677
Defect_L10_B3_el123_H4_W4.npy,-272.15430000000003,4775.45726,0.003121399417905165,0.9864765847031269,0.4053770319115287,0.10498960348490319
Defect_L10_B40_el1123_H4_W4.npy,-272.15790000000004,4775.44673,0.0031206980805251086,0.9864745332912902,0.4053774110916594,0.10501994467349422
Defect_L10_B41_el1127_H4_W4.npy,-272.1544,4775.45658,0.0031213799363112795,0.9864764522282884,0.40537549527610195,0.10501174515360771
Defect_L10_B42_el1131_H4_W4.npy,-272.1507,4775.45706,0.0031221007552852324,0.986476545739939,0.40537612041071575,0.10501168305203977
Defect_L10_B43_el1135_H4_W4.npy,-272.14369999999997,4775.47751,0.003123464466857563,0.9864805297258896,0.4053764687042293,0.10501219457727617
Defect_L10_B44_el1139_H4_W4.npy,-272.1641,4775.47657,0.0031194902217039065,0.986480346598907,0.40537660563914213,0.10501257322819461
Defect_L10_B45_el1143_H4_W4.npy,-272.1659,4775.39498,0.0031191395530138786,0.9864644515664519,0.40537652344334946,0.10501306943331344
Defect_L10_B46_el1147_H4_W4.npy,-272.1557,4775.4063,0.003121126675590701,0.9864666568828803,0.40537652896664084,0.10501350445025504
Defect_L10_B47_el1151_H4_W4.npy,-272.1569,4775.4170300000005,0.0031208928964640194,0.9864687472579049,0.4053766439743006,0.10501342929591384
Defect_L10_B48_el1155_H4_W4.npy,-272.1607,4775.42791,0.003120152595896181,0.9864708668553201,0.40537668792999515,0.10501419627584431
Defect_L10_B49_el1159_H4_W4.npy,-272.1596,4775.42762,0.003120366893428977,0.9864708103586979,0.40537640437562367,0.10501605548562429
Defect_L10_B4_el127_H4_W4.npy,-272.1538,4775.45729,0.0031214968258746257,0.9864765905476051,0.40537688655312776,0.10499773970591729
Defect_L10_B50_el1163_H4_W4.npy,-272.157,4775.427180000001,0.003120873414870134,0.9864707246396848,0.4053758994492726,0.1050179046532943
Defect_L10_B51_el1167_H4_W4.npy,-272.1555,4775.436989999999,0.003121165638778483,0.9864726357840452,0.40537513481811005,0.1050201114360583
Defect_L10_B52_el1171_H4_W4.npy,-272.1519,4775.41527,0.0031218669761585395,0.9864684043818523,0.40537683201598856,0.10502984149235364
Defect_L10_B53_el1459_H4_W4.npy,-272.1594,4775.44649,0.0031204058566167594,0.986474486535465,0.40537722352886635,0.10502403034180681
Defect_L10_B54_el1463_H4_W4.npy,-272.1545,4775.45641,0.003121360454717394,0.9864764191095787,0.40537520544252337,0.10501485673454107
Defect_L10_B55_el1467_H4_W4.npy,-272.1501,4775.45722,0.003122217644848568,0.9864765769104894,0.4053759617139302,0.10501410904452614
Defect_L10_B56_el1471_H4_W4.npy,-272.13620000000003,4775.47797,0.0031249255863993325,0.9864806193412216,0.4053764472895877,0.10501400063287661
Defect_L10_B57_el1475_H4_W4.npy,-272.1719,4775.49621,0.0031179706573804585,0.9864841727839473,0.40537662003444896,0.105013662317344
Defect_L10_B58_el1479_H4_W4.npy,-272.17499999999995,4775.343440000001,0.003117366727969863,0.9864544107529609,0.40537646634530217,0.10501324243266122
Defect_L10_B59_el1483_H4_W4.npy,-272.15470000000005,4775.37568,0.0031213214915296007,0.9864606916188311,0.40537653366169524,0.10501230423012275
Defect_L10_B5_el131_H4_W4.npy,-272.15569999999997,4775.45718,0.0031211266755907124,0.9864765691178519,0.40537672722386586,0.10500470521724134
Defect_L10_B60_el1487_H4_W4.npy,-272.15490000000005,4775.40658,0.0031212825283418186,0.9864667114313432,0.40537669979902907,0.10501102227685793
Defect_L10_B61_el1491_H4_W4.npy,-272.16150000000005,4775.41782,0.0031199967431450523,0.9864689011624964,0.40537682139721865,0.10501134953918721
Defect_L10_B62_el1495_H4_W4.npy,-272.15950000000004,4775.41711,0.0031203863750228628,0.98646876284318,0.4053764480911918,0.10501332233958549
Defect_L10_B63_el1499_H4_W4.npy,-272.1555,4775.41635,0.003121165638778483,0.9864686147830664,0.40537575791712793,0.10501521421420586
Defect_L10_B64_el1503_H4_W4.npy,-272.1538,4775.41615,0.0031214968258746257,0.9864685758198786,0.405374833489422,0.10501741987102704
Defect_L10_B65_el1507_H4_W4.npy,-272.1492,4775.40413,0.003122392979193582,0.9864662341322928,0.40537658955518596,0.10502785073384965
Defect_L10_B66_el1795_H4_W4.npy,-272.1623,4775.4463399999995,0.003119840890393935,0.9864744573130739,0.40537694359832405,0.10502857238672812
Defect_L10_B67_el1799_H4_W4.npy,-272.15700000000004,4775.466530000001,0.0031208734148701228,0.9864783906468807,0.40537498528608995,0.10501807867978387
Defect_L10_B68_el1803_H4_W4.npy,-272.1508,4775.45758,0.0031220812736913357,0.9864766470442273,0.40537588903403576,0.1050156391890654
Defect_L10_B69_el1807_H4_W4.npy,-272.1256,4775.49883,0.0031269906353517192,0.9864846832017072,0.40537655360300984,0.10501404234060448
Defect_L10_B6_el135_H4_W4.npy,-272.1562,4775.4569,0.003121029267621251,0.9864765145693889,0.40537653524302397,0.10501074173073639
Defect_L10_B70_el1811_H4_W4.npy,-272.1855,4775.5259399999995,0.0031153211606113618,0.9864899646618107,0.4053767664344023,0.1050127227402073
Defect_L10_B71_el1815_H4_W4.npy,-272.1858,4775.26086,0.0031152627158296943,0.9864383228527261,0.4053764840706185,0.10501104201649658
Defect_L10_B72_el1819_H4_W4.npy,-272.1527,4775.34504,0.003121711123407422,0.9864547224584631,0.4053766878653426,0.10500792963135902
Defect_L10_B73_el1823_H4_W4.npy,-272.1523,4775.386130000001,0.0031217890497829753,0.9864627274453928,0.4053768297913533,0.10500622840939441
Defect_L10_B74_el1827_H4_W4.npy,-272.16220000000004,4775.41781,0.0031198603719878202,0.9864688992143371,0.4053770382615076,0.10500781362783088
Defect_L10_B75_el1831_H4_W4.npy,-272.15700000000004,4775.39615,0.0031208734148701228,0.9864646795011004,0.40537647988582803,0.10501130217264197
Defect_L10_B76_el1835_H4_W4.npy,-272.1519,4775.3948199999995,0.0031218669761585395,0.9864644203959017,0.4053755592648037,0.10501428258690092
Defect_L10_B77_el1839_H4_W4.npy,-272.15,4775.40459,0.0031222371264424645,0.9864663237476248,0.4053745161643909,0.105017043665615
Defect_L10_B78_el1843_H4_W4.npy,-272.1443,4775.39243,0.0031233475772942166,0.9864639547858077,0.40537627608294835,0.10502777490576468
Defect_L10_B79_el2131_H4_W4.npy,-272.1682,4775.44628,0.0031186914763544006,0.9864744456241178,0.4053754393192612,0.10504313820485127
Defect_L10_B7_el139_H4_W4.npy,-272.1561,4775.44722,0.003121048749215148,0.9864746287511003,0.40537636360074275,0.10501614518478078
Defect_L10_B80_el2135_H4_W4.npy,-272.1607,4775.476729999999,0.003120152595896181,0.9864803777694572,0.4053741670154349,0.10502747245271533
Defect_L10_B81_el2139_H4_W4.npy,-272.1519,4775.47856,0.0031218669761585395,0.9864807342826255,0.4053758711791128,0.10501862966518033
Defect_L10_B82_el2143_H4_W4.npy,-272.1054,4775.54125,0.0031309259173175935,0.9864929472938355,0.4053773456578317,0.10501086498846113
Defect_L10_B83_el2147_H4_W4.npy,-272.2126,4775.6165599999995,0.0031100416486670537,0.9865076188821942,0.4053780339021042,0.10500566125429989
Defect_L10_B84_el2151_H4_W4.npy,-272.2053,4775.11673,0.003111463805021052,0.9864102440314518,0.4053780343794616,0.10499913718208834
Defect_L10_B85_el2155_H4_W4.npy,-272.1494,4775.32446,0.0031223540160058,0.9864507131464404,0.4053787920970067,0.1049904639846048
Defect_L10_B86_el2159_H4_W4.npy,-272.1433,4775.3652,0.003123542393233116,0.9864586499477914,0.40537825734322813,0.10499204150795244
Defect_L10_B87_el2163_H4_W4.npy,-272.16020000000003,4775.41722,0.0031202500038656307,0.9864687842729332,0.40537787058603375,0.10500207462752303
Defect_L10_B88_el2167_H4_W4.npy,-272.1507,4775.3742600000005,0.0031221007552852324,0.986460414980198,0.40537651171819544,0.10501090171716165
Defect_L10_B89_el2171_H4_W4.npy,-272.1445,4775.37234,0.0031233086141064345,0.9864600409335951,0.40537494546336594,0.10501744722975632
Defect_L10_B8_el143_H4_W4.npy,-272.1571,4775.44738,0.0031208539332762374,0.9864746599216504,0.4053762179411501,0.10502105961671017
Defect_L10_B90_el2175_H4_W4.npy,-272.1415,4775.38209,0.0031238930619231445,0.9864619403889995,0.4053735367992648,0.10502210435701606
Defect_L10_B91_el2179_H4_W4.npy,-272.136,4775.36969,0.0031249645495871146,0.9864595246713571,0.40537513567728645,0.10503353438591014
Defect_L10_B92_el2467_H4_W4.npy,-272.1693,4775.433489999999,0.0031184771788216044,0.986471953928259,0.4053684964033845,0.10506560166094384
Defect_L10_B93_el2471_H4_W4.npy,-272.1545,4775.52421,0.003121360454717394,0.9864896276302364,0.40537034894722157,0.10505273873451748
Defect_L10_B94_el2475_H4_W4.npy,-272.13370000000003,4775.639700000001,0.0031254126262465925,0.9865121269230207,0.4053769262708229,0.10503913748135789
Defect_L10_B95_el2479_H4_W4.npy,-272.0436,4775.85119,0.0031429655423418643,0.9865533285459395,0.4053852806786426,0.10501093928477258
Defect_L10_B96_el2499_H4_W4.npy,-272.13710000000003,4775.504330000001,0.0031247502520543183,0.9864857546893713,0.40538184134209554,0.1049964353300026
Defect_L10_B97_el2503_H4_W4.npy,-272.1396,4775.48423,0.003124263212207069,0.9864818388889991,0.40537754578465024,0.10501953158565773
Defect_L10_B98_el2507_H4_W4.npy,-272.1386,4775.45303,0.0031244580281459687,0.9864757606317053,0.4053728372117625,0.10503218377242901
Defect_L10_B99_el2511_H4_W4.npy,-272.1364,4775.42173,0.0031248866232115612,0.9864696628928177,0.40536967371662386,0.1050372422026599
Defect_L10_B9_el147_H4_W4.npy,-272.1571,4775.44754,0.0031208539332762374,0.9864746910922008,0.40537610572023897,0.10502588049263101
Defect_L11_B100_el2515_H4_W4.npy,-272.1389,4775.353279999999,0.0031243995833643012,0.9864563277417995,0.40537422101149684,0.10502866749167906
Defect_L11_B101_el2803_H4_W4.npy,-272.1477,4775.49812,0.0031226852031019424,0.9864845448823906,0.4053612360000467,0.10503780673821124
Defect_L11_B102_el2807_H4_W4.npy,-272.1474,4775.54937,0.00312274364788361,0.9864945291992593,0.40535978193812816,0.10505098107990354
Defect_L11_B103_el2811_H4_W4.npy,-272.15000000000003,4775.6275399999995,0.0031222371264424532,0.9865097579612034,0.4053598708253729,0.10506307780634103
Defect_L11_B104_el2815_H4_W4.npy,-272.2094,4775.67504,0.003110665059671546,0.9865190117183015,0.405367618150727,0.10507307475450714
Defect_L11_B105_el2835_H4_W4.npy,-272.03610000000003,4775.61012,0.0031444266618836448,0.9865063642675478,0.4053887726460003,0.10500813303120027
Defect_L11_B106_el2839_H4_W4.npy,-272.1001,4775.63662,0.0031319584417937815,0.9865115268899288,0.40534666275206005,0.10505812952767636
Defect_L11_B107_el2843_H4_W4.npy,-272.1403,4775.56549,0.003124126841049826,0.9864976696321944,0.4053642624135367,0.10505151346839217
Defect_L11_B108_el2847_H4_W4.npy,-272.1486,4775.46845,0.0031225098687569283,0.9864787646934833,0.4053623904884127,0.10504290434818717
Defect_L11_B109_el2851_H4_W4.npy,-272.14820000000003,4775.386710000001,0.0031225877951324816,0.9864628404386373,0.4053630793534062,0.10503047641348955
Defect_L11_B10_el151_H4_W4.npy,-272.1574,4775.41761,0.0031207954884945694,0.9864688602511494,0.4053764495995673,0.10503160932571214
Defect_L11_B110_el3139_H4_W4.npy,-272.1556,4775.58628,0.003121146157184598,0.9865017198555645,0.4053671996299433,0.10503499687681737
Defect_L11_B111_el3143_H4_W4.npy,-272.1782,4775.55015,0.00311674331696536,0.9864946811556917,0.405368740628132,0.10504335624045698
Defect_L11_B112_el3147_H4_W4.npy,-272.202,4775.38496,0.0031121066976194404,0.9864624995107442,0.40537621484711195,0.10504471327753924
Defect_L11_B113_el3151_H4_W4.npy,-272.3397,4774.74423,0.0030852805428323296,0.9863376750942101,0.4054006858125845,0.1050234949002955
Defect_L11_B114_el3171_H4_W4.npy,-272.34770000000003,4774.74919,0.0030837220153210883,0.986338641381267,0.4054588062077359,0.10498564832228408
Defect_L11_B115_el3175_H4_W4.npy,-272.177,4774.674669999999,0.003116977096092042,0.9863241236974997,0.4053998821230317,0.10505095951979168
Defect_L11_B116_el3179_H4_W4.npy,-272.1346,4774.88793,0.0031252372919015896,0.9863656701446305,0.4053739481543337,0.10506478275284853
Defect_L11_B117_el3183_H4_W4.npy,-272.13530000000003,4775.1062999999995,0.0031251009207443462,0.986408212101209,0.4053653193932818,0.10505851552407296
Defect_L11_B118_el3187_H4_W4.npy,-272.14689999999996,4775.250550000001,0.0031228410558530708,0.9864363143003961,0.4053633456711241,0.10504583437476273
Defect_L11_B119_el3475_H4_W4.npy,-272.14570000000003,4775.785379999999,0.0031230748349797416,0.986540507709,0.4053756032300723,0.10504122011080907
Defect_L11_B11_el155_H4_W4.npy,-272.1566,4775.40719,0.003120951341245687,0.9864668302690659,0.4053767686840142,0.10503779213374535
Defect_L11_B120_el3479_H4_W4.npy,-272.1458,4775.78114,0.003123055353385856,0.9865396816894192,0.405375361168829,0.1050404076066075
Defect_L11_B121_el3483_H4_W4.npy,-272.1585,4775.723419999999,0.003120581190961773,0.9865284369134255,0.4053762299441216,0.10502970565553996
Defect_L11_B122_el3487_H4_W4.npy,-272.42699999999996,4775.30121,0.0030682731113659966,0.9864461836758608,0.40537798610079695,0.10501190926487293
Defect_L11_B123_el3491_H4_W4.npy,-274.8143,4773.66932,0.002603189020419932,0.9861282654933224,0.40537734923224533,0.10499882900914309
Defect_L11_B124_el3495_H4_W4.npy,-271.7209,4777.22419,0.0032058326458262684,0.9868208108300549,0.4053836257482706,0.10496517985381218
Defect_L11_B125_el3499_H4_W4.npy,-272.41920000000005,4775.204769999999,0.0030697926756894337,0.9864273956267129,0.4053885378411123,0.10493107335837044
Defect_L11_B126_el3503_H4_W4.npy,-272.13050000000004,4773.94391,0.0031260360372510846,0.9861817600019862,0.40538369639017785,0.10496220417020734
Defect_L11_B127_el3507_H4_W4.npy,-272.059,4774.7376300000005,0.0031399653768827396,0.9863363893090134,0.4053792756237349,0.10498458334823023
Defect_L11_B128_el3511_H4_W4.npy,-272.0705,4774.81887,0.0031377249935853496,0.9863522161558899,0.4053822915054531,0.10499515400920517
Defect_L11_B129_el3515_H4_W4.npy,-272.09090000000003,4774.95864,0.003133750748431693,0.9863794455796704,0.4053786776575094,0.10502571488458583
Defect_L11_B12_el159_H4_W4.npy,-272.1557,4775.40676,0.003121126675590701,0.9864667464982122,0.40537777402776787,0.10504523908535933
Defect_L11_B130_el3519_H4_W4.npy,-272.113,4775.14521,0.0031294453161819164,0.9864157923893918,0.4053754111156529,0.10504568689867226
Defect_L11_B131_el3523_H4_W4.npy,-272.1349,4775.30258,0.003125178847119911,0.9864464505736971,0.40537374378638585,0.1050510715943776
Defect_L11_B132_el3811_H4_W4.npy,-272.14090000000004,4776.17237,0.0031240099514864795,0.9866158995291967,0.40537271627336297,0.10506567650034096
Defect_L11_B133_el3815_H4_W4.npy,-272.096,4776.08494,0.0031327571871432873,0.9865988667716582,0.40537481696069044,0.10505232158959552
Defect_L11_B134_el3819_H4_W4.npy,-272.0732,4775.98861,0.003137198990550307,0.9865801001522637,0.40537807197381415,0.10502566196296614
Defect_L11_B135_el3823_H4_W4.npy,-272.4548,4775.51926,0.0030628572282644564,0.986488663291339,0.405380958009401,0.10499324741368733
Defect_L11_B136_el3827_H4_W4.npy,-273.7831,4772.60187,0.0028040832166179716,0.9859203092193393,0.40538054591956924,0.10497571541491646
Defect_L11_B137_el3831_H4_W4.npy,-271.349,4778.5329,0.0032782846935047465,0.9870757683974584,0.4053875309272187,0.10494315973275328
Defect_L11_B138_el3835_H4_W4.npy,-272.0063,4774.17684,0.0031502321768629954,0.9862271384786352,0.4053931437532185,0.10490588246104829
Defect_L11_B139_el3839_H4_W4.npy,-272.0223,4772.87435,0.003147115121840535,0.9859733926663717,0.4054049811632501,0.10502054744325327
Defect_L11_B13_el163_H4_W4.npy,-272.1557,4775.40673,0.003121126675590701,0.986466740653734,0.4053812162546499,0.10505192765053348
Defect_L11_B140_el3843_H4_W4.npy,-271.93640000000005,4774.21504,0.003163849810992393,0.9862345804475013,0.40537547472486873,0.10500044263110282
Defect_L11_B141_el3847_H4_W4.npy,-272.0319,4774.90886,0.0031452448888270477,0.9863697476422317,0.4053773628112501,0.10501245374031239
Defect_L11_B142_el3851_H4_W4.npy,-272.08,4775.1915,0.0031358742421657587,0.9864248104192037,0.4053752870443069,0.10503366369646287
Defect_L11_B143_el3855_H4_W4.npy,-272.1003,4775.322749999999,0.003131919478605999,0.9864503800111848,0.4053740579619479,0.10504616059148557
Defect_L11_B144_el3859_H4_W4.npy,-272.1062,4775.43693,0.0031307700645664648,0.986472624095089,0.40537395939555493,0.1050470866412444
Defect_L11_B145_el4147_H4_W4.npy,-272.12080000000003,4776.71126,0.003127925751858457,0.9867208838905128,0.4053615718372524,0.10507583084687737
Defect_L11_B146_el4151_H4_W4.npy,-271.89570000000003,4775.74139,0.003171778819705798,0.9865319377558478,0.40536949073515355,0.10507082029443732
Defect_L11_B147_el4155_H4_W4.npy,-271.60830000000004,4774.20743,0.0032277689205468707,0.9862330978982063,0.4053881470590598,0.10504689110139889
Defect_L11_B148_el4159_H4_W4.npy,-271.8078,4772.4047900000005,0.0031889031407354887,0.9858819148941,0.405425521421852,0.10498927398780554
Defect_L11_B149_el4179_H4_W4.npy,-271.7931,4775.92224,0.0031917669350373817,0.9865671702183986,0.4054804905266327,0.1048868850224392
Defect_L11_B14_el451_H4_W4.npy,-272.1558,4775.4171,0.0031211071939968157,0.9864687608950204,0.4053811563818446,0.10499511562157873
Defect_L11_B150_el4183_H4_W4.npy,-272.12379999999996,4776.51604,0.0031273413040417584,0.9866828519229199,0.40541787773446103,0.10499250110364511
Defect_L11_B151_el4187_H4_W4.npy,-272.15790000000004,4776.0149200000005,0.0031206980805251086,0.9865852257596163,0.405384176739031,0.10503957711940867
Defect_L11_B152_el4191_H4_W4.npy,-272.1495,4775.79545,0.003122334534411914,0.9865424695055048,0.4053688177208501,0.10505618162934553
Defect_L11_B153_el4195_H4_W4.npy,-272.1282,4775.74347,0.0031264841139105734,0.9865323429730007,0.405363164494089,0.10505562835234018
Defect_L11_B154_el4483_H4_W4.npy,-272.4848,4778.85288,0.003057012750097324,0.9871381056015889,0.40535740657328156,0.10505452975314396
Defect_L11_B155_el4487_H4_W4.npy,-272.29130000000004,4777.69347,0.003094709634275286,0.986912234053864,0.4053586548673372,0.10505865582176045
Defect_L11_B156_el4491_H4_W4.npy,-271.9109,4775.832719999999,0.003168817617434455,0.9865497302955477,0.4053622218300848,0.10505466215808376
Defect_L11_B157_el4495_H4_W4.npy,-271.5064,4773.61017,0.003247620664721222,0.9861167421305362,0.40536916253861255,0.10503879387444233
Defect_L11_B158_el4515_H4_W4.npy,-272.3465,4776.84835,0.003083955794447781,0.9867475912075772,0.4053880080533725,0.10497191282902558
Defect_L11_B159_el4519_H4_W4.npy,-272.1254,4775.43276,0.0031270295985395013,0.9864718117126237,0.4053762467082047,0.10500755134180963
Defect_L11_B15_el455_H4_W4.npy,-272.1565,4775.42769,0.0031209708228395836,0.9864708239958135,0.4053789277669768,0.10500064871510542
Defect_L11_B160_el4523_H4_W4.npy,-272.14329999999995,4775.52911,0.0031235423932331275,0.9864905822283372,0.40536631134615775,0.10503441046809632
Defect_L11_B161_el4527_H4_W4.npy,-272.1817,4775.936049999999,0.0031160614611792,0.9865698606265147,0.405359676629345,0.10504826386681525
Defect_L11_B162_el4531_H4_W4.npy,-272.1983,4776.236019999999,0.0031128275165933825,0.9866282995637078,0.40535648253794243,0.10504930645415891
Defect_L11_B163_el4819_H4_W4.npy,-272.3462,4786.92785,0.003084014239229449,0.9887112384637623,0.4053585306869544,0.10505066478247498
Defect_L11_B164_el4823_H4_W4.npy,-271.9025,4788.93073,0.0031704540713212606,0.9891014314114748,0.40536453412953477,0.10504787165530355
Defect_L11_B165_el4827_H4_W4.npy,-270.28560000000004,4795.3913,0.003485451962935489,0.9903600534218813,0.40537695536334983,0.10502794390996217
Defect_L11_B166_el4831_H4_W4.npy,-265.2576,4810.751,0.004464986503745938,0.9933523677986685,0.40539718652664813,0.10498232475233425
Defect_L11_B167_el4851_H4_W4.npy,-272.47799999999995,4784.4698,0.0030583374984818833,0.9882323711451387,0.405394318011845,0.10498749842080046
Defect_L11_B168_el4855_H4_W4.npy,-272.3846,4784.70668,0.003076533307175533,0.9882785191447464,0.4053823903058755,0.1050298624097613
Defect_L11_B169_el4859_H4_W4.npy,-272.3447,4781.917100000001,0.0030843064631378096,0.987735064497898,0.4053695758590854,0.10505441099855371
Defect_L11_B16_el459_H4_W4.npy,-272.1571,4775.437779999999,0.0031208539332762374,0.9864727896886369,0.4053776042267209,0.10500307257876691
Defect_L11_B170_el4863_H4_W4.npy,-272.32599999999996,4779.97874,0.003087949521195323,0.9873574410745635,0.40536225200681225,0.10506218777875866
Defect_L11_B171_el4867_H4_W4.npy,-272.3287,4778.9894699999995,0.0030874235181602696,0.9871647155106837,0.40535907480184535,0.10505923178111862
Defect_L11_B172_el5155_H4_W4.npy,-271.4952,4784.232910000001,0.0032498026032369448,0.9881862211973719,0.40536852526073824,0.10505514110254585
Defect_L11_B173_el5159_H4_W4.npy,-271.5009,4781.951040000001,0.003248692152385192,0.9877416765508645,0.4053714945148135,0.10505597640648719
Defect_L11_B174_el5163_H4_W4.npy,-271.77160000000003,4775.727180000001,0.0031959554777238122,0.986529169421356,0.4053792270644756,0.10504261864554855
Defect_L11_B175_el5167_H4_W4.npy,-273.3131,4759.837329999999,0.0028956467079029515,0.9834335733745585,0.4053925340602617,0.10501201648276522
Defect_L11_B176_el5187_H4_W4.npy,-273.4939,4813.11122,0.002860423986149072,0.993812176273989,0.40543322568454876,0.10490783264939825
Defect_L11_B177_el5191_H4_W4.npy,-273.005,4796.85478,0.002955669498679348,0.9906451626521487,0.4054113726762366,0.10497856378471875
Defect_L11_B178_el5195_H4_W4.npy,-272.8682,4791.13114,0.002982320319121445,0.9895301063515991,0.40538955505252533,0.10503473776640984
Defect_L11_B179_el5199_H4_W4.npy,-272.8093,4787.83177,0.0029937949779229025,0.9888873364872566,0.4053752309534071,0.10506563937451358
Defect_L11_B17_el463_H4_W4.npy,-272.15819999999997,4775.437989999999,0.003120639635743452,0.9864728305999841,0.4053767181377243,0.10500566541542154
Defect_L11_B180_el5203_H4_W4.npy,-272.7921,4786.064219999999,0.002997145812072056,0.9885429895744463,0.40536777678171765,0.1050776614259637
Defect_L11_B181_el5491_H4_W4.npy,-271.7309,4775.75086,0.003203884486437217,0.9865337826627892,0.40537718605374146,0.10503293826608065
Defect_L11_B182_el5495_H4_W4.npy,-271.695,4774.87146,0.003210878378643884,0.9863624615261168,0.4053758784765373,0.10503549891940443
Defect_L11_B183_el5499_H4_W4.npy,-271.66659999999996,4773.17194,0.0032164111513087704,0.9860313679416303,0.40537563933544685,0.10502956111098571
Defect_L11_B184_el5503_H4_W4.npy,-271.8193,4769.73565,0.0031866627574380878,0.985361923878933,0.4053761984014943,0.10501807023257963
Defect_L11_B185_el5507_H4_W4.npy,-284.2062,4757.72555,0.0007734972038253333,0.9830221649710995,0.40537713737118813,0.1050046555124492
Defect_L11_B186_el5511_H4_W4.npy,-262.3378,4794.08998,0.0050338100821584976,0.9901065355442664,0.4053780048712077,0.10499040933861475
Defect_L11_B187_el5515_H4_W4.npy,-273.0665,4741.97592,0.002943688318436734,0.9799538860152552,0.4053547032310675,0.10496985302335389
Defect_L11_B188_el5519_H4_W4.npy,-272.38309999999996,4778.3191099999995,0.0030768255310838935,0.9870341186978798,0.40538156057667923,0.10498238746959505
Defect_L11_B189_el5523_H4_W4.npy,-272.3426,4778.5714499999995,0.0030847155766095054,0.9870832785519029,0.40537842236516225,0.10499814371787103
Defect_L11_B18_el467_H4_W4.npy,-272.1553,4775.4484,0.0031212046019662653,0.9864748586339083,0.4053762203404752,0.10500910382124641
Defect_L11_B190_el5527_H4_W4.npy,-272.3695,4778.91171,0.0030794750278529794,0.9871495666232747,0.4053782484594998,0.1050051205835868
Defect_L11_B191_el5531_H4_W4.npy,-272.5147,4780.46802,0.003051187753524088,0.9874527606171507,0.4053778905058694,0.10501928571973672
Defect_L11_B192_el5535_H4_W4.npy,-272.66170000000005,4781.98909,0.0030225498105051576,0.9877490892973397,0.4053777335495745,0.1050343947476123
Defect_L11_B193_el5539_H4_W4.npy,-272.76629999999994,4783.16925,0.0030021720632957966,0.9879790032757969,0.40537836158556406,0.10504339048685528
Defect_L11_B194_el5827_H4_W4.npy,-271.98969999999997,4774.9236200000005,0.003153466121448813,0.9863726231254901,0.4053794649307901,0.10502500475586082
Defect_L11_B195_el5831_H4_W4.npy,-271.9598,4774.6668899999995,0.003159291118022049,0.986322608029495,0.40537771067068196,0.10502777046148554
Defect_L11_B196_el5835_H4_W4.npy,-271.9404,4774.06517,0.0031630705472367833,0.9862053833827377,0.40537688177935227,0.10502473756147891
Defect_L11_B197_el5839_H4_W4.npy,-272.2473,4772.45893,0.0031032815355870797,0.9858924622290322,0.4053766070414965,0.10501898487574617
Defect_L11_B198_el5843_H4_W4.npy,-276.3113,4767.24374,0.0023115495598803036,0.9848764600926182,0.40537635781717024,0.1050149645958926
Defect_L11_B199_el5847_H4_W4.npy,-268.1392,4789.33208,0.003903604894199524,0.989179620788554,0.40537667440080816,0.10501248285846573
Defect_L11_B19_el471_H4_W4.npy,-272.1567,4775.4588,0.0031209318596518015,0.9864768847196729,0.40537601066890033,0.10501286953325706
Defect_L11_B1_el115_H4_W4.npy,-272.1572,4775.42755,0.0031208344516823515,0.9864707967215821,0.4053811271607797,0.10497288525096274
Defect_L11_B200_el5851_H4_W4.npy,-273.34279999999995,4761.982129999999,0.002889860674517509,0.9838514146003203,0.40537767696661337,0.10500784952488271
Defect_L11_B201_el5855_H4_W4.npy,-272.137,4776.74954,0.003124769733648215,0.986728341444654,0.40537677530707,0.10501302278767895
Defect_L11_B202_el5859_H4_W4.npy,-272.09540000000004,4777.010920000001,0.0031328740767066227,0.986779262434765,0.4053761499453509,0.10501387975325782
Defect_L11_B203_el5863_H4_W4.npy,-272.17850000000004,4776.9481399999995,0.0031166848721836814,0.9867670318901203,0.40537678774457164,0.10501236058912376
Defect_L11_B204_el5867_H4_W4.npy,-272.271,4777.16945,0.003098664397835046,0.9868101466055593,0.4053775770688998,0.10501351100017398
Defect_L11_B205_el5871_H4_W4.npy,-272.359,4777.51505,0.0030815205952114807,0.9868774749940447,0.4053789783856334,0.10501454512465656
Defect_L11_B206_el5875_H4_W4.npy,-272.4193,4777.85552,0.003069773194095548,0.9869438039767634,0.4053813598322757,0.10501175846151427
Defect_L11_B207_el6163_H4_W4.npy,-272.09139999999996,4775.117859999999,0.0031336533404622544,0.9864104641734627,0.4053796469113067,0.10503196202455446
Defect_L11_B208_el6167_H4_W4.npy,-272.0709,4774.99349,0.0031376470672097854,0.9863862349151412,0.4053779825042945,0.105032509513878
Defect_L11_B209_el6171_H4_W4.npy,-272.0662,4774.6506,0.003138562702122638,0.9863194344778504,0.4053772023173255,0.10502876942898817
Defect_L11_B20_el475_H4_W4.npy,-272.16139999999996,4775.448899999999,0.00312001622473896,0.9864749560418775,0.40537596800031606,0.10501670130193654
Defect_L11_B210_el6175_H4_W4.npy,-272.3211,4773.76918,0.0030889041192959468,0.9861477198129814,0.40537683851980316,0.10502359223374558
Defect_L11_B211_el6179_H4_W4.npy,-273.64200000000005,4771.40399,0.0028315717455973453,0.9856869431024445,0.40537657672167393,0.10502007831897191
Defect_L11_B212_el6183_H4_W4.npy,-270.3657,4782.5036199999995,0.0034698472062292683,0.987849327942384,0.4053766293011529,0.1050180065841069
Defect_L11_B213_el6187_H4_W4.npy,-273.12480000000005,4769.57646,0.0029323305491986114,0.985330911129619,0.40537692783490237,0.10501510669605056
Defect_L11_B214_el6191_H4_W4.npy,-272.12919999999997,4776.2405100000005,0.003126289297971674,0.9866291742872737,0.4053765055132258,0.10501519027085258
Defect_L11_B215_el6195_H4_W4.npy,-272.08750000000003,4776.400479999999,0.0031344131226239674,0.98666033899302,0.40537628944977055,0.10501275112613433
Defect_L11_B216_el6199_H4_W4.npy,-272.1437,4776.20173,0.003123464466857552,0.9866216193251629,0.4053769575386537,0.1050086846481802
Defect_L11_B217_el6203_H4_W4.npy,-272.19489999999996,4776.14764,0.0031134898907856676,0.9866110817310276,0.4053779658517514,0.10500583434939727
Defect_L11_B218_el6207_H4_W4.npy,-272.24150000000003,4776.15469,0.0031044114680327172,0.9866124551833969,0.4053794454643739,0.10500322181029267
Defect_L11_B219_el6211_H4_W4.npy,-272.2669,4776.14738,0.003099463143184552,0.9866110310788835,0.40538187788955865,0.10499845834455616
Defect_L11_B21_el479_H4_W4.npy,-272.1605,4775.43888,0.003120191559083963,0.9864730039861698,0.4053760559754838,0.10502062550775369
Defect_L11_B22_el483_H4_W4.npy,-272.1596,4775.428510000001,0.003120366893428977,0.9864709837448835,0.40537630454338813,0.10502447543707558
Defect_L11_B23_el487_H4_W4.npy,-272.1579,4775.41811,0.00312069808052512,0.9864689576591187,0.4053767805687385,0.10502846268299318
Defect_L11_B24_el491_H4_W4.npy,-272.1574,4775.41758,0.0031207954884945694,0.9864688544066712,0.4053775704275893,0.10503272246637951
Defect_L11_B25_el495_H4_W4.npy,-272.15610000000004,4775.3969099999995,0.003121048749215137,0.9864648275612139,0.40537866581258025,0.10503603868139412
Defect_L11_B26_el499_H4_W4.npy,-272.1571,4775.39693,0.0031208539332762374,0.9864648314575327,0.40538047193075927,0.10503521512739991
Defect_L11_B27_el787_H4_W4.npy,-272.1536,4775.41658,0.0031215357890624082,0.9864686595907323,0.4053812329285934,0.10500234805991512
Defect_L11_B28_el791_H4_W4.npy,-272.1551,4775.42757,0.0031212435651540474,0.9864708006179008,0.4053789476875995,0.10500988517544595
Defect_L11_B29_el795_H4_W4.npy,-272.1556,4775.44772,0.003121146157184598,0.9864747261590697,0.4053773740533368,0.1050122096555242
Defect_L11_B2_el119_H4_W4.npy,-272.15790000000004,4775.427860000001,0.0031206980805251086,0.9864708571145232,0.40537926079082587,0.10498235118368443
Defect_L11_B30_el799_H4_W4.npy,-272.1596,4775.44779,0.003120366893428977,0.9864747397961855,0.4053762434489386,0.10501376863456163
Defect_L11_B31_el803_H4_W4.npy,-272.1525,4775.44845,0.003121750086595204,0.9864748683747051,0.405375616176791,0.10501582794388477
Defect_L11_B32_el807_H4_W4.npy,-272.1541,4775.479149999999,0.003121438381092947,0.9864808492240293,0.4053753682947476,0.10501787063582868
Defect_L11_B33_el811_H4_W4.npy,-272.1618,4775.469340000001,0.003119938298363385,0.9864789380796689,0.40537534900246086,0.10501963938078243
Defect_L11_B34_el815_H4_W4.npy,-272.1611,4775.44946,0.0031200746695206278,0.9864750651388035,0.4053754758301737,0.10502140170707917
Defect_L11_B35_el819_H4_W4.npy,-272.1589,4775.43901,0.003120503264586209,0.9864730293122419,0.40537582247823434,0.10502284735769198
Defect_L11_B36_el823_H4_W4.npy,-272.1584,4775.42853,0.00312060067255567,0.9864709876412022,0.40537645678032563,0.10502431795297922
Defect_L11_B37_el827_H4_W4.npy,-272.15840000000003,4775.4179,0.003120600672555659,0.9864689167477717,0.40537746458342966,0.10502621531034938
Defect_L11_B38_el831_H4_W4.npy,-272.1564,4775.396879999999,0.003120990304433469,0.9864648217167358,0.40537876027052183,0.1050269844770622
Defect_L11_B39_el835_H4_W4.npy,-272.1578,4775.38701,0.0031207175621190053,0.986462898883419,0.40538074311599914,0.1050221850249092
Defect_L11_B3_el123_H4_W4.npy,-272.1574,4775.438099999999,0.0031207954884945694,0.9864728520297373,0.4053783256793995,0.10499133322190046
Defect_L11_B40_el1123_H4_W4.npy,-272.1521,4775.41623,0.0031218280129707574,0.9864685914051536,0.40538133677571087,0.10500515392702
Defect_L11_B41_el1127_H4_W4.npy,-272.1533,4775.427500000001,0.0031215942338440757,0.9864707869807853,0.40537903867563907,0.10501405397143387
Defect_L11_B42_el1131_H4_W4.npy,-272.154,4775.44775,0.0031214578626868436,0.986474732003548,0.4053772620325664,0.10501670863031759
Defect_L11_B43_el1135_H4_W4.npy,-272.1619,4775.44773,0.003119918816769499,0.9864747281072291,0.4053759659124937,0.10501815591630353
Defect_L11_B44_el1139_H4_W4.npy,-272.1481,4775.438719999999,0.0031226072767263783,0.9864729728156194,0.40537521737167975,0.10501998630475341
Defect_L11_B45_el1143_H4_W4.npy,-272.1524,4775.50994,0.00312176956818909,0.9864868476067884,0.40537495799230794,0.10502137752300093
Defect_L11_B46_el1147_H4_W4.npy,-272.1649,4775.479829999999,0.0031193343689527894,0.9864809816988678,0.4053749450334164,0.1050219269191711
Defect_L11_B47_el1151_H4_W4.npy,-272.1642,4775.46013,0.003119470740110021,0.9864771438248716,0.4053750541672994,0.1050222860481374
Defect_L11_B48_el1155_H4_W4.npy,-272.1594,4775.43945,0.0031204058566167594,0.986473115031255,0.40537544793314595,0.10502191106112535
Defect_L11_B49_el1159_H4_W4.npy,-272.1581,4775.42896,0.0031206591173373378,0.9864710714120559,0.4053762217383718,0.10502150129254169
Defect_L11_B4_el127_H4_W4.npy,-272.1584,4775.43826,0.00312060067255567,0.9864728832002877,0.4053776558017948,0.10499927813749524
Defect_L11_B50_el1163_H4_W4.npy,-272.15840000000003,4775.40812,0.003120600672555659,0.9864670114478892,0.4053773887464999,0.10502184468217374
Defect_L11_B51_el1167_H4_W4.npy,-272.15680000000003,4775.37683,0.003120912378057905,0.9864609156571609,0.4053788704711922,0.1050209952751533
Defect_L11_B52_el1171_H4_W4.npy,-272.15740000000005,4775.37687,0.0031207954884945586,0.9864609234497984,0.4053809363831314,0.10501366748826063
Defect_L11_B53_el1459_H4_W4.npy,-272.1502,4775.41637,0.0031221981632546824,0.9864686186793851,0.40538138727079215,0.10500673474137566
Defect_L11_B54_el1463_H4_W4.npy,-272.15200000000004,4775.43791,0.003121847494564643,0.9864728150147091,0.4053791196936634,0.105016107541488
Defect_L11_B55_el1467_H4_W4.npy,-272.1543,4775.4581,0.003121399417905176,0.9864767483485155,0.40537722919461716,0.10501880641630917
Defect_L11_B56_el1471_H4_W4.npy,-272.1698,4775.4478,0.0031183797708521544,0.9864747417443448,0.4053758230212267,0.10502013434265214
Defect_L11_B57_el1475_H4_W4.npy,-272.1426,4775.41917,0.0031236787643903483,0.9864691641640141,0.40537497626250857,0.10502210185051952
Defect_L11_B58_el1479_H4_W4.npy,-272.1495,4775.54119,0.003122334534411914,0.986492935604879,0.40537470611940873,0.10502334141459896
Defect_L11_B59_el1483_H4_W4.npy,-272.1687,4775.48045,0.0031185940683849506,0.9864811024847501,0.40537474732803325,0.10502300734047794
Defect_L11_B5_el131_H4_W4.npy,-272.1578,4775.4384,0.0031207175621190053,0.9864729104745191,0.40537720753884593,0.10500614571308331
Defect_L11_B60_el1487_H4_W4.npy,-272.16790000000003,4775.4612,0.003118749921136068,0.9864773522779261,0.4053748270951001,0.10502260754143394
Defect_L11_B61_el1491_H4_W4.npy,-272.1582,4775.429880000001,0.003120639635743441,0.9864712506427198,0.40537524035881667,0.10502103541642827
Defect_L11_B62_el1495_H4_W4.npy,-272.1579,4775.41916,0.00312069808052512,0.9864691622158547,0.4053761117431747,0.10501958261722485
Defect_L11_B63_el1499_H4_W4.npy,-272.15749999999997,4775.398179999999,0.003120776006900684,0.9864650749774563,0.4053773290687735,0.1050193418255028
Defect_L11_B64_el1503_H4_W4.npy,-272.15520000000004,4775.36652,0.003121224083560151,0.9864589071048306,0.4053788924324265,0.10501773697088701
Defect_L11_B65_el1507_H4_W4.npy,-272.156,4775.35657,0.0031210682308090336,0.9864569686862386,0.4053809108042617,0.10500899143779997
Defect_L11_B66_el1795_H4_W4.npy,-272.1507,4775.43729,0.0031221007552852324,0.9864726942288269,0.4053809775725847,0.10501087336011047
Defect_L11_B67_el1799_H4_W4.npy,-272.1513,4775.448899999999,0.003121983865721886,0.9864749560418775,0.4053789356817444,0.10501845445885272
Defect_L11_B68_el1803_H4_W4.npy,-272.1546,4775.4788,0.0031213409731234974,0.9864807810384508,0.4053771975025143,0.10501952645420067
Defect_L11_B69_el1807_H4_W4.npy,-272.1823,4775.4379,0.003115944571615854,0.9864728130665497,0.4053759321072896,0.1050194353238317
Defect_L11_B6_el135_H4_W4.npy,-272.15930000000003,4775.43841,0.003120425338210645,0.9864729124226785,0.40537689640286423,0.10501201969814539
Defect_L11_B70_el1811_H4_W4.npy,-272.1374,4775.36966,0.0031246918072726504,0.986459518826879,0.4053750714566271,0.10502096849343164
Defect_L11_B71_el1815_H4_W4.npy,-272.147,4775.5827,0.0031228215742591745,0.986501022414503,0.4053748750108368,0.10502174948185929
Defect_L11_B72_el1819_H4_W4.npy,-272.1723,4775.47075,0.0031178927310048943,0.9864792127701428,0.40537504721719114,0.10502015838901757
Defect_L11_B73_el1823_H4_W4.npy,-272.173,4775.4424,0.0031177563598476623,0.9864736897382748,0.4053749538839094,0.10501994170101799
Defect_L11_B74_el1827_H4_W4.npy,-272.1565,4775.399509999999,0.0031209708228395836,0.986465334082655,0.4053752619315266,0.10501850461588218
Defect_L11_B75_el1831_H4_W4.npy,-272.15380000000005,4775.39847,0.003121496825874615,0.9864651314740788,0.4053760982951926,0.10501755404369538
Defect_L11_B76_el1835_H4_W4.npy,-272.1535,4775.3776100000005,0.0031215552706562936,0.9864610676135932,0.40537714239921374,0.10501817933563172
Defect_L11_B77_el1839_H4_W4.npy,-272.1512,4775.35582,0.0031220033473157716,0.9864568225742844,0.4053785958577474,0.10501698853620857
Defect_L11_B78_el1843_H4_W4.npy,-272.15299999999996,4775.345880000001,0.0031216526786257545,0.9864548861038519,0.40538046639154074,0.10500833947914821
Defect_L11_B79_el2131_H4_W4.npy,-272.1531,4775.45941,0.003121633197031858,0.9864770035573956,0.40537942827691636,0.1050257494847986
Defect_L11_B7_el139_H4_W4.npy,-272.1601,4775.4283700000005,0.0031202694854595273,0.9864709564706521,0.405376673685915,0.10501716828716967
Defect_L11_B80_el2135_H4_W4.npy,-272.1519,4775.48042,0.0031218669761585395,0.9864810966402718,0.40537819539217507,0.10502743123572736
Defect_L11_B81_el2139_H4_W4.npy,-272.15500000000003,4775.51994,0.003121263046747933,0.9864887957661774,0.4053772385378715,0.10502194760721469
Defect_L11_B82_el2143_H4_W4.npy,-272.20619999999997,4775.44838,0.0031112884706760487,0.9864748547375893,0.40537664973107485,0.10501550357876865
Defect_L11_B83_el2147_H4_W4.npy,-272.1318,4775.28094,0.003125782776530517,0.9864422347567793,0.4053760855890272,0.10501361237870113
Defect_L11_B84_el2151_H4_W4.npy,-272.14430000000004,4775.67582,0.0031233475772942053,0.9865191636747339,0.4053766511618995,0.10501006171177853
Defect_L11_B85_el2155_H4_W4.npy,-272.1733,4775.45026,0.0031176979150659948,0.9864752209915545,0.4053773042634028,0.10500415775844485
Defect_L11_B86_el2159_H4_W4.npy,-272.18059999999997,4775.42358,0.0031162757587119964,0.9864700233023045,0.4053764053032563,0.10500828191204502
Defect_L11_B87_el2163_H4_W4.npy,-272.14520000000005,4775.34724,0.0031231722429491916,0.9864551510535287,0.4053756760031402,0.10501346929659308
Defect_L11_B88_el2167_H4_W4.npy,-272.1438,4775.36616,0.003123444985263666,0.9864588369710926,0.40537606257669484,0.1050169366787915
Defect_L11_B89_el2171_H4_W4.npy,-272.1464,4775.36577,0.0031229384638225095,0.9864587609928767,0.40537658405191934,0.10502115403022638
Defect_L11_B8_el143_H4_W4.npy,-272.1592,4775.42835,0.0031204448198045415,0.9864709525743331,0.4053765223133787,0.10502189964545938
Defect_L11_B90_el2175_H4_W4.npy,-272.1442,4775.34414,0.003123367058888102,0.9864545471241181,0.40537770540030865,0.10502181394365841
Defect_L11_B91_el2179_H4_W4.npy,-272.1458,4775.334330000001,0.003123055353385856,0.9864526359797575,0.4053792845949414,0.10501380140780006
Defect_L11_B92_el2467_H4_W4.npy,-272.147,4775.48993,0.0031228215742591745,0.9864829493398508,0.40537208628232263,0.10505134018420939
Defect_L11_B93_el2471_H4_W4.npy,-272.1393,4775.557140000001,0.0031243216569887366,0.9864960429191048,0.40537396388569613,0.10505354375667615
Defect_L11_B94_el2475_H4_W4.npy,-272.1443,4775.66383,0.0031233475772942166,0.9865168278316264,0.40537808655997204,0.10504226441450924
Defect_L11_B95_el2479_H4_W4.npy,-272.2341,4775.632930000001,0.0031058531059806123,0.9865108080191143,0.4053841487776722,0.10501467517707616
Defect_L11_B96_el2499_H4_W4.npy,-272.1045,4775.29403,0.0031311012516626073,0.9864447848974196,0.4053787453839439,0.10500594501106827
Defect_L11_B97_el2503_H4_W4.npy,-272.1244,4775.40956,0.003127224414478412,0.9864672919828412,0.40537697937691103,0.10502463149236493
Defect_L11_B98_el2507_H4_W4.npy,-272.1376,4775.424010000001,0.0031246528440848683,0.9864701070731584,0.4053744608795614,0.10503562447552268
Defect_L11_B99_el2511_H4_W4.npy,-272.1388,4775.38381,0.0031244190649581866,0.9864622754724144,0.40537363270870586,0.10503728960519773
Defect_L11_B9_el147_H4_W4.npy,-272.1582,4775.41801,0.003120639635743441,0.986468938177525,0.405376430987355,0.10502652604450638
Defect_L12_B100_el2515_H4_W4.npy,-272.11420000000004,4775.18412,0.0031292115370552234,0.9864233726775745,0.4053721695855345,0.10504722423085879
Defect_L12_B101_el2803_H4_W4.npy,-272.1267,4775.49213,0.003126776337818923,0.9864833779349164,0.40535496874971705,0.10505690673384986
Defect_L12_B102_el2807_H4_W4.npy,-272.1263,4775.58374,0.003126854264194487,0.9865012250230795,0.4053532547285433,0.10507459517718659
Defect_L12_B103_el2811_H4_W4.npy,-272.13059999999996,4775.69301,0.00312601655565721,0.9865225125607235,0.4053531328747439,0.10509045401363169
Defect_L12_B104_el2815_H4_W4.npy,-272.2023,4775.75288,0.003112048252837773,0.9865341761909857,0.4053612225273778,0.10510328565499724
Defect_L12_B105_el2835_H4_W4.npy,-272.0383,4775.553989999999,0.0031439980668180635,0.986495429248897,0.40538164838647994,0.10501906067616068
Defect_L12_B106_el2839_H4_W4.npy,-272.10179999999997,4775.55948,0.00313162725469765,0.9864964987884016,0.40533730415630137,0.10507483561235628
Defect_L12_B107_el2843_H4_W4.npy,-272.1356,4775.45516,0.0031250424759626787,0.9864761755896553,0.40532660066463266,0.10507243801929403
Defect_L12_B108_el2847_H4_W4.npy,-272.1363,4775.32434,0.0031249061048054467,0.9864506897685278,0.4053548158911826,0.10505893975460583
Defect_L12_B109_el2851_H4_W4.npy,-272.127,4775.22883,0.0031267178930372555,0.9864320828982029,0.40535645521672314,0.10504445304179295
Defect_L12_B10_el151_H4_W4.npy,-272.1596,4775.4182,0.003120366893428977,0.9864689751925533,0.40537658746771515,0.10505027334236461
Defect_L12_B110_el3139_H4_W4.npy,-272.1118,4775.56358,0.003129679095308598,0.9864972975337511,0.4053619418372742,0.10505405968511186
Defect_L12_B111_el3143_H4_W4.npy,-272.1323,4775.584870000001,0.0031256853685610675,0.9865014451650905,0.405361960826241,0.10506432284746518
Defect_L12_B112_el3147_H4_W4.npy,-272.1579,4775.47675,0.00312069808052512,0.9864803816657761,0.40536768488460667,0.10506675239910056
Defect_L12_B113_el3151_H4_W4.npy,-272.30080000000004,4774.918320000001,0.003092858882855695,0.986371590601014,0.40539030482397753,0.10504717744127079
Defect_L12_B114_el3171_H4_W4.npy,-272.41389999999996,4774.7394300000005,0.0030708252001656437,0.9863367399777033,0.4054627006421333,0.10501595018639918
Defect_L12_B115_el3175_H4_W4.npy,-272.2099,4774.61042,0.0031105676517020958,0.9863116067734252,0.4053985896240524,0.10508386270592043
Defect_L12_B116_el3179_H4_W4.npy,-272.14660000000003,4774.77379,0.0031228995006347274,0.9863434338533641,0.40537047273649934,0.10509536832810895
Defect_L12_B117_el3183_H4_W4.npy,-272.1331,4774.97524,0.0031255295158099388,0.9863826795242562,0.40536079003854014,0.10508547117750147
Defect_L12_B118_el3187_H4_W4.npy,-272.13590000000005,4775.10467,0.003124984031181,0.9864078945512286,0.4053581234691513,0.1050682474624182
Defect_L12_B119_el3475_H4_W4.npy,-272.0887,4775.78596,0.0031341793434972857,0.9865406207022447,0.40537489732697407,0.10506576310777514
Defect_L12_B11_el155_H4_W4.npy,-272.1579,4775.40765,0.00312069808052512,0.9864669198843978,0.4053767004110814,0.10505788124904365
Defect_L12_B120_el3479_H4_W4.npy,-272.0768,4775.84041,0.0031364976531702508,0.986551228430118,0.40537401427797565,0.10506454424687252
Defect_L12_B121_el3483_H4_W4.npy,-272.0777,4775.8650099999995,0.003136322318825237,0.986556020902215,0.4053744636317654,0.10505146640229171
Defect_L12_B122_el3487_H4_W4.npy,-272.3647,4775.52709,0.0030804101443597173,0.9864901887001405,0.40537630640751715,0.1050301227036278
Defect_L12_B123_el3491_H4_W4.npy,-275.8175,4773.88845,0.002407749670511214,0.9861709555100147,0.4053770575729609,0.10500983005334769
Defect_L12_B124_el3495_H4_W4.npy,-271.9303,4777.62042,0.0031650381882197204,0.986898002749527,0.4053826173173905,0.10497614118531044
Defect_L12_B125_el3499_H4_W4.npy,-272.5079,4775.0508,0.0030525125019086365,0.9863973998165999,0.40539254970820815,0.10492624629354834
Defect_L12_B126_el3503_H4_W4.npy,-272.1652,4773.78677,0.0031192759241711106,0.9861511466253468,0.40538707453918943,0.10495440287169444
Defect_L12_B127_el3507_H4_W4.npy,-272.0633,4774.60217,0.0031391276683454513,0.9863099995419293,0.40538348325459767,0.10497674813086985
Defect_L12_B128_el3511_H4_W4.npy,-272.0598,4774.59793,0.003139809524131622,0.9863091735223483,0.4053862353535149,0.1049975124846502
Defect_L12_B129_el3515_H4_W4.npy,-272.0716,4774.73016,0.0031375106960525533,0.9863349340339497,0.4053808197849423,0.10504084080537246
Defect_L12_B12_el159_H4_W4.npy,-272.1571,4775.396989999999,0.0031208539332762374,0.986464843146489,0.40537760910114556,0.10506728638212515
Defect_L12_B130_el3519_H4_W4.npy,-272.0884,4774.95319,0.0031342377882789645,0.9863783838328035,0.40537591268933415,0.10506900280800388
Defect_L12_B131_el3523_H4_W4.npy,-272.10609999999997,4775.13824,0.0031307895461603614,0.9864144345222977,0.40537304289587517,0.10507768628081385
Defect_L12_B132_el3811_H4_W4.npy,-272.0995,4776.29456,0.0031320753313571277,0.9866397040887714,0.40537174605781606,0.1050983797845309
Defect_L12_B133_el3815_H4_W4.npy,-272.0371,4776.225670000001,0.003144231845944745,0.9866262832187405,0.40537494950548136,0.10507817243655286
Defect_L12_B134_el3819_H4_W4.npy,-271.9897,4776.11996,0.0031534661214488017,0.9866056892258387,0.40537968721397577,0.10504016898464126
Defect_L12_B135_el3823_H4_W4.npy,-272.398,4775.66432,0.003073922773594207,0.9865169232914364,0.40538388584664253,0.1049934800976242
Defect_L12_B136_el3827_H4_W4.npy,-273.7563,4772.60784,0.002809304283780601,0.9859214722704943,0.40538311287288326,0.10496671342775062
Defect_L12_B137_el3831_H4_W4.npy,-271.9489,4778.93211,0.0031614146117561037,0.9871535408684282,0.40538997241078245,0.10493529824512708
Defect_L12_B138_el3835_H4_W4.npy,-272.0432,4773.735049999999,0.003143043468717429,0.9861410707449865,0.40539833591799945,0.10489409937778832
Defect_L12_B139_el3839_H4_W4.npy,-272.056,4772.81791,0.0031405498246994605,0.98596239725478,0.40540885007184596,0.10501280130123289
Defect_L12_B13_el163_H4_W4.npy,-272.1562,4775.39683,0.003121029267621251,0.9864648119759388,0.40538182496973907,0.1050766824097765
Defect_L12_B140_el3843_H4_W4.npy,-271.896,4773.882790000001,0.00317172037492413,0.9861698528518005,0.40537784915809105,0.10500386261277242
Defect_L12_B141_el3847_H4_W4.npy,-271.96250000000003,4774.46725,0.0031587651149869956,0.9862837149754523,0.405377051119878,0.10502903915774969
Defect_L12_B142_el3851_H4_W4.npy,-272.0097,4774.82801,0.0031495698026707208,0.9863539967735714,0.40537370551812413,0.10505751539948799
Defect_L12_B143_el3855_H4_W4.npy,-272.0347,4775.07181,0.00314469940419812,0.9864014928994763,0.4053721794491066,0.10507320300265915
Defect_L12_B144_el3859_H4_W4.npy,-272.0437,4775.27809,0.003142946060747979,0.9864416795313534,0.40537215515421765,0.10507400865995448
Defect_L12_B145_el4147_H4_W4.npy,-272.1178,4777.26675,0.0031285101996751784,0.9868291021964146,0.4053544673310606,0.10511109651219266
Defect_L12_B146_el4151_H4_W4.npy,-271.8472,4776.18651,0.003181227392742662,0.9866186542265729,0.40536334160642723,0.10510717259901514
Defect_L12_B147_el4155_H4_W4.npy,-271.4981,4774.4787,0.00324923763701412,0.9862859456179527,0.4053835432651626,0.1050829860864305
Defect_L12_B148_el4159_H4_W4.npy,-271.6926,4772.40276,0.0032113459368972473,0.9858815194177439,0.40542219286699094,0.10502698759773514
Defect_L12_B149_el4179_H4_W4.npy,-271.6781,4775.30586,0.0032141707680113695,0.9864470895699768,0.40546978013126167,0.10490746000332578
Defect_L12_B14_el451_H4_W4.npy,-272.1533,4775.41591,0.0031215942338440757,0.9864685290640531,0.405382874186216,0.10500069538736799
Defect_L12_B150_el4183_H4_W4.npy,-272.03700000000003,4776.05182,0.0031442513275386306,0.9865924144677617,0.4054061026005077,0.10501999046991346
Defect_L12_B151_el4187_H4_W4.npy,-272.0896,4775.73485,0.0031340040091522715,0.9865306636596073,0.40537381166481296,0.10506741435182908
Defect_L12_B152_el4191_H4_W4.npy,-272.0914,4775.66916,0.0031336533404622436,0.9865178662005808,0.40535980918989556,0.10508392948535429
Defect_L12_B153_el4195_H4_W4.npy,-272.0722,4775.72877,0.003137393806489207,0.9865294791786987,0.4053551850491728,0.10508193870838989
Defect_L12_B154_el4483_H4_W4.npy,-272.60540000000003,4779.95278,0.0030335179478654696,0.9873523836527895,0.4053494347797038,0.10507453409798924
Defect_L12_B155_el4487_H4_W4.npy,-272.3334,4778.41,0.0030865078832474284,0.987051825518567,0.4053512121084718,0.10507915686484362
Defect_L12_B156_el4491_H4_W4.npy,-271.85690000000005,4776.2089,0.003179337678135278,0.9866230161554448,0.40535530291257915,0.10507474623699342
Defect_L12_B157_el4495_H4_W4.npy,-271.3857,4773.74285,0.003271134948546962,0.9861425903093101,0.4053631457628661,0.10505701708081806
Defect_L12_B158_el4515_H4_W4.npy,-272.3386,4776.79639,0.003085494840365126,0.9867374685713918,0.4053889651623272,0.10496902781471479
Defect_L12_B159_el4519_H4_W4.npy,-272.11560000000003,4775.46795,0.0031289387947407597,0.9864786672855138,0.40537412899834363,0.10501399850439365
Defect_L12_B15_el455_H4_W4.npy,-272.15450000000004,4775.4265700000005,0.0031213604547173828,0.986470605801962,0.4053800386360677,0.10500765215142736
Defect_L12_B160_el4523_H4_W4.npy,-272.1395,4775.68655,0.0031242826938009545,0.9865212540497583,0.4053609575448693,0.10504869453101998
Defect_L12_B161_el4527_H4_W4.npy,-272.1824,4776.19522,0.0031159250900219685,0.9866203510734006,0.4053523758407191,0.10506610811898837
Defect_L12_B162_el4531_H4_W4.npy,-272.20079999999996,4776.5559,0.0031123404767461334,0.9866906172862446,0.40534806106753996,0.10506768232671126
Defect_L12_B163_el4819_H4_W4.npy,-272.4149,4790.56829,0.003070630384226733,0.9894204542003868,0.4053493277700743,0.10507102744233772
Defect_L12_B164_el4823_H4_W4.npy,-272.0329,4791.61087,0.003145050072888148,0.9896235654019696,0.405355914658857,0.10506752541239824
Defect_L12_B165_el4827_H4_W4.npy,-270.4487,4796.5646,0.0034536774833002237,0.9905886309629975,0.40536969934275213,0.10504440205128736
Defect_L12_B166_el4831_H4_W4.npy,-265.58910000000003,4809.617200000001,0.004400405019999186,0.993131485487139,0.4053931317382935,0.1049913991887154
Defect_L12_B167_el4851_H4_W4.npy,-272.5252,4785.40763,0.0030491421861655976,0.9884150753771213,0.40538704212042076,0.10501093579371111
Defect_L12_B168_el4855_H4_W4.npy,-272.4703,4786.41041,0.003059837581211435,0.9886104329043358,0.40537422885502356,0.10505634518490814
Defect_L12_B169_el4859_H4_W4.npy,-272.4429,4783.73473,0.0030651755379374106,0.9880891677929284,0.40536142012471094,0.10508096790539202
Defect_L12_B16_el459_H4_W4.npy,-272.1535,4775.44691,0.0031215552706562936,0.9864745683581592,0.40537836987069653,0.10501041218041075
Defect_L12_B170_el4863_H4_W4.npy,-272.42240000000004,4781.6478099999995,0.0030691692646849416,0.9876826025137103,0.40535416226811083,0.10508777668017918
Defect_L12_B171_el4867_H4_W4.npy,-272.4199,4780.47894,0.0030696563045322124,0.9874548880072035,0.40535079946289415,0.10508337746077023
Defect_L12_B172_el5155_H4_W4.npy,-271.12649999999996,4789.30923,0.0033216312399109416,0.98917516924435,0.4053617790522941,0.10508479420921109
Defect_L12_B173_el5159_H4_W4.npy,-270.95950000000005,4788.241679999999,0.003354165501707931,0.9889671934887727,0.4053641497242713,0.1050883560464528
Defect_L12_B174_el5163_H4_W4.npy,-270.7561,4784.2584799999995,0.003393791063681059,0.9881912026409294,0.4053713890419733,0.10507649329281293
Defect_L12_B175_el5167_H4_W4.npy,-271.14300000000003,4772.65605,0.0033184167769190094,0.9859308643469089,0.4053852976562795,0.10504600736494876
Defect_L12_B176_el5187_H4_W4.npy,-274.0763,4832.45327,0.0027469631833312498,0.9975803159050715,0.40544844845488176,0.10489876482667494
Defect_L12_B177_el5191_H4_W4.npy,-273.5142,4809.03403,0.0028564692225893124,0.9930178746760481,0.40541700692858634,0.10499774252558716
Defect_L12_B178_el5195_H4_W4.npy,-273.26399999999995,4799.298220000001,0.002905212170503162,0.9911211837099051,0.40538965859706183,0.10506668726735872
Defect_L12_B179_el5199_H4_W4.npy,-273.12749999999994,4793.81716,0.002931804546163591,0.9900533858598145,0.4053724270980961,0.10510245089337276
Defect_L12_B17_el463_H4_W4.npy,-272.15509999999995,4775.45745,0.0031212435651540586,0.9864766217181553,0.4053772511651486,0.10501360582135251
Defect_L12_B180_el5203_H4_W4.npy,-273.069,4790.96281,0.0029432012785894734,0.9894973129846033,0.40536334069890834,0.10511628429897132
Defect_L12_B181_el5491_H4_W4.npy,-271.4473,4776.1334799999995,0.003259134286710462,0.9866083231373326,0.40537575834364753,0.10505543202634011
Defect_L12_B182_el5495_H4_W4.npy,-271.33720000000005,4774.868350000001,0.003280583521583804,0.986361855648547,0.4053747079870966,0.10505908450575695
Defect_L12_B183_el5499_H4_W4.npy,-271.2059,4772.3473,0.003306162854361942,0.9858707149257724,0.40537504118226314,0.10505080949091691
Defect_L12_B184_el5503_H4_W4.npy,-271.32439999999997,4767.11351,0.0032830771656017946,0.9848510892128948,0.4053769547304404,0.10503316780062223
Defect_L12_B185_el5507_H4_W4.npy,-285.1774,4751.18808,0.0005842919639615587,0.9817485616149912,0.4053821992865006,0.10500145450338597
Defect_L12_B186_el5511_H4_W4.npy,-263.896,4794.85195,0.004730247886157933,0.9902549794452333,0.40538085098553406,0.10499217630792987
Defect_L12_B187_el5515_H4_W4.npy,-272.4774,4743.31677,0.0030584543880452187,0.9802151049669351,0.40535707270152405,0.10497249553672096
Defect_L12_B188_el5519_H4_W4.npy,-271.61589999999995,4775.04593,0.0032262883194112157,0.9863964510629775,0.40538147412183584,0.10498917303430551
Defect_L12_B189_el5523_H4_W4.npy,-271.9147,4774.8498899999995,0.0031680773168666276,0.9863582593463145,0.40537801158052167,0.10500300180548595
Defect_L12_B18_el467_H4_W4.npy,-272.1539,4775.468580000001,0.0031214773442807295,0.9864787900195554,0.40537663923640344,0.10501809201880469
Defect_L12_B190_el5527_H4_W4.npy,-272.23010000000005,4777.30648,0.003106632369736222,0.9868368422336674,0.4053791967517358,0.10501001276200073
Defect_L12_B191_el5531_H4_W4.npy,-272.5566,4780.83652,0.003043024965684001,0.9875245502906368,0.4053793958975455,0.10502960308111213
Defect_L12_B192_el5535_H4_W4.npy,-272.8131,4783.72685,0.002993054677355064,0.9880876326433299,0.40537927417771613,0.1050520830011675
Defect_L12_B193_el5539_H4_W4.npy,-272.99010000000004,4785.8551,0.0029585722561690122,0.9885022496653028,0.40537996221969996,0.10506709280515643
Defect_L12_B194_el5827_H4_W4.npy,-271.87300000000005,4774.61451,0.003176201141518921,0.9863124035706154,0.40537962964172614,0.10504240457064155
Defect_L12_B195_el5831_H4_W4.npy,-271.8368,4774.09376,0.003183253478507267,0.986210953170431,0.4053781056059399,0.10504496063295106
Defect_L12_B196_el5835_H4_W4.npy,-271.825,4773.12255,0.0031855523065863352,0.9860217459824078,0.40537765984973023,0.10503981188806186
Defect_L12_B197_el5839_H4_W4.npy,-272.2348,4770.95007,0.00310571673482338,0.9855985122514571,0.40537796903757994,0.1050309374362377
Defect_L12_B198_el5843_H4_W4.npy,-276.88300000000004,4765.15985,0.002200173287608754,0.9844704851056951,0.40537811610032326,0.1050245423014118
Defect_L12_B199_el5847_H4_W4.npy,-268.2714,4791.17742,0.003877850227076383,0.9895391224332515,0.4053780883781346,0.10502356809774718
Defect_L12_B19_el471_H4_W4.npy,-272.158,4775.479689999999,0.003120678598931223,0.9864809544246363,0.4053763834853537,0.10502321196103921
Defect_L12_B1_el115_H4_W4.npy,-272.1564,4775.41698,0.003120990304433469,0.9864687375171078,0.40538222003186136,0.10496991609626233
Defect_L12_B200_el5851_H4_W4.npy,-273.2753,4763.218150000001,0.002903010750393532,0.984092210997125,0.40537823177997173,0.10502162140619668
Defect_L12_B201_el5855_H4_W4.npy,-271.8709,4777.094700000001,0.0031766102549906283,0.9867955841141264,0.40537609834309013,0.10502864644019633
Defect_L12_B202_el5859_H4_W4.npy,-271.8868,4776.35394,0.003173512681562053,0.9866512722592236,0.4053751794365785,0.10502829441786896
Defect_L12_B203_el5863_H4_W4.npy,-272.0649,4776.28562,0.003138815962843205,0.9866379624342775,0.4053764828120535,0.1050251020085162
Defect_L12_B204_el5867_H4_W4.npy,-272.236,4776.85847,0.0031054829556966985,0.9867495627448789,0.4053781776708308,0.10502562338399092
Defect_L12_B205_el5871_H4_W4.npy,-272.3841,4777.5952800000005,0.003076630715144983,0.986893105076823,0.40538049828899075,0.10502703080215474
Defect_L12_B206_el5875_H4_W4.npy,-272.4896,4778.25988,0.0030560776335905857,0.9870225797498186,0.40538386209067273,0.10502387987750152
Defect_L12_B207_el6163_H4_W4.npy,-272.0464,4774.8993900000005,0.003142420057712937,0.9863679027352905,0.40538011533469165,0.10505094582109545
Defect_L12_B208_el6167_H4_W4.npy,-272.03479999999996,4774.66284,0.0031446799226042344,0.9863218190249425,0.4053785800220184,0.10505034700397259
Defect_L12_B209_el6171_H4_W4.npy,-272.0503,4774.175029999999,0.0031416602755512126,0.9862267858617856,0.40537803913575343,0.10504452823932459
Defect_L12_B20_el475_H4_W4.npy,-272.1641,4775.469950000001,0.0031194902217039065,0.9864790569173917,0.4053763744898566,0.10502843671422196
Defect_L12_B210_el6175_H4_W4.npy,-272.3823,4773.1241199999995,0.003076981383835011,0.9860220518434318,0.4053779405127516,0.10503721783133213
Defect_L12_B211_el6179_H4_W4.npy,-273.9511,4770.70965,0.00277135413888206,0.9855516746034257,0.40537776368379774,0.10503261770626143
Defect_L12_B212_el6183_H4_W4.npy,-270.31829999999997,4783.6409699999995,0.0034790814817333366,0.9880709018504967,0.4053775527052278,0.10503144036063605
Defect_L12_B213_el6187_H4_W4.npy,-273.1269,4770.1830899999995,0.0029319214357269264,0.9854490923226363,0.4053773219033277,0.10502963136621347
Defect_L12_B214_el6191_H4_W4.npy,-272.0172,4776.728660000001,0.0031481086831289407,0.9867242736878499,0.40537632935528867,0.10502971905002662
Defect_L12_B215_el6195_H4_W4.npy,-271.98479999999995,4776.3556,0.0031544207195494476,0.9866515956536821,0.40537600797806334,0.10502581789795351
Defect_L12_B216_el6199_H4_W4.npy,-272.0786,4775.9483,0.003136146984480223,0.9865722471217664,0.40537706261171197,0.10502001228568082
Defect_L12_B217_el6203_H4_W4.npy,-272.1663,4775.9115,0.0031190616266383252,0.9865650778952147,0.40537869336296234,0.10501572570013107
Defect_L12_B218_el6207_H4_W4.npy,-272.2404,4776.000319999999,0.0031046257655655135,0.986582381446908,0.4053809169819137,0.10501215741351315
Defect_L12_B219_el6211_H4_W4.npy,-272.2852,4776.050109999999,0.0030958980115026137,0.9865920813325061,0.4053842308948221,0.10500582049282557
Defect_L12_B21_el479_H4_W4.npy,-272.1635,4775.4501199999995,0.003119607111267253,0.9864751937173231,0.405376501313846,0.10503361835034289
Defect_L12_B22_el483_H4_W4.npy,-272.16270000000003,4775.4396799999995,0.0031197629640183707,0.9864731598389208,0.40537679191871057,0.10503869129538637
Defect_L12_B23_el487_H4_W4.npy,-272.1612,4775.41905,0.003120055187926731,0.9864691407861015,0.4053773110007354,0.10504407724991882
Defect_L12_B24_el491_H4_W4.npy,-272.1591,4775.40814,0.003120464301398427,0.9864670153442078,0.40537815044349235,0.1050499731450486
Defect_L12_B25_el495_H4_W4.npy,-272.1579,4775.387070000001,0.00312069808052512,0.9864629105723753,0.4053793644908394,0.1050549306672506
Defect_L12_B26_el499_H4_W4.npy,-272.15740000000005,4775.37657,0.0031207954884945586,0.9864608650050167,0.40538143846450664,0.10505483148470597
Defect_L12_B27_el787_H4_W4.npy,-272.15009999999995,4775.40457,0.0031222176448485787,0.986466319851306,0.4053831986322622,0.10501114597583411
Defect_L12_B28_el791_H4_W4.npy,-272.1507,4775.425560000001,0.0031221007552852324,0.9864704090378638,0.4053802473154283,0.1050210104624898
Defect_L12_B29_el795_H4_W4.npy,-272.1505,4775.45622,0.0031221397184730037,0.9864763820945505,0.40537816868774396,0.10502378722933597
Defect_L12_B2_el119_H4_W4.npy,-272.1559,4775.42724,0.00312108771240293,0.986470736328641,0.40538004368918373,0.10498269158050798
Defect_L12_B30_el799_H4_W4.npy,-272.15479999999997,4775.46702,0.003121302009935726,0.9864784861066906,0.40537669955302935,0.10502565927936476
Defect_L12_B31_el803_H4_W4.npy,-272.15029999999996,4775.47884,0.0031221786816607966,0.9864807888310884,0.40537587511370377,0.10502819009002427
Defect_L12_B32_el807_H4_W4.npy,-272.15709999999996,4775.510740000001,0.003120853933276248,0.9864870034595397,0.4053755735093,0.10503082980853609
Defect_L12_B33_el811_H4_W4.npy,-272.1676,4775.49125,0.003118808365917747,0.9864832064968903,0.4053756219152659,0.10503306242269436
Defect_L12_B34_el815_H4_W4.npy,-272.1672,4775.4716100000005,0.003118886292293311,0.9864793803118502,0.4053758564891171,0.10503496170689133
Defect_L12_B35_el819_H4_W4.npy,-272.1653,4775.451059999999,0.003119256442577225,0.9864753768443055,0.40537630363946264,0.10503649242623866
Defect_L12_B36_el823_H4_W4.npy,-272.1631,4775.42019,0.0031196850376428173,0.9864693628762716,0.4053770327705233,0.10503842941792123
Defect_L12_B37_el827_H4_W4.npy,-272.1605,4775.398789999999,0.003120191559083963,0.986465193815179,0.40537812621562724,0.10504119827515256
Defect_L12_B38_el831_H4_W4.npy,-272.15790000000004,4775.35696,0.0031206980805251086,0.9864570446644548,0.40537959787129574,0.10504281026609703
Defect_L12_B39_el835_H4_W4.npy,-272.15680000000003,4775.33607,0.003120912378057905,0.9864529749594911,0.4053819293451691,0.10503730771002198
Defect_L12_B3_el123_H4_W4.npy,-272.15619999999996,4775.43747,0.0031210292676212624,0.986472729295696,0.4053790468612481,0.10499548986282808
Defect_L12_B40_el1123_H4_W4.npy,-272.1455,4775.403,0.0031231137981675237,0.986466013990282,0.405383421809974,0.10501542921465014
Defect_L12_B41_el1127_H4_W4.npy,-272.1456,4775.434499999999,0.0031230943165736383,0.9864721506923573,0.4053804000224431,0.10502725614062156
Defect_L12_B42_el1131_H4_W4.npy,-272.1463,4775.4654,0.003122957945416406,0.9864781705048695,0.4053780166611504,0.10503067080105387
Defect_L12_B43_el1135_H4_W4.npy,-272.1562,4775.476549999999,0.003121029267621251,0.9864803427025882,0.40537626347380407,0.10503259549831874
Defect_L12_B44_el1139_H4_W4.npy,-272.1447,4775.48935,0.0031232696509186524,0.9864828363466063,0.4053752607218509,0.10503492714621893
Defect_L12_B45_el1143_H4_W4.npy,-272.157,4775.55239,0.003120873414870134,0.9864951175433948,0.4053749589548831,0.1050367632733145
Defect_L12_B46_el1147_H4_W4.npy,-272.1738,4775.5130500000005,0.003117600507096534,0.9864874534843584,0.40537510916883546,0.10503721901692611
Defect_L12_B47_el1151_H4_W4.npy,-272.1735,4775.48362,0.0031176589518782127,0.9864817200512764,0.4053754441462633,0.10503676214388309
Defect_L12_B48_el1155_H4_W4.npy,-272.1681,4775.4425599999995,0.0031187109579482973,0.9864737209088249,0.40537602173290477,0.10503546947847878
Defect_L12_B49_el1159_H4_W4.npy,-272.1652,4775.4212800000005,0.0031192759241711106,0.9864695752256452,0.4053768987714433,0.10503478033641052
Defect_L12_B4_el127_H4_W4.npy,-272.15680000000003,4775.43787,0.003120912378057905,0.9864728072220715,0.40537831603738367,0.10500696269835151
Defect_L12_B50_el1163_H4_W4.npy,-272.16200000000003,4775.37924,0.0031198993351756023,0.9864613851635736,0.4053781662924386,0.10503543449133283
Defect_L12_B51_el1167_H4_W4.npy,-272.15700000000004,4775.3265,0.0031208734148701228,0.9864511105709558,0.40537985815702454,0.10503486015929481
Defect_L12_B52_el1171_H4_W4.npy,-272.15529999999995,4775.30521,0.0031212046019662766,0.9864469629396165,0.4053822935159377,0.10502582352146518
Defect_L12_B53_el1459_H4_W4.npy,-272.1405,4775.41159,0.003124087877862055,0.9864676874591971,0.4053835454618174,0.1050179251636264
Defect_L12_B54_el1463_H4_W4.npy,-272.14,4775.44345,0.003124185285831505,0.9864738942950105,0.40538048996559967,0.10503044386841706
Defect_L12_B55_el1467_H4_W4.npy,-272.1417,4775.48444,0.003123854098735362,0.9864818798003463,0.40537790104329,0.10503403526411896
Defect_L12_B56_el1471_H4_W4.npy,-272.16020000000003,4775.48586,0.0031202500038656307,0.9864821564389795,0.40537592360030317,0.10503602726686813
Defect_L12_B57_el1475_H4_W4.npy,-272.13800000000003,4775.48,0.003124574917709304,0.9864810148175774,0.40537472800096375,0.10503872861776092
Defect_L12_B58_el1479_H4_W4.npy,-272.1592,4775.5948100000005,0.0031204448198045415,0.9865033816355233,0.4053744626662643,0.10504052494417779
Defect_L12_B59_el1483_H4_W4.npy,-272.184,4775.52559,0.0031156133845197114,0.9864898964762322,0.4053748589386826,0.10503958145783632
Defect_L12_B5_el131_H4_W4.npy,-272.15610000000004,4775.44831,0.003121048749215137,0.9864748411004737,0.4053778116899451,0.10501675113045543
Defect_L12_B60_el1487_H4_W4.npy,-272.1837,4775.4866999999995,0.00311567182930139,0.9864823200843681,0.4053753697771459,0.10503736673363388
Defect_L12_B61_el1491_H4_W4.npy,-272.1712,4775.434450000001,0.0031181070285376906,0.9864721409515607,0.40537604903631386,0.10503409163032813
Defect_L12_B62_el1495_H4_W4.npy,-272.1653,4775.402249999999,0.003119256442577225,0.9864658678783276,0.40537701590683817,0.10503209436326182
Defect_L12_B63_el1499_H4_W4.npy,-272.16060000000004,4775.3494,0.0031201720774900665,0.9864555718559567,0.4053782738404042,0.10503206195071957
Defect_L12_B64_el1503_H4_W4.npy,-272.15409999999997,4775.29573,0.0031214383810929582,0.9864451160845157,0.40538000481036707,0.10503051738161759
Defect_L12_B65_el1507_H4_W4.npy,-272.15169999999995,4775.25378,0.003121905939346333,0.9864369435558786,0.4053823459522632,0.10501953148865427
Defect_L12_B66_el1795_H4_W4.npy,-272.1379,4775.4312,0.003124594399303201,0.986471507799759,0.40538308368856335,0.10502343023175201
Defect_L12_B67_el1799_H4_W4.npy,-272.13579999999996,4775.462930000001,0.0031250035127749075,0.9864776893095006,0.4053802379643441,0.10503324825625529
Defect_L12_B68_el1803_H4_W4.npy,-272.1382,4775.51364,0.003124535954521533,0.9864875684257624,0.40537776453094704,0.10503452789732512
Defect_L12_B69_el1807_H4_W4.npy,-272.169,4775.49483,0.003118535623603283,0.9864839039379515,0.40537584011951017,0.10503484107761855
Defect_L12_B6_el135_H4_W4.npy,-272.1589,4775.44882,0.003120503264586209,0.9864749404566024,0.4053774425728347,0.10502496716862422
Defect_L12_B70_el1811_H4_W4.npy,-272.13030000000003,4775.44047,0.0031260750004388667,0.9864733137435125,0.4053744905269679,0.10503738767048244
Defect_L12_B71_el1815_H4_W4.npy,-272.16220000000004,4775.64775,0.0031198603719878202,0.9865136951913288,0.40537429955400966,0.10503926100114663
Defect_L12_B72_el1819_H4_W4.npy,-272.1961,4775.50813,0.003113256111658975,0.986486494989939,0.4053751834146055,0.10503651754931098
Defect_L12_B73_el1823_H4_W4.npy,-272.1951,4775.47994,0.0031134509275978746,0.9864810031286213,0.405375804735537,0.10503352438702675
Defect_L12_B74_el1827_H4_W4.npy,-272.1706,4775.40533,0.003118223918101037,0.9864664679114196,0.40537638213891014,0.10503029391004107
Defect_L12_B75_el1831_H4_W4.npy,-272.1624,4775.37199,0.0031198214088000494,0.9864599727480164,0.40537715184089723,0.10502946235123835
Defect_L12_B76_el1835_H4_W4.npy,-272.1558,4775.31849,0.0031211071939968157,0.9864495500952851,0.40537812403370266,0.1050308548027432
Defect_L12_B77_el1839_H4_W4.npy,-272.1475,4775.264120000001,0.0031227241662897245,0.9864389579526871,0.4053796772031969,0.10502989028477894
Defect_L12_B78_el1843_H4_W4.npy,-272.1442,4775.23176,0.003123367058888102,0.9864326537089039,0.40538185232602775,0.10501890201358777
Defect_L12_B79_el2131_H4_W4.npy,-272.138,4775.45239,0.003124574917709315,0.9864756359495045,0.40538110727060267,0.105043224202321
Defect_L12_B7_el139_H4_W4.npy,-272.1608,4775.43877,0.0031201331143022953,0.9864729825564165,0.4053771579106258,0.10503196260128074
Defect_L12_B80_el2135_H4_W4.npy,-272.1329,4775.512820000001,0.003125568478997721,0.9864874086766926,0.4053794555401155,0.10504379622602068
Defect_L12_B81_el2139_H4_W4.npy,-272.1331,4775.5725,0.0031255295158099388,0.9864990352919263,0.4053780925552546,0.10503535230128598
Defect_L12_B82_el2143_H4_W4.npy,-272.1876,4775.53281,0.003114912047139666,0.986491303047311,0.40537696458427,0.10502685729463018
Defect_L12_B83_el2147_H4_W4.npy,-272.11780000000005,4775.37067,0.003128510199675167,0.9864597155909772,0.40537559026527215,0.10502554186727057
Defect_L12_B84_el2151_H4_W4.npy,-272.171,4775.74302,0.0031181459917254727,0.9865322553058281,0.4053759599046281,0.1050247584772445
Defect_L12_B85_el2155_H4_W4.npy,-272.2082,4775.481220000001,0.0031108988387982387,0.9864812524930231,0.40537806242183816,0.1050165728467014
Defect_L12_B86_el2159_H4_W4.npy,-272.21049999999997,4775.4741,0.003110450762138761,0.9864798654035382,0.4053781499009324,0.1050174273311467
Defect_L12_B87_el2163_H4_W4.npy,-272.16060000000004,4775.35378,0.0031201720774900665,0.9864564251497692,0.4053773428384084,0.10502330336094343
Defect_L12_B88_el2167_H4_W4.npy,-272.14860000000004,4775.31924,0.0031225098687569174,0.9864496962072393,0.4053770232686681,0.10502995166600404
Defect_L12_B89_el2171_H4_W4.npy,-272.1431,4775.27565,0.0031235813564208983,0.9864412041804624,0.4053771275097982,0.10503648462097402
Defect_L12_B8_el143_H4_W4.npy,-272.161,4775.42888,0.003120094151114513,0.9864710558267809,0.40537692660235675,0.10503812843947131
Defect_L12_B90_el2175_H4_W4.npy,-272.1349,4775.230689999999,0.003125178847119911,0.9864324452558493,0.4053782166084466,0.10503775074807276
Defect_L12_B91_el2179_H4_W4.npy,-272.12960000000004,4775.187809999999,0.0031262113715960983,0.9864240915483891,0.40538001492442605,0.1050271451194429
Defect_L12_B92_el2467_H4_W4.npy,-272.1331,4775.48401,0.0031255295158099388,0.9864817960294926,0.40537083051878764,0.10507857226646074
Defect_L12_B93_el2471_H4_W4.npy,-272.1225,4775.59028,0.003127594564762326,0.98650249911932,0.40537369313407673,0.10508091278819502
Defect_L12_B94_el2475_H4_W4.npy,-272.1269,4775.74613,0.0031267373746311517,0.9865328611833982,0.4053794891759512,0.10506572889633797
Defect_L12_B95_el2479_H4_W4.npy,-272.2264,4775.755480000001,0.003107353188710175,0.9865346827124271,0.40538810938394515,0.10502792328842202
Defect_L12_B96_el2499_H4_W4.npy,-272.1013,4775.26667,0.0031317246626670994,0.9864394547333312,0.4053801732062266,0.10501965698273823
Defect_L12_B97_el2503_H4_W4.npy,-272.11690000000004,4775.3198,0.0031286855340201813,0.9864498053041652,0.4053751011114935,0.10504687091490814
Defect_L12_B98_el2507_H4_W4.npy,-272.1248,4775.301270000001,0.0031271464881028476,0.9864461953648174,0.4053717829361255,0.10505869837771313
Defect_L12_B99_el2511_H4_W4.npy,-272.121,4775.23787,0.0031278867886706863,0.9864338440342907,0.40537109939798416,0.10505930273507462
Defect_L12_B9_el147_H4_W4.npy,-272.16020000000003,4775.4185800000005,0.0031202500038656307,0.9864690492226101,0.4053767166357065,0.10504396694520905
Defect_L13_B100_el2515_H4_W4.npy,-272.12629999999996,4775.25967,0.0031268542641944984,0.9864380910217588,0.4053726450080866,0.10505737418651888
Defect_L13_B101_el2803_H4_W4.npy,-272.1496,4775.48472,0.0031223150528180174,0.9864819343488093,0.40535220159388796,0.105062940248018
Defect_L13_B102_el2807_H4_W4.npy,-272.13820000000004,4775.573960000001,0.003124535954521522,0.9864993197231972,0.40534973537796837,0.10508004544175258
Defect_L13_B103_el2811_H4_W4.npy,-272.1321,4775.68054,0.0031257243317488496,0.9865200832059655,0.4053490464720479,0.10509567191746064
Defect_L13_B104_el2815_H4_W4.npy,-272.18319999999994,4775.7572,0.003115769237270851,0.9865350177958419,0.40535708524756703,0.10510818131352577
Defect_L13_B105_el2835_H4_W4.npy,-272.023,4775.5878999999995,0.003146978750683292,0.9865020354573852,0.40538130104437814,0.10503470875535484
Defect_L13_B106_el2839_H4_W4.npy,-272.1012,4775.6392,0.003131744144260985,0.986512029515051,0.4053357148775907,0.10508981465436272
Defect_L13_B107_el2843_H4_W4.npy,-272.1436,4775.53882,0.0031234839484514487,0.9864924738911038,0.40532472015697146,0.10508484523106655
Defect_L13_B108_el2847_H4_W4.npy,-272.1493,4775.4202000000005,0.003122373497599696,0.9864693648244311,0.405323962665575,0.1050737311717747
Defect_L13_B109_el2851_H4_W4.npy,-272.1404,4775.30486,0.003124107359455941,0.9864468947540379,0.4053548207185248,0.10505372495919428
Defect_L13_B10_el151_H4_W4.npy,-272.1596,4775.40824,0.003120366893428977,0.9864670348258018,0.4053765945891811,0.10506102715552193
Defect_L13_B110_el3139_H4_W4.npy,-272.1475,4775.59561,0.0031227241662897245,0.9865035374882744,0.40536127801875815,0.10506343438271531
Defect_L13_B111_el3143_H4_W4.npy,-272.1585,4775.606360000001,0.003120581190961773,0.9865056317596176,0.40536159044861125,0.10507501987317762
Defect_L13_B112_el3147_H4_W4.npy,-272.1685,4775.457359999999,0.0031186330315727327,0.9864766041847207,0.40536849231031946,0.10507901397613431
Defect_L13_B113_el3151_H4_W4.npy,-272.27520000000004,4774.87282,0.003097846170891643,0.9863627264757936,0.40539118089788734,0.10506911662838711
Defect_L13_B114_el3171_H4_W4.npy,-272.4028,4774.72536,0.003072987657087469,0.986333998917443,0.40545842902078405,0.10501811065899692
Defect_L13_B115_el3175_H4_W4.npy,-272.2108,4774.6614,0.003110392317357082,0.9863215384899906,0.4053934190724838,0.10508997384818938
Defect_L13_B116_el3179_H4_W4.npy,-272.1571,4774.86909,0.0031208539332762374,0.9863619998123416,0.4053658011687046,0.1051019926191975
Defect_L13_B117_el3183_H4_W4.npy,-272.15130000000005,4775.07331,0.003121983865721875,0.9864017851233846,0.40535694663394123,0.10509278781294688
Defect_L13_B118_el3187_H4_W4.npy,-272.1556,4775.18355,0.003121146157184598,0.9864232616324894,0.405355303148688,0.10507685651381479
Defect_L13_B119_el3475_H4_W4.npy,-272.1496,4775.935549999999,0.0031223150528180174,0.9865697632185453,0.40537508763139923,0.10507664352180461
Defect_L13_B11_el155_H4_W4.npy,-272.15799999999996,4775.40769,0.003120678598931234,0.9864669276770354,0.4053769467962946,0.1050694338215249
Defect_L13_B120_el3479_H4_W4.npy,-272.12919999999997,4775.98412,0.003126289297971674,0.986579225428698,0.4053739193801802,0.10507371457574576
Defect_L13_B121_el3483_H4_W4.npy,-272.1175,4775.96732,0.003128568644456846,0.9865759525209243,0.40537478474948596,0.10505742339390578
Defect_L13_B122_el3487_H4_W4.npy,-272.3426,4775.61566,0.0030847155766095054,0.9865074435478494,0.4053771675511889,0.10503143837184675
Defect_L13_B123_el3491_H4_W4.npy,-272.5147,4774.10712,0.003051187753524088,0.9862135559113747,0.4053782084096698,0.10500684796228868
Defect_L13_B124_el3495_H4_W4.npy,-271.9411,4776.65869,0.0031629341760795516,0.9867106424166047,0.4053830378391192,0.10497821898916927
Defect_L13_B125_el3499_H4_W4.npy,-272.3309,4774.68516,0.0030869949230946884,0.986326167316699,0.4053909129804762,0.10493940013774769
Defect_L13_B126_el3503_H4_W4.npy,-272.1052,4773.95614,0.0031309648805053643,0.986184142600919,0.405386633199073,0.10496101899541269
Defect_L13_B127_el3507_H4_W4.npy,-272.0677,4774.7054800000005,0.0031382704782142775,0.9863301259765775,0.40538205641976965,0.10498551935390085
Defect_L13_B128_el3511_H4_W4.npy,-272.0861,4774.76509,0.0031346858649384424,0.9863417389546956,0.4053831602399577,0.10501087509096717
Defect_L13_B129_el3515_H4_W4.npy,-272.10760000000005,4774.913549999999,0.0031304973222519897,0.9863706613289851,0.4053779241569398,0.10505448732753281
Defect_L13_B12_el159_H4_W4.npy,-272.1573,4775.39712,0.0031208149700884553,0.9864648684725611,0.4053782936393968,0.10507982216706685
Defect_L13_B130_el3519_H4_W4.npy,-272.1263,4775.11816,0.003126854264194487,0.9864105226182445,0.40537367541639996,0.10508270812665312
Defect_L13_B131_el3523_H4_W4.npy,-272.1413,4775.26296,0.0031239320251109266,0.9864387319661978,0.4053719789356895,0.10509170272563846
Defect_L13_B132_el3811_H4_W4.npy,-272.1749,4776.64026,0.0031173862095637485,0.9867070519588506,0.40537011398240197,0.10511459514249852
Defect_L13_B133_el3815_H4_W4.npy,-272.1069,4776.56053,0.0031306336934092327,0.9866915192840418,0.40537247124774545,0.10509448152130134
Defect_L13_B134_el3819_H4_W4.npy,-272.0562,4776.446870000001,0.0031405108615116784,0.986669376504426,0.40537696724103345,0.1050559968805584
Defect_L13_B135_el3823_H4_W4.npy,-272.38829999999996,4775.9953,0.003075812488201591,0.9865814034708948,0.40538174650554415,0.1050067817282774
Defect_L13_B136_el3827_H4_W4.npy,-273.7442,4773.25846,0.002811661556641348,0.9860482234166643,0.40538355395181586,0.10497130923899536
Defect_L13_B137_el3831_H4_W4.npy,-271.87280000000004,4777.480549999999,0.0031762401047067033,0.9868707538441522,0.40539090376834547,0.10493641369641135
Defect_L13_B138_el3835_H4_W4.npy,-271.95410000000004,4773.302280000001,0.00316040156887379,0.9860567602511072,0.40539672499536045,0.10490615561447614
Defect_L13_B139_el3839_H4_W4.npy,-271.9617,4772.80878,0.003158920967738124,0.9859606185852579,0.40538785452493237,0.1049497138786852
Defect_L13_B13_el163_H4_W4.npy,-272.1574,4775.39685,0.0031207954884945694,0.9864648158722576,0.4053834215568286,0.1050898958895877
Defect_L13_B140_el3843_H4_W4.npy,-271.8927,4773.9718299999995,0.003172363267522519,0.9861871992630002,0.40537775029559464,0.10500165505159108
Defect_L13_B141_el3847_H4_W4.npy,-271.99580000000003,4774.70442,0.0031522777442214854,0.9863299194716822,0.4053768318766264,0.1050306771667614
Defect_L13_B142_el3851_H4_W4.npy,-272.0553,4775.07265,0.0031406861958566926,0.9864016565448649,0.40537347478645563,0.1050632259213032
Defect_L13_B143_el3855_H4_W4.npy,-272.0799,4775.26737,0.0031358937237596445,0.9864395911044883,0.40537187202204567,0.10508257782931416
Defect_L13_B144_el3859_H4_W4.npy,-272.0837,4775.41272,0.0031351534231918057,0.9864679076012082,0.4053723676267038,0.10508591794668178
Defect_L13_B145_el4147_H4_W4.npy,-272.1871,4777.74265,0.003115009455109116,0.9869218151017393,0.40535118655502056,0.10512219898833572
Defect_L13_B146_el4151_H4_W4.npy,-271.9062,4776.622020000001,0.0031697332523473076,0.9867034985161252,0.40535968211879075,0.10511607853771754
Defect_L13_B147_el4155_H4_W4.npy,-271.5406,4774.87055,0.0032409579596106982,0.9863622842436123,0.40537958433816124,0.1050898953764125
Defect_L13_B148_el4159_H4_W4.npy,-271.645,4772.79574,0.003220619175589097,0.9859580781854145,0.4054178669091291,0.10503269569818902
Defect_L13_B149_el4179_H4_W4.npy,-271.6312,4775.22992,0.0032233076355459764,0.9864322952475764,0.4054799395421145,0.1049071711653468
Defect_L13_B14_el451_H4_W4.npy,-272.156,4775.39668,0.0031210682308090336,0.986464782753548,0.4053827135224397,0.10500625867726494
Defect_L13_B150_el4183_H4_W4.npy,-272.0494,4776.20323,0.0031418356098962268,0.9866219115490713,0.4054104755682945,0.1050300671096466
Defect_L13_B151_el4187_H4_W4.npy,-272.11990000000003,4775.8831199999995,0.0031281010862034713,0.9865595490188686,0.40537488656525644,0.1050803565578532
Defect_L13_B152_el4191_H4_W4.npy,-272.12510000000003,4775.78349,0.003127088043321169,0.9865401395068756,0.4053591407920327,0.10509720763273502
Defect_L13_B153_el4195_H4_W4.npy,-272.105,4775.81606,0.0031310038436931464,0.9865464846620058,0.4053538953653297,0.105095039525694
Defect_L13_B154_el4483_H4_W4.npy,-272.7301,4780.79838,0.00300922440028412,0.9875171200107271,0.40534623035237616,0.10508183336319823
Defect_L13_B155_el4487_H4_W4.npy,-272.4686,4779.13613,0.0030601687683075775,0.9871932872162834,0.4053483390754791,0.10508517136790153
Defect_L13_B156_el4491_H4_W4.npy,-271.96569999999997,4776.704159999999,0.0031581417039825144,0.9867195006973465,0.4053533141800294,0.10507894662916459
Defect_L13_B157_el4495_H4_W4.npy,-271.4177,4773.94502,0.0032649008385020194,0.9861819762476783,0.4053627233324946,0.10505776630214139
Defect_L13_B158_el4515_H4_W4.npy,-272.2877,4776.601720000001,0.0030954109716553537,0.9866995437525653,0.40538483426910454,0.10498129875834868
Defect_L13_B159_el4519_H4_W4.npy,-272.1287,4775.51342,0.003126386705941124,0.9864875255662557,0.40536795419143984,0.10503151120261353
Defect_L13_B15_el455_H4_W4.npy,-272.1548,4775.41701,0.0031213020099357153,0.986468743361586,0.4053795970992569,0.1050136872697892
Defect_L13_B160_el4523_H4_W4.npy,-272.1541,4775.73171,0.003121438381092947,0.9865300519375592,0.40535671790622985,0.10505898333505957
Defect_L13_B161_el4527_H4_W4.npy,-272.19829999999996,4776.26041,0.0031128275165933934,0.9866330511244578,0.40534834989001417,0.10507518777795798
Defect_L13_B162_el4531_H4_W4.npy,-272.22170000000006,4776.65307,0.003108268823623016,0.986709547551028,0.40534427799995365,0.10507632867975128
Defect_L13_B163_el4819_H4_W4.npy,-272.58389999999997,4793.3215199999995,0.0030377064905519223,0.989956827287856,0.40534603685773196,0.10508168483605673
Defect_L13_B164_el4823_H4_W4.npy,-272.2346,4795.19763,0.0031057556980111623,0.9903223234189936,0.40535248299586824,0.10507900804492469
Defect_L13_B165_el4827_H4_W4.npy,-270.6221,4801.6041,0.003419896399494228,0.9915704058871053,0.4053660764720048,0.1050573406305629
Defect_L13_B166_el4831_H4_W4.npy,-265.3096,4816.2258999999995,0.004454856074922926,0.9944189655825751,0.4053890753857843,0.10500595192982162
Defect_L13_B167_el4851_H4_W4.npy,-272.461,4784.97142,0.0030616493694432434,0.9883300947164119,0.40538936250618673,0.10500367186413695
Defect_L13_B168_el4855_H4_W4.npy,-272.47069999999997,4786.00864,0.0030597596548358817,0.9885321617045622,0.40537460888936294,0.10505420796129881
Defect_L13_B169_el4859_H4_W4.npy,-272.45660000000004,4783.4885,0.003062506559574417,0.9880411982642922,0.4053599008889202,0.105083217653837
Defect_L13_B16_el459_H4_W4.npy,-272.1535,4775.43701,0.0031215552706562936,0.986472639680364,0.4053778544900101,0.10501725307837755
Defect_L13_B170_el4863_H4_W4.npy,-272.4462,4781.644829999999,0.003064532645339033,0.9876820219622123,0.405351589893258,0.1050927342340858
Defect_L13_B171_el4867_H4_W4.npy,-272.4548,4780.68051,0.0030628572282644564,0.9874941570560084,0.40534780470316767,0.10509040062900765
Defect_L13_B172_el5155_H4_W4.npy,-271.27819999999997,4790.18456,0.0032920776619791694,0.989345697480151,0.4053619369680868,0.10509756021134577
Defect_L13_B173_el5159_H4_W4.npy,-271.30280000000005,4788.189490000001,0.0032872851898821105,0.9889570260449215,0.40536472311263166,0.1050995216895083
Defect_L13_B174_el5163_H4_W4.npy,-271.3498,4782.63784,0.003278128840753618,0.9878754761377039,0.4053733931019947,0.10508505427182303
Defect_L13_B175_el5167_H4_W4.npy,-272.0686,4767.5764500000005,0.0031380951438692633,0.9849412773036512,0.405389545429379,0.10504872894269938
Defect_L13_B176_el5187_H4_W4.npy,-274.93149999999997,4838.39549,0.0025803565923803624,0.9987379550735469,0.4054430239463623,0.10491483026287315
Defect_L13_B177_el5191_H4_W4.npy,-273.866,4811.18551,0.002787932975282812,0.9934370172722818,0.40541065550604255,0.10501397269688452
Defect_L13_B178_el5195_H4_W4.npy,-273.4913,4800.69885,0.002860930507590218,0.9913940487584123,0.40538440180220947,0.10508063224807207
Defect_L13_B179_el5199_H4_W4.npy,-273.3178,4795.081679999999,0.00289473107299011,0.9902997345108776,0.40536799303111176,0.10511600489774157
Defect_L13_B17_el463_H4_W4.npy,-272.15409999999997,4775.4472,0.0031214383810929582,0.9864746248547814,0.40537672691600773,0.10502141655835977
Defect_L13_B180_el5203_H4_W4.npy,-273.2583,4792.28795,0.002906322621354903,0.9897554713778828,0.405359649106017,0.10513057678840508
Defect_L13_B181_el5491_H4_W4.npy,-271.503,4776.03014,0.0032482830389134964,0.9865881908582063,0.4053769633935068,0.10506459875106221
Defect_L13_B182_el5495_H4_W4.npy,-271.43809999999996,4774.69831,0.003260926593348385,0.9863287291462954,0.4053750364111837,0.10506622488706176
Defect_L13_B183_el5499_H4_W4.npy,-271.3452,4772.12919,0.003279024994072585,0.9858282236213378,0.4053748793712244,0.10505624670064972
Defect_L13_B184_el5503_H4_W4.npy,-271.4061,4767.3037699999995,0.003267160703393317,0.9848881548934306,0.40537611951024266,0.1050379324938105
Defect_L13_B185_el5507_H4_W4.npy,-282.3193,4753.964120000001,0.0011410953989437211,0.9822893784540271,0.40537851332675423,0.10501521793468249
Defect_L13_B186_el5511_H4_W4.npy,-265.5474,4786.26203,0.004408528844651502,0.988581526115321,0.40537949936072853,0.10500189773528827
Defect_L13_B187_el5515_H4_W4.npy,-272.37559999999996,4745.72716,0.003078286650625674,0.9806846873579105,0.40535569981761604,0.10498420238272065
Defect_L13_B188_el5519_H4_W4.npy,-272.08979999999997,4776.252149999999,0.0031339650459645007,0.9866314419448023,0.40538217864789783,0.10499308290360893
Defect_L13_B189_el5523_H4_W4.npy,-272.38989999999995,4778.8125,0.003075500782699345,0.9871302389339759,0.40537934605639253,0.10500666863253964
Defect_L13_B18_el467_H4_W4.npy,-272.1517,4775.45752,0.0031219059393463216,0.986476635355271,0.40537609920545603,0.10502690773344174
Defect_L13_B190_el5527_H4_W4.npy,-272.5955,4781.229109999999,0.0030354466256606247,0.9876010330800911,0.40537870511298124,0.10502011138467596
Defect_L13_B191_el5531_H4_W4.npy,-272.8382,4784.10429,0.0029881647972885774,0.9881611639713099,0.40537790063011103,0.10504322047796211
Defect_L13_B192_el5535_H4_W4.npy,-273.0401,4786.34475,0.00294883145922381,0.9885976412897873,0.4053774531201869,0.10506689608798822
Defect_L13_B193_el5539_H4_W4.npy,-273.1934,4788.01447,0.002918966175789792,0.9889229293592944,0.40537841525827584,0.10508178394159204
Defect_L13_B194_el5827_H4_W4.npy,-271.90790000000004,4774.63442,0.003169402065251165,0.986316282355959,0.4053806858259049,0.10505146356440714
Defect_L13_B195_el5831_H4_W4.npy,-271.87519999999995,4774.294250000001,0.0031757725464533508,0.9862500118180221,0.4053782143644754,0.10505370749140855
Defect_L13_B196_el5835_H4_W4.npy,-271.8528,4773.54354,0.0031801364234847955,0.9861037615445271,0.40537711775381446,0.10504867865619155
Defect_L13_B197_el5839_H4_W4.npy,-272.1444,4771.759459999999,0.00312332809570032,0.9857561943242467,0.40537686562549147,0.1050405143255453
Defect_L13_B198_el5843_H4_W4.npy,-275.8986,4766.77103,0.002391950097866083,0.9847843686501389,0.40537676137635903,0.10503486711014881
Defect_L13_B199_el5847_H4_W4.npy,-269.26520000000005,4786.26524,0.0036842421469933597,0.9885821514744849,0.4053766603919181,0.10503593246049675
Defect_L13_B19_el471_H4_W4.npy,-272.1551,4775.46824,0.0031212435651540474,0.9864787237821361,0.4053758297090129,0.10503304794787854
Defect_L13_B1_el115_H4_W4.npy,-272.1567,4775.40724,0.0031209318596518015,0.9864668400098628,0.4053821038623092,0.10497470523900808
Defect_L13_B200_el5851_H4_W4.npy,-272.8938,4764.65475,0.0029773330310854974,0.9843720835749545,0.4053769735771592,0.10503450798864127
Defect_L13_B201_el5855_H4_W4.npy,-271.9497,4776.83352,0.003161258759004975,0.9867447020872032,0.4053759160695408,0.10503669364423486
Defect_L13_B202_el5859_H4_W4.npy,-272.03860000000003,4777.119290000001,0.0031439396220363847,0.986800374638064,0.40537563571190527,0.10503351474911668
Defect_L13_B203_el5863_H4_W4.npy,-272.2016,4777.3974499999995,0.003112184623995005,0.9868545646396294,0.4053765928298324,0.10503089994666695
Defect_L13_B204_el5867_H4_W4.npy,-272.35589999999996,4777.97355,0.0030821245246220874,0.9869667981020321,0.40537788239559913,0.10503235120779654
Defect_L13_B205_el5871_H4_W4.npy,-272.49379999999996,4778.64016,0.003055259406647194,0.9870966643550652,0.4053799368790991,0.10503443072772939
Defect_L13_B206_el5875_H4_W4.npy,-272.5985,4779.25071,0.0030348621778439147,0.9872156092265632,0.4053834849016881,0.10503168191133207
Defect_L13_B207_el6163_H4_W4.npy,-272.0713,4774.953570000001,0.003137569140834221,0.9863784578628604,0.4053808487217891,0.10506134810632382
Defect_L13_B208_el6167_H4_W4.npy,-272.0535,4774.839889999999,0.0031410368645467205,0.9863563111869255,0.4053786189772479,0.10506079959994627
Defect_L13_B209_el6171_H4_W4.npy,-272.0511,4774.47954,0.0031415044228000843,0.9862861092633415,0.4053776254749259,0.1050552988200329
Defect_L13_B20_el475_H4_W4.npy,-272.16049999999996,4775.45887,0.003120191559083974,0.9864768983567886,0.40537580487804875,0.1050391207305773
Defect_L13_B210_el6175_H4_W4.npy,-272.2904,4773.60117,0.003094884968620311,0.9861149887870861,0.4053771763660745,0.10504846079615204
Defect_L13_B211_el6179_H4_W4.npy,-273.5809,4771.41839,0.0028434749994644066,0.9856897484519648,0.40537684255288287,0.10504416785052231
Defect_L13_B212_el6183_H4_W4.npy,-270.8589,4781.069100000001,0.003373763985161704,0.9875698605817073,0.40537654299621984,0.1050438341660594
Defect_L13_B213_el6187_H4_W4.npy,-272.838,4770.9178999999995,0.0029882037604763486,0.9855922450227025,0.4053764084286946,0.10504191425692302
Defect_L13_B214_el6191_H4_W4.npy,-272.0232,4776.505279999999,0.0031469397874955207,0.9866807557034172,0.40537589909760974,0.10503914001708756
Defect_L13_B215_el6195_H4_W4.npy,-272.04179999999997,4776.486669999999,0.0031433162110319035,0.9866771301787941,0.40537595783688074,0.10503285172735398
Defect_L13_B216_el6199_H4_W4.npy,-272.1365,4776.3193,0.0031248671416176646,0.9866445238350999,0.40537696957725033,0.10502616210597118
Defect_L13_B217_el6203_H4_W4.npy,-272.21909999999997,4776.35337,0.003108775345064184,0.9866511612141383,0.4053784601956011,0.1050214283112249
Defect_L13_B218_el6207_H4_W4.npy,-272.2913,4776.42607,0.003094709634275297,0.9866653243328968,0.40538057276032347,0.10501757041280572
Defect_L13_B219_el6211_H4_W4.npy,-272.3387,4776.47371,0.003085475358771229,0.9866746053642261,0.4053840566139813,0.10501113553946158
Defect_L13_B21_el479_H4_W4.npy,-272.1619,4775.44978,0.003119918816769499,0.9864751274799038,0.4053759820829117,0.10504476591261591
Defect_L13_B22_el483_H4_W4.npy,-272.1613,4775.439799999999,0.0031200357063328457,0.9864731832168334,0.40537637077991684,0.10505008549773853
Defect_L13_B23_el487_H4_W4.npy,-272.161,4775.42942,0.003120094151114513,0.9864711610273879,0.4053770203188946,0.105055706324478
Defect_L13_B24_el491_H4_W4.npy,-272.1599,4775.408539999999,0.0031203084486473094,0.9864670932705834,0.40537802228696473,0.10506173666462643
Defect_L13_B25_el495_H4_W4.npy,-272.1588,4775.38737,0.0031205227461801057,0.9864629690171569,0.4053794476833332,0.10506674695596867
Defect_L13_B26_el499_H4_W4.npy,-272.15740000000005,4775.37684,0.0031207954884945586,0.9864609176053202,0.40538200328466206,0.10506672607564473
Defect_L13_B27_el787_H4_W4.npy,-272.15430000000003,4775.38604,0.003121399417905165,0.9864627099119582,0.40538320456837246,0.10501749067379544
Defect_L13_B28_el791_H4_W4.npy,-272.1522,4775.40637,0.003121808531376872,0.986466670519996,0.40537972850682075,0.10502729652490592
Defect_L13_B29_el795_H4_W4.npy,-272.1495,4775.44641,0.003122334534411914,0.9864744709501897,0.4053775211887476,0.1050303728952838
Defect_L13_B2_el119_H4_W4.npy,-272.15709999999996,4775.41747,0.003120853933276248,0.9864688329769179,0.4053798626941618,0.1049898116137035
Defect_L13_B30_el799_H4_W4.npy,-272.15250000000003,4775.45653,0.003121750086595193,0.9864764424874916,0.40537599344264247,0.10503281350105798
Defect_L13_B31_el803_H4_W4.npy,-272.14750000000004,4775.46716,0.0031227241662897132,0.9864785133809221,0.4053751193872511,0.10503615546166763
Defect_L13_B32_el807_H4_W4.npy,-272.1522,4775.49843,0.003121808531376872,0.9864846052753315,0.4053747585121062,0.10503985633333693
Defect_L13_B33_el811_H4_W4.npy,-272.1615,4775.479399999999,0.0031199967431450636,0.9864808979280141,0.40537475226023545,0.10504305614628637
Defect_L13_B34_el815_H4_W4.npy,-272.164,4775.47079,0.003119509703297803,0.9864792205627804,0.40537502736556075,0.10504530517539291
Defect_L13_B35_el819_H4_W4.npy,-272.1632,4775.46112,0.0031196655560489206,0.986477336692651,0.4053755788688802,0.10504684710786358
Defect_L13_B36_el823_H4_W4.npy,-272.1633,4775.440689999999,0.0031196460744550352,0.9864733566030192,0.4053764527639882,0.10504879899620746
Defect_L13_B37_el827_H4_W4.npy,-272.1629,4775.40957,0.0031197240008305994,0.9864672939310005,0.4053777851397166,0.10505150738526368
Defect_L13_B38_el831_H4_W4.npy,-272.1596,4775.37778,0.003120366893428977,0.9864611007323028,0.4053795866422777,0.10505307418381392
Defect_L13_B39_el835_H4_W4.npy,-272.15880000000004,4775.34674,0.0031205227461800944,0.9864550536455592,0.40538257523468696,0.1050476584431019
Defect_L13_B3_el123_H4_W4.npy,-272.15639999999996,4775.4275800000005,0.0031209903044334803,0.9864708025660603,0.4053788014440221,0.10500380967227478
Defect_L13_B40_el1123_H4_W4.npy,-272.152,4775.3756,0.003121847494564654,0.986460676033556,0.40538362400236805,0.1050219833940283
Defect_L13_B41_el1127_H4_W4.npy,-272.1492,4775.41603,0.003122392979193582,0.986468552441966,0.40537991672317797,0.10503358470307025
Defect_L13_B42_el1131_H4_W4.npy,-272.1461,4775.45589,0.0031229969086041883,0.9864763178052907,0.4053773446689518,0.10503702599863271
Defect_L13_B43_el1135_H4_W4.npy,-272.1516,4775.465990000001,0.0031219254209402182,0.9864782854462736,0.40537551871150207,0.1050393168026669
Defect_L13_B44_el1139_H4_W4.npy,-272.1428,4775.466890000001,0.003123639801202566,0.9864784607806186,0.4053744369083894,0.10504233709356715
Defect_L13_B45_el1143_H4_W4.npy,-272.1495,4775.5189,0.003122334534411914,0.986488593157601,0.4053739969051506,0.10504535355379997
Defect_L13_B46_el1147_H4_W4.npy,-272.1631,4775.50009,0.0031196850376428173,0.9864849286697901,0.405374003596261,0.10504698455020405
Defect_L13_B47_el1151_H4_W4.npy,-272.1665,4775.48223,0.003119022663450543,0.9864814492571212,0.40537433084621366,0.10504671920383342
Defect_L13_B48_el1155_H4_W4.npy,-272.1655,4775.47253,0.0031192174793894427,0.986479559542514,0.40537501673225684,0.10504510377959164
Defect_L13_B49_el1159_H4_W4.npy,-272.16600000000005,4775.442129999999,0.003119120071419982,0.9864736371379712,0.4053760907436025,0.10504418398555632
Defect_L13_B4_el127_H4_W4.npy,-272.1569,4775.437919999999,0.0031208928964640194,0.9864728169628684,0.4053780223829208,0.10501577718185824
Defect_L13_B50_el1163_H4_W4.npy,-272.1651,4775.41066,0.003119295405765007,0.9864675062803738,0.4053776656711296,0.10504458907973883
Defect_L13_B51_el1167_H4_W4.npy,-272.1604,4775.3580999999995,0.0031202110406778594,0.9864572667546251,0.40537978073557374,0.10504391135382476
Defect_L13_B52_el1171_H4_W4.npy,-272.15810000000005,4775.32642,0.0031206591173373265,0.9864510949856807,0.4053830489031444,0.10503499489878497
Defect_L13_B53_el1459_H4_W4.npy,-272.1513,4775.37584,0.003121983865721886,0.9864607227893812,0.40538390558136483,0.1050244852963142
Defect_L13_B54_el1463_H4_W4.npy,-272.1454,4775.41622,0.0031231332797614204,0.9864685894569942,0.4053800798515517,0.1050367345033366
Defect_L13_B55_el1467_H4_W4.npy,-272.1422,4775.465950000001,0.0031237566907659125,0.986478277653636,0.40537729463616695,0.10504018032202872
Defect_L13_B56_el1471_H4_W4.npy,-272.1537,4775.475509999999,0.0031215163074685115,0.9864801400940117,0.40537526479776853,0.10504233054256902
Defect_L13_B57_el1475_H4_W4.npy,-272.13660000000004,4775.46676,0.003124847660023768,0.9864784354545465,0.4053740078830539,0.10504560733188793
Defect_L13_B58_el1479_H4_W4.npy,-272.1484,4775.5495900000005,0.0031225488319447103,0.986494572058766,0.40537351563517404,0.10504889075105918
Defect_L13_B59_el1483_H4_W4.npy,-272.1677,4775.50084,0.00311878888432385,0.9864850747817443,0.40537360362359975,0.10504971634984857
Defect_L13_B5_el131_H4_W4.npy,-272.1558,4775.4379,0.0031211071939968157,0.9864728130665497,0.4053774968949289,0.10502581752349867
Defect_L13_B60_el1487_H4_W4.npy,-272.1717,4775.494,0.0031180096205682406,0.9864837422407222,0.40537401674216983,0.10504762472918269
Defect_L13_B61_el1491_H4_W4.npy,-272.168,4775.4641,0.0031187304395421827,0.986477917244149,0.40537477569277114,0.10504358795070877
Defect_L13_B62_el1495_H4_W4.npy,-272.1676,4775.4434599999995,0.003118808365917747,0.98647389624317,0.4053759711656828,0.1050410650122432
Defect_L13_B63_el1499_H4_W4.npy,-272.1653,4775.401599999999,0.003119256442577225,0.9864657412479674,0.4053776324261364,0.10504059343683096
Defect_L13_B64_el1503_H4_W4.npy,-272.16,4775.33825,0.0031202889670534128,0.9864533996582379,0.40537987793241453,0.10503891479895852
Defect_L13_B65_el1507_H4_W4.npy,-272.1571,4775.29593,0.0031208539332762374,0.9864451550477035,0.40538319286383945,0.10502803933684568
Defect_L13_B66_el1795_H4_W4.npy,-272.15340000000003,4775.3875100000005,0.003121574752250179,0.9864629962913884,0.4053834557351457,0.10503066314920871
Defect_L13_B67_el1799_H4_W4.npy,-272.1458,4775.43776,0.003123055353385856,0.9864727857923182,0.4053798406303088,0.10504019448001925
Defect_L13_B68_el1803_H4_W4.npy,-272.1408,4775.49687,0.003124029433080376,0.9864843013624669,0.4053771948883054,0.10504102919817848
Defect_L13_B69_el1807_H4_W4.npy,-272.16200000000003,4775.48572,0.0031198993351756023,0.9864821291647481,0.4053752906510949,0.10504096869909019
Defect_L13_B6_el135_H4_W4.npy,-272.15700000000004,4775.438069999999,0.0031208734148701228,0.9864728461852592,0.40537713430864086,0.10503426237940246
Defect_L13_B70_el1811_H4_W4.npy,-272.13120000000004,4775.426670000001,0.0031258996660938525,0.986470625283556,0.40537400992350586,0.10504348789937717
Defect_L13_B71_el1815_H4_W4.npy,-272.1487,4775.5803,0.0031224903871630316,0.9865005548562495,0.4053735786395074,0.10504695029397262
Defect_L13_B72_el1819_H4_W4.npy,-272.1726,4775.481129999999,0.003117834286223227,0.9864812349595884,0.40537384179201974,0.10504697864353366
Defect_L13_B73_el1823_H4_W4.npy,-272.1783,4775.47576,0.0031167238353714743,0.9864801887979967,0.40537418850200213,0.10504397089991763
Defect_L13_B74_el1827_H4_W4.npy,-272.1669,4775.444769999999,0.003118944737074979,0.9864741514520499,0.4053748508819851,0.1050392431961326
Defect_L13_B75_el1831_H4_W4.npy,-272.16540000000003,4775.4237,0.003119236960983328,0.9864700466802173,0.40537588579405964,0.1050376487754554
Defect_L13_B76_el1835_H4_W4.npy,-272.16319999999996,4775.38147,0.003119665556048932,0.9864618196031174,0.405377323347388,0.10503857473720637
Defect_L13_B77_el1839_H4_W4.npy,-272.156,4775.3277,0.0031210682308090336,0.9864513443500824,0.4053794415073557,0.10503763931940467
Defect_L13_B78_el1843_H4_W4.npy,-272.15119999999996,4775.27484,0.003122003347315783,0.986441046379552,0.40538266733567896,0.10502692975125008
Defect_L13_B79_el2131_H4_W4.npy,-272.1606,4775.42196,0.0031201720774900773,0.9864697077004835,0.40538100145337747,0.10505363409803446
Defect_L13_B7_el139_H4_W4.npy,-272.1598,4775.42835,0.003120327930241195,0.9864709525743331,0.4053768719051202,0.10504151572858185
Defect_L13_B80_el2135_H4_W4.npy,-272.1476,4775.49112,0.003122704684695828,0.9864831811708181,0.40537861406732434,0.10505410487801747
Defect_L13_B81_el2139_H4_W4.npy,-272.1409,4775.55925,0.003124009951486491,0.9864964539807358,0.4053771748295228,0.10504478584468363
Defect_L13_B82_el2143_H4_W4.npy,-272.18109999999996,4775.516860000001,0.003116178350742547,0.9864881957330857,0.4053762987878389,0.10503464163204192
Defect_L13_B83_el2147_H4_W4.npy,-272.12969999999996,4775.36773,0.003126191890002224,0.9864591428321168,0.40537556205578723,0.10503088573111094
Defect_L13_B84_el2151_H4_W4.npy,-272.1516,4775.651779999999,0.0031219254209402182,0.9865144802995623,0.4053759119958612,0.10503042506359583
Defect_L13_B85_el2155_H4_W4.npy,-272.1752,4775.44025,0.00311732776478207,0.986473270884006,0.4053767504372134,0.10502714271262928
Defect_L13_B86_el2159_H4_W4.npy,-272.1863,4775.4574299999995,0.0031151653078602334,0.9864766178218364,0.405376370327245,0.10502761755904876
Defect_L13_B87_el2163_H4_W4.npy,-272.1563,4775.38316,0.0031210097860273657,0.9864621488420542,0.40537572447237463,0.10503020146659778
Defect_L13_B88_el2167_H4_W4.npy,-272.1542,4775.38171,0.0031214188994990615,0.9864618663589426,0.4053758016762021,0.10503626171986846
Defect_L13_B89_el2171_H4_W4.npy,-272.15299999999996,4775.359799999999,0.0031216526786257545,0.9864575979417212,0.4053764130353192,0.10504293204241125
Defect_L13_B8_el143_H4_W4.npy,-272.1612,4775.42877,0.003120055187926731,0.9864710343970275,0.405376686512923,0.1050479437647039
Defect_L13_B90_el2175_H4_W4.npy,-272.146,4775.30559,0.003123016390198074,0.9864470369696733,0.40537802173671234,0.10504501648055764
Defect_L13_B91_el2179_H4_W4.npy,-272.1402,4775.25222,0.003124146322643723,0.986436639643014,0.405380830454653,0.1050354219931769
Defect_L13_B92_el2467_H4_W4.npy,-272.1581,4775.46608,0.0031206591173373378,0.9864783029797081,0.4053689329091575,0.10509038683371358
Defect_L13_B93_el2471_H4_W4.npy,-272.1395,4775.58149,0.0031242826938009545,0.9865007866872169,0.4053707780358734,0.1050929395040406
Defect_L13_B94_el2475_H4_W4.npy,-272.1358,4775.73719,0.0031250035127748967,0.9865311195289043,0.4053759852941085,0.10507870630476639
Defect_L13_B95_el2479_H4_W4.npy,-272.21840000000003,4775.766680000001,0.003108911716221405,0.9865368646509427,0.40538438748768446,0.1050423539869486
Defect_L13_B96_el2499_H4_W4.npy,-272.0956,4775.31498,0.0031328351135188515,0.9864488662913397,0.4053809026106788,0.10501787095906333
Defect_L13_B97_el2503_H4_W4.npy,-272.1232,4775.41229,0.003127458193605094,0.9864678238303544,0.40537590930335304,0.10505097496712501
Defect_L13_B98_el2507_H4_W4.npy,-272.13739999999996,4775.40631,0.0031246918072726617,0.9864666588310398,0.405372170706787,0.10506607978118519
Defect_L13_B99_el2511_H4_W4.npy,-272.1347,4775.33394,0.003125217810307693,0.9864525600015414,0.40537120308819086,0.10506839254557551
Defect_L13_B9_el147_H4_W4.npy,-272.16040000000004,4775.4186500000005,0.0031202110406778486,0.9864690628597259,0.40537658057841075,0.10505414213392411
Defect_L14_B100_el2515_H4_W4.npy,-272.1292,4775.28099,0.003126289297971663,0.9864422444975762,0.4053730597485923,0.10506161484256123
Defect_L14_B101_el2803_H4_W4.npy,-272.15659999999997,4775.47756,0.003120951341245698,0.9864805394666867,0.4053522799496368,0.10506470074207501
Defect_L14_B102_el2807_H4_W4.npy,-272.1399,4775.56588,0.0031242047674253904,0.9864977456104107,0.40534941748454706,0.10508063073678679
Defect_L14_B103_el2811_H4_W4.npy,-272.1267,4775.6719,0.003126776337818923,0.9865183999962533,0.4053486272870531,0.10509561803034066
Defect_L14_B104_el2815_H4_W4.npy,-272.1563,4775.76887,0.0031210097860273657,0.9865372912978488,0.40535648634908245,0.10510770062056263
Defect_L14_B105_el2835_H4_W4.npy,-272.0314,4775.61072,0.0031453422967964973,0.986506481157111,0.40538103762024175,0.1050359108391731
Defect_L14_B106_el2839_H4_W4.npy,-272.1095,4775.65212,0.003130127171968076,0.9865145465369817,0.4053352519544002,0.10509197945470428
Defect_L14_B107_el2843_H4_W4.npy,-272.15090000000004,4775.561460000001,0.003122061792097439,0.9864968845239609,0.4053245286677923,0.10508652991114645
Defect_L14_B108_el2847_H4_W4.npy,-272.1554,4775.43252,0.00312118512037238,0.9864717649567984,0.4053238511575205,0.10507553166124856
Defect_L14_B109_el2851_H4_W4.npy,-272.1445,4775.31635,0.0031233086141064345,0.9864491331891759,0.405355048290172,0.10505665533913733
Defect_L14_B10_el151_H4_W4.npy,-272.1595,4775.41837,0.0031203863750228736,0.9864690083112629,0.4053766910940122,0.10506324041572784
Defect_L14_B110_el3139_H4_W4.npy,-272.1573,4775.57916,0.0031208149700884553,0.9865003327660794,0.40536161944530724,0.10506633518757898
Defect_L14_B111_el3143_H4_W4.npy,-272.1592,4775.58738,0.0031204448198045415,0.9865019341530971,0.40536166202748963,0.10507720889366302
Defect_L14_B112_el3147_H4_W4.npy,-272.1578,4775.4456,0.0031207175621190053,0.9864743131492792,0.4053685851899199,0.10508146147504308
Defect_L14_B113_el3151_H4_W4.npy,-272.2065,4774.927970000001,0.00311123002589437,0.9863734705748244,0.40539107342524283,0.10507274340527974
Defect_L14_B114_el3171_H4_W4.npy,-272.4198,4774.87953,0.0030696757861260983,0.9863640336907438,0.40545583478940617,0.10501773283075265
Defect_L14_B115_el3175_H4_W4.npy,-272.2244,4774.7569300000005,0.003107742820587985,0.9863401492566342,0.40539169153600146,0.1050902034753446
Defect_L14_B116_el3179_H4_W4.npy,-272.1685,4774.92407,0.0031186330315727327,0.9863727107926625,0.405364961850989,0.10510191982096741
Defect_L14_B117_el3183_H4_W4.npy,-272.1599,4775.1072699999995,0.0031203084486473094,0.9864084010726697,0.4053564704026676,0.10509338103138018
Defect_L14_B118_el3187_H4_W4.npy,-272.1608,4775.20625,0.0031201331143022953,0.9864276839543026,0.4053553213976666,0.10507894250367247
Defect_L14_B119_el3475_H4_W4.npy,-272.1628,4775.92177,0.0031197434824244853,0.9865670786549072,0.4053756403871782,0.10508026088895633
Defect_L14_B11_el155_H4_W4.npy,-272.159,4775.407819999999,0.0031204837829923236,0.9864669530031074,0.40537701637205964,0.10507161091333131
Defect_L14_B120_el3479_H4_W4.npy,-272.1317,4775.95824,0.0031258022581244025,0.9865741835921991,0.4053744900040706,0.10507609940872811
Defect_L14_B121_el3483_H4_W4.npy,-272.1047,4775.9177199999995,0.003131062288474825,0.9865662896503546,0.40537582879337264,0.10505904113115995
Defect_L14_B122_el3487_H4_W4.npy,-272.226,4775.65982,0.003107431115085739,0.9865160466197113,0.4053786074794622,0.10503250772145112
Defect_L14_B123_el3491_H4_W4.npy,-272.423,4774.64488,0.003069052375121606,0.9863183201306799,0.40537966904116307,0.10500594457447943
Defect_L14_B124_el3495_H4_W4.npy,-272.094,4775.55158,0.0031331468190210978,0.9864949597424844,0.4053830341667498,0.10497811191290782
Defect_L14_B125_el3499_H4_W4.npy,-272.16869999999994,4774.35987,0.003118594068384962,0.9862627956399328,0.4053887150629886,0.10495233737163229
Defect_L14_B126_el3503_H4_W4.npy,-272.0741,4774.27528,0.0031370236562052933,0.9862463161596609,0.40538677308222243,0.10496292736106887
Defect_L14_B127_el3507_H4_W4.npy,-272.1104,4774.93055,0.0031299518376230622,0.9863739731999467,0.4053832318521871,0.1049863690604394
Defect_L14_B128_el3511_H4_W4.npy,-272.1281,4774.94114,0.003126503595504459,0.9863760363007397,0.40538406973492147,0.1050132652127954
Defect_L14_B129_el3515_H4_W4.npy,-272.1349,4775.014639999999,0.003125178847119911,0.9863903552722489,0.4053784612510232,0.10505683155006879
Defect_L14_B12_el159_H4_W4.npy,-272.1572,4775.39725,0.0031208344516823515,0.9864648937986332,0.4053783936507988,0.10508202177126424
Defect_L14_B130_el3519_H4_W4.npy,-272.1442,4775.16554,0.003123367058888102,0.9864197529974298,0.405373842332663,0.10508540224558359
Defect_L14_B131_el3523_H4_W4.npy,-272.1526,4775.28805,0.003121730605001308,0.9864436198981049,0.4053722767127878,0.10509546660649849
Defect_L14_B132_el3811_H4_W4.npy,-272.1921,4776.650210000001,0.0031140353754145955,0.9867089903774429,0.40537038441947776,0.10511821523021984
Defect_L14_B133_el3815_H4_W4.npy,-272.1174,4776.5521,0.0031285881260507426,0.9866898769856768,0.40537268386642755,0.10509754668271848
Defect_L14_B134_el3819_H4_W4.npy,-272.0501,4776.39856,0.0031416992387389947,0.9866599649464174,0.40537764566289075,0.10505878743938883
Defect_L14_B135_el3823_H4_W4.npy,-272.2394,4776.03962,0.0031048205815044244,0.9865900377133071,0.4053829595898262,0.10500917800738885
Defect_L14_B136_el3827_H4_W4.npy,-273.3037,4774.14816,0.0028974779777286566,0.9862215511575073,0.40538503102796924,0.10497147640972536
Defect_L14_B137_el3831_H4_W4.npy,-271.906,4775.4158800000005,0.0031697722155350897,0.9864685232195751,0.4053911217266119,0.10493673699838066
Defect_L14_B138_el3835_H4_W4.npy,-271.9187,4773.06031,0.003167298053111007,0.9860096206383704,0.4053941653462157,0.1049196669865237
Defect_L14_B139_el3839_H4_W4.npy,-271.8941,4773.11232,0.0031720905252080552,0.9860197530153528,0.4053880448157025,0.1049507023648515
Defect_L14_B13_el163_H4_W4.npy,-272.1574,4775.39685,0.0031207954884945694,0.9864648158722576,0.4053838055330389,0.10509205960830975
Defect_L14_B140_el3843_H4_W4.npy,-271.95219999999995,4774.29732,0.0031607717191577257,0.9862506099029542,0.4053795652108726,0.10499897084445008
Defect_L14_B141_el3847_H4_W4.npy,-272.0472,4774.92614,0.0031422642049618193,0.986373114061656,0.4053785623730556,0.1050305101166092
Defect_L14_B142_el3851_H4_W4.npy,-272.0853,4775.175109999999,0.00313484171768956,0.9864216173859649,0.4053746779086847,0.10506424275513734
Defect_L14_B143_el3855_H4_W4.npy,-272.0969,4775.314759999999,0.003132581852798273,0.9864488234318329,0.4053725050988239,0.10508475894827307
Defect_L14_B144_el3859_H4_W4.npy,-272.0952,4775.4285500000005,0.003132913039894416,0.986470991537521,0.40537298905584707,0.1050895945811108
Defect_L14_B145_el4147_H4_W4.npy,-272.20230000000004,4777.82061,0.0031120482528377616,0.9869370029523361,0.40535113077152146,0.10512325272766024
Defect_L14_B146_el4151_H4_W4.npy,-271.9277,4776.7447,0.0031655447096608663,0.9867273985355097,0.40535909892395844,0.10511648673856253
Defect_L14_B147_el4155_H4_W4.npy,-271.5591,4775.00477,0.0032373538647409664,0.986388432438932,0.40537846140458,0.10509047373827317
Defect_L14_B148_el4159_H4_W4.npy,-271.5456,4772.99808,0.0032399838799161778,0.9859974972424924,0.40541578132630623,0.10503449870691511
Defect_L14_B149_el4179_H4_W4.npy,-271.7176,4775.532920000001,0.0032064755384246463,0.9864913244770644,0.40547791202353844,0.10491734584204293
Defect_L14_B14_el451_H4_W4.npy,-272.1573,4775.396839999999,0.0031208149700884553,0.9864648139240981,0.4053824724637264,0.10501037767799228
Defect_L14_B150_el4183_H4_W4.npy,-272.0848,4776.25642,0.0031349391256590207,0.9866322738088615,0.40541044281130345,0.10503349344040663
Defect_L14_B151_el4187_H4_W4.npy,-272.1358,4775.878919999999,0.0031250035127748967,0.9865587307919251,0.40537486583086896,0.1050830072274466
Defect_L14_B152_el4191_H4_W4.npy,-272.13359999999994,4775.77707,0.0031254321078405,0.9865388887885479,0.40535913921881345,0.10509950685405087
Defect_L14_B153_el4195_H4_W4.npy,-272.114,4775.80015,0.003129250500243017,0.9865433851404177,0.4053542065192456,0.10509782541220246
Defect_L14_B154_el4483_H4_W4.npy,-272.71750000000003,4780.83864,0.0030116790811143064,0.9875249633004273,0.40534655796360397,0.10508228002370625
Defect_L14_B155_el4487_H4_W4.npy,-272.46750000000003,4779.223150000001,0.0030603830658403625,0.987210240099287,0.40534862007903033,0.10508502072346422
Defect_L14_B156_el4491_H4_W4.npy,-271.995,4776.86174,0.003152433596972614,0.9867501997929992,0.40535357042875775,0.10507848651953486
Defect_L14_B157_el4495_H4_W4.npy,-271.47630000000004,4774.19478,0.0032534846244822294,0.986230633476579,0.40536291811109737,0.1050572383418276
Defect_L14_B158_el4515_H4_W4.npy,-272.339,4776.89585,0.0030854169139895617,0.9867568449646751,0.4053849461250321,0.10498165204895873
Defect_L14_B159_el4519_H4_W4.npy,-272.1227,4775.53958,0.0031275556015745434,0.9864926219512175,0.4053673579010064,0.10503350464095056
Defect_L14_B15_el455_H4_W4.npy,-272.1548,4775.41672,0.0031213020099357153,0.9864686868649637,0.4053793787230207,0.10501678860505753
Defect_L14_B160_el4523_H4_W4.npy,-272.1526,4775.77008,0.003121730605001308,0.986537527025135,0.4053564188085521,0.10506021159120849
Defect_L14_B161_el4527_H4_W4.npy,-272.2009,4776.29091,0.0031123209951522367,0.9866389930105943,0.40534826904622806,0.10507606127870536
Defect_L14_B162_el4531_H4_W4.npy,-272.2279,4776.65548,0.0031070609648018253,0.9867100170574408,0.4053444720122843,0.10507737984878339
Defect_L14_B163_el4819_H4_W4.npy,-272.6254,4793.409970000001,0.0030296216290873887,0.9899740587576523,0.40534609508345465,0.10508326486001074
Defect_L14_B164_el4823_H4_W4.npy,-272.3155,4795.30185,0.0030899950885538135,0.9903426271361463,0.4053521186723026,0.10508042477336389
Defect_L14_B165_el4827_H4_W4.npy,-270.8268,4801.651800000001,0.0033800175768005326,0.9915796986073913,0.40536529058447746,0.1050594887398192
Defect_L14_B166_el4831_H4_W4.npy,-265.5762,4816.0502,0.004402918145611062,0.9943847364221097,0.40538765786769154,0.10500968115046953
Defect_L14_B167_el4851_H4_W4.npy,-272.53839999999997,4784.926130000001,0.003046570615772065,0.9883212715025391,0.4053900345034688,0.10500070544617007
Defect_L14_B168_el4855_H4_W4.npy,-272.4739,4785.67722,0.0030591362438313783,0.9884675958060904,0.40537431700686494,0.10505375290262803
Defect_L14_B169_el4859_H4_W4.npy,-272.4536,4783.23632,0.003063091007391138,0.9879920695808192,0.4053597880583921,0.10508254819344637
Defect_L14_B16_el459_H4_W4.npy,-272.1514,4775.436449999999,0.0031219643841279895,0.9864725305834381,0.40537782460041544,0.10502031267956018
Defect_L14_B170_el4863_H4_W4.npy,-272.4445,4781.49408,0.0030648638324351648,0.9876526534594228,0.40535165479343344,0.10509223486354578
Defect_L14_B171_el4867_H4_W4.npy,-272.45959999999997,4780.58224,0.0030619221117577184,0.9874750124936922,0.4053480600860116,0.10509049155386987
Defect_L14_B172_el5155_H4_W4.npy,-271.2153,4790.15556,0.003304331584536237,0.9893400478179228,0.40536234290650613,0.10510069834331666
Defect_L14_B173_el5159_H4_W4.npy,-271.3216,4788.23724,0.0032836226502307225,0.9889663285060042,0.40536505347317875,0.10510167202895558
Defect_L14_B174_el5163_H4_W4.npy,-271.5859,4782.9707,0.003232132797578337,0.9879403225711274,0.405374139059875,0.10508706006807078
Defect_L14_B175_el5167_H4_W4.npy,-272.8706,4768.51707,0.0029818527608680705,0.9851245250721031,0.4053912920324831,0.10505013100608042
Defect_L14_B176_el5187_H4_W4.npy,-275.3444,4840.23509,0.002499917091206801,0.9990963384747552,0.4054439832407665,0.10491823963923542
Defect_L14_B177_el5191_H4_W4.npy,-274.0103,4811.88291,0.0027598210352989348,0.9935728819080737,0.4054096896012559,0.10501860613409346
Defect_L14_B178_el5195_H4_W4.npy,-273.53130000000004,4800.96046,0.0028531378700340448,0.9914450145561892,0.40538335537015696,0.10508345711105344
Defect_L14_B179_el5199_H4_W4.npy,-273.3198,4795.1973100000005,0.0028943414411123,0.9903222610778933,0.4053671923535695,0.10511789945251443
Defect_L14_B17_el463_H4_W4.npy,-272.1517,4775.44662,0.0031219059393463216,0.9864745118615369,0.4053768569800163,0.10502467607506845
Defect_L14_B180_el5203_H4_W4.npy,-273.2525,4792.32154,0.002907452553800552,0.9897620152452706,0.4053592824193742,0.10513254563602299
Defect_L14_B181_el5491_H4_W4.npy,-271.52459999999996,4776.01393,0.0032440750146331696,0.9865850328918367,0.4053774548171356,0.10506800781710064
Defect_L14_B182_el5495_H4_W4.npy,-271.49060000000003,4774.69851,0.0032506987565559006,0.9863287681094833,0.4053755889172004,0.1050680384181729
Defect_L14_B183_el5499_H4_W4.npy,-271.4425,4772.15629,0.0032600694032172005,0.9858335031332822,0.4053757476331419,0.1050573190783011
Defect_L14_B184_el5503_H4_W4.npy,-271.5055,4767.64607,0.0032477959990662364,0.9849548403893176,0.40537713812609677,0.10503865728308204
Defect_L14_B185_el5507_H4_W4.npy,-278.59680000000003,4756.38554,0.001866297731514694,0.9827611096648085,0.40537932181647723,0.1050149902586244
Defect_L14_B186_el5511_H4_W4.npy,-267.7054,4770.538189999999,0.003988116048496181,0.9855182714625411,0.4053812511572241,0.10499793838415651
Defect_L14_B187_el5515_H4_W4.npy,-272.3827,4754.88807,0.003076903457459447,0.9824693786407774,0.4053830189419473,0.104987494468516
Defect_L14_B188_el5519_H4_W4.npy,-272.2408,4776.27422,0.0031045478391899606,0.9866357415325742,0.40538205649026976,0.10499555403198911
Defect_L14_B189_el5523_H4_W4.npy,-272.501,4778.82172,0.0030538567318870815,0.9871320351369326,0.40538010472453984,0.1050082857074251
Defect_L14_B18_el467_H4_W4.npy,-272.15160000000003,4775.45738,0.0031219254209402074,0.9864766080810395,0.40537630068798913,0.1050303654018309
Defect_L14_B190_el5527_H4_W4.npy,-272.6855,4781.50419,0.003017913191159249,0.987654623048565,0.4053793504445694,0.10502301896449344
Defect_L14_B191_el5531_H4_W4.npy,-272.90020000000004,4784.4628299999995,0.002976086209076502,0.9882310132780445,0.4053782651308207,0.10504631287783682
Defect_L14_B192_el5535_H4_W4.npy,-273.0804,4786.6774399999995,0.002940980376885969,0.9886624546045012,0.4053774505750675,0.10507024117732257
Defect_L14_B193_el5539_H4_W4.npy,-273.222,4788.223980000001,0.002913394439937134,0.9889637452466544,0.4053783356882164,0.10508581814646631
Defect_L14_B194_el5827_H4_W4.npy,-271.9267,4774.66551,0.0031657395255997767,0.9863223391834994,0.405381012236731,0.1050547694512505
Defect_L14_B195_el5831_H4_W4.npy,-271.90590000000003,4774.36835,0.003169791697128975,0.9862644476790946,0.40537858504960395,0.10505580837091312
Defect_L14_B196_el5835_H4_W4.npy,-271.8941,4773.71429,0.0031720905252080552,0.986137026366095,0.40537764506853924,0.10505054643184482
Defect_L14_B197_el5839_H4_W4.npy,-272.0937,4772.27267,0.0031332052638027652,0.9858561758122519,0.4053773495040333,0.10504263172988551
Defect_L14_B198_el5843_H4_W4.npy,-274.6016,4768.549279999999,0.0026446263706248574,0.9851308000934952,0.40537703382976764,0.10503680473373776
Defect_L14_B199_el5847_H4_W4.npy,-270.72979999999995,4779.16646,0.00339891472287425,0.9871991959837105,0.4053764423066955,0.1050391189986436
Defect_L14_B19_el471_H4_W4.npy,-272.1562,4775.468110000001,0.003121029267621251,0.9864786984560642,0.40537604061520743,0.10503675364008412
Defect_L14_B1_el115_H4_W4.npy,-272.15680000000003,4775.40723,0.003120912378057905,0.9864668380617034,0.4053818495470162,0.1049783943489936
Defect_L14_B200_el5851_H4_W4.npy,-272.4607,4768.64334,0.003061707814224922,0.9851491244807086,0.4053761572260344,0.10504033599743283
Defect_L14_B201_el5855_H4_W4.npy,-271.9457,4776.6658800000005,0.0031620380227605958,0.9867120431432054,0.4053756113646314,0.10504016472121348
Defect_L14_B202_el5859_H4_W4.npy,-272.0726,4776.9288799999995,0.0031373158801136425,0.986763279735137,0.40537592883896745,0.1050358988035553
Defect_L14_B203_el5863_H4_W4.npy,-272.23040000000003,4777.31513,0.003106573924954554,0.9868385273915389,0.40537698008069606,0.10503348445096926
Defect_L14_B204_el5867_H4_W4.npy,-272.37919999999997,4777.9802,0.0030775853132456177,0.986968093628026,0.40537819291923705,0.1050346995043015
Defect_L14_B205_el5871_H4_W4.npy,-272.5117,4778.7059,0.003051772201340798,0.9871094715548887,0.40538002130901585,0.1050369384231344
Defect_L14_B206_el5875_H4_W4.npy,-272.6176,4779.31668,0.003031141193410848,0.9872284612340526,0.40538343275082683,0.1050352322367435
Defect_L14_B207_el6163_H4_W4.npy,-272.0848,4774.99081,0.0031349391256590207,0.986385712808425,0.40538104318312185,0.10506431329054826
Defect_L14_B208_el6167_H4_W4.npy,-272.07129999999995,4774.90823,0.003137569140834232,0.9863696249081902,0.4053788337598009,0.10506303773623418
Defect_L14_B209_el6171_H4_W4.npy,-272.0712,4774.62924,0.0031375886224281175,0.9863152732093955,0.40537792166614445,0.10505753211307502
Defect_L14_B20_el475_H4_W4.npy,-272.15999999999997,4775.469120000001,0.003120288967053424,0.9864788952201624,0.40537602696896524,0.10504296319921022
Defect_L14_B210_el6175_H4_W4.npy,-272.2265,4773.9802,0.003107333707116289,0.986188829872409,0.40537743638505125,0.10505097512488394
Defect_L14_B211_el6179_H4_W4.npy,-273.1094,4772.42029,0.0029353307146577474,0.9858849345411529,0.40537697006612095,0.10504668331351154
Defect_L14_B212_el6183_H4_W4.npy,-271.64639999999997,4777.753540000001,0.0032203464332746334,0.986923936647314,0.4053764156133257,0.10504715725924217
Defect_L14_B213_el6187_H4_W4.npy,-272.4742,4772.72874,0.003059077799049711,0.9859450255175078,0.40537597736337266,0.10504657180967801
Defect_L14_B214_el6191_H4_W4.npy,-272.0022,4776.40602,0.0031510309222125012,0.9866614182733218,0.4053756833859423,0.10504277154689225
Defect_L14_B215_el6195_H4_W4.npy,-272.0532,4776.318190000001,0.0031410953093283884,0.9866443075894079,0.4053760785829703,0.1050356368183955
Defect_L14_B216_el6199_H4_W4.npy,-272.1436,4776.2101999999995,0.0031234839484514487,0.9866232694161653,0.40537717163756487,0.10502884383985542
Defect_L14_B217_el6203_H4_W4.npy,-272.225,4776.28472,0.0031076259310246386,0.9866377870999326,0.40537861094981925,0.10502379996067322
Defect_L14_B218_el6207_H4_W4.npy,-272.29659999999996,4776.407999999999,0.003093677109799109,0.9866618040088806,0.4053805404788784,0.10501992908957496
Defect_L14_B219_el6211_H4_W4.npy,-272.348,4776.49677,0.0030836635705394208,0.9866790978197771,0.4053839073092162,0.10501438276718822
Defect_L14_B21_el479_H4_W4.npy,-272.16130000000004,4775.45979,0.0031200357063328344,0.9864770775874523,0.4053762301843793,0.10504843488544179
Defect_L14_B22_el483_H4_W4.npy,-272.1619,4775.45001,0.003119918816769499,0.9864751722875698,0.40537660362922223,0.10505353728278348
Defect_L14_B23_el487_H4_W4.npy,-272.1628,4775.439799999999,0.0031197434824244853,0.9864731832168334,0.4053771847795227,0.10505901261890864
Defect_L14_B24_el491_H4_W4.npy,-272.1617,4775.41893,0.003119957779957281,0.9864691174081887,0.40537809698447946,0.10506488741849283
Defect_L14_B25_el495_H4_W4.npy,-272.1597,4775.39775,0.0031203474118350915,0.9864649912066027,0.4053794440022374,0.10506989456443241
Defect_L14_B26_el499_H4_W4.npy,-272.1575,4775.37683,0.0031207760069006728,0.9864609156571609,0.4053820634232415,0.10507049262161988
Defect_L14_B27_el787_H4_W4.npy,-272.1558,4775.37639,0.0031211071939968157,0.9864608299381478,0.4053830840918504,0.10502186792749969
Defect_L14_B28_el791_H4_W4.npy,-272.15139999999997,4775.40608,0.0031219643841280003,0.9864666140233738,0.40537951583361465,0.10503031333978514
Defect_L14_B29_el795_H4_W4.npy,-272.1472,4775.43571,0.003122782611071392,0.9864723864196434,0.4053774922682137,0.10503318761070003
Defect_L14_B2_el119_H4_W4.npy,-272.1561,4775.41717,0.003121048749215148,0.9864687745321361,0.4053796822337635,0.10499296571363227
Defect_L14_B30_el799_H4_W4.npy,-272.14869999999996,4775.46579,0.003122490387163043,0.9864782464830858,0.4053761546193187,0.1050358057972807
Defect_L14_B31_el803_H4_W4.npy,-272.1478,4775.476589999999,0.0031226657215080457,0.9864803504952258,0.40537535168007993,0.10503937754168412
Defect_L14_B32_el807_H4_W4.npy,-272.15259999999995,4775.4978,0.0031217306050013187,0.9864844825412901,0.405374983236494,0.10504348976195339
Defect_L14_B33_el811_H4_W4.npy,-272.1598,4775.48939,0.003120327930241195,0.9864828441392438,0.4053749801131659,0.10504696403967957
Defect_L14_B34_el815_H4_W4.npy,-272.163,4775.4909,0.0031197045192367027,0.9864831383113116,0.40537527683352376,0.10504897804518387
Defect_L14_B35_el819_H4_W4.npy,-272.1648,4775.47159,0.003119353850546675,0.9864793764155314,0.4053758526501669,0.10505021367573877
Defect_L14_B36_el823_H4_W4.npy,-272.1651,4775.46134,0.003119295405765007,0.9864773795521575,0.4053766902751734,0.10505201692432552
Defect_L14_B37_el827_H4_W4.npy,-272.1647,4775.43023,0.0031193733321405715,0.9864713188282983,0.4053778847286867,0.10505459583072443
Defect_L14_B38_el831_H4_W4.npy,-272.1614,4775.3884100000005,0.003120016224738949,0.9864631716257334,0.40537957953315146,0.10505630908021764
Defect_L14_B39_el835_H4_W4.npy,-272.15880000000004,4775.34673,0.0031205227461800944,0.9864550516973999,0.40538265482757097,0.10505203671693233
Defect_L14_B3_el123_H4_W4.npy,-272.1552,4775.427250000001,0.003121224083560162,0.9864707382768005,0.4053787540415134,0.10500687827401879
Defect_L14_B40_el1123_H4_W4.npy,-272.15500000000003,4775.36614,0.003121263046747933,0.986458833074774,0.40538361696642733,0.10502645212734826
Defect_L14_B41_el1127_H4_W4.npy,-272.14849999999996,4775.40564,0.003122529350350825,0.9864665283043607,0.40537974131038923,0.10503650920569374
Defect_L14_B42_el1131_H4_W4.npy,-272.1427,4775.44503,0.0031236592827964624,0.986474202104194,0.40537736786259554,0.10503967809471551
Defect_L14_B43_el1135_H4_W4.npy,-272.1449,4775.474759999999,0.0031232306877308704,0.9864799939820575,0.40537572569851194,0.10504211755028987
Defect_L14_B44_el1139_H4_W4.npy,-272.142,4775.48583,0.0031237956539536945,0.9864821505945013,0.40537468538678056,0.10504539245833037
Defect_L14_B45_el1143_H4_W4.npy,-272.1505,4775.50751,0.0031221397184730037,0.9864863742040569,0.40537418084813714,0.10504898394227061
Defect_L14_B46_el1147_H4_W4.npy,-272.1602,4775.49979,0.003120250003865642,0.9864848702250084,0.4053741442329939,0.10505107101367163
Defect_L14_B47_el1151_H4_W4.npy,-272.16519999999997,4775.50222,0.0031192759241711215,0.9864853436277401,0.4053745430258463,0.10505038954243591
Defect_L14_B48_el1155_H4_W4.npy,-272.1679,4775.49338,0.0031187499211360794,0.98648362145484,0.4053753039507269,0.10504827467827411
Defect_L14_B49_el1159_H4_W4.npy,-272.1686,4775.46319,0.0031186135499788365,0.9864777399616447,0.40537636655642484,0.10504717781627858
Defect_L14_B4_el127_H4_W4.npy,-272.15569999999997,4775.437599999999,0.0031211266755907124,0.9864727546217679,0.40537809655972673,0.10501875055979089
Defect_L14_B50_el1163_H4_W4.npy,-272.16780000000006,4775.42172,0.0031187694027299535,0.9864696609446583,0.405377791953855,0.10504744987649735
Defect_L14_B51_el1167_H4_W4.npy,-272.1632,4775.36902,0.0031196655560489206,0.986459394144678,0.4053797869184194,0.10504704120298534
Defect_L14_B52_el1171_H4_W4.npy,-272.1592,4775.32654,0.0031204448198045415,0.9864511183635933,0.4053831964834614,0.10503963146039338
Defect_L14_B53_el1459_H4_W4.npy,-272.1555,4775.356589999999,0.003121165638778483,0.9864569725825573,0.4053839944106516,0.1050289854114307
Defect_L14_B54_el1463_H4_W4.npy,-272.1449,4775.405839999999,0.0031232306877308704,0.9864665672675483,0.40537998842409273,0.10503963982769472
Defect_L14_B55_el1467_H4_W4.npy,-272.1377,4775.45472,0.003124633362490983,0.9864760898706421,0.40537741894812146,0.10504274671326173
Defect_L14_B56_el1471_H4_W4.npy,-272.1429,4775.4838899999995,0.0031236203196086804,0.9864817726515798,0.40537556932884333,0.10504505299171985
Defect_L14_B57_el1475_H4_W4.npy,-272.13710000000003,4775.4848,0.0031247502520543183,0.9864819499340843,0.40537431948048236,0.10504857295721343
Defect_L14_B58_el1479_H4_W4.npy,-272.14910000000003,4775.52709,0.0031224124607874674,0.9864901887001405,0.40537363718674735,0.10505266171788008
Defect_L14_B59_el1483_H4_W4.npy,-272.1623,4775.5001,0.003119840890393935,0.9864849306179496,0.4053735895182566,0.10505426127593219
Defect_L14_B5_el131_H4_W4.npy,-272.1564,4775.43802,0.003120990304433469,0.9864728364444623,0.405377612162822,0.10502865909692347
Defect_L14_B60_el1487_H4_W4.npy,-272.1689,4775.50397,0.0031185551051971685,0.986485684555633,0.4053741191463518,0.10505143537946485
Defect_L14_B61_el1491_H4_W4.npy,-272.17130000000003,4775.49537,0.003118087546943794,0.9864840091385585,0.40537508385616655,0.10504661187311314
Defect_L14_B62_el1495_H4_W4.npy,-272.1724,4775.46518,0.003117873249411009,0.986478127645363,0.40537630838097527,0.1050438903760662
Defect_L14_B63_el1499_H4_W4.npy,-272.16999999999996,4775.4232,0.0031183408076643836,0.9864699492722478,0.405377820949103,0.10504328643409688
Defect_L14_B64_el1503_H4_W4.npy,-272.1637,4775.3596,0.003119568148079471,0.9864575589785335,0.4053799145637774,0.10504197473207823
Defect_L14_B65_el1507_H4_W4.npy,-272.1571,4775.29609,0.0031208539332762374,0.9864451862182536,0.40538341559883023,0.10503283767134966
Defect_L14_B66_el1795_H4_W4.npy,-272.1588,4775.36869,0.0031205227461801057,0.9864593298554182,0.4053836604036161,0.10503501950424737
Defect_L14_B67_el1799_H4_W4.npy,-272.1453,4775.42733,0.0031231527613553058,0.9864707538620756,0.40537986501469925,0.10504307015447256
Defect_L14_B68_el1803_H4_W4.npy,-272.13530000000003,4775.48542,0.0031251009207443462,0.9864820707199664,0.405377453602984,0.10504353714751977
Defect_L14_B69_el1807_H4_W4.npy,-272.14520000000005,4775.49352,0.0031231722429491916,0.9864836487290716,0.40537574040632857,0.10504356930671109
Defect_L14_B6_el135_H4_W4.npy,-272.1589,4775.4483,0.003120503264586209,0.9864748391523143,0.4053772565638026,0.1050370142767528
Defect_L14_B70_el1811_H4_W4.npy,-272.13300000000004,4775.463790000001,0.003125548997403824,0.986477856851208,0.40537443528312944,0.10504618118369222
Defect_L14_B71_el1815_H4_W4.npy,-272.1495,4775.5363,0.003122334534411914,0.9864919829549378,0.4053736094611826,0.10505068102613115
Defect_L14_B72_el1819_H4_W4.npy,-272.1648,4775.47981,0.003119353850546675,0.9864809778025492,0.40537354405129733,0.10505204752884527
Defect_L14_B73_el1823_H4_W4.npy,-272.1737,4775.49548,0.0031176199886904306,0.9864840305683117,0.4053741454457954,0.10504776360235715
Defect_L14_B74_el1827_H4_W4.npy,-272.1721,4775.47671,0.0031179316941926764,0.9864803738731386,0.40537519847245473,0.10504182881382651
Defect_L14_B75_el1831_H4_W4.npy,-272.1721,4775.45611,0.0031179316941926764,0.9864763606647972,0.40537633097244635,0.10504012081314326
Defect_L14_B76_el1835_H4_W4.npy,-272.1688,4775.40374,0.003118574586791065,0.9864661581540767,0.40537762627487234,0.10504095997680082
Defect_L14_B77_el1839_H4_W4.npy,-272.16069999999996,4775.34947,0.003120152595896192,0.9864555854930724,0.40537957576160033,0.10504049241864706
Defect_L14_B78_el1843_H4_W4.npy,-272.1533,4775.28529,0.0031215942338440757,0.9864430822061135,0.40538296555737807,0.10503159232394363
Defect_L14_B79_el2131_H4_W4.npy,-272.168,4775.403759999999,0.0031187304395421827,0.9864661620503954,0.4053812063585065,0.1050580408701943
Defect_L14_B7_el139_H4_W4.npy,-272.15950000000004,4775.438719999999,0.0031203863750228628,0.9864729728156194,0.405377003012166,0.10504413681724248
Defect_L14_B80_el2135_H4_W4.npy,-272.1484,4775.47094,0.0031225488319447103,0.9864792497851711,0.40537864207047486,0.10505730579971541
Defect_L14_B81_el2139_H4_W4.npy,-272.1344,4775.53751,0.0031252762550893604,0.9864922186822239,0.4053774872124155,0.1050476016787237
Defect_L14_B82_el2143_H4_W4.npy,-272.1552,4775.53405,0.003121224083560162,0.9864915446190754,0.40537689883800393,0.10503738822052729
Defect_L14_B83_el2147_H4_W4.npy,-272.13349999999997,4775.432989999999,0.0031254515894343854,0.9864718565202896,0.40537626497222773,0.10503309556558096
Defect_L14_B84_el2151_H4_W4.npy,-272.15200000000004,4775.55547,0.003121847494564643,0.9864957175764867,0.4053759109258343,0.1050340021998768
Defect_L14_B85_el2155_H4_W4.npy,-272.1648,4775.42827,0.003119353850546675,0.9864709369890581,0.40537592561434527,0.10503360428128083
Defect_L14_B86_el2159_H4_W4.npy,-272.1769,4775.46672,0.0031169965776859385,0.986478427661909,0.4053761266959363,0.10503138762079908
Defect_L14_B87_el2163_H4_W4.npy,-272.16519999999997,4775.44623,0.0031192759241711215,0.9864744358833207,0.40537633609452206,0.10503176460887369
Defect_L14_B88_el2167_H4_W4.npy,-272.16490000000005,4775.43534,0.003119334368952778,0.9864723143377461,0.4053764585004621,0.10503813513275685
Defect_L14_B89_el2171_H4_W4.npy,-272.1616,4775.39292,0.003119977261551167,0.9864640502456178,0.4053768780836065,0.10504491778382614
Defect_L14_B8_el143_H4_W4.npy,-272.1608,4775.42892,0.0031201331143022953,0.9864710636194184,0.4053768202503105,0.10505037361663513
Defect_L14_B90_el2175_H4_W4.npy,-272.1526,4775.32805,0.003121730605001308,0.986451412535661,0.40537822995373374,0.10504763543999983
Defect_L14_B91_el2179_H4_W4.npy,-272.1422,4775.26309,0.0031237566907659125,0.9864387572922699,0.40538121820884165,0.1050399660788518
Defect_L14_B92_el2467_H4_W4.npy,-272.16610000000003,4775.44864,0.0031191005898260965,0.9864749053897335,0.40536893308993793,0.1050936534270633
Defect_L14_B93_el2471_H4_W4.npy,-272.14110000000005,4775.56228,0.0031239709882986974,0.9864970442730306,0.4053703989011152,0.10509542623735502
Defect_L14_B94_el2475_H4_W4.npy,-272.129,4775.716170000001,0.003126328261159445,0.9865270244978687,0.4053757317851682,0.10508151937769024
Defect_L14_B95_el2479_H4_W4.npy,-272.1803,4775.7733,0.0031163342034936643,0.9865381543324582,0.4053846230401694,0.10504606298744483
Defect_L14_B96_el2499_H4_W4.npy,-272.1136,4775.41088,0.00312932842661857,0.9864675491398806,0.40538318992843686,0.10501635836324816
Defect_L14_B97_el2503_H4_W4.npy,-272.13689999999997,4775.477379999999,0.0031247892152421112,0.9864805043998175,0.40537717102406584,0.10505264266390804
Defect_L14_B98_el2507_H4_W4.npy,-272.147,4775.45014,0.0031228215742591745,0.9864751976136419,0.40537282262785596,0.1050681625480321
Defect_L14_B99_el2511_H4_W4.npy,-272.1423,4775.36685,0.003123737209172027,0.9864589713940907,0.40537147333971885,0.10507099024245874
Defect_L14_B9_el147_H4_W4.npy,-272.16020000000003,4775.4287300000005,0.0031202500038656307,0.98647102660439,0.40537669660008085,0.10505644148223141
Defect_L15_B100_el2515_H4_W4.npy,-272.13669999999996,4775.32227,0.0031248281784298938,0.9864502864995341,0.40537395333655646,0.10503943883616745
Defect_L15_B101_el2803_H4_W4.npy,-272.1555,4775.49144,0.003121165638778483,0.9864832435119186,0.40536050557863973,0.1050454843446399
Defect_L15_B102_el2807_H4_W4.npy,-272.1415,4775.58185,0.0031238930619231445,0.9865008568209549,0.4053582483313624,0.10505663244569943
Defect_L15_B103_el2811_H4_W4.npy,-272.1285,4775.67986,0.003126425669128906,0.986519950731127,0.4053583355627697,0.10506828318895024
Defect_L15_B104_el2815_H4_W4.npy,-272.1366,4775.78817,0.003124847660023779,0.9865410512454696,0.40536657320713176,0.10507857108132959
Defect_L15_B105_el2835_H4_W4.npy,-272.0302,4775.630099999999,0.0031455760759231902,0.986510256690007,0.4054210648480168,0.10500435892686676
Defect_L15_B106_el2839_H4_W4.npy,-272.1123,4775.68181,0.0031295816873391485,0.9865203306222078,0.4053459925965379,0.10506157638473987
Defect_L15_B107_el2843_H4_W4.npy,-272.1535,4775.600780000001,0.0031215552706562936,0.9865045446866786,0.4053628820948825,0.1050556002320115
Defect_L15_B108_el2847_H4_W4.npy,-272.1593,4775.4824499999995,0.0031204253382106557,0.9864814921166278,0.405360917020298,0.10504808316239482
Defect_L15_B109_el2851_H4_W4.npy,-272.1479,4775.36685,0.0031226462399141603,0.9864589713940907,0.405362344653398,0.10503875938084656
Defect_L15_B10_el151_H4_W4.npy,-272.15860000000004,4775.40795,0.003120561709367877,0.9864669783291795,0.40537594940625804,0.10503689079183832
Defect_L15_B110_el3139_H4_W4.npy,-272.1683,4775.58184,0.003118671994760515,0.9865008548727956,0.4053666691087684,0.10504359787170132
Defect_L15_B111_el3143_H4_W4.npy,-272.1781,4775.60638,0.003116762798559257,0.9865056356559363,0.40536731094451556,0.10504925635368104
Defect_L15_B112_el3147_H4_W4.npy,-272.1839,4775.453780000001,0.003115632866113608,0.9864759067436596,0.40537506178803695,0.10504942444652407
Defect_L15_B113_el3151_H4_W4.npy,-272.1767,4774.98001,0.0031170355408737206,0.9863836087962848,0.4053982382572071,0.10503585196255412
Defect_L15_B114_el3171_H4_W4.npy,-272.3902,4774.89116,0.0030754423379176664,0.9863662994001132,0.4054648593674683,0.10497843477687074
Defect_L15_B115_el3175_H4_W4.npy,-272.20090000000005,4774.73833,0.003112320995152226,0.9863365256801705,0.40540009522262915,0.10505694293143522
Defect_L15_B116_el3179_H4_W4.npy,-272.146,4774.92584,0.003123016390198074,0.9863730556168744,0.4053729709150183,0.10507079418082152
Defect_L15_B117_el3183_H4_W4.npy,-272.1417,4775.1311000000005,0.003123854098735362,0.986413043536494,0.4053639789944172,0.10506495389764521
Defect_L15_B118_el3187_H4_W4.npy,-272.1475,4775.24195,0.0031227241662897245,0.9864346388833214,0.4053625903408742,0.10505458077065272
Defect_L15_B119_el3475_H4_W4.npy,-272.1604,4775.82434,0.0031202110406778594,0.9865480977379799,0.4053754404003154,0.10505154338052085
Defect_L15_B11_el155_H4_W4.npy,-272.1579,4775.40736,0.00312069808052512,0.9864668633877756,0.40537623086668373,0.10504321540680521
Defect_L15_B120_el3479_H4_W4.npy,-272.1418,4775.89033,0.0031238346171414766,0.9865609536417882,0.405374147593065,0.10504755544597741
Defect_L15_B121_el3483_H4_W4.npy,-272.12440000000004,4775.87457,0.003127224414478401,0.986557883342591,0.40537502829877164,0.10503515285813592
Defect_L15_B122_el3487_H4_W4.npy,-272.15,4775.731409999999,0.0031222371264424645,0.9865299934927774,0.4053769771894925,0.10501651509114429
Defect_L15_B123_el3491_H4_W4.npy,-272.31759999999997,4775.2957,0.0030895859750821176,0.9864451102400374,0.40537771192414335,0.10499720636095149
Defect_L15_B124_el3495_H4_W4.npy,-272.3388,4774.6758,0.0030854558771773438,0.9863243438395108,0.40538047849298264,0.10497356190993293
Defect_L15_B125_el3499_H4_W4.npy,-272.04339999999996,4774.36766,0.0031430045055296577,0.9862643132560969,0.4053838009478465,0.10496080811312081
Defect_L15_B126_el3503_H4_W4.npy,-272.0493,4774.63901,0.003141855091490112,0.9863171765611185,0.4053840013995459,0.10496237920906804
Defect_L15_B127_el3507_H4_W4.npy,-272.1043,4774.9289100000005,0.0031311402148503785,0.986373653701807,0.4053824044074529,0.10497524749095614
Defect_L15_B128_el3511_H4_W4.npy,-272.10929999999996,4774.90483,0.0031301661351558693,0.9863689625339981,0.40538181611009233,0.10499888551463107
Defect_L15_B129_el3515_H4_W4.npy,-272.1144,4775.00821,0.0031291725738674526,0.986389102605762,0.40537780258489703,0.1050309956378996
Defect_L15_B12_el159_H4_W4.npy,-272.156,4775.39679,0.0031210682308090336,0.9864648041833013,0.4053772837146474,0.10505103524979471
Defect_L15_B130_el3519_H4_W4.npy,-272.1279,4775.18119,0.0031265425586922413,0.9864228018668737,0.4053743159976199,0.10505295906652558
Defect_L15_B131_el3523_H4_W4.npy,-272.1399,4775.29568,0.0031242047674253904,0.9864451063437187,0.4053734271665593,0.10506182473908621
Defect_L15_B132_el3811_H4_W4.npy,-272.1554,4776.26545,0.00312118512037238,0.9866340329967899,0.405372446319493,0.10507634761991307
Defect_L15_B133_el3815_H4_W4.npy,-272.0944,4776.25619,0.0031330688926455336,0.9866322290011956,0.4053737743894673,0.10505953019206615
Defect_L15_B134_el3819_H4_W4.npy,-272.0362,4776.18876,0.0031444071802897594,0.9866190925624353,0.4053771780531566,0.105030668239731
Defect_L15_B135_el3823_H4_W4.npy,-272.1086,4776.0705,0.00313030250631309,0.9865960536295004,0.40538036873551037,0.10499665161965613
Defect_L15_B136_el3827_H4_W4.npy,-272.7557,4775.213129999999,0.0030042371122481724,0.9864290242879621,0.40538163316845593,0.10497144949961644
Defect_L15_B137_el3831_H4_W4.npy,-272.3395,4773.808590000001,0.0030853195060201117,0.9861553975091337,0.4053872041589815,0.1049424954387738
Defect_L15_B138_el3835_H4_W4.npy,-271.9059,4773.47238,0.0031697916971289864,0.9860898984423146,0.40538762157218405,0.10493696921054611
Defect_L15_B139_el3839_H4_W4.npy,-271.8483,4773.6691900000005,0.003181013095209866,0.9861282401672505,0.4053847799403043,0.10495431460367895
Defect_L15_B13_el163_H4_W4.npy,-272.156,4775.3965,0.0031210682308090336,0.986464747686679,0.4053813267401796,0.1050584761663607
Defect_L15_B140_el3843_H4_W4.npy,-271.9773,4774.3964,0.003155881839091217,0.9862699122661809,0.4053789548080903,0.10498958969048797
Defect_L15_B141_el3847_H4_W4.npy,-272.06969999999995,4775.00308,0.003137880846336478,0.9863881031999955,0.40537657381172,0.1050167361727304
Defect_L15_B142_el3851_H4_W4.npy,-272.1044,4775.25003,0.003131120733256493,0.9864362129961078,0.4053741379838909,0.10503910257578802
Defect_L15_B143_el3855_H4_W4.npy,-272.1157,4775.368079999999,0.0031289193131468743,0.9864592110176953,0.4053728176904469,0.10505339596638512
Defect_L15_B144_el3859_H4_W4.npy,-272.1159,4775.4516699999995,0.003128880349959092,0.9864754956820283,0.4053736594855964,0.10505771078889421
Defect_L15_B145_el4147_H4_W4.npy,-272.134,4776.8950700000005,0.0031253541814649246,0.9867566930082429,0.4053607295075139,0.10508419260260163
Defect_L15_B146_el4151_H4_W4.npy,-271.8889,4775.9578,0.0031731035680903573,0.9865740978731861,0.4053685934766655,0.10507691937173866
Defect_L15_B147_el4155_H4_W4.npy,-271.5574,4774.3621,0.0032376850518371094,0.9862632300794766,0.4053881298819675,0.10505170121491385
Defect_L15_B148_el4159_H4_W4.npy,-271.5205,4772.64951,0.0032448737599826646,0.9859295902506686,0.4054273672409363,0.1049920095340506
Defect_L15_B149_el4179_H4_W4.npy,-271.8103,4775.92791,0.0031884161008882287,0.9865682748247723,0.4054839963622523,0.10488399632727911
Defect_L15_B14_el451_H4_W4.npy,-272.1579,4775.40734,0.00312069808052512,0.9864668594914567,0.4053806366284107,0.10500363409094833
Defect_L15_B150_el4183_H4_W4.npy,-272.1509,4776.520640000001,0.0031220617920974503,0.986683748076239,0.40541899487764327,0.1049937599456177
Defect_L15_B151_el4187_H4_W4.npy,-272.1822,4776.00001,0.0031159640532097393,0.9865823210539671,0.40538362198913763,0.1050432905822382
Defect_L15_B152_el4191_H4_W4.npy,-272.1682,4775.78973,0.0031186914763544006,0.9865413551583344,0.4053675788193612,0.10506181526671417
Defect_L15_B153_el4195_H4_W4.npy,-272.1436,4775.739210000001,0.0031234839484514487,0.9865315130571011,0.4053623830474805,0.10506420677034327
Defect_L15_B154_el4483_H4_W4.npy,-272.5102,4779.08547,0.0030520644252491585,0.9871834178408185,0.40535641961959135,0.1050593969951186
Defect_L15_B155_el4487_H4_W4.npy,-272.29589999999996,4777.86119,0.003093813480956341,0.9869449085831369,0.4053576562132716,0.10506199294822123
Defect_L15_B156_el4491_H4_W4.npy,-271.8848,4775.906,0.0031739023134398636,0.9865640064075507,0.405361359803971,0.10505751583432886
Defect_L15_B157_el4495_H4_W4.npy,-271.4248,4773.63176,0.003263517645335803,0.9861209482066573,0.4053685719989984,0.10504118852236569
Defect_L15_B158_el4515_H4_W4.npy,-272.3248,4776.87125,0.0030881833003220047,0.9867520524925781,0.40538791101022537,0.10497226204934249
Defect_L15_B159_el4519_H4_W4.npy,-272.1169,4775.4980399999995,0.003128685534020192,0.9864845292971153,0.40537622457423783,0.10500761378172001
Defect_L15_B15_el455_H4_W4.npy,-272.1554,4775.42741,0.00312118512037238,0.9864707694473507,0.40537804344065204,0.10500665722593097
Defect_L15_B160_el4523_H4_W4.npy,-272.1444,4775.60886,0.00312332809570032,0.9865061187994648,0.405365753979582,0.10503591510395258
Defect_L15_B161_el4527_H4_W4.npy,-272.1888,4776.0282,0.003114678268012973,0.9865878129152849,0.4053587048787919,0.10505119977522032
Defect_L15_B162_el4531_H4_W4.npy,-272.21139999999997,4776.30131,0.0031102754277937466,0.9866410190963589,0.40535550126645004,0.10505430610533323
Defect_L15_B163_el4819_H4_W4.npy,-272.2413,4787.5927,0.0031044504312204993,0.9888407618407428,0.40535755795828565,0.10505636229352401
Defect_L15_B164_el4823_H4_W4.npy,-271.7867,4789.5997099999995,0.003193013757046366,0.9892317593782829,0.40536357910679566,0.10505091834531126
Defect_L15_B165_el4827_H4_W4.npy,-270.3578,4796.26256,0.003471386252146613,0.990529788756811,0.40537661197978625,0.10502930924207493
Defect_L15_B166_el4831_H4_W4.npy,-265.44190000000003,4812.2687,0.004429081926205888,0.9936480399491434,0.4053978150834917,0.10498158594340645
Defect_L15_B167_el4851_H4_W4.npy,-272.54540000000003,4784.76185,0.0030452069041997237,0.9882892671400957,0.40539464348426874,0.1049879770736658
Defect_L15_B168_el4855_H4_W4.npy,-272.456,4785.05459,0.0030626234491377634,0.9883462975580505,0.40538204136014694,0.1050327027953553
Defect_L15_B169_el4859_H4_W4.npy,-272.3989,4782.16144,0.0030737474392491934,0.9877826658244098,0.40536877721787906,0.10505783512996847
Defect_L15_B16_el459_H4_W4.npy,-272.153,4775.43747,0.003121652678625743,0.986472729295696,0.40537669892504796,0.10500850381943286
Defect_L15_B170_el4863_H4_W4.npy,-272.364,4780.16971,0.0030805465155169603,0.9873946450744161,0.4053612373070417,0.10506603769939693
Defect_L15_B171_el4867_H4_W4.npy,-272.36330000000004,4779.14127,0.0030806828866741815,0.9871942885702094,0.4053581233817338,0.10506455072622957
Defect_L15_B172_el5155_H4_W4.npy,-271.51009999999997,4784.80855,0.0032468998457472805,0.9882983650444426,0.4053676302096181,0.10506466329580534
Defect_L15_B173_el5159_H4_W4.npy,-271.54200000000003,4782.5309799999995,0.003240685217296223,0.9878546581064724,0.40537022460774047,0.10506208095629689
Defect_L15_B174_el5163_H4_W4.npy,-271.7857,4776.48545,0.0031932085729852655,0.9866768925033489,0.40537840977090284,0.10504728840772679
Defect_L15_B175_el5167_H4_W4.npy,-273.0283,4761.149579999999,0.0029511302873028787,0.9836892205903855,0.4053927648977335,0.10501537559005647
Defect_L15_B176_el5187_H4_W4.npy,-273.7834,4815.463449999999,0.0028040247718363037,0.9942704281699576,0.4054388821812177,0.10490039346755328
Defect_L15_B177_el5191_H4_W4.npy,-273.1306,4798.13533,0.0029312006167529735,0.9908946342027126,0.40541262427373004,0.10498201509393873
Defect_L15_B178_el5195_H4_W4.npy,-272.95279999999997,4792.02069,0.002965838890690154,0.9897034048700514,0.4053893824393257,0.10503994920098907
Defect_L15_B179_el5199_H4_W4.npy,-272.8724,4788.52699,0.002981502092178042,0.9890227764243017,0.4053743425334016,0.10507226170957105
Defect_L15_B17_el463_H4_W4.npy,-272.15250000000003,4775.4475,0.003121750086595193,0.9864746832995632,0.4053758954807213,0.10501116829506424
Defect_L15_B180_el5203_H4_W4.npy,-272.8539,4786.61171,0.002985106187047774,0.9886496493528372,0.4053669916680332,0.1050869886206641
Defect_L15_B181_el5491_H4_W4.npy,-271.72769999999997,4776.00597,0.00320450789744172,0.986583482156963,0.4053766276206817,0.10504281030415816
Defect_L15_B182_el5495_H4_W4.npy,-271.6857,4775.144109999999,0.0032126901668756923,0.9864155780918589,0.4053748665767455,0.10504194392695279
Defect_L15_B183_el5499_H4_W4.npy,-271.60519999999997,4773.4232600000005,0.0032283728499574883,0.9860803290833958,0.4053746897358572,0.10503487761454217
Defect_L15_B184_el5503_H4_W4.npy,-271.4791,4770.28526,0.0032529391398533015,0.9854689966671142,0.40537551806651767,0.10502276638517381
Defect_L15_B185_el5507_H4_W4.npy,-273.5811,4761.6586099999995,0.0028434360362766245,0.983788387747766,0.40537784319200865,0.10500347997428307
Defect_L15_B186_el5511_H4_W4.npy,-272.74159999999995,4755.88359,0.00300698401698673,0.9826633218042755,0.40537961108106163,0.10498780501801146
Defect_L15_B187_el5515_H4_W4.npy,-272.56789999999995,4768.1141800000005,0.0030408235455743936,0.9850460356784781,0.4053802531186107,0.10498299840369962
Defect_L15_B188_el5519_H4_W4.npy,-272.42109999999997,4778.95172,0.0030694225254055308,0.9871573612089901,0.40538046450075577,0.10498653442858874
Defect_L15_B189_el5523_H4_W4.npy,-272.4103,4778.90904,0.0030715265375456887,0.9871490464647176,0.4053786182193823,0.10499808615247844
Defect_L15_B18_el467_H4_W4.npy,-272.1543,4775.45774,0.003121399417905176,0.9864766782147776,0.40537542813856486,0.10501485237225874
Defect_L15_B190_el5527_H4_W4.npy,-272.434,4779.15499,0.003066909399793655,0.9871969614448912,0.40537736204327074,0.10500950313046499
Defect_L15_B191_el5531_H4_W4.npy,-272.5722,4780.77749,0.003039985837037094,0.9875130503057634,0.40537691166337225,0.10502435427025202
Defect_L15_B192_el5535_H4_W4.npy,-272.71520000000004,4782.38742,0.0030121271577737843,0.9878266903302834,0.4053767523333467,0.10504102325779702
Defect_L15_B193_el5539_H4_W4.npy,-272.8338,4783.57128,0.002989021987419751,0.9880573251277146,0.40537794775882285,0.10505350401261696
Defect_L15_B194_el5827_H4_W4.npy,-271.9861,4775.03846,0.0031541674588288584,0.9863949957879138,0.4053789872021339,0.10503387979097517
Defect_L15_B195_el5831_H4_W4.npy,-271.95279999999997,4774.8198999999995,0.0031606548295943795,0.9863524168163068,0.40537694288756343,0.10503363381639885
Defect_L15_B196_el5835_H4_W4.npy,-271.9111,4774.247710000001,0.003168778654246684,0.9862409450842254,0.40537615501004143,0.10502968354853189
Defect_L15_B197_el5839_H4_W4.npy,-271.9435,4773.00388,0.003162466617826188,0.985998627174938,0.4053760732299941,0.10502353884636663
Defect_L15_B198_el5843_H4_W4.npy,-272.80850000000004,4770.26868,0.00299395083067402,0.9854657666188472,0.4053763572902246,0.105017050927864
Defect_L15_B199_el5847_H4_W4.npy,-272.8195,4771.22708,0.00299180785534608,0.9856524782146929,0.4053760295703286,0.10501773236241424
Defect_L15_B19_el471_H4_W4.npy,-272.1575,4775.45851,0.0031207760069006728,0.9864768282230506,0.405375202700943,0.10501917839954948
Defect_L15_B1_el115_H4_W4.npy,-272.1585,4775.41772,0.003120581190961773,0.9864688816809026,0.4053807191115081,0.10497896407307915
Defect_L15_B200_el5851_H4_W4.npy,-272.2081,4773.4752,0.003110918320392124,0.9860904478232624,0.40537547318926964,0.10502023898631564
Defect_L15_B201_el5855_H4_W4.npy,-272.0949,4777.18356,0.0031329714846760836,0.9868128954584573,0.40537535212351267,0.10501932159784617
Defect_L15_B202_el5859_H4_W4.npy,-272.15500000000003,4777.17758,0.003121263046747933,0.9868117304591425,0.4053755927536875,0.10501710892471003
Defect_L15_B203_el5863_H4_W4.npy,-272.22069999999997,4777.09406,0.003108463639561938,0.9867954594319254,0.40537591083777913,0.10501714739775231
Defect_L15_B204_el5867_H4_W4.npy,-272.3045,4777.32219,0.0030921380638817535,0.9868399027920676,0.40537668373245994,0.10501843069463926
Defect_L15_B205_el5871_H4_W4.npy,-272.3902,4777.686949999999,0.0030754423379176664,0.9869109638539422,0.4053781359489502,0.1050203498906407
Defect_L15_B206_el5875_H4_W4.npy,-272.46200000000005,4777.99,0.0030614545535043326,0.9869700028242271,0.4053810204869504,0.10502032813038131
Defect_L15_B207_el6163_H4_W4.npy,-272.0907,4775.17902,0.0031337897116194753,0.986422379116286,0.40537921158033535,0.105039921969777
Defect_L15_B208_el6167_H4_W4.npy,-272.0697,4775.09472,0.003137880846336467,0.9864059561326366,0.4053773649273485,0.10503815331703761
Defect_L15_B209_el6171_H4_W4.npy,-272.05379999999997,4774.77956,0.003140978419765053,0.9863445579413315,0.4053766284045562,0.10503372908250888
Defect_L15_B20_el475_H4_W4.npy,-272.1585,4775.45858,0.003120581190961773,0.9864768418601664,0.40537519721753235,0.10502341271645359
Defect_L15_B210_el6175_H4_W4.npy,-272.1042,4774.1601,0.003131159696444275,0.9862238772598179,0.40537639153787036,0.10502824097666383
Defect_L15_B211_el6179_H4_W4.npy,-272.44689999999997,4773.17694,0.003064396274181801,0.9860323420213248,0.405376337533831,0.10502366671218816
Defect_L15_B212_el6183_H4_W4.npy,-272.6336,4773.7949,0.0030280241383883765,0.98615273047893,0.40537598595644797,0.10502364452488919
Defect_L15_B213_el6187_H4_W4.npy,-272.1928,4774.774890000001,0.0031138990042573634,0.9863436481508969,0.40537547591889395,0.10502432878654193
Defect_L15_B214_el6191_H4_W4.npy,-272.0931,4776.5503,0.003133322153366112,0.9866895263169867,0.40537530433553187,0.10502162010757408
Defect_L15_B215_el6195_H4_W4.npy,-272.1275,4776.44801,0.0031266204850678055,0.9866695985945962,0.40537562666486127,0.10501709694341457
Defect_L15_B216_el6199_H4_W4.npy,-272.1694,4776.27247,0.003118457697227719,0.986635400604681,0.40537623598963796,0.1050134239583975
Defect_L15_B217_el6203_H4_W4.npy,-272.21579999999994,4776.22616,0.003109418237662573,0.9866263786785504,0.4053772302345152,0.10501049056573919
Defect_L15_B218_el6207_H4_W4.npy,-272.2597,4776.23244,0.0031008658179446646,0.9866276021226467,0.4053787495608468,0.1050083889249453
Defect_L15_B219_el6211_H4_W4.npy,-272.2933,4776.18617,0.003094320002397487,0.9866185879891536,0.40538152236306146,0.10500571817166297
Defect_L15_B21_el479_H4_W4.npy,-272.1606,4775.44952,0.0031201720774900773,0.9864750768277598,0.40537536300148236,0.10502700964920544
Defect_L15_B22_el483_H4_W4.npy,-272.16119999999995,4775.43966,0.0031200551879267424,0.9864731559426022,0.405375651618734,0.10503048745108833
Defect_L15_B23_el487_H4_W4.npy,-272.1609,4775.42914,0.0031201136327083986,0.9864711064789249,0.40537611588196454,0.1050344759622291
Defect_L15_B24_el491_H4_W4.npy,-272.1595,4775.41832,0.0031203863750228736,0.9864689985704659,0.4053768186140996,0.10503888995102668
Defect_L15_B25_el495_H4_W4.npy,-272.1572,4775.39726,0.0031208344516823515,0.9864648957467926,0.4053779389003314,0.105042890749101
Defect_L15_B26_el499_H4_W4.npy,-272.15569999999997,4775.3864300000005,0.0031211266755907124,0.9864627858901744,0.40538007040603197,0.10504437681509676
Defect_L15_B27_el787_H4_W4.npy,-272.1571,4775.397,0.0031208539332762374,0.9864648450946485,0.4053808590072161,0.10501204101166399
Defect_L15_B28_el791_H4_W4.npy,-272.1537,4775.427030000001,0.0031215163074685115,0.9864706954172939,0.40537792473813894,0.10501637782473419
Defect_L15_B29_el795_H4_W4.npy,-272.1496,4775.44704,0.0031223150528180174,0.9864745936842313,0.405376263190972,0.10501783219100451
Defect_L15_B2_el119_H4_W4.npy,-272.1578,4775.427860000001,0.0031207175621190053,0.9864708571145232,0.4053785294361694,0.10498700960949782
Defect_L15_B30_el799_H4_W4.npy,-272.149,4775.46712,0.003122431942381364,0.9864785055882845,0.40537523313420576,0.10501941505635679
Defect_L15_B31_el803_H4_W4.npy,-272.1511,4775.4672,0.0031220228289096682,0.9864785211735596,0.4053746224819367,0.10502174355152741
Defect_L15_B32_el807_H4_W4.npy,-272.1565,4775.4681900000005,0.0031209708228395836,0.9864787140413392,0.40537430644061373,0.10502461523553307
Defect_L15_B33_el811_H4_W4.npy,-272.1573,4775.468830000001,0.0031208149700884553,0.9864788387235401,0.40537428992181573,0.10502703068279431
Defect_L15_B34_el815_H4_W4.npy,-272.1612,4775.47039,0.003120055187926731,0.9864791426364048,0.40537455144023027,0.10502809692206592
Defect_L15_B35_el819_H4_W4.npy,-272.1631,4775.46088,0.0031196850376428173,0.9864772899368256,0.40537499618728334,0.10502872014519744
Defect_L15_B36_el823_H4_W4.npy,-272.16319999999996,4775.45051,0.003119665556048932,0.9864752696955392,0.40537560627504876,0.10503007170789459
Defect_L15_B37_el827_H4_W4.npy,-272.1614,4775.41935,0.003120016224738949,0.986469199230883,0.40537648243333896,0.10503210069752225
Defect_L15_B38_el831_H4_W4.npy,-272.1586,4775.39776,0.0031205617093678878,0.9864649931547621,0.4053778608802701,0.10503382097479362
Defect_L15_B39_el835_H4_W4.npy,-272.1557,4775.36616,0.003121126675590701,0.9864588369710926,0.4053803823776504,0.10503224579981593
Defect_L15_B3_el123_H4_W4.npy,-272.1572,4775.428,0.0031208344516823515,0.9864708843887545,0.40537760380642845,0.1049959386934736
Defect_L15_B40_el1123_H4_W4.npy,-272.157,4775.39694,0.003120873414870134,0.9864648334056921,0.4053811549293872,0.10501546735998932
Defect_L15_B41_el1127_H4_W4.npy,-272.1506,4775.42695,0.003122120236879118,0.9864706798320187,0.40537793136666467,0.10502079899910127
Defect_L15_B42_el1131_H4_W4.npy,-272.14590000000004,4775.45693,0.0031230358717919595,0.9864765204138671,0.4053760364215938,0.1050223890222246
Defect_L15_B43_el1135_H4_W4.npy,-272.1454,4775.47686,0.0031231332797614204,0.9864804030955293,0.4053748293136888,0.10502384385003717
Defect_L15_B44_el1139_H4_W4.npy,-272.1492,4775.47693,0.003122392979193582,0.9864804167326451,0.4053740740445365,0.10502593763090666
Defect_L15_B45_el1143_H4_W4.npy,-272.1553,4775.478139999999,0.0031212046019662653,0.9864806524599311,0.40537366377919876,0.10502854331002158
Defect_L15_B46_el1147_H4_W4.npy,-272.15749999999997,4775.47912,0.003120776006900684,0.9864808433795513,0.40537363358691575,0.10503013583609463
Defect_L15_B47_el1151_H4_W4.npy,-272.16229999999996,4775.48144,0.003119840890393946,0.9864812953525295,0.4053739746829067,0.10502925433225
Defect_L15_B48_el1155_H4_W4.npy,-272.1652,4775.47239,0.0031192759241711106,0.9864795322682824,0.40537455210469625,0.10502752124338519
Defect_L15_B49_el1159_H4_W4.npy,-272.1657,4775.45194,0.0031191785162016606,0.9864755482823319,0.4053752823225678,0.1050269378710485
Defect_L15_B4_el127_H4_W4.npy,-272.1569,4775.43822,0.0031208928964640194,0.9864728754076502,0.40537700905390545,0.10500406270315105
Defect_L15_B50_el1163_H4_W4.npy,-272.1635,4775.4205,0.003119607111267253,0.9864694232692128,0.405376305695857,0.1050274024708871
Defect_L15_B51_el1167_H4_W4.npy,-272.1601,4775.38817,0.0031202694854595273,0.9864631248699081,0.4053778798584111,0.10502771060449156
Defect_L15_B52_el1171_H4_W4.npy,-272.15569999999997,4775.345770000001,0.0031211266755907124,0.9864548646740986,0.4053807184981438,0.10502416726628062
Defect_L15_B53_el1459_H4_W4.npy,-272.1564,4775.38738,0.003120990304433469,0.9864629709653163,0.4053814001573649,0.10501736601838357
Defect_L15_B54_el1463_H4_W4.npy,-272.1479,4775.43739,0.0031226462399141603,0.9864727137104209,0.40537800189014006,0.10502305322023338
Defect_L15_B55_el1467_H4_W4.npy,-272.1415,4775.47722,0.0031238930619231445,0.9864804732292674,0.40537598455543195,0.10502455530315702
Defect_L15_B56_el1471_H4_W4.npy,-272.1416,4775.49696,0.0031238735803292587,0.9864843188959015,0.40537467494743346,0.10502583652614512
Defect_L15_B57_el1475_H4_W4.npy,-272.14759999999995,4775.48666,0.003122704684695839,0.9864823122917306,0.4053738112190016,0.1050279481477834
Defect_L15_B58_el1479_H4_W4.npy,-272.15720000000005,4775.4779,0.0031208344516823407,0.9864806057041059,0.4053732730553216,0.10503089560239627
Defect_L15_B59_el1483_H4_W4.npy,-272.1584,4775.4694500000005,0.00312060067255567,0.9864789595094222,0.4053732106563562,0.10503231965959817
Defect_L15_B5_el131_H4_W4.npy,-272.15770000000003,4775.4382399999995,0.0031207370437128907,0.9864728793039689,0.4053766128220189,0.10501113930173885
Defect_L15_B60_el1487_H4_W4.npy,-272.1636,4775.482789999999,0.0031195876296733678,0.9864815583540469,0.40537367495023985,0.10502982798077602
Defect_L15_B61_el1491_H4_W4.npy,-272.1676,4775.47407,0.003118808365917747,0.9864798595590599,0.40537439294407474,0.10502628605950631
Defect_L15_B62_el1495_H4_W4.npy,-272.16749999999996,4775.45339,0.0031188278475116436,0.9864758307654433,0.4053752080430108,0.10502479136867819
Defect_L15_B63_el1499_H4_W4.npy,-272.1655,4775.42145,0.0031192174793894427,0.9864696083443547,0.4053762580592654,0.10502472076760086
Defect_L15_B64_el1503_H4_W4.npy,-272.15959999999995,4775.36844,0.003120366893428988,0.9864592811514334,0.4053778928422159,0.1050244377826421
Defect_L15_B65_el1507_H4_W4.npy,-272.1545,4775.32514,0.003121360454717394,0.9864508456212788,0.4053808516492056,0.10501979908060574
Defect_L15_B66_el1795_H4_W4.npy,-272.158,4775.39862,0.003120678598931223,0.9864651606964695,0.40538107369451254,0.10502136471965767
Defect_L15_B67_el1799_H4_W4.npy,-272.1474,4775.44859,0.00312274364788361,0.9864748956489365,0.40537782409658724,0.1050253598132793
Defect_L15_B68_el1803_H4_W4.npy,-272.1386,4775.49827,0.0031244580281459687,0.9864845741047814,0.40537595710158536,0.10502512959540918
Defect_L15_B69_el1807_H4_W4.npy,-272.1413,4775.50769,0.0031239320251109266,0.9864864092709259,0.40537476153626795,0.10502486732689753
Defect_L15_B6_el135_H4_W4.npy,-272.1591,4775.43935,0.003120464301398427,0.986473095549661,0.4053763228926393,0.10501726886906809
Defect_L15_B70_el1811_H4_W4.npy,-272.1483,4775.4866,0.0031225683135385957,0.9864823006027744,0.4053739724612734,0.10502606214755209
Defect_L15_B71_el1815_H4_W4.npy,-272.1607,4775.46723,0.003120152595896181,0.9864785270180378,0.4053733444874042,0.10502911548250249
Defect_L15_B72_el1819_H4_W4.npy,-272.159,4775.44928,0.0031204837829923236,0.9864750300719344,0.4053731589018287,0.10503060609030475
Defect_L15_B73_el1823_H4_W4.npy,-272.1644,4775.47387,0.003119431776922239,0.986479820595872,0.40537376477197506,0.10502691754872635
Defect_L15_B74_el1827_H4_W4.npy,-272.1673,4775.46515,0.003118866810699415,0.9864781218008848,0.4053745612386725,0.1050229104281579
Defect_L15_B75_el1831_H4_W4.npy,-272.1673,4775.44405,0.003118866810699415,0.986474011184574,0.40537519897709673,0.10502246884301429
Defect_L15_B76_el1835_H4_W4.npy,-272.1634,4775.41171,0.0031196265928611386,0.9864677108371098,0.4053760620956113,0.10502335395132073
Defect_L15_B77_el1839_H4_W4.npy,-272.15760000000006,4775.35829,0.0031207565253067765,0.9864573037696536,0.40537756210599474,0.1050235514106207
Defect_L15_B78_el1843_H4_W4.npy,-272.1506,4775.31446,0.003122120236879118,0.9864487649870513,0.40538045444908366,0.10501900038116861
Defect_L15_B79_el2131_H4_W4.npy,-272.162,4775.43131,0.0031198993351756136,0.9864715292295123,0.4053795045886435,0.10503657658702632
Defect_L15_B7_el139_H4_W4.npy,-272.15909999999997,4775.42823,0.003120464301398438,0.9864709291964205,0.4053761340752454,0.10502256358025329
Defect_L15_B80_el2135_H4_W4.npy,-272.147,4775.49069,0.0031228215742591745,0.9864830973999644,0.40537706226657877,0.10503461456583076
Defect_L15_B81_el2139_H4_W4.npy,-272.1354,4775.549840000001,0.003125081439150461,0.9864946207627507,0.40537600350970143,0.10502757318435009
Defect_L15_B82_el2143_H4_W4.npy,-272.14160000000004,4775.54911,0.003123873580329248,0.9864944785471152,0.4053755131115379,0.10502073228595643
Defect_L15_B83_el2147_H4_W4.npy,-272.1571,4775.4773,0.0031208539332762374,0.9864804888145424,0.4053753529271615,0.10501696727611191
Defect_L15_B84_el2151_H4_W4.npy,-272.1665,4775.43607,0.003119022663450543,0.9864724565533814,0.4053751960673131,0.10501675546971183
Defect_L15_B85_el2155_H4_W4.npy,-272.15700000000004,4775.40811,0.0031208734148701228,0.9864670094997298,0.40537481072565223,0.10501743308841663
Defect_L15_B86_el2159_H4_W4.npy,-272.1617,4775.444399999999,0.003119957779957281,0.9864740793701524,0.40537532452932346,0.10501481571257112
Defect_L15_B87_el2163_H4_W4.npy,-272.16130000000004,4775.434850000001,0.0031200357063328344,0.9864722188779361,0.40537540504189784,0.10501628386630957
Defect_L15_B88_el2167_H4_W4.npy,-272.1612,4775.42339,0.003120055187926731,0.9864699862872762,0.4053751732086222,0.10502182789642167
Defect_L15_B89_el2171_H4_W4.npy,-272.1583,4775.3910000000005,0.0031206201541495553,0.9864636761990152,0.4053754703913407,0.10502640876249984
Defect_L15_B8_el143_H4_W4.npy,-272.1601,4775.41865,0.0031202694854595273,0.9864690628597257,0.40537601483703034,0.10502718152481924
Defect_L15_B90_el2175_H4_W4.npy,-272.15160000000003,4775.35733,0.0031219254209402074,0.9864571167463522,0.4053766090913065,0.10502855712668865
Defect_L15_B91_el2179_H4_W4.npy,-272.1437,4775.30287,0.003123464466857552,0.9864465070703196,0.40537925549521137,0.10502468817391898
Defect_L15_B92_el2467_H4_W4.npy,-272.1558,4775.47239,0.0031211071939968157,0.9864795322682824,0.40537183368759416,0.10506192940422342
Defect_L15_B93_el2471_H4_W4.npy,-272.1332,4775.5877900000005,0.0031255100342160533,0.9865020140276322,0.40537281431441363,0.10506124587327706
Defect_L15_B94_el2475_H4_W4.npy,-272.119,4775.71409,0.0031282764205484855,0.9865266192807157,0.4053771066579726,0.10504872671276136
Defect_L15_B95_el2479_H4_W4.npy,-272.1379,4775.79459,0.003124594399303201,0.9865423019637976,0.40538365358769934,0.10502018323755384
Defect_L15_B96_el2499_H4_W4.npy,-272.122,4775.4130700000005,0.0031276919727317755,0.9864679757867868,0.4053799308168129,0.10500501644272806
Defect_L15_B97_el2503_H4_W4.npy,-272.1445,4775.47812,0.0031233086141064345,0.9864806485636124,0.40537618380962054,0.10502970045140698
Defect_L15_B98_el2507_H4_W4.npy,-272.1524,4775.46017,0.00312176956818909,0.9864771516175092,0.40537329329408517,0.10504109954820502
Defect_L15_B99_el2511_H4_W4.npy,-272.14799999999997,4775.39768,0.0031226267583202745,0.986464977569487,0.4053723955389776,0.10504416521499499
Defect_L15_B9_el147_H4_W4.npy,-272.1594,4775.4184000000005,0.0031204058566167594,0.9864690141557412,0.4053759429386792,0.1050317363871541
Defect_L16_B100_el2515_H4_W4.npy,-272.137,4775.32222,0.003124769733648215,0.9864502767587373,0.4053738070729169,0.10504239018317636
Defect_L16_B101_el2803_H4_W4.npy,-272.1576,4775.48203,0.0031207565253067874,0.9864814102939335,0.40536041599394756,0.10504736472615891
Defect_L16_B102_el2807_H4_W4.npy,-272.1406,4775.59206,0.0031240683962681583,0.9865028458916911,0.405358136430403,0.10505760404575099
Defect_L16_B103_el2811_H4_W4.npy,-272.1245,4775.69001,0.0031272049328845155,0.9865219281129068,0.4053582753020804,0.10506882839397766
Defect_L16_B104_el2815_H4_W4.npy,-272.12350000000004,4775.819,0.003127399748823415,0.9865470574208662,0.4053666097054868,0.10507884908313592
Defect_L16_B105_el2835_H4_W4.npy,-272.0319,4775.64154,0.0031452448888270477,0.9865124853843481,0.40542157462404055,0.1050036221129724
Defect_L16_B106_el2839_H4_W4.npy,-272.1164,4775.69348,0.003128782941989642,0.9865226041242148,0.4053461384427183,0.10506154559640075
Defect_L16_B107_el2843_H4_W4.npy,-272.15770000000003,4775.60227,0.0031207370437128907,0.9865048349624275,0.4053628511938325,0.10505610626592185
Defect_L16_B108_el2847_H4_W4.npy,-272.1625,4775.48355,0.0031198019272061527,0.9864817064141607,0.40536080737404245,0.10504913303935126
Defect_L16_B109_el2851_H4_W4.npy,-272.1483,4775.36694,0.0031225683135385957,0.986458988927525,0.4053622426761323,0.10504094676564606
Defect_L16_B10_el151_H4_W4.npy,-272.1587,4775.40805,0.003120542227773991,0.9864669978107734,0.4053758929808832,0.1050381948087787
Defect_L16_B110_el3139_H4_W4.npy,-272.17220000000003,4775.57288,0.0031179122125987798,0.9864991093219829,0.40536655330672966,0.10504585814090478
Defect_L16_B111_el3143_H4_W4.npy,-272.17900000000003,4775.6072,0.0031165874642142314,0.9865057954050063,0.40536716156461955,0.10505061018082895
Defect_L16_B112_el3147_H4_W4.npy,-272.1799,4775.464849999999,0.0031164121298692285,0.986478063356103,0.405374944756832,0.10505036496601286
Defect_L16_B113_el3151_H4_W4.npy,-272.13530000000003,4775.0427199999995,0.0031251009207443462,0.9863958257038135,0.4053982184249377,0.10503661208240915
Defect_L16_B114_el3171_H4_W4.npy,-272.4015,4774.9460500000005,0.0030732409178080475,0.9863769928469998,0.40546514673165274,0.10497901353282658
Defect_L16_B115_el3175_H4_W4.npy,-272.2083,4774.77179,0.003110879357204342,0.9863430442214862,0.405400131017114,0.1050579069933789
Defect_L16_B116_el3179_H4_W4.npy,-272.1499,4774.9480699999995,0.00312225660803635,0.9863773863751961,0.4053729007114296,0.10507167161688694
Defect_L16_B117_el3183_H4_W4.npy,-272.1441,4775.14246,0.0031233865404819987,0.9864152566455598,0.4053638614262976,0.10506610018899107
Defect_L16_B118_el3187_H4_W4.npy,-272.1475,4775.24241,0.0031227241662897245,0.9864347284986533,0.405362465674056,0.10505664555286509
Defect_L16_B119_el3475_H4_W4.npy,-272.1634,4775.825900000001,0.0031196265928611386,0.9865484016508447,0.4053753279865157,0.10505420832484108
Defect_L16_B11_el155_H4_W4.npy,-272.1578,4775.40738,0.0031207175621190053,0.9864668672840943,0.405376145314344,0.10504445313152719
Defect_L16_B120_el3479_H4_W4.npy,-272.1407,4775.911819999999,0.003124048914674273,0.986565140236315,0.40537397018486443,0.1050494110944816
Defect_L16_B121_el3483_H4_W4.npy,-272.1152,4775.896250000001,0.003129016721116324,0.9865621069521466,0.40537486895718755,0.10503670076341481
Defect_L16_B122_el3487_H4_W4.npy,-272.07739999999995,4775.8351600000005,0.0031363807636069154,0.9865502056464389,0.40537686220636315,0.10501808820889073
Defect_L16_B123_el3491_H4_W4.npy,-272.2647,4775.72973,0.003099891738250144,0.9865296662020001,0.4053779401017039,0.10499745002078502
Defect_L16_B124_el3495_H4_W4.npy,-272.5527,4774.0752600000005,0.0030437847478457253,0.9862073490755614,0.4053800712258585,0.10497602359201426
Defect_L16_B125_el3499_H4_W4.npy,-271.92220000000003,4774.164110000001,0.0031666161973248363,0.986224658471733,0.405382536843004,0.10497108679040844
Defect_L16_B126_el3503_H4_W4.npy,-272.02959999999996,4774.83571,0.0031456929654865365,0.986355496856301,0.4053838197017363,0.10496477380884536
Defect_L16_B127_el3507_H4_W4.npy,-272.1243,4775.00564,0.0031272438960722976,0.9863886019287991,0.40538278532743,0.10497532392527889
Defect_L16_B128_el3511_H4_W4.npy,-272.1234,4774.93988,0.0031274192304173117,0.9863757908326566,0.4053817621555471,0.10500049292864404
Defect_L16_B129_el3515_H4_W4.npy,-272.1221,4775.03133,0.00312767249113789,0.9863936067502693,0.4053776697183007,0.10503256975937066
Defect_L16_B12_el159_H4_W4.npy,-272.156,4775.3967999999995,0.0031210682308090336,0.9864648061314606,0.4053771883282156,0.10505226237311972
Defect_L16_B130_el3519_H4_W4.npy,-272.1328,4775.19311,0.0031255879605916175,0.9864251240728654,0.40537416295435613,0.10505475899783813
Defect_L16_B131_el3523_H4_W4.npy,-272.1422,4775.29676,0.0031237566907659125,0.9864453167449327,0.40537326983899885,0.10506445644309162
Defect_L16_B132_el3811_H4_W4.npy,-272.15959999999995,4776.27769,0.003120366893428988,0.9866364175438821,0.4053723384167872,0.10507878959671062
Defect_L16_B133_el3815_H4_W4.npy,-272.0938,4776.28839,0.00313318578220888,0.9866385020744283,0.40537363363954465,0.10506123575442573
Defect_L16_B134_el3819_H4_W4.npy,-272.027,4776.2113899999995,0.0031461994869276823,0.9866235012471326,0.40537704124328977,0.1050321680982042
Defect_L16_B135_el3823_H4_W4.npy,-272.01840000000004,4776.1965199999995,0.003147874904002248,0.9866206043341211,0.40538028105487206,0.10499820034417968
Defect_L16_B136_el3827_H4_W4.npy,-272.4528,4775.90567,0.0030632468601422555,0.9865639421182909,0.4053819900271964,0.10497134279232515
Defect_L16_B137_el3831_H4_W4.npy,-272.7239,4772.73276,0.0030104322591053222,0.9859458086775823,0.4053866808423293,0.10494545432451266
Defect_L16_B138_el3835_H4_W4.npy,-271.8661,4773.32908,0.0031775453714973662,0.9860619813182698,0.4053861057126965,0.10494804912089398
Defect_L16_B139_el3839_H4_W4.npy,-271.80949999999996,4773.93193,0.003188571953639357,0.986179426107038,0.405382563135537,0.10496339531312947
Defect_L16_B13_el163_H4_W4.npy,-272.156,4775.39649,0.0031210682308090336,0.9864647457385197,0.40538121965018986,0.10505973075592275
Defect_L16_B140_el3843_H4_W4.npy,-271.9968,4774.48518,0.003152082928282586,0.9862872080252368,0.4053794756430733,0.10498901899761325
Defect_L16_B141_el3847_H4_W4.npy,-272.08279999999996,4775.0485100000005,0.003135328757536831,0.9863969536880999,0.40537652264848995,0.105018141025436
Defect_L16_B142_el3851_H4_W4.npy,-272.1123,4775.273300000001,0.0031295816873391485,0.9864407463630062,0.40537401478482094,0.10504056067876788
Defect_L16_B143_el3855_H4_W4.npy,-272.12080000000003,4775.39007,0.003127925751858457,0.986463495020192,0.40537266202653727,0.1050551774244855
Defect_L16_B144_el3859_H4_W4.npy,-272.1185,4775.453219999999,0.0031283738285179464,0.9864757976467337,0.40537351680922235,0.10506035093342925
Defect_L16_B145_el4147_H4_W4.npy,-272.13379999999995,4776.91673,0.003125393144652718,0.9867609127214794,0.40536065629053514,0.10508568101735849
Defect_L16_B146_el4151_H4_W4.npy,-271.8867,4775.99907,0.003173532163155939,0.9865821379269846,0.4053685575119427,0.1050776931131573
Defect_L16_B147_el4155_H4_W4.npy,-271.5521,4774.393859999999,0.0032387175763132973,0.986269417433696,0.4053881602878033,0.10505237529507704
Defect_L16_B148_el4159_H4_W4.npy,-271.46450000000004,4772.74349,0.003255783452561298,0.9859478990526067,0.4054275454317782,0.10499281947142033
Defect_L16_B149_el4179_H4_W4.npy,-271.8267,4775.96255,0.0031852211194901927,0.9865750232488958,0.40548516020188485,0.10488168066206614
Defect_L16_B14_el451_H4_W4.npy,-272.1581,4775.40736,0.0031206591173373378,0.9864668633877756,0.4053803063981701,0.10500648643263784
Defect_L16_B150_el4183_H4_W4.npy,-272.1634,4776.52375,0.0031196265928611386,0.9866843539538089,0.40541913321987083,0.10499419395788794
Defect_L16_B151_el4187_H4_W4.npy,-272.1896,4775.99207,0.0031145224152618555,0.9865807742154123,0.4053835856007317,0.10504395266757784
Defect_L16_B152_el4191_H4_W4.npy,-272.173,4775.791160000001,0.0031177563598476623,0.9865416337451272,0.40536747964582176,0.10506283992931238
Defect_L16_B153_el4195_H4_W4.npy,-272.1485,4775.7408700000005,0.0031225293503508137,0.9865318364515596,0.4053622924476566,0.10506612579596789
Defect_L16_B154_el4483_H4_W4.npy,-272.5125,4779.09685,0.0030516163485896806,0.9871856348462033,0.4053563955203868,0.10506011943770821
Defect_L16_B155_el4487_H4_W4.npy,-272.297,4777.86182,0.003093599183423534,0.9869450313171785,0.40535769511760916,0.10506201699303591
Defect_L16_B156_el4491_H4_W4.npy,-271.883,4775.906690000001,0.003174252982129892,0.9865641408305488,0.4053614284512838,0.10505734420138724
Defect_L16_B157_el4495_H4_W4.npy,-271.41880000000003,4773.64281,0.003264686540969223,0.9861231009227822,0.405368637512984,0.10504104900853228
Defect_L16_B158_el4515_H4_W4.npy,-272.3168,4776.8686,0.003089741827833235,0.98675153623034,0.40538769671057784,0.10497292350913236
Defect_L16_B159_el4519_H4_W4.npy,-272.1141,4775.51763,0.00312923101864912,0.9864883457413586,0.4053762765808329,0.10500743153551635
Defect_L16_B15_el455_H4_W4.npy,-272.1554,4775.42727,0.00312118512037238,0.9864707421731191,0.40537786566780076,0.10500889332105504
Defect_L16_B160_el4523_H4_W4.npy,-272.1449,4775.629269999999,0.0031232306877308704,0.9865100949927776,0.4053658074852598,0.10503577221158285
Defect_L16_B161_el4527_H4_W4.npy,-272.18850000000003,4776.04888,0.003114736712794641,0.9865918417089015,0.40535873267905664,0.10505130714644759
Defect_L16_B162_el4531_H4_W4.npy,-272.2135,4776.31247,0.0031098663143220395,0.9866431932422371,0.4053554738896013,0.1050551679566253
Defect_L16_B163_el4819_H4_W4.npy,-272.3164,4787.623100000001,0.0030898197542087993,0.9888466842452857,0.40535747365230745,0.1050574533324468
Defect_L16_B164_el4823_H4_W4.npy,-271.9119,4789.62462,0.0031686228014955555,0.9892366122433209,0.40536354751216963,0.10505114577692198
Defect_L16_B165_el4827_H4_W4.npy,-270.70279999999997,4796.27164,0.0034041747532246613,0.9905315576855362,0.4053765910373945,0.10502927156978771
Defect_L16_B166_el4831_H4_W4.npy,-265.54839999999996,4812.2529,0.0044083340287126025,0.9936449618573089,0.4053977953783806,0.10498144061382184
Defect_L16_B167_el4851_H4_W4.npy,-272.5512,4784.74594,0.0030440769717540858,0.9882861676185077,0.4053942739997237,0.10498910687962758
Defect_L16_B168_el4855_H4_W4.npy,-272.473,4785.03014,0.0030593115781763925,0.9883415343083444,0.4053820385244668,0.10503274005152416
Defect_L16_B169_el4859_H4_W4.npy,-272.4118,4782.14548,0.0030712343136373283,0.987779556562025,0.40536878991695435,0.10505781663090649
Defect_L16_B16_el459_H4_W4.npy,-272.15270000000004,4775.43732,0.003121711123407411,0.9864727000733051,0.4053765299642998,0.10501054228693789
Defect_L16_B170_el4863_H4_W4.npy,-272.3711,4780.15228,0.003079163322350733,0.987391249432601,0.4053612321751951,0.10506620263517269
Defect_L16_B171_el4867_H4_W4.npy,-272.3691,4779.13379,0.0030795529542285436,0.9871928313469864,0.4053580520936355,0.10506540384567704
Defect_L16_B172_el5155_H4_W4.npy,-271.4862,4784.97734,0.0032515559466870852,0.9883312480267703,0.4053674460964665,0.10506683286795679
Defect_L16_B173_el5159_H4_W4.npy,-271.45939999999996,4782.66044,0.003256777013849726,0.987879878977923,0.4053701039798872,0.10506328693210878
Defect_L16_B174_el5163_H4_W4.npy,-271.58140000000003,4776.56799,0.0032330094693033967,0.9866929726109459,0.4053783484406892,0.10504822002212688
Defect_L16_B175_el5167_H4_W4.npy,-272.4764,4760.85314,0.0030586492039841183,0.9836314693534569,0.40539285561512606,0.1050161974554768
Defect_L16_B176_el5187_H4_W4.npy,-273.7354,4816.23947,0.0028133759369036956,0.9944216092348662,0.4054396685614027,0.10490015440296256
Defect_L16_B177_el5191_H4_W4.npy,-273.08230000000003,4798.345359999999,0.0029406102266020446,0.9909355513943605,0.40541264954524325,0.10498343574652315
Defect_L16_B178_el5195_H4_W4.npy,-272.9266,4792.02305,0.0029709430682894372,0.9897038646356671,0.40538930198489836,0.10504107724470917
Defect_L16_B179_el5199_H4_W4.npy,-272.8632,4788.50967,0.002983294398815965,0.9890194022122398,0.4053742074283597,0.10507337254828845
Defect_L16_B17_el463_H4_W4.npy,-272.15180000000004,4775.45746,0.0031218864577524253,0.9864766236663146,0.405375771662448,0.10501318892805034
Defect_L16_B180_el5203_H4_W4.npy,-272.8603,4786.59453,0.0029838593650387897,0.9886463024150068,0.40536680263318825,0.10508879116592153
Defect_L16_B181_el5491_H4_W4.npy,-271.7264,4776.06145,0.0032047611581622875,0.9865942905452535,0.4053763869890767,0.10504539881945206
Defect_L16_B182_el5495_H4_W4.npy,-271.68350000000004,4775.21047,0.0032131187619412736,0.9864285060775647,0.40537472203254715,0.10504365609919736
Defect_L16_B183_el5499_H4_W4.npy,-271.5939,4773.524329999999,0.003230574270067096,0.9861000191303406,0.40537457286560574,0.10503635711931057
Defect_L16_B184_el5503_H4_W4.npy,-271.4058,4770.557309999999,0.0032672191481749845,0.985521996343293,0.40537548627516545,0.10502423536379399
Defect_L16_B185_el5507_H4_W4.npy,-270.693,4763.01498,0.0034060839494259197,0.9840526302428176,0.4053781339316089,0.1050036742160924
Defect_L16_B186_el5511_H4_W4.npy,-276.4882,4747.411059999999,0.0022770866202881483,0.981012737917431,0.40535063126917453,0.10499513262738162
Defect_L16_B187_el5515_H4_W4.npy,-272.4109,4774.93194,0.0030714096479823425,0.9863742439941018,0.4053793934146776,0.10498925195017694
Defect_L16_B188_el5519_H4_W4.npy,-272.4031,4778.8904999999995,0.0030729292123058017,0.9871454345772104,0.40538000067860075,0.1049892790166241
Defect_L16_B189_el5523_H4_W4.npy,-272.4238,4778.907139999999,0.0030688965223704774,0.9871486763144337,0.4053787273230829,0.10499875332360574
Defect_L16_B18_el467_H4_W4.npy,-272.1538,4775.4571,0.0031214968258746257,0.9864765535325766,0.40537532606066723,0.10501688310012484
Defect_L16_B190_el5527_H4_W4.npy,-272.4461,4779.17002,0.0030645521269329185,0.9871998895284528,0.40537722053590036,0.10501116114470606
Defect_L16_B191_el5531_H4_W4.npy,-272.57980000000003,4780.8010699999995,0.0030385052359014173,0.9875176440656026,0.4053767450668848,0.10502599524291228
Defect_L16_B192_el5535_H4_W4.npy,-272.7203,4782.41003,0.0030111335964853785,0.9878310951186621,0.405376579588774,0.10504285464827999
Defect_L16_B193_el5539_H4_W4.npy,-272.8425,4783.57426,0.002987327088751289,0.9880579056792126,0.4053776846430511,0.10505606939415492
Defect_L16_B194_el5827_H4_W4.npy,-271.9885,4775.08267,0.0031536999005754946,0.9864036086005727,0.4053787169456543,0.10503630767547135
Defect_L16_B195_el5831_H4_W4.npy,-271.9567,4774.8643,0.0031598950474326444,0.9863610666439943,0.4053768177697409,0.1050353135494631
Defect_L16_B196_el5835_H4_W4.npy,-271.9103,4774.32502,0.0031689345069978014,0.986256006304462,0.40537606365705287,0.10503116594671703
Defect_L16_B197_el5839_H4_W4.npy,-271.8686,4773.2079300000005,0.003177058331650106,0.9860383793672716,0.4053760412831892,0.10502500390841815
Defect_L16_B198_el5843_H4_W4.npy,-271.85970000000003,4771.15828,0.0031787921935063504,0.9856390748780963,0.40537644960616265,0.10501797552370924
Defect_L16_B199_el5847_H4_W4.npy,-274.1764,4766.83946,0.0027274621078469375,0.9847976999048381,0.40537589421554837,0.1050197087036914
Defect_L16_B19_el471_H4_W4.npy,-272.15840000000003,4775.45677,0.003120600672555659,0.9864764892433168,0.4053751005550022,0.10502128287507992
Defect_L16_B1_el115_H4_W4.npy,-272.15860000000004,4775.41772,0.003120561709367877,0.9864688816809026,0.4053803933985872,0.10498110311010156
Defect_L16_B200_el5851_H4_W4.npy,-271.9219,4776.572999999999,0.003166674642106515,0.9866939486387998,0.40537495961908143,0.10502407208469443
Defect_L16_B201_el5855_H4_W4.npy,-272.09080000000006,4777.23084,0.0031337702300255786,0.9868221063560487,0.40537503053705837,0.10502154679503342
Defect_L16_B202_el5859_H4_W4.npy,-272.173,4777.15139,0.0031177563598476623,0.9868066282297027,0.4053755435448633,0.10501839609446088
Defect_L16_B203_el5863_H4_W4.npy,-272.2314,4777.0867499999995,0.0031063791090156544,0.9867940353274118,0.4053757766987754,0.10501880476365996
Defect_L16_B204_el5867_H4_W4.npy,-272.3113,4777.3242,0.003090813315497205,0.9868402943721047,0.40537653604862506,0.10502007616228644
Defect_L16_B205_el5871_H4_W4.npy,-272.3945,4777.69865,0.003074604629380378,0.9869132432004275,0.405377984045197,0.10502221981900438
Defect_L16_B206_el5875_H4_W4.npy,-272.46959999999996,4777.99216,0.003059973952368678,0.9869704236266552,0.40538073779833467,0.10502283938222186
Defect_L16_B207_el6163_H4_W4.npy,-272.0935,4775.20201,0.0031332442269905473,0.9864268579347216,0.4053789495624512,0.10504198530938422
Defect_L16_B208_el6167_H4_W4.npy,-272.07189999999997,4775.12799,0.003137452251270886,0.9864124376589238,0.4053772799465104,0.10503967458262373
Defect_L16_B209_el6171_H4_W4.npy,-272.0546,4774.8347,0.0031408225670139242,0.9863553000922027,0.40537657241637887,0.1050351201292591
Defect_L16_B20_el475_H4_W4.npy,-272.16159999999996,4775.45933,0.0031199772615511778,0.9864769879721204,0.40537508645561654,0.10502555289949778
Defect_L16_B210_el6175_H4_W4.npy,-272.051,4774.2996299999995,0.0031415239043939805,0.9862510599277731,0.40537636154568507,0.1050296440716452
Defect_L16_B211_el6179_H4_W4.npy,-272.131,4773.68517,0.003125938629281646,0.986131353325954,0.4053763564550066,0.10502487883420242
Defect_L16_B212_el6183_H4_W4.npy,-273.2507,4771.65459,0.0029078032224905802,0.985735763976734,0.4053758746044471,0.10502548916719126
Defect_L16_B213_el6187_H4_W4.npy,-271.9619,4776.215359999999,0.003158882004550342,0.98662427466641,0.40537515225634474,0.10502710584678164
Defect_L16_B214_el6191_H4_W4.npy,-272.0916,4776.5994900000005,0.003133614377274461,0.9866991093130215,0.40537505768511317,0.10502368197938836
Defect_L16_B215_el6195_H4_W4.npy,-272.1395,4776.42011,0.0031242826938009545,0.9866641632299008,0.40537552285304773,0.10501864163494544
Defect_L16_B216_el6199_H4_W4.npy,-272.1751,4776.26391,0.0031173472463759664,0.9866337329802439,0.4053761204023796,0.10501507988303013
Defect_L16_B217_el6203_H4_W4.npy,-272.2197,4776.21737,0.003108658455500838,0.9866246662464474,0.40537710853757053,0.1050121438600389
Defect_L16_B218_el6207_H4_W4.npy,-272.2632,4776.23351,0.003100183962158505,0.9866278105757013,0.40537861851136314,0.10501019408860207
Defect_L16_B219_el6211_H4_W4.npy,-272.2977,4776.17753,0.003093462812266302,0.9866169047794414,0.4053812201415244,0.10500799170362327
Defect_L16_B21_el479_H4_W4.npy,-272.16049999999996,4775.44963,0.003120191559083974,0.9864750982575131,0.40537528240489384,0.10502902662854956
Defect_L16_B22_el483_H4_W4.npy,-272.1622,4775.44986,0.0031198603719878315,0.9864751430651789,0.4053755840744764,0.1050323424701428
Defect_L16_B23_el487_H4_W4.npy,-272.16179999999997,4775.43939,0.0031199382983633957,0.9864731033422985,0.40537601921312033,0.10503626566346755
Defect_L16_B24_el491_H4_W4.npy,-272.1605,4775.41848,0.003120191559083963,0.9864690297410162,0.4053766908722537,0.10504064204202126
Defect_L16_B25_el495_H4_W4.npy,-272.15819999999997,4775.40741,0.003120639635743452,0.9864668731285725,0.40537778946990793,0.10504477915765394
Defect_L16_B26_el499_H4_W4.npy,-272.1558,4775.386310000001,0.0031211071939968157,0.9864627625122618,0.40537979377064554,0.10504685169502191
Defect_L16_B27_el787_H4_W4.npy,-272.1585,4775.39714,0.003120581190961773,0.9864648723688799,0.4053805657697139,0.10501517744144477
Defect_L16_B28_el791_H4_W4.npy,-272.1527,4775.42687,0.003121711123407422,0.9864706642467437,0.4053777153581936,0.10501864739002276
Defect_L16_B29_el795_H4_W4.npy,-272.1492,4775.44677,0.003122392979193582,0.9864745410839277,0.40537605217752315,0.10501982436425364
Defect_L16_B2_el119_H4_W4.npy,-272.1578,4775.42773,0.0031207175621190053,0.9864708317884511,0.40537835179872317,0.10498883746877655
Defect_L16_B30_el799_H4_W4.npy,-272.1479,4775.46697,0.0031226462399141603,0.9864784763658937,0.40537507355834906,0.10502139622594742
Defect_L16_B31_el803_H4_W4.npy,-272.1508,4775.4765099999995,0.0031220812736913357,0.9864803349099507,0.4053744728872817,0.10502376567935058
Defect_L16_B32_el807_H4_W4.npy,-272.1559,4775.466640000001,0.00312108771240293,0.9864784120766339,0.40537415597845167,0.10502681225183619
Defect_L16_B33_el811_H4_W4.npy,-272.16110000000003,4775.4695600000005,0.0031200746695206165,0.9864789809391755,0.40537414609826194,0.10502936032985082
Defect_L16_B34_el815_H4_W4.npy,-272.16089999999997,4775.4706400000005,0.00312011363270841,0.9864791913403895,0.4053744365560118,0.10503024090797224
Defect_L16_B35_el819_H4_W4.npy,-272.1639,4775.47133,0.003119529184891689,0.9864793257633874,0.405374903402312,0.10503063677568313
Defect_L16_B36_el823_H4_W4.npy,-272.16420000000005,4775.45091,0.0031194707401100102,0.9864753476219148,0.4053754790948579,0.10503192556104093
Defect_L16_B37_el827_H4_W4.npy,-272.1624,4775.42975,0.0031198214088000494,0.9864712253166477,0.4053763223416322,0.10503395721741525
Defect_L16_B38_el831_H4_W4.npy,-272.1596,4775.39804,0.003120366893428977,0.986465047703225,0.4053776810716021,0.10503591177496273
Defect_L16_B39_el835_H4_W4.npy,-272.156,4775.36592,0.0031210682308090336,0.9864587902152674,0.40538011043193806,0.10503520337205648
Defect_L16_B3_el123_H4_W4.npy,-272.1571,4775.42798,0.0031208539332762374,0.9864708804924358,0.4053774658955413,0.10499764708286345
Defect_L16_B40_el1123_H4_W4.npy,-272.1576,4775.387110000001,0.0031207565253067874,0.9864629183650129,0.40538092446056756,0.10501874266223685
Defect_L16_B41_el1127_H4_W4.npy,-272.1505,4775.42679,0.0031221397184730037,0.9864706486614686,0.4053776896240973,0.10502307062719703
Defect_L16_B42_el1131_H4_W4.npy,-272.144,4775.45666,0.003123406022075884,0.9864764678135635,0.4053758237371269,0.10502435185529341
Defect_L16_B43_el1135_H4_W4.npy,-272.14239999999995,4775.48672,0.003123717727578141,0.986482323980687,0.40537465482315144,0.1050257841722972
Defect_L16_B44_el1139_H4_W4.npy,-272.1483,4775.48604,0.0031225683135385957,0.9864821915058485,0.40537390709549515,0.10502791146974126
Defect_L16_B45_el1143_H4_W4.npy,-272.1561,4775.47595,0.003121048749215148,0.986480225813025,0.4053734744253755,0.10503080952609392
Defect_L16_B46_el1147_H4_W4.npy,-272.1611,4775.47988,0.0031200746695206278,0.9864809914396648,0.40537343794848285,0.10503265187829824
Defect_L16_B47_el1151_H4_W4.npy,-272.16260000000005,4775.49177,0.003119782445612256,0.9864833078011784,0.405373827492986,0.10503146670578418
Defect_L16_B48_el1155_H4_W4.npy,-272.1661,4775.482999999999,0.0031191005898261073,0.9864815992653941,0.4053744418258553,0.1050293993077701
Defect_L16_B49_el1159_H4_W4.npy,-272.1678,4775.46261,0.003118769402729965,0.9864776269683999,0.4053751659973457,0.1050287794180044
Defect_L16_B4_el127_H4_W4.npy,-272.1566,4775.438279999999,0.003120951341245687,0.9864728870966064,0.4053768999661867,0.10500572267118718
Defect_L16_B50_el1163_H4_W4.npy,-272.16540000000003,4775.43106,0.003119236960983328,0.9864714805255276,0.40537612689851543,0.10502925763172892
Defect_L16_B51_el1167_H4_W4.npy,-272.1611,4775.388580000001,0.0031200746695206278,0.986463204744443,0.4053776783254544,0.1050298781417594
Defect_L16_B52_el1171_H4_W4.npy,-272.15500000000003,4775.33553,0.003121263046747933,0.9864528697588841,0.4053804652399541,0.1050273578145149
Defect_L16_B53_el1459_H4_W4.npy,-272.1581,4775.38756,0.0031206591173373378,0.9864630060321853,0.40538121245943254,0.10502070379141806
Defect_L16_B54_el1463_H4_W4.npy,-272.1477,4775.43721,0.0031226852031019424,0.9864726786435518,0.40537778559669535,0.10502535586306203
Defect_L16_B55_el1467_H4_W4.npy,-272.1392,4775.47696,0.0031243411385826225,0.9864804225771233,0.4053757771567974,0.10502649903661489
Defect_L16_B56_el1471_H4_W4.npy,-272.1364,4775.50687,0.0031248866232115612,0.9864862495218559,0.4053745031287113,0.10502774820290682
Defect_L16_B57_el1475_H4_W4.npy,-272.1468,4775.50578,0.0031228605374469566,0.9864860371724826,0.4053736493989026,0.10502986800277282
Defect_L16_B58_el1479_H4_W4.npy,-272.1577,4775.46508,0.003120737043712902,0.9864781081637691,0.4053730488957425,0.10503325298225277
Defect_L16_B59_el1483_H4_W4.npy,-272.1624,4775.47027,0.0031198214088000494,0.986479119258492,0.4053729574093326,0.10503512413923027
Defect_L16_B5_el131_H4_W4.npy,-272.15749999999997,4775.437959999999,0.003120776006900684,0.9864728247555059,0.4053765131766124,0.10501275849588612
Defect_L16_B60_el1487_H4_W4.npy,-272.16339999999997,4775.4932,0.00311962659286115,0.9864835863879711,0.4053735152338803,0.10503211856712923
Defect_L16_B61_el1491_H4_W4.npy,-272.1692,4775.48507,0.003118496660415501,0.9864820025343878,0.405374322480963,0.10502808766343985
Defect_L16_B62_el1495_H4_W4.npy,-272.17040000000003,4775.46445,0.003118262881288808,0.9864779854297276,0.40537509601771854,0.10502660231804
Defect_L16_B63_el1499_H4_W4.npy,-272.16740000000004,4775.42227,0.003118847329105518,0.9864697680934247,0.4053760859467161,0.10502656861774536
Defect_L16_B64_el1503_H4_W4.npy,-272.1616,4775.37899,0.003119977261551167,0.9864613364595889,0.4053777056674764,0.10502665690457137
Defect_L16_B65_el1507_H4_W4.npy,-272.1539,4775.31489,0.0031214773442807295,0.9864488487579051,0.4053806519234962,0.10502313614628254
Defect_L16_B66_el1795_H4_W4.npy,-272.1607,4775.398929999999,0.003120152595896181,0.9864652210894105,0.40538092790460123,0.10502454935599699
Defect_L16_B67_el1799_H4_W4.npy,-272.1462,4775.44844,0.003122977427010292,0.9864748664265458,0.4053776125185339,0.10502756753683794
Defect_L16_B68_el1803_H4_W4.npy,-272.136,4775.49803,0.0031249645495871146,0.986484527348956,0.4053757493633689,0.1050269739636745
Defect_L16_B69_el1807_H4_W4.npy,-272.1323,4775.52769,0.0031256853685610675,0.9864903055897039,0.4053745965489189,0.1050266859824691
Defect_L16_B6_el135_H4_W4.npy,-272.1612,4775.43481,0.003120055187926731,0.9864722110852985,0.40537623994838584,0.10501887038571563
Defect_L16_B70_el1811_H4_W4.npy,-272.14910000000003,4775.51565,0.0031224124607874674,0.9864879600057995,0.40537382745140493,0.10502777550384884
Defect_L16_B71_el1815_H4_W4.npy,-272.1613,4775.43365,0.0031200357063328457,0.9864719850988094,0.4053730776549344,0.10503144053590253
Defect_L16_B72_el1819_H4_W4.npy,-272.1628,4775.4502,0.0031197434824244853,0.9864752093025982,0.40537282553027576,0.10503376126421066
Defect_L16_B73_el1823_H4_W4.npy,-272.1637,4775.474380000001,0.003119568148079471,0.986479919952001,0.40537360351071966,0.10502917859112068
Defect_L16_B74_el1827_H4_W4.npy,-272.1708,4775.48658,0.0031181849549132548,0.9864822967064555,0.40537452039632815,0.10502448014990802
Defect_L16_B75_el1831_H4_W4.npy,-272.1703,4775.45541,0.003118282362882705,0.9864762242936398,0.4053751118395121,0.10502417094651638
Defect_L16_B76_el1835_H4_W4.npy,-272.1664,4775.41271,0.0031190421450444285,0.9864679056530486,0.4053759037076065,0.10502510382161218
Defect_L16_B77_el1839_H4_W4.npy,-272.15959999999995,4775.369,0.003120366893428988,0.9864593902483592,0.4053773744350218,0.10502568328357104
Defect_L16_B78_el1843_H4_W4.npy,-272.1499,4775.304120000001,0.00312225660803635,0.9864467505902432,0.4053802812549394,0.10502225664663424
Defect_L16_B79_el2131_H4_W4.npy,-272.1647,4775.42176,0.0031193733321405715,0.9864696687372958,0.40537936863408724,0.10503965150882484
Defect_L16_B7_el139_H4_W4.npy,-272.1623,4775.4289100000005,0.003119840890393935,0.9864710616712591,0.4053760712522474,0.105024142579805
Defect_L16_B80_el2135_H4_W4.npy,-272.1456,4775.49047,0.0031230943165736383,0.9864830545404578,0.4053768592718208,0.10503675276303
Defect_L16_B81_el2139_H4_W4.npy,-272.1312,4775.54965,0.003125899666093864,0.9864945837477223,0.40537579978157995,0.10502938771865468
Defect_L16_B82_el2143_H4_W4.npy,-272.1266,4775.5793,0.0031267958194128196,0.9865003600403108,0.4053753615988688,0.10502253790432363
Defect_L16_B83_el2147_H4_W4.npy,-272.1605,4775.52643,0.003120191559083963,0.9864900601216209,0.4053752918642752,0.10501833556911853
Defect_L16_B84_el2151_H4_W4.npy,-272.1684,4775.3719,0.0031186525131666185,0.9864599552145821,0.4053748729902456,0.10501928028510316
Defect_L16_B85_el2155_H4_W4.npy,-272.1603,4775.4092,0.0031202305222717453,0.9864672218491032,0.4053742770230778,0.10502170792979872
Defect_L16_B86_el2159_H4_W4.npy,-272.158,4775.45488,0.003120678598931223,0.9864761210411923,0.4053751351131713,0.10501724202819704
Defect_L16_B87_el2163_H4_W4.npy,-272.1664,4775.45687,0.0031190421450444285,0.9864765087249107,0.4053754940693653,0.10501748367118176
Defect_L16_B88_el2167_H4_W4.npy,-272.1659,4775.435280000001,0.0031191395530138786,0.9864723026487899,0.40537507668577033,0.10502349611958793
Defect_L16_B89_el2171_H4_W4.npy,-272.1621,4775.402389999999,0.003119879853581717,0.9864658951525591,0.40537531107856617,0.10502811842211573
Defect_L16_B8_el143_H4_W4.npy,-272.1601,4775.42875,0.0031202694854595273,0.9864710305007087,0.4053759589487087,0.10502866193461124
Defect_L16_B90_el2175_H4_W4.npy,-272.1545,4775.358209999999,0.003121360454717394,0.9864572881843783,0.4053764261862543,0.10503065081359493
Defect_L16_B91_el2179_H4_W4.npy,-272.143,4775.29266,0.003123600838014795,0.9864445179995832,0.4053790856067282,0.10502791405927271
Defect_L16_B92_el2467_H4_W4.npy,-272.15840000000003,4775.46286,0.003120600672555659,0.9864776756723846,0.4053717306933377,0.10506451090264797
Defect_L16_B93_el2471_H4_W4.npy,-272.13169999999997,4775.58782,0.0031258022581244138,0.9865020198721102,0.40537264718100474,0.10506303065621586
Defect_L16_B94_el2475_H4_W4.npy,-272.1134,4775.723849999999,0.003129367389806352,0.9865285206842792,0.4053769436214966,0.1050503646570511
Defect_L16_B95_el2479_H4_W4.npy,-272.1154,4775.83499,0.0031289777579285418,0.9865501725277293,0.40538354744266997,0.10502200378607666
Defect_L16_B96_el2499_H4_W4.npy,-272.1287,4775.4457999999995,0.003126386705941124,0.9864743521124669,0.40538040202629827,0.10500530802396213
Defect_L16_B97_el2503_H4_W4.npy,-272.1502,4775.50043,0.0031221981632546824,0.9864849949072094,0.4053761391062362,0.10503123054264465
Defect_L16_B98_el2507_H4_W4.npy,-272.1563,4775.47194,0.0031210097860273657,0.98647944460111,0.40537315034163235,0.10504259929266806
Defect_L16_B99_el2511_H4_W4.npy,-272.15099999999995,4775.40882,0.003122042310503565,0.9864671478190463,0.4053722349093065,0.1050460031002931
Defect_L16_B9_el147_H4_W4.npy,-272.1595,4775.4184700000005,0.0031203863750228736,0.986469027792857,0.40537587909950246,0.10503309981987347
Defect_L17_B100_el2515_H4_W4.npy,-272.1289,4775.260480000001,0.0031263477427533417,0.9864382488226695,0.4053723338823567,0.10507921122404464
Defect_L17_B101_el2803_H4_W4.npy,-272.16439999999994,4775.45013,0.0031194317769222503,0.9864751956654826,0.4053517846324744,0.10507545414520876
Defect_L17_B102_el2807_H4_W4.npy,-272.13079999999997,4775.58669,0.003125977592469428,0.9865017997300993,0.4053488931786648,0.10508694904614843
Defect_L17_B103_el2811_H4_W4.npy,-272.099,4775.7022099999995,0.0031321727393265773,0.9865243048673614,0.40534830985889897,0.10509959662818386
Defect_L17_B104_el2815_H4_W4.npy,-272.0749,4775.88049,0.0031368678034541645,0.9865590366529492,0.40535662431410907,0.10510996833075568
Defect_L17_B105_el2835_H4_W4.npy,-272.0309,4775.66333,0.003145439704765958,0.986516730423657,0.4054121851895649,0.10503304238270651
Defect_L17_B106_el2839_H4_W4.npy,-272.12,4775.70848,0.003128081604609586,0.9865255263632985,0.40533579012768517,0.10509316800795541
Defect_L17_B107_el2843_H4_W4.npy,-272.1643,4775.5973300000005,0.0031194512585161244,0.9865038725716893,0.4053243559329881,0.10509068417342436
Defect_L17_B108_el2847_H4_W4.npy,-272.1655,4775.45694,0.0031192174793894427,0.9864765223620264,0.40532335428999844,0.10508264558024179
Defect_L17_B109_el2851_H4_W4.npy,-272.1444,4775.306670000001,0.00312332809570032,0.9864472473708875,0.4053255020590711,0.10507352111453425
Defect_L17_B10_el151_H4_W4.npy,-272.16060000000004,4775.41877,0.0031201720774900665,0.9864690862376385,0.405376496247741,0.10507213208917766
Defect_L17_B110_el3139_H4_W4.npy,-272.1829,4775.56462,0.0031158276820525076,0.9864975001423276,0.40536102010434494,0.105079758594579
Defect_L17_B111_el3143_H4_W4.npy,-272.1679,4775.63199,0.0031187499211360794,0.9865106248921316,0.4053609820744691,0.10508626199404902
Defect_L17_B112_el3147_H4_W4.npy,-272.1431,4775.50087,0.0031235813564208983,0.9864850806262224,0.4053680750032628,0.10508836034371931
Defect_L17_B113_el3151_H4_W4.npy,-272.01090000000005,4775.1981,0.0031493360235440282,0.9864260962044004,0.4053932227497972,0.1050701187068641
Defect_L17_B114_el3171_H4_W4.npy,-272.46819999999997,4775.08798,0.0030602466946831417,0.9864046430732084,0.40545936443470243,0.10501474796239055
Defect_L17_B115_el3175_H4_W4.npy,-272.2635,4774.8717799999995,0.0031001255173768263,0.9863625238672171,0.40539175279233225,0.10509644362744978
Defect_L17_B116_el3179_H4_W4.npy,-272.19350000000003,4774.9937899999995,0.0031137626331001205,0.9863862933599229,0.4053646557835211,0.10510791768387041
Defect_L17_B117_el3183_H4_W4.npy,-272.1756,4775.143590000001,0.003117249838406517,0.9864154767875709,0.40535598165443065,0.10510069168680622
Defect_L17_B118_el3187_H4_W4.npy,-272.1666,4775.20856,0.0031190031818566465,0.9864281339791214,0.4053547387030909,0.10509053563087453
Defect_L17_B119_el3475_H4_W4.npy,-272.1829,4775.92953,0.0031158276820525076,0.9865685904265933,0.40537499634484847,0.10509648296073397
Defect_L17_B11_el155_H4_W4.npy,-272.15999999999997,4775.40811,0.003120288967053424,0.9864670094997298,0.4053767532159276,0.10508009613101624
Defect_L17_B120_el3479_H4_W4.npy,-272.1323,4776.02581,0.0031256853685610675,0.9865873473051909,0.40537371277543066,0.10508872295005627
Defect_L17_B121_el3483_H4_W4.npy,-272.0719,4776.02643,0.0031374522512708745,0.986587468091073,0.4053751128267218,0.1050704425241237
Defect_L17_B122_el3487_H4_W4.npy,-271.897,4776.0957499999995,0.0031715255589852306,0.9866009727319578,0.4053780765020146,0.10504429886349408
Defect_L17_B123_el3491_H4_W4.npy,-272.14410000000004,4776.552699999999,0.003123386540481988,0.98668999387524,0.40538065429328857,0.10501215141518538
Defect_L17_B124_el3495_H4_W4.npy,-272.8396,4772.69298,0.0029878920549741023,0.9859380588995327,0.40540242445553115,0.10506040680195616
Defect_L17_B125_el3499_H4_W4.npy,-271.6968,4773.43531,0.0032105277099538556,0.9860826766154595,0.40538313317520336,0.10500230641712409
Defect_L17_B126_el3503_H4_W4.npy,-271.9946,4775.16077,0.0031525115233481784,0.9864188237254012,0.4053844564823122,0.1049835281935422
Defect_L17_B127_el3507_H4_W4.npy,-272.1813,4775.23793,0.0031161393875547535,0.986433855723247,0.4053868485706572,0.1049857946919603
Defect_L17_B128_el3511_H4_W4.npy,-272.187,4775.10263,0.0031150289367030013,0.9864074971267134,0.40538379041452555,0.10502510512665353
Defect_L17_B129_el3515_H4_W4.npy,-272.171,4775.1080999999995,0.0031181459917254727,0.986408562769899,0.40537789115407147,0.10506810686921736
Defect_L17_B12_el159_H4_W4.npy,-272.1583,4775.3974,0.0031206201541495553,0.9864649230210241,0.40537803045513976,0.10509040271679812
Defect_L17_B130_el3519_H4_W4.npy,-272.1669,4775.21391,0.003118944737074979,0.9864291762443946,0.40537313309147915,0.10509744583030793
Defect_L17_B131_el3523_H4_W4.npy,-272.1619,4775.30284,0.003119918816769499,0.9864465012258413,0.4053715465800996,0.10511116215325184
Defect_L17_B132_el3811_H4_W4.npy,-272.2087,4776.70028,0.003110801430828778,0.9867187448115036,0.4053697956599875,0.10513268975085503
Defect_L17_B133_el3815_H4_W4.npy,-272.12030000000004,4776.67262,0.003128023159827907,0.9867133562026336,0.40537202502497216,0.10510892731469376
Defect_L17_B134_el3819_H4_W4.npy,-272.0262,4776.54227,0.0031463553396788,0.9866879619449973,0.4053770606866223,0.10506972888290338
Defect_L17_B135_el3823_H4_W4.npy,-271.8664,4776.61762,0.0031774869267156987,0.9867026413259938,0.4053825938924245,0.10502090613500106
Defect_L17_B136_el3827_H4_W4.npy,-271.90479999999997,4777.19265,0.0031700059946617827,0.9868146663353419,0.4053866076696027,0.10497626645702636
Defect_L17_B137_el3831_H4_W4.npy,-273.2831,4770.28178,0.0029014911860700842,0.985468318707647,0.40538949889243253,0.10495316143730424
Defect_L17_B138_el3835_H4_W4.npy,-271.87109999999996,4772.40997,0.003176571291802857,0.9858829240406634,0.4053874886783346,0.10497339627704974
Defect_L17_B139_el3839_H4_W4.npy,-271.75,4774.2402999999995,0.0032001635020041503,0.9862395014981179,0.4053858357584174,0.10497298969686815
Defect_L17_B13_el163_H4_W4.npy,-272.1565,4775.38672,0.0031209708228395836,0.9864628423867967,0.4053830835420941,0.10510082996308072
Defect_L17_B140_el3843_H4_W4.npy,-272.0331,4774.67357,0.0031450111097003656,0.9863239093999671,0.40538383477574946,0.10499563020018687
Defect_L17_B141_el3847_H4_W4.npy,-272.1063,4775.10996,0.0031307505829725794,0.9864089251275454,0.4053783314599225,0.10504172682858422
Defect_L17_B142_el3851_H4_W4.npy,-272.12080000000003,4775.279399999999,0.003127925751858457,0.9864419347402332,0.4053740930776696,0.1050752163689595
Defect_L17_B143_el3855_H4_W4.npy,-272.1194,4775.38379,0.003128198494172932,0.9864622715760956,0.4053717676959218,0.1050969360860803
Defect_L17_B144_el3859_H4_W4.npy,-272.10960000000006,4775.44615,0.0031301076903741797,0.9864744202980457,0.4053722741495367,0.10510561915009468
Defect_L17_B145_el4147_H4_W4.npy,-272.2056,4777.90849,0.003111405360239384,0.986954123377047,0.40535073180441983,0.1051312187447601
Defect_L17_B146_el4151_H4_W4.npy,-271.9318,4776.8913600000005,0.00316474596431136,0.9867559702411095,0.40535887432753226,0.10512128417303498
Defect_L17_B147_el4155_H4_W4.npy,-271.5652,4775.17521,0.00323616548751365,0.986421636867559,0.40537841266059266,0.10509507524000121
Defect_L17_B148_el4159_H4_W4.npy,-271.36899999999997,4773.46223,0.0032743883747266655,0.9860879210605348,0.4054181488376673,0.10503411659452759
Defect_L17_B149_el4179_H4_W4.npy,-271.8283,4775.76068,0.003184909413987947,0.9865356957553093,0.4054865986115037,0.10489947327818347
Defect_L17_B14_el451_H4_W4.npy,-272.1595,4775.37706,0.0031203863750228736,0.9864609604648267,0.40538093886488435,0.10502828718759215
Defect_L17_B150_el4183_H4_W4.npy,-272.1413,4776.33259,0.0031239320251109266,0.9866471129389279,0.40541095882297246,0.10503795679835769
Defect_L17_B151_el4187_H4_W4.npy,-272.1657,4775.90902,0.0031191785162016606,0.9865645947516862,0.4053746701513076,0.10508829438744413
Defect_L17_B152_el4191_H4_W4.npy,-272.1517,4775.79388,0.0031219059393463216,0.9865421636444809,0.405358670173721,0.10510639262473774
Defect_L17_B153_el4195_H4_W4.npy,-272.12910000000005,4775.79811,0.0031263087795655484,0.9865429877159023,0.4053536793814017,0.10510890096215067
Defect_L17_B154_el4483_H4_W4.npy,-272.72,4780.88371,0.003011192041267046,0.9875337436547937,0.4053463570934606,0.10508598231787779
Defect_L17_B155_el4487_H4_W4.npy,-272.46000000000004,4779.224370000001,0.003061844185382143,0.9872104777747326,0.40534879072080504,0.10508550767642345
Defect_L17_B156_el4491_H4_W4.npy,-271.9837,4776.8543,0.003154635017082233,0.9867487503624136,0.40535383993824986,0.10507804619442251
Defect_L17_B157_el4495_H4_W4.npy,-271.47439999999995,4774.27194,0.0032538547747661653,0.9862456654744248,0.4053631424334956,0.10505680553105903
Defect_L17_B158_el4515_H4_W4.npy,-272.3136,4776.90527,0.0030903652388377272,0.9867586801308197,0.40538444426049447,0.10498312817651384
Defect_L17_B159_el4519_H4_W4.npy,-272.1234,4775.609960000001,0.0031274192304173117,0.9865063330969976,0.40536955882540665,0.1050266441668206
Defect_L17_B15_el455_H4_W4.npy,-272.15270000000004,4775.40615,0.003121711123407411,0.9864666276604894,0.4053786200087806,0.10503182814047
Defect_L17_B160_el4523_H4_W4.npy,-272.15849999999995,4775.83313,0.0031205811909617845,0.9865498101700828,0.40535663767607716,0.10505978678436295
Defect_L17_B161_el4527_H4_W4.npy,-272.2077,4776.3443,0.0031109962467676883,0.9866493942335725,0.40534833954940763,0.1050770138427473
Defect_L17_B162_el4531_H4_W4.npy,-272.2395,4776.67126,0.0031048010999105277,0.9867130912529566,0.4053442317977117,0.10508192629201757
Defect_L17_B163_el4819_H4_W4.npy,-273.0686,4793.57885,0.002943279204965038,0.9900069592734143,0.4053456711062181,0.10508927487319952
Defect_L17_B164_el4823_H4_W4.npy,-272.75559999999996,4795.4021299999995,0.003004256593842069,0.9903621632784995,0.40535203061123626,0.10508225343303955
Defect_L17_B165_el4827_H4_W4.npy,-271.4704,4801.66823,0.0032546340385217745,0.9915828994332674,0.4053653413785096,0.10505963666415878
Defect_L17_B166_el4831_H4_W4.npy,-265.1153,4815.8974,0.004492708811852016,0.9943549685466452,0.40538782403817675,0.105008804717303
Defect_L17_B167_el4851_H4_W4.npy,-272.54330000000004,4784.89793,0.0030456160176714196,0.9883157776930619,0.4053891700584479,0.10500312983503154
Defect_L17_B168_el4855_H4_W4.npy,-272.5194,4785.59256,0.0030502721186112356,0.9884511026887028,0.40537429027194216,0.10505409273805648
Defect_L17_B169_el4859_H4_W4.npy,-272.48830000000004,4783.13851,0.0030563308943111532,0.9879730146338349,0.4053598460363498,0.10508286314928927
Defect_L17_B16_el459_H4_W4.npy,-272.14820000000003,4775.43582,0.0031225877951324816,0.9864724078493967,0.405377160737505,0.10503440853990753
Defect_L17_B170_el4863_H4_W4.npy,-272.4653,4781.4023099999995,0.003060811660905955,0.9876347752007093,0.40535165659125455,0.10509327841334655
Defect_L17_B171_el4867_H4_W4.npy,-272.4792,4780.51091,0.0030581037193551904,0.9874611162727702,0.4053477974103167,0.1050945800454771
Defect_L17_B172_el5155_H4_W4.npy,-271.058,4790.93303,0.0033349761317258753,0.9894915113659427,0.4053613922902261,0.10511359679217958
Defect_L17_B173_el5159_H4_W4.npy,-270.9814,4788.6929,0.0033498990326459362,0.9890550983367252,0.40536444570689273,0.10511024724788082
Defect_L17_B174_el5163_H4_W4.npy,-270.94419999999997,4782.559050000001,0.0033571461855731815,0.9878601265898777,0.4053737319222432,0.1050946770270587
Defect_L17_B175_el5167_H4_W4.npy,-271.6504,4765.24497,0.003219567169519013,0.9844870678384146,0.4053913893625076,0.10505805670598611
Defect_L17_B176_el5187_H4_W4.npy,-275.3345,4843.0275,0.002501845769001956,0.9996403444507108,0.4054469909980711,0.10492288758714619
Defect_L17_B177_el5191_H4_W4.npy,-273.9724,4812.151419999999,0.002767204559383401,0.9936251919358287,0.40540949655651015,0.10502870226854906
Defect_L17_B178_el5195_H4_W4.npy,-273.4966,4800.73451,0.00285989798311403,0.9914009958947938,0.40538284963357696,0.10509120596070311
Defect_L17_B179_el5199_H4_W4.npy,-273.2981,4794.96246,0.0028985689469865233,0.9902765085546416,0.405366604817339,0.10512506694505477
Defect_L17_B17_el463_H4_W4.npy,-272.1465,4775.466,0.003122918982228624,0.986478287394433,0.40537638106778556,0.10503859185175177
Defect_L17_B180_el5203_H4_W4.npy,-273.2566,4792.09954,0.0029066538084510456,0.989718766106834,0.4053584781416057,0.1051425283134915
Defect_L17_B181_el5491_H4_W4.npy,-271.50800000000004,4776.2595,0.003247308959218965,0.9866328738419534,0.4053762689249793,0.10508384456276079
Defect_L17_B182_el5495_H4_W4.npy,-271.4813,4775.025799999999,0.0032525105447877203,0.9863925294181272,0.4053749594905657,0.10507991215382947
Defect_L17_B183_el5499_H4_W4.npy,-271.41560000000004,4772.61187,0.0032653099519737152,0.9859222573787282,0.40537526425511283,0.10506819636563336
Defect_L17_B184_el5503_H4_W4.npy,-271.23109999999997,4768.80156,0.0033012534927015585,0.985179948258562,0.405376965055226,0.10504961425516536
Defect_L17_B185_el5507_H4_W4.npy,-266.2081,4762.11907,0.004279813953817477,0.9838780926949939,0.40537863835867144,0.10502637853374135
Defect_L17_B186_el5511_H4_W4.npy,-281.62039999999996,4728.5754,0.0012772522586438914,0.9773432511296504,0.40535203970156325,0.10501622101930418
Defect_L17_B187_el5515_H4_W4.npy,-271.7611,4784.17945,0.0031980010450823135,0.9881758063372779,0.4053793831313635,0.105018987063401
Defect_L17_B188_el5519_H4_W4.npy,-272.197,4776.035150000001,0.003113080777313961,0.9865891668860604,0.4053804281782001,0.1050110283063641
Defect_L17_B189_el5523_H4_W4.npy,-272.5413,4778.8275,0.003046005649549241,0.9871331611730595,0.4053806696303131,0.1050156765667376
Defect_L17_B18_el467_H4_W4.npy,-272.1516,4775.476909999999,0.0031219254209402182,0.9864804128363263,0.40537588712463196,0.10504422683928506
Defect_L17_B190_el5527_H4_W4.npy,-272.7266,4781.59642,0.0030099062560702797,0.9876725909226102,0.4053787410454812,0.10503476423893865
Defect_L17_B191_el5531_H4_W4.npy,-272.9292,4784.57793,0.0029704365468482914,0.9882534365926126,0.40537753951997896,0.10505778863373061
Defect_L17_B192_el5535_H4_W4.npy,-273.0992,4786.78847,0.00293731783723457,0.9886840850181979,0.4053766695063784,0.10508238565590258
Defect_L17_B193_el5539_H4_W4.npy,-273.25489999999996,4788.25752,0.0029069849955471886,0.9889702793732451,0.4053771643660686,0.10510118000226153
Defect_L17_B194_el5827_H4_W4.npy,-271.9331,4774.81463,0.0031644927035907816,0.9863513901363088,0.4053797395992707,0.10506986040956919
Defect_L17_B195_el5831_H4_W4.npy,-271.91650000000004,4774.58727,0.0031677266481765884,0.9863070967844396,0.40537809221794713,0.10506751227908484
Defect_L17_B196_el5835_H4_W4.npy,-271.8883,4774.02535,0.0031732204576536928,0.9861976258120505,0.4053772904268998,0.10506130175976289
Defect_L17_B197_el5839_H4_W4.npy,-271.7589,4773.13332,0.003198429640147906,0.9860238441500698,0.40537721084191947,0.10505328414218039
Defect_L17_B198_el5843_H4_W4.npy,-270.3699,4772.3954699999995,0.0034690289792858767,0.9858800992095492,0.4053774773234936,0.105044966220369
Defect_L17_B199_el5847_H4_W4.npy,-276.3743,4758.5153,0.00229927615572934,0.983176020858849,0.4053760375523493,0.10505127292935261
Defect_L17_B19_el471_H4_W4.npy,-272.1544,4775.46856,0.0031213799363112795,0.9864787861232366,0.4053756425037467,0.10505084433379973
Defect_L17_B1_el115_H4_W4.npy,-272.1583,4775.40725,0.0031206201541495553,0.9864668419580224,0.4053804844230313,0.10499248067469072
Defect_L17_B200_el5851_H4_W4.npy,-271.13530000000003,4782.20513,0.003319916859648572,0.9877911773327805,0.4053739847502008,0.10506094258884728
Defect_L17_B201_el5855_H4_W4.npy,-271.9052,4776.88077,0.0031699280682862185,0.9867539071403164,0.40537431064413704,0.10505382283567127
Defect_L17_B202_el5859_H4_W4.npy,-272.14680000000004,4776.82842,0.0031228605374469453,0.9867437085259148,0.4053757252653136,0.10504572205479656
Defect_L17_B203_el5863_H4_W4.npy,-272.27450000000005,4777.30761,0.003097982542048875,0.9868370623756783,0.4053764086213254,0.10504504265442961
Defect_L17_B204_el5867_H4_W4.npy,-272.4069,4778.00942,0.003072188911737963,0.9869737861497607,0.40537755698050887,0.1050463081538182
Defect_L17_B205_el5871_H4_W4.npy,-272.5326,4778.76339,0.003047700548217703,0.9871206715232164,0.40537931497102125,0.10504957075803235
Defect_L17_B206_el5875_H4_W4.npy,-272.65000000000003,4779.3265599999995,0.0030248291569903406,0.9872303860155289,0.4053821165936018,0.10505085850401326
Defect_L17_B207_el6163_H4_W4.npy,-272.09279999999995,4775.08416,0.0031333805981477907,0.9864038988763217,0.4053798017948484,0.10507735334896019
Defect_L17_B208_el6167_H4_W4.npy,-272.08180000000004,4775.05192,0.0031355235734757195,0.9863976180104514,0.40537845774490094,0.10507363442249457
Defect_L17_B209_el6171_H4_W4.npy,-272.0704,4774.84064,0.003137744475179235,0.9863564572988799,0.4053776748247613,0.10506751917332971
Defect_L17_B20_el475_H4_W4.npy,-272.1571,4775.4691,0.0031208539332762374,0.9864788913238436,0.4053756514726829,0.10505712346845003
Defect_L17_B210_el6175_H4_W4.npy,-271.97610000000003,4774.55141,0.003156115618217899,0.9863001106848704,0.4053773339606635,0.10506097478814726
Defect_L17_B211_el6179_H4_W4.npy,-271.6173,4774.68177,0.0032260155770967407,0.9863255068906661,0.40537708677728684,0.1050557810203829
Defect_L17_B212_el6183_H4_W4.npy,-274.29069999999996,4767.76634,0.0027051946460301926,0.9849782709022896,0.4053760179039141,0.10505878520072869
Defect_L17_B213_el6187_H4_W4.npy,-271.3852,4779.12616,0.003271232356516412,0.9871913449013726,0.4053746666617148,0.10506244663090078
Defect_L17_B214_el6191_H4_W4.npy,-271.9615,4776.640219999999,0.003158959930925906,0.9867070441662129,0.4053746821192536,0.1050556788672008
Defect_L17_B215_el6195_H4_W4.npy,-272.101,4776.19906,0.0031317831074487673,0.986621099166606,0.4053756925323738,0.10504645840559479
Defect_L17_B216_el6199_H4_W4.npy,-272.1706,4776.15682,0.003118223918101037,0.9866128701413468,0.40537670851649127,0.10504033296966694
Defect_L17_B217_el6203_H4_W4.npy,-272.24440000000004,4776.25989,0.003103846501809893,0.9866329498201697,0.40537810504898475,0.10503538523926317
Defect_L17_B218_el6207_H4_W4.npy,-272.3111,4776.41258,0.0030908522786849872,0.9866626962658809,0.40537995465280957,0.1050323060441901
Defect_L17_B219_el6211_H4_W4.npy,-272.372,4776.47289,0.0030789879880057194,0.9866744456151562,0.40538254020148035,0.10502892393090871
Defect_L17_B21_el479_H4_W4.npy,-272.1612,4775.480339999999,0.003120055187926731,0.9864810810549967,0.4053759087302553,0.10506190225547843
Defect_L17_B22_el483_H4_W4.npy,-272.1643,4775.47109,0.0031194512585161244,0.9864792790075619,0.40537633050098815,0.10506624136650881
Defect_L17_B23_el487_H4_W4.npy,-272.1656,4775.45091,0.0031191979977955573,0.9864753476219148,0.4053768530449329,0.10507136189875728
Defect_L17_B24_el491_H4_W4.npy,-272.1637,4775.42989,0.003119568148079471,0.9864712525908792,0.4053775901720741,0.10507705856150376
Defect_L17_B25_el495_H4_W4.npy,-272.16069999999996,4775.39833,0.003120152595896192,0.9864651041998472,0.40537885695030285,0.10508263939463071
Defect_L17_B26_el499_H4_W4.npy,-272.1569,4775.36633,0.0031208928964640194,0.9864588700898023,0.4053807375244957,0.10508589354765065
Defect_L17_B27_el787_H4_W4.npy,-272.1596,4775.35679,0.003120366893428977,0.9864570115457452,0.40538170529611484,0.10504100187268582
Defect_L17_B28_el791_H4_W4.npy,-272.14919999999995,4775.40534,0.003122392979193593,0.986466469859579,0.40537859789553393,0.10504545914880152
Defect_L17_B29_el795_H4_W4.npy,-272.1412,4775.44468,0.003123951506704812,0.9864741339186154,0.40537663804425444,0.10504707086711723
Defect_L17_B2_el119_H4_W4.npy,-272.156,4775.41698,0.0031210682308090336,0.9864687375171078,0.4053791019557711,0.1050056788790647
Defect_L17_B30_el799_H4_W4.npy,-272.13759999999996,4775.484759999999,0.0031246528440848796,0.9864819421414466,0.40537551059326027,0.10504956975034659
Defect_L17_B31_el803_H4_W4.npy,-272.1476,4775.505520000001,0.003122704684695828,0.9864859865203385,0.4053747825910066,0.10505324001320031
Defect_L17_B32_el807_H4_W4.npy,-272.1527,4775.47732,0.003121711123407422,0.9864804927108612,0.4053743686556065,0.10505803301694633
Defect_L17_B33_el811_H4_W4.npy,-272.1551,4775.48916,0.0031212435651540474,0.9864827993315779,0.4053743672348483,0.10506203902546825
Defect_L17_B34_el815_H4_W4.npy,-272.1612,4775.51172,0.003120055187926731,0.9864871943791597,0.40537479796065345,0.1050631645361008
Defect_L17_B35_el819_H4_W4.npy,-272.1689,4775.50349,0.0031185551051971685,0.9864855910439825,0.40537546294336685,0.10506341952203249
Defect_L17_B36_el823_H4_W4.npy,-272.17080000000004,4775.48341,0.003118184954913244,0.9864816791399292,0.4053762255585997,0.10506500541830233
Defect_L17_B37_el827_H4_W4.npy,-272.1687,4775.441919999999,0.0031185940683849506,0.986473596226624,0.405377194847515,0.10506760727942585
Defect_L17_B38_el831_H4_W4.npy,-272.1645,4775.399439999999,0.0031194122953283536,0.9864653204455393,0.4053788144376237,0.10507041865431509
Defect_L17_B39_el835_H4_W4.npy,-272.15770000000003,4775.3358800000005,0.0031207370437128907,0.9864529379444628,0.4053813616059033,0.10507010530667377
Defect_L17_B3_el123_H4_W4.npy,-272.15380000000005,4775.42694,0.003121496825874615,0.9864706778838593,0.40537830270404573,0.10501883544878626
Defect_L17_B40_el1123_H4_W4.npy,-272.1603,4775.33675,0.0031202305222717453,0.9864531074343296,0.4053824460219792,0.10504617832521539
Defect_L17_B41_el1127_H4_W4.npy,-272.145,4775.40475,0.0031232112061369845,0.9864663549181749,0.405378730399318,0.1050516511820411
Defect_L17_B42_el1131_H4_W4.npy,-272.13259999999997,4775.45371,0.0031256269237793996,0.9864758931065437,0.4053764118721493,0.1050533125069907
Defect_L17_B43_el1135_H4_W4.npy,-272.1259,4775.503470000001,0.0031269321905700513,0.9864855871476638,0.4053750016134744,0.10505561532994602
Defect_L17_B44_el1139_H4_W4.npy,-272.1445,4775.52384,0.0031233086141064345,0.9864895555483391,0.4053740067699672,0.10505899586905375
Defect_L17_B45_el1143_H4_W4.npy,-272.154,4775.48581,0.0031214578626868436,0.9864821466981827,0.40537334952727594,0.1050637311699886
Defect_L17_B46_el1147_H4_W4.npy,-272.1527,4775.49913,0.003121711123407422,0.9864847416464888,0.40537328925437155,0.10506687002857479
Defect_L17_B47_el1151_H4_W4.npy,-272.1622,4775.5233100000005,0.0031198603719878315,0.9864894522958916,0.40537392642424375,0.10506482912928025
Defect_L17_B48_el1155_H4_W4.npy,-272.17359999999996,4775.53638,0.0031176394702843273,0.9864919985402129,0.4053748763363222,0.10506131755908076
Defect_L17_B49_el1159_H4_W4.npy,-272.1773,4775.50649,0.0031169186513103743,0.9864861754917991,0.40537584561347606,0.1050601144626661
Defect_L17_B4_el127_H4_W4.npy,-272.154,4775.437309999999,0.0031214578626868436,0.9864726981251456,0.40537775709878693,0.10503024907562238
Defect_L17_B50_el1163_H4_W4.npy,-272.1748,4775.4542599999995,0.0031174056911576343,0.9864760002553101,0.405377018667854,0.10506054733298033
Defect_L17_B51_el1167_H4_W4.npy,-272.1672,4775.39072,0.003118886292293311,0.9864636216505522,0.4053789248610532,0.10506162209529707
Defect_L17_B52_el1171_H4_W4.npy,-272.1573,4775.295340000001,0.0031208149700884553,0.9864450401062996,0.40538203887232066,0.10505897618160384
Defect_L17_B53_el1459_H4_W4.npy,-272.1624,4775.32761,0.0031198214088000494,0.986451326816648,0.40538303806877823,0.10504905959752435
Defect_L17_B54_el1463_H4_W4.npy,-272.1411,4775.40484,0.0031239709882987087,0.9864663724516095,0.40537897348038937,0.10505490662711983
Defect_L17_B55_el1467_H4_W4.npy,-272.1231,4775.473059999999,0.0031274776751989792,0.9864796627949615,0.4053764464885499,0.10505635340452751
Defect_L17_B56_el1471_H4_W4.npy,-272.1109,4775.53239,0.0031298544296536122,0.9864912212246169,0.40537482867720576,0.10505844959727258
Defect_L17_B57_el1475_H4_W4.npy,-272.1442,4775.56194,0.003123367058888102,0.9864969780356113,0.40537361046076276,0.10506195297013139
Defect_L17_B58_el1479_H4_W4.npy,-272.1571,4775.463430000001,0.0031208539332762374,0.9864777867174701,0.4053726466326982,0.10506778006633394
Defect_L17_B59_el1483_H4_W4.npy,-272.15,4775.4888599999995,0.0031222371264424645,0.9864827408867961,0.40537248002045473,0.1050712722782709
Defect_L17_B5_el131_H4_W4.npy,-272.15619999999996,4775.44806,0.0031210292676212624,0.9864747923964889,0.4053773400797748,0.10503979668161158
Defect_L17_B60_el1487_H4_W4.npy,-272.1635,4775.53521,0.003119607111267253,0.9864917706055645,0.40537343395524034,0.10506617703896595
Defect_L17_B61_el1491_H4_W4.npy,-272.18059999999997,4775.54987,0.0031162757587119964,0.9864946266072288,0.4053747329960072,0.10505934756837025
Defect_L17_B62_el1495_H4_W4.npy,-272.1849,4775.5099,0.003115438050174697,0.9864868398141509,0.40537582712663456,0.10505675849683924
Defect_L17_B63_el1499_H4_W4.npy,-272.1798,4775.44687,0.003116431611463114,0.9864745605655216,0.4053770649559887,0.10505644769217543
Defect_L17_B64_el1503_H4_W4.npy,-272.1698,4775.37201,0.0031183797708521544,0.9864599766443353,0.40537905391136386,0.10505688179254222
Defect_L17_B65_el1507_H4_W4.npy,-272.1555,4775.26476,0.003121165638778483,0.9864390826348878,0.4053824185238091,0.10505297660302886
Defect_L17_B66_el1795_H4_W4.npy,-272.1678,4775.340020000001,0.003118769402729965,0.9864537444824498,0.40538286553032316,0.10505423403214233
Defect_L17_B67_el1799_H4_W4.npy,-272.14029999999997,4775.42647,0.003124126841049837,0.9864705863203681,0.4053789003991669,0.10505773430801499
Defect_L17_B68_el1803_H4_W4.npy,-272.11600000000004,4775.49377,0.0031288608683651955,0.9864836974330563,0.4053765322324903,0.1050565341378946
Defect_L17_B69_el1807_H4_W4.npy,-272.0961,4775.57218,0.003132737705549402,0.9864989729508258,0.4053750184777205,0.10505636282717402
Defect_L17_B6_el135_H4_W4.npy,-272.1589,4775.44009,0.003120503264586209,0.9864732397134559,0.4053770143328449,0.1050478665850795
Defect_L17_B70_el1811_H4_W4.npy,-272.14910000000003,4775.58993,0.0031224124607874674,0.9865024309337413,0.4053738245576012,0.10505845490477266
Defect_L17_B71_el1815_H4_W4.npy,-272.1658,4775.40025,0.0031191590346077752,0.9864654782464499,0.40537249155164373,0.10506549925102565
Defect_L17_B72_el1819_H4_W4.npy,-272.147,4775.44798,0.0031228215742591745,0.9864747768112139,0.4053720412230449,0.10507034389567947
Defect_L17_B73_el1823_H4_W4.npy,-272.1631,4775.51666,0.0031196850376428173,0.9864881567698979,0.40537344229425604,0.10506209246848104
Defect_L17_B74_el1827_H4_W4.npy,-272.18580000000003,4775.55278,0.003115262715829683,0.986495193521611,0.4053750573970341,0.1050533887684123
Defect_L17_B75_el1831_H4_W4.npy,-272.18859999999995,4775.51238,0.0031147172312007664,0.9864873229576793,0.40537590724527056,0.10505239845004921
Defect_L17_B76_el1835_H4_W4.npy,-272.1816,4775.44842,0.003116080942773086,0.9864748625302269,0.40537692810560116,0.105053577479033
Defect_L17_B77_el1839_H4_W4.npy,-272.1687,4775.3625999999995,0.0031185940683849506,0.9864581434263501,0.40537876439690157,0.1050549137318189
Defect_L17_B78_el1843_H4_W4.npy,-272.15070000000003,4775.254,0.0031221007552852216,0.9864369864153852,0.40538208366110784,0.10505121041441921
Defect_L17_B79_el2131_H4_W4.npy,-272.178,4775.365519999999,0.0031167822801531422,0.9864587122888917,0.40538050374932805,0.10507647352531993
Defect_L17_B7_el139_H4_W4.npy,-272.1584,4775.438859999999,0.00312060067255567,0.986473000089851,0.40537679421312556,0.10505465520249209
Defect_L17_B80_el2135_H4_W4.npy,-272.1419,4775.47027,0.00312381513554758,0.986479119258492,0.4053776914256689,0.1050714963658394
Defect_L17_B81_el2139_H4_W4.npy,-272.10880000000003,4775.55604,0.003130263543125308,0.9864958286215719,0.40537657702704677,0.1050603943225928
Defect_L17_B82_el2143_H4_W4.npy,-272.0754,4775.65325,0.003136770395484715,0.9865147666789927,0.4053761938844202,0.10505021357171913
Defect_L17_B83_el2147_H4_W4.npy,-272.1648,4775.66788,0.003119353850546675,0.9865176168361789,0.40537603050199617,0.10504399411934691
Defect_L17_B84_el2151_H4_W4.npy,-272.176,4775.2741399999995,0.0031171719120309527,0.9864409100083946,0.4053746116004117,0.10504967071398252
Defect_L17_B85_el2155_H4_W4.npy,-272.1407,4775.38537,0.003124048914674273,0.986462579385279,0.4053735762284028,0.10505701439943975
Defect_L17_B86_el2159_H4_W4.npy,-272.1548,4775.48727,0.0031213020099357153,0.9864824311294533,0.40537540869569494,0.105046335732191
Defect_L17_B87_el2163_H4_W4.npy,-272.186,4775.55499,0.003115223752641912,0.9864956240648359,0.4053766888835415,0.10504183499773949
Defect_L17_B88_el2167_H4_W4.npy,-272.187,4775.50372,0.0031150289367030013,0.9864856358516483,0.40537608278197,0.10505037933973216
Defect_L17_B89_el2171_H4_W4.npy,-272.1772,4775.4391000000005,0.0031169381329042597,0.9864730468456765,0.4053761740966482,0.10505735044863927
Defect_L17_B8_el143_H4_W4.npy,-272.1605,4775.43909,0.003120191559083963,0.986473044897517,0.4053766485409436,0.1050603069307403
Defect_L17_B90_el2175_H4_W4.npy,-272.1626,4775.35217,0.0031197824456122673,0.9864561114961075,0.4053774184239872,0.10506185572207631
Defect_L17_B91_el2179_H4_W4.npy,-272.1407,4775.24201,0.003124048914674273,0.9864346505722777,0.40538041198861796,0.10505939303121893
Defect_L17_B92_el2467_H4_W4.npy,-272.17650000000003,4775.410739999999,0.0031170745040614914,0.9864675218656489,0.40536836681670674,0.10510865473013954
Defect_L17_B93_el2471_H4_W4.npy,-272.13410000000005,4775.57208,0.0031253346998710283,0.9864989534692319,0.405369616882957,0.1051068319867735
Defect_L17_B94_el2475_H4_W4.npy,-272.0985,4775.74513,0.0031322701472960273,0.9865326663674593,0.4053749825995535,0.1050926197289365
Defect_L17_B95_el2479_H4_W4.npy,-272.0645,4775.9335599999995,0.003138893889218769,0.9865693755348268,0.40538409689980126,0.10505869177026246
Defect_L17_B96_el2499_H4_W4.npy,-272.13770000000005,4775.57241,0.0031246333624909716,0.9864990177584917,0.4053851387041971,0.10502323718859156
Defect_L17_B97_el2503_H4_W4.npy,-272.163,4775.56783,0.0031197045192367027,0.9864981255014915,0.40537690001119175,0.10506435370132382
Defect_L17_B98_el2507_H4_W4.npy,-272.1657,4775.4976,0.0031191785162016606,0.9864844435781023,0.40537219296521904,0.10507926113486334
Defect_L17_B99_el2511_H4_W4.npy,-272.15340000000003,4775.391750000001,0.003121574752250179,0.9864638223109694,0.4053707031512632,0.10508348235688551
Defect_L17_B9_el147_H4_W4.npy,-272.16110000000003,4775.42915,0.0031200746695206165,0.9864711084270843,0.40537653712243366,0.10506577902979933
Defect_L18_B100_el2515_H4_W4.npy,-272.1234,4775.2287,0.0031274192304173117,0.9864320575721309,0.4053713328718952,0.10508891083400096
Defect_L18_B101_el2803_H4_W4.npy,-272.1827,4775.4502600000005,0.0031158666452402897,0.9864752209915547,0.4053513786579474,0.10508182871092216
Defect_L18_B102_el2807_H4_W4.npy,-272.1452,4775.60668,0.0031231722429492024,0.986505694100718,0.4053489328466091,0.10509125734752649
Defect_L18_B103_el2811_H4_W4.npy,-272.1049,4775.7320500000005,0.003131023325287043,0.9865301181749785,0.4053486816891048,0.1051028525305304
Defect_L18_B104_el2815_H4_W4.npy,-272.0434,4775.92929,0.0031430045055296464,0.9865685436707679,0.4053574070922656,0.10511296230250453
Defect_L18_B105_el2835_H4_W4.npy,-272.0319,4775.672369999999,0.0031452448888270477,0.9865184915597445,0.40541363936560415,0.10503007882506865
Defect_L18_B106_el2839_H4_W4.npy,-272.12230000000005,4775.72009,0.0031276335279500967,0.986527788176349,0.405336440554992,0.10509284013593485
Defect_L18_B107_el2843_H4_W4.npy,-272.165,4775.598660000001,0.0031193148873588927,0.9865041316768881,0.4053244050087795,0.10509250525956267
Defect_L18_B108_el2847_H4_W4.npy,-272.1663,4775.44744,0.0031190616266383252,0.9864746716106069,0.4053231191606025,0.10508645175706413
Defect_L18_B109_el2851_H4_W4.npy,-272.1406,4775.28544,0.0031240683962681583,0.9864431114285043,0.40532488312524656,0.10508009208637999
Defect_L18_B10_el151_H4_W4.npy,-272.1617,4775.41892,0.003119957779957281,0.9864691154600294,0.4053762326964959,0.10507811110528249
Defect_L18_B110_el3139_H4_W4.npy,-272.21290000000005,4775.57632,0.003109983203885375,0.9864997794888128,0.4053602357940323,0.10508697622969748
Defect_L18_B111_el3143_H4_W4.npy,-272.2044,4775.67584,0.003111639139366066,0.9865191675710525,0.4053603955918488,0.10509105564674168
Defect_L18_B112_el3147_H4_W4.npy,-272.18059999999997,4775.56843,0.0031162757587119964,0.9864982423910549,0.40536755167012156,0.10509145216066781
Defect_L18_B113_el3151_H4_W4.npy,-271.9502,4775.29968,0.0031611613510355253,0.9864458856074744,0.40539292825792345,0.10507172518191839
Defect_L18_B114_el3171_H4_W4.npy,-272.363,4775.03742,0.00308074133145586,0.9863947931793373,0.40546064296313195,0.1050270131848598
Defect_L18_B115_el3175_H4_W4.npy,-272.2229,4774.832399999999,0.0031080350444963457,0.9863548520155431,0.4053934026693293,0.10510280195866498
Defect_L18_B116_el3179_H4_W4.npy,-272.1773,4774.97395,0.0031169186513103743,0.986382428211695,0.4053652311693516,0.10511374094436729
Defect_L18_B117_el3183_H4_W4.npy,-272.1692,4775.13341,0.003118496660415501,0.9864134935613128,0.4053560490997163,0.10510651652986791
Defect_L18_B118_el3187_H4_W4.npy,-272.161,4775.1873399999995,0.003120094151114513,0.9864239999848977,0.40535430968088343,0.10509768997476292
Defect_L18_B119_el3475_H4_W4.npy,-272.23380000000003,4775.97232,0.00310591155076228,0.9865769266006189,0.4053738569872349,0.10510594092459143
Defect_L18_B11_el155_H4_W4.npy,-272.1592,4775.40812,0.0031204448198045415,0.9864670114478892,0.40537644516109395,0.10508573677578378
Defect_L18_B120_el3479_H4_W4.npy,-272.20550000000003,4776.1420100000005,0.00311142484183327,0.9866099849172917,0.40537245215235035,0.10509694034167817
Defect_L18_B121_el3483_H4_W4.npy,-272.167,4776.18891,0.0031189252554810936,0.9866191217848261,0.4053734806971873,0.1050787239410161
Defect_L18_B122_el3487_H4_W4.npy,-271.841,4776.345600000001,0.003182435251563864,0.9866496474942932,0.40537618468843134,0.10505359372129286
Defect_L18_B123_el3491_H4_W4.npy,-271.6073,4777.05899,0.003227963736485781,0.986788627236948,0.4053818740621367,0.10501188410215957
Defect_L18_B124_el3495_H4_W4.npy,-274.57,4771.77906,0.002650782554294236,0.9857600127166494,0.40540239285336965,0.10506971085238646
Defect_L18_B125_el3499_H4_W4.npy,-271.794,4773.27099,0.0031915916006923675,0.9860506644603787,0.4053813863456078,0.10502396153582526
Defect_L18_B126_el3503_H4_W4.npy,-271.97139999999996,4775.44365,0.0031570312531307623,0.9864739332581984,0.40538483582841617,0.10499152001734671
Defect_L18_B127_el3507_H4_W4.npy,-272.1396,4775.19815,0.003124263212207069,0.9864261059451974,0.4053865599126395,0.10499195172856966
Defect_L18_B128_el3511_H4_W4.npy,-272.1555,4775.019380000001,0.003121165638778483,0.9863912786997996,0.4053825619609032,0.1050335491004846
Defect_L18_B129_el3515_H4_W4.npy,-272.15340000000003,4775.06531,0.003121574752250179,0.9864002265958733,0.40537684377119154,0.10507587062058853
Defect_L18_B12_el159_H4_W4.npy,-272.1575,4775.397279999999,0.0031207760069006728,0.9864648996431112,0.4053776317669,0.10509585286049711
Defect_L18_B130_el3519_H4_W4.npy,-272.1566,4775.19205,0.003120951341245687,0.98642491756797,0.40537233184859595,0.10510509184612088
Defect_L18_B131_el3523_H4_W4.npy,-272.1542,4775.28092,0.0031214188994990615,0.9864422308604606,0.40537067643737323,0.10512011758698836
Defect_L18_B132_el3811_H4_W4.npy,-272.26390000000004,4776.74156,0.0031000475910012617,0.9867267868134617,0.4053689676800852,0.10514085717701921
Defect_L18_B133_el3815_H4_W4.npy,-272.2163,4776.80538,0.003109320829693112,0.9867392199666825,0.40537117216992813,0.10511568250518975
Defect_L18_B134_el3819_H4_W4.npy,-272.19730000000004,4776.7720500000005,0.003113022332532282,0.9867327267514389,0.40537585710727636,0.1050767977456666
Defect_L18_B135_el3823_H4_W4.npy,-272.0206,4777.0601799999995,0.0031474463089366665,0.9867888590679151,0.40538101796837095,0.10502925652944894
Defect_L18_B136_el3827_H4_W4.npy,-271.2499,4778.1875,0.0032975909530501483,0.9870084789721607,0.40538591058642603,0.10498283335272847
Defect_L18_B137_el3831_H4_W4.npy,-272.82419999999996,4768.16196,0.0029908922204332387,0.9850553439840389,0.40541014204203835,0.10503093752710659
Defect_L18_B138_el3835_H4_W4.npy,-272.1898,4772.39901,0.0031144834520740734,0.985880788857973,0.4053853640551858,0.10499688495291186
Defect_L18_B139_el3839_H4_W4.npy,-271.7362,4774.6936000000005,0.003202851961961029,0.9863278115632234,0.40538664285443066,0.10498177257599804
Defect_L18_B13_el163_H4_W4.npy,-272.1567,4775.386460000001,0.0031209318596518015,0.9864627917346526,0.40538202227515424,0.10510684120033538
Defect_L18_B140_el3843_H4_W4.npy,-272.0276,4774.623329999999,0.0031460825973643356,0.9863141218471964,0.4053832212698989,0.10500360654366858
Defect_L18_B141_el3847_H4_W4.npy,-272.0847,4775.014279999999,0.003134958607252906,0.986390285138511,0.4053762912406834,0.10505199838740938
Defect_L18_B142_el3851_H4_W4.npy,-272.1086,4775.24656,0.00313030250631309,0.9864355369847997,0.4053723866204426,0.10508382820771733
Defect_L18_B143_el3855_H4_W4.npy,-272.1124,4775.37259,0.0031295622057452626,0.9864600896375798,0.40537048209574295,0.10510500580929494
Defect_L18_B144_el3859_H4_W4.npy,-272.1046,4775.435600000001,0.003131081770068711,0.9864723649898903,0.40537110169041857,0.10511478797166948
Defect_L18_B145_el4147_H4_W4.npy,-272.2593,4777.92034,0.003100943744320229,0.9869564319459231,0.40535044025480227,0.10513670115432555
Defect_L18_B146_el4151_H4_W4.npy,-272.0457,4776.94139,0.0031425564288701685,0.9867657168825328,0.405359227064427,0.10512540975026634
Defect_L18_B147_el4155_H4_W4.npy,-271.7783,4775.2708299999995,0.00319465021093316,0.9864402651676368,0.4053794865946967,0.1050992650131407
Defect_L18_B148_el4159_H4_W4.npy,-271.5339,4773.69225,0.00324226322640135,0.9861327326228015,0.4054183906763995,0.10504475219749188
Defect_L18_B149_el4179_H4_W4.npy,-271.8193,4775.508580000001,0.0031866627574380878,0.9864865826571115,0.4054877019299129,0.10489940013533401
Defect_L18_B14_el451_H4_W4.npy,-272.1614,4775.37717,0.003120016224738949,0.98646098189458,0.4053799283986521,0.10503887332817782
Defect_L18_B150_el4183_H4_W4.npy,-272.1209,4776.25014,0.0031279062702645717,0.9866310503647653,0.4054109976461184,0.10503915818051122
Defect_L18_B151_el4187_H4_W4.npy,-272.1616,4775.890579999999,0.003119977261551167,0.9865610023457727,0.40537444316246996,0.10509027883794997
Defect_L18_B152_el4191_H4_W4.npy,-272.15279999999996,4775.78576,0.0031216916418135366,0.9865405817390569,0.40535828238725174,0.10510975624086119
Defect_L18_B153_el4195_H4_W4.npy,-272.133,4775.79033,0.0031255489974038354,0.9865414720478977,0.40535298334906017,0.10511465327576397
Defect_L18_B154_el4483_H4_W4.npy,-272.75829999999996,4780.8687899999995,0.003003730590807027,0.9875308370009852,0.4053458944117609,0.10508822899139326
Defect_L18_B155_el4487_H4_W4.npy,-272.515,4779.1734,0.00305112930874242,0.9872005480063264,0.4053486527926045,0.10508606343224067
Defect_L18_B156_el4491_H4_W4.npy,-272.0821,4776.78283,0.003135465128694052,0.9867348268672602,0.40535380855283204,0.1050782413284453
Defect_L18_B157_el4495_H4_W4.npy,-271.6774,4774.24202,0.003214307139168601,0.9862398365815328,0.4053630617757461,0.10505732440889445
Defect_L18_B158_el4515_H4_W4.npy,-272.269,4776.69995,0.0030990540297128563,0.9867186805222438,0.40538408132540743,0.10498383222711642
Defect_L18_B159_el4519_H4_W4.npy,-272.1347,4775.64566,0.003125217810307693,0.9865132880260165,0.40537026872045334,0.10502438163033082
Defect_L18_B15_el455_H4_W4.npy,-272.1518,4775.4162,0.003121886457752436,0.9864685855606754,0.4053780839400926,0.10504133199842783
Defect_L18_B160_el4523_H4_W4.npy,-272.1658,4775.837210000001,0.0031191590346077752,0.9865506050191136,0.4053570293268987,0.1050585192451559
Defect_L18_B161_el4527_H4_W4.npy,-272.21160000000003,4776.33629,0.0031102364646059533,0.9866478337579019,0.4053484221686383,0.10507703222805859
Defect_L18_B162_el4531_H4_W4.npy,-272.24219999999997,4776.67292,0.0031042750968754964,0.9867134146474152,0.405343895478367,0.10508420524621791
Defect_L18_B163_el4819_H4_W4.npy,-273.08910000000003,4793.50951,0.002939285478217496,0.9899934507362107,0.405345356473195,0.10509194615916162
Defect_L18_B164_el4823_H4_W4.npy,-272.7543,4795.208240000001,0.0030045098545626366,0.9903243904161056,0.4053523264195769,0.10508220537400599
Defect_L18_B165_el4827_H4_W4.npy,-270.88259999999997,4801.37194,0.0033691468474096814,0.9915251774187295,0.40536619076955577,0.1050576314907515
Defect_L18_B166_el4831_H4_W4.npy,-261.9375,4815.4093,0.005111794902501862,0.9942598788868661,0.4053874665623846,0.10501030019857668
Defect_L18_B167_el4851_H4_W4.npy,-272.56629999999996,4785.20805,0.0030411352510766394,0.9883761940120348,0.4053880334095363,0.10500757331724311
Defect_L18_B168_el4855_H4_W4.npy,-272.5833,4786.14414,0.0030378233801152577,0.9885585592642837,0.4053744997253993,0.10505530368878374
Defect_L18_B169_el4859_H4_W4.npy,-272.5259,4783.472650000001,0.003049005815008366,0.9880381104316606,0.4053599995844921,0.10508400932616718
Defect_L18_B16_el459_H4_W4.npy,-272.1418,4775.43589,0.0031238346171414766,0.9864724214865125,0.40537659893010525,0.105043334310162
Defect_L18_B170_el4863_H4_W4.npy,-272.4838,4781.56985,0.0030572075660362345,0.9876674146631135,0.40535160670577225,0.10509479786771289
Defect_L18_B171_el4867_H4_W4.npy,-272.49,4780.59549,0.0030559997072150216,0.9874775938048826,0.40534739529611513,0.10509756959505615
Defect_L18_B172_el5155_H4_W4.npy,-271.4405,4790.0071,0.0032604590350950105,0.9893111254436331,0.40536021810339473,0.10512051000656365
Defect_L18_B173_el5159_H4_W4.npy,-271.4642,4787.09577,0.0032558418973429766,0.9887439519562231,0.4053635065611827,0.10511526235752847
Defect_L18_B174_el5163_H4_W4.npy,-271.4948,4779.64975,0.003249880529612509,0.9872933485788233,0.40537247519766667,0.10509940526569246
Defect_L18_B175_el5167_H4_W4.npy,-272.29019999999997,4759.59861,0.0030949239318080932,0.9833870669136234,0.4053892526272618,0.10506429124855167
Defect_L18_B176_el5187_H4_W4.npy,-276.1463,4844.87363,0.0023436941897995046,1.0,0.4054474459530738,0.10492748217199148
Defect_L18_B177_el5191_H4_W4.npy,-274.4352,4813.2585,0.0026770437428585226,0.9938408687654708,0.405410104816075,0.10503406201487953
Defect_L18_B178_el5195_H4_W4.npy,-273.71860000000004,4801.305609999999,0.002816648844677285,0.9915122552775019,0.4053834017462803,0.10509593197507994
Defect_L18_B179_el5199_H4_W4.npy,-273.3796,4795.21177,0.002882691447965828,0.9903250781163698,0.40536686818627976,0.10512981950096494
Defect_L18_B17_el463_H4_W4.npy,-272.13530000000003,4775.4557,0.0031251009207443462,0.9864762807902623,0.4053757972215476,0.10504718807139153
Defect_L18_B180_el5203_H4_W4.npy,-273.2722,4792.2446199999995,0.0029036146798041384,0.98974703000325,0.4053582462370144,0.10514882792392216
Defect_L18_B181_el5491_H4_W4.npy,-271.5435,4776.46121,0.0032403929933878736,0.9866721701649899,0.40537480983899227,0.1050932899898693
Defect_L18_B182_el5495_H4_W4.npy,-271.5353,4775.28141,0.003241990484086886,0.9864423263202705,0.40537378384052336,0.10508830355177907
Defect_L18_B183_el5499_H4_W4.npy,-271.4974,4772.92104,0.0032493740081713522,0.9859824886225592,0.40537392791805854,0.1050768313504497
Defect_L18_B184_el5503_H4_W4.npy,-271.3189,4769.23193,0.0032841486532657646,0.9852637911941883,0.40537564592580205,0.105058910833389
Defect_L18_B185_el5507_H4_W4.npy,-262.3277,4762.88905,0.005035777723141434,0.9840280970716314,0.4053784875047502,0.10503326081283393
Defect_L18_B186_el5511_H4_W4.npy,-284.46020000000004,4713.519200000001,0.0007240139553436563,0.9744100633903208,0.4053548617441153,0.1050149810122725
Defect_L18_B187_el5515_H4_W4.npy,-272.179,4793.16981,0.0031165874642142427,0.989927271761765,0.4053782811283174,0.1050334451255304
Defect_L18_B188_el5519_H4_W4.npy,-272.46320000000003,4775.62151,0.003061220774377651,0.9865085832210919,0.4053800205472538,0.10501913768199449
Defect_L18_B189_el5523_H4_W4.npy,-272.68850000000003,4778.74668,0.0030173287433425283,0.9871174161488773,0.4053800983289213,0.10502187544636125
Defect_L18_B18_el467_H4_W4.npy,-272.16519999999997,4775.470799999999,0.0031192759241711215,0.9864792225109394,0.4053753249363118,0.10505256848353338
Defect_L18_B190_el5527_H4_W4.npy,-272.7952,4781.355100000001,0.0029965418826614493,0.9876255779402339,0.40537756547988635,0.10504228538148883
Defect_L18_B191_el5531_H4_W4.npy,-272.95279999999997,4784.28431,0.002965838890690154,0.9881962347366314,0.40537655562486696,0.10506485805696464
Defect_L18_B192_el5535_H4_W4.npy,-273.10580000000004,4786.54584,0.002936032052037793,0.9886368168269415,0.4053759387763204,0.10508956731045449
Defect_L18_B193_el5539_H4_W4.npy,-273.2631,4788.08857,0.002905387504848165,0.9889373652203672,0.4053763415985896,0.10510993933077435
Defect_L18_B194_el5827_H4_W4.npy,-271.91659999999996,4774.89636,0.003167707166582714,0.9863673124429955,0.4053784093175644,0.10507900678366028
Defect_L18_B195_el5831_H4_W4.npy,-271.9016,4774.66594,0.0031706294056662748,0.9863224229543531,0.4053771790421169,0.10507554178626335
Defect_L18_B196_el5835_H4_W4.npy,-271.8759,4774.06632,0.003175636175296108,0.9862056074210674,0.40537638988707275,0.1050690358152027
Defect_L18_B197_el5839_H4_W4.npy,-271.71200000000005,4773.19605,0.0032075665076825017,0.9860360649539172,0.40537651901212296,0.10506081992814395
Defect_L18_B198_el5843_H4_W4.npy,-269.4565,4773.28556,0.00364697385788099,0.9860535029286086,0.4053774067393328,0.10505109783110814
Defect_L18_B199_el5847_H4_W4.npy,-277.8624,4751.73531,0.002009370557045967,0.9818551707412378,0.40537606321183317,0.10505828101773215
Defect_L18_B19_el471_H4_W4.npy,-272.16929999999996,4775.4597,0.003118477178821615,0.9864770600540179,0.405375079947285,0.10505903978785831
Defect_L18_B1_el115_H4_W4.npy,-272.1601,4775.40747,0.0031202694854595273,0.9864668848175289,0.40537948182095584,0.10500113014768901
Defect_L18_B200_el5851_H4_W4.npy,-270.68149999999997,4786.53908,0.0034083243327233206,0.9886354998711945,0.4053733621279701,0.10507089411216909
Defect_L18_B201_el5855_H4_W4.npy,-272.0378,4777.059,0.003144095474787513,0.9867886291851073,0.40537380749648727,0.10506133764400279
Defect_L18_B202_el5859_H4_W4.npy,-272.2923,4776.9534300000005,0.0030945148183363865,0.9867680624664373,0.40537517275490087,0.10505232920105452
Defect_L18_B203_el5863_H4_W4.npy,-272.3685,4777.39504,0.00307966984379189,0.9868540951332168,0.40537553433268986,0.10505258395235713
Defect_L18_B204_el5867_H4_W4.npy,-272.4604,4778.05277,0.0030617662590065897,0.9869822314207123,0.40537667881576395,0.10505414613795605
Defect_L18_B205_el5871_H4_W4.npy,-272.5627,4778.75509,0.003041836588456685,0.9871190545509233,0.4053785603335324,0.10505794412084182
Defect_L18_B206_el5875_H4_W4.npy,-272.6724,4779.26868,0.0030204652799588963,0.9872191100689852,0.4053811324494714,0.10506043858929567
Defect_L18_B207_el6163_H4_W4.npy,-272.0726,4775.10533,0.0031373158801136425,0.9864080231297484,0.4053786379706693,0.10508537893375454
Defect_L18_B208_el6167_H4_W4.npy,-272.0575,4775.07244,0.0031402576007911,0.9864016156335177,0.40537780583315386,0.10508072248729203
Defect_L18_B209_el6171_H4_W4.npy,-272.0458,4774.81592,0.003142536947276283,0.98635164144887,0.4053770878423124,0.1050742936634138
Defect_L18_B20_el475_H4_W4.npy,-272.15349999999995,4775.46627,0.0031215552706563045,0.9864783399947364,0.40537510460619475,0.1050651853741901
Defect_L18_B210_el6175_H4_W4.npy,-271.9308,4774.56554,0.003164940780250271,0.9863028634340871,0.40537690563803536,0.10506753628463711
Defect_L18_B211_el6179_H4_W4.npy,-271.4991,4775.358859999999,0.0032490428210752206,0.9864574148147386,0.4053769553549782,0.10506175828755009
Defect_L18_B212_el6183_H4_W4.npy,-275.1389,4764.59945,0.002539951766651625,0.9843613102535331,0.4053758918458161,0.1050655283143099
Defect_L18_B213_el6187_H4_W4.npy,-270.8358,4781.23773,0.0033782642333503917,0.9876027123934845,0.40537422036071175,0.10507064906620915
Defect_L18_B214_el6191_H4_W4.npy,-271.9668,4776.85371,0.0031579274064497185,0.9867486354210098,0.4053742042836006,0.10506295229230939
Defect_L18_B215_el6195_H4_W4.npy,-272.1918,4776.30157,0.0031140938201962634,0.9866410697485031,0.4053752161232564,0.10505335318794352
Defect_L18_B216_el6199_H4_W4.npy,-272.249,4776.2652,0.003102950348490937,0.9866339842928051,0.4053760754529602,0.10504781326856291
Defect_L18_B217_el6203_H4_W4.npy,-272.2991,4776.34534,0.003093190069951838,0.9866495968421489,0.40537743462234954,0.10504326246985955
Defect_L18_B218_el6207_H4_W4.npy,-272.3478,4776.45619,0.003083702533727203,0.9866711921889765,0.40537934763417455,0.10504074841832196
Defect_L18_B219_el6211_H4_W4.npy,-272.39919999999995,4776.455580000001,0.0030736889944675367,0.9866710733512539,0.40538156315007956,0.10503817401205903
Defect_L18_B21_el479_H4_W4.npy,-272.1653,4775.481199999999,0.003119256442577225,0.9864812485967042,0.4053754086635816,0.10506961827333319
Defect_L18_B22_el483_H4_W4.npy,-272.168,4775.47192,0.0031187304395421827,0.9864794407047912,0.40537584603680293,0.10507363071872867
Defect_L18_B23_el487_H4_W4.npy,-272.16670000000005,4775.451349999999,0.0031189837002627498,0.9864754333409278,0.4053763767982966,0.10507863358367454
Defect_L18_B24_el491_H4_W4.npy,-272.1639,4775.430060000001,0.003119529184891689,0.9864712857095889,0.405377084910081,0.10508433057422178
Defect_L18_B25_el495_H4_W4.npy,-272.161,4775.398319999999,0.003120094151114513,0.9864651022516877,0.4053783304576805,0.10509025244085773
Defect_L18_B26_el499_H4_W4.npy,-272.1564,4775.35593,0.003120990304433469,0.9864568440040377,0.405379743637852,0.10509467335344429
Defect_L18_B27_el787_H4_W4.npy,-272.1627,4775.35689,0.0031197629640183815,0.9864570310273391,0.40538071394995,0.10505207140292563
Defect_L18_B28_el791_H4_W4.npy,-272.148,4775.40525,0.0031226267583202637,0.9864664523261445,0.40537796896570955,0.10505499987061473
Defect_L18_B29_el795_H4_W4.npy,-272.13349999999997,4775.44468,0.0031254515894343854,0.9864741339186154,0.40537595113762886,0.10505595603898114
Defect_L18_B2_el119_H4_W4.npy,-272.15520000000004,4775.4171,0.003121224083560151,0.9864687608950204,0.4053786703123831,0.10501391859497106
Defect_L18_B30_el799_H4_W4.npy,-272.1236,4775.48435,0.0031273802672295297,0.9864818622669117,0.40537482143278036,0.10505818479449174
Defect_L18_B31_el803_H4_W4.npy,-272.1604,4775.5092,0.0031202110406778594,0.9864867034429936,0.40537409080818426,0.10506167168039961
Defect_L18_B32_el807_H4_W4.npy,-272.1698,4775.4776,0.0031183797708521544,0.9864805472593242,0.4053736519568469,0.10506647828907947
Defect_L18_B33_el811_H4_W4.npy,-272.152,4775.486269999999,0.003121847494564654,0.9864822363135144,0.405373668505784,0.10507051488426873
Defect_L18_B34_el815_H4_W4.npy,-272.1659,4775.5127,0.0031191395530138786,0.9864873852987798,0.4053741636551573,0.10507127565336824
Defect_L18_B35_el819_H4_W4.npy,-272.1734,4775.514630000001,0.003117678433472098,0.986487761293542,0.4053748659439222,0.10507120096862674
Defect_L18_B36_el823_H4_W4.npy,-272.17299999999994,4775.48416,0.0031177563598476735,0.9864818252518834,0.40537558824920983,0.10507279110813007
Defect_L18_B37_el827_H4_W4.npy,-272.1689,4775.44225,0.0031185551051971685,0.9864736605158839,0.40537652136218366,0.1050755328035721
Defect_L18_B38_el831_H4_W4.npy,-272.1638,4775.38946,0.0031195486664855852,0.9864633761824693,0.4053781635101426,0.10507893239171442
Defect_L18_B39_el835_H4_W4.npy,-272.1563,4775.3152199999995,0.0031210097860273657,0.9864489130471649,0.4053803147749675,0.10508024551103229
Defect_L18_B3_el123_H4_W4.npy,-272.1487,4775.427180000001,0.0031224903871630316,0.9864707246396848,0.40537787826068467,0.10502666301920052
Defect_L18_B40_el1123_H4_W4.npy,-272.1644,4775.33684,0.003119431776922239,0.986453124967764,0.4053815139617436,0.10505749595925103
Defect_L18_B41_el1127_H4_W4.npy,-272.1427,4775.4046,0.0031236592827964624,0.9864663256957842,0.40537800607411684,0.10506120261859428
Defect_L18_B42_el1131_H4_W4.npy,-272.12239999999997,4775.46364,0.003127614046356222,0.9864778276288171,0.4053756132445122,0.1050621434960166
Defect_L18_B43_el1135_H4_W4.npy,-272.10790000000003,4775.5131,0.0031304388774703222,0.9864874632251553,0.4053741910584698,0.10506415682319664
Defect_L18_B44_el1139_H4_W4.npy,-272.15610000000004,4775.5371000000005,0.003121048749215137,0.986492138807689,0.40537321431030776,0.10506734261853705
Defect_L18_B45_el1143_H4_W4.npy,-272.1759,4775.4764,0.003117191393624838,0.9864803134801974,0.4053725432410801,0.10507222039929771
Defect_L18_B46_el1147_H4_W4.npy,-272.1506,4775.48635,0.003122120236879118,0.9864822518987897,0.4053725228150774,0.10507556153163324
Defect_L18_B47_el1151_H4_W4.npy,-272.1666,4775.53454,0.0031190031818566465,0.9864916400788853,0.40537324844054984,0.10507305940326435
Defect_L18_B48_el1155_H4_W4.npy,-272.1791,4775.53792,0.003116567982620346,0.9864922985567589,0.40537422992681116,0.10506916769146303
Defect_L18_B49_el1159_H4_W4.npy,-272.17949999999996,4775.50756,0.0031164900562447926,0.9864863839448538,0.4053751342950437,0.1050681005630532
Defect_L18_B4_el127_H4_W4.npy,-272.1455,4775.43712,0.0031231137981675237,0.9864726611101173,0.40537736314529627,0.10503782532146524
Defect_L18_B50_el1163_H4_W4.npy,-272.1751,4775.444869999999,0.0031173472463759664,0.9864741709336438,0.4053762461005533,0.1050687804278917
Defect_L18_B51_el1167_H4_W4.npy,-272.16769999999997,4775.38078,0.0031187888843238615,0.9864616851801196,0.4053781827129597,0.10507058141790586
Defect_L18_B52_el1171_H4_W4.npy,-272.1551,4775.28443,0.0031212435651540474,0.986442914664406,0.40538100346498235,0.10506978376419737
Defect_L18_B53_el1459_H4_W4.npy,-272.1672,4775.3276,0.003118886292293311,0.9864513248684885,0.40538213498221015,0.10506055774390655
Defect_L18_B54_el1463_H4_W4.npy,-272.13840000000005,4775.41465,0.00312449699133374,0.9864682835959702,0.4053782043597363,0.10506457522715554
Defect_L18_B55_el1467_H4_W4.npy,-272.1102,4775.48313,0.0031299908008108443,0.9864816245914663,0.4053755656763815,0.10506520975364161
Defect_L18_B56_el1471_H4_W4.npy,-272.0863,4775.552070000001,0.0031346469017506603,0.9864950552022945,0.40537394368311536,0.10506698968071346
Defect_L18_B57_el1475_H4_W4.npy,-272.14970000000005,4775.58452,0.003122295571224121,0.9865013769795119,0.4053727675260297,0.10507018115893581
Defect_L18_B58_el1479_H4_W4.npy,-272.1866,4775.44483,0.0031151068630785655,0.9864741631410063,0.40537182023735646,0.10507627718926521
Defect_L18_B59_el1483_H4_W4.npy,-272.1524,4775.47629,0.00312176956818909,0.9864802920504442,0.40537170820037094,0.10508023221513617
Defect_L18_B5_el131_H4_W4.npy,-272.16929999999996,4775.44259,0.003118477178821615,0.9864737267533031,0.4053769820966889,0.10504715415142189
Defect_L18_B60_el1487_H4_W4.npy,-272.1671,4775.54656,0.003118905773887197,0.986493981766471,0.40537282478737174,0.1050744468740648
Defect_L18_B61_el1491_H4_W4.npy,-272.1859,4775.56181,0.0031152432342357976,0.9864969527095393,0.4053741315284777,0.105067166029737
Defect_L18_B62_el1495_H4_W4.npy,-272.18710000000004,4775.52139,0.0031150094551091047,0.9864890782492888,0.4053750944211826,0.10506490768808927
Defect_L18_B63_el1499_H4_W4.npy,-272.18019999999996,4775.447649999999,0.003116353685087561,0.9864747125219538,0.4053762467399784,0.1050649134717855
Defect_L18_B64_el1503_H4_W4.npy,-272.1693,4775.362099999999,0.0031184771788216044,0.9864580460183806,0.40537828047323893,0.10506612639153597
Defect_L18_B65_el1507_H4_W4.npy,-272.1526,4775.24349,0.003121730605001308,0.9864349388998673,0.4053814197625845,0.105064193511378
Defect_L18_B66_el1795_H4_W4.npy,-272.1732,4775.33002,0.00311771739665988,0.9864517963230608,0.40538193855693805,0.10506529259636589
Defect_L18_B67_el1799_H4_W4.npy,-272.1368,4775.43629,0.003124808696835997,0.986472499412888,0.40537804578692194,0.10506704971788441
Defect_L18_B68_el1803_H4_W4.npy,-272.101,4775.5140200000005,0.0031317831074487673,0.9864876424558192,0.4053755478573472,0.10506509357831058
Defect_L18_B69_el1807_H4_W4.npy,-272.06120000000004,4775.602089999999,0.003139536781817147,0.9865047998955583,0.40537400795032,0.10506465224965371
Defect_L18_B6_el135_H4_W4.npy,-272.1724,4775.44241,0.003117873249411009,0.9864736916864341,0.4053767017260268,0.1050550458466501
Defect_L18_B70_el1811_H4_W4.npy,-272.1409,4775.63153,0.003124009951486491,0.9865105352767997,0.405372914909141,0.1050662427176644
Defect_L18_B71_el1815_H4_W4.npy,-272.20050000000003,4775.36269,0.00311239892152779,0.9864581609597847,0.4053716732420485,0.10507373222504385
Defect_L18_B72_el1819_H4_W4.npy,-272.1569,4775.43592,0.0031208928964640194,0.9864724273309906,0.40537130051708037,0.10507961817087667
Defect_L18_B73_el1823_H4_W4.npy,-272.16549999999995,4775.52803,0.003119217479389454,0.9864903718271232,0.40537298517681836,0.10507016551429628
Defect_L18_B74_el1827_H4_W4.npy,-272.1911,4775.575150000001,0.003114230191353495,0.9864995515541645,0.40537450688683696,0.10506097275133566
Defect_L18_B75_el1831_H4_W4.npy,-272.19079999999997,4775.51414,0.003114288636135174,0.9864876658337318,0.4053751054392318,0.10506060152373234
Defect_L18_B76_el1835_H4_W4.npy,-272.18219999999997,4775.439350000001,0.0031159640532097506,0.9864730955496612,0.40537601319961897,0.10506204818619909
Defect_L18_B77_el1839_H4_W4.npy,-272.16839999999996,4775.352690000001,0.0031186525131666294,0.9864562128003957,0.4053778928211874,0.10506408975986344
Defect_L18_B78_el1843_H4_W4.npy,-272.14689999999996,4775.222479999999,0.0031228410558530708,0.9864308458169908,0.4053810701383469,0.10506226739262459
Defect_L18_B79_el2131_H4_W4.npy,-272.1866,4775.36543,0.0031151068630785655,0.9864586947554573,0.40537966911058526,0.10508683277618176
Defect_L18_B7_el139_H4_W4.npy,-272.15450000000004,4775.426130000001,0.0031213604547173828,0.9864705200829489,0.40537649825635746,0.105061625428925
Defect_L18_B80_el2135_H4_W4.npy,-272.141,4775.49024,0.003123990469892594,0.986483009732792,0.40537687777453074,0.10508011767813458
Defect_L18_B81_el2139_H4_W4.npy,-272.09340000000003,4775.5867,0.003133263708584433,0.9865018016782586,0.40537556169463695,0.10506851349356981
Defect_L18_B82_el2143_H4_W4.npy,-272.0293,4775.69396,0.0031457514102682044,0.9865226976358654,0.40537503709190137,0.10505844880062873
Defect_L18_B83_el2147_H4_W4.npy,-272.13509999999997,4775.72849,0.0031251398839321396,0.986529424630236,0.405375053947018,0.10505150649596155
Defect_L18_B84_el2151_H4_W4.npy,-272.19860000000006,4775.18416,0.0031127690718117038,0.986423380470212,0.40537384726380843,0.10505810541145386
Defect_L18_B85_el2155_H4_W4.npy,-272.16610000000003,4775.36444,0.0031191005898260965,0.9864585018876778,0.4053727995658956,0.10506811818796903
Defect_L18_B86_el2159_H4_W4.npy,-272.1604,4775.49925,0.0031202110406778594,0.9864847650244014,0.4053752844139489,0.10505458063075525
Defect_L18_B87_el2163_H4_W4.npy,-272.1919,4775.577770000001,0.0031140743386023776,0.9865000619719244,0.40537619385389084,0.10504963842325254
Defect_L18_B88_el2167_H4_W4.npy,-272.18829999999997,4775.5057,0.003114775675982434,0.9864860215872073,0.40537505704910953,0.10505917721207161
Defect_L18_B89_el2171_H4_W4.npy,-272.1779,4775.43004,0.0031168017617470276,0.9864712818132699,0.40537513189408253,0.10506606238171567
Defect_L18_B8_el143_H4_W4.npy,-272.1641,4775.43973,0.0031194902217039065,0.9864731695797179,0.405376381655895,0.10506696543686594
Defect_L18_B90_el2175_H4_W4.npy,-272.16139999999996,4775.34223,0.00312001622473896,0.9864541750256748,0.4053764756260606,0.10507104452664871
Defect_L18_B91_el2179_H4_W4.npy,-272.13620000000003,4775.210300000001,0.0031249255863993325,0.9864284729588553,0.40537937865735413,0.10507033881777252
Defect_L18_B92_el2467_H4_W4.npy,-272.1861,4775.42045,0.0031152042710480155,0.9864694135284158,0.4053678528568171,0.10511754674177891
Defect_L18_B93_el2471_H4_W4.npy,-272.1359,4775.601720000001,0.003124984031181011,0.986504727813661,0.4053693199200411,0.10511416231870256
Defect_L18_B94_el2475_H4_W4.npy,-272.0871,4775.78573,0.0031344910489995315,0.9865405758945787,0.4053746043834468,0.1050997525444305
Defect_L18_B95_el2479_H4_W4.npy,-272.0103,4776.015740000001,0.0031494529131073858,0.9865853855086862,0.4053833840590794,0.10506643793884417
Defect_L18_B96_el2499_H4_W4.npy,-272.14300000000003,4775.574799999999,0.0031236008380147837,0.9864994833685856,0.4053839144716416,0.10503274144123657
Defect_L18_B97_el2503_H4_W4.npy,-272.16499999999996,4775.55981,0.0031193148873589036,0.9864965630776614,0.40537535576409117,0.10507300362675433
Defect_L18_B98_el2507_H4_W4.npy,-272.16630000000004,4775.488609999999,0.0031190616266383144,0.9864826921828114,0.4053710105837194,0.10508676910495628
Defect_L18_B99_el2511_H4_W4.npy,-272.1522,4775.38187,0.003121808531376872,0.986461897529493,0.4053697717586274,0.10509128455056324
Defect_L18_B9_el147_H4_W4.npy,-272.16490000000005,4775.42961,0.003119334368952778,0.9864711980424162,0.40537628153834876,0.10507208351368165
Defect_L19_B100_el2515_H4_W4.npy,-272.1134,4775.14309,0.003129367389806352,0.9864153793796012,0.4053705096968457,0.10508576035119493
Defect_L19_B101_el2803_H4_W4.npy,-272.19350000000003,4775.47083,0.0031137626331001205,0.9864792283554179,0.40535419563809894,0.1050798289375736
Defect_L19_B102_el2807_H4_W4.npy,-272.1719,4775.64959,0.0031179706573804585,0.9865140536526563,0.40535236944108705,0.1050881754622235
Defect_L19_B103_el2811_H4_W4.npy,-272.1635,4775.79916,0.003119607111267253,0.9865431922726382,0.4053526162097345,0.10509971580312487
Defect_L19_B104_el2815_H4_W4.npy,-272.1394,4776.0548499999995,0.0031243021753948404,0.9865930047600566,0.4053611743017022,0.1051109132649047
Defect_L19_B105_el2835_H4_W4.npy,-272.0163,4775.62878,0.0031482840174739545,0.9865099995329677,0.40538437528047494,0.1050145963254549
Defect_L19_B106_el2839_H4_W4.npy,-272.1264,4775.66294,0.0031268347826006017,0.9865166544454408,0.4053376675289029,0.10507886756660131
Defect_L19_B107_el2843_H4_W4.npy,-272.166,4775.527840000001,0.003119120071419993,0.9864903348120949,0.4053550462455536,0.1050771292467544
Defect_L19_B108_el2847_H4_W4.npy,-272.1623,4775.37395,0.003119840890393935,0.9864603545872568,0.40535383226812727,0.10507377658919263
Defect_L19_B109_el2851_H4_W4.npy,-272.13100000000003,4775.2098000000005,0.0031259386292816346,0.9864283755508858,0.40535536782450204,0.10507097627258312
Defect_L19_B10_el151_H4_W4.npy,-272.1585,4775.41871,0.003120581190961773,0.9864690745486822,0.40537613980568354,0.10507256816324133
Defect_L19_B110_el3139_H4_W4.npy,-272.1796,4775.53492,0.003116470574650896,0.9864917141089422,0.4053607444456579,0.10508219874811749
Defect_L19_B111_el3143_H4_W4.npy,-272.1786,4775.66459,0.0031166653905897955,0.9865169758917399,0.4053605147560511,0.10508289562184399
Defect_L19_B112_el3147_H4_W4.npy,-272.1845,4775.60936,0.0031155159765502614,0.9865062162074343,0.40536649557589743,0.10508086207314725
Defect_L19_B113_el3151_H4_W4.npy,-272.0195,4775.46303,0.003147660606469463,0.9864777087910943,0.4053895489217365,0.10505975165478046
Defect_L19_B114_el3171_H4_W4.npy,-272.24010000000004,4775.08007,0.0031046842103471814,0.9864031020791316,0.4054674849170071,0.10502546806796918
Defect_L19_B115_el3175_H4_W4.npy,-272.1737,4774.81389,0.0031176199886904306,0.9863512459725141,0.4053983159573067,0.10510341288937165
Defect_L19_B116_el3179_H4_W4.npy,-272.1428,4774.90053,0.003123639801202566,0.9863681248254608,0.40536961210327294,0.10511181344589744
Defect_L19_B117_el3183_H4_W4.npy,-272.1363,4775.04663,0.0031249061048054467,0.9863965874341346,0.40535958310631526,0.10510349172393325
Defect_L19_B118_el3187_H4_W4.npy,-272.1272,4775.10824,0.003126678929849473,0.9864085900441304,0.4053568540447404,0.10509472280853167
Defect_L19_B119_el3475_H4_W4.npy,-272.19689999999997,4775.83651,0.0031131002589078575,0.9865504686479564,0.40537332861398945,0.10510196837102542
Defect_L19_B11_el155_H4_W4.npy,-272.1585,4775.40799,0.003120581190961773,0.986466986121817,0.4053761107061979,0.10507910073947335
Defect_L19_B120_el3479_H4_W4.npy,-272.1736,4776.04172,0.003117639470284316,0.9865904468267789,0.40537209827248694,0.1050929840275399
Defect_L19_B121_el3483_H4_W4.npy,-272.16110000000003,4776.15127,0.0031200746695206165,0.9866117889128858,0.4053727611536065,0.1050772433453795
Defect_L19_B122_el3487_H4_W4.npy,-271.8879,4776.5002,0.003173298384029257,0.9866797660384478,0.40537497579208204,0.10505671114131815
Defect_L19_B123_el3491_H4_W4.npy,-271.8376,4777.68153,0.003183097625756138,0.9869099079515533,0.40538083342362957,0.10501754311957487
Defect_L19_B124_el3495_H4_W4.npy,-280.2335,4771.5242499999995,0.0015474424843101556,0.9857103716672571,0.4054012042945546,0.10507252562660367
Defect_L19_B125_el3499_H4_W4.npy,-271.4693,4773.18433,0.0032548483360545707,0.9860337817111133,0.40538000186872114,0.10502878757220697
Defect_L19_B126_el3503_H4_W4.npy,-271.88739999999996,4775.612700000001,0.0031733957919987178,0.9865068668926703,0.4053850865172374,0.10498998444066171
Defect_L19_B127_el3507_H4_W4.npy,-272.11280000000005,4775.225420000001,0.0031294842793696876,0.9864314185758515,0.40538851294724165,0.10498691936562439
Defect_L19_B128_el3511_H4_W4.npy,-272.1343,4774.941510000001,0.003125295736683257,0.9863761083826371,0.40538537958823845,0.10502682322326304
Defect_L19_B129_el3515_H4_W4.npy,-272.12390000000005,4774.92785,0.003127321822447851,0.9863734471969116,0.40537932066311805,0.1050684644362183
Defect_L19_B12_el159_H4_W4.npy,-272.1566,4775.39711,0.003120951341245687,0.9864648665244018,0.4053768804513414,0.10508800595609558
Defect_L19_B130_el3519_H4_W4.npy,-272.1234,4775.06095,0.0031274192304173117,0.9863993771983798,0.40537407350944843,0.10509758915865446
Defect_L19_B131_el3523_H4_W4.npy,-272.118,4775.15851,0.0031284712364873964,0.9864183834413793,0.4053713250890754,0.10511345500725315
Defect_L19_B132_el3811_H4_W4.npy,-272.2276,4776.45178,0.003107119409583493,0.986670333050686,0.40537026445550284,0.10513183858935564
Defect_L19_B133_el3815_H4_W4.npy,-272.1921,4776.54708,0.0031140353754145955,0.9866888990096635,0.4053731930226827,0.10510547255362267
Defect_L19_B134_el3819_H4_W4.npy,-272.20599999999996,4776.55456,0.0031113274338638312,0.9866903562328864,0.40537817158613526,0.10506700602737425
Defect_L19_B135_el3823_H4_W4.npy,-272.1444,4777.11436,0.00312332809570032,0.986799414195485,0.40538289037660524,0.10502212517011544
Defect_L19_B136_el3827_H4_W4.npy,-271.9518,4779.24699,0.003160849645533279,0.9872148845112704,0.405385792746335,0.1049814020366308
Defect_L19_B137_el3831_H4_W4.npy,-273.1324,4767.4329,0.0029308499480629456,0.9849133114756213,0.40540866340565646,0.10503493913832063
Defect_L19_B138_el3835_H4_W4.npy,-271.8413,4772.47066,0.0031823768067821964,0.9858947474199955,0.40538159019384606,0.10501047116602759
Defect_L19_B139_el3839_H4_W4.npy,-271.6979,4775.17421,0.0032103134124210593,0.9864214420516201,0.4053868388217224,0.10498355242256667
Defect_L19_B13_el163_H4_W4.npy,-272.1558,4775.38629,0.0031211071939968157,0.9864627586159429,0.4053803853574831,0.10509826054275363
Defect_L19_B140_el3843_H4_W4.npy,-272.05420000000004,4774.722720000001,0.0031409004933894776,0.9863334846033643,0.4053840475016018,0.10500788466648947
Defect_L19_B141_el3847_H4_W4.npy,-272.0821,4774.87821,0.003135465128694052,0.9863637765337043,0.4053762841626693,0.10505526789977872
Defect_L19_B142_el3851_H4_W4.npy,-272.0834,4775.058709999999,0.0031352118679734845,0.9863989408106765,0.4053722262309733,0.10508273139111142
Defect_L19_B143_el3855_H4_W4.npy,-272.08200000000005,4775.211560000001,0.0031354846102879374,0.9864287184269382,0.40537034097972185,0.10510074648103268
Defect_L19_B144_el3859_H4_W4.npy,-272.0736,4775.31489,0.003137121064174743,0.9864488487579051,0.4053704933723358,0.10510955099873862
Defect_L19_B145_el4147_H4_W4.npy,-272.2326,4777.51028,0.0031061453298889727,0.9868765457220161,0.4053535345249421,0.10513022432199284
Defect_L19_B146_el4151_H4_W4.npy,-272.059,4776.6034500000005,0.0031399653768827396,0.9866998807841396,0.40536267507999363,0.10512036844466918
Defect_L19_B147_el4155_H4_W4.npy,-271.8677,4774.99218,0.00317723366599512,0.9863859797062613,0.40538331035913644,0.10509712727373921
Defect_L19_B148_el4159_H4_W4.npy,-271.66999999999996,4773.55489,0.003215748777116496,0.9861059727054338,0.405422830514994,0.10504594092238649
Defect_L19_B149_el4179_H4_W4.npy,-271.84889999999996,4775.67122,0.0031808962056465305,0.9865182675214149,0.4054758423547305,0.10490519426827952
Defect_L19_B14_el451_H4_W4.npy,-272.1649,4775.3965499999995,0.0031193343689527894,0.9864647574274759,0.40537916346193675,0.1050411983253412
Defect_L19_B150_el4183_H4_W4.npy,-272.12199999999996,4776.13037,0.0031276919727317868,0.9866077172597627,0.40540632732854714,0.10502994300750751
Defect_L19_B151_el4187_H4_W4.npy,-272.16519999999997,4775.7562100000005,0.0031192759241711215,0.9865348249280624,0.40537316800888595,0.1050782383332141
Defect_L19_B152_el4191_H4_W4.npy,-272.15630000000004,4775.685710000001,0.003121009786027355,0.9865210904043696,0.405358742141056,0.10509830277260183
Defect_L19_B153_el4195_H4_W4.npy,-272.135,4775.71822,0.003125159365526025,0.9865274238705433,0.40535407530753775,0.10510537629518941
Defect_L19_B154_el4483_H4_W4.npy,-272.649,4780.0574400000005,0.0030250239729292514,0.9873727730889554,0.40534912698397646,0.10508230947929702
Defect_L19_B155_el4487_H4_W4.npy,-272.4079,4778.48254,0.0030719940957990633,0.9870659574667751,0.40535159106884905,0.10508023734498548
Defect_L19_B156_el4491_H4_W4.npy,-272.0495,4776.35861,0.00314181612830233,0.9866521820496582,0.4053558445135817,0.10507414874469607
Defect_L19_B157_el4495_H4_W4.npy,-272.02009999999996,4774.30543,0.0031475437169061274,0.9862521898602189,0.4053634048809367,0.10505715715816678
Defect_L19_B158_el4515_H4_W4.npy,-272.3501,4776.910650000001,0.003083254457067725,0.986759728240571,0.4053875834504555,0.1049739134201193
Defect_L19_B159_el4519_H4_W4.npy,-272.133,4775.620919999999,0.0031255489974038354,0.9865084682796879,0.40537453432644643,0.10501275375249007
Defect_L19_B15_el455_H4_W4.npy,-272.1568,4775.42571,0.003120912378057916,0.9864704382602545,0.40537793295944397,0.10504179644436092
Defect_L19_B160_el4523_H4_W4.npy,-272.1603,4775.81422,0.0031202305222717453,0.9865461262006782,0.4053613858532195,0.10504781673330117
Defect_L19_B161_el4527_H4_W4.npy,-272.2036,4776.29374,0.0031117949921171946,0.9866395443397015,0.4053525532972055,0.1050678775969876
Defect_L19_B162_el4531_H4_W4.npy,-272.2312,4776.589529999999,0.0031064180722034365,0.9866971689462698,0.4053476622372294,0.1050770065262927
Defect_L19_B163_el4819_H4_W4.npy,-272.4392,4790.68883,0.0030658963569113527,0.9894439373136623,0.405348679882317,0.10508258921055684
Defect_L19_B164_el4823_H4_W4.npy,-272.1297,4791.58325,0.003126191890002213,0.989618184585737,0.40535586928064266,0.1050704702336267
Defect_L19_B165_el4827_H4_W4.npy,-270.3422,4796.3794800000005,0.00347442538079352,0.9905525666363878,0.4053698978964752,0.10504416448139407
Defect_L19_B166_el4831_H4_W4.npy,-261.3967,4809.008500000001,0.005217151362261265,0.9930129010251281,0.405391474983726,0.10499558726664153
Defect_L19_B167_el4851_H4_W4.npy,-272.8709,4785.78765,0.0029817943160864026,0.9884891093302237,0.40538539360269477,0.10501626214827939
Defect_L19_B168_el4855_H4_W4.npy,-272.7437,4786.74616,0.0030065749035150234,0.9886758423558227,0.405373808346975,0.10505923075915863
Defect_L19_B169_el4859_H4_W4.npy,-272.6075,4783.85729,0.0030331088343937738,0.9881130444344005,0.40536140970855156,0.10508274897688036
Defect_L19_B16_el459_H4_W4.npy,-272.1509,4775.45574,0.0031220617920974503,0.9864762885828998,0.40537660382163443,0.10504264999063076
Defect_L19_B170_el4863_H4_W4.npy,-272.5186,4781.67418,0.003050427971362364,0.9876877398100193,0.40535412575828045,0.10509078345385041
Defect_L19_B171_el4867_H4_W4.npy,-272.4955,4780.4532500000005,0.0030549282195510515,0.9874498831857331,0.4053502864743491,0.10509275455705457
Defect_L19_B172_el5155_H4_W4.npy,-271.8132,4788.07593,0.003187851134665404,0.9889349027468994,0.40535957805183137,0.10511247248559746
Defect_L19_B173_el5159_H4_W4.npy,-271.6136,4786.51456,0.0032267363960706828,0.9886307229843725,0.4053625468393833,0.10510697225839298
Defect_L19_B174_el5163_H4_W4.npy,-271.2776,4781.944130000001,0.003292194551542505,0.9877403303727267,0.4053702283139765,0.10509306288663102
Defect_L19_B175_el5167_H4_W4.npy,-271.4952,4769.11486,0.0032498026032369448,0.9852409840922207,0.40538504017631294,0.10506394645693443
Defect_L19_B176_el5187_H4_W4.npy,-276.4486,4840.154799999999,0.002284801331468757,0.9990806967030205,0.40545468025689935,0.10491815833693344
Defect_L19_B177_el5191_H4_W4.npy,-274.7343,4812.433480000001,0.0026187742955322666,0.9936801417195562,0.4054162933029735,0.1050268262063563
Defect_L19_B178_el5195_H4_W4.npy,-273.9779,4800.84167,0.002766133071719431,0.9914218723708067,0.40538819887866057,0.10508881806147033
Defect_L19_B179_el5199_H4_W4.npy,-273.59040000000005,4794.622020000001,0.002841624248044805,0.9902101854164012,0.4053707496354752,0.10512191724893985
Defect_L19_B17_el463_H4_W4.npy,-272.1445,4775.48633,0.0031233086141064345,0.9864822480024708,0.4053759259754035,0.10504553582851431
Defect_L19_B180_el5203_H4_W4.npy,-273.4329,4791.4121700000005,0.002872307758422226,0.9895848554749094,0.4053613810287609,0.10514086992459964
Defect_L19_B181_el5491_H4_W4.npy,-271.6315,4776.66122,0.0032232491907642977,0.98671113530093,0.4053730843424769,0.10509070154706371
Defect_L19_B182_el5495_H4_W4.npy,-271.5877,4775.56739,0.003231782128888309,0.9864980397824784,0.4053730563149519,0.10508631120011908
Defect_L19_B183_el5499_H4_W4.npy,-271.47589999999997,4773.27927,0.0032535625508578045,0.9860522775363528,0.4053737686139833,0.10507631438879857
Defect_L19_B184_el5503_H4_W4.npy,-271.0327,4769.29054,0.0033399049749801555,0.9852752093563674,0.40537629865454455,0.10505938286866609
Defect_L19_B185_el5507_H4_W4.npy,-258.24199999999996,4761.73649,0.005831737204722434,0.983803560013088,0.4053802812293633,0.10503125363780494
Defect_L19_B186_el5511_H4_W4.npy,-288.1766,4706.078299999999,0.0,0.9729604574705281,0.40535589553405565,0.10501138130408393
Defect_L19_B187_el5515_H4_W4.npy,-273.8917,4803.65189,0.002782926205652968,0.9919693480186341,0.40537768077118624,0.10503435872063809
Defect_L19_B188_el5519_H4_W4.npy,-272.6058,4774.27329,0.0030334400214899163,0.9862459284759425,0.4053786042505232,0.10502050777839403
Defect_L19_B189_el5523_H4_W4.npy,-272.5052,4774.8074,0.0030530385049436786,0.9863499816170705,0.40537876248472554,0.10502161654112087
Defect_L19_B18_el467_H4_W4.npy,-272.1424,4775.487529999999,0.0031237177275781304,0.9864824817815974,0.4053755359523754,0.10504995855659029
Defect_L19_B190_el5527_H4_W4.npy,-272.621,4777.46791,0.0030304788192185737,0.9868682913706848,0.4053777232649828,0.10503747113736946
Defect_L19_B191_el5531_H4_W4.npy,-272.8009,4781.06856,0.002995431431809697,0.9875697553811001,0.40537760511231685,0.10505686347976173
Defect_L19_B192_el5535_H4_W4.npy,-272.9734,4783.98874,0.0029618256823487157,0.9881386529895695,0.40537723624329985,0.10508092208644765
Defect_L19_B193_el5539_H4_W4.npy,-273.1423,4785.96176,0.0029289212702678013,0.9885230287333463,0.4053772358736498,0.1051030664511254
Defect_L19_B194_el5827_H4_W4.npy,-271.9221,4774.95635,0.003166635678918733,0.9863789994511705,0.405376795331516,0.1050765828353409
Defect_L19_B195_el5831_H4_W4.npy,-271.9119,4774.565070000001,0.0031686228014955555,0.986302771870596,0.40537674510536076,0.10507215899108534
Defect_L19_B196_el5835_H4_W4.npy,-271.8831,4773.77881,0.0031742335005359953,0.986149595890473,0.4053766749598632,0.10506530876075525
Defect_L19_B197_el5839_H4_W4.npy,-271.57079999999996,4772.69309,0.0032350745182557947,0.985938080329286,0.4053774752203992,0.10505651974850114
Defect_L19_B198_el5843_H4_W4.npy,-267.9068,4773.10168,0.003948880118400873,0.9860176801737628,0.4053769033910512,0.10505112408946818
Defect_L19_B199_el5847_H4_W4.npy,-278.9027,4748.7069599999995,0.0018067035358039008,0.9812651998926571,0.40537715821782366,0.10505193468751706
Defect_L19_B19_el471_H4_W4.npy,-272.159,4775.478289999999,0.0031204837829923236,0.9864806816823218,0.405375333327185,0.10505555817592722
Defect_L19_B1_el115_H4_W4.npy,-272.1646,4775.41725,0.003119392813734457,0.9864687901174114,0.4053784329116629,0.10500349518316678
Defect_L19_B200_el5851_H4_W4.npy,-271.127,4790.81661,0.0033215338319414808,0.9894688308943355,0.40537353713152585,0.1050670178784348
Defect_L19_B201_el5855_H4_W4.npy,-272.28200000000004,4777.4468799999995,0.0030965214225070945,0.9868641943914894,0.40537331865435444,0.10505904973881866
Defect_L19_B202_el5859_H4_W4.npy,-272.2987,4776.19978,0.0030932679963274023,0.9866212394340821,0.40537443527452116,0.10505140505329733
Defect_L19_B203_el5863_H4_W4.npy,-272.317,4776.28941,0.003089702864645453,0.9866387007866861,0.4053750534170686,0.10505174205548314
Defect_L19_B204_el5867_H4_W4.npy,-272.391,4776.94164,0.003075286485166538,0.9867657655865175,0.4053765506945208,0.1050526068657953
Defect_L19_B205_el5871_H4_W4.npy,-272.4862,4777.74322,0.00305674000778286,0.9869219261468245,0.40537859707827195,0.10505637627674913
Defect_L19_B206_el5875_H4_W4.npy,-272.5946,4778.30209,0.0030356219600056384,0.9870308029305999,0.4053807732821396,0.10506013889264725
Defect_L19_B207_el6163_H4_W4.npy,-272.0573,4775.09791,0.003140296563978882,0.9864065775954818,0.40537739305368775,0.10508110577326503
Defect_L19_B208_el6167_H4_W4.npy,-272.0536,4774.96257,0.003141017382952824,0.9863802112063103,0.40537751457982435,0.10507544408639333
Defect_L19_B209_el6171_H4_W4.npy,-272.04699999999997,4774.61149,0.0031423031681496014,0.9863118152264799,0.40537731109364683,0.10506858980097476
Defect_L19_B20_el475_H4_W4.npy,-272.1605,4775.48086,0.003120191559083963,0.986481182359285,0.4053753936851375,0.10506088551540183
Defect_L19_B210_el6175_H4_W4.npy,-271.8289,4774.32171,0.0031847925244246115,0.9862553614637042,0.4053775599202665,0.1050614761610908
Defect_L19_B211_el6179_H4_W4.npy,-270.7801,4775.48362,0.0033891154811473575,0.9864817200512764,0.40537784566768875,0.10505504682280005
Defect_L19_B212_el6183_H4_W4.npy,-275.576,4763.3438,0.0024547977197565797,0.984116689619848,0.40537660192961894,0.10505910457749948
Defect_L19_B213_el6187_H4_W4.npy,-270.8933,4783.1115899999995,0.003367062316863398,0.9879677701887596,0.4053744230542548,0.10506594620816928
Defect_L19_B214_el6191_H4_W4.npy,-272.1438,4777.24175,0.003123444985263666,0.9868242317979421,0.40537404045525033,0.10505970175522841
Defect_L19_B215_el6195_H4_W4.npy,-272.25239999999997,4776.1578,0.003102287974298674,0.9866130610609668,0.40537489305342406,0.1050515038519024
Defect_L19_B216_el6199_H4_W4.npy,-272.25269999999995,4775.88814,0.0031022295295170064,0.986560526994882,0.4053757758319758,0.10504705010041143
Defect_L19_B217_el6203_H4_W4.npy,-272.2841,4775.91638,0.0030961123090353987,0.9865660285969965,0.4053772286324523,0.10504304888102253
Defect_L19_B218_el6207_H4_W4.npy,-272.3231,4776.04281,0.0030885144874181363,0.9865906591761522,0.4053791559810938,0.10504122546343654
Defect_L19_B219_el6211_H4_W4.npy,-272.3691,4776.04523,0.0030795529542285436,0.9865911306307243,0.4053809004961506,0.10503998864660131
Defect_L19_B21_el479_H4_W4.npy,-272.1567,4775.4811199999995,0.0031209318596518015,0.9864812330114291,0.4053757191015338,0.10506455741360228
Defect_L19_B22_el483_H4_W4.npy,-272.1611,4775.4717,0.0031200746695206278,0.9864793978452847,0.4053761093301471,0.10506799753762752
Defect_L19_B23_el487_H4_W4.npy,-272.16299999999995,4775.451239999999,0.003119704519236714,0.9864754119111746,0.4053764873442881,0.1050726047591631
Defect_L19_B24_el491_H4_W4.npy,-272.1626,4775.41981,0.0031197824456122673,0.986469288846215,0.40537699737016986,0.10507806235374313
Defect_L19_B25_el495_H4_W4.npy,-272.15939999999995,4775.388,0.0031204058566167703,0.9864630917511984,0.40537801139376545,0.1050840813459847
Defect_L19_B26_el499_H4_W4.npy,-272.1548,4775.345270000001,0.0031213020099357153,0.9864547672661291,0.40537877632060754,0.10508944513357082
Defect_L19_B27_el787_H4_W4.npy,-272.165,4775.37562,0.0031193148873588927,0.9864606799298747,0.4053799325508199,0.10505391768467105
Defect_L19_B28_el791_H4_W4.npy,-272.15180000000004,4775.42435,0.0031218864577524253,0.9864701733105776,0.40537785651218755,0.10505498349179715
Defect_L19_B29_el795_H4_W4.npy,-272.14209999999997,4775.46424,0.003123776172359809,0.9864779445183804,0.40537604347944056,0.10505510690071836
Defect_L19_B2_el119_H4_W4.npy,-272.1613,4775.426850000001,0.0031200357063328457,0.986470660350425,0.40537825016763424,0.10501359153660796
Defect_L19_B30_el799_H4_W4.npy,-272.1332,4775.51519,0.0031255100342160533,0.9864878703904676,0.405375071248458,0.1050566837362801
Defect_L19_B31_el803_H4_W4.npy,-272.13980000000004,4775.52654,0.003124224249019276,0.9864900815513742,0.40537443997145256,0.10505940653551422
Defect_L19_B32_el807_H4_W4.npy,-272.16009999999994,4775.48804,0.003120269485459538,0.9864825811377264,0.4053740739800526,0.10506344769733447
Defect_L19_B33_el811_H4_W4.npy,-272.1614,4775.50178,0.003120016224738949,0.9864852579087269,0.40537417049751523,0.10506676225953981
Defect_L19_B34_el815_H4_W4.npy,-272.1586,4775.51333,0.0031205617093678878,0.9864875080328211,0.4053747056578692,0.10506683117202992
Defect_L19_B35_el819_H4_W4.npy,-272.16610000000003,4775.5047,0.0031191005898260965,0.9864858267712686,0.4053753588341036,0.10506635970078755
Defect_L19_B36_el823_H4_W4.npy,-272.1697,4775.474160000001,0.003118399252446051,0.9864798770924945,0.4053759152555777,0.10506787307617735
Defect_L19_B37_el827_H4_W4.npy,-272.16700000000003,4775.43195,0.0031189252554810823,0.9864716539117132,0.4053765433988082,0.10507069573924917
Defect_L19_B38_el831_H4_W4.npy,-272.1615,4775.37886,0.0031199967431450636,0.9864613111335168,0.4053778307571364,0.10507457844052066
Defect_L19_B39_el835_H4_W4.npy,-272.1529,4775.2940100000005,0.00312167216021964,0.9864447810011009,0.4053791904973681,0.10507743781855033
Defect_L19_B3_el123_H4_W4.npy,-272.1581,4775.43707,0.0031206591173373378,0.9864726513693204,0.4053776851319476,0.10502508015582829
Defect_L19_B40_el1123_H4_W4.npy,-272.1653,4775.36472,0.003119256442577225,0.9864585564361406,0.40538066480745966,0.10505928951883663
Defect_L19_B41_el1127_H4_W4.npy,-272.146,4775.432809999999,0.003123016390198074,0.9864718214534205,0.40537786167180834,0.10506107318440967
Defect_L19_B42_el1131_H4_W4.npy,-272.13140000000004,4775.4827399999995,0.0031258607029060704,0.9864815486132501,0.4053757076395516,0.10506127458986904
Defect_L19_B43_el1135_H4_W4.npy,-272.1184,4775.553970000001,0.0031283933101118318,0.9864954253525785,0.4053744655841014,0.10506280842222619
Defect_L19_B44_el1139_H4_W4.npy,-272.1366,4775.57532,0.003124847660023779,0.9864995846728739,0.40537360203791745,0.10506533499911051
Defect_L19_B45_el1143_H4_W4.npy,-272.16450000000003,4775.4872399999995,0.0031194122953283423,0.9864824252849751,0.40537301946113286,0.10506948618870401
Defect_L19_B46_el1147_H4_W4.npy,-272.16339999999997,4775.51325,0.00311962659286115,0.9864874924475461,0.40537314667339297,0.1050721289266216
Defect_L19_B47_el1151_H4_W4.npy,-272.1626,4775.53609,0.0031197824456122673,0.9864919420435906,0.40537400796983525,0.10506896649591178
Defect_L19_B48_el1155_H4_W4.npy,-272.1733,4775.52847,0.0031176979150659948,0.9864904575461363,0.4053749753429732,0.10506487217082569
Defect_L19_B49_el1159_H4_W4.npy,-272.1768,4775.487569999999,0.003117016059279824,0.9864824895742349,0.4053756588528942,0.10506403168001024
Defect_L19_B4_el127_H4_W4.npy,-272.1531,4775.45755,0.003121633197031858,0.9864766411997492,0.4053773038940057,0.10503568107826816
Defect_L19_B50_el1163_H4_W4.npy,-272.17260000000005,4775.4243,0.0031178342862232156,0.9864701635697806,0.40537637407127164,0.10506504448596327
Defect_L19_B51_el1167_H4_W4.npy,-272.1637,4775.34964,0.003119568148079471,0.9864556186117821,0.40537784124633824,0.10506752784438629
Defect_L19_B52_el1171_H4_W4.npy,-272.1501,4775.24242,0.003122217644848568,0.9864347304468126,0.40537977645109613,0.10506861942594926
Defect_L19_B53_el1459_H4_W4.npy,-272.1668,4775.35397,0.0031189642186688644,0.9864564621647975,0.40538126335017755,0.10506243600975998
Defect_L19_B54_el1463_H4_W4.npy,-272.14020000000005,4775.44161,0.0031241463226437116,0.986473535833683,0.40537800787040845,0.10506448694034504
Defect_L19_B55_el1467_H4_W4.npy,-272.1202,4775.511350000001,0.003128042641421804,0.9864871222972623,0.4053755991303426,0.1050644600825669
Defect_L19_B56_el1471_H4_W4.npy,-272.0961,4775.60283,0.003132737705549402,0.9865049440593532,0.4053741302074449,0.1050659032246376
Defect_L19_B57_el1475_H4_W4.npy,-272.1336,4775.6237,0.003125432107840489,0.9865090098679982,0.4053730325580173,0.10506847003137575
Defect_L19_B58_el1479_H4_W4.npy,-272.1736,4775.4455499999995,0.003117639470284316,0.9864743034084822,0.40537220371953375,0.10507375353621176
Defect_L19_B59_el1483_H4_W4.npy,-272.1694,4775.5053,0.003118457697227719,0.9864859436608318,0.4053723728472426,0.10507681686491506
Defect_L19_B5_el131_H4_W4.npy,-272.1459,4775.45825,0.0031230358717919703,0.9864767775709063,0.40537701176777746,0.10504464266447076
Defect_L19_B60_el1487_H4_W4.npy,-272.1682,4775.5499,0.0031186914763544006,0.986494632451707,0.40537380756772934,0.10507020576664922
Defect_L19_B61_el1491_H4_W4.npy,-272.1826,4775.55338,0.0031158861268341864,0.9864953104111744,0.4053751741662213,0.10506294081777122
Defect_L19_B62_el1495_H4_W4.npy,-272.18399999999997,4775.49165,0.003115613384519722,0.9864832844232658,0.4053758473547348,0.10506128191320406
Defect_L19_B63_el1499_H4_W4.npy,-272.1764,4775.41668,0.003117093985655388,0.9864686790723262,0.4053764867274409,0.10506182044796242
Defect_L19_B64_el1503_H4_W4.npy,-272.1639,4775.33027,0.003119529184891689,0.9864518450270455,0.40537793956113294,0.1050638386390888
Defect_L19_B65_el1507_H4_W4.npy,-272.1441,4775.190509999999,0.0031233865404819987,0.9864246175514241,0.40538014456135224,0.10506399554242608
Defect_L19_B66_el1795_H4_W4.npy,-272.1724,4775.36463,0.003117873249411009,0.9864585389027062,0.40538114195001484,0.105066246871865
Defect_L19_B67_el1799_H4_W4.npy,-272.1392,4775.471509999999,0.0031243411385826225,0.9864793608302561,0.40537787915864504,0.10506614701291966
Defect_L19_B68_el1803_H4_W4.npy,-272.1121,4775.550840000001,0.0031296206505269306,0.9864948155786897,0.4053755886154679,0.1050638013612373
Defect_L19_B69_el1807_H4_W4.npy,-272.0734,4775.66229,0.003137160027362525,0.9865165278150805,0.4053741133131678,0.10506348810468857
Defect_L19_B6_el135_H4_W4.npy,-272.1604,4775.44748,0.0031202110406778594,0.9864746794032444,0.40537676488418806,0.10505217069905058
Defect_L19_B70_el1811_H4_W4.npy,-272.1317,4775.69136,0.0031258022581244025,0.9865221911144243,0.40537296084736385,0.10506484801790153
Defect_L19_B71_el1815_H4_W4.npy,-272.1821,4775.35229,0.003115983534803636,0.9864561348740201,0.4053717924442732,0.10507162660002062
Defect_L19_B72_el1819_H4_W4.npy,-272.1799,4775.46743,0.0031164121298692285,0.9864785659812255,0.40537189279858854,0.10507636360524113
Defect_L19_B73_el1823_H4_W4.npy,-272.1736,4775.543589999999,0.003117639470284316,0.9864934031631324,0.40537416887801037,0.10506579118711303
Defect_L19_B74_el1827_H4_W4.npy,-272.19,4775.5678800000005,0.0031144444888862913,0.9864981352422886,0.40537587340099746,0.10505706114259289
Defect_L19_B75_el1831_H4_W4.npy,-272.188,4775.4946,0.0031148341207641018,0.9864838591302856,0.4053760829899488,0.10505771702251135
Defect_L19_B76_el1835_H4_W4.npy,-272.17650000000003,4775.398,0.0031170745040614914,0.9864650399105874,0.40537640756066545,0.10505968019770681
Defect_L19_B77_el1839_H4_W4.npy,-272.16130000000004,4775.3001,0.0031200357063328344,0.9864459674301688,0.40537765813633614,0.10506235660431515
Defect_L19_B78_el1843_H4_W4.npy,-272.13669999999996,4775.16856,0.0031248281784298938,0.9864203413415652,0.405379830334814,0.10506237426208612
Defect_L19_B79_el2131_H4_W4.npy,-272.1838,4775.3872,0.0031156523477074934,0.9864629358984472,0.4053793820617713,0.1050845442831341
Defect_L19_B7_el139_H4_W4.npy,-272.16020000000003,4775.44971,0.0031202500038656307,0.9864751138427882,0.4053765907848598,0.10505827311686411
Defect_L19_B80_el2135_H4_W4.npy,-272.1423,4775.52253,0.003123737209172027,0.9864893003394593,0.4053771576805656,0.10507597068816374
Defect_L19_B81_el2139_H4_W4.npy,-272.1076,4775.63054,0.003130497322252001,0.9865103424090202,0.4053759788496069,0.10506451585336672
Defect_L19_B82_el2143_H4_W4.npy,-272.0469,4775.7720899999995,0.003142322649743487,0.986537918605172,0.40537528843091925,0.1050558506484994
Defect_L19_B83_el2147_H4_W4.npy,-272.1457,4775.8184599999995,0.003123074834979753,0.986546952220259,0.4053747868873369,0.10505045908342268
Defect_L19_B84_el2151_H4_W4.npy,-272.1743,4775.14481,0.003117503099127084,0.9864157144630162,0.40537322664239445,0.1050579114513252
Defect_L19_B85_el2155_H4_W4.npy,-272.1972,4775.42018,0.003113041814126179,0.9864693609281123,0.4053729392296785,0.1050664599132779
Defect_L19_B86_el2159_H4_W4.npy,-272.18089999999995,4775.53804,0.003116217313930329,0.9864923219346716,0.4053766105234712,0.10505087553593402
Defect_L19_B87_el2163_H4_W4.npy,-272.1956,4775.582340000001,0.0031133535196284246,0.9865009522807652,0.4053778313995232,0.10504738232581061
Defect_L19_B88_el2167_H4_W4.npy,-272.1875,4775.47662,0.0031149315287335513,0.9864803563397041,0.40537600223281156,0.1050582209539636
Defect_L19_B89_el2171_H4_W4.npy,-272.1724,4775.36827,0.003117873249411009,0.9864592480327238,0.4053754237043372,0.10506486947922021
Defect_L19_B8_el143_H4_W4.npy,-272.1548,4775.439219999999,0.0031213020099357153,0.9864730702235889,0.40537646844969316,0.10506300402028862
Defect_L19_B90_el2175_H4_W4.npy,-272.1535,4775.268770000001,0.0031215552706562936,0.9864398638468029,0.40537618639878775,0.10506966466474282
Defect_L19_B91_el2179_H4_W4.npy,-272.1243,4775.1352099999995,0.0031272438960722976,0.9864138442300027,0.4053781450305636,0.10507004893962243
Defect_L19_B92_el2467_H4_W4.npy,-272.18519999999995,4775.44025,0.0031153796053930405,0.986473270884006,0.40536937129868944,0.10511309350496074
Defect_L19_B93_el2471_H4_W4.npy,-272.139,4775.63155,0.0031243801017704046,0.9865105391731185,0.4053716627655018,0.10510829903643365
Defect_L19_B94_el2475_H4_W4.npy,-272.10290000000003,4775.82566,0.0031314129571648423,0.9865483548950192,0.40537756381827206,0.10509324452371696
Defect_L19_B95_el2479_H4_W4.npy,-272.0268,4776.11808,0.0031462384501154644,0.9866053229718736,0.40538665436570065,0.10505936086401627
Defect_L19_B96_el2499_H4_W4.npy,-272.1587,4775.61246,0.003120542227773991,0.9865068201368449,0.40538382673162465,0.1050372145682815
Defect_L19_B97_el2503_H4_W4.npy,-272.1702,4775.51188,0.00311830184447659,0.9864872255497098,0.405374285677397,0.10507307380324568
Defect_L19_B98_el2507_H4_W4.npy,-272.1642,4775.4069899999995,0.003119470740110021,0.9864667913058781,0.40537024117131837,0.10508339000240408
Defect_L19_B99_el2511_H4_W4.npy,-272.1469,4775.2980800000005,0.00312284105585306,0.9864455739019722,0.40536922937537784,0.1050869498642248
Defect_L19_B9_el147_H4_W4.npy,-272.1574,4775.429190000001,0.0031207954884945694,0.9864711162197219,0.405376316547631,0.10506741192976113
Defect_L2_B100_el2515_H4_W4.npy,-272.1032,4775.2778100000005,0.0031313545123831748,0.9864416249828907,0.4053632389494199,0.10508318526387646
Defect_L2_B101_el2803_H4_W4.npy,-272.1379,4775.38904,0.003124594399303201,0.9864632943597749,0.40534867258794677,0.10507720666879213
Defect_L2_B102_el2807_H4_W4.npy,-272.1725,4775.36639,0.0031178537678171123,0.9864588817787587,0.40535188768238456,0.10508491602899829
Defect_L2_B103_el2811_H4_W4.npy,-272.2018,4775.435219999999,0.003112145660807223,0.9864722909598334,0.40535355170405235,0.10509865757666663
Defect_L2_B104_el2815_H4_W4.npy,-272.2642,4775.6014700000005,0.003099989146219594,0.9865046791096763,0.40536305103442816,0.10511140410542447
Defect_L2_B105_el2835_H4_W4.npy,-272.029,4775.77804,0.003145809855049872,0.9865390777600086,0.4054161433809317,0.10500879772393405
Defect_L2_B106_el2839_H4_W4.npy,-272.0731,4775.55421,0.003137218472144193,0.9864954721084037,0.40536761105609925,0.1050755499622569
Defect_L2_B107_el2843_H4_W4.npy,-272.09270000000004,4775.37551,0.003133400079741665,0.9864606585001214,0.4053555822572503,0.10507639324145703
Defect_L2_B108_el2847_H4_W4.npy,-272.0965,4775.27425,0.0031326597791738377,0.9864409314381481,0.40535335899838615,0.10507047011271946
Defect_L2_B109_el2851_H4_W4.npy,-272.10540000000003,4775.24617,0.0031309259173175823,0.9864354610065836,0.4053500951273243,0.10506710533494538
Defect_L2_B10_el151_H4_W4.npy,-272.1549,4775.436809999999,0.00312128252834183,0.9864726007171761,0.4053766058876435,0.10507295028581598
Defect_L2_B110_el3139_H4_W4.npy,-272.11890000000005,4775.30328,0.003128295902142371,0.9864465869448544,0.4053542734319118,0.10508095004668144
Defect_L2_B111_el3143_H4_W4.npy,-272.1746,4775.162810000001,0.0031174446543454164,0.9864192211499166,0.4053601958457342,0.10508044213500448
Defect_L2_B112_el3147_H4_W4.npy,-272.2358,4774.91576,0.0031055219188844806,0.9863710918722102,0.4053680525073224,0.10508048874739301
Defect_L2_B113_el3151_H4_W4.npy,-272.45390000000003,4774.34621,0.0030630325626094593,0.9862601344542072,0.4053902826619823,0.1050684343868584
Defect_L2_B114_el3171_H4_W4.npy,-272.4443,4773.97203,0.003064902795622947,0.9861872382261881,0.4054946491167862,0.1050964434408851
Defect_L2_B115_el3175_H4_W4.npy,-272.1558,4774.15861,0.0031211071939968157,0.986223586984069,0.4054214840074864,0.10517661010232258
Defect_L2_B116_el3179_H4_W4.npy,-272.0711,4774.49376,0.003137608104022003,0.9862888795459928,0.40539128515100126,0.1051814134097885
Defect_L2_B117_el3183_H4_W4.npy,-272.0654,4774.79136,0.0031387185548737554,0.9863468567694106,0.40535899469347453,0.10510086673677324
Defect_L2_B118_el3187_H4_W4.npy,-272.0879,4775.00579,0.003134335196248414,0.9863886311511898,0.4053514437098069,0.10509106269249378
Defect_L2_B119_el3475_H4_W4.npy,-272.1124,4775.34104,0.0031295622057452626,0.9864539431947075,0.40536561216816785,0.10510185676911746
Defect_L2_B11_el155_H4_W4.npy,-272.1558,4775.44708,0.0031211071939968157,0.9864746014768688,0.40537650836341,0.10507885783807162
Defect_L2_B120_el3479_H4_W4.npy,-272.1533,4775.25351,0.0031215942338440757,0.9864368909555751,0.40537163904890516,0.10509125286945369
Defect_L2_B121_el3483_H4_W4.npy,-272.2076,4775.2050899999995,0.003111015728361574,0.9864274579678133,0.4053746012755014,0.10507879124758576
Defect_L2_B122_el3487_H4_W4.npy,-272.5762,4775.002329999999,0.003039206573281485,0.9863879570880411,0.4053783053010513,0.10506051364626391
Defect_L2_B123_el3491_H4_W4.npy,-271.7831,4773.59436,0.003193715094426422,0.9861136620905422,0.40538425778372505,0.1050272452095338
Defect_L2_B124_el3495_H4_W4.npy,-271.353,4778.72393,0.003277505429749126,0.9871129840862671,0.40539267985931215,0.10497880763513769
Defect_L2_B125_el3499_H4_W4.npy,-273.34389999999996,4776.83739,0.0028896463769847126,0.9867454560248867,0.4053929573178832,0.10494547577213424
Defect_L2_B126_el3503_H4_W4.npy,-272.36080000000004,4774.01468,0.0030811699265214415,0.9861955471259825,0.40541573361425665,0.1050312650657409
Defect_L2_B127_el3507_H4_W4.npy,-272.138,4774.4688400000005,0.003124574917709315,0.9862840247327953,0.4053925997693163,0.10499044125046529
Defect_L2_B128_el3511_H4_W4.npy,-272.0296,4774.444689999999,0.0031456929654865256,0.9862793199278705,0.40538786126681053,0.10503227626357026
Defect_L2_B129_el3515_H4_W4.npy,-271.991,4774.56476,0.0031532128607282346,0.9863027114776549,0.40538074131795887,0.10507011800557739
Defect_L2_B12_el159_H4_W4.npy,-272.15569999999997,4775.4472399999995,0.0031211266755907124,0.986474632647419,0.40537665918588045,0.10508584347903277
Defect_L2_B130_el3519_H4_W4.npy,-272.00260000000003,4774.7623300000005,0.003150952995836937,0.9863412012627043,0.40537353184624175,0.10509500027526254
Defect_L2_B131_el3523_H4_W4.npy,-272.0361,4774.957179999999,0.003144426661883656,0.9863791611483995,0.4053642923735286,0.10511040018987038
Defect_L2_B132_el3811_H4_W4.npy,-272.1707,4775.32438,0.0031182044365071406,0.9864506975611653,0.4053630814292361,0.10513063181352793
Defect_L2_B133_el3815_H4_W4.npy,-272.1689,4775.34392,0.0031185551051971685,0.9864545042646116,0.4053724245643607,0.10510435750228629
Defect_L2_B134_el3819_H4_W4.npy,-272.1786,4775.470670000001,0.0031166653905897955,0.9864791971848678,0.4053794543091591,0.10507093067448252
Defect_L2_B135_el3823_H4_W4.npy,-272.6707,4775.380340000001,0.0030207964670550275,0.9864615994611065,0.4053855353260582,0.1050305455740415
Defect_L2_B136_el3827_H4_W4.npy,-271.8185,4772.13194,0.003186818610189216,0.9858287593651699,0.4053909054792469,0.10498871094665575
Defect_L2_B137_el3831_H4_W4.npy,-270.8484,4780.50911,0.0033758095525201945,0.9874607656040801,0.40540049694987296,0.10493610031007743
Defect_L2_B138_el3835_H4_W4.npy,-273.8556,4777.37367,0.002789959061047417,0.9868499319166023,0.40539669403233325,0.10491591402078283
Defect_L2_B139_el3839_H4_W4.npy,-272.3365,4774.000730000001,0.0030859039538368217,0.9861928294436348,0.4054144843301647,0.10502788474597435
Defect_L2_B13_el163_H4_W4.npy,-272.1567,4775.4475299999995,0.0031209318596518015,0.9864746891440412,0.40537533702419914,0.10509482313173349
Defect_L2_B140_el3843_H4_W4.npy,-271.977,4774.52123,0.0031559402838728955,0.9862942311398344,0.4053873827125671,0.10501625861758608
Defect_L2_B141_el3847_H4_W4.npy,-271.93670000000003,4774.7311500000005,0.0031637913662107254,0.9863351269017292,0.4053780933043197,0.10506286264133223
Defect_L2_B142_el3851_H4_W4.npy,-271.9327,4774.871359999999,0.003164570629966346,0.9863624420445227,0.40537335962379367,0.10508513980700689
Defect_L2_B143_el3855_H4_W4.npy,-271.941,4774.97433,0.0031629536576734483,0.9863825022417518,0.4053698392835831,0.10509830072878495
Defect_L2_B144_el3859_H4_W4.npy,-271.9585,4775.08781,0.003159544378742616,0.9864046099544987,0.40536355864119994,0.1051069036297784
Defect_L2_B145_el4147_H4_W4.npy,-272.2224,4775.35903,0.0031081324524657953,0.9864574479334483,0.40534945360367025,0.10512466584274126
Defect_L2_B146_el4151_H4_W4.npy,-272.1322,4775.360210000001,0.003125704850154953,0.9864576778162564,0.4053616463426525,0.10511807495854752
Defect_L2_B147_el4155_H4_W4.npy,-271.991,4775.6583200000005,0.0031532128607282346,0.9865157543958031,0.4053831018454018,0.10510138759566932
Defect_L2_B148_el4159_H4_W4.npy,-272.2149,4776.422820000001,0.0031095935720075758,0.9866646911810953,0.40542533512437445,0.10505360382761605
Defect_L2_B149_el4179_H4_W4.npy,-271.8474,4776.06956,0.0031811884295548797,0.986595870502518,0.4054785739537543,0.10491939414906105
Defect_L2_B14_el451_H4_W4.npy,-272.15240000000006,4775.4764,0.0031217695681890786,0.9864803134801974,0.4053769914267421,0.10503510236725813
Defect_L2_B150_el4183_H4_W4.npy,-272.0883,4775.993460000001,0.00313425726987285,0.9865810450095674,0.4054063323405073,0.10503933849865474
Defect_L2_B151_el4187_H4_W4.npy,-272.06329999999997,4775.72187,0.003139127668345462,0.9865281349487204,0.4053732756780378,0.10508053317728726
Defect_L2_B152_el4191_H4_W4.npy,-272.006,4775.54246,0.0031502906216446737,0.9864931830211214,0.4053582718219799,0.1050952763010339
Defect_L2_B153_el4195_H4_W4.npy,-271.95910000000003,4775.45738,0.00315942748917927,0.9864766080810395,0.40534942639489074,0.10510097913929077
Defect_L2_B154_el4483_H4_W4.npy,-272.3435,4775.666219999999,0.0030845402422644912,0.9865172934417201,0.4053479814973185,0.10507634564395786
Defect_L2_B155_el4487_H4_W4.npy,-272.2715,4775.47961,0.003098566989865596,0.9864809388393615,0.4053511209970466,0.10507787451401501
Defect_L2_B156_el4491_H4_W4.npy,-272.15079999999995,4775.29035,0.003122081273691347,0.9864440679747645,0.4053554724275572,0.10507428276052139
Defect_L2_B157_el4495_H4_W4.npy,-272.1302,4775.1938199999995,0.0031260944820327634,0.9864252623921819,0.4053635515515682,0.10505743739754866
Defect_L2_B158_el4515_H4_W4.npy,-272.2978,4775.49079,0.0030934433306724165,0.9864831168815583,0.405389559289738,0.10496692731866372
Defect_L2_B159_el4519_H4_W4.npy,-272.1552,4775.41999,0.003121224083560162,0.986469323913084,0.40537414961253526,0.10501479152634793
Defect_L2_B15_el455_H4_W4.npy,-272.1581,4775.45779,0.0031206591173373378,0.9864766879555745,0.40537977094988786,0.10503747392595841
Defect_L2_B160_el4523_H4_W4.npy,-272.12469999999996,4775.5646,0.0031271659696967442,0.9864974962460088,0.4053608675319424,0.1050492263722342
Defect_L2_B161_el4527_H4_W4.npy,-272.0851,4775.71553,0.003134880680877342,0.9865268998156678,0.4053521997997108,0.10506595621717639
Defect_L2_B162_el4531_H4_W4.npy,-272.0416,4775.8347,0.0031433551742196747,0.986550116031107,0.40534622441389173,0.10507193841064057
Defect_L2_B163_el4819_H4_W4.npy,-272.4961,4776.07393,0.0030548113299877053,0.9865967218481708,0.4053468872535464,0.10507716250596769
Defect_L2_B164_el4823_H4_W4.npy,-272.4727,4775.70705,0.0030593700229580713,0.9865252477765057,0.4053557868449679,0.10506858481372228
Defect_L2_B165_el4827_H4_W4.npy,-272.3885,4775.37042,0.003075773525013798,0.9864596668869925,0.40537008931855584,0.10504530735713377
Defect_L2_B166_el4831_H4_W4.npy,-272.4976,4775.24468,0.0030545191060793557,0.9864351707308345,0.4053941691233245,0.10499091536941095
Defect_L2_B167_el4851_H4_W4.npy,-272.1551,4776.7826,0.0031212435651540474,0.9867347820595941,0.40538796745713307,0.10501321496125358
Defect_L2_B168_el4855_H4_W4.npy,-272.0462,4777.04868,0.003142459020900719,0.9867866186846178,0.40537568155184805,0.10505810657111642
Defect_L2_B169_el4859_H4_W4.npy,-272.03139999999996,4776.929590000001,0.0031453422967965086,0.9867634180544539,0.4053624978801369,0.10508131739457763
Defect_L2_B16_el459_H4_W4.npy,-272.1611,4775.44859,0.0031200746695206278,0.9864748956489365,0.40537932044232206,0.10503957178460266
Defect_L2_B170_el4863_H4_W4.npy,-272.03340000000003,4776.83433,0.003144952664918687,0.9867448598881137,0.40535443745088423,0.10508747997427946
Defect_L2_B171_el4867_H4_W4.npy,-272.0286,4776.8060399999995,0.003145887781425436,0.9867393485452021,0.4053488562647895,0.10508747088690143
Defect_L2_B172_el5155_H4_W4.npy,-272.2273,4775.17869,0.0031071778543651607,0.9864223148270262,0.4053558208610448,0.10510572057591962
Defect_L2_B173_el5159_H4_W4.npy,-272.2677,4774.7316599999995,0.0030993072904334346,0.9863352262578579,0.4053627532007093,0.10510292948594263
Defect_L2_B174_el5163_H4_W4.npy,-272.2467,4773.719419999999,0.003103398425150426,0.9861380257718615,0.40537089927583325,0.10509345486310662
Defect_L2_B175_el5167_H4_W4.npy,-273.1365,4771.61093,0.0029300512027134393,0.9857272583128414,0.40538535131440406,0.10506948690705634
Defect_L2_B176_el5187_H4_W4.npy,-272.22839999999997,4775.37941,0.0031069635568323757,0.9864614182822831,0.40545919879180253,0.10492890984045034
Defect_L2_B177_el5191_H4_W4.npy,-272.2088,4776.64642,0.003110781949234892,0.9867082520250342,0.4054192173695414,0.10503192708758483
Defect_L2_B178_el5195_H4_W4.npy,-272.1822,4777.61138,0.0031159640532097393,0.9868962416134394,0.40539053123447777,0.1050875090379024
Defect_L2_B179_el5199_H4_W4.npy,-272.1617,4778.17258,0.003119957779957281,0.9870055723183524,0.40537183839355034,0.1051158006375928
Defect_L2_B17_el463_H4_W4.npy,-272.1626,4775.43899,0.0031197824456122673,0.9864730254159231,0.4053789950173176,0.10504233335751789
Defect_L2_B180_el5203_H4_W4.npy,-272.1335,4778.54309,0.0031254515894343746,0.9870777535718758,0.40535807911482163,0.10513262845144056
Defect_L2_B181_el5491_H4_W4.npy,-272.002,4773.88557,0.0031510698854002833,0.9861703944401106,0.4053679708279223,0.10508699465954312
Defect_L2_B182_el5495_H4_W4.npy,-272.0127,4773.55171,0.003148985354854011,0.9861053531907479,0.4053726078055242,0.10508430998028012
Defect_L2_B183_el5499_H4_W4.npy,-272.0558,4772.9879200000005,0.0031405887878872426,0.9859955179125532,0.4053743895478594,0.10507712740559394
Defect_L2_B184_el5503_H4_W4.npy,-272.96299999999997,4771.95961,0.0029638517681133316,0.9857951867344185,0.4053773252633323,0.10506256158987966
Defect_L2_B185_el5507_H4_W4.npy,-274.0971,4763.76886,0.0027429110118020405,0.9841994980828388,0.405381646073491,0.10503557500285211
Defect_L2_B186_el5511_H4_W4.npy,-264.21340000000004,4801.0256899999995,0.004668413307149728,0.9914577223998837,0.40538717925615547,0.10499386136630633
Defect_L2_B187_el5515_H4_W4.npy,-277.72839999999997,4759.02106,0.0020354758928591357,0.9832745509681092,0.4053883145314295,0.10498791566176306
Defect_L2_B188_el5519_H4_W4.npy,-272.00509999999997,4775.33022,0.003150465955989688,0.9864518352862485,0.4053892915399203,0.1049966891321743
Defect_L2_B189_el5523_H4_W4.npy,-272.1601,4775.252329999999,0.0031202694854595273,0.9864366610727671,0.4053841961249905,0.10502205299396081
Defect_L2_B18_el467_H4_W4.npy,-272.157,4775.43921,0.003120873414870134,0.9864730682754296,0.40537874877709956,0.10504564763356809
Defect_L2_B190_el5527_H4_W4.npy,-272.2023,4775.55683,0.003112048252837773,0.9864959825261637,0.4053816825848279,0.10503859897221143
Defect_L2_B191_el5531_H4_W4.npy,-272.2142,4776.27633,0.003109729943164808,0.9866361525942051,0.405380466290191,0.10505569188005992
Defect_L2_B192_el5535_H4_W4.npy,-272.22090000000003,4777.049840000001,0.003108424676374145,0.9867868446711071,0.4053783114251873,0.10507632151145652
Defect_L2_B193_el5539_H4_W4.npy,-272.2013,4777.75145,0.0031122430687766725,0.9869235294820016,0.4053724778474339,0.10509678992354012
Defect_L2_B194_el5827_H4_W4.npy,-272.0406,4774.15745,0.0031435499901585856,0.9862233609975797,0.4053719997356459,0.10507529185894576
Defect_L2_B195_el5831_H4_W4.npy,-272.053,4773.888190000001,0.0031411342725161705,0.9861709048578705,0.40537588090095134,0.10507253046127873
Defect_L2_B196_el5835_H4_W4.npy,-272.1212,4773.49208,0.0031278478254829043,0.986093736316311,0.4053768165772818,0.10506739595067353
Defect_L2_B197_el5839_H4_W4.npy,-272.7746,4772.92278,0.003000555091002877,0.9859828276022928,0.40537820789451295,0.10505913703736995
Defect_L2_B198_el5843_H4_W4.npy,-272.9774,4769.005999999999,0.002961046418593106,0.9852197764291115,0.40538041900310484,0.10504597932467208
Defect_L2_B199_el5847_H4_W4.npy,-267.7058,4790.569549999999,0.003988038122120617,0.9894206996684697,0.40538227911261193,0.10502981383256726
Defect_L2_B19_el471_H4_W4.npy,-272.1585,4775.44881,0.003120581190961773,0.9864749385084431,0.4053785618144922,0.10504907834084475
Defect_L2_B1_el115_H4_W4.npy,-272.15549999999996,4775.45704,0.0031211656387784945,0.9864765418436203,0.405376953002988,0.10500040623081523
Defect_L2_B200_el5851_H4_W4.npy,-275.4022,4766.88586,0.0024886567299381396,0.9848067393644033,0.4053816569590113,0.1050305220988988
Defect_L2_B201_el5855_H4_W4.npy,-272.131,4775.82646,0.003125938629281646,0.9865485107477704,0.4053817580514951,0.10503675725519221
Defect_L2_B202_el5859_H4_W4.npy,-272.1891,4775.65008,0.0031146198232313055,0.9865141491124665,0.40537956074858905,0.10504739465290312
Defect_L2_B203_el5863_H4_W4.npy,-272.19309999999996,4775.57864,0.003113840559475696,0.986500231461791,0.4053788634930811,0.1050503273458559
Defect_L2_B204_el5867_H4_W4.npy,-272.19120000000004,4775.7004,0.0031142107097595984,0.986523952250512,0.40537922833989426,0.10505138473786169
Defect_L2_B205_el5871_H4_W4.npy,-272.19129999999996,4775.90024,0.0031141912281657243,0.9865628842677426,0.4053796419051095,0.10505388080587871
Defect_L2_B206_el5875_H4_W4.npy,-272.1694,4776.15249,0.003118457697227719,0.9866120265883314,0.40537659649085306,0.10505707326853814
Defect_L2_B207_el6163_H4_W4.npy,-272.0952,4774.62507,0.003132913039894416,0.9863144608269302,0.4053735065215942,0.10508038570744904
Defect_L2_B208_el6167_H4_W4.npy,-272.10679999999996,4774.40223,0.0031306531750031293,0.9862710480431047,0.405376460423188,0.10507651754213759
Defect_L2_B209_el6171_H4_W4.npy,-272.1664,4774.07518,0.0031190421450444285,0.9862073334902861,0.4053769615629272,0.10507078167851412
Defect_L2_B20_el475_H4_W4.npy,-272.1613,4775.4374099999995,0.0031200357063328457,0.9864727176067396,0.40537831983449757,0.10505332695259696
Defect_L2_B210_el6175_H4_W4.npy,-272.58480000000003,4773.68685,0.003037531156206897,0.9861316806167315,0.4053777429668694,0.10506355854216638
Defect_L2_B211_el6179_H4_W4.npy,-272.4558,4771.89125,0.003062662412325546,0.985781869116835,0.4053787636564577,0.10505482558986252
Defect_L2_B212_el6183_H4_W4.npy,-269.7365,4783.59251,0.003592425394987812,0.9880614610700975,0.40537978465892366,0.10504389473018573
Defect_L2_B213_el6187_H4_W4.npy,-273.9306,4771.192330000001,0.002775347865629591,0.9856457083608162,0.4053797478835645,0.10504050126236877
Defect_L2_B214_el6191_H4_W4.npy,-272.17929999999996,4775.77366,0.0031165290194325747,0.9865382244661961,0.40537987261729425,0.10504241256123543
Defect_L2_B215_el6195_H4_W4.npy,-272.1885,4775.7222,0.0031147367127946518,0.9865281992379802,0.4053789377542232,0.1050462727687426
Defect_L2_B216_el6199_H4_W4.npy,-272.1843,4775.54825,0.0031155549397380434,0.9864943110054077,0.4053789095535594,0.10504470848967068
Defect_L2_B217_el6203_H4_W4.npy,-272.1785,4775.48225,0.0031166848721836922,0.9864814531534402,0.4053795321832347,0.10504175411862249
Defect_L2_B218_el6207_H4_W4.npy,-272.173,4775.47592,0.0031177563598476623,0.9864802199685468,0.40538025056316335,0.10503960008396895
Defect_L2_B219_el6211_H4_W4.npy,-272.1513,4775.49516,0.003121983865721886,0.9864839682272114,0.4053779892206117,0.10503774871487911
Defect_L2_B21_el479_H4_W4.npy,-272.1583,4775.4161300000005,0.0031206201541495553,0.9864685719235599,0.40537801531290873,0.1050592031276054
Defect_L2_B22_el483_H4_W4.npy,-272.154,4775.4052599999995,0.0031214578626868436,0.9864664542743038,0.4053777238647497,0.10506556978802664
Defect_L2_B23_el487_H4_W4.npy,-272.15209999999996,4775.40521,0.0031218280129707687,0.9864664445335068,0.4053775062961093,0.10507144226146631
Defect_L2_B24_el491_H4_W4.npy,-272.15250000000003,4775.41561,0.003121750086595193,0.9864684706192716,0.40537737270245927,0.10507698437658296
Defect_L2_B25_el495_H4_W4.npy,-272.153,4775.42627,0.003121652678625743,0.9864705473571802,0.40537737661737283,0.10508194304987802
Defect_L2_B26_el499_H4_W4.npy,-272.1562,4775.45774,0.003121029267621251,0.9864766782147776,0.4053746273667135,0.10508603798923051
Defect_L2_B27_el787_H4_W4.npy,-272.1479,4775.48518,0.0031226462399141603,0.986482023964141,0.4053760339379192,0.10504754501342636
Defect_L2_B28_el791_H4_W4.npy,-272.1577,4775.467680000001,0.003120737043712902,0.9864786146852104,0.4053798006313496,0.1050496719874219
Defect_L2_B29_el795_H4_W4.npy,-272.1648,4775.44914,0.003119353850546675,0.986475002797703,0.40537953601382853,0.10505107054705735
Defect_L2_B2_el119_H4_W4.npy,-272.1571,4775.44755,0.0031208539332762374,0.9864746930403601,0.40537910147462614,0.10501223101886434
Defect_L2_B30_el799_H4_W4.npy,-272.16940000000005,4775.43004,0.0031184576972277077,0.9864712818132699,0.4053793290321414,0.10505207261408499
Defect_L2_B31_el803_H4_W4.npy,-272.1583,4775.43086,0.0031206201541495553,0.9864714415623399,0.4053792168691754,0.10505273191000439
Defect_L2_B32_el807_H4_W4.npy,-272.16179999999997,4775.46044,0.0031199382983633957,0.9864772042178126,0.4053791989617838,0.10505264416261502
Defect_L2_B33_el811_H4_W4.npy,-272.168,4775.41801,0.0031187304395421827,0.986468938177525,0.40537905983156386,0.10505346470625576
Defect_L2_B34_el815_H4_W4.npy,-272.1621,4775.385700000001,0.003119879853581717,0.9864626436745391,0.4053787568683702,0.10505723804971331
Defect_L2_B35_el819_H4_W4.npy,-272.1531,4775.36371,0.003121633197031858,0.9864583596720423,0.4053783933640503,0.1050620975687613
Defect_L2_B36_el823_H4_W4.npy,-272.1484,4775.3732,0.0031225488319447103,0.9864602084753026,0.4053780758106118,0.10506614805301072
Defect_L2_B37_el827_H4_W4.npy,-272.1483,4775.38371,0.0031225683135385957,0.9864622559908205,0.40537780786495825,0.10506962619705346
Defect_L2_B38_el831_H4_W4.npy,-272.1505,4775.40488,0.0031221397184730037,0.986466380244247,0.4053776013451841,0.10507222847614706
Defect_L2_B39_el835_H4_W4.npy,-272.155,4775.4474199999995,0.003121263046747944,0.9864746677142879,0.40537380832220893,0.10507387757925225
Defect_L2_B3_el123_H4_W4.npy,-272.15819999999997,4775.44774,0.003120639635743452,0.9864747300553884,0.4053788347635956,0.10502425749077492
Defect_L2_B40_el1123_H4_W4.npy,-272.14230000000003,4775.513620000001,0.0031237372091720158,0.9864875645294436,0.40537508097644664,0.10505415236330605
Defect_L2_B41_el1127_H4_W4.npy,-272.15729999999996,4775.47733,0.003120814970088466,0.9864804946590207,0.40537949256393896,0.10505578369678083
Defect_L2_B42_el1131_H4_W4.npy,-272.16870000000006,4775.4596,0.0031185940683849398,0.9864770405724239,0.4053794362545017,0.10505703957953405
Defect_L2_B43_el1135_H4_W4.npy,-272.17929999999996,4775.42115,0.0031165290194325747,0.986469549899573,0.40537937836478727,0.10505748500871098
Defect_L2_B44_el1139_H4_W4.npy,-272.1593,4775.41292,0.0031204253382106557,0.9864679465643958,0.40537943470911525,0.10505686451877973
Defect_L2_B45_el1143_H4_W4.npy,-272.16470000000004,4775.48302,0.0031193733321405602,0.986481603161713,0.405379675335862,0.10505425315498594
Defect_L2_B46_el1147_H4_W4.npy,-272.17650000000003,4775.41914,0.0031170745040614914,0.9864691583195359,0.4053796823139363,0.10505236107854854
Defect_L2_B47_el1151_H4_W4.npy,-272.1668,4775.35542,0.0031189642186688644,0.9864567446479089,0.40537939116609994,0.1050548876613969
Defect_L2_B48_el1155_H4_W4.npy,-272.1504,4775.32165,0.0031221592000669,0.9864501657136521,0.4053789013297812,0.10505914780806888
Defect_L2_B49_el1159_H4_W4.npy,-272.14390000000003,4775.33051,0.00312342550366977,0.9864518917828707,0.40537844975062853,0.1050621322706501
Defect_L2_B4_el127_H4_W4.npy,-272.15700000000004,4775.4478899999995,0.0031208734148701228,0.9864747592777793,0.405378527836423,0.10503468430492538
Defect_L2_B50_el1163_H4_W4.npy,-272.1433,4775.35109,0.003123542393233116,0.9864559010948935,0.40537800314429,0.10506429967250465
Defect_L2_B51_el1167_H4_W4.npy,-272.1451,4775.38266,0.003123191724543088,0.9864620514340847,0.4053775947631471,0.10506544511844773
Defect_L2_B52_el1171_H4_W4.npy,-272.1531,4775.4365,0.003121633197031858,0.9864725403242351,0.4053731582946296,0.10506576027936704
Defect_L2_B53_el1459_H4_W4.npy,-272.137,4775.53163,0.003124769733648215,0.9864910731645032,0.40537428450016083,0.10505901737257693
Defect_L2_B54_el1463_H4_W4.npy,-272.1572,4775.48653,0.0031208344516823515,0.9864822869656587,0.4053790989781967,0.10505968299881346
Defect_L2_B55_el1467_H4_W4.npy,-272.1741,4775.45995,0.003117542062314866,0.9864771087580027,0.4053791922014562,0.10506055095406065
Defect_L2_B56_el1471_H4_W4.npy,-272.1942,4775.41228,0.003113626261942889,0.9864678218821948,0.4053792311731164,0.10506057649455769
Defect_L2_B57_el1475_H4_W4.npy,-272.15630000000004,4775.38554,0.003121009786027355,0.9864626125039887,0.4053794815190505,0.10505907572728487
Defect_L2_B58_el1479_H4_W4.npy,-272.1692,4775.51675,0.003118496660415501,0.9864881743033322,0.4053800798969526,0.10505406818672887
Defect_L2_B59_el1483_H4_W4.npy,-272.19030000000004,4775.411,0.0031143860441046126,0.9864675725177932,0.40538025461924515,0.10504959559039594
Defect_L2_B5_el131_H4_W4.npy,-272.155,4775.447819999999,0.003121263046747944,0.9864747456406635,0.4053782064455996,0.10504311205635371
Defect_L2_B60_el1487_H4_W4.npy,-272.17589999999996,4775.33558,0.003117191393624849,0.986452879499681,0.40538008131299375,0.10505153111698425
Defect_L2_B61_el1491_H4_W4.npy,-272.1484,4775.26904,0.0031225488319447103,0.9864399164471064,0.4053794489363637,0.10505651498206289
Defect_L2_B62_el1495_H4_W4.npy,-272.13570000000004,4775.2766,0.003125022994368782,0.9864413892556044,0.4053787675276524,0.10505974851536101
Defect_L2_B63_el1499_H4_W4.npy,-272.1346,4775.29712,0.0031252372919015896,0.9864453868786708,0.4053781201009569,0.10506164275617379
Defect_L2_B64_el1503_H4_W4.npy,-272.138,4775.339290000001,0.003124574917709315,0.9864536022668146,0.405377497918045,0.10506227461095022
Defect_L2_B65_el1507_H4_W4.npy,-272.1486,4775.40437,0.0031225098687569283,0.9864662808881183,0.4053725803265404,0.10506217100852845
Defect_L2_B66_el1795_H4_W4.npy,-272.1338,4775.54971,0.0031253931446527067,0.9864945954366786,0.40537358408913066,0.10506465710439944
Defect_L2_B67_el1799_H4_W4.npy,-272.1587,4775.49557,0.003120542227773991,0.9864840481017463,0.40537850390587654,0.10506239456069864
Defect_L2_B68_el1803_H4_W4.npy,-272.18,4775.45996,0.003116392648275332,0.986477110706162,0.4053787750717283,0.10506126363173
Defect_L2_B69_el1807_H4_W4.npy,-272.215,4775.39293,0.0031095740904136904,0.9864640521937772,0.4053789200380524,0.10505996733802943
Defect_L2_B6_el135_H4_W4.npy,-272.1558,4775.45759,0.0031211071939968157,0.9864766489923867,0.4053778788272079,0.10504993111837088
Defect_L2_B70_el1811_H4_W4.npy,-272.1489,4775.3382,0.0031224514239752495,0.986453389917441,0.40537933873931553,0.1050572828128936
Defect_L2_B71_el1815_H4_W4.npy,-272.1726,4775.59151,0.003117834286223227,0.9865027387429248,0.4053803688766276,0.1050496725709421
Defect_L2_B72_el1819_H4_W4.npy,-272.21,4775.4237,0.0031105481701082104,0.9864700466802173,0.4053806504397223,0.1050427285714249
Defect_L2_B73_el1823_H4_W4.npy,-272.18919999999997,4775.3168,0.00311460034163742,0.9864492208563483,0.4053808315479218,0.10504424187032753
Defect_L2_B74_el1827_H4_W4.npy,-272.1433,4775.215859999999,0.003123542393233116,0.9864295561354752,0.40538000133621693,0.10505186406095093
Defect_L2_B75_el1831_H4_W4.npy,-272.1243,4775.2116399999995,0.0031272438960722976,0.9864287340122131,0.40537882809364906,0.10505750666837295
Defect_L2_B76_el1835_H4_W4.npy,-272.1217,4775.24196,0.0031277504175134543,0.9864346408314809,0.40537791355144476,0.10506031171025496
Defect_L2_B77_el1839_H4_W4.npy,-272.1258,4775.294510000001,0.003126951672163937,0.9864448784090704,0.40537709426800367,0.10506121284397049
Defect_L2_B78_el1843_H4_W4.npy,-272.1401,4775.37088,0.0031241658042376083,0.9864597565023244,0.4053720369716093,0.10506135299207192
Defect_L2_B79_el2131_H4_W4.npy,-272.1348,4775.5474,0.003125198328713807,0.9864941454118598,0.4053714448682248,0.10508309536778866
Defect_L2_B7_el139_H4_W4.npy,-272.15689999999995,4775.44698,0.0031208928964640303,0.9864745819952749,0.40537752167132896,0.1050559812973848
Defect_L2_B80_el2135_H4_W4.npy,-272.1622,4775.50417,0.0031198603719878315,0.9864857235188209,0.40537740416933615,0.10507242319866181
Defect_L2_B81_el2139_H4_W4.npy,-272.18870000000004,4775.479979999999,0.003114697749606859,0.9864810109212586,0.4053788694241168,0.10506282528776355
Defect_L2_B82_el2143_H4_W4.npy,-272.2483,4775.374229999999,0.00310308671964818,0.9864604091357195,0.4053798611679742,0.10505419191245705
Defect_L2_B83_el2147_H4_W4.npy,-272.13019999999995,4775.242329999999,0.003126094482032774,0.986434712913378,0.40538101301213597,0.105045813466693
Defect_L2_B84_el2151_H4_W4.npy,-272.178,4775.73938,0.0031167822801531422,0.9865315461758105,0.40538296403889695,0.10503276419487687
Defect_L2_B85_el2155_H4_W4.npy,-272.2369,4775.44806,0.0031053076213516844,0.9864747923964889,0.4053829602879237,0.10502343077950811
Defect_L2_B86_el2159_H4_W4.npy,-272.2095,4775.32992,0.0031106455780776604,0.9864517768414669,0.40538373608705164,0.10502598414005032
Defect_L2_B87_el2163_H4_W4.npy,-272.1283,4775.15024,0.003126464632316677,0.9864167723135645,0.4053816875305394,0.10504424376312158
Defect_L2_B88_el2167_H4_W4.npy,-272.1028,4775.14359,0.003131432438758739,0.9864154767875707,0.40537855826873925,0.10505910637997656
Defect_L2_B89_el2171_H4_W4.npy,-272.0999,4775.17393,0.0031319974049815636,0.9864213875031571,0.40537685485832686,0.10506560807428729
Defect_L2_B8_el143_H4_W4.npy,-272.1558,4775.43667,0.0031211071939968157,0.9864725734429448,0.4053771594508523,0.10506186520798509
Defect_L2_B90_el2175_H4_W4.npy,-272.1058,4775.22699,0.003130847990942029,0.9864317244368754,0.40537558382002054,0.10506817973240162
Defect_L2_B91_el2179_H4_W4.npy,-272.1229,4775.32469,0.0031275166383867613,0.9864507579541064,0.40537021775812493,0.10506880179340805
Defect_L2_B92_el2467_H4_W4.npy,-272.1365,4775.52298,0.0031248671416176646,0.9864893880066317,0.40536223816725353,0.10511002004453171
Defect_L2_B93_el2471_H4_W4.npy,-272.16020000000003,4775.54028,0.0031202500038656307,0.9864927583223747,0.4053716562718363,0.10510409653544195
Defect_L2_B94_el2475_H4_W4.npy,-272.1848,4775.63077,0.003115457531768594,0.9865103872166862,0.4053800896902939,0.10509162711713818
Defect_L2_B95_el2479_H4_W4.npy,-272.2701,4775.6444,0.00309883973218006,0.9865130425579335,0.4053909849813515,0.10505958341684343
Defect_L2_B96_el2499_H4_W4.npy,-272.0792,4775.12887,0.003136030094916876,0.98641260909695,0.4053878014128531,0.10503736726463721
Defect_L2_B97_el2503_H4_W4.npy,-272.0694,4775.17548,0.003137939291118146,0.9864216894678625,0.40537651823930365,0.10507496996944223
Defect_L2_B98_el2507_H4_W4.npy,-272.07689999999997,4775.197789999999,0.0031364781715763654,0.9864260358114593,0.40537146406032576,0.10508376397846853
Defect_L2_B99_el2511_H4_W4.npy,-272.0858,4775.22092,0.00313474430972011,0.9864305419041263,0.4053686623573084,0.1050845391758835
Defect_L2_B9_el147_H4_W4.npy,-272.1553,4775.436559999999,0.0031212046019662653,0.9864725520131914,0.40537684933087303,0.10506748762147844
Defect_L3_B100_el2515_H4_W4.npy,-272.1145,4775.37342,0.003129153092273556,0.9864602513348092,0.4053635258057345,0.10508987449240151
Defect_L3_B101_el2803_H4_W4.npy,-272.1587,4775.32302,0.003120542227773991,0.9864504326114883,0.4053455586645071,0.10508125454223374
Defect_L3_B102_el2807_H4_W4.npy,-272.1878,4775.298430000001,0.003114873083951884,0.9864456420875509,0.40534798378037484,0.10508768370251875
Defect_L3_B103_el2811_H4_W4.npy,-272.2109,4775.354899999999,0.003110372835763196,0.9864566433436205,0.405349327362032,0.10510112930279897
Defect_L3_B104_el2815_H4_W4.npy,-272.2536,4775.53964,0.003102054195171981,0.9864926336401738,0.40535905699562325,0.10511295556139826
Defect_L3_B105_el2835_H4_W4.npy,-272.0129,4775.82517,0.003148946391666229,0.9865482594352092,0.4054169269620659,0.10502169351321142
Defect_L3_B106_el2839_H4_W4.npy,-272.0709,4775.64575,0.0031376470672097854,0.9865133055594509,0.4053671795700531,0.10508702644590975
Defect_L3_B107_el2843_H4_W4.npy,-272.0983,4775.4594,0.0031323091104838094,0.9864770016092361,0.4053536898608363,0.105087123822791
Defect_L3_B108_el2847_H4_W4.npy,-272.1077,4775.35989,0.0031304778406581043,0.9864576154751558,0.40535095070033095,0.10507902724535238
Defect_L3_B109_el2851_H4_W4.npy,-272.1169,4775.332450000001,0.003128685534020192,0.9864522697257924,0.40534791072918935,0.1050749980205215
Defect_L3_B10_el151_H4_W4.npy,-272.1549,4775.436949999999,0.00312128252834183,0.9864726279914077,0.40537633069817086,0.10507752197524765
Defect_L3_B110_el3139_H4_W4.npy,-272.1502,4775.24067,0.0031221981632546824,0.9864343895189196,0.40535327828366324,0.10508788706198273
Defect_L3_B111_el3143_H4_W4.npy,-272.2016,4775.06829,0.003112184623995005,0.9864008071473713,0.4053595300447124,0.10508834067830898
Defect_L3_B112_el3147_H4_W4.npy,-272.25919999999996,4774.768349999999,0.0031009632259141255,0.9863423740546563,0.4053690158434415,0.10509064968548804
Defect_L3_B113_el3151_H4_W4.npy,-272.4485,4774.16382,0.003064084568679544,0.9862246019751105,0.40539415190969585,0.10508031367530452
Defect_L3_B114_el3171_H4_W4.npy,-272.4326,4773.97605,0.00306718214210813,0.9861880213862626,0.405489770590389,0.10508998384908208
Defect_L3_B115_el3175_H4_W4.npy,-272.156,4774.22953,0.0031210682308090336,0.986237403330456,0.4054164508696766,0.10517487310872542
Defect_L3_B116_el3179_H4_W4.npy,-272.0802,4774.57869,0.0031358352789779766,0.9863054252636838,0.40538659497387086,0.10518257233532928
Defect_L3_B117_el3183_H4_W4.npy,-272.0805,4774.87867,0.003135776834196309,0.9863638661490363,0.40535492496744807,0.10510381871930678
Defect_L3_B118_el3187_H4_W4.npy,-272.10650000000004,4775.08431,0.003130711619784786,0.9864039280987126,0.40534850584958254,0.10509654689800954
Defect_L3_B119_el3475_H4_W4.npy,-272.1676,4775.28477,0.003118808365917747,0.9864429809018254,0.40536573913237045,0.10510845992181661
Defect_L3_B11_el155_H4_W4.npy,-272.1559,4775.437099999999,0.00312108771240293,0.9864726572137984,0.40537643408706125,0.1050843763206775
Defect_L3_B120_el3479_H4_W4.npy,-272.2079,4775.16664,0.0031109572835799062,0.9864199672949626,0.40537141198836674,0.10509527489653735
Defect_L3_B121_el3483_H4_W4.npy,-272.2604,4775.057159999999,0.0031007294467874326,0.9863986388459712,0.4053751923145256,0.10507960431569438
Defect_L3_B122_el3487_H4_W4.npy,-272.5648,4774.81161,0.003041427474984989,0.9863508017921733,0.40537981677301027,0.10505627075551631
Defect_L3_B123_el3491_H4_W4.npy,-271.92519999999996,4773.62717,0.0031660317495081376,0.9861200540014976,0.4053858127157465,0.10501937412321377
Defect_L3_B124_el3495_H4_W4.npy,-271.43399999999997,4777.94773,0.0032617253386978914,0.9869617679544896,0.4053933375444453,0.10497404037779072
Defect_L3_B125_el3499_H4_W4.npy,-273.0299,4776.70043,0.0029508185818006324,0.9867187740338944,0.4053958207379762,0.10493550387552486
Defect_L3_B126_el3503_H4_W4.npy,-272.28860000000003,4774.438590000001,0.003095235637310328,0.9862781315506435,0.40541603095205886,0.10502861595075899
Defect_L3_B127_el3507_H4_W4.npy,-272.12829999999997,4774.68859,0.003126464632316688,0.9863268355353694,0.4053910866547438,0.10499271799360937
Defect_L3_B128_el3511_H4_W4.npy,-272.04269999999997,4774.63132,0.0031431408766868897,0.9863156784265484,0.4053851043154461,0.10503745530457913
Defect_L3_B129_el3515_H4_W4.npy,-272.0173,4774.7361,0.003148089201535055,0.9863360912406267,0.4053778679913923,0.10507675883695024
Defect_L3_B12_el159_H4_W4.npy,-272.1559,4775.437129999999,0.00312108771240293,0.9864726630582766,0.40537678477698846,0.1050925598159529
Defect_L3_B130_el3519_H4_W4.npy,-272.0338,4774.90594,0.003144874738543134,0.9863691787796901,0.40537102796122,0.10510252084543896
Defect_L3_B131_el3523_H4_W4.npy,-272.0691,4775.07136,0.0031379977358998133,0.9864014052323037,0.40536312260620866,0.10511992062045628
Defect_L3_B132_el3811_H4_W4.npy,-272.244,4775.29084,0.0031039244281854572,0.9864441634345744,0.40536152535372905,0.10514197923987702
Defect_L3_B133_el3815_H4_W4.npy,-272.2419,4775.26032,0.0031043335416571644,0.9864382176521191,0.40536985467654346,0.10511454827157994
Defect_L3_B134_el3819_H4_W4.npy,-272.25390000000004,4775.3183,0.003101995750390302,0.9864495130802567,0.4053769616897321,0.10507994800617693
Defect_L3_B135_el3823_H4_W4.npy,-272.64560000000006,4775.18033,0.0030256863471215143,0.9864226343251662,0.40538395843655284,0.1050363642061275
Defect_L3_B136_el3827_H4_W4.npy,-272.0282,4772.4173,0.0031459657078009894,0.9858843520414956,0.40539165101112346,0.10498766203577864
Defect_L3_B137_el3831_H4_W4.npy,-271.0394,4779.49792,0.0033385997081894925,0.9872637696748195,0.4054012424667312,0.10493170068528841
Defect_L3_B138_el3835_H4_W4.npy,-273.4253,4777.172369999999,0.0028737883595579025,0.9868107154681007,0.4053980576138312,0.1049098232197797
Defect_L3_B139_el3839_H4_W4.npy,-272.2292,4774.37908,0.003106807704081247,0.9862665380541191,0.4054149233006688,0.1050226054818169
Defect_L3_B13_el163_H4_W4.npy,-272.1558,4775.4474,0.0031211071939968157,0.9864746638179693,0.4053760017677781,0.10510329119745968
Defect_L3_B140_el3843_H4_W4.npy,-271.9633,4774.76973,0.003158609262235878,0.9863426429006521,0.405387040290545,0.10500958224200846
Defect_L3_B141_el3847_H4_W4.npy,-271.9538,4774.99025,0.0031604600136554686,0.9863856037114992,0.40537817628537715,0.10505873697990588
Defect_L3_B142_el3851_H4_W4.npy,-271.9659,4775.09573,0.0031581027407947323,0.9864061528967348,0.4053731180540338,0.10508584920873973
Defect_L3_B143_el3855_H4_W4.npy,-271.9788,4775.149899999999,0.0031555896151828676,0.9864167060761452,0.40536919693608936,0.10510275828164295
Defect_L3_B144_el3859_H4_W4.npy,-271.9946,4775.192999999999,0.0031525115233481784,0.9864251026431119,0.405363562065725,0.10511514612895523
Defect_L3_B145_el4147_H4_W4.npy,-272.279,4775.348300000001,0.003097105870323816,0.986455357558424,0.4053463515130231,0.1051325620726187
Defect_L3_B146_el4151_H4_W4.npy,-272.17830000000004,4775.337909999999,0.0031167238353714635,0.9864533334208185,0.4053579537854137,0.10512279790031955
Defect_L3_B147_el4155_H4_W4.npy,-272.0235,4775.59422,0.003146881342713842,0.9865032666941193,0.4053791837719669,0.10510272089561629
Defect_L3_B148_el4159_H4_W4.npy,-272.1002,4776.318859999999,0.0031319389601998956,0.9866444381160866,0.405421078735603,0.10505080460770415
Defect_L3_B149_el4179_H4_W4.npy,-271.7854,4776.24149,0.0031932670177669442,0.9866293652068938,0.4054883473019201,0.10492282197049543
Defect_L3_B14_el451_H4_W4.npy,-272.1523,4775.476589999999,0.0031217890497829753,0.9864803504952258,0.40537660926478913,0.10503477354122427
Defect_L3_B150_el4183_H4_W4.npy,-272.0883,4776.144859999999,0.00313425726987285,0.9866105401427173,0.40541122301038657,0.10504875114625256
Defect_L3_B151_el4187_H4_W4.npy,-272.0825,4775.83894,0.0031353872023184987,0.9865509420506878,0.40537435728187204,0.10509227159812982
Defect_L3_B152_el4191_H4_W4.npy,-272.0288,4775.62071,0.003145848818237654,0.9865084273683408,0.4053572419001835,0.10510661737705473
Defect_L3_B153_el4195_H4_W4.npy,-271.98240000000004,4775.50552,0.0031548882778028,0.9864859865203384,0.4053477479643882,0.1051124214353245
Defect_L3_B154_el4483_H4_W4.npy,-272.40200000000004,4775.708299999999,0.0030731435098385867,0.9865254912964293,0.4053447731784115,0.10508278500897059
Defect_L3_B155_el4487_H4_W4.npy,-272.3248,4775.492910000001,0.0030881833003220047,0.986483529891349,0.4053481823643768,0.10508299952279966
Defect_L3_B156_el4491_H4_W4.npy,-272.1893,4775.2848699999995,0.0031145808600435234,0.9864430003834191,0.4053534627003509,0.10507777010813883
Defect_L3_B157_el4495_H4_W4.npy,-272.10069999999996,4775.19781,0.003131841552230446,0.9864260397077781,0.4053631728689352,0.10505748983494614
Defect_L3_B158_el4515_H4_W4.npy,-272.2563,4775.4556,0.003101528192136939,0.9864762613086684,0.40538561923324673,0.10497844307313614
Defect_L3_B159_el4519_H4_W4.npy,-272.15840000000003,4775.41995,0.003120600672555659,0.9864693161204464,0.40537019089438553,0.10502556618703132
Defect_L3_B15_el455_H4_W4.npy,-272.158,4775.45779,0.003120678598931223,0.9864766879555745,0.40537881979004003,0.10503680890251303
Defect_L3_B160_el4523_H4_W4.npy,-272.1322,4775.57545,0.003125704850154953,0.986499609998946,0.4053567389278065,0.10505875951313523
Defect_L3_B161_el4527_H4_W4.npy,-272.0944,4775.74669,0.0031330688926455336,0.9865329702803239,0.40534804749559517,0.10507426117942588
Defect_L3_B162_el4531_H4_W4.npy,-272.05179999999996,4775.86641,0.003141368051642863,0.9865562936445295,0.4053422535071931,0.10507995782681914
Defect_L3_B163_el4819_H4_W4.npy,-272.56759999999997,4776.25122,0.003040881990356061,0.9866312607659793,0.4053433896467916,0.10508725116159334
Defect_L3_B164_el4823_H4_W4.npy,-272.5399,4775.8861799999995,0.0030462783918637046,0.9865601451556416,0.4053522288882746,0.10507931730920762
Defect_L3_B165_el4827_H4_W4.npy,-272.468,4775.50569,0.003060285657870913,0.986486019639048,0.4053665553529696,0.10505765910199157
Defect_L3_B166_el4831_H4_W4.npy,-272.6302,4775.291649999999,0.0030286865125806507,0.9864443212354848,0.40539034874384283,0.10500493127179983
Defect_L3_B167_el4851_H4_W4.npy,-272.1531,4776.766430000001,0.003121633197031858,0.9867316318858622,0.40539040413945,0.10500495983174991
Defect_L3_B168_el4855_H4_W4.npy,-272.0623,4777.0068,0.0031393224842843617,0.9867784597930965,0.40537629654355295,0.1050540407334706
Defect_L3_B169_el4859_H4_W4.npy,-272.0455,4776.90525,0.0031425953920579505,0.9867586762345008,0.4053609890480142,0.10508212141291692
Defect_L3_B16_el459_H4_W4.npy,-272.1611,4775.4483199999995,0.0031200746695206278,0.986474843048633,0.4053785495532194,0.10503978816834851
Defect_L3_B170_el4863_H4_W4.npy,-272.04600000000005,4776.8678,0.0031424979840884897,0.9867513803775888,0.40535178401619787,0.10509102018717187
Defect_L3_B171_el4867_H4_W4.npy,-272.0412,4776.888849999999,0.003143433100595239,0.9867554812531026,0.40534592730701696,0.10509300627269633
Defect_L3_B172_el5155_H4_W4.npy,-272.2398,4775.1805300000005,0.00310474265512886,0.986422673288354,0.40535603082137434,0.10511584380683851
Defect_L3_B173_el5159_H4_W4.npy,-272.2562,4774.667,0.0031015476737308355,0.9863226294592485,0.4053633254143751,0.10511100933316408
Defect_L3_B174_el5163_H4_W4.npy,-272.1948,4773.54187,0.0031135093723795534,0.9861034362019091,0.40537314322944784,0.10509935286119053
Defect_L3_B175_el5167_H4_W4.npy,-272.8038,4771.35444,0.0029948664655868725,0.9856772899726719,0.4053899941043647,0.10506934490747401
Defect_L3_B176_el5187_H4_W4.npy,-272.2693,4775.8901399999995,0.0030989955849311883,0.9865609166267597,0.4054527613375487,0.10493496457867021
Defect_L3_B177_el5191_H4_W4.npy,-272.2211,4777.01943,0.0031083857131863736,0.9867809203184049,0.40541318579146396,0.10503770506696745
Defect_L3_B178_el5195_H4_W4.npy,-272.19219999999996,4777.9574,0.00311401589382071,0.986963651824619,0.4053854920604102,0.10509371589781208
Defect_L3_B179_el5199_H4_W4.npy,-272.1748,4778.54598,0.0031174056911576343,0.9870783165899392,0.40536744992391704,0.10512321606157224
Defect_L3_B17_el463_H4_W4.npy,-272.1627,4775.43856,0.0031197629640183815,0.9864729416450693,0.4053783550776963,0.1050435038380209
Defect_L3_B180_el5203_H4_W4.npy,-272.1514,4778.95048,0.0031219643841279895,0.987157119637226,0.40535466288852634,0.10514196227930149
Defect_L3_B181_el5491_H4_W4.npy,-272.0164,4773.89753,0.003148264535880069,0.9861727244387398,0.40536936057192785,0.10509221797789126
Defect_L3_B182_el5495_H4_W4.npy,-272.0198,4773.686909999999,0.003147602161687795,0.9861316923056876,0.4053730032969982,0.10508643490971989
Defect_L3_B183_el5499_H4_W4.npy,-272.0374,4773.25597,0.0031441734011630777,0.9860477383249764,0.40537460006528153,0.1050772113652827
Defect_L3_B184_el5503_H4_W4.npy,-272.69780000000003,4772.47976,0.0030155169551107194,0.9858965202450396,0.40537706230698756,0.10506102581743666
Defect_L3_B185_el5507_H4_W4.npy,-273.577,4765.9486099999995,0.0028442347816261307,0.9846241481256651,0.4053827202684737,0.10502909620325067
Defect_L3_B186_el5511_H4_W4.npy,-265.78880000000004,4795.75671,0.004361500277000011,0.9904312411141162,0.4053861286012281,0.10499607715298714
Defect_L3_B187_el5515_H4_W4.npy,-276.69289999999995,4760.9394999999995,0.0022372077975944637,0.9836482936579406,0.4053885763703134,0.10498689879169758
Defect_L3_B188_el5519_H4_W4.npy,-272.12800000000004,4774.886960000001,0.0031265230770983446,0.9863654811731699,0.40539054897040533,0.10499465410776848
Defect_L3_B189_el5523_H4_W4.npy,-272.23380000000003,4775.54449,0.00310591155076228,0.9864935784974775,0.40538587612954935,0.1050208772616484
Defect_L3_B18_el467_H4_W4.npy,-272.1578,4775.438719999999,0.0031207175621190053,0.9864729728156194,0.405378224035122,0.105047726529755
Defect_L3_B190_el5527_H4_W4.npy,-272.2483,4776.16307,0.00310308671964818,0.9866140877409648,0.4053816784499167,0.105042063164168
Defect_L3_B191_el5531_H4_W4.npy,-272.2524,4776.95108,0.003102287974298663,0.9867676046489807,0.4053791360957231,0.10506254582195951
Defect_L3_B192_el5535_H4_W4.npy,-272.25489999999996,4777.71425,0.003101800934451414,0.9869162823290744,0.405376277429433,0.10508444461069123
Defect_L3_B193_el5539_H4_W4.npy,-272.2365,4778.38719,0.0031053855477272485,0.9870473817670006,0.40537090747819693,0.10510571930623626
Defect_L3_B194_el5827_H4_W4.npy,-272.0575,4774.24389,0.0031402576007911,0.9862402008873387,0.40537340759791923,0.1050799930129753
Defect_L3_B195_el5831_H4_W4.npy,-272.06059999999997,4774.09361,0.0031396536713805046,0.9862109239480401,0.4053761676734046,0.10507587568967384
Defect_L3_B196_el5835_H4_W4.npy,-272.1018,4773.82604,0.0031316272546976385,0.9861587970472675,0.4053766877135663,0.10507047819386736
Defect_L3_B197_el5839_H4_W4.npy,-272.58739999999995,4773.4159500000005,0.0030370246347657622,0.9860789049788824,0.40537767749404074,0.10506220944452263
Defect_L3_B198_el5843_H4_W4.npy,-272.69530000000003,4770.3532,0.00301600399495798,0.9854822324620033,0.40537960076245155,0.10504974168722934
Defect_L3_B199_el5847_H4_W4.npy,-268.64009999999996,4787.41368,0.003806021590402408,0.9888058858913601,0.405381417183956,0.10503447190939615
Defect_L3_B19_el471_H4_W4.npy,-272.1589,4775.44842,0.003120503264586209,0.9864748625302269,0.4053781283627142,0.10505192771668122
Defect_L3_B1_el115_H4_W4.npy,-272.1553,4775.45705,0.0031212046019662653,0.9864765437917797,0.4053769178087349,0.10499916456643885
Defect_L3_B200_el5851_H4_W4.npy,-274.83410000000003,4767.8681,0.0025993316648296218,0.9849980953722325,0.4053814180735133,0.10503390737155219
Defect_L3_B201_el5855_H4_W4.npy,-272.2055,4775.390759999999,0.003111424841833281,0.9864636294431897,0.4053821852813666,0.10503854111837456
Defect_L3_B202_el5859_H4_W4.npy,-272.2294,4775.6031299999995,0.003106768740893465,0.9865050025041348,0.4053804523620396,0.10504744079763241
Defect_L3_B203_el5863_H4_W4.npy,-272.2205,4775.79073,0.003108502602749709,0.9865415499742732,0.40537930403850625,0.10505048038580937
Defect_L3_B204_el5867_H4_W4.npy,-272.21299999999997,4776.04249,0.0031099637222915004,0.9865905968350518,0.40537896919544253,0.10505237712991235
Defect_L3_B205_el5871_H4_W4.npy,-272.2109,4776.29276,0.003110372835763196,0.9866393534200815,0.40537878068814015,0.10505538989159874
Defect_L3_B206_el5875_H4_W4.npy,-272.1918,4776.55638,0.0031140938201962634,0.9866907107978953,0.4053760681255286,0.10505966389484063
Defect_L3_B207_el6163_H4_W4.npy,-272.107,4774.6976,0.0031306142118153364,0.986328590826979,0.40537470292855127,0.10508621065129818
Defect_L3_B208_el6167_H4_W4.npy,-272.1106,4774.55284,0.003129912874435291,0.9863003892716632,0.40537674570393833,0.10508160758746905
Defect_L3_B209_el6171_H4_W4.npy,-272.14930000000004,4774.30413,0.0031223734975996853,0.9862519365994984,0.4053769548048624,0.10507582595494007
Defect_L3_B20_el475_H4_W4.npy,-272.161,4775.427250000001,0.003120094151114513,0.9864707382768005,0.40537797969765166,0.1050568351256097
Defect_L3_B210_el6175_H4_W4.npy,-272.4618,4773.99585,0.003061493516692126,0.9861918787418529,0.4053774570224993,0.10506851187852889
Defect_L3_B211_el6179_H4_W4.npy,-272.3074,4772.61083,0.00309157309765894,0.9859220547701517,0.4053783363995349,0.10505974982178398
Defect_L3_B212_el6183_H4_W4.npy,-270.2854,4781.75076,0.003485490926123282,0.9877026588146206,0.4053793177148492,0.10504876910336408
Defect_L3_B213_el6187_H4_W4.npy,-273.6305,4771.57802,0.0028338121288947575,0.985720846920292,0.4053795131617894,0.10504459198788049
Defect_L3_B214_el6191_H4_W4.npy,-272.21299999999997,4775.44876,0.0031099637222915004,0.9864749287676462,0.40537991184190314,0.10504526243344228
Defect_L3_B215_el6195_H4_W4.npy,-272.2028,4775.59929,0.003111950844868312,0.9865042544109295,0.4053791659414657,0.10504759177252206
Defect_L3_B216_el6199_H4_W4.npy,-272.1918,4775.60634,0.0031140938201962634,0.9865056278632988,0.4053789598708532,0.10504519944128522
Defect_L3_B217_el6203_H4_W4.npy,-272.1834,4775.64124,0.0031157302740830576,0.9865124269395664,0.40537919362327685,0.1050418358770435
Defect_L3_B218_el6207_H4_W4.npy,-272.17740000000003,4775.675679999999,0.0031168991697164776,0.9865191364005023,0.4053795375819639,0.10503931371977289
Defect_L3_B219_el6211_H4_W4.npy,-272.1601,4775.716179999999,0.0031202694854595273,0.9865270264460279,0.40537766740517805,0.10503793268631562
Defect_L3_B21_el479_H4_W4.npy,-272.1578,4775.41625,0.0031207175621190053,0.9864685953014725,0.40537779546240815,0.1050632199335852
Defect_L3_B22_el483_H4_W4.npy,-272.1538,4775.40553,0.0031214968258746257,0.9864665068746074,0.40537764252701,0.10507001381518202
Defect_L3_B23_el487_H4_W4.npy,-272.153,4775.40538,0.003121652678625743,0.9864664776522165,0.4053775603690693,0.1050763747972599
Defect_L3_B24_el491_H4_W4.npy,-272.15250000000003,4775.41576,0.003121750086595193,0.9864684998416623,0.40537754701799433,0.10508231940808872
Defect_L3_B25_el495_H4_W4.npy,-272.1541,4775.4263,0.003121438381092947,0.9864705532016584,0.4053776738574746,0.10508756867323066
Defect_L3_B26_el499_H4_W4.npy,-272.1564,4775.45763,0.003120990304433469,0.9864766567850243,0.40537565385069946,0.10509256967789232
Defect_L3_B27_el787_H4_W4.npy,-272.14930000000004,4775.485729999999,0.0031223734975996853,0.9864821311129074,0.40537571824899205,0.10504849132245427
Defect_L3_B28_el791_H4_W4.npy,-272.158,4775.45775,0.003120678598931223,0.9864766801629369,0.4053788008364646,0.10504943542783432
Defect_L3_B29_el795_H4_W4.npy,-272.1642,4775.44889,0.003119470740110021,0.9864749540937182,0.4053787671685806,0.10505119770613779
Defect_L3_B2_el119_H4_W4.npy,-272.15680000000003,4775.45753,0.003120912378057905,0.9864766373034304,0.4053784409867882,0.10501259179930518
Defect_L3_B30_el799_H4_W4.npy,-272.1691,4775.429340000001,0.0031185161420093865,0.9864711454421128,0.4053787585943734,0.10505275793989886
Defect_L3_B31_el803_H4_W4.npy,-272.1601,4775.41981,0.0031202694854595273,0.986469288846215,0.40537879552835193,0.10505403594422602
Defect_L3_B32_el807_H4_W4.npy,-272.1607,4775.43946,0.003120152595896181,0.9864731169794143,0.4053788721380631,0.10505457552903544
Defect_L3_B33_el811_H4_W4.npy,-272.1643,4775.4074,0.0031194512585161244,0.9864668711804131,0.4053788008060913,0.10505597348144081
Defect_L3_B34_el815_H4_W4.npy,-272.1591,4775.3855300000005,0.003120464301398427,0.9864626105558294,0.4053785984726311,0.10506010336000288
Defect_L3_B35_el819_H4_W4.npy,-272.1525,4775.37396,0.003121750086595204,0.9864603565354162,0.4053783405808195,0.10506521441932132
Defect_L3_B36_el823_H4_W4.npy,-272.149,4775.3835,0.003122431942381364,0.9864622150794733,0.4053781440721146,0.10506957587179187
Defect_L3_B37_el827_H4_W4.npy,-272.1491,4775.394109999999,0.0031224124607874787,0.986464282076585,0.40537798433840855,0.10507322981545625
Defect_L3_B38_el831_H4_W4.npy,-272.15119999999996,4775.41528,0.003122003347315783,0.9864684063300118,0.4053778597976898,0.10507593012933168
Defect_L3_B39_el835_H4_W4.npy,-272.15590000000003,4775.45768,0.003121087712402919,0.9864766665258213,0.40537491440257634,0.10507880874948801
Defect_L3_B3_el123_H4_W4.npy,-272.1569,4775.45769,0.0031208928964640194,0.9864766684739806,0.4053780844122445,0.10502573380182088
Defect_L3_B40_el1123_H4_W4.npy,-272.1464,4775.50468,0.0031229384638225095,0.9864858228749497,0.40537491458516944,0.10505576849567225
Defect_L3_B41_el1127_H4_W4.npy,-272.15930000000003,4775.46764,0.003120425338210645,0.9864786068925727,0.40537855288188845,0.10505579564525976
Defect_L3_B42_el1131_H4_W4.npy,-272.1689,4775.439289999999,0.0031185551051971685,0.9864730838607046,0.40537874461068385,0.10505710752629578
Defect_L3_B43_el1135_H4_W4.npy,-272.1788,4775.41019,0.0031166264274020135,0.9864674147168826,0.4053789155166021,0.10505783171666312
Defect_L3_B44_el1139_H4_W4.npy,-272.1617,4775.39122,0.003119957779957281,0.9864637190585217,0.40537914097185657,0.10505763613633994
Defect_L3_B45_el1143_H4_W4.npy,-272.163,4775.4409399999995,0.0031197045192367027,0.9864734053070039,0.40537941211807893,0.10505556797013073
Defect_L3_B46_el1147_H4_W4.npy,-272.1701,4775.39768,0.003118321326070487,0.986464977569487,0.4053794093728418,0.1050541958775291
Defect_L3_B47_el1151_H4_W4.npy,-272.16190000000006,4775.35467,0.003119918816769488,0.9864565985359547,0.40537915715391565,0.1050569171861206
Defect_L3_B48_el1155_H4_W4.npy,-272.14919999999995,4775.33184,0.003122392979193593,0.9864521508880695,0.4053787464874317,0.10506125732067866
Defect_L3_B49_el1159_H4_W4.npy,-272.144,4775.341020000001,0.003123406022075884,0.9864539392983888,0.40537837865542947,0.10506440682941481
Defect_L3_B4_el127_H4_W4.npy,-272.1569,4775.44773,0.0031208928964640194,0.9864747281072291,0.40537772541039546,0.10503670711365154
Defect_L3_B50_el1163_H4_W4.npy,-272.1437,4775.37187,0.003123464466857552,0.9864599493701038,0.40537803337511835,0.10506664276203422
Defect_L3_B51_el1167_H4_W4.npy,-272.14750000000004,4775.40359,0.0031227241662897132,0.9864661289316858,0.405377707877033,0.10506790217293144
Defect_L3_B52_el1171_H4_W4.npy,-272.15459999999996,4775.4573,0.003121340973123508,0.9864765924957645,0.4053742144893372,0.10506977952449882
Defect_L3_B53_el1459_H4_W4.npy,-272.14300000000003,4775.5134100000005,0.0031236008380147837,0.9864875236180964,0.4053742655022845,0.10506094769129609
Defect_L3_B54_el1463_H4_W4.npy,-272.1612,4775.467390000001,0.003120055187926731,0.9864785581885881,0.4053782806718574,0.10505982469919284
Defect_L3_B55_el1467_H4_W4.npy,-272.1765,4775.43977,0.0031170745040615027,0.9864731773723554,0.40537863899653476,0.105060529268816
Defect_L3_B56_el1471_H4_W4.npy,-272.1936,4775.38098,0.003113743151506235,0.9864617241433072,0.4053789526743103,0.10506060962841154
Defect_L3_B57_el1475_H4_W4.npy,-272.16200000000003,4775.35281,0.0031198993351756023,0.9864562361783084,0.4053793753248737,0.10505934862779409
Defect_L3_B58_el1479_H4_W4.npy,-272.1647,4775.46324,0.0031193733321405715,0.9864777497024415,0.40537991310349014,0.1050549649747497
Defect_L3_B59_el1483_H4_W4.npy,-272.1786,4775.388260000001,0.0031166653905897955,0.9864631424033427,0.4053799434064098,0.10505115792091177
Defect_L3_B5_el131_H4_W4.npy,-272.15529999999995,4775.4577500000005,0.0031212046019662766,0.986476680162937,0.40537738603790074,0.10504547848514045
Defect_L3_B60_el1487_H4_W4.npy,-272.1657,4775.33393,0.0031191785162016606,0.9864525580533818,0.40537968312822764,0.10505326377734396
Defect_L3_B61_el1491_H4_W4.npy,-272.14439999999996,4775.28891,0.003123328095700331,0.9864437874398124,0.4053790387248722,0.10505812916887726
Defect_L3_B62_el1495_H4_W4.npy,-272.1363,4775.29744,0.0031249061048054467,0.9864454492197713,0.4053784688934374,0.10506136369662142
Defect_L3_B63_el1499_H4_W4.npy,-272.1364,4775.33853,0.0031248866232115612,0.9864534542067008,0.40537794825910206,0.10506326769377983
Defect_L3_B64_el1503_H4_W4.npy,-272.1408,4775.38101,0.003124029433080376,0.9864617299877855,0.4053774289927635,0.10506405620514074
Defect_L3_B65_el1507_H4_W4.npy,-272.1515,4775.44607,0.003121944902534104,0.9864744047127706,0.4053735290153789,0.10506576503072436
Defect_L3_B66_el1795_H4_W4.npy,-272.14410000000004,4775.52259,0.003123386540481988,0.9864893120284154,0.405373657356379,0.10506723054384218
Defect_L3_B67_el1799_H4_W4.npy,-272.1663,4775.46726,0.0031190616266383252,0.986478532862516,0.4053777802975255,0.10506324478550898
Defect_L3_B68_el1803_H4_W4.npy,-272.18620000000004,4775.42021,0.003115184789454119,0.9864693667725906,0.4053783544225178,0.10506164710591748
Defect_L3_B69_el1807_H4_W4.npy,-272.21639999999996,4775.341640000001,0.003109301348099226,0.9864540600842708,0.40537885913819166,0.10505993496748567
Defect_L3_B6_el135_H4_W4.npy,-272.156,4775.4575,0.0031210682308090336,0.9864766314589523,0.40537707583724,0.10505255810385294
Defect_L3_B70_el1811_H4_W4.npy,-272.1594,4775.29466,0.0031204058566167594,0.986444907631461,0.40537955864837766,0.10505703004570359
Defect_L3_B71_el1815_H4_W4.npy,-272.1652,4775.51642,0.0031192759241711106,0.9864881100140724,0.4053804238821362,0.10505006950230095
Defect_L3_B72_el1819_H4_W4.npy,-272.1891,4775.389370000001,0.0031146198232313055,0.9864633586490348,0.40538032418341846,0.10504403163159469
Defect_L3_B73_el1823_H4_W4.npy,-272.17330000000004,4775.31385,0.0031176979150659835,0.9864486461493286,0.40538018874219683,0.10504579636432297
Defect_L3_B74_el1827_H4_W4.npy,-272.1376,4775.24541,0.0031246528440848683,0.9864353129464701,0.40537926112516204,0.10505299415880565
Defect_L3_B75_el1831_H4_W4.npy,-272.1254,4775.25272,0.0031270295985395013,0.9864367370509834,0.40537823731259726,0.10505843252641507
Defect_L3_B76_el1835_H4_W4.npy,-272.1251,4775.29391,0.00312708804332118,0.986444761519507,0.40537750057983485,0.10506134132365912
Defect_L3_B77_el1839_H4_W4.npy,-272.13120000000004,4775.347159999999,0.0031258996660938525,0.9864551354682534,0.4053768381943544,0.10506261865540943
Defect_L3_B78_el1843_H4_W4.npy,-272.1445,4775.42355,0.0031233086141064345,0.9864700174578265,0.4053728750160236,0.1050648548360669
Defect_L3_B79_el2131_H4_W4.npy,-272.1519,4775.511710000001,0.0031218669761585395,0.9864871924310004,0.40537113528808316,0.10508868946852834
Defect_L3_B7_el139_H4_W4.npy,-272.1568,4775.44708,0.003120912378057916,0.9864746014768688,0.4053767964875001,0.10505893861066484
Defect_L3_B80_el2135_H4_W4.npy,-272.1769,4775.467180000001,0.0031169965776859385,0.9864785172772409,0.40537630464633234,0.10507645237414266
Defect_L3_B81_el2139_H4_W4.npy,-272.2016,4775.43129,0.003112184623995005,0.9864715253331936,0.40537812320442357,0.10506581088829428
Defect_L3_B82_el2143_H4_W4.npy,-272.25260000000003,4775.32339,0.0031022490111108805,0.9864505046933857,0.40537969898907583,0.10505544625636062
Defect_L3_B83_el2147_H4_W4.npy,-272.1538,4775.19821,0.0031214968258746257,0.9864261176341537,0.4053816519689455,0.10504496457386649
Defect_L3_B84_el2151_H4_W4.npy,-272.1644,4775.6322199999995,0.003119431776922239,0.9865106696997975,0.40538354358438405,0.10503151088992385
Defect_L3_B85_el2155_H4_W4.npy,-272.2027,4775.4114899999995,0.0031119703264622088,0.9864676679776031,0.4053829472751438,0.10502329560361288
Defect_L3_B86_el2159_H4_W4.npy,-272.1845,4775.32468,0.0031155159765502614,0.9864507560059469,0.40538294076414566,0.10502649288521361
Defect_L3_B87_el2163_H4_W4.npy,-272.122,4775.179279999999,0.0031276919727317755,0.9864224297684302,0.40538068124406546,0.10504359580799096
Defect_L3_B88_el2167_H4_W4.npy,-272.10440000000006,4775.19514,0.003131120733256482,0.9864255195492213,0.40537793230762476,0.10505829019836199
Defect_L3_B89_el2171_H4_W4.npy,-272.1056,4775.246910000001,0.003130886954129811,0.9864356051703785,0.40537642004869273,0.10506568275247581
Defect_L3_B8_el143_H4_W4.npy,-272.15659999999997,4775.43682,0.003120951341245698,0.9864726026653357,0.40537656208791095,0.10506521278787317
Defect_L3_B90_el2175_H4_W4.npy,-272.1145,4775.3110799999995,0.003129153092273556,0.9864481065091778,0.4053752477498406,0.10506943789200224
Defect_L3_B91_el2179_H4_W4.npy,-272.13169999999997,4775.39892,0.0031258022581244138,0.9864652191412512,0.40537094871889967,0.10507291141101485
Defect_L3_B92_el2467_H4_W4.npy,-272.1582,4775.467769999999,0.003120639635743441,0.9864786322186446,0.4053602793143406,0.10511738395087199
Defect_L3_B93_el2471_H4_W4.npy,-272.17990000000003,4775.4837,0.003116412129869217,0.9864817356365515,0.4053685569997823,0.10510989215746352
Defect_L3_B94_el2475_H4_W4.npy,-272.2032,4775.56268,0.0031118729184927587,0.9864971221994062,0.4053767065296046,0.1050972755860484
Defect_L3_B95_el2479_H4_W4.npy,-272.2759,4775.5644,0.003097709799734422,0.9864974572828211,0.40538770498045607,0.10506534200204495
Defect_L3_B96_el2499_H4_W4.npy,-272.0692,4775.17656,0.0031379782543059166,0.9864218998690765,0.40538884227158417,0.10503025638648335
Defect_L3_B97_el2503_H4_W4.npy,-272.0709,4775.25739,0.0031376470672097854,0.9864376468414181,0.40537792023288804,0.1050735059490473
Defect_L3_B98_el2507_H4_W4.npy,-272.0837,4775.30207,0.0031351534231918057,0.9864463512175683,0.40537208861681445,0.10508620393081432
Defect_L3_B99_el2511_H4_W4.npy,-272.0968,4775.32643,0.00313260133439217,0.98645109693384,0.4053685635607288,0.10508873314966238
Defect_L3_B9_el147_H4_W4.npy,-272.15520000000004,4775.436809999999,0.003121224083560151,0.9864726007171761,0.4053763870574864,0.10507132162230264
Defect_L4_B100_el2515_H4_W4.npy,-272.1174,4775.38501,0.0031285881260507426,0.986462509251541,0.4053647976195185,0.10508425748662398
Defect_L4_B101_el2803_H4_W4.npy,-272.1658,4775.31478,0.0031191590346077752,0.9864488273281518,0.40534617355004093,0.10507740728902033
Defect_L4_B102_el2807_H4_W4.npy,-272.1886,4775.29924,0.003114717231200755,0.9864457998884613,0.40534752957907827,0.1050833947848703
Defect_L4_B103_el2811_H4_W4.npy,-272.2059,4775.35518,0.0031113469154577167,0.9864566978920835,0.40534868455790063,0.10509722007302594
Defect_L4_B104_el2815_H4_W4.npy,-272.2268,4775.5493,0.0031072752623346103,0.9864945155621435,0.40535811263385474,0.10510934702670187
Defect_L4_B105_el2835_H4_W4.npy,-272.02000000000004,4775.8478000000005,0.0031475631985000015,0.9865526681199066,0.4054156046899953,0.1050233809886816
Defect_L4_B106_el2839_H4_W4.npy,-272.0772,4775.667979999999,0.0031364197267946866,0.9865176363177727,0.4053658219440632,0.10508802026682218
Defect_L4_B107_el2843_H4_W4.npy,-272.1054,4775.48214,0.0031309259173175935,0.9864814317236869,0.4053532366712383,0.10508480617681025
Defect_L4_B108_el2847_H4_W4.npy,-272.1136,4775.38242,0.00312932842661857,0.9864620046782593,0.40535062425135665,0.1050755530129453
Defect_L4_B109_el2851_H4_W4.npy,-272.1211,4775.3439499999995,0.0031278673070767897,0.9864545101090896,0.4053486992619472,0.10507173723537253
Defect_L4_B10_el151_H4_W4.npy,-272.156,4775.436989999999,0.0031210682308090336,0.9864726357840452,0.4053768054394555,0.1050712352630224
Defect_L4_B110_el3139_H4_W4.npy,-272.1593,4775.22317,0.0031204253382106557,0.9864309802399889,0.4053542749075213,0.10508345361082524
Defect_L4_B111_el3143_H4_W4.npy,-272.2034,4775.05959,0.0031118339553049767,0.9863991122487028,0.40538019637389194,0.10515203591621092
Defect_L4_B112_el3147_H4_W4.npy,-272.24989999999997,4774.768959999999,0.003102775014145934,0.986342492892379,0.4053897327792568,0.10515523625055374
Defect_L4_B113_el3151_H4_W4.npy,-272.3705,4774.2260400000005,0.00307928021191408,0.9862367234228293,0.4053939772384328,0.10507765253645439
Defect_L4_B114_el3171_H4_W4.npy,-272.4437,4774.14652,0.003065019685186293,0.9862212316593676,0.4054862882236807,0.10508218086143593
Defect_L4_B115_el3175_H4_W4.npy,-272.1697,4774.32791,0.003118399252446051,0.9862565693225254,0.40541454399564664,0.1051674629602237
Defect_L4_B116_el3179_H4_W4.npy,-272.0915,4774.645219999999,0.0031336338588683578,0.986318386368099,0.40536486683326706,0.10510798816526587
Defect_L4_B117_el3183_H4_W4.npy,-272.0899,4774.9237,0.003133945564370604,0.9863726387107652,0.4053543357544467,0.1050982674189067
Defect_L4_B118_el3187_H4_W4.npy,-272.1118,4775.107550000001,0.003129679095308598,0.9864084556211328,0.4053491410957385,0.10509233691949514
Defect_L4_B119_el3475_H4_W4.npy,-272.18190000000004,4775.27948,0.003116022497991407,0.9864419503255085,0.4053671497520834,0.10510227336932668
Defect_L4_B11_el155_H4_W4.npy,-272.156,4775.43712,0.0031210682308090336,0.9864726611101173,0.4053767846147007,0.10507839205264007
Defect_L4_B120_el3479_H4_W4.npy,-272.21279999999996,4775.16063,0.0031100026854792824,0.9864187964511698,0.4053719066929952,0.10508784177845949
Defect_L4_B121_el3483_H4_W4.npy,-272.2518,4775.050920000001,0.0031024048638620093,0.9863974231945126,0.40537619457109686,0.10507121162186324
Defect_L4_B122_el3487_H4_W4.npy,-272.4316,4774.89759,0.0030673769580470294,0.9863675520666003,0.4053812618586982,0.10504640016742026
Defect_L4_B123_el3491_H4_W4.npy,-271.9783,4774.27702,0.003155687023152317,0.9862466551393947,0.4053863204267976,0.10501002995272381
Defect_L4_B124_el3495_H4_W4.npy,-271.7444,4776.9646299999995,0.0032012544712620166,0.9867702444049529,0.40539204645505966,0.10496360811553085
Defect_L4_B125_el3499_H4_W4.npy,-272.7078,4776.25062,0.003013568795721679,0.9866311438764159,0.4053956752365625,0.1049225843936885
Defect_L4_B126_el3503_H4_W4.npy,-272.2642,4774.7909,0.003099989146219594,0.9863467671540787,0.4053944838772864,0.10495113333133535
Defect_L4_B127_el3507_H4_W4.npy,-272.16659999999996,4774.87662,0.0031190031818566577,0.9863634667763616,0.4053912510503486,0.10498394913172773
Defect_L4_B128_el3511_H4_W4.npy,-272.0845,4774.76992,0.0031349975704406882,0.9863426799156804,0.4053860232273901,0.10502767133863239
Defect_L4_B129_el3515_H4_W4.npy,-272.04810000000003,4774.819490000001,0.003142088870616794,0.986352336941772,0.4053783668949634,0.10506848779904258
Defect_L4_B12_el159_H4_W4.npy,-272.1559,4775.43714,0.00312108771240293,0.9864726650064362,0.40537699666171134,0.1050868941986712
Defect_L4_B130_el3519_H4_W4.npy,-272.0549,4774.9551200000005,0.0031407641222322568,0.9863787598275656,0.40537112651226587,0.10509540477190438
Defect_L4_B131_el3523_H4_W4.npy,-272.0826,4775.097739999999,0.003135367720724602,0.9864065444767719,0.40536429731858187,0.1051144743754723
Defect_L4_B132_el3811_H4_W4.npy,-272.26210000000003,4775.28762,0.00310039825969129,0.9864435361272512,0.40536263152795826,0.1051367376603897
Defect_L4_B133_el3815_H4_W4.npy,-272.2541,4775.26818,0.0031019567872025314,0.9864397489053989,0.4053700457441882,0.10510829118047084
Defect_L4_B134_el3819_H4_W4.npy,-272.2547,4775.31802,0.0031018398976391847,0.9864494585317938,0.4053776513443756,0.10507247280010067
Defect_L4_B135_el3823_H4_W4.npy,-272.47839999999997,4775.26394,0.003058259572106319,0.9864389228858179,0.40538522991631876,0.1050270600778465
Defect_L4_B136_el3827_H4_W4.npy,-272.05760000000004,4773.55473,0.0031402381191972034,0.9861059415348834,0.40539200102738654,0.10497915865223247
Defect_L4_B137_el3831_H4_W4.npy,-271.5557,4777.90855,0.0032380162389332406,0.9869541350660035,0.4053997919181875,0.10492227520855212
Defect_L4_B138_el3835_H4_W4.npy,-272.9615,4776.61275,0.0029641439920216808,0.9867016925723714,0.4054000615127046,0.10488942689565636
Defect_L4_B139_el3839_H4_W4.npy,-272.1633,4774.76531,0.0031196460744550352,0.9863417818142021,0.40541570881094197,0.10500564306680168
Defect_L4_B13_el163_H4_W4.npy,-272.1559,4775.44739,0.00312108771240293,0.9864746618698099,0.4053767228698041,0.10509822839616863
Defect_L4_B140_el3843_H4_W4.npy,-272.02430000000004,4774.9639,0.0031467254899627136,0.986380470311509,0.40538773069070605,0.10499840853008692
Defect_L4_B141_el3847_H4_W4.npy,-272.0106,4775.09236,0.003149394468325707,0.9864054963670207,0.4053799963936628,0.10504718719162605
Defect_L4_B142_el3851_H4_W4.npy,-272.0026,4775.15003,0.0031509529958369483,0.9864167314022173,0.40537430752405607,0.10507678708748655
Defect_L4_B143_el3855_H4_W4.npy,-272.0021,4775.17918,0.003151050403806398,0.9864224102868364,0.40536977295724497,0.10509529490118012
Defect_L4_B144_el3859_H4_W4.npy,-272.0109,4775.21026,0.003149336023544039,0.9864284651662175,0.4053650466305728,0.10510943800574099
Defect_L4_B145_el4147_H4_W4.npy,-272.2935,4775.3831,0.003094281039209705,0.9864621371530977,0.4053467734793449,0.10512929166809375
Defect_L4_B146_el4151_H4_W4.npy,-272.19190000000003,4775.37359,0.0031140743386023667,0.9864602844535189,0.4053573361935218,0.10511871991633888
Defect_L4_B147_el4155_H4_W4.npy,-272.0346,4775.62272,0.003144718885792005,0.986508818948378,0.4053779919706101,0.10509793183150005
Defect_L4_B148_el4159_H4_W4.npy,-271.9765,4776.363179999999,0.0031560376918423456,0.9866530723584989,0.40541901305452427,0.10504510676693955
Defect_L4_B149_el4179_H4_W4.npy,-271.8565,4776.237080000001,0.0031794156045108534,0.9866285060686033,0.4054883507781618,0.10491866055005304
Defect_L4_B14_el451_H4_W4.npy,-272.1536,4775.46663,0.0031215357890624082,0.9864784101284744,0.4053772632992295,0.10502650822531956
Defect_L4_B150_el4183_H4_W4.npy,-272.1243,4776.09626,0.0031272438960722976,0.9866010720880868,0.4054113604060659,0.10504633432122538
Defect_L4_B151_el4187_H4_W4.npy,-272.10139999999996,4775.79476,0.003131705181073214,0.986542335082507,0.40537431770575405,0.10508978453400272
Defect_L4_B152_el4191_H4_W4.npy,-272.0422,4775.594889999999,0.0031432382846563393,0.9865033972207982,0.4053571297759265,0.10510359880305903
Defect_L4_B153_el4195_H4_W4.npy,-271.9949,4775.49028,0.0031524530785665104,0.9864830175254296,0.40534862789319986,0.1051094145814453
Defect_L4_B154_el4483_H4_W4.npy,-272.40709999999996,4775.73982,0.003072149948550192,0.9865316318948236,0.40534528557748856,0.10508182228639129
Defect_L4_B155_el4487_H4_W4.npy,-272.32570000000004,4775.53218,0.0030880079659769796,0.9864911803132697,0.4053483705847337,0.10508195943539086
Defect_L4_B156_el4491_H4_W4.npy,-272.18899999999996,4775.322679999999,0.003114639304825202,0.986450366374069,0.40535359810292604,0.1050768990630557
Defect_L4_B157_el4495_H4_W4.npy,-272.0626,4775.22698,0.003139264039502694,0.9864317224887161,0.40536327926121635,0.10505670985715329
Defect_L4_B158_el4515_H4_W4.npy,-272.29019999999997,4775.49668,0.0030949239318080932,0.9864842643474385,0.4053879466812627,0.10497257284303291
Defect_L4_B159_el4519_H4_W4.npy,-272.1535,4775.44831,0.0031215552706562936,0.9864748411004737,0.4053695409583646,0.10502748497544548
Defect_L4_B15_el455_H4_W4.npy,-272.1569,4775.45751,0.0031208928964640194,0.9864766334071117,0.4053785445567291,0.10502724708324511
Defect_L4_B160_el4523_H4_W4.npy,-272.1304,4775.60552,0.0031260555188449813,0.9865054681142288,0.40535638976566024,0.10505943926256338
Defect_L4_B161_el4527_H4_W4.npy,-272.09700000000004,4775.76832,0.003132562371204377,0.9865371841490824,0.40534790621814415,0.10507400261993434
Defect_L4_B162_el4531_H4_W4.npy,-272.0591,4775.87953,0.003139945895288854,0.986558849629648,0.4053426514379829,0.10507913983732627
Defect_L4_B163_el4819_H4_W4.npy,-272.5734,4776.34015,0.0030397520579104123,0.9866485857474261,0.4053437175370912,0.10508620192416913
Defect_L4_B164_el4823_H4_W4.npy,-272.5419,4776.00124,0.003045888759985894,0.9865825606775719,0.4053517937081604,0.10507888509390284
Defect_L4_B165_el4827_H4_W4.npy,-272.46810000000005,4775.638,0.0030602661762770163,0.9865117957359244,0.40536570960706275,0.10505871306034531
Defect_L4_B166_el4831_H4_W4.npy,-272.5292,4775.43995,0.003048362922409977,0.9864732124392245,0.405388821747181,0.10500847132415045
Defect_L4_B167_el4851_H4_W4.npy,-272.17530000000005,4776.71512,0.0031173082831881735,0.9867216358800369,0.405391154508289,0.10500115383797694
Defect_L4_B168_el4855_H4_W4.npy,-272.0702,4776.9621799999995,0.003137783438367017,0.9867697671059026,0.40537589478692004,0.10505281421778757
Defect_L4_B169_el4859_H4_W4.npy,-272.0552,4776.880639999999,0.003140705677450578,0.9867538818142443,0.4053607040558679,0.10508065391276916
Defect_L4_B16_el459_H4_W4.npy,-272.15970000000004,4775.44802,0.0031203474118350807,0.9864747846038514,0.4053785178568089,0.10503042841058095
Defect_L4_B170_el4863_H4_W4.npy,-272.056,4776.842720000001,0.0031405498246994605,0.9867464943938412,0.40535172764847827,0.10508921226902211
Defect_L4_B171_el4867_H4_W4.npy,-272.0538,4776.87376,0.0031409784197650417,0.9867525414805848,0.40534643949175103,0.1050911243820346
Defect_L4_B172_el5155_H4_W4.npy,-272.2338,4775.24804,0.003105911550762291,0.9864358253123894,0.40535711569502647,0.10511188376894155
Defect_L4_B173_el5159_H4_W4.npy,-272.2337,4774.71883,0.0031059310323561765,0.9863327267693618,0.40536360090003787,0.1051061373434034
Defect_L4_B174_el5163_H4_W4.npy,-272.1556,4773.573439999999,0.003121146157184598,0.9861095865411001,0.40537392164107416,0.10509404914413858
Defect_L4_B175_el5167_H4_W4.npy,-272.4076,4771.437059999999,0.0030720525405807312,0.985693385665544,0.4053919368996588,0.10506208821022195
Defect_L4_B176_el5187_H4_W4.npy,-272.3374,4776.079720000001,0.0030857286194918075,0.9865978498324574,0.4054522343948781,0.10492827568400774
Defect_L4_B177_el5191_H4_W4.npy,-272.24920000000003,4777.22571,0.0031029113853031547,0.986821106950282,0.4054123269757564,0.10503130594624595
Defect_L4_B178_el5195_H4_W4.npy,-272.2056,4778.11544,0.003111405360239384,0.9869944405356033,0.40538447941495126,0.10508842416545973
Defect_L4_B179_el5199_H4_W4.npy,-272.18480000000005,4778.65032,0.0031154575317685826,0.9870986436850043,0.4053666213613998,0.10511842081301549
Defect_L4_B17_el463_H4_W4.npy,-272.1612,4775.43826,0.003120055187926731,0.9864728832002877,0.4053785126287976,0.10503446715442291
Defect_L4_B180_el5203_H4_W4.npy,-272.1654,4779.013690000001,0.0031192369609833394,0.9871694339527242,0.4053549867620162,0.10513776909955222
Defect_L4_B181_el5491_H4_W4.npy,-272.02479999999997,4773.9690900000005,0.003146628081993275,0.9861866654673279,0.4053707446070336,0.1050860329404222
Defect_L4_B182_el5495_H4_W4.npy,-272.0324,4773.78147,0.0031451474808575977,0.9861501141008705,0.4053734511434266,0.10507842041832444
Defect_L4_B183_el5499_H4_W4.npy,-272.05420000000004,4773.43076,0.0031409004933894776,0.9860817902029375,0.4053753650270321,0.10506827022323555
Defect_L4_B184_el5503_H4_W4.npy,-272.4679,4772.83688,0.0030603051394648096,0.985966092913141,0.40537801233175746,0.10505089603728501
Defect_L4_B185_el5507_H4_W4.npy,-272.95410000000004,4768.6541,0.0029655856299695645,0.9851512207002112,0.40538279594429655,0.10501986599817009
Defect_L4_B186_el5511_H4_W4.npy,-268.2319,4787.20472,0.003885545456663106,0.9887651771527667,0.4053869814591339,0.10498245399397396
Defect_L4_B187_el5515_H4_W4.npy,-274.949,4765.8430100000005,0.0025769473134495307,0.984603575562517,0.4053884404260688,0.10497501269029344
Defect_L4_B188_el5519_H4_W4.npy,-272.2306,4774.77394,0.003106534961766783,0.9863434630757548,0.4053895183403991,0.10498764077821772
Defect_L4_B189_el5523_H4_W4.npy,-272.29110000000003,4775.47077,0.003094748597463068,0.9864792166664614,0.4053859169179979,0.10501365581105342
Defect_L4_B18_el467_H4_W4.npy,-272.1579,4775.43848,0.00312069808052512,0.9864729260597942,0.4053784922096427,0.10503902921352144
Defect_L4_B190_el5527_H4_W4.npy,-272.2824,4776.2036,0.003096443496131541,0.9866219836309686,0.40538221026993315,0.10503419790337173
Defect_L4_B191_el5531_H4_W4.npy,-272.2736,4777.03815,0.0030981578763939,0.9867845672727813,0.40537936068083846,0.1050554272394467
Defect_L4_B192_el5535_H4_W4.npy,-272.2702,4777.8189600000005,0.003098820250586174,0.9869366815060371,0.4053761543552146,0.10507783094183427
Defect_L4_B193_el5539_H4_W4.npy,-272.2542,4778.48233,0.0031019373056086347,0.9870659165554279,0.4053717300326654,0.1051000676014056
Defect_L4_B194_el5827_H4_W4.npy,-272.06609999999995,4774.31571,0.0031385821837165346,0.9862541925680708,0.40537466601305155,0.10507349495438398
Defect_L4_B195_el5831_H4_W4.npy,-272.0738,4774.20834,0.003137082100986961,0.9862332751807107,0.4053765174368915,0.10506796249288941
Defect_L4_B196_el5835_H4_W4.npy,-272.1111,4774.02823,0.00312981546646583,0.9861981868819546,0.4053771715682052,0.10506225572009095
Defect_L4_B197_el5839_H4_W4.npy,-272.4216,4773.75987,0.00306932511743607,0.9861459060765903,0.4053781172268567,0.10505374778345924
Defect_L4_B198_el5843_H4_W4.npy,-272.3895,4772.012570000001,0.0030755787090748984,0.985805504186543,0.40537956485237675,0.10504166697003281
Defect_L4_B199_el5847_H4_W4.npy,-269.9946,4782.68441,0.003542143401156629,0.9878845487159785,0.4053808510624104,0.10502720888187331
Defect_L4_B19_el471_H4_W4.npy,-272.1588,4775.44816,0.0031205227461801057,0.9864748118780828,0.4053784417138566,0.10504366215157893
Defect_L4_B1_el115_H4_W4.npy,-272.1553,4775.45703,0.0031212046019662653,0.9864765398954608,0.4053776373586541,0.10499160228844487
Defect_L4_B200_el5851_H4_W4.npy,-273.8267,4770.6501,0.002795589241681742,0.985540073314264,0.4053810037418377,0.10502584698084509
Defect_L4_B201_el5855_H4_W4.npy,-272.2615,4775.29188,0.0031005151492546363,0.9864443660431509,0.4053814862709319,0.10503201579266705
Defect_L4_B202_el5859_H4_W4.npy,-272.2606,4775.51234,0.0031006904835996505,0.9864873151650417,0.4053804159678871,0.10504016330352547
Defect_L4_B203_el5863_H4_W4.npy,-272.2402,4775.74636,0.0031046647287532956,0.9865329059910641,0.405379582660742,0.10504268381591952
Defect_L4_B204_el5867_H4_W4.npy,-272.2276,4776.0368100000005,0.003107119409583493,0.9865894902805189,0.40537914511365847,0.10504447885753405
Defect_L4_B205_el5871_H4_W4.npy,-272.2206,4776.32589,0.0031084831211558236,0.9866458076721373,0.4053787248807682,0.10504743267640776
Defect_L4_B206_el5875_H4_W4.npy,-272.20459999999997,4776.60021,0.003111600176178295,0.9866992495804974,0.4053769494272534,0.10505279969192013
Defect_L4_B207_el6163_H4_W4.npy,-272.1151,4774.75652,0.0031290362027102205,0.9863400693820992,0.40537580538380086,0.10508004676317491
Defect_L4_B208_el6167_H4_W4.npy,-272.1202,4774.65448,0.003128042641421804,0.9863201903636933,0.4053770348929226,0.10507445749403793
Defect_L4_B209_el6171_H4_W4.npy,-272.1528,4774.48074,0.0031216916418135257,0.9862863430424681,0.4053773183501932,0.10506857046078315
Defect_L4_B20_el475_H4_W4.npy,-272.1592,4775.42727,0.0031204448198045415,0.9864707421731191,0.4053783401370805,0.10504884149282118
Defect_L4_B210_el6175_H4_W4.npy,-272.3528,4774.27933,0.003082728454032683,0.9862471051642135,0.40537776817396454,0.10506115478357668
Defect_L4_B211_el6179_H4_W4.npy,-272.16650000000004,4773.57004,0.0031190226634505323,0.986108924166908,0.40537840749536613,0.10505244905309821
Defect_L4_B212_el6183_H4_W4.npy,-271.0081,4779.30613,0.0033446974470771923,0.9872264059258972,0.40537908348416185,0.10504196994485406
Defect_L4_B213_el6187_H4_W4.npy,-273.0777,4773.06508,0.0029415063799210113,0.986010549910399,0.4053792311850176,0.10503786931575704
Defect_L4_B214_el6191_H4_W4.npy,-272.2378,4775.40989,0.00310513228700667,0.986467356272101,0.4053795136381237,0.10503889235970686
Defect_L4_B215_el6195_H4_W4.npy,-272.2196,4775.51376,0.0031086779370947232,0.986487591803675,0.4053791687501371,0.10504041104654785
Defect_L4_B216_el6199_H4_W4.npy,-272.2024,4775.5386,0.0031120287712438762,0.9864924310315973,0.40537912366505946,0.10503756152665446
Defect_L4_B217_el6203_H4_W4.npy,-272.1903,4775.5929,0.003114386044104624,0.9865030095370798,0.40537930536006656,0.10503387129618416
Defect_L4_B218_el6207_H4_W4.npy,-272.1824,4775.6669999999995,0.0031159250900219685,0.9865174453981526,0.40537946718091217,0.105031105962502
Defect_L4_B219_el6211_H4_W4.npy,-272.1669,4775.73829,0.003118944737074979,0.9865313338264372,0.4053784275505655,0.1050307135746824
Defect_L4_B21_el479_H4_W4.npy,-272.1573,4775.41654,0.0031208149700884553,0.9864686517980947,0.40537818480738735,0.10505523229090624
Defect_L4_B22_el483_H4_W4.npy,-272.1546,4775.41596,0.0031213409731234974,0.9864685388048502,0.40537802011764934,0.10506208105299385
Defect_L4_B23_el487_H4_W4.npy,-272.15389999999996,4775.4158,0.0031214773442807403,0.9864685076342998,0.4053778949615611,0.10506854343320977
Defect_L4_B24_el491_H4_W4.npy,-272.1535,4775.42605,0.0031215552706562936,0.9864705044976737,0.4053777940402593,0.10507457185763026
Defect_L4_B25_el495_H4_W4.npy,-272.1541,4775.43657,0.003121438381092947,0.9864725539613509,0.4053777775877385,0.10507988729289985
Defect_L4_B26_el499_H4_W4.npy,-272.1565,4775.45751,0.0031209708228395836,0.9864766334071117,0.4053766388806584,0.10508585996839531
Defect_L4_B27_el787_H4_W4.npy,-272.1508,4775.47592,0.0031220812736913357,0.9864802199685468,0.40537647466792265,0.10504072338214385
Defect_L4_B28_el791_H4_W4.npy,-272.158,4775.45756,0.003120678598931223,0.9864766431479085,0.40537843129217216,0.10504000116161945
Defect_L4_B29_el795_H4_W4.npy,-272.1627,4775.44844,0.0031197629640183815,0.9864748664265458,0.4053786360560073,0.10504183298328207
Defect_L4_B2_el119_H4_W4.npy,-272.15680000000003,4775.45737,0.003120912378057905,0.9864766061328801,0.4053785217724346,0.10500427704171837
Defect_L4_B30_el799_H4_W4.npy,-272.16589999999997,4775.42888,0.0031191395530138894,0.9864710558267809,0.40537879382638425,0.10504363421065643
Defect_L4_B31_el803_H4_W4.npy,-272.1594,4775.41926,0.0031204058566167594,0.9864691816974485,0.40537890371049595,0.10504519007121556
Defect_L4_B32_el807_H4_W4.npy,-272.1605,4775.438889999999,0.003120191559083963,0.9864730059343291,0.4053789925280323,0.10504617407885035
Defect_L4_B33_el811_H4_W4.npy,-272.16310000000004,4775.41739,0.0031196850376428065,0.9864688173916427,0.40537895877984215,0.10504781609292495
Defect_L4_B34_el815_H4_W4.npy,-272.1591,4775.39595,0.003120464301398427,0.9864646405379127,0.4053788081498096,0.10505173548820916
Defect_L4_B35_el819_H4_W4.npy,-272.154,4775.38467,0.0031214578626868436,0.9864624430141219,0.4053786020427206,0.10505668908205681
Defect_L4_B36_el823_H4_W4.npy,-272.1508,4775.394319999999,0.0031220812736913357,0.9864643229879322,0.40537839122344665,0.10506101952068855
Defect_L4_B37_el827_H4_W4.npy,-272.15090000000004,4775.40479,0.003122061792097439,0.9864663627108124,0.40537814447675874,0.10506466105317792
Defect_L4_B38_el831_H4_W4.npy,-272.1522,4775.42571,0.003121808531376872,0.9864704382602545,0.4053778630770987,0.10506743805810674
Defect_L4_B39_el835_H4_W4.npy,-272.156,4775.45756,0.0031210682308090336,0.9864766431479085,0.40537600945004004,0.10507178243261836
Defect_L4_B3_el123_H4_W4.npy,-272.1569,4775.45754,0.0031208928964640194,0.9864766392515898,0.4053784015932721,0.10501768911685976
Defect_L4_B40_el1123_H4_W4.npy,-272.1481,4775.49505,0.0031226072767263783,0.9864839467974582,0.4053757779594454,0.10504830582538566
Defect_L4_B41_el1127_H4_W4.npy,-272.1583,4775.46735,0.0031206201541495553,0.9864785503959504,0.40537820190516516,0.1050465073488326
Defect_L4_B42_el1131_H4_W4.npy,-272.1661,4775.438709999999,0.0031191005898261073,0.9864729708674601,0.4053786101098651,0.10504782778511289
Defect_L4_B43_el1135_H4_W4.npy,-272.1726,4775.41949,0.003117834286223227,0.9864692265051145,0.4053789423952437,0.1050487643265154
Defect_L4_B44_el1139_H4_W4.npy,-272.1613,4775.40021,0.0031200357063328457,0.9864654704538124,0.40537918788019517,0.10504881850716098
Defect_L4_B45_el1143_H4_W4.npy,-272.1621,4775.429910000001,0.003119879853581717,0.986471256487198,0.40537939816848606,0.10504726489586527
Defect_L4_B46_el1147_H4_W4.npy,-272.1663,4775.4075299999995,0.0031190616266383252,0.9864668965064851,0.4053794042870031,0.10504614279110834
Defect_L4_B47_el1151_H4_W4.npy,-272.1603,4775.37522,0.0031202305222717453,0.9864606020034992,0.40537921773924185,0.10504843324955404
Defect_L4_B48_el1155_H4_W4.npy,-272.1514,4775.35307,0.0031219643841279895,0.9864562868304525,0.40537889373842684,0.10505241815138418
Defect_L4_B49_el1159_H4_W4.npy,-272.1468,4775.36239,0.0031228605374469566,0.9864581025150031,0.4053785734728534,0.1050554552720343
Defect_L4_B4_el127_H4_W4.npy,-272.15680000000003,4775.44769,0.003120912378057905,0.9864747203145916,0.40537822382016814,0.10502895457939736
Defect_L4_B50_el1163_H4_W4.npy,-272.1464,4775.38299,0.0031229384638225095,0.9864621157233445,0.4053781614384527,0.10505765077284687
Defect_L4_B51_el1167_H4_W4.npy,-272.14939999999996,4775.41442,0.0031223540160058108,0.9864682387883043,0.40537767399512453,0.10505902822495457
Defect_L4_B52_el1171_H4_W4.npy,-272.1547,4775.4572100000005,0.003121321491529612,0.98647657496233,0.4053753757958459,0.10506275033069905
Defect_L4_B53_el1459_H4_W4.npy,-272.1461,4775.50406,0.0031229969086041883,0.9864857020890676,0.40537524575385253,0.10505359569246048
Defect_L4_B54_el1463_H4_W4.npy,-272.1603,4775.467000000001,0.0031202305222717453,0.9864784822103719,0.40537798362069744,0.10505063758712821
Defect_L4_B55_el1467_H4_W4.npy,-272.1724,4775.429050000001,0.003117873249411009,0.9864710889454905,0.4053785826347071,0.10505129913829798
Defect_L4_B56_el1471_H4_W4.npy,-272.1839,4775.39014,0.003115632866113608,0.9864635086573077,0.4053790359086636,0.10505156212263027
Defect_L4_B57_el1475_H4_W4.npy,-272.1626,4775.37148,0.0031197824456122673,0.9864598733918877,0.40537941359495216,0.1050505861296825
Defect_L4_B58_el1479_H4_W4.npy,-272.1643,4775.44147,0.0031194512585161244,0.9864735085594516,0.4053797588789118,0.10504683752712625
Defect_L4_B59_el1483_H4_W4.npy,-272.1721,4775.39793,0.0031179316941926764,0.9864650262734718,0.40537976913277823,0.1050432443952466
Defect_L4_B5_el131_H4_W4.npy,-272.15529999999995,4775.45771,0.0031212046019662766,0.9864766723702993,0.4053780030533592,0.10503800097441893
Defect_L4_B60_el1487_H4_W4.npy,-272.16330000000005,4775.3546,0.003119646074455024,0.9864565848988389,0.4053795712902286,0.10504471402071239
Defect_L4_B61_el1491_H4_W4.npy,-272.1483,4775.32082,0.0031225683135385957,0.9864500040164228,0.4053791316641934,0.10504904110550639
Defect_L4_B62_el1495_H4_W4.npy,-272.14079999999996,4775.32952,0.0031240294330803875,0.9864516989150913,0.40537864138101437,0.10505208484387188
Defect_L4_B63_el1499_H4_W4.npy,-272.14119999999997,4775.36032,0.0031239515067048233,0.9864576992460095,0.40537807523473346,0.10505398997727768
Defect_L4_B64_el1503_H4_W4.npy,-272.14459999999997,4775.39229,0.0031232891325125487,0.9864639275115762,0.4053773893705673,0.10505498179076285
Defect_L4_B65_el1507_H4_W4.npy,-272.1516,4775.44624,0.0031219254209402182,0.9864744378314803,0.4053747503638723,0.10505877108566702
Defect_L4_B66_el1795_H4_W4.npy,-272.1486,4775.50344,0.0031225098687569283,0.9864855813031855,0.4053747435669591,0.10506012063786531
Defect_L4_B67_el1799_H4_W4.npy,-272.1664,4775.45692,0.0031190421450444285,0.9864765184657076,0.4053776161307527,0.10505445778518324
Defect_L4_B68_el1803_H4_W4.npy,-272.1816,4775.4194,0.003116080942773086,0.9864692089716799,0.4053784478410824,0.10505275519437059
Defect_L4_B69_el1807_H4_W4.npy,-272.2002,4775.360729999999,0.0031124573663094688,0.9864577791205443,0.40537908922918897,0.10505113618814266
Defect_L4_B6_el135_H4_W4.npy,-272.1558,4775.45753,0.0031211071939968157,0.9864766373034304,0.4053777519262024,0.10504539535001862
Defect_L4_B70_el1811_H4_W4.npy,-272.1615,4775.33276,0.0031199967431450636,0.9864523301187333,0.4053796714231263,0.10504856752469112
Defect_L4_B71_el1815_H4_W4.npy,-272.1645,4775.47353,0.0031194122953283536,0.9864797543584529,0.40538014668061834,0.10504234207706459
Defect_L4_B72_el1819_H4_W4.npy,-272.1799,4775.3884800000005,0.0031164121298692285,0.9864631852628492,0.40537999393109014,0.10503618523144162
Defect_L4_B73_el1823_H4_W4.npy,-272.1678,4775.33428,0.003118769402729965,0.9864526262389605,0.4053798904531643,0.1050373013435095
Defect_L4_B74_el1827_H4_W4.npy,-272.14320000000004,4775.28812,0.0031235618748270016,0.9864436335352207,0.40537931521649445,0.10504383922295864
Defect_L4_B75_el1831_H4_W4.npy,-272.13169999999997,4775.29578,0.0031258022581244138,0.9864451258253127,0.4053785109198581,0.1050490113847411
Defect_L4_B76_el1835_H4_W4.npy,-272.1316,4775.32655,0.003125821739718299,0.9864511203117526,0.4053777098483495,0.10505202729075185
Defect_L4_B77_el1839_H4_W4.npy,-272.13570000000004,4775.36912,0.003125022994368782,0.9864594136262719,0.40537685446239385,0.10505363920407301
Defect_L4_B78_el1843_H4_W4.npy,-272.1466,4775.43402,0.0031228995006347387,0.9864720571807067,0.4053741478509305,0.10505803527375521
Defect_L4_B79_el2131_H4_W4.npy,-272.1576,4775.49291,0.0031207565253067874,0.9864835298913488,0.40537221942885177,0.10508213533970383
Defect_L4_B7_el139_H4_W4.npy,-272.1575,4775.4472399999995,0.0031207760069006728,0.986474632647419,0.40537748310242017,0.10505198827616506
Defect_L4_B80_el2135_H4_W4.npy,-272.1773,4775.45705,0.0031169186513103743,0.9864765437917797,0.40537618079016857,0.1050684138932697
Defect_L4_B81_el2139_H4_W4.npy,-272.1956,4775.42044,0.0031133535196284246,0.9864694115802564,0.40537830316549356,0.10505741864604978
Defect_L4_B82_el2143_H4_W4.npy,-272.22679999999997,4775.34252,0.0031072752623346215,0.986454231522297,0.40538014236419967,0.10504674897637149
Defect_L4_B83_el2147_H4_W4.npy,-272.1594,4775.26572,0.0031204058566167594,0.9864392696581893,0.4053819031734167,0.1050366629685102
Defect_L4_B84_el2151_H4_W4.npy,-272.1639,4775.537429999999,0.003119529184891689,0.9864922030969487,0.405383070183127,0.10502391376898931
Defect_L4_B85_el2155_H4_W4.npy,-272.1888,4775.39959,0.003114678268012973,0.9864653496679303,0.40538256166252473,0.10501429607886652
Defect_L4_B86_el2159_H4_W4.npy,-272.1743,4775.33429,0.003117503099127084,0.9864526281871198,0.4053822920797288,0.10501761963005198
Defect_L4_B87_el2163_H4_W4.npy,-272.1314,4775.2436,0.0031258607029060813,0.9864349603296205,0.40538080972832397,0.10503389130258647
Defect_L4_B88_el2167_H4_W4.npy,-272.1157,4775.249860000001,0.0031289193131468743,0.9864361798773983,0.40537844550635155,0.10504825597268487
Defect_L4_B89_el2171_H4_W4.npy,-272.11499999999995,4775.29079,0.0031290556843041172,0.9864441536937775,0.40537678549937844,0.10505619498875687
Defect_L4_B8_el143_H4_W4.npy,-272.1565,4775.44698,0.0031209708228395836,0.9864745819952749,0.40537719872338784,0.10505840080396837
Defect_L4_B90_el2175_H4_W4.npy,-272.1211,4775.333890000001,0.0031278673070767897,0.9864525502607444,0.4053753399018413,0.10506055819214374
Defect_L4_B91_el2179_H4_W4.npy,-272.1337,4775.40995,0.0031254126262466033,0.9864673679610574,0.4053722902965037,0.10506630074712668
Defect_L4_B92_el2467_H4_W4.npy,-272.1661,4775.44952,0.0031191005898261073,0.9864750768277598,0.40536102905949506,0.10511188134375539
Defect_L4_B93_el2471_H4_W4.npy,-272.1816,4775.474069999999,0.003116080942773086,0.9864798595590597,0.40536804522187087,0.10510303371152416
Defect_L4_B94_el2475_H4_W4.npy,-272.19759999999997,4775.54199,0.0031129638877506255,0.9864930914576302,0.40537635867959954,0.10508992480007606
Defect_L4_B95_el2479_H4_W4.npy,-272.2387,4775.59358,0.0031049569526616565,0.9865031420119182,0.40538775279949796,0.10505730100935459
Defect_L4_B96_el2499_H4_W4.npy,-272.08829999999995,4775.28485,0.003134257269872861,0.9864429964871004,0.4053895785461302,0.10501995299604484
Defect_L4_B97_el2503_H4_W4.npy,-272.08709999999996,4775.3342999999995,0.003134491048999543,0.9864526301352792,0.40537912032674217,0.10506356269153284
Defect_L4_B98_el2507_H4_W4.npy,-272.0951,4775.34695,0.0031329325214883015,0.9864550945569064,0.40537265813305173,0.10507788242722586
Defect_L4_B99_el2511_H4_W4.npy,-272.10429999999997,4775.34993,0.00313114021485039,0.9864556751084044,0.4053687346637992,0.10508118937106443
Defect_L4_B9_el147_H4_W4.npy,-272.1563,4775.43696,0.0031210097860273657,0.9864726299395671,0.4053769669090737,0.10506475956939669
Defect_L5_B100_el2515_H4_W4.npy,-272.1274,4775.39755,0.003126639966661691,0.9864649522434149,0.40536888504730084,0.10504883800283106
Defect_L5_B101_el2803_H4_W4.npy,-272.16229999999996,4775.36933,0.003119840890393946,0.9864594545376191,0.40535667905645856,0.1050506994957674
Defect_L5_B102_el2807_H4_W4.npy,-272.1751,4775.38288,0.0031173472463759664,0.9864620942935912,0.40535690643245864,0.10505546279004196
Defect_L5_B103_el2811_H4_W4.npy,-272.18190000000004,4775.45785,0.003116022497991407,0.9864766996445308,0.40535840108285015,0.10506702149671124
Defect_L5_B104_el2815_H4_W4.npy,-272.1766,4775.67138,0.003117055022467606,0.9865182986919651,0.40536776727476237,0.10507826261996257
Defect_L5_B105_el2835_H4_W4.npy,-272.0257,4775.90019,0.0031464527476482607,0.9865628745269458,0.40542404542875565,0.10499649241949813
Defect_L5_B106_el2839_H4_W4.npy,-272.0926,4775.73393,0.0031334195613355615,0.9865304844289435,0.40537600627734144,0.10505580109627605
Defect_L5_B107_el2843_H4_W4.npy,-272.12219999999996,4775.55852,0.0031276530095440042,0.9864963117651002,0.405362637956124,0.10505463923700263
Defect_L5_B108_el2847_H4_W4.npy,-272.1296,4775.44831,0.0031262113715961096,0.9864748411004737,0.4053593673619851,0.10504756552882036
Defect_L5_B109_el2851_H4_W4.npy,-272.13100000000003,4775.38785,0.0031259386292816346,0.9864630625288076,0.40535845610769283,0.10504498411549945
Defect_L5_B10_el151_H4_W4.npy,-272.1559,4775.4472399999995,0.00312108771240293,0.986474632647419,0.4053755200720987,0.10503807067585998
Defect_L5_B110_el3139_H4_W4.npy,-272.1695,4775.301450000001,0.0031184382156338223,0.9864462304316863,0.40536222559883184,0.10505070072611937
Defect_L5_B111_el3143_H4_W4.npy,-272.2063,4775.17839,0.0031112689890821525,0.9864222563822447,0.4053658879745131,0.10504945486510955
Defect_L5_B112_el3147_H4_W4.npy,-272.2453,4774.91919,0.00310367116746489,0.9863717600908806,0.4053755390029666,0.10504911813427842
Defect_L5_B113_el3151_H4_W4.npy,-272.30240000000003,4774.42918,0.0030925471773534494,0.9862762983326583,0.4054006077018268,0.10503514593043244
Defect_L5_B114_el3171_H4_W4.npy,-272.4248,4774.21566,0.003068701706431578,0.9862347012333834,0.4054916517969936,0.10504461962016208
Defect_L5_B115_el3175_H4_W4.npy,-272.1612,4774.3893100000005,0.003120055187926731,0.9862685310211742,0.40542272436186894,0.10512728781188037
Defect_L5_B116_el3179_H4_W4.npy,-272.0876,4774.70741,0.003134393641030082,0.9863305019713395,0.4053730704589488,0.10507145592967806
Defect_L5_B117_el3183_H4_W4.npy,-272.0892,4774.98657,0.0031340819355278357,0.9863848867888441,0.40536249625409226,0.10506469163946283
Defect_L5_B118_el3187_H4_W4.npy,-272.1107,4775.159989999999,0.0031298933928413943,0.9864186717689687,0.4053587351979273,0.10506012550691038
Defect_L5_B119_el3475_H4_W4.npy,-272.17310000000003,4775.36268,0.003117736878253766,0.9864581590116254,0.4053702412812749,0.1050605809069734
Defect_L5_B11_el155_H4_W4.npy,-272.1559,4775.44726,0.00312108771240293,0.9864746365437378,0.40537567928760493,0.10504378386777556
Defect_L5_B120_el3479_H4_W4.npy,-272.1951,4775.30475,0.0031134509275978746,0.9864468733242846,0.40537232049173566,0.1050493497343645
Defect_L5_B121_el3483_H4_W4.npy,-272.218,4775.21658,0.003108989642596969,0.9864296964029514,0.40537529114497867,0.10503687942849838
Defect_L5_B122_el3487_H4_W4.npy,-272.2657,4775.1268900000005,0.0030996969223112446,0.9864122233613912,0.40537883976536976,0.10501853729761826
Defect_L5_B123_el3491_H4_W4.npy,-272.1344,4775.06423,0.0031252762550893604,0.9864000161946593,0.4053816242499554,0.10499419325693975
Defect_L5_B124_el3495_H4_W4.npy,-272.2016,4775.58978,0.003112184623995005,0.9865024017113505,0.40538661502124607,0.10495443692193804
Defect_L5_B125_el3499_H4_W4.npy,-272.326,4775.474999999999,0.003087949521195312,0.986480040737883,0.40539016725652544,0.10492085507508998
Defect_L5_B126_el3503_H4_W4.npy,-272.20300000000003,4775.02199,0.00311191188168053,0.9863917871694001,0.4053889814215332,0.10494452045547677
Defect_L5_B127_el3507_H4_W4.npy,-272.1508,4774.916499999999,0.0031220812736913357,0.986371236036005,0.4053859377557496,0.10497176713822921
Defect_L5_B128_el3511_H4_W4.npy,-272.0792,4774.82371,0.003136030094916876,0.9863531590650341,0.40538329076584867,0.10500090987047375
Defect_L5_B129_el3515_H4_W4.npy,-272.0494,4774.89556,0.0031418356098962268,0.9863671565902443,0.40537779844510574,0.1050321341869955
Defect_L5_B12_el159_H4_W4.npy,-272.156,4775.43715,0.0031210682308090336,0.9864726669545955,0.4053761387690604,0.10505047537346038
Defect_L5_B130_el3519_H4_W4.npy,-272.06059999999997,4775.04255,0.0031396536713805046,0.9863957925851039,0.40537242858638667,0.10505363399911531
Defect_L5_B131_el3523_H4_W4.npy,-272.0879,4775.16538,0.003134335196248414,0.9864197218268796,0.405368529313338,0.10506921518735364
Defect_L5_B132_el3811_H4_W4.npy,-272.20250000000004,4775.399329999999,0.0031120092896499796,0.9864652990157861,0.4053675710855684,0.105084016080592
Defect_L5_B133_el3815_H4_W4.npy,-272.1834,4775.4501,0.0031157302740830576,0.9864751898210044,0.4053718086550744,0.10506146710197471
Defect_L5_B134_el3819_H4_W4.npy,-272.1621,4775.54126,0.003119879853581717,0.9864929492419948,0.4053770967158201,0.10503396770957582
Defect_L5_B135_el3823_H4_W4.npy,-272.2014,4775.57309,0.003112223587182787,0.9864991502333301,0.40538194501833086,0.10500160388266613
Defect_L5_B136_el3827_H4_W4.npy,-272.2002,4774.907459999999,0.0031124573663094688,0.9863694748999172,0.4053857485572969,0.10497102807776104
Defect_L5_B137_el3831_H4_W4.npy,-272.28340000000003,4775.657999999999,0.0030962486801926307,0.9865156920547025,0.40539289565375597,0.10492346765245263
Defect_L5_B138_el3835_H4_W4.npy,-272.4187,4775.63591,0.0030698900836588945,0.9865113885706122,0.40539342741432505,0.1048958451951112
Defect_L5_B139_el3839_H4_W4.npy,-272.06870000000004,4775.06348,0.0031380756622753666,0.9863998700827051,0.40540959580958635,0.10500379216019691
Defect_L5_B13_el163_H4_W4.npy,-272.156,4775.437129999999,0.0031210682308090336,0.9864726630582766,0.4053766674372077,0.10505899256739212
Defect_L5_B140_el3843_H4_W4.npy,-272.02840000000003,4775.05085,0.0031459267446132073,0.9863974095573967,0.40538241662797353,0.10498795121724633
Defect_L5_B141_el3847_H4_W4.npy,-272.0396,4775.20874,0.003143744806097485,0.9864281690459904,0.40537751762929775,0.10502082812245551
Defect_L5_B142_el3851_H4_W4.npy,-272.0424,4775.27075,0.0031431993214685572,0.9864402495823618,0.40537378455522227,0.10504144510562313
Defect_L5_B143_el3855_H4_W4.npy,-272.0453,4775.29165,0.003142634355245733,0.986444321235485,0.4053708254981755,0.10505474738922202
Defect_L5_B144_el3859_H4_W4.npy,-272.0535,4775.30382,0.0031410368645467205,0.9864466921454614,0.4053687805550637,0.10506550663256355
Defect_L5_B145_el4147_H4_W4.npy,-272.2046,4775.4747,0.0031116001761782837,0.9864799822931013,0.4053578347848806,0.1050861835449694
Defect_L5_B146_el4151_H4_W4.npy,-272.09090000000003,4775.56431,0.003133750748431693,0.9864974397493865,0.40536714061674917,0.10507635617645111
Defect_L5_B147_el4155_H4_W4.npy,-271.9133,4775.9129,0.003168350059181092,0.9865653506375293,0.4053876775102233,0.10505482512135333
Defect_L5_B148_el4159_H4_W4.npy,-271.6855,4776.80406,0.0032127291300634744,0.9867389628096431,0.4054283723388241,0.10500139937336365
Defect_L5_B149_el4179_H4_W4.npy,-271.93370000000004,4776.40269,0.0031643758140274354,0.986660769536245,0.4054891498478688,0.1048878312010349
Defect_L5_B14_el451_H4_W4.npy,-272.1554,4775.45705,0.00312118512037238,0.9864765437917797,0.4053777253724618,0.10500651646600093
Defect_L5_B150_el4183_H4_W4.npy,-272.21410000000003,4776.259969999999,0.0031097494247586933,0.9866329654054445,0.40541925051299676,0.10500052860041209
Defect_L5_B151_el4187_H4_W4.npy,-272.1855,4775.90886,0.0031153211606113618,0.986564563581136,0.40538296254123163,0.10504568402009692
Defect_L5_B152_el4191_H4_W4.npy,-272.1195,4775.67821,0.0031281790125790355,0.9865196292848278,0.40536600633680214,0.10506187401484075
Defect_L5_B153_el4195_H4_W4.npy,-272.0677,4775.53435,0.0031382704782142775,0.986491603063857,0.4053589404860264,0.10506867776699873
Defect_L5_B154_el4483_H4_W4.npy,-272.31539999999995,4775.6834,0.00309001457014771,0.9865206403795507,0.40535556343638474,0.10505827971568564
Defect_L5_B155_el4487_H4_W4.npy,-272.2442,4775.55441,0.0031038854649976864,0.9864955110715914,0.40535735637895226,0.10505931925207747
Defect_L5_B156_el4491_H4_W4.npy,-272.1248,4775.4044699999995,0.0031271464881028476,0.9864663003697121,0.40536126401974043,0.10505618011564544
Defect_L5_B157_el4495_H4_W4.npy,-271.9775,4775.31899,0.0031558428759034347,0.9864496475032546,0.40536870479244647,0.10504094497337144
Defect_L5_B158_el4515_H4_W4.npy,-272.282,4775.50401,0.0030965214225071058,0.9864856923482705,0.4053904369895529,0.10496441916705246
Defect_L5_B159_el4519_H4_W4.npy,-272.167,4775.45454,0.0031189252554810936,0.986476054803773,0.40537610849622424,0.10500839332414018
Defect_L5_B15_el455_H4_W4.npy,-272.15680000000003,4775.45768,0.003120912378057905,0.9864766665258213,0.4053774670562165,0.1050056447329666
Defect_L5_B160_el4523_H4_W4.npy,-272.15819999999997,4775.58809,0.003120639635743452,0.9865020724724137,0.40536552131793113,0.1050357187633267
Defect_L5_B161_el4527_H4_W4.npy,-272.1331,4775.7148,0.0031255295158099388,0.9865267576000323,0.4053582982749776,0.10504949111192358
Defect_L5_B162_el4531_H4_W4.npy,-272.1004,4775.76933,0.0031318999970121135,0.9865373809131808,0.4053543488760918,0.10505448168699774
Defect_L5_B163_el4819_H4_W4.npy,-272.43059999999997,4776.078710000001,0.0030675717739859403,0.986597653068359,0.4053562836323036,0.10505678397345894
Defect_L5_B164_el4823_H4_W4.npy,-272.3786,4775.89302,0.003077702202808953,0.9865614776966639,0.4053634718336713,0.10504902458931238
Defect_L5_B165_el4827_H4_W4.npy,-272.2733,4775.74338,0.003098216321175568,0.9865323254395661,0.4053771115872962,0.10502846617133071
Defect_L5_B166_el4831_H4_W4.npy,-272.1936,4775.76028,0.003113743151506235,0.9865356178289337,0.40539895511293117,0.10498054474866107
Defect_L5_B167_el4851_H4_W4.npy,-272.1852,4776.70142,0.0031153796053930297,0.986718966901674,0.4053958422043951,0.1049877783098236
Defect_L5_B168_el4855_H4_W4.npy,-272.08230000000003,4776.83162,0.00313542616550627,0.9867443319369192,0.4053835089516385,0.10503142126989176
Defect_L5_B169_el4859_H4_W4.npy,-272.06879999999995,4776.6209,0.003138056180681492,0.9867032803222734,0.405369653988891,0.10505568270846921
Defect_L5_B16_el459_H4_W4.npy,-272.158,4775.44791,0.003120678598931223,0.9864747631740981,0.4053771345751987,0.1050074967094705
Defect_L5_B170_el4863_H4_W4.npy,-272.0713,4776.49366,0.003137569140834221,0.9866784919422072,0.40536139224587225,0.1050629190921628
Defect_L5_B171_el4867_H4_W4.npy,-272.0737,4776.45685,0.0031371015825808575,0.9866713207674961,0.40535715645390685,0.10506392252968506
Defect_L5_B172_el5155_H4_W4.npy,-272.2069,4775.386570000001,0.003111152099518806,0.9864628131644059,0.4053646408570792,0.1050678841660728
Defect_L5_B173_el5159_H4_W4.npy,-272.1833,4775.005349999999,0.0031157497556769543,0.9863885454321766,0.40536921288067085,0.10506108406148863
Defect_L5_B174_el5163_H4_W4.npy,-272.0788,4774.20121,0.0031361080212924408,0.9862318861430662,0.40537822385511996,0.10504811548340569
Defect_L5_B175_el5167_H4_W4.npy,-271.9123,4772.82231,0.0031685448751199914,0.9859632544449111,0.4053931672089996,0.10501898703933375
Defect_L5_B176_el5187_H4_W4.npy,-272.289,4775.31877,0.0030951577109347753,0.986449604643748,0.40544398533484366,0.10490394289031033
Defect_L5_B177_el5191_H4_W4.npy,-272.21229999999997,4776.1468,0.0031101000934487325,0.9866109180856389,0.4054147478525987,0.10498599535893739
Defect_L5_B178_el5195_H4_W4.npy,-272.1751,4776.952499999999,0.0031173472463759664,0.986767881287614,0.40539034102029337,0.1050395374009501
Defect_L5_B179_el5199_H4_W4.npy,-272.16179999999997,4777.44096,0.0031199382983633957,0.9868630410811312,0.405374037742526,0.1050690440729128
Defect_L5_B17_el463_H4_W4.npy,-272.15819999999997,4775.4480699999995,0.003120639635743452,0.9864747943446482,0.4053769379146854,0.10501008712201541
Defect_L5_B180_el5203_H4_W4.npy,-272.1531,4777.727999999999,0.003121633197031858,0.9869189610482341,0.4053644902748477,0.10508718705175955
Defect_L5_B181_el5491_H4_W4.npy,-272.06690000000003,4774.5579800000005,0.003138426330965395,0.9863013906255892,0.4053726734642985,0.10504920052730009
Defect_L5_B182_el5495_H4_W4.npy,-272.06080000000003,4774.42911,0.0031396147081927113,0.9862762846955425,0.4053733280022399,0.10504293109595084
Defect_L5_B183_el5499_H4_W4.npy,-272.06190000000004,4774.15697,0.003139400410659915,0.9862232674859291,0.4053743759818105,0.1050359923148514
Defect_L5_B184_el5503_H4_W4.npy,-272.1739,4773.6424400000005,0.0031175810255026485,0.9861230288408849,0.40537608281108495,0.10502411909400726
Defect_L5_B185_el5507_H4_W4.npy,-272.5016,4771.77512,0.003053739842323735,0.9857592451418501,0.40537975357166245,0.10500119596229708
Defect_L5_B186_el5511_H4_W4.npy,-271.2803,4776.30686,0.0032916685485074627,0.9866421003248198,0.40538371469767903,0.1049688551665952
Defect_L5_B187_el5515_H4_W4.npy,-272.73179999999996,4772.55427,0.0030088932131879884,0.9859110359806472,0.40538527336942676,0.10495952709108952
Defect_L5_B188_el5519_H4_W4.npy,-272.2341,4775.32366,0.0031058531059806123,0.9864505572936892,0.4053857421069785,0.104972730171332
Defect_L5_B189_el5523_H4_W4.npy,-272.2524,4775.67866,0.003102287974298663,0.9865197169520002,0.4053822486784991,0.10499600078828447
Defect_L5_B18_el467_H4_W4.npy,-272.1573,4775.4479599999995,0.0031208149700884553,0.9864747729148949,0.4053767750911844,0.10501315786935674
Defect_L5_B190_el5527_H4_W4.npy,-272.23170000000005,4775.97192,0.0031063206642339756,0.9865768486742433,0.405379462466288,0.10501016460591195
Defect_L5_B191_el5531_H4_W4.npy,-272.22720000000004,4776.423650000001,0.003107197335959046,0.9866648528783246,0.40537780331359474,0.10502418703930903
Defect_L5_B192_el5535_H4_W4.npy,-272.2276,4776.92336,0.003107119409583493,0.9867622043511544,0.40537595852348435,0.10504005707384842
Defect_L5_B193_el5539_H4_W4.npy,-272.2211,4777.3484,0.0031083857131863736,0.9868450089178262,0.40537416046116864,0.10505731758632786
Defect_L5_B194_el5827_H4_W4.npy,-272.08849999999995,4774.72752,0.003134218306685079,0.986334419719871,0.4053752268619004,0.10504076897387346
Defect_L5_B195_el5831_H4_W4.npy,-272.0849,4774.62144,0.003134919644065124,0.9863137536450719,0.405375413243713,0.10503582082015006
Defect_L5_B196_el5835_H4_W4.npy,-272.103,4774.393819999999,0.003131393475570957,0.9862694096410585,0.40537574317167496,0.1050314480677176
Defect_L5_B197_el5839_H4_W4.npy,-272.2184,4774.05083,0.003108911716221416,0.9862025897221739,0.4053765325804924,0.10502450637763573
Defect_L5_B198_el5843_H4_W4.npy,-272.2004,4773.4551,0.0031124184031216867,0.9860865320228904,0.4053778772613822,0.10501419907953942
Defect_L5_B199_el5847_H4_W4.npy,-271.7635,4776.18349,0.003197533486828939,0.9866180658824374,0.40537909447997783,0.1050023005729487
Defect_L5_B19_el471_H4_W4.npy,-272.1585,4775.43757,0.003120581190961773,0.9864727487772899,0.40537664268630186,0.10501647544170964
Defect_L5_B1_el115_H4_W4.npy,-272.1558,4775.45738,0.0031211071939968157,0.9864766080810395,0.4053779630726842,0.10498052365654319
Defect_L5_B200_el5851_H4_W4.npy,-272.51030000000003,4774.1537,0.003052044943655262,0.9862226304378089,0.4053794049726042,0.10500037235625252
Defect_L5_B201_el5855_H4_W4.npy,-272.2325,4775.50179,0.003106164811482858,0.9864852598568863,0.4053794711912411,0.10500628422098661
Defect_L5_B202_el5859_H4_W4.npy,-272.22749999999996,4775.6980699999995,0.0031071388911773894,0.9865234983293744,0.405378604322698,0.10501359691145433
Defect_L5_B203_el5863_H4_W4.npy,-272.2119,4775.8154700000005,0.0031101780198242858,0.9865463697206018,0.40537780592357686,0.10501656317921791
Defect_L5_B204_el5867_H4_W4.npy,-272.20509999999996,4775.94302,0.003111502768208845,0.986571218493609,0.4053774409053645,0.10501848371549778
Defect_L5_B205_el5871_H4_W4.npy,-272.20230000000004,4776.07992,0.0031120482528377616,0.986597888795645,0.4053773331286674,0.10502084240246558
Defect_L5_B206_el5875_H4_W4.npy,-272.19469999999995,4776.18413,0.00311352885397345,0.9866181905646382,0.40537734413493376,0.10502573634493706
Defect_L5_B207_el6163_H4_W4.npy,-272.12059999999997,4774.972320000001,0.0031279647150462505,0.9863821106617148,0.4053760540702915,0.10504533730638332
Defect_L5_B208_el6167_H4_W4.npy,-272.11899999999997,4774.84402,0.0031282764205484963,0.9863571157767532,0.4053759625339429,0.10504045112147757
Defect_L5_B209_el6171_H4_W4.npy,-272.1401,4774.625929999999,0.0031241658042376083,0.9863146283686375,0.40537602480906115,0.10503568241430754
Defect_L5_B20_el475_H4_W4.npy,-272.159,4775.42705,0.0031204837829923236,0.9864706993136126,0.4053765203071115,0.10502027125226761
Defect_L5_B210_el6175_H4_W4.npy,-272.22679999999997,4774.34308,0.0031072752623346215,0.9862595246803185,0.4053764071003936,0.10502936203877154
Defect_L5_B211_el6179_H4_W4.npy,-272.1113,4774.180899999999,0.003129776503278048,0.986227929431347,0.40537705510569266,0.10502180612093426
Defect_L5_B212_el6183_H4_W4.npy,-271.98119999999994,4775.69772,0.003155122056929504,0.9865234301437958,0.40537763791571474,0.10501371135057509
Defect_L5_B213_el6187_H4_W4.npy,-272.3383,4774.84012,0.0030855532851467938,0.9863563559945915,0.4053777707226105,0.10501073926019006
Defect_L5_B214_el6191_H4_W4.npy,-272.20099999999996,4775.5593499999995,0.0031123015135583513,0.9864964734623295,0.4053778234784638,0.10501208712027034
Defect_L5_B215_el6195_H4_W4.npy,-272.19660000000005,4775.66749,0.003113158703689514,0.9865175408579627,0.4053776312032528,0.10501382405295333
Defect_L5_B216_el6199_H4_W4.npy,-272.188,4775.66911,0.0031148341207641018,0.9865178564597837,0.40537756940447967,0.10501267629620507
Defect_L5_B217_el6203_H4_W4.npy,-272.18170000000003,4775.672049999999,0.0031160614611791893,0.986518429218644,0.4053777326980057,0.10501075862322455
Defect_L5_B218_el6207_H4_W4.npy,-272.1781,4775.67506,0.003116762798559257,0.9865190156146202,0.4053780631003774,0.10500928027541133
Defect_L5_B219_el6211_H4_W4.npy,-272.1719,4775.6461899999995,0.0031179706573804585,0.9865133912784639,0.40537844215486635,0.1050101962769657
Defect_L5_B21_el479_H4_W4.npy,-272.1577,4775.42663,0.003120737043712902,0.9864706174909182,0.40537641357941706,0.1050247952252945
Defect_L5_B22_el483_H4_W4.npy,-272.1562,4775.42647,0.003121029267621251,0.9864705863203681,0.4053763424871547,0.10502968744754382
Defect_L5_B23_el487_H4_W4.npy,-272.15470000000005,4775.42645,0.0031213214915296007,0.9864705824240493,0.4053763108736898,0.10503452369923008
Defect_L5_B24_el491_H4_W4.npy,-272.15430000000003,4775.4265700000005,0.003121399417905165,0.986470605801962,0.40537635989471643,0.10503915889354065
Defect_L5_B25_el495_H4_W4.npy,-272.15520000000004,4775.43672,0.003121224083560151,0.9864725831837418,0.40537656475145056,0.10504339804405673
Defect_L5_B26_el499_H4_W4.npy,-272.1558,4775.44712,0.0031211071939968157,0.9864746092695064,0.4053767481874501,0.10504870516687755
Defect_L5_B27_el787_H4_W4.npy,-272.1539,4775.466640000001,0.0031214773442807295,0.9864784120766339,0.40537709951072304,0.10501696213117842
Defect_L5_B28_el791_H4_W4.npy,-272.15680000000003,4775.45766,0.003120912378057905,0.9864766626295025,0.40537724671309,0.10501487728328701
Defect_L5_B29_el795_H4_W4.npy,-272.15950000000004,4775.44822,0.0031203863750228628,0.9864748235670392,0.40537716455652784,0.10501583699494986
Defect_L5_B2_el119_H4_W4.npy,-272.1567,4775.45755,0.0031209318596518015,0.9864766411997492,0.4053774943950049,0.10498761819113188
Defect_L5_B30_el799_H4_W4.npy,-272.16020000000003,4775.438459999999,0.0031202500038656307,0.9864729221634754,0.4053771081732445,0.10501689597443682
Defect_L5_B31_el803_H4_W4.npy,-272.16040000000004,4775.43837,0.0031202110406778486,0.986472904630041,0.40537707032725834,0.10501787738672334
Defect_L5_B32_el807_H4_W4.npy,-272.1619,4775.42781,0.003119918816769499,0.9864708473737261,0.40537703571693223,0.10501865698779676
Defect_L5_B33_el811_H4_W4.npy,-272.16060000000004,4775.41687,0.0031201720774900665,0.9864687160873545,0.40537698731009253,0.10501992931811387
Defect_L5_B34_el815_H4_W4.npy,-272.1581,4775.40614,0.0031206591173373378,0.9864666257123301,0.4053768941218741,0.10502249519878482
Defect_L5_B35_el819_H4_W4.npy,-272.1552,4775.39556,0.003121224083560162,0.9864645645596964,0.40537679789308856,0.10502582080745394
Defect_L5_B36_el823_H4_W4.npy,-272.15340000000003,4775.40539,0.003121574752250179,0.9864664796003759,0.4053766895445838,0.10502901478391927
Defect_L5_B37_el827_H4_W4.npy,-272.1528,4775.41562,0.0031216916418135257,0.9864684725674309,0.40537659678598464,0.10503187459742035
Defect_L5_B38_el831_H4_W4.npy,-272.1533,4775.4260300000005,0.0031215942338440757,0.986470500601355,0.40537655723007704,0.10503428231701092
Defect_L5_B39_el835_H4_W4.npy,-272.1547,4775.44693,0.003121321491529612,0.986474572254478,0.40537637075189403,0.10503883797322988
Defect_L5_B3_el123_H4_W4.npy,-272.1556,4775.4575700000005,0.003121146157184598,0.986476645096068,0.4053770098812948,0.10499664350329072
Defect_L5_B40_el1123_H4_W4.npy,-272.15240000000006,4775.476089999999,0.0031217695681890786,0.9864802530872563,0.4053765646431659,0.10502262562960642
Defect_L5_B41_el1127_H4_W4.npy,-272.1569,4775.4576,0.0031208928964640194,0.986476650940546,0.40537695977343813,0.10501962796043422
Defect_L5_B42_el1131_H4_W4.npy,-272.1612,4775.44852,0.003120055187926731,0.9864748820118209,0.40537705860459167,0.1050201294337769
Defect_L5_B43_el1135_H4_W4.npy,-272.16450000000003,4775.43894,0.0031194122953283423,0.9864730156751261,0.405377145278368,0.10502051243286131
Defect_L5_B44_el1139_H4_W4.npy,-272.1626,4775.4289100000005,0.0031197824456122673,0.9864710616712591,0.40537724304939693,0.10502036312933173
Defect_L5_B45_el1143_H4_W4.npy,-272.1647,4775.41807,0.0031193733321405715,0.9864689498664811,0.40537730258490506,0.10501939024025525
Defect_L5_B46_el1147_H4_W4.npy,-272.1637,4775.39667,0.003119568148079471,0.9864647808053887,0.40537728741494694,0.10501875916591644
Defect_L5_B47_el1151_H4_W4.npy,-272.15880000000004,4775.38539,0.0031205227461800944,0.9864625832815979,0.40537719070342376,0.10502011184373923
Defect_L5_B48_el1155_H4_W4.npy,-272.1533,4775.37424,0.0031215942338440757,0.986460411083879,0.4053770155589131,0.10502271449604482
Defect_L5_B49_el1159_H4_W4.npy,-272.1502,4775.38388,0.0031221981632546824,0.9864622891095302,0.40537679374117425,0.1050250672090856
Defect_L5_B4_el127_H4_W4.npy,-272.1554,4775.4575700000005,0.00312118512037238,0.986476645096068,0.40537665877822066,0.10500477388106297
Defect_L5_B50_el1163_H4_W4.npy,-272.1502,4775.39423,0.0031221981632546824,0.9864643054544977,0.4053765683261098,0.10502696092732326
Defect_L5_B51_el1167_H4_W4.npy,-272.1505,4775.41502,0.0031221397184730037,0.9864683556778676,0.40537636091537627,0.10502846326441638
Defect_L5_B52_el1171_H4_W4.npy,-272.1537,4775.43635,0.0031215163074685115,0.9864725111018444,0.4053759645899454,0.10503280397921373
Defect_L5_B53_el1459_H4_W4.npy,-272.1514,4775.4854399999995,0.0031219643841279895,0.9864820746162851,0.4053761552415344,0.10502651610996283
Defect_L5_B54_el1463_H4_W4.npy,-272.1583,4775.467540000001,0.0031206201541495553,0.9864785874109789,0.40537668829006257,0.10502265324509191
Defect_L5_B55_el1467_H4_W4.npy,-272.1643,4775.44893,0.0031194512585161244,0.9864749618863558,0.4053769251690318,0.10502259252584915
Defect_L5_B56_el1471_H4_W4.npy,-272.1698,4775.42957,0.0031183797708521544,0.9864711902497787,0.4053771494468878,0.10502238971438087
Defect_L5_B57_el1475_H4_W4.npy,-272.1674,4775.4095099999995,0.003118847329105529,0.9864672822420442,0.40537737675030056,0.10502136806743508
Defect_L5_B58_el1479_H4_W4.npy,-272.1703,4775.398459999999,0.003118282362882705,0.9864651295259192,0.40537754176258023,0.10501876227355499
Defect_L5_B59_el1483_H4_W4.npy,-272.1673,4775.37636,0.003118866810699415,0.9864608240936695,0.4053775436422156,0.10501637203863366
Defect_L5_B5_el131_H4_W4.npy,-272.15549999999996,4775.45743,0.0031211656387784945,0.9864766178218366,0.4053763607854418,0.1050116341078088
Defect_L5_B60_el1487_H4_W4.npy,-272.1599,4775.35437,0.0031203084486473094,0.986456540091173,0.40537743868453896,0.1050171419474656
Defect_L5_B61_el1491_H4_W4.npy,-272.1509,4775.342350000001,0.0031220617920974503,0.9864541984035876,0.40537717413984564,0.1050201091738168
Defect_L5_B62_el1495_H4_W4.npy,-272.1451,4775.351549999999,0.003123191724543088,0.9864559907102252,0.4053768157923752,0.10502265053457398
Defect_L5_B63_el1499_H4_W4.npy,-272.1448,4775.372,0.0031232501693247666,0.986459974696176,0.4053764339561919,0.1050244304882506
Defect_L5_B64_el1503_H4_W4.npy,-272.1468,4775.3933,0.0031228605374469566,0.9864641242756745,0.4053760946926678,0.10502571164671166
Defect_L5_B65_el1507_H4_W4.npy,-272.1508,4775.4253,0.0031220812736913357,0.9864703583857195,0.405375542435682,0.10503021553060674
Defect_L5_B66_el1795_H4_W4.npy,-272.152,4775.48496,0.003121847494564654,0.9864819811046345,0.40537570414322666,0.10503124575217478
Defect_L5_B67_el1799_H4_W4.npy,-272.1614,4775.46751,0.003120016224738949,0.9864785815665007,0.40537631870992547,0.10502560763389572
Defect_L5_B68_el1803_H4_W4.npy,-272.17010000000005,4775.439439999999,0.0031183213260704756,0.9864731130830955,0.4053767219701539,0.10502391764431769
Defect_L5_B69_el1807_H4_W4.npy,-272.1789,4775.41026,0.003116606945808128,0.9864674283539984,0.40537713830941985,0.10502236255891233
Defect_L5_B6_el135_H4_W4.npy,-272.1562,4775.4573,0.003121029267621251,0.9864765924957645,0.4053760840661937,0.105017485948212
Defect_L5_B70_el1811_H4_W4.npy,-272.1733,4775.38023,0.0031176979150659948,0.986461578031353,0.40537755041644885,0.10502004014431192
Defect_L5_B71_el1815_H4_W4.npy,-272.1761,4775.388940000001,0.003117152430437056,0.9864632748781811,0.4053778379925795,0.10501533975352456
Defect_L5_B72_el1819_H4_W4.npy,-272.1721,4775.35617,0.0031179316941926764,0.9864568907598631,0.4053777832526845,0.10501084202371404
Defect_L5_B73_el1823_H4_W4.npy,-272.16110000000003,4775.33348,0.0031200746695206165,0.9864524703862094,0.4053777005277448,0.10501162570137879
Defect_L5_B74_el1827_H4_W4.npy,-272.1462,4775.309929999999,0.003122977427010292,0.986447882470848,0.40537731332826293,0.10501657062743994
Defect_L5_B75_el1831_H4_W4.npy,-272.1379,4775.31837,0.003124594399303201,0.9864495267173725,0.40537668034439756,0.1050208249576849
Defect_L5_B76_el1835_H4_W4.npy,-272.13730000000004,4775.33892,0.0031247112888665362,0.986453530184917,0.40537612063467765,0.10502342904111867
Defect_L5_B77_el1839_H4_W4.npy,-272.14,4775.370730000001,0.003124185285831505,0.9864597272799336,0.4053756501008234,0.10502509306354375
Defect_L5_B78_el1843_H4_W4.npy,-272.1458,4775.41341,0.003123055353385856,0.9864680420242059,0.40537507014756624,0.105029938559047
Defect_L5_B79_el2131_H4_W4.npy,-272.15709999999996,4775.48431,0.003120853933276248,0.9864818544742742,0.4053740201069552,0.10504625932785581
Defect_L5_B7_el139_H4_W4.npy,-272.1565,4775.4470599999995,0.0031209708228395836,0.98647459758055,0.4053758511374518,0.1050228010685977
Defect_L5_B80_el2135_H4_W4.npy,-272.1669,4775.477449999999,0.003118944737074979,0.9864805180369333,0.4053753762572712,0.10503504283130854
Defect_L5_B81_el2139_H4_W4.npy,-272.1772,4775.46023,0.0031169381329042597,0.9864771633064654,0.40537663562915305,0.10502696790511981
Defect_L5_B82_el2143_H4_W4.npy,-272.1907,4775.41197,0.0031143081177290592,0.986467761489254,0.40537779169123506,0.1050194235836004
Defect_L5_B83_el2147_H4_W4.npy,-272.182,4775.352150000001,0.0031160030163975214,0.9864561075997887,0.4053790398151831,0.10501210842055665
Defect_L5_B84_el2151_H4_W4.npy,-272.1845,4775.390170000001,0.0031155159765502614,0.9864635145017859,0.40538003592874744,0.10500154206351953
Defect_L5_B85_el2155_H4_W4.npy,-272.1777,4775.3462500000005,0.0031168407249348097,0.9864549581857492,0.4053798223431743,0.10499322983744701
Defect_L5_B86_el2159_H4_W4.npy,-272.1602,4775.31228,0.003120250003865642,0.9864483402883045,0.405379462052878,0.1049968373188978
Defect_L5_B87_el2163_H4_W4.npy,-272.1349,4775.2658,0.003125178847119911,0.9864392852434644,0.40537826153586876,0.10501029877791798
Defect_L5_B88_el2167_H4_W4.npy,-272.1248,4775.27345,0.0031271464881028476,0.9864407755853969,0.40537651933346486,0.1050209070406439
Defect_L5_B89_el2171_H4_W4.npy,-272.1239,4775.31434,0.0031273218224478617,0.9864487416091386,0.4053753879188942,0.10502668206513413
Defect_L5_B8_el143_H4_W4.npy,-272.1563,4775.44707,0.0031210097860273657,0.9864745995287095,0.4053756689682766,0.10502789304189895
Defect_L5_B90_el2175_H4_W4.npy,-272.12850000000003,4775.34668,0.0031264256691288946,0.9864550419566028,0.4053745663329827,0.10503007011521892
Defect_L5_B91_el2179_H4_W4.npy,-272.1362,4775.390289999999,0.0031249255863993433,0.9864635378796983,0.405373793236066,0.1050356819701381
Defect_L5_B92_el2467_H4_W4.npy,-272.1573,4775.47092,0.0031208149700884553,0.9864792458888523,0.40536693485417913,0.1050691290387254
Defect_L5_B93_el2471_H4_W4.npy,-272.1615,4775.5242,0.0031199967431450636,0.9864896256820771,0.4053711963731287,0.10506070548066339
Defect_L5_B94_el2475_H4_W4.npy,-272.164,4775.61097,0.003119509703297803,0.9865065298610958,0.4053776521603096,0.10504817560923474
Defect_L5_B95_el2479_H4_W4.npy,-272.17019999999997,4775.69127,0.0031183018444766015,0.9865221735809899,0.4053860049907206,0.10502041097076523
Defect_L5_B96_el2499_H4_W4.npy,-272.1007,4775.29853,0.0031318415522304348,0.9864456615691446,0.4053834334596966,0.10500120827670117
Defect_L5_B97_el2503_H4_W4.npy,-272.10659999999996,4775.3705,0.0031306921381909114,0.9864596824722676,0.4053774367497736,0.10502979849542432
Defect_L5_B98_el2507_H4_W4.npy,-272.11379999999997,4775.38307,0.003129289463430799,0.9864621313086196,0.40537310735998505,0.10504126996419864
Defect_L5_B99_el2511_H4_W4.npy,-272.12030000000004,4775.38505,0.003128023159827907,0.9864625170441785,0.4053704224228706,0.1050449226126236
Defect_L5_B9_el147_H4_W4.npy,-272.156,4775.447099999999,0.0031210682308090336,0.9864746053731875,0.40537555493799665,0.10503290283010668
Defect_L6_B100_el2515_H4_W4.npy,-272.1268,4775.38747,0.0031267568562250376,0.9864629884987507,0.4053692077263472,0.10504836718311761
Defect_L6_B101_el2803_H4_W4.npy,-272.16429999999997,4775.36993,0.0031194512585161357,0.9864595714271823,0.4053569221368361,0.10505042372641263
Defect_L6_B102_el2807_H4_W4.npy,-272.174,4775.3931999999995,0.0031175615439087627,0.9864641047940806,0.40535670634869686,0.10505464658584339
Defect_L6_B103_el2811_H4_W4.npy,-272.1761,4775.46798,0.003117152430437056,0.986478673129992,0.40535821376336173,0.10506624070231388
Defect_L6_B104_el2815_H4_W4.npy,-272.1573,4775.701599999999,0.0031208149700884553,0.9865241860296387,0.4053675745288124,0.10507770134697147
Defect_L6_B105_el2835_H4_W4.npy,-272.02729999999997,4775.91084,0.0031461410421460144,0.986564949316695,0.4054236551199187,0.104996725226509
Defect_L6_B106_el2839_H4_W4.npy,-272.0977,4775.74558,0.0031324260000471556,0.9865327540346317,0.4053758985993536,0.10505503246797922
Defect_L6_B107_el2843_H4_W4.npy,-272.1264,4775.57005,0.0031268347826006017,0.9864985579928759,0.40536250893488956,0.1050536439890891
Defect_L6_B108_el2847_H4_W4.npy,-272.1319,4775.44944,0.0031257632949366317,0.9864750612424847,0.4053591494785064,0.10504657566222926
Defect_L6_B109_el2851_H4_W4.npy,-272.13140000000004,4775.37794,0.0031258607029060704,0.9864611319028531,0.40535869136325414,0.10504475707492317
Defect_L6_B10_el151_H4_W4.npy,-272.1559,4775.44736,0.00312108771240293,0.9864746560253318,0.4053755272484145,0.10503667445457071
Defect_L6_B110_el3139_H4_W4.npy,-272.1734,4775.29248,0.003117678433472098,0.9864444829327143,0.40536249983532013,0.10505027910039536
Defect_L6_B111_el3143_H4_W4.npy,-272.20619999999997,4775.1893199999995,0.0031112884706760487,0.9864243857204568,0.40536561585817443,0.10504842727838204
Defect_L6_B112_el3147_H4_W4.npy,-272.2406,4774.93041,0.0031045868023777427,0.9863739459257151,0.4053753422929213,0.10504797745209346
Defect_L6_B113_el3151_H4_W4.npy,-272.2508,4774.48207,0.003102599679800909,0.9862866021476668,0.40540046215010994,0.10503388409829197
Defect_L6_B114_el3171_H4_W4.npy,-272.4334,4774.27007,0.0030670262893570015,0.9862453011686191,0.4054908587428865,0.1050443427962341
Defect_L6_B115_el3175_H4_W4.npy,-272.167,4774.4228,0.0031189252554810936,0.986275055406968,0.40542262039004784,0.10512563225759902
Defect_L6_B116_el3179_H4_W4.npy,-272.0917,4774.72969,0.0031335948956805757,0.9863348424704583,0.4053729107224925,0.10507016866270175
Defect_L6_B117_el3183_H4_W4.npy,-272.09159999999997,4774.99813,0.0031336143772744724,0.9863871388610977,0.4053622748025708,0.10506364927830071
Defect_L6_B118_el3187_H4_W4.npy,-272.1116,4775.1604,0.00312971805849638,0.9864187516435037,0.40535895607846184,0.10505987945190616
Defect_L6_B119_el3475_H4_W4.npy,-272.1771,4775.36433,0.0031169576144981564,0.9864584804579246,0.4053706008601773,0.10505991458821241
Defect_L6_B11_el155_H4_W4.npy,-272.1559,4775.44737,0.00312108771240293,0.9864746579734911,0.40537566327953933,0.10504244745656334
Defect_L6_B120_el3479_H4_W4.npy,-272.1938,4775.32634,0.003113704188318453,0.9864510794004054,0.4053720208714528,0.10504789042276831
Defect_L6_B121_el3483_H4_W4.npy,-272.2096,4775.24866,0.0031106260964837637,0.9864359460982715,0.40537508502758934,0.10503508832773159
Defect_L6_B122_el3487_H4_W4.npy,-272.1739,4775.21129,0.0031175810255026485,0.9864286658266347,0.4053787532714179,0.10501631342011868
Defect_L6_B123_el3491_H4_W4.npy,-272.17900000000003,4775.53519,0.0031165874642142314,0.9864917667092457,0.4053812011565741,0.10499288820325033
Defect_L6_B124_el3495_H4_W4.npy,-272.4143,4774.99111,0.0030707472737900683,0.9863857712532067,0.40538612902218074,0.1049519390085326
Defect_L6_B125_el3499_H4_W4.npy,-272.12309999999997,4775.1934599999995,0.0031274776751989905,0.9864251922584438,0.40538996274077527,0.104918952190129
Defect_L6_B126_el3503_H4_W4.npy,-272.1959,4775.22892,0.003113295074846757,0.9864321004316374,0.40538868898151464,0.10494170715640798
Defect_L6_B127_el3507_H4_W4.npy,-272.1656,4774.98272,0.0031191979977955573,0.9863841367474793,0.40538559390638623,0.10497001973417415
Defect_L6_B128_el3511_H4_W4.npy,-272.0909,4774.85858,0.0031337507484317044,0.9863599522968237,0.405383282178464,0.10499827719766125
Defect_L6_B129_el3515_H4_W4.npy,-272.05740000000003,4774.90865,0.0031402770823849855,0.9863697067308848,0.4053776325210894,0.10503011559253798
Defect_L6_B12_el159_H4_W4.npy,-272.156,4775.43726,0.0031210682308090336,0.9864726883843488,0.4053760978174446,0.10504921982775438
Defect_L6_B130_el3519_H4_W4.npy,-272.0647,4775.04453,0.003138854926030987,0.986396178320663,0.40537215117968434,0.10505208789791179
Defect_L6_B131_el3523_H4_W4.npy,-272.0893,4775.16637,0.0031340624539339503,0.9864199146946591,0.4053688305321008,0.10506868260232242
Defect_L6_B132_el3811_H4_W4.npy,-272.2065,4775.411779999999,0.00311123002589437,0.9864677244742254,0.4053679144174107,0.10508342677917552
Defect_L6_B133_el3815_H4_W4.npy,-272.1823,4775.47264,0.003115944571615854,0.9864795809722672,0.4053715367499341,0.10506004170331773
Defect_L6_B134_el3819_H4_W4.npy,-272.1529,4775.58441,0.00312167216021964,0.9865013555497586,0.40537691777405355,0.10503205397277074
Defect_L6_B135_el3823_H4_W4.npy,-272.0795,4775.669470000001,0.0031359716501352087,0.9865179265935219,0.40538189225186766,0.10499910323642496
Defect_L6_B136_el3827_H4_W4.npy,-272.2418,4775.70162,0.0031043530232510498,0.9865241899259575,0.4053852958425313,0.1049695357099391
Defect_L6_B137_el3831_H4_W4.npy,-272.6201,4774.6485600000005,0.0030306541535635874,0.9863190370533351,0.40539229005685773,0.10492130833132206
Defect_L6_B138_el3835_H4_W4.npy,-272.12149999999997,4775.28583,0.0031277893807012363,0.9864431874067205,0.4053932975469158,0.10489341673454056
Defect_L6_B139_el3839_H4_W4.npy,-272.05129999999997,4775.3359,0.003141465459612313,0.9864529418407815,0.40540929340359977,0.1050007647488782
Defect_L6_B13_el163_H4_W4.npy,-272.156,4775.43703,0.0031210682308090336,0.9864726435766829,0.4053767912955679,0.10505806794520418
Defect_L6_B140_el3843_H4_W4.npy,-272.05,4775.1389,0.00314171872033288,0.9864145631008173,0.4053820267095463,0.10498640974932943
Defect_L6_B141_el3847_H4_W4.npy,-272.0527,4775.24408,0.003141192717297838,0.9864350538412714,0.405377503251646,0.10501836403689566
Defect_L6_B142_el3851_H4_W4.npy,-272.0506,4775.29392,0.003141601830769545,0.9864447634676663,0.4053736002113591,0.10503959076710864
Defect_L6_B143_el3855_H4_W4.npy,-272.0505,4775.303709999999,0.0031416213123634305,0.986446670715708,0.4053705127142007,0.10505331657114009
Defect_L6_B144_el3859_H4_W4.npy,-272.05600000000004,4775.30527,0.003140549824699449,0.9864469746285728,0.40536909917136627,0.10506496186605366
Defect_L6_B145_el4147_H4_W4.npy,-272.2071,4775.5069,0.0031111131363310237,0.9864862553663342,0.40535801859711545,0.1050860185098963
Defect_L6_B146_el4151_H4_W4.npy,-272.0895,4775.60639,0.003134023490746168,0.9865056376040957,0.4053670122559287,0.10507559848858763
Defect_L6_B147_el4155_H4_W4.npy,-271.9062,4775.95514,0.0031697332523473076,0.9865735796627886,0.4053876242686996,0.10505370505022893
Defect_L6_B148_el4159_H4_W4.npy,-271.5848,4776.86799,0.0032323470951111334,0.9867514173926172,0.40542841082594494,0.10499962443895705
Defect_L6_B149_el4179_H4_W4.npy,-271.9502,4776.4161,0.0031611613510355253,0.9866633820179859,0.40548699172367253,0.10489125260827639
Defect_L6_B14_el451_H4_W4.npy,-272.15569999999997,4775.45717,0.0031211266755907124,0.9864765671696923,0.4053778970466522,0.10500505515253888
Defect_L6_B150_el4183_H4_W4.npy,-272.2267,4776.25272,0.003107294743928507,0.9866315529898877,0.4054192794328326,0.10499912159389556
Defect_L6_B151_el4187_H4_W4.npy,-272.1946,4775.91086,0.0031135483355673355,0.9865649532130139,0.40538284946680525,0.10504469838057393
Defect_L6_B152_el4191_H4_W4.npy,-272.1259,4775.6796699999995,0.0031269321905700513,0.9865199137160985,0.4053658013653269,0.1050611361727764
Defect_L6_B153_el4195_H4_W4.npy,-272.0727,4775.5359,0.003137296398519757,0.9864919050285623,0.4053591542223879,0.1050685085770787
Defect_L6_B154_el4483_H4_W4.npy,-272.31850000000003,4775.7051200000005,0.003089410640737092,0.9865248717817438,0.40535565063813117,0.10505832314749566
Defect_L6_B155_el4487_H4_W4.npy,-272.24679999999995,4775.5760900000005,0.0031033789435565406,0.9864997346811469,0.4053573437393801,0.10505899097021161
Defect_L6_B156_el4491_H4_W4.npy,-272.12649999999996,4775.41607,0.0031268153010067163,0.9864685602346035,0.4053612717932477,0.10505590063864417
Defect_L6_B157_el4495_H4_W4.npy,-271.9515,4775.32054,0.003160908090314947,0.9864499494679598,0.4053686764335876,0.10504090849447756
Defect_L6_B158_el4515_H4_W4.npy,-272.2754,4775.51088,0.003097807207703872,0.9864870307337709,0.40539024223457015,0.10496497324394476
Defect_L6_B159_el4519_H4_W4.npy,-272.1662,4775.47433,0.0031190811082322106,0.986479910211204,0.40537613145685036,0.10500822924352118
Defect_L6_B15_el455_H4_W4.npy,-272.15680000000003,4775.45754,0.003120912378057905,0.9864766392515898,0.4053771735645285,0.10500339963480872
Defect_L6_B160_el4523_H4_W4.npy,-272.1608,4775.60865,0.0031201331143022953,0.9865060778881176,0.405365546235574,0.10503539885106095
Defect_L6_B161_el4527_H4_W4.npy,-272.1347,4775.725649999999,0.003125217810307693,0.9865288713529693,0.40535826237540473,0.10504919112921185
Defect_L6_B162_el4531_H4_W4.npy,-272.1035,4775.78046,0.003131296067601507,0.9865395492145808,0.40535444028230366,0.10505454184348627
Defect_L6_B163_el4819_H4_W4.npy,-272.4291,4776.15018,0.0030678639978942894,0.9866115765635123,0.40535638882612335,0.10505681045133657
Defect_L6_B164_el4823_H4_W4.npy,-272.3715,4775.99432,0.003079085395975169,0.9865812125512747,0.4053633848237552,0.10504860897038336
Defect_L6_B165_el4827_H4_W4.npy,-272.2588,4775.8657,0.003101041152289679,0.986556155325213,0.4053771078495154,0.10502800711394622
Defect_L6_B166_el4831_H4_W4.npy,-272.1014,4775.92774,0.0031317051810732027,0.9865682417060626,0.4053989436417498,0.10498030976335464
Defect_L6_B167_el4851_H4_W4.npy,-272.19440000000003,4776.6956900000005,0.0031135872987551063,0.9867178506063441,0.4053958262214961,0.1049875538111749
Defect_L6_B168_el4855_H4_W4.npy,-272.08790000000005,4776.83589,0.003134335196248403,0.9867451638009784,0.4053834039685821,0.10503142151258235
Defect_L6_B169_el4859_H4_W4.npy,-272.0734,4776.63415,0.003137160027362525,0.9867058616334639,0.4053696002809202,0.10505539094083785
Defect_L6_B16_el459_H4_W4.npy,-272.1569,4775.44776,0.0031208928964640194,0.9864747339517073,0.4053769427071866,0.10500523138199386
Defect_L6_B170_el4863_H4_W4.npy,-272.0745,4776.50594,0.0031369457298297287,0.986680884281937,0.405361333279535,0.10506253350908805
Defect_L6_B171_el4867_H4_W4.npy,-272.0776,4776.45911,0.0031363418004191224,0.986671761051518,0.4053572573197848,0.10506387770217139
Defect_L6_B172_el5155_H4_W4.npy,-272.2002,4775.43336,0.0031124573663094688,0.986471928602187,0.4053648374906357,0.10506758377894823
Defect_L6_B173_el5159_H4_W4.npy,-272.1641,4775.0461000000005,0.0031194902217039065,0.9863964841816871,0.4053689582489406,0.10505997598981277
Defect_L6_B174_el5163_H4_W4.npy,-272.0487,4774.24803,0.0031419719810534584,0.9862410074253257,0.405378121011693,0.10504671082253092
Defect_L6_B175_el5167_H4_W4.npy,-271.6487,4772.94597,0.003219898356615144,0.9859873453839161,0.4053932543655924,0.10501706579793166
Defect_L6_B176_el5187_H4_W4.npy,-272.3205,4775.35035,0.003089021008859293,0.9864557569310985,0.4054435268867133,0.10490267806941346
Defect_L6_B177_el5191_H4_W4.npy,-272.22339999999997,4776.20821,0.0031079376365268957,0.9866228817324469,0.40541475033092833,0.10498380557099085
Defect_L6_B178_el5195_H4_W4.npy,-272.1795,4777.00434,0.003116490056244782,0.986777980545887,0.4053902030113782,0.1050380615565877
Defect_L6_B179_el5199_H4_W4.npy,-272.1653,4777.48305,0.003119256442577225,0.9868712408839997,0.4053738101503111,0.10506798760499235
Defect_L6_B17_el463_H4_W4.npy,-272.1567,4775.44792,0.0031209318596518015,0.9864747651222574,0.405376784136823,0.10500787289908207
Defect_L6_B180_el5203_H4_W4.npy,-272.159,4777.76014,0.0031204837829923236,0.9869252224325107,0.4053646741362684,0.10508682580811389
Defect_L6_B181_el5491_H4_W4.npy,-272.0677,4774.61204,0.0031382704782142775,0.9863119223752462,0.40537290644370405,0.10504858617328064
Defect_L6_B182_el5495_H4_W4.npy,-272.0631,4774.49329,0.0031391666315332334,0.9862887879825014,0.40537305548303315,0.10504135362168888
Defect_L6_B183_el5499_H4_W4.npy,-272.0632,4774.24416,0.003139147149939348,0.9862402534876422,0.40537423201778344,0.10503414010473368
Defect_L6_B184_el5503_H4_W4.npy,-272.0094,4773.80976,0.0031496282474523887,0.9861556254437822,0.405376053526325,0.10502186338637853
Defect_L6_B185_el5507_H4_W4.npy,-272.16519999999997,4773.501,0.0031192759241711215,0.9860954740744862,0.4053795758193694,0.1049994135083037
Defect_L6_B186_el5511_H4_W4.npy,-272.7965,4770.7385,0.002996288621940882,0.9855572950432633,0.40538353262534715,0.10496727324583628
Defect_L6_B187_el5515_H4_W4.npy,-271.5255,4776.10792,0.0032438996802881446,0.9866033436419344,0.40538515637965056,0.10495679217729639
Defect_L6_B188_el5519_H4_W4.npy,-272.3108,4775.27915,0.003090910723466666,0.9864418860362487,0.4053852089243206,0.1049716073683115
Defect_L6_B189_el5523_H4_W4.npy,-272.2828,4775.65618,0.003096365569755977,0.9865153374896937,0.4053818660836133,0.10499472019887368
Defect_L6_B18_el467_H4_W4.npy,-272.1575,4775.44777,0.0031207760069006728,0.9864747358998667,0.4053766461818503,0.10501103002125572
Defect_L6_B190_el5527_H4_W4.npy,-272.2467,4775.98529,0.003103398425150426,0.9865794533633464,0.4053793504726475,0.10500814469806709
Defect_L6_B191_el5531_H4_W4.npy,-272.23629999999997,4776.44612,0.003105424510915031,0.9866692303924717,0.4053775957933706,0.10502242074844732
Defect_L6_B192_el5535_H4_W4.npy,-272.2344,4776.95529,0.0031057946611989444,0.9867684248240836,0.40537566028226896,0.1050385387021976
Defect_L6_B193_el5539_H4_W4.npy,-272.2303,4777.37127,0.0031065934065484507,0.9868494643583489,0.40537441885297515,0.10505661047985308
Defect_L6_B194_el5827_H4_W4.npy,-272.0906,4774.76137,0.003133809193213372,0.9863410142394029,0.4053754534546192,0.10503998281298839
Defect_L6_B195_el5831_H4_W4.npy,-272.0872,4774.66543,0.003134471567405646,0.9863223235982244,0.4053751712529657,0.10503415788494565
Defect_L6_B196_el5835_H4_W4.npy,-272.1025,4774.47048,0.003131490883540407,0.9862843442309349,0.40537561240020037,0.10502959013562373
Defect_L6_B197_el5839_H4_W4.npy,-272.1057,4774.17462,0.0031308674725359148,0.9862267059872507,0.4053764861263068,0.10502240683241415
Defect_L6_B198_el5843_H4_W4.npy,-272.03159999999997,4774.48297,0.0031453033336087265,0.9862867774820119,0.4053777856911415,0.1050121990083807
Defect_L6_B199_el5847_H4_W4.npy,-272.64459999999997,4773.02684,0.003025881163060436,0.9860031001488954,0.40537889321438475,0.1050010366671319
Defect_L6_B19_el471_H4_W4.npy,-272.1585,4775.437269999999,0.003120581190961773,0.9864726903325081,0.4053765195038995,0.10501449693832528
Defect_L6_B1_el115_H4_W4.npy,-272.1559,4775.4573900000005,0.00312108771240293,0.9864766100291991,0.4053781041016652,0.10497895187647886
Defect_L6_B200_el5851_H4_W4.npy,-271.8055,4776.1744499999995,0.0031893512173949666,0.9866163047463495,0.40537918202912415,0.10499902652139004
Defect_L6_B201_el5855_H4_W4.npy,-272.2729,4775.48754,0.003098294247551132,0.9864824837297569,0.4053790181138934,0.10500536684490329
Defect_L6_B202_el5859_H4_W4.npy,-272.2443,4775.68392,0.0031038659834037897,0.986520741683839,0.40537836172689384,0.10501204263860972
Defect_L6_B203_el5863_H4_W4.npy,-272.22200000000004,4775.81827,0.0031082103788413486,0.9865469152052306,0.4053776754619975,0.10501471854028395
Defect_L6_B204_el5867_H4_W4.npy,-272.2118,4775.94514,0.0031101975014181825,0.9865716315033994,0.40537724305242,0.10501671957321183
Defect_L6_B205_el5871_H4_W4.npy,-272.2076,4776.09172,0.003111015728361574,0.9866001876237241,0.40537705157187337,0.10501916639499567
Defect_L6_B206_el5875_H4_W4.npy,-272.2031,4776.19637,0.003111892400086644,0.9866205751117303,0.4053775934011482,0.10502478233190544
Defect_L6_B207_el6163_H4_W4.npy,-272.1218,4774.99499,0.0031277309359195576,0.9863865271390496,0.40537624177360343,0.10504447011035416
Defect_L6_B208_el6167_H4_W4.npy,-272.12129999999996,4774.87708,0.0031278283438890184,0.9863635563916935,0.40537577450343,0.10503888928011879
Defect_L6_B209_el6171_H4_W4.npy,-272.1392,4774.68084,0.0031243411385826225,0.9863253257118428,0.4053759109756413,0.10503399642731669
Defect_L6_B20_el475_H4_W4.npy,-272.1587,4775.43704,0.003120542227773991,0.9864726455248422,0.4053764013450705,0.10501839787584202
Defect_L6_B210_el6175_H4_W4.npy,-272.1568,4774.44262,0.003120912378057916,0.986278916658877,0.40537635813866024,0.10502751733850542
Defect_L6_B211_el6179_H4_W4.npy,-272.0372,4774.73602,0.0031442123643508598,0.9863360756553516,0.4053769755797893,0.10501995630354123
Defect_L6_B212_el6183_H4_W4.npy,-272.4607,4774.02364,0.003061707814224922,0.9861972926767951,0.40537747215303604,0.10501239373007831
Defect_L6_B213_el6187_H4_W4.npy,-271.9468,4775.91121,0.0031618237252277995,0.9865650213985925,0.4053775606642543,0.10500962718131397
Defect_L6_B214_el6191_H4_W4.npy,-272.2174,4775.56827,0.0031091065321603157,0.9864982112205046,0.40537750977543596,0.10501098181964945
Defect_L6_B215_el6195_H4_W4.npy,-272.2057,4775.65096,0.0031113858786454987,0.9865143205504926,0.4053774465536482,0.10501221393661304
Defect_L6_B216_el6199_H4_W4.npy,-272.1942,4775.66075,0.003113626261942889,0.9865162277985345,0.4053774447698715,0.10501091196124746
Defect_L6_B217_el6203_H4_W4.npy,-272.18649999999997,4775.6634,0.003115126344672462,0.9865167440607727,0.4053775576910817,0.1050089893284153
Defect_L6_B218_el6207_H4_W4.npy,-272.1814,4775.67613,0.003116119905960868,0.9865192240676748,0.40537782017032803,0.10500754094118227
Defect_L6_B219_el6211_H4_W4.npy,-272.1762,4775.6476299999995,0.00311713294884317,0.986513671813416,0.4053786373780554,0.10500903620610802
Defect_L6_B21_el479_H4_W4.npy,-272.15749999999997,4775.42677,0.003120776006900684,0.9864706447651497,0.4053763121884144,0.10502286752650708
Defect_L6_B22_el483_H4_W4.npy,-272.15610000000004,4775.42673,0.003121048749215137,0.9864706369725121,0.40537624966269936,0.1050276849305806
Defect_L6_B23_el487_H4_W4.npy,-272.1556,4775.426710000001,0.003121146157184598,0.9864706330761935,0.4053761979975314,0.10503252499688366
Defect_L6_B24_el491_H4_W4.npy,-272.1554,4775.42673,0.00312118512037238,0.9864706369725121,0.40537620201331936,0.10503719764695982
Defect_L6_B25_el495_H4_W4.npy,-272.15520000000004,4775.43686,0.003121224083560151,0.9864726104579732,0.4053763342899118,0.10504154290635363
Defect_L6_B26_el499_H4_W4.npy,-272.15500000000003,4775.436989999999,0.003121263046747933,0.9864726357840452,0.40537692498028116,0.10504758508749959
Defect_L6_B27_el787_H4_W4.npy,-272.1542,4775.466780000001,0.0031214188994990615,0.9864784393508654,0.40537733664994713,0.10501581760004228
Defect_L6_B28_el791_H4_W4.npy,-272.15680000000003,4775.45751,0.003120912378057905,0.9864766334071117,0.40537690557593,0.10501268915392571
Defect_L6_B29_el795_H4_W4.npy,-272.158,4775.44805,0.003120678598931223,0.9864747904483295,0.4053769171892211,0.10501357942464772
Defect_L6_B2_el119_H4_W4.npy,-272.15569999999997,4775.45743,0.0031211266755907124,0.9864766178218366,0.40537736664727303,0.10498570182948057
Defect_L6_B30_el799_H4_W4.npy,-272.1583,4775.44829,0.0031206201541495553,0.986474837204155,0.40537691638844914,0.10501467500705916
Defect_L6_B31_el803_H4_W4.npy,-272.1598,4775.43802,0.003120327930241195,0.9864728364444623,0.40537690731118076,0.10501575010842656
Defect_L6_B32_el807_H4_W4.npy,-272.1611,4775.42735,0.0031200746695206278,0.9864707577583942,0.40537685885186997,0.10501673496447986
Defect_L6_B33_el811_H4_W4.npy,-272.1601,4775.41686,0.0031202694854595273,0.9864687141391952,0.4053768002030647,0.10501815230865057
Defect_L6_B34_el815_H4_W4.npy,-272.1577,4775.4063,0.003120737043712902,0.9864666568828803,0.4053767479731106,0.10502055453790825
Defect_L6_B35_el819_H4_W4.npy,-272.156,4775.4059799999995,0.0031210682308090336,0.9864665945417798,0.40537665849421206,0.10502367937928617
Defect_L6_B36_el823_H4_W4.npy,-272.1544,4775.40581,0.0031213799363112795,0.9864665614230703,0.40537653411896785,0.10502684514476882
Defect_L6_B37_el827_H4_W4.npy,-272.1538,4775.41592,0.0031214968258746257,0.9864685310122127,0.40537639185765023,0.10502971314457181
Defect_L6_B38_el831_H4_W4.npy,-272.15430000000003,4775.4263,0.003121399417905165,0.9864705532016584,0.4053762523337336,0.10503225499889299
Defect_L6_B39_el835_H4_W4.npy,-272.1549,4775.436699999999,0.00312128252834183,0.9864725792874228,0.4053765962936933,0.10503782273135787
Defect_L6_B3_el123_H4_W4.npy,-272.15549999999996,4775.45755,0.0031211656387784945,0.9864766411997492,0.40537692663043334,0.1049947731338712
Defect_L6_B40_el1123_H4_W4.npy,-272.153,4775.46627,0.003121652678625743,0.9864783399947364,0.4053768619266228,0.10502168752598132
Defect_L6_B41_el1127_H4_W4.npy,-272.15680000000003,4775.45734,0.003120912378057905,0.986476600288402,0.4053765973807389,0.10501751917576246
Defect_L6_B42_el1131_H4_W4.npy,-272.1594,4775.44824,0.0031204058566167594,0.9864748274633579,0.4053767870991479,0.10501791370257009
Defect_L6_B43_el1135_H4_W4.npy,-272.1599,4775.43877,0.0031203084486473094,0.9864729825564165,0.40537693953385,0.10501832464555842
Defect_L6_B44_el1139_H4_W4.npy,-272.1633,4775.43838,0.0031196460744550352,0.9864729065782003,0.4053770353540624,0.10501827299514267
Defect_L6_B45_el1143_H4_W4.npy,-272.1654,4775.40731,0.0031192369609833394,0.9864668536469785,0.40537706864314615,0.10501759103207194
Defect_L6_B46_el1147_H4_W4.npy,-272.1619,4775.39654,0.003119918816769499,0.9864647554793166,0.40537705842454463,0.10501716889205218
Defect_L6_B47_el1151_H4_W4.npy,-272.158,4775.38566,0.003120678598931223,0.9864626358819013,0.4053769946179212,0.10501823430154088
Defect_L6_B48_el1155_H4_W4.npy,-272.1551,4775.38493,0.0031212435651540474,0.9864624936662659,0.40537686071208995,0.10502050508935801
Defect_L6_B49_el1159_H4_W4.npy,-272.1521,4775.38458,0.0031218280129707574,0.9864624254806873,0.40537663226925436,0.10502279605742723
Defect_L6_B4_el127_H4_W4.npy,-272.1552,4775.45755,0.003121224083560162,0.9864766411997492,0.4053766035165057,0.1050029906092779
Defect_L6_B50_el1163_H4_W4.npy,-272.1512,4775.40478,0.0031220033473157716,0.9864663607626531,0.40537635001534594,0.1050247113526744
Defect_L6_B51_el1167_H4_W4.npy,-272.1515,4775.41533,0.003121944902534104,0.9864684160708086,0.40537602863353167,0.10502637994032146
Defect_L6_B52_el1171_H4_W4.npy,-272.15299999999996,4775.4361,0.0031216526786257545,0.9864724623978597,0.4053762345035095,0.10503193146980859
Defect_L6_B53_el1459_H4_W4.npy,-272.153,4775.47563,0.003121652678625743,0.9864801634719246,0.40537649698859407,0.105025656685472
Defect_L6_B54_el1463_H4_W4.npy,-272.1581,4775.46728,0.0031206591173373378,0.9864785367588347,0.4053763180568947,0.10502059951652333
Defect_L6_B55_el1467_H4_W4.npy,-272.16229999999996,4775.44864,0.003119840890393946,0.9864749053897335,0.4053766490023748,0.10502039457313252
Defect_L6_B56_el1471_H4_W4.npy,-272.16299999999995,4775.4393,0.003119704519236714,0.9864730858088642,0.4053769313160717,0.10502020464674848
Defect_L6_B57_el1475_H4_W4.npy,-272.1688,4775.428870000001,0.003118574586791065,0.9864710538786216,0.4053771491241231,0.10501928674516563
Defect_L6_B58_el1479_H4_W4.npy,-272.17159999999996,4775.38726,0.0031180291021621373,0.9864629475874037,0.40537724324951774,0.10501708580244333
Defect_L6_B59_el1483_H4_W4.npy,-272.1653,4775.37619,0.003119256442577225,0.9864607909749599,0.40537726935573354,0.10501495738215416
Defect_L6_B5_el131_H4_W4.npy,-272.1556,4775.4574,0.003121146157184598,0.9864766119773584,0.40537633375393944,0.10500995215609024
Defect_L6_B60_el1487_H4_W4.npy,-272.1588,4775.36477,0.0031205227461801057,0.9864585661769376,0.405377207320409,0.10501531436562124
Defect_L6_B61_el1491_H4_W4.npy,-272.1524,4775.35343,0.00312176956818909,0.9864563569641905,0.40537703044720497,0.10501779614854251
Defect_L6_B62_el1495_H4_W4.npy,-272.1481,4775.36254,0.0031226072767263783,0.9864581317373939,0.4053766615956835,0.1050202742831187
Defect_L6_B63_el1499_H4_W4.npy,-272.14680000000004,4775.37283,0.0031228605374469453,0.9864601363934052,0.40537621464538465,0.10502211222345872
Defect_L6_B64_el1503_H4_W4.npy,-272.14790000000005,4775.393749999999,0.003122646239914149,0.986464211942847,0.40537575458180053,0.10502360407655952
Defect_L6_B65_el1507_H4_W4.npy,-272.15000000000003,4775.4249500000005,0.0031222371264424532,0.986470290200141,0.40537585151289435,0.10502943180683848
Defect_L6_B66_el1795_H4_W4.npy,-272.1547,4775.47528,0.003121321491529612,0.9864800952863458,0.40537606387025843,0.10503043648804783
Defect_L6_B67_el1799_H4_W4.npy,-272.1611,4775.46737,0.0031200746695206278,0.9864785542922693,0.4053759662239741,0.10502368274880725
Defect_L6_B68_el1803_H4_W4.npy,-272.1666,4775.44907,0.0031190031818566465,0.9864749891605872,0.40537646578692726,0.1050218153738545
Defect_L6_B69_el1807_H4_W4.npy,-272.1684,4775.43007,0.0031186525131666185,0.9864712876577482,0.4053769341122316,0.10502022791341567
Defect_L6_B6_el135_H4_W4.npy,-272.1563,4775.45711,0.0031210097860273657,0.9864765554807361,0.4053760699414946,0.10501591151160262
Defect_L6_B70_el1811_H4_W4.npy,-272.1761,4775.40945,0.003117152430437056,0.9864672705530879,0.405377315231666,0.10501805521989253
Defect_L6_B71_el1815_H4_W4.npy,-272.1784,4775.3671699999995,0.003116704353777578,0.986459033735191,0.40537748977636723,0.10501385324404984
Defect_L6_B72_el1819_H4_W4.npy,-272.16880000000003,4775.355869999999,0.003118574586791054,0.9864568323150813,0.40537749906280973,0.10500955235446005
Defect_L6_B73_el1823_H4_W4.npy,-272.1584,4775.34389,0.00312060067255567,0.9864544984201333,0.40537745611135506,0.10500985943311154
Defect_L6_B74_el1827_H4_W4.npy,-272.1487,4775.33141,0.0031224903871630316,0.9864520671172158,0.4053771785616164,0.1050142528731082
Defect_L6_B75_el1831_H4_W4.npy,-272.1417,4775.32977,0.003123854098735362,0.9864517476190761,0.4053765509761891,0.1050184236874985
Defect_L6_B76_el1835_H4_W4.npy,-272.1402,4775.35002,0.003124146322643723,0.9864556926418387,0.4053759054472288,0.10502114669038803
Defect_L6_B77_el1839_H4_W4.npy,-272.142,4775.38133,0.0031237956539536945,0.9864617923288859,0.40537531877706334,0.1050230548860933
Defect_L6_B78_el1843_H4_W4.npy,-272.1451,4775.40306,0.003123191724543088,0.9864660256792382,0.40537540148224993,0.10502922057111352
Defect_L6_B79_el2131_H4_W4.npy,-272.15979999999996,4775.474759999999,0.003120327930241206,0.9864799939820575,0.4053744033044486,0.10504552518865108
Defect_L6_B7_el139_H4_W4.npy,-272.15639999999996,4775.44708,0.0031209903044334803,0.9864746014768688,0.40537584801610677,0.10502130120223196
Defect_L6_B80_el2135_H4_W4.npy,-272.16650000000004,4775.4773399999995,0.0031190226634505323,0.98648049660718,0.405375052894059,0.10503323913132791
Defect_L6_B81_el2139_H4_W4.npy,-272.172,4775.46001,0.003117951175786562,0.9864771204469588,0.40537638713977237,0.10502490921837085
Defect_L6_B82_el2143_H4_W4.npy,-272.173,4775.441919999999,0.0031177563598476623,0.986473596226624,0.4053776182842078,0.10501722814570952
Defect_L6_B83_el2147_H4_W4.npy,-272.18940000000003,4775.411059999999,0.0031145613784496267,0.9864675842067494,0.4053787718936558,0.10501026226292584
Defect_L6_B84_el2151_H4_W4.npy,-272.1895,4775.3272799999995,0.0031145418968557413,0.986451262527388,0.40537961490524915,0.10500015259585836
Defect_L6_B85_el2155_H4_W4.npy,-272.1721,4775.3358,0.0031179316941926764,0.9864529223591876,0.40537958162814297,0.10499152018305373
Defect_L6_B86_el2159_H4_W4.npy,-272.1564,4775.3225999999995,0.003120990304433469,0.986450350788794,0.405379189379482,0.10499490568313084
Defect_L6_B87_el2163_H4_W4.npy,-272.1393,4775.28794,0.0031243216569887366,0.9864435984683516,0.40537809761361215,0.10500806411018096
Defect_L6_B88_el2167_H4_W4.npy,-272.1297,4775.2954,0.003126191890002213,0.9864450517952559,0.40537642086696496,0.10501843646955027
Defect_L6_B89_el2171_H4_W4.npy,-272.1279,4775.31574,0.0031265425586922413,0.9864490143514532,0.40537518370384584,0.1050244324927301
Defect_L6_B8_el143_H4_W4.npy,-272.1563,4775.44709,0.0031210097860273657,0.9864746034250281,0.4053756760897985,0.10502642013408967
Defect_L6_B90_el2175_H4_W4.npy,-272.1306,4775.35755,0.0031260165556571988,0.9864571596058587,0.4053742440019194,0.1050281228359011
Defect_L6_B91_el2179_H4_W4.npy,-272.1357,4775.389969999999,0.0031250229943687933,0.9864634755385979,0.4053741390708666,0.10503503941945086
Defect_L6_B92_el2467_H4_W4.npy,-272.1598,4775.46141,0.003120327930241195,0.9864773931892733,0.40536725741465374,0.10506860827704718
Defect_L6_B93_el2471_H4_W4.npy,-272.1599,4775.5242499999995,0.0031203084486473094,0.9864896354228739,0.40537090502916134,0.10505920034089027
Defect_L6_B94_el2475_H4_W4.npy,-272.15729999999996,4775.6208,0.003120814970088466,0.9865084449017752,0.40537744175327234,0.10504629243289908
Defect_L6_B95_el2479_H4_W4.npy,-272.1433,4775.7315100000005,0.003123542393233116,0.9865300129743715,0.40538586888953704,0.10501809423319233
Defect_L6_B96_el2499_H4_W4.npy,-272.1067,4775.341329999999,0.003130672656597015,0.9864539996913296,0.4053830344863815,0.10499963289317371
Defect_L6_B97_el2503_H4_W4.npy,-272.11240000000004,4775.39297,0.003129562205745252,0.9864640599864147,0.4053773481253015,0.10502744843074384
Defect_L6_B98_el2507_H4_W4.npy,-272.1178,4775.39477,0.0031285101996751784,0.9864644106551047,0.4053729086394034,0.1050392831321586
Defect_L6_B99_el2511_H4_W4.npy,-272.12330000000003,4775.39618,0.003127438712011197,0.9864646853455785,0.4053701277896785,0.10504327031363006
Defect_L6_B9_el147_H4_W4.npy,-272.1561,4775.44722,0.003121048749215148,0.9864746287511003,0.4053755622772164,0.10503145990680128
Defect_L7_B100_el2515_H4_W4.npy,-272.1161,4775.3644,0.0031288413867713097,0.9864584940950403,0.40536629134531577,0.10507814566738534
Defect_L7_B101_el2803_H4_W4.npy,-272.17519999999996,4775.2875,0.003117327764782081,0.9864435127493386,0.4053472507904274,0.10507412845617821
Defect_L7_B102_el2807_H4_W4.npy,-272.18260000000004,4775.32051,0.003115886126834175,0.9864499436234816,0.40534659750218943,0.10507780941146405
Defect_L7_B103_el2811_H4_W4.npy,-272.1839,4775.38586,0.003115632866113608,0.9864626748450892,0.4053479470288803,0.10509218740833622
Defect_L7_B104_el2815_H4_W4.npy,-272.14050000000003,4775.66086,0.003124087877862044,0.9865162492282877,0.4053573269402352,0.1051058527109558
Defect_L7_B105_el2835_H4_W4.npy,-272.0286,4775.911969999999,0.003145887781425436,0.9865651694587059,0.4054128155096717,0.10502741148086475
Defect_L7_B106_el2839_H4_W4.npy,-272.0971,4775.71552,0.003132542889610491,0.9865268978675082,0.40536517148856155,0.10508363688395803
Defect_L7_B107_el2843_H4_W4.npy,-272.123,4775.5187,0.003127497156792876,0.9864885541944131,0.40535259749439984,0.10507840420584184
Defect_L7_B108_el2847_H4_W4.npy,-272.1263,4775.40722,0.003126854264194487,0.9864668361135441,0.40534970144124666,0.10506859265366063
Defect_L7_B109_el2851_H4_W4.npy,-272.12170000000003,4775.33432,0.0031277504175134434,0.986452634031598,0.4053498620181591,0.10506800144250202
Defect_L7_B10_el151_H4_W4.npy,-272.1571,4775.44739,0.0031208539332762374,0.9864746618698099,0.4053767434143577,0.1050619179701387
Defect_L7_B110_el3139_H4_W4.npy,-272.1747,4775.19777,0.003117425172751531,0.9864260319151406,0.40535558794143917,0.10507859148248963
Defect_L7_B111_el3143_H4_W4.npy,-272.2024,4775.09346,0.0031120287712438762,0.9864057106645535,0.4053582706885888,0.10507609529906416
Defect_L7_B112_el3147_H4_W4.npy,-272.2246,4774.8338,0.0031077038574002028,0.9863551247578577,0.4053888426388744,0.10514730805696357
Defect_L7_B113_el3151_H4_W4.npy,-272.14020000000005,4774.47754,0.0031241463226437116,0.9862857196314636,0.4054139913328494,0.10513821851839596
Defect_L7_B114_el3171_H4_W4.npy,-272.4805,4774.34364,0.003057850458634612,0.9862596337772443,0.4054841046323905,0.10507609601319981
Defect_L7_B115_el3175_H4_W4.npy,-272.1974,4774.44166,0.0031130028509383967,0.9862787296355758,0.4054141395614567,0.1051583330241103
Defect_L7_B116_el3179_H4_W4.npy,-272.1091,4774.714440000001,0.0031302050983436406,0.9863318715273902,0.4053642158149538,0.1051001883748258
Defect_L7_B117_el3183_H4_W4.npy,-272.1015,4774.95974,0.0031316856994793173,0.9863796598772033,0.40535338523594033,0.10509137103145363
Defect_L7_B118_el3187_H4_W4.npy,-272.1144,4775.10945,0.0031291725738674526,0.9864088257714166,0.40535020379211967,0.10508897686760037
Defect_L7_B119_el3475_H4_W4.npy,-272.1991,4775.28734,0.003112671663842265,0.9864434815787883,0.40536877537203875,0.1050952589869789
Defect_L7_B11_el155_H4_W4.npy,-272.156,4775.4474,0.0031210682308090336,0.9864746638179693,0.4053766387350748,0.1050694555978625
Defect_L7_B120_el3479_H4_W4.npy,-272.2098,4775.2382099999995,0.0031105871332959925,0.9864339102717098,0.4053705230263495,0.10507696051803819
Defect_L7_B121_el3483_H4_W4.npy,-272.21180000000004,4775.18022,0.003110197501418171,0.9864226128954129,0.4053752725615147,0.1050586437302934
Defect_L7_B122_el3487_H4_W4.npy,-272.0209,4775.25691,0.0031473878641549986,0.9864375533297675,0.4053808964769828,0.10503161637659739
Defect_L7_B123_el3491_H4_W4.npy,-272.1702,4776.38064,0.00311830184447659,0.9866564738447924,0.4053844131792033,0.10499892678497387
Defect_L7_B124_el3495_H4_W4.npy,-272.70189999999997,4774.332079999999,0.0030147182097612244,0.9862573817049904,0.40538952164982,0.10494760755939081
Defect_L7_B125_el3499_H4_W4.npy,-271.8238,4774.98205,0.0031857860857130173,0.9863840062208001,0.40539506325434416,0.10490654324971398
Defect_L7_B126_el3503_H4_W4.npy,-272.2331,4775.71605,0.0031060479219195227,0.986527001119956,0.4053928268909702,0.10493348608910276
Defect_L7_B127_el3507_H4_W4.npy,-272.23089999999996,4775.16324,0.0031064765169851153,0.9864193049207702,0.40538974203336964,0.10497089491057253
Defect_L7_B128_el3511_H4_W4.npy,-272.13669999999996,4774.92084,0.0031248281784298938,0.9863720815371798,0.4053859223561235,0.10501119258672495
Defect_L7_B129_el3515_H4_W4.npy,-272.08119999999997,4774.90273,0.003135640463039077,0.9863685534205263,0.405377576295541,0.10505517922234221
Defect_L7_B12_el159_H4_W4.npy,-272.156,4775.44729,0.0031210682308090336,0.986474642388216,0.4053767240225274,0.10507840020035414
Defect_L7_B130_el3519_H4_W4.npy,-272.0754,4775.00344,0.003136770395484715,0.9863881733337334,0.40536984113050667,0.10508454205938897
Defect_L7_B131_el3523_H4_W4.npy,-272.09049999999996,4775.102089999999,0.0031338286748072686,0.9864073919261062,0.40536573227269657,0.10510848357247646
Defect_L7_B132_el3811_H4_W4.npy,-272.2801,4775.34854,0.0030968915727910195,0.9864554043142492,0.4053641191270029,0.1051308294693078
Defect_L7_B133_el3815_H4_W4.npy,-272.2524,4775.38934,0.003102287974298663,0.9864633528045564,0.4053688024892836,0.10509824585960041
Defect_L7_B134_el3819_H4_W4.npy,-272.21450000000004,4775.482569999999,0.003109671498383129,0.9864815154945404,0.40537684717255623,0.10505986987379574
Defect_L7_B135_el3823_H4_W4.npy,-271.93620000000004,4775.68266,0.003163888774180175,0.986520496215756,0.4053850428304325,0.10501129798616936
Defect_L7_B136_el3827_H4_W4.npy,-272.206,4777.0841,0.00311132743386382,0.9867935190651739,0.405390072945856,0.10496719846672437
Defect_L7_B137_el3831_H4_W4.npy,-273.0917,4773.365070000001,0.0029387789567763504,0.986068992743911,0.40539676167592487,0.1049078648010215
Defect_L7_B138_el3835_H4_W4.npy,-271.67139999999995,4775.03968,0.003215476034802032,0.9863952334633592,0.405399817703661,0.10487098261965183
Defect_L7_B139_el3839_H4_W4.npy,-272.0766,4775.9282299999995,0.003136536616358033,0.9865683371658726,0.4053931713960891,0.10492064942535097
Defect_L7_B13_el163_H4_W4.npy,-272.156,4775.4371599999995,0.0031210682308090336,0.9864726689027549,0.40537728338361334,0.10509135142823292
Defect_L7_B140_el3843_H4_W4.npy,-272.1158,4775.318649999999,0.0031288998315529884,0.9864495812658353,0.40540669088214426,0.10505328290987866
Defect_L7_B141_el3847_H4_W4.npy,-272.071,4775.27565,0.0031376275856158887,0.9864412041804624,0.40537996231376094,0.10503137615326474
Defect_L7_B142_el3851_H4_W4.npy,-272.0393,4775.24394,0.0031438032508791527,0.9864350265670399,0.4053735072983109,0.10506409425278299
Defect_L7_B143_el3855_H4_W4.npy,-272.0259,4775.23804,0.0031464137844604786,0.9864338771530003,0.4053684472556247,0.10508471718279806
Defect_L7_B144_el3859_H4_W4.npy,-272.0242,4775.22706,0.00314674497155661,0.9864317380739912,0.4053665466362478,0.10510307588564623
Defect_L7_B145_el4147_H4_W4.npy,-272.306,4775.492869999999,0.003091845839973404,0.9864835220987112,0.40534756272397415,0.10512735393820989
Defect_L7_B146_el4151_H4_W4.npy,-272.18929999999995,4775.54302,0.0031145808600435343,0.9864932921180474,0.405356701021124,0.10511392098097629
Defect_L7_B147_el4155_H4_W4.npy,-272.01099999999997,4775.80428,0.0031493165419501537,0.9865441897302455,0.40537765311913215,0.10509146520138342
Defect_L7_B148_el4159_H4_W4.npy,-271.5407,4776.654,0.0032409384780168016,0.9867097287298512,0.4054190972858711,0.10503591883135892
Defect_L7_B149_el4179_H4_W4.npy,-271.9163,4776.41604,0.0031677656113643818,0.9866633703290295,0.40548252407764235,0.10492375097158968
Defect_L7_B14_el451_H4_W4.npy,-272.15569999999997,4775.4568500000005,0.0031211266755907124,0.9864765048285921,0.40537817577553503,0.10501491602604579
Defect_L7_B150_el4183_H4_W4.npy,-272.1731,4776.17003,0.003117736878253777,0.9866154436598997,0.4054112589052996,0.10503810082731997
Defect_L7_B151_el4187_H4_W4.npy,-272.13570000000004,4775.8241100000005,0.003125022994368782,0.986548052930314,0.40537374429996703,0.10508305516492454
Defect_L7_B152_el4191_H4_W4.npy,-272.0662,4775.62179,0.003138562702122638,0.9865086377695548,0.4053561987595907,0.10509773304499535
Defect_L7_B153_el4195_H4_W4.npy,-272.0125,4775.49766,0.0031490243180417933,0.9864844552670586,0.40534967285260176,0.10510607964050117
Defect_L7_B154_el4483_H4_W4.npy,-272.4205,4775.82718,0.003069539414968866,0.9865486510152464,0.4053456491542028,0.10508160679916005
Defect_L7_B155_el4487_H4_W4.npy,-272.3319,4775.61897,0.0030868001071557775,0.9865080883886072,0.4053483188384738,0.10508012121318859
Defect_L7_B156_el4491_H4_W4.npy,-272.19259999999997,4775.37957,0.003113937967445146,0.9864614494528334,0.40535365368463916,0.10507530891142915
Defect_L7_B157_el4495_H4_W4.npy,-271.9445,4775.25425,0.0031622718018872774,0.98643703511937,0.4053631887445945,0.10505626672889058
Defect_L7_B158_el4515_H4_W4.npy,-272.2688,4775.51823,0.0030990929929006383,0.9864884626309218,0.4053868635878871,0.10497578192826439
Defect_L7_B159_el4519_H4_W4.npy,-272.1565,4775.509410000001,0.0031209708228395836,0.9864867443543408,0.40536949345899664,0.10502705152513221
Defect_L7_B15_el455_H4_W4.npy,-272.1558,4775.45706,0.0031211071939968157,0.986476545739939,0.4053773462841483,0.10501209768208579
Defect_L7_B160_el4523_H4_W4.npy,-272.1403,4775.679249999999,0.003124126841049826,0.9865198318934041,0.4053563993630083,0.10505791076380949
Defect_L7_B161_el4527_H4_W4.npy,-272.1084,4775.83249,0.0031303414695008722,0.9865496854878819,0.4053477304626931,0.10507215254396651
Defect_L7_B162_el4531_H4_W4.npy,-272.07169999999996,4775.91497,0.003137491214458668,0.9865657539065227,0.40534310721069716,0.10507862454308371
Defect_L7_B163_el4819_H4_W4.npy,-272.5688,4776.61511,0.0030406482112293686,0.9867021523379871,0.4053442360766088,0.10508519184559753
Defect_L7_B164_el4823_H4_W4.npy,-272.51189999999997,4776.34306,0.003051733238153027,0.9866491526618083,0.40535142112981076,0.10507618137304313
Defect_L7_B165_el4827_H4_W4.npy,-272.40639999999996,4776.081209999999,0.0030722863197074238,0.986598140108206,0.40536558062538697,0.10505639943904313
Defect_L7_B166_el4831_H4_W4.npy,-272.1308,4775.999510000001,0.0031259775924694167,0.9865822236459978,0.40538863871486874,0.10500760067061742
Defect_L7_B167_el4851_H4_W4.npy,-272.1982,4776.708280000001,0.003112846998187279,0.986720303339015,0.40539068183289373,0.10500161350640104
Defect_L7_B168_el4855_H4_W4.npy,-272.0908,4776.97725,0.00313377023002559,0.986772702982102,0.4053755312477697,0.10505223971122583
Defect_L7_B169_el4859_H4_W4.npy,-272.07309999999995,4776.90243,0.0031372184721442037,0.9867581268535531,0.405360529984279,0.10507873586655757
Defect_L7_B16_el459_H4_W4.npy,-272.1556,4775.44741,0.003121146157184598,0.9864746657661286,0.40537768242220673,0.10501527712643478
Defect_L7_B170_el4863_H4_W4.npy,-272.0706,4776.8714,0.003137705511991453,0.9867520817149689,0.40535152221454884,0.10508688444430611
Defect_L7_B171_el4867_H4_W4.npy,-272.072,4776.89263,0.003137432769676989,0.9867562176573519,0.4053469021912908,0.10509028801228727
Defect_L7_B172_el5155_H4_W4.npy,-272.2208,4775.51516,0.0031084441579680416,0.9864878645459895,0.4053580152523761,0.10510751988459319
Defect_L7_B173_el5159_H4_W4.npy,-272.18420000000003,4774.980280000001,0.0031155744213319293,0.9863836613965885,0.40536244830932167,0.10509805114004371
Defect_L7_B174_el5163_H4_W4.npy,-272.07770000000005,4773.90009,0.0031363223188252258,0.9861732231675434,0.4053733041235488,0.10508456407589736
Defect_L7_B175_el5167_H4_W4.npy,-271.30339999999995,4772.15567,0.0032871683003187864,0.9858333823474001,0.40539205620487834,0.10504995873518708
Defect_L7_B176_el5187_H4_W4.npy,-272.4771,4776.260130000001,0.0030585128328268862,0.986632996575995,0.4054497943262791,0.10491837728496708
Defect_L7_B177_el5191_H4_W4.npy,-272.3082,4777.44823,0.0030914172449078114,0.986864457393007,0.4054121843055876,0.10501870697734686
Defect_L7_B178_el5195_H4_W4.npy,-272.2352,4778.32549,0.003105638808447816,0.9870353616235702,0.40538379211141107,0.10507946017781016
Defect_L7_B179_el5199_H4_W4.npy,-272.20459999999997,4778.829589999999,0.003111600176178295,0.9871335683383716,0.4053655713668283,0.10511156653797082
Defect_L7_B17_el463_H4_W4.npy,-272.1552,4775.44775,0.003121224083560162,0.986474732003548,0.4053778867530829,0.10501963343483595
Defect_L7_B180_el5203_H4_W4.npy,-272.1938,4779.12416,0.003113704188318453,0.9871909552694949,0.40535577845244225,0.10513423665775992
Defect_L7_B181_el5491_H4_W4.npy,-272.03130000000004,4774.18789,0.0031453617783903827,0.9862292911947601,0.40537189771139165,0.10507929182795507
Defect_L7_B182_el5495_H4_W4.npy,-272.04,4774.0604299999995,0.0031436668797219206,0.9862044599551872,0.40537225783353686,0.10506719432407487
Defect_L7_B183_el5499_H4_W4.npy,-272.06039999999996,4773.81267,0.0031396926345682867,0.9861561923581644,0.40537469450004515,0.10505572536868212
Defect_L7_B184_el5503_H4_W4.npy,-271.7366,4773.55259,0.003202774035585465,0.9861055246287742,0.4053778993815892,0.10503643002046134
Defect_L7_B185_el5507_H4_W4.npy,-271.37969999999996,4776.225839999999,0.003272303844180393,0.9866263163374497,0.4053820829879085,0.10500716451923833
Defect_L7_B186_el5511_H4_W4.npy,-275.0494,4762.508129999999,0.0025573877931835505,0.9839538877841839,0.40538592422195313,0.10497138228868012
Defect_L7_B187_el5515_H4_W4.npy,-269.7111,4781.42893,0.0035973737198359778,0.9876399612010031,0.40538816039165054,0.10495703693151318
Defect_L7_B188_el5519_H4_W4.npy,-272.54859999999996,4774.5645,0.0030445834931952425,0.9863026608255109,0.40538690782760833,0.10497833341482418
Defect_L7_B189_el5523_H4_W4.npy,-272.42190000000005,4775.4034599999995,0.003069266672654391,0.9864661036056137,0.4053843183129288,0.10500322296707768
Defect_L7_B18_el467_H4_W4.npy,-272.1575,4775.44762,0.0031207760069006728,0.9864747066774758,0.4053779628650197,0.10502465350199292
Defect_L7_B190_el5527_H4_W4.npy,-272.3443,4776.27888,0.0030843843895133737,0.9866366493748493,0.40538170435889104,0.10502075305515082
Defect_L7_B191_el5531_H4_W4.npy,-272.3153,4777.15924,0.0030900340517415956,0.9868081575348231,0.4053784510048135,0.10504335325363302
Defect_L7_B192_el5535_H4_W4.npy,-272.3016,4777.958,0.0030927030301045777,0.9869637687141821,0.40537481020768196,0.10506704467920215
Defect_L7_B193_el5539_H4_W4.npy,-272.2959,4778.57534,0.0030938134809563303,0.9870840363859055,0.405372895161334,0.10509314842219021
Defect_L7_B194_el5827_H4_W4.npy,-272.07300000000004,4774.462680000001,0.0031372379537380783,0.9862828246666117,0.40537575434402673,0.10506596473665261
Defect_L7_B195_el5831_H4_W4.npy,-272.08259999999996,4774.40561,0.0031353677207246133,0.9862717065209782,0.4053754718297913,0.10505637241891592
Defect_L7_B196_el5835_H4_W4.npy,-272.10900000000004,4774.326499999999,0.003130224579937526,0.9862562946320514,0.4053766006641218,0.10504980853334761
Defect_L7_B197_el5839_H4_W4.npy,-271.9246,4774.28833,0.0031661486390714725,0.9862488585076636,0.4053779597729017,0.10504017657718809
Defect_L7_B198_el5843_H4_W4.npy,-271.61010000000005,4776.49362,0.0032274182518568424,0.9866784841495697,0.40537924351764704,0.10502849636976333
Defect_L7_B199_el5847_H4_W4.npy,-273.93280000000004,4768.66206,0.0027749192705639985,0.9851527714350848,0.4053799352311855,0.10501716944842311
Defect_L7_B19_el471_H4_W4.npy,-272.15840000000003,4775.437379999999,0.003120600672555659,0.9864727117622614,0.4053779264255934,0.1050300092960845
Defect_L7_B1_el115_H4_W4.npy,-272.1558,4775.45708,0.0031211071939968157,0.9864765496362579,0.4053783117206493,0.10498005600900628
Defect_L7_B200_el5851_H4_W4.npy,-270.744,4779.55513,0.003396148336541795,0.9872749150946843,0.40538016427120727,0.10501487849502147
Defect_L7_B201_el5855_H4_W4.npy,-272.4273,4775.188719999999,0.003068214666584318,0.9864242688308934,0.4053794886668332,0.10502345195083997
Defect_L7_B202_el5859_H4_W4.npy,-272.33189999999996,4775.456679999999,0.003086800107155789,0.9864764717098822,0.4053794193857848,0.10502892952935904
Defect_L7_B203_el5863_H4_W4.npy,-272.2821,4775.76801,0.003096501940913209,0.9865371237561413,0.4053790415146273,0.10503009975624897
Defect_L7_B204_el5867_H4_W4.npy,-272.25829999999996,4776.07584,0.0031011385602591397,0.9865970939466143,0.4053783085548374,0.1050322649349808
Defect_L7_B205_el5871_H4_W4.npy,-272.2446,4776.39348,0.003103807538622122,0.9866589752814477,0.40537750236049885,0.10503561188951144
Defect_L7_B206_el5875_H4_W4.npy,-272.2393,4776.63036,0.0031048400630983098,0.9867051232810554,0.40537808764859734,0.10504432428084584
Defect_L7_B207_el6163_H4_W4.npy,-272.1209,4774.848489999999,0.0031279062702645717,0.9863579866040001,0.40537671090374705,0.10507245520944443
Defect_L7_B208_el6167_H4_W4.npy,-272.1288,4774.78716,0.003126367224347227,0.9863460385424672,0.405376250206368,0.10506370306364306
Defect_L7_B209_el6171_H4_W4.npy,-272.1499,4774.6915,0.00312225660803635,0.9863274024497516,0.405376857519019,0.10505722472698278
Defect_L7_B20_el475_H4_W4.npy,-272.1572,4775.4372299999995,0.0031208344516823515,0.9864726825398705,0.4053778545851701,0.10503577082607896
Defect_L7_B210_el6175_H4_W4.npy,-272.0427,4774.659619999999,0.0031431408766868785,0.9863211917176192,0.4053775749445595,0.10504910589913104
Defect_L7_B211_el6179_H4_W4.npy,-271.8275,4776.005169999999,0.003185065266739075,0.9865833263042117,0.4053781755546373,0.10504029113284363
Defect_L7_B212_el6183_H4_W4.npy,-273.1469,4771.84808,0.0029280251169488346,0.9857734589127525,0.4053784292950161,0.10503199333673537
Defect_L7_B213_el6187_H4_W4.npy,-271.3544,4777.82568,0.003277232687434662,0.9869379906691464,0.4053783900487422,0.10502847029279772
Defect_L7_B214_el6191_H4_W4.npy,-272.3051,4775.43819,0.003092021174318418,0.9864728695631719,0.4053781694962202,0.10502970409472759
Defect_L7_B215_el6195_H4_W4.npy,-272.2599,4775.4482800000005,0.0031008268547568826,0.9864748352559957,0.4053784420855404,0.10502906657047827
Defect_L7_B216_el6199_H4_W4.npy,-272.22889999999995,4775.505209999999,0.0031068661488629257,0.9864859261273973,0.40537860602238174,0.10502546984226524
Defect_L7_B217_el6203_H4_W4.npy,-272.2095,4775.578130000001,0.0031106455780776604,0.9865001321056623,0.4053785837715968,0.10502172746877463
Defect_L7_B218_el6207_H4_W4.npy,-272.1969,4775.6815799999995,0.0031131002589078463,0.9865202858145418,0.4053784521808771,0.10501900512440882
Defect_L7_B219_el6211_H4_W4.npy,-272.18949999999995,4775.72448,0.003114541896855752,0.9865286434183208,0.4053793709495908,0.1050213079983496
Defect_L7_B21_el479_H4_W4.npy,-272.1572,4775.43708,0.0031208344516823515,0.9864726533174797,0.405377762818688,0.1050420120464088
Defect_L7_B22_el483_H4_W4.npy,-272.15709999999996,4775.4270400000005,0.003120853933276248,0.9864706973654533,0.4053776111680726,0.10504861116918233
Defect_L7_B23_el487_H4_W4.npy,-272.1568,4775.42691,0.003120912378057916,0.9864706720393812,0.40537740495554003,0.10505519378040133
Defect_L7_B24_el491_H4_W4.npy,-272.1565,4775.437,0.0031209708228395836,0.9864726377322046,0.40537713172746775,0.10506144895614532
Defect_L7_B25_el495_H4_W4.npy,-272.1561,4775.43714,0.003121048749215148,0.9864726650064362,0.4053767889127365,0.1050672161892901
Defect_L7_B26_el499_H4_W4.npy,-272.156,4775.437019999999,0.0031210682308090336,0.9864726416285233,0.4053775064755382,0.10507655554969662
Defect_L7_B27_el787_H4_W4.npy,-272.1544,4775.46632,0.0031213799363112795,0.9864783497355335,0.4053776143437825,0.10503058403013768
Defect_L7_B28_el791_H4_W4.npy,-272.15569999999997,4775.45684,0.0031211266755907124,0.9864765028804325,0.40537695879907415,0.10502510068741208
Defect_L7_B29_el795_H4_W4.npy,-272.15680000000003,4775.44744,0.003120912378057905,0.9864746716106069,0.40537759310986515,0.10502671327893398
Defect_L7_B2_el119_H4_W4.npy,-272.15569999999997,4775.4572,0.0031211266755907124,0.9864765730141705,0.4053779761052998,0.10499126356985942
Defect_L7_B30_el799_H4_W4.npy,-272.155,4775.44798,0.003121263046747944,0.9864747768112139,0.4053779707112226,0.10502871334252384
Defect_L7_B31_el803_H4_W4.npy,-272.1598,4775.44792,0.003120327930241195,0.9864747651222574,0.40537816357721357,0.10503067452437388
Defect_L7_B32_el807_H4_W4.npy,-272.16200000000003,4775.42733,0.0031198993351756023,0.9864707538620756,0.40537821878154157,0.10503256739169627
Defect_L7_B33_el811_H4_W4.npy,-272.15819999999997,4775.41718,0.003120639635743452,0.9864687764802956,0.4053782076792103,0.10503487185258174
Defect_L7_B34_el815_H4_W4.npy,-272.1581,4775.41687,0.0031206591173373378,0.9864687160873545,0.40537818342557064,0.10503813003894695
Defect_L7_B35_el819_H4_W4.npy,-272.157,4775.41658,0.003120873414870134,0.9864686595907323,0.40537805373530006,0.10504225077379879
Defect_L7_B36_el823_H4_W4.npy,-272.15560000000005,4775.41638,0.0031211461571845865,0.9864686206275444,0.40537775327255476,0.10504646785200031
Defect_L7_B37_el827_H4_W4.npy,-272.1549,4775.42636,0.00312128252834183,0.9864705648906148,0.40537727330994405,0.10505021413302781
Defect_L7_B38_el831_H4_W4.npy,-272.15520000000004,4775.43672,0.003121224083560151,0.9864725831837418,0.4053765575194386,0.10505352589954489
Defect_L7_B39_el835_H4_W4.npy,-272.1549,4775.43671,0.00312128252834183,0.9864725812355823,0.4053771176958563,0.10506256544775802
Defect_L7_B3_el123_H4_W4.npy,-272.15549999999996,4775.45725,0.0031211656387784945,0.9864765827549675,0.40537803496593744,0.10500510687852165
Defect_L7_B40_el1123_H4_W4.npy,-272.15340000000003,4775.46564,0.003121574752250179,0.986478217260695,0.40537716624092973,0.10503916363456074
Defect_L7_B41_el1127_H4_W4.npy,-272.1559,4775.4564900000005,0.00312108771240293,0.986476434694854,0.4053765986077076,0.10503201890926721
Defect_L7_B42_el1131_H4_W4.npy,-272.1569,4775.44755,0.0031208928964640194,0.9864746930403601,0.40537747916526956,0.1050329200493008
Defect_L7_B43_el1135_H4_W4.npy,-272.15439999999995,4775.44834,0.0031213799363112907,0.9864748469449518,0.4053780200708367,0.10503399509469062
Defect_L7_B44_el1139_H4_W4.npy,-272.1634,4775.4481,0.0031196265928611386,0.9864748001891265,0.4053783028069855,0.10503446529385098
Defect_L7_B45_el1143_H4_W4.npy,-272.1652,4775.40725,0.0031192759241711106,0.9864668419580224,0.40537838125075804,0.10503415915908819
Defect_L7_B46_el1147_H4_W4.npy,-272.1594,4775.397019999999,0.0031204058566167594,0.9864648489909672,0.405378397784396,0.10503389039151774
Defect_L7_B47_el1151_H4_W4.npy,-272.1582,4775.396449999999,0.003120639635743441,0.986464737945882,0.40537841390854257,0.10503499823618587
Defect_L7_B48_el1155_H4_W4.npy,-272.1571,4775.39607,0.0031208539332762374,0.9864646639158253,0.40537828378352936,0.10503755263431402
Defect_L7_B49_el1159_H4_W4.npy,-272.1554,4775.40557,0.00312118512037238,0.9864665146672449,0.40537786387470465,0.10504035930815266
Defect_L7_B4_el127_H4_W4.npy,-272.1551,4775.45741,0.0031212435651540474,0.9864766139255177,0.4053779924938496,0.10501698698158363
Defect_L7_B50_el1163_H4_W4.npy,-272.15340000000003,4775.40551,0.003121574752250179,0.9864665029782885,0.4053771924234544,0.1050426750455474
Defect_L7_B51_el1167_H4_W4.npy,-272.1534,4775.426,0.0031215747522501903,0.9864704947568769,0.40537623488079483,0.10504476783922545
Defect_L7_B52_el1171_H4_W4.npy,-272.15299999999996,4775.43611,0.0031216526786257545,0.986472464346019,0.40537669846323604,0.10505405687521614
Defect_L7_B53_el1459_H4_W4.npy,-272.15380000000005,4775.46497,0.003121496825874615,0.9864780867340158,0.4053768084096677,0.10504489036654129
Defect_L7_B54_el1463_H4_W4.npy,-272.1565,4775.45614,0.0031209708228395836,0.9864763665092754,0.4053763310882388,0.10503642657678823
Defect_L7_B55_el1467_H4_W4.npy,-272.1586,4775.44757,0.0031205617093678878,0.986474696936679,0.40537739218034335,0.10503649991375648
Defect_L7_B56_el1471_H4_W4.npy,-272.15369999999996,4775.44888,0.0031215163074685224,0.9864749521455588,0.40537808575013856,0.10503681874322887
Defect_L7_B57_el1475_H4_W4.npy,-272.16909999999996,4775.44848,0.0031185161420093977,0.9864748742191833,0.40537842922420464,0.10503631474138482
Defect_L7_B58_el1479_H4_W4.npy,-272.1713,4775.37692,0.003118087546943805,0.9864609331905952,0.4053784848159245,0.10503425290301023
Defect_L7_B59_el1483_H4_W4.npy,-272.161,4775.37698,0.003120094151114513,0.9864609448795516,0.40537854838298015,0.10503166209828656
Defect_L7_B5_el131_H4_W4.npy,-272.15549999999996,4775.4574,0.0031211656387784945,0.9864766119773584,0.4053778495766179,0.10502665262123988
Defect_L7_B60_el1487_H4_W4.npy,-272.1595,4775.38612,0.0031203863750228736,0.9864627254972332,0.40537859965119855,0.10503139740613954
Defect_L7_B61_el1491_H4_W4.npy,-272.1576,4775.3853,0.0031207565253067874,0.9864625657481634,0.4053784925098359,0.1050337094316468
Defect_L7_B62_el1495_H4_W4.npy,-272.1525,4775.3741,0.003121750086595204,0.9864603838096476,0.4053779488872566,0.10503649393157591
Defect_L7_B63_el1499_H4_W4.npy,-272.15,4775.38385,0.0031222371264424645,0.9864622832650519,0.4053770801735628,0.10503865548583238
Defect_L7_B64_el1503_H4_W4.npy,-272.1497,4775.40457,0.003122295571224132,0.986466319851306,0.40537589188960005,0.10504055609422068
Defect_L7_B65_el1507_H4_W4.npy,-272.1501,4775.424910000001,0.003122217644848568,0.9864702824075035,0.40537623242371257,0.10505043865172159
Defect_L7_B66_el1795_H4_W4.npy,-272.1574,4775.464660000001,0.0031207954884945694,0.9864780263410748,0.40537643092971615,0.1050518030108342
Defect_L7_B67_el1799_H4_W4.npy,-272.1612,4775.4561300000005,0.003120055187926731,0.986476364561116,0.4053760465897019,0.10504094125940107
Defect_L7_B68_el1803_H4_W4.npy,-272.1639,4775.437999999999,0.003119529184891689,0.9864728325481434,0.40537730751502143,0.10503847645209458
Defect_L7_B69_el1807_H4_W4.npy,-272.152,4775.43975,0.003121847494564654,0.9864731734760366,0.4053782121346871,0.10503670586939567
Defect_L7_B6_el135_H4_W4.npy,-272.1561,4775.45729,0.003121048749215148,0.9864765905476051,0.4053776366787207,0.10503469557133903
Defect_L7_B70_el1811_H4_W4.npy,-272.1781,4775.45892,0.003116762798559257,0.9864769080975855,0.4053786571807342,0.10503478639390212
Defect_L7_B71_el1815_H4_W4.npy,-272.1791,4775.33607,0.003116567982620346,0.9864529749594911,0.40537860752294436,0.10503065670139095
Defect_L7_B72_el1819_H4_W4.npy,-272.16380000000004,4775.36694,0.0031195486664855744,0.986458988927525,0.40537873611162495,0.10502505889407264
Defect_L7_B73_el1823_H4_W4.npy,-272.15950000000004,4775.36582,0.0031203863750228628,0.9864587707336735,0.40537878938187527,0.1050242863093867
Defect_L7_B74_el1827_H4_W4.npy,-272.1569,4775.36437,0.0031208928964640194,0.9864584882505621,0.40537870207383886,0.10502850318730732
Defect_L7_B75_el1831_H4_W4.npy,-272.14829999999995,4775.352019999999,0.003122568313538607,0.9864560822737165,0.40537791832760117,0.10503335652356625
Defect_L7_B76_el1835_H4_W4.npy,-272.1435,4775.3613,0.003123503430045334,0.9864578901656296,0.40537677588209947,0.10503693315044425
Defect_L7_B77_el1839_H4_W4.npy,-272.1439,4775.392239999999,0.0031234255036697808,0.9864639177707791,0.40537541441250086,0.10503962932753268
Defect_L7_B78_el1843_H4_W4.npy,-272.1441,4775.40272,0.0031233865404819987,0.986465959441819,0.4053757350318254,0.10505011077711283
Defect_L7_B79_el2131_H4_W4.npy,-272.16859999999997,4775.4548,0.0031186135499788473,0.9864761054559172,0.4053739304197073,0.10507447140348178
Defect_L7_B7_el139_H4_W4.npy,-272.1562,4775.44725,0.003121029267621251,0.9864746345955785,0.40537740251706056,0.10504181336691165
Defect_L7_B80_el2135_H4_W4.npy,-272.1723,4775.45662,0.0031178927310048943,0.9864764600209259,0.40537465941085926,0.10505564697497194
Defect_L7_B81_el2139_H4_W4.npy,-272.1732,4775.44934,0.00311771739665988,0.9864750417608907,0.405377206433103,0.10504346085334708
Defect_L7_B82_el2143_H4_W4.npy,-272.15000000000003,4775.46237,0.0031222371264424532,0.9864775802125747,0.4053793695663334,0.10503207341577438
Defect_L7_B83_el2147_H4_W4.npy,-272.19379999999995,4775.50088,0.003113704188318464,0.9864850825743818,0.4053807003837105,0.10502337513493476
Defect_L7_B84_el2151_H4_W4.npy,-272.19,4775.255050000001,0.0031144444888862913,0.9864371909721212,0.40538113786697666,0.10501258176052136
Defect_L7_B85_el2155_H4_W4.npy,-272.1642,4775.3572699999995,0.003119470740110021,0.9864571050573958,0.40538152750575973,0.10500097072966494
Defect_L7_B86_el2159_H4_W4.npy,-272.1551,4775.3552899999995,0.0031212435651540474,0.9864567193218368,0.4053809843112362,0.1050038976650602
Defect_L7_B87_el2163_H4_W4.npy,-272.15029999999996,4775.3525199999995,0.0031221786816607966,0.986456179681686,0.40538007510888274,0.10501884016779352
Defect_L7_B88_el2167_H4_W4.npy,-272.13599999999997,4775.3283200000005,0.0031249645495871254,0.9864514651359647,0.4053780022714291,0.10503227155617283
Defect_L7_B89_el2171_H4_W4.npy,-272.1299,4775.33698,0.003126152926814431,0.9864531522419955,0.4053758814760259,0.10504129640493498
Defect_L7_B8_el143_H4_W4.npy,-272.15720000000005,4775.44725,0.0031208344516823407,0.9864746345955785,0.405377168654494,0.10504848898820669
Defect_L7_B90_el2175_H4_W4.npy,-272.1302,4775.3579899999995,0.0031260944820327634,0.9864572453248718,0.4053739175551407,0.10504701023634459
Defect_L7_B91_el2179_H4_W4.npy,-272.1314,4775.378750000001,0.0031258607029060813,0.9864612897037637,0.4053739173663228,0.10505882362531008
Defect_L7_B92_el2467_H4_W4.npy,-272.1771,4775.421740000001,0.0031169576144981564,0.9864696648409771,0.4053624698815388,0.10510634940237584
Defect_L7_B93_el2471_H4_W4.npy,-272.1759,4775.484289999999,0.003117191393624838,0.9864818505779553,0.40536669660438346,0.10509276538760963
Defect_L7_B94_el2475_H4_W4.npy,-272.1709,4775.58161,0.003118165473319358,0.9865008100651297,0.4053753508222429,0.10507767757171387
Defect_L7_B95_el2479_H4_W4.npy,-272.122,4775.7546999999995,0.0031276919727317755,0.9865345307559945,0.40538711969044305,0.10504258299457293
Defect_L7_B96_el2499_H4_W4.npy,-272.11499999999995,4775.44693,0.0031290556843041172,0.986474572254478,0.4053879076317433,0.10500723530767228
Defect_L7_B97_el2503_H4_W4.npy,-272.1132,4775.425069999999,0.0031294063529941343,0.9864703135780535,0.4053787144501295,0.10504817886340549
Defect_L7_B98_el2507_H4_W4.npy,-272.1138,4775.39452,0.003129289463430788,0.98646436195112,0.4053717705230944,0.10506456272225109
Defect_L7_B99_el2511_H4_W4.npy,-272.1165,4775.374790000001,0.003128763460395757,0.9864605182326456,0.4053673591107356,0.10506950005407614
Defect_L7_B9_el147_H4_W4.npy,-272.15720000000005,4775.447279999999,0.0031208344516823407,0.9864746404400565,0.40537694029057775,0.10505507921802279
Defect_L8_B100_el2515_H4_W4.npy,-272.11129999999997,4775.33234,0.003129776503278059,0.986452248296039,0.4053661299093773,0.1050776349656527
Defect_L8_B101_el2803_H4_W4.npy,-272.1744,4775.28744,0.0031174836175331985,0.9864435010603821,0.4053473539970517,0.10507480419974896
Defect_L8_B102_el2807_H4_W4.npy,-272.17810000000003,4775.33045,0.0031167627985592456,0.9864518800939145,0.4053464565982022,0.10507737270055482
Defect_L8_B103_el2811_H4_W4.npy,-272.1737,4775.41614,0.0031176199886904306,0.9864685738717192,0.40534804064969476,0.10509184297692699
Defect_L8_B104_el2815_H4_W4.npy,-272.1084,4775.72209,0.0031303414695008722,0.9865281778082269,0.4053577451970724,0.10510595662354366
Defect_L8_B105_el2835_H4_W4.npy,-272.0274,4775.92191,0.003146121560552118,0.9865671059291388,0.40541326994500293,0.10502517756203658
Defect_L8_B106_el2839_H4_W4.npy,-272.1032,4775.738,0.0031313545123831748,0.9865312773298149,0.40536554878498304,0.10508063441346896
Defect_L8_B107_el2843_H4_W4.npy,-272.1276,4775.53027,0.00312660100347392,0.9864908082148264,0.40535249580282867,0.10507607678262204
Defect_L8_B108_el2847_H4_W4.npy,-272.12899999999996,4775.39769,0.003126328261159456,0.9864649795176463,0.40534937279487193,0.10506685377415538
Defect_L8_B109_el2851_H4_W4.npy,-272.1189,4775.302839999999,0.003128295902142382,0.9864465012258412,0.4053498426634979,0.10506800829291617
Defect_L8_B10_el151_H4_W4.npy,-272.1571,4775.44752,0.0031208539332762374,0.9864746871958819,0.40537630050166595,0.10505970932805184
Defect_L8_B110_el3139_H4_W4.npy,-272.1755,4775.20828,0.0031172693200004022,0.9864280794306585,0.40535551129383995,0.105078389010166
Defect_L8_B111_el3143_H4_W4.npy,-272.2006,4775.1247,0.0031123794399339046,0.986411796714485,0.40535765647706873,0.10507417908215845
Defect_L8_B112_el3147_H4_W4.npy,-272.21639999999996,4774.87615,0.003109301348099226,0.9863633752128702,0.40538835141970175,0.10514438808350994
Defect_L8_B113_el3151_H4_W4.npy,-272.073,4774.55261,0.0031372379537380896,0.9863003444639972,0.4054139332495553,0.10513376541377539
Defect_L8_B114_el3171_H4_W4.npy,-272.4921,4774.31577,0.0030555905937433257,0.9862542042570271,0.40548691396116265,0.1050749403169803
Defect_L8_B115_el3175_H4_W4.npy,-272.2018,4774.42297,0.003112145660807223,0.9862750885256776,0.40541584828019084,0.10515712620183422
Defect_L8_B116_el3179_H4_W4.npy,-272.1099,4774.69419,0.003130049245592523,0.9863279265046273,0.40536476736093124,0.10509963382343535
Defect_L8_B117_el3183_H4_W4.npy,-272.09999999999997,4774.93888,0.0031319779233876777,0.9863755960167176,0.4053533867522193,0.1050908580293721
Defect_L8_B118_el3187_H4_W4.npy,-272.1095,4775.08744,0.003130127171968076,0.9864045378726014,0.4053503305499082,0.10508964825025818
Defect_L8_B119_el3475_H4_W4.npy,-272.1968,4775.30774,0.003113119740501743,0.986447455823942,0.405368525415088,0.10509469024247878
Defect_L8_B11_el155_H4_W4.npy,-272.1571,4775.44743,0.0031208539332762374,0.9864746696624475,0.40537628972211254,0.10506734480336044
Defect_L8_B120_el3479_H4_W4.npy,-272.2022,4775.29904,0.0031120677344316583,0.9864457609252735,0.40536928245736276,0.10507495964151797
Defect_L8_B121_el3483_H4_W4.npy,-272.1921,4775.26223,0.0031140353754145955,0.9864385897505624,0.4053737539695173,0.10505644375233163
Defect_L8_B122_el3487_H4_W4.npy,-271.88530000000003,4775.413229999999,0.0031738049054704028,0.9864680069573368,0.4053792135889371,0.10502935433524638
Defect_L8_B123_el3491_H4_W4.npy,-272.2471,4777.072270000001,0.003103320498774862,0.9867912143926167,0.4053827125200877,0.10499804812239186
Defect_L8_B124_el3495_H4_W4.npy,-273.0396,4773.57944,0.00294892886719326,0.9861107554367339,0.40538838136059746,0.10494680974201355
Defect_L8_B125_el3499_H4_W4.npy,-271.5648,4774.6056100000005,0.0032362434138892143,0.9863106697087592,0.40539512300683256,0.10490608725245493
Defect_L8_B126_el3503_H4_W4.npy,-272.23789999999997,4775.994070000001,0.003105112805412785,0.9865811638472902,0.4053918806625936,0.1049314665852533
Defect_L8_B127_el3507_H4_W4.npy,-272.235,4775.1735100000005,0.003105677771635598,0.9864213056804629,0.40538864451509005,0.10496756155142814
Defect_L8_B128_el3511_H4_W4.npy,-272.128,4774.90668,0.0031265230770983555,0.986369322943485,0.40538494228387967,0.10500715317834215
Defect_L8_B129_el3515_H4_W4.npy,-272.0722,4774.88846,0.003137393806489207,0.9863657733970782,0.40537664296086817,0.10505199798040105
Defect_L8_B12_el159_H4_W4.npy,-272.1561,4775.4373,0.003121048749215148,0.9864726961769863,0.40537647767016416,0.10507640886536505
Defect_L8_B130_el3519_H4_W4.npy,-272.06829999999997,4774.9900800000005,0.003138153588650942,0.9863855705927898,0.4053690334064686,0.10508207367851534
Defect_L8_B131_el3523_H4_W4.npy,-272.0829,4775.07885,0.0031353092759429345,0.9864028644036861,0.40536567604701623,0.10510789895828315
Defect_L8_B132_el3811_H4_W4.npy,-272.2737,4775.38896,0.0030981383948000033,0.9864632787744998,0.40536406959549465,0.10513008677758752
Defect_L8_B133_el3815_H4_W4.npy,-272.2379,4775.46887,0.003105112805412774,0.9864788465161775,0.40536795569524275,0.10509547272906013
Defect_L8_B134_el3819_H4_W4.npy,-272.1841,4775.592180000001,0.0031155939029258255,0.986502869269604,0.4053757242499839,0.10505636874444295
Defect_L8_B135_el3823_H4_W4.npy,-271.7422,4775.8773599999995,0.0032016830663275982,0.9865584268790605,0.40538367956470955,0.10500733239406965
Defect_L8_B136_el3827_H4_W4.npy,-272.2795,4778.23834,0.003097008462354366,0.9870183834144947,0.40538857710289494,0.1049643662155487
Defect_L8_B137_el3831_H4_W4.npy,-273.63539999999995,4771.89235,0.0028328575307941337,0.9857820834143678,0.4053951881051194,0.10490800900450713
Defect_L8_B138_el3835_H4_W4.npy,-271.2839,4774.58667,0.0032909672111274065,0.9863069798948761,0.40542043415134654,0.10493655248010292
Defect_L8_B139_el3839_H4_W4.npy,-272.0799,4776.32559,0.0031358937237596445,0.9866457492273557,0.40539019041948526,0.10492605213339232
Defect_L8_B13_el163_H4_W4.npy,-272.1561,4775.43703,0.003121048749215148,0.9864726435766829,0.40537709127744626,0.10508998839035806
Defect_L8_B140_el3843_H4_W4.npy,-272.118,4775.37826,0.0031284712364873964,0.9864611942439535,0.405405078699661,0.10505285181155774
Defect_L8_B141_el3847_H4_W4.npy,-272.0565,4775.28952,0.0031404524167299996,0.9864439062775352,0.4053781116171384,0.10502992107113768
Defect_L8_B142_el3851_H4_W4.npy,-272.028,4775.26956,0.0031460046709887715,0.9864400177513946,0.40537185053795516,0.10506239880763521
Defect_L8_B143_el3855_H4_W4.npy,-272.0181,4775.25515,0.0031479333487839265,0.9864372104537149,0.4053671487845356,0.10508290998792814
Defect_L8_B144_el3859_H4_W4.npy,-272.01820000000004,4775.224810000001,0.00314791386719003,0.9864312997381287,0.4053661953000507,0.10510249163681853
Defect_L8_B145_el4147_H4_W4.npy,-272.3005,4775.54461,0.003092917327637374,0.9864936018753901,0.4053476885512756,0.10512843551407687
Defect_L8_B146_el4151_H4_W4.npy,-272.1732,4775.623610000001,0.00311771739665988,0.9865089923345637,0.4053569611375976,0.10511351228466465
Defect_L8_B147_el4155_H4_W4.npy,-271.9786,4775.92348,0.0031556285783706497,0.9865674117901629,0.4053786587404062,0.10509030322611328
Defect_L8_B148_el4159_H4_W4.npy,-271.363,4776.843129999999,0.0032755572703600856,0.986746574268376,0.4054214065889085,0.1050330585899826
Defect_L8_B149_el4179_H4_W4.npy,-271.88890000000004,4776.41504,0.0031731035680903465,0.9866631755130906,0.40548106490176006,0.10492288166549114
Defect_L8_B14_el451_H4_W4.npy,-272.15599999999995,4775.45688,0.0031210682308090445,0.9864765106730701,0.4053782179294611,0.1050127824106813
Defect_L8_B150_el4183_H4_W4.npy,-272.175,4776.18918,0.0031173667279698523,0.9866191743851297,0.40541123072497465,0.10503367003452338
Defect_L8_B151_el4187_H4_W4.npy,-272.14180000000005,4775.83558,0.0031238346171414658,0.9865502874691331,0.4053734493068514,0.1050800810771203
Defect_L8_B152_el4191_H4_W4.npy,-272.0701,4775.63288,0.003137802919960903,0.9865107982783172,0.40535574005107916,0.10509584647366423
Defect_L8_B153_el4195_H4_W4.npy,-272.0138,4775.498259999999,0.003148771057321215,0.9864845721566219,0.4053495359607266,0.10510586842238297
Defect_L8_B154_el4483_H4_W4.npy,-272.42470000000003,4775.86076,0.0030687211880254636,0.9865551929344747,0.4053453625881159,0.1050823241376508
Defect_L8_B155_el4487_H4_W4.npy,-272.3349,4775.634239999999,0.003086215659339068,0.9865110632279941,0.4053480791050377,0.10507978813969726
Defect_L8_B156_el4491_H4_W4.npy,-272.1919,4775.38673,0.0031140743386023776,0.986462844334956,0.4053535044845261,0.10507506853139242
Defect_L8_B157_el4495_H4_W4.npy,-271.8976,4775.240680000001,0.0031714086694218844,0.9864343914670791,0.405363034720754,0.10505655474794434
Defect_L8_B158_el4515_H4_W4.npy,-272.226,4775.4937,0.003107431115085739,0.9864836837959405,0.4053861578301203,0.10497724816222985
Defect_L8_B159_el4519_H4_W4.npy,-272.1642,4775.521750000001,0.003119470740110021,0.9864891483830269,0.40537011607116463,0.10502475690246442
Defect_L8_B15_el455_H4_W4.npy,-272.15569999999997,4775.45702,0.0031211266755907124,0.9864765379473015,0.4053769332265262,0.10500883953632308
Defect_L8_B160_el4523_H4_W4.npy,-272.1484,4775.68153,0.0031225488319447103,0.9865202760737449,0.4053567320791042,0.10505612506921436
Defect_L8_B161_el4527_H4_W4.npy,-272.11269999999996,4775.83374,0.003129503760963595,0.9865499290078056,0.40534774619278297,0.10507104916116913
Defect_L8_B162_el4531_H4_W4.npy,-272.0731,4775.91586,0.003137218472144193,0.9865659272927084,0.4053429828952086,0.1050789406290857
Defect_L8_B163_el4819_H4_W4.npy,-272.5679,4776.7058799999995,0.0030408235455743823,0.9867198357807614,0.4053442532649321,0.10508520140075446
Defect_L8_B164_el4823_H4_W4.npy,-272.5023,4776.46222,0.003053603471166503,0.9866723669290881,0.40535169288842565,0.10507445093219309
Defect_L8_B165_el4827_H4_W4.npy,-272.3755,4776.220829999999,0.0030783061322195594,0.9866253403095958,0.4053664250677136,0.10505350773803275
Defect_L8_B166_el4831_H4_W4.npy,-271.9609,4776.195610000001,0.0031590768204892527,0.9866204270516169,0.4053901392365929,0.10500320242702688
Defect_L8_B167_el4851_H4_W4.npy,-272.18149999999997,4776.76713,0.0031161004243669826,0.9867317682570194,0.4053897147593108,0.1050053094340875
Defect_L8_B168_el4855_H4_W4.npy,-272.0984,4777.03229,0.0031322896288899127,0.9867834256513792,0.40537570632844955,0.10505251735833744
Defect_L8_B169_el4859_H4_W4.npy,-272.07849999999996,4776.94558,0.0031361664660741195,0.9867665331613168,0.4053605628014941,0.10507885565601943
Defect_L8_B16_el459_H4_W4.npy,-272.1552,4775.45728,0.003121224083560162,0.9864765885994456,0.405377198892096,0.1050118015789163
Defect_L8_B170_el4863_H4_W4.npy,-272.0727,4776.912979999999,0.003137296398519757,0.9867601821617084,0.4053513586925298,0.10508699145256084
Defect_L8_B171_el4867_H4_W4.npy,-272.0748,4776.91418,0.003136887285048061,0.9867604159408352,0.40534669221330355,0.10509132805876054
Defect_L8_B172_el5155_H4_W4.npy,-272.20480000000003,4775.623970000001,0.0031115612129905016,0.9865090624683017,0.40535758467380395,0.10510715961964387
Defect_L8_B173_el5159_H4_W4.npy,-272.1442,4775.10335,0.003123367058888102,0.9864076373941894,0.40536159228167323,0.10509597538761313
Defect_L8_B174_el5163_H4_W4.npy,-271.9943,4774.0669800000005,0.003152569968129846,0.9862057359995873,0.4053722653470978,0.10508189830209921
Defect_L8_B175_el5167_H4_W4.npy,-270.7886,4772.50175,0.0033874595456666774,0.9859008042475361,0.4053903746673538,0.10504711086567013
Defect_L8_B176_el5187_H4_W4.npy,-272.4587,4776.31523,0.0030620974461027213,0.9866437309342285,0.40544918203627217,0.10491365746835415
Defect_L8_B177_el5191_H4_W4.npy,-272.3076,4777.46504,0.003091534134471158,0.98686773224894,0.40541316401598154,0.10501338026244446
Defect_L8_B178_el5195_H4_W4.npy,-272.2372,4778.35059,0.003105249176570017,0.9870402515036366,0.40538452364975336,0.10507627189577208
Defect_L8_B179_el5199_H4_W4.npy,-272.2074,4778.8531,0.0031110546915493562,0.9871381484610955,0.4053658701681529,0.10510977275111004
Defect_L8_B17_el463_H4_W4.npy,-272.1534,4775.45762,0.0031215747522501903,0.9864766548368649,0.4053773176014551,0.1050160586830322
Defect_L8_B180_el5203_H4_W4.npy,-272.1989,4779.147150000001,0.003112710627030047,0.9871954340879303,0.4053561318481956,0.10513446571073631
Defect_L8_B181_el5491_H4_W4.npy,-272.0262,4774.27008,0.0031463553396788,0.9862453031167786,0.4053713441170626,0.10507885156286165
Defect_L8_B182_el5495_H4_W4.npy,-272.02970000000005,4774.15999,0.003145673483892629,0.9862238558300647,0.40537113400727026,0.10506544255130319
Defect_L8_B183_el5499_H4_W4.npy,-272.04200000000003,4773.92058,0.0031432772478441106,0.9861772149461315,0.4053735273562337,0.10505395767434528
Defect_L8_B184_el5503_H4_W4.npy,-271.46970000000005,4773.6976700000005,0.0032547704096789957,0.9861337885251905,0.40537685267026224,0.10503441358742896
Defect_L8_B185_el5507_H4_W4.npy,-270.86260000000004,4778.5371,0.003373043166187751,0.9870765866244016,0.4053815439458069,0.10500497721805219
Defect_L8_B186_el5511_H4_W4.npy,-277.3834,4754.53753,0.002102687391781088,0.9824010878615539,0.4053857308344073,0.10497007319308058
Defect_L8_B187_el5515_H4_W4.npy,-268.02250000000004,4786.5660100000005,0.0039263399142696435,0.9886407462644293,0.40538825646950755,0.10495407898639865
Defect_L8_B188_el5519_H4_W4.npy,-272.6411,4774.54933,0.003026563018846596,0.9862997054677175,0.40538556088312677,0.1049784113347987
Defect_L8_B189_el5523_H4_W4.npy,-272.4454,4775.42694,0.0030646884980901506,0.9864706778838593,0.40538328562075465,0.10500058782619395
Defect_L8_B18_el467_H4_W4.npy,-272.15770000000003,4775.4574,0.0031207370437128907,0.9864766119773584,0.40537731940525373,0.10502103922521194
Defect_L8_B190_el5527_H4_W4.npy,-272.3484,4776.29723,0.0030835856441638566,0.9866402242473283,0.40538083008832015,0.10501711993908674
Defect_L8_B191_el5531_H4_W4.npy,-272.3181,4777.13887,0.003089488567112657,0.9868041891341476,0.40537768759660503,0.10503988959456806
Defect_L8_B192_el5535_H4_W4.npy,-272.3045,4777.93896,0.0030921380638817535,0.9869600594187056,0.40537420004711805,0.10506401004906449
Defect_L8_B193_el5539_H4_W4.npy,-272.3053,4778.54899,0.003091982211130636,0.9870789029859153,0.40537302614084225,0.10509194437687312
Defect_L8_B194_el5827_H4_W4.npy,-272.06800000000004,4774.48324,0.0031382120334325987,0.9862868300823153,0.405375316458302,0.10506516020613679
Defect_L8_B195_el5831_H4_W4.npy,-272.076,4774.433550000001,0.0031366535059213683,0.9862771496783114,0.40537459686805083,0.10505418548615751
Defect_L8_B196_el5835_H4_W4.npy,-272.0963,4774.3344799999995,0.00313269874236162,0.9862578492632439,0.40537580345666896,0.10504729148692624
Defect_L8_B197_el5839_H4_W4.npy,-271.75849999999997,4774.30475,0.0031985075665234702,0.9862520573853805,0.405377422168487,0.10503705219249976
Defect_L8_B198_el5843_H4_W4.npy,-271.35600000000005,4777.79702,0.0032769209819324048,0.9869324072443374,0.40537905406467317,0.10502500725417116
Defect_L8_B199_el5847_H4_W4.npy,-275.2577,4764.07213,0.0025168076331097988,0.9842585799126301,0.4053797817982762,0.105014854092591
Defect_L8_B19_el471_H4_W4.npy,-272.15880000000004,4775.436909999999,0.0031205227461800944,0.98647262019877,0.4053772265471851,0.10502650706216836
Defect_L8_B1_el115_H4_W4.npy,-272.1558,4775.45719,0.0031211071939968157,0.9864765710660112,0.4053781954953615,0.10497698029219991
Defect_L8_B200_el5851_H4_W4.npy,-269.7362,4782.513690000001,0.0035924838397694797,0.9878512897388889,0.40537998935640607,0.10501271022144014
Defect_L8_B201_el5855_H4_W4.npy,-272.4721,4775.24061,0.0030594869125214067,0.9864343778299632,0.4053787067913899,0.10502203446216919
Defect_L8_B202_el5859_H4_W4.npy,-272.3456,4775.5027,0.0030841311287927954,0.9864854371393907,0.40537877547425344,0.1050261286755519
Defect_L8_B203_el5863_H4_W4.npy,-272.28740000000005,4775.81966,0.00309546941643701,0.9865471859993858,0.4053783948563798,0.10502706349388495
Defect_L8_B204_el5867_H4_W4.npy,-272.2625,4776.10718,0.0031003203333157367,0.9866031994781396,0.40537761892789653,0.10502954795783702
Defect_L8_B205_el5871_H4_W4.npy,-272.2494,4776.40502,0.003102872422115384,0.9866612234573828,0.4053768843423612,0.10503318564705255
Defect_L8_B206_el5875_H4_W4.npy,-272.2493,4776.60329,0.0031028919037092693,0.9866998496135893,0.4053781275550195,0.10504308668360823
Defect_L8_B207_el6163_H4_W4.npy,-272.1171,4774.84805,0.00312864657083241,0.986357900884987,0.4053763363294961,0.10507130908124458
Defect_L8_B208_el6167_H4_W4.npy,-272.1252,4774.77477,0.0031270685617272834,0.9863436247729841,0.40537560855419935,0.1050613518895233
Defect_L8_B209_el6171_H4_W4.npy,-272.14349999999996,4774.66946,0.003123503430045345,0.9863231087064581,0.4053762654567399,0.10505450567982202
Defect_L8_B20_el475_H4_W4.npy,-272.1572,4775.437089999999,0.0031208344516823515,0.9864726552656391,0.4053771513251937,0.1050323844230649
Defect_L8_B210_el6175_H4_W4.npy,-271.9453,4774.64386,0.00316211594913616,0.9863181214184222,0.4053771540814444,0.10504592203503013
Defect_L8_B211_el6179_H4_W4.npy,-271.7191,4776.67143,0.0032061833145162854,0.9867131243716663,0.4053779528663114,0.10503682119648496
Defect_L8_B212_el6183_H4_W4.npy,-273.8695,4769.34101,0.002787251119496641,0.985285041716804,0.405378186388114,0.10502923027355564
Defect_L8_B213_el6187_H4_W4.npy,-270.78229999999996,4779.40511,0.0033886868860817762,0.9872456888075298,0.4053780889890995,0.10502606772446392
Defect_L8_B214_el6191_H4_W4.npy,-272.3172,4775.52124,0.003089663901457671,0.9864890490268979,0.4053776002081217,0.10502740865788493
Defect_L8_B215_el6195_H4_W4.npy,-272.2681,4775.49279,0.00309922936405787,0.9864835065134362,0.4053779413863561,0.10502606537589511
Defect_L8_B216_el6199_H4_W4.npy,-272.23249999999996,4775.55697,0.0031061648114828694,0.986496009800395,0.4053780796741149,0.10502247841726106
Defect_L8_B217_el6203_H4_W4.npy,-272.2138,4775.619680000001,0.003109807869540372,0.9865082267079238,0.4053780402010392,0.105019015308946
Defect_L8_B218_el6207_H4_W4.npy,-272.20079999999996,4775.70311,0.0031123404767461334,0.9865244802017066,0.40537799203973784,0.10501655925035107
Defect_L8_B219_el6211_H4_W4.npy,-272.1968,4775.706450000001,0.003113119740501743,0.9865251308869425,0.40537937376217337,0.10501969769886402
Defect_L8_B21_el479_H4_W4.npy,-272.15709999999996,4775.437199999999,0.003120853933276248,0.9864726766953924,0.4053770716889464,0.10503852846030216
Defect_L8_B22_el483_H4_W4.npy,-272.158,4775.437309999999,0.003120678598931223,0.9864726981251456,0.4053769864671807,0.10504501519863486
Defect_L8_B23_el487_H4_W4.npy,-272.1568,4775.43719,0.003120912378057916,0.986472674747233,0.4053768029568765,0.1050516574434585
Defect_L8_B24_el491_H4_W4.npy,-272.1565,4775.437169999999,0.0031209708228395836,0.9864726708509142,0.4053765416958426,0.10505805753023528
Defect_L8_B25_el495_H4_W4.npy,-272.15619999999996,4775.437169999999,0.0031210292676212624,0.9864726708509142,0.4053762098095705,0.10506413305480976
Defect_L8_B26_el499_H4_W4.npy,-272.1553,4775.43676,0.0031212046019662653,0.9864725909763793,0.4053772619795194,0.10507483381853279
Defect_L8_B27_el787_H4_W4.npy,-272.1559,4775.45646,0.00312108771240293,0.9864764288503758,0.40537772872826283,0.10502911320400636
Defect_L8_B28_el791_H4_W4.npy,-272.1545,4775.45668,0.003121360454717394,0.9864764717098824,0.40537644901871395,0.10502204237083751
Defect_L8_B29_el795_H4_W4.npy,-272.1539,4775.45729,0.0031214773442807295,0.9864765905476051,0.40537708734768585,0.10502343112666648
Defect_L8_B2_el119_H4_W4.npy,-272.1556,4775.4572,0.003121146157184598,0.9864765730141705,0.40537763475215555,0.10498784886402852
Defect_L8_B30_el799_H4_W4.npy,-272.15160000000003,4775.45785,0.0031219254209402074,0.9864766996445308,0.40537741311272646,0.10502534631194838
Defect_L8_B31_el803_H4_W4.npy,-272.1603,4775.45753,0.0031202305222717453,0.9864766373034304,0.40537755183543195,0.10502729291037699
Defect_L8_B32_el807_H4_W4.npy,-272.1619,4775.41657,0.003119918816769499,0.986468657642573,0.4053775372952748,0.10502935467065806
Defect_L8_B33_el811_H4_W4.npy,-272.1581,4775.41704,0.0031206591173373378,0.9864687492060642,0.40537752990704246,0.1050318193273819
Defect_L8_B34_el815_H4_W4.npy,-272.1579,4775.4170300000005,0.00312069808052512,0.9864687472579049,0.4053775263828595,0.10503481459076625
Defect_L8_B35_el819_H4_W4.npy,-272.159,4775.41711,0.0031204837829923236,0.98646876284318,0.4053774373834054,0.10503863587732579
Defect_L8_B36_el823_H4_W4.npy,-272.1577,4775.41692,0.003120737043712902,0.9864687258281514,0.40537712259487446,0.1050428468991309
Defect_L8_B37_el827_H4_W4.npy,-272.156,4775.42677,0.0031210682308090336,0.9864706447651497,0.405376613624264,0.1050467168914273
Defect_L8_B38_el831_H4_W4.npy,-272.1554,4775.436879999999,0.00312118512037238,0.9864726143542919,0.40537585604857235,0.10505037746223052
Defect_L8_B39_el835_H4_W4.npy,-272.1534,4775.426310000001,0.0031215747522501903,0.986470555149818,0.40537693015557885,0.10506114606830544
Defect_L8_B3_el123_H4_W4.npy,-272.1553,4775.45724,0.0031212046019662653,0.986476580806808,0.4053775540868187,0.1050017402428296
Defect_L8_B40_el1123_H4_W4.npy,-272.1549,4775.45567,0.00312128252834183,0.986476274945784,0.4053773064185796,0.10503809328814855
Defect_L8_B41_el1127_H4_W4.npy,-272.1544,4775.4562,0.0031213799363112795,0.9864763781982315,0.4053760243917259,0.10502913570648965
Defect_L8_B42_el1131_H4_W4.npy,-272.1535,4775.45729,0.0031215552706562936,0.9864765905476051,0.4053769003536519,0.1050297590507996
Defect_L8_B43_el1135_H4_W4.npy,-272.148,4775.45823,0.0031226267583202637,0.9864767736745876,0.4053773972070936,0.10503073614489425
Defect_L8_B44_el1139_H4_W4.npy,-272.1648,4775.46763,0.003119353850546675,0.9864786049444133,0.4053776629512967,0.10503121874895757
Defect_L8_B45_el1143_H4_W4.npy,-272.1679,4775.39618,0.0031187499211360794,0.9864646853455785,0.40537769106614363,0.1050312131926147
Defect_L8_B46_el1147_H4_W4.npy,-272.1593,4775.39687,0.0031204253382106557,0.9864648197685764,0.4053777250982157,0.10503118439674444
Defect_L8_B47_el1151_H4_W4.npy,-272.1588,4775.406739999999,0.0031205227461801057,0.9864667426018934,0.4053777856186539,0.10503185465886095
Defect_L8_B48_el1155_H4_W4.npy,-272.15909999999997,4775.40678,0.003120464301398438,0.986466750394531,0.4053777000494531,0.10503394659877577
Defect_L8_B49_el1159_H4_W4.npy,-272.1576,4775.40629,0.0031207565253067874,0.986466654934721,0.40537723128665404,0.10503674377641055
Defect_L8_B4_el127_H4_W4.npy,-272.1538,4775.4574,0.0031214968258746257,0.9864766119773584,0.4053773943450812,0.10501380774421769
Defect_L8_B50_el1163_H4_W4.npy,-272.1546,4775.40595,0.0031213409731234974,0.9864665886973017,0.40537651509733674,0.10503921784394595
Defect_L8_B51_el1167_H4_W4.npy,-272.1537,4775.426170000001,0.0031215163074685115,0.9864705278755865,0.40537547134431934,0.10504169641917327
Defect_L8_B52_el1171_H4_W4.npy,-272.1516,4775.41535,0.0031219254209402182,0.9864684199671274,0.4053765664889014,0.10505294279355024
Defect_L8_B53_el1459_H4_W4.npy,-272.1554,4775.46497,0.00312118512037238,0.9864780867340158,0.4053769685225591,0.1050440507014353
Defect_L8_B54_el1463_H4_W4.npy,-272.1548,4775.46584,0.0031213020099357153,0.9864782562238826,0.40537566760879984,0.105033676519884
Defect_L8_B55_el1467_H4_W4.npy,-272.15459999999996,4775.45744,0.003121340973123508,0.9864766197699959,0.40537672610247777,0.10503340635172471
Defect_L8_B56_el1471_H4_W4.npy,-272.1434,4775.4688400000005,0.003123522911639231,0.9864788406716994,0.40537737756052294,0.10503359248856693
Defect_L8_B57_el1475_H4_W4.npy,-272.1729,4775.47779,0.003117775841441548,0.9864805842743526,0.40537771831096076,0.10503310247221535
Defect_L8_B58_el1479_H4_W4.npy,-272.1765,4775.345410000001,0.0031170745040615027,0.9864547945403606,0.40537773987076026,0.1050315055703455
Defect_L8_B59_el1483_H4_W4.npy,-272.16089999999997,4775.36673,0.00312011363270841,0.9864589480161778,0.40537789413274705,0.10502920652644711
Defect_L8_B5_el131_H4_W4.npy,-272.1556,4775.45733,0.003121146157184598,0.9864765983402426,0.4053771773638987,0.10502370335474001
Defect_L8_B60_el1487_H4_W4.npy,-272.1587,4775.386460000001,0.003120542227773991,0.9864627917346526,0.4053780355221986,0.10502831832326862
Defect_L8_B61_el1491_H4_W4.npy,-272.1606,4775.386390000001,0.0031201720774900773,0.9864627780975369,0.4053779512474509,0.10503000764142618
Defect_L8_B62_el1495_H4_W4.npy,-272.1557,4775.37507,0.003121126675590701,0.9864605727811083,0.405377322569511,0.1050328423789567
Defect_L8_B63_el1499_H4_W4.npy,-272.15139999999997,4775.384410000001,0.0031219643841280003,0.9864623923619779,0.4053763553528424,0.10503522375137876
Defect_L8_B64_el1503_H4_W4.npy,-272.15009999999995,4775.40473,0.0031222176448485787,0.9864663510218563,0.405375090531451,0.10503757149574926
Defect_L8_B65_el1507_H4_W4.npy,-272.14790000000005,4775.40376,0.003122646239914149,0.9864661620503955,0.4053761379441713,0.10504953381597791
Defect_L8_B66_el1795_H4_W4.npy,-272.1589,4775.46465,0.003120503264586209,0.9864780243929153,0.40537655166836406,0.10505101551678336
Defect_L8_B67_el1799_H4_W4.npy,-272.15909999999997,4775.46584,0.003120464301398438,0.9864782562238826,0.4053753117780677,0.10503828844496829
Defect_L8_B68_el1803_H4_W4.npy,-272.157,4775.45791,0.003120873414870134,0.9864767113334872,0.40537652531380847,0.1050354384878902
Defect_L8_B69_el1807_H4_W4.npy,-272.1373,4775.47995,0.003124711288866547,0.9864810050767806,0.4053774037865125,0.1050334948708452
Defect_L8_B6_el135_H4_W4.npy,-272.1562,4775.45701,0.003121029267621251,0.9864765359991422,0.40537693962651217,0.1050319922291469
Defect_L8_B70_el1811_H4_W4.npy,-272.18640000000005,4775.50818,0.0031151458262663368,0.9864865047307358,0.4053778344750674,0.10503166070442958
Defect_L8_B71_el1815_H4_W4.npy,-272.1875,4775.28389,0.0031149315287335513,0.986442809463799,0.40537782011664525,0.10502819519225014
Defect_L8_B72_el1819_H4_W4.npy,-272.1614,4775.34683,0.003120016224738949,0.9864550711789938,0.405378197665418,0.10502279009481076
Defect_L8_B73_el1823_H4_W4.npy,-272.158,4775.36633,0.003120678598931223,0.9864588700898023,0.4053783147341799,0.1050213089351461
Defect_L8_B74_el1827_H4_W4.npy,-272.1608,4775.37575,0.0031201331143022953,0.9864607052559469,0.40537822439887383,0.10502484335262402
Defect_L8_B75_el1831_H4_W4.npy,-272.1507,4775.35302,0.0031221007552852324,0.9864562770896554,0.40537726988074774,0.10502981297585207
Defect_L8_B76_el1835_H4_W4.npy,-272.1449,4775.35175,0.0031232306877308704,0.9864560296734131,0.405376013939708,0.1050336904152734
Defect_L8_B77_el1839_H4_W4.npy,-272.14340000000004,4775.37216,0.0031235229116392195,0.9864600058667261,0.40537459262035297,0.1050368266275188
Defect_L8_B78_el1843_H4_W4.npy,-272.1411,4775.381200000001,0.0031239709882987087,0.986461767002814,0.4053756504338781,0.10504932516975318
Defect_L8_B79_el2131_H4_W4.npy,-272.1696,4775.45475,0.0031184187340399364,0.9864760957151202,0.4053740825130141,0.10507360088776521
Defect_L8_B7_el139_H4_W4.npy,-272.1562,4775.44723,0.003121029267621251,0.9864746306992597,0.40537670841980944,0.10503933279582489
Defect_L8_B80_el2135_H4_W4.npy,-272.1675,4775.466420000001,0.0031188278475116323,0.9864783692171274,0.4053739117178646,0.10505274632207473
Defect_L8_B81_el2139_H4_W4.npy,-272.164,4775.46942,0.003119509703297803,0.986478953664944,0.40537636252279835,0.10504008852161627
Defect_L8_B82_el2143_H4_W4.npy,-272.1248,4775.51303,0.0031271464881028476,0.9864874495880396,0.4053784383234544,0.10502855431368538
Defect_L8_B83_el2147_H4_W4.npy,-272.21250000000003,4775.5799799999995,0.003110061130260939,0.9865004925151492,0.4053796715514913,0.10502028912973552
Defect_L8_B84_el2151_H4_W4.npy,-272.2049,4775.16151,0.0031115417313966162,0.9864189678891959,0.40538018507854695,0.10501059503017077
Defect_L8_B85_el2155_H4_W4.npy,-272.1625,4775.33755,0.0031198019272061527,0.9864532632870807,0.40538126318718665,0.10499849335815573
Defect_L8_B86_el2159_H4_W4.npy,-272.15299999999996,4775.36637,0.0031216526786257545,0.9864588778824398,0.4053805798474768,0.1050010438556842
Defect_L8_B87_el2163_H4_W4.npy,-272.1549,4775.36415,0.00312128252834183,0.9864584453910555,0.40537947051039797,0.10501569682587389
Defect_L8_B88_el2167_H4_W4.npy,-272.1384,4775.31917,0.003124496991333751,0.9864496825701236,0.40537719011540363,0.10502910687289545
Defect_L8_B89_el2171_H4_W4.npy,-272.1313,4775.31716,0.003125880184499967,0.9864492909900864,0.40537497111237913,0.10503839192076246
Defect_L8_B8_el143_H4_W4.npy,-272.15720000000005,4775.44727,0.0031208344516823407,0.9864746384918972,0.4053765366962081,0.10504612613993979
Defect_L8_B90_el2175_H4_W4.npy,-272.1297,4775.34765,0.003126191890002213,0.9864552309280635,0.4053730232368278,0.10504445705547254
Defect_L8_B91_el2179_H4_W4.npy,-272.1275,4775.34682,0.0031266204850678055,0.9864550692308343,0.4053738030092264,0.10505817251928928
Defect_L8_B92_el2467_H4_W4.npy,-272.1766,4775.4215300000005,0.003117055022467606,0.9864696239296299,0.40536276806669896,0.10510623685046895
Defect_L8_B93_el2471_H4_W4.npy,-272.17030000000005,4775.50395,0.0031182823628826935,0.9864856806593144,0.4053664404785209,0.10509051669716248
Defect_L8_B94_el2475_H4_W4.npy,-272.1589,4775.6218,0.003120503264586209,0.9865086397177142,0.4053751425599024,0.10507431815877767
Defect_L8_B95_el2479_H4_W4.npy,-272.08279999999996,4775.82613,0.003135328757536831,0.9865484464585106,0.40538669347368256,0.10503785826951012
Defect_L8_B96_el2499_H4_W4.npy,-272.114,4775.44684,0.003129250500243017,0.9864745547210434,0.40538569997015494,0.10500696507771098
Defect_L8_B97_el2503_H4_W4.npy,-272.1134,4775.4152300000005,0.003129367389806352,0.9864683965892148,0.40537728230961695,0.105045234266891
Defect_L8_B98_el2507_H4_W4.npy,-272.1143,4775.384569999999,0.003129192055461338,0.9864624235325278,0.4053706722377728,0.10506165799880199
Defect_L8_B99_el2511_H4_W4.npy,-272.116,4775.36444,0.0031288608683652064,0.9864585018876778,0.4053664243566503,0.10506704672235812
Defect_L8_B9_el147_H4_W4.npy,-272.15720000000005,4775.44741,0.0031208344516823407,0.9864746657661286,0.4053764056147421,0.10505277715515486
Defect_L9_B100_el2515_H4_W4.npy,-272.09979999999996,4775.22609,0.00313201688657546,0.9864315491025304,0.40536653437685055,0.10506843516703711
Defect_L9_B101_el2803_H4_W4.npy,-272.1578,4775.3343,0.0031207175621190053,0.9864526301352793,0.40535077424353283,0.1050695259882927
Defect_L9_B102_el2807_H4_W4.npy,-272.1606,4775.40882,0.0031201720774900773,0.9864671478190463,0.40534988009535966,0.10507219019139881
Defect_L9_B103_el2811_H4_W4.npy,-272.1552,4775.516430000001,0.003121224083560162,0.986488111962232,0.4053519457646845,0.10508658469092726
Defect_L9_B104_el2815_H4_W4.npy,-272.0755,4775.8243,0.003136750913890829,0.9865480899453424,0.40536171642300145,0.10510085442332495
Defect_L9_B105_el2835_H4_W4.npy,-272.0424,4775.86455,0.0031431993214685572,0.9865559312868832,0.40541331373453277,0.10500958676317297
Defect_L9_B106_el2839_H4_W4.npy,-272.1129,4775.6686500000005,0.003129464797775802,0.9865177668444519,0.405366942168193,0.10506570449822751
Defect_L9_B107_el2843_H4_W4.npy,-272.1296,4775.44876,0.0031262113715961096,0.9864749287676462,0.4053542625437193,0.10506369967023924
Defect_L9_B108_el2847_H4_W4.npy,-272.1234,4775.31391,0.0031274192304173117,0.986448657838285,0.40535129173649115,0.10505667444559728
Defect_L9_B109_el2851_H4_W4.npy,-272.1065,4775.21652,0.0031307116197847973,0.9864296847139951,0.405352161869067,0.10505968859975234
Defect_L9_B10_el151_H4_W4.npy,-272.1572,4775.44754,0.0031208344516823515,0.9864746910922008,0.40537675174999976,0.10504978744476562
Defect_L9_B110_el3139_H4_W4.npy,-272.1478,4775.2625499999995,0.0031226657215080457,0.9864386520916627,0.4053570157593687,0.10506971572622881
Defect_L9_B111_el3143_H4_W4.npy,-272.172,4775.220429999999,0.003117951175786562,0.9864304464443161,0.40535802076065175,0.1050638605054537
Defect_L9_B112_el3147_H4_W4.npy,-272.1837,4775.03489,0.00311567182930139,0.9863943002950118,0.4053666050817226,0.10506388543847814
Defect_L9_B113_el3151_H4_W4.npy,-272.0168,4774.80793,0.003148186609504505,0.9863500848695181,0.40541023989851777,0.10512005958646232
Defect_L9_B114_el3171_H4_W4.npy,-272.5374,4774.4327,0.0030467654317109646,0.9862769840847633,0.40549105451277945,0.10507197356992146
Defect_L9_B115_el3175_H4_W4.npy,-272.22270000000003,4774.42027,0.0031080740076841165,0.9862745625226426,0.405420864406517,0.10515045701733504
Defect_L9_B116_el3179_H4_W4.npy,-272.11120000000005,4774.64445,0.0031297959848719335,0.9863182363598261,0.4053691650890672,0.10509281390596503
Defect_L9_B117_el3183_H4_W4.npy,-272.0902,4774.87464,0.003133887119588936,0.9863630810408025,0.40535701509015065,0.10508386202778779
Defect_L9_B118_el3187_H4_W4.npy,-272.0911,4775.00985,0.003133711785243922,0.9863894221039018,0.40535367734985694,0.10508234648223878
Defect_L9_B119_el3475_H4_W4.npy,-272.1464,4775.36704,0.0031229384638225095,0.9864590084091189,0.40536919028007434,0.1050848786210515
Defect_L9_B11_el155_H4_W4.npy,-272.1571,4775.44743,0.0031208539332762374,0.9864746696624475,0.4053765398536012,0.1050568595787906
Defect_L9_B120_el3479_H4_W4.npy,-272.1468,4775.4187600000005,0.0031228605374469566,0.9864690842894792,0.40536915070600404,0.10506628755538946
Defect_L9_B121_el3483_H4_W4.npy,-272.1218,4775.45301,0.0031277309359195576,0.9864757567353866,0.40537297491993746,0.10505049775093164
Defect_L9_B122_el3487_H4_W4.npy,-271.7294,4775.74007,0.0032041767103455775,0.9865316805988084,0.4053777205400639,0.10502776982528156
Defect_L9_B123_el3491_H4_W4.npy,-272.2256,4777.827340000001,0.003107509041461303,0.9869383140636051,0.405380649044789,0.10500114864895793
Defect_L9_B124_el3495_H4_W4.npy,-273.3203,4773.29256,0.00289424403314285,0.9860548666401809,0.40538673839857753,0.10494665232866636
Defect_L9_B125_el3499_H4_W4.npy,-271.5135,4774.26905,0.003246237471554995,0.9862451024563614,0.40539453000286413,0.10490618646454987
Defect_L9_B126_el3503_H4_W4.npy,-272.2987,4775.9861599999995,0.0030932679963274023,0.9865796228532132,0.40538899379134546,0.10493426392820515
Defect_L9_B127_el3507_H4_W4.npy,-272.2767,4775.10746,0.0030975539469832937,0.9864084380876982,0.40538992052950445,0.10495765425948467
Defect_L9_B128_el3511_H4_W4.npy,-272.14,4774.79074,0.003124185285831505,0.9863467359835285,0.405387920175736,0.10499284461578631
Defect_L9_B129_el3515_H4_W4.npy,-272.0614,4774.76376,0.003139497818629376,0.9863414798494968,0.4053793577872291,0.10503799309250703
Defect_L9_B12_el159_H4_W4.npy,-272.1561,4775.4373,0.003121048749215148,0.9864726961769863,0.40537651058350976,0.10506517987578744
Defect_L9_B130_el3519_H4_W4.npy,-272.04569999999995,4774.8708799999995,0.0031425564288701797,0.9863623485328721,0.4053711432558627,0.10506877565113995
Defect_L9_B131_el3523_H4_W4.npy,-272.05310000000003,4774.97688,0.003141114790922274,0.9863829990223961,0.4053675604994724,0.10509511916688717
Defect_L9_B132_el3811_H4_W4.npy,-272.2063,4775.45735,0.0031112689890821525,0.9864766022365613,0.4053664011597722,0.10511534651329832
Defect_L9_B133_el3815_H4_W4.npy,-272.1633,4775.60737,0.0031196460744550352,0.9865058285237157,0.40537015986734154,0.10507978266250433
Defect_L9_B134_el3819_H4_W4.npy,-272.0882,4775.82016,0.0031342767514667465,0.9865472834073553,0.4053780871910493,0.10504037219498762
Defect_L9_B135_el3823_H4_W4.npy,-271.50829999999996,4776.2684,0.0032472505144373084,0.9866346077038096,0.4053854545527637,0.10499309474567914
Defect_L9_B136_el3827_H4_W4.npy,-272.18829999999997,4779.345520000001,0.003114775675982434,0.9872340797257307,0.4053874295883473,0.10495890651470917
Defect_L9_B137_el3831_H4_W4.npy,-274.02680000000004,4771.03875,0.0027566065723070026,0.9856157885289191,0.40541376461546624,0.10497787367950998
Defect_L9_B138_el3835_H4_W4.npy,-271.1652,4774.19716,0.003314091863075336,0.9862310971385136,0.40541966097522897,0.10493851592524213
Defect_L9_B139_el3839_H4_W4.npy,-272.15819999999997,4776.49498,0.003120639635743452,0.9866787490992467,0.4053892563343131,0.10492546157698994
Defect_L9_B13_el163_H4_W4.npy,-272.1553,4775.436909999999,0.0031212046019662653,0.98647262019877,0.4053769641616155,0.1050778569897011
Defect_L9_B140_el3843_H4_W4.npy,-272.1755,4775.296789999999,0.0031172693200004022,0.9864453225894109,0.4054029306683614,0.10505907947728081
Defect_L9_B141_el3847_H4_W4.npy,-272.06350000000003,4775.13106,0.003139088705157669,0.9864130357438563,0.4053782167736942,0.105027129585121
Defect_L9_B142_el3851_H4_W4.npy,-272.0102,4775.101750000001,0.003149472394701271,0.9864073256886872,0.4053719237342392,0.105056208298147
Defect_L9_B143_el3855_H4_W4.npy,-271.99080000000004,4775.12425,0.003153251823916006,0.9864117090473123,0.40536742739212744,0.10507383525112715
Defect_L9_B144_el3859_H4_W4.npy,-271.98629999999997,4775.12312,0.003154128495641087,0.9864114889053015,0.4053668942207863,0.10509146421514516
Defect_L9_B145_el4147_H4_W4.npy,-272.2452,4775.5905299999995,0.0031036906490587756,0.9865025478233046,0.405351197909247,0.10511884211764529
Defect_L9_B146_el4151_H4_W4.npy,-272.1227,4775.71154,0.0031275556015745434,0.9865261225000715,0.405360351214859,0.10510510086927982
Defect_L9_B147_el4155_H4_W4.npy,-271.93440000000004,4776.02504,0.0031642394428702033,0.986587197296918,0.4053824540358285,0.10508316559340633
Defect_L9_B148_el4159_H4_W4.npy,-271.1857,4776.99244,0.003310098136327805,0.9867756622362138,0.4054260663539211,0.10502620796843408
Defect_L9_B149_el4179_H4_W4.npy,-271.9592,4776.30364,0.0031594080075853844,0.9866414730174967,0.40547022914605746,0.104920775213784
Defect_L9_B14_el451_H4_W4.npy,-272.1562,4775.44669,0.003121029267621251,0.9864745254986527,0.4053789256563545,0.10500780618527175
Defect_L9_B150_el4183_H4_W4.npy,-272.1867,4776.0505,0.00311508738148468,0.9865921573107225,0.4054067397594691,0.10502224424878248
Defect_L9_B151_el4187_H4_W4.npy,-272.1347,4775.73195,0.003125217810307693,0.9865300986933846,0.40537239295115807,0.10506682836918821
Defect_L9_B152_el4191_H4_W4.npy,-272.0568,4775.54816,0.0031403939719483317,0.9864942934719734,0.40535652850730813,0.10508295446995747
Defect_L9_B153_el4195_H4_W4.npy,-271.9977,4775.443810000001,0.0031519075939375717,0.9864739644287488,0.4053515367906061,0.10509363856197539
Defect_L9_B154_el4483_H4_W4.npy,-272.3672,4775.8323900000005,0.0030799231045124573,0.9865496660062881,0.4053486628706687,0.10507587767271048
Defect_L9_B155_el4487_H4_W4.npy,-272.2828,4775.63459,0.003096365569755977,0.9865111314135727,0.40535094138894173,0.10507381816041733
Defect_L9_B156_el4491_H4_W4.npy,-272.157,4775.4058,0.003120873414870134,0.9864665594749109,0.40535551621446464,0.10507061430144223
Defect_L9_B157_el4495_H4_W4.npy,-271.8483,4775.26131,0.003181013095209866,0.9864384105198986,0.40536346826458725,0.10505561635631809
Defect_L9_B158_el4515_H4_W4.npy,-272.247,4775.53005,0.0031033399803687472,0.9864907653553198,0.40538972586339816,0.10496659639640056
Defect_L9_B159_el4519_H4_W4.npy,-272.1579,4775.54068,0.00312069808052512,0.9864928362487503,0.4053743466964923,0.10501326956116276
Defect_L9_B15_el455_H4_W4.npy,-272.1546,4775.45672,0.0031213409731234974,0.9864764795025199,0.4053774214816174,0.10500267130259563
Defect_L9_B160_el4523_H4_W4.npy,-272.1456,4775.69236,0.0031230943165736383,0.9865223859303632,0.4053611218632756,0.10504580154634068
Defect_L9_B161_el4527_H4_W4.npy,-272.1105,4775.8252,0.0031299323560291764,0.9865482652796873,0.40535193814454096,0.10506221409941527
Defect_L9_B162_el4531_H4_W4.npy,-272.0706,4775.88728,0.003137705511991453,0.9865603594531744,0.4053470015831046,0.10507120576060351
Defect_L9_B163_el4819_H4_W4.npy,-272.5005,4776.611959999999,0.003053954139856531,0.9867015386677794,0.40534786047973403,0.10507521449050172
Defect_L9_B164_el4823_H4_W4.npy,-272.4155,4776.40094,0.0030705134946633866,0.9866604286083521,0.4053553038060545,0.10506313347941537
Defect_L9_B165_el4827_H4_W4.npy,-272.2462,4776.2338199999995,0.003103495833119876,0.9866278709686422,0.40537024425038304,0.1050404472009172
Defect_L9_B166_el4831_H4_W4.npy,-271.7709,4776.32091,0.003196091848881055,0.9866448374887616,0.4053943062585484,0.10498848374363526
Defect_L9_B167_el4851_H4_W4.npy,-272.2244,4776.807400000001,0.003107742820587985,0.9867396134948792,0.4053867666807572,0.10501388343487562
Defect_L9_B168_el4855_H4_W4.npy,-272.1109,4777.09755,0.0031298544296536122,0.9867961393395521,0.4053750495992392,0.10505480925455296
Defect_L9_B169_el4859_H4_W4.npy,-272.0829,4776.979719999999,0.0031353092759429345,0.9867731841774708,0.40536188224801517,0.10507654559643728
Defect_L9_B16_el459_H4_W4.npy,-272.1535,4775.45724,0.0031215552706562936,0.986476580806808,0.40537771984286697,0.10500473299628504
Defect_L9_B170_el4863_H4_W4.npy,-272.0737,4776.88635,0.0031371015825808575,0.9867549942132555,0.4053537412201839,0.10508222682871626
Defect_L9_B171_el4867_H4_W4.npy,-272.0738,4776.82752,0.003137082100986961,0.9867435331915697,0.405349728629961,0.10508553201562534
Defect_L9_B172_el5155_H4_W4.npy,-272.1756,4775.74244,0.003117249838406517,0.9865321423125836,0.40535784998454155,0.10509551054940115
Defect_L9_B173_el5159_H4_W4.npy,-272.127,4775.30318,0.0031267178930372555,0.9864465674632605,0.40536086023985235,0.10508506544934079
Defect_L9_B174_el5163_H4_W4.npy,-272.014,4774.41115,0.003148732094133433,0.9862727858012797,0.40537006160749367,0.10507292129583842
Defect_L9_B175_el5167_H4_W4.npy,-270.734,4773.12206,0.003398096495930847,0.9860216505225977,0.40538594503872394,0.10504311646195089
Defect_L9_B176_el5187_H4_W4.npy,-272.541,4775.754239999999,0.0030460640943309083,0.9865344411406626,0.40545479916141597,0.10489733212724864
Defect_L9_B177_el5191_H4_W4.npy,-272.3323,4777.15135,0.0030867221807802246,0.9868066204370651,0.4054194478392614,0.10499721808228245
Defect_L9_B178_el5195_H4_W4.npy,-272.2352,4778.09782,0.003105638808447816,0.9869910078787598,0.40538943357207124,0.10506286360260726
Defect_L9_B179_el5199_H4_W4.npy,-272.1972,4778.58131,0.003113041814126179,0.9870851994370605,0.4053699168795088,0.10509719897907263
Defect_L9_B17_el463_H4_W4.npy,-272.1512,4775.46764,0.0031220033473157716,0.9864786068925727,0.40537783785016035,0.1050081553020405
Defect_L9_B180_el5203_H4_W4.npy,-272.18710000000004,4778.8058200000005,0.0031150094551091047,0.9871289375635041,0.4053600811651607,0.105122171719381
Defect_L9_B181_el5491_H4_W4.npy,-272.01149999999996,4774.3694000000005,0.0031492191339807037,0.9862646522358306,0.40537055024828056,0.10507069062599429
Defect_L9_B182_el5495_H4_W4.npy,-272.0231,4774.17652,0.003146959269089406,0.9862270761375347,0.40537049096402683,0.10505841194470095
Defect_L9_B183_el5499_H4_W4.npy,-272.0614,4773.85045,0.003139497818629376,0.9861635525043362,0.405373265084784,0.10504824600240285
Defect_L9_B184_el5503_H4_W4.npy,-271.3902,4773.56701,0.0032702582768218916,0.9861083338746132,0.4053772836215044,0.10502909699489107
Defect_L9_B185_el5507_H4_W4.npy,-270.68219999999997,4779.831700000001,0.0034081879615660885,0.9873287953389072,0.4053826044830536,0.10499876407435112
Defect_L9_B186_el5511_H4_W4.npy,-278.944,4749.43091,0.0017986576375271495,0.9814062368916269,0.4053863192642201,0.10496275855592037
Defect_L9_B187_el5515_H4_W4.npy,-266.9011,4790.43617,0.004144806508156852,0.9893947151185387,0.4053881611413972,0.1049485237646466
Defect_L9_B188_el5519_H4_W4.npy,-272.6315,4774.95338,0.0030284332518600724,0.9863784208478318,0.4053832587588581,0.10497797158514065
Defect_L9_B189_el5523_H4_W4.npy,-272.4133,4775.09644,0.0030709420897289787,0.9864062912160515,0.4053812874354316,0.10499681063456721
Defect_L9_B18_el467_H4_W4.npy,-272.15700000000004,4775.46767,0.0031208734148701228,0.9864786127370508,0.4053778160262842,0.10501243898015845
Defect_L9_B190_el5527_H4_W4.npy,-272.31960000000004,4775.71645,0.0030891963432042964,0.9865270790463314,0.40538087098515174,0.10500710594055235
Defect_L9_B191_el5531_H4_W4.npy,-272.2926,4776.528,0.0030944563735547186,0.9866851819215492,0.4053788639725227,0.10502671502648775
Defect_L9_B192_el5535_H4_W4.npy,-272.28049999999996,4777.34766,0.003096813646415466,0.9868448647540315,0.4053758552909921,0.10505010684696447
Defect_L9_B193_el5539_H4_W4.npy,-272.2846,4777.9782399999995,0.003096014901065949,0.9869677117887855,0.40537522410325294,0.10507894737758937
Defect_L9_B194_el5827_H4_W4.npy,-272.0546,4774.466130000001,0.0031408225670139242,0.9862834967816009,0.40537452462270057,0.10505696670068519
Defect_L9_B195_el5831_H4_W4.npy,-272.072,4774.33796,0.003137432769676989,0.9862585272227113,0.4053741573430489,0.1050455474669731
Defect_L9_B196_el5835_H4_W4.npy,-272.115,4774.1456100000005,0.003129055684304106,0.9862210543768632,0.4053759403791359,0.10503831355293954
Defect_L9_B197_el5839_H4_W4.npy,-271.7138,4774.0819,0.0032072158389924847,0.9862086426533956,0.40537813371176074,0.10502728659746831
Defect_L9_B198_el5843_H4_W4.npy,-271.2756,4778.49869,0.0032925841834203153,0.9870691037441884,0.405380044815327,0.10501443835748951
Defect_L9_B199_el5847_H4_W4.npy,-276.0872,4761.38518,0.0023552078117887445,0.9837351192255915,0.4053804249527618,0.10500499854451627
Defect_L9_B19_el471_H4_W4.npy,-272.15959999999995,4775.44733,0.003120366893428988,0.9864746501808536,0.405377673709614,0.10501739059105268
Defect_L9_B1_el115_H4_W4.npy,-272.156,4775.4470599999995,0.0031210682308090336,0.98647459758055,0.4053785119439514,0.10497199595629808
Defect_L9_B200_el5851_H4_W4.npy,-269.0291,4784.88612,0.0037302381901686515,0.9883134769168234,0.4053800527822866,0.10500461186229593
Defect_L9_B201_el5855_H4_W4.npy,-272.4547,4775.680600000001,0.0030628767098583418,0.9865200948949219,0.4053776672594726,0.10501684876683813
Defect_L9_B202_el5859_H4_W4.npy,-272.3266,4775.50799,0.0030878326316319767,0.9864864677157075,0.40537769719175076,0.10502121441771967
Defect_L9_B203_el5863_H4_W4.npy,-272.27090000000004,4775.59101,0.0030986838794289312,0.9865026413349554,0.4053778972076929,0.10502132568858225
Defect_L9_B204_el5867_H4_W4.npy,-272.2497,4775.787780000001,0.003102813977333705,0.9865409752672536,0.4053777165313256,0.10502284310879621
Defect_L9_B205_el5871_H4_W4.npy,-272.2358,4776.04494,0.0031055219188844806,0.9865910741341021,0.40537739273090106,0.10502595660291157
Defect_L9_B206_el5875_H4_W4.npy,-272.2382,4776.2234,0.003105054360631106,0.9866258409865589,0.4053792017495708,0.10503605750391509
Defect_L9_B207_el6163_H4_W4.npy,-272.1076,4774.80163,0.003130497322252001,0.9863488575291031,0.40537574749255717,0.10506175857485339
Defect_L9_B208_el6167_H4_W4.npy,-272.1249,4774.69115,0.0031271270065089513,0.9863273342641729,0.40537529881480033,0.10505111763413898
Defect_L9_B209_el6171_H4_W4.npy,-272.1606,4774.5416700000005,0.0031201720774900773,0.9862982131776257,0.40537640319865736,0.10504384959009816
Defect_L9_B20_el475_H4_W4.npy,-272.15790000000004,4775.437379999999,0.0031206980805251086,0.9864727117622614,0.40537752863521226,0.1050228219204394
Defect_L9_B210_el6175_H4_W4.npy,-271.9228,4774.53646,0.003166499307761501,0.9862971981865839,0.4053776505579754,0.10503481353292506
Defect_L9_B211_el6179_H4_W4.npy,-271.6945,4777.09591,0.0032109757866133335,0.9867958198414123,0.4053785863317867,0.10502553686877275
Defect_L9_B212_el6183_H4_W4.npy,-274.2948,4768.03878,0.0027043959006806755,0.9850313465566847,0.40537863070577473,0.10501896544726615
Defect_L9_B213_el6187_H4_W4.npy,-270.3616,4780.8418599999995,0.0034706459515787746,0.9875255906077505,0.4053781804525846,0.10501726818568928
Defect_L9_B214_el6191_H4_W4.npy,-272.3037,4775.88976,0.003092293916632882,0.986560842596703,0.4053772286764056,0.10502013329750037
Defect_L9_B215_el6195_H4_W4.npy,-272.2657,4775.580370000001,0.0030996969223112446,0.9865005684933655,0.4053776074006798,0.10501937183851634
Defect_L9_B216_el6199_H4_W4.npy,-272.2324,4775.48045,0.003106184293076755,0.9864811024847501,0.4053780025258499,0.10501624400206407
Defect_L9_B217_el6203_H4_W4.npy,-272.2131,4775.46206,0.0031099442406976037,0.9864775198196336,0.4053782519986019,0.105013048268886
Defect_L9_B218_el6207_H4_W4.npy,-272.19870000000003,4775.5047700000005,0.0031127495902178184,0.9864858404083843,0.4053784136052923,0.10501089720026682
Defect_L9_B219_el6211_H4_W4.npy,-272.1954,4775.49786,0.0031133924828162067,0.9864844942302464,0.4053801432588513,0.10501460839394273
Defect_L9_B21_el479_H4_W4.npy,-272.1581,4775.437489999999,0.0031206591173373378,0.9864727331920147,0.40537740256825006,0.10502841634039135
Defect_L9_B22_el483_H4_W4.npy,-272.1592,4775.43761,0.0031204448198045415,0.9864727565699274,0.4053772008271122,0.10503440357329427
Defect_L9_B23_el487_H4_W4.npy,-272.158,4775.437459999999,0.003120678598931223,0.9864727273475364,0.4053768383061866,0.10504070672157334
Defect_L9_B24_el491_H4_W4.npy,-272.1576,4775.43732,0.0031207565253067874,0.9864727000733051,0.4053763714039652,0.10504693415250506
Defect_L9_B25_el495_H4_W4.npy,-272.1563,4775.43729,0.0031210097860273657,0.9864726942288269,0.40537581945407647,0.10505307675843772
Defect_L9_B26_el499_H4_W4.npy,-272.15450000000004,4775.426490000001,0.0031213604547173828,0.9864705902166869,0.4053768500947627,0.10506427576372505
Defect_L9_B27_el787_H4_W4.npy,-272.15500000000003,4775.45596,0.003121263046747933,0.9864763314424063,0.4053785158871592,0.10502368952215453
Defect_L9_B28_el791_H4_W4.npy,-272.153,4775.45618,0.003121652678625743,0.9864763743019129,0.40537692536324255,0.1050158199856768
Defect_L9_B29_el795_H4_W4.npy,-272.15150000000006,4775.46709,0.003121944902534093,0.9864784997438063,0.4053775321918648,0.10501677845534596
Defect_L9_B2_el119_H4_W4.npy,-272.15569999999997,4775.45705,0.0031211266755907124,0.9864765437917797,0.40537798782807577,0.10498023386840612
Defect_L9_B30_el799_H4_W4.npy,-272.1472,4775.47809,0.003122782611071392,0.9864806427191342,0.4053777912527373,0.1050182990210323
Defect_L9_B31_el803_H4_W4.npy,-272.15909999999997,4775.4779499999995,0.003120464301398438,0.9864806154449027,0.4053778610947324,0.10501983840222742
Defect_L9_B32_el807_H4_W4.npy,-272.1636,4775.4374,0.0031195876296733678,0.9864727156585802,0.40537776447989693,0.10502161427262471
Defect_L9_B33_el811_H4_W4.npy,-272.15999999999997,4775.427750000001,0.003120288967053424,0.98647083568477,0.40537770911817894,0.1050237198041393
Defect_L9_B34_el815_H4_W4.npy,-272.1601,4775.4277600000005,0.0031202694854595273,0.9864708376329293,0.40537767735434327,0.10502605315299748
Defect_L9_B35_el819_H4_W4.npy,-272.1614,4775.4278300000005,0.003120016224738949,0.9864708512700451,0.4053775102141213,0.10502926694241198
Defect_L9_B36_el823_H4_W4.npy,-272.159,4775.4173900000005,0.0031204837829923236,0.9864688173916428,0.4053770640293583,0.10503318106557076
Defect_L9_B37_el827_H4_W4.npy,-272.15729999999996,4775.41695,0.003120814970088466,0.9864687316726296,0.40537636024901047,0.10503700262216752
Defect_L9_B38_el831_H4_W4.npy,-272.1558,4775.42677,0.0031211071939968157,0.9864706447651497,0.4053753449945912,0.1050408769648412
Defect_L9_B39_el835_H4_W4.npy,-272.152,4775.40553,0.003121847494564654,0.9864665068746074,0.4053764771312257,0.10505231337018402
Defect_L9_B3_el123_H4_W4.npy,-272.1552,4775.45722,0.003121224083560162,0.9864765769104894,0.4053781311781829,0.10499304667663006
Defect_L9_B40_el1123_H4_W4.npy,-272.15360000000004,4775.46478,0.003121535789062397,0.9864780497189874,0.4053780753648274,0.10503252116962883
Defect_L9_B41_el1127_H4_W4.npy,-272.151,4775.475439999999,0.0031220423105035536,0.986480126456896,0.40537640555983906,0.10502297070974548
Defect_L9_B42_el1131_H4_W4.npy,-272.1488,4775.477,0.003122470905569146,0.9864804303697609,0.4053772388111754,0.10502341346509257
Defect_L9_B43_el1135_H4_W4.npy,-272.14079999999996,4775.49861,0.0031240294330803875,0.9864846403422005,0.405377632897404,0.10502425752400553
Defect_L9_B44_el1139_H4_W4.npy,-272.16389999999996,4775.50853,0.0031195291848917,0.9864865729163145,0.40537777442406986,0.10502458173514181
Defect_L9_B45_el1143_H4_W4.npy,-272.1719,4775.41746,0.0031179706573804585,0.9864688310287585,0.4053777347479304,0.10502450134705726
Defect_L9_B46_el1147_H4_W4.npy,-272.1635,4775.41831,0.003119607111267253,0.9864689966223066,0.4053778134291393,0.10502420682478612
Defect_L9_B47_el1151_H4_W4.npy,-272.1633,4775.4183,0.0031196460744550352,0.9864689946741473,0.40537793370694924,0.10502407714779907
Defect_L9_B48_el1155_H4_W4.npy,-272.1649,4775.41819,0.0031193343689527894,0.986468973244394,0.4053778524117373,0.10502545970263776
Defect_L9_B49_el1159_H4_W4.npy,-272.16040000000004,4775.397059999999,0.0031202110406778486,0.9864648567836047,0.4053772660955981,0.10502804295074125
Defect_L9_B4_el127_H4_W4.npy,-272.1535,4775.45741,0.0031215552706562936,0.9864766139255177,0.4053781417961804,0.10500483090452896
Defect_L9_B50_el1163_H4_W4.npy,-272.1564,4775.396159999999,0.003120990304433469,0.9864646814492597,0.40537633385074845,0.10503056588223475
Defect_L9_B51_el1167_H4_W4.npy,-272.15340000000003,4775.40571,0.003121574752250179,0.9864665419414764,0.4053750187942474,0.10503331004868596
Defect_L9_B52_el1171_H4_W4.npy,-272.14880000000005,4775.383900000001,0.003122470905569135,0.986462293005849,0.40537620280285647,0.10504525067870513
Defect_L9_B53_el1459_H4_W4.npy,-272.15110000000004,4775.4734,0.003122022828909657,0.9864797290323808,0.4053776841841391,0.10503837278351782
Defect_L9_B54_el1463_H4_W4.npy,-272.1481,4775.48442,0.0031226072767263783,0.9864818759040275,0.40537594398969745,0.10502756149201643
Defect_L9_B55_el1467_H4_W4.npy,-272.1449,4775.486809999999,0.0031232306877308704,0.9864823415141214,0.40537690837711016,0.10502730254561633
Defect_L9_B56_el1471_H4_W4.npy,-272.13120000000004,4775.519450000001,0.0031258996660938525,0.9864887003063675,0.405377411295391,0.10502758170416288
Defect_L9_B57_el1475_H4_W4.npy,-272.1723,4775.53929,0.0031178927310048943,0.9864925654545952,0.4053775772246179,0.10502714764212241
Defect_L9_B58_el1479_H4_W4.npy,-272.1842,4775.37737,0.00311557442133194,0.9864610208577679,0.4053775615891595,0.10502558984098602
Defect_L9_B59_el1483_H4_W4.npy,-272.1688,4775.38932,0.003118574586791065,0.9864633489082377,0.4053779022211376,0.10502285925633523
Defect_L9_B5_el131_H4_W4.npy,-272.1554,4775.4674,0.00312118512037238,0.9864785601367475,0.40537801893635245,0.10501470009984898
Defect_L9_B60_el1487_H4_W4.npy,-272.1678,4775.399079999999,0.003118769402729965,0.9864652503118013,0.40537828549498117,0.1050208486237099
Defect_L9_B61_el1491_H4_W4.npy,-272.1689,4775.398609999999,0.0031185551051971685,0.98646515874831,0.40537834311698023,0.10502169796407365
Defect_L9_B62_el1495_H4_W4.npy,-272.1601,4775.37631,0.0031202694854595273,0.9864608143528725,0.4053775819478531,0.1050245005634165
Defect_L9_B63_el1499_H4_W4.npy,-272.1535,4775.36443,0.0031215552706562936,0.9864584999395183,0.40537634331123823,0.10502708072981663
Defect_L9_B64_el1503_H4_W4.npy,-272.1494,4775.36376,0.0031223540160058,0.9864583694128394,0.40537475680986884,0.1050297483116173
Defect_L9_B65_el1507_H4_W4.npy,-272.1427,4775.3413,0.0031236592827964624,0.9864539938468515,0.4053759001476204,0.10504240965635957
Defect_L9_B66_el1795_H4_W4.npy,-272.15049999999997,4775.472119999999,0.0031221397184730145,0.9864794796679789,0.4053772572944576,0.10504476167941593
Defect_L9_B67_el1799_H4_W4.npy,-272.14779999999996,4775.4937,0.003122665721508057,0.9864836837959405,0.40537553448010694,0.10503168950369932
Defect_L9_B68_el1803_H4_W4.npy,-272.143,4775.49686,0.003123600838014795,0.9864842994143075,0.4053766398237577,0.10502908593706306
Defect_L9_B69_el1807_H4_W4.npy,-272.11699999999996,4775.55064,0.003128666052426307,0.9864947766155019,0.40537728288193114,0.10502768685878876
Defect_L9_B6_el135_H4_W4.npy,-272.15720000000005,4775.45728,0.0031208344516823407,0.9864765885994456,0.40537780045134736,0.10502302376073566
Defect_L9_B70_el1811_H4_W4.npy,-272.18399999999997,4775.6,0.003115613384519722,0.9865043927302461,0.40537739270145395,0.10502648204199316
Defect_L9_B71_el1815_H4_W4.npy,-272.2008,4775.3064,0.0031123404767461225,0.9864471947705838,0.40537733194285935,0.10502329165489618
Defect_L9_B72_el1819_H4_W4.npy,-272.17560000000003,4775.37084,0.0031172498384065056,0.9864597487096867,0.40537818901277783,0.10501698197452893
Defect_L9_B73_el1823_H4_W4.npy,-272.1716,4775.39041,0.0031180291021621264,0.9864635612576111,0.40537877032804076,0.10501394736446847
Defect_L9_B74_el1827_H4_W4.npy,-272.1716,4775.38924,0.0031180291021621264,0.9864633333229627,0.40537897426760194,0.10501670353158044
Defect_L9_B75_el1831_H4_W4.npy,-272.1574,4775.33474,0.0031207954884945694,0.9864527158542924,0.40537786030518347,0.10502193078504637
Defect_L9_B76_el1835_H4_W4.npy,-272.14660000000003,4775.32166,0.0031228995006347274,0.9864501676618114,0.40537623772855297,0.1050260939421468
Defect_L9_B77_el1839_H4_W4.npy,-272.1411,4775.33054,0.0031239709882987087,0.986451897627349,0.4053744508272744,0.1050294414063876
Defect_L9_B78_el1843_H4_W4.npy,-272.13340000000005,4775.3076599999995,0.00312547107102826,0.9864474402386667,0.40537555706037354,0.10504241716545291
Defect_L9_B79_el2131_H4_W4.npy,-272.1553,4775.48096,0.0031212046019662653,0.9864812018408788,0.40537521419332334,0.10506438516051528
Defect_L9_B7_el139_H4_W4.npy,-272.1571,4775.4573900000005,0.0031208539332762374,0.9864766100291991,0.4053775483765576,0.10503032381825923
Defect_L9_B80_el2135_H4_W4.npy,-272.1497,4775.51303,0.003122295571224132,0.9864874495880396,0.40537453768163534,0.1050429758559517
Defect_L9_B81_el2139_H4_W4.npy,-272.1401,4775.53747,0.0031241658042376083,0.9864922108895864,0.4053768228005333,0.10503091095095404
Defect_L9_B82_el2143_H4_W4.npy,-272.0892,4775.62337,0.0031340819355278357,0.9865089455787384,0.4053784505262367,0.10502105734864758
Defect_L9_B83_el2147_H4_W4.npy,-272.20629999999994,4775.71179,0.0031112689890821633,0.9865261712040563,0.40537876438107945,0.10501573642666277
Defect_L9_B84_el2151_H4_W4.npy,-272.2268,4775.15415,0.0031072752623346103,0.9864175340438857,0.4053789911273628,0.1050079388613654
Defect_L9_B85_el2155_H4_W4.npy,-272.1839,4775.363609999999,0.003115632866113608,0.9864583401904484,0.40538108666161377,0.1049938275332618
Defect_L9_B86_el2159_H4_W4.npy,-272.1704,4775.392760000001,0.003118262881288819,0.9864640190750676,0.40538110903379665,0.1049943875835726
Defect_L9_B87_el2163_H4_W4.npy,-272.17089999999996,4775.3893800000005,0.0031181654733193694,0.9864633605971942,0.40538047895585383,0.10500905708783224
Defect_L9_B88_el2167_H4_W4.npy,-272.1464,4775.3015000000005,0.0031229384638225095,0.9864462401724833,0.4053778531478083,0.10502276721464611
Defect_L9_B89_el2171_H4_W4.npy,-272.13149999999996,4775.26674,0.003125841221312196,0.9864394683704468,0.40537522186463437,0.10503185257188276
Defect_L9_B8_el143_H4_W4.npy,-272.1573,4775.44741,0.0031208149700884553,0.9864746657661286,0.4053773024186074,0.10503691408084422
Defect_L9_B90_el2175_H4_W4.npy,-272.1261,4775.27514,0.003126893227382269,0.9864411048243336,0.40537294945061375,0.10503742006140217
Defect_L9_B91_el2179_H4_W4.npy,-272.1175,4775.26185,0.003128568644456846,0.9864385157205056,0.40537382608305006,0.10505087484765438
Defect_L9_B92_el2467_H4_W4.npy,-272.1584,4775.45756,0.00312060067255567,0.9864766431479085,0.4053654781250953,0.10509576670806368
Defect_L9_B93_el2471_H4_W4.npy,-272.1472,4775.5705,0.003122782611071392,0.9864986456600484,0.40536910302953233,0.10507914798673068
Defect_L9_B94_el2475_H4_W4.npy,-272.127,4775.70949,0.0031267178930372555,0.9865257231273967,0.40537826526754783,0.10506166558355987
Defect_L9_B95_el2479_H4_W4.npy,-272.022,4775.986080000001,0.0031471735666222024,0.9865796072679384,0.40538999844014506,0.10502358888184231
Defect_L9_B96_el2499_H4_W4.npy,-272.1363,4775.46468,0.0031249061048054467,0.9864780302373936,0.4053843074018469,0.10500860475165605
Defect_L9_B97_el2503_H4_W4.npy,-272.1235,4775.35777,0.003127399748823426,0.9864572024653653,0.40537592740658396,0.10504075199651633
Defect_L9_B98_el2507_H4_W4.npy,-272.1154,4775.30346,0.0031289777579285418,0.9864466220117234,0.4053698949881242,0.10505404733026771
Defect_L9_B99_el2511_H4_W4.npy,-272.11,4775.27081,0.0031300297639986264,0.9864402612713182,0.405366191149143,0.1050581637563139
Defect_L9_B9_el147_H4_W4.npy,-272.1573,4775.4475299999995,0.0031208149700884553,0.9864746891440412,0.40537702563947053,0.10504326130463819
