# vtk DataFile Version 4.2
Defect Label data created by Python
ASCII
DATASET POLYDATA
POINTS 3654 float
-1398.65723 1398.65723 0.0
-1398.65723 1398.65723 25.0
-1398.65723 1398.65723 50.0
-1398.65723 1398.65723 75.0
-1398.65723 1398.65723 100.0
-1398.65723 1398.65723 125.0
-1398.65723 1398.65723 150.0
-1398.65723 1398.65723 175.0
-1398.65723 1398.65723 200.0
-1398.65723 1398.65723 225.0
-1398.65723 1398.65723 250.0
-1398.65723 1398.65723 275.0
-1398.65723 1398.65723 300.0
-1398.65723 1398.65723 325.0
-1398.65723 1398.65723 350.0
-1398.65723 1398.65723 375.0
-1398.65723 1398.65723 400.0
-1398.65723 1398.65723 425.0
-1398.65723 1398.65723 450.0
-1398.65723 1398.65723 475.0
-1398.65723 1398.65723 500.0
-1398.65723 1398.65723 525.0
-1398.65723 1398.65723 550.0
-1398.65723 1398.65723 575.0
-1398.65723 1398.65723 600.0
-1398.65723 1398.65723 625.0
-1398.65723 1398.65723 650.0
-1398.65723 1398.65723 675.0
-1398.65723 1398.65723 700.0
-1380.35193 1416.72595 0.0
-1380.35193 1416.72595 25.0
-1380.35193 1416.72595 50.0
-1380.35193 1416.72595 75.0
-1380.35193 1416.72595 100.0
-1380.35193 1416.72595 125.0
-1380.35193 1416.72595 150.0
-1380.35193 1416.72595 175.0
-1380.35193 1416.72595 200.0
-1380.35193 1416.72595 225.0
-1380.35193 1416.72595 250.0
-1380.35193 1416.72595 275.0
-1380.35193 1416.72595 300.0
-1380.35193 1416.72595 325.0
-1380.35193 1416.72595 350.0
-1380.35193 1416.72595 375.0
-1380.35193 1416.72595 400.0
-1380.35193 1416.72595 425.0
-1380.35193 1416.72595 450.0
-1380.35193 1416.72595 475.0
-1380.35193 1416.72595 500.0
-1380.35193 1416.72595 525.0
-1380.35193 1416.72595 550.0
-1380.35193 1416.72595 575.0
-1380.35193 1416.72595 600.0
-1380.35193 1416.72595 625.0
-1380.35193 1416.72595 650.0
-1380.35193 1416.72595 675.0
-1380.35193 1416.72595 700.0
-1361.81335 1434.55518 0.0
-1361.81335 1434.55518 25.0
-1361.81335 1434.55518 50.0
-1361.81335 1434.55518 75.0
-1361.81335 1434.55518 100.0
-1361.81335 1434.55518 125.0
-1361.81335 1434.55518 150.0
-1361.81335 1434.55518 175.0
-1361.81335 1434.55518 200.0
-1361.81335 1434.55518 225.0
-1361.81335 1434.55518 250.0
-1361.81335 1434.55518 275.0
-1361.81335 1434.55518 300.0
-1361.81335 1434.55518 325.0
-1361.81335 1434.55518 350.0
-1361.81335 1434.55518 375.0
-1361.81335 1434.55518 400.0
-1361.81335 1434.55518 425.0
-1361.81335 1434.55518 450.0
-1361.81335 1434.55518 475.0
-1361.81335 1434.55518 500.0
-1361.81335 1434.55518 525.0
-1361.81335 1434.55518 550.0
-1361.81335 1434.55518 575.0
-1361.81335 1434.55518 600.0
-1361.81335 1434.55518 625.0
-1361.81335 1434.55518 650.0
-1361.81335 1434.55518 675.0
-1361.81335 1434.55518 700.0
-1343.04443 1452.14172 0.0
-1343.04443 1452.14172 25.0
-1343.04443 1452.14172 50.0
-1343.04443 1452.14172 75.0
-1343.04443 1452.14172 100.0
-1343.04443 1452.14172 125.0
-1343.04443 1452.14172 150.0
-1343.04443 1452.14172 175.0
-1343.04443 1452.14172 200.0
-1343.04443 1452.14172 225.0
-1343.04443 1452.14172 250.0
-1343.04443 1452.14172 275.0
-1343.04443 1452.14172 300.0
-1343.04443 1452.14172 325.0
-1343.04443 1452.14172 350.0
-1343.04443 1452.14172 375.0
-1343.04443 1452.14172 400.0
-1343.04443 1452.14172 425.0
-1343.04443 1452.14172 450.0
-1343.04443 1452.14172 475.0
-1343.04443 1452.14172 500.0
-1343.04443 1452.14172 525.0
-1343.04443 1452.14172 550.0
-1343.04443 1452.14172 575.0
-1343.04443 1452.14172 600.0
-1343.04443 1452.14172 625.0
-1343.04443 1452.14172 650.0
-1343.04443 1452.14172 675.0
-1343.04443 1452.14172 700.0
-1324.04846 1469.48279 0.0
-1324.04846 1469.48279 25.0
-1324.04846 1469.48279 50.0
-1324.04846 1469.48279 75.0
-1324.04846 1469.48279 100.0
-1324.04846 1469.48279 125.0
-1324.04846 1469.48279 150.0
-1324.04846 1469.48279 175.0
-1324.04846 1469.48279 200.0
-1324.04846 1469.48279 225.0
-1324.04846 1469.48279 250.0
-1324.04846 1469.48279 275.0
-1324.04846 1469.48279 300.0
-1324.04846 1469.48279 325.0
-1324.04846 1469.48279 350.0
-1324.04846 1469.48279 375.0
-1324.04846 1469.48279 400.0
-1324.04846 1469.48279 425.0
-1324.04846 1469.48279 450.0
-1324.04846 1469.48279 475.0
-1324.04846 1469.48279 500.0
-1324.04846 1469.48279 525.0
-1324.04846 1469.48279 550.0
-1324.04846 1469.48279 575.0
-1324.04846 1469.48279 600.0
-1324.04846 1469.48279 625.0
-1324.04846 1469.48279 650.0
-1324.04846 1469.48279 675.0
-1324.04846 1469.48279 700.0
-1304.82849 1486.57544 0.0
-1304.82849 1486.57544 25.0
-1304.82849 1486.57544 50.0
-1304.82849 1486.57544 75.0
-1304.82849 1486.57544 100.0
-1304.82849 1486.57544 125.0
-1304.82849 1486.57544 150.0
-1304.82849 1486.57544 175.0
-1304.82849 1486.57544 200.0
-1304.82849 1486.57544 225.0
-1304.82849 1486.57544 250.0
-1304.82849 1486.57544 275.0
-1304.82849 1486.57544 300.0
-1304.82849 1486.57544 325.0
-1304.82849 1486.57544 350.0
-1304.82849 1486.57544 375.0
-1304.82849 1486.57544 400.0
-1304.82849 1486.57544 425.0
-1304.82849 1486.57544 450.0
-1304.82849 1486.57544 475.0
-1304.82849 1486.57544 500.0
-1304.82849 1486.57544 525.0
-1304.82849 1486.57544 550.0
-1304.82849 1486.57544 575.0
-1304.82849 1486.57544 600.0
-1304.82849 1486.57544 625.0
-1304.82849 1486.57544 650.0
-1304.82849 1486.57544 675.0
-1304.82849 1486.57544 700.0
-1285.38794 1503.41663 0.0
-1285.38794 1503.41663 25.0
-1285.38794 1503.41663 50.0
-1285.38794 1503.41663 75.0
-1285.38794 1503.41663 100.0
-1285.38794 1503.41663 125.0
-1285.38794 1503.41663 150.0
-1285.38794 1503.41663 175.0
-1285.38794 1503.41663 200.0
-1285.38794 1503.41663 225.0
-1285.38794 1503.41663 250.0
-1285.38794 1503.41663 275.0
-1285.38794 1503.41663 300.0
-1285.38794 1503.41663 325.0
-1285.38794 1503.41663 350.0
-1285.38794 1503.41663 375.0
-1285.38794 1503.41663 400.0
-1285.38794 1503.41663 425.0
-1285.38794 1503.41663 450.0
-1285.38794 1503.41663 475.0
-1285.38794 1503.41663 500.0
-1285.38794 1503.41663 525.0
-1285.38794 1503.41663 550.0
-1285.38794 1503.41663 575.0
-1285.38794 1503.41663 600.0
-1285.38794 1503.41663 625.0
-1285.38794 1503.41663 650.0
-1285.38794 1503.41663 675.0
-1285.38794 1503.41663 700.0
-1265.7301 1520.00366 0.0
-1265.7301 1520.00366 25.0
-1265.7301 1520.00366 50.0
-1265.7301 1520.00366 75.0
-1265.7301 1520.00366 100.0
-1265.7301 1520.00366 125.0
-1265.7301 1520.00366 150.0
-1265.7301 1520.00366 175.0
-1265.7301 1520.00366 200.0
-1265.7301 1520.00366 225.0
-1265.7301 1520.00366 250.0
-1265.7301 1520.00366 275.0
-1265.7301 1520.00366 300.0
-1265.7301 1520.00366 325.0
-1265.7301 1520.00366 350.0
-1265.7301 1520.00366 375.0
-1265.7301 1520.00366 400.0
-1265.7301 1520.00366 425.0
-1265.7301 1520.00366 450.0
-1265.7301 1520.00366 475.0
-1265.7301 1520.00366 500.0
-1265.7301 1520.00366 525.0
-1265.7301 1520.00366 550.0
-1265.7301 1520.00366 575.0
-1265.7301 1520.00366 600.0
-1265.7301 1520.00366 625.0
-1265.7301 1520.00366 650.0
-1265.7301 1520.00366 675.0
-1265.7301 1520.00366 700.0
-1245.85828 1536.33374 0.0
-1245.85828 1536.33374 25.0
-1245.85828 1536.33374 50.0
-1245.85828 1536.33374 75.0
-1245.85828 1536.33374 100.0
-1245.85828 1536.33374 125.0
-1245.85828 1536.33374 150.0
-1245.85828 1536.33374 175.0
-1245.85828 1536.33374 200.0
-1245.85828 1536.33374 225.0
-1245.85828 1536.33374 250.0
-1245.85828 1536.33374 275.0
-1245.85828 1536.33374 300.0
-1245.85828 1536.33374 325.0
-1245.85828 1536.33374 350.0
-1245.85828 1536.33374 375.0
-1245.85828 1536.33374 400.0
-1245.85828 1536.33374 425.0
-1245.85828 1536.33374 450.0
-1245.85828 1536.33374 475.0
-1245.85828 1536.33374 500.0
-1245.85828 1536.33374 525.0
-1245.85828 1536.33374 550.0
-1245.85828 1536.33374 575.0
-1245.85828 1536.33374 600.0
-1245.85828 1536.33374 625.0
-1245.85828 1536.33374 650.0
-1245.85828 1536.33374 675.0
-1245.85828 1536.33374 700.0
-1225.77563 1552.40393 0.0
-1225.77563 1552.40393 25.0
-1225.77563 1552.40393 50.0
-1225.77563 1552.40393 75.0
-1225.77563 1552.40393 100.0
-1225.77563 1552.40393 125.0
-1225.77563 1552.40393 150.0
-1225.77563 1552.40393 175.0
-1225.77563 1552.40393 200.0
-1225.77563 1552.40393 225.0
-1225.77563 1552.40393 250.0
-1225.77563 1552.40393 275.0
-1225.77563 1552.40393 300.0
-1225.77563 1552.40393 325.0
-1225.77563 1552.40393 350.0
-1225.77563 1552.40393 375.0
-1225.77563 1552.40393 400.0
-1225.77563 1552.40393 425.0
-1225.77563 1552.40393 450.0
-1225.77563 1552.40393 475.0
-1225.77563 1552.40393 500.0
-1225.77563 1552.40393 525.0
-1225.77563 1552.40393 550.0
-1225.77563 1552.40393 575.0
-1225.77563 1552.40393 600.0
-1225.77563 1552.40393 625.0
-1225.77563 1552.40393 650.0
-1225.77563 1552.40393 675.0
-1225.77563 1552.40393 700.0
-1205.48584 1568.21167 0.0
-1205.48584 1568.21167 25.0
-1205.48584 1568.21167 50.0
-1205.48584 1568.21167 75.0
-1205.48584 1568.21167 100.0
-1205.48584 1568.21167 125.0
-1205.48584 1568.21167 150.0
-1205.48584 1568.21167 175.0
-1205.48584 1568.21167 200.0
-1205.48584 1568.21167 225.0
-1205.48584 1568.21167 250.0
-1205.48584 1568.21167 275.0
-1205.48584 1568.21167 300.0
-1205.48584 1568.21167 325.0
-1205.48584 1568.21167 350.0
-1205.48584 1568.21167 375.0
-1205.48584 1568.21167 400.0
-1205.48584 1568.21167 425.0
-1205.48584 1568.21167 450.0
-1205.48584 1568.21167 475.0
-1205.48584 1568.21167 500.0
-1205.48584 1568.21167 525.0
-1205.48584 1568.21167 550.0
-1205.48584 1568.21167 575.0
-1205.48584 1568.21167 600.0
-1205.48584 1568.21167 625.0
-1205.48584 1568.21167 650.0
-1205.48584 1568.21167 675.0
-1205.48584 1568.21167 700.0
-1184.99219 1583.75427 0.0
-1184.99219 1583.75427 25.0
-1184.99219 1583.75427 50.0
-1184.99219 1583.75427 75.0
-1184.99219 1583.75427 100.0
-1184.99219 1583.75427 125.0
-1184.99219 1583.75427 150.0
-1184.99219 1583.75427 175.0
-1184.99219 1583.75427 200.0
-1184.99219 1583.75427 225.0
-1184.99219 1583.75427 250.0
-1184.99219 1583.75427 275.0
-1184.99219 1583.75427 300.0
-1184.99219 1583.75427 325.0
-1184.99219 1583.75427 350.0
-1184.99219 1583.75427 375.0
-1184.99219 1583.75427 400.0
-1184.99219 1583.75427 425.0
-1184.99219 1583.75427 450.0
-1184.99219 1583.75427 475.0
-1184.99219 1583.75427 500.0
-1184.99219 1583.75427 525.0
-1184.99219 1583.75427 550.0
-1184.99219 1583.75427 575.0
-1184.99219 1583.75427 600.0
-1184.99219 1583.75427 625.0
-1184.99219 1583.75427 650.0
-1184.99219 1583.75427 675.0
-1184.99219 1583.75427 700.0
-1164.29822 1599.02905 0.0
-1164.29822 1599.02905 25.0
-1164.29822 1599.02905 50.0
-1164.29822 1599.02905 75.0
-1164.29822 1599.02905 100.0
-1164.29822 1599.02905 125.0
-1164.29822 1599.02905 150.0
-1164.29822 1599.02905 175.0
-1164.29822 1599.02905 200.0
-1164.29822 1599.02905 225.0
-1164.29822 1599.02905 250.0
-1164.29822 1599.02905 275.0
-1164.29822 1599.02905 300.0
-1164.29822 1599.02905 325.0
-1164.29822 1599.02905 350.0
-1164.29822 1599.02905 375.0
-1164.29822 1599.02905 400.0
-1164.29822 1599.02905 425.0
-1164.29822 1599.02905 450.0
-1164.29822 1599.02905 475.0
-1164.29822 1599.02905 500.0
-1164.29822 1599.02905 525.0
-1164.29822 1599.02905 550.0
-1164.29822 1599.02905 575.0
-1164.29822 1599.02905 600.0
-1164.29822 1599.02905 625.0
-1164.29822 1599.02905 650.0
-1164.29822 1599.02905 675.0
-1164.29822 1599.02905 700.0
-1143.40723 1614.03345 0.0
-1143.40723 1614.03345 25.0
-1143.40723 1614.03345 50.0
-1143.40723 1614.03345 75.0
-1143.40723 1614.03345 100.0
-1143.40723 1614.03345 125.0
-1143.40723 1614.03345 150.0
-1143.40723 1614.03345 175.0
-1143.40723 1614.03345 200.0
-1143.40723 1614.03345 225.0
-1143.40723 1614.03345 250.0
-1143.40723 1614.03345 275.0
-1143.40723 1614.03345 300.0
-1143.40723 1614.03345 325.0
-1143.40723 1614.03345 350.0
-1143.40723 1614.03345 375.0
-1143.40723 1614.03345 400.0
-1143.40723 1614.03345 425.0
-1143.40723 1614.03345 450.0
-1143.40723 1614.03345 475.0
-1143.40723 1614.03345 500.0
-1143.40723 1614.03345 525.0
-1143.40723 1614.03345 550.0
-1143.40723 1614.03345 575.0
-1143.40723 1614.03345 600.0
-1143.40723 1614.03345 625.0
-1143.40723 1614.03345 650.0
-1143.40723 1614.03345 675.0
-1143.40723 1614.03345 700.0
-1122.323 1628.76489 0.0
-1122.323 1628.76489 25.0
-1122.323 1628.76489 50.0
-1122.323 1628.76489 75.0
-1122.323 1628.76489 100.0
-1122.323 1628.76489 125.0
-1122.323 1628.76489 150.0
-1122.323 1628.76489 175.0
-1122.323 1628.76489 200.0
-1122.323 1628.76489 225.0
-1122.323 1628.76489 250.0
-1122.323 1628.76489 275.0
-1122.323 1628.76489 300.0
-1122.323 1628.76489 325.0
-1122.323 1628.76489 350.0
-1122.323 1628.76489 375.0
-1122.323 1628.76489 400.0
-1122.323 1628.76489 425.0
-1122.323 1628.76489 450.0
-1122.323 1628.76489 475.0
-1122.323 1628.76489 500.0
-1122.323 1628.76489 525.0
-1122.323 1628.76489 550.0
-1122.323 1628.76489 575.0
-1122.323 1628.76489 600.0
-1122.323 1628.76489 625.0
-1122.323 1628.76489 650.0
-1122.323 1628.76489 675.0
-1122.323 1628.76489 700.0
-1101.04907 1643.22095 0.0
-1101.04907 1643.22095 25.0
-1101.04907 1643.22095 50.0
-1101.04907 1643.22095 75.0
-1101.04907 1643.22095 100.0
-1101.04907 1643.22095 125.0
-1101.04907 1643.22095 150.0
-1101.04907 1643.22095 175.0
-1101.04907 1643.22095 200.0
-1101.04907 1643.22095 225.0
-1101.04907 1643.22095 250.0
-1101.04907 1643.22095 275.0
-1101.04907 1643.22095 300.0
-1101.04907 1643.22095 325.0
-1101.04907 1643.22095 350.0
-1101.04907 1643.22095 375.0
-1101.04907 1643.22095 400.0
-1101.04907 1643.22095 425.0
-1101.04907 1643.22095 450.0
-1101.04907 1643.22095 475.0
-1101.04907 1643.22095 500.0
-1101.04907 1643.22095 525.0
-1101.04907 1643.22095 550.0
-1101.04907 1643.22095 575.0
-1101.04907 1643.22095 600.0
-1101.04907 1643.22095 625.0
-1101.04907 1643.22095 650.0
-1101.04907 1643.22095 675.0
-1101.04907 1643.22095 700.0
-1079.58887 1657.39917 0.0
-1079.58887 1657.39917 25.0
-1079.58887 1657.39917 50.0
-1079.58887 1657.39917 75.0
-1079.58887 1657.39917 100.0
-1079.58887 1657.39917 125.0
-1079.58887 1657.39917 150.0
-1079.58887 1657.39917 175.0
-1079.58887 1657.39917 200.0
-1079.58887 1657.39917 225.0
-1079.58887 1657.39917 250.0
-1079.58887 1657.39917 275.0
-1079.58887 1657.39917 300.0
-1079.58887 1657.39917 325.0
-1079.58887 1657.39917 350.0
-1079.58887 1657.39917 375.0
-1079.58887 1657.39917 400.0
-1079.58887 1657.39917 425.0
-1079.58887 1657.39917 450.0
-1079.58887 1657.39917 475.0
-1079.58887 1657.39917 500.0
-1079.58887 1657.39917 525.0
-1079.58887 1657.39917 550.0
-1079.58887 1657.39917 575.0
-1079.58887 1657.39917 600.0
-1079.58887 1657.39917 625.0
-1079.58887 1657.39917 650.0
-1079.58887 1657.39917 675.0
-1079.58887 1657.39917 700.0
-1057.19055 1671.77515 0.0
-1057.19055 1671.77515 25.0
-1057.19055 1671.77515 50.0
-1057.19055 1671.77515 75.0
-1057.19055 1671.77515 100.0
-1057.19055 1671.77515 125.0
-1057.19055 1671.77515 150.0
-1057.19055 1671.77515 175.0
-1057.19055 1671.77515 200.0
-1057.19055 1671.77515 225.0
-1057.19055 1671.77515 250.0
-1057.19055 1671.77515 275.0
-1057.19055 1671.77515 300.0
-1057.19055 1671.77515 325.0
-1057.19055 1671.77515 350.0
-1057.19055 1671.77515 375.0
-1057.19055 1671.77515 400.0
-1057.19055 1671.77515 425.0
-1057.19055 1671.77515 450.0
-1057.19055 1671.77515 475.0
-1057.19055 1671.77515 500.0
-1057.19055 1671.77515 525.0
-1057.19055 1671.77515 550.0
-1057.19055 1671.77515 575.0
-1057.19055 1671.77515 600.0
-1057.19055 1671.77515 625.0
-1057.19055 1671.77515 650.0
-1057.19055 1671.77515 675.0
-1057.19055 1671.77515 700.0
-1034.60071 1685.84851 0.0
-1034.60071 1685.84851 25.0
-1034.60071 1685.84851 50.0
-1034.60071 1685.84851 75.0
-1034.60071 1685.84851 100.0
-1034.60071 1685.84851 125.0
-1034.60071 1685.84851 150.0
-1034.60071 1685.84851 175.0
-1034.60071 1685.84851 200.0
-1034.60071 1685.84851 225.0
-1034.60071 1685.84851 250.0
-1034.60071 1685.84851 275.0
-1034.60071 1685.84851 300.0
-1034.60071 1685.84851 325.0
-1034.60071 1685.84851 350.0
-1034.60071 1685.84851 375.0
-1034.60071 1685.84851 400.0
-1034.60071 1685.84851 425.0
-1034.60071 1685.84851 450.0
-1034.60071 1685.84851 475.0
-1034.60071 1685.84851 500.0
-1034.60071 1685.84851 525.0
-1034.60071 1685.84851 550.0
-1034.60071 1685.84851 575.0
-1034.60071 1685.84851 600.0
-1034.60071 1685.84851 625.0
-1034.60071 1685.84851 650.0
-1034.60071 1685.84851 675.0
-1034.60071 1685.84851 700.0
-1011.82367 1699.6167 0.0
-1011.82367 1699.6167 25.0
-1011.82367 1699.6167 50.0
-1011.82367 1699.6167 75.0
-1011.82367 1699.6167 100.0
-1011.82367 1699.6167 125.0
-1011.82367 1699.6167 150.0
-1011.82367 1699.6167 175.0
-1011.82367 1699.6167 200.0
-1011.82367 1699.6167 225.0
-1011.82367 1699.6167 250.0
-1011.82367 1699.6167 275.0
-1011.82367 1699.6167 300.0
-1011.82367 1699.6167 325.0
-1011.82367 1699.6167 350.0
-1011.82367 1699.6167 375.0
-1011.82367 1699.6167 400.0
-1011.82367 1699.6167 425.0
-1011.82367 1699.6167 450.0
-1011.82367 1699.6167 475.0
-1011.82367 1699.6167 500.0
-1011.82367 1699.6167 525.0
-1011.82367 1699.6167 550.0
-1011.82367 1699.6167 575.0
-1011.82367 1699.6167 600.0
-1011.82367 1699.6167 625.0
-1011.82367 1699.6167 650.0
-1011.82367 1699.6167 675.0
-1011.82367 1699.6167 700.0
-988.863403 1713.07715 0.0
-988.863403 1713.07715 25.0
-988.863403 1713.07715 50.0
-988.863403 1713.07715 75.0
-988.863403 1713.07715 100.0
-988.863403 1713.07715 125.0
-988.863403 1713.07715 150.0
-988.863403 1713.07715 175.0
-988.863403 1713.07715 200.0
-988.863403 1713.07715 225.0
-988.863403 1713.07715 250.0
-988.863403 1713.07715 275.0
-988.863403 1713.07715 300.0
-988.863403 1713.07715 325.0
-988.863403 1713.07715 350.0
-988.863403 1713.07715 375.0
-988.863403 1713.07715 400.0
-988.863403 1713.07715 425.0
-988.863403 1713.07715 450.0
-988.863403 1713.07715 475.0
-988.863403 1713.07715 500.0
-988.863403 1713.07715 525.0
-988.863403 1713.07715 550.0
-988.863403 1713.07715 575.0
-988.863403 1713.07715 600.0
-988.863403 1713.07715 625.0
-988.863403 1713.07715 650.0
-988.863403 1713.07715 675.0
-988.863403 1713.07715 700.0
-965.724121 1726.22742 0.0
-965.724121 1726.22742 25.0
-965.724121 1726.22742 50.0
-965.724121 1726.22742 75.0
-965.724121 1726.22742 100.0
-965.724121 1726.22742 125.0
-965.724121 1726.22742 150.0
-965.724121 1726.22742 175.0
-965.724121 1726.22742 200.0
-965.724121 1726.22742 225.0
-965.724121 1726.22742 250.0
-965.724121 1726.22742 275.0
-965.724121 1726.22742 300.0
-965.724121 1726.22742 325.0
-965.724121 1726.22742 350.0
-965.724121 1726.22742 375.0
-965.724121 1726.22742 400.0
-965.724121 1726.22742 425.0
-965.724121 1726.22742 450.0
-965.724121 1726.22742 475.0
-965.724121 1726.22742 500.0
-965.724121 1726.22742 525.0
-965.724121 1726.22742 550.0
-965.724121 1726.22742 575.0
-965.724121 1726.22742 600.0
-965.724121 1726.22742 625.0
-965.724121 1726.22742 650.0
-965.724121 1726.22742 675.0
-965.724121 1726.22742 700.0
-942.409973 1739.06506 0.0
-942.409973 1739.06506 25.0
-942.409973 1739.06506 50.0
-942.409973 1739.06506 75.0
-942.409973 1739.06506 100.0
-942.409973 1739.06506 125.0
-942.409973 1739.06506 150.0
-942.409973 1739.06506 175.0
-942.409973 1739.06506 200.0
-942.409973 1739.06506 225.0
-942.409973 1739.06506 250.0
-942.409973 1739.06506 275.0
-942.409973 1739.06506 300.0
-942.409973 1739.06506 325.0
-942.409973 1739.06506 350.0
-942.409973 1739.06506 375.0
-942.409973 1739.06506 400.0
-942.409973 1739.06506 425.0
-942.409973 1739.06506 450.0
-942.409973 1739.06506 475.0
-942.409973 1739.06506 500.0
-942.409973 1739.06506 525.0
-942.409973 1739.06506 550.0
-942.409973 1739.06506 575.0
-942.409973 1739.06506 600.0
-942.409973 1739.06506 625.0
-942.409973 1739.06506 650.0
-942.409973 1739.06506 675.0
-942.409973 1739.06506 700.0
-918.925232 1751.58801 0.0
-918.925232 1751.58801 25.0
-918.925232 1751.58801 50.0
-918.925232 1751.58801 75.0
-918.925232 1751.58801 100.0
-918.925232 1751.58801 125.0
-918.925232 1751.58801 150.0
-918.925232 1751.58801 175.0
-918.925232 1751.58801 200.0
-918.925232 1751.58801 225.0
-918.925232 1751.58801 250.0
-918.925232 1751.58801 275.0
-918.925232 1751.58801 300.0
-918.925232 1751.58801 325.0
-918.925232 1751.58801 350.0
-918.925232 1751.58801 375.0
-918.925232 1751.58801 400.0
-918.925232 1751.58801 425.0
-918.925232 1751.58801 450.0
-918.925232 1751.58801 475.0
-918.925232 1751.58801 500.0
-918.925232 1751.58801 525.0
-918.925232 1751.58801 550.0
-918.925232 1751.58801 575.0
-918.925232 1751.58801 600.0
-918.925232 1751.58801 625.0
-918.925232 1751.58801 650.0
-918.925232 1751.58801 675.0
-918.925232 1751.58801 700.0
-895.274048 1763.7937 0.0
-895.274048 1763.7937 25.0
-895.274048 1763.7937 50.0
-895.274048 1763.7937 75.0
-895.274048 1763.7937 100.0
-895.274048 1763.7937 125.0
-895.274048 1763.7937 150.0
-895.274048 1763.7937 175.0
-895.274048 1763.7937 200.0
-895.274048 1763.7937 225.0
-895.274048 1763.7937 250.0
-895.274048 1763.7937 275.0
-895.274048 1763.7937 300.0
-895.274048 1763.7937 325.0
-895.274048 1763.7937 350.0
-895.274048 1763.7937 375.0
-895.274048 1763.7937 400.0
-895.274048 1763.7937 425.0
-895.274048 1763.7937 450.0
-895.274048 1763.7937 475.0
-895.274048 1763.7937 500.0
-895.274048 1763.7937 525.0
-895.274048 1763.7937 550.0
-895.274048 1763.7937 575.0
-895.274048 1763.7937 600.0
-895.274048 1763.7937 625.0
-895.274048 1763.7937 650.0
-895.274048 1763.7937 675.0
-895.274048 1763.7937 700.0
-871.460815 1775.68018 0.0
-871.460815 1775.68018 25.0
-871.460815 1775.68018 50.0
-871.460815 1775.68018 75.0
-871.460815 1775.68018 100.0
-871.460815 1775.68018 125.0
-871.460815 1775.68018 150.0
-871.460815 1775.68018 175.0
-871.460815 1775.68018 200.0
-871.460815 1775.68018 225.0
-871.460815 1775.68018 250.0
-871.460815 1775.68018 275.0
-871.460815 1775.68018 300.0
-871.460815 1775.68018 325.0
-871.460815 1775.68018 350.0
-871.460815 1775.68018 375.0
-871.460815 1775.68018 400.0
-871.460815 1775.68018 425.0
-871.460815 1775.68018 450.0
-871.460815 1775.68018 475.0
-871.460815 1775.68018 500.0
-871.460815 1775.68018 525.0
-871.460815 1775.68018 550.0
-871.460815 1775.68018 575.0
-871.460815 1775.68018 600.0
-871.460815 1775.68018 625.0
-871.460815 1775.68018 650.0
-871.460815 1775.68018 675.0
-871.460815 1775.68018 700.0
-847.489807 1787.24512 0.0
-847.489807 1787.24512 25.0
-847.489807 1787.24512 50.0
-847.489807 1787.24512 75.0
-847.489807 1787.24512 100.0
-847.489807 1787.24512 125.0
-847.489807 1787.24512 150.0
-847.489807 1787.24512 175.0
-847.489807 1787.24512 200.0
-847.489807 1787.24512 225.0
-847.489807 1787.24512 250.0
-847.489807 1787.24512 275.0
-847.489807 1787.24512 300.0
-847.489807 1787.24512 325.0
-847.489807 1787.24512 350.0
-847.489807 1787.24512 375.0
-847.489807 1787.24512 400.0
-847.489807 1787.24512 425.0
-847.489807 1787.24512 450.0
-847.489807 1787.24512 475.0
-847.489807 1787.24512 500.0
-847.489807 1787.24512 525.0
-847.489807 1787.24512 550.0
-847.489807 1787.24512 575.0
-847.489807 1787.24512 600.0
-847.489807 1787.24512 625.0
-847.489807 1787.24512 650.0
-847.489807 1787.24512 675.0
-847.489807 1787.24512 700.0
-823.365356 1798.48645 0.0
-823.365356 1798.48645 25.0
-823.365356 1798.48645 50.0
-823.365356 1798.48645 75.0
-823.365356 1798.48645 100.0
-823.365356 1798.48645 125.0
-823.365356 1798.48645 150.0
-823.365356 1798.48645 175.0
-823.365356 1798.48645 200.0
-823.365356 1798.48645 225.0
-823.365356 1798.48645 250.0
-823.365356 1798.48645 275.0
-823.365356 1798.48645 300.0
-823.365356 1798.48645 325.0
-823.365356 1798.48645 350.0
-823.365356 1798.48645 375.0
-823.365356 1798.48645 400.0
-823.365356 1798.48645 425.0
-823.365356 1798.48645 450.0
-823.365356 1798.48645 475.0
-823.365356 1798.48645 500.0
-823.365356 1798.48645 525.0
-823.365356 1798.48645 550.0
-823.365356 1798.48645 575.0
-823.365356 1798.48645 600.0
-823.365356 1798.48645 625.0
-823.365356 1798.48645 650.0
-823.365356 1798.48645 675.0
-823.365356 1798.48645 700.0
-799.091858 1809.40222 0.0
-799.091858 1809.40222 25.0
-799.091858 1809.40222 50.0
-799.091858 1809.40222 75.0
-799.091858 1809.40222 100.0
-799.091858 1809.40222 125.0
-799.091858 1809.40222 150.0
-799.091858 1809.40222 175.0
-799.091858 1809.40222 200.0
-799.091858 1809.40222 225.0
-799.091858 1809.40222 250.0
-799.091858 1809.40222 275.0
-799.091858 1809.40222 300.0
-799.091858 1809.40222 325.0
-799.091858 1809.40222 350.0
-799.091858 1809.40222 375.0
-799.091858 1809.40222 400.0
-799.091858 1809.40222 425.0
-799.091858 1809.40222 450.0
-799.091858 1809.40222 475.0
-799.091858 1809.40222 500.0
-799.091858 1809.40222 525.0
-799.091858 1809.40222 550.0
-799.091858 1809.40222 575.0
-799.091858 1809.40222 600.0
-799.091858 1809.40222 625.0
-799.091858 1809.40222 650.0
-799.091858 1809.40222 675.0
-799.091858 1809.40222 700.0
-774.673706 1819.99036 0.0
-774.673706 1819.99036 25.0
-774.673706 1819.99036 50.0
-774.673706 1819.99036 75.0
-774.673706 1819.99036 100.0
-774.673706 1819.99036 125.0
-774.673706 1819.99036 150.0
-774.673706 1819.99036 175.0
-774.673706 1819.99036 200.0
-774.673706 1819.99036 225.0
-774.673706 1819.99036 250.0
-774.673706 1819.99036 275.0
-774.673706 1819.99036 300.0
-774.673706 1819.99036 325.0
-774.673706 1819.99036 350.0
-774.673706 1819.99036 375.0
-774.673706 1819.99036 400.0
-774.673706 1819.99036 425.0
-774.673706 1819.99036 450.0
-774.673706 1819.99036 475.0
-774.673706 1819.99036 500.0
-774.673706 1819.99036 525.0
-774.673706 1819.99036 550.0
-774.673706 1819.99036 575.0
-774.673706 1819.99036 600.0
-774.673706 1819.99036 625.0
-774.673706 1819.99036 650.0
-774.673706 1819.99036 675.0
-774.673706 1819.99036 700.0
-750.115234 1830.2489 0.0
-750.115234 1830.2489 25.0
-750.115234 1830.2489 50.0
-750.115234 1830.2489 75.0
-750.115234 1830.2489 100.0
-750.115234 1830.2489 125.0
-750.115234 1830.2489 150.0
-750.115234 1830.2489 175.0
-750.115234 1830.2489 200.0
-750.115234 1830.2489 225.0
-750.115234 1830.2489 250.0
-750.115234 1830.2489 275.0
-750.115234 1830.2489 300.0
-750.115234 1830.2489 325.0
-750.115234 1830.2489 350.0
-750.115234 1830.2489 375.0
-750.115234 1830.2489 400.0
-750.115234 1830.2489 425.0
-750.115234 1830.2489 450.0
-750.115234 1830.2489 475.0
-750.115234 1830.2489 500.0
-750.115234 1830.2489 525.0
-750.115234 1830.2489 550.0
-750.115234 1830.2489 575.0
-750.115234 1830.2489 600.0
-750.115234 1830.2489 625.0
-750.115234 1830.2489 650.0
-750.115234 1830.2489 675.0
-750.115234 1830.2489 700.0
-728.519043 1838.9519 0.0
-728.519043 1838.9519 25.0
-728.519043 1838.9519 50.0
-728.519043 1838.9519 75.0
-728.519043 1838.9519 100.0
-728.519043 1838.9519 125.0
-728.519043 1838.9519 150.0
-728.519043 1838.9519 175.0
-728.519043 1838.9519 200.0
-728.519043 1838.9519 225.0
-728.519043 1838.9519 250.0
-728.519043 1838.9519 275.0
-728.519043 1838.9519 300.0
-728.519043 1838.9519 325.0
-728.519043 1838.9519 350.0
-728.519043 1838.9519 375.0
-728.519043 1838.9519 400.0
-728.519043 1838.9519 425.0
-728.519043 1838.9519 450.0
-728.519043 1838.9519 475.0
-728.519043 1838.9519 500.0
-728.519043 1838.9519 525.0
-728.519043 1838.9519 550.0
-728.519043 1838.9519 575.0
-728.519043 1838.9519 600.0
-728.519043 1838.9519 625.0
-728.519043 1838.9519 650.0
-728.519043 1838.9519 675.0
-728.519043 1838.9519 700.0
-706.821899 1847.40002 0.0
-706.821899 1847.40002 25.0
-706.821899 1847.40002 50.0
-706.821899 1847.40002 75.0
-706.821899 1847.40002 100.0
-706.821899 1847.40002 125.0
-706.821899 1847.40002 150.0
-706.821899 1847.40002 175.0
-706.821899 1847.40002 200.0
-706.821899 1847.40002 225.0
-706.821899 1847.40002 250.0
-706.821899 1847.40002 275.0
-706.821899 1847.40002 300.0
-706.821899 1847.40002 325.0
-706.821899 1847.40002 350.0
-706.821899 1847.40002 375.0
-706.821899 1847.40002 400.0
-706.821899 1847.40002 425.0
-706.821899 1847.40002 450.0
-706.821899 1847.40002 475.0
-706.821899 1847.40002 500.0
-706.821899 1847.40002 525.0
-706.821899 1847.40002 550.0
-706.821899 1847.40002 575.0
-706.821899 1847.40002 600.0
-706.821899 1847.40002 625.0
-706.821899 1847.40002 650.0
-706.821899 1847.40002 675.0
-706.821899 1847.40002 700.0
-685.026794 1855.59216 0.0
-685.026794 1855.59216 25.0
-685.026794 1855.59216 50.0
-685.026794 1855.59216 75.0
-685.026794 1855.59216 100.0
-685.026794 1855.59216 125.0
-685.026794 1855.59216 150.0
-685.026794 1855.59216 175.0
-685.026794 1855.59216 200.0
-685.026794 1855.59216 225.0
-685.026794 1855.59216 250.0
-685.026794 1855.59216 275.0
-685.026794 1855.59216 300.0
-685.026794 1855.59216 325.0
-685.026794 1855.59216 350.0
-685.026794 1855.59216 375.0
-685.026794 1855.59216 400.0
-685.026794 1855.59216 425.0
-685.026794 1855.59216 450.0
-685.026794 1855.59216 475.0
-685.026794 1855.59216 500.0
-685.026794 1855.59216 525.0
-685.026794 1855.59216 550.0
-685.026794 1855.59216 575.0
-685.026794 1855.59216 600.0
-685.026794 1855.59216 625.0
-685.026794 1855.59216 650.0
-685.026794 1855.59216 675.0
-685.026794 1855.59216 700.0
-663.136841 1863.52722 0.0
-663.136841 1863.52722 25.0
-663.136841 1863.52722 50.0
-663.136841 1863.52722 75.0
-663.136841 1863.52722 100.0
-663.136841 1863.52722 125.0
-663.136841 1863.52722 150.0
-663.136841 1863.52722 175.0
-663.136841 1863.52722 200.0
-663.136841 1863.52722 225.0
-663.136841 1863.52722 250.0
-663.136841 1863.52722 275.0
-663.136841 1863.52722 300.0
-663.136841 1863.52722 325.0
-663.136841 1863.52722 350.0
-663.136841 1863.52722 375.0
-663.136841 1863.52722 400.0
-663.136841 1863.52722 425.0
-663.136841 1863.52722 450.0
-663.136841 1863.52722 475.0
-663.136841 1863.52722 500.0
-663.136841 1863.52722 525.0
-663.136841 1863.52722 550.0
-663.136841 1863.52722 575.0
-663.136841 1863.52722 600.0
-663.136841 1863.52722 625.0
-663.136841 1863.52722 650.0
-663.136841 1863.52722 675.0
-663.136841 1863.52722 700.0
-641.154907 1871.20398 0.0
-641.154907 1871.20398 25.0
-641.154907 1871.20398 50.0
-641.154907 1871.20398 75.0
-641.154907 1871.20398 100.0
-641.154907 1871.20398 125.0
-641.154907 1871.20398 150.0
-641.154907 1871.20398 175.0
-641.154907 1871.20398 200.0
-641.154907 1871.20398 225.0
-641.154907 1871.20398 250.0
-641.154907 1871.20398 275.0
-641.154907 1871.20398 300.0
-641.154907 1871.20398 325.0
-641.154907 1871.20398 350.0
-641.154907 1871.20398 375.0
-641.154907 1871.20398 400.0
-641.154907 1871.20398 425.0
-641.154907 1871.20398 450.0
-641.154907 1871.20398 475.0
-641.154907 1871.20398 500.0
-641.154907 1871.20398 525.0
-641.154907 1871.20398 550.0
-641.154907 1871.20398 575.0
-641.154907 1871.20398 600.0
-641.154907 1871.20398 625.0
-641.154907 1871.20398 650.0
-641.154907 1871.20398 675.0
-641.154907 1871.20398 700.0
-619.084167 1878.62146 0.0
-619.084167 1878.62146 25.0
-619.084167 1878.62146 50.0
-619.084167 1878.62146 75.0
-619.084167 1878.62146 100.0
-619.084167 1878.62146 125.0
-619.084167 1878.62146 150.0
-619.084167 1878.62146 175.0
-619.084167 1878.62146 200.0
-619.084167 1878.62146 225.0
-619.084167 1878.62146 250.0
-619.084167 1878.62146 275.0
-619.084167 1878.62146 300.0
-619.084167 1878.62146 325.0
-619.084167 1878.62146 350.0
-619.084167 1878.62146 375.0
-619.084167 1878.62146 400.0
-619.084167 1878.62146 425.0
-619.084167 1878.62146 450.0
-619.084167 1878.62146 475.0
-619.084167 1878.62146 500.0
-619.084167 1878.62146 525.0
-619.084167 1878.62146 550.0
-619.084167 1878.62146 575.0
-619.084167 1878.62146 600.0
-619.084167 1878.62146 625.0
-619.084167 1878.62146 650.0
-619.084167 1878.62146 675.0
-619.084167 1878.62146 700.0
-596.927673 1885.77869 0.0
-596.927673 1885.77869 25.0
-596.927673 1885.77869 50.0
-596.927673 1885.77869 75.0
-596.927673 1885.77869 100.0
-596.927673 1885.77869 125.0
-596.927673 1885.77869 150.0
-596.927673 1885.77869 175.0
-596.927673 1885.77869 200.0
-596.927673 1885.77869 225.0
-596.927673 1885.77869 250.0
-596.927673 1885.77869 275.0
-596.927673 1885.77869 300.0
-596.927673 1885.77869 325.0
-596.927673 1885.77869 350.0
-596.927673 1885.77869 375.0
-596.927673 1885.77869 400.0
-596.927673 1885.77869 425.0
-596.927673 1885.77869 450.0
-596.927673 1885.77869 475.0
-596.927673 1885.77869 500.0
-596.927673 1885.77869 525.0
-596.927673 1885.77869 550.0
-596.927673 1885.77869 575.0
-596.927673 1885.77869 600.0
-596.927673 1885.77869 625.0
-596.927673 1885.77869 650.0
-596.927673 1885.77869 675.0
-596.927673 1885.77869 700.0
-574.688477 1892.67456 0.0
-574.688477 1892.67456 25.0
-574.688477 1892.67456 50.0
-574.688477 1892.67456 75.0
-574.688477 1892.67456 100.0
-574.688477 1892.67456 125.0
-574.688477 1892.67456 150.0
-574.688477 1892.67456 175.0
-574.688477 1892.67456 200.0
-574.688477 1892.67456 225.0
-574.688477 1892.67456 250.0
-574.688477 1892.67456 275.0
-574.688477 1892.67456 300.0
-574.688477 1892.67456 325.0
-574.688477 1892.67456 350.0
-574.688477 1892.67456 375.0
-574.688477 1892.67456 400.0
-574.688477 1892.67456 425.0
-574.688477 1892.67456 450.0
-574.688477 1892.67456 475.0
-574.688477 1892.67456 500.0
-574.688477 1892.67456 525.0
-574.688477 1892.67456 550.0
-574.688477 1892.67456 575.0
-574.688477 1892.67456 600.0
-574.688477 1892.67456 625.0
-574.688477 1892.67456 650.0
-574.688477 1892.67456 675.0
-574.688477 1892.67456 700.0
-552.369568 1899.30823 0.0
-552.369568 1899.30823 25.0
-552.369568 1899.30823 50.0
-552.369568 1899.30823 75.0
-552.369568 1899.30823 100.0
-552.369568 1899.30823 125.0
-552.369568 1899.30823 150.0
-552.369568 1899.30823 175.0
-552.369568 1899.30823 200.0
-552.369568 1899.30823 225.0
-552.369568 1899.30823 250.0
-552.369568 1899.30823 275.0
-552.369568 1899.30823 300.0
-552.369568 1899.30823 325.0
-552.369568 1899.30823 350.0
-552.369568 1899.30823 375.0
-552.369568 1899.30823 400.0
-552.369568 1899.30823 425.0
-552.369568 1899.30823 450.0
-552.369568 1899.30823 475.0
-552.369568 1899.30823 500.0
-552.369568 1899.30823 525.0
-552.369568 1899.30823 550.0
-552.369568 1899.30823 575.0
-552.369568 1899.30823 600.0
-552.369568 1899.30823 625.0
-552.369568 1899.30823 650.0
-552.369568 1899.30823 675.0
-552.369568 1899.30823 700.0
-529.974182 1905.67871 0.0
-529.974182 1905.67871 25.0
-529.974182 1905.67871 50.0
-529.974182 1905.67871 75.0
-529.974182 1905.67871 100.0
-529.974182 1905.67871 125.0
-529.974182 1905.67871 150.0
-529.974182 1905.67871 175.0
-529.974182 1905.67871 200.0
-529.974182 1905.67871 225.0
-529.974182 1905.67871 250.0
-529.974182 1905.67871 275.0
-529.974182 1905.67871 300.0
-529.974182 1905.67871 325.0
-529.974182 1905.67871 350.0
-529.974182 1905.67871 375.0
-529.974182 1905.67871 400.0
-529.974182 1905.67871 425.0
-529.974182 1905.67871 450.0
-529.974182 1905.67871 475.0
-529.974182 1905.67871 500.0
-529.974182 1905.67871 525.0
-529.974182 1905.67871 550.0
-529.974182 1905.67871 575.0
-529.974182 1905.67871 600.0
-529.974182 1905.67871 625.0
-529.974182 1905.67871 650.0
-529.974182 1905.67871 675.0
-529.974182 1905.67871 700.0
-507.505341 1911.78516 0.0
-507.505341 1911.78516 25.0
-507.505341 1911.78516 50.0
-507.505341 1911.78516 75.0
-507.505341 1911.78516 100.0
-507.505341 1911.78516 125.0
-507.505341 1911.78516 150.0
-507.505341 1911.78516 175.0
-507.505341 1911.78516 200.0
-507.505341 1911.78516 225.0
-507.505341 1911.78516 250.0
-507.505341 1911.78516 275.0
-507.505341 1911.78516 300.0
-507.505341 1911.78516 325.0
-507.505341 1911.78516 350.0
-507.505341 1911.78516 375.0
-507.505341 1911.78516 400.0
-507.505341 1911.78516 425.0
-507.505341 1911.78516 450.0
-507.505341 1911.78516 475.0
-507.505341 1911.78516 500.0
-507.505341 1911.78516 525.0
-507.505341 1911.78516 550.0
-507.505341 1911.78516 575.0
-507.505341 1911.78516 600.0
-507.505341 1911.78516 625.0
-507.505341 1911.78516 650.0
-507.505341 1911.78516 675.0
-507.505341 1911.78516 700.0
-484.966187 1917.62659 0.0
-484.966187 1917.62659 25.0
-484.966187 1917.62659 50.0
-484.966187 1917.62659 75.0
-484.966187 1917.62659 100.0
-484.966187 1917.62659 125.0
-484.966187 1917.62659 150.0
-484.966187 1917.62659 175.0
-484.966187 1917.62659 200.0
-484.966187 1917.62659 225.0
-484.966187 1917.62659 250.0
-484.966187 1917.62659 275.0
-484.966187 1917.62659 300.0
-484.966187 1917.62659 325.0
-484.966187 1917.62659 350.0
-484.966187 1917.62659 375.0
-484.966187 1917.62659 400.0
-484.966187 1917.62659 425.0
-484.966187 1917.62659 450.0
-484.966187 1917.62659 475.0
-484.966187 1917.62659 500.0
-484.966187 1917.62659 525.0
-484.966187 1917.62659 550.0
-484.966187 1917.62659 575.0
-484.966187 1917.62659 600.0
-484.966187 1917.62659 625.0
-484.966187 1917.62659 650.0
-484.966187 1917.62659 675.0
-484.966187 1917.62659 700.0
-462.359833 1923.20239 0.0
-462.359833 1923.20239 25.0
-462.359833 1923.20239 50.0
-462.359833 1923.20239 75.0
-462.359833 1923.20239 100.0
-462.359833 1923.20239 125.0
-462.359833 1923.20239 150.0
-462.359833 1923.20239 175.0
-462.359833 1923.20239 200.0
-462.359833 1923.20239 225.0
-462.359833 1923.20239 250.0
-462.359833 1923.20239 275.0
-462.359833 1923.20239 300.0
-462.359833 1923.20239 325.0
-462.359833 1923.20239 350.0
-462.359833 1923.20239 375.0
-462.359833 1923.20239 400.0
-462.359833 1923.20239 425.0
-462.359833 1923.20239 450.0
-462.359833 1923.20239 475.0
-462.359833 1923.20239 500.0
-462.359833 1923.20239 525.0
-462.359833 1923.20239 550.0
-462.359833 1923.20239 575.0
-462.359833 1923.20239 600.0
-462.359833 1923.20239 625.0
-462.359833 1923.20239 650.0
-462.359833 1923.20239 675.0
-462.359833 1923.20239 700.0
-439.689392 1928.51172 0.0
-439.689392 1928.51172 25.0
-439.689392 1928.51172 50.0
-439.689392 1928.51172 75.0
-439.689392 1928.51172 100.0
-439.689392 1928.51172 125.0
-439.689392 1928.51172 150.0
-439.689392 1928.51172 175.0
-439.689392 1928.51172 200.0
-439.689392 1928.51172 225.0
-439.689392 1928.51172 250.0
-439.689392 1928.51172 275.0
-439.689392 1928.51172 300.0
-439.689392 1928.51172 325.0
-439.689392 1928.51172 350.0
-439.689392 1928.51172 375.0
-439.689392 1928.51172 400.0
-439.689392 1928.51172 425.0
-439.689392 1928.51172 450.0
-439.689392 1928.51172 475.0
-439.689392 1928.51172 500.0
-439.689392 1928.51172 525.0
-439.689392 1928.51172 550.0
-439.689392 1928.51172 575.0
-439.689392 1928.51172 600.0
-439.689392 1928.51172 625.0
-439.689392 1928.51172 650.0
-439.689392 1928.51172 675.0
-439.689392 1928.51172 700.0
-416.958038 1933.55371 0.0
-416.958038 1933.55371 25.0
-416.958038 1933.55371 50.0
-416.958038 1933.55371 75.0
-416.958038 1933.55371 100.0
-416.958038 1933.55371 125.0
-416.958038 1933.55371 150.0
-416.958038 1933.55371 175.0
-416.958038 1933.55371 200.0
-416.958038 1933.55371 225.0
-416.958038 1933.55371 250.0
-416.958038 1933.55371 275.0
-416.958038 1933.55371 300.0
-416.958038 1933.55371 325.0
-416.958038 1933.55371 350.0
-416.958038 1933.55371 375.0
-416.958038 1933.55371 400.0
-416.958038 1933.55371 425.0
-416.958038 1933.55371 450.0
-416.958038 1933.55371 475.0
-416.958038 1933.55371 500.0
-416.958038 1933.55371 525.0
-416.958038 1933.55371 550.0
-416.958038 1933.55371 575.0
-416.958038 1933.55371 600.0
-416.958038 1933.55371 625.0
-416.958038 1933.55371 650.0
-416.958038 1933.55371 675.0
-416.958038 1933.55371 700.0
-394.168915 1938.32788 0.0
-394.168915 1938.32788 25.0
-394.168915 1938.32788 50.0
-394.168915 1938.32788 75.0
-394.168915 1938.32788 100.0
-394.168915 1938.32788 125.0
-394.168915 1938.32788 150.0
-394.168915 1938.32788 175.0
-394.168915 1938.32788 200.0
-394.168915 1938.32788 225.0
-394.168915 1938.32788 250.0
-394.168915 1938.32788 275.0
-394.168915 1938.32788 300.0
-394.168915 1938.32788 325.0
-394.168915 1938.32788 350.0
-394.168915 1938.32788 375.0
-394.168915 1938.32788 400.0
-394.168915 1938.32788 425.0
-394.168915 1938.32788 450.0
-394.168915 1938.32788 475.0
-394.168915 1938.32788 500.0
-394.168915 1938.32788 525.0
-394.168915 1938.32788 550.0
-394.168915 1938.32788 575.0
-394.168915 1938.32788 600.0
-394.168915 1938.32788 625.0
-394.168915 1938.32788 650.0
-394.168915 1938.32788 675.0
-394.168915 1938.32788 700.0
-369.834412 1943.11768 0.0
-369.834412 1943.11768 25.0
-369.834412 1943.11768 50.0
-369.834412 1943.11768 75.0
-369.834412 1943.11768 100.0
-369.834412 1943.11768 125.0
-369.834412 1943.11768 150.0
-369.834412 1943.11768 175.0
-369.834412 1943.11768 200.0
-369.834412 1943.11768 225.0
-369.834412 1943.11768 250.0
-369.834412 1943.11768 275.0
-369.834412 1943.11768 300.0
-369.834412 1943.11768 325.0
-369.834412 1943.11768 350.0
-369.834412 1943.11768 375.0
-369.834412 1943.11768 400.0
-369.834412 1943.11768 425.0
-369.834412 1943.11768 450.0
-369.834412 1943.11768 475.0
-369.834412 1943.11768 500.0
-369.834412 1943.11768 525.0
-369.834412 1943.11768 550.0
-369.834412 1943.11768 575.0
-369.834412 1943.11768 600.0
-369.834412 1943.11768 625.0
-369.834412 1943.11768 650.0
-369.834412 1943.11768 675.0
-369.834412 1943.11768 700.0
-345.441742 1947.60217 0.0
-345.441742 1947.60217 25.0
-345.441742 1947.60217 50.0
-345.441742 1947.60217 75.0
-345.441742 1947.60217 100.0
-345.441742 1947.60217 125.0
-345.441742 1947.60217 150.0
-345.441742 1947.60217 175.0
-345.441742 1947.60217 200.0
-345.441742 1947.60217 225.0
-345.441742 1947.60217 250.0
-345.441742 1947.60217 275.0
-345.441742 1947.60217 300.0
-345.441742 1947.60217 325.0
-345.441742 1947.60217 350.0
-345.441742 1947.60217 375.0
-345.441742 1947.60217 400.0
-345.441742 1947.60217 425.0
-345.441742 1947.60217 450.0
-345.441742 1947.60217 475.0
-345.441742 1947.60217 500.0
-345.441742 1947.60217 525.0
-345.441742 1947.60217 550.0
-345.441742 1947.60217 575.0
-345.441742 1947.60217 600.0
-345.441742 1947.60217 625.0
-345.441742 1947.60217 650.0
-345.441742 1947.60217 675.0
-345.441742 1947.60217 700.0
-320.994812 1951.78027 0.0
-320.994812 1951.78027 25.0
-320.994812 1951.78027 50.0
-320.994812 1951.78027 75.0
-320.994812 1951.78027 100.0
-320.994812 1951.78027 125.0
-320.994812 1951.78027 150.0
-320.994812 1951.78027 175.0
-320.994812 1951.78027 200.0
-320.994812 1951.78027 225.0
-320.994812 1951.78027 250.0
-320.994812 1951.78027 275.0
-320.994812 1951.78027 300.0
-320.994812 1951.78027 325.0
-320.994812 1951.78027 350.0
-320.994812 1951.78027 375.0
-320.994812 1951.78027 400.0
-320.994812 1951.78027 425.0
-320.994812 1951.78027 450.0
-320.994812 1951.78027 475.0
-320.994812 1951.78027 500.0
-320.994812 1951.78027 525.0
-320.994812 1951.78027 550.0
-320.994812 1951.78027 575.0
-320.994812 1951.78027 600.0
-320.994812 1951.78027 625.0
-320.994812 1951.78027 650.0
-320.994812 1951.78027 675.0
-320.994812 1951.78027 700.0
-296.497375 1955.65161 0.0
-296.497375 1955.65161 25.0
-296.497375 1955.65161 50.0
-296.497375 1955.65161 75.0
-296.497375 1955.65161 100.0
-296.497375 1955.65161 125.0
-296.497375 1955.65161 150.0
-296.497375 1955.65161 175.0
-296.497375 1955.65161 200.0
-296.497375 1955.65161 225.0
-296.497375 1955.65161 250.0
-296.497375 1955.65161 275.0
-296.497375 1955.65161 300.0
-296.497375 1955.65161 325.0
-296.497375 1955.65161 350.0
-296.497375 1955.65161 375.0
-296.497375 1955.65161 400.0
-296.497375 1955.65161 425.0
-296.497375 1955.65161 450.0
-296.497375 1955.65161 475.0
-296.497375 1955.65161 500.0
-296.497375 1955.65161 525.0
-296.497375 1955.65161 550.0
-296.497375 1955.65161 575.0
-296.497375 1955.65161 600.0
-296.497375 1955.65161 625.0
-296.497375 1955.65161 650.0
-296.497375 1955.65161 675.0
-296.497375 1955.65161 700.0
-271.953339 1959.21545 0.0
-271.953339 1959.21545 25.0
-271.953339 1959.21545 50.0
-271.953339 1959.21545 75.0
-271.953339 1959.21545 100.0
-271.953339 1959.21545 125.0
-271.953339 1959.21545 150.0
-271.953339 1959.21545 175.0
-271.953339 1959.21545 200.0
-271.953339 1959.21545 225.0
-271.953339 1959.21545 250.0
-271.953339 1959.21545 275.0
-271.953339 1959.21545 300.0
-271.953339 1959.21545 325.0
-271.953339 1959.21545 350.0
-271.953339 1959.21545 375.0
-271.953339 1959.21545 400.0
-271.953339 1959.21545 425.0
-271.953339 1959.21545 450.0
-271.953339 1959.21545 475.0
-271.953339 1959.21545 500.0
-271.953339 1959.21545 525.0
-271.953339 1959.21545 550.0
-271.953339 1959.21545 575.0
-271.953339 1959.21545 600.0
-271.953339 1959.21545 625.0
-271.953339 1959.21545 650.0
-271.953339 1959.21545 675.0
-271.953339 1959.21545 700.0
-247.366547 1962.47131 0.0
-247.366547 1962.47131 25.0
-247.366547 1962.47131 50.0
-247.366547 1962.47131 75.0
-247.366547 1962.47131 100.0
-247.366547 1962.47131 125.0
-247.366547 1962.47131 150.0
-247.366547 1962.47131 175.0
-247.366547 1962.47131 200.0
-247.366547 1962.47131 225.0
-247.366547 1962.47131 250.0
-247.366547 1962.47131 275.0
-247.366547 1962.47131 300.0
-247.366547 1962.47131 325.0
-247.366547 1962.47131 350.0
-247.366547 1962.47131 375.0
-247.366547 1962.47131 400.0
-247.366547 1962.47131 425.0
-247.366547 1962.47131 450.0
-247.366547 1962.47131 475.0
-247.366547 1962.47131 500.0
-247.366547 1962.47131 525.0
-247.366547 1962.47131 550.0
-247.366547 1962.47131 575.0
-247.366547 1962.47131 600.0
-247.366547 1962.47131 625.0
-247.366547 1962.47131 650.0
-247.366547 1962.47131 675.0
-247.366547 1962.47131 700.0
-222.74086 1965.4187 0.0
-222.74086 1965.4187 25.0
-222.74086 1965.4187 50.0
-222.74086 1965.4187 75.0
-222.74086 1965.4187 100.0
-222.74086 1965.4187 125.0
-222.74086 1965.4187 150.0
-222.74086 1965.4187 175.0
-222.74086 1965.4187 200.0
-222.74086 1965.4187 225.0
-222.74086 1965.4187 250.0
-222.74086 1965.4187 275.0
-222.74086 1965.4187 300.0
-222.74086 1965.4187 325.0
-222.74086 1965.4187 350.0
-222.74086 1965.4187 375.0
-222.74086 1965.4187 400.0
-222.74086 1965.4187 425.0
-222.74086 1965.4187 450.0
-222.74086 1965.4187 475.0
-222.74086 1965.4187 500.0
-222.74086 1965.4187 525.0
-222.74086 1965.4187 550.0
-222.74086 1965.4187 575.0
-222.74086 1965.4187 600.0
-222.74086 1965.4187 625.0
-222.74086 1965.4187 650.0
-222.74086 1965.4187 675.0
-222.74086 1965.4187 700.0
-198.08017 1968.05701 0.0
-198.08017 1968.05701 25.0
-198.08017 1968.05701 50.0
-198.08017 1968.05701 75.0
-198.08017 1968.05701 100.0
-198.08017 1968.05701 125.0
-198.08017 1968.05701 150.0
-198.08017 1968.05701 175.0
-198.08017 1968.05701 200.0
-198.08017 1968.05701 225.0
-198.08017 1968.05701 250.0
-198.08017 1968.05701 275.0
-198.08017 1968.05701 300.0
-198.08017 1968.05701 325.0
-198.08017 1968.05701 350.0
-198.08017 1968.05701 375.0
-198.08017 1968.05701 400.0
-198.08017 1968.05701 425.0
-198.08017 1968.05701 450.0
-198.08017 1968.05701 475.0
-198.08017 1968.05701 500.0
-198.08017 1968.05701 525.0
-198.08017 1968.05701 550.0
-198.08017 1968.05701 575.0
-198.08017 1968.05701 600.0
-198.08017 1968.05701 625.0
-198.08017 1968.05701 650.0
-198.08017 1968.05701 675.0
-198.08017 1968.05701 700.0
-173.388321 1970.38586 0.0
-173.388321 1970.38586 25.0
-173.388321 1970.38586 50.0
-173.388321 1970.38586 75.0
-173.388321 1970.38586 100.0
-173.388321 1970.38586 125.0
-173.388321 1970.38586 150.0
-173.388321 1970.38586 175.0
-173.388321 1970.38586 200.0
-173.388321 1970.38586 225.0
-173.388321 1970.38586 250.0
-173.388321 1970.38586 275.0
-173.388321 1970.38586 300.0
-173.388321 1970.38586 325.0
-173.388321 1970.38586 350.0
-173.388321 1970.38586 375.0
-173.388321 1970.38586 400.0
-173.388321 1970.38586 425.0
-173.388321 1970.38586 450.0
-173.388321 1970.38586 475.0
-173.388321 1970.38586 500.0
-173.388321 1970.38586 525.0
-173.388321 1970.38586 550.0
-173.388321 1970.38586 575.0
-173.388321 1970.38586 600.0
-173.388321 1970.38586 625.0
-173.388321 1970.38586 650.0
-173.388321 1970.38586 675.0
-173.388321 1970.38586 700.0
-148.66922 1972.40503 0.0
-148.66922 1972.40503 25.0
-148.66922 1972.40503 50.0
-148.66922 1972.40503 75.0
-148.66922 1972.40503 100.0
-148.66922 1972.40503 125.0
-148.66922 1972.40503 150.0
-148.66922 1972.40503 175.0
-148.66922 1972.40503 200.0
-148.66922 1972.40503 225.0
-148.66922 1972.40503 250.0
-148.66922 1972.40503 275.0
-148.66922 1972.40503 300.0
-148.66922 1972.40503 325.0
-148.66922 1972.40503 350.0
-148.66922 1972.40503 375.0
-148.66922 1972.40503 400.0
-148.66922 1972.40503 425.0
-148.66922 1972.40503 450.0
-148.66922 1972.40503 475.0
-148.66922 1972.40503 500.0
-148.66922 1972.40503 525.0
-148.66922 1972.40503 550.0
-148.66922 1972.40503 575.0
-148.66922 1972.40503 600.0
-148.66922 1972.40503 625.0
-148.66922 1972.40503 650.0
-148.66922 1972.40503 675.0
-148.66922 1972.40503 700.0
-123.926743 1974.11401 0.0
-123.926743 1974.11401 25.0
-123.926743 1974.11401 50.0
-123.926743 1974.11401 75.0
-123.926743 1974.11401 100.0
-123.926743 1974.11401 125.0
-123.926743 1974.11401 150.0
-123.926743 1974.11401 175.0
-123.926743 1974.11401 200.0
-123.926743 1974.11401 225.0
-123.926743 1974.11401 250.0
-123.926743 1974.11401 275.0
-123.926743 1974.11401 300.0
-123.926743 1974.11401 325.0
-123.926743 1974.11401 350.0
-123.926743 1974.11401 375.0
-123.926743 1974.11401 400.0
-123.926743 1974.11401 425.0
-123.926743 1974.11401 450.0
-123.926743 1974.11401 475.0
-123.926743 1974.11401 500.0
-123.926743 1974.11401 525.0
-123.926743 1974.11401 550.0
-123.926743 1974.11401 575.0
-123.926743 1974.11401 600.0
-123.926743 1974.11401 625.0
-123.926743 1974.11401 650.0
-123.926743 1974.11401 675.0
-123.926743 1974.11401 700.0
-99.1647797 1975.5127 0.0
-99.1647797 1975.5127 25.0
-99.1647797 1975.5127 50.0
-99.1647797 1975.5127 75.0
-99.1647797 1975.5127 100.0
-99.1647797 1975.5127 125.0
-99.1647797 1975.5127 150.0
-99.1647797 1975.5127 175.0
-99.1647797 1975.5127 200.0
-99.1647797 1975.5127 225.0
-99.1647797 1975.5127 250.0
-99.1647797 1975.5127 275.0
-99.1647797 1975.5127 300.0
-99.1647797 1975.5127 325.0
-99.1647797 1975.5127 350.0
-99.1647797 1975.5127 375.0
-99.1647797 1975.5127 400.0
-99.1647797 1975.5127 425.0
-99.1647797 1975.5127 450.0
-99.1647797 1975.5127 475.0
-99.1647797 1975.5127 500.0
-99.1647797 1975.5127 525.0
-99.1647797 1975.5127 550.0
-99.1647797 1975.5127 575.0
-99.1647797 1975.5127 600.0
-99.1647797 1975.5127 625.0
-99.1647797 1975.5127 650.0
-99.1647797 1975.5127 675.0
-99.1647797 1975.5127 700.0
-74.3872299 1976.60071 0.0
-74.3872299 1976.60071 25.0
-74.3872299 1976.60071 50.0
-74.3872299 1976.60071 75.0
-74.3872299 1976.60071 100.0
-74.3872299 1976.60071 125.0
-74.3872299 1976.60071 150.0
-74.3872299 1976.60071 175.0
-74.3872299 1976.60071 200.0
-74.3872299 1976.60071 225.0
-74.3872299 1976.60071 250.0
-74.3872299 1976.60071 275.0
-74.3872299 1976.60071 300.0
-74.3872299 1976.60071 325.0
-74.3872299 1976.60071 350.0
-74.3872299 1976.60071 375.0
-74.3872299 1976.60071 400.0
-74.3872299 1976.60071 425.0
-74.3872299 1976.60071 450.0
-74.3872299 1976.60071 475.0
-74.3872299 1976.60071 500.0
-74.3872299 1976.60071 525.0
-74.3872299 1976.60071 550.0
-74.3872299 1976.60071 575.0
-74.3872299 1976.60071 600.0
-74.3872299 1976.60071 625.0
-74.3872299 1976.60071 650.0
-74.3872299 1976.60071 675.0
-74.3872299 1976.60071 700.0
-49.5979843 1977.37805 0.0
-49.5979843 1977.37805 25.0
-49.5979843 1977.37805 50.0
-49.5979843 1977.37805 75.0
-49.5979843 1977.37805 100.0
-49.5979843 1977.37805 125.0
-49.5979843 1977.37805 150.0
-49.5979843 1977.37805 175.0
-49.5979843 1977.37805 200.0
-49.5979843 1977.37805 225.0
-49.5979843 1977.37805 250.0
-49.5979843 1977.37805 275.0
-49.5979843 1977.37805 300.0
-49.5979843 1977.37805 325.0
-49.5979843 1977.37805 350.0
-49.5979843 1977.37805 375.0
-49.5979843 1977.37805 400.0
-49.5979843 1977.37805 425.0
-49.5979843 1977.37805 450.0
-49.5979843 1977.37805 475.0
-49.5979843 1977.37805 500.0
-49.5979843 1977.37805 525.0
-49.5979843 1977.37805 550.0
-49.5979843 1977.37805 575.0
-49.5979843 1977.37805 600.0
-49.5979843 1977.37805 625.0
-49.5979843 1977.37805 650.0
-49.5979843 1977.37805 675.0
-49.5979843 1977.37805 700.0
-24.8009415 1977.84448 0.0
-24.8009415 1977.84448 25.0
-24.8009415 1977.84448 50.0
-24.8009415 1977.84448 75.0
-24.8009415 1977.84448 100.0
-24.8009415 1977.84448 125.0
-24.8009415 1977.84448 150.0
-24.8009415 1977.84448 175.0
-24.8009415 1977.84448 200.0
-24.8009415 1977.84448 225.0
-24.8009415 1977.84448 250.0
-24.8009415 1977.84448 275.0
-24.8009415 1977.84448 300.0
-24.8009415 1977.84448 325.0
-24.8009415 1977.84448 350.0
-24.8009415 1977.84448 375.0
-24.8009415 1977.84448 400.0
-24.8009415 1977.84448 425.0
-24.8009415 1977.84448 450.0
-24.8009415 1977.84448 475.0
-24.8009415 1977.84448 500.0
-24.8009415 1977.84448 525.0
-24.8009415 1977.84448 550.0
-24.8009415 1977.84448 575.0
-24.8009415 1977.84448 600.0
-24.8009415 1977.84448 625.0
-24.8009415 1977.84448 650.0
-24.8009415 1977.84448 675.0
-24.8009415 1977.84448 700.0
0.0 1978.0 0.0
0.0 1978.0 25.0
0.0 1978.0 50.0
0.0 1978.0 75.0
0.0 1978.0 100.0
0.0 1978.0 125.0
0.0 1978.0 150.0
0.0 1978.0 175.0
0.0 1978.0 200.0
0.0 1978.0 225.0
0.0 1978.0 250.0
0.0 1978.0 275.0
0.0 1978.0 300.0
0.0 1978.0 325.0
0.0 1978.0 350.0
0.0 1978.0 375.0
0.0 1978.0 400.0
0.0 1978.0 425.0
0.0 1978.0 450.0
0.0 1978.0 475.0
0.0 1978.0 500.0
0.0 1978.0 525.0
0.0 1978.0 550.0
0.0 1978.0 575.0
0.0 1978.0 600.0
0.0 1978.0 625.0
0.0 1978.0 650.0
0.0 1978.0 675.0
0.0 1978.0 700.0
-1414.21362 1414.21362 0.0
-1414.21362 1414.21362 25.0
-1414.21362 1414.21362 50.0
-1414.21362 1414.21362 75.0
-1414.21362 1414.21362 100.0
-1414.21362 1414.21362 125.0
-1414.21362 1414.21362 150.0
-1414.21362 1414.21362 175.0
-1414.21362 1414.21362 200.0
-1414.21362 1414.21362 225.0
-1414.21362 1414.21362 250.0
-1414.21362 1414.21362 275.0
-1414.21362 1414.21362 300.0
-1414.21362 1414.21362 325.0
-1414.21362 1414.21362 350.0
-1414.21362 1414.21362 375.0
-1414.21362 1414.21362 400.0
-1414.21362 1414.21362 425.0
-1414.21362 1414.21362 450.0
-1414.21362 1414.21362 475.0
-1414.21362 1414.21362 500.0
-1414.21362 1414.21362 525.0
-1414.21362 1414.21362 550.0
-1414.21362 1414.21362 575.0
-1414.21362 1414.21362 600.0
-1414.21362 1414.21362 625.0
-1414.21362 1414.21362 650.0
-1414.21362 1414.21362 675.0
-1414.21362 1414.21362 700.0
-1395.70471 1432.48328 0.0
-1395.70471 1432.48328 25.0
-1395.70471 1432.48328 50.0
-1395.70471 1432.48328 75.0
-1395.70471 1432.48328 100.0
-1395.70471 1432.48328 125.0
-1395.70471 1432.48328 150.0
-1395.70471 1432.48328 175.0
-1395.70471 1432.48328 200.0
-1395.70471 1432.48328 225.0
-1395.70471 1432.48328 250.0
-1395.70471 1432.48328 275.0
-1395.70471 1432.48328 300.0
-1395.70471 1432.48328 325.0
-1395.70471 1432.48328 350.0
-1395.70471 1432.48328 375.0
-1395.70471 1432.48328 400.0
-1395.70471 1432.48328 425.0
-1395.70471 1432.48328 450.0
-1395.70471 1432.48328 475.0
-1395.70471 1432.48328 500.0
-1395.70471 1432.48328 525.0
-1395.70471 1432.48328 550.0
-1395.70471 1432.48328 575.0
-1395.70471 1432.48328 600.0
-1395.70471 1432.48328 625.0
-1395.70471 1432.48328 650.0
-1395.70471 1432.48328 675.0
-1395.70471 1432.48328 700.0
-1376.95984 1450.51074 0.0
-1376.95984 1450.51074 25.0
-1376.95984 1450.51074 50.0
-1376.95984 1450.51074 75.0
-1376.95984 1450.51074 100.0
-1376.95984 1450.51074 125.0
-1376.95984 1450.51074 150.0
-1376.95984 1450.51074 175.0
-1376.95984 1450.51074 200.0
-1376.95984 1450.51074 225.0
-1376.95984 1450.51074 250.0
-1376.95984 1450.51074 275.0
-1376.95984 1450.51074 300.0
-1376.95984 1450.51074 325.0
-1376.95984 1450.51074 350.0
-1376.95984 1450.51074 375.0
-1376.95984 1450.51074 400.0
-1376.95984 1450.51074 425.0
-1376.95984 1450.51074 450.0
-1376.95984 1450.51074 475.0
-1376.95984 1450.51074 500.0
-1376.95984 1450.51074 525.0
-1376.95984 1450.51074 550.0
-1376.95984 1450.51074 575.0
-1376.95984 1450.51074 600.0
-1376.95984 1450.51074 625.0
-1376.95984 1450.51074 650.0
-1376.95984 1450.51074 675.0
-1376.95984 1450.51074 700.0
-1357.98218 1468.29297 0.0
-1357.98218 1468.29297 25.0
-1357.98218 1468.29297 50.0
-1357.98218 1468.29297 75.0
-1357.98218 1468.29297 100.0
-1357.98218 1468.29297 125.0
-1357.98218 1468.29297 150.0
-1357.98218 1468.29297 175.0
-1357.98218 1468.29297 200.0
-1357.98218 1468.29297 225.0
-1357.98218 1468.29297 250.0
-1357.98218 1468.29297 275.0
-1357.98218 1468.29297 300.0
-1357.98218 1468.29297 325.0
-1357.98218 1468.29297 350.0
-1357.98218 1468.29297 375.0
-1357.98218 1468.29297 400.0
-1357.98218 1468.29297 425.0
-1357.98218 1468.29297 450.0
-1357.98218 1468.29297 475.0
-1357.98218 1468.29297 500.0
-1357.98218 1468.29297 525.0
-1357.98218 1468.29297 550.0
-1357.98218 1468.29297 575.0
-1357.98218 1468.29297 600.0
-1357.98218 1468.29297 625.0
-1357.98218 1468.29297 650.0
-1357.98218 1468.29297 675.0
-1357.98218 1468.29297 700.0
-1338.7749 1485.8269 0.0
-1338.7749 1485.8269 25.0
-1338.7749 1485.8269 50.0
-1338.7749 1485.8269 75.0
-1338.7749 1485.8269 100.0
-1338.7749 1485.8269 125.0
-1338.7749 1485.8269 150.0
-1338.7749 1485.8269 175.0
-1338.7749 1485.8269 200.0
-1338.7749 1485.8269 225.0
-1338.7749 1485.8269 250.0
-1338.7749 1485.8269 275.0
-1338.7749 1485.8269 300.0
-1338.7749 1485.8269 325.0
-1338.7749 1485.8269 350.0
-1338.7749 1485.8269 375.0
-1338.7749 1485.8269 400.0
-1338.7749 1485.8269 425.0
-1338.7749 1485.8269 450.0
-1338.7749 1485.8269 475.0
-1338.7749 1485.8269 500.0
-1338.7749 1485.8269 525.0
-1338.7749 1485.8269 550.0
-1338.7749 1485.8269 575.0
-1338.7749 1485.8269 600.0
-1338.7749 1485.8269 625.0
-1338.7749 1485.8269 650.0
-1338.7749 1485.8269 675.0
-1338.7749 1485.8269 700.0
-1319.34131 1503.10962 0.0
-1319.34131 1503.10962 25.0
-1319.34131 1503.10962 50.0
-1319.34131 1503.10962 75.0
-1319.34131 1503.10962 100.0
-1319.34131 1503.10962 125.0
-1319.34131 1503.10962 150.0
-1319.34131 1503.10962 175.0
-1319.34131 1503.10962 200.0
-1319.34131 1503.10962 225.0
-1319.34131 1503.10962 250.0
-1319.34131 1503.10962 275.0
-1319.34131 1503.10962 300.0
-1319.34131 1503.10962 325.0
-1319.34131 1503.10962 350.0
-1319.34131 1503.10962 375.0
-1319.34131 1503.10962 400.0
-1319.34131 1503.10962 425.0
-1319.34131 1503.10962 450.0
-1319.34131 1503.10962 475.0
-1319.34131 1503.10962 500.0
-1319.34131 1503.10962 525.0
-1319.34131 1503.10962 550.0
-1319.34131 1503.10962 575.0
-1319.34131 1503.10962 600.0
-1319.34131 1503.10962 625.0
-1319.34131 1503.10962 650.0
-1319.34131 1503.10962 675.0
-1319.34131 1503.10962 700.0
-1299.68457 1520.13818 0.0
-1299.68457 1520.13818 25.0
-1299.68457 1520.13818 50.0
-1299.68457 1520.13818 75.0
-1299.68457 1520.13818 100.0
-1299.68457 1520.13818 125.0
-1299.68457 1520.13818 150.0
-1299.68457 1520.13818 175.0
-1299.68457 1520.13818 200.0
-1299.68457 1520.13818 225.0
-1299.68457 1520.13818 250.0
-1299.68457 1520.13818 275.0
-1299.68457 1520.13818 300.0
-1299.68457 1520.13818 325.0
-1299.68457 1520.13818 350.0
-1299.68457 1520.13818 375.0
-1299.68457 1520.13818 400.0
-1299.68457 1520.13818 425.0
-1299.68457 1520.13818 450.0
-1299.68457 1520.13818 475.0
-1299.68457 1520.13818 500.0
-1299.68457 1520.13818 525.0
-1299.68457 1520.13818 550.0
-1299.68457 1520.13818 575.0
-1299.68457 1520.13818 600.0
-1299.68457 1520.13818 625.0
-1299.68457 1520.13818 650.0
-1299.68457 1520.13818 675.0
-1299.68457 1520.13818 700.0
-1279.80798 1536.90967 0.0
-1279.80798 1536.90967 25.0
-1279.80798 1536.90967 50.0
-1279.80798 1536.90967 75.0
-1279.80798 1536.90967 100.0
-1279.80798 1536.90967 125.0
-1279.80798 1536.90967 150.0
-1279.80798 1536.90967 175.0
-1279.80798 1536.90967 200.0
-1279.80798 1536.90967 225.0
-1279.80798 1536.90967 250.0
-1279.80798 1536.90967 275.0
-1279.80798 1536.90967 300.0
-1279.80798 1536.90967 325.0
-1279.80798 1536.90967 350.0
-1279.80798 1536.90967 375.0
-1279.80798 1536.90967 400.0
-1279.80798 1536.90967 425.0
-1279.80798 1536.90967 450.0
-1279.80798 1536.90967 475.0
-1279.80798 1536.90967 500.0
-1279.80798 1536.90967 525.0
-1279.80798 1536.90967 550.0
-1279.80798 1536.90967 575.0
-1279.80798 1536.90967 600.0
-1279.80798 1536.90967 625.0
-1279.80798 1536.90967 650.0
-1279.80798 1536.90967 675.0
-1279.80798 1536.90967 700.0
-1259.71509 1553.42139 0.0
-1259.71509 1553.42139 25.0
-1259.71509 1553.42139 50.0
-1259.71509 1553.42139 75.0
-1259.71509 1553.42139 100.0
-1259.71509 1553.42139 125.0
-1259.71509 1553.42139 150.0
-1259.71509 1553.42139 175.0
-1259.71509 1553.42139 200.0
-1259.71509 1553.42139 225.0
-1259.71509 1553.42139 250.0
-1259.71509 1553.42139 275.0
-1259.71509 1553.42139 300.0
-1259.71509 1553.42139 325.0
-1259.71509 1553.42139 350.0
-1259.71509 1553.42139 375.0
-1259.71509 1553.42139 400.0
-1259.71509 1553.42139 425.0
-1259.71509 1553.42139 450.0
-1259.71509 1553.42139 475.0
-1259.71509 1553.42139 500.0
-1259.71509 1553.42139 525.0
-1259.71509 1553.42139 550.0
-1259.71509 1553.42139 575.0
-1259.71509 1553.42139 600.0
-1259.71509 1553.42139 625.0
-1259.71509 1553.42139 650.0
-1259.71509 1553.42139 675.0
-1259.71509 1553.42139 700.0
-1239.40918 1569.67029 0.0
-1239.40918 1569.67029 25.0
-1239.40918 1569.67029 50.0
-1239.40918 1569.67029 75.0
-1239.40918 1569.67029 100.0
-1239.40918 1569.67029 125.0
-1239.40918 1569.67029 150.0
-1239.40918 1569.67029 175.0
-1239.40918 1569.67029 200.0
-1239.40918 1569.67029 225.0
-1239.40918 1569.67029 250.0
-1239.40918 1569.67029 275.0
-1239.40918 1569.67029 300.0
-1239.40918 1569.67029 325.0
-1239.40918 1569.67029 350.0
-1239.40918 1569.67029 375.0
-1239.40918 1569.67029 400.0
-1239.40918 1569.67029 425.0
-1239.40918 1569.67029 450.0
-1239.40918 1569.67029 475.0
-1239.40918 1569.67029 500.0
-1239.40918 1569.67029 525.0
-1239.40918 1569.67029 550.0
-1239.40918 1569.67029 575.0
-1239.40918 1569.67029 600.0
-1239.40918 1569.67029 625.0
-1239.40918 1569.67029 650.0
-1239.40918 1569.67029 675.0
-1239.40918 1569.67029 700.0
-1218.89368 1585.65381 0.0
-1218.89368 1585.65381 25.0
-1218.89368 1585.65381 50.0
-1218.89368 1585.65381 75.0
-1218.89368 1585.65381 100.0
-1218.89368 1585.65381 125.0
-1218.89368 1585.65381 150.0
-1218.89368 1585.65381 175.0
-1218.89368 1585.65381 200.0
-1218.89368 1585.65381 225.0
-1218.89368 1585.65381 250.0
-1218.89368 1585.65381 275.0
-1218.89368 1585.65381 300.0
-1218.89368 1585.65381 325.0
-1218.89368 1585.65381 350.0
-1218.89368 1585.65381 375.0
-1218.89368 1585.65381 400.0
-1218.89368 1585.65381 425.0
-1218.89368 1585.65381 450.0
-1218.89368 1585.65381 475.0
-1218.89368 1585.65381 500.0
-1218.89368 1585.65381 525.0
-1218.89368 1585.65381 550.0
-1218.89368 1585.65381 575.0
-1218.89368 1585.65381 600.0
-1218.89368 1585.65381 625.0
-1218.89368 1585.65381 650.0
-1218.89368 1585.65381 675.0
-1218.89368 1585.65381 700.0
-1198.17212 1601.36926 0.0
-1198.17212 1601.36926 25.0
-1198.17212 1601.36926 50.0
-1198.17212 1601.36926 75.0
-1198.17212 1601.36926 100.0
-1198.17212 1601.36926 125.0
-1198.17212 1601.36926 150.0
-1198.17212 1601.36926 175.0
-1198.17212 1601.36926 200.0
-1198.17212 1601.36926 225.0
-1198.17212 1601.36926 250.0
-1198.17212 1601.36926 275.0
-1198.17212 1601.36926 300.0
-1198.17212 1601.36926 325.0
-1198.17212 1601.36926 350.0
-1198.17212 1601.36926 375.0
-1198.17212 1601.36926 400.0
-1198.17212 1601.36926 425.0
-1198.17212 1601.36926 450.0
-1198.17212 1601.36926 475.0
-1198.17212 1601.36926 500.0
-1198.17212 1601.36926 525.0
-1198.17212 1601.36926 550.0
-1198.17212 1601.36926 575.0
-1198.17212 1601.36926 600.0
-1198.17212 1601.36926 625.0
-1198.17212 1601.36926 650.0
-1198.17212 1601.36926 675.0
-1198.17212 1601.36926 700.0
-1177.24792 1616.81396 0.0
-1177.24792 1616.81396 25.0
-1177.24792 1616.81396 50.0
-1177.24792 1616.81396 75.0
-1177.24792 1616.81396 100.0
-1177.24792 1616.81396 125.0
-1177.24792 1616.81396 150.0
-1177.24792 1616.81396 175.0
-1177.24792 1616.81396 200.0
-1177.24792 1616.81396 225.0
-1177.24792 1616.81396 250.0
-1177.24792 1616.81396 275.0
-1177.24792 1616.81396 300.0
-1177.24792 1616.81396 325.0
-1177.24792 1616.81396 350.0
-1177.24792 1616.81396 375.0
-1177.24792 1616.81396 400.0
-1177.24792 1616.81396 425.0
-1177.24792 1616.81396 450.0
-1177.24792 1616.81396 475.0
-1177.24792 1616.81396 500.0
-1177.24792 1616.81396 525.0
-1177.24792 1616.81396 550.0
-1177.24792 1616.81396 575.0
-1177.24792 1616.81396 600.0
-1177.24792 1616.81396 625.0
-1177.24792 1616.81396 650.0
-1177.24792 1616.81396 675.0
-1177.24792 1616.81396 700.0
-1156.12463 1631.98523 0.0
-1156.12463 1631.98523 25.0
-1156.12463 1631.98523 50.0
-1156.12463 1631.98523 75.0
-1156.12463 1631.98523 100.0
-1156.12463 1631.98523 125.0
-1156.12463 1631.98523 150.0
-1156.12463 1631.98523 175.0
-1156.12463 1631.98523 200.0
-1156.12463 1631.98523 225.0
-1156.12463 1631.98523 250.0
-1156.12463 1631.98523 275.0
-1156.12463 1631.98523 300.0
-1156.12463 1631.98523 325.0
-1156.12463 1631.98523 350.0
-1156.12463 1631.98523 375.0
-1156.12463 1631.98523 400.0
-1156.12463 1631.98523 425.0
-1156.12463 1631.98523 450.0
-1156.12463 1631.98523 475.0
-1156.12463 1631.98523 500.0
-1156.12463 1631.98523 525.0
-1156.12463 1631.98523 550.0
-1156.12463 1631.98523 575.0
-1156.12463 1631.98523 600.0
-1156.12463 1631.98523 625.0
-1156.12463 1631.98523 650.0
-1156.12463 1631.98523 675.0
-1156.12463 1631.98523 700.0
-1134.80591 1646.88049 0.0
-1134.80591 1646.88049 25.0
-1134.80591 1646.88049 50.0
-1134.80591 1646.88049 75.0
-1134.80591 1646.88049 100.0
-1134.80591 1646.88049 125.0
-1134.80591 1646.88049 150.0
-1134.80591 1646.88049 175.0
-1134.80591 1646.88049 200.0
-1134.80591 1646.88049 225.0
-1134.80591 1646.88049 250.0
-1134.80591 1646.88049 275.0
-1134.80591 1646.88049 300.0
-1134.80591 1646.88049 325.0
-1134.80591 1646.88049 350.0
-1134.80591 1646.88049 375.0
-1134.80591 1646.88049 400.0
-1134.80591 1646.88049 425.0
-1134.80591 1646.88049 450.0
-1134.80591 1646.88049 475.0
-1134.80591 1646.88049 500.0
-1134.80591 1646.88049 525.0
-1134.80591 1646.88049 550.0
-1134.80591 1646.88049 575.0
-1134.80591 1646.88049 600.0
-1134.80591 1646.88049 625.0
-1134.80591 1646.88049 650.0
-1134.80591 1646.88049 675.0
-1134.80591 1646.88049 700.0
-1113.29529 1661.49744 0.0
-1113.29529 1661.49744 25.0
-1113.29529 1661.49744 50.0
-1113.29529 1661.49744 75.0
-1113.29529 1661.49744 100.0
-1113.29529 1661.49744 125.0
-1113.29529 1661.49744 150.0
-1113.29529 1661.49744 175.0
-1113.29529 1661.49744 200.0
-1113.29529 1661.49744 225.0
-1113.29529 1661.49744 250.0
-1113.29529 1661.49744 275.0
-1113.29529 1661.49744 300.0
-1113.29529 1661.49744 325.0
-1113.29529 1661.49744 350.0
-1113.29529 1661.49744 375.0
-1113.29529 1661.49744 400.0
-1113.29529 1661.49744 425.0
-1113.29529 1661.49744 450.0
-1113.29529 1661.49744 475.0
-1113.29529 1661.49744 500.0
-1113.29529 1661.49744 525.0
-1113.29529 1661.49744 550.0
-1113.29529 1661.49744 575.0
-1113.29529 1661.49744 600.0
-1113.29529 1661.49744 625.0
-1113.29529 1661.49744 650.0
-1113.29529 1661.49744 675.0
-1113.29529 1661.49744 700.0
-1091.59644 1675.83325 0.0
-1091.59644 1675.83325 25.0
-1091.59644 1675.83325 50.0
-1091.59644 1675.83325 75.0
-1091.59644 1675.83325 100.0
-1091.59644 1675.83325 125.0
-1091.59644 1675.83325 150.0
-1091.59644 1675.83325 175.0
-1091.59644 1675.83325 200.0
-1091.59644 1675.83325 225.0
-1091.59644 1675.83325 250.0
-1091.59644 1675.83325 275.0
-1091.59644 1675.83325 300.0
-1091.59644 1675.83325 325.0
-1091.59644 1675.83325 350.0
-1091.59644 1675.83325 375.0
-1091.59644 1675.83325 400.0
-1091.59644 1675.83325 425.0
-1091.59644 1675.83325 450.0
-1091.59644 1675.83325 475.0
-1091.59644 1675.83325 500.0
-1091.59644 1675.83325 525.0
-1091.59644 1675.83325 550.0
-1091.59644 1675.83325 575.0
-1091.59644 1675.83325 600.0
-1091.59644 1675.83325 625.0
-1091.59644 1675.83325 650.0
-1091.59644 1675.83325 675.0
-1091.59644 1675.83325 700.0
-1068.94897 1690.36926 0.0
-1068.94897 1690.36926 25.0
-1068.94897 1690.36926 50.0
-1068.94897 1690.36926 75.0
-1068.94897 1690.36926 100.0
-1068.94897 1690.36926 125.0
-1068.94897 1690.36926 150.0
-1068.94897 1690.36926 175.0
-1068.94897 1690.36926 200.0
-1068.94897 1690.36926 225.0
-1068.94897 1690.36926 250.0
-1068.94897 1690.36926 275.0
-1068.94897 1690.36926 300.0
-1068.94897 1690.36926 325.0
-1068.94897 1690.36926 350.0
-1068.94897 1690.36926 375.0
-1068.94897 1690.36926 400.0
-1068.94897 1690.36926 425.0
-1068.94897 1690.36926 450.0
-1068.94897 1690.36926 475.0
-1068.94897 1690.36926 500.0
-1068.94897 1690.36926 525.0
-1068.94897 1690.36926 550.0
-1068.94897 1690.36926 575.0
-1068.94897 1690.36926 600.0
-1068.94897 1690.36926 625.0
-1068.94897 1690.36926 650.0
-1068.94897 1690.36926 675.0
-1068.94897 1690.36926 700.0
-1046.10791 1704.59912 0.0
-1046.10791 1704.59912 25.0
-1046.10791 1704.59912 50.0
-1046.10791 1704.59912 75.0
-1046.10791 1704.59912 100.0
-1046.10791 1704.59912 125.0
-1046.10791 1704.59912 150.0
-1046.10791 1704.59912 175.0
-1046.10791 1704.59912 200.0
-1046.10791 1704.59912 225.0
-1046.10791 1704.59912 250.0
-1046.10791 1704.59912 275.0
-1046.10791 1704.59912 300.0
-1046.10791 1704.59912 325.0
-1046.10791 1704.59912 350.0
-1046.10791 1704.59912 375.0
-1046.10791 1704.59912 400.0
-1046.10791 1704.59912 425.0
-1046.10791 1704.59912 450.0
-1046.10791 1704.59912 475.0
-1046.10791 1704.59912 500.0
-1046.10791 1704.59912 525.0
-1046.10791 1704.59912 550.0
-1046.10791 1704.59912 575.0
-1046.10791 1704.59912 600.0
-1046.10791 1704.59912 625.0
-1046.10791 1704.59912 650.0
-1046.10791 1704.59912 675.0
-1046.10791 1704.59912 700.0
-1023.07751 1718.52039 0.0
-1023.07751 1718.52039 25.0
-1023.07751 1718.52039 50.0
-1023.07751 1718.52039 75.0
-1023.07751 1718.52039 100.0
-1023.07751 1718.52039 125.0
-1023.07751 1718.52039 150.0
-1023.07751 1718.52039 175.0
-1023.07751 1718.52039 200.0
-1023.07751 1718.52039 225.0
-1023.07751 1718.52039 250.0
-1023.07751 1718.52039 275.0
-1023.07751 1718.52039 300.0
-1023.07751 1718.52039 325.0
-1023.07751 1718.52039 350.0
-1023.07751 1718.52039 375.0
-1023.07751 1718.52039 400.0
-1023.07751 1718.52039 425.0
-1023.07751 1718.52039 450.0
-1023.07751 1718.52039 475.0
-1023.07751 1718.52039 500.0
-1023.07751 1718.52039 525.0
-1023.07751 1718.52039 550.0
-1023.07751 1718.52039 575.0
-1023.07751 1718.52039 600.0
-1023.07751 1718.52039 625.0
-1023.07751 1718.52039 650.0
-1023.07751 1718.52039 675.0
-1023.07751 1718.52039 700.0
-999.861877 1732.13049 0.0
-999.861877 1732.13049 25.0
-999.861877 1732.13049 50.0
-999.861877 1732.13049 75.0
-999.861877 1732.13049 100.0
-999.861877 1732.13049 125.0
-999.861877 1732.13049 150.0
-999.861877 1732.13049 175.0
-999.861877 1732.13049 200.0
-999.861877 1732.13049 225.0
-999.861877 1732.13049 250.0
-999.861877 1732.13049 275.0
-999.861877 1732.13049 300.0
-999.861877 1732.13049 325.0
-999.861877 1732.13049 350.0
-999.861877 1732.13049 375.0
-999.861877 1732.13049 400.0
-999.861877 1732.13049 425.0
-999.861877 1732.13049 450.0
-999.861877 1732.13049 475.0
-999.861877 1732.13049 500.0
-999.861877 1732.13049 525.0
-999.861877 1732.13049 550.0
-999.861877 1732.13049 575.0
-999.861877 1732.13049 600.0
-999.861877 1732.13049 625.0
-999.861877 1732.13049 650.0
-999.861877 1732.13049 675.0
-999.861877 1732.13049 700.0
-976.46521 1745.42712 0.0
-976.46521 1745.42712 25.0
-976.46521 1745.42712 50.0
-976.46521 1745.42712 75.0
-976.46521 1745.42712 100.0
-976.46521 1745.42712 125.0
-976.46521 1745.42712 150.0
-976.46521 1745.42712 175.0
-976.46521 1745.42712 200.0
-976.46521 1745.42712 225.0
-976.46521 1745.42712 250.0
-976.46521 1745.42712 275.0
-976.46521 1745.42712 300.0
-976.46521 1745.42712 325.0
-976.46521 1745.42712 350.0
-976.46521 1745.42712 375.0
-976.46521 1745.42712 400.0
-976.46521 1745.42712 425.0
-976.46521 1745.42712 450.0
-976.46521 1745.42712 475.0
-976.46521 1745.42712 500.0
-976.46521 1745.42712 525.0
-976.46521 1745.42712 550.0
-976.46521 1745.42712 575.0
-976.46521 1745.42712 600.0
-976.46521 1745.42712 625.0
-976.46521 1745.42712 650.0
-976.46521 1745.42712 675.0
-976.46521 1745.42712 700.0
-952.891785 1758.40759 0.0
-952.891785 1758.40759 25.0
-952.891785 1758.40759 50.0
-952.891785 1758.40759 75.0
-952.891785 1758.40759 100.0
-952.891785 1758.40759 125.0
-952.891785 1758.40759 150.0
-952.891785 1758.40759 175.0
-952.891785 1758.40759 200.0
-952.891785 1758.40759 225.0
-952.891785 1758.40759 250.0
-952.891785 1758.40759 275.0
-952.891785 1758.40759 300.0
-952.891785 1758.40759 325.0
-952.891785 1758.40759 350.0
-952.891785 1758.40759 375.0
-952.891785 1758.40759 400.0
-952.891785 1758.40759 425.0
-952.891785 1758.40759 450.0
-952.891785 1758.40759 475.0
-952.891785 1758.40759 500.0
-952.891785 1758.40759 525.0
-952.891785 1758.40759 550.0
-952.891785 1758.40759 575.0
-952.891785 1758.40759 600.0
-952.891785 1758.40759 625.0
-952.891785 1758.40759 650.0
-952.891785 1758.40759 675.0
-952.891785 1758.40759 700.0
-929.145813 1771.0697 0.0
-929.145813 1771.0697 25.0
-929.145813 1771.0697 50.0
-929.145813 1771.0697 75.0
-929.145813 1771.0697 100.0
-929.145813 1771.0697 125.0
-929.145813 1771.0697 150.0
-929.145813 1771.0697 175.0
-929.145813 1771.0697 200.0
-929.145813 1771.0697 225.0
-929.145813 1771.0697 250.0
-929.145813 1771.0697 275.0
-929.145813 1771.0697 300.0
-929.145813 1771.0697 325.0
-929.145813 1771.0697 350.0
-929.145813 1771.0697 375.0
-929.145813 1771.0697 400.0
-929.145813 1771.0697 425.0
-929.145813 1771.0697 450.0
-929.145813 1771.0697 475.0
-929.145813 1771.0697 500.0
-929.145813 1771.0697 525.0
-929.145813 1771.0697 550.0
-929.145813 1771.0697 575.0
-929.145813 1771.0697 600.0
-929.145813 1771.0697 625.0
-929.145813 1771.0697 650.0
-929.145813 1771.0697 675.0
-929.145813 1771.0697 700.0
-905.231628 1783.41125 0.0
-905.231628 1783.41125 25.0
-905.231628 1783.41125 50.0
-905.231628 1783.41125 75.0
-905.231628 1783.41125 100.0
-905.231628 1783.41125 125.0
-905.231628 1783.41125 150.0
-905.231628 1783.41125 175.0
-905.231628 1783.41125 200.0
-905.231628 1783.41125 225.0
-905.231628 1783.41125 250.0
-905.231628 1783.41125 275.0
-905.231628 1783.41125 300.0
-905.231628 1783.41125 325.0
-905.231628 1783.41125 350.0
-905.231628 1783.41125 375.0
-905.231628 1783.41125 400.0
-905.231628 1783.41125 425.0
-905.231628 1783.41125 450.0
-905.231628 1783.41125 475.0
-905.231628 1783.41125 500.0
-905.231628 1783.41125 525.0
-905.231628 1783.41125 550.0
-905.231628 1783.41125 575.0
-905.231628 1783.41125 600.0
-905.231628 1783.41125 625.0
-905.231628 1783.41125 650.0
-905.231628 1783.41125 675.0
-905.231628 1783.41125 700.0
-881.153503 1795.42993 0.0
-881.153503 1795.42993 25.0
-881.153503 1795.42993 50.0
-881.153503 1795.42993 75.0
-881.153503 1795.42993 100.0
-881.153503 1795.42993 125.0
-881.153503 1795.42993 150.0
-881.153503 1795.42993 175.0
-881.153503 1795.42993 200.0
-881.153503 1795.42993 225.0
-881.153503 1795.42993 250.0
-881.153503 1795.42993 275.0
-881.153503 1795.42993 300.0
-881.153503 1795.42993 325.0
-881.153503 1795.42993 350.0
-881.153503 1795.42993 375.0
-881.153503 1795.42993 400.0
-881.153503 1795.42993 425.0
-881.153503 1795.42993 450.0
-881.153503 1795.42993 475.0
-881.153503 1795.42993 500.0
-881.153503 1795.42993 525.0
-881.153503 1795.42993 550.0
-881.153503 1795.42993 575.0
-881.153503 1795.42993 600.0
-881.153503 1795.42993 625.0
-881.153503 1795.42993 650.0
-881.153503 1795.42993 675.0
-881.153503 1795.42993 700.0
-856.915894 1807.12341 0.0
-856.915894 1807.12341 25.0
-856.915894 1807.12341 50.0
-856.915894 1807.12341 75.0
-856.915894 1807.12341 100.0
-856.915894 1807.12341 125.0
-856.915894 1807.12341 150.0
-856.915894 1807.12341 175.0
-856.915894 1807.12341 200.0
-856.915894 1807.12341 225.0
-856.915894 1807.12341 250.0
-856.915894 1807.12341 275.0
-856.915894 1807.12341 300.0
-856.915894 1807.12341 325.0
-856.915894 1807.12341 350.0
-856.915894 1807.12341 375.0
-856.915894 1807.12341 400.0
-856.915894 1807.12341 425.0
-856.915894 1807.12341 450.0
-856.915894 1807.12341 475.0
-856.915894 1807.12341 500.0
-856.915894 1807.12341 525.0
-856.915894 1807.12341 550.0
-856.915894 1807.12341 575.0
-856.915894 1807.12341 600.0
-856.915894 1807.12341 625.0
-856.915894 1807.12341 650.0
-856.915894 1807.12341 675.0
-856.915894 1807.12341 700.0
-832.523132 1818.48987 0.0
-832.523132 1818.48987 25.0
-832.523132 1818.48987 50.0
-832.523132 1818.48987 75.0
-832.523132 1818.48987 100.0
-832.523132 1818.48987 125.0
-832.523132 1818.48987 150.0
-832.523132 1818.48987 175.0
-832.523132 1818.48987 200.0
-832.523132 1818.48987 225.0
-832.523132 1818.48987 250.0
-832.523132 1818.48987 275.0
-832.523132 1818.48987 300.0
-832.523132 1818.48987 325.0
-832.523132 1818.48987 350.0
-832.523132 1818.48987 375.0
-832.523132 1818.48987 400.0
-832.523132 1818.48987 425.0
-832.523132 1818.48987 450.0
-832.523132 1818.48987 475.0
-832.523132 1818.48987 500.0
-832.523132 1818.48987 525.0
-832.523132 1818.48987 550.0
-832.523132 1818.48987 575.0
-832.523132 1818.48987 600.0
-832.523132 1818.48987 625.0
-832.523132 1818.48987 650.0
-832.523132 1818.48987 675.0
-832.523132 1818.48987 700.0
-807.979675 1829.52698 0.0
-807.979675 1829.52698 25.0
-807.979675 1829.52698 50.0
-807.979675 1829.52698 75.0
-807.979675 1829.52698 100.0
-807.979675 1829.52698 125.0
-807.979675 1829.52698 150.0
-807.979675 1829.52698 175.0
-807.979675 1829.52698 200.0
-807.979675 1829.52698 225.0
-807.979675 1829.52698 250.0
-807.979675 1829.52698 275.0
-807.979675 1829.52698 300.0
-807.979675 1829.52698 325.0
-807.979675 1829.52698 350.0
-807.979675 1829.52698 375.0
-807.979675 1829.52698 400.0
-807.979675 1829.52698 425.0
-807.979675 1829.52698 450.0
-807.979675 1829.52698 475.0
-807.979675 1829.52698 500.0
-807.979675 1829.52698 525.0
-807.979675 1829.52698 550.0
-807.979675 1829.52698 575.0
-807.979675 1829.52698 600.0
-807.979675 1829.52698 625.0
-807.979675 1829.52698 650.0
-807.979675 1829.52698 675.0
-807.979675 1829.52698 700.0
-783.289856 1840.23291 0.0
-783.289856 1840.23291 25.0
-783.289856 1840.23291 50.0
-783.289856 1840.23291 75.0
-783.289856 1840.23291 100.0
-783.289856 1840.23291 125.0
-783.289856 1840.23291 150.0
-783.289856 1840.23291 175.0
-783.289856 1840.23291 200.0
-783.289856 1840.23291 225.0
-783.289856 1840.23291 250.0
-783.289856 1840.23291 275.0
-783.289856 1840.23291 300.0
-783.289856 1840.23291 325.0
-783.289856 1840.23291 350.0
-783.289856 1840.23291 375.0
-783.289856 1840.23291 400.0
-783.289856 1840.23291 425.0
-783.289856 1840.23291 450.0
-783.289856 1840.23291 475.0
-783.289856 1840.23291 500.0
-783.289856 1840.23291 525.0
-783.289856 1840.23291 550.0
-783.289856 1840.23291 575.0
-783.289856 1840.23291 600.0
-783.289856 1840.23291 625.0
-783.289856 1840.23291 650.0
-783.289856 1840.23291 675.0
-783.289856 1840.23291 700.0
-758.458252 1850.60559 0.0
-758.458252 1850.60559 25.0
-758.458252 1850.60559 50.0
-758.458252 1850.60559 75.0
-758.458252 1850.60559 100.0
-758.458252 1850.60559 125.0
-758.458252 1850.60559 150.0
-758.458252 1850.60559 175.0
-758.458252 1850.60559 200.0
-758.458252 1850.60559 225.0
-758.458252 1850.60559 250.0
-758.458252 1850.60559 275.0
-758.458252 1850.60559 300.0
-758.458252 1850.60559 325.0
-758.458252 1850.60559 350.0
-758.458252 1850.60559 375.0
-758.458252 1850.60559 400.0
-758.458252 1850.60559 425.0
-758.458252 1850.60559 450.0
-758.458252 1850.60559 475.0
-758.458252 1850.60559 500.0
-758.458252 1850.60559 525.0
-758.458252 1850.60559 550.0
-758.458252 1850.60559 575.0
-758.458252 1850.60559 600.0
-758.458252 1850.60559 625.0
-758.458252 1850.60559 650.0
-758.458252 1850.60559 675.0
-758.458252 1850.60559 700.0
-736.621887 1859.4054 0.0
-736.621887 1859.4054 25.0
-736.621887 1859.4054 50.0
-736.621887 1859.4054 75.0
-736.621887 1859.4054 100.0
-736.621887 1859.4054 125.0
-736.621887 1859.4054 150.0
-736.621887 1859.4054 175.0
-736.621887 1859.4054 200.0
-736.621887 1859.4054 225.0
-736.621887 1859.4054 250.0
-736.621887 1859.4054 275.0
-736.621887 1859.4054 300.0
-736.621887 1859.4054 325.0
-736.621887 1859.4054 350.0
-736.621887 1859.4054 375.0
-736.621887 1859.4054 400.0
-736.621887 1859.4054 425.0
-736.621887 1859.4054 450.0
-736.621887 1859.4054 475.0
-736.621887 1859.4054 500.0
-736.621887 1859.4054 525.0
-736.621887 1859.4054 550.0
-736.621887 1859.4054 575.0
-736.621887 1859.4054 600.0
-736.621887 1859.4054 625.0
-736.621887 1859.4054 650.0
-736.621887 1859.4054 675.0
-736.621887 1859.4054 700.0
-714.683411 1867.94739 0.0
-714.683411 1867.94739 25.0
-714.683411 1867.94739 50.0
-714.683411 1867.94739 75.0
-714.683411 1867.94739 100.0
-714.683411 1867.94739 125.0
-714.683411 1867.94739 150.0
-714.683411 1867.94739 175.0
-714.683411 1867.94739 200.0
-714.683411 1867.94739 225.0
-714.683411 1867.94739 250.0
-714.683411 1867.94739 275.0
-714.683411 1867.94739 300.0
-714.683411 1867.94739 325.0
-714.683411 1867.94739 350.0
-714.683411 1867.94739 375.0
-714.683411 1867.94739 400.0
-714.683411 1867.94739 425.0
-714.683411 1867.94739 450.0
-714.683411 1867.94739 475.0
-714.683411 1867.94739 500.0
-714.683411 1867.94739 525.0
-714.683411 1867.94739 550.0
-714.683411 1867.94739 575.0
-714.683411 1867.94739 600.0
-714.683411 1867.94739 625.0
-714.683411 1867.94739 650.0
-714.683411 1867.94739 675.0
-714.683411 1867.94739 700.0
-692.645935 1876.23071 0.0
-692.645935 1876.23071 25.0
-692.645935 1876.23071 50.0
-692.645935 1876.23071 75.0
-692.645935 1876.23071 100.0
-692.645935 1876.23071 125.0
-692.645935 1876.23071 150.0
-692.645935 1876.23071 175.0
-692.645935 1876.23071 200.0
-692.645935 1876.23071 225.0
-692.645935 1876.23071 250.0
-692.645935 1876.23071 275.0
-692.645935 1876.23071 300.0
-692.645935 1876.23071 325.0
-692.645935 1876.23071 350.0
-692.645935 1876.23071 375.0
-692.645935 1876.23071 400.0
-692.645935 1876.23071 425.0
-692.645935 1876.23071 450.0
-692.645935 1876.23071 475.0
-692.645935 1876.23071 500.0
-692.645935 1876.23071 525.0
-692.645935 1876.23071 550.0
-692.645935 1876.23071 575.0
-692.645935 1876.23071 600.0
-692.645935 1876.23071 625.0
-692.645935 1876.23071 650.0
-692.645935 1876.23071 675.0
-692.645935 1876.23071 700.0
-670.512451 1884.25403 0.0
-670.512451 1884.25403 25.0
-670.512451 1884.25403 50.0
-670.512451 1884.25403 75.0
-670.512451 1884.25403 100.0
-670.512451 1884.25403 125.0
-670.512451 1884.25403 150.0
-670.512451 1884.25403 175.0
-670.512451 1884.25403 200.0
-670.512451 1884.25403 225.0
-670.512451 1884.25403 250.0
-670.512451 1884.25403 275.0
-670.512451 1884.25403 300.0
-670.512451 1884.25403 325.0
-670.512451 1884.25403 350.0
-670.512451 1884.25403 375.0
-670.512451 1884.25403 400.0
-670.512451 1884.25403 425.0
-670.512451 1884.25403 450.0
-670.512451 1884.25403 475.0
-670.512451 1884.25403 500.0
-670.512451 1884.25403 525.0
-670.512451 1884.25403 550.0
-670.512451 1884.25403 575.0
-670.512451 1884.25403 600.0
-670.512451 1884.25403 625.0
-670.512451 1884.25403 650.0
-670.512451 1884.25403 675.0
-670.512451 1884.25403 700.0
-648.286072 1892.01611 0.0
-648.286072 1892.01611 25.0
-648.286072 1892.01611 50.0
-648.286072 1892.01611 75.0
-648.286072 1892.01611 100.0
-648.286072 1892.01611 125.0
-648.286072 1892.01611 150.0
-648.286072 1892.01611 175.0
-648.286072 1892.01611 200.0
-648.286072 1892.01611 225.0
-648.286072 1892.01611 250.0
-648.286072 1892.01611 275.0
-648.286072 1892.01611 300.0
-648.286072 1892.01611 325.0
-648.286072 1892.01611 350.0
-648.286072 1892.01611 375.0
-648.286072 1892.01611 400.0
-648.286072 1892.01611 425.0
-648.286072 1892.01611 450.0
-648.286072 1892.01611 475.0
-648.286072 1892.01611 500.0
-648.286072 1892.01611 525.0
-648.286072 1892.01611 550.0
-648.286072 1892.01611 575.0
-648.286072 1892.01611 600.0
-648.286072 1892.01611 625.0
-648.286072 1892.01611 650.0
-648.286072 1892.01611 675.0
-648.286072 1892.01611 700.0
-625.969849 1899.51624 0.0
-625.969849 1899.51624 25.0
-625.969849 1899.51624 50.0
-625.969849 1899.51624 75.0
-625.969849 1899.51624 100.0
-625.969849 1899.51624 125.0
-625.969849 1899.51624 150.0
-625.969849 1899.51624 175.0
-625.969849 1899.51624 200.0
-625.969849 1899.51624 225.0
-625.969849 1899.51624 250.0
-625.969849 1899.51624 275.0
-625.969849 1899.51624 300.0
-625.969849 1899.51624 325.0
-625.969849 1899.51624 350.0
-625.969849 1899.51624 375.0
-625.969849 1899.51624 400.0
-625.969849 1899.51624 425.0
-625.969849 1899.51624 450.0
-625.969849 1899.51624 475.0
-625.969849 1899.51624 500.0
-625.969849 1899.51624 525.0
-625.969849 1899.51624 550.0
-625.969849 1899.51624 575.0
-625.969849 1899.51624 600.0
-625.969849 1899.51624 625.0
-625.969849 1899.51624 650.0
-625.969849 1899.51624 675.0
-625.969849 1899.51624 700.0
-603.566895 1906.75305 0.0
-603.566895 1906.75305 25.0
-603.566895 1906.75305 50.0
-603.566895 1906.75305 75.0
-603.566895 1906.75305 100.0
-603.566895 1906.75305 125.0
-603.566895 1906.75305 150.0
-603.566895 1906.75305 175.0
-603.566895 1906.75305 200.0
-603.566895 1906.75305 225.0
-603.566895 1906.75305 250.0
-603.566895 1906.75305 275.0
-603.566895 1906.75305 300.0
-603.566895 1906.75305 325.0
-603.566895 1906.75305 350.0
-603.566895 1906.75305 375.0
-603.566895 1906.75305 400.0
-603.566895 1906.75305 425.0
-603.566895 1906.75305 450.0
-603.566895 1906.75305 475.0
-603.566895 1906.75305 500.0
-603.566895 1906.75305 525.0
-603.566895 1906.75305 550.0
-603.566895 1906.75305 575.0
-603.566895 1906.75305 600.0
-603.566895 1906.75305 625.0
-603.566895 1906.75305 650.0
-603.566895 1906.75305 675.0
-603.566895 1906.75305 700.0
-581.080322 1913.72559 0.0
-581.080322 1913.72559 25.0
-581.080322 1913.72559 50.0
-581.080322 1913.72559 75.0
-581.080322 1913.72559 100.0
-581.080322 1913.72559 125.0
-581.080322 1913.72559 150.0
-581.080322 1913.72559 175.0
-581.080322 1913.72559 200.0
-581.080322 1913.72559 225.0
-581.080322 1913.72559 250.0
-581.080322 1913.72559 275.0
-581.080322 1913.72559 300.0
-581.080322 1913.72559 325.0
-581.080322 1913.72559 350.0
-581.080322 1913.72559 375.0
-581.080322 1913.72559 400.0
-581.080322 1913.72559 425.0
-581.080322 1913.72559 450.0
-581.080322 1913.72559 475.0
-581.080322 1913.72559 500.0
-581.080322 1913.72559 525.0
-581.080322 1913.72559 550.0
-581.080322 1913.72559 575.0
-581.080322 1913.72559 600.0
-581.080322 1913.72559 625.0
-581.080322 1913.72559 650.0
-581.080322 1913.72559 675.0
-581.080322 1913.72559 700.0
-558.513245 1920.43298 0.0
-558.513245 1920.43298 25.0
-558.513245 1920.43298 50.0
-558.513245 1920.43298 75.0
-558.513245 1920.43298 100.0
-558.513245 1920.43298 125.0
-558.513245 1920.43298 150.0
-558.513245 1920.43298 175.0
-558.513245 1920.43298 200.0
-558.513245 1920.43298 225.0
-558.513245 1920.43298 250.0
-558.513245 1920.43298 275.0
-558.513245 1920.43298 300.0
-558.513245 1920.43298 325.0
-558.513245 1920.43298 350.0
-558.513245 1920.43298 375.0
-558.513245 1920.43298 400.0
-558.513245 1920.43298 425.0
-558.513245 1920.43298 450.0
-558.513245 1920.43298 475.0
-558.513245 1920.43298 500.0
-558.513245 1920.43298 525.0
-558.513245 1920.43298 550.0
-558.513245 1920.43298 575.0
-558.513245 1920.43298 600.0
-558.513245 1920.43298 625.0
-558.513245 1920.43298 650.0
-558.513245 1920.43298 675.0
-558.513245 1920.43298 700.0
-535.868713 1926.87439 0.0
-535.868713 1926.87439 25.0
-535.868713 1926.87439 50.0
-535.868713 1926.87439 75.0
-535.868713 1926.87439 100.0
-535.868713 1926.87439 125.0
-535.868713 1926.87439 150.0
-535.868713 1926.87439 175.0
-535.868713 1926.87439 200.0
-535.868713 1926.87439 225.0
-535.868713 1926.87439 250.0
-535.868713 1926.87439 275.0
-535.868713 1926.87439 300.0
-535.868713 1926.87439 325.0
-535.868713 1926.87439 350.0
-535.868713 1926.87439 375.0
-535.868713 1926.87439 400.0
-535.868713 1926.87439 425.0
-535.868713 1926.87439 450.0
-535.868713 1926.87439 475.0
-535.868713 1926.87439 500.0
-535.868713 1926.87439 525.0
-535.868713 1926.87439 550.0
-535.868713 1926.87439 575.0
-535.868713 1926.87439 600.0
-535.868713 1926.87439 625.0
-535.868713 1926.87439 650.0
-535.868713 1926.87439 675.0
-535.868713 1926.87439 700.0
-513.149963 1933.04871 0.0
-513.149963 1933.04871 25.0
-513.149963 1933.04871 50.0
-513.149963 1933.04871 75.0
-513.149963 1933.04871 100.0
-513.149963 1933.04871 125.0
-513.149963 1933.04871 150.0
-513.149963 1933.04871 175.0
-513.149963 1933.04871 200.0
-513.149963 1933.04871 225.0
-513.149963 1933.04871 250.0
-513.149963 1933.04871 275.0
-513.149963 1933.04871 300.0
-513.149963 1933.04871 325.0
-513.149963 1933.04871 350.0
-513.149963 1933.04871 375.0
-513.149963 1933.04871 400.0
-513.149963 1933.04871 425.0
-513.149963 1933.04871 450.0
-513.149963 1933.04871 475.0
-513.149963 1933.04871 500.0
-513.149963 1933.04871 525.0
-513.149963 1933.04871 550.0
-513.149963 1933.04871 575.0
-513.149963 1933.04871 600.0
-513.149963 1933.04871 625.0
-513.149963 1933.04871 650.0
-513.149963 1933.04871 675.0
-513.149963 1933.04871 700.0
-490.360138 1938.95508 0.0
-490.360138 1938.95508 25.0
-490.360138 1938.95508 50.0
-490.360138 1938.95508 75.0
-490.360138 1938.95508 100.0
-490.360138 1938.95508 125.0
-490.360138 1938.95508 150.0
-490.360138 1938.95508 175.0
-490.360138 1938.95508 200.0
-490.360138 1938.95508 225.0
-490.360138 1938.95508 250.0
-490.360138 1938.95508 275.0
-490.360138 1938.95508 300.0
-490.360138 1938.95508 325.0
-490.360138 1938.95508 350.0
-490.360138 1938.95508 375.0
-490.360138 1938.95508 400.0
-490.360138 1938.95508 425.0
-490.360138 1938.95508 450.0
-490.360138 1938.95508 475.0
-490.360138 1938.95508 500.0
-490.360138 1938.95508 525.0
-490.360138 1938.95508 550.0
-490.360138 1938.95508 575.0
-490.360138 1938.95508 600.0
-490.360138 1938.95508 625.0
-490.360138 1938.95508 650.0
-490.360138 1938.95508 675.0
-490.360138 1938.95508 700.0
-467.50235 1944.5929 0.0
-467.50235 1944.5929 25.0
-467.50235 1944.5929 50.0
-467.50235 1944.5929 75.0
-467.50235 1944.5929 100.0
-467.50235 1944.5929 125.0
-467.50235 1944.5929 150.0
-467.50235 1944.5929 175.0
-467.50235 1944.5929 200.0
-467.50235 1944.5929 225.0
-467.50235 1944.5929 250.0
-467.50235 1944.5929 275.0
-467.50235 1944.5929 300.0
-467.50235 1944.5929 325.0
-467.50235 1944.5929 350.0
-467.50235 1944.5929 375.0
-467.50235 1944.5929 400.0
-467.50235 1944.5929 425.0
-467.50235 1944.5929 450.0
-467.50235 1944.5929 475.0
-467.50235 1944.5929 500.0
-467.50235 1944.5929 525.0
-467.50235 1944.5929 550.0
-467.50235 1944.5929 575.0
-467.50235 1944.5929 600.0
-467.50235 1944.5929 625.0
-467.50235 1944.5929 650.0
-467.50235 1944.5929 675.0
-467.50235 1944.5929 700.0
-444.579773 1949.96118 0.0
-444.579773 1949.96118 25.0
-444.579773 1949.96118 50.0
-444.579773 1949.96118 75.0
-444.579773 1949.96118 100.0
-444.579773 1949.96118 125.0
-444.579773 1949.96118 150.0
-444.579773 1949.96118 175.0
-444.579773 1949.96118 200.0
-444.579773 1949.96118 225.0
-444.579773 1949.96118 250.0
-444.579773 1949.96118 275.0
-444.579773 1949.96118 300.0
-444.579773 1949.96118 325.0
-444.579773 1949.96118 350.0
-444.579773 1949.96118 375.0
-444.579773 1949.96118 400.0
-444.579773 1949.96118 425.0
-444.579773 1949.96118 450.0
-444.579773 1949.96118 475.0
-444.579773 1949.96118 500.0
-444.579773 1949.96118 525.0
-444.579773 1949.96118 550.0
-444.579773 1949.96118 575.0
-444.579773 1949.96118 600.0
-444.579773 1949.96118 625.0
-444.579773 1949.96118 650.0
-444.579773 1949.96118 675.0
-444.579773 1949.96118 700.0
-421.595581 1955.05933 0.0
-421.595581 1955.05933 25.0
-421.595581 1955.05933 50.0
-421.595581 1955.05933 75.0
-421.595581 1955.05933 100.0
-421.595581 1955.05933 125.0
-421.595581 1955.05933 150.0
-421.595581 1955.05933 175.0
-421.595581 1955.05933 200.0
-421.595581 1955.05933 225.0
-421.595581 1955.05933 250.0
-421.595581 1955.05933 275.0
-421.595581 1955.05933 300.0
-421.595581 1955.05933 325.0
-421.595581 1955.05933 350.0
-421.595581 1955.05933 375.0
-421.595581 1955.05933 400.0
-421.595581 1955.05933 425.0
-421.595581 1955.05933 450.0
-421.595581 1955.05933 475.0
-421.595581 1955.05933 500.0
-421.595581 1955.05933 525.0
-421.595581 1955.05933 550.0
-421.595581 1955.05933 575.0
-421.595581 1955.05933 600.0
-421.595581 1955.05933 625.0
-421.595581 1955.05933 650.0
-421.595581 1955.05933 675.0
-421.595581 1955.05933 700.0
-398.552979 1959.8866 0.0
-398.552979 1959.8866 25.0
-398.552979 1959.8866 50.0
-398.552979 1959.8866 75.0
-398.552979 1959.8866 100.0
-398.552979 1959.8866 125.0
-398.552979 1959.8866 150.0
-398.552979 1959.8866 175.0
-398.552979 1959.8866 200.0
-398.552979 1959.8866 225.0
-398.552979 1959.8866 250.0
-398.552979 1959.8866 275.0
-398.552979 1959.8866 300.0
-398.552979 1959.8866 325.0
-398.552979 1959.8866 350.0
-398.552979 1959.8866 375.0
-398.552979 1959.8866 400.0
-398.552979 1959.8866 425.0
-398.552979 1959.8866 450.0
-398.552979 1959.8866 475.0
-398.552979 1959.8866 500.0
-398.552979 1959.8866 525.0
-398.552979 1959.8866 550.0
-398.552979 1959.8866 575.0
-398.552979 1959.8866 600.0
-398.552979 1959.8866 625.0
-398.552979 1959.8866 650.0
-398.552979 1959.8866 675.0
-398.552979 1959.8866 700.0
-373.947815 1964.72974 0.0
-373.947815 1964.72974 25.0
-373.947815 1964.72974 50.0
-373.947815 1964.72974 75.0
-373.947815 1964.72974 100.0
-373.947815 1964.72974 125.0
-373.947815 1964.72974 150.0
-373.947815 1964.72974 175.0
-373.947815 1964.72974 200.0
-373.947815 1964.72974 225.0
-373.947815 1964.72974 250.0
-373.947815 1964.72974 275.0
-373.947815 1964.72974 300.0
-373.947815 1964.72974 325.0
-373.947815 1964.72974 350.0
-373.947815 1964.72974 375.0
-373.947815 1964.72974 400.0
-373.947815 1964.72974 425.0
-373.947815 1964.72974 450.0
-373.947815 1964.72974 475.0
-373.947815 1964.72974 500.0
-373.947815 1964.72974 525.0
-373.947815 1964.72974 550.0
-373.947815 1964.72974 575.0
-373.947815 1964.72974 600.0
-373.947815 1964.72974 625.0
-373.947815 1964.72974 650.0
-373.947815 1964.72974 675.0
-373.947815 1964.72974 700.0
-349.283875 1969.26404 0.0
-349.283875 1969.26404 25.0
-349.283875 1969.26404 50.0
-349.283875 1969.26404 75.0
-349.283875 1969.26404 100.0
-349.283875 1969.26404 125.0
-349.283875 1969.26404 150.0
-349.283875 1969.26404 175.0
-349.283875 1969.26404 200.0
-349.283875 1969.26404 225.0
-349.283875 1969.26404 250.0
-349.283875 1969.26404 275.0
-349.283875 1969.26404 300.0
-349.283875 1969.26404 325.0
-349.283875 1969.26404 350.0
-349.283875 1969.26404 375.0
-349.283875 1969.26404 400.0
-349.283875 1969.26404 425.0
-349.283875 1969.26404 450.0
-349.283875 1969.26404 475.0
-349.283875 1969.26404 500.0
-349.283875 1969.26404 525.0
-349.283875 1969.26404 550.0
-349.283875 1969.26404 575.0
-349.283875 1969.26404 600.0
-349.283875 1969.26404 625.0
-349.283875 1969.26404 650.0
-349.283875 1969.26404 675.0
-349.283875 1969.26404 700.0
-324.565002 1973.48865 0.0
-324.565002 1973.48865 25.0
-324.565002 1973.48865 50.0
-324.565002 1973.48865 75.0
-324.565002 1973.48865 100.0
-324.565002 1973.48865 125.0
-324.565002 1973.48865 150.0
-324.565002 1973.48865 175.0
-324.565002 1973.48865 200.0
-324.565002 1973.48865 225.0
-324.565002 1973.48865 250.0
-324.565002 1973.48865 275.0
-324.565002 1973.48865 300.0
-324.565002 1973.48865 325.0
-324.565002 1973.48865 350.0
-324.565002 1973.48865 375.0
-324.565002 1973.48865 400.0
-324.565002 1973.48865 425.0
-324.565002 1973.48865 450.0
-324.565002 1973.48865 475.0
-324.565002 1973.48865 500.0
-324.565002 1973.48865 525.0
-324.565002 1973.48865 550.0
-324.565002 1973.48865 575.0
-324.565002 1973.48865 600.0
-324.565002 1973.48865 625.0
-324.565002 1973.48865 650.0
-324.565002 1973.48865 675.0
-324.565002 1973.48865 700.0
-299.795135 1977.40308 0.0
-299.795135 1977.40308 25.0
-299.795135 1977.40308 50.0
-299.795135 1977.40308 75.0
-299.795135 1977.40308 100.0
-299.795135 1977.40308 125.0
-299.795135 1977.40308 150.0
-299.795135 1977.40308 175.0
-299.795135 1977.40308 200.0
-299.795135 1977.40308 225.0
-299.795135 1977.40308 250.0
-299.795135 1977.40308 275.0
-299.795135 1977.40308 300.0
-299.795135 1977.40308 325.0
-299.795135 1977.40308 350.0
-299.795135 1977.40308 375.0
-299.795135 1977.40308 400.0
-299.795135 1977.40308 425.0
-299.795135 1977.40308 450.0
-299.795135 1977.40308 475.0
-299.795135 1977.40308 500.0
-299.795135 1977.40308 525.0
-299.795135 1977.40308 550.0
-299.795135 1977.40308 575.0
-299.795135 1977.40308 600.0
-299.795135 1977.40308 625.0
-299.795135 1977.40308 650.0
-299.795135 1977.40308 675.0
-299.795135 1977.40308 700.0
-274.978088 1981.00659 0.0
-274.978088 1981.00659 25.0
-274.978088 1981.00659 50.0
-274.978088 1981.00659 75.0
-274.978088 1981.00659 100.0
-274.978088 1981.00659 125.0
-274.978088 1981.00659 150.0
-274.978088 1981.00659 175.0
-274.978088 1981.00659 200.0
-274.978088 1981.00659 225.0
-274.978088 1981.00659 250.0
-274.978088 1981.00659 275.0
-274.978088 1981.00659 300.0
-274.978088 1981.00659 325.0
-274.978088 1981.00659 350.0
-274.978088 1981.00659 375.0
-274.978088 1981.00659 400.0
-274.978088 1981.00659 425.0
-274.978088 1981.00659 450.0
-274.978088 1981.00659 475.0
-274.978088 1981.00659 500.0
-274.978088 1981.00659 525.0
-274.978088 1981.00659 550.0
-274.978088 1981.00659 575.0
-274.978088 1981.00659 600.0
-274.978088 1981.00659 625.0
-274.978088 1981.00659 650.0
-274.978088 1981.00659 675.0
-274.978088 1981.00659 700.0
-250.117844 1984.29858 0.0
-250.117844 1984.29858 25.0
-250.117844 1984.29858 50.0
-250.117844 1984.29858 75.0
-250.117844 1984.29858 100.0
-250.117844 1984.29858 125.0
-250.117844 1984.29858 150.0
-250.117844 1984.29858 175.0
-250.117844 1984.29858 200.0
-250.117844 1984.29858 225.0
-250.117844 1984.29858 250.0
-250.117844 1984.29858 275.0
-250.117844 1984.29858 300.0
-250.117844 1984.29858 325.0
-250.117844 1984.29858 350.0
-250.117844 1984.29858 375.0
-250.117844 1984.29858 400.0
-250.117844 1984.29858 425.0
-250.117844 1984.29858 450.0
-250.117844 1984.29858 475.0
-250.117844 1984.29858 500.0
-250.117844 1984.29858 525.0
-250.117844 1984.29858 550.0
-250.117844 1984.29858 575.0
-250.117844 1984.29858 600.0
-250.117844 1984.29858 625.0
-250.117844 1984.29858 650.0
-250.117844 1984.29858 675.0
-250.117844 1984.29858 700.0
-225.218262 1987.27869 0.0
-225.218262 1987.27869 25.0
-225.218262 1987.27869 50.0
-225.218262 1987.27869 75.0
-225.218262 1987.27869 100.0
-225.218262 1987.27869 125.0
-225.218262 1987.27869 150.0
-225.218262 1987.27869 175.0
-225.218262 1987.27869 200.0
-225.218262 1987.27869 225.0
-225.218262 1987.27869 250.0
-225.218262 1987.27869 275.0
-225.218262 1987.27869 300.0
-225.218262 1987.27869 325.0
-225.218262 1987.27869 350.0
-225.218262 1987.27869 375.0
-225.218262 1987.27869 400.0
-225.218262 1987.27869 425.0
-225.218262 1987.27869 450.0
-225.218262 1987.27869 475.0
-225.218262 1987.27869 500.0
-225.218262 1987.27869 525.0
-225.218262 1987.27869 550.0
-225.218262 1987.27869 575.0
-225.218262 1987.27869 600.0
-225.218262 1987.27869 625.0
-225.218262 1987.27869 650.0
-225.218262 1987.27869 675.0
-225.218262 1987.27869 700.0
-200.283279 1989.94641 0.0
-200.283279 1989.94641 25.0
-200.283279 1989.94641 50.0
-200.283279 1989.94641 75.0
-200.283279 1989.94641 100.0
-200.283279 1989.94641 125.0
-200.283279 1989.94641 150.0
-200.283279 1989.94641 175.0
-200.283279 1989.94641 200.0
-200.283279 1989.94641 225.0
-200.283279 1989.94641 250.0
-200.283279 1989.94641 275.0
-200.283279 1989.94641 300.0
-200.283279 1989.94641 325.0
-200.283279 1989.94641 350.0
-200.283279 1989.94641 375.0
-200.283279 1989.94641 400.0
-200.283279 1989.94641 425.0
-200.283279 1989.94641 450.0
-200.283279 1989.94641 475.0
-200.283279 1989.94641 500.0
-200.283279 1989.94641 525.0
-200.283279 1989.94641 550.0
-200.283279 1989.94641 575.0
-200.283279 1989.94641 600.0
-200.283279 1989.94641 625.0
-200.283279 1989.94641 650.0
-200.283279 1989.94641 675.0
-200.283279 1989.94641 700.0
-175.316803 1992.30115 0.0
-175.316803 1992.30115 25.0
-175.316803 1992.30115 50.0
-175.316803 1992.30115 75.0
-175.316803 1992.30115 100.0
-175.316803 1992.30115 125.0
-175.316803 1992.30115 150.0
-175.316803 1992.30115 175.0
-175.316803 1992.30115 200.0
-175.316803 1992.30115 225.0
-175.316803 1992.30115 250.0
-175.316803 1992.30115 275.0
-175.316803 1992.30115 300.0
-175.316803 1992.30115 325.0
-175.316803 1992.30115 350.0
-175.316803 1992.30115 375.0
-175.316803 1992.30115 400.0
-175.316803 1992.30115 425.0
-175.316803 1992.30115 450.0
-175.316803 1992.30115 475.0
-175.316803 1992.30115 500.0
-175.316803 1992.30115 525.0
-175.316803 1992.30115 550.0
-175.316803 1992.30115 575.0
-175.316803 1992.30115 600.0
-175.316803 1992.30115 625.0
-175.316803 1992.30115 650.0
-175.316803 1992.30115 675.0
-175.316803 1992.30115 700.0
-150.322769 1994.34277 0.0
-150.322769 1994.34277 25.0
-150.322769 1994.34277 50.0
-150.322769 1994.34277 75.0
-150.322769 1994.34277 100.0
-150.322769 1994.34277 125.0
-150.322769 1994.34277 150.0
-150.322769 1994.34277 175.0
-150.322769 1994.34277 200.0
-150.322769 1994.34277 225.0
-150.322769 1994.34277 250.0
-150.322769 1994.34277 275.0
-150.322769 1994.34277 300.0
-150.322769 1994.34277 325.0
-150.322769 1994.34277 350.0
-150.322769 1994.34277 375.0
-150.322769 1994.34277 400.0
-150.322769 1994.34277 425.0
-150.322769 1994.34277 450.0
-150.322769 1994.34277 475.0
-150.322769 1994.34277 500.0
-150.322769 1994.34277 525.0
-150.322769 1994.34277 550.0
-150.322769 1994.34277 575.0
-150.322769 1994.34277 600.0
-150.322769 1994.34277 625.0
-150.322769 1994.34277 650.0
-150.322769 1994.34277 675.0
-150.322769 1994.34277 700.0
-125.305099 1996.0708 0.0
-125.305099 1996.0708 25.0
-125.305099 1996.0708 50.0
-125.305099 1996.0708 75.0
-125.305099 1996.0708 100.0
-125.305099 1996.0708 125.0
-125.305099 1996.0708 150.0
-125.305099 1996.0708 175.0
-125.305099 1996.0708 200.0
-125.305099 1996.0708 225.0
-125.305099 1996.0708 250.0
-125.305099 1996.0708 275.0
-125.305099 1996.0708 300.0
-125.305099 1996.0708 325.0
-125.305099 1996.0708 350.0
-125.305099 1996.0708 375.0
-125.305099 1996.0708 400.0
-125.305099 1996.0708 425.0
-125.305099 1996.0708 450.0
-125.305099 1996.0708 475.0
-125.305099 1996.0708 500.0
-125.305099 1996.0708 525.0
-125.305099 1996.0708 550.0
-125.305099 1996.0708 575.0
-125.305099 1996.0708 600.0
-125.305099 1996.0708 625.0
-125.305099 1996.0708 650.0
-125.305099 1996.0708 675.0
-125.305099 1996.0708 700.0
-100.267723 1997.48499 0.0
-100.267723 1997.48499 25.0
-100.267723 1997.48499 50.0
-100.267723 1997.48499 75.0
-100.267723 1997.48499 100.0
-100.267723 1997.48499 125.0
-100.267723 1997.48499 150.0
-100.267723 1997.48499 175.0
-100.267723 1997.48499 200.0
-100.267723 1997.48499 225.0
-100.267723 1997.48499 250.0
-100.267723 1997.48499 275.0
-100.267723 1997.48499 300.0
-100.267723 1997.48499 325.0
-100.267723 1997.48499 350.0
-100.267723 1997.48499 375.0
-100.267723 1997.48499 400.0
-100.267723 1997.48499 425.0
-100.267723 1997.48499 450.0
-100.267723 1997.48499 475.0
-100.267723 1997.48499 500.0
-100.267723 1997.48499 525.0
-100.267723 1997.48499 550.0
-100.267723 1997.48499 575.0
-100.267723 1997.48499 600.0
-100.267723 1997.48499 625.0
-100.267723 1997.48499 650.0
-100.267723 1997.48499 675.0
-100.267723 1997.48499 700.0
-75.214592 1998.58521 0.0
-75.214592 1998.58521 25.0
-75.214592 1998.58521 50.0
-75.214592 1998.58521 75.0
-75.214592 1998.58521 100.0
-75.214592 1998.58521 125.0
-75.214592 1998.58521 150.0
-75.214592 1998.58521 175.0
-75.214592 1998.58521 200.0
-75.214592 1998.58521 225.0
-75.214592 1998.58521 250.0
-75.214592 1998.58521 275.0
-75.214592 1998.58521 300.0
-75.214592 1998.58521 325.0
-75.214592 1998.58521 350.0
-75.214592 1998.58521 375.0
-75.214592 1998.58521 400.0
-75.214592 1998.58521 425.0
-75.214592 1998.58521 450.0
-75.214592 1998.58521 475.0
-75.214592 1998.58521 500.0
-75.214592 1998.58521 525.0
-75.214592 1998.58521 550.0
-75.214592 1998.58521 575.0
-75.214592 1998.58521 600.0
-75.214592 1998.58521 625.0
-75.214592 1998.58521 650.0
-75.214592 1998.58521 675.0
-75.214592 1998.58521 700.0
-50.1496315 1999.37109 0.0
-50.1496315 1999.37109 25.0
-50.1496315 1999.37109 50.0
-50.1496315 1999.37109 75.0
-50.1496315 1999.37109 100.0
-50.1496315 1999.37109 125.0
-50.1496315 1999.37109 150.0
-50.1496315 1999.37109 175.0
-50.1496315 1999.37109 200.0
-50.1496315 1999.37109 225.0
-50.1496315 1999.37109 250.0
-50.1496315 1999.37109 275.0
-50.1496315 1999.37109 300.0
-50.1496315 1999.37109 325.0
-50.1496315 1999.37109 350.0
-50.1496315 1999.37109 375.0
-50.1496315 1999.37109 400.0
-50.1496315 1999.37109 425.0
-50.1496315 1999.37109 450.0
-50.1496315 1999.37109 475.0
-50.1496315 1999.37109 500.0
-50.1496315 1999.37109 525.0
-50.1496315 1999.37109 550.0
-50.1496315 1999.37109 575.0
-50.1496315 1999.37109 600.0
-50.1496315 1999.37109 625.0
-50.1496315 1999.37109 650.0
-50.1496315 1999.37109 675.0
-50.1496315 1999.37109 700.0
-25.076786 1999.84277 0.0
-25.076786 1999.84277 25.0
-25.076786 1999.84277 50.0
-25.076786 1999.84277 75.0
-25.076786 1999.84277 100.0
-25.076786 1999.84277 125.0
-25.076786 1999.84277 150.0
-25.076786 1999.84277 175.0
-25.076786 1999.84277 200.0
-25.076786 1999.84277 225.0
-25.076786 1999.84277 250.0
-25.076786 1999.84277 275.0
-25.076786 1999.84277 300.0
-25.076786 1999.84277 325.0
-25.076786 1999.84277 350.0
-25.076786 1999.84277 375.0
-25.076786 1999.84277 400.0
-25.076786 1999.84277 425.0
-25.076786 1999.84277 450.0
-25.076786 1999.84277 475.0
-25.076786 1999.84277 500.0
-25.076786 1999.84277 525.0
-25.076786 1999.84277 550.0
-25.076786 1999.84277 575.0
-25.076786 1999.84277 600.0
-25.076786 1999.84277 625.0
-25.076786 1999.84277 650.0
-25.076786 1999.84277 675.0
-25.076786 1999.84277 700.0
0.0 2000.0 0.0
0.0 2000.0 25.0
0.0 2000.0 50.0
0.0 2000.0 75.0
0.0 2000.0 100.0
0.0 2000.0 125.0
0.0 2000.0 150.0
0.0 2000.0 175.0
0.0 2000.0 200.0
0.0 2000.0 225.0
0.0 2000.0 250.0
0.0 2000.0 275.0
0.0 2000.0 300.0
0.0 2000.0 325.0
0.0 2000.0 350.0
0.0 2000.0 375.0
0.0 2000.0 400.0
0.0 2000.0 425.0
0.0 2000.0 450.0
0.0 2000.0 475.0
0.0 2000.0 500.0
0.0 2000.0 525.0
0.0 2000.0 550.0
0.0 2000.0 575.0
0.0 2000.0 600.0
0.0 2000.0 625.0
0.0 2000.0 650.0
0.0 2000.0 675.0
0.0 2000.0 700.0
LINES 7124 21372
2 0 1
2 0 29
2 1 2
2 1 30
2 2 3
2 2 31
2 3 4
2 3 32
2 4 5
2 4 33
2 5 6
2 5 34
2 6 7
2 6 35
2 7 8
2 7 36
2 8 9
2 8 37
2 9 10
2 9 38
2 10 11
2 10 39
2 11 12
2 11 40
2 12 13
2 12 41
2 13 14
2 13 42
2 14 15
2 14 43
2 15 16
2 15 44
2 16 17
2 16 45
2 17 18
2 17 46
2 18 19
2 18 47
2 19 20
2 19 48
2 20 21
2 20 49
2 21 22
2 21 50
2 22 23
2 22 51
2 23 24
2 23 52
2 24 25
2 24 53
2 25 26
2 25 54
2 26 27
2 26 55
2 27 28
2 27 56
2 28 57
2 29 30
2 29 58
2 30 31
2 30 59
2 31 32
2 31 60
2 32 33
2 32 61
2 33 34
2 33 62
2 34 35
2 34 63
2 35 36
2 35 64
2 36 37
2 36 65
2 37 38
2 37 66
2 38 39
2 38 67
2 39 40
2 39 68
2 40 41
2 40 69
2 41 42
2 41 70
2 42 43
2 42 71
2 43 44
2 43 72
2 44 45
2 44 73
2 45 46
2 45 74
2 46 47
2 46 75
2 47 48
2 47 76
2 48 49
2 48 77
2 49 50
2 49 78
2 50 51
2 50 79
2 51 52
2 51 80
2 52 53
2 52 81
2 53 54
2 53 82
2 54 55
2 54 83
2 55 56
2 55 84
2 56 57
2 56 85
2 57 86
2 58 59
2 58 87
2 59 60
2 59 88
2 60 61
2 60 89
2 61 62
2 61 90
2 62 63
2 62 91
2 63 64
2 63 92
2 64 65
2 64 93
2 65 66
2 65 94
2 66 67
2 66 95
2 67 68
2 67 96
2 68 69
2 68 97
2 69 70
2 69 98
2 70 71
2 70 99
2 71 72
2 71 100
2 72 73
2 72 101
2 73 74
2 73 102
2 74 75
2 74 103
2 75 76
2 75 104
2 76 77
2 76 105
2 77 78
2 77 106
2 78 79
2 78 107
2 79 80
2 79 108
2 80 81
2 80 109
2 81 82
2 81 110
2 82 83
2 82 111
2 83 84
2 83 112
2 84 85
2 84 113
2 85 86
2 85 114
2 86 115
2 87 88
2 87 116
2 88 89
2 88 117
2 89 90
2 89 118
2 90 91
2 90 119
2 91 92
2 91 120
2 92 93
2 92 121
2 93 94
2 93 122
2 94 95
2 94 123
2 95 96
2 95 124
2 96 97
2 96 125
2 97 98
2 97 126
2 98 99
2 98 127
2 99 100
2 99 128
2 100 101
2 100 129
2 101 102
2 101 130
2 102 103
2 102 131
2 103 104
2 103 132
2 104 105
2 104 133
2 105 106
2 105 134
2 106 107
2 106 135
2 107 108
2 107 136
2 108 109
2 108 137
2 109 110
2 109 138
2 110 111
2 110 139
2 111 112
2 111 140
2 112 113
2 112 141
2 113 114
2 113 142
2 114 115
2 114 143
2 115 144
2 116 117
2 116 145
2 117 118
2 117 146
2 118 119
2 118 147
2 119 120
2 119 148
2 120 121
2 120 149
2 121 122
2 121 150
2 122 123
2 122 151
2 123 124
2 123 152
2 124 125
2 124 153
2 125 126
2 125 154
2 126 127
2 126 155
2 127 128
2 127 156
2 128 129
2 128 157
2 129 130
2 129 158
2 130 131
2 130 159
2 131 132
2 131 160
2 132 133
2 132 161
2 133 134
2 133 162
2 134 135
2 134 163
2 135 136
2 135 164
2 136 137
2 136 165
2 137 138
2 137 166
2 138 139
2 138 167
2 139 140
2 139 168
2 140 141
2 140 169
2 141 142
2 141 170
2 142 143
2 142 171
2 143 144
2 143 172
2 144 173
2 145 146
2 145 174
2 146 147
2 146 175
2 147 148
2 147 176
2 148 149
2 148 177
2 149 150
2 149 178
2 150 151
2 150 179
2 151 152
2 151 180
2 152 153
2 152 181
2 153 154
2 153 182
2 154 155
2 154 183
2 155 156
2 155 184
2 156 157
2 156 185
2 157 158
2 157 186
2 158 159
2 158 187
2 159 160
2 159 188
2 160 161
2 160 189
2 161 162
2 161 190
2 162 163
2 162 191
2 163 164
2 163 192
2 164 165
2 164 193
2 165 166
2 165 194
2 166 167
2 166 195
2 167 168
2 167 196
2 168 169
2 168 197
2 169 170
2 169 198
2 170 171
2 170 199
2 171 172
2 171 200
2 172 173
2 172 201
2 173 202
2 174 175
2 174 203
2 175 176
2 175 204
2 176 177
2 176 205
2 177 178
2 177 206
2 178 179
2 178 207
2 179 180
2 179 208
2 180 181
2 180 209
2 181 182
2 181 210
2 182 183
2 182 211
2 183 184
2 183 212
2 184 185
2 184 213
2 185 186
2 185 214
2 186 187
2 186 215
2 187 188
2 187 216
2 188 189
2 188 217
2 189 190
2 189 218
2 190 191
2 190 219
2 191 192
2 191 220
2 192 193
2 192 221
2 193 194
2 193 222
2 194 195
2 194 223
2 195 196
2 195 224
2 196 197
2 196 225
2 197 198
2 197 226
2 198 199
2 198 227
2 199 200
2 199 228
2 200 201
2 200 229
2 201 202
2 201 230
2 202 231
2 203 204
2 203 232
2 204 205
2 204 233
2 205 206
2 205 234
2 206 207
2 206 235
2 207 208
2 207 236
2 208 209
2 208 237
2 209 210
2 209 238
2 210 211
2 210 239
2 211 212
2 211 240
2 212 213
2 212 241
2 213 214
2 213 242
2 214 215
2 214 243
2 215 216
2 215 244
2 216 217
2 216 245
2 217 218
2 217 246
2 218 219
2 218 247
2 219 220
2 219 248
2 220 221
2 220 249
2 221 222
2 221 250
2 222 223
2 222 251
2 223 224
2 223 252
2 224 225
2 224 253
2 225 226
2 225 254
2 226 227
2 226 255
2 227 228
2 227 256
2 228 229
2 228 257
2 229 230
2 229 258
2 230 231
2 230 259
2 231 260
2 232 233
2 232 261
2 233 234
2 233 262
2 234 235
2 234 263
2 235 236
2 235 264
2 236 237
2 236 265
2 237 238
2 237 266
2 238 239
2 238 267
2 239 240
2 239 268
2 240 241
2 240 269
2 241 242
2 241 270
2 242 243
2 242 271
2 243 244
2 243 272
2 244 245
2 244 273
2 245 246
2 245 274
2 246 247
2 246 275
2 247 248
2 247 276
2 248 249
2 248 277
2 249 250
2 249 278
2 250 251
2 250 279
2 251 252
2 251 280
2 252 253
2 252 281
2 253 254
2 253 282
2 254 255
2 254 283
2 255 256
2 255 284
2 256 257
2 256 285
2 257 258
2 257 286
2 258 259
2 258 287
2 259 260
2 259 288
2 260 289
2 261 262
2 261 290
2 262 263
2 262 291
2 263 264
2 263 292
2 264 265
2 264 293
2 265 266
2 265 294
2 266 267
2 266 295
2 267 268
2 267 296
2 268 269
2 268 297
2 269 270
2 269 298
2 270 271
2 270 299
2 271 272
2 271 300
2 272 273
2 272 301
2 273 274
2 273 302
2 274 275
2 274 303
2 275 276
2 275 304
2 276 277
2 276 305
2 277 278
2 277 306
2 278 279
2 278 307
2 279 280
2 279 308
2 280 281
2 280 309
2 281 282
2 281 310
2 282 283
2 282 311
2 283 284
2 283 312
2 284 285
2 284 313
2 285 286
2 285 314
2 286 287
2 286 315
2 287 288
2 287 316
2 288 289
2 288 317
2 289 318
2 290 291
2 290 319
2 291 292
2 291 320
2 292 293
2 292 321
2 293 294
2 293 322
2 294 295
2 294 323
2 295 296
2 295 324
2 296 297
2 296 325
2 297 298
2 297 326
2 298 299
2 298 327
2 299 300
2 299 328
2 300 301
2 300 329
2 301 302
2 301 330
2 302 303
2 302 331
2 303 304
2 303 332
2 304 305
2 304 333
2 305 306
2 305 334
2 306 307
2 306 335
2 307 308
2 307 336
2 308 309
2 308 337
2 309 310
2 309 338
2 310 311
2 310 339
2 311 312
2 311 340
2 312 313
2 312 341
2 313 314
2 313 342
2 314 315
2 314 343
2 315 316
2 315 344
2 316 317
2 316 345
2 317 318
2 317 346
2 318 347
2 319 320
2 319 348
2 320 321
2 320 349
2 321 322
2 321 350
2 322 323
2 322 351
2 323 324
2 323 352
2 324 325
2 324 353
2 325 326
2 325 354
2 326 327
2 326 355
2 327 328
2 327 356
2 328 329
2 328 357
2 329 330
2 329 358
2 330 331
2 330 359
2 331 332
2 331 360
2 332 333
2 332 361
2 333 334
2 333 362
2 334 335
2 334 363
2 335 336
2 335 364
2 336 337
2 336 365
2 337 338
2 337 366
2 338 339
2 338 367
2 339 340
2 339 368
2 340 341
2 340 369
2 341 342
2 341 370
2 342 343
2 342 371
2 343 344
2 343 372
2 344 345
2 344 373
2 345 346
2 345 374
2 346 347
2 346 375
2 347 376
2 348 349
2 348 377
2 349 350
2 349 378
2 350 351
2 350 379
2 351 352
2 351 380
2 352 353
2 352 381
2 353 354
2 353 382
2 354 355
2 354 383
2 355 356
2 355 384
2 356 357
2 356 385
2 357 358
2 357 386
2 358 359
2 358 387
2 359 360
2 359 388
2 360 361
2 360 389
2 361 362
2 361 390
2 362 363
2 362 391
2 363 364
2 363 392
2 364 365
2 364 393
2 365 366
2 365 394
2 366 367
2 366 395
2 367 368
2 367 396
2 368 369
2 368 397
2 369 370
2 369 398
2 370 371
2 370 399
2 371 372
2 371 400
2 372 373
2 372 401
2 373 374
2 373 402
2 374 375
2 374 403
2 375 376
2 375 404
2 376 405
2 377 378
2 377 406
2 378 379
2 378 407
2 379 380
2 379 408
2 380 381
2 380 409
2 381 382
2 381 410
2 382 383
2 382 411
2 383 384
2 383 412
2 384 385
2 384 413
2 385 386
2 385 414
2 386 387
2 386 415
2 387 388
2 387 416
2 388 389
2 388 417
2 389 390
2 389 418
2 390 391
2 390 419
2 391 392
2 391 420
2 392 393
2 392 421
2 393 394
2 393 422
2 394 395
2 394 423
2 395 396
2 395 424
2 396 397
2 396 425
2 397 398
2 397 426
2 398 399
2 398 427
2 399 400
2 399 428
2 400 401
2 400 429
2 401 402
2 401 430
2 402 403
2 402 431
2 403 404
2 403 432
2 404 405
2 404 433
2 405 434
2 406 407
2 406 435
2 407 408
2 407 436
2 408 409
2 408 437
2 409 410
2 409 438
2 410 411
2 410 439
2 411 412
2 411 440
2 412 413
2 412 441
2 413 414
2 413 442
2 414 415
2 414 443
2 415 416
2 415 444
2 416 417
2 416 445
2 417 418
2 417 446
2 418 419
2 418 447
2 419 420
2 419 448
2 420 421
2 420 449
2 421 422
2 421 450
2 422 423
2 422 451
2 423 424
2 423 452
2 424 425
2 424 453
2 425 426
2 425 454
2 426 427
2 426 455
2 427 428
2 427 456
2 428 429
2 428 457
2 429 430
2 429 458
2 430 431
2 430 459
2 431 432
2 431 460
2 432 433
2 432 461
2 433 434
2 433 462
2 434 463
2 435 436
2 435 464
2 436 437
2 436 465
2 437 438
2 437 466
2 438 439
2 438 467
2 439 440
2 439 468
2 440 441
2 440 469
2 441 442
2 441 470
2 442 443
2 442 471
2 443 444
2 443 472
2 444 445
2 444 473
2 445 446
2 445 474
2 446 447
2 446 475
2 447 448
2 447 476
2 448 449
2 448 477
2 449 450
2 449 478
2 450 451
2 450 479
2 451 452
2 451 480
2 452 453
2 452 481
2 453 454
2 453 482
2 454 455
2 454 483
2 455 456
2 455 484
2 456 457
2 456 485
2 457 458
2 457 486
2 458 459
2 458 487
2 459 460
2 459 488
2 460 461
2 460 489
2 461 462
2 461 490
2 462 463
2 462 491
2 463 492
2 464 465
2 464 493
2 465 466
2 465 494
2 466 467
2 466 495
2 467 468
2 467 496
2 468 469
2 468 497
2 469 470
2 469 498
2 470 471
2 470 499
2 471 472
2 471 500
2 472 473
2 472 501
2 473 474
2 473 502
2 474 475
2 474 503
2 475 476
2 475 504
2 476 477
2 476 505
2 477 478
2 477 506
2 478 479
2 478 507
2 479 480
2 479 508
2 480 481
2 480 509
2 481 482
2 481 510
2 482 483
2 482 511
2 483 484
2 483 512
2 484 485
2 484 513
2 485 486
2 485 514
2 486 487
2 486 515
2 487 488
2 487 516
2 488 489
2 488 517
2 489 490
2 489 518
2 490 491
2 490 519
2 491 492
2 491 520
2 492 521
2 493 494
2 493 522
2 494 495
2 494 523
2 495 496
2 495 524
2 496 497
2 496 525
2 497 498
2 497 526
2 498 499
2 498 527
2 499 500
2 499 528
2 500 501
2 500 529
2 501 502
2 501 530
2 502 503
2 502 531
2 503 504
2 503 532
2 504 505
2 504 533
2 505 506
2 505 534
2 506 507
2 506 535
2 507 508
2 507 536
2 508 509
2 508 537
2 509 510
2 509 538
2 510 511
2 510 539
2 511 512
2 511 540
2 512 513
2 512 541
2 513 514
2 513 542
2 514 515
2 514 543
2 515 516
2 515 544
2 516 517
2 516 545
2 517 518
2 517 546
2 518 519
2 518 547
2 519 520
2 519 548
2 520 521
2 520 549
2 521 550
2 522 523
2 522 551
2 523 524
2 523 552
2 524 525
2 524 553
2 525 526
2 525 554
2 526 527
2 526 555
2 527 528
2 527 556
2 528 529
2 528 557
2 529 530
2 529 558
2 530 531
2 530 559
2 531 532
2 531 560
2 532 533
2 532 561
2 533 534
2 533 562
2 534 535
2 534 563
2 535 536
2 535 564
2 536 537
2 536 565
2 537 538
2 537 566
2 538 539
2 538 567
2 539 540
2 539 568
2 540 541
2 540 569
2 541 542
2 541 570
2 542 543
2 542 571
2 543 544
2 543 572
2 544 545
2 544 573
2 545 546
2 545 574
2 546 547
2 546 575
2 547 548
2 547 576
2 548 549
2 548 577
2 549 550
2 549 578
2 550 579
2 551 552
2 551 580
2 552 553
2 552 581
2 553 554
2 553 582
2 554 555
2 554 583
2 555 556
2 555 584
2 556 557
2 556 585
2 557 558
2 557 586
2 558 559
2 558 587
2 559 560
2 559 588
2 560 561
2 560 589
2 561 562
2 561 590
2 562 563
2 562 591
2 563 564
2 563 592
2 564 565
2 564 593
2 565 566
2 565 594
2 566 567
2 566 595
2 567 568
2 567 596
2 568 569
2 568 597
2 569 570
2 569 598
2 570 571
2 570 599
2 571 572
2 571 600
2 572 573
2 572 601
2 573 574
2 573 602
2 574 575
2 574 603
2 575 576
2 575 604
2 576 577
2 576 605
2 577 578
2 577 606
2 578 579
2 578 607
2 579 608
2 580 581
2 580 609
2 581 582
2 581 610
2 582 583
2 582 611
2 583 584
2 583 612
2 584 585
2 584 613
2 585 586
2 585 614
2 586 587
2 586 615
2 587 588
2 587 616
2 588 589
2 588 617
2 589 590
2 589 618
2 590 591
2 590 619
2 591 592
2 591 620
2 592 593
2 592 621
2 593 594
2 593 622
2 594 595
2 594 623
2 595 596
2 595 624
2 596 597
2 596 625
2 597 598
2 597 626
2 598 599
2 598 627
2 599 600
2 599 628
2 600 601
2 600 629
2 601 602
2 601 630
2 602 603
2 602 631
2 603 604
2 603 632
2 604 605
2 604 633
2 605 606
2 605 634
2 606 607
2 606 635
2 607 608
2 607 636
2 608 637
2 609 610
2 609 638
2 610 611
2 610 639
2 611 612
2 611 640
2 612 613
2 612 641
2 613 614
2 613 642
2 614 615
2 614 643
2 615 616
2 615 644
2 616 617
2 616 645
2 617 618
2 617 646
2 618 619
2 618 647
2 619 620
2 619 648
2 620 621
2 620 649
2 621 622
2 621 650
2 622 623
2 622 651
2 623 624
2 623 652
2 624 625
2 624 653
2 625 626
2 625 654
2 626 627
2 626 655
2 627 628
2 627 656
2 628 629
2 628 657
2 629 630
2 629 658
2 630 631
2 630 659
2 631 632
2 631 660
2 632 633
2 632 661
2 633 634
2 633 662
2 634 635
2 634 663
2 635 636
2 635 664
2 636 637
2 636 665
2 637 666
2 638 639
2 638 667
2 639 640
2 639 668
2 640 641
2 640 669
2 641 642
2 641 670
2 642 643
2 642 671
2 643 644
2 643 672
2 644 645
2 644 673
2 645 646
2 645 674
2 646 647
2 646 675
2 647 648
2 647 676
2 648 649
2 648 677
2 649 650
2 649 678
2 650 651
2 650 679
2 651 652
2 651 680
2 652 653
2 652 681
2 653 654
2 653 682
2 654 655
2 654 683
2 655 656
2 655 684
2 656 657
2 656 685
2 657 658
2 657 686
2 658 659
2 658 687
2 659 660
2 659 688
2 660 661
2 660 689
2 661 662
2 661 690
2 662 663
2 662 691
2 663 664
2 663 692
2 664 665
2 664 693
2 665 666
2 665 694
2 666 695
2 667 668
2 667 696
2 668 669
2 668 697
2 669 670
2 669 698
2 670 671
2 670 699
2 671 672
2 671 700
2 672 673
2 672 701
2 673 674
2 673 702
2 674 675
2 674 703
2 675 676
2 675 704
2 676 677
2 676 705
2 677 678
2 677 706
2 678 679
2 678 707
2 679 680
2 679 708
2 680 681
2 680 709
2 681 682
2 681 710
2 682 683
2 682 711
2 683 684
2 683 712
2 684 685
2 684 713
2 685 686
2 685 714
2 686 687
2 686 715
2 687 688
2 687 716
2 688 689
2 688 717
2 689 690
2 689 718
2 690 691
2 690 719
2 691 692
2 691 720
2 692 693
2 692 721
2 693 694
2 693 722
2 694 695
2 694 723
2 695 724
2 696 697
2 696 725
2 697 698
2 697 726
2 698 699
2 698 727
2 699 700
2 699 728
2 700 701
2 700 729
2 701 702
2 701 730
2 702 703
2 702 731
2 703 704
2 703 732
2 704 705
2 704 733
2 705 706
2 705 734
2 706 707
2 706 735
2 707 708
2 707 736
2 708 709
2 708 737
2 709 710
2 709 738
2 710 711
2 710 739
2 711 712
2 711 740
2 712 713
2 712 741
2 713 714
2 713 742
2 714 715
2 714 743
2 715 716
2 715 744
2 716 717
2 716 745
2 717 718
2 717 746
2 718 719
2 718 747
2 719 720
2 719 748
2 720 721
2 720 749
2 721 722
2 721 750
2 722 723
2 722 751
2 723 724
2 723 752
2 724 753
2 725 726
2 725 754
2 726 727
2 726 755
2 727 728
2 727 756
2 728 729
2 728 757
2 729 730
2 729 758
2 730 731
2 730 759
2 731 732
2 731 760
2 732 733
2 732 761
2 733 734
2 733 762
2 734 735
2 734 763
2 735 736
2 735 764
2 736 737
2 736 765
2 737 738
2 737 766
2 738 739
2 738 767
2 739 740
2 739 768
2 740 741
2 740 769
2 741 742
2 741 770
2 742 743
2 742 771
2 743 744
2 743 772
2 744 745
2 744 773
2 745 746
2 745 774
2 746 747
2 746 775
2 747 748
2 747 776
2 748 749
2 748 777
2 749 750
2 749 778
2 750 751
2 750 779
2 751 752
2 751 780
2 752 753
2 752 781
2 753 782
2 754 755
2 754 783
2 755 756
2 755 784
2 756 757
2 756 785
2 757 758
2 757 786
2 758 759
2 758 787
2 759 760
2 759 788
2 760 761
2 760 789
2 761 762
2 761 790
2 762 763
2 762 791
2 763 764
2 763 792
2 764 765
2 764 793
2 765 766
2 765 794
2 766 767
2 766 795
2 767 768
2 767 796
2 768 769
2 768 797
2 769 770
2 769 798
2 770 771
2 770 799
2 771 772
2 771 800
2 772 773
2 772 801
2 773 774
2 773 802
2 774 775
2 774 803
2 775 776
2 775 804
2 776 777
2 776 805
2 777 778
2 777 806
2 778 779
2 778 807
2 779 780
2 779 808
2 780 781
2 780 809
2 781 782
2 781 810
2 782 811
2 783 784
2 783 812
2 784 785
2 784 813
2 785 786
2 785 814
2 786 787
2 786 815
2 787 788
2 787 816
2 788 789
2 788 817
2 789 790
2 789 818
2 790 791
2 790 819
2 791 792
2 791 820
2 792 793
2 792 821
2 793 794
2 793 822
2 794 795
2 794 823
2 795 796
2 795 824
2 796 797
2 796 825
2 797 798
2 797 826
2 798 799
2 798 827
2 799 800
2 799 828
2 800 801
2 800 829
2 801 802
2 801 830
2 802 803
2 802 831
2 803 804
2 803 832
2 804 805
2 804 833
2 805 806
2 805 834
2 806 807
2 806 835
2 807 808
2 807 836
2 808 809
2 808 837
2 809 810
2 809 838
2 810 811
2 810 839
2 811 840
2 812 813
2 812 841
2 813 814
2 813 842
2 814 815
2 814 843
2 815 816
2 815 844
2 816 817
2 816 845
2 817 818
2 817 846
2 818 819
2 818 847
2 819 820
2 819 848
2 820 821
2 820 849
2 821 822
2 821 850
2 822 823
2 822 851
2 823 824
2 823 852
2 824 825
2 824 853
2 825 826
2 825 854
2 826 827
2 826 855
2 827 828
2 827 856
2 828 829
2 828 857
2 829 830
2 829 858
2 830 831
2 830 859
2 831 832
2 831 860
2 832 833
2 832 861
2 833 834
2 833 862
2 834 835
2 834 863
2 835 836
2 835 864
2 836 837
2 836 865
2 837 838
2 837 866
2 838 839
2 838 867
2 839 840
2 839 868
2 840 869
2 841 842
2 841 870
2 842 843
2 842 871
2 843 844
2 843 872
2 844 845
2 844 873
2 845 846
2 845 874
2 846 847
2 846 875
2 847 848
2 847 876
2 848 849
2 848 877
2 849 850
2 849 878
2 850 851
2 850 879
2 851 852
2 851 880
2 852 853
2 852 881
2 853 854
2 853 882
2 854 855
2 854 883
2 855 856
2 855 884
2 856 857
2 856 885
2 857 858
2 857 886
2 858 859
2 858 887
2 859 860
2 859 888
2 860 861
2 860 889
2 861 862
2 861 890
2 862 863
2 862 891
2 863 864
2 863 892
2 864 865
2 864 893
2 865 866
2 865 894
2 866 867
2 866 895
2 867 868
2 867 896
2 868 869
2 868 897
2 869 898
2 870 871
2 870 899
2 871 872
2 871 900
2 872 873
2 872 901
2 873 874
2 873 902
2 874 875
2 874 903
2 875 876
2 875 904
2 876 877
2 876 905
2 877 878
2 877 906
2 878 879
2 878 907
2 879 880
2 879 908
2 880 881
2 880 909
2 881 882
2 881 910
2 882 883
2 882 911
2 883 884
2 883 912
2 884 885
2 884 913
2 885 886
2 885 914
2 886 887
2 886 915
2 887 888
2 887 916
2 888 889
2 888 917
2 889 890
2 889 918
2 890 891
2 890 919
2 891 892
2 891 920
2 892 893
2 892 921
2 893 894
2 893 922
2 894 895
2 894 923
2 895 896
2 895 924
2 896 897
2 896 925
2 897 898
2 897 926
2 898 927
2 899 900
2 899 928
2 900 901
2 900 929
2 901 902
2 901 930
2 902 903
2 902 931
2 903 904
2 903 932
2 904 905
2 904 933
2 905 906
2 905 934
2 906 907
2 906 935
2 907 908
2 907 936
2 908 909
2 908 937
2 909 910
2 909 938
2 910 911
2 910 939
2 911 912
2 911 940
2 912 913
2 912 941
2 913 914
2 913 942
2 914 915
2 914 943
2 915 916
2 915 944
2 916 917
2 916 945
2 917 918
2 917 946
2 918 919
2 918 947
2 919 920
2 919 948
2 920 921
2 920 949
2 921 922
2 921 950
2 922 923
2 922 951
2 923 924
2 923 952
2 924 925
2 924 953
2 925 926
2 925 954
2 926 927
2 926 955
2 927 956
2 928 929
2 928 957
2 929 930
2 929 958
2 930 931
2 930 959
2 931 932
2 931 960
2 932 933
2 932 961
2 933 934
2 933 962
2 934 935
2 934 963
2 935 936
2 935 964
2 936 937
2 936 965
2 937 938
2 937 966
2 938 939
2 938 967
2 939 940
2 939 968
2 940 941
2 940 969
2 941 942
2 941 970
2 942 943
2 942 971
2 943 944
2 943 972
2 944 945
2 944 973
2 945 946
2 945 974
2 946 947
2 946 975
2 947 948
2 947 976
2 948 949
2 948 977
2 949 950
2 949 978
2 950 951
2 950 979
2 951 952
2 951 980
2 952 953
2 952 981
2 953 954
2 953 982
2 954 955
2 954 983
2 955 956
2 955 984
2 956 985
2 957 958
2 957 986
2 958 959
2 958 987
2 959 960
2 959 988
2 960 961
2 960 989
2 961 962
2 961 990
2 962 963
2 962 991
2 963 964
2 963 992
2 964 965
2 964 993
2 965 966
2 965 994
2 966 967
2 966 995
2 967 968
2 967 996
2 968 969
2 968 997
2 969 970
2 969 998
2 970 971
2 970 999
2 971 972
2 971 1000
2 972 973
2 972 1001
2 973 974
2 973 1002
2 974 975
2 974 1003
2 975 976
2 975 1004
2 976 977
2 976 1005
2 977 978
2 977 1006
2 978 979
2 978 1007
2 979 980
2 979 1008
2 980 981
2 980 1009
2 981 982
2 981 1010
2 982 983
2 982 1011
2 983 984
2 983 1012
2 984 985
2 984 1013
2 985 1014
2 986 987
2 986 1015
2 987 988
2 987 1016
2 988 989
2 988 1017
2 989 990
2 989 1018
2 990 991
2 990 1019
2 991 992
2 991 1020
2 992 993
2 992 1021
2 993 994
2 993 1022
2 994 995
2 994 1023
2 995 996
2 995 1024
2 996 997
2 996 1025
2 997 998
2 997 1026
2 998 999
2 998 1027
2 999 1000
2 999 1028
2 1000 1001
2 1000 1029
2 1001 1002
2 1001 1030
2 1002 1003
2 1002 1031
2 1003 1004
2 1003 1032
2 1004 1005
2 1004 1033
2 1005 1006
2 1005 1034
2 1006 1007
2 1006 1035
2 1007 1008
2 1007 1036
2 1008 1009
2 1008 1037
2 1009 1010
2 1009 1038
2 1010 1011
2 1010 1039
2 1011 1012
2 1011 1040
2 1012 1013
2 1012 1041
2 1013 1014
2 1013 1042
2 1014 1043
2 1015 1016
2 1015 1044
2 1016 1017
2 1016 1045
2 1017 1018
2 1017 1046
2 1018 1019
2 1018 1047
2 1019 1020
2 1019 1048
2 1020 1021
2 1020 1049
2 1021 1022
2 1021 1050
2 1022 1023
2 1022 1051
2 1023 1024
2 1023 1052
2 1024 1025
2 1024 1053
2 1025 1026
2 1025 1054
2 1026 1027
2 1026 1055
2 1027 1028
2 1027 1056
2 1028 1029
2 1028 1057
2 1029 1030
2 1029 1058
2 1030 1031
2 1030 1059
2 1031 1032
2 1031 1060
2 1032 1033
2 1032 1061
2 1033 1034
2 1033 1062
2 1034 1035
2 1034 1063
2 1035 1036
2 1035 1064
2 1036 1037
2 1036 1065
2 1037 1038
2 1037 1066
2 1038 1039
2 1038 1067
2 1039 1040
2 1039 1068
2 1040 1041
2 1040 1069
2 1041 1042
2 1041 1070
2 1042 1043
2 1042 1071
2 1043 1072
2 1044 1045
2 1044 1073
2 1045 1046
2 1045 1074
2 1046 1047
2 1046 1075
2 1047 1048
2 1047 1076
2 1048 1049
2 1048 1077
2 1049 1050
2 1049 1078
2 1050 1051
2 1050 1079
2 1051 1052
2 1051 1080
2 1052 1053
2 1052 1081
2 1053 1054
2 1053 1082
2 1054 1055
2 1054 1083
2 1055 1056
2 1055 1084
2 1056 1057
2 1056 1085
2 1057 1058
2 1057 1086
2 1058 1059
2 1058 1087
2 1059 1060
2 1059 1088
2 1060 1061
2 1060 1089
2 1061 1062
2 1061 1090
2 1062 1063
2 1062 1091
2 1063 1064
2 1063 1092
2 1064 1065
2 1064 1093
2 1065 1066
2 1065 1094
2 1066 1067
2 1066 1095
2 1067 1068
2 1067 1096
2 1068 1069
2 1068 1097
2 1069 1070
2 1069 1098
2 1070 1071
2 1070 1099
2 1071 1072
2 1071 1100
2 1072 1101
2 1073 1074
2 1073 1102
2 1074 1075
2 1074 1103
2 1075 1076
2 1075 1104
2 1076 1077
2 1076 1105
2 1077 1078
2 1077 1106
2 1078 1079
2 1078 1107
2 1079 1080
2 1079 1108
2 1080 1081
2 1080 1109
2 1081 1082
2 1081 1110
2 1082 1083
2 1082 1111
2 1083 1084
2 1083 1112
2 1084 1085
2 1084 1113
2 1085 1086
2 1085 1114
2 1086 1087
2 1086 1115
2 1087 1088
2 1087 1116
2 1088 1089
2 1088 1117
2 1089 1090
2 1089 1118
2 1090 1091
2 1090 1119
2 1091 1092
2 1091 1120
2 1092 1093
2 1092 1121
2 1093 1094
2 1093 1122
2 1094 1095
2 1094 1123
2 1095 1096
2 1095 1124
2 1096 1097
2 1096 1125
2 1097 1098
2 1097 1126
2 1098 1099
2 1098 1127
2 1099 1100
2 1099 1128
2 1100 1101
2 1100 1129
2 1101 1130
2 1102 1103
2 1102 1131
2 1103 1104
2 1103 1132
2 1104 1105
2 1104 1133
2 1105 1106
2 1105 1134
2 1106 1107
2 1106 1135
2 1107 1108
2 1107 1136
2 1108 1109
2 1108 1137
2 1109 1110
2 1109 1138
2 1110 1111
2 1110 1139
2 1111 1112
2 1111 1140
2 1112 1113
2 1112 1141
2 1113 1114
2 1113 1142
2 1114 1115
2 1114 1143
2 1115 1116
2 1115 1144
2 1116 1117
2 1116 1145
2 1117 1118
2 1117 1146
2 1118 1119
2 1118 1147
2 1119 1120
2 1119 1148
2 1120 1121
2 1120 1149
2 1121 1122
2 1121 1150
2 1122 1123
2 1122 1151
2 1123 1124
2 1123 1152
2 1124 1125
2 1124 1153
2 1125 1126
2 1125 1154
2 1126 1127
2 1126 1155
2 1127 1128
2 1127 1156
2 1128 1129
2 1128 1157
2 1129 1130
2 1129 1158
2 1130 1159
2 1131 1132
2 1131 1160
2 1132 1133
2 1132 1161
2 1133 1134
2 1133 1162
2 1134 1135
2 1134 1163
2 1135 1136
2 1135 1164
2 1136 1137
2 1136 1165
2 1137 1138
2 1137 1166
2 1138 1139
2 1138 1167
2 1139 1140
2 1139 1168
2 1140 1141
2 1140 1169
2 1141 1142
2 1141 1170
2 1142 1143
2 1142 1171
2 1143 1144
2 1143 1172
2 1144 1145
2 1144 1173
2 1145 1146
2 1145 1174
2 1146 1147
2 1146 1175
2 1147 1148
2 1147 1176
2 1148 1149
2 1148 1177
2 1149 1150
2 1149 1178
2 1150 1151
2 1150 1179
2 1151 1152
2 1151 1180
2 1152 1153
2 1152 1181
2 1153 1154
2 1153 1182
2 1154 1155
2 1154 1183
2 1155 1156
2 1155 1184
2 1156 1157
2 1156 1185
2 1157 1158
2 1157 1186
2 1158 1159
2 1158 1187
2 1159 1188
2 1160 1161
2 1160 1189
2 1161 1162
2 1161 1190
2 1162 1163
2 1162 1191
2 1163 1164
2 1163 1192
2 1164 1165
2 1164 1193
2 1165 1166
2 1165 1194
2 1166 1167
2 1166 1195
2 1167 1168
2 1167 1196
2 1168 1169
2 1168 1197
2 1169 1170
2 1169 1198
2 1170 1171
2 1170 1199
2 1171 1172
2 1171 1200
2 1172 1173
2 1172 1201
2 1173 1174
2 1173 1202
2 1174 1175
2 1174 1203
2 1175 1176
2 1175 1204
2 1176 1177
2 1176 1205
2 1177 1178
2 1177 1206
2 1178 1179
2 1178 1207
2 1179 1180
2 1179 1208
2 1180 1181
2 1180 1209
2 1181 1182
2 1181 1210
2 1182 1183
2 1182 1211
2 1183 1184
2 1183 1212
2 1184 1185
2 1184 1213
2 1185 1186
2 1185 1214
2 1186 1187
2 1186 1215
2 1187 1188
2 1187 1216
2 1188 1217
2 1189 1190
2 1189 1218
2 1190 1191
2 1190 1219
2 1191 1192
2 1191 1220
2 1192 1193
2 1192 1221
2 1193 1194
2 1193 1222
2 1194 1195
2 1194 1223
2 1195 1196
2 1195 1224
2 1196 1197
2 1196 1225
2 1197 1198
2 1197 1226
2 1198 1199
2 1198 1227
2 1199 1200
2 1199 1228
2 1200 1201
2 1200 1229
2 1201 1202
2 1201 1230
2 1202 1203
2 1202 1231
2 1203 1204
2 1203 1232
2 1204 1205
2 1204 1233
2 1205 1206
2 1205 1234
2 1206 1207
2 1206 1235
2 1207 1208
2 1207 1236
2 1208 1209
2 1208 1237
2 1209 1210
2 1209 1238
2 1210 1211
2 1210 1239
2 1211 1212
2 1211 1240
2 1212 1213
2 1212 1241
2 1213 1214
2 1213 1242
2 1214 1215
2 1214 1243
2 1215 1216
2 1215 1244
2 1216 1217
2 1216 1245
2 1217 1246
2 1218 1219
2 1218 1247
2 1219 1220
2 1219 1248
2 1220 1221
2 1220 1249
2 1221 1222
2 1221 1250
2 1222 1223
2 1222 1251
2 1223 1224
2 1223 1252
2 1224 1225
2 1224 1253
2 1225 1226
2 1225 1254
2 1226 1227
2 1226 1255
2 1227 1228
2 1227 1256
2 1228 1229
2 1228 1257
2 1229 1230
2 1229 1258
2 1230 1231
2 1230 1259
2 1231 1232
2 1231 1260
2 1232 1233
2 1232 1261
2 1233 1234
2 1233 1262
2 1234 1235
2 1234 1263
2 1235 1236
2 1235 1264
2 1236 1237
2 1236 1265
2 1237 1238
2 1237 1266
2 1238 1239
2 1238 1267
2 1239 1240
2 1239 1268
2 1240 1241
2 1240 1269
2 1241 1242
2 1241 1270
2 1242 1243
2 1242 1271
2 1243 1244
2 1243 1272
2 1244 1245
2 1244 1273
2 1245 1246
2 1245 1274
2 1246 1275
2 1247 1248
2 1247 1276
2 1248 1249
2 1248 1277
2 1249 1250
2 1249 1278
2 1250 1251
2 1250 1279
2 1251 1252
2 1251 1280
2 1252 1253
2 1252 1281
2 1253 1254
2 1253 1282
2 1254 1255
2 1254 1283
2 1255 1256
2 1255 1284
2 1256 1257
2 1256 1285
2 1257 1258
2 1257 1286
2 1258 1259
2 1258 1287
2 1259 1260
2 1259 1288
2 1260 1261
2 1260 1289
2 1261 1262
2 1261 1290
2 1262 1263
2 1262 1291
2 1263 1264
2 1263 1292
2 1264 1265
2 1264 1293
2 1265 1266
2 1265 1294
2 1266 1267
2 1266 1295
2 1267 1268
2 1267 1296
2 1268 1269
2 1268 1297
2 1269 1270
2 1269 1298
2 1270 1271
2 1270 1299
2 1271 1272
2 1271 1300
2 1272 1273
2 1272 1301
2 1273 1274
2 1273 1302
2 1274 1275
2 1274 1303
2 1275 1304
2 1276 1277
2 1276 1305
2 1277 1278
2 1277 1306
2 1278 1279
2 1278 1307
2 1279 1280
2 1279 1308
2 1280 1281
2 1280 1309
2 1281 1282
2 1281 1310
2 1282 1283
2 1282 1311
2 1283 1284
2 1283 1312
2 1284 1285
2 1284 1313
2 1285 1286
2 1285 1314
2 1286 1287
2 1286 1315
2 1287 1288
2 1287 1316
2 1288 1289
2 1288 1317
2 1289 1290
2 1289 1318
2 1290 1291
2 1290 1319
2 1291 1292
2 1291 1320
2 1292 1293
2 1292 1321
2 1293 1294
2 1293 1322
2 1294 1295
2 1294 1323
2 1295 1296
2 1295 1324
2 1296 1297
2 1296 1325
2 1297 1298
2 1297 1326
2 1298 1299
2 1298 1327
2 1299 1300
2 1299 1328
2 1300 1301
2 1300 1329
2 1301 1302
2 1301 1330
2 1302 1303
2 1302 1331
2 1303 1304
2 1303 1332
2 1304 1333
2 1305 1306
2 1305 1334
2 1306 1307
2 1306 1335
2 1307 1308
2 1307 1336
2 1308 1309
2 1308 1337
2 1309 1310
2 1309 1338
2 1310 1311
2 1310 1339
2 1311 1312
2 1311 1340
2 1312 1313
2 1312 1341
2 1313 1314
2 1313 1342
2 1314 1315
2 1314 1343
2 1315 1316
2 1315 1344
2 1316 1317
2 1316 1345
2 1317 1318
2 1317 1346
2 1318 1319
2 1318 1347
2 1319 1320
2 1319 1348
2 1320 1321
2 1320 1349
2 1321 1322
2 1321 1350
2 1322 1323
2 1322 1351
2 1323 1324
2 1323 1352
2 1324 1325
2 1324 1353
2 1325 1326
2 1325 1354
2 1326 1327
2 1326 1355
2 1327 1328
2 1327 1356
2 1328 1329
2 1328 1357
2 1329 1330
2 1329 1358
2 1330 1331
2 1330 1359
2 1331 1332
2 1331 1360
2 1332 1333
2 1332 1361
2 1333 1362
2 1334 1335
2 1334 1363
2 1335 1336
2 1335 1364
2 1336 1337
2 1336 1365
2 1337 1338
2 1337 1366
2 1338 1339
2 1338 1367
2 1339 1340
2 1339 1368
2 1340 1341
2 1340 1369
2 1341 1342
2 1341 1370
2 1342 1343
2 1342 1371
2 1343 1344
2 1343 1372
2 1344 1345
2 1344 1373
2 1345 1346
2 1345 1374
2 1346 1347
2 1346 1375
2 1347 1348
2 1347 1376
2 1348 1349
2 1348 1377
2 1349 1350
2 1349 1378
2 1350 1351
2 1350 1379
2 1351 1352
2 1351 1380
2 1352 1353
2 1352 1381
2 1353 1354
2 1353 1382
2 1354 1355
2 1354 1383
2 1355 1356
2 1355 1384
2 1356 1357
2 1356 1385
2 1357 1358
2 1357 1386
2 1358 1359
2 1358 1387
2 1359 1360
2 1359 1388
2 1360 1361
2 1360 1389
2 1361 1362
2 1361 1390
2 1362 1391
2 1363 1364
2 1363 1392
2 1364 1365
2 1364 1393
2 1365 1366
2 1365 1394
2 1366 1367
2 1366 1395
2 1367 1368
2 1367 1396
2 1368 1369
2 1368 1397
2 1369 1370
2 1369 1398
2 1370 1371
2 1370 1399
2 1371 1372
2 1371 1400
2 1372 1373
2 1372 1401
2 1373 1374
2 1373 1402
2 1374 1375
2 1374 1403
2 1375 1376
2 1375 1404
2 1376 1377
2 1376 1405
2 1377 1378
2 1377 1406
2 1378 1379
2 1378 1407
2 1379 1380
2 1379 1408
2 1380 1381
2 1380 1409
2 1381 1382
2 1381 1410
2 1382 1383
2 1382 1411
2 1383 1384
2 1383 1412
2 1384 1385
2 1384 1413
2 1385 1386
2 1385 1414
2 1386 1387
2 1386 1415
2 1387 1388
2 1387 1416
2 1388 1389
2 1388 1417
2 1389 1390
2 1389 1418
2 1390 1391
2 1390 1419
2 1391 1420
2 1392 1393
2 1392 1421
2 1393 1394
2 1393 1422
2 1394 1395
2 1394 1423
2 1395 1396
2 1395 1424
2 1396 1397
2 1396 1425
2 1397 1398
2 1397 1426
2 1398 1399
2 1398 1427
2 1399 1400
2 1399 1428
2 1400 1401
2 1400 1429
2 1401 1402
2 1401 1430
2 1402 1403
2 1402 1431
2 1403 1404
2 1403 1432
2 1404 1405
2 1404 1433
2 1405 1406
2 1405 1434
2 1406 1407
2 1406 1435
2 1407 1408
2 1407 1436
2 1408 1409
2 1408 1437
2 1409 1410
2 1409 1438
2 1410 1411
2 1410 1439
2 1411 1412
2 1411 1440
2 1412 1413
2 1412 1441
2 1413 1414
2 1413 1442
2 1414 1415
2 1414 1443
2 1415 1416
2 1415 1444
2 1416 1417
2 1416 1445
2 1417 1418
2 1417 1446
2 1418 1419
2 1418 1447
2 1419 1420
2 1419 1448
2 1420 1449
2 1421 1422
2 1421 1450
2 1422 1423
2 1422 1451
2 1423 1424
2 1423 1452
2 1424 1425
2 1424 1453
2 1425 1426
2 1425 1454
2 1426 1427
2 1426 1455
2 1427 1428
2 1427 1456
2 1428 1429
2 1428 1457
2 1429 1430
2 1429 1458
2 1430 1431
2 1430 1459
2 1431 1432
2 1431 1460
2 1432 1433
2 1432 1461
2 1433 1434
2 1433 1462
2 1434 1435
2 1434 1463
2 1435 1436
2 1435 1464
2 1436 1437
2 1436 1465
2 1437 1438
2 1437 1466
2 1438 1439
2 1438 1467
2 1439 1440
2 1439 1468
2 1440 1441
2 1440 1469
2 1441 1442
2 1441 1470
2 1442 1443
2 1442 1471
2 1443 1444
2 1443 1472
2 1444 1445
2 1444 1473
2 1445 1446
2 1445 1474
2 1446 1447
2 1446 1475
2 1447 1448
2 1447 1476
2 1448 1449
2 1448 1477
2 1449 1478
2 1450 1451
2 1450 1479
2 1451 1452
2 1451 1480
2 1452 1453
2 1452 1481
2 1453 1454
2 1453 1482
2 1454 1455
2 1454 1483
2 1455 1456
2 1455 1484
2 1456 1457
2 1456 1485
2 1457 1458
2 1457 1486
2 1458 1459
2 1458 1487
2 1459 1460
2 1459 1488
2 1460 1461
2 1460 1489
2 1461 1462
2 1461 1490
2 1462 1463
2 1462 1491
2 1463 1464
2 1463 1492
2 1464 1465
2 1464 1493
2 1465 1466
2 1465 1494
2 1466 1467
2 1466 1495
2 1467 1468
2 1467 1496
2 1468 1469
2 1468 1497
2 1469 1470
2 1469 1498
2 1470 1471
2 1470 1499
2 1471 1472
2 1471 1500
2 1472 1473
2 1472 1501
2 1473 1474
2 1473 1502
2 1474 1475
2 1474 1503
2 1475 1476
2 1475 1504
2 1476 1477
2 1476 1505
2 1477 1478
2 1477 1506
2 1478 1507
2 1479 1480
2 1479 1508
2 1480 1481
2 1480 1509
2 1481 1482
2 1481 1510
2 1482 1483
2 1482 1511
2 1483 1484
2 1483 1512
2 1484 1485
2 1484 1513
2 1485 1486
2 1485 1514
2 1486 1487
2 1486 1515
2 1487 1488
2 1487 1516
2 1488 1489
2 1488 1517
2 1489 1490
2 1489 1518
2 1490 1491
2 1490 1519
2 1491 1492
2 1491 1520
2 1492 1493
2 1492 1521
2 1493 1494
2 1493 1522
2 1494 1495
2 1494 1523
2 1495 1496
2 1495 1524
2 1496 1497
2 1496 1525
2 1497 1498
2 1497 1526
2 1498 1499
2 1498 1527
2 1499 1500
2 1499 1528
2 1500 1501
2 1500 1529
2 1501 1502
2 1501 1530
2 1502 1503
2 1502 1531
2 1503 1504
2 1503 1532
2 1504 1505
2 1504 1533
2 1505 1506
2 1505 1534
2 1506 1507
2 1506 1535
2 1507 1536
2 1508 1509
2 1508 1537
2 1509 1510
2 1509 1538
2 1510 1511
2 1510 1539
2 1511 1512
2 1511 1540
2 1512 1513
2 1512 1541
2 1513 1514
2 1513 1542
2 1514 1515
2 1514 1543
2 1515 1516
2 1515 1544
2 1516 1517
2 1516 1545
2 1517 1518
2 1517 1546
2 1518 1519
2 1518 1547
2 1519 1520
2 1519 1548
2 1520 1521
2 1520 1549
2 1521 1522
2 1521 1550
2 1522 1523
2 1522 1551
2 1523 1524
2 1523 1552
2 1524 1525
2 1524 1553
2 1525 1526
2 1525 1554
2 1526 1527
2 1526 1555
2 1527 1528
2 1527 1556
2 1528 1529
2 1528 1557
2 1529 1530
2 1529 1558
2 1530 1531
2 1530 1559
2 1531 1532
2 1531 1560
2 1532 1533
2 1532 1561
2 1533 1534
2 1533 1562
2 1534 1535
2 1534 1563
2 1535 1536
2 1535 1564
2 1536 1565
2 1537 1538
2 1537 1566
2 1538 1539
2 1538 1567
2 1539 1540
2 1539 1568
2 1540 1541
2 1540 1569
2 1541 1542
2 1541 1570
2 1542 1543
2 1542 1571
2 1543 1544
2 1543 1572
2 1544 1545
2 1544 1573
2 1545 1546
2 1545 1574
2 1546 1547
2 1546 1575
2 1547 1548
2 1547 1576
2 1548 1549
2 1548 1577
2 1549 1550
2 1549 1578
2 1550 1551
2 1550 1579
2 1551 1552
2 1551 1580
2 1552 1553
2 1552 1581
2 1553 1554
2 1553 1582
2 1554 1555
2 1554 1583
2 1555 1556
2 1555 1584
2 1556 1557
2 1556 1585
2 1557 1558
2 1557 1586
2 1558 1559
2 1558 1587
2 1559 1560
2 1559 1588
2 1560 1561
2 1560 1589
2 1561 1562
2 1561 1590
2 1562 1563
2 1562 1591
2 1563 1564
2 1563 1592
2 1564 1565
2 1564 1593
2 1565 1594
2 1566 1567
2 1566 1595
2 1567 1568
2 1567 1596
2 1568 1569
2 1568 1597
2 1569 1570
2 1569 1598
2 1570 1571
2 1570 1599
2 1571 1572
2 1571 1600
2 1572 1573
2 1572 1601
2 1573 1574
2 1573 1602
2 1574 1575
2 1574 1603
2 1575 1576
2 1575 1604
2 1576 1577
2 1576 1605
2 1577 1578
2 1577 1606
2 1578 1579
2 1578 1607
2 1579 1580
2 1579 1608
2 1580 1581
2 1580 1609
2 1581 1582
2 1581 1610
2 1582 1583
2 1582 1611
2 1583 1584
2 1583 1612
2 1584 1585
2 1584 1613
2 1585 1586
2 1585 1614
2 1586 1587
2 1586 1615
2 1587 1588
2 1587 1616
2 1588 1589
2 1588 1617
2 1589 1590
2 1589 1618
2 1590 1591
2 1590 1619
2 1591 1592
2 1591 1620
2 1592 1593
2 1592 1621
2 1593 1594
2 1593 1622
2 1594 1623
2 1595 1596
2 1595 1624
2 1596 1597
2 1596 1625
2 1597 1598
2 1597 1626
2 1598 1599
2 1598 1627
2 1599 1600
2 1599 1628
2 1600 1601
2 1600 1629
2 1601 1602
2 1601 1630
2 1602 1603
2 1602 1631
2 1603 1604
2 1603 1632
2 1604 1605
2 1604 1633
2 1605 1606
2 1605 1634
2 1606 1607
2 1606 1635
2 1607 1608
2 1607 1636
2 1608 1609
2 1608 1637
2 1609 1610
2 1609 1638
2 1610 1611
2 1610 1639
2 1611 1612
2 1611 1640
2 1612 1613
2 1612 1641
2 1613 1614
2 1613 1642
2 1614 1615
2 1614 1643
2 1615 1616
2 1615 1644
2 1616 1617
2 1616 1645
2 1617 1618
2 1617 1646
2 1618 1619
2 1618 1647
2 1619 1620
2 1619 1648
2 1620 1621
2 1620 1649
2 1621 1622
2 1621 1650
2 1622 1623
2 1622 1651
2 1623 1652
2 1624 1625
2 1624 1653
2 1625 1626
2 1625 1654
2 1626 1627
2 1626 1655
2 1627 1628
2 1627 1656
2 1628 1629
2 1628 1657
2 1629 1630
2 1629 1658
2 1630 1631
2 1630 1659
2 1631 1632
2 1631 1660
2 1632 1633
2 1632 1661
2 1633 1634
2 1633 1662
2 1634 1635
2 1634 1663
2 1635 1636
2 1635 1664
2 1636 1637
2 1636 1665
2 1637 1638
2 1637 1666
2 1638 1639
2 1638 1667
2 1639 1640
2 1639 1668
2 1640 1641
2 1640 1669
2 1641 1642
2 1641 1670
2 1642 1643
2 1642 1671
2 1643 1644
2 1643 1672
2 1644 1645
2 1644 1673
2 1645 1646
2 1645 1674
2 1646 1647
2 1646 1675
2 1647 1648
2 1647 1676
2 1648 1649
2 1648 1677
2 1649 1650
2 1649 1678
2 1650 1651
2 1650 1679
2 1651 1652
2 1651 1680
2 1652 1681
2 1653 1654
2 1653 1682
2 1654 1655
2 1654 1683
2 1655 1656
2 1655 1684
2 1656 1657
2 1656 1685
2 1657 1658
2 1657 1686
2 1658 1659
2 1658 1687
2 1659 1660
2 1659 1688
2 1660 1661
2 1660 1689
2 1661 1662
2 1661 1690
2 1662 1663
2 1662 1691
2 1663 1664
2 1663 1692
2 1664 1665
2 1664 1693
2 1665 1666
2 1665 1694
2 1666 1667
2 1666 1695
2 1667 1668
2 1667 1696
2 1668 1669
2 1668 1697
2 1669 1670
2 1669 1698
2 1670 1671
2 1670 1699
2 1671 1672
2 1671 1700
2 1672 1673
2 1672 1701
2 1673 1674
2 1673 1702
2 1674 1675
2 1674 1703
2 1675 1676
2 1675 1704
2 1676 1677
2 1676 1705
2 1677 1678
2 1677 1706
2 1678 1679
2 1678 1707
2 1679 1680
2 1679 1708
2 1680 1681
2 1680 1709
2 1681 1710
2 1682 1683
2 1682 1711
2 1683 1684
2 1683 1712
2 1684 1685
2 1684 1713
2 1685 1686
2 1685 1714
2 1686 1687
2 1686 1715
2 1687 1688
2 1687 1716
2 1688 1689
2 1688 1717
2 1689 1690
2 1689 1718
2 1690 1691
2 1690 1719
2 1691 1692
2 1691 1720
2 1692 1693
2 1692 1721
2 1693 1694
2 1693 1722
2 1694 1695
2 1694 1723
2 1695 1696
2 1695 1724
2 1696 1697
2 1696 1725
2 1697 1698
2 1697 1726
2 1698 1699
2 1698 1727
2 1699 1700
2 1699 1728
2 1700 1701
2 1700 1729
2 1701 1702
2 1701 1730
2 1702 1703
2 1702 1731
2 1703 1704
2 1703 1732
2 1704 1705
2 1704 1733
2 1705 1706
2 1705 1734
2 1706 1707
2 1706 1735
2 1707 1708
2 1707 1736
2 1708 1709
2 1708 1737
2 1709 1710
2 1709 1738
2 1710 1739
2 1711 1712
2 1711 1740
2 1712 1713
2 1712 1741
2 1713 1714
2 1713 1742
2 1714 1715
2 1714 1743
2 1715 1716
2 1715 1744
2 1716 1717
2 1716 1745
2 1717 1718
2 1717 1746
2 1718 1719
2 1718 1747
2 1719 1720
2 1719 1748
2 1720 1721
2 1720 1749
2 1721 1722
2 1721 1750
2 1722 1723
2 1722 1751
2 1723 1724
2 1723 1752
2 1724 1725
2 1724 1753
2 1725 1726
2 1725 1754
2 1726 1727
2 1726 1755
2 1727 1728
2 1727 1756
2 1728 1729
2 1728 1757
2 1729 1730
2 1729 1758
2 1730 1731
2 1730 1759
2 1731 1732
2 1731 1760
2 1732 1733
2 1732 1761
2 1733 1734
2 1733 1762
2 1734 1735
2 1734 1763
2 1735 1736
2 1735 1764
2 1736 1737
2 1736 1765
2 1737 1738
2 1737 1766
2 1738 1739
2 1738 1767
2 1739 1768
2 1740 1741
2 1740 1769
2 1741 1742
2 1741 1770
2 1742 1743
2 1742 1771
2 1743 1744
2 1743 1772
2 1744 1745
2 1744 1773
2 1745 1746
2 1745 1774
2 1746 1747
2 1746 1775
2 1747 1748
2 1747 1776
2 1748 1749
2 1748 1777
2 1749 1750
2 1749 1778
2 1750 1751
2 1750 1779
2 1751 1752
2 1751 1780
2 1752 1753
2 1752 1781
2 1753 1754
2 1753 1782
2 1754 1755
2 1754 1783
2 1755 1756
2 1755 1784
2 1756 1757
2 1756 1785
2 1757 1758
2 1757 1786
2 1758 1759
2 1758 1787
2 1759 1760
2 1759 1788
2 1760 1761
2 1760 1789
2 1761 1762
2 1761 1790
2 1762 1763
2 1762 1791
2 1763 1764
2 1763 1792
2 1764 1765
2 1764 1793
2 1765 1766
2 1765 1794
2 1766 1767
2 1766 1795
2 1767 1768
2 1767 1796
2 1768 1797
2 1769 1770
2 1769 1798
2 1770 1771
2 1770 1799
2 1771 1772
2 1771 1800
2 1772 1773
2 1772 1801
2 1773 1774
2 1773 1802
2 1774 1775
2 1774 1803
2 1775 1776
2 1775 1804
2 1776 1777
2 1776 1805
2 1777 1778
2 1777 1806
2 1778 1779
2 1778 1807
2 1779 1780
2 1779 1808
2 1780 1781
2 1780 1809
2 1781 1782
2 1781 1810
2 1782 1783
2 1782 1811
2 1783 1784
2 1783 1812
2 1784 1785
2 1784 1813
2 1785 1786
2 1785 1814
2 1786 1787
2 1786 1815
2 1787 1788
2 1787 1816
2 1788 1789
2 1788 1817
2 1789 1790
2 1789 1818
2 1790 1791
2 1790 1819
2 1791 1792
2 1791 1820
2 1792 1793
2 1792 1821
2 1793 1794
2 1793 1822
2 1794 1795
2 1794 1823
2 1795 1796
2 1795 1824
2 1796 1797
2 1796 1825
2 1797 1826
2 1798 1799
2 1799 1800
2 1800 1801
2 1801 1802
2 1802 1803
2 1803 1804
2 1804 1805
2 1805 1806
2 1806 1807
2 1807 1808
2 1808 1809
2 1809 1810
2 1810 1811
2 1811 1812
2 1812 1813
2 1813 1814
2 1814 1815
2 1815 1816
2 1816 1817
2 1817 1818
2 1818 1819
2 1819 1820
2 1820 1821
2 1821 1822
2 1822 1823
2 1823 1824
2 1824 1825
2 1825 1826
2 1827 1828
2 1827 1856
2 1828 1829
2 1828 1857
2 1829 1830
2 1829 1858
2 1830 1831
2 1830 1859
2 1831 1832
2 1831 1860
2 1832 1833
2 1832 1861
2 1833 1834
2 1833 1862
2 1834 1835
2 1834 1863
2 1835 1836
2 1835 1864
2 1836 1837
2 1836 1865
2 1837 1838
2 1837 1866
2 1838 1839
2 1838 1867
2 1839 1840
2 1839 1868
2 1840 1841
2 1840 1869
2 1841 1842
2 1841 1870
2 1842 1843
2 1842 1871
2 1843 1844
2 1843 1872
2 1844 1845
2 1844 1873
2 1845 1846
2 1845 1874
2 1846 1847
2 1846 1875
2 1847 1848
2 1847 1876
2 1848 1849
2 1848 1877
2 1849 1850
2 1849 1878
2 1850 1851
2 1850 1879
2 1851 1852
2 1851 1880
2 1852 1853
2 1852 1881
2 1853 1854
2 1853 1882
2 1854 1855
2 1854 1883
2 1855 1884
2 1856 1857
2 1856 1885
2 1857 1858
2 1857 1886
2 1858 1859
2 1858 1887
2 1859 1860
2 1859 1888
2 1860 1861
2 1860 1889
2 1861 1862
2 1861 1890
2 1862 1863
2 1862 1891
2 1863 1864
2 1863 1892
2 1864 1865
2 1864 1893
2 1865 1866
2 1865 1894
2 1866 1867
2 1866 1895
2 1867 1868
2 1867 1896
2 1868 1869
2 1868 1897
2 1869 1870
2 1869 1898
2 1870 1871
2 1870 1899
2 1871 1872
2 1871 1900
2 1872 1873
2 1872 1901
2 1873 1874
2 1873 1902
2 1874 1875
2 1874 1903
2 1875 1876
2 1875 1904
2 1876 1877
2 1876 1905
2 1877 1878
2 1877 1906
2 1878 1879
2 1878 1907
2 1879 1880
2 1879 1908
2 1880 1881
2 1880 1909
2 1881 1882
2 1881 1910
2 1882 1883
2 1882 1911
2 1883 1884
2 1883 1912
2 1884 1913
2 1885 1886
2 1885 1914
2 1886 1887
2 1886 1915
2 1887 1888
2 1887 1916
2 1888 1889
2 1888 1917
2 1889 1890
2 1889 1918
2 1890 1891
2 1890 1919
2 1891 1892
2 1891 1920
2 1892 1893
2 1892 1921
2 1893 1894
2 1893 1922
2 1894 1895
2 1894 1923
2 1895 1896
2 1895 1924
2 1896 1897
2 1896 1925
2 1897 1898
2 1897 1926
2 1898 1899
2 1898 1927
2 1899 1900
2 1899 1928
2 1900 1901
2 1900 1929
2 1901 1902
2 1901 1930
2 1902 1903
2 1902 1931
2 1903 1904
2 1903 1932
2 1904 1905
2 1904 1933
2 1905 1906
2 1905 1934
2 1906 1907
2 1906 1935
2 1907 1908
2 1907 1936
2 1908 1909
2 1908 1937
2 1909 1910
2 1909 1938
2 1910 1911
2 1910 1939
2 1911 1912
2 1911 1940
2 1912 1913
2 1912 1941
2 1913 1942
2 1914 1915
2 1914 1943
2 1915 1916
2 1915 1944
2 1916 1917
2 1916 1945
2 1917 1918
2 1917 1946
2 1918 1919
2 1918 1947
2 1919 1920
2 1919 1948
2 1920 1921
2 1920 1949
2 1921 1922
2 1921 1950
2 1922 1923
2 1922 1951
2 1923 1924
2 1923 1952
2 1924 1925
2 1924 1953
2 1925 1926
2 1925 1954
2 1926 1927
2 1926 1955
2 1927 1928
2 1927 1956
2 1928 1929
2 1928 1957
2 1929 1930
2 1929 1958
2 1930 1931
2 1930 1959
2 1931 1932
2 1931 1960
2 1932 1933
2 1932 1961
2 1933 1934
2 1933 1962
2 1934 1935
2 1934 1963
2 1935 1936
2 1935 1964
2 1936 1937
2 1936 1965
2 1937 1938
2 1937 1966
2 1938 1939
2 1938 1967
2 1939 1940
2 1939 1968
2 1940 1941
2 1940 1969
2 1941 1942
2 1941 1970
2 1942 1971
2 1943 1944
2 1943 1972
2 1944 1945
2 1944 1973
2 1945 1946
2 1945 1974
2 1946 1947
2 1946 1975
2 1947 1948
2 1947 1976
2 1948 1949
2 1948 1977
2 1949 1950
2 1949 1978
2 1950 1951
2 1950 1979
2 1951 1952
2 1951 1980
2 1952 1953
2 1952 1981
2 1953 1954
2 1953 1982
2 1954 1955
2 1954 1983
2 1955 1956
2 1955 1984
2 1956 1957
2 1956 1985
2 1957 1958
2 1957 1986
2 1958 1959
2 1958 1987
2 1959 1960
2 1959 1988
2 1960 1961
2 1960 1989
2 1961 1962
2 1961 1990
2 1962 1963
2 1962 1991
2 1963 1964
2 1963 1992
2 1964 1965
2 1964 1993
2 1965 1966
2 1965 1994
2 1966 1967
2 1966 1995
2 1967 1968
2 1967 1996
2 1968 1969
2 1968 1997
2 1969 1970
2 1969 1998
2 1970 1971
2 1970 1999
2 1971 2000
2 1972 1973
2 1972 2001
2 1973 1974
2 1973 2002
2 1974 1975
2 1974 2003
2 1975 1976
2 1975 2004
2 1976 1977
2 1976 2005
2 1977 1978
2 1977 2006
2 1978 1979
2 1978 2007
2 1979 1980
2 1979 2008
2 1980 1981
2 1980 2009
2 1981 1982
2 1981 2010
2 1982 1983
2 1982 2011
2 1983 1984
2 1983 2012
2 1984 1985
2 1984 2013
2 1985 1986
2 1985 2014
2 1986 1987
2 1986 2015
2 1987 1988
2 1987 2016
2 1988 1989
2 1988 2017
2 1989 1990
2 1989 2018
2 1990 1991
2 1990 2019
2 1991 1992
2 1991 2020
2 1992 1993
2 1992 2021
2 1993 1994
2 1993 2022
2 1994 1995
2 1994 2023
2 1995 1996
2 1995 2024
2 1996 1997
2 1996 2025
2 1997 1998
2 1997 2026
2 1998 1999
2 1998 2027
2 1999 2000
2 1999 2028
2 2000 2029
2 2001 2002
2 2001 2030
2 2002 2003
2 2002 2031
2 2003 2004
2 2003 2032
2 2004 2005
2 2004 2033
2 2005 2006
2 2005 2034
2 2006 2007
2 2006 2035
2 2007 2008
2 2007 2036
2 2008 2009
2 2008 2037
2 2009 2010
2 2009 2038
2 2010 2011
2 2010 2039
2 2011 2012
2 2011 2040
2 2012 2013
2 2012 2041
2 2013 2014
2 2013 2042
2 2014 2015
2 2014 2043
2 2015 2016
2 2015 2044
2 2016 2017
2 2016 2045
2 2017 2018
2 2017 2046
2 2018 2019
2 2018 2047
2 2019 2020
2 2019 2048
2 2020 2021
2 2020 2049
2 2021 2022
2 2021 2050
2 2022 2023
2 2022 2051
2 2023 2024
2 2023 2052
2 2024 2025
2 2024 2053
2 2025 2026
2 2025 2054
2 2026 2027
2 2026 2055
2 2027 2028
2 2027 2056
2 2028 2029
2 2028 2057
2 2029 2058
2 2030 2031
2 2030 2059
2 2031 2032
2 2031 2060
2 2032 2033
2 2032 2061
2 2033 2034
2 2033 2062
2 2034 2035
2 2034 2063
2 2035 2036
2 2035 2064
2 2036 2037
2 2036 2065
2 2037 2038
2 2037 2066
2 2038 2039
2 2038 2067
2 2039 2040
2 2039 2068
2 2040 2041
2 2040 2069
2 2041 2042
2 2041 2070
2 2042 2043
2 2042 2071
2 2043 2044
2 2043 2072
2 2044 2045
2 2044 2073
2 2045 2046
2 2045 2074
2 2046 2047
2 2046 2075
2 2047 2048
2 2047 2076
2 2048 2049
2 2048 2077
2 2049 2050
2 2049 2078
2 2050 2051
2 2050 2079
2 2051 2052
2 2051 2080
2 2052 2053
2 2052 2081
2 2053 2054
2 2053 2082
2 2054 2055
2 2054 2083
2 2055 2056
2 2055 2084
2 2056 2057
2 2056 2085
2 2057 2058
2 2057 2086
2 2058 2087
2 2059 2060
2 2059 2088
2 2060 2061
2 2060 2089
2 2061 2062
2 2061 2090
2 2062 2063
2 2062 2091
2 2063 2064
2 2063 2092
2 2064 2065
2 2064 2093
2 2065 2066
2 2065 2094
2 2066 2067
2 2066 2095
2 2067 2068
2 2067 2096
2 2068 2069
2 2068 2097
2 2069 2070
2 2069 2098
2 2070 2071
2 2070 2099
2 2071 2072
2 2071 2100
2 2072 2073
2 2072 2101
2 2073 2074
2 2073 2102
2 2074 2075
2 2074 2103
2 2075 2076
2 2075 2104
2 2076 2077
2 2076 2105
2 2077 2078
2 2077 2106
2 2078 2079
2 2078 2107
2 2079 2080
2 2079 2108
2 2080 2081
2 2080 2109
2 2081 2082
2 2081 2110
2 2082 2083
2 2082 2111
2 2083 2084
2 2083 2112
2 2084 2085
2 2084 2113
2 2085 2086
2 2085 2114
2 2086 2087
2 2086 2115
2 2087 2116
2 2088 2089
2 2088 2117
2 2089 2090
2 2089 2118
2 2090 2091
2 2090 2119
2 2091 2092
2 2091 2120
2 2092 2093
2 2092 2121
2 2093 2094
2 2093 2122
2 2094 2095
2 2094 2123
2 2095 2096
2 2095 2124
2 2096 2097
2 2096 2125
2 2097 2098
2 2097 2126
2 2098 2099
2 2098 2127
2 2099 2100
2 2099 2128
2 2100 2101
2 2100 2129
2 2101 2102
2 2101 2130
2 2102 2103
2 2102 2131
2 2103 2104
2 2103 2132
2 2104 2105
2 2104 2133
2 2105 2106
2 2105 2134
2 2106 2107
2 2106 2135
2 2107 2108
2 2107 2136
2 2108 2109
2 2108 2137
2 2109 2110
2 2109 2138
2 2110 2111
2 2110 2139
2 2111 2112
2 2111 2140
2 2112 2113
2 2112 2141
2 2113 2114
2 2113 2142
2 2114 2115
2 2114 2143
2 2115 2116
2 2115 2144
2 2116 2145
2 2117 2118
2 2117 2146
2 2118 2119
2 2118 2147
2 2119 2120
2 2119 2148
2 2120 2121
2 2120 2149
2 2121 2122
2 2121 2150
2 2122 2123
2 2122 2151
2 2123 2124
2 2123 2152
2 2124 2125
2 2124 2153
2 2125 2126
2 2125 2154
2 2126 2127
2 2126 2155
2 2127 2128
2 2127 2156
2 2128 2129
2 2128 2157
2 2129 2130
2 2129 2158
2 2130 2131
2 2130 2159
2 2131 2132
2 2131 2160
2 2132 2133
2 2132 2161
2 2133 2134
2 2133 2162
2 2134 2135
2 2134 2163
2 2135 2136
2 2135 2164
2 2136 2137
2 2136 2165
2 2137 2138
2 2137 2166
2 2138 2139
2 2138 2167
2 2139 2140
2 2139 2168
2 2140 2141
2 2140 2169
2 2141 2142
2 2141 2170
2 2142 2143
2 2142 2171
2 2143 2144
2 2143 2172
2 2144 2145
2 2144 2173
2 2145 2174
2 2146 2147
2 2146 2175
2 2147 2148
2 2147 2176
2 2148 2149
2 2148 2177
2 2149 2150
2 2149 2178
2 2150 2151
2 2150 2179
2 2151 2152
2 2151 2180
2 2152 2153
2 2152 2181
2 2153 2154
2 2153 2182
2 2154 2155
2 2154 2183
2 2155 2156
2 2155 2184
2 2156 2157
2 2156 2185
2 2157 2158
2 2157 2186
2 2158 2159
2 2158 2187
2 2159 2160
2 2159 2188
2 2160 2161
2 2160 2189
2 2161 2162
2 2161 2190
2 2162 2163
2 2162 2191
2 2163 2164
2 2163 2192
2 2164 2165
2 2164 2193
2 2165 2166
2 2165 2194
2 2166 2167
2 2166 2195
2 2167 2168
2 2167 2196
2 2168 2169
2 2168 2197
2 2169 2170
2 2169 2198
2 2170 2171
2 2170 2199
2 2171 2172
2 2171 2200
2 2172 2173
2 2172 2201
2 2173 2174
2 2173 2202
2 2174 2203
2 2175 2176
2 2175 2204
2 2176 2177
2 2176 2205
2 2177 2178
2 2177 2206
2 2178 2179
2 2178 2207
2 2179 2180
2 2179 2208
2 2180 2181
2 2180 2209
2 2181 2182
2 2181 2210
2 2182 2183
2 2182 2211
2 2183 2184
2 2183 2212
2 2184 2185
2 2184 2213
2 2185 2186
2 2185 2214
2 2186 2187
2 2186 2215
2 2187 2188
2 2187 2216
2 2188 2189
2 2188 2217
2 2189 2190
2 2189 2218
2 2190 2191
2 2190 2219
2 2191 2192
2 2191 2220
2 2192 2193
2 2192 2221
2 2193 2194
2 2193 2222
2 2194 2195
2 2194 2223
2 2195 2196
2 2195 2224
2 2196 2197
2 2196 2225
2 2197 2198
2 2197 2226
2 2198 2199
2 2198 2227
2 2199 2200
2 2199 2228
2 2200 2201
2 2200 2229
2 2201 2202
2 2201 2230
2 2202 2203
2 2202 2231
2 2203 2232
2 2204 2205
2 2204 2233
2 2205 2206
2 2205 2234
2 2206 2207
2 2206 2235
2 2207 2208
2 2207 2236
2 2208 2209
2 2208 2237
2 2209 2210
2 2209 2238
2 2210 2211
2 2210 2239
2 2211 2212
2 2211 2240
2 2212 2213
2 2212 2241
2 2213 2214
2 2213 2242
2 2214 2215
2 2214 2243
2 2215 2216
2 2215 2244
2 2216 2217
2 2216 2245
2 2217 2218
2 2217 2246
2 2218 2219
2 2218 2247
2 2219 2220
2 2219 2248
2 2220 2221
2 2220 2249
2 2221 2222
2 2221 2250
2 2222 2223
2 2222 2251
2 2223 2224
2 2223 2252
2 2224 2225
2 2224 2253
2 2225 2226
2 2225 2254
2 2226 2227
2 2226 2255
2 2227 2228
2 2227 2256
2 2228 2229
2 2228 2257
2 2229 2230
2 2229 2258
2 2230 2231
2 2230 2259
2 2231 2232
2 2231 2260
2 2232 2261
2 2233 2234
2 2233 2262
2 2234 2235
2 2234 2263
2 2235 2236
2 2235 2264
2 2236 2237
2 2236 2265
2 2237 2238
2 2237 2266
2 2238 2239
2 2238 2267
2 2239 2240
2 2239 2268
2 2240 2241
2 2240 2269
2 2241 2242
2 2241 2270
2 2242 2243
2 2242 2271
2 2243 2244
2 2243 2272
2 2244 2245
2 2244 2273
2 2245 2246
2 2245 2274
2 2246 2247
2 2246 2275
2 2247 2248
2 2247 2276
2 2248 2249
2 2248 2277
2 2249 2250
2 2249 2278
2 2250 2251
2 2250 2279
2 2251 2252
2 2251 2280
2 2252 2253
2 2252 2281
2 2253 2254
2 2253 2282
2 2254 2255
2 2254 2283
2 2255 2256
2 2255 2284
2 2256 2257
2 2256 2285
2 2257 2258
2 2257 2286
2 2258 2259
2 2258 2287
2 2259 2260
2 2259 2288
2 2260 2261
2 2260 2289
2 2261 2290
2 2262 2263
2 2262 2291
2 2263 2264
2 2263 2292
2 2264 2265
2 2264 2293
2 2265 2266
2 2265 2294
2 2266 2267
2 2266 2295
2 2267 2268
2 2267 2296
2 2268 2269
2 2268 2297
2 2269 2270
2 2269 2298
2 2270 2271
2 2270 2299
2 2271 2272
2 2271 2300
2 2272 2273
2 2272 2301
2 2273 2274
2 2273 2302
2 2274 2275
2 2274 2303
2 2275 2276
2 2275 2304
2 2276 2277
2 2276 2305
2 2277 2278
2 2277 2306
2 2278 2279
2 2278 2307
2 2279 2280
2 2279 2308
2 2280 2281
2 2280 2309
2 2281 2282
2 2281 2310
2 2282 2283
2 2282 2311
2 2283 2284
2 2283 2312
2 2284 2285
2 2284 2313
2 2285 2286
2 2285 2314
2 2286 2287
2 2286 2315
2 2287 2288
2 2287 2316
2 2288 2289
2 2288 2317
2 2289 2290
2 2289 2318
2 2290 2319
2 2291 2292
2 2291 2320
2 2292 2293
2 2292 2321
2 2293 2294
2 2293 2322
2 2294 2295
2 2294 2323
2 2295 2296
2 2295 2324
2 2296 2297
2 2296 2325
2 2297 2298
2 2297 2326
2 2298 2299
2 2298 2327
2 2299 2300
2 2299 2328
2 2300 2301
2 2300 2329
2 2301 2302
2 2301 2330
2 2302 2303
2 2302 2331
2 2303 2304
2 2303 2332
2 2304 2305
2 2304 2333
2 2305 2306
2 2305 2334
2 2306 2307
2 2306 2335
2 2307 2308
2 2307 2336
2 2308 2309
2 2308 2337
2 2309 2310
2 2309 2338
2 2310 2311
2 2310 2339
2 2311 2312
2 2311 2340
2 2312 2313
2 2312 2341
2 2313 2314
2 2313 2342
2 2314 2315
2 2314 2343
2 2315 2316
2 2315 2344
2 2316 2317
2 2316 2345
2 2317 2318
2 2317 2346
2 2318 2319
2 2318 2347
2 2319 2348
2 2320 2321
2 2320 2349
2 2321 2322
2 2321 2350
2 2322 2323
2 2322 2351
2 2323 2324
2 2323 2352
2 2324 2325
2 2324 2353
2 2325 2326
2 2325 2354
2 2326 2327
2 2326 2355
2 2327 2328
2 2327 2356
2 2328 2329
2 2328 2357
2 2329 2330
2 2329 2358
2 2330 2331
2 2330 2359
2 2331 2332
2 2331 2360
2 2332 2333
2 2332 2361
2 2333 2334
2 2333 2362
2 2334 2335
2 2334 2363
2 2335 2336
2 2335 2364
2 2336 2337
2 2336 2365
2 2337 2338
2 2337 2366
2 2338 2339
2 2338 2367
2 2339 2340
2 2339 2368
2 2340 2341
2 2340 2369
2 2341 2342
2 2341 2370
2 2342 2343
2 2342 2371
2 2343 2344
2 2343 2372
2 2344 2345
2 2344 2373
2 2345 2346
2 2345 2374
2 2346 2347
2 2346 2375
2 2347 2348
2 2347 2376
2 2348 2377
2 2349 2350
2 2349 2378
2 2350 2351
2 2350 2379
2 2351 2352
2 2351 2380
2 2352 2353
2 2352 2381
2 2353 2354
2 2353 2382
2 2354 2355
2 2354 2383
2 2355 2356
2 2355 2384
2 2356 2357
2 2356 2385
2 2357 2358
2 2357 2386
2 2358 2359
2 2358 2387
2 2359 2360
2 2359 2388
2 2360 2361
2 2360 2389
2 2361 2362
2 2361 2390
2 2362 2363
2 2362 2391
2 2363 2364
2 2363 2392
2 2364 2365
2 2364 2393
2 2365 2366
2 2365 2394
2 2366 2367
2 2366 2395
2 2367 2368
2 2367 2396
2 2368 2369
2 2368 2397
2 2369 2370
2 2369 2398
2 2370 2371
2 2370 2399
2 2371 2372
2 2371 2400
2 2372 2373
2 2372 2401
2 2373 2374
2 2373 2402
2 2374 2375
2 2374 2403
2 2375 2376
2 2375 2404
2 2376 2377
2 2376 2405
2 2377 2406
2 2378 2379
2 2378 2407
2 2379 2380
2 2379 2408
2 2380 2381
2 2380 2409
2 2381 2382
2 2381 2410
2 2382 2383
2 2382 2411
2 2383 2384
2 2383 2412
2 2384 2385
2 2384 2413
2 2385 2386
2 2385 2414
2 2386 2387
2 2386 2415
2 2387 2388
2 2387 2416
2 2388 2389
2 2388 2417
2 2389 2390
2 2389 2418
2 2390 2391
2 2390 2419
2 2391 2392
2 2391 2420
2 2392 2393
2 2392 2421
2 2393 2394
2 2393 2422
2 2394 2395
2 2394 2423
2 2395 2396
2 2395 2424
2 2396 2397
2 2396 2425
2 2397 2398
2 2397 2426
2 2398 2399
2 2398 2427
2 2399 2400
2 2399 2428
2 2400 2401
2 2400 2429
2 2401 2402
2 2401 2430
2 2402 2403
2 2402 2431
2 2403 2404
2 2403 2432
2 2404 2405
2 2404 2433
2 2405 2406
2 2405 2434
2 2406 2435
2 2407 2408
2 2407 2436
2 2408 2409
2 2408 2437
2 2409 2410
2 2409 2438
2 2410 2411
2 2410 2439
2 2411 2412
2 2411 2440
2 2412 2413
2 2412 2441
2 2413 2414
2 2413 2442
2 2414 2415
2 2414 2443
2 2415 2416
2 2415 2444
2 2416 2417
2 2416 2445
2 2417 2418
2 2417 2446
2 2418 2419
2 2418 2447
2 2419 2420
2 2419 2448
2 2420 2421
2 2420 2449
2 2421 2422
2 2421 2450
2 2422 2423
2 2422 2451
2 2423 2424
2 2423 2452
2 2424 2425
2 2424 2453
2 2425 2426
2 2425 2454
2 2426 2427
2 2426 2455
2 2427 2428
2 2427 2456
2 2428 2429
2 2428 2457
2 2429 2430
2 2429 2458
2 2430 2431
2 2430 2459
2 2431 2432
2 2431 2460
2 2432 2433
2 2432 2461
2 2433 2434
2 2433 2462
2 2434 2435
2 2434 2463
2 2435 2464
2 2436 2437
2 2436 2465
2 2437 2438
2 2437 2466
2 2438 2439
2 2438 2467
2 2439 2440
2 2439 2468
2 2440 2441
2 2440 2469
2 2441 2442
2 2441 2470
2 2442 2443
2 2442 2471
2 2443 2444
2 2443 2472
2 2444 2445
2 2444 2473
2 2445 2446
2 2445 2474
2 2446 2447
2 2446 2475
2 2447 2448
2 2447 2476
2 2448 2449
2 2448 2477
2 2449 2450
2 2449 2478
2 2450 2451
2 2450 2479
2 2451 2452
2 2451 2480
2 2452 2453
2 2452 2481
2 2453 2454
2 2453 2482
2 2454 2455
2 2454 2483
2 2455 2456
2 2455 2484
2 2456 2457
2 2456 2485
2 2457 2458
2 2457 2486
2 2458 2459
2 2458 2487
2 2459 2460
2 2459 2488
2 2460 2461
2 2460 2489
2 2461 2462
2 2461 2490
2 2462 2463
2 2462 2491
2 2463 2464
2 2463 2492
2 2464 2493
2 2465 2466
2 2465 2494
2 2466 2467
2 2466 2495
2 2467 2468
2 2467 2496
2 2468 2469
2 2468 2497
2 2469 2470
2 2469 2498
2 2470 2471
2 2470 2499
2 2471 2472
2 2471 2500
2 2472 2473
2 2472 2501
2 2473 2474
2 2473 2502
2 2474 2475
2 2474 2503
2 2475 2476
2 2475 2504
2 2476 2477
2 2476 2505
2 2477 2478
2 2477 2506
2 2478 2479
2 2478 2507
2 2479 2480
2 2479 2508
2 2480 2481
2 2480 2509
2 2481 2482
2 2481 2510
2 2482 2483
2 2482 2511
2 2483 2484
2 2483 2512
2 2484 2485
2 2484 2513
2 2485 2486
2 2485 2514
2 2486 2487
2 2486 2515
2 2487 2488
2 2487 2516
2 2488 2489
2 2488 2517
2 2489 2490
2 2489 2518
2 2490 2491
2 2490 2519
2 2491 2492
2 2491 2520
2 2492 2493
2 2492 2521
2 2493 2522
2 2494 2495
2 2494 2523
2 2495 2496
2 2495 2524
2 2496 2497
2 2496 2525
2 2497 2498
2 2497 2526
2 2498 2499
2 2498 2527
2 2499 2500
2 2499 2528
2 2500 2501
2 2500 2529
2 2501 2502
2 2501 2530
2 2502 2503
2 2502 2531
2 2503 2504
2 2503 2532
2 2504 2505
2 2504 2533
2 2505 2506
2 2505 2534
2 2506 2507
2 2506 2535
2 2507 2508
2 2507 2536
2 2508 2509
2 2508 2537
2 2509 2510
2 2509 2538
2 2510 2511
2 2510 2539
2 2511 2512
2 2511 2540
2 2512 2513
2 2512 2541
2 2513 2514
2 2513 2542
2 2514 2515
2 2514 2543
2 2515 2516
2 2515 2544
2 2516 2517
2 2516 2545
2 2517 2518
2 2517 2546
2 2518 2519
2 2518 2547
2 2519 2520
2 2519 2548
2 2520 2521
2 2520 2549
2 2521 2522
2 2521 2550
2 2522 2551
2 2523 2524
2 2523 2552
2 2524 2525
2 2524 2553
2 2525 2526
2 2525 2554
2 2526 2527
2 2526 2555
2 2527 2528
2 2527 2556
2 2528 2529
2 2528 2557
2 2529 2530
2 2529 2558
2 2530 2531
2 2530 2559
2 2531 2532
2 2531 2560
2 2532 2533
2 2532 2561
2 2533 2534
2 2533 2562
2 2534 2535
2 2534 2563
2 2535 2536
2 2535 2564
2 2536 2537
2 2536 2565
2 2537 2538
2 2537 2566
2 2538 2539
2 2538 2567
2 2539 2540
2 2539 2568
2 2540 2541
2 2540 2569
2 2541 2542
2 2541 2570
2 2542 2543
2 2542 2571
2 2543 2544
2 2543 2572
2 2544 2545
2 2544 2573
2 2545 2546
2 2545 2574
2 2546 2547
2 2546 2575
2 2547 2548
2 2547 2576
2 2548 2549
2 2548 2577
2 2549 2550
2 2549 2578
2 2550 2551
2 2550 2579
2 2551 2580
2 2552 2553
2 2552 2581
2 2553 2554
2 2553 2582
2 2554 2555
2 2554 2583
2 2555 2556
2 2555 2584
2 2556 2557
2 2556 2585
2 2557 2558
2 2557 2586
2 2558 2559
2 2558 2587
2 2559 2560
2 2559 2588
2 2560 2561
2 2560 2589
2 2561 2562
2 2561 2590
2 2562 2563
2 2562 2591
2 2563 2564
2 2563 2592
2 2564 2565
2 2564 2593
2 2565 2566
2 2565 2594
2 2566 2567
2 2566 2595
2 2567 2568
2 2567 2596
2 2568 2569
2 2568 2597
2 2569 2570
2 2569 2598
2 2570 2571
2 2570 2599
2 2571 2572
2 2571 2600
2 2572 2573
2 2572 2601
2 2573 2574
2 2573 2602
2 2574 2575
2 2574 2603
2 2575 2576
2 2575 2604
2 2576 2577
2 2576 2605
2 2577 2578
2 2577 2606
2 2578 2579
2 2578 2607
2 2579 2580
2 2579 2608
2 2580 2609
2 2581 2582
2 2581 2610
2 2582 2583
2 2582 2611
2 2583 2584
2 2583 2612
2 2584 2585
2 2584 2613
2 2585 2586
2 2585 2614
2 2586 2587
2 2586 2615
2 2587 2588
2 2587 2616
2 2588 2589
2 2588 2617
2 2589 2590
2 2589 2618
2 2590 2591
2 2590 2619
2 2591 2592
2 2591 2620
2 2592 2593
2 2592 2621
2 2593 2594
2 2593 2622
2 2594 2595
2 2594 2623
2 2595 2596
2 2595 2624
2 2596 2597
2 2596 2625
2 2597 2598
2 2597 2626
2 2598 2599
2 2598 2627
2 2599 2600
2 2599 2628
2 2600 2601
2 2600 2629
2 2601 2602
2 2601 2630
2 2602 2603
2 2602 2631
2 2603 2604
2 2603 2632
2 2604 2605
2 2604 2633
2 2605 2606
2 2605 2634
2 2606 2607
2 2606 2635
2 2607 2608
2 2607 2636
2 2608 2609
2 2608 2637
2 2609 2638
2 2610 2611
2 2610 2639
2 2611 2612
2 2611 2640
2 2612 2613
2 2612 2641
2 2613 2614
2 2613 2642
2 2614 2615
2 2614 2643
2 2615 2616
2 2615 2644
2 2616 2617
2 2616 2645
2 2617 2618
2 2617 2646
2 2618 2619
2 2618 2647
2 2619 2620
2 2619 2648
2 2620 2621
2 2620 2649
2 2621 2622
2 2621 2650
2 2622 2623
2 2622 2651
2 2623 2624
2 2623 2652
2 2624 2625
2 2624 2653
2 2625 2626
2 2625 2654
2 2626 2627
2 2626 2655
2 2627 2628
2 2627 2656
2 2628 2629
2 2628 2657
2 2629 2630
2 2629 2658
2 2630 2631
2 2630 2659
2 2631 2632
2 2631 2660
2 2632 2633
2 2632 2661
2 2633 2634
2 2633 2662
2 2634 2635
2 2634 2663
2 2635 2636
2 2635 2664
2 2636 2637
2 2636 2665
2 2637 2638
2 2637 2666
2 2638 2667
2 2639 2640
2 2639 2668
2 2640 2641
2 2640 2669
2 2641 2642
2 2641 2670
2 2642 2643
2 2642 2671
2 2643 2644
2 2643 2672
2 2644 2645
2 2644 2673
2 2645 2646
2 2645 2674
2 2646 2647
2 2646 2675
2 2647 2648
2 2647 2676
2 2648 2649
2 2648 2677
2 2649 2650
2 2649 2678
2 2650 2651
2 2650 2679
2 2651 2652
2 2651 2680
2 2652 2653
2 2652 2681
2 2653 2654
2 2653 2682
2 2654 2655
2 2654 2683
2 2655 2656
2 2655 2684
2 2656 2657
2 2656 2685
2 2657 2658
2 2657 2686
2 2658 2659
2 2658 2687
2 2659 2660
2 2659 2688
2 2660 2661
2 2660 2689
2 2661 2662
2 2661 2690
2 2662 2663
2 2662 2691
2 2663 2664
2 2663 2692
2 2664 2665
2 2664 2693
2 2665 2666
2 2665 2694
2 2666 2667
2 2666 2695
2 2667 2696
2 2668 2669
2 2668 2697
2 2669 2670
2 2669 2698
2 2670 2671
2 2670 2699
2 2671 2672
2 2671 2700
2 2672 2673
2 2672 2701
2 2673 2674
2 2673 2702
2 2674 2675
2 2674 2703
2 2675 2676
2 2675 2704
2 2676 2677
2 2676 2705
2 2677 2678
2 2677 2706
2 2678 2679
2 2678 2707
2 2679 2680
2 2679 2708
2 2680 2681
2 2680 2709
2 2681 2682
2 2681 2710
2 2682 2683
2 2682 2711
2 2683 2684
2 2683 2712
2 2684 2685
2 2684 2713
2 2685 2686
2 2685 2714
2 2686 2687
2 2686 2715
2 2687 2688
2 2687 2716
2 2688 2689
2 2688 2717
2 2689 2690
2 2689 2718
2 2690 2691
2 2690 2719
2 2691 2692
2 2691 2720
2 2692 2693
2 2692 2721
2 2693 2694
2 2693 2722
2 2694 2695
2 2694 2723
2 2695 2696
2 2695 2724
2 2696 2725
2 2697 2698
2 2697 2726
2 2698 2699
2 2698 2727
2 2699 2700
2 2699 2728
2 2700 2701
2 2700 2729
2 2701 2702
2 2701 2730
2 2702 2703
2 2702 2731
2 2703 2704
2 2703 2732
2 2704 2705
2 2704 2733
2 2705 2706
2 2705 2734
2 2706 2707
2 2706 2735
2 2707 2708
2 2707 2736
2 2708 2709
2 2708 2737
2 2709 2710
2 2709 2738
2 2710 2711
2 2710 2739
2 2711 2712
2 2711 2740
2 2712 2713
2 2712 2741
2 2713 2714
2 2713 2742
2 2714 2715
2 2714 2743
2 2715 2716
2 2715 2744
2 2716 2717
2 2716 2745
2 2717 2718
2 2717 2746
2 2718 2719
2 2718 2747
2 2719 2720
2 2719 2748
2 2720 2721
2 2720 2749
2 2721 2722
2 2721 2750
2 2722 2723
2 2722 2751
2 2723 2724
2 2723 2752
2 2724 2725
2 2724 2753
2 2725 2754
2 2726 2727
2 2726 2755
2 2727 2728
2 2727 2756
2 2728 2729
2 2728 2757
2 2729 2730
2 2729 2758
2 2730 2731
2 2730 2759
2 2731 2732
2 2731 2760
2 2732 2733
2 2732 2761
2 2733 2734
2 2733 2762
2 2734 2735
2 2734 2763
2 2735 2736
2 2735 2764
2 2736 2737
2 2736 2765
2 2737 2738
2 2737 2766
2 2738 2739
2 2738 2767
2 2739 2740
2 2739 2768
2 2740 2741
2 2740 2769
2 2741 2742
2 2741 2770
2 2742 2743
2 2742 2771
2 2743 2744
2 2743 2772
2 2744 2745
2 2744 2773
2 2745 2746
2 2745 2774
2 2746 2747
2 2746 2775
2 2747 2748
2 2747 2776
2 2748 2749
2 2748 2777
2 2749 2750
2 2749 2778
2 2750 2751
2 2750 2779
2 2751 2752
2 2751 2780
2 2752 2753
2 2752 2781
2 2753 2754
2 2753 2782
2 2754 2783
2 2755 2756
2 2755 2784
2 2756 2757
2 2756 2785
2 2757 2758
2 2757 2786
2 2758 2759
2 2758 2787
2 2759 2760
2 2759 2788
2 2760 2761
2 2760 2789
2 2761 2762
2 2761 2790
2 2762 2763
2 2762 2791
2 2763 2764
2 2763 2792
2 2764 2765
2 2764 2793
2 2765 2766
2 2765 2794
2 2766 2767
2 2766 2795
2 2767 2768
2 2767 2796
2 2768 2769
2 2768 2797
2 2769 2770
2 2769 2798
2 2770 2771
2 2770 2799
2 2771 2772
2 2771 2800
2 2772 2773
2 2772 2801
2 2773 2774
2 2773 2802
2 2774 2775
2 2774 2803
2 2775 2776
2 2775 2804
2 2776 2777
2 2776 2805
2 2777 2778
2 2777 2806
2 2778 2779
2 2778 2807
2 2779 2780
2 2779 2808
2 2780 2781
2 2780 2809
2 2781 2782
2 2781 2810
2 2782 2783
2 2782 2811
2 2783 2812
2 2784 2785
2 2784 2813
2 2785 2786
2 2785 2814
2 2786 2787
2 2786 2815
2 2787 2788
2 2787 2816
2 2788 2789
2 2788 2817
2 2789 2790
2 2789 2818
2 2790 2791
2 2790 2819
2 2791 2792
2 2791 2820
2 2792 2793
2 2792 2821
2 2793 2794
2 2793 2822
2 2794 2795
2 2794 2823
2 2795 2796
2 2795 2824
2 2796 2797
2 2796 2825
2 2797 2798
2 2797 2826
2 2798 2799
2 2798 2827
2 2799 2800
2 2799 2828
2 2800 2801
2 2800 2829
2 2801 2802
2 2801 2830
2 2802 2803
2 2802 2831
2 2803 2804
2 2803 2832
2 2804 2805
2 2804 2833
2 2805 2806
2 2805 2834
2 2806 2807
2 2806 2835
2 2807 2808
2 2807 2836
2 2808 2809
2 2808 2837
2 2809 2810
2 2809 2838
2 2810 2811
2 2810 2839
2 2811 2812
2 2811 2840
2 2812 2841
2 2813 2814
2 2813 2842
2 2814 2815
2 2814 2843
2 2815 2816
2 2815 2844
2 2816 2817
2 2816 2845
2 2817 2818
2 2817 2846
2 2818 2819
2 2818 2847
2 2819 2820
2 2819 2848
2 2820 2821
2 2820 2849
2 2821 2822
2 2821 2850
2 2822 2823
2 2822 2851
2 2823 2824
2 2823 2852
2 2824 2825
2 2824 2853
2 2825 2826
2 2825 2854
2 2826 2827
2 2826 2855
2 2827 2828
2 2827 2856
2 2828 2829
2 2828 2857
2 2829 2830
2 2829 2858
2 2830 2831
2 2830 2859
2 2831 2832
2 2831 2860
2 2832 2833
2 2832 2861
2 2833 2834
2 2833 2862
2 2834 2835
2 2834 2863
2 2835 2836
2 2835 2864
2 2836 2837
2 2836 2865
2 2837 2838
2 2837 2866
2 2838 2839
2 2838 2867
2 2839 2840
2 2839 2868
2 2840 2841
2 2840 2869
2 2841 2870
2 2842 2843
2 2842 2871
2 2843 2844
2 2843 2872
2 2844 2845
2 2844 2873
2 2845 2846
2 2845 2874
2 2846 2847
2 2846 2875
2 2847 2848
2 2847 2876
2 2848 2849
2 2848 2877
2 2849 2850
2 2849 2878
2 2850 2851
2 2850 2879
2 2851 2852
2 2851 2880
2 2852 2853
2 2852 2881
2 2853 2854
2 2853 2882
2 2854 2855
2 2854 2883
2 2855 2856
2 2855 2884
2 2856 2857
2 2856 2885
2 2857 2858
2 2857 2886
2 2858 2859
2 2858 2887
2 2859 2860
2 2859 2888
2 2860 2861
2 2860 2889
2 2861 2862
2 2861 2890
2 2862 2863
2 2862 2891
2 2863 2864
2 2863 2892
2 2864 2865
2 2864 2893
2 2865 2866
2 2865 2894
2 2866 2867
2 2866 2895
2 2867 2868
2 2867 2896
2 2868 2869
2 2868 2897
2 2869 2870
2 2869 2898
2 2870 2899
2 2871 2872
2 2871 2900
2 2872 2873
2 2872 2901
2 2873 2874
2 2873 2902
2 2874 2875
2 2874 2903
2 2875 2876
2 2875 2904
2 2876 2877
2 2876 2905
2 2877 2878
2 2877 2906
2 2878 2879
2 2878 2907
2 2879 2880
2 2879 2908
2 2880 2881
2 2880 2909
2 2881 2882
2 2881 2910
2 2882 2883
2 2882 2911
2 2883 2884
2 2883 2912
2 2884 2885
2 2884 2913
2 2885 2886
2 2885 2914
2 2886 2887
2 2886 2915
2 2887 2888
2 2887 2916
2 2888 2889
2 2888 2917
2 2889 2890
2 2889 2918
2 2890 2891
2 2890 2919
2 2891 2892
2 2891 2920
2 2892 2893
2 2892 2921
2 2893 2894
2 2893 2922
2 2894 2895
2 2894 2923
2 2895 2896
2 2895 2924
2 2896 2897
2 2896 2925
2 2897 2898
2 2897 2926
2 2898 2899
2 2898 2927
2 2899 2928
2 2900 2901
2 2900 2929
2 2901 2902
2 2901 2930
2 2902 2903
2 2902 2931
2 2903 2904
2 2903 2932
2 2904 2905
2 2904 2933
2 2905 2906
2 2905 2934
2 2906 2907
2 2906 2935
2 2907 2908
2 2907 2936
2 2908 2909
2 2908 2937
2 2909 2910
2 2909 2938
2 2910 2911
2 2910 2939
2 2911 2912
2 2911 2940
2 2912 2913
2 2912 2941
2 2913 2914
2 2913 2942
2 2914 2915
2 2914 2943
2 2915 2916
2 2915 2944
2 2916 2917
2 2916 2945
2 2917 2918
2 2917 2946
2 2918 2919
2 2918 2947
2 2919 2920
2 2919 2948
2 2920 2921
2 2920 2949
2 2921 2922
2 2921 2950
2 2922 2923
2 2922 2951
2 2923 2924
2 2923 2952
2 2924 2925
2 2924 2953
2 2925 2926
2 2925 2954
2 2926 2927
2 2926 2955
2 2927 2928
2 2927 2956
2 2928 2957
2 2929 2930
2 2929 2958
2 2930 2931
2 2930 2959
2 2931 2932
2 2931 2960
2 2932 2933
2 2932 2961
2 2933 2934
2 2933 2962
2 2934 2935
2 2934 2963
2 2935 2936
2 2935 2964
2 2936 2937
2 2936 2965
2 2937 2938
2 2937 2966
2 2938 2939
2 2938 2967
2 2939 2940
2 2939 2968
2 2940 2941
2 2940 2969
2 2941 2942
2 2941 2970
2 2942 2943
2 2942 2971
2 2943 2944
2 2943 2972
2 2944 2945
2 2944 2973
2 2945 2946
2 2945 2974
2 2946 2947
2 2946 2975
2 2947 2948
2 2947 2976
2 2948 2949
2 2948 2977
2 2949 2950
2 2949 2978
2 2950 2951
2 2950 2979
2 2951 2952
2 2951 2980
2 2952 2953
2 2952 2981
2 2953 2954
2 2953 2982
2 2954 2955
2 2954 2983
2 2955 2956
2 2955 2984
2 2956 2957
2 2956 2985
2 2957 2986
2 2958 2959
2 2958 2987
2 2959 2960
2 2959 2988
2 2960 2961
2 2960 2989
2 2961 2962
2 2961 2990
2 2962 2963
2 2962 2991
2 2963 2964
2 2963 2992
2 2964 2965
2 2964 2993
2 2965 2966
2 2965 2994
2 2966 2967
2 2966 2995
2 2967 2968
2 2967 2996
2 2968 2969
2 2968 2997
2 2969 2970
2 2969 2998
2 2970 2971
2 2970 2999
2 2971 2972
2 2971 3000
2 2972 2973
2 2972 3001
2 2973 2974
2 2973 3002
2 2974 2975
2 2974 3003
2 2975 2976
2 2975 3004
2 2976 2977
2 2976 3005
2 2977 2978
2 2977 3006
2 2978 2979
2 2978 3007
2 2979 2980
2 2979 3008
2 2980 2981
2 2980 3009
2 2981 2982
2 2981 3010
2 2982 2983
2 2982 3011
2 2983 2984
2 2983 3012
2 2984 2985
2 2984 3013
2 2985 2986
2 2985 3014
2 2986 3015
2 2987 2988
2 2987 3016
2 2988 2989
2 2988 3017
2 2989 2990
2 2989 3018
2 2990 2991
2 2990 3019
2 2991 2992
2 2991 3020
2 2992 2993
2 2992 3021
2 2993 2994
2 2993 3022
2 2994 2995
2 2994 3023
2 2995 2996
2 2995 3024
2 2996 2997
2 2996 3025
2 2997 2998
2 2997 3026
2 2998 2999
2 2998 3027
2 2999 3000
2 2999 3028
2 3000 3001
2 3000 3029
2 3001 3002
2 3001 3030
2 3002 3003
2 3002 3031
2 3003 3004
2 3003 3032
2 3004 3005
2 3004 3033
2 3005 3006
2 3005 3034
2 3006 3007
2 3006 3035
2 3007 3008
2 3007 3036
2 3008 3009
2 3008 3037
2 3009 3010
2 3009 3038
2 3010 3011
2 3010 3039
2 3011 3012
2 3011 3040
2 3012 3013
2 3012 3041
2 3013 3014
2 3013 3042
2 3014 3015
2 3014 3043
2 3015 3044
2 3016 3017
2 3016 3045
2 3017 3018
2 3017 3046
2 3018 3019
2 3018 3047
2 3019 3020
2 3019 3048
2 3020 3021
2 3020 3049
2 3021 3022
2 3021 3050
2 3022 3023
2 3022 3051
2 3023 3024
2 3023 3052
2 3024 3025
2 3024 3053
2 3025 3026
2 3025 3054
2 3026 3027
2 3026 3055
2 3027 3028
2 3027 3056
2 3028 3029
2 3028 3057
2 3029 3030
2 3029 3058
2 3030 3031
2 3030 3059
2 3031 3032
2 3031 3060
2 3032 3033
2 3032 3061
2 3033 3034
2 3033 3062
2 3034 3035
2 3034 3063
2 3035 3036
2 3035 3064
2 3036 3037
2 3036 3065
2 3037 3038
2 3037 3066
2 3038 3039
2 3038 3067
2 3039 3040
2 3039 3068
2 3040 3041
2 3040 3069
2 3041 3042
2 3041 3070
2 3042 3043
2 3042 3071
2 3043 3044
2 3043 3072
2 3044 3073
2 3045 3046
2 3045 3074
2 3046 3047
2 3046 3075
2 3047 3048
2 3047 3076
2 3048 3049
2 3048 3077
2 3049 3050
2 3049 3078
2 3050 3051
2 3050 3079
2 3051 3052
2 3051 3080
2 3052 3053
2 3052 3081
2 3053 3054
2 3053 3082
2 3054 3055
2 3054 3083
2 3055 3056
2 3055 3084
2 3056 3057
2 3056 3085
2 3057 3058
2 3057 3086
2 3058 3059
2 3058 3087
2 3059 3060
2 3059 3088
2 3060 3061
2 3060 3089
2 3061 3062
2 3061 3090
2 3062 3063
2 3062 3091
2 3063 3064
2 3063 3092
2 3064 3065
2 3064 3093
2 3065 3066
2 3065 3094
2 3066 3067
2 3066 3095
2 3067 3068
2 3067 3096
2 3068 3069
2 3068 3097
2 3069 3070
2 3069 3098
2 3070 3071
2 3070 3099
2 3071 3072
2 3071 3100
2 3072 3073
2 3072 3101
2 3073 3102
2 3074 3075
2 3074 3103
2 3075 3076
2 3075 3104
2 3076 3077
2 3076 3105
2 3077 3078
2 3077 3106
2 3078 3079
2 3078 3107
2 3079 3080
2 3079 3108
2 3080 3081
2 3080 3109
2 3081 3082
2 3081 3110
2 3082 3083
2 3082 3111
2 3083 3084
2 3083 3112
2 3084 3085
2 3084 3113
2 3085 3086
2 3085 3114
2 3086 3087
2 3086 3115
2 3087 3088
2 3087 3116
2 3088 3089
2 3088 3117
2 3089 3090
2 3089 3118
2 3090 3091
2 3090 3119
2 3091 3092
2 3091 3120
2 3092 3093
2 3092 3121
2 3093 3094
2 3093 3122
2 3094 3095
2 3094 3123
2 3095 3096
2 3095 3124
2 3096 3097
2 3096 3125
2 3097 3098
2 3097 3126
2 3098 3099
2 3098 3127
2 3099 3100
2 3099 3128
2 3100 3101
2 3100 3129
2 3101 3102
2 3101 3130
2 3102 3131
2 3103 3104
2 3103 3132
2 3104 3105
2 3104 3133
2 3105 3106
2 3105 3134
2 3106 3107
2 3106 3135
2 3107 3108
2 3107 3136
2 3108 3109
2 3108 3137
2 3109 3110
2 3109 3138
2 3110 3111
2 3110 3139
2 3111 3112
2 3111 3140
2 3112 3113
2 3112 3141
2 3113 3114
2 3113 3142
2 3114 3115
2 3114 3143
2 3115 3116
2 3115 3144
2 3116 3117
2 3116 3145
2 3117 3118
2 3117 3146
2 3118 3119
2 3118 3147
2 3119 3120
2 3119 3148
2 3120 3121
2 3120 3149
2 3121 3122
2 3121 3150
2 3122 3123
2 3122 3151
2 3123 3124
2 3123 3152
2 3124 3125
2 3124 3153
2 3125 3126
2 3125 3154
2 3126 3127
2 3126 3155
2 3127 3128
2 3127 3156
2 3128 3129
2 3128 3157
2 3129 3130
2 3129 3158
2 3130 3131
2 3130 3159
2 3131 3160
2 3132 3133
2 3132 3161
2 3133 3134
2 3133 3162
2 3134 3135
2 3134 3163
2 3135 3136
2 3135 3164
2 3136 3137
2 3136 3165
2 3137 3138
2 3137 3166
2 3138 3139
2 3138 3167
2 3139 3140
2 3139 3168
2 3140 3141
2 3140 3169
2 3141 3142
2 3141 3170
2 3142 3143
2 3142 3171
2 3143 3144
2 3143 3172
2 3144 3145
2 3144 3173
2 3145 3146
2 3145 3174
2 3146 3147
2 3146 3175
2 3147 3148
2 3147 3176
2 3148 3149
2 3148 3177
2 3149 3150
2 3149 3178
2 3150 3151
2 3150 3179
2 3151 3152
2 3151 3180
2 3152 3153
2 3152 3181
2 3153 3154
2 3153 3182
2 3154 3155
2 3154 3183
2 3155 3156
2 3155 3184
2 3156 3157
2 3156 3185
2 3157 3158
2 3157 3186
2 3158 3159
2 3158 3187
2 3159 3160
2 3159 3188
2 3160 3189
2 3161 3162
2 3161 3190
2 3162 3163
2 3162 3191
2 3163 3164
2 3163 3192
2 3164 3165
2 3164 3193
2 3165 3166
2 3165 3194
2 3166 3167
2 3166 3195
2 3167 3168
2 3167 3196
2 3168 3169
2 3168 3197
2 3169 3170
2 3169 3198
2 3170 3171
2 3170 3199
2 3171 3172
2 3171 3200
2 3172 3173
2 3172 3201
2 3173 3174
2 3173 3202
2 3174 3175
2 3174 3203
2 3175 3176
2 3175 3204
2 3176 3177
2 3176 3205
2 3177 3178
2 3177 3206
2 3178 3179
2 3178 3207
2 3179 3180
2 3179 3208
2 3180 3181
2 3180 3209
2 3181 3182
2 3181 3210
2 3182 3183
2 3182 3211
2 3183 3184
2 3183 3212
2 3184 3185
2 3184 3213
2 3185 3186
2 3185 3214
2 3186 3187
2 3186 3215
2 3187 3188
2 3187 3216
2 3188 3189
2 3188 3217
2 3189 3218
2 3190 3191
2 3190 3219
2 3191 3192
2 3191 3220
2 3192 3193
2 3192 3221
2 3193 3194
2 3193 3222
2 3194 3195
2 3194 3223
2 3195 3196
2 3195 3224
2 3196 3197
2 3196 3225
2 3197 3198
2 3197 3226
2 3198 3199
2 3198 3227
2 3199 3200
2 3199 3228
2 3200 3201
2 3200 3229
2 3201 3202
2 3201 3230
2 3202 3203
2 3202 3231
2 3203 3204
2 3203 3232
2 3204 3205
2 3204 3233
2 3205 3206
2 3205 3234
2 3206 3207
2 3206 3235
2 3207 3208
2 3207 3236
2 3208 3209
2 3208 3237
2 3209 3210
2 3209 3238
2 3210 3211
2 3210 3239
2 3211 3212
2 3211 3240
2 3212 3213
2 3212 3241
2 3213 3214
2 3213 3242
2 3214 3215
2 3214 3243
2 3215 3216
2 3215 3244
2 3216 3217
2 3216 3245
2 3217 3218
2 3217 3246
2 3218 3247
2 3219 3220
2 3219 3248
2 3220 3221
2 3220 3249
2 3221 3222
2 3221 3250
2 3222 3223
2 3222 3251
2 3223 3224
2 3223 3252
2 3224 3225
2 3224 3253
2 3225 3226
2 3225 3254
2 3226 3227
2 3226 3255
2 3227 3228
2 3227 3256
2 3228 3229
2 3228 3257
2 3229 3230
2 3229 3258
2 3230 3231
2 3230 3259
2 3231 3232
2 3231 3260
2 3232 3233
2 3232 3261
2 3233 3234
2 3233 3262
2 3234 3235
2 3234 3263
2 3235 3236
2 3235 3264
2 3236 3237
2 3236 3265
2 3237 3238
2 3237 3266
2 3238 3239
2 3238 3267
2 3239 3240
2 3239 3268
2 3240 3241
2 3240 3269
2 3241 3242
2 3241 3270
2 3242 3243
2 3242 3271
2 3243 3244
2 3243 3272
2 3244 3245
2 3244 3273
2 3245 3246
2 3245 3274
2 3246 3247
2 3246 3275
2 3247 3276
2 3248 3249
2 3248 3277
2 3249 3250
2 3249 3278
2 3250 3251
2 3250 3279
2 3251 3252
2 3251 3280
2 3252 3253
2 3252 3281
2 3253 3254
2 3253 3282
2 3254 3255
2 3254 3283
2 3255 3256
2 3255 3284
2 3256 3257
2 3256 3285
2 3257 3258
2 3257 3286
2 3258 3259
2 3258 3287
2 3259 3260
2 3259 3288
2 3260 3261
2 3260 3289
2 3261 3262
2 3261 3290
2 3262 3263
2 3262 3291
2 3263 3264
2 3263 3292
2 3264 3265
2 3264 3293
2 3265 3266
2 3265 3294
2 3266 3267
2 3266 3295
2 3267 3268
2 3267 3296
2 3268 3269
2 3268 3297
2 3269 3270
2 3269 3298
2 3270 3271
2 3270 3299
2 3271 3272
2 3271 3300
2 3272 3273
2 3272 3301
2 3273 3274
2 3273 3302
2 3274 3275
2 3274 3303
2 3275 3276
2 3275 3304
2 3276 3305
2 3277 3278
2 3277 3306
2 3278 3279
2 3278 3307
2 3279 3280
2 3279 3308
2 3280 3281
2 3280 3309
2 3281 3282
2 3281 3310
2 3282 3283
2 3282 3311
2 3283 3284
2 3283 3312
2 3284 3285
2 3284 3313
2 3285 3286
2 3285 3314
2 3286 3287
2 3286 3315
2 3287 3288
2 3287 3316
2 3288 3289
2 3288 3317
2 3289 3290
2 3289 3318
2 3290 3291
2 3290 3319
2 3291 3292
2 3291 3320
2 3292 3293
2 3292 3321
2 3293 3294
2 3293 3322
2 3294 3295
2 3294 3323
2 3295 3296
2 3295 3324
2 3296 3297
2 3296 3325
2 3297 3298
2 3297 3326
2 3298 3299
2 3298 3327
2 3299 3300
2 3299 3328
2 3300 3301
2 3300 3329
2 3301 3302
2 3301 3330
2 3302 3303
2 3302 3331
2 3303 3304
2 3303 3332
2 3304 3305
2 3304 3333
2 3305 3334
2 3306 3307
2 3306 3335
2 3307 3308
2 3307 3336
2 3308 3309
2 3308 3337
2 3309 3310
2 3309 3338
2 3310 3311
2 3310 3339
2 3311 3312
2 3311 3340
2 3312 3313
2 3312 3341
2 3313 3314
2 3313 3342
2 3314 3315
2 3314 3343
2 3315 3316
2 3315 3344
2 3316 3317
2 3316 3345
2 3317 3318
2 3317 3346
2 3318 3319
2 3318 3347
2 3319 3320
2 3319 3348
2 3320 3321
2 3320 3349
2 3321 3322
2 3321 3350
2 3322 3323
2 3322 3351
2 3323 3324
2 3323 3352
2 3324 3325
2 3324 3353
2 3325 3326
2 3325 3354
2 3326 3327
2 3326 3355
2 3327 3328
2 3327 3356
2 3328 3329
2 3328 3357
2 3329 3330
2 3329 3358
2 3330 3331
2 3330 3359
2 3331 3332
2 3331 3360
2 3332 3333
2 3332 3361
2 3333 3334
2 3333 3362
2 3334 3363
2 3335 3336
2 3335 3364
2 3336 3337
2 3336 3365
2 3337 3338
2 3337 3366
2 3338 3339
2 3338 3367
2 3339 3340
2 3339 3368
2 3340 3341
2 3340 3369
2 3341 3342
2 3341 3370
2 3342 3343
2 3342 3371
2 3343 3344
2 3343 3372
2 3344 3345
2 3344 3373
2 3345 3346
2 3345 3374
2 3346 3347
2 3346 3375
2 3347 3348
2 3347 3376
2 3348 3349
2 3348 3377
2 3349 3350
2 3349 3378
2 3350 3351
2 3350 3379
2 3351 3352
2 3351 3380
2 3352 3353
2 3352 3381
2 3353 3354
2 3353 3382
2 3354 3355
2 3354 3383
2 3355 3356
2 3355 3384
2 3356 3357
2 3356 3385
2 3357 3358
2 3357 3386
2 3358 3359
2 3358 3387
2 3359 3360
2 3359 3388
2 3360 3361
2 3360 3389
2 3361 3362
2 3361 3390
2 3362 3363
2 3362 3391
2 3363 3392
2 3364 3365
2 3364 3393
2 3365 3366
2 3365 3394
2 3366 3367
2 3366 3395
2 3367 3368
2 3367 3396
2 3368 3369
2 3368 3397
2 3369 3370
2 3369 3398
2 3370 3371
2 3370 3399
2 3371 3372
2 3371 3400
2 3372 3373
2 3372 3401
2 3373 3374
2 3373 3402
2 3374 3375
2 3374 3403
2 3375 3376
2 3375 3404
2 3376 3377
2 3376 3405
2 3377 3378
2 3377 3406
2 3378 3379
2 3378 3407
2 3379 3380
2 3379 3408
2 3380 3381
2 3380 3409
2 3381 3382
2 3381 3410
2 3382 3383
2 3382 3411
2 3383 3384
2 3383 3412
2 3384 3385
2 3384 3413
2 3385 3386
2 3385 3414
2 3386 3387
2 3386 3415
2 3387 3388
2 3387 3416
2 3388 3389
2 3388 3417
2 3389 3390
2 3389 3418
2 3390 3391
2 3390 3419
2 3391 3392
2 3391 3420
2 3392 3421
2 3393 3394
2 3393 3422
2 3394 3395
2 3394 3423
2 3395 3396
2 3395 3424
2 3396 3397
2 3396 3425
2 3397 3398
2 3397 3426
2 3398 3399
2 3398 3427
2 3399 3400
2 3399 3428
2 3400 3401
2 3400 3429
2 3401 3402
2 3401 3430
2 3402 3403
2 3402 3431
2 3403 3404
2 3403 3432
2 3404 3405
2 3404 3433
2 3405 3406
2 3405 3434
2 3406 3407
2 3406 3435
2 3407 3408
2 3407 3436
2 3408 3409
2 3408 3437
2 3409 3410
2 3409 3438
2 3410 3411
2 3410 3439
2 3411 3412
2 3411 3440
2 3412 3413
2 3412 3441
2 3413 3414
2 3413 3442
2 3414 3415
2 3414 3443
2 3415 3416
2 3415 3444
2 3416 3417
2 3416 3445
2 3417 3418
2 3417 3446
2 3418 3419
2 3418 3447
2 3419 3420
2 3419 3448
2 3420 3421
2 3420 3449
2 3421 3450
2 3422 3423
2 3422 3451
2 3423 3424
2 3423 3452
2 3424 3425
2 3424 3453
2 3425 3426
2 3425 3454
2 3426 3427
2 3426 3455
2 3427 3428
2 3427 3456
2 3428 3429
2 3428 3457
2 3429 3430
2 3429 3458
2 3430 3431
2 3430 3459
2 3431 3432
2 3431 3460
2 3432 3433
2 3432 3461
2 3433 3434
2 3433 3462
2 3434 3435
2 3434 3463
2 3435 3436
2 3435 3464
2 3436 3437
2 3436 3465
2 3437 3438
2 3437 3466
2 3438 3439
2 3438 3467
2 3439 3440
2 3439 3468
2 3440 3441
2 3440 3469
2 3441 3442
2 3441 3470
2 3442 3443
2 3442 3471
2 3443 3444
2 3443 3472
2 3444 3445
2 3444 3473
2 3445 3446
2 3445 3474
2 3446 3447
2 3446 3475
2 3447 3448
2 3447 3476
2 3448 3449
2 3448 3477
2 3449 3450
2 3449 3478
2 3450 3479
2 3451 3452
2 3451 3480
2 3452 3453
2 3452 3481
2 3453 3454
2 3453 3482
2 3454 3455
2 3454 3483
2 3455 3456
2 3455 3484
2 3456 3457
2 3456 3485
2 3457 3458
2 3457 3486
2 3458 3459
2 3458 3487
2 3459 3460
2 3459 3488
2 3460 3461
2 3460 3489
2 3461 3462
2 3461 3490
2 3462 3463
2 3462 3491
2 3463 3464
2 3463 3492
2 3464 3465
2 3464 3493
2 3465 3466
2 3465 3494
2 3466 3467
2 3466 3495
2 3467 3468
2 3467 3496
2 3468 3469
2 3468 3497
2 3469 3470
2 3469 3498
2 3470 3471
2 3470 3499
2 3471 3472
2 3471 3500
2 3472 3473
2 3472 3501
2 3473 3474
2 3473 3502
2 3474 3475
2 3474 3503
2 3475 3476
2 3475 3504
2 3476 3477
2 3476 3505
2 3477 3478
2 3477 3506
2 3478 3479
2 3478 3507
2 3479 3508
2 3480 3481
2 3480 3509
2 3481 3482
2 3481 3510
2 3482 3483
2 3482 3511
2 3483 3484
2 3483 3512
2 3484 3485
2 3484 3513
2 3485 3486
2 3485 3514
2 3486 3487
2 3486 3515
2 3487 3488
2 3487 3516
2 3488 3489
2 3488 3517
2 3489 3490
2 3489 3518
2 3490 3491
2 3490 3519
2 3491 3492
2 3491 3520
2 3492 3493
2 3492 3521
2 3493 3494
2 3493 3522
2 3494 3495
2 3494 3523
2 3495 3496
2 3495 3524
2 3496 3497
2 3496 3525
2 3497 3498
2 3497 3526
2 3498 3499
2 3498 3527
2 3499 3500
2 3499 3528
2 3500 3501
2 3500 3529
2 3501 3502
2 3501 3530
2 3502 3503
2 3502 3531
2 3503 3504
2 3503 3532
2 3504 3505
2 3504 3533
2 3505 3506
2 3505 3534
2 3506 3507
2 3506 3535
2 3507 3508
2 3507 3536
2 3508 3537
2 3509 3510
2 3509 3538
2 3510 3511
2 3510 3539
2 3511 3512
2 3511 3540
2 3512 3513
2 3512 3541
2 3513 3514
2 3513 3542
2 3514 3515
2 3514 3543
2 3515 3516
2 3515 3544
2 3516 3517
2 3516 3545
2 3517 3518
2 3517 3546
2 3518 3519
2 3518 3547
2 3519 3520
2 3519 3548
2 3520 3521
2 3520 3549
2 3521 3522
2 3521 3550
2 3522 3523
2 3522 3551
2 3523 3524
2 3523 3552
2 3524 3525
2 3524 3553
2 3525 3526
2 3525 3554
2 3526 3527
2 3526 3555
2 3527 3528
2 3527 3556
2 3528 3529
2 3528 3557
2 3529 3530
2 3529 3558
2 3530 3531
2 3530 3559
2 3531 3532
2 3531 3560
2 3532 3533
2 3532 3561
2 3533 3534
2 3533 3562
2 3534 3535
2 3534 3563
2 3535 3536
2 3535 3564
2 3536 3537
2 3536 3565
2 3537 3566
2 3538 3539
2 3538 3567
2 3539 3540
2 3539 3568
2 3540 3541
2 3540 3569
2 3541 3542
2 3541 3570
2 3542 3543
2 3542 3571
2 3543 3544
2 3543 3572
2 3544 3545
2 3544 3573
2 3545 3546
2 3545 3574
2 3546 3547
2 3546 3575
2 3547 3548
2 3547 3576
2 3548 3549
2 3548 3577
2 3549 3550
2 3549 3578
2 3550 3551
2 3550 3579
2 3551 3552
2 3551 3580
2 3552 3553
2 3552 3581
2 3553 3554
2 3553 3582
2 3554 3555
2 3554 3583
2 3555 3556
2 3555 3584
2 3556 3557
2 3556 3585
2 3557 3558
2 3557 3586
2 3558 3559
2 3558 3587
2 3559 3560
2 3559 3588
2 3560 3561
2 3560 3589
2 3561 3562
2 3561 3590
2 3562 3563
2 3562 3591
2 3563 3564
2 3563 3592
2 3564 3565
2 3564 3593
2 3565 3566
2 3565 3594
2 3566 3595
2 3567 3568
2 3567 3596
2 3568 3569
2 3568 3597
2 3569 3570
2 3569 3598
2 3570 3571
2 3570 3599
2 3571 3572
2 3571 3600
2 3572 3573
2 3572 3601
2 3573 3574
2 3573 3602
2 3574 3575
2 3574 3603
2 3575 3576
2 3575 3604
2 3576 3577
2 3576 3605
2 3577 3578
2 3577 3606
2 3578 3579
2 3578 3607
2 3579 3580
2 3579 3608
2 3580 3581
2 3580 3609
2 3581 3582
2 3581 3610
2 3582 3583
2 3582 3611
2 3583 3584
2 3583 3612
2 3584 3585
2 3584 3613
2 3585 3586
2 3585 3614
2 3586 3587
2 3586 3615
2 3587 3588
2 3587 3616
2 3588 3589
2 3588 3617
2 3589 3590
2 3589 3618
2 3590 3591
2 3590 3619
2 3591 3592
2 3591 3620
2 3592 3593
2 3592 3621
2 3593 3594
2 3593 3622
2 3594 3595
2 3594 3623
2 3595 3624
2 3596 3597
2 3596 3625
2 3597 3598
2 3597 3626
2 3598 3599
2 3598 3627
2 3599 3600
2 3599 3628
2 3600 3601
2 3600 3629
2 3601 3602
2 3601 3630
2 3602 3603
2 3602 3631
2 3603 3604
2 3603 3632
2 3604 3605
2 3604 3633
2 3605 3606
2 3605 3634
2 3606 3607
2 3606 3635
2 3607 3608
2 3607 3636
2 3608 3609
2 3608 3637
2 3609 3610
2 3609 3638
2 3610 3611
2 3610 3639
2 3611 3612
2 3611 3640
2 3612 3613
2 3612 3641
2 3613 3614
2 3613 3642
2 3614 3615
2 3614 3643
2 3615 3616
2 3615 3644
2 3616 3617
2 3616 3645
2 3617 3618
2 3617 3646
2 3618 3619
2 3618 3647
2 3619 3620
2 3619 3648
2 3620 3621
2 3620 3649
2 3621 3622
2 3621 3650
2 3622 3623
2 3622 3651
2 3623 3624
2 3623 3652
2 3624 3653
2 3625 3626
2 3626 3627
2 3627 3628
2 3628 3629
2 3629 3630
2 3630 3631
2 3631 3632
2 3632 3633
2 3633 3634
2 3634 3635
2 3635 3636
2 3636 3637
2 3637 3638
2 3638 3639
2 3639 3640
2 3640 3641
2 3641 3642
2 3642 3643
2 3643 3644
2 3644 3645
2 3645 3646
2 3646 3647
2 3647 3648
2 3648 3649
2 3649 3650
2 3650 3651
2 3651 3652
2 3652 3653
POINT_DATA 3654
SCALARS DefectLabel float
LOOKUP_TABLE default
0.6600536462605625
0.6555649216947532
0.6559873366329814
0.6565209678199734
0.6559570738644646
0.6562168695067215
0.6556993577822312
0.6561042975226942
0.6555950351026057
0.6559738826838801
0.6556420952012559
0.6560904414487262
0.6557035858379694
0.6559347387004568
0.6553936279909497
0.655619518762328
0.6551946795856196
0.6555327631947234
0.6549990975398854
0.6552825840814144
0.6546241218466105
0.6549432251620201
0.6542073136779477
0.654416142865709
0.6540142362956675
0.6535324217700311
0.6542153217074299
0.6410477314679445
0.6310417158637721
0.6461057269731904
0.6374816421955993
0.6495131940707365
0.6511649173637537
0.6517889542632095
0.6522992932290114
0.6523055601727148
0.6529993305792879
0.6526256689151836
0.6532878919366307
0.6531142898063083
0.6539047399924033
0.653499360499676
0.6537751627222397
0.6529260769974721
0.6530784710508517
0.6524472526608535
0.6527881058762512
0.6520054146320067
0.6521191654163572
0.6511551536571047
0.651108934688782
0.6499747478222114
0.649496943630421
0.6483998573784883
0.6467433844163348
0.6441544091654251
0.6334643665252987
0.6286471312200625
0.6374218864404527
0.6387079116353264
0.6473058950623038
0.6518357873336496
0.6532999166190642
0.65396094866155
0.6546238380613474
0.6554388617533499
0.6552571020030947
0.6560442913012015
0.6561133487789723
0.6572467907953977
0.656863120932725
0.6570501025616023
0.6558103051817985
0.6557766674367244
0.6549779951758253
0.6553311680035228
0.6543419404875053
0.6542122542989491
0.6530053015590901
0.6525104966768768
0.651083813373914
0.6497931237603756
0.6483174631422917
0.645705841482727
0.6397155664659002
0.6326838272235539
0.6337655603480874
0.6348586161599303
0.6359668171431704
0.6462101648903132
0.6532664196176933
0.6547023769541108
0.6554822092054479
0.656431263413277
0.6572144275563644
0.6571297590168158
0.6578371006780589
0.6581695324796115
0.6594508036394219
0.659173756610611
0.6591669034837451
0.6576681674472209
0.6574244320976639
0.6566412178613074
0.6569872672193361
0.6560284755004204
0.6557302846312416
0.6545351386221382
0.6538499016499087
0.6524602354345042
0.6509859246921506
0.6496602636576952
0.6475004717958719
0.6403180324683797
0.6308856569477634
0.6303359062982701
0.6272297674481108
0.6315070962354749
0.6454747597388945
0.6535753988076811
0.6552554889079163
0.6559792968930813
0.6570702646428326
0.6578823297298532
0.6577701813556491
0.6584732463614915
0.6590251050644275
0.6605225579779499
0.6603377727550928
0.6601835100734164
0.6584365608546084
0.6579671537193855
0.657213293564241
0.6576000018824041
0.6566563207521467
0.6562628087110303
0.655078825113754
0.6543196758676879
0.6529174097015052
0.6514129066199329
0.6501582207392896
0.6479938509730943
0.6391706976122846
0.6260664853538493
0.6230872264351429
0.6220937482295017
0.6283677877135865
0.645310586862225
0.6548851950970143
0.6565460886752702
0.6571159173044502
0.6583105925976744
0.65907642883559
0.6589161865571503
0.6595632021352932
0.6603292582780643
0.662020154047924
0.66196299992577
0.6616323505714106
0.6596605017615733
0.6589906452612336
0.6582791586117609
0.658717713922984
0.6578043687479693
0.657350516951507
0.6561652169123112
0.6553749085039546
0.6539747763569919
0.6523580160977156
0.6512637894131542
0.6488722472461846
0.63880818503244
0.6232423799957374
0.6183551244109077
0.615735671541909
0.6244077651800714
0.6444405244546515
0.6551654616983554
0.657071908759072
0.657567311830747
0.6588851208027217
0.6596723709595549
0.6594458666949907
0.6600914076238021
0.6610590664258071
0.6629743027182392
0.6630326734404531
0.662566724693974
0.660353266051731
0.6594710803836855
0.6587925482116923
0.6592827677215005
0.6583952132269171
0.657860225730197
0.6566570089601327
0.6558069718998452
0.654354379933015
0.6526176012563282
0.6515766943758731
0.6491560718713222
0.6378725719057168
0.6188787822348347
0.6114167355839755
0.6104677208992758
0.6214152911974122
0.6444053125630643
0.6561392352800149
0.658101680801976
0.658500046030659
0.6599160312036763
0.660699625390585
0.6604161101258518
0.6610273732416942
0.6621903900484362
0.6643405742280591
0.664510683616685
0.6639076672776024
0.6614552149124409
0.660376365252985
0.6597242332678278
0.6602815476562729
0.6594052494409499
0.6588160483888846
0.6575893108758131
0.6566931542409805
0.6551988977605754
0.6533669301535853
0.6524486025365833
0.649879182847712
0.637563898100842
0.6159149928069744
0.6064312489367819
0.6049750399027353
0.6178857519733163
0.6435608866497596
0.6563381133709394
0.6584419860935203
0.6587791910023446
0.6603223771173509
0.6611270741623587
0.6607975634762602
0.6614097980798229
0.6627710693852255
0.6651738254474948
0.6654465876520258
0.6647300827714524
0.6620267443000203
0.6607488326407043
0.6601099552311398
0.6607432868217789
0.6598739665299019
0.659228316223127
0.6579677430046539
0.6570023593102503
0.655454659056387
0.6535082845121575
0.6526529333258035
0.6499897828113945
0.6366789354733619
0.6120460161916886
0.6002355732488046
0.6001011601398906
0.6150854528668662
0.6434182133216256
0.657011122415339
0.6592307709082044
0.6594935104491617
0.6611375660252264
0.6619762213318059
0.6615600199121203
0.6621739989793105
0.6637378007723959
0.666387529967264
0.6667813572742762
0.6659405038382842
0.6629863447494883
0.6615247040425325
0.6609120171748769
0.6616145375887574
0.660755588878456
0.6600705010371053
0.6587730359642463
0.6577671183130955
0.6561628141587882
0.6541404977590752
0.6533598985981717
0.6506285115151831
0.6364401259236326
0.6092867100387978
0.5955551040574149
0.5952346909638692
0.6118568875607033
0.6425435520991875
0.6570448355301022
0.6593648741511856
0.6596004019024339
0.6613796633478634
0.6622654862927719
0.6617882727649643
0.6624091344864751
0.6641790234353041
0.6670896075842203
0.6676068909017864
0.6666645481579778
0.6634597300485677
0.6617894633992472
0.6611908944462945
0.6619833855884257
0.6611448925105066
0.6604062139477824
0.6590906284390867
0.6580413759740474
0.6563678145433575
0.6542341755041305
0.6535283246921065
0.6507178595243555
0.6357151765932042
0.6060138379254983
0.5903151872626106
0.590888881575578
0.6092692853938727
0.6422451922226716
0.6574566250655395
0.6599020493220715
0.6600889631641857
0.6619739669049121
0.6629173486244828
0.6623718777324958
0.6629933008203197
0.664962817995289
0.6681538565493484
0.6687792567669943
0.6677356455393662
0.664303595514702
0.6624389866280569
0.6618555613528938
0.6627414132507928
0.6619139756194865
0.6611264165962879
0.6597975744094609
0.658735186822893
0.657016030866351
0.6548005811315549
0.6541425581319977
0.6513121306816289
0.6355711692445489
0.6036239359684121
0.5862387096205511
0.5866407885298214
0.6063991681042977
0.6413862217976274
0.6573644469015576
0.6598666673891127
0.6600622610390215
0.662055002188846
0.6630396670812367
0.6624645295995703
0.6630891990988873
0.665272743327641
0.66873433585774
0.6694929737158687
0.6683479138524822
0.6646650384424019
0.6626285805749588
0.6620713112244989
0.6630489809824992
0.6622432104134589
0.6614276003085084
0.6600600331523687
0.6589575315423069
0.657197970308975
0.654909343499491
0.6543008525175846
0.6514109920459976
0.6349964473302088
0.6009030857058516
0.5818479311829147
0.5828858154630883
0.6041129266995211
0.6410107603375136
0.657596727666849
0.6602098531585212
0.6603947285722409
0.6624774538927761
0.663495486991688
0.6628605589423507
0.6635078873736394
0.6659007563228829
0.6696424056140785
0.670543372926134
0.6692970159706166
0.6653519220585131
0.6631445572164952
0.6626262019489279
0.6637095242709333
0.6629272570960838
0.6620760206811486
0.6606961689550191
0.6595591291848607
0.6577658862025048
0.6554224396631627
0.6548696168945827
0.6519509083297588
0.6349126678312936
0.5988585230691725
0.5783346466501684
0.5792796975326132
0.6015978597011985
0.6401638851390937
0.6573790610383451
0.6600439975616251
0.6602415811551584
0.6624392945408114
0.6635052247325599
0.6628131764544503
0.6634723899733975
0.6660883100031056
0.6701223807056832
0.6711555727631296
0.6698198388454495
0.6656239155266819
0.6632450803905972
0.6627648536837194
0.6639418117000082
0.6631938703633257
0.6623285432632863
0.660935299285499
0.6597729940099846
0.6579426435194219
0.655541733221779
0.6550230193737231
0.6520615655100656
0.6344755439697022
0.5966308685000029
0.5747381567379234
0.5760125134181028
0.5995232710901026
0.6397007556326068
0.6574240426110076
0.6601989438555743
0.6604013303136193
0.6626996239751056
0.6638223294873836
0.6630696105626098
0.6637395905727298
0.6665763813618772
0.6708909895371064
0.6720669691261488
0.67066518608427
0.6662301720730446
0.6636686706823637
0.6632268935467109
0.6645211064634362
0.6638078040478522
0.6629301270038089
0.6615244497847238
0.6603627263264449
0.6584979669302068
0.656042603525691
0.65556393809733
0.6525973125632117
0.6345000076380745
0.5950411896270865
0.5719441586983441
0.5729193114993593
0.5973049469667615
0.6388305884427824
0.6570706456274202
0.6599025001614932
0.6601517022262698
0.6625534382586028
0.663735653540502
0.6629251739743829
0.663619751158331
0.6666697320070766
0.6712912015529613
0.672623665161442
0.6711326695690247
0.6664793155424837
0.6637444346837632
0.6633277630077696
0.6647495848508836
0.6640585721017515
0.6631783775262586
0.661770254124165
0.6605949676834993
0.6587045345677197
0.6562028881995808
0.6557466740918678
0.6527561807235365
0.6342232990835079
0.5933538989641008
0.5691890059208592
0.5702679184266869
0.595554739847179
0.6383160294637396
0.6569588163105742
0.6598700317955305
0.6601428341091449
0.6626370358821855
0.6638581588129797
0.6629918737366154
0.6637033602711958
0.666958642638589
0.6718698269508258
0.6733437811807619
0.6717978684293762
0.6669169683706135
0.6640118739154807
0.6636464763769516
0.6651880374479264
0.6645577015496706
0.6636690693604457
0.6622761767248986
0.6610957781282528
0.6591994134409082
0.6566622618598158
0.6562388549369885
0.6532498865410433
0.6343349909885424
0.592169535531165
0.5670093053164714
0.5677840735519191
0.5937113592471238
0.6374846799617329
0.6565119126573391
0.6594814938092255
0.6597687165503342
0.6623577574050442
0.6636315301999173
0.6627008319582041
0.6634199941373413
0.666894009683277
0.6720965959629126
0.6737249990008921
0.6721256122592366
0.6670405956863611
0.6639767211936953
0.6636611015434499
0.6653207485346201
0.664737719639683
0.6638616983160536
0.6624702639001651
0.6613051231847717
0.6593891119402759
0.6568252366341693
0.6564329507292166
0.6534303991297482
0.6341886382178811
0.5909146646730835
0.5649340882416557
0.5656228936699498
0.5922191680800322
0.6369347581219387
0.6562771572156201
0.6593046607779409
0.659643585747158
0.6623048585682266
0.663631911873862
0.6626475492644781
0.663374460045112
0.6670674428062627
0.6725623135450398
0.6743574783395784
0.672716531878088
0.6674157748548184
0.6642039103688213
0.6639374138326835
0.6657377249063697
0.6652015740049645
0.6643382062870601
0.662970982775342
0.6618098634235051
0.6598848531989635
0.6573054238179172
0.6569295041652412
0.653915237749273
0.6343685052238365
0.5900921561734964
0.5633363197653554
0.5635301554402413
0.5906166832535131
0.6360907037720104
0.655714726994625
0.6588038915797093
0.6591807230217965
0.6619248539013721
0.6633042646688624
0.6622662119558167
0.6630124462149949
0.6669133013365104
0.6727130698127739
0.6746758358857002
0.6730056377124998
0.6675118274344417
0.6641516575743245
0.6639448592320313
0.6658738657734953
0.6654069002255687
0.6645675394770807
0.6632243491303423
0.6620786859647632
0.66015669822561
0.6575622317873099
0.6572053027686815
0.6541982359963207
0.6344047194403759
0.5892988361945689
0.5619220695887971
0.561654507191978
0.5892395825210411
0.635421896587786
0.6552947776562916
0.6584640173660222
0.6588817199752803
0.6617081138834533
0.6631281011180339
0.6620462209306922
0.6627994341243731
0.6669189966884398
0.673023620851418
0.6751659334942274
0.6734670784094408
0.6678031526534377
0.6643054560890127
0.664157840990949
0.6662496470952173
0.6658523257826874
0.6650492354333276
0.6637422710221963
0.6626131434609093
0.6607172348980557
0.6581083649215054
0.6577902543949443
0.6547726116237047
0.6347880352033805
0.5889632388660679
0.5610080282781927
0.559880424195685
0.5878037244520191
0.6345360086135422
0.6545986305768653
0.6578196829267028
0.6582871726156697
0.661183607943715
0.6626551185182848
0.6615061545969095
0.6622778617429818
0.6666167227582601
0.6730276949507786
0.6753508576225026
0.6736583688637078
0.6678354095017209
0.6642223075814591
0.664143708829537
0.6663862150189509
0.6660806087374498
0.6653252326864519
0.6640656230740518
0.6629761773094733
0.6610952254937937
0.6585070697733608
0.65820765529566
0.6552079290255034
0.6350926941935893
0.5887076712795488
0.5603341129592372
0.5584106003625908
0.5866632179059411
0.6338588751467272
0.6540581000760939
0.6573254209130592
0.6578235502189892
0.660778811934169
0.6622786927627415
0.6610731596385534
0.6618511949662016
0.6663970835349471
0.6731030956610848
0.6756303894383096
0.6739678835691247
0.6680083555940466
0.6642902721987356
0.6643028542262337
0.6667185982208415
0.6665165431136867
0.6658210796465331
0.6646325866210051
0.6635950944700231
0.6617518468009591
0.6591842304697738
0.6589228619448253
0.6559355280141229
0.6357082290244407
0.5888398933824053
0.5600590940184667
0.5571862335479458
0.585646990922144
0.6331030722689067
0.6533537887129517
0.6566282007347037
0.6571078633178405
0.6600864539050194
0.6615797269028946
0.6602939181660915
0.6610548076936863
0.6657965270511189
0.6728099883395736
0.6755422980118981
0.6739331485976291
0.6678820333523376
0.6641033999478223
0.6642281026603553
0.6668277983304179
0.666763545440551
0.6661630044672533
0.6650573882277616
0.6640955255386882
0.6623139878367293
0.6597798133583618
0.6595483545362976
0.6565783544851933
0.6362784547232033
0.5890834431800595
0.5600162389969903
0.5564642355842511
0.5850838334296041
0.6327220784897736
0.6529272031653944
0.6561339191892807
0.6565421988639911
0.6594533527663966
0.6609061498283979
0.6594935060832345
0.6602136758723941
0.6651157510223715
0.6724132783717338
0.6753731101785735
0.6738743099169635
0.6677762542913387
0.6639816211426389
0.6642521406508332
0.6670934245534521
0.6671792717784301
0.6667207857801148
0.6657448544653584
0.6648822582527327
0.6631734119735156
0.6607064109604736
0.6605237256336687
0.6575544448116114
0.637221583448787
0.5897326990532795
0.560405725653302
0.5562415388332396
0.58490213158533
0.6325433604120081
0.6526043313655226
0.6556474285259125
0.6558554725361492
0.6585834570683036
0.6598346281478288
0.6581911302615076
0.658766678714787
0.663782615635578
0.6713757227999156
0.674597065254121
0.6732646924109669
0.66719739152491
0.6634649402081225
0.6639600764412253
0.6671006338480566
0.667429159753336
0.6671599199213595
0.6663491109575286
0.665621377314525
0.6640207183646852
0.6616340445511337
0.6615151507046347
0.6585856009683057
0.6382613887368936
0.5906342607058876
0.5611536549262381
0.5568044906676334
0.5854954059325063
0.6330677174506529
0.6529222053277692
0.6557484836537666
0.6556567727588797
0.6580420189142625
0.658897004166988
0.6567802840144971
0.6569677790993821
0.661886885271487
0.6696333753831862
0.6731342402319872
0.6721137031589788
0.6663045589691162
0.6628180404419414
0.663689064617302
0.667223976344506
0.6678675715634277
0.667859896378442
0.6672394591858977
0.6666715760368213
0.6652027694647462
0.6628966759595655
0.6628501018575395
0.6599567146359812
0.6396800542444844
0.5919974881304688
0.5624189350737188
0.5580367850867871
0.5866888229195769
0.6340962827742797
0.6537038786216377
0.6563120409733162
0.65590931177069
0.6578732413631944
0.6581968468686081
0.6553447571814718
0.6547670450666254
0.6591420337841505
0.6666953544844213
0.670343523301532
0.669776527239911
0.664529220653883
0.6616314816370208
0.663110366722069
0.6671811606163738
0.6681994356795623
0.6684658801692529
0.6680584311696238
0.667638425304024
0.6662894287337859
0.6640751511355288
0.6640909845149113
0.6612473654157466
0.6410933289810093
0.5934719363995266
0.5638616671800996
0.5597477229897735
0.5883901730168202
0.6356760831626209
0.6551138559342584
0.6576323513342992
0.6570229839499694
0.6586446427794752
0.658457978024993
0.6547620681394934
0.653111413119907
0.6565966759834633
0.6635839781302162
0.6671065927641129
0.6669526558035783
0.6623454565202743
0.6601890314776175
0.66247749479462
0.6671924041425313
0.6686202337311491
0.6691585689748284
0.6689600652047079
0.6686935965875253
0.667457284826063
0.6653152065646042
0.6653940621019767
0.6625757446994057
0.6425486154257192
0.5950129639082502
0.5653501266284311
0.5613747431777839
0.5898989489623301
0.6369851213891345
0.6563362098267146
0.6588752698924232
0.6582103650427954
0.6596779065300411
0.6591821860669533
0.6548550541148852
0.6522548353378177
0.65478807504821
0.6610492397578933
0.6642004532438985
0.6642188189759036
0.6600494595662387
0.6584235740597087
0.6613615732437309
0.6666330411002311
0.6684133798956244
0.6692335770963722
0.6692297255444016
0.6691023258378358
0.667998589244863
0.665960403159637
0.6661126247703844
0.6633358905257837
0.6434898943769173
0.5961977639338978
0.5666134076408614
0.5626010631703513
0.5909496139196859
0.6378210666039001
0.6571301720565002
0.6597843283014689
0.6592251828661678
0.6607224671170316
0.6602179073749167
0.6556999291442199
0.6526898529842519
0.6546838117681718
0.6604182834384152
0.6631607136744844
0.6629690424654153
0.6587671987196857
0.6572296984205049
0.660320853638571
0.665806605449199
0.6678023087656823
0.6688130104389224
0.668981655863249
0.6690175460820391
0.6680362349110341
0.6661256019142872
0.6663733269169831
0.6636692014871876
0.6440281902123595
0.5970648382090352
0.567664550552344
0.5632611568831848
0.5912517739910821
0.6377136452649471
0.6569792580409254
0.6597551834400807
0.6593621178724584
0.6610322446972186
0.660733615626828
0.6564742282722882
0.6536654632884722
0.6557387912955581
0.6614349593084565
0.6639448178706165
0.6633192446243856
0.6586011731963106
0.6565918915018027
0.6593095081059732
0.6646198220288173
0.6665792228910762
0.6676678756654177
0.6679318652402455
0.6680897332585816
0.6672479657353216
0.6654718307532818
0.6658236199267603
0.6632192616763182
0.6438418076346406
0.5974151590522877
0.5683600082748564
0.5636194960962729
0.5911783999901026
0.6371559164581042
0.6563454805282776
0.6592262421779587
0.6590270582423503
0.660918321918318
0.6609545564708869
0.6572684847425827
0.6551383798064676
0.6577178837529531
0.6637431815477869
0.6662857346998703
0.6652496191946452
0.6598992315756862
0.6571608934771505
0.6591065893494982
0.6638566376320565
0.6655485129780907
0.6665313849680412
0.6667767059533929
0.6669764992805135
0.6662166973283431
0.6645506545986191
0.6649677431057598
0.6624572270119966
0.6433538348539075
0.5975288489434436
0.5688826212405093
0.5638195244941014
0.5908242198970611
0.6361398801963862
0.6551845988896831
0.658132490115633
0.6581136419486808
0.6602139745937232
0.6606078779597813
0.6575898042255774
0.6563559335918404
0.6596317173189583
0.6661064695025007
0.6688183236573356
0.6675426311183504
0.6617188098304356
0.6583594978749977
0.6594716042949398
0.663491134392134
0.6647381516366823
0.6654523031101983
0.6655394876875893
0.6656662121690576
0.6648969840653403
0.6632620443153183
0.6637132134793504
0.6612553665516598
0.6424157763484253
0.5972662200442709
0.5691160030236849
0.5641180275270694
0.5906391597356883
0.6352970942631792
0.6541609819997695
0.6572019111326655
0.6573634894996973
0.6596579844599099
0.6603910657891723
0.6579626370528863
0.6574838879825531
0.6613640378095906
0.6682363955504972
0.6711251832678335
0.6698183176645266
0.6638139614986993
0.6600859421724035
0.6605900529133821
0.6639734215868277
0.6647462738696264
0.6650940505262957
0.6649261309947991
0.6648819825099671
0.6640044447160204
0.6623120610841552
0.6626946610648972
0.6602193791519277
0.6416126858841726
0.597089854971438
0.5693534749912158
0.5645418211791253
0.590545581832493
0.6344657723354489
0.6530883529822115
0.6562171153773543
0.6565317516599625
0.6590050918842911
0.6600153531733559
0.6580550443131491
0.6580970703829365
0.662275528614507
0.6692846294906961
0.6722529362514345
0.6710634811134404
0.6651773232329861
0.661453092497396
0.6616521279914827
0.664578851479358
0.6649550543428329
0.6649807709173957
0.6645331127630184
0.6642598156060331
0.663228048679113
0.6614331562954483
0.6617155984612526
0.659169689634605
0.6408208514693945
0.5970277760834917
0.5697751316368388
0.5653914995325425
0.5908860437229495
0.6340405999695654
0.6523980918619009
0.6556057603472564
0.6560394451220978
0.658643089428563
0.6598682218889532
0.658266208927242
0.6586493021428557
0.6629247775941576
0.6698406991303405
0.672768559137981
0.6716952079041628
0.6660745451540361
0.662555653736831
0.6626577879380408
0.6653345774938827
0.6654636380910394
0.6652831066599119
0.664603087545056
0.664147785226754
0.6629622705677726
0.6610526519597241
0.6612089716824312
0.6585650271112123
0.6404734489037444
0.597402063568781
0.5706244078653896
0.5665591552517435
0.5914201275876484
0.6336619316210883
0.6517030040942653
0.6549477611305128
0.6554603370595004
0.6581324866688484
0.659489405903204
0.6581517105353186
0.6587714286137091
0.6630297092057239
0.669797563195922
0.6726425156262507
0.6716548754694198
0.6663032584972983
0.6630147861221459
0.6631124688010848
0.6656534607895442
0.6656602894442396
0.6653644904137659
0.6645543403602517
0.6639744106991061
0.6626815138796223
0.6606825373816196
0.6607283210210512
0.6580040433908079
0.6401967467831756
0.5979695237973911
0.5717554127753389
0.5681047049418214
0.5923487464991241
0.6336722064858887
0.6513654420985598
0.6546416763204209
0.6552146157875676
0.6579108342935616
0.6593419357998779
0.6582218385843763
0.6590086903273812
0.6631908297248718
0.6697530692283831
0.672481340877692
0.6715934901894217
0.6665027497711978
0.663448339574495
0.6635550399610092
0.6659957603906398
0.6659493905680459
0.6656068068370089
0.6647463241926811
0.6640981434864616
0.6627418912049196
0.6606962728181274
0.6606603734079117
0.6578718132454543
0.6403683357615241
0.5990031685325444
0.5733597875887301
0.5698043144128574
0.5933262741347072
0.6335790617286208
0.6508849959463976
0.6541631040701359
0.6547681756119641
0.6574511814437768
0.6589438599862063
0.6579953735786885
0.6589042434486185
0.6629653531421053
0.6692993270396699
0.671888433842858
0.6710898781981703
0.6662728876146385
0.6634542591972068
0.663570931361265
0.6659231750139699
0.665846060792162
0.6655023851197732
0.6646136813523219
0.6639430712699826
0.6625810987047701
0.6605365040129948
0.6604573348182264
0.6576331544351035
0.6405061876125099
0.6001659229240881
0.5752224414591677
0.5718256352662939
0.594626361061695
0.6338217325962103
0.6507427161261687
0.6540045807031609
0.654645633229106
0.6573047436524294
0.6588360799518721
0.6580244555937049
0.6590201819071346
0.6629356756376084
0.6690168682144071
0.6714765521633803
0.6707674429910103
0.6662029113389947
0.6636110634229316
0.6637400886331002
0.6660170592214206
0.6659100919388882
0.6656003762859309
0.6647068117479874
0.6640482558755364
0.6626916635112501
0.6606694338556158
0.6605539711682631
0.6577231247037834
0.640981751968794
0.6017000155022585
0.577467343738321
0.5739981206016499
0.5959286619733042
0.6338838723773508
0.6503598564876558
0.6536003590428164
0.6542621715522218
0.656885098780066
0.6584327456087687
0.6577593251331847
0.6588209122614829
0.6625694543175674
0.6683869127262749
0.6707171900209207
0.670097185974304
0.6657852824909263
0.6634208610036605
0.6635397080887815
0.6657301110741491
0.6656157673279604
0.6653392420274402
0.6644626145292982
0.6638152902341506
0.6624975532425271
0.6605097799433023
0.6603841170714811
0.6575626286271063
0.6412543753942893
0.6031540277856057
0.579756766984826
0.5764628932684683
0.5975462115462468
0.6342706498609907
0.650299707799068
0.6535329996809105
0.6542059613894686
0.656779743328891
0.658330610143738
0.6577705232766785
0.658884492339002
0.6624516153020397
0.6680138010540948
0.6702004580739924
0.6696692009173189
0.6656107764987973
0.6634649002254215
0.6635757768510125
0.6656933601932525
0.6655620990539337
0.6653207524409759
0.6644629644928245
0.6638632876284187
0.6625862868049034
0.6606567738158934
0.6605187932849503
0.6577148145061871
0.6418534931902383
0.604949108593494
0.5823642939792159
0.5789161996319534
0.5990186503399008
0.634382194703217
0.6499336891499596
0.653135850822502
0.653842607104832
0.656370593800648
0.657916883515373
0.6574741795393501
0.6586214636128193
0.6620218188448711
0.6673194898470227
0.6693632103193383
0.6689202882767449
0.6651147576590584
0.6631753026497447
0.6632776938661904
0.6653101523146049
0.6651717893054674
0.664952054721115
0.664133159370899
0.6635548889918452
0.6623265605579093
0.6604638113264318
0.6603132822018005
0.6575395144897859
0.642176914177785
0.6066551107009773
0.585064585435642
0.581711047878393
0.6008749713181567
0.634853884873645
0.6499147157498348
0.6530925890804468
0.6538168251562553
0.6562795277991541
0.6578140692635679
0.6574591344395987
0.6586331574039341
0.6618371656338629
0.6668641088271402
0.6687722592198546
0.6684279241775777
0.6648650525935207
0.6631119437409022
0.6632092557756066
0.6651605171709982
0.6650194484359742
0.6648492863115444
0.664052357893852
0.6635137756306119
0.6623530893098096
0.6605532565349288
0.6604066360639993
0.6576664423315439
0.6428281818242649
0.6086788638353915
0.5880382643548099
0.5845237504689007
0.6025893410696458
0.6350551483692773
0.6495739861591104
0.652710099396811
0.6534475745721492
0.655833636466547
0.6573566901426703
0.6570783416080059
0.6582793312956676
0.6612748742033929
0.6660421629576875
0.6678252205767486
0.6675678913386369
0.6642363768964988
0.6626821062669968
0.6627640678168373
0.6646350757739282
0.664480024238157
0.6643483828036074
0.6635845036499701
0.6630969559726673
0.6619806033439216
0.6602668942261416
0.6601161399115849
0.6574391211445691
0.6431280302521432
0.6105121258248797
0.5909948702010788
0.5876974118287691
0.6046805535227185
0.6356345011535789
0.6496384766473268
0.6527286063320906
0.6534951183695678
0.6558257018535761
0.657335806074966
0.6571424299713561
0.6583560382224328
0.6611747461456952
0.66568933779566
0.667339540712004
0.6671688528380345
0.6640654785388855
0.6626945886824215
0.6627457596461344
0.6645331288480133
0.6643600466076968
0.6642616233296469
0.663524551428103
0.6630692817393617
0.6619999788689125
0.6603513737670024
0.6601819734968554
0.6575365916164716
0.6437622903146311
0.612609045004271
0.5941481495748616
0.590735051580258
0.6065244787147359
0.635871151637454
0.6493298182380897
0.6523830087326263
0.6531789820463149
0.6554470795771195
0.6569350617606806
0.6568060720523936
0.6580335693516768
0.6606751532201441
0.6649480096896376
0.6664759009279039
0.6663922537855161
0.6634946712526733
0.6622965512429508
0.6623175610033992
0.6640215805203985
0.6638301100290842
0.6637644957742052
0.6630529899376318
0.6626280331106765
0.6616037525998405
0.6600164074298632
0.6598156285521412
0.6572288902644166
0.6439836026071736
0.6144674076279198
0.5972710627765907
0.5943041970015879
0.6088955574366115
0.6365894730309419
0.6494885507099953
0.6524592102458804
0.6532711888186089
0.6554498740002624
0.6569159980548002
0.6568407100543496
0.6580611623557592
0.6605169795869101
0.6645291788328971
0.6659418477395874
0.665932369426701
0.6632421445343939
0.662208578271036
0.6622030336584855
0.6638281832765102
0.663623565599921
0.663597486538514
0.6629084687882905
0.6625245645442671
0.6615566849182639
0.6600459415481221
0.6598512545174479
0.6573083570315859
0.6446791120314548
0.6167537195768868
0.6006924100755965
0.5976066072543952
0.6108901346885759
0.6368342774581796
0.6491217645768563
0.6520516049920179
0.6529035975165945
0.6550065782113286
0.6564482645632715
0.6564353864569784
0.6576553565532274
0.6599197995732458
0.6636988434898031
0.6649870439504187
0.6650517464158863
0.6625787008916382
0.6616846269189351
0.6616618516005378
0.66319440771704
0.6629622763124134
0.6629714045468807
0.662287926698602
0.6619368421627821
0.6610172316525635
0.6595705704415594
0.6593337358993879
0.6568659093814418
0.6448065247209089
0.6186941340561322
0.6040831499276285
0.6016024071589734
0.6135522323251921
0.6376713899839859
0.6493406997369744
0.6521634393641472
0.6530264590717039
0.6550494102542412
0.6564564451617678
0.6564841230716436
0.6576846195244335
0.6597616737354243
0.6632900816099316
0.6644615282176947
0.6645997241726733
0.6623107083361045
0.6615816299875478
0.6615217489992281
0.6629765356601758
0.6627209337207041
0.6627599994621177
0.6621000899224732
0.6617925938838858
0.6609086165772214
0.6595529835679739
0.6592940771961356
0.656881899015058
0.645532255552292
0.621169028780302
0.6078020466492051
0.605127916287658
0.6157058717914524
0.6379428679280759
0.6489394319710059
0.651707974357614
0.652614165271684
0.6545493518978807
0.6559312841031759
0.6560090789500437
0.657207621650447
0.6591033160530859
0.662397089123334
0.663442560465701
0.6636543247054157
0.6615590983568195
0.6609699537171281
0.66087080420157
0.6622340932087021
0.6619524396672072
0.6620163907336384
0.6613641780937226
0.661079213226292
0.6602221951749208
0.6589209270348612
0.6586058175087319
0.6562955320241584
0.6455282561332634
0.6231425312424826
0.6114070730978999
0.6096423308877892
0.6187109853858908
0.6389358486478107
0.6492141533393753
0.6518493382522901
0.65276886362693
0.6546096463854552
0.6559419172037858
0.6560574552608283
0.657234127079105
0.6589396670876704
0.6619924315596347
0.6628965826665963
0.6631924422455859
0.6612811120792131
0.6608231949152443
0.6606878318725031
0.6619752401471319
0.6616716397793574
0.6617567519200797
0.6611187303815914
0.6608693358713432
0.6600411959002346
0.6588234624224928
0.6584751021103036
0.6562343355130613
0.6462777801185275
0.6257681412176499
0.6153191506052939
0.6132654989125991
0.6209512023358869
0.6392342356390317
0.6487696612864107
0.6513251491869466
0.652293719089006
0.6540445346809581
0.6553633802733918
0.6555276550599919
0.6566893936841229
0.6582126278568651
0.6610292747293371
0.6618181943018087
0.6621753204661741
0.6604461948104992
0.6601279507589508
0.6599428838384336
0.6611393274585234
0.6607998004394458
0.6609106941840663
0.6602591125355123
0.6600112504656837
0.6591989700695201
0.6580289676644915
0.6576073954650902
0.6554635805986732
0.6461237616989844
0.6277485900996654
0.6190700449769541
0.6182584765715897
0.6243020628904541
0.6403490912143464
0.6490495383551385
0.6514550928503101
0.6524353447095239
0.6540780965967721
0.6553531064426266
0.6555515840171845
0.6566881609990683
0.6580177194277286
0.6606025317671292
0.6612708062278196
0.6616886204784301
0.6601433772189891
0.6599576372253171
0.6597372493718855
0.6608487953331675
0.6604658210316212
0.660601186372219
0.6599557231109532
0.6597352679188404
0.6589480039404009
0.6578522941044397
0.6573933361264239
0.6553484142199
0.646947414645941
0.6305576184178224
0.6232132753468358
0.6216220672504984
0.6264251344328703
0.6406141569902097
0.64850116101951
0.6508011747413892
0.6518291786987024
0.6533975893023277
0.6546619628995095
0.6549055839766688
0.6560502147383553
0.6572079832181482
0.6595670683935443
0.66010931412921
0.6606093564005758
0.6592245302749562
0.6591769554564769
0.658897054719828
0.6599172873268659
0.6594995021096712
0.6596391816756211
0.6589791617239776
0.6587658716157123
0.6579670892645142
0.6569195660512932
0.656367305568169
0.654370173559482
0.6467323719396367
0.6325837559229085
0.6270061400652659
0.6269564144532153
0.6300635620623249
0.6417556055425103
0.6486325176347608
0.6508543859717815
0.6519012953126709
0.6533728296700541
0.6546060882697448
0.6548810298302017
0.656017373062645
0.6569889500889231
0.6591236980391711
0.6595431425384578
0.6601146302199438
0.6588916626849411
0.6589778255204931
0.6586536102788887
0.6596018382924567
0.6591335205249864
0.6593105126138898
0.6586414565488408
0.6584328417740581
0.6576614104856445
0.6566637037646941
0.6560954573245237
0.6542907189709517
0.6476898387145638
0.6356856962447843
0.6315396498519096
0.6294609400353972
0.6317961758858135
0.6420539110747228
0.6479725050362579
0.6499833446773908
0.6510824077751667
0.6525163131258372
0.6537621192851808
0.6541076613914135
0.6552672224519467
0.6560665081256064
0.6579976218013702
0.658305426786748
0.658943987172557
0.6578961004384568
0.6580939697704311
0.6577235612964953
0.6585801611380059
0.6580632442136392
0.6582503925519966
0.6575568184972511
0.657359974813472
0.6565601083566125
0.655587791696323
0.6548970428445067
0.6530358805126447
0.6475599345743303
0.6376647272345208
0.6347487441571484
0.6347897838720852
0.6357675975907877
0.643187299895773
0.6477338914936779
0.6499574416317824
0.6510234038786271
0.6524278827770993
0.6536942230291312
0.6540473455337742
0.6552246746538682
0.6558167926048217
0.6575181834890158
0.6576854353783408
0.6583739856296841
0.6574994074747539
0.6578121241281428
0.6574020117980769
0.6581646325306681
0.6576192351700851
0.6578532959698212
0.6571565664986954
0.6570352602476767
0.6562850439182858
0.6554073634274575
0.6547882276258734
0.6529702810789393
0.648434889922385
0.6411492025078032
0.6400169360747017
0.6343354517087465
0.6360897375234028
0.6429762981996978
0.6461934497085454
0.6488869018252443
0.6501381431042818
0.6513822405776214
0.6527274244296619
0.6530362226634596
0.6542262831717169
0.6546014983016266
0.6560619526253341
0.6560980094387117
0.6567855349610023
0.6560675272249106
0.6564396581719881
0.6559791206474967
0.6566273585703406
0.6560322091723587
0.6562930761901526
0.655565622540949
0.6555660540783772
0.6548068347476915
0.6541638946476234
0.6537363496301353
0.6518312389222642
0.6494187108121273
0.6424288408108705
0.6396694542330063
0.6283214675246898
0.6344444136455094
0.6468624329085682
0.647882133102283
0.6497046184900304
0.6507151475942564
0.6513543275970383
0.6524770760792304
0.6525872673691562
0.6535493041208507
0.6536922916808446
0.6546846726600644
0.654632774424807
0.6551645776670493
0.6546746976655212
0.6549932184743387
0.654600095460307
0.6550236455395869
0.6545380487423501
0.6547554776576116
0.654159689455556
0.6542455913695161
0.6536034652850703
0.6534358646960398
0.6530126136827676
0.6522196058676296
0.6515923209481818
0.6626192029081819
0.6475012611095382
0.6335171965413182
0.644671715231769
0.6576459063890812
0.6568921060930955
0.6576532939973408
0.6580963436858563
0.6581654861843133
0.6588954691989265
0.6587625382073772
0.6593931274442989
0.6593283164051172
0.65992663224919
0.6598041794827307
0.6601643799594863
0.659868944564785
0.6601359095189456
0.6598949218311543
0.6601990661015336
0.6599066064308433
0.6601227542911732
0.6597800749693107
0.6599855148189127
0.6596217526647689
0.6598596267571661
0.6596366657526712
0.6600845639181471
0.6600816456405455
0.6596184322623007
0.6622845201265196
0.6759487230867246
0.6680069293145924
0.665218285280377
0.6663068487829982
0.6663579186410309
0.6671150163609213
0.6670687720012854
0.6678053843315533
0.6677827619354981
0.6684778749795536
0.6682371515452459
0.6687081431673348
0.6686383802476558
0.6691034089324406
0.6686971709031231
0.6690127125411448
0.6683761833454823
0.66865178823963
0.6679956468397694
0.6681708813672633
0.6673019125095411
0.667377270709504
0.6663150291517089
0.6661012136156043
0.6651954101201196
0.6640745502460857
0.6639530051328963
0.653430810560933
0.6464496471374978
0.6702485686376868
0.6523325501043906
0.6553667304331002
0.6561320510320444
0.6558976202774317
0.6558209385121943
0.6553076518562287
0.655583320630783
0.6550793337442633
0.6556704863657519
0.6548801248769129
0.6550800797433372
0.654537307568775
0.6549383755361312
0.6546424696553359
0.6553341537232092
0.654673449010365
0.6550307482136555
0.654500977884952
0.6549043638149312
0.6542820367504074
0.6546480471272328
0.6539741565102332
0.6540581196078732
0.6535608474023726
0.6527586749317438
0.6508402727676847
0.648678425358437
0.6522539174590871
0.6800477082320211
0.6619889146904459
0.6512358326584068
0.6539680349059458
0.6532188505438549
0.652550773043924
0.6519087311759145
0.6517235712875751
0.6510947569149207
0.6515630543004051
0.6502573663484928
0.6500326509306521
0.6492635733365277
0.649638018224979
0.6494862333218366
0.650535303566865
0.6496805113340753
0.6500715478945144
0.6496017385195326
0.6501449735972626
0.6496680397185761
0.6501540911466974
0.6497890161123115
0.6498767717070126
0.6497981259639276
0.6494308540639502
0.6450902559841419
0.6563583473750738
0.67580546323075
0.6959193009659859
0.6682749317509082
0.6502359719268863
0.6553237363913131
0.6540432786726611
0.6533727655598609
0.6527996246856027
0.6524587311428256
0.6520147080823478
0.6525317857417681
0.6510050929504965
0.6504108298357203
0.6496427007967088
0.6499369153403163
0.6500536332317167
0.6513660418390746
0.6503772048437488
0.6506417689975644
0.6502460209124048
0.6507138079439873
0.6503223353652999
0.6507529094170678
0.6505473111302684
0.6506922195833027
0.6509295126627144
0.6515669778901728
0.6461960727116023
0.6637634744919375
0.6908905341938862
0.705255204203511
0.6723070135438963
0.6494028165395511
0.6548906236678177
0.6530494709544152
0.6518200821746531
0.6509106894275041
0.650240355202823
0.6496753469018625
0.6501267059837248
0.6481954389260471
0.6471687797891801
0.6463332997754389
0.6465319399233352
0.646925895106055
0.6485307584437121
0.647469404777622
0.6476904846419921
0.6474812065679867
0.6480579275024841
0.6478966739374519
0.648577630577711
0.6487139123034327
0.649305160745532
0.6501151290386066
0.6515283205927307
0.6452561141086799
0.6676767096593759
0.7008561994400363
0.7162760795669353
0.6775963274721818
0.6497260086606022
0.6560801815199919
0.6536365310936916
0.6518829733548295
0.6507305887295549
0.6497212063705547
0.6490528180855489
0.6494729448183946
0.6471315079842419
0.6456820470650252
0.6447850103511995
0.6448964869470911
0.6455975647667367
0.647477435785668
0.6463279458849677
0.646516310248921
0.6464745315433731
0.647148695260603
0.6471727335957597
0.6480648034930211
0.648460270780131
0.6493195135011561
0.6506819704544936
0.652441250200419
0.645594488856187
0.6734740661906906
0.7124708983383116
0.7249176165637281
0.6816330508201635
0.6493746517139086
0.6561009385966636
0.653309446978398
0.6510291740602492
0.6495925597322252
0.6482583821526708
0.6474706950239794
0.6478608987263735
0.6450788448293617
0.6431917457882957
0.6422679667368194
0.6422664720961372
0.6432512424601359
0.6454393068021733
0.6441876786790139
0.6443513540697774
0.644465637727022
0.6452490858851581
0.645444803734204
0.6465391055586692
0.6472016125951647
0.6483354862983784
0.6502139943093311
0.6525137082643562
0.6453094002491906
0.6772306956671951
0.7207097704724572
0.733669944705855
0.686339849079734
0.6501347630724404
0.6570767629806734
0.6538587875754207
0.6510545088115068
0.6493996836421635
0.6477418168003303
0.6468400469619343
0.6472419744424694
0.6440069307898157
0.6417010786744479
0.6407111783460823
0.6406159722967496
0.6418970209091694
0.6444016343843582
0.6430009155946617
0.6431457628098233
0.6434212981938152
0.6442838612024157
0.6446440671940264
0.6459352685401806
0.6468401781695338
0.6482169250321229
0.6506437407881236
0.6532657762179072
0.645904659140029
0.6821255689906012
0.7299703959349922
0.7411098751554405
0.6900173416463528
0.6500566141259047
0.6571747709211827
0.65366223686833
0.650357599303334
0.6484894232244454
0.6465443317457719
0.6455458967766883
0.6459544033417377
0.6422845204941767
0.6395299820485943
0.6385425153799205
0.6383116958215008
0.6398915213713697
0.6427249717666982
0.6411754394319432
0.6412914413112958
0.6417092555963739
0.642674189221138
0.6431688539685803
0.6446394051536433
0.6457724206074995
0.6473854641989749
0.6502905967985236
0.6532772645806615
0.6458826729055122
0.6856220435550039
0.7369906918525695
0.7483068302714675
0.6941403706416603
0.6509062752453989
0.6579524117068908
0.6541521966054743
0.6503719271272167
0.648327230295725
0.6460882471797121
0.644997363186826
0.6454696079448917
0.6413232273288066
0.6381521417510467
0.6371225250432335
0.6368001876098627
0.6386787879142165
0.6418665967162419
0.6401429252421286
0.6402267969999774
0.6407911270886274
0.6418326872496507
0.6424742384104306
0.6441184109473849
0.6454516682354593
0.6472762940764242
0.6506670012988955
0.6539541691809813
0.6466170628639831
0.6898172640743976
0.7445127591784381
0.7545592285441703
0.6973903063568301
0.650992581582082
0.6580359904880511
0.6539610880265392
0.6497608370399595
0.6475574368044459
0.6450658967533422
0.6438833161122787
0.6444448861307381
0.639831095791088
0.6362128866322593
0.6352357323064232
0.6347448697300179
0.636970302513344
0.6405097493473442
0.6385776415614643
0.6386541847889409
0.6393466329859749
0.6404756883945714
0.6412379330829662
0.6430438556368235
0.6445572567076542
0.6465857110264349
0.6504202119833176
0.6539682851425055
0.6467878042780055
0.6929602826003043
0.7504293372305711
0.7604416144933778
0.7009020933765742
0.6517744352576758
0.6586236649592307
0.6543711457825159
0.6497488357956611
0.6474018774424147
0.6446429954738112
0.643391297610711
0.6440890225132204
0.638987657381562
0.6349537657968893
0.633971276859597
0.6333677543027543
0.6359056089130061
0.6398247985156803
0.6376943443053953
0.637736639913736
0.638597306271681
0.6397887738722922
0.6406830100736554
0.642625944037528
0.6443229738200993
0.6465407697811519
0.6507944226053112
0.6546022611899448
0.6476004595694375
0.6965733455718999
0.7566189925348343
0.7655805634788705
0.7036599415395922
0.6519080360743598
0.6586346197597339
0.6541537908582303
0.6491894564385805
0.6467110489813641
0.6437349180196537
0.6424174009328854
0.643276204878235
0.6376970754225952
0.6331835207952142
0.6323270080424603
0.6315213331791378
0.6344322443130168
0.6387727229042932
0.6363738709115022
0.6364300321299147
0.6374154949529331
0.6386805255532108
0.6396694507862218
0.641770457622326
0.6436228081345438
0.6460162406330642
0.65065793671505
0.6546677785901774
0.6479066454852104
0.6993713005201649
0.761594586910315
0.770326705405584
0.706554190457293
0.6525555674063668
0.6590356097148662
0.6544370489928346
0.6491033392154778
0.6465504608755392
0.6433317903687318
0.6419806780472325
0.6430460427365257
0.6369333977909624
0.6320161390953863
0.631191837578467
0.6302421204390724
0.6335029610912618
0.6382827771840728
0.6356489882189089
0.6356691769552726
0.6368451633229913
0.638146178813742
0.6392537517928333
0.6414899022263948
0.6434998540907158
0.646058327940724
0.6510538488671549
0.6552631051528859
0.6487565294967731
0.702491336805707
0.7667015956921334
0.7743977830851518
0.708766638961872
0.6526458134178119
0.658955258847455
0.6541891881868269
0.6485924638151038
0.6459453768103937
0.6425453096146393
0.6411172990698315
0.6424512160724722
0.6358389219038767
0.6303871586060991
0.6297755096801703
0.6285556077153635
0.6322742538557017
0.6375335505414247
0.6345478644035318
0.6346021280521461
0.6359107322135898
0.6372715722802857
0.6384818692054268
0.6408502203717799
0.6429899015094636
0.6456976388248092
0.6510240036191423
0.6554092604227915
0.6491786962665129
0.7049746979817066
0.7709252510352944
0.7781769181117151
0.7110881690066378
0.6531481029927173
0.6591914721641537
0.6543522222458747
0.6484595510915129
0.6457831813540317
0.6421394235020262
0.6407006867934253
0.6423097107447361
0.6351277856775017
0.6292613218049329
0.6287326630642528
0.6273510574992418
0.6314461040038106
0.6372039301671518
0.6339458070748096
0.6339857914992034
0.6354843496816438
0.6368786214905897
0.6382072369938845
0.6406747595054322
0.6429591862930257
0.645797028351467
0.6514265122275557
0.6559770043217714
0.6500211972655288
0.7076252592303693
0.7750968829100257
0.7813755456811463
0.7128370422205924
0.6531550563061214
0.6589995414122065
0.6540365013750556
0.6479091511826993
0.6451813441599502
0.641387791003749
0.6398549429445934
0.641860124918642
0.6340983588875181
0.6276523279555406
0.6274312940482982
0.6256978047530186
0.6303485077426546
0.6366601161445073
0.6329678526124034
0.6330737573661465
0.6347151931561529
0.6361574384616597
0.6375886671543267
0.6401893960555107
0.6425706024644862
0.6455251693078959
0.6514209801383222
0.6561154734918738
0.6504282269063688
0.7096793141968589
0.7785068098628264
0.7842435117175788
0.7146174236412209
0.6535365475711602
0.6591673756932313
0.6541630305387316
0.6478211112282715
0.6451170900062622
0.6411074722870247
0.6395923963086794
0.6419212397409442
0.6335823552461697
0.6267083516656312
0.6266188818700715
0.6247120268938906
0.6297742351741297
0.6366569863492257
0.6326274026708002
0.6327277576418154
0.6345880234650109
0.6360341431861593
0.6375897932188456
0.6402830898855604
0.6427553520705688
0.6458197633424848
0.651937063745073
0.6567522574049157
0.651300004893515
0.711904323933336
0.7818470658102025
0.7864967092582618
0.7158217071911105
0.6534702406274757
0.6589208386822832
0.6538490847619657
0.6473470519679154
0.6446302768387511
0.6404983001055948
0.6388772854801249
0.6417703843207073
0.6327856383461565
0.625236806738109
0.6256105565250059
0.6231960448707745
0.6289380088166361
0.6365002539315128
0.6319462704743138
0.6321728767981692
0.6341679563615382
0.6356678886620934
0.6372963809717931
0.6400714848872926
0.642645912409465
0.6458214647902406
0.6521400092715747
0.6570666248383273
0.6518408961577375
0.7136691706959116
0.7845939348154392
0.7884377200312379
0.7169552064241594
0.6535675134837292
0.6588471705556878
0.6537612905632775
0.6471104979940082
0.6444238155919886
0.6400791643233126
0.6385294735513605
0.6418193792144291
0.6322164096872773
0.6242191481897876
0.6247705500788756
0.622155228525861
0.6283075523958132
0.6365566366632801
0.631703923489581
0.63194398180936
0.6341783176257388
0.6356679636871042
0.6374098671579813
0.6402428279950085
0.6429338119841703
0.6462104655648208
0.6527070834603129
0.6577147306344291
0.6526944716755744
0.7155023775368471
0.7872147089518563
0.7898403890116434
0.7175717247375417
0.6532461100140838
0.6584026111755306
0.6532963480481071
0.6465172650082467
0.6438948674362978
0.6394709101355064
0.6377469837142278
0.6418556250264942
0.6314695767216193
0.6226676739366064
0.6238625944111059
0.6205272801187663
0.6276373416809125
0.6367297786478626
0.6311657725339838
0.6316355221647001
0.6340336799750785
0.6355511126349268
0.6373870877034427
0.6403027284002143
0.6430726254880511
0.6464271809956762
0.653091071346308
0.658187450244516
0.6533598079477374
0.7170628483573249
0.7894973765006059
0.7908712533405778
0.7180405391407115
0.652988724823169
0.658050561195353
0.6529767506935757
0.6460967458015312
0.6435491400079482
0.6389526367865187
0.6373766076400673
0.6419033130144003
0.6308567877142479
0.6215498571137754
0.6229515534115762
0.619486092555155
0.627018493111376
0.6369776188880558
0.6311548964350616
0.631632636057087
0.6343077953987208
0.6358332990493161
0.6378041976955406
0.640774820810402
0.6436373225443647
0.6470791023822962
0.6538725562159534
0.6590487477087157
0.654364511181792
0.7187876871424789
0.7917916597133532
0.7914838503620483
0.718081239921832
0.6523799686686365
0.6573318480173527
0.6522614647683652
0.645298036200466
0.6428797847849775
0.6381872592007365
0.6363511899201093
0.6420760390869781
0.6300405662646078
0.6197289866594914
0.6220032011988709
0.617488040140095
0.6264246640616696
0.6375591008660788
0.6307762077505557
0.6316445121831059
0.6345229901082248
0.6360717426654171
0.6381807064036992
0.6412350030862967
0.6441872317459486
0.6477086736688418
0.6546340175651083
0.6598644901701931
0.6553144438601151
0.7203389125378138
0.7938538019853699
0.7918883764883626
0.718068105374767
0.6518576842964459
0.6567200724795373
0.651624924083421
0.6445128793563265
0.6421198250849666
0.6373610863095813
0.6357408273341819
0.6417936466697646
0.6290526994242454
0.6181172187229852
0.6206894099713289
0.6161923578591081
0.6255385688207803
0.6378482065855974
0.631050614887065
0.6319791964583747
0.6351783122073933
0.6367904492945268
0.6390914251288722
0.642233964207045
0.6453029869320356
0.6488986117013538
0.655930349794772
0.66120572940708
0.6567510096689014
0.7221803261728087
0.7960349617285581
0.7922544250096039
0.7179550129262693
0.6512094015654029
0.6558481049192398
0.6506407590896858
0.6433311435221609
0.6409226959109149
0.6357680901363025
0.6337356123858944
0.6417025627449905
0.6276737362791778
0.6153386466528524
0.6189684268742869
0.6129702611335464
0.6247568236040071
0.6389307997977742
0.6307337226839562
0.63232995963898
0.6359385087015041
0.6376710922966919
0.6402032807377905
0.6434778380989586
0.6467055329771252
0.6503954410915472
0.6575467194184638
0.6628785516173727
0.6584782669478951
0.7242418411300336
0.7983970661723443
0.7937914841203596
0.7190294721864338
0.6515346229234226
0.6555289338170668
0.6496503393308855
0.64166898221654
0.6390767428606431
0.6339416784013595
0.6316848524305603
0.6392102230398667
0.6243702861314661
0.611543965019383
0.6161627098820656
0.6104878868868616
0.6223797892979673
0.6385119213754064
0.631293601595014
0.633332832630428
0.6373621715871493
0.6393163736642423
0.6422485959224339
0.6457422945614371
0.6491820476900421
0.6530046776910832
0.6602414408710265
0.665585308092723
0.6611897719434531
0.7270854625270547
0.8014232281312178
0.798482293665457
0.7230489147352998
0.6545152620495636
0.6572536416244072
0.6497912599690661
0.6396853933137819
0.6349726863463174
0.6279117183708252
0.6255688067724481
0.6368862507184478
0.6198374267530703
0.603625032045905
0.6088389865104066
0.6021114652996297
0.6203848347379854
0.6406703458977913
0.6310727897755906
0.6341599745276186
0.6394432015492479
0.6421612712906962
0.6457042926126341
0.6494777627338654
0.6530889159570242
0.6569375887133412
0.6641765337079168
0.6694405561650696
0.664940194105627
0.730816965288729
0.8052209757944538
0.8082578112962102
0.7323710928766708
0.6630487101801248
0.6647401266442404
0.6557294597008013
0.6431311174221891
0.6346866480352794
0.6214532150190982
0.6102015383652123
0.6155680073022564
0.5997659050770972
0.5889427177447786
0.6004764921157975
0.5936750531163291
0.6093589714177181
0.6343221406863121
0.6315040510013082
0.6392168661426598
0.6463456599449036
0.6494981867707225
0.6530827910208449
0.6565758268431758
0.6598243075556866
0.6633114884399626
0.6701933109364029
0.6751529168271949
0.6703700540066104
0.7359660007147982
0.8104045146829897
0.8228280820053837
0.7468879751907249
0.6778752608112946
0.6799705416190872
0.6715461704330001
0.659084863117431
0.650512690362235
0.6352779989617734
0.6171172542432491
0.6045505107068526
0.5483091536340525
0.5027110408285695
0.5146582142685265
0.5363755536317292
0.6033666771595979
0.6604722800761184
0.657572157837512
0.6621065794135672
0.6654641237429854
0.6655761426329824
0.6667432335390852
0.668257452531894
0.6700137805664071
0.6722576614484002
0.6782393825799617
0.6824452525147463
0.6771638065615966
0.742228264833867
0.8164122257191307
0.8383781586747405
0.7631014062311171
0.695615356609111
0.7003074035498683
0.6942379640488785
0.6876465515352382
0.6813141407544755
0.680296840671749
0.6610261653734881
0.69383187308237
0.05566354752884302
0.2753254380458767
0.32719214671368113
0.3183084988368988
1.0
0.7740082181868307
0.7061498642444833
0.70767507491839
0.6925544315300014
0.6897163306180392
0.683915658165076
0.6829832427352903
0.6818331702131044
0.6823592058358348
0.6871513761236839
0.6901988782747532
0.6845829069431035
0.7486738071266852
0.822461987527015
0.8487296684748404
0.7747615647710754
0.7093980715120847
0.7175113669440236
0.71472348350027
0.7159030363708756
0.7139046837408793
0.7305792842162667
0.7128978228196848
0.7970138178698076
0.0
0.09153129558142821
0.17312651886008834
0.10597611413221017
0.9438383001866635
0.8444704875826965
0.7414239709822287
0.7439630946985585
0.7147748060076109
0.709238054193785
0.6978160406634916
0.6946628694038508
0.6911364369964731
0.6902056937167745
0.6940516595982766
0.6962352550692272
0.6903676489322522
0.7536989203071421
0.8274307802476115
0.8504923655927736
0.777514246204024
0.7141673838735997
0.7243433765098708
0.7244377839392193
0.7296569154741432
0.7332763394866618
0.7580891863228052
0.7490401858498889
0.8357568694738161
0.0036486374649195865
0.06079845504453596
0.12909296476158202
0.05711132756611863
0.9297587585369494
0.8251800232601888
0.7381791383465056
0.7453587500468302
0.7181199023894504
0.712781006809817
0.7013985797151929
0.6980037542745182
0.6942364567699867
0.6931558873948163
0.6967670606093261
0.6989579827953424
0.6929477981168093
0.7560833495745821
0.8296554499013447
0.8436021398355533
0.7711141715953846
0.7085822647106282
0.7189176998564262
0.718830430717921
0.7241519604777525
0.7274523118512437
0.7538974333835811
0.7482431819476135
0.8521647783250594
0.11042700633101724
0.11647038400452277
0.1808282992355345
0.0952567341852241
0.8748749104433452
0.7865721648873354
0.7004831688821862
0.716755343931562
0.6977987016137164
0.698346550901949
0.6910793030954551
0.6906349320246287
0.6888600058299374
0.6893095802816421
0.6938860657272221
0.6969672624953109
0.6913964049779586
0.754692216982129
0.8283214753374016
0.8313198102555206
0.7592109527011818
0.696695976422229
0.7055111348513375
0.7038572952325953
0.7042677934876396
0.7053181516811688
0.7182266574649467
0.7138621364023726
0.7820493456477112
0.5089545035420628
0.3230385323308209
0.3277816364914007
0.2737645021392677
0.595059996432624
0.6875624189706903
0.6532214875638358
0.6706988910416434
0.6688714597478247
0.673407292782161
0.6738021727371802
0.6765949618745182
0.6783690402750987
0.6809895501580321
0.6871337377781154
0.6915954372550461
0.6865717786176782
0.7501645724738936
0.8236130067660289
0.8177389850140423
0.7454963474102216
0.6827694191566879
0.6894688607922943
0.6861676327865942
0.6803768416905267
0.6793070849934425
0.6744586010244101
0.6680417050730382
0.6693490865451022
0.6100118261935994
0.5337543512897757
0.5052123275821847
0.4921736872980713
0.5392990990693389
0.5987925155361746
0.6122519339954173
0.629548304994514
0.6421351690209399
0.6490466499496695
0.6555328539600503
0.6609705852829543
0.6658052209907306
0.6704295029979306
0.6780747285321663
0.6838541061755975
0.6793835266326885
0.7431334812270465
0.8160163854899306
0.8054055051510034
0.7335457754406802
0.6707341022438734
0.6763780224026659
0.6714492560423421
0.6635084859652262
0.6595951274029004
0.650728306268813
0.6407488986925859
0.6403036028494596
0.6127395454382346
0.592513985351368
0.5944507855323137
0.5809349738860569
0.590905698897062
0.6070300817985398
0.6031191104792069
0.6151509210929722
0.6271417350766084
0.6349117747694121
0.6424309169241095
0.6492241880781844
0.6552430781856111
0.6609848697922441
0.6694914019821052
0.6759791340669782
0.6718984996027282
0.7352214642268062
0.8075058033282004
0.7959725174814481
0.7246545166039973
0.6622750035543241
0.6676830797768305
0.6624391842437055
0.6545059430930168
0.6508457049001658
0.6434812553560736
0.6381222397459816
0.6452818247088167
0.6237072432348625
0.6037092881202333
0.6081383344835484
0.6010917020297573
0.6149800318118912
0.6299359007448105
0.6179496010149246
0.620507636893507
0.6267080426039485
0.6314470461249261
0.637235325778864
0.6431897564191352
0.6488528774658342
0.6544743108020978
0.6629612273409764
0.6694955358257315
0.6653485300778186
0.7278827520528774
0.7995594827790001
0.7893143407507034
0.7186386803476992
0.657125792342241
0.6627864133211994
0.6577309121390531
0.6504813567926455
0.6476767495501624
0.6417939270082429
0.6382546089116459
0.6434993718855542
0.6260959491577033
0.6129643430044408
0.6166500640798612
0.6109671852597623
0.6223300594348823
0.6351761523372895
0.6264150945238843
0.6278340232509243
0.6312975650525897
0.6335649310608158
0.637229677647883
0.6417538133294274
0.6463302861367971
0.6512405823275431
0.6591127567960205
0.6652684394426422
0.660679779953964
0.7220896562068612
0.7929790540188538
0.7843401710461786
0.7144319912271148
0.6539037048081046
0.6598249647426107
0.6549868407739576
0.6482522430846747
0.6458209501853047
0.6405615114920578
0.6375183044941326
0.6439410999619732
0.6287848279657431
0.6164185055308299
0.6209994240009372
0.6160564126544533
0.6267448106038755
0.6387578842669376
0.6296010035731481
0.6309423771197403
0.6341313308287064
0.6357875882519314
0.6384034226864896
0.6419584156103791
0.6456226061162026
0.649774205279018
0.6569505991761615
0.6625997871707038
0.6574959678135397
0.7176730211403156
0.787703750235806
0.7804811625318673
0.7114304967564745
0.6520825548195919
0.6582897531083838
0.6535859020794057
0.6472319305122348
0.6449738592181705
0.6401554232829766
0.6379668230808314
0.6431882065150074
0.6299230908848522
0.6200991261693377
0.6234181508429107
0.6197310072794988
0.6291104228403174
0.6398738163879661
0.6324211522523605
0.6332070870357775
0.6359665286473019
0.6374800509300566
0.6396773508164542
0.6428118440654071
0.6459432604846681
0.6495921679477125
0.6561700885976214
0.6613894820881726
0.6557630417228586
0.7145555860281951
0.7835979404570634
0.7768862926083693
0.7087938789003217
0.6506333347157236
0.6570807003575796
0.6524674181888679
0.6464192763697308
0.6442414186461596
0.6398297614258888
0.6377132867993518
0.6430308593058202
0.6310708837037239
0.6218288200952355
0.6253385466271643
0.6218211107870827
0.630537599493045
0.6406034002649262
0.6334353940031392
0.6344532076567662
0.636989011659985
0.6383868860481624
0.6403411888862577
0.6432519646763957
0.6460995802073755
0.6494585085356909
0.6556358243511965
0.660567052864631
0.6545659401230833
0.7120688286204666
0.7801516384377769
0.7735637416443966
0.7065511664782974
0.649806328162274
0.6565108882729653
0.6520078193387076
0.6462420610900377
0.6441279930084869
0.6399365639521187
0.6382604098500756
0.6427398154593378
0.6319975416245651
0.6241456489556352
0.6267253504028767
0.6240876740391825
0.6317609397403524
0.6409409742094849
0.634852587274148
0.6355719500561466
0.6380062253433118
0.6394340641233551
0.6412100412426619
0.6439857442093192
0.6466328046737886
0.6497968230793606
0.655660826177533
0.6603784137919473
0.6540502184287126
0.7101409535434839
0.7771293368776205
0.7701414292457117
0.7042399090004753
0.6488727700085108
0.655789299327706
0.651361029065383
0.6458652792816483
0.6437708165107269
0.6399088519190759
0.6382788168286031
0.6425726855861865
0.6327497550209354
0.6254065936225921
0.6279261316749648
0.6254473743691145
0.6325838704710492
0.6410739925195765
0.6353680348342526
0.6362344103312654
0.638444292360054
0.6399080046994288
0.6415793164138309
0.6442680714823045
0.6467908397462826
0.6498248144168465
0.6554368253930262
0.6600045157933141
0.6534651704073747
0.7081667123204773
0.7740358707053936
0.7667084203255803
0.7021108163849881
0.6483907636118669
0.6555407700752773
0.6512467876886958
0.6460219344913866
0.6440083470735953
0.6403371676375936
0.6389660940675119
0.6426597351645154
0.6337383994558967
0.6273112390949712
0.6291736436479917
0.627315024813356
0.6336067139025053
0.6414325213058162
0.6364845593426558
0.6371666945534517
0.6393122606162159
0.6407624089391687
0.6423484260630519
0.6449579592009534
0.6473714873726543
0.6502884770260133
0.6556425892403777
0.6600852188072154
0.6532981587589343
0.706447558432006
0.7710360077127822
0.7630163970343607
0.6997447630750141
0.6476162722681126
0.6549623846885116
0.6507524923561347
0.6458078512550139
0.643803612665902
0.6404258381238125
0.6391010128197223
0.642551462699559
0.6343587071642344
0.6283958485612275
0.6301151018319869
0.6284272903598527
0.6342702741614726
0.6414720798225305
0.6368982164608652
0.6376603838263926
0.639602707249825
0.6411027545580924
0.6425852961071039
0.6451435390225463
0.647455971509228
0.6502894122535597
0.6554153209040995
0.6597557556063193
0.652805293841969
0.7044314904782529
0.7677533705141201
0.7593873235186555
0.6976454702099832
0.6473431375695728
0.6549041213910832
0.6508347176998875
0.6461898802184456
0.6442743836937785
0.6411077962847744
0.6399574469857876
0.6429512492673055
0.635493158628967
0.6302147403313831
0.6314677249940559
0.6302204125898556
0.6353914502205447
0.6420522589159859
0.638031838284552
0.6386929571860089
0.640537526007598
0.642013152847193
0.643421547051661
0.6458973263356438
0.648109181993277
0.6508324623538513
0.6556955295535029
0.6598803718045597
0.6527468742903069
0.7025812346919106
0.7643590230275726
0.7553971074050795
0.6952259768031216
0.6467484224664471
0.6544562278213198
0.650521368216852
0.6461938061060697
0.6443255994656916
0.6414349226806255
0.6403450963910308
0.6430930058656366
0.6362401977123426
0.6314103734860388
0.6325471495771778
0.6314655488091717
0.6362283832837677
0.6423234169984678
0.6386421228582553
0.6393342166339213
0.6409902023356293
0.6424898429233176
0.6437895911462749
0.6461843570908521
0.6482860169777392
0.6509029307154388
0.6555013457533757
0.6595688341812791
0.652285530218227
0.7003971991814633
0.7606623810450306
0.7514758499614491
0.6930396675637864
0.6465299641115277
0.6543690264695775
0.6506028272255026
0.6465482125379647
0.644769102980842
0.6420694928388317
0.6410958141126838
0.6435326333566465
0.637281103443869
0.6329568734546226
0.6337463125839109
0.6329779850101086
0.6372041997057053
0.6428679404842695
0.6395975954385237
0.6402367237395366
0.641778526889681
0.6432394843290423
0.6444748447779632
0.6467852973166959
0.6487869335834575
0.651283980792053
0.655612850383115
0.6595412507133004
0.6521575384689652
0.6983566326319208
0.7568595551191958
0.747089276600987
0.6904590909779429
0.6458934406605061
0.65380201547189
0.6501666056172184
0.6464265042769725
0.6447100825397365
0.6422559378033514
0.64133738890278
0.6435497346931789
0.6378067716393638
0.6338914331290889
0.6345618376681748
0.6339447020356763
0.6377986912274057
0.6429946878294089
0.6400054421970919
0.6406557380801087
0.6420403181053103
0.6434977149013191
0.6446213760920656
0.6468478638097659
0.6487267217038198
0.6511173300219568
0.6551721962098754
0.6589767156558618
0.6515178669547038
0.6958495058763173
0.752650307335533
0.7428614391592155
0.6882671508415502
0.6459366127861625
0.6539218429374353
0.6504856491883622
0.6470569705785776
0.645466157828431
0.6432173456317549
0.6423946753630786
0.6443870349538517
0.6391544243082986
0.6356769689862554
0.6361122055035097
0.6357119504028473
0.6391261760704693
0.643935470558522
0.6412452501470353
0.6418794578183974
0.6431256157795525
0.6445180989370924
0.6455611078965632
0.647662012248273
0.6494210186641823
0.6516691980312113
0.6554191502817557
0.6590188491504347
0.651526890636706
0.6936658012571886
0.7483420104526364
0.7378901532644467
0.6854529351126166
0.645351343021684
0.6533213671083663
0.6500780232537916
0.6469695208285609
0.6454717989509493
0.6434624707248502
0.6426884330928377
0.6445049696750973
0.6397224255671924
0.6366035958630573
0.6369491495964432
0.6366848871511702
0.6397604757709795
0.6441499790476859
0.6416957487965759
0.642328525248092
0.6434189744865514
0.6447843810832301
0.6457154383650029
0.6477068206774571
0.6493181589148206
0.6514443206144961
0.654892619470976
0.6583543470001377
0.6508471640389667
0.6908905835977982
0.743573165704894
0.733199987119136
0.6831802425584105
0.6455633294641108
0.6535330548294634
0.6505052119886482
0.6477422453505449
0.646372379648669
0.6445818816855441
0.6438840109840476
0.6455300691419469
0.6412114946368217
0.6384809672967974
0.6386577881494434
0.6385334859532777
0.6412352877907023
0.6452822556717805
0.6430685543759035
0.6436765492506173
0.6446303777146463
0.6459204588558153
0.6467491904100489
0.6486044033619586
0.6500737976108028
0.6520348088108122
0.6551696846528525
0.6583867881365019
0.650970446331579
0.6885698646963336
0.7387309389136756
0.7275518791170923
0.680134883158415
0.6450485510397835
0.6528728219814264
0.650086303579255
0.6476493989699281
0.6464011083682673
0.6448414261720988
0.6441953891360956
0.6457006139904418
0.6417839393754895
0.6394081713032076
0.639515681684096
0.6395142922852358
0.6418889927734439
0.6455402494499572
0.6435398417321084
0.6441343764535092
0.6449456013293451
0.6461737634295001
0.6468800344884345
0.6486126404877219
0.6499224124197778
0.6517247283731545
0.6545183388792557
0.6575754535380244
0.6502258765246689
0.6854604042947783
0.7332645453941161
0.7224593353411821
0.6778623778795034
0.645512464115296
0.6531768480270955
0.6506475842975964
0.6485657706515796
0.6474610165678018
0.646134303115125
0.6455672782154059
0.6469513300783186
0.6434656275199443
0.6414305497450427
0.6414029318092184
0.64151300717229
0.6435469292403255
0.6468887720873172
0.645070132736685
0.6456521255281805
0.6463154410654437
0.6474684948264957
0.6480489511563233
0.6496216827639777
0.6507668170779113
0.6524018718356448
0.6548419280698891
0.657611936029296
0.6505032346832338
0.6829359850209911
0.7276818228953484
0.7158657053961353
0.6744757638286006
0.645042043510517
0.6524198037323657
0.6501794644215175
0.6484445390808935
0.6474761616243054
0.6463828372964557
0.6458700025254361
0.6471477233822476
0.6440385156300006
0.6423318716163376
0.6422802901405822
0.6424779257805625
0.6442201898999982
0.6472009072681492
0.6455502650016656
0.6461182373075695
0.6466288339779648
0.6477077956579191
0.6481551827801362
0.6495930724184511
0.6505541264573969
0.6519962828358623
0.6540868703868927
0.6566539020285218
0.6497402084938846
0.6795214118025917
0.721457343577655
0.710215345494839
0.6721570371686175
0.6457501600089312
0.6527952096992481
0.65085685455889
0.6494846374605814
0.6486915846074578
0.6478344261570619
0.6474169565504403
0.6486118300337772
0.6459139663775082
0.6445488017451062
0.6443967482225529
0.6446795302413155
0.6461027079920326
0.6487847115563388
0.6472908420579263
0.6478570692338245
0.6482073653624825
0.649197962643326
0.64950607071596
0.6507685267979503
0.6515303109959266
0.6527745944807402
0.6545100148945212
0.6567588798270012
0.6502936127350214
0.6769256751092849
0.7152082771967017
0.7024331723161028
0.668349707329386
0.6453732232101289
0.6519200491526185
0.6502943055387198
0.6492480179058528
0.6486220417075274
0.6480132428128657
0.6476603141324087
0.6487721938688191
0.6464478950220083
0.6454073764792817
0.6452323048698045
0.6456126820191783
0.646747142560444
0.6491123021191786
0.6477657662084448
0.6483168077936522
0.6485158267431731
0.649420895039509
0.6495955228180263
0.6506922377363682
0.6512653061132576
0.6523025615850326
0.6536657709714415
0.6556012138086242
0.6495727728909417
0.6731719880378744
0.707921728660442
0.6962220780118195
0.6661246862185201
0.6463591313577133
0.6522704218125324
0.6511331637460176
0.6504408214571844
0.6500340906525667
0.6496801275920602
0.6494352130975017
0.6505170448000742
0.6485898579310767
0.6478833716468716
0.6476455953282629
0.6481091142065134
0.6489474943447915
0.6510350356276197
0.6498199389400734
0.6503759748012289
0.6504237790606678
0.6512207495291322
0.6512406694163
0.6521473061145076
0.6525070477093442
0.6533014722678331
0.6543244971150505
0.6559209538600368
0.6505219879487175
0.6705587482278474
0.7009841785510877
0.6864544305391654
0.6615513218363676
0.64611715765975
0.6512553026252952
0.6503423502688291
0.6499347341001482
0.6497335573485943
0.6496063012580523
0.6494334492629448
0.6504510642668885
0.6488660866932313
0.6484754936190735
0.6482382296075445
0.648771595392125
0.6493494844419132
0.6511408392756817
0.6500665799290226
0.650632452338874
0.6505543596898195
0.6512990000409202
0.6511945941788939
0.6519701752810358
0.6521453092773136
0.6527318837646447
0.6534222004930794
0.6545263339373386
0.6500891770486574
0.666483691350387
0.6920890386349808
0.6792991470485799
0.6595393262585825
0.6475088617520631
0.6515531114758512
0.651525145185
0.651455923640284
0.6515857889467447
0.6517874951244083
0.6517405897863849
0.6527883172790379
0.6515885570594319
0.651526236896566
0.6512474537223673
0.6518238058509158
0.6521504051185135
0.6536608098995184
0.6527222506911309
0.6532777032414445
0.6530623522777068
0.6537267089736956
0.6534879739894055
0.6541034965267257
0.6540891701964497
0.6543995902572803
0.6548244574678366
0.6553011450163192
0.6514820764628807
0.6642123653313694
0.6849943611064019
0.6657146107690493
0.6534928951935204
0.6470133940301986
0.6495143217437548
0.650345886669797
0.6504838731751664
0.6505606247952379
0.650899516100859
0.6506891255196879
0.6515583999923087
0.6505579340054176
0.6506960593013125
0.6503653920236737
0.6509449527639772
0.6510045568606032
0.6521970248329889
0.6514439667446137
0.6520523897099711
0.6517957444288102
0.6525169002281421
0.6522610672392115
0.6530097031029848
0.6530078740093067
0.6534666366695305
0.6540481135922688
0.6540610744213912
0.6524509092397102
0.6592387597505858
0.6714150409608525
0.6470277992918412
0.6467451181489733
0.6523864934318256
0.6529233151924007
0.6537751673179525
0.6540897047927365
0.6540732472006687
0.6545818389913727
0.6543756200535651
0.6551068164512397
0.654537817807784
0.654826132145566
0.6545292100377867
0.6549835559882633
0.6549053783185229
0.65563790391122
0.6551242744150825
0.6555457208068467
0.6552602316834838
0.6557470968974418
0.6554541650172652
0.6559809589326003
0.6557882210585998
0.6562694237799752
0.6564525876353708
0.6566869017737725
0.6565555551541965
0.6744200741303175
0.6664700655216284
0.6465608633862616
0.6553365951956124
0.6663837350574535
0.6663220491029483
0.6674310979951918
0.6681666073543977
0.6684464288150015
0.6693479123404922
0.6693954779675467
0.6703023499662474
0.6701067564312315
0.6706387101830663
0.670553781411283
0.6709845720360144
0.6709352025917024
0.6712383587838392
0.6708063617845088
0.6709089380932859
0.6705575039386177
0.6706403761289416
0.6701507259130514
0.6702013936462176
0.6696156126086947
0.6696431524174018
0.669068722790393
0.6692641095183348
0.6685252797566611
0.6700897293154598
0.6756213934454768
