Filename,Accuracy,Class Distribution
Defect_L7_B440_el6189_H2_W2.npy,0.9574666475398078,"13347,37,15,0,124,56,2,0,49,296,16,0,0,0,0,0,0,0,0"
NoiseDefectFree_000553.npy,1.0,"13942,0,0,0,0,0,0,0,0,0,0,0,0,0,0,0,0,0,0"
NoiseDefectFree_003145.npy,1.0,"13942,0,0,0,0,0,0,0,0,0,0,0,0,0,0,0,0,0,0"
Defect_L7_B70_el1811_H4_W4.npy,0.9187347582843207,"12804,168,4,9,166,282,5,0,172,198,115,0,0,0,1,9,0,0,9"
NoiseDefectFree_002057.npy,0.9999282742791565,"13941,0,0,0,0,0,0,0,0,1,0,0,0,0,0,0,0,0,0"
NoiseDefectFree_001926.npy,1.0,"13942,0,0,0,0,0,0,0,0,0,0,0,0,0,0,0,0,0,0"
NoiseDefectFree_000635.npy,1.0,"13942,0,0,0,0,0,0,0,0,0,0,0,0,0,0,0,0,0,0"
Defect_L6_B346_el4851_H2_W2.npy,0.9916080906613112,"13820,12,5,0,17,29,0,0,14,45,0,0,0,0,0,0,0,0,0"
Defect_L12_B252_el3485_H2_W2.npy,0.9622005451154784,"13415,0,0,0,3,14,0,0,5,47,286,0,0,0,91,16,0,0,65"
Defect_L8_B414_el5853_H2_W2.npy,0.9492899153636494,"13235,44,17,0,136,79,0,0,55,287,88,0,0,0,1,0,0,0,0"
NoiseDefectFree_000106.npy,1.0,"13942,0,0,0,0,0,0,0,0,0,0,0,0,0,0,0,0,0,0"
NoiseDefectFree_003042.npy,1.0,"13942,0,0,0,0,0,0,0,0,0,0,0,0,0,0,0,0,0,0"
NoiseDefectFree_001710.npy,1.0,"13942,0,0,0,0,0,0,0,0,0,0,0,0,0,0,0,0,0,0"
NoiseDefectFree_000090.npy,1.0,"13942,0,0,0,0,0,0,0,0,0,0,0,0,0,0,0,0,0,0"
Defect_L17_B8_el143_H4_W4.npy,0.9309281308277149,"12973,62,0,0,6,7,0,0,5,103,414,0,0,5,290,7,7,0,63"
NoiseDefectFree_003175.npy,1.0,"13942,0,0,0,0,0,0,0,0,0,0,0,0,0,0,0,0,0,0"
NoiseDefectFree_000918.npy,1.0,"13942,0,0,0,0,0,0,0,0,0,0,0,0,0,0,0,0,0,0"
Defect_L16_B55_el2502_H8_W8.npy,0.8234112752833166,"11480,139,0,0,276,146,0,0,137,174,785,0,2,2,660,26,10,0,105"
Defect_L7_B185_el5507_H4_W4.npy,0.896858413427055,"12501,59,18,11,234,295,3,0,221,345,251,0,0,0,1,2,0,0,1"
NoiseDefectFree_001950.npy,1.0,"13942,0,0,0,0,0,0,0,0,0,0,0,0,0,0,0,0,0,0"
Defect_L5_B94_el1153_H2_W2.npy,0.9829292784392483,"13701,86,2,0,31,44,0,0,29,48,0,0,0,0,0,1,0,0,0"
NoiseDefectFree_000002.npy,1.0,"13942,0,0,0,0,0,0,0,0,0,0,0,0,0,0,0,0,0,0"
Defect_L15_B57_el2803_H8_W8.npy,0.8259216755128389,"11499,47,0,0,75,33,0,0,159,388,1131,0,0,0,470,30,2,0,108"
Defect_L14_B30_el799_H4_W4.npy,0.9190933868885383,"12808,16,0,0,0,10,0,0,13,107,534,1,4,7,257,13,7,0,165"
NoiseDefectFree_002721.npy,0.9999282742791565,"13941,0,0,0,0,0,0,0,0,1,0,0,0,0,0,0,0,0,0"
Defect_L13_B5_el143_H8_W8.npy,0.8397647396356334,"11701,150,0,0,53,287,0,0,52,308,1080,3,7,17,160,30,4,0,90"
NoiseDefectFree_003118.npy,1.0,"13942,0,0,0,0,0,0,0,0,0,0,0,0,0,0,0,0,0,0"
Defect_L17_B63_el3139_H8_W8.npy,0.7348300100416009,"10234,168,0,0,467,193,0,0,264,550,1133,3,0,4,721,50,12,0,143"
NoiseDefectFree_003763.npy,1.0,"13942,0,0,0,0,0,0,0,0,0,0,0,0,0,0,0,0,0,0"
NoiseDefectFree_000214.npy,1.0,"13942,0,0,0,0,0,0,0,0,0,0,0,0,0,0,0,0,0,0"
NoiseDefectFree_000779.npy,1.0,"13942,0,0,0,0,0,0,0,0,0,0,0,0,0,0,0,0,0,0"
NoiseDefectFree_003497.npy,1.0,"13942,0,0,0,0,0,0,0,0,0,0,0,0,0,0,0,0,0,0"
Defect_L2_B189_el2479_H2_W2.npy,0.9568928417730598,"13337,92,10,2,82,102,0,0,44,116,97,0,0,0,14,11,0,0,35"
NoiseDefectFree_002044.npy,0.9999282742791565,"13941,0,0,0,0,0,0,0,0,1,0,0,0,0,0,0,0,0,0"
Defect_L8_B316_el4195_H2_W2.npy,0.9719552431501937,"13551,42,7,0,75,64,0,0,48,103,51,0,0,0,0,1,0,0,0"
Defect_L10_B361_el5165_H2_W2.npy,0.9649978482283746,"13451,38,12,0,94,72,0,0,38,174,63,0,0,0,0,0,0,0,0"
Defect_L17_B373_el5203_H2_W2.npy,0.9781953808635777,"13635,0,0,0,0,0,0,0,0,23,190,0,0,1,64,2,4,0,23"
Defect_L11_B106_el1461_H2_W2.npy,0.9727442260794721,"13553,4,0,0,2,14,0,0,9,50,188,0,0,0,34,15,1,0,72"
Defect_L6_B312_el4187_H2_W2.npy,0.9794147181179171,"13651,31,9,0,65,65,0,0,28,93,0,0,0,0,0,0,0,0,0"
NoiseDefectFree_004168.npy,0.9999282742791565,"13941,0,0,0,0,0,0,0,0,0,1,0,0,0,0,0,0,0,0"
NoiseDefectFree_003789.npy,1.0,"13942,0,0,0,0,0,0,0,0,0,0,0,0,0,0,0,0,0,0"
NoiseDefectFree_000584.npy,1.0,"13942,0,0,0,0,0,0,0,0,0,0,0,0,0,0,0,0,0,0"
Defect_L2_B124_el6170_H8_W8.npy,0.7434370965428203,"10344,60,64,3,356,354,0,0,507,594,1141,0,0,0,452,10,0,0,57"
Defect_L8_B61_el1491_H4_W4.npy,0.90209439104863,"12577,214,3,5,163,326,3,0,152,195,196,0,0,0,6,26,0,0,76"
NoiseDefectFree_000117.npy,1.0,"13942,0,0,0,0,0,0,0,0,0,0,0,0,0,0,0,0,0,0"
Defect_L3_B27_el787_H4_W4.npy,0.890761727155358,"12400,321,24,3,143,262,0,0,84,255,345,0,0,0,18,14,0,0,73"
Defect_L12_B105_el2835_H4_W4.npy,0.9132836035002152,"12735,26,0,0,25,17,0,0,4,68,573,0,0,0,325,40,0,0,129"
Defect_L7_B240_el3177_H2_W2.npy,0.9753980777506814,"13599,36,4,0,74,67,0,0,55,98,9,0,0,0,0,0,0,0,0"
Defect_L15_B26_el499_H4_W4.npy,0.929206713527471,"12945,24,0,0,7,21,0,0,1,62,444,0,2,0,137,18,0,0,281"
NoiseDefectFree_001764.npy,0.9999282742791565,"13941,0,0,0,0,0,0,0,0,0,1,0,0,0,0,0,0,0,0"
NoiseDefectFree_001876.npy,0.9999282742791565,"13941,0,0,0,0,0,0,0,0,1,0,0,0,0,0,0,0,0,0"
NoiseDefectFree_003225.npy,1.0,"13942,0,0,0,0,0,0,0,0,0,0,0,0,0,0,0,0,0,0"
NoiseDefectFree_000527.npy,0.9999282742791565,"13941,0,0,0,0,0,0,0,0,1,0,0,0,0,0,0,0,0,0"
Defect_L17_B40_el1123_H4_W4.npy,0.8892554870176446,"12391,91,0,0,27,21,0,0,72,211,641,0,0,2,242,28,10,0,206"
NoiseDefectFree_002947.npy,0.9999282742791565,"13941,0,0,0,0,0,0,0,0,0,1,0,0,0,0,0,0,0,0"
NoiseDefectFree_004474.npy,1.0,"13942,0,0,0,0,0,0,0,0,0,0,0,0,0,0,0,0,0,0"
Defect_L16_B108_H4_W8.npy,0.8934873045474107,"12457,7,0,0,5,1,0,0,87,263,847,0,0,0,237,14,1,0,23"
Defect_L15_B242_el3181_H2_W2.npy,0.9827858269975613,"13700,0,0,0,0,0,0,0,0,0,157,0,0,0,45,6,0,0,34"
NoiseDefectFree_000960.npy,1.0,"13942,0,0,0,0,0,0,0,0,0,0,0,0,0,0,0,0,0,0"
Defect_L12_B83_el3853_H8_W8.npy,0.7665327786544255,"10682,94,2,0,484,287,0,0,176,403,924,5,7,3,773,33,0,0,69"
NoiseDefectFree_003634.npy,1.0,"13942,0,0,0,0,0,0,0,0,0,0,0,0,0,0,0,0,0,0"
NoiseDefectFree_001051.npy,1.0,"13942,0,0,0,0,0,0,0,0,0,0,0,0,0,0,0,0,0,0"
NoiseDefectFree_003381.npy,0.999856548558313,"13940,0,0,0,0,0,0,0,0,2,0,0,0,0,0,0,0,0,0"
NoiseDefectFree_003677.npy,1.0,"13942,0,0,0,0,0,0,0,0,0,0,0,0,0,0,0,0,0,0"
Defect_L16_B126_el6184_H8_W8.npy,0.8493042605078182,"11841,5,0,0,44,3,0,0,2,527,683,0,1,15,785,2,4,0,30"
Defect_L11_B26_el1151_H8_W8.npy,0.8235547267250036,"11411,258,2,0,112,138,0,0,60,303,837,0,0,0,580,55,0,0,186"
Defect_L3_B425_el5875_H2_W2.npy,0.9616984650695739,"13403,25,17,2,80,70,0,0,33,200,110,0,0,0,1,0,0,0,1"
Defect_L8_B82_el1129_H2_W2.npy,0.9697317458040453,"13520,91,1,0,32,64,0,0,55,107,69,0,0,0,1,0,0,0,2"
NoiseDefectFree_001608.npy,1.0,"13942,0,0,0,0,0,0,0,0,0,0,0,0,0,0,0,0,0,0"
NoiseDefectFree_003611.npy,1.0,"13942,0,0,0,0,0,0,0,0,0,0,0,0,0,0,0,0,0,0"
Defect_L16_B143_el1819_H2_W2.npy,0.9822837469516569,"13695,0,0,0,0,0,0,0,0,0,120,0,1,0,44,24,0,0,58"
Defect_L9_B70_el1811_H4_W4.npy,0.895997704776933,"12470,205,7,0,164,310,0,0,179,227,239,0,0,0,15,22,0,0,104"
Defect_L5_B1_el115_H2_W2.npy,0.9776933008176732,"13628,81,1,1,17,76,2,0,25,75,36,0,0,0,0,0,0,0,0"
NoiseDefectFree_000792.npy,1.0,"13942,0,0,0,0,0,0,0,0,0,0,0,0,0,0,0,0,0,0"
NoiseDefectFree_003057.npy,1.0,"13942,0,0,0,0,0,0,0,0,0,0,0,0,0,0,0,0,0,0"
NoiseDefectFree_001981.npy,1.0,"13942,0,0,0,0,0,0,0,0,0,0,0,0,0,0,0,0,0,0"
NoiseDefectFree_003599.npy,0.9999282742791565,"13941,0,0,0,0,0,0,0,0,0,1,0,0,0,0,0,0,0,0"
NoiseDefectFree_000934.npy,1.0,"13942,0,0,0,0,0,0,0,0,0,0,0,0,0,0,0,0,0,0"
Defect_L7_B6_el125_H2_W2.npy,0.9723855974752547,"13555,94,1,2,24,125,2,0,33,97,9,0,0,0,0,0,0,0,0"
Defect_L10_B259_el3499_H2_W2.npy,0.959690144885956,"13376,51,14,0,75,57,0,0,60,119,124,0,0,0,18,12,0,0,36"
NoiseDefectFree_001683.npy,1.0,"13942,0,0,0,0,0,0,0,0,0,0,0,0,0,0,0,0,0,0"
NoiseDefectFree_004180.npy,1.0,"13942,0,0,0,0,0,0,0,0,0,0,0,0,0,0,0,0,0,0"
Defect_L14_B178_el5195_H4_W4.npy,0.8992970879357337,"12527,3,0,0,8,20,0,0,18,229,664,0,3,12,415,3,3,0,37"
NoiseDefectFree_004117.npy,1.0,"13942,0,0,0,0,0,0,0,0,0,0,0,0,0,0,0,0,0,0"
NoiseDefectFree_000989.npy,0.9999282742791565,"13941,0,0,0,0,0,0,0,0,1,0,0,0,0,0,0,0,0,0"
NoiseDefectFree_002897.npy,1.0,"13942,0,0,0,0,0,0,0,0,0,0,0,0,0,0,0,0,0,0"
NoiseDefectFree_003779.npy,0.9999282742791565,"13941,0,0,0,0,0,0,0,0,0,0,0,0,0,0,1,0,0,0"
Defect_L2_B43_el1135_H4_W4.npy,0.8923396930139148,"12435,259,19,5,128,301,1,0,82,257,324,0,0,0,47,6,2,0,76"
NoiseDefectFree_003094.npy,1.0,"13942,0,0,0,0,0,0,0,0,0,0,0,0,0,0,0,0,0,0"
NoiseDefectFree_003156.npy,1.0,"13942,0,0,0,0,0,0,0,0,0,0,0,0,0,0,0,0,0,0"
NoiseDefectFree_001824.npy,1.0,"13942,0,0,0,0,0,0,0,0,0,0,0,0,0,0,0,0,0,0"
Defect_L3_B361_el5165_H2_W2.npy,0.9617701907904175,"13405,30,8,6,98,70,0,0,46,191,69,0,0,0,8,3,0,0,8"
NoiseDefectFree_001099.npy,1.0,"13942,0,0,0,0,0,0,0,0,0,0,0,0,0,0,0,0,0,0"
NoiseDefectFree_002845.npy,1.0,"13942,0,0,0,0,0,0,0,0,0,0,0,0,0,0,0,0,0,0"
NoiseDefectFree_003343.npy,1.0,"13942,0,0,0,0,0,0,0,0,0,0,0,0,0,0,0,0,0,0"
NoiseDefectFree_000039.npy,1.0,"13942,0,0,0,0,0,0,0,0,0,0,0,0,0,0,0,0,0,0"
Defect_L12_B215_el2815_H2_W2.npy,0.9706641801750108,"13533,0,0,0,0,6,0,0,0,27,217,0,0,0,64,21,0,0,74"
Defect_L11_B129_el6205_H8_W8.npy,0.8029694448429207,"11122,40,0,0,468,188,0,0,121,412,630,0,0,0,909,7,0,0,45"
NoiseDefectFree_003357.npy,0.9997848228374695,"13939,0,0,0,0,0,0,0,0,0,3,0,0,0,0,0,0,0,0"
Defect_L3_B118_el5841_H8_W8.npy,0.7417874049634199,"10286,50,85,6,310,551,0,0,436,561,1197,0,0,0,387,21,0,0,52"
Defect_L12_B388_el5517_H2_W2.npy,0.9440539377420744,"13162,11,0,0,7,14,0,0,7,110,454,0,0,0,125,2,0,0,50"
Defect_L2_B330_el4521_H2_W2.npy,0.9857983072729881,"13744,20,8,0,33,33,0,0,20,84,0,0,0,0,0,0,0,0,0"
NoiseDefectFree_002429.npy,0.9999282742791565,"13941,0,0,0,0,0,0,0,0,1,0,0,0,0,0,0,0,0,0"
Defect_L6_B89_el4189_H8_W8.npy,0.8432792999569646,"11749,70,6,0,367,264,0,0,216,357,755,0,0,0,80,48,0,0,30"
Defect_L10_B80_el1125_H2_W2.npy,0.9721704203127242,"13549,79,0,0,22,46,0,0,45,100,84,0,0,0,2,6,0,0,9"
NoiseDefectFree_004812.npy,1.0,"13942,0,0,0,0,0,0,0,0,0,0,0,0,0,0,0,0,0,0"
Defect_L12_B101_el4861_H8_W8.npy,0.8096399368813657,"11288,37,0,0,229,102,0,0,180,496,1013,0,1,0,533,8,0,0,55"
NoiseDefectFree_000687.npy,1.0,"13942,0,0,0,0,0,0,0,0,0,0,0,0,0,0,0,0,0,0"
NoiseDefectFree_004800.npy,1.0,"13942,0,0,0,0,0,0,0,0,0,0,0,0,0,0,0,0,0,0"
Defect_L2_B70_el821_H2_W2.npy,0.967938602782958,"13491,148,8,1,43,68,0,0,18,74,51,0,0,0,4,7,0,0,29"
NoiseDefectFree_002354.npy,1.0,"13942,0,0,0,0,0,0,0,0,0,0,0,0,0,0,0,0,0,0"
Defect_L16_B367_el5191_H2_W2.npy,0.9583273561899297,"13361,0,0,0,0,0,0,0,0,0,373,0,3,2,166,9,1,0,27"
NoiseDefectFree_004570.npy,0.9999282742791565,"13941,0,0,0,0,0,0,0,0,0,0,0,0,0,0,1,0,0,0"
Defect_L5_B19_el151_H2_W2.npy,0.9830010041600918,"13703,68,1,0,20,63,0,0,26,61,0,0,0,0,0,0,0,0,0"
NoiseDefectFree_002753.npy,1.0,"13942,0,0,0,0,0,0,0,0,0,0,0,0,0,0,0,0,0,0"
Defect_L18_B47_el491_H2_W2.npy,0.9759001577965859,"13606,23,0,0,2,0,0,0,0,16,133,0,0,0,55,6,6,0,95"
NoiseDefectFree_001041.npy,0.9999282742791565,"13941,0,0,0,0,0,0,0,0,0,1,0,0,0,0,0,0,0,0"
Defect_L5_B164_el4823_H4_W4.npy,0.9659302825993401,"13462,18,7,0,50,99,0,0,87,205,14,0,0,0,0,0,0,0,0"
NoiseDefectFree_001266.npy,1.0,"13942,0,0,0,0,0,0,0,0,0,0,0,0,0,0,0,0,0,0"
Defect_L6_B118_el1485_H2_W2.npy,0.9828575527184048,"13701,78,3,0,39,40,0,0,35,46,0,0,0,0,0,0,0,0,0"
Defect_L10_B338_el4821_H2_W2.npy,0.9839334385310572,"13715,27,3,0,26,36,0,0,21,92,21,0,0,0,0,1,0,0,0"
NoiseDefectFree_000278.npy,0.9999282742791565,"13941,0,0,0,0,0,0,0,0,0,1,0,0,0,0,0,0,0,0"
Defect_L2_B117_el3183_H4_W4.npy,0.9023095682111605,"12578,107,22,6,161,195,0,0,150,241,353,0,0,0,47,21,0,0,61"
NoiseDefectFree_002383.npy,1.0,"13942,0,0,0,0,0,0,0,0,0,0,0,0,0,0,0,0,0,0"
NoiseDefectFree_000572.npy,1.0,"13942,0,0,0,0,0,0,0,0,0,0,0,0,0,0,0,0,0,0"
NoiseDefectFree_001436.npy,1.0,"13942,0,0,0,0,0,0,0,0,0,0,0,0,0,0,0,0,0,0"
Defect_L3_B60_el801_H2_W2.npy,0.9703772772916368,"13525,100,6,2,43,78,0,0,29,90,41,0,0,0,2,5,0,0,21"
Defect_L4_B192_el2485_H2_W2.npy,0.9640654138574093,"13437,91,7,5,116,85,0,0,46,103,25,0,0,0,2,12,1,0,12"
NoiseDefectFree_001008.npy,1.0,"13942,0,0,0,0,0,0,0,0,0,0,0,0,0,0,0,0,0,0"
NoiseDefectFree_004544.npy,1.0,"13942,0,0,0,0,0,0,0,0,0,0,0,0,0,0,0,0,0,0"
Defect_L17_B301_el4151_H2_W2.npy,0.9746808205422465,"13585,1,0,0,0,0,0,0,0,33,226,0,0,1,66,5,4,0,21"
NoiseDefectFree_002065.npy,1.0,"13942,0,0,0,0,0,0,0,0,0,0,0,0,0,0,0,0,0,0"
NoiseDefectFree_001137.npy,1.0,"13942,0,0,0,0,0,0,0,0,0,0,0,0,0,0,0,0,0,0"
Defect_L9_B268_el3517_H2_W2.npy,0.9622005451154784,"13407,71,12,0,90,81,0,0,75,127,71,0,0,0,6,2,0,0,0"
NoiseDefectFree_000295.npy,1.0,"13942,0,0,0,0,0,0,0,0,0,0,0,0,0,0,0,0,0,0"
NoiseDefectFree_002404.npy,1.0,"13942,0,0,0,0,0,0,0,0,0,0,0,0,0,0,0,0,0,0"
NoiseDefectFree_003999.npy,1.0,"13942,0,0,0,0,0,0,0,0,0,0,0,0,0,0,0,0,0,0"
NoiseDefectFree_003742.npy,1.0,"13942,0,0,0,0,0,0,0,0,0,0,0,0,0,0,0,0,0,0"
Defect_L9_B443_el6195_H2_W2.npy,0.9561755845646249,"13323,30,20,0,118,75,0,0,53,255,68,0,0,0,0,0,0,0,0"
NoiseDefectFree_002720.npy,0.9999282742791565,"13941,0,0,0,1,0,0,0,0,0,0,0,0,0,0,0,0,0,0"
Defect_L15_B2_el117_H2_W2.npy,0.9777650265385167,"13625,3,0,0,0,0,0,0,0,31,188,0,2,0,36,3,0,0,54"
Defect_L14_B209_el6171_H4_W4.npy,0.8752689714531631,"12197,0,0,0,3,3,0,0,9,470,764,1,3,7,431,2,8,0,44"
NoiseDefectFree_002809.npy,0.9999282742791565,"13941,1,0,0,0,0,0,0,0,0,0,0,0,0,0,0,0,0,0"
NoiseDefectFree_000557.npy,1.0,"13942,0,0,0,0,0,0,0,0,0,0,0,0,0,0,0,0,0,0"
Defect_L16_B205_el2511_H2_W2.npy,0.9845789700186487,"13727,0,0,0,0,0,0,0,0,0,108,0,1,0,49,14,0,0,43"
NoiseDefectFree_004796.npy,1.0,"13942,0,0,0,0,0,0,0,0,0,0,0,0,0,0,0,0,0,0"
NoiseDefectFree_002470.npy,1.0,"13942,0,0,0,0,0,0,0,0,0,0,0,0,0,0,0,0,0,0"
NoiseDefectFree_003739.npy,1.0,"13942,0,0,0,0,0,0,0,0,0,0,0,0,0,0,0,0,0,0"
NoiseDefectFree_004287.npy,1.0,"13942,0,0,0,0,0,0,0,0,0,0,0,0,0,0,0,0,0,0"
NoiseDefectFree_002605.npy,1.0,"13942,0,0,0,0,0,0,0,0,0,0,0,0,0,0,0,0,0,0"
NoiseDefectFree_000363.npy,0.999856548558313,"13940,0,0,0,0,0,0,0,0,0,2,0,0,0,0,0,0,0,0"
Defect_L7_B23_el1130_H8_W8.npy,0.7711949505092526,"10746,206,23,10,140,623,6,0,336,629,808,0,0,0,206,22,1,0,186"
NoiseDefectFree_001705.npy,1.0,"13942,0,0,0,0,0,0,0,0,0,0,0,0,0,0,0,0,0,0"
NoiseDefectFree_002140.npy,1.0,"13942,0,0,0,0,0,0,0,0,0,0,0,0,0,0,0,0,0,0"
NoiseDefectFree_003240.npy,1.0,"13942,0,0,0,0,0,0,0,0,0,0,0,0,0,0,0,0,0,0"
NoiseDefectFree_002384.npy,1.0,"13942,0,0,0,0,0,0,0,0,0,0,0,0,0,0,0,0,0,0"
Defect_L18_B210_el2805_H2_W2.npy,0.9735332090087505,"13573,11,0,0,12,5,0,0,10,57,173,0,0,0,45,14,10,0,32"
NoiseDefectFree_004312.npy,1.0,"13942,0,0,0,0,0,0,0,0,0,0,0,0,0,0,0,0,0,0"
NoiseDefectFree_001313.npy,1.0,"13942,0,0,0,0,0,0,0,0,0,0,0,0,0,0,0,0,0,0"
NoiseDefectFree_003931.npy,1.0,"13942,0,0,0,0,0,0,0,0,0,0,0,0,0,0,0,0,0,0"
Defect_L5_B8_el129_H2_W2.npy,0.9769760436092383,"13618,101,2,0,18,92,0,0,26,85,0,0,0,0,0,0,0,0,0"
NoiseDefectFree_001592.npy,1.0,"13942,0,0,0,0,0,0,0,0,0,0,0,0,0,0,0,0,0,0"
Defect_L17_B192_el5535_H4_W4.npy,0.8649404676516999,"12051,31,16,0,77,63,0,0,52,398,703,0,0,4,483,4,10,0,50"
NoiseDefectFree_002163.npy,1.0,"13942,0,0,0,0,0,0,0,0,0,0,0,0,0,0,0,0,0,0"
NoiseDefectFree_002397.npy,0.999856548558313,"13940,0,0,0,0,0,0,0,0,0,2,0,0,0,0,0,0,0,0"
NoiseDefectFree_000318.npy,0.9999282742791565,"13941,0,0,0,0,0,0,0,0,1,0,0,0,0,0,0,0,0,0"
Defect_L3_B165_el4827_H4_W4.npy,0.9362358341701335,"13052,34,4,1,92,134,0,0,138,278,171,0,0,0,20,4,0,0,14"
Defect_L18_B315_el4193_H2_W2.npy,0.9698034715248888,"13521,8,0,0,16,2,0,0,0,64,194,0,0,0,78,12,11,0,36"
NoiseDefectFree_004037.npy,1.0,"13942,0,0,0,0,0,0,0,0,0,0,0,0,0,0,0,0,0,0"
NoiseDefectFree_003021.npy,1.0,"13942,0,0,0,0,0,0,0,0,0,0,0,0,0,0,0,0,0,0"
Defect_L13_B65_el3153_H8_W8.npy,0.7607229952661024,"10601,161,7,0,272,171,0,0,253,512,1051,0,6,17,694,36,3,0,158"
Defect_L10_B78_H8_W4.npy,0.8822980920958255,"12268,210,13,0,243,245,0,0,210,293,306,0,0,0,51,23,0,0,80"
NoiseDefectFree_003973.npy,1.0,"13942,0,0,0,0,0,0,0,0,0,0,0,0,0,0,0,0,0,0"
Defect_L4_B98_el1161_H2_W2.npy,0.9764022378424904,"13607,97,4,7,38,70,0,0,31,65,7,0,0,0,0,5,0,0,11"
NoiseDefectFree_004134.npy,1.0,"13942,0,0,0,0,0,0,0,0,0,0,0,0,0,0,0,0,0,0"
NoiseDefectFree_000975.npy,1.0,"13942,0,0,0,0,0,0,0,0,0,0,0,0,0,0,0,0,0,0"
Defect_L17_B55_el2502_H8_W8.npy,0.7661741500502081,"10674,208,3,0,358,376,0,0,245,299,965,2,0,6,606,36,8,0,156"
NoiseDefectFree_000955.npy,1.0,"13942,0,0,0,0,0,0,0,0,0,0,0,0,0,0,0,0,0,0"
Defect_L10_B236_el3155_H2_W2.npy,0.954741070147755,"13309,73,6,0,132,125,0,0,63,206,27,0,0,0,0,1,0,0,0"
Defect_L14_B32_el1480_H8_W8.npy,0.8514560321331229,"11843,160,0,0,74,31,0,0,41,122,960,4,3,28,488,24,3,0,161"
Defect_L9_B3_el129_H8_W8.npy,0.850451872041314,"11809,76,25,2,30,618,0,0,128,362,538,0,0,0,171,35,1,0,147"
Defect_L14_B107_el1463_H2_W2.npy,0.9738201118921245,"13575,1,0,0,1,1,0,0,0,31,197,0,2,2,60,15,3,0,54"
NoiseDefectFree_001641.npy,1.0,"13942,0,0,0,0,0,0,0,0,0,0,0,0,0,0,0,0,0,0"
NoiseDefectFree_001291.npy,1.0,"13942,0,0,0,0,0,0,0,0,0,0,0,0,0,0,0,0,0,0"
NoiseDefectFree_001381.npy,1.0,"13942,0,0,0,0,0,0,0,0,0,0,0,0,0,0,0,0,0,0"
NoiseDefectFree_001934.npy,1.0,"13942,0,0,0,0,0,0,0,0,0,0,0,0,0,0,0,0,0,0"
NoiseDefectFree_004676.npy,1.0,"13942,0,0,0,0,0,0,0,0,0,0,0,0,0,0,0,0,0,0"
NoiseDefectFree_000893.npy,1.0,"13942,0,0,0,0,0,0,0,0,0,0,0,0,0,0,0,0,0,0"
Defect_L11_B224_el2847_H2_W2.npy,0.9778367522593602,"13626,0,0,0,4,6,0,0,0,30,150,0,0,0,50,18,1,0,57"
NoiseDefectFree_004877.npy,1.0,"13942,0,0,0,0,0,0,0,0,0,0,0,0,0,0,0,0,0,0"
Defect_L8_B122_el3487_H4_W4.npy,0.8828718978625735,"12309,115,8,5,271,330,4,0,193,289,314,0,0,0,22,34,0,0,48"
Defect_L9_B61_el803_H2_W2.npy,0.9665758140869316,"13468,138,1,0,41,67,0,0,50,107,66,0,0,0,0,0,0,0,4"
Defect_L8_B145_el4147_H4_W4.npy,0.9248314445560177,"12894,48,3,0,132,99,0,0,174,310,240,0,0,0,29,12,0,0,1"
NoiseDefectFree_002467.npy,0.9999282742791565,"13941,0,0,0,0,0,0,0,0,0,1,0,0,0,0,0,0,0,0"
Defect_L3_B183_el2467_H2_W2.npy,0.9677234256204275,"13488,56,6,4,62,64,0,0,34,99,90,0,0,0,5,10,0,0,24"
NoiseDefectFree_001914.npy,1.0,"13942,0,0,0,0,0,0,0,0,0,0,0,0,0,0,0,0,0,0"
NoiseDefectFree_002737.npy,1.0,"13942,0,0,0,0,0,0,0,0,0,0,0,0,0,0,0,0,0,0"
NoiseDefectFree_000727.npy,1.0,"13942,0,0,0,0,0,0,0,0,0,0,0,0,0,0,0,0,0,0"
Defect_L14_B243_el3183_H2_W2.npy,0.9804906039305695,"13670,0,0,0,0,0,0,0,0,0,164,0,0,0,61,8,1,0,38"
Defect_L3_B314_el4191_H2_W2.npy,0.9709510830583847,"13535,45,7,7,80,57,0,0,48,92,63,0,0,0,3,2,0,0,3"
NoiseDefectFree_001797.npy,1.0,"13942,0,0,0,0,0,0,0,0,0,0,0,0,0,0,0,0,0,0"
NoiseDefectFree_003846.npy,1.0,"13942,0,0,0,0,0,0,0,0,0,0,0,0,0,0,0,0,0,0"
Defect_L12_B425_el5875_H2_W2.npy,0.960550853536078,"13392,0,0,0,1,7,0,0,2,76,310,0,0,0,107,5,0,0,42"
NoiseDefectFree_000937.npy,1.0,"13942,0,0,0,0,0,0,0,0,0,0,0,0,0,0,0,0,0,0"
NoiseDefectFree_002266.npy,1.0,"13942,0,0,0,0,0,0,0,0,0,0,0,0,0,0,0,0,0,0"
NoiseDefectFree_000825.npy,1.0,"13942,0,0,0,0,0,0,0,0,0,0,0,0,0,0,0,0,0,0"
Defect_L13_B121_el1491_H2_W2.npy,0.9663606369244011,"13471,2,0,0,1,15,0,0,0,21,214,0,2,0,73,23,0,0,120"
NoiseDefectFree_001390.npy,0.9999282742791565,"13941,0,0,0,0,0,0,0,0,0,1,0,0,0,0,0,0,0,0"
NoiseDefectFree_003565.npy,1.0,"13942,0,0,0,0,0,0,0,0,0,0,0,0,0,0,0,0,0,0"
Defect_L2_B98_el4833_H8_W8.npy,0.7804475684980634,"10878,60,10,11,249,450,0,0,356,502,1095,0,0,0,242,20,0,0,69"
Defect_L9_B60_el2831_H8_W8.npy,0.8606369244010902,"11983,212,12,1,427,348,0,0,219,343,294,0,0,0,32,18,0,0,53"
Defect_L10_B15_el143_H2_W2.npy,0.9777650265385167,"13627,131,3,0,14,41,0,0,28,89,9,0,0,0,0,0,0,0,0"
Defect_L15_B40_el1123_H4_W4.npy,0.92877635920241,"12936,15,0,0,0,1,0,0,38,90,519,0,5,0,163,28,0,0,147"
NoiseDefectFree_001869.npy,1.0,"13942,0,0,0,0,0,0,0,0,0,0,0,0,0,0,0,0,0,0"
Defect_L3_B161_el4527_H4_W4.npy,0.9594032420025821,"13375,27,8,1,46,79,0,0,79,134,178,0,0,0,10,1,0,0,4"
Defect_L8_B82_el2143_H4_W4.npy,0.8962128819394635,"12495,196,4,5,218,315,3,0,163,243,197,0,0,0,14,29,0,0,60"
NoiseDefectFree_000807.npy,0.999856548558313,"13940,0,0,0,0,0,0,0,0,0,2,0,0,0,0,0,0,0,0"
NoiseDefectFree_004806.npy,1.0,"13942,0,0,0,0,0,0,0,0,0,0,0,0,0,0,0,0,0,0"
Defect_L12_B74_el829_H2_W2.npy,0.9728159518003155,"13563,6,0,0,4,12,0,0,3,31,168,0,0,0,54,8,1,0,92"
Defect_L17_B37_el471_H2_W2.npy,0.97331803184622,"13564,8,0,0,1,0,0,0,0,3,170,0,1,0,51,12,8,0,124"
Defect_L17_B78_el3818_H8_W8.npy,0.7233538947066418,"10076,142,0,0,528,222,0,0,265,558,1209,1,2,6,735,21,11,0,166"
NoiseDefectFree_004495.npy,1.0,"13942,0,0,0,0,0,0,0,0,0,0,0,0,0,0,0,0,0,0"
NoiseDefectFree_002633.npy,1.0,"13942,0,0,0,0,0,0,0,0,0,0,0,0,0,0,0,0,0,0"
Defect_L8_B259_el3499_H2_W2.npy,0.9504375268971453,"13251,78,13,0,149,90,0,0,68,142,103,0,0,0,14,12,0,0,22"
Defect_L16_B183_el5499_H4_W4.npy,0.910199397503945,"12690,2,0,0,6,0,0,0,0,226,696,0,4,2,280,0,2,0,34"
Defect_L15_B42_el1131_H4_W4.npy,0.9349447711949506,"13021,6,0,0,0,3,0,0,9,73,505,0,5,0,169,14,0,0,137"
NoiseDefectFree_004389.npy,1.0,"13942,0,0,0,0,0,0,0,0,0,0,0,0,0,0,0,0,0,0"
NoiseDefectFree_000146.npy,1.0,"13942,0,0,0,0,0,0,0,0,0,0,0,0,0,0,0,0,0,0"
Defect_L15_B55_el2502_H8_W8.npy,0.8392626595897289,"11682,133,0,0,207,109,0,0,112,162,750,0,4,0,645,31,5,0,102"
NoiseDefectFree_002034.npy,1.0,"13942,0,0,0,0,0,0,0,0,0,0,0,0,0,0,0,0,0,0"
Defect_L4_B86_el2159_H4_W4.npy,0.9031702768612825,"12584,153,18,9,193,333,0,0,173,160,219,0,0,0,25,13,0,0,62"
NoiseDefectFree_001166.npy,1.0,"13942,0,0,0,0,0,0,0,0,0,0,0,0,0,0,0,0,0,0"
NoiseDefectFree_002051.npy,1.0,"13942,0,0,0,0,0,0,0,0,0,0,0,0,0,0,0,0,0,0"
NoiseDefectFree_003761.npy,1.0,"13942,0,0,0,0,0,0,0,0,0,0,0,0,0,0,0,0,0,0"
NoiseDefectFree_004436.npy,1.0,"13942,0,0,0,0,0,0,0,0,0,0,0,0,0,0,0,0,0,0"
NoiseDefectFree_003431.npy,1.0,"13942,0,0,0,0,0,0,0,0,0,0,0,0,0,0,0,0,0,0"
Defect_L11_B78_el837_H2_W2.npy,0.9790560895136996,"13641,22,0,0,4,16,0,0,3,27,125,0,0,0,28,6,0,0,70"
Defect_L9_B172_el2161_H2_W2.npy,0.9597618706067996,"13373,127,3,0,95,91,0,0,60,97,77,0,0,0,5,10,0,0,4"
Defect_L7_B373_el5203_H2_W2.npy,0.9786257351886386,"13644,12,10,0,47,40,0,0,47,125,17,0,0,0,0,0,0,0,0"
NoiseDefectFree_004362.npy,1.0,"13942,0,0,0,0,0,0,0,0,0,0,0,0,0,0,0,0,0,0"
NoiseDefectFree_001772.npy,1.0,"13942,0,0,0,0,0,0,0,0,0,0,0,0,0,0,0,0,0,0"
NoiseDefectFree_003512.npy,1.0,"13942,0,0,0,0,0,0,0,0,0,0,0,0,0,0,0,0,0,0"
NoiseDefectFree_000272.npy,1.0,"13942,0,0,0,0,0,0,0,0,0,0,0,0,0,0,0,0,0,0"
Defect_L12_B421_el5867_H2_W2.npy,0.9576100989814947,"13351,0,0,0,0,0,0,0,0,80,341,0,0,0,119,2,0,0,49"
NoiseDefectFree_002033.npy,1.0,"13942,0,0,0,0,0,0,0,0,0,0,0,0,0,0,0,0,0,0"
Defect_L10_B135_el1803_H2_W2.npy,0.9729594032420026,"13560,73,1,0,46,59,0,0,47,79,72,0,0,0,3,0,0,0,2"
NoiseDefectFree_003811.npy,1.0,"13942,0,0,0,0,0,0,0,0,0,0,0,0,0,0,0,0,0,0"
NoiseDefectFree_004347.npy,0.9999282742791565,"13941,0,0,0,0,0,0,0,0,0,1,0,0,0,0,0,0,0,0"
NoiseDefectFree_000546.npy,1.0,"13942,0,0,0,0,0,0,0,0,0,0,0,0,0,0,0,0,0,0"
NoiseDefectFree_003242.npy,1.0,"13942,0,0,0,0,0,0,0,0,0,0,0,0,0,0,0,0,0,0"
Defect_L9_B386_el5513_H2_W2.npy,0.9450580978338833,"13168,39,19,0,120,71,0,0,73,305,138,0,0,0,1,0,0,0,8"
Defect_L10_B67_el815_H2_W2.npy,0.9759001577965859,"13601,95,0,0,27,41,0,0,36,82,57,0,0,0,0,1,0,0,2"
Defect_L9_B74_el3503_H8_W8.npy,0.7517572801606656,"10420,139,23,1,289,652,0,0,476,439,977,0,0,0,348,32,2,0,144"
NoiseDefectFree_000921.npy,1.0,"13942,0,0,0,0,0,0,0,0,0,0,0,0,0,0,0,0,0,0"
Defect_L14_B157_el4495_H4_W4.npy,0.9710228087792282,"13538,0,0,0,0,0,0,0,0,2,294,0,0,0,73,2,0,0,33"
Defect_L5_B104_el2815_H4_W4.npy,0.9562473102854684,"13332,85,3,0,89,116,0,0,125,181,11,0,0,0,0,0,0,0,0"
Defect_L12_B357_el5157_H2_W2.npy,0.9663606369244011,"13473,0,0,0,0,0,0,0,0,73,294,0,0,0,60,4,0,0,38"
Defect_L9_B337_el4819_H2_W2.npy,0.980562329651413,"13670,22,3,0,24,29,0,0,35,107,45,0,0,0,4,3,0,0,0"
Defect_L11_B21_el479_H4_W4.npy,0.921675512838904,"12825,97,0,0,20,17,0,0,18,83,468,0,0,0,194,16,1,0,203"
NoiseDefectFree_004279.npy,1.0,"13942,0,0,0,0,0,0,0,0,0,0,0,0,0,0,0,0,0,0"
NoiseDefectFree_002984.npy,1.0,"13942,0,0,0,0,0,0,0,0,0,0,0,0,0,0,0,0,0,0"
NoiseDefectFree_000131.npy,1.0,"13942,0,0,0,0,0,0,0,0,0,0,0,0,0,0,0,0,0,0"
Defect_L9_B33_el811_H4_W4.npy,0.9054654999282743,"12602,215,1,0,99,357,0,0,132,225,191,0,0,0,5,14,0,0,101"
NoiseDefectFree_002668.npy,1.0,"13942,0,0,0,0,0,0,0,0,0,0,0,0,0,0,0,0,0,0"
Defect_L5_B157_el2131_H2_W2.npy,0.9828575527184048,"13698,37,2,0,42,40,0,0,38,70,15,0,0,0,0,0,0,0,0"
NoiseDefectFree_003224.npy,1.0,"13942,0,0,0,0,0,0,0,0,0,0,0,0,0,0,0,0,0,0"
Defect_L6_B30_el457_H2_W2.npy,0.9827141012767179,"13700,53,1,0,15,31,0,0,41,101,0,0,0,0,0,0,0,0,0"
Defect_L8_B131_el1795_H2_W2.npy,0.9637067852531918,"13436,96,1,0,55,63,0,0,69,108,86,0,0,0,10,13,0,0,5"
NoiseDefectFree_000615.npy,1.0,"13942,0,0,0,0,0,0,0,0,0,0,0,0,0,0,0,0,0,0"
Defect_L2_B172_el5155_H4_W4.npy,0.8783531774494334,"12244,52,20,7,205,234,0,0,105,458,503,0,0,0,39,8,0,0,67"
NoiseDefectFree_001467.npy,1.0,"13942,0,0,0,0,0,0,0,0,0,0,0,0,0,0,0,0,0,0"
NoiseDefectFree_004498.npy,1.0,"13942,0,0,0,0,0,0,0,0,0,0,0,0,0,0,0,0,0,0"
NoiseDefectFree_003043.npy,1.0,"13942,0,0,0,0,0,0,0,0,0,0,0,0,0,0,0,0,0,0"
NoiseDefectFree_002420.npy,1.0,"13942,0,0,0,0,0,0,0,0,0,0,0,0,0,0,0,0,0,0"
Defect_L8_B149_el1831_H2_W2.npy,0.9668627169703056,"13480,115,2,0,68,84,0,0,55,74,56,0,0,0,3,2,0,0,3"
NoiseDefectFree_003295.npy,1.0,"13942,0,0,0,0,0,0,0,0,0,0,0,0,0,0,0,0,0,0"
Defect_L4_B445_el6199_H2_W2.npy,0.9674365227370535,"13483,25,20,7,86,76,0,0,37,190,18,0,0,0,0,0,0,0,0"
NoiseDefectFree_001501.npy,1.0,"13942,0,0,0,0,0,0,0,0,0,0,0,0,0,0,0,0,0,0"
NoiseDefectFree_001522.npy,1.0,"13942,0,0,0,0,0,0,0,0,0,0,0,0,0,0,0,0,0,0"
Defect_L3_B189_el2479_H2_W2.npy,0.9619136422321044,"13408,88,7,3,79,95,0,0,46,111,61,0,0,0,7,13,0,0,24"
NoiseDefectFree_004233.npy,1.0,"13942,0,0,0,0,0,0,0,0,0,0,0,0,0,0,0,0,0,0"
Defect_L2_B355_el4869_H2_W2.npy,0.9898149476402238,"13800,16,5,1,24,26,0,0,15,44,10,0,0,0,1,0,0,0,0"
NoiseDefectFree_004431.npy,1.0,"13942,0,0,0,0,0,0,0,0,0,0,0,0,0,0,0,0,0,0"
NoiseDefectFree_000391.npy,1.0,"13942,0,0,0,0,0,0,0,0,0,0,0,0,0,0,0,0,0,0"
Defect_L2_B74_el829_H2_W2.npy,0.9708076316166977,"13531,105,8,1,38,57,0,0,24,71,64,0,0,0,5,6,4,0,28"
Defect_L9_B149_el1831_H2_W2.npy,0.9667909912494621,"13471,100,3,0,65,82,0,0,59,81,69,0,0,0,3,4,0,0,5"
Defect_L14_B272_el3525_H2_W2.npy,0.9713097116626022,"13541,0,0,0,0,3,0,0,0,24,231,0,1,1,86,18,1,0,36"
Defect_L6_B45_el2145_H8_W8.npy,0.8531057237125234,"11855,146,2,0,159,592,0,0,294,267,477,0,0,0,46,48,1,0,55"
NoiseDefectFree_004807.npy,1.0,"13942,0,0,0,0,0,0,0,0,0,0,0,0,0,0,0,0,0,0"
Defect_L10_B239_el3175_H2_W2.npy,0.9694448429206713,"13509,50,4,0,105,65,0,0,51,126,31,0,0,0,1,0,0,0,0"
Defect_L6_B25_el495_H4_W4.npy,0.928632907760723,"12940,361,1,0,84,159,0,0,81,195,104,0,0,0,0,1,3,0,13"
Defect_L3_B313_el4189_H2_W2.npy,0.9709510830583847,"13534,51,10,6,76,67,0,0,44,100,45,0,0,0,2,1,0,0,6"
Defect_L3_B101_el1167_H2_W2.npy,0.9723855974752547,"13552,101,7,2,43,57,0,0,30,67,48,0,0,0,4,5,2,0,24"
NoiseDefectFree_003994.npy,1.0,"13942,0,0,0,0,0,0,0,0,0,0,0,0,0,0,0,0,0,0"
Defect_L5_B25_el495_H4_W4.npy,0.9274852962272271,"12928,367,2,0,68,172,0,0,79,202,115,0,0,0,0,0,2,0,7"
Defect_L5_B346_el4851_H2_W2.npy,0.9901735762444412,"13805,9,5,0,18,27,0,0,17,61,0,0,0,0,0,0,0,0,0"
Defect_L16_B72_el3489_H8_W8.npy,0.7844642088652991,"10937,87,0,0,255,108,0,0,117,662,867,0,4,8,787,42,6,0,62"
Defect_L5_B216_el2817_H2_W2.npy,0.9759718835174294,"13607,63,3,0,82,49,0,0,47,91,0,0,0,0,0,0,0,0,0"
NoiseDefectFree_002422.npy,1.0,"13942,0,0,0,0,0,0,0,0,0,0,0,0,0,0,0,0,0,0"
Defect_L18_B176_el2169_H2_W2.npy,0.9651412996700617,"13456,39,0,0,24,2,0,0,0,33,170,0,0,0,90,28,5,0,95"
NoiseDefectFree_001751.npy,1.0,"13942,0,0,0,0,0,0,0,0,0,0,0,0,0,0,0,0,0,0"
Defect_L11_B82_el3846_H8_W8.npy,0.771697030555157,"10681,152,1,0,408,247,0,0,178,387,895,0,0,0,825,39,0,0,129"
Defect_L8_B135_el3823_H4_W4.npy,0.8716826854109884,"12153,125,7,10,304,360,2,0,203,316,372,0,0,0,25,30,0,0,35"
NoiseDefectFree_000339.npy,1.0,"13942,0,0,0,0,0,0,0,0,0,0,0,0,0,0,0,0,0,0"
Defect_L2_B60_el801_H2_W2.npy,0.9649978482283746,"13449,122,6,1,45,80,0,0,25,94,71,0,0,0,6,4,1,0,38"
NoiseDefectFree_001342.npy,1.0,"13942,0,0,0,0,0,0,0,0,0,0,0,0,0,0,0,0,0,0"
Defect_L2_B163_el2143_H2_W2.npy,0.9626308994405394,"13417,100,8,1,68,86,0,0,36,89,77,0,0,0,9,13,0,0,38"
Defect_L13_B156_el1845_H2_W2.npy,0.9706641801750108,"13532,15,0,0,6,22,0,0,5,20,161,0,1,0,65,36,1,0,78"
NoiseDefectFree_003641.npy,0.9999282742791565,"13941,0,0,0,0,0,0,0,0,1,0,0,0,0,0,0,0,0,0"
NoiseDefectFree_000330.npy,1.0,"13942,0,0,0,0,0,0,0,0,0,0,0,0,0,0,0,0,0,0"
Defect_L2_B192_el2485_H2_W2.npy,0.954597618706068,"13304,124,6,2,130,76,0,0,43,96,97,0,0,0,14,12,1,0,37"
NoiseDefectFree_003005.npy,1.0,"13942,0,0,0,0,0,0,0,0,0,0,0,0,0,0,0,0,0,0"
Defect_L4_B208_el6167_H4_W4.npy,0.8677377707645962,"12089,20,32,10,357,260,2,0,143,409,597,0,0,0,12,3,0,0,8"
NoiseDefectFree_004091.npy,1.0,"13942,0,0,0,0,0,0,0,0,0,0,0,0,0,0,0,0,0,0"
NoiseDefectFree_002323.npy,1.0,"13942,0,0,0,0,0,0,0,0,0,0,0,0,0,0,0,0,0,0"
Defect_L8_B443_el6195_H2_W2.npy,0.9585425333524602,"13364,37,15,0,124,78,0,0,52,232,40,0,0,0,0,0,0,0,0"
Defect_L5_B130_el3519_H4_W4.npy,0.9211734327929996,"12840,91,5,0,308,161,0,0,157,240,128,0,0,0,1,11,0,0,0"
NoiseDefectFree_004198.npy,1.0,"13942,0,0,0,0,0,0,0,0,0,0,0,0,0,0,0,0,0,0"
NoiseDefectFree_003550.npy,1.0,"13942,0,0,0,0,0,0,0,0,0,0,0,0,0,0,0,0,0,0"
Defect_L12_B159_el4519_H4_W4.npy,0.9698034715248888,"13521,0,0,0,0,0,0,0,0,0,279,0,0,0,90,6,1,0,45"
NoiseDefectFree_004204.npy,1.0,"13942,0,0,0,0,0,0,0,0,0,0,0,0,0,0,0,0,0,0"
Defect_L2_B138_el3835_H4_W4.npy,0.8774924687993114,"12222,117,26,0,338,391,0,0,152,268,319,0,0,1,66,1,0,0,41"
Defect_L5_B8_el143_H4_W4.npy,0.9442691149046047,"13164,82,2,0,29,355,0,0,97,147,60,0,0,0,0,0,0,0,6"
Defect_L17_B121_el5862_H8_W8.npy,0.7417874049634199,"10331,63,5,0,533,278,0,0,253,567,921,4,0,3,880,4,12,0,88"
NoiseDefectFree_001640.npy,0.9999282742791565,"13941,0,0,0,0,0,0,0,0,0,1,0,0,0,0,0,0,0,0"
NoiseDefectFree_000061.npy,1.0,"13942,0,0,0,0,0,0,0,0,0,0,0,0,0,0,0,0,0,0"
NoiseDefectFree_001241.npy,0.9999282742791565,"13941,0,0,0,0,0,0,0,0,1,0,0,0,0,0,0,0,0,0"
Defect_L17_B409_el5843_H2_W2.npy,0.9591880648400516,"13367,2,0,0,3,1,0,0,0,44,352,0,0,0,129,1,8,0,35"
Defect_L10_B129_el6205_H8_W8.npy,0.785038014632047,"10927,40,13,0,307,375,0,0,540,388,844,0,0,0,457,9,0,0,42"
NoiseDefectFree_002344.npy,1.0,"13942,0,0,0,0,0,0,0,0,0,0,0,0,0,0,0,0,0,0"
NoiseDefectFree_002121.npy,1.0,"13942,0,0,0,0,0,0,0,0,0,0,0,0,0,0,0,0,0,0"
NoiseDefectFree_001525.npy,1.0,"13942,0,0,0,0,0,0,0,0,0,0,0,0,0,0,0,0,0,0"
Defect_L5_B97_el2503_H4_W4.npy,0.941113183187491,"13118,168,6,0,208,164,1,0,141,101,33,0,0,0,1,1,0,0,0"
NoiseDefectFree_000154.npy,1.0,"13942,0,0,0,0,0,0,0,0,0,0,0,0,0,0,0,0,0,0"
NoiseDefectFree_000482.npy,0.9999282742791565,"13941,0,0,0,0,0,0,0,0,0,0,0,0,0,0,0,0,0,1"
Defect_L16_B43_el2131_H8_W8.npy,0.791421603787118,"11034,187,0,0,279,89,0,0,199,334,925,0,2,4,693,35,5,0,156"
Defect_L8_B392_el5525_H2_W2.npy,0.9531631042891981,"13289,47,12,0,128,95,0,0,58,246,67,0,0,0,0,0,0,0,0"
Defect_L7_B58_el2810_H8_W8.npy,0.8067709080476259,"11248,149,8,1,328,413,0,0,301,529,873,0,0,0,36,31,0,0,25"
NoiseDefectFree_001763.npy,1.0,"13942,0,0,0,0,0,0,0,0,0,0,0,0,0,0,0,0,0,0"
Defect_L17_B108_el2847_H4_W4.npy,0.9211017070721561,"12835,48,0,0,54,75,0,0,52,97,423,0,2,7,178,77,7,0,87"
Defect_L5_B4_el127_H4_W4.npy,0.9381724286329077,"13078,91,1,0,47,312,0,0,115,154,135,0,0,0,0,0,1,0,8"
Defect_L6_B57_el795_H2_W2.npy,0.9854396786687706,"13737,57,1,0,18,43,0,0,31,55,0,0,0,0,0,0,0,0,0"
Defect_L3_B429_el6167_H2_W2.npy,0.9598335963276431,"13378,26,12,3,79,51,0,0,32,259,102,0,0,0,0,0,0,0,0"
NoiseDefectFree_004854.npy,1.0,"13942,0,0,0,0,0,0,0,0,0,0,0,0,0,0,0,0,0,0"
NoiseDefectFree_002712.npy,1.0,"13942,0,0,0,0,0,0,0,0,0,0,0,0,0,0,0,0,0,0"
Defect_L18_B181_el2179_H2_W2.npy,0.9662171854827141,"13471,26,0,0,29,25,0,0,3,41,165,0,0,0,67,30,7,0,78"
NoiseDefectFree_004151.npy,1.0,"13942,0,0,0,0,0,0,0,0,0,0,0,0,0,0,0,0,0,0"
NoiseDefectFree_001334.npy,0.9999282742791565,"13941,0,0,0,0,0,0,0,0,1,0,0,0,0,0,0,0,0,0"
Defect_L16_B116_el3179_H4_W4.npy,0.9322191938028977,"12997,3,0,0,4,4,0,0,0,75,546,0,3,0,210,47,0,0,53"
Defect_L15_B35_el1501_H8_W8.npy,0.7917802323913355,"11007,229,0,0,259,213,0,0,75,243,941,0,7,0,764,64,1,0,139"
Defect_L9_B267_el3515_H2_W2.npy,0.9573949218189642,"13340,79,10,0,102,94,0,0,77,149,86,0,0,0,2,3,0,0,0"
Defect_L19_B50_el1163_H4_W4.npy,0.8838760579543824,"12301,114,1,0,42,117,0,0,105,173,512,1,1,1,252,45,9,0,268"
NoiseDefectFree_003851.npy,1.0,"13942,0,0,0,0,0,0,0,0,0,0,0,0,0,0,0,0,0,0"
Defect_L6_B131_el3523_H4_W4.npy,0.9254769760436092,"12896,85,5,1,282,164,0,0,137,225,133,0,0,0,2,12,0,0,0"
NoiseDefectFree_004125.npy,1.0,"13942,0,0,0,0,0,0,0,0,0,0,0,0,0,0,0,0,0,0"
Defect_L16_B129_el3515_H4_W4.npy,0.9129967006168412,"12729,4,0,0,9,5,0,0,0,123,616,0,5,3,302,71,2,0,73"
NoiseDefectFree_004789.npy,1.0,"13942,0,0,0,0,0,0,0,0,0,0,0,0,0,0,0,0,0,0"
NoiseDefectFree_002867.npy,1.0,"13942,0,0,0,0,0,0,0,0,0,0,0,0,0,0,0,0,0,0"
NoiseDefectFree_001387.npy,1.0,"13942,0,0,0,0,0,0,0,0,0,0,0,0,0,0,0,0,0,0"
Defect_L2_B201_el5855_H4_W4.npy,0.8822263663749821,"12296,80,47,5,322,229,0,0,162,322,390,0,0,0,50,1,0,0,38"
NoiseDefectFree_003068.npy,1.0,"13942,0,0,0,0,0,0,0,0,0,0,0,0,0,0,0,0,0,0"
Defect_L16_B121_el1491_H2_W2.npy,0.9799167981638216,"13662,0,0,0,0,0,0,0,0,0,148,0,2,0,48,19,1,0,62"
NoiseDefectFree_003630.npy,0.9999282742791565,"13941,0,0,0,1,0,0,0,0,0,0,0,0,0,0,0,0,0,0"
Defect_L13_B32_el461_H2_W2.npy,0.9718835174293502,"13548,1,0,0,1,2,0,0,1,32,197,0,2,0,55,10,3,0,90"
Defect_L5_B89_el4189_H8_W8.npy,0.8434944771194951,"11756,66,6,1,358,258,0,0,214,348,758,0,0,0,74,81,1,0,21"
NoiseDefectFree_003029.npy,1.0,"13942,0,0,0,0,0,0,0,0,0,0,0,0,0,0,0,0,0,0"
NoiseDefectFree_002970.npy,1.0,"13942,0,0,0,0,0,0,0,0,0,0,0,0,0,0,0,0,0,0"
Defect_L18_B193_el5539_H4_W4.npy,0.8556878496628891,"11930,42,23,0,114,88,0,0,45,409,703,1,0,2,489,7,6,0,83"
Defect_L17_B72_el825_H2_W2.npy,0.9764739635633338,"13608,12,0,0,4,1,0,0,0,10,148,0,1,0,56,7,8,0,87"
Defect_L3_B108_el5197_H8_W8.npy,0.7366231530626883,"10228,62,59,5,290,539,0,0,476,616,1155,0,0,0,452,10,0,0,50"
NoiseDefectFree_004264.npy,1.0,"13942,0,0,0,0,0,0,0,0,0,0,0,0,0,0,0,0,0,0"
NoiseDefectFree_000646.npy,0.9999282742791565,"13941,0,0,0,0,0,0,0,0,0,1,0,0,0,0,0,0,0,0"
Defect_L7_B343_el4831_H2_W2.npy,0.9799885238846651,"13663,25,7,0,63,31,0,0,21,132,0,0,0,0,0,0,0,0,0"
NoiseDefectFree_002075.npy,1.0,"13942,0,0,0,0,0,0,0,0,0,0,0,0,0,0,0,0,0,0"
NoiseDefectFree_000342.npy,1.0,"13942,0,0,0,0,0,0,0,0,0,0,0,0,0,0,0,0,0,0"
Defect_L3_B247_el3475_H2_W2.npy,0.9622722708363219,"13412,46,6,4,79,67,0,0,37,141,111,0,0,0,8,8,0,0,23"
NoiseDefectFree_001623.npy,1.0,"13942,0,0,0,0,0,0,0,0,0,0,0,0,0,0,0,0,0,0"
Defect_L10_B164_el4823_H4_W4.npy,0.9434801319753263,"13140,55,8,0,89,114,0,0,94,241,196,0,0,0,2,2,0,0,1"
Defect_L9_B57_el1475_H4_W4.npy,0.8962846076603069,"12474,232,4,0,131,306,0,0,173,243,234,0,0,0,20,16,0,0,109"
Defect_L6_B96_el2499_H4_W4.npy,0.9376703485870033,"13070,136,4,0,213,223,0,0,152,101,33,0,0,0,0,9,0,0,1"
Defect_L8_B83_el1131_H2_W2.npy,0.9702338258499498,"13527,93,2,0,30,67,0,0,58,102,63,0,0,0,0,0,0,0,0"
Defect_L2_B436_el6181_H2_W2.npy,0.9533065557308851,"13286,48,17,2,130,78,0,0,32,226,102,0,0,0,14,0,0,0,7"
Defect_L14_B77_el835_H2_W2.npy,0.9773346722134557,"13623,3,0,0,1,2,0,0,0,11,153,0,1,3,42,10,3,0,90"
NoiseDefectFree_000075.npy,1.0,"13942,0,0,0,0,0,0,0,0,0,0,0,0,0,0,0,0,0,0"
Defect_L17_B163_el2143_H2_W2.npy,0.9709510830583847,"13529,17,0,0,11,0,0,0,0,3,203,0,1,0,85,22,9,0,62"
Defect_L14_B40_el1823_H8_W8.npy,0.818533926265959,"11388,147,0,0,186,132,0,0,56,250,937,4,3,24,609,40,4,0,162"
NoiseDefectFree_002052.npy,1.0,"13942,0,0,0,0,0,0,0,0,0,0,0,0,0,0,0,0,0,0"
NoiseDefectFree_002542.npy,1.0,"13942,0,0,0,0,0,0,0,0,0,0,0,0,0,0,0,0,0,0"
NoiseDefectFree_001302.npy,1.0,"13942,0,0,0,0,0,0,0,0,0,0,0,0,0,0,0,0,0,0"
Defect_L12_B379_el5499_H2_W2.npy,0.9556735045187205,"13324,0,0,0,0,0,0,0,0,98,363,0,0,0,95,7,0,0,55"
Defect_L10_B20_el475_H4_W4.npy,0.9216037871180606,"12840,233,1,0,79,273,0,0,81,194,148,0,0,0,0,8,0,0,85"
NoiseDefectFree_001305.npy,0.9999282742791565,"13941,0,0,0,0,0,0,0,0,0,1,0,0,0,0,0,0,0,0"
Defect_L13_B174_el5163_H4_W4.npy,0.8796442404246163,"12259,17,0,0,23,25,0,0,40,370,758,0,5,5,375,5,0,0,60"
Defect_L16_B101_el1167_H2_W2.npy,0.9852245015062402,"13736,0,0,0,0,0,0,0,0,0,92,0,2,0,43,6,1,0,62"
NoiseDefectFree_002600.npy,1.0,"13942,0,0,0,0,0,0,0,0,0,0,0,0,0,0,0,0,0,0"
NoiseDefectFree_002574.npy,1.0,"13942,0,0,0,0,0,0,0,0,0,0,0,0,0,0,0,0,0,0"
NoiseDefectFree_003187.npy,1.0,"13942,0,0,0,0,0,0,0,0,0,0,0,0,0,0,0,0,0,0"
NoiseDefectFree_002769.npy,1.0,"13942,0,0,0,0,0,0,0,0,0,0,0,0,0,0,0,0,0,0"
NoiseDefectFree_004832.npy,1.0,"13942,0,0,0,0,0,0,0,0,0,0,0,0,0,0,0,0,0,0"
NoiseDefectFree_004224.npy,0.9999282742791565,"13941,0,0,0,0,0,0,0,0,0,1,0,0,0,0,0,0,0,0"
Defect_L4_B168_el2153_H2_W2.npy,0.9670061684119925,"13476,113,5,7,99,78,0,0,45,75,18,0,0,0,4,10,0,0,12"
NoiseDefectFree_002107.npy,1.0,"13942,0,0,0,0,0,0,0,0,0,0,0,0,0,0,0,0,0,0"
NoiseDefectFree_002680.npy,1.0,"13942,0,0,0,0,0,0,0,0,0,0,0,0,0,0,0,0,0,0"
NoiseDefectFree_001388.npy,1.0,"13942,0,0,0,0,0,0,0,0,0,0,0,0,0,0,0,0,0,0"
Defect_L3_B98_el4833_H8_W8.npy,0.7642375555874337,"10653,58,15,12,254,447,0,0,381,562,1208,0,0,0,274,17,0,0,61"
Defect_L17_B451_el6211_H2_W2.npy,0.9656433797159661,"13457,0,0,0,0,0,0,0,0,56,292,0,0,0,95,2,8,0,32"
Defect_L11_B117_el5834_H8_W8.npy,0.7617988810787548,"10549,86,15,0,326,112,0,0,210,740,982,0,0,0,830,19,0,0,73"
NoiseDefectFree_001280.npy,1.0,"13942,0,0,0,0,0,0,0,0,0,0,0,0,0,0,0,0,0,0"
NoiseDefectFree_000805.npy,1.0,"13942,0,0,0,0,0,0,0,0,0,0,0,0,0,0,0,0,0,0"
NoiseDefectFree_001556.npy,1.0,"13942,0,0,0,0,0,0,0,0,0,0,0,0,0,0,0,0,0,0"
Defect_L5_B11_el472_H8_W8.npy,0.8658011763018219,"12060,149,2,0,108,660,0,0,179,323,310,0,0,0,12,37,4,0,98"
NoiseDefectFree_004567.npy,1.0,"13942,0,0,0,0,0,0,0,0,0,0,0,0,0,0,0,0,0,0"
Defect_L6_B179_el2175_H2_W2.npy,0.9857265815521447,"13742,49,4,0,32,48,0,0,34,33,0,0,0,0,0,0,0,0,0"
NoiseDefectFree_004842.npy,1.0,"13942,0,0,0,0,0,0,0,0,0,0,0,0,0,0,0,0,0,0"
NoiseDefectFree_003595.npy,1.0,"13942,0,0,0,0,0,0,0,0,0,0,0,0,0,0,0,0,0,0"
Defect_L10_B81_el2139_H4_W4.npy,0.902237842490317,"12570,204,4,0,179,204,0,0,131,271,232,0,0,0,30,25,0,0,92"
Defect_L18_B419_el5863_H2_W2.npy,0.9560321331229379,"13329,8,0,0,21,2,0,0,0,68,332,0,0,0,131,5,4,0,42"
Defect_L18_B1_el115_H4_W4.npy,0.8885382298092096,"12388,303,0,0,16,5,0,0,51,219,556,0,1,0,310,5,3,0,85"
NoiseDefectFree_004178.npy,1.0,"13942,0,0,0,0,0,0,0,0,0,0,0,0,0,0,0,0,0,0"
NoiseDefectFree_001309.npy,1.0,"13942,0,0,0,0,0,0,0,0,0,0,0,0,0,0,0,0,0,0"
NoiseDefectFree_003453.npy,1.0,"13942,0,0,0,0,0,0,0,0,0,0,0,0,0,0,0,0,0,0"
NoiseDefectFree_003696.npy,1.0,"13942,0,0,0,0,0,0,0,0,0,0,0,0,0,0,0,0,0,0"
NoiseDefectFree_004243.npy,1.0,"13942,0,0,0,0,0,0,0,0,0,0,0,0,0,0,0,0,0,0"
NoiseDefectFree_002199.npy,1.0,"13942,0,0,0,0,0,0,0,0,0,0,0,0,0,0,0,0,0,0"
NoiseDefectFree_004426.npy,0.999856548558313,"13940,0,0,0,0,0,0,0,0,2,0,0,0,0,0,0,0,0,0"
Defect_L3_B371_el5199_H2_W2.npy,0.9705924544541673,"13530,28,13,6,65,74,0,0,52,139,35,0,0,0,0,0,0,0,0"
NoiseDefectFree_000944.npy,1.0,"13942,0,0,0,0,0,0,0,0,0,0,0,0,0,0,0,0,0,0"
NoiseDefectFree_000823.npy,1.0,"13942,0,0,0,0,0,0,0,0,0,0,0,0,0,0,0,0,0,0"
Defect_L14_B36_el823_H4_W4.npy,0.923110027255774,"12864,24,0,0,5,17,0,0,13,50,498,0,4,7,256,16,7,0,181"
Defect_L16_B348_el4855_H2_W2.npy,0.9852962272270837,"13737,0,0,0,0,0,0,0,0,0,167,0,0,0,22,1,0,0,15"
Defect_L17_B1_el115_H4_W4.npy,0.8911920814804188,"12421,273,0,0,10,5,0,0,55,223,559,0,0,1,314,7,5,0,69"
Defect_L7_B347_el4853_H2_W2.npy,0.9872328216898579,"13764,6,6,0,25,22,0,0,30,89,0,0,0,0,0,0,0,0,0"
NoiseDefectFree_004548.npy,1.0,"13942,0,0,0,0,0,0,0,0,0,0,0,0,0,0,0,0,0,0"
NoiseDefectFree_002539.npy,0.9999282742791565,"13941,0,0,0,0,0,0,0,0,1,0,0,0,0,0,0,0,0,0"
Defect_L2_B278_el3821_H2_W2.npy,0.9564624874479989,"13331,65,9,2,97,95,0,0,45,140,100,0,0,0,18,17,0,0,23"
Defect_L9_B66_el3160_H8_W8.npy,0.7931430210873619,"11022,135,24,2,193,585,0,0,415,352,751,0,0,0,271,68,0,0,124"
Defect_L6_B41_el1127_H4_W4.npy,0.9329364510113327,"13001,214,2,0,115,169,0,0,99,218,124,0,0,0,0,0,0,0,0"
NoiseDefectFree_003055.npy,1.0,"13942,0,0,0,0,0,0,0,0,0,0,0,0,0,0,0,0,0,0"
NoiseDefectFree_003676.npy,1.0,"13942,0,0,0,0,0,0,0,0,0,0,0,0,0,0,0,0,0,0"
Defect_L2_B187_el2475_H2_W2.npy,0.9595466934442691,"13374,94,9,2,67,83,0,0,45,123,86,0,0,0,11,12,0,0,36"
Defect_L10_B101_el2803_H4_W4.npy,0.9329364510113327,"12988,111,1,0,83,86,0,0,122,222,239,0,0,0,35,19,0,0,36"
Defect_L11_B380_el5501_H2_W2.npy,0.9647826710658443,"13443,1,0,0,0,1,0,0,0,81,280,0,0,0,91,5,0,0,40"
NoiseDefectFree_003301.npy,1.0,"13942,0,0,0,0,0,0,0,0,0,0,0,0,0,0,0,0,0,0"
NoiseDefectFree_003311.npy,1.0,"13942,0,0,0,0,0,0,0,0,0,0,0,0,0,0,0,0,0,0"
Defect_L18_B66_el813_H2_W2.npy,0.9660020083201836,"13468,31,0,0,9,5,0,0,0,30,169,0,0,0,46,23,4,0,157"
Defect_L2_B105_el2835_H4_W4.npy,0.9145029407545546,"12749,145,8,2,194,226,0,0,205,196,139,0,0,0,19,24,0,0,35"
Defect_L4_B125_el6177_H8_W8.npy,0.7732032706928704,"10772,49,70,9,263,441,1,0,386,596,1038,0,0,0,294,11,0,0,12"
NoiseDefectFree_000833.npy,1.0,"13942,0,0,0,0,0,0,0,0,0,0,0,0,0,0,0,0,0,0"
NoiseDefectFree_003463.npy,1.0,"13942,0,0,0,0,0,0,0,0,0,0,0,0,0,0,0,0,0,0"
Defect_L16_B399_el5539_H2_W2.npy,0.9788409123511691,"13647,0,0,0,0,0,0,0,0,9,207,0,2,0,50,1,1,0,25"
NoiseDefectFree_000055.npy,1.0,"13942,0,0,0,0,0,0,0,0,0,0,0,0,0,0,0,0,0,0"
NoiseDefectFree_003452.npy,1.0,"13942,0,0,0,0,0,0,0,0,0,0,0,0,0,0,0,0,0,0"
Defect_L6_B29_el795_H4_W4.npy,0.9386027829579687,"13081,237,2,0,75,177,0,0,83,215,68,0,0,0,0,0,1,0,3"
NoiseDefectFree_001482.npy,1.0,"13942,0,0,0,0,0,0,0,0,0,0,0,0,0,0,0,0,0,0"
NoiseDefectFree_004874.npy,0.9999282742791565,"13941,0,0,0,0,0,0,0,0,0,1,0,0,0,0,0,0,0,0"
Defect_L2_B297_el3859_H2_W2.npy,0.9653564768325922,"13455,52,13,2,78,67,0,0,42,84,116,0,0,0,16,8,1,0,8"
NoiseDefectFree_003336.npy,1.0,"13942,0,0,0,0,0,0,0,0,0,0,0,0,0,0,0,0,0,0"
Defect_L4_B213_el2811_H2_W2.npy,0.9807775068139435,"13673,46,3,1,45,57,2,0,36,75,2,0,0,0,0,1,0,0,1"
NoiseDefectFree_004927.npy,1.0,"13942,0,0,0,0,0,0,0,0,0,0,0,0,0,0,0,0,0,0"
Defect_L7_B190_el2481_H2_W2.npy,0.9681537799454885,"13497,95,2,0,88,94,1,0,58,83,24,0,0,0,0,0,0,0,0"
Defect_L9_B188_el5519_H4_W4.npy,0.8865299096255917,"12336,45,32,0,274,260,0,0,220,314,348,0,0,0,64,6,0,0,43"
Defect_L9_B85_H4_W8.npy,0.9024530196528475,"12573,113,2,0,244,329,0,0,213,180,212,0,0,0,26,36,0,0,14"
Defect_L4_B129_el1507_H2_W2.npy,0.9767608664467078,"13612,77,5,7,39,62,0,0,41,55,31,0,0,0,2,4,0,0,7"
Defect_L10_B372_el5201_H2_W2.npy,0.9756849806340554,"13598,30,11,0,40,39,0,0,45,136,43,0,0,0,0,0,0,0,0"
NoiseDefectFree_000769.npy,1.0,"13942,0,0,0,0,0,0,0,0,0,0,0,0,0,0,0,0,0,0"
NoiseDefectFree_002066.npy,1.0,"13942,0,0,0,0,0,0,0,0,0,0,0,0,0,0,0,0,0,0"
Defect_L11_B89_el1143_H2_W2.npy,0.9736049347295941,"13565,4,0,0,3,10,0,0,1,35,173,0,0,0,29,26,0,0,96"
Defect_L9_B447_el6203_H2_W2.npy,0.961985367952948,"13404,20,29,0,85,79,0,0,54,205,66,0,0,0,0,0,0,0,0"
Defect_L10_B46_el1147_H4_W4.npy,0.9070434657868311,"12638,230,4,0,148,259,0,0,107,195,230,0,0,0,14,11,0,0,106"
NoiseDefectFree_004525.npy,1.0,"13942,0,0,0,0,0,0,0,0,0,0,0,0,0,0,0,0,0,0"
NoiseDefectFree_002718.npy,1.0,"13942,0,0,0,0,0,0,0,0,0,0,0,0,0,0,0,0,0,0"
NoiseDefectFree_002080.npy,1.0,"13942,0,0,0,0,0,0,0,0,0,0,0,0,0,0,0,0,0,0"
Defect_L4_B131_el1795_H2_W2.npy,0.9719552431501937,"13545,64,3,7,45,62,0,0,43,92,68,0,0,0,0,1,0,0,12"
NoiseDefectFree_000952.npy,1.0,"13942,0,0,0,0,0,0,0,0,0,0,0,0,0,0,0,0,0,0"
Defect_L18_B114_el5526_H8_W8.npy,0.7072156075168555,"9860,56,33,0,468,376,0,0,316,639,1156,3,0,6,868,14,6,0,141"
NoiseDefectFree_002483.npy,1.0,"13942,0,0,0,0,0,0,0,0,0,0,0,0,0,0,0,0,0,0"
NoiseDefectFree_001760.npy,1.0,"13942,0,0,0,0,0,0,0,0,0,0,0,0,0,0,0,0,0,0"
NoiseDefectFree_004423.npy,0.9999282742791565,"13941,0,0,0,0,0,0,0,0,0,0,0,0,0,0,1,0,0,0"
Defect_L5_B219_el6211_H4_W4.npy,0.8956390761727155,"12482,47,11,0,370,146,1,0,120,447,316,0,0,0,1,1,0,0,0"
Defect_L13_B163_el4819_H4_W4.npy,0.9428346004877349,"13145,0,0,0,12,14,0,0,29,103,493,0,0,0,113,4,0,0,29"
Defect_L2_B366_el5189_H2_W2.npy,0.9279873762731315,"12931,71,14,2,213,160,0,0,81,320,122,0,0,0,18,0,0,0,10"
NoiseDefectFree_003702.npy,1.0,"13942,0,0,0,0,0,0,0,0,0,0,0,0,0,0,0,0,0,0"
NoiseDefectFree_004244.npy,0.9999282742791565,"13941,0,0,0,0,0,0,0,0,1,0,0,0,0,0,0,0,0,0"
NoiseDefectFree_000689.npy,1.0,"13942,0,0,0,0,0,0,0,0,0,0,0,0,0,0,0,0,0,0"
NoiseDefectFree_003433.npy,0.9999282742791565,"13941,0,0,0,0,0,0,0,0,1,0,0,0,0,0,0,0,0,0"
NoiseDefectFree_004945.npy,1.0,"13942,0,0,0,0,0,0,0,0,0,0,0,0,0,0,0,0,0,0"
NoiseDefectFree_000967.npy,1.0,"13942,0,0,0,0,0,0,0,0,0,0,0,0,0,0,0,0,0,0"
Defect_L17_B42_el481_H2_W2.npy,0.9743221919380289,"13578,8,0,0,0,0,0,0,0,3,167,0,1,0,46,7,7,0,125"
NoiseDefectFree_002714.npy,1.0,"13942,0,0,0,0,0,0,0,0,0,0,0,0,0,0,0,0,0,0"
NoiseDefectFree_004758.npy,1.0,"13942,0,0,0,0,0,0,0,0,0,0,0,0,0,0,0,0,0,0"
Defect_L11_B423_el5871_H2_W2.npy,0.9693731171998279,"13507,0,0,0,0,0,0,0,0,65,245,0,0,0,80,3,0,0,42"
Defect_L14_B323_el4493_H2_W2.npy,0.9850810500645532,"13734,0,0,0,0,0,0,0,0,0,154,0,0,0,27,3,0,0,24"
Defect_L18_B161_el4527_H4_W4.npy,0.9542389901018505,"13304,13,0,0,32,15,0,0,9,171,283,0,0,0,80,1,1,0,33"
NoiseDefectFree_003573.npy,1.0,"13942,0,0,0,0,0,0,0,0,0,0,0,0,0,0,0,0,0,0"
Defect_L3_B80_el3832_H8_W8.npy,0.7436522737053507,"10325,139,60,2,408,819,0,0,374,452,1028,0,1,0,231,31,0,0,72"
NoiseDefectFree_001991.npy,1.0,"13942,0,0,0,0,0,0,0,0,0,0,0,0,0,0,0,0,0,0"
NoiseDefectFree_001206.npy,1.0,"13942,0,0,0,0,0,0,0,0,0,0,0,0,0,0,0,0,0,0"
NoiseDefectFree_004972.npy,1.0,"13942,0,0,0,0,0,0,0,0,0,0,0,0,0,0,0,0,0,0"
Defect_L5_B383_el5507_H2_W2.npy,0.9728159518003155,"13558,27,6,0,101,49,0,0,38,163,0,0,0,0,0,0,0,0,0"
NoiseDefectFree_003601.npy,1.0,"13942,0,0,0,0,0,0,0,0,0,0,0,0,0,0,0,0,0,0"
Defect_L14_B423_el5871_H2_W2.npy,0.9654999282742791,"13458,0,0,0,0,0,0,0,0,11,329,0,0,3,95,5,2,0,39"
Defect_L16_B112_el1473_H2_W2.npy,0.9807775068139435,"13674,0,0,0,0,0,0,0,0,0,137,0,1,0,53,13,0,0,64"
Defect_L18_B164_el2145_H2_W2.npy,0.9627743508822264,"13423,35,0,0,22,2,0,0,0,47,215,0,0,0,88,21,5,0,84"
Defect_L8_B410_el5845_H2_W2.npy,0.9527327499641371,"13283,55,10,0,118,83,0,0,58,269,66,0,0,0,0,0,0,0,0"
Defect_L18_B89_el4189_H8_W8.npy,0.7778654425476976,"10845,115,3,0,445,242,0,0,148,423,957,2,1,2,635,43,15,0,66"
Defect_L13_B186_el5511_H4_W4.npy,0.882513269258356,"12299,41,1,0,59,32,0,0,35,177,663,1,5,5,530,0,9,0,85"
NoiseDefectFree_001626.npy,0.9999282742791565,"13941,1,0,0,0,0,0,0,0,0,0,0,0,0,0,0,0,0,0"
NoiseDefectFree_000537.npy,1.0,"13942,0,0,0,0,0,0,0,0,0,0,0,0,0,0,0,0,0,0"
Defect_L14_B145_el4147_H4_W4.npy,0.9340123368239851,"13022,0,0,0,0,17,0,0,34,97,566,0,3,0,166,7,0,0,30"
Defect_L13_B224_el2847_H2_W2.npy,0.9758284320757423,"13605,2,0,0,1,0,0,0,0,30,163,0,0,0,59,20,0,0,62"
NoiseDefectFree_004213.npy,1.0,"13942,0,0,0,0,0,0,0,0,0,0,0,0,0,0,0,0,0,0"
Defect_L9_B69_el3181_H8_W8.npy,0.7415005020800459,"10295,103,7,0,279,608,0,0,460,436,1162,0,0,0,424,51,2,0,115"
NoiseDefectFree_003508.npy,1.0,"13942,0,0,0,0,0,0,0,0,0,0,0,0,0,0,0,0,0,0"
Defect_L19_B52_el1171_H4_W4.npy,0.8936307559890977,"12437,102,1,0,35,102,0,0,57,141,454,0,1,1,255,51,7,0,298"
Defect_L17_B115_el5533_H8_W8.npy,0.7222780088939894,"10064,64,0,0,535,358,0,0,166,645,1034,0,0,7,965,5,6,0,93"
NoiseDefectFree_002709.npy,0.9999282742791565,"13941,0,0,0,0,0,0,0,0,0,1,0,0,0,0,0,0,0,0"
Defect_L11_B437_el6183_H2_W2.npy,0.9642805910199398,"13435,0,0,0,0,0,0,0,0,55,322,0,0,0,85,3,0,0,42"
Defect_L3_B74_el3503_H8_W8.npy,0.7380576674795581,"10233,155,68,1,289,711,0,0,405,462,1102,0,0,0,403,39,0,0,74"
NoiseDefectFree_004663.npy,0.9999282742791565,"13941,0,0,0,1,0,0,0,0,0,0,0,0,0,0,0,0,0,0"
NoiseDefectFree_004022.npy,1.0,"13942,0,0,0,0,0,0,0,0,0,0,0,0,0,0,0,0,0,0"
NoiseDefectFree_001855.npy,1.0,"13942,0,0,0,0,0,0,0,0,0,0,0,0,0,0,0,0,0,0"
Defect_L7_B48_el493_H2_W2.npy,0.9803471524888825,"13668,92,2,0,20,53,0,0,34,64,9,0,0,0,0,0,0,0,0"
NoiseDefectFree_002873.npy,1.0,"13942,0,0,0,0,0,0,0,0,0,0,0,0,0,0,0,0,0,0"
NoiseDefectFree_003031.npy,1.0,"13942,0,0,0,0,0,0,0,0,0,0,0,0,0,0,0,0,0,0"
NoiseDefectFree_001646.npy,1.0,"13942,0,0,0,0,0,0,0,0,0,0,0,0,0,0,0,0,0,0"
NoiseDefectFree_003418.npy,1.0,"13942,0,0,0,0,0,0,0,0,0,0,0,0,0,0,0,0,0,0"
NoiseDefectFree_003477.npy,1.0,"13942,0,0,0,0,0,0,0,0,0,0,0,0,0,0,0,0,0,0"
Defect_L15_B146_el1825_H2_W2.npy,0.9824989241141874,"13691,0,0,0,0,0,0,0,0,0,140,0,0,0,46,14,0,0,51"
NoiseDefectFree_001793.npy,1.0,"13942,0,0,0,0,0,0,0,0,0,0,0,0,0,0,0,0,0,0"
NoiseDefectFree_003798.npy,1.0,"13942,0,0,0,0,0,0,0,0,0,0,0,0,0,0,0,0,0,0"
NoiseDefectFree_003369.npy,1.0,"13942,0,0,0,0,0,0,0,0,0,0,0,0,0,0,0,0,0,0"
Defect_L6_B95_el1155_H2_W2.npy,0.9825706498350308,"13697,89,2,0,25,46,0,0,32,51,0,0,0,0,0,0,0,0,0"
Defect_L3_B172_el2161_H2_W2.npy,0.9599770477693301,"13380,121,7,2,103,82,0,0,40,94,67,0,0,0,9,6,0,0,31"
Defect_L4_B120_el1489_H2_W2.npy,0.9712379859417587,"13535,130,4,7,65,61,0,0,41,78,6,0,0,0,1,6,1,0,7"
Defect_L16_B307_el4163_H2_W2.npy,0.9500071725720843,"13245,0,0,0,0,0,0,0,0,1,458,0,1,2,172,7,3,0,53"
Defect_L10_B228_el3139_H2_W2.npy,0.9708076316166977,"13532,47,2,1,47,38,0,0,52,100,92,0,0,0,15,15,0,0,1"
Defect_L14_B106_el5183_H8_W8.npy,0.7838186773777076,"10925,39,1,0,271,153,0,0,74,505,976,2,1,5,862,11,17,0,100"
NoiseDefectFree_000127.npy,1.0,"13942,0,0,0,0,0,0,0,0,0,0,0,0,0,0,0,0,0,0"
Defect_L7_B299_el4147_H2_W2.npy,0.9766891407258643,"13617,20,3,0,57,39,0,0,59,117,27,0,0,0,0,3,0,0,0"
NoiseDefectFree_003877.npy,1.0,"13942,0,0,0,0,0,0,0,0,0,0,0,0,0,0,0,0,0,0"
NoiseDefectFree_004452.npy,1.0,"13942,0,0,0,0,0,0,0,0,0,0,0,0,0,0,0,0,0,0"
Defect_L7_B67_el3167_H8_W8.npy,0.7338975756706355,"10232,129,44,13,275,718,0,0,495,482,1027,0,0,0,390,45,1,0,91"
NoiseDefectFree_003532.npy,1.0,"13942,0,0,0,0,0,0,0,0,0,0,0,0,0,0,0,0,0,0"
NoiseDefectFree_000828.npy,1.0,"13942,0,0,0,0,0,0,0,0,0,0,0,0,0,0,0,0,0,0"
Defect_L16_B101_el2803_H4_W4.npy,0.9498637211303974,"13243,7,0,0,0,2,0,0,41,92,377,0,0,0,103,20,0,0,57"
NoiseDefectFree_000985.npy,1.0,"13942,0,0,0,0,0,0,0,0,0,0,0,0,0,0,0,0,0,0"
Defect_L17_B77_el835_H2_W2.npy,0.9774063979342993,"13620,8,0,0,7,17,0,0,1,15,141,0,1,0,42,5,8,0,77"
NoiseDefectFree_002444.npy,1.0,"13942,0,0,0,0,0,0,0,0,0,0,0,0,0,0,0,0,0,0"
Defect_L10_B146_el4151_H4_W4.npy,0.929637067852532,"12942,61,6,0,141,107,0,0,123,308,231,0,0,0,2,5,0,0,16"
NoiseDefectFree_000346.npy,1.0,"13942,0,0,0,0,0,0,0,0,0,0,0,0,0,0,0,0,0,0"
NoiseDefectFree_000815.npy,1.0,"13942,0,0,0,0,0,0,0,0,0,0,0,0,0,0,0,0,0,0"
Defect_L12_B192_el2485_H2_W2.npy,0.9583273561899297,"13361,8,0,0,8,28,0,0,8,33,270,0,0,0,114,24,0,0,88"
Defect_L12_B34_el1494_H8_W8.npy,0.7513986515564481,"10470,302,0,0,321,325,0,0,163,334,1047,6,8,13,702,52,4,0,195"
NoiseDefectFree_002117.npy,1.0,"13942,0,0,0,0,0,0,0,0,0,0,0,0,0,0,0,0,0,0"
NoiseDefectFree_000794.npy,1.0,"13942,0,0,0,0,0,0,0,0,0,0,0,0,0,0,0,0,0,0"
Defect_L6_B262_el3505_H2_W2.npy,0.9768325921675513,"13618,40,6,0,78,55,0,0,46,99,0,0,0,0,0,0,0,0,0"
NoiseDefectFree_002675.npy,1.0,"13942,0,0,0,0,0,0,0,0,0,0,0,0,0,0,0,0,0,0"
NoiseDefectFree_000095.npy,0.9999282742791565,"13941,0,0,0,0,0,0,0,0,1,0,0,0,0,0,0,0,0,0"
NoiseDefectFree_004226.npy,1.0,"13942,0,0,0,0,0,0,0,0,0,0,0,0,0,0,0,0,0,0"
NoiseDefectFree_003757.npy,1.0,"13942,0,0,0,0,0,0,0,0,0,0,0,0,0,0,0,0,0,0"
NoiseDefectFree_002892.npy,1.0,"13942,0,0,0,0,0,0,0,0,0,0,0,0,0,0,0,0,0,0"
NoiseDefectFree_002372.npy,1.0,"13942,0,0,0,0,0,0,0,0,0,0,0,0,0,0,0,0,0,0"
Defect_L4_B361_el5165_H2_W2.npy,0.9675799741787405,"13484,28,9,6,67,81,0,0,42,197,26,0,0,0,1,1,0,0,0"
NoiseDefectFree_003229.npy,1.0,"13942,0,0,0,0,0,0,0,0,0,0,0,0,0,0,0,0,0,0"
Defect_L8_B208_el2517_H2_W2.npy,0.9689427628747669,"13509,84,3,1,75,81,0,0,40,71,53,0,0,0,9,0,0,0,16"
Defect_L17_B45_el487_H2_W2.npy,0.9774063979342993,"13621,10,0,0,1,0,0,0,0,3,140,0,1,0,50,6,7,0,103"
Defect_L15_B8_el129_H2_W2.npy,0.9775498493759862,"13623,0,0,0,0,0,0,0,0,1,198,0,2,0,34,3,0,0,81"
Defect_L15_B411_el5847_H2_W2.npy,0.9715248888251327,"13538,0,0,0,0,0,0,0,0,0,282,0,1,0,92,1,0,0,28"
Defect_L6_B230_el3143_H2_W2.npy,0.9843637928561182,"13718,30,2,0,36,43,0,0,31,81,1,0,0,0,0,0,0,0,0"
NoiseDefectFree_001866.npy,1.0,"13942,0,0,0,0,0,0,0,0,0,0,0,0,0,0,0,0,0,0"
NoiseDefectFree_004613.npy,1.0,"13942,0,0,0,0,0,0,0,0,0,0,0,0,0,0,0,0,0,0"
NoiseDefectFree_002646.npy,1.0,"13942,0,0,0,0,0,0,0,0,0,0,0,0,0,0,0,0,0,0"
NoiseDefectFree_002244.npy,1.0,"13942,0,0,0,0,0,0,0,0,0,0,0,0,0,0,0,0,0,0"
Defect_L11_B272_el3525_H2_W2.npy,0.9739635633338115,"13570,11,0,0,2,24,0,0,3,34,188,0,0,0,58,14,0,0,38"
NoiseDefectFree_002337.npy,1.0,"13942,0,0,0,0,0,0,0,0,0,0,0,0,0,0,0,0,0,0"
NoiseDefectFree_000951.npy,1.0,"13942,0,0,0,0,0,0,0,0,0,0,0,0,0,0,0,0,0,0"
NoiseDefectFree_001121.npy,1.0,"13942,0,0,0,0,0,0,0,0,0,0,0,0,0,0,0,0,0,0"
NoiseDefectFree_002205.npy,1.0,"13942,0,0,0,0,0,0,0,0,0,0,0,0,0,0,0,0,0,0"
NoiseDefectFree_000420.npy,1.0,"13942,0,0,0,0,0,0,0,0,0,0,0,0,0,0,0,0,0,0"
NoiseDefectFree_000923.npy,1.0,"13942,0,0,0,0,0,0,0,0,0,0,0,0,0,0,0,0,0,0"
Defect_L16_B189_el5523_H4_W4.npy,0.9237555587433653,"12879,2,0,0,10,0,0,0,0,76,514,0,4,2,406,5,2,0,42"
Defect_L7_B95_el2479_H4_W4.npy,0.9066848371826137,"12637,145,6,11,201,351,4,0,152,238,173,0,0,0,4,14,0,0,6"
Defect_L16_B261_el3503_H2_W2.npy,0.9686558599913929,"13505,2,0,0,3,0,0,0,0,16,260,0,0,2,69,42,2,0,41"
Defect_L11_B122_el3487_H4_W4.npy,0.8889685841342706,"12369,95,0,0,91,53,0,0,50,149,726,0,0,0,283,15,0,0,111"
Defect_L12_B35_el819_H4_W4.npy,0.903242002582126,"12593,110,0,0,32,34,0,0,27,92,523,0,7,7,271,27,3,0,216"
Defect_L4_B144_el3859_H4_W4.npy,0.8843064122794434,"12316,89,11,14,434,212,1,0,170,214,347,0,0,0,29,71,0,0,34"
Defect_L18_B80_el2135_H4_W4.npy,0.8726151197819538,"12166,93,0,0,47,79,0,0,166,217,699,1,0,1,290,23,6,0,154"
NoiseDefectFree_001203.npy,1.0,"13942,0,0,0,0,0,0,0,0,0,0,0,0,0,0,0,0,0,0"
Defect_L5_B140_el1813_H2_W2.npy,0.9819968440682829,"13687,82,2,0,59,43,0,0,30,39,0,0,0,0,0,0,0,0,0"
Defect_L5_B49_el1159_H4_W4.npy,0.9435518576961699,"13152,251,2,0,94,185,0,0,100,124,29,0,0,0,0,1,1,0,3"
NoiseDefectFree_001971.npy,1.0,"13942,0,0,0,0,0,0,0,0,0,0,0,0,0,0,0,0,0,0"
NoiseDefectFree_004019.npy,0.999856548558313,"13940,0,0,0,0,0,0,0,0,0,2,0,0,0,0,0,0,0,0"
NoiseDefectFree_003688.npy,0.999856548558313,"13940,0,0,0,0,0,0,0,0,0,2,0,0,0,0,0,0,0,0"
NoiseDefectFree_001998.npy,1.0,"13942,0,0,0,0,0,0,0,0,0,0,0,0,0,0,0,0,0,0"
NoiseDefectFree_004034.npy,1.0,"13942,0,0,0,0,0,0,0,0,0,0,0,0,0,0,0,0,0,0"
NoiseDefectFree_001249.npy,1.0,"13942,0,0,0,0,0,0,0,0,0,0,0,0,0,0,0,0,0,0"
NoiseDefectFree_002193.npy,0.9999282742791565,"13941,0,0,0,0,0,0,0,0,1,0,0,0,0,0,0,0,0,0"
NoiseDefectFree_002713.npy,1.0,"13942,0,0,0,0,0,0,0,0,0,0,0,0,0,0,0,0,0,0"
NoiseDefectFree_002191.npy,1.0,"13942,0,0,0,0,0,0,0,0,0,0,0,0,0,0,0,0,0,0"
NoiseDefectFree_004671.npy,1.0,"13942,0,0,0,0,0,0,0,0,0,0,0,0,0,0,0,0,0,0"
Defect_L19_B210_el6175_H4_W4.npy,0.8674508678812222,"12072,38,5,0,55,52,0,0,26,442,734,0,1,1,409,6,5,0,96"
Defect_L18_B142_el3851_H4_W4.npy,0.864510113326639,"12053,68,9,0,94,133,0,0,89,289,582,0,0,1,469,48,6,0,101"
Defect_L2_B82_el3846_H8_W8.npy,0.727442260794721,"10125,157,65,3,266,524,0,0,465,512,1187,0,0,0,481,40,0,0,117"
Defect_L14_B252_el3485_H2_W2.npy,0.9682255056663319,"13498,0,0,0,0,0,0,0,0,8,268,0,1,1,92,24,1,0,49"
Defect_L8_B78_el1843_H4_W4.npy,0.8939176588724717,"12463,307,0,0,307,247,1,0,131,190,169,0,0,0,9,42,1,0,75"
NoiseDefectFree_002137.npy,1.0,"13942,0,0,0,0,0,0,0,0,0,0,0,0,0,0,0,0,0,0"
NoiseDefectFree_001066.npy,1.0,"13942,0,0,0,0,0,0,0,0,0,0,0,0,0,0,0,0,0,0"
NoiseDefectFree_000601.npy,1.0,"13942,0,0,0,0,0,0,0,0,0,0,0,0,0,0,0,0,0,0"
NoiseDefectFree_004228.npy,1.0,"13942,0,0,0,0,0,0,0,0,0,0,0,0,0,0,0,0,0,0"
Defect_L14_B309_el4181_H2_W2.npy,0.954310715822694,"13305,0,0,0,0,0,0,0,0,9,349,0,0,0,178,31,4,0,66"
NoiseDefectFree_000078.npy,1.0,"13942,0,0,0,0,0,0,0,0,0,0,0,0,0,0,0,0,0,0"
Defect_L3_B448_el6205_H2_W2.npy,0.9631329794864438,"13424,28,22,2,88,68,0,0,41,189,79,0,0,0,1,0,0,0,0"
NoiseDefectFree_002899.npy,1.0,"13942,0,0,0,0,0,0,0,0,0,0,0,0,0,0,0,0,0,0"
NoiseDefectFree_004821.npy,1.0,"13942,0,0,0,0,0,0,0,0,0,0,0,0,0,0,0,0,0,0"
Defect_L14_B165_el2147_H2_W2.npy,0.9697317458040453,"13518,0,0,0,0,0,0,0,0,8,226,0,1,2,87,23,1,0,76"
Defect_L13_B439_el6187_H2_W2.npy,0.9521589441973892,"13273,0,0,0,0,0,0,0,0,39,442,0,2,0,140,4,0,0,42"
Defect_L13_B14_el451_H4_W4.npy,0.8940611103141587,"12462,52,0,0,10,25,0,0,20,173,695,0,3,5,208,14,9,0,266"
Defect_L9_B171_el4867_H4_W4.npy,0.9520154927557022,"13266,19,11,0,68,86,0,0,72,214,185,0,0,0,3,1,0,0,17"
Defect_L2_B127_el3507_H4_W4.npy,0.8536795294792713,"11892,148,31,3,393,297,0,0,222,312,458,0,0,0,74,34,0,0,78"
Defect_L12_B428_el6165_H2_W2.npy,0.9626308994405394,"13421,0,0,0,0,0,0,0,0,63,330,0,0,0,93,2,0,0,33"
NoiseDefectFree_003392.npy,1.0,"13942,0,0,0,0,0,0,0,0,0,0,0,0,0,0,0,0,0,0"
Defect_L9_B12_el137_H2_W2.npy,0.966934442691149,"13473,164,0,0,25,113,0,0,36,109,22,0,0,0,0,0,0,0,0"
NoiseDefectFree_002561.npy,1.0,"13942,0,0,0,0,0,0,0,0,0,0,0,0,0,0,0,0,0,0"
Defect_L11_B265_el3511_H2_W2.npy,0.9644957681824702,"13438,1,1,0,2,16,0,0,2,51,261,0,0,0,89,19,0,0,62"
NoiseDefectFree_002636.npy,1.0,"13942,0,0,0,0,0,0,0,0,0,0,0,0,0,0,0,0,0,0"
Defect_L14_B150_el1833_H2_W2.npy,0.9749677234256204,"13590,0,0,0,0,0,0,0,0,4,156,0,1,3,82,17,1,0,88"
NoiseDefectFree_003531.npy,1.0,"13942,0,0,0,0,0,0,0,0,0,0,0,0,0,0,0,0,0,0"
Defect_L15_B200_el2501_H2_W2.npy,0.9781236551427341,"13630,0,0,0,0,0,0,0,0,0,175,0,0,0,54,22,1,0,60"
NoiseDefectFree_001909.npy,1.0,"13942,0,0,0,0,0,0,0,0,0,0,0,0,0,0,0,0,0,0"
NoiseDefectFree_000236.npy,1.0,"13942,0,0,0,0,0,0,0,0,0,0,0,0,0,0,0,0,0,0"
NoiseDefectFree_001605.npy,0.999856548558313,"13940,0,0,0,1,0,0,0,0,1,0,0,0,0,0,0,0,0,0"
Defect_L3_B17_el463_H4_W4.npy,0.8976473963563334,"12495,290,23,5,113,313,0,1,73,244,304,0,0,0,19,4,0,0,58"
NoiseDefectFree_003491.npy,1.0,"13942,0,0,0,0,0,0,0,0,0,0,0,0,0,0,0,0,0,0"
NoiseDefectFree_001995.npy,1.0,"13942,0,0,0,0,0,0,0,0,0,0,0,0,0,0,0,0,0,0"
NoiseDefectFree_002825.npy,0.999856548558313,"13940,0,0,0,0,0,0,0,0,1,0,0,0,0,0,1,0,0,0"
Defect_L15_B115_el3175_H4_W4.npy,0.9121359919667192,"12710,2,0,0,10,1,0,0,0,62,668,0,3,0,358,53,1,0,74"
NoiseDefectFree_001343.npy,1.0,"13942,0,0,0,0,0,0,0,0,0,0,0,0,0,0,0,0,0,0"
Defect_L12_B52_el2481_H8_W8.npy,0.7427198393343853,"10350,259,0,0,350,213,0,0,217,418,1256,5,10,9,640,27,1,0,187"
NoiseDefectFree_001620.npy,1.0,"13942,0,0,0,0,0,0,0,0,0,0,0,0,0,0,0,0,0,0"
Defect_L5_B390_el5521_H2_W2.npy,0.9726007746377852,"13553,13,10,0,84,50,0,0,26,206,0,0,0,0,0,0,0,0,0"
NoiseDefectFree_002061.npy,1.0,"13942,0,0,0,0,0,0,0,0,0,0,0,0,0,0,0,0,0,0"
Defect_L10_B251_el3483_H2_W2.npy,0.9705207287333237,"13528,59,4,0,61,64,0,0,45,94,86,0,0,0,1,0,0,0,0"
NoiseDefectFree_002220.npy,1.0,"13942,0,0,0,0,0,0,0,0,0,0,0,0,0,0,0,0,0,0"
Defect_L5_B445_el6199_H2_W2.npy,0.9781236551427341,"13632,10,19,0,69,53,0,0,28,131,0,0,0,0,0,0,0,0,0"
NoiseDefectFree_000261.npy,1.0,"13942,0,0,0,0,0,0,0,0,0,0,0,0,0,0,0,0,0,0"
Defect_L8_B23_el159_H2_W2.npy,0.9776215750968297,"13630,121,1,0,20,46,0,0,38,73,12,0,0,0,0,0,1,0,0"
Defect_L12_B3_el129_H8_W8.npy,0.8455745230239564,"11787,178,0,0,64,223,0,0,47,350,960,2,10,15,197,27,0,0,82"
NoiseDefectFree_003745.npy,0.9999282742791565,"13941,0,0,0,0,0,0,0,0,1,0,0,0,0,0,0,0,0,0"
NoiseDefectFree_002027.npy,1.0,"13942,0,0,0,0,0,0,0,0,0,0,0,0,0,0,0,0,0,0"
Defect_L10_B81_el3839_H8_W8.npy,0.7812365514273418,"10876,120,24,1,260,558,0,0,467,360,865,0,1,0,238,45,0,0,127"
NoiseDefectFree_004235.npy,0.9999282742791565,"13941,0,0,0,0,0,0,0,0,0,1,0,0,0,0,0,0,0,0"
NoiseDefectFree_001918.npy,1.0,"13942,0,0,0,0,0,0,0,0,0,0,0,0,0,0,0,0,0,0"
NoiseDefectFree_001829.npy,1.0,"13942,0,0,0,0,0,0,0,0,0,0,0,0,0,0,0,0,0,0"
Defect_L15_B256_el3493_H2_W2.npy,0.9743221919380289,"13576,0,0,0,0,0,0,0,0,0,230,0,0,0,90,12,0,0,34"
Defect_L15_B48_el1155_H4_W4.npy,0.9428346004877349,"13134,1,0,0,0,0,0,0,0,0,392,0,5,0,228,17,1,0,164"
Defect_L7_B77_el1839_H4_W4.npy,0.9016640367235691,"12565,277,2,8,275,236,6,0,150,186,170,0,0,0,12,31,2,0,22"
NoiseDefectFree_004209.npy,1.0,"13942,0,0,0,0,0,0,0,0,0,0,0,0,0,0,0,0,0,0"
NoiseDefectFree_000225.npy,1.0,"13942,0,0,0,0,0,0,0,0,0,0,0,0,0,0,0,0,0,0"
Defect_L12_B34_el465_H2_W2.npy,0.9697317458040453,"13520,5,0,0,1,5,0,0,1,43,222,0,0,0,53,5,0,0,87"
Defect_L10_B256_el3493_H2_W2.npy,0.9619136422321044,"13407,72,4,0,111,64,0,0,60,120,94,0,0,0,3,4,0,0,3"
Defect_L16_B16_el794_H8_W8.npy,0.7985224501506241,"11133,347,0,0,68,27,0,0,140,400,984,0,2,11,591,24,7,0,208"
NoiseDefectFree_000847.npy,1.0,"13942,0,0,0,0,0,0,0,0,0,0,0,0,0,0,0,0,0,0"
NoiseDefectFree_004290.npy,1.0,"13942,0,0,0,0,0,0,0,0,0,0,0,0,0,0,0,0,0,0"
Defect_L13_B33_H4_W8.npy,0.8699612681107445,"12124,183,0,0,69,39,0,0,41,142,730,1,5,16,427,28,2,0,135"
NoiseDefectFree_002552.npy,1.0,"13942,0,0,0,0,0,0,0,0,0,0,0,0,0,0,0,0,0,0"
NoiseDefectFree_000118.npy,0.999856548558313,"13940,0,0,0,0,0,0,0,0,2,0,0,0,0,0,0,0,0,0"
Defect_L6_B428_el6165_H2_W2.npy,0.9797016210012911,"13656,10,4,0,51,43,0,0,26,152,0,0,0,0,0,0,0,0,0"
Defect_L2_B142_H8_W4.npy,0.7843924831444556,"10929,101,61,5,390,473,1,0,216,437,1147,0,0,0,111,7,0,0,64"
Defect_L11_B94_el4518_H8_W8.npy,0.9358054798450725,"12981,2,0,0,10,18,0,0,0,149,548,0,0,0,159,15,2,0,58"
Defect_L2_B56_el2509_H8_W8.npy,0.7511117486730742,"10459,183,35,4,303,527,0,0,391,432,1022,0,0,0,358,75,0,0,153"
Defect_L16_B30_el457_H2_W2.npy,0.9830727298809353,"13706,0,0,0,0,0,0,0,0,0,138,0,2,0,39,5,2,0,50"
NoiseDefectFree_000006.npy,1.0,"13942,0,0,0,0,0,0,0,0,0,0,0,0,0,0,0,0,0,0"
Defect_L14_B445_el6199_H2_W2.npy,0.9642805910199398,"13441,0,0,0,0,0,0,0,0,1,337,0,0,3,119,2,2,0,37"
Defect_L13_B217_el6203_H4_W4.npy,0.870032993831588,"12125,9,0,0,20,25,0,0,34,434,664,1,5,6,538,4,8,0,69"
NoiseDefectFree_004325.npy,1.0,"13942,0,0,0,0,0,0,0,0,0,0,0,0,0,0,0,0,0,0"
NoiseDefectFree_001064.npy,0.9999282742791565,"13941,0,0,0,0,0,0,0,0,1,0,0,0,0,0,0,0,0,0"
NoiseDefectFree_002591.npy,1.0,"13942,0,0,0,0,0,0,0,0,0,0,0,0,0,0,0,0,0,0"
Defect_L16_B78_el837_H2_W2.npy,0.9852245015062402,"13736,1,0,0,1,4,0,0,0,3,99,0,2,0,36,5,1,0,54"
NoiseDefectFree_003736.npy,1.0,"13942,0,0,0,0,0,0,0,0,0,0,0,0,0,0,0,0,0,0"
NoiseDefectFree_003518.npy,1.0,"13942,0,0,0,0,0,0,0,0,0,0,0,0,0,0,0,0,0,0"
Defect_L7_B46_el1147_H4_W4.npy,0.922679672930713,"12858,161,4,10,101,345,6,0,148,180,114,0,0,0,1,6,0,0,8"
Defect_L7_B263_el3507_H2_W2.npy,0.960407402094391,"13388,81,3,2,151,88,2,0,74,124,28,0,0,0,0,1,0,0,0"
Defect_L14_B177_el5191_H4_W4.npy,0.8797876918663032,"12263,4,0,0,17,15,0,0,17,314,694,0,3,5,541,12,7,0,50"
NoiseDefectFree_001606.npy,1.0,"13942,0,0,0,0,0,0,0,0,0,0,0,0,0,0,0,0,0,0"
NoiseDefectFree_001734.npy,1.0,"13942,0,0,0,0,0,0,0,0,0,0,0,0,0,0,0,0,0,0"
Defect_L19_B207_el6163_H4_W4.npy,0.8548988667336107,"11897,46,11,0,46,31,0,0,89,530,798,1,0,1,409,6,6,0,71"
NoiseDefectFree_003813.npy,1.0,"13942,0,0,0,0,0,0,0,0,0,0,0,0,0,0,0,0,0,0"
Defect_L18_B103_el1171_H2_W2.npy,0.9682972313871755,"13500,34,0,0,19,27,0,0,3,36,144,0,0,0,55,14,4,0,106"
NoiseDefectFree_001762.npy,1.0,"13942,0,0,0,0,0,0,0,0,0,0,0,0,0,0,0,0,0,0"
Defect_L16_B47_el1151_H4_W4.npy,0.9367379142160379,"13060,36,0,0,11,1,0,0,0,10,409,0,5,3,257,15,2,0,133"
NoiseDefectFree_002740.npy,1.0,"13942,0,0,0,0,0,0,0,0,0,0,0,0,0,0,0,0,0,0"
NoiseDefectFree_002473.npy,1.0,"13942,0,0,0,0,0,0,0,0,0,0,0,0,0,0,0,0,0,0"
Defect_L10_B302_el4153_H2_W2.npy,0.9705924544541673,"13527,41,4,0,52,56,0,0,52,151,59,0,0,0,0,0,0,0,0"
Defect_L4_B42_el1131_H4_W4.npy,0.8974322191938029,"12505,255,15,8,132,288,1,0,83,262,301,0,0,0,17,8,0,0,67"
Defect_L15_B383_el5507_H2_W2.npy,0.97331803184622,"13562,0,0,0,0,0,0,0,0,0,263,0,1,0,91,1,0,0,24"
NoiseDefectFree_004207.npy,1.0,"13942,0,0,0,0,0,0,0,0,0,0,0,0,0,0,0,0,0,0"
Defect_L12_B94_el4518_H8_W8.npy,0.9267680390187921,"12921,6,0,0,1,23,0,0,4,145,609,0,0,0,150,16,1,0,66"
NoiseDefectFree_000233.npy,0.9999282742791565,"13941,0,0,0,0,0,0,0,0,0,1,0,0,0,0,0,0,0,0"
Defect_L11_B96_el4819_H8_W8.npy,0.8371826136852676,"11600,56,0,0,151,57,0,0,101,529,948,0,0,0,442,7,0,0,51"
Defect_L12_B33_el811_H4_W4.npy,0.9038875340697174,"12601,120,0,0,35,34,0,0,24,97,503,1,7,7,312,20,0,0,181"
Defect_L4_B350_el4859_H2_W2.npy,0.9865872902022665,"13755,13,6,0,18,38,0,0,23,89,0,0,0,0,0,0,0,0,0"
NoiseDefectFree_003597.npy,1.0,"13942,0,0,0,0,0,0,0,0,0,0,0,0,0,0,0,0,0,0"
Defect_L11_B449_el6207_H2_W2.npy,0.9688710371539234,"13501,0,0,0,0,0,0,0,0,65,262,0,0,0,73,2,0,0,39"
NoiseDefectFree_004633.npy,1.0,"13942,0,0,0,0,0,0,0,0,0,0,0,0,0,0,0,0,0,0"
NoiseDefectFree_000126.npy,1.0,"13942,0,0,0,0,0,0,0,0,0,0,0,0,0,0,0,0,0,0"
Defect_L7_B203_el2507_H2_W2.npy,0.9719552431501937,"13551,94,7,0,65,76,0,0,54,66,29,0,0,0,0,0,0,0,0"
Defect_L14_B51_el499_H2_W2.npy,0.9786257351886386,"13643,4,0,0,1,3,0,0,0,14,147,0,1,1,48,6,0,0,74"
NoiseDefectFree_001297.npy,1.0,"13942,0,0,0,0,0,0,0,0,0,0,0,0,0,0,0,0,0,0"
NoiseDefectFree_001977.npy,1.0,"13942,0,0,0,0,0,0,0,0,0,0,0,0,0,0,0,0,0,0"
Defect_L17_B17_el463_H4_W4.npy,0.8979342992397074,"12508,79,0,0,15,25,0,0,13,225,585,0,0,2,231,11,12,0,236"
Defect_L5_B102_el2807_H4_W4.npy,0.9594032420025821,"13373,59,5,0,64,79,0,0,111,178,72,0,0,0,0,0,0,0,1"
Defect_L7_B279_el3823_H2_W2.npy,0.9652130253909051,"13456,59,4,0,108,87,1,0,66,134,27,0,0,0,0,0,0,0,0"
Defect_L13_B49_el495_H2_W2.npy,0.9766891407258643,"13616,3,0,0,2,7,0,0,1,20,143,0,1,0,48,6,0,0,95"
NoiseDefectFree_003087.npy,0.9999282742791565,"13941,0,0,0,0,0,0,0,0,0,1,0,0,0,0,0,0,0,0"
Defect_L11_B351_el4861_H2_W2.npy,0.9894563190360063,"13786,0,0,0,0,0,0,0,0,1,122,0,0,0,12,4,0,0,17"
Defect_L15_B346_el4851_H2_W2.npy,0.9914646392196241,"13818,0,0,0,0,0,0,0,0,0,84,0,0,0,25,0,0,0,15"
Defect_L14_B9_el458_H8_W8.npy,0.7891981064409698,"10988,292,0,0,161,170,0,0,123,461,956,5,3,15,627,23,13,0,105"
Defect_L14_B74_el3503_H8_W8.npy,0.7862573518863865,"10948,65,8,0,225,184,0,0,105,407,974,3,3,16,846,28,15,0,115"
NoiseDefectFree_003346.npy,1.0,"13942,0,0,0,0,0,0,0,0,0,0,0,0,0,0,0,0,0,0"
Defect_L9_B54_el1463_H4_W4.npy,0.8892554870176446,"12376,304,2,0,176,249,0,0,139,326,245,0,0,0,10,36,0,0,79"
Defect_L8_B18_el467_H4_W4.npy,0.9101276717831014,"12689,265,3,8,98,315,3,0,126,243,133,0,0,0,3,12,0,0,44"
Defect_L8_B200_el2501_H2_W2.npy,0.9609094821402955,"13397,122,4,0,118,93,0,0,65,80,59,0,0,0,3,0,0,0,1"
Defect_L19_B173_el5159_H4_W4.npy,0.877133840195094,"12213,55,7,0,63,76,0,0,119,342,713,0,0,1,244,14,7,0,88"
NoiseDefectFree_002798.npy,0.999856548558313,"13940,0,0,0,0,0,0,0,0,0,2,0,0,0,0,0,0,0,0"
NoiseDefectFree_000919.npy,1.0,"13942,0,0,0,0,0,0,0,0,0,0,0,0,0,0,0,0,0,0"
NoiseDefectFree_001647.npy,1.0,"13942,0,0,0,0,0,0,0,0,0,0,0,0,0,0,0,0,0,0"
Defect_L2_B105_el1459_H2_W2.npy,0.9632764309281309,"13424,90,5,1,63,60,0,0,28,85,130,0,0,0,10,5,0,0,41"
Defect_L15_B15_H4_W8.npy,0.9136422321044326,"12731,38,0,0,3,1,0,0,0,34,670,0,2,0,325,17,7,0,114"
NoiseDefectFree_004622.npy,1.0,"13942,0,0,0,0,0,0,0,0,0,0,0,0,0,0,0,0,0,0"
Defect_L14_B191_el2483_H2_W2.npy,0.9645674939033138,"13447,0,0,0,0,0,0,0,0,15,265,0,3,1,101,35,3,0,72"
NoiseDefectFree_000365.npy,1.0,"13942,0,0,0,0,0,0,0,0,0,0,0,0,0,0,0,0,0,0"
NoiseDefectFree_002126.npy,1.0,"13942,0,0,0,0,0,0,0,0,0,0,0,0,0,0,0,0,0,0"
Defect_L13_B106_el5183_H8_W8.npy,0.7591450294075456,"10582,69,16,0,316,190,0,0,76,614,1046,0,2,12,888,9,9,0,113"
Defect_L7_B162_el4531_H4_W4.npy,0.9649261225075312,"13453,24,8,0,53,68,0,0,78,150,106,0,0,0,2,0,0,0,0"
NoiseDefectFree_000056.npy,1.0,"13942,0,0,0,0,0,0,0,0,0,0,0,0,0,0,0,0,0,0"
NoiseDefectFree_000639.npy,1.0,"13942,0,0,0,0,0,0,0,0,0,0,0,0,0,0,0,0,0,0"
NoiseDefectFree_000303.npy,1.0,"13942,0,0,0,0,0,0,0,0,0,0,0,0,0,0,0,0,0,0"
Defect_L14_B201_el2503_H2_W2.npy,0.9687275857122364,"13504,0,0,0,0,0,0,0,0,9,198,0,2,2,94,48,3,0,82"
NoiseDefectFree_001277.npy,1.0,"13942,0,0,0,0,0,0,0,0,0,0,0,0,0,0,0,0,0,0"
NoiseDefectFree_004433.npy,1.0,"13942,0,0,0,0,0,0,0,0,0,0,0,0,0,0,0,0,0,0"
NoiseDefectFree_003645.npy,1.0,"13942,0,0,0,0,0,0,0,0,0,0,0,0,0,0,0,0,0,0"
NoiseDefectFree_004144.npy,1.0,"13942,0,0,0,0,0,0,0,0,0,0,0,0,0,0,0,0,0,0"
NoiseDefectFree_002879.npy,1.0,"13942,0,0,0,0,0,0,0,0,0,0,0,0,0,0,0,0,0,0"
Defect_L18_B83_el2147_H4_W4.npy,0.8876775211590876,"12376,91,1,0,46,90,0,0,85,151,548,1,0,1,364,30,6,0,152"
Defect_L4_B82_el1129_H2_W2.npy,0.9771194950509252,"13617,67,4,7,33,54,0,0,39,91,19,0,0,0,0,3,0,0,8"
Defect_L9_B336_el4533_H2_W2.npy,0.9865872902022665,"13755,21,4,0,26,41,0,0,12,62,21,0,0,0,0,0,0,0,0"
Defect_L3_B332_el4525_H2_W2.npy,0.9863003873188926,"13750,18,6,0,37,38,0,0,16,74,3,0,0,0,0,0,0,0,0"
Defect_L18_B235_el3153_H2_W2.npy,0.961268110744513,"13402,13,0,0,16,0,0,0,0,14,297,0,0,0,125,29,5,0,41"
NoiseDefectFree_002594.npy,1.0,"13942,0,0,0,0,0,0,0,0,0,0,0,0,0,0,0,0,0,0"
NoiseDefectFree_002394.npy,1.0,"13942,0,0,0,0,0,0,0,0,0,0,0,0,0,0,0,0,0,0"
NoiseDefectFree_000524.npy,1.0,"13942,0,0,0,0,0,0,0,0,0,0,0,0,0,0,0,0,0,0"
Defect_L10_B265_el3511_H2_W2.npy,0.9625591737196959,"13416,78,5,0,90,84,0,0,54,131,76,0,0,0,4,2,1,0,1"
Defect_L10_B132_el1797_H2_W2.npy,0.9719552431501937,"13546,69,0,0,34,51,0,0,50,92,82,0,0,0,2,9,0,0,7"
Defect_L8_B26_el165_H2_W2.npy,0.980131975326352,"13665,79,1,0,27,60,0,0,21,63,25,0,0,0,0,0,0,0,1"
NoiseDefectFree_003901.npy,1.0,"13942,0,0,0,0,0,0,0,0,0,0,0,0,0,0,0,0,0,0"
Defect_L16_B61_el2838_H8_W8.npy,0.8330942475971883,"11615,46,0,0,67,99,0,0,32,248,1143,0,0,0,520,65,2,0,105"
Defect_L2_B290_el3845_H2_W2.npy,0.9497919954095538,"13237,86,10,2,148,101,0,0,44,145,110,0,0,0,23,13,0,0,23"
Defect_L9_B88_el1141_H2_W2.npy,0.9654999282742791,"13453,145,1,0,50,70,0,0,53,96,68,0,0,0,1,2,0,0,3"
Defect_L18_B70_el1811_H4_W4.npy,0.8926265958972888,"12445,96,0,0,36,83,0,0,72,167,513,1,1,1,338,25,6,0,158"
Defect_L11_B24_el161_H2_W2.npy,0.9858700329938316,"13736,2,0,0,0,0,0,0,0,3,105,0,0,0,14,4,0,0,78"
Defect_L8_B106_el2839_H4_W4.npy,0.9211734327929996,"12843,173,6,0,203,160,0,0,186,188,152,0,0,0,6,14,0,0,11"
NoiseDefectFree_000672.npy,1.0,"13942,0,0,0,0,0,0,0,0,0,0,0,0,0,0,0,0,0,0"
NoiseDefectFree_004189.npy,1.0,"13942,0,0,0,0,0,0,0,0,0,0,0,0,0,0,0,0,0,0"
NoiseDefectFree_000667.npy,1.0,"13942,0,0,0,0,0,0,0,0,0,0,0,0,0,0,0,0,0,0"
NoiseDefectFree_003267.npy,1.0,"13942,0,0,0,0,0,0,0,0,0,0,0,0,0,0,0,0,0,0"
NoiseDefectFree_001888.npy,1.0,"13942,0,0,0,0,0,0,0,0,0,0,0,0,0,0,0,0,0,0"
Defect_L2_B59_el2817_H8_W8.npy,0.8303686702051356,"11574,154,7,4,324,453,1,0,273,443,531,0,0,0,76,21,0,0,81"
Defect_L16_B50_el1163_H4_W4.npy,0.9328647252904891,"13006,23,0,0,10,19,0,0,0,58,377,0,5,3,190,47,1,0,203"
Defect_L6_B72_el3489_H8_W8.npy,0.8458614259073304,"11753,84,5,0,162,538,0,0,408,241,607,0,0,0,107,23,0,0,14"
Defect_L19_B107_el2843_H4_W4.npy,0.9194520154927557,"12815,70,7,0,53,113,0,0,41,157,337,0,0,2,166,65,9,1,106"
Defect_L13_B28_el1165_H8_W8.npy,0.7353320900875053,"10243,295,0,0,261,435,0,0,124,373,1134,0,9,20,787,73,3,0,185"
Defect_L18_B286_el3837_H2_W2.npy,0.9452732749964137,"13179,26,7,0,34,36,0,0,0,94,313,0,0,0,135,35,4,0,79"
Defect_L3_B23_el159_H2_W2.npy,0.9776215750968297,"13626,139,8,3,20,42,0,0,19,79,6,0,0,0,0,0,0,0,0"
Defect_L14_B207_el2515_H2_W2.npy,0.9731028546836896,"13567,0,0,0,0,0,0,0,0,21,191,0,1,0,71,23,4,0,64"
NoiseDefectFree_000761.npy,1.0,"13942,0,0,0,0,0,0,0,0,0,0,0,0,0,0,0,0,0,0"
Defect_L12_B59_el1483_H4_W4.npy,0.8912638072012624,"12426,130,0,0,54,59,0,0,38,103,554,0,7,7,358,16,0,0,190"
NoiseDefectFree_001907.npy,1.0,"13942,0,0,0,0,0,0,0,0,0,0,0,0,0,0,0,0,0,0"
NoiseDefectFree_003819.npy,1.0,"13942,0,0,0,0,0,0,0,0,0,0,0,0,0,0,0,0,0,0"
Defect_L16_B83_el1131_H2_W2.npy,0.9837182613685268,"13715,0,0,0,0,0,0,0,0,0,129,0,2,0,45,4,0,0,47"
NoiseDefectFree_004301.npy,0.9999282742791565,"13941,0,0,0,0,0,0,0,0,0,1,0,0,0,0,0,0,0,0"
Defect_L3_B51_el1167_H4_W4.npy,0.8934155788265672,"12438,300,20,6,214,251,0,0,96,179,314,0,0,0,29,10,2,0,83"
Defect_L17_B78_el837_H2_W2.npy,0.9771912207717688,"13618,3,0,0,11,7,0,0,0,22,124,0,1,0,52,9,7,0,88"
NoiseDefectFree_004165.npy,1.0,"13942,0,0,0,0,0,0,0,0,0,0,0,0,0,0,0,0,0,0"
Defect_L5_B2_el117_H2_W2.npy,0.9789126380720127,"13644,76,1,1,22,64,1,0,24,82,27,0,0,0,0,0,0,0,0"
NoiseDefectFree_003580.npy,1.0,"13942,0,0,0,0,0,0,0,0,0,0,0,0,0,0,0,0,0,0"
NoiseDefectFree_002833.npy,1.0,"13942,0,0,0,0,0,0,0,0,0,0,0,0,0,0,0,0,0,0"
Defect_L2_B130_el1509_H2_W2.npy,0.9707359058958542,"13530,112,7,1,43,46,0,0,30,55,67,0,0,0,16,4,1,0,30"
NoiseDefectFree_003473.npy,1.0,"13942,0,0,0,0,0,0,0,0,0,0,0,0,0,0,0,0,0,0"
Defect_L6_B175_el2167_H2_W2.npy,0.9830727298809353,"13705,60,5,0,39,54,0,0,36,43,0,0,0,0,0,0,0,0,0"
NoiseDefectFree_000138.npy,1.0,"13942,0,0,0,0,0,0,0,0,0,0,0,0,0,0,0,0,0,0"
Defect_L8_B118_el5841_H8_W8.npy,0.7516855544398221,"10480,73,42,5,341,519,0,0,474,557,1087,0,0,0,294,13,0,0,57"
NoiseDefectFree_004893.npy,1.0,"13942,0,0,0,0,0,0,0,0,0,0,0,0,0,0,0,0,0,0"
NoiseDefectFree_002181.npy,1.0,"13942,0,0,0,0,0,0,0,0,0,0,0,0,0,0,0,0,0,0"
Defect_L15_B44_el2138_H8_W8.npy,0.8138000286902883,"11306,137,0,0,186,43,0,0,191,320,916,0,8,0,678,36,0,0,121"
NoiseDefectFree_003178.npy,1.0,"13942,0,0,0,0,0,0,0,0,0,0,0,0,0,0,0,0,0,0"
NoiseDefectFree_004855.npy,0.9999282742791565,"13941,0,0,0,0,0,0,0,0,0,1,0,0,0,0,0,0,0,0"
NoiseDefectFree_004638.npy,1.0,"13942,0,0,0,0,0,0,0,0,0,0,0,0,0,0,0,0,0,0"
Defect_L7_B32_el1480_H8_W8.npy,0.8337397790847798,"11618,149,26,10,114,632,6,0,241,346,486,0,0,0,60,88,1,0,165"
Defect_L10_B20_el822_H8_W8.npy,0.7933581982498924,"11018,280,1,0,168,644,0,0,335,348,711,0,0,0,87,63,4,0,283"
NoiseDefectFree_004262.npy,1.0,"13942,0,0,0,0,0,0,0,0,0,0,0,0,0,0,0,0,0,0"
NoiseDefectFree_001332.npy,1.0,"13942,0,0,0,0,0,0,0,0,0,0,0,0,0,0,0,0,0,0"
Defect_L6_B54_el789_H2_W2.npy,0.9849375986228661,"13730,45,2,0,14,42,0,0,29,80,0,0,0,0,0,0,0,0,0"
Defect_L17_B264_el3509_H2_W2.npy,0.960550853536078,"13387,9,0,0,14,0,0,0,0,16,301,0,0,0,115,33,7,0,60"
Defect_L2_B420_el5865_H2_W2.npy,0.9571080189355903,"13340,43,25,2,89,77,0,0,36,215,91,0,0,0,15,1,0,0,8"
Defect_L5_B364_el5171_H2_W2.npy,0.9654999282742791,"13454,30,5,0,149,78,0,0,33,192,1,0,0,0,0,0,0,0,0"
Defect_L8_B154_el1841_H2_W2.npy,0.9708793573375413,"13536,92,1,0,50,70,0,0,66,58,63,0,0,0,2,1,0,0,3"
Defect_L5_B73_el1823_H4_W4.npy,0.9398938459331516,"13100,148,2,0,178,232,0,0,114,146,21,0,0,0,0,0,0,0,1"
NoiseDefectFree_004531.npy,1.0,"13942,0,0,0,0,0,0,0,0,0,0,0,0,0,0,0,0,0,0"
NoiseDefectFree_004674.npy,1.0,"13942,0,0,0,0,0,0,0,0,0,0,0,0,0,0,0,0,0,0"
Defect_L17_B150_el1833_H2_W2.npy,0.9741070147754985,"13575,19,0,0,7,0,0,0,0,4,140,0,1,0,80,24,8,0,84"
NoiseDefectFree_001253.npy,1.0,"13942,0,0,0,0,0,0,0,0,0,0,0,0,0,0,0,0,0,0"
NoiseDefectFree_003375.npy,1.0,"13942,0,0,0,0,0,0,0,0,0,0,0,0,0,0,0,0,0,0"
NoiseDefectFree_002815.npy,1.0,"13942,0,0,0,0,0,0,0,0,0,0,0,0,0,0,0,0,0,0"
NoiseDefectFree_004720.npy,1.0,"13942,0,0,0,0,0,0,0,0,0,0,0,0,0,0,0,0,0,0"
Defect_L18_B442_el6193_H2_W2.npy,0.9526610242432937,"13282,10,0,0,16,1,0,0,0,65,389,0,0,0,123,6,4,0,46"
NoiseDefectFree_004859.npy,1.0,"13942,0,0,0,0,0,0,0,0,0,0,0,0,0,0,0,0,0,0"
Defect_L17_B60_el801_H2_W2.npy,0.9738201118921245,"13571,17,0,0,5,0,0,0,0,9,182,0,1,0,65,3,7,0,82"
Defect_L12_B335_el4531_H2_W2.npy,0.9855831301104576,"13741,0,0,0,0,0,0,0,0,12,126,0,0,0,29,3,0,0,31"
Defect_L13_B125_el1499_H2_W2.npy,0.9702338258499498,"13525,5,0,0,5,17,0,0,1,21,175,0,2,0,69,15,1,0,106"
NoiseDefectFree_001078.npy,1.0,"13942,0,0,0,0,0,0,0,0,0,0,0,0,0,0,0,0,0,0"
NoiseDefectFree_004364.npy,1.0,"13942,0,0,0,0,0,0,0,0,0,0,0,0,0,0,0,0,0,0"
NoiseDefectFree_000771.npy,1.0,"13942,0,0,0,0,0,0,0,0,0,0,0,0,0,0,0,0,0,0"
Defect_L15_B387_el5515_H2_W2.npy,0.9685124085497059,"13495,0,0,0,0,0,0,0,0,0,336,0,1,0,83,3,0,0,24"
NoiseDefectFree_000250.npy,1.0,"13942,0,0,0,0,0,0,0,0,0,0,0,0,0,0,0,0,0,0"
Defect_L9_B132_el3811_H4_W4.npy,0.8733323769903888,"12160,115,3,0,328,224,0,0,200,434,379,0,0,0,48,19,0,0,32"
NoiseDefectFree_003420.npy,0.9999282742791565,"13941,0,0,0,0,0,0,0,0,0,1,0,0,0,0,0,0,0,0"
NoiseDefectFree_004977.npy,1.0,"13942,0,0,0,0,0,0,0,0,0,0,0,0,0,0,0,0,0,0"
NoiseDefectFree_004545.npy,0.9999282742791565,"13941,0,0,0,0,0,0,0,0,0,1,0,0,0,0,0,0,0,0"
Defect_L13_B316_el4195_H2_W2.npy,0.9726725003586286,"13561,0,0,0,0,0,0,0,0,32,220,0,0,0,71,15,0,0,43"
Defect_L13_B196_el2493_H2_W2.npy,0.9557452302395639,"13323,16,0,0,14,20,0,0,14,13,279,0,2,0,100,66,0,0,95"
NoiseDefectFree_000717.npy,1.0,"13942,0,0,0,0,0,0,0,0,0,0,0,0,0,0,0,0,0,0"
Defect_L8_B124_el3495_H4_W4.npy,0.8934873045474107,"12457,115,12,11,241,333,2,0,222,206,229,0,0,0,45,15,1,0,53"
NoiseDefectFree_002049.npy,1.0,"13942,0,0,0,0,0,0,0,0,0,0,0,0,0,0,0,0,0,0"
Defect_L6_B292_el3849_H2_W2.npy,0.980992683976474,"13676,33,7,0,64,61,0,0,38,63,0,0,0,0,0,0,0,0,0"
Defect_L17_B133_el3815_H4_W4.npy,0.8727585712236408,"12159,62,0,0,78,32,0,0,119,291,773,0,0,5,349,10,10,0,54"
Defect_L12_B323_el4493_H2_W2.npy,0.9851527757853966,"13735,0,0,0,0,0,0,0,0,0,154,0,0,0,28,1,0,0,24"
NoiseDefectFree_004179.npy,1.0,"13942,0,0,0,0,0,0,0,0,0,0,0,0,0,0,0,0,0,0"
NoiseDefectFree_004810.npy,1.0,"13942,0,0,0,0,0,0,0,0,0,0,0,0,0,0,0,0,0,0"
Defect_L10_B226_el2851_H2_W2.npy,0.9781953808635777,"13634,53,3,0,41,52,0,0,36,54,57,0,0,0,6,5,0,0,1"
Defect_L10_B370_el5197_H2_W2.npy,0.9690144885956103,"13506,38,12,0,63,64,0,0,49,173,37,0,0,0,0,0,0,0,0"
Defect_L3_B426_el5877_H2_W2.npy,0.960981207861139,"13394,30,17,2,85,63,0,0,34,199,110,0,0,0,2,5,0,0,1"
NoiseDefectFree_001461.npy,1.0,"13942,0,0,0,0,0,0,0,0,0,0,0,0,0,0,0,0,0,0"
Defect_L4_B132_el1797_H2_W2.npy,0.9723855974752547,"13551,63,3,7,38,68,0,0,37,104,64,0,0,0,0,3,0,0,4"
NoiseDefectFree_002001.npy,1.0,"13942,0,0,0,0,0,0,0,0,0,0,0,0,0,0,0,0,0,0"
Defect_L3_B62_el1495_H4_W4.npy,0.8943480131975327,"12450,229,22,5,208,296,1,0,109,186,301,0,0,0,44,5,0,0,86"
NoiseDefectFree_000405.npy,0.9999282742791565,"13941,0,0,0,0,0,0,0,0,0,1,0,0,0,0,0,0,0,0"
NoiseDefectFree_000385.npy,1.0,"13942,0,0,0,0,0,0,0,0,0,0,0,0,0,0,0,0,0,0"
Defect_L19_B132_el3811_H4_W4.npy,0.8680246736479702,"12081,76,5,0,54,79,0,0,146,277,742,0,1,1,355,27,4,0,94"
Defect_L5_B269_el3519_H2_W2.npy,0.9820685697891264,"13688,34,6,0,51,48,0,0,43,72,0,0,0,0,0,0,0,0,0"
NoiseDefectFree_001634.npy,1.0,"13942,0,0,0,0,0,0,0,0,0,0,0,0,0,0,0,0,0,0"
Defect_L16_B31_el1473_H8_W8.npy,0.8178883947783675,"11403,230,0,0,132,85,0,0,74,447,839,0,3,8,573,15,6,0,127"
NoiseDefectFree_004785.npy,1.0,"13942,0,0,0,0,0,0,0,0,0,0,0,0,0,0,0,0,0,0"
Defect_L10_B336_el4533_H2_W2.npy,0.987806627456606,"13769,20,3,0,30,38,0,0,7,53,22,0,0,0,0,0,0,0,0"
Defect_L10_B359_el5161_H2_W2.npy,0.9703055515707932,"13525,33,7,0,59,59,0,0,31,168,60,0,0,0,0,0,0,0,0"
NoiseDefectFree_003926.npy,1.0,"13942,0,0,0,0,0,0,0,0,0,0,0,0,0,0,0,0,0,0"
NoiseDefectFree_004159.npy,1.0,"13942,0,0,0,0,0,0,0,0,0,0,0,0,0,0,0,0,0,0"
Defect_L2_B301_el4151_H2_W2.npy,0.968082054224645,"13495,35,9,3,56,62,0,0,56,139,65,0,0,0,9,4,0,0,9"
Defect_L12_B135_el1803_H2_W2.npy,0.9668627169703056,"13480,7,0,0,0,18,0,0,9,41,221,0,0,0,66,23,0,0,77"
NoiseDefectFree_002194.npy,1.0,"13942,0,0,0,0,0,0,0,0,0,0,0,0,0,0,0,0,0,0"
NoiseDefectFree_001016.npy,1.0,"13942,0,0,0,0,0,0,0,0,0,0,0,0,0,0,0,0,0,0"
Defect_L8_B171_el4867_H4_W4.npy,0.9574666475398078,"13349,15,10,0,68,87,0,0,87,167,150,0,0,0,4,0,0,0,5"
Defect_L11_B205_el5871_H4_W4.npy,0.8876775211590876,"12352,16,0,0,38,53,0,0,51,239,764,0,0,0,349,9,0,0,71"
Defect_L6_B7_el127_H2_W2.npy,0.9784822837469517,"13640,91,2,0,22,78,0,0,33,76,0,0,0,0,0,0,0,0,0"
Defect_L19_B60_el1487_H4_W4.npy,0.8888251326925836,"12370,106,0,0,31,102,0,0,100,165,470,0,1,1,330,43,6,0,217"
NoiseDefectFree_002872.npy,1.0,"13942,0,0,0,0,0,0,0,0,0,0,0,0,0,0,0,0,0,0"
NoiseDefectFree_000010.npy,1.0,"13942,0,0,0,0,0,0,0,0,0,0,0,0,0,0,0,0,0,0"
NoiseDefectFree_001839.npy,0.999856548558313,"13940,0,0,0,0,0,0,0,0,0,2,0,0,0,0,0,0,0,0"
NoiseDefectFree_004805.npy,1.0,"13942,0,0,0,0,0,0,0,0,0,0,0,0,0,0,0,0,0,0"
NoiseDefectFree_000256.npy,0.9999282742791565,"13941,0,0,0,0,0,0,0,0,1,0,0,0,0,0,0,0,0,0"
Defect_L10_B33_el463_H2_W2.npy,0.9760436092382728,"13603,85,0,0,26,46,0,0,37,92,51,0,0,0,0,0,0,0,2"
Defect_L3_B257_el3495_H2_W2.npy,0.947496772342562,"13207,87,8,2,170,99,0,0,42,166,102,0,0,0,26,10,0,0,23"
NoiseDefectFree_003325.npy,1.0,"13942,0,0,0,0,0,0,0,0,0,0,0,0,0,0,0,0,0,0"
Defect_L4_B29_el455_H2_W2.npy,0.9749677234256204,"13589,66,7,5,16,63,0,0,20,136,40,0,0,0,0,0,0,0,0"
NoiseDefectFree_001582.npy,1.0,"13942,0,0,0,0,0,0,0,0,0,0,0,0,0,0,0,0,0,0"
NoiseDefectFree_000925.npy,1.0,"13942,0,0,0,0,0,0,0,0,0,0,0,0,0,0,0,0,0,0"
NoiseDefectFree_002780.npy,1.0,"13942,0,0,0,0,0,0,0,0,0,0,0,0,0,0,0,0,0,0"
Defect_L18_B163_el2143_H2_W2.npy,0.9648543967866877,"13452,29,0,0,26,1,0,0,0,41,205,0,0,0,90,21,5,0,72"
Defect_L12_B129_el6205_H8_W8.npy,0.7878353177449433,"10981,21,1,0,449,286,0,0,94,490,622,3,11,11,911,1,0,0,61"
Defect_L5_B199_el2499_H2_W2.npy,0.9771912207717688,"13619,74,4,0,84,50,0,0,39,72,0,0,0,0,0,0,0,0,0"
Defect_L3_B155_el1843_H2_W2.npy,0.9716683402668197,"13542,88,9,2,59,61,0,0,33,59,58,0,0,0,5,10,0,0,16"
Defect_L12_B122_el3487_H4_W4.npy,0.8762014058241285,"12216,96,0,0,79,57,0,0,55,193,708,0,7,6,403,16,0,0,106"
Defect_L4_B373_el5203_H2_W2.npy,0.9792712666762301,"13652,15,10,1,54,49,2,0,33,115,11,0,0,0,0,0,0,0,0"
NoiseDefectFree_003776.npy,1.0,"13942,0,0,0,0,0,0,0,0,0,0,0,0,0,0,0,0,0,0"
NoiseDefectFree_004836.npy,1.0,"13942,0,0,0,0,0,0,0,0,0,0,0,0,0,0,0,0,0,0"
NoiseDefectFree_004965.npy,1.0,"13942,0,0,0,0,0,0,0,0,0,0,0,0,0,0,0,0,0,0"
NoiseDefectFree_000540.npy,1.0,"13942,0,0,0,0,0,0,0,0,0,0,0,0,0,0,0,0,0,0"
Defect_L2_B96_el1157_H2_W2.npy,0.9661454597618706,"13465,127,7,1,61,76,0,0,19,79,60,0,0,0,6,7,0,0,34"
NoiseDefectFree_002746.npy,1.0,"13942,0,0,0,0,0,0,0,0,0,0,0,0,0,0,0,0,0,0"
NoiseDefectFree_003720.npy,1.0,"13942,0,0,0,0,0,0,0,0,0,0,0,0,0,0,0,0,0,0"
Defect_L2_B6_el135_H4_W4.npy,0.9233252044183045,"12865,78,20,3,27,365,0,0,135,184,191,0,0,0,9,4,0,0,61"
Defect_L8_B47_el2159_H8_W8.npy,0.7834600487734902,"10923,182,34,3,159,693,0,0,327,382,730,0,0,0,258,57,1,0,193"
NoiseDefectFree_004469.npy,1.0,"13942,0,0,0,0,0,0,0,0,0,0,0,0,0,0,0,0,0,0"
NoiseDefectFree_000668.npy,1.0,"13942,0,0,0,0,0,0,0,0,0,0,0,0,0,0,0,0,0,0"
Defect_L14_B36_el1795_H8_W8.npy,0.7476689140725864,"10399,246,0,0,349,220,0,0,175,487,997,2,0,25,843,11,8,0,180"
Defect_L7_B136_el1805_H2_W2.npy,0.9732463061253765,"13569,80,2,1,55,78,0,0,52,80,25,0,0,0,0,0,0,0,0"
Defect_L19_B128_el3511_H4_W4.npy,0.8539664323626452,"11884,77,2,0,94,140,0,0,129,210,712,0,1,0,500,40,5,0,148"
NoiseDefectFree_001354.npy,1.0,"13942,0,0,0,0,0,0,0,0,0,0,0,0,0,0,0,0,0,0"
Defect_L15_B299_el4147_H2_W2.npy,0.9855831301104576,"13738,0,0,0,0,0,0,0,0,6,159,0,0,0,23,2,0,0,14"
Defect_L10_B186_el5511_H4_W4.npy,0.8868168125089657,"12359,57,30,0,279,244,0,0,166,373,310,0,0,0,64,8,0,0,52"
Defect_L7_B128_el6198_H8_W8.npy,0.7984507244297805,"11126,29,38,20,186,448,6,0,390,418,820,0,0,0,455,1,0,0,5"
NoiseDefectFree_002704.npy,1.0,"13942,0,0,0,0,0,0,0,0,0,0,0,0,0,0,0,0,0,0"
NoiseDefectFree_003331.npy,1.0,"13942,0,0,0,0,0,0,0,0,0,0,0,0,0,0,0,0,0,0"
Defect_L17_B231_el3145_H2_W2.npy,0.9762587864008033,"13605,7,0,0,4,0,0,0,0,10,202,0,0,0,66,9,6,0,33"
NoiseDefectFree_003585.npy,1.0,"13942,0,0,0,0,0,0,0,0,0,0,0,0,0,0,0,0,0,0"
Defect_L3_B331_el4523_H2_W2.npy,0.9852962272270837,"13736,22,9,0,37,41,0,0,20,75,2,0,0,0,0,0,0,0,0"
Defect_L11_B4_el136_H8_W8.npy,0.8777793716826854,"12176,207,0,0,34,49,0,0,34,216,780,0,0,0,375,22,0,0,49"
NoiseDefectFree_003377.npy,1.0,"13942,0,0,0,0,0,0,0,0,0,0,0,0,0,0,0,0,0,0"
NoiseDefectFree_001257.npy,1.0,"13942,0,0,0,0,0,0,0,0,0,0,0,0,0,0,0,0,0,0"
Defect_L13_B101_el2803_H4_W4.npy,0.9289915363649405,"12949,13,0,0,40,36,0,0,44,97,517,0,3,0,141,26,1,0,75"
Defect_L4_B279_el3823_H2_W2.npy,0.9667909912494621,"13474,42,9,6,90,90,0,0,52,138,30,0,0,0,2,6,0,0,3"
NoiseDefectFree_004176.npy,1.0,"13942,0,0,0,0,0,0,0,0,0,0,0,0,0,0,0,0,0,0"
NoiseDefectFree_004911.npy,1.0,"13942,0,0,0,0,0,0,0,0,0,0,0,0,0,0,0,0,0,0"
NoiseDefectFree_001853.npy,1.0,"13942,0,0,0,0,0,0,0,0,0,0,0,0,0,0,0,0,0,0"
Defect_L12_B389_el5519_H2_W2.npy,0.9476402237842491,"13212,5,0,0,12,16,0,0,5,85,446,0,0,0,110,6,0,0,45"
Defect_L3_B298_el3861_H2_W2.npy,0.9693013914789843,"13510,38,14,3,73,60,0,0,39,98,82,0,0,0,6,12,0,0,7"
NoiseDefectFree_002106.npy,1.0,"13942,0,0,0,0,0,0,0,0,0,0,0,0,0,0,0,0,0,0"
NoiseDefectFree_000134.npy,1.0,"13942,0,0,0,0,0,0,0,0,0,0,0,0,0,0,0,0,0,0"
Defect_L3_B123_el3491_H4_W4.npy,0.8822263663749821,"12281,109,24,5,236,320,1,0,207,244,375,0,0,0,60,6,0,0,74"
NoiseDefectFree_000929.npy,1.0,"13942,0,0,0,0,0,0,0,0,0,0,0,0,0,0,0,0,0,0"
NoiseDefectFree_000824.npy,1.0,"13942,0,0,0,0,0,0,0,0,0,0,0,0,0,0,0,0,0,0"
Defect_L8_B57_el1475_H4_W4.npy,0.9006598766317602,"12557,197,4,5,145,318,3,0,172,223,194,0,0,0,6,31,1,0,86"
NoiseDefectFree_001532.npy,1.0,"13942,0,0,0,0,0,0,0,0,0,0,0,0,0,0,0,0,0,0"
NoiseDefectFree_001215.npy,1.0,"13942,0,0,0,0,0,0,0,0,0,0,0,0,0,0,0,0,0,0"
NoiseDefectFree_000505.npy,1.0,"13942,0,0,0,0,0,0,0,0,0,0,0,0,0,0,0,0,0,0"
Defect_L18_B100_el1165_H2_W2.npy,0.9702338258499498,"13527,43,0,0,22,2,0,0,0,31,132,0,0,0,67,18,4,0,96"
NoiseDefectFree_003073.npy,1.0,"13942,0,0,0,0,0,0,0,0,0,0,0,0,0,0,0,0,0,0"
Defect_L3_B352_el4863_H2_W2.npy,0.9871610959690145,"13763,11,6,1,22,37,0,0,17,84,1,0,0,0,0,0,0,0,0"
Defect_L2_B401_el5827_H2_W2.npy,0.9555300530770334,"13317,38,8,0,77,72,0,0,35,209,160,0,0,0,12,2,0,0,12"
Defect_L5_B316_el4195_H2_W2.npy,0.9855831301104576,"13737,15,5,0,37,45,0,0,26,76,1,0,0,0,0,0,0,0,0"
Defect_L3_B436_el6181_H2_W2.npy,0.9553866016353464,"13315,45,18,2,124,66,0,0,33,276,59,0,0,0,3,0,0,0,1"
NoiseDefectFree_003710.npy,1.0,"13942,0,0,0,0,0,0,0,0,0,0,0,0,0,0,0,0,0,0"
NoiseDefectFree_004850.npy,0.9999282742791565,"13941,0,0,0,0,0,0,0,0,1,0,0,0,0,0,0,0,0,0"
NoiseDefectFree_004749.npy,1.0,"13942,0,0,0,0,0,0,0,0,0,0,0,0,0,0,0,0,0,0"
NoiseDefectFree_004269.npy,1.0,"13942,0,0,0,0,0,0,0,0,0,0,0,0,0,0,0,0,0,0"
Defect_L9_B39_el835_H4_W4.npy,0.9034571797446564,"12578,441,0,0,141,242,0,0,73,210,152,0,0,0,4,18,1,0,82"
Defect_L4_B321_el4489_H2_W2.npy,0.9883087075025104,"13779,17,4,0,16,30,0,0,20,76,0,0,0,0,0,0,0,0,0"
NoiseDefectFree_004187.npy,0.9999282742791565,"13941,0,0,0,0,0,0,0,0,0,1,0,0,0,0,0,0,0,0"
Defect_L5_B59_el1483_H4_W4.npy,0.940969731745804,"13115,158,3,0,140,253,0,0,99,145,25,0,0,0,0,3,0,0,1"
NoiseDefectFree_002924.npy,1.0,"13942,0,0,0,0,0,0,0,0,0,0,0,0,0,0,0,0,0,0"
Defect_L5_B19_el815_H8_W8.npy,0.8564768325921676,"11932,195,2,0,95,587,0,0,278,281,355,0,0,0,19,62,5,0,131"
NoiseDefectFree_001811.npy,1.0,"13942,0,0,0,0,0,0,0,0,0,0,0,0,0,0,0,0,0,0"
NoiseDefectFree_003487.npy,1.0,"13942,0,0,0,0,0,0,0,0,0,0,0,0,0,0,0,0,0,0"
Defect_L13_B102_el2807_H4_W4.npy,0.9312150337110888,"12980,10,0,0,8,29,0,0,68,126,476,0,3,0,124,38,0,0,80"
NoiseDefectFree_003142.npy,1.0,"13942,0,0,0,0,0,0,0,0,0,0,0,0,0,0,0,0,0,0"
Defect_L16_B76_el3517_H8_W8.npy,0.7914933295079616,"11035,54,0,0,412,230,0,0,133,326,884,0,3,3,785,14,8,0,55"
NoiseDefectFree_001325.npy,1.0,"13942,0,0,0,0,0,0,0,0,0,0,0,0,0,0,0,0,0,0"
NoiseDefectFree_004313.npy,1.0,"13942,0,0,0,0,0,0,0,0,0,0,0,0,0,0,0,0,0,0"
Defect_L18_B147_el4155_H4_W4.npy,0.8825849949791995,"12305,61,0,0,60,53,0,0,30,281,767,0,2,3,285,13,7,0,75"
Defect_L15_B194_el2489_H2_W2.npy,0.9781953808635777,"13630,0,0,0,0,0,0,0,0,0,165,0,1,0,54,35,0,0,57"
Defect_L5_B21_el829_H8_W8.npy,0.7817386314732463,"10890,204,0,0,146,789,1,0,260,441,862,0,0,0,61,57,9,0,222"
Defect_L11_B240_el3177_H2_W2.npy,0.9746808205422465,"13580,0,0,0,1,2,0,0,0,14,215,0,0,0,71,9,0,0,50"
Defect_L12_B198_el5843_H4_W4.npy,0.8759145029407546,"12212,48,0,0,63,40,0,0,38,237,758,0,7,12,437,4,0,0,86"
Defect_L2_B56_el793_H2_W2.npy,0.9663606369244011,"13468,98,6,1,17,67,0,0,38,107,92,0,0,0,6,1,2,0,39"
NoiseDefectFree_001541.npy,1.0,"13942,0,0,0,0,0,0,0,0,0,0,0,0,0,0,0,0,0,0"
Defect_L2_B174_el5163_H4_W4.npy,0.8744799885238846,"12191,78,22,7,205,245,0,0,133,432,517,0,0,0,60,4,0,0,48"
NoiseDefectFree_002682.npy,1.0,"13942,0,0,0,0,0,0,0,0,0,0,0,0,0,0,0,0,0,0"
Defect_L11_B200_el2501_H2_W2.npy,0.968082054224645,"13488,5,0,0,6,22,0,0,4,37,214,0,0,0,61,20,0,0,85"
Defect_L6_B141_el1815_H2_W2.npy,0.9817816669057524,"13687,89,2,0,52,39,0,0,35,38,0,0,0,0,0,0,0,0,0"
NoiseDefectFree_001192.npy,1.0,"13942,0,0,0,0,0,0,0,0,0,0,0,0,0,0,0,0,0,0"
Defect_L5_B149_H8_W4.npy,0.8378998708937024,"11672,40,14,0,514,292,0,0,255,380,707,0,0,0,60,5,0,0,3"
NoiseDefectFree_001543.npy,1.0,"13942,0,0,0,0,0,0,0,0,0,0,0,0,0,0,0,0,0,0"
Defect_L11_B273_el3811_H2_W2.npy,0.9670778941328361,"13475,4,0,0,33,13,0,0,0,66,244,0,0,0,59,7,0,0,41"
NoiseDefectFree_002540.npy,1.0,"13942,0,0,0,0,0,0,0,0,0,0,0,0,0,0,0,0,0,0"
NoiseDefectFree_000954.npy,1.0,"13942,0,0,0,0,0,0,0,0,0,0,0,0,0,0,0,0,0,0"
Defect_L10_B266_el3513_H2_W2.npy,0.9648543967866877,"13448,62,8,0,80,80,0,0,50,133,77,0,0,0,2,2,0,0,0"
Defect_L17_B202_el2505_H2_W2.npy,0.9726007746377852,"13552,12,0,0,8,0,0,0,0,10,160,0,1,0,97,28,9,0,65"
NoiseDefectFree_004847.npy,1.0,"13942,0,0,0,0,0,0,0,0,0,0,0,0,0,0,0,0,0,0"
Defect_L6_B263_el3507_H2_W2.npy,0.9750394491464639,"13593,40,6,0,89,56,0,0,54,104,0,0,0,0,0,0,0,0,0"
Defect_L5_B310_el4183_H2_W2.npy,0.9731745804045331,"13564,34,9,0,86,84,0,0,34,131,0,0,0,0,0,0,0,0,0"
NoiseDefectFree_004331.npy,1.0,"13942,0,0,0,0,0,0,0,0,0,0,0,0,0,0,0,0,0,0"
Defect_L17_B234_el3151_H2_W2.npy,0.9717400659876632,"13544,4,0,0,8,0,0,0,0,2,240,0,0,0,101,11,4,0,28"
Defect_L16_B99_el4847_H8_W8.npy,0.8348873906182757,"11638,22,0,0,154,28,0,0,8,490,914,1,4,8,625,7,2,0,41"
Defect_L8_B95_el4525_H8_W8.npy,0.9045330655573088,"12611,50,16,0,141,151,0,0,163,406,397,0,0,0,3,4,0,0,0"
Defect_L3_B57_el1475_H4_W4.npy,0.8987232821689858,"12512,183,19,6,148,316,1,0,134,200,295,0,0,0,42,6,0,0,80"
NoiseDefectFree_004730.npy,1.0,"13942,0,0,0,0,0,0,0,0,0,0,0,0,0,0,0,0,0,0"
Defect_L17_B110_el3139_H4_W4.npy,0.8962846076603069,"12484,69,0,0,52,29,0,0,90,205,701,0,1,7,215,33,12,0,44"
Defect_L10_B77_el3811_H8_W8.npy,0.7699038875340697,"10670,112,4,0,304,447,0,0,376,519,1132,0,0,0,248,47,2,0,81"
Defect_L8_B90_el2175_H4_W4.npy,0.8912638072012624,"12426,261,5,2,343,257,2,0,181,174,189,0,0,0,21,40,1,0,40"
Defect_L4_B278_el3821_H2_W2.npy,0.9691579400372974,"13506,45,8,7,63,84,0,0,54,142,25,0,0,0,0,8,0,0,0"
NoiseDefectFree_002157.npy,1.0,"13942,0,0,0,0,0,0,0,0,0,0,0,0,0,0,0,0,0,0"
NoiseDefectFree_001063.npy,1.0,"13942,0,0,0,0,0,0,0,0,0,0,0,0,0,0,0,0,0,0"
NoiseDefectFree_001168.npy,1.0,"13942,0,0,0,0,0,0,0,0,0,0,0,0,0,0,0,0,0,0"
NoiseDefectFree_003637.npy,1.0,"13942,0,0,0,0,0,0,0,0,0,0,0,0,0,0,0,0,0,0"
Defect_L13_B98_el2507_H4_W4.npy,0.8939893845933151,"12458,76,0,0,65,81,0,0,44,100,520,0,6,13,394,30,1,0,154"
Defect_L6_B7_el139_H4_W4.npy,0.9449146463921962,"13170,65,1,0,20,360,0,0,109,152,61,0,0,0,0,0,0,0,4"
Defect_L10_B80_el2135_H4_W4.npy,0.8975756706354899,"12505,207,4,0,206,189,0,0,128,331,255,0,0,0,14,20,2,0,81"
NoiseDefectFree_004492.npy,1.0,"13942,0,0,0,0,0,0,0,0,0,0,0,0,0,0,0,0,0,0"
Defect_L10_B123_el6163_H8_W8.npy,0.7923540381580835,"11010,41,14,0,312,318,0,0,460,484,864,0,0,0,397,8,0,0,34"
NoiseDefectFree_004981.npy,1.0,"13942,0,0,0,0,0,0,0,0,0,0,0,0,0,0,0,0,0,0"
Defect_L17_B418_el5861_H2_W2.npy,0.9604791278152346,"13383,2,0,0,5,2,0,0,0,32,353,0,1,0,119,3,9,0,33"
Defect_L8_B125_el6177_H8_W8.npy,0.7747095108305838,"10801,60,43,5,254,464,0,0,422,596,926,0,0,0,329,5,0,0,37"
NoiseDefectFree_004947.npy,1.0,"13942,0,0,0,0,0,0,0,0,0,0,0,0,0,0,0,0,0,0"
NoiseDefectFree_002783.npy,1.0,"13942,0,0,0,0,0,0,0,0,0,0,0,0,0,0,0,0,0,0"
NoiseDefectFree_000718.npy,1.0,"13942,0,0,0,0,0,0,0,0,0,0,0,0,0,0,0,0,0,0"
NoiseDefectFree_002503.npy,1.0,"13942,0,0,0,0,0,0,0,0,0,0,0,0,0,0,0,0,0,0"
NoiseDefectFree_004361.npy,1.0,"13942,0,0,0,0,0,0,0,0,0,0,0,0,0,0,0,0,0,0"
NoiseDefectFree_004172.npy,1.0,"13942,0,0,0,0,0,0,0,0,0,0,0,0,0,0,0,0,0,0"
Defect_L13_B2_el122_H8_W8.npy,0.8200401664036724,"11430,137,0,0,63,355,0,0,105,428,932,4,3,15,345,21,7,0,97"
Defect_L19_B24_H4_W8.npy,0.8481566489743222,"11792,190,0,0,85,147,0,0,72,268,755,3,2,1,390,30,5,0,202"
NoiseDefectFree_000396.npy,1.0,"13942,0,0,0,0,0,0,0,0,0,0,0,0,0,0,0,0,0,0"
Defect_L15_B450_el6209_H2_W2.npy,0.9797733467221346,"13652,0,0,0,0,0,0,0,0,0,200,0,0,0,68,0,0,0,22"
Defect_L11_B209_el6171_H4_W4.npy,0.8935590302682542,"12433,19,0,0,21,18,0,0,27,312,760,0,0,0,289,2,0,0,61"
NoiseDefectFree_004493.npy,1.0,"13942,0,0,0,0,0,0,0,0,0,0,0,0,0,0,0,0,0,0"
NoiseDefectFree_001366.npy,1.0,"13942,0,0,0,0,0,0,0,0,0,0,0,0,0,0,0,0,0,0"
Defect_L5_B158_el2133_H2_W2.npy,0.9833596327643093,"13706,37,2,0,39,48,0,0,31,73,6,0,0,0,0,0,0,0,0"
Defect_L16_B71_el3482_H8_W8.npy,0.7976617415005021,"11121,78,1,0,281,96,0,0,248,443,913,0,1,8,684,7,6,0,55"
Defect_L10_B187_el5515_H4_W4.npy,0.8984363792856118,"12520,41,24,0,260,218,0,0,158,311,281,0,0,0,71,7,0,0,51"
NoiseDefectFree_004969.npy,1.0,"13942,0,0,0,0,0,0,0,0,0,0,0,0,0,0,0,0,0,0"
NoiseDefectFree_002915.npy,1.0,"13942,0,0,0,0,0,0,0,0,0,0,0,0,0,0,0,0,0,0"
Defect_L16_B314_el4191_H2_W2.npy,0.9830010041600918,"13705,0,0,0,0,0,0,0,0,0,151,0,0,0,53,2,0,0,31"
NoiseDefectFree_003767.npy,1.0,"13942,0,0,0,0,0,0,0,0,0,0,0,0,0,0,0,0,0,0"
NoiseDefectFree_003441.npy,1.0,"13942,0,0,0,0,0,0,0,0,0,0,0,0,0,0,0,0,0,0"
Defect_L3_B173_el5159_H4_W4.npy,0.875986228661598,"12204,50,19,12,178,265,0,0,157,433,519,0,0,0,47,7,0,0,51"
Defect_L4_B5_el143_H8_W8.npy,0.8351025677808062,"11638,122,60,5,45,688,0,0,125,343,747,0,0,0,49,36,1,0,83"
NoiseDefectFree_002144.npy,1.0,"13942,0,0,0,0,0,0,0,0,0,0,0,0,0,0,0,0,0,0"
Defect_L13_B249_el3479_H2_W2.npy,0.9647826710658443,"13450,0,0,0,0,5,0,0,2,64,270,0,1,0,82,19,0,0,49"
Defect_L7_B260_el3501_H2_W2.npy,0.95545832735619,"13319,86,9,2,175,68,2,0,67,141,70,0,0,0,2,1,0,0,0"
NoiseDefectFree_001572.npy,1.0,"13942,0,0,0,0,0,0,0,0,0,0,0,0,0,0,0,0,0,0"
NoiseDefectFree_004080.npy,1.0,"13942,0,0,0,0,0,0,0,0,0,0,0,0,0,0,0,0,0,0"
NoiseDefectFree_001123.npy,1.0,"13942,0,0,0,0,0,0,0,0,0,0,0,0,0,0,0,0,0,0"
NoiseDefectFree_002787.npy,0.9999282742791565,"13941,0,0,0,0,0,0,0,0,0,1,0,0,0,0,0,0,0,0"
NoiseDefectFree_002968.npy,1.0,"13942,0,0,0,0,0,0,0,0,0,0,0,0,0,0,0,0,0,0"
NoiseDefectFree_002505.npy,1.0,"13942,0,0,0,0,0,0,0,0,0,0,0,0,0,0,0,0,0,0"
Defect_L3_B120_el1489_H2_W2.npy,0.9646392196241572,"13445,146,6,2,79,72,0,0,32,82,38,0,0,0,5,8,0,0,27"
Defect_L9_B64_el3146_H8_W8.npy,0.7640941041457466,"10604,170,3,1,224,555,0,0,449,448,995,0,0,0,296,32,0,0,165"
Defect_L11_B64_el1503_H4_W4.npy,0.9081910773203271,"12637,108,0,0,63,56,0,0,38,90,468,0,0,0,183,67,1,0,231"
NoiseDefectFree_000729.npy,1.0,"13942,0,0,0,0,0,0,0,0,0,0,0,0,0,0,0,0,0,0"
Defect_L9_B4_el127_H4_W4.npy,0.9209582556304691,"12823,66,2,7,29,417,0,0,102,189,191,0,0,0,0,5,1,0,110"
Defect_L4_B130_el3519_H4_W4.npy,0.8805766747955817,"12268,98,19,10,335,269,1,0,182,233,383,0,0,0,41,64,0,0,39"
NoiseDefectFree_000413.npy,1.0,"13942,0,0,0,0,0,0,0,0,0,0,0,0,0,0,0,0,0,0"
Defect_L13_B58_el797_H2_W2.npy,0.9701621001291063,"13524,4,0,0,1,7,0,0,0,37,202,0,2,0,62,9,0,0,94"
Defect_L11_B301_el4151_H2_W2.npy,0.9749677234256204,"13584,0,0,0,0,0,0,0,0,41,216,0,0,0,52,15,0,0,34"
NoiseDefectFree_000826.npy,1.0,"13942,0,0,0,0,0,0,0,0,0,0,0,0,0,0,0,0,0,0"
NoiseDefectFree_003268.npy,0.9999282742791565,"13941,0,0,0,0,0,0,0,0,0,1,0,0,0,0,0,0,0,0"
NoiseDefectFree_003975.npy,1.0,"13942,0,0,0,0,0,0,0,0,0,0,0,0,0,0,0,0,0,0"
Defect_L2_B362_el5167_H2_W2.npy,0.9613398364653565,"13402,49,15,3,105,70,0,0,37,169,62,0,0,0,20,3,0,0,7"
Defect_L17_B134_el1801_H2_W2.npy,0.9726007746377852,"13554,15,0,0,8,0,0,0,0,22,191,0,1,0,64,26,8,0,53"
NoiseDefectFree_000418.npy,1.0,"13942,0,0,0,0,0,0,0,0,0,0,0,0,0,0,0,0,0,0"
Defect_L10_B4_el136_H8_W8.npy,0.8643666618849519,"12026,87,0,0,38,675,0,0,133,244,469,0,0,0,20,29,1,0,220"
Defect_L6_B47_el1151_H4_W4.npy,0.941830440395926,"13126,182,3,0,128,227,0,0,96,145,33,0,0,0,0,0,2,0,0"
NoiseDefectFree_002083.npy,0.9999282742791565,"13941,0,0,0,0,0,0,0,0,0,1,0,0,0,0,0,0,0,0"
Defect_L2_B85_el4154_H8_W8.npy,0.7113756993257783,"9914,113,17,3,387,492,1,0,396,697,1446,0,0,0,289,68,2,0,117"
NoiseDefectFree_003374.npy,1.0,"13942,0,0,0,0,0,0,0,0,0,0,0,0,0,0,0,0,0,0"
Defect_L18_B409_el5843_H2_W2.npy,0.9530913785683546,"13288,12,0,0,18,1,0,0,0,70,363,0,0,0,133,2,4,0,51"
NoiseDefectFree_004108.npy,0.9999282742791565,"13941,0,0,0,0,0,0,0,0,1,0,0,0,0,0,0,0,0,0"
NoiseDefectFree_004381.npy,1.0,"13942,0,0,0,0,0,0,0,0,0,0,0,0,0,0,0,0,0,0"
Defect_L7_B430_el6169_H2_W2.npy,0.9647109453450007,"13450,28,7,0,75,50,0,0,49,255,28,0,0,0,0,0,0,0,0"
NoiseDefectFree_001067.npy,0.9999282742791565,"13941,0,0,0,0,0,0,0,0,0,1,0,0,0,0,0,0,0,0"
NoiseDefectFree_003914.npy,1.0,"13942,0,0,0,0,0,0,0,0,0,0,0,0,0,0,0,0,0,0"
Defect_L2_B103_el5162_H8_W8.npy,0.7219911060106154,"10053,119,60,3,261,481,0,0,467,700,1226,0,0,0,476,17,0,0,79"
Defect_L2_B24_el1137_H8_W8.npy,0.746736479701621,"10390,303,48,4,211,749,0,0,201,546,975,0,0,0,227,40,1,0,247"
Defect_L15_B15_el455_H4_W4.npy,0.9255487017644527,"12889,16,0,0,0,1,0,0,22,123,520,1,5,0,121,17,0,0,227"
Defect_L3_B99_el4847_H8_W8.npy,0.7928561182039879,"11041,53,28,0,357,431,1,0,397,451,931,0,0,0,189,11,0,0,52"
NoiseDefectFree_002739.npy,1.0,"13942,0,0,0,0,0,0,0,0,0,0,0,0,0,0,0,0,0,0"
Defect_L15_B54_el1463_H4_W4.npy,0.9275570219480705,"12918,5,0,0,0,1,0,0,46,79,559,1,5,0,162,39,1,0,126"
NoiseDefectFree_004001.npy,1.0,"13942,0,0,0,0,0,0,0,0,0,0,0,0,0,0,0,0,0,0"
NoiseDefectFree_002428.npy,1.0,"13942,0,0,0,0,0,0,0,0,0,0,0,0,0,0,0,0,0,0"
Defect_L2_B86_el1137_H2_W2.npy,0.9644957681824702,"13442,112,7,1,54,78,0,0,26,92,79,0,0,0,6,8,0,0,37"
NoiseDefectFree_001688.npy,1.0,"13942,0,0,0,0,0,0,0,0,0,0,0,0,0,0,0,0,0,0"
NoiseDefectFree_000852.npy,1.0,"13942,0,0,0,0,0,0,0,0,0,0,0,0,0,0,0,0,0,0"
Defect_L4_B27_el1158_H8_W8.npy,0.7497489599770478,"10446,228,64,7,177,706,2,0,344,471,1019,0,0,0,190,77,2,0,209"
Defect_L4_B204_el2509_H2_W2.npy,0.9761153349591163,"13602,66,11,8,56,66,0,0,43,60,19,0,0,0,0,6,0,0,5"
Defect_L3_B138_el3835_H4_W4.npy,0.8852388466504089,"12321,98,39,3,298,397,0,0,182,228,278,0,0,0,51,1,1,0,45"
Defect_L7_B175_el5167_H4_W4.npy,0.8916224358054798,"12428,53,11,3,222,323,3,0,210,366,322,0,0,0,0,0,0,0,1"
NoiseDefectFree_002840.npy,1.0,"13942,0,0,0,0,0,0,0,0,0,0,0,0,0,0,0,0,0,0"
NoiseDefectFree_004612.npy,1.0,"13942,0,0,0,0,0,0,0,0,0,0,0,0,0,0,0,0,0,0"
Defect_L3_B19_el815_H8_W8.npy,0.7737053507387749,"10731,272,58,4,171,726,0,0,191,455,899,0,0,0,164,62,3,0,206"
Defect_L4_B286_el3837_H2_W2.npy,0.9526610242432937,"13278,74,11,6,170,81,0,0,46,140,89,0,0,0,18,6,0,0,23"
NoiseDefectFree_002490.npy,1.0,"13942,0,0,0,0,0,0,0,0,0,0,0,0,0,0,0,0,0,0"
Defect_L11_B252_el3485_H2_W2.npy,0.9701621001291063,"13517,2,0,0,3,10,0,0,1,53,220,0,0,0,73,11,0,0,52"
Defect_L4_B307_el4163_H2_W2.npy,0.9410414574666476,"13117,75,15,4,156,159,0,0,81,285,49,0,0,0,0,1,0,0,0"
NoiseDefectFree_002850.npy,1.0,"13942,0,0,0,0,0,0,0,0,0,0,0,0,0,0,0,0,0,0"
Defect_L14_B20_el822_H8_W8.npy,0.778224071151915,"10822,250,0,0,136,304,0,0,108,371,1156,1,2,28,585,39,5,0,135"
Defect_L14_B84_el4147_H8_W8.npy,0.8097116626022092,"11289,33,0,0,188,35,0,0,225,509,1159,0,3,0,412,30,0,0,59"
NoiseDefectFree_004453.npy,1.0,"13942,0,0,0,0,0,0,0,0,0,0,0,0,0,0,0,0,0,0"
Defect_L13_B418_el5861_H2_W2.npy,0.9581121790273992,"13356,0,0,0,0,0,0,0,0,38,376,0,2,0,121,6,0,0,43"
Defect_L18_B308_el4179_H2_W2.npy,0.9361641084492899,"13052,23,0,0,39,8,0,0,0,66,399,0,0,0,232,38,2,0,83"
NoiseDefectFree_002480.npy,0.9999282742791565,"13941,0,0,0,0,0,0,0,0,0,1,0,0,0,0,0,0,0,0"
Defect_L17_B23_el487_H4_W4.npy,0.9069000143451442,"12636,101,0,0,20,35,0,0,21,126,575,0,0,4,238,13,11,0,162"
NoiseDefectFree_002142.npy,1.0,"13942,0,0,0,0,0,0,0,0,0,0,0,0,0,0,0,0,0,0"
Defect_L18_B213_el6187_H4_W4.npy,0.889614115621862,"12403,34,8,0,53,54,0,0,12,250,555,1,0,1,476,6,6,0,83"
Defect_L5_B121_el3483_H4_W4.npy,0.9259790560895137,"12906,71,8,0,223,191,1,0,131,299,109,0,0,0,0,3,0,0,0"
NoiseDefectFree_002745.npy,1.0,"13942,0,0,0,0,0,0,0,0,0,0,0,0,0,0,0,0,0,0"
Defect_L6_B436_el6181_H2_W2.npy,0.9739635633338115,"13578,19,7,0,91,40,0,0,37,170,0,0,0,0,0,0,0,0,0"
NoiseDefectFree_003507.npy,1.0,"13942,0,0,0,0,0,0,0,0,0,0,0,0,0,0,0,0,0,0"
NoiseDefectFree_001680.npy,1.0,"13942,0,0,0,0,0,0,0,0,0,0,0,0,0,0,0,0,0,0"
NoiseDefectFree_004250.npy,1.0,"13942,0,0,0,0,0,0,0,0,0,0,0,0,0,0,0,0,0,0"
NoiseDefectFree_003148.npy,1.0,"13942,0,0,0,0,0,0,0,0,0,0,0,0,0,0,0,0,0,0"
Defect_L5_B403_el5831_H2_W2.npy,0.9797016210012911,"13653,13,5,0,46,39,0,0,35,151,0,0,0,0,0,0,0,0,0"
Defect_L8_B150_el4183_H4_W4.npy,0.876990388753407,"12227,104,12,0,354,280,0,0,249,257,368,0,0,0,28,46,0,0,17"
NoiseDefectFree_000581.npy,1.0,"13942,0,0,0,0,0,0,0,0,0,0,0,0,0,0,0,0,0,0"
NoiseDefectFree_004071.npy,1.0,"13942,0,0,0,0,0,0,0,0,0,0,0,0,0,0,0,0,0,0"
NoiseDefectFree_003344.npy,0.9997848228374695,"13939,0,0,0,1,0,0,0,0,2,0,0,0,0,0,0,0,0,0"
Defect_L4_B255_el3491_H2_W2.npy,0.9623439965571654,"13412,67,10,6,120,85,0,0,50,146,29,0,0,0,2,11,0,0,4"
NoiseDefectFree_003673.npy,0.9999282742791565,"13941,0,0,0,0,0,0,0,0,0,1,0,0,0,0,0,0,0,0"
NoiseDefectFree_000560.npy,0.9999282742791565,"13941,0,0,0,0,0,0,0,0,0,1,0,0,0,0,0,0,0,0"
Defect_L10_B373_el5203_H2_W2.npy,0.9781953808635777,"13633,27,12,0,30,32,0,0,36,129,43,0,0,0,0,0,0,0,0"
Defect_L15_B286_el3837_H2_W2.npy,0.9735332090087505,"13565,0,0,0,0,0,0,0,0,0,239,0,1,0,73,28,0,0,36"
NoiseDefectFree_000513.npy,1.0,"13942,0,0,0,0,0,0,0,0,0,0,0,0,0,0,0,0,0,0"
NoiseDefectFree_001082.npy,1.0,"13942,0,0,0,0,0,0,0,0,0,0,0,0,0,0,0,0,0,0"
NoiseDefectFree_001665.npy,1.0,"13942,0,0,0,0,0,0,0,0,0,0,0,0,0,0,0,0,0,0"
Defect_L2_B245_el3187_H2_W2.npy,0.9749677234256204,"13592,48,9,6,55,54,0,0,30,67,62,0,0,0,5,7,1,0,6"
NoiseDefectFree_001932.npy,1.0,"13942,0,0,0,0,0,0,0,0,0,0,0,0,0,0,0,0,0,0"
Defect_L4_B342_el4829_H2_W2.npy,0.9817816669057524,"13688,20,3,0,48,34,0,0,23,126,0,0,0,0,0,0,0,0,0"
NoiseDefectFree_001151.npy,0.9999282742791565,"13941,0,0,0,0,0,0,0,0,1,0,0,0,0,0,0,0,0,0"
NoiseDefectFree_002839.npy,1.0,"13942,0,0,0,0,0,0,0,0,0,0,0,0,0,0,0,0,0,0"
Defect_L12_B128_el6198_H8_W8.npy,0.7913498780662745,"11032,43,10,0,406,216,0,0,148,478,710,1,12,17,771,9,0,0,89"
Defect_L13_B177_el2171_H2_W2.npy,0.9705924544541673,"13530,5,0,0,2,14,0,0,1,21,186,0,2,0,83,20,0,0,78"
Defect_L16_B429_el6167_H2_W2.npy,0.9781953808635777,"13638,0,0,0,0,0,0,0,0,14,206,0,2,0,64,0,0,0,18"
Defect_L15_B254_el3489_H2_W2.npy,0.9786257351886386,"13637,0,0,0,0,0,0,0,0,0,184,0,0,0,82,9,0,0,30"
Defect_L5_B123_el1495_H2_W2.npy,0.9832161813226223,"13705,75,3,0,43,44,0,0,30,42,0,0,0,0,0,0,0,0,0"
NoiseDefectFree_000831.npy,1.0,"13942,0,0,0,0,0,0,0,0,0,0,0,0,0,0,0,0,0,0"
Defect_L16_B147_el1827_H2_W2.npy,0.9807775068139435,"13674,0,0,0,0,0,0,0,0,0,152,0,2,0,47,11,1,0,55"
NoiseDefectFree_004753.npy,1.0,"13942,0,0,0,0,0,0,0,0,0,0,0,0,0,0,0,0,0,0"
Defect_L12_B21_el155_H2_W2.npy,0.9776933008176732,"13631,0,0,0,1,0,0,0,0,12,156,0,0,0,40,5,0,0,97"
NoiseDefectFree_000636.npy,1.0,"13942,0,0,0,0,0,0,0,0,0,0,0,0,0,0,0,0,0,0"
NoiseDefectFree_004466.npy,1.0,"13942,0,0,0,0,0,0,0,0,0,0,0,0,0,0,0,0,0,0"
Defect_L10_B385_el5511_H2_W2.npy,0.953593458614259,"13292,41,20,1,89,56,0,0,57,252,131,0,0,0,1,0,0,0,2"
Defect_L12_B283_el3831_H2_W2.npy,0.9500071725720843,"13245,32,0,0,17,27,0,0,9,52,354,0,0,0,121,16,0,0,69"
Defect_L11_B22_el483_H4_W4.npy,0.9228948500932435,"12842,84,0,0,24,18,0,0,18,83,438,0,0,0,180,17,1,0,237"
Defect_L8_B97_el1159_H2_W2.npy,0.9698034715248888,"13521,119,1,0,51,75,0,0,45,74,48,0,0,0,3,2,1,0,2"
NoiseDefectFree_004143.npy,1.0,"13942,0,0,0,0,0,0,0,0,0,0,0,0,0,0,0,0,0,0"
Defect_L18_B422_el5869_H2_W2.npy,0.960837756419452,"13396,5,1,0,15,6,0,0,0,84,280,0,0,0,102,6,4,0,43"
Defect_L13_B144_el1821_H2_W2.npy,0.9644240424616267,"13445,2,0,0,0,12,0,0,0,28,241,0,1,0,72,34,2,0,105"
NoiseDefectFree_000877.npy,1.0,"13942,0,0,0,0,0,0,0,0,0,0,0,0,0,0,0,0,0,0"
NoiseDefectFree_004870.npy,1.0,"13942,0,0,0,0,0,0,0,0,0,0,0,0,0,0,0,0,0,0"
Defect_L10_B64_el809_H2_W2.npy,0.9749677234256204,"13588,101,1,0,19,47,0,0,33,84,65,0,0,0,0,0,0,0,4"
Defect_L8_B404_el5833_H2_W2.npy,0.9582556304690862,"13360,38,7,0,84,67,0,0,57,256,73,0,0,0,0,0,0,0,0"
NoiseDefectFree_000005.npy,1.0,"13942,0,0,0,0,0,0,0,0,0,0,0,0,0,0,0,0,0,0"
NoiseDefectFree_003052.npy,1.0,"13942,0,0,0,0,0,0,0,0,0,0,0,0,0,0,0,0,0,0"
Defect_L7_B330_el4521_H2_W2.npy,0.9832879070434658,"13709,26,6,0,43,44,0,0,20,94,0,0,0,0,0,0,0,0,0"
NoiseDefectFree_003125.npy,1.0,"13942,0,0,0,0,0,0,0,0,0,0,0,0,0,0,0,0,0,0"
NoiseDefectFree_002492.npy,1.0,"13942,0,0,0,0,0,0,0,0,0,0,0,0,0,0,0,0,0,0"
NoiseDefectFree_003855.npy,1.0,"13942,0,0,0,0,0,0,0,0,0,0,0,0,0,0,0,0,0,0"
NoiseDefectFree_004778.npy,1.0,"13942,0,0,0,0,0,0,0,0,0,0,0,0,0,0,0,0,0,0"
Defect_L10_B170_el4863_H4_W4.npy,0.9573949218189642,"13329,33,11,0,56,65,0,0,95,199,151,0,0,0,2,1,0,0,0"
Defect_L15_B189_el2479_H2_W2.npy,0.9794147181179171,"13649,0,0,0,0,0,0,0,0,0,171,0,1,0,63,12,0,0,46"
Defect_L7_B218_el2835_H2_W2.npy,0.9517285898723282,"13269,131,4,2,157,141,0,0,74,162,2,0,0,0,0,0,0,0,0"
NoiseDefectFree_001149.npy,1.0,"13942,0,0,0,0,0,0,0,0,0,0,0,0,0,0,0,0,0,0"
NoiseDefectFree_000575.npy,1.0,"13942,0,0,0,0,0,0,0,0,0,0,0,0,0,0,0,0,0,0"
NoiseDefectFree_003770.npy,1.0,"13942,0,0,0,0,0,0,0,0,0,0,0,0,0,0,0,0,0,0"
NoiseDefectFree_004147.npy,1.0,"13942,0,0,0,0,0,0,0,0,0,0,0,0,0,0,0,0,0,0"
NoiseDefectFree_000854.npy,1.0,"13942,0,0,0,0,0,0,0,0,0,0,0,0,0,0,0,0,0,0"
Defect_L10_B39_el1816_H8_W8.npy,0.8170276861282456,"11352,237,2,0,146,584,0,0,300,328,626,0,0,0,110,67,1,0,189"
Defect_L2_B243_el3183_H2_W2.npy,0.9731745804045331,"13566,63,6,7,62,75,0,0,34,79,41,0,0,0,2,3,0,0,4"
Defect_L8_B136_el3827_H4_W4.npy,0.876560034428346,"12221,126,16,11,258,336,2,0,231,281,365,0,0,0,30,20,0,0,45"
Defect_L2_B88_el1141_H2_W2.npy,0.9631329794864438,"13423,144,7,1,58,69,0,0,24,90,76,0,0,0,10,5,0,0,35"
Defect_L14_B62_el1495_H4_W4.npy,0.9150050208004591,"12751,34,0,0,17,22,0,0,20,44,517,1,4,7,322,30,8,0,165"
NoiseDefectFree_004496.npy,1.0,"13942,0,0,0,0,0,0,0,0,0,0,0,0,0,0,0,0,0,0"
Defect_L6_B433_el6175_H2_W2.npy,0.9786257351886386,"13643,25,6,0,66,44,0,0,33,125,0,0,0,0,0,0,0,0,0"
Defect_L12_B72_el825_H2_W2.npy,0.9718117917085066,"13549,3,0,0,3,7,0,0,2,32,177,0,0,0,58,10,2,0,99"
NoiseDefectFree_002369.npy,0.9999282742791565,"13941,0,0,0,0,0,0,0,0,1,0,0,0,0,0,0,0,0,0"
NoiseDefectFree_004781.npy,1.0,"13942,0,0,0,0,0,0,0,0,0,0,0,0,0,0,0,0,0,0"
Defect_L19_B34_el815_H4_W4.npy,0.8996557165399512,"12521,88,1,0,26,76,0,0,64,157,474,0,1,1,288,21,5,0,219"
NoiseDefectFree_002951.npy,1.0,"13942,0,0,0,0,0,0,0,0,0,0,0,0,0,0,0,0,0,0"
Defect_L19_B11_el472_H8_W8.npy,0.8038301534930427,"11136,281,5,0,85,135,0,0,144,441,1055,2,0,5,417,36,6,0,194"
Defect_L5_B126_el3503_H4_W4.npy,0.9220341414431215,"12851,92,6,0,311,222,2,0,161,208,82,0,0,0,0,7,0,0,0"
Defect_L6_B80_el3832_H8_W8.npy,0.8389757567063549,"11685,96,6,0,282,535,0,0,445,292,506,0,0,0,50,35,0,0,10"
NoiseDefectFree_001842.npy,1.0,"13942,0,0,0,0,0,0,0,0,0,0,0,0,0,0,0,0,0,0"
Defect_L18_B137_el1807_H2_W2.npy,0.9660020083201836,"13468,33,0,0,23,4,0,0,0,31,204,0,0,0,76,15,4,0,84"
NoiseDefectFree_000538.npy,1.0,"13942,0,0,0,0,0,0,0,0,0,0,0,0,0,0,0,0,0,0"
NoiseDefectFree_002807.npy,1.0,"13942,0,0,0,0,0,0,0,0,0,0,0,0,0,0,0,0,0,0"
Defect_L2_B163_el4819_H4_W4.npy,0.9367379142160379,"13060,36,5,1,65,118,0,0,68,234,275,0,0,0,27,9,0,0,44"
Defect_L14_B44_el1139_H4_W4.npy,0.9227513986515564,"12859,15,0,0,1,10,0,0,14,56,501,0,4,7,301,11,8,0,155"
Defect_L11_B84_el4147_H8_W8.npy,0.8384736766604505,"11613,49,0,0,84,60,0,0,132,517,1091,0,0,0,336,26,0,0,34"
Defect_L6_B114_el1477_H2_W2.npy,0.9818533926265959,"13687,90,2,0,44,42,0,0,29,48,0,0,0,0,0,0,0,0,0"
Defect_L4_B111_el5505_H8_W8.npy,0.7553435662028404,"10524,37,77,7,216,505,1,0,448,608,1121,0,0,0,338,20,0,0,40"
Defect_L9_B166_el2149_H2_W2.npy,0.9622005451154784,"13407,129,3,0,73,72,0,0,62,110,80,0,0,0,2,1,0,0,3"
NoiseDefectFree_000785.npy,1.0,"13942,0,0,0,0,0,0,0,0,0,0,0,0,0,0,0,0,0,0"
NoiseDefectFree_001410.npy,1.0,"13942,0,0,0,0,0,0,0,0,0,0,0,0,0,0,0,0,0,0"
NoiseDefectFree_000155.npy,1.0,"13942,0,0,0,0,0,0,0,0,0,0,0,0,0,0,0,0,0,0"
Defect_L13_B100_el2515_H4_W4.npy,0.8982212021230813,"12520,77,0,0,75,42,0,0,55,70,501,0,3,11,378,59,0,0,151"
NoiseDefectFree_003010.npy,1.0,"13942,0,0,0,0,0,0,0,0,0,0,0,0,0,0,0,0,0,0"
NoiseDefectFree_001687.npy,1.0,"13942,0,0,0,0,0,0,0,0,0,0,0,0,0,0,0,0,0,0"
NoiseDefectFree_004015.npy,0.9999282742791565,"13941,0,0,0,0,0,0,0,0,0,1,0,0,0,0,0,0,0,0"
Defect_L17_B125_el6177_H8_W8.npy,0.7770047338975756,"10822,41,10,0,339,115,0,0,123,761,914,2,0,7,687,0,11,0,110"
NoiseDefectFree_003864.npy,1.0,"13942,0,0,0,0,0,0,0,0,0,0,0,0,0,0,0,0,0,0"
NoiseDefectFree_002734.npy,1.0,"13942,0,0,0,0,0,0,0,0,0,0,0,0,0,0,0,0,0,0"
NoiseDefectFree_001896.npy,1.0,"13942,0,0,0,0,0,0,0,0,0,0,0,0,0,0,0,0,0,0"
Defect_L11_B302_el4153_H2_W2.npy,0.9711662602209152,"13531,1,0,0,0,0,0,0,0,54,247,0,0,0,57,8,0,0,44"
NoiseDefectFree_000570.npy,1.0,"13942,0,0,0,0,0,0,0,0,0,0,0,0,0,0,0,0,0,0"
Defect_L10_B63_el807_H2_W2.npy,0.9747525462630899,"13585,115,1,0,22,46,0,0,35,80,55,0,0,0,2,0,0,0,1"
Defect_L4_B227_el2853_H2_W2.npy,0.9821402955099698,"13689,46,2,4,54,38,0,0,37,52,11,0,0,0,6,3,0,0,0"
NoiseDefectFree_001817.npy,1.0,"13942,0,0,0,0,0,0,0,0,0,0,0,0,0,0,0,0,0,0"
Defect_L6_B59_el2817_H8_W8.npy,0.8720413140152059,"12145,133,6,0,277,408,0,0,237,448,232,0,0,0,23,17,0,0,16"
NoiseDefectFree_003395.npy,0.9999282742791565,"13941,0,0,0,0,0,0,0,0,0,1,0,0,0,0,0,0,0,0"
NoiseDefectFree_003328.npy,0.9999282742791565,"13941,0,0,0,0,0,0,0,0,0,1,0,0,0,0,0,0,0,0"
Defect_L17_B92_el2467_H4_W4.npy,0.8960694304977765,"12482,83,0,0,50,33,0,0,92,181,609,0,1,5,270,32,13,0,91"
Defect_L18_B219_el2837_H2_W2.npy,0.9622722708363219,"13416,11,0,0,11,0,0,0,0,6,256,0,0,0,123,48,4,0,67"
NoiseDefectFree_002976.npy,1.0,"13942,0,0,0,0,0,0,0,0,0,0,0,0,0,0,0,0,0,0"
NoiseDefectFree_000981.npy,1.0,"13942,0,0,0,0,0,0,0,0,0,0,0,0,0,0,0,0,0,0"
NoiseDefectFree_000191.npy,1.0,"13942,0,0,0,0,0,0,0,0,0,0,0,0,0,0,0,0,0,0"
Defect_L16_B77_el1839_H4_W4.npy,0.9267680390187921,"12921,19,0,0,16,43,0,0,16,60,424,0,5,1,208,90,2,0,137"
Defect_L6_B190_el5527_H4_W4.npy,0.9275570219480705,"12927,43,17,0,278,153,0,0,165,266,93,0,0,0,0,0,0,0,0"
NoiseDefectFree_000700.npy,1.0,"13942,0,0,0,0,0,0,0,0,0,0,0,0,0,0,0,0,0,0"
Defect_L8_B30_el457_H2_W2.npy,0.9709510830583847,"13537,90,2,0,22,62,0,0,46,134,48,0,0,0,0,0,0,0,1"
NoiseDefectFree_000607.npy,0.999856548558313,"13940,0,0,0,0,0,0,0,0,0,2,0,0,0,0,0,0,0,0"
NoiseDefectFree_000302.npy,1.0,"13942,0,0,0,0,0,0,0,0,0,0,0,0,0,0,0,0,0,0"
NoiseDefectFree_003421.npy,1.0,"13942,0,0,0,0,0,0,0,0,0,0,0,0,0,0,0,0,0,0"
Defect_L6_B12_el479_H8_W8.npy,0.8545402381293932,"11878,151,2,0,76,644,0,0,259,311,407,0,0,0,10,40,4,0,160"
NoiseDefectFree_001061.npy,1.0,"13942,0,0,0,0,0,0,0,0,0,0,0,0,0,0,0,0,0,0"
NoiseDefectFree_003445.npy,1.0,"13942,0,0,0,0,0,0,0,0,0,0,0,0,0,0,0,0,0,0"
NoiseDefectFree_001070.npy,1.0,"13942,0,0,0,0,0,0,0,0,0,0,0,0,0,0,0,0,0,0"
NoiseDefectFree_002206.npy,1.0,"13942,0,0,0,0,0,0,0,0,0,0,0,0,0,0,0,0,0,0"
Defect_L6_B91_el4490_H8_W8.npy,0.9288480849232534,"12941,33,12,0,60,130,0,0,203,399,161,0,0,0,0,3,0,0,0"
Defect_L4_B8_el451_H8_W8.npy,0.7694018074881652,"10723,83,57,4,83,824,0,0,288,455,912,0,0,0,326,14,1,0,172"
Defect_L11_B185_el5507_H4_W4.npy,0.8871037153923397,"12343,46,1,0,66,46,0,0,44,210,724,0,0,0,364,5,0,0,93"
Defect_L10_B248_el3477_H2_W2.npy,0.9691579400372974,"13509,45,3,0,58,56,0,0,53,122,87,0,0,0,1,7,0,0,1"
NoiseDefectFree_004643.npy,1.0,"13942,0,0,0,0,0,0,0,0,0,0,0,0,0,0,0,0,0,0"
Defect_L17_B330_el4521_H2_W2.npy,0.9840051642519008,"13719,0,0,0,0,0,0,0,0,0,154,0,0,0,33,5,1,0,30"
Defect_L13_B109_el1467_H2_W2.npy,0.9690144885956103,"13508,5,0,0,0,13,0,0,1,30,209,0,2,0,71,18,0,0,85"
Defect_L7_B401_el5827_H2_W2.npy,0.9627026251613828,"13422,21,1,0,72,57,0,0,75,234,60,0,0,0,0,0,0,0,0"
Defect_L2_B181_el2179_H2_W2.npy,0.968368957108019,"13497,81,9,1,67,61,0,0,34,59,90,0,0,0,7,8,0,0,28"
Defect_L7_B79_el2131_H4_W4.npy,0.8929852245015062,"12446,187,3,4,273,264,4,0,188,284,235,0,0,0,8,30,0,0,16"
Defect_L18_B331_el4523_H2_W2.npy,0.9837899870893703,"13716,0,0,0,0,0,0,0,0,5,145,0,0,0,37,6,1,0,32"
NoiseDefectFree_004894.npy,1.0,"13942,0,0,0,0,0,0,0,0,0,0,0,0,0,0,0,0,0,0"
NoiseDefectFree_000226.npy,1.0,"13942,0,0,0,0,0,0,0,0,0,0,0,0,0,0,0,0,0,0"
NoiseDefectFree_003355.npy,1.0,"13942,0,0,0,0,0,0,0,0,0,0,0,0,0,0,0,0,0,0"
Defect_L4_B399_el5539_H2_W2.npy,0.9709510830583847,"13530,20,15,8,68,65,0,0,43,159,34,0,0,0,0,0,0,0,0"
Defect_L9_B225_el2849_H2_W2.npy,0.9758284320757423,"13601,66,3,0,40,51,0,0,52,63,59,0,0,0,4,2,0,0,1"
NoiseDefectFree_003437.npy,1.0,"13942,0,0,0,0,0,0,0,0,0,0,0,0,0,0,0,0,0,0"
NoiseDefectFree_001694.npy,1.0,"13942,0,0,0,0,0,0,0,0,0,0,0,0,0,0,0,0,0,0"
Defect_L3_B46_el1147_H4_W4.npy,0.9021661167694736,"12560,176,20,7,114,351,1,0,127,191,277,0,0,0,38,3,0,0,77"
NoiseDefectFree_001046.npy,1.0,"13942,0,0,0,0,0,0,0,0,0,0,0,0,0,0,0,0,0,0"
NoiseDefectFree_003447.npy,1.0,"13942,0,0,0,0,0,0,0,0,0,0,0,0,0,0,0,0,0,0"
Defect_L12_B180_el5203_H4_W4.npy,0.9055372256491178,"12625,29,0,0,15,41,0,0,65,139,683,0,3,0,274,14,0,0,54"
Defect_L9_B85_el4154_H8_W8.npy,0.7430784679386028,"10329,100,10,0,330,495,0,0,346,629,1324,0,0,0,236,61,0,0,82"
Defect_L6_B391_el5523_H2_W2.npy,0.9745373691005594,"13585,15,10,0,71,62,0,0,31,168,0,0,0,0,0,0,0,0,0"
NoiseDefectFree_004736.npy,0.9999282742791565,"13941,0,0,0,0,0,0,0,0,1,0,0,0,0,0,0,0,0,0"
NoiseDefectFree_004497.npy,1.0,"13942,0,0,0,0,0,0,0,0,0,0,0,0,0,0,0,0,0,0"
NoiseDefectFree_001219.npy,1.0,"13942,0,0,0,0,0,0,0,0,0,0,0,0,0,0,0,0,0,0"
Defect_L16_B168_el4855_H4_W4.npy,0.9520872184765456,"13274,0,0,0,0,0,0,0,0,18,432,0,0,0,182,6,0,0,30"
Defect_L13_B118_el1485_H2_W2.npy,0.9632764309281309,"13428,1,0,0,2,11,0,0,0,27,226,0,2,0,59,38,1,0,147"
NoiseDefectFree_003988.npy,0.9999282742791565,"13941,0,0,0,0,0,0,0,0,0,1,0,0,0,0,0,0,0,0"
NoiseDefectFree_004912.npy,0.9999282742791565,"13941,0,0,0,0,0,0,0,0,1,0,0,0,0,0,0,0,0,0"
Defect_L5_B86_el4161_H8_W8.npy,0.7550566633194664,"10526,89,12,1,317,522,0,0,461,577,1168,0,0,0,214,20,0,0,35"
NoiseDefectFree_004494.npy,1.0,"13942,0,0,0,0,0,0,0,0,0,0,0,0,0,0,0,0,0,0"
Defect_L8_B201_el2503_H2_W2.npy,0.9622722708363219,"13416,115,3,0,114,89,0,0,57,82,60,0,0,0,1,4,0,0,1"
Defect_L16_B180_el5203_H4_W4.npy,0.9373834457036293,"13069,0,0,0,2,25,0,0,0,108,518,0,2,0,179,3,0,0,36"
Defect_L14_B35_el819_H4_W4.npy,0.9254769760436092,"12897,16,0,0,0,15,0,0,13,42,487,1,4,7,276,18,7,0,159"
NoiseDefectFree_000957.npy,1.0,"13942,0,0,0,0,0,0,0,0,0,0,0,0,0,0,0,0,0,0"
NoiseDefectFree_002870.npy,1.0,"13942,0,0,0,0,0,0,0,0,0,0,0,0,0,0,0,0,0,0"
NoiseDefectFree_004434.npy,0.9999282742791565,"13941,0,0,0,0,0,0,0,0,1,0,0,0,0,0,0,0,0,0"
NoiseDefectFree_004974.npy,1.0,"13942,0,0,0,0,0,0,0,0,0,0,0,0,0,0,0,0,0,0"
NoiseDefectFree_002962.npy,1.0,"13942,0,0,0,0,0,0,0,0,0,0,0,0,0,0,0,0,0,0"
NoiseDefectFree_002201.npy,1.0,"13942,0,0,0,0,0,0,0,0,0,0,0,0,0,0,0,0,0,0"
NoiseDefectFree_000099.npy,1.0,"13942,0,0,0,0,0,0,0,0,0,0,0,0,0,0,0,0,0,0"
Defect_L16_B178_el5195_H4_W4.npy,0.9137856835461197,"12740,0,0,0,1,0,0,0,0,126,661,0,3,2,355,7,1,0,46"
NoiseDefectFree_002558.npy,1.0,"13942,0,0,0,0,0,0,0,0,0,0,0,0,0,0,0,0,0,0"
Defect_L4_B175_el2167_H2_W2.npy,0.9720986945918807,"13547,90,3,7,82,75,0,0,45,66,13,0,0,0,0,6,0,0,8"
NoiseDefectFree_004200.npy,1.0,"13942,0,0,0,0,0,0,0,0,0,0,0,0,0,0,0,0,0,0"
Defect_L17_B24_el1137_H8_W8.npy,0.7724860134844355,"10759,297,0,0,158,214,0,0,188,620,956,7,0,3,495,18,12,0,215"
Defect_L13_B10_el133_H2_W2.npy,0.9675799741787405,"13486,0,0,0,0,0,0,0,0,11,281,0,4,0,60,6,1,0,93"
NoiseDefectFree_001649.npy,1.0,"13942,0,0,0,0,0,0,0,0,0,0,0,0,0,0,0,0,0,0"
Defect_L13_B66_el813_H2_W2.npy,0.9672930712953666,"13485,6,0,0,3,9,0,0,0,19,211,0,1,0,54,14,0,0,140"
Defect_L4_B14_el493_H8_W8.npy,0.7804475684980634,"10875,85,54,7,83,680,1,0,370,441,1033,0,0,0,159,57,1,0,96"
NoiseDefectFree_004500.npy,1.0,"13942,0,0,0,0,0,0,0,0,0,0,0,0,0,0,0,0,0,0"
NoiseDefectFree_001155.npy,1.0,"13942,0,0,0,0,0,0,0,0,0,0,0,0,0,0,0,0,0,0"
NoiseDefectFree_002256.npy,1.0,"13942,0,0,0,0,0,0,0,0,0,0,0,0,0,0,0,0,0,0"
NoiseDefectFree_003171.npy,1.0,"13942,0,0,0,0,0,0,0,0,0,0,0,0,0,0,0,0,0,0"
Defect_L9_B125_el1499_H2_W2.npy,0.9695882943623584,"13510,102,2,0,52,72,0,0,56,77,64,0,0,0,6,0,0,0,1"
Defect_L8_B191_el2483_H2_W2.npy,0.9602639506527041,"13388,103,1,0,126,95,0,0,61,107,56,0,0,0,2,1,0,0,2"
NoiseDefectFree_003109.npy,1.0,"13942,0,0,0,0,0,0,0,0,0,0,0,0,0,0,0,0,0,0"
NoiseDefectFree_004549.npy,1.0,"13942,0,0,0,0,0,0,0,0,0,0,0,0,0,0,0,0,0,0"
Defect_L8_B175_el5167_H4_W4.npy,0.8738344570362933,"12183,56,24,0,261,324,4,0,202,398,448,0,0,0,18,7,0,0,17"
NoiseDefectFree_002050.npy,1.0,"13942,0,0,0,0,0,0,0,0,0,0,0,0,0,0,0,0,0,0"
Defect_L6_B368_el5193_H2_W2.npy,0.9674365227370535,"13487,24,10,2,97,82,0,0,68,172,0,0,0,0,0,0,0,0,0"
Defect_L13_B8_el143_H4_W4.npy,0.9325778224071152,"12998,34,0,0,2,6,0,0,11,80,443,1,4,8,291,9,4,0,51"
Defect_L4_B53_el787_H2_W2.npy,0.973748386171281,"13572,75,4,5,28,56,0,0,32,96,64,0,0,0,0,0,0,0,10"
NoiseDefectFree_000263.npy,1.0,"13942,0,0,0,0,0,0,0,0,0,0,0,0,0,0,0,0,0,0"
NoiseDefectFree_004062.npy,1.0,"13942,0,0,0,0,0,0,0,0,0,0,0,0,0,0,0,0,0,0"
Defect_L17_B398_el5537_H2_W2.npy,0.9644957681824702,"13439,2,0,0,2,0,0,0,0,66,307,0,1,0,88,3,9,0,25"
Defect_L13_B216_el2817_H2_W2.npy,0.9729594032420026,"13565,0,0,0,0,0,0,0,0,5,206,0,0,0,81,23,0,0,62"
Defect_L10_B192_el2485_H2_W2.npy,0.966504088366088,"13471,106,1,0,84,60,0,0,45,86,76,0,0,0,5,5,0,0,3"
Defect_L12_B2_el117_H2_W2.npy,0.96879931143308,"13507,3,0,0,0,1,0,0,0,61,244,0,2,0,46,5,0,0,73"
NoiseDefectFree_001803.npy,1.0,"13942,0,0,0,0,0,0,0,0,0,0,0,0,0,0,0,0,0,0"
NoiseDefectFree_004737.npy,1.0,"13942,0,0,0,0,0,0,0,0,0,0,0,0,0,0,0,0,0,0"
NoiseDefectFree_002386.npy,1.0,"13942,0,0,0,0,0,0,0,0,0,0,0,0,0,0,0,0,0,0"
Defect_L19_B85_el2155_H4_W4.npy,0.8932721273848803,"12432,67,12,0,14,83,0,0,113,154,439,0,1,1,402,44,5,0,175"
Defect_L9_B352_el4863_H2_W2.npy,0.9873045474107015,"13763,16,6,0,21,26,0,0,23,87,0,0,0,0,0,0,0,0,0"
NoiseDefectFree_001960.npy,1.0,"13942,0,0,0,0,0,0,0,0,0,0,0,0,0,0,0,0,0,0"
NoiseDefectFree_002977.npy,1.0,"13942,0,0,0,0,0,0,0,0,0,0,0,0,0,0,0,0,0,0"
Defect_L5_B149_el4179_H4_W4.npy,0.8855974752546263,"12342,72,8,3,264,353,0,0,289,218,314,0,0,0,28,38,0,0,13"
NoiseDefectFree_001844.npy,1.0,"13942,0,0,0,0,0,0,0,0,0,0,0,0,0,0,0,0,0,0"
NoiseDefectFree_001735.npy,1.0,"13942,0,0,0,0,0,0,0,0,0,0,0,0,0,0,0,0,0,0"
NoiseDefectFree_002912.npy,1.0,"13942,0,0,0,0,0,0,0,0,0,0,0,0,0,0,0,0,0,0"
Defect_L10_B2_el122_H8_W8.npy,0.844498637211304,"11754,93,0,0,36,664,0,0,141,327,602,0,0,0,150,23,1,0,151"
NoiseDefectFree_001987.npy,1.0,"13942,0,0,0,0,0,0,0,0,0,0,0,0,0,0,0,0,0,0"
Defect_L3_B75_el3510_H8_W8.npy,0.7038444986372113,"9760,153,64,5,265,564,0,0,562,563,1302,0,0,0,549,42,2,0,111"
Defect_L12_B344_el4833_H2_W2.npy,0.9819251183474393,"13690,0,0,0,0,0,0,0,0,0,174,0,0,0,40,12,0,0,26"
Defect_L16_B170_el2157_H2_W2.npy,0.9799885238846651,"13663,0,0,0,0,0,0,0,0,0,150,0,2,0,53,23,1,0,50"
NoiseDefectFree_002812.npy,1.0,"13942,0,0,0,0,0,0,0,0,0,0,0,0,0,0,0,0,0,0"
NoiseDefectFree_000660.npy,1.0,"13942,0,0,0,0,0,0,0,0,0,0,0,0,0,0,0,0,0,0"
NoiseDefectFree_002512.npy,1.0,"13942,0,0,0,0,0,0,0,0,0,0,0,0,0,0,0,0,0,0"
NoiseDefectFree_004283.npy,1.0,"13942,0,0,0,0,0,0,0,0,0,0,0,0,0,0,0,0,0,0"
Defect_L4_B261_el3503_H2_W2.npy,0.9514416869889543,"13261,94,13,5,210,82,0,0,53,123,62,0,0,0,11,4,1,0,23"
Defect_L15_B53_el787_H2_W2.npy,0.9832879070434658,"13702,0,0,0,0,0,0,0,0,12,149,0,0,0,35,3,0,0,41"
Defect_L16_B33_el811_H4_W4.npy,0.9386745086788122,"13087,32,0,0,3,0,0,0,0,13,409,0,5,3,232,13,0,0,145"
NoiseDefectFree_001931.npy,1.0,"13942,0,0,0,0,0,0,0,0,0,0,0,0,0,0,0,0,0,0"
Defect_L2_B14_el141_H2_W2.npy,0.9691579400372974,"13506,206,6,2,15,91,0,0,22,94,0,0,0,0,0,0,0,0,0"
NoiseDefectFree_000198.npy,1.0,"13942,0,0,0,0,0,0,0,0,0,0,0,0,0,0,0,0,0,0"
Defect_L11_B53_el787_H2_W2.npy,0.9718835174293502,"13542,10,0,0,8,20,0,0,6,66,183,0,0,0,32,10,0,0,65"
NoiseDefectFree_002932.npy,0.9999282742791565,"13941,0,0,0,0,0,0,0,0,0,0,0,0,0,0,1,0,0,0"
Defect_L6_B445_el6199_H2_W2.npy,0.9773346722134557,"13625,11,14,0,68,48,0,0,32,144,0,0,0,0,0,0,0,0,0"
NoiseDefectFree_002328.npy,1.0,"13942,0,0,0,0,0,0,0,0,0,0,0,0,0,0,0,0,0,0"
NoiseDefectFree_004390.npy,1.0,"13942,0,0,0,0,0,0,0,0,0,0,0,0,0,0,0,0,0,0"
Defect_L18_B412_el5849_H2_W2.npy,0.9477119495050925,"13213,15,1,0,31,5,0,0,0,77,407,0,0,0,135,3,4,0,51"
NoiseDefectFree_004219.npy,1.0,"13942,0,0,0,0,0,0,0,0,0,0,0,0,0,0,0,0,0,0"
NoiseDefectFree_000203.npy,1.0,"13942,0,0,0,0,0,0,0,0,0,0,0,0,0,0,0,0,0,0"
NoiseDefectFree_003511.npy,1.0,"13942,0,0,0,0,0,0,0,0,0,0,0,0,0,0,0,0,0,0"
NoiseDefectFree_004932.npy,0.9999282742791565,"13941,0,0,0,0,0,0,0,0,0,1,0,0,0,0,0,0,0,0"
Defect_L3_B390_el5521_H2_W2.npy,0.9464208865299096,"13191,53,17,2,119,93,0,0,45,276,116,0,0,0,15,3,0,0,12"
Defect_L6_B53_el787_H2_W2.npy,0.9844355185769617,"13723,47,2,0,14,41,0,0,36,75,4,0,0,0,0,0,0,0,0"
NoiseDefectFree_001708.npy,1.0,"13942,0,0,0,0,0,0,0,0,0,0,0,0,0,0,0,0,0,0"
Defect_L11_B62_el2845_H8_W8.npy,0.8301534930426051,"11496,125,0,0,192,92,0,0,134,201,948,0,0,0,518,92,1,0,143"
Defect_L13_B128_el6198_H8_W8.npy,0.7889829292784393,"10996,31,0,0,375,235,0,0,175,466,778,5,4,25,776,1,2,0,73"
Defect_L18_B386_el5513_H2_W2.npy,0.9408980060249605,"13118,17,1,0,33,11,0,0,0,93,441,0,0,0,152,4,4,0,68"
Defect_L14_B34_el1494_H8_W8.npy,0.7823124372399942,"10878,168,0,0,224,264,0,0,169,234,1092,1,2,29,666,41,4,0,170"
Defect_L12_B275_el3815_H2_W2.npy,0.9613398364653565,"13403,0,0,0,1,10,0,0,0,75,308,0,0,0,79,17,1,0,48"
Defect_L10_B53_el787_H2_W2.npy,0.9717400659876632,"13544,83,2,0,15,37,0,0,51,103,90,0,0,0,5,7,0,0,5"
NoiseDefectFree_000855.npy,1.0,"13942,0,0,0,0,0,0,0,0,0,0,0,0,0,0,0,0,0,0"
NoiseDefectFree_004738.npy,1.0,"13942,0,0,0,0,0,0,0,0,0,0,0,0,0,0,0,0,0,0"
NoiseDefectFree_000699.npy,1.0,"13942,0,0,0,0,0,0,0,0,0,0,0,0,0,0,0,0,0,0"
NoiseDefectFree_003697.npy,1.0,"13942,0,0,0,0,0,0,0,0,0,0,0,0,0,0,0,0,0,0"
NoiseDefectFree_001637.npy,1.0,"13942,0,0,0,0,0,0,0,0,0,0,0,0,0,0,0,0,0,0"
Defect_L6_B182_el5495_H4_W4.npy,0.9106297518290059,"12689,35,6,0,226,166,0,0,127,513,179,0,0,0,0,1,0,0,0"
Defect_L7_B53_el2488_H8_W8.npy,0.889327212738488,"12397,123,3,5,159,421,2,0,291,237,208,0,0,0,15,57,0,0,24"
NoiseDefectFree_003582.npy,1.0,"13942,0,0,0,0,0,0,0,0,0,0,0,0,0,0,0,0,0,0"
NoiseDefectFree_001292.npy,1.0,"13942,0,0,0,0,0,0,0,0,0,0,0,0,0,0,0,0,0,0"
Defect_L15_B7_el139_H4_W4.npy,0.9444842920671352,"13157,5,0,0,0,0,0,0,0,49,443,0,7,1,231,5,0,0,44"
NoiseDefectFree_001854.npy,1.0,"13942,0,0,0,0,0,0,0,0,0,0,0,0,0,0,0,0,0,0"
Defect_L10_B130_el1509_H2_W2.npy,0.9761870606799599,"13606,71,0,0,39,50,0,0,25,63,56,0,0,0,5,5,0,0,22"
NoiseDefectFree_003764.npy,1.0,"13942,0,0,0,0,0,0,0,0,0,0,0,0,0,0,0,0,0,0"
NoiseDefectFree_003305.npy,1.0,"13942,0,0,0,0,0,0,0,0,0,0,0,0,0,0,0,0,0,0"
NoiseDefectFree_001496.npy,1.0,"13942,0,0,0,0,0,0,0,0,0,0,0,0,0,0,0,0,0,0"
Defect_L3_B157_el4495_H4_W4.npy,0.9653564768325922,"13459,39,6,0,75,69,0,0,81,198,15,0,0,0,0,0,0,0,0"
NoiseDefectFree_001999.npy,0.9999282742791565,"13941,0,0,0,0,0,0,0,0,0,1,0,0,0,0,0,0,0,0"
NoiseDefectFree_000664.npy,1.0,"13942,0,0,0,0,0,0,0,0,0,0,0,0,0,0,0,0,0,0"
NoiseDefectFree_003749.npy,1.0,"13942,0,0,0,0,0,0,0,0,0,0,0,0,0,0,0,0,0,0"
NoiseDefectFree_004414.npy,1.0,"13942,0,0,0,0,0,0,0,0,0,0,0,0,0,0,0,0,0,0"
Defect_L9_B340_el4825_H2_W2.npy,0.9832879070434658,"13709,30,7,0,32,35,0,0,16,106,7,0,0,0,0,0,0,0,0"
Defect_L6_B10_el465_H8_W8.npy,0.8408406254482858,"11696,95,2,0,87,685,0,0,188,378,556,0,0,0,18,29,1,0,207"
Defect_L13_B101_el4861_H8_W8.npy,0.8175297661741501,"11395,26,0,0,215,99,0,0,176,432,1033,0,3,0,517,2,0,0,44"
Defect_L11_B188_el5519_H4_W4.npy,0.8960694304977765,"12468,52,7,0,74,51,0,0,37,165,585,0,0,0,424,6,0,0,73"
Defect_L3_B324_el4495_H2_W2.npy,0.9835748099268398,"13713,21,3,1,39,30,0,0,23,112,0,0,0,0,0,0,0,0,0"
Defect_L8_B155_el1843_H2_W2.npy,0.9705924544541673,"13532,89,2,0,60,61,0,0,61,62,63,0,0,0,3,3,1,0,5"
Defect_L15_B24_el1137_H8_W8.npy,0.8466504088366088,"11765,140,0,0,34,40,0,0,20,345,868,0,7,0,555,19,0,0,149"
NoiseDefectFree_001307.npy,1.0,"13942,0,0,0,0,0,0,0,0,0,0,0,0,0,0,0,0,0,0"
Defect_L11_B292_el3849_H2_W2.npy,0.9695165686415148,"13508,1,0,0,0,14,0,0,1,50,223,0,0,0,81,10,0,0,54"
Defect_L15_B99_el1163_H2_W2.npy,0.9843637928561182,"13717,0,0,0,0,0,0,0,0,0,105,0,0,0,49,6,1,0,64"
Defect_L6_B400_el5541_H2_W2.npy,0.9822837469516569,"13692,8,9,0,41,46,0,0,31,115,0,0,0,0,0,0,0,0,0"
NoiseDefectFree_001664.npy,1.0,"13942,0,0,0,0,0,0,0,0,0,0,0,0,0,0,0,0,0,0"
Defect_L17_B166_el2149_H2_W2.npy,0.9682972313871755,"13492,17,0,0,14,0,0,0,0,5,212,0,1,0,94,22,10,0,75"
Defect_L12_B267_el3515_H2_W2.npy,0.960120499211017,"13386,0,0,0,2,19,0,0,4,50,274,0,1,0,120,23,0,0,63"
NoiseDefectFree_003628.npy,1.0,"13942,0,0,0,0,0,0,0,0,0,0,0,0,0,0,0,0,0,0"
NoiseDefectFree_002694.npy,1.0,"13942,0,0,0,0,0,0,0,0,0,0,0,0,0,0,0,0,0,0"
Defect_L5_B66_el3160_H8_W8.npy,0.863075598909769,"12026,107,6,6,216,504,1,0,409,210,370,0,0,0,35,40,1,0,11"
Defect_L7_B123_el1495_H2_W2.npy,0.9727442260794721,"13561,114,2,0,55,79,1,0,48,62,19,0,0,0,0,0,0,0,1"
NoiseDefectFree_003158.npy,1.0,"13942,0,0,0,0,0,0,0,0,0,0,0,0,0,0,0,0,0,0"
Defect_L6_B211_el2807_H2_W2.npy,0.9867307416439535,"13754,23,5,0,25,31,0,0,33,71,0,0,0,0,0,0,0,0,0"
NoiseDefectFree_001060.npy,1.0,"13942,0,0,0,0,0,0,0,0,0,0,0,0,0,0,0,0,0,0"
NoiseDefectFree_004637.npy,1.0,"13942,0,0,0,0,0,0,0,0,0,0,0,0,0,0,0,0,0,0"
NoiseDefectFree_003243.npy,1.0,"13942,0,0,0,0,0,0,0,0,0,0,0,0,0,0,0,0,0,0"
NoiseDefectFree_001679.npy,1.0,"13942,0,0,0,0,0,0,0,0,0,0,0,0,0,0,0,0,0,0"
Defect_L2_B127_el1503_H2_W2.npy,0.9672930712953666,"13482,100,8,1,48,76,0,0,35,63,77,0,0,0,11,8,2,0,31"
Defect_L15_B298_el3861_H2_W2.npy,0.9830727298809353,"13699,0,0,0,0,0,0,0,0,1,159,0,0,0,54,6,0,0,23"
Defect_L10_B171_el4867_H4_W4.npy,0.960407402094391,"13375,22,9,0,61,65,0,0,56,180,149,0,0,0,5,0,0,0,20"
NoiseDefectFree_001758.npy,1.0,"13942,0,0,0,0,0,0,0,0,0,0,0,0,0,0,0,0,0,0"
Defect_L9_B158_el2133_H2_W2.npy,0.9656433797159661,"13455,78,1,0,64,72,0,0,55,115,91,0,0,0,1,3,0,0,7"
Defect_L15_B78_el3818_H8_W8.npy,0.7934299239707359,"11021,47,0,0,269,106,0,0,209,389,1019,0,10,1,745,25,0,0,101"
Defect_L2_B111_el3143_H4_W4.npy,0.8993688136565773,"12539,98,14,9,168,195,0,0,128,285,389,0,0,0,44,8,0,0,65"
Defect_L4_B57_el1475_H4_W4.npy,0.9115621861999713,"12703,150,16,7,130,303,2,0,135,194,210,0,0,0,19,9,0,0,64"
NoiseDefectFree_002791.npy,1.0,"13942,0,0,0,0,0,0,0,0,0,0,0,0,0,0,0,0,0,0"
NoiseDefectFree_000864.npy,1.0,"13942,0,0,0,0,0,0,0,0,0,0,0,0,0,0,0,0,0,0"
Defect_L19_B63_el3139_H8_W8.npy,0.7243580547984507,"10041,168,4,0,467,281,0,0,257,611,1136,1,1,3,735,42,2,0,193"
NoiseDefectFree_001485.npy,1.0,"13942,0,0,0,0,0,0,0,0,0,0,0,0,0,0,0,0,0,0"
Defect_L5_B84_el2151_H4_W4.npy,0.9391765887247167,"13090,123,2,0,162,257,1,0,120,157,27,0,0,0,0,2,1,0,0"
Defect_L7_B8_el143_H4_W4.npy,0.935303399799168,"13040,47,4,12,8,388,0,0,158,149,110,0,0,0,0,5,0,0,21"
Defect_L2_B173_el5159_H4_W4.npy,0.8818677377707645,"12295,60,29,7,184,250,0,0,117,427,464,0,0,0,52,4,0,0,53"
Defect_L6_B136_el3827_H4_W4.npy,0.9291349878066275,"12950,62,10,0,220,250,0,0,173,221,56,0,0,0,0,0,0,0,0"
NoiseDefectFree_000207.npy,1.0,"13942,0,0,0,0,0,0,0,0,0,0,0,0,0,0,0,0,0,0"
NoiseDefectFree_004489.npy,1.0,"13942,0,0,0,0,0,0,0,0,0,0,0,0,0,0,0,0,0,0"
Defect_L13_B110_el5498_H8_W8.npy,0.7359776215750968,"10256,62,4,0,422,172,0,0,233,753,1117,1,5,26,789,6,0,0,96"
Defect_L5_B64_el3146_H8_W8.npy,0.8091378568354612,"11270,65,4,0,175,544,0,0,376,376,957,0,0,0,123,25,0,0,27"
Defect_L16_B270_el3521_H2_W2.npy,0.9825706498350308,"13699,0,0,0,0,0,0,0,0,1,144,0,2,0,54,13,0,0,29"
NoiseDefectFree_000503.npy,1.0,"13942,0,0,0,0,0,0,0,0,0,0,0,0,0,0,0,0,0,0"
Defect_L7_B198_el2497_H2_W2.npy,0.9589011619566776,"13367,135,3,2,148,93,2,0,54,92,43,0,0,0,1,2,0,0,0"
NoiseDefectFree_001029.npy,1.0,"13942,0,0,0,0,0,0,0,0,0,0,0,0,0,0,0,0,0,0"
NoiseDefectFree_003841.npy,0.9999282742791565,"13941,0,0,0,0,0,0,0,0,1,0,0,0,0,0,0,0,0,0"
Defect_L13_B12_el159_H4_W4.npy,0.9186630325634773,"12803,116,0,0,12,22,0,0,22,139,505,0,5,12,213,13,0,0,80"
Defect_L5_B381_el5503_H2_W2.npy,0.9776215750968297,"13625,22,7,0,77,43,0,0,27,141,0,0,0,0,0,0,0,0,0"
Defect_L3_B292_el3849_H2_W2.npy,0.9617701907904175,"13404,67,13,2,95,88,0,0,47,118,83,0,0,0,13,3,0,0,9"
Defect_L14_B302_el4153_H2_W2.npy,0.973031128962846,"13566,0,0,0,0,0,0,0,0,7,263,0,1,0,69,8,0,0,28"
NoiseDefectFree_002732.npy,0.9999282742791565,"13941,0,0,0,0,0,0,0,0,0,1,0,0,0,0,0,0,0,0"
Defect_L7_B252_el3485_H2_W2.npy,0.9694448429206713,"13516,53,4,0,84,78,0,0,61,118,28,0,0,0,0,0,0,0,0"
NoiseDefectFree_002455.npy,1.0,"13942,0,0,0,0,0,0,0,0,0,0,0,0,0,0,0,0,0,0"
Defect_L18_B75_el3510_H8_W8.npy,0.6976760866446707,"9727,132,27,0,442,486,0,0,415,480,1162,3,0,4,814,52,6,0,192"
NoiseDefectFree_003105.npy,1.0,"13942,0,0,0,0,0,0,0,0,0,0,0,0,0,0,0,0,0,0"
Defect_L2_B347_el4853_H2_W2.npy,0.9854396786687706,"13739,15,3,0,22,32,0,0,28,102,1,0,0,0,0,0,0,0,0"
Defect_L12_B33_el1487_H8_W8.npy,0.7852531917945775,"10944,271,1,0,203,232,0,0,77,316,1014,4,8,15,589,70,0,0,198"
NoiseDefectFree_003100.npy,1.0,"13942,0,0,0,0,0,0,0,0,0,0,0,0,0,0,0,0,0,0"
Defect_L15_B65_el811_H2_W2.npy,0.9842920671352747,"13716,0,0,0,0,0,0,0,0,0,116,0,0,0,32,6,0,0,72"
NoiseDefectFree_003562.npy,0.9999282742791565,"13941,0,0,0,0,0,0,0,0,1,0,0,0,0,0,0,0,0,0"
Defect_L14_B364_el5171_H2_W2.npy,0.9495050925261799,"13238,0,0,0,0,0,0,0,0,10,440,0,0,0,211,5,2,0,36"
NoiseDefectFree_000392.npy,1.0,"13942,0,0,0,0,0,0,0,0,0,0,0,0,0,0,0,0,0,0"
Defect_L9_B13_el486_H8_W8.npy,0.7813082771481853,"10828,138,8,2,103,641,0,0,398,456,960,0,0,0,116,75,3,0,214"
Defect_L17_B287_el3839_H2_W2.npy,0.9530196528475111,"13282,32,0,0,23,2,0,0,0,53,334,0,0,0,120,30,7,0,59"
Defect_L15_B295_el3855_H2_W2.npy,0.9838617128102137,"13710,0,0,0,0,0,0,0,0,0,138,0,0,0,57,6,0,0,31"
Defect_L10_B224_el2847_H2_W2.npy,0.9774063979342993,"13623,60,4,0,47,57,0,0,27,64,48,0,0,0,8,2,0,0,2"
NoiseDefectFree_002696.npy,1.0,"13942,0,0,0,0,0,0,0,0,0,0,0,0,0,0,0,0,0,0"
NoiseDefectFree_002028.npy,1.0,"13942,0,0,0,0,0,0,0,0,0,0,0,0,0,0,0,0,0,0"
Defect_L12_B216_el2817_H2_W2.npy,0.966934442691149,"13481,0,0,0,0,2,0,0,0,27,253,0,0,0,74,24,1,0,80"
NoiseDefectFree_002569.npy,1.0,"13942,0,0,0,0,0,0,0,0,0,0,0,0,0,0,0,0,0,0"
Defect_L15_B37_el827_H4_W4.npy,0.9403242002582126,"13098,7,0,0,5,15,0,0,0,16,377,0,5,0,176,25,3,0,215"
NoiseDefectFree_000065.npy,0.9999282742791565,"13941,0,0,0,0,0,0,0,0,0,1,0,0,0,0,0,0,0,0"
NoiseDefectFree_002063.npy,1.0,"13942,0,0,0,0,0,0,0,0,0,0,0,0,0,0,0,0,0,0"
Defect_L2_B226_el2851_H2_W2.npy,0.9764022378424904,"13612,56,5,4,59,43,0,0,35,44,59,0,0,0,4,9,0,0,12"
Defect_L5_B297_el3859_H2_W2.npy,0.9835748099268398,"13708,24,6,0,45,42,0,0,31,86,0,0,0,0,0,0,0,0,0"
Defect_L18_B29_el1459_H8_W8.npy,0.7095825563046909,"9893,387,0,0,431,302,0,0,230,506,1054,2,0,4,825,35,6,0,267"
Defect_L11_B1_el115_H4_W4.npy,0.9224644957681825,"12844,68,0,0,4,21,0,0,22,135,573,2,0,0,157,6,0,0,110"
Defect_L9_B362_el5167_H2_W2.npy,0.960694304977765,"13394,38,10,0,108,81,0,0,45,198,67,0,0,0,0,1,0,0,0"
NoiseDefectFree_004860.npy,0.9999282742791565,"13941,0,0,0,0,0,0,0,0,0,1,0,0,0,0,0,0,0,0"
NoiseDefectFree_004888.npy,1.0,"13942,0,0,0,0,0,0,0,0,0,0,0,0,0,0,0,0,0,0"
Defect_L12_B30_el457_H2_W2.npy,0.9708793573375413,"13536,3,0,0,0,5,0,0,0,44,222,0,0,0,51,5,0,0,76"
NoiseDefectFree_000879.npy,1.0,"13942,0,0,0,0,0,0,0,0,0,0,0,0,0,0,0,0,0,0"
Defect_L4_B174_el2165_H2_W2.npy,0.9716683402668197,"13543,103,6,5,73,80,0,0,43,67,5,0,0,0,1,9,0,0,7"
Defect_L2_B205_el5871_H4_W4.npy,0.8598479414718118,"11982,75,41,5,430,220,0,0,132,387,555,0,0,0,60,6,0,0,49"
Defect_L6_B169_el4859_H4_W4.npy,0.9625591737196959,"13417,19,13,0,79,87,0,0,127,191,9,0,0,0,0,0,0,0,0"
Defect_L18_B31_H8_W4.npy,0.8509539520872185,"11864,106,7,0,34,113,0,0,127,309,569,1,2,1,537,35,8,0,229"
Defect_L7_B331_el4523_H2_W2.npy,0.9842203414144313,"13722,24,8,1,33,37,0,0,19,98,0,0,0,0,0,0,0,0,0"
Defect_L18_B185_el2471_H2_W2.npy,0.9627743508822264,"13423,25,0,0,25,3,0,0,0,94,211,0,0,0,68,30,6,0,57"
NoiseDefectFree_001017.npy,1.0,"13942,0,0,0,0,0,0,0,0,0,0,0,0,0,0,0,0,0,0"
Defect_L19_B43_el2131_H8_W8.npy,0.719911060106154,"9970,312,1,0,446,286,0,0,275,497,1050,2,2,1,795,26,6,0,273"
Defect_L4_B93_el2471_H4_W4.npy,0.8998708937024817,"12534,141,9,14,205,224,0,0,136,295,308,0,0,0,16,15,0,0,45"
NoiseDefectFree_000996.npy,0.9999282742791565,"13941,0,0,0,0,0,0,0,0,0,1,0,0,0,0,0,0,0,0"
NoiseDefectFree_004298.npy,1.0,"13942,0,0,0,0,0,0,0,0,0,0,0,0,0,0,0,0,0,0"
NoiseDefectFree_000162.npy,1.0,"13942,0,0,0,0,0,0,0,0,0,0,0,0,0,0,0,0,0,0"
Defect_L16_B349_el4857_H2_W2.npy,0.9870176445273275,"13761,1,0,0,0,0,0,0,0,1,142,0,0,0,22,0,0,0,15"
Defect_L9_B245_el3187_H2_W2.npy,0.9748242719839334,"13586,56,5,0,61,52,0,0,47,76,56,0,0,0,3,0,0,0,0"
Defect_L11_B145_H4_W8.npy,0.8642949361641085,"12006,45,5,0,99,58,0,0,73,209,792,0,0,0,595,7,0,0,53"
Defect_L18_B127_el3507_H4_W4.npy,0.8660880791851958,"12075,85,2,0,73,121,0,0,88,161,634,1,1,0,546,35,6,1,113"
NoiseDefectFree_003844.npy,1.0,"13942,0,0,0,0,0,0,0,0,0,0,0,0,0,0,0,0,0,0"
NoiseDefectFree_001022.npy,1.0,"13942,0,0,0,0,0,0,0,0,0,0,0,0,0,0,0,0,0,0"
NoiseDefectFree_003074.npy,1.0,"13942,0,0,0,0,0,0,0,0,0,0,0,0,0,0,0,0,0,0"
Defect_L5_B278_el3821_H2_W2.npy,0.9806340553722565,"13669,35,3,0,59,55,0,0,41,80,0,0,0,0,0,0,0,0,0"
NoiseDefectFree_003944.npy,1.0,"13942,0,0,0,0,0,0,0,0,0,0,0,0,0,0,0,0,0,0"
NoiseDefectFree_001586.npy,1.0,"13942,0,0,0,0,0,0,0,0,0,0,0,0,0,0,0,0,0,0"
NoiseDefectFree_003153.npy,1.0,"13942,0,0,0,0,0,0,0,0,0,0,0,0,0,0,0,0,0,0"
Defect_L15_B41_el1127_H4_W4.npy,0.9298522450150624,"12950,4,0,0,0,1,0,0,50,68,541,1,5,0,142,35,0,0,145"
NoiseDefectFree_000776.npy,1.0,"13942,0,0,0,0,0,0,0,0,0,0,0,0,0,0,0,0,0,0"
Defect_L13_B204_el5867_H4_W4.npy,0.8673074164395352,"12088,5,0,0,29,34,0,0,44,417,733,0,4,8,502,4,7,0,67"
Defect_L11_B434_el6177_H2_W2.npy,0.9664323626452446,"13465,0,0,0,0,0,0,0,0,56,282,0,0,0,98,4,0,0,37"
Defect_L13_B289_el3843_H2_W2.npy,0.9553148759145029,"13315,0,0,0,0,5,0,0,0,44,337,0,4,0,146,34,1,0,56"
Defect_L3_B103_el1171_H2_W2.npy,0.9732463061253765,"13564,95,7,2,43,51,0,0,29,58,58,0,0,0,4,10,1,0,20"
Defect_L15_B50_el2467_H8_W8.npy,0.8107158226940181,"11294,147,0,0,189,55,0,0,209,367,987,0,5,0,523,38,1,0,127"
Defect_L4_B217_el6203_H4_W4.npy,0.8672356907186918,"12082,51,35,10,422,222,0,0,150,336,603,0,0,0,23,1,0,0,7"
NoiseDefectFree_002613.npy,1.0,"13942,0,0,0,0,0,0,0,0,0,0,0,0,0,0,0,0,0,0"
Defect_L17_B21_el829_H8_W8.npy,0.733682398508105,"10221,338,0,0,237,502,0,0,83,493,1138,0,0,6,723,46,8,0,147"
Defect_L3_B378_el5497_H2_W2.npy,0.9566776646105294,"13333,36,15,2,69,58,0,0,47,249,119,0,0,0,7,0,0,0,7"
Defect_L8_B14_el493_H8_W8.npy,0.7807344713814374,"10885,70,10,0,95,686,0,0,424,420,1024,0,0,0,168,52,1,0,107"
Defect_L17_B401_el5827_H2_W2.npy,0.9593315162817386,"13367,1,0,0,0,1,0,0,15,101,336,0,1,0,88,2,9,0,21"
Defect_L11_B429_el6167_H2_W2.npy,0.9686558599913929,"13497,0,0,0,0,0,0,0,0,66,275,0,0,0,65,1,0,0,38"
NoiseDefectFree_003891.npy,1.0,"13942,0,0,0,0,0,0,0,0,0,0,0,0,0,0,0,0,0,0"
NoiseDefectFree_003557.npy,1.0,"13942,0,0,0,0,0,0,0,0,0,0,0,0,0,0,0,0,0,0"
NoiseDefectFree_001529.npy,1.0,"13942,0,0,0,0,0,0,0,0,0,0,0,0,0,0,0,0,0,0"
NoiseDefectFree_001268.npy,1.0,"13942,0,0,0,0,0,0,0,0,0,0,0,0,0,0,0,0,0,0"
Defect_L4_B10_el465_H8_W8.npy,0.7999569645674939,"11150,104,66,3,57,712,2,0,135,511,762,0,0,0,105,46,0,0,289"
NoiseDefectFree_001900.npy,0.9999282742791565,"13941,0,0,0,0,0,0,0,0,0,0,0,0,0,0,1,0,0,0"
NoiseDefectFree_004659.npy,1.0,"13942,0,0,0,0,0,0,0,0,0,0,0,0,0,0,0,0,0,0"
NoiseDefectFree_003006.npy,1.0,"13942,0,0,0,0,0,0,0,0,0,0,0,0,0,0,0,0,0,0"
NoiseDefectFree_002735.npy,1.0,"13942,0,0,0,0,0,0,0,0,0,0,0,0,0,0,0,0,0,0"
NoiseDefectFree_000190.npy,1.0,"13942,0,0,0,0,0,0,0,0,0,0,0,0,0,0,0,0,0,0"
Defect_L2_B139_el1811_H2_W2.npy,0.9628460766030699,"13420,113,7,1,82,83,0,0,35,74,65,0,0,0,16,10,1,0,35"
NoiseDefectFree_002748.npy,1.0,"13942,0,0,0,0,0,0,0,0,0,0,0,0,0,0,0,0,0,0"
NoiseDefectFree_002048.npy,1.0,"13942,0,0,0,0,0,0,0,0,0,0,0,0,0,0,0,0,0,0"
Defect_L6_B212_el6183_H4_W4.npy,0.929206713527471,"12950,28,16,0,237,205,0,0,134,303,69,0,0,0,0,0,0,0,0"
NoiseDefectFree_002559.npy,1.0,"13942,0,0,0,0,0,0,0,0,0,0,0,0,0,0,0,0,0,0"
Defect_L13_B152_el4191_H4_W4.npy,0.9095538660163535,"12678,4,0,0,14,50,0,0,43,131,588,0,3,0,316,48,0,0,67"
Defect_L5_B155_el4487_H4_W4.npy,0.9776215750968297,"13630,19,6,0,18,33,0,0,78,147,11,0,0,0,0,0,0,0,0"
Defect_L8_B18_el149_H2_W2.npy,0.9710228087792282,"13538,168,1,0,25,91,0,0,31,84,4,0,0,0,0,0,0,0,0"
NoiseDefectFree_003386.npy,1.0,"13942,0,0,0,0,0,0,0,0,0,0,0,0,0,0,0,0,0,0"
NoiseDefectFree_004556.npy,1.0,"13942,0,0,0,0,0,0,0,0,0,0,0,0,0,0,0,0,0,0"
NoiseDefectFree_001185.npy,1.0,"13942,0,0,0,0,0,0,0,0,0,0,0,0,0,0,0,0,0,0"
Defect_L10_B451_el6211_H2_W2.npy,0.9711662602209152,"13537,15,23,0,54,58,0,0,41,149,65,0,0,0,0,0,0,0,0"
Defect_L12_B53_el2488_H8_W8.npy,0.8722564911777363,"12160,92,0,0,98,58,0,0,28,120,670,1,5,0,562,35,0,0,113"
Defect_L10_B185_el5507_H4_W4.npy,0.8835891550710084,"12315,72,30,0,274,269,0,0,174,358,351,0,0,0,50,10,0,0,39"
NoiseDefectFree_002434.npy,1.0,"13942,0,0,0,0,0,0,0,0,0,0,0,0,0,0,0,0,0,0"
Defect_L8_B80_el3832_H8_W8.npy,0.7706211447425046,"10744,97,36,7,258,680,5,0,381,408,865,0,0,0,320,46,0,0,95"
NoiseDefectFree_000770.npy,1.0,"13942,0,0,0,0,0,0,0,0,0,0,0,0,0,0,0,0,0,0"
NoiseDefectFree_001686.npy,0.9999282742791565,"13941,0,0,0,0,0,0,0,0,0,1,0,0,0,0,0,0,0,0"
Defect_L18_B285_el3835_H2_W2.npy,0.9444125663462918,"13167,33,5,0,30,35,0,0,0,100,339,0,0,0,123,33,3,0,74"
Defect_L9_B56_el1471_H4_W4.npy,0.8940611103141587,"12443,239,2,0,155,306,0,0,141,275,243,0,0,0,17,19,0,0,102"
NoiseDefectFree_004427.npy,0.9999282742791565,"13941,0,0,0,0,0,0,0,0,0,1,0,0,0,0,0,0,0,0"
NoiseDefectFree_000467.npy,0.999856548558313,"13940,0,0,0,0,0,0,0,0,2,0,0,0,0,0,0,0,0,0"
Defect_L15_B153_el4195_H4_W4.npy,0.9501506240137714,"13241,0,0,0,2,14,0,0,0,28,416,0,0,0,186,31,0,0,24"
Defect_L14_B369_el5195_H2_W2.npy,0.9682972313871755,"13500,0,0,0,0,0,0,0,0,7,293,0,3,0,101,2,1,0,35"
Defect_L9_B18_el808_H8_W8.npy,0.8008893989384593,"11100,274,11,0,168,675,0,0,234,413,634,0,0,0,107,52,0,0,274"
Defect_L3_B205_el2511_H2_W2.npy,0.9699469229665758,"13519,81,14,3,86,46,0,0,39,69,55,0,0,0,5,12,0,0,13"
NoiseDefectFree_000861.npy,1.0,"13942,0,0,0,0,0,0,0,0,0,0,0,0,0,0,0,0,0,0"
Defect_L4_B134_el1801_H2_W2.npy,0.9738201118921245,"13571,73,5,7,51,61,0,0,42,96,20,0,0,0,0,8,0,0,8"
